117.3250734,-120.1245968,90.4,-0.649448049,0.760405965,0
114.891777038574219,-122.202827453613281,90.400001525878906,-0.649448037147522,0.760405957698822,0.000000000000000
112.458473205566406,-124.281066894531250,80.800003051757812,-0.649448037147522,0.760405957698822,0.000000000000000
117.325073242187500,-120.124595642089844,87.199996948242188,-0.649448037147522,0.760405957698822,0.000000000000000
110.025177001953125,-126.359298706054688,87.199996948242188,-0.649448037147522,0.760405957698822,0.000000000000000
112.458473205566406,-124.281066894531250,87.199996948242188,-0.649448037147522,0.760405957698822,0.000000000000000
110.025177001953125,-126.359298706054688,90.400001525878906,-0.649448037147522,0.760405957698822,0.000000000000000
117.325073242187500,-120.124595642089844,80.800003051757812,-0.649448037147522,0.760405957698822,0.000000000000000
114.891777038574219,-122.202827453613281,84.000000000000000,-0.649448037147522,0.760405957698822,0.000000000000000
110.025177001953125,-126.359298706054688,80.800003051757812,-0.649448037147522,0.760405957698822,0.000000000000000
114.891777038574219,-122.202827453613281,87.199996948242188,-0.649448037147522,0.760405957698822,0.000000000000000
110.025177001953125,-126.359298706054688,84.000000000000000,-0.649448037147522,0.760405957698822,0.000000000000000
112.458473205566406,-124.281066894531250,90.400001525878906,-0.649448037147522,0.760405957698822,0.000000000000000
112.458473205566406,-124.281066894531250,84.000000000000000,-0.649448037147522,0.760405957698822,0.000000000000000
117.325073242187500,-120.124595642089844,84.000000000000000,-0.649448037147522,0.760405957698822,0.000000000000000
114.891777038574219,-122.202827453613281,80.800003051757812,-0.649448037147522,0.760405957698822,0.000000000000000
117.325073242187500,-120.124595642089844,93.599998474121094,-0.649448037147522,0.760405957698822,0.000000000000000
114.891777038574219,-122.202827453613281,93.599998474121094,-0.649448037147522,0.760405957698822,0.000000000000000
117.325073242187500,-120.124595642089844,96.800003051757812,-0.649448037147522,0.760405957698822,0.000000000000000
114.891777038574219,-122.202827453613281,96.800003051757812,-0.649448037147522,0.760405957698822,0.000000000000000
117.325073242187500,-120.124595642089844,103.199996948242188,-0.649448037147522,0.760405957698822,0.000000000000000
117.325073242187500,-120.124595642089844,100.000000000000000,-0.649448037147522,0.760405957698822,0.000000000000000
114.891777038574219,-122.202827453613281,103.199996948242188,-0.649448037147522,0.760405957698822,0.000000000000000
114.891777038574219,-122.202827453613281,100.000000000000000,-0.649448037147522,0.760405957698822,0.000000000000000
112.458473205566406,-124.281066894531250,93.599998474121094,-0.649448037147522,0.760405957698822,0.000000000000000
112.458473205566406,-124.281066894531250,100.000000000000000,-0.649448037147522,0.760405957698822,0.000000000000000
112.458473205566406,-124.281066894531250,96.800003051757812,-0.649448037147522,0.760405957698822,0.000000000000000
107.591880798339844,-128.437530517578125,90.400001525878906,-0.649448037147522,0.760405957698822,0.000000000000000
112.458473205566406,-124.281066894531250,103.199996948242188,-0.649448037147522,0.760405957698822,0.000000000000000
110.025177001953125,-126.359298706054688,93.599998474121094,-0.649448037147522,0.760405957698822,0.000000000000000
110.025177001953125,-126.359298706054688,103.199996948242188,-0.649448037147522,0.760405957698822,0.000000000000000
110.025177001953125,-126.359298706054688,100.000000000000000,-0.649448037147522,0.760405957698822,0.000000000000000
110.025177001953125,-126.359298706054688,96.800003051757812,-0.649448037147522,0.760405957698822,0.000000000000000
107.591880798339844,-128.437530517578125,93.599998474121094,-0.649448037147522,0.760405957698822,0.000000000000000
107.591880798339844,-128.437530517578125,96.800003051757812,-0.649448037147522,0.760405957698822,0.000000000000000
107.591880798339844,-128.437530517578125,103.199996948242188,-0.649448037147522,0.760405957698822,0.000000000000000
107.591880798339844,-128.437530517578125,100.000000000000000,-0.649448037147522,0.760405957698822,0.000000000000000
105.158576965332031,-130.515762329101562,103.199996948242188,-0.649448037147522,0.760405957698822,0.000000000000000
107.591880798339844,-128.437530517578125,87.199996948242188,-0.649448037147522,0.760405957698822,0.000000000000000
105.158576965332031,-130.515762329101562,100.000000000000000,-0.649448037147522,0.760405957698822,0.000000000000000
105.158576965332031,-130.515762329101562,96.800003051757812,-0.649448037147522,0.760405957698822,0.000000000000000
105.158576965332031,-130.515762329101562,93.599998474121094,-0.649448037147522,0.760405957698822,0.000000000000000
102.725280761718750,-132.593994140625000,100.000000000000000,-0.649448037147522,0.760405957698822,0.000000000000000
102.725280761718750,-132.593994140625000,103.199996948242188,-0.649448037147522,0.760405957698822,0.000000000000000
100.291976928710938,-134.672225952148438,103.199996948242188,-0.649448037147522,0.760405957698822,0.000000000000000
102.725280761718750,-132.593994140625000,93.599998474121094,-0.649448037147522,0.760405957698822,0.000000000000000
100.291976928710938,-134.672225952148438,100.000000000000000,-0.649448037147522,0.760405957698822,0.000000000000000
102.725280761718750,-132.593994140625000,96.800003051757812,-0.649448037147522,0.760405957698822,0.000000000000000
100.291976928710938,-134.672225952148438,93.599998474121094,-0.649448037147522,0.760405957698822,0.000000000000000
100.291976928710938,-134.672225952148438,96.800003051757812,-0.649448037147522,0.760405957698822,0.000000000000000
105.158576965332031,-130.515762329101562,84.000000000000000,-0.649448037147522,0.760405957698822,0.000000000000000
102.725280761718750,-132.593994140625000,84.000000000000000,-0.649448037147522,0.760405957698822,0.000000000000000
102.725280761718750,-132.593994140625000,80.800003051757812,-0.649448037147522,0.760405957698822,0.000000000000000
102.725280761718750,-132.593994140625000,90.400001525878906,-0.649448037147522,0.760405957698822,0.000000000000000
102.725280761718750,-132.593994140625000,87.199996948242188,-0.649448037147522,0.760405957698822,0.000000000000000
100.291976928710938,-134.672225952148438,84.000000000000000,-0.649448037147522,0.760405957698822,0.000000000000000
100.291976928710938,-134.672225952148438,80.800003051757812,-0.649448037147522,0.760405957698822,0.000000000000000
105.158576965332031,-130.515762329101562,80.800003051757812,-0.649448037147522,0.760405957698822,0.000000000000000
107.591880798339844,-128.437530517578125,80.800003051757812,-0.649448037147522,0.760405957698822,0.000000000000000
105.158576965332031,-130.515762329101562,90.400001525878906,-0.649448037147522,0.760405957698822,0.000000000000000
100.291976928710938,-134.672225952148438,87.199996948242188,-0.649448037147522,0.760405957698822,0.000000000000000
105.158576965332031,-130.515762329101562,87.199996948242188,-0.649448037147522,0.760405957698822,0.000000000000000
107.591880798339844,-128.437530517578125,84.000000000000000,-0.649448037147522,0.760405957698822,0.000000000000000
100.291976928710938,-134.672225952148438,90.400001525878906,-0.649448037147522,0.760405957698822,0.000000000000000
100.291976928710938,-134.672225952148438,67.199996948242188,-0.649448037147522,0.760405957698822,0.000000000000000
102.725280761718750,-132.593994140625000,67.199996948242188,-0.649448037147522,0.760405957698822,0.000000000000000
107.591880798339844,-128.437530517578125,70.400001525878906,-0.649448037147522,0.760405957698822,0.000000000000000
102.725280761718750,-132.593994140625000,70.400001525878906,-0.649448037147522,0.760405957698822,0.000000000000000
107.591880798339844,-128.437530517578125,67.199996948242188,-0.649448037147522,0.760405957698822,0.000000000000000
100.291976928710938,-134.672225952148438,73.599998474121094,-0.649448037147522,0.760405957698822,0.000000000000000
105.158576965332031,-130.515762329101562,73.599998474121094,-0.649448037147522,0.760405957698822,0.000000000000000
100.291976928710938,-134.672225952148438,76.800003051757812,-0.649448037147522,0.760405957698822,0.000000000000000
102.725280761718750,-132.593994140625000,73.599998474121094,-0.649448037147522,0.760405957698822,0.000000000000000
110.025177001953125,-126.359298706054688,67.199996948242188,-0.649448037147522,0.760405957698822,0.000000000000000
100.291976928710938,-134.672225952148438,70.400001525878906,-0.649448037147522,0.760405957698822,0.000000000000000
110.025177001953125,-126.359298706054688,70.400001525878906,-0.649448037147522,0.760405957698822,0.000000000000000
105.158576965332031,-130.515762329101562,67.199996948242188,-0.649448037147522,0.760405957698822,0.000000000000000
105.158576965332031,-130.515762329101562,76.800003051757812,-0.649448037147522,0.760405957698822,0.000000000000000
105.158576965332031,-130.515762329101562,70.400001525878906,-0.649448037147522,0.760405957698822,0.000000000000000
102.725280761718750,-132.593994140625000,76.800003051757812,-0.649448037147522,0.760405957698822,0.000000000000000
100.291976928710938,-134.672225952148438,64.000000000000000,-0.649448037147522,0.760405957698822,0.000000000000000
100.291976928710938,-134.672225952148438,57.599998474121094,-0.649448037147522,0.760405957698822,0.000000000000000
100.291976928710938,-134.672225952148438,60.799999237060547,-0.649448037147522,0.760405957698822,0.000000000000000
100.291976928710938,-134.672225952148438,54.400001525878906,-0.649448037147522,0.760405957698822,0.000000000000000
102.725280761718750,-132.593994140625000,60.799999237060547,-0.649448037147522,0.760405957698822,0.000000000000000
102.725280761718750,-132.593994140625000,64.000000000000000,-0.649448037147522,0.760405957698822,0.000000000000000
102.725280761718750,-132.593994140625000,57.599998474121094,-0.649448037147522,0.760405957698822,0.000000000000000
102.725280761718750,-132.593994140625000,54.400001525878906,-0.649448037147522,0.760405957698822,0.000000000000000
105.158576965332031,-130.515762329101562,64.000000000000000,-0.649448037147522,0.760405957698822,0.000000000000000
105.158576965332031,-130.515762329101562,57.599998474121094,-0.649448037147522,0.760405957698822,0.000000000000000
105.158576965332031,-130.515762329101562,60.799999237060547,-0.649448037147522,0.760405957698822,0.000000000000000
107.591880798339844,-128.437530517578125,73.599998474121094,-0.649448037147522,0.760405957698822,0.000000000000000
105.158576965332031,-130.515762329101562,54.400001525878906,-0.649448037147522,0.760405957698822,0.000000000000000
107.591880798339844,-128.437530517578125,54.400001525878906,-0.649448037147522,0.760405957698822,0.000000000000000
107.591880798339844,-128.437530517578125,57.599998474121094,-0.649448037147522,0.760405957698822,0.000000000000000
107.591880798339844,-128.437530517578125,64.000000000000000,-0.649448037147522,0.760405957698822,0.000000000000000
107.591880798339844,-128.437530517578125,60.799999237060547,-0.649448037147522,0.760405957698822,0.000000000000000
110.025177001953125,-126.359298706054688,60.799999237060547,-0.649448037147522,0.760405957698822,0.000000000000000
110.025177001953125,-126.359298706054688,57.599998474121094,-0.649448037147522,0.760405957698822,0.000000000000000
110.025177001953125,-126.359298706054688,64.000000000000000,-0.649448037147522,0.760405957698822,0.000000000000000
110.025177001953125,-126.359298706054688,54.400001525878906,-0.649448037147522,0.760405957698822,0.000000000000000
112.458473205566406,-124.281066894531250,54.400001525878906,-0.649448037147522,0.760405957698822,0.000000000000000
107.591880798339844,-128.437530517578125,76.800003051757812,-0.649448037147522,0.760405957698822,0.000000000000000
112.458473205566406,-124.281066894531250,57.599998474121094,-0.649448037147522,0.760405957698822,0.000000000000000
114.891777038574219,-122.202827453613281,54.400001525878906,-0.649448037147522,0.760405957698822,0.000000000000000
112.458473205566406,-124.281066894531250,60.799999237060547,-0.649448037147522,0.760405957698822,0.000000000000000
114.891777038574219,-122.202827453613281,57.599998474121094,-0.649448037147522,0.760405957698822,0.000000000000000
112.458473205566406,-124.281066894531250,64.000000000000000,-0.649448037147522,0.760405957698822,0.000000000000000
117.325073242187500,-120.124595642089844,54.400001525878906,-0.649448037147522,0.760405957698822,0.000000000000000
114.891777038574219,-122.202827453613281,60.799999237060547,-0.649448037147522,0.760405957698822,0.000000000000000
117.325073242187500,-120.124595642089844,57.599998474121094,-0.649448037147522,0.760405957698822,0.000000000000000
114.891777038574219,-122.202827453613281,64.000000000000000,-0.649448037147522,0.760405957698822,0.000000000000000
117.325073242187500,-120.124595642089844,60.799999237060547,-0.649448037147522,0.760405957698822,0.000000000000000
117.325073242187500,-120.124595642089844,64.000000000000000,-0.649448037147522,0.760405957698822,0.000000000000000
112.458473205566406,-124.281066894531250,76.800003051757812,-0.649448037147522,0.760405957698822,0.000000000000000
114.891777038574219,-122.202827453613281,70.400001525878906,-0.649448037147522,0.760405957698822,0.000000000000000
114.891777038574219,-122.202827453613281,76.800003051757812,-0.649448037147522,0.760405957698822,0.000000000000000
114.891777038574219,-122.202827453613281,67.199996948242188,-0.649448037147522,0.760405957698822,0.000000000000000
114.891777038574219,-122.202827453613281,73.599998474121094,-0.649448037147522,0.760405957698822,0.000000000000000
117.325073242187500,-120.124595642089844,73.599998474121094,-0.649448037147522,0.760405957698822,0.000000000000000
117.325073242187500,-120.124595642089844,76.800003051757812,-0.649448037147522,0.760405957698822,0.000000000000000
112.458473205566406,-124.281066894531250,73.599998474121094,-0.649448037147522,0.760405957698822,0.000000000000000
110.025177001953125,-126.359298706054688,73.599998474121094,-0.649448037147522,0.760405957698822,0.000000000000000
112.458473205566406,-124.281066894531250,67.199996948242188,-0.649448037147522,0.760405957698822,0.000000000000000
117.325073242187500,-120.124595642089844,70.400001525878906,-0.649448037147522,0.760405957698822,0.000000000000000
112.458473205566406,-124.281066894531250,70.400001525878906,-0.649448037147522,0.760405957698822,0.000000000000000
110.025177001953125,-126.359298706054688,76.800003051757812,-0.649448037147522,0.760405957698822,0.000000000000000
117.325073242187500,-120.124595642089844,67.199996948242188,-0.649448037147522,0.760405957698822,0.000000000000000
134.672241210937500,-100.291976928710938,90.400001525878906,-0.760405957698822,0.649448037147522,0.000000000000000
132.593994140625000,-102.725280761718750,90.400001525878906,-0.760405957698822,0.649448037147522,0.000000000000000
130.515762329101562,-105.158576965332031,80.800003051757812,-0.760405957698822,0.649448037147522,0.000000000000000
134.672241210937500,-100.291976928710938,87.199996948242188,-0.760405957698822,0.649448037147522,0.000000000000000
128.437530517578125,-107.591873168945312,87.199996948242188,-0.760405957698822,0.649448037147522,0.000000000000000
130.515762329101562,-105.158576965332031,87.199996948242188,-0.760405957698822,0.649448037147522,0.000000000000000
128.437530517578125,-107.591873168945312,90.400001525878906,-0.760405957698822,0.649448037147522,0.000000000000000
134.672241210937500,-100.291976928710938,80.800003051757812,-0.760405957698822,0.649448037147522,0.000000000000000
132.593994140625000,-102.725280761718750,84.000000000000000,-0.760405957698822,0.649448037147522,0.000000000000000
128.437530517578125,-107.591873168945312,80.800003051757812,-0.760405957698822,0.649448037147522,0.000000000000000
132.593994140625000,-102.725280761718750,87.199996948242188,-0.760405957698822,0.649448037147522,0.000000000000000
128.437530517578125,-107.591873168945312,84.000000000000000,-0.760405957698822,0.649448037147522,0.000000000000000
130.515762329101562,-105.158576965332031,90.400001525878906,-0.760405957698822,0.649448037147522,0.000000000000000
130.515762329101562,-105.158576965332031,84.000000000000000,-0.760405957698822,0.649448037147522,0.000000000000000
134.672241210937500,-100.291976928710938,84.000000000000000,-0.760405957698822,0.649448037147522,0.000000000000000
132.593994140625000,-102.725280761718750,80.800003051757812,-0.760405957698822,0.649448037147522,0.000000000000000
134.672241210937500,-100.291976928710938,93.599998474121094,-0.760405957698822,0.649448037147522,0.000000000000000
132.593994140625000,-102.725280761718750,93.599998474121094,-0.760405957698822,0.649448037147522,0.000000000000000
134.672241210937500,-100.291976928710938,96.800003051757812,-0.760405957698822,0.649448037147522,0.000000000000000
132.593994140625000,-102.725280761718750,96.800003051757812,-0.760405957698822,0.649448037147522,0.000000000000000
134.672241210937500,-100.291976928710938,103.199996948242188,-0.760405957698822,0.649448037147522,0.000000000000000
134.672241210937500,-100.291976928710938,100.000000000000000,-0.760405957698822,0.649448037147522,0.000000000000000
132.593994140625000,-102.725280761718750,103.199996948242188,-0.760405957698822,0.649448037147522,0.000000000000000
132.593994140625000,-102.725280761718750,100.000000000000000,-0.760405957698822,0.649448037147522,0.000000000000000
130.515762329101562,-105.158576965332031,93.599998474121094,-0.760405957698822,0.649448037147522,0.000000000000000
130.515762329101562,-105.158576965332031,100.000000000000000,-0.760405957698822,0.649448037147522,0.000000000000000
130.515762329101562,-105.158576965332031,96.800003051757812,-0.760405957698822,0.649448037147522,0.000000000000000
126.359298706054688,-110.025177001953125,90.400001525878906,-0.760405957698822,0.649448037147522,0.000000000000000
130.515762329101562,-105.158576965332031,103.199996948242188,-0.760405957698822,0.649448037147522,0.000000000000000
128.437530517578125,-107.591873168945312,93.599998474121094,-0.760405957698822,0.649448037147522,0.000000000000000
128.437530517578125,-107.591873168945312,103.199996948242188,-0.760405957698822,0.649448037147522,0.000000000000000
128.437530517578125,-107.591873168945312,100.000000000000000,-0.760405957698822,0.649448037147522,0.000000000000000
128.437530517578125,-107.591873168945312,96.800003051757812,-0.760405957698822,0.649448037147522,0.000000000000000
126.359298706054688,-110.025177001953125,93.599998474121094,-0.760405957698822,0.649448037147522,0.000000000000000
126.359298706054688,-110.025177001953125,96.800003051757812,-0.760405957698822,0.649448037147522,0.000000000000000
126.359298706054688,-110.025177001953125,103.199996948242188,-0.760405957698822,0.649448037147522,0.000000000000000
126.359298706054688,-110.025177001953125,100.000000000000000,-0.760405957698822,0.649448037147522,0.000000000000000
124.281066894531250,-112.458473205566406,103.199996948242188,-0.760405957698822,0.649448037147522,0.000000000000000
126.359298706054688,-110.025177001953125,87.199996948242188,-0.760405957698822,0.649448037147522,0.000000000000000
124.281066894531250,-112.458473205566406,100.000000000000000,-0.760405957698822,0.649448037147522,0.000000000000000
124.281066894531250,-112.458473205566406,96.800003051757812,-0.760405957698822,0.649448037147522,0.000000000000000
124.281066894531250,-112.458473205566406,93.599998474121094,-0.760405957698822,0.649448037147522,0.000000000000000
122.202835083007812,-114.891769409179688,100.000000000000000,-0.760405957698822,0.649448037147522,0.000000000000000
122.202835083007812,-114.891769409179688,103.199996948242188,-0.760405957698822,0.649448037147522,0.000000000000000
120.124595642089844,-117.325073242187500,103.199996948242188,-0.760405957698822,0.649448037147522,0.000000000000000
122.202835083007812,-114.891769409179688,93.599998474121094,-0.760405957698822,0.649448037147522,0.000000000000000
120.124595642089844,-117.325073242187500,100.000000000000000,-0.760405957698822,0.649448037147522,0.000000000000000
122.202835083007812,-114.891769409179688,96.800003051757812,-0.760405957698822,0.649448037147522,0.000000000000000
120.124595642089844,-117.325073242187500,93.599998474121094,-0.760405957698822,0.649448037147522,0.000000000000000
120.124595642089844,-117.325073242187500,96.800003051757812,-0.760405957698822,0.649448037147522,0.000000000000000
124.281066894531250,-112.458473205566406,84.000000000000000,-0.760405957698822,0.649448037147522,0.000000000000000
122.202835083007812,-114.891769409179688,84.000000000000000,-0.760405957698822,0.649448037147522,0.000000000000000
122.202835083007812,-114.891769409179688,80.800003051757812,-0.760405957698822,0.649448037147522,0.000000000000000
122.202835083007812,-114.891769409179688,90.400001525878906,-0.760405957698822,0.649448037147522,0.000000000000000
122.202835083007812,-114.891769409179688,87.199996948242188,-0.760405957698822,0.649448037147522,0.000000000000000
120.124595642089844,-117.325073242187500,84.000000000000000,-0.760405957698822,0.649448037147522,0.000000000000000
120.124595642089844,-117.325073242187500,80.800003051757812,-0.760405957698822,0.649448037147522,0.000000000000000
124.281066894531250,-112.458473205566406,80.800003051757812,-0.760405957698822,0.649448037147522,0.000000000000000
126.359298706054688,-110.025177001953125,80.800003051757812,-0.760405957698822,0.649448037147522,0.000000000000000
124.281066894531250,-112.458473205566406,90.400001525878906,-0.760405957698822,0.649448037147522,0.000000000000000
120.124595642089844,-117.325073242187500,87.199996948242188,-0.760405957698822,0.649448037147522,0.000000000000000
124.281066894531250,-112.458473205566406,87.199996948242188,-0.760405957698822,0.649448037147522,0.000000000000000
126.359298706054688,-110.025177001953125,84.000000000000000,-0.760405957698822,0.649448037147522,0.000000000000000
120.124595642089844,-117.325073242187500,90.400001525878906,-0.760405957698822,0.649448037147522,0.000000000000000
120.124595642089844,-117.325073242187500,67.199996948242188,-0.760405957698822,0.649448037147522,0.000000000000000
122.202835083007812,-114.891769409179688,67.199996948242188,-0.760405957698822,0.649448037147522,0.000000000000000
126.359298706054688,-110.025177001953125,70.400001525878906,-0.760405957698822,0.649448037147522,0.000000000000000
122.202835083007812,-114.891769409179688,70.400001525878906,-0.760405957698822,0.649448037147522,0.000000000000000
126.359298706054688,-110.025177001953125,67.199996948242188,-0.760405957698822,0.649448037147522,0.000000000000000
120.124595642089844,-117.325073242187500,73.599998474121094,-0.760405957698822,0.649448037147522,0.000000000000000
124.281066894531250,-112.458473205566406,73.599998474121094,-0.760405957698822,0.649448037147522,0.000000000000000
120.124595642089844,-117.325073242187500,76.800003051757812,-0.760405957698822,0.649448037147522,0.000000000000000
122.202835083007812,-114.891769409179688,73.599998474121094,-0.760405957698822,0.649448037147522,0.000000000000000
128.437530517578125,-107.591873168945312,67.199996948242188,-0.760405957698822,0.649448037147522,0.000000000000000
120.124595642089844,-117.325073242187500,70.400001525878906,-0.760405957698822,0.649448037147522,0.000000000000000
128.437530517578125,-107.591873168945312,70.400001525878906,-0.760405957698822,0.649448037147522,0.000000000000000
124.281066894531250,-112.458473205566406,67.199996948242188,-0.760405957698822,0.649448037147522,0.000000000000000
124.281066894531250,-112.458473205566406,76.800003051757812,-0.760405957698822,0.649448037147522,0.000000000000000
124.281066894531250,-112.458473205566406,70.400001525878906,-0.760405957698822,0.649448037147522,0.000000000000000
122.202835083007812,-114.891769409179688,76.800003051757812,-0.760405957698822,0.649448037147522,0.000000000000000
120.124595642089844,-117.325073242187500,64.000000000000000,-0.760405957698822,0.649448037147522,0.000000000000000
120.124595642089844,-117.325073242187500,57.599998474121094,-0.760405957698822,0.649448037147522,0.000000000000000
120.124595642089844,-117.325073242187500,60.799999237060547,-0.760405957698822,0.649448037147522,0.000000000000000
120.124595642089844,-117.325073242187500,54.400001525878906,-0.760405957698822,0.649448037147522,0.000000000000000
122.202835083007812,-114.891769409179688,60.799999237060547,-0.760405957698822,0.649448037147522,0.000000000000000
122.202835083007812,-114.891769409179688,64.000000000000000,-0.760405957698822,0.649448037147522,0.000000000000000
122.202835083007812,-114.891769409179688,57.599998474121094,-0.760405957698822,0.649448037147522,0.000000000000000
122.202835083007812,-114.891769409179688,54.400001525878906,-0.760405957698822,0.649448037147522,0.000000000000000
124.281066894531250,-112.458473205566406,64.000000000000000,-0.760405957698822,0.649448037147522,0.000000000000000
124.281066894531250,-112.458473205566406,57.599998474121094,-0.760405957698822,0.649448037147522,0.000000000000000
124.281066894531250,-112.458473205566406,60.799999237060547,-0.760405957698822,0.649448037147522,0.000000000000000
126.359298706054688,-110.025177001953125,73.599998474121094,-0.760405957698822,0.649448037147522,0.000000000000000
124.281066894531250,-112.458473205566406,54.400001525878906,-0.760405957698822,0.649448037147522,0.000000000000000
126.359298706054688,-110.025177001953125,54.400001525878906,-0.760405957698822,0.649448037147522,0.000000000000000
126.359298706054688,-110.025177001953125,57.599998474121094,-0.760405957698822,0.649448037147522,0.000000000000000
126.359298706054688,-110.025177001953125,64.000000000000000,-0.760405957698822,0.649448037147522,0.000000000000000
126.359298706054688,-110.025177001953125,60.799999237060547,-0.760405957698822,0.649448037147522,0.000000000000000
128.437530517578125,-107.591873168945312,60.799999237060547,-0.760405957698822,0.649448037147522,0.000000000000000
128.437530517578125,-107.591873168945312,57.599998474121094,-0.760405957698822,0.649448037147522,0.000000000000000
128.437530517578125,-107.591873168945312,64.000000000000000,-0.760405957698822,0.649448037147522,0.000000000000000
128.437530517578125,-107.591873168945312,54.400001525878906,-0.760405957698822,0.649448037147522,0.000000000000000
130.515762329101562,-105.158576965332031,54.400001525878906,-0.760405957698822,0.649448037147522,0.000000000000000
126.359298706054688,-110.025177001953125,76.800003051757812,-0.760405957698822,0.649448037147522,0.000000000000000
130.515762329101562,-105.158576965332031,57.599998474121094,-0.760405957698822,0.649448037147522,0.000000000000000
132.593994140625000,-102.725280761718750,54.400001525878906,-0.760405957698822,0.649448037147522,0.000000000000000
130.515762329101562,-105.158576965332031,60.799999237060547,-0.760405957698822,0.649448037147522,0.000000000000000
132.593994140625000,-102.725280761718750,57.599998474121094,-0.760405957698822,0.649448037147522,0.000000000000000
130.515762329101562,-105.158576965332031,64.000000000000000,-0.760405957698822,0.649448037147522,0.000000000000000
134.672241210937500,-100.291976928710938,54.400001525878906,-0.760405957698822,0.649448037147522,0.000000000000000
132.593994140625000,-102.725280761718750,60.799999237060547,-0.760405957698822,0.649448037147522,0.000000000000000
134.672241210937500,-100.291976928710938,57.599998474121094,-0.760405957698822,0.649448037147522,0.000000000000000
132.593994140625000,-102.725280761718750,64.000000000000000,-0.760405957698822,0.649448037147522,0.000000000000000
134.672241210937500,-100.291976928710938,60.799999237060547,-0.760405957698822,0.649448037147522,0.000000000000000
134.672241210937500,-100.291976928710938,64.000000000000000,-0.760405957698822,0.649448037147522,0.000000000000000
130.515762329101562,-105.158576965332031,76.800003051757812,-0.760405957698822,0.649448037147522,0.000000000000000
132.593994140625000,-102.725280761718750,70.400001525878906,-0.760405957698822,0.649448037147522,0.000000000000000
132.593994140625000,-102.725280761718750,76.800003051757812,-0.760405957698822,0.649448037147522,0.000000000000000
132.593994140625000,-102.725280761718750,67.199996948242188,-0.760405957698822,0.649448037147522,0.000000000000000
132.593994140625000,-102.725280761718750,73.599998474121094,-0.760405957698822,0.649448037147522,0.000000000000000
134.672241210937500,-100.291976928710938,73.599998474121094,-0.760405957698822,0.649448037147522,0.000000000000000
134.672241210937500,-100.291976928710938,76.800003051757812,-0.760405957698822,0.649448037147522,0.000000000000000
130.515762329101562,-105.158576965332031,73.599998474121094,-0.760405957698822,0.649448037147522,0.000000000000000
128.437530517578125,-107.591873168945312,73.599998474121094,-0.760405957698822,0.649448037147522,0.000000000000000
130.515762329101562,-105.158576965332031,67.199996948242188,-0.760405957698822,0.649448037147522,0.000000000000000
134.672241210937500,-100.291976928710938,70.400001525878906,-0.760405957698822,0.649448037147522,0.000000000000000
130.515762329101562,-105.158576965332031,70.400001525878906,-0.760405957698822,0.649448037147522,0.000000000000000
128.437530517578125,-107.591873168945312,76.800003051757812,-0.760405957698822,0.649448037147522,0.000000000000000
134.672241210937500,-100.291976928710938,67.199996948242188,-0.760405957698822,0.649448037147522,0.000000000000000
148.703323364257812,-77.989837646484375,90.400001525878906,-0.852640151977539,0.522498548030853,0.000000000000000
147.031326293945312,-80.718284606933594,90.400001525878906,-0.852640151977539,0.522498548030853,0.000000000000000
145.359329223632812,-83.446739196777344,80.800003051757812,-0.852640151977539,0.522498548030853,0.000000000000000
148.703323364257812,-77.989837646484375,87.199996948242188,-0.852640151977539,0.522498548030853,0.000000000000000
143.687332153320312,-86.175186157226562,87.199996948242188,-0.852640151977539,0.522498548030853,0.000000000000000
145.359329223632812,-83.446739196777344,87.199996948242188,-0.852640151977539,0.522498548030853,0.000000000000000
143.687332153320312,-86.175186157226562,90.400001525878906,-0.852640151977539,0.522498548030853,0.000000000000000
148.703323364257812,-77.989837646484375,80.800003051757812,-0.852640151977539,0.522498548030853,0.000000000000000
147.031326293945312,-80.718284606933594,84.000000000000000,-0.852640151977539,0.522498548030853,0.000000000000000
143.687332153320312,-86.175186157226562,80.800003051757812,-0.852640151977539,0.522498548030853,0.000000000000000
147.031326293945312,-80.718284606933594,87.199996948242188,-0.852640151977539,0.522498548030853,0.000000000000000
143.687332153320312,-86.175186157226562,84.000000000000000,-0.852640151977539,0.522498548030853,0.000000000000000
145.359329223632812,-83.446739196777344,90.400001525878906,-0.852640151977539,0.522498548030853,0.000000000000000
145.359329223632812,-83.446739196777344,84.000000000000000,-0.852640151977539,0.522498548030853,0.000000000000000
148.703323364257812,-77.989837646484375,84.000000000000000,-0.852640151977539,0.522498548030853,0.000000000000000
147.031326293945312,-80.718284606933594,80.800003051757812,-0.852640151977539,0.522498548030853,0.000000000000000
148.703323364257812,-77.989837646484375,93.599998474121094,-0.852640151977539,0.522498548030853,0.000000000000000
147.031326293945312,-80.718284606933594,93.599998474121094,-0.852640151977539,0.522498548030853,0.000000000000000
148.703323364257812,-77.989837646484375,96.800003051757812,-0.852640151977539,0.522498548030853,0.000000000000000
147.031326293945312,-80.718284606933594,96.800003051757812,-0.852640151977539,0.522498548030853,0.000000000000000
148.703323364257812,-77.989837646484375,103.199996948242188,-0.852640151977539,0.522498548030853,0.000000000000000
148.703323364257812,-77.989837646484375,100.000000000000000,-0.852640151977539,0.522498548030853,0.000000000000000
147.031326293945312,-80.718284606933594,103.199996948242188,-0.852640151977539,0.522498548030853,0.000000000000000
147.031326293945312,-80.718284606933594,100.000000000000000,-0.852640151977539,0.522498548030853,0.000000000000000
145.359329223632812,-83.446739196777344,93.599998474121094,-0.852640151977539,0.522498548030853,0.000000000000000
145.359329223632812,-83.446739196777344,100.000000000000000,-0.852640151977539,0.522498548030853,0.000000000000000
145.359329223632812,-83.446739196777344,96.800003051757812,-0.852640151977539,0.522498548030853,0.000000000000000
142.015335083007812,-88.903633117675781,90.400001525878906,-0.852640151977539,0.522498548030853,0.000000000000000
145.359329223632812,-83.446739196777344,103.199996948242188,-0.852640151977539,0.522498548030853,0.000000000000000
143.687332153320312,-86.175186157226562,93.599998474121094,-0.852640151977539,0.522498548030853,0.000000000000000
143.687332153320312,-86.175186157226562,103.199996948242188,-0.852640151977539,0.522498548030853,0.000000000000000
143.687332153320312,-86.175186157226562,100.000000000000000,-0.852640151977539,0.522498548030853,0.000000000000000
143.687332153320312,-86.175186157226562,96.800003051757812,-0.852640151977539,0.522498548030853,0.000000000000000
142.015335083007812,-88.903633117675781,93.599998474121094,-0.852640151977539,0.522498548030853,0.000000000000000
142.015335083007812,-88.903633117675781,96.800003051757812,-0.852640151977539,0.522498548030853,0.000000000000000
142.015335083007812,-88.903633117675781,103.199996948242188,-0.852640151977539,0.522498548030853,0.000000000000000
142.015335083007812,-88.903633117675781,100.000000000000000,-0.852640151977539,0.522498548030853,0.000000000000000
140.343338012695312,-91.632080078125000,103.199996948242188,-0.852640151977539,0.522498548030853,0.000000000000000
142.015335083007812,-88.903633117675781,87.199996948242188,-0.852640151977539,0.522498548030853,0.000000000000000
140.343338012695312,-91.632080078125000,100.000000000000000,-0.852640151977539,0.522498548030853,0.000000000000000
140.343338012695312,-91.632080078125000,96.800003051757812,-0.852640151977539,0.522498548030853,0.000000000000000
140.343338012695312,-91.632080078125000,93.599998474121094,-0.852640151977539,0.522498548030853,0.000000000000000
138.671340942382812,-94.360527038574219,100.000000000000000,-0.852640151977539,0.522498548030853,0.000000000000000
138.671340942382812,-94.360527038574219,103.199996948242188,-0.852640151977539,0.522498548030853,0.000000000000000
136.999343872070312,-97.088981628417969,103.199996948242188,-0.852640151977539,0.522498548030853,0.000000000000000
138.671340942382812,-94.360527038574219,93.599998474121094,-0.852640151977539,0.522498548030853,0.000000000000000
136.999343872070312,-97.088981628417969,100.000000000000000,-0.852640151977539,0.522498548030853,0.000000000000000
138.671340942382812,-94.360527038574219,96.800003051757812,-0.852640151977539,0.522498548030853,0.000000000000000
136.999343872070312,-97.088981628417969,93.599998474121094,-0.852640151977539,0.522498548030853,0.000000000000000
136.999343872070312,-97.088981628417969,96.800003051757812,-0.852640151977539,0.522498548030853,0.000000000000000
140.343338012695312,-91.632080078125000,84.000000000000000,-0.852640151977539,0.522498548030853,0.000000000000000
138.671340942382812,-94.360527038574219,84.000000000000000,-0.852640151977539,0.522498548030853,0.000000000000000
138.671340942382812,-94.360527038574219,80.800003051757812,-0.852640151977539,0.522498548030853,0.000000000000000
138.671340942382812,-94.360527038574219,90.400001525878906,-0.852640151977539,0.522498548030853,0.000000000000000
138.671340942382812,-94.360527038574219,87.199996948242188,-0.852640151977539,0.522498548030853,0.000000000000000
136.999343872070312,-97.088981628417969,84.000000000000000,-0.852640151977539,0.522498548030853,0.000000000000000
136.999343872070312,-97.088981628417969,80.800003051757812,-0.852640151977539,0.522498548030853,0.000000000000000
140.343338012695312,-91.632080078125000,80.800003051757812,-0.852640151977539,0.522498548030853,0.000000000000000
142.015335083007812,-88.903633117675781,80.800003051757812,-0.852640151977539,0.522498548030853,0.000000000000000
140.343338012695312,-91.632080078125000,90.400001525878906,-0.852640151977539,0.522498548030853,0.000000000000000
136.999343872070312,-97.088981628417969,87.199996948242188,-0.852640151977539,0.522498548030853,0.000000000000000
140.343338012695312,-91.632080078125000,87.199996948242188,-0.852640151977539,0.522498548030853,0.000000000000000
142.015335083007812,-88.903633117675781,84.000000000000000,-0.852640151977539,0.522498548030853,0.000000000000000
136.999343872070312,-97.088981628417969,90.400001525878906,-0.852640151977539,0.522498548030853,0.000000000000000
136.999343872070312,-97.088981628417969,67.199996948242188,-0.852640151977539,0.522498548030853,0.000000000000000
138.671340942382812,-94.360527038574219,67.199996948242188,-0.852640151977539,0.522498548030853,0.000000000000000
142.015335083007812,-88.903633117675781,70.400001525878906,-0.852640151977539,0.522498548030853,0.000000000000000
138.671340942382812,-94.360527038574219,70.400001525878906,-0.852640151977539,0.522498548030853,0.000000000000000
142.015335083007812,-88.903633117675781,67.199996948242188,-0.852640151977539,0.522498548030853,0.000000000000000
136.999343872070312,-97.088981628417969,73.599998474121094,-0.852640151977539,0.522498548030853,0.000000000000000
140.343338012695312,-91.632080078125000,73.599998474121094,-0.852640151977539,0.522498548030853,0.000000000000000
136.999343872070312,-97.088981628417969,76.800003051757812,-0.852640151977539,0.522498548030853,0.000000000000000
138.671340942382812,-94.360527038574219,73.599998474121094,-0.852640151977539,0.522498548030853,0.000000000000000
143.687332153320312,-86.175186157226562,67.199996948242188,-0.852640151977539,0.522498548030853,0.000000000000000
136.999343872070312,-97.088981628417969,70.400001525878906,-0.852640151977539,0.522498548030853,0.000000000000000
143.687332153320312,-86.175186157226562,70.400001525878906,-0.852640151977539,0.522498548030853,0.000000000000000
140.343338012695312,-91.632080078125000,67.199996948242188,-0.852640151977539,0.522498548030853,0.000000000000000
140.343338012695312,-91.632080078125000,76.800003051757812,-0.852640151977539,0.522498548030853,0.000000000000000
140.343338012695312,-91.632080078125000,70.400001525878906,-0.852640151977539,0.522498548030853,0.000000000000000
138.671340942382812,-94.360527038574219,76.800003051757812,-0.852640151977539,0.522498548030853,0.000000000000000
136.999343872070312,-97.088981628417969,64.000000000000000,-0.852640151977539,0.522498548030853,0.000000000000000
136.999343872070312,-97.088981628417969,57.599998474121094,-0.852640151977539,0.522498548030853,0.000000000000000
136.999343872070312,-97.088981628417969,60.799999237060547,-0.852640151977539,0.522498548030853,0.000000000000000
136.999343872070312,-97.088981628417969,54.400001525878906,-0.852640151977539,0.522498548030853,0.000000000000000
138.671340942382812,-94.360527038574219,60.799999237060547,-0.852640151977539,0.522498548030853,0.000000000000000
138.671340942382812,-94.360527038574219,64.000000000000000,-0.852640151977539,0.522498548030853,0.000000000000000
138.671340942382812,-94.360527038574219,57.599998474121094,-0.852640151977539,0.522498548030853,0.000000000000000
138.671340942382812,-94.360527038574219,54.400001525878906,-0.852640151977539,0.522498548030853,0.000000000000000
140.343338012695312,-91.632080078125000,64.000000000000000,-0.852640151977539,0.522498548030853,0.000000000000000
140.343338012695312,-91.632080078125000,57.599998474121094,-0.852640151977539,0.522498548030853,0.000000000000000
140.343338012695312,-91.632080078125000,60.799999237060547,-0.852640151977539,0.522498548030853,0.000000000000000
142.015335083007812,-88.903633117675781,73.599998474121094,-0.852640151977539,0.522498548030853,0.000000000000000
140.343338012695312,-91.632080078125000,54.400001525878906,-0.852640151977539,0.522498548030853,0.000000000000000
142.015335083007812,-88.903633117675781,54.400001525878906,-0.852640151977539,0.522498548030853,0.000000000000000
142.015335083007812,-88.903633117675781,57.599998474121094,-0.852640151977539,0.522498548030853,0.000000000000000
142.015335083007812,-88.903633117675781,64.000000000000000,-0.852640151977539,0.522498548030853,0.000000000000000
142.015335083007812,-88.903633117675781,60.799999237060547,-0.852640151977539,0.522498548030853,0.000000000000000
143.687332153320312,-86.175186157226562,60.799999237060547,-0.852640151977539,0.522498548030853,0.000000000000000
143.687332153320312,-86.175186157226562,57.599998474121094,-0.852640151977539,0.522498548030853,0.000000000000000
143.687332153320312,-86.175186157226562,64.000000000000000,-0.852640151977539,0.522498548030853,0.000000000000000
143.687332153320312,-86.175186157226562,54.400001525878906,-0.852640151977539,0.522498548030853,0.000000000000000
145.359329223632812,-83.446739196777344,54.400001525878906,-0.852640151977539,0.522498548030853,0.000000000000000
142.015335083007812,-88.903633117675781,76.800003051757812,-0.852640151977539,0.522498548030853,0.000000000000000
145.359329223632812,-83.446739196777344,57.599998474121094,-0.852640151977539,0.522498548030853,0.000000000000000
147.031326293945312,-80.718284606933594,54.400001525878906,-0.852640151977539,0.522498548030853,0.000000000000000
145.359329223632812,-83.446739196777344,60.799999237060547,-0.852640151977539,0.522498548030853,0.000000000000000
147.031326293945312,-80.718284606933594,57.599998474121094,-0.852640151977539,0.522498548030853,0.000000000000000
145.359329223632812,-83.446739196777344,64.000000000000000,-0.852640151977539,0.522498548030853,0.000000000000000
148.703323364257812,-77.989837646484375,54.400001525878906,-0.852640151977539,0.522498548030853,0.000000000000000
147.031326293945312,-80.718284606933594,60.799999237060547,-0.852640151977539,0.522498548030853,0.000000000000000
148.703323364257812,-77.989837646484375,57.599998474121094,-0.852640151977539,0.522498548030853,0.000000000000000
147.031326293945312,-80.718284606933594,64.000000000000000,-0.852640151977539,0.522498548030853,0.000000000000000
148.703323364257812,-77.989837646484375,60.799999237060547,-0.852640151977539,0.522498548030853,0.000000000000000
148.703323364257812,-77.989837646484375,64.000000000000000,-0.852640151977539,0.522498548030853,0.000000000000000
145.359329223632812,-83.446739196777344,76.800003051757812,-0.852640151977539,0.522498548030853,0.000000000000000
147.031326293945312,-80.718284606933594,70.400001525878906,-0.852640151977539,0.522498548030853,0.000000000000000
147.031326293945312,-80.718284606933594,76.800003051757812,-0.852640151977539,0.522498548030853,0.000000000000000
147.031326293945312,-80.718284606933594,67.199996948242188,-0.852640151977539,0.522498548030853,0.000000000000000
147.031326293945312,-80.718284606933594,73.599998474121094,-0.852640151977539,0.522498548030853,0.000000000000000
148.703323364257812,-77.989837646484375,73.599998474121094,-0.852640151977539,0.522498548030853,0.000000000000000
148.703323364257812,-77.989837646484375,76.800003051757812,-0.852640151977539,0.522498548030853,0.000000000000000
145.359329223632812,-83.446739196777344,73.599998474121094,-0.852640151977539,0.522498548030853,0.000000000000000
143.687332153320312,-86.175186157226562,73.599998474121094,-0.852640151977539,0.522498548030853,0.000000000000000
145.359329223632812,-83.446739196777344,67.199996948242188,-0.852640151977539,0.522498548030853,0.000000000000000
148.703323364257812,-77.989837646484375,70.400001525878906,-0.852640151977539,0.522498548030853,0.000000000000000
145.359329223632812,-83.446739196777344,70.400001525878906,-0.852640151977539,0.522498548030853,0.000000000000000
143.687332153320312,-86.175186157226562,76.800003051757812,-0.852640151977539,0.522498548030853,0.000000000000000
148.703323364257812,-77.989837646484375,67.199996948242188,-0.852640151977539,0.522498548030853,0.000000000000000
159.072830200195312,-53.767330169677734,90.400001525878906,-0.923879504203796,0.382683426141739,0.000000000000000
157.848251342773438,-56.723747253417969,90.400001525878906,-0.923879504203796,0.382683426141739,0.000000000000000
156.623657226562500,-59.680160522460938,80.800003051757812,-0.923879504203796,0.382683426141739,0.000000000000000
159.072830200195312,-53.767330169677734,87.199996948242188,-0.923879504203796,0.382683426141739,0.000000000000000
155.399063110351562,-62.636573791503906,87.199996948242188,-0.923879504203796,0.382683426141739,0.000000000000000
156.623657226562500,-59.680160522460938,87.199996948242188,-0.923879504203796,0.382683426141739,0.000000000000000
155.399063110351562,-62.636573791503906,90.400001525878906,-0.923879504203796,0.382683426141739,0.000000000000000
159.072830200195312,-53.767330169677734,80.800003051757812,-0.923879504203796,0.382683426141739,0.000000000000000
157.848251342773438,-56.723747253417969,84.000000000000000,-0.923879504203796,0.382683426141739,0.000000000000000
155.399063110351562,-62.636573791503906,80.800003051757812,-0.923879504203796,0.382683426141739,0.000000000000000
157.848251342773438,-56.723747253417969,87.199996948242188,-0.923879504203796,0.382683426141739,0.000000000000000
155.399063110351562,-62.636573791503906,84.000000000000000,-0.923879504203796,0.382683426141739,0.000000000000000
156.623657226562500,-59.680160522460938,90.400001525878906,-0.923879504203796,0.382683426141739,0.000000000000000
156.623657226562500,-59.680160522460938,84.000000000000000,-0.923879504203796,0.382683426141739,0.000000000000000
159.072830200195312,-53.767330169677734,84.000000000000000,-0.923879504203796,0.382683426141739,0.000000000000000
157.848251342773438,-56.723747253417969,80.800003051757812,-0.923879504203796,0.382683426141739,0.000000000000000
159.072830200195312,-53.767330169677734,93.599998474121094,-0.923879504203796,0.382683426141739,0.000000000000000
157.848251342773438,-56.723747253417969,93.599998474121094,-0.923879504203796,0.382683426141739,0.000000000000000
159.072830200195312,-53.767330169677734,96.800003051757812,-0.923879504203796,0.382683426141739,0.000000000000000
157.848251342773438,-56.723747253417969,96.800003051757812,-0.923879504203796,0.382683426141739,0.000000000000000
159.072830200195312,-53.767330169677734,103.199996948242188,-0.923879504203796,0.382683426141739,0.000000000000000
159.072830200195312,-53.767330169677734,100.000000000000000,-0.923879504203796,0.382683426141739,0.000000000000000
157.848251342773438,-56.723747253417969,103.199996948242188,-0.923879504203796,0.382683426141739,0.000000000000000
157.848251342773438,-56.723747253417969,100.000000000000000,-0.923879504203796,0.382683426141739,0.000000000000000
156.623657226562500,-59.680160522460938,93.599998474121094,-0.923879504203796,0.382683426141739,0.000000000000000
156.623657226562500,-59.680160522460938,100.000000000000000,-0.923879504203796,0.382683426141739,0.000000000000000
156.623657226562500,-59.680160522460938,96.800003051757812,-0.923879504203796,0.382683426141739,0.000000000000000
154.174484252929688,-65.592987060546875,90.400001525878906,-0.923879504203796,0.382683426141739,0.000000000000000
156.623657226562500,-59.680160522460938,103.199996948242188,-0.923879504203796,0.382683426141739,0.000000000000000
155.399063110351562,-62.636573791503906,93.599998474121094,-0.923879504203796,0.382683426141739,0.000000000000000
155.399063110351562,-62.636573791503906,103.199996948242188,-0.923879504203796,0.382683426141739,0.000000000000000
155.399063110351562,-62.636573791503906,100.000000000000000,-0.923879504203796,0.382683426141739,0.000000000000000
155.399063110351562,-62.636573791503906,96.800003051757812,-0.923879504203796,0.382683426141739,0.000000000000000
154.174484252929688,-65.592987060546875,93.599998474121094,-0.923879504203796,0.382683426141739,0.000000000000000
154.174484252929688,-65.592987060546875,96.800003051757812,-0.923879504203796,0.382683426141739,0.000000000000000
154.174484252929688,-65.592987060546875,103.199996948242188,-0.923879504203796,0.382683426141739,0.000000000000000
154.174484252929688,-65.592987060546875,100.000000000000000,-0.923879504203796,0.382683426141739,0.000000000000000
152.949890136718750,-68.549400329589844,103.199996948242188,-0.923879504203796,0.382683426141739,0.000000000000000
154.174484252929688,-65.592987060546875,87.199996948242188,-0.923879504203796,0.382683426141739,0.000000000000000
152.949890136718750,-68.549400329589844,100.000000000000000,-0.923879504203796,0.382683426141739,0.000000000000000
152.949890136718750,-68.549400329589844,96.800003051757812,-0.923879504203796,0.382683426141739,0.000000000000000
152.949890136718750,-68.549400329589844,93.599998474121094,-0.923879504203796,0.382683426141739,0.000000000000000
151.725311279296875,-71.505821228027344,100.000000000000000,-0.923879504203796,0.382683426141739,0.000000000000000
151.725311279296875,-71.505821228027344,103.199996948242188,-0.923879504203796,0.382683426141739,0.000000000000000
150.500717163085938,-74.462234497070312,103.199996948242188,-0.923879504203796,0.382683426141739,0.000000000000000
151.725311279296875,-71.505821228027344,93.599998474121094,-0.923879504203796,0.382683426141739,0.000000000000000
150.500717163085938,-74.462234497070312,100.000000000000000,-0.923879504203796,0.382683426141739,0.000000000000000
151.725311279296875,-71.505821228027344,96.800003051757812,-0.923879504203796,0.382683426141739,0.000000000000000
150.500717163085938,-74.462234497070312,93.599998474121094,-0.923879504203796,0.382683426141739,0.000000000000000
150.500717163085938,-74.462234497070312,96.800003051757812,-0.923879504203796,0.382683426141739,0.000000000000000
152.949890136718750,-68.549400329589844,84.000000000000000,-0.923879504203796,0.382683426141739,0.000000000000000
151.725311279296875,-71.505821228027344,84.000000000000000,-0.923879504203796,0.382683426141739,0.000000000000000
151.725311279296875,-71.505821228027344,80.800003051757812,-0.923879504203796,0.382683426141739,0.000000000000000
151.725311279296875,-71.505821228027344,90.400001525878906,-0.923879504203796,0.382683426141739,0.000000000000000
151.725311279296875,-71.505821228027344,87.199996948242188,-0.923879504203796,0.382683426141739,0.000000000000000
150.500717163085938,-74.462234497070312,84.000000000000000,-0.923879504203796,0.382683426141739,0.000000000000000
150.500717163085938,-74.462234497070312,80.800003051757812,-0.923879504203796,0.382683426141739,0.000000000000000
152.949890136718750,-68.549400329589844,80.800003051757812,-0.923879504203796,0.382683426141739,0.000000000000000
154.174484252929688,-65.592987060546875,80.800003051757812,-0.923879504203796,0.382683426141739,0.000000000000000
152.949890136718750,-68.549400329589844,90.400001525878906,-0.923879504203796,0.382683426141739,0.000000000000000
150.500717163085938,-74.462234497070312,87.199996948242188,-0.923879504203796,0.382683426141739,0.000000000000000
152.949890136718750,-68.549400329589844,87.199996948242188,-0.923879504203796,0.382683426141739,0.000000000000000
154.174484252929688,-65.592987060546875,84.000000000000000,-0.923879504203796,0.382683426141739,0.000000000000000
150.500717163085938,-74.462234497070312,90.400001525878906,-0.923879504203796,0.382683426141739,0.000000000000000
150.500717163085938,-74.462234497070312,67.199996948242188,-0.923879504203796,0.382683426141739,0.000000000000000
151.725311279296875,-71.505821228027344,67.199996948242188,-0.923879504203796,0.382683426141739,0.000000000000000
154.174484252929688,-65.592987060546875,70.400001525878906,-0.923879504203796,0.382683426141739,0.000000000000000
151.725311279296875,-71.505821228027344,70.400001525878906,-0.923879504203796,0.382683426141739,0.000000000000000
154.174484252929688,-65.592987060546875,67.199996948242188,-0.923879504203796,0.382683426141739,0.000000000000000
150.500717163085938,-74.462234497070312,73.599998474121094,-0.923879504203796,0.382683426141739,0.000000000000000
152.949890136718750,-68.549400329589844,73.599998474121094,-0.923879504203796,0.382683426141739,0.000000000000000
150.500717163085938,-74.462234497070312,76.800003051757812,-0.923879504203796,0.382683426141739,0.000000000000000
151.725311279296875,-71.505821228027344,73.599998474121094,-0.923879504203796,0.382683426141739,0.000000000000000
155.399063110351562,-62.636573791503906,67.199996948242188,-0.923879504203796,0.382683426141739,0.000000000000000
150.500717163085938,-74.462234497070312,70.400001525878906,-0.923879504203796,0.382683426141739,0.000000000000000
155.399063110351562,-62.636573791503906,70.400001525878906,-0.923879504203796,0.382683426141739,0.000000000000000
152.949890136718750,-68.549400329589844,67.199996948242188,-0.923879504203796,0.382683426141739,0.000000000000000
152.949890136718750,-68.549400329589844,76.800003051757812,-0.923879504203796,0.382683426141739,0.000000000000000
152.949890136718750,-68.549400329589844,70.400001525878906,-0.923879504203796,0.382683426141739,0.000000000000000
151.725311279296875,-71.505821228027344,76.800003051757812,-0.923879504203796,0.382683426141739,0.000000000000000
150.500717163085938,-74.462234497070312,64.000000000000000,-0.923879504203796,0.382683426141739,0.000000000000000
150.500717163085938,-74.462234497070312,57.599998474121094,-0.923879504203796,0.382683426141739,0.000000000000000
150.500717163085938,-74.462234497070312,60.799999237060547,-0.923879504203796,0.382683426141739,0.000000000000000
150.500717163085938,-74.462234497070312,54.400001525878906,-0.923879504203796,0.382683426141739,0.000000000000000
151.725311279296875,-71.505821228027344,60.799999237060547,-0.923879504203796,0.382683426141739,0.000000000000000
151.725311279296875,-71.505821228027344,64.000000000000000,-0.923879504203796,0.382683426141739,0.000000000000000
151.725311279296875,-71.505821228027344,57.599998474121094,-0.923879504203796,0.382683426141739,0.000000000000000
151.725311279296875,-71.505821228027344,54.400001525878906,-0.923879504203796,0.382683426141739,0.000000000000000
152.949890136718750,-68.549400329589844,64.000000000000000,-0.923879504203796,0.382683426141739,0.000000000000000
152.949890136718750,-68.549400329589844,57.599998474121094,-0.923879504203796,0.382683426141739,0.000000000000000
152.949890136718750,-68.549400329589844,60.799999237060547,-0.923879504203796,0.382683426141739,0.000000000000000
154.174484252929688,-65.592987060546875,73.599998474121094,-0.923879504203796,0.382683426141739,0.000000000000000
152.949890136718750,-68.549400329589844,54.400001525878906,-0.923879504203796,0.382683426141739,0.000000000000000
154.174484252929688,-65.592987060546875,54.400001525878906,-0.923879504203796,0.382683426141739,0.000000000000000
154.174484252929688,-65.592987060546875,57.599998474121094,-0.923879504203796,0.382683426141739,0.000000000000000
154.174484252929688,-65.592987060546875,64.000000000000000,-0.923879504203796,0.382683426141739,0.000000000000000
154.174484252929688,-65.592987060546875,60.799999237060547,-0.923879504203796,0.382683426141739,0.000000000000000
155.399063110351562,-62.636573791503906,60.799999237060547,-0.923879504203796,0.382683426141739,0.000000000000000
155.399063110351562,-62.636573791503906,57.599998474121094,-0.923879504203796,0.382683426141739,0.000000000000000
155.399063110351562,-62.636573791503906,64.000000000000000,-0.923879504203796,0.382683426141739,0.000000000000000
155.399063110351562,-62.636573791503906,54.400001525878906,-0.923879504203796,0.382683426141739,0.000000000000000
156.623657226562500,-59.680160522460938,54.400001525878906,-0.923879504203796,0.382683426141739,0.000000000000000
154.174484252929688,-65.592987060546875,76.800003051757812,-0.923879504203796,0.382683426141739,0.000000000000000
156.623657226562500,-59.680160522460938,57.599998474121094,-0.923879504203796,0.382683426141739,0.000000000000000
157.848251342773438,-56.723747253417969,54.400001525878906,-0.923879504203796,0.382683426141739,0.000000000000000
156.623657226562500,-59.680160522460938,60.799999237060547,-0.923879504203796,0.382683426141739,0.000000000000000
157.848251342773438,-56.723747253417969,57.599998474121094,-0.923879504203796,0.382683426141739,0.000000000000000
156.623657226562500,-59.680160522460938,64.000000000000000,-0.923879504203796,0.382683426141739,0.000000000000000
159.072830200195312,-53.767330169677734,54.400001525878906,-0.923879504203796,0.382683426141739,0.000000000000000
157.848251342773438,-56.723747253417969,60.799999237060547,-0.923879504203796,0.382683426141739,0.000000000000000
159.072830200195312,-53.767330169677734,57.599998474121094,-0.923879504203796,0.382683426141739,0.000000000000000
157.848251342773438,-56.723747253417969,64.000000000000000,-0.923879504203796,0.382683426141739,0.000000000000000
159.072830200195312,-53.767330169677734,60.799999237060547,-0.923879504203796,0.382683426141739,0.000000000000000
159.072830200195312,-53.767330169677734,64.000000000000000,-0.923879504203796,0.382683426141739,0.000000000000000
156.623657226562500,-59.680160522460938,76.800003051757812,-0.923879504203796,0.382683426141739,0.000000000000000
157.848251342773438,-56.723747253417969,70.400001525878906,-0.923879504203796,0.382683426141739,0.000000000000000
157.848251342773438,-56.723747253417969,76.800003051757812,-0.923879504203796,0.382683426141739,0.000000000000000
157.848251342773438,-56.723747253417969,67.199996948242188,-0.923879504203796,0.382683426141739,0.000000000000000
157.848251342773438,-56.723747253417969,73.599998474121094,-0.923879504203796,0.382683426141739,0.000000000000000
159.072830200195312,-53.767330169677734,73.599998474121094,-0.923879504203796,0.382683426141739,0.000000000000000
159.072830200195312,-53.767330169677734,76.800003051757812,-0.923879504203796,0.382683426141739,0.000000000000000
156.623657226562500,-59.680160522460938,73.599998474121094,-0.923879504203796,0.382683426141739,0.000000000000000
155.399063110351562,-62.636573791503906,73.599998474121094,-0.923879504203796,0.382683426141739,0.000000000000000
156.623657226562500,-59.680160522460938,67.199996948242188,-0.923879504203796,0.382683426141739,0.000000000000000
159.072830200195312,-53.767330169677734,70.400001525878906,-0.923879504203796,0.382683426141739,0.000000000000000
156.623657226562500,-59.680160522460938,70.400001525878906,-0.923879504203796,0.382683426141739,0.000000000000000
155.399063110351562,-62.636573791503906,76.800003051757812,-0.923879504203796,0.382683426141739,0.000000000000000
159.072830200195312,-53.767330169677734,67.199996948242188,-0.923879504203796,0.382683426141739,0.000000000000000
159.072830200195312,-53.767330169677734,37.599998474121094,-0.923879504203796,0.382683426141739,0.000000000000000
157.848251342773438,-56.723747253417969,37.599998474121094,-0.923879504203796,0.382683426141739,0.000000000000000
156.623657226562500,-59.680160522460938,28.000000000000000,-0.923879504203796,0.382683426141739,0.000000000000000
159.072830200195312,-53.767330169677734,34.400001525878906,-0.923879504203796,0.382683426141739,0.000000000000000
155.399063110351562,-62.636573791503906,34.400001525878906,-0.923879504203796,0.382683426141739,0.000000000000000
156.623657226562500,-59.680160522460938,34.400001525878906,-0.923879504203796,0.382683426141739,0.000000000000000
155.399063110351562,-62.636573791503906,37.599998474121094,-0.923879504203796,0.382683426141739,0.000000000000000
159.072830200195312,-53.767330169677734,28.000000000000000,-0.923879504203796,0.382683426141739,0.000000000000000
157.848251342773438,-56.723747253417969,31.200000762939453,-0.923879504203796,0.382683426141739,0.000000000000000
155.399063110351562,-62.636573791503906,28.000000000000000,-0.923879504203796,0.382683426141739,0.000000000000000
157.848251342773438,-56.723747253417969,34.400001525878906,-0.923879504203796,0.382683426141739,0.000000000000000
155.399063110351562,-62.636573791503906,31.200000762939453,-0.923879504203796,0.382683426141739,0.000000000000000
156.623657226562500,-59.680160522460938,37.599998474121094,-0.923879504203796,0.382683426141739,0.000000000000000
156.623657226562500,-59.680160522460938,31.200000762939453,-0.923879504203796,0.382683426141739,0.000000000000000
159.072830200195312,-53.767330169677734,31.200000762939453,-0.923879504203796,0.382683426141739,0.000000000000000
157.848251342773438,-56.723747253417969,28.000000000000000,-0.923879504203796,0.382683426141739,0.000000000000000
159.072830200195312,-53.767330169677734,40.799999237060547,-0.923879504203796,0.382683426141739,0.000000000000000
157.848251342773438,-56.723747253417969,40.799999237060547,-0.923879504203796,0.382683426141739,0.000000000000000
159.072830200195312,-53.767330169677734,44.000000000000000,-0.923879504203796,0.382683426141739,0.000000000000000
157.848251342773438,-56.723747253417969,44.000000000000000,-0.923879504203796,0.382683426141739,0.000000000000000
159.072830200195312,-53.767330169677734,50.400001525878906,-0.923879504203796,0.382683426141739,0.000000000000000
159.072830200195312,-53.767330169677734,47.200000762939453,-0.923879504203796,0.382683426141739,0.000000000000000
157.848251342773438,-56.723747253417969,50.400001525878906,-0.923879504203796,0.382683426141739,0.000000000000000
157.848251342773438,-56.723747253417969,47.200000762939453,-0.923879504203796,0.382683426141739,0.000000000000000
156.623657226562500,-59.680160522460938,40.799999237060547,-0.923879504203796,0.382683426141739,0.000000000000000
156.623657226562500,-59.680160522460938,47.200000762939453,-0.923879504203796,0.382683426141739,0.000000000000000
156.623657226562500,-59.680160522460938,44.000000000000000,-0.923879504203796,0.382683426141739,0.000000000000000
154.174484252929688,-65.592987060546875,37.599998474121094,-0.923879504203796,0.382683426141739,0.000000000000000
156.623657226562500,-59.680160522460938,50.400001525878906,-0.923879504203796,0.382683426141739,0.000000000000000
155.399063110351562,-62.636573791503906,40.799999237060547,-0.923879504203796,0.382683426141739,0.000000000000000
155.399063110351562,-62.636573791503906,50.400001525878906,-0.923879504203796,0.382683426141739,0.000000000000000
155.399063110351562,-62.636573791503906,47.200000762939453,-0.923879504203796,0.382683426141739,0.000000000000000
155.399063110351562,-62.636573791503906,44.000000000000000,-0.923879504203796,0.382683426141739,0.000000000000000
154.174484252929688,-65.592987060546875,40.799999237060547,-0.923879504203796,0.382683426141739,0.000000000000000
154.174484252929688,-65.592987060546875,44.000000000000000,-0.923879504203796,0.382683426141739,0.000000000000000
154.174484252929688,-65.592987060546875,50.400001525878906,-0.923879504203796,0.382683426141739,0.000000000000000
154.174484252929688,-65.592987060546875,47.200000762939453,-0.923879504203796,0.382683426141739,0.000000000000000
152.949890136718750,-68.549400329589844,50.400001525878906,-0.923879504203796,0.382683426141739,0.000000000000000
154.174484252929688,-65.592987060546875,34.400001525878906,-0.923879504203796,0.382683426141739,0.000000000000000
152.949890136718750,-68.549400329589844,47.200000762939453,-0.923879504203796,0.382683426141739,0.000000000000000
152.949890136718750,-68.549400329589844,44.000000000000000,-0.923879504203796,0.382683426141739,0.000000000000000
152.949890136718750,-68.549400329589844,40.799999237060547,-0.923879504203796,0.382683426141739,0.000000000000000
151.725311279296875,-71.505821228027344,47.200000762939453,-0.923879504203796,0.382683426141739,0.000000000000000
151.725311279296875,-71.505821228027344,50.400001525878906,-0.923879504203796,0.382683426141739,0.000000000000000
150.500717163085938,-74.462234497070312,50.400001525878906,-0.923879504203796,0.382683426141739,0.000000000000000
151.725311279296875,-71.505821228027344,40.799999237060547,-0.923879504203796,0.382683426141739,0.000000000000000
150.500717163085938,-74.462234497070312,47.200000762939453,-0.923879504203796,0.382683426141739,0.000000000000000
151.725311279296875,-71.505821228027344,44.000000000000000,-0.923879504203796,0.382683426141739,0.000000000000000
150.500717163085938,-74.462234497070312,40.799999237060547,-0.923879504203796,0.382683426141739,0.000000000000000
150.500717163085938,-74.462234497070312,44.000000000000000,-0.923879504203796,0.382683426141739,0.000000000000000
152.949890136718750,-68.549400329589844,31.200000762939453,-0.923879504203796,0.382683426141739,0.000000000000000
151.725311279296875,-71.505821228027344,31.200000762939453,-0.923879504203796,0.382683426141739,0.000000000000000
151.725311279296875,-71.505821228027344,28.000000000000000,-0.923879504203796,0.382683426141739,0.000000000000000
151.725311279296875,-71.505821228027344,37.599998474121094,-0.923879504203796,0.382683426141739,0.000000000000000
151.725311279296875,-71.505821228027344,34.400001525878906,-0.923879504203796,0.382683426141739,0.000000000000000
150.500717163085938,-74.462234497070312,31.200000762939453,-0.923879504203796,0.382683426141739,0.000000000000000
150.500717163085938,-74.462234497070312,28.000000000000000,-0.923879504203796,0.382683426141739,0.000000000000000
152.949890136718750,-68.549400329589844,28.000000000000000,-0.923879504203796,0.382683426141739,0.000000000000000
154.174484252929688,-65.592987060546875,28.000000000000000,-0.923879504203796,0.382683426141739,0.000000000000000
152.949890136718750,-68.549400329589844,37.599998474121094,-0.923879504203796,0.382683426141739,0.000000000000000
150.500717163085938,-74.462234497070312,34.400001525878906,-0.923879504203796,0.382683426141739,0.000000000000000
152.949890136718750,-68.549400329589844,34.400001525878906,-0.923879504203796,0.382683426141739,0.000000000000000
154.174484252929688,-65.592987060546875,31.200000762939453,-0.923879504203796,0.382683426141739,0.000000000000000
150.500717163085938,-74.462234497070312,37.599998474121094,-0.923879504203796,0.382683426141739,0.000000000000000
150.500717163085938,-74.462234497070312,14.399999618530273,-0.923879504203796,0.382683426141739,0.000000000000000
151.725311279296875,-71.505821228027344,14.399999618530273,-0.923879504203796,0.382683426141739,0.000000000000000
154.174484252929688,-65.592987060546875,17.600000381469727,-0.923879504203796,0.382683426141739,0.000000000000000
151.725311279296875,-71.505821228027344,17.600000381469727,-0.923879504203796,0.382683426141739,0.000000000000000
154.174484252929688,-65.592987060546875,14.399999618530273,-0.923879504203796,0.382683426141739,0.000000000000000
150.500717163085938,-74.462234497070312,20.799999237060547,-0.923879504203796,0.382683426141739,0.000000000000000
152.949890136718750,-68.549400329589844,20.799999237060547,-0.923879504203796,0.382683426141739,0.000000000000000
150.500717163085938,-74.462234497070312,24.000000000000000,-0.923879504203796,0.382683426141739,0.000000000000000
151.725311279296875,-71.505821228027344,20.799999237060547,-0.923879504203796,0.382683426141739,0.000000000000000
155.399063110351562,-62.636573791503906,14.399999618530273,-0.923879504203796,0.382683426141739,0.000000000000000
150.500717163085938,-74.462234497070312,17.600000381469727,-0.923879504203796,0.382683426141739,0.000000000000000
155.399063110351562,-62.636573791503906,17.600000381469727,-0.923879504203796,0.382683426141739,0.000000000000000
152.949890136718750,-68.549400329589844,14.399999618530273,-0.923879504203796,0.382683426141739,0.000000000000000
152.949890136718750,-68.549400329589844,24.000000000000000,-0.923879504203796,0.382683426141739,0.000000000000000
152.949890136718750,-68.549400329589844,17.600000381469727,-0.923879504203796,0.382683426141739,0.000000000000000
151.725311279296875,-71.505821228027344,24.000000000000000,-0.923879504203796,0.382683426141739,0.000000000000000
150.500717163085938,-74.462234497070312,11.199999809265137,-0.923879504203796,0.382683426141739,0.000000000000000
150.500717163085938,-74.462234497070312,4.800000190734863,-0.923879504203796,0.382683426141739,0.000000000000000
150.500717163085938,-74.462234497070312,8.000000000000000,-0.923879504203796,0.382683426141739,0.000000000000000
150.500717163085938,-74.462234497070312,1.600000023841858,-0.923879504203796,0.382683426141739,0.000000000000000
151.725311279296875,-71.505821228027344,8.000000000000000,-0.923879504203796,0.382683426141739,0.000000000000000
151.725311279296875,-71.505821228027344,11.199999809265137,-0.923879504203796,0.382683426141739,0.000000000000000
151.725311279296875,-71.505821228027344,4.800000190734863,-0.923879504203796,0.382683426141739,0.000000000000000
151.725311279296875,-71.505821228027344,1.600000023841858,-0.923879504203796,0.382683426141739,0.000000000000000
152.949890136718750,-68.549400329589844,11.199999809265137,-0.923879504203796,0.382683426141739,0.000000000000000
152.949890136718750,-68.549400329589844,4.800000190734863,-0.923879504203796,0.382683426141739,0.000000000000000
152.949890136718750,-68.549400329589844,8.000000000000000,-0.923879504203796,0.382683426141739,0.000000000000000
154.174484252929688,-65.592987060546875,20.799999237060547,-0.923879504203796,0.382683426141739,0.000000000000000
152.949890136718750,-68.549400329589844,1.600000023841858,-0.923879504203796,0.382683426141739,0.000000000000000
154.174484252929688,-65.592987060546875,1.600000023841858,-0.923879504203796,0.382683426141739,0.000000000000000
154.174484252929688,-65.592987060546875,4.800000190734863,-0.923879504203796,0.382683426141739,0.000000000000000
154.174484252929688,-65.592987060546875,11.199999809265137,-0.923879504203796,0.382683426141739,0.000000000000000
154.174484252929688,-65.592987060546875,8.000000000000000,-0.923879504203796,0.382683426141739,0.000000000000000
155.399063110351562,-62.636573791503906,8.000000000000000,-0.923879504203796,0.382683426141739,0.000000000000000
155.399063110351562,-62.636573791503906,4.800000190734863,-0.923879504203796,0.382683426141739,0.000000000000000
155.399063110351562,-62.636573791503906,11.199999809265137,-0.923879504203796,0.382683426141739,0.000000000000000
155.399063110351562,-62.636573791503906,1.600000023841858,-0.923879504203796,0.382683426141739,0.000000000000000
156.623657226562500,-59.680160522460938,1.600000023841858,-0.923879504203796,0.382683426141739,0.000000000000000
154.174484252929688,-65.592987060546875,24.000000000000000,-0.923879504203796,0.382683426141739,0.000000000000000
156.623657226562500,-59.680160522460938,4.800000190734863,-0.923879504203796,0.382683426141739,0.000000000000000
157.848251342773438,-56.723747253417969,1.600000023841858,-0.923879504203796,0.382683426141739,0.000000000000000
156.623657226562500,-59.680160522460938,8.000000000000000,-0.923879504203796,0.382683426141739,0.000000000000000
157.848251342773438,-56.723747253417969,4.800000190734863,-0.923879504203796,0.382683426141739,0.000000000000000
156.623657226562500,-59.680160522460938,11.199999809265137,-0.923879504203796,0.382683426141739,0.000000000000000
159.072830200195312,-53.767330169677734,1.600000023841858,-0.923879504203796,0.382683426141739,0.000000000000000
157.848251342773438,-56.723747253417969,8.000000000000000,-0.923879504203796,0.382683426141739,0.000000000000000
159.072830200195312,-53.767330169677734,4.800000190734863,-0.923879504203796,0.382683426141739,0.000000000000000
157.848251342773438,-56.723747253417969,11.199999809265137,-0.923879504203796,0.382683426141739,0.000000000000000
159.072830200195312,-53.767330169677734,8.000000000000000,-0.923879504203796,0.382683426141739,0.000000000000000
159.072830200195312,-53.767330169677734,11.199999809265137,-0.923879504203796,0.382683426141739,0.000000000000000
156.623657226562500,-59.680160522460938,24.000000000000000,-0.923879504203796,0.382683426141739,0.000000000000000
157.848251342773438,-56.723747253417969,17.600000381469727,-0.923879504203796,0.382683426141739,0.000000000000000
157.848251342773438,-56.723747253417969,24.000000000000000,-0.923879504203796,0.382683426141739,0.000000000000000
157.848251342773438,-56.723747253417969,14.399999618530273,-0.923879504203796,0.382683426141739,0.000000000000000
157.848251342773438,-56.723747253417969,20.799999237060547,-0.923879504203796,0.382683426141739,0.000000000000000
159.072830200195312,-53.767330169677734,20.799999237060547,-0.923879504203796,0.382683426141739,0.000000000000000
159.072830200195312,-53.767330169677734,24.000000000000000,-0.923879504203796,0.382683426141739,0.000000000000000
156.623657226562500,-59.680160522460938,20.799999237060547,-0.923879504203796,0.382683426141739,0.000000000000000
155.399063110351562,-62.636573791503906,20.799999237060547,-0.923879504203796,0.382683426141739,0.000000000000000
156.623657226562500,-59.680160522460938,14.399999618530273,-0.923879504203796,0.382683426141739,0.000000000000000
159.072830200195312,-53.767330169677734,17.600000381469727,-0.923879504203796,0.382683426141739,0.000000000000000
156.623657226562500,-59.680160522460938,17.600000381469727,-0.923879504203796,0.382683426141739,0.000000000000000
155.399063110351562,-62.636573791503906,24.000000000000000,-0.923879504203796,0.382683426141739,0.000000000000000
159.072830200195312,-53.767330169677734,14.399999618530273,-0.923879504203796,0.382683426141739,0.000000000000000
148.703323364257812,-77.989837646484375,37.599998474121094,-0.852640151977539,0.522498548030853,0.000000000000000
147.031326293945312,-80.718284606933594,37.599998474121094,-0.852640151977539,0.522498548030853,0.000000000000000
145.359329223632812,-83.446739196777344,28.000000000000000,-0.852640151977539,0.522498548030853,0.000000000000000
148.703323364257812,-77.989837646484375,34.400001525878906,-0.852640151977539,0.522498548030853,0.000000000000000
143.687332153320312,-86.175186157226562,34.400001525878906,-0.852640151977539,0.522498548030853,0.000000000000000
145.359329223632812,-83.446739196777344,34.400001525878906,-0.852640151977539,0.522498548030853,0.000000000000000
143.687332153320312,-86.175186157226562,37.599998474121094,-0.852640151977539,0.522498548030853,0.000000000000000
148.703323364257812,-77.989837646484375,28.000000000000000,-0.852640151977539,0.522498548030853,0.000000000000000
147.031326293945312,-80.718284606933594,31.200000762939453,-0.852640151977539,0.522498548030853,0.000000000000000
143.687332153320312,-86.175186157226562,28.000000000000000,-0.852640151977539,0.522498548030853,0.000000000000000
147.031326293945312,-80.718284606933594,34.400001525878906,-0.852640151977539,0.522498548030853,0.000000000000000
143.687332153320312,-86.175186157226562,31.200000762939453,-0.852640151977539,0.522498548030853,0.000000000000000
145.359329223632812,-83.446739196777344,37.599998474121094,-0.852640151977539,0.522498548030853,0.000000000000000
145.359329223632812,-83.446739196777344,31.200000762939453,-0.852640151977539,0.522498548030853,0.000000000000000
148.703323364257812,-77.989837646484375,31.200000762939453,-0.852640151977539,0.522498548030853,0.000000000000000
147.031326293945312,-80.718284606933594,28.000000000000000,-0.852640151977539,0.522498548030853,0.000000000000000
148.703323364257812,-77.989837646484375,40.799999237060547,-0.852640151977539,0.522498548030853,0.000000000000000
147.031326293945312,-80.718284606933594,40.799999237060547,-0.852640151977539,0.522498548030853,0.000000000000000
148.703323364257812,-77.989837646484375,44.000000000000000,-0.852640151977539,0.522498548030853,0.000000000000000
147.031326293945312,-80.718284606933594,44.000000000000000,-0.852640151977539,0.522498548030853,0.000000000000000
148.703323364257812,-77.989837646484375,50.400001525878906,-0.852640151977539,0.522498548030853,0.000000000000000
148.703323364257812,-77.989837646484375,47.200000762939453,-0.852640151977539,0.522498548030853,0.000000000000000
147.031326293945312,-80.718284606933594,50.400001525878906,-0.852640151977539,0.522498548030853,0.000000000000000
147.031326293945312,-80.718284606933594,47.200000762939453,-0.852640151977539,0.522498548030853,0.000000000000000
145.359329223632812,-83.446739196777344,40.799999237060547,-0.852640151977539,0.522498548030853,0.000000000000000
145.359329223632812,-83.446739196777344,47.200000762939453,-0.852640151977539,0.522498548030853,0.000000000000000
145.359329223632812,-83.446739196777344,44.000000000000000,-0.852640151977539,0.522498548030853,0.000000000000000
142.015335083007812,-88.903633117675781,37.599998474121094,-0.852640151977539,0.522498548030853,0.000000000000000
145.359329223632812,-83.446739196777344,50.400001525878906,-0.852640151977539,0.522498548030853,0.000000000000000
143.687332153320312,-86.175186157226562,40.799999237060547,-0.852640151977539,0.522498548030853,0.000000000000000
143.687332153320312,-86.175186157226562,50.400001525878906,-0.852640151977539,0.522498548030853,0.000000000000000
143.687332153320312,-86.175186157226562,47.200000762939453,-0.852640151977539,0.522498548030853,0.000000000000000
143.687332153320312,-86.175186157226562,44.000000000000000,-0.852640151977539,0.522498548030853,0.000000000000000
142.015335083007812,-88.903633117675781,40.799999237060547,-0.852640151977539,0.522498548030853,0.000000000000000
142.015335083007812,-88.903633117675781,44.000000000000000,-0.852640151977539,0.522498548030853,0.000000000000000
142.015335083007812,-88.903633117675781,50.400001525878906,-0.852640151977539,0.522498548030853,0.000000000000000
142.015335083007812,-88.903633117675781,47.200000762939453,-0.852640151977539,0.522498548030853,0.000000000000000
140.343338012695312,-91.632080078125000,50.400001525878906,-0.852640151977539,0.522498548030853,0.000000000000000
142.015335083007812,-88.903633117675781,34.400001525878906,-0.852640151977539,0.522498548030853,0.000000000000000
140.343338012695312,-91.632080078125000,47.200000762939453,-0.852640151977539,0.522498548030853,0.000000000000000
140.343338012695312,-91.632080078125000,44.000000000000000,-0.852640151977539,0.522498548030853,0.000000000000000
140.343338012695312,-91.632080078125000,40.799999237060547,-0.852640151977539,0.522498548030853,0.000000000000000
138.671340942382812,-94.360527038574219,47.200000762939453,-0.852640151977539,0.522498548030853,0.000000000000000
138.671340942382812,-94.360527038574219,50.400001525878906,-0.852640151977539,0.522498548030853,0.000000000000000
136.999343872070312,-97.088981628417969,50.400001525878906,-0.852640151977539,0.522498548030853,0.000000000000000
138.671340942382812,-94.360527038574219,40.799999237060547,-0.852640151977539,0.522498548030853,0.000000000000000
136.999343872070312,-97.088981628417969,47.200000762939453,-0.852640151977539,0.522498548030853,0.000000000000000
138.671340942382812,-94.360527038574219,44.000000000000000,-0.852640151977539,0.522498548030853,0.000000000000000
136.999343872070312,-97.088981628417969,40.799999237060547,-0.852640151977539,0.522498548030853,0.000000000000000
136.999343872070312,-97.088981628417969,44.000000000000000,-0.852640151977539,0.522498548030853,0.000000000000000
140.343338012695312,-91.632080078125000,31.200000762939453,-0.852640151977539,0.522498548030853,0.000000000000000
138.671340942382812,-94.360527038574219,31.200000762939453,-0.852640151977539,0.522498548030853,0.000000000000000
138.671340942382812,-94.360527038574219,28.000000000000000,-0.852640151977539,0.522498548030853,0.000000000000000
138.671340942382812,-94.360527038574219,37.599998474121094,-0.852640151977539,0.522498548030853,0.000000000000000
138.671340942382812,-94.360527038574219,34.400001525878906,-0.852640151977539,0.522498548030853,0.000000000000000
136.999343872070312,-97.088981628417969,31.200000762939453,-0.852640151977539,0.522498548030853,0.000000000000000
136.999343872070312,-97.088981628417969,28.000000000000000,-0.852640151977539,0.522498548030853,0.000000000000000
140.343338012695312,-91.632080078125000,28.000000000000000,-0.852640151977539,0.522498548030853,0.000000000000000
142.015335083007812,-88.903633117675781,28.000000000000000,-0.852640151977539,0.522498548030853,0.000000000000000
140.343338012695312,-91.632080078125000,37.599998474121094,-0.852640151977539,0.522498548030853,0.000000000000000
136.999343872070312,-97.088981628417969,34.400001525878906,-0.852640151977539,0.522498548030853,0.000000000000000
140.343338012695312,-91.632080078125000,34.400001525878906,-0.852640151977539,0.522498548030853,0.000000000000000
142.015335083007812,-88.903633117675781,31.200000762939453,-0.852640151977539,0.522498548030853,0.000000000000000
136.999343872070312,-97.088981628417969,37.599998474121094,-0.852640151977539,0.522498548030853,0.000000000000000
136.999343872070312,-97.088981628417969,14.399999618530273,-0.852640151977539,0.522498548030853,0.000000000000000
138.671340942382812,-94.360527038574219,14.399999618530273,-0.852640151977539,0.522498548030853,0.000000000000000
142.015335083007812,-88.903633117675781,17.600000381469727,-0.852640151977539,0.522498548030853,0.000000000000000
138.671340942382812,-94.360527038574219,17.600000381469727,-0.852640151977539,0.522498548030853,0.000000000000000
142.015335083007812,-88.903633117675781,14.399999618530273,-0.852640151977539,0.522498548030853,0.000000000000000
136.999343872070312,-97.088981628417969,20.799999237060547,-0.852640151977539,0.522498548030853,0.000000000000000
140.343338012695312,-91.632080078125000,20.799999237060547,-0.852640151977539,0.522498548030853,0.000000000000000
136.999343872070312,-97.088981628417969,24.000000000000000,-0.852640151977539,0.522498548030853,0.000000000000000
138.671340942382812,-94.360527038574219,20.799999237060547,-0.852640151977539,0.522498548030853,0.000000000000000
143.687332153320312,-86.175186157226562,14.399999618530273,-0.852640151977539,0.522498548030853,0.000000000000000
136.999343872070312,-97.088981628417969,17.600000381469727,-0.852640151977539,0.522498548030853,0.000000000000000
143.687332153320312,-86.175186157226562,17.600000381469727,-0.852640151977539,0.522498548030853,0.000000000000000
140.343338012695312,-91.632080078125000,14.399999618530273,-0.852640151977539,0.522498548030853,0.000000000000000
140.343338012695312,-91.632080078125000,24.000000000000000,-0.852640151977539,0.522498548030853,0.000000000000000
140.343338012695312,-91.632080078125000,17.600000381469727,-0.852640151977539,0.522498548030853,0.000000000000000
138.671340942382812,-94.360527038574219,24.000000000000000,-0.852640151977539,0.522498548030853,0.000000000000000
136.999343872070312,-97.088981628417969,11.199999809265137,-0.852640151977539,0.522498548030853,0.000000000000000
136.999343872070312,-97.088981628417969,4.800000190734863,-0.852640151977539,0.522498548030853,0.000000000000000
136.999343872070312,-97.088981628417969,8.000000000000000,-0.852640151977539,0.522498548030853,0.000000000000000
136.999343872070312,-97.088981628417969,1.600000023841858,-0.852640151977539,0.522498548030853,0.000000000000000
138.671340942382812,-94.360527038574219,8.000000000000000,-0.852640151977539,0.522498548030853,0.000000000000000
138.671340942382812,-94.360527038574219,11.199999809265137,-0.852640151977539,0.522498548030853,0.000000000000000
138.671340942382812,-94.360527038574219,4.800000190734863,-0.852640151977539,0.522498548030853,0.000000000000000
138.671340942382812,-94.360527038574219,1.600000023841858,-0.852640151977539,0.522498548030853,0.000000000000000
140.343338012695312,-91.632080078125000,11.199999809265137,-0.852640151977539,0.522498548030853,0.000000000000000
140.343338012695312,-91.632080078125000,4.800000190734863,-0.852640151977539,0.522498548030853,0.000000000000000
140.343338012695312,-91.632080078125000,8.000000000000000,-0.852640151977539,0.522498548030853,0.000000000000000
142.015335083007812,-88.903633117675781,20.799999237060547,-0.852640151977539,0.522498548030853,0.000000000000000
140.343338012695312,-91.632080078125000,1.600000023841858,-0.852640151977539,0.522498548030853,0.000000000000000
142.015335083007812,-88.903633117675781,1.600000023841858,-0.852640151977539,0.522498548030853,0.000000000000000
142.015335083007812,-88.903633117675781,4.800000190734863,-0.852640151977539,0.522498548030853,0.000000000000000
142.015335083007812,-88.903633117675781,11.199999809265137,-0.852640151977539,0.522498548030853,0.000000000000000
142.015335083007812,-88.903633117675781,8.000000000000000,-0.852640151977539,0.522498548030853,0.000000000000000
143.687332153320312,-86.175186157226562,8.000000000000000,-0.852640151977539,0.522498548030853,0.000000000000000
143.687332153320312,-86.175186157226562,4.800000190734863,-0.852640151977539,0.522498548030853,0.000000000000000
143.687332153320312,-86.175186157226562,11.199999809265137,-0.852640151977539,0.522498548030853,0.000000000000000
143.687332153320312,-86.175186157226562,1.600000023841858,-0.852640151977539,0.522498548030853,0.000000000000000
145.359329223632812,-83.446739196777344,1.600000023841858,-0.852640151977539,0.522498548030853,0.000000000000000
142.015335083007812,-88.903633117675781,24.000000000000000,-0.852640151977539,0.522498548030853,0.000000000000000
145.359329223632812,-83.446739196777344,4.800000190734863,-0.852640151977539,0.522498548030853,0.000000000000000
147.031326293945312,-80.718284606933594,1.600000023841858,-0.852640151977539,0.522498548030853,0.000000000000000
145.359329223632812,-83.446739196777344,8.000000000000000,-0.852640151977539,0.522498548030853,0.000000000000000
147.031326293945312,-80.718284606933594,4.800000190734863,-0.852640151977539,0.522498548030853,0.000000000000000
145.359329223632812,-83.446739196777344,11.199999809265137,-0.852640151977539,0.522498548030853,0.000000000000000
148.703323364257812,-77.989837646484375,1.600000023841858,-0.852640151977539,0.522498548030853,0.000000000000000
147.031326293945312,-80.718284606933594,8.000000000000000,-0.852640151977539,0.522498548030853,0.000000000000000
148.703323364257812,-77.989837646484375,4.800000190734863,-0.852640151977539,0.522498548030853,0.000000000000000
147.031326293945312,-80.718284606933594,11.199999809265137,-0.852640151977539,0.522498548030853,0.000000000000000
148.703323364257812,-77.989837646484375,8.000000000000000,-0.852640151977539,0.522498548030853,0.000000000000000
148.703323364257812,-77.989837646484375,11.199999809265137,-0.852640151977539,0.522498548030853,0.000000000000000
145.359329223632812,-83.446739196777344,24.000000000000000,-0.852640151977539,0.522498548030853,0.000000000000000
147.031326293945312,-80.718284606933594,17.600000381469727,-0.852640151977539,0.522498548030853,0.000000000000000
147.031326293945312,-80.718284606933594,24.000000000000000,-0.852640151977539,0.522498548030853,0.000000000000000
147.031326293945312,-80.718284606933594,14.399999618530273,-0.852640151977539,0.522498548030853,0.000000000000000
147.031326293945312,-80.718284606933594,20.799999237060547,-0.852640151977539,0.522498548030853,0.000000000000000
148.703323364257812,-77.989837646484375,20.799999237060547,-0.852640151977539,0.522498548030853,0.000000000000000
148.703323364257812,-77.989837646484375,24.000000000000000,-0.852640151977539,0.522498548030853,0.000000000000000
145.359329223632812,-83.446739196777344,20.799999237060547,-0.852640151977539,0.522498548030853,0.000000000000000
143.687332153320312,-86.175186157226562,20.799999237060547,-0.852640151977539,0.522498548030853,0.000000000000000
145.359329223632812,-83.446739196777344,14.399999618530273,-0.852640151977539,0.522498548030853,0.000000000000000
148.703323364257812,-77.989837646484375,17.600000381469727,-0.852640151977539,0.522498548030853,0.000000000000000
145.359329223632812,-83.446739196777344,17.600000381469727,-0.852640151977539,0.522498548030853,0.000000000000000
143.687332153320312,-86.175186157226562,24.000000000000000,-0.852640151977539,0.522498548030853,0.000000000000000
148.703323364257812,-77.989837646484375,14.399999618530273,-0.852640151977539,0.522498548030853,0.000000000000000
134.672241210937500,-100.291976928710938,37.599998474121094,-0.760405957698822,0.649448037147522,0.000000000000000
132.593994140625000,-102.725280761718750,37.599998474121094,-0.760405957698822,0.649448037147522,0.000000000000000
130.515762329101562,-105.158576965332031,28.000000000000000,-0.760405957698822,0.649448037147522,0.000000000000000
134.672241210937500,-100.291976928710938,34.400001525878906,-0.760405957698822,0.649448037147522,0.000000000000000
128.437530517578125,-107.591873168945312,34.400001525878906,-0.760405957698822,0.649448037147522,0.000000000000000
130.515762329101562,-105.158576965332031,34.400001525878906,-0.760405957698822,0.649448037147522,0.000000000000000
128.437530517578125,-107.591873168945312,37.599998474121094,-0.760405957698822,0.649448037147522,0.000000000000000
134.672241210937500,-100.291976928710938,28.000000000000000,-0.760405957698822,0.649448037147522,0.000000000000000
132.593994140625000,-102.725280761718750,31.200000762939453,-0.760405957698822,0.649448037147522,0.000000000000000
128.437530517578125,-107.591873168945312,28.000000000000000,-0.760405957698822,0.649448037147522,0.000000000000000
132.593994140625000,-102.725280761718750,34.400001525878906,-0.760405957698822,0.649448037147522,0.000000000000000
128.437530517578125,-107.591873168945312,31.200000762939453,-0.760405957698822,0.649448037147522,0.000000000000000
130.515762329101562,-105.158576965332031,37.599998474121094,-0.760405957698822,0.649448037147522,0.000000000000000
130.515762329101562,-105.158576965332031,31.200000762939453,-0.760405957698822,0.649448037147522,0.000000000000000
134.672241210937500,-100.291976928710938,31.200000762939453,-0.760405957698822,0.649448037147522,0.000000000000000
132.593994140625000,-102.725280761718750,28.000000000000000,-0.760405957698822,0.649448037147522,0.000000000000000
134.672241210937500,-100.291976928710938,40.799999237060547,-0.760405957698822,0.649448037147522,0.000000000000000
132.593994140625000,-102.725280761718750,40.799999237060547,-0.760405957698822,0.649448037147522,0.000000000000000
134.672241210937500,-100.291976928710938,44.000000000000000,-0.760405957698822,0.649448037147522,0.000000000000000
132.593994140625000,-102.725280761718750,44.000000000000000,-0.760405957698822,0.649448037147522,0.000000000000000
134.672241210937500,-100.291976928710938,50.400001525878906,-0.760405957698822,0.649448037147522,0.000000000000000
134.672241210937500,-100.291976928710938,47.200000762939453,-0.760405957698822,0.649448037147522,0.000000000000000
132.593994140625000,-102.725280761718750,50.400001525878906,-0.760405957698822,0.649448037147522,0.000000000000000
132.593994140625000,-102.725280761718750,47.200000762939453,-0.760405957698822,0.649448037147522,0.000000000000000
130.515762329101562,-105.158576965332031,40.799999237060547,-0.760405957698822,0.649448037147522,0.000000000000000
130.515762329101562,-105.158576965332031,47.200000762939453,-0.760405957698822,0.649448037147522,0.000000000000000
130.515762329101562,-105.158576965332031,44.000000000000000,-0.760405957698822,0.649448037147522,0.000000000000000
126.359298706054688,-110.025177001953125,37.599998474121094,-0.760405957698822,0.649448037147522,0.000000000000000
130.515762329101562,-105.158576965332031,50.400001525878906,-0.760405957698822,0.649448037147522,0.000000000000000
128.437530517578125,-107.591873168945312,40.799999237060547,-0.760405957698822,0.649448037147522,0.000000000000000
128.437530517578125,-107.591873168945312,50.400001525878906,-0.760405957698822,0.649448037147522,0.000000000000000
128.437530517578125,-107.591873168945312,47.200000762939453,-0.760405957698822,0.649448037147522,0.000000000000000
128.437530517578125,-107.591873168945312,44.000000000000000,-0.760405957698822,0.649448037147522,0.000000000000000
126.359298706054688,-110.025177001953125,40.799999237060547,-0.760405957698822,0.649448037147522,0.000000000000000
126.359298706054688,-110.025177001953125,44.000000000000000,-0.760405957698822,0.649448037147522,0.000000000000000
126.359298706054688,-110.025177001953125,50.400001525878906,-0.760405957698822,0.649448037147522,0.000000000000000
126.359298706054688,-110.025177001953125,47.200000762939453,-0.760405957698822,0.649448037147522,0.000000000000000
124.281066894531250,-112.458473205566406,50.400001525878906,-0.760405957698822,0.649448037147522,0.000000000000000
126.359298706054688,-110.025177001953125,34.400001525878906,-0.760405957698822,0.649448037147522,0.000000000000000
124.281066894531250,-112.458473205566406,47.200000762939453,-0.760405957698822,0.649448037147522,0.000000000000000
124.281066894531250,-112.458473205566406,44.000000000000000,-0.760405957698822,0.649448037147522,0.000000000000000
124.281066894531250,-112.458473205566406,40.799999237060547,-0.760405957698822,0.649448037147522,0.000000000000000
122.202835083007812,-114.891769409179688,47.200000762939453,-0.760405957698822,0.649448037147522,0.000000000000000
122.202835083007812,-114.891769409179688,50.400001525878906,-0.760405957698822,0.649448037147522,0.000000000000000
120.124595642089844,-117.325073242187500,50.400001525878906,-0.760405957698822,0.649448037147522,0.000000000000000
122.202835083007812,-114.891769409179688,40.799999237060547,-0.760405957698822,0.649448037147522,0.000000000000000
120.124595642089844,-117.325073242187500,47.200000762939453,-0.760405957698822,0.649448037147522,0.000000000000000
122.202835083007812,-114.891769409179688,44.000000000000000,-0.760405957698822,0.649448037147522,0.000000000000000
120.124595642089844,-117.325073242187500,40.799999237060547,-0.760405957698822,0.649448037147522,0.000000000000000
120.124595642089844,-117.325073242187500,44.000000000000000,-0.760405957698822,0.649448037147522,0.000000000000000
124.281066894531250,-112.458473205566406,31.200000762939453,-0.760405957698822,0.649448037147522,0.000000000000000
122.202835083007812,-114.891769409179688,31.200000762939453,-0.760405957698822,0.649448037147522,0.000000000000000
122.202835083007812,-114.891769409179688,28.000000000000000,-0.760405957698822,0.649448037147522,0.000000000000000
122.202835083007812,-114.891769409179688,37.599998474121094,-0.760405957698822,0.649448037147522,0.000000000000000
122.202835083007812,-114.891769409179688,34.400001525878906,-0.760405957698822,0.649448037147522,0.000000000000000
120.124595642089844,-117.325073242187500,31.200000762939453,-0.760405957698822,0.649448037147522,0.000000000000000
120.124595642089844,-117.325073242187500,28.000000000000000,-0.760405957698822,0.649448037147522,0.000000000000000
124.281066894531250,-112.458473205566406,28.000000000000000,-0.760405957698822,0.649448037147522,0.000000000000000
126.359298706054688,-110.025177001953125,28.000000000000000,-0.760405957698822,0.649448037147522,0.000000000000000
124.281066894531250,-112.458473205566406,37.599998474121094,-0.760405957698822,0.649448037147522,0.000000000000000
120.124595642089844,-117.325073242187500,34.400001525878906,-0.760405957698822,0.649448037147522,0.000000000000000
124.281066894531250,-112.458473205566406,34.400001525878906,-0.760405957698822,0.649448037147522,0.000000000000000
126.359298706054688,-110.025177001953125,31.200000762939453,-0.760405957698822,0.649448037147522,0.000000000000000
120.124595642089844,-117.325073242187500,37.599998474121094,-0.760405957698822,0.649448037147522,0.000000000000000
120.124595642089844,-117.325073242187500,14.399999618530273,-0.760405957698822,0.649448037147522,0.000000000000000
122.202835083007812,-114.891769409179688,14.399999618530273,-0.760405957698822,0.649448037147522,0.000000000000000
126.359298706054688,-110.025177001953125,17.600000381469727,-0.760405957698822,0.649448037147522,0.000000000000000
122.202835083007812,-114.891769409179688,17.600000381469727,-0.760405957698822,0.649448037147522,0.000000000000000
126.359298706054688,-110.025177001953125,14.399999618530273,-0.760405957698822,0.649448037147522,0.000000000000000
120.124595642089844,-117.325073242187500,20.799999237060547,-0.760405957698822,0.649448037147522,0.000000000000000
124.281066894531250,-112.458473205566406,20.799999237060547,-0.760405957698822,0.649448037147522,0.000000000000000
120.124595642089844,-117.325073242187500,24.000000000000000,-0.760405957698822,0.649448037147522,0.000000000000000
122.202835083007812,-114.891769409179688,20.799999237060547,-0.760405957698822,0.649448037147522,0.000000000000000
128.437530517578125,-107.591873168945312,14.399999618530273,-0.760405957698822,0.649448037147522,0.000000000000000
120.124595642089844,-117.325073242187500,17.600000381469727,-0.760405957698822,0.649448037147522,0.000000000000000
128.437530517578125,-107.591873168945312,17.600000381469727,-0.760405957698822,0.649448037147522,0.000000000000000
124.281066894531250,-112.458473205566406,14.399999618530273,-0.760405957698822,0.649448037147522,0.000000000000000
124.281066894531250,-112.458473205566406,24.000000000000000,-0.760405957698822,0.649448037147522,0.000000000000000
124.281066894531250,-112.458473205566406,17.600000381469727,-0.760405957698822,0.649448037147522,0.000000000000000
122.202835083007812,-114.891769409179688,24.000000000000000,-0.760405957698822,0.649448037147522,0.000000000000000
120.124595642089844,-117.325073242187500,11.199999809265137,-0.760405957698822,0.649448037147522,0.000000000000000
120.124595642089844,-117.325073242187500,4.800000190734863,-0.760405957698822,0.649448037147522,0.000000000000000
120.124595642089844,-117.325073242187500,8.000000000000000,-0.760405957698822,0.649448037147522,0.000000000000000
120.124595642089844,-117.325073242187500,1.600000023841858,-0.760405957698822,0.649448037147522,0.000000000000000
122.202835083007812,-114.891769409179688,8.000000000000000,-0.760405957698822,0.649448037147522,0.000000000000000
122.202835083007812,-114.891769409179688,11.199999809265137,-0.760405957698822,0.649448037147522,0.000000000000000
122.202835083007812,-114.891769409179688,4.800000190734863,-0.760405957698822,0.649448037147522,0.000000000000000
122.202835083007812,-114.891769409179688,1.600000023841858,-0.760405957698822,0.649448037147522,0.000000000000000
124.281066894531250,-112.458473205566406,11.199999809265137,-0.760405957698822,0.649448037147522,0.000000000000000
124.281066894531250,-112.458473205566406,4.800000190734863,-0.760405957698822,0.649448037147522,0.000000000000000
124.281066894531250,-112.458473205566406,8.000000000000000,-0.760405957698822,0.649448037147522,0.000000000000000
126.359298706054688,-110.025177001953125,20.799999237060547,-0.760405957698822,0.649448037147522,0.000000000000000
124.281066894531250,-112.458473205566406,1.600000023841858,-0.760405957698822,0.649448037147522,0.000000000000000
126.359298706054688,-110.025177001953125,1.600000023841858,-0.760405957698822,0.649448037147522,0.000000000000000
126.359298706054688,-110.025177001953125,4.800000190734863,-0.760405957698822,0.649448037147522,0.000000000000000
126.359298706054688,-110.025177001953125,11.199999809265137,-0.760405957698822,0.649448037147522,0.000000000000000
126.359298706054688,-110.025177001953125,8.000000000000000,-0.760405957698822,0.649448037147522,0.000000000000000
128.437530517578125,-107.591873168945312,8.000000000000000,-0.760405957698822,0.649448037147522,0.000000000000000
128.437530517578125,-107.591873168945312,4.800000190734863,-0.760405957698822,0.649448037147522,0.000000000000000
128.437530517578125,-107.591873168945312,11.199999809265137,-0.760405957698822,0.649448037147522,0.000000000000000
128.437530517578125,-107.591873168945312,1.600000023841858,-0.760405957698822,0.649448037147522,0.000000000000000
130.515762329101562,-105.158576965332031,1.600000023841858,-0.760405957698822,0.649448037147522,0.000000000000000
126.359298706054688,-110.025177001953125,24.000000000000000,-0.760405957698822,0.649448037147522,0.000000000000000
130.515762329101562,-105.158576965332031,4.800000190734863,-0.760405957698822,0.649448037147522,0.000000000000000
132.593994140625000,-102.725280761718750,1.600000023841858,-0.760405957698822,0.649448037147522,0.000000000000000
130.515762329101562,-105.158576965332031,8.000000000000000,-0.760405957698822,0.649448037147522,0.000000000000000
132.593994140625000,-102.725280761718750,4.800000190734863,-0.760405957698822,0.649448037147522,0.000000000000000
130.515762329101562,-105.158576965332031,11.199999809265137,-0.760405957698822,0.649448037147522,0.000000000000000
134.672241210937500,-100.291976928710938,1.600000023841858,-0.760405957698822,0.649448037147522,0.000000000000000
132.593994140625000,-102.725280761718750,8.000000000000000,-0.760405957698822,0.649448037147522,0.000000000000000
134.672241210937500,-100.291976928710938,4.800000190734863,-0.760405957698822,0.649448037147522,0.000000000000000
132.593994140625000,-102.725280761718750,11.199999809265137,-0.760405957698822,0.649448037147522,0.000000000000000
134.672241210937500,-100.291976928710938,8.000000000000000,-0.760405957698822,0.649448037147522,0.000000000000000
134.672241210937500,-100.291976928710938,11.199999809265137,-0.760405957698822,0.649448037147522,0.000000000000000
130.515762329101562,-105.158576965332031,24.000000000000000,-0.760405957698822,0.649448037147522,0.000000000000000
132.593994140625000,-102.725280761718750,17.600000381469727,-0.760405957698822,0.649448037147522,0.000000000000000
132.593994140625000,-102.725280761718750,24.000000000000000,-0.760405957698822,0.649448037147522,0.000000000000000
132.593994140625000,-102.725280761718750,14.399999618530273,-0.760405957698822,0.649448037147522,0.000000000000000
132.593994140625000,-102.725280761718750,20.799999237060547,-0.760405957698822,0.649448037147522,0.000000000000000
134.672241210937500,-100.291976928710938,20.799999237060547,-0.760405957698822,0.649448037147522,0.000000000000000
134.672241210937500,-100.291976928710938,24.000000000000000,-0.760405957698822,0.649448037147522,0.000000000000000
130.515762329101562,-105.158576965332031,20.799999237060547,-0.760405957698822,0.649448037147522,0.000000000000000
128.437530517578125,-107.591873168945312,20.799999237060547,-0.760405957698822,0.649448037147522,0.000000000000000
130.515762329101562,-105.158576965332031,14.399999618530273,-0.760405957698822,0.649448037147522,0.000000000000000
134.672241210937500,-100.291976928710938,17.600000381469727,-0.760405957698822,0.649448037147522,0.000000000000000
130.515762329101562,-105.158576965332031,17.600000381469727,-0.760405957698822,0.649448037147522,0.000000000000000
128.437530517578125,-107.591873168945312,24.000000000000000,-0.760405957698822,0.649448037147522,0.000000000000000
134.672241210937500,-100.291976928710938,14.399999618530273,-0.760405957698822,0.649448037147522,0.000000000000000
117.325073242187500,-120.124595642089844,37.599998474121094,-0.649448037147522,0.760405957698822,0.000000000000000
114.891777038574219,-122.202827453613281,37.599998474121094,-0.649448037147522,0.760405957698822,0.000000000000000
112.458473205566406,-124.281066894531250,28.000000000000000,-0.649448037147522,0.760405957698822,0.000000000000000
117.325073242187500,-120.124595642089844,34.400001525878906,-0.649448037147522,0.760405957698822,0.000000000000000
110.025177001953125,-126.359298706054688,34.400001525878906,-0.649448037147522,0.760405957698822,0.000000000000000
112.458473205566406,-124.281066894531250,34.400001525878906,-0.649448037147522,0.760405957698822,0.000000000000000
110.025177001953125,-126.359298706054688,37.599998474121094,-0.649448037147522,0.760405957698822,0.000000000000000
117.325073242187500,-120.124595642089844,28.000000000000000,-0.649448037147522,0.760405957698822,0.000000000000000
114.891777038574219,-122.202827453613281,31.200000762939453,-0.649448037147522,0.760405957698822,0.000000000000000
110.025177001953125,-126.359298706054688,28.000000000000000,-0.649448037147522,0.760405957698822,0.000000000000000
114.891777038574219,-122.202827453613281,34.400001525878906,-0.649448037147522,0.760405957698822,0.000000000000000
110.025177001953125,-126.359298706054688,31.200000762939453,-0.649448037147522,0.760405957698822,0.000000000000000
112.458473205566406,-124.281066894531250,37.599998474121094,-0.649448037147522,0.760405957698822,0.000000000000000
112.458473205566406,-124.281066894531250,31.200000762939453,-0.649448037147522,0.760405957698822,0.000000000000000
117.325073242187500,-120.124595642089844,31.200000762939453,-0.649448037147522,0.760405957698822,0.000000000000000
114.891777038574219,-122.202827453613281,28.000000000000000,-0.649448037147522,0.760405957698822,0.000000000000000
117.325073242187500,-120.124595642089844,40.799999237060547,-0.649448037147522,0.760405957698822,0.000000000000000
114.891777038574219,-122.202827453613281,40.799999237060547,-0.649448037147522,0.760405957698822,0.000000000000000
117.325073242187500,-120.124595642089844,44.000000000000000,-0.649448037147522,0.760405957698822,0.000000000000000
114.891777038574219,-122.202827453613281,44.000000000000000,-0.649448037147522,0.760405957698822,0.000000000000000
117.325073242187500,-120.124595642089844,50.400001525878906,-0.649448037147522,0.760405957698822,0.000000000000000
117.325073242187500,-120.124595642089844,47.200000762939453,-0.649448037147522,0.760405957698822,0.000000000000000
114.891777038574219,-122.202827453613281,50.400001525878906,-0.649448037147522,0.760405957698822,0.000000000000000
114.891777038574219,-122.202827453613281,47.200000762939453,-0.649448037147522,0.760405957698822,0.000000000000000
112.458473205566406,-124.281066894531250,40.799999237060547,-0.649448037147522,0.760405957698822,0.000000000000000
112.458473205566406,-124.281066894531250,47.200000762939453,-0.649448037147522,0.760405957698822,0.000000000000000
112.458473205566406,-124.281066894531250,44.000000000000000,-0.649448037147522,0.760405957698822,0.000000000000000
107.591880798339844,-128.437530517578125,37.599998474121094,-0.649448037147522,0.760405957698822,0.000000000000000
112.458473205566406,-124.281066894531250,50.400001525878906,-0.649448037147522,0.760405957698822,0.000000000000000
110.025177001953125,-126.359298706054688,40.799999237060547,-0.649448037147522,0.760405957698822,0.000000000000000
110.025177001953125,-126.359298706054688,50.400001525878906,-0.649448037147522,0.760405957698822,0.000000000000000
110.025177001953125,-126.359298706054688,47.200000762939453,-0.649448037147522,0.760405957698822,0.000000000000000
110.025177001953125,-126.359298706054688,44.000000000000000,-0.649448037147522,0.760405957698822,0.000000000000000
107.591880798339844,-128.437530517578125,40.799999237060547,-0.649448037147522,0.760405957698822,0.000000000000000
107.591880798339844,-128.437530517578125,44.000000000000000,-0.649448037147522,0.760405957698822,0.000000000000000
107.591880798339844,-128.437530517578125,50.400001525878906,-0.649448037147522,0.760405957698822,0.000000000000000
107.591880798339844,-128.437530517578125,47.200000762939453,-0.649448037147522,0.760405957698822,0.000000000000000
105.158576965332031,-130.515762329101562,50.400001525878906,-0.649448037147522,0.760405957698822,0.000000000000000
107.591880798339844,-128.437530517578125,34.400001525878906,-0.649448037147522,0.760405957698822,0.000000000000000
105.158576965332031,-130.515762329101562,47.200000762939453,-0.649448037147522,0.760405957698822,0.000000000000000
105.158576965332031,-130.515762329101562,44.000000000000000,-0.649448037147522,0.760405957698822,0.000000000000000
105.158576965332031,-130.515762329101562,40.799999237060547,-0.649448037147522,0.760405957698822,0.000000000000000
102.725280761718750,-132.593994140625000,47.200000762939453,-0.649448037147522,0.760405957698822,0.000000000000000
102.725280761718750,-132.593994140625000,50.400001525878906,-0.649448037147522,0.760405957698822,0.000000000000000
100.291976928710938,-134.672225952148438,50.400001525878906,-0.649448037147522,0.760405957698822,0.000000000000000
102.725280761718750,-132.593994140625000,40.799999237060547,-0.649448037147522,0.760405957698822,0.000000000000000
100.291976928710938,-134.672225952148438,47.200000762939453,-0.649448037147522,0.760405957698822,0.000000000000000
102.725280761718750,-132.593994140625000,44.000000000000000,-0.649448037147522,0.760405957698822,0.000000000000000
100.291976928710938,-134.672225952148438,40.799999237060547,-0.649448037147522,0.760405957698822,0.000000000000000
100.291976928710938,-134.672225952148438,44.000000000000000,-0.649448037147522,0.760405957698822,0.000000000000000
105.158576965332031,-130.515762329101562,31.200000762939453,-0.649448037147522,0.760405957698822,0.000000000000000
102.725280761718750,-132.593994140625000,31.200000762939453,-0.649448037147522,0.760405957698822,0.000000000000000
102.725280761718750,-132.593994140625000,28.000000000000000,-0.649448037147522,0.760405957698822,0.000000000000000
102.725280761718750,-132.593994140625000,37.599998474121094,-0.649448037147522,0.760405957698822,0.000000000000000
102.725280761718750,-132.593994140625000,34.400001525878906,-0.649448037147522,0.760405957698822,0.000000000000000
100.291976928710938,-134.672225952148438,31.200000762939453,-0.649448037147522,0.760405957698822,0.000000000000000
100.291976928710938,-134.672225952148438,28.000000000000000,-0.649448037147522,0.760405957698822,0.000000000000000
105.158576965332031,-130.515762329101562,28.000000000000000,-0.649448037147522,0.760405957698822,0.000000000000000
107.591880798339844,-128.437530517578125,28.000000000000000,-0.649448037147522,0.760405957698822,0.000000000000000
105.158576965332031,-130.515762329101562,37.599998474121094,-0.649448037147522,0.760405957698822,0.000000000000000
100.291976928710938,-134.672225952148438,34.400001525878906,-0.649448037147522,0.760405957698822,0.000000000000000
105.158576965332031,-130.515762329101562,34.400001525878906,-0.649448037147522,0.760405957698822,0.000000000000000
107.591880798339844,-128.437530517578125,31.200000762939453,-0.649448037147522,0.760405957698822,0.000000000000000
100.291976928710938,-134.672225952148438,37.599998474121094,-0.649448037147522,0.760405957698822,0.000000000000000
100.291976928710938,-134.672225952148438,14.399999618530273,-0.649448037147522,0.760405957698822,0.000000000000000
102.725280761718750,-132.593994140625000,14.399999618530273,-0.649448037147522,0.760405957698822,0.000000000000000
107.591880798339844,-128.437530517578125,17.600000381469727,-0.649448037147522,0.760405957698822,0.000000000000000
102.725280761718750,-132.593994140625000,17.600000381469727,-0.649448037147522,0.760405957698822,0.000000000000000
107.591880798339844,-128.437530517578125,14.399999618530273,-0.649448037147522,0.760405957698822,0.000000000000000
100.291976928710938,-134.672225952148438,20.799999237060547,-0.649448037147522,0.760405957698822,0.000000000000000
105.158576965332031,-130.515762329101562,20.799999237060547,-0.649448037147522,0.760405957698822,0.000000000000000
100.291976928710938,-134.672225952148438,24.000000000000000,-0.649448037147522,0.760405957698822,0.000000000000000
102.725280761718750,-132.593994140625000,20.799999237060547,-0.649448037147522,0.760405957698822,0.000000000000000
110.025177001953125,-126.359298706054688,14.399999618530273,-0.649448037147522,0.760405957698822,0.000000000000000
100.291976928710938,-134.672225952148438,17.600000381469727,-0.649448037147522,0.760405957698822,0.000000000000000
110.025177001953125,-126.359298706054688,17.600000381469727,-0.649448037147522,0.760405957698822,0.000000000000000
105.158576965332031,-130.515762329101562,14.399999618530273,-0.649448037147522,0.760405957698822,0.000000000000000
105.158576965332031,-130.515762329101562,24.000000000000000,-0.649448037147522,0.760405957698822,0.000000000000000
105.158576965332031,-130.515762329101562,17.600000381469727,-0.649448037147522,0.760405957698822,0.000000000000000
102.725280761718750,-132.593994140625000,24.000000000000000,-0.649448037147522,0.760405957698822,0.000000000000000
100.291976928710938,-134.672225952148438,11.199999809265137,-0.649448037147522,0.760405957698822,0.000000000000000
100.291976928710938,-134.672225952148438,4.800000190734863,-0.649448037147522,0.760405957698822,0.000000000000000
100.291976928710938,-134.672225952148438,8.000000000000000,-0.649448037147522,0.760405957698822,0.000000000000000
100.291976928710938,-134.672225952148438,1.600000023841858,-0.649448037147522,0.760405957698822,0.000000000000000
102.725280761718750,-132.593994140625000,8.000000000000000,-0.649448037147522,0.760405957698822,0.000000000000000
102.725280761718750,-132.593994140625000,11.199999809265137,-0.649448037147522,0.760405957698822,0.000000000000000
102.725280761718750,-132.593994140625000,4.800000190734863,-0.649448037147522,0.760405957698822,0.000000000000000
102.725280761718750,-132.593994140625000,1.600000023841858,-0.649448037147522,0.760405957698822,0.000000000000000
105.158576965332031,-130.515762329101562,11.199999809265137,-0.649448037147522,0.760405957698822,0.000000000000000
105.158576965332031,-130.515762329101562,4.800000190734863,-0.649448037147522,0.760405957698822,0.000000000000000
105.158576965332031,-130.515762329101562,8.000000000000000,-0.649448037147522,0.760405957698822,0.000000000000000
107.591880798339844,-128.437530517578125,20.799999237060547,-0.649448037147522,0.760405957698822,0.000000000000000
105.158576965332031,-130.515762329101562,1.600000023841858,-0.649448037147522,0.760405957698822,0.000000000000000
107.591880798339844,-128.437530517578125,1.600000023841858,-0.649448037147522,0.760405957698822,0.000000000000000
107.591880798339844,-128.437530517578125,4.800000190734863,-0.649448037147522,0.760405957698822,0.000000000000000
107.591880798339844,-128.437530517578125,11.199999809265137,-0.649448037147522,0.760405957698822,0.000000000000000
107.591880798339844,-128.437530517578125,8.000000000000000,-0.649448037147522,0.760405957698822,0.000000000000000
110.025177001953125,-126.359298706054688,8.000000000000000,-0.649448037147522,0.760405957698822,0.000000000000000
110.025177001953125,-126.359298706054688,4.800000190734863,-0.649448037147522,0.760405957698822,0.000000000000000
110.025177001953125,-126.359298706054688,11.199999809265137,-0.649448037147522,0.760405957698822,0.000000000000000
110.025177001953125,-126.359298706054688,1.600000023841858,-0.649448037147522,0.760405957698822,0.000000000000000
112.458473205566406,-124.281066894531250,1.600000023841858,-0.649448037147522,0.760405957698822,0.000000000000000
107.591880798339844,-128.437530517578125,24.000000000000000,-0.649448037147522,0.760405957698822,0.000000000000000
112.458473205566406,-124.281066894531250,4.800000190734863,-0.649448037147522,0.760405957698822,0.000000000000000
114.891777038574219,-122.202827453613281,1.600000023841858,-0.649448037147522,0.760405957698822,0.000000000000000
112.458473205566406,-124.281066894531250,8.000000000000000,-0.649448037147522,0.760405957698822,0.000000000000000
114.891777038574219,-122.202827453613281,4.800000190734863,-0.649448037147522,0.760405957698822,0.000000000000000
112.458473205566406,-124.281066894531250,11.199999809265137,-0.649448037147522,0.760405957698822,0.000000000000000
117.325073242187500,-120.124595642089844,1.600000023841858,-0.649448037147522,0.760405957698822,0.000000000000000
114.891777038574219,-122.202827453613281,8.000000000000000,-0.649448037147522,0.760405957698822,0.000000000000000
117.325073242187500,-120.124595642089844,4.800000190734863,-0.649448037147522,0.760405957698822,0.000000000000000
114.891777038574219,-122.202827453613281,11.199999809265137,-0.649448037147522,0.760405957698822,0.000000000000000
117.325073242187500,-120.124595642089844,8.000000000000000,-0.649448037147522,0.760405957698822,0.000000000000000
117.325073242187500,-120.124595642089844,11.199999809265137,-0.649448037147522,0.760405957698822,0.000000000000000
112.458473205566406,-124.281066894531250,24.000000000000000,-0.649448037147522,0.760405957698822,0.000000000000000
114.891777038574219,-122.202827453613281,17.600000381469727,-0.649448037147522,0.760405957698822,0.000000000000000
114.891777038574219,-122.202827453613281,24.000000000000000,-0.649448037147522,0.760405957698822,0.000000000000000
114.891777038574219,-122.202827453613281,14.399999618530273,-0.649448037147522,0.760405957698822,0.000000000000000
114.891777038574219,-122.202827453613281,20.799999237060547,-0.649448037147522,0.760405957698822,0.000000000000000
117.325073242187500,-120.124595642089844,20.799999237060547,-0.649448037147522,0.760405957698822,0.000000000000000
117.325073242187500,-120.124595642089844,24.000000000000000,-0.649448037147522,0.760405957698822,0.000000000000000
112.458473205566406,-124.281066894531250,20.799999237060547,-0.649448037147522,0.760405957698822,0.000000000000000
110.025177001953125,-126.359298706054688,20.799999237060547,-0.649448037147522,0.760405957698822,0.000000000000000
112.458473205566406,-124.281066894531250,14.399999618530273,-0.649448037147522,0.760405957698822,0.000000000000000
117.325073242187500,-120.124595642089844,17.600000381469727,-0.649448037147522,0.760405957698822,0.000000000000000
112.458473205566406,-124.281066894531250,17.600000381469727,-0.649448037147522,0.760405957698822,0.000000000000000
110.025177001953125,-126.359298706054688,24.000000000000000,-0.649448037147522,0.760405957698822,0.000000000000000
117.325073242187500,-120.124595642089844,14.399999618530273,-0.649448037147522,0.760405957698822,0.000000000000000
165.525451660156250,-28.220891952514648,90.400001525878906,-0.972369909286499,0.233445361256599,0.000000000000000
164.778427124023438,-31.332475662231445,90.400001525878906,-0.972369909286499,0.233445361256599,0.000000000000000
164.031387329101562,-34.444061279296875,80.800003051757812,-0.972369909286499,0.233445361256599,0.000000000000000
165.525451660156250,-28.220891952514648,87.199996948242188,-0.972369909286499,0.233445361256599,0.000000000000000
163.284362792968750,-37.555644989013672,87.199996948242188,-0.972369909286499,0.233445361256599,0.000000000000000
164.031387329101562,-34.444061279296875,87.199996948242188,-0.972369909286499,0.233445361256599,0.000000000000000
163.284362792968750,-37.555644989013672,90.400001525878906,-0.972369909286499,0.233445361256599,0.000000000000000
165.525451660156250,-28.220891952514648,80.800003051757812,-0.972369909286499,0.233445361256599,0.000000000000000
164.778427124023438,-31.332475662231445,84.000000000000000,-0.972369909286499,0.233445361256599,0.000000000000000
163.284362792968750,-37.555644989013672,80.800003051757812,-0.972369909286499,0.233445361256599,0.000000000000000
164.778427124023438,-31.332475662231445,87.199996948242188,-0.972369909286499,0.233445361256599,0.000000000000000
163.284362792968750,-37.555644989013672,84.000000000000000,-0.972369909286499,0.233445361256599,0.000000000000000
164.031387329101562,-34.444061279296875,90.400001525878906,-0.972369909286499,0.233445361256599,0.000000000000000
164.031387329101562,-34.444061279296875,84.000000000000000,-0.972369909286499,0.233445361256599,0.000000000000000
165.525451660156250,-28.220891952514648,84.000000000000000,-0.972369909286499,0.233445361256599,0.000000000000000
164.778427124023438,-31.332475662231445,80.800003051757812,-0.972369909286499,0.233445361256599,0.000000000000000
165.525451660156250,-28.220891952514648,93.599998474121094,-0.972369909286499,0.233445361256599,0.000000000000000
164.778427124023438,-31.332475662231445,93.599998474121094,-0.972369909286499,0.233445361256599,0.000000000000000
165.525451660156250,-28.220891952514648,96.800003051757812,-0.972369909286499,0.233445361256599,0.000000000000000
164.778427124023438,-31.332475662231445,96.800003051757812,-0.972369909286499,0.233445361256599,0.000000000000000
165.525451660156250,-28.220891952514648,103.199996948242188,-0.972369909286499,0.233445361256599,0.000000000000000
165.525451660156250,-28.220891952514648,100.000000000000000,-0.972369909286499,0.233445361256599,0.000000000000000
164.778427124023438,-31.332475662231445,103.199996948242188,-0.972369909286499,0.233445361256599,0.000000000000000
164.778427124023438,-31.332475662231445,100.000000000000000,-0.972369909286499,0.233445361256599,0.000000000000000
164.031387329101562,-34.444061279296875,93.599998474121094,-0.972369909286499,0.233445361256599,0.000000000000000
164.031387329101562,-34.444061279296875,100.000000000000000,-0.972369909286499,0.233445361256599,0.000000000000000
164.031387329101562,-34.444061279296875,96.800003051757812,-0.972369909286499,0.233445361256599,0.000000000000000
162.537338256835938,-40.667228698730469,90.400001525878906,-0.972369909286499,0.233445361256599,0.000000000000000
164.031387329101562,-34.444061279296875,103.199996948242188,-0.972369909286499,0.233445361256599,0.000000000000000
163.284362792968750,-37.555644989013672,93.599998474121094,-0.972369909286499,0.233445361256599,0.000000000000000
163.284362792968750,-37.555644989013672,103.199996948242188,-0.972369909286499,0.233445361256599,0.000000000000000
163.284362792968750,-37.555644989013672,100.000000000000000,-0.972369909286499,0.233445361256599,0.000000000000000
163.284362792968750,-37.555644989013672,96.800003051757812,-0.972369909286499,0.233445361256599,0.000000000000000
162.537338256835938,-40.667228698730469,93.599998474121094,-0.972369909286499,0.233445361256599,0.000000000000000
162.537338256835938,-40.667228698730469,96.800003051757812,-0.972369909286499,0.233445361256599,0.000000000000000
162.537338256835938,-40.667228698730469,103.199996948242188,-0.972369909286499,0.233445361256599,0.000000000000000
162.537338256835938,-40.667228698730469,100.000000000000000,-0.972369909286499,0.233445361256599,0.000000000000000
161.790313720703125,-43.778812408447266,103.199996948242188,-0.972369909286499,0.233445361256599,0.000000000000000
162.537338256835938,-40.667228698730469,87.199996948242188,-0.972369909286499,0.233445361256599,0.000000000000000
161.790313720703125,-43.778812408447266,100.000000000000000,-0.972369909286499,0.233445361256599,0.000000000000000
161.790313720703125,-43.778812408447266,96.800003051757812,-0.972369909286499,0.233445361256599,0.000000000000000
161.790313720703125,-43.778812408447266,93.599998474121094,-0.972369909286499,0.233445361256599,0.000000000000000
161.043289184570312,-46.890396118164062,100.000000000000000,-0.972369909286499,0.233445361256599,0.000000000000000
161.043289184570312,-46.890396118164062,103.199996948242188,-0.972369909286499,0.233445361256599,0.000000000000000
160.296264648437500,-50.001979827880859,103.199996948242188,-0.972369909286499,0.233445361256599,0.000000000000000
161.043289184570312,-46.890396118164062,93.599998474121094,-0.972369909286499,0.233445361256599,0.000000000000000
160.296264648437500,-50.001979827880859,100.000000000000000,-0.972369909286499,0.233445361256599,0.000000000000000
161.043289184570312,-46.890396118164062,96.800003051757812,-0.972369909286499,0.233445361256599,0.000000000000000
160.296264648437500,-50.001979827880859,93.599998474121094,-0.972369909286499,0.233445361256599,0.000000000000000
160.296264648437500,-50.001979827880859,96.800003051757812,-0.972369909286499,0.233445361256599,0.000000000000000
161.790313720703125,-43.778812408447266,84.000000000000000,-0.972369909286499,0.233445361256599,0.000000000000000
161.043289184570312,-46.890396118164062,84.000000000000000,-0.972369909286499,0.233445361256599,0.000000000000000
161.043289184570312,-46.890396118164062,80.800003051757812,-0.972369909286499,0.233445361256599,0.000000000000000
161.043289184570312,-46.890396118164062,90.400001525878906,-0.972369909286499,0.233445361256599,0.000000000000000
161.043289184570312,-46.890396118164062,87.199996948242188,-0.972369909286499,0.233445361256599,0.000000000000000
160.296264648437500,-50.001979827880859,84.000000000000000,-0.972369909286499,0.233445361256599,0.000000000000000
160.296264648437500,-50.001979827880859,80.800003051757812,-0.972369909286499,0.233445361256599,0.000000000000000
161.790313720703125,-43.778812408447266,80.800003051757812,-0.972369909286499,0.233445361256599,0.000000000000000
162.537338256835938,-40.667228698730469,80.800003051757812,-0.972369909286499,0.233445361256599,0.000000000000000
161.790313720703125,-43.778812408447266,90.400001525878906,-0.972369909286499,0.233445361256599,0.000000000000000
160.296264648437500,-50.001979827880859,87.199996948242188,-0.972369909286499,0.233445361256599,0.000000000000000
161.790313720703125,-43.778812408447266,87.199996948242188,-0.972369909286499,0.233445361256599,0.000000000000000
162.537338256835938,-40.667228698730469,84.000000000000000,-0.972369909286499,0.233445361256599,0.000000000000000
160.296264648437500,-50.001979827880859,90.400001525878906,-0.972369909286499,0.233445361256599,0.000000000000000
160.296264648437500,-50.001979827880859,67.199996948242188,-0.972369909286499,0.233445361256599,0.000000000000000
161.043289184570312,-46.890396118164062,67.199996948242188,-0.972369909286499,0.233445361256599,0.000000000000000
162.537338256835938,-40.667228698730469,70.400001525878906,-0.972369909286499,0.233445361256599,0.000000000000000
161.043289184570312,-46.890396118164062,70.400001525878906,-0.972369909286499,0.233445361256599,0.000000000000000
162.537338256835938,-40.667228698730469,67.199996948242188,-0.972369909286499,0.233445361256599,0.000000000000000
160.296264648437500,-50.001979827880859,73.599998474121094,-0.972369909286499,0.233445361256599,0.000000000000000
161.790313720703125,-43.778812408447266,73.599998474121094,-0.972369909286499,0.233445361256599,0.000000000000000
160.296264648437500,-50.001979827880859,76.800003051757812,-0.972369909286499,0.233445361256599,0.000000000000000
161.043289184570312,-46.890396118164062,73.599998474121094,-0.972369909286499,0.233445361256599,0.000000000000000
163.284362792968750,-37.555644989013672,67.199996948242188,-0.972369909286499,0.233445361256599,0.000000000000000
160.296264648437500,-50.001979827880859,70.400001525878906,-0.972369909286499,0.233445361256599,0.000000000000000
163.284362792968750,-37.555644989013672,70.400001525878906,-0.972369909286499,0.233445361256599,0.000000000000000
161.790313720703125,-43.778812408447266,67.199996948242188,-0.972369909286499,0.233445361256599,0.000000000000000
161.790313720703125,-43.778812408447266,76.800003051757812,-0.972369909286499,0.233445361256599,0.000000000000000
161.790313720703125,-43.778812408447266,70.400001525878906,-0.972369909286499,0.233445361256599,0.000000000000000
161.043289184570312,-46.890396118164062,76.800003051757812,-0.972369909286499,0.233445361256599,0.000000000000000
160.296264648437500,-50.001979827880859,64.000000000000000,-0.972369909286499,0.233445361256599,0.000000000000000
160.296264648437500,-50.001979827880859,57.599998474121094,-0.972369909286499,0.233445361256599,0.000000000000000
160.296264648437500,-50.001979827880859,60.799999237060547,-0.972369909286499,0.233445361256599,0.000000000000000
160.296264648437500,-50.001979827880859,54.400001525878906,-0.972369909286499,0.233445361256599,0.000000000000000
161.043289184570312,-46.890396118164062,60.799999237060547,-0.972369909286499,0.233445361256599,0.000000000000000
161.043289184570312,-46.890396118164062,64.000000000000000,-0.972369909286499,0.233445361256599,0.000000000000000
161.043289184570312,-46.890396118164062,57.599998474121094,-0.972369909286499,0.233445361256599,0.000000000000000
161.043289184570312,-46.890396118164062,54.400001525878906,-0.972369909286499,0.233445361256599,0.000000000000000
161.790313720703125,-43.778812408447266,64.000000000000000,-0.972369909286499,0.233445361256599,0.000000000000000
161.790313720703125,-43.778812408447266,57.599998474121094,-0.972369909286499,0.233445361256599,0.000000000000000
161.790313720703125,-43.778812408447266,60.799999237060547,-0.972369909286499,0.233445361256599,0.000000000000000
162.537338256835938,-40.667228698730469,73.599998474121094,-0.972369909286499,0.233445361256599,0.000000000000000
161.790313720703125,-43.778812408447266,54.400001525878906,-0.972369909286499,0.233445361256599,0.000000000000000
162.537338256835938,-40.667228698730469,54.400001525878906,-0.972369909286499,0.233445361256599,0.000000000000000
162.537338256835938,-40.667228698730469,57.599998474121094,-0.972369909286499,0.233445361256599,0.000000000000000
162.537338256835938,-40.667228698730469,64.000000000000000,-0.972369909286499,0.233445361256599,0.000000000000000
162.537338256835938,-40.667228698730469,60.799999237060547,-0.972369909286499,0.233445361256599,0.000000000000000
163.284362792968750,-37.555644989013672,60.799999237060547,-0.972369909286499,0.233445361256599,0.000000000000000
163.284362792968750,-37.555644989013672,57.599998474121094,-0.972369909286499,0.233445361256599,0.000000000000000
163.284362792968750,-37.555644989013672,64.000000000000000,-0.972369909286499,0.233445361256599,0.000000000000000
163.284362792968750,-37.555644989013672,54.400001525878906,-0.972369909286499,0.233445361256599,0.000000000000000
164.031387329101562,-34.444061279296875,54.400001525878906,-0.972369909286499,0.233445361256599,0.000000000000000
162.537338256835938,-40.667228698730469,76.800003051757812,-0.972369909286499,0.233445361256599,0.000000000000000
164.031387329101562,-34.444061279296875,57.599998474121094,-0.972369909286499,0.233445361256599,0.000000000000000
164.778427124023438,-31.332475662231445,54.400001525878906,-0.972369909286499,0.233445361256599,0.000000000000000
164.031387329101562,-34.444061279296875,60.799999237060547,-0.972369909286499,0.233445361256599,0.000000000000000
164.778427124023438,-31.332475662231445,57.599998474121094,-0.972369909286499,0.233445361256599,0.000000000000000
164.031387329101562,-34.444061279296875,64.000000000000000,-0.972369909286499,0.233445361256599,0.000000000000000
165.525451660156250,-28.220891952514648,54.400001525878906,-0.972369909286499,0.233445361256599,0.000000000000000
164.778427124023438,-31.332475662231445,60.799999237060547,-0.972369909286499,0.233445361256599,0.000000000000000
165.525451660156250,-28.220891952514648,57.599998474121094,-0.972369909286499,0.233445361256599,0.000000000000000
164.778427124023438,-31.332475662231445,64.000000000000000,-0.972369909286499,0.233445361256599,0.000000000000000
165.525451660156250,-28.220891952514648,60.799999237060547,-0.972369909286499,0.233445361256599,0.000000000000000
165.525451660156250,-28.220891952514648,64.000000000000000,-0.972369909286499,0.233445361256599,0.000000000000000
164.031387329101562,-34.444061279296875,76.800003051757812,-0.972369909286499,0.233445361256599,0.000000000000000
164.778427124023438,-31.332475662231445,70.400001525878906,-0.972369909286499,0.233445361256599,0.000000000000000
164.778427124023438,-31.332475662231445,76.800003051757812,-0.972369909286499,0.233445361256599,0.000000000000000
164.778427124023438,-31.332475662231445,67.199996948242188,-0.972369909286499,0.233445361256599,0.000000000000000
164.778427124023438,-31.332475662231445,73.599998474121094,-0.972369909286499,0.233445361256599,0.000000000000000
165.525451660156250,-28.220891952514648,73.599998474121094,-0.972369909286499,0.233445361256599,0.000000000000000
165.525451660156250,-28.220891952514648,76.800003051757812,-0.972369909286499,0.233445361256599,0.000000000000000
164.031387329101562,-34.444061279296875,73.599998474121094,-0.972369909286499,0.233445361256599,0.000000000000000
163.284362792968750,-37.555644989013672,73.599998474121094,-0.972369909286499,0.233445361256599,0.000000000000000
164.031387329101562,-34.444061279296875,67.199996948242188,-0.972369909286499,0.233445361256599,0.000000000000000
165.525451660156250,-28.220891952514648,70.400001525878906,-0.972369909286499,0.233445361256599,0.000000000000000
164.031387329101562,-34.444061279296875,70.400001525878906,-0.972369909286499,0.233445361256599,0.000000000000000
163.284362792968750,-37.555644989013672,76.800003051757812,-0.972369909286499,0.233445361256599,0.000000000000000
165.525451660156250,-28.220891952514648,67.199996948242188,-0.972369909286499,0.233445361256599,0.000000000000000
167.902267456054688,-1.979562163352966,90.400001525878906,-0.996917307376862,0.078459098935127,0.000000000000000
167.651199340820312,-5.169697761535645,90.400001525878906,-0.996917307376862,0.078459098935127,0.000000000000000
167.400131225585938,-8.359832763671875,80.800003051757812,-0.996917307376862,0.078459098935127,0.000000000000000
167.902267456054688,-1.979562163352966,87.199996948242188,-0.996917307376862,0.078459098935127,0.000000000000000
167.149063110351562,-11.549968719482422,87.199996948242188,-0.996917307376862,0.078459098935127,0.000000000000000
167.400131225585938,-8.359832763671875,87.199996948242188,-0.996917307376862,0.078459098935127,0.000000000000000
167.149063110351562,-11.549968719482422,90.400001525878906,-0.996917307376862,0.078459098935127,0.000000000000000
167.902267456054688,-1.979562163352966,80.800003051757812,-0.996917307376862,0.078459098935127,0.000000000000000
167.651199340820312,-5.169697761535645,84.000000000000000,-0.996917307376862,0.078459098935127,0.000000000000000
167.149063110351562,-11.549968719482422,80.800003051757812,-0.996917307376862,0.078459098935127,0.000000000000000
167.651199340820312,-5.169697761535645,87.199996948242188,-0.996917307376862,0.078459098935127,0.000000000000000
167.149063110351562,-11.549968719482422,84.000000000000000,-0.996917307376862,0.078459098935127,0.000000000000000
167.400131225585938,-8.359832763671875,90.400001525878906,-0.996917307376862,0.078459098935127,0.000000000000000
167.400131225585938,-8.359832763671875,84.000000000000000,-0.996917307376862,0.078459098935127,0.000000000000000
167.902267456054688,-1.979562163352966,84.000000000000000,-0.996917307376862,0.078459098935127,0.000000000000000
167.651199340820312,-5.169697761535645,80.800003051757812,-0.996917307376862,0.078459098935127,0.000000000000000
167.902267456054688,-1.979562163352966,93.599998474121094,-0.996917307376862,0.078459098935127,0.000000000000000
167.651199340820312,-5.169697761535645,93.599998474121094,-0.996917307376862,0.078459098935127,0.000000000000000
167.902267456054688,-1.979562163352966,96.800003051757812,-0.996917307376862,0.078459098935127,0.000000000000000
167.651199340820312,-5.169697761535645,96.800003051757812,-0.996917307376862,0.078459098935127,0.000000000000000
167.902267456054688,-1.979562163352966,103.199996948242188,-0.996917307376862,0.078459098935127,0.000000000000000
167.902267456054688,-1.979562163352966,100.000000000000000,-0.996917307376862,0.078459098935127,0.000000000000000
167.651199340820312,-5.169697761535645,103.199996948242188,-0.996917307376862,0.078459098935127,0.000000000000000
167.651199340820312,-5.169697761535645,100.000000000000000,-0.996917307376862,0.078459098935127,0.000000000000000
167.400131225585938,-8.359832763671875,93.599998474121094,-0.996917307376862,0.078459098935127,0.000000000000000
167.400131225585938,-8.359832763671875,100.000000000000000,-0.996917307376862,0.078459098935127,0.000000000000000
167.400131225585938,-8.359832763671875,96.800003051757812,-0.996917307376862,0.078459098935127,0.000000000000000
166.897994995117188,-14.740103721618652,90.400001525878906,-0.996917307376862,0.078459098935127,0.000000000000000
167.400131225585938,-8.359832763671875,103.199996948242188,-0.996917307376862,0.078459098935127,0.000000000000000
167.149063110351562,-11.549968719482422,93.599998474121094,-0.996917307376862,0.078459098935127,0.000000000000000
167.149063110351562,-11.549968719482422,103.199996948242188,-0.996917307376862,0.078459098935127,0.000000000000000
167.149063110351562,-11.549968719482422,100.000000000000000,-0.996917307376862,0.078459098935127,0.000000000000000
167.149063110351562,-11.549968719482422,96.800003051757812,-0.996917307376862,0.078459098935127,0.000000000000000
166.897994995117188,-14.740103721618652,93.599998474121094,-0.996917307376862,0.078459098935127,0.000000000000000
166.897994995117188,-14.740103721618652,96.800003051757812,-0.996917307376862,0.078459098935127,0.000000000000000
166.897994995117188,-14.740103721618652,103.199996948242188,-0.996917307376862,0.078459098935127,0.000000000000000
166.897994995117188,-14.740103721618652,100.000000000000000,-0.996917307376862,0.078459098935127,0.000000000000000
166.646926879882812,-17.930238723754883,103.199996948242188,-0.996917307376862,0.078459098935127,0.000000000000000
166.897994995117188,-14.740103721618652,87.199996948242188,-0.996917307376862,0.078459098935127,0.000000000000000
166.646926879882812,-17.930238723754883,100.000000000000000,-0.996917307376862,0.078459098935127,0.000000000000000
166.646926879882812,-17.930238723754883,96.800003051757812,-0.996917307376862,0.078459098935127,0.000000000000000
166.646926879882812,-17.930238723754883,93.599998474121094,-0.996917307376862,0.078459098935127,0.000000000000000
166.395858764648438,-21.120374679565430,100.000000000000000,-0.996917307376862,0.078459098935127,0.000000000000000
166.395858764648438,-21.120374679565430,103.199996948242188,-0.996917307376862,0.078459098935127,0.000000000000000
166.144790649414062,-24.310510635375977,103.199996948242188,-0.996917307376862,0.078459098935127,0.000000000000000
166.395858764648438,-21.120374679565430,93.599998474121094,-0.996917307376862,0.078459098935127,0.000000000000000
166.144790649414062,-24.310510635375977,100.000000000000000,-0.996917307376862,0.078459098935127,0.000000000000000
166.395858764648438,-21.120374679565430,96.800003051757812,-0.996917307376862,0.078459098935127,0.000000000000000
166.144790649414062,-24.310510635375977,93.599998474121094,-0.996917307376862,0.078459098935127,0.000000000000000
166.144790649414062,-24.310510635375977,96.800003051757812,-0.996917307376862,0.078459098935127,0.000000000000000
166.646926879882812,-17.930238723754883,84.000000000000000,-0.996917307376862,0.078459098935127,0.000000000000000
166.395858764648438,-21.120374679565430,84.000000000000000,-0.996917307376862,0.078459098935127,0.000000000000000
166.395858764648438,-21.120374679565430,80.800003051757812,-0.996917307376862,0.078459098935127,0.000000000000000
166.395858764648438,-21.120374679565430,90.400001525878906,-0.996917307376862,0.078459098935127,0.000000000000000
166.395858764648438,-21.120374679565430,87.199996948242188,-0.996917307376862,0.078459098935127,0.000000000000000
166.144790649414062,-24.310510635375977,84.000000000000000,-0.996917307376862,0.078459098935127,0.000000000000000
166.144790649414062,-24.310510635375977,80.800003051757812,-0.996917307376862,0.078459098935127,0.000000000000000
166.646926879882812,-17.930238723754883,80.800003051757812,-0.996917307376862,0.078459098935127,0.000000000000000
166.897994995117188,-14.740103721618652,80.800003051757812,-0.996917307376862,0.078459098935127,0.000000000000000
166.646926879882812,-17.930238723754883,90.400001525878906,-0.996917307376862,0.078459098935127,0.000000000000000
166.144790649414062,-24.310510635375977,87.199996948242188,-0.996917307376862,0.078459098935127,0.000000000000000
166.646926879882812,-17.930238723754883,87.199996948242188,-0.996917307376862,0.078459098935127,0.000000000000000
166.897994995117188,-14.740103721618652,84.000000000000000,-0.996917307376862,0.078459098935127,0.000000000000000
166.144790649414062,-24.310510635375977,90.400001525878906,-0.996917307376862,0.078459098935127,0.000000000000000
166.144790649414062,-24.310510635375977,67.199996948242188,-0.996917307376862,0.078459098935127,0.000000000000000
166.395858764648438,-21.120374679565430,67.199996948242188,-0.996917307376862,0.078459098935127,0.000000000000000
166.897994995117188,-14.740103721618652,70.400001525878906,-0.996917307376862,0.078459098935127,0.000000000000000
166.395858764648438,-21.120374679565430,70.400001525878906,-0.996917307376862,0.078459098935127,0.000000000000000
166.897994995117188,-14.740103721618652,67.199996948242188,-0.996917307376862,0.078459098935127,0.000000000000000
166.144790649414062,-24.310510635375977,73.599998474121094,-0.996917307376862,0.078459098935127,0.000000000000000
166.646926879882812,-17.930238723754883,73.599998474121094,-0.996917307376862,0.078459098935127,0.000000000000000
166.144790649414062,-24.310510635375977,76.800003051757812,-0.996917307376862,0.078459098935127,0.000000000000000
166.395858764648438,-21.120374679565430,73.599998474121094,-0.996917307376862,0.078459098935127,0.000000000000000
167.149063110351562,-11.549968719482422,67.199996948242188,-0.996917307376862,0.078459098935127,0.000000000000000
166.144790649414062,-24.310510635375977,70.400001525878906,-0.996917307376862,0.078459098935127,0.000000000000000
167.149063110351562,-11.549968719482422,70.400001525878906,-0.996917307376862,0.078459098935127,0.000000000000000
166.646926879882812,-17.930238723754883,67.199996948242188,-0.996917307376862,0.078459098935127,0.000000000000000
166.646926879882812,-17.930238723754883,76.800003051757812,-0.996917307376862,0.078459098935127,0.000000000000000
166.646926879882812,-17.930238723754883,70.400001525878906,-0.996917307376862,0.078459098935127,0.000000000000000
166.395858764648438,-21.120374679565430,76.800003051757812,-0.996917307376862,0.078459098935127,0.000000000000000
166.144790649414062,-24.310510635375977,64.000000000000000,-0.996917307376862,0.078459098935127,0.000000000000000
166.144790649414062,-24.310510635375977,57.599998474121094,-0.996917307376862,0.078459098935127,0.000000000000000
166.144790649414062,-24.310510635375977,60.799999237060547,-0.996917307376862,0.078459098935127,0.000000000000000
166.144790649414062,-24.310510635375977,54.400001525878906,-0.996917307376862,0.078459098935127,0.000000000000000
166.395858764648438,-21.120374679565430,60.799999237060547,-0.996917307376862,0.078459098935127,0.000000000000000
166.395858764648438,-21.120374679565430,64.000000000000000,-0.996917307376862,0.078459098935127,0.000000000000000
166.395858764648438,-21.120374679565430,57.599998474121094,-0.996917307376862,0.078459098935127,0.000000000000000
166.395858764648438,-21.120374679565430,54.400001525878906,-0.996917307376862,0.078459098935127,0.000000000000000
166.646926879882812,-17.930238723754883,64.000000000000000,-0.996917307376862,0.078459098935127,0.000000000000000
166.646926879882812,-17.930238723754883,57.599998474121094,-0.996917307376862,0.078459098935127,0.000000000000000
166.646926879882812,-17.930238723754883,60.799999237060547,-0.996917307376862,0.078459098935127,0.000000000000000
166.897994995117188,-14.740103721618652,73.599998474121094,-0.996917307376862,0.078459098935127,0.000000000000000
166.646926879882812,-17.930238723754883,54.400001525878906,-0.996917307376862,0.078459098935127,0.000000000000000
166.897994995117188,-14.740103721618652,54.400001525878906,-0.996917307376862,0.078459098935127,0.000000000000000
166.897994995117188,-14.740103721618652,57.599998474121094,-0.996917307376862,0.078459098935127,0.000000000000000
166.897994995117188,-14.740103721618652,64.000000000000000,-0.996917307376862,0.078459098935127,0.000000000000000
166.897994995117188,-14.740103721618652,60.799999237060547,-0.996917307376862,0.078459098935127,0.000000000000000
167.149063110351562,-11.549968719482422,60.799999237060547,-0.996917307376862,0.078459098935127,0.000000000000000
167.149063110351562,-11.549968719482422,57.599998474121094,-0.996917307376862,0.078459098935127,0.000000000000000
167.149063110351562,-11.549968719482422,64.000000000000000,-0.996917307376862,0.078459098935127,0.000000000000000
167.149063110351562,-11.549968719482422,54.400001525878906,-0.996917307376862,0.078459098935127,0.000000000000000
167.400131225585938,-8.359832763671875,54.400001525878906,-0.996917307376862,0.078459098935127,0.000000000000000
166.897994995117188,-14.740103721618652,76.800003051757812,-0.996917307376862,0.078459098935127,0.000000000000000
167.400131225585938,-8.359832763671875,57.599998474121094,-0.996917307376862,0.078459098935127,0.000000000000000
167.651199340820312,-5.169697761535645,54.400001525878906,-0.996917307376862,0.078459098935127,0.000000000000000
167.400131225585938,-8.359832763671875,60.799999237060547,-0.996917307376862,0.078459098935127,0.000000000000000
167.651199340820312,-5.169697761535645,57.599998474121094,-0.996917307376862,0.078459098935127,0.000000000000000
167.400131225585938,-8.359832763671875,64.000000000000000,-0.996917307376862,0.078459098935127,0.000000000000000
167.902267456054688,-1.979562163352966,54.400001525878906,-0.996917307376862,0.078459098935127,0.000000000000000
167.651199340820312,-5.169697761535645,60.799999237060547,-0.996917307376862,0.078459098935127,0.000000000000000
167.902267456054688,-1.979562163352966,57.599998474121094,-0.996917307376862,0.078459098935127,0.000000000000000
167.651199340820312,-5.169697761535645,64.000000000000000,-0.996917307376862,0.078459098935127,0.000000000000000
167.902267456054688,-1.979562163352966,60.799999237060547,-0.996917307376862,0.078459098935127,0.000000000000000
167.902267456054688,-1.979562163352966,64.000000000000000,-0.996917307376862,0.078459098935127,0.000000000000000
167.400131225585938,-8.359832763671875,76.800003051757812,-0.996917307376862,0.078459098935127,0.000000000000000
167.651199340820312,-5.169697761535645,70.400001525878906,-0.996917307376862,0.078459098935127,0.000000000000000
167.651199340820312,-5.169697761535645,76.800003051757812,-0.996917307376862,0.078459098935127,0.000000000000000
167.651199340820312,-5.169697761535645,67.199996948242188,-0.996917307376862,0.078459098935127,0.000000000000000
167.651199340820312,-5.169697761535645,73.599998474121094,-0.996917307376862,0.078459098935127,0.000000000000000
167.902267456054688,-1.979562163352966,73.599998474121094,-0.996917307376862,0.078459098935127,0.000000000000000
167.902267456054688,-1.979562163352966,76.800003051757812,-0.996917307376862,0.078459098935127,0.000000000000000
167.400131225585938,-8.359832763671875,73.599998474121094,-0.996917307376862,0.078459098935127,0.000000000000000
167.149063110351562,-11.549968719482422,73.599998474121094,-0.996917307376862,0.078459098935127,0.000000000000000
167.400131225585938,-8.359832763671875,67.199996948242188,-0.996917307376862,0.078459098935127,0.000000000000000
167.902267456054688,-1.979562163352966,70.400001525878906,-0.996917307376862,0.078459098935127,0.000000000000000
167.400131225585938,-8.359832763671875,70.400001525878906,-0.996917307376862,0.078459098935127,0.000000000000000
167.149063110351562,-11.549968719482422,76.800003051757812,-0.996917307376862,0.078459098935127,0.000000000000000
167.902267456054688,-1.979562163352966,67.199996948242188,-0.996917307376862,0.078459098935127,0.000000000000000
166.144790649414062,24.310512542724609,90.400001525878906,-0.996917307376862,0.078459098935127,0.000000000000000
166.395858764648438,21.120376586914062,90.400001525878906,-0.996917307376862,0.078459098935127,0.000000000000000
166.646926879882812,17.930240631103516,80.800003051757812,-0.996917307376862,0.078459098935127,0.000000000000000
166.144790649414062,24.310512542724609,87.199996948242188,-0.996917307376862,0.078459098935127,0.000000000000000
166.897994995117188,14.740105628967285,87.199996948242188,-0.996917307376862,0.078459098935127,0.000000000000000
166.646926879882812,17.930240631103516,87.199996948242188,-0.996917307376862,0.078459098935127,0.000000000000000
166.897994995117188,14.740105628967285,90.400001525878906,-0.996917307376862,0.078459098935127,0.000000000000000
166.144790649414062,24.310512542724609,80.800003051757812,-0.996917307376862,0.078459098935127,0.000000000000000
166.395858764648438,21.120376586914062,84.000000000000000,-0.996917307376862,0.078459098935127,0.000000000000000
166.897994995117188,14.740105628967285,80.800003051757812,-0.996917307376862,0.078459098935127,0.000000000000000
166.395858764648438,21.120376586914062,87.199996948242188,-0.996917307376862,0.078459098935127,0.000000000000000
166.897994995117188,14.740105628967285,84.000000000000000,-0.996917307376862,0.078459098935127,0.000000000000000
166.646926879882812,17.930240631103516,90.400001525878906,-0.996917307376862,0.078459098935127,0.000000000000000
166.646926879882812,17.930240631103516,84.000000000000000,-0.996917307376862,0.078459098935127,0.000000000000000
166.144790649414062,24.310512542724609,84.000000000000000,-0.996917307376862,0.078459098935127,0.000000000000000
166.395858764648438,21.120376586914062,80.800003051757812,-0.996917307376862,0.078459098935127,0.000000000000000
166.144790649414062,24.310512542724609,93.599998474121094,-0.996917307376862,0.078459098935127,0.000000000000000
166.395858764648438,21.120376586914062,93.599998474121094,-0.996917307376862,0.078459098935127,0.000000000000000
166.144790649414062,24.310512542724609,96.800003051757812,-0.996917307376862,0.078459098935127,0.000000000000000
166.395858764648438,21.120376586914062,96.800003051757812,-0.996917307376862,0.078459098935127,0.000000000000000
166.144790649414062,24.310512542724609,103.199996948242188,-0.996917307376862,0.078459098935127,0.000000000000000
166.144790649414062,24.310512542724609,100.000000000000000,-0.996917307376862,0.078459098935127,0.000000000000000
166.395858764648438,21.120376586914062,103.199996948242188,-0.996917307376862,0.078459098935127,0.000000000000000
166.395858764648438,21.120376586914062,100.000000000000000,-0.996917307376862,0.078459098935127,0.000000000000000
166.646926879882812,17.930240631103516,93.599998474121094,-0.996917307376862,0.078459098935127,0.000000000000000
166.646926879882812,17.930240631103516,100.000000000000000,-0.996917307376862,0.078459098935127,0.000000000000000
166.646926879882812,17.930240631103516,96.800003051757812,-0.996917307376862,0.078459098935127,0.000000000000000
167.149063110351562,11.549969673156738,90.400001525878906,-0.996917307376862,0.078459098935127,0.000000000000000
166.646926879882812,17.930240631103516,103.199996948242188,-0.996917307376862,0.078459098935127,0.000000000000000
166.897994995117188,14.740105628967285,93.599998474121094,-0.996917307376862,0.078459098935127,0.000000000000000
166.897994995117188,14.740105628967285,103.199996948242188,-0.996917307376862,0.078459098935127,0.000000000000000
166.897994995117188,14.740105628967285,100.000000000000000,-0.996917307376862,0.078459098935127,0.000000000000000
166.897994995117188,14.740105628967285,96.800003051757812,-0.996917307376862,0.078459098935127,0.000000000000000
167.149063110351562,11.549969673156738,93.599998474121094,-0.996917307376862,0.078459098935127,0.000000000000000
167.149063110351562,11.549969673156738,96.800003051757812,-0.996917307376862,0.078459098935127,0.000000000000000
167.149063110351562,11.549969673156738,103.199996948242188,-0.996917307376862,0.078459098935127,0.000000000000000
167.149063110351562,11.549969673156738,100.000000000000000,-0.996917307376862,0.078459098935127,0.000000000000000
167.400131225585938,8.359834671020508,103.199996948242188,-0.996917307376862,0.078459098935127,0.000000000000000
167.149063110351562,11.549969673156738,87.199996948242188,-0.996917307376862,0.078459098935127,0.000000000000000
167.400131225585938,8.359834671020508,100.000000000000000,-0.996917307376862,0.078459098935127,0.000000000000000
167.400131225585938,8.359834671020508,96.800003051757812,-0.996917307376862,0.078459098935127,0.000000000000000
167.400131225585938,8.359834671020508,93.599998474121094,-0.996917307376862,0.078459098935127,0.000000000000000
167.651199340820312,5.169698715209961,100.000000000000000,-0.996917307376862,0.078459098935127,0.000000000000000
167.651199340820312,5.169698715209961,103.199996948242188,-0.996917307376862,0.078459098935127,0.000000000000000
167.902267456054688,1.979563355445862,103.199996948242188,-0.996917307376862,0.078459098935127,0.000000000000000
167.651199340820312,5.169698715209961,93.599998474121094,-0.996917307376862,0.078459098935127,0.000000000000000
167.902267456054688,1.979563355445862,100.000000000000000,-0.996917307376862,0.078459098935127,0.000000000000000
167.651199340820312,5.169698715209961,96.800003051757812,-0.996917307376862,0.078459098935127,0.000000000000000
167.902267456054688,1.979563355445862,93.599998474121094,-0.996917307376862,0.078459098935127,0.000000000000000
167.902267456054688,1.979563355445862,96.800003051757812,-0.996917307376862,0.078459098935127,0.000000000000000
167.400131225585938,8.359834671020508,84.000000000000000,-0.996917307376862,0.078459098935127,0.000000000000000
167.651199340820312,5.169698715209961,84.000000000000000,-0.996917307376862,0.078459098935127,0.000000000000000
167.651199340820312,5.169698715209961,80.800003051757812,-0.996917307376862,0.078459098935127,0.000000000000000
167.651199340820312,5.169698715209961,90.400001525878906,-0.996917307376862,0.078459098935127,0.000000000000000
167.651199340820312,5.169698715209961,87.199996948242188,-0.996917307376862,0.078459098935127,0.000000000000000
167.902267456054688,1.979563355445862,84.000000000000000,-0.996917307376862,0.078459098935127,0.000000000000000
167.902267456054688,1.979563355445862,80.800003051757812,-0.996917307376862,0.078459098935127,0.000000000000000
167.400131225585938,8.359834671020508,80.800003051757812,-0.996917307376862,0.078459098935127,0.000000000000000
167.149063110351562,11.549969673156738,80.800003051757812,-0.996917307376862,0.078459098935127,0.000000000000000
167.400131225585938,8.359834671020508,90.400001525878906,-0.996917307376862,0.078459098935127,0.000000000000000
167.902267456054688,1.979563355445862,87.199996948242188,-0.996917307376862,0.078459098935127,0.000000000000000
167.400131225585938,8.359834671020508,87.199996948242188,-0.996917307376862,0.078459098935127,0.000000000000000
167.149063110351562,11.549969673156738,84.000000000000000,-0.996917307376862,0.078459098935127,0.000000000000000
167.902267456054688,1.979563355445862,90.400001525878906,-0.996917307376862,0.078459098935127,0.000000000000000
167.902267456054688,1.979563355445862,67.199996948242188,-0.996917307376862,0.078459098935127,0.000000000000000
167.651199340820312,5.169698715209961,67.199996948242188,-0.996917307376862,0.078459098935127,0.000000000000000
167.149063110351562,11.549969673156738,70.400001525878906,-0.996917307376862,0.078459098935127,0.000000000000000
167.651199340820312,5.169698715209961,70.400001525878906,-0.996917307376862,0.078459098935127,0.000000000000000
167.149063110351562,11.549969673156738,67.199996948242188,-0.996917307376862,0.078459098935127,0.000000000000000
167.902267456054688,1.979563355445862,73.599998474121094,-0.996917307376862,0.078459098935127,0.000000000000000
167.400131225585938,8.359834671020508,73.599998474121094,-0.996917307376862,0.078459098935127,0.000000000000000
167.902267456054688,1.979563355445862,76.800003051757812,-0.996917307376862,0.078459098935127,0.000000000000000
167.651199340820312,5.169698715209961,73.599998474121094,-0.996917307376862,0.078459098935127,0.000000000000000
166.897994995117188,14.740105628967285,67.199996948242188,-0.996917307376862,0.078459098935127,0.000000000000000
167.902267456054688,1.979563355445862,70.400001525878906,-0.996917307376862,0.078459098935127,0.000000000000000
166.897994995117188,14.740105628967285,70.400001525878906,-0.996917307376862,0.078459098935127,0.000000000000000
167.400131225585938,8.359834671020508,67.199996948242188,-0.996917307376862,0.078459098935127,0.000000000000000
167.400131225585938,8.359834671020508,76.800003051757812,-0.996917307376862,0.078459098935127,0.000000000000000
167.400131225585938,8.359834671020508,70.400001525878906,-0.996917307376862,0.078459098935127,0.000000000000000
167.651199340820312,5.169698715209961,76.800003051757812,-0.996917307376862,0.078459098935127,0.000000000000000
167.902267456054688,1.979563355445862,64.000000000000000,-0.996917307376862,0.078459098935127,0.000000000000000
167.902267456054688,1.979563355445862,57.599998474121094,-0.996917307376862,0.078459098935127,0.000000000000000
167.902267456054688,1.979563355445862,60.799999237060547,-0.996917307376862,0.078459098935127,0.000000000000000
167.902267456054688,1.979563355445862,54.400001525878906,-0.996917307376862,0.078459098935127,0.000000000000000
167.651199340820312,5.169698715209961,60.799999237060547,-0.996917307376862,0.078459098935127,0.000000000000000
167.651199340820312,5.169698715209961,64.000000000000000,-0.996917307376862,0.078459098935127,0.000000000000000
167.651199340820312,5.169698715209961,57.599998474121094,-0.996917307376862,0.078459098935127,0.000000000000000
167.651199340820312,5.169698715209961,54.400001525878906,-0.996917307376862,0.078459098935127,0.000000000000000
167.400131225585938,8.359834671020508,64.000000000000000,-0.996917307376862,0.078459098935127,0.000000000000000
167.400131225585938,8.359834671020508,57.599998474121094,-0.996917307376862,0.078459098935127,0.000000000000000
167.400131225585938,8.359834671020508,60.799999237060547,-0.996917307376862,0.078459098935127,0.000000000000000
167.149063110351562,11.549969673156738,73.599998474121094,-0.996917307376862,0.078459098935127,0.000000000000000
167.400131225585938,8.359834671020508,54.400001525878906,-0.996917307376862,0.078459098935127,0.000000000000000
167.149063110351562,11.549969673156738,54.400001525878906,-0.996917307376862,0.078459098935127,0.000000000000000
167.149063110351562,11.549969673156738,57.599998474121094,-0.996917307376862,0.078459098935127,0.000000000000000
167.149063110351562,11.549969673156738,64.000000000000000,-0.996917307376862,0.078459098935127,0.000000000000000
167.149063110351562,11.549969673156738,60.799999237060547,-0.996917307376862,0.078459098935127,0.000000000000000
166.897994995117188,14.740105628967285,60.799999237060547,-0.996917307376862,0.078459098935127,0.000000000000000
166.897994995117188,14.740105628967285,57.599998474121094,-0.996917307376862,0.078459098935127,0.000000000000000
166.897994995117188,14.740105628967285,64.000000000000000,-0.996917307376862,0.078459098935127,0.000000000000000
166.897994995117188,14.740105628967285,54.400001525878906,-0.996917307376862,0.078459098935127,0.000000000000000
166.646926879882812,17.930240631103516,54.400001525878906,-0.996917307376862,0.078459098935127,0.000000000000000
167.149063110351562,11.549969673156738,76.800003051757812,-0.996917307376862,0.078459098935127,0.000000000000000
166.646926879882812,17.930240631103516,57.599998474121094,-0.996917307376862,0.078459098935127,0.000000000000000
166.395858764648438,21.120376586914062,54.400001525878906,-0.996917307376862,0.078459098935127,0.000000000000000
166.646926879882812,17.930240631103516,60.799999237060547,-0.996917307376862,0.078459098935127,0.000000000000000
166.395858764648438,21.120376586914062,57.599998474121094,-0.996917307376862,0.078459098935127,0.000000000000000
166.646926879882812,17.930240631103516,64.000000000000000,-0.996917307376862,0.078459098935127,0.000000000000000
166.144790649414062,24.310512542724609,54.400001525878906,-0.996917307376862,0.078459098935127,0.000000000000000
166.395858764648438,21.120376586914062,60.799999237060547,-0.996917307376862,0.078459098935127,0.000000000000000
166.144790649414062,24.310512542724609,57.599998474121094,-0.996917307376862,0.078459098935127,0.000000000000000
166.395858764648438,21.120376586914062,64.000000000000000,-0.996917307376862,0.078459098935127,0.000000000000000
166.144790649414062,24.310512542724609,60.799999237060547,-0.996917307376862,0.078459098935127,0.000000000000000
166.144790649414062,24.310512542724609,64.000000000000000,-0.996917307376862,0.078459098935127,0.000000000000000
166.646926879882812,17.930240631103516,76.800003051757812,-0.996917307376862,0.078459098935127,0.000000000000000
166.395858764648438,21.120376586914062,70.400001525878906,-0.996917307376862,0.078459098935127,0.000000000000000
166.395858764648438,21.120376586914062,76.800003051757812,-0.996917307376862,0.078459098935127,0.000000000000000
166.395858764648438,21.120376586914062,67.199996948242188,-0.996917307376862,0.078459098935127,0.000000000000000
166.395858764648438,21.120376586914062,73.599998474121094,-0.996917307376862,0.078459098935127,0.000000000000000
166.144790649414062,24.310512542724609,73.599998474121094,-0.996917307376862,0.078459098935127,0.000000000000000
166.144790649414062,24.310512542724609,76.800003051757812,-0.996917307376862,0.078459098935127,0.000000000000000
166.646926879882812,17.930240631103516,73.599998474121094,-0.996917307376862,0.078459098935127,0.000000000000000
166.897994995117188,14.740105628967285,73.599998474121094,-0.996917307376862,0.078459098935127,0.000000000000000
166.646926879882812,17.930240631103516,67.199996948242188,-0.996917307376862,0.078459098935127,0.000000000000000
166.144790649414062,24.310512542724609,70.400001525878906,-0.996917307376862,0.078459098935127,0.000000000000000
166.646926879882812,17.930240631103516,70.400001525878906,-0.996917307376862,0.078459098935127,0.000000000000000
166.897994995117188,14.740105628967285,76.800003051757812,-0.996917307376862,0.078459098935127,0.000000000000000
166.144790649414062,24.310512542724609,67.199996948242188,-0.996917307376862,0.078459098935127,0.000000000000000
160.296264648437500,50.001979827880859,90.400001525878906,-0.972369909286499,0.233445361256599,0.000000000000000
161.043289184570312,46.890396118164062,90.400001525878906,-0.972369909286499,0.233445361256599,0.000000000000000
161.790313720703125,43.778812408447266,80.800003051757812,-0.972369909286499,0.233445361256599,0.000000000000000
160.296264648437500,50.001979827880859,87.199996948242188,-0.972369909286499,0.233445361256599,0.000000000000000
162.537338256835938,40.667228698730469,87.199996948242188,-0.972369909286499,0.233445361256599,0.000000000000000
161.790313720703125,43.778812408447266,87.199996948242188,-0.972369909286499,0.233445361256599,0.000000000000000
162.537338256835938,40.667228698730469,90.400001525878906,-0.972369909286499,0.233445361256599,0.000000000000000
160.296264648437500,50.001979827880859,80.800003051757812,-0.972369909286499,0.233445361256599,0.000000000000000
161.043289184570312,46.890396118164062,84.000000000000000,-0.972369909286499,0.233445361256599,0.000000000000000
162.537338256835938,40.667228698730469,80.800003051757812,-0.972369909286499,0.233445361256599,0.000000000000000
161.043289184570312,46.890396118164062,87.199996948242188,-0.972369909286499,0.233445361256599,0.000000000000000
162.537338256835938,40.667228698730469,84.000000000000000,-0.972369909286499,0.233445361256599,0.000000000000000
161.790313720703125,43.778812408447266,90.400001525878906,-0.972369909286499,0.233445361256599,0.000000000000000
161.790313720703125,43.778812408447266,84.000000000000000,-0.972369909286499,0.233445361256599,0.000000000000000
160.296264648437500,50.001979827880859,84.000000000000000,-0.972369909286499,0.233445361256599,0.000000000000000
161.043289184570312,46.890396118164062,80.800003051757812,-0.972369909286499,0.233445361256599,0.000000000000000
160.296264648437500,50.001979827880859,93.599998474121094,-0.972369909286499,0.233445361256599,0.000000000000000
161.043289184570312,46.890396118164062,93.599998474121094,-0.972369909286499,0.233445361256599,0.000000000000000
160.296264648437500,50.001979827880859,96.800003051757812,-0.972369909286499,0.233445361256599,0.000000000000000
161.043289184570312,46.890396118164062,96.800003051757812,-0.972369909286499,0.233445361256599,0.000000000000000
160.296264648437500,50.001979827880859,103.199996948242188,-0.972369909286499,0.233445361256599,0.000000000000000
160.296264648437500,50.001979827880859,100.000000000000000,-0.972369909286499,0.233445361256599,0.000000000000000
161.043289184570312,46.890396118164062,103.199996948242188,-0.972369909286499,0.233445361256599,0.000000000000000
161.043289184570312,46.890396118164062,100.000000000000000,-0.972369909286499,0.233445361256599,0.000000000000000
161.790313720703125,43.778812408447266,93.599998474121094,-0.972369909286499,0.233445361256599,0.000000000000000
161.790313720703125,43.778812408447266,100.000000000000000,-0.972369909286499,0.233445361256599,0.000000000000000
161.790313720703125,43.778812408447266,96.800003051757812,-0.972369909286499,0.233445361256599,0.000000000000000
163.284362792968750,37.555644989013672,90.400001525878906,-0.972369909286499,0.233445361256599,0.000000000000000
161.790313720703125,43.778812408447266,103.199996948242188,-0.972369909286499,0.233445361256599,0.000000000000000
162.537338256835938,40.667228698730469,93.599998474121094,-0.972369909286499,0.233445361256599,0.000000000000000
162.537338256835938,40.667228698730469,103.199996948242188,-0.972369909286499,0.233445361256599,0.000000000000000
162.537338256835938,40.667228698730469,100.000000000000000,-0.972369909286499,0.233445361256599,0.000000000000000
162.537338256835938,40.667228698730469,96.800003051757812,-0.972369909286499,0.233445361256599,0.000000000000000
163.284362792968750,37.555644989013672,93.599998474121094,-0.972369909286499,0.233445361256599,0.000000000000000
163.284362792968750,37.555644989013672,96.800003051757812,-0.972369909286499,0.233445361256599,0.000000000000000
163.284362792968750,37.555644989013672,103.199996948242188,-0.972369909286499,0.233445361256599,0.000000000000000
163.284362792968750,37.555644989013672,100.000000000000000,-0.972369909286499,0.233445361256599,0.000000000000000
164.031387329101562,34.444061279296875,103.199996948242188,-0.972369909286499,0.233445361256599,0.000000000000000
163.284362792968750,37.555644989013672,87.199996948242188,-0.972369909286499,0.233445361256599,0.000000000000000
164.031387329101562,34.444061279296875,100.000000000000000,-0.972369909286499,0.233445361256599,0.000000000000000
164.031387329101562,34.444061279296875,96.800003051757812,-0.972369909286499,0.233445361256599,0.000000000000000
164.031387329101562,34.444061279296875,93.599998474121094,-0.972369909286499,0.233445361256599,0.000000000000000
164.778411865234375,31.332477569580078,100.000000000000000,-0.972369909286499,0.233445361256599,0.000000000000000
164.778411865234375,31.332477569580078,103.199996948242188,-0.972369909286499,0.233445361256599,0.000000000000000
165.525451660156250,28.220893859863281,103.199996948242188,-0.972369909286499,0.233445361256599,0.000000000000000
164.778411865234375,31.332477569580078,93.599998474121094,-0.972369909286499,0.233445361256599,0.000000000000000
165.525451660156250,28.220893859863281,100.000000000000000,-0.972369909286499,0.233445361256599,0.000000000000000
164.778411865234375,31.332477569580078,96.800003051757812,-0.972369909286499,0.233445361256599,0.000000000000000
165.525451660156250,28.220893859863281,93.599998474121094,-0.972369909286499,0.233445361256599,0.000000000000000
165.525451660156250,28.220893859863281,96.800003051757812,-0.972369909286499,0.233445361256599,0.000000000000000
164.031387329101562,34.444061279296875,84.000000000000000,-0.972369909286499,0.233445361256599,0.000000000000000
164.778411865234375,31.332477569580078,84.000000000000000,-0.972369909286499,0.233445361256599,0.000000000000000
164.778411865234375,31.332477569580078,80.800003051757812,-0.972369909286499,0.233445361256599,0.000000000000000
164.778411865234375,31.332477569580078,90.400001525878906,-0.972369909286499,0.233445361256599,0.000000000000000
164.778411865234375,31.332477569580078,87.199996948242188,-0.972369909286499,0.233445361256599,0.000000000000000
165.525451660156250,28.220893859863281,84.000000000000000,-0.972369909286499,0.233445361256599,0.000000000000000
165.525451660156250,28.220893859863281,80.800003051757812,-0.972369909286499,0.233445361256599,0.000000000000000
164.031387329101562,34.444061279296875,80.800003051757812,-0.972369909286499,0.233445361256599,0.000000000000000
163.284362792968750,37.555644989013672,80.800003051757812,-0.972369909286499,0.233445361256599,0.000000000000000
164.031387329101562,34.444061279296875,90.400001525878906,-0.972369909286499,0.233445361256599,0.000000000000000
165.525451660156250,28.220893859863281,87.199996948242188,-0.972369909286499,0.233445361256599,0.000000000000000
164.031387329101562,34.444061279296875,87.199996948242188,-0.972369909286499,0.233445361256599,0.000000000000000
163.284362792968750,37.555644989013672,84.000000000000000,-0.972369909286499,0.233445361256599,0.000000000000000
165.525451660156250,28.220893859863281,90.400001525878906,-0.972369909286499,0.233445361256599,0.000000000000000
165.525451660156250,28.220893859863281,67.199996948242188,-0.972369909286499,0.233445361256599,0.000000000000000
164.778411865234375,31.332477569580078,67.199996948242188,-0.972369909286499,0.233445361256599,0.000000000000000
163.284362792968750,37.555644989013672,70.400001525878906,-0.972369909286499,0.233445361256599,0.000000000000000
164.778411865234375,31.332477569580078,70.400001525878906,-0.972369909286499,0.233445361256599,0.000000000000000
163.284362792968750,37.555644989013672,67.199996948242188,-0.972369909286499,0.233445361256599,0.000000000000000
165.525451660156250,28.220893859863281,73.599998474121094,-0.972369909286499,0.233445361256599,0.000000000000000
164.031387329101562,34.444061279296875,73.599998474121094,-0.972369909286499,0.233445361256599,0.000000000000000
165.525451660156250,28.220893859863281,76.800003051757812,-0.972369909286499,0.233445361256599,0.000000000000000
164.778411865234375,31.332477569580078,73.599998474121094,-0.972369909286499,0.233445361256599,0.000000000000000
162.537338256835938,40.667228698730469,67.199996948242188,-0.972369909286499,0.233445361256599,0.000000000000000
165.525451660156250,28.220893859863281,70.400001525878906,-0.972369909286499,0.233445361256599,0.000000000000000
162.537338256835938,40.667228698730469,70.400001525878906,-0.972369909286499,0.233445361256599,0.000000000000000
164.031387329101562,34.444061279296875,67.199996948242188,-0.972369909286499,0.233445361256599,0.000000000000000
164.031387329101562,34.444061279296875,76.800003051757812,-0.972369909286499,0.233445361256599,0.000000000000000
164.031387329101562,34.444061279296875,70.400001525878906,-0.972369909286499,0.233445361256599,0.000000000000000
164.778411865234375,31.332477569580078,76.800003051757812,-0.972369909286499,0.233445361256599,0.000000000000000
165.525451660156250,28.220893859863281,64.000000000000000,-0.972369909286499,0.233445361256599,0.000000000000000
165.525451660156250,28.220893859863281,57.599998474121094,-0.972369909286499,0.233445361256599,0.000000000000000
165.525451660156250,28.220893859863281,60.799999237060547,-0.972369909286499,0.233445361256599,0.000000000000000
165.525451660156250,28.220893859863281,54.400001525878906,-0.972369909286499,0.233445361256599,0.000000000000000
164.778411865234375,31.332477569580078,60.799999237060547,-0.972369909286499,0.233445361256599,0.000000000000000
164.778411865234375,31.332477569580078,64.000000000000000,-0.972369909286499,0.233445361256599,0.000000000000000
164.778411865234375,31.332477569580078,57.599998474121094,-0.972369909286499,0.233445361256599,0.000000000000000
164.778411865234375,31.332477569580078,54.400001525878906,-0.972369909286499,0.233445361256599,0.000000000000000
164.031387329101562,34.444061279296875,64.000000000000000,-0.972369909286499,0.233445361256599,0.000000000000000
164.031387329101562,34.444061279296875,57.599998474121094,-0.972369909286499,0.233445361256599,0.000000000000000
164.031387329101562,34.444061279296875,60.799999237060547,-0.972369909286499,0.233445361256599,0.000000000000000
163.284362792968750,37.555644989013672,73.599998474121094,-0.972369909286499,0.233445361256599,0.000000000000000
164.031387329101562,34.444061279296875,54.400001525878906,-0.972369909286499,0.233445361256599,0.000000000000000
163.284362792968750,37.555644989013672,54.400001525878906,-0.972369909286499,0.233445361256599,0.000000000000000
163.284362792968750,37.555644989013672,57.599998474121094,-0.972369909286499,0.233445361256599,0.000000000000000
163.284362792968750,37.555644989013672,64.000000000000000,-0.972369909286499,0.233445361256599,0.000000000000000
163.284362792968750,37.555644989013672,60.799999237060547,-0.972369909286499,0.233445361256599,0.000000000000000
162.537338256835938,40.667228698730469,60.799999237060547,-0.972369909286499,0.233445361256599,0.000000000000000
162.537338256835938,40.667228698730469,57.599998474121094,-0.972369909286499,0.233445361256599,0.000000000000000
162.537338256835938,40.667228698730469,64.000000000000000,-0.972369909286499,0.233445361256599,0.000000000000000
162.537338256835938,40.667228698730469,54.400001525878906,-0.972369909286499,0.233445361256599,0.000000000000000
161.790313720703125,43.778812408447266,54.400001525878906,-0.972369909286499,0.233445361256599,0.000000000000000
163.284362792968750,37.555644989013672,76.800003051757812,-0.972369909286499,0.233445361256599,0.000000000000000
161.790313720703125,43.778812408447266,57.599998474121094,-0.972369909286499,0.233445361256599,0.000000000000000
161.043289184570312,46.890396118164062,54.400001525878906,-0.972369909286499,0.233445361256599,0.000000000000000
161.790313720703125,43.778812408447266,60.799999237060547,-0.972369909286499,0.233445361256599,0.000000000000000
161.043289184570312,46.890396118164062,57.599998474121094,-0.972369909286499,0.233445361256599,0.000000000000000
161.790313720703125,43.778812408447266,64.000000000000000,-0.972369909286499,0.233445361256599,0.000000000000000
160.296264648437500,50.001979827880859,54.400001525878906,-0.972369909286499,0.233445361256599,0.000000000000000
161.043289184570312,46.890396118164062,60.799999237060547,-0.972369909286499,0.233445361256599,0.000000000000000
160.296264648437500,50.001979827880859,57.599998474121094,-0.972369909286499,0.233445361256599,0.000000000000000
161.043289184570312,46.890396118164062,64.000000000000000,-0.972369909286499,0.233445361256599,0.000000000000000
160.296264648437500,50.001979827880859,60.799999237060547,-0.972369909286499,0.233445361256599,0.000000000000000
160.296264648437500,50.001979827880859,64.000000000000000,-0.972369909286499,0.233445361256599,0.000000000000000
161.790313720703125,43.778812408447266,76.800003051757812,-0.972369909286499,0.233445361256599,0.000000000000000
161.043289184570312,46.890396118164062,70.400001525878906,-0.972369909286499,0.233445361256599,0.000000000000000
161.043289184570312,46.890396118164062,76.800003051757812,-0.972369909286499,0.233445361256599,0.000000000000000
161.043289184570312,46.890396118164062,67.199996948242188,-0.972369909286499,0.233445361256599,0.000000000000000
161.043289184570312,46.890396118164062,73.599998474121094,-0.972369909286499,0.233445361256599,0.000000000000000
160.296264648437500,50.001979827880859,73.599998474121094,-0.972369909286499,0.233445361256599,0.000000000000000
160.296264648437500,50.001979827880859,76.800003051757812,-0.972369909286499,0.233445361256599,0.000000000000000
161.790313720703125,43.778812408447266,73.599998474121094,-0.972369909286499,0.233445361256599,0.000000000000000
162.537338256835938,40.667228698730469,73.599998474121094,-0.972369909286499,0.233445361256599,0.000000000000000
161.790313720703125,43.778812408447266,67.199996948242188,-0.972369909286499,0.233445361256599,0.000000000000000
160.296264648437500,50.001979827880859,70.400001525878906,-0.972369909286499,0.233445361256599,0.000000000000000
161.790313720703125,43.778812408447266,70.400001525878906,-0.972369909286499,0.233445361256599,0.000000000000000
162.537338256835938,40.667228698730469,76.800003051757812,-0.972369909286499,0.233445361256599,0.000000000000000
160.296264648437500,50.001979827880859,67.199996948242188,-0.972369909286499,0.233445361256599,0.000000000000000
160.296264648437500,50.001979827880859,37.599998474121094,-0.972369909286499,0.233445361256599,0.000000000000000
161.043289184570312,46.890396118164062,37.599998474121094,-0.972369909286499,0.233445361256599,0.000000000000000
161.790313720703125,43.778812408447266,28.000000000000000,-0.972369909286499,0.233445361256599,0.000000000000000
160.296264648437500,50.001979827880859,34.400001525878906,-0.972369909286499,0.233445361256599,0.000000000000000
162.537338256835938,40.667228698730469,34.400001525878906,-0.972369909286499,0.233445361256599,0.000000000000000
161.790313720703125,43.778812408447266,34.400001525878906,-0.972369909286499,0.233445361256599,0.000000000000000
162.537338256835938,40.667228698730469,37.599998474121094,-0.972369909286499,0.233445361256599,0.000000000000000
160.296264648437500,50.001979827880859,28.000000000000000,-0.972369909286499,0.233445361256599,0.000000000000000
161.043289184570312,46.890396118164062,31.200000762939453,-0.972369909286499,0.233445361256599,0.000000000000000
162.537338256835938,40.667228698730469,28.000000000000000,-0.972369909286499,0.233445361256599,0.000000000000000
161.043289184570312,46.890396118164062,34.400001525878906,-0.972369909286499,0.233445361256599,0.000000000000000
162.537338256835938,40.667228698730469,31.200000762939453,-0.972369909286499,0.233445361256599,0.000000000000000
161.790313720703125,43.778812408447266,37.599998474121094,-0.972369909286499,0.233445361256599,0.000000000000000
161.790313720703125,43.778812408447266,31.200000762939453,-0.972369909286499,0.233445361256599,0.000000000000000
160.296264648437500,50.001979827880859,31.200000762939453,-0.972369909286499,0.233445361256599,0.000000000000000
161.043289184570312,46.890396118164062,28.000000000000000,-0.972369909286499,0.233445361256599,0.000000000000000
160.296264648437500,50.001979827880859,40.799999237060547,-0.972369909286499,0.233445361256599,0.000000000000000
161.043289184570312,46.890396118164062,40.799999237060547,-0.972369909286499,0.233445361256599,0.000000000000000
160.296264648437500,50.001979827880859,44.000000000000000,-0.972369909286499,0.233445361256599,0.000000000000000
161.043289184570312,46.890396118164062,44.000000000000000,-0.972369909286499,0.233445361256599,0.000000000000000
160.296264648437500,50.001979827880859,50.400001525878906,-0.972369909286499,0.233445361256599,0.000000000000000
160.296264648437500,50.001979827880859,47.200000762939453,-0.972369909286499,0.233445361256599,0.000000000000000
161.043289184570312,46.890396118164062,50.400001525878906,-0.972369909286499,0.233445361256599,0.000000000000000
161.043289184570312,46.890396118164062,47.200000762939453,-0.972369909286499,0.233445361256599,0.000000000000000
161.790313720703125,43.778812408447266,40.799999237060547,-0.972369909286499,0.233445361256599,0.000000000000000
161.790313720703125,43.778812408447266,47.200000762939453,-0.972369909286499,0.233445361256599,0.000000000000000
161.790313720703125,43.778812408447266,44.000000000000000,-0.972369909286499,0.233445361256599,0.000000000000000
163.284362792968750,37.555644989013672,37.599998474121094,-0.972369909286499,0.233445361256599,0.000000000000000
161.790313720703125,43.778812408447266,50.400001525878906,-0.972369909286499,0.233445361256599,0.000000000000000
162.537338256835938,40.667228698730469,40.799999237060547,-0.972369909286499,0.233445361256599,0.000000000000000
162.537338256835938,40.667228698730469,50.400001525878906,-0.972369909286499,0.233445361256599,0.000000000000000
162.537338256835938,40.667228698730469,47.200000762939453,-0.972369909286499,0.233445361256599,0.000000000000000
162.537338256835938,40.667228698730469,44.000000000000000,-0.972369909286499,0.233445361256599,0.000000000000000
163.284362792968750,37.555644989013672,40.799999237060547,-0.972369909286499,0.233445361256599,0.000000000000000
163.284362792968750,37.555644989013672,44.000000000000000,-0.972369909286499,0.233445361256599,0.000000000000000
163.284362792968750,37.555644989013672,50.400001525878906,-0.972369909286499,0.233445361256599,0.000000000000000
163.284362792968750,37.555644989013672,47.200000762939453,-0.972369909286499,0.233445361256599,0.000000000000000
164.031387329101562,34.444061279296875,50.400001525878906,-0.972369909286499,0.233445361256599,0.000000000000000
163.284362792968750,37.555644989013672,34.400001525878906,-0.972369909286499,0.233445361256599,0.000000000000000
164.031387329101562,34.444061279296875,47.200000762939453,-0.972369909286499,0.233445361256599,0.000000000000000
164.031387329101562,34.444061279296875,44.000000000000000,-0.972369909286499,0.233445361256599,0.000000000000000
164.031387329101562,34.444061279296875,40.799999237060547,-0.972369909286499,0.233445361256599,0.000000000000000
164.778411865234375,31.332477569580078,47.200000762939453,-0.972369909286499,0.233445361256599,0.000000000000000
164.778411865234375,31.332477569580078,50.400001525878906,-0.972369909286499,0.233445361256599,0.000000000000000
165.525451660156250,28.220893859863281,50.400001525878906,-0.972369909286499,0.233445361256599,0.000000000000000
164.778411865234375,31.332477569580078,40.799999237060547,-0.972369909286499,0.233445361256599,0.000000000000000
165.525451660156250,28.220893859863281,47.200000762939453,-0.972369909286499,0.233445361256599,0.000000000000000
164.778411865234375,31.332477569580078,44.000000000000000,-0.972369909286499,0.233445361256599,0.000000000000000
165.525451660156250,28.220893859863281,40.799999237060547,-0.972369909286499,0.233445361256599,0.000000000000000
165.525451660156250,28.220893859863281,44.000000000000000,-0.972369909286499,0.233445361256599,0.000000000000000
164.031387329101562,34.444061279296875,31.200000762939453,-0.972369909286499,0.233445361256599,0.000000000000000
164.778411865234375,31.332477569580078,31.200000762939453,-0.972369909286499,0.233445361256599,0.000000000000000
164.778411865234375,31.332477569580078,28.000000000000000,-0.972369909286499,0.233445361256599,0.000000000000000
164.778411865234375,31.332477569580078,37.599998474121094,-0.972369909286499,0.233445361256599,0.000000000000000
164.778411865234375,31.332477569580078,34.400001525878906,-0.972369909286499,0.233445361256599,0.000000000000000
165.525451660156250,28.220893859863281,31.200000762939453,-0.972369909286499,0.233445361256599,0.000000000000000
165.525451660156250,28.220893859863281,28.000000000000000,-0.972369909286499,0.233445361256599,0.000000000000000
164.031387329101562,34.444061279296875,28.000000000000000,-0.972369909286499,0.233445361256599,0.000000000000000
163.284362792968750,37.555644989013672,28.000000000000000,-0.972369909286499,0.233445361256599,0.000000000000000
164.031387329101562,34.444061279296875,37.599998474121094,-0.972369909286499,0.233445361256599,0.000000000000000
165.525451660156250,28.220893859863281,34.400001525878906,-0.972369909286499,0.233445361256599,0.000000000000000
164.031387329101562,34.444061279296875,34.400001525878906,-0.972369909286499,0.233445361256599,0.000000000000000
163.284362792968750,37.555644989013672,31.200000762939453,-0.972369909286499,0.233445361256599,0.000000000000000
165.525451660156250,28.220893859863281,37.599998474121094,-0.972369909286499,0.233445361256599,0.000000000000000
165.525451660156250,28.220893859863281,14.399999618530273,-0.972369909286499,0.233445361256599,0.000000000000000
164.778411865234375,31.332477569580078,14.399999618530273,-0.972369909286499,0.233445361256599,0.000000000000000
163.284362792968750,37.555644989013672,17.600000381469727,-0.972369909286499,0.233445361256599,0.000000000000000
164.778411865234375,31.332477569580078,17.600000381469727,-0.972369909286499,0.233445361256599,0.000000000000000
163.284362792968750,37.555644989013672,14.399999618530273,-0.972369909286499,0.233445361256599,0.000000000000000
165.525451660156250,28.220893859863281,20.799999237060547,-0.972369909286499,0.233445361256599,0.000000000000000
164.031387329101562,34.444061279296875,20.799999237060547,-0.972369909286499,0.233445361256599,0.000000000000000
165.525451660156250,28.220893859863281,24.000000000000000,-0.972369909286499,0.233445361256599,0.000000000000000
164.778411865234375,31.332477569580078,20.799999237060547,-0.972369909286499,0.233445361256599,0.000000000000000
162.537338256835938,40.667228698730469,14.399999618530273,-0.972369909286499,0.233445361256599,0.000000000000000
165.525451660156250,28.220893859863281,17.600000381469727,-0.972369909286499,0.233445361256599,0.000000000000000
162.537338256835938,40.667228698730469,17.600000381469727,-0.972369909286499,0.233445361256599,0.000000000000000
164.031387329101562,34.444061279296875,14.399999618530273,-0.972369909286499,0.233445361256599,0.000000000000000
164.031387329101562,34.444061279296875,24.000000000000000,-0.972369909286499,0.233445361256599,0.000000000000000
164.031387329101562,34.444061279296875,17.600000381469727,-0.972369909286499,0.233445361256599,0.000000000000000
164.778411865234375,31.332477569580078,24.000000000000000,-0.972369909286499,0.233445361256599,0.000000000000000
165.525451660156250,28.220893859863281,11.199999809265137,-0.972369909286499,0.233445361256599,0.000000000000000
165.525451660156250,28.220893859863281,4.800000190734863,-0.972369909286499,0.233445361256599,0.000000000000000
165.525451660156250,28.220893859863281,8.000000000000000,-0.972369909286499,0.233445361256599,0.000000000000000
165.525451660156250,28.220893859863281,1.600000023841858,-0.972369909286499,0.233445361256599,0.000000000000000
164.778411865234375,31.332477569580078,8.000000000000000,-0.972369909286499,0.233445361256599,0.000000000000000
164.778411865234375,31.332477569580078,11.199999809265137,-0.972369909286499,0.233445361256599,0.000000000000000
164.778411865234375,31.332477569580078,4.800000190734863,-0.972369909286499,0.233445361256599,0.000000000000000
164.778411865234375,31.332477569580078,1.600000023841858,-0.972369909286499,0.233445361256599,0.000000000000000
164.031387329101562,34.444061279296875,11.199999809265137,-0.972369909286499,0.233445361256599,0.000000000000000
164.031387329101562,34.444061279296875,4.800000190734863,-0.972369909286499,0.233445361256599,0.000000000000000
164.031387329101562,34.444061279296875,8.000000000000000,-0.972369909286499,0.233445361256599,0.000000000000000
163.284362792968750,37.555644989013672,20.799999237060547,-0.972369909286499,0.233445361256599,0.000000000000000
164.031387329101562,34.444061279296875,1.600000023841858,-0.972369909286499,0.233445361256599,0.000000000000000
163.284362792968750,37.555644989013672,1.600000023841858,-0.972369909286499,0.233445361256599,0.000000000000000
163.284362792968750,37.555644989013672,4.800000190734863,-0.972369909286499,0.233445361256599,0.000000000000000
163.284362792968750,37.555644989013672,11.199999809265137,-0.972369909286499,0.233445361256599,0.000000000000000
163.284362792968750,37.555644989013672,8.000000000000000,-0.972369909286499,0.233445361256599,0.000000000000000
162.537338256835938,40.667228698730469,8.000000000000000,-0.972369909286499,0.233445361256599,0.000000000000000
162.537338256835938,40.667228698730469,4.800000190734863,-0.972369909286499,0.233445361256599,0.000000000000000
162.537338256835938,40.667228698730469,11.199999809265137,-0.972369909286499,0.233445361256599,0.000000000000000
162.537338256835938,40.667228698730469,1.600000023841858,-0.972369909286499,0.233445361256599,0.000000000000000
161.790313720703125,43.778812408447266,1.600000023841858,-0.972369909286499,0.233445361256599,0.000000000000000
163.284362792968750,37.555644989013672,24.000000000000000,-0.972369909286499,0.233445361256599,0.000000000000000
161.790313720703125,43.778812408447266,4.800000190734863,-0.972369909286499,0.233445361256599,0.000000000000000
161.043289184570312,46.890396118164062,1.600000023841858,-0.972369909286499,0.233445361256599,0.000000000000000
161.790313720703125,43.778812408447266,8.000000000000000,-0.972369909286499,0.233445361256599,0.000000000000000
161.043289184570312,46.890396118164062,4.800000190734863,-0.972369909286499,0.233445361256599,0.000000000000000
161.790313720703125,43.778812408447266,11.199999809265137,-0.972369909286499,0.233445361256599,0.000000000000000
160.296264648437500,50.001979827880859,1.600000023841858,-0.972369909286499,0.233445361256599,0.000000000000000
161.043289184570312,46.890396118164062,8.000000000000000,-0.972369909286499,0.233445361256599,0.000000000000000
160.296264648437500,50.001979827880859,4.800000190734863,-0.972369909286499,0.233445361256599,0.000000000000000
161.043289184570312,46.890396118164062,11.199999809265137,-0.972369909286499,0.233445361256599,0.000000000000000
160.296264648437500,50.001979827880859,8.000000000000000,-0.972369909286499,0.233445361256599,0.000000000000000
160.296264648437500,50.001979827880859,11.199999809265137,-0.972369909286499,0.233445361256599,0.000000000000000
161.790313720703125,43.778812408447266,24.000000000000000,-0.972369909286499,0.233445361256599,0.000000000000000
161.043289184570312,46.890396118164062,17.600000381469727,-0.972369909286499,0.233445361256599,0.000000000000000
161.043289184570312,46.890396118164062,24.000000000000000,-0.972369909286499,0.233445361256599,0.000000000000000
161.043289184570312,46.890396118164062,14.399999618530273,-0.972369909286499,0.233445361256599,0.000000000000000
161.043289184570312,46.890396118164062,20.799999237060547,-0.972369909286499,0.233445361256599,0.000000000000000
160.296264648437500,50.001979827880859,20.799999237060547,-0.972369909286499,0.233445361256599,0.000000000000000
160.296264648437500,50.001979827880859,24.000000000000000,-0.972369909286499,0.233445361256599,0.000000000000000
161.790313720703125,43.778812408447266,20.799999237060547,-0.972369909286499,0.233445361256599,0.000000000000000
162.537338256835938,40.667228698730469,20.799999237060547,-0.972369909286499,0.233445361256599,0.000000000000000
161.790313720703125,43.778812408447266,14.399999618530273,-0.972369909286499,0.233445361256599,0.000000000000000
160.296264648437500,50.001979827880859,17.600000381469727,-0.972369909286499,0.233445361256599,0.000000000000000
161.790313720703125,43.778812408447266,17.600000381469727,-0.972369909286499,0.233445361256599,0.000000000000000
162.537338256835938,40.667228698730469,24.000000000000000,-0.972369909286499,0.233445361256599,0.000000000000000
160.296264648437500,50.001979827880859,14.399999618530273,-0.972369909286499,0.233445361256599,0.000000000000000
166.144790649414062,24.310512542724609,37.599998474121094,-0.996917307376862,0.078459098935127,0.000000000000000
166.395858764648438,21.120376586914062,37.599998474121094,-0.996917307376862,0.078459098935127,0.000000000000000
166.646926879882812,17.930240631103516,28.000000000000000,-0.996917307376862,0.078459098935127,0.000000000000000
166.144790649414062,24.310512542724609,34.400001525878906,-0.996917307376862,0.078459098935127,0.000000000000000
166.897994995117188,14.740105628967285,34.400001525878906,-0.996917307376862,0.078459098935127,0.000000000000000
166.646926879882812,17.930240631103516,34.400001525878906,-0.996917307376862,0.078459098935127,0.000000000000000
166.897994995117188,14.740105628967285,37.599998474121094,-0.996917307376862,0.078459098935127,0.000000000000000
166.144790649414062,24.310512542724609,28.000000000000000,-0.996917307376862,0.078459098935127,0.000000000000000
166.395858764648438,21.120376586914062,31.200000762939453,-0.996917307376862,0.078459098935127,0.000000000000000
166.897994995117188,14.740105628967285,28.000000000000000,-0.996917307376862,0.078459098935127,0.000000000000000
166.395858764648438,21.120376586914062,34.400001525878906,-0.996917307376862,0.078459098935127,0.000000000000000
166.897994995117188,14.740105628967285,31.200000762939453,-0.996917307376862,0.078459098935127,0.000000000000000
166.646926879882812,17.930240631103516,37.599998474121094,-0.996917307376862,0.078459098935127,0.000000000000000
166.646926879882812,17.930240631103516,31.200000762939453,-0.996917307376862,0.078459098935127,0.000000000000000
166.144790649414062,24.310512542724609,31.200000762939453,-0.996917307376862,0.078459098935127,0.000000000000000
166.395858764648438,21.120376586914062,28.000000000000000,-0.996917307376862,0.078459098935127,0.000000000000000
166.144790649414062,24.310512542724609,40.799999237060547,-0.996917307376862,0.078459098935127,0.000000000000000
166.395858764648438,21.120376586914062,40.799999237060547,-0.996917307376862,0.078459098935127,0.000000000000000
166.144790649414062,24.310512542724609,44.000000000000000,-0.996917307376862,0.078459098935127,0.000000000000000
166.395858764648438,21.120376586914062,44.000000000000000,-0.996917307376862,0.078459098935127,0.000000000000000
166.144790649414062,24.310512542724609,50.400001525878906,-0.996917307376862,0.078459098935127,0.000000000000000
166.144790649414062,24.310512542724609,47.200000762939453,-0.996917307376862,0.078459098935127,0.000000000000000
166.395858764648438,21.120376586914062,50.400001525878906,-0.996917307376862,0.078459098935127,0.000000000000000
166.395858764648438,21.120376586914062,47.200000762939453,-0.996917307376862,0.078459098935127,0.000000000000000
166.646926879882812,17.930240631103516,40.799999237060547,-0.996917307376862,0.078459098935127,0.000000000000000
166.646926879882812,17.930240631103516,47.200000762939453,-0.996917307376862,0.078459098935127,0.000000000000000
166.646926879882812,17.930240631103516,44.000000000000000,-0.996917307376862,0.078459098935127,0.000000000000000
167.149063110351562,11.549969673156738,37.599998474121094,-0.996917307376862,0.078459098935127,0.000000000000000
166.646926879882812,17.930240631103516,50.400001525878906,-0.996917307376862,0.078459098935127,0.000000000000000
166.897994995117188,14.740105628967285,40.799999237060547,-0.996917307376862,0.078459098935127,0.000000000000000
166.897994995117188,14.740105628967285,50.400001525878906,-0.996917307376862,0.078459098935127,0.000000000000000
166.897994995117188,14.740105628967285,47.200000762939453,-0.996917307376862,0.078459098935127,0.000000000000000
166.897994995117188,14.740105628967285,44.000000000000000,-0.996917307376862,0.078459098935127,0.000000000000000
167.149063110351562,11.549969673156738,40.799999237060547,-0.996917307376862,0.078459098935127,0.000000000000000
167.149063110351562,11.549969673156738,44.000000000000000,-0.996917307376862,0.078459098935127,0.000000000000000
167.149063110351562,11.549969673156738,50.400001525878906,-0.996917307376862,0.078459098935127,0.000000000000000
167.149063110351562,11.549969673156738,47.200000762939453,-0.996917307376862,0.078459098935127,0.000000000000000
167.400131225585938,8.359834671020508,50.400001525878906,-0.996917307376862,0.078459098935127,0.000000000000000
167.149063110351562,11.549969673156738,34.400001525878906,-0.996917307376862,0.078459098935127,0.000000000000000
167.400131225585938,8.359834671020508,47.200000762939453,-0.996917307376862,0.078459098935127,0.000000000000000
167.400131225585938,8.359834671020508,44.000000000000000,-0.996917307376862,0.078459098935127,0.000000000000000
167.400131225585938,8.359834671020508,40.799999237060547,-0.996917307376862,0.078459098935127,0.000000000000000
167.651199340820312,5.169698715209961,47.200000762939453,-0.996917307376862,0.078459098935127,0.000000000000000
167.651199340820312,5.169698715209961,50.400001525878906,-0.996917307376862,0.078459098935127,0.000000000000000
167.902267456054688,1.979563355445862,50.400001525878906,-0.996917307376862,0.078459098935127,0.000000000000000
167.651199340820312,5.169698715209961,40.799999237060547,-0.996917307376862,0.078459098935127,0.000000000000000
167.902267456054688,1.979563355445862,47.200000762939453,-0.996917307376862,0.078459098935127,0.000000000000000
167.651199340820312,5.169698715209961,44.000000000000000,-0.996917307376862,0.078459098935127,0.000000000000000
167.902267456054688,1.979563355445862,40.799999237060547,-0.996917307376862,0.078459098935127,0.000000000000000
167.902267456054688,1.979563355445862,44.000000000000000,-0.996917307376862,0.078459098935127,0.000000000000000
167.400131225585938,8.359834671020508,31.200000762939453,-0.996917307376862,0.078459098935127,0.000000000000000
167.651199340820312,5.169698715209961,31.200000762939453,-0.996917307376862,0.078459098935127,0.000000000000000
167.651199340820312,5.169698715209961,28.000000000000000,-0.996917307376862,0.078459098935127,0.000000000000000
167.651199340820312,5.169698715209961,37.599998474121094,-0.996917307376862,0.078459098935127,0.000000000000000
167.651199340820312,5.169698715209961,34.400001525878906,-0.996917307376862,0.078459098935127,0.000000000000000
167.902267456054688,1.979563355445862,31.200000762939453,-0.996917307376862,0.078459098935127,0.000000000000000
167.902267456054688,1.979563355445862,28.000000000000000,-0.996917307376862,0.078459098935127,0.000000000000000
167.400131225585938,8.359834671020508,28.000000000000000,-0.996917307376862,0.078459098935127,0.000000000000000
167.149063110351562,11.549969673156738,28.000000000000000,-0.996917307376862,0.078459098935127,0.000000000000000
167.400131225585938,8.359834671020508,37.599998474121094,-0.996917307376862,0.078459098935127,0.000000000000000
167.902267456054688,1.979563355445862,34.400001525878906,-0.996917307376862,0.078459098935127,0.000000000000000
167.400131225585938,8.359834671020508,34.400001525878906,-0.996917307376862,0.078459098935127,0.000000000000000
167.149063110351562,11.549969673156738,31.200000762939453,-0.996917307376862,0.078459098935127,0.000000000000000
167.902267456054688,1.979563355445862,37.599998474121094,-0.996917307376862,0.078459098935127,0.000000000000000
167.902267456054688,1.979563355445862,14.399999618530273,-0.996917307376862,0.078459098935127,0.000000000000000
167.651199340820312,5.169698715209961,14.399999618530273,-0.996917307376862,0.078459098935127,0.000000000000000
167.149063110351562,11.549969673156738,17.600000381469727,-0.996917307376862,0.078459098935127,0.000000000000000
167.651199340820312,5.169698715209961,17.600000381469727,-0.996917307376862,0.078459098935127,0.000000000000000
167.149063110351562,11.549969673156738,14.399999618530273,-0.996917307376862,0.078459098935127,0.000000000000000
167.902267456054688,1.979563355445862,20.799999237060547,-0.996917307376862,0.078459098935127,0.000000000000000
167.400131225585938,8.359834671020508,20.799999237060547,-0.996917307376862,0.078459098935127,0.000000000000000
167.902267456054688,1.979563355445862,24.000000000000000,-0.996917307376862,0.078459098935127,0.000000000000000
167.651199340820312,5.169698715209961,20.799999237060547,-0.996917307376862,0.078459098935127,0.000000000000000
166.897994995117188,14.740105628967285,14.399999618530273,-0.996917307376862,0.078459098935127,0.000000000000000
167.902267456054688,1.979563355445862,17.600000381469727,-0.996917307376862,0.078459098935127,0.000000000000000
166.897994995117188,14.740105628967285,17.600000381469727,-0.996917307376862,0.078459098935127,0.000000000000000
167.400131225585938,8.359834671020508,14.399999618530273,-0.996917307376862,0.078459098935127,0.000000000000000
167.400131225585938,8.359834671020508,24.000000000000000,-0.996917307376862,0.078459098935127,0.000000000000000
167.400131225585938,8.359834671020508,17.600000381469727,-0.996917307376862,0.078459098935127,0.000000000000000
167.651199340820312,5.169698715209961,24.000000000000000,-0.996917307376862,0.078459098935127,0.000000000000000
167.902267456054688,1.979563355445862,11.199999809265137,-0.996917307376862,0.078459098935127,0.000000000000000
167.902267456054688,1.979563355445862,4.800000190734863,-0.996917307376862,0.078459098935127,0.000000000000000
167.902267456054688,1.979563355445862,8.000000000000000,-0.996917307376862,0.078459098935127,0.000000000000000
167.902267456054688,1.979563355445862,1.600000023841858,-0.996917307376862,0.078459098935127,0.000000000000000
167.651199340820312,5.169698715209961,8.000000000000000,-0.996917307376862,0.078459098935127,0.000000000000000
167.651199340820312,5.169698715209961,11.199999809265137,-0.996917307376862,0.078459098935127,0.000000000000000
167.651199340820312,5.169698715209961,4.800000190734863,-0.996917307376862,0.078459098935127,0.000000000000000
167.651199340820312,5.169698715209961,1.600000023841858,-0.996917307376862,0.078459098935127,0.000000000000000
167.400131225585938,8.359834671020508,11.199999809265137,-0.996917307376862,0.078459098935127,0.000000000000000
167.400131225585938,8.359834671020508,4.800000190734863,-0.996917307376862,0.078459098935127,0.000000000000000
167.400131225585938,8.359834671020508,8.000000000000000,-0.996917307376862,0.078459098935127,0.000000000000000
167.149063110351562,11.549969673156738,20.799999237060547,-0.996917307376862,0.078459098935127,0.000000000000000
167.400131225585938,8.359834671020508,1.600000023841858,-0.996917307376862,0.078459098935127,0.000000000000000
167.149063110351562,11.549969673156738,1.600000023841858,-0.996917307376862,0.078459098935127,0.000000000000000
167.149063110351562,11.549969673156738,4.800000190734863,-0.996917307376862,0.078459098935127,0.000000000000000
167.149063110351562,11.549969673156738,11.199999809265137,-0.996917307376862,0.078459098935127,0.000000000000000
167.149063110351562,11.549969673156738,8.000000000000000,-0.996917307376862,0.078459098935127,0.000000000000000
166.897994995117188,14.740105628967285,8.000000000000000,-0.996917307376862,0.078459098935127,0.000000000000000
166.897994995117188,14.740105628967285,4.800000190734863,-0.996917307376862,0.078459098935127,0.000000000000000
166.897994995117188,14.740105628967285,11.199999809265137,-0.996917307376862,0.078459098935127,0.000000000000000
166.897994995117188,14.740105628967285,1.600000023841858,-0.996917307376862,0.078459098935127,0.000000000000000
166.646926879882812,17.930240631103516,1.600000023841858,-0.996917307376862,0.078459098935127,0.000000000000000
167.149063110351562,11.549969673156738,24.000000000000000,-0.996917307376862,0.078459098935127,0.000000000000000
166.646926879882812,17.930240631103516,4.800000190734863,-0.996917307376862,0.078459098935127,0.000000000000000
166.395858764648438,21.120376586914062,1.600000023841858,-0.996917307376862,0.078459098935127,0.000000000000000
166.646926879882812,17.930240631103516,8.000000000000000,-0.996917307376862,0.078459098935127,0.000000000000000
166.395858764648438,21.120376586914062,4.800000190734863,-0.996917307376862,0.078459098935127,0.000000000000000
166.646926879882812,17.930240631103516,11.199999809265137,-0.996917307376862,0.078459098935127,0.000000000000000
166.144790649414062,24.310512542724609,1.600000023841858,-0.996917307376862,0.078459098935127,0.000000000000000
166.395858764648438,21.120376586914062,8.000000000000000,-0.996917307376862,0.078459098935127,0.000000000000000
166.144790649414062,24.310512542724609,4.800000190734863,-0.996917307376862,0.078459098935127,0.000000000000000
166.395858764648438,21.120376586914062,11.199999809265137,-0.996917307376862,0.078459098935127,0.000000000000000
166.144790649414062,24.310512542724609,8.000000000000000,-0.996917307376862,0.078459098935127,0.000000000000000
166.144790649414062,24.310512542724609,11.199999809265137,-0.996917307376862,0.078459098935127,0.000000000000000
166.646926879882812,17.930240631103516,24.000000000000000,-0.996917307376862,0.078459098935127,0.000000000000000
166.395858764648438,21.120376586914062,17.600000381469727,-0.996917307376862,0.078459098935127,0.000000000000000
166.395858764648438,21.120376586914062,24.000000000000000,-0.996917307376862,0.078459098935127,0.000000000000000
166.395858764648438,21.120376586914062,14.399999618530273,-0.996917307376862,0.078459098935127,0.000000000000000
166.395858764648438,21.120376586914062,20.799999237060547,-0.996917307376862,0.078459098935127,0.000000000000000
166.144790649414062,24.310512542724609,20.799999237060547,-0.996917307376862,0.078459098935127,0.000000000000000
166.144790649414062,24.310512542724609,24.000000000000000,-0.996917307376862,0.078459098935127,0.000000000000000
166.646926879882812,17.930240631103516,20.799999237060547,-0.996917307376862,0.078459098935127,0.000000000000000
166.897994995117188,14.740105628967285,20.799999237060547,-0.996917307376862,0.078459098935127,0.000000000000000
166.646926879882812,17.930240631103516,14.399999618530273,-0.996917307376862,0.078459098935127,0.000000000000000
166.144790649414062,24.310512542724609,17.600000381469727,-0.996917307376862,0.078459098935127,0.000000000000000
166.646926879882812,17.930240631103516,17.600000381469727,-0.996917307376862,0.078459098935127,0.000000000000000
166.897994995117188,14.740105628967285,24.000000000000000,-0.996917307376862,0.078459098935127,0.000000000000000
166.144790649414062,24.310512542724609,14.399999618530273,-0.996917307376862,0.078459098935127,0.000000000000000
167.902267456054688,-1.979562163352966,37.599998474121094,-0.996917307376862,0.078459098935127,0.000000000000000
167.651199340820312,-5.169697761535645,37.599998474121094,-0.996917307376862,0.078459098935127,0.000000000000000
167.400131225585938,-8.359832763671875,28.000000000000000,-0.996917307376862,0.078459098935127,0.000000000000000
167.902267456054688,-1.979562163352966,34.400001525878906,-0.996917307376862,0.078459098935127,0.000000000000000
167.149063110351562,-11.549968719482422,34.400001525878906,-0.996917307376862,0.078459098935127,0.000000000000000
167.400131225585938,-8.359832763671875,34.400001525878906,-0.996917307376862,0.078459098935127,0.000000000000000
167.149063110351562,-11.549968719482422,37.599998474121094,-0.996917307376862,0.078459098935127,0.000000000000000
167.902267456054688,-1.979562163352966,28.000000000000000,-0.996917307376862,0.078459098935127,0.000000000000000
167.651199340820312,-5.169697761535645,31.200000762939453,-0.996917307376862,0.078459098935127,0.000000000000000
167.149063110351562,-11.549968719482422,28.000000000000000,-0.996917307376862,0.078459098935127,0.000000000000000
167.651199340820312,-5.169697761535645,34.400001525878906,-0.996917307376862,0.078459098935127,0.000000000000000
167.149063110351562,-11.549968719482422,31.200000762939453,-0.996917307376862,0.078459098935127,0.000000000000000
167.400131225585938,-8.359832763671875,37.599998474121094,-0.996917307376862,0.078459098935127,0.000000000000000
167.400131225585938,-8.359832763671875,31.200000762939453,-0.996917307376862,0.078459098935127,0.000000000000000
167.902267456054688,-1.979562163352966,31.200000762939453,-0.996917307376862,0.078459098935127,0.000000000000000
167.651199340820312,-5.169697761535645,28.000000000000000,-0.996917307376862,0.078459098935127,0.000000000000000
167.902267456054688,-1.979562163352966,40.799999237060547,-0.996917307376862,0.078459098935127,0.000000000000000
167.651199340820312,-5.169697761535645,40.799999237060547,-0.996917307376862,0.078459098935127,0.000000000000000
167.902267456054688,-1.979562163352966,44.000000000000000,-0.996917307376862,0.078459098935127,0.000000000000000
167.651199340820312,-5.169697761535645,44.000000000000000,-0.996917307376862,0.078459098935127,0.000000000000000
167.902267456054688,-1.979562163352966,50.400001525878906,-0.996917307376862,0.078459098935127,0.000000000000000
167.902267456054688,-1.979562163352966,47.200000762939453,-0.996917307376862,0.078459098935127,0.000000000000000
167.651199340820312,-5.169697761535645,50.400001525878906,-0.996917307376862,0.078459098935127,0.000000000000000
167.651199340820312,-5.169697761535645,47.200000762939453,-0.996917307376862,0.078459098935127,0.000000000000000
167.400131225585938,-8.359832763671875,40.799999237060547,-0.996917307376862,0.078459098935127,0.000000000000000
167.400131225585938,-8.359832763671875,47.200000762939453,-0.996917307376862,0.078459098935127,0.000000000000000
167.400131225585938,-8.359832763671875,44.000000000000000,-0.996917307376862,0.078459098935127,0.000000000000000
166.897994995117188,-14.740103721618652,37.599998474121094,-0.996917307376862,0.078459098935127,0.000000000000000
167.400131225585938,-8.359832763671875,50.400001525878906,-0.996917307376862,0.078459098935127,0.000000000000000
167.149063110351562,-11.549968719482422,40.799999237060547,-0.996917307376862,0.078459098935127,0.000000000000000
167.149063110351562,-11.549968719482422,50.400001525878906,-0.996917307376862,0.078459098935127,0.000000000000000
167.149063110351562,-11.549968719482422,47.200000762939453,-0.996917307376862,0.078459098935127,0.000000000000000
167.149063110351562,-11.549968719482422,44.000000000000000,-0.996917307376862,0.078459098935127,0.000000000000000
166.897994995117188,-14.740103721618652,40.799999237060547,-0.996917307376862,0.078459098935127,0.000000000000000
166.897994995117188,-14.740103721618652,44.000000000000000,-0.996917307376862,0.078459098935127,0.000000000000000
166.897994995117188,-14.740103721618652,50.400001525878906,-0.996917307376862,0.078459098935127,0.000000000000000
166.897994995117188,-14.740103721618652,47.200000762939453,-0.996917307376862,0.078459098935127,0.000000000000000
166.646926879882812,-17.930238723754883,50.400001525878906,-0.996917307376862,0.078459098935127,0.000000000000000
166.897994995117188,-14.740103721618652,34.400001525878906,-0.996917307376862,0.078459098935127,0.000000000000000
166.646926879882812,-17.930238723754883,47.200000762939453,-0.996917307376862,0.078459098935127,0.000000000000000
166.646926879882812,-17.930238723754883,44.000000000000000,-0.996917307376862,0.078459098935127,0.000000000000000
166.646926879882812,-17.930238723754883,40.799999237060547,-0.996917307376862,0.078459098935127,0.000000000000000
166.395858764648438,-21.120374679565430,47.200000762939453,-0.996917307376862,0.078459098935127,0.000000000000000
166.395858764648438,-21.120374679565430,50.400001525878906,-0.996917307376862,0.078459098935127,0.000000000000000
166.144790649414062,-24.310510635375977,50.400001525878906,-0.996917307376862,0.078459098935127,0.000000000000000
166.395858764648438,-21.120374679565430,40.799999237060547,-0.996917307376862,0.078459098935127,0.000000000000000
166.144790649414062,-24.310510635375977,47.200000762939453,-0.996917307376862,0.078459098935127,0.000000000000000
166.395858764648438,-21.120374679565430,44.000000000000000,-0.996917307376862,0.078459098935127,0.000000000000000
166.144790649414062,-24.310510635375977,40.799999237060547,-0.996917307376862,0.078459098935127,0.000000000000000
166.144790649414062,-24.310510635375977,44.000000000000000,-0.996917307376862,0.078459098935127,0.000000000000000
166.646926879882812,-17.930238723754883,31.200000762939453,-0.996917307376862,0.078459098935127,0.000000000000000
166.395858764648438,-21.120374679565430,31.200000762939453,-0.996917307376862,0.078459098935127,0.000000000000000
166.395858764648438,-21.120374679565430,28.000000000000000,-0.996917307376862,0.078459098935127,0.000000000000000
166.395858764648438,-21.120374679565430,37.599998474121094,-0.996917307376862,0.078459098935127,0.000000000000000
166.395858764648438,-21.120374679565430,34.400001525878906,-0.996917307376862,0.078459098935127,0.000000000000000
166.144790649414062,-24.310510635375977,31.200000762939453,-0.996917307376862,0.078459098935127,0.000000000000000
166.144790649414062,-24.310510635375977,28.000000000000000,-0.996917307376862,0.078459098935127,0.000000000000000
166.646926879882812,-17.930238723754883,28.000000000000000,-0.996917307376862,0.078459098935127,0.000000000000000
166.897994995117188,-14.740103721618652,28.000000000000000,-0.996917307376862,0.078459098935127,0.000000000000000
166.646926879882812,-17.930238723754883,37.599998474121094,-0.996917307376862,0.078459098935127,0.000000000000000
166.144790649414062,-24.310510635375977,34.400001525878906,-0.996917307376862,0.078459098935127,0.000000000000000
166.646926879882812,-17.930238723754883,34.400001525878906,-0.996917307376862,0.078459098935127,0.000000000000000
166.897994995117188,-14.740103721618652,31.200000762939453,-0.996917307376862,0.078459098935127,0.000000000000000
166.144790649414062,-24.310510635375977,37.599998474121094,-0.996917307376862,0.078459098935127,0.000000000000000
166.144790649414062,-24.310510635375977,14.399999618530273,-0.996917307376862,0.078459098935127,0.000000000000000
166.395858764648438,-21.120374679565430,14.399999618530273,-0.996917307376862,0.078459098935127,0.000000000000000
166.897994995117188,-14.740103721618652,17.600000381469727,-0.996917307376862,0.078459098935127,0.000000000000000
166.395858764648438,-21.120374679565430,17.600000381469727,-0.996917307376862,0.078459098935127,0.000000000000000
166.897994995117188,-14.740103721618652,14.399999618530273,-0.996917307376862,0.078459098935127,0.000000000000000
166.144790649414062,-24.310510635375977,20.799999237060547,-0.996917307376862,0.078459098935127,0.000000000000000
166.646926879882812,-17.930238723754883,20.799999237060547,-0.996917307376862,0.078459098935127,0.000000000000000
166.144790649414062,-24.310510635375977,24.000000000000000,-0.996917307376862,0.078459098935127,0.000000000000000
166.395858764648438,-21.120374679565430,20.799999237060547,-0.996917307376862,0.078459098935127,0.000000000000000
167.149063110351562,-11.549968719482422,14.399999618530273,-0.996917307376862,0.078459098935127,0.000000000000000
166.144790649414062,-24.310510635375977,17.600000381469727,-0.996917307376862,0.078459098935127,0.000000000000000
167.149063110351562,-11.549968719482422,17.600000381469727,-0.996917307376862,0.078459098935127,0.000000000000000
166.646926879882812,-17.930238723754883,14.399999618530273,-0.996917307376862,0.078459098935127,0.000000000000000
166.646926879882812,-17.930238723754883,24.000000000000000,-0.996917307376862,0.078459098935127,0.000000000000000
166.646926879882812,-17.930238723754883,17.600000381469727,-0.996917307376862,0.078459098935127,0.000000000000000
166.395858764648438,-21.120374679565430,24.000000000000000,-0.996917307376862,0.078459098935127,0.000000000000000
166.144790649414062,-24.310510635375977,11.199999809265137,-0.996917307376862,0.078459098935127,0.000000000000000
166.144790649414062,-24.310510635375977,4.800000190734863,-0.996917307376862,0.078459098935127,0.000000000000000
166.144790649414062,-24.310510635375977,8.000000000000000,-0.996917307376862,0.078459098935127,0.000000000000000
166.144790649414062,-24.310510635375977,1.600000023841858,-0.996917307376862,0.078459098935127,0.000000000000000
166.395858764648438,-21.120374679565430,8.000000000000000,-0.996917307376862,0.078459098935127,0.000000000000000
166.395858764648438,-21.120374679565430,11.199999809265137,-0.996917307376862,0.078459098935127,0.000000000000000
166.395858764648438,-21.120374679565430,4.800000190734863,-0.996917307376862,0.078459098935127,0.000000000000000
166.395858764648438,-21.120374679565430,1.600000023841858,-0.996917307376862,0.078459098935127,0.000000000000000
166.646926879882812,-17.930238723754883,11.199999809265137,-0.996917307376862,0.078459098935127,0.000000000000000
166.646926879882812,-17.930238723754883,4.800000190734863,-0.996917307376862,0.078459098935127,0.000000000000000
166.646926879882812,-17.930238723754883,8.000000000000000,-0.996917307376862,0.078459098935127,0.000000000000000
166.897994995117188,-14.740103721618652,20.799999237060547,-0.996917307376862,0.078459098935127,0.000000000000000
166.646926879882812,-17.930238723754883,1.600000023841858,-0.996917307376862,0.078459098935127,0.000000000000000
166.897994995117188,-14.740103721618652,1.600000023841858,-0.996917307376862,0.078459098935127,0.000000000000000
166.897994995117188,-14.740103721618652,4.800000190734863,-0.996917307376862,0.078459098935127,0.000000000000000
166.897994995117188,-14.740103721618652,11.199999809265137,-0.996917307376862,0.078459098935127,0.000000000000000
166.897994995117188,-14.740103721618652,8.000000000000000,-0.996917307376862,0.078459098935127,0.000000000000000
167.149063110351562,-11.549968719482422,8.000000000000000,-0.996917307376862,0.078459098935127,0.000000000000000
167.149063110351562,-11.549968719482422,4.800000190734863,-0.996917307376862,0.078459098935127,0.000000000000000
167.149063110351562,-11.549968719482422,11.199999809265137,-0.996917307376862,0.078459098935127,0.000000000000000
167.149063110351562,-11.549968719482422,1.600000023841858,-0.996917307376862,0.078459098935127,0.000000000000000
167.400131225585938,-8.359832763671875,1.600000023841858,-0.996917307376862,0.078459098935127,0.000000000000000
166.897994995117188,-14.740103721618652,24.000000000000000,-0.996917307376862,0.078459098935127,0.000000000000000
167.400131225585938,-8.359832763671875,4.800000190734863,-0.996917307376862,0.078459098935127,0.000000000000000
167.651199340820312,-5.169697761535645,1.600000023841858,-0.996917307376862,0.078459098935127,0.000000000000000
167.400131225585938,-8.359832763671875,8.000000000000000,-0.996917307376862,0.078459098935127,0.000000000000000
167.651199340820312,-5.169697761535645,4.800000190734863,-0.996917307376862,0.078459098935127,0.000000000000000
167.400131225585938,-8.359832763671875,11.199999809265137,-0.996917307376862,0.078459098935127,0.000000000000000
167.902267456054688,-1.979562163352966,1.600000023841858,-0.996917307376862,0.078459098935127,0.000000000000000
167.651199340820312,-5.169697761535645,8.000000000000000,-0.996917307376862,0.078459098935127,0.000000000000000
167.902267456054688,-1.979562163352966,4.800000190734863,-0.996917307376862,0.078459098935127,0.000000000000000
167.651199340820312,-5.169697761535645,11.199999809265137,-0.996917307376862,0.078459098935127,0.000000000000000
167.902267456054688,-1.979562163352966,8.000000000000000,-0.996917307376862,0.078459098935127,0.000000000000000
167.902267456054688,-1.979562163352966,11.199999809265137,-0.996917307376862,0.078459098935127,0.000000000000000
167.400131225585938,-8.359832763671875,24.000000000000000,-0.996917307376862,0.078459098935127,0.000000000000000
167.651199340820312,-5.169697761535645,17.600000381469727,-0.996917307376862,0.078459098935127,0.000000000000000
167.651199340820312,-5.169697761535645,24.000000000000000,-0.996917307376862,0.078459098935127,0.000000000000000
167.651199340820312,-5.169697761535645,14.399999618530273,-0.996917307376862,0.078459098935127,0.000000000000000
167.651199340820312,-5.169697761535645,20.799999237060547,-0.996917307376862,0.078459098935127,0.000000000000000
167.902267456054688,-1.979562163352966,20.799999237060547,-0.996917307376862,0.078459098935127,0.000000000000000
167.902267456054688,-1.979562163352966,24.000000000000000,-0.996917307376862,0.078459098935127,0.000000000000000
167.400131225585938,-8.359832763671875,20.799999237060547,-0.996917307376862,0.078459098935127,0.000000000000000
167.149063110351562,-11.549968719482422,20.799999237060547,-0.996917307376862,0.078459098935127,0.000000000000000
167.400131225585938,-8.359832763671875,14.399999618530273,-0.996917307376862,0.078459098935127,0.000000000000000
167.902267456054688,-1.979562163352966,17.600000381469727,-0.996917307376862,0.078459098935127,0.000000000000000
167.400131225585938,-8.359832763671875,17.600000381469727,-0.996917307376862,0.078459098935127,0.000000000000000
167.149063110351562,-11.549968719482422,24.000000000000000,-0.996917307376862,0.078459098935127,0.000000000000000
167.902267456054688,-1.979562163352966,14.399999618530273,-0.996917307376862,0.078459098935127,0.000000000000000
165.525451660156250,-28.220891952514648,37.599998474121094,-0.972369909286499,0.233445361256599,0.000000000000000
164.778427124023438,-31.332475662231445,37.599998474121094,-0.972369909286499,0.233445361256599,0.000000000000000
164.031387329101562,-34.444061279296875,28.000000000000000,-0.972369909286499,0.233445361256599,0.000000000000000
165.525451660156250,-28.220891952514648,34.400001525878906,-0.972369909286499,0.233445361256599,0.000000000000000
163.284362792968750,-37.555644989013672,34.400001525878906,-0.972369909286499,0.233445361256599,0.000000000000000
164.031387329101562,-34.444061279296875,34.400001525878906,-0.972369909286499,0.233445361256599,0.000000000000000
163.284362792968750,-37.555644989013672,37.599998474121094,-0.972369909286499,0.233445361256599,0.000000000000000
165.525451660156250,-28.220891952514648,28.000000000000000,-0.972369909286499,0.233445361256599,0.000000000000000
164.778427124023438,-31.332475662231445,31.200000762939453,-0.972369909286499,0.233445361256599,0.000000000000000
163.284362792968750,-37.555644989013672,28.000000000000000,-0.972369909286499,0.233445361256599,0.000000000000000
164.778427124023438,-31.332475662231445,34.400001525878906,-0.972369909286499,0.233445361256599,0.000000000000000
163.284362792968750,-37.555644989013672,31.200000762939453,-0.972369909286499,0.233445361256599,0.000000000000000
164.031387329101562,-34.444061279296875,37.599998474121094,-0.972369909286499,0.233445361256599,0.000000000000000
164.031387329101562,-34.444061279296875,31.200000762939453,-0.972369909286499,0.233445361256599,0.000000000000000
165.525451660156250,-28.220891952514648,31.200000762939453,-0.972369909286499,0.233445361256599,0.000000000000000
164.778427124023438,-31.332475662231445,28.000000000000000,-0.972369909286499,0.233445361256599,0.000000000000000
165.525451660156250,-28.220891952514648,40.799999237060547,-0.972369909286499,0.233445361256599,0.000000000000000
164.778427124023438,-31.332475662231445,40.799999237060547,-0.972369909286499,0.233445361256599,0.000000000000000
165.525451660156250,-28.220891952514648,44.000000000000000,-0.972369909286499,0.233445361256599,0.000000000000000
164.778427124023438,-31.332475662231445,44.000000000000000,-0.972369909286499,0.233445361256599,0.000000000000000
165.525451660156250,-28.220891952514648,50.400001525878906,-0.972369909286499,0.233445361256599,0.000000000000000
165.525451660156250,-28.220891952514648,47.200000762939453,-0.972369909286499,0.233445361256599,0.000000000000000
164.778427124023438,-31.332475662231445,50.400001525878906,-0.972369909286499,0.233445361256599,0.000000000000000
164.778427124023438,-31.332475662231445,47.200000762939453,-0.972369909286499,0.233445361256599,0.000000000000000
164.031387329101562,-34.444061279296875,40.799999237060547,-0.972369909286499,0.233445361256599,0.000000000000000
164.031387329101562,-34.444061279296875,47.200000762939453,-0.972369909286499,0.233445361256599,0.000000000000000
164.031387329101562,-34.444061279296875,44.000000000000000,-0.972369909286499,0.233445361256599,0.000000000000000
162.537338256835938,-40.667228698730469,37.599998474121094,-0.972369909286499,0.233445361256599,0.000000000000000
164.031387329101562,-34.444061279296875,50.400001525878906,-0.972369909286499,0.233445361256599,0.000000000000000
163.284362792968750,-37.555644989013672,40.799999237060547,-0.972369909286499,0.233445361256599,0.000000000000000
163.284362792968750,-37.555644989013672,50.400001525878906,-0.972369909286499,0.233445361256599,0.000000000000000
163.284362792968750,-37.555644989013672,47.200000762939453,-0.972369909286499,0.233445361256599,0.000000000000000
163.284362792968750,-37.555644989013672,44.000000000000000,-0.972369909286499,0.233445361256599,0.000000000000000
162.537338256835938,-40.667228698730469,40.799999237060547,-0.972369909286499,0.233445361256599,0.000000000000000
162.537338256835938,-40.667228698730469,44.000000000000000,-0.972369909286499,0.233445361256599,0.000000000000000
162.537338256835938,-40.667228698730469,50.400001525878906,-0.972369909286499,0.233445361256599,0.000000000000000
162.537338256835938,-40.667228698730469,47.200000762939453,-0.972369909286499,0.233445361256599,0.000000000000000
161.790313720703125,-43.778812408447266,50.400001525878906,-0.972369909286499,0.233445361256599,0.000000000000000
162.537338256835938,-40.667228698730469,34.400001525878906,-0.972369909286499,0.233445361256599,0.000000000000000
161.790313720703125,-43.778812408447266,47.200000762939453,-0.972369909286499,0.233445361256599,0.000000000000000
161.790313720703125,-43.778812408447266,44.000000000000000,-0.972369909286499,0.233445361256599,0.000000000000000
161.790313720703125,-43.778812408447266,40.799999237060547,-0.972369909286499,0.233445361256599,0.000000000000000
161.043289184570312,-46.890396118164062,47.200000762939453,-0.972369909286499,0.233445361256599,0.000000000000000
161.043289184570312,-46.890396118164062,50.400001525878906,-0.972369909286499,0.233445361256599,0.000000000000000
160.296264648437500,-50.001979827880859,50.400001525878906,-0.972369909286499,0.233445361256599,0.000000000000000
161.043289184570312,-46.890396118164062,40.799999237060547,-0.972369909286499,0.233445361256599,0.000000000000000
160.296264648437500,-50.001979827880859,47.200000762939453,-0.972369909286499,0.233445361256599,0.000000000000000
161.043289184570312,-46.890396118164062,44.000000000000000,-0.972369909286499,0.233445361256599,0.000000000000000
160.296264648437500,-50.001979827880859,40.799999237060547,-0.972369909286499,0.233445361256599,0.000000000000000
160.296264648437500,-50.001979827880859,44.000000000000000,-0.972369909286499,0.233445361256599,0.000000000000000
161.790313720703125,-43.778812408447266,31.200000762939453,-0.972369909286499,0.233445361256599,0.000000000000000
161.043289184570312,-46.890396118164062,31.200000762939453,-0.972369909286499,0.233445361256599,0.000000000000000
161.043289184570312,-46.890396118164062,28.000000000000000,-0.972369909286499,0.233445361256599,0.000000000000000
161.043289184570312,-46.890396118164062,37.599998474121094,-0.972369909286499,0.233445361256599,0.000000000000000
161.043289184570312,-46.890396118164062,34.400001525878906,-0.972369909286499,0.233445361256599,0.000000000000000
160.296264648437500,-50.001979827880859,31.200000762939453,-0.972369909286499,0.233445361256599,0.000000000000000
160.296264648437500,-50.001979827880859,28.000000000000000,-0.972369909286499,0.233445361256599,0.000000000000000
161.790313720703125,-43.778812408447266,28.000000000000000,-0.972369909286499,0.233445361256599,0.000000000000000
162.537338256835938,-40.667228698730469,28.000000000000000,-0.972369909286499,0.233445361256599,0.000000000000000
161.790313720703125,-43.778812408447266,37.599998474121094,-0.972369909286499,0.233445361256599,0.000000000000000
160.296264648437500,-50.001979827880859,34.400001525878906,-0.972369909286499,0.233445361256599,0.000000000000000
161.790313720703125,-43.778812408447266,34.400001525878906,-0.972369909286499,0.233445361256599,0.000000000000000
162.537338256835938,-40.667228698730469,31.200000762939453,-0.972369909286499,0.233445361256599,0.000000000000000
160.296264648437500,-50.001979827880859,37.599998474121094,-0.972369909286499,0.233445361256599,0.000000000000000
160.296264648437500,-50.001979827880859,14.399999618530273,-0.972369909286499,0.233445361256599,0.000000000000000
161.043289184570312,-46.890396118164062,14.399999618530273,-0.972369909286499,0.233445361256599,0.000000000000000
162.537338256835938,-40.667228698730469,17.600000381469727,-0.972369909286499,0.233445361256599,0.000000000000000
161.043289184570312,-46.890396118164062,17.600000381469727,-0.972369909286499,0.233445361256599,0.000000000000000
162.537338256835938,-40.667228698730469,14.399999618530273,-0.972369909286499,0.233445361256599,0.000000000000000
160.296264648437500,-50.001979827880859,20.799999237060547,-0.972369909286499,0.233445361256599,0.000000000000000
161.790313720703125,-43.778812408447266,20.799999237060547,-0.972369909286499,0.233445361256599,0.000000000000000
160.296264648437500,-50.001979827880859,24.000000000000000,-0.972369909286499,0.233445361256599,0.000000000000000
161.043289184570312,-46.890396118164062,20.799999237060547,-0.972369909286499,0.233445361256599,0.000000000000000
163.284362792968750,-37.555644989013672,14.399999618530273,-0.972369909286499,0.233445361256599,0.000000000000000
160.296264648437500,-50.001979827880859,17.600000381469727,-0.972369909286499,0.233445361256599,0.000000000000000
163.284362792968750,-37.555644989013672,17.600000381469727,-0.972369909286499,0.233445361256599,0.000000000000000
161.790313720703125,-43.778812408447266,14.399999618530273,-0.972369909286499,0.233445361256599,0.000000000000000
161.790313720703125,-43.778812408447266,24.000000000000000,-0.972369909286499,0.233445361256599,0.000000000000000
161.790313720703125,-43.778812408447266,17.600000381469727,-0.972369909286499,0.233445361256599,0.000000000000000
161.043289184570312,-46.890396118164062,24.000000000000000,-0.972369909286499,0.233445361256599,0.000000000000000
160.296264648437500,-50.001979827880859,11.199999809265137,-0.972369909286499,0.233445361256599,0.000000000000000
160.296264648437500,-50.001979827880859,4.800000190734863,-0.972369909286499,0.233445361256599,0.000000000000000
160.296264648437500,-50.001979827880859,8.000000000000000,-0.972369909286499,0.233445361256599,0.000000000000000
160.296264648437500,-50.001979827880859,1.600000023841858,-0.972369909286499,0.233445361256599,0.000000000000000
161.043289184570312,-46.890396118164062,8.000000000000000,-0.972369909286499,0.233445361256599,0.000000000000000
161.043289184570312,-46.890396118164062,11.199999809265137,-0.972369909286499,0.233445361256599,0.000000000000000
161.043289184570312,-46.890396118164062,4.800000190734863,-0.972369909286499,0.233445361256599,0.000000000000000
161.043289184570312,-46.890396118164062,1.600000023841858,-0.972369909286499,0.233445361256599,0.000000000000000
161.790313720703125,-43.778812408447266,11.199999809265137,-0.972369909286499,0.233445361256599,0.000000000000000
161.790313720703125,-43.778812408447266,4.800000190734863,-0.972369909286499,0.233445361256599,0.000000000000000
161.790313720703125,-43.778812408447266,8.000000000000000,-0.972369909286499,0.233445361256599,0.000000000000000
162.537338256835938,-40.667228698730469,20.799999237060547,-0.972369909286499,0.233445361256599,0.000000000000000
161.790313720703125,-43.778812408447266,1.600000023841858,-0.972369909286499,0.233445361256599,0.000000000000000
162.537338256835938,-40.667228698730469,1.600000023841858,-0.972369909286499,0.233445361256599,0.000000000000000
162.537338256835938,-40.667228698730469,4.800000190734863,-0.972369909286499,0.233445361256599,0.000000000000000
162.537338256835938,-40.667228698730469,11.199999809265137,-0.972369909286499,0.233445361256599,0.000000000000000
162.537338256835938,-40.667228698730469,8.000000000000000,-0.972369909286499,0.233445361256599,0.000000000000000
163.284362792968750,-37.555644989013672,8.000000000000000,-0.972369909286499,0.233445361256599,0.000000000000000
163.284362792968750,-37.555644989013672,4.800000190734863,-0.972369909286499,0.233445361256599,0.000000000000000
163.284362792968750,-37.555644989013672,11.199999809265137,-0.972369909286499,0.233445361256599,0.000000000000000
163.284362792968750,-37.555644989013672,1.600000023841858,-0.972369909286499,0.233445361256599,0.000000000000000
164.031387329101562,-34.444061279296875,1.600000023841858,-0.972369909286499,0.233445361256599,0.000000000000000
162.537338256835938,-40.667228698730469,24.000000000000000,-0.972369909286499,0.233445361256599,0.000000000000000
164.031387329101562,-34.444061279296875,4.800000190734863,-0.972369909286499,0.233445361256599,0.000000000000000
164.778427124023438,-31.332475662231445,1.600000023841858,-0.972369909286499,0.233445361256599,0.000000000000000
164.031387329101562,-34.444061279296875,8.000000000000000,-0.972369909286499,0.233445361256599,0.000000000000000
164.778427124023438,-31.332475662231445,4.800000190734863,-0.972369909286499,0.233445361256599,0.000000000000000
164.031387329101562,-34.444061279296875,11.199999809265137,-0.972369909286499,0.233445361256599,0.000000000000000
165.525451660156250,-28.220891952514648,1.600000023841858,-0.972369909286499,0.233445361256599,0.000000000000000
164.778427124023438,-31.332475662231445,8.000000000000000,-0.972369909286499,0.233445361256599,0.000000000000000
165.525451660156250,-28.220891952514648,4.800000190734863,-0.972369909286499,0.233445361256599,0.000000000000000
164.778427124023438,-31.332475662231445,11.199999809265137,-0.972369909286499,0.233445361256599,0.000000000000000
165.525451660156250,-28.220891952514648,8.000000000000000,-0.972369909286499,0.233445361256599,0.000000000000000
165.525451660156250,-28.220891952514648,11.199999809265137,-0.972369909286499,0.233445361256599,0.000000000000000
164.031387329101562,-34.444061279296875,24.000000000000000,-0.972369909286499,0.233445361256599,0.000000000000000
164.778427124023438,-31.332475662231445,17.600000381469727,-0.972369909286499,0.233445361256599,0.000000000000000
164.778427124023438,-31.332475662231445,24.000000000000000,-0.972369909286499,0.233445361256599,0.000000000000000
164.778427124023438,-31.332475662231445,14.399999618530273,-0.972369909286499,0.233445361256599,0.000000000000000
164.778427124023438,-31.332475662231445,20.799999237060547,-0.972369909286499,0.233445361256599,0.000000000000000
165.525451660156250,-28.220891952514648,20.799999237060547,-0.972369909286499,0.233445361256599,0.000000000000000
165.525451660156250,-28.220891952514648,24.000000000000000,-0.972369909286499,0.233445361256599,0.000000000000000
164.031387329101562,-34.444061279296875,20.799999237060547,-0.972369909286499,0.233445361256599,0.000000000000000
163.284362792968750,-37.555644989013672,20.799999237060547,-0.972369909286499,0.233445361256599,0.000000000000000
164.031387329101562,-34.444061279296875,14.399999618530273,-0.972369909286499,0.233445361256599,0.000000000000000
165.525451660156250,-28.220891952514648,17.600000381469727,-0.972369909286499,0.233445361256599,0.000000000000000
164.031387329101562,-34.444061279296875,17.600000381469727,-0.972369909286499,0.233445361256599,0.000000000000000
163.284362792968750,-37.555644989013672,24.000000000000000,-0.972369909286499,0.233445361256599,0.000000000000000
165.525451660156250,-28.220891952514648,14.399999618530273,-0.972369909286499,0.233445361256599,0.000000000000000
150.500717163085938,74.462234497070312,90.400001525878906,-0.923879504203796,0.382683426141739,0.000000000000000
151.725311279296875,71.505821228027344,90.400001525878906,-0.923879504203796,0.382683426141739,0.000000000000000
152.949890136718750,68.549407958984375,80.800003051757812,-0.923879504203796,0.382683426141739,0.000000000000000
150.500717163085938,74.462234497070312,87.199996948242188,-0.923879504203796,0.382683426141739,0.000000000000000
154.174484252929688,65.592987060546875,87.199996948242188,-0.923879504203796,0.382683426141739,0.000000000000000
152.949890136718750,68.549407958984375,87.199996948242188,-0.923879504203796,0.382683426141739,0.000000000000000
154.174484252929688,65.592987060546875,90.400001525878906,-0.923879504203796,0.382683426141739,0.000000000000000
150.500717163085938,74.462234497070312,80.800003051757812,-0.923879504203796,0.382683426141739,0.000000000000000
151.725311279296875,71.505821228027344,84.000000000000000,-0.923879504203796,0.382683426141739,0.000000000000000
154.174484252929688,65.592987060546875,80.800003051757812,-0.923879504203796,0.382683426141739,0.000000000000000
151.725311279296875,71.505821228027344,87.199996948242188,-0.923879504203796,0.382683426141739,0.000000000000000
154.174484252929688,65.592987060546875,84.000000000000000,-0.923879504203796,0.382683426141739,0.000000000000000
152.949890136718750,68.549407958984375,90.400001525878906,-0.923879504203796,0.382683426141739,0.000000000000000
152.949890136718750,68.549407958984375,84.000000000000000,-0.923879504203796,0.382683426141739,0.000000000000000
150.500717163085938,74.462234497070312,84.000000000000000,-0.923879504203796,0.382683426141739,0.000000000000000
151.725311279296875,71.505821228027344,80.800003051757812,-0.923879504203796,0.382683426141739,0.000000000000000
150.500717163085938,74.462234497070312,93.599998474121094,-0.923879504203796,0.382683426141739,0.000000000000000
151.725311279296875,71.505821228027344,93.599998474121094,-0.923879504203796,0.382683426141739,0.000000000000000
150.500717163085938,74.462234497070312,96.800003051757812,-0.923879504203796,0.382683426141739,0.000000000000000
151.725311279296875,71.505821228027344,96.800003051757812,-0.923879504203796,0.382683426141739,0.000000000000000
150.500717163085938,74.462234497070312,103.199996948242188,-0.923879504203796,0.382683426141739,0.000000000000000
150.500717163085938,74.462234497070312,100.000000000000000,-0.923879504203796,0.382683426141739,0.000000000000000
151.725311279296875,71.505821228027344,103.199996948242188,-0.923879504203796,0.382683426141739,0.000000000000000
151.725311279296875,71.505821228027344,100.000000000000000,-0.923879504203796,0.382683426141739,0.000000000000000
152.949890136718750,68.549407958984375,93.599998474121094,-0.923879504203796,0.382683426141739,0.000000000000000
152.949890136718750,68.549407958984375,100.000000000000000,-0.923879504203796,0.382683426141739,0.000000000000000
152.949890136718750,68.549407958984375,96.800003051757812,-0.923879504203796,0.382683426141739,0.000000000000000
155.399063110351562,62.636573791503906,90.400001525878906,-0.923879504203796,0.382683426141739,0.000000000000000
152.949890136718750,68.549407958984375,103.199996948242188,-0.923879504203796,0.382683426141739,0.000000000000000
154.174484252929688,65.592987060546875,93.599998474121094,-0.923879504203796,0.382683426141739,0.000000000000000
154.174484252929688,65.592987060546875,103.199996948242188,-0.923879504203796,0.382683426141739,0.000000000000000
154.174484252929688,65.592987060546875,100.000000000000000,-0.923879504203796,0.382683426141739,0.000000000000000
154.174484252929688,65.592987060546875,96.800003051757812,-0.923879504203796,0.382683426141739,0.000000000000000
155.399063110351562,62.636573791503906,93.599998474121094,-0.923879504203796,0.382683426141739,0.000000000000000
155.399063110351562,62.636573791503906,96.800003051757812,-0.923879504203796,0.382683426141739,0.000000000000000
155.399063110351562,62.636573791503906,103.199996948242188,-0.923879504203796,0.382683426141739,0.000000000000000
155.399063110351562,62.636573791503906,100.000000000000000,-0.923879504203796,0.382683426141739,0.000000000000000
156.623657226562500,59.680160522460938,103.199996948242188,-0.923879504203796,0.382683426141739,0.000000000000000
155.399063110351562,62.636573791503906,87.199996948242188,-0.923879504203796,0.382683426141739,0.000000000000000
156.623657226562500,59.680160522460938,100.000000000000000,-0.923879504203796,0.382683426141739,0.000000000000000
156.623657226562500,59.680160522460938,96.800003051757812,-0.923879504203796,0.382683426141739,0.000000000000000
156.623657226562500,59.680160522460938,93.599998474121094,-0.923879504203796,0.382683426141739,0.000000000000000
157.848251342773438,56.723747253417969,100.000000000000000,-0.923879504203796,0.382683426141739,0.000000000000000
157.848251342773438,56.723747253417969,103.199996948242188,-0.923879504203796,0.382683426141739,0.000000000000000
159.072830200195312,53.767330169677734,103.199996948242188,-0.923879504203796,0.382683426141739,0.000000000000000
157.848251342773438,56.723747253417969,93.599998474121094,-0.923879504203796,0.382683426141739,0.000000000000000
159.072830200195312,53.767330169677734,100.000000000000000,-0.923879504203796,0.382683426141739,0.000000000000000
157.848251342773438,56.723747253417969,96.800003051757812,-0.923879504203796,0.382683426141739,0.000000000000000
159.072830200195312,53.767330169677734,93.599998474121094,-0.923879504203796,0.382683426141739,0.000000000000000
159.072830200195312,53.767330169677734,96.800003051757812,-0.923879504203796,0.382683426141739,0.000000000000000
156.623657226562500,59.680160522460938,84.000000000000000,-0.923879504203796,0.382683426141739,0.000000000000000
157.848251342773438,56.723747253417969,84.000000000000000,-0.923879504203796,0.382683426141739,0.000000000000000
157.848251342773438,56.723747253417969,80.800003051757812,-0.923879504203796,0.382683426141739,0.000000000000000
157.848251342773438,56.723747253417969,90.400001525878906,-0.923879504203796,0.382683426141739,0.000000000000000
157.848251342773438,56.723747253417969,87.199996948242188,-0.923879504203796,0.382683426141739,0.000000000000000
159.072830200195312,53.767330169677734,84.000000000000000,-0.923879504203796,0.382683426141739,0.000000000000000
159.072830200195312,53.767330169677734,80.800003051757812,-0.923879504203796,0.382683426141739,0.000000000000000
156.623657226562500,59.680160522460938,80.800003051757812,-0.923879504203796,0.382683426141739,0.000000000000000
155.399063110351562,62.636573791503906,80.800003051757812,-0.923879504203796,0.382683426141739,0.000000000000000
156.623657226562500,59.680160522460938,90.400001525878906,-0.923879504203796,0.382683426141739,0.000000000000000
159.072830200195312,53.767330169677734,87.199996948242188,-0.923879504203796,0.382683426141739,0.000000000000000
156.623657226562500,59.680160522460938,87.199996948242188,-0.923879504203796,0.382683426141739,0.000000000000000
155.399063110351562,62.636573791503906,84.000000000000000,-0.923879504203796,0.382683426141739,0.000000000000000
159.072830200195312,53.767330169677734,90.400001525878906,-0.923879504203796,0.382683426141739,0.000000000000000
159.072830200195312,53.767330169677734,67.199996948242188,-0.923879504203796,0.382683426141739,0.000000000000000
157.848251342773438,56.723747253417969,67.199996948242188,-0.923879504203796,0.382683426141739,0.000000000000000
155.399063110351562,62.636573791503906,70.400001525878906,-0.923879504203796,0.382683426141739,0.000000000000000
157.848251342773438,56.723747253417969,70.400001525878906,-0.923879504203796,0.382683426141739,0.000000000000000
155.399063110351562,62.636573791503906,67.199996948242188,-0.923879504203796,0.382683426141739,0.000000000000000
159.072830200195312,53.767330169677734,73.599998474121094,-0.923879504203796,0.382683426141739,0.000000000000000
156.623657226562500,59.680160522460938,73.599998474121094,-0.923879504203796,0.382683426141739,0.000000000000000
159.072830200195312,53.767330169677734,76.800003051757812,-0.923879504203796,0.382683426141739,0.000000000000000
157.848251342773438,56.723747253417969,73.599998474121094,-0.923879504203796,0.382683426141739,0.000000000000000
154.174484252929688,65.592987060546875,67.199996948242188,-0.923879504203796,0.382683426141739,0.000000000000000
159.072830200195312,53.767330169677734,70.400001525878906,-0.923879504203796,0.382683426141739,0.000000000000000
154.174484252929688,65.592987060546875,70.400001525878906,-0.923879504203796,0.382683426141739,0.000000000000000
156.623657226562500,59.680160522460938,67.199996948242188,-0.923879504203796,0.382683426141739,0.000000000000000
156.623657226562500,59.680160522460938,76.800003051757812,-0.923879504203796,0.382683426141739,0.000000000000000
156.623657226562500,59.680160522460938,70.400001525878906,-0.923879504203796,0.382683426141739,0.000000000000000
157.848251342773438,56.723747253417969,76.800003051757812,-0.923879504203796,0.382683426141739,0.000000000000000
159.072830200195312,53.767330169677734,64.000000000000000,-0.923879504203796,0.382683426141739,0.000000000000000
159.072830200195312,53.767330169677734,57.599998474121094,-0.923879504203796,0.382683426141739,0.000000000000000
159.072830200195312,53.767330169677734,60.799999237060547,-0.923879504203796,0.382683426141739,0.000000000000000
159.072830200195312,53.767330169677734,54.400001525878906,-0.923879504203796,0.382683426141739,0.000000000000000
157.848251342773438,56.723747253417969,60.799999237060547,-0.923879504203796,0.382683426141739,0.000000000000000
157.848251342773438,56.723747253417969,64.000000000000000,-0.923879504203796,0.382683426141739,0.000000000000000
157.848251342773438,56.723747253417969,57.599998474121094,-0.923879504203796,0.382683426141739,0.000000000000000
157.848251342773438,56.723747253417969,54.400001525878906,-0.923879504203796,0.382683426141739,0.000000000000000
156.623657226562500,59.680160522460938,64.000000000000000,-0.923879504203796,0.382683426141739,0.000000000000000
156.623657226562500,59.680160522460938,57.599998474121094,-0.923879504203796,0.382683426141739,0.000000000000000
156.623657226562500,59.680160522460938,60.799999237060547,-0.923879504203796,0.382683426141739,0.000000000000000
155.399063110351562,62.636573791503906,73.599998474121094,-0.923879504203796,0.382683426141739,0.000000000000000
156.623657226562500,59.680160522460938,54.400001525878906,-0.923879504203796,0.382683426141739,0.000000000000000
155.399063110351562,62.636573791503906,54.400001525878906,-0.923879504203796,0.382683426141739,0.000000000000000
155.399063110351562,62.636573791503906,57.599998474121094,-0.923879504203796,0.382683426141739,0.000000000000000
155.399063110351562,62.636573791503906,64.000000000000000,-0.923879504203796,0.382683426141739,0.000000000000000
155.399063110351562,62.636573791503906,60.799999237060547,-0.923879504203796,0.382683426141739,0.000000000000000
154.174484252929688,65.592987060546875,60.799999237060547,-0.923879504203796,0.382683426141739,0.000000000000000
154.174484252929688,65.592987060546875,57.599998474121094,-0.923879504203796,0.382683426141739,0.000000000000000
154.174484252929688,65.592987060546875,64.000000000000000,-0.923879504203796,0.382683426141739,0.000000000000000
154.174484252929688,65.592987060546875,54.400001525878906,-0.923879504203796,0.382683426141739,0.000000000000000
152.949890136718750,68.549407958984375,54.400001525878906,-0.923879504203796,0.382683426141739,0.000000000000000
155.399063110351562,62.636573791503906,76.800003051757812,-0.923879504203796,0.382683426141739,0.000000000000000
152.949890136718750,68.549407958984375,57.599998474121094,-0.923879504203796,0.382683426141739,0.000000000000000
151.725311279296875,71.505821228027344,54.400001525878906,-0.923879504203796,0.382683426141739,0.000000000000000
152.949890136718750,68.549407958984375,60.799999237060547,-0.923879504203796,0.382683426141739,0.000000000000000
151.725311279296875,71.505821228027344,57.599998474121094,-0.923879504203796,0.382683426141739,0.000000000000000
152.949890136718750,68.549407958984375,64.000000000000000,-0.923879504203796,0.382683426141739,0.000000000000000
150.500717163085938,74.462234497070312,54.400001525878906,-0.923879504203796,0.382683426141739,0.000000000000000
151.725311279296875,71.505821228027344,60.799999237060547,-0.923879504203796,0.382683426141739,0.000000000000000
150.500717163085938,74.462234497070312,57.599998474121094,-0.923879504203796,0.382683426141739,0.000000000000000
151.725311279296875,71.505821228027344,64.000000000000000,-0.923879504203796,0.382683426141739,0.000000000000000
150.500717163085938,74.462234497070312,60.799999237060547,-0.923879504203796,0.382683426141739,0.000000000000000
150.500717163085938,74.462234497070312,64.000000000000000,-0.923879504203796,0.382683426141739,0.000000000000000
152.949890136718750,68.549407958984375,76.800003051757812,-0.923879504203796,0.382683426141739,0.000000000000000
151.725311279296875,71.505821228027344,70.400001525878906,-0.923879504203796,0.382683426141739,0.000000000000000
151.725311279296875,71.505821228027344,76.800003051757812,-0.923879504203796,0.382683426141739,0.000000000000000
151.725311279296875,71.505821228027344,67.199996948242188,-0.923879504203796,0.382683426141739,0.000000000000000
151.725311279296875,71.505821228027344,73.599998474121094,-0.923879504203796,0.382683426141739,0.000000000000000
150.500717163085938,74.462234497070312,73.599998474121094,-0.923879504203796,0.382683426141739,0.000000000000000
150.500717163085938,74.462234497070312,76.800003051757812,-0.923879504203796,0.382683426141739,0.000000000000000
152.949890136718750,68.549407958984375,73.599998474121094,-0.923879504203796,0.382683426141739,0.000000000000000
154.174484252929688,65.592987060546875,73.599998474121094,-0.923879504203796,0.382683426141739,0.000000000000000
152.949890136718750,68.549407958984375,67.199996948242188,-0.923879504203796,0.382683426141739,0.000000000000000
150.500717163085938,74.462234497070312,70.400001525878906,-0.923879504203796,0.382683426141739,0.000000000000000
152.949890136718750,68.549407958984375,70.400001525878906,-0.923879504203796,0.382683426141739,0.000000000000000
154.174484252929688,65.592987060546875,76.800003051757812,-0.923879504203796,0.382683426141739,0.000000000000000
150.500717163085938,74.462234497070312,67.199996948242188,-0.923879504203796,0.382683426141739,0.000000000000000
136.999343872070312,97.088981628417969,90.400001525878906,-0.852640151977539,0.522498548030853,0.000000000000000
138.671340942382812,94.360534667968750,90.400001525878906,-0.852640151977539,0.522498548030853,0.000000000000000
140.343338012695312,91.632080078125000,80.800003051757812,-0.852640151977539,0.522498548030853,0.000000000000000
136.999343872070312,97.088981628417969,87.199996948242188,-0.852640151977539,0.522498548030853,0.000000000000000
142.015335083007812,88.903633117675781,87.199996948242188,-0.852640151977539,0.522498548030853,0.000000000000000
140.343338012695312,91.632080078125000,87.199996948242188,-0.852640151977539,0.522498548030853,0.000000000000000
142.015335083007812,88.903633117675781,90.400001525878906,-0.852640151977539,0.522498548030853,0.000000000000000
136.999343872070312,97.088981628417969,80.800003051757812,-0.852640151977539,0.522498548030853,0.000000000000000
138.671340942382812,94.360534667968750,84.000000000000000,-0.852640151977539,0.522498548030853,0.000000000000000
142.015335083007812,88.903633117675781,80.800003051757812,-0.852640151977539,0.522498548030853,0.000000000000000
138.671340942382812,94.360534667968750,87.199996948242188,-0.852640151977539,0.522498548030853,0.000000000000000
142.015335083007812,88.903633117675781,84.000000000000000,-0.852640151977539,0.522498548030853,0.000000000000000
140.343338012695312,91.632080078125000,90.400001525878906,-0.852640151977539,0.522498548030853,0.000000000000000
140.343338012695312,91.632080078125000,84.000000000000000,-0.852640151977539,0.522498548030853,0.000000000000000
136.999343872070312,97.088981628417969,84.000000000000000,-0.852640151977539,0.522498548030853,0.000000000000000
138.671340942382812,94.360534667968750,80.800003051757812,-0.852640151977539,0.522498548030853,0.000000000000000
136.999343872070312,97.088981628417969,93.599998474121094,-0.852640151977539,0.522498548030853,0.000000000000000
138.671340942382812,94.360534667968750,93.599998474121094,-0.852640151977539,0.522498548030853,0.000000000000000
136.999343872070312,97.088981628417969,96.800003051757812,-0.852640151977539,0.522498548030853,0.000000000000000
138.671340942382812,94.360534667968750,96.800003051757812,-0.852640151977539,0.522498548030853,0.000000000000000
136.999343872070312,97.088981628417969,103.199996948242188,-0.852640151977539,0.522498548030853,0.000000000000000
136.999343872070312,97.088981628417969,100.000000000000000,-0.852640151977539,0.522498548030853,0.000000000000000
138.671340942382812,94.360534667968750,103.199996948242188,-0.852640151977539,0.522498548030853,0.000000000000000
138.671340942382812,94.360534667968750,100.000000000000000,-0.852640151977539,0.522498548030853,0.000000000000000
140.343338012695312,91.632080078125000,93.599998474121094,-0.852640151977539,0.522498548030853,0.000000000000000
140.343338012695312,91.632080078125000,100.000000000000000,-0.852640151977539,0.522498548030853,0.000000000000000
140.343338012695312,91.632080078125000,96.800003051757812,-0.852640151977539,0.522498548030853,0.000000000000000
143.687332153320312,86.175186157226562,90.400001525878906,-0.852640151977539,0.522498548030853,0.000000000000000
140.343338012695312,91.632080078125000,103.199996948242188,-0.852640151977539,0.522498548030853,0.000000000000000
142.015335083007812,88.903633117675781,93.599998474121094,-0.852640151977539,0.522498548030853,0.000000000000000
142.015335083007812,88.903633117675781,103.199996948242188,-0.852640151977539,0.522498548030853,0.000000000000000
142.015335083007812,88.903633117675781,100.000000000000000,-0.852640151977539,0.522498548030853,0.000000000000000
142.015335083007812,88.903633117675781,96.800003051757812,-0.852640151977539,0.522498548030853,0.000000000000000
143.687332153320312,86.175186157226562,93.599998474121094,-0.852640151977539,0.522498548030853,0.000000000000000
143.687332153320312,86.175186157226562,96.800003051757812,-0.852640151977539,0.522498548030853,0.000000000000000
143.687332153320312,86.175186157226562,103.199996948242188,-0.852640151977539,0.522498548030853,0.000000000000000
143.687332153320312,86.175186157226562,100.000000000000000,-0.852640151977539,0.522498548030853,0.000000000000000
145.359329223632812,83.446739196777344,103.199996948242188,-0.852640151977539,0.522498548030853,0.000000000000000
143.687332153320312,86.175186157226562,87.199996948242188,-0.852640151977539,0.522498548030853,0.000000000000000
145.359329223632812,83.446739196777344,100.000000000000000,-0.852640151977539,0.522498548030853,0.000000000000000
145.359329223632812,83.446739196777344,96.800003051757812,-0.852640151977539,0.522498548030853,0.000000000000000
145.359329223632812,83.446739196777344,93.599998474121094,-0.852640151977539,0.522498548030853,0.000000000000000
147.031326293945312,80.718292236328125,100.000000000000000,-0.852640151977539,0.522498548030853,0.000000000000000
147.031326293945312,80.718292236328125,103.199996948242188,-0.852640151977539,0.522498548030853,0.000000000000000
148.703323364257812,77.989837646484375,103.199996948242188,-0.852640151977539,0.522498548030853,0.000000000000000
147.031326293945312,80.718292236328125,93.599998474121094,-0.852640151977539,0.522498548030853,0.000000000000000
148.703323364257812,77.989837646484375,100.000000000000000,-0.852640151977539,0.522498548030853,0.000000000000000
147.031326293945312,80.718292236328125,96.800003051757812,-0.852640151977539,0.522498548030853,0.000000000000000
148.703323364257812,77.989837646484375,93.599998474121094,-0.852640151977539,0.522498548030853,0.000000000000000
148.703323364257812,77.989837646484375,96.800003051757812,-0.852640151977539,0.522498548030853,0.000000000000000
145.359329223632812,83.446739196777344,84.000000000000000,-0.852640151977539,0.522498548030853,0.000000000000000
147.031326293945312,80.718292236328125,84.000000000000000,-0.852640151977539,0.522498548030853,0.000000000000000
147.031326293945312,80.718292236328125,80.800003051757812,-0.852640151977539,0.522498548030853,0.000000000000000
147.031326293945312,80.718292236328125,90.400001525878906,-0.852640151977539,0.522498548030853,0.000000000000000
147.031326293945312,80.718292236328125,87.199996948242188,-0.852640151977539,0.522498548030853,0.000000000000000
148.703323364257812,77.989837646484375,84.000000000000000,-0.852640151977539,0.522498548030853,0.000000000000000
148.703323364257812,77.989837646484375,80.800003051757812,-0.852640151977539,0.522498548030853,0.000000000000000
145.359329223632812,83.446739196777344,80.800003051757812,-0.852640151977539,0.522498548030853,0.000000000000000
143.687332153320312,86.175186157226562,80.800003051757812,-0.852640151977539,0.522498548030853,0.000000000000000
145.359329223632812,83.446739196777344,90.400001525878906,-0.852640151977539,0.522498548030853,0.000000000000000
148.703323364257812,77.989837646484375,87.199996948242188,-0.852640151977539,0.522498548030853,0.000000000000000
145.359329223632812,83.446739196777344,87.199996948242188,-0.852640151977539,0.522498548030853,0.000000000000000
143.687332153320312,86.175186157226562,84.000000000000000,-0.852640151977539,0.522498548030853,0.000000000000000
148.703323364257812,77.989837646484375,90.400001525878906,-0.852640151977539,0.522498548030853,0.000000000000000
148.703323364257812,77.989837646484375,67.199996948242188,-0.852640151977539,0.522498548030853,0.000000000000000
147.031326293945312,80.718292236328125,67.199996948242188,-0.852640151977539,0.522498548030853,0.000000000000000
143.687332153320312,86.175186157226562,70.400001525878906,-0.852640151977539,0.522498548030853,0.000000000000000
147.031326293945312,80.718292236328125,70.400001525878906,-0.852640151977539,0.522498548030853,0.000000000000000
143.687332153320312,86.175186157226562,67.199996948242188,-0.852640151977539,0.522498548030853,0.000000000000000
148.703323364257812,77.989837646484375,73.599998474121094,-0.852640151977539,0.522498548030853,0.000000000000000
145.359329223632812,83.446739196777344,73.599998474121094,-0.852640151977539,0.522498548030853,0.000000000000000
148.703323364257812,77.989837646484375,76.800003051757812,-0.852640151977539,0.522498548030853,0.000000000000000
147.031326293945312,80.718292236328125,73.599998474121094,-0.852640151977539,0.522498548030853,0.000000000000000
142.015335083007812,88.903633117675781,67.199996948242188,-0.852640151977539,0.522498548030853,0.000000000000000
148.703323364257812,77.989837646484375,70.400001525878906,-0.852640151977539,0.522498548030853,0.000000000000000
142.015335083007812,88.903633117675781,70.400001525878906,-0.852640151977539,0.522498548030853,0.000000000000000
145.359329223632812,83.446739196777344,67.199996948242188,-0.852640151977539,0.522498548030853,0.000000000000000
145.359329223632812,83.446739196777344,76.800003051757812,-0.852640151977539,0.522498548030853,0.000000000000000
145.359329223632812,83.446739196777344,70.400001525878906,-0.852640151977539,0.522498548030853,0.000000000000000
147.031326293945312,80.718292236328125,76.800003051757812,-0.852640151977539,0.522498548030853,0.000000000000000
148.703323364257812,77.989837646484375,64.000000000000000,-0.852640151977539,0.522498548030853,0.000000000000000
148.703323364257812,77.989837646484375,57.599998474121094,-0.852640151977539,0.522498548030853,0.000000000000000
148.703323364257812,77.989837646484375,60.799999237060547,-0.852640151977539,0.522498548030853,0.000000000000000
148.703323364257812,77.989837646484375,54.400001525878906,-0.852640151977539,0.522498548030853,0.000000000000000
147.031326293945312,80.718292236328125,60.799999237060547,-0.852640151977539,0.522498548030853,0.000000000000000
147.031326293945312,80.718292236328125,64.000000000000000,-0.852640151977539,0.522498548030853,0.000000000000000
147.031326293945312,80.718292236328125,57.599998474121094,-0.852640151977539,0.522498548030853,0.000000000000000
147.031326293945312,80.718292236328125,54.400001525878906,-0.852640151977539,0.522498548030853,0.000000000000000
145.359329223632812,83.446739196777344,64.000000000000000,-0.852640151977539,0.522498548030853,0.000000000000000
145.359329223632812,83.446739196777344,57.599998474121094,-0.852640151977539,0.522498548030853,0.000000000000000
145.359329223632812,83.446739196777344,60.799999237060547,-0.852640151977539,0.522498548030853,0.000000000000000
143.687332153320312,86.175186157226562,73.599998474121094,-0.852640151977539,0.522498548030853,0.000000000000000
145.359329223632812,83.446739196777344,54.400001525878906,-0.852640151977539,0.522498548030853,0.000000000000000
143.687332153320312,86.175186157226562,54.400001525878906,-0.852640151977539,0.522498548030853,0.000000000000000
143.687332153320312,86.175186157226562,57.599998474121094,-0.852640151977539,0.522498548030853,0.000000000000000
143.687332153320312,86.175186157226562,64.000000000000000,-0.852640151977539,0.522498548030853,0.000000000000000
143.687332153320312,86.175186157226562,60.799999237060547,-0.852640151977539,0.522498548030853,0.000000000000000
142.015335083007812,88.903633117675781,60.799999237060547,-0.852640151977539,0.522498548030853,0.000000000000000
142.015335083007812,88.903633117675781,57.599998474121094,-0.852640151977539,0.522498548030853,0.000000000000000
142.015335083007812,88.903633117675781,64.000000000000000,-0.852640151977539,0.522498548030853,0.000000000000000
142.015335083007812,88.903633117675781,54.400001525878906,-0.852640151977539,0.522498548030853,0.000000000000000
140.343338012695312,91.632080078125000,54.400001525878906,-0.852640151977539,0.522498548030853,0.000000000000000
143.687332153320312,86.175186157226562,76.800003051757812,-0.852640151977539,0.522498548030853,0.000000000000000
140.343338012695312,91.632080078125000,57.599998474121094,-0.852640151977539,0.522498548030853,0.000000000000000
138.671340942382812,94.360534667968750,54.400001525878906,-0.852640151977539,0.522498548030853,0.000000000000000
140.343338012695312,91.632080078125000,60.799999237060547,-0.852640151977539,0.522498548030853,0.000000000000000
138.671340942382812,94.360534667968750,57.599998474121094,-0.852640151977539,0.522498548030853,0.000000000000000
140.343338012695312,91.632080078125000,64.000000000000000,-0.852640151977539,0.522498548030853,0.000000000000000
136.999343872070312,97.088981628417969,54.400001525878906,-0.852640151977539,0.522498548030853,0.000000000000000
138.671340942382812,94.360534667968750,60.799999237060547,-0.852640151977539,0.522498548030853,0.000000000000000
136.999343872070312,97.088981628417969,57.599998474121094,-0.852640151977539,0.522498548030853,0.000000000000000
138.671340942382812,94.360534667968750,64.000000000000000,-0.852640151977539,0.522498548030853,0.000000000000000
136.999343872070312,97.088981628417969,60.799999237060547,-0.852640151977539,0.522498548030853,0.000000000000000
136.999343872070312,97.088981628417969,64.000000000000000,-0.852640151977539,0.522498548030853,0.000000000000000
140.343338012695312,91.632080078125000,76.800003051757812,-0.852640151977539,0.522498548030853,0.000000000000000
138.671340942382812,94.360534667968750,70.400001525878906,-0.852640151977539,0.522498548030853,0.000000000000000
138.671340942382812,94.360534667968750,76.800003051757812,-0.852640151977539,0.522498548030853,0.000000000000000
138.671340942382812,94.360534667968750,67.199996948242188,-0.852640151977539,0.522498548030853,0.000000000000000
138.671340942382812,94.360534667968750,73.599998474121094,-0.852640151977539,0.522498548030853,0.000000000000000
136.999343872070312,97.088981628417969,73.599998474121094,-0.852640151977539,0.522498548030853,0.000000000000000
136.999343872070312,97.088981628417969,76.800003051757812,-0.852640151977539,0.522498548030853,0.000000000000000
140.343338012695312,91.632080078125000,73.599998474121094,-0.852640151977539,0.522498548030853,0.000000000000000
142.015335083007812,88.903633117675781,73.599998474121094,-0.852640151977539,0.522498548030853,0.000000000000000
140.343338012695312,91.632080078125000,67.199996948242188,-0.852640151977539,0.522498548030853,0.000000000000000
136.999343872070312,97.088981628417969,70.400001525878906,-0.852640151977539,0.522498548030853,0.000000000000000
140.343338012695312,91.632080078125000,70.400001525878906,-0.852640151977539,0.522498548030853,0.000000000000000
142.015335083007812,88.903633117675781,76.800003051757812,-0.852640151977539,0.522498548030853,0.000000000000000
136.999343872070312,97.088981628417969,67.199996948242188,-0.852640151977539,0.522498548030853,0.000000000000000
120.124595642089844,117.325073242187500,90.400001525878906,-0.760405957698822,0.649448037147522,0.000000000000000
122.202827453613281,114.891777038574219,90.400001525878906,-0.760405957698822,0.649448037147522,0.000000000000000
124.281066894531250,112.458473205566406,80.800003051757812,-0.760405957698822,0.649448037147522,0.000000000000000
120.124595642089844,117.325073242187500,87.199996948242188,-0.760405957698822,0.649448037147522,0.000000000000000
126.359298706054688,110.025177001953125,87.199996948242188,-0.760405957698822,0.649448037147522,0.000000000000000
124.281066894531250,112.458473205566406,87.199996948242188,-0.760405957698822,0.649448037147522,0.000000000000000
126.359298706054688,110.025177001953125,90.400001525878906,-0.760405957698822,0.649448037147522,0.000000000000000
120.124595642089844,117.325073242187500,80.800003051757812,-0.760405957698822,0.649448037147522,0.000000000000000
122.202827453613281,114.891777038574219,84.000000000000000,-0.760405957698822,0.649448037147522,0.000000000000000
126.359298706054688,110.025177001953125,80.800003051757812,-0.760405957698822,0.649448037147522,0.000000000000000
122.202827453613281,114.891777038574219,87.199996948242188,-0.760405957698822,0.649448037147522,0.000000000000000
126.359298706054688,110.025177001953125,84.000000000000000,-0.760405957698822,0.649448037147522,0.000000000000000
124.281066894531250,112.458473205566406,90.400001525878906,-0.760405957698822,0.649448037147522,0.000000000000000
124.281066894531250,112.458473205566406,84.000000000000000,-0.760405957698822,0.649448037147522,0.000000000000000
120.124595642089844,117.325073242187500,84.000000000000000,-0.760405957698822,0.649448037147522,0.000000000000000
122.202827453613281,114.891777038574219,80.800003051757812,-0.760405957698822,0.649448037147522,0.000000000000000
120.124595642089844,117.325073242187500,93.599998474121094,-0.760405957698822,0.649448037147522,0.000000000000000
122.202827453613281,114.891777038574219,93.599998474121094,-0.760405957698822,0.649448037147522,0.000000000000000
120.124595642089844,117.325073242187500,96.800003051757812,-0.760405957698822,0.649448037147522,0.000000000000000
122.202827453613281,114.891777038574219,96.800003051757812,-0.760405957698822,0.649448037147522,0.000000000000000
120.124595642089844,117.325073242187500,103.199996948242188,-0.760405957698822,0.649448037147522,0.000000000000000
120.124595642089844,117.325073242187500,100.000000000000000,-0.760405957698822,0.649448037147522,0.000000000000000
122.202827453613281,114.891777038574219,103.199996948242188,-0.760405957698822,0.649448037147522,0.000000000000000
122.202827453613281,114.891777038574219,100.000000000000000,-0.760405957698822,0.649448037147522,0.000000000000000
124.281066894531250,112.458473205566406,93.599998474121094,-0.760405957698822,0.649448037147522,0.000000000000000
124.281066894531250,112.458473205566406,100.000000000000000,-0.760405957698822,0.649448037147522,0.000000000000000
124.281066894531250,112.458473205566406,96.800003051757812,-0.760405957698822,0.649448037147522,0.000000000000000
128.437530517578125,107.591873168945312,90.400001525878906,-0.760405957698822,0.649448037147522,0.000000000000000
124.281066894531250,112.458473205566406,103.199996948242188,-0.760405957698822,0.649448037147522,0.000000000000000
126.359298706054688,110.025177001953125,93.599998474121094,-0.760405957698822,0.649448037147522,0.000000000000000
126.359298706054688,110.025177001953125,103.199996948242188,-0.760405957698822,0.649448037147522,0.000000000000000
126.359298706054688,110.025177001953125,100.000000000000000,-0.760405957698822,0.649448037147522,0.000000000000000
126.359298706054688,110.025177001953125,96.800003051757812,-0.760405957698822,0.649448037147522,0.000000000000000
128.437530517578125,107.591873168945312,93.599998474121094,-0.760405957698822,0.649448037147522,0.000000000000000
128.437530517578125,107.591873168945312,96.800003051757812,-0.760405957698822,0.649448037147522,0.000000000000000
128.437530517578125,107.591873168945312,103.199996948242188,-0.760405957698822,0.649448037147522,0.000000000000000
128.437530517578125,107.591873168945312,100.000000000000000,-0.760405957698822,0.649448037147522,0.000000000000000
130.515762329101562,105.158576965332031,103.199996948242188,-0.760405957698822,0.649448037147522,0.000000000000000
128.437530517578125,107.591873168945312,87.199996948242188,-0.760405957698822,0.649448037147522,0.000000000000000
130.515762329101562,105.158576965332031,100.000000000000000,-0.760405957698822,0.649448037147522,0.000000000000000
130.515762329101562,105.158576965332031,96.800003051757812,-0.760405957698822,0.649448037147522,0.000000000000000
130.515762329101562,105.158576965332031,93.599998474121094,-0.760405957698822,0.649448037147522,0.000000000000000
132.593994140625000,102.725280761718750,100.000000000000000,-0.760405957698822,0.649448037147522,0.000000000000000
132.593994140625000,102.725280761718750,103.199996948242188,-0.760405957698822,0.649448037147522,0.000000000000000
134.672225952148438,100.291976928710938,103.199996948242188,-0.760405957698822,0.649448037147522,0.000000000000000
132.593994140625000,102.725280761718750,93.599998474121094,-0.760405957698822,0.649448037147522,0.000000000000000
134.672225952148438,100.291976928710938,100.000000000000000,-0.760405957698822,0.649448037147522,0.000000000000000
132.593994140625000,102.725280761718750,96.800003051757812,-0.760405957698822,0.649448037147522,0.000000000000000
134.672225952148438,100.291976928710938,93.599998474121094,-0.760405957698822,0.649448037147522,0.000000000000000
134.672225952148438,100.291976928710938,96.800003051757812,-0.760405957698822,0.649448037147522,0.000000000000000
130.515762329101562,105.158576965332031,84.000000000000000,-0.760405957698822,0.649448037147522,0.000000000000000
132.593994140625000,102.725280761718750,84.000000000000000,-0.760405957698822,0.649448037147522,0.000000000000000
132.593994140625000,102.725280761718750,80.800003051757812,-0.760405957698822,0.649448037147522,0.000000000000000
132.593994140625000,102.725280761718750,90.400001525878906,-0.760405957698822,0.649448037147522,0.000000000000000
132.593994140625000,102.725280761718750,87.199996948242188,-0.760405957698822,0.649448037147522,0.000000000000000
134.672225952148438,100.291976928710938,84.000000000000000,-0.760405957698822,0.649448037147522,0.000000000000000
134.672225952148438,100.291976928710938,80.800003051757812,-0.760405957698822,0.649448037147522,0.000000000000000
130.515762329101562,105.158576965332031,80.800003051757812,-0.760405957698822,0.649448037147522,0.000000000000000
128.437530517578125,107.591873168945312,80.800003051757812,-0.760405957698822,0.649448037147522,0.000000000000000
130.515762329101562,105.158576965332031,90.400001525878906,-0.760405957698822,0.649448037147522,0.000000000000000
134.672225952148438,100.291976928710938,87.199996948242188,-0.760405957698822,0.649448037147522,0.000000000000000
130.515762329101562,105.158576965332031,87.199996948242188,-0.760405957698822,0.649448037147522,0.000000000000000
128.437530517578125,107.591873168945312,84.000000000000000,-0.760405957698822,0.649448037147522,0.000000000000000
134.672225952148438,100.291976928710938,90.400001525878906,-0.760405957698822,0.649448037147522,0.000000000000000
134.672225952148438,100.291976928710938,67.199996948242188,-0.760405957698822,0.649448037147522,0.000000000000000
132.593994140625000,102.725280761718750,67.199996948242188,-0.760405957698822,0.649448037147522,0.000000000000000
128.437530517578125,107.591873168945312,70.400001525878906,-0.760405957698822,0.649448037147522,0.000000000000000
132.593994140625000,102.725280761718750,70.400001525878906,-0.760405957698822,0.649448037147522,0.000000000000000
128.437530517578125,107.591873168945312,67.199996948242188,-0.760405957698822,0.649448037147522,0.000000000000000
134.672225952148438,100.291976928710938,73.599998474121094,-0.760405957698822,0.649448037147522,0.000000000000000
130.515762329101562,105.158576965332031,73.599998474121094,-0.760405957698822,0.649448037147522,0.000000000000000
134.672225952148438,100.291976928710938,76.800003051757812,-0.760405957698822,0.649448037147522,0.000000000000000
132.593994140625000,102.725280761718750,73.599998474121094,-0.760405957698822,0.649448037147522,0.000000000000000
126.359298706054688,110.025177001953125,67.199996948242188,-0.760405957698822,0.649448037147522,0.000000000000000
134.672225952148438,100.291976928710938,70.400001525878906,-0.760405957698822,0.649448037147522,0.000000000000000
126.359298706054688,110.025177001953125,70.400001525878906,-0.760405957698822,0.649448037147522,0.000000000000000
130.515762329101562,105.158576965332031,67.199996948242188,-0.760405957698822,0.649448037147522,0.000000000000000
130.515762329101562,105.158576965332031,76.800003051757812,-0.760405957698822,0.649448037147522,0.000000000000000
130.515762329101562,105.158576965332031,70.400001525878906,-0.760405957698822,0.649448037147522,0.000000000000000
132.593994140625000,102.725280761718750,76.800003051757812,-0.760405957698822,0.649448037147522,0.000000000000000
134.672225952148438,100.291976928710938,64.000000000000000,-0.760405957698822,0.649448037147522,0.000000000000000
134.672225952148438,100.291976928710938,57.599998474121094,-0.760405957698822,0.649448037147522,0.000000000000000
134.672225952148438,100.291976928710938,60.799999237060547,-0.760405957698822,0.649448037147522,0.000000000000000
134.672225952148438,100.291976928710938,54.400001525878906,-0.760405957698822,0.649448037147522,0.000000000000000
132.593994140625000,102.725280761718750,60.799999237060547,-0.760405957698822,0.649448037147522,0.000000000000000
132.593994140625000,102.725280761718750,64.000000000000000,-0.760405957698822,0.649448037147522,0.000000000000000
132.593994140625000,102.725280761718750,57.599998474121094,-0.760405957698822,0.649448037147522,0.000000000000000
132.593994140625000,102.725280761718750,54.400001525878906,-0.760405957698822,0.649448037147522,0.000000000000000
130.515762329101562,105.158576965332031,64.000000000000000,-0.760405957698822,0.649448037147522,0.000000000000000
130.515762329101562,105.158576965332031,57.599998474121094,-0.760405957698822,0.649448037147522,0.000000000000000
130.515762329101562,105.158576965332031,60.799999237060547,-0.760405957698822,0.649448037147522,0.000000000000000
128.437530517578125,107.591873168945312,73.599998474121094,-0.760405957698822,0.649448037147522,0.000000000000000
130.515762329101562,105.158576965332031,54.400001525878906,-0.760405957698822,0.649448037147522,0.000000000000000
128.437530517578125,107.591873168945312,54.400001525878906,-0.760405957698822,0.649448037147522,0.000000000000000
128.437530517578125,107.591873168945312,57.599998474121094,-0.760405957698822,0.649448037147522,0.000000000000000
128.437530517578125,107.591873168945312,64.000000000000000,-0.760405957698822,0.649448037147522,0.000000000000000
128.437530517578125,107.591873168945312,60.799999237060547,-0.760405957698822,0.649448037147522,0.000000000000000
126.359298706054688,110.025177001953125,60.799999237060547,-0.760405957698822,0.649448037147522,0.000000000000000
126.359298706054688,110.025177001953125,57.599998474121094,-0.760405957698822,0.649448037147522,0.000000000000000
126.359298706054688,110.025177001953125,64.000000000000000,-0.760405957698822,0.649448037147522,0.000000000000000
126.359298706054688,110.025177001953125,54.400001525878906,-0.760405957698822,0.649448037147522,0.000000000000000
124.281066894531250,112.458473205566406,54.400001525878906,-0.760405957698822,0.649448037147522,0.000000000000000
128.437530517578125,107.591873168945312,76.800003051757812,-0.760405957698822,0.649448037147522,0.000000000000000
124.281066894531250,112.458473205566406,57.599998474121094,-0.760405957698822,0.649448037147522,0.000000000000000
122.202827453613281,114.891777038574219,54.400001525878906,-0.760405957698822,0.649448037147522,0.000000000000000
124.281066894531250,112.458473205566406,60.799999237060547,-0.760405957698822,0.649448037147522,0.000000000000000
122.202827453613281,114.891777038574219,57.599998474121094,-0.760405957698822,0.649448037147522,0.000000000000000
124.281066894531250,112.458473205566406,64.000000000000000,-0.760405957698822,0.649448037147522,0.000000000000000
120.124595642089844,117.325073242187500,54.400001525878906,-0.760405957698822,0.649448037147522,0.000000000000000
122.202827453613281,114.891777038574219,60.799999237060547,-0.760405957698822,0.649448037147522,0.000000000000000
120.124595642089844,117.325073242187500,57.599998474121094,-0.760405957698822,0.649448037147522,0.000000000000000
122.202827453613281,114.891777038574219,64.000000000000000,-0.760405957698822,0.649448037147522,0.000000000000000
120.124595642089844,117.325073242187500,60.799999237060547,-0.760405957698822,0.649448037147522,0.000000000000000
120.124595642089844,117.325073242187500,64.000000000000000,-0.760405957698822,0.649448037147522,0.000000000000000
124.281066894531250,112.458473205566406,76.800003051757812,-0.760405957698822,0.649448037147522,0.000000000000000
122.202827453613281,114.891777038574219,70.400001525878906,-0.760405957698822,0.649448037147522,0.000000000000000
122.202827453613281,114.891777038574219,76.800003051757812,-0.760405957698822,0.649448037147522,0.000000000000000
122.202827453613281,114.891777038574219,67.199996948242188,-0.760405957698822,0.649448037147522,0.000000000000000
122.202827453613281,114.891777038574219,73.599998474121094,-0.760405957698822,0.649448037147522,0.000000000000000
120.124595642089844,117.325073242187500,73.599998474121094,-0.760405957698822,0.649448037147522,0.000000000000000
120.124595642089844,117.325073242187500,76.800003051757812,-0.760405957698822,0.649448037147522,0.000000000000000
124.281066894531250,112.458473205566406,73.599998474121094,-0.760405957698822,0.649448037147522,0.000000000000000
126.359298706054688,110.025177001953125,73.599998474121094,-0.760405957698822,0.649448037147522,0.000000000000000
124.281066894531250,112.458473205566406,67.199996948242188,-0.760405957698822,0.649448037147522,0.000000000000000
120.124595642089844,117.325073242187500,70.400001525878906,-0.760405957698822,0.649448037147522,0.000000000000000
124.281066894531250,112.458473205566406,70.400001525878906,-0.760405957698822,0.649448037147522,0.000000000000000
126.359298706054688,110.025177001953125,76.800003051757812,-0.760405957698822,0.649448037147522,0.000000000000000
120.124595642089844,117.325073242187500,67.199996948242188,-0.760405957698822,0.649448037147522,0.000000000000000
100.291976928710938,134.672241210937500,90.400001525878906,-0.649448037147522,0.760405957698822,0.000000000000000
102.725280761718750,132.593994140625000,90.400001525878906,-0.649448037147522,0.760405957698822,0.000000000000000
105.158576965332031,130.515762329101562,80.800003051757812,-0.649448037147522,0.760405957698822,0.000000000000000
100.291976928710938,134.672241210937500,87.199996948242188,-0.649448037147522,0.760405957698822,0.000000000000000
107.591873168945312,128.437530517578125,87.199996948242188,-0.649448037147522,0.760405957698822,0.000000000000000
105.158576965332031,130.515762329101562,87.199996948242188,-0.649448037147522,0.760405957698822,0.000000000000000
107.591873168945312,128.437530517578125,90.400001525878906,-0.649448037147522,0.760405957698822,0.000000000000000
100.291976928710938,134.672241210937500,80.800003051757812,-0.649448037147522,0.760405957698822,0.000000000000000
102.725280761718750,132.593994140625000,84.000000000000000,-0.649448037147522,0.760405957698822,0.000000000000000
107.591873168945312,128.437530517578125,80.800003051757812,-0.649448037147522,0.760405957698822,0.000000000000000
102.725280761718750,132.593994140625000,87.199996948242188,-0.649448037147522,0.760405957698822,0.000000000000000
107.591873168945312,128.437530517578125,84.000000000000000,-0.649448037147522,0.760405957698822,0.000000000000000
105.158576965332031,130.515762329101562,90.400001525878906,-0.649448037147522,0.760405957698822,0.000000000000000
105.158576965332031,130.515762329101562,84.000000000000000,-0.649448037147522,0.760405957698822,0.000000000000000
100.291976928710938,134.672241210937500,84.000000000000000,-0.649448037147522,0.760405957698822,0.000000000000000
102.725280761718750,132.593994140625000,80.800003051757812,-0.649448037147522,0.760405957698822,0.000000000000000
100.291976928710938,134.672241210937500,93.599998474121094,-0.649448037147522,0.760405957698822,0.000000000000000
102.725280761718750,132.593994140625000,93.599998474121094,-0.649448037147522,0.760405957698822,0.000000000000000
100.291976928710938,134.672241210937500,96.800003051757812,-0.649448037147522,0.760405957698822,0.000000000000000
102.725280761718750,132.593994140625000,96.800003051757812,-0.649448037147522,0.760405957698822,0.000000000000000
100.291976928710938,134.672241210937500,103.199996948242188,-0.649448037147522,0.760405957698822,0.000000000000000
100.291976928710938,134.672241210937500,100.000000000000000,-0.649448037147522,0.760405957698822,0.000000000000000
102.725280761718750,132.593994140625000,103.199996948242188,-0.649448037147522,0.760405957698822,0.000000000000000
102.725280761718750,132.593994140625000,100.000000000000000,-0.649448037147522,0.760405957698822,0.000000000000000
105.158576965332031,130.515762329101562,93.599998474121094,-0.649448037147522,0.760405957698822,0.000000000000000
105.158576965332031,130.515762329101562,100.000000000000000,-0.649448037147522,0.760405957698822,0.000000000000000
105.158576965332031,130.515762329101562,96.800003051757812,-0.649448037147522,0.760405957698822,0.000000000000000
110.025177001953125,126.359298706054688,90.400001525878906,-0.649448037147522,0.760405957698822,0.000000000000000
105.158576965332031,130.515762329101562,103.199996948242188,-0.649448037147522,0.760405957698822,0.000000000000000
107.591873168945312,128.437530517578125,93.599998474121094,-0.649448037147522,0.760405957698822,0.000000000000000
107.591873168945312,128.437530517578125,103.199996948242188,-0.649448037147522,0.760405957698822,0.000000000000000
107.591873168945312,128.437530517578125,100.000000000000000,-0.649448037147522,0.760405957698822,0.000000000000000
107.591873168945312,128.437530517578125,96.800003051757812,-0.649448037147522,0.760405957698822,0.000000000000000
110.025177001953125,126.359298706054688,93.599998474121094,-0.649448037147522,0.760405957698822,0.000000000000000
110.025177001953125,126.359298706054688,96.800003051757812,-0.649448037147522,0.760405957698822,0.000000000000000
110.025177001953125,126.359298706054688,103.199996948242188,-0.649448037147522,0.760405957698822,0.000000000000000
110.025177001953125,126.359298706054688,100.000000000000000,-0.649448037147522,0.760405957698822,0.000000000000000
112.458473205566406,124.281066894531250,103.199996948242188,-0.649448037147522,0.760405957698822,0.000000000000000
110.025177001953125,126.359298706054688,87.199996948242188,-0.649448037147522,0.760405957698822,0.000000000000000
112.458473205566406,124.281066894531250,100.000000000000000,-0.649448037147522,0.760405957698822,0.000000000000000
112.458473205566406,124.281066894531250,96.800003051757812,-0.649448037147522,0.760405957698822,0.000000000000000
112.458473205566406,124.281066894531250,93.599998474121094,-0.649448037147522,0.760405957698822,0.000000000000000
114.891777038574219,122.202835083007812,100.000000000000000,-0.649448037147522,0.760405957698822,0.000000000000000
114.891777038574219,122.202835083007812,103.199996948242188,-0.649448037147522,0.760405957698822,0.000000000000000
117.325073242187500,120.124595642089844,103.199996948242188,-0.649448037147522,0.760405957698822,0.000000000000000
114.891777038574219,122.202835083007812,93.599998474121094,-0.649448037147522,0.760405957698822,0.000000000000000
117.325073242187500,120.124595642089844,100.000000000000000,-0.649448037147522,0.760405957698822,0.000000000000000
114.891777038574219,122.202835083007812,96.800003051757812,-0.649448037147522,0.760405957698822,0.000000000000000
117.325073242187500,120.124595642089844,93.599998474121094,-0.649448037147522,0.760405957698822,0.000000000000000
117.325073242187500,120.124595642089844,96.800003051757812,-0.649448037147522,0.760405957698822,0.000000000000000
112.458473205566406,124.281066894531250,84.000000000000000,-0.649448037147522,0.760405957698822,0.000000000000000
114.891777038574219,122.202835083007812,84.000000000000000,-0.649448037147522,0.760405957698822,0.000000000000000
114.891777038574219,122.202835083007812,80.800003051757812,-0.649448037147522,0.760405957698822,0.000000000000000
114.891777038574219,122.202835083007812,90.400001525878906,-0.649448037147522,0.760405957698822,0.000000000000000
114.891777038574219,122.202835083007812,87.199996948242188,-0.649448037147522,0.760405957698822,0.000000000000000
117.325073242187500,120.124595642089844,84.000000000000000,-0.649448037147522,0.760405957698822,0.000000000000000
117.325073242187500,120.124595642089844,80.800003051757812,-0.649448037147522,0.760405957698822,0.000000000000000
112.458473205566406,124.281066894531250,80.800003051757812,-0.649448037147522,0.760405957698822,0.000000000000000
110.025177001953125,126.359298706054688,80.800003051757812,-0.649448037147522,0.760405957698822,0.000000000000000
112.458473205566406,124.281066894531250,90.400001525878906,-0.649448037147522,0.760405957698822,0.000000000000000
117.325073242187500,120.124595642089844,87.199996948242188,-0.649448037147522,0.760405957698822,0.000000000000000
112.458473205566406,124.281066894531250,87.199996948242188,-0.649448037147522,0.760405957698822,0.000000000000000
110.025177001953125,126.359298706054688,84.000000000000000,-0.649448037147522,0.760405957698822,0.000000000000000
117.325073242187500,120.124595642089844,90.400001525878906,-0.649448037147522,0.760405957698822,0.000000000000000
117.325073242187500,120.124595642089844,67.199996948242188,-0.649448037147522,0.760405957698822,0.000000000000000
114.891777038574219,122.202835083007812,67.199996948242188,-0.649448037147522,0.760405957698822,0.000000000000000
110.025177001953125,126.359298706054688,70.400001525878906,-0.649448037147522,0.760405957698822,0.000000000000000
114.891777038574219,122.202835083007812,70.400001525878906,-0.649448037147522,0.760405957698822,0.000000000000000
110.025177001953125,126.359298706054688,67.199996948242188,-0.649448037147522,0.760405957698822,0.000000000000000
117.325073242187500,120.124595642089844,73.599998474121094,-0.649448037147522,0.760405957698822,0.000000000000000
112.458473205566406,124.281066894531250,73.599998474121094,-0.649448037147522,0.760405957698822,0.000000000000000
117.325073242187500,120.124595642089844,76.800003051757812,-0.649448037147522,0.760405957698822,0.000000000000000
114.891777038574219,122.202835083007812,73.599998474121094,-0.649448037147522,0.760405957698822,0.000000000000000
107.591873168945312,128.437530517578125,67.199996948242188,-0.649448037147522,0.760405957698822,0.000000000000000
117.325073242187500,120.124595642089844,70.400001525878906,-0.649448037147522,0.760405957698822,0.000000000000000
107.591873168945312,128.437530517578125,70.400001525878906,-0.649448037147522,0.760405957698822,0.000000000000000
112.458473205566406,124.281066894531250,67.199996948242188,-0.649448037147522,0.760405957698822,0.000000000000000
112.458473205566406,124.281066894531250,76.800003051757812,-0.649448037147522,0.760405957698822,0.000000000000000
112.458473205566406,124.281066894531250,70.400001525878906,-0.649448037147522,0.760405957698822,0.000000000000000
114.891777038574219,122.202835083007812,76.800003051757812,-0.649448037147522,0.760405957698822,0.000000000000000
117.325073242187500,120.124595642089844,64.000000000000000,-0.649448037147522,0.760405957698822,0.000000000000000
117.325073242187500,120.124595642089844,57.599998474121094,-0.649448037147522,0.760405957698822,0.000000000000000
117.325073242187500,120.124595642089844,60.799999237060547,-0.649448037147522,0.760405957698822,0.000000000000000
117.325073242187500,120.124595642089844,54.400001525878906,-0.649448037147522,0.760405957698822,0.000000000000000
114.891777038574219,122.202835083007812,60.799999237060547,-0.649448037147522,0.760405957698822,0.000000000000000
114.891777038574219,122.202835083007812,64.000000000000000,-0.649448037147522,0.760405957698822,0.000000000000000
114.891777038574219,122.202835083007812,57.599998474121094,-0.649448037147522,0.760405957698822,0.000000000000000
114.891777038574219,122.202835083007812,54.400001525878906,-0.649448037147522,0.760405957698822,0.000000000000000
112.458473205566406,124.281066894531250,64.000000000000000,-0.649448037147522,0.760405957698822,0.000000000000000
112.458473205566406,124.281066894531250,57.599998474121094,-0.649448037147522,0.760405957698822,0.000000000000000
112.458473205566406,124.281066894531250,60.799999237060547,-0.649448037147522,0.760405957698822,0.000000000000000
110.025177001953125,126.359298706054688,73.599998474121094,-0.649448037147522,0.760405957698822,0.000000000000000
112.458473205566406,124.281066894531250,54.400001525878906,-0.649448037147522,0.760405957698822,0.000000000000000
110.025177001953125,126.359298706054688,54.400001525878906,-0.649448037147522,0.760405957698822,0.000000000000000
110.025177001953125,126.359298706054688,57.599998474121094,-0.649448037147522,0.760405957698822,0.000000000000000
110.025177001953125,126.359298706054688,64.000000000000000,-0.649448037147522,0.760405957698822,0.000000000000000
110.025177001953125,126.359298706054688,60.799999237060547,-0.649448037147522,0.760405957698822,0.000000000000000
107.591873168945312,128.437530517578125,60.799999237060547,-0.649448037147522,0.760405957698822,0.000000000000000
107.591873168945312,128.437530517578125,57.599998474121094,-0.649448037147522,0.760405957698822,0.000000000000000
107.591873168945312,128.437530517578125,64.000000000000000,-0.649448037147522,0.760405957698822,0.000000000000000
107.591873168945312,128.437530517578125,54.400001525878906,-0.649448037147522,0.760405957698822,0.000000000000000
105.158576965332031,130.515762329101562,54.400001525878906,-0.649448037147522,0.760405957698822,0.000000000000000
110.025177001953125,126.359298706054688,76.800003051757812,-0.649448037147522,0.760405957698822,0.000000000000000
105.158576965332031,130.515762329101562,57.599998474121094,-0.649448037147522,0.760405957698822,0.000000000000000
102.725280761718750,132.593994140625000,54.400001525878906,-0.649448037147522,0.760405957698822,0.000000000000000
105.158576965332031,130.515762329101562,60.799999237060547,-0.649448037147522,0.760405957698822,0.000000000000000
102.725280761718750,132.593994140625000,57.599998474121094,-0.649448037147522,0.760405957698822,0.000000000000000
105.158576965332031,130.515762329101562,64.000000000000000,-0.649448037147522,0.760405957698822,0.000000000000000
100.291976928710938,134.672241210937500,54.400001525878906,-0.649448037147522,0.760405957698822,0.000000000000000
102.725280761718750,132.593994140625000,60.799999237060547,-0.649448037147522,0.760405957698822,0.000000000000000
100.291976928710938,134.672241210937500,57.599998474121094,-0.649448037147522,0.760405957698822,0.000000000000000
102.725280761718750,132.593994140625000,64.000000000000000,-0.649448037147522,0.760405957698822,0.000000000000000
100.291976928710938,134.672241210937500,60.799999237060547,-0.649448037147522,0.760405957698822,0.000000000000000
100.291976928710938,134.672241210937500,64.000000000000000,-0.649448037147522,0.760405957698822,0.000000000000000
105.158576965332031,130.515762329101562,76.800003051757812,-0.649448037147522,0.760405957698822,0.000000000000000
102.725280761718750,132.593994140625000,70.400001525878906,-0.649448037147522,0.760405957698822,0.000000000000000
102.725280761718750,132.593994140625000,76.800003051757812,-0.649448037147522,0.760405957698822,0.000000000000000
102.725280761718750,132.593994140625000,67.199996948242188,-0.649448037147522,0.760405957698822,0.000000000000000
102.725280761718750,132.593994140625000,73.599998474121094,-0.649448037147522,0.760405957698822,0.000000000000000
100.291976928710938,134.672241210937500,73.599998474121094,-0.649448037147522,0.760405957698822,0.000000000000000
100.291976928710938,134.672241210937500,76.800003051757812,-0.649448037147522,0.760405957698822,0.000000000000000
105.158576965332031,130.515762329101562,73.599998474121094,-0.649448037147522,0.760405957698822,0.000000000000000
107.591873168945312,128.437530517578125,73.599998474121094,-0.649448037147522,0.760405957698822,0.000000000000000
105.158576965332031,130.515762329101562,67.199996948242188,-0.649448037147522,0.760405957698822,0.000000000000000
100.291976928710938,134.672241210937500,70.400001525878906,-0.649448037147522,0.760405957698822,0.000000000000000
105.158576965332031,130.515762329101562,70.400001525878906,-0.649448037147522,0.760405957698822,0.000000000000000
107.591873168945312,128.437530517578125,76.800003051757812,-0.649448037147522,0.760405957698822,0.000000000000000
100.291976928710938,134.672241210937500,67.199996948242188,-0.649448037147522,0.760405957698822,0.000000000000000
100.291976928710938,134.672241210937500,37.599998474121094,-0.649448037147522,0.760405957698822,0.000000000000000
102.725280761718750,132.593994140625000,37.599998474121094,-0.649448037147522,0.760405957698822,0.000000000000000
105.158576965332031,130.515762329101562,28.000000000000000,-0.649448037147522,0.760405957698822,0.000000000000000
100.291976928710938,134.672241210937500,34.400001525878906,-0.649448037147522,0.760405957698822,0.000000000000000
107.591873168945312,128.437530517578125,34.400001525878906,-0.649448037147522,0.760405957698822,0.000000000000000
105.158576965332031,130.515762329101562,34.400001525878906,-0.649448037147522,0.760405957698822,0.000000000000000
107.591873168945312,128.437530517578125,37.599998474121094,-0.649448037147522,0.760405957698822,0.000000000000000
100.291976928710938,134.672241210937500,28.000000000000000,-0.649448037147522,0.760405957698822,0.000000000000000
102.725280761718750,132.593994140625000,31.200000762939453,-0.649448037147522,0.760405957698822,0.000000000000000
107.591873168945312,128.437530517578125,28.000000000000000,-0.649448037147522,0.760405957698822,0.000000000000000
102.725280761718750,132.593994140625000,34.400001525878906,-0.649448037147522,0.760405957698822,0.000000000000000
107.591873168945312,128.437530517578125,31.200000762939453,-0.649448037147522,0.760405957698822,0.000000000000000
105.158576965332031,130.515762329101562,37.599998474121094,-0.649448037147522,0.760405957698822,0.000000000000000
105.158576965332031,130.515762329101562,31.200000762939453,-0.649448037147522,0.760405957698822,0.000000000000000
100.291976928710938,134.672241210937500,31.200000762939453,-0.649448037147522,0.760405957698822,0.000000000000000
102.725280761718750,132.593994140625000,28.000000000000000,-0.649448037147522,0.760405957698822,0.000000000000000
100.291976928710938,134.672241210937500,40.799999237060547,-0.649448037147522,0.760405957698822,0.000000000000000
102.725280761718750,132.593994140625000,40.799999237060547,-0.649448037147522,0.760405957698822,0.000000000000000
100.291976928710938,134.672241210937500,44.000000000000000,-0.649448037147522,0.760405957698822,0.000000000000000
102.725280761718750,132.593994140625000,44.000000000000000,-0.649448037147522,0.760405957698822,0.000000000000000
100.291976928710938,134.672241210937500,50.400001525878906,-0.649448037147522,0.760405957698822,0.000000000000000
100.291976928710938,134.672241210937500,47.200000762939453,-0.649448037147522,0.760405957698822,0.000000000000000
102.725280761718750,132.593994140625000,50.400001525878906,-0.649448037147522,0.760405957698822,0.000000000000000
102.725280761718750,132.593994140625000,47.200000762939453,-0.649448037147522,0.760405957698822,0.000000000000000
105.158576965332031,130.515762329101562,40.799999237060547,-0.649448037147522,0.760405957698822,0.000000000000000
105.158576965332031,130.515762329101562,47.200000762939453,-0.649448037147522,0.760405957698822,0.000000000000000
105.158576965332031,130.515762329101562,44.000000000000000,-0.649448037147522,0.760405957698822,0.000000000000000
110.025177001953125,126.359298706054688,37.599998474121094,-0.649448037147522,0.760405957698822,0.000000000000000
105.158576965332031,130.515762329101562,50.400001525878906,-0.649448037147522,0.760405957698822,0.000000000000000
107.591873168945312,128.437530517578125,40.799999237060547,-0.649448037147522,0.760405957698822,0.000000000000000
107.591873168945312,128.437530517578125,50.400001525878906,-0.649448037147522,0.760405957698822,0.000000000000000
107.591873168945312,128.437530517578125,47.200000762939453,-0.649448037147522,0.760405957698822,0.000000000000000
107.591873168945312,128.437530517578125,44.000000000000000,-0.649448037147522,0.760405957698822,0.000000000000000
110.025177001953125,126.359298706054688,40.799999237060547,-0.649448037147522,0.760405957698822,0.000000000000000
110.025177001953125,126.359298706054688,44.000000000000000,-0.649448037147522,0.760405957698822,0.000000000000000
110.025177001953125,126.359298706054688,50.400001525878906,-0.649448037147522,0.760405957698822,0.000000000000000
110.025177001953125,126.359298706054688,47.200000762939453,-0.649448037147522,0.760405957698822,0.000000000000000
112.458473205566406,124.281066894531250,50.400001525878906,-0.649448037147522,0.760405957698822,0.000000000000000
110.025177001953125,126.359298706054688,34.400001525878906,-0.649448037147522,0.760405957698822,0.000000000000000
112.458473205566406,124.281066894531250,47.200000762939453,-0.649448037147522,0.760405957698822,0.000000000000000
112.458473205566406,124.281066894531250,44.000000000000000,-0.649448037147522,0.760405957698822,0.000000000000000
112.458473205566406,124.281066894531250,40.799999237060547,-0.649448037147522,0.760405957698822,0.000000000000000
114.891777038574219,122.202835083007812,47.200000762939453,-0.649448037147522,0.760405957698822,0.000000000000000
114.891777038574219,122.202835083007812,50.400001525878906,-0.649448037147522,0.760405957698822,0.000000000000000
117.325073242187500,120.124595642089844,50.400001525878906,-0.649448037147522,0.760405957698822,0.000000000000000
114.891777038574219,122.202835083007812,40.799999237060547,-0.649448037147522,0.760405957698822,0.000000000000000
117.325073242187500,120.124595642089844,47.200000762939453,-0.649448037147522,0.760405957698822,0.000000000000000
114.891777038574219,122.202835083007812,44.000000000000000,-0.649448037147522,0.760405957698822,0.000000000000000
117.325073242187500,120.124595642089844,40.799999237060547,-0.649448037147522,0.760405957698822,0.000000000000000
117.325073242187500,120.124595642089844,44.000000000000000,-0.649448037147522,0.760405957698822,0.000000000000000
112.458473205566406,124.281066894531250,31.200000762939453,-0.649448037147522,0.760405957698822,0.000000000000000
114.891777038574219,122.202835083007812,31.200000762939453,-0.649448037147522,0.760405957698822,0.000000000000000
114.891777038574219,122.202835083007812,28.000000000000000,-0.649448037147522,0.760405957698822,0.000000000000000
114.891777038574219,122.202835083007812,37.599998474121094,-0.649448037147522,0.760405957698822,0.000000000000000
114.891777038574219,122.202835083007812,34.400001525878906,-0.649448037147522,0.760405957698822,0.000000000000000
117.325073242187500,120.124595642089844,31.200000762939453,-0.649448037147522,0.760405957698822,0.000000000000000
117.325073242187500,120.124595642089844,28.000000000000000,-0.649448037147522,0.760405957698822,0.000000000000000
112.458473205566406,124.281066894531250,28.000000000000000,-0.649448037147522,0.760405957698822,0.000000000000000
110.025177001953125,126.359298706054688,28.000000000000000,-0.649448037147522,0.760405957698822,0.000000000000000
112.458473205566406,124.281066894531250,37.599998474121094,-0.649448037147522,0.760405957698822,0.000000000000000
117.325073242187500,120.124595642089844,34.400001525878906,-0.649448037147522,0.760405957698822,0.000000000000000
112.458473205566406,124.281066894531250,34.400001525878906,-0.649448037147522,0.760405957698822,0.000000000000000
110.025177001953125,126.359298706054688,31.200000762939453,-0.649448037147522,0.760405957698822,0.000000000000000
117.325073242187500,120.124595642089844,37.599998474121094,-0.649448037147522,0.760405957698822,0.000000000000000
117.325073242187500,120.124595642089844,14.399999618530273,-0.649448037147522,0.760405957698822,0.000000000000000
114.891777038574219,122.202835083007812,14.399999618530273,-0.649448037147522,0.760405957698822,0.000000000000000
110.025177001953125,126.359298706054688,17.600000381469727,-0.649448037147522,0.760405957698822,0.000000000000000
114.891777038574219,122.202835083007812,17.600000381469727,-0.649448037147522,0.760405957698822,0.000000000000000
110.025177001953125,126.359298706054688,14.399999618530273,-0.649448037147522,0.760405957698822,0.000000000000000
117.325073242187500,120.124595642089844,20.799999237060547,-0.649448037147522,0.760405957698822,0.000000000000000
112.458473205566406,124.281066894531250,20.799999237060547,-0.649448037147522,0.760405957698822,0.000000000000000
117.325073242187500,120.124595642089844,24.000000000000000,-0.649448037147522,0.760405957698822,0.000000000000000
114.891777038574219,122.202835083007812,20.799999237060547,-0.649448037147522,0.760405957698822,0.000000000000000
107.591873168945312,128.437530517578125,14.399999618530273,-0.649448037147522,0.760405957698822,0.000000000000000
117.325073242187500,120.124595642089844,17.600000381469727,-0.649448037147522,0.760405957698822,0.000000000000000
107.591873168945312,128.437530517578125,17.600000381469727,-0.649448037147522,0.760405957698822,0.000000000000000
112.458473205566406,124.281066894531250,14.399999618530273,-0.649448037147522,0.760405957698822,0.000000000000000
112.458473205566406,124.281066894531250,24.000000000000000,-0.649448037147522,0.760405957698822,0.000000000000000
112.458473205566406,124.281066894531250,17.600000381469727,-0.649448037147522,0.760405957698822,0.000000000000000
114.891777038574219,122.202835083007812,24.000000000000000,-0.649448037147522,0.760405957698822,0.000000000000000
117.325073242187500,120.124595642089844,11.199999809265137,-0.649448037147522,0.760405957698822,0.000000000000000
117.325073242187500,120.124595642089844,4.800000190734863,-0.649448037147522,0.760405957698822,0.000000000000000
117.325073242187500,120.124595642089844,8.000000000000000,-0.649448037147522,0.760405957698822,0.000000000000000
117.325073242187500,120.124595642089844,1.600000023841858,-0.649448037147522,0.760405957698822,0.000000000000000
114.891777038574219,122.202835083007812,8.000000000000000,-0.649448037147522,0.760405957698822,0.000000000000000
114.891777038574219,122.202835083007812,11.199999809265137,-0.649448037147522,0.760405957698822,0.000000000000000
114.891777038574219,122.202835083007812,4.800000190734863,-0.649448037147522,0.760405957698822,0.000000000000000
114.891777038574219,122.202835083007812,1.600000023841858,-0.649448037147522,0.760405957698822,0.000000000000000
112.458473205566406,124.281066894531250,11.199999809265137,-0.649448037147522,0.760405957698822,0.000000000000000
112.458473205566406,124.281066894531250,4.800000190734863,-0.649448037147522,0.760405957698822,0.000000000000000
112.458473205566406,124.281066894531250,8.000000000000000,-0.649448037147522,0.760405957698822,0.000000000000000
110.025177001953125,126.359298706054688,20.799999237060547,-0.649448037147522,0.760405957698822,0.000000000000000
112.458473205566406,124.281066894531250,1.600000023841858,-0.649448037147522,0.760405957698822,0.000000000000000
110.025177001953125,126.359298706054688,1.600000023841858,-0.649448037147522,0.760405957698822,0.000000000000000
110.025177001953125,126.359298706054688,4.800000190734863,-0.649448037147522,0.760405957698822,0.000000000000000
110.025177001953125,126.359298706054688,11.199999809265137,-0.649448037147522,0.760405957698822,0.000000000000000
110.025177001953125,126.359298706054688,8.000000000000000,-0.649448037147522,0.760405957698822,0.000000000000000
107.591873168945312,128.437530517578125,8.000000000000000,-0.649448037147522,0.760405957698822,0.000000000000000
107.591873168945312,128.437530517578125,4.800000190734863,-0.649448037147522,0.760405957698822,0.000000000000000
107.591873168945312,128.437530517578125,11.199999809265137,-0.649448037147522,0.760405957698822,0.000000000000000
107.591873168945312,128.437530517578125,1.600000023841858,-0.649448037147522,0.760405957698822,0.000000000000000
105.158576965332031,130.515762329101562,1.600000023841858,-0.649448037147522,0.760405957698822,0.000000000000000
110.025177001953125,126.359298706054688,24.000000000000000,-0.649448037147522,0.760405957698822,0.000000000000000
105.158576965332031,130.515762329101562,4.800000190734863,-0.649448037147522,0.760405957698822,0.000000000000000
102.725280761718750,132.593994140625000,1.600000023841858,-0.649448037147522,0.760405957698822,0.000000000000000
105.158576965332031,130.515762329101562,8.000000000000000,-0.649448037147522,0.760405957698822,0.000000000000000
102.725280761718750,132.593994140625000,4.800000190734863,-0.649448037147522,0.760405957698822,0.000000000000000
105.158576965332031,130.515762329101562,11.199999809265137,-0.649448037147522,0.760405957698822,0.000000000000000
100.291976928710938,134.672241210937500,1.600000023841858,-0.649448037147522,0.760405957698822,0.000000000000000
102.725280761718750,132.593994140625000,8.000000000000000,-0.649448037147522,0.760405957698822,0.000000000000000
100.291976928710938,134.672241210937500,4.800000190734863,-0.649448037147522,0.760405957698822,0.000000000000000
102.725280761718750,132.593994140625000,11.199999809265137,-0.649448037147522,0.760405957698822,0.000000000000000
100.291976928710938,134.672241210937500,8.000000000000000,-0.649448037147522,0.760405957698822,0.000000000000000
100.291976928710938,134.672241210937500,11.199999809265137,-0.649448037147522,0.760405957698822,0.000000000000000
105.158576965332031,130.515762329101562,24.000000000000000,-0.649448037147522,0.760405957698822,0.000000000000000
102.725280761718750,132.593994140625000,17.600000381469727,-0.649448037147522,0.760405957698822,0.000000000000000
102.725280761718750,132.593994140625000,24.000000000000000,-0.649448037147522,0.760405957698822,0.000000000000000
102.725280761718750,132.593994140625000,14.399999618530273,-0.649448037147522,0.760405957698822,0.000000000000000
102.725280761718750,132.593994140625000,20.799999237060547,-0.649448037147522,0.760405957698822,0.000000000000000
100.291976928710938,134.672241210937500,20.799999237060547,-0.649448037147522,0.760405957698822,0.000000000000000
100.291976928710938,134.672241210937500,24.000000000000000,-0.649448037147522,0.760405957698822,0.000000000000000
105.158576965332031,130.515762329101562,20.799999237060547,-0.649448037147522,0.760405957698822,0.000000000000000
107.591873168945312,128.437530517578125,20.799999237060547,-0.649448037147522,0.760405957698822,0.000000000000000
105.158576965332031,130.515762329101562,14.399999618530273,-0.649448037147522,0.760405957698822,0.000000000000000
100.291976928710938,134.672241210937500,17.600000381469727,-0.649448037147522,0.760405957698822,0.000000000000000
105.158576965332031,130.515762329101562,17.600000381469727,-0.649448037147522,0.760405957698822,0.000000000000000
107.591873168945312,128.437530517578125,24.000000000000000,-0.649448037147522,0.760405957698822,0.000000000000000
100.291976928710938,134.672241210937500,14.399999618530273,-0.649448037147522,0.760405957698822,0.000000000000000
120.124595642089844,117.325073242187500,37.599998474121094,-0.760405957698822,0.649448037147522,0.000000000000000
122.202827453613281,114.891777038574219,37.599998474121094,-0.760405957698822,0.649448037147522,0.000000000000000
124.281066894531250,112.458473205566406,28.000000000000000,-0.760405957698822,0.649448037147522,0.000000000000000
120.124595642089844,117.325073242187500,34.400001525878906,-0.760405957698822,0.649448037147522,0.000000000000000
126.359298706054688,110.025177001953125,34.400001525878906,-0.760405957698822,0.649448037147522,0.000000000000000
124.281066894531250,112.458473205566406,34.400001525878906,-0.760405957698822,0.649448037147522,0.000000000000000
126.359298706054688,110.025177001953125,37.599998474121094,-0.760405957698822,0.649448037147522,0.000000000000000
120.124595642089844,117.325073242187500,28.000000000000000,-0.760405957698822,0.649448037147522,0.000000000000000
122.202827453613281,114.891777038574219,31.200000762939453,-0.760405957698822,0.649448037147522,0.000000000000000
126.359298706054688,110.025177001953125,28.000000000000000,-0.760405957698822,0.649448037147522,0.000000000000000
122.202827453613281,114.891777038574219,34.400001525878906,-0.760405957698822,0.649448037147522,0.000000000000000
126.359298706054688,110.025177001953125,31.200000762939453,-0.760405957698822,0.649448037147522,0.000000000000000
124.281066894531250,112.458473205566406,37.599998474121094,-0.760405957698822,0.649448037147522,0.000000000000000
124.281066894531250,112.458473205566406,31.200000762939453,-0.760405957698822,0.649448037147522,0.000000000000000
120.124595642089844,117.325073242187500,31.200000762939453,-0.760405957698822,0.649448037147522,0.000000000000000
122.202827453613281,114.891777038574219,28.000000000000000,-0.760405957698822,0.649448037147522,0.000000000000000
120.124595642089844,117.325073242187500,40.799999237060547,-0.760405957698822,0.649448037147522,0.000000000000000
122.202827453613281,114.891777038574219,40.799999237060547,-0.760405957698822,0.649448037147522,0.000000000000000
120.124595642089844,117.325073242187500,44.000000000000000,-0.760405957698822,0.649448037147522,0.000000000000000
122.202827453613281,114.891777038574219,44.000000000000000,-0.760405957698822,0.649448037147522,0.000000000000000
120.124595642089844,117.325073242187500,50.400001525878906,-0.760405957698822,0.649448037147522,0.000000000000000
120.124595642089844,117.325073242187500,47.200000762939453,-0.760405957698822,0.649448037147522,0.000000000000000
122.202827453613281,114.891777038574219,50.400001525878906,-0.760405957698822,0.649448037147522,0.000000000000000
122.202827453613281,114.891777038574219,47.200000762939453,-0.760405957698822,0.649448037147522,0.000000000000000
124.281066894531250,112.458473205566406,40.799999237060547,-0.760405957698822,0.649448037147522,0.000000000000000
124.281066894531250,112.458473205566406,47.200000762939453,-0.760405957698822,0.649448037147522,0.000000000000000
124.281066894531250,112.458473205566406,44.000000000000000,-0.760405957698822,0.649448037147522,0.000000000000000
128.437530517578125,107.591873168945312,37.599998474121094,-0.760405957698822,0.649448037147522,0.000000000000000
124.281066894531250,112.458473205566406,50.400001525878906,-0.760405957698822,0.649448037147522,0.000000000000000
126.359298706054688,110.025177001953125,40.799999237060547,-0.760405957698822,0.649448037147522,0.000000000000000
126.359298706054688,110.025177001953125,50.400001525878906,-0.760405957698822,0.649448037147522,0.000000000000000
126.359298706054688,110.025177001953125,47.200000762939453,-0.760405957698822,0.649448037147522,0.000000000000000
126.359298706054688,110.025177001953125,44.000000000000000,-0.760405957698822,0.649448037147522,0.000000000000000
128.437530517578125,107.591873168945312,40.799999237060547,-0.760405957698822,0.649448037147522,0.000000000000000
128.437530517578125,107.591873168945312,44.000000000000000,-0.760405957698822,0.649448037147522,0.000000000000000
128.437530517578125,107.591873168945312,50.400001525878906,-0.760405957698822,0.649448037147522,0.000000000000000
128.437530517578125,107.591873168945312,47.200000762939453,-0.760405957698822,0.649448037147522,0.000000000000000
130.515762329101562,105.158576965332031,50.400001525878906,-0.760405957698822,0.649448037147522,0.000000000000000
128.437530517578125,107.591873168945312,34.400001525878906,-0.760405957698822,0.649448037147522,0.000000000000000
130.515762329101562,105.158576965332031,47.200000762939453,-0.760405957698822,0.649448037147522,0.000000000000000
130.515762329101562,105.158576965332031,44.000000000000000,-0.760405957698822,0.649448037147522,0.000000000000000
130.515762329101562,105.158576965332031,40.799999237060547,-0.760405957698822,0.649448037147522,0.000000000000000
132.593994140625000,102.725280761718750,47.200000762939453,-0.760405957698822,0.649448037147522,0.000000000000000
132.593994140625000,102.725280761718750,50.400001525878906,-0.760405957698822,0.649448037147522,0.000000000000000
134.672225952148438,100.291976928710938,50.400001525878906,-0.760405957698822,0.649448037147522,0.000000000000000
132.593994140625000,102.725280761718750,40.799999237060547,-0.760405957698822,0.649448037147522,0.000000000000000
134.672225952148438,100.291976928710938,47.200000762939453,-0.760405957698822,0.649448037147522,0.000000000000000
132.593994140625000,102.725280761718750,44.000000000000000,-0.760405957698822,0.649448037147522,0.000000000000000
134.672225952148438,100.291976928710938,40.799999237060547,-0.760405957698822,0.649448037147522,0.000000000000000
134.672225952148438,100.291976928710938,44.000000000000000,-0.760405957698822,0.649448037147522,0.000000000000000
130.515762329101562,105.158576965332031,31.200000762939453,-0.760405957698822,0.649448037147522,0.000000000000000
132.593994140625000,102.725280761718750,31.200000762939453,-0.760405957698822,0.649448037147522,0.000000000000000
132.593994140625000,102.725280761718750,28.000000000000000,-0.760405957698822,0.649448037147522,0.000000000000000
132.593994140625000,102.725280761718750,37.599998474121094,-0.760405957698822,0.649448037147522,0.000000000000000
132.593994140625000,102.725280761718750,34.400001525878906,-0.760405957698822,0.649448037147522,0.000000000000000
134.672225952148438,100.291976928710938,31.200000762939453,-0.760405957698822,0.649448037147522,0.000000000000000
134.672225952148438,100.291976928710938,28.000000000000000,-0.760405957698822,0.649448037147522,0.000000000000000
130.515762329101562,105.158576965332031,28.000000000000000,-0.760405957698822,0.649448037147522,0.000000000000000
128.437530517578125,107.591873168945312,28.000000000000000,-0.760405957698822,0.649448037147522,0.000000000000000
130.515762329101562,105.158576965332031,37.599998474121094,-0.760405957698822,0.649448037147522,0.000000000000000
134.672225952148438,100.291976928710938,34.400001525878906,-0.760405957698822,0.649448037147522,0.000000000000000
130.515762329101562,105.158576965332031,34.400001525878906,-0.760405957698822,0.649448037147522,0.000000000000000
128.437530517578125,107.591873168945312,31.200000762939453,-0.760405957698822,0.649448037147522,0.000000000000000
134.672225952148438,100.291976928710938,37.599998474121094,-0.760405957698822,0.649448037147522,0.000000000000000
134.672225952148438,100.291976928710938,14.399999618530273,-0.760405957698822,0.649448037147522,0.000000000000000
132.593994140625000,102.725280761718750,14.399999618530273,-0.760405957698822,0.649448037147522,0.000000000000000
128.437530517578125,107.591873168945312,17.600000381469727,-0.760405957698822,0.649448037147522,0.000000000000000
132.593994140625000,102.725280761718750,17.600000381469727,-0.760405957698822,0.649448037147522,0.000000000000000
128.437530517578125,107.591873168945312,14.399999618530273,-0.760405957698822,0.649448037147522,0.000000000000000
134.672225952148438,100.291976928710938,20.799999237060547,-0.760405957698822,0.649448037147522,0.000000000000000
130.515762329101562,105.158576965332031,20.799999237060547,-0.760405957698822,0.649448037147522,0.000000000000000
134.672225952148438,100.291976928710938,24.000000000000000,-0.760405957698822,0.649448037147522,0.000000000000000
132.593994140625000,102.725280761718750,20.799999237060547,-0.760405957698822,0.649448037147522,0.000000000000000
126.359298706054688,110.025177001953125,14.399999618530273,-0.760405957698822,0.649448037147522,0.000000000000000
134.672225952148438,100.291976928710938,17.600000381469727,-0.760405957698822,0.649448037147522,0.000000000000000
126.359298706054688,110.025177001953125,17.600000381469727,-0.760405957698822,0.649448037147522,0.000000000000000
130.515762329101562,105.158576965332031,14.399999618530273,-0.760405957698822,0.649448037147522,0.000000000000000
130.515762329101562,105.158576965332031,24.000000000000000,-0.760405957698822,0.649448037147522,0.000000000000000
130.515762329101562,105.158576965332031,17.600000381469727,-0.760405957698822,0.649448037147522,0.000000000000000
132.593994140625000,102.725280761718750,24.000000000000000,-0.760405957698822,0.649448037147522,0.000000000000000
134.672225952148438,100.291976928710938,11.199999809265137,-0.760405957698822,0.649448037147522,0.000000000000000
134.672225952148438,100.291976928710938,4.800000190734863,-0.760405957698822,0.649448037147522,0.000000000000000
134.672225952148438,100.291976928710938,8.000000000000000,-0.760405957698822,0.649448037147522,0.000000000000000
134.672225952148438,100.291976928710938,1.600000023841858,-0.760405957698822,0.649448037147522,0.000000000000000
132.593994140625000,102.725280761718750,8.000000000000000,-0.760405957698822,0.649448037147522,0.000000000000000
132.593994140625000,102.725280761718750,11.199999809265137,-0.760405957698822,0.649448037147522,0.000000000000000
132.593994140625000,102.725280761718750,4.800000190734863,-0.760405957698822,0.649448037147522,0.000000000000000
132.593994140625000,102.725280761718750,1.600000023841858,-0.760405957698822,0.649448037147522,0.000000000000000
130.515762329101562,105.158576965332031,11.199999809265137,-0.760405957698822,0.649448037147522,0.000000000000000
130.515762329101562,105.158576965332031,4.800000190734863,-0.760405957698822,0.649448037147522,0.000000000000000
130.515762329101562,105.158576965332031,8.000000000000000,-0.760405957698822,0.649448037147522,0.000000000000000
128.437530517578125,107.591873168945312,20.799999237060547,-0.760405957698822,0.649448037147522,0.000000000000000
130.515762329101562,105.158576965332031,1.600000023841858,-0.760405957698822,0.649448037147522,0.000000000000000
128.437530517578125,107.591873168945312,1.600000023841858,-0.760405957698822,0.649448037147522,0.000000000000000
128.437530517578125,107.591873168945312,4.800000190734863,-0.760405957698822,0.649448037147522,0.000000000000000
128.437530517578125,107.591873168945312,11.199999809265137,-0.760405957698822,0.649448037147522,0.000000000000000
128.437530517578125,107.591873168945312,8.000000000000000,-0.760405957698822,0.649448037147522,0.000000000000000
126.359298706054688,110.025177001953125,8.000000000000000,-0.760405957698822,0.649448037147522,0.000000000000000
126.359298706054688,110.025177001953125,4.800000190734863,-0.760405957698822,0.649448037147522,0.000000000000000
126.359298706054688,110.025177001953125,11.199999809265137,-0.760405957698822,0.649448037147522,0.000000000000000
126.359298706054688,110.025177001953125,1.600000023841858,-0.760405957698822,0.649448037147522,0.000000000000000
124.281066894531250,112.458473205566406,1.600000023841858,-0.760405957698822,0.649448037147522,0.000000000000000
128.437530517578125,107.591873168945312,24.000000000000000,-0.760405957698822,0.649448037147522,0.000000000000000
124.281066894531250,112.458473205566406,4.800000190734863,-0.760405957698822,0.649448037147522,0.000000000000000
122.202827453613281,114.891777038574219,1.600000023841858,-0.760405957698822,0.649448037147522,0.000000000000000
124.281066894531250,112.458473205566406,8.000000000000000,-0.760405957698822,0.649448037147522,0.000000000000000
122.202827453613281,114.891777038574219,4.800000190734863,-0.760405957698822,0.649448037147522,0.000000000000000
124.281066894531250,112.458473205566406,11.199999809265137,-0.760405957698822,0.649448037147522,0.000000000000000
120.124595642089844,117.325073242187500,1.600000023841858,-0.760405957698822,0.649448037147522,0.000000000000000
122.202827453613281,114.891777038574219,8.000000000000000,-0.760405957698822,0.649448037147522,0.000000000000000
120.124595642089844,117.325073242187500,4.800000190734863,-0.760405957698822,0.649448037147522,0.000000000000000
122.202827453613281,114.891777038574219,11.199999809265137,-0.760405957698822,0.649448037147522,0.000000000000000
120.124595642089844,117.325073242187500,8.000000000000000,-0.760405957698822,0.649448037147522,0.000000000000000
120.124595642089844,117.325073242187500,11.199999809265137,-0.760405957698822,0.649448037147522,0.000000000000000
124.281066894531250,112.458473205566406,24.000000000000000,-0.760405957698822,0.649448037147522,0.000000000000000
122.202827453613281,114.891777038574219,17.600000381469727,-0.760405957698822,0.649448037147522,0.000000000000000
122.202827453613281,114.891777038574219,24.000000000000000,-0.760405957698822,0.649448037147522,0.000000000000000
122.202827453613281,114.891777038574219,14.399999618530273,-0.760405957698822,0.649448037147522,0.000000000000000
122.202827453613281,114.891777038574219,20.799999237060547,-0.760405957698822,0.649448037147522,0.000000000000000
120.124595642089844,117.325073242187500,20.799999237060547,-0.760405957698822,0.649448037147522,0.000000000000000
120.124595642089844,117.325073242187500,24.000000000000000,-0.760405957698822,0.649448037147522,0.000000000000000
124.281066894531250,112.458473205566406,20.799999237060547,-0.760405957698822,0.649448037147522,0.000000000000000
126.359298706054688,110.025177001953125,20.799999237060547,-0.760405957698822,0.649448037147522,0.000000000000000
124.281066894531250,112.458473205566406,14.399999618530273,-0.760405957698822,0.649448037147522,0.000000000000000
120.124595642089844,117.325073242187500,17.600000381469727,-0.760405957698822,0.649448037147522,0.000000000000000
124.281066894531250,112.458473205566406,17.600000381469727,-0.760405957698822,0.649448037147522,0.000000000000000
126.359298706054688,110.025177001953125,24.000000000000000,-0.760405957698822,0.649448037147522,0.000000000000000
120.124595642089844,117.325073242187500,14.399999618530273,-0.760405957698822,0.649448037147522,0.000000000000000
136.999343872070312,97.088981628417969,37.599998474121094,-0.852640151977539,0.522498548030853,0.000000000000000
138.671340942382812,94.360534667968750,37.599998474121094,-0.852640151977539,0.522498548030853,0.000000000000000
140.343338012695312,91.632080078125000,28.000000000000000,-0.852640151977539,0.522498548030853,0.000000000000000
136.999343872070312,97.088981628417969,34.400001525878906,-0.852640151977539,0.522498548030853,0.000000000000000
142.015335083007812,88.903633117675781,34.400001525878906,-0.852640151977539,0.522498548030853,0.000000000000000
140.343338012695312,91.632080078125000,34.400001525878906,-0.852640151977539,0.522498548030853,0.000000000000000
142.015335083007812,88.903633117675781,37.599998474121094,-0.852640151977539,0.522498548030853,0.000000000000000
136.999343872070312,97.088981628417969,28.000000000000000,-0.852640151977539,0.522498548030853,0.000000000000000
138.671340942382812,94.360534667968750,31.200000762939453,-0.852640151977539,0.522498548030853,0.000000000000000
142.015335083007812,88.903633117675781,28.000000000000000,-0.852640151977539,0.522498548030853,0.000000000000000
138.671340942382812,94.360534667968750,34.400001525878906,-0.852640151977539,0.522498548030853,0.000000000000000
142.015335083007812,88.903633117675781,31.200000762939453,-0.852640151977539,0.522498548030853,0.000000000000000
140.343338012695312,91.632080078125000,37.599998474121094,-0.852640151977539,0.522498548030853,0.000000000000000
140.343338012695312,91.632080078125000,31.200000762939453,-0.852640151977539,0.522498548030853,0.000000000000000
136.999343872070312,97.088981628417969,31.200000762939453,-0.852640151977539,0.522498548030853,0.000000000000000
138.671340942382812,94.360534667968750,28.000000000000000,-0.852640151977539,0.522498548030853,0.000000000000000
136.999343872070312,97.088981628417969,40.799999237060547,-0.852640151977539,0.522498548030853,0.000000000000000
138.671340942382812,94.360534667968750,40.799999237060547,-0.852640151977539,0.522498548030853,0.000000000000000
136.999343872070312,97.088981628417969,44.000000000000000,-0.852640151977539,0.522498548030853,0.000000000000000
138.671340942382812,94.360534667968750,44.000000000000000,-0.852640151977539,0.522498548030853,0.000000000000000
136.999343872070312,97.088981628417969,50.400001525878906,-0.852640151977539,0.522498548030853,0.000000000000000
136.999343872070312,97.088981628417969,47.200000762939453,-0.852640151977539,0.522498548030853,0.000000000000000
138.671340942382812,94.360534667968750,50.400001525878906,-0.852640151977539,0.522498548030853,0.000000000000000
138.671340942382812,94.360534667968750,47.200000762939453,-0.852640151977539,0.522498548030853,0.000000000000000
140.343338012695312,91.632080078125000,40.799999237060547,-0.852640151977539,0.522498548030853,0.000000000000000
140.343338012695312,91.632080078125000,47.200000762939453,-0.852640151977539,0.522498548030853,0.000000000000000
140.343338012695312,91.632080078125000,44.000000000000000,-0.852640151977539,0.522498548030853,0.000000000000000
143.687332153320312,86.175186157226562,37.599998474121094,-0.852640151977539,0.522498548030853,0.000000000000000
140.343338012695312,91.632080078125000,50.400001525878906,-0.852640151977539,0.522498548030853,0.000000000000000
142.015335083007812,88.903633117675781,40.799999237060547,-0.852640151977539,0.522498548030853,0.000000000000000
142.015335083007812,88.903633117675781,50.400001525878906,-0.852640151977539,0.522498548030853,0.000000000000000
142.015335083007812,88.903633117675781,47.200000762939453,-0.852640151977539,0.522498548030853,0.000000000000000
142.015335083007812,88.903633117675781,44.000000000000000,-0.852640151977539,0.522498548030853,0.000000000000000
143.687332153320312,86.175186157226562,40.799999237060547,-0.852640151977539,0.522498548030853,0.000000000000000
143.687332153320312,86.175186157226562,44.000000000000000,-0.852640151977539,0.522498548030853,0.000000000000000
143.687332153320312,86.175186157226562,50.400001525878906,-0.852640151977539,0.522498548030853,0.000000000000000
143.687332153320312,86.175186157226562,47.200000762939453,-0.852640151977539,0.522498548030853,0.000000000000000
145.359329223632812,83.446739196777344,50.400001525878906,-0.852640151977539,0.522498548030853,0.000000000000000
143.687332153320312,86.175186157226562,34.400001525878906,-0.852640151977539,0.522498548030853,0.000000000000000
145.359329223632812,83.446739196777344,47.200000762939453,-0.852640151977539,0.522498548030853,0.000000000000000
145.359329223632812,83.446739196777344,44.000000000000000,-0.852640151977539,0.522498548030853,0.000000000000000
145.359329223632812,83.446739196777344,40.799999237060547,-0.852640151977539,0.522498548030853,0.000000000000000
147.031326293945312,80.718292236328125,47.200000762939453,-0.852640151977539,0.522498548030853,0.000000000000000
147.031326293945312,80.718292236328125,50.400001525878906,-0.852640151977539,0.522498548030853,0.000000000000000
148.703323364257812,77.989837646484375,50.400001525878906,-0.852640151977539,0.522498548030853,0.000000000000000
147.031326293945312,80.718292236328125,40.799999237060547,-0.852640151977539,0.522498548030853,0.000000000000000
148.703323364257812,77.989837646484375,47.200000762939453,-0.852640151977539,0.522498548030853,0.000000000000000
147.031326293945312,80.718292236328125,44.000000000000000,-0.852640151977539,0.522498548030853,0.000000000000000
148.703323364257812,77.989837646484375,40.799999237060547,-0.852640151977539,0.522498548030853,0.000000000000000
148.703323364257812,77.989837646484375,44.000000000000000,-0.852640151977539,0.522498548030853,0.000000000000000
145.359329223632812,83.446739196777344,31.200000762939453,-0.852640151977539,0.522498548030853,0.000000000000000
147.031326293945312,80.718292236328125,31.200000762939453,-0.852640151977539,0.522498548030853,0.000000000000000
147.031326293945312,80.718292236328125,28.000000000000000,-0.852640151977539,0.522498548030853,0.000000000000000
147.031326293945312,80.718292236328125,37.599998474121094,-0.852640151977539,0.522498548030853,0.000000000000000
147.031326293945312,80.718292236328125,34.400001525878906,-0.852640151977539,0.522498548030853,0.000000000000000
148.703323364257812,77.989837646484375,31.200000762939453,-0.852640151977539,0.522498548030853,0.000000000000000
148.703323364257812,77.989837646484375,28.000000000000000,-0.852640151977539,0.522498548030853,0.000000000000000
145.359329223632812,83.446739196777344,28.000000000000000,-0.852640151977539,0.522498548030853,0.000000000000000
143.687332153320312,86.175186157226562,28.000000000000000,-0.852640151977539,0.522498548030853,0.000000000000000
145.359329223632812,83.446739196777344,37.599998474121094,-0.852640151977539,0.522498548030853,0.000000000000000
148.703323364257812,77.989837646484375,34.400001525878906,-0.852640151977539,0.522498548030853,0.000000000000000
145.359329223632812,83.446739196777344,34.400001525878906,-0.852640151977539,0.522498548030853,0.000000000000000
143.687332153320312,86.175186157226562,31.200000762939453,-0.852640151977539,0.522498548030853,0.000000000000000
148.703323364257812,77.989837646484375,37.599998474121094,-0.852640151977539,0.522498548030853,0.000000000000000
148.703323364257812,77.989837646484375,14.399999618530273,-0.852640151977539,0.522498548030853,0.000000000000000
147.031326293945312,80.718292236328125,14.399999618530273,-0.852640151977539,0.522498548030853,0.000000000000000
143.687332153320312,86.175186157226562,17.600000381469727,-0.852640151977539,0.522498548030853,0.000000000000000
147.031326293945312,80.718292236328125,17.600000381469727,-0.852640151977539,0.522498548030853,0.000000000000000
143.687332153320312,86.175186157226562,14.399999618530273,-0.852640151977539,0.522498548030853,0.000000000000000
148.703323364257812,77.989837646484375,20.799999237060547,-0.852640151977539,0.522498548030853,0.000000000000000
145.359329223632812,83.446739196777344,20.799999237060547,-0.852640151977539,0.522498548030853,0.000000000000000
148.703323364257812,77.989837646484375,24.000000000000000,-0.852640151977539,0.522498548030853,0.000000000000000
147.031326293945312,80.718292236328125,20.799999237060547,-0.852640151977539,0.522498548030853,0.000000000000000
142.015335083007812,88.903633117675781,14.399999618530273,-0.852640151977539,0.522498548030853,0.000000000000000
148.703323364257812,77.989837646484375,17.600000381469727,-0.852640151977539,0.522498548030853,0.000000000000000
142.015335083007812,88.903633117675781,17.600000381469727,-0.852640151977539,0.522498548030853,0.000000000000000
145.359329223632812,83.446739196777344,14.399999618530273,-0.852640151977539,0.522498548030853,0.000000000000000
145.359329223632812,83.446739196777344,24.000000000000000,-0.852640151977539,0.522498548030853,0.000000000000000
145.359329223632812,83.446739196777344,17.600000381469727,-0.852640151977539,0.522498548030853,0.000000000000000
147.031326293945312,80.718292236328125,24.000000000000000,-0.852640151977539,0.522498548030853,0.000000000000000
148.703323364257812,77.989837646484375,11.199999809265137,-0.852640151977539,0.522498548030853,0.000000000000000
148.703323364257812,77.989837646484375,4.800000190734863,-0.852640151977539,0.522498548030853,0.000000000000000
148.703323364257812,77.989837646484375,8.000000000000000,-0.852640151977539,0.522498548030853,0.000000000000000
148.703323364257812,77.989837646484375,1.600000023841858,-0.852640151977539,0.522498548030853,0.000000000000000
147.031326293945312,80.718292236328125,8.000000000000000,-0.852640151977539,0.522498548030853,0.000000000000000
147.031326293945312,80.718292236328125,11.199999809265137,-0.852640151977539,0.522498548030853,0.000000000000000
147.031326293945312,80.718292236328125,4.800000190734863,-0.852640151977539,0.522498548030853,0.000000000000000
147.031326293945312,80.718292236328125,1.600000023841858,-0.852640151977539,0.522498548030853,0.000000000000000
145.359329223632812,83.446739196777344,11.199999809265137,-0.852640151977539,0.522498548030853,0.000000000000000
145.359329223632812,83.446739196777344,4.800000190734863,-0.852640151977539,0.522498548030853,0.000000000000000
145.359329223632812,83.446739196777344,8.000000000000000,-0.852640151977539,0.522498548030853,0.000000000000000
143.687332153320312,86.175186157226562,20.799999237060547,-0.852640151977539,0.522498548030853,0.000000000000000
145.359329223632812,83.446739196777344,1.600000023841858,-0.852640151977539,0.522498548030853,0.000000000000000
143.687332153320312,86.175186157226562,1.600000023841858,-0.852640151977539,0.522498548030853,0.000000000000000
143.687332153320312,86.175186157226562,4.800000190734863,-0.852640151977539,0.522498548030853,0.000000000000000
143.687332153320312,86.175186157226562,11.199999809265137,-0.852640151977539,0.522498548030853,0.000000000000000
143.687332153320312,86.175186157226562,8.000000000000000,-0.852640151977539,0.522498548030853,0.000000000000000
142.015335083007812,88.903633117675781,8.000000000000000,-0.852640151977539,0.522498548030853,0.000000000000000
142.015335083007812,88.903633117675781,4.800000190734863,-0.852640151977539,0.522498548030853,0.000000000000000
142.015335083007812,88.903633117675781,11.199999809265137,-0.852640151977539,0.522498548030853,0.000000000000000
142.015335083007812,88.903633117675781,1.600000023841858,-0.852640151977539,0.522498548030853,0.000000000000000
140.343338012695312,91.632080078125000,1.600000023841858,-0.852640151977539,0.522498548030853,0.000000000000000
143.687332153320312,86.175186157226562,24.000000000000000,-0.852640151977539,0.522498548030853,0.000000000000000
140.343338012695312,91.632080078125000,4.800000190734863,-0.852640151977539,0.522498548030853,0.000000000000000
138.671340942382812,94.360534667968750,1.600000023841858,-0.852640151977539,0.522498548030853,0.000000000000000
140.343338012695312,91.632080078125000,8.000000000000000,-0.852640151977539,0.522498548030853,0.000000000000000
138.671340942382812,94.360534667968750,4.800000190734863,-0.852640151977539,0.522498548030853,0.000000000000000
140.343338012695312,91.632080078125000,11.199999809265137,-0.852640151977539,0.522498548030853,0.000000000000000
136.999343872070312,97.088981628417969,1.600000023841858,-0.852640151977539,0.522498548030853,0.000000000000000
138.671340942382812,94.360534667968750,8.000000000000000,-0.852640151977539,0.522498548030853,0.000000000000000
136.999343872070312,97.088981628417969,4.800000190734863,-0.852640151977539,0.522498548030853,0.000000000000000
138.671340942382812,94.360534667968750,11.199999809265137,-0.852640151977539,0.522498548030853,0.000000000000000
136.999343872070312,97.088981628417969,8.000000000000000,-0.852640151977539,0.522498548030853,0.000000000000000
136.999343872070312,97.088981628417969,11.199999809265137,-0.852640151977539,0.522498548030853,0.000000000000000
140.343338012695312,91.632080078125000,24.000000000000000,-0.852640151977539,0.522498548030853,0.000000000000000
138.671340942382812,94.360534667968750,17.600000381469727,-0.852640151977539,0.522498548030853,0.000000000000000
138.671340942382812,94.360534667968750,24.000000000000000,-0.852640151977539,0.522498548030853,0.000000000000000
138.671340942382812,94.360534667968750,14.399999618530273,-0.852640151977539,0.522498548030853,0.000000000000000
138.671340942382812,94.360534667968750,20.799999237060547,-0.852640151977539,0.522498548030853,0.000000000000000
136.999343872070312,97.088981628417969,20.799999237060547,-0.852640151977539,0.522498548030853,0.000000000000000
136.999343872070312,97.088981628417969,24.000000000000000,-0.852640151977539,0.522498548030853,0.000000000000000
140.343338012695312,91.632080078125000,20.799999237060547,-0.852640151977539,0.522498548030853,0.000000000000000
142.015335083007812,88.903633117675781,20.799999237060547,-0.852640151977539,0.522498548030853,0.000000000000000
140.343338012695312,91.632080078125000,14.399999618530273,-0.852640151977539,0.522498548030853,0.000000000000000
136.999343872070312,97.088981628417969,17.600000381469727,-0.852640151977539,0.522498548030853,0.000000000000000
140.343338012695312,91.632080078125000,17.600000381469727,-0.852640151977539,0.522498548030853,0.000000000000000
142.015335083007812,88.903633117675781,24.000000000000000,-0.852640151977539,0.522498548030853,0.000000000000000
136.999343872070312,97.088981628417969,14.399999618530273,-0.852640151977539,0.522498548030853,0.000000000000000
150.500717163085938,74.462234497070312,37.599998474121094,-0.923879504203796,0.382683426141739,0.000000000000000
151.725311279296875,71.505821228027344,37.599998474121094,-0.923879504203796,0.382683426141739,0.000000000000000
152.949890136718750,68.549407958984375,28.000000000000000,-0.923879504203796,0.382683426141739,0.000000000000000
150.500717163085938,74.462234497070312,34.400001525878906,-0.923879504203796,0.382683426141739,0.000000000000000
154.174484252929688,65.592987060546875,34.400001525878906,-0.923879504203796,0.382683426141739,0.000000000000000
152.949890136718750,68.549407958984375,34.400001525878906,-0.923879504203796,0.382683426141739,0.000000000000000
154.174484252929688,65.592987060546875,37.599998474121094,-0.923879504203796,0.382683426141739,0.000000000000000
150.500717163085938,74.462234497070312,28.000000000000000,-0.923879504203796,0.382683426141739,0.000000000000000
151.725311279296875,71.505821228027344,31.200000762939453,-0.923879504203796,0.382683426141739,0.000000000000000
154.174484252929688,65.592987060546875,28.000000000000000,-0.923879504203796,0.382683426141739,0.000000000000000
151.725311279296875,71.505821228027344,34.400001525878906,-0.923879504203796,0.382683426141739,0.000000000000000
154.174484252929688,65.592987060546875,31.200000762939453,-0.923879504203796,0.382683426141739,0.000000000000000
152.949890136718750,68.549407958984375,37.599998474121094,-0.923879504203796,0.382683426141739,0.000000000000000
152.949890136718750,68.549407958984375,31.200000762939453,-0.923879504203796,0.382683426141739,0.000000000000000
150.500717163085938,74.462234497070312,31.200000762939453,-0.923879504203796,0.382683426141739,0.000000000000000
151.725311279296875,71.505821228027344,28.000000000000000,-0.923879504203796,0.382683426141739,0.000000000000000
150.500717163085938,74.462234497070312,40.799999237060547,-0.923879504203796,0.382683426141739,0.000000000000000
151.725311279296875,71.505821228027344,40.799999237060547,-0.923879504203796,0.382683426141739,0.000000000000000
150.500717163085938,74.462234497070312,44.000000000000000,-0.923879504203796,0.382683426141739,0.000000000000000
151.725311279296875,71.505821228027344,44.000000000000000,-0.923879504203796,0.382683426141739,0.000000000000000
150.500717163085938,74.462234497070312,50.400001525878906,-0.923879504203796,0.382683426141739,0.000000000000000
150.500717163085938,74.462234497070312,47.200000762939453,-0.923879504203796,0.382683426141739,0.000000000000000
151.725311279296875,71.505821228027344,50.400001525878906,-0.923879504203796,0.382683426141739,0.000000000000000
151.725311279296875,71.505821228027344,47.200000762939453,-0.923879504203796,0.382683426141739,0.000000000000000
152.949890136718750,68.549407958984375,40.799999237060547,-0.923879504203796,0.382683426141739,0.000000000000000
152.949890136718750,68.549407958984375,47.200000762939453,-0.923879504203796,0.382683426141739,0.000000000000000
152.949890136718750,68.549407958984375,44.000000000000000,-0.923879504203796,0.382683426141739,0.000000000000000
155.399063110351562,62.636573791503906,37.599998474121094,-0.923879504203796,0.382683426141739,0.000000000000000
152.949890136718750,68.549407958984375,50.400001525878906,-0.923879504203796,0.382683426141739,0.000000000000000
154.174484252929688,65.592987060546875,40.799999237060547,-0.923879504203796,0.382683426141739,0.000000000000000
154.174484252929688,65.592987060546875,50.400001525878906,-0.923879504203796,0.382683426141739,0.000000000000000
154.174484252929688,65.592987060546875,47.200000762939453,-0.923879504203796,0.382683426141739,0.000000000000000
154.174484252929688,65.592987060546875,44.000000000000000,-0.923879504203796,0.382683426141739,0.000000000000000
155.399063110351562,62.636573791503906,40.799999237060547,-0.923879504203796,0.382683426141739,0.000000000000000
155.399063110351562,62.636573791503906,44.000000000000000,-0.923879504203796,0.382683426141739,0.000000000000000
155.399063110351562,62.636573791503906,50.400001525878906,-0.923879504203796,0.382683426141739,0.000000000000000
155.399063110351562,62.636573791503906,47.200000762939453,-0.923879504203796,0.382683426141739,0.000000000000000
156.623657226562500,59.680160522460938,50.400001525878906,-0.923879504203796,0.382683426141739,0.000000000000000
155.399063110351562,62.636573791503906,34.400001525878906,-0.923879504203796,0.382683426141739,0.000000000000000
156.623657226562500,59.680160522460938,47.200000762939453,-0.923879504203796,0.382683426141739,0.000000000000000
156.623657226562500,59.680160522460938,44.000000000000000,-0.923879504203796,0.382683426141739,0.000000000000000
156.623657226562500,59.680160522460938,40.799999237060547,-0.923879504203796,0.382683426141739,0.000000000000000
157.848251342773438,56.723747253417969,47.200000762939453,-0.923879504203796,0.382683426141739,0.000000000000000
157.848251342773438,56.723747253417969,50.400001525878906,-0.923879504203796,0.382683426141739,0.000000000000000
159.072830200195312,53.767330169677734,50.400001525878906,-0.923879504203796,0.382683426141739,0.000000000000000
157.848251342773438,56.723747253417969,40.799999237060547,-0.923879504203796,0.382683426141739,0.000000000000000
159.072830200195312,53.767330169677734,47.200000762939453,-0.923879504203796,0.382683426141739,0.000000000000000
157.848251342773438,56.723747253417969,44.000000000000000,-0.923879504203796,0.382683426141739,0.000000000000000
159.072830200195312,53.767330169677734,40.799999237060547,-0.923879504203796,0.382683426141739,0.000000000000000
159.072830200195312,53.767330169677734,44.000000000000000,-0.923879504203796,0.382683426141739,0.000000000000000
156.623657226562500,59.680160522460938,31.200000762939453,-0.923879504203796,0.382683426141739,0.000000000000000
157.848251342773438,56.723747253417969,31.200000762939453,-0.923879504203796,0.382683426141739,0.000000000000000
157.848251342773438,56.723747253417969,28.000000000000000,-0.923879504203796,0.382683426141739,0.000000000000000
157.848251342773438,56.723747253417969,37.599998474121094,-0.923879504203796,0.382683426141739,0.000000000000000
157.848251342773438,56.723747253417969,34.400001525878906,-0.923879504203796,0.382683426141739,0.000000000000000
159.072830200195312,53.767330169677734,31.200000762939453,-0.923879504203796,0.382683426141739,0.000000000000000
159.072830200195312,53.767330169677734,28.000000000000000,-0.923879504203796,0.382683426141739,0.000000000000000
156.623657226562500,59.680160522460938,28.000000000000000,-0.923879504203796,0.382683426141739,0.000000000000000
155.399063110351562,62.636573791503906,28.000000000000000,-0.923879504203796,0.382683426141739,0.000000000000000
156.623657226562500,59.680160522460938,37.599998474121094,-0.923879504203796,0.382683426141739,0.000000000000000
159.072830200195312,53.767330169677734,34.400001525878906,-0.923879504203796,0.382683426141739,0.000000000000000
156.623657226562500,59.680160522460938,34.400001525878906,-0.923879504203796,0.382683426141739,0.000000000000000
155.399063110351562,62.636573791503906,31.200000762939453,-0.923879504203796,0.382683426141739,0.000000000000000
159.072830200195312,53.767330169677734,37.599998474121094,-0.923879504203796,0.382683426141739,0.000000000000000
159.072830200195312,53.767330169677734,14.399999618530273,-0.923879504203796,0.382683426141739,0.000000000000000
157.848251342773438,56.723747253417969,14.399999618530273,-0.923879504203796,0.382683426141739,0.000000000000000
155.399063110351562,62.636573791503906,17.600000381469727,-0.923879504203796,0.382683426141739,0.000000000000000
157.848251342773438,56.723747253417969,17.600000381469727,-0.923879504203796,0.382683426141739,0.000000000000000
155.399063110351562,62.636573791503906,14.399999618530273,-0.923879504203796,0.382683426141739,0.000000000000000
159.072830200195312,53.767330169677734,20.799999237060547,-0.923879504203796,0.382683426141739,0.000000000000000
156.623657226562500,59.680160522460938,20.799999237060547,-0.923879504203796,0.382683426141739,0.000000000000000
159.072830200195312,53.767330169677734,24.000000000000000,-0.923879504203796,0.382683426141739,0.000000000000000
157.848251342773438,56.723747253417969,20.799999237060547,-0.923879504203796,0.382683426141739,0.000000000000000
154.174484252929688,65.592987060546875,14.399999618530273,-0.923879504203796,0.382683426141739,0.000000000000000
159.072830200195312,53.767330169677734,17.600000381469727,-0.923879504203796,0.382683426141739,0.000000000000000
154.174484252929688,65.592987060546875,17.600000381469727,-0.923879504203796,0.382683426141739,0.000000000000000
156.623657226562500,59.680160522460938,14.399999618530273,-0.923879504203796,0.382683426141739,0.000000000000000
156.623657226562500,59.680160522460938,24.000000000000000,-0.923879504203796,0.382683426141739,0.000000000000000
156.623657226562500,59.680160522460938,17.600000381469727,-0.923879504203796,0.382683426141739,0.000000000000000
157.848251342773438,56.723747253417969,24.000000000000000,-0.923879504203796,0.382683426141739,0.000000000000000
159.072830200195312,53.767330169677734,11.199999809265137,-0.923879504203796,0.382683426141739,0.000000000000000
159.072830200195312,53.767330169677734,4.800000190734863,-0.923879504203796,0.382683426141739,0.000000000000000
159.072830200195312,53.767330169677734,8.000000000000000,-0.923879504203796,0.382683426141739,0.000000000000000
159.072830200195312,53.767330169677734,1.600000023841858,-0.923879504203796,0.382683426141739,0.000000000000000
157.848251342773438,56.723747253417969,8.000000000000000,-0.923879504203796,0.382683426141739,0.000000000000000
157.848251342773438,56.723747253417969,11.199999809265137,-0.923879504203796,0.382683426141739,0.000000000000000
157.848251342773438,56.723747253417969,4.800000190734863,-0.923879504203796,0.382683426141739,0.000000000000000
157.848251342773438,56.723747253417969,1.600000023841858,-0.923879504203796,0.382683426141739,0.000000000000000
156.623657226562500,59.680160522460938,11.199999809265137,-0.923879504203796,0.382683426141739,0.000000000000000
156.623657226562500,59.680160522460938,4.800000190734863,-0.923879504203796,0.382683426141739,0.000000000000000
156.623657226562500,59.680160522460938,8.000000000000000,-0.923879504203796,0.382683426141739,0.000000000000000
155.399063110351562,62.636573791503906,20.799999237060547,-0.923879504203796,0.382683426141739,0.000000000000000
156.623657226562500,59.680160522460938,1.600000023841858,-0.923879504203796,0.382683426141739,0.000000000000000
155.399063110351562,62.636573791503906,1.600000023841858,-0.923879504203796,0.382683426141739,0.000000000000000
155.399063110351562,62.636573791503906,4.800000190734863,-0.923879504203796,0.382683426141739,0.000000000000000
155.399063110351562,62.636573791503906,11.199999809265137,-0.923879504203796,0.382683426141739,0.000000000000000
155.399063110351562,62.636573791503906,8.000000000000000,-0.923879504203796,0.382683426141739,0.000000000000000
154.174484252929688,65.592987060546875,8.000000000000000,-0.923879504203796,0.382683426141739,0.000000000000000
154.174484252929688,65.592987060546875,4.800000190734863,-0.923879504203796,0.382683426141739,0.000000000000000
154.174484252929688,65.592987060546875,11.199999809265137,-0.923879504203796,0.382683426141739,0.000000000000000
154.174484252929688,65.592987060546875,1.600000023841858,-0.923879504203796,0.382683426141739,0.000000000000000
152.949890136718750,68.549407958984375,1.600000023841858,-0.923879504203796,0.382683426141739,0.000000000000000
155.399063110351562,62.636573791503906,24.000000000000000,-0.923879504203796,0.382683426141739,0.000000000000000
152.949890136718750,68.549407958984375,4.800000190734863,-0.923879504203796,0.382683426141739,0.000000000000000
151.725311279296875,71.505821228027344,1.600000023841858,-0.923879504203796,0.382683426141739,0.000000000000000
152.949890136718750,68.549407958984375,8.000000000000000,-0.923879504203796,0.382683426141739,0.000000000000000
151.725311279296875,71.505821228027344,4.800000190734863,-0.923879504203796,0.382683426141739,0.000000000000000
152.949890136718750,68.549407958984375,11.199999809265137,-0.923879504203796,0.382683426141739,0.000000000000000
150.500717163085938,74.462234497070312,1.600000023841858,-0.923879504203796,0.382683426141739,0.000000000000000
151.725311279296875,71.505821228027344,8.000000000000000,-0.923879504203796,0.382683426141739,0.000000000000000
150.500717163085938,74.462234497070312,4.800000190734863,-0.923879504203796,0.382683426141739,0.000000000000000
151.725311279296875,71.505821228027344,11.199999809265137,-0.923879504203796,0.382683426141739,0.000000000000000
150.500717163085938,74.462234497070312,8.000000000000000,-0.923879504203796,0.382683426141739,0.000000000000000
150.500717163085938,74.462234497070312,11.199999809265137,-0.923879504203796,0.382683426141739,0.000000000000000
152.949890136718750,68.549407958984375,24.000000000000000,-0.923879504203796,0.382683426141739,0.000000000000000
151.725311279296875,71.505821228027344,17.600000381469727,-0.923879504203796,0.382683426141739,0.000000000000000
151.725311279296875,71.505821228027344,24.000000000000000,-0.923879504203796,0.382683426141739,0.000000000000000
151.725311279296875,71.505821228027344,14.399999618530273,-0.923879504203796,0.382683426141739,0.000000000000000
151.725311279296875,71.505821228027344,20.799999237060547,-0.923879504203796,0.382683426141739,0.000000000000000
150.500717163085938,74.462234497070312,20.799999237060547,-0.923879504203796,0.382683426141739,0.000000000000000
150.500717163085938,74.462234497070312,24.000000000000000,-0.923879504203796,0.382683426141739,0.000000000000000
152.949890136718750,68.549407958984375,20.799999237060547,-0.923879504203796,0.382683426141739,0.000000000000000
154.174484252929688,65.592987060546875,20.799999237060547,-0.923879504203796,0.382683426141739,0.000000000000000
152.949890136718750,68.549407958984375,14.399999618530273,-0.923879504203796,0.382683426141739,0.000000000000000
150.500717163085938,74.462234497070312,17.600000381469727,-0.923879504203796,0.382683426141739,0.000000000000000
152.949890136718750,68.549407958984375,17.600000381469727,-0.923879504203796,0.382683426141739,0.000000000000000
154.174484252929688,65.592987060546875,24.000000000000000,-0.923879504203796,0.382683426141739,0.000000000000000
150.500717163085938,74.462234497070312,14.399999618530273,-0.923879504203796,0.382683426141739,0.000000000000000
-159.072830200195312,53.767330169677734,90.400001525878906,0.923879504203796,0.382683426141739,0.000000000000000
-157.848251342773438,56.723747253417969,90.400001525878906,0.923879504203796,0.382683426141739,0.000000000000000
-156.623657226562500,59.680160522460938,80.800003051757812,0.923879504203796,0.382683426141739,0.000000000000000
-159.072830200195312,53.767330169677734,87.199996948242188,0.923879504203796,0.382683426141739,0.000000000000000
-155.399063110351562,62.636573791503906,87.199996948242188,0.923879504203796,0.382683426141739,0.000000000000000
-156.623657226562500,59.680160522460938,87.199996948242188,0.923879504203796,0.382683426141739,0.000000000000000
-155.399063110351562,62.636573791503906,90.400001525878906,0.923879504203796,0.382683426141739,0.000000000000000
-159.072830200195312,53.767330169677734,80.800003051757812,0.923879504203796,0.382683426141739,0.000000000000000
-157.848251342773438,56.723747253417969,84.000000000000000,0.923879504203796,0.382683426141739,0.000000000000000
-155.399063110351562,62.636573791503906,80.800003051757812,0.923879504203796,0.382683426141739,0.000000000000000
-157.848251342773438,56.723747253417969,87.199996948242188,0.923879504203796,0.382683426141739,0.000000000000000
-155.399063110351562,62.636573791503906,84.000000000000000,0.923879504203796,0.382683426141739,0.000000000000000
-156.623657226562500,59.680160522460938,90.400001525878906,0.923879504203796,0.382683426141739,0.000000000000000
-156.623657226562500,59.680160522460938,84.000000000000000,0.923879504203796,0.382683426141739,0.000000000000000
-159.072830200195312,53.767330169677734,84.000000000000000,0.923879504203796,0.382683426141739,0.000000000000000
-157.848251342773438,56.723747253417969,80.800003051757812,0.923879504203796,0.382683426141739,0.000000000000000
-159.072830200195312,53.767330169677734,93.599998474121094,0.923879504203796,0.382683426141739,0.000000000000000
-157.848251342773438,56.723747253417969,93.599998474121094,0.923879504203796,0.382683426141739,0.000000000000000
-159.072830200195312,53.767330169677734,96.800003051757812,0.923879504203796,0.382683426141739,0.000000000000000
-157.848251342773438,56.723747253417969,96.800003051757812,0.923879504203796,0.382683426141739,0.000000000000000
-159.072830200195312,53.767330169677734,103.199996948242188,0.923879504203796,0.382683426141739,0.000000000000000
-159.072830200195312,53.767330169677734,100.000000000000000,0.923879504203796,0.382683426141739,0.000000000000000
-157.848251342773438,56.723747253417969,103.199996948242188,0.923879504203796,0.382683426141739,0.000000000000000
-157.848251342773438,56.723747253417969,100.000000000000000,0.923879504203796,0.382683426141739,0.000000000000000
-156.623657226562500,59.680160522460938,93.599998474121094,0.923879504203796,0.382683426141739,0.000000000000000
-156.623657226562500,59.680160522460938,100.000000000000000,0.923879504203796,0.382683426141739,0.000000000000000
-156.623657226562500,59.680160522460938,96.800003051757812,0.923879504203796,0.382683426141739,0.000000000000000
-154.174484252929688,65.592987060546875,90.400001525878906,0.923879504203796,0.382683426141739,0.000000000000000
-156.623657226562500,59.680160522460938,103.199996948242188,0.923879504203796,0.382683426141739,0.000000000000000
-155.399063110351562,62.636573791503906,93.599998474121094,0.923879504203796,0.382683426141739,0.000000000000000
-155.399063110351562,62.636573791503906,103.199996948242188,0.923879504203796,0.382683426141739,0.000000000000000
-155.399063110351562,62.636573791503906,100.000000000000000,0.923879504203796,0.382683426141739,0.000000000000000
-155.399063110351562,62.636573791503906,96.800003051757812,0.923879504203796,0.382683426141739,0.000000000000000
-154.174484252929688,65.592987060546875,93.599998474121094,0.923879504203796,0.382683426141739,0.000000000000000
-154.174484252929688,65.592987060546875,96.800003051757812,0.923879504203796,0.382683426141739,0.000000000000000
-154.174484252929688,65.592987060546875,103.199996948242188,0.923879504203796,0.382683426141739,0.000000000000000
-154.174484252929688,65.592987060546875,100.000000000000000,0.923879504203796,0.382683426141739,0.000000000000000
-152.949890136718750,68.549407958984375,103.199996948242188,0.923879504203796,0.382683426141739,0.000000000000000
-154.174484252929688,65.592987060546875,87.199996948242188,0.923879504203796,0.382683426141739,0.000000000000000
-152.949890136718750,68.549407958984375,100.000000000000000,0.923879504203796,0.382683426141739,0.000000000000000
-152.949890136718750,68.549407958984375,96.800003051757812,0.923879504203796,0.382683426141739,0.000000000000000
-152.949890136718750,68.549407958984375,93.599998474121094,0.923879504203796,0.382683426141739,0.000000000000000
-151.725311279296875,71.505821228027344,100.000000000000000,0.923879504203796,0.382683426141739,0.000000000000000
-151.725311279296875,71.505821228027344,103.199996948242188,0.923879504203796,0.382683426141739,0.000000000000000
-150.500717163085938,74.462234497070312,103.199996948242188,0.923879504203796,0.382683426141739,0.000000000000000
-151.725311279296875,71.505821228027344,93.599998474121094,0.923879504203796,0.382683426141739,0.000000000000000
-150.500717163085938,74.462234497070312,100.000000000000000,0.923879504203796,0.382683426141739,0.000000000000000
-151.725311279296875,71.505821228027344,96.800003051757812,0.923879504203796,0.382683426141739,0.000000000000000
-150.500717163085938,74.462234497070312,93.599998474121094,0.923879504203796,0.382683426141739,0.000000000000000
-150.500717163085938,74.462234497070312,96.800003051757812,0.923879504203796,0.382683426141739,0.000000000000000
-152.949890136718750,68.549407958984375,84.000000000000000,0.923879504203796,0.382683426141739,0.000000000000000
-151.725311279296875,71.505821228027344,84.000000000000000,0.923879504203796,0.382683426141739,0.000000000000000
-151.725311279296875,71.505821228027344,80.800003051757812,0.923879504203796,0.382683426141739,0.000000000000000
-151.725311279296875,71.505821228027344,90.400001525878906,0.923879504203796,0.382683426141739,0.000000000000000
-151.725311279296875,71.505821228027344,87.199996948242188,0.923879504203796,0.382683426141739,0.000000000000000
-150.500717163085938,74.462234497070312,84.000000000000000,0.923879504203796,0.382683426141739,0.000000000000000
-150.500717163085938,74.462234497070312,80.800003051757812,0.923879504203796,0.382683426141739,0.000000000000000
-152.949890136718750,68.549407958984375,80.800003051757812,0.923879504203796,0.382683426141739,0.000000000000000
-154.174484252929688,65.592987060546875,80.800003051757812,0.923879504203796,0.382683426141739,0.000000000000000
-152.949890136718750,68.549407958984375,90.400001525878906,0.923879504203796,0.382683426141739,0.000000000000000
-150.500717163085938,74.462234497070312,87.199996948242188,0.923879504203796,0.382683426141739,0.000000000000000
-152.949890136718750,68.549407958984375,87.199996948242188,0.923879504203796,0.382683426141739,0.000000000000000
-154.174484252929688,65.592987060546875,84.000000000000000,0.923879504203796,0.382683426141739,0.000000000000000
-150.500717163085938,74.462234497070312,90.400001525878906,0.923879504203796,0.382683426141739,0.000000000000000
-150.500717163085938,74.462234497070312,67.199996948242188,0.923879504203796,0.382683426141739,0.000000000000000
-151.725311279296875,71.505821228027344,67.199996948242188,0.923879504203796,0.382683426141739,0.000000000000000
-154.174484252929688,65.592987060546875,70.400001525878906,0.923879504203796,0.382683426141739,0.000000000000000
-151.725311279296875,71.505821228027344,70.400001525878906,0.923879504203796,0.382683426141739,0.000000000000000
-154.174484252929688,65.592987060546875,67.199996948242188,0.923879504203796,0.382683426141739,0.000000000000000
-150.500717163085938,74.462234497070312,73.599998474121094,0.923879504203796,0.382683426141739,0.000000000000000
-152.949890136718750,68.549407958984375,73.599998474121094,0.923879504203796,0.382683426141739,0.000000000000000
-150.500717163085938,74.462234497070312,76.800003051757812,0.923879504203796,0.382683426141739,0.000000000000000
-151.725311279296875,71.505821228027344,73.599998474121094,0.923879504203796,0.382683426141739,0.000000000000000
-155.399063110351562,62.636573791503906,67.199996948242188,0.923879504203796,0.382683426141739,0.000000000000000
-150.500717163085938,74.462234497070312,70.400001525878906,0.923879504203796,0.382683426141739,0.000000000000000
-155.399063110351562,62.636573791503906,70.400001525878906,0.923879504203796,0.382683426141739,0.000000000000000
-152.949890136718750,68.549407958984375,67.199996948242188,0.923879504203796,0.382683426141739,0.000000000000000
-152.949890136718750,68.549407958984375,76.800003051757812,0.923879504203796,0.382683426141739,0.000000000000000
-152.949890136718750,68.549407958984375,70.400001525878906,0.923879504203796,0.382683426141739,0.000000000000000
-151.725311279296875,71.505821228027344,76.800003051757812,0.923879504203796,0.382683426141739,0.000000000000000
-150.500717163085938,74.462234497070312,64.000000000000000,0.923879504203796,0.382683426141739,0.000000000000000
-150.500717163085938,74.462234497070312,57.599998474121094,0.923879504203796,0.382683426141739,0.000000000000000
-150.500717163085938,74.462234497070312,60.799999237060547,0.923879504203796,0.382683426141739,0.000000000000000
-150.500717163085938,74.462234497070312,54.400001525878906,0.923879504203796,0.382683426141739,0.000000000000000
-151.725311279296875,71.505821228027344,60.799999237060547,0.923879504203796,0.382683426141739,0.000000000000000
-151.725311279296875,71.505821228027344,64.000000000000000,0.923879504203796,0.382683426141739,0.000000000000000
-151.725311279296875,71.505821228027344,57.599998474121094,0.923879504203796,0.382683426141739,0.000000000000000
-151.725311279296875,71.505821228027344,54.400001525878906,0.923879504203796,0.382683426141739,0.000000000000000
-152.949890136718750,68.549407958984375,64.000000000000000,0.923879504203796,0.382683426141739,0.000000000000000
-152.949890136718750,68.549407958984375,57.599998474121094,0.923879504203796,0.382683426141739,0.000000000000000
-152.949890136718750,68.549407958984375,60.799999237060547,0.923879504203796,0.382683426141739,0.000000000000000
-154.174484252929688,65.592987060546875,73.599998474121094,0.923879504203796,0.382683426141739,0.000000000000000
-152.949890136718750,68.549407958984375,54.400001525878906,0.923879504203796,0.382683426141739,0.000000000000000
-154.174484252929688,65.592987060546875,54.400001525878906,0.923879504203796,0.382683426141739,0.000000000000000
-154.174484252929688,65.592987060546875,57.599998474121094,0.923879504203796,0.382683426141739,0.000000000000000
-154.174484252929688,65.592987060546875,64.000000000000000,0.923879504203796,0.382683426141739,0.000000000000000
-154.174484252929688,65.592987060546875,60.799999237060547,0.923879504203796,0.382683426141739,0.000000000000000
-155.399063110351562,62.636573791503906,60.799999237060547,0.923879504203796,0.382683426141739,0.000000000000000
-155.399063110351562,62.636573791503906,57.599998474121094,0.923879504203796,0.382683426141739,0.000000000000000
-155.399063110351562,62.636573791503906,64.000000000000000,0.923879504203796,0.382683426141739,0.000000000000000
-155.399063110351562,62.636573791503906,54.400001525878906,0.923879504203796,0.382683426141739,0.000000000000000
-156.623657226562500,59.680160522460938,54.400001525878906,0.923879504203796,0.382683426141739,0.000000000000000
-154.174484252929688,65.592987060546875,76.800003051757812,0.923879504203796,0.382683426141739,0.000000000000000
-156.623657226562500,59.680160522460938,57.599998474121094,0.923879504203796,0.382683426141739,0.000000000000000
-157.848251342773438,56.723747253417969,54.400001525878906,0.923879504203796,0.382683426141739,0.000000000000000
-156.623657226562500,59.680160522460938,60.799999237060547,0.923879504203796,0.382683426141739,0.000000000000000
-157.848251342773438,56.723747253417969,57.599998474121094,0.923879504203796,0.382683426141739,0.000000000000000
-156.623657226562500,59.680160522460938,64.000000000000000,0.923879504203796,0.382683426141739,0.000000000000000
-159.072830200195312,53.767330169677734,54.400001525878906,0.923879504203796,0.382683426141739,0.000000000000000
-157.848251342773438,56.723747253417969,60.799999237060547,0.923879504203796,0.382683426141739,0.000000000000000
-159.072830200195312,53.767330169677734,57.599998474121094,0.923879504203796,0.382683426141739,0.000000000000000
-157.848251342773438,56.723747253417969,64.000000000000000,0.923879504203796,0.382683426141739,0.000000000000000
-159.072830200195312,53.767330169677734,60.799999237060547,0.923879504203796,0.382683426141739,0.000000000000000
-159.072830200195312,53.767330169677734,64.000000000000000,0.923879504203796,0.382683426141739,0.000000000000000
-156.623657226562500,59.680160522460938,76.800003051757812,0.923879504203796,0.382683426141739,0.000000000000000
-157.848251342773438,56.723747253417969,70.400001525878906,0.923879504203796,0.382683426141739,0.000000000000000
-157.848251342773438,56.723747253417969,76.800003051757812,0.923879504203796,0.382683426141739,0.000000000000000
-157.848251342773438,56.723747253417969,67.199996948242188,0.923879504203796,0.382683426141739,0.000000000000000
-157.848251342773438,56.723747253417969,73.599998474121094,0.923879504203796,0.382683426141739,0.000000000000000
-159.072830200195312,53.767330169677734,73.599998474121094,0.923879504203796,0.382683426141739,0.000000000000000
-159.072830200195312,53.767330169677734,76.800003051757812,0.923879504203796,0.382683426141739,0.000000000000000
-156.623657226562500,59.680160522460938,73.599998474121094,0.923879504203796,0.382683426141739,0.000000000000000
-155.399063110351562,62.636573791503906,73.599998474121094,0.923879504203796,0.382683426141739,0.000000000000000
-156.623657226562500,59.680160522460938,67.199996948242188,0.923879504203796,0.382683426141739,0.000000000000000
-159.072830200195312,53.767330169677734,70.400001525878906,0.923879504203796,0.382683426141739,0.000000000000000
-156.623657226562500,59.680160522460938,70.400001525878906,0.923879504203796,0.382683426141739,0.000000000000000
-155.399063110351562,62.636573791503906,76.800003051757812,0.923879504203796,0.382683426141739,0.000000000000000
-159.072830200195312,53.767330169677734,67.199996948242188,0.923879504203796,0.382683426141739,0.000000000000000
-148.703323364257812,77.989837646484375,90.400001525878906,0.852640151977539,0.522498548030853,0.000000000000000
-147.031326293945312,80.718292236328125,90.400001525878906,0.852640151977539,0.522498548030853,0.000000000000000
-145.359329223632812,83.446739196777344,80.800003051757812,0.852640151977539,0.522498548030853,0.000000000000000
-148.703323364257812,77.989837646484375,87.199996948242188,0.852640151977539,0.522498548030853,0.000000000000000
-143.687332153320312,86.175186157226562,87.199996948242188,0.852640151977539,0.522498548030853,0.000000000000000
-145.359329223632812,83.446739196777344,87.199996948242188,0.852640151977539,0.522498548030853,0.000000000000000
-143.687332153320312,86.175186157226562,90.400001525878906,0.852640151977539,0.522498548030853,0.000000000000000
-148.703323364257812,77.989837646484375,80.800003051757812,0.852640151977539,0.522498548030853,0.000000000000000
-147.031326293945312,80.718292236328125,84.000000000000000,0.852640151977539,0.522498548030853,0.000000000000000
-143.687332153320312,86.175186157226562,80.800003051757812,0.852640151977539,0.522498548030853,0.000000000000000
-147.031326293945312,80.718292236328125,87.199996948242188,0.852640151977539,0.522498548030853,0.000000000000000
-143.687332153320312,86.175186157226562,84.000000000000000,0.852640151977539,0.522498548030853,0.000000000000000
-145.359329223632812,83.446739196777344,90.400001525878906,0.852640151977539,0.522498548030853,0.000000000000000
-145.359329223632812,83.446739196777344,84.000000000000000,0.852640151977539,0.522498548030853,0.000000000000000
-148.703323364257812,77.989837646484375,84.000000000000000,0.852640151977539,0.522498548030853,0.000000000000000
-147.031326293945312,80.718292236328125,80.800003051757812,0.852640151977539,0.522498548030853,0.000000000000000
-148.703323364257812,77.989837646484375,93.599998474121094,0.852640151977539,0.522498548030853,0.000000000000000
-147.031326293945312,80.718292236328125,93.599998474121094,0.852640151977539,0.522498548030853,0.000000000000000
-148.703323364257812,77.989837646484375,96.800003051757812,0.852640151977539,0.522498548030853,0.000000000000000
-147.031326293945312,80.718292236328125,96.800003051757812,0.852640151977539,0.522498548030853,0.000000000000000
-148.703323364257812,77.989837646484375,103.199996948242188,0.852640151977539,0.522498548030853,0.000000000000000
-148.703323364257812,77.989837646484375,100.000000000000000,0.852640151977539,0.522498548030853,0.000000000000000
-147.031326293945312,80.718292236328125,103.199996948242188,0.852640151977539,0.522498548030853,0.000000000000000
-147.031326293945312,80.718292236328125,100.000000000000000,0.852640151977539,0.522498548030853,0.000000000000000
-145.359329223632812,83.446739196777344,93.599998474121094,0.852640151977539,0.522498548030853,0.000000000000000
-145.359329223632812,83.446739196777344,100.000000000000000,0.852640151977539,0.522498548030853,0.000000000000000
-145.359329223632812,83.446739196777344,96.800003051757812,0.852640151977539,0.522498548030853,0.000000000000000
-142.015335083007812,88.903633117675781,90.400001525878906,0.852640151977539,0.522498548030853,0.000000000000000
-145.359329223632812,83.446739196777344,103.199996948242188,0.852640151977539,0.522498548030853,0.000000000000000
-143.687332153320312,86.175186157226562,93.599998474121094,0.852640151977539,0.522498548030853,0.000000000000000
-143.687332153320312,86.175186157226562,103.199996948242188,0.852640151977539,0.522498548030853,0.000000000000000
-143.687332153320312,86.175186157226562,100.000000000000000,0.852640151977539,0.522498548030853,0.000000000000000
-143.687332153320312,86.175186157226562,96.800003051757812,0.852640151977539,0.522498548030853,0.000000000000000
-142.015335083007812,88.903633117675781,93.599998474121094,0.852640151977539,0.522498548030853,0.000000000000000
-142.015335083007812,88.903633117675781,96.800003051757812,0.852640151977539,0.522498548030853,0.000000000000000
-142.015335083007812,88.903633117675781,103.199996948242188,0.852640151977539,0.522498548030853,0.000000000000000
-142.015335083007812,88.903633117675781,100.000000000000000,0.852640151977539,0.522498548030853,0.000000000000000
-140.343338012695312,91.632080078125000,103.199996948242188,0.852640151977539,0.522498548030853,0.000000000000000
-142.015335083007812,88.903633117675781,87.199996948242188,0.852640151977539,0.522498548030853,0.000000000000000
-140.343338012695312,91.632080078125000,100.000000000000000,0.852640151977539,0.522498548030853,0.000000000000000
-140.343338012695312,91.632080078125000,96.800003051757812,0.852640151977539,0.522498548030853,0.000000000000000
-140.343338012695312,91.632080078125000,93.599998474121094,0.852640151977539,0.522498548030853,0.000000000000000
-138.671340942382812,94.360534667968750,100.000000000000000,0.852640151977539,0.522498548030853,0.000000000000000
-138.671340942382812,94.360534667968750,103.199996948242188,0.852640151977539,0.522498548030853,0.000000000000000
-136.999343872070312,97.088981628417969,103.199996948242188,0.852640151977539,0.522498548030853,0.000000000000000
-138.671340942382812,94.360534667968750,93.599998474121094,0.852640151977539,0.522498548030853,0.000000000000000
-136.999343872070312,97.088981628417969,100.000000000000000,0.852640151977539,0.522498548030853,0.000000000000000
-138.671340942382812,94.360534667968750,96.800003051757812,0.852640151977539,0.522498548030853,0.000000000000000
-136.999343872070312,97.088981628417969,93.599998474121094,0.852640151977539,0.522498548030853,0.000000000000000
-136.999343872070312,97.088981628417969,96.800003051757812,0.852640151977539,0.522498548030853,0.000000000000000
-140.343338012695312,91.632080078125000,84.000000000000000,0.852640151977539,0.522498548030853,0.000000000000000
-138.671340942382812,94.360534667968750,84.000000000000000,0.852640151977539,0.522498548030853,0.000000000000000
-138.671340942382812,94.360534667968750,80.800003051757812,0.852640151977539,0.522498548030853,0.000000000000000
-138.671340942382812,94.360534667968750,90.400001525878906,0.852640151977539,0.522498548030853,0.000000000000000
-138.671340942382812,94.360534667968750,87.199996948242188,0.852640151977539,0.522498548030853,0.000000000000000
-136.999343872070312,97.088981628417969,84.000000000000000,0.852640151977539,0.522498548030853,0.000000000000000
-136.999343872070312,97.088981628417969,80.800003051757812,0.852640151977539,0.522498548030853,0.000000000000000
-140.343338012695312,91.632080078125000,80.800003051757812,0.852640151977539,0.522498548030853,0.000000000000000
-142.015335083007812,88.903633117675781,80.800003051757812,0.852640151977539,0.522498548030853,0.000000000000000
-140.343338012695312,91.632080078125000,90.400001525878906,0.852640151977539,0.522498548030853,0.000000000000000
-136.999343872070312,97.088981628417969,87.199996948242188,0.852640151977539,0.522498548030853,0.000000000000000
-140.343338012695312,91.632080078125000,87.199996948242188,0.852640151977539,0.522498548030853,0.000000000000000
-142.015335083007812,88.903633117675781,84.000000000000000,0.852640151977539,0.522498548030853,0.000000000000000
-136.999343872070312,97.088981628417969,90.400001525878906,0.852640151977539,0.522498548030853,0.000000000000000
-136.999343872070312,97.088981628417969,67.199996948242188,0.852640151977539,0.522498548030853,0.000000000000000
-138.671340942382812,94.360534667968750,67.199996948242188,0.852640151977539,0.522498548030853,0.000000000000000
-142.015335083007812,88.903633117675781,70.400001525878906,0.852640151977539,0.522498548030853,0.000000000000000
-138.671340942382812,94.360534667968750,70.400001525878906,0.852640151977539,0.522498548030853,0.000000000000000
-142.015335083007812,88.903633117675781,67.199996948242188,0.852640151977539,0.522498548030853,0.000000000000000
-136.999343872070312,97.088981628417969,73.599998474121094,0.852640151977539,0.522498548030853,0.000000000000000
-140.343338012695312,91.632080078125000,73.599998474121094,0.852640151977539,0.522498548030853,0.000000000000000
-136.999343872070312,97.088981628417969,76.800003051757812,0.852640151977539,0.522498548030853,0.000000000000000
-138.671340942382812,94.360534667968750,73.599998474121094,0.852640151977539,0.522498548030853,0.000000000000000
-143.687332153320312,86.175186157226562,67.199996948242188,0.852640151977539,0.522498548030853,0.000000000000000
-136.999343872070312,97.088981628417969,70.400001525878906,0.852640151977539,0.522498548030853,0.000000000000000
-143.687332153320312,86.175186157226562,70.400001525878906,0.852640151977539,0.522498548030853,0.000000000000000
-140.343338012695312,91.632080078125000,67.199996948242188,0.852640151977539,0.522498548030853,0.000000000000000
-140.343338012695312,91.632080078125000,76.800003051757812,0.852640151977539,0.522498548030853,0.000000000000000
-140.343338012695312,91.632080078125000,70.400001525878906,0.852640151977539,0.522498548030853,0.000000000000000
-138.671340942382812,94.360534667968750,76.800003051757812,0.852640151977539,0.522498548030853,0.000000000000000
-136.999343872070312,97.088981628417969,64.000000000000000,0.852640151977539,0.522498548030853,0.000000000000000
-136.999343872070312,97.088981628417969,57.599998474121094,0.852640151977539,0.522498548030853,0.000000000000000
-136.999343872070312,97.088981628417969,60.799999237060547,0.852640151977539,0.522498548030853,0.000000000000000
-136.999343872070312,97.088981628417969,54.400001525878906,0.852640151977539,0.522498548030853,0.000000000000000
-138.671340942382812,94.360534667968750,60.799999237060547,0.852640151977539,0.522498548030853,0.000000000000000
-138.671340942382812,94.360534667968750,64.000000000000000,0.852640151977539,0.522498548030853,0.000000000000000
-138.671340942382812,94.360534667968750,57.599998474121094,0.852640151977539,0.522498548030853,0.000000000000000
-138.671340942382812,94.360534667968750,54.400001525878906,0.852640151977539,0.522498548030853,0.000000000000000
-140.343338012695312,91.632080078125000,64.000000000000000,0.852640151977539,0.522498548030853,0.000000000000000
-140.343338012695312,91.632080078125000,57.599998474121094,0.852640151977539,0.522498548030853,0.000000000000000
-140.343338012695312,91.632080078125000,60.799999237060547,0.852640151977539,0.522498548030853,0.000000000000000
-142.015335083007812,88.903633117675781,73.599998474121094,0.852640151977539,0.522498548030853,0.000000000000000
-140.343338012695312,91.632080078125000,54.400001525878906,0.852640151977539,0.522498548030853,0.000000000000000
-142.015335083007812,88.903633117675781,54.400001525878906,0.852640151977539,0.522498548030853,0.000000000000000
-142.015335083007812,88.903633117675781,57.599998474121094,0.852640151977539,0.522498548030853,0.000000000000000
-142.015335083007812,88.903633117675781,64.000000000000000,0.852640151977539,0.522498548030853,0.000000000000000
-142.015335083007812,88.903633117675781,60.799999237060547,0.852640151977539,0.522498548030853,0.000000000000000
-143.687332153320312,86.175186157226562,60.799999237060547,0.852640151977539,0.522498548030853,0.000000000000000
-143.687332153320312,86.175186157226562,57.599998474121094,0.852640151977539,0.522498548030853,0.000000000000000
-143.687332153320312,86.175186157226562,64.000000000000000,0.852640151977539,0.522498548030853,0.000000000000000
-143.687332153320312,86.175186157226562,54.400001525878906,0.852640151977539,0.522498548030853,0.000000000000000
-145.359329223632812,83.446739196777344,54.400001525878906,0.852640151977539,0.522498548030853,0.000000000000000
-142.015335083007812,88.903633117675781,76.800003051757812,0.852640151977539,0.522498548030853,0.000000000000000
-145.359329223632812,83.446739196777344,57.599998474121094,0.852640151977539,0.522498548030853,0.000000000000000
-147.031326293945312,80.718292236328125,54.400001525878906,0.852640151977539,0.522498548030853,0.000000000000000
-145.359329223632812,83.446739196777344,60.799999237060547,0.852640151977539,0.522498548030853,0.000000000000000
-147.031326293945312,80.718292236328125,57.599998474121094,0.852640151977539,0.522498548030853,0.000000000000000
-145.359329223632812,83.446739196777344,64.000000000000000,0.852640151977539,0.522498548030853,0.000000000000000
-148.703323364257812,77.989837646484375,54.400001525878906,0.852640151977539,0.522498548030853,0.000000000000000
-147.031326293945312,80.718292236328125,60.799999237060547,0.852640151977539,0.522498548030853,0.000000000000000
-148.703323364257812,77.989837646484375,57.599998474121094,0.852640151977539,0.522498548030853,0.000000000000000
-147.031326293945312,80.718292236328125,64.000000000000000,0.852640151977539,0.522498548030853,0.000000000000000
-148.703323364257812,77.989837646484375,60.799999237060547,0.852640151977539,0.522498548030853,0.000000000000000
-148.703323364257812,77.989837646484375,64.000000000000000,0.852640151977539,0.522498548030853,0.000000000000000
-145.359329223632812,83.446739196777344,76.800003051757812,0.852640151977539,0.522498548030853,0.000000000000000
-147.031326293945312,80.718292236328125,70.400001525878906,0.852640151977539,0.522498548030853,0.000000000000000
-147.031326293945312,80.718292236328125,76.800003051757812,0.852640151977539,0.522498548030853,0.000000000000000
-147.031326293945312,80.718292236328125,67.199996948242188,0.852640151977539,0.522498548030853,0.000000000000000
-147.031326293945312,80.718292236328125,73.599998474121094,0.852640151977539,0.522498548030853,0.000000000000000
-148.703323364257812,77.989837646484375,73.599998474121094,0.852640151977539,0.522498548030853,0.000000000000000
-148.703323364257812,77.989837646484375,76.800003051757812,0.852640151977539,0.522498548030853,0.000000000000000
-145.359329223632812,83.446739196777344,73.599998474121094,0.852640151977539,0.522498548030853,0.000000000000000
-143.687332153320312,86.175186157226562,73.599998474121094,0.852640151977539,0.522498548030853,0.000000000000000
-145.359329223632812,83.446739196777344,67.199996948242188,0.852640151977539,0.522498548030853,0.000000000000000
-148.703323364257812,77.989837646484375,70.400001525878906,0.852640151977539,0.522498548030853,0.000000000000000
-145.359329223632812,83.446739196777344,70.400001525878906,0.852640151977539,0.522498548030853,0.000000000000000
-143.687332153320312,86.175186157226562,76.800003051757812,0.852640151977539,0.522498548030853,0.000000000000000
-148.703323364257812,77.989837646484375,67.199996948242188,0.852640151977539,0.522498548030853,0.000000000000000
-134.672225952148438,100.291976928710938,90.400001525878906,0.760405957698822,0.649448037147522,0.000000000000000
-132.593994140625000,102.725280761718750,90.400001525878906,0.760405957698822,0.649448037147522,0.000000000000000
-130.515762329101562,105.158576965332031,80.800003051757812,0.760405957698822,0.649448037147522,0.000000000000000
-134.672225952148438,100.291976928710938,87.199996948242188,0.760405957698822,0.649448037147522,0.000000000000000
-128.437530517578125,107.591873168945312,87.199996948242188,0.760405957698822,0.649448037147522,0.000000000000000
-130.515762329101562,105.158576965332031,87.199996948242188,0.760405957698822,0.649448037147522,0.000000000000000
-128.437530517578125,107.591873168945312,90.400001525878906,0.760405957698822,0.649448037147522,0.000000000000000
-134.672225952148438,100.291976928710938,80.800003051757812,0.760405957698822,0.649448037147522,0.000000000000000
-132.593994140625000,102.725280761718750,84.000000000000000,0.760405957698822,0.649448037147522,0.000000000000000
-128.437530517578125,107.591873168945312,80.800003051757812,0.760405957698822,0.649448037147522,0.000000000000000
-132.593994140625000,102.725280761718750,87.199996948242188,0.760405957698822,0.649448037147522,0.000000000000000
-128.437530517578125,107.591873168945312,84.000000000000000,0.760405957698822,0.649448037147522,0.000000000000000
-130.515762329101562,105.158576965332031,90.400001525878906,0.760405957698822,0.649448037147522,0.000000000000000
-130.515762329101562,105.158576965332031,84.000000000000000,0.760405957698822,0.649448037147522,0.000000000000000
-134.672225952148438,100.291976928710938,84.000000000000000,0.760405957698822,0.649448037147522,0.000000000000000
-132.593994140625000,102.725280761718750,80.800003051757812,0.760405957698822,0.649448037147522,0.000000000000000
-134.672225952148438,100.291976928710938,93.599998474121094,0.760405957698822,0.649448037147522,0.000000000000000
-132.593994140625000,102.725280761718750,93.599998474121094,0.760405957698822,0.649448037147522,0.000000000000000
-134.672225952148438,100.291976928710938,96.800003051757812,0.760405957698822,0.649448037147522,0.000000000000000
-132.593994140625000,102.725280761718750,96.800003051757812,0.760405957698822,0.649448037147522,0.000000000000000
-134.672225952148438,100.291976928710938,103.199996948242188,0.760405957698822,0.649448037147522,0.000000000000000
-134.672225952148438,100.291976928710938,100.000000000000000,0.760405957698822,0.649448037147522,0.000000000000000
-132.593994140625000,102.725280761718750,103.199996948242188,0.760405957698822,0.649448037147522,0.000000000000000
-132.593994140625000,102.725280761718750,100.000000000000000,0.760405957698822,0.649448037147522,0.000000000000000
-130.515762329101562,105.158576965332031,93.599998474121094,0.760405957698822,0.649448037147522,0.000000000000000
-130.515762329101562,105.158576965332031,100.000000000000000,0.760405957698822,0.649448037147522,0.000000000000000
-130.515762329101562,105.158576965332031,96.800003051757812,0.760405957698822,0.649448037147522,0.000000000000000
-126.359298706054688,110.025177001953125,90.400001525878906,0.760405957698822,0.649448037147522,0.000000000000000
-130.515762329101562,105.158576965332031,103.199996948242188,0.760405957698822,0.649448037147522,0.000000000000000
-128.437530517578125,107.591873168945312,93.599998474121094,0.760405957698822,0.649448037147522,0.000000000000000
-128.437530517578125,107.591873168945312,103.199996948242188,0.760405957698822,0.649448037147522,0.000000000000000
-128.437530517578125,107.591873168945312,100.000000000000000,0.760405957698822,0.649448037147522,0.000000000000000
-128.437530517578125,107.591873168945312,96.800003051757812,0.760405957698822,0.649448037147522,0.000000000000000
-126.359298706054688,110.025177001953125,93.599998474121094,0.760405957698822,0.649448037147522,0.000000000000000
-126.359298706054688,110.025177001953125,96.800003051757812,0.760405957698822,0.649448037147522,0.000000000000000
-126.359298706054688,110.025177001953125,103.199996948242188,0.760405957698822,0.649448037147522,0.000000000000000
-126.359298706054688,110.025177001953125,100.000000000000000,0.760405957698822,0.649448037147522,0.000000000000000
-124.281066894531250,112.458473205566406,103.199996948242188,0.760405957698822,0.649448037147522,0.000000000000000
-126.359298706054688,110.025177001953125,87.199996948242188,0.760405957698822,0.649448037147522,0.000000000000000
-124.281066894531250,112.458473205566406,100.000000000000000,0.760405957698822,0.649448037147522,0.000000000000000
-124.281066894531250,112.458473205566406,96.800003051757812,0.760405957698822,0.649448037147522,0.000000000000000
-124.281066894531250,112.458473205566406,93.599998474121094,0.760405957698822,0.649448037147522,0.000000000000000
-122.202827453613281,114.891777038574219,100.000000000000000,0.760405957698822,0.649448037147522,0.000000000000000
-122.202827453613281,114.891777038574219,103.199996948242188,0.760405957698822,0.649448037147522,0.000000000000000
-120.124595642089844,117.325073242187500,103.199996948242188,0.760405957698822,0.649448037147522,0.000000000000000
-122.202827453613281,114.891777038574219,93.599998474121094,0.760405957698822,0.649448037147522,0.000000000000000
-120.124595642089844,117.325073242187500,100.000000000000000,0.760405957698822,0.649448037147522,0.000000000000000
-122.202827453613281,114.891777038574219,96.800003051757812,0.760405957698822,0.649448037147522,0.000000000000000
-120.124595642089844,117.325073242187500,93.599998474121094,0.760405957698822,0.649448037147522,0.000000000000000
-120.124595642089844,117.325073242187500,96.800003051757812,0.760405957698822,0.649448037147522,0.000000000000000
-124.281066894531250,112.458473205566406,84.000000000000000,0.760405957698822,0.649448037147522,0.000000000000000
-122.202827453613281,114.891777038574219,84.000000000000000,0.760405957698822,0.649448037147522,0.000000000000000
-122.202827453613281,114.891777038574219,80.800003051757812,0.760405957698822,0.649448037147522,0.000000000000000
-122.202827453613281,114.891777038574219,90.400001525878906,0.760405957698822,0.649448037147522,0.000000000000000
-122.202827453613281,114.891777038574219,87.199996948242188,0.760405957698822,0.649448037147522,0.000000000000000
-120.124595642089844,117.325073242187500,84.000000000000000,0.760405957698822,0.649448037147522,0.000000000000000
-120.124595642089844,117.325073242187500,80.800003051757812,0.760405957698822,0.649448037147522,0.000000000000000
-124.281066894531250,112.458473205566406,80.800003051757812,0.760405957698822,0.649448037147522,0.000000000000000
-126.359298706054688,110.025177001953125,80.800003051757812,0.760405957698822,0.649448037147522,0.000000000000000
-124.281066894531250,112.458473205566406,90.400001525878906,0.760405957698822,0.649448037147522,0.000000000000000
-120.124595642089844,117.325073242187500,87.199996948242188,0.760405957698822,0.649448037147522,0.000000000000000
-124.281066894531250,112.458473205566406,87.199996948242188,0.760405957698822,0.649448037147522,0.000000000000000
-126.359298706054688,110.025177001953125,84.000000000000000,0.760405957698822,0.649448037147522,0.000000000000000
-120.124595642089844,117.325073242187500,90.400001525878906,0.760405957698822,0.649448037147522,0.000000000000000
-120.124595642089844,117.325073242187500,67.199996948242188,0.760405957698822,0.649448037147522,0.000000000000000
-122.202827453613281,114.891777038574219,67.199996948242188,0.760405957698822,0.649448037147522,0.000000000000000
-126.359298706054688,110.025177001953125,70.400001525878906,0.760405957698822,0.649448037147522,0.000000000000000
-122.202827453613281,114.891777038574219,70.400001525878906,0.760405957698822,0.649448037147522,0.000000000000000
-126.359298706054688,110.025177001953125,67.199996948242188,0.760405957698822,0.649448037147522,0.000000000000000
-120.124595642089844,117.325073242187500,73.599998474121094,0.760405957698822,0.649448037147522,0.000000000000000
-124.281066894531250,112.458473205566406,73.599998474121094,0.760405957698822,0.649448037147522,0.000000000000000
-120.124595642089844,117.325073242187500,76.800003051757812,0.760405957698822,0.649448037147522,0.000000000000000
-122.202827453613281,114.891777038574219,73.599998474121094,0.760405957698822,0.649448037147522,0.000000000000000
-128.437530517578125,107.591873168945312,67.199996948242188,0.760405957698822,0.649448037147522,0.000000000000000
-120.124595642089844,117.325073242187500,70.400001525878906,0.760405957698822,0.649448037147522,0.000000000000000
-128.437530517578125,107.591873168945312,70.400001525878906,0.760405957698822,0.649448037147522,0.000000000000000
-124.281066894531250,112.458473205566406,67.199996948242188,0.760405957698822,0.649448037147522,0.000000000000000
-124.281066894531250,112.458473205566406,76.800003051757812,0.760405957698822,0.649448037147522,0.000000000000000
-124.281066894531250,112.458473205566406,70.400001525878906,0.760405957698822,0.649448037147522,0.000000000000000
-122.202827453613281,114.891777038574219,76.800003051757812,0.760405957698822,0.649448037147522,0.000000000000000
-120.124595642089844,117.325073242187500,64.000000000000000,0.760405957698822,0.649448037147522,0.000000000000000
-120.124595642089844,117.325073242187500,57.599998474121094,0.760405957698822,0.649448037147522,0.000000000000000
-120.124595642089844,117.325073242187500,60.799999237060547,0.760405957698822,0.649448037147522,0.000000000000000
-120.124595642089844,117.325073242187500,54.400001525878906,0.760405957698822,0.649448037147522,0.000000000000000
-122.202827453613281,114.891777038574219,60.799999237060547,0.760405957698822,0.649448037147522,0.000000000000000
-122.202827453613281,114.891777038574219,64.000000000000000,0.760405957698822,0.649448037147522,0.000000000000000
-122.202827453613281,114.891777038574219,57.599998474121094,0.760405957698822,0.649448037147522,0.000000000000000
-122.202827453613281,114.891777038574219,54.400001525878906,0.760405957698822,0.649448037147522,0.000000000000000
-124.281066894531250,112.458473205566406,64.000000000000000,0.760405957698822,0.649448037147522,0.000000000000000
-124.281066894531250,112.458473205566406,57.599998474121094,0.760405957698822,0.649448037147522,0.000000000000000
-124.281066894531250,112.458473205566406,60.799999237060547,0.760405957698822,0.649448037147522,0.000000000000000
-126.359298706054688,110.025177001953125,73.599998474121094,0.760405957698822,0.649448037147522,0.000000000000000
-124.281066894531250,112.458473205566406,54.400001525878906,0.760405957698822,0.649448037147522,0.000000000000000
-126.359298706054688,110.025177001953125,54.400001525878906,0.760405957698822,0.649448037147522,0.000000000000000
-126.359298706054688,110.025177001953125,57.599998474121094,0.760405957698822,0.649448037147522,0.000000000000000
-126.359298706054688,110.025177001953125,64.000000000000000,0.760405957698822,0.649448037147522,0.000000000000000
-126.359298706054688,110.025177001953125,60.799999237060547,0.760405957698822,0.649448037147522,0.000000000000000
-128.437530517578125,107.591873168945312,60.799999237060547,0.760405957698822,0.649448037147522,0.000000000000000
-128.437530517578125,107.591873168945312,57.599998474121094,0.760405957698822,0.649448037147522,0.000000000000000
-128.437530517578125,107.591873168945312,64.000000000000000,0.760405957698822,0.649448037147522,0.000000000000000
-128.437530517578125,107.591873168945312,54.400001525878906,0.760405957698822,0.649448037147522,0.000000000000000
-130.515762329101562,105.158576965332031,54.400001525878906,0.760405957698822,0.649448037147522,0.000000000000000
-126.359298706054688,110.025177001953125,76.800003051757812,0.760405957698822,0.649448037147522,0.000000000000000
-130.515762329101562,105.158576965332031,57.599998474121094,0.760405957698822,0.649448037147522,0.000000000000000
-132.593994140625000,102.725280761718750,54.400001525878906,0.760405957698822,0.649448037147522,0.000000000000000
-130.515762329101562,105.158576965332031,60.799999237060547,0.760405957698822,0.649448037147522,0.000000000000000
-132.593994140625000,102.725280761718750,57.599998474121094,0.760405957698822,0.649448037147522,0.000000000000000
-130.515762329101562,105.158576965332031,64.000000000000000,0.760405957698822,0.649448037147522,0.000000000000000
-134.672225952148438,100.291976928710938,54.400001525878906,0.760405957698822,0.649448037147522,0.000000000000000
-132.593994140625000,102.725280761718750,60.799999237060547,0.760405957698822,0.649448037147522,0.000000000000000
-134.672225952148438,100.291976928710938,57.599998474121094,0.760405957698822,0.649448037147522,0.000000000000000
-132.593994140625000,102.725280761718750,64.000000000000000,0.760405957698822,0.649448037147522,0.000000000000000
-134.672225952148438,100.291976928710938,60.799999237060547,0.760405957698822,0.649448037147522,0.000000000000000
-134.672225952148438,100.291976928710938,64.000000000000000,0.760405957698822,0.649448037147522,0.000000000000000
-130.515762329101562,105.158576965332031,76.800003051757812,0.760405957698822,0.649448037147522,0.000000000000000
-132.593994140625000,102.725280761718750,70.400001525878906,0.760405957698822,0.649448037147522,0.000000000000000
-132.593994140625000,102.725280761718750,76.800003051757812,0.760405957698822,0.649448037147522,0.000000000000000
-132.593994140625000,102.725280761718750,67.199996948242188,0.760405957698822,0.649448037147522,0.000000000000000
-132.593994140625000,102.725280761718750,73.599998474121094,0.760405957698822,0.649448037147522,0.000000000000000
-134.672225952148438,100.291976928710938,73.599998474121094,0.760405957698822,0.649448037147522,0.000000000000000
-134.672225952148438,100.291976928710938,76.800003051757812,0.760405957698822,0.649448037147522,0.000000000000000
-130.515762329101562,105.158576965332031,73.599998474121094,0.760405957698822,0.649448037147522,0.000000000000000
-128.437530517578125,107.591873168945312,73.599998474121094,0.760405957698822,0.649448037147522,0.000000000000000
-130.515762329101562,105.158576965332031,67.199996948242188,0.760405957698822,0.649448037147522,0.000000000000000
-134.672225952148438,100.291976928710938,70.400001525878906,0.760405957698822,0.649448037147522,0.000000000000000
-130.515762329101562,105.158576965332031,70.400001525878906,0.760405957698822,0.649448037147522,0.000000000000000
-128.437530517578125,107.591873168945312,76.800003051757812,0.760405957698822,0.649448037147522,0.000000000000000
-134.672225952148438,100.291976928710938,67.199996948242188,0.760405957698822,0.649448037147522,0.000000000000000
-117.325073242187500,120.124595642089844,90.400001525878906,0.649448037147522,0.760405957698822,0.000000000000000
-114.891777038574219,122.202835083007812,90.400001525878906,0.649448037147522,0.760405957698822,0.000000000000000
-112.458473205566406,124.281066894531250,80.800003051757812,0.649448037147522,0.760405957698822,0.000000000000000
-117.325073242187500,120.124595642089844,87.199996948242188,0.649448037147522,0.760405957698822,0.000000000000000
-110.025177001953125,126.359298706054688,87.199996948242188,0.649448037147522,0.760405957698822,0.000000000000000
-112.458473205566406,124.281066894531250,87.199996948242188,0.649448037147522,0.760405957698822,0.000000000000000
-110.025177001953125,126.359298706054688,90.400001525878906,0.649448037147522,0.760405957698822,0.000000000000000
-117.325073242187500,120.124595642089844,80.800003051757812,0.649448037147522,0.760405957698822,0.000000000000000
-114.891777038574219,122.202835083007812,84.000000000000000,0.649448037147522,0.760405957698822,0.000000000000000
-110.025177001953125,126.359298706054688,80.800003051757812,0.649448037147522,0.760405957698822,0.000000000000000
-114.891777038574219,122.202835083007812,87.199996948242188,0.649448037147522,0.760405957698822,0.000000000000000
-110.025177001953125,126.359298706054688,84.000000000000000,0.649448037147522,0.760405957698822,0.000000000000000
-112.458473205566406,124.281066894531250,90.400001525878906,0.649448037147522,0.760405957698822,0.000000000000000
-112.458473205566406,124.281066894531250,84.000000000000000,0.649448037147522,0.760405957698822,0.000000000000000
-117.325073242187500,120.124595642089844,84.000000000000000,0.649448037147522,0.760405957698822,0.000000000000000
-114.891777038574219,122.202835083007812,80.800003051757812,0.649448037147522,0.760405957698822,0.000000000000000
-117.325073242187500,120.124595642089844,93.599998474121094,0.649448037147522,0.760405957698822,0.000000000000000
-114.891777038574219,122.202835083007812,93.599998474121094,0.649448037147522,0.760405957698822,0.000000000000000
-117.325073242187500,120.124595642089844,96.800003051757812,0.649448037147522,0.760405957698822,0.000000000000000
-114.891777038574219,122.202835083007812,96.800003051757812,0.649448037147522,0.760405957698822,0.000000000000000
-117.325073242187500,120.124595642089844,103.199996948242188,0.649448037147522,0.760405957698822,0.000000000000000
-117.325073242187500,120.124595642089844,100.000000000000000,0.649448037147522,0.760405957698822,0.000000000000000
-114.891777038574219,122.202835083007812,103.199996948242188,0.649448037147522,0.760405957698822,0.000000000000000
-114.891777038574219,122.202835083007812,100.000000000000000,0.649448037147522,0.760405957698822,0.000000000000000
-112.458473205566406,124.281066894531250,93.599998474121094,0.649448037147522,0.760405957698822,0.000000000000000
-112.458473205566406,124.281066894531250,100.000000000000000,0.649448037147522,0.760405957698822,0.000000000000000
-112.458473205566406,124.281066894531250,96.800003051757812,0.649448037147522,0.760405957698822,0.000000000000000
-107.591873168945312,128.437530517578125,90.400001525878906,0.649448037147522,0.760405957698822,0.000000000000000
-112.458473205566406,124.281066894531250,103.199996948242188,0.649448037147522,0.760405957698822,0.000000000000000
-110.025177001953125,126.359298706054688,93.599998474121094,0.649448037147522,0.760405957698822,0.000000000000000
-110.025177001953125,126.359298706054688,103.199996948242188,0.649448037147522,0.760405957698822,0.000000000000000
-110.025177001953125,126.359298706054688,100.000000000000000,0.649448037147522,0.760405957698822,0.000000000000000
-110.025177001953125,126.359298706054688,96.800003051757812,0.649448037147522,0.760405957698822,0.000000000000000
-107.591873168945312,128.437530517578125,93.599998474121094,0.649448037147522,0.760405957698822,0.000000000000000
-107.591873168945312,128.437530517578125,96.800003051757812,0.649448037147522,0.760405957698822,0.000000000000000
-107.591873168945312,128.437530517578125,103.199996948242188,0.649448037147522,0.760405957698822,0.000000000000000
-107.591873168945312,128.437530517578125,100.000000000000000,0.649448037147522,0.760405957698822,0.000000000000000
-105.158576965332031,130.515762329101562,103.199996948242188,0.649448037147522,0.760405957698822,0.000000000000000
-107.591873168945312,128.437530517578125,87.199996948242188,0.649448037147522,0.760405957698822,0.000000000000000
-105.158576965332031,130.515762329101562,100.000000000000000,0.649448037147522,0.760405957698822,0.000000000000000
-105.158576965332031,130.515762329101562,96.800003051757812,0.649448037147522,0.760405957698822,0.000000000000000
-105.158576965332031,130.515762329101562,93.599998474121094,0.649448037147522,0.760405957698822,0.000000000000000
-102.725280761718750,132.593994140625000,100.000000000000000,0.649448037147522,0.760405957698822,0.000000000000000
-102.725280761718750,132.593994140625000,103.199996948242188,0.649448037147522,0.760405957698822,0.000000000000000
-100.291976928710938,134.672241210937500,103.199996948242188,0.649448037147522,0.760405957698822,0.000000000000000
-102.725280761718750,132.593994140625000,93.599998474121094,0.649448037147522,0.760405957698822,0.000000000000000
-100.291976928710938,134.672241210937500,100.000000000000000,0.649448037147522,0.760405957698822,0.000000000000000
-102.725280761718750,132.593994140625000,96.800003051757812,0.649448037147522,0.760405957698822,0.000000000000000
-100.291976928710938,134.672241210937500,93.599998474121094,0.649448037147522,0.760405957698822,0.000000000000000
-100.291976928710938,134.672241210937500,96.800003051757812,0.649448037147522,0.760405957698822,0.000000000000000
-105.158576965332031,130.515762329101562,84.000000000000000,0.649448037147522,0.760405957698822,0.000000000000000
-102.725280761718750,132.593994140625000,84.000000000000000,0.649448037147522,0.760405957698822,0.000000000000000
-102.725280761718750,132.593994140625000,80.800003051757812,0.649448037147522,0.760405957698822,0.000000000000000
-102.725280761718750,132.593994140625000,90.400001525878906,0.649448037147522,0.760405957698822,0.000000000000000
-102.725280761718750,132.593994140625000,87.199996948242188,0.649448037147522,0.760405957698822,0.000000000000000
-100.291976928710938,134.672241210937500,84.000000000000000,0.649448037147522,0.760405957698822,0.000000000000000
-100.291976928710938,134.672241210937500,80.800003051757812,0.649448037147522,0.760405957698822,0.000000000000000
-105.158576965332031,130.515762329101562,80.800003051757812,0.649448037147522,0.760405957698822,0.000000000000000
-107.591873168945312,128.437530517578125,80.800003051757812,0.649448037147522,0.760405957698822,0.000000000000000
-105.158576965332031,130.515762329101562,90.400001525878906,0.649448037147522,0.760405957698822,0.000000000000000
-100.291976928710938,134.672241210937500,87.199996948242188,0.649448037147522,0.760405957698822,0.000000000000000
-105.158576965332031,130.515762329101562,87.199996948242188,0.649448037147522,0.760405957698822,0.000000000000000
-107.591873168945312,128.437530517578125,84.000000000000000,0.649448037147522,0.760405957698822,0.000000000000000
-100.291976928710938,134.672241210937500,90.400001525878906,0.649448037147522,0.760405957698822,0.000000000000000
-100.291976928710938,134.672241210937500,67.199996948242188,0.649448037147522,0.760405957698822,0.000000000000000
-102.725280761718750,132.593994140625000,67.199996948242188,0.649448037147522,0.760405957698822,0.000000000000000
-107.591873168945312,128.437530517578125,70.400001525878906,0.649448037147522,0.760405957698822,0.000000000000000
-102.725280761718750,132.593994140625000,70.400001525878906,0.649448037147522,0.760405957698822,0.000000000000000
-107.591873168945312,128.437530517578125,67.199996948242188,0.649448037147522,0.760405957698822,0.000000000000000
-100.291976928710938,134.672241210937500,73.599998474121094,0.649448037147522,0.760405957698822,0.000000000000000
-105.158576965332031,130.515762329101562,73.599998474121094,0.649448037147522,0.760405957698822,0.000000000000000
-100.291976928710938,134.672241210937500,76.800003051757812,0.649448037147522,0.760405957698822,0.000000000000000
-102.725280761718750,132.593994140625000,73.599998474121094,0.649448037147522,0.760405957698822,0.000000000000000
-110.025177001953125,126.359298706054688,67.199996948242188,0.649448037147522,0.760405957698822,0.000000000000000
-100.291976928710938,134.672241210937500,70.400001525878906,0.649448037147522,0.760405957698822,0.000000000000000
-110.025177001953125,126.359298706054688,70.400001525878906,0.649448037147522,0.760405957698822,0.000000000000000
-105.158576965332031,130.515762329101562,67.199996948242188,0.649448037147522,0.760405957698822,0.000000000000000
-105.158576965332031,130.515762329101562,76.800003051757812,0.649448037147522,0.760405957698822,0.000000000000000
-105.158576965332031,130.515762329101562,70.400001525878906,0.649448037147522,0.760405957698822,0.000000000000000
-102.725280761718750,132.593994140625000,76.800003051757812,0.649448037147522,0.760405957698822,0.000000000000000
-100.291976928710938,134.672241210937500,64.000000000000000,0.649448037147522,0.760405957698822,0.000000000000000
-100.291976928710938,134.672241210937500,57.599998474121094,0.649448037147522,0.760405957698822,0.000000000000000
-100.291976928710938,134.672241210937500,60.799999237060547,0.649448037147522,0.760405957698822,0.000000000000000
-100.291976928710938,134.672241210937500,54.400001525878906,0.649448037147522,0.760405957698822,0.000000000000000
-102.725280761718750,132.593994140625000,60.799999237060547,0.649448037147522,0.760405957698822,0.000000000000000
-102.725280761718750,132.593994140625000,64.000000000000000,0.649448037147522,0.760405957698822,0.000000000000000
-102.725280761718750,132.593994140625000,57.599998474121094,0.649448037147522,0.760405957698822,0.000000000000000
-102.725280761718750,132.593994140625000,54.400001525878906,0.649448037147522,0.760405957698822,0.000000000000000
-105.158576965332031,130.515762329101562,64.000000000000000,0.649448037147522,0.760405957698822,0.000000000000000
-105.158576965332031,130.515762329101562,57.599998474121094,0.649448037147522,0.760405957698822,0.000000000000000
-105.158576965332031,130.515762329101562,60.799999237060547,0.649448037147522,0.760405957698822,0.000000000000000
-107.591873168945312,128.437530517578125,73.599998474121094,0.649448037147522,0.760405957698822,0.000000000000000
-105.158576965332031,130.515762329101562,54.400001525878906,0.649448037147522,0.760405957698822,0.000000000000000
-107.591873168945312,128.437530517578125,54.400001525878906,0.649448037147522,0.760405957698822,0.000000000000000
-107.591873168945312,128.437530517578125,57.599998474121094,0.649448037147522,0.760405957698822,0.000000000000000
-107.591873168945312,128.437530517578125,64.000000000000000,0.649448037147522,0.760405957698822,0.000000000000000
-107.591873168945312,128.437530517578125,60.799999237060547,0.649448037147522,0.760405957698822,0.000000000000000
-110.025177001953125,126.359298706054688,60.799999237060547,0.649448037147522,0.760405957698822,0.000000000000000
-110.025177001953125,126.359298706054688,57.599998474121094,0.649448037147522,0.760405957698822,0.000000000000000
-110.025177001953125,126.359298706054688,64.000000000000000,0.649448037147522,0.760405957698822,0.000000000000000
-110.025177001953125,126.359298706054688,54.400001525878906,0.649448037147522,0.760405957698822,0.000000000000000
-112.458473205566406,124.281066894531250,54.400001525878906,0.649448037147522,0.760405957698822,0.000000000000000
-107.591873168945312,128.437530517578125,76.800003051757812,0.649448037147522,0.760405957698822,0.000000000000000
-112.458473205566406,124.281066894531250,57.599998474121094,0.649448037147522,0.760405957698822,0.000000000000000
-114.891777038574219,122.202835083007812,54.400001525878906,0.649448037147522,0.760405957698822,0.000000000000000
-112.458473205566406,124.281066894531250,60.799999237060547,0.649448037147522,0.760405957698822,0.000000000000000
-114.891777038574219,122.202835083007812,57.599998474121094,0.649448037147522,0.760405957698822,0.000000000000000
-112.458473205566406,124.281066894531250,64.000000000000000,0.649448037147522,0.760405957698822,0.000000000000000
-117.325073242187500,120.124595642089844,54.400001525878906,0.649448037147522,0.760405957698822,0.000000000000000
-114.891777038574219,122.202835083007812,60.799999237060547,0.649448037147522,0.760405957698822,0.000000000000000
-117.325073242187500,120.124595642089844,57.599998474121094,0.649448037147522,0.760405957698822,0.000000000000000
-114.891777038574219,122.202835083007812,64.000000000000000,0.649448037147522,0.760405957698822,0.000000000000000
-117.325073242187500,120.124595642089844,60.799999237060547,0.649448037147522,0.760405957698822,0.000000000000000
-117.325073242187500,120.124595642089844,64.000000000000000,0.649448037147522,0.760405957698822,0.000000000000000
-112.458473205566406,124.281066894531250,76.800003051757812,0.649448037147522,0.760405957698822,0.000000000000000
-114.891777038574219,122.202835083007812,70.400001525878906,0.649448037147522,0.760405957698822,0.000000000000000
-114.891777038574219,122.202835083007812,76.800003051757812,0.649448037147522,0.760405957698822,0.000000000000000
-114.891777038574219,122.202835083007812,67.199996948242188,0.649448037147522,0.760405957698822,0.000000000000000
-114.891777038574219,122.202835083007812,73.599998474121094,0.649448037147522,0.760405957698822,0.000000000000000
-117.325073242187500,120.124595642089844,73.599998474121094,0.649448037147522,0.760405957698822,0.000000000000000
-117.325073242187500,120.124595642089844,76.800003051757812,0.649448037147522,0.760405957698822,0.000000000000000
-112.458473205566406,124.281066894531250,73.599998474121094,0.649448037147522,0.760405957698822,0.000000000000000
-110.025177001953125,126.359298706054688,73.599998474121094,0.649448037147522,0.760405957698822,0.000000000000000
-112.458473205566406,124.281066894531250,67.199996948242188,0.649448037147522,0.760405957698822,0.000000000000000
-117.325073242187500,120.124595642089844,70.400001525878906,0.649448037147522,0.760405957698822,0.000000000000000
-112.458473205566406,124.281066894531250,70.400001525878906,0.649448037147522,0.760405957698822,0.000000000000000
-110.025177001953125,126.359298706054688,76.800003051757812,0.649448037147522,0.760405957698822,0.000000000000000
-117.325073242187500,120.124595642089844,67.199996948242188,0.649448037147522,0.760405957698822,0.000000000000000
-117.325073242187500,120.124595642089844,37.599998474121094,0.649448037147522,0.760405957698822,0.000000000000000
-114.891777038574219,122.202835083007812,37.599998474121094,0.649448037147522,0.760405957698822,0.000000000000000
-112.458473205566406,124.281066894531250,28.000000000000000,0.649448037147522,0.760405957698822,0.000000000000000
-117.325073242187500,120.124595642089844,34.400001525878906,0.649448037147522,0.760405957698822,0.000000000000000
-110.025177001953125,126.359298706054688,34.400001525878906,0.649448037147522,0.760405957698822,0.000000000000000
-112.458473205566406,124.281066894531250,34.400001525878906,0.649448037147522,0.760405957698822,0.000000000000000
-110.025177001953125,126.359298706054688,37.599998474121094,0.649448037147522,0.760405957698822,0.000000000000000
-117.325073242187500,120.124595642089844,28.000000000000000,0.649448037147522,0.760405957698822,0.000000000000000
-114.891777038574219,122.202835083007812,31.200000762939453,0.649448037147522,0.760405957698822,0.000000000000000
-110.025177001953125,126.359298706054688,28.000000000000000,0.649448037147522,0.760405957698822,0.000000000000000
-114.891777038574219,122.202835083007812,34.400001525878906,0.649448037147522,0.760405957698822,0.000000000000000
-110.025177001953125,126.359298706054688,31.200000762939453,0.649448037147522,0.760405957698822,0.000000000000000
-112.458473205566406,124.281066894531250,37.599998474121094,0.649448037147522,0.760405957698822,0.000000000000000
-112.458473205566406,124.281066894531250,31.200000762939453,0.649448037147522,0.760405957698822,0.000000000000000
-117.325073242187500,120.124595642089844,31.200000762939453,0.649448037147522,0.760405957698822,0.000000000000000
-114.891777038574219,122.202835083007812,28.000000000000000,0.649448037147522,0.760405957698822,0.000000000000000
-117.325073242187500,120.124595642089844,40.799999237060547,0.649448037147522,0.760405957698822,0.000000000000000
-114.891777038574219,122.202835083007812,40.799999237060547,0.649448037147522,0.760405957698822,0.000000000000000
-117.325073242187500,120.124595642089844,44.000000000000000,0.649448037147522,0.760405957698822,0.000000000000000
-114.891777038574219,122.202835083007812,44.000000000000000,0.649448037147522,0.760405957698822,0.000000000000000
-117.325073242187500,120.124595642089844,50.400001525878906,0.649448037147522,0.760405957698822,0.000000000000000
-117.325073242187500,120.124595642089844,47.200000762939453,0.649448037147522,0.760405957698822,0.000000000000000
-114.891777038574219,122.202835083007812,50.400001525878906,0.649448037147522,0.760405957698822,0.000000000000000
-114.891777038574219,122.202835083007812,47.200000762939453,0.649448037147522,0.760405957698822,0.000000000000000
-112.458473205566406,124.281066894531250,40.799999237060547,0.649448037147522,0.760405957698822,0.000000000000000
-112.458473205566406,124.281066894531250,47.200000762939453,0.649448037147522,0.760405957698822,0.000000000000000
-112.458473205566406,124.281066894531250,44.000000000000000,0.649448037147522,0.760405957698822,0.000000000000000
-107.591873168945312,128.437530517578125,37.599998474121094,0.649448037147522,0.760405957698822,0.000000000000000
-112.458473205566406,124.281066894531250,50.400001525878906,0.649448037147522,0.760405957698822,0.000000000000000
-110.025177001953125,126.359298706054688,40.799999237060547,0.649448037147522,0.760405957698822,0.000000000000000
-110.025177001953125,126.359298706054688,50.400001525878906,0.649448037147522,0.760405957698822,0.000000000000000
-110.025177001953125,126.359298706054688,47.200000762939453,0.649448037147522,0.760405957698822,0.000000000000000
-110.025177001953125,126.359298706054688,44.000000000000000,0.649448037147522,0.760405957698822,0.000000000000000
-107.591873168945312,128.437530517578125,40.799999237060547,0.649448037147522,0.760405957698822,0.000000000000000
-107.591873168945312,128.437530517578125,44.000000000000000,0.649448037147522,0.760405957698822,0.000000000000000
-107.591873168945312,128.437530517578125,50.400001525878906,0.649448037147522,0.760405957698822,0.000000000000000
-107.591873168945312,128.437530517578125,47.200000762939453,0.649448037147522,0.760405957698822,0.000000000000000
-105.158576965332031,130.515762329101562,50.400001525878906,0.649448037147522,0.760405957698822,0.000000000000000
-107.591873168945312,128.437530517578125,34.400001525878906,0.649448037147522,0.760405957698822,0.000000000000000
-105.158576965332031,130.515762329101562,47.200000762939453,0.649448037147522,0.760405957698822,0.000000000000000
-105.158576965332031,130.515762329101562,44.000000000000000,0.649448037147522,0.760405957698822,0.000000000000000
-105.158576965332031,130.515762329101562,40.799999237060547,0.649448037147522,0.760405957698822,0.000000000000000
-102.725280761718750,132.593994140625000,47.200000762939453,0.649448037147522,0.760405957698822,0.000000000000000
-102.725280761718750,132.593994140625000,50.400001525878906,0.649448037147522,0.760405957698822,0.000000000000000
-100.291976928710938,134.672241210937500,50.400001525878906,0.649448037147522,0.760405957698822,0.000000000000000
-102.725280761718750,132.593994140625000,40.799999237060547,0.649448037147522,0.760405957698822,0.000000000000000
-100.291976928710938,134.672241210937500,47.200000762939453,0.649448037147522,0.760405957698822,0.000000000000000
-102.725280761718750,132.593994140625000,44.000000000000000,0.649448037147522,0.760405957698822,0.000000000000000
-100.291976928710938,134.672241210937500,40.799999237060547,0.649448037147522,0.760405957698822,0.000000000000000
-100.291976928710938,134.672241210937500,44.000000000000000,0.649448037147522,0.760405957698822,0.000000000000000
-105.158576965332031,130.515762329101562,31.200000762939453,0.649448037147522,0.760405957698822,0.000000000000000
-102.725280761718750,132.593994140625000,31.200000762939453,0.649448037147522,0.760405957698822,0.000000000000000
-102.725280761718750,132.593994140625000,28.000000000000000,0.649448037147522,0.760405957698822,0.000000000000000
-102.725280761718750,132.593994140625000,37.599998474121094,0.649448037147522,0.760405957698822,0.000000000000000
-102.725280761718750,132.593994140625000,34.400001525878906,0.649448037147522,0.760405957698822,0.000000000000000
-100.291976928710938,134.672241210937500,31.200000762939453,0.649448037147522,0.760405957698822,0.000000000000000
-100.291976928710938,134.672241210937500,28.000000000000000,0.649448037147522,0.760405957698822,0.000000000000000
-105.158576965332031,130.515762329101562,28.000000000000000,0.649448037147522,0.760405957698822,0.000000000000000
-107.591873168945312,128.437530517578125,28.000000000000000,0.649448037147522,0.760405957698822,0.000000000000000
-105.158576965332031,130.515762329101562,37.599998474121094,0.649448037147522,0.760405957698822,0.000000000000000
-100.291976928710938,134.672241210937500,34.400001525878906,0.649448037147522,0.760405957698822,0.000000000000000
-105.158576965332031,130.515762329101562,34.400001525878906,0.649448037147522,0.760405957698822,0.000000000000000
-107.591873168945312,128.437530517578125,31.200000762939453,0.649448037147522,0.760405957698822,0.000000000000000
-100.291976928710938,134.672241210937500,37.599998474121094,0.649448037147522,0.760405957698822,0.000000000000000
-100.291976928710938,134.672241210937500,14.399999618530273,0.649448037147522,0.760405957698822,0.000000000000000
-102.725280761718750,132.593994140625000,14.399999618530273,0.649448037147522,0.760405957698822,0.000000000000000
-107.591873168945312,128.437530517578125,17.600000381469727,0.649448037147522,0.760405957698822,0.000000000000000
-102.725280761718750,132.593994140625000,17.600000381469727,0.649448037147522,0.760405957698822,0.000000000000000
-107.591873168945312,128.437530517578125,14.399999618530273,0.649448037147522,0.760405957698822,0.000000000000000
-100.291976928710938,134.672241210937500,20.799999237060547,0.649448037147522,0.760405957698822,0.000000000000000
-105.158576965332031,130.515762329101562,20.799999237060547,0.649448037147522,0.760405957698822,0.000000000000000
-100.291976928710938,134.672241210937500,24.000000000000000,0.649448037147522,0.760405957698822,0.000000000000000
-102.725280761718750,132.593994140625000,20.799999237060547,0.649448037147522,0.760405957698822,0.000000000000000
-110.025177001953125,126.359298706054688,14.399999618530273,0.649448037147522,0.760405957698822,0.000000000000000
-100.291976928710938,134.672241210937500,17.600000381469727,0.649448037147522,0.760405957698822,0.000000000000000
-110.025177001953125,126.359298706054688,17.600000381469727,0.649448037147522,0.760405957698822,0.000000000000000
-105.158576965332031,130.515762329101562,14.399999618530273,0.649448037147522,0.760405957698822,0.000000000000000
-105.158576965332031,130.515762329101562,24.000000000000000,0.649448037147522,0.760405957698822,0.000000000000000
-105.158576965332031,130.515762329101562,17.600000381469727,0.649448037147522,0.760405957698822,0.000000000000000
-102.725280761718750,132.593994140625000,24.000000000000000,0.649448037147522,0.760405957698822,0.000000000000000
-100.291976928710938,134.672241210937500,11.199999809265137,0.649448037147522,0.760405957698822,0.000000000000000
-100.291976928710938,134.672241210937500,4.800000190734863,0.649448037147522,0.760405957698822,0.000000000000000
-100.291976928710938,134.672241210937500,8.000000000000000,0.649448037147522,0.760405957698822,0.000000000000000
-100.291976928710938,134.672241210937500,1.600000023841858,0.649448037147522,0.760405957698822,0.000000000000000
-102.725280761718750,132.593994140625000,8.000000000000000,0.649448037147522,0.760405957698822,0.000000000000000
-102.725280761718750,132.593994140625000,11.199999809265137,0.649448037147522,0.760405957698822,0.000000000000000
-102.725280761718750,132.593994140625000,4.800000190734863,0.649448037147522,0.760405957698822,0.000000000000000
-102.725280761718750,132.593994140625000,1.600000023841858,0.649448037147522,0.760405957698822,0.000000000000000
-105.158576965332031,130.515762329101562,11.199999809265137,0.649448037147522,0.760405957698822,0.000000000000000
-105.158576965332031,130.515762329101562,4.800000190734863,0.649448037147522,0.760405957698822,0.000000000000000
-105.158576965332031,130.515762329101562,8.000000000000000,0.649448037147522,0.760405957698822,0.000000000000000
-107.591873168945312,128.437530517578125,20.799999237060547,0.649448037147522,0.760405957698822,0.000000000000000
-105.158576965332031,130.515762329101562,1.600000023841858,0.649448037147522,0.760405957698822,0.000000000000000
-107.591873168945312,128.437530517578125,1.600000023841858,0.649448037147522,0.760405957698822,0.000000000000000
-107.591873168945312,128.437530517578125,4.800000190734863,0.649448037147522,0.760405957698822,0.000000000000000
-107.591873168945312,128.437530517578125,11.199999809265137,0.649448037147522,0.760405957698822,0.000000000000000
-107.591873168945312,128.437530517578125,8.000000000000000,0.649448037147522,0.760405957698822,0.000000000000000
-110.025177001953125,126.359298706054688,8.000000000000000,0.649448037147522,0.760405957698822,0.000000000000000
-110.025177001953125,126.359298706054688,4.800000190734863,0.649448037147522,0.760405957698822,0.000000000000000
-110.025177001953125,126.359298706054688,11.199999809265137,0.649448037147522,0.760405957698822,0.000000000000000
-110.025177001953125,126.359298706054688,1.600000023841858,0.649448037147522,0.760405957698822,0.000000000000000
-112.458473205566406,124.281066894531250,1.600000023841858,0.649448037147522,0.760405957698822,0.000000000000000
-107.591873168945312,128.437530517578125,24.000000000000000,0.649448037147522,0.760405957698822,0.000000000000000
-112.458473205566406,124.281066894531250,4.800000190734863,0.649448037147522,0.760405957698822,0.000000000000000
-114.891777038574219,122.202835083007812,1.600000023841858,0.649448037147522,0.760405957698822,0.000000000000000
-112.458473205566406,124.281066894531250,8.000000000000000,0.649448037147522,0.760405957698822,0.000000000000000
-114.891777038574219,122.202835083007812,4.800000190734863,0.649448037147522,0.760405957698822,0.000000000000000
-112.458473205566406,124.281066894531250,11.199999809265137,0.649448037147522,0.760405957698822,0.000000000000000
-117.325073242187500,120.124595642089844,1.600000023841858,0.649448037147522,0.760405957698822,0.000000000000000
-114.891777038574219,122.202835083007812,8.000000000000000,0.649448037147522,0.760405957698822,0.000000000000000
-117.325073242187500,120.124595642089844,4.800000190734863,0.649448037147522,0.760405957698822,0.000000000000000
-114.891777038574219,122.202835083007812,11.199999809265137,0.649448037147522,0.760405957698822,0.000000000000000
-117.325073242187500,120.124595642089844,8.000000000000000,0.649448037147522,0.760405957698822,0.000000000000000
-117.325073242187500,120.124595642089844,11.199999809265137,0.649448037147522,0.760405957698822,0.000000000000000
-112.458473205566406,124.281066894531250,24.000000000000000,0.649448037147522,0.760405957698822,0.000000000000000
-114.891777038574219,122.202835083007812,17.600000381469727,0.649448037147522,0.760405957698822,0.000000000000000
-114.891777038574219,122.202835083007812,24.000000000000000,0.649448037147522,0.760405957698822,0.000000000000000
-114.891777038574219,122.202835083007812,14.399999618530273,0.649448037147522,0.760405957698822,0.000000000000000
-114.891777038574219,122.202835083007812,20.799999237060547,0.649448037147522,0.760405957698822,0.000000000000000
-117.325073242187500,120.124595642089844,20.799999237060547,0.649448037147522,0.760405957698822,0.000000000000000
-117.325073242187500,120.124595642089844,24.000000000000000,0.649448037147522,0.760405957698822,0.000000000000000
-112.458473205566406,124.281066894531250,20.799999237060547,0.649448037147522,0.760405957698822,0.000000000000000
-110.025177001953125,126.359298706054688,20.799999237060547,0.649448037147522,0.760405957698822,0.000000000000000
-112.458473205566406,124.281066894531250,14.399999618530273,0.649448037147522,0.760405957698822,0.000000000000000
-117.325073242187500,120.124595642089844,17.600000381469727,0.649448037147522,0.760405957698822,0.000000000000000
-112.458473205566406,124.281066894531250,17.600000381469727,0.649448037147522,0.760405957698822,0.000000000000000
-110.025177001953125,126.359298706054688,24.000000000000000,0.649448037147522,0.760405957698822,0.000000000000000
-117.325073242187500,120.124595642089844,14.399999618530273,0.649448037147522,0.760405957698822,0.000000000000000
-134.672225952148438,100.291976928710938,37.599998474121094,0.760405957698822,0.649448037147522,0.000000000000000
-132.593994140625000,102.725280761718750,37.599998474121094,0.760405957698822,0.649448037147522,0.000000000000000
-130.515762329101562,105.158576965332031,28.000000000000000,0.760405957698822,0.649448037147522,0.000000000000000
-134.672225952148438,100.291976928710938,34.400001525878906,0.760405957698822,0.649448037147522,0.000000000000000
-128.437530517578125,107.591873168945312,34.400001525878906,0.760405957698822,0.649448037147522,0.000000000000000
-130.515762329101562,105.158576965332031,34.400001525878906,0.760405957698822,0.649448037147522,0.000000000000000
-128.437530517578125,107.591873168945312,37.599998474121094,0.760405957698822,0.649448037147522,0.000000000000000
-134.672225952148438,100.291976928710938,28.000000000000000,0.760405957698822,0.649448037147522,0.000000000000000
-132.593994140625000,102.725280761718750,31.200000762939453,0.760405957698822,0.649448037147522,0.000000000000000
-128.437530517578125,107.591873168945312,28.000000000000000,0.760405957698822,0.649448037147522,0.000000000000000
-132.593994140625000,102.725280761718750,34.400001525878906,0.760405957698822,0.649448037147522,0.000000000000000
-128.437530517578125,107.591873168945312,31.200000762939453,0.760405957698822,0.649448037147522,0.000000000000000
-130.515762329101562,105.158576965332031,37.599998474121094,0.760405957698822,0.649448037147522,0.000000000000000
-130.515762329101562,105.158576965332031,31.200000762939453,0.760405957698822,0.649448037147522,0.000000000000000
-134.672225952148438,100.291976928710938,31.200000762939453,0.760405957698822,0.649448037147522,0.000000000000000
-132.593994140625000,102.725280761718750,28.000000000000000,0.760405957698822,0.649448037147522,0.000000000000000
-134.672225952148438,100.291976928710938,40.799999237060547,0.760405957698822,0.649448037147522,0.000000000000000
-132.593994140625000,102.725280761718750,40.799999237060547,0.760405957698822,0.649448037147522,0.000000000000000
-134.672225952148438,100.291976928710938,44.000000000000000,0.760405957698822,0.649448037147522,0.000000000000000
-132.593994140625000,102.725280761718750,44.000000000000000,0.760405957698822,0.649448037147522,0.000000000000000
-134.672225952148438,100.291976928710938,50.400001525878906,0.760405957698822,0.649448037147522,0.000000000000000
-134.672225952148438,100.291976928710938,47.200000762939453,0.760405957698822,0.649448037147522,0.000000000000000
-132.593994140625000,102.725280761718750,50.400001525878906,0.760405957698822,0.649448037147522,0.000000000000000
-132.593994140625000,102.725280761718750,47.200000762939453,0.760405957698822,0.649448037147522,0.000000000000000
-130.515762329101562,105.158576965332031,40.799999237060547,0.760405957698822,0.649448037147522,0.000000000000000
-130.515762329101562,105.158576965332031,47.200000762939453,0.760405957698822,0.649448037147522,0.000000000000000
-130.515762329101562,105.158576965332031,44.000000000000000,0.760405957698822,0.649448037147522,0.000000000000000
-126.359298706054688,110.025177001953125,37.599998474121094,0.760405957698822,0.649448037147522,0.000000000000000
-130.515762329101562,105.158576965332031,50.400001525878906,0.760405957698822,0.649448037147522,0.000000000000000
-128.437530517578125,107.591873168945312,40.799999237060547,0.760405957698822,0.649448037147522,0.000000000000000
-128.437530517578125,107.591873168945312,50.400001525878906,0.760405957698822,0.649448037147522,0.000000000000000
-128.437530517578125,107.591873168945312,47.200000762939453,0.760405957698822,0.649448037147522,0.000000000000000
-128.437530517578125,107.591873168945312,44.000000000000000,0.760405957698822,0.649448037147522,0.000000000000000
-126.359298706054688,110.025177001953125,40.799999237060547,0.760405957698822,0.649448037147522,0.000000000000000
-126.359298706054688,110.025177001953125,44.000000000000000,0.760405957698822,0.649448037147522,0.000000000000000
-126.359298706054688,110.025177001953125,50.400001525878906,0.760405957698822,0.649448037147522,0.000000000000000
-126.359298706054688,110.025177001953125,47.200000762939453,0.760405957698822,0.649448037147522,0.000000000000000
-124.281066894531250,112.458473205566406,50.400001525878906,0.760405957698822,0.649448037147522,0.000000000000000
-126.359298706054688,110.025177001953125,34.400001525878906,0.760405957698822,0.649448037147522,0.000000000000000
-124.281066894531250,112.458473205566406,47.200000762939453,0.760405957698822,0.649448037147522,0.000000000000000
-124.281066894531250,112.458473205566406,44.000000000000000,0.760405957698822,0.649448037147522,0.000000000000000
-124.281066894531250,112.458473205566406,40.799999237060547,0.760405957698822,0.649448037147522,0.000000000000000
-122.202827453613281,114.891777038574219,47.200000762939453,0.760405957698822,0.649448037147522,0.000000000000000
-122.202827453613281,114.891777038574219,50.400001525878906,0.760405957698822,0.649448037147522,0.000000000000000
-120.124595642089844,117.325073242187500,50.400001525878906,0.760405957698822,0.649448037147522,0.000000000000000
-122.202827453613281,114.891777038574219,40.799999237060547,0.760405957698822,0.649448037147522,0.000000000000000
-120.124595642089844,117.325073242187500,47.200000762939453,0.760405957698822,0.649448037147522,0.000000000000000
-122.202827453613281,114.891777038574219,44.000000000000000,0.760405957698822,0.649448037147522,0.000000000000000
-120.124595642089844,117.325073242187500,40.799999237060547,0.760405957698822,0.649448037147522,0.000000000000000
-120.124595642089844,117.325073242187500,44.000000000000000,0.760405957698822,0.649448037147522,0.000000000000000
-124.281066894531250,112.458473205566406,31.200000762939453,0.760405957698822,0.649448037147522,0.000000000000000
-122.202827453613281,114.891777038574219,31.200000762939453,0.760405957698822,0.649448037147522,0.000000000000000
-122.202827453613281,114.891777038574219,28.000000000000000,0.760405957698822,0.649448037147522,0.000000000000000
-122.202827453613281,114.891777038574219,37.599998474121094,0.760405957698822,0.649448037147522,0.000000000000000
-122.202827453613281,114.891777038574219,34.400001525878906,0.760405957698822,0.649448037147522,0.000000000000000
-120.124595642089844,117.325073242187500,31.200000762939453,0.760405957698822,0.649448037147522,0.000000000000000
-120.124595642089844,117.325073242187500,28.000000000000000,0.760405957698822,0.649448037147522,0.000000000000000
-124.281066894531250,112.458473205566406,28.000000000000000,0.760405957698822,0.649448037147522,0.000000000000000
-126.359298706054688,110.025177001953125,28.000000000000000,0.760405957698822,0.649448037147522,0.000000000000000
-124.281066894531250,112.458473205566406,37.599998474121094,0.760405957698822,0.649448037147522,0.000000000000000
-120.124595642089844,117.325073242187500,34.400001525878906,0.760405957698822,0.649448037147522,0.000000000000000
-124.281066894531250,112.458473205566406,34.400001525878906,0.760405957698822,0.649448037147522,0.000000000000000
-126.359298706054688,110.025177001953125,31.200000762939453,0.760405957698822,0.649448037147522,0.000000000000000
-120.124595642089844,117.325073242187500,37.599998474121094,0.760405957698822,0.649448037147522,0.000000000000000
-120.124595642089844,117.325073242187500,14.399999618530273,0.760405957698822,0.649448037147522,0.000000000000000
-122.202827453613281,114.891777038574219,14.399999618530273,0.760405957698822,0.649448037147522,0.000000000000000
-126.359298706054688,110.025177001953125,17.600000381469727,0.760405957698822,0.649448037147522,0.000000000000000
-122.202827453613281,114.891777038574219,17.600000381469727,0.760405957698822,0.649448037147522,0.000000000000000
-126.359298706054688,110.025177001953125,14.399999618530273,0.760405957698822,0.649448037147522,0.000000000000000
-120.124595642089844,117.325073242187500,20.799999237060547,0.760405957698822,0.649448037147522,0.000000000000000
-124.281066894531250,112.458473205566406,20.799999237060547,0.760405957698822,0.649448037147522,0.000000000000000
-120.124595642089844,117.325073242187500,24.000000000000000,0.760405957698822,0.649448037147522,0.000000000000000
-122.202827453613281,114.891777038574219,20.799999237060547,0.760405957698822,0.649448037147522,0.000000000000000
-128.437530517578125,107.591873168945312,14.399999618530273,0.760405957698822,0.649448037147522,0.000000000000000
-120.124595642089844,117.325073242187500,17.600000381469727,0.760405957698822,0.649448037147522,0.000000000000000
-128.437530517578125,107.591873168945312,17.600000381469727,0.760405957698822,0.649448037147522,0.000000000000000
-124.281066894531250,112.458473205566406,14.399999618530273,0.760405957698822,0.649448037147522,0.000000000000000
-124.281066894531250,112.458473205566406,24.000000000000000,0.760405957698822,0.649448037147522,0.000000000000000
-124.281066894531250,112.458473205566406,17.600000381469727,0.760405957698822,0.649448037147522,0.000000000000000
-122.202827453613281,114.891777038574219,24.000000000000000,0.760405957698822,0.649448037147522,0.000000000000000
-120.124595642089844,117.325073242187500,11.199999809265137,0.760405957698822,0.649448037147522,0.000000000000000
-120.124595642089844,117.325073242187500,4.800000190734863,0.760405957698822,0.649448037147522,0.000000000000000
-120.124595642089844,117.325073242187500,8.000000000000000,0.760405957698822,0.649448037147522,0.000000000000000
-120.124595642089844,117.325073242187500,1.600000023841858,0.760405957698822,0.649448037147522,0.000000000000000
-122.202827453613281,114.891777038574219,8.000000000000000,0.760405957698822,0.649448037147522,0.000000000000000
-122.202827453613281,114.891777038574219,11.199999809265137,0.760405957698822,0.649448037147522,0.000000000000000
-122.202827453613281,114.891777038574219,4.800000190734863,0.760405957698822,0.649448037147522,0.000000000000000
-122.202827453613281,114.891777038574219,1.600000023841858,0.760405957698822,0.649448037147522,0.000000000000000
-124.281066894531250,112.458473205566406,11.199999809265137,0.760405957698822,0.649448037147522,0.000000000000000
-124.281066894531250,112.458473205566406,4.800000190734863,0.760405957698822,0.649448037147522,0.000000000000000
-124.281066894531250,112.458473205566406,8.000000000000000,0.760405957698822,0.649448037147522,0.000000000000000
-126.359298706054688,110.025177001953125,20.799999237060547,0.760405957698822,0.649448037147522,0.000000000000000
-124.281066894531250,112.458473205566406,1.600000023841858,0.760405957698822,0.649448037147522,0.000000000000000
-126.359298706054688,110.025177001953125,1.600000023841858,0.760405957698822,0.649448037147522,0.000000000000000
-126.359298706054688,110.025177001953125,4.800000190734863,0.760405957698822,0.649448037147522,0.000000000000000
-126.359298706054688,110.025177001953125,11.199999809265137,0.760405957698822,0.649448037147522,0.000000000000000
-126.359298706054688,110.025177001953125,8.000000000000000,0.760405957698822,0.649448037147522,0.000000000000000
-128.437530517578125,107.591873168945312,8.000000000000000,0.760405957698822,0.649448037147522,0.000000000000000
-128.437530517578125,107.591873168945312,4.800000190734863,0.760405957698822,0.649448037147522,0.000000000000000
-128.437530517578125,107.591873168945312,11.199999809265137,0.760405957698822,0.649448037147522,0.000000000000000
-128.437530517578125,107.591873168945312,1.600000023841858,0.760405957698822,0.649448037147522,0.000000000000000
-130.515762329101562,105.158576965332031,1.600000023841858,0.760405957698822,0.649448037147522,0.000000000000000
-126.359298706054688,110.025177001953125,24.000000000000000,0.760405957698822,0.649448037147522,0.000000000000000
-130.515762329101562,105.158576965332031,4.800000190734863,0.760405957698822,0.649448037147522,0.000000000000000
-132.593994140625000,102.725280761718750,1.600000023841858,0.760405957698822,0.649448037147522,0.000000000000000
-130.515762329101562,105.158576965332031,8.000000000000000,0.760405957698822,0.649448037147522,0.000000000000000
-132.593994140625000,102.725280761718750,4.800000190734863,0.760405957698822,0.649448037147522,0.000000000000000
-130.515762329101562,105.158576965332031,11.199999809265137,0.760405957698822,0.649448037147522,0.000000000000000
-134.672225952148438,100.291976928710938,1.600000023841858,0.760405957698822,0.649448037147522,0.000000000000000
-132.593994140625000,102.725280761718750,8.000000000000000,0.760405957698822,0.649448037147522,0.000000000000000
-134.672225952148438,100.291976928710938,4.800000190734863,0.760405957698822,0.649448037147522,0.000000000000000
-132.593994140625000,102.725280761718750,11.199999809265137,0.760405957698822,0.649448037147522,0.000000000000000
-134.672225952148438,100.291976928710938,8.000000000000000,0.760405957698822,0.649448037147522,0.000000000000000
-134.672225952148438,100.291976928710938,11.199999809265137,0.760405957698822,0.649448037147522,0.000000000000000
-130.515762329101562,105.158576965332031,24.000000000000000,0.760405957698822,0.649448037147522,0.000000000000000
-132.593994140625000,102.725280761718750,17.600000381469727,0.760405957698822,0.649448037147522,0.000000000000000
-132.593994140625000,102.725280761718750,24.000000000000000,0.760405957698822,0.649448037147522,0.000000000000000
-132.593994140625000,102.725280761718750,14.399999618530273,0.760405957698822,0.649448037147522,0.000000000000000
-132.593994140625000,102.725280761718750,20.799999237060547,0.760405957698822,0.649448037147522,0.000000000000000
-134.672225952148438,100.291976928710938,20.799999237060547,0.760405957698822,0.649448037147522,0.000000000000000
-134.672225952148438,100.291976928710938,24.000000000000000,0.760405957698822,0.649448037147522,0.000000000000000
-130.515762329101562,105.158576965332031,20.799999237060547,0.760405957698822,0.649448037147522,0.000000000000000
-128.437530517578125,107.591873168945312,20.799999237060547,0.760405957698822,0.649448037147522,0.000000000000000
-130.515762329101562,105.158576965332031,14.399999618530273,0.760405957698822,0.649448037147522,0.000000000000000
-134.672225952148438,100.291976928710938,17.600000381469727,0.760405957698822,0.649448037147522,0.000000000000000
-130.515762329101562,105.158576965332031,17.600000381469727,0.760405957698822,0.649448037147522,0.000000000000000
-128.437530517578125,107.591873168945312,24.000000000000000,0.760405957698822,0.649448037147522,0.000000000000000
-134.672225952148438,100.291976928710938,14.399999618530273,0.760405957698822,0.649448037147522,0.000000000000000
-148.703323364257812,77.989837646484375,37.599998474121094,0.852640151977539,0.522498548030853,0.000000000000000
-147.031326293945312,80.718292236328125,37.599998474121094,0.852640151977539,0.522498548030853,0.000000000000000
-145.359329223632812,83.446739196777344,28.000000000000000,0.852640151977539,0.522498548030853,0.000000000000000
-148.703323364257812,77.989837646484375,34.400001525878906,0.852640151977539,0.522498548030853,0.000000000000000
-143.687332153320312,86.175186157226562,34.400001525878906,0.852640151977539,0.522498548030853,0.000000000000000
-145.359329223632812,83.446739196777344,34.400001525878906,0.852640151977539,0.522498548030853,0.000000000000000
-143.687332153320312,86.175186157226562,37.599998474121094,0.852640151977539,0.522498548030853,0.000000000000000
-148.703323364257812,77.989837646484375,28.000000000000000,0.852640151977539,0.522498548030853,0.000000000000000
-147.031326293945312,80.718292236328125,31.200000762939453,0.852640151977539,0.522498548030853,0.000000000000000
-143.687332153320312,86.175186157226562,28.000000000000000,0.852640151977539,0.522498548030853,0.000000000000000
-147.031326293945312,80.718292236328125,34.400001525878906,0.852640151977539,0.522498548030853,0.000000000000000
-143.687332153320312,86.175186157226562,31.200000762939453,0.852640151977539,0.522498548030853,0.000000000000000
-145.359329223632812,83.446739196777344,37.599998474121094,0.852640151977539,0.522498548030853,0.000000000000000
-145.359329223632812,83.446739196777344,31.200000762939453,0.852640151977539,0.522498548030853,0.000000000000000
-148.703323364257812,77.989837646484375,31.200000762939453,0.852640151977539,0.522498548030853,0.000000000000000
-147.031326293945312,80.718292236328125,28.000000000000000,0.852640151977539,0.522498548030853,0.000000000000000
-148.703323364257812,77.989837646484375,40.799999237060547,0.852640151977539,0.522498548030853,0.000000000000000
-147.031326293945312,80.718292236328125,40.799999237060547,0.852640151977539,0.522498548030853,0.000000000000000
-148.703323364257812,77.989837646484375,44.000000000000000,0.852640151977539,0.522498548030853,0.000000000000000
-147.031326293945312,80.718292236328125,44.000000000000000,0.852640151977539,0.522498548030853,0.000000000000000
-148.703323364257812,77.989837646484375,50.400001525878906,0.852640151977539,0.522498548030853,0.000000000000000
-148.703323364257812,77.989837646484375,47.200000762939453,0.852640151977539,0.522498548030853,0.000000000000000
-147.031326293945312,80.718292236328125,50.400001525878906,0.852640151977539,0.522498548030853,0.000000000000000
-147.031326293945312,80.718292236328125,47.200000762939453,0.852640151977539,0.522498548030853,0.000000000000000
-145.359329223632812,83.446739196777344,40.799999237060547,0.852640151977539,0.522498548030853,0.000000000000000
-145.359329223632812,83.446739196777344,47.200000762939453,0.852640151977539,0.522498548030853,0.000000000000000
-145.359329223632812,83.446739196777344,44.000000000000000,0.852640151977539,0.522498548030853,0.000000000000000
-142.015335083007812,88.903633117675781,37.599998474121094,0.852640151977539,0.522498548030853,0.000000000000000
-145.359329223632812,83.446739196777344,50.400001525878906,0.852640151977539,0.522498548030853,0.000000000000000
-143.687332153320312,86.175186157226562,40.799999237060547,0.852640151977539,0.522498548030853,0.000000000000000
-143.687332153320312,86.175186157226562,50.400001525878906,0.852640151977539,0.522498548030853,0.000000000000000
-143.687332153320312,86.175186157226562,47.200000762939453,0.852640151977539,0.522498548030853,0.000000000000000
-143.687332153320312,86.175186157226562,44.000000000000000,0.852640151977539,0.522498548030853,0.000000000000000
-142.015335083007812,88.903633117675781,40.799999237060547,0.852640151977539,0.522498548030853,0.000000000000000
-142.015335083007812,88.903633117675781,44.000000000000000,0.852640151977539,0.522498548030853,0.000000000000000
-142.015335083007812,88.903633117675781,50.400001525878906,0.852640151977539,0.522498548030853,0.000000000000000
-142.015335083007812,88.903633117675781,47.200000762939453,0.852640151977539,0.522498548030853,0.000000000000000
-140.343338012695312,91.632080078125000,50.400001525878906,0.852640151977539,0.522498548030853,0.000000000000000
-142.015335083007812,88.903633117675781,34.400001525878906,0.852640151977539,0.522498548030853,0.000000000000000
-140.343338012695312,91.632080078125000,47.200000762939453,0.852640151977539,0.522498548030853,0.000000000000000
-140.343338012695312,91.632080078125000,44.000000000000000,0.852640151977539,0.522498548030853,0.000000000000000
-140.343338012695312,91.632080078125000,40.799999237060547,0.852640151977539,0.522498548030853,0.000000000000000
-138.671340942382812,94.360534667968750,47.200000762939453,0.852640151977539,0.522498548030853,0.000000000000000
-138.671340942382812,94.360534667968750,50.400001525878906,0.852640151977539,0.522498548030853,0.000000000000000
-136.999343872070312,97.088981628417969,50.400001525878906,0.852640151977539,0.522498548030853,0.000000000000000
-138.671340942382812,94.360534667968750,40.799999237060547,0.852640151977539,0.522498548030853,0.000000000000000
-136.999343872070312,97.088981628417969,47.200000762939453,0.852640151977539,0.522498548030853,0.000000000000000
-138.671340942382812,94.360534667968750,44.000000000000000,0.852640151977539,0.522498548030853,0.000000000000000
-136.999343872070312,97.088981628417969,40.799999237060547,0.852640151977539,0.522498548030853,0.000000000000000
-136.999343872070312,97.088981628417969,44.000000000000000,0.852640151977539,0.522498548030853,0.000000000000000
-140.343338012695312,91.632080078125000,31.200000762939453,0.852640151977539,0.522498548030853,0.000000000000000
-138.671340942382812,94.360534667968750,31.200000762939453,0.852640151977539,0.522498548030853,0.000000000000000
-138.671340942382812,94.360534667968750,28.000000000000000,0.852640151977539,0.522498548030853,0.000000000000000
-138.671340942382812,94.360534667968750,37.599998474121094,0.852640151977539,0.522498548030853,0.000000000000000
-138.671340942382812,94.360534667968750,34.400001525878906,0.852640151977539,0.522498548030853,0.000000000000000
-136.999343872070312,97.088981628417969,31.200000762939453,0.852640151977539,0.522498548030853,0.000000000000000
-136.999343872070312,97.088981628417969,28.000000000000000,0.852640151977539,0.522498548030853,0.000000000000000
-140.343338012695312,91.632080078125000,28.000000000000000,0.852640151977539,0.522498548030853,0.000000000000000
-142.015335083007812,88.903633117675781,28.000000000000000,0.852640151977539,0.522498548030853,0.000000000000000
-140.343338012695312,91.632080078125000,37.599998474121094,0.852640151977539,0.522498548030853,0.000000000000000
-136.999343872070312,97.088981628417969,34.400001525878906,0.852640151977539,0.522498548030853,0.000000000000000
-140.343338012695312,91.632080078125000,34.400001525878906,0.852640151977539,0.522498548030853,0.000000000000000
-142.015335083007812,88.903633117675781,31.200000762939453,0.852640151977539,0.522498548030853,0.000000000000000
-136.999343872070312,97.088981628417969,37.599998474121094,0.852640151977539,0.522498548030853,0.000000000000000
-136.999343872070312,97.088981628417969,14.399999618530273,0.852640151977539,0.522498548030853,0.000000000000000
-138.671340942382812,94.360534667968750,14.399999618530273,0.852640151977539,0.522498548030853,0.000000000000000
-142.015335083007812,88.903633117675781,17.600000381469727,0.852640151977539,0.522498548030853,0.000000000000000
-138.671340942382812,94.360534667968750,17.600000381469727,0.852640151977539,0.522498548030853,0.000000000000000
-142.015335083007812,88.903633117675781,14.399999618530273,0.852640151977539,0.522498548030853,0.000000000000000
-136.999343872070312,97.088981628417969,20.799999237060547,0.852640151977539,0.522498548030853,0.000000000000000
-140.343338012695312,91.632080078125000,20.799999237060547,0.852640151977539,0.522498548030853,0.000000000000000
-136.999343872070312,97.088981628417969,24.000000000000000,0.852640151977539,0.522498548030853,0.000000000000000
-138.671340942382812,94.360534667968750,20.799999237060547,0.852640151977539,0.522498548030853,0.000000000000000
-143.687332153320312,86.175186157226562,14.399999618530273,0.852640151977539,0.522498548030853,0.000000000000000
-136.999343872070312,97.088981628417969,17.600000381469727,0.852640151977539,0.522498548030853,0.000000000000000
-143.687332153320312,86.175186157226562,17.600000381469727,0.852640151977539,0.522498548030853,0.000000000000000
-140.343338012695312,91.632080078125000,14.399999618530273,0.852640151977539,0.522498548030853,0.000000000000000
-140.343338012695312,91.632080078125000,24.000000000000000,0.852640151977539,0.522498548030853,0.000000000000000
-140.343338012695312,91.632080078125000,17.600000381469727,0.852640151977539,0.522498548030853,0.000000000000000
-138.671340942382812,94.360534667968750,24.000000000000000,0.852640151977539,0.522498548030853,0.000000000000000
-136.999343872070312,97.088981628417969,11.199999809265137,0.852640151977539,0.522498548030853,0.000000000000000
-136.999343872070312,97.088981628417969,4.800000190734863,0.852640151977539,0.522498548030853,0.000000000000000
-136.999343872070312,97.088981628417969,8.000000000000000,0.852640151977539,0.522498548030853,0.000000000000000
-136.999343872070312,97.088981628417969,1.600000023841858,0.852640151977539,0.522498548030853,0.000000000000000
-138.671340942382812,94.360534667968750,8.000000000000000,0.852640151977539,0.522498548030853,0.000000000000000
-138.671340942382812,94.360534667968750,11.199999809265137,0.852640151977539,0.522498548030853,0.000000000000000
-138.671340942382812,94.360534667968750,4.800000190734863,0.852640151977539,0.522498548030853,0.000000000000000
-138.671340942382812,94.360534667968750,1.600000023841858,0.852640151977539,0.522498548030853,0.000000000000000
-140.343338012695312,91.632080078125000,11.199999809265137,0.852640151977539,0.522498548030853,0.000000000000000
-140.343338012695312,91.632080078125000,4.800000190734863,0.852640151977539,0.522498548030853,0.000000000000000
-140.343338012695312,91.632080078125000,8.000000000000000,0.852640151977539,0.522498548030853,0.000000000000000
-142.015335083007812,88.903633117675781,20.799999237060547,0.852640151977539,0.522498548030853,0.000000000000000
-140.343338012695312,91.632080078125000,1.600000023841858,0.852640151977539,0.522498548030853,0.000000000000000
-142.015335083007812,88.903633117675781,1.600000023841858,0.852640151977539,0.522498548030853,0.000000000000000
-142.015335083007812,88.903633117675781,4.800000190734863,0.852640151977539,0.522498548030853,0.000000000000000
-142.015335083007812,88.903633117675781,11.199999809265137,0.852640151977539,0.522498548030853,0.000000000000000
-142.015335083007812,88.903633117675781,8.000000000000000,0.852640151977539,0.522498548030853,0.000000000000000
-143.687332153320312,86.175186157226562,8.000000000000000,0.852640151977539,0.522498548030853,0.000000000000000
-143.687332153320312,86.175186157226562,4.800000190734863,0.852640151977539,0.522498548030853,0.000000000000000
-143.687332153320312,86.175186157226562,11.199999809265137,0.852640151977539,0.522498548030853,0.000000000000000
-143.687332153320312,86.175186157226562,1.600000023841858,0.852640151977539,0.522498548030853,0.000000000000000
-145.359329223632812,83.446739196777344,1.600000023841858,0.852640151977539,0.522498548030853,0.000000000000000
-142.015335083007812,88.903633117675781,24.000000000000000,0.852640151977539,0.522498548030853,0.000000000000000
-145.359329223632812,83.446739196777344,4.800000190734863,0.852640151977539,0.522498548030853,0.000000000000000
-147.031326293945312,80.718292236328125,1.600000023841858,0.852640151977539,0.522498548030853,0.000000000000000
-145.359329223632812,83.446739196777344,8.000000000000000,0.852640151977539,0.522498548030853,0.000000000000000
-147.031326293945312,80.718292236328125,4.800000190734863,0.852640151977539,0.522498548030853,0.000000000000000
-145.359329223632812,83.446739196777344,11.199999809265137,0.852640151977539,0.522498548030853,0.000000000000000
-148.703323364257812,77.989837646484375,1.600000023841858,0.852640151977539,0.522498548030853,0.000000000000000
-147.031326293945312,80.718292236328125,8.000000000000000,0.852640151977539,0.522498548030853,0.000000000000000
-148.703323364257812,77.989837646484375,4.800000190734863,0.852640151977539,0.522498548030853,0.000000000000000
-147.031326293945312,80.718292236328125,11.199999809265137,0.852640151977539,0.522498548030853,0.000000000000000
-148.703323364257812,77.989837646484375,8.000000000000000,0.852640151977539,0.522498548030853,0.000000000000000
-148.703323364257812,77.989837646484375,11.199999809265137,0.852640151977539,0.522498548030853,0.000000000000000
-145.359329223632812,83.446739196777344,24.000000000000000,0.852640151977539,0.522498548030853,0.000000000000000
-147.031326293945312,80.718292236328125,17.600000381469727,0.852640151977539,0.522498548030853,0.000000000000000
-147.031326293945312,80.718292236328125,24.000000000000000,0.852640151977539,0.522498548030853,0.000000000000000
-147.031326293945312,80.718292236328125,14.399999618530273,0.852640151977539,0.522498548030853,0.000000000000000
-147.031326293945312,80.718292236328125,20.799999237060547,0.852640151977539,0.522498548030853,0.000000000000000
-148.703323364257812,77.989837646484375,20.799999237060547,0.852640151977539,0.522498548030853,0.000000000000000
-148.703323364257812,77.989837646484375,24.000000000000000,0.852640151977539,0.522498548030853,0.000000000000000
-145.359329223632812,83.446739196777344,20.799999237060547,0.852640151977539,0.522498548030853,0.000000000000000
-143.687332153320312,86.175186157226562,20.799999237060547,0.852640151977539,0.522498548030853,0.000000000000000
-145.359329223632812,83.446739196777344,14.399999618530273,0.852640151977539,0.522498548030853,0.000000000000000
-148.703323364257812,77.989837646484375,17.600000381469727,0.852640151977539,0.522498548030853,0.000000000000000
-145.359329223632812,83.446739196777344,17.600000381469727,0.852640151977539,0.522498548030853,0.000000000000000
-143.687332153320312,86.175186157226562,24.000000000000000,0.852640151977539,0.522498548030853,0.000000000000000
-148.703323364257812,77.989837646484375,14.399999618530273,0.852640151977539,0.522498548030853,0.000000000000000
-159.072830200195312,53.767330169677734,37.599998474121094,0.923879504203796,0.382683426141739,0.000000000000000
-157.848251342773438,56.723747253417969,37.599998474121094,0.923879504203796,0.382683426141739,0.000000000000000
-156.623657226562500,59.680160522460938,28.000000000000000,0.923879504203796,0.382683426141739,0.000000000000000
-159.072830200195312,53.767330169677734,34.400001525878906,0.923879504203796,0.382683426141739,0.000000000000000
-155.399063110351562,62.636573791503906,34.400001525878906,0.923879504203796,0.382683426141739,0.000000000000000
-156.623657226562500,59.680160522460938,34.400001525878906,0.923879504203796,0.382683426141739,0.000000000000000
-155.399063110351562,62.636573791503906,37.599998474121094,0.923879504203796,0.382683426141739,0.000000000000000
-159.072830200195312,53.767330169677734,28.000000000000000,0.923879504203796,0.382683426141739,0.000000000000000
-157.848251342773438,56.723747253417969,31.200000762939453,0.923879504203796,0.382683426141739,0.000000000000000
-155.399063110351562,62.636573791503906,28.000000000000000,0.923879504203796,0.382683426141739,0.000000000000000
-157.848251342773438,56.723747253417969,34.400001525878906,0.923879504203796,0.382683426141739,0.000000000000000
-155.399063110351562,62.636573791503906,31.200000762939453,0.923879504203796,0.382683426141739,0.000000000000000
-156.623657226562500,59.680160522460938,37.599998474121094,0.923879504203796,0.382683426141739,0.000000000000000
-156.623657226562500,59.680160522460938,31.200000762939453,0.923879504203796,0.382683426141739,0.000000000000000
-159.072830200195312,53.767330169677734,31.200000762939453,0.923879504203796,0.382683426141739,0.000000000000000
-157.848251342773438,56.723747253417969,28.000000000000000,0.923879504203796,0.382683426141739,0.000000000000000
-159.072830200195312,53.767330169677734,40.799999237060547,0.923879504203796,0.382683426141739,0.000000000000000
-157.848251342773438,56.723747253417969,40.799999237060547,0.923879504203796,0.382683426141739,0.000000000000000
-159.072830200195312,53.767330169677734,44.000000000000000,0.923879504203796,0.382683426141739,0.000000000000000
-157.848251342773438,56.723747253417969,44.000000000000000,0.923879504203796,0.382683426141739,0.000000000000000
-159.072830200195312,53.767330169677734,50.400001525878906,0.923879504203796,0.382683426141739,0.000000000000000
-159.072830200195312,53.767330169677734,47.200000762939453,0.923879504203796,0.382683426141739,0.000000000000000
-157.848251342773438,56.723747253417969,50.400001525878906,0.923879504203796,0.382683426141739,0.000000000000000
-157.848251342773438,56.723747253417969,47.200000762939453,0.923879504203796,0.382683426141739,0.000000000000000
-156.623657226562500,59.680160522460938,40.799999237060547,0.923879504203796,0.382683426141739,0.000000000000000
-156.623657226562500,59.680160522460938,47.200000762939453,0.923879504203796,0.382683426141739,0.000000000000000
-156.623657226562500,59.680160522460938,44.000000000000000,0.923879504203796,0.382683426141739,0.000000000000000
-154.174484252929688,65.592987060546875,37.599998474121094,0.923879504203796,0.382683426141739,0.000000000000000
-156.623657226562500,59.680160522460938,50.400001525878906,0.923879504203796,0.382683426141739,0.000000000000000
-155.399063110351562,62.636573791503906,40.799999237060547,0.923879504203796,0.382683426141739,0.000000000000000
-155.399063110351562,62.636573791503906,50.400001525878906,0.923879504203796,0.382683426141739,0.000000000000000
-155.399063110351562,62.636573791503906,47.200000762939453,0.923879504203796,0.382683426141739,0.000000000000000
-155.399063110351562,62.636573791503906,44.000000000000000,0.923879504203796,0.382683426141739,0.000000000000000
-154.174484252929688,65.592987060546875,40.799999237060547,0.923879504203796,0.382683426141739,0.000000000000000
-154.174484252929688,65.592987060546875,44.000000000000000,0.923879504203796,0.382683426141739,0.000000000000000
-154.174484252929688,65.592987060546875,50.400001525878906,0.923879504203796,0.382683426141739,0.000000000000000
-154.174484252929688,65.592987060546875,47.200000762939453,0.923879504203796,0.382683426141739,0.000000000000000
-152.949890136718750,68.549407958984375,50.400001525878906,0.923879504203796,0.382683426141739,0.000000000000000
-154.174484252929688,65.592987060546875,34.400001525878906,0.923879504203796,0.382683426141739,0.000000000000000
-152.949890136718750,68.549407958984375,47.200000762939453,0.923879504203796,0.382683426141739,0.000000000000000
-152.949890136718750,68.549407958984375,44.000000000000000,0.923879504203796,0.382683426141739,0.000000000000000
-152.949890136718750,68.549407958984375,40.799999237060547,0.923879504203796,0.382683426141739,0.000000000000000
-151.725311279296875,71.505821228027344,47.200000762939453,0.923879504203796,0.382683426141739,0.000000000000000
-151.725311279296875,71.505821228027344,50.400001525878906,0.923879504203796,0.382683426141739,0.000000000000000
-150.500717163085938,74.462234497070312,50.400001525878906,0.923879504203796,0.382683426141739,0.000000000000000
-151.725311279296875,71.505821228027344,40.799999237060547,0.923879504203796,0.382683426141739,0.000000000000000
-150.500717163085938,74.462234497070312,47.200000762939453,0.923879504203796,0.382683426141739,0.000000000000000
-151.725311279296875,71.505821228027344,44.000000000000000,0.923879504203796,0.382683426141739,0.000000000000000
-150.500717163085938,74.462234497070312,40.799999237060547,0.923879504203796,0.382683426141739,0.000000000000000
-150.500717163085938,74.462234497070312,44.000000000000000,0.923879504203796,0.382683426141739,0.000000000000000
-152.949890136718750,68.549407958984375,31.200000762939453,0.923879504203796,0.382683426141739,0.000000000000000
-151.725311279296875,71.505821228027344,31.200000762939453,0.923879504203796,0.382683426141739,0.000000000000000
-151.725311279296875,71.505821228027344,28.000000000000000,0.923879504203796,0.382683426141739,0.000000000000000
-151.725311279296875,71.505821228027344,37.599998474121094,0.923879504203796,0.382683426141739,0.000000000000000
-151.725311279296875,71.505821228027344,34.400001525878906,0.923879504203796,0.382683426141739,0.000000000000000
-150.500717163085938,74.462234497070312,31.200000762939453,0.923879504203796,0.382683426141739,0.000000000000000
-150.500717163085938,74.462234497070312,28.000000000000000,0.923879504203796,0.382683426141739,0.000000000000000
-152.949890136718750,68.549407958984375,28.000000000000000,0.923879504203796,0.382683426141739,0.000000000000000
-154.174484252929688,65.592987060546875,28.000000000000000,0.923879504203796,0.382683426141739,0.000000000000000
-152.949890136718750,68.549407958984375,37.599998474121094,0.923879504203796,0.382683426141739,0.000000000000000
-150.500717163085938,74.462234497070312,34.400001525878906,0.923879504203796,0.382683426141739,0.000000000000000
-152.949890136718750,68.549407958984375,34.400001525878906,0.923879504203796,0.382683426141739,0.000000000000000
-154.174484252929688,65.592987060546875,31.200000762939453,0.923879504203796,0.382683426141739,0.000000000000000
-150.500717163085938,74.462234497070312,37.599998474121094,0.923879504203796,0.382683426141739,0.000000000000000
-150.500717163085938,74.462234497070312,14.399999618530273,0.923879504203796,0.382683426141739,0.000000000000000
-151.725311279296875,71.505821228027344,14.399999618530273,0.923879504203796,0.382683426141739,0.000000000000000
-154.174484252929688,65.592987060546875,17.600000381469727,0.923879504203796,0.382683426141739,0.000000000000000
-151.725311279296875,71.505821228027344,17.600000381469727,0.923879504203796,0.382683426141739,0.000000000000000
-154.174484252929688,65.592987060546875,14.399999618530273,0.923879504203796,0.382683426141739,0.000000000000000
-150.500717163085938,74.462234497070312,20.799999237060547,0.923879504203796,0.382683426141739,0.000000000000000
-152.949890136718750,68.549407958984375,20.799999237060547,0.923879504203796,0.382683426141739,0.000000000000000
-150.500717163085938,74.462234497070312,24.000000000000000,0.923879504203796,0.382683426141739,0.000000000000000
-151.725311279296875,71.505821228027344,20.799999237060547,0.923879504203796,0.382683426141739,0.000000000000000
-155.399063110351562,62.636573791503906,14.399999618530273,0.923879504203796,0.382683426141739,0.000000000000000
-150.500717163085938,74.462234497070312,17.600000381469727,0.923879504203796,0.382683426141739,0.000000000000000
-155.399063110351562,62.636573791503906,17.600000381469727,0.923879504203796,0.382683426141739,0.000000000000000
-152.949890136718750,68.549407958984375,14.399999618530273,0.923879504203796,0.382683426141739,0.000000000000000
-152.949890136718750,68.549407958984375,24.000000000000000,0.923879504203796,0.382683426141739,0.000000000000000
-152.949890136718750,68.549407958984375,17.600000381469727,0.923879504203796,0.382683426141739,0.000000000000000
-151.725311279296875,71.505821228027344,24.000000000000000,0.923879504203796,0.382683426141739,0.000000000000000
-150.500717163085938,74.462234497070312,11.199999809265137,0.923879504203796,0.382683426141739,0.000000000000000
-150.500717163085938,74.462234497070312,4.800000190734863,0.923879504203796,0.382683426141739,0.000000000000000
-150.500717163085938,74.462234497070312,8.000000000000000,0.923879504203796,0.382683426141739,0.000000000000000
-150.500717163085938,74.462234497070312,1.600000023841858,0.923879504203796,0.382683426141739,0.000000000000000
-151.725311279296875,71.505821228027344,8.000000000000000,0.923879504203796,0.382683426141739,0.000000000000000
-151.725311279296875,71.505821228027344,11.199999809265137,0.923879504203796,0.382683426141739,0.000000000000000
-151.725311279296875,71.505821228027344,4.800000190734863,0.923879504203796,0.382683426141739,0.000000000000000
-151.725311279296875,71.505821228027344,1.600000023841858,0.923879504203796,0.382683426141739,0.000000000000000
-152.949890136718750,68.549407958984375,11.199999809265137,0.923879504203796,0.382683426141739,0.000000000000000
-152.949890136718750,68.549407958984375,4.800000190734863,0.923879504203796,0.382683426141739,0.000000000000000
-152.949890136718750,68.549407958984375,8.000000000000000,0.923879504203796,0.382683426141739,0.000000000000000
-154.174484252929688,65.592987060546875,20.799999237060547,0.923879504203796,0.382683426141739,0.000000000000000
-152.949890136718750,68.549407958984375,1.600000023841858,0.923879504203796,0.382683426141739,0.000000000000000
-154.174484252929688,65.592987060546875,1.600000023841858,0.923879504203796,0.382683426141739,0.000000000000000
-154.174484252929688,65.592987060546875,4.800000190734863,0.923879504203796,0.382683426141739,0.000000000000000
-154.174484252929688,65.592987060546875,11.199999809265137,0.923879504203796,0.382683426141739,0.000000000000000
-154.174484252929688,65.592987060546875,8.000000000000000,0.923879504203796,0.382683426141739,0.000000000000000
-155.399063110351562,62.636573791503906,8.000000000000000,0.923879504203796,0.382683426141739,0.000000000000000
-155.399063110351562,62.636573791503906,4.800000190734863,0.923879504203796,0.382683426141739,0.000000000000000
-155.399063110351562,62.636573791503906,11.199999809265137,0.923879504203796,0.382683426141739,0.000000000000000
-155.399063110351562,62.636573791503906,1.600000023841858,0.923879504203796,0.382683426141739,0.000000000000000
-156.623657226562500,59.680160522460938,1.600000023841858,0.923879504203796,0.382683426141739,0.000000000000000
-154.174484252929688,65.592987060546875,24.000000000000000,0.923879504203796,0.382683426141739,0.000000000000000
-156.623657226562500,59.680160522460938,4.800000190734863,0.923879504203796,0.382683426141739,0.000000000000000
-157.848251342773438,56.723747253417969,1.600000023841858,0.923879504203796,0.382683426141739,0.000000000000000
-156.623657226562500,59.680160522460938,8.000000000000000,0.923879504203796,0.382683426141739,0.000000000000000
-157.848251342773438,56.723747253417969,4.800000190734863,0.923879504203796,0.382683426141739,0.000000000000000
-156.623657226562500,59.680160522460938,11.199999809265137,0.923879504203796,0.382683426141739,0.000000000000000
-159.072830200195312,53.767330169677734,1.600000023841858,0.923879504203796,0.382683426141739,0.000000000000000
-157.848251342773438,56.723747253417969,8.000000000000000,0.923879504203796,0.382683426141739,0.000000000000000
-159.072830200195312,53.767330169677734,4.800000190734863,0.923879504203796,0.382683426141739,0.000000000000000
-157.848251342773438,56.723747253417969,11.199999809265137,0.923879504203796,0.382683426141739,0.000000000000000
-159.072830200195312,53.767330169677734,8.000000000000000,0.923879504203796,0.382683426141739,0.000000000000000
-159.072830200195312,53.767330169677734,11.199999809265137,0.923879504203796,0.382683426141739,0.000000000000000
-156.623657226562500,59.680160522460938,24.000000000000000,0.923879504203796,0.382683426141739,0.000000000000000
-157.848251342773438,56.723747253417969,17.600000381469727,0.923879504203796,0.382683426141739,0.000000000000000
-157.848251342773438,56.723747253417969,24.000000000000000,0.923879504203796,0.382683426141739,0.000000000000000
-157.848251342773438,56.723747253417969,14.399999618530273,0.923879504203796,0.382683426141739,0.000000000000000
-157.848251342773438,56.723747253417969,20.799999237060547,0.923879504203796,0.382683426141739,0.000000000000000
-159.072830200195312,53.767330169677734,20.799999237060547,0.923879504203796,0.382683426141739,0.000000000000000
-159.072830200195312,53.767330169677734,24.000000000000000,0.923879504203796,0.382683426141739,0.000000000000000
-156.623657226562500,59.680160522460938,20.799999237060547,0.923879504203796,0.382683426141739,0.000000000000000
-155.399063110351562,62.636573791503906,20.799999237060547,0.923879504203796,0.382683426141739,0.000000000000000
-156.623657226562500,59.680160522460938,14.399999618530273,0.923879504203796,0.382683426141739,0.000000000000000
-159.072830200195312,53.767330169677734,17.600000381469727,0.923879504203796,0.382683426141739,0.000000000000000
-156.623657226562500,59.680160522460938,17.600000381469727,0.923879504203796,0.382683426141739,0.000000000000000
-155.399063110351562,62.636573791503906,24.000000000000000,0.923879504203796,0.382683426141739,0.000000000000000
-159.072830200195312,53.767330169677734,14.399999618530273,0.923879504203796,0.382683426141739,0.000000000000000
-160.296264648437500,-50.001979827880859,90.400001525878906,0.972369909286499,0.233445361256599,0.000000000000000
-161.043289184570312,-46.890396118164062,90.400001525878906,0.972369909286499,0.233445361256599,0.000000000000000
-161.790313720703125,-43.778812408447266,80.800003051757812,0.972369909286499,0.233445361256599,0.000000000000000
-160.296264648437500,-50.001979827880859,87.199996948242188,0.972369909286499,0.233445361256599,0.000000000000000
-162.537338256835938,-40.667228698730469,87.199996948242188,0.972369909286499,0.233445361256599,0.000000000000000
-161.790313720703125,-43.778812408447266,87.199996948242188,0.972369909286499,0.233445361256599,0.000000000000000
-162.537338256835938,-40.667228698730469,90.400001525878906,0.972369909286499,0.233445361256599,0.000000000000000
-160.296264648437500,-50.001979827880859,80.800003051757812,0.972369909286499,0.233445361256599,0.000000000000000
-161.043289184570312,-46.890396118164062,84.000000000000000,0.972369909286499,0.233445361256599,0.000000000000000
-162.537338256835938,-40.667228698730469,80.800003051757812,0.972369909286499,0.233445361256599,0.000000000000000
-161.043289184570312,-46.890396118164062,87.199996948242188,0.972369909286499,0.233445361256599,0.000000000000000
-162.537338256835938,-40.667228698730469,84.000000000000000,0.972369909286499,0.233445361256599,0.000000000000000
-161.790313720703125,-43.778812408447266,90.400001525878906,0.972369909286499,0.233445361256599,0.000000000000000
-161.790313720703125,-43.778812408447266,84.000000000000000,0.972369909286499,0.233445361256599,0.000000000000000
-160.296264648437500,-50.001979827880859,84.000000000000000,0.972369909286499,0.233445361256599,0.000000000000000
-161.043289184570312,-46.890396118164062,80.800003051757812,0.972369909286499,0.233445361256599,0.000000000000000
-160.296264648437500,-50.001979827880859,93.599998474121094,0.972369909286499,0.233445361256599,0.000000000000000
-161.043289184570312,-46.890396118164062,93.599998474121094,0.972369909286499,0.233445361256599,0.000000000000000
-160.296264648437500,-50.001979827880859,96.800003051757812,0.972369909286499,0.233445361256599,0.000000000000000
-161.043289184570312,-46.890396118164062,96.800003051757812,0.972369909286499,0.233445361256599,0.000000000000000
-160.296264648437500,-50.001979827880859,103.199996948242188,0.972369909286499,0.233445361256599,0.000000000000000
-160.296264648437500,-50.001979827880859,100.000000000000000,0.972369909286499,0.233445361256599,0.000000000000000
-161.043289184570312,-46.890396118164062,103.199996948242188,0.972369909286499,0.233445361256599,0.000000000000000
-161.043289184570312,-46.890396118164062,100.000000000000000,0.972369909286499,0.233445361256599,0.000000000000000
-161.790313720703125,-43.778812408447266,93.599998474121094,0.972369909286499,0.233445361256599,0.000000000000000
-161.790313720703125,-43.778812408447266,100.000000000000000,0.972369909286499,0.233445361256599,0.000000000000000
-161.790313720703125,-43.778812408447266,96.800003051757812,0.972369909286499,0.233445361256599,0.000000000000000
-163.284362792968750,-37.555644989013672,90.400001525878906,0.972369909286499,0.233445361256599,0.000000000000000
-161.790313720703125,-43.778812408447266,103.199996948242188,0.972369909286499,0.233445361256599,0.000000000000000
-162.537338256835938,-40.667228698730469,93.599998474121094,0.972369909286499,0.233445361256599,0.000000000000000
-162.537338256835938,-40.667228698730469,103.199996948242188,0.972369909286499,0.233445361256599,0.000000000000000
-162.537338256835938,-40.667228698730469,100.000000000000000,0.972369909286499,0.233445361256599,0.000000000000000
-162.537338256835938,-40.667228698730469,96.800003051757812,0.972369909286499,0.233445361256599,0.000000000000000
-163.284362792968750,-37.555644989013672,93.599998474121094,0.972369909286499,0.233445361256599,0.000000000000000
-163.284362792968750,-37.555644989013672,96.800003051757812,0.972369909286499,0.233445361256599,0.000000000000000
-163.284362792968750,-37.555644989013672,103.199996948242188,0.972369909286499,0.233445361256599,0.000000000000000
-163.284362792968750,-37.555644989013672,100.000000000000000,0.972369909286499,0.233445361256599,0.000000000000000
-164.031387329101562,-34.444061279296875,103.199996948242188,0.972369909286499,0.233445361256599,0.000000000000000
-163.284362792968750,-37.555644989013672,87.199996948242188,0.972369909286499,0.233445361256599,0.000000000000000
-164.031387329101562,-34.444061279296875,100.000000000000000,0.972369909286499,0.233445361256599,0.000000000000000
-164.031387329101562,-34.444061279296875,96.800003051757812,0.972369909286499,0.233445361256599,0.000000000000000
-164.031387329101562,-34.444061279296875,93.599998474121094,0.972369909286499,0.233445361256599,0.000000000000000
-164.778427124023438,-31.332475662231445,100.000000000000000,0.972369909286499,0.233445361256599,0.000000000000000
-164.778427124023438,-31.332475662231445,103.199996948242188,0.972369909286499,0.233445361256599,0.000000000000000
-165.525451660156250,-28.220891952514648,103.199996948242188,0.972369909286499,0.233445361256599,0.000000000000000
-164.778427124023438,-31.332475662231445,93.599998474121094,0.972369909286499,0.233445361256599,0.000000000000000
-165.525451660156250,-28.220891952514648,100.000000000000000,0.972369909286499,0.233445361256599,0.000000000000000
-164.778427124023438,-31.332475662231445,96.800003051757812,0.972369909286499,0.233445361256599,0.000000000000000
-165.525451660156250,-28.220891952514648,93.599998474121094,0.972369909286499,0.233445361256599,0.000000000000000
-165.525451660156250,-28.220891952514648,96.800003051757812,0.972369909286499,0.233445361256599,0.000000000000000
-164.031387329101562,-34.444061279296875,84.000000000000000,0.972369909286499,0.233445361256599,0.000000000000000
-164.778427124023438,-31.332475662231445,84.000000000000000,0.972369909286499,0.233445361256599,0.000000000000000
-164.778427124023438,-31.332475662231445,80.800003051757812,0.972369909286499,0.233445361256599,0.000000000000000
-164.778427124023438,-31.332475662231445,90.400001525878906,0.972369909286499,0.233445361256599,0.000000000000000
-164.778427124023438,-31.332475662231445,87.199996948242188,0.972369909286499,0.233445361256599,0.000000000000000
-165.525451660156250,-28.220891952514648,84.000000000000000,0.972369909286499,0.233445361256599,0.000000000000000
-165.525451660156250,-28.220891952514648,80.800003051757812,0.972369909286499,0.233445361256599,0.000000000000000
-164.031387329101562,-34.444061279296875,80.800003051757812,0.972369909286499,0.233445361256599,0.000000000000000
-163.284362792968750,-37.555644989013672,80.800003051757812,0.972369909286499,0.233445361256599,0.000000000000000
-164.031387329101562,-34.444061279296875,90.400001525878906,0.972369909286499,0.233445361256599,0.000000000000000
-165.525451660156250,-28.220891952514648,87.199996948242188,0.972369909286499,0.233445361256599,0.000000000000000
-164.031387329101562,-34.444061279296875,87.199996948242188,0.972369909286499,0.233445361256599,0.000000000000000
-163.284362792968750,-37.555644989013672,84.000000000000000,0.972369909286499,0.233445361256599,0.000000000000000
-165.525451660156250,-28.220891952514648,90.400001525878906,0.972369909286499,0.233445361256599,0.000000000000000
-165.525451660156250,-28.220891952514648,67.199996948242188,0.972369909286499,0.233445361256599,0.000000000000000
-164.778427124023438,-31.332475662231445,67.199996948242188,0.972369909286499,0.233445361256599,0.000000000000000
-163.284362792968750,-37.555644989013672,70.400001525878906,0.972369909286499,0.233445361256599,0.000000000000000
-164.778427124023438,-31.332475662231445,70.400001525878906,0.972369909286499,0.233445361256599,0.000000000000000
-163.284362792968750,-37.555644989013672,67.199996948242188,0.972369909286499,0.233445361256599,0.000000000000000
-165.525451660156250,-28.220891952514648,73.599998474121094,0.972369909286499,0.233445361256599,0.000000000000000
-164.031387329101562,-34.444061279296875,73.599998474121094,0.972369909286499,0.233445361256599,0.000000000000000
-165.525451660156250,-28.220891952514648,76.800003051757812,0.972369909286499,0.233445361256599,0.000000000000000
-164.778427124023438,-31.332475662231445,73.599998474121094,0.972369909286499,0.233445361256599,0.000000000000000
-162.537338256835938,-40.667228698730469,67.199996948242188,0.972369909286499,0.233445361256599,0.000000000000000
-165.525451660156250,-28.220891952514648,70.400001525878906,0.972369909286499,0.233445361256599,0.000000000000000
-162.537338256835938,-40.667228698730469,70.400001525878906,0.972369909286499,0.233445361256599,0.000000000000000
-164.031387329101562,-34.444061279296875,67.199996948242188,0.972369909286499,0.233445361256599,0.000000000000000
-164.031387329101562,-34.444061279296875,76.800003051757812,0.972369909286499,0.233445361256599,0.000000000000000
-164.031387329101562,-34.444061279296875,70.400001525878906,0.972369909286499,0.233445361256599,0.000000000000000
-164.778427124023438,-31.332475662231445,76.800003051757812,0.972369909286499,0.233445361256599,0.000000000000000
-165.525451660156250,-28.220891952514648,64.000000000000000,0.972369909286499,0.233445361256599,0.000000000000000
-165.525451660156250,-28.220891952514648,57.599998474121094,0.972369909286499,0.233445361256599,0.000000000000000
-165.525451660156250,-28.220891952514648,60.799999237060547,0.972369909286499,0.233445361256599,0.000000000000000
-165.525451660156250,-28.220891952514648,54.400001525878906,0.972369909286499,0.233445361256599,0.000000000000000
-164.778427124023438,-31.332475662231445,60.799999237060547,0.972369909286499,0.233445361256599,0.000000000000000
-164.778427124023438,-31.332475662231445,64.000000000000000,0.972369909286499,0.233445361256599,0.000000000000000
-164.778427124023438,-31.332475662231445,57.599998474121094,0.972369909286499,0.233445361256599,0.000000000000000
-164.778427124023438,-31.332475662231445,54.400001525878906,0.972369909286499,0.233445361256599,0.000000000000000
-164.031387329101562,-34.444061279296875,64.000000000000000,0.972369909286499,0.233445361256599,0.000000000000000
-164.031387329101562,-34.444061279296875,57.599998474121094,0.972369909286499,0.233445361256599,0.000000000000000
-164.031387329101562,-34.444061279296875,60.799999237060547,0.972369909286499,0.233445361256599,0.000000000000000
-163.284362792968750,-37.555644989013672,73.599998474121094,0.972369909286499,0.233445361256599,0.000000000000000
-164.031387329101562,-34.444061279296875,54.400001525878906,0.972369909286499,0.233445361256599,0.000000000000000
-163.284362792968750,-37.555644989013672,54.400001525878906,0.972369909286499,0.233445361256599,0.000000000000000
-163.284362792968750,-37.555644989013672,57.599998474121094,0.972369909286499,0.233445361256599,0.000000000000000
-163.284362792968750,-37.555644989013672,64.000000000000000,0.972369909286499,0.233445361256599,0.000000000000000
-163.284362792968750,-37.555644989013672,60.799999237060547,0.972369909286499,0.233445361256599,0.000000000000000
-162.537338256835938,-40.667228698730469,60.799999237060547,0.972369909286499,0.233445361256599,0.000000000000000
-162.537338256835938,-40.667228698730469,57.599998474121094,0.972369909286499,0.233445361256599,0.000000000000000
-162.537338256835938,-40.667228698730469,64.000000000000000,0.972369909286499,0.233445361256599,0.000000000000000
-162.537338256835938,-40.667228698730469,54.400001525878906,0.972369909286499,0.233445361256599,0.000000000000000
-161.790313720703125,-43.778812408447266,54.400001525878906,0.972369909286499,0.233445361256599,0.000000000000000
-163.284362792968750,-37.555644989013672,76.800003051757812,0.972369909286499,0.233445361256599,0.000000000000000
-161.790313720703125,-43.778812408447266,57.599998474121094,0.972369909286499,0.233445361256599,0.000000000000000
-161.043289184570312,-46.890396118164062,54.400001525878906,0.972369909286499,0.233445361256599,0.000000000000000
-161.790313720703125,-43.778812408447266,60.799999237060547,0.972369909286499,0.233445361256599,0.000000000000000
-161.043289184570312,-46.890396118164062,57.599998474121094,0.972369909286499,0.233445361256599,0.000000000000000
-161.790313720703125,-43.778812408447266,64.000000000000000,0.972369909286499,0.233445361256599,0.000000000000000
-160.296264648437500,-50.001979827880859,54.400001525878906,0.972369909286499,0.233445361256599,0.000000000000000
-161.043289184570312,-46.890396118164062,60.799999237060547,0.972369909286499,0.233445361256599,0.000000000000000
-160.296264648437500,-50.001979827880859,57.599998474121094,0.972369909286499,0.233445361256599,0.000000000000000
-161.043289184570312,-46.890396118164062,64.000000000000000,0.972369909286499,0.233445361256599,0.000000000000000
-160.296264648437500,-50.001979827880859,60.799999237060547,0.972369909286499,0.233445361256599,0.000000000000000
-160.296264648437500,-50.001979827880859,64.000000000000000,0.972369909286499,0.233445361256599,0.000000000000000
-161.790313720703125,-43.778812408447266,76.800003051757812,0.972369909286499,0.233445361256599,0.000000000000000
-161.043289184570312,-46.890396118164062,70.400001525878906,0.972369909286499,0.233445361256599,0.000000000000000
-161.043289184570312,-46.890396118164062,76.800003051757812,0.972369909286499,0.233445361256599,0.000000000000000
-161.043289184570312,-46.890396118164062,67.199996948242188,0.972369909286499,0.233445361256599,0.000000000000000
-161.043289184570312,-46.890396118164062,73.599998474121094,0.972369909286499,0.233445361256599,0.000000000000000
-160.296264648437500,-50.001979827880859,73.599998474121094,0.972369909286499,0.233445361256599,0.000000000000000
-160.296264648437500,-50.001979827880859,76.800003051757812,0.972369909286499,0.233445361256599,0.000000000000000
-161.790313720703125,-43.778812408447266,73.599998474121094,0.972369909286499,0.233445361256599,0.000000000000000
-162.537338256835938,-40.667228698730469,73.599998474121094,0.972369909286499,0.233445361256599,0.000000000000000
-161.790313720703125,-43.778812408447266,67.199996948242188,0.972369909286499,0.233445361256599,0.000000000000000
-160.296264648437500,-50.001979827880859,70.400001525878906,0.972369909286499,0.233445361256599,0.000000000000000
-161.790313720703125,-43.778812408447266,70.400001525878906,0.972369909286499,0.233445361256599,0.000000000000000
-162.537338256835938,-40.667228698730469,76.800003051757812,0.972369909286499,0.233445361256599,0.000000000000000
-160.296264648437500,-50.001979827880859,67.199996948242188,0.972369909286499,0.233445361256599,0.000000000000000
-166.144790649414062,-24.310510635375977,90.400001525878906,0.996917307376862,0.078459098935127,0.000000000000000
-166.395858764648438,-21.120374679565430,90.400001525878906,0.996917307376862,0.078459098935127,0.000000000000000
-166.646926879882812,-17.930238723754883,80.800003051757812,0.996917307376862,0.078459098935127,0.000000000000000
-166.144790649414062,-24.310510635375977,87.199996948242188,0.996917307376862,0.078459098935127,0.000000000000000
-166.897994995117188,-14.740103721618652,87.199996948242188,0.996917307376862,0.078459098935127,0.000000000000000
-166.646926879882812,-17.930238723754883,87.199996948242188,0.996917307376862,0.078459098935127,0.000000000000000
-166.897994995117188,-14.740103721618652,90.400001525878906,0.996917307376862,0.078459098935127,0.000000000000000
-166.144790649414062,-24.310510635375977,80.800003051757812,0.996917307376862,0.078459098935127,0.000000000000000
-166.395858764648438,-21.120374679565430,84.000000000000000,0.996917307376862,0.078459098935127,0.000000000000000
-166.897994995117188,-14.740103721618652,80.800003051757812,0.996917307376862,0.078459098935127,0.000000000000000
-166.395858764648438,-21.120374679565430,87.199996948242188,0.996917307376862,0.078459098935127,0.000000000000000
-166.897994995117188,-14.740103721618652,84.000000000000000,0.996917307376862,0.078459098935127,0.000000000000000
-166.646926879882812,-17.930238723754883,90.400001525878906,0.996917307376862,0.078459098935127,0.000000000000000
-166.646926879882812,-17.930238723754883,84.000000000000000,0.996917307376862,0.078459098935127,0.000000000000000
-166.144790649414062,-24.310510635375977,84.000000000000000,0.996917307376862,0.078459098935127,0.000000000000000
-166.395858764648438,-21.120374679565430,80.800003051757812,0.996917307376862,0.078459098935127,0.000000000000000
-166.144790649414062,-24.310510635375977,93.599998474121094,0.996917307376862,0.078459098935127,0.000000000000000
-166.395858764648438,-21.120374679565430,93.599998474121094,0.996917307376862,0.078459098935127,0.000000000000000
-166.144790649414062,-24.310510635375977,96.800003051757812,0.996917307376862,0.078459098935127,0.000000000000000
-166.395858764648438,-21.120374679565430,96.800003051757812,0.996917307376862,0.078459098935127,0.000000000000000
-166.144790649414062,-24.310510635375977,103.199996948242188,0.996917307376862,0.078459098935127,0.000000000000000
-166.144790649414062,-24.310510635375977,100.000000000000000,0.996917307376862,0.078459098935127,0.000000000000000
-166.395858764648438,-21.120374679565430,103.199996948242188,0.996917307376862,0.078459098935127,0.000000000000000
-166.395858764648438,-21.120374679565430,100.000000000000000,0.996917307376862,0.078459098935127,0.000000000000000
-166.646926879882812,-17.930238723754883,93.599998474121094,0.996917307376862,0.078459098935127,0.000000000000000
-166.646926879882812,-17.930238723754883,100.000000000000000,0.996917307376862,0.078459098935127,0.000000000000000
-166.646926879882812,-17.930238723754883,96.800003051757812,0.996917307376862,0.078459098935127,0.000000000000000
-167.149063110351562,-11.549968719482422,90.400001525878906,0.996917307376862,0.078459098935127,0.000000000000000
-166.646926879882812,-17.930238723754883,103.199996948242188,0.996917307376862,0.078459098935127,0.000000000000000
-166.897994995117188,-14.740103721618652,93.599998474121094,0.996917307376862,0.078459098935127,0.000000000000000
-166.897994995117188,-14.740103721618652,103.199996948242188,0.996917307376862,0.078459098935127,0.000000000000000
-166.897994995117188,-14.740103721618652,100.000000000000000,0.996917307376862,0.078459098935127,0.000000000000000
-166.897994995117188,-14.740103721618652,96.800003051757812,0.996917307376862,0.078459098935127,0.000000000000000
-167.149063110351562,-11.549968719482422,93.599998474121094,0.996917307376862,0.078459098935127,0.000000000000000
-167.149063110351562,-11.549968719482422,96.800003051757812,0.996917307376862,0.078459098935127,0.000000000000000
-167.149063110351562,-11.549968719482422,103.199996948242188,0.996917307376862,0.078459098935127,0.000000000000000
-167.149063110351562,-11.549968719482422,100.000000000000000,0.996917307376862,0.078459098935127,0.000000000000000
-167.400131225585938,-8.359832763671875,103.199996948242188,0.996917307376862,0.078459098935127,0.000000000000000
-167.149063110351562,-11.549968719482422,87.199996948242188,0.996917307376862,0.078459098935127,0.000000000000000
-167.400131225585938,-8.359832763671875,100.000000000000000,0.996917307376862,0.078459098935127,0.000000000000000
-167.400131225585938,-8.359832763671875,96.800003051757812,0.996917307376862,0.078459098935127,0.000000000000000
-167.400131225585938,-8.359832763671875,93.599998474121094,0.996917307376862,0.078459098935127,0.000000000000000
-167.651199340820312,-5.169697761535645,100.000000000000000,0.996917307376862,0.078459098935127,0.000000000000000
-167.651199340820312,-5.169697761535645,103.199996948242188,0.996917307376862,0.078459098935127,0.000000000000000
-167.902267456054688,-1.979562163352966,103.199996948242188,0.996917307376862,0.078459098935127,0.000000000000000
-167.651199340820312,-5.169697761535645,93.599998474121094,0.996917307376862,0.078459098935127,0.000000000000000
-167.902267456054688,-1.979562163352966,100.000000000000000,0.996917307376862,0.078459098935127,0.000000000000000
-167.651199340820312,-5.169697761535645,96.800003051757812,0.996917307376862,0.078459098935127,0.000000000000000
-167.902267456054688,-1.979562163352966,93.599998474121094,0.996917307376862,0.078459098935127,0.000000000000000
-167.902267456054688,-1.979562163352966,96.800003051757812,0.996917307376862,0.078459098935127,0.000000000000000
-167.400131225585938,-8.359832763671875,84.000000000000000,0.996917307376862,0.078459098935127,0.000000000000000
-167.651199340820312,-5.169697761535645,84.000000000000000,0.996917307376862,0.078459098935127,0.000000000000000
-167.651199340820312,-5.169697761535645,80.800003051757812,0.996917307376862,0.078459098935127,0.000000000000000
-167.651199340820312,-5.169697761535645,90.400001525878906,0.996917307376862,0.078459098935127,0.000000000000000
-167.651199340820312,-5.169697761535645,87.199996948242188,0.996917307376862,0.078459098935127,0.000000000000000
-167.902267456054688,-1.979562163352966,84.000000000000000,0.996917307376862,0.078459098935127,0.000000000000000
-167.902267456054688,-1.979562163352966,80.800003051757812,0.996917307376862,0.078459098935127,0.000000000000000
-167.400131225585938,-8.359832763671875,80.800003051757812,0.996917307376862,0.078459098935127,0.000000000000000
-167.149063110351562,-11.549968719482422,80.800003051757812,0.996917307376862,0.078459098935127,0.000000000000000
-167.400131225585938,-8.359832763671875,90.400001525878906,0.996917307376862,0.078459098935127,0.000000000000000
-167.902267456054688,-1.979562163352966,87.199996948242188,0.996917307376862,0.078459098935127,0.000000000000000
-167.400131225585938,-8.359832763671875,87.199996948242188,0.996917307376862,0.078459098935127,0.000000000000000
-167.149063110351562,-11.549968719482422,84.000000000000000,0.996917307376862,0.078459098935127,0.000000000000000
-167.902267456054688,-1.979562163352966,90.400001525878906,0.996917307376862,0.078459098935127,0.000000000000000
-167.902267456054688,-1.979562163352966,67.199996948242188,0.996917307376862,0.078459098935127,0.000000000000000
-167.651199340820312,-5.169697761535645,67.199996948242188,0.996917307376862,0.078459098935127,0.000000000000000
-167.149063110351562,-11.549968719482422,70.400001525878906,0.996917307376862,0.078459098935127,0.000000000000000
-167.651199340820312,-5.169697761535645,70.400001525878906,0.996917307376862,0.078459098935127,0.000000000000000
-167.149063110351562,-11.549968719482422,67.199996948242188,0.996917307376862,0.078459098935127,0.000000000000000
-167.902267456054688,-1.979562163352966,73.599998474121094,0.996917307376862,0.078459098935127,0.000000000000000
-167.400131225585938,-8.359832763671875,73.599998474121094,0.996917307376862,0.078459098935127,0.000000000000000
-167.902267456054688,-1.979562163352966,76.800003051757812,0.996917307376862,0.078459098935127,0.000000000000000
-167.651199340820312,-5.169697761535645,73.599998474121094,0.996917307376862,0.078459098935127,0.000000000000000
-166.897994995117188,-14.740103721618652,67.199996948242188,0.996917307376862,0.078459098935127,0.000000000000000
-167.902267456054688,-1.979562163352966,70.400001525878906,0.996917307376862,0.078459098935127,0.000000000000000
-166.897994995117188,-14.740103721618652,70.400001525878906,0.996917307376862,0.078459098935127,0.000000000000000
-167.400131225585938,-8.359832763671875,67.199996948242188,0.996917307376862,0.078459098935127,0.000000000000000
-167.400131225585938,-8.359832763671875,76.800003051757812,0.996917307376862,0.078459098935127,0.000000000000000
-167.400131225585938,-8.359832763671875,70.400001525878906,0.996917307376862,0.078459098935127,0.000000000000000
-167.651199340820312,-5.169697761535645,76.800003051757812,0.996917307376862,0.078459098935127,0.000000000000000
-167.902267456054688,-1.979562163352966,64.000000000000000,0.996917307376862,0.078459098935127,0.000000000000000
-167.902267456054688,-1.979562163352966,57.599998474121094,0.996917307376862,0.078459098935127,0.000000000000000
-167.902267456054688,-1.979562163352966,60.799999237060547,0.996917307376862,0.078459098935127,0.000000000000000
-167.902267456054688,-1.979562163352966,54.400001525878906,0.996917307376862,0.078459098935127,0.000000000000000
-167.651199340820312,-5.169697761535645,60.799999237060547,0.996917307376862,0.078459098935127,0.000000000000000
-167.651199340820312,-5.169697761535645,64.000000000000000,0.996917307376862,0.078459098935127,0.000000000000000
-167.651199340820312,-5.169697761535645,57.599998474121094,0.996917307376862,0.078459098935127,0.000000000000000
-167.651199340820312,-5.169697761535645,54.400001525878906,0.996917307376862,0.078459098935127,0.000000000000000
-167.400131225585938,-8.359832763671875,64.000000000000000,0.996917307376862,0.078459098935127,0.000000000000000
-167.400131225585938,-8.359832763671875,57.599998474121094,0.996917307376862,0.078459098935127,0.000000000000000
-167.400131225585938,-8.359832763671875,60.799999237060547,0.996917307376862,0.078459098935127,0.000000000000000
-167.149063110351562,-11.549968719482422,73.599998474121094,0.996917307376862,0.078459098935127,0.000000000000000
-167.400131225585938,-8.359832763671875,54.400001525878906,0.996917307376862,0.078459098935127,0.000000000000000
-167.149063110351562,-11.549968719482422,54.400001525878906,0.996917307376862,0.078459098935127,0.000000000000000
-167.149063110351562,-11.549968719482422,57.599998474121094,0.996917307376862,0.078459098935127,0.000000000000000
-167.149063110351562,-11.549968719482422,64.000000000000000,0.996917307376862,0.078459098935127,0.000000000000000
-167.149063110351562,-11.549968719482422,60.799999237060547,0.996917307376862,0.078459098935127,0.000000000000000
-166.897994995117188,-14.740103721618652,60.799999237060547,0.996917307376862,0.078459098935127,0.000000000000000
-166.897994995117188,-14.740103721618652,57.599998474121094,0.996917307376862,0.078459098935127,0.000000000000000
-166.897994995117188,-14.740103721618652,64.000000000000000,0.996917307376862,0.078459098935127,0.000000000000000
-166.897994995117188,-14.740103721618652,54.400001525878906,0.996917307376862,0.078459098935127,0.000000000000000
-166.646926879882812,-17.930238723754883,54.400001525878906,0.996917307376862,0.078459098935127,0.000000000000000
-167.149063110351562,-11.549968719482422,76.800003051757812,0.996917307376862,0.078459098935127,0.000000000000000
-166.646926879882812,-17.930238723754883,57.599998474121094,0.996917307376862,0.078459098935127,0.000000000000000
-166.395858764648438,-21.120374679565430,54.400001525878906,0.996917307376862,0.078459098935127,0.000000000000000
-166.646926879882812,-17.930238723754883,60.799999237060547,0.996917307376862,0.078459098935127,0.000000000000000
-166.395858764648438,-21.120374679565430,57.599998474121094,0.996917307376862,0.078459098935127,0.000000000000000
-166.646926879882812,-17.930238723754883,64.000000000000000,0.996917307376862,0.078459098935127,0.000000000000000
-166.144790649414062,-24.310510635375977,54.400001525878906,0.996917307376862,0.078459098935127,0.000000000000000
-166.395858764648438,-21.120374679565430,60.799999237060547,0.996917307376862,0.078459098935127,0.000000000000000
-166.144790649414062,-24.310510635375977,57.599998474121094,0.996917307376862,0.078459098935127,0.000000000000000
-166.395858764648438,-21.120374679565430,64.000000000000000,0.996917307376862,0.078459098935127,0.000000000000000
-166.144790649414062,-24.310510635375977,60.799999237060547,0.996917307376862,0.078459098935127,0.000000000000000
-166.144790649414062,-24.310510635375977,64.000000000000000,0.996917307376862,0.078459098935127,0.000000000000000
-166.646926879882812,-17.930238723754883,76.800003051757812,0.996917307376862,0.078459098935127,0.000000000000000
-166.395858764648438,-21.120374679565430,70.400001525878906,0.996917307376862,0.078459098935127,0.000000000000000
-166.395858764648438,-21.120374679565430,76.800003051757812,0.996917307376862,0.078459098935127,0.000000000000000
-166.395858764648438,-21.120374679565430,67.199996948242188,0.996917307376862,0.078459098935127,0.000000000000000
-166.395858764648438,-21.120374679565430,73.599998474121094,0.996917307376862,0.078459098935127,0.000000000000000
-166.144790649414062,-24.310510635375977,73.599998474121094,0.996917307376862,0.078459098935127,0.000000000000000
-166.144790649414062,-24.310510635375977,76.800003051757812,0.996917307376862,0.078459098935127,0.000000000000000
-166.646926879882812,-17.930238723754883,73.599998474121094,0.996917307376862,0.078459098935127,0.000000000000000
-166.897994995117188,-14.740103721618652,73.599998474121094,0.996917307376862,0.078459098935127,0.000000000000000
-166.646926879882812,-17.930238723754883,67.199996948242188,0.996917307376862,0.078459098935127,0.000000000000000
-166.144790649414062,-24.310510635375977,70.400001525878906,0.996917307376862,0.078459098935127,0.000000000000000
-166.646926879882812,-17.930238723754883,70.400001525878906,0.996917307376862,0.078459098935127,0.000000000000000
-166.897994995117188,-14.740103721618652,76.800003051757812,0.996917307376862,0.078459098935127,0.000000000000000
-166.144790649414062,-24.310510635375977,67.199996948242188,0.996917307376862,0.078459098935127,0.000000000000000
-167.902267456054688,1.979563355445862,90.400001525878906,0.996917307376862,0.078459098935127,0.000000000000000
-167.651199340820312,5.169698715209961,90.400001525878906,0.996917307376862,0.078459098935127,0.000000000000000
-167.400131225585938,8.359834671020508,80.800003051757812,0.996917307376862,0.078459098935127,0.000000000000000
-167.902267456054688,1.979563355445862,87.199996948242188,0.996917307376862,0.078459098935127,0.000000000000000
-167.149063110351562,11.549969673156738,87.199996948242188,0.996917307376862,0.078459098935127,0.000000000000000
-167.400131225585938,8.359834671020508,87.199996948242188,0.996917307376862,0.078459098935127,0.000000000000000
-167.149063110351562,11.549969673156738,90.400001525878906,0.996917307376862,0.078459098935127,0.000000000000000
-167.902267456054688,1.979563355445862,80.800003051757812,0.996917307376862,0.078459098935127,0.000000000000000
-167.651199340820312,5.169698715209961,84.000000000000000,0.996917307376862,0.078459098935127,0.000000000000000
-167.149063110351562,11.549969673156738,80.800003051757812,0.996917307376862,0.078459098935127,0.000000000000000
-167.651199340820312,5.169698715209961,87.199996948242188,0.996917307376862,0.078459098935127,0.000000000000000
-167.149063110351562,11.549969673156738,84.000000000000000,0.996917307376862,0.078459098935127,0.000000000000000
-167.400131225585938,8.359834671020508,90.400001525878906,0.996917307376862,0.078459098935127,0.000000000000000
-167.400131225585938,8.359834671020508,84.000000000000000,0.996917307376862,0.078459098935127,0.000000000000000
-167.902267456054688,1.979563355445862,84.000000000000000,0.996917307376862,0.078459098935127,0.000000000000000
-167.651199340820312,5.169698715209961,80.800003051757812,0.996917307376862,0.078459098935127,0.000000000000000
-167.902267456054688,1.979563355445862,93.599998474121094,0.996917307376862,0.078459098935127,0.000000000000000
-167.651199340820312,5.169698715209961,93.599998474121094,0.996917307376862,0.078459098935127,0.000000000000000
-167.902267456054688,1.979563355445862,96.800003051757812,0.996917307376862,0.078459098935127,0.000000000000000
-167.651199340820312,5.169698715209961,96.800003051757812,0.996917307376862,0.078459098935127,0.000000000000000
-167.902267456054688,1.979563355445862,103.199996948242188,0.996917307376862,0.078459098935127,0.000000000000000
-167.902267456054688,1.979563355445862,100.000000000000000,0.996917307376862,0.078459098935127,0.000000000000000
-167.651199340820312,5.169698715209961,103.199996948242188,0.996917307376862,0.078459098935127,0.000000000000000
-167.651199340820312,5.169698715209961,100.000000000000000,0.996917307376862,0.078459098935127,0.000000000000000
-167.400131225585938,8.359834671020508,93.599998474121094,0.996917307376862,0.078459098935127,0.000000000000000
-167.400131225585938,8.359834671020508,100.000000000000000,0.996917307376862,0.078459098935127,0.000000000000000
-167.400131225585938,8.359834671020508,96.800003051757812,0.996917307376862,0.078459098935127,0.000000000000000
-166.897994995117188,14.740105628967285,90.400001525878906,0.996917307376862,0.078459098935127,0.000000000000000
-167.400131225585938,8.359834671020508,103.199996948242188,0.996917307376862,0.078459098935127,0.000000000000000
-167.149063110351562,11.549969673156738,93.599998474121094,0.996917307376862,0.078459098935127,0.000000000000000
-167.149063110351562,11.549969673156738,103.199996948242188,0.996917307376862,0.078459098935127,0.000000000000000
-167.149063110351562,11.549969673156738,100.000000000000000,0.996917307376862,0.078459098935127,0.000000000000000
-167.149063110351562,11.549969673156738,96.800003051757812,0.996917307376862,0.078459098935127,0.000000000000000
-166.897994995117188,14.740105628967285,93.599998474121094,0.996917307376862,0.078459098935127,0.000000000000000
-166.897994995117188,14.740105628967285,96.800003051757812,0.996917307376862,0.078459098935127,0.000000000000000
-166.897994995117188,14.740105628967285,103.199996948242188,0.996917307376862,0.078459098935127,0.000000000000000
-166.897994995117188,14.740105628967285,100.000000000000000,0.996917307376862,0.078459098935127,0.000000000000000
-166.646926879882812,17.930240631103516,103.199996948242188,0.996917307376862,0.078459098935127,0.000000000000000
-166.897994995117188,14.740105628967285,87.199996948242188,0.996917307376862,0.078459098935127,0.000000000000000
-166.646926879882812,17.930240631103516,100.000000000000000,0.996917307376862,0.078459098935127,0.000000000000000
-166.646926879882812,17.930240631103516,96.800003051757812,0.996917307376862,0.078459098935127,0.000000000000000
-166.646926879882812,17.930240631103516,93.599998474121094,0.996917307376862,0.078459098935127,0.000000000000000
-166.395858764648438,21.120376586914062,100.000000000000000,0.996917307376862,0.078459098935127,0.000000000000000
-166.395858764648438,21.120376586914062,103.199996948242188,0.996917307376862,0.078459098935127,0.000000000000000
-166.144790649414062,24.310512542724609,103.199996948242188,0.996917307376862,0.078459098935127,0.000000000000000
-166.395858764648438,21.120376586914062,93.599998474121094,0.996917307376862,0.078459098935127,0.000000000000000
-166.144790649414062,24.310512542724609,100.000000000000000,0.996917307376862,0.078459098935127,0.000000000000000
-166.395858764648438,21.120376586914062,96.800003051757812,0.996917307376862,0.078459098935127,0.000000000000000
-166.144790649414062,24.310512542724609,93.599998474121094,0.996917307376862,0.078459098935127,0.000000000000000
-166.144790649414062,24.310512542724609,96.800003051757812,0.996917307376862,0.078459098935127,0.000000000000000
-166.646926879882812,17.930240631103516,84.000000000000000,0.996917307376862,0.078459098935127,0.000000000000000
-166.395858764648438,21.120376586914062,84.000000000000000,0.996917307376862,0.078459098935127,0.000000000000000
-166.395858764648438,21.120376586914062,80.800003051757812,0.996917307376862,0.078459098935127,0.000000000000000
-166.395858764648438,21.120376586914062,90.400001525878906,0.996917307376862,0.078459098935127,0.000000000000000
-166.395858764648438,21.120376586914062,87.199996948242188,0.996917307376862,0.078459098935127,0.000000000000000
-166.144790649414062,24.310512542724609,84.000000000000000,0.996917307376862,0.078459098935127,0.000000000000000
-166.144790649414062,24.310512542724609,80.800003051757812,0.996917307376862,0.078459098935127,0.000000000000000
-166.646926879882812,17.930240631103516,80.800003051757812,0.996917307376862,0.078459098935127,0.000000000000000
-166.897994995117188,14.740105628967285,80.800003051757812,0.996917307376862,0.078459098935127,0.000000000000000
-166.646926879882812,17.930240631103516,90.400001525878906,0.996917307376862,0.078459098935127,0.000000000000000
-166.144790649414062,24.310512542724609,87.199996948242188,0.996917307376862,0.078459098935127,0.000000000000000
-166.646926879882812,17.930240631103516,87.199996948242188,0.996917307376862,0.078459098935127,0.000000000000000
-166.897994995117188,14.740105628967285,84.000000000000000,0.996917307376862,0.078459098935127,0.000000000000000
-166.144790649414062,24.310512542724609,90.400001525878906,0.996917307376862,0.078459098935127,0.000000000000000
-166.144790649414062,24.310512542724609,67.199996948242188,0.996917307376862,0.078459098935127,0.000000000000000
-166.395858764648438,21.120376586914062,67.199996948242188,0.996917307376862,0.078459098935127,0.000000000000000
-166.897994995117188,14.740105628967285,70.400001525878906,0.996917307376862,0.078459098935127,0.000000000000000
-166.395858764648438,21.120376586914062,70.400001525878906,0.996917307376862,0.078459098935127,0.000000000000000
-166.897994995117188,14.740105628967285,67.199996948242188,0.996917307376862,0.078459098935127,0.000000000000000
-166.144790649414062,24.310512542724609,73.599998474121094,0.996917307376862,0.078459098935127,0.000000000000000
-166.646926879882812,17.930240631103516,73.599998474121094,0.996917307376862,0.078459098935127,0.000000000000000
-166.144790649414062,24.310512542724609,76.800003051757812,0.996917307376862,0.078459098935127,0.000000000000000
-166.395858764648438,21.120376586914062,73.599998474121094,0.996917307376862,0.078459098935127,0.000000000000000
-167.149063110351562,11.549969673156738,67.199996948242188,0.996917307376862,0.078459098935127,0.000000000000000
-166.144790649414062,24.310512542724609,70.400001525878906,0.996917307376862,0.078459098935127,0.000000000000000
-167.149063110351562,11.549969673156738,70.400001525878906,0.996917307376862,0.078459098935127,0.000000000000000
-166.646926879882812,17.930240631103516,67.199996948242188,0.996917307376862,0.078459098935127,0.000000000000000
-166.646926879882812,17.930240631103516,76.800003051757812,0.996917307376862,0.078459098935127,0.000000000000000
-166.646926879882812,17.930240631103516,70.400001525878906,0.996917307376862,0.078459098935127,0.000000000000000
-166.395858764648438,21.120376586914062,76.800003051757812,0.996917307376862,0.078459098935127,0.000000000000000
-166.144790649414062,24.310512542724609,64.000000000000000,0.996917307376862,0.078459098935127,0.000000000000000
-166.144790649414062,24.310512542724609,57.599998474121094,0.996917307376862,0.078459098935127,0.000000000000000
-166.144790649414062,24.310512542724609,60.799999237060547,0.996917307376862,0.078459098935127,0.000000000000000
-166.144790649414062,24.310512542724609,54.400001525878906,0.996917307376862,0.078459098935127,0.000000000000000
-166.395858764648438,21.120376586914062,60.799999237060547,0.996917307376862,0.078459098935127,0.000000000000000
-166.395858764648438,21.120376586914062,64.000000000000000,0.996917307376862,0.078459098935127,0.000000000000000
-166.395858764648438,21.120376586914062,57.599998474121094,0.996917307376862,0.078459098935127,0.000000000000000
-166.395858764648438,21.120376586914062,54.400001525878906,0.996917307376862,0.078459098935127,0.000000000000000
-166.646926879882812,17.930240631103516,64.000000000000000,0.996917307376862,0.078459098935127,0.000000000000000
-166.646926879882812,17.930240631103516,57.599998474121094,0.996917307376862,0.078459098935127,0.000000000000000
-166.646926879882812,17.930240631103516,60.799999237060547,0.996917307376862,0.078459098935127,0.000000000000000
-166.897994995117188,14.740105628967285,73.599998474121094,0.996917307376862,0.078459098935127,0.000000000000000
-166.646926879882812,17.930240631103516,54.400001525878906,0.996917307376862,0.078459098935127,0.000000000000000
-166.897994995117188,14.740105628967285,54.400001525878906,0.996917307376862,0.078459098935127,0.000000000000000
-166.897994995117188,14.740105628967285,57.599998474121094,0.996917307376862,0.078459098935127,0.000000000000000
-166.897994995117188,14.740105628967285,64.000000000000000,0.996917307376862,0.078459098935127,0.000000000000000
-166.897994995117188,14.740105628967285,60.799999237060547,0.996917307376862,0.078459098935127,0.000000000000000
-167.149063110351562,11.549969673156738,60.799999237060547,0.996917307376862,0.078459098935127,0.000000000000000
-167.149063110351562,11.549969673156738,57.599998474121094,0.996917307376862,0.078459098935127,0.000000000000000
-167.149063110351562,11.549969673156738,64.000000000000000,0.996917307376862,0.078459098935127,0.000000000000000
-167.149063110351562,11.549969673156738,54.400001525878906,0.996917307376862,0.078459098935127,0.000000000000000
-167.400131225585938,8.359834671020508,54.400001525878906,0.996917307376862,0.078459098935127,0.000000000000000
-166.897994995117188,14.740105628967285,76.800003051757812,0.996917307376862,0.078459098935127,0.000000000000000
-167.400131225585938,8.359834671020508,57.599998474121094,0.996917307376862,0.078459098935127,0.000000000000000
-167.651199340820312,5.169698715209961,54.400001525878906,0.996917307376862,0.078459098935127,0.000000000000000
-167.400131225585938,8.359834671020508,60.799999237060547,0.996917307376862,0.078459098935127,0.000000000000000
-167.651199340820312,5.169698715209961,57.599998474121094,0.996917307376862,0.078459098935127,0.000000000000000
-167.400131225585938,8.359834671020508,64.000000000000000,0.996917307376862,0.078459098935127,0.000000000000000
-167.902267456054688,1.979563355445862,54.400001525878906,0.996917307376862,0.078459098935127,0.000000000000000
-167.651199340820312,5.169698715209961,60.799999237060547,0.996917307376862,0.078459098935127,0.000000000000000
-167.902267456054688,1.979563355445862,57.599998474121094,0.996917307376862,0.078459098935127,0.000000000000000
-167.651199340820312,5.169698715209961,64.000000000000000,0.996917307376862,0.078459098935127,0.000000000000000
-167.902267456054688,1.979563355445862,60.799999237060547,0.996917307376862,0.078459098935127,0.000000000000000
-167.902267456054688,1.979563355445862,64.000000000000000,0.996917307376862,0.078459098935127,0.000000000000000
-167.400131225585938,8.359834671020508,76.800003051757812,0.996917307376862,0.078459098935127,0.000000000000000
-167.651199340820312,5.169698715209961,70.400001525878906,0.996917307376862,0.078459098935127,0.000000000000000
-167.651199340820312,5.169698715209961,76.800003051757812,0.996917307376862,0.078459098935127,0.000000000000000
-167.651199340820312,5.169698715209961,67.199996948242188,0.996917307376862,0.078459098935127,0.000000000000000
-167.651199340820312,5.169698715209961,73.599998474121094,0.996917307376862,0.078459098935127,0.000000000000000
-167.902267456054688,1.979563355445862,73.599998474121094,0.996917307376862,0.078459098935127,0.000000000000000
-167.902267456054688,1.979563355445862,76.800003051757812,0.996917307376862,0.078459098935127,0.000000000000000
-167.400131225585938,8.359834671020508,73.599998474121094,0.996917307376862,0.078459098935127,0.000000000000000
-167.149063110351562,11.549969673156738,73.599998474121094,0.996917307376862,0.078459098935127,0.000000000000000
-167.400131225585938,8.359834671020508,67.199996948242188,0.996917307376862,0.078459098935127,0.000000000000000
-167.902267456054688,1.979563355445862,70.400001525878906,0.996917307376862,0.078459098935127,0.000000000000000
-167.400131225585938,8.359834671020508,70.400001525878906,0.996917307376862,0.078459098935127,0.000000000000000
-167.149063110351562,11.549969673156738,76.800003051757812,0.996917307376862,0.078459098935127,0.000000000000000
-167.902267456054688,1.979563355445862,67.199996948242188,0.996917307376862,0.078459098935127,0.000000000000000
-165.525451660156250,28.220893859863281,90.400001525878906,0.972369909286499,0.233445361256599,0.000000000000000
-164.778411865234375,31.332477569580078,90.400001525878906,0.972369909286499,0.233445361256599,0.000000000000000
-164.031387329101562,34.444061279296875,80.800003051757812,0.972369909286499,0.233445361256599,0.000000000000000
-165.525451660156250,28.220893859863281,87.199996948242188,0.972369909286499,0.233445361256599,0.000000000000000
-163.284362792968750,37.555644989013672,87.199996948242188,0.972369909286499,0.233445361256599,0.000000000000000
-164.031387329101562,34.444061279296875,87.199996948242188,0.972369909286499,0.233445361256599,0.000000000000000
-163.284362792968750,37.555644989013672,90.400001525878906,0.972369909286499,0.233445361256599,0.000000000000000
-165.525451660156250,28.220893859863281,80.800003051757812,0.972369909286499,0.233445361256599,0.000000000000000
-164.778411865234375,31.332477569580078,84.000000000000000,0.972369909286499,0.233445361256599,0.000000000000000
-163.284362792968750,37.555644989013672,80.800003051757812,0.972369909286499,0.233445361256599,0.000000000000000
-164.778411865234375,31.332477569580078,87.199996948242188,0.972369909286499,0.233445361256599,0.000000000000000
-163.284362792968750,37.555644989013672,84.000000000000000,0.972369909286499,0.233445361256599,0.000000000000000
-164.031387329101562,34.444061279296875,90.400001525878906,0.972369909286499,0.233445361256599,0.000000000000000
-164.031387329101562,34.444061279296875,84.000000000000000,0.972369909286499,0.233445361256599,0.000000000000000
-165.525451660156250,28.220893859863281,84.000000000000000,0.972369909286499,0.233445361256599,0.000000000000000
-164.778411865234375,31.332477569580078,80.800003051757812,0.972369909286499,0.233445361256599,0.000000000000000
-165.525451660156250,28.220893859863281,93.599998474121094,0.972369909286499,0.233445361256599,0.000000000000000
-164.778411865234375,31.332477569580078,93.599998474121094,0.972369909286499,0.233445361256599,0.000000000000000
-165.525451660156250,28.220893859863281,96.800003051757812,0.972369909286499,0.233445361256599,0.000000000000000
-164.778411865234375,31.332477569580078,96.800003051757812,0.972369909286499,0.233445361256599,0.000000000000000
-165.525451660156250,28.220893859863281,103.199996948242188,0.972369909286499,0.233445361256599,0.000000000000000
-165.525451660156250,28.220893859863281,100.000000000000000,0.972369909286499,0.233445361256599,0.000000000000000
-164.778411865234375,31.332477569580078,103.199996948242188,0.972369909286499,0.233445361256599,0.000000000000000
-164.778411865234375,31.332477569580078,100.000000000000000,0.972369909286499,0.233445361256599,0.000000000000000
-164.031387329101562,34.444061279296875,93.599998474121094,0.972369909286499,0.233445361256599,0.000000000000000
-164.031387329101562,34.444061279296875,100.000000000000000,0.972369909286499,0.233445361256599,0.000000000000000
-164.031387329101562,34.444061279296875,96.800003051757812,0.972369909286499,0.233445361256599,0.000000000000000
-162.537338256835938,40.667228698730469,90.400001525878906,0.972369909286499,0.233445361256599,0.000000000000000
-164.031387329101562,34.444061279296875,103.199996948242188,0.972369909286499,0.233445361256599,0.000000000000000
-163.284362792968750,37.555644989013672,93.599998474121094,0.972369909286499,0.233445361256599,0.000000000000000
-163.284362792968750,37.555644989013672,103.199996948242188,0.972369909286499,0.233445361256599,0.000000000000000
-163.284362792968750,37.555644989013672,100.000000000000000,0.972369909286499,0.233445361256599,0.000000000000000
-163.284362792968750,37.555644989013672,96.800003051757812,0.972369909286499,0.233445361256599,0.000000000000000
-162.537338256835938,40.667228698730469,93.599998474121094,0.972369909286499,0.233445361256599,0.000000000000000
-162.537338256835938,40.667228698730469,96.800003051757812,0.972369909286499,0.233445361256599,0.000000000000000
-162.537338256835938,40.667228698730469,103.199996948242188,0.972369909286499,0.233445361256599,0.000000000000000
-162.537338256835938,40.667228698730469,100.000000000000000,0.972369909286499,0.233445361256599,0.000000000000000
-161.790313720703125,43.778812408447266,103.199996948242188,0.972369909286499,0.233445361256599,0.000000000000000
-162.537338256835938,40.667228698730469,87.199996948242188,0.972369909286499,0.233445361256599,0.000000000000000
-161.790313720703125,43.778812408447266,100.000000000000000,0.972369909286499,0.233445361256599,0.000000000000000
-161.790313720703125,43.778812408447266,96.800003051757812,0.972369909286499,0.233445361256599,0.000000000000000
-161.790313720703125,43.778812408447266,93.599998474121094,0.972369909286499,0.233445361256599,0.000000000000000
-161.043289184570312,46.890396118164062,100.000000000000000,0.972369909286499,0.233445361256599,0.000000000000000
-161.043289184570312,46.890396118164062,103.199996948242188,0.972369909286499,0.233445361256599,0.000000000000000
-160.296264648437500,50.001979827880859,103.199996948242188,0.972369909286499,0.233445361256599,0.000000000000000
-161.043289184570312,46.890396118164062,93.599998474121094,0.972369909286499,0.233445361256599,0.000000000000000
-160.296264648437500,50.001979827880859,100.000000000000000,0.972369909286499,0.233445361256599,0.000000000000000
-161.043289184570312,46.890396118164062,96.800003051757812,0.972369909286499,0.233445361256599,0.000000000000000
-160.296264648437500,50.001979827880859,93.599998474121094,0.972369909286499,0.233445361256599,0.000000000000000
-160.296264648437500,50.001979827880859,96.800003051757812,0.972369909286499,0.233445361256599,0.000000000000000
-161.790313720703125,43.778812408447266,84.000000000000000,0.972369909286499,0.233445361256599,0.000000000000000
-161.043289184570312,46.890396118164062,84.000000000000000,0.972369909286499,0.233445361256599,0.000000000000000
-161.043289184570312,46.890396118164062,80.800003051757812,0.972369909286499,0.233445361256599,0.000000000000000
-161.043289184570312,46.890396118164062,90.400001525878906,0.972369909286499,0.233445361256599,0.000000000000000
-161.043289184570312,46.890396118164062,87.199996948242188,0.972369909286499,0.233445361256599,0.000000000000000
-160.296264648437500,50.001979827880859,84.000000000000000,0.972369909286499,0.233445361256599,0.000000000000000
-160.296264648437500,50.001979827880859,80.800003051757812,0.972369909286499,0.233445361256599,0.000000000000000
-161.790313720703125,43.778812408447266,80.800003051757812,0.972369909286499,0.233445361256599,0.000000000000000
-162.537338256835938,40.667228698730469,80.800003051757812,0.972369909286499,0.233445361256599,0.000000000000000
-161.790313720703125,43.778812408447266,90.400001525878906,0.972369909286499,0.233445361256599,0.000000000000000
-160.296264648437500,50.001979827880859,87.199996948242188,0.972369909286499,0.233445361256599,0.000000000000000
-161.790313720703125,43.778812408447266,87.199996948242188,0.972369909286499,0.233445361256599,0.000000000000000
-162.537338256835938,40.667228698730469,84.000000000000000,0.972369909286499,0.233445361256599,0.000000000000000
-160.296264648437500,50.001979827880859,90.400001525878906,0.972369909286499,0.233445361256599,0.000000000000000
-160.296264648437500,50.001979827880859,67.199996948242188,0.972369909286499,0.233445361256599,0.000000000000000
-161.043289184570312,46.890396118164062,67.199996948242188,0.972369909286499,0.233445361256599,0.000000000000000
-162.537338256835938,40.667228698730469,70.400001525878906,0.972369909286499,0.233445361256599,0.000000000000000
-161.043289184570312,46.890396118164062,70.400001525878906,0.972369909286499,0.233445361256599,0.000000000000000
-162.537338256835938,40.667228698730469,67.199996948242188,0.972369909286499,0.233445361256599,0.000000000000000
-160.296264648437500,50.001979827880859,73.599998474121094,0.972369909286499,0.233445361256599,0.000000000000000
-161.790313720703125,43.778812408447266,73.599998474121094,0.972369909286499,0.233445361256599,0.000000000000000
-160.296264648437500,50.001979827880859,76.800003051757812,0.972369909286499,0.233445361256599,0.000000000000000
-161.043289184570312,46.890396118164062,73.599998474121094,0.972369909286499,0.233445361256599,0.000000000000000
-163.284362792968750,37.555644989013672,67.199996948242188,0.972369909286499,0.233445361256599,0.000000000000000
-160.296264648437500,50.001979827880859,70.400001525878906,0.972369909286499,0.233445361256599,0.000000000000000
-163.284362792968750,37.555644989013672,70.400001525878906,0.972369909286499,0.233445361256599,0.000000000000000
-161.790313720703125,43.778812408447266,67.199996948242188,0.972369909286499,0.233445361256599,0.000000000000000
-161.790313720703125,43.778812408447266,76.800003051757812,0.972369909286499,0.233445361256599,0.000000000000000
-161.790313720703125,43.778812408447266,70.400001525878906,0.972369909286499,0.233445361256599,0.000000000000000
-161.043289184570312,46.890396118164062,76.800003051757812,0.972369909286499,0.233445361256599,0.000000000000000
-160.296264648437500,50.001979827880859,64.000000000000000,0.972369909286499,0.233445361256599,0.000000000000000
-160.296264648437500,50.001979827880859,57.599998474121094,0.972369909286499,0.233445361256599,0.000000000000000
-160.296264648437500,50.001979827880859,60.799999237060547,0.972369909286499,0.233445361256599,0.000000000000000
-160.296264648437500,50.001979827880859,54.400001525878906,0.972369909286499,0.233445361256599,0.000000000000000
-161.043289184570312,46.890396118164062,60.799999237060547,0.972369909286499,0.233445361256599,0.000000000000000
-161.043289184570312,46.890396118164062,64.000000000000000,0.972369909286499,0.233445361256599,0.000000000000000
-161.043289184570312,46.890396118164062,57.599998474121094,0.972369909286499,0.233445361256599,0.000000000000000
-161.043289184570312,46.890396118164062,54.400001525878906,0.972369909286499,0.233445361256599,0.000000000000000
-161.790313720703125,43.778812408447266,64.000000000000000,0.972369909286499,0.233445361256599,0.000000000000000
-161.790313720703125,43.778812408447266,57.599998474121094,0.972369909286499,0.233445361256599,0.000000000000000
-161.790313720703125,43.778812408447266,60.799999237060547,0.972369909286499,0.233445361256599,0.000000000000000
-162.537338256835938,40.667228698730469,73.599998474121094,0.972369909286499,0.233445361256599,0.000000000000000
-161.790313720703125,43.778812408447266,54.400001525878906,0.972369909286499,0.233445361256599,0.000000000000000
-162.537338256835938,40.667228698730469,54.400001525878906,0.972369909286499,0.233445361256599,0.000000000000000
-162.537338256835938,40.667228698730469,57.599998474121094,0.972369909286499,0.233445361256599,0.000000000000000
-162.537338256835938,40.667228698730469,64.000000000000000,0.972369909286499,0.233445361256599,0.000000000000000
-162.537338256835938,40.667228698730469,60.799999237060547,0.972369909286499,0.233445361256599,0.000000000000000
-163.284362792968750,37.555644989013672,60.799999237060547,0.972369909286499,0.233445361256599,0.000000000000000
-163.284362792968750,37.555644989013672,57.599998474121094,0.972369909286499,0.233445361256599,0.000000000000000
-163.284362792968750,37.555644989013672,64.000000000000000,0.972369909286499,0.233445361256599,0.000000000000000
-163.284362792968750,37.555644989013672,54.400001525878906,0.972369909286499,0.233445361256599,0.000000000000000
-164.031387329101562,34.444061279296875,54.400001525878906,0.972369909286499,0.233445361256599,0.000000000000000
-162.537338256835938,40.667228698730469,76.800003051757812,0.972369909286499,0.233445361256599,0.000000000000000
-164.031387329101562,34.444061279296875,57.599998474121094,0.972369909286499,0.233445361256599,0.000000000000000
-164.778411865234375,31.332477569580078,54.400001525878906,0.972369909286499,0.233445361256599,0.000000000000000
-164.031387329101562,34.444061279296875,60.799999237060547,0.972369909286499,0.233445361256599,0.000000000000000
-164.778411865234375,31.332477569580078,57.599998474121094,0.972369909286499,0.233445361256599,0.000000000000000
-164.031387329101562,34.444061279296875,64.000000000000000,0.972369909286499,0.233445361256599,0.000000000000000
-165.525451660156250,28.220893859863281,54.400001525878906,0.972369909286499,0.233445361256599,0.000000000000000
-164.778411865234375,31.332477569580078,60.799999237060547,0.972369909286499,0.233445361256599,0.000000000000000
-165.525451660156250,28.220893859863281,57.599998474121094,0.972369909286499,0.233445361256599,0.000000000000000
-164.778411865234375,31.332477569580078,64.000000000000000,0.972369909286499,0.233445361256599,0.000000000000000
-165.525451660156250,28.220893859863281,60.799999237060547,0.972369909286499,0.233445361256599,0.000000000000000
-165.525451660156250,28.220893859863281,64.000000000000000,0.972369909286499,0.233445361256599,0.000000000000000
-164.031387329101562,34.444061279296875,76.800003051757812,0.972369909286499,0.233445361256599,0.000000000000000
-164.778411865234375,31.332477569580078,70.400001525878906,0.972369909286499,0.233445361256599,0.000000000000000
-164.778411865234375,31.332477569580078,76.800003051757812,0.972369909286499,0.233445361256599,0.000000000000000
-164.778411865234375,31.332477569580078,67.199996948242188,0.972369909286499,0.233445361256599,0.000000000000000
-164.778411865234375,31.332477569580078,73.599998474121094,0.972369909286499,0.233445361256599,0.000000000000000
-165.525451660156250,28.220893859863281,73.599998474121094,0.972369909286499,0.233445361256599,0.000000000000000
-165.525451660156250,28.220893859863281,76.800003051757812,0.972369909286499,0.233445361256599,0.000000000000000
-164.031387329101562,34.444061279296875,73.599998474121094,0.972369909286499,0.233445361256599,0.000000000000000
-163.284362792968750,37.555644989013672,73.599998474121094,0.972369909286499,0.233445361256599,0.000000000000000
-164.031387329101562,34.444061279296875,67.199996948242188,0.972369909286499,0.233445361256599,0.000000000000000
-165.525451660156250,28.220893859863281,70.400001525878906,0.972369909286499,0.233445361256599,0.000000000000000
-164.031387329101562,34.444061279296875,70.400001525878906,0.972369909286499,0.233445361256599,0.000000000000000
-163.284362792968750,37.555644989013672,76.800003051757812,0.972369909286499,0.233445361256599,0.000000000000000
-165.525451660156250,28.220893859863281,67.199996948242188,0.972369909286499,0.233445361256599,0.000000000000000
-165.525451660156250,28.220893859863281,37.599998474121094,0.972369909286499,0.233445361256599,0.000000000000000
-164.778411865234375,31.332477569580078,37.599998474121094,0.972369909286499,0.233445361256599,0.000000000000000
-164.031387329101562,34.444061279296875,28.000000000000000,0.972369909286499,0.233445361256599,0.000000000000000
-165.525451660156250,28.220893859863281,34.400001525878906,0.972369909286499,0.233445361256599,0.000000000000000
-163.284362792968750,37.555644989013672,34.400001525878906,0.972369909286499,0.233445361256599,0.000000000000000
-164.031387329101562,34.444061279296875,34.400001525878906,0.972369909286499,0.233445361256599,0.000000000000000
-163.284362792968750,37.555644989013672,37.599998474121094,0.972369909286499,0.233445361256599,0.000000000000000
-165.525451660156250,28.220893859863281,28.000000000000000,0.972369909286499,0.233445361256599,0.000000000000000
-164.778411865234375,31.332477569580078,31.200000762939453,0.972369909286499,0.233445361256599,0.000000000000000
-163.284362792968750,37.555644989013672,28.000000000000000,0.972369909286499,0.233445361256599,0.000000000000000
-164.778411865234375,31.332477569580078,34.400001525878906,0.972369909286499,0.233445361256599,0.000000000000000
-163.284362792968750,37.555644989013672,31.200000762939453,0.972369909286499,0.233445361256599,0.000000000000000
-164.031387329101562,34.444061279296875,37.599998474121094,0.972369909286499,0.233445361256599,0.000000000000000
-164.031387329101562,34.444061279296875,31.200000762939453,0.972369909286499,0.233445361256599,0.000000000000000
-165.525451660156250,28.220893859863281,31.200000762939453,0.972369909286499,0.233445361256599,0.000000000000000
-164.778411865234375,31.332477569580078,28.000000000000000,0.972369909286499,0.233445361256599,0.000000000000000
-165.525451660156250,28.220893859863281,40.799999237060547,0.972369909286499,0.233445361256599,0.000000000000000
-164.778411865234375,31.332477569580078,40.799999237060547,0.972369909286499,0.233445361256599,0.000000000000000
-165.525451660156250,28.220893859863281,44.000000000000000,0.972369909286499,0.233445361256599,0.000000000000000
-164.778411865234375,31.332477569580078,44.000000000000000,0.972369909286499,0.233445361256599,0.000000000000000
-165.525451660156250,28.220893859863281,50.400001525878906,0.972369909286499,0.233445361256599,0.000000000000000
-165.525451660156250,28.220893859863281,47.200000762939453,0.972369909286499,0.233445361256599,0.000000000000000
-164.778411865234375,31.332477569580078,50.400001525878906,0.972369909286499,0.233445361256599,0.000000000000000
-164.778411865234375,31.332477569580078,47.200000762939453,0.972369909286499,0.233445361256599,0.000000000000000
-164.031387329101562,34.444061279296875,40.799999237060547,0.972369909286499,0.233445361256599,0.000000000000000
-164.031387329101562,34.444061279296875,47.200000762939453,0.972369909286499,0.233445361256599,0.000000000000000
-164.031387329101562,34.444061279296875,44.000000000000000,0.972369909286499,0.233445361256599,0.000000000000000
-162.537338256835938,40.667228698730469,37.599998474121094,0.972369909286499,0.233445361256599,0.000000000000000
-164.031387329101562,34.444061279296875,50.400001525878906,0.972369909286499,0.233445361256599,0.000000000000000
-163.284362792968750,37.555644989013672,40.799999237060547,0.972369909286499,0.233445361256599,0.000000000000000
-163.284362792968750,37.555644989013672,50.400001525878906,0.972369909286499,0.233445361256599,0.000000000000000
-163.284362792968750,37.555644989013672,47.200000762939453,0.972369909286499,0.233445361256599,0.000000000000000
-163.284362792968750,37.555644989013672,44.000000000000000,0.972369909286499,0.233445361256599,0.000000000000000
-162.537338256835938,40.667228698730469,40.799999237060547,0.972369909286499,0.233445361256599,0.000000000000000
-162.537338256835938,40.667228698730469,44.000000000000000,0.972369909286499,0.233445361256599,0.000000000000000
-162.537338256835938,40.667228698730469,50.400001525878906,0.972369909286499,0.233445361256599,0.000000000000000
-162.537338256835938,40.667228698730469,47.200000762939453,0.972369909286499,0.233445361256599,0.000000000000000
-161.790313720703125,43.778812408447266,50.400001525878906,0.972369909286499,0.233445361256599,0.000000000000000
-162.537338256835938,40.667228698730469,34.400001525878906,0.972369909286499,0.233445361256599,0.000000000000000
-161.790313720703125,43.778812408447266,47.200000762939453,0.972369909286499,0.233445361256599,0.000000000000000
-161.790313720703125,43.778812408447266,44.000000000000000,0.972369909286499,0.233445361256599,0.000000000000000
-161.790313720703125,43.778812408447266,40.799999237060547,0.972369909286499,0.233445361256599,0.000000000000000
-161.043289184570312,46.890396118164062,47.200000762939453,0.972369909286499,0.233445361256599,0.000000000000000
-161.043289184570312,46.890396118164062,50.400001525878906,0.972369909286499,0.233445361256599,0.000000000000000
-160.296264648437500,50.001979827880859,50.400001525878906,0.972369909286499,0.233445361256599,0.000000000000000
-161.043289184570312,46.890396118164062,40.799999237060547,0.972369909286499,0.233445361256599,0.000000000000000
-160.296264648437500,50.001979827880859,47.200000762939453,0.972369909286499,0.233445361256599,0.000000000000000
-161.043289184570312,46.890396118164062,44.000000000000000,0.972369909286499,0.233445361256599,0.000000000000000
-160.296264648437500,50.001979827880859,40.799999237060547,0.972369909286499,0.233445361256599,0.000000000000000
-160.296264648437500,50.001979827880859,44.000000000000000,0.972369909286499,0.233445361256599,0.000000000000000
-161.790313720703125,43.778812408447266,31.200000762939453,0.972369909286499,0.233445361256599,0.000000000000000
-161.043289184570312,46.890396118164062,31.200000762939453,0.972369909286499,0.233445361256599,0.000000000000000
-161.043289184570312,46.890396118164062,28.000000000000000,0.972369909286499,0.233445361256599,0.000000000000000
-161.043289184570312,46.890396118164062,37.599998474121094,0.972369909286499,0.233445361256599,0.000000000000000
-161.043289184570312,46.890396118164062,34.400001525878906,0.972369909286499,0.233445361256599,0.000000000000000
-160.296264648437500,50.001979827880859,31.200000762939453,0.972369909286499,0.233445361256599,0.000000000000000
-160.296264648437500,50.001979827880859,28.000000000000000,0.972369909286499,0.233445361256599,0.000000000000000
-161.790313720703125,43.778812408447266,28.000000000000000,0.972369909286499,0.233445361256599,0.000000000000000
-162.537338256835938,40.667228698730469,28.000000000000000,0.972369909286499,0.233445361256599,0.000000000000000
-161.790313720703125,43.778812408447266,37.599998474121094,0.972369909286499,0.233445361256599,0.000000000000000
-160.296264648437500,50.001979827880859,34.400001525878906,0.972369909286499,0.233445361256599,0.000000000000000
-161.790313720703125,43.778812408447266,34.400001525878906,0.972369909286499,0.233445361256599,0.000000000000000
-162.537338256835938,40.667228698730469,31.200000762939453,0.972369909286499,0.233445361256599,0.000000000000000
-160.296264648437500,50.001979827880859,37.599998474121094,0.972369909286499,0.233445361256599,0.000000000000000
-160.296264648437500,50.001979827880859,14.399999618530273,0.972369909286499,0.233445361256599,0.000000000000000
-161.043289184570312,46.890396118164062,14.399999618530273,0.972369909286499,0.233445361256599,0.000000000000000
-162.537338256835938,40.667228698730469,17.600000381469727,0.972369909286499,0.233445361256599,0.000000000000000
-161.043289184570312,46.890396118164062,17.600000381469727,0.972369909286499,0.233445361256599,0.000000000000000
-162.537338256835938,40.667228698730469,14.399999618530273,0.972369909286499,0.233445361256599,0.000000000000000
-160.296264648437500,50.001979827880859,20.799999237060547,0.972369909286499,0.233445361256599,0.000000000000000
-161.790313720703125,43.778812408447266,20.799999237060547,0.972369909286499,0.233445361256599,0.000000000000000
-160.296264648437500,50.001979827880859,24.000000000000000,0.972369909286499,0.233445361256599,0.000000000000000
-161.043289184570312,46.890396118164062,20.799999237060547,0.972369909286499,0.233445361256599,0.000000000000000
-163.284362792968750,37.555644989013672,14.399999618530273,0.972369909286499,0.233445361256599,0.000000000000000
-160.296264648437500,50.001979827880859,17.600000381469727,0.972369909286499,0.233445361256599,0.000000000000000
-163.284362792968750,37.555644989013672,17.600000381469727,0.972369909286499,0.233445361256599,0.000000000000000
-161.790313720703125,43.778812408447266,14.399999618530273,0.972369909286499,0.233445361256599,0.000000000000000
-161.790313720703125,43.778812408447266,24.000000000000000,0.972369909286499,0.233445361256599,0.000000000000000
-161.790313720703125,43.778812408447266,17.600000381469727,0.972369909286499,0.233445361256599,0.000000000000000
-161.043289184570312,46.890396118164062,24.000000000000000,0.972369909286499,0.233445361256599,0.000000000000000
-160.296264648437500,50.001979827880859,11.199999809265137,0.972369909286499,0.233445361256599,0.000000000000000
-160.296264648437500,50.001979827880859,4.800000190734863,0.972369909286499,0.233445361256599,0.000000000000000
-160.296264648437500,50.001979827880859,8.000000000000000,0.972369909286499,0.233445361256599,0.000000000000000
-160.296264648437500,50.001979827880859,1.600000023841858,0.972369909286499,0.233445361256599,0.000000000000000
-161.043289184570312,46.890396118164062,8.000000000000000,0.972369909286499,0.233445361256599,0.000000000000000
-161.043289184570312,46.890396118164062,11.199999809265137,0.972369909286499,0.233445361256599,0.000000000000000
-161.043289184570312,46.890396118164062,4.800000190734863,0.972369909286499,0.233445361256599,0.000000000000000
-161.043289184570312,46.890396118164062,1.600000023841858,0.972369909286499,0.233445361256599,0.000000000000000
-161.790313720703125,43.778812408447266,11.199999809265137,0.972369909286499,0.233445361256599,0.000000000000000
-161.790313720703125,43.778812408447266,4.800000190734863,0.972369909286499,0.233445361256599,0.000000000000000
-161.790313720703125,43.778812408447266,8.000000000000000,0.972369909286499,0.233445361256599,0.000000000000000
-162.537338256835938,40.667228698730469,20.799999237060547,0.972369909286499,0.233445361256599,0.000000000000000
-161.790313720703125,43.778812408447266,1.600000023841858,0.972369909286499,0.233445361256599,0.000000000000000
-162.537338256835938,40.667228698730469,1.600000023841858,0.972369909286499,0.233445361256599,0.000000000000000
-162.537338256835938,40.667228698730469,4.800000190734863,0.972369909286499,0.233445361256599,0.000000000000000
-162.537338256835938,40.667228698730469,11.199999809265137,0.972369909286499,0.233445361256599,0.000000000000000
-162.537338256835938,40.667228698730469,8.000000000000000,0.972369909286499,0.233445361256599,0.000000000000000
-163.284362792968750,37.555644989013672,8.000000000000000,0.972369909286499,0.233445361256599,0.000000000000000
-163.284362792968750,37.555644989013672,4.800000190734863,0.972369909286499,0.233445361256599,0.000000000000000
-163.284362792968750,37.555644989013672,11.199999809265137,0.972369909286499,0.233445361256599,0.000000000000000
-163.284362792968750,37.555644989013672,1.600000023841858,0.972369909286499,0.233445361256599,0.000000000000000
-164.031387329101562,34.444061279296875,1.600000023841858,0.972369909286499,0.233445361256599,0.000000000000000
-162.537338256835938,40.667228698730469,24.000000000000000,0.972369909286499,0.233445361256599,0.000000000000000
-164.031387329101562,34.444061279296875,4.800000190734863,0.972369909286499,0.233445361256599,0.000000000000000
-164.778411865234375,31.332477569580078,1.600000023841858,0.972369909286499,0.233445361256599,0.000000000000000
-164.031387329101562,34.444061279296875,8.000000000000000,0.972369909286499,0.233445361256599,0.000000000000000
-164.778411865234375,31.332477569580078,4.800000190734863,0.972369909286499,0.233445361256599,0.000000000000000
-164.031387329101562,34.444061279296875,11.199999809265137,0.972369909286499,0.233445361256599,0.000000000000000
-165.525451660156250,28.220893859863281,1.600000023841858,0.972369909286499,0.233445361256599,0.000000000000000
-164.778411865234375,31.332477569580078,8.000000000000000,0.972369909286499,0.233445361256599,0.000000000000000
-165.525451660156250,28.220893859863281,4.800000190734863,0.972369909286499,0.233445361256599,0.000000000000000
-164.778411865234375,31.332477569580078,11.199999809265137,0.972369909286499,0.233445361256599,0.000000000000000
-165.525451660156250,28.220893859863281,8.000000000000000,0.972369909286499,0.233445361256599,0.000000000000000
-165.525451660156250,28.220893859863281,11.199999809265137,0.972369909286499,0.233445361256599,0.000000000000000
-164.031387329101562,34.444061279296875,24.000000000000000,0.972369909286499,0.233445361256599,0.000000000000000
-164.778411865234375,31.332477569580078,17.600000381469727,0.972369909286499,0.233445361256599,0.000000000000000
-164.778411865234375,31.332477569580078,24.000000000000000,0.972369909286499,0.233445361256599,0.000000000000000
-164.778411865234375,31.332477569580078,14.399999618530273,0.972369909286499,0.233445361256599,0.000000000000000
-164.778411865234375,31.332477569580078,20.799999237060547,0.972369909286499,0.233445361256599,0.000000000000000
-165.525451660156250,28.220893859863281,20.799999237060547,0.972369909286499,0.233445361256599,0.000000000000000
-165.525451660156250,28.220893859863281,24.000000000000000,0.972369909286499,0.233445361256599,0.000000000000000
-164.031387329101562,34.444061279296875,20.799999237060547,0.972369909286499,0.233445361256599,0.000000000000000
-163.284362792968750,37.555644989013672,20.799999237060547,0.972369909286499,0.233445361256599,0.000000000000000
-164.031387329101562,34.444061279296875,14.399999618530273,0.972369909286499,0.233445361256599,0.000000000000000
-165.525451660156250,28.220893859863281,17.600000381469727,0.972369909286499,0.233445361256599,0.000000000000000
-164.031387329101562,34.444061279296875,17.600000381469727,0.972369909286499,0.233445361256599,0.000000000000000
-163.284362792968750,37.555644989013672,24.000000000000000,0.972369909286499,0.233445361256599,0.000000000000000
-165.525451660156250,28.220893859863281,14.399999618530273,0.972369909286499,0.233445361256599,0.000000000000000
-167.902267456054688,1.979563355445862,37.599998474121094,0.996917307376862,0.078459098935127,0.000000000000000
-167.651199340820312,5.169698715209961,37.599998474121094,0.996917307376862,0.078459098935127,0.000000000000000
-167.400131225585938,8.359834671020508,28.000000000000000,0.996917307376862,0.078459098935127,0.000000000000000
-167.902267456054688,1.979563355445862,34.400001525878906,0.996917307376862,0.078459098935127,0.000000000000000
-167.149063110351562,11.549969673156738,34.400001525878906,0.996917307376862,0.078459098935127,0.000000000000000
-167.400131225585938,8.359834671020508,34.400001525878906,0.996917307376862,0.078459098935127,0.000000000000000
-167.149063110351562,11.549969673156738,37.599998474121094,0.996917307376862,0.078459098935127,0.000000000000000
-167.902267456054688,1.979563355445862,28.000000000000000,0.996917307376862,0.078459098935127,0.000000000000000
-167.651199340820312,5.169698715209961,31.200000762939453,0.996917307376862,0.078459098935127,0.000000000000000
-167.149063110351562,11.549969673156738,28.000000000000000,0.996917307376862,0.078459098935127,0.000000000000000
-167.651199340820312,5.169698715209961,34.400001525878906,0.996917307376862,0.078459098935127,0.000000000000000
-167.149063110351562,11.549969673156738,31.200000762939453,0.996917307376862,0.078459098935127,0.000000000000000
-167.400131225585938,8.359834671020508,37.599998474121094,0.996917307376862,0.078459098935127,0.000000000000000
-167.400131225585938,8.359834671020508,31.200000762939453,0.996917307376862,0.078459098935127,0.000000000000000
-167.902267456054688,1.979563355445862,31.200000762939453,0.996917307376862,0.078459098935127,0.000000000000000
-167.651199340820312,5.169698715209961,28.000000000000000,0.996917307376862,0.078459098935127,0.000000000000000
-167.902267456054688,1.979563355445862,40.799999237060547,0.996917307376862,0.078459098935127,0.000000000000000
-167.651199340820312,5.169698715209961,40.799999237060547,0.996917307376862,0.078459098935127,0.000000000000000
-167.902267456054688,1.979563355445862,44.000000000000000,0.996917307376862,0.078459098935127,0.000000000000000
-167.651199340820312,5.169698715209961,44.000000000000000,0.996917307376862,0.078459098935127,0.000000000000000
-167.902267456054688,1.979563355445862,50.400001525878906,0.996917307376862,0.078459098935127,0.000000000000000
-167.902267456054688,1.979563355445862,47.200000762939453,0.996917307376862,0.078459098935127,0.000000000000000
-167.651199340820312,5.169698715209961,50.400001525878906,0.996917307376862,0.078459098935127,0.000000000000000
-167.651199340820312,5.169698715209961,47.200000762939453,0.996917307376862,0.078459098935127,0.000000000000000
-167.400131225585938,8.359834671020508,40.799999237060547,0.996917307376862,0.078459098935127,0.000000000000000
-167.400131225585938,8.359834671020508,47.200000762939453,0.996917307376862,0.078459098935127,0.000000000000000
-167.400131225585938,8.359834671020508,44.000000000000000,0.996917307376862,0.078459098935127,0.000000000000000
-166.897994995117188,14.740105628967285,37.599998474121094,0.996917307376862,0.078459098935127,0.000000000000000
-167.400131225585938,8.359834671020508,50.400001525878906,0.996917307376862,0.078459098935127,0.000000000000000
-167.149063110351562,11.549969673156738,40.799999237060547,0.996917307376862,0.078459098935127,0.000000000000000
-167.149063110351562,11.549969673156738,50.400001525878906,0.996917307376862,0.078459098935127,0.000000000000000
-167.149063110351562,11.549969673156738,47.200000762939453,0.996917307376862,0.078459098935127,0.000000000000000
-167.149063110351562,11.549969673156738,44.000000000000000,0.996917307376862,0.078459098935127,0.000000000000000
-166.897994995117188,14.740105628967285,40.799999237060547,0.996917307376862,0.078459098935127,0.000000000000000
-166.897994995117188,14.740105628967285,44.000000000000000,0.996917307376862,0.078459098935127,0.000000000000000
-166.897994995117188,14.740105628967285,50.400001525878906,0.996917307376862,0.078459098935127,0.000000000000000
-166.897994995117188,14.740105628967285,47.200000762939453,0.996917307376862,0.078459098935127,0.000000000000000
-166.646926879882812,17.930240631103516,50.400001525878906,0.996917307376862,0.078459098935127,0.000000000000000
-166.897994995117188,14.740105628967285,34.400001525878906,0.996917307376862,0.078459098935127,0.000000000000000
-166.646926879882812,17.930240631103516,47.200000762939453,0.996917307376862,0.078459098935127,0.000000000000000
-166.646926879882812,17.930240631103516,44.000000000000000,0.996917307376862,0.078459098935127,0.000000000000000
-166.646926879882812,17.930240631103516,40.799999237060547,0.996917307376862,0.078459098935127,0.000000000000000
-166.395858764648438,21.120376586914062,47.200000762939453,0.996917307376862,0.078459098935127,0.000000000000000
-166.395858764648438,21.120376586914062,50.400001525878906,0.996917307376862,0.078459098935127,0.000000000000000
-166.144790649414062,24.310512542724609,50.400001525878906,0.996917307376862,0.078459098935127,0.000000000000000
-166.395858764648438,21.120376586914062,40.799999237060547,0.996917307376862,0.078459098935127,0.000000000000000
-166.144790649414062,24.310512542724609,47.200000762939453,0.996917307376862,0.078459098935127,0.000000000000000
-166.395858764648438,21.120376586914062,44.000000000000000,0.996917307376862,0.078459098935127,0.000000000000000
-166.144790649414062,24.310512542724609,40.799999237060547,0.996917307376862,0.078459098935127,0.000000000000000
-166.144790649414062,24.310512542724609,44.000000000000000,0.996917307376862,0.078459098935127,0.000000000000000
-166.646926879882812,17.930240631103516,31.200000762939453,0.996917307376862,0.078459098935127,0.000000000000000
-166.395858764648438,21.120376586914062,31.200000762939453,0.996917307376862,0.078459098935127,0.000000000000000
-166.395858764648438,21.120376586914062,28.000000000000000,0.996917307376862,0.078459098935127,0.000000000000000
-166.395858764648438,21.120376586914062,37.599998474121094,0.996917307376862,0.078459098935127,0.000000000000000
-166.395858764648438,21.120376586914062,34.400001525878906,0.996917307376862,0.078459098935127,0.000000000000000
-166.144790649414062,24.310512542724609,31.200000762939453,0.996917307376862,0.078459098935127,0.000000000000000
-166.144790649414062,24.310512542724609,28.000000000000000,0.996917307376862,0.078459098935127,0.000000000000000
-166.646926879882812,17.930240631103516,28.000000000000000,0.996917307376862,0.078459098935127,0.000000000000000
-166.897994995117188,14.740105628967285,28.000000000000000,0.996917307376862,0.078459098935127,0.000000000000000
-166.646926879882812,17.930240631103516,37.599998474121094,0.996917307376862,0.078459098935127,0.000000000000000
-166.144790649414062,24.310512542724609,34.400001525878906,0.996917307376862,0.078459098935127,0.000000000000000
-166.646926879882812,17.930240631103516,34.400001525878906,0.996917307376862,0.078459098935127,0.000000000000000
-166.897994995117188,14.740105628967285,31.200000762939453,0.996917307376862,0.078459098935127,0.000000000000000
-166.144790649414062,24.310512542724609,37.599998474121094,0.996917307376862,0.078459098935127,0.000000000000000
-166.144790649414062,24.310512542724609,14.399999618530273,0.996917307376862,0.078459098935127,0.000000000000000
-166.395858764648438,21.120376586914062,14.399999618530273,0.996917307376862,0.078459098935127,0.000000000000000
-166.897994995117188,14.740105628967285,17.600000381469727,0.996917307376862,0.078459098935127,0.000000000000000
-166.395858764648438,21.120376586914062,17.600000381469727,0.996917307376862,0.078459098935127,0.000000000000000
-166.897994995117188,14.740105628967285,14.399999618530273,0.996917307376862,0.078459098935127,0.000000000000000
-166.144790649414062,24.310512542724609,20.799999237060547,0.996917307376862,0.078459098935127,0.000000000000000
-166.646926879882812,17.930240631103516,20.799999237060547,0.996917307376862,0.078459098935127,0.000000000000000
-166.144790649414062,24.310512542724609,24.000000000000000,0.996917307376862,0.078459098935127,0.000000000000000
-166.395858764648438,21.120376586914062,20.799999237060547,0.996917307376862,0.078459098935127,0.000000000000000
-167.149063110351562,11.549969673156738,14.399999618530273,0.996917307376862,0.078459098935127,0.000000000000000
-166.144790649414062,24.310512542724609,17.600000381469727,0.996917307376862,0.078459098935127,0.000000000000000
-167.149063110351562,11.549969673156738,17.600000381469727,0.996917307376862,0.078459098935127,0.000000000000000
-166.646926879882812,17.930240631103516,14.399999618530273,0.996917307376862,0.078459098935127,0.000000000000000
-166.646926879882812,17.930240631103516,24.000000000000000,0.996917307376862,0.078459098935127,0.000000000000000
-166.646926879882812,17.930240631103516,17.600000381469727,0.996917307376862,0.078459098935127,0.000000000000000
-166.395858764648438,21.120376586914062,24.000000000000000,0.996917307376862,0.078459098935127,0.000000000000000
-166.144790649414062,24.310512542724609,11.199999809265137,0.996917307376862,0.078459098935127,0.000000000000000
-166.144790649414062,24.310512542724609,4.800000190734863,0.996917307376862,0.078459098935127,0.000000000000000
-166.144790649414062,24.310512542724609,8.000000000000000,0.996917307376862,0.078459098935127,0.000000000000000
-166.144790649414062,24.310512542724609,1.600000023841858,0.996917307376862,0.078459098935127,0.000000000000000
-166.395858764648438,21.120376586914062,8.000000000000000,0.996917307376862,0.078459098935127,0.000000000000000
-166.395858764648438,21.120376586914062,11.199999809265137,0.996917307376862,0.078459098935127,0.000000000000000
-166.395858764648438,21.120376586914062,4.800000190734863,0.996917307376862,0.078459098935127,0.000000000000000
-166.395858764648438,21.120376586914062,1.600000023841858,0.996917307376862,0.078459098935127,0.000000000000000
-166.646926879882812,17.930240631103516,11.199999809265137,0.996917307376862,0.078459098935127,0.000000000000000
-166.646926879882812,17.930240631103516,4.800000190734863,0.996917307376862,0.078459098935127,0.000000000000000
-166.646926879882812,17.930240631103516,8.000000000000000,0.996917307376862,0.078459098935127,0.000000000000000
-166.897994995117188,14.740105628967285,20.799999237060547,0.996917307376862,0.078459098935127,0.000000000000000
-166.646926879882812,17.930240631103516,1.600000023841858,0.996917307376862,0.078459098935127,0.000000000000000
-166.897994995117188,14.740105628967285,1.600000023841858,0.996917307376862,0.078459098935127,0.000000000000000
-166.897994995117188,14.740105628967285,4.800000190734863,0.996917307376862,0.078459098935127,0.000000000000000
-166.897994995117188,14.740105628967285,11.199999809265137,0.996917307376862,0.078459098935127,0.000000000000000
-166.897994995117188,14.740105628967285,8.000000000000000,0.996917307376862,0.078459098935127,0.000000000000000
-167.149063110351562,11.549969673156738,8.000000000000000,0.996917307376862,0.078459098935127,0.000000000000000
-167.149063110351562,11.549969673156738,4.800000190734863,0.996917307376862,0.078459098935127,0.000000000000000
-167.149063110351562,11.549969673156738,11.199999809265137,0.996917307376862,0.078459098935127,0.000000000000000
-167.149063110351562,11.549969673156738,1.600000023841858,0.996917307376862,0.078459098935127,0.000000000000000
-167.400131225585938,8.359834671020508,1.600000023841858,0.996917307376862,0.078459098935127,0.000000000000000
-166.897994995117188,14.740105628967285,24.000000000000000,0.996917307376862,0.078459098935127,0.000000000000000
-167.400131225585938,8.359834671020508,4.800000190734863,0.996917307376862,0.078459098935127,0.000000000000000
-167.651199340820312,5.169698715209961,1.600000023841858,0.996917307376862,0.078459098935127,0.000000000000000
-167.400131225585938,8.359834671020508,8.000000000000000,0.996917307376862,0.078459098935127,0.000000000000000
-167.651199340820312,5.169698715209961,4.800000190734863,0.996917307376862,0.078459098935127,0.000000000000000
-167.400131225585938,8.359834671020508,11.199999809265137,0.996917307376862,0.078459098935127,0.000000000000000
-167.902267456054688,1.979563355445862,1.600000023841858,0.996917307376862,0.078459098935127,0.000000000000000
-167.651199340820312,5.169698715209961,8.000000000000000,0.996917307376862,0.078459098935127,0.000000000000000
-167.902267456054688,1.979563355445862,4.800000190734863,0.996917307376862,0.078459098935127,0.000000000000000
-167.651199340820312,5.169698715209961,11.199999809265137,0.996917307376862,0.078459098935127,0.000000000000000
-167.902267456054688,1.979563355445862,8.000000000000000,0.996917307376862,0.078459098935127,0.000000000000000
-167.902267456054688,1.979563355445862,11.199999809265137,0.996917307376862,0.078459098935127,0.000000000000000
-167.400131225585938,8.359834671020508,24.000000000000000,0.996917307376862,0.078459098935127,0.000000000000000
-167.651199340820312,5.169698715209961,17.600000381469727,0.996917307376862,0.078459098935127,0.000000000000000
-167.651199340820312,5.169698715209961,24.000000000000000,0.996917307376862,0.078459098935127,0.000000000000000
-167.651199340820312,5.169698715209961,14.399999618530273,0.996917307376862,0.078459098935127,0.000000000000000
-167.651199340820312,5.169698715209961,20.799999237060547,0.996917307376862,0.078459098935127,0.000000000000000
-167.902267456054688,1.979563355445862,20.799999237060547,0.996917307376862,0.078459098935127,0.000000000000000
-167.902267456054688,1.979563355445862,24.000000000000000,0.996917307376862,0.078459098935127,0.000000000000000
-167.400131225585938,8.359834671020508,20.799999237060547,0.996917307376862,0.078459098935127,0.000000000000000
-167.149063110351562,11.549969673156738,20.799999237060547,0.996917307376862,0.078459098935127,0.000000000000000
-167.400131225585938,8.359834671020508,14.399999618530273,0.996917307376862,0.078459098935127,0.000000000000000
-167.902267456054688,1.979563355445862,17.600000381469727,0.996917307376862,0.078459098935127,0.000000000000000
-167.400131225585938,8.359834671020508,17.600000381469727,0.996917307376862,0.078459098935127,0.000000000000000
-167.149063110351562,11.549969673156738,24.000000000000000,0.996917307376862,0.078459098935127,0.000000000000000
-167.902267456054688,1.979563355445862,14.399999618530273,0.996917307376862,0.078459098935127,0.000000000000000
-166.144790649414062,-24.310510635375977,37.599998474121094,0.996917307376862,0.078459098935127,0.000000000000000
-166.395858764648438,-21.120374679565430,37.599998474121094,0.996917307376862,0.078459098935127,0.000000000000000
-166.646926879882812,-17.930238723754883,28.000000000000000,0.996917307376862,0.078459098935127,0.000000000000000
-166.144790649414062,-24.310510635375977,34.400001525878906,0.996917307376862,0.078459098935127,0.000000000000000
-166.897994995117188,-14.740103721618652,34.400001525878906,0.996917307376862,0.078459098935127,0.000000000000000
-166.646926879882812,-17.930238723754883,34.400001525878906,0.996917307376862,0.078459098935127,0.000000000000000
-166.897994995117188,-14.740103721618652,37.599998474121094,0.996917307376862,0.078459098935127,0.000000000000000
-166.144790649414062,-24.310510635375977,28.000000000000000,0.996917307376862,0.078459098935127,0.000000000000000
-166.395858764648438,-21.120374679565430,31.200000762939453,0.996917307376862,0.078459098935127,0.000000000000000
-166.897994995117188,-14.740103721618652,28.000000000000000,0.996917307376862,0.078459098935127,0.000000000000000
-166.395858764648438,-21.120374679565430,34.400001525878906,0.996917307376862,0.078459098935127,0.000000000000000
-166.897994995117188,-14.740103721618652,31.200000762939453,0.996917307376862,0.078459098935127,0.000000000000000
-166.646926879882812,-17.930238723754883,37.599998474121094,0.996917307376862,0.078459098935127,0.000000000000000
-166.646926879882812,-17.930238723754883,31.200000762939453,0.996917307376862,0.078459098935127,0.000000000000000
-166.144790649414062,-24.310510635375977,31.200000762939453,0.996917307376862,0.078459098935127,0.000000000000000
-166.395858764648438,-21.120374679565430,28.000000000000000,0.996917307376862,0.078459098935127,0.000000000000000
-166.144790649414062,-24.310510635375977,40.799999237060547,0.996917307376862,0.078459098935127,0.000000000000000
-166.395858764648438,-21.120374679565430,40.799999237060547,0.996917307376862,0.078459098935127,0.000000000000000
-166.144790649414062,-24.310510635375977,44.000000000000000,0.996917307376862,0.078459098935127,0.000000000000000
-166.395858764648438,-21.120374679565430,44.000000000000000,0.996917307376862,0.078459098935127,0.000000000000000
-166.144790649414062,-24.310510635375977,50.400001525878906,0.996917307376862,0.078459098935127,0.000000000000000
-166.144790649414062,-24.310510635375977,47.200000762939453,0.996917307376862,0.078459098935127,0.000000000000000
-166.395858764648438,-21.120374679565430,50.400001525878906,0.996917307376862,0.078459098935127,0.000000000000000
-166.395858764648438,-21.120374679565430,47.200000762939453,0.996917307376862,0.078459098935127,0.000000000000000
-166.646926879882812,-17.930238723754883,40.799999237060547,0.996917307376862,0.078459098935127,0.000000000000000
-166.646926879882812,-17.930238723754883,47.200000762939453,0.996917307376862,0.078459098935127,0.000000000000000
-166.646926879882812,-17.930238723754883,44.000000000000000,0.996917307376862,0.078459098935127,0.000000000000000
-167.149063110351562,-11.549968719482422,37.599998474121094,0.996917307376862,0.078459098935127,0.000000000000000
-166.646926879882812,-17.930238723754883,50.400001525878906,0.996917307376862,0.078459098935127,0.000000000000000
-166.897994995117188,-14.740103721618652,40.799999237060547,0.996917307376862,0.078459098935127,0.000000000000000
-166.897994995117188,-14.740103721618652,50.400001525878906,0.996917307376862,0.078459098935127,0.000000000000000
-166.897994995117188,-14.740103721618652,47.200000762939453,0.996917307376862,0.078459098935127,0.000000000000000
-166.897994995117188,-14.740103721618652,44.000000000000000,0.996917307376862,0.078459098935127,0.000000000000000
-167.149063110351562,-11.549968719482422,40.799999237060547,0.996917307376862,0.078459098935127,0.000000000000000
-167.149063110351562,-11.549968719482422,44.000000000000000,0.996917307376862,0.078459098935127,0.000000000000000
-167.149063110351562,-11.549968719482422,50.400001525878906,0.996917307376862,0.078459098935127,0.000000000000000
-167.149063110351562,-11.549968719482422,47.200000762939453,0.996917307376862,0.078459098935127,0.000000000000000
-167.400131225585938,-8.359832763671875,50.400001525878906,0.996917307376862,0.078459098935127,0.000000000000000
-167.149063110351562,-11.549968719482422,34.400001525878906,0.996917307376862,0.078459098935127,0.000000000000000
-167.400131225585938,-8.359832763671875,47.200000762939453,0.996917307376862,0.078459098935127,0.000000000000000
-167.400131225585938,-8.359832763671875,44.000000000000000,0.996917307376862,0.078459098935127,0.000000000000000
-167.400131225585938,-8.359832763671875,40.799999237060547,0.996917307376862,0.078459098935127,0.000000000000000
-167.651199340820312,-5.169697761535645,47.200000762939453,0.996917307376862,0.078459098935127,0.000000000000000
-167.651199340820312,-5.169697761535645,50.400001525878906,0.996917307376862,0.078459098935127,0.000000000000000
-167.902267456054688,-1.979562163352966,50.400001525878906,0.996917307376862,0.078459098935127,0.000000000000000
-167.651199340820312,-5.169697761535645,40.799999237060547,0.996917307376862,0.078459098935127,0.000000000000000
-167.902267456054688,-1.979562163352966,47.200000762939453,0.996917307376862,0.078459098935127,0.000000000000000
-167.651199340820312,-5.169697761535645,44.000000000000000,0.996917307376862,0.078459098935127,0.000000000000000
-167.902267456054688,-1.979562163352966,40.799999237060547,0.996917307376862,0.078459098935127,0.000000000000000
-167.902267456054688,-1.979562163352966,44.000000000000000,0.996917307376862,0.078459098935127,0.000000000000000
-167.400131225585938,-8.359832763671875,31.200000762939453,0.996917307376862,0.078459098935127,0.000000000000000
-167.651199340820312,-5.169697761535645,31.200000762939453,0.996917307376862,0.078459098935127,0.000000000000000
-167.651199340820312,-5.169697761535645,28.000000000000000,0.996917307376862,0.078459098935127,0.000000000000000
-167.651199340820312,-5.169697761535645,37.599998474121094,0.996917307376862,0.078459098935127,0.000000000000000
-167.651199340820312,-5.169697761535645,34.400001525878906,0.996917307376862,0.078459098935127,0.000000000000000
-167.902267456054688,-1.979562163352966,31.200000762939453,0.996917307376862,0.078459098935127,0.000000000000000
-167.902267456054688,-1.979562163352966,28.000000000000000,0.996917307376862,0.078459098935127,0.000000000000000
-167.400131225585938,-8.359832763671875,28.000000000000000,0.996917307376862,0.078459098935127,0.000000000000000
-167.149063110351562,-11.549968719482422,28.000000000000000,0.996917307376862,0.078459098935127,0.000000000000000
-167.400131225585938,-8.359832763671875,37.599998474121094,0.996917307376862,0.078459098935127,0.000000000000000
-167.902267456054688,-1.979562163352966,34.400001525878906,0.996917307376862,0.078459098935127,0.000000000000000
-167.400131225585938,-8.359832763671875,34.400001525878906,0.996917307376862,0.078459098935127,0.000000000000000
-167.149063110351562,-11.549968719482422,31.200000762939453,0.996917307376862,0.078459098935127,0.000000000000000
-167.902267456054688,-1.979562163352966,37.599998474121094,0.996917307376862,0.078459098935127,0.000000000000000
-167.902267456054688,-1.979562163352966,14.399999618530273,0.996917307376862,0.078459098935127,0.000000000000000
-167.651199340820312,-5.169697761535645,14.399999618530273,0.996917307376862,0.078459098935127,0.000000000000000
-167.149063110351562,-11.549968719482422,17.600000381469727,0.996917307376862,0.078459098935127,0.000000000000000
-167.651199340820312,-5.169697761535645,17.600000381469727,0.996917307376862,0.078459098935127,0.000000000000000
-167.149063110351562,-11.549968719482422,14.399999618530273,0.996917307376862,0.078459098935127,0.000000000000000
-167.902267456054688,-1.979562163352966,20.799999237060547,0.996917307376862,0.078459098935127,0.000000000000000
-167.400131225585938,-8.359832763671875,20.799999237060547,0.996917307376862,0.078459098935127,0.000000000000000
-167.902267456054688,-1.979562163352966,24.000000000000000,0.996917307376862,0.078459098935127,0.000000000000000
-167.651199340820312,-5.169697761535645,20.799999237060547,0.996917307376862,0.078459098935127,0.000000000000000
-166.897994995117188,-14.740103721618652,14.399999618530273,0.996917307376862,0.078459098935127,0.000000000000000
-167.902267456054688,-1.979562163352966,17.600000381469727,0.996917307376862,0.078459098935127,0.000000000000000
-166.897994995117188,-14.740103721618652,17.600000381469727,0.996917307376862,0.078459098935127,0.000000000000000
-167.400131225585938,-8.359832763671875,14.399999618530273,0.996917307376862,0.078459098935127,0.000000000000000
-167.400131225585938,-8.359832763671875,24.000000000000000,0.996917307376862,0.078459098935127,0.000000000000000
-167.400131225585938,-8.359832763671875,17.600000381469727,0.996917307376862,0.078459098935127,0.000000000000000
-167.651199340820312,-5.169697761535645,24.000000000000000,0.996917307376862,0.078459098935127,0.000000000000000
-167.902267456054688,-1.979562163352966,11.199999809265137,0.996917307376862,0.078459098935127,0.000000000000000
-167.902267456054688,-1.979562163352966,4.800000190734863,0.996917307376862,0.078459098935127,0.000000000000000
-167.902267456054688,-1.979562163352966,8.000000000000000,0.996917307376862,0.078459098935127,0.000000000000000
-167.902267456054688,-1.979562163352966,1.600000023841858,0.996917307376862,0.078459098935127,0.000000000000000
-167.651199340820312,-5.169697761535645,8.000000000000000,0.996917307376862,0.078459098935127,0.000000000000000
-167.651199340820312,-5.169697761535645,11.199999809265137,0.996917307376862,0.078459098935127,0.000000000000000
-167.651199340820312,-5.169697761535645,4.800000190734863,0.996917307376862,0.078459098935127,0.000000000000000
-167.651199340820312,-5.169697761535645,1.600000023841858,0.996917307376862,0.078459098935127,0.000000000000000
-167.400131225585938,-8.359832763671875,11.199999809265137,0.996917307376862,0.078459098935127,0.000000000000000
-167.400131225585938,-8.359832763671875,4.800000190734863,0.996917307376862,0.078459098935127,0.000000000000000
-167.400131225585938,-8.359832763671875,8.000000000000000,0.996917307376862,0.078459098935127,0.000000000000000
-167.149063110351562,-11.549968719482422,20.799999237060547,0.996917307376862,0.078459098935127,0.000000000000000
-167.400131225585938,-8.359832763671875,1.600000023841858,0.996917307376862,0.078459098935127,0.000000000000000
-167.149063110351562,-11.549968719482422,1.600000023841858,0.996917307376862,0.078459098935127,0.000000000000000
-167.149063110351562,-11.549968719482422,4.800000190734863,0.996917307376862,0.078459098935127,0.000000000000000
-167.149063110351562,-11.549968719482422,11.199999809265137,0.996917307376862,0.078459098935127,0.000000000000000
-167.149063110351562,-11.549968719482422,8.000000000000000,0.996917307376862,0.078459098935127,0.000000000000000
-166.897994995117188,-14.740103721618652,8.000000000000000,0.996917307376862,0.078459098935127,0.000000000000000
-166.897994995117188,-14.740103721618652,4.800000190734863,0.996917307376862,0.078459098935127,0.000000000000000
-166.897994995117188,-14.740103721618652,11.199999809265137,0.996917307376862,0.078459098935127,0.000000000000000
-166.897994995117188,-14.740103721618652,1.600000023841858,0.996917307376862,0.078459098935127,0.000000000000000
-166.646926879882812,-17.930238723754883,1.600000023841858,0.996917307376862,0.078459098935127,0.000000000000000
-167.149063110351562,-11.549968719482422,24.000000000000000,0.996917307376862,0.078459098935127,0.000000000000000
-166.646926879882812,-17.930238723754883,4.800000190734863,0.996917307376862,0.078459098935127,0.000000000000000
-166.395858764648438,-21.120374679565430,1.600000023841858,0.996917307376862,0.078459098935127,0.000000000000000
-166.646926879882812,-17.930238723754883,8.000000000000000,0.996917307376862,0.078459098935127,0.000000000000000
-166.395858764648438,-21.120374679565430,4.800000190734863,0.996917307376862,0.078459098935127,0.000000000000000
-166.646926879882812,-17.930238723754883,11.199999809265137,0.996917307376862,0.078459098935127,0.000000000000000
-166.144790649414062,-24.310510635375977,1.600000023841858,0.996917307376862,0.078459098935127,0.000000000000000
-166.395858764648438,-21.120374679565430,8.000000000000000,0.996917307376862,0.078459098935127,0.000000000000000
-166.144790649414062,-24.310510635375977,4.800000190734863,0.996917307376862,0.078459098935127,0.000000000000000
-166.395858764648438,-21.120374679565430,11.199999809265137,0.996917307376862,0.078459098935127,0.000000000000000
-166.144790649414062,-24.310510635375977,8.000000000000000,0.996917307376862,0.078459098935127,0.000000000000000
-166.144790649414062,-24.310510635375977,11.199999809265137,0.996917307376862,0.078459098935127,0.000000000000000
-166.646926879882812,-17.930238723754883,24.000000000000000,0.996917307376862,0.078459098935127,0.000000000000000
-166.395858764648438,-21.120374679565430,17.600000381469727,0.996917307376862,0.078459098935127,0.000000000000000
-166.395858764648438,-21.120374679565430,24.000000000000000,0.996917307376862,0.078459098935127,0.000000000000000
-166.395858764648438,-21.120374679565430,14.399999618530273,0.996917307376862,0.078459098935127,0.000000000000000
-166.395858764648438,-21.120374679565430,20.799999237060547,0.996917307376862,0.078459098935127,0.000000000000000
-166.144790649414062,-24.310510635375977,20.799999237060547,0.996917307376862,0.078459098935127,0.000000000000000
-166.144790649414062,-24.310510635375977,24.000000000000000,0.996917307376862,0.078459098935127,0.000000000000000
-166.646926879882812,-17.930238723754883,20.799999237060547,0.996917307376862,0.078459098935127,0.000000000000000
-166.897994995117188,-14.740103721618652,20.799999237060547,0.996917307376862,0.078459098935127,0.000000000000000
-166.646926879882812,-17.930238723754883,14.399999618530273,0.996917307376862,0.078459098935127,0.000000000000000
-166.144790649414062,-24.310510635375977,17.600000381469727,0.996917307376862,0.078459098935127,0.000000000000000
-166.646926879882812,-17.930238723754883,17.600000381469727,0.996917307376862,0.078459098935127,0.000000000000000
-166.897994995117188,-14.740103721618652,24.000000000000000,0.996917307376862,0.078459098935127,0.000000000000000
-166.144790649414062,-24.310510635375977,14.399999618530273,0.996917307376862,0.078459098935127,0.000000000000000
-160.296264648437500,-50.001979827880859,37.599998474121094,0.972369909286499,0.233445361256599,0.000000000000000
-161.043289184570312,-46.890396118164062,37.599998474121094,0.972369909286499,0.233445361256599,0.000000000000000
-161.790313720703125,-43.778812408447266,28.000000000000000,0.972369909286499,0.233445361256599,0.000000000000000
-160.296264648437500,-50.001979827880859,34.400001525878906,0.972369909286499,0.233445361256599,0.000000000000000
-162.537338256835938,-40.667228698730469,34.400001525878906,0.972369909286499,0.233445361256599,0.000000000000000
-161.790313720703125,-43.778812408447266,34.400001525878906,0.972369909286499,0.233445361256599,0.000000000000000
-162.537338256835938,-40.667228698730469,37.599998474121094,0.972369909286499,0.233445361256599,0.000000000000000
-160.296264648437500,-50.001979827880859,28.000000000000000,0.972369909286499,0.233445361256599,0.000000000000000
-161.043289184570312,-46.890396118164062,31.200000762939453,0.972369909286499,0.233445361256599,0.000000000000000
-162.537338256835938,-40.667228698730469,28.000000000000000,0.972369909286499,0.233445361256599,0.000000000000000
-161.043289184570312,-46.890396118164062,34.400001525878906,0.972369909286499,0.233445361256599,0.000000000000000
-162.537338256835938,-40.667228698730469,31.200000762939453,0.972369909286499,0.233445361256599,0.000000000000000
-161.790313720703125,-43.778812408447266,37.599998474121094,0.972369909286499,0.233445361256599,0.000000000000000
-161.790313720703125,-43.778812408447266,31.200000762939453,0.972369909286499,0.233445361256599,0.000000000000000
-160.296264648437500,-50.001979827880859,31.200000762939453,0.972369909286499,0.233445361256599,0.000000000000000
-161.043289184570312,-46.890396118164062,28.000000000000000,0.972369909286499,0.233445361256599,0.000000000000000
-160.296264648437500,-50.001979827880859,40.799999237060547,0.972369909286499,0.233445361256599,0.000000000000000
-161.043289184570312,-46.890396118164062,40.799999237060547,0.972369909286499,0.233445361256599,0.000000000000000
-160.296264648437500,-50.001979827880859,44.000000000000000,0.972369909286499,0.233445361256599,0.000000000000000
-161.043289184570312,-46.890396118164062,44.000000000000000,0.972369909286499,0.233445361256599,0.000000000000000
-160.296264648437500,-50.001979827880859,50.400001525878906,0.972369909286499,0.233445361256599,0.000000000000000
-160.296264648437500,-50.001979827880859,47.200000762939453,0.972369909286499,0.233445361256599,0.000000000000000
-161.043289184570312,-46.890396118164062,50.400001525878906,0.972369909286499,0.233445361256599,0.000000000000000
-161.043289184570312,-46.890396118164062,47.200000762939453,0.972369909286499,0.233445361256599,0.000000000000000
-161.790313720703125,-43.778812408447266,40.799999237060547,0.972369909286499,0.233445361256599,0.000000000000000
-161.790313720703125,-43.778812408447266,47.200000762939453,0.972369909286499,0.233445361256599,0.000000000000000
-161.790313720703125,-43.778812408447266,44.000000000000000,0.972369909286499,0.233445361256599,0.000000000000000
-163.284362792968750,-37.555644989013672,37.599998474121094,0.972369909286499,0.233445361256599,0.000000000000000
-161.790313720703125,-43.778812408447266,50.400001525878906,0.972369909286499,0.233445361256599,0.000000000000000
-162.537338256835938,-40.667228698730469,40.799999237060547,0.972369909286499,0.233445361256599,0.000000000000000
-162.537338256835938,-40.667228698730469,50.400001525878906,0.972369909286499,0.233445361256599,0.000000000000000
-162.537338256835938,-40.667228698730469,47.200000762939453,0.972369909286499,0.233445361256599,0.000000000000000
-162.537338256835938,-40.667228698730469,44.000000000000000,0.972369909286499,0.233445361256599,0.000000000000000
-163.284362792968750,-37.555644989013672,40.799999237060547,0.972369909286499,0.233445361256599,0.000000000000000
-163.284362792968750,-37.555644989013672,44.000000000000000,0.972369909286499,0.233445361256599,0.000000000000000
-163.284362792968750,-37.555644989013672,50.400001525878906,0.972369909286499,0.233445361256599,0.000000000000000
-163.284362792968750,-37.555644989013672,47.200000762939453,0.972369909286499,0.233445361256599,0.000000000000000
-164.031387329101562,-34.444061279296875,50.400001525878906,0.972369909286499,0.233445361256599,0.000000000000000
-163.284362792968750,-37.555644989013672,34.400001525878906,0.972369909286499,0.233445361256599,0.000000000000000
-164.031387329101562,-34.444061279296875,47.200000762939453,0.972369909286499,0.233445361256599,0.000000000000000
-164.031387329101562,-34.444061279296875,44.000000000000000,0.972369909286499,0.233445361256599,0.000000000000000
-164.031387329101562,-34.444061279296875,40.799999237060547,0.972369909286499,0.233445361256599,0.000000000000000
-164.778427124023438,-31.332475662231445,47.200000762939453,0.972369909286499,0.233445361256599,0.000000000000000
-164.778427124023438,-31.332475662231445,50.400001525878906,0.972369909286499,0.233445361256599,0.000000000000000
-165.525451660156250,-28.220891952514648,50.400001525878906,0.972369909286499,0.233445361256599,0.000000000000000
-164.778427124023438,-31.332475662231445,40.799999237060547,0.972369909286499,0.233445361256599,0.000000000000000
-165.525451660156250,-28.220891952514648,47.200000762939453,0.972369909286499,0.233445361256599,0.000000000000000
-164.778427124023438,-31.332475662231445,44.000000000000000,0.972369909286499,0.233445361256599,0.000000000000000
-165.525451660156250,-28.220891952514648,40.799999237060547,0.972369909286499,0.233445361256599,0.000000000000000
-165.525451660156250,-28.220891952514648,44.000000000000000,0.972369909286499,0.233445361256599,0.000000000000000
-164.031387329101562,-34.444061279296875,31.200000762939453,0.972369909286499,0.233445361256599,0.000000000000000
-164.778427124023438,-31.332475662231445,31.200000762939453,0.972369909286499,0.233445361256599,0.000000000000000
-164.778427124023438,-31.332475662231445,28.000000000000000,0.972369909286499,0.233445361256599,0.000000000000000
-164.778427124023438,-31.332475662231445,37.599998474121094,0.972369909286499,0.233445361256599,0.000000000000000
-164.778427124023438,-31.332475662231445,34.400001525878906,0.972369909286499,0.233445361256599,0.000000000000000
-165.525451660156250,-28.220891952514648,31.200000762939453,0.972369909286499,0.233445361256599,0.000000000000000
-165.525451660156250,-28.220891952514648,28.000000000000000,0.972369909286499,0.233445361256599,0.000000000000000
-164.031387329101562,-34.444061279296875,28.000000000000000,0.972369909286499,0.233445361256599,0.000000000000000
-163.284362792968750,-37.555644989013672,28.000000000000000,0.972369909286499,0.233445361256599,0.000000000000000
-164.031387329101562,-34.444061279296875,37.599998474121094,0.972369909286499,0.233445361256599,0.000000000000000
-165.525451660156250,-28.220891952514648,34.400001525878906,0.972369909286499,0.233445361256599,0.000000000000000
-164.031387329101562,-34.444061279296875,34.400001525878906,0.972369909286499,0.233445361256599,0.000000000000000
-163.284362792968750,-37.555644989013672,31.200000762939453,0.972369909286499,0.233445361256599,0.000000000000000
-165.525451660156250,-28.220891952514648,37.599998474121094,0.972369909286499,0.233445361256599,0.000000000000000
-165.525451660156250,-28.220891952514648,14.399999618530273,0.972369909286499,0.233445361256599,0.000000000000000
-164.778427124023438,-31.332475662231445,14.399999618530273,0.972369909286499,0.233445361256599,0.000000000000000
-163.284362792968750,-37.555644989013672,17.600000381469727,0.972369909286499,0.233445361256599,0.000000000000000
-164.778427124023438,-31.332475662231445,17.600000381469727,0.972369909286499,0.233445361256599,0.000000000000000
-163.284362792968750,-37.555644989013672,14.399999618530273,0.972369909286499,0.233445361256599,0.000000000000000
-165.525451660156250,-28.220891952514648,20.799999237060547,0.972369909286499,0.233445361256599,0.000000000000000
-164.031387329101562,-34.444061279296875,20.799999237060547,0.972369909286499,0.233445361256599,0.000000000000000
-165.525451660156250,-28.220891952514648,24.000000000000000,0.972369909286499,0.233445361256599,0.000000000000000
-164.778427124023438,-31.332475662231445,20.799999237060547,0.972369909286499,0.233445361256599,0.000000000000000
-162.537338256835938,-40.667228698730469,14.399999618530273,0.972369909286499,0.233445361256599,0.000000000000000
-165.525451660156250,-28.220891952514648,17.600000381469727,0.972369909286499,0.233445361256599,0.000000000000000
-162.537338256835938,-40.667228698730469,17.600000381469727,0.972369909286499,0.233445361256599,0.000000000000000
-164.031387329101562,-34.444061279296875,14.399999618530273,0.972369909286499,0.233445361256599,0.000000000000000
-164.031387329101562,-34.444061279296875,24.000000000000000,0.972369909286499,0.233445361256599,0.000000000000000
-164.031387329101562,-34.444061279296875,17.600000381469727,0.972369909286499,0.233445361256599,0.000000000000000
-164.778427124023438,-31.332475662231445,24.000000000000000,0.972369909286499,0.233445361256599,0.000000000000000
-165.525451660156250,-28.220891952514648,11.199999809265137,0.972369909286499,0.233445361256599,0.000000000000000
-165.525451660156250,-28.220891952514648,4.800000190734863,0.972369909286499,0.233445361256599,0.000000000000000
-165.525451660156250,-28.220891952514648,8.000000000000000,0.972369909286499,0.233445361256599,0.000000000000000
-165.525451660156250,-28.220891952514648,1.600000023841858,0.972369909286499,0.233445361256599,0.000000000000000
-164.778427124023438,-31.332475662231445,8.000000000000000,0.972369909286499,0.233445361256599,0.000000000000000
-164.778427124023438,-31.332475662231445,11.199999809265137,0.972369909286499,0.233445361256599,0.000000000000000
-164.778427124023438,-31.332475662231445,4.800000190734863,0.972369909286499,0.233445361256599,0.000000000000000
-164.778427124023438,-31.332475662231445,1.600000023841858,0.972369909286499,0.233445361256599,0.000000000000000
-164.031387329101562,-34.444061279296875,11.199999809265137,0.972369909286499,0.233445361256599,0.000000000000000
-164.031387329101562,-34.444061279296875,4.800000190734863,0.972369909286499,0.233445361256599,0.000000000000000
-164.031387329101562,-34.444061279296875,8.000000000000000,0.972369909286499,0.233445361256599,0.000000000000000
-163.284362792968750,-37.555644989013672,20.799999237060547,0.972369909286499,0.233445361256599,0.000000000000000
-164.031387329101562,-34.444061279296875,1.600000023841858,0.972369909286499,0.233445361256599,0.000000000000000
-163.284362792968750,-37.555644989013672,1.600000023841858,0.972369909286499,0.233445361256599,0.000000000000000
-163.284362792968750,-37.555644989013672,4.800000190734863,0.972369909286499,0.233445361256599,0.000000000000000
-163.284362792968750,-37.555644989013672,11.199999809265137,0.972369909286499,0.233445361256599,0.000000000000000
-163.284362792968750,-37.555644989013672,8.000000000000000,0.972369909286499,0.233445361256599,0.000000000000000
-162.537338256835938,-40.667228698730469,8.000000000000000,0.972369909286499,0.233445361256599,0.000000000000000
-162.537338256835938,-40.667228698730469,4.800000190734863,0.972369909286499,0.233445361256599,0.000000000000000
-162.537338256835938,-40.667228698730469,11.199999809265137,0.972369909286499,0.233445361256599,0.000000000000000
-162.537338256835938,-40.667228698730469,1.600000023841858,0.972369909286499,0.233445361256599,0.000000000000000
-161.790313720703125,-43.778812408447266,1.600000023841858,0.972369909286499,0.233445361256599,0.000000000000000
-163.284362792968750,-37.555644989013672,24.000000000000000,0.972369909286499,0.233445361256599,0.000000000000000
-161.790313720703125,-43.778812408447266,4.800000190734863,0.972369909286499,0.233445361256599,0.000000000000000
-161.043289184570312,-46.890396118164062,1.600000023841858,0.972369909286499,0.233445361256599,0.000000000000000
-161.790313720703125,-43.778812408447266,8.000000000000000,0.972369909286499,0.233445361256599,0.000000000000000
-161.043289184570312,-46.890396118164062,4.800000190734863,0.972369909286499,0.233445361256599,0.000000000000000
-161.790313720703125,-43.778812408447266,11.199999809265137,0.972369909286499,0.233445361256599,0.000000000000000
-160.296264648437500,-50.001979827880859,1.600000023841858,0.972369909286499,0.233445361256599,0.000000000000000
-161.043289184570312,-46.890396118164062,8.000000000000000,0.972369909286499,0.233445361256599,0.000000000000000
-160.296264648437500,-50.001979827880859,4.800000190734863,0.972369909286499,0.233445361256599,0.000000000000000
-161.043289184570312,-46.890396118164062,11.199999809265137,0.972369909286499,0.233445361256599,0.000000000000000
-160.296264648437500,-50.001979827880859,8.000000000000000,0.972369909286499,0.233445361256599,0.000000000000000
-160.296264648437500,-50.001979827880859,11.199999809265137,0.972369909286499,0.233445361256599,0.000000000000000
-161.790313720703125,-43.778812408447266,24.000000000000000,0.972369909286499,0.233445361256599,0.000000000000000
-161.043289184570312,-46.890396118164062,17.600000381469727,0.972369909286499,0.233445361256599,0.000000000000000
-161.043289184570312,-46.890396118164062,24.000000000000000,0.972369909286499,0.233445361256599,0.000000000000000
-161.043289184570312,-46.890396118164062,14.399999618530273,0.972369909286499,0.233445361256599,0.000000000000000
-161.043289184570312,-46.890396118164062,20.799999237060547,0.972369909286499,0.233445361256599,0.000000000000000
-160.296264648437500,-50.001979827880859,20.799999237060547,0.972369909286499,0.233445361256599,0.000000000000000
-160.296264648437500,-50.001979827880859,24.000000000000000,0.972369909286499,0.233445361256599,0.000000000000000
-161.790313720703125,-43.778812408447266,20.799999237060547,0.972369909286499,0.233445361256599,0.000000000000000
-162.537338256835938,-40.667228698730469,20.799999237060547,0.972369909286499,0.233445361256599,0.000000000000000
-161.790313720703125,-43.778812408447266,14.399999618530273,0.972369909286499,0.233445361256599,0.000000000000000
-160.296264648437500,-50.001979827880859,17.600000381469727,0.972369909286499,0.233445361256599,0.000000000000000
-161.790313720703125,-43.778812408447266,17.600000381469727,0.972369909286499,0.233445361256599,0.000000000000000
-162.537338256835938,-40.667228698730469,24.000000000000000,0.972369909286499,0.233445361256599,0.000000000000000
-160.296264648437500,-50.001979827880859,14.399999618530273,0.972369909286499,0.233445361256599,0.000000000000000
-100.291976928710938,-134.672225952148438,90.400001525878906,0.649448037147522,0.760405957698822,0.000000000000000
-102.725280761718750,-132.593994140625000,90.400001525878906,0.649448037147522,0.760405957698822,0.000000000000000
-105.158576965332031,-130.515762329101562,80.800003051757812,0.649448037147522,0.760405957698822,0.000000000000000
-100.291976928710938,-134.672225952148438,87.199996948242188,0.649448037147522,0.760405957698822,0.000000000000000
-107.591880798339844,-128.437530517578125,87.199996948242188,0.649448037147522,0.760405957698822,0.000000000000000
-105.158576965332031,-130.515762329101562,87.199996948242188,0.649448037147522,0.760405957698822,0.000000000000000
-107.591880798339844,-128.437530517578125,90.400001525878906,0.649448037147522,0.760405957698822,0.000000000000000
-100.291976928710938,-134.672225952148438,80.800003051757812,0.649448037147522,0.760405957698822,0.000000000000000
-102.725280761718750,-132.593994140625000,84.000000000000000,0.649448037147522,0.760405957698822,0.000000000000000
-107.591880798339844,-128.437530517578125,80.800003051757812,0.649448037147522,0.760405957698822,0.000000000000000
-102.725280761718750,-132.593994140625000,87.199996948242188,0.649448037147522,0.760405957698822,0.000000000000000
-107.591880798339844,-128.437530517578125,84.000000000000000,0.649448037147522,0.760405957698822,0.000000000000000
-105.158576965332031,-130.515762329101562,90.400001525878906,0.649448037147522,0.760405957698822,0.000000000000000
-105.158576965332031,-130.515762329101562,84.000000000000000,0.649448037147522,0.760405957698822,0.000000000000000
-100.291976928710938,-134.672225952148438,84.000000000000000,0.649448037147522,0.760405957698822,0.000000000000000
-102.725280761718750,-132.593994140625000,80.800003051757812,0.649448037147522,0.760405957698822,0.000000000000000
-100.291976928710938,-134.672225952148438,93.599998474121094,0.649448037147522,0.760405957698822,0.000000000000000
-102.725280761718750,-132.593994140625000,93.599998474121094,0.649448037147522,0.760405957698822,0.000000000000000
-100.291976928710938,-134.672225952148438,96.800003051757812,0.649448037147522,0.760405957698822,0.000000000000000
-102.725280761718750,-132.593994140625000,96.800003051757812,0.649448037147522,0.760405957698822,0.000000000000000
-100.291976928710938,-134.672225952148438,103.199996948242188,0.649448037147522,0.760405957698822,0.000000000000000
-100.291976928710938,-134.672225952148438,100.000000000000000,0.649448037147522,0.760405957698822,0.000000000000000
-102.725280761718750,-132.593994140625000,103.199996948242188,0.649448037147522,0.760405957698822,0.000000000000000
-102.725280761718750,-132.593994140625000,100.000000000000000,0.649448037147522,0.760405957698822,0.000000000000000
-105.158576965332031,-130.515762329101562,93.599998474121094,0.649448037147522,0.760405957698822,0.000000000000000
-105.158576965332031,-130.515762329101562,100.000000000000000,0.649448037147522,0.760405957698822,0.000000000000000
-105.158576965332031,-130.515762329101562,96.800003051757812,0.649448037147522,0.760405957698822,0.000000000000000
-110.025177001953125,-126.359298706054688,90.400001525878906,0.649448037147522,0.760405957698822,0.000000000000000
-105.158576965332031,-130.515762329101562,103.199996948242188,0.649448037147522,0.760405957698822,0.000000000000000
-107.591880798339844,-128.437530517578125,93.599998474121094,0.649448037147522,0.760405957698822,0.000000000000000
-107.591880798339844,-128.437530517578125,103.199996948242188,0.649448037147522,0.760405957698822,0.000000000000000
-107.591880798339844,-128.437530517578125,100.000000000000000,0.649448037147522,0.760405957698822,0.000000000000000
-107.591880798339844,-128.437530517578125,96.800003051757812,0.649448037147522,0.760405957698822,0.000000000000000
-110.025177001953125,-126.359298706054688,93.599998474121094,0.649448037147522,0.760405957698822,0.000000000000000
-110.025177001953125,-126.359298706054688,96.800003051757812,0.649448037147522,0.760405957698822,0.000000000000000
-110.025177001953125,-126.359298706054688,103.199996948242188,0.649448037147522,0.760405957698822,0.000000000000000
-110.025177001953125,-126.359298706054688,100.000000000000000,0.649448037147522,0.760405957698822,0.000000000000000
-112.458473205566406,-124.281066894531250,103.199996948242188,0.649448037147522,0.760405957698822,0.000000000000000
-110.025177001953125,-126.359298706054688,87.199996948242188,0.649448037147522,0.760405957698822,0.000000000000000
-112.458473205566406,-124.281066894531250,100.000000000000000,0.649448037147522,0.760405957698822,0.000000000000000
-112.458473205566406,-124.281066894531250,96.800003051757812,0.649448037147522,0.760405957698822,0.000000000000000
-112.458473205566406,-124.281066894531250,93.599998474121094,0.649448037147522,0.760405957698822,0.000000000000000
-114.891777038574219,-122.202827453613281,100.000000000000000,0.649448037147522,0.760405957698822,0.000000000000000
-114.891777038574219,-122.202827453613281,103.199996948242188,0.649448037147522,0.760405957698822,0.000000000000000
-117.325073242187500,-120.124595642089844,103.199996948242188,0.649448037147522,0.760405957698822,0.000000000000000
-114.891777038574219,-122.202827453613281,93.599998474121094,0.649448037147522,0.760405957698822,0.000000000000000
-117.325073242187500,-120.124595642089844,100.000000000000000,0.649448037147522,0.760405957698822,0.000000000000000
-114.891777038574219,-122.202827453613281,96.800003051757812,0.649448037147522,0.760405957698822,0.000000000000000
-117.325073242187500,-120.124595642089844,93.599998474121094,0.649448037147522,0.760405957698822,0.000000000000000
-117.325073242187500,-120.124595642089844,96.800003051757812,0.649448037147522,0.760405957698822,0.000000000000000
-112.458473205566406,-124.281066894531250,84.000000000000000,0.649448037147522,0.760405957698822,0.000000000000000
-114.891777038574219,-122.202827453613281,84.000000000000000,0.649448037147522,0.760405957698822,0.000000000000000
-114.891777038574219,-122.202827453613281,80.800003051757812,0.649448037147522,0.760405957698822,0.000000000000000
-114.891777038574219,-122.202827453613281,90.400001525878906,0.649448037147522,0.760405957698822,0.000000000000000
-114.891777038574219,-122.202827453613281,87.199996948242188,0.649448037147522,0.760405957698822,0.000000000000000
-117.325073242187500,-120.124595642089844,84.000000000000000,0.649448037147522,0.760405957698822,0.000000000000000
-117.325073242187500,-120.124595642089844,80.800003051757812,0.649448037147522,0.760405957698822,0.000000000000000
-112.458473205566406,-124.281066894531250,80.800003051757812,0.649448037147522,0.760405957698822,0.000000000000000
-110.025177001953125,-126.359298706054688,80.800003051757812,0.649448037147522,0.760405957698822,0.000000000000000
-112.458473205566406,-124.281066894531250,90.400001525878906,0.649448037147522,0.760405957698822,0.000000000000000
-117.325073242187500,-120.124595642089844,87.199996948242188,0.649448037147522,0.760405957698822,0.000000000000000
-112.458473205566406,-124.281066894531250,87.199996948242188,0.649448037147522,0.760405957698822,0.000000000000000
-110.025177001953125,-126.359298706054688,84.000000000000000,0.649448037147522,0.760405957698822,0.000000000000000
-117.325073242187500,-120.124595642089844,90.400001525878906,0.649448037147522,0.760405957698822,0.000000000000000
-117.325073242187500,-120.124595642089844,67.199996948242188,0.649448037147522,0.760405957698822,0.000000000000000
-114.891777038574219,-122.202827453613281,67.199996948242188,0.649448037147522,0.760405957698822,0.000000000000000
-110.025177001953125,-126.359298706054688,70.400001525878906,0.649448037147522,0.760405957698822,0.000000000000000
-114.891777038574219,-122.202827453613281,70.400001525878906,0.649448037147522,0.760405957698822,0.000000000000000
-110.025177001953125,-126.359298706054688,67.199996948242188,0.649448037147522,0.760405957698822,0.000000000000000
-117.325073242187500,-120.124595642089844,73.599998474121094,0.649448037147522,0.760405957698822,0.000000000000000
-112.458473205566406,-124.281066894531250,73.599998474121094,0.649448037147522,0.760405957698822,0.000000000000000
-117.325073242187500,-120.124595642089844,76.800003051757812,0.649448037147522,0.760405957698822,0.000000000000000
-114.891777038574219,-122.202827453613281,73.599998474121094,0.649448037147522,0.760405957698822,0.000000000000000
-107.591880798339844,-128.437530517578125,67.199996948242188,0.649448037147522,0.760405957698822,0.000000000000000
-117.325073242187500,-120.124595642089844,70.400001525878906,0.649448037147522,0.760405957698822,0.000000000000000
-107.591880798339844,-128.437530517578125,70.400001525878906,0.649448037147522,0.760405957698822,0.000000000000000
-112.458473205566406,-124.281066894531250,67.199996948242188,0.649448037147522,0.760405957698822,0.000000000000000
-112.458473205566406,-124.281066894531250,76.800003051757812,0.649448037147522,0.760405957698822,0.000000000000000
-112.458473205566406,-124.281066894531250,70.400001525878906,0.649448037147522,0.760405957698822,0.000000000000000
-114.891777038574219,-122.202827453613281,76.800003051757812,0.649448037147522,0.760405957698822,0.000000000000000
-117.325073242187500,-120.124595642089844,64.000000000000000,0.649448037147522,0.760405957698822,0.000000000000000
-117.325073242187500,-120.124595642089844,57.599998474121094,0.649448037147522,0.760405957698822,0.000000000000000
-117.325073242187500,-120.124595642089844,60.799999237060547,0.649448037147522,0.760405957698822,0.000000000000000
-117.325073242187500,-120.124595642089844,54.400001525878906,0.649448037147522,0.760405957698822,0.000000000000000
-114.891777038574219,-122.202827453613281,60.799999237060547,0.649448037147522,0.760405957698822,0.000000000000000
-114.891777038574219,-122.202827453613281,64.000000000000000,0.649448037147522,0.760405957698822,0.000000000000000
-114.891777038574219,-122.202827453613281,57.599998474121094,0.649448037147522,0.760405957698822,0.000000000000000
-114.891777038574219,-122.202827453613281,54.400001525878906,0.649448037147522,0.760405957698822,0.000000000000000
-112.458473205566406,-124.281066894531250,64.000000000000000,0.649448037147522,0.760405957698822,0.000000000000000
-112.458473205566406,-124.281066894531250,57.599998474121094,0.649448037147522,0.760405957698822,0.000000000000000
-112.458473205566406,-124.281066894531250,60.799999237060547,0.649448037147522,0.760405957698822,0.000000000000000
-110.025177001953125,-126.359298706054688,73.599998474121094,0.649448037147522,0.760405957698822,0.000000000000000
-112.458473205566406,-124.281066894531250,54.400001525878906,0.649448037147522,0.760405957698822,0.000000000000000
-110.025177001953125,-126.359298706054688,54.400001525878906,0.649448037147522,0.760405957698822,0.000000000000000
-110.025177001953125,-126.359298706054688,57.599998474121094,0.649448037147522,0.760405957698822,0.000000000000000
-110.025177001953125,-126.359298706054688,64.000000000000000,0.649448037147522,0.760405957698822,0.000000000000000
-110.025177001953125,-126.359298706054688,60.799999237060547,0.649448037147522,0.760405957698822,0.000000000000000
-107.591880798339844,-128.437530517578125,60.799999237060547,0.649448037147522,0.760405957698822,0.000000000000000
-107.591880798339844,-128.437530517578125,57.599998474121094,0.649448037147522,0.760405957698822,0.000000000000000
-107.591880798339844,-128.437530517578125,64.000000000000000,0.649448037147522,0.760405957698822,0.000000000000000
-107.591880798339844,-128.437530517578125,54.400001525878906,0.649448037147522,0.760405957698822,0.000000000000000
-105.158576965332031,-130.515762329101562,54.400001525878906,0.649448037147522,0.760405957698822,0.000000000000000
-110.025177001953125,-126.359298706054688,76.800003051757812,0.649448037147522,0.760405957698822,0.000000000000000
-105.158576965332031,-130.515762329101562,57.599998474121094,0.649448037147522,0.760405957698822,0.000000000000000
-102.725280761718750,-132.593994140625000,54.400001525878906,0.649448037147522,0.760405957698822,0.000000000000000
-105.158576965332031,-130.515762329101562,60.799999237060547,0.649448037147522,0.760405957698822,0.000000000000000
-102.725280761718750,-132.593994140625000,57.599998474121094,0.649448037147522,0.760405957698822,0.000000000000000
-105.158576965332031,-130.515762329101562,64.000000000000000,0.649448037147522,0.760405957698822,0.000000000000000
-100.291976928710938,-134.672225952148438,54.400001525878906,0.649448037147522,0.760405957698822,0.000000000000000
-102.725280761718750,-132.593994140625000,60.799999237060547,0.649448037147522,0.760405957698822,0.000000000000000
-100.291976928710938,-134.672225952148438,57.599998474121094,0.649448037147522,0.760405957698822,0.000000000000000
-102.725280761718750,-132.593994140625000,64.000000000000000,0.649448037147522,0.760405957698822,0.000000000000000
-100.291976928710938,-134.672225952148438,60.799999237060547,0.649448037147522,0.760405957698822,0.000000000000000
-100.291976928710938,-134.672225952148438,64.000000000000000,0.649448037147522,0.760405957698822,0.000000000000000
-105.158576965332031,-130.515762329101562,76.800003051757812,0.649448037147522,0.760405957698822,0.000000000000000
-102.725280761718750,-132.593994140625000,70.400001525878906,0.649448037147522,0.760405957698822,0.000000000000000
-102.725280761718750,-132.593994140625000,76.800003051757812,0.649448037147522,0.760405957698822,0.000000000000000
-102.725280761718750,-132.593994140625000,67.199996948242188,0.649448037147522,0.760405957698822,0.000000000000000
-102.725280761718750,-132.593994140625000,73.599998474121094,0.649448037147522,0.760405957698822,0.000000000000000
-100.291976928710938,-134.672225952148438,73.599998474121094,0.649448037147522,0.760405957698822,0.000000000000000
-100.291976928710938,-134.672225952148438,76.800003051757812,0.649448037147522,0.760405957698822,0.000000000000000
-105.158576965332031,-130.515762329101562,73.599998474121094,0.649448037147522,0.760405957698822,0.000000000000000
-107.591880798339844,-128.437530517578125,73.599998474121094,0.649448037147522,0.760405957698822,0.000000000000000
-105.158576965332031,-130.515762329101562,67.199996948242188,0.649448037147522,0.760405957698822,0.000000000000000
-100.291976928710938,-134.672225952148438,70.400001525878906,0.649448037147522,0.760405957698822,0.000000000000000
-105.158576965332031,-130.515762329101562,70.400001525878906,0.649448037147522,0.760405957698822,0.000000000000000
-107.591880798339844,-128.437530517578125,76.800003051757812,0.649448037147522,0.760405957698822,0.000000000000000
-100.291976928710938,-134.672225952148438,67.199996948242188,0.649448037147522,0.760405957698822,0.000000000000000
-120.124595642089844,-117.325073242187500,90.400001525878906,0.760405957698822,0.649448037147522,0.000000000000000
-122.202835083007812,-114.891769409179688,90.400001525878906,0.760405957698822,0.649448037147522,0.000000000000000
-124.281066894531250,-112.458473205566406,80.800003051757812,0.760405957698822,0.649448037147522,0.000000000000000
-120.124595642089844,-117.325073242187500,87.199996948242188,0.760405957698822,0.649448037147522,0.000000000000000
-126.359298706054688,-110.025177001953125,87.199996948242188,0.760405957698822,0.649448037147522,0.000000000000000
-124.281066894531250,-112.458473205566406,87.199996948242188,0.760405957698822,0.649448037147522,0.000000000000000
-126.359298706054688,-110.025177001953125,90.400001525878906,0.760405957698822,0.649448037147522,0.000000000000000
-120.124595642089844,-117.325073242187500,80.800003051757812,0.760405957698822,0.649448037147522,0.000000000000000
-122.202835083007812,-114.891769409179688,84.000000000000000,0.760405957698822,0.649448037147522,0.000000000000000
-126.359298706054688,-110.025177001953125,80.800003051757812,0.760405957698822,0.649448037147522,0.000000000000000
-122.202835083007812,-114.891769409179688,87.199996948242188,0.760405957698822,0.649448037147522,0.000000000000000
-126.359298706054688,-110.025177001953125,84.000000000000000,0.760405957698822,0.649448037147522,0.000000000000000
-124.281066894531250,-112.458473205566406,90.400001525878906,0.760405957698822,0.649448037147522,0.000000000000000
-124.281066894531250,-112.458473205566406,84.000000000000000,0.760405957698822,0.649448037147522,0.000000000000000
-120.124595642089844,-117.325073242187500,84.000000000000000,0.760405957698822,0.649448037147522,0.000000000000000
-122.202835083007812,-114.891769409179688,80.800003051757812,0.760405957698822,0.649448037147522,0.000000000000000
-120.124595642089844,-117.325073242187500,93.599998474121094,0.760405957698822,0.649448037147522,0.000000000000000
-122.202835083007812,-114.891769409179688,93.599998474121094,0.760405957698822,0.649448037147522,0.000000000000000
-120.124595642089844,-117.325073242187500,96.800003051757812,0.760405957698822,0.649448037147522,0.000000000000000
-122.202835083007812,-114.891769409179688,96.800003051757812,0.760405957698822,0.649448037147522,0.000000000000000
-120.124595642089844,-117.325073242187500,103.199996948242188,0.760405957698822,0.649448037147522,0.000000000000000
-120.124595642089844,-117.325073242187500,100.000000000000000,0.760405957698822,0.649448037147522,0.000000000000000
-122.202835083007812,-114.891769409179688,103.199996948242188,0.760405957698822,0.649448037147522,0.000000000000000
-122.202835083007812,-114.891769409179688,100.000000000000000,0.760405957698822,0.649448037147522,0.000000000000000
-124.281066894531250,-112.458473205566406,93.599998474121094,0.760405957698822,0.649448037147522,0.000000000000000
-124.281066894531250,-112.458473205566406,100.000000000000000,0.760405957698822,0.649448037147522,0.000000000000000
-124.281066894531250,-112.458473205566406,96.800003051757812,0.760405957698822,0.649448037147522,0.000000000000000
-128.437530517578125,-107.591873168945312,90.400001525878906,0.760405957698822,0.649448037147522,0.000000000000000
-124.281066894531250,-112.458473205566406,103.199996948242188,0.760405957698822,0.649448037147522,0.000000000000000
-126.359298706054688,-110.025177001953125,93.599998474121094,0.760405957698822,0.649448037147522,0.000000000000000
-126.359298706054688,-110.025177001953125,103.199996948242188,0.760405957698822,0.649448037147522,0.000000000000000
-126.359298706054688,-110.025177001953125,100.000000000000000,0.760405957698822,0.649448037147522,0.000000000000000
-126.359298706054688,-110.025177001953125,96.800003051757812,0.760405957698822,0.649448037147522,0.000000000000000
-128.437530517578125,-107.591873168945312,93.599998474121094,0.760405957698822,0.649448037147522,0.000000000000000
-128.437530517578125,-107.591873168945312,96.800003051757812,0.760405957698822,0.649448037147522,0.000000000000000
-128.437530517578125,-107.591873168945312,103.199996948242188,0.760405957698822,0.649448037147522,0.000000000000000
-128.437530517578125,-107.591873168945312,100.000000000000000,0.760405957698822,0.649448037147522,0.000000000000000
-130.515762329101562,-105.158576965332031,103.199996948242188,0.760405957698822,0.649448037147522,0.000000000000000
-128.437530517578125,-107.591873168945312,87.199996948242188,0.760405957698822,0.649448037147522,0.000000000000000
-130.515762329101562,-105.158576965332031,100.000000000000000,0.760405957698822,0.649448037147522,0.000000000000000
-130.515762329101562,-105.158576965332031,96.800003051757812,0.760405957698822,0.649448037147522,0.000000000000000
-130.515762329101562,-105.158576965332031,93.599998474121094,0.760405957698822,0.649448037147522,0.000000000000000
-132.593994140625000,-102.725280761718750,100.000000000000000,0.760405957698822,0.649448037147522,0.000000000000000
-132.593994140625000,-102.725280761718750,103.199996948242188,0.760405957698822,0.649448037147522,0.000000000000000
-134.672241210937500,-100.291976928710938,103.199996948242188,0.760405957698822,0.649448037147522,0.000000000000000
-132.593994140625000,-102.725280761718750,93.599998474121094,0.760405957698822,0.649448037147522,0.000000000000000
-134.672241210937500,-100.291976928710938,100.000000000000000,0.760405957698822,0.649448037147522,0.000000000000000
-132.593994140625000,-102.725280761718750,96.800003051757812,0.760405957698822,0.649448037147522,0.000000000000000
-134.672241210937500,-100.291976928710938,93.599998474121094,0.760405957698822,0.649448037147522,0.000000000000000
-134.672241210937500,-100.291976928710938,96.800003051757812,0.760405957698822,0.649448037147522,0.000000000000000
-130.515762329101562,-105.158576965332031,84.000000000000000,0.760405957698822,0.649448037147522,0.000000000000000
-132.593994140625000,-102.725280761718750,84.000000000000000,0.760405957698822,0.649448037147522,0.000000000000000
-132.593994140625000,-102.725280761718750,80.800003051757812,0.760405957698822,0.649448037147522,0.000000000000000
-132.593994140625000,-102.725280761718750,90.400001525878906,0.760405957698822,0.649448037147522,0.000000000000000
-132.593994140625000,-102.725280761718750,87.199996948242188,0.760405957698822,0.649448037147522,0.000000000000000
-134.672241210937500,-100.291976928710938,84.000000000000000,0.760405957698822,0.649448037147522,0.000000000000000
-134.672241210937500,-100.291976928710938,80.800003051757812,0.760405957698822,0.649448037147522,0.000000000000000
-130.515762329101562,-105.158576965332031,80.800003051757812,0.760405957698822,0.649448037147522,0.000000000000000
-128.437530517578125,-107.591873168945312,80.800003051757812,0.760405957698822,0.649448037147522,0.000000000000000
-130.515762329101562,-105.158576965332031,90.400001525878906,0.760405957698822,0.649448037147522,0.000000000000000
-134.672241210937500,-100.291976928710938,87.199996948242188,0.760405957698822,0.649448037147522,0.000000000000000
-130.515762329101562,-105.158576965332031,87.199996948242188,0.760405957698822,0.649448037147522,0.000000000000000
-128.437530517578125,-107.591873168945312,84.000000000000000,0.760405957698822,0.649448037147522,0.000000000000000
-134.672241210937500,-100.291976928710938,90.400001525878906,0.760405957698822,0.649448037147522,0.000000000000000
-134.672241210937500,-100.291976928710938,67.199996948242188,0.760405957698822,0.649448037147522,0.000000000000000
-132.593994140625000,-102.725280761718750,67.199996948242188,0.760405957698822,0.649448037147522,0.000000000000000
-128.437530517578125,-107.591873168945312,70.400001525878906,0.760405957698822,0.649448037147522,0.000000000000000
-132.593994140625000,-102.725280761718750,70.400001525878906,0.760405957698822,0.649448037147522,0.000000000000000
-128.437530517578125,-107.591873168945312,67.199996948242188,0.760405957698822,0.649448037147522,0.000000000000000
-134.672241210937500,-100.291976928710938,73.599998474121094,0.760405957698822,0.649448037147522,0.000000000000000
-130.515762329101562,-105.158576965332031,73.599998474121094,0.760405957698822,0.649448037147522,0.000000000000000
-134.672241210937500,-100.291976928710938,76.800003051757812,0.760405957698822,0.649448037147522,0.000000000000000
-132.593994140625000,-102.725280761718750,73.599998474121094,0.760405957698822,0.649448037147522,0.000000000000000
-126.359298706054688,-110.025177001953125,67.199996948242188,0.760405957698822,0.649448037147522,0.000000000000000
-134.672241210937500,-100.291976928710938,70.400001525878906,0.760405957698822,0.649448037147522,0.000000000000000
-126.359298706054688,-110.025177001953125,70.400001525878906,0.760405957698822,0.649448037147522,0.000000000000000
-130.515762329101562,-105.158576965332031,67.199996948242188,0.760405957698822,0.649448037147522,0.000000000000000
-130.515762329101562,-105.158576965332031,76.800003051757812,0.760405957698822,0.649448037147522,0.000000000000000
-130.515762329101562,-105.158576965332031,70.400001525878906,0.760405957698822,0.649448037147522,0.000000000000000
-132.593994140625000,-102.725280761718750,76.800003051757812,0.760405957698822,0.649448037147522,0.000000000000000
-134.672241210937500,-100.291976928710938,64.000000000000000,0.760405957698822,0.649448037147522,0.000000000000000
-134.672241210937500,-100.291976928710938,57.599998474121094,0.760405957698822,0.649448037147522,0.000000000000000
-134.672241210937500,-100.291976928710938,60.799999237060547,0.760405957698822,0.649448037147522,0.000000000000000
-134.672241210937500,-100.291976928710938,54.400001525878906,0.760405957698822,0.649448037147522,0.000000000000000
-132.593994140625000,-102.725280761718750,60.799999237060547,0.760405957698822,0.649448037147522,0.000000000000000
-132.593994140625000,-102.725280761718750,64.000000000000000,0.760405957698822,0.649448037147522,0.000000000000000
-132.593994140625000,-102.725280761718750,57.599998474121094,0.760405957698822,0.649448037147522,0.000000000000000
-132.593994140625000,-102.725280761718750,54.400001525878906,0.760405957698822,0.649448037147522,0.000000000000000
-130.515762329101562,-105.158576965332031,64.000000000000000,0.760405957698822,0.649448037147522,0.000000000000000
-130.515762329101562,-105.158576965332031,57.599998474121094,0.760405957698822,0.649448037147522,0.000000000000000
-130.515762329101562,-105.158576965332031,60.799999237060547,0.760405957698822,0.649448037147522,0.000000000000000
-128.437530517578125,-107.591873168945312,73.599998474121094,0.760405957698822,0.649448037147522,0.000000000000000
-130.515762329101562,-105.158576965332031,54.400001525878906,0.760405957698822,0.649448037147522,0.000000000000000
-128.437530517578125,-107.591873168945312,54.400001525878906,0.760405957698822,0.649448037147522,0.000000000000000
-128.437530517578125,-107.591873168945312,57.599998474121094,0.760405957698822,0.649448037147522,0.000000000000000
-128.437530517578125,-107.591873168945312,64.000000000000000,0.760405957698822,0.649448037147522,0.000000000000000
-128.437530517578125,-107.591873168945312,60.799999237060547,0.760405957698822,0.649448037147522,0.000000000000000
-126.359298706054688,-110.025177001953125,60.799999237060547,0.760405957698822,0.649448037147522,0.000000000000000
-126.359298706054688,-110.025177001953125,57.599998474121094,0.760405957698822,0.649448037147522,0.000000000000000
-126.359298706054688,-110.025177001953125,64.000000000000000,0.760405957698822,0.649448037147522,0.000000000000000
-126.359298706054688,-110.025177001953125,54.400001525878906,0.760405957698822,0.649448037147522,0.000000000000000
-124.281066894531250,-112.458473205566406,54.400001525878906,0.760405957698822,0.649448037147522,0.000000000000000
-128.437530517578125,-107.591873168945312,76.800003051757812,0.760405957698822,0.649448037147522,0.000000000000000
-124.281066894531250,-112.458473205566406,57.599998474121094,0.760405957698822,0.649448037147522,0.000000000000000
-122.202835083007812,-114.891769409179688,54.400001525878906,0.760405957698822,0.649448037147522,0.000000000000000
-124.281066894531250,-112.458473205566406,60.799999237060547,0.760405957698822,0.649448037147522,0.000000000000000
-122.202835083007812,-114.891769409179688,57.599998474121094,0.760405957698822,0.649448037147522,0.000000000000000
-124.281066894531250,-112.458473205566406,64.000000000000000,0.760405957698822,0.649448037147522,0.000000000000000
-120.124595642089844,-117.325073242187500,54.400001525878906,0.760405957698822,0.649448037147522,0.000000000000000
-122.202835083007812,-114.891769409179688,60.799999237060547,0.760405957698822,0.649448037147522,0.000000000000000
-120.124595642089844,-117.325073242187500,57.599998474121094,0.760405957698822,0.649448037147522,0.000000000000000
-122.202835083007812,-114.891769409179688,64.000000000000000,0.760405957698822,0.649448037147522,0.000000000000000
-120.124595642089844,-117.325073242187500,60.799999237060547,0.760405957698822,0.649448037147522,0.000000000000000
-120.124595642089844,-117.325073242187500,64.000000000000000,0.760405957698822,0.649448037147522,0.000000000000000
-124.281066894531250,-112.458473205566406,76.800003051757812,0.760405957698822,0.649448037147522,0.000000000000000
-122.202835083007812,-114.891769409179688,70.400001525878906,0.760405957698822,0.649448037147522,0.000000000000000
-122.202835083007812,-114.891769409179688,76.800003051757812,0.760405957698822,0.649448037147522,0.000000000000000
-122.202835083007812,-114.891769409179688,67.199996948242188,0.760405957698822,0.649448037147522,0.000000000000000
-122.202835083007812,-114.891769409179688,73.599998474121094,0.760405957698822,0.649448037147522,0.000000000000000
-120.124595642089844,-117.325073242187500,73.599998474121094,0.760405957698822,0.649448037147522,0.000000000000000
-120.124595642089844,-117.325073242187500,76.800003051757812,0.760405957698822,0.649448037147522,0.000000000000000
-124.281066894531250,-112.458473205566406,73.599998474121094,0.760405957698822,0.649448037147522,0.000000000000000
-126.359298706054688,-110.025177001953125,73.599998474121094,0.760405957698822,0.649448037147522,0.000000000000000
-124.281066894531250,-112.458473205566406,67.199996948242188,0.760405957698822,0.649448037147522,0.000000000000000
-120.124595642089844,-117.325073242187500,70.400001525878906,0.760405957698822,0.649448037147522,0.000000000000000
-124.281066894531250,-112.458473205566406,70.400001525878906,0.760405957698822,0.649448037147522,0.000000000000000
-126.359298706054688,-110.025177001953125,76.800003051757812,0.760405957698822,0.649448037147522,0.000000000000000
-120.124595642089844,-117.325073242187500,67.199996948242188,0.760405957698822,0.649448037147522,0.000000000000000
-136.999343872070312,-97.088981628417969,90.400001525878906,0.852640151977539,0.522498548030853,0.000000000000000
-138.671340942382812,-94.360527038574219,90.400001525878906,0.852640151977539,0.522498548030853,0.000000000000000
-140.343338012695312,-91.632080078125000,80.800003051757812,0.852640151977539,0.522498548030853,0.000000000000000
-136.999343872070312,-97.088981628417969,87.199996948242188,0.852640151977539,0.522498548030853,0.000000000000000
-142.015335083007812,-88.903633117675781,87.199996948242188,0.852640151977539,0.522498548030853,0.000000000000000
-140.343338012695312,-91.632080078125000,87.199996948242188,0.852640151977539,0.522498548030853,0.000000000000000
-142.015335083007812,-88.903633117675781,90.400001525878906,0.852640151977539,0.522498548030853,0.000000000000000
-136.999343872070312,-97.088981628417969,80.800003051757812,0.852640151977539,0.522498548030853,0.000000000000000
-138.671340942382812,-94.360527038574219,84.000000000000000,0.852640151977539,0.522498548030853,0.000000000000000
-142.015335083007812,-88.903633117675781,80.800003051757812,0.852640151977539,0.522498548030853,0.000000000000000
-138.671340942382812,-94.360527038574219,87.199996948242188,0.852640151977539,0.522498548030853,0.000000000000000
-142.015335083007812,-88.903633117675781,84.000000000000000,0.852640151977539,0.522498548030853,0.000000000000000
-140.343338012695312,-91.632080078125000,90.400001525878906,0.852640151977539,0.522498548030853,0.000000000000000
-140.343338012695312,-91.632080078125000,84.000000000000000,0.852640151977539,0.522498548030853,0.000000000000000
-136.999343872070312,-97.088981628417969,84.000000000000000,0.852640151977539,0.522498548030853,0.000000000000000
-138.671340942382812,-94.360527038574219,80.800003051757812,0.852640151977539,0.522498548030853,0.000000000000000
-136.999343872070312,-97.088981628417969,93.599998474121094,0.852640151977539,0.522498548030853,0.000000000000000
-138.671340942382812,-94.360527038574219,93.599998474121094,0.852640151977539,0.522498548030853,0.000000000000000
-136.999343872070312,-97.088981628417969,96.800003051757812,0.852640151977539,0.522498548030853,0.000000000000000
-138.671340942382812,-94.360527038574219,96.800003051757812,0.852640151977539,0.522498548030853,0.000000000000000
-136.999343872070312,-97.088981628417969,103.199996948242188,0.852640151977539,0.522498548030853,0.000000000000000
-136.999343872070312,-97.088981628417969,100.000000000000000,0.852640151977539,0.522498548030853,0.000000000000000
-138.671340942382812,-94.360527038574219,103.199996948242188,0.852640151977539,0.522498548030853,0.000000000000000
-138.671340942382812,-94.360527038574219,100.000000000000000,0.852640151977539,0.522498548030853,0.000000000000000
-140.343338012695312,-91.632080078125000,93.599998474121094,0.852640151977539,0.522498548030853,0.000000000000000
-140.343338012695312,-91.632080078125000,100.000000000000000,0.852640151977539,0.522498548030853,0.000000000000000
-140.343338012695312,-91.632080078125000,96.800003051757812,0.852640151977539,0.522498548030853,0.000000000000000
-143.687332153320312,-86.175186157226562,90.400001525878906,0.852640151977539,0.522498548030853,0.000000000000000
-140.343338012695312,-91.632080078125000,103.199996948242188,0.852640151977539,0.522498548030853,0.000000000000000
-142.015335083007812,-88.903633117675781,93.599998474121094,0.852640151977539,0.522498548030853,0.000000000000000
-142.015335083007812,-88.903633117675781,103.199996948242188,0.852640151977539,0.522498548030853,0.000000000000000
-142.015335083007812,-88.903633117675781,100.000000000000000,0.852640151977539,0.522498548030853,0.000000000000000
-142.015335083007812,-88.903633117675781,96.800003051757812,0.852640151977539,0.522498548030853,0.000000000000000
-143.687332153320312,-86.175186157226562,93.599998474121094,0.852640151977539,0.522498548030853,0.000000000000000
-143.687332153320312,-86.175186157226562,96.800003051757812,0.852640151977539,0.522498548030853,0.000000000000000
-143.687332153320312,-86.175186157226562,103.199996948242188,0.852640151977539,0.522498548030853,0.000000000000000
-143.687332153320312,-86.175186157226562,100.000000000000000,0.852640151977539,0.522498548030853,0.000000000000000
-145.359329223632812,-83.446739196777344,103.199996948242188,0.852640151977539,0.522498548030853,0.000000000000000
-143.687332153320312,-86.175186157226562,87.199996948242188,0.852640151977539,0.522498548030853,0.000000000000000
-145.359329223632812,-83.446739196777344,100.000000000000000,0.852640151977539,0.522498548030853,0.000000000000000
-145.359329223632812,-83.446739196777344,96.800003051757812,0.852640151977539,0.522498548030853,0.000000000000000
-145.359329223632812,-83.446739196777344,93.599998474121094,0.852640151977539,0.522498548030853,0.000000000000000
-147.031326293945312,-80.718284606933594,100.000000000000000,0.852640151977539,0.522498548030853,0.000000000000000
-147.031326293945312,-80.718284606933594,103.199996948242188,0.852640151977539,0.522498548030853,0.000000000000000
-148.703323364257812,-77.989837646484375,103.199996948242188,0.852640151977539,0.522498548030853,0.000000000000000
-147.031326293945312,-80.718284606933594,93.599998474121094,0.852640151977539,0.522498548030853,0.000000000000000
-148.703323364257812,-77.989837646484375,100.000000000000000,0.852640151977539,0.522498548030853,0.000000000000000
-147.031326293945312,-80.718284606933594,96.800003051757812,0.852640151977539,0.522498548030853,0.000000000000000
-148.703323364257812,-77.989837646484375,93.599998474121094,0.852640151977539,0.522498548030853,0.000000000000000
-148.703323364257812,-77.989837646484375,96.800003051757812,0.852640151977539,0.522498548030853,0.000000000000000
-145.359329223632812,-83.446739196777344,84.000000000000000,0.852640151977539,0.522498548030853,0.000000000000000
-147.031326293945312,-80.718284606933594,84.000000000000000,0.852640151977539,0.522498548030853,0.000000000000000
-147.031326293945312,-80.718284606933594,80.800003051757812,0.852640151977539,0.522498548030853,0.000000000000000
-147.031326293945312,-80.718284606933594,90.400001525878906,0.852640151977539,0.522498548030853,0.000000000000000
-147.031326293945312,-80.718284606933594,87.199996948242188,0.852640151977539,0.522498548030853,0.000000000000000
-148.703323364257812,-77.989837646484375,84.000000000000000,0.852640151977539,0.522498548030853,0.000000000000000
-148.703323364257812,-77.989837646484375,80.800003051757812,0.852640151977539,0.522498548030853,0.000000000000000
-145.359329223632812,-83.446739196777344,80.800003051757812,0.852640151977539,0.522498548030853,0.000000000000000
-143.687332153320312,-86.175186157226562,80.800003051757812,0.852640151977539,0.522498548030853,0.000000000000000
-145.359329223632812,-83.446739196777344,90.400001525878906,0.852640151977539,0.522498548030853,0.000000000000000
-148.703323364257812,-77.989837646484375,87.199996948242188,0.852640151977539,0.522498548030853,0.000000000000000
-145.359329223632812,-83.446739196777344,87.199996948242188,0.852640151977539,0.522498548030853,0.000000000000000
-143.687332153320312,-86.175186157226562,84.000000000000000,0.852640151977539,0.522498548030853,0.000000000000000
-148.703323364257812,-77.989837646484375,90.400001525878906,0.852640151977539,0.522498548030853,0.000000000000000
-148.703323364257812,-77.989837646484375,67.199996948242188,0.852640151977539,0.522498548030853,0.000000000000000
-147.031326293945312,-80.718284606933594,67.199996948242188,0.852640151977539,0.522498548030853,0.000000000000000
-143.687332153320312,-86.175186157226562,70.400001525878906,0.852640151977539,0.522498548030853,0.000000000000000
-147.031326293945312,-80.718284606933594,70.400001525878906,0.852640151977539,0.522498548030853,0.000000000000000
-143.687332153320312,-86.175186157226562,67.199996948242188,0.852640151977539,0.522498548030853,0.000000000000000
-148.703323364257812,-77.989837646484375,73.599998474121094,0.852640151977539,0.522498548030853,0.000000000000000
-145.359329223632812,-83.446739196777344,73.599998474121094,0.852640151977539,0.522498548030853,0.000000000000000
-148.703323364257812,-77.989837646484375,76.800003051757812,0.852640151977539,0.522498548030853,0.000000000000000
-147.031326293945312,-80.718284606933594,73.599998474121094,0.852640151977539,0.522498548030853,0.000000000000000
-142.015335083007812,-88.903633117675781,67.199996948242188,0.852640151977539,0.522498548030853,0.000000000000000
-148.703323364257812,-77.989837646484375,70.400001525878906,0.852640151977539,0.522498548030853,0.000000000000000
-142.015335083007812,-88.903633117675781,70.400001525878906,0.852640151977539,0.522498548030853,0.000000000000000
-145.359329223632812,-83.446739196777344,67.199996948242188,0.852640151977539,0.522498548030853,0.000000000000000
-145.359329223632812,-83.446739196777344,76.800003051757812,0.852640151977539,0.522498548030853,0.000000000000000
-145.359329223632812,-83.446739196777344,70.400001525878906,0.852640151977539,0.522498548030853,0.000000000000000
-147.031326293945312,-80.718284606933594,76.800003051757812,0.852640151977539,0.522498548030853,0.000000000000000
-148.703323364257812,-77.989837646484375,64.000000000000000,0.852640151977539,0.522498548030853,0.000000000000000
-148.703323364257812,-77.989837646484375,57.599998474121094,0.852640151977539,0.522498548030853,0.000000000000000
-148.703323364257812,-77.989837646484375,60.799999237060547,0.852640151977539,0.522498548030853,0.000000000000000
-148.703323364257812,-77.989837646484375,54.400001525878906,0.852640151977539,0.522498548030853,0.000000000000000
-147.031326293945312,-80.718284606933594,60.799999237060547,0.852640151977539,0.522498548030853,0.000000000000000
-147.031326293945312,-80.718284606933594,64.000000000000000,0.852640151977539,0.522498548030853,0.000000000000000
-147.031326293945312,-80.718284606933594,57.599998474121094,0.852640151977539,0.522498548030853,0.000000000000000
-147.031326293945312,-80.718284606933594,54.400001525878906,0.852640151977539,0.522498548030853,0.000000000000000
-145.359329223632812,-83.446739196777344,64.000000000000000,0.852640151977539,0.522498548030853,0.000000000000000
-145.359329223632812,-83.446739196777344,57.599998474121094,0.852640151977539,0.522498548030853,0.000000000000000
-145.359329223632812,-83.446739196777344,60.799999237060547,0.852640151977539,0.522498548030853,0.000000000000000
-143.687332153320312,-86.175186157226562,73.599998474121094,0.852640151977539,0.522498548030853,0.000000000000000
-145.359329223632812,-83.446739196777344,54.400001525878906,0.852640151977539,0.522498548030853,0.000000000000000
-143.687332153320312,-86.175186157226562,54.400001525878906,0.852640151977539,0.522498548030853,0.000000000000000
-143.687332153320312,-86.175186157226562,57.599998474121094,0.852640151977539,0.522498548030853,0.000000000000000
-143.687332153320312,-86.175186157226562,64.000000000000000,0.852640151977539,0.522498548030853,0.000000000000000
-143.687332153320312,-86.175186157226562,60.799999237060547,0.852640151977539,0.522498548030853,0.000000000000000
-142.015335083007812,-88.903633117675781,60.799999237060547,0.852640151977539,0.522498548030853,0.000000000000000
-142.015335083007812,-88.903633117675781,57.599998474121094,0.852640151977539,0.522498548030853,0.000000000000000
-142.015335083007812,-88.903633117675781,64.000000000000000,0.852640151977539,0.522498548030853,0.000000000000000
-142.015335083007812,-88.903633117675781,54.400001525878906,0.852640151977539,0.522498548030853,0.000000000000000
-140.343338012695312,-91.632080078125000,54.400001525878906,0.852640151977539,0.522498548030853,0.000000000000000
-143.687332153320312,-86.175186157226562,76.800003051757812,0.852640151977539,0.522498548030853,0.000000000000000
-140.343338012695312,-91.632080078125000,57.599998474121094,0.852640151977539,0.522498548030853,0.000000000000000
-138.671340942382812,-94.360527038574219,54.400001525878906,0.852640151977539,0.522498548030853,0.000000000000000
-140.343338012695312,-91.632080078125000,60.799999237060547,0.852640151977539,0.522498548030853,0.000000000000000
-138.671340942382812,-94.360527038574219,57.599998474121094,0.852640151977539,0.522498548030853,0.000000000000000
-140.343338012695312,-91.632080078125000,64.000000000000000,0.852640151977539,0.522498548030853,0.000000000000000
-136.999343872070312,-97.088981628417969,54.400001525878906,0.852640151977539,0.522498548030853,0.000000000000000
-138.671340942382812,-94.360527038574219,60.799999237060547,0.852640151977539,0.522498548030853,0.000000000000000
-136.999343872070312,-97.088981628417969,57.599998474121094,0.852640151977539,0.522498548030853,0.000000000000000
-138.671340942382812,-94.360527038574219,64.000000000000000,0.852640151977539,0.522498548030853,0.000000000000000
-136.999343872070312,-97.088981628417969,60.799999237060547,0.852640151977539,0.522498548030853,0.000000000000000
-136.999343872070312,-97.088981628417969,64.000000000000000,0.852640151977539,0.522498548030853,0.000000000000000
-140.343338012695312,-91.632080078125000,76.800003051757812,0.852640151977539,0.522498548030853,0.000000000000000
-138.671340942382812,-94.360527038574219,70.400001525878906,0.852640151977539,0.522498548030853,0.000000000000000
-138.671340942382812,-94.360527038574219,76.800003051757812,0.852640151977539,0.522498548030853,0.000000000000000
-138.671340942382812,-94.360527038574219,67.199996948242188,0.852640151977539,0.522498548030853,0.000000000000000
-138.671340942382812,-94.360527038574219,73.599998474121094,0.852640151977539,0.522498548030853,0.000000000000000
-136.999343872070312,-97.088981628417969,73.599998474121094,0.852640151977539,0.522498548030853,0.000000000000000
-136.999343872070312,-97.088981628417969,76.800003051757812,0.852640151977539,0.522498548030853,0.000000000000000
-140.343338012695312,-91.632080078125000,73.599998474121094,0.852640151977539,0.522498548030853,0.000000000000000
-142.015335083007812,-88.903633117675781,73.599998474121094,0.852640151977539,0.522498548030853,0.000000000000000
-140.343338012695312,-91.632080078125000,67.199996948242188,0.852640151977539,0.522498548030853,0.000000000000000
-136.999343872070312,-97.088981628417969,70.400001525878906,0.852640151977539,0.522498548030853,0.000000000000000
-140.343338012695312,-91.632080078125000,70.400001525878906,0.852640151977539,0.522498548030853,0.000000000000000
-142.015335083007812,-88.903633117675781,76.800003051757812,0.852640151977539,0.522498548030853,0.000000000000000
-136.999343872070312,-97.088981628417969,67.199996948242188,0.852640151977539,0.522498548030853,0.000000000000000
-150.500717163085938,-74.462234497070312,90.400001525878906,0.923879504203796,0.382683426141739,0.000000000000000
-151.725311279296875,-71.505821228027344,90.400001525878906,0.923879504203796,0.382683426141739,0.000000000000000
-152.949890136718750,-68.549400329589844,80.800003051757812,0.923879504203796,0.382683426141739,0.000000000000000
-150.500717163085938,-74.462234497070312,87.199996948242188,0.923879504203796,0.382683426141739,0.000000000000000
-154.174484252929688,-65.592987060546875,87.199996948242188,0.923879504203796,0.382683426141739,0.000000000000000
-152.949890136718750,-68.549400329589844,87.199996948242188,0.923879504203796,0.382683426141739,0.000000000000000
-154.174484252929688,-65.592987060546875,90.400001525878906,0.923879504203796,0.382683426141739,0.000000000000000
-150.500717163085938,-74.462234497070312,80.800003051757812,0.923879504203796,0.382683426141739,0.000000000000000
-151.725311279296875,-71.505821228027344,84.000000000000000,0.923879504203796,0.382683426141739,0.000000000000000
-154.174484252929688,-65.592987060546875,80.800003051757812,0.923879504203796,0.382683426141739,0.000000000000000
-151.725311279296875,-71.505821228027344,87.199996948242188,0.923879504203796,0.382683426141739,0.000000000000000
-154.174484252929688,-65.592987060546875,84.000000000000000,0.923879504203796,0.382683426141739,0.000000000000000
-152.949890136718750,-68.549400329589844,90.400001525878906,0.923879504203796,0.382683426141739,0.000000000000000
-152.949890136718750,-68.549400329589844,84.000000000000000,0.923879504203796,0.382683426141739,0.000000000000000
-150.500717163085938,-74.462234497070312,84.000000000000000,0.923879504203796,0.382683426141739,0.000000000000000
-151.725311279296875,-71.505821228027344,80.800003051757812,0.923879504203796,0.382683426141739,0.000000000000000
-150.500717163085938,-74.462234497070312,93.599998474121094,0.923879504203796,0.382683426141739,0.000000000000000
-151.725311279296875,-71.505821228027344,93.599998474121094,0.923879504203796,0.382683426141739,0.000000000000000
-150.500717163085938,-74.462234497070312,96.800003051757812,0.923879504203796,0.382683426141739,0.000000000000000
-151.725311279296875,-71.505821228027344,96.800003051757812,0.923879504203796,0.382683426141739,0.000000000000000
-150.500717163085938,-74.462234497070312,103.199996948242188,0.923879504203796,0.382683426141739,0.000000000000000
-150.500717163085938,-74.462234497070312,100.000000000000000,0.923879504203796,0.382683426141739,0.000000000000000
-151.725311279296875,-71.505821228027344,103.199996948242188,0.923879504203796,0.382683426141739,0.000000000000000
-151.725311279296875,-71.505821228027344,100.000000000000000,0.923879504203796,0.382683426141739,0.000000000000000
-152.949890136718750,-68.549400329589844,93.599998474121094,0.923879504203796,0.382683426141739,0.000000000000000
-152.949890136718750,-68.549400329589844,100.000000000000000,0.923879504203796,0.382683426141739,0.000000000000000
-152.949890136718750,-68.549400329589844,96.800003051757812,0.923879504203796,0.382683426141739,0.000000000000000
-155.399063110351562,-62.636573791503906,90.400001525878906,0.923879504203796,0.382683426141739,0.000000000000000
-152.949890136718750,-68.549400329589844,103.199996948242188,0.923879504203796,0.382683426141739,0.000000000000000
-154.174484252929688,-65.592987060546875,93.599998474121094,0.923879504203796,0.382683426141739,0.000000000000000
-154.174484252929688,-65.592987060546875,103.199996948242188,0.923879504203796,0.382683426141739,0.000000000000000
-154.174484252929688,-65.592987060546875,100.000000000000000,0.923879504203796,0.382683426141739,0.000000000000000
-154.174484252929688,-65.592987060546875,96.800003051757812,0.923879504203796,0.382683426141739,0.000000000000000
-155.399063110351562,-62.636573791503906,93.599998474121094,0.923879504203796,0.382683426141739,0.000000000000000
-155.399063110351562,-62.636573791503906,96.800003051757812,0.923879504203796,0.382683426141739,0.000000000000000
-155.399063110351562,-62.636573791503906,103.199996948242188,0.923879504203796,0.382683426141739,0.000000000000000
-155.399063110351562,-62.636573791503906,100.000000000000000,0.923879504203796,0.382683426141739,0.000000000000000
-156.623657226562500,-59.680160522460938,103.199996948242188,0.923879504203796,0.382683426141739,0.000000000000000
-155.399063110351562,-62.636573791503906,87.199996948242188,0.923879504203796,0.382683426141739,0.000000000000000
-156.623657226562500,-59.680160522460938,100.000000000000000,0.923879504203796,0.382683426141739,0.000000000000000
-156.623657226562500,-59.680160522460938,96.800003051757812,0.923879504203796,0.382683426141739,0.000000000000000
-156.623657226562500,-59.680160522460938,93.599998474121094,0.923879504203796,0.382683426141739,0.000000000000000
-157.848251342773438,-56.723747253417969,100.000000000000000,0.923879504203796,0.382683426141739,0.000000000000000
-157.848251342773438,-56.723747253417969,103.199996948242188,0.923879504203796,0.382683426141739,0.000000000000000
-159.072830200195312,-53.767330169677734,103.199996948242188,0.923879504203796,0.382683426141739,0.000000000000000
-157.848251342773438,-56.723747253417969,93.599998474121094,0.923879504203796,0.382683426141739,0.000000000000000
-159.072830200195312,-53.767330169677734,100.000000000000000,0.923879504203796,0.382683426141739,0.000000000000000
-157.848251342773438,-56.723747253417969,96.800003051757812,0.923879504203796,0.382683426141739,0.000000000000000
-159.072830200195312,-53.767330169677734,93.599998474121094,0.923879504203796,0.382683426141739,0.000000000000000
-159.072830200195312,-53.767330169677734,96.800003051757812,0.923879504203796,0.382683426141739,0.000000000000000
-156.623657226562500,-59.680160522460938,84.000000000000000,0.923879504203796,0.382683426141739,0.000000000000000
-157.848251342773438,-56.723747253417969,84.000000000000000,0.923879504203796,0.382683426141739,0.000000000000000
-157.848251342773438,-56.723747253417969,80.800003051757812,0.923879504203796,0.382683426141739,0.000000000000000
-157.848251342773438,-56.723747253417969,90.400001525878906,0.923879504203796,0.382683426141739,0.000000000000000
-157.848251342773438,-56.723747253417969,87.199996948242188,0.923879504203796,0.382683426141739,0.000000000000000
-159.072830200195312,-53.767330169677734,84.000000000000000,0.923879504203796,0.382683426141739,0.000000000000000
-159.072830200195312,-53.767330169677734,80.800003051757812,0.923879504203796,0.382683426141739,0.000000000000000
-156.623657226562500,-59.680160522460938,80.800003051757812,0.923879504203796,0.382683426141739,0.000000000000000
-155.399063110351562,-62.636573791503906,80.800003051757812,0.923879504203796,0.382683426141739,0.000000000000000
-156.623657226562500,-59.680160522460938,90.400001525878906,0.923879504203796,0.382683426141739,0.000000000000000
-159.072830200195312,-53.767330169677734,87.199996948242188,0.923879504203796,0.382683426141739,0.000000000000000
-156.623657226562500,-59.680160522460938,87.199996948242188,0.923879504203796,0.382683426141739,0.000000000000000
-155.399063110351562,-62.636573791503906,84.000000000000000,0.923879504203796,0.382683426141739,0.000000000000000
-159.072830200195312,-53.767330169677734,90.400001525878906,0.923879504203796,0.382683426141739,0.000000000000000
-159.072830200195312,-53.767330169677734,67.199996948242188,0.923879504203796,0.382683426141739,0.000000000000000
-157.848251342773438,-56.723747253417969,67.199996948242188,0.923879504203796,0.382683426141739,0.000000000000000
-155.399063110351562,-62.636573791503906,70.400001525878906,0.923879504203796,0.382683426141739,0.000000000000000
-157.848251342773438,-56.723747253417969,70.400001525878906,0.923879504203796,0.382683426141739,0.000000000000000
-155.399063110351562,-62.636573791503906,67.199996948242188,0.923879504203796,0.382683426141739,0.000000000000000
-159.072830200195312,-53.767330169677734,73.599998474121094,0.923879504203796,0.382683426141739,0.000000000000000
-156.623657226562500,-59.680160522460938,73.599998474121094,0.923879504203796,0.382683426141739,0.000000000000000
-159.072830200195312,-53.767330169677734,76.800003051757812,0.923879504203796,0.382683426141739,0.000000000000000
-157.848251342773438,-56.723747253417969,73.599998474121094,0.923879504203796,0.382683426141739,0.000000000000000
-154.174484252929688,-65.592987060546875,67.199996948242188,0.923879504203796,0.382683426141739,0.000000000000000
-159.072830200195312,-53.767330169677734,70.400001525878906,0.923879504203796,0.382683426141739,0.000000000000000
-154.174484252929688,-65.592987060546875,70.400001525878906,0.923879504203796,0.382683426141739,0.000000000000000
-156.623657226562500,-59.680160522460938,67.199996948242188,0.923879504203796,0.382683426141739,0.000000000000000
-156.623657226562500,-59.680160522460938,76.800003051757812,0.923879504203796,0.382683426141739,0.000000000000000
-156.623657226562500,-59.680160522460938,70.400001525878906,0.923879504203796,0.382683426141739,0.000000000000000
-157.848251342773438,-56.723747253417969,76.800003051757812,0.923879504203796,0.382683426141739,0.000000000000000
-159.072830200195312,-53.767330169677734,64.000000000000000,0.923879504203796,0.382683426141739,0.000000000000000
-159.072830200195312,-53.767330169677734,57.599998474121094,0.923879504203796,0.382683426141739,0.000000000000000
-159.072830200195312,-53.767330169677734,60.799999237060547,0.923879504203796,0.382683426141739,0.000000000000000
-159.072830200195312,-53.767330169677734,54.400001525878906,0.923879504203796,0.382683426141739,0.000000000000000
-157.848251342773438,-56.723747253417969,60.799999237060547,0.923879504203796,0.382683426141739,0.000000000000000
-157.848251342773438,-56.723747253417969,64.000000000000000,0.923879504203796,0.382683426141739,0.000000000000000
-157.848251342773438,-56.723747253417969,57.599998474121094,0.923879504203796,0.382683426141739,0.000000000000000
-157.848251342773438,-56.723747253417969,54.400001525878906,0.923879504203796,0.382683426141739,0.000000000000000
-156.623657226562500,-59.680160522460938,64.000000000000000,0.923879504203796,0.382683426141739,0.000000000000000
-156.623657226562500,-59.680160522460938,57.599998474121094,0.923879504203796,0.382683426141739,0.000000000000000
-156.623657226562500,-59.680160522460938,60.799999237060547,0.923879504203796,0.382683426141739,0.000000000000000
-155.399063110351562,-62.636573791503906,73.599998474121094,0.923879504203796,0.382683426141739,0.000000000000000
-156.623657226562500,-59.680160522460938,54.400001525878906,0.923879504203796,0.382683426141739,0.000000000000000
-155.399063110351562,-62.636573791503906,54.400001525878906,0.923879504203796,0.382683426141739,0.000000000000000
-155.399063110351562,-62.636573791503906,57.599998474121094,0.923879504203796,0.382683426141739,0.000000000000000
-155.399063110351562,-62.636573791503906,64.000000000000000,0.923879504203796,0.382683426141739,0.000000000000000
-155.399063110351562,-62.636573791503906,60.799999237060547,0.923879504203796,0.382683426141739,0.000000000000000
-154.174484252929688,-65.592987060546875,60.799999237060547,0.923879504203796,0.382683426141739,0.000000000000000
-154.174484252929688,-65.592987060546875,57.599998474121094,0.923879504203796,0.382683426141739,0.000000000000000
-154.174484252929688,-65.592987060546875,64.000000000000000,0.923879504203796,0.382683426141739,0.000000000000000
-154.174484252929688,-65.592987060546875,54.400001525878906,0.923879504203796,0.382683426141739,0.000000000000000
-152.949890136718750,-68.549400329589844,54.400001525878906,0.923879504203796,0.382683426141739,0.000000000000000
-155.399063110351562,-62.636573791503906,76.800003051757812,0.923879504203796,0.382683426141739,0.000000000000000
-152.949890136718750,-68.549400329589844,57.599998474121094,0.923879504203796,0.382683426141739,0.000000000000000
-151.725311279296875,-71.505821228027344,54.400001525878906,0.923879504203796,0.382683426141739,0.000000000000000
-152.949890136718750,-68.549400329589844,60.799999237060547,0.923879504203796,0.382683426141739,0.000000000000000
-151.725311279296875,-71.505821228027344,57.599998474121094,0.923879504203796,0.382683426141739,0.000000000000000
-152.949890136718750,-68.549400329589844,64.000000000000000,0.923879504203796,0.382683426141739,0.000000000000000
-150.500717163085938,-74.462234497070312,54.400001525878906,0.923879504203796,0.382683426141739,0.000000000000000
-151.725311279296875,-71.505821228027344,60.799999237060547,0.923879504203796,0.382683426141739,0.000000000000000
-150.500717163085938,-74.462234497070312,57.599998474121094,0.923879504203796,0.382683426141739,0.000000000000000
-151.725311279296875,-71.505821228027344,64.000000000000000,0.923879504203796,0.382683426141739,0.000000000000000
-150.500717163085938,-74.462234497070312,60.799999237060547,0.923879504203796,0.382683426141739,0.000000000000000
-150.500717163085938,-74.462234497070312,64.000000000000000,0.923879504203796,0.382683426141739,0.000000000000000
-152.949890136718750,-68.549400329589844,76.800003051757812,0.923879504203796,0.382683426141739,0.000000000000000
-151.725311279296875,-71.505821228027344,70.400001525878906,0.923879504203796,0.382683426141739,0.000000000000000
-151.725311279296875,-71.505821228027344,76.800003051757812,0.923879504203796,0.382683426141739,0.000000000000000
-151.725311279296875,-71.505821228027344,67.199996948242188,0.923879504203796,0.382683426141739,0.000000000000000
-151.725311279296875,-71.505821228027344,73.599998474121094,0.923879504203796,0.382683426141739,0.000000000000000
-150.500717163085938,-74.462234497070312,73.599998474121094,0.923879504203796,0.382683426141739,0.000000000000000
-150.500717163085938,-74.462234497070312,76.800003051757812,0.923879504203796,0.382683426141739,0.000000000000000
-152.949890136718750,-68.549400329589844,73.599998474121094,0.923879504203796,0.382683426141739,0.000000000000000
-154.174484252929688,-65.592987060546875,73.599998474121094,0.923879504203796,0.382683426141739,0.000000000000000
-152.949890136718750,-68.549400329589844,67.199996948242188,0.923879504203796,0.382683426141739,0.000000000000000
-150.500717163085938,-74.462234497070312,70.400001525878906,0.923879504203796,0.382683426141739,0.000000000000000
-152.949890136718750,-68.549400329589844,70.400001525878906,0.923879504203796,0.382683426141739,0.000000000000000
-154.174484252929688,-65.592987060546875,76.800003051757812,0.923879504203796,0.382683426141739,0.000000000000000
-150.500717163085938,-74.462234497070312,67.199996948242188,0.923879504203796,0.382683426141739,0.000000000000000
-150.500717163085938,-74.462234497070312,37.599998474121094,0.923879504203796,0.382683426141739,0.000000000000000
-151.725311279296875,-71.505821228027344,37.599998474121094,0.923879504203796,0.382683426141739,0.000000000000000
-152.949890136718750,-68.549400329589844,28.000000000000000,0.923879504203796,0.382683426141739,0.000000000000000
-150.500717163085938,-74.462234497070312,34.400001525878906,0.923879504203796,0.382683426141739,0.000000000000000
-154.174484252929688,-65.592987060546875,34.400001525878906,0.923879504203796,0.382683426141739,0.000000000000000
-152.949890136718750,-68.549400329589844,34.400001525878906,0.923879504203796,0.382683426141739,0.000000000000000
-154.174484252929688,-65.592987060546875,37.599998474121094,0.923879504203796,0.382683426141739,0.000000000000000
-150.500717163085938,-74.462234497070312,28.000000000000000,0.923879504203796,0.382683426141739,0.000000000000000
-151.725311279296875,-71.505821228027344,31.200000762939453,0.923879504203796,0.382683426141739,0.000000000000000
-154.174484252929688,-65.592987060546875,28.000000000000000,0.923879504203796,0.382683426141739,0.000000000000000
-151.725311279296875,-71.505821228027344,34.400001525878906,0.923879504203796,0.382683426141739,0.000000000000000
-154.174484252929688,-65.592987060546875,31.200000762939453,0.923879504203796,0.382683426141739,0.000000000000000
-152.949890136718750,-68.549400329589844,37.599998474121094,0.923879504203796,0.382683426141739,0.000000000000000
-152.949890136718750,-68.549400329589844,31.200000762939453,0.923879504203796,0.382683426141739,0.000000000000000
-150.500717163085938,-74.462234497070312,31.200000762939453,0.923879504203796,0.382683426141739,0.000000000000000
-151.725311279296875,-71.505821228027344,28.000000000000000,0.923879504203796,0.382683426141739,0.000000000000000
-150.500717163085938,-74.462234497070312,40.799999237060547,0.923879504203796,0.382683426141739,0.000000000000000
-151.725311279296875,-71.505821228027344,40.799999237060547,0.923879504203796,0.382683426141739,0.000000000000000
-150.500717163085938,-74.462234497070312,44.000000000000000,0.923879504203796,0.382683426141739,0.000000000000000
-151.725311279296875,-71.505821228027344,44.000000000000000,0.923879504203796,0.382683426141739,0.000000000000000
-150.500717163085938,-74.462234497070312,50.400001525878906,0.923879504203796,0.382683426141739,0.000000000000000
-150.500717163085938,-74.462234497070312,47.200000762939453,0.923879504203796,0.382683426141739,0.000000000000000
-151.725311279296875,-71.505821228027344,50.400001525878906,0.923879504203796,0.382683426141739,0.000000000000000
-151.725311279296875,-71.505821228027344,47.200000762939453,0.923879504203796,0.382683426141739,0.000000000000000
-152.949890136718750,-68.549400329589844,40.799999237060547,0.923879504203796,0.382683426141739,0.000000000000000
-152.949890136718750,-68.549400329589844,47.200000762939453,0.923879504203796,0.382683426141739,0.000000000000000
-152.949890136718750,-68.549400329589844,44.000000000000000,0.923879504203796,0.382683426141739,0.000000000000000
-155.399063110351562,-62.636573791503906,37.599998474121094,0.923879504203796,0.382683426141739,0.000000000000000
-152.949890136718750,-68.549400329589844,50.400001525878906,0.923879504203796,0.382683426141739,0.000000000000000
-154.174484252929688,-65.592987060546875,40.799999237060547,0.923879504203796,0.382683426141739,0.000000000000000
-154.174484252929688,-65.592987060546875,50.400001525878906,0.923879504203796,0.382683426141739,0.000000000000000
-154.174484252929688,-65.592987060546875,47.200000762939453,0.923879504203796,0.382683426141739,0.000000000000000
-154.174484252929688,-65.592987060546875,44.000000000000000,0.923879504203796,0.382683426141739,0.000000000000000
-155.399063110351562,-62.636573791503906,40.799999237060547,0.923879504203796,0.382683426141739,0.000000000000000
-155.399063110351562,-62.636573791503906,44.000000000000000,0.923879504203796,0.382683426141739,0.000000000000000
-155.399063110351562,-62.636573791503906,50.400001525878906,0.923879504203796,0.382683426141739,0.000000000000000
-155.399063110351562,-62.636573791503906,47.200000762939453,0.923879504203796,0.382683426141739,0.000000000000000
-156.623657226562500,-59.680160522460938,50.400001525878906,0.923879504203796,0.382683426141739,0.000000000000000
-155.399063110351562,-62.636573791503906,34.400001525878906,0.923879504203796,0.382683426141739,0.000000000000000
-156.623657226562500,-59.680160522460938,47.200000762939453,0.923879504203796,0.382683426141739,0.000000000000000
-156.623657226562500,-59.680160522460938,44.000000000000000,0.923879504203796,0.382683426141739,0.000000000000000
-156.623657226562500,-59.680160522460938,40.799999237060547,0.923879504203796,0.382683426141739,0.000000000000000
-157.848251342773438,-56.723747253417969,47.200000762939453,0.923879504203796,0.382683426141739,0.000000000000000
-157.848251342773438,-56.723747253417969,50.400001525878906,0.923879504203796,0.382683426141739,0.000000000000000
-159.072830200195312,-53.767330169677734,50.400001525878906,0.923879504203796,0.382683426141739,0.000000000000000
-157.848251342773438,-56.723747253417969,40.799999237060547,0.923879504203796,0.382683426141739,0.000000000000000
-159.072830200195312,-53.767330169677734,47.200000762939453,0.923879504203796,0.382683426141739,0.000000000000000
-157.848251342773438,-56.723747253417969,44.000000000000000,0.923879504203796,0.382683426141739,0.000000000000000
-159.072830200195312,-53.767330169677734,40.799999237060547,0.923879504203796,0.382683426141739,0.000000000000000
-159.072830200195312,-53.767330169677734,44.000000000000000,0.923879504203796,0.382683426141739,0.000000000000000
-156.623657226562500,-59.680160522460938,31.200000762939453,0.923879504203796,0.382683426141739,0.000000000000000
-157.848251342773438,-56.723747253417969,31.200000762939453,0.923879504203796,0.382683426141739,0.000000000000000
-157.848251342773438,-56.723747253417969,28.000000000000000,0.923879504203796,0.382683426141739,0.000000000000000
-157.848251342773438,-56.723747253417969,37.599998474121094,0.923879504203796,0.382683426141739,0.000000000000000
-157.848251342773438,-56.723747253417969,34.400001525878906,0.923879504203796,0.382683426141739,0.000000000000000
-159.072830200195312,-53.767330169677734,31.200000762939453,0.923879504203796,0.382683426141739,0.000000000000000
-159.072830200195312,-53.767330169677734,28.000000000000000,0.923879504203796,0.382683426141739,0.000000000000000
-156.623657226562500,-59.680160522460938,28.000000000000000,0.923879504203796,0.382683426141739,0.000000000000000
-155.399063110351562,-62.636573791503906,28.000000000000000,0.923879504203796,0.382683426141739,0.000000000000000
-156.623657226562500,-59.680160522460938,37.599998474121094,0.923879504203796,0.382683426141739,0.000000000000000
-159.072830200195312,-53.767330169677734,34.400001525878906,0.923879504203796,0.382683426141739,0.000000000000000
-156.623657226562500,-59.680160522460938,34.400001525878906,0.923879504203796,0.382683426141739,0.000000000000000
-155.399063110351562,-62.636573791503906,31.200000762939453,0.923879504203796,0.382683426141739,0.000000000000000
-159.072830200195312,-53.767330169677734,37.599998474121094,0.923879504203796,0.382683426141739,0.000000000000000
-159.072830200195312,-53.767330169677734,14.399999618530273,0.923879504203796,0.382683426141739,0.000000000000000
-157.848251342773438,-56.723747253417969,14.399999618530273,0.923879504203796,0.382683426141739,0.000000000000000
-155.399063110351562,-62.636573791503906,17.600000381469727,0.923879504203796,0.382683426141739,0.000000000000000
-157.848251342773438,-56.723747253417969,17.600000381469727,0.923879504203796,0.382683426141739,0.000000000000000
-155.399063110351562,-62.636573791503906,14.399999618530273,0.923879504203796,0.382683426141739,0.000000000000000
-159.072830200195312,-53.767330169677734,20.799999237060547,0.923879504203796,0.382683426141739,0.000000000000000
-156.623657226562500,-59.680160522460938,20.799999237060547,0.923879504203796,0.382683426141739,0.000000000000000
-159.072830200195312,-53.767330169677734,24.000000000000000,0.923879504203796,0.382683426141739,0.000000000000000
-157.848251342773438,-56.723747253417969,20.799999237060547,0.923879504203796,0.382683426141739,0.000000000000000
-154.174484252929688,-65.592987060546875,14.399999618530273,0.923879504203796,0.382683426141739,0.000000000000000
-159.072830200195312,-53.767330169677734,17.600000381469727,0.923879504203796,0.382683426141739,0.000000000000000
-154.174484252929688,-65.592987060546875,17.600000381469727,0.923879504203796,0.382683426141739,0.000000000000000
-156.623657226562500,-59.680160522460938,14.399999618530273,0.923879504203796,0.382683426141739,0.000000000000000
-156.623657226562500,-59.680160522460938,24.000000000000000,0.923879504203796,0.382683426141739,0.000000000000000
-156.623657226562500,-59.680160522460938,17.600000381469727,0.923879504203796,0.382683426141739,0.000000000000000
-157.848251342773438,-56.723747253417969,24.000000000000000,0.923879504203796,0.382683426141739,0.000000000000000
-159.072830200195312,-53.767330169677734,11.199999809265137,0.923879504203796,0.382683426141739,0.000000000000000
-159.072830200195312,-53.767330169677734,4.800000190734863,0.923879504203796,0.382683426141739,0.000000000000000
-159.072830200195312,-53.767330169677734,8.000000000000000,0.923879504203796,0.382683426141739,0.000000000000000
-159.072830200195312,-53.767330169677734,1.600000023841858,0.923879504203796,0.382683426141739,0.000000000000000
-157.848251342773438,-56.723747253417969,8.000000000000000,0.923879504203796,0.382683426141739,0.000000000000000
-157.848251342773438,-56.723747253417969,11.199999809265137,0.923879504203796,0.382683426141739,0.000000000000000
-157.848251342773438,-56.723747253417969,4.800000190734863,0.923879504203796,0.382683426141739,0.000000000000000
-157.848251342773438,-56.723747253417969,1.600000023841858,0.923879504203796,0.382683426141739,0.000000000000000
-156.623657226562500,-59.680160522460938,11.199999809265137,0.923879504203796,0.382683426141739,0.000000000000000
-156.623657226562500,-59.680160522460938,4.800000190734863,0.923879504203796,0.382683426141739,0.000000000000000
-156.623657226562500,-59.680160522460938,8.000000000000000,0.923879504203796,0.382683426141739,0.000000000000000
-155.399063110351562,-62.636573791503906,20.799999237060547,0.923879504203796,0.382683426141739,0.000000000000000
-156.623657226562500,-59.680160522460938,1.600000023841858,0.923879504203796,0.382683426141739,0.000000000000000
-155.399063110351562,-62.636573791503906,1.600000023841858,0.923879504203796,0.382683426141739,0.000000000000000
-155.399063110351562,-62.636573791503906,4.800000190734863,0.923879504203796,0.382683426141739,0.000000000000000
-155.399063110351562,-62.636573791503906,11.199999809265137,0.923879504203796,0.382683426141739,0.000000000000000
-155.399063110351562,-62.636573791503906,8.000000000000000,0.923879504203796,0.382683426141739,0.000000000000000
-154.174484252929688,-65.592987060546875,8.000000000000000,0.923879504203796,0.382683426141739,0.000000000000000
-154.174484252929688,-65.592987060546875,4.800000190734863,0.923879504203796,0.382683426141739,0.000000000000000
-154.174484252929688,-65.592987060546875,11.199999809265137,0.923879504203796,0.382683426141739,0.000000000000000
-154.174484252929688,-65.592987060546875,1.600000023841858,0.923879504203796,0.382683426141739,0.000000000000000
-152.949890136718750,-68.549400329589844,1.600000023841858,0.923879504203796,0.382683426141739,0.000000000000000
-155.399063110351562,-62.636573791503906,24.000000000000000,0.923879504203796,0.382683426141739,0.000000000000000
-152.949890136718750,-68.549400329589844,4.800000190734863,0.923879504203796,0.382683426141739,0.000000000000000
-151.725311279296875,-71.505821228027344,1.600000023841858,0.923879504203796,0.382683426141739,0.000000000000000
-152.949890136718750,-68.549400329589844,8.000000000000000,0.923879504203796,0.382683426141739,0.000000000000000
-151.725311279296875,-71.505821228027344,4.800000190734863,0.923879504203796,0.382683426141739,0.000000000000000
-152.949890136718750,-68.549400329589844,11.199999809265137,0.923879504203796,0.382683426141739,0.000000000000000
-150.500717163085938,-74.462234497070312,1.600000023841858,0.923879504203796,0.382683426141739,0.000000000000000
-151.725311279296875,-71.505821228027344,8.000000000000000,0.923879504203796,0.382683426141739,0.000000000000000
-150.500717163085938,-74.462234497070312,4.800000190734863,0.923879504203796,0.382683426141739,0.000000000000000
-151.725311279296875,-71.505821228027344,11.199999809265137,0.923879504203796,0.382683426141739,0.000000000000000
-150.500717163085938,-74.462234497070312,8.000000000000000,0.923879504203796,0.382683426141739,0.000000000000000
-150.500717163085938,-74.462234497070312,11.199999809265137,0.923879504203796,0.382683426141739,0.000000000000000
-152.949890136718750,-68.549400329589844,24.000000000000000,0.923879504203796,0.382683426141739,0.000000000000000
-151.725311279296875,-71.505821228027344,17.600000381469727,0.923879504203796,0.382683426141739,0.000000000000000
-151.725311279296875,-71.505821228027344,24.000000000000000,0.923879504203796,0.382683426141739,0.000000000000000
-151.725311279296875,-71.505821228027344,14.399999618530273,0.923879504203796,0.382683426141739,0.000000000000000
-151.725311279296875,-71.505821228027344,20.799999237060547,0.923879504203796,0.382683426141739,0.000000000000000
-150.500717163085938,-74.462234497070312,20.799999237060547,0.923879504203796,0.382683426141739,0.000000000000000
-150.500717163085938,-74.462234497070312,24.000000000000000,0.923879504203796,0.382683426141739,0.000000000000000
-152.949890136718750,-68.549400329589844,20.799999237060547,0.923879504203796,0.382683426141739,0.000000000000000
-154.174484252929688,-65.592987060546875,20.799999237060547,0.923879504203796,0.382683426141739,0.000000000000000
-152.949890136718750,-68.549400329589844,14.399999618530273,0.923879504203796,0.382683426141739,0.000000000000000
-150.500717163085938,-74.462234497070312,17.600000381469727,0.923879504203796,0.382683426141739,0.000000000000000
-152.949890136718750,-68.549400329589844,17.600000381469727,0.923879504203796,0.382683426141739,0.000000000000000
-154.174484252929688,-65.592987060546875,24.000000000000000,0.923879504203796,0.382683426141739,0.000000000000000
-150.500717163085938,-74.462234497070312,14.399999618530273,0.923879504203796,0.382683426141739,0.000000000000000
-136.999343872070312,-97.088981628417969,37.599998474121094,0.852640151977539,0.522498548030853,0.000000000000000
-138.671340942382812,-94.360527038574219,37.599998474121094,0.852640151977539,0.522498548030853,0.000000000000000
-140.343338012695312,-91.632080078125000,28.000000000000000,0.852640151977539,0.522498548030853,0.000000000000000
-136.999343872070312,-97.088981628417969,34.400001525878906,0.852640151977539,0.522498548030853,0.000000000000000
-142.015335083007812,-88.903633117675781,34.400001525878906,0.852640151977539,0.522498548030853,0.000000000000000
-140.343338012695312,-91.632080078125000,34.400001525878906,0.852640151977539,0.522498548030853,0.000000000000000
-142.015335083007812,-88.903633117675781,37.599998474121094,0.852640151977539,0.522498548030853,0.000000000000000
-136.999343872070312,-97.088981628417969,28.000000000000000,0.852640151977539,0.522498548030853,0.000000000000000
-138.671340942382812,-94.360527038574219,31.200000762939453,0.852640151977539,0.522498548030853,0.000000000000000
-142.015335083007812,-88.903633117675781,28.000000000000000,0.852640151977539,0.522498548030853,0.000000000000000
-138.671340942382812,-94.360527038574219,34.400001525878906,0.852640151977539,0.522498548030853,0.000000000000000
-142.015335083007812,-88.903633117675781,31.200000762939453,0.852640151977539,0.522498548030853,0.000000000000000
-140.343338012695312,-91.632080078125000,37.599998474121094,0.852640151977539,0.522498548030853,0.000000000000000
-140.343338012695312,-91.632080078125000,31.200000762939453,0.852640151977539,0.522498548030853,0.000000000000000
-136.999343872070312,-97.088981628417969,31.200000762939453,0.852640151977539,0.522498548030853,0.000000000000000
-138.671340942382812,-94.360527038574219,28.000000000000000,0.852640151977539,0.522498548030853,0.000000000000000
-136.999343872070312,-97.088981628417969,40.799999237060547,0.852640151977539,0.522498548030853,0.000000000000000
-138.671340942382812,-94.360527038574219,40.799999237060547,0.852640151977539,0.522498548030853,0.000000000000000
-136.999343872070312,-97.088981628417969,44.000000000000000,0.852640151977539,0.522498548030853,0.000000000000000
-138.671340942382812,-94.360527038574219,44.000000000000000,0.852640151977539,0.522498548030853,0.000000000000000
-136.999343872070312,-97.088981628417969,50.400001525878906,0.852640151977539,0.522498548030853,0.000000000000000
-136.999343872070312,-97.088981628417969,47.200000762939453,0.852640151977539,0.522498548030853,0.000000000000000
-138.671340942382812,-94.360527038574219,50.400001525878906,0.852640151977539,0.522498548030853,0.000000000000000
-138.671340942382812,-94.360527038574219,47.200000762939453,0.852640151977539,0.522498548030853,0.000000000000000
-140.343338012695312,-91.632080078125000,40.799999237060547,0.852640151977539,0.522498548030853,0.000000000000000
-140.343338012695312,-91.632080078125000,47.200000762939453,0.852640151977539,0.522498548030853,0.000000000000000
-140.343338012695312,-91.632080078125000,44.000000000000000,0.852640151977539,0.522498548030853,0.000000000000000
-143.687332153320312,-86.175186157226562,37.599998474121094,0.852640151977539,0.522498548030853,0.000000000000000
-140.343338012695312,-91.632080078125000,50.400001525878906,0.852640151977539,0.522498548030853,0.000000000000000
-142.015335083007812,-88.903633117675781,40.799999237060547,0.852640151977539,0.522498548030853,0.000000000000000
-142.015335083007812,-88.903633117675781,50.400001525878906,0.852640151977539,0.522498548030853,0.000000000000000
-142.015335083007812,-88.903633117675781,47.200000762939453,0.852640151977539,0.522498548030853,0.000000000000000
-142.015335083007812,-88.903633117675781,44.000000000000000,0.852640151977539,0.522498548030853,0.000000000000000
-143.687332153320312,-86.175186157226562,40.799999237060547,0.852640151977539,0.522498548030853,0.000000000000000
-143.687332153320312,-86.175186157226562,44.000000000000000,0.852640151977539,0.522498548030853,0.000000000000000
-143.687332153320312,-86.175186157226562,50.400001525878906,0.852640151977539,0.522498548030853,0.000000000000000
-143.687332153320312,-86.175186157226562,47.200000762939453,0.852640151977539,0.522498548030853,0.000000000000000
-145.359329223632812,-83.446739196777344,50.400001525878906,0.852640151977539,0.522498548030853,0.000000000000000
-143.687332153320312,-86.175186157226562,34.400001525878906,0.852640151977539,0.522498548030853,0.000000000000000
-145.359329223632812,-83.446739196777344,47.200000762939453,0.852640151977539,0.522498548030853,0.000000000000000
-145.359329223632812,-83.446739196777344,44.000000000000000,0.852640151977539,0.522498548030853,0.000000000000000
-145.359329223632812,-83.446739196777344,40.799999237060547,0.852640151977539,0.522498548030853,0.000000000000000
-147.031326293945312,-80.718284606933594,47.200000762939453,0.852640151977539,0.522498548030853,0.000000000000000
-147.031326293945312,-80.718284606933594,50.400001525878906,0.852640151977539,0.522498548030853,0.000000000000000
-148.703323364257812,-77.989837646484375,50.400001525878906,0.852640151977539,0.522498548030853,0.000000000000000
-147.031326293945312,-80.718284606933594,40.799999237060547,0.852640151977539,0.522498548030853,0.000000000000000
-148.703323364257812,-77.989837646484375,47.200000762939453,0.852640151977539,0.522498548030853,0.000000000000000
-147.031326293945312,-80.718284606933594,44.000000000000000,0.852640151977539,0.522498548030853,0.000000000000000
-148.703323364257812,-77.989837646484375,40.799999237060547,0.852640151977539,0.522498548030853,0.000000000000000
-148.703323364257812,-77.989837646484375,44.000000000000000,0.852640151977539,0.522498548030853,0.000000000000000
-145.359329223632812,-83.446739196777344,31.200000762939453,0.852640151977539,0.522498548030853,0.000000000000000
-147.031326293945312,-80.718284606933594,31.200000762939453,0.852640151977539,0.522498548030853,0.000000000000000
-147.031326293945312,-80.718284606933594,28.000000000000000,0.852640151977539,0.522498548030853,0.000000000000000
-147.031326293945312,-80.718284606933594,37.599998474121094,0.852640151977539,0.522498548030853,0.000000000000000
-147.031326293945312,-80.718284606933594,34.400001525878906,0.852640151977539,0.522498548030853,0.000000000000000
-148.703323364257812,-77.989837646484375,31.200000762939453,0.852640151977539,0.522498548030853,0.000000000000000
-148.703323364257812,-77.989837646484375,28.000000000000000,0.852640151977539,0.522498548030853,0.000000000000000
-145.359329223632812,-83.446739196777344,28.000000000000000,0.852640151977539,0.522498548030853,0.000000000000000
-143.687332153320312,-86.175186157226562,28.000000000000000,0.852640151977539,0.522498548030853,0.000000000000000
-145.359329223632812,-83.446739196777344,37.599998474121094,0.852640151977539,0.522498548030853,0.000000000000000
-148.703323364257812,-77.989837646484375,34.400001525878906,0.852640151977539,0.522498548030853,0.000000000000000
-145.359329223632812,-83.446739196777344,34.400001525878906,0.852640151977539,0.522498548030853,0.000000000000000
-143.687332153320312,-86.175186157226562,31.200000762939453,0.852640151977539,0.522498548030853,0.000000000000000
-148.703323364257812,-77.989837646484375,37.599998474121094,0.852640151977539,0.522498548030853,0.000000000000000
-148.703323364257812,-77.989837646484375,14.399999618530273,0.852640151977539,0.522498548030853,0.000000000000000
-147.031326293945312,-80.718284606933594,14.399999618530273,0.852640151977539,0.522498548030853,0.000000000000000
-143.687332153320312,-86.175186157226562,17.600000381469727,0.852640151977539,0.522498548030853,0.000000000000000
-147.031326293945312,-80.718284606933594,17.600000381469727,0.852640151977539,0.522498548030853,0.000000000000000
-143.687332153320312,-86.175186157226562,14.399999618530273,0.852640151977539,0.522498548030853,0.000000000000000
-148.703323364257812,-77.989837646484375,20.799999237060547,0.852640151977539,0.522498548030853,0.000000000000000
-145.359329223632812,-83.446739196777344,20.799999237060547,0.852640151977539,0.522498548030853,0.000000000000000
-148.703323364257812,-77.989837646484375,24.000000000000000,0.852640151977539,0.522498548030853,0.000000000000000
-147.031326293945312,-80.718284606933594,20.799999237060547,0.852640151977539,0.522498548030853,0.000000000000000
-142.015335083007812,-88.903633117675781,14.399999618530273,0.852640151977539,0.522498548030853,0.000000000000000
-148.703323364257812,-77.989837646484375,17.600000381469727,0.852640151977539,0.522498548030853,0.000000000000000
-142.015335083007812,-88.903633117675781,17.600000381469727,0.852640151977539,0.522498548030853,0.000000000000000
-145.359329223632812,-83.446739196777344,14.399999618530273,0.852640151977539,0.522498548030853,0.000000000000000
-145.359329223632812,-83.446739196777344,24.000000000000000,0.852640151977539,0.522498548030853,0.000000000000000
-145.359329223632812,-83.446739196777344,17.600000381469727,0.852640151977539,0.522498548030853,0.000000000000000
-147.031326293945312,-80.718284606933594,24.000000000000000,0.852640151977539,0.522498548030853,0.000000000000000
-148.703323364257812,-77.989837646484375,11.199999809265137,0.852640151977539,0.522498548030853,0.000000000000000
-148.703323364257812,-77.989837646484375,4.800000190734863,0.852640151977539,0.522498548030853,0.000000000000000
-148.703323364257812,-77.989837646484375,8.000000000000000,0.852640151977539,0.522498548030853,0.000000000000000
-148.703323364257812,-77.989837646484375,1.600000023841858,0.852640151977539,0.522498548030853,0.000000000000000
-147.031326293945312,-80.718284606933594,8.000000000000000,0.852640151977539,0.522498548030853,0.000000000000000
-147.031326293945312,-80.718284606933594,11.199999809265137,0.852640151977539,0.522498548030853,0.000000000000000
-147.031326293945312,-80.718284606933594,4.800000190734863,0.852640151977539,0.522498548030853,0.000000000000000
-147.031326293945312,-80.718284606933594,1.600000023841858,0.852640151977539,0.522498548030853,0.000000000000000
-145.359329223632812,-83.446739196777344,11.199999809265137,0.852640151977539,0.522498548030853,0.000000000000000
-145.359329223632812,-83.446739196777344,4.800000190734863,0.852640151977539,0.522498548030853,0.000000000000000
-145.359329223632812,-83.446739196777344,8.000000000000000,0.852640151977539,0.522498548030853,0.000000000000000
-143.687332153320312,-86.175186157226562,20.799999237060547,0.852640151977539,0.522498548030853,0.000000000000000
-145.359329223632812,-83.446739196777344,1.600000023841858,0.852640151977539,0.522498548030853,0.000000000000000
-143.687332153320312,-86.175186157226562,1.600000023841858,0.852640151977539,0.522498548030853,0.000000000000000
-143.687332153320312,-86.175186157226562,4.800000190734863,0.852640151977539,0.522498548030853,0.000000000000000
-143.687332153320312,-86.175186157226562,11.199999809265137,0.852640151977539,0.522498548030853,0.000000000000000
-143.687332153320312,-86.175186157226562,8.000000000000000,0.852640151977539,0.522498548030853,0.000000000000000
-142.015335083007812,-88.903633117675781,8.000000000000000,0.852640151977539,0.522498548030853,0.000000000000000
-142.015335083007812,-88.903633117675781,4.800000190734863,0.852640151977539,0.522498548030853,0.000000000000000
-142.015335083007812,-88.903633117675781,11.199999809265137,0.852640151977539,0.522498548030853,0.000000000000000
-142.015335083007812,-88.903633117675781,1.600000023841858,0.852640151977539,0.522498548030853,0.000000000000000
-140.343338012695312,-91.632080078125000,1.600000023841858,0.852640151977539,0.522498548030853,0.000000000000000
-143.687332153320312,-86.175186157226562,24.000000000000000,0.852640151977539,0.522498548030853,0.000000000000000
-140.343338012695312,-91.632080078125000,4.800000190734863,0.852640151977539,0.522498548030853,0.000000000000000
-138.671340942382812,-94.360527038574219,1.600000023841858,0.852640151977539,0.522498548030853,0.000000000000000
-140.343338012695312,-91.632080078125000,8.000000000000000,0.852640151977539,0.522498548030853,0.000000000000000
-138.671340942382812,-94.360527038574219,4.800000190734863,0.852640151977539,0.522498548030853,0.000000000000000
-140.343338012695312,-91.632080078125000,11.199999809265137,0.852640151977539,0.522498548030853,0.000000000000000
-136.999343872070312,-97.088981628417969,1.600000023841858,0.852640151977539,0.522498548030853,0.000000000000000
-138.671340942382812,-94.360527038574219,8.000000000000000,0.852640151977539,0.522498548030853,0.000000000000000
-136.999343872070312,-97.088981628417969,4.800000190734863,0.852640151977539,0.522498548030853,0.000000000000000
-138.671340942382812,-94.360527038574219,11.199999809265137,0.852640151977539,0.522498548030853,0.000000000000000
-136.999343872070312,-97.088981628417969,8.000000000000000,0.852640151977539,0.522498548030853,0.000000000000000
-136.999343872070312,-97.088981628417969,11.199999809265137,0.852640151977539,0.522498548030853,0.000000000000000
-140.343338012695312,-91.632080078125000,24.000000000000000,0.852640151977539,0.522498548030853,0.000000000000000
-138.671340942382812,-94.360527038574219,17.600000381469727,0.852640151977539,0.522498548030853,0.000000000000000
-138.671340942382812,-94.360527038574219,24.000000000000000,0.852640151977539,0.522498548030853,0.000000000000000
-138.671340942382812,-94.360527038574219,14.399999618530273,0.852640151977539,0.522498548030853,0.000000000000000
-138.671340942382812,-94.360527038574219,20.799999237060547,0.852640151977539,0.522498548030853,0.000000000000000
-136.999343872070312,-97.088981628417969,20.799999237060547,0.852640151977539,0.522498548030853,0.000000000000000
-136.999343872070312,-97.088981628417969,24.000000000000000,0.852640151977539,0.522498548030853,0.000000000000000
-140.343338012695312,-91.632080078125000,20.799999237060547,0.852640151977539,0.522498548030853,0.000000000000000
-142.015335083007812,-88.903633117675781,20.799999237060547,0.852640151977539,0.522498548030853,0.000000000000000
-140.343338012695312,-91.632080078125000,14.399999618530273,0.852640151977539,0.522498548030853,0.000000000000000
-136.999343872070312,-97.088981628417969,17.600000381469727,0.852640151977539,0.522498548030853,0.000000000000000
-140.343338012695312,-91.632080078125000,17.600000381469727,0.852640151977539,0.522498548030853,0.000000000000000
-142.015335083007812,-88.903633117675781,24.000000000000000,0.852640151977539,0.522498548030853,0.000000000000000
-136.999343872070312,-97.088981628417969,14.399999618530273,0.852640151977539,0.522498548030853,0.000000000000000
-120.124595642089844,-117.325073242187500,37.599998474121094,0.760405957698822,0.649448037147522,0.000000000000000
-122.202835083007812,-114.891769409179688,37.599998474121094,0.760405957698822,0.649448037147522,0.000000000000000
-124.281066894531250,-112.458473205566406,28.000000000000000,0.760405957698822,0.649448037147522,0.000000000000000
-120.124595642089844,-117.325073242187500,34.400001525878906,0.760405957698822,0.649448037147522,0.000000000000000
-126.359298706054688,-110.025177001953125,34.400001525878906,0.760405957698822,0.649448037147522,0.000000000000000
-124.281066894531250,-112.458473205566406,34.400001525878906,0.760405957698822,0.649448037147522,0.000000000000000
-126.359298706054688,-110.025177001953125,37.599998474121094,0.760405957698822,0.649448037147522,0.000000000000000
-120.124595642089844,-117.325073242187500,28.000000000000000,0.760405957698822,0.649448037147522,0.000000000000000
-122.202835083007812,-114.891769409179688,31.200000762939453,0.760405957698822,0.649448037147522,0.000000000000000
-126.359298706054688,-110.025177001953125,28.000000000000000,0.760405957698822,0.649448037147522,0.000000000000000
-122.202835083007812,-114.891769409179688,34.400001525878906,0.760405957698822,0.649448037147522,0.000000000000000
-126.359298706054688,-110.025177001953125,31.200000762939453,0.760405957698822,0.649448037147522,0.000000000000000
-124.281066894531250,-112.458473205566406,37.599998474121094,0.760405957698822,0.649448037147522,0.000000000000000
-124.281066894531250,-112.458473205566406,31.200000762939453,0.760405957698822,0.649448037147522,0.000000000000000
-120.124595642089844,-117.325073242187500,31.200000762939453,0.760405957698822,0.649448037147522,0.000000000000000
-122.202835083007812,-114.891769409179688,28.000000000000000,0.760405957698822,0.649448037147522,0.000000000000000
-120.124595642089844,-117.325073242187500,40.799999237060547,0.760405957698822,0.649448037147522,0.000000000000000
-122.202835083007812,-114.891769409179688,40.799999237060547,0.760405957698822,0.649448037147522,0.000000000000000
-120.124595642089844,-117.325073242187500,44.000000000000000,0.760405957698822,0.649448037147522,0.000000000000000
-122.202835083007812,-114.891769409179688,44.000000000000000,0.760405957698822,0.649448037147522,0.000000000000000
-120.124595642089844,-117.325073242187500,50.400001525878906,0.760405957698822,0.649448037147522,0.000000000000000
-120.124595642089844,-117.325073242187500,47.200000762939453,0.760405957698822,0.649448037147522,0.000000000000000
-122.202835083007812,-114.891769409179688,50.400001525878906,0.760405957698822,0.649448037147522,0.000000000000000
-122.202835083007812,-114.891769409179688,47.200000762939453,0.760405957698822,0.649448037147522,0.000000000000000
-124.281066894531250,-112.458473205566406,40.799999237060547,0.760405957698822,0.649448037147522,0.000000000000000
-124.281066894531250,-112.458473205566406,47.200000762939453,0.760405957698822,0.649448037147522,0.000000000000000
-124.281066894531250,-112.458473205566406,44.000000000000000,0.760405957698822,0.649448037147522,0.000000000000000
-128.437530517578125,-107.591873168945312,37.599998474121094,0.760405957698822,0.649448037147522,0.000000000000000
-124.281066894531250,-112.458473205566406,50.400001525878906,0.760405957698822,0.649448037147522,0.000000000000000
-126.359298706054688,-110.025177001953125,40.799999237060547,0.760405957698822,0.649448037147522,0.000000000000000
-126.359298706054688,-110.025177001953125,50.400001525878906,0.760405957698822,0.649448037147522,0.000000000000000
-126.359298706054688,-110.025177001953125,47.200000762939453,0.760405957698822,0.649448037147522,0.000000000000000
-126.359298706054688,-110.025177001953125,44.000000000000000,0.760405957698822,0.649448037147522,0.000000000000000
-128.437530517578125,-107.591873168945312,40.799999237060547,0.760405957698822,0.649448037147522,0.000000000000000
-128.437530517578125,-107.591873168945312,44.000000000000000,0.760405957698822,0.649448037147522,0.000000000000000
-128.437530517578125,-107.591873168945312,50.400001525878906,0.760405957698822,0.649448037147522,0.000000000000000
-128.437530517578125,-107.591873168945312,47.200000762939453,0.760405957698822,0.649448037147522,0.000000000000000
-130.515762329101562,-105.158576965332031,50.400001525878906,0.760405957698822,0.649448037147522,0.000000000000000
-128.437530517578125,-107.591873168945312,34.400001525878906,0.760405957698822,0.649448037147522,0.000000000000000
-130.515762329101562,-105.158576965332031,47.200000762939453,0.760405957698822,0.649448037147522,0.000000000000000
-130.515762329101562,-105.158576965332031,44.000000000000000,0.760405957698822,0.649448037147522,0.000000000000000
-130.515762329101562,-105.158576965332031,40.799999237060547,0.760405957698822,0.649448037147522,0.000000000000000
-132.593994140625000,-102.725280761718750,47.200000762939453,0.760405957698822,0.649448037147522,0.000000000000000
-132.593994140625000,-102.725280761718750,50.400001525878906,0.760405957698822,0.649448037147522,0.000000000000000
-134.672241210937500,-100.291976928710938,50.400001525878906,0.760405957698822,0.649448037147522,0.000000000000000
-132.593994140625000,-102.725280761718750,40.799999237060547,0.760405957698822,0.649448037147522,0.000000000000000
-134.672241210937500,-100.291976928710938,47.200000762939453,0.760405957698822,0.649448037147522,0.000000000000000
-132.593994140625000,-102.725280761718750,44.000000000000000,0.760405957698822,0.649448037147522,0.000000000000000
-134.672241210937500,-100.291976928710938,40.799999237060547,0.760405957698822,0.649448037147522,0.000000000000000
-134.672241210937500,-100.291976928710938,44.000000000000000,0.760405957698822,0.649448037147522,0.000000000000000
-130.515762329101562,-105.158576965332031,31.200000762939453,0.760405957698822,0.649448037147522,0.000000000000000
-132.593994140625000,-102.725280761718750,31.200000762939453,0.760405957698822,0.649448037147522,0.000000000000000
-132.593994140625000,-102.725280761718750,28.000000000000000,0.760405957698822,0.649448037147522,0.000000000000000
-132.593994140625000,-102.725280761718750,37.599998474121094,0.760405957698822,0.649448037147522,0.000000000000000
-132.593994140625000,-102.725280761718750,34.400001525878906,0.760405957698822,0.649448037147522,0.000000000000000
-134.672241210937500,-100.291976928710938,31.200000762939453,0.760405957698822,0.649448037147522,0.000000000000000
-134.672241210937500,-100.291976928710938,28.000000000000000,0.760405957698822,0.649448037147522,0.000000000000000
-130.515762329101562,-105.158576965332031,28.000000000000000,0.760405957698822,0.649448037147522,0.000000000000000
-128.437530517578125,-107.591873168945312,28.000000000000000,0.760405957698822,0.649448037147522,0.000000000000000
-130.515762329101562,-105.158576965332031,37.599998474121094,0.760405957698822,0.649448037147522,0.000000000000000
-134.672241210937500,-100.291976928710938,34.400001525878906,0.760405957698822,0.649448037147522,0.000000000000000
-130.515762329101562,-105.158576965332031,34.400001525878906,0.760405957698822,0.649448037147522,0.000000000000000
-128.437530517578125,-107.591873168945312,31.200000762939453,0.760405957698822,0.649448037147522,0.000000000000000
-134.672241210937500,-100.291976928710938,37.599998474121094,0.760405957698822,0.649448037147522,0.000000000000000
-134.672241210937500,-100.291976928710938,14.399999618530273,0.760405957698822,0.649448037147522,0.000000000000000
-132.593994140625000,-102.725280761718750,14.399999618530273,0.760405957698822,0.649448037147522,0.000000000000000
-128.437530517578125,-107.591873168945312,17.600000381469727,0.760405957698822,0.649448037147522,0.000000000000000
-132.593994140625000,-102.725280761718750,17.600000381469727,0.760405957698822,0.649448037147522,0.000000000000000
-128.437530517578125,-107.591873168945312,14.399999618530273,0.760405957698822,0.649448037147522,0.000000000000000
-134.672241210937500,-100.291976928710938,20.799999237060547,0.760405957698822,0.649448037147522,0.000000000000000
-130.515762329101562,-105.158576965332031,20.799999237060547,0.760405957698822,0.649448037147522,0.000000000000000
-134.672241210937500,-100.291976928710938,24.000000000000000,0.760405957698822,0.649448037147522,0.000000000000000
-132.593994140625000,-102.725280761718750,20.799999237060547,0.760405957698822,0.649448037147522,0.000000000000000
-126.359298706054688,-110.025177001953125,14.399999618530273,0.760405957698822,0.649448037147522,0.000000000000000
-134.672241210937500,-100.291976928710938,17.600000381469727,0.760405957698822,0.649448037147522,0.000000000000000
-126.359298706054688,-110.025177001953125,17.600000381469727,0.760405957698822,0.649448037147522,0.000000000000000
-130.515762329101562,-105.158576965332031,14.399999618530273,0.760405957698822,0.649448037147522,0.000000000000000
-130.515762329101562,-105.158576965332031,24.000000000000000,0.760405957698822,0.649448037147522,0.000000000000000
-130.515762329101562,-105.158576965332031,17.600000381469727,0.760405957698822,0.649448037147522,0.000000000000000
-132.593994140625000,-102.725280761718750,24.000000000000000,0.760405957698822,0.649448037147522,0.000000000000000
-134.672241210937500,-100.291976928710938,11.199999809265137,0.760405957698822,0.649448037147522,0.000000000000000
-134.672241210937500,-100.291976928710938,4.800000190734863,0.760405957698822,0.649448037147522,0.000000000000000
-134.672241210937500,-100.291976928710938,8.000000000000000,0.760405957698822,0.649448037147522,0.000000000000000
-134.672241210937500,-100.291976928710938,1.600000023841858,0.760405957698822,0.649448037147522,0.000000000000000
-132.593994140625000,-102.725280761718750,8.000000000000000,0.760405957698822,0.649448037147522,0.000000000000000
-132.593994140625000,-102.725280761718750,11.199999809265137,0.760405957698822,0.649448037147522,0.000000000000000
-132.593994140625000,-102.725280761718750,4.800000190734863,0.760405957698822,0.649448037147522,0.000000000000000
-132.593994140625000,-102.725280761718750,1.600000023841858,0.760405957698822,0.649448037147522,0.000000000000000
-130.515762329101562,-105.158576965332031,11.199999809265137,0.760405957698822,0.649448037147522,0.000000000000000
-130.515762329101562,-105.158576965332031,4.800000190734863,0.760405957698822,0.649448037147522,0.000000000000000
-130.515762329101562,-105.158576965332031,8.000000000000000,0.760405957698822,0.649448037147522,0.000000000000000
-128.437530517578125,-107.591873168945312,20.799999237060547,0.760405957698822,0.649448037147522,0.000000000000000
-130.515762329101562,-105.158576965332031,1.600000023841858,0.760405957698822,0.649448037147522,0.000000000000000
-128.437530517578125,-107.591873168945312,1.600000023841858,0.760405957698822,0.649448037147522,0.000000000000000
-128.437530517578125,-107.591873168945312,4.800000190734863,0.760405957698822,0.649448037147522,0.000000000000000
-128.437530517578125,-107.591873168945312,11.199999809265137,0.760405957698822,0.649448037147522,0.000000000000000
-128.437530517578125,-107.591873168945312,8.000000000000000,0.760405957698822,0.649448037147522,0.000000000000000
-126.359298706054688,-110.025177001953125,8.000000000000000,0.760405957698822,0.649448037147522,0.000000000000000
-126.359298706054688,-110.025177001953125,4.800000190734863,0.760405957698822,0.649448037147522,0.000000000000000
-126.359298706054688,-110.025177001953125,11.199999809265137,0.760405957698822,0.649448037147522,0.000000000000000
-126.359298706054688,-110.025177001953125,1.600000023841858,0.760405957698822,0.649448037147522,0.000000000000000
-124.281066894531250,-112.458473205566406,1.600000023841858,0.760405957698822,0.649448037147522,0.000000000000000
-128.437530517578125,-107.591873168945312,24.000000000000000,0.760405957698822,0.649448037147522,0.000000000000000
-124.281066894531250,-112.458473205566406,4.800000190734863,0.760405957698822,0.649448037147522,0.000000000000000
-122.202835083007812,-114.891769409179688,1.600000023841858,0.760405957698822,0.649448037147522,0.000000000000000
-124.281066894531250,-112.458473205566406,8.000000000000000,0.760405957698822,0.649448037147522,0.000000000000000
-122.202835083007812,-114.891769409179688,4.800000190734863,0.760405957698822,0.649448037147522,0.000000000000000
-124.281066894531250,-112.458473205566406,11.199999809265137,0.760405957698822,0.649448037147522,0.000000000000000
-120.124595642089844,-117.325073242187500,1.600000023841858,0.760405957698822,0.649448037147522,0.000000000000000
-122.202835083007812,-114.891769409179688,8.000000000000000,0.760405957698822,0.649448037147522,0.000000000000000
-120.124595642089844,-117.325073242187500,4.800000190734863,0.760405957698822,0.649448037147522,0.000000000000000
-122.202835083007812,-114.891769409179688,11.199999809265137,0.760405957698822,0.649448037147522,0.000000000000000
-120.124595642089844,-117.325073242187500,8.000000000000000,0.760405957698822,0.649448037147522,0.000000000000000
-120.124595642089844,-117.325073242187500,11.199999809265137,0.760405957698822,0.649448037147522,0.000000000000000
-124.281066894531250,-112.458473205566406,24.000000000000000,0.760405957698822,0.649448037147522,0.000000000000000
-122.202835083007812,-114.891769409179688,17.600000381469727,0.760405957698822,0.649448037147522,0.000000000000000
-122.202835083007812,-114.891769409179688,24.000000000000000,0.760405957698822,0.649448037147522,0.000000000000000
-122.202835083007812,-114.891769409179688,14.399999618530273,0.760405957698822,0.649448037147522,0.000000000000000
-122.202835083007812,-114.891769409179688,20.799999237060547,0.760405957698822,0.649448037147522,0.000000000000000
-120.124595642089844,-117.325073242187500,20.799999237060547,0.760405957698822,0.649448037147522,0.000000000000000
-120.124595642089844,-117.325073242187500,24.000000000000000,0.760405957698822,0.649448037147522,0.000000000000000
-124.281066894531250,-112.458473205566406,20.799999237060547,0.760405957698822,0.649448037147522,0.000000000000000
-126.359298706054688,-110.025177001953125,20.799999237060547,0.760405957698822,0.649448037147522,0.000000000000000
-124.281066894531250,-112.458473205566406,14.399999618530273,0.760405957698822,0.649448037147522,0.000000000000000
-120.124595642089844,-117.325073242187500,17.600000381469727,0.760405957698822,0.649448037147522,0.000000000000000
-124.281066894531250,-112.458473205566406,17.600000381469727,0.760405957698822,0.649448037147522,0.000000000000000
-126.359298706054688,-110.025177001953125,24.000000000000000,0.760405957698822,0.649448037147522,0.000000000000000
-120.124595642089844,-117.325073242187500,14.399999618530273,0.760405957698822,0.649448037147522,0.000000000000000
-100.291976928710938,-134.672225952148438,37.599998474121094,0.649448037147522,0.760405957698822,0.000000000000000
-102.725280761718750,-132.593994140625000,37.599998474121094,0.649448037147522,0.760405957698822,0.000000000000000
-105.158576965332031,-130.515762329101562,28.000000000000000,0.649448037147522,0.760405957698822,0.000000000000000
-100.291976928710938,-134.672225952148438,34.400001525878906,0.649448037147522,0.760405957698822,0.000000000000000
-107.591880798339844,-128.437530517578125,34.400001525878906,0.649448037147522,0.760405957698822,0.000000000000000
-105.158576965332031,-130.515762329101562,34.400001525878906,0.649448037147522,0.760405957698822,0.000000000000000
-107.591880798339844,-128.437530517578125,37.599998474121094,0.649448037147522,0.760405957698822,0.000000000000000
-100.291976928710938,-134.672225952148438,28.000000000000000,0.649448037147522,0.760405957698822,0.000000000000000
-102.725280761718750,-132.593994140625000,31.200000762939453,0.649448037147522,0.760405957698822,0.000000000000000
-107.591880798339844,-128.437530517578125,28.000000000000000,0.649448037147522,0.760405957698822,0.000000000000000
-102.725280761718750,-132.593994140625000,34.400001525878906,0.649448037147522,0.760405957698822,0.000000000000000
-107.591880798339844,-128.437530517578125,31.200000762939453,0.649448037147522,0.760405957698822,0.000000000000000
-105.158576965332031,-130.515762329101562,37.599998474121094,0.649448037147522,0.760405957698822,0.000000000000000
-105.158576965332031,-130.515762329101562,31.200000762939453,0.649448037147522,0.760405957698822,0.000000000000000
-100.291976928710938,-134.672225952148438,31.200000762939453,0.649448037147522,0.760405957698822,0.000000000000000
-102.725280761718750,-132.593994140625000,28.000000000000000,0.649448037147522,0.760405957698822,0.000000000000000
-100.291976928710938,-134.672225952148438,40.799999237060547,0.649448037147522,0.760405957698822,0.000000000000000
-102.725280761718750,-132.593994140625000,40.799999237060547,0.649448037147522,0.760405957698822,0.000000000000000
-100.291976928710938,-134.672225952148438,44.000000000000000,0.649448037147522,0.760405957698822,0.000000000000000
-102.725280761718750,-132.593994140625000,44.000000000000000,0.649448037147522,0.760405957698822,0.000000000000000
-100.291976928710938,-134.672225952148438,50.400001525878906,0.649448037147522,0.760405957698822,0.000000000000000
-100.291976928710938,-134.672225952148438,47.200000762939453,0.649448037147522,0.760405957698822,0.000000000000000
-102.725280761718750,-132.593994140625000,50.400001525878906,0.649448037147522,0.760405957698822,0.000000000000000
-102.725280761718750,-132.593994140625000,47.200000762939453,0.649448037147522,0.760405957698822,0.000000000000000
-105.158576965332031,-130.515762329101562,40.799999237060547,0.649448037147522,0.760405957698822,0.000000000000000
-105.158576965332031,-130.515762329101562,47.200000762939453,0.649448037147522,0.760405957698822,0.000000000000000
-105.158576965332031,-130.515762329101562,44.000000000000000,0.649448037147522,0.760405957698822,0.000000000000000
-110.025177001953125,-126.359298706054688,37.599998474121094,0.649448037147522,0.760405957698822,0.000000000000000
-105.158576965332031,-130.515762329101562,50.400001525878906,0.649448037147522,0.760405957698822,0.000000000000000
-107.591880798339844,-128.437530517578125,40.799999237060547,0.649448037147522,0.760405957698822,0.000000000000000
-107.591880798339844,-128.437530517578125,50.400001525878906,0.649448037147522,0.760405957698822,0.000000000000000
-107.591880798339844,-128.437530517578125,47.200000762939453,0.649448037147522,0.760405957698822,0.000000000000000
-107.591880798339844,-128.437530517578125,44.000000000000000,0.649448037147522,0.760405957698822,0.000000000000000
-110.025177001953125,-126.359298706054688,40.799999237060547,0.649448037147522,0.760405957698822,0.000000000000000
-110.025177001953125,-126.359298706054688,44.000000000000000,0.649448037147522,0.760405957698822,0.000000000000000
-110.025177001953125,-126.359298706054688,50.400001525878906,0.649448037147522,0.760405957698822,0.000000000000000
-110.025177001953125,-126.359298706054688,47.200000762939453,0.649448037147522,0.760405957698822,0.000000000000000
-112.458473205566406,-124.281066894531250,50.400001525878906,0.649448037147522,0.760405957698822,0.000000000000000
-110.025177001953125,-126.359298706054688,34.400001525878906,0.649448037147522,0.760405957698822,0.000000000000000
-112.458473205566406,-124.281066894531250,47.200000762939453,0.649448037147522,0.760405957698822,0.000000000000000
-112.458473205566406,-124.281066894531250,44.000000000000000,0.649448037147522,0.760405957698822,0.000000000000000
-112.458473205566406,-124.281066894531250,40.799999237060547,0.649448037147522,0.760405957698822,0.000000000000000
-114.891777038574219,-122.202827453613281,47.200000762939453,0.649448037147522,0.760405957698822,0.000000000000000
-114.891777038574219,-122.202827453613281,50.400001525878906,0.649448037147522,0.760405957698822,0.000000000000000
-117.325073242187500,-120.124595642089844,50.400001525878906,0.649448037147522,0.760405957698822,0.000000000000000
-114.891777038574219,-122.202827453613281,40.799999237060547,0.649448037147522,0.760405957698822,0.000000000000000
-117.325073242187500,-120.124595642089844,47.200000762939453,0.649448037147522,0.760405957698822,0.000000000000000
-114.891777038574219,-122.202827453613281,44.000000000000000,0.649448037147522,0.760405957698822,0.000000000000000
-117.325073242187500,-120.124595642089844,40.799999237060547,0.649448037147522,0.760405957698822,0.000000000000000
-117.325073242187500,-120.124595642089844,44.000000000000000,0.649448037147522,0.760405957698822,0.000000000000000
-112.458473205566406,-124.281066894531250,31.200000762939453,0.649448037147522,0.760405957698822,0.000000000000000
-114.891777038574219,-122.202827453613281,31.200000762939453,0.649448037147522,0.760405957698822,0.000000000000000
-114.891777038574219,-122.202827453613281,28.000000000000000,0.649448037147522,0.760405957698822,0.000000000000000
-114.891777038574219,-122.202827453613281,37.599998474121094,0.649448037147522,0.760405957698822,0.000000000000000
-114.891777038574219,-122.202827453613281,34.400001525878906,0.649448037147522,0.760405957698822,0.000000000000000
-117.325073242187500,-120.124595642089844,31.200000762939453,0.649448037147522,0.760405957698822,0.000000000000000
-117.325073242187500,-120.124595642089844,28.000000000000000,0.649448037147522,0.760405957698822,0.000000000000000
-112.458473205566406,-124.281066894531250,28.000000000000000,0.649448037147522,0.760405957698822,0.000000000000000
-110.025177001953125,-126.359298706054688,28.000000000000000,0.649448037147522,0.760405957698822,0.000000000000000
-112.458473205566406,-124.281066894531250,37.599998474121094,0.649448037147522,0.760405957698822,0.000000000000000
-117.325073242187500,-120.124595642089844,34.400001525878906,0.649448037147522,0.760405957698822,0.000000000000000
-112.458473205566406,-124.281066894531250,34.400001525878906,0.649448037147522,0.760405957698822,0.000000000000000
-110.025177001953125,-126.359298706054688,31.200000762939453,0.649448037147522,0.760405957698822,0.000000000000000
-117.325073242187500,-120.124595642089844,37.599998474121094,0.649448037147522,0.760405957698822,0.000000000000000
-117.325073242187500,-120.124595642089844,14.399999618530273,0.649448037147522,0.760405957698822,0.000000000000000
-114.891777038574219,-122.202827453613281,14.399999618530273,0.649448037147522,0.760405957698822,0.000000000000000
-110.025177001953125,-126.359298706054688,17.600000381469727,0.649448037147522,0.760405957698822,0.000000000000000
-114.891777038574219,-122.202827453613281,17.600000381469727,0.649448037147522,0.760405957698822,0.000000000000000
-110.025177001953125,-126.359298706054688,14.399999618530273,0.649448037147522,0.760405957698822,0.000000000000000
-117.325073242187500,-120.124595642089844,20.799999237060547,0.649448037147522,0.760405957698822,0.000000000000000
-112.458473205566406,-124.281066894531250,20.799999237060547,0.649448037147522,0.760405957698822,0.000000000000000
-117.325073242187500,-120.124595642089844,24.000000000000000,0.649448037147522,0.760405957698822,0.000000000000000
-114.891777038574219,-122.202827453613281,20.799999237060547,0.649448037147522,0.760405957698822,0.000000000000000
-107.591880798339844,-128.437530517578125,14.399999618530273,0.649448037147522,0.760405957698822,0.000000000000000
-117.325073242187500,-120.124595642089844,17.600000381469727,0.649448037147522,0.760405957698822,0.000000000000000
-107.591880798339844,-128.437530517578125,17.600000381469727,0.649448037147522,0.760405957698822,0.000000000000000
-112.458473205566406,-124.281066894531250,14.399999618530273,0.649448037147522,0.760405957698822,0.000000000000000
-112.458473205566406,-124.281066894531250,24.000000000000000,0.649448037147522,0.760405957698822,0.000000000000000
-112.458473205566406,-124.281066894531250,17.600000381469727,0.649448037147522,0.760405957698822,0.000000000000000
-114.891777038574219,-122.202827453613281,24.000000000000000,0.649448037147522,0.760405957698822,0.000000000000000
-117.325073242187500,-120.124595642089844,11.199999809265137,0.649448037147522,0.760405957698822,0.000000000000000
-117.325073242187500,-120.124595642089844,4.800000190734863,0.649448037147522,0.760405957698822,0.000000000000000
-117.325073242187500,-120.124595642089844,8.000000000000000,0.649448037147522,0.760405957698822,0.000000000000000
-117.325073242187500,-120.124595642089844,1.600000023841858,0.649448037147522,0.760405957698822,0.000000000000000
-114.891777038574219,-122.202827453613281,8.000000000000000,0.649448037147522,0.760405957698822,0.000000000000000
-114.891777038574219,-122.202827453613281,11.199999809265137,0.649448037147522,0.760405957698822,0.000000000000000
-114.891777038574219,-122.202827453613281,4.800000190734863,0.649448037147522,0.760405957698822,0.000000000000000
-114.891777038574219,-122.202827453613281,1.600000023841858,0.649448037147522,0.760405957698822,0.000000000000000
-112.458473205566406,-124.281066894531250,11.199999809265137,0.649448037147522,0.760405957698822,0.000000000000000
-112.458473205566406,-124.281066894531250,4.800000190734863,0.649448037147522,0.760405957698822,0.000000000000000
-112.458473205566406,-124.281066894531250,8.000000000000000,0.649448037147522,0.760405957698822,0.000000000000000
-110.025177001953125,-126.359298706054688,20.799999237060547,0.649448037147522,0.760405957698822,0.000000000000000
-112.458473205566406,-124.281066894531250,1.600000023841858,0.649448037147522,0.760405957698822,0.000000000000000
-110.025177001953125,-126.359298706054688,1.600000023841858,0.649448037147522,0.760405957698822,0.000000000000000
-110.025177001953125,-126.359298706054688,4.800000190734863,0.649448037147522,0.760405957698822,0.000000000000000
-110.025177001953125,-126.359298706054688,11.199999809265137,0.649448037147522,0.760405957698822,0.000000000000000
-110.025177001953125,-126.359298706054688,8.000000000000000,0.649448037147522,0.760405957698822,0.000000000000000
-107.591880798339844,-128.437530517578125,8.000000000000000,0.649448037147522,0.760405957698822,0.000000000000000
-107.591880798339844,-128.437530517578125,4.800000190734863,0.649448037147522,0.760405957698822,0.000000000000000
-107.591880798339844,-128.437530517578125,11.199999809265137,0.649448037147522,0.760405957698822,0.000000000000000
-107.591880798339844,-128.437530517578125,1.600000023841858,0.649448037147522,0.760405957698822,0.000000000000000
-105.158576965332031,-130.515762329101562,1.600000023841858,0.649448037147522,0.760405957698822,0.000000000000000
-110.025177001953125,-126.359298706054688,24.000000000000000,0.649448037147522,0.760405957698822,0.000000000000000
-105.158576965332031,-130.515762329101562,4.800000190734863,0.649448037147522,0.760405957698822,0.000000000000000
-102.725280761718750,-132.593994140625000,1.600000023841858,0.649448037147522,0.760405957698822,0.000000000000000
-105.158576965332031,-130.515762329101562,8.000000000000000,0.649448037147522,0.760405957698822,0.000000000000000
-102.725280761718750,-132.593994140625000,4.800000190734863,0.649448037147522,0.760405957698822,0.000000000000000
-105.158576965332031,-130.515762329101562,11.199999809265137,0.649448037147522,0.760405957698822,0.000000000000000
-100.291976928710938,-134.672225952148438,1.600000023841858,0.649448037147522,0.760405957698822,0.000000000000000
-102.725280761718750,-132.593994140625000,8.000000000000000,0.649448037147522,0.760405957698822,0.000000000000000
-100.291976928710938,-134.672225952148438,4.800000190734863,0.649448037147522,0.760405957698822,0.000000000000000
-102.725280761718750,-132.593994140625000,11.199999809265137,0.649448037147522,0.760405957698822,0.000000000000000
-100.291976928710938,-134.672225952148438,8.000000000000000,0.649448037147522,0.760405957698822,0.000000000000000
-100.291976928710938,-134.672225952148438,11.199999809265137,0.649448037147522,0.760405957698822,0.000000000000000
-105.158576965332031,-130.515762329101562,24.000000000000000,0.649448037147522,0.760405957698822,0.000000000000000
-102.725280761718750,-132.593994140625000,17.600000381469727,0.649448037147522,0.760405957698822,0.000000000000000
-102.725280761718750,-132.593994140625000,24.000000000000000,0.649448037147522,0.760405957698822,0.000000000000000
-102.725280761718750,-132.593994140625000,14.399999618530273,0.649448037147522,0.760405957698822,0.000000000000000
-102.725280761718750,-132.593994140625000,20.799999237060547,0.649448037147522,0.760405957698822,0.000000000000000
-100.291976928710938,-134.672225952148438,20.799999237060547,0.649448037147522,0.760405957698822,0.000000000000000
-100.291976928710938,-134.672225952148438,24.000000000000000,0.649448037147522,0.760405957698822,0.000000000000000
-105.158576965332031,-130.515762329101562,20.799999237060547,0.649448037147522,0.760405957698822,0.000000000000000
-107.591880798339844,-128.437530517578125,20.799999237060547,0.649448037147522,0.760405957698822,0.000000000000000
-105.158576965332031,-130.515762329101562,14.399999618530273,0.649448037147522,0.760405957698822,0.000000000000000
-100.291976928710938,-134.672225952148438,17.600000381469727,0.649448037147522,0.760405957698822,0.000000000000000
-105.158576965332031,-130.515762329101562,17.600000381469727,0.649448037147522,0.760405957698822,0.000000000000000
-107.591880798339844,-128.437530517578125,24.000000000000000,0.649448037147522,0.760405957698822,0.000000000000000
-100.291976928710938,-134.672225952148438,14.399999618530273,0.649448037147522,0.760405957698822,0.000000000000000
