525 503 0.034838
605 503 0.034838
624 503 0.034838
516 492 0.034838
616 412 0.034838
556 454 0.034838
540 384 0.034838
526 395 0.034838
561 434 0.034838
514 489 0.034838
590 473 0.034838
591 404 0.034838
636 510 0.034838
512 503 0.034838
548 500 0.034838
545 422 0.034838
595 466 0.034838
614 420 0.034838
566 508 0.034838
566 454 0.034838
563 434 0.034838
624 432 0.034838
578 393 0.034838
608 503 0.034838
542 472 0.034838
636 503 0.034838
532 503 0.034838
584 503 0.034838
515 471 0.034838
620 430 0.034838
563 499 0.034838
639 421 0.034838
515 478 0.034838
624 447 0.069676
534 399 0.069676
530 503 0.069676
574 503 0.069676
602 503 0.069676
528 503 0.069676
605 415 0.069676
538 469 0.069676
596 481 0.069676
614 503 0.069676
628 503 0.069676
549 498 0.069676
595 411 0.069676
639 503 0.069676
550 503 0.069676
578 414 0.069676
631 436 0.069676
622 407 0.069676
542 450 0.069676
539 486 0.069676
638 481 0.069676
560 466 0.104514
515 503 0.104514
623 503 0.104514
631 414 0.104514
549 447 0.104514
591 496 0.104514
576 407 0.104514
599 484 0.104514
556 434 0.104514
534 385 0.104514
582 503 0.104514
568 419 0.104514
555 406 0.104514
637 491 0.139352
567 492 0.139352
591 414 0.139352
585 503 0.139352
519 458 0.139352
518 486 0.139352
518 458 0.139352
532 407 0.139352
553 503 0.139352
598 503 0.139352
611 414 0.139352
560 445 0.139352
579 461 0.139352
620 505 0.139352
581 480 0.139352
559 414 0.174190
566 414 0.174190
532 486 0.174190
590 508 0.174190
567 414 0.174190
609 414 0.174190
576 476 0.174190
582 414 0.174190
547 461 0.174190
626 452 0.174190
636 490 0.174190
560 396 0.174190
514 402 0.174190
546 503 0.174190
622 412 0.174190
599 503 0.209028
581 503 0.209028
557 486 0.209028
620 414 0.209028
515 506 0.209028
596 414 0.209028
591 461 0.209028
559 503 0.209028
583 418 0.209028
623 423 0.209028
555 499 0.209028
560 431 0.209028
542 508 0.209028
566 481 0.209028
628 469 0.209028
521 494 0.209028
542 404 0.209028
532 506 0.209028
560 442 0.209028
545 487 0.243866
615 423 0.243866
636 478 0.243866
566 428 0.243866
577 398 0.243866
530 504 0.243866
624 466 0.243866
516 414 0.243866
583 432 0.243866
599 414 0.243866
526 392 0.243866
569 414 0.243866
542 423 0.243866
620 492 0.243866
615 488 0.243866
639 414 0.278704
538 456 0.278704
515 495 0.278704
623 469 0.278704
560 430 0.278704
632 414 0.278704
636 414 0.278704
551 414 0.278704
560 412 0.278704
557 508 0.278704
529 507 0.278704
628 455 0.278704
560 414 0.278704
563 414 0.278704
587 508 0.278704
595 402 0.278704
546 484 0.278704
610 414 0.278704
554 414 0.278704
514 414 0.278704
531 487 0.278704
532 398 0.278704
617 414 0.278704
553 414 0.278704
547 503 0.278704
571 414 0.313542
625 409 0.313542
603 461 0.313542
541 414 0.313542
625 452 0.313542
636 465 0.313542
544 384 0.313542
629 414 0.313542
565 414 0.313542
571 435 0.313542
552 414 0.313542
601 467 0.313542
612 474 0.313542
553 511 0.313542
626 414 0.313542
589 483 0.313542
574 475 0.313542
552 425 0.313542
590 397 0.313542
518 414 0.313542
576 486 0.313542
589 466 0.313542
575 414 0.313542
517 414 0.313542
554 428 0.348380
579 497 0.348380
617 421 0.348380
597 414 0.348380
621 414 0.348380
622 503 0.348380
614 415 0.348380
614 490 0.348380
524 415 0.348380
590 414 0.348380
575 403 0.348380
542 417 0.348380
556 384 0.348380
614 393 0.348380
598 435 0.348380
588 414 0.348380
561 413 0.348380
611 492 0.348380
544 414 0.348380
527 498 0.348380
638 492 0.348380
634 497 0.348380
578 418 0.348380
634 494 0.348380
568 504 0.348380
535 414 0.383218
616 414 0.383218
592 403 0.383218
512 414 0.383218
549 414 0.383218
557 414 0.383218
542 462 0.383218
540 465 0.383218
631 404 0.383218
564 418 0.383218
555 414 0.383218
620 399 0.383218
519 451 0.383218
535 476 0.383218
625 426 0.383218
535 490 0.383218
613 414 0.383218
591 393 0.383218
581 490 0.383218
517 393 0.383218
526 418 0.383218
562 463 0.383218
607 414 0.383218
587 414 0.383218
575 426 0.383218
524 483 0.383218
535 393 0.383218
542 433 0.383218
554 388 0.383218
524 426 0.383218
553 487 0.383218
565 416 0.383218
577 486 0.383218
630 414 0.383218
582 473 0.383218
518 497 0.383218
530 499 0.383218
566 457 0.383218
589 414 0.383218
522 489 0.383218
612 491 0.418056
538 414 0.418056
621 463 0.418056
635 498 0.418056
625 477 0.418056
533 443 0.418056
590 449 0.418056
546 401 0.418056
550 495 0.418056
535 496 0.418056
594 451 0.418056
579 414 0.418056
570 495 0.418056
530 464 0.418056
544 466 0.418056
615 414 0.418056
521 414 0.418056
558 414 0.418056
513 502 0.418056
580 499 0.418056
607 459 0.418056
569 412 0.418056
542 391 0.418056
525 394 0.418056
614 387 0.418056
606 493 0.418056
627 421 0.418056
555 407 0.418056
576 391 0.418056
520 443 0.418056
626 507 0.418056
627 511 0.418056
583 414 0.418056
556 445 0.418056
556 467 0.418056
540 449 0.418056
556 499 0.418056
581 479 0.418056
609 501 0.418056
615 497 0.418056
549 496 0.418056
595 387 0.418056
570 427 0.418056
589 505 0.418056
545 414 0.418056
634 414 0.418056
573 425 0.418056
574 431 0.418056
522 458 0.418056
532 449 0.418056
570 414 0.418056
512 483 0.418056
522 451 0.418056
545 425 0.418056
598 395 0.452894
545 479 0.452894
638 414 0.452894
581 414 0.452894
638 402 0.452894
566 422 0.452894
608 454 0.452894
597 504 0.452894
587 455 0.452894
560 432 0.452894
579 495 0.452894
620 471 0.452894
606 501 0.452894
534 486 0.452894
601 491 0.452894
631 387 0.452894
561 452 0.452894
560 447 0.452894
515 448 0.452894
556 415 0.452894
552 413 0.452894
529 468 0.452894
600 414 0.452894
537 428 0.452894
574 414 0.452894
625 449 0.452894
572 414 0.452894
523 444 0.452894
637 414 0.452894
541 459 0.452894
561 414 0.452894
540 496 0.452894
593 398 0.452894
603 407 0.452894
619 414 0.452894
549 451 0.452894
547 453 0.452894
584 390 0.452894
564 395 0.452894
524 461 0.452894
584 414 0.452894
624 477 0.452894
522 414 0.452894
575 398 0.452894
514 458 0.452894
533 429 0.452894
573 414 0.452894
580 452 0.452894
585 414 0.452894
614 385 0.452894
533 385 0.452894
547 385 0.452894
574 509 0.452894
622 414 0.452894
515 511 0.452894
562 505 0.452894
557 504 0.452894
576 414 0.452894
594 412 0.452894
597 459 0.452894
623 414 0.452894
556 496 0.452894
522 453 0.452894
554 475 0.452894
593 427 0.452894
573 507 0.452894
572 411 0.452894
583 455 0.452894
572 384 0.452894
626 503 0.487732
603 490 0.487732
512 479 0.487732
602 509 0.487732
532 437 0.487732
609 499 0.487732
584 404 0.487732
529 455 0.487732
525 438 0.487732
557 459 0.487732
582 463 0.487732
513 454 0.487732
525 443 0.487732
513 414 0.487732
634 488 0.487732
638 422 0.487732
617 415 0.487732
605 493 0.487732
622 425 0.487732
532 455 0.487732
540 456 0.487732
599 450 0.487732
551 487 0.487732
538 395 0.487732
623 470 0.487732
521 402 0.487732
564 510 0.487732
547 429 0.487732
519 399 0.487732
539 414 0.487732
532 439 0.487732
591 507 0.487732
521 397 0.487732
551 507 0.487732
604 414 0.487732
623 410 0.487732
635 467 0.487732
543 414 0.487732
607 417 0.487732
523 405 0.487732
558 417 0.487732
627 395 0.487732
562 408 0.487732
519 476 0.487732
638 400 0.487732
523 501 0.487732
569 505 0.487732
542 408 0.487732
598 393 0.487732
518 391 0.487732
561 475 0.487732
593 450 0.487732
579 496 0.487732
527 423 0.487732
561 498 0.487732
587 511 0.487732
617 497 0.487732
572 487 0.487732
597 495 0.487732
577 493 0.487732
548 492 0.487732
577 444 0.487732
531 431 0.487732
541 500 0.487732
620 483 0.487732
550 414 0.487732
519 421 0.487732
621 443 0.487732
620 439 0.487732
627 414 0.487732
555 410 0.487732
635 414 0.487732
547 416 0.487732
522 425 0.487732
579 457 0.487732
598 414 0.487732
590 389 0.487732
523 387 0.487732
612 464 0.487732
560 497 0.487732
595 490 0.487732
528 419 0.487732
536 413 0.487732
536 430 0.487732
597 428 0.487732
598 404 0.487732
584 393 0.487732
576 452 0.487732
563 484 0.487732
566 463 0.487732
565 455 0.487732
557 448 0.522570
540 414 0.522570
541 511 0.522570
543 405 0.522570
605 511 0.522570
623 412 0.522570
606 386 0.522570
518 504 0.522570
572 398 0.522570
512 421 0.522570
522 454 0.522570
578 459 0.522570
593 473 0.522570
554 411 0.522570
557 450 0.522570
586 404 0.522570
593 476 0.522570
603 414 0.522570
528 488 0.522570
542 456 0.522570
553 397 0.522570
547 414 0.522570
523 492 0.522570
598 415 0.522570
555 482 0.522570
615 504 0.522570
565 387 0.522570
607 488 0.522570
552 511 0.522570
555 469 0.522570
528 414 0.522570
615 492 0.522570
586 496 0.522570
518 500 0.522570
542 492 0.522570
540 458 0.522570
555 398 0.522570
593 492 0.522570
615 483 0.522570
555 393 0.522570
593 414 0.522570
593 418 0.522570
592 462 0.522570
585 494 0.522570
543 391 0.522570
576 467 0.522570
543 400 0.522570
605 414 0.522570
574 394 0.522570
608 501 0.522570
532 502 0.522570
515 496 0.522570
552 407 0.522570
534 505 0.522570
545 385 0.522570
518 387 0.522570
636 475 0.522570
619 511 0.522570
635 496 0.522570
519 414 0.522570
561 419 0.522570
515 414 0.522570
548 414 0.522570
594 511 0.522570
561 401 0.522570
545 511 0.522570
523 394 0.522570
560 488 0.522570
620 444 0.522570
560 474 0.522570
601 476 0.522570
530 395 0.522570
524 444 0.522570
569 498 0.522570
597 417 0.522570
534 451 0.522570
534 414 0.522570
633 448 0.522570
548 474 0.522570
573 498 0.522570
589 507 0.522570
522 422 0.522570
513 501 0.522570
523 499 0.522570
614 414 0.522570
563 459 0.522570
579 483 0.522570
589 422 0.522570
571 421 0.522570
518 423 0.522570
606 462 0.522570
533 465 0.522570
550 401 0.522570
617 385 0.522570
570 502 0.522570
562 454 0.522570
590 445 0.522570
639 403 0.522570
544 478 0.522570
590 468 0.522570
580 451 0.522570
515 443 0.522570
625 494 0.522570
551 463 0.522570
619 460 0.522570
559 479 0.522570
559 471 0.522570
597 452 0.522570
546 408 0.522570
635 457 0.522570
634 417 0.522570
558 450 0.522570
591 448 0.522570
588 491 0.522570
546 493 0.522570
623 460 0.522570
594 450 0.522570
576 390 0.522570
622 423 0.522570
571 505 0.522570
538 499 0.522570
601 507 0.522570
551 500 0.522570
567 422 0.522570
566 510 0.522570
532 448 0.522570
568 398 0.522570
551 409 0.522570
567 391 0.522570
628 414 0.522570
632 396 0.522570
618 414 0.522570
588 498 0.522570
634 489 0.522570
599 395 0.522570
518 407 0.557408
550 403 0.557408
577 467 0.557408
586 418 0.557408
549 409 0.557408
519 504 0.557408
586 414 0.557408
573 413 0.557408
546 414 0.557408
597 462 0.557408
550 393 0.557408
597 400 0.557408
607 400 0.557408
550 428 0.557408
596 456 0.557408
573 410 0.557408
548 386 0.557408
553 389 0.557408
629 499 0.557408
574 385 0.557408
576 496 0.557408
573 509 0.557408
597 429 0.557408
572 494 0.557408
607 415 0.557408
573 505 0.557408
549 432 0.557408
630 489 0.557408
549 410 0.557408
576 499 0.557408
584 428 0.557408
621 505 0.557408
549 397 0.557408
553 412 0.557408
543 449 0.557408
629 504 0.557408
542 405 0.557408
577 414 0.557408
630 468 0.557408
581 473 0.557408
620 475 0.557408
611 452 0.557408
545 502 0.557408
548 401 0.557408
569 438 0.557408
604 459 0.557408
534 472 0.557408
561 494 0.557408
622 455 0.557408
593 471 0.557408
562 434 0.557408
526 414 0.557408
561 470 0.557408
605 465 0.557408
601 415 0.557408
575 434 0.557408
533 425 0.557408
579 453 0.557408
514 447 0.557408
526 434 0.557408
601 414 0.557408
564 414 0.557408
521 492 0.557408
582 407 0.557408
599 501 0.557408
578 509 0.557408
625 464 0.557408
636 448 0.557408
536 469 0.557408
536 455 0.557408
600 462 0.557408
560 484 0.557408
536 414 0.557408
571 412 0.557408
600 424 0.557408
571 410 0.557408
625 444 0.557408
561 436 0.557408
625 455 0.557408
537 414 0.557408
526 440 0.557408
564 439 0.557408
523 479 0.557408
580 389 0.557408
526 492 0.557408
639 447 0.557408
567 445 0.557408
568 401 0.557408
566 505 0.557408
568 414 0.557408
621 435 0.557408
528 423 0.557408
635 424 0.557408
618 487 0.557408
569 393 0.557408
527 435 0.557408
588 442 0.557408
532 477 0.557408
617 428 0.557408
623 505 0.557408
575 400 0.557408
522 445 0.557408
565 393 0.557408
634 387 0.557408
514 404 0.557408
621 423 0.557408
612 419 0.557408
639 426 0.557408
583 423 0.557408
531 395 0.557408
526 460 0.557408
526 476 0.557408
522 498 0.557408
530 442 0.557408
531 421 0.557408
559 506 0.557408
571 396 0.557408
620 419 0.557408
512 437 0.557408
539 502 0.557408
586 502 0.557408
576 417 0.557408
556 422 0.557408
627 422 0.557408
557 402 0.557408
572 442 0.557408
525 422 0.557408
541 451 0.557408
554 481 0.557408
627 391 0.557408
615 498 0.557408
516 439 0.557408
541 419 0.557408
541 415 0.557408
607 501 0.557408
613 490 0.557408
541 404 0.557408
556 436 0.557408
540 499 0.557408
592 480 0.557408
541 423 0.557408
541 501 0.557408
541 493 0.557408
539 399 0.557408
578 499 0.557408
580 462 0.557408
554 436 0.557408
559 390 0.557408
558 419 0.557408
627 438 0.557408
554 417 0.557408
583 391 0.557408
575 504 0.557408
610 464 0.557408
515 486 0.557408
632 445 0.557408
537 468 0.557408
638 496 0.557408
559 415 0.557408
559 457 0.557408
637 498 0.592246
611 385 0.592246
530 502 0.592246
603 406 0.592246
541 447 0.592246
545 448 0.592246
613 495 0.592246
630 440 0.592246
527 397 0.592246
524 447 0.592246
531 473 0.592246
602 424 0.592246
530 430 0.592246
603 452 0.592246
545 499 0.592246
546 442 0.592246
611 439 0.592246
541 499 0.592246
523 420 0.592246
602 505 0.592246
611 497 0.592246
528 438 0.592246
603 416 0.592246
523 414 0.592246
529 416 0.592246
529 419 0.592246
541 491 0.592246
524 422 0.592246
610 510 0.592246
529 495 0.592246
546 394 0.592246
580 472 0.592246
541 479 0.592246
580 421 0.592246
530 419 0.592246
637 458 0.592246
596 484 0.592246
581 450 0.592246
543 497 0.592246
604 498 0.592246
618 471 0.592246
598 478 0.592246
606 385 0.592246
601 411 0.592246
637 426 0.592246
601 410 0.592246
521 507 0.592246
598 494 0.592246
600 509 0.592246
635 495 0.592246
581 419 0.592246
534 502 0.592246
633 466 0.592246
544 440 0.592246
543 439 0.592246
611 397 0.592246
544 435 0.592246
632 388 0.592246
519 475 0.592246
521 405 0.592246
578 489 0.592246
604 412 0.592246
537 509 0.592246
544 400 0.592246
584 397 0.592246
583 419 0.592246
619 468 0.592246
636 452 0.592246
523 504 0.592246
601 435 0.592246
541 387 0.592246
579 464 0.592246
601 486 0.592246
545 409 0.592246
578 401 0.592246
545 396 0.592246
540 422 0.592246
580 495 0.592246
519 442 0.592246
545 392 0.592246
601 469 0.592246
633 496 0.592246
601 423 0.592246
544 504 0.592246
532 495 0.592246
524 464 0.592246
604 509 0.592246
631 470 0.592246
524 470 0.592246
601 456 0.592246
598 473 0.592246
533 414 0.592246
544 481 0.592246
525 434 0.592246
526 432 0.592246
533 431 0.592246
637 494 0.592246
518 411 0.592246
604 504 0.592246
558 411 0.592246
616 473 0.592246
585 443 0.592246
592 504 0.592246
584 482 0.592246
625 425 0.592246
556 414 0.592246
567 509 0.592246
568 410 0.592246
550 502 0.592246
639 451 0.592246
568 436 0.592246
577 413 0.592246
623 437 0.592246
610 453 0.592246
513 408 0.592246
513 407 0.592246
561 442 0.592246
549 506 0.592246
621 391 0.592246
524 440 0.592246
569 394 0.592246
569 388 0.592246
546 502 0.592246
567 384 0.592246
569 386 0.592246
592 475 0.592246
561 425 0.592246
592 479 0.592246
518 393 0.592246
623 429 0.592246
628 477 0.592246
568 488 0.592246
626 481 0.592246
584 483 0.592246
561 496 0.592246
608 492 0.592246
564 393 0.592246
576 468 0.592246
564 390 0.592246
564 388 0.592246
553 410 0.592246
617 409 0.592246
565 404 0.592246
563 482 0.592246
590 398 0.592246
514 390 0.592246
627 509 0.592246
615 451 0.592246
590 409 0.592246
555 395 0.592246
552 506 0.592246
624 414 0.592246
623 499 0.592246
517 472 0.592246
566 486 0.592246
592 511 0.592246
566 458 0.592246
589 397 0.592246
617 430 0.592246
566 450 0.592246
514 496 0.592246
591 510 0.592246
562 459 0.592246
624 504 0.592246
563 398 0.592246
565 472 0.592246
639 398 0.592246
628 500 0.592246
561 424 0.592246
564 416 0.592246
558 504 0.592246
629 463 0.592246
570 481 0.592246
586 461 0.592246
586 468 0.592246
595 494 0.592246
621 507 0.592246
591 420 0.592246
608 399 0.592246
591 480 0.592246
609 504 0.592246
572 486 0.592246
587 420 0.592246
571 424 0.592246
595 419 0.592246
592 414 0.592246
586 477 0.592246
572 438 0.592246
586 508 0.592246
548 399 0.592246
629 454 0.592246
610 504 0.592246
559 413 0.592246
570 463 0.592246
560 416 0.592246
572 434 0.592246
638 504 0.592246
547 403 0.592246
560 479 0.592246
546 507 0.592246
595 488 0.592246
588 395 0.592246
620 465 0.592246
569 487 0.592246
556 490 0.592246
570 385 0.592246
591 387 0.592246
622 487 0.592246
548 499 0.592246
582 457 0.592246
592 451 0.592246
549 484 0.592246
548 478 0.592246
585 416 0.592246
549 454 0.592246
616 507 0.627084
633 468 0.627084
583 496 0.627084
591 466 0.627084
514 436 0.627084
558 459 0.627084
619 417 0.627084
612 487 0.627084
558 442 0.627084
612 486 0.627084
616 505 0.627084
608 403 0.627084
533 424 0.627084
563 471 0.627084
624 469 0.627084
558 467 0.627084
612 478 0.627084
624 501 0.627084
578 487 0.627084
590 506 0.627084
562 397 0.627084
561 391 0.627084
590 511 0.627084
536 389 0.627084
536 426 0.627084
536 445 0.627084
535 500 0.627084
564 413 0.627084
537 389 0.627084
535 440 0.627084
632 474 0.627084
521 486 0.627084
535 426 0.627084
535 424 0.627084
582 393 0.627084
625 432 0.627084
535 396 0.627084
590 484 0.627084
538 418 0.627084
581 511 0.627084
625 417 0.627084
559 416 0.627084
534 438 0.627084
599 455 0.627084
533 506 0.627084
620 509 0.627084
521 504 0.627084
534 463 0.627084
633 429 0.627084
537 457 0.627084
537 456 0.627084
560 398 0.627084
591 428 0.627084
537 505 0.627084
561 411 0.627084
621 420 0.627084
609 455 0.627084
526 436 0.627084
587 451 0.627084
587 452 0.627084
526 486 0.627084
569 476 0.627084
635 464 0.627084
569 451 0.627084
569 439 0.627084
583 446 0.627084
569 420 0.627084
527 414 0.627084
527 415 0.627084
569 410 0.627084
527 433 0.627084
569 407 0.627084
612 387 0.627084
527 475 0.627084
635 426 0.627084
513 404 0.627084
527 404 0.627084
580 493 0.627084
523 511 0.627084
580 457 0.627084
618 401 0.627084
586 428 0.627084
573 436 0.627084
609 498 0.627084
586 402 0.627084
524 429 0.627084
573 408 0.627084
611 460 0.627084
524 491 0.627084
572 478 0.627084
572 476 0.627084
586 492 0.627084
619 388 0.627084
572 400 0.627084
525 461 0.627084
636 388 0.627084
587 384 0.627084
622 424 0.627084
622 431 0.627084
524 388 0.627084
574 417 0.627084
635 417 0.627084
618 495 0.627084
635 410 0.627084
568 460 0.627084
634 438 0.627084
574 505 0.627084
634 429 0.627084
513 507 0.627084
565 453 0.627084
522 469 0.627084
565 439 0.627084
612 450 0.627084
532 414 0.627084
601 505 0.627084
565 409 0.627084
522 456 0.627084
522 455 0.627084
608 500 0.627084
565 394 0.627084
565 386 0.627084
608 499 0.627084
514 420 0.627084
639 418 0.627084
532 470 0.627084
589 496 0.627084
565 506 0.627084
514 433 0.627084
566 390 0.627084
566 448 0.627084
621 440 0.627084
612 405 0.627084
528 467 0.627084
603 389 0.627084
603 388 0.627084
602 511 0.627084
568 402 0.627084
574 487 0.627084
529 410 0.627084
588 479 0.627084
609 420 0.627084
513 443 0.627084
529 423 0.627084
529 434 0.627084
609 405 0.627084
588 510 0.627084
589 388 0.627084
634 464 0.627084
634 458 0.627084
530 449 0.627084
623 507 0.627084
602 441 0.627084
566 426 0.627084
597 477 0.627084
539 443 0.627084
627 408 0.627084
549 487 0.627084
516 505 0.627084
595 417 0.627084
554 511 0.627084
550 384 0.627084
627 425 0.627084
545 389 0.627084
541 496 0.627084
550 399 0.627084
593 422 0.627084
518 401 0.627084
550 429 0.627084
554 451 0.627084
610 466 0.627084
613 510 0.627084
516 511 0.627084
549 460 0.627084
631 442 0.627084
613 502 0.627084
631 454 0.627084
585 393 0.627084
541 395 0.627084
584 470 0.627084
545 423 0.627084
606 473 0.627084
555 506 0.627084
585 388 0.627084
581 496 0.627084
541 426 0.627084
592 509 0.627084
520 453 0.627084
595 478 0.627084
630 445 0.627084
555 456 0.627084
620 462 0.627084
607 394 0.627084
519 462 0.627084
540 510 0.627084
554 393 0.627084
630 466 0.627084
543 496 0.627084
542 489 0.627084
551 436 0.627084
628 440 0.627084
542 509 0.627084
578 403 0.627084
551 446 0.627084
551 415 0.627084
594 417 0.627084
552 416 0.627084
543 444 0.627084
551 482 0.627084
543 416 0.627084
519 510 0.627084
597 465 0.627084
584 493 0.627084
584 484 0.627084
551 408 0.627084
577 410 0.627084
551 388 0.627084
620 481 0.627084
593 475 0.627084
544 453 0.627084
544 450 0.627084
607 452 0.627084
593 480 0.627084
615 453 0.627084
542 448 0.627084
517 437 0.627084
542 453 0.627084
628 468 0.627084
542 455 0.627084
628 463 0.627084
553 395 0.627084
544 407 0.627084
581 482 0.627084
614 394 0.627084
595 403 0.627084
545 462 0.627084
631 446 0.627084
540 386 0.627084
545 501 0.627084
576 421 0.627084
557 422 0.627084
606 394 0.627084
556 478 0.627084
577 453 0.627084
583 398 0.627084
596 465 0.627084
557 457 0.627084
631 480 0.627084
520 507 0.627084
519 389 0.627084
545 510 0.627084
557 408 0.627084
557 481 0.627084
596 419 0.627084
583 387 0.627084
629 449 0.627084
631 488 0.627084
611 384 0.627084
577 483 0.627084
626 458 0.627084
546 396 0.627084
605 509 0.627084
547 450 0.627084
577 457 0.627084
539 474 0.627084
596 492 0.627084
546 407 0.627084
546 480 0.627084
596 420 0.627084
596 457 0.627084
637 443 0.627084
592 393 0.627084
592 429 0.627084
585 397 0.627084
578 389 0.661922
544 405 0.661922
525 384 0.661922
596 416 0.661922
577 415 0.661922
596 464 0.661922
580 407 0.661922
568 475 0.661922
629 486 0.661922
568 435 0.661922
568 450 0.661922
550 466 0.661922
597 426 0.661922
597 425 0.661922
568 453 0.661922
550 487 0.661922
550 475 0.661922
622 463 0.661922
634 500 0.661922
574 490 0.661922
586 446 0.661922
567 407 0.661922
634 484 0.661922
566 511 0.661922
614 461 0.661922
602 487 0.661922
546 452 0.661922
621 471 0.661922
614 446 0.661922
580 385 0.661922
583 478 0.661922
615 431 0.661922
604 502 0.661922
578 409 0.661922
573 390 0.661922
567 417 0.661922
529 445 0.661922
568 391 0.661922
528 416 0.661922
529 408 0.661922
621 461 0.661922
567 454 0.661922
604 481 0.661922
567 431 0.661922
546 445 0.661922
597 447 0.661922
543 481 0.661922
529 426 0.661922
604 482 0.661922
636 417 0.661922
567 433 0.661922
623 472 0.661922
614 403 0.661922
619 467 0.661922
635 409 0.661922
584 436 0.661922
569 478 0.661922
587 404 0.661922
569 484 0.661922
549 408 0.661922
623 384 0.661922
603 509 0.661922
629 447 0.661922
583 450 0.661922
635 481 0.661922
570 388 0.661922
545 483 0.661922
604 389 0.661922
571 409 0.661922
570 399 0.661922
635 484 0.661922
614 487 0.661922
570 489 0.661922
570 487 0.661922
587 432 0.661922
545 458 0.661922
586 385 0.661922
604 409 0.661922
530 417 0.661922
545 454 0.661922
548 449 0.661922
570 462 0.661922
614 491 0.661922
629 419 0.661922
526 450 0.661922
629 443 0.661922
584 459 0.661922
574 406 0.661922
611 495 0.661922
569 473 0.661922
525 457 0.661922
583 440 0.661922
588 409 0.661922
584 481 0.661922
572 390 0.661922
588 412 0.661922
569 389 0.661922
550 436 0.661922
547 501 0.661922
583 442 0.661922
546 403 0.661922
597 416 0.661922
568 477 0.661922
544 459 0.661922
588 413 0.661922
546 409 0.661922
527 440 0.661922
604 434 0.661922
623 406 0.661922
526 387 0.661922
525 506 0.661922
629 398 0.661922
629 448 0.661922
525 500 0.661922
544 479 0.661922
525 490 0.661922
544 493 0.661922
548 417 0.661922
525 466 0.661922
525 464 0.661922
595 414 0.661922
580 428 0.661922
595 428 0.661922
552 388 0.661922
552 479 0.661922
530 426 0.661922
590 492 0.661922
535 474 0.661922
592 478 0.661922
592 476 0.661922
561 416 0.661922
540 476 0.661922
598 452 0.661922
585 394 0.661922
618 465 0.661922
598 458 0.661922
560 504 0.661922
598 459 0.661922
560 489 0.661922
584 411 0.661922
584 395 0.661922
631 466 0.661922
536 459 0.661922
616 460 0.661922
536 404 0.661922
535 463 0.661922
576 438 0.661922
535 451 0.661922
585 446 0.661922
555 460 0.661922
625 415 0.661922
541 440 0.661922
534 449 0.661922
625 422 0.661922
541 435 0.661922
541 420 0.661922
600 505 0.661922
561 486 0.661922
625 424 0.661922
561 473 0.661922
556 394 0.661922
618 423 0.661922
556 419 0.661922
590 487 0.661922
578 444 0.661922
590 489 0.661922
541 392 0.661922
540 427 0.661922
562 431 0.661922
600 386 0.661922
556 492 0.661922
592 417 0.661922
538 420 0.661922
538 440 0.661922
538 446 0.661922
626 435 0.661922
576 405 0.661922
626 432 0.661922
538 472 0.661922
538 408 0.661922
591 483 0.661922
558 468 0.661922
599 406 0.661922
558 466 0.661922
539 386 0.661922
539 392 0.661922
558 408 0.661922
539 394 0.661922
576 398 0.661922
599 415 0.661922
559 417 0.661922
538 394 0.661922
559 420 0.661922
537 391 0.661922
598 474 0.661922
625 472 0.661922
626 465 0.661922
599 497 0.661922
560 399 0.661922
591 415 0.661922
537 431 0.661922
591 416 0.661922
559 496 0.661922
537 458 0.661922
599 473 0.661922
599 472 0.661922
591 424 0.661922
598 483 0.661922
559 453 0.661922
632 441 0.661922
540 388 0.661922
559 430 0.661922
625 471 0.661922
566 459 0.661922
534 389 0.661922
562 453 0.661922
565 486 0.661922
589 434 0.661922
542 481 0.661922
565 464 0.661922
542 480 0.661922
602 420 0.661922
612 444 0.661922
618 473 0.661922
613 470 0.661922
552 509 0.661922
565 449 0.661922
542 469 0.661922
583 492 0.661922
602 386 0.661922
565 420 0.661922
565 415 0.661922
634 394 0.661922
597 497 0.661922
565 451 0.661922
531 403 0.661922
542 506 0.661922
531 387 0.661922
619 483 0.661922
552 409 0.661922
530 446 0.661922
602 449 0.661922
612 428 0.661922
583 480 0.661922
530 473 0.661922
584 494 0.661922
566 439 0.661922
566 437 0.661922
576 511 0.661922
566 416 0.661922
530 498 0.661922
574 501 0.661922
602 436 0.661922
566 395 0.661922
542 511 0.661922
565 510 0.661922
552 478 0.661922
593 502 0.661922
562 435 0.661922
575 391 0.661922
578 419 0.661922
593 420 0.661922
533 401 0.661922
533 415 0.661922
624 490 0.661922
563 453 0.661922
563 444 0.661922
590 416 0.661922
541 480 0.661922
564 384 0.661922
601 431 0.661922
601 426 0.661922
601 425 0.661922
590 419 0.661922
562 509 0.661922
619 501 0.661922
585 387 0.661922
616 487 0.661922
555 452 0.661922
555 411 0.661922
541 502 0.661922
578 430 0.661922
589 510 0.661922
593 482 0.661922
589 452 0.661922
634 384 0.661922
564 484 0.661922
564 478 0.661922
627 479 0.661922
553 465 0.661922
624 457 0.661922
612 467 0.661922
624 461 0.661922
542 415 0.661922
598 384 0.661922
612 470 0.661922
615 455 0.661922
554 440 0.661922
564 411 0.661922
585 469 0.661922
564 402 0.661922
615 474 0.661922
553 409 0.661922
546 499 0.661922
586 411 0.661922
523 403 0.661922
520 462 0.661922
516 467 0.661922
608 457 0.661922
517 453 0.661922
610 509 0.661922
521 438 0.661922
582 466 0.661922
522 435 0.661922
636 473 0.661922
519 430 0.661922
520 400 0.661922
522 421 0.661922
512 477 0.661922
637 487 0.661922
522 412 0.661922
522 408 0.661922
522 405 0.661922
638 486 0.661922
607 454 0.661922
521 488 0.661922
513 445 0.661922
516 417 0.661922
609 497 0.661922
605 420 0.661922
606 481 0.661922
512 427 0.661922
516 454 0.661922
516 452 0.661922
636 479 0.661922
609 437 0.661922
609 474 0.661922
637 496 0.661922
518 447 0.661922
611 447 0.661922
517 391 0.661922
636 464 0.661922
583 405 0.661922
513 399 0.661922
517 431 0.661922
581 418 0.661922
523 393 0.661922
581 499 0.661922
522 467 0.661922
608 464 0.661922
521 467 0.661922
606 387 0.661922
512 495 0.661922
515 442 0.661922
520 468 0.661922
512 469 0.661922
520 457 0.661922
515 418 0.661922
516 444 0.661922
512 445 0.661922
639 472 0.661922
611 389 0.661922
521 418 0.661922
610 476 0.661922
512 454 0.661922
518 432 0.661922
514 443 0.661922
609 494 0.661922
639 417 0.661922
605 470 0.661922
636 469 0.661922
530 384 0.696760
529 509 0.696760
634 475 0.696760
580 420 0.696760
569 463 0.696760
594 486 0.696760
635 429 0.696760
632 470 0.696760
585 406 0.696760
585 501 0.696760
557 464 0.696760
626 447 0.696760
517 405 0.696760
612 391 0.696760
599 489 0.696760
523 391 0.696760
538 437 0.696760
571 437 0.696760
540 488 0.696760
548 467 0.696760
521 444 0.696760
575 450 0.696760
564 399 0.696760
630 476 0.696760
602 480 0.696760
523 448 0.696760
537 436 0.696760
529 497 0.696760
518 453 0.696760
546 406 0.696760
530 410 0.696760
622 429 0.696760
625 420 0.696760
516 411 0.696760
530 480 0.696760
519 465 0.696760
620 393 0.696760
627 473 0.696760
612 432 0.696760
543 435 0.696760
548 486 0.696760
610 457 0.696760
571 454 0.696760
588 390 0.696760
576 446 0.696760
530 451 0.696760
609 442 0.696760
625 486 0.696760
638 472 0.696760
551 399 0.696760
527 499 0.696760
591 431 0.696760
615 415 0.696760
562 389 0.696760
610 511 0.696760
530 420 0.696760
635 436 0.696760
577 479 0.696760
599 506 0.696760
613 438 0.696760
543 447 0.696760
602 455 0.696760
530 423 0.696760
599 483 0.696760
529 465 0.696760
529 472 0.696760
528 486 0.696760
537 490 0.696760
619 480 0.696760
598 457 0.696760
544 398 0.696760
603 418 0.696760
538 400 0.696760
538 405 0.696760
554 395 0.696760
570 454 0.696760
540 471 0.696760
537 481 0.696760
584 413 0.696760
595 497 0.696760
622 479 0.696760
580 399 0.696760
548 437 0.696760
528 479 0.696760
548 441 0.696760
575 404 0.696760
626 391 0.696760
562 410 0.696760
628 432 0.696760
630 484 0.696760
626 477 0.696760
544 425 0.696760
564 445 0.696760
556 399 0.696760
537 495 0.696760
559 408 0.696760
590 463 0.696760
562 414 0.696760
627 462 0.696760
594 480 0.696760
587 459 0.696760
575 452 0.696760
570 401 0.696760
607 500 0.696760
540 481 0.696760
634 492 0.696760
637 437 0.696760
529 452 0.696760
512 456 0.696760
527 504 0.696760
548 461 0.696760
624 449 0.696760
537 444 0.696760
619 451 0.696760
585 504 0.696760
554 413 0.696760
548 460 0.696760
591 457 0.696760
559 446 0.696760
637 438 0.696760
529 397 0.696760
582 412 0.696760
608 394 0.696760
591 455 0.696760
557 469 0.696760
529 414 0.696760
580 414 0.696760
556 479 0.696760
559 440 0.696760
605 500 0.696760
529 424 0.696760
529 425 0.696760
612 409 0.696760
529 433 0.696760
634 448 0.696760
588 396 0.696760
531 413 0.696760
530 492 0.696760
533 466 0.696760
535 416 0.696760
516 497 0.696760
567 424 0.696760
620 426 0.696760
593 401 0.696760
533 475 0.696760
589 408 0.696760
533 477 0.696760
567 419 0.696760
600 464 0.696760
598 388 0.696760
626 464 0.696760
541 452 0.696760
614 510 0.696760
567 396 0.696760
567 420 0.696760
533 452 0.696760
561 450 0.696760
574 502 0.696760
565 492 0.696760
561 462 0.696760
598 418 0.696760
579 455 0.696760
633 493 0.696760
565 500 0.696760
550 422 0.696760
542 432 0.696760
518 494 0.696760
605 454 0.696760
535 454 0.696760
542 430 0.696760
535 442 0.696760
557 416 0.696760
557 415 0.696760
542 414 0.696760
623 474 0.696760
549 509 0.696760
533 511 0.696760
588 502 0.696760
518 416 0.696760
520 437 0.696760
566 480 0.696760
612 504 0.696760
621 395 0.696760
612 506 0.696760
566 473 0.696760
555 433 0.696760
606 415 0.696760
513 469 0.696760
534 498 0.696760
637 511 0.696760
614 501 0.696760
534 469 0.696760
534 470 0.696760
620 490 0.696760
637 453 0.696760
578 433 0.696760
584 477 0.696760
521 478 0.696760
566 482 0.696760
600 491 0.696760
518 418 0.696760
561 400 0.696760
614 499 0.696760
513 461 0.696760
590 505 0.696760
521 493 0.696760
614 500 0.696760
549 495 0.696760
633 416 0.696760
541 504 0.696760
521 510 0.696760
534 422 0.696760
617 427 0.696760
518 422 0.696760
547 406 0.696760
595 423 0.696760
638 397 0.696760
595 426 0.696760
550 505 0.696760
560 480 0.696760
515 396 0.696760
613 420 0.696760
522 474 0.696760
565 423 0.696760
623 427 0.696760
575 389 0.696760
595 477 0.696760
639 395 0.696760
584 510 0.696760
536 431 0.696760
520 387 0.696760
531 461 0.696760
557 439 0.696760
594 509 0.696760
556 495 0.696760
543 389 0.696760
630 397 0.696760
560 417 0.696760
614 401 0.696760
531 429 0.696760
579 393 0.696760
605 487 0.696760
536 481 0.696760
569 395 0.696760
618 475 0.696760
550 499 0.696760
574 458 0.696760
517 392 0.696760
606 400 0.696760
536 460 0.696760
560 401 0.696760
619 457 0.696760
579 481 0.696760
531 417 0.696760
548 501 0.696760
550 493 0.696760
576 419 0.696760
531 423 0.696760
543 387 0.696760
531 474 0.696760
625 473 0.696760
626 455 0.696760
532 429 0.696760
513 423 0.696760
568 403 0.696760
568 399 0.696760
614 392 0.696760
542 464 0.696760
601 489 0.696760
541 421 0.696760
600 436 0.696760
522 440 0.696760
515 394 0.696760
619 454 0.696760
518 511 0.696760
568 390 0.696760
589 425 0.696760
627 423 0.696760
595 405 0.696760
561 478 0.696760
626 461 0.696760
536 390 0.696760
568 416 0.696760
515 451 0.696760
520 389 0.696760
517 389 0.696760
520 391 0.696760
568 454 0.696760
521 465 0.696760
597 480 0.696760
634 409 0.696760
550 462 0.696760
550 461 0.696760
612 459 0.696760
610 433 0.696760
600 426 0.696760
568 421 0.696760
614 495 0.696760
582 489 0.696760
601 506 0.696760
532 420 0.696760
571 474 0.696760
630 429 0.696760
534 482 0.696760
552 403 0.696760
516 397 0.696760
573 386 0.696760
558 384 0.696760
585 410 0.696760
586 490 0.696760
573 434 0.696760
546 390 0.696760
573 384 0.696760
523 500 0.696760
606 476 0.696760
573 432 0.696760
608 476 0.696760
519 438 0.696760
552 487 0.696760
563 388 0.696760
596 387 0.696760
594 411 0.696760
545 412 0.696760
558 483 0.696760
639 507 0.696760
585 417 0.696760
586 467 0.696760
572 502 0.696760
548 394 0.696760
626 427 0.696760
552 401 0.696760
627 490 0.696760
604 477 0.696760
618 417 0.696760
637 431 0.696760
521 398 0.696760
519 457 0.696760
571 509 0.696760
576 399 0.696760
571 510 0.696760
632 401 0.696760
538 507 0.696760
616 423 0.696760
594 418 0.696760
596 496 0.696760
591 498 0.696760
563 463 0.696760
526 439 0.696760
576 504 0.696760
581 448 0.696760
563 417 0.696760
563 416 0.696760
553 424 0.696760
540 399 0.696760
544 491 0.696760
604 388 0.696760
626 415 0.696760
619 469 0.696760
525 435 0.696760
594 403 0.696760
598 480 0.696760
572 418 0.696760
611 486 0.696760
558 433 0.696760
616 421 0.696760
558 480 0.696760
590 412 0.696760
562 433 0.696760
525 415 0.696760
545 433 0.696760
593 474 0.696760
558 420 0.696760
563 391 0.696760
516 389 0.696760
620 495 0.696760
548 409 0.696760
525 453 0.696760
514 478 0.696760
563 400 0.696760
581 497 0.696760
572 406 0.696760
582 502 0.696760
583 385 0.696760
544 497 0.696760
604 438 0.696760
622 401 0.696760
563 419 0.696760
553 463 0.696760
573 429 0.696760
527 400 0.696760
639 499 0.696760
606 507 0.696760
517 428 0.696760
563 435 0.696760
538 464 0.696760
539 406 0.696760
632 397 0.696760
622 419 0.696760
604 410 0.696760
539 389 0.696760
548 392 0.696760
563 509 0.696760
608 406 0.696760
628 404 0.696760
563 511 0.696760
596 494 0.696760
521 384 0.696760
562 487 0.696760
556 448 0.696760
631 473 0.696760
614 434 0.696760
524 435 0.696760
572 462 0.696760
604 493 0.696760
574 392 0.696760
527 424 0.696760
578 488 0.696760
521 403 0.696760
627 482 0.696760
606 392 0.696760
622 387 0.696760
613 480 0.696760
610 501 0.696760
609 475 0.696760
620 407 0.696760
552 431 0.696760
574 389 0.696760
573 454 0.696760
596 413 0.696760
519 445 0.696760
586 470 0.696760
597 411 0.696760
563 506 0.696760
627 498 0.696760
614 399 0.731598
565 402 0.731598
621 490 0.731598
519 411 0.731598
595 472 0.731598
604 423 0.731598
531 449 0.731598
536 393 0.731598
548 507 0.731598
620 501 0.731598
526 385 0.731598
545 418 0.731598
518 490 0.731598
541 402 0.731598
519 436 0.731598
584 452 0.731598
568 480 0.731598
565 452 0.731598
627 389 0.731598
614 396 0.731598
515 453 0.731598
518 448 0.731598
536 406 0.731598
634 397 0.731598
525 444 0.731598
549 384 0.731598
601 504 0.731598
582 492 0.731598
518 479 0.731598
636 499 0.731598
560 462 0.731598
572 498 0.731598
617 408 0.731598
565 422 0.731598
572 499 0.731598
518 449 0.731598
613 430 0.731598
557 451 0.731598
556 504 0.731598
583 424 0.731598
623 445 0.731598
606 490 0.731598
632 486 0.731598
560 384 0.731598
615 494 0.731598
629 402 0.731598
605 399 0.731598
589 436 0.731598
638 406 0.731598
517 502 0.731598
579 399 0.731598
634 391 0.731598
606 472 0.731598
600 394 0.731598
633 384 0.731598
560 455 0.731598
597 484 0.731598
586 452 0.731598
634 404 0.731598
522 468 0.731598
545 399 0.731598
525 463 0.731598
517 511 0.731598
607 385 0.731598
565 412 0.731598
536 458 0.731598
595 385 0.731598
568 494 0.731598
560 420 0.731598
548 502 0.731598
536 423 0.731598
576 418 0.731598
539 407 0.731598
543 384 0.731598
631 479 0.731598
539 408 0.731598
552 457 0.731598
610 402 0.731598
552 451 0.731598
565 417 0.731598
554 467 0.731598
531 472 0.731598
602 408 0.731598
536 427 0.731598
592 477 0.731598
536 457 0.731598
525 510 0.731598
541 397 0.731598
616 454 0.731598
560 433 0.731598
595 476 0.731598
592 505 0.731598
621 511 0.731598
576 406 0.731598
631 402 0.731598
516 384 0.731598
607 406 0.731598
585 479 0.731598
576 420 0.731598
602 396 0.731598
611 472 0.731598
634 413 0.731598
621 504 0.731598
512 407 0.731598
585 495 0.731598
612 453 0.731598
598 430 0.731598
637 407 0.731598
611 427 0.731598
568 507 0.731598
609 478 0.731598
610 400 0.731598
554 484 0.731598
560 424 0.731598
543 411 0.731598
568 452 0.731598
515 447 0.731598
573 420 0.731598
573 412 0.731598
583 433 0.731598
611 420 0.731598
542 388 0.731598
598 390 0.731598
566 417 0.731598
613 389 0.731598
524 486 0.731598
561 446 0.731598
562 498 0.731598
619 401 0.731598
566 506 0.731598
552 500 0.731598
585 481 0.731598
573 459 0.731598
629 472 0.731598
592 390 0.731598
598 402 0.731598
524 431 0.731598
573 463 0.731598
535 402 0.731598
583 501 0.731598
616 495 0.731598
601 413 0.731598
567 418 0.731598
555 449 0.731598
561 388 0.731598
581 400 0.731598
567 415 0.731598
555 415 0.731598
515 421 0.731598
542 392 0.731598
561 394 0.731598
547 386 0.731598
633 457 0.731598
600 469 0.731598
533 500 0.731598
626 429 0.731598
637 390 0.731598
567 400 0.731598
637 391 0.731598
618 397 0.731598
615 442 0.731598
601 412 0.731598
514 490 0.731598
589 400 0.731598
633 439 0.731598
524 457 0.731598
584 419 0.731598
521 505 0.731598
534 459 0.731598
534 460 0.731598
631 490 0.731598
611 457 0.731598
518 426 0.731598
534 464 0.731598
524 453 0.731598
586 417 0.731598
581 481 0.731598
562 471 0.731598
518 428 0.731598
573 489 0.731598
631 440 0.731598
621 465 0.731598
566 461 0.731598
547 399 0.731598
547 491 0.731598
623 497 0.731598
598 391 0.731598
547 494 0.731598
557 396 0.731598
566 497 0.731598
609 401 0.731598
545 468 0.731598
534 424 0.731598
610 418 0.731598
601 393 0.731598
549 491 0.731598
611 416 0.731598
534 429 0.731598
520 435 0.731598
549 486 0.731598
618 402 0.731598
556 450 0.731598
614 509 0.731598
541 463 0.731598
629 384 0.731598
534 441 0.731598
524 433 0.731598
621 468 0.731598
533 479 0.731598
604 474 0.731598
542 400 0.731598
621 424 0.731598
588 456 0.731598
516 391 0.731598
607 487 0.731598
608 455 0.731598
516 405 0.731598
582 397 0.731598
586 442 0.731598
555 467 0.731598
629 462 0.731598
582 509 0.731598
532 500 0.731598
601 459 0.731598
636 507 0.731598
605 385 0.731598
546 495 0.731598
598 484 0.731598
545 493 0.731598
627 398 0.731598
632 399 0.731598
513 431 0.731598
522 436 0.731598
621 487 0.731598
588 451 0.731598
596 425 0.731598
633 507 0.731598
532 454 0.731598
532 457 0.731598
565 478 0.731598
609 486 0.731598
532 460 0.731598
578 471 0.731598
605 476 0.731598
588 454 0.731598
535 489 0.731598
637 466 0.731598
601 483 0.731598
565 480 0.731598
542 452 0.731598
579 462 0.731598
596 506 0.731598
565 481 0.731598
604 454 0.731598
567 490 0.731598
535 461 0.731598
585 404 0.731598
584 415 0.731598
623 473 0.731598
518 506 0.731598
593 402 0.731598
557 413 0.731598
616 468 0.731598
609 415 0.731598
533 450 0.731598
607 476 0.731598
585 402 0.731598
550 396 0.731598
637 386 0.731598
605 460 0.731598
607 448 0.731598
586 438 0.731598
605 461 0.731598
581 452 0.731598
516 398 0.731598
600 461 0.731598
566 399 0.731598
555 457 0.731598
638 388 0.731598
601 437 0.731598
545 491 0.731598
525 399 0.731598
577 419 0.731598
612 480 0.731598
579 412 0.731598
555 390 0.731598
542 431 0.731598
574 486 0.731598
520 454 0.731598
637 451 0.731598
623 465 0.731598
610 427 0.731598
565 511 0.731598
624 403 0.731598
567 464 0.731598
535 445 0.731598
624 401 0.731598
560 501 0.731598
601 440 0.731598
596 486 0.731598
608 453 0.731598
611 448 0.731598
632 419 0.731598
614 478 0.731598
597 430 0.731598
572 404 0.731598
603 399 0.731598
580 403 0.731598
619 471 0.731598
540 468 0.731598
577 401 0.731598
622 475 0.731598
603 501 0.731598
575 402 0.731598
526 489 0.731598
618 463 0.731598
528 504 0.731598
578 394 0.731598
585 509 0.731598
570 445 0.731598
544 487 0.731598
584 505 0.731598
603 390 0.731598
554 390 0.731598
624 476 0.731598
519 395 0.731598
630 488 0.731598
585 511 0.731598
538 385 0.731598
603 495 0.731598
512 433 0.731598
629 435 0.731598
563 492 0.731598
619 426 0.731598
619 473 0.731598
590 469 0.731598
589 489 0.731598
519 482 0.731598
612 404 0.731598
628 435 0.731598
570 493 0.731598
592 496 0.731598
517 481 0.731598
635 465 0.731598
635 466 0.731598
514 423 0.731598
591 458 0.731598
638 413 0.731598
593 451 0.731598
517 408 0.731598
538 493 0.731598
597 444 0.731598
580 446 0.731598
537 461 0.731598
634 496 0.731598
564 462 0.731598
529 429 0.731598
634 495 0.731598
578 502 0.731598
622 502 0.731598
570 403 0.731598
572 419 0.731598
572 420 0.731598
587 477 0.731598
634 493 0.731598
519 492 0.731598
551 431 0.731598
537 454 0.731598
537 465 0.731598
578 392 0.731598
629 489 0.731598
583 475 0.731598
521 434 0.731598
526 478 0.731598
585 506 0.731598
570 432 0.731598
609 452 0.731598
581 423 0.731598
596 477 0.731598
584 504 0.731598
609 451 0.731598
592 497 0.731598
529 401 0.731598
564 457 0.731598
580 397 0.731598
540 425 0.731598
570 421 0.731598
537 471 0.731598
578 501 0.731598
605 421 0.731598
609 471 0.731598
552 415 0.731598
587 481 0.731598
528 441 0.731598
562 412 0.731598
612 390 0.731598
553 482 0.731598
519 469 0.731598
564 391 0.731598
518 465 0.731598
605 502 0.731598
591 482 0.731598
551 511 0.731598
635 432 0.731598
621 405 0.731598
587 413 0.731598
613 453 0.731598
544 451 0.731598
612 393 0.731598
612 396 0.731598
571 495 0.731598
557 484 0.731598
620 403 0.731598
527 477 0.731598
612 389 0.731598
546 392 0.731598
519 467 0.731598
615 432 0.731598
538 452 0.731598
638 387 0.731598
622 430 0.731598
547 452 0.731598
540 438 0.731598
521 417 0.731598
574 407 0.731598
544 464 0.731598
580 425 0.731598
611 511 0.731598
571 482 0.731598
590 457 0.731598
574 403 0.731598
603 455 0.731598
553 480 0.731598
587 405 0.731598
607 457 0.731598
571 451 0.731598
630 474 0.731598
613 457 0.731598
517 419 0.731598
527 496 0.731598
571 401 0.731598
512 464 0.731598
540 429 0.731598
523 441 0.731598
586 511 0.731598
603 488 0.731598
603 489 0.731598
591 467 0.731598
517 415 0.731598
639 471 0.731598
559 393 0.731598
603 493 0.731598
572 391 0.731598
607 499 0.731598
637 435 0.731598
571 384 0.731598
544 422 0.731598
592 493 0.731598
637 415 0.731598
551 484 0.731598
575 408 0.731598
636 462 0.731598
603 425 0.731598
590 388 0.731598
598 462 0.731598
587 415 0.731598
583 464 0.731598
587 388 0.731598
523 447 0.731598
514 440 0.731598
538 470 0.731598
612 398 0.731598
625 410 0.731598
585 418 0.731598
635 454 0.731598
540 453 0.731598
528 396 0.731598
562 416 0.731598
587 385 0.731598
609 458 0.731598
635 407 0.731598
571 408 0.731598
626 440 0.731598
517 460 0.731598
548 495 0.731598
529 501 0.731598
585 474 0.731598
554 423 0.731598
619 487 0.731598
543 469 0.731598
617 474 0.731598
569 444 0.731598
543 468 0.731598
545 386 0.731598
613 439 0.731598
630 421 0.731598
628 408 0.731598
605 491 0.731598
634 468 0.731598
569 426 0.731598
632 462 0.731598
521 456 0.731598
543 479 0.731598
547 458 0.731598
517 457 0.731598
552 434 0.731598
609 506 0.731598
586 478 0.731598
617 395 0.731598
537 433 0.731598
512 498 0.731598
546 386 0.731598
575 455 0.731598
530 437 0.731598
638 480 0.731598
559 468 0.731598
530 445 0.731598
584 465 0.731598
578 507 0.731598
575 395 0.731598
634 454 0.731598
637 482 0.731598
569 470 0.731598
598 439 0.731598
551 390 0.731598
599 495 0.731598
605 488 0.731598
552 426 0.731598
581 411 0.731598
522 507 0.731598
606 499 0.731598
599 510 0.731598
569 471 0.731598
634 476 0.731598
607 498 0.731598
578 506 0.731598
569 480 0.731598
619 484 0.731598
583 445 0.731598
569 495 0.731598
543 437 0.731598
635 483 0.731598
558 477 0.731598
530 474 0.731598
564 473 0.731598
536 498 0.731598
540 502 0.731598
587 487 0.731598
544 496 0.731598
577 488 0.731598
530 478 0.731598
615 493 0.731598
565 390 0.731598
606 469 0.731598
529 462 0.731598
614 493 0.731598
529 460 0.731598
593 442 0.731598
526 420 0.731598
611 480 0.731598
602 489 0.731598
552 429 0.731598
559 452 0.731598
548 488 0.731598
523 488 0.731598
627 436 0.731598
593 430 0.731598
589 470 0.731598
599 481 0.731598
576 392 0.731598
550 510 0.731598
548 487 0.731598
561 509 0.731598
618 507 0.731598
597 457 0.731598
586 494 0.731598
635 488 0.731598
556 392 0.731598
530 406 0.731598
523 386 0.731598
572 452 0.731598
539 384 0.731598
548 396 0.731598
558 478 0.731598
518 470 0.731598
539 393 0.731598
569 455 0.731598
595 501 0.766436
549 445 0.766436
540 451 0.766436
632 475 0.766436
548 505 0.766436
582 421 0.766436
595 496 0.766436
607 505 0.766436
563 430 0.766436
537 402 0.766436
616 389 0.766436
605 499 0.766436
578 456 0.766436
624 446 0.766436
632 472 0.766436
548 430 0.766436
606 403 0.766436
547 413 0.766436
600 475 0.766436
566 415 0.766436
592 491 0.766436
538 402 0.766436
599 452 0.766436
616 486 0.766436
565 461 0.766436
564 405 0.766436
562 484 0.766436
549 456 0.766436
579 388 0.766436
514 450 0.766436
514 401 0.766436
541 464 0.766436
578 490 0.766436
521 496 0.766436
616 466 0.766436
632 488 0.766436
536 501 0.766436
541 466 0.766436
565 389 0.766436
631 458 0.766436
516 453 0.766436
584 466 0.766436
534 493 0.766436
539 489 0.766436
565 396 0.766436
585 450 0.766436
514 454 0.766436
514 451 0.766436
578 454 0.766436
578 479 0.766436
555 442 0.766436
633 428 0.766436
599 435 0.766436
600 396 0.766436
600 397 0.766436
549 452 0.766436
620 392 0.766436
562 418 0.766436
596 391 0.766436
538 424 0.766436
626 431 0.766436
613 388 0.766436
592 466 0.766436
561 443 0.766436
538 466 0.766436
632 424 0.766436
637 424 0.766436
538 429 0.766436
607 495 0.766436
583 509 0.766436
557 384 0.766436
616 480 0.766436
613 492 0.766436
561 502 0.766436
538 433 0.766436
631 494 0.766436
565 406 0.766436
618 461 0.766436
564 505 0.766436
606 509 0.766436
536 510 0.766436
548 483 0.766436
556 486 0.766436
563 510 0.766436
536 472 0.766436
631 456 0.766436
599 504 0.766436
539 461 0.766436
577 459 0.766436
565 479 0.766436
625 423 0.766436
547 443 0.766436
535 488 0.766436
555 486 0.766436
633 391 0.766436
615 499 0.766436
607 493 0.766436
610 409 0.766436
549 417 0.766436
599 488 0.766436
614 471 0.766436
618 419 0.766436
538 498 0.766436
600 388 0.766436
521 392 0.766436
562 452 0.766436
563 462 0.766436
605 475 0.766436
632 444 0.766436
606 506 0.766436
555 491 0.766436
577 464 0.766436
599 492 0.766436
536 420 0.766436
592 449 0.766436
540 426 0.766436
535 467 0.766436
629 451 0.766436
629 431 0.766436
599 482 0.766436
564 460 0.766436
537 451 0.766436
589 478 0.766436
562 394 0.766436
599 479 0.766436
595 469 0.766436
629 405 0.766436
561 479 0.766436
598 442 0.766436
575 419 0.766436
548 403 0.766436
599 480 0.766436
539 434 0.766436
575 420 0.766436
581 406 0.766436
516 478 0.766436
590 481 0.766436
582 429 0.766436
514 492 0.766436
577 468 0.766436
585 391 0.766436
606 495 0.766436
563 473 0.766436
521 437 0.766436
562 393 0.766436
521 475 0.766436
564 461 0.766436
575 384 0.766436
607 390 0.766436
565 446 0.766436
555 492 0.766436
637 398 0.766436
514 461 0.766436
575 401 0.766436
611 407 0.766436
631 478 0.766436
590 467 0.766436
616 498 0.766436
514 427 0.766436
590 464 0.766436
599 500 0.766436
537 409 0.766436
600 456 0.766436
541 444 0.766436
589 413 0.766436
562 511 0.766436
620 402 0.766436
562 411 0.766436
515 385 0.766436
637 429 0.766436
584 418 0.766436
516 487 0.766436
626 473 0.766436
535 421 0.766436
520 450 0.766436
589 409 0.766436
600 460 0.766436
539 413 0.766436
538 393 0.766436
539 388 0.766436
600 408 0.766436
614 464 0.766436
637 396 0.766436
627 400 0.766436
514 483 0.766436
574 504 0.766436
516 484 0.766436
633 395 0.766436
564 481 0.766436
548 469 0.766436
564 482 0.766436
547 502 0.766436
514 471 0.766436
620 458 0.766436
561 488 0.766436
549 428 0.766436
581 465 0.766436
631 450 0.766436
579 413 0.766436
537 494 0.766436
590 393 0.766436
535 452 0.766436
564 447 0.766436
514 425 0.766436
518 435 0.766436
565 437 0.766436
579 415 0.766436
579 416 0.766436
590 408 0.766436
540 466 0.766436
616 469 0.766436
624 474 0.766436
537 502 0.766436
553 388 0.766436
566 388 0.766436
637 397 0.766436
563 390 0.766436
548 490 0.766436
588 441 0.766436
587 496 0.766436
558 469 0.766436
628 444 0.766436
529 476 0.766436
523 400 0.766436
623 386 0.766436
523 399 0.766436
554 420 0.766436
574 440 0.766436
602 476 0.766436
512 422 0.766436
580 388 0.766436
587 493 0.766436
529 473 0.766436
597 448 0.766436
583 425 0.766436
569 483 0.766436
543 477 0.766436
591 436 0.766436
627 449 0.766436
558 465 0.766436
512 501 0.766436
602 471 0.766436
634 474 0.766436
586 476 0.766436
627 448 0.766436
602 468 0.766436
557 391 0.766436
607 410 0.766436
607 460 0.766436
569 506 0.766436
544 388 0.766436
618 456 0.766436
630 458 0.766436
577 406 0.766436
596 471 0.766436
630 494 0.766436
616 437 0.766436
591 450 0.766436
574 395 0.766436
551 435 0.766436
594 472 0.766436
523 411 0.766436
625 504 0.766436
570 406 0.766436
591 447 0.766436
639 467 0.766436
572 443 0.766436
591 442 0.766436
523 505 0.766436
594 475 0.766436
630 454 0.766436
519 393 0.766436
544 509 0.766436
609 450 0.766436
519 392 0.766436
529 464 0.766436
622 500 0.766436
554 408 0.766436
611 434 0.766436
593 481 0.766436
579 498 0.766436
627 489 0.766436
634 450 0.766436
626 438 0.766436
513 385 0.766436
636 477 0.766436
597 464 0.766436
530 482 0.766436
606 437 0.766436
581 504 0.766436
512 415 0.766436
543 428 0.766436
530 468 0.766436
634 446 0.766436
525 492 0.766436
585 496 0.766436
583 484 0.766436
543 424 0.766436
517 501 0.766436
602 435 0.766436
579 490 0.766436
614 410 0.766436
550 501 0.766436
634 439 0.766436
617 471 0.766436
515 460 0.766436
569 408 0.766436
577 506 0.766436
569 418 0.766436
630 423 0.766436
526 394 0.766436
585 422 0.766436
602 463 0.766436
559 492 0.766436
530 421 0.766436
586 398 0.766436
530 424 0.766436
634 455 0.766436
586 475 0.766436
524 392 0.766436
614 418 0.766436
591 419 0.766436
569 423 0.766436
554 447 0.766436
591 494 0.766436
584 502 0.766436
543 441 0.766436
581 475 0.766436
621 445 0.766436
621 509 0.766436
592 422 0.766436
609 507 0.766436
559 507 0.766436
551 386 0.766436
530 460 0.766436
530 462 0.766436
545 398 0.766436
614 406 0.766436
630 493 0.766436
594 464 0.766436
584 432 0.766436
603 443 0.766436
576 479 0.766436
581 446 0.766436
635 471 0.766436
558 499 0.766436
594 422 0.766436
512 452 0.766436
580 443 0.766436
622 405 0.766436
527 495 0.766436
544 444 0.766436
552 408 0.766436
628 424 0.766436
580 444 0.766436
527 505 0.766436
515 501 0.766436
544 486 0.766436
571 426 0.766436
608 407 0.766436
526 477 0.766436
606 467 0.766436
544 439 0.766436
591 478 0.766436
612 400 0.766436
593 458 0.766436
593 460 0.766436
630 482 0.766436
603 499 0.766436
571 443 0.766436
574 401 0.766436
512 441 0.766436
635 453 0.766436
635 452 0.766436
582 460 0.766436
606 459 0.766436
552 396 0.766436
572 392 0.766436
519 454 0.766436
587 389 0.766436
571 489 0.766436
581 447 0.766436
635 431 0.766436
527 426 0.766436
630 465 0.766436
603 468 0.766436
571 476 0.766436
527 434 0.766436
617 502 0.766436
553 475 0.766436
544 465 0.766436
527 443 0.766436
622 436 0.766436
553 468 0.766436
636 466 0.766436
527 463 0.766436
512 446 0.766436
615 459 0.766436
551 491 0.766436
605 416 0.766436
635 396 0.766436
526 448 0.766436
554 385 0.766436
628 437 0.766436
559 405 0.766436
570 491 0.766436
574 423 0.766436
615 460 0.766436
528 474 0.766436
604 393 0.766436
585 421 0.766436
528 481 0.766436
553 509 0.766436
592 418 0.766436
636 471 0.766436
528 493 0.766436
610 440 0.766436
594 419 0.766436
582 386 0.766436
570 448 0.766436
526 441 0.766436
558 475 0.766436
552 423 0.766436
570 442 0.766436
551 449 0.766436
544 501 0.766436
622 473 0.766436
523 432 0.766436
552 420 0.766436
512 470 0.766436
572 417 0.766436
551 489 0.766436
559 386 0.766436
528 407 0.766436
544 431 0.766436
512 463 0.766436
528 415 0.766436
551 483 0.766436
571 395 0.766436
571 394 0.766436
626 393 0.766436
604 385 0.766436
528 422 0.766436
603 417 0.766436
528 431 0.766436
571 385 0.766436
603 412 0.766436
635 400 0.766436
575 511 0.766436
528 439 0.766436
638 417 0.766436
553 507 0.766436
587 433 0.766436
622 462 0.766436
570 506 0.766436
580 497 0.766436
519 479 0.766436
531 389 0.766436
621 385 0.766436
625 481 0.766436
635 511 0.766436
628 484 0.766436
550 418 0.766436
533 405 0.766436
638 439 0.766436
618 389 0.766436
560 499 0.766436
638 440 0.766436
583 494 0.766436
574 488 0.766436
610 426 0.766436
533 417 0.766436
588 477 0.766436
618 472 0.766436
601 438 0.766436
633 481 0.766436
593 407 0.766436
567 452 0.766436
567 450 0.766436
522 409 0.766436
618 506 0.766436
567 439 0.766436
542 411 0.766436
524 498 0.766436
633 471 0.766436
611 404 0.766436
579 452 0.766436
601 450 0.766436
533 392 0.766436
619 494 0.766436
568 392 0.766436
591 389 0.766436
552 480 0.766436
518 397 0.766436
612 469 0.766436
628 482 0.766436
532 480 0.766436
583 402 0.766436
546 486 0.766436
588 457 0.766436
568 387 0.766436
595 404 0.766436
604 460 0.766436
623 456 0.766436
525 398 0.766436
574 479 0.766436
576 493 0.766436
608 389 0.766436
592 384 0.766436
567 495 0.766436
633 492 0.766436
557 421 0.766436
577 496 0.766436
621 429 0.766436
533 447 0.766436
583 422 0.766436
520 422 0.766436
595 412 0.766436
520 432 0.766436
520 434 0.766436
518 425 0.766436
547 393 0.766436
618 468 0.766436
589 389 0.766436
593 505 0.766436
541 494 0.766436
612 501 0.766436
513 468 0.766436
637 394 0.766436
606 421 0.766436
621 426 0.766436
534 455 0.766436
592 447 0.766436
595 431 0.766436
545 472 0.766436
576 402 0.766436
561 417 0.766436
566 467 0.766436
561 418 0.766436
534 474 0.766436
549 471 0.766436
604 505 0.766436
524 462 0.766436
637 393 0.766436
573 475 0.766436
621 473 0.766436
550 394 0.766436
629 511 0.766436
584 496 0.766436
601 424 0.766436
601 419 0.766436
605 462 0.766436
533 486 0.766436
516 400 0.766436
550 385 0.766436
615 384 0.766436
636 419 0.766436
567 402 0.766436
567 398 0.766436
516 434 0.766436
549 507 0.766436
623 490 0.766436
561 398 0.766436
628 498 0.766436
552 505 0.766436
549 499 0.766436
520 429 0.766436
611 458 0.766436
612 493 0.766436
612 495 0.766436
601 398 0.766436
558 402 0.766436
588 452 0.766436
532 481 0.766436
619 466 0.766436
582 484 0.766436
554 472 0.766436
554 474 0.766436
604 435 0.766436
513 409 0.766436
531 456 0.766436
531 458 0.766436
568 471 0.766436
588 416 0.766436
579 475 0.766436
602 409 0.766436
531 470 0.766436
531 476 0.766436
522 470 0.766436
518 384 0.766436
517 388 0.766436
611 400 0.766436
531 494 0.766436
634 412 0.766436
573 396 0.766436
616 398 0.766436
546 465 0.766436
582 445 0.766436
597 481 0.766436
553 426 0.766436
524 404 0.766436
618 492 0.766436
636 443 0.766436
531 443 0.766436
545 506 0.766436
605 434 0.766436
516 388 0.766436
569 384 0.766436
560 394 0.766436
596 453 0.766436
574 460 0.766436
619 421 0.766436
513 397 0.766436
568 500 0.766436
560 403 0.766436
588 407 0.766436
580 489 0.766436
554 459 0.766436
525 465 0.766436
568 495 0.766436
560 409 0.766436
531 426 0.766436
543 402 0.766436
636 491 0.766436
588 410 0.766436
531 435 0.766436
560 411 0.766436
546 455 0.766436
554 470 0.766436
634 422 0.766436
634 405 0.766436
628 413 0.766436
550 458 0.766436
636 495 0.766436
615 481 0.766436
525 436 0.766436
601 510 0.766436
568 420 0.766436
592 407 0.766436
582 465 0.766436
579 466 0.766436
630 426 0.766436
634 390 0.766436
560 460 0.766436
532 422 0.766436
631 403 0.766436
558 431 0.766436
601 502 0.766436
595 397 0.766436
525 417 0.766436
554 506 0.766436
616 402 0.766436
623 451 0.766436
573 423 0.766436
582 467 0.766436
611 464 0.766436
619 493 0.766436
611 425 0.766436
525 441 0.766436
522 465 0.766436
581 392 0.766436
532 447 0.766436
525 439 0.766436
560 440 0.766436
630 393 0.766436
581 434 0.766436
539 493 0.766436
562 468 0.801274
520 504 0.801274
558 471 0.801274
596 394 0.801274
590 444 0.801274
545 403 0.801274
616 410 0.801274
630 430 0.801274
558 446 0.801274
598 471 0.801274
596 403 0.801274
544 482 0.801274
630 431 0.801274
558 452 0.801274
608 472 0.801274
577 466 0.801274
545 428 0.801274
598 481 0.801274
556 459 0.801274
630 434 0.801274
545 457 0.801274
584 438 0.801274
637 433 0.801274
631 481 0.801274
519 443 0.801274
585 411 0.801274
598 486 0.801274
545 465 0.801274
547 482 0.801274
515 505 0.801274
592 410 0.801274
539 505 0.801274
590 438 0.801274
520 510 0.801274
556 460 0.801274
618 504 0.801274
540 397 0.801274
630 438 0.801274
562 445 0.801274
519 407 0.801274
638 476 0.801274
519 416 0.801274
558 418 0.801274
591 511 0.801274
545 463 0.801274
520 441 0.801274
598 465 0.801274
541 407 0.801274
575 462 0.801274
631 407 0.801274
541 411 0.801274
557 433 0.801274
581 501 0.801274
630 390 0.801274
616 458 0.801274
560 468 0.801274
557 428 0.801274
620 448 0.801274
520 456 0.801274
576 422 0.801274
614 443 0.801274
614 442 0.801274
560 486 0.801274
515 439 0.801274
541 406 0.801274
639 397 0.801274
543 395 0.801274
631 394 0.801274
582 410 0.801274
542 499 0.801274
515 446 0.801274
596 449 0.801274
515 445 0.801274
596 450 0.801274
630 394 0.801274
613 493 0.801274
596 423 0.801274
582 396 0.801274
541 405 0.801274
610 451 0.801274
541 428 0.801274
591 384 0.801274
575 479 0.801274
542 385 0.801274
629 509 0.801274
590 501 0.801274
620 502 0.801274
547 407 0.801274
639 385 0.801274
561 447 0.801274
541 490 0.801274
606 412 0.801274
629 507 0.801274
541 472 0.801274
637 456 0.801274
515 410 0.801274
596 433 0.801274
557 388 0.801274
542 394 0.801274
561 387 0.801274
520 425 0.801274
560 495 0.801274
561 460 0.801274
560 496 0.801274
616 395 0.801274
578 421 0.801274
625 431 0.801274
560 506 0.801274
547 415 0.801274
630 384 0.801274
520 421 0.801274
625 450 0.801274
585 400 0.801274
614 452 0.801274
561 385 0.801274
541 448 0.801274
575 486 0.801274
560 405 0.801274
598 434 0.801274
541 384 0.801274
598 453 0.801274
515 493 0.801274
546 411 0.801274
519 481 0.801274
637 488 0.801274
540 470 0.801274
616 434 0.801274
607 511 0.801274
559 421 0.801274
576 411 0.801274
559 427 0.801274
606 445 0.801274
559 445 0.801274
577 481 0.801274
638 385 0.801274
557 482 0.801274
546 400 0.801274
578 388 0.801274
544 474 0.801274
626 402 0.801274
578 386 0.801274
596 476 0.801274
584 448 0.801274
631 467 0.801274
558 497 0.801274
544 454 0.801274
592 464 0.801274
581 445 0.801274
630 473 0.801274
558 500 0.801274
639 402 0.801274
546 399 0.801274
619 449 0.801274
547 439 0.801274
576 389 0.801274
543 494 0.801274
559 450 0.801274
559 505 0.801274
618 496 0.801274
597 461 0.801274
581 456 0.801274
543 433 0.801274
561 504 0.801274
625 418 0.801274
543 429 0.801274
597 466 0.801274
543 417 0.801274
583 388 0.801274
557 446 0.801274
560 400 0.801274
540 511 0.801274
578 410 0.801274
637 479 0.801274
638 497 0.801274
562 386 0.801274
575 501 0.801274
543 488 0.801274
540 487 0.801274
559 459 0.801274
559 461 0.801274
559 467 0.801274
630 499 0.801274
546 431 0.801274
543 464 0.801274
556 483 0.801274
630 501 0.801274
625 497 0.801274
575 494 0.801274
559 494 0.801274
582 389 0.801274
620 436 0.801274
547 487 0.801274
599 421 0.801274
610 394 0.801274
531 502 0.801274
531 504 0.801274
513 411 0.801274
568 449 0.801274
577 384 0.801274
585 492 0.801274
634 408 0.801274
612 456 0.801274
523 490 0.801274
619 427 0.801274
562 473 0.801274
523 493 0.801274
586 495 0.801274
588 435 0.801274
523 484 0.801274
526 443 0.801274
620 468 0.801274
522 463 0.801274
595 394 0.801274
550 448 0.801274
532 419 0.801274
619 492 0.801274
628 409 0.801274
579 468 0.801274
554 504 0.801274
572 437 0.801274
601 498 0.801274
516 510 0.801274
550 442 0.801274
513 425 0.801274
636 451 0.801274
603 511 0.801274
635 476 0.801274
572 413 0.801274
617 468 0.801274
581 387 0.801274
526 505 0.801274
568 497 0.801274
531 425 0.801274
568 492 0.801274
634 424 0.801274
619 393 0.801274
602 418 0.801274
550 486 0.801274
602 415 0.801274
638 405 0.801274
568 478 0.801274
609 510 0.801274
612 447 0.801274
517 390 0.801274
574 464 0.801274
639 494 0.801274
531 496 0.801274
602 403 0.801274
622 404 0.801274
531 491 0.801274
531 484 0.801274
513 427 0.801274
572 408 0.801274
568 466 0.801274
627 433 0.801274
634 415 0.801274
581 391 0.801274
568 468 0.801274
531 467 0.801274
517 510 0.801274
531 408 0.801274
574 476 0.801274
601 487 0.801274
579 448 0.801274
552 435 0.801274
553 451 0.801274
628 487 0.801274
552 438 0.801274
615 484 0.801274
526 403 0.801274
581 472 0.801274
550 405 0.801274
553 450 0.801274
607 401 0.801274
567 441 0.801274
533 442 0.801274
633 472 0.801274
605 456 0.801274
533 448 0.801274
533 453 0.801274
601 429 0.801274
623 475 0.801274
533 457 0.801274
550 395 0.801274
567 429 0.801274
567 428 0.801274
553 501 0.801274
567 421 0.801274
533 480 0.801274
609 409 0.801274
619 502 0.801274
533 487 0.801274
550 388 0.801274
533 449 0.801274
607 472 0.801274
533 409 0.801274
579 451 0.801274
605 406 0.801274
568 395 0.801274
636 502 0.801274
638 403 0.801274
532 466 0.801274
601 482 0.801274
609 473 0.801274
532 469 0.801274
526 423 0.801274
601 475 0.801274
522 434 0.801274
605 451 0.801274
522 430 0.801274
522 429 0.801274
622 398 0.801274
523 506 0.801274
593 411 0.801274
586 480 0.801274
567 477 0.801274
567 479 0.801274
555 389 0.801274
623 461 0.801274
567 494 0.801274
595 400 0.801274
517 427 0.801274
604 406 0.801274
567 498 0.801274
550 425 0.801274
552 430 0.801274
617 448 0.801274
532 496 0.801274
612 477 0.801274
531 407 0.801274
639 493 0.801274
628 411 0.801274
612 407 0.801274
571 438 0.801274
617 490 0.801274
627 456 0.801274
635 427 0.801274
602 506 0.801274
570 420 0.801274
523 417 0.801274
529 409 0.801274
580 419 0.801274
574 432 0.801274
581 477 0.801274
603 446 0.801274
523 413 0.801274
603 441 0.801274
523 452 0.801274
620 469 0.801274
570 410 0.801274
529 432 0.801274
602 499 0.801274
594 473 0.801274
529 443 0.801274
602 496 0.801274
571 445 0.801274
580 392 0.801274
627 453 0.801274
527 461 0.801274
529 451 0.801274
639 465 0.801274
587 406 0.801274
529 417 0.801274
615 461 0.801274
570 450 0.801274
603 436 0.801274
571 417 0.801274
587 422 0.801274
594 442 0.801274
622 456 0.801274
528 421 0.801274
517 476 0.801274
571 386 0.801274
553 505 0.801274
584 486 0.801274
528 430 0.801274
523 436 0.801274
636 468 0.801274
571 425 0.801274
594 449 0.801274
527 509 0.801274
528 442 0.801274
512 468 0.801274
593 454 0.801274
627 471 0.801274
594 458 0.801274
622 472 0.801274
620 472 0.801274
512 474 0.801274
523 404 0.801274
570 483 0.801274
570 484 0.801274
528 469 0.801274
635 395 0.801274
628 433 0.801274
635 398 0.801274
570 505 0.801274
635 394 0.801274
587 483 0.801274
569 509 0.801274
571 457 0.801274
594 495 0.801274
512 509 0.801274
551 389 0.801274
551 387 0.801274
522 505 0.801274
569 424 0.801274
583 481 0.801274
523 470 0.801274
577 411 0.801274
554 454 0.801274
611 432 0.801274
522 499 0.801274
550 509 0.801274
639 454 0.801274
594 499 0.801274
569 409 0.801274
634 445 0.801274
531 402 0.801274
531 399 0.801274
581 486 0.801274
634 434 0.801274
582 482 0.801274
612 439 0.801274
588 387 0.801274
583 488 0.801274
609 509 0.801274
569 397 0.801274
569 401 0.801274
569 403 0.801274
636 481 0.801274
628 454 0.801274
550 500 0.801274
555 416 0.801274
602 456 0.801274
553 470 0.801274
554 419 0.801274
623 394 0.801274
587 494 0.801274
569 489 0.801274
634 479 0.801274
529 502 0.801274
610 493 0.801274
580 424 0.801274
574 409 0.801274
603 463 0.801274
612 418 0.801274
551 406 0.801274
569 461 0.801274
530 402 0.801274
530 404 0.801274
571 480 0.801274
530 405 0.801274
580 435 0.801274
527 410 0.801274
571 496 0.801274
618 412 0.801274
569 454 0.801274
551 396 0.801274
602 457 0.801274
517 469 0.801274
635 448 0.801274
574 445 0.801274
523 390 0.801274
554 439 0.801274
527 425 0.801274
627 445 0.801274
607 462 0.801274
567 408 0.801274
526 393 0.801274
514 406 0.801274
599 466 0.801274
573 435 0.801274
537 487 0.801274
604 468 0.801274
537 489 0.801274
556 398 0.801274
632 438 0.801274
514 426 0.801274
556 402 0.801274
620 457 0.801274
589 491 0.801274
576 443 0.801274
629 436 0.801274
604 469 0.801274
620 398 0.801274
604 470 0.801274
578 494 0.801274
514 430 0.801274
538 410 0.801274
514 435 0.801274
638 394 0.801274
620 478 0.801274
589 504 0.801274
605 501 0.801274
608 488 0.801274
556 411 0.801274
632 425 0.801274
618 391 0.801274
564 398 0.801274
576 441 0.801274
589 495 0.801274
589 484 0.801274
632 447 0.801274
518 456 0.801274
584 396 0.801274
613 426 0.801274
518 445 0.801274
613 427 0.801274
525 400 0.801274
536 470 0.801274
553 416 0.801274
619 464 0.801274
567 403 0.801274
536 497 0.801274
613 433 0.801274
553 415 0.801274
605 490 0.801274
525 391 0.801274
608 496 0.801274
518 452 0.801274
537 404 0.801274
514 421 0.801274
537 470 0.801274
619 431 0.801274
521 440 0.801274
521 442 0.801274
564 463 0.801274
538 435 0.801274
583 434 0.801274
537 439 0.801274
556 385 0.801274
537 427 0.801274
599 490 0.801274
525 389 0.801274
521 449 0.801274
632 461 0.801274
514 395 0.801274
604 475 0.801274
638 393 0.801274
553 404 0.801274
563 415 0.801274
593 501 0.801274
539 436 0.801274
586 422 0.801274
590 413 0.801274
552 507 0.801274
563 405 0.801274
514 475 0.801274
539 448 0.801274
514 476 0.801274
621 412 0.801274
604 492 0.801274
573 479 0.801274
539 431 0.801274
514 481 0.801274
598 506 0.801274
518 478 0.801274
547 498 0.801274
598 504 0.801274
590 424 0.801274
631 499 0.801274
624 508 0.801274
552 510 0.801274
575 438 0.801274
547 495 0.801274
610 479 0.801274
604 506 0.801274
620 413 0.801274
539 491 0.801274
582 470 0.801274
632 391 0.801274
614 476 0.801274
563 420 0.801274
538 451 0.801274
556 416 0.801274
580 475 0.801274
538 458 0.801274
576 497 0.801274
563 504 0.801274
538 471 0.801274
610 454 0.801274
636 407 0.801274
637 421 0.801274
585 464 0.801274
615 506 0.801274
548 400 0.801274
583 399 0.801274
563 467 0.801274
538 509 0.801274
607 509 0.801274
590 410 0.801274
539 422 0.801274
632 394 0.801274
615 444 0.801274
611 417 0.801274
516 450 0.801274
621 482 0.801274
581 417 0.801274
518 472 0.801274
585 457 0.801274
563 441 0.801274
616 501 0.801274
514 467 0.801274
595 511 0.801274
563 436 0.801274
536 452 0.801274
551 490 0.801274
536 447 0.801274
535 384 0.801274
535 385 0.801274
566 430 0.801274
549 450 0.801274
549 488 0.801274
535 390 0.801274
589 402 0.801274
513 486 0.801274
566 419 0.801274
534 425 0.801274
595 446 0.801274
566 413 0.801274
579 420 0.801274
576 491 0.801274
534 416 0.801274
586 455 0.801274
535 420 0.801274
577 429 0.801274
535 425 0.801274
584 475 0.801274
600 457 0.801274
535 431 0.801274
566 400 0.801274
612 500 0.801274
566 389 0.801274
566 441 0.801274
555 446 0.801274
576 457 0.801274
549 459 0.801274
521 509 0.801274
583 507 0.801274
566 475 0.801274
534 457 0.801274
615 436 0.801274
633 430 0.801274
593 391 0.801274
553 436 0.801274
521 500 0.801274
636 446 0.801274
609 400 0.801274
600 502 0.801274
555 459 0.801274
534 479 0.801274
612 511 0.801274
521 497 0.801274
636 384 0.801274
552 458 0.801274
593 489 0.801274
600 498 0.801274
534 494 0.801274
549 462 0.801274
555 444 0.801274
600 496 0.801274
593 490 0.801274
517 456 0.801274
525 476 0.801274
513 462 0.801274
627 494 0.801274
534 409 0.801274
586 443 0.801274
610 499 0.801274
595 467 0.801274
608 509 0.801274
574 391 0.801274
536 387 0.801274
567 387 0.801274
513 509 0.801274
636 402 0.801274
513 510 0.801274
536 400 0.801274
536 403 0.801274
555 483 0.801274
600 418 0.801274
536 411 0.801274
607 477 0.801274
637 392 0.801274
525 404 0.801274
549 386 0.801274
536 424 0.801274
586 440 0.801274
565 438 0.801274
555 496 0.801274
628 497 0.801274
600 409 0.801274
589 445 0.801274
536 439 0.801274
512 406 0.801274
623 494 0.801274
627 411 0.801274
624 410 0.801274
521 482 0.801274
594 406 0.801274
582 464 0.801274
525 505 0.801274
555 464 0.801274
524 409 0.801274
588 507 0.801274
607 392 0.801274
636 393 0.801274
535 470 0.801274
604 448 0.801274
633 388 0.801274
525 507 0.801274
534 445 0.801274
633 392 0.801274
605 386 0.801274
605 477 0.801274
639 505 0.801274
584 386 0.801274
639 496 0.801274
620 461 0.801274
525 426 0.801274
594 400 0.801274
573 415 0.801274
628 403 0.836112
594 414 0.836112
552 445 0.836112
553 393 0.836112
551 496 0.836112
593 462 0.836112
551 495 0.836112
546 384 0.836112
627 469 0.836112
517 436 0.836112
584 497 0.836112
545 490 0.836112
552 481 0.836112
517 422 0.836112
594 394 0.836112
592 401 0.836112
596 483 0.836112
553 419 0.836112
553 421 0.836112
627 497 0.836112
553 459 0.836112
553 471 0.836112
610 473 0.836112
552 393 0.836112
545 500 0.836112
628 391 0.836112
552 390 0.836112
583 392 0.836112
638 429 0.836112
620 480 0.836112
552 406 0.836112
553 479 0.836112
545 504 0.836112
552 463 0.836112
628 396 0.836112
546 397 0.836112
615 443 0.836112
552 454 0.836112
517 473 0.836112
628 401 0.836112
553 493 0.836112
576 409 0.836112
547 488 0.836112
517 475 0.836112
555 462 0.836112
629 400 0.836112
518 495 0.836112
555 463 0.836112
629 501 0.836112
549 425 0.836112
629 401 0.836112
549 420 0.836112
595 463 0.836112
595 464 0.836112
607 387 0.836112
556 509 0.836112
549 413 0.836112
555 470 0.836112
518 439 0.836112
629 404 0.836112
524 439 0.836112
629 396 0.836112
518 442 0.836112
607 483 0.836112
620 449 0.836112
518 420 0.836112
638 398 0.836112
595 420 0.836112
555 425 0.836112
547 394 0.836112
557 393 0.836112
555 431 0.836112
516 490 0.836112
614 506 0.836112
555 438 0.836112
518 427 0.836112
557 390 0.836112
596 431 0.836112
518 498 0.836112
576 454 0.836112
629 385 0.836112
547 408 0.836112
581 461 0.836112
547 389 0.836112
615 496 0.836112
555 497 0.836112
556 468 0.836112
548 415 0.836112
548 411 0.836112
596 411 0.836112
629 456 0.836112
614 470 0.836112
615 510 0.836112
629 474 0.836112
592 473 0.836112
592 472 0.836112
547 505 0.836112
606 502 0.836112
518 477 0.836112
584 457 0.836112
516 448 0.836112
626 490 0.836112
629 469 0.836112
614 482 0.836112
516 437 0.836112
614 486 0.836112
626 479 0.836112
629 416 0.836112
548 498 0.836112
577 440 0.836112
548 489 0.836112
548 482 0.836112
555 510 0.836112
577 442 0.836112
592 502 0.836112
595 486 0.836112
629 430 0.836112
626 511 0.836112
548 452 0.836112
547 447 0.836112
577 448 0.836112
626 478 0.836112
518 461 0.836112
548 425 0.836112
516 462 0.836112
555 422 0.836112
615 487 0.836112
555 413 0.836112
638 411 0.836112
577 409 0.836112
594 476 0.836112
551 424 0.836112
619 436 0.836112
593 446 0.836112
554 426 0.836112
576 473 0.836112
638 407 0.836112
546 432 0.836112
615 466 0.836112
638 471 0.836112
630 406 0.836112
638 470 0.836112
594 493 0.836112
627 441 0.836112
596 459 0.836112
546 423 0.836112
546 439 0.836112
557 468 0.836112
610 492 0.836112
592 415 0.836112
626 444 0.836112
553 506 0.836112
519 400 0.836112
606 489 0.836112
637 506 0.836112
627 464 0.836112
517 413 0.836112
594 457 0.836112
638 434 0.836112
610 490 0.836112
627 459 0.836112
554 399 0.836112
554 405 0.836112
596 472 0.836112
594 465 0.836112
546 418 0.836112
618 451 0.836112
554 446 0.836112
592 424 0.836112
550 498 0.836112
577 417 0.836112
546 478 0.836112
584 450 0.836112
610 494 0.836112
607 403 0.836112
546 490 0.836112
555 388 0.836112
614 445 0.836112
550 424 0.836112
550 417 0.836112
516 504 0.836112
550 412 0.836112
637 510 0.836112
546 501 0.836112
593 406 0.836112
546 505 0.836112
550 392 0.836112
518 392 0.836112
596 448 0.836112
628 474 0.836112
627 428 0.836112
620 446 0.836112
517 505 0.836112
550 491 0.836112
546 454 0.836112
615 408 0.836112
615 405 0.836112
554 482 0.836112
546 460 0.836112
628 425 0.836112
592 430 0.836112
546 463 0.836112
554 486 0.836112
630 395 0.836112
628 471 0.836112
557 435 0.836112
518 390 0.836112
593 419 0.836112
620 486 0.836112
546 462 0.836112
628 473 0.836112
580 481 0.836112
519 420 0.836112
585 488 0.836112
533 491 0.836112
609 406 0.836112
609 410 0.836112
567 423 0.836112
567 426 0.836112
567 434 0.836112
567 435 0.836112
633 459 0.836112
612 488 0.836112
574 489 0.836112
579 445 0.836112
533 428 0.836112
513 436 0.836112
522 411 0.836112
623 468 0.836112
533 411 0.836112
533 407 0.836112
533 451 0.836112
533 404 0.836112
533 499 0.836112
633 455 0.836112
621 425 0.836112
534 456 0.836112
566 483 0.836112
618 469 0.836112
601 389 0.836112
534 431 0.836112
601 391 0.836112
589 386 0.836112
567 401 0.836112
633 438 0.836112
534 408 0.836112
612 492 0.836112
609 402 0.836112
601 408 0.836112
623 493 0.836112
581 402 0.836112
567 392 0.836112
534 384 0.836112
601 395 0.836112
609 422 0.836112
612 481 0.836112
601 449 0.836112
588 427 0.836112
634 403 0.836112
568 444 0.836112
634 406 0.836112
531 500 0.836112
623 434 0.836112
621 441 0.836112
585 493 0.836112
588 434 0.836112
588 421 0.836112
531 480 0.836112
568 467 0.836112
568 472 0.836112
581 390 0.836112
634 421 0.836112
531 450 0.836112
531 448 0.836112
579 479 0.836112
617 465 0.836112
612 460 0.836112
522 462 0.836112
634 389 0.836112
567 480 0.836112
522 419 0.836112
639 449 0.836112
623 459 0.836112
567 500 0.836112
612 476 0.836112
588 459 0.836112
623 454 0.836112
588 458 0.836112
532 474 0.836112
601 480 0.836112
513 428 0.836112
532 462 0.836112
522 447 0.836112
532 445 0.836112
574 473 0.836112
588 445 0.836112
623 449 0.836112
623 447 0.836112
534 465 0.836112
534 467 0.836112
521 499 0.836112
534 480 0.836112
536 468 0.836112
618 511 0.836112
632 496 0.836112
514 394 0.836112
514 392 0.836112
536 449 0.836112
536 446 0.836112
605 482 0.836112
608 502 0.836112
536 437 0.836112
536 434 0.836112
565 429 0.836112
585 478 0.836112
624 425 0.836112
536 422 0.836112
536 421 0.836112
584 394 0.836112
536 415 0.836112
536 436 0.836112
632 493 0.836112
585 477 0.836112
536 487 0.836112
537 447 0.836112
537 443 0.836112
624 448 0.836112
610 405 0.836112
537 421 0.836112
564 483 0.836112
537 415 0.836112
521 451 0.836112
564 496 0.836112
537 392 0.836112
617 405 0.836112
624 437 0.836112
617 407 0.836112
608 498 0.836112
585 476 0.836112
514 410 0.836112
579 384 0.836112
600 390 0.836112
536 488 0.836112
536 405 0.836112
531 440 0.836112
565 454 0.836112
565 460 0.836112
535 433 0.836112
535 423 0.836112
589 411 0.836112
600 463 0.836112
566 418 0.836112
583 420 0.836112
582 491 0.836112
633 415 0.836112
583 511 0.836112
566 432 0.836112
574 500 0.836112
566 438 0.836112
521 495 0.836112
566 442 0.836112
600 495 0.836112
574 499 0.836112
610 392 0.836112
589 396 0.836112
633 418 0.836112
566 393 0.836112
584 384 0.836112
609 386 0.836112
521 471 0.836112
536 388 0.836112
565 462 0.836112
565 465 0.836112
535 510 0.836112
535 509 0.836112
620 385 0.836112
565 467 0.836112
535 506 0.836112
535 504 0.836112
618 464 0.836112
600 434 0.836112
535 484 0.836112
565 483 0.836112
565 488 0.836112
535 471 0.836112
617 417 0.836112
617 418 0.836112
579 409 0.836112
584 392 0.836112
589 477 0.836112
611 429 0.836112
634 428 0.836112
523 475 0.836112
636 459 0.836112
580 498 0.836112
603 502 0.836112
617 507 0.836112
574 399 0.836112
586 497 0.836112
526 475 0.836112
527 392 0.836112
572 416 0.836112
572 426 0.836112
512 426 0.836112
586 491 0.836112
611 483 0.836112
604 395 0.836112
604 398 0.836112
526 417 0.836112
619 461 0.836112
572 422 0.836112
572 456 0.836112
611 500 0.836112
635 451 0.836112
528 391 0.836112
609 461 0.836112
603 434 0.836112
635 421 0.836112
527 494 0.836112
603 435 0.836112
512 453 0.836112
523 450 0.836112
527 403 0.836112
571 439 0.836112
571 446 0.836112
523 457 0.836112
587 398 0.836112
571 472 0.836112
611 507 0.836112
603 472 0.836112
603 474 0.836112
636 463 0.836112
523 451 0.836112
523 510 0.836112
524 384 0.836112
622 391 0.836112
525 401 0.836112
604 462 0.836112
604 463 0.836112
525 393 0.836112
525 392 0.836112
573 431 0.836112
525 386 0.836112
524 507 0.836112
524 413 0.836112
586 403 0.836112
524 420 0.836112
636 408 0.836112
573 450 0.836112
586 425 0.836112
604 483 0.836112
636 421 0.836112
636 423 0.836112
604 496 0.836112
580 474 0.836112
525 416 0.836112
580 486 0.836112
604 449 0.836112
622 389 0.836112
572 466 0.836112
583 428 0.836112
605 397 0.836112
525 504 0.836112
580 490 0.836112
525 502 0.836112
524 397 0.836112
574 390 0.836112
604 427 0.836112
618 403 0.836112
525 473 0.836112
574 387 0.836112
573 388 0.836112
604 436 0.836112
573 400 0.836112
525 449 0.836112
621 491 0.836112
573 409 0.836112
587 423 0.836112
512 460 0.836112
603 423 0.836112
571 406 0.836112
530 414 0.836112
612 420 0.836112
602 465 0.836112
634 466 0.836112
634 467 0.836112
530 400 0.836112
634 469 0.836112
569 462 0.836112
605 428 0.836112
530 392 0.836112
587 502 0.836112
512 502 0.836112
623 401 0.836112
623 398 0.836112
602 473 0.836112
529 491 0.836112
529 483 0.836112
609 448 0.836112
587 504 0.836112
612 421 0.836112
617 475 0.836112
579 504 0.836112
579 484 0.836112
513 396 0.836112
612 440 0.836112
531 392 0.836112
619 390 0.836112
612 438 0.836112
634 442 0.836112
588 398 0.836112
513 387 0.836112
579 494 0.836112
530 487 0.836112
569 415 0.836112
569 416 0.836112
530 475 0.836112
530 470 0.836112
522 504 0.836112
530 453 0.836112
588 389 0.836112
569 437 0.836112
529 474 0.836112
531 420 0.836112
583 477 0.836112
529 459 0.836112
512 473 0.836112
528 470 0.836112
617 494 0.836112
523 428 0.836112
528 465 0.836112
621 454 0.836112
528 460 0.836112
617 496 0.836112
587 442 0.836112
570 499 0.836112
528 445 0.836112
528 440 0.836112
523 435 0.836112
580 409 0.836112
528 428 0.836112
621 456 0.836112
528 408 0.836112
635 405 0.836112
528 452 0.836112
570 476 0.836112
622 474 0.836112
528 494 0.836112
529 449 0.836112
570 394 0.836112
570 396 0.836112
570 402 0.836112
570 411 0.836112
622 497 0.836112
574 433 0.836112
582 478 0.836112
634 498 0.836112
622 495 0.836112
634 501 0.836112
622 494 0.836112
636 472 0.836112
529 389 0.836112
621 453 0.836112
570 440 0.836112
603 386 0.836112
634 511 0.836112
570 466 0.836112
523 401 0.836112
599 477 0.836112
566 384 0.836112
553 386 0.836112
515 469 0.836112
540 432 0.836112
590 459 0.836112
543 457 0.836112
540 437 0.836112
543 455 0.836112
540 443 0.836112
637 444 0.836112
598 449 0.836112
543 453 0.836112
562 399 0.836112
540 473 0.836112
520 475 0.836112
590 452 0.836112
562 396 0.836112
575 492 0.836112
590 472 0.836112
598 441 0.836112
540 490 0.836112
625 416 0.836112
608 425 0.836112
619 408 0.836112
540 507 0.836112
543 436 0.836112
619 442 0.836112
625 483 0.836112
631 385 0.836112
559 510 0.836112
581 442 0.836112
559 473 0.836112
543 470 0.836112
637 432 0.836112
539 475 0.836112
562 482 0.836112
597 422 0.836112
544 429 0.836112
521 387 0.836112
618 429 0.836112
608 410 0.836112
559 402 0.836112
591 465 0.836112
590 435 0.836112
620 506 0.836112
630 490 0.836112
544 394 0.836112
590 439 0.836112
597 439 0.836112
514 491 0.836112
613 481 0.836112
637 430 0.836112
542 445 0.836112
598 479 0.836112
540 400 0.836112
515 481 0.836112
540 402 0.836112
543 499 0.836112
543 495 0.836112
620 434 0.836112
578 457 0.836112
562 442 0.836112
616 479 0.836112
608 460 0.836112
631 501 0.836112
560 391 0.836112
597 468 0.836112
591 399 0.836112
611 405 0.836112
560 450 0.836112
515 419 0.836112
561 397 0.836112
613 509 0.836112
542 395 0.836112
520 424 0.836112
584 425 0.836112
618 499 0.836112
560 464 0.836112
515 437 0.836112
614 386 0.836112
520 436 0.836112
515 436 0.836112
637 465 0.836112
597 510 0.836112
583 408 0.836112
578 422 0.836112
560 473 0.836112
637 459 0.836112
631 421 0.836112
637 461 0.836112
542 435 0.836112
560 475 0.836112
591 388 0.836112
606 423 0.836112
583 407 0.836112
625 461 0.836112
515 411 0.836112
578 431 0.836112
561 422 0.836112
541 412 0.836112
543 413 0.836112
608 427 0.836112
541 416 0.836112
560 406 0.836112
606 408 0.836112
598 419 0.836112
515 454 0.836112
598 416 0.836112
560 415 0.836112
560 418 0.836112
541 432 0.836112
543 388 0.836112
543 385 0.836112
561 449 0.836112
541 450 0.836112
541 453 0.836112
618 427 0.836112
561 437 0.836112
542 500 0.836112
619 412 0.836112
537 464 0.836112
542 497 0.836112
631 445 0.836112
575 484 0.836112
631 443 0.836112
625 443 0.836112
560 438 0.836112
561 423 0.836112
625 478 0.836112
519 472 0.836112
597 440 0.836112
599 419 0.836112
538 448 0.836112
613 455 0.836112
558 435 0.836112
626 416 0.836112
606 474 0.836112
521 413 0.836112
614 425 0.836112
563 502 0.836112
599 429 0.836112
545 416 0.836112
590 420 0.836112
558 449 0.836112
590 394 0.836112
575 418 0.836112
563 475 0.836112
538 496 0.836112
545 407 0.836112
558 456 0.836112
624 481 0.836112
613 461 0.836112
638 477 0.836112
613 463 0.836112
613 464 0.836112
610 407 0.836112
545 393 0.836112
563 456 0.836112
514 466 0.836112
577 497 0.836112
591 492 0.836112
632 421 0.836112
578 491 0.836112
584 399 0.836112
632 448 0.836112
537 484 0.836112
545 471 0.836112
537 491 0.836112
632 442 0.836112
624 454 0.836112
599 463 0.836112
564 444 0.836112
564 438 0.836112
564 435 0.836112
537 510 0.836112
564 432 0.836112
606 478 0.836112
599 456 0.836112
564 429 0.836112
545 445 0.836112
538 404 0.836112
589 497 0.836112
564 415 0.836112
558 422 0.836112
558 424 0.836112
596 501 0.836112
582 420 0.836112
624 465 0.836112
538 426 0.836112
619 405 0.836112
589 509 0.836112
578 478 0.836112
520 410 0.836112
519 468 0.836112
630 472 0.836112
591 491 0.836112
539 452 0.836112
599 387 0.836112
637 493 0.836112
539 410 0.836112
558 472 0.836112
575 432 0.836112
558 496 0.836112
632 395 0.836112
608 477 0.836112
544 467 0.836112
591 484 0.836112
539 427 0.836112
563 402 0.836112
598 511 0.836112
539 435 0.836112
583 384 0.836112
622 504 0.870950
587 458 0.870950
572 428 0.870950
560 444 0.870950
559 397 0.870950
572 425 0.870950
608 401 0.870950
617 492 0.870950
618 395 0.870950
554 396 0.870950
557 475 0.870950
587 445 0.870950
618 392 0.870950
560 434 0.870950
553 460 0.870950
573 483 0.870950
557 506 0.870950
585 420 0.870950
560 478 0.870950
573 487 0.870950
570 479 0.870950
572 412 0.870950
627 452 0.870950
558 429 0.870950
591 405 0.870950
560 426 0.870950
609 449 0.870950
586 431 0.870950
572 446 0.870950
609 491 0.870950
570 436 0.870950
626 395 0.870950
557 427 0.870950
621 472 0.870950
586 486 0.870950
558 398 0.870950
572 439 0.870950
639 495 0.870950
557 483 0.870950
516 429 0.870950
570 415 0.870950
573 461 0.870950
621 469 0.870950
512 389 0.870950
560 456 0.870950
591 472 0.870950
586 405 0.870950
627 454 0.870950
558 394 0.870950
570 387 0.870950
570 423 0.870950
586 481 0.870950
626 426 0.870950
560 453 0.870950
553 403 0.870950
572 459 0.870950
517 426 0.870950
576 397 0.870950
585 430 0.870950
591 398 0.870950
512 449 0.870950
591 406 0.870950
574 386 0.870950
512 411 0.870950
573 389 0.870950
557 466 0.870950
571 431 0.870950
615 458 0.870950
627 468 0.870950
558 462 0.870950
553 473 0.870950
622 449 0.870950
609 476 0.870950
575 502 0.870950
586 474 0.870950
571 415 0.870950
571 492 0.870950
609 502 0.870950
592 411 0.870950
621 500 0.870950
587 402 0.870950
559 466 0.870950
571 453 0.870950
608 405 0.870950
616 443 0.870950
553 486 0.870950
574 413 0.870950
517 416 0.870950
591 432 0.870950
559 454 0.870950
559 480 0.870950
627 470 0.870950
572 504 0.870950
586 464 0.870950
586 465 0.870950
622 392 0.870950
617 506 0.870950
626 405 0.870950
516 390 0.870950
591 487 0.870950
572 402 0.870950
582 511 0.870950
570 501 0.870950
586 441 0.870950
586 499 0.870950
587 434 0.870950
558 489 0.870950
557 502 0.870950
627 463 0.870950
620 507 0.870950
558 492 0.870950
591 437 0.870950
625 475 0.870950
621 488 0.870950
573 419 0.870950
512 434 0.870950
591 454 0.870950
553 425 0.870950
609 462 0.870950
517 429 0.870950
639 504 0.870950
627 496 0.870950
622 459 0.870950
593 493 0.870950
571 397 0.870950
558 443 0.870950
571 389 0.870950
553 502 0.870950
558 484 0.870950
557 449 0.870950
622 454 0.870950
586 479 0.870950
564 459 0.870950
616 397 0.870950
639 441 0.870950
624 505 0.870950
566 446 0.870950
563 395 0.870950
555 447 0.870950
623 511 0.870950
626 494 0.870950
610 395 0.870950
589 406 0.870950
563 426 0.870950
627 401 0.870950
513 489 0.870950
638 455 0.870950
566 401 0.870950
555 453 0.870950
563 433 0.870950
563 437 0.870950
639 437 0.870950
566 386 0.870950
558 393 0.870950
624 405 0.870950
565 504 0.870950
617 419 0.870950
566 451 0.870950
565 501 0.870950
566 453 0.870950
574 498 0.870950
616 384 0.870950
623 496 0.870950
581 495 0.870950
608 473 0.870950
576 436 0.870950
618 434 0.870950
639 445 0.870950
615 489 0.870950
562 472 0.870950
513 466 0.870950
639 444 0.870950
562 474 0.870950
610 460 0.870950
562 475 0.870950
624 511 0.870950
566 479 0.870950
566 472 0.870950
585 452 0.870950
615 511 0.870950
562 489 0.870950
623 506 0.870950
555 439 0.870950
562 500 0.870950
609 396 0.870950
563 439 0.870950
575 424 0.870950
516 455 0.870950
582 494 0.870950
624 431 0.870950
608 490 0.870950
592 490 0.870950
626 504 0.870950
589 498 0.870950
564 423 0.870950
564 426 0.870950
639 420 0.870950
514 428 0.870950
575 405 0.870950
564 504 0.870950
620 493 0.870950
638 447 0.870950
617 402 0.870950
589 469 0.870950
514 416 0.870950
564 479 0.870950
589 474 0.870950
556 390 0.870950
585 390 0.870950
589 476 0.870950
564 458 0.870950
589 499 0.870950
608 487 0.870950
564 394 0.870950
624 424 0.870950
575 422 0.870950
555 468 0.870950
565 491 0.870950
513 498 0.870950
514 465 0.870950
589 427 0.870950
565 475 0.870950
555 475 0.870950
556 429 0.870950
624 479 0.870950
556 425 0.870950
609 403 0.870950
555 479 0.870950
624 473 0.870950
589 437 0.870950
555 481 0.870950
514 456 0.870950
565 445 0.870950
639 424 0.870950
610 458 0.870950
514 453 0.870950
516 475 0.870950
590 386 0.870950
555 494 0.870950
514 457 0.870950
562 450 0.870950
607 478 0.870950
588 506 0.870950
574 462 0.870950
593 426 0.870950
621 396 0.870950
554 465 0.870950
617 466 0.870950
568 486 0.870950
554 469 0.870950
561 435 0.870950
582 406 0.870950
592 448 0.870950
623 431 0.870950
515 401 0.870950
561 459 0.870950
556 511 0.870950
554 480 0.870950
619 384 0.870950
568 458 0.870950
568 456 0.870950
623 436 0.870950
609 432 0.870950
582 409 0.870950
568 441 0.870950
561 474 0.870950
590 497 0.870950
619 391 0.870950
561 420 0.870950
569 405 0.870950
617 482 0.870950
515 429 0.870950
623 400 0.870950
560 493 0.870950
554 427 0.870950
560 502 0.870950
590 510 0.870950
575 478 0.870950
557 410 0.870950
516 432 0.870950
569 459 0.870950
568 437 0.870950
569 456 0.870950
639 459 0.870950
560 511 0.870950
588 388 0.870950
585 432 0.870950
592 445 0.870950
610 468 0.870950
513 384 0.870950
582 504 0.870950
557 398 0.870950
619 409 0.870950
618 428 0.870950
621 450 0.870950
627 451 0.870950
513 418 0.870950
590 480 0.870950
513 439 0.870950
588 489 0.870950
562 432 0.870950
567 443 0.870950
593 405 0.870950
593 404 0.870950
593 403 0.870950
516 445 0.870950
562 437 0.870950
562 438 0.870950
592 465 0.870950
623 479 0.870950
616 388 0.870950
585 449 0.870950
623 483 0.870950
556 461 0.870950
593 400 0.870950
513 452 0.870950
562 447 0.870950
620 497 0.870950
556 455 0.870950
616 482 0.870950
609 404 0.870950
615 486 0.870950
516 501 0.870950
585 447 0.870950
588 484 0.870950
576 462 0.870950
568 422 0.870950
585 442 0.870950
584 511 0.870950
621 434 0.870950
561 489 0.870950
582 441 0.870950
561 492 0.870950
639 396 0.870950
561 499 0.870950
610 385 0.870950
588 437 0.870950
516 440 0.870950
554 510 0.870950
592 463 0.870950
555 384 0.870950
615 482 0.870950
588 460 0.870950
556 473 0.870950
618 421 0.870950
574 484 0.870950
514 500 0.870950
588 481 0.870950
590 460 0.870950
575 453 0.870950
585 435 0.870950
609 496 0.870950
620 477 0.870950
523 431 0.870950
523 430 0.870950
578 406 0.870950
543 451 0.870950
528 462 0.870950
528 471 0.870950
597 458 0.870950
603 403 0.870950
543 442 0.870950
611 398 0.870950
597 467 0.870950
606 435 0.870950
543 418 0.870950
635 393 0.870950
528 482 0.870950
597 469 0.870950
631 392 0.870950
619 444 0.870950
583 471 0.870950
543 403 0.870950
520 386 0.870950
603 410 0.870950
543 398 0.870950
581 443 0.870950
543 474 0.870950
528 400 0.870950
528 402 0.870950
528 405 0.870950
611 390 0.870950
544 409 0.870950
544 408 0.870950
544 406 0.870950
611 392 0.870950
528 418 0.870950
614 407 0.870950
597 441 0.870950
523 438 0.870950
543 504 0.870950
543 500 0.870950
635 402 0.870950
578 399 0.870950
637 483 0.870950
580 408 0.870950
528 443 0.870950
630 497 0.870950
543 475 0.870950
597 451 0.870950
544 426 0.870950
619 479 0.870950
603 391 0.870950
542 389 0.870950
631 435 0.870950
541 507 0.870950
602 504 0.870950
541 498 0.870950
523 415 0.870950
529 421 0.870950
523 409 0.870950
520 446 0.870950
520 447 0.870950
529 439 0.870950
580 393 0.870950
541 445 0.870950
612 411 0.870950
578 441 0.870950
620 420 0.870950
602 491 0.870950
598 422 0.870950
602 488 0.870950
541 418 0.870950
541 417 0.870950
578 425 0.870950
603 394 0.870950
631 431 0.870950
529 394 0.870950
542 505 0.870950
528 499 0.870950
611 401 0.870950
597 482 0.870950
520 393 0.870950
542 479 0.870950
528 500 0.870950
597 491 0.870950
542 471 0.870950
581 436 0.870950
520 406 0.870950
637 464 0.870950
528 510 0.870950
614 388 0.870950
634 507 0.870950
631 417 0.870950
529 387 0.870950
542 428 0.870950
578 420 0.870950
631 420 0.870950
597 506 0.870950
542 416 0.870950
637 489 0.870950
544 428 0.870950
519 474 0.870950
606 498 0.870950
635 458 0.870950
547 417 0.870950
614 459 0.870950
583 454 0.870950
636 460 0.870950
547 396 0.870950
636 461 0.870950
518 505 0.870950
577 472 0.870950
546 489 0.870950
546 488 0.870950
546 482 0.870950
580 434 0.870950
546 459 0.870950
635 449 0.870950
546 453 0.870950
596 454 0.870950
546 448 0.870950
581 458 0.870950
546 444 0.870950
629 494 0.870950
546 433 0.870950
596 422 0.870950
611 494 0.870950
523 489 0.870950
577 452 0.870950
548 404 0.870950
629 453 0.870950
548 389 0.870950
547 507 0.870950
620 454 0.870950
614 472 0.870950
547 475 0.870950
605 408 0.870950
635 478 0.870950
614 468 0.870950
605 409 0.870950
547 459 0.870950
518 480 0.870950
629 482 0.870950
606 500 0.870950
614 463 0.870950
580 442 0.870950
518 488 0.870950
605 412 0.870950
635 462 0.870950
596 469 0.870950
546 419 0.870950
546 415 0.870950
614 426 0.870950
603 447 0.870950
583 404 0.870950
545 408 0.870950
527 478 0.870950
618 454 0.870950
635 428 0.870950
603 442 0.870950
620 441 0.870950
597 395 0.870950
630 456 0.870950
527 502 0.870950
544 498 0.870950
544 488 0.870950
544 480 0.870950
606 461 0.870950
577 511 0.870950
584 431 0.870950
597 412 0.870950
578 387 0.870950
630 481 0.870950
596 505 0.870950
527 453 0.870950
519 429 0.870950
545 443 0.870950
519 398 0.870950
519 401 0.870950
614 437 0.870950
637 502 0.870950
596 475 0.870950
583 403 0.870950
584 446 0.870950
583 465 0.870950
545 496 0.870950
584 444 0.870950
520 461 0.870950
545 488 0.870950
545 481 0.870950
584 441 0.870950
519 422 0.870950
577 494 0.870950
523 459 0.870950
583 466 0.870950
519 424 0.870950
596 497 0.870950
603 460 0.870950
630 439 0.870950
614 435 0.870950
520 463 0.870950
606 406 0.870950
541 399 0.870950
612 457 0.870950
536 429 0.870950
600 410 0.870950
532 395 0.870950
521 466 0.870950
633 385 0.870950
581 407 0.870950
536 402 0.870950
633 386 0.870950
613 415 0.870950
634 396 0.870950
584 388 0.870950
522 460 0.870950
613 411 0.870950
579 406 0.870950
634 388 0.870950
535 478 0.870950
532 430 0.870950
613 407 0.870950
613 406 0.870950
521 481 0.870950
536 433 0.870950
600 449 0.870950
532 385 0.870950
532 384 0.870950
632 443 0.870950
531 451 0.870950
537 467 0.870950
599 476 0.870950
537 450 0.870950
521 443 0.870950
531 464 0.870950
599 493 0.870950
578 505 0.870950
581 409 0.870950
579 474 0.870950
537 393 0.870950
537 387 0.870950
521 455 0.870950
602 404 0.870950
632 478 0.870950
531 486 0.870950
536 495 0.870950
531 490 0.870950
634 411 0.870950
531 510 0.870950
579 391 0.870950
633 400 0.870950
634 386 0.870950
535 436 0.870950
533 390 0.870950
533 391 0.870950
633 441 0.870950
534 404 0.870950
533 399 0.870950
534 400 0.870950
633 451 0.870950
533 403 0.870950
533 406 0.870950
522 415 0.870950
612 484 0.870950
605 457 0.870950
533 430 0.870950
601 418 0.870950
605 463 0.870950
612 490 0.870950
533 463 0.870950
619 499 0.870950
533 461 0.870950
637 385 0.870950
601 430 0.870950
633 437 0.870950
533 388 0.870950
534 437 0.870950
637 395 0.870950
605 442 0.870950
532 441 0.870950
601 496 0.870950
535 434 0.870950
532 443 0.870950
581 395 0.870950
522 443 0.870950
619 509 0.870950
611 423 0.870950
579 422 0.870950
599 464 0.870950
579 460 0.870950
601 470 0.870950
633 420 0.870950
534 501 0.870950
534 496 0.870950
613 384 0.870950
600 499 0.870950
534 483 0.870950
579 427 0.870950
534 473 0.870950
618 467 0.870950
633 412 0.870950
526 453 0.870950
521 432 0.870950
537 499 0.870950
598 472 0.870950
540 406 0.870950
606 389 0.870950
540 404 0.870950
520 509 0.870950
539 501 0.870950
598 495 0.870950
539 495 0.870950
598 498 0.870950
634 459 0.870950
598 499 0.870950
539 483 0.870950
523 389 0.870950
579 511 0.870950
539 472 0.870950
530 434 0.870950
579 505 0.870950
539 455 0.870950
613 471 0.870950
539 449 0.870950
599 388 0.870950
631 468 0.870950
530 457 0.870950
520 489 0.870950
529 493 0.870950
529 461 0.870950
520 467 0.870950
598 433 0.870950
602 484 0.870950
541 390 0.870950
578 445 0.870950
618 498 0.870950
602 482 0.870950
540 497 0.870950
581 424 0.870950
540 494 0.870950
631 461 0.870950
598 445 0.870950
529 482 0.870950
523 398 0.870950
613 486 0.870950
637 445 0.870950
540 460 0.870950
581 422 0.870950
637 439 0.870950
631 464 0.870950
540 444 0.870950
539 439 0.870950
632 390 0.870950
599 392 0.870950
538 467 0.870950
583 490 0.870950
538 462 0.870950
599 440 0.870950
538 421 0.870950
613 452 0.870950
578 493 0.870950
613 451 0.870950
521 422 0.870950
612 442 0.870950
538 412 0.870950
632 429 0.870950
599 451 0.870950
531 434 0.870950
605 498 0.870950
538 392 0.870950
531 437 0.870950
599 458 0.870950
521 430 0.870950
599 462 0.870950
632 437 0.870950
602 429 0.870950
605 504 0.870950
531 397 0.870950
599 418 0.870950
632 392 0.870950
530 467 0.870950
578 475 0.870950
620 406 0.870950
522 495 0.870950
539 409 0.870950
539 403 0.870950
619 425 0.870950
521 400 0.870950
539 396 0.870950
632 439 0.870950
530 497 0.870950
613 468 0.870950
578 481 0.870950
611 430 0.870950
522 488 0.870950
530 505 0.870950
605 505 0.870950
530 509 0.870950
522 487 0.870950
531 386 0.870950
632 411 0.870950
522 494 0.870950
526 446 0.870950
578 412 0.870950
522 406 0.870950
526 422 0.870950
551 401 0.870950
577 404 0.870950
635 499 0.870950
576 507 0.870950
550 391 0.870950
524 482 0.870950
636 398 0.870950
552 470 0.870950
595 398 0.870950
551 403 0.870950
618 442 0.870950
551 450 0.870950
518 433 0.870950
552 460 0.870950
518 443 0.870950
518 446 0.870950
594 425 0.870950
628 494 0.870950
594 492 0.870950
628 390 0.870950
524 434 0.870950
549 505 0.870950
524 425 0.870950
549 444 0.870950
595 480 0.870950
594 395 0.870950
548 480 0.870950
552 483 0.870950
550 452 0.870950
629 421 0.870950
604 451 0.870950
629 387 0.870950
635 502 0.870950
517 470 0.870950
524 466 0.870950
605 393 0.870950
628 493 0.870950
635 491 0.870950
552 456 0.870950
604 489 0.870950
595 474 0.870950
525 486 0.870950
628 491 0.870950
551 442 0.870950
552 440 0.870950
580 461 0.870950
524 385 0.870950
595 408 0.870950
604 507 0.870950
550 407 0.870950
525 484 0.870950
552 433 0.870950
524 428 0.870950
607 435 0.870950
526 401 0.870950
518 440 0.870950
517 461 0.870950
550 423 0.870950
583 395 0.870950
635 509 0.870950
552 442 0.870950
550 441 0.870950
549 390 0.870950
595 456 0.870950
552 449 0.870950
550 432 0.870950
526 396 0.870950
551 410 0.870950
584 479 0.870950
636 399 0.870950
551 412 0.870950
604 456 0.870950
594 484 0.870950
610 484 0.870950
526 397 0.870950
595 424 0.870950
549 392 0.870950
635 497 0.870950
525 390 0.870950
581 468 0.870950
552 417 0.870950
607 425 0.870950
594 500 0.870950
594 387 0.870950
610 497 0.870950
549 489 0.870950
550 490 0.870950
548 432 0.870950
614 489 0.870950
619 429 0.870950
548 457 0.870950
629 445 0.870950
594 433 0.870950
615 427 0.870950
550 483 0.870950
526 442 0.870950
635 505 0.870950
628 434 0.870950
525 452 0.870950
523 496 0.870950
518 386 0.870950
580 478 0.870950
580 482 0.870950
580 488 0.870950
549 469 0.870950
629 427 0.870950
611 475 0.870950
610 489 0.870950
615 428 0.870950
548 443 0.870950
629 434 0.870950
518 459 0.870950
577 391 0.870950
607 408 0.870950
526 427 0.870950
628 470 0.870950
552 384 0.870950
595 391 0.870950
595 418 0.870950
524 459 0.870950
548 466 0.870950
607 424 0.870950
583 436 0.870950
517 448 0.870950
580 458 0.870950
628 426 0.870950
524 452 0.870950
549 476 0.870950
615 412 0.870950
549 461 0.870950
551 494 0.870950
550 511 0.870950
517 449 0.870950
526 426 0.870950
551 445 0.905788
538 432 0.905788
554 401 0.905788
531 405 0.905788
563 409 0.905788
538 427 0.905788
579 480 0.905788
525 409 0.905788
619 490 0.905788
604 466 0.905788
599 390 0.905788
639 409 0.905788
538 450 0.905788
531 410 0.905788
551 440 0.905788
576 474 0.905788
588 392 0.905788
568 505 0.905788
634 452 0.905788
569 411 0.905788
563 425 0.905788
609 435 0.905788
539 428 0.905788
599 394 0.905788
514 445 0.905788
627 455 0.905788
530 476 0.905788
538 442 0.905788
539 411 0.905788
539 424 0.905788
581 385 0.905788
588 402 0.905788
521 416 0.905788
521 407 0.905788
620 470 0.905788
632 406 0.905788
530 510 0.905788
538 492 0.905788
521 394 0.905788
599 416 0.905788
632 415 0.905788
538 489 0.905788
634 433 0.905788
573 438 0.905788
517 410 0.905788
563 481 0.905788
616 504 0.905788
563 496 0.905788
569 390 0.905788
621 417 0.905788
554 387 0.905788
538 482 0.905788
522 486 0.905788
563 495 0.905788
616 502 0.905788
538 480 0.905788
584 400 0.905788
569 391 0.905788
538 454 0.905788
569 399 0.905788
583 417 0.905788
608 482 0.905788
616 500 0.905788
563 446 0.905788
575 425 0.905788
590 403 0.905788
632 400 0.905788
521 401 0.905788
538 457 0.905788
530 495 0.905788
513 389 0.905788
613 456 0.905788
569 400 0.905788
580 483 0.905788
624 470 0.905788
551 451 0.905788
605 507 0.905788
594 452 0.905788
623 419 0.905788
514 455 0.905788
581 384 0.905788
628 436 0.905788
599 400 0.905788
521 411 0.905788
538 510 0.905788
576 477 0.905788
632 407 0.905788
562 492 0.905788
638 435 0.905788
541 394 0.905788
525 445 0.905788
561 495 0.905788
561 497 0.905788
541 388 0.905788
575 458 0.905788
602 483 0.905788
580 487 0.905788
625 419 0.905788
540 501 0.905788
587 490 0.905788
619 424 0.905788
622 510 0.905788
540 495 0.905788
639 400 0.905788
607 409 0.905788
562 390 0.905788
618 436 0.905788
540 462 0.905788
610 410 0.905788
529 490 0.905788
580 469 0.905788
637 447 0.905788
611 409 0.905788
562 402 0.905788
613 488 0.905788
587 491 0.905788
628 448 0.905788
615 476 0.905788
540 484 0.905788
540 489 0.905788
576 469 0.905788
587 484 0.905788
590 479 0.905788
541 400 0.905788
639 389 0.905788
520 452 0.905788
618 410 0.905788
584 416 0.905788
529 450 0.905788
573 510 0.905788
621 400 0.905788
550 482 0.905788
593 423 0.905788
639 466 0.905788
575 466 0.905788
577 412 0.905788
541 456 0.905788
619 459 0.905788
529 447 0.905788
613 484 0.905788
515 398 0.905788
598 421 0.905788
594 502 0.905788
515 390 0.905788
631 452 0.905788
613 494 0.905788
554 462 0.905788
561 477 0.905788
512 404 0.905788
636 442 0.905788
583 411 0.905788
554 466 0.905788
598 425 0.905788
625 427 0.905788
625 428 0.905788
561 466 0.905788
554 464 0.905788
611 411 0.905788
554 441 0.905788
562 415 0.905788
590 423 0.905788
539 469 0.905788
615 416 0.905788
523 384 0.905788
521 391 0.905788
639 461 0.905788
620 410 0.905788
590 427 0.905788
539 480 0.905788
562 488 0.905788
525 413 0.905788
562 476 0.905788
530 390 0.905788
539 498 0.905788
523 385 0.905788
530 388 0.905788
587 510 0.905788
562 506 0.905788
551 423 0.905788
514 477 0.905788
585 497 0.905788
554 416 0.905788
569 435 0.905788
624 502 0.905788
631 504 0.905788
594 478 0.905788
602 452 0.905788
522 509 0.905788
608 475 0.905788
525 411 0.905788
613 477 0.905788
522 511 0.905788
598 510 0.905788
539 444 0.905788
521 385 0.905788
574 443 0.905788
598 475 0.905788
554 434 0.905788
562 436 0.905788
637 434 0.905788
620 417 0.905788
631 469 0.905788
514 493 0.905788
575 446 0.905788
540 433 0.905788
540 435 0.905788
583 435 0.905788
625 408 0.905788
613 483 0.905788
594 488 0.905788
598 466 0.905788
562 467 0.905788
631 476 0.905788
634 478 0.905788
607 412 0.905788
529 511 0.905788
623 403 0.905788
598 492 0.905788
578 461 0.905788
539 507 0.905788
551 402 0.905788
574 441 0.905788
616 484 0.905788
539 510 0.905788
631 482 0.905788
540 392 0.905788
611 435 0.905788
573 418 0.905788
551 407 0.905788
628 430 0.905788
537 486 0.905788
551 479 0.905788
535 397 0.905788
579 459 0.905788
568 385 0.905788
568 384 0.905788
600 482 0.905788
574 477 0.905788
636 506 0.905788
532 489 0.905788
535 386 0.905788
613 386 0.905788
579 425 0.905788
566 434 0.905788
534 507 0.905788
589 399 0.905788
609 393 0.905788
601 462 0.905788
522 428 0.905788
534 468 0.905788
589 395 0.905788
610 391 0.905788
553 418 0.905788
579 426 0.905788
517 451 0.905788
566 421 0.905788
619 495 0.905788
522 427 0.905788
532 499 0.905788
604 491 0.905788
534 500 0.905788
566 445 0.905788
524 465 0.905788
617 442 0.905788
535 399 0.905788
586 419 0.905788
600 473 0.905788
568 407 0.905788
639 436 0.905788
639 434 0.905788
532 432 0.905788
513 495 0.905788
633 397 0.905788
535 449 0.905788
584 501 0.905788
552 448 0.905788
565 498 0.905788
574 506 0.905788
522 452 0.905788
535 472 0.905788
535 475 0.905788
613 404 0.905788
623 504 0.905788
568 405 0.905788
535 441 0.905788
633 411 0.905788
566 411 0.905788
633 504 0.905788
594 408 0.905788
633 410 0.905788
607 450 0.905788
535 443 0.905788
605 472 0.905788
552 459 0.905788
566 398 0.905788
566 396 0.905788
628 400 0.905788
535 438 0.905788
535 439 0.905788
593 491 0.905788
534 462 0.905788
589 394 0.905788
567 488 0.905788
567 416 0.905788
633 461 0.905788
567 451 0.905788
513 450 0.905788
533 493 0.905788
522 394 0.905788
633 462 0.905788
593 500 0.905788
567 405 0.905788
567 456 0.905788
567 458 0.905788
588 487 0.905788
533 504 0.905788
588 483 0.905788
617 437 0.905788
618 399 0.905788
583 429 0.905788
533 474 0.905788
633 473 0.905788
581 399 0.905788
633 478 0.905788
533 456 0.905788
517 442 0.905788
609 412 0.905788
567 449 0.905788
593 504 0.905788
623 480 0.905788
633 469 0.905788
567 425 0.905788
533 432 0.905788
623 471 0.905788
627 502 0.905788
605 459 0.905788
585 480 0.905788
623 466 0.905788
633 452 0.905788
566 491 0.905788
617 426 0.905788
534 432 0.905788
588 472 0.905788
552 489 0.905788
534 440 0.905788
552 491 0.905788
621 431 0.905788
612 502 0.905788
612 505 0.905788
574 495 0.905788
566 477 0.905788
633 490 0.905788
600 510 0.905788
534 444 0.905788
534 386 0.905788
534 423 0.905788
534 417 0.905788
593 496 0.905788
588 505 0.905788
628 387 0.905788
588 478 0.905788
534 393 0.905788
567 472 0.905788
583 504 0.905788
581 403 0.905788
620 476 0.905788
552 493 0.905788
612 494 0.905788
573 482 0.905788
579 435 0.905788
533 394 0.905788
609 423 0.905788
611 459 0.905788
628 402 0.905788
634 392 0.905788
564 486 0.905788
588 417 0.905788
599 494 0.905788
627 474 0.905788
531 465 0.905788
537 429 0.905788
537 405 0.905788
594 429 0.905788
552 385 0.905788
537 435 0.905788
564 471 0.905788
608 493 0.905788
632 458 0.905788
585 473 0.905788
564 476 0.905788
537 463 0.905788
599 505 0.905788
577 390 0.905788
564 511 0.905788
552 400 0.905788
536 509 0.905788
575 394 0.905788
564 506 0.905788
613 436 0.905788
531 469 0.905788
537 385 0.905788
586 427 0.905788
564 499 0.905788
588 423 0.905788
537 390 0.905788
624 441 0.905788
624 443 0.905788
537 386 0.905788
531 488 0.905788
521 436 0.905788
553 484 0.905788
578 495 0.905788
564 428 0.905788
573 444 0.905788
617 386 0.905788
538 396 0.905788
564 422 0.905788
632 434 0.905788
564 421 0.905788
568 493 0.905788
514 434 0.905788
594 441 0.905788
551 481 0.905788
586 434 0.905788
627 465 0.905788
538 406 0.905788
636 411 0.905788
636 405 0.905788
531 439 0.905788
632 449 0.905788
564 455 0.905788
619 452 0.905788
607 429 0.905788
616 467 0.905788
604 478 0.905788
577 392 0.905788
624 456 0.905788
553 489 0.905788
615 457 0.905788
564 443 0.905788
537 504 0.905788
605 494 0.905788
537 506 0.905788
537 496 0.905788
637 417 0.905788
632 479 0.905788
578 511 0.905788
565 457 0.905788
605 478 0.905788
588 438 0.905788
553 453 0.905788
634 402 0.905788
600 415 0.905788
536 396 0.905788
568 434 0.905788
517 425 0.905788
617 460 0.905788
600 411 0.905788
579 470 0.905788
552 421 0.905788
565 434 0.905788
624 423 0.905788
521 463 0.905788
536 392 0.905788
513 506 0.905788
535 481 0.905788
565 482 0.905788
604 484 0.905788
553 448 0.905788
600 435 0.905788
589 429 0.905788
536 386 0.905788
522 461 0.905788
589 430 0.905788
589 431 0.905788
612 461 0.905788
600 431 0.905788
637 402 0.905788
636 418 0.905788
639 432 0.905788
536 502 0.905788
536 432 0.905788
575 388 0.905788
536 466 0.905788
602 397 0.905788
568 455 0.905788
636 493 0.905788
579 387 0.905788
565 399 0.905788
536 465 0.905788
565 397 0.905788
536 490 0.905788
536 494 0.905788
552 405 0.905788
565 392 0.905788
565 391 0.905788
536 496 0.905788
610 486 0.905788
573 458 0.905788
589 449 0.905788
609 492 0.905788
565 427 0.905788
536 438 0.905788
632 502 0.905788
624 427 0.905788
579 395 0.905788
588 425 0.905788
582 487 0.905788
617 413 0.905788
575 390 0.905788
553 462 0.905788
514 393 0.905788
573 456 0.905788
521 459 0.905788
531 511 0.905788
602 393 0.905788
612 408 0.905788
629 444 0.905788
569 510 0.905788
525 496 0.905788
574 416 0.905788
559 407 0.905788
626 385 0.905788
596 439 0.905788
557 417 0.905788
635 404 0.905788
619 416 0.905788
619 434 0.905788
544 399 0.905788
617 498 0.905788
638 461 0.905788
544 397 0.905788
523 440 0.905788
611 440 0.905788
572 491 0.905788
559 425 0.905788
528 420 0.905788
597 437 0.905788
606 446 0.905788
592 439 0.905788
616 393 0.905788
543 507 0.905788
546 506 0.905788
591 449 0.905788
512 443 0.905788
628 504 0.905788
518 509 0.905788
626 388 0.905788
638 464 0.905788
577 476 0.905788
544 446 0.905788
571 420 0.905788
591 481 0.905788
619 477 0.905788
580 415 0.905788
616 431 0.905788
544 438 0.905788
608 408 0.905788
621 510 0.905788
622 450 0.905788
610 439 0.905788
546 475 0.905788
630 387 0.905788
528 397 0.905788
544 430 0.905788
580 413 0.905788
620 466 0.905788
546 479 0.905788
604 407 0.905788
606 452 0.905788
577 474 0.905788
544 419 0.905788
526 415 0.905788
546 491 0.905788
591 473 0.905788
625 506 0.905788
559 438 0.905788
557 409 0.905788
638 494 0.905788
547 392 0.905788
610 495 0.905788
559 475 0.905788
528 449 0.905788
580 460 0.905788
528 451 0.905788
608 421 0.905788
618 457 0.905788
635 397 0.905788
585 423 0.905788
557 395 0.905788
528 447 0.905788
559 484 0.905788
611 473 0.905788
608 422 0.905788
528 459 0.905788
547 395 0.905788
597 456 0.905788
547 401 0.905788
581 492 0.905788
607 497 0.905788
609 456 0.905788
606 443 0.905788
547 404 0.905788
627 418 0.905788
572 388 0.905788
546 457 0.905788
592 446 0.905788
547 391 0.905788
592 442 0.905788
580 505 0.905788
591 446 0.905788
559 443 0.905788
591 445 0.905788
603 415 0.905788
527 394 0.905788
591 443 0.905788
543 493 0.905788
555 504 0.905788
518 415 0.905788
638 399 0.905788
637 481 0.905788
608 418 0.905788
559 456 0.905788
512 442 0.905788
547 387 0.905788
572 385 0.905788
581 494 0.905788
591 438 0.905788
527 388 0.905788
519 495 0.905788
575 499 0.905788
559 463 0.905788
543 478 0.905788
597 449 0.905788
543 486 0.905788
628 490 0.905788
587 418 0.905788
558 494 0.905788
545 473 0.905788
527 436 0.905788
580 502 0.905788
595 462 0.905788
611 509 0.905788
603 471 0.905788
587 394 0.905788
526 408 0.905788
558 403 0.905788
558 405 0.905788
549 421 0.905788
549 422 0.905788
516 399 0.905788
630 435 0.905788
523 458 0.905788
557 474 0.905788
571 461 0.905788
577 484 0.905788
549 429 0.905788
626 445 0.905788
527 421 0.905788
629 410 0.905788
557 467 0.905788
630 441 0.905788
516 393 0.905788
545 477 0.905788
581 453 0.905788
555 471 0.905788
616 409 0.905788
545 509 0.905788
585 409 0.905788
557 494 0.905788
546 391 0.905788
519 406 0.905788
635 494 0.905788
571 483 0.905788
596 482 0.905788
526 407 0.905788
595 473 0.905788
516 409 0.905788
516 408 0.905788
616 420 0.905788
639 481 0.905788
546 402 0.905788
593 385 0.905788
516 404 0.905788
622 426 0.905788
619 475 0.905788
592 399 0.905788
627 397 0.905788
596 488 0.905788
555 472 0.905788
516 413 0.905788
617 504 0.905788
558 389 0.905788
519 413 0.905788
626 420 0.905788
545 436 0.905788
571 491 0.905788
544 511 0.905788
626 453 0.905788
608 392 0.905788
630 452 0.905788
572 455 0.905788
618 455 0.905788
526 411 0.905788
607 482 0.905788
558 473 0.905788
611 387 0.905788
549 387 0.905788
558 476 0.905788
546 443 0.905788
606 491 0.905788
584 478 0.905788
544 494 0.905788
557 444 0.905788
544 492 0.905788
549 385 0.905788
525 509 0.905788
549 467 0.905788
604 413 0.905788
572 480 0.905788
596 451 0.905788
597 415 0.905788
512 455 0.905788
527 506 0.905788
619 419 0.905788
577 478 0.905788
576 416 0.905788
545 429 0.905788
546 429 0.905788
576 413 0.905788
557 461 0.905788
558 437 0.905788
591 504 0.905788
545 419 0.905788
618 443 0.905788
571 444 0.905788
591 501 0.905788
527 468 0.905788
584 435 0.905788
614 416 0.905788
545 410 0.905788
630 407 0.905788
572 472 0.905788
596 461 0.905788
630 403 0.905788
572 474 0.905788
621 457 0.905788
512 451 0.905788
526 384 0.905788
606 470 0.905788
630 447 0.905788
527 489 0.905788
571 434 0.905788
558 448 0.905788
515 464 0.905788
597 453 0.905788
610 430 0.905788
622 488 0.905788
618 409 0.905788
547 484 0.905788
523 423 0.905788
547 490 0.905788
515 431 0.905788
542 442 0.905788
525 459 0.905788
629 468 0.905788
631 415 0.905788
520 412 0.905788
616 463 0.905788
615 480 0.905788
516 447 0.905788
547 493 0.905788
602 510 0.905788
614 475 0.905788
631 418 0.905788
629 460 0.905788
542 429 0.905788
629 458 0.905788
550 454 0.905788
573 391 0.905788
595 392 0.905788
584 458 0.905788
529 393 0.905788
517 385 0.905788
607 470 0.905788
542 449 0.905788
520 408 0.905788
542 475 0.905788
526 472 0.905788
576 433 0.905788
523 425 0.905788
523 424 0.905788
584 454 0.905788
596 401 0.905788
622 480 0.905788
542 468 0.905788
629 433 0.905788
556 456 0.905788
570 449 0.905788
560 476 0.905788
591 417 0.905788
584 423 0.905788
528 507 0.905788
526 435 0.905788
637 467 0.905788
515 435 0.905788
526 464 0.905788
609 454 0.905788
591 391 0.905788
583 472 0.905788
547 481 0.905788
614 390 0.905788
638 507 0.905788
525 467 0.905788
605 394 0.905788
611 449 0.905788
548 387 0.905788
550 470 0.905788
541 497 0.905788
570 417 0.905788
541 495 0.905788
556 420 0.905788
541 486 0.905788
595 500 0.905788
548 413 0.905788
541 483 0.905788
605 407 0.905788
529 420 0.905788
554 478 0.905788
634 499 0.905788
523 410 0.905788
610 420 0.905788
610 419 0.905788
541 475 0.905788
631 441 0.905788
622 499 0.905788
561 429 0.905788
572 432 0.905788
541 465 0.905788
581 464 0.905788
541 462 0.905788
548 424 0.905788
561 433 0.905788
570 409 0.905788
526 459 0.905788
584 421 0.905788
529 407 0.905788
610 452 0.905788
512 428 0.905788
610 424 0.905788
631 432 0.905788
614 477 0.905788
542 402 0.905788
625 447 0.905788
542 398 0.905788
581 430 0.905788
590 509 0.905788
618 405 0.905788
570 428 0.905788
556 421 0.905788
561 392 0.905788
570 425 0.905788
548 402 0.905788
529 399 0.905788
561 396 0.905788
586 400 0.905788
575 475 0.905788
520 428 0.905788
620 425 0.905788
570 422 0.905788
548 408 0.905788
561 406 0.905788
572 429 0.905788
529 396 0.905788
619 447 0.905788
595 468 0.905788
622 406 0.905788
555 397 0.905788
547 436 0.905788
556 501 0.905788
576 459 0.905788
556 502 0.905788
597 475 0.905788
607 473 0.905788
585 426 0.905788
629 428 0.905788
515 452 0.905788
605 410 0.905788
631 386 0.905788
611 488 0.905788
547 445 0.905788
525 471 0.905788
635 474 0.905788
583 451 0.905788
570 465 0.905788
515 461 0.905788
542 502 0.905788
526 483 0.905788
596 415 0.905788
629 493 0.905788
583 453 0.905788
518 451 0.905788
592 455 0.905788
603 402 0.905788
543 410 0.905788
525 483 0.905788
572 399 0.905788
543 407 0.905788
528 477 0.905788
638 456 0.905788
533 439 0.905788
592 452 0.905788
627 385 0.905788
637 472 0.905788
528 475 0.905788
604 428 0.905788
585 427 0.905788
625 476 0.905788
550 420 0.905788
572 500 0.905788
556 387 0.905788
550 416 0.905788
512 475 0.905788
548 463 0.905788
597 479 0.905788
597 486 0.905788
616 391 0.905788
570 461 0.905788
611 402 0.905788
560 428 0.905788
560 441 0.905788
586 504 0.905788
587 447 0.905788
547 412 0.905788
527 384 0.905788
615 390 0.905788
616 455 0.905788
638 386 0.905788
582 458 0.905788
547 454 0.905788
542 486 0.905788
560 436 0.905788
617 493 0.905788
625 482 0.905788
518 399 0.905788
542 490 0.905788
543 430 0.905788
543 425 0.905788
626 471 0.905788
604 431 0.905788
582 510 0.905788
581 500 0.905788
523 464 0.940626
523 474 0.940626
523 473 0.940626
522 420 0.940626
619 496 0.940626
574 404 0.940626
609 428 0.940626
634 398 0.940626
586 501 0.940626
618 400 0.940626
532 498 0.940626
604 391 0.940626
512 388 0.940626
619 456 0.940626
572 447 0.940626
583 447 0.940626
526 444 0.940626
605 452 0.940626
571 487 0.940626
581 398 0.940626
513 432 0.940626
526 454 0.940626
609 467 0.940626
533 434 0.940626
586 396 0.940626
582 477 0.940626
533 384 0.940626
609 417 0.940626
583 444 0.940626
622 393 0.940626
601 509 0.940626
527 427 0.940626
588 468 0.940626
621 476 0.940626
567 471 0.940626
604 408 0.940626
636 454 0.940626
571 506 0.940626
611 422 0.940626
622 394 0.940626
533 419 0.940626
582 469 0.940626
533 400 0.940626
588 482 0.940626
611 505 0.940626
636 450 0.940626
601 444 0.940626
526 469 0.940626
618 407 0.940626
601 492 0.940626
572 415 0.940626
611 499 0.940626
580 500 0.940626
603 481 0.940626
611 501 0.940626
522 417 0.940626
586 420 0.940626
633 500 0.940626
567 474 0.940626
532 458 0.940626
532 464 0.940626
526 431 0.940626
586 408 0.940626
634 385 0.940626
567 504 0.940626
610 384 0.940626
571 507 0.940626
619 474 0.940626
572 445 0.940626
621 475 0.940626
621 432 0.940626
527 417 0.940626
617 453 0.940626
623 462 0.940626
636 433 0.940626
571 511 0.940626
524 469 0.940626
526 428 0.940626
635 456 0.940626
636 429 0.940626
622 420 0.940626
582 471 0.940626
609 419 0.940626
621 458 0.940626
621 428 0.940626
512 423 0.940626
573 468 0.940626
617 452 0.940626
636 457 0.940626
604 494 0.940626
582 440 0.940626
513 435 0.940626
585 490 0.940626
580 501 0.940626
523 507 0.940626
588 471 0.940626
573 511 0.940626
527 428 0.940626
587 443 0.940626
609 444 0.940626
579 510 0.940626
585 510 0.940626
636 385 0.940626
570 474 0.940626
570 473 0.940626
530 427 0.940626
622 471 0.940626
602 461 0.940626
611 471 0.940626
617 476 0.940626
570 468 0.940626
586 445 0.940626
580 401 0.940626
530 407 0.940626
634 470 0.940626
524 399 0.940626
530 396 0.940626
634 471 0.940626
604 455 0.940626
617 477 0.940626
634 477 0.940626
569 475 0.940626
586 459 0.940626
622 470 0.940626
512 500 0.940626
569 445 0.940626
579 507 0.940626
634 447 0.940626
524 417 0.940626
602 438 0.940626
525 402 0.940626
528 463 0.940626
569 419 0.940626
528 468 0.940626
574 453 0.940626
522 502 0.940626
530 463 0.940626
530 461 0.940626
604 461 0.940626
569 427 0.940626
525 408 0.940626
570 488 0.940626
522 506 0.940626
528 473 0.940626
569 430 0.940626
602 450 0.940626
569 432 0.940626
587 440 0.940626
602 451 0.940626
530 450 0.940626
636 476 0.940626
582 468 0.940626
574 450 0.940626
574 425 0.940626
587 498 0.940626
622 478 0.940626
605 424 0.940626
570 431 0.940626
587 469 0.940626
611 468 0.940626
636 441 0.940626
621 451 0.940626
621 489 0.940626
574 437 0.940626
529 400 0.940626
586 453 0.940626
523 419 0.940626
525 454 0.940626
580 464 0.940626
602 490 0.940626
587 475 0.940626
574 436 0.940626
622 506 0.940626
570 391 0.940626
605 423 0.940626
523 406 0.940626
587 476 0.940626
529 437 0.940626
580 394 0.940626
523 408 0.940626
525 450 0.940626
587 489 0.940626
587 464 0.940626
525 432 0.940626
529 392 0.940626
587 448 0.940626
529 505 0.940626
529 504 0.940626
621 498 0.940626
612 414 0.940626
619 482 0.940626
587 497 0.940626
512 478 0.940626
512 481 0.940626
512 497 0.940626
528 505 0.940626
528 506 0.940626
602 437 0.940626
529 494 0.940626
529 492 0.940626
609 453 0.940626
634 481 0.940626
529 486 0.940626
525 462 0.940626
525 430 0.940626
602 477 0.940626
512 496 0.940626
602 479 0.940626
612 413 0.940626
609 481 0.940626
529 388 0.940626
604 453 0.940626
582 488 0.940626
574 421 0.940626
639 453 0.940626
524 427 0.940626
527 459 0.940626
571 449 0.940626
587 411 0.940626
586 426 0.940626
527 467 0.940626
635 500 0.940626
612 448 0.940626
531 481 0.940626
572 473 0.940626
527 488 0.940626
580 418 0.940626
622 445 0.940626
523 449 0.940626
531 463 0.940626
618 486 0.940626
602 410 0.940626
531 460 0.940626
619 491 0.940626
636 435 0.940626
513 406 0.940626
634 420 0.940626
602 412 0.940626
574 463 0.940626
618 408 0.940626
523 456 0.940626
572 477 0.940626
527 455 0.940626
622 386 0.940626
532 402 0.940626
526 404 0.940626
623 443 0.940626
617 457 0.940626
532 399 0.940626
587 391 0.940626
617 459 0.940626
532 396 0.940626
585 491 0.940626
523 463 0.940626
571 473 0.940626
568 443 0.940626
639 478 0.940626
586 423 0.940626
617 463 0.940626
586 388 0.940626
527 445 0.940626
612 452 0.940626
574 408 0.940626
527 450 0.940626
526 391 0.940626
531 492 0.940626
527 451 0.940626
587 403 0.940626
512 450 0.940626
623 433 0.940626
612 397 0.940626
513 403 0.940626
635 416 0.940626
580 412 0.940626
571 398 0.940626
586 471 0.940626
571 392 0.940626
588 403 0.940626
609 457 0.940626
571 390 0.940626
528 424 0.940626
634 437 0.940626
604 473 0.940626
528 432 0.940626
524 504 0.940626
525 493 0.940626
604 421 0.940626
528 444 0.940626
574 456 0.940626
604 472 0.940626
513 390 0.940626
524 506 0.940626
604 467 0.940626
605 395 0.940626
523 434 0.940626
528 448 0.940626
530 493 0.940626
570 500 0.940626
528 410 0.940626
621 486 0.940626
571 403 0.940626
531 409 0.940626
635 415 0.940626
522 473 0.940626
623 426 0.940626
571 422 0.940626
621 494 0.940626
582 483 0.940626
524 497 0.940626
531 436 0.940626
603 428 0.940626
528 393 0.940626
528 394 0.940626
531 433 0.940626
611 461 0.940626
531 428 0.940626
586 473 0.940626
639 473 0.940626
531 424 0.940626
568 496 0.940626
512 418 0.940626
617 500 0.940626
524 500 0.940626
525 497 0.940626
602 422 0.940626
579 482 0.940626
619 458 0.940626
603 422 0.940626
571 411 0.940626
528 386 0.940626
599 398 0.940626
617 436 0.940626
581 451 0.940626
638 475 0.940626
558 413 0.940626
545 452 0.940626
545 460 0.940626
585 413 0.940626
545 461 0.940626
614 431 0.940626
585 412 0.940626
630 433 0.940626
610 447 0.940626
516 402 0.940626
558 395 0.940626
516 403 0.940626
558 387 0.940626
557 510 0.940626
519 415 0.940626
516 407 0.940626
592 405 0.940626
545 446 0.940626
545 442 0.940626
614 430 0.940626
545 439 0.940626
519 444 0.940626
626 411 0.940626
545 394 0.940626
616 426 0.940626
558 460 0.940626
591 497 0.940626
516 386 0.940626
597 390 0.940626
545 406 0.940626
637 501 0.940626
558 445 0.940626
614 423 0.940626
577 499 0.940626
545 424 0.940626
558 436 0.940626
519 431 0.940626
584 437 0.940626
585 415 0.940626
545 434 0.940626
626 423 0.940626
519 437 0.940626
577 507 0.940626
545 507 0.940626
592 412 0.940626
516 433 0.940626
557 400 0.940626
547 388 0.940626
557 394 0.940626
547 400 0.940626
626 467 0.940626
618 450 0.940626
557 386 0.940626
596 426 0.940626
620 450 0.940626
576 427 0.940626
547 425 0.940626
606 497 0.940626
629 496 0.940626
556 493 0.940626
592 456 0.940626
547 433 0.940626
585 399 0.940626
556 488 0.940626
583 400 0.940626
614 450 0.940626
614 448 0.940626
626 462 0.940626
608 398 0.940626
519 402 0.940626
557 479 0.940626
557 478 0.940626
519 394 0.940626
630 410 0.940626
630 409 0.940626
546 430 0.940626
638 467 0.940626
606 483 0.940626
557 442 0.940626
546 466 0.940626
546 473 0.940626
596 447 0.940626
616 401 0.940626
557 423 0.940626
518 510 0.940626
596 440 0.940626
557 418 0.940626
546 504 0.940626
557 440 0.940626
597 401 0.940626
544 500 0.940626
544 499 0.940626
543 404 0.940626
585 429 0.940626
560 404 0.940626
585 428 0.940626
543 409 0.940626
616 451 0.940626
638 501 0.940626
631 389 0.940626
606 433 0.940626
591 413 0.940626
519 503 0.940626
581 441 0.940626
578 408 0.940626
625 488 0.940626
616 450 0.940626
608 424 0.940626
578 407 0.940626
543 458 0.940626
575 495 0.940626
543 397 0.940626
631 395 0.940626
614 398 0.940626
543 390 0.940626
520 401 0.940626
542 467 0.940626
591 395 0.940626
621 389 0.940626
560 457 0.940626
542 470 0.940626
637 470 0.940626
560 452 0.940626
625 467 0.940626
543 459 0.940626
625 468 0.940626
520 396 0.940626
614 395 0.940626
584 426 0.940626
586 412 0.940626
542 504 0.940626
597 476 0.940626
560 422 0.940626
605 458 0.940626
606 431 0.940626
606 425 0.940626
559 487 0.940626
559 482 0.940626
559 478 0.940626
606 449 0.940626
544 413 0.940626
544 420 0.940626
559 395 0.940626
544 423 0.940626
515 498 0.940626
559 387 0.940626
544 433 0.940626
519 473 0.940626
559 411 0.940626
558 511 0.940626
630 480 0.940626
630 479 0.940626
630 471 0.940626
544 455 0.940626
544 457 0.940626
558 493 0.940626
637 490 0.940626
544 483 0.940626
606 465 0.940626
558 508 0.940626
592 460 0.940626
544 404 0.940626
559 418 0.940626
620 432 0.940626
559 476 0.940626
597 450 0.940626
625 501 0.940626
559 469 0.940626
620 510 0.940626
638 493 0.940626
630 496 0.940626
630 495 0.940626
610 442 0.940626
637 484 0.940626
620 437 0.940626
559 439 0.940626
543 506 0.940626
638 490 0.940626
544 391 0.940626
630 492 0.940626
591 460 0.940626
544 395 0.940626
608 415 0.940626
543 498 0.940626
631 412 0.940626
592 461 0.940626
516 442 0.940626
615 468 0.940626
517 403 0.940626
607 461 0.940626
551 411 0.940626
551 413 0.940626
517 492 0.940626
554 421 0.940626
615 420 0.940626
594 479 0.940626
594 477 0.940626
615 421 0.940626
577 405 0.940626
551 447 0.940626
554 404 0.940626
627 457 0.940626
551 448 0.940626
577 403 0.940626
594 462 0.940626
593 455 0.940626
517 401 0.940626
551 394 0.940626
594 494 0.940626
618 501 0.940626
554 492 0.940626
627 430 0.940626
554 487 0.940626
517 387 0.940626
595 386 0.940626
638 404 0.940626
628 465 0.940626
627 431 0.940626
517 509 0.940626
607 422 0.940626
550 479 0.940626
615 411 0.940626
607 407 0.940626
594 504 0.940626
615 478 0.940626
554 460 0.940626
594 501 0.940626
550 507 0.940626
554 453 0.940626
615 477 0.940626
554 471 0.940626
554 494 0.940626
594 454 0.940626
551 473 0.940626
576 509 0.940626
584 500 0.940626
594 407 0.940626
517 455 0.940626
594 404 0.940626
618 439 0.940626
610 481 0.940626
594 397 0.940626
607 449 0.940626
552 490 0.940626
552 492 0.940626
583 394 0.940626
593 498 0.940626
593 499 0.940626
594 384 0.940626
610 475 0.940626
607 438 0.940626
610 477 0.940626
610 478 0.940626
593 486 0.940626
615 454 0.940626
553 442 0.940626
627 483 0.940626
577 396 0.940626
551 480 0.940626
551 498 0.940626
594 436 0.940626
577 393 0.940626
551 509 0.940626
615 456 0.940626
552 387 0.940626
577 388 0.940626
638 433 0.940626
584 489 0.940626
552 410 0.940626
628 410 0.940626
638 426 0.940626
517 462 0.940626
610 482 0.940626
552 436 0.940626
552 437 0.940626
553 449 0.940626
607 451 0.940626
517 467 0.940626
554 497 0.940626
627 426 0.940626
615 393 0.940626
595 493 0.940626
626 510 0.940626
548 454 0.940626
548 462 0.940626
584 462 0.940626
556 389 0.940626
548 470 0.940626
518 450 0.940626
555 507 0.940626
595 479 0.940626
548 496 0.940626
516 474 0.940626
548 504 0.940626
595 475 0.940626
555 495 0.940626
549 388 0.940626
549 389 0.940626
555 488 0.940626
576 449 0.940626
556 400 0.940626
548 438 0.940626
556 407 0.940626
576 442 0.940626
596 417 0.940626
556 475 0.940626
585 396 0.940626
629 483 0.940626
547 462 0.940626
547 467 0.940626
620 452 0.940626
614 469 0.940626
556 453 0.940626
549 395 0.940626
556 442 0.940626
577 455 0.940626
556 430 0.940626
615 505 0.940626
592 486 0.940626
516 459 0.940626
548 412 0.940626
615 502 0.940626
629 450 0.940626
607 502 0.940626
638 391 0.940626
576 450 0.940626
516 479 0.940626
607 492 0.940626
595 421 0.940626
555 419 0.940626
550 389 0.940626
550 390 0.940626
607 399 0.940626
581 493 0.940626
518 409 0.940626
550 408 0.940626
615 391 0.940626
555 426 0.940626
638 401 0.940626
550 426 0.940626
595 406 0.940626
518 400 0.940626
550 430 0.940626
638 437 0.940626
550 443 0.940626
615 392 0.940626
620 488 0.940626
610 462 0.940626
555 391 0.940626
547 438 0.940626
583 396 0.940626
549 477 0.940626
584 472 0.940626
584 473 0.940626
555 465 0.940626
595 458 0.940626
555 461 0.940626
516 483 0.940626
549 435 0.940626
607 484 0.940626
549 436 0.940626
576 456 0.940626
555 454 0.940626
595 450 0.940626
577 428 0.940626
581 469 0.940626
549 464 0.940626
627 404 0.940626
595 438 0.940626
614 505 0.940626
555 437 0.940626
627 407 0.940626
595 453 0.940626
631 413 0.940626
542 510 0.940626
542 447 0.940626
632 487 0.940626
579 385 0.940626
565 388 0.940626
536 506 0.940626
514 411 0.940626
564 509 0.940626
617 401 0.940626
620 395 0.940626
589 463 0.940626
537 396 0.940626
564 489 0.940626
537 407 0.940626
521 446 0.940626
582 422 0.940626
584 398 0.940626
564 474 0.940626
537 438 0.940626
537 446 0.940626
537 452 0.940626
565 401 0.940626
632 492 0.940626
521 458 0.940626
582 497 0.940626
565 450 0.940626
582 493 0.940626
565 447 0.940626
536 408 0.940626
565 443 0.940626
632 511 0.940626
632 510 0.940626
619 404 0.940626
521 464 0.940626
624 452 0.940626
589 442 0.940626
632 498 0.940626
632 497 0.940626
565 419 0.940626
579 392 0.940626
565 413 0.940626
565 411 0.940626
565 410 0.940626
632 495 0.940626
632 494 0.940626
575 387 0.940626
610 397 0.940626
599 475 0.940626
613 444 0.940626
515 433 0.940626
620 405 0.940626
563 501 0.940626
624 471 0.940626
538 475 0.940626
578 483 0.940626
538 481 0.940626
514 460 0.940626
632 409 0.940626
585 465 0.940626
563 479 0.940626
563 474 0.940626
637 422 0.940626
608 484 0.940626
624 482 0.940626
599 407 0.940626
563 465 0.940626
624 486 0.940626
538 506 0.940626
610 406 0.940626
538 444 0.940626
514 449 0.940626
639 415 0.940626
617 387 0.940626
589 490 0.940626
564 440 0.940626
564 437 0.940626
605 495 0.940626
538 389 0.940626
538 390 0.940626
538 399 0.940626
538 401 0.940626
521 435 0.940626
538 403 0.940626
632 428 0.940626
538 415 0.940626
514 439 0.940626
538 422 0.940626
599 447 0.940626
616 510 0.940626
538 430 0.940626
632 423 0.940626
632 422 0.940626
608 491 0.940626
613 417 0.940626
605 479 0.940626
565 459 0.940626
513 460 0.940626
566 507 0.940626
601 404 0.940626
513 463 0.940626
612 498 0.940626
589 384 0.940626
534 430 0.940626
623 501 0.940626
566 487 0.940626
534 443 0.940626
623 502 0.940626
611 419 0.940626
521 501 0.940626
566 462 0.940626
612 510 0.940626
513 474 0.940626
513 476 0.940626
633 424 0.940626
589 398 0.940626
605 467 0.940626
583 421 0.940626
534 394 0.940626
601 409 0.940626
612 489 0.940626
617 435 0.940626
522 399 0.940626
633 467 0.940626
623 482 0.940626
601 416 0.940626
567 411 0.940626
618 470 0.940626
567 406 0.940626
534 492 0.940626
582 439 0.940626
533 501 0.940626
533 502 0.940626
623 487 0.940626
533 505 0.940626
533 507 0.940626
581 401 0.940626
585 484 0.940626
567 393 0.940626
567 390 0.940626
533 496 0.940626
582 436 0.940626
633 423 0.940626
513 479 0.940626
566 392 0.940626
633 403 0.940626
600 454 0.940626
535 448 0.940626
535 450 0.940626
605 473 0.940626
565 507 0.940626
617 420 0.940626
624 408 0.940626
566 394 0.940626
619 402 0.940626
579 407 0.940626
613 409 0.940626
613 412 0.940626
535 491 0.940626
613 413 0.940626
609 384 0.940626
589 433 0.940626
535 507 0.940626
579 400 0.940626
521 477 0.940626
563 458 0.940626
582 432 0.940626
535 428 0.940626
566 444 0.940626
566 443 0.940626
566 440 0.940626
609 394 0.940626
633 419 0.940626
579 424 0.940626
566 429 0.940626
600 486 0.940626
617 422 0.940626
535 432 0.940626
566 424 0.940626
566 420 0.940626
535 398 0.940626
513 487 0.940626
605 471 0.940626
566 409 0.940626
600 458 0.940626
566 406 0.940626
566 404 0.940626
633 408 0.940626
582 434 0.940626
624 488 0.940626
538 463 0.940626
539 391 0.940626
613 489 0.940626
540 475 0.940626
540 486 0.940626
540 492 0.940626
578 447 0.940626
621 402 0.940626
540 505 0.940626
578 480 0.940626
631 457 0.940626
631 453 0.940626
598 432 0.940626
637 449 0.940626
610 416 0.940626
590 482 0.940626
575 464 0.940626
606 410 0.940626
515 384 0.940626
541 437 0.940626
562 401 0.940626
590 466 0.940626
639 405 0.940626
590 436 0.940626
562 457 0.940626
598 488 0.940626
520 501 0.940626
584 406 0.940626
625 401 0.940626
514 504 0.940626
562 443 0.940626
631 475 0.940626
514 498 0.940626
540 424 0.940626
578 453 0.940626
625 407 0.940626
613 482 0.940626
562 407 0.940626
540 411 0.940626
541 438 0.940626
561 454 0.940626
613 497 0.940626
590 507 0.940626
520 427 0.940626
621 390 0.940626
631 433 0.940626
515 422 0.940626
515 424 0.940626
578 424 0.940626
578 427 0.940626
637 457 0.940626
631 426 0.940626
631 419 0.940626
560 494 0.940626
542 437 0.940626
591 386 0.940626
625 459 0.940626
575 480 0.940626
520 418 0.940626
520 430 0.940626
561 405 0.940626
610 422 0.940626
582 408 0.940626
625 434 0.940626
520 449 0.940626
520 448 0.940626
515 403 0.940626
561 441 0.940626
625 437 0.940626
608 452 0.940626
541 458 0.940626
578 435 0.940626
541 469 0.940626
625 442 0.940626
598 397 0.940626
606 413 0.940626
561 421 0.940626
613 507 0.940626
631 437 0.940626
562 464 0.940626
514 484 0.940626
629 406 0.940626
616 488 0.940626
562 491 0.940626
631 495 0.940626
562 496 0.940626
539 468 0.940626
620 411 0.940626
578 476 0.940626
562 507 0.940626
578 473 0.940626
514 482 0.940626
563 424 0.940626
563 422 0.940626
590 411 0.940626
584 402 0.940626
575 439 0.940626
539 460 0.940626
563 387 0.940626
539 458 0.940626
599 393 0.940626
563 389 0.940626
563 393 0.940626
539 432 0.940626
618 420 0.940626
632 385 0.940626
608 478 0.940626
563 408 0.940626
539 441 0.940626
539 447 0.940626
624 499 0.940626
539 459 0.940626
620 412 0.940626
578 474 0.940626
563 403 0.940626
616 489 0.940626
562 480 0.940626
631 492 0.940626
590 405 0.940626
575 441 0.940626
624 497 0.940626
624 493 0.940626
590 429 0.940626
598 502 0.940626
563 432 0.940626
632 398 0.940626
637 425 0.940626
618 418 0.940626
582 416 0.940626
620 431 0.975464
586 394 0.975464
578 432 0.975464
582 391 0.975464
585 431 0.975464
620 499 0.975464
619 504 0.975464
575 411 0.975464
619 465 0.975464
582 490 0.975464
582 415 0.975464
579 432 0.975464
578 411 0.975464
582 390 0.975464
576 475 0.975464
586 410 0.975464
579 442 0.975464
582 481 0.975464
621 416 0.975464
574 457 0.975464
579 446 0.975464
583 482 0.975464
581 438 0.975464
619 498 0.975464
580 398 0.975464
585 405 0.975464
620 473 0.975464
580 506 0.975464
581 476 0.975464
576 492 0.975464
583 500 0.975464
582 507 0.975464
582 459 0.975464
621 418 0.975464
585 433 0.975464
580 405 0.975464
576 495 0.975464
582 417 0.975464
621 392 0.975464
584 488 0.975464
574 492 0.975464
576 480 0.975464
581 429 0.975464
580 395 0.975464
582 405 0.975464
584 455 0.975464
620 424 0.975464
575 509 0.975464
621 408 0.975464
584 430 0.975464
574 510 0.975464
577 420 0.975464
585 499 0.975464
585 453 0.975464
583 441 0.975464
580 422 0.975464
577 422 0.975464
574 470 0.975464
581 420 0.975464
577 423 0.975464
582 444 0.975464
576 387 0.975464
574 410 0.975464
579 473 0.975464
584 407 0.975464
582 480 0.975464
576 388 0.975464
619 453 0.975464
575 444 0.975464
579 471 0.975464
580 510 0.975464
584 405 0.975464
619 463 0.975464
580 386 0.975464
585 502 0.975464
577 435 0.975464
577 449 0.975464
579 458 0.975464
578 448 0.975464
582 385 0.975464
585 395 0.975464
574 434 0.975464
579 423 0.975464
584 507 0.975464
575 496 0.975464
620 423 0.975464
576 471 0.975464
577 504 0.975464
620 408 0.975464
619 470 0.975464
621 411 0.975464
579 421 0.975464
618 479 0.975464
620 455 0.975464
580 427 0.975464
577 451 0.975464
575 460 0.975464
582 433 0.975464
579 506 0.975464
582 387 0.975464
581 394 0.975464
585 454 0.975464
578 396 0.975464
585 444 0.975464
579 467 0.975464
620 487 0.975464
618 482 0.975464
578 446 0.975464
575 454 0.975464
579 477 0.975464
578 390 0.975464
629 497 0.975464
621 467 0.975464
600 494 0.975464
633 426 0.975464
534 476 0.975464
633 431 0.975464
633 432 0.975464
633 433 0.975464
534 435 0.975464
612 499 0.975464
534 420 0.975464
534 415 0.975464
534 413 0.975464
601 407 0.975464
600 489 0.975464
533 495 0.975464
533 484 0.975464
633 464 0.975464
633 465 0.975464
533 462 0.975464
633 470 0.975464
601 434 0.975464
533 421 0.975464
612 483 0.975464
601 443 0.975464
533 413 0.975464
633 483 0.975464
612 482 0.975464
633 460 0.975464
633 486 0.975464
535 391 0.975464
535 412 0.975464
600 389 0.975464
613 432 0.975464
536 483 0.975464
632 490 0.975464
613 428 0.975464
536 456 0.975464
613 425 0.975464
536 450 0.975464
632 500 0.975464
600 412 0.975464
600 427 0.975464
536 395 0.975464
535 406 0.975464
536 391 0.975464
535 511 0.975464
633 387 0.975464
633 389 0.975464
535 497 0.975464
633 390 0.975464
613 408 0.975464
535 473 0.975464
633 394 0.975464
535 459 0.975464
600 450 0.975464
613 399 0.975464
600 459 0.975464
536 385 0.975464
633 491 0.975464
633 495 0.975464
532 507 0.975464
530 481 0.975464
530 477 0.975464
602 446 0.975464
602 447 0.975464
530 456 0.975464
530 447 0.975464
530 443 0.975464
530 440 0.975464
530 438 0.975464
602 459 0.975464
602 460 0.975464
530 408 0.975464
530 486 0.975464
530 401 0.975464
529 496 0.975464
634 480 0.975464
634 486 0.975464
529 470 0.975464
602 495 0.975464
529 440 0.975464
529 435 0.975464
529 418 0.975464
529 412 0.975464
529 403 0.975464
602 507 0.975464
603 393 0.975464
612 417 0.975464
530 489 0.975464
530 490 0.975464
634 444 0.975464
532 504 0.975464
532 497 0.975464
532 487 0.975464
601 471 0.975464
601 474 0.975464
612 468 0.975464
532 463 0.975464
532 456 0.975464
532 452 0.975464
532 438 0.975464
612 465 0.975464
532 425 0.975464
531 507 0.975464
602 406 0.975464
602 407 0.975464
531 466 0.975464
634 419 0.975464
531 447 0.975464
531 441 0.975464
531 418 0.975464
531 416 0.975464
531 412 0.975464
602 425 0.975464
634 432 0.975464
531 401 0.975464
531 390 0.975464
531 388 0.975464
632 481 0.975464
603 398 0.975464
536 500 0.975464
537 394 0.975464
544 416 0.975464
597 433 0.975464
544 387 0.975464
543 501 0.975464
597 445 0.975464
543 490 0.975464
543 489 0.975464
543 487 0.975464
630 498 0.975464
543 472 0.975464
543 462 0.975464
597 455 0.975464
630 487 0.975464
543 454 0.975464
543 446 0.975464
543 443 0.975464
631 384 0.975464
543 423 0.975464
543 396 0.975464
631 405 0.975464
542 461 0.975464
542 460 0.975464
542 446 0.975464
542 440 0.975464
597 505 0.975464
573 488 0.975464
543 450 0.975464
597 509 0.975464
597 421 0.975464
630 463 0.975464
546 461 0.975464
546 451 0.975464
596 458 0.975464
614 441 0.975464
546 426 0.975464
596 466 0.975464
596 470 0.975464
614 439 0.975464
630 412 0.975464
546 410 0.975464
546 395 0.975464
545 505 0.975464
614 409 0.975464
545 495 0.975464
630 432 0.975464
596 498 0.975464
545 432 0.975464
545 413 0.975464
614 421 0.975464
545 401 0.975464
545 390 0.975464
545 387 0.975464
597 407 0.975464
597 409 0.975464
630 461 0.975464
630 462 0.975464
545 480 0.975464
631 428 0.975464
631 430 0.975464
542 403 0.975464
598 505 0.975464
631 502 0.975464
539 423 0.975464
539 421 0.975464
539 419 0.975464
613 469 0.975464
539 412 0.975464
539 401 0.975464
539 397 0.975464
539 390 0.975464
599 404 0.975464
632 413 0.975464
539 479 0.975464
632 417 0.975464
538 447 0.975464
599 441 0.975464
538 417 0.975464
538 398 0.975464
538 387 0.975464
632 432 0.975464
599 459 0.975464
537 473 0.975464
537 459 0.975464
537 420 0.975464
632 467 0.975464
632 469 0.975464
599 434 0.975464
539 481 0.975464
539 490 0.975464
539 494 0.975464
542 401 0.975464
541 510 0.975464
541 509 0.975464
541 506 0.975464
541 505 0.975464
598 394 0.975464
631 438 0.975464
598 400 0.975464
613 501 0.975464
598 405 0.975464
613 499 0.975464
613 498 0.975464
613 496 0.975464
541 434 0.975464
598 426 0.975464
541 403 0.975464
541 389 0.975464
540 493 0.975464
598 443 0.975464
598 456 0.975464
540 447 0.975464
540 436 0.975464
598 470 0.975464
598 476 0.975464
540 398 0.975464
540 395 0.975464
540 394 0.975464
613 435 0.975464
546 481 0.975464
603 401 0.975464
635 391 0.975464
517 394 0.975464
607 475 0.975464
516 499 0.975464
516 496 0.975464
516 473 0.975464
607 507 0.975464
516 446 0.975464
516 441 0.975464
516 428 0.975464
638 468 0.975464
516 423 0.975464
610 448 0.975464
517 395 0.975464
638 473 0.975464
516 392 0.975464
515 502 0.975464
515 500 0.975464
515 494 0.975464
515 491 0.975464
638 487 0.975464
638 489 0.975464
608 416 0.975464
515 468 0.975464
610 436 0.975464
610 435 0.975464
515 455 0.975464
516 410 0.975464
638 502 0.975464
517 396 0.975464
610 471 0.975464
519 418 0.975464
606 482 0.975464
519 391 0.975464
519 390 0.975464
519 387 0.975464
519 386 0.975464
518 507 0.975464
518 502 0.975464
610 507 0.975464
518 464 0.975464
518 463 0.975464
606 511 0.975464
517 397 0.975464
610 500 0.975464
607 395 0.975464
518 424 0.975464
607 397 0.975464
518 389 0.975464
517 499 0.975464
517 490 0.975464
607 426 0.975464
517 454 0.975464
517 447 0.975464
610 480 0.975464
517 444 0.975464
607 456 0.975464
518 430 0.975464
608 433 0.975464
515 428 0.975464
638 511 0.975464
639 450 0.975464
513 421 0.975464
609 429 0.975464
609 511 0.975464
513 413 0.975464
513 412 0.975464
513 410 0.975464
513 402 0.975464
513 401 0.975464
513 395 0.975464
609 436 0.975464
639 452 0.975464
513 453 0.975464
609 447 0.975464
512 480 0.975464
512 472 0.975464
609 465 0.975464
609 468 0.975464
609 469 0.975464
609 500 0.975464
609 483 0.975464
609 484 0.975464
512 398 0.975464
639 506 0.975464
512 390 0.975464
639 509 0.975464
639 468 0.975464
513 459 0.975464
513 473 0.975464
610 393 0.975464
515 420 0.975464
608 443 0.975464
515 413 0.975464
515 404 0.975464
515 402 0.975464
639 392 0.975464
514 509 0.975464
514 505 0.975464
514 472 0.975464
639 408 0.975464
514 463 0.975464
639 412 0.975464
514 444 0.975464
514 438 0.975464
514 431 0.975464
514 418 0.975464
514 409 0.975464
514 398 0.975464
639 422 0.975464
608 504 0.975464
514 389 0.975464
514 384 0.975464
608 511 0.975464
609 385 0.975464
513 491 0.975464
513 490 0.975464
609 388 0.975464
519 427 0.975464
635 390 0.975464
519 450 0.975464
519 470 0.975464
526 433 0.975464
611 482 0.975464
604 403 0.975464
635 493 0.975464
611 477 0.975464
525 494 0.975464
525 470 0.975464
525 447 0.975464
611 466 0.975464
636 392 0.975464
525 429 0.975464
611 462 0.975464
635 487 0.975464
524 494 0.975464
524 450 0.975464
604 500 0.975464
524 443 0.975464
524 437 0.975464
636 436 0.975464
636 437 0.975464
524 412 0.975464
605 387 0.975464
524 406 0.975464
524 401 0.975464
524 391 0.975464
605 401 0.975464
524 458 0.975464
523 509 0.975464
635 482 0.975464
526 463 0.975464
635 401 0.975464
528 429 0.975464
528 417 0.975464
612 402 0.975464
528 399 0.975464
612 399 0.975464
528 387 0.975464
527 500 0.975464
527 491 0.975464
527 476 0.975464
527 472 0.975464
635 430 0.975464
526 462 0.975464
527 460 0.975464
527 447 0.975464
527 437 0.975464
527 429 0.975464
611 506 0.975464
527 407 0.975464
611 498 0.975464
603 504 0.975464
526 490 0.975464
526 488 0.975464
611 491 0.975464
526 480 0.975464
526 467 0.975464
603 457 0.975464
636 449 0.975464
523 497 0.975464
636 453 0.975464
521 433 0.975464
605 496 0.975464
611 418 0.975464
605 506 0.975464
521 399 0.975464
521 396 0.975464
521 388 0.975464
520 487 0.975464
520 476 0.975464
520 474 0.975464
637 448 0.975464
606 407 0.975464
521 447 0.975464
520 426 0.975464
520 420 0.975464
637 469 0.975464
520 402 0.975464
520 397 0.975464
520 395 0.975464
606 432 0.975464
519 507 0.975464
611 395 0.975464
519 499 0.975464
611 393 0.975464
519 494 0.975464
606 454 0.975464
520 423 0.975464
521 450 0.975464
637 413 0.975464
605 480 0.975464
611 442 0.975464
523 468 0.975464
523 467 0.975464
523 465 0.975464
523 461 0.975464
523 446 0.975464
636 470 0.975464
523 426 0.975464
523 418 0.975464
523 407 0.975464
523 397 0.975464
636 474 0.975464
636 483 0.975464
636 486 0.975464
522 479 0.975464
611 426 0.975464
522 464 0.975464
636 497 0.975464
605 444 0.975464
522 437 0.975464
522 407 0.975464
637 389 0.975464
522 387 0.975464
522 386 0.975464
522 385 0.975464
521 491 0.975464
637 401 0.975464
519 463 0.975464
546 483 0.975464
631 423 0.975464
560 507 0.975464
563 397 0.975464
616 496 0.975464
563 386 0.975464
590 426 0.975464
562 490 0.975464
616 492 0.975464
562 483 0.975464
562 481 0.975464
562 470 0.975464
562 460 0.975464
562 444 0.975464
590 456 0.975464
616 476 0.975464
562 422 0.975464
590 470 0.975464
562 398 0.975464
562 388 0.975464
590 474 0.975464
616 474 0.975464
561 507 0.975464
561 506 0.975464
625 421 0.975464
561 490 0.975464
561 483 0.975464
561 480 0.975464
563 410 0.975464
563 411 0.975464
563 413 0.975464
563 423 0.975464
565 398 0.975464
565 385 0.975464
617 406 0.975464
617 398 0.975464
624 450 0.975464
564 465 0.975464
617 390 0.975464
564 436 0.975464
624 459 0.975464
564 419 0.975464
563 500 0.975464
563 488 0.975464
590 483 0.975464
563 486 0.975464
563 478 0.975464
590 395 0.975464
563 472 0.975464
624 480 0.975464
563 461 0.975464
590 400 0.975464
624 491 0.975464
563 449 0.975464
563 447 0.975464
563 442 0.975464
624 495 0.975464
563 431 0.975464
624 478 0.975464
561 464 0.975464
616 471 0.975464
561 445 0.975464
626 384 0.975464
616 435 0.975464
626 386 0.975464
559 399 0.975464
559 398 0.975464
626 390 0.975464
591 477 0.975464
558 501 0.975464
558 490 0.975464
558 486 0.975464
558 482 0.975464
626 409 0.975464
559 433 0.975464
558 447 0.975464
558 430 0.975464
558 415 0.975464
592 385 0.975464
616 418 0.975464
626 428 0.975464
616 417 0.975464
558 385 0.975464
616 408 0.975464
557 497 0.975464
592 408 0.975464
626 439 0.975464
592 409 0.975464
616 422 0.975464
565 405 0.975464
559 435 0.975464
616 442 0.975464
561 444 0.975464
590 493 0.975464
590 495 0.975464
616 465 0.975464
561 412 0.975464
616 464 0.975464
590 504 0.975464
561 399 0.975464
561 393 0.975464
561 384 0.975464
546 487 0.975464
560 492 0.975464
559 451 0.975464
625 460 0.975464
625 469 0.975464
625 474 0.975464
560 408 0.975464
560 402 0.975464
625 479 0.975464
560 390 0.975464
560 387 0.975464
559 497 0.975464
616 449 0.975464
559 486 0.975464
559 477 0.975464
559 462 0.975464
625 462 0.975464
617 411 0.975464
589 444 0.975464
589 443 0.975464
571 488 0.975464
587 400 0.975464
571 462 0.975464
587 401 0.975464
571 459 0.975464
571 441 0.975464
571 436 0.975464
622 446 0.975464
571 429 0.975464
622 448 0.975464
571 405 0.975464
587 425 0.975464
587 387 0.975464
571 388 0.975464
622 466 0.975464
570 490 0.975464
622 476 0.975464
587 457 0.975464
587 460 0.975464
570 433 0.975464
622 492 0.975464
617 483 0.975464
622 496 0.975464
587 482 0.975464
570 389 0.975464
570 384 0.975464
570 509 0.975464
587 486 0.975464
571 499 0.975464
572 405 0.975464
573 480 0.975464
573 476 0.975464
573 471 0.975464
586 421 0.975464
621 477 0.975464
586 424 0.975464
573 439 0.975464
573 430 0.975464
618 385 0.975464
573 403 0.975464
621 492 0.975464
573 401 0.975464
571 502 0.975464
586 450 0.975464
586 458 0.975464
586 460 0.975464
586 466 0.975464
617 510 0.975464
572 489 0.975464
572 475 0.975464
622 385 0.975464
572 468 0.975464
586 489 0.975464
572 427 0.975464
572 424 0.975464
622 403 0.975464
621 496 0.975464
626 441 0.975464
569 500 0.975464
569 467 0.975464
567 486 0.975464
588 474 0.975464
567 478 0.975464
567 473 0.975464
567 466 0.975464
588 490 0.975464
623 484 0.975464
617 434 0.975464
566 504 0.975464
589 390 0.975464
566 469 0.975464
566 456 0.975464
617 444 0.975464
623 509 0.975464
566 410 0.975464
589 412 0.975464
624 391 0.975464
566 391 0.975464
624 411 0.975464
589 426 0.975464
624 413 0.975464
565 468 0.975464
565 458 0.975464
589 438 0.975464
565 444 0.975464
565 431 0.975464
566 435 0.975464
569 493 0.975464
588 463 0.975464
567 511 0.975464
587 505 0.975464
569 453 0.975464
569 450 0.975464
587 509 0.975464
569 434 0.975464
569 433 0.975464
588 393 0.975464
569 398 0.975464
569 396 0.975464
568 510 0.975464
568 509 0.975464
568 506 0.975464
567 507 0.975464
568 502 0.975464
568 474 0.975464
568 462 0.975464
568 461 0.975464
623 435 0.975464
568 445 0.975464
568 440 0.975464
568 433 0.975464
568 418 0.975464
568 408 0.975464
568 406 0.975464
588 447 0.975464
588 450 0.975464
568 479 0.975464
592 419 0.975464
619 387 0.975464
557 462 0.975464
549 411 0.975464
549 412 0.975464
553 464 0.975464
595 459 0.975464
627 477 0.975464
595 455 0.975464
593 477 0.975464
614 498 0.975464
553 472 0.975464
593 478 0.975464
628 511 0.975464
553 439 0.975464
553 434 0.975464
553 428 0.975464
595 443 0.975464
553 420 0.975464
553 417 0.975464
593 494 0.975464
553 444 0.975464
593 470 0.975464
627 472 0.975464
549 407 0.975464
548 476 0.975464
629 424 0.975464
554 496 0.975464
554 491 0.975464
554 483 0.975464
629 420 0.975464
554 468 0.975464
554 457 0.975464
548 493 0.975464
627 439 0.975464
554 442 0.975464
615 471 0.975464
548 497 0.975464
627 447 0.975464
615 463 0.975464
554 400 0.975464
554 391 0.975464
629 412 0.975464
553 510 0.975464
553 408 0.975464
595 487 0.975464
549 473 0.975464
553 406 0.975464
594 416 0.975464
551 443 0.975464
551 452 0.975464
552 419 0.975464
615 435 0.975464
615 433 0.975464
551 453 0.975464
594 461 0.975464
552 450 0.975464
551 456 0.975464
594 455 0.975464
552 397 0.975464
552 394 0.975464
551 470 0.975464
552 389 0.975464
551 506 0.975464
551 504 0.975464
594 446 0.975464
551 458 0.975464
552 468 0.975464
551 433 0.975464
552 473 0.975464
595 422 0.975464
615 450 0.975464
628 492 0.975464
628 486 0.975464
550 421 0.975464
550 433 0.975464
628 475 0.975464
615 403 0.975464
595 388 0.975464
550 472 0.975464
594 391 0.975464
594 398 0.975464
594 507 0.975464
594 401 0.975464
594 497 0.975464
592 420 0.975464
594 487 0.975464
551 427 0.975464
551 429 0.975464
553 407 0.975464
554 501 0.975464
594 445 0.975464
554 505 0.975464
556 462 0.975464
626 486 0.975464
556 457 0.975464
556 451 0.975464
592 469 0.975464
547 480 0.975464
556 432 0.975464
626 499 0.975464
556 474 0.975464
629 432 0.975464
556 413 0.975464
556 412 0.975464
556 403 0.975464
592 498 0.975464
592 499 0.975464
555 509 0.975464
548 385 0.975464
627 387 0.975464
629 467 0.975464
547 479 0.975464
556 476 0.975464
556 489 0.975464
557 460 0.975464
592 421 0.975464
592 423 0.975464
547 409 0.975464
629 502 0.975464
596 424 0.975464
626 454 0.975464
547 424 0.975464
547 460 0.975464
557 430 0.975464
557 425 0.975464
614 466 0.975464
592 443 0.975464
626 463 0.975464
547 468 0.975464
557 387 0.975464
556 505 0.975464
626 472 0.975464
596 402 0.975464
555 502 0.975464
548 397 0.975464
556 424 0.975464
548 406 0.975464
548 407 0.975464
555 458 0.975464
548 445 0.975464
614 488 0.975464
548 439 0.975464
555 432 0.975464
548 440 0.975464
555 443 0.975464
627 403 0.975464
555 386 0.975464
555 480 0.975464
555 427 0.975464
587 429 1.010303
614 412 1.010303
607 402 1.010303
597 402 1.010303
617 454 1.010303
618 386 1.010303
617 484 1.010303
608 463 1.010303
610 398 1.010303
587 437 1.010303
610 491 1.010303
618 446 1.010303
596 400 1.010303
607 430 1.010303
596 398 1.010303
597 434 1.010303
607 405 1.010303
610 408 1.010303
598 398 1.010303
609 470 1.010303
606 475 1.010303
595 481 1.010303
611 386 1.010303
598 420 1.010303
617 439 1.010303
619 385 1.010303
587 409 1.010303
598 413 1.010303
617 440 1.010303
609 493 1.010303
594 453 1.010303
609 488 1.010303
610 502 1.010303
597 424 1.010303
596 421 1.010303
606 510 1.010303
597 427 1.010303
608 451 1.010303
608 474 1.010303
594 470 1.010303
596 479 1.010303
607 447 1.010303
609 439 1.010303
609 392 1.010303
608 436 1.010303
617 479 1.010303
587 499 1.010303
596 490 1.010303
610 428 1.010303
614 422 1.010303
596 385 1.010303
595 451 1.010303
596 499 1.010303
595 452 1.010303
608 412 1.010303
596 510 1.010303
608 430 1.010303
610 386 1.010303
610 438 1.010303
587 480 1.010303
608 426 1.010303
614 496 1.010303
586 488 1.010303
596 507 1.010303
614 474 1.010303
587 397 1.010303
595 440 1.010303
597 442 1.010303
588 408 1.010303
617 505 1.010303
587 444 1.010303
595 401 1.010303
618 384 1.010303
617 469 1.010303
597 496 1.010303
588 397 1.010303
607 479 1.010303
614 479 1.010303
614 397 1.010303
606 471 1.010303
588 384 1.010303
585 498 1.010303
608 385 1.010303
587 453 1.010303
618 452 1.010303
609 434 1.010303
595 427 1.010303
582 505 1.010303
587 507 1.010303
597 391 1.010303
610 423 1.010303
617 399 1.010303
615 430 1.010303
593 417 1.010303
603 465 1.010303
603 462 1.010303
612 384 1.010303
593 394 1.010303
613 410 1.010303
590 502 1.010303
603 426 1.010303
613 405 1.010303
613 402 1.010303
593 388 1.010303
618 481 1.010303
593 387 1.010303
600 451 1.010303
603 411 1.010303
603 466 1.010303
616 456 1.010303
583 456 1.010303
611 502 1.010303
590 454 1.010303
590 461 1.010303
593 452 1.010303
604 396 1.010303
611 484 1.010303
613 429 1.010303
604 386 1.010303
615 475 1.010303
600 403 1.010303
611 490 1.010303
600 404 1.010303
616 472 1.010303
583 452 1.010303
603 497 1.010303
611 496 1.010303
611 504 1.010303
591 400 1.010303
613 397 1.010303
603 396 1.010303
616 390 1.010303
616 427 1.010303
602 423 1.010303
591 506 1.010303
602 416 1.010303
592 437 1.010303
592 428 1.010303
592 398 1.010303
612 451 1.010303
602 389 1.010303
592 400 1.010303
612 463 1.010303
612 479 1.010303
592 427 1.010303
616 404 1.010303
602 434 1.010303
583 483 1.010303
601 417 1.010303
616 433 1.010303
600 455 1.010303
603 387 1.010303
603 385 1.010303
615 495 1.010303
613 395 1.010303
600 468 1.010303
585 425 1.010303
611 474 1.010303
602 493 1.010303
591 430 1.010303
602 462 1.010303
616 440 1.010303
591 456 1.010303
612 426 1.010303
583 479 1.010303
602 444 1.010303
591 426 1.010303
588 497 1.010303
604 426 1.010303
584 506 1.010303
598 496 1.010303
594 415 1.010303
589 446 1.010303
605 492 1.010303
594 402 1.010303
613 474 1.010303
605 486 1.010303
599 384 1.010303
599 389 1.010303
585 475 1.010303
599 391 1.010303
605 464 1.010303
611 421 1.010303
589 486 1.010303
605 447 1.010303
598 490 1.010303
589 487 1.010303
611 413 1.010303
598 477 1.010303
598 438 1.010303
617 432 1.010303
594 434 1.010303
589 393 1.010303
598 446 1.010303
598 463 1.010303
598 464 1.010303
583 406 1.010303
611 403 1.010303
594 424 1.010303
589 417 1.010303
606 418 1.010303
589 420 1.010303
606 399 1.010303
606 397 1.010303
606 395 1.010303
594 386 1.010303
605 441 1.010303
589 492 1.010303
593 484 1.010303
613 448 1.010303
613 445 1.010303
599 471 1.010303
590 418 1.010303
604 499 1.010303
590 421 1.010303
604 479 1.010303
599 486 1.010303
604 476 1.010303
604 465 1.010303
604 457 1.010303
604 452 1.010303
604 450 1.010303
604 445 1.010303
605 396 1.010303
599 444 1.010303
613 454 1.010303
583 427 1.010303
589 493 1.010303
605 439 1.010303
585 472 1.010303
585 470 1.010303
605 436 1.010303
615 448 1.010303
605 435 1.010303
604 442 1.010303
605 431 1.010303
589 501 1.010303
590 384 1.010303
585 466 1.010303
593 509 1.010303
599 417 1.010303
599 420 1.010303
599 430 1.010303
611 431 1.010303
596 438 1.010303
512 384 1.010303
629 498 1.010303
531 400 1.010303
629 417 1.010303
531 442 1.010303
531 445 1.010303
571 501 1.010303
634 416 1.010303
548 479 1.010303
531 495 1.010303
531 497 1.010303
622 422 1.010303
548 475 1.010303
561 487 1.010303
634 410 1.010303
532 392 1.010303
548 473 1.010303
634 400 1.010303
532 403 1.010303
532 408 1.010303
532 410 1.010303
561 461 1.010303
531 398 1.010303
548 509 1.010303
622 410 1.010303
572 492 1.010303
529 457 1.010303
572 484 1.010303
561 409 1.010303
629 386 1.010303
634 483 1.010303
634 465 1.010303
530 432 1.010303
530 435 1.010303
571 464 1.010303
622 395 1.010303
572 441 1.010303
530 452 1.010303
530 459 1.010303
572 433 1.010303
530 469 1.010303
530 491 1.010303
561 456 1.010303
629 413 1.010303
572 395 1.010303
530 439 1.010303
529 454 1.010303
561 491 1.010303
548 453 1.010303
570 498 1.010303
533 437 1.010303
622 469 1.010303
629 464 1.010303
570 480 1.010303
570 477 1.010303
570 475 1.010303
570 464 1.010303
533 454 1.010303
533 455 1.010303
570 456 1.010303
533 464 1.010303
533 472 1.010303
622 483 1.010303
533 482 1.010303
570 446 1.010303
570 441 1.010303
570 439 1.010303
534 390 1.010303
629 452 1.010303
622 460 1.010303
533 408 1.010303
633 488 1.010303
562 385 1.010303
532 426 1.010303
629 438 1.010303
629 441 1.010303
571 447 1.010303
548 433 1.010303
532 471 1.010303
562 405 1.010303
571 430 1.010303
548 472 1.010303
548 431 1.010303
562 409 1.010303
633 497 1.010303
548 421 1.010303
562 424 1.010303
571 407 1.010303
532 501 1.010303
562 425 1.010303
633 494 1.010303
571 391 1.010303
571 423 1.010303
572 497 1.010303
634 491 1.010303
549 463 1.010303
526 456 1.010303
550 474 1.010303
550 464 1.010303
635 469 1.010303
635 468 1.010303
526 498 1.010303
628 472 1.010303
574 402 1.010303
527 390 1.010303
628 479 1.010303
550 440 1.010303
550 439 1.010303
560 427 1.010303
574 393 1.010303
542 458 1.010303
527 431 1.010303
573 504 1.010303
635 443 1.010303
527 446 1.010303
559 504 1.010303
574 429 1.010303
526 438 1.010303
574 439 1.010303
525 458 1.010303
625 495 1.010303
525 478 1.010303
525 498 1.010303
628 461 1.010303
635 492 1.010303
621 427 1.010303
550 484 1.010303
621 433 1.010303
527 449 1.010303
628 462 1.010303
526 416 1.010303
574 461 1.010303
574 459 1.010303
526 421 1.010303
574 449 1.010303
526 424 1.010303
574 446 1.010303
550 477 1.010303
574 442 1.010303
621 437 1.010303
635 438 1.010303
573 499 1.010303
573 495 1.010303
549 474 1.010303
528 489 1.010303
528 490 1.010303
549 472 1.010303
635 388 1.010303
549 470 1.010303
573 399 1.010303
625 454 1.010303
528 497 1.010303
573 426 1.010303
528 502 1.010303
549 468 1.010303
634 504 1.010303
529 402 1.010303
529 405 1.010303
561 395 1.010303
529 422 1.010303
529 430 1.010303
549 465 1.010303
621 502 1.010303
634 509 1.010303
629 473 1.010303
573 427 1.010303
573 433 1.010303
550 413 1.010303
573 493 1.010303
573 492 1.010303
560 446 1.010303
550 409 1.010303
527 479 1.010303
573 473 1.010303
527 487 1.010303
527 492 1.010303
528 464 1.010303
527 507 1.010303
528 392 1.010303
528 404 1.010303
635 403 1.010303
549 480 1.010303
528 426 1.010303
560 471 1.010303
625 458 1.010303
573 440 1.010303
528 461 1.010303
560 463 1.010303
629 476 1.010303
633 446 1.010303
534 405 1.010303
539 511 1.010303
631 486 1.010303
567 410 1.010303
567 404 1.010303
540 391 1.010303
540 408 1.010303
540 417 1.010303
623 489 1.010303
543 511 1.010303
564 451 1.010303
564 452 1.010303
566 495 1.010303
566 494 1.010303
623 498 1.010303
540 446 1.010303
540 452 1.010303
540 457 1.010303
566 478 1.010303
540 463 1.010303
544 418 1.010303
539 506 1.010303
539 500 1.010303
539 484 1.010303
544 489 1.010303
567 497 1.010303
567 496 1.010303
539 385 1.010303
544 470 1.010303
539 426 1.010303
564 397 1.010303
623 463 1.010303
564 400 1.010303
564 454 1.010303
630 467 1.010303
564 408 1.010303
632 384 1.010303
623 464 1.010303
544 461 1.010303
567 467 1.010303
567 463 1.010303
630 469 1.010303
539 464 1.010303
544 456 1.010303
564 407 1.010303
543 505 1.010303
631 462 1.010303
543 492 1.010303
541 481 1.010303
541 487 1.010303
565 473 1.010303
631 398 1.010303
542 498 1.010303
542 496 1.010303
624 440 1.010303
542 397 1.010303
624 421 1.010303
631 439 1.010303
564 498 1.010303
542 413 1.010303
631 422 1.010303
542 438 1.010303
542 444 1.010303
542 482 1.010303
565 421 1.010303
624 436 1.010303
624 429 1.010303
565 400 1.010303
564 500 1.010303
538 511 1.010303
565 484 1.010303
543 420 1.010303
543 476 1.010303
631 460 1.010303
543 467 1.010303
630 500 1.010303
543 461 1.010303
540 504 1.010303
541 385 1.010303
566 423 1.010303
543 445 1.010303
541 477 1.010303
543 440 1.010303
630 510 1.010303
541 430 1.010303
566 402 1.010303
564 487 1.010303
541 436 1.010303
565 497 1.010303
565 496 1.010303
541 446 1.010303
631 447 1.010303
541 424 1.010303
525 456 1.010303
564 387 1.010303
623 457 1.010303
562 478 1.010303
535 408 1.010303
535 413 1.010303
535 415 1.010303
546 498 1.010303
535 419 1.010303
569 474 1.010303
633 401 1.010303
633 396 1.010303
535 462 1.010303
546 494 1.010303
535 492 1.010303
623 409 1.010303
569 447 1.010303
630 391 1.010303
623 411 1.010303
546 441 1.010303
630 405 1.010303
569 431 1.010303
535 404 1.010303
546 511 1.010303
569 504 1.010303
629 506 1.010303
633 444 1.010303
556 477 1.010303
629 480 1.010303
547 463 1.010303
534 421 1.010303
547 457 1.010303
547 455 1.010303
534 448 1.010303
625 396 1.010303
536 428 1.010303
547 440 1.010303
547 422 1.010303
633 427 1.010303
534 489 1.010303
633 425 1.010303
570 392 1.010303
570 386 1.010303
547 419 1.010303
622 509 1.010303
629 505 1.010303
570 407 1.010303
569 421 1.010303
546 421 1.010303
623 418 1.010303
537 482 1.010303
632 435 1.010303
630 437 1.010303
538 409 1.010303
538 416 1.010303
632 426 1.010303
568 425 1.010303
563 477 1.010303
538 436 1.010303
624 494 1.010303
623 448 1.010303
563 497 1.010303
545 420 1.010303
563 505 1.010303
538 478 1.010303
568 394 1.010303
568 393 1.010303
538 490 1.010303
568 389 1.010303
538 495 1.010303
545 426 1.010303
632 402 1.010303
537 466 1.010303
568 446 1.010303
563 396 1.010303
546 413 1.010303
536 454 1.010303
536 461 1.010303
536 479 1.010303
632 484 1.010303
546 404 1.010303
632 482 1.010303
568 511 1.010303
632 453 1.010303
630 416 1.010303
563 407 1.010303
568 490 1.010303
568 487 1.010303
537 413 1.010303
632 468 1.010303
563 427 1.010303
568 469 1.010303
537 434 1.010303
563 443 1.010303
537 384 1.010303
525 451 1.010303
635 445 1.010303
575 399 1.010303
516 477 1.010303
516 480 1.010303
619 497 1.010303
516 482 1.010303
627 466 1.010303
516 498 1.010303
553 483 1.010303
619 506 1.010303
579 433 1.010303
579 430 1.010303
553 469 1.010303
517 404 1.010303
627 475 1.010303
517 417 1.010303
627 476 1.010303
517 421 1.010303
626 424 1.010303
517 438 1.010303
517 441 1.010303
579 478 1.010303
517 443 1.010303
516 468 1.010303
579 489 1.010303
638 505 1.010303
515 456 1.010303
515 457 1.010303
515 462 1.010303
580 423 1.010303
515 470 1.010303
515 476 1.010303
515 480 1.010303
580 406 1.010303
638 488 1.010303
638 484 1.010303
515 507 1.010303
580 396 1.010303
627 450 1.010303
619 486 1.010303
558 386 1.010303
638 458 1.010303
516 451 1.010303
516 457 1.010303
558 391 1.010303
517 464 1.010303
620 388 1.010303
517 465 1.010303
620 433 1.010303
578 391 1.010303
519 385 1.010303
637 507 1.010303
577 502 1.010303
620 442 1.010303
519 403 1.010303
620 443 1.010303
637 500 1.010303
519 423 1.010303
552 502 1.010303
552 498 1.010303
577 491 1.010303
519 433 1.010303
577 489 1.010303
519 434 1.010303
519 440 1.010303
577 482 1.010303
519 447 1.010303
518 496 1.010303
627 501 1.010303
518 491 1.010303
578 416 1.010303
579 390 1.010303
638 418 1.010303
558 432 1.010303
578 482 1.010303
638 412 1.010303
517 489 1.010303
578 463 1.010303
558 441 1.010303
558 444 1.010303
515 432 1.010303
578 452 1.010303
627 491 1.010303
636 391 1.010303
518 417 1.010303
558 453 1.010303
518 454 1.010303
518 462 1.010303
578 438 1.010303
578 434 1.010303
518 469 1.010303
518 404 1.010303
552 495 1.010303
554 438 1.010303
626 434 1.010303
639 460 1.010303
512 506 1.010303
557 405 1.010303
557 407 1.010303
627 384 1.010303
582 392 1.010303
619 418 1.010303
639 457 1.010303
556 391 1.010303
513 398 1.010303
557 420 1.010303
513 416 1.010303
557 424 1.010303
513 433 1.010303
555 487 1.010303
513 444 1.010303
581 463 1.010303
555 484 1.010303
513 447 1.010303
619 411 1.010303
619 435 1.010303
512 499 1.010303
512 487 1.010303
582 461 1.010303
512 391 1.010303
626 483 1.010303
556 497 1.010303
626 492 1.010303
639 502 1.010303
639 498 1.010303
626 495 1.010303
582 446 1.010303
556 498 1.010303
556 435 1.010303
582 437 1.010303
626 469 1.010303
639 484 1.010303
619 403 1.010303
582 426 1.010303
556 428 1.010303
512 471 1.010303
556 409 1.010303
639 464 1.010303
513 448 1.010303
555 448 1.010303
619 438 1.010303
580 476 1.010303
514 424 1.010303
580 467 1.010303
580 466 1.010303
557 477 1.010303
554 479 1.010303
514 468 1.010303
557 490 1.010303
557 491 1.010303
639 407 1.010303
639 406 1.010303
514 480 1.010303
514 502 1.010303
580 447 1.010303
557 496 1.010303
619 472 1.010303
639 401 1.010303
580 437 1.010303
554 445 1.010303
557 470 1.010303
626 448 1.010303
580 491 1.010303
627 419 1.010303
626 456 1.010303
639 446 1.010303
513 457 1.010303
513 464 1.010303
627 409 1.010303
557 445 1.010303
619 448 1.010303
513 484 1.010303
513 488 1.010303
515 426 1.010303
555 418 1.010303
619 450 1.010303
581 412 1.010303
639 429 1.010303
581 405 1.010303
555 405 1.010303
514 386 1.010303
639 423 1.010303
580 509 1.010303
557 456 1.010303
555 408 1.010303
519 456 1.010303
620 418 1.010303
628 443 1.010303
524 400 1.010303
551 475 1.010303
628 429 1.010303
521 498 1.010303
521 487 1.010303
559 447 1.010303
628 441 1.010303
521 483 1.010303
576 461 1.010303
524 424 1.010303
521 469 1.010303
551 430 1.010303
551 501 1.010303
576 472 1.010303
524 454 1.010303
636 425 1.010303
576 482 1.010303
524 495 1.010303
628 421 1.010303
576 501 1.010303
521 389 1.010303
575 451 1.010303
636 416 1.010303
576 445 1.010303
521 395 1.010303
636 422 1.010303
521 404 1.010303
521 412 1.010303
521 426 1.010303
521 445 1.010303
521 448 1.010303
636 420 1.010303
522 390 1.010303
621 388 1.010303
522 391 1.010303
636 505 1.010303
628 438 1.010303
551 444 1.010303
551 454 1.010303
576 384 1.010303
551 457 1.010303
551 439 1.010303
639 510 1.010303
523 412 1.010303
522 483 1.010303
523 402 1.010303
523 396 1.010303
636 482 1.010303
551 455 1.010303
522 476 1.010303
520 493 1.010303
551 462 1.010303
523 477 1.010303
620 496 1.010303
522 396 1.010303
636 445 1.010303
524 393 1.010303
620 498 1.010303
637 388 1.010303
522 424 1.010303
524 390 1.010303
559 426 1.010303
523 498 1.010303
559 428 1.010303
636 509 1.010303
523 483 1.010303
576 424 1.010303
522 400 1.010303
524 496 1.010303
523 388 1.010303
636 400 1.010303
577 438 1.010303
577 402 1.010303
577 445 1.010303
525 395 1.010303
519 488 1.010303
552 482 1.010303
525 406 1.010303
519 498 1.010303
520 390 1.010303
519 484 1.010303
577 418 1.010303
525 396 1.010303
520 466 1.010303
520 451 1.010303
637 471 1.010303
525 403 1.010303
628 393 1.010303
577 439 1.010303
520 431 1.010303
525 405 1.010303
520 394 1.010303
552 469 1.010303
525 427 1.010303
637 440 1.010303
575 412 1.010303
524 502 1.010303
551 405 1.010303
524 505 1.010303
551 416 1.010303
524 509 1.010303
525 385 1.010303
559 483 1.010303
519 466 1.010303
524 511 1.010303
577 389 1.010303
525 423 1.010303
519 478 1.010303
558 502 1.010303
577 431 1.010303
552 411 1.010303
620 460 1.010303
525 440 1.010303
525 419 1.010303
626 400 1.010303
620 453 1.010303
597 419 1.045141
597 420 1.045141
628 458 1.045141
542 483 1.045141
543 452 1.045141
551 441 1.045141
555 402 1.045141
628 456 1.045141
594 489 1.045141
628 447 1.045141
550 406 1.045141
549 511 1.045141
555 396 1.045141
556 446 1.045141
630 464 1.045141
555 394 1.045141
593 416 1.045141
549 510 1.045141
593 421 1.045141
551 397 1.045141
595 407 1.045141
542 484 1.045141
544 402 1.045141
628 446 1.045141
543 422 1.045141
551 425 1.045141
543 510 1.045141
615 402 1.045141
550 457 1.045141
614 411 1.045141
555 489 1.045141
627 388 1.045141
597 446 1.045141
543 431 1.045141
614 402 1.045141
551 420 1.045141
627 386 1.045141
556 388 1.045141
615 406 1.045141
630 505 1.045141
551 417 1.045141
555 451 1.045141
550 449 1.045141
626 505 1.045141
550 478 1.045141
544 411 1.045141
597 483 1.045141
544 410 1.045141
550 431 1.045141
551 418 1.045141
550 434 1.045141
614 408 1.045141
592 483 1.045141
628 460 1.045141
626 501 1.045141
544 401 1.045141
544 389 1.045141
544 385 1.045141
631 393 1.045141
628 481 1.045141
550 438 1.045141
551 428 1.045141
551 426 1.045141
556 417 1.045141
629 437 1.045141
545 464 1.045141
593 425 1.045141
629 475 1.045141
552 422 1.045141
594 420 1.045141
595 470 1.045141
549 400 1.045141
594 426 1.045141
549 401 1.045141
553 432 1.045141
552 386 1.045141
629 487 1.045141
553 433 1.045141
553 422 1.045141
549 415 1.045141
553 446 1.045141
594 430 1.045141
627 481 1.045141
553 454 1.045141
594 431 1.045141
549 426 1.045141
627 480 1.045141
549 427 1.045141
546 509 1.045141
549 438 1.045141
629 391 1.045141
547 431 1.045141
628 398 1.045141
553 411 1.045141
596 395 1.045141
548 448 1.045141
615 441 1.045141
628 389 1.045141
548 429 1.045141
615 440 1.045141
614 483 1.045141
628 384 1.045141
553 385 1.045141
548 405 1.045141
627 510 1.045141
629 457 1.045141
547 510 1.045141
629 461 1.045141
547 499 1.045141
552 477 1.045141
627 507 1.045141
552 475 1.045141
553 392 1.045141
548 484 1.045141
552 474 1.045141
553 402 1.045141
593 495 1.045141
548 506 1.045141
614 473 1.045141
629 470 1.045141
595 447 1.045141
549 446 1.045141
615 429 1.045141
553 474 1.045141
596 493 1.045141
551 468 1.045141
545 469 1.045141
614 507 1.045141
548 447 1.045141
545 459 1.045141
630 436 1.045141
545 447 1.045141
545 430 1.045141
593 436 1.045141
554 452 1.045141
554 456 1.045141
545 427 1.045141
615 426 1.045141
596 509 1.045141
595 429 1.045141
594 460 1.045141
549 479 1.045141
597 389 1.045141
545 402 1.045141
627 435 1.045141
628 502 1.045141
628 501 1.045141
545 395 1.045141
544 490 1.045141
545 486 1.045141
549 502 1.045141
630 428 1.045141
546 388 1.045141
546 497 1.045141
593 468 1.045141
596 442 1.045141
593 465 1.045141
549 458 1.045141
546 492 1.045141
596 455 1.045141
593 459 1.045141
630 399 1.045141
594 438 1.045141
553 499 1.045141
596 463 1.045141
614 440 1.045141
595 441 1.045141
627 461 1.045141
546 416 1.045141
628 427 1.045141
627 460 1.045141
554 402 1.045141
551 486 1.045141
628 510 1.045141
593 449 1.045141
630 420 1.045141
615 467 1.045141
546 389 1.045141
614 436 1.045141
631 408 1.045141
534 407 1.045141
542 451 1.045141
521 453 1.045141
637 412 1.045141
605 474 1.045141
521 490 1.045141
521 502 1.045141
522 384 1.045141
637 387 1.045141
637 384 1.045141
605 455 1.045141
521 406 1.045141
522 431 1.045141
636 500 1.045141
522 448 1.045141
522 459 1.045141
522 493 1.045141
523 416 1.045141
523 429 1.045141
523 442 1.045141
523 455 1.045141
636 444 1.045141
522 444 1.045141
605 388 1.045141
520 498 1.045141
520 492 1.045141
637 499 1.045141
519 428 1.045141
637 495 1.045141
519 453 1.045141
606 464 1.045141
606 460 1.045141
519 480 1.045141
519 486 1.045141
520 438 1.045141
520 495 1.045141
520 439 1.045141
520 442 1.045141
520 455 1.045141
606 409 1.045141
606 401 1.045141
520 470 1.045141
520 471 1.045141
606 398 1.045141
637 441 1.045141
520 486 1.045141
611 406 1.045141
519 412 1.045141
524 446 1.045141
524 451 1.045141
526 479 1.045141
526 504 1.045141
635 459 1.045141
527 386 1.045141
527 389 1.045141
635 455 1.045141
527 396 1.045141
527 398 1.045141
527 399 1.045141
635 479 1.045141
527 405 1.045141
527 439 1.045141
527 441 1.045141
603 456 1.045141
527 454 1.045141
527 465 1.045141
603 445 1.045141
527 482 1.045141
527 484 1.045141
635 425 1.045141
527 418 1.045141
604 497 1.045141
604 392 1.045141
526 425 1.045141
524 463 1.045141
604 490 1.045141
524 480 1.045141
524 499 1.045141
524 501 1.045141
604 471 1.045141
525 424 1.045141
525 425 1.045141
525 428 1.045141
526 437 1.045141
611 463 1.045141
611 470 1.045141
636 387 1.045141
604 420 1.045141
604 415 1.045141
526 388 1.045141
526 406 1.045141
526 410 1.045141
526 413 1.045141
526 419 1.045141
525 437 1.045141
528 388 1.045141
606 488 1.045141
519 384 1.045141
513 441 1.045141
609 413 1.045141
513 446 1.045141
513 449 1.045141
513 451 1.045141
513 471 1.045141
513 477 1.045141
639 433 1.045141
513 497 1.045141
609 418 1.045141
608 510 1.045141
514 391 1.045141
514 396 1.045141
514 399 1.045141
514 403 1.045141
514 413 1.045141
610 404 1.045141
514 419 1.045141
514 432 1.045141
514 437 1.045141
639 427 1.045141
639 413 1.045141
639 448 1.045141
513 405 1.045141
512 392 1.045141
609 489 1.045141
512 396 1.045141
512 403 1.045141
609 477 1.045141
512 417 1.045141
512 430 1.045141
512 436 1.045141
639 483 1.045141
513 419 1.045141
609 463 1.045141
512 466 1.045141
512 476 1.045141
639 462 1.045141
609 443 1.045141
639 458 1.045141
609 441 1.045141
513 391 1.045141
513 392 1.045141
513 394 1.045141
512 457 1.045141
637 504 1.045141
608 481 1.045141
608 479 1.045141
517 409 1.045141
638 432 1.045141
517 434 1.045141
610 483 1.045141
638 421 1.045141
610 487 1.045141
607 423 1.045141
517 483 1.045141
607 421 1.045141
517 402 1.045141
607 418 1.045141
518 402 1.045141
518 406 1.045141
518 434 1.045141
607 388 1.045141
518 457 1.045141
518 467 1.045141
518 484 1.045141
638 384 1.045141
610 506 1.045141
607 411 1.045141
608 480 1.045141
607 463 1.045141
517 384 1.045141
514 494 1.045141
610 412 1.045141
608 458 1.045141
610 417 1.045141
515 408 1.045141
515 417 1.045141
639 384 1.045141
515 430 1.045141
516 387 1.045141
517 386 1.045141
516 394 1.045141
608 388 1.045141
516 458 1.045141
516 461 1.045141
638 452 1.045141
516 476 1.045141
610 459 1.045141
607 486 1.045141
516 486 1.045141
516 500 1.045141
516 426 1.045141
612 401 1.045141
528 409 1.045141
603 421 1.045141
632 427 1.045141
599 446 1.045141
538 453 1.045141
599 432 1.045141
613 459 1.045141
599 425 1.045141
599 423 1.045141
599 422 1.045141
538 483 1.045141
538 407 1.045141
632 410 1.045141
538 500 1.045141
538 505 1.045141
613 466 1.045141
613 467 1.045141
539 417 1.045141
539 430 1.045141
539 438 1.045141
539 440 1.045141
539 442 1.045141
599 413 1.045141
539 450 1.045141
538 397 1.045141
632 430 1.045141
536 435 1.045141
536 443 1.045141
536 444 1.045141
536 448 1.045141
613 424 1.045141
536 489 1.045141
632 476 1.045141
632 471 1.045141
537 410 1.045141
599 453 1.045141
537 412 1.045141
632 465 1.045141
632 463 1.045141
537 426 1.045141
537 430 1.045141
537 437 1.045141
537 440 1.045141
599 478 1.045141
537 479 1.045141
599 461 1.045141
599 496 1.045141
536 416 1.045141
539 453 1.045141
539 457 1.045141
541 409 1.045141
541 410 1.045141
541 422 1.045141
541 429 1.045141
598 417 1.045141
541 439 1.045141
541 441 1.045141
598 411 1.045141
541 457 1.045141
541 391 1.045141
541 467 1.045141
541 492 1.045141
542 387 1.045141
542 390 1.045141
542 396 1.045141
598 386 1.045141
542 399 1.045141
542 410 1.045141
542 419 1.045141
614 389 1.045141
598 392 1.045141
631 511 1.045141
540 500 1.045141
540 483 1.045141
631 500 1.045141
598 493 1.045141
631 489 1.045141
598 489 1.045141
539 509 1.045141
631 484 1.045141
598 482 1.045141
540 403 1.045141
540 423 1.045141
613 491 1.045141
598 468 1.045141
540 431 1.045141
540 442 1.045141
540 445 1.045141
598 454 1.045141
540 469 1.045141
631 463 1.045141
540 477 1.045141
540 478 1.045141
540 480 1.045141
598 467 1.045141
536 412 1.045141
600 416 1.045141
536 410 1.045141
530 436 1.045141
530 458 1.045141
530 465 1.045141
602 443 1.045141
634 449 1.045141
530 507 1.045141
634 440 1.045141
531 391 1.045141
602 428 1.045141
530 431 1.045141
531 406 1.045141
602 414 1.045141
531 477 1.045141
602 400 1.045141
531 499 1.045141
602 390 1.045141
612 462 1.045141
532 413 1.045141
532 416 1.045141
532 423 1.045141
634 425 1.045141
601 494 1.045141
602 472 1.045141
602 478 1.045141
603 419 1.045141
528 413 1.045141
528 446 1.045141
603 409 1.045141
528 457 1.045141
528 478 1.045141
528 487 1.045141
635 389 1.045141
603 392 1.045141
529 499 1.045141
528 496 1.045141
634 502 1.045141
529 406 1.045141
602 500 1.045141
529 436 1.045141
602 497 1.045141
529 456 1.045141
602 486 1.045141
634 487 1.045141
529 479 1.045141
529 390 1.045141
532 451 1.045141
601 488 1.045141
532 461 1.045141
534 442 1.045141
534 446 1.045141
534 453 1.045141
534 454 1.045141
600 507 1.045141
534 478 1.045141
534 481 1.045141
613 385 1.045141
534 510 1.045141
534 411 1.045141
613 387 1.045141
600 478 1.045141
600 471 1.045141
535 418 1.045141
633 399 1.045141
535 469 1.045141
535 487 1.045141
535 505 1.045141
536 398 1.045141
600 420 1.045141
600 479 1.045141
612 497 1.045141
534 402 1.045141
633 447 1.045141
532 467 1.045141
601 481 1.045141
532 472 1.045141
601 478 1.045141
532 473 1.045141
601 472 1.045141
532 490 1.045141
532 493 1.045141
532 494 1.045141
532 505 1.045141
601 446 1.045141
533 416 1.045141
601 439 1.045141
533 433 1.045141
533 435 1.045141
633 475 1.045141
533 444 1.045141
533 473 1.045141
533 488 1.045141
533 492 1.045141
601 406 1.045141
631 411 1.045141
556 480 1.045141
560 500 1.045141
589 421 1.045141
585 385 1.045141
560 435 1.045141
585 384 1.045141
560 423 1.045141
560 397 1.045141
617 499 1.045141
571 399 1.045141
576 470 1.045141
589 440 1.045141
560 385 1.045141
576 448 1.045141
584 499 1.045141
565 448 1.045141
591 418 1.045141
589 435 1.045141
577 385 1.045141
577 386 1.045141
565 470 1.045141
565 471 1.045141
620 464 1.045141
620 463 1.045141
622 464 1.045141
565 440 1.045141
577 432 1.045141
591 402 1.045141
585 389 1.045141
575 493 1.045141
571 450 1.045141
561 390 1.045141
617 403 1.045141
575 510 1.045141
560 491 1.045141
576 394 1.045141
624 438 1.045141
576 396 1.045141
587 408 1.045141
617 501 1.045141
576 401 1.045141
585 408 1.045141
560 467 1.045141
618 430 1.045141
618 432 1.045141
560 458 1.045141
620 500 1.045141
576 431 1.045141
576 444 1.045141
624 428 1.045141
560 449 1.045141
576 403 1.045141
577 437 1.045141
622 465 1.045141
591 429 1.045141
587 468 1.045141
578 405 1.045141
578 415 1.045141
578 429 1.045141
584 417 1.045141
620 422 1.045141
620 421 1.045141
616 436 1.045141
578 443 1.045141
559 410 1.045141
578 385 1.045141
617 486 1.045141
584 412 1.045141
587 474 1.045141
570 416 1.045141
624 388 1.045141
591 468 1.045141
584 409 1.045141
566 425 1.045141
559 391 1.045141
578 460 1.045141
587 479 1.045141
570 424 1.045141
589 410 1.045141
620 440 1.045141
577 501 1.045141
559 481 1.045141
625 500 1.045141
570 460 1.045141
587 449 1.045141
570 455 1.045141
622 486 1.045141
618 449 1.045141
587 454 1.045141
586 449 1.045141
626 476 1.045141
624 407 1.045141
584 453 1.045141
620 451 1.045141
577 471 1.045141
577 487 1.045141
559 442 1.045141
584 443 1.045141
570 437 1.045141
559 434 1.045141
566 403 1.045141
584 440 1.045141
566 405 1.045141
577 498 1.045141
561 407 1.045141
578 466 1.045141
561 410 1.045141
622 437 1.045141
621 466 1.045141
624 509 1.045141
573 500 1.045141
573 501 1.045141
621 462 1.045141
572 458 1.045141
624 510 1.045141
616 491 1.045141
572 454 1.045141
625 385 1.045141
590 425 1.045141
586 397 1.045141
621 459 1.045141
590 437 1.045141
586 487 1.045141
564 392 1.045141
622 399 1.045141
625 394 1.045141
621 455 1.045141
624 467 1.045141
562 456 1.045141
624 464 1.045141
562 465 1.045141
616 483 1.045141
590 387 1.045141
573 477 1.045141
586 451 1.045141
573 397 1.045141
624 487 1.045141
573 421 1.045141
563 429 1.045141
573 428 1.045141
573 393 1.045141
573 442 1.045141
563 421 1.045141
617 511 1.045141
624 506 1.045141
621 484 1.045141
586 463 1.045141
624 472 1.045141
563 394 1.045141
573 451 1.045141
563 385 1.045141
590 390 1.045141
572 501 1.045141
572 495 1.045141
562 504 1.045141
573 464 1.045141
621 497 1.045141
586 493 1.045141
574 424 1.045141
574 426 1.045141
562 387 1.045141
585 463 1.045141
564 466 1.045141
571 500 1.045141
564 468 1.045141
621 409 1.045141
561 482 1.045141
575 442 1.045141
564 475 1.045141
561 458 1.045141
624 453 1.045141
589 472 1.045141
564 488 1.045141
618 426 1.045141
621 398 1.045141
589 468 1.045141
575 468 1.045141
589 467 1.045141
575 471 1.045141
571 469 1.045141
575 477 1.045141
571 465 1.045141
561 453 1.045141
586 510 1.045141
586 509 1.045141
625 411 1.045141
574 427 1.045141
590 446 1.045141
574 435 1.045141
625 400 1.045141
572 397 1.045141
625 402 1.045141
574 452 1.045141
564 424 1.045141
564 425 1.045141
625 403 1.045141
621 436 1.045141
585 487 1.045141
586 500 1.045141
562 427 1.045141
574 493 1.045141
564 434 1.045141
585 482 1.045141
586 506 1.045141
574 494 1.045141
564 441 1.045141
574 507 1.045141
586 507 1.045141
564 442 1.045141
590 499 1.045141
559 388 1.045141
573 411 1.045141
569 458 1.045141
580 411 1.045141
567 437 1.045141
567 438 1.045141
580 426 1.045141
567 442 1.045141
626 459 1.045141
567 455 1.045141
588 418 1.045141
569 443 1.045141
583 460 1.045141
583 458 1.045141
557 511 1.045141
617 450 1.045141
569 441 1.045141
583 457 1.045141
569 440 1.045141
588 415 1.045141
583 397 1.045141
619 478 1.045141
580 400 1.045141
588 426 1.045141
569 465 1.045141
580 384 1.045141
567 395 1.045141
558 425 1.045141
582 398 1.045141
557 411 1.045141
616 415 1.045141
582 395 1.045141
588 455 1.045141
569 457 1.045141
568 388 1.045141
583 474 1.045141
588 419 1.045141
581 488 1.045141
569 449 1.045141
619 481 1.045141
623 417 1.045141
588 486 1.045141
626 457 1.045141
588 401 1.045141
569 387 1.045141
581 426 1.045141
617 438 1.045141
583 439 1.045141
588 470 1.045141
580 470 1.045141
618 497 1.045141
581 404 1.045141
580 473 1.045141
567 491 1.045141
626 446 1.045141
567 481 1.045141
618 494 1.045141
623 425 1.045141
567 482 1.045141
619 455 1.045141
580 456 1.045141
588 480 1.045141
616 403 1.045141
569 413 1.045141
619 432 1.045141
557 505 1.045141
580 445 1.045141
592 404 1.045141
568 491 1.045141
618 462 1.045141
619 437 1.045141
581 449 1.045141
618 490 1.045141
588 465 1.045141
618 491 1.045141
580 450 1.045141
580 454 1.045141
623 467 1.045141
557 492 1.045141
580 455 1.045141
619 406 1.045141
557 401 1.045141
580 496 1.045141
623 491 1.045141
588 428 1.045141
566 496 1.045141
582 430 1.045141
626 413 1.045141
626 401 1.045141
616 432 1.045141
588 429 1.045141
617 481 1.045141
617 458 1.045141
588 446 1.045141
579 410 1.045141
556 507 1.045141
582 425 1.045141
626 396 1.045141
558 479 1.045141
579 411 1.045141
616 430 1.045141
558 505 1.045141
619 510 1.045141
623 391 1.045141
592 453 1.045141
592 454 1.045141
582 443 1.045141
619 507 1.045141
579 428 1.045141
579 419 1.045141
566 484 1.045141
588 509 1.045141
623 450 1.045141
620 391 1.045141
558 440 1.045141
622 505 1.045141
624 385 1.045141
579 491 1.045141
626 475 1.045141
626 474 1.045141
558 451 1.045141
568 424 1.045141
582 479 1.045141
579 386 1.045141
582 423 1.045141
583 486 1.045141
620 390 1.045141
584 391 1.045141
623 495 1.045141
618 466 1.045141
584 387 1.045141
579 472 1.045141
566 501 1.045141
591 475 1.045141
566 460 1.045141
566 455 1.045141
568 431 1.079979
530 483 1.079979
623 444 1.079979
572 403 1.079979
634 510 1.079979
530 500 1.079979
537 497 1.079979
537 388 1.079979
599 502 1.079979
568 438 1.079979
617 456 1.079979
602 427 1.079979
599 509 1.079979
537 406 1.079979
599 460 1.079979
528 511 1.079979
599 511 1.079979
612 435 1.079979
537 403 1.079979
603 384 1.079979
573 395 1.079979
622 411 1.079979
537 399 1.079979
602 431 1.079979
612 430 1.079979
568 489 1.079979
568 465 1.079979
586 482 1.079979
530 425 1.079979
568 439 1.079979
599 474 1.079979
531 414 1.079979
572 450 1.079979
530 394 1.079979
529 469 1.079979
529 466 1.079979
530 386 1.079979
572 451 1.079979
599 487 1.079979
572 463 1.079979
529 498 1.079979
602 475 1.079979
537 448 1.079979
623 438 1.079979
529 480 1.079979
632 457 1.079979
529 471 1.079979
572 483 1.079979
634 490 1.079979
530 444 1.079979
572 410 1.079979
634 451 1.079979
602 498 1.079979
572 423 1.079979
572 431 1.079979
572 460 1.079979
613 440 1.079979
537 488 1.079979
599 465 1.079979
623 428 1.079979
529 444 1.079979
568 481 1.079979
529 446 1.079979
572 435 1.079979
632 466 1.079979
537 483 1.079979
530 454 1.079979
622 400 1.079979
568 470 1.079979
529 458 1.079979
530 448 1.079979
612 433 1.079979
570 397 1.079979
587 396 1.079979
602 419 1.079979
633 407 1.079979
569 469 1.079979
570 447 1.079979
535 447 1.079979
533 467 1.079979
533 458 1.079979
535 455 1.079979
587 439 1.079979
633 476 1.079979
622 468 1.079979
569 468 1.079979
535 458 1.079979
633 456 1.079979
633 479 1.079979
613 401 1.079979
601 441 1.079979
600 447 1.079979
623 407 1.079979
622 461 1.079979
535 465 1.079979
533 410 1.079979
535 468 1.079979
623 408 1.079979
601 445 1.079979
535 480 1.079979
587 431 1.079979
533 422 1.079979
587 430 1.079979
533 510 1.079979
569 477 1.079979
633 422 1.079979
600 500 1.079979
587 478 1.079979
570 398 1.079979
534 499 1.079979
534 471 1.079979
534 509 1.079979
633 417 1.079979
587 488 1.079979
534 433 1.079979
633 436 1.079979
600 483 1.079979
534 388 1.079979
622 490 1.079979
633 442 1.079979
601 399 1.079979
570 435 1.079979
600 481 1.079979
569 502 1.079979
600 476 1.079979
535 403 1.079979
534 396 1.079979
623 392 1.079979
534 395 1.079979
633 449 1.079979
623 397 1.079979
633 413 1.079979
634 426 1.079979
533 393 1.079979
601 455 1.079979
536 453 1.079979
571 466 1.079979
602 385 1.079979
532 401 1.079979
622 434 1.079979
532 390 1.079979
532 388 1.079979
531 505 1.079979
536 464 1.079979
536 474 1.079979
531 501 1.079979
622 428 1.079979
634 395 1.079979
571 479 1.079979
531 482 1.079979
536 476 1.079979
531 478 1.079979
622 417 1.079979
531 471 1.079979
536 493 1.079979
531 462 1.079979
531 457 1.079979
531 453 1.079979
571 504 1.079979
536 511 1.079979
531 446 1.079979
571 497 1.079979
601 453 1.079979
571 460 1.079979
532 427 1.079979
622 452 1.079979
571 418 1.079979
532 491 1.079979
535 494 1.079979
600 433 1.079979
535 499 1.079979
569 446 1.079979
601 468 1.079979
536 399 1.079979
532 488 1.079979
600 423 1.079979
532 478 1.079979
571 456 1.079979
532 476 1.079979
587 412 1.079979
622 442 1.079979
633 506 1.079979
588 386 1.079979
601 490 1.079979
569 436 1.079979
633 509 1.079979
632 505 1.079979
612 466 1.079979
617 472 1.079979
601 499 1.079979
613 421 1.079979
600 421 1.079979
533 494 1.079979
611 478 1.079979
603 395 1.079979
607 489 1.079979
516 481 1.079979
579 444 1.079979
516 488 1.079979
607 481 1.079979
516 494 1.079979
638 442 1.079979
579 447 1.079979
619 505 1.079979
516 507 1.079979
517 398 1.079979
610 465 1.079979
517 400 1.079979
517 418 1.079979
638 431 1.079979
638 430 1.079979
610 461 1.079979
517 433 1.079979
583 493 1.079979
618 474 1.079979
515 504 1.079979
608 404 1.079979
580 391 1.079979
516 412 1.079979
608 397 1.079979
608 396 1.079979
608 395 1.079979
516 471 1.079979
516 422 1.079979
579 500 1.079979
610 450 1.079979
579 499 1.079979
579 493 1.079979
579 492 1.079979
607 506 1.079979
516 466 1.079979
638 463 1.079979
517 440 1.079979
579 404 1.079979
517 450 1.079979
577 510 1.079979
519 405 1.079979
519 409 1.079979
618 453 1.079979
519 419 1.079979
584 442 1.079979
584 447 1.079979
578 395 1.079979
519 452 1.079979
577 463 1.079979
519 459 1.079979
577 460 1.079979
606 457 1.079979
519 471 1.079979
606 453 1.079979
584 460 1.079979
611 388 1.079979
518 499 1.079979
584 420 1.079979
518 444 1.079979
517 458 1.079979
578 500 1.079979
517 484 1.079979
517 487 1.079979
578 469 1.079979
517 494 1.079979
517 504 1.079979
517 506 1.079979
518 388 1.079979
518 396 1.079979
518 405 1.079979
618 460 1.079979
518 410 1.079979
518 412 1.079979
607 393 1.079979
607 389 1.079979
518 438 1.079979
515 499 1.079979
515 490 1.079979
515 488 1.079979
515 479 1.079979
582 399 1.079979
619 420 1.079979
512 511 1.079979
581 505 1.079979
513 415 1.079979
609 430 1.079979
513 426 1.079979
609 445 1.079979
513 429 1.079979
513 437 1.079979
581 471 1.079979
513 440 1.079979
581 470 1.079979
619 433 1.079979
583 401 1.079979
609 408 1.079979
581 484 1.079979
582 400 1.079979
582 402 1.079979
619 407 1.079979
512 387 1.079979
512 394 1.079979
582 455 1.079979
512 395 1.079979
582 454 1.079979
639 501 1.079979
609 479 1.079979
619 400 1.079979
512 420 1.079979
512 424 1.079979
609 472 1.079979
512 429 1.079979
582 435 1.079979
639 488 1.079979
582 495 1.079979
582 500 1.079979
512 486 1.079979
513 470 1.079979
519 489 1.079979
581 431 1.079979
513 472 1.079979
639 393 1.079979
608 459 1.079979
515 391 1.079979
515 395 1.079979
639 390 1.079979
580 433 1.079979
639 387 1.079979
515 388 1.079979
515 416 1.079979
515 440 1.079979
515 444 1.079979
580 432 1.079979
580 430 1.079979
638 495 1.079979
515 472 1.079979
608 419 1.079979
638 506 1.079979
608 465 1.079979
608 468 1.079979
514 497 1.079979
639 438 1.079979
513 481 1.079979
513 482 1.079979
581 410 1.079979
581 389 1.079979
580 504 1.079979
580 480 1.079979
618 493 1.079979
580 477 1.079979
583 438 1.079979
608 489 1.079979
514 441 1.079979
514 462 1.079979
639 411 1.079979
583 443 1.079979
514 473 1.079979
580 453 1.079979
609 398 1.079979
586 447 1.079979
618 448 1.079979
519 509 1.079979
621 449 1.079979
604 399 1.079979
604 397 1.079979
526 430 1.079979
526 445 1.079979
585 507 1.079979
526 461 1.079979
604 402 1.079979
526 470 1.079979
526 484 1.079979
526 487 1.079979
526 491 1.079979
526 494 1.079979
574 412 1.079979
574 405 1.079979
527 387 1.079979
611 487 1.079979
603 491 1.079979
604 405 1.079979
574 480 1.079979
585 467 1.079979
575 407 1.079979
618 416 1.079979
575 406 1.079979
575 397 1.079979
575 396 1.079979
525 455 1.079979
574 465 1.079979
575 393 1.079979
525 487 1.079979
525 488 1.079979
604 419 1.079979
525 495 1.079979
618 415 1.079979
525 499 1.079979
599 445 1.079979
525 469 1.079979
603 487 1.079979
618 406 1.079979
603 483 1.079979
528 389 1.079979
635 413 1.079979
573 453 1.079979
573 452 1.079979
586 429 1.079979
621 481 1.079979
528 427 1.079979
621 480 1.079979
528 434 1.079979
528 456 1.079979
586 436 1.079979
573 437 1.079979
573 424 1.079979
612 406 1.079979
603 397 1.079979
528 491 1.079979
528 450 1.079979
528 385 1.079979
635 419 1.079979
573 481 1.079979
574 400 1.079979
527 401 1.079979
603 476 1.079979
527 416 1.079979
635 447 1.079979
635 446 1.079979
574 388 1.079979
574 384 1.079979
603 467 1.079979
635 444 1.079979
586 401 1.079979
621 464 1.079979
635 437 1.079979
603 448 1.079979
573 484 1.079979
527 474 1.079979
618 398 1.079979
525 420 1.079979
525 412 1.079979
636 401 1.079979
575 423 1.079979
521 427 1.079979
521 439 1.079979
605 484 1.079979
605 483 1.079979
637 406 1.079979
521 474 1.079979
637 400 1.079979
620 479 1.079979
521 479 1.079979
605 468 1.079979
522 389 1.079979
585 392 1.079979
576 425 1.079979
522 438 1.079979
522 441 1.079979
576 408 1.079979
620 482 1.079979
521 408 1.079979
576 490 1.079979
618 438 1.079979
637 474 1.079979
606 430 1.079979
577 443 1.079979
520 392 1.079979
577 441 1.079979
637 463 1.079979
520 433 1.079979
520 445 1.079979
577 421 1.079979
520 469 1.079979
577 395 1.079979
520 472 1.079979
584 490 1.079979
520 497 1.079979
520 505 1.079979
611 415 1.079979
521 393 1.079979
636 488 1.079979
637 480 1.079979
605 432 1.079979
605 426 1.079979
611 453 1.079979
636 430 1.079979
585 438 1.079979
524 456 1.079979
621 401 1.079979
575 461 1.079979
524 471 1.079979
604 510 1.079979
636 413 1.079979
636 406 1.079979
585 448 1.079979
575 443 1.079979
621 407 1.079979
621 415 1.079979
525 388 1.079979
575 427 1.079979
524 488 1.079979
604 511 1.079979
524 423 1.079979
524 416 1.079979
576 395 1.079979
523 439 1.079979
575 497 1.079979
605 411 1.079979
636 456 1.079979
523 486 1.079979
523 494 1.079979
575 491 1.079979
524 386 1.079979
605 402 1.079979
621 386 1.079979
524 394 1.079979
605 392 1.079979
605 391 1.079979
605 390 1.079979
524 405 1.079979
575 473 1.079979
522 501 1.079979
568 423 1.079979
582 472 1.079979
561 402 1.079979
627 499 1.079979
553 401 1.079979
624 442 1.079979
593 497 1.079979
591 495 1.079979
558 457 1.079979
558 455 1.079979
597 490 1.079979
591 425 1.079979
629 481 1.079979
631 409 1.079979
614 467 1.079979
616 425 1.079979
542 465 1.079979
627 492 1.079979
553 431 1.079979
626 418 1.079979
597 494 1.079979
565 384 1.079979
596 404 1.079979
627 486 1.079979
558 458 1.079979
596 410 1.079979
542 494 1.079979
562 449 1.079979
552 497 1.079979
559 490 1.079979
615 446 1.079979
630 507 1.079979
543 432 1.079979
624 445 1.079979
543 415 1.079979
626 403 1.079979
631 390 1.079979
547 437 1.079979
629 478 1.079979
614 400 1.079979
628 452 1.079979
629 492 1.079979
543 386 1.079979
542 507 1.079979
547 448 1.079979
628 453 1.079979
562 451 1.079979
589 462 1.079979
593 506 1.079979
626 412 1.079979
543 399 1.079979
553 445 1.079979
565 425 1.079979
629 477 1.079979
589 428 1.079979
562 429 1.079979
565 487 1.079979
559 441 1.079979
625 490 1.079979
617 416 1.079979
559 500 1.079979
541 460 1.079979
626 430 1.079979
589 423 1.079979
541 484 1.079979
548 390 1.079979
616 411 1.079979
625 405 1.079979
631 448 1.079979
550 473 1.079979
598 412 1.079979
550 467 1.079979
554 406 1.079979
565 505 1.079979
560 388 1.079979
541 427 1.079979
553 500 1.079979
589 475 1.079979
565 476 1.079979
558 400 1.079979
558 428 1.079979
597 500 1.079979
626 422 1.079979
616 419 1.079979
591 423 1.079979
547 472 1.079979
565 428 1.079979
542 427 1.079979
558 410 1.079979
597 507 1.079979
553 491 1.079979
547 474 1.079979
562 439 1.079979
553 476 1.079979
553 481 1.079979
624 426 1.079979
565 433 1.079979
558 401 1.079979
593 467 1.079979
593 466 1.079979
594 506 1.079979
616 478 1.079979
558 409 1.079979
630 504 1.079979
547 432 1.079979
619 386 1.079979
551 477 1.079979
596 504 1.079979
562 501 1.079979
594 444 1.079979
590 396 1.079979
630 404 1.079979
559 422 1.079979
559 419 1.079979
630 402 1.079979
562 497 1.079979
630 443 1.079979
626 387 1.079979
559 458 1.079979
630 398 1.079979
596 452 1.079979
591 439 1.079979
551 505 1.079979
559 392 1.079979
545 405 1.079979
552 391 1.079979
546 456 1.079979
545 404 1.079979
624 475 1.079979
552 392 1.079979
630 442 1.079979
596 462 1.079979
594 463 1.079979
563 406 1.079979
624 498 1.079979
559 432 1.079979
615 425 1.079979
591 451 1.079979
563 428 1.079979
546 420 1.079979
562 510 1.079979
630 424 1.079979
590 399 1.079979
596 467 1.079979
545 489 1.079979
594 468 1.079979
545 484 1.079979
545 482 1.079979
546 428 1.079979
594 448 1.079979
594 469 1.079979
559 444 1.079979
563 445 1.079979
563 448 1.079979
625 509 1.079979
615 462 1.079979
546 467 1.079979
614 417 1.079979
552 466 1.079979
564 420 1.079979
594 490 1.079979
547 411 1.079979
624 458 1.079979
547 420 1.079979
544 392 1.079979
544 386 1.079979
547 421 1.079979
561 404 1.079979
630 483 1.079979
558 509 1.079979
543 508 1.079979
552 476 1.079979
625 389 1.079979
552 484 1.079979
552 486 1.079979
543 484 1.079979
552 494 1.079979
543 480 1.079979
589 479 1.079979
624 451 1.079979
564 453 1.079979
552 402 1.079979
544 432 1.079979
544 434 1.079979
597 398 1.079979
546 474 1.079979
552 418 1.079979
552 432 1.079979
590 385 1.079979
562 479 1.079979
597 405 1.079979
564 389 1.079979
552 453 1.079979
626 394 1.079979
628 445 1.079979
559 472 1.079979
615 438 1.079979
596 436 1.079979
564 396 1.079979
597 413 1.079979
616 445 1.079979
614 454 1.079979
552 465 1.079979
564 410 1.079979
616 446 1.079979
544 441 1.079979
546 500 1.079979
598 423 1.079979
558 399 1.079979
563 404 1.079979
614 497 1.079979
561 468 1.079979
588 499 1.079979
555 417 1.079979
540 390 1.079979
555 428 1.079979
615 490 1.079979
591 397 1.079979
560 477 1.079979
588 494 1.079979
561 465 1.079979
623 453 1.079979
599 412 1.079979
625 429 1.079979
560 459 1.079979
598 491 1.079979
632 405 1.079979
561 476 1.079979
540 393 1.079979
540 396 1.079979
557 473 1.079979
540 448 1.079979
566 490 1.079979
632 412 1.079979
561 493 1.079979
566 499 1.079979
626 468 1.079979
538 438 1.079979
626 449 1.079979
627 417 1.079979
628 496 1.079979
567 394 1.079979
560 487 1.079979
631 474 1.079979
540 413 1.079979
557 447 1.079979
557 392 1.079979
567 446 1.079979
623 455 1.079979
557 441 1.079979
539 497 1.079979
561 440 1.079979
556 418 1.079979
567 470 1.079979
613 473 1.079979
555 501 1.079979
549 405 1.079979
561 432 1.079979
549 416 1.079979
626 466 1.079979
567 476 1.079979
567 501 1.079979
560 469 1.079979
588 469 1.079979
539 416 1.079979
567 493 1.079979
556 396 1.079979
539 387 1.079979
613 475 1.079979
629 425 1.079979
549 419 1.079979
629 408 1.079979
561 430 1.079979
538 501 1.079979
549 501 1.079979
593 392 1.079979
598 424 1.079979
613 479 1.079979
627 405 1.079979
557 434 1.079979
593 386 1.079979
560 465 1.079979
555 474 1.079979
631 497 1.079979
561 431 1.079979
627 396 1.079979
567 461 1.079979
549 396 1.079979
627 394 1.079979
595 461 1.079979
555 385 1.079979
540 430 1.079979
615 387 1.079979
541 396 1.079979
632 416 1.079979
626 436 1.079979
538 468 1.079979
566 427 1.079979
627 440 1.079979
538 473 1.079979
568 396 1.079979
598 440 1.079979
592 406 1.079979
626 437 1.079979
566 466 1.079979
593 429 1.079979
593 428 1.079979
554 461 1.079979
592 471 1.079979
566 471 1.079979
549 440 1.079979
538 461 1.079979
538 443 1.079979
549 448 1.079979
561 415 1.079979
538 445 1.079979
561 389 1.079979
599 436 1.079979
541 413 1.079979
556 452 1.079979
627 444 1.079979
568 411 1.079979
538 459 1.079979
556 447 1.079979
557 507 1.079979
550 450 1.079979
615 473 1.079979
598 431 1.079979
590 471 1.079979
592 494 1.079979
625 457 1.079979
540 455 1.079979
626 497 1.079979
595 492 1.079979
554 502 1.079979
540 459 1.079979
617 425 1.079979
560 439 1.079979
554 499 1.079979
554 489 1.079979
626 496 1.079979
556 433 1.079979
595 433 1.079979
588 448 1.079979
588 449 1.079979
613 487 1.079979
548 459 1.079979
590 496 1.079979
538 479 1.079979
550 397 1.079979
627 434 1.079979
548 456 1.079979
566 476 1.079979
595 489 1.079979
599 426 1.079979
585 424 1.114817
606 440 1.114817
606 436 1.114817
519 455 1.114817
519 506 1.114817
637 478 1.114817
577 475 1.114817
549 478 1.114817
637 475 1.114817
636 458 1.114817
519 439 1.114817
637 497 1.114817
606 456 1.114817
606 439 1.114817
519 502 1.114817
549 475 1.114817
594 467 1.114817
611 437 1.114817
606 451 1.114817
551 432 1.114817
576 400 1.114817
577 456 1.114817
559 460 1.114817
584 456 1.114817
576 393 1.114817
519 461 1.114817
595 430 1.114817
606 455 1.114817
584 461 1.114817
523 392 1.114817
559 464 1.114817
609 495 1.114817
575 507 1.114817
551 434 1.114817
523 433 1.114817
595 436 1.114817
594 481 1.114817
614 504 1.114817
625 502 1.114817
551 421 1.114817
559 448 1.114817
591 412 1.114817
522 484 1.114817
606 388 1.114817
591 411 1.114817
606 391 1.114817
605 481 1.114817
521 468 1.114817
584 492 1.114817
584 491 1.114817
618 435 1.114817
595 395 1.114817
521 470 1.114817
616 452 1.114817
616 453 1.114817
560 425 1.114817
591 422 1.114817
577 387 1.114817
618 440 1.114817
620 489 1.114817
628 483 1.114817
550 447 1.114817
520 499 1.114817
521 460 1.114817
615 395 1.114817
550 456 1.114817
637 416 1.114817
521 424 1.114817
521 423 1.114817
637 418 1.114817
521 429 1.114817
521 431 1.114817
521 419 1.114817
576 489 1.114817
625 480 1.114817
550 455 1.114817
576 487 1.114817
576 483 1.114817
576 478 1.114817
625 484 1.114817
576 500 1.114817
605 489 1.114817
637 427 1.114817
628 464 1.114817
560 443 1.114817
559 495 1.114817
577 399 1.114817
560 454 1.114817
520 415 1.114817
551 395 1.114817
520 411 1.114817
549 494 1.114817
605 446 1.114817
576 412 1.114817
618 447 1.114817
551 398 1.114817
549 493 1.114817
605 443 1.114817
606 429 1.114817
549 483 1.114817
522 471 1.114817
520 388 1.114817
522 472 1.114817
620 504 1.114817
520 385 1.114817
611 399 1.114817
522 481 1.114817
605 449 1.114817
522 490 1.114817
576 415 1.114817
585 401 1.114817
577 408 1.114817
611 410 1.114817
576 437 1.114817
576 432 1.114817
606 404 1.114817
584 480 1.114817
585 398 1.114817
520 458 1.114817
522 401 1.114817
625 493 1.114817
522 410 1.114817
551 384 1.114817
618 441 1.114817
577 430 1.114817
522 416 1.114817
606 416 1.114817
522 418 1.114817
606 417 1.114817
606 419 1.114817
584 469 1.114817
576 423 1.114817
599 442 1.114817
519 432 1.114817
580 459 1.114817
616 407 1.114817
580 463 1.114817
639 416 1.114817
557 480 1.114817
554 490 1.114817
554 495 1.114817
627 427 1.114817
616 406 1.114817
514 417 1.114817
608 495 1.114817
514 415 1.114817
554 463 1.114817
514 412 1.114817
627 424 1.114817
514 400 1.114817
555 387 1.114817
580 511 1.114817
557 458 1.114817
514 385 1.114817
555 401 1.114817
581 425 1.114817
583 415 1.114817
513 483 1.114817
609 390 1.114817
609 391 1.114817
514 405 1.114817
627 415 1.114817
626 443 1.114817
514 488 1.114817
627 458 1.114817
583 461 1.114817
558 390 1.114817
618 489 1.114817
608 441 1.114817
557 509 1.114817
515 415 1.114817
593 448 1.114817
515 407 1.114817
608 447 1.114817
608 448 1.114817
554 425 1.114817
514 487 1.114817
608 450 1.114817
515 399 1.114817
554 429 1.114817
615 464 1.114817
515 393 1.114817
580 436 1.114817
627 443 1.114817
593 441 1.114817
580 439 1.114817
554 437 1.114817
610 411 1.114817
627 442 1.114817
514 499 1.114817
515 406 1.114817
592 396 1.114817
581 428 1.114817
581 432 1.114817
592 487 1.114817
618 509 1.114817
582 498 1.114817
512 461 1.114817
512 458 1.114817
582 424 1.114817
512 444 1.114817
626 502 1.114817
557 385 1.114817
609 466 1.114817
582 442 1.114817
626 498 1.114817
639 469 1.114817
556 443 1.114817
556 444 1.114817
512 412 1.114817
556 491 1.114817
619 394 1.114817
582 452 1.114817
512 401 1.114817
512 399 1.114817
626 484 1.114817
592 457 1.114817
619 389 1.114817
626 480 1.114817
512 385 1.114817
512 416 1.114817
583 409 1.114817
512 492 1.114817
556 401 1.114817
513 456 1.114817
581 433 1.114817
581 435 1.114817
609 407 1.114817
555 430 1.114817
555 436 1.114817
610 390 1.114817
593 390 1.114817
610 389 1.114817
513 438 1.114817
557 432 1.114817
583 393 1.114817
592 492 1.114817
609 426 1.114817
513 420 1.114817
581 487 1.114817
592 435 1.114817
557 419 1.114817
581 489 1.114817
513 400 1.114817
581 498 1.114817
619 423 1.114817
555 511 1.114817
583 386 1.114817
557 412 1.114817
618 505 1.114817
513 424 1.114817
583 463 1.114817
554 392 1.114817
638 499 1.114817
518 398 1.114817
594 427 1.114817
552 398 1.114817
517 500 1.114817
517 498 1.114817
591 470 1.114817
638 408 1.114817
517 495 1.114817
638 410 1.114817
591 471 1.114817
552 427 1.114817
552 439 1.114817
628 415 1.114817
628 407 1.114817
517 479 1.114817
638 416 1.114817
579 394 1.114817
638 423 1.114817
558 510 1.114817
607 433 1.114817
579 401 1.114817
638 427 1.114817
594 409 1.114817
517 452 1.114817
517 446 1.114817
607 440 1.114817
578 484 1.114817
517 445 1.114817
628 417 1.114817
518 429 1.114817
625 507 1.114817
577 492 1.114817
551 459 1.114817
519 408 1.114817
616 438 1.114817
606 487 1.114817
559 429 1.114817
559 424 1.114817
591 459 1.114817
518 493 1.114817
578 413 1.114817
594 447 1.114817
518 419 1.114817
518 489 1.114817
518 481 1.114817
518 475 1.114817
638 392 1.114817
518 468 1.114817
628 428 1.114817
594 443 1.114817
518 441 1.114817
551 497 1.114817
591 463 1.114817
518 437 1.114817
628 419 1.114817
578 449 1.114817
584 422 1.114817
620 384 1.114817
594 405 1.114817
517 439 1.114817
638 450 1.114817
619 488 1.114817
638 453 1.114817
516 456 1.114817
516 443 1.114817
638 457 1.114817
608 386 1.114817
553 441 1.114817
610 449 1.114817
638 469 1.114817
553 455 1.114817
627 478 1.114817
638 448 1.114817
516 406 1.114817
610 446 1.114817
592 387 1.114817
593 469 1.114817
610 444 1.114817
608 414 1.114817
515 484 1.114817
627 467 1.114817
515 475 1.114817
553 498 1.114817
619 476 1.114817
608 423 1.114817
558 396 1.114817
516 401 1.114817
516 472 1.114817
607 491 1.114817
553 396 1.114817
607 446 1.114817
552 471 1.114817
579 405 1.114817
552 472 1.114817
517 424 1.114817
594 399 1.114817
610 472 1.114817
626 398 1.114817
638 436 1.114817
558 491 1.114817
591 486 1.114817
607 464 1.114817
610 467 1.114817
517 399 1.114817
552 501 1.114817
579 431 1.114817
583 502 1.114817
638 441 1.114817
628 386 1.114817
591 490 1.114817
583 499 1.114817
626 408 1.114817
593 507 1.114817
638 443 1.114817
638 444 1.114817
579 437 1.114817
579 439 1.114817
577 490 1.114817
517 432 1.114817
636 403 1.114817
611 444 1.114817
633 489 1.114817
631 425 1.114817
601 454 1.114817
565 430 1.114817
533 389 1.114817
597 502 1.114817
601 461 1.114817
565 426 1.114817
601 463 1.114817
612 472 1.114817
612 471 1.114817
565 395 1.114817
622 458 1.114817
542 459 1.114817
633 498 1.114817
587 419 1.114817
633 499 1.114817
587 417 1.114817
587 416 1.114817
622 444 1.114817
571 442 1.114817
587 410 1.114817
532 453 1.114817
587 407 1.114817
589 456 1.114817
542 488 1.114817
571 419 1.114817
633 484 1.114817
533 402 1.114817
542 409 1.114817
534 397 1.114817
541 431 1.114817
565 502 1.114817
565 495 1.114817
633 453 1.114817
541 442 1.114817
587 456 1.114817
541 449 1.114817
613 500 1.114817
624 409 1.114817
601 420 1.114817
601 421 1.114817
533 469 1.114817
598 403 1.114817
533 460 1.114817
541 461 1.114817
587 446 1.114817
570 482 1.114817
631 444 1.114817
624 412 1.114817
541 488 1.114817
587 435 1.114817
533 420 1.114817
589 432 1.114817
533 418 1.114817
565 469 1.114817
624 416 1.114817
601 495 1.114817
633 511 1.114817
532 434 1.114817
532 433 1.114817
597 423 1.114817
624 462 1.114817
589 500 1.114817
564 404 1.114817
572 436 1.114817
544 475 1.114817
602 453 1.114817
544 476 1.114817
544 477 1.114817
617 509 1.114817
530 433 1.114817
586 483 1.114817
530 422 1.114817
530 418 1.114817
530 412 1.114817
530 398 1.114817
602 467 1.114817
544 495 1.114817
530 393 1.114817
530 387 1.114817
544 506 1.114817
544 510 1.114817
630 451 1.114817
597 396 1.114817
630 448 1.114817
572 470 1.114817
529 475 1.114817
612 434 1.114817
570 434 1.114817
544 421 1.114817
597 431 1.114817
542 491 1.114817
622 438 1.114817
532 411 1.114817
564 493 1.114817
587 399 1.114817
631 399 1.114817
597 473 1.114817
532 394 1.114817
587 395 1.114817
617 396 1.114817
602 394 1.114817
612 454 1.114817
564 477 1.114817
597 460 1.114817
531 493 1.114817
531 483 1.114817
597 454 1.114817
543 465 1.114817
602 413 1.114817
622 415 1.114817
543 502 1.114817
634 423 1.114817
589 482 1.114817
531 415 1.114817
572 387 1.114817
614 404 1.114817
586 505 1.114817
564 431 1.114817
545 400 1.114817
587 465 1.114817
587 467 1.114817
539 433 1.114817
623 424 1.114817
632 480 1.114817
632 483 1.114817
569 385 1.114817
567 475 1.114817
536 475 1.114817
631 510 1.114817
536 473 1.114817
588 400 1.114817
623 422 1.114817
631 506 1.114817
539 415 1.114817
569 406 1.114817
539 482 1.114817
598 501 1.114817
536 419 1.114817
600 413 1.114817
567 459 1.114817
539 487 1.114817
539 492 1.114817
600 419 1.114817
631 491 1.114817
536 401 1.114817
600 425 1.114817
536 397 1.114817
539 467 1.114817
539 400 1.114817
537 401 1.114817
568 498 1.114817
538 431 1.114817
599 439 1.114817
568 426 1.114817
568 430 1.114817
599 454 1.114817
632 431 1.114817
599 457 1.114817
538 384 1.114817
588 431 1.114817
568 409 1.114817
537 507 1.114817
599 427 1.114817
613 460 1.114817
632 451 1.114817
632 452 1.114817
623 452 1.114817
632 454 1.114817
537 445 1.114817
632 460 1.114817
568 463 1.114817
617 464 1.114817
568 464 1.114817
537 432 1.114817
537 417 1.114817
538 502 1.114817
599 405 1.114817
613 465 1.114817
600 428 1.114817
536 384 1.114817
535 502 1.114817
588 495 1.114817
535 392 1.114817
600 488 1.114817
535 388 1.114817
569 507 1.114817
600 492 1.114817
622 507 1.114817
566 452 1.114817
566 436 1.114817
540 491 1.114817
617 423 1.114817
589 403 1.114817
534 477 1.114817
600 506 1.114817
612 507 1.114817
534 458 1.114817
541 398 1.114817
570 418 1.114817
541 401 1.114817
534 447 1.114817
589 407 1.114817
617 487 1.114817
534 439 1.114817
633 435 1.114817
566 408 1.114817
601 392 1.114817
534 426 1.114817
566 407 1.114817
540 467 1.114817
617 488 1.114817
540 464 1.114817
540 461 1.114817
588 496 1.114817
535 493 1.114817
535 483 1.114817
535 482 1.114817
535 479 1.114817
631 477 1.114817
540 419 1.114817
540 420 1.114817
598 469 1.114817
540 441 1.114817
535 446 1.114817
633 404 1.114817
633 405 1.114817
566 488 1.114817
535 417 1.114817
569 488 1.114817
540 454 1.114817
535 411 1.114817
535 410 1.114817
535 409 1.114817
600 467 1.114817
535 407 1.114817
613 393 1.114817
569 491 1.114817
600 472 1.114817
613 391 1.114817
613 390 1.114817
535 400 1.114817
563 507 1.114817
531 432 1.114817
597 388 1.114817
596 405 1.114817
574 438 1.114817
562 441 1.114817
574 444 1.114817
547 473 1.114817
547 478 1.114817
590 451 1.114817
590 455 1.114817
585 486 1.114817
562 428 1.114817
596 386 1.114817
548 391 1.114817
526 455 1.114817
590 458 1.114817
548 410 1.114817
614 481 1.114817
635 506 1.114817
525 489 1.114817
548 418 1.114817
562 423 1.114817
604 425 1.114817
525 482 1.114817
525 480 1.114817
575 385 1.114817
562 413 1.114817
621 421 1.114817
604 418 1.114817
604 387 1.114817
614 465 1.114817
526 473 1.114817
562 493 1.114817
614 444 1.114817
527 432 1.114817
603 469 1.114817
616 490 1.114817
546 510 1.114817
625 387 1.114817
635 450 1.114817
527 406 1.114817
596 430 1.114817
603 480 1.114817
574 397 1.114817
596 427 1.114817
527 395 1.114817
586 392 1.114817
586 391 1.114817
586 390 1.114817
527 385 1.114817
547 435 1.114817
635 463 1.114817
574 415 1.114817
611 493 1.114817
586 384 1.114817
574 420 1.114817
590 440 1.114817
547 456 1.114817
635 473 1.114817
636 389 1.114817
573 506 1.114817
575 392 1.114817
562 404 1.114817
629 407 1.114817
618 424 1.114817
636 424 1.114817
561 438 1.114817
595 465 1.114817
524 445 1.114817
524 442 1.114817
524 441 1.114817
636 432 1.114817
524 436 1.114817
524 430 1.114817
549 418 1.114817
575 459 1.114817
549 424 1.114817
549 431 1.114817
629 397 1.114817
595 454 1.114817
629 394 1.114817
575 481 1.114817
605 398 1.114817
575 488 1.114817
561 426 1.114817
524 389 1.114817
629 389 1.114817
605 403 1.114817
595 448 1.114817
524 410 1.114817
604 486 1.114817
524 475 1.114817
575 456 1.114817
604 439 1.114817
604 441 1.114817
636 390 1.114817
625 412 1.114817
562 400 1.114817
595 495 1.114817
636 396 1.114817
585 468 1.114817
562 395 1.114817
575 416 1.114817
575 417 1.114817
561 510 1.114817
575 421 1.114817
585 461 1.114817
585 459 1.114817
585 458 1.114817
629 429 1.114817
525 387 1.114817
575 430 1.114817
590 478 1.114817
614 494 1.114817
585 451 1.114817
575 445 1.114817
575 447 1.114817
549 394 1.114817
621 403 1.114817
524 479 1.114817
629 446 1.114817
546 476 1.114817
556 481 1.114817
635 406 1.114817
528 472 1.114817
603 437 1.114817
572 505 1.114817
573 466 1.114817
563 487 1.114817
621 495 1.114817
630 422 1.114817
528 454 1.114817
596 478 1.114817
546 436 1.114817
529 384 1.114817
603 432 1.114817
546 424 1.114817
563 418 1.114817
596 511 1.114817
546 422 1.114817
545 431 1.114817
586 462 1.114817
545 476 1.114817
612 403 1.114817
586 457 1.114817
573 446 1.114817
572 511 1.114817
528 425 1.114817
529 428 1.114817
590 415 1.114817
603 424 1.114817
572 510 1.114817
573 449 1.114817
586 430 1.114817
528 435 1.114817
529 448 1.114817
573 448 1.114817
527 444 1.114817
527 473 1.114817
527 466 1.114817
630 446 1.114817
621 506 1.114817
527 462 1.114817
635 433 1.114817
563 455 1.114817
612 386 1.114817
573 416 1.114817
573 497 1.114817
586 407 1.114817
545 470 1.114817
586 472 1.114817
635 441 1.114817
590 401 1.114817
546 449 1.114817
603 450 1.114817
612 412 1.114817
573 422 1.114817
635 386 1.114817
624 483 1.114817
545 440 1.114817
545 411 1.114817
527 486 1.114817
627 393 1.149655
623 413 1.149655
624 463 1.149655
623 476 1.149655
628 488 1.149655
638 395 1.149655
630 460 1.149655
613 431 1.149655
630 491 1.149655
625 430 1.149655
617 470 1.149655
618 459 1.149655
634 441 1.149655
613 418 1.149655
610 387 1.149655
636 404 1.149655
634 505 1.149655
623 421 1.149655
634 453 1.149655
616 400 1.149655
638 390 1.149655
613 423 1.149655
626 425 1.149655
618 425 1.149655
638 396 1.149655
615 509 1.149655
639 489 1.149655
630 444 1.149655
632 450 1.149655
630 449 1.149655
613 449 1.149655
621 387 1.149655
619 396 1.149655
636 439 1.149655
636 447 1.149655
611 441 1.149655
623 439 1.149655
620 511 1.149655
636 467 1.149655
623 441 1.149655
626 389 1.149655
626 482 1.149655
632 420 1.149655
614 419 1.149655
624 468 1.149655
632 386 1.149655
610 498 1.149655
617 451 1.149655
621 499 1.149655
615 500 1.149655
616 394 1.149655
613 437 1.149655
632 473 1.149655
615 501 1.149655
628 505 1.149655
626 509 1.149655
616 392 1.149655
621 501 1.149655
611 456 1.149655
623 458 1.149655
620 397 1.149655
639 470 1.149655
617 449 1.149655
628 405 1.149655
616 461 1.149655
613 462 1.149655
639 476 1.149655
613 442 1.149655
638 415 1.149655
614 432 1.149655
639 431 1.149655
624 455 1.149655
621 470 1.149655
638 509 1.149655
622 489 1.149655
631 406 1.149655
638 446 1.149655
624 404 1.149655
617 491 1.149655
617 489 1.149655
637 452 1.149655
637 450 1.149655
631 451 1.149655
633 510 1.149655
620 415 1.149655
619 489 1.149655
639 388 1.149655
635 489 1.149655
621 479 1.149655
635 490 1.149655
627 500 1.149655
618 488 1.149655
624 433 1.149655
612 394 1.149655
610 431 1.149655
622 451 1.149655
630 388 1.149655
638 474 1.149655
638 478 1.149655
630 385 1.149655
611 391 1.149655
618 480 1.149655
620 456 1.149655
625 388 1.149655
621 444 1.149655
627 484 1.149655
633 501 1.149655
615 452 1.149655
616 441 1.149655
638 498 1.149655
625 505 1.149655
635 460 1.149655
628 450 1.149655
633 502 1.149655
628 451 1.149655
633 482 1.149655
620 491 1.149655
610 413 1.149655
622 441 1.149655
628 439 1.149655
637 410 1.149655
611 467 1.149655
630 427 1.149655
616 497 1.149655
617 391 1.149655
611 465 1.149655
628 431 1.149655
626 451 1.149655
617 433 1.149655
621 419 1.149655
628 476 1.149655
625 511 1.149655
627 416 1.149655
623 488 1.149655
625 445 1.149655
639 443 1.149655
627 413 1.149655
627 410 1.149655
617 394 1.149655
616 475 1.149655
613 394 1.149655
611 469 1.149655
615 472 1.149655
615 424 1.149655
631 401 1.149655
638 445 1.149655
634 393 1.149655
620 474 1.149655
635 504 1.149655
631 459 1.149655
625 487 1.149655
639 394 1.149655
630 411 1.149655
612 458 1.149655
633 414 1.149655
615 447 1.149655
637 419 1.149655
617 424 1.149655
635 507 1.149655
614 484 1.149655
622 421 1.149655
623 396 1.149655
617 397 1.149655
635 480 1.149655
576 385 1.149655
609 487 1.149655
597 436 1.149655
555 500 1.149655
556 386 1.149655
597 408 1.149655
597 406 1.149655
556 408 1.149655
556 439 1.149655
555 478 1.149655
556 440 1.149655
556 494 1.149655
556 506 1.149655
596 500 1.149655
557 403 1.149655
596 487 1.149655
596 480 1.149655
557 452 1.149655
556 470 1.149655
555 476 1.149655
597 443 1.149655
555 445 1.149655
598 407 1.149655
553 429 1.149655
553 452 1.149655
553 466 1.149655
553 490 1.149655
554 384 1.149655
554 403 1.149655
554 409 1.149655
554 415 1.149655
554 418 1.149655
554 443 1.149655
554 509 1.149655
597 488 1.149655
597 478 1.149655
555 424 1.149655
597 472 1.149655
555 434 1.149655
557 454 1.149655
557 465 1.149655
557 495 1.149655
596 445 1.149655
561 463 1.149655
561 469 1.149655
561 481 1.149655
561 500 1.149655
561 501 1.149655
561 505 1.149655
595 442 1.149655
562 417 1.149655
562 430 1.149655
562 494 1.149655
609 490 1.149655
563 412 1.149655
563 450 1.149655
563 452 1.149655
563 457 1.149655
563 464 1.149655
563 483 1.149655
595 483 1.149655
553 400 1.149655
595 484 1.149655
595 509 1.149655
596 441 1.149655
558 423 1.149655
558 426 1.149655
558 427 1.149655
596 434 1.149655
558 463 1.149655
558 506 1.149655
559 401 1.149655
596 406 1.149655
596 399 1.149655
596 393 1.149655
596 392 1.149655
560 392 1.149655
596 389 1.149655
560 393 1.149655
560 395 1.149655
595 510 1.149655
560 509 1.149655
563 493 1.149655
553 398 1.149655
598 428 1.149655
601 396 1.149655
601 386 1.149655
545 415 1.149655
600 511 1.149655
545 435 1.149655
545 453 1.149655
600 504 1.149655
601 397 1.149655
545 478 1.149655
600 487 1.149655
546 385 1.149655
546 425 1.149655
546 440 1.149655
546 458 1.149655
600 453 1.149655
600 452 1.149655
600 490 1.149655
601 401 1.149655
601 402 1.149655
544 448 1.149655
541 482 1.149655
542 386 1.149655
542 393 1.149655
601 497 1.149655
542 441 1.149655
542 474 1.149655
542 476 1.149655
542 501 1.149655
601 457 1.149655
543 419 1.149655
543 421 1.149655
601 448 1.149655
543 491 1.149655
601 432 1.149655
544 396 1.149655
601 422 1.149655
544 424 1.149655
547 390 1.149655
547 405 1.149655
547 449 1.149655
547 466 1.149655
551 419 1.149655
551 422 1.149655
551 460 1.149655
551 465 1.149655
599 402 1.149655
551 493 1.149655
551 499 1.149655
599 396 1.149655
552 399 1.149655
598 461 1.149655
552 452 1.149655
598 451 1.149655
552 499 1.149655
553 384 1.149655
598 444 1.149655
553 394 1.149655
598 429 1.149655
599 431 1.149655
598 427 1.149655
550 492 1.149655
550 460 1.149655
547 470 1.149655
547 476 1.149655
600 437 1.149655
600 432 1.149655
547 496 1.149655
600 422 1.149655
548 384 1.149655
548 388 1.149655
548 393 1.149655
548 427 1.149655
548 434 1.149655
548 444 1.149655
549 403 1.149655
549 504 1.149655
550 410 1.149655
550 415 1.149655
550 445 1.149655
599 448 1.149655
541 478 1.149655
564 417 1.149655
595 389 1.149655
590 428 1.149655
579 454 1.149655
579 465 1.149655
590 417 1.149655
579 476 1.149655
579 487 1.149655
580 417 1.149655
590 430 1.149655
590 402 1.149655
580 484 1.149655
580 494 1.149655
581 388 1.149655
581 393 1.149655
581 439 1.149655
589 494 1.149655
581 462 1.149655
580 429 1.149655
579 449 1.149655
579 443 1.149655
590 434 1.149655
575 483 1.149655
575 500 1.149655
576 434 1.149655
577 400 1.149655
591 394 1.149655
577 426 1.149655
577 434 1.149655
590 500 1.149655
577 458 1.149655
578 397 1.149655
578 464 1.149655
578 470 1.149655
578 477 1.149655
578 486 1.149655
578 492 1.149655
579 402 1.149655
579 440 1.149655
581 474 1.149655
581 478 1.149655
589 471 1.149655
589 464 1.149655
588 504 1.149655
588 500 1.149655
585 483 1.149655
586 413 1.149655
586 415 1.149655
588 466 1.149655
587 390 1.149655
587 392 1.149655
588 461 1.149655
587 450 1.149655
587 466 1.149655
587 472 1.149655
587 495 1.149655
587 501 1.149655
588 405 1.149655
588 430 1.149655
588 406 1.149655
585 386 1.149655
591 434 1.149655
584 509 1.149655
584 474 1.149655
589 461 1.149655
582 453 1.149655
589 459 1.149655
582 462 1.149655
582 474 1.149655
583 426 1.149655
583 468 1.149655
589 448 1.149655
589 441 1.149655
583 489 1.149655
583 491 1.149655
589 419 1.149655
583 510 1.149655
584 427 1.149655
584 445 1.149655
584 463 1.149655
584 468 1.149655
584 487 1.149655
564 430 1.149655
575 472 1.149655
591 441 1.149655
568 400 1.149655
568 415 1.149655
593 464 1.149655
568 483 1.149655
593 457 1.149655
568 484 1.149655
593 447 1.149655
567 468 1.149655
569 428 1.149655
570 400 1.149655
570 413 1.149655
570 452 1.149655
593 415 1.149655
593 410 1.149655
570 492 1.149655
570 507 1.149655
569 429 1.149655
567 462 1.149655
567 440 1.149655
567 432 1.149655
564 497 1.149655
565 403 1.149655
565 432 1.149655
565 436 1.149655
594 498 1.149655
565 442 1.149655
594 496 1.149655
594 491 1.149655
566 385 1.149655
594 440 1.149655
594 423 1.149655
566 489 1.149655
566 500 1.149655
566 509 1.149655
594 393 1.149655
594 392 1.149655
567 430 1.149655
593 396 1.149655
571 402 1.149655
571 416 1.149655
593 393 1.149655
574 430 1.149655
592 391 1.149655
574 455 1.149655
592 386 1.149655
574 483 1.149655
574 511 1.149655
575 386 1.149655
575 415 1.149655
575 431 1.149655
575 435 1.149655
591 488 1.149655
575 436 1.149655
591 474 1.149655
591 469 1.149655
591 464 1.149655
575 457 1.149655
591 444 1.149655
574 411 1.149655
591 440 1.149655
573 474 1.149655
573 469 1.149655
571 428 1.149655
571 440 1.149655
571 463 1.149655
571 471 1.149655
571 477 1.149655
592 482 1.149655
572 393 1.149655
572 407 1.149655
572 461 1.149655
592 458 1.149655
592 450 1.149655
572 490 1.149655
592 438 1.149655
573 417 1.149655
592 436 1.149655
573 445 1.149655
573 460 1.149655
573 472 1.149655
602 395 1.149655
598 497 1.149655
527 457 1.149655
527 419 1.149655
527 422 1.149655
527 442 1.149655
527 464 1.149655
605 469 1.149655
605 453 1.149655
527 413 1.149655
528 411 1.149655
528 466 1.149655
528 509 1.149655
529 431 1.149655
529 467 1.149655
605 418 1.149655
529 506 1.149655
528 436 1.149655
530 399 1.149655
527 391 1.149655
606 420 1.149655
525 418 1.149655
606 477 1.149655
606 458 1.149655
525 446 1.149655
525 477 1.149655
525 501 1.149655
526 511 1.149655
606 442 1.149655
526 386 1.149655
526 409 1.149655
526 447 1.149655
526 458 1.149655
606 426 1.149655
526 502 1.149655
525 511 1.149655
525 410 1.149655
530 403 1.149655
530 413 1.149655
604 390 1.149655
533 395 1.149655
533 396 1.149655
533 441 1.149655
603 506 1.149655
533 478 1.149655
532 511 1.149655
603 500 1.149655
533 489 1.149655
534 410 1.149655
603 486 1.149655
534 452 1.149655
534 475 1.149655
603 478 1.149655
533 481 1.149655
530 411 1.149655
532 509 1.149655
532 442 1.149655
530 429 1.149655
530 455 1.149655
530 496 1.149655
531 384 1.149655
604 480 1.149655
531 444 1.149655
532 483 1.149655
531 452 1.149655
532 400 1.149655
604 430 1.149655
532 418 1.149655
532 421 1.149655
532 424 1.149655
604 417 1.149655
604 443 1.149655
603 477 1.149655
524 476 1.149655
524 467 1.149655
608 506 1.149655
514 510 1.149655
515 441 1.149655
515 465 1.149655
515 467 1.149655
608 467 1.149655
514 459 1.149655
515 482 1.149655
516 395 1.149655
516 420 1.149655
516 449 1.149655
516 460 1.149655
517 480 1.149655
517 488 1.149655
608 462 1.149655
608 434 1.149655
514 452 1.149655
514 397 1.149655
512 386 1.149655
512 405 1.149655
609 464 1.149655
512 409 1.149655
512 419 1.149655
512 439 1.149655
514 448 1.149655
512 448 1.149655
512 494 1.149655
512 505 1.149655
513 478 1.149655
513 499 1.149655
513 504 1.149655
609 389 1.149655
512 488 1.149655
524 468 1.149655
517 507 1.149655
518 408 1.149655
607 453 1.149655
522 398 1.149655
522 404 1.149655
522 457 1.149655
522 482 1.149655
522 491 1.149655
521 452 1.149655
523 422 1.149655
607 404 1.149655
607 398 1.149655
524 395 1.149655
524 398 1.149655
524 402 1.149655
524 438 1.149655
607 420 1.149655
518 403 1.149655
521 441 1.149655
521 409 1.149655
518 431 1.149655
519 425 1.149655
519 435 1.149655
608 409 1.149655
519 446 1.149655
519 464 1.149655
521 410 1.149655
519 477 1.149655
520 384 1.149655
520 460 1.149655
607 474 1.149655
520 481 1.149655
520 496 1.149655
521 386 1.149655
519 496 1.149655
534 491 1.149655
588 422 1.149655
536 440 1.149655
536 417 1.149655
602 421 1.149655
539 478 1.149655
536 441 1.149655
537 462 1.149655
536 482 1.149655
538 474 1.149655
537 441 1.149655
538 477 1.149655
537 424 1.149655
602 470 1.149655
602 469 1.149655
602 458 1.149655
538 388 1.149655
536 463 1.149655
539 454 1.149655
603 453 1.149655
603 440 1.149655
535 498 1.149655
537 423 1.149655
538 465 1.149655
537 411 1.149655
538 497 1.149655
538 487 1.149655
540 385 1.149655
535 430 1.149655
603 433 1.149655
538 439 1.149655
535 429 1.149655
537 493 1.149655
537 480 1.149655
603 438 1.149655
540 409 1.149655
602 502 1.149655
537 498 1.149655
537 400 1.149655
536 462 1.149655
520 482 1.184493
575 433 1.184493
575 409 1.184493
545 388 1.184493
628 422 1.184493
574 491 1.184493
521 390 1.184493
574 481 1.184493
574 472 1.184493
545 397 1.184493
574 471 1.184493
621 442 1.184493
520 506 1.184493
544 507 1.184493
520 409 1.184493
621 410 1.184493
577 425 1.184493
577 407 1.184493
576 502 1.184493
576 481 1.184493
576 466 1.184493
544 463 1.184493
576 429 1.184493
576 428 1.184493
576 410 1.184493
576 404 1.184493
519 483 1.184493
575 498 1.184493
630 455 1.184493
538 484 1.184493
575 474 1.184493
520 399 1.184493
637 468 1.184493
520 405 1.184493
621 399 1.184493
521 428 1.184493
575 448 1.184493
575 440 1.184493
520 416 1.184493
520 444 1.184493
630 457 1.184493
637 442 1.184493
519 505 1.184493
574 451 1.184493
621 474 1.184493
574 447 1.184493
571 490 1.184493
522 510 1.184493
571 486 1.184493
622 433 1.184493
622 435 1.184493
523 443 1.184493
571 458 1.184493
622 439 1.184493
622 443 1.184493
523 472 1.184493
523 478 1.184493
571 494 1.184493
571 427 1.184493
523 480 1.184493
546 412 1.184493
571 393 1.184493
571 387 1.184493
632 440 1.184493
630 408 1.184493
524 418 1.184493
570 469 1.184493
570 458 1.184493
546 435 1.184493
570 453 1.184493
630 425 1.184493
621 448 1.184493
636 480 1.184493
632 436 1.184493
538 441 1.184493
574 418 1.184493
573 478 1.184493
545 437 1.184493
521 454 1.184493
573 470 1.184493
637 405 1.184493
573 467 1.184493
519 441 1.184493
521 506 1.184493
573 447 1.184493
572 401 1.184493
521 511 1.184493
621 493 1.184493
522 446 1.184493
572 488 1.184493
522 449 1.184493
545 474 1.184493
572 479 1.184493
572 469 1.184493
622 390 1.184493
545 475 1.184493
572 430 1.184493
572 421 1.184493
522 442 1.184493
577 427 1.184493
578 423 1.184493
539 398 1.184493
513 417 1.184493
513 434 1.184493
542 422 1.184493
542 439 1.184493
631 416 1.184493
540 387 1.184493
584 449 1.184493
514 387 1.184493
542 457 1.184493
583 506 1.184493
583 497 1.184493
542 473 1.184493
585 407 1.184493
631 487 1.184493
618 477 1.184493
583 476 1.184493
542 477 1.184493
583 473 1.184493
515 400 1.184493
583 437 1.184493
583 430 1.184493
515 405 1.184493
583 413 1.184493
582 476 1.184493
515 427 1.184493
631 400 1.184493
514 501 1.184493
585 436 1.184493
513 393 1.184493
585 441 1.184493
541 454 1.184493
541 474 1.184493
540 509 1.184493
541 476 1.184493
617 480 1.184493
540 472 1.184493
587 492 1.184493
639 492 1.184493
639 491 1.184493
639 490 1.184493
587 427 1.184493
540 416 1.184493
639 479 1.184493
586 444 1.184493
586 437 1.184493
618 394 1.184493
540 389 1.184493
618 396 1.184493
586 416 1.184493
512 491 1.184493
512 493 1.184493
586 409 1.184493
585 500 1.184493
542 418 1.184493
585 460 1.184493
585 455 1.184493
542 420 1.184493
515 449 1.184493
632 403 1.184493
539 499 1.184493
543 392 1.184493
543 466 1.184493
543 471 1.184493
579 450 1.184493
517 493 1.184493
518 385 1.184493
539 420 1.184493
579 434 1.184493
579 403 1.184493
544 393 1.184493
579 389 1.184493
578 510 1.184493
578 496 1.184493
543 456 1.184493
518 413 1.184493
518 460 1.184493
518 492 1.184493
519 396 1.184493
578 455 1.184493
578 450 1.184493
578 442 1.184493
622 482 1.184493
519 397 1.184493
577 509 1.184493
577 500 1.184493
539 402 1.184493
577 450 1.184493
539 405 1.184493
579 463 1.184493
517 477 1.184493
638 419 1.184493
515 477 1.184493
582 448 1.184493
631 396 1.184493
582 438 1.184493
582 431 1.184493
582 427 1.184493
582 384 1.184493
543 394 1.184493
543 401 1.184493
515 510 1.184493
581 460 1.184493
539 496 1.184493
516 418 1.184493
581 437 1.184493
581 416 1.184493
581 396 1.184493
539 488 1.184493
516 431 1.184493
516 438 1.184493
580 479 1.184493
580 471 1.184493
631 496 1.184493
516 506 1.184493
516 509 1.184493
579 509 1.184493
517 407 1.184493
517 411 1.184493
619 392 1.184493
524 448 1.184493
569 448 1.184493
524 449 1.184493
530 472 1.184493
530 488 1.184493
530 501 1.184493
634 443 1.184493
557 443 1.184493
557 436 1.184493
557 429 1.184493
629 403 1.184493
634 436 1.184493
634 435 1.184493
629 390 1.184493
531 411 1.184493
557 471 1.184493
556 466 1.184493
556 458 1.184493
626 488 1.184493
626 489 1.184493
556 449 1.184493
556 441 1.184493
531 438 1.184493
549 442 1.184493
626 500 1.184493
628 506 1.184493
626 506 1.184493
556 397 1.184493
556 393 1.184493
556 463 1.184493
634 418 1.184493
557 472 1.184493
629 423 1.184493
625 498 1.184493
529 500 1.184493
559 465 1.184493
559 455 1.184493
559 423 1.184493
559 409 1.184493
548 435 1.184493
559 385 1.184493
558 507 1.184493
626 397 1.184493
529 510 1.184493
558 498 1.184493
548 494 1.184493
558 495 1.184493
558 461 1.184493
558 454 1.184493
558 438 1.184493
536 484 1.184493
626 417 1.184493
558 434 1.184493
548 451 1.184493
548 465 1.184493
548 468 1.184493
530 416 1.184493
558 421 1.184493
558 406 1.184493
634 472 1.184493
559 511 1.184493
549 481 1.184493
555 505 1.184493
553 423 1.184493
553 413 1.184493
550 506 1.184493
553 405 1.184493
551 392 1.184493
534 401 1.184493
551 437 1.184493
553 390 1.184493
551 464 1.184493
535 477 1.184493
628 388 1.184493
534 487 1.184493
533 436 1.184493
628 392 1.184493
535 453 1.184493
552 447 1.184493
617 467 1.184493
552 446 1.184493
552 444 1.184493
552 443 1.184493
552 412 1.184493
552 395 1.184493
628 416 1.184493
628 418 1.184493
628 420 1.184493
633 421 1.184493
551 471 1.184493
531 475 1.184493
553 457 1.184493
533 423 1.184493
549 492 1.184493
627 390 1.184493
532 404 1.184493
532 405 1.184493
549 497 1.184493
632 489 1.184493
627 406 1.184493
632 491 1.184493
550 435 1.184493
532 436 1.184493
550 437 1.184493
555 420 1.184493
553 461 1.184493
532 444 1.184493
532 446 1.184493
554 488 1.184493
532 468 1.184493
554 435 1.184493
554 430 1.184493
554 424 1.184493
536 471 1.184493
550 446 1.184493
554 386 1.184493
628 466 1.184493
553 495 1.184493
550 471 1.184493
555 409 1.184493
570 443 1.184493
529 489 1.184493
529 427 1.184493
567 386 1.184493
623 492 1.184493
567 385 1.184493
547 434 1.184493
623 500 1.184493
547 465 1.184493
629 479 1.184493
566 474 1.184493
566 468 1.184493
566 464 1.184493
566 449 1.184493
624 384 1.184493
537 442 1.184493
566 412 1.184493
624 394 1.184493
624 402 1.184493
565 509 1.184493
624 406 1.184493
565 494 1.184493
565 463 1.184493
624 420 1.184493
565 456 1.184493
526 452 1.184493
547 477 1.184493
526 501 1.184493
547 483 1.184493
624 390 1.184493
565 435 1.184493
525 475 1.184493
567 413 1.184493
622 501 1.184493
524 455 1.184493
570 393 1.184493
623 389 1.184493
569 494 1.184493
569 490 1.184493
569 486 1.184493
569 479 1.184493
569 460 1.184493
524 460 1.184493
569 422 1.184493
546 470 1.184493
567 399 1.184493
524 481 1.184493
623 432 1.184493
546 471 1.184493
568 432 1.184493
636 397 1.184493
568 413 1.184493
567 483 1.184493
636 395 1.184493
525 433 1.184493
630 386 1.184493
537 460 1.184493
623 478 1.184493
525 448 1.184493
537 477 1.184493
548 422 1.184493
537 419 1.184493
564 490 1.184493
562 392 1.184493
635 412 1.184493
528 401 1.184493
528 403 1.184493
537 395 1.184493
528 412 1.184493
536 499 1.184493
528 453 1.184493
561 451 1.184493
528 458 1.184493
625 440 1.184493
536 492 1.184493
625 413 1.184493
625 441 1.184493
561 403 1.184493
625 448 1.184493
635 392 1.184493
625 451 1.184493
625 463 1.184493
560 437 1.184493
625 470 1.184493
560 421 1.184493
528 495 1.184493
528 498 1.184493
548 398 1.184493
529 395 1.184493
561 428 1.184493
547 489 1.184493
547 511 1.184493
527 493 1.184493
564 480 1.184493
564 467 1.184493
527 393 1.184493
564 446 1.184493
527 412 1.184493
564 427 1.184493
564 409 1.184493
629 466 1.184493
537 397 1.184493
527 438 1.184493
629 465 1.184493
541 386 1.184493
625 404 1.184493
563 451 1.184493
563 440 1.184493
624 496 1.184493
547 500 1.184493
527 470 1.184493
624 507 1.184493
547 506 1.184493
625 384 1.184493
562 466 1.184493
625 390 1.184493
625 392 1.184493
562 458 1.184493
562 440 1.184493
635 435 1.184493
541 433 1.184493
639 511 1.184493
599 469 1.184493
603 498 1.184493
603 458 1.184493
612 385 1.184493
612 388 1.184493
617 388 1.184493
603 429 1.184493
602 492 1.184493
602 481 1.184493
602 474 1.184493
602 464 1.184493
612 423 1.184493
602 442 1.184493
602 433 1.184493
602 430 1.184493
602 405 1.184493
602 401 1.184493
601 484 1.184493
601 473 1.184493
601 465 1.184493
601 428 1.184493
601 405 1.184493
590 441 1.184493
600 470 1.184493
603 507 1.184493
616 477 1.184493
611 489 1.184493
611 479 1.184493
606 505 1.184493
606 504 1.184493
610 505 1.184493
606 479 1.184493
606 447 1.184493
589 439 1.184493
606 427 1.184493
606 414 1.184493
606 411 1.184493
611 408 1.184493
611 412 1.184493
605 427 1.184493
589 455 1.184493
605 417 1.184493
605 405 1.184493
611 451 1.184493
604 495 1.184493
604 488 1.184493
617 400 1.184493
604 487 1.184493
604 446 1.184493
604 424 1.184493
611 476 1.184493
604 394 1.184493
589 404 1.184493
600 405 1.184493
613 434 1.184493
595 471 1.184493
595 449 1.184493
595 444 1.184493
614 502 1.184493
595 435 1.184493
615 386 1.184493
595 410 1.184493
594 505 1.184493
615 413 1.184493
591 509 1.184493
615 419 1.184493
594 482 1.184493
594 435 1.184493
592 394 1.184493
593 487 1.184493
593 483 1.184493
593 453 1.184493
593 433 1.184493
593 424 1.184493
593 389 1.184493
592 507 1.184493
592 488 1.184493
592 468 1.184493
595 504 1.184493
600 387 1.184493
595 506 1.184493
596 408 1.184493
600 385 1.184493
599 507 1.184493
599 491 1.184493
616 470 1.184493
588 424 1.184493
590 491 1.184493
613 478 1.184493
598 436 1.184493
598 406 1.184493
613 504 1.184493
591 390 1.184493
598 385 1.184493
597 498 1.184493
597 493 1.184493
597 474 1.184493
597 403 1.184493
591 407 1.184493
597 397 1.184493
597 386 1.184493
596 491 1.184493
596 446 1.184493
596 437 1.184493
614 455 1.184493
591 433 1.184493
589 401 1.184493
601 466 1.184493
588 467 1.184493
607 428 1.184493
588 493 1.184493
617 445 1.184493
610 396 1.184493
608 411 1.184493
610 403 1.184493
607 458 1.184493
609 431 1.184493
610 425 1.184493
589 385 1.184493
607 442 1.184493
607 490 1.184493
608 400 1.184493
608 417 1.184493
608 449 1.184493
608 505 1.184493
610 496 1.184493
588 440 1.184493
555 440 1.219331
555 421 1.219331
557 426 1.219331
556 472 1.219331
515 474 1.219331
556 438 1.219331
638 483 1.219331
556 427 1.219331
556 410 1.219331
556 406 1.219331
516 415 1.219331
516 416 1.219331
556 405 1.219331
555 490 1.219331
597 438 1.219331
627 412 1.219331
638 500 1.219331
523 482 1.219331
626 442 1.219331
639 391 1.219331
560 451 1.219331
614 480 1.219331
560 413 1.219331
560 410 1.219331
560 389 1.219331
560 386 1.219331
625 492 1.219331
625 496 1.219331
625 499 1.219331
596 407 1.219331
559 437 1.219331
559 436 1.219331
596 412 1.219331
559 403 1.219331
559 396 1.219331
626 392 1.219331
515 423 1.219331
515 438 1.219331
555 412 1.219331
515 450 1.219331
557 455 1.219331
557 501 1.219331
554 450 1.219331
554 455 1.219331
516 493 1.219331
599 428 1.219331
551 400 1.219331
551 393 1.219331
613 458 1.219331
599 433 1.219331
550 504 1.219331
550 497 1.219331
550 489 1.219331
550 451 1.219331
516 502 1.219331
550 402 1.219331
550 400 1.219331
550 387 1.219331
517 420 1.219331
613 441 1.219331
629 388 1.219331
517 435 1.219331
629 392 1.219331
549 434 1.219331
549 423 1.219331
549 402 1.219331
629 409 1.219331
551 476 1.219331
516 421 1.219331
599 399 1.219331
552 428 1.219331
554 449 1.219331
516 430 1.219331
554 433 1.219331
608 446 1.219331
598 387 1.219331
638 460 1.219331
553 492 1.219331
553 488 1.219331
638 459 1.219331
553 438 1.219331
553 427 1.219331
516 435 1.219331
598 410 1.219331
608 445 1.219331
627 504 1.219331
598 448 1.219331
598 450 1.219331
598 455 1.219331
552 464 1.219331
628 399 1.219331
598 500 1.219331
516 470 1.219331
628 406 1.219331
628 412 1.219331
515 387 1.219331
561 484 1.219331
561 457 1.219331
609 438 1.219331
622 498 1.219331
622 511 1.219331
615 470 1.219331
623 395 1.219331
569 482 1.219331
623 402 1.219331
569 472 1.219331
623 404 1.219331
569 442 1.219331
570 426 1.219331
512 459 1.219331
569 404 1.219331
568 482 1.219331
568 457 1.219331
593 472 1.219331
512 467 1.219331
568 397 1.219331
567 469 1.219331
609 427 1.219331
567 444 1.219331
594 385 1.219331
569 417 1.219331
570 429 1.219331
570 430 1.219331
609 505 1.219331
572 471 1.219331
572 467 1.219331
572 464 1.219331
572 449 1.219331
639 500 1.219331
592 470 1.219331
622 408 1.219331
572 394 1.219331
622 416 1.219331
615 507 1.219331
639 497 1.219331
592 495 1.219331
592 501 1.219331
592 506 1.219331
609 459 1.219331
571 448 1.219331
512 425 1.219331
571 404 1.219331
593 399 1.219331
593 409 1.219331
570 486 1.219331
570 478 1.219331
570 471 1.219331
623 486 1.219331
515 386 1.219331
594 390 1.219331
594 396 1.219331
595 399 1.219331
563 401 1.219331
563 399 1.219331
563 392 1.219331
595 413 1.219331
514 407 1.219331
615 385 1.219331
595 415 1.219331
625 386 1.219331
614 511 1.219331
624 489 1.219331
562 462 1.219331
562 455 1.219331
562 448 1.219331
595 434 1.219331
562 403 1.219331
514 429 1.219331
561 511 1.219331
608 507 1.219331
514 507 1.219331
517 466 1.219331
561 471 1.219331
562 461 1.219331
624 484 1.219331
563 491 1.219331
563 494 1.219331
594 410 1.219331
615 437 1.219331
566 465 1.219331
513 422 1.219331
513 493 1.219331
609 397 1.219331
565 490 1.219331
565 474 1.219331
624 415 1.219331
639 430 1.219331
615 418 1.219331
624 417 1.219331
639 428 1.219331
639 425 1.219331
615 409 1.219331
565 418 1.219331
624 430 1.219331
564 492 1.219331
564 449 1.219331
564 433 1.219331
564 406 1.219331
564 385 1.219331
563 498 1.219331
567 388 1.219331
517 474 1.219331
547 509 1.219331
600 391 1.219331
634 401 1.219331
531 506 1.219331
531 498 1.219331
531 489 1.219331
531 454 1.219331
637 399 1.219331
604 464 1.219331
634 430 1.219331
531 396 1.219331
521 480 1.219331
604 433 1.219331
522 388 1.219331
531 393 1.219331
530 511 1.219331
611 454 1.219331
530 484 1.219331
522 413 1.219331
530 441 1.219331
634 460 1.219331
634 461 1.219331
530 397 1.219331
522 439 1.219331
522 397 1.219331
607 434 1.219331
532 417 1.219331
532 428 1.219331
632 501 1.219331
520 477 1.219331
536 425 1.219331
520 479 1.219331
536 409 1.219331
535 501 1.219331
535 435 1.219331
535 389 1.219331
534 466 1.219331
603 484 1.219331
637 411 1.219331
534 412 1.219331
603 494 1.219331
534 398 1.219331
607 480 1.219331
533 471 1.219331
520 494 1.219331
637 423 1.219331
533 426 1.219331
633 487 1.219331
521 415 1.219331
604 416 1.219331
534 406 1.219331
634 482 1.219331
529 441 1.219331
529 438 1.219331
606 441 1.219331
525 479 1.219331
635 510 1.219331
523 427 1.219331
525 442 1.219331
606 466 1.219331
606 468 1.219331
525 421 1.219331
524 489 1.219331
636 409 1.219331
526 402 1.219331
636 412 1.219331
523 445 1.219331
636 428 1.219331
523 453 1.219331
523 454 1.219331
524 432 1.219331
524 411 1.219331
607 416 1.219331
607 386 1.219331
523 495 1.219331
523 487 1.219331
606 492 1.219331
526 412 1.219331
523 421 1.219331
526 449 1.219331
529 413 1.219331
605 425 1.219331
529 385 1.219331
636 489 1.219331
522 478 1.219331
611 433 1.219331
528 480 1.219331
605 433 1.219331
528 455 1.219331
528 384 1.219331
527 510 1.219331
635 418 1.219331
635 423 1.219331
527 490 1.219331
635 434 1.219331
606 384 1.219331
606 390 1.219331
527 430 1.219331
522 492 1.219331
522 497 1.219331
522 500 1.219331
526 468 1.219331
523 395 1.219331
520 465 1.219331
536 478 1.219331
612 392 1.219331
603 439 1.219331
600 477 1.219331
546 405 1.219331
630 417 1.219331
545 498 1.219331
600 484 1.219331
545 450 1.219331
545 449 1.219331
545 444 1.219331
545 441 1.219331
630 450 1.219331
600 474 1.219331
545 384 1.219331
630 453 1.219331
601 388 1.219331
544 468 1.219331
544 462 1.219331
544 445 1.219331
544 442 1.219331
610 437 1.219331
544 412 1.219331
544 403 1.219331
518 455 1.219331
610 434 1.219331
600 465 1.219331
546 469 1.219331
630 392 1.219331
548 458 1.219331
548 455 1.219331
548 428 1.219331
517 491 1.219331
636 455 1.219331
600 417 1.219331
613 416 1.219331
600 440 1.219331
600 441 1.219331
638 409 1.219331
600 442 1.219331
547 464 1.219331
629 488 1.219331
547 442 1.219331
629 490 1.219331
629 491 1.219331
629 495 1.219331
547 423 1.219331
547 398 1.219331
613 400 1.219331
546 477 1.219331
546 472 1.219331
613 396 1.219331
544 390 1.219331
517 482 1.219331
543 482 1.219331
631 388 1.219331
632 408 1.219331
538 486 1.219331
538 460 1.219331
538 455 1.219331
608 402 1.219331
538 428 1.219331
538 425 1.219331
538 423 1.219331
519 449 1.219331
538 386 1.219331
632 393 1.219331
632 433 1.219331
537 501 1.219331
519 493 1.219331
519 511 1.219331
632 455 1.219331
537 425 1.219331
603 400 1.219331
632 464 1.219331
603 427 1.219331
520 417 1.219331
536 505 1.219331
537 511 1.219331
519 417 1.219331
539 456 1.219331
539 462 1.219331
543 406 1.219331
612 473 1.219331
542 493 1.219331
572 481 1.219331
518 476 1.219331
542 466 1.219331
601 500 1.219331
601 501 1.219331
542 424 1.219331
542 407 1.219331
541 473 1.219331
541 470 1.219331
631 449 1.219331
637 509 1.219331
540 498 1.219331
637 505 1.219331
540 428 1.219331
540 401 1.219331
519 410 1.219331
539 471 1.219331
539 466 1.219331
539 465 1.219331
631 505 1.219331
630 511 1.219331
572 506 1.219331
562 499 1.219331
574 419 1.219331
585 434 1.219331
621 404 1.219331
579 501 1.219331
591 476 1.219331
578 426 1.219331
577 473 1.219331
583 487 1.219331
616 509 1.219331
582 496 1.219331
573 494 1.219331
578 472 1.219331
577 477 1.219331
616 428 1.219331
589 418 1.219331
617 443 1.219331
618 478 1.219331
619 422 1.219331
581 386 1.219331
589 451 1.219331
590 462 1.219331
617 412 1.219331
573 441 1.219331
589 391 1.219331
584 410 1.219331
591 489 1.219331
573 486 1.219331
584 451 1.219331
579 502 1.219331
585 505 1.219331
619 500 1.219331
589 481 1.219331
580 390 1.219331
575 467 1.219331
619 428 1.219331
619 445 1.219331
584 498 1.219331
592 426 1.219331
616 439 1.219331
581 421 1.219331
591 435 1.219331
589 460 1.219331
582 451 1.219331
589 458 1.219331
584 476 1.219331
592 432 1.219331
589 457 1.219331
618 413 1.219331
587 393 1.219331
579 436 1.219331
617 431 1.219331
582 394 1.219331
576 440 1.219331
582 418 1.219331
585 471 1.219331
574 468 1.219331
582 499 1.219331
579 418 1.219331
616 506 1.219331
620 400 1.219331
575 428 1.219331
591 499 1.219331
588 501 1.219331
577 465 1.219331
577 397 1.219331
577 454 1.219331
590 422 1.219331
583 467 1.219331
587 500 1.219331
583 470 1.219331
589 415 1.219331
577 462 1.219331
574 422 1.219331
617 393 1.219331
585 403 1.219331
583 410 1.219331
616 447 1.219331
590 476 1.219331
576 505 1.219331
585 440 1.219331
576 488 1.219331
573 402 1.219331
621 446 1.219331
583 412 1.219331
591 493 1.219331
591 421 1.219331
584 429 1.219331
579 398 1.219331
580 507 1.219331
575 413 1.219331
580 448 1.219331
617 462 1.219331
583 416 1.219331
617 447 1.219331
581 507 1.219331
577 447 1.219331
588 411 1.219331
589 416 1.219331
598 487 1.254169
537 416 1.254169
603 430 1.254169
595 498 1.254169
561 427 1.254169
631 427 1.254169
637 460 1.254169
602 384 1.254169
628 397 1.254169
621 393 1.254169
520 413 1.254169
552 461 1.254169
617 389 1.254169
598 460 1.254169
619 430 1.254169
631 424 1.254169
603 454 1.254169
603 444 1.254169
608 444 1.254169
536 451 1.254169
516 464 1.254169
520 440 1.254169
526 493 1.254169
613 476 1.254169
561 386 1.254169
560 481 1.254169
552 424 1.254169
628 394 1.254169
560 482 1.254169
635 472 1.254169
552 455 1.254169
522 477 1.254169
516 427 1.254169
607 471 1.254169
563 466 1.254169
610 463 1.254169
551 391 1.254169
551 385 1.254169
578 398 1.254169
563 489 1.254169
620 435 1.254169
607 396 1.254169
630 506 1.254169
628 459 1.254169
523 491 1.254169
601 442 1.254169
534 506 1.254169
588 453 1.254169
564 412 1.254169
550 476 1.254169
615 400 1.254169
608 470 1.254169
555 404 1.254169
515 466 1.254169
585 462 1.254169
603 475 1.254169
574 497 1.254169
628 467 1.254169
543 473 1.254169
607 468 1.254169
543 426 1.254169
615 394 1.254169
563 454 1.254169
595 396 1.254169
575 469 1.254169
613 472 1.254169
526 500 1.254169
625 414 1.254169
599 386 1.254169
551 502 1.254169
599 397 1.254169
562 419 1.254169
562 421 1.254169
625 406 1.254169
584 439 1.254169
581 483 1.254169
625 399 1.254169
575 470 1.254169
520 478 1.254169
543 393 1.254169
581 502 1.254169
621 406 1.254169
591 462 1.254169
562 469 1.254169
638 479 1.254169
543 412 1.254169
515 509 1.254169
599 424 1.254169
577 505 1.254169
624 500 1.254169
575 429 1.254169
515 487 1.254169
612 475 1.254169
625 398 1.254169
638 428 1.254169
581 454 1.254169
614 424 1.254169
539 451 1.254169
554 431 1.254169
597 499 1.254169
518 466 1.254169
556 482 1.254169
586 432 1.254169
525 491 1.254169
606 486 1.254169
602 440 1.254169
557 389 1.254169
554 410 1.254169
554 407 1.254169
612 429 1.254169
518 473 1.254169
538 491 1.254169
557 431 1.254169
614 433 1.254169
519 497 1.254169
518 395 1.254169
518 394 1.254169
596 474 1.254169
554 397 1.254169
626 450 1.254169
554 389 1.254169
602 454 1.254169
519 500 1.254169
591 392 1.254169
538 476 1.254169
612 424 1.254169
576 451 1.254169
518 474 1.254169
576 458 1.254169
620 467 1.254169
576 510 1.254169
576 506 1.254169
602 411 1.254169
597 471 1.254169
525 431 1.254169
539 504 1.254169
554 500 1.254169
519 404 1.254169
610 441 1.254169
555 466 1.254169
555 473 1.254169
555 477 1.254169
627 392 1.254169
555 493 1.254169
597 418 1.254169
608 413 1.254169
539 476 1.254169
626 493 1.254169
597 394 1.254169
554 444 1.254169
554 448 1.254169
588 473 1.254169
556 426 1.254169
583 495 1.254169
539 463 1.254169
608 390 1.254169
518 501 1.254169
584 403 1.254169
519 388 1.254169
556 404 1.254169
589 511 1.254169
525 474 1.254169
603 404 1.254169
557 493 1.254169
632 418 1.254169
553 443 1.254169
541 471 1.254169
524 477 1.254169
596 418 1.254169
602 392 1.254169
627 493 1.254169
541 508 1.254169
517 463 1.254169
625 510 1.254169
559 431 1.254169
517 459 1.254169
629 510 1.254169
524 474 1.254169
559 474 1.254169
586 439 1.254169
537 474 1.254169
590 498 1.254169
537 469 1.254169
612 410 1.254169
638 438 1.254169
537 449 1.254169
559 502 1.254169
526 465 1.254169
559 509 1.254169
524 472 1.254169
616 448 1.254169
596 390 1.254169
589 447 1.254169
606 496 1.254169
598 437 1.254169
608 440 1.254169
517 468 1.254169
614 460 1.254169
553 447 1.254169
598 389 1.254169
576 439 1.254169
626 433 1.254169
538 449 1.254169
558 392 1.254169
538 434 1.254169
553 494 1.254169
558 407 1.254169
558 412 1.254169
538 419 1.254169
576 435 1.254169
626 421 1.254169
538 413 1.254169
626 419 1.254169
541 443 1.254169
608 435 1.254169
614 453 1.254169
591 385 1.254169
526 429 1.254169
589 424 1.254169
558 488 1.254169
558 487 1.254169
607 510 1.254169
610 429 1.254169
626 406 1.254169
637 473 1.254169
541 468 1.254169
614 456 1.254169
591 408 1.254169
553 477 1.254169
602 399 1.254169
626 407 1.254169
534 484 1.254169
601 436 1.254169
606 396 1.254169
593 439 1.254169
573 490 1.254169
531 509 1.254169
605 445 1.254169
569 496 1.254169
593 438 1.254169
528 437 1.254169
623 385 1.254169
635 399 1.254169
592 413 1.254169
619 395 1.254169
545 494 1.254169
513 386 1.254169
570 390 1.254169
573 491 1.254169
570 395 1.254169
583 431 1.254169
593 434 1.254169
570 405 1.254169
600 401 1.254169
512 510 1.254169
634 431 1.254169
609 421 1.254169
531 404 1.254169
609 424 1.254169
639 463 1.254169
570 438 1.254169
528 476 1.254169
630 419 1.254169
622 481 1.254169
605 437 1.254169
578 467 1.254169
623 399 1.254169
593 440 1.254169
548 491 1.254169
545 421 1.254169
548 477 1.254169
523 462 1.254169
527 497 1.254169
568 442 1.254169
568 451 1.254169
579 429 1.254169
568 459 1.254169
548 464 1.254169
623 430 1.254169
592 402 1.254169
639 435 1.254169
593 456 1.254169
600 501 1.254169
568 499 1.254169
588 433 1.254169
623 420 1.254169
605 450 1.254169
548 446 1.254169
623 416 1.254169
569 425 1.254169
635 411 1.254169
513 455 1.254169
615 465 1.254169
584 471 1.254169
528 395 1.254169
513 442 1.254169
545 467 1.254169
605 448 1.254169
568 501 1.254169
568 412 1.254169
613 422 1.254169
570 459 1.254169
573 407 1.254169
588 404 1.254169
512 431 1.254169
571 484 1.254169
573 406 1.254169
547 451 1.254169
573 405 1.254169
605 404 1.254169
547 446 1.254169
522 496 1.254169
530 391 1.254169
582 506 1.254169
634 473 1.254169
578 497 1.254169
546 434 1.254169
616 385 1.254169
572 444 1.254169
572 448 1.254169
605 419 1.254169
636 501 1.254169
616 386 1.254169
529 487 1.254169
547 418 1.254169
573 387 1.254169
592 467 1.254169
592 459 1.254169
529 442 1.254169
590 448 1.254169
547 397 1.254169
572 496 1.254169
605 413 1.254169
582 475 1.254169
528 501 1.254169
634 462 1.254169
589 453 1.254169
530 506 1.254169
570 472 1.254169
604 501 1.254169
512 482 1.254169
607 441 1.254169
605 430 1.254169
547 504 1.254169
588 511 1.254169
639 475 1.254169
588 394 1.254169
573 457 1.254169
522 432 1.254169
600 429 1.254169
592 489 1.254169
600 430 1.254169
639 482 1.254169
512 440 1.254169
634 456 1.254169
592 510 1.254169
634 457 1.254169
512 435 1.254169
635 385 1.254169
609 440 1.254169
573 443 1.254169
592 500 1.254169
571 467 1.254169
616 396 1.254169
622 432 1.254169
547 469 1.254169
600 439 1.254169
593 488 1.254169
612 446 1.254169
545 417 1.254169
613 443 1.254169
624 399 1.254169
620 427 1.254169
588 443 1.254169
585 456 1.254169
599 498 1.254169
624 393 1.254169
532 475 1.254169
544 458 1.254169
594 459 1.254169
521 420 1.254169
549 466 1.254169
624 386 1.254169
566 431 1.254169
514 486 1.254169
514 479 1.254169
544 473 1.254169
610 470 1.254169
514 470 1.254169
594 432 1.254169
630 459 1.254169
594 421 1.254169
578 437 1.254169
544 505 1.254169
594 413 1.254169
633 477 1.254169
521 457 1.254169
637 420 1.254169
594 471 1.254169
615 422 1.254169
601 403 1.254169
543 483 1.254169
601 433 1.254169
624 444 1.254169
617 495 1.254169
564 494 1.254169
543 509 1.254169
613 450 1.254169
515 425 1.254169
633 443 1.254169
544 415 1.254169
635 440 1.254169
515 412 1.254169
619 415 1.254169
601 390 1.254169
515 397 1.254169
550 427 1.254169
550 411 1.254169
594 483 1.254169
633 450 1.254169
578 404 1.254169
624 418 1.254169
574 478 1.254169
527 452 1.254169
565 466 1.254169
584 464 1.254169
565 489 1.254169
550 398 1.254169
630 478 1.254169
615 410 1.254169
616 413 1.254169
533 470 1.254169
567 457 1.254169
567 489 1.254169
594 388 1.254169
513 505 1.254169
582 404 1.254169
567 484 1.254169
603 510 1.254169
514 442 1.254169
609 387 1.254169
548 510 1.254169
514 388 1.254169
527 481 1.254169
545 391 1.254169
527 471 1.254169
549 404 1.254169
637 403 1.254169
533 386 1.254169
607 445 1.254169
629 415 1.254169
590 477 1.254169
593 511 1.254169
521 472 1.254169
605 510 1.254169
567 389 1.254169
548 511 1.289007
520 407 1.289007
628 489 1.289007
600 466 1.289007
612 449 1.289007
590 442 1.289007
637 436 1.289007
585 419 1.289007
524 396 1.289007
600 444 1.289007
520 484 1.289007
577 416 1.289007
550 419 1.289007
554 432 1.289007
601 385 1.289007
613 447 1.289007
627 446 1.289007
521 489 1.289007
627 506 1.289007
520 491 1.289007
637 408 1.289007
636 431 1.289007
519 460 1.289007
627 429 1.289007
540 421 1.289007
629 422 1.289007
607 436 1.289007
630 389 1.289007
550 453 1.289007
554 507 1.289007
631 472 1.289007
618 458 1.289007
546 496 1.289007
610 445 1.289007
550 463 1.289007
540 412 1.289007
586 389 1.289007
618 433 1.289007
628 385 1.289007
579 396 1.289007
550 481 1.289007
554 422 1.289007
637 462 1.289007
554 458 1.289007
578 498 1.289007
550 444 1.289007
540 439 1.289007
579 397 1.289007
524 493 1.289007
540 440 1.289007
579 469 1.289007
547 426 1.289007
599 467 1.289007
607 437 1.289007
554 473 1.289007
598 447 1.289007
600 392 1.289007
584 467 1.289007
551 469 1.289007
600 384 1.289007
631 397 1.289007
616 462 1.289007
589 387 1.289007
549 457 1.289007
544 469 1.289007
636 415 1.289007
524 408 1.289007
522 395 1.289007
637 454 1.289007
580 387 1.289007
546 387 1.289007
553 437 1.289007
631 410 1.289007
523 469 1.289007
520 464 1.289007
601 394 1.289007
599 385 1.289007
548 420 1.289007
613 506 1.289007
520 403 1.289007
610 474 1.289007
627 487 1.289007
601 479 1.289007
618 422 1.289007
629 442 1.289007
600 497 1.289007
637 409 1.289007
578 465 1.289007
578 436 1.289007
637 404 1.289007
637 455 1.289007
607 391 1.289007
590 475 1.289007
585 508 1.289007
544 447 1.289007
588 492 1.289007
577 424 1.289007
613 392 1.289007
601 452 1.289007
600 438 1.289007
541 408 1.289007
547 486 1.289007
600 393 1.289007
547 492 1.289007
590 392 1.289007
598 409 1.289007
544 460 1.289007
550 465 1.289007
554 394 1.289007
543 408 1.289007
547 497 1.289007
612 509 1.289007
631 391 1.289007
577 446 1.289007
599 409 1.289007
637 477 1.289007
630 413 1.289007
580 441 1.289007
553 496 1.289007
631 434 1.289007
542 454 1.289007
610 488 1.289007
546 417 1.289007
542 406 1.289007
529 411 1.289007
619 441 1.289007
535 401 1.289007
535 395 1.289007
575 410 1.289007
570 470 1.289007
527 411 1.289007
515 483 1.289007
534 511 1.289007
606 405 1.289007
564 401 1.289007
608 469 1.289007
512 490 1.289007
597 489 1.289007
534 495 1.289007
564 456 1.289007
570 457 1.289007
564 469 1.289007
595 384 1.289007
594 510 1.289007
534 450 1.289007
534 436 1.289007
593 431 1.289007
624 439 1.289007
512 504 1.289007
564 502 1.289007
606 393 1.289007
565 407 1.289007
621 430 1.289007
633 409 1.289007
588 444 1.289007
563 476 1.289007
563 469 1.289007
606 424 1.289007
606 422 1.289007
562 420 1.289007
527 501 1.289007
575 465 1.289007
588 462 1.289007
591 452 1.289007
608 456 1.289007
575 449 1.289007
581 491 1.289007
528 483 1.289007
593 408 1.289007
610 415 1.289007
608 461 1.289007
603 459 1.289007
575 437 1.289007
526 508 1.289007
562 486 1.289007
639 474 1.289007
512 462 1.289007
617 473 1.289007
563 384 1.289007
621 478 1.289007
595 409 1.289007
512 484 1.289007
595 393 1.289007
563 468 1.289007
535 427 1.289007
635 439 1.289007
569 511 1.289007
533 509 1.289007
615 439 1.289007
569 452 1.289007
639 442 1.289007
533 412 1.289007
589 473 1.289007
621 460 1.289007
567 412 1.289007
513 492 1.289007
592 392 1.289007
604 384 1.289007
567 448 1.289007
532 510 1.289007
639 419 1.289007
615 449 1.289007
567 499 1.289007
567 505 1.289007
617 478 1.289007
527 511 1.289007
532 479 1.289007
568 386 1.289007
574 428 1.289007
532 459 1.289007
513 496 1.289007
532 450 1.289007
582 413 1.289007
623 442 1.289007
568 447 1.289007
514 464 1.289007
616 416 1.289007
566 498 1.289007
569 466 1.289007
574 469 1.289007
565 477 1.289007
633 458 1.289007
621 438 1.289007
533 490 1.289007
604 447 1.289007
603 496 1.289007
533 483 1.289007
594 474 1.289007
566 387 1.289007
624 400 1.289007
633 463 1.289007
582 388 1.289007
595 439 1.289007
604 440 1.289007
619 413 1.289007
566 397 1.289007
528 433 1.289007
528 406 1.289007
533 445 1.289007
566 433 1.289007
623 510 1.289007
528 398 1.289007
574 467 1.289007
533 440 1.289007
594 428 1.289007
514 469 1.289007
566 492 1.289007
609 416 1.289007
609 433 1.289007
632 509 1.289007
638 462 1.289007
573 392 1.289007
572 457 1.289007
602 448 1.289007
557 453 1.289007
614 438 1.289007
573 394 1.289007
596 473 1.289007
596 468 1.289007
526 400 1.289007
622 397 1.289007
620 494 1.289007
517 496 1.289007
609 480 1.289007
581 408 1.289007
596 435 1.289007
526 405 1.289007
538 391 1.289007
558 464 1.289007
626 410 1.289007
581 427 1.289007
617 384 1.289007
626 404 1.289007
638 465 1.289007
596 429 1.289007
614 462 1.289007
537 500 1.289007
596 443 1.289007
576 430 1.289007
602 439 1.289007
539 429 1.289007
580 468 1.289007
584 389 1.289007
572 493 1.289007
612 443 1.289007
602 426 1.289007
597 463 1.289007
519 426 1.289007
590 391 1.289007
576 494 1.289007
597 435 1.289007
631 493 1.289007
525 468 1.289007
608 420 1.289007
609 482 1.289007
572 482 1.289007
588 475 1.289007
529 463 1.289007
556 431 1.289007
556 437 1.289007
631 509 1.289007
525 481 1.289007
617 441 1.289007
638 389 1.289007
556 464 1.289007
632 387 1.289007
539 437 1.289007
539 470 1.289007
606 434 1.289007
626 399 1.289007
537 492 1.289007
603 405 1.289007
537 418 1.289007
625 465 1.289007
512 408 1.289007
592 484 1.289007
530 415 1.289007
560 472 1.289007
632 477 1.289007
536 507 1.289007
536 504 1.289007
609 446 1.289007
575 476 1.289007
593 384 1.289007
595 502 1.289007
625 446 1.289007
635 470 1.289007
530 466 1.289007
588 399 1.289007
625 438 1.289007
526 496 1.289007
603 449 1.289007
516 436 1.289007
593 395 1.289007
586 498 1.289007
528 492 1.289007
561 467 1.289007
561 472 1.289007
560 448 1.289007
635 475 1.289007
571 493 1.289007
560 429 1.289007
530 385 1.289007
559 406 1.289007
622 409 1.289007
559 412 1.289007
559 449 1.289007
517 430 1.289007
517 423 1.289007
516 491 1.289007
530 409 1.289007
559 488 1.289007
608 439 1.289007
622 418 1.289007
583 449 1.289007
575 490 1.289007
596 396 1.289007
588 432 1.289007
596 384 1.289007
529 481 1.323845
582 447 1.323845
582 486 1.323845
529 488 1.323845
605 422 1.323845
600 480 1.323845
617 429 1.323845
611 424 1.323845
618 431 1.323845
531 419 1.323845
582 449 1.323845
546 437 1.323845
611 446 1.323845
546 427 1.323845
546 464 1.323845
634 506 1.323845
545 497 1.323845
618 510 1.323845
528 390 1.323845
529 484 1.323845
532 406 1.323845
530 494 1.323845
611 450 1.323845
546 438 1.323845
636 487 1.323845
635 384 1.323845
583 448 1.323845
630 415 1.323845
540 407 1.323845
527 480 1.323845
581 440 1.323845
526 457 1.323845
537 475 1.323845
618 476 1.323845
619 440 1.323845
526 471 1.323845
581 444 1.323845
541 489 1.323845
603 413 1.323845
636 427 1.323845
537 398 1.323845
603 431 1.323845
542 434 1.323845
536 491 1.323845
580 416 1.323845
580 410 1.323845
537 408 1.323845
601 493 1.323845
612 455 1.323845
580 438 1.323845
606 480 1.323845
602 417 1.323845
525 407 1.323845
525 472 1.323845
540 479 1.323845
636 386 1.323845
539 446 1.323845
612 415 1.323845
611 396 1.323845
526 389 1.323845
602 445 1.323845
538 488 1.323845
589 506 1.323845
541 425 1.323845
581 415 1.323845
616 511 1.323845
612 431 1.323845
636 434 1.323845
581 467 1.323845
536 442 1.323845
523 481 1.323845
544 449 1.323845
533 476 1.323845
533 459 1.323845
533 446 1.323845
607 413 1.323845
633 474 1.323845
544 437 1.323845
544 484 1.323845
533 427 1.323845
618 484 1.323845
579 441 1.323845
618 444 1.323845
527 458 1.323845
533 397 1.323845
582 411 1.323845
533 438 1.323845
534 387 1.323845
544 417 1.323845
635 442 1.323845
632 506 1.323845
616 499 1.323845
536 407 1.323845
536 394 1.323845
601 458 1.323845
535 486 1.323845
535 460 1.323845
633 398 1.323845
535 456 1.323845
633 406 1.323845
527 408 1.323845
603 473 1.323845
534 490 1.323845
603 479 1.323845
534 434 1.323845
534 427 1.323845
603 492 1.323845
601 384 1.323845
534 497 1.323845
543 438 1.323845
522 475 1.323845
596 495 1.323845
557 437 1.323845
608 431 1.323845
596 460 1.323845
517 497 1.323845
618 393 1.323845
557 500 1.323845
558 404 1.323845
614 449 1.323845
596 432 1.323845
558 470 1.323845
517 478 1.323845
559 394 1.323845
638 425 1.323845
517 406 1.323845
575 505 1.323845
559 498 1.323845
586 448 1.323845
560 407 1.323845
516 495 1.323845
516 489 1.323845
625 466 1.323845
516 463 1.323845
595 499 1.323845
561 408 1.323845
586 469 1.323845
561 448 1.323845
616 444 1.323845
595 460 1.323845
557 397 1.323845
626 470 1.323845
614 428 1.323845
556 471 1.323845
585 489 1.323845
588 476 1.323845
607 494 1.323845
520 419 1.323845
607 496 1.323845
577 469 1.323845
552 462 1.323845
628 395 1.323845
552 467 1.323845
552 488 1.323845
552 496 1.323845
620 459 1.323845
520 398 1.323845
553 458 1.323845
638 466 1.323845
637 476 1.323845
616 457 1.323845
608 393 1.323845
586 386 1.323845
554 477 1.323845
637 492 1.323845
519 448 1.323845
586 393 1.323845
597 487 1.323845
610 443 1.323845
597 470 1.323845
556 395 1.323845
576 465 1.323845
576 464 1.323845
518 482 1.323845
608 387 1.323845
637 446 1.323845
516 424 1.323845
591 453 1.323845
639 440 1.323845
623 415 1.323845
573 496 1.323845
569 481 1.323845
615 469 1.323845
623 387 1.323845
593 437 1.323845
593 435 1.323845
570 404 1.323845
592 425 1.323845
622 484 1.323845
615 479 1.323845
622 477 1.323845
573 462 1.323845
512 465 1.323845
570 510 1.323845
571 400 1.323845
622 447 1.323845
639 486 1.323845
512 438 1.323845
572 386 1.323845
512 410 1.323845
572 389 1.323845
609 460 1.323845
592 440 1.323845
572 440 1.323845
572 453 1.323845
512 397 1.323845
592 441 1.323845
569 392 1.323845
568 448 1.323845
568 429 1.323845
568 404 1.323845
562 477 1.323845
562 495 1.323845
515 497 1.323845
563 460 1.323845
615 396 1.323845
563 490 1.323845
615 397 1.323845
591 500 1.323845
615 401 1.323845
564 448 1.323845
587 428 1.323845
587 436 1.323845
564 495 1.323845
624 435 1.323845
595 416 1.323845
638 510 1.323845
565 493 1.323845
514 511 1.323845
514 506 1.323845
610 401 1.323845
514 474 1.323845
566 470 1.323845
566 502 1.323845
567 397 1.323845
623 477 1.323845
587 471 1.323845
567 447 1.323845
514 422 1.323845
617 455 1.323845
621 452 1.323845
591 502 1.323845
551 466 1.323845
588 488 1.323845
521 462 1.323845
522 403 1.323845
629 455 1.323845
578 400 1.323845
600 402 1.323845
548 395 1.323845
607 469 1.323845
599 449 1.323845
550 459 1.323845
578 402 1.323845
548 426 1.323845
637 428 1.323845
607 444 1.323845
548 436 1.323845
550 494 1.323845
628 480 1.323845
548 481 1.323845
578 451 1.323845
549 399 1.323845
620 429 1.323845
520 480 1.323845
549 430 1.323845
549 433 1.323845
550 386 1.323845
585 445 1.323845
607 466 1.323845
549 443 1.323845
549 482 1.323845
521 425 1.323845
599 468 1.323845
629 471 1.323845
628 509 1.323845
547 444 1.323845
551 438 1.323845
547 441 1.323845
534 488 1.358683
622 396 1.358683
523 466 1.358683
636 496 1.358683
549 391 1.358683
611 510 1.358683
535 466 1.358683
535 464 1.358683
616 429 1.358683
638 482 1.358683
535 444 1.358683
515 492 1.358683
563 438 1.358683
615 389 1.358683
611 443 1.358683
515 459 1.358683
617 410 1.358683
625 393 1.358683
572 409 1.358683
548 471 1.358683
527 402 1.358683
523 460 1.358683
621 422 1.358683
592 474 1.358683
545 438 1.358683
534 504 1.358683
530 389 1.358683
515 473 1.358683
521 484 1.358683
578 458 1.358683
564 450 1.358683
563 470 1.358683
535 422 1.358683
531 385 1.358683
512 402 1.358683
516 469 1.358683
526 481 1.358683
560 461 1.358683
529 398 1.358683
575 487 1.358683
549 449 1.358683
581 457 1.358683
549 453 1.358683
544 471 1.358683
611 436 1.358683
632 459 1.358683
559 499 1.358683
625 491 1.358683
618 445 1.358683
621 384 1.358683
512 393 1.358683
599 499 1.358683
581 459 1.358683
595 437 1.358683
562 391 1.358683
632 504 1.358683
621 394 1.358683
578 440 1.358683
622 388 1.358683
529 478 1.358683
603 451 1.358683
614 492 1.358683
581 466 1.358683
529 477 1.358683
512 400 1.358683
595 505 1.358683
610 421 1.358683
625 453 1.358683
603 482 1.358683
587 421 1.358683
548 450 1.358683
527 420 1.358683
513 467 1.358683
611 455 1.358683
578 468 1.358683
532 409 1.358683
570 504 1.358683
622 457 1.358683
532 389 1.358683
568 476 1.358683
546 398 1.358683
623 440 1.358683
590 443 1.358683
568 428 1.358683
568 427 1.358683
623 446 1.358683
604 429 1.358683
618 437 1.358683
522 423 1.358683
569 492 1.358683
636 504 1.358683
570 451 1.358683
590 453 1.358683
582 450 1.358683
639 456 1.358683
522 433 1.358683
620 387 1.358683
547 471 1.358683
513 388 1.358683
590 450 1.358683
630 401 1.358683
605 438 1.358683
623 390 1.358683
605 440 1.358683
611 428 1.358683
548 442 1.358683
605 384 1.358683
532 492 1.358683
591 427 1.358683
600 398 1.358683
565 499 1.358683
633 454 1.358683
571 470 1.358683
534 391 1.358683
624 398 1.358683
534 403 1.358683
545 456 1.358683
572 396 1.358683
633 440 1.358683
608 494 1.358683
534 428 1.358683
615 407 1.358683
622 427 1.358683
567 510 1.358683
603 505 1.358683
624 392 1.358683
514 408 1.358683
585 437 1.358683
548 419 1.358683
522 480 1.358683
584 495 1.358683
613 403 1.358683
571 468 1.358683
567 427 1.358683
571 452 1.358683
621 483 1.358683
610 399 1.358683
600 400 1.358683
566 493 1.358683
566 447 1.358683
621 447 1.358683
587 463 1.358683
591 410 1.358683
543 463 1.358683
577 461 1.358683
556 510 1.358683
553 497 1.358683
544 436 1.358683
557 399 1.358683
524 387 1.358683
538 504 1.358683
553 504 1.358683
520 488 1.358683
590 406 1.358683
538 494 1.358683
543 427 1.358683
584 434 1.358683
576 453 1.358683
591 396 1.358683
614 413 1.358683
541 393 1.358683
544 443 1.358683
554 412 1.358683
620 447 1.358683
618 411 1.358683
601 427 1.358683
557 463 1.358683
552 504 1.358683
579 456 1.358683
539 477 1.358683
597 432 1.358683
539 473 1.358683
597 404 1.358683
553 430 1.358683
616 494 1.358683
584 424 1.358683
620 484 1.358683
598 399 1.358683
619 462 1.358683
518 487 1.358683
555 498 1.358683
583 505 1.358683
618 404 1.358683
520 511 1.358683
597 384 1.358683
556 465 1.358683
555 441 1.358683
520 404 1.358683
632 389 1.358683
576 498 1.358683
627 505 1.358683
628 495 1.358683
577 436 1.358683
580 404 1.358683
524 510 1.358683
599 401 1.358683
558 416 1.358683
614 447 1.358683
607 384 1.358683
628 499 1.358683
558 439 1.358683
601 451 1.358683
544 452 1.358683
524 407 1.358683
558 474 1.358683
524 492 1.358683
599 438 1.358683
606 438 1.358683
638 420 1.358683
584 401 1.358683
551 488 1.358683
555 399 1.358683
554 498 1.358683
524 421 1.358683
551 404 1.358683
590 407 1.358683
610 432 1.358683
547 384 1.358683
555 403 1.358683
618 500 1.358683
524 487 1.358683
557 499 1.358683
540 506 1.358683
551 467 1.358683
606 484 1.358683
630 475 1.358683
517 486 1.358683
580 402 1.358683
591 409 1.358683
612 422 1.358683
628 507 1.358683
519 487 1.358683
602 466 1.358683
554 476 1.393521
631 465 1.393521
532 391 1.393521
523 502 1.393521
635 408 1.393521
579 486 1.393521
553 478 1.393521
593 443 1.393521
637 486 1.393521
597 501 1.393521
527 483 1.393521
592 397 1.393521
532 431 1.393521
593 463 1.393521
604 422 1.393521
513 494 1.393521
550 480 1.393521
609 395 1.393521
611 481 1.393521
532 415 1.393521
577 433 1.393521
541 455 1.393521
553 467 1.393521
589 392 1.393521
532 484 1.393521
573 502 1.393521
635 486 1.393521
600 443 1.393521
602 398 1.393521
590 490 1.393521
589 454 1.393521
542 463 1.393521
571 475 1.393521
598 509 1.393521
547 430 1.393521
629 500 1.393521
547 410 1.393521
582 501 1.393521
613 398 1.393521
579 488 1.393521
622 402 1.393521
529 386 1.393521
522 466 1.393521
529 391 1.393521
628 442 1.393521
573 385 1.393521
577 495 1.393521
599 411 1.393521
620 394 1.393521
529 453 1.393521
551 472 1.393521
618 502 1.393521
577 470 1.393521
613 419 1.393521
512 447 1.393521
546 450 1.393521
553 435 1.393521
607 504 1.393521
531 468 1.393521
531 459 1.393521
604 444 1.393521
569 499 1.393521
589 465 1.393521
569 501 1.393521
524 473 1.393521
531 430 1.393521
598 408 1.393521
553 399 1.393521
527 469 1.393521
553 391 1.393521
616 405 1.393521
609 425 1.393521
531 394 1.393521
601 511 1.393521
636 426 1.393521
593 412 1.393521
543 434 1.393521
630 400 1.393521
620 401 1.393521
573 455 1.393521
567 436 1.393521
551 461 1.393521
615 445 1.393521
526 497 1.393521
612 427 1.393521
620 428 1.393521
521 461 1.393521
586 433 1.393521
562 384 1.393521
516 425 1.393521
557 406 1.393521
562 446 1.393521
625 395 1.393521
518 421 1.393521
625 433 1.393521
635 461 1.393521
526 390 1.393521
633 393 1.393521
578 417 1.393521
535 457 1.393521
596 502 1.393521
526 510 1.393521
556 487 1.393521
607 467 1.393521
556 469 1.393521
539 445 1.393521
563 480 1.393521
590 486 1.393521
535 405 1.393521
536 467 1.393521
561 439 1.393521
618 387 1.393521
601 400 1.393521
602 494 1.393521
590 433 1.393521
537 455 1.393521
559 389 1.393521
632 456 1.393521
537 453 1.393521
559 501 1.393521
614 457 1.393521
630 470 1.393521
549 439 1.393521
586 456 1.393521
526 482 1.393521
617 446 1.393521
560 490 1.393521
638 451 1.393521
558 397 1.393521
581 413 1.393521
638 454 1.393521
536 486 1.393521
544 502 1.393521
630 477 1.393521
595 491 1.393521
560 470 1.393521
518 483 1.393521
526 509 1.393521
587 438 1.393521
624 387 1.393521
594 456 1.393521
559 404 1.393521
565 408 1.393521
515 409 1.393521
533 468 1.393521
515 392 1.393521
615 417 1.393521
515 389 1.393521
540 410 1.393521
616 424 1.393521
555 429 1.393521
592 388 1.393521
527 456 1.393521
533 498 1.393521
594 466 1.393521
533 497 1.393521
600 399 1.393521
540 405 1.393521
612 445 1.393521
614 405 1.393521
555 423 1.393521
534 419 1.393521
556 423 1.393521
515 463 1.393521
597 399 1.393521
564 464 1.393521
582 403 1.393521
555 400 1.393521
619 508 1.393521
515 458 1.393521
607 419 1.393521
540 418 1.393521
545 492 1.393521
548 423 1.393521
597 410 1.393521
612 436 1.393521
582 401 1.393521
587 470 1.428359
514 446 1.428359
618 388 1.428359
586 454 1.428359
605 466 1.428359
608 442 1.428359
636 492 1.428359
583 462 1.428359
606 428 1.428359
529 404 1.428359
520 473 1.428359
608 466 1.428359
587 386 1.428359
607 439 1.428359
606 444 1.428359
518 471 1.428359
610 388 1.428359
587 506 1.428359
639 455 1.428359
518 436 1.428359
523 437 1.428359
521 476 1.428359
588 385 1.428359
635 501 1.428359
515 434 1.428359
520 490 1.428359
588 391 1.428359
526 398 1.428359
609 411 1.428359
618 483 1.428359
526 506 1.428359
636 394 1.428359
528 484 1.428359
639 439 1.428359
639 480 1.428359
587 461 1.428359
585 439 1.428359
512 413 1.428359
526 495 1.428359
635 420 1.428359
514 495 1.428359
588 420 1.428359
615 398 1.428359
535 437 1.428359
573 465 1.428359
630 486 1.428359
599 437 1.428359
628 457 1.428359
550 496 1.428359
535 387 1.428359
615 434 1.428359
599 410 1.428359
599 408 1.428359
544 427 1.428359
631 507 1.428359
627 488 1.428359
598 396 1.428359
554 398 1.428359
597 511 1.428359
614 391 1.428359
616 459 1.428359
621 439 1.428359
570 444 1.428359
555 392 1.428359
532 482 1.428359
572 507 1.428359
576 463 1.428359
535 495 1.428359
549 441 1.428359
630 396 1.428359
612 416 1.428359
593 461 1.428359
547 427 1.428359
632 446 1.428359
537 476 1.428359
537 472 1.428359
574 396 1.428359
546 446 1.428359
620 386 1.428359
567 460 1.428359
570 496 1.428359
567 506 1.428359
603 420 1.428359
546 393 1.428359
536 508 1.428359
539 404 1.428359
600 395 1.428359
593 397 1.428359
593 510 1.428359
622 453 1.428359
539 425 1.428359
600 407 1.428359
542 426 1.428359
577 394 1.428359
576 455 1.428359
619 398 1.428359
622 491 1.428359
592 416 1.428359
564 507 1.428359
604 458 1.428359
531 427 1.428359
531 422 1.428359
590 404 1.428359
625 456 1.428359
540 434 1.428359
571 498 1.428359
625 439 1.428359
592 481 1.428359
530 471 1.428359
540 450 1.428359
621 397 1.428359
570 412 1.428359
616 387 1.428359
572 465 1.428359
580 449 1.428359
625 397 1.428359
605 400 1.428359
564 470 1.428359
621 413 1.428359
602 388 1.428359
619 399 1.428359
591 505 1.428359
575 489 1.428359
575 506 1.428359
557 438 1.428359
557 476 1.428359
557 498 1.428359
612 441 1.428359
558 481 1.428359
540 415 1.428359
559 493 1.428359
582 428 1.428359
592 431 1.428359
604 432 1.428359
596 428 1.428359
619 446 1.428359
559 470 1.428359
634 399 1.428359
532 393 1.428359
596 409 1.428359
565 424 1.428359
569 497 1.463197
607 431 1.463197
542 443 1.463197
610 508 1.463197
606 494 1.463197
542 421 1.463197
607 432 1.463197
601 387 1.463197
589 405 1.463197
630 418 1.463197
542 478 1.463197
543 460 1.463197
601 447 1.463197
623 388 1.463197
579 438 1.463197
524 403 1.463197
579 408 1.463197
623 405 1.463197
590 432 1.463197
599 443 1.463197
569 402 1.463197
597 492 1.463197
586 395 1.463197
586 406 1.463197
626 491 1.463197
614 427 1.463197
596 444 1.463197
614 451 1.463197
608 437 1.463197
587 441 1.463197
624 434 1.463197
638 449 1.463197
560 505 1.463197
588 464 1.463197
608 486 1.463197
575 463 1.463197
516 396 1.463197
595 425 1.463197
591 479 1.463197
615 388 1.463197
519 491 1.463197
636 484 1.463197
613 505 1.463197
610 456 1.463197
547 428 1.463197
600 445 1.463197
620 404 1.463197
513 500 1.463197
636 511 1.463197
522 402 1.463197
588 436 1.463197
578 462 1.463197
587 473 1.463197
578 439 1.463197
629 393 1.463197
574 448 1.463197
594 389 1.463197
550 468 1.463197
580 440 1.463197
551 474 1.463197
577 480 1.463197
628 423 1.463197
553 387 1.463197
598 401 1.463197
602 402 1.463197
522 450 1.463197
615 491 1.463197
573 404 1.463197
605 429 1.463197
581 397 1.463197
532 386 1.463197
571 413 1.463197
572 509 1.463197
604 437 1.463197
533 387 1.463197
606 448 1.463197
603 464 1.463197
635 387 1.463197
526 474 1.463197
537 478 1.463197
570 467 1.463197
622 440 1.463197
540 474 1.463197
583 469 1.463197
589 502 1.463197
634 427 1.463197
582 456 1.463197
526 451 1.463197
571 481 1.463197
592 444 1.463197
633 480 1.498035
559 489 1.498035
624 419 1.498035
629 439 1.498035
629 440 1.498035
600 448 1.498035
548 416 1.498035
575 482 1.498035
600 406 1.498035
624 395 1.498035
537 422 1.498035
615 399 1.498035
597 387 1.498035
590 465 1.498035
532 465 1.498035
560 498 1.498035
627 399 1.498035
632 499 1.498035
588 439 1.498035
551 510 1.498035
583 459 1.498035
557 487 1.498035
606 402 1.498035
581 509 1.498035
578 384 1.498035
639 410 1.498035
618 390 1.498035
527 409 1.498035
581 506 1.498035
603 470 1.498035
604 411 1.498035
592 389 1.498035
633 445 1.498035
517 471 1.498035
638 424 1.498035
610 469 1.498035
553 440 1.498035
629 395 1.498035
567 465 1.498035
549 393 1.498035
592 395 1.498035
517 412 1.498035
556 484 1.498035
533 398 1.498035
620 445 1.498035
622 413 1.498035
631 429 1.498035
555 450 1.498035
555 435 1.498035
602 432 1.498035
542 436 1.498035
611 394 1.498035
524 490 1.498035
595 457 1.498035
593 432 1.498035
562 406 1.498035
525 460 1.498035
622 384 1.498035
601 460 1.498035
546 447 1.498035
523 476 1.498035
600 493 1.498035
627 402 1.498035
540 482 1.498035
590 447 1.498035
627 432 1.498035
564 386 1.498035
584 408 1.498035
601 464 1.498035
625 435 1.498035
539 418 1.498035
535 394 1.532873
564 491 1.532873
570 419 1.532873
557 489 1.532873
607 455 1.532873
636 440 1.532873
574 482 1.532873
535 508 1.532873
549 455 1.532873
636 410 1.532873
598 507 1.532873
605 497 1.532873
549 490 1.532873
601 477 1.532873
542 412 1.532873
590 494 1.532873
527 448 1.532873
532 435 1.532873
524 478 1.532873
581 510 1.532873
617 392 1.532873
615 404 1.532873
571 455 1.532873
602 387 1.532873
612 437 1.532873
604 400 1.532873
549 500 1.532873
576 447 1.532873
549 398 1.532873
531 479 1.532873
595 508 1.532873
595 482 1.532873
545 466 1.532873
597 393 1.532873
629 484 1.532873
602 501 1.532873
604 404 1.532873
557 488 1.532873
568 473 1.532873
607 427 1.532873
570 494 1.532873
576 460 1.532873
593 445 1.532873
619 443 1.532873
592 434 1.532873
574 398 1.532873
609 399 1.532873
570 511 1.532873
632 404 1.532873
629 399 1.532873
637 508 1.532873
560 483 1.532873
616 493 1.532873
512 489 1.532873
564 501 1.532873
589 488 1.532873
597 385 1.532873
559 491 1.532873
608 429 1.532873
624 422 1.532873
595 445 1.532873
569 464 1.532873
633 505 1.532873
523 471 1.532873
629 459 1.532873
592 433 1.532873
513 465 1.532873
587 424 1.532873
556 500 1.532873
610 455 1.567711
534 392 1.567711
553 456 1.567711
594 437 1.567711
635 422 1.567711
552 441 1.567711
589 480 1.567711
583 390 1.567711
520 459 1.567711
516 508 1.567711
619 397 1.567711
639 477 1.567711
531 455 1.567711
620 396 1.567711
560 510 1.567711
612 425 1.567711
625 436 1.567711
586 484 1.567711
561 455 1.567711
636 438 1.567711
524 419 1.567711
584 385 1.567711
562 502 1.567711
631 483 1.567711
552 404 1.567711
596 397 1.567711
581 455 1.567711
608 438 1.567711
639 487 1.567711
558 388 1.567711
599 403 1.567711
571 432 1.567711
529 415 1.567711
520 483 1.567711
550 469 1.567711
629 411 1.567711
614 458 1.567711
513 508 1.567711
623 481 1.567711
521 421 1.567711
550 404 1.567711
530 508 1.602549
532 412 1.602549
595 432 1.602549
595 507 1.602549
608 497 1.602549
564 472 1.602549
532 387 1.602549
634 407 1.602549
625 489 1.602549
582 508 1.602549
639 386 1.602549
524 484 1.602549
636 498 1.602549
578 504 1.602549
574 466 1.602549
600 446 1.602549
522 393 1.602549
636 494 1.602549
616 481 1.602549
536 477 1.602549
553 508 1.602549
555 455 1.602549
539 395 1.602549
567 508 1.602549
545 455 1.602549
534 508 1.602549
590 431 1.602549
580 492 1.602549
567 409 1.602549
513 430 1.602549
542 495 1.602549
613 446 1.602549
622 493 1.602549
512 507 1.602549
520 502 1.637387
536 418 1.637387
582 419 1.637387
571 478 1.637387
521 508 1.637387
599 470 1.637387
549 406 1.637387
520 414 1.637387
574 474 1.637387
576 426 1.637387
596 489 1.637387
607 465 1.637387
608 428 1.637387
556 508 1.637387
554 493 1.637387
580 465 1.637387
608 384 1.637387
626 487 1.637387
630 502 1.637387
597 392 1.637387
593 413 1.672225
617 461 1.672225
620 409 1.672225
570 497 1.672225
538 411 1.672225
544 508 1.672225
632 507 1.672225
620 416 1.672225
624 397 1.672225
624 389 1.672225
626 460 1.672225
591 401 1.672225
518 508 1.672225
551 478 1.672225
551 492 1.672225
608 432 1.672225
517 508 1.707063
630 509 1.707063
639 399 1.707063
638 508 1.707063
595 390 1.707063
571 433 1.707063
542 425 1.741901
579 508 1.741901
619 439 1.741901
634 463 1.741901
515 489 1.741901
631 508 1.741901
608 471 1.741901
612 395 1.741901
635 477 1.741901
576 484 1.776739
611 438 1.776739
597 508 1.776739
551 503 1.776739
590 488 1.776739
593 508 1.776739
608 483 1.811577
563 508 1.811577
598 508 1.811577
526 507 1.811577
539 508 1.811577
560 508 1.811577
634 508 1.846415
533 503 1.846415
621 508 1.846415
626 508 1.846415
612 508 1.846415
602 391 1.846415
576 386 1.846415
631 455 1.846415
554 508 1.881253
613 508 1.881253
616 399 1.881253
596 508 1.881253
545 508 1.881253
605 508 1.881253
568 508 1.881253
533 508 1.916091
633 508 1.916091
593 444 1.916091
548 503 1.916091
602 508 1.916091
635 508 1.916091
588 508 1.916091
639 404 1.916091
580 508 1.916091
591 508 1.950929
615 508 1.950929
564 508 1.950929
594 439 1.950929
623 508 1.950929
638 503 1.950929
577 508 1.950929
616 508 1.950929
603 508 1.950929
519 508 1.950929
538 508 1.950929
578 508 1.985767
565 508 1.985767
611 508 1.985767
614 384 1.985767
584 508 1.985767
575 508 1.985767
601 508 1.985767
540 508 1.985767
528 508 2.020605
531 508 2.020605
592 508 2.020605
629 508 2.020605
555 508 2.055443
599 508 2.055443
532 508 2.055443
546 508 2.055443
600 508 2.055443
529 508 2.055443
524 508 2.055443
581 508 2.055443
571 508 2.090281
559 508 2.090281
617 508 2.090281
537 508 2.090281
622 508 2.090281
620 508 2.125119
604 508 2.125119
594 508 2.159957
627 508 2.159957
636 508 2.159957
607 508 2.194795
618 508 2.194795
525 508 2.194795
520 508 2.194795
550 508 2.229633
551 508 2.229633
572 508 2.229633
632 503 2.264471
628 508 2.299309
523 508 2.299309
515 508 2.299309
632 508 2.334147
514 508 2.334147
512 508 2.334147
609 508 2.334147
561 508 2.368985
547 508 2.403823
631 503 2.403823
630 508 2.438661
573 508 2.473499
522 508 2.473499
583 508 2.473499
625 508 2.508337
562 508 2.508337
574 508 2.508337
589 508 2.578013
570 508 2.612851
548 508 2.647689
639 508 2.682527
552 508 2.682527
549 508 2.717365
569 508 2.787041
606 508 2.787041
614 508 2.821879
527 508 2.856717
608 508 2.891555
522 426 5.121189
549 437 5.225703
570 408 5.260541
622 467 5.260541
627 437 5.295379
530 428 5.365055
579 417 5.399893
596 388 5.399893
568 417 5.399893
557 404 5.399893
617 404 5.434731
560 419 5.434731
624 460 5.504407
606 450 5.539245
516 419 5.574083
605 389 5.608921
607 443 5.643759
629 426 5.748273
574 454 5.783111
516 385 5.817949
520 500 5.852787
629 418 5.852787
513 475 5.887625
628 449 5.887625
530 479 5.957301
534 418 5.992139
522 392 5.992139
559 384 6.026977
573 398 6.061815
513 480 6.061815
587 426 6.131491
525 414 6.166329
536 480 6.166329
627 420 6.166329
633 402 6.201167
589 450 6.305681
627 495 6.305681
532 440 6.340519
567 502 6.340519
633 434 6.340519
586 399 6.340519
613 511 6.375357
564 403 6.375357
546 468 6.514709
521 473 6.514709
638 491 6.514709
586 435 6.549547
631 471 6.549547
611 445 6.584385
584 433 6.654061
628 478 6.688899
544 472 6.688899
583 498 6.758575
562 426 6.828251
547 402 6.863089
583 389 6.932765
587 462 6.932765
526 399 7.037280
567 453 7.072118
512 432 7.106956
624 492 7.281146
519 501 7.315984
516 465 7.315984
532 397 7.385660
623 393 7.490174
578 428 7.559850
526 466 7.559850
620 389 7.629526
574 496 7.699202
580 431 7.803716
624 396 7.838554
625 391 8.012744
631 498 8.291448
542 487 12.367496
567 487 12.576524
