100.333 134.72 -50.7925 -0.649448 -0.760406 0 0 0.706858 0
100.333 134.72 -47.5925 -0.649448 -0.760406 0 0 0.706858 0
100.333 134.72 -44.3925 -0.649448 -0.760406 0 0 0.706858 0
100.333 134.72 -41.1925 -0.649448 -0.760406 0 0 0.706858 0
100.333 134.72 -37.9925 -0.649448 -0.760406 0 0 0.706858 0
100.333 134.72 -34.7925 -0.649448 -0.760406 0 0 0.706858 0
100.333 134.72 -31.5925 -0.649448 -0.760406 0 0 0.706858 0
100.333 134.72 -28.3925 -0.649448 -0.760406 0 0 0.706858 0
102.766 132.642 -50.7925 -0.649448 -0.760406 0 0 0.706858 0
102.766 132.642 -47.5925 -0.649448 -0.760406 0 0 0.706858 0
102.766 132.642 -44.3925 -0.649448 -0.760406 0 0 0.706858 0
102.766 132.642 -41.1925 -0.649448 -0.760406 0 0 0.706858 0
102.766 132.642 -37.9925 -0.649448 -0.760406 0 0 0.706858 0
102.766 132.642 -34.7925 -0.649448 -0.760406 0 0 0.706858 0
102.766 132.642 -31.5925 -0.649448 -0.760406 0 0 0.706858 0
102.766 132.642 -28.3925 -0.649448 -0.760406 0 0 0.706858 0
105.199 130.563 -50.7925 -0.649448 -0.760406 0 0 0.706858 0
105.199 130.563 -47.5925 -0.649448 -0.760406 0 0 0.706858 0
105.199 130.563 -44.3925 -0.649448 -0.760406 0 0 0.706858 0
105.199 130.563 -41.1925 -0.649448 -0.760406 0 0 0.706858 0
105.199 130.563 -37.9925 -0.649448 -0.760406 0 0 0.706858 0
105.199 130.563 -34.7925 -0.649448 -0.760406 0 0 0.706858 0
105.199 130.563 -31.5925 -0.649448 -0.760406 0 0 0.706858 0
105.199 130.563 -28.3925 -0.649448 -0.760406 0 0 0.706858 0
107.632 128.485 -50.7925 -0.649448 -0.760406 0 0 0.706858 0
107.632 128.485 -47.5925 -0.649448 -0.760406 0 0 0.706858 0
107.632 128.485 -44.3925 -0.649448 -0.760406 0 0 0.706858 0
107.632 128.485 -41.1925 -0.649448 -0.760406 0 0 0.706858 0
107.632 128.485 -37.9925 -0.649448 -0.760406 0 0 0.706858 0
107.632 128.485 -34.7925 -0.649448 -0.760406 0 0 0.706858 0
107.632 128.485 -31.5925 -0.649448 -0.760406 0 0 0.706858 0
107.632 128.485 -28.3925 -0.649448 -0.760406 0 0 0.706858 0
110.066 126.407 -50.7925 -0.649448 -0.760406 0 0 0.706858 0
110.066 126.407 -47.5925 -0.649448 -0.760406 0 0 0.706858 0
110.066 126.407 -44.3925 -0.649448 -0.760406 0 0 0.706858 0
110.066 126.407 -41.1925 -0.649448 -0.760406 0 0 0.706858 0
110.066 126.407 -37.9925 -0.649448 -0.760406 0 0 0.706858 0
110.066 126.407 -34.7925 -0.649448 -0.760406 0 0 0.706858 0
110.066 126.407 -31.5925 -0.649448 -0.760406 0 0 0.706858 0
110.066 126.407 -28.3925 -0.649448 -0.760406 0 0 0.706858 0
112.499 124.329 -50.7925 -0.649448 -0.760406 0 0 0.706858 0
112.499 124.329 -47.5925 -0.649448 -0.760406 0 0 0.706858 0
112.499 124.329 -44.3925 -0.649448 -0.760406 0 0 0.706858 0
112.499 124.329 -41.1925 -0.649448 -0.760406 0 0 0.706858 0
112.499 124.329 -37.9925 -0.649448 -0.760406 0 0 0.706858 0
112.499 124.329 -34.7925 -0.649448 -0.760406 0 0 0.706858 0
112.499 124.329 -31.5925 -0.649448 -0.760406 0 0 0.706858 0
112.499 124.329 -28.3925 -0.649448 -0.760406 0 0 0.706858 0
114.932 122.25 -50.7925 -0.649448 -0.760406 0 0 0.706858 0
114.932 122.25 -47.5925 -0.649448 -0.760406 0 0 0.706858 0
114.932 122.25 -44.3925 -0.649448 -0.760406 0 0 0.706858 0
114.932 122.25 -41.1925 -0.649448 -0.760406 0 0 0.706858 0
114.932 122.25 -37.9925 -0.649448 -0.760406 0 0 0.706858 0
114.932 122.25 -34.7925 -0.649448 -0.760406 0 0 0.706858 0
114.932 122.25 -31.5925 -0.649448 -0.760406 0 0 0.706858 0
114.932 122.25 -28.3925 -0.649448 -0.760406 0 0 0.706858 0
117.366 120.172 -50.7925 -0.649448 -0.760406 0 0 0.706858 0
117.366 120.172 -47.5925 -0.649448 -0.760406 0 0 0.706858 0
117.366 120.172 -44.3925 -0.649448 -0.760406 0 0 0.706858 0
117.366 120.172 -41.1925 -0.649448 -0.760406 0 0 0.706858 0
117.366 120.172 -37.9925 -0.649448 -0.760406 0 0 0.706858 0
117.366 120.172 -34.7925 -0.649448 -0.760406 0 0 0.706858 0
117.366 120.172 -31.5925 -0.649448 -0.760406 0 0 0.706858 0
117.366 120.172 -28.3925 -0.649448 -0.760406 0 0 0.706858 0
-100.333 -134.72 -50.7925 0.649448 0.760406 0 1 3.84845 1
-100.333 -134.72 -47.5925 0.649448 0.760406 0 1 3.84845 1
-100.333 -134.72 -44.3925 0.649448 0.760406 0 1 3.84845 1
-100.333 -134.72 -41.1925 0.649448 0.760406 0 1 3.84845 1
-100.333 -134.72 -37.9925 0.649448 0.760406 0 1 3.84845 1
-100.333 -134.72 -34.7925 0.649448 0.760406 0 1 3.84845 1
-100.333 -134.72 -31.5925 0.649448 0.760406 0 1 3.84845 1
-100.333 -134.72 -28.3925 0.649448 0.760406 0 1 3.84845 1
-102.766 -132.642 -50.7925 0.649448 0.760406 0 1 3.84845 1
-102.766 -132.642 -47.5925 0.649448 0.760406 0 1 3.84845 1
-102.766 -132.642 -44.3925 0.649448 0.760406 0 1 3.84845 1
-102.766 -132.642 -41.1925 0.649448 0.760406 0 1 3.84845 1
-102.766 -132.642 -37.9925 0.649448 0.760406 0 1 3.84845 1
-102.766 -132.642 -34.7925 0.649448 0.760406 0 1 3.84845 1
-102.766 -132.642 -31.5925 0.649448 0.760406 0 1 3.84845 1
-102.766 -132.642 -28.3925 0.649448 0.760406 0 1 3.84845 1
-105.199 -130.563 -50.7925 0.649448 0.760406 0 1 3.84845 1
-105.199 -130.563 -47.5925 0.649448 0.760406 0 1 3.84845 1
-105.199 -130.563 -44.3925 0.649448 0.760406 0 1 3.84845 1
-105.199 -130.563 -41.1925 0.649448 0.760406 0 1 3.84845 1
-105.199 -130.563 -37.9925 0.649448 0.760406 0 1 3.84845 1
-105.199 -130.563 -34.7925 0.649448 0.760406 0 1 3.84845 1
-105.199 -130.563 -31.5925 0.649448 0.760406 0 1 3.84845 1
-105.199 -130.563 -28.3925 0.649448 0.760406 0 1 3.84845 1
-107.632 -128.485 -50.7925 0.649448 0.760406 0 1 3.84845 1
-107.632 -128.485 -47.5925 0.649448 0.760406 0 1 3.84845 1
-107.632 -128.485 -44.3925 0.649448 0.760406 0 1 3.84845 1
-107.632 -128.485 -41.1925 0.649448 0.760406 0 1 3.84845 1
-107.632 -128.485 -37.9925 0.649448 0.760406 0 1 3.84845 1
-107.632 -128.485 -34.7925 0.649448 0.760406 0 1 3.84845 1
-107.632 -128.485 -31.5925 0.649448 0.760406 0 1 3.84845 1
-107.632 -128.485 -28.3925 0.649448 0.760406 0 1 3.84845 1
-110.066 -126.407 -50.7925 0.649448 0.760406 0 1 3.84845 1
-110.066 -126.407 -47.5925 0.649448 0.760406 0 1 3.84845 1
-110.066 -126.407 -44.3925 0.649448 0.760406 0 1 3.84845 1
-110.066 -126.407 -41.1925 0.649448 0.760406 0 1 3.84845 1
-110.066 -126.407 -37.9925 0.649448 0.760406 0 1 3.84845 1
-110.066 -126.407 -34.7925 0.649448 0.760406 0 1 3.84845 1
-110.066 -126.407 -31.5925 0.649448 0.760406 0 1 3.84845 1
-110.066 -126.407 -28.3925 0.649448 0.760406 0 1 3.84845 1
-112.499 -124.329 -50.7925 0.649448 0.760406 0 1 3.84845 1
-112.499 -124.329 -47.5925 0.649448 0.760406 0 1 3.84845 1
-112.499 -124.329 -44.3925 0.649448 0.760406 0 1 3.84845 1
-112.499 -124.329 -41.1925 0.649448 0.760406 0 1 3.84845 1
-112.499 -124.329 -37.9925 0.649448 0.760406 0 1 3.84845 1
-112.499 -124.329 -34.7925 0.649448 0.760406 0 1 3.84845 1
-112.499 -124.329 -31.5925 0.649448 0.760406 0 1 3.84845 1
-112.499 -124.329 -28.3925 0.649448 0.760406 0 1 3.84845 1
-114.932 -122.25 -50.7925 0.649448 0.760406 0 1 3.84845 1
-114.932 -122.25 -47.5925 0.649448 0.760406 0 1 3.84845 1
-114.932 -122.25 -44.3925 0.649448 0.760406 0 1 3.84845 1
-114.932 -122.25 -41.1925 0.649448 0.760406 0 1 3.84845 1
-114.932 -122.25 -37.9925 0.649448 0.760406 0 1 3.84845 1
-114.932 -122.25 -34.7925 0.649448 0.760406 0 1 3.84845 1
-114.932 -122.25 -31.5925 0.649448 0.760406 0 1 3.84845 1
-114.932 -122.25 -28.3925 0.649448 0.760406 0 1 3.84845 1
-117.366 -120.172 -50.7925 0.649448 0.760406 0 1 3.84845 1
-117.366 -120.172 -47.5925 0.649448 0.760406 0 1 3.84845 1
-117.366 -120.172 -44.3925 0.649448 0.760406 0 1 3.84845 1
-117.366 -120.172 -41.1925 0.649448 0.760406 0 1 3.84845 1
-117.366 -120.172 -37.9925 0.649448 0.760406 0 1 3.84845 1
-117.366 -120.172 -34.7925 0.649448 0.760406 0 1 3.84845 1
-117.366 -120.172 -31.5925 0.649448 0.760406 0 1 3.84845 1
-117.366 -120.172 -28.3925 0.649448 0.760406 0 1 3.84845 1
100.333 134.72 -24.3975 -0.649448 -0.760406 0 0 0.706858 2
100.333 134.72 -21.1975 -0.649448 -0.760406 0 0 0.706858 2
100.333 134.72 -17.9975 -0.649448 -0.760406 0 0 0.706858 2
100.333 134.72 -14.7975 -0.649448 -0.760406 0 0 0.706858 2
100.333 134.72 -11.5975 -0.649448 -0.760406 0 0 0.706858 2
100.333 134.72 -8.3975 -0.649448 -0.760406 2.36848e-16 0 0.706858 2
100.333 134.72 -5.1975 -0.649448 -0.760406 0 0 0.706858 2
100.333 134.72 -1.9975 -0.649448 -0.760406 0 0 0.706858 2
102.766 132.642 -24.3975 -0.649448 -0.760406 0 0 0.706858 2
102.766 132.642 -21.1975 -0.649448 -0.760406 0 0 0.706858 2
102.766 132.642 -17.9975 -0.649448 -0.760406 0 0 0.706858 2
102.766 132.642 -14.7975 -0.649448 -0.760406 0 0 0.706858 2
102.766 132.642 -11.5975 -0.649448 -0.760406 0 0 0.706858 2
102.766 132.642 -8.3975 -0.649448 -0.760406 2.36848e-16 0 0.706858 2
102.766 132.642 -5.1975 -0.649448 -0.760406 0 0 0.706858 2
102.766 132.642 -1.9975 -0.649448 -0.760406 0 0 0.706858 2
105.199 130.563 -24.3975 -0.649448 -0.760406 0 0 0.706858 2
105.199 130.563 -21.1975 -0.649448 -0.760406 0 0 0.706858 2
105.199 130.563 -17.9975 -0.649448 -0.760406 0 0 0.706858 2
105.199 130.563 -14.7975 -0.649448 -0.760406 0 0 0.706858 2
105.199 130.563 -11.5975 -0.649448 -0.760406 0 0 0.706858 2
105.199 130.563 -8.3975 -0.649448 -0.760406 2.36848e-16 0 0.706858 2
105.199 130.563 -5.1975 -0.649448 -0.760406 0 0 0.706858 2
105.199 130.563 -1.9975 -0.649448 -0.760406 0 0 0.706858 2
107.632 128.485 -24.3975 -0.649448 -0.760406 0 0 0.706858 2
107.632 128.485 -21.1975 -0.649448 -0.760406 0 0 0.706858 2
107.632 128.485 -17.9975 -0.649448 -0.760406 0 0 0.706858 2
107.632 128.485 -14.7975 -0.649448 -0.760406 0 0 0.706858 2
107.632 128.485 -11.5975 -0.649448 -0.760406 0 0 0.706858 2
107.632 128.485 -8.3975 -0.649448 -0.760406 2.36848e-16 0 0.706858 2
107.632 128.485 -5.1975 -0.649448 -0.760406 0 0 0.706858 2
107.632 128.485 -1.9975 -0.649448 -0.760406 0 0 0.706858 2
110.066 126.407 -24.3975 -0.649448 -0.760406 0 0 0.706858 2
110.066 126.407 -21.1975 -0.649448 -0.760406 0 0 0.706858 2
110.066 126.407 -17.9975 -0.649448 -0.760406 0 0 0.706858 2
110.066 126.407 -14.7975 -0.649448 -0.760406 0 0 0.706858 2
110.066 126.407 -11.5975 -0.649448 -0.760406 0 0 0.706858 2
110.066 126.407 -8.3975 -0.649448 -0.760406 2.36848e-16 0 0.706858 2
110.066 126.407 -5.1975 -0.649448 -0.760406 0 0 0.706858 2
110.066 126.407 -1.9975 -0.649448 -0.760406 0 0 0.706858 2
112.499 124.329 -24.3975 -0.649448 -0.760406 0 0 0.706858 2
112.499 124.329 -21.1975 -0.649448 -0.760406 0 0 0.706858 2
112.499 124.329 -17.9975 -0.649448 -0.760406 0 0 0.706858 2
112.499 124.329 -14.7975 -0.649448 -0.760406 0 0 0.706858 2
112.499 124.329 -11.5975 -0.649448 -0.760406 0 0 0.706858 2
112.499 124.329 -8.3975 -0.649448 -0.760406 2.36848e-16 0 0.706858 2
112.499 124.329 -5.1975 -0.649448 -0.760406 0 0 0.706858 2
112.499 124.329 -1.9975 -0.649448 -0.760406 0 0 0.706858 2
114.932 122.25 -24.3975 -0.649448 -0.760406 0 0 0.706858 2
114.932 122.25 -21.1975 -0.649448 -0.760406 0 0 0.706858 2
114.932 122.25 -17.9975 -0.649448 -0.760406 0 0 0.706858 2
114.932 122.25 -14.7975 -0.649448 -0.760406 0 0 0.706858 2
114.932 122.25 -11.5975 -0.649448 -0.760406 0 0 0.706858 2
114.932 122.25 -8.3975 -0.649448 -0.760406 2.36848e-16 0 0.706858 2
114.932 122.25 -5.1975 -0.649448 -0.760406 0 0 0.706858 2
114.932 122.25 -1.9975 -0.649448 -0.760406 0 0 0.706858 2
117.366 120.172 -24.3975 -0.649448 -0.760406 0 0 0.706858 2
117.366 120.172 -21.1975 -0.649448 -0.760406 0 0 0.706858 2
117.366 120.172 -17.9975 -0.649448 -0.760406 0 0 0.706858 2
117.366 120.172 -14.7975 -0.649448 -0.760406 0 0 0.706858 2
117.366 120.172 -11.5975 -0.649448 -0.760406 0 0 0.706858 2
117.366 120.172 -8.3975 -0.649448 -0.760406 2.36848e-16 0 0.706858 2
117.366 120.172 -5.1975 -0.649448 -0.760406 0 0 0.706858 2
117.366 120.172 -1.9975 -0.649448 -0.760406 0 0 0.706858 2
-100.333 -134.72 -24.3975 0.649448 0.760406 0 1 3.84845 3
-100.333 -134.72 -21.1975 0.649448 0.760406 0 1 3.84845 3
-100.333 -134.72 -17.9975 0.649448 0.760406 0 1 3.84845 3
-100.333 -134.72 -14.7975 0.649448 0.760406 0 1 3.84845 3
-100.333 -134.72 -11.5975 0.649448 0.760406 0 1 3.84845 3
-100.333 -134.72 -8.3975 0.649448 0.760406 2.36848e-16 1 3.84845 3
-100.333 -134.72 -5.1975 0.649448 0.760406 0 1 3.84845 3
-100.333 -134.72 -1.9975 0.649448 0.760406 0 1 3.84845 3
-102.766 -132.642 -24.3975 0.649448 0.760406 0 1 3.84845 3
-102.766 -132.642 -21.1975 0.649448 0.760406 0 1 3.84845 3
-102.766 -132.642 -17.9975 0.649448 0.760406 0 1 3.84845 3
-102.766 -132.642 -14.7975 0.649448 0.760406 0 1 3.84845 3
-102.766 -132.642 -11.5975 0.649448 0.760406 0 1 3.84845 3
-102.766 -132.642 -8.3975 0.649448 0.760406 2.36848e-16 1 3.84845 3
-102.766 -132.642 -5.1975 0.649448 0.760406 0 1 3.84845 3
-102.766 -132.642 -1.9975 0.649448 0.760406 0 1 3.84845 3
-105.199 -130.563 -24.3975 0.649448 0.760406 0 1 3.84845 3
-105.199 -130.563 -21.1975 0.649448 0.760406 0 1 3.84845 3
-105.199 -130.563 -17.9975 0.649448 0.760406 0 1 3.84845 3
-105.199 -130.563 -14.7975 0.649448 0.760406 0 1 3.84845 3
-105.199 -130.563 -11.5975 0.649448 0.760406 0 1 3.84845 3
-105.199 -130.563 -8.3975 0.649448 0.760406 2.36848e-16 1 3.84845 3
-105.199 -130.563 -5.1975 0.649448 0.760406 0 1 3.84845 3
-105.199 -130.563 -1.9975 0.649448 0.760406 0 1 3.84845 3
-107.632 -128.485 -24.3975 0.649448 0.760406 0 1 3.84845 3
-107.632 -128.485 -21.1975 0.649448 0.760406 0 1 3.84845 3
-107.632 -128.485 -17.9975 0.649448 0.760406 0 1 3.84845 3
-107.632 -128.485 -14.7975 0.649448 0.760406 0 1 3.84845 3
-107.632 -128.485 -11.5975 0.649448 0.760406 0 1 3.84845 3
-107.632 -128.485 -8.3975 0.649448 0.760406 2.36848e-16 1 3.84845 3
-107.632 -128.485 -5.1975 0.649448 0.760406 0 1 3.84845 3
-107.632 -128.485 -1.9975 0.649448 0.760406 0 1 3.84845 3
-110.066 -126.407 -24.3975 0.649448 0.760406 0 1 3.84845 3
-110.066 -126.407 -21.1975 0.649448 0.760406 0 1 3.84845 3
-110.066 -126.407 -17.9975 0.649448 0.760406 0 1 3.84845 3
-110.066 -126.407 -14.7975 0.649448 0.760406 0 1 3.84845 3
-110.066 -126.407 -11.5975 0.649448 0.760406 0 1 3.84845 3
-110.066 -126.407 -8.3975 0.649448 0.760406 2.36848e-16 1 3.84845 3
-110.066 -126.407 -5.1975 0.649448 0.760406 0 1 3.84845 3
-110.066 -126.407 -1.9975 0.649448 0.760406 0 1 3.84845 3
-112.499 -124.329 -24.3975 0.649448 0.760406 0 1 3.84845 3
-112.499 -124.329 -21.1975 0.649448 0.760406 0 1 3.84845 3
-112.499 -124.329 -17.9975 0.649448 0.760406 0 1 3.84845 3
-112.499 -124.329 -14.7975 0.649448 0.760406 0 1 3.84845 3
-112.499 -124.329 -11.5975 0.649448 0.760406 0 1 3.84845 3
-112.499 -124.329 -8.3975 0.649448 0.760406 2.36848e-16 1 3.84845 3
-112.499 -124.329 -5.1975 0.649448 0.760406 0 1 3.84845 3
-112.499 -124.329 -1.9975 0.649448 0.760406 0 1 3.84845 3
-114.932 -122.25 -24.3975 0.649448 0.760406 0 1 3.84845 3
-114.932 -122.25 -21.1975 0.649448 0.760406 0 1 3.84845 3
-114.932 -122.25 -17.9975 0.649448 0.760406 0 1 3.84845 3
-114.932 -122.25 -14.7975 0.649448 0.760406 0 1 3.84845 3
-114.932 -122.25 -11.5975 0.649448 0.760406 0 1 3.84845 3
-114.932 -122.25 -8.3975 0.649448 0.760406 2.36848e-16 1 3.84845 3
-114.932 -122.25 -5.1975 0.649448 0.760406 0 1 3.84845 3
-114.932 -122.25 -1.9975 0.649448 0.760406 0 1 3.84845 3
-117.366 -120.172 -24.3975 0.649448 0.760406 0 1 3.84845 3
-117.366 -120.172 -21.1975 0.649448 0.760406 0 1 3.84845 3
-117.366 -120.172 -17.9975 0.649448 0.760406 0 1 3.84845 3
-117.366 -120.172 -14.7975 0.649448 0.760406 0 1 3.84845 3
-117.366 -120.172 -11.5975 0.649448 0.760406 0 1 3.84845 3
-117.366 -120.172 -8.3975 0.649448 0.760406 2.36848e-16 1 3.84845 3
-117.366 -120.172 -5.1975 0.649448 0.760406 0 1 3.84845 3
-117.366 -120.172 -1.9975 0.649448 0.760406 0 1 3.84845 3
100.333 134.72 1.9975 -0.649448 -0.760406 0 0 0.706858 4
100.333 134.72 5.1975 -0.649448 -0.760406 1.18424e-16 0 0.706858 4
100.333 134.72 8.3975 -0.649448 -0.760406 2.36848e-16 0 0.706858 4
100.333 134.72 11.5975 -0.649448 -0.760406 0 0 0.706858 4
100.333 134.72 14.7975 -0.649448 -0.760406 0 0 0.706858 4
100.333 134.72 17.9975 -0.649448 -0.760406 4.73695e-16 0 0.706858 4
100.333 134.72 21.1975 -0.649448 -0.760406 0 0 0.706858 4
100.333 134.72 24.3975 -0.649448 -0.760406 0 0 0.706858 4
102.766 132.642 1.9975 -0.649448 -0.760406 0 0 0.706858 4
102.766 132.642 5.1975 -0.649448 -0.760406 1.18424e-16 0 0.706858 4
102.766 132.642 8.3975 -0.649448 -0.760406 2.36848e-16 0 0.706858 4
102.766 132.642 11.5975 -0.649448 -0.760406 0 0 0.706858 4
102.766 132.642 14.7975 -0.649448 -0.760406 0 0 0.706858 4
102.766 132.642 17.9975 -0.649448 -0.760406 4.73695e-16 0 0.706858 4
102.766 132.642 21.1975 -0.649448 -0.760406 0 0 0.706858 4
102.766 132.642 24.3975 -0.649448 -0.760406 0 0 0.706858 4
105.199 130.563 1.9975 -0.649448 -0.760406 0 0 0.706858 4
105.199 130.563 5.1975 -0.649448 -0.760406 1.18424e-16 0 0.706858 4
105.199 130.563 8.3975 -0.649448 -0.760406 2.36848e-16 0 0.706858 4
105.199 130.563 11.5975 -0.649448 -0.760406 0 0 0.706858 4
105.199 130.563 14.7975 -0.649448 -0.760406 0 0 0.706858 4
105.199 130.563 17.9975 -0.649448 -0.760406 4.73695e-16 0 0.706858 4
105.199 130.563 21.1975 -0.649448 -0.760406 0 0 0.706858 4
105.199 130.563 24.3975 -0.649448 -0.760406 0 0 0.706858 4
107.632 128.485 1.9975 -0.649448 -0.760406 0 0 0.706858 4
107.632 128.485 5.1975 -0.649448 -0.760406 1.18424e-16 0 0.706858 4
107.632 128.485 8.3975 -0.649448 -0.760406 2.36848e-16 0 0.706858 4
107.632 128.485 11.5975 -0.649448 -0.760406 0 0 0.706858 4
107.632 128.485 14.7975 -0.649448 -0.760406 0 0 0.706858 4
107.632 128.485 17.9975 -0.649448 -0.760406 4.73695e-16 0 0.706858 4
107.632 128.485 21.1975 -0.649448 -0.760406 0 0 0.706858 4
107.632 128.485 24.3975 -0.649448 -0.760406 0 0 0.706858 4
110.066 126.407 1.9975 -0.649448 -0.760406 0 0 0.706858 4
110.066 126.407 5.1975 -0.649448 -0.760406 1.18424e-16 0 0.706858 4
110.066 126.407 8.3975 -0.649448 -0.760406 2.36848e-16 0 0.706858 4
110.066 126.407 11.5975 -0.649448 -0.760406 0 0 0.706858 4
110.066 126.407 14.7975 -0.649448 -0.760406 0 0 0.706858 4
110.066 126.407 17.9975 -0.649448 -0.760406 4.73695e-16 0 0.706858 4
110.066 126.407 21.1975 -0.649448 -0.760406 0 0 0.706858 4
110.066 126.407 24.3975 -0.649448 -0.760406 0 0 0.706858 4
112.499 124.329 1.9975 -0.649448 -0.760406 0 0 0.706858 4
112.499 124.329 5.1975 -0.649448 -0.760406 1.18424e-16 0 0.706858 4
112.499 124.329 8.3975 -0.649448 -0.760406 2.36848e-16 0 0.706858 4
112.499 124.329 11.5975 -0.649448 -0.760406 0 0 0.706858 4
112.499 124.329 14.7975 -0.649448 -0.760406 0 0 0.706858 4
112.499 124.329 17.9975 -0.649448 -0.760406 4.73695e-16 0 0.706858 4
112.499 124.329 21.1975 -0.649448 -0.760406 0 0 0.706858 4
112.499 124.329 24.3975 -0.649448 -0.760406 0 0 0.706858 4
114.932 122.25 1.9975 -0.649448 -0.760406 0 0 0.706858 4
114.932 122.25 5.1975 -0.649448 -0.760406 1.18424e-16 0 0.706858 4
114.932 122.25 8.3975 -0.649448 -0.760406 2.36848e-16 0 0.706858 4
114.932 122.25 11.5975 -0.649448 -0.760406 0 0 0.706858 4
114.932 122.25 14.7975 -0.649448 -0.760406 0 0 0.706858 4
114.932 122.25 17.9975 -0.649448 -0.760406 4.73695e-16 0 0.706858 4
114.932 122.25 21.1975 -0.649448 -0.760406 0 0 0.706858 4
114.932 122.25 24.3975 -0.649448 -0.760406 0 0 0.706858 4
117.366 120.172 1.9975 -0.649448 -0.760406 0 0 0.706858 4
117.366 120.172 5.1975 -0.649448 -0.760406 1.18424e-16 0 0.706858 4
117.366 120.172 8.3975 -0.649448 -0.760406 2.36848e-16 0 0.706858 4
117.366 120.172 11.5975 -0.649448 -0.760406 0 0 0.706858 4
117.366 120.172 14.7975 -0.649448 -0.760406 0 0 0.706858 4
117.366 120.172 17.9975 -0.649448 -0.760406 4.73695e-16 0 0.706858 4
117.366 120.172 21.1975 -0.649448 -0.760406 0 0 0.706858 4
117.366 120.172 24.3975 -0.649448 -0.760406 0 0 0.706858 4
-100.333 -134.72 1.9975 0.649448 0.760406 0 1 3.84845 5
-100.333 -134.72 5.1975 0.649448 0.760406 1.18424e-16 1 3.84845 5
-100.333 -134.72 8.3975 0.649448 0.760406 2.36848e-16 1 3.84845 5
-100.333 -134.72 11.5975 0.649448 0.760406 0 1 3.84845 5
-100.333 -134.72 14.7975 0.649448 0.760406 0 1 3.84845 5
-100.333 -134.72 17.9975 0.649448 0.760406 4.73695e-16 1 3.84845 5
-100.333 -134.72 21.1975 0.649448 0.760406 0 1 3.84845 5
-100.333 -134.72 24.3975 0.649448 0.760406 0 1 3.84845 5
-102.766 -132.642 1.9975 0.649448 0.760406 0 1 3.84845 5
-102.766 -132.642 5.1975 0.649448 0.760406 1.18424e-16 1 3.84845 5
-102.766 -132.642 8.3975 0.649448 0.760406 2.36848e-16 1 3.84845 5
-102.766 -132.642 11.5975 0.649448 0.760406 0 1 3.84845 5
-102.766 -132.642 14.7975 0.649448 0.760406 0 1 3.84845 5
-102.766 -132.642 17.9975 0.649448 0.760406 4.73695e-16 1 3.84845 5
-102.766 -132.642 21.1975 0.649448 0.760406 0 1 3.84845 5
-102.766 -132.642 24.3975 0.649448 0.760406 0 1 3.84845 5
-105.199 -130.563 1.9975 0.649448 0.760406 0 1 3.84845 5
-105.199 -130.563 5.1975 0.649448 0.760406 1.18424e-16 1 3.84845 5
-105.199 -130.563 8.3975 0.649448 0.760406 2.36848e-16 1 3.84845 5
-105.199 -130.563 11.5975 0.649448 0.760406 0 1 3.84845 5
-105.199 -130.563 14.7975 0.649448 0.760406 0 1 3.84845 5
-105.199 -130.563 17.9975 0.649448 0.760406 4.73695e-16 1 3.84845 5
-105.199 -130.563 21.1975 0.649448 0.760406 0 1 3.84845 5
-105.199 -130.563 24.3975 0.649448 0.760406 0 1 3.84845 5
-107.632 -128.485 1.9975 0.649448 0.760406 0 1 3.84845 5
-107.632 -128.485 5.1975 0.649448 0.760406 1.18424e-16 1 3.84845 5
-107.632 -128.485 8.3975 0.649448 0.760406 2.36848e-16 1 3.84845 5
-107.632 -128.485 11.5975 0.649448 0.760406 0 1 3.84845 5
-107.632 -128.485 14.7975 0.649448 0.760406 0 1 3.84845 5
-107.632 -128.485 17.9975 0.649448 0.760406 4.73695e-16 1 3.84845 5
-107.632 -128.485 21.1975 0.649448 0.760406 0 1 3.84845 5
-107.632 -128.485 24.3975 0.649448 0.760406 0 1 3.84845 5
-110.066 -126.407 1.9975 0.649448 0.760406 0 1 3.84845 5
-110.066 -126.407 5.1975 0.649448 0.760406 1.18424e-16 1 3.84845 5
-110.066 -126.407 8.3975 0.649448 0.760406 2.36848e-16 1 3.84845 5
-110.066 -126.407 11.5975 0.649448 0.760406 0 1 3.84845 5
-110.066 -126.407 14.7975 0.649448 0.760406 0 1 3.84845 5
-110.066 -126.407 17.9975 0.649448 0.760406 4.73695e-16 1 3.84845 5
-110.066 -126.407 21.1975 0.649448 0.760406 0 1 3.84845 5
-110.066 -126.407 24.3975 0.649448 0.760406 0 1 3.84845 5
-112.499 -124.329 1.9975 0.649448 0.760406 0 1 3.84845 5
-112.499 -124.329 5.1975 0.649448 0.760406 1.18424e-16 1 3.84845 5
-112.499 -124.329 8.3975 0.649448 0.760406 2.36848e-16 1 3.84845 5
-112.499 -124.329 11.5975 0.649448 0.760406 0 1 3.84845 5
-112.499 -124.329 14.7975 0.649448 0.760406 0 1 3.84845 5
-112.499 -124.329 17.9975 0.649448 0.760406 4.73695e-16 1 3.84845 5
-112.499 -124.329 21.1975 0.649448 0.760406 0 1 3.84845 5
-112.499 -124.329 24.3975 0.649448 0.760406 0 1 3.84845 5
-114.932 -122.25 1.9975 0.649448 0.760406 0 1 3.84845 5
-114.932 -122.25 5.1975 0.649448 0.760406 1.18424e-16 1 3.84845 5
-114.932 -122.25 8.3975 0.649448 0.760406 2.36848e-16 1 3.84845 5
-114.932 -122.25 11.5975 0.649448 0.760406 0 1 3.84845 5
-114.932 -122.25 14.7975 0.649448 0.760406 0 1 3.84845 5
-114.932 -122.25 17.9975 0.649448 0.760406 4.73695e-16 1 3.84845 5
-114.932 -122.25 21.1975 0.649448 0.760406 0 1 3.84845 5
-114.932 -122.25 24.3975 0.649448 0.760406 0 1 3.84845 5
-117.366 -120.172 1.9975 0.649448 0.760406 0 1 3.84845 5
-117.366 -120.172 5.1975 0.649448 0.760406 1.18424e-16 1 3.84845 5
-117.366 -120.172 8.3975 0.649448 0.760406 2.36848e-16 1 3.84845 5
-117.366 -120.172 11.5975 0.649448 0.760406 0 1 3.84845 5
-117.366 -120.172 14.7975 0.649448 0.760406 0 1 3.84845 5
-117.366 -120.172 17.9975 0.649448 0.760406 4.73695e-16 1 3.84845 5
-117.366 -120.172 21.1975 0.649448 0.760406 0 1 3.84845 5
-117.366 -120.172 24.3975 0.649448 0.760406 0 1 3.84845 5
100.333 134.72 28.3925 -0.649448 -0.760406 0 0 0.706858 6
100.333 134.72 31.5925 -0.649448 -0.760406 0 0 0.706858 6
100.333 134.72 34.7925 -0.649448 -0.760406 0 0 0.706858 6
100.333 134.72 37.9925 -0.649448 -0.760406 0 0 0.706858 6
100.333 134.72 41.1925 -0.649448 -0.760406 0 0 0.706858 6
100.333 134.72 44.3925 -0.649448 -0.760406 0 0 0.706858 6
100.333 134.72 47.5925 -0.649448 -0.760406 0 0 0.706858 6
100.333 134.72 50.7925 -0.649448 -0.760406 0 0 0.706858 6
102.766 132.642 28.3925 -0.649448 -0.760406 0 0 0.706858 6
102.766 132.642 31.5925 -0.649448 -0.760406 0 0 0.706858 6
102.766 132.642 34.7925 -0.649448 -0.760406 0 0 0.706858 6
102.766 132.642 37.9925 -0.649448 -0.760406 0 0 0.706858 6
102.766 132.642 41.1925 -0.649448 -0.760406 0 0 0.706858 6
102.766 132.642 44.3925 -0.649448 -0.760406 0 0 0.706858 6
102.766 132.642 47.5925 -0.649448 -0.760406 0 0 0.706858 6
102.766 132.642 50.7925 -0.649448 -0.760406 0 0 0.706858 6
105.199 130.563 28.3925 -0.649448 -0.760406 0 0 0.706858 6
105.199 130.563 31.5925 -0.649448 -0.760406 0 0 0.706858 6
105.199 130.563 34.7925 -0.649448 -0.760406 0 0 0.706858 6
105.199 130.563 37.9925 -0.649448 -0.760406 0 0 0.706858 6
105.199 130.563 41.1925 -0.649448 -0.760406 0 0 0.706858 6
105.199 130.563 44.3925 -0.649448 -0.760406 0 0 0.706858 6
105.199 130.563 47.5925 -0.649448 -0.760406 0 0 0.706858 6
105.199 130.563 50.7925 -0.649448 -0.760406 0 0 0.706858 6
107.632 128.485 28.3925 -0.649448 -0.760406 0 0 0.706858 6
107.632 128.485 31.5925 -0.649448 -0.760406 0 0 0.706858 6
107.632 128.485 34.7925 -0.649448 -0.760406 0 0 0.706858 6
107.632 128.485 37.9925 -0.649448 -0.760406 0 0 0.706858 6
107.632 128.485 41.1925 -0.649448 -0.760406 0 0 0.706858 6
107.632 128.485 44.3925 -0.649448 -0.760406 0 0 0.706858 6
107.632 128.485 47.5925 -0.649448 -0.760406 0 0 0.706858 6
107.632 128.485 50.7925 -0.649448 -0.760406 0 0 0.706858 6
110.066 126.407 28.3925 -0.649448 -0.760406 0 0 0.706858 6
110.066 126.407 31.5925 -0.649448 -0.760406 0 0 0.706858 6
110.066 126.407 34.7925 -0.649448 -0.760406 0 0 0.706858 6
110.066 126.407 37.9925 -0.649448 -0.760406 0 0 0.706858 6
110.066 126.407 41.1925 -0.649448 -0.760406 0 0 0.706858 6
110.066 126.407 44.3925 -0.649448 -0.760406 0 0 0.706858 6
110.066 126.407 47.5925 -0.649448 -0.760406 0 0 0.706858 6
110.066 126.407 50.7925 -0.649448 -0.760406 0 0 0.706858 6
112.499 124.329 28.3925 -0.649448 -0.760406 0 0 0.706858 6
112.499 124.329 31.5925 -0.649448 -0.760406 0 0 0.706858 6
112.499 124.329 34.7925 -0.649448 -0.760406 0 0 0.706858 6
112.499 124.329 37.9925 -0.649448 -0.760406 0 0 0.706858 6
112.499 124.329 41.1925 -0.649448 -0.760406 0 0 0.706858 6
112.499 124.329 44.3925 -0.649448 -0.760406 0 0 0.706858 6
112.499 124.329 47.5925 -0.649448 -0.760406 0 0 0.706858 6
112.499 124.329 50.7925 -0.649448 -0.760406 0 0 0.706858 6
114.932 122.25 28.3925 -0.649448 -0.760406 0 0 0.706858 6
114.932 122.25 31.5925 -0.649448 -0.760406 0 0 0.706858 6
114.932 122.25 34.7925 -0.649448 -0.760406 0 0 0.706858 6
114.932 122.25 37.9925 -0.649448 -0.760406 0 0 0.706858 6
114.932 122.25 41.1925 -0.649448 -0.760406 0 0 0.706858 6
114.932 122.25 44.3925 -0.649448 -0.760406 0 0 0.706858 6
114.932 122.25 47.5925 -0.649448 -0.760406 0 0 0.706858 6
114.932 122.25 50.7925 -0.649448 -0.760406 0 0 0.706858 6
117.366 120.172 28.3925 -0.649448 -0.760406 0 0 0.706858 6
117.366 120.172 31.5925 -0.649448 -0.760406 0 0 0.706858 6
117.366 120.172 34.7925 -0.649448 -0.760406 0 0 0.706858 6
117.366 120.172 37.9925 -0.649448 -0.760406 0 0 0.706858 6
117.366 120.172 41.1925 -0.649448 -0.760406 0 0 0.706858 6
117.366 120.172 44.3925 -0.649448 -0.760406 0 0 0.706858 6
117.366 120.172 47.5925 -0.649448 -0.760406 0 0 0.706858 6
117.366 120.172 50.7925 -0.649448 -0.760406 0 0 0.706858 6
-100.333 -134.72 28.3925 0.649448 0.760406 0 1 3.84845 7
-100.333 -134.72 31.5925 0.649448 0.760406 0 1 3.84845 7
-100.333 -134.72 34.7925 0.649448 0.760406 0 1 3.84845 7
-100.333 -134.72 37.9925 0.649448 0.760406 0 1 3.84845 7
-100.333 -134.72 41.1925 0.649448 0.760406 0 1 3.84845 7
-100.333 -134.72 44.3925 0.649448 0.760406 0 1 3.84845 7
-100.333 -134.72 47.5925 0.649448 0.760406 0 1 3.84845 7
-100.333 -134.72 50.7925 0.649448 0.760406 0 1 3.84845 7
-102.766 -132.642 28.3925 0.649448 0.760406 0 1 3.84845 7
-102.766 -132.642 31.5925 0.649448 0.760406 0 1 3.84845 7
-102.766 -132.642 34.7925 0.649448 0.760406 0 1 3.84845 7
-102.766 -132.642 37.9925 0.649448 0.760406 0 1 3.84845 7
-102.766 -132.642 41.1925 0.649448 0.760406 0 1 3.84845 7
-102.766 -132.642 44.3925 0.649448 0.760406 0 1 3.84845 7
-102.766 -132.642 47.5925 0.649448 0.760406 0 1 3.84845 7
-102.766 -132.642 50.7925 0.649448 0.760406 0 1 3.84845 7
-105.199 -130.563 28.3925 0.649448 0.760406 0 1 3.84845 7
-105.199 -130.563 31.5925 0.649448 0.760406 0 1 3.84845 7
-105.199 -130.563 34.7925 0.649448 0.760406 0 1 3.84845 7
-105.199 -130.563 37.9925 0.649448 0.760406 0 1 3.84845 7
-105.199 -130.563 41.1925 0.649448 0.760406 0 1 3.84845 7
-105.199 -130.563 44.3925 0.649448 0.760406 0 1 3.84845 7
-105.199 -130.563 47.5925 0.649448 0.760406 0 1 3.84845 7
-105.199 -130.563 50.7925 0.649448 0.760406 0 1 3.84845 7
-107.632 -128.485 28.3925 0.649448 0.760406 0 1 3.84845 7
-107.632 -128.485 31.5925 0.649448 0.760406 0 1 3.84845 7
-107.632 -128.485 34.7925 0.649448 0.760406 0 1 3.84845 7
-107.632 -128.485 37.9925 0.649448 0.760406 0 1 3.84845 7
-107.632 -128.485 41.1925 0.649448 0.760406 0 1 3.84845 7
-107.632 -128.485 44.3925 0.649448 0.760406 0 1 3.84845 7
-107.632 -128.485 47.5925 0.649448 0.760406 0 1 3.84845 7
-107.632 -128.485 50.7925 0.649448 0.760406 0 1 3.84845 7
-110.066 -126.407 28.3925 0.649448 0.760406 0 1 3.84845 7
-110.066 -126.407 31.5925 0.649448 0.760406 0 1 3.84845 7
-110.066 -126.407 34.7925 0.649448 0.760406 0 1 3.84845 7
-110.066 -126.407 37.9925 0.649448 0.760406 0 1 3.84845 7
-110.066 -126.407 41.1925 0.649448 0.760406 0 1 3.84845 7
-110.066 -126.407 44.3925 0.649448 0.760406 0 1 3.84845 7
-110.066 -126.407 47.5925 0.649448 0.760406 0 1 3.84845 7
-110.066 -126.407 50.7925 0.649448 0.760406 0 1 3.84845 7
-112.499 -124.329 28.3925 0.649448 0.760406 0 1 3.84845 7
-112.499 -124.329 31.5925 0.649448 0.760406 0 1 3.84845 7
-112.499 -124.329 34.7925 0.649448 0.760406 0 1 3.84845 7
-112.499 -124.329 37.9925 0.649448 0.760406 0 1 3.84845 7
-112.499 -124.329 41.1925 0.649448 0.760406 0 1 3.84845 7
-112.499 -124.329 44.3925 0.649448 0.760406 0 1 3.84845 7
-112.499 -124.329 47.5925 0.649448 0.760406 0 1 3.84845 7
-112.499 -124.329 50.7925 0.649448 0.760406 0 1 3.84845 7
-114.932 -122.25 28.3925 0.649448 0.760406 0 1 3.84845 7
-114.932 -122.25 31.5925 0.649448 0.760406 0 1 3.84845 7
-114.932 -122.25 34.7925 0.649448 0.760406 0 1 3.84845 7
-114.932 -122.25 37.9925 0.649448 0.760406 0 1 3.84845 7
-114.932 -122.25 41.1925 0.649448 0.760406 0 1 3.84845 7
-114.932 -122.25 44.3925 0.649448 0.760406 0 1 3.84845 7
-114.932 -122.25 47.5925 0.649448 0.760406 0 1 3.84845 7
-114.932 -122.25 50.7925 0.649448 0.760406 0 1 3.84845 7
-117.366 -120.172 28.3925 0.649448 0.760406 0 1 3.84845 7
-117.366 -120.172 31.5925 0.649448 0.760406 0 1 3.84845 7
-117.366 -120.172 34.7925 0.649448 0.760406 0 1 3.84845 7
-117.366 -120.172 37.9925 0.649448 0.760406 0 1 3.84845 7
-117.366 -120.172 41.1925 0.649448 0.760406 0 1 3.84845 7
-117.366 -120.172 44.3925 0.649448 0.760406 0 1 3.84845 7
-117.366 -120.172 47.5925 0.649448 0.760406 0 1 3.84845 7
-117.366 -120.172 50.7925 0.649448 0.760406 0 1 3.84845 7
120.172 117.366 -50.7925 -0.760406 -0.649448 0 0 0.863938 8
120.172 117.366 -47.5925 -0.760406 -0.649448 0 0 0.863938 8
120.172 117.366 -44.3925 -0.760406 -0.649448 0 0 0.863938 8
120.172 117.366 -41.1925 -0.760406 -0.649448 0 0 0.863938 8
120.172 117.366 -37.9925 -0.760406 -0.649448 0 0 0.863938 8
120.172 117.366 -34.7925 -0.760406 -0.649448 0 0 0.863938 8
120.172 117.366 -31.5925 -0.760406 -0.649448 0 0 0.863938 8
120.172 117.366 -28.3925 -0.760406 -0.649448 0 0 0.863938 8
122.25 114.932 -50.7925 -0.760406 -0.649448 0 0 0.863938 8
122.25 114.932 -47.5925 -0.760406 -0.649448 0 0 0.863938 8
122.25 114.932 -44.3925 -0.760406 -0.649448 0 0 0.863938 8
122.25 114.932 -41.1925 -0.760406 -0.649448 0 0 0.863938 8
122.25 114.932 -37.9925 -0.760406 -0.649448 0 0 0.863938 8
122.25 114.932 -34.7925 -0.760406 -0.649448 0 0 0.863938 8
122.25 114.932 -31.5925 -0.760406 -0.649448 0 0 0.863938 8
122.25 114.932 -28.3925 -0.760406 -0.649448 0 0 0.863938 8
124.329 112.499 -50.7925 -0.760406 -0.649448 0 0 0.863938 8
124.329 112.499 -47.5925 -0.760406 -0.649448 0 0 0.863938 8
124.329 112.499 -44.3925 -0.760406 -0.649448 0 0 0.863938 8
124.329 112.499 -41.1925 -0.760406 -0.649448 0 0 0.863938 8
124.329 112.499 -37.9925 -0.760406 -0.649448 0 0 0.863938 8
124.329 112.499 -34.7925 -0.760406 -0.649448 0 0 0.863938 8
124.329 112.499 -31.5925 -0.760406 -0.649448 0 0 0.863938 8
124.329 112.499 -28.3925 -0.760406 -0.649448 0 0 0.863938 8
126.407 110.066 -50.7925 -0.760406 -0.649448 0 0 0.863938 8
126.407 110.066 -47.5925 -0.760406 -0.649448 0 0 0.863938 8
126.407 110.066 -44.3925 -0.760406 -0.649448 0 0 0.863938 8
126.407 110.066 -41.1925 -0.760406 -0.649448 0 0 0.863938 8
126.407 110.066 -37.9925 -0.760406 -0.649448 0 0 0.863938 8
126.407 110.066 -34.7925 -0.760406 -0.649448 0 0 0.863938 8
126.407 110.066 -31.5925 -0.760406 -0.649448 0 0 0.863938 8
126.407 110.066 -28.3925 -0.760406 -0.649448 0 0 0.863938 8
128.485 107.632 -50.7925 -0.760406 -0.649448 0 0 0.863938 8
128.485 107.632 -47.5925 -0.760406 -0.649448 0 0 0.863938 8
128.485 107.632 -44.3925 -0.760406 -0.649448 0 0 0.863938 8
128.485 107.632 -41.1925 -0.760406 -0.649448 0 0 0.863938 8
128.485 107.632 -37.9925 -0.760406 -0.649448 0 0 0.863938 8
128.485 107.632 -34.7925 -0.760406 -0.649448 0 0 0.863938 8
128.485 107.632 -31.5925 -0.760406 -0.649448 0 0 0.863938 8
128.485 107.632 -28.3925 -0.760406 -0.649448 0 0 0.863938 8
130.563 105.199 -50.7925 -0.760406 -0.649448 0 0 0.863938 8
130.563 105.199 -47.5925 -0.760406 -0.649448 0 0 0.863938 8
130.563 105.199 -44.3925 -0.760406 -0.649448 0 0 0.863938 8
130.563 105.199 -41.1925 -0.760406 -0.649448 0 0 0.863938 8
130.563 105.199 -37.9925 -0.760406 -0.649448 0 0 0.863938 8
130.563 105.199 -34.7925 -0.760406 -0.649448 0 0 0.863938 8
130.563 105.199 -31.5925 -0.760406 -0.649448 0 0 0.863938 8
130.563 105.199 -28.3925 -0.760406 -0.649448 0 0 0.863938 8
132.642 102.766 -50.7925 -0.760406 -0.649448 0 0 0.863938 8
132.642 102.766 -47.5925 -0.760406 -0.649448 0 0 0.863938 8
132.642 102.766 -44.3925 -0.760406 -0.649448 0 0 0.863938 8
132.642 102.766 -41.1925 -0.760406 -0.649448 0 0 0.863938 8
132.642 102.766 -37.9925 -0.760406 -0.649448 0 0 0.863938 8
132.642 102.766 -34.7925 -0.760406 -0.649448 0 0 0.863938 8
132.642 102.766 -31.5925 -0.760406 -0.649448 0 0 0.863938 8
132.642 102.766 -28.3925 -0.760406 -0.649448 0 0 0.863938 8
134.72 100.333 -50.7925 -0.760406 -0.649448 0 0 0.863938 8
134.72 100.333 -47.5925 -0.760406 -0.649448 0 0 0.863938 8
134.72 100.333 -44.3925 -0.760406 -0.649448 0 0 0.863938 8
134.72 100.333 -41.1925 -0.760406 -0.649448 0 0 0.863938 8
134.72 100.333 -37.9925 -0.760406 -0.649448 0 0 0.863938 8
134.72 100.333 -34.7925 -0.760406 -0.649448 0 0 0.863938 8
134.72 100.333 -31.5925 -0.760406 -0.649448 0 0 0.863938 8
134.72 100.333 -28.3925 -0.760406 -0.649448 0 0 0.863938 8
-120.172 -117.366 -50.7925 0.760406 0.649448 0 1 4.00553 9
-120.172 -117.366 -47.5925 0.760406 0.649448 0 1 4.00553 9
-120.172 -117.366 -44.3925 0.760406 0.649448 0 1 4.00553 9
-120.172 -117.366 -41.1925 0.760406 0.649448 0 1 4.00553 9
-120.172 -117.366 -37.9925 0.760406 0.649448 0 1 4.00553 9
-120.172 -117.366 -34.7925 0.760406 0.649448 0 1 4.00553 9
-120.172 -117.366 -31.5925 0.760406 0.649448 0 1 4.00553 9
-120.172 -117.366 -28.3925 0.760406 0.649448 0 1 4.00553 9
-122.25 -114.932 -50.7925 0.760406 0.649448 0 1 4.00553 9
-122.25 -114.932 -47.5925 0.760406 0.649448 0 1 4.00553 9
-122.25 -114.932 -44.3925 0.760406 0.649448 0 1 4.00553 9
-122.25 -114.932 -41.1925 0.760406 0.649448 0 1 4.00553 9
-122.25 -114.932 -37.9925 0.760406 0.649448 0 1 4.00553 9
-122.25 -114.932 -34.7925 0.760406 0.649448 0 1 4.00553 9
-122.25 -114.932 -31.5925 0.760406 0.649448 0 1 4.00553 9
-122.25 -114.932 -28.3925 0.760406 0.649448 0 1 4.00553 9
-124.329 -112.499 -50.7925 0.760406 0.649448 0 1 4.00553 9
-124.329 -112.499 -47.5925 0.760406 0.649448 0 1 4.00553 9
-124.329 -112.499 -44.3925 0.760406 0.649448 0 1 4.00553 9
-124.329 -112.499 -41.1925 0.760406 0.649448 0 1 4.00553 9
-124.329 -112.499 -37.9925 0.760406 0.649448 0 1 4.00553 9
-124.329 -112.499 -34.7925 0.760406 0.649448 0 1 4.00553 9
-124.329 -112.499 -31.5925 0.760406 0.649448 0 1 4.00553 9
-124.329 -112.499 -28.3925 0.760406 0.649448 0 1 4.00553 9
-126.407 -110.066 -50.7925 0.760406 0.649448 0 1 4.00553 9
-126.407 -110.066 -47.5925 0.760406 0.649448 0 1 4.00553 9
-126.407 -110.066 -44.3925 0.760406 0.649448 0 1 4.00553 9
-126.407 -110.066 -41.1925 0.760406 0.649448 0 1 4.00553 9
-126.407 -110.066 -37.9925 0.760406 0.649448 0 1 4.00553 9
-126.407 -110.066 -34.7925 0.760406 0.649448 0 1 4.00553 9
-126.407 -110.066 -31.5925 0.760406 0.649448 0 1 4.00553 9
-126.407 -110.066 -28.3925 0.760406 0.649448 0 1 4.00553 9
-128.485 -107.632 -50.7925 0.760406 0.649448 0 1 4.00553 9
-128.485 -107.632 -47.5925 0.760406 0.649448 0 1 4.00553 9
-128.485 -107.632 -44.3925 0.760406 0.649448 0 1 4.00553 9
-128.485 -107.632 -41.1925 0.760406 0.649448 0 1 4.00553 9
-128.485 -107.632 -37.9925 0.760406 0.649448 0 1 4.00553 9
-128.485 -107.632 -34.7925 0.760406 0.649448 0 1 4.00553 9
-128.485 -107.632 -31.5925 0.760406 0.649448 0 1 4.00553 9
-128.485 -107.632 -28.3925 0.760406 0.649448 0 1 4.00553 9
-130.563 -105.199 -50.7925 0.760406 0.649448 0 1 4.00553 9
-130.563 -105.199 -47.5925 0.760406 0.649448 0 1 4.00553 9
-130.563 -105.199 -44.3925 0.760406 0.649448 0 1 4.00553 9
-130.563 -105.199 -41.1925 0.760406 0.649448 0 1 4.00553 9
-130.563 -105.199 -37.9925 0.760406 0.649448 0 1 4.00553 9
-130.563 -105.199 -34.7925 0.760406 0.649448 0 1 4.00553 9
-130.563 -105.199 -31.5925 0.760406 0.649448 0 1 4.00553 9
-130.563 -105.199 -28.3925 0.760406 0.649448 0 1 4.00553 9
-132.642 -102.766 -50.7925 0.760406 0.649448 0 1 4.00553 9
-132.642 -102.766 -47.5925 0.760406 0.649448 0 1 4.00553 9
-132.642 -102.766 -44.3925 0.760406 0.649448 0 1 4.00553 9
-132.642 -102.766 -41.1925 0.760406 0.649448 0 1 4.00553 9
-132.642 -102.766 -37.9925 0.760406 0.649448 0 1 4.00553 9
-132.642 -102.766 -34.7925 0.760406 0.649448 0 1 4.00553 9
-132.642 -102.766 -31.5925 0.760406 0.649448 0 1 4.00553 9
-132.642 -102.766 -28.3925 0.760406 0.649448 0 1 4.00553 9
-134.72 -100.333 -50.7925 0.760406 0.649448 0 1 4.00553 9
-134.72 -100.333 -47.5925 0.760406 0.649448 0 1 4.00553 9
-134.72 -100.333 -44.3925 0.760406 0.649448 0 1 4.00553 9
-134.72 -100.333 -41.1925 0.760406 0.649448 0 1 4.00553 9
-134.72 -100.333 -37.9925 0.760406 0.649448 0 1 4.00553 9
-134.72 -100.333 -34.7925 0.760406 0.649448 0 1 4.00553 9
-134.72 -100.333 -31.5925 0.760406 0.649448 0 1 4.00553 9
-134.72 -100.333 -28.3925 0.760406 0.649448 0 1 4.00553 9
120.172 117.366 -24.3975 -0.760406 -0.649448 0 0 0.863938 10
120.172 117.366 -21.1975 -0.760406 -0.649448 0 0 0.863938 10
120.172 117.366 -17.9975 -0.760406 -0.649448 0 0 0.863938 10
120.172 117.366 -14.7975 -0.760406 -0.649448 0 0 0.863938 10
120.172 117.366 -11.5975 -0.760406 -0.649448 0 0 0.863938 10
120.172 117.366 -8.3975 -0.760406 -0.649448 2.36848e-16 0 0.863938 10
120.172 117.366 -5.1975 -0.760406 -0.649448 0 0 0.863938 10
120.172 117.366 -1.9975 -0.760406 -0.649448 0 0 0.863938 10
122.25 114.932 -24.3975 -0.760406 -0.649448 0 0 0.863938 10
122.25 114.932 -21.1975 -0.760406 -0.649448 0 0 0.863938 10
122.25 114.932 -17.9975 -0.760406 -0.649448 0 0 0.863938 10
122.25 114.932 -14.7975 -0.760406 -0.649448 0 0 0.863938 10
122.25 114.932 -11.5975 -0.760406 -0.649448 0 0 0.863938 10
122.25 114.932 -8.3975 -0.760406 -0.649448 2.36848e-16 0 0.863938 10
122.25 114.932 -5.1975 -0.760406 -0.649448 0 0 0.863938 10
122.25 114.932 -1.9975 -0.760406 -0.649448 0 0 0.863938 10
124.329 112.499 -24.3975 -0.760406 -0.649448 0 0 0.863938 10
124.329 112.499 -21.1975 -0.760406 -0.649448 0 0 0.863938 10
124.329 112.499 -17.9975 -0.760406 -0.649448 0 0 0.863938 10
124.329 112.499 -14.7975 -0.760406 -0.649448 0 0 0.863938 10
124.329 112.499 -11.5975 -0.760406 -0.649448 0 0 0.863938 10
124.329 112.499 -8.3975 -0.760406 -0.649448 2.36848e-16 0 0.863938 10
124.329 112.499 -5.1975 -0.760406 -0.649448 0 0 0.863938 10
124.329 112.499 -1.9975 -0.760406 -0.649448 0 0 0.863938 10
126.407 110.066 -24.3975 -0.760406 -0.649448 0 0 0.863938 10
126.407 110.066 -21.1975 -0.760406 -0.649448 0 0 0.863938 10
126.407 110.066 -17.9975 -0.760406 -0.649448 0 0 0.863938 10
126.407 110.066 -14.7975 -0.760406 -0.649448 0 0 0.863938 10
126.407 110.066 -11.5975 -0.760406 -0.649448 0 0 0.863938 10
126.407 110.066 -8.3975 -0.760406 -0.649448 2.36848e-16 0 0.863938 10
126.407 110.066 -5.1975 -0.760406 -0.649448 0 0 0.863938 10
126.407 110.066 -1.9975 -0.760406 -0.649448 0 0 0.863938 10
128.485 107.632 -24.3975 -0.760406 -0.649448 0 0 0.863938 10
128.485 107.632 -21.1975 -0.760406 -0.649448 0 0 0.863938 10
128.485 107.632 -17.9975 -0.760406 -0.649448 0 0 0.863938 10
128.485 107.632 -14.7975 -0.760406 -0.649448 0 0 0.863938 10
128.485 107.632 -11.5975 -0.760406 -0.649448 0 0 0.863938 10
128.485 107.632 -8.3975 -0.760406 -0.649448 2.36848e-16 0 0.863938 10
128.485 107.632 -5.1975 -0.760406 -0.649448 0 0 0.863938 10
128.485 107.632 -1.9975 -0.760406 -0.649448 0 0 0.863938 10
130.563 105.199 -24.3975 -0.760406 -0.649448 0 0 0.863938 10
130.563 105.199 -21.1975 -0.760406 -0.649448 0 0 0.863938 10
130.563 105.199 -17.9975 -0.760406 -0.649448 0 0 0.863938 10
130.563 105.199 -14.7975 -0.760406 -0.649448 0 0 0.863938 10
130.563 105.199 -11.5975 -0.760406 -0.649448 0 0 0.863938 10
130.563 105.199 -8.3975 -0.760406 -0.649448 2.36848e-16 0 0.863938 10
130.563 105.199 -5.1975 -0.760406 -0.649448 0 0 0.863938 10
130.563 105.199 -1.9975 -0.760406 -0.649448 0 0 0.863938 10
132.642 102.766 -24.3975 -0.760406 -0.649448 0 0 0.863938 10
132.642 102.766 -21.1975 -0.760406 -0.649448 0 0 0.863938 10
132.642 102.766 -17.9975 -0.760406 -0.649448 0 0 0.863938 10
132.642 102.766 -14.7975 -0.760406 -0.649448 0 0 0.863938 10
132.642 102.766 -11.5975 -0.760406 -0.649448 0 0 0.863938 10
132.642 102.766 -8.3975 -0.760406 -0.649448 2.36848e-16 0 0.863938 10
132.642 102.766 -5.1975 -0.760406 -0.649448 0 0 0.863938 10
132.642 102.766 -1.9975 -0.760406 -0.649448 0 0 0.863938 10
134.72 100.333 -24.3975 -0.760406 -0.649448 0 0 0.863938 10
134.72 100.333 -21.1975 -0.760406 -0.649448 0 0 0.863938 10
134.72 100.333 -17.9975 -0.760406 -0.649448 0 0 0.863938 10
134.72 100.333 -14.7975 -0.760406 -0.649448 0 0 0.863938 10
134.72 100.333 -11.5975 -0.760406 -0.649448 0 0 0.863938 10
134.72 100.333 -8.3975 -0.760406 -0.649448 2.36848e-16 0 0.863938 10
134.72 100.333 -5.1975 -0.760406 -0.649448 0 0 0.863938 10
134.72 100.333 -1.9975 -0.760406 -0.649448 0 0 0.863938 10
-120.172 -117.366 -24.3975 0.760406 0.649448 0 1 4.00553 11
-120.172 -117.366 -21.1975 0.760406 0.649448 0 1 4.00553 11
-120.172 -117.366 -17.9975 0.760406 0.649448 0 1 4.00553 11
-120.172 -117.366 -14.7975 0.760406 0.649448 0 1 4.00553 11
-120.172 -117.366 -11.5975 0.760406 0.649448 0 1 4.00553 11
-120.172 -117.366 -8.3975 0.760406 0.649448 2.36848e-16 1 4.00553 11
-120.172 -117.366 -5.1975 0.760406 0.649448 0 1 4.00553 11
-120.172 -117.366 -1.9975 0.760406 0.649448 0 1 4.00553 11
-122.25 -114.932 -24.3975 0.760406 0.649448 0 1 4.00553 11
-122.25 -114.932 -21.1975 0.760406 0.649448 0 1 4.00553 11
-122.25 -114.932 -17.9975 0.760406 0.649448 0 1 4.00553 11
-122.25 -114.932 -14.7975 0.760406 0.649448 0 1 4.00553 11
-122.25 -114.932 -11.5975 0.760406 0.649448 0 1 4.00553 11
-122.25 -114.932 -8.3975 0.760406 0.649448 2.36848e-16 1 4.00553 11
-122.25 -114.932 -5.1975 0.760406 0.649448 0 1 4.00553 11
-122.25 -114.932 -1.9975 0.760406 0.649448 0 1 4.00553 11
-124.329 -112.499 -24.3975 0.760406 0.649448 0 1 4.00553 11
-124.329 -112.499 -21.1975 0.760406 0.649448 0 1 4.00553 11
-124.329 -112.499 -17.9975 0.760406 0.649448 0 1 4.00553 11
-124.329 -112.499 -14.7975 0.760406 0.649448 0 1 4.00553 11
-124.329 -112.499 -11.5975 0.760406 0.649448 0 1 4.00553 11
-124.329 -112.499 -8.3975 0.760406 0.649448 2.36848e-16 1 4.00553 11
-124.329 -112.499 -5.1975 0.760406 0.649448 0 1 4.00553 11
-124.329 -112.499 -1.9975 0.760406 0.649448 0 1 4.00553 11
-126.407 -110.066 -24.3975 0.760406 0.649448 0 1 4.00553 11
-126.407 -110.066 -21.1975 0.760406 0.649448 0 1 4.00553 11
-126.407 -110.066 -17.9975 0.760406 0.649448 0 1 4.00553 11
-126.407 -110.066 -14.7975 0.760406 0.649448 0 1 4.00553 11
-126.407 -110.066 -11.5975 0.760406 0.649448 0 1 4.00553 11
-126.407 -110.066 -8.3975 0.760406 0.649448 2.36848e-16 1 4.00553 11
-126.407 -110.066 -5.1975 0.760406 0.649448 0 1 4.00553 11
-126.407 -110.066 -1.9975 0.760406 0.649448 0 1 4.00553 11
-128.485 -107.632 -24.3975 0.760406 0.649448 0 1 4.00553 11
-128.485 -107.632 -21.1975 0.760406 0.649448 0 1 4.00553 11
-128.485 -107.632 -17.9975 0.760406 0.649448 0 1 4.00553 11
-128.485 -107.632 -14.7975 0.760406 0.649448 0 1 4.00553 11
-128.485 -107.632 -11.5975 0.760406 0.649448 0 1 4.00553 11
-128.485 -107.632 -8.3975 0.760406 0.649448 2.36848e-16 1 4.00553 11
-128.485 -107.632 -5.1975 0.760406 0.649448 0 1 4.00553 11
-128.485 -107.632 -1.9975 0.760406 0.649448 0 1 4.00553 11
-130.563 -105.199 -24.3975 0.760406 0.649448 0 1 4.00553 11
-130.563 -105.199 -21.1975 0.760406 0.649448 0 1 4.00553 11
-130.563 -105.199 -17.9975 0.760406 0.649448 0 1 4.00553 11
-130.563 -105.199 -14.7975 0.760406 0.649448 0 1 4.00553 11
-130.563 -105.199 -11.5975 0.760406 0.649448 0 1 4.00553 11
-130.563 -105.199 -8.3975 0.760406 0.649448 2.36848e-16 1 4.00553 11
-130.563 -105.199 -5.1975 0.760406 0.649448 0 1 4.00553 11
-130.563 -105.199 -1.9975 0.760406 0.649448 0 1 4.00553 11
-132.642 -102.766 -24.3975 0.760406 0.649448 0 1 4.00553 11
-132.642 -102.766 -21.1975 0.760406 0.649448 0 1 4.00553 11
-132.642 -102.766 -17.9975 0.760406 0.649448 0 1 4.00553 11
-132.642 -102.766 -14.7975 0.760406 0.649448 0 1 4.00553 11
-132.642 -102.766 -11.5975 0.760406 0.649448 0 1 4.00553 11
-132.642 -102.766 -8.3975 0.760406 0.649448 2.36848e-16 1 4.00553 11
-132.642 -102.766 -5.1975 0.760406 0.649448 0 1 4.00553 11
-132.642 -102.766 -1.9975 0.760406 0.649448 0 1 4.00553 11
-134.72 -100.333 -24.3975 0.760406 0.649448 0 1 4.00553 11
-134.72 -100.333 -21.1975 0.760406 0.649448 0 1 4.00553 11
-134.72 -100.333 -17.9975 0.760406 0.649448 0 1 4.00553 11
-134.72 -100.333 -14.7975 0.760406 0.649448 0 1 4.00553 11
-134.72 -100.333 -11.5975 0.760406 0.649448 0 1 4.00553 11
-134.72 -100.333 -8.3975 0.760406 0.649448 2.36848e-16 1 4.00553 11
-134.72 -100.333 -5.1975 0.760406 0.649448 0 1 4.00553 11
-134.72 -100.333 -1.9975 0.760406 0.649448 0 1 4.00553 11
120.172 117.366 1.9975 -0.760406 -0.649448 0 0 0.863938 12
120.172 117.366 5.1975 -0.760406 -0.649448 1.18424e-16 0 0.863938 12
120.172 117.366 8.3975 -0.760406 -0.649448 2.36848e-16 0 0.863938 12
120.172 117.366 11.5975 -0.760406 -0.649448 0 0 0.863938 12
120.172 117.366 14.7975 -0.760406 -0.649448 0 0 0.863938 12
120.172 117.366 17.9975 -0.760406 -0.649448 4.73695e-16 0 0.863938 12
120.172 117.366 21.1975 -0.760406 -0.649448 0 0 0.863938 12
120.172 117.366 24.3975 -0.760406 -0.649448 0 0 0.863938 12
122.25 114.932 1.9975 -0.760406 -0.649448 0 0 0.863938 12
122.25 114.932 5.1975 -0.760406 -0.649448 1.18424e-16 0 0.863938 12
122.25 114.932 8.3975 -0.760406 -0.649448 2.36848e-16 0 0.863938 12
122.25 114.932 11.5975 -0.760406 -0.649448 0 0 0.863938 12
122.25 114.932 14.7975 -0.760406 -0.649448 0 0 0.863938 12
122.25 114.932 17.9975 -0.760406 -0.649448 4.73695e-16 0 0.863938 12
122.25 114.932 21.1975 -0.760406 -0.649448 0 0 0.863938 12
122.25 114.932 24.3975 -0.760406 -0.649448 0 0 0.863938 12
124.329 112.499 1.9975 -0.760406 -0.649448 0 0 0.863938 12
124.329 112.499 5.1975 -0.760406 -0.649448 1.18424e-16 0 0.863938 12
124.329 112.499 8.3975 -0.760406 -0.649448 2.36848e-16 0 0.863938 12
124.329 112.499 11.5975 -0.760406 -0.649448 0 0 0.863938 12
124.329 112.499 14.7975 -0.760406 -0.649448 0 0 0.863938 12
124.329 112.499 17.9975 -0.760406 -0.649448 4.73695e-16 0 0.863938 12
124.329 112.499 21.1975 -0.760406 -0.649448 0 0 0.863938 12
124.329 112.499 24.3975 -0.760406 -0.649448 0 0 0.863938 12
126.407 110.066 1.9975 -0.760406 -0.649448 0 0 0.863938 12
126.407 110.066 5.1975 -0.760406 -0.649448 1.18424e-16 0 0.863938 12
126.407 110.066 8.3975 -0.760406 -0.649448 2.36848e-16 0 0.863938 12
126.407 110.066 11.5975 -0.760406 -0.649448 0 0 0.863938 12
126.407 110.066 14.7975 -0.760406 -0.649448 0 0 0.863938 12
126.407 110.066 17.9975 -0.760406 -0.649448 4.73695e-16 0 0.863938 12
126.407 110.066 21.1975 -0.760406 -0.649448 0 0 0.863938 12
126.407 110.066 24.3975 -0.760406 -0.649448 0 0 0.863938 12
128.485 107.632 1.9975 -0.760406 -0.649448 0 0 0.863938 12
128.485 107.632 5.1975 -0.760406 -0.649448 1.18424e-16 0 0.863938 12
128.485 107.632 8.3975 -0.760406 -0.649448 2.36848e-16 0 0.863938 12
128.485 107.632 11.5975 -0.760406 -0.649448 0 0 0.863938 12
128.485 107.632 14.7975 -0.760406 -0.649448 0 0 0.863938 12
128.485 107.632 17.9975 -0.760406 -0.649448 4.73695e-16 0 0.863938 12
128.485 107.632 21.1975 -0.760406 -0.649448 0 0 0.863938 12
128.485 107.632 24.3975 -0.760406 -0.649448 0 0 0.863938 12
130.563 105.199 1.9975 -0.760406 -0.649448 0 0 0.863938 12
130.563 105.199 5.1975 -0.760406 -0.649448 1.18424e-16 0 0.863938 12
130.563 105.199 8.3975 -0.760406 -0.649448 2.36848e-16 0 0.863938 12
130.563 105.199 11.5975 -0.760406 -0.649448 0 0 0.863938 12
130.563 105.199 14.7975 -0.760406 -0.649448 0 0 0.863938 12
130.563 105.199 17.9975 -0.760406 -0.649448 4.73695e-16 0 0.863938 12
130.563 105.199 21.1975 -0.760406 -0.649448 0 0 0.863938 12
130.563 105.199 24.3975 -0.760406 -0.649448 0 0 0.863938 12
132.642 102.766 1.9975 -0.760406 -0.649448 0 0 0.863938 12
132.642 102.766 5.1975 -0.760406 -0.649448 1.18424e-16 0 0.863938 12
132.642 102.766 8.3975 -0.760406 -0.649448 2.36848e-16 0 0.863938 12
132.642 102.766 11.5975 -0.760406 -0.649448 0 0 0.863938 12
132.642 102.766 14.7975 -0.760406 -0.649448 0 0 0.863938 12
132.642 102.766 17.9975 -0.760406 -0.649448 4.73695e-16 0 0.863938 12
132.642 102.766 21.1975 -0.760406 -0.649448 0 0 0.863938 12
132.642 102.766 24.3975 -0.760406 -0.649448 0 0 0.863938 12
134.72 100.333 1.9975 -0.760406 -0.649448 0 0 0.863938 12
134.72 100.333 5.1975 -0.760406 -0.649448 1.18424e-16 0 0.863938 12
134.72 100.333 8.3975 -0.760406 -0.649448 2.36848e-16 0 0.863938 12
134.72 100.333 11.5975 -0.760406 -0.649448 0 0 0.863938 12
134.72 100.333 14.7975 -0.760406 -0.649448 0 0 0.863938 12
134.72 100.333 17.9975 -0.760406 -0.649448 4.73695e-16 0 0.863938 12
134.72 100.333 21.1975 -0.760406 -0.649448 0 0 0.863938 12
134.72 100.333 24.3975 -0.760406 -0.649448 0 0 0.863938 12
-120.172 -117.366 1.9975 0.760406 0.649448 0 1 4.00553 13
-120.172 -117.366 5.1975 0.760406 0.649448 1.18424e-16 1 4.00553 13
-120.172 -117.366 8.3975 0.760406 0.649448 2.36848e-16 1 4.00553 13
-120.172 -117.366 11.5975 0.760406 0.649448 0 1 4.00553 13
-120.172 -117.366 14.7975 0.760406 0.649448 0 1 4.00553 13
-120.172 -117.366 17.9975 0.760406 0.649448 4.73695e-16 1 4.00553 13
-120.172 -117.366 21.1975 0.760406 0.649448 0 1 4.00553 13
-120.172 -117.366 24.3975 0.760406 0.649448 0 1 4.00553 13
-122.25 -114.932 1.9975 0.760406 0.649448 0 1 4.00553 13
-122.25 -114.932 5.1975 0.760406 0.649448 1.18424e-16 1 4.00553 13
-122.25 -114.932 8.3975 0.760406 0.649448 2.36848e-16 1 4.00553 13
-122.25 -114.932 11.5975 0.760406 0.649448 0 1 4.00553 13
-122.25 -114.932 14.7975 0.760406 0.649448 0 1 4.00553 13
-122.25 -114.932 17.9975 0.760406 0.649448 4.73695e-16 1 4.00553 13
-122.25 -114.932 21.1975 0.760406 0.649448 0 1 4.00553 13
-122.25 -114.932 24.3975 0.760406 0.649448 0 1 4.00553 13
-124.329 -112.499 1.9975 0.760406 0.649448 0 1 4.00553 13
-124.329 -112.499 5.1975 0.760406 0.649448 1.18424e-16 1 4.00553 13
-124.329 -112.499 8.3975 0.760406 0.649448 2.36848e-16 1 4.00553 13
-124.329 -112.499 11.5975 0.760406 0.649448 0 1 4.00553 13
-124.329 -112.499 14.7975 0.760406 0.649448 0 1 4.00553 13
-124.329 -112.499 17.9975 0.760406 0.649448 4.73695e-16 1 4.00553 13
-124.329 -112.499 21.1975 0.760406 0.649448 0 1 4.00553 13
-124.329 -112.499 24.3975 0.760406 0.649448 0 1 4.00553 13
-126.407 -110.066 1.9975 0.760406 0.649448 0 1 4.00553 13
-126.407 -110.066 5.1975 0.760406 0.649448 1.18424e-16 1 4.00553 13
-126.407 -110.066 8.3975 0.760406 0.649448 2.36848e-16 1 4.00553 13
-126.407 -110.066 11.5975 0.760406 0.649448 0 1 4.00553 13
-126.407 -110.066 14.7975 0.760406 0.649448 0 1 4.00553 13
-126.407 -110.066 17.9975 0.760406 0.649448 4.73695e-16 1 4.00553 13
-126.407 -110.066 21.1975 0.760406 0.649448 0 1 4.00553 13
-126.407 -110.066 24.3975 0.760406 0.649448 0 1 4.00553 13
-128.485 -107.632 1.9975 0.760406 0.649448 0 1 4.00553 13
-128.485 -107.632 5.1975 0.760406 0.649448 1.18424e-16 1 4.00553 13
-128.485 -107.632 8.3975 0.760406 0.649448 2.36848e-16 1 4.00553 13
-128.485 -107.632 11.5975 0.760406 0.649448 0 1 4.00553 13
-128.485 -107.632 14.7975 0.760406 0.649448 0 1 4.00553 13
-128.485 -107.632 17.9975 0.760406 0.649448 4.73695e-16 1 4.00553 13
-128.485 -107.632 21.1975 0.760406 0.649448 0 1 4.00553 13
-128.485 -107.632 24.3975 0.760406 0.649448 0 1 4.00553 13
-130.563 -105.199 1.9975 0.760406 0.649448 0 1 4.00553 13
-130.563 -105.199 5.1975 0.760406 0.649448 1.18424e-16 1 4.00553 13
-130.563 -105.199 8.3975 0.760406 0.649448 2.36848e-16 1 4.00553 13
-130.563 -105.199 11.5975 0.760406 0.649448 0 1 4.00553 13
-130.563 -105.199 14.7975 0.760406 0.649448 0 1 4.00553 13
-130.563 -105.199 17.9975 0.760406 0.649448 4.73695e-16 1 4.00553 13
-130.563 -105.199 21.1975 0.760406 0.649448 0 1 4.00553 13
-130.563 -105.199 24.3975 0.760406 0.649448 0 1 4.00553 13
-132.642 -102.766 1.9975 0.760406 0.649448 0 1 4.00553 13
-132.642 -102.766 5.1975 0.760406 0.649448 1.18424e-16 1 4.00553 13
-132.642 -102.766 8.3975 0.760406 0.649448 2.36848e-16 1 4.00553 13
-132.642 -102.766 11.5975 0.760406 0.649448 0 1 4.00553 13
-132.642 -102.766 14.7975 0.760406 0.649448 0 1 4.00553 13
-132.642 -102.766 17.9975 0.760406 0.649448 4.73695e-16 1 4.00553 13
-132.642 -102.766 21.1975 0.760406 0.649448 0 1 4.00553 13
-132.642 -102.766 24.3975 0.760406 0.649448 0 1 4.00553 13
-134.72 -100.333 1.9975 0.760406 0.649448 0 1 4.00553 13
-134.72 -100.333 5.1975 0.760406 0.649448 1.18424e-16 1 4.00553 13
-134.72 -100.333 8.3975 0.760406 0.649448 2.36848e-16 1 4.00553 13
-134.72 -100.333 11.5975 0.760406 0.649448 0 1 4.00553 13
-134.72 -100.333 14.7975 0.760406 0.649448 0 1 4.00553 13
-134.72 -100.333 17.9975 0.760406 0.649448 4.73695e-16 1 4.00553 13
-134.72 -100.333 21.1975 0.760406 0.649448 0 1 4.00553 13
-134.72 -100.333 24.3975 0.760406 0.649448 0 1 4.00553 13
120.172 117.366 28.3925 -0.760406 -0.649448 0 0 0.863938 14
120.172 117.366 31.5925 -0.760406 -0.649448 0 0 0.863938 14
120.172 117.366 34.7925 -0.760406 -0.649448 0 0 0.863938 14
120.172 117.366 37.9925 -0.760406 -0.649448 0 0 0.863938 14
120.172 117.366 41.1925 -0.760406 -0.649448 0 0 0.863938 14
120.172 117.366 44.3925 -0.760406 -0.649448 0 0 0.863938 14
120.172 117.366 47.5925 -0.760406 -0.649448 0 0 0.863938 14
120.172 117.366 50.7925 -0.760406 -0.649448 0 0 0.863938 14
122.25 114.932 28.3925 -0.760406 -0.649448 0 0 0.863938 14
122.25 114.932 31.5925 -0.760406 -0.649448 0 0 0.863938 14
122.25 114.932 34.7925 -0.760406 -0.649448 0 0 0.863938 14
122.25 114.932 37.9925 -0.760406 -0.649448 0 0 0.863938 14
122.25 114.932 41.1925 -0.760406 -0.649448 0 0 0.863938 14
122.25 114.932 44.3925 -0.760406 -0.649448 0 0 0.863938 14
122.25 114.932 47.5925 -0.760406 -0.649448 0 0 0.863938 14
122.25 114.932 50.7925 -0.760406 -0.649448 0 0 0.863938 14
124.329 112.499 28.3925 -0.760406 -0.649448 0 0 0.863938 14
124.329 112.499 31.5925 -0.760406 -0.649448 0 0 0.863938 14
124.329 112.499 34.7925 -0.760406 -0.649448 0 0 0.863938 14
124.329 112.499 37.9925 -0.760406 -0.649448 0 0 0.863938 14
124.329 112.499 41.1925 -0.760406 -0.649448 0 0 0.863938 14
124.329 112.499 44.3925 -0.760406 -0.649448 0 0 0.863938 14
124.329 112.499 47.5925 -0.760406 -0.649448 0 0 0.863938 14
124.329 112.499 50.7925 -0.760406 -0.649448 0 0 0.863938 14
126.407 110.066 28.3925 -0.760406 -0.649448 0 0 0.863938 14
126.407 110.066 31.5925 -0.760406 -0.649448 0 0 0.863938 14
126.407 110.066 34.7925 -0.760406 -0.649448 0 0 0.863938 14
126.407 110.066 37.9925 -0.760406 -0.649448 0 0 0.863938 14
126.407 110.066 41.1925 -0.760406 -0.649448 0 0 0.863938 14
126.407 110.066 44.3925 -0.760406 -0.649448 0 0 0.863938 14
126.407 110.066 47.5925 -0.760406 -0.649448 0 0 0.863938 14
126.407 110.066 50.7925 -0.760406 -0.649448 0 0 0.863938 14
128.485 107.632 28.3925 -0.760406 -0.649448 0 0 0.863938 14
128.485 107.632 31.5925 -0.760406 -0.649448 0 0 0.863938 14
128.485 107.632 34.7925 -0.760406 -0.649448 0 0 0.863938 14
128.485 107.632 37.9925 -0.760406 -0.649448 0 0 0.863938 14
128.485 107.632 41.1925 -0.760406 -0.649448 0 0 0.863938 14
128.485 107.632 44.3925 -0.760406 -0.649448 0 0 0.863938 14
128.485 107.632 47.5925 -0.760406 -0.649448 0 0 0.863938 14
128.485 107.632 50.7925 -0.760406 -0.649448 0 0 0.863938 14
130.563 105.199 28.3925 -0.760406 -0.649448 0 0 0.863938 14
130.563 105.199 31.5925 -0.760406 -0.649448 0 0 0.863938 14
130.563 105.199 34.7925 -0.760406 -0.649448 0 0 0.863938 14
130.563 105.199 37.9925 -0.760406 -0.649448 0 0 0.863938 14
130.563 105.199 41.1925 -0.760406 -0.649448 0 0 0.863938 14
130.563 105.199 44.3925 -0.760406 -0.649448 0 0 0.863938 14
130.563 105.199 47.5925 -0.760406 -0.649448 0 0 0.863938 14
130.563 105.199 50.7925 -0.760406 -0.649448 0 0 0.863938 14
132.642 102.766 28.3925 -0.760406 -0.649448 0 0 0.863938 14
132.642 102.766 31.5925 -0.760406 -0.649448 0 0 0.863938 14
132.642 102.766 34.7925 -0.760406 -0.649448 0 0 0.863938 14
132.642 102.766 37.9925 -0.760406 -0.649448 0 0 0.863938 14
132.642 102.766 41.1925 -0.760406 -0.649448 0 0 0.863938 14
132.642 102.766 44.3925 -0.760406 -0.649448 0 0 0.863938 14
132.642 102.766 47.5925 -0.760406 -0.649448 0 0 0.863938 14
132.642 102.766 50.7925 -0.760406 -0.649448 0 0 0.863938 14
134.72 100.333 28.3925 -0.760406 -0.649448 0 0 0.863938 14
134.72 100.333 31.5925 -0.760406 -0.649448 0 0 0.863938 14
134.72 100.333 34.7925 -0.760406 -0.649448 0 0 0.863938 14
134.72 100.333 37.9925 -0.760406 -0.649448 0 0 0.863938 14
134.72 100.333 41.1925 -0.760406 -0.649448 0 0 0.863938 14
134.72 100.333 44.3925 -0.760406 -0.649448 0 0 0.863938 14
134.72 100.333 47.5925 -0.760406 -0.649448 0 0 0.863938 14
134.72 100.333 50.7925 -0.760406 -0.649448 0 0 0.863938 14
-120.172 -117.366 28.3925 0.760406 0.649448 0 1 4.00553 15
-120.172 -117.366 31.5925 0.760406 0.649448 0 1 4.00553 15
-120.172 -117.366 34.7925 0.760406 0.649448 0 1 4.00553 15
-120.172 -117.366 37.9925 0.760406 0.649448 0 1 4.00553 15
-120.172 -117.366 41.1925 0.760406 0.649448 0 1 4.00553 15
-120.172 -117.366 44.3925 0.760406 0.649448 0 1 4.00553 15
-120.172 -117.366 47.5925 0.760406 0.649448 0 1 4.00553 15
-120.172 -117.366 50.7925 0.760406 0.649448 0 1 4.00553 15
-122.25 -114.932 28.3925 0.760406 0.649448 0 1 4.00553 15
-122.25 -114.932 31.5925 0.760406 0.649448 0 1 4.00553 15
-122.25 -114.932 34.7925 0.760406 0.649448 0 1 4.00553 15
-122.25 -114.932 37.9925 0.760406 0.649448 0 1 4.00553 15
-122.25 -114.932 41.1925 0.760406 0.649448 0 1 4.00553 15
-122.25 -114.932 44.3925 0.760406 0.649448 0 1 4.00553 15
-122.25 -114.932 47.5925 0.760406 0.649448 0 1 4.00553 15
-122.25 -114.932 50.7925 0.760406 0.649448 0 1 4.00553 15
-124.329 -112.499 28.3925 0.760406 0.649448 0 1 4.00553 15
-124.329 -112.499 31.5925 0.760406 0.649448 0 1 4.00553 15
-124.329 -112.499 34.7925 0.760406 0.649448 0 1 4.00553 15
-124.329 -112.499 37.9925 0.760406 0.649448 0 1 4.00553 15
-124.329 -112.499 41.1925 0.760406 0.649448 0 1 4.00553 15
-124.329 -112.499 44.3925 0.760406 0.649448 0 1 4.00553 15
-124.329 -112.499 47.5925 0.760406 0.649448 0 1 4.00553 15
-124.329 -112.499 50.7925 0.760406 0.649448 0 1 4.00553 15
-126.407 -110.066 28.3925 0.760406 0.649448 0 1 4.00553 15
-126.407 -110.066 31.5925 0.760406 0.649448 0 1 4.00553 15
-126.407 -110.066 34.7925 0.760406 0.649448 0 1 4.00553 15
-126.407 -110.066 37.9925 0.760406 0.649448 0 1 4.00553 15
-126.407 -110.066 41.1925 0.760406 0.649448 0 1 4.00553 15
-126.407 -110.066 44.3925 0.760406 0.649448 0 1 4.00553 15
-126.407 -110.066 47.5925 0.760406 0.649448 0 1 4.00553 15
-126.407 -110.066 50.7925 0.760406 0.649448 0 1 4.00553 15
-128.485 -107.632 28.3925 0.760406 0.649448 0 1 4.00553 15
-128.485 -107.632 31.5925 0.760406 0.649448 0 1 4.00553 15
-128.485 -107.632 34.7925 0.760406 0.649448 0 1 4.00553 15
-128.485 -107.632 37.9925 0.760406 0.649448 0 1 4.00553 15
-128.485 -107.632 41.1925 0.760406 0.649448 0 1 4.00553 15
-128.485 -107.632 44.3925 0.760406 0.649448 0 1 4.00553 15
-128.485 -107.632 47.5925 0.760406 0.649448 0 1 4.00553 15
-128.485 -107.632 50.7925 0.760406 0.649448 0 1 4.00553 15
-130.563 -105.199 28.3925 0.760406 0.649448 0 1 4.00553 15
-130.563 -105.199 31.5925 0.760406 0.649448 0 1 4.00553 15
-130.563 -105.199 34.7925 0.760406 0.649448 0 1 4.00553 15
-130.563 -105.199 37.9925 0.760406 0.649448 0 1 4.00553 15
-130.563 -105.199 41.1925 0.760406 0.649448 0 1 4.00553 15
-130.563 -105.199 44.3925 0.760406 0.649448 0 1 4.00553 15
-130.563 -105.199 47.5925 0.760406 0.649448 0 1 4.00553 15
-130.563 -105.199 50.7925 0.760406 0.649448 0 1 4.00553 15
-132.642 -102.766 28.3925 0.760406 0.649448 0 1 4.00553 15
-132.642 -102.766 31.5925 0.760406 0.649448 0 1 4.00553 15
-132.642 -102.766 34.7925 0.760406 0.649448 0 1 4.00553 15
-132.642 -102.766 37.9925 0.760406 0.649448 0 1 4.00553 15
-132.642 -102.766 41.1925 0.760406 0.649448 0 1 4.00553 15
-132.642 -102.766 44.3925 0.760406 0.649448 0 1 4.00553 15
-132.642 -102.766 47.5925 0.760406 0.649448 0 1 4.00553 15
-132.642 -102.766 50.7925 0.760406 0.649448 0 1 4.00553 15
-134.72 -100.333 28.3925 0.760406 0.649448 0 1 4.00553 15
-134.72 -100.333 31.5925 0.760406 0.649448 0 1 4.00553 15
-134.72 -100.333 34.7925 0.760406 0.649448 0 1 4.00553 15
-134.72 -100.333 37.9925 0.760406 0.649448 0 1 4.00553 15
-134.72 -100.333 41.1925 0.760406 0.649448 0 1 4.00553 15
-134.72 -100.333 44.3925 0.760406 0.649448 0 1 4.00553 15
-134.72 -100.333 47.5925 0.760406 0.649448 0 1 4.00553 15
-134.72 -100.333 50.7925 0.760406 0.649448 0 1 4.00553 15
137.053 97.1216 -50.7925 -0.85264 -0.522499 0 0 1.02102 16
137.053 97.1216 -47.5925 -0.85264 -0.522499 0 0 1.02102 16
137.053 97.1216 -44.3925 -0.85264 -0.522499 0 0 1.02102 16
137.053 97.1216 -41.1925 -0.85264 -0.522499 0 0 1.02102 16
137.053 97.1216 -37.9925 -0.85264 -0.522499 0 0 1.02102 16
137.053 97.1216 -34.7925 -0.85264 -0.522499 0 0 1.02102 16
137.053 97.1216 -31.5925 -0.85264 -0.522499 0 0 1.02102 16
137.053 97.1216 -28.3925 -0.85264 -0.522499 0 0 1.02102 16
138.725 94.3932 -50.7925 -0.85264 -0.522499 0 0 1.02102 16
138.725 94.3932 -47.5925 -0.85264 -0.522499 0 0 1.02102 16
138.725 94.3932 -44.3925 -0.85264 -0.522499 0 0 1.02102 16
138.725 94.3932 -41.1925 -0.85264 -0.522499 0 0 1.02102 16
138.725 94.3932 -37.9925 -0.85264 -0.522499 0 0 1.02102 16
138.725 94.3932 -34.7925 -0.85264 -0.522499 0 0 1.02102 16
138.725 94.3932 -31.5925 -0.85264 -0.522499 0 0 1.02102 16
138.725 94.3932 -28.3925 -0.85264 -0.522499 0 0 1.02102 16
140.397 91.6647 -50.7925 -0.85264 -0.522499 0 0 1.02102 16
140.397 91.6647 -47.5925 -0.85264 -0.522499 0 0 1.02102 16
140.397 91.6647 -44.3925 -0.85264 -0.522499 0 0 1.02102 16
140.397 91.6647 -41.1925 -0.85264 -0.522499 0 0 1.02102 16
140.397 91.6647 -37.9925 -0.85264 -0.522499 0 0 1.02102 16
140.397 91.6647 -34.7925 -0.85264 -0.522499 0 0 1.02102 16
140.397 91.6647 -31.5925 -0.85264 -0.522499 0 0 1.02102 16
140.397 91.6647 -28.3925 -0.85264 -0.522499 0 0 1.02102 16
142.069 88.9363 -50.7925 -0.85264 -0.522499 0 0 1.02102 16
142.069 88.9363 -47.5925 -0.85264 -0.522499 0 0 1.02102 16
142.069 88.9363 -44.3925 -0.85264 -0.522499 0 0 1.02102 16
142.069 88.9363 -41.1925 -0.85264 -0.522499 0 0 1.02102 16
142.069 88.9363 -37.9925 -0.85264 -0.522499 0 0 1.02102 16
142.069 88.9363 -34.7925 -0.85264 -0.522499 0 0 1.02102 16
142.069 88.9363 -31.5925 -0.85264 -0.522499 0 0 1.02102 16
142.069 88.9363 -28.3925 -0.85264 -0.522499 0 0 1.02102 16
143.741 86.2078 -50.7925 -0.85264 -0.522499 0 0 1.02102 16
143.741 86.2078 -47.5925 -0.85264 -0.522499 0 0 1.02102 16
143.741 86.2078 -44.3925 -0.85264 -0.522499 0 0 1.02102 16
143.741 86.2078 -41.1925 -0.85264 -0.522499 0 0 1.02102 16
143.741 86.2078 -37.9925 -0.85264 -0.522499 0 0 1.02102 16
143.741 86.2078 -34.7925 -0.85264 -0.522499 0 0 1.02102 16
143.741 86.2078 -31.5925 -0.85264 -0.522499 0 0 1.02102 16
143.741 86.2078 -28.3925 -0.85264 -0.522499 0 0 1.02102 16
145.413 83.4794 -50.7925 -0.85264 -0.522499 0 0 1.02102 16
145.413 83.4794 -47.5925 -0.85264 -0.522499 0 0 1.02102 16
145.413 83.4794 -44.3925 -0.85264 -0.522499 0 0 1.02102 16
145.413 83.4794 -41.1925 -0.85264 -0.522499 0 0 1.02102 16
145.413 83.4794 -37.9925 -0.85264 -0.522499 0 0 1.02102 16
145.413 83.4794 -34.7925 -0.85264 -0.522499 0 0 1.02102 16
145.413 83.4794 -31.5925 -0.85264 -0.522499 0 0 1.02102 16
145.413 83.4794 -28.3925 -0.85264 -0.522499 0 0 1.02102 16
147.085 80.7509 -50.7925 -0.85264 -0.522499 0 0 1.02102 16
147.085 80.7509 -47.5925 -0.85264 -0.522499 0 0 1.02102 16
147.085 80.7509 -44.3925 -0.85264 -0.522499 0 0 1.02102 16
147.085 80.7509 -41.1925 -0.85264 -0.522499 0 0 1.02102 16
147.085 80.7509 -37.9925 -0.85264 -0.522499 0 0 1.02102 16
147.085 80.7509 -34.7925 -0.85264 -0.522499 0 0 1.02102 16
147.085 80.7509 -31.5925 -0.85264 -0.522499 0 0 1.02102 16
147.085 80.7509 -28.3925 -0.85264 -0.522499 0 0 1.02102 16
148.757 78.0225 -50.7925 -0.85264 -0.522499 0 0 1.02102 16
148.757 78.0225 -47.5925 -0.85264 -0.522499 0 0 1.02102 16
148.757 78.0225 -44.3925 -0.85264 -0.522499 0 0 1.02102 16
148.757 78.0225 -41.1925 -0.85264 -0.522499 0 0 1.02102 16
148.757 78.0225 -37.9925 -0.85264 -0.522499 0 0 1.02102 16
148.757 78.0225 -34.7925 -0.85264 -0.522499 0 0 1.02102 16
148.757 78.0225 -31.5925 -0.85264 -0.522499 0 0 1.02102 16
148.757 78.0225 -28.3925 -0.85264 -0.522499 0 0 1.02102 16
-137.053 -97.1216 -50.7925 0.85264 0.522499 0 1 4.16261 17
-137.053 -97.1216 -47.5925 0.85264 0.522499 0 1 4.16261 17
-137.053 -97.1216 -44.3925 0.85264 0.522499 0 1 4.16261 17
-137.053 -97.1216 -41.1925 0.85264 0.522499 0 1 4.16261 17
-137.053 -97.1216 -37.9925 0.85264 0.522499 0 1 4.16261 17
-137.053 -97.1216 -34.7925 0.85264 0.522499 0 1 4.16261 17
-137.053 -97.1216 -31.5925 0.85264 0.522499 0 1 4.16261 17
-137.053 -97.1216 -28.3925 0.85264 0.522499 0 1 4.16261 17
-138.725 -94.3932 -50.7925 0.85264 0.522499 0 1 4.16261 17
-138.725 -94.3932 -47.5925 0.85264 0.522499 0 1 4.16261 17
-138.725 -94.3932 -44.3925 0.85264 0.522499 0 1 4.16261 17
-138.725 -94.3932 -41.1925 0.85264 0.522499 0 1 4.16261 17
-138.725 -94.3932 -37.9925 0.85264 0.522499 0 1 4.16261 17
-138.725 -94.3932 -34.7925 0.85264 0.522499 0 1 4.16261 17
-138.725 -94.3932 -31.5925 0.85264 0.522499 0 1 4.16261 17
-138.725 -94.3932 -28.3925 0.85264 0.522499 0 1 4.16261 17
-140.397 -91.6647 -50.7925 0.85264 0.522499 0 1 4.16261 17
-140.397 -91.6647 -47.5925 0.85264 0.522499 0 1 4.16261 17
-140.397 -91.6647 -44.3925 0.85264 0.522499 0 1 4.16261 17
-140.397 -91.6647 -41.1925 0.85264 0.522499 0 1 4.16261 17
-140.397 -91.6647 -37.9925 0.85264 0.522499 0 1 4.16261 17
-140.397 -91.6647 -34.7925 0.85264 0.522499 0 1 4.16261 17
-140.397 -91.6647 -31.5925 0.85264 0.522499 0 1 4.16261 17
-140.397 -91.6647 -28.3925 0.85264 0.522499 0 1 4.16261 17
-142.069 -88.9363 -50.7925 0.85264 0.522499 0 1 4.16261 17
-142.069 -88.9363 -47.5925 0.85264 0.522499 0 1 4.16261 17
-142.069 -88.9363 -44.3925 0.85264 0.522499 0 1 4.16261 17
-142.069 -88.9363 -41.1925 0.85264 0.522499 0 1 4.16261 17
-142.069 -88.9363 -37.9925 0.85264 0.522499 0 1 4.16261 17
-142.069 -88.9363 -34.7925 0.85264 0.522499 0 1 4.16261 17
-142.069 -88.9363 -31.5925 0.85264 0.522499 0 1 4.16261 17
-142.069 -88.9363 -28.3925 0.85264 0.522499 0 1 4.16261 17
-143.741 -86.2078 -50.7925 0.85264 0.522499 0 1 4.16261 17
-143.741 -86.2078 -47.5925 0.85264 0.522499 0 1 4.16261 17
-143.741 -86.2078 -44.3925 0.85264 0.522499 0 1 4.16261 17
-143.741 -86.2078 -41.1925 0.85264 0.522499 0 1 4.16261 17
-143.741 -86.2078 -37.9925 0.85264 0.522499 0 1 4.16261 17
-143.741 -86.2078 -34.7925 0.85264 0.522499 0 1 4.16261 17
-143.741 -86.2078 -31.5925 0.85264 0.522499 0 1 4.16261 17
-143.741 -86.2078 -28.3925 0.85264 0.522499 0 1 4.16261 17
-145.413 -83.4794 -50.7925 0.85264 0.522499 0 1 4.16261 17
-145.413 -83.4794 -47.5925 0.85264 0.522499 0 1 4.16261 17
-145.413 -83.4794 -44.3925 0.85264 0.522499 0 1 4.16261 17
-145.413 -83.4794 -41.1925 0.85264 0.522499 0 1 4.16261 17
-145.413 -83.4794 -37.9925 0.85264 0.522499 0 1 4.16261 17
-145.413 -83.4794 -34.7925 0.85264 0.522499 0 1 4.16261 17
-145.413 -83.4794 -31.5925 0.85264 0.522499 0 1 4.16261 17
-145.413 -83.4794 -28.3925 0.85264 0.522499 0 1 4.16261 17
-147.085 -80.7509 -50.7925 0.85264 0.522499 0 1 4.16261 17
-147.085 -80.7509 -47.5925 0.85264 0.522499 0 1 4.16261 17
-147.085 -80.7509 -44.3925 0.85264 0.522499 0 1 4.16261 17
-147.085 -80.7509 -41.1925 0.85264 0.522499 0 1 4.16261 17
-147.085 -80.7509 -37.9925 0.85264 0.522499 0 1 4.16261 17
-147.085 -80.7509 -34.7925 0.85264 0.522499 0 1 4.16261 17
-147.085 -80.7509 -31.5925 0.85264 0.522499 0 1 4.16261 17
-147.085 -80.7509 -28.3925 0.85264 0.522499 0 1 4.16261 17
-148.757 -78.0225 -50.7925 0.85264 0.522499 0 1 4.16261 17
-148.757 -78.0225 -47.5925 0.85264 0.522499 0 1 4.16261 17
-148.757 -78.0225 -44.3925 0.85264 0.522499 0 1 4.16261 17
-148.757 -78.0225 -41.1925 0.85264 0.522499 0 1 4.16261 17
-148.757 -78.0225 -37.9925 0.85264 0.522499 0 1 4.16261 17
-148.757 -78.0225 -34.7925 0.85264 0.522499 0 1 4.16261 17
-148.757 -78.0225 -31.5925 0.85264 0.522499 0 1 4.16261 17
-148.757 -78.0225 -28.3925 0.85264 0.522499 0 1 4.16261 17
137.053 97.1216 -24.3975 -0.85264 -0.522499 0 0 1.02102 18
137.053 97.1216 -21.1975 -0.85264 -0.522499 0 0 1.02102 18
137.053 97.1216 -17.9975 -0.85264 -0.522499 0 0 1.02102 18
137.053 97.1216 -14.7975 -0.85264 -0.522499 0 0 1.02102 18
137.053 97.1216 -11.5975 -0.85264 -0.522499 0 0 1.02102 18
137.053 97.1216 -8.3975 -0.85264 -0.522499 2.36848e-16 0 1.02102 18
137.053 97.1216 -5.1975 -0.85264 -0.522499 0 0 1.02102 18
137.053 97.1216 -1.9975 -0.85264 -0.522499 0 0 1.02102 18
138.725 94.3932 -24.3975 -0.85264 -0.522499 0 0 1.02102 18
138.725 94.3932 -21.1975 -0.85264 -0.522499 0 0 1.02102 18
138.725 94.3932 -17.9975 -0.85264 -0.522499 0 0 1.02102 18
138.725 94.3932 -14.7975 -0.85264 -0.522499 0 0 1.02102 18
138.725 94.3932 -11.5975 -0.85264 -0.522499 0 0 1.02102 18
138.725 94.3932 -8.3975 -0.85264 -0.522499 2.36848e-16 0 1.02102 18
138.725 94.3932 -5.1975 -0.85264 -0.522499 0 0 1.02102 18
138.725 94.3932 -1.9975 -0.85264 -0.522499 0 0 1.02102 18
140.397 91.6647 -24.3975 -0.85264 -0.522499 0 0 1.02102 18
140.397 91.6647 -21.1975 -0.85264 -0.522499 0 0 1.02102 18
140.397 91.6647 -17.9975 -0.85264 -0.522499 0 0 1.02102 18
140.397 91.6647 -14.7975 -0.85264 -0.522499 0 0 1.02102 18
140.397 91.6647 -11.5975 -0.85264 -0.522499 0 0 1.02102 18
140.397 91.6647 -8.3975 -0.85264 -0.522499 2.36848e-16 0 1.02102 18
140.397 91.6647 -5.1975 -0.85264 -0.522499 0 0 1.02102 18
140.397 91.6647 -1.9975 -0.85264 -0.522499 0 0 1.02102 18
142.069 88.9363 -24.3975 -0.85264 -0.522499 0 0 1.02102 18
142.069 88.9363 -21.1975 -0.85264 -0.522499 0 0 1.02102 18
142.069 88.9363 -17.9975 -0.85264 -0.522499 0 0 1.02102 18
142.069 88.9363 -14.7975 -0.85264 -0.522499 0 0 1.02102 18
142.069 88.9363 -11.5975 -0.85264 -0.522499 0 0 1.02102 18
142.069 88.9363 -8.3975 -0.85264 -0.522499 2.36848e-16 0 1.02102 18
142.069 88.9363 -5.1975 -0.85264 -0.522499 0 0 1.02102 18
142.069 88.9363 -1.9975 -0.85264 -0.522499 0 0 1.02102 18
143.741 86.2078 -24.3975 -0.85264 -0.522499 0 0 1.02102 18
143.741 86.2078 -21.1975 -0.85264 -0.522499 0 0 1.02102 18
143.741 86.2078 -17.9975 -0.85264 -0.522499 0 0 1.02102 18
143.741 86.2078 -14.7975 -0.85264 -0.522499 0 0 1.02102 18
143.741 86.2078 -11.5975 -0.85264 -0.522499 0 0 1.02102 18
143.741 86.2078 -8.3975 -0.85264 -0.522499 2.36848e-16 0 1.02102 18
143.741 86.2078 -5.1975 -0.85264 -0.522499 0 0 1.02102 18
143.741 86.2078 -1.9975 -0.85264 -0.522499 0 0 1.02102 18
145.413 83.4794 -24.3975 -0.85264 -0.522499 0 0 1.02102 18
145.413 83.4794 -21.1975 -0.85264 -0.522499 0 0 1.02102 18
145.413 83.4794 -17.9975 -0.85264 -0.522499 0 0 1.02102 18
145.413 83.4794 -14.7975 -0.85264 -0.522499 0 0 1.02102 18
145.413 83.4794 -11.5975 -0.85264 -0.522499 0 0 1.02102 18
145.413 83.4794 -8.3975 -0.85264 -0.522499 2.36848e-16 0 1.02102 18
145.413 83.4794 -5.1975 -0.85264 -0.522499 0 0 1.02102 18
145.413 83.4794 -1.9975 -0.85264 -0.522499 0 0 1.02102 18
147.085 80.7509 -24.3975 -0.85264 -0.522499 0 0 1.02102 18
147.085 80.7509 -21.1975 -0.85264 -0.522499 0 0 1.02102 18
147.085 80.7509 -17.9975 -0.85264 -0.522499 0 0 1.02102 18
147.085 80.7509 -14.7975 -0.85264 -0.522499 0 0 1.02102 18
147.085 80.7509 -11.5975 -0.85264 -0.522499 0 0 1.02102 18
147.085 80.7509 -8.3975 -0.85264 -0.522499 2.36848e-16 0 1.02102 18
147.085 80.7509 -5.1975 -0.85264 -0.522499 0 0 1.02102 18
147.085 80.7509 -1.9975 -0.85264 -0.522499 0 0 1.02102 18
148.757 78.0225 -24.3975 -0.85264 -0.522499 0 0 1.02102 18
148.757 78.0225 -21.1975 -0.85264 -0.522499 0 0 1.02102 18
148.757 78.0225 -17.9975 -0.85264 -0.522499 0 0 1.02102 18
148.757 78.0225 -14.7975 -0.85264 -0.522499 0 0 1.02102 18
148.757 78.0225 -11.5975 -0.85264 -0.522499 0 0 1.02102 18
148.757 78.0225 -8.3975 -0.85264 -0.522499 2.36848e-16 0 1.02102 18
148.757 78.0225 -5.1975 -0.85264 -0.522499 0 0 1.02102 18
148.757 78.0225 -1.9975 -0.85264 -0.522499 0 0 1.02102 18
-137.053 -97.1216 -24.3975 0.85264 0.522499 0 1 4.16261 19
-137.053 -97.1216 -21.1975 0.85264 0.522499 0 1 4.16261 19
-137.053 -97.1216 -17.9975 0.85264 0.522499 0 1 4.16261 19
-137.053 -97.1216 -14.7975 0.85264 0.522499 0 1 4.16261 19
-137.053 -97.1216 -11.5975 0.85264 0.522499 0 1 4.16261 19
-137.053 -97.1216 -8.3975 0.85264 0.522499 2.36848e-16 1 4.16261 19
-137.053 -97.1216 -5.1975 0.85264 0.522499 0 1 4.16261 19
-137.053 -97.1216 -1.9975 0.85264 0.522499 0 1 4.16261 19
-138.725 -94.3932 -24.3975 0.85264 0.522499 0 1 4.16261 19
-138.725 -94.3932 -21.1975 0.85264 0.522499 0 1 4.16261 19
-138.725 -94.3932 -17.9975 0.85264 0.522499 0 1 4.16261 19
-138.725 -94.3932 -14.7975 0.85264 0.522499 0 1 4.16261 19
-138.725 -94.3932 -11.5975 0.85264 0.522499 0 1 4.16261 19
-138.725 -94.3932 -8.3975 0.85264 0.522499 2.36848e-16 1 4.16261 19
-138.725 -94.3932 -5.1975 0.85264 0.522499 0 1 4.16261 19
-138.725 -94.3932 -1.9975 0.85264 0.522499 0 1 4.16261 19
-140.397 -91.6647 -24.3975 0.85264 0.522499 0 1 4.16261 19
-140.397 -91.6647 -21.1975 0.85264 0.522499 0 1 4.16261 19
-140.397 -91.6647 -17.9975 0.85264 0.522499 0 1 4.16261 19
-140.397 -91.6647 -14.7975 0.85264 0.522499 0 1 4.16261 19
-140.397 -91.6647 -11.5975 0.85264 0.522499 0 1 4.16261 19
-140.397 -91.6647 -8.3975 0.85264 0.522499 2.36848e-16 1 4.16261 19
-140.397 -91.6647 -5.1975 0.85264 0.522499 0 1 4.16261 19
-140.397 -91.6647 -1.9975 0.85264 0.522499 0 1 4.16261 19
-142.069 -88.9363 -24.3975 0.85264 0.522499 0 1 4.16261 19
-142.069 -88.9363 -21.1975 0.85264 0.522499 0 1 4.16261 19
-142.069 -88.9363 -17.9975 0.85264 0.522499 0 1 4.16261 19
-142.069 -88.9363 -14.7975 0.85264 0.522499 0 1 4.16261 19
-142.069 -88.9363 -11.5975 0.85264 0.522499 0 1 4.16261 19
-142.069 -88.9363 -8.3975 0.85264 0.522499 2.36848e-16 1 4.16261 19
-142.069 -88.9363 -5.1975 0.85264 0.522499 0 1 4.16261 19
-142.069 -88.9363 -1.9975 0.85264 0.522499 0 1 4.16261 19
-143.741 -86.2078 -24.3975 0.85264 0.522499 0 1 4.16261 19
-143.741 -86.2078 -21.1975 0.85264 0.522499 0 1 4.16261 19
-143.741 -86.2078 -17.9975 0.85264 0.522499 0 1 4.16261 19
-143.741 -86.2078 -14.7975 0.85264 0.522499 0 1 4.16261 19
-143.741 -86.2078 -11.5975 0.85264 0.522499 0 1 4.16261 19
-143.741 -86.2078 -8.3975 0.85264 0.522499 2.36848e-16 1 4.16261 19
-143.741 -86.2078 -5.1975 0.85264 0.522499 0 1 4.16261 19
-143.741 -86.2078 -1.9975 0.85264 0.522499 0 1 4.16261 19
-145.413 -83.4794 -24.3975 0.85264 0.522499 0 1 4.16261 19
-145.413 -83.4794 -21.1975 0.85264 0.522499 0 1 4.16261 19
-145.413 -83.4794 -17.9975 0.85264 0.522499 0 1 4.16261 19
-145.413 -83.4794 -14.7975 0.85264 0.522499 0 1 4.16261 19
-145.413 -83.4794 -11.5975 0.85264 0.522499 0 1 4.16261 19
-145.413 -83.4794 -8.3975 0.85264 0.522499 2.36848e-16 1 4.16261 19
-145.413 -83.4794 -5.1975 0.85264 0.522499 0 1 4.16261 19
-145.413 -83.4794 -1.9975 0.85264 0.522499 0 1 4.16261 19
-147.085 -80.7509 -24.3975 0.85264 0.522499 0 1 4.16261 19
-147.085 -80.7509 -21.1975 0.85264 0.522499 0 1 4.16261 19
-147.085 -80.7509 -17.9975 0.85264 0.522499 0 1 4.16261 19
-147.085 -80.7509 -14.7975 0.85264 0.522499 0 1 4.16261 19
-147.085 -80.7509 -11.5975 0.85264 0.522499 0 1 4.16261 19
-147.085 -80.7509 -8.3975 0.85264 0.522499 2.36848e-16 1 4.16261 19
-147.085 -80.7509 -5.1975 0.85264 0.522499 0 1 4.16261 19
-147.085 -80.7509 -1.9975 0.85264 0.522499 0 1 4.16261 19
-148.757 -78.0225 -24.3975 0.85264 0.522499 0 1 4.16261 19
-148.757 -78.0225 -21.1975 0.85264 0.522499 0 1 4.16261 19
-148.757 -78.0225 -17.9975 0.85264 0.522499 0 1 4.16261 19
-148.757 -78.0225 -14.7975 0.85264 0.522499 0 1 4.16261 19
-148.757 -78.0225 -11.5975 0.85264 0.522499 0 1 4.16261 19
-148.757 -78.0225 -8.3975 0.85264 0.522499 2.36848e-16 1 4.16261 19
-148.757 -78.0225 -5.1975 0.85264 0.522499 0 1 4.16261 19
-148.757 -78.0225 -1.9975 0.85264 0.522499 0 1 4.16261 19
137.053 97.1216 1.9975 -0.85264 -0.522499 0 0 1.02102 20
137.053 97.1216 5.1975 -0.85264 -0.522499 1.18424e-16 0 1.02102 20
137.053 97.1216 8.3975 -0.85264 -0.522499 2.36848e-16 0 1.02102 20
137.053 97.1216 11.5975 -0.85264 -0.522499 0 0 1.02102 20
137.053 97.1216 14.7975 -0.85264 -0.522499 0 0 1.02102 20
137.053 97.1216 17.9975 -0.85264 -0.522499 4.73695e-16 0 1.02102 20
137.053 97.1216 21.1975 -0.85264 -0.522499 0 0 1.02102 20
137.053 97.1216 24.3975 -0.85264 -0.522499 0 0 1.02102 20
138.725 94.3932 1.9975 -0.85264 -0.522499 0 0 1.02102 20
138.725 94.3932 5.1975 -0.85264 -0.522499 1.18424e-16 0 1.02102 20
138.725 94.3932 8.3975 -0.85264 -0.522499 2.36848e-16 0 1.02102 20
138.725 94.3932 11.5975 -0.85264 -0.522499 0 0 1.02102 20
138.725 94.3932 14.7975 -0.85264 -0.522499 0 0 1.02102 20
138.725 94.3932 17.9975 -0.85264 -0.522499 4.73695e-16 0 1.02102 20
138.725 94.3932 21.1975 -0.85264 -0.522499 0 0 1.02102 20
138.725 94.3932 24.3975 -0.85264 -0.522499 0 0 1.02102 20
140.397 91.6647 1.9975 -0.85264 -0.522499 0 0 1.02102 20
140.397 91.6647 5.1975 -0.85264 -0.522499 1.18424e-16 0 1.02102 20
140.397 91.6647 8.3975 -0.85264 -0.522499 2.36848e-16 0 1.02102 20
140.397 91.6647 11.5975 -0.85264 -0.522499 0 0 1.02102 20
140.397 91.6647 14.7975 -0.85264 -0.522499 0 0 1.02102 20
140.397 91.6647 17.9975 -0.85264 -0.522499 4.73695e-16 0 1.02102 20
140.397 91.6647 21.1975 -0.85264 -0.522499 0 0 1.02102 20
140.397 91.6647 24.3975 -0.85264 -0.522499 0 0 1.02102 20
142.069 88.9363 1.9975 -0.85264 -0.522499 0 0 1.02102 20
142.069 88.9363 5.1975 -0.85264 -0.522499 1.18424e-16 0 1.02102 20
142.069 88.9363 8.3975 -0.85264 -0.522499 2.36848e-16 0 1.02102 20
142.069 88.9363 11.5975 -0.85264 -0.522499 0 0 1.02102 20
142.069 88.9363 14.7975 -0.85264 -0.522499 0 0 1.02102 20
142.069 88.9363 17.9975 -0.85264 -0.522499 4.73695e-16 0 1.02102 20
142.069 88.9363 21.1975 -0.85264 -0.522499 0 0 1.02102 20
142.069 88.9363 24.3975 -0.85264 -0.522499 0 0 1.02102 20
143.741 86.2078 1.9975 -0.85264 -0.522499 0 0 1.02102 20
143.741 86.2078 5.1975 -0.85264 -0.522499 1.18424e-16 0 1.02102 20
143.741 86.2078 8.3975 -0.85264 -0.522499 2.36848e-16 0 1.02102 20
143.741 86.2078 11.5975 -0.85264 -0.522499 0 0 1.02102 20
143.741 86.2078 14.7975 -0.85264 -0.522499 0 0 1.02102 20
143.741 86.2078 17.9975 -0.85264 -0.522499 4.73695e-16 0 1.02102 20
143.741 86.2078 21.1975 -0.85264 -0.522499 0 0 1.02102 20
143.741 86.2078 24.3975 -0.85264 -0.522499 0 0 1.02102 20
145.413 83.4794 1.9975 -0.85264 -0.522499 0 0 1.02102 20
145.413 83.4794 5.1975 -0.85264 -0.522499 1.18424e-16 0 1.02102 20
145.413 83.4794 8.3975 -0.85264 -0.522499 2.36848e-16 0 1.02102 20
145.413 83.4794 11.5975 -0.85264 -0.522499 0 0 1.02102 20
145.413 83.4794 14.7975 -0.85264 -0.522499 0 0 1.02102 20
145.413 83.4794 17.9975 -0.85264 -0.522499 4.73695e-16 0 1.02102 20
145.413 83.4794 21.1975 -0.85264 -0.522499 0 0 1.02102 20
145.413 83.4794 24.3975 -0.85264 -0.522499 0 0 1.02102 20
147.085 80.7509 1.9975 -0.85264 -0.522499 0 0 1.02102 20
147.085 80.7509 5.1975 -0.85264 -0.522499 1.18424e-16 0 1.02102 20
147.085 80.7509 8.3975 -0.85264 -0.522499 2.36848e-16 0 1.02102 20
147.085 80.7509 11.5975 -0.85264 -0.522499 0 0 1.02102 20
147.085 80.7509 14.7975 -0.85264 -0.522499 0 0 1.02102 20
147.085 80.7509 17.9975 -0.85264 -0.522499 4.73695e-16 0 1.02102 20
147.085 80.7509 21.1975 -0.85264 -0.522499 0 0 1.02102 20
147.085 80.7509 24.3975 -0.85264 -0.522499 0 0 1.02102 20
148.757 78.0225 1.9975 -0.85264 -0.522499 0 0 1.02102 20
148.757 78.0225 5.1975 -0.85264 -0.522499 1.18424e-16 0 1.02102 20
148.757 78.0225 8.3975 -0.85264 -0.522499 2.36848e-16 0 1.02102 20
148.757 78.0225 11.5975 -0.85264 -0.522499 0 0 1.02102 20
148.757 78.0225 14.7975 -0.85264 -0.522499 0 0 1.02102 20
148.757 78.0225 17.9975 -0.85264 -0.522499 4.73695e-16 0 1.02102 20
148.757 78.0225 21.1975 -0.85264 -0.522499 0 0 1.02102 20
148.757 78.0225 24.3975 -0.85264 -0.522499 0 0 1.02102 20
-137.053 -97.1216 1.9975 0.85264 0.522499 0 1 4.16261 21
-137.053 -97.1216 5.1975 0.85264 0.522499 1.18424e-16 1 4.16261 21
-137.053 -97.1216 8.3975 0.85264 0.522499 2.36848e-16 1 4.16261 21
-137.053 -97.1216 11.5975 0.85264 0.522499 0 1 4.16261 21
-137.053 -97.1216 14.7975 0.85264 0.522499 0 1 4.16261 21
-137.053 -97.1216 17.9975 0.85264 0.522499 4.73695e-16 1 4.16261 21
-137.053 -97.1216 21.1975 0.85264 0.522499 0 1 4.16261 21
-137.053 -97.1216 24.3975 0.85264 0.522499 0 1 4.16261 21
-138.725 -94.3932 1.9975 0.85264 0.522499 0 1 4.16261 21
-138.725 -94.3932 5.1975 0.85264 0.522499 1.18424e-16 1 4.16261 21
-138.725 -94.3932 8.3975 0.85264 0.522499 2.36848e-16 1 4.16261 21
-138.725 -94.3932 11.5975 0.85264 0.522499 0 1 4.16261 21
-138.725 -94.3932 14.7975 0.85264 0.522499 0 1 4.16261 21
-138.725 -94.3932 17.9975 0.85264 0.522499 4.73695e-16 1 4.16261 21
-138.725 -94.3932 21.1975 0.85264 0.522499 0 1 4.16261 21
-138.725 -94.3932 24.3975 0.85264 0.522499 0 1 4.16261 21
-140.397 -91.6647 1.9975 0.85264 0.522499 0 1 4.16261 21
-140.397 -91.6647 5.1975 0.85264 0.522499 1.18424e-16 1 4.16261 21
-140.397 -91.6647 8.3975 0.85264 0.522499 2.36848e-16 1 4.16261 21
-140.397 -91.6647 11.5975 0.85264 0.522499 0 1 4.16261 21
-140.397 -91.6647 14.7975 0.85264 0.522499 0 1 4.16261 21
-140.397 -91.6647 17.9975 0.85264 0.522499 4.73695e-16 1 4.16261 21
-140.397 -91.6647 21.1975 0.85264 0.522499 0 1 4.16261 21
-140.397 -91.6647 24.3975 0.85264 0.522499 0 1 4.16261 21
-142.069 -88.9363 1.9975 0.85264 0.522499 0 1 4.16261 21
-142.069 -88.9363 5.1975 0.85264 0.522499 1.18424e-16 1 4.16261 21
-142.069 -88.9363 8.3975 0.85264 0.522499 2.36848e-16 1 4.16261 21
-142.069 -88.9363 11.5975 0.85264 0.522499 0 1 4.16261 21
-142.069 -88.9363 14.7975 0.85264 0.522499 0 1 4.16261 21
-142.069 -88.9363 17.9975 0.85264 0.522499 4.73695e-16 1 4.16261 21
-142.069 -88.9363 21.1975 0.85264 0.522499 0 1 4.16261 21
-142.069 -88.9363 24.3975 0.85264 0.522499 0 1 4.16261 21
-143.741 -86.2078 1.9975 0.85264 0.522499 0 1 4.16261 21
-143.741 -86.2078 5.1975 0.85264 0.522499 1.18424e-16 1 4.16261 21
-143.741 -86.2078 8.3975 0.85264 0.522499 2.36848e-16 1 4.16261 21
-143.741 -86.2078 11.5975 0.85264 0.522499 0 1 4.16261 21
-143.741 -86.2078 14.7975 0.85264 0.522499 0 1 4.16261 21
-143.741 -86.2078 17.9975 0.85264 0.522499 4.73695e-16 1 4.16261 21
-143.741 -86.2078 21.1975 0.85264 0.522499 0 1 4.16261 21
-143.741 -86.2078 24.3975 0.85264 0.522499 0 1 4.16261 21
-145.413 -83.4794 1.9975 0.85264 0.522499 0 1 4.16261 21
-145.413 -83.4794 5.1975 0.85264 0.522499 1.18424e-16 1 4.16261 21
-145.413 -83.4794 8.3975 0.85264 0.522499 2.36848e-16 1 4.16261 21
-145.413 -83.4794 11.5975 0.85264 0.522499 0 1 4.16261 21
-145.413 -83.4794 14.7975 0.85264 0.522499 0 1 4.16261 21
-145.413 -83.4794 17.9975 0.85264 0.522499 4.73695e-16 1 4.16261 21
-145.413 -83.4794 21.1975 0.85264 0.522499 0 1 4.16261 21
-145.413 -83.4794 24.3975 0.85264 0.522499 0 1 4.16261 21
-147.085 -80.7509 1.9975 0.85264 0.522499 0 1 4.16261 21
-147.085 -80.7509 5.1975 0.85264 0.522499 1.18424e-16 1 4.16261 21
-147.085 -80.7509 8.3975 0.85264 0.522499 2.36848e-16 1 4.16261 21
-147.085 -80.7509 11.5975 0.85264 0.522499 0 1 4.16261 21
-147.085 -80.7509 14.7975 0.85264 0.522499 0 1 4.16261 21
-147.085 -80.7509 17.9975 0.85264 0.522499 4.73695e-16 1 4.16261 21
-147.085 -80.7509 21.1975 0.85264 0.522499 0 1 4.16261 21
-147.085 -80.7509 24.3975 0.85264 0.522499 0 1 4.16261 21
-148.757 -78.0225 1.9975 0.85264 0.522499 0 1 4.16261 21
-148.757 -78.0225 5.1975 0.85264 0.522499 1.18424e-16 1 4.16261 21
-148.757 -78.0225 8.3975 0.85264 0.522499 2.36848e-16 1 4.16261 21
-148.757 -78.0225 11.5975 0.85264 0.522499 0 1 4.16261 21
-148.757 -78.0225 14.7975 0.85264 0.522499 0 1 4.16261 21
-148.757 -78.0225 17.9975 0.85264 0.522499 4.73695e-16 1 4.16261 21
-148.757 -78.0225 21.1975 0.85264 0.522499 0 1 4.16261 21
-148.757 -78.0225 24.3975 0.85264 0.522499 0 1 4.16261 21
137.053 97.1216 28.3925 -0.85264 -0.522499 0 0 1.02102 22
137.053 97.1216 31.5925 -0.85264 -0.522499 0 0 1.02102 22
137.053 97.1216 34.7925 -0.85264 -0.522499 0 0 1.02102 22
137.053 97.1216 37.9925 -0.85264 -0.522499 0 0 1.02102 22
137.053 97.1216 41.1925 -0.85264 -0.522499 0 0 1.02102 22
137.053 97.1216 44.3925 -0.85264 -0.522499 0 0 1.02102 22
137.053 97.1216 47.5925 -0.85264 -0.522499 0 0 1.02102 22
137.053 97.1216 50.7925 -0.85264 -0.522499 0 0 1.02102 22
138.725 94.3932 28.3925 -0.85264 -0.522499 0 0 1.02102 22
138.725 94.3932 31.5925 -0.85264 -0.522499 0 0 1.02102 22
138.725 94.3932 34.7925 -0.85264 -0.522499 0 0 1.02102 22
138.725 94.3932 37.9925 -0.85264 -0.522499 0 0 1.02102 22
138.725 94.3932 41.1925 -0.85264 -0.522499 0 0 1.02102 22
138.725 94.3932 44.3925 -0.85264 -0.522499 0 0 1.02102 22
138.725 94.3932 47.5925 -0.85264 -0.522499 0 0 1.02102 22
138.725 94.3932 50.7925 -0.85264 -0.522499 0 0 1.02102 22
140.397 91.6647 28.3925 -0.85264 -0.522499 0 0 1.02102 22
140.397 91.6647 31.5925 -0.85264 -0.522499 0 0 1.02102 22
140.397 91.6647 34.7925 -0.85264 -0.522499 0 0 1.02102 22
140.397 91.6647 37.9925 -0.85264 -0.522499 0 0 1.02102 22
140.397 91.6647 41.1925 -0.85264 -0.522499 0 0 1.02102 22
140.397 91.6647 44.3925 -0.85264 -0.522499 0 0 1.02102 22
140.397 91.6647 47.5925 -0.85264 -0.522499 0 0 1.02102 22
140.397 91.6647 50.7925 -0.85264 -0.522499 0 0 1.02102 22
142.069 88.9363 28.3925 -0.85264 -0.522499 0 0 1.02102 22
142.069 88.9363 31.5925 -0.85264 -0.522499 0 0 1.02102 22
142.069 88.9363 34.7925 -0.85264 -0.522499 0 0 1.02102 22
142.069 88.9363 37.9925 -0.85264 -0.522499 0 0 1.02102 22
142.069 88.9363 41.1925 -0.85264 -0.522499 0 0 1.02102 22
142.069 88.9363 44.3925 -0.85264 -0.522499 0 0 1.02102 22
142.069 88.9363 47.5925 -0.85264 -0.522499 0 0 1.02102 22
142.069 88.9363 50.7925 -0.85264 -0.522499 0 0 1.02102 22
143.741 86.2078 28.3925 -0.85264 -0.522499 0 0 1.02102 22
143.741 86.2078 31.5925 -0.85264 -0.522499 0 0 1.02102 22
143.741 86.2078 34.7925 -0.85264 -0.522499 0 0 1.02102 22
143.741 86.2078 37.9925 -0.85264 -0.522499 0 0 1.02102 22
143.741 86.2078 41.1925 -0.85264 -0.522499 0 0 1.02102 22
143.741 86.2078 44.3925 -0.85264 -0.522499 0 0 1.02102 22
143.741 86.2078 47.5925 -0.85264 -0.522499 0 0 1.02102 22
143.741 86.2078 50.7925 -0.85264 -0.522499 0 0 1.02102 22
145.413 83.4794 28.3925 -0.85264 -0.522499 0 0 1.02102 22
145.413 83.4794 31.5925 -0.85264 -0.522499 0 0 1.02102 22
145.413 83.4794 34.7925 -0.85264 -0.522499 0 0 1.02102 22
145.413 83.4794 37.9925 -0.85264 -0.522499 0 0 1.02102 22
145.413 83.4794 41.1925 -0.85264 -0.522499 0 0 1.02102 22
145.413 83.4794 44.3925 -0.85264 -0.522499 0 0 1.02102 22
145.413 83.4794 47.5925 -0.85264 -0.522499 0 0 1.02102 22
145.413 83.4794 50.7925 -0.85264 -0.522499 0 0 1.02102 22
147.085 80.7509 28.3925 -0.85264 -0.522499 0 0 1.02102 22
147.085 80.7509 31.5925 -0.85264 -0.522499 0 0 1.02102 22
147.085 80.7509 34.7925 -0.85264 -0.522499 0 0 1.02102 22
147.085 80.7509 37.9925 -0.85264 -0.522499 0 0 1.02102 22
147.085 80.7509 41.1925 -0.85264 -0.522499 0 0 1.02102 22
147.085 80.7509 44.3925 -0.85264 -0.522499 0 0 1.02102 22
147.085 80.7509 47.5925 -0.85264 -0.522499 0 0 1.02102 22
147.085 80.7509 50.7925 -0.85264 -0.522499 0 0 1.02102 22
148.757 78.0225 28.3925 -0.85264 -0.522499 0 0 1.02102 22
148.757 78.0225 31.5925 -0.85264 -0.522499 0 0 1.02102 22
148.757 78.0225 34.7925 -0.85264 -0.522499 0 0 1.02102 22
148.757 78.0225 37.9925 -0.85264 -0.522499 0 0 1.02102 22
148.757 78.0225 41.1925 -0.85264 -0.522499 0 0 1.02102 22
148.757 78.0225 44.3925 -0.85264 -0.522499 0 0 1.02102 22
148.757 78.0225 47.5925 -0.85264 -0.522499 0 0 1.02102 22
148.757 78.0225 50.7925 -0.85264 -0.522499 0 0 1.02102 22
-137.053 -97.1216 28.3925 0.85264 0.522499 0 1 4.16261 23
-137.053 -97.1216 31.5925 0.85264 0.522499 0 1 4.16261 23
-137.053 -97.1216 34.7925 0.85264 0.522499 0 1 4.16261 23
-137.053 -97.1216 37.9925 0.85264 0.522499 0 1 4.16261 23
-137.053 -97.1216 41.1925 0.85264 0.522499 0 1 4.16261 23
-137.053 -97.1216 44.3925 0.85264 0.522499 0 1 4.16261 23
-137.053 -97.1216 47.5925 0.85264 0.522499 0 1 4.16261 23
-137.053 -97.1216 50.7925 0.85264 0.522499 0 1 4.16261 23
-138.725 -94.3932 28.3925 0.85264 0.522499 0 1 4.16261 23
-138.725 -94.3932 31.5925 0.85264 0.522499 0 1 4.16261 23
-138.725 -94.3932 34.7925 0.85264 0.522499 0 1 4.16261 23
-138.725 -94.3932 37.9925 0.85264 0.522499 0 1 4.16261 23
-138.725 -94.3932 41.1925 0.85264 0.522499 0 1 4.16261 23
-138.725 -94.3932 44.3925 0.85264 0.522499 0 1 4.16261 23
-138.725 -94.3932 47.5925 0.85264 0.522499 0 1 4.16261 23
-138.725 -94.3932 50.7925 0.85264 0.522499 0 1 4.16261 23
-140.397 -91.6647 28.3925 0.85264 0.522499 0 1 4.16261 23
-140.397 -91.6647 31.5925 0.85264 0.522499 0 1 4.16261 23
-140.397 -91.6647 34.7925 0.85264 0.522499 0 1 4.16261 23
-140.397 -91.6647 37.9925 0.85264 0.522499 0 1 4.16261 23
-140.397 -91.6647 41.1925 0.85264 0.522499 0 1 4.16261 23
-140.397 -91.6647 44.3925 0.85264 0.522499 0 1 4.16261 23
-140.397 -91.6647 47.5925 0.85264 0.522499 0 1 4.16261 23
-140.397 -91.6647 50.7925 0.85264 0.522499 0 1 4.16261 23
-142.069 -88.9363 28.3925 0.85264 0.522499 0 1 4.16261 23
-142.069 -88.9363 31.5925 0.85264 0.522499 0 1 4.16261 23
-142.069 -88.9363 34.7925 0.85264 0.522499 0 1 4.16261 23
-142.069 -88.9363 37.9925 0.85264 0.522499 0 1 4.16261 23
-142.069 -88.9363 41.1925 0.85264 0.522499 0 1 4.16261 23
-142.069 -88.9363 44.3925 0.85264 0.522499 0 1 4.16261 23
-142.069 -88.9363 47.5925 0.85264 0.522499 0 1 4.16261 23
-142.069 -88.9363 50.7925 0.85264 0.522499 0 1 4.16261 23
-143.741 -86.2078 28.3925 0.85264 0.522499 0 1 4.16261 23
-143.741 -86.2078 31.5925 0.85264 0.522499 0 1 4.16261 23
-143.741 -86.2078 34.7925 0.85264 0.522499 0 1 4.16261 23
-143.741 -86.2078 37.9925 0.85264 0.522499 0 1 4.16261 23
-143.741 -86.2078 41.1925 0.85264 0.522499 0 1 4.16261 23
-143.741 -86.2078 44.3925 0.85264 0.522499 0 1 4.16261 23
-143.741 -86.2078 47.5925 0.85264 0.522499 0 1 4.16261 23
-143.741 -86.2078 50.7925 0.85264 0.522499 0 1 4.16261 23
-145.413 -83.4794 28.3925 0.85264 0.522499 0 1 4.16261 23
-145.413 -83.4794 31.5925 0.85264 0.522499 0 1 4.16261 23
-145.413 -83.4794 34.7925 0.85264 0.522499 0 1 4.16261 23
-145.413 -83.4794 37.9925 0.85264 0.522499 0 1 4.16261 23
-145.413 -83.4794 41.1925 0.85264 0.522499 0 1 4.16261 23
-145.413 -83.4794 44.3925 0.85264 0.522499 0 1 4.16261 23
-145.413 -83.4794 47.5925 0.85264 0.522499 0 1 4.16261 23
-145.413 -83.4794 50.7925 0.85264 0.522499 0 1 4.16261 23
-147.085 -80.7509 28.3925 0.85264 0.522499 0 1 4.16261 23
-147.085 -80.7509 31.5925 0.85264 0.522499 0 1 4.16261 23
-147.085 -80.7509 34.7925 0.85264 0.522499 0 1 4.16261 23
-147.085 -80.7509 37.9925 0.85264 0.522499 0 1 4.16261 23
-147.085 -80.7509 41.1925 0.85264 0.522499 0 1 4.16261 23
-147.085 -80.7509 44.3925 0.85264 0.522499 0 1 4.16261 23
-147.085 -80.7509 47.5925 0.85264 0.522499 0 1 4.16261 23
-147.085 -80.7509 50.7925 0.85264 0.522499 0 1 4.16261 23
-148.757 -78.0225 28.3925 0.85264 0.522499 0 1 4.16261 23
-148.757 -78.0225 31.5925 0.85264 0.522499 0 1 4.16261 23
-148.757 -78.0225 34.7925 0.85264 0.522499 0 1 4.16261 23
-148.757 -78.0225 37.9925 0.85264 0.522499 0 1 4.16261 23
-148.757 -78.0225 41.1925 0.85264 0.522499 0 1 4.16261 23
-148.757 -78.0225 44.3925 0.85264 0.522499 0 1 4.16261 23
-148.757 -78.0225 47.5925 0.85264 0.522499 0 1 4.16261 23
-148.757 -78.0225 50.7925 0.85264 0.522499 0 1 4.16261 23
150.558 74.4862 -50.7925 -0.92388 -0.382683 0 0 1.1781 24
150.558 74.4862 -47.5925 -0.92388 -0.382683 0 0 1.1781 24
150.558 74.4862 -44.3925 -0.92388 -0.382683 0 0 1.1781 24
150.558 74.4862 -41.1925 -0.92388 -0.382683 0 0 1.1781 24
150.558 74.4862 -37.9925 -0.92388 -0.382683 0 0 1.1781 24
150.558 74.4862 -34.7925 -0.92388 -0.382683 0 0 1.1781 24
150.558 74.4862 -31.5925 -0.92388 -0.382683 0 0 1.1781 24
150.558 74.4862 -28.3925 -0.92388 -0.382683 0 0 1.1781 24
151.783 71.5297 -50.7925 -0.92388 -0.382683 0 0 1.1781 24
151.783 71.5297 -47.5925 -0.92388 -0.382683 0 0 1.1781 24
151.783 71.5297 -44.3925 -0.92388 -0.382683 0 0 1.1781 24
151.783 71.5297 -41.1925 -0.92388 -0.382683 0 0 1.1781 24
151.783 71.5297 -37.9925 -0.92388 -0.382683 0 0 1.1781 24
151.783 71.5297 -34.7925 -0.92388 -0.382683 0 0 1.1781 24
151.783 71.5297 -31.5925 -0.92388 -0.382683 0 0 1.1781 24
151.783 71.5297 -28.3925 -0.92388 -0.382683 0 0 1.1781 24
153.008 68.5733 -50.7925 -0.92388 -0.382683 0 0 1.1781 24
153.008 68.5733 -47.5925 -0.92388 -0.382683 0 0 1.1781 24
153.008 68.5733 -44.3925 -0.92388 -0.382683 0 0 1.1781 24
153.008 68.5733 -41.1925 -0.92388 -0.382683 0 0 1.1781 24
153.008 68.5733 -37.9925 -0.92388 -0.382683 0 0 1.1781 24
153.008 68.5733 -34.7925 -0.92388 -0.382683 0 0 1.1781 24
153.008 68.5733 -31.5925 -0.92388 -0.382683 0 0 1.1781 24
153.008 68.5733 -28.3925 -0.92388 -0.382683 0 0 1.1781 24
154.232 65.6169 -50.7925 -0.92388 -0.382683 0 0 1.1781 24
154.232 65.6169 -47.5925 -0.92388 -0.382683 0 0 1.1781 24
154.232 65.6169 -44.3925 -0.92388 -0.382683 0 0 1.1781 24
154.232 65.6169 -41.1925 -0.92388 -0.382683 0 0 1.1781 24
154.232 65.6169 -37.9925 -0.92388 -0.382683 0 0 1.1781 24
154.232 65.6169 -34.7925 -0.92388 -0.382683 0 0 1.1781 24
154.232 65.6169 -31.5925 -0.92388 -0.382683 0 0 1.1781 24
154.232 65.6169 -28.3925 -0.92388 -0.382683 0 0 1.1781 24
155.457 62.6605 -50.7925 -0.92388 -0.382683 0 0 1.1781 24
155.457 62.6605 -47.5925 -0.92388 -0.382683 0 0 1.1781 24
155.457 62.6605 -44.3925 -0.92388 -0.382683 0 0 1.1781 24
155.457 62.6605 -41.1925 -0.92388 -0.382683 0 0 1.1781 24
155.457 62.6605 -37.9925 -0.92388 -0.382683 0 0 1.1781 24
155.457 62.6605 -34.7925 -0.92388 -0.382683 0 0 1.1781 24
155.457 62.6605 -31.5925 -0.92388 -0.382683 0 0 1.1781 24
155.457 62.6605 -28.3925 -0.92388 -0.382683 0 0 1.1781 24
156.681 59.7041 -50.7925 -0.92388 -0.382683 0 0 1.1781 24
156.681 59.7041 -47.5925 -0.92388 -0.382683 0 0 1.1781 24
156.681 59.7041 -44.3925 -0.92388 -0.382683 0 0 1.1781 24
156.681 59.7041 -41.1925 -0.92388 -0.382683 0 0 1.1781 24
156.681 59.7041 -37.9925 -0.92388 -0.382683 0 0 1.1781 24
156.681 59.7041 -34.7925 -0.92388 -0.382683 0 0 1.1781 24
156.681 59.7041 -31.5925 -0.92388 -0.382683 0 0 1.1781 24
156.681 59.7041 -28.3925 -0.92388 -0.382683 0 0 1.1781 24
157.906 56.7477 -50.7925 -0.92388 -0.382683 0 0 1.1781 24
157.906 56.7477 -47.5925 -0.92388 -0.382683 0 0 1.1781 24
157.906 56.7477 -44.3925 -0.92388 -0.382683 0 0 1.1781 24
157.906 56.7477 -41.1925 -0.92388 -0.382683 0 0 1.1781 24
157.906 56.7477 -37.9925 -0.92388 -0.382683 0 0 1.1781 24
157.906 56.7477 -34.7925 -0.92388 -0.382683 0 0 1.1781 24
157.906 56.7477 -31.5925 -0.92388 -0.382683 0 0 1.1781 24
157.906 56.7477 -28.3925 -0.92388 -0.382683 0 0 1.1781 24
159.131 53.7912 -50.7925 -0.92388 -0.382683 0 0 1.1781 24
159.131 53.7912 -47.5925 -0.92388 -0.382683 0 0 1.1781 24
159.131 53.7912 -44.3925 -0.92388 -0.382683 0 0 1.1781 24
159.131 53.7912 -41.1925 -0.92388 -0.382683 0 0 1.1781 24
159.131 53.7912 -37.9925 -0.92388 -0.382683 0 0 1.1781 24
159.131 53.7912 -34.7925 -0.92388 -0.382683 0 0 1.1781 24
159.131 53.7912 -31.5925 -0.92388 -0.382683 0 0 1.1781 24
159.131 53.7912 -28.3925 -0.92388 -0.382683 0 0 1.1781 24
-150.558 -74.4862 -50.7925 0.92388 0.382683 0 1 4.31969 25
-150.558 -74.4862 -47.5925 0.92388 0.382683 0 1 4.31969 25
-150.558 -74.4862 -44.3925 0.92388 0.382683 0 1 4.31969 25
-150.558 -74.4862 -41.1925 0.92388 0.382683 0 1 4.31969 25
-150.558 -74.4862 -37.9925 0.92388 0.382683 0 1 4.31969 25
-150.558 -74.4862 -34.7925 0.92388 0.382683 0 1 4.31969 25
-150.558 -74.4862 -31.5925 0.92388 0.382683 0 1 4.31969 25
-150.558 -74.4862 -28.3925 0.92388 0.382683 0 1 4.31969 25
-151.783 -71.5297 -50.7925 0.92388 0.382683 0 1 4.31969 25
-151.783 -71.5297 -47.5925 0.92388 0.382683 0 1 4.31969 25
-151.783 -71.5297 -44.3925 0.92388 0.382683 0 1 4.31969 25
-151.783 -71.5297 -41.1925 0.92388 0.382683 0 1 4.31969 25
-151.783 -71.5297 -37.9925 0.92388 0.382683 0 1 4.31969 25
-151.783 -71.5297 -34.7925 0.92388 0.382683 0 1 4.31969 25
-151.783 -71.5297 -31.5925 0.92388 0.382683 0 1 4.31969 25
-151.783 -71.5297 -28.3925 0.92388 0.382683 0 1 4.31969 25
-153.008 -68.5733 -50.7925 0.92388 0.382683 0 1 4.31969 25
-153.008 -68.5733 -47.5925 0.92388 0.382683 0 1 4.31969 25
-153.008 -68.5733 -44.3925 0.92388 0.382683 0 1 4.31969 25
-153.008 -68.5733 -41.1925 0.92388 0.382683 0 1 4.31969 25
-153.008 -68.5733 -37.9925 0.92388 0.382683 0 1 4.31969 25
-153.008 -68.5733 -34.7925 0.92388 0.382683 0 1 4.31969 25
-153.008 -68.5733 -31.5925 0.92388 0.382683 0 1 4.31969 25
-153.008 -68.5733 -28.3925 0.92388 0.382683 0 1 4.31969 25
-154.232 -65.6169 -50.7925 0.92388 0.382683 0 1 4.31969 25
-154.232 -65.6169 -47.5925 0.92388 0.382683 0 1 4.31969 25
-154.232 -65.6169 -44.3925 0.92388 0.382683 0 1 4.31969 25
-154.232 -65.6169 -41.1925 0.92388 0.382683 0 1 4.31969 25
-154.232 -65.6169 -37.9925 0.92388 0.382683 0 1 4.31969 25
-154.232 -65.6169 -34.7925 0.92388 0.382683 0 1 4.31969 25
-154.232 -65.6169 -31.5925 0.92388 0.382683 0 1 4.31969 25
-154.232 -65.6169 -28.3925 0.92388 0.382683 0 1 4.31969 25
-155.457 -62.6605 -50.7925 0.92388 0.382683 0 1 4.31969 25
-155.457 -62.6605 -47.5925 0.92388 0.382683 0 1 4.31969 25
-155.457 -62.6605 -44.3925 0.92388 0.382683 0 1 4.31969 25
-155.457 -62.6605 -41.1925 0.92388 0.382683 0 1 4.31969 25
-155.457 -62.6605 -37.9925 0.92388 0.382683 0 1 4.31969 25
-155.457 -62.6605 -34.7925 0.92388 0.382683 0 1 4.31969 25
-155.457 -62.6605 -31.5925 0.92388 0.382683 0 1 4.31969 25
-155.457 -62.6605 -28.3925 0.92388 0.382683 0 1 4.31969 25
-156.681 -59.7041 -50.7925 0.92388 0.382683 0 1 4.31969 25
-156.681 -59.7041 -47.5925 0.92388 0.382683 0 1 4.31969 25
-156.681 -59.7041 -44.3925 0.92388 0.382683 0 1 4.31969 25
-156.681 -59.7041 -41.1925 0.92388 0.382683 0 1 4.31969 25
-156.681 -59.7041 -37.9925 0.92388 0.382683 0 1 4.31969 25
-156.681 -59.7041 -34.7925 0.92388 0.382683 0 1 4.31969 25
-156.681 -59.7041 -31.5925 0.92388 0.382683 0 1 4.31969 25
-156.681 -59.7041 -28.3925 0.92388 0.382683 0 1 4.31969 25
-157.906 -56.7477 -50.7925 0.92388 0.382683 0 1 4.31969 25
-157.906 -56.7477 -47.5925 0.92388 0.382683 0 1 4.31969 25
-157.906 -56.7477 -44.3925 0.92388 0.382683 0 1 4.31969 25
-157.906 -56.7477 -41.1925 0.92388 0.382683 0 1 4.31969 25
-157.906 -56.7477 -37.9925 0.92388 0.382683 0 1 4.31969 25
-157.906 -56.7477 -34.7925 0.92388 0.382683 0 1 4.31969 25
-157.906 -56.7477 -31.5925 0.92388 0.382683 0 1 4.31969 25
-157.906 -56.7477 -28.3925 0.92388 0.382683 0 1 4.31969 25
-159.131 -53.7912 -50.7925 0.92388 0.382683 0 1 4.31969 25
-159.131 -53.7912 -47.5925 0.92388 0.382683 0 1 4.31969 25
-159.131 -53.7912 -44.3925 0.92388 0.382683 0 1 4.31969 25
-159.131 -53.7912 -41.1925 0.92388 0.382683 0 1 4.31969 25
-159.131 -53.7912 -37.9925 0.92388 0.382683 0 1 4.31969 25
-159.131 -53.7912 -34.7925 0.92388 0.382683 0 1 4.31969 25
-159.131 -53.7912 -31.5925 0.92388 0.382683 0 1 4.31969 25
-159.131 -53.7912 -28.3925 0.92388 0.382683 0 1 4.31969 25
150.558 74.4862 -24.3975 -0.92388 -0.382683 0 0 1.1781 26
150.558 74.4862 -21.1975 -0.92388 -0.382683 0 0 1.1781 26
150.558 74.4862 -17.9975 -0.92388 -0.382683 0 0 1.1781 26
150.558 74.4862 -14.7975 -0.92388 -0.382683 0 0 1.1781 26
150.558 74.4862 -11.5975 -0.92388 -0.382683 0 0 1.1781 26
150.558 74.4862 -8.3975 -0.92388 -0.382683 2.36848e-16 0 1.1781 26
150.558 74.4862 -5.1975 -0.92388 -0.382683 0 0 1.1781 26
150.558 74.4862 -1.9975 -0.92388 -0.382683 0 0 1.1781 26
151.783 71.5297 -24.3975 -0.92388 -0.382683 0 0 1.1781 26
151.783 71.5297 -21.1975 -0.92388 -0.382683 0 0 1.1781 26
151.783 71.5297 -17.9975 -0.92388 -0.382683 0 0 1.1781 26
151.783 71.5297 -14.7975 -0.92388 -0.382683 0 0 1.1781 26
151.783 71.5297 -11.5975 -0.92388 -0.382683 0 0 1.1781 26
151.783 71.5297 -8.3975 -0.92388 -0.382683 2.36848e-16 0 1.1781 26
151.783 71.5297 -5.1975 -0.92388 -0.382683 0 0 1.1781 26
151.783 71.5297 -1.9975 -0.92388 -0.382683 0 0 1.1781 26
153.008 68.5733 -24.3975 -0.92388 -0.382683 0 0 1.1781 26
153.008 68.5733 -21.1975 -0.92388 -0.382683 0 0 1.1781 26
153.008 68.5733 -17.9975 -0.92388 -0.382683 0 0 1.1781 26
153.008 68.5733 -14.7975 -0.92388 -0.382683 0 0 1.1781 26
153.008 68.5733 -11.5975 -0.92388 -0.382683 0 0 1.1781 26
153.008 68.5733 -8.3975 -0.92388 -0.382683 2.36848e-16 0 1.1781 26
153.008 68.5733 -5.1975 -0.92388 -0.382683 0 0 1.1781 26
153.008 68.5733 -1.9975 -0.92388 -0.382683 0 0 1.1781 26
154.232 65.6169 -24.3975 -0.92388 -0.382683 0 0 1.1781 26
154.232 65.6169 -21.1975 -0.92388 -0.382683 0 0 1.1781 26
154.232 65.6169 -17.9975 -0.92388 -0.382683 0 0 1.1781 26
154.232 65.6169 -14.7975 -0.92388 -0.382683 0 0 1.1781 26
154.232 65.6169 -11.5975 -0.92388 -0.382683 0 0 1.1781 26
154.232 65.6169 -8.3975 -0.92388 -0.382683 2.36848e-16 0 1.1781 26
154.232 65.6169 -5.1975 -0.92388 -0.382683 0 0 1.1781 26
154.232 65.6169 -1.9975 -0.92388 -0.382683 0 0 1.1781 26
155.457 62.6605 -24.3975 -0.92388 -0.382683 0 0 1.1781 26
155.457 62.6605 -21.1975 -0.92388 -0.382683 0 0 1.1781 26
155.457 62.6605 -17.9975 -0.92388 -0.382683 0 0 1.1781 26
155.457 62.6605 -14.7975 -0.92388 -0.382683 0 0 1.1781 26
155.457 62.6605 -11.5975 -0.92388 -0.382683 0 0 1.1781 26
155.457 62.6605 -8.3975 -0.92388 -0.382683 2.36848e-16 0 1.1781 26
155.457 62.6605 -5.1975 -0.92388 -0.382683 0 0 1.1781 26
155.457 62.6605 -1.9975 -0.92388 -0.382683 0 0 1.1781 26
156.681 59.7041 -24.3975 -0.92388 -0.382683 0 0 1.1781 26
156.681 59.7041 -21.1975 -0.92388 -0.382683 0 0 1.1781 26
156.681 59.7041 -17.9975 -0.92388 -0.382683 0 0 1.1781 26
156.681 59.7041 -14.7975 -0.92388 -0.382683 0 0 1.1781 26
156.681 59.7041 -11.5975 -0.92388 -0.382683 0 0 1.1781 26
156.681 59.7041 -8.3975 -0.92388 -0.382683 2.36848e-16 0 1.1781 26
156.681 59.7041 -5.1975 -0.92388 -0.382683 0 0 1.1781 26
156.681 59.7041 -1.9975 -0.92388 -0.382683 0 0 1.1781 26
157.906 56.7477 -24.3975 -0.92388 -0.382683 0 0 1.1781 26
157.906 56.7477 -21.1975 -0.92388 -0.382683 0 0 1.1781 26
157.906 56.7477 -17.9975 -0.92388 -0.382683 0 0 1.1781 26
157.906 56.7477 -14.7975 -0.92388 -0.382683 0 0 1.1781 26
157.906 56.7477 -11.5975 -0.92388 -0.382683 0 0 1.1781 26
157.906 56.7477 -8.3975 -0.92388 -0.382683 2.36848e-16 0 1.1781 26
157.906 56.7477 -5.1975 -0.92388 -0.382683 0 0 1.1781 26
157.906 56.7477 -1.9975 -0.92388 -0.382683 0 0 1.1781 26
159.131 53.7912 -24.3975 -0.92388 -0.382683 0 0 1.1781 26
159.131 53.7912 -21.1975 -0.92388 -0.382683 0 0 1.1781 26
159.131 53.7912 -17.9975 -0.92388 -0.382683 0 0 1.1781 26
159.131 53.7912 -14.7975 -0.92388 -0.382683 0 0 1.1781 26
159.131 53.7912 -11.5975 -0.92388 -0.382683 0 0 1.1781 26
159.131 53.7912 -8.3975 -0.92388 -0.382683 2.36848e-16 0 1.1781 26
159.131 53.7912 -5.1975 -0.92388 -0.382683 0 0 1.1781 26
159.131 53.7912 -1.9975 -0.92388 -0.382683 0 0 1.1781 26
-150.558 -74.4862 -24.3975 0.92388 0.382683 0 1 4.31969 27
-150.558 -74.4862 -21.1975 0.92388 0.382683 0 1 4.31969 27
-150.558 -74.4862 -17.9975 0.92388 0.382683 0 1 4.31969 27
-150.558 -74.4862 -14.7975 0.92388 0.382683 0 1 4.31969 27
-150.558 -74.4862 -11.5975 0.92388 0.382683 0 1 4.31969 27
-150.558 -74.4862 -8.3975 0.92388 0.382683 2.36848e-16 1 4.31969 27
-150.558 -74.4862 -5.1975 0.92388 0.382683 0 1 4.31969 27
-150.558 -74.4862 -1.9975 0.92388 0.382683 0 1 4.31969 27
-151.783 -71.5297 -24.3975 0.92388 0.382683 0 1 4.31969 27
-151.783 -71.5297 -21.1975 0.92388 0.382683 0 1 4.31969 27
-151.783 -71.5297 -17.9975 0.92388 0.382683 0 1 4.31969 27
-151.783 -71.5297 -14.7975 0.92388 0.382683 0 1 4.31969 27
-151.783 -71.5297 -11.5975 0.92388 0.382683 0 1 4.31969 27
-151.783 -71.5297 -8.3975 0.92388 0.382683 2.36848e-16 1 4.31969 27
-151.783 -71.5297 -5.1975 0.92388 0.382683 0 1 4.31969 27
-151.783 -71.5297 -1.9975 0.92388 0.382683 0 1 4.31969 27
-153.008 -68.5733 -24.3975 0.92388 0.382683 0 1 4.31969 27
-153.008 -68.5733 -21.1975 0.92388 0.382683 0 1 4.31969 27
-153.008 -68.5733 -17.9975 0.92388 0.382683 0 1 4.31969 27
-153.008 -68.5733 -14.7975 0.92388 0.382683 0 1 4.31969 27
-153.008 -68.5733 -11.5975 0.92388 0.382683 0 1 4.31969 27
-153.008 -68.5733 -8.3975 0.92388 0.382683 2.36848e-16 1 4.31969 27
-153.008 -68.5733 -5.1975 0.92388 0.382683 0 1 4.31969 27
-153.008 -68.5733 -1.9975 0.92388 0.382683 0 1 4.31969 27
-154.232 -65.6169 -24.3975 0.92388 0.382683 0 1 4.31969 27
-154.232 -65.6169 -21.1975 0.92388 0.382683 0 1 4.31969 27
-154.232 -65.6169 -17.9975 0.92388 0.382683 0 1 4.31969 27
-154.232 -65.6169 -14.7975 0.92388 0.382683 0 1 4.31969 27
-154.232 -65.6169 -11.5975 0.92388 0.382683 0 1 4.31969 27
-154.232 -65.6169 -8.3975 0.92388 0.382683 2.36848e-16 1 4.31969 27
-154.232 -65.6169 -5.1975 0.92388 0.382683 0 1 4.31969 27
-154.232 -65.6169 -1.9975 0.92388 0.382683 0 1 4.31969 27
-155.457 -62.6605 -24.3975 0.92388 0.382683 0 1 4.31969 27
-155.457 -62.6605 -21.1975 0.92388 0.382683 0 1 4.31969 27
-155.457 -62.6605 -17.9975 0.92388 0.382683 0 1 4.31969 27
-155.457 -62.6605 -14.7975 0.92388 0.382683 0 1 4.31969 27
-155.457 -62.6605 -11.5975 0.92388 0.382683 0 1 4.31969 27
-155.457 -62.6605 -8.3975 0.92388 0.382683 2.36848e-16 1 4.31969 27
-155.457 -62.6605 -5.1975 0.92388 0.382683 0 1 4.31969 27
-155.457 -62.6605 -1.9975 0.92388 0.382683 0 1 4.31969 27
-156.681 -59.7041 -24.3975 0.92388 0.382683 0 1 4.31969 27
-156.681 -59.7041 -21.1975 0.92388 0.382683 0 1 4.31969 27
-156.681 -59.7041 -17.9975 0.92388 0.382683 0 1 4.31969 27
-156.681 -59.7041 -14.7975 0.92388 0.382683 0 1 4.31969 27
-156.681 -59.7041 -11.5975 0.92388 0.382683 0 1 4.31969 27
-156.681 -59.7041 -8.3975 0.92388 0.382683 2.36848e-16 1 4.31969 27
-156.681 -59.7041 -5.1975 0.92388 0.382683 0 1 4.31969 27
-156.681 -59.7041 -1.9975 0.92388 0.382683 0 1 4.31969 27
-157.906 -56.7477 -24.3975 0.92388 0.382683 0 1 4.31969 27
-157.906 -56.7477 -21.1975 0.92388 0.382683 0 1 4.31969 27
-157.906 -56.7477 -17.9975 0.92388 0.382683 0 1 4.31969 27
-157.906 -56.7477 -14.7975 0.92388 0.382683 0 1 4.31969 27
-157.906 -56.7477 -11.5975 0.92388 0.382683 0 1 4.31969 27
-157.906 -56.7477 -8.3975 0.92388 0.382683 2.36848e-16 1 4.31969 27
-157.906 -56.7477 -5.1975 0.92388 0.382683 0 1 4.31969 27
-157.906 -56.7477 -1.9975 0.92388 0.382683 0 1 4.31969 27
-159.131 -53.7912 -24.3975 0.92388 0.382683 0 1 4.31969 27
-159.131 -53.7912 -21.1975 0.92388 0.382683 0 1 4.31969 27
-159.131 -53.7912 -17.9975 0.92388 0.382683 0 1 4.31969 27
-159.131 -53.7912 -14.7975 0.92388 0.382683 0 1 4.31969 27
-159.131 -53.7912 -11.5975 0.92388 0.382683 0 1 4.31969 27
-159.131 -53.7912 -8.3975 0.92388 0.382683 2.36848e-16 1 4.31969 27
-159.131 -53.7912 -5.1975 0.92388 0.382683 0 1 4.31969 27
-159.131 -53.7912 -1.9975 0.92388 0.382683 0 1 4.31969 27
150.558 74.4862 1.9975 -0.92388 -0.382683 0 0 1.1781 28
150.558 74.4862 5.1975 -0.92388 -0.382683 1.18424e-16 0 1.1781 28
150.558 74.4862 8.3975 -0.92388 -0.382683 2.36848e-16 0 1.1781 28
150.558 74.4862 11.5975 -0.92388 -0.382683 0 0 1.1781 28
150.558 74.4862 14.7975 -0.92388 -0.382683 0 0 1.1781 28
150.558 74.4862 17.9975 -0.92388 -0.382683 4.73695e-16 0 1.1781 28
150.558 74.4862 21.1975 -0.92388 -0.382683 0 0 1.1781 28
150.558 74.4862 24.3975 -0.92388 -0.382683 0 0 1.1781 28
151.783 71.5297 1.9975 -0.92388 -0.382683 0 0 1.1781 28
151.783 71.5297 5.1975 -0.92388 -0.382683 1.18424e-16 0 1.1781 28
151.783 71.5297 8.3975 -0.92388 -0.382683 2.36848e-16 0 1.1781 28
151.783 71.5297 11.5975 -0.92388 -0.382683 0 0 1.1781 28
151.783 71.5297 14.7975 -0.92388 -0.382683 0 0 1.1781 28
151.783 71.5297 17.9975 -0.92388 -0.382683 4.73695e-16 0 1.1781 28
151.783 71.5297 21.1975 -0.92388 -0.382683 0 0 1.1781 28
151.783 71.5297 24.3975 -0.92388 -0.382683 0 0 1.1781 28
153.008 68.5733 1.9975 -0.92388 -0.382683 0 0 1.1781 28
153.008 68.5733 5.1975 -0.92388 -0.382683 1.18424e-16 0 1.1781 28
153.008 68.5733 8.3975 -0.92388 -0.382683 2.36848e-16 0 1.1781 28
153.008 68.5733 11.5975 -0.92388 -0.382683 0 0 1.1781 28
153.008 68.5733 14.7975 -0.92388 -0.382683 0 0 1.1781 28
153.008 68.5733 17.9975 -0.92388 -0.382683 4.73695e-16 0 1.1781 28
153.008 68.5733 21.1975 -0.92388 -0.382683 0 0 1.1781 28
153.008 68.5733 24.3975 -0.92388 -0.382683 0 0 1.1781 28
154.232 65.6169 1.9975 -0.92388 -0.382683 0 0 1.1781 28
154.232 65.6169 5.1975 -0.92388 -0.382683 1.18424e-16 0 1.1781 28
154.232 65.6169 8.3975 -0.92388 -0.382683 2.36848e-16 0 1.1781 28
154.232 65.6169 11.5975 -0.92388 -0.382683 0 0 1.1781 28
154.232 65.6169 14.7975 -0.92388 -0.382683 0 0 1.1781 28
154.232 65.6169 17.9975 -0.92388 -0.382683 4.73695e-16 0 1.1781 28
154.232 65.6169 21.1975 -0.92388 -0.382683 0 0 1.1781 28
154.232 65.6169 24.3975 -0.92388 -0.382683 0 0 1.1781 28
155.457 62.6605 1.9975 -0.92388 -0.382683 0 0 1.1781 28
155.457 62.6605 5.1975 -0.92388 -0.382683 1.18424e-16 0 1.1781 28
155.457 62.6605 8.3975 -0.92388 -0.382683 2.36848e-16 0 1.1781 28
155.457 62.6605 11.5975 -0.92388 -0.382683 0 0 1.1781 28
155.457 62.6605 14.7975 -0.92388 -0.382683 0 0 1.1781 28
155.457 62.6605 17.9975 -0.92388 -0.382683 4.73695e-16 0 1.1781 28
155.457 62.6605 21.1975 -0.92388 -0.382683 0 0 1.1781 28
155.457 62.6605 24.3975 -0.92388 -0.382683 0 0 1.1781 28
156.681 59.7041 1.9975 -0.92388 -0.382683 0 0 1.1781 28
156.681 59.7041 5.1975 -0.92388 -0.382683 1.18424e-16 0 1.1781 28
156.681 59.7041 8.3975 -0.92388 -0.382683 2.36848e-16 0 1.1781 28
156.681 59.7041 11.5975 -0.92388 -0.382683 0 0 1.1781 28
156.681 59.7041 14.7975 -0.92388 -0.382683 0 0 1.1781 28
156.681 59.7041 17.9975 -0.92388 -0.382683 4.73695e-16 0 1.1781 28
156.681 59.7041 21.1975 -0.92388 -0.382683 0 0 1.1781 28
156.681 59.7041 24.3975 -0.92388 -0.382683 0 0 1.1781 28
157.906 56.7477 1.9975 -0.92388 -0.382683 0 0 1.1781 28
157.906 56.7477 5.1975 -0.92388 -0.382683 1.18424e-16 0 1.1781 28
157.906 56.7477 8.3975 -0.92388 -0.382683 2.36848e-16 0 1.1781 28
157.906 56.7477 11.5975 -0.92388 -0.382683 0 0 1.1781 28
157.906 56.7477 14.7975 -0.92388 -0.382683 0 0 1.1781 28
157.906 56.7477 17.9975 -0.92388 -0.382683 4.73695e-16 0 1.1781 28
157.906 56.7477 21.1975 -0.92388 -0.382683 0 0 1.1781 28
157.906 56.7477 24.3975 -0.92388 -0.382683 0 0 1.1781 28
159.131 53.7912 1.9975 -0.92388 -0.382683 0 0 1.1781 28
159.131 53.7912 5.1975 -0.92388 -0.382683 1.18424e-16 0 1.1781 28
159.131 53.7912 8.3975 -0.92388 -0.382683 2.36848e-16 0 1.1781 28
159.131 53.7912 11.5975 -0.92388 -0.382683 0 0 1.1781 28
159.131 53.7912 14.7975 -0.92388 -0.382683 0 0 1.1781 28
159.131 53.7912 17.9975 -0.92388 -0.382683 4.73695e-16 0 1.1781 28
159.131 53.7912 21.1975 -0.92388 -0.382683 0 0 1.1781 28
159.131 53.7912 24.3975 -0.92388 -0.382683 0 0 1.1781 28
-150.558 -74.4862 1.9975 0.92388 0.382683 0 1 4.31969 29
-150.558 -74.4862 5.1975 0.92388 0.382683 1.18424e-16 1 4.31969 29
-150.558 -74.4862 8.3975 0.92388 0.382683 2.36848e-16 1 4.31969 29
-150.558 -74.4862 11.5975 0.92388 0.382683 0 1 4.31969 29
-150.558 -74.4862 14.7975 0.92388 0.382683 0 1 4.31969 29
-150.558 -74.4862 17.9975 0.92388 0.382683 4.73695e-16 1 4.31969 29
-150.558 -74.4862 21.1975 0.92388 0.382683 0 1 4.31969 29
-150.558 -74.4862 24.3975 0.92388 0.382683 0 1 4.31969 29
-151.783 -71.5297 1.9975 0.92388 0.382683 0 1 4.31969 29
-151.783 -71.5297 5.1975 0.92388 0.382683 1.18424e-16 1 4.31969 29
-151.783 -71.5297 8.3975 0.92388 0.382683 2.36848e-16 1 4.31969 29
-151.783 -71.5297 11.5975 0.92388 0.382683 0 1 4.31969 29
-151.783 -71.5297 14.7975 0.92388 0.382683 0 1 4.31969 29
-151.783 -71.5297 17.9975 0.92388 0.382683 4.73695e-16 1 4.31969 29
-151.783 -71.5297 21.1975 0.92388 0.382683 0 1 4.31969 29
-151.783 -71.5297 24.3975 0.92388 0.382683 0 1 4.31969 29
-153.008 -68.5733 1.9975 0.92388 0.382683 0 1 4.31969 29
-153.008 -68.5733 5.1975 0.92388 0.382683 1.18424e-16 1 4.31969 29
-153.008 -68.5733 8.3975 0.92388 0.382683 2.36848e-16 1 4.31969 29
-153.008 -68.5733 11.5975 0.92388 0.382683 0 1 4.31969 29
-153.008 -68.5733 14.7975 0.92388 0.382683 0 1 4.31969 29
-153.008 -68.5733 17.9975 0.92388 0.382683 4.73695e-16 1 4.31969 29
-153.008 -68.5733 21.1975 0.92388 0.382683 0 1 4.31969 29
-153.008 -68.5733 24.3975 0.92388 0.382683 0 1 4.31969 29
-154.232 -65.6169 1.9975 0.92388 0.382683 0 1 4.31969 29
-154.232 -65.6169 5.1975 0.92388 0.382683 1.18424e-16 1 4.31969 29
-154.232 -65.6169 8.3975 0.92388 0.382683 2.36848e-16 1 4.31969 29
-154.232 -65.6169 11.5975 0.92388 0.382683 0 1 4.31969 29
-154.232 -65.6169 14.7975 0.92388 0.382683 0 1 4.31969 29
-154.232 -65.6169 17.9975 0.92388 0.382683 4.73695e-16 1 4.31969 29
-154.232 -65.6169 21.1975 0.92388 0.382683 0 1 4.31969 29
-154.232 -65.6169 24.3975 0.92388 0.382683 0 1 4.31969 29
-155.457 -62.6605 1.9975 0.92388 0.382683 0 1 4.31969 29
-155.457 -62.6605 5.1975 0.92388 0.382683 1.18424e-16 1 4.31969 29
-155.457 -62.6605 8.3975 0.92388 0.382683 2.36848e-16 1 4.31969 29
-155.457 -62.6605 11.5975 0.92388 0.382683 0 1 4.31969 29
-155.457 -62.6605 14.7975 0.92388 0.382683 0 1 4.31969 29
-155.457 -62.6605 17.9975 0.92388 0.382683 4.73695e-16 1 4.31969 29
-155.457 -62.6605 21.1975 0.92388 0.382683 0 1 4.31969 29
-155.457 -62.6605 24.3975 0.92388 0.382683 0 1 4.31969 29
-156.681 -59.7041 1.9975 0.92388 0.382683 0 1 4.31969 29
-156.681 -59.7041 5.1975 0.92388 0.382683 1.18424e-16 1 4.31969 29
-156.681 -59.7041 8.3975 0.92388 0.382683 2.36848e-16 1 4.31969 29
-156.681 -59.7041 11.5975 0.92388 0.382683 0 1 4.31969 29
-156.681 -59.7041 14.7975 0.92388 0.382683 0 1 4.31969 29
-156.681 -59.7041 17.9975 0.92388 0.382683 4.73695e-16 1 4.31969 29
-156.681 -59.7041 21.1975 0.92388 0.382683 0 1 4.31969 29
-156.681 -59.7041 24.3975 0.92388 0.382683 0 1 4.31969 29
-157.906 -56.7477 1.9975 0.92388 0.382683 0 1 4.31969 29
-157.906 -56.7477 5.1975 0.92388 0.382683 1.18424e-16 1 4.31969 29
-157.906 -56.7477 8.3975 0.92388 0.382683 2.36848e-16 1 4.31969 29
-157.906 -56.7477 11.5975 0.92388 0.382683 0 1 4.31969 29
-157.906 -56.7477 14.7975 0.92388 0.382683 0 1 4.31969 29
-157.906 -56.7477 17.9975 0.92388 0.382683 4.73695e-16 1 4.31969 29
-157.906 -56.7477 21.1975 0.92388 0.382683 0 1 4.31969 29
-157.906 -56.7477 24.3975 0.92388 0.382683 0 1 4.31969 29
-159.131 -53.7912 1.9975 0.92388 0.382683 0 1 4.31969 29
-159.131 -53.7912 5.1975 0.92388 0.382683 1.18424e-16 1 4.31969 29
-159.131 -53.7912 8.3975 0.92388 0.382683 2.36848e-16 1 4.31969 29
-159.131 -53.7912 11.5975 0.92388 0.382683 0 1 4.31969 29
-159.131 -53.7912 14.7975 0.92388 0.382683 0 1 4.31969 29
-159.131 -53.7912 17.9975 0.92388 0.382683 4.73695e-16 1 4.31969 29
-159.131 -53.7912 21.1975 0.92388 0.382683 0 1 4.31969 29
-159.131 -53.7912 24.3975 0.92388 0.382683 0 1 4.31969 29
150.558 74.4862 28.3925 -0.92388 -0.382683 0 0 1.1781 30
150.558 74.4862 31.5925 -0.92388 -0.382683 0 0 1.1781 30
150.558 74.4862 34.7925 -0.92388 -0.382683 0 0 1.1781 30
150.558 74.4862 37.9925 -0.92388 -0.382683 0 0 1.1781 30
150.558 74.4862 41.1925 -0.92388 -0.382683 0 0 1.1781 30
150.558 74.4862 44.3925 -0.92388 -0.382683 0 0 1.1781 30
150.558 74.4862 47.5925 -0.92388 -0.382683 0 0 1.1781 30
150.558 74.4862 50.7925 -0.92388 -0.382683 0 0 1.1781 30
151.783 71.5297 28.3925 -0.92388 -0.382683 0 0 1.1781 30
151.783 71.5297 31.5925 -0.92388 -0.382683 0 0 1.1781 30
151.783 71.5297 34.7925 -0.92388 -0.382683 0 0 1.1781 30
151.783 71.5297 37.9925 -0.92388 -0.382683 0 0 1.1781 30
151.783 71.5297 41.1925 -0.92388 -0.382683 0 0 1.1781 30
151.783 71.5297 44.3925 -0.92388 -0.382683 0 0 1.1781 30
151.783 71.5297 47.5925 -0.92388 -0.382683 0 0 1.1781 30
151.783 71.5297 50.7925 -0.92388 -0.382683 0 0 1.1781 30
153.008 68.5733 28.3925 -0.92388 -0.382683 0 0 1.1781 30
153.008 68.5733 31.5925 -0.92388 -0.382683 0 0 1.1781 30
153.008 68.5733 34.7925 -0.92388 -0.382683 0 0 1.1781 30
153.008 68.5733 37.9925 -0.92388 -0.382683 0 0 1.1781 30
153.008 68.5733 41.1925 -0.92388 -0.382683 0 0 1.1781 30
153.008 68.5733 44.3925 -0.92388 -0.382683 0 0 1.1781 30
153.008 68.5733 47.5925 -0.92388 -0.382683 0 0 1.1781 30
153.008 68.5733 50.7925 -0.92388 -0.382683 0 0 1.1781 30
154.232 65.6169 28.3925 -0.92388 -0.382683 0 0 1.1781 30
154.232 65.6169 31.5925 -0.92388 -0.382683 0 0 1.1781 30
154.232 65.6169 34.7925 -0.92388 -0.382683 0 0 1.1781 30
154.232 65.6169 37.9925 -0.92388 -0.382683 0 0 1.1781 30
154.232 65.6169 41.1925 -0.92388 -0.382683 0 0 1.1781 30
154.232 65.6169 44.3925 -0.92388 -0.382683 0 0 1.1781 30
154.232 65.6169 47.5925 -0.92388 -0.382683 0 0 1.1781 30
154.232 65.6169 50.7925 -0.92388 -0.382683 0 0 1.1781 30
155.457 62.6605 28.3925 -0.92388 -0.382683 0 0 1.1781 30
155.457 62.6605 31.5925 -0.92388 -0.382683 0 0 1.1781 30
155.457 62.6605 34.7925 -0.92388 -0.382683 0 0 1.1781 30
155.457 62.6605 37.9925 -0.92388 -0.382683 0 0 1.1781 30
155.457 62.6605 41.1925 -0.92388 -0.382683 0 0 1.1781 30
155.457 62.6605 44.3925 -0.92388 -0.382683 0 0 1.1781 30
155.457 62.6605 47.5925 -0.92388 -0.382683 0 0 1.1781 30
155.457 62.6605 50.7925 -0.92388 -0.382683 0 0 1.1781 30
156.681 59.7041 28.3925 -0.92388 -0.382683 0 0 1.1781 30
156.681 59.7041 31.5925 -0.92388 -0.382683 0 0 1.1781 30
156.681 59.7041 34.7925 -0.92388 -0.382683 0 0 1.1781 30
156.681 59.7041 37.9925 -0.92388 -0.382683 0 0 1.1781 30
156.681 59.7041 41.1925 -0.92388 -0.382683 0 0 1.1781 30
156.681 59.7041 44.3925 -0.92388 -0.382683 0 0 1.1781 30
156.681 59.7041 47.5925 -0.92388 -0.382683 0 0 1.1781 30
156.681 59.7041 50.7925 -0.92388 -0.382683 0 0 1.1781 30
157.906 56.7477 28.3925 -0.92388 -0.382683 0 0 1.1781 30
157.906 56.7477 31.5925 -0.92388 -0.382683 0 0 1.1781 30
157.906 56.7477 34.7925 -0.92388 -0.382683 0 0 1.1781 30
157.906 56.7477 37.9925 -0.92388 -0.382683 0 0 1.1781 30
157.906 56.7477 41.1925 -0.92388 -0.382683 0 0 1.1781 30
157.906 56.7477 44.3925 -0.92388 -0.382683 0 0 1.1781 30
157.906 56.7477 47.5925 -0.92388 -0.382683 0 0 1.1781 30
157.906 56.7477 50.7925 -0.92388 -0.382683 0 0 1.1781 30
159.131 53.7912 28.3925 -0.92388 -0.382683 0 0 1.1781 30
159.131 53.7912 31.5925 -0.92388 -0.382683 0 0 1.1781 30
159.131 53.7912 34.7925 -0.92388 -0.382683 0 0 1.1781 30
159.131 53.7912 37.9925 -0.92388 -0.382683 0 0 1.1781 30
159.131 53.7912 41.1925 -0.92388 -0.382683 0 0 1.1781 30
159.131 53.7912 44.3925 -0.92388 -0.382683 0 0 1.1781 30
159.131 53.7912 47.5925 -0.92388 -0.382683 0 0 1.1781 30
159.131 53.7912 50.7925 -0.92388 -0.382683 0 0 1.1781 30
-150.558 -74.4862 28.3925 0.92388 0.382683 0 1 4.31969 31
-150.558 -74.4862 31.5925 0.92388 0.382683 0 1 4.31969 31
-150.558 -74.4862 34.7925 0.92388 0.382683 0 1 4.31969 31
-150.558 -74.4862 37.9925 0.92388 0.382683 0 1 4.31969 31
-150.558 -74.4862 41.1925 0.92388 0.382683 0 1 4.31969 31
-150.558 -74.4862 44.3925 0.92388 0.382683 0 1 4.31969 31
-150.558 -74.4862 47.5925 0.92388 0.382683 0 1 4.31969 31
-150.558 -74.4862 50.7925 0.92388 0.382683 0 1 4.31969 31
-151.783 -71.5297 28.3925 0.92388 0.382683 0 1 4.31969 31
-151.783 -71.5297 31.5925 0.92388 0.382683 0 1 4.31969 31
-151.783 -71.5297 34.7925 0.92388 0.382683 0 1 4.31969 31
-151.783 -71.5297 37.9925 0.92388 0.382683 0 1 4.31969 31
-151.783 -71.5297 41.1925 0.92388 0.382683 0 1 4.31969 31
-151.783 -71.5297 44.3925 0.92388 0.382683 0 1 4.31969 31
-151.783 -71.5297 47.5925 0.92388 0.382683 0 1 4.31969 31
-151.783 -71.5297 50.7925 0.92388 0.382683 0 1 4.31969 31
-153.008 -68.5733 28.3925 0.92388 0.382683 0 1 4.31969 31
-153.008 -68.5733 31.5925 0.92388 0.382683 0 1 4.31969 31
-153.008 -68.5733 34.7925 0.92388 0.382683 0 1 4.31969 31
-153.008 -68.5733 37.9925 0.92388 0.382683 0 1 4.31969 31
-153.008 -68.5733 41.1925 0.92388 0.382683 0 1 4.31969 31
-153.008 -68.5733 44.3925 0.92388 0.382683 0 1 4.31969 31
-153.008 -68.5733 47.5925 0.92388 0.382683 0 1 4.31969 31
-153.008 -68.5733 50.7925 0.92388 0.382683 0 1 4.31969 31
-154.232 -65.6169 28.3925 0.92388 0.382683 0 1 4.31969 31
-154.232 -65.6169 31.5925 0.92388 0.382683 0 1 4.31969 31
-154.232 -65.6169 34.7925 0.92388 0.382683 0 1 4.31969 31
-154.232 -65.6169 37.9925 0.92388 0.382683 0 1 4.31969 31
-154.232 -65.6169 41.1925 0.92388 0.382683 0 1 4.31969 31
-154.232 -65.6169 44.3925 0.92388 0.382683 0 1 4.31969 31
-154.232 -65.6169 47.5925 0.92388 0.382683 0 1 4.31969 31
-154.232 -65.6169 50.7925 0.92388 0.382683 0 1 4.31969 31
-155.457 -62.6605 28.3925 0.92388 0.382683 0 1 4.31969 31
-155.457 -62.6605 31.5925 0.92388 0.382683 0 1 4.31969 31
-155.457 -62.6605 34.7925 0.92388 0.382683 0 1 4.31969 31
-155.457 -62.6605 37.9925 0.92388 0.382683 0 1 4.31969 31
-155.457 -62.6605 41.1925 0.92388 0.382683 0 1 4.31969 31
-155.457 -62.6605 44.3925 0.92388 0.382683 0 1 4.31969 31
-155.457 -62.6605 47.5925 0.92388 0.382683 0 1 4.31969 31
-155.457 -62.6605 50.7925 0.92388 0.382683 0 1 4.31969 31
-156.681 -59.7041 28.3925 0.92388 0.382683 0 1 4.31969 31
-156.681 -59.7041 31.5925 0.92388 0.382683 0 1 4.31969 31
-156.681 -59.7041 34.7925 0.92388 0.382683 0 1 4.31969 31
-156.681 -59.7041 37.9925 0.92388 0.382683 0 1 4.31969 31
-156.681 -59.7041 41.1925 0.92388 0.382683 0 1 4.31969 31
-156.681 -59.7041 44.3925 0.92388 0.382683 0 1 4.31969 31
-156.681 -59.7041 47.5925 0.92388 0.382683 0 1 4.31969 31
-156.681 -59.7041 50.7925 0.92388 0.382683 0 1 4.31969 31
-157.906 -56.7477 28.3925 0.92388 0.382683 0 1 4.31969 31
-157.906 -56.7477 31.5925 0.92388 0.382683 0 1 4.31969 31
-157.906 -56.7477 34.7925 0.92388 0.382683 0 1 4.31969 31
-157.906 -56.7477 37.9925 0.92388 0.382683 0 1 4.31969 31
-157.906 -56.7477 41.1925 0.92388 0.382683 0 1 4.31969 31
-157.906 -56.7477 44.3925 0.92388 0.382683 0 1 4.31969 31
-157.906 -56.7477 47.5925 0.92388 0.382683 0 1 4.31969 31
-157.906 -56.7477 50.7925 0.92388 0.382683 0 1 4.31969 31
-159.131 -53.7912 28.3925 0.92388 0.382683 0 1 4.31969 31
-159.131 -53.7912 31.5925 0.92388 0.382683 0 1 4.31969 31
-159.131 -53.7912 34.7925 0.92388 0.382683 0 1 4.31969 31
-159.131 -53.7912 37.9925 0.92388 0.382683 0 1 4.31969 31
-159.131 -53.7912 41.1925 0.92388 0.382683 0 1 4.31969 31
-159.131 -53.7912 44.3925 0.92388 0.382683 0 1 4.31969 31
-159.131 -53.7912 47.5925 0.92388 0.382683 0 1 4.31969 31
-159.131 -53.7912 50.7925 0.92388 0.382683 0 1 4.31969 31
160.357 50.0166 -50.7925 -0.97237 -0.233445 0 0 1.33518 32
160.357 50.0166 -47.5925 -0.97237 -0.233445 0 0 1.33518 32
160.357 50.0166 -44.3925 -0.97237 -0.233445 0 0 1.33518 32
160.357 50.0166 -41.1925 -0.97237 -0.233445 0 0 1.33518 32
160.357 50.0166 -37.9925 -0.97237 -0.233445 0 0 1.33518 32
160.357 50.0166 -34.7925 -0.97237 -0.233445 0 0 1.33518 32
160.357 50.0166 -31.5925 -0.97237 -0.233445 0 0 1.33518 32
160.357 50.0166 -28.3925 -0.97237 -0.233445 0 0 1.33518 32
161.104 46.905 -50.7925 -0.97237 -0.233445 0 0 1.33518 32
161.104 46.905 -47.5925 -0.97237 -0.233445 0 0 1.33518 32
161.104 46.905 -44.3925 -0.97237 -0.233445 0 0 1.33518 32
161.104 46.905 -41.1925 -0.97237 -0.233445 0 0 1.33518 32
161.104 46.905 -37.9925 -0.97237 -0.233445 0 0 1.33518 32
161.104 46.905 -34.7925 -0.97237 -0.233445 0 0 1.33518 32
161.104 46.905 -31.5925 -0.97237 -0.233445 0 0 1.33518 32
161.104 46.905 -28.3925 -0.97237 -0.233445 0 0 1.33518 32
161.851 43.7934 -50.7925 -0.97237 -0.233445 0 0 1.33518 32
161.851 43.7934 -47.5925 -0.97237 -0.233445 0 0 1.33518 32
161.851 43.7934 -44.3925 -0.97237 -0.233445 0 0 1.33518 32
161.851 43.7934 -41.1925 -0.97237 -0.233445 0 0 1.33518 32
161.851 43.7934 -37.9925 -0.97237 -0.233445 0 0 1.33518 32
161.851 43.7934 -34.7925 -0.97237 -0.233445 0 0 1.33518 32
161.851 43.7934 -31.5925 -0.97237 -0.233445 0 0 1.33518 32
161.851 43.7934 -28.3925 -0.97237 -0.233445 0 0 1.33518 32
162.598 40.6818 -50.7925 -0.97237 -0.233445 0 0 1.33518 32
162.598 40.6818 -47.5925 -0.97237 -0.233445 0 0 1.33518 32
162.598 40.6818 -44.3925 -0.97237 -0.233445 0 0 1.33518 32
162.598 40.6818 -41.1925 -0.97237 -0.233445 0 0 1.33518 32
162.598 40.6818 -37.9925 -0.97237 -0.233445 0 0 1.33518 32
162.598 40.6818 -34.7925 -0.97237 -0.233445 0 0 1.33518 32
162.598 40.6818 -31.5925 -0.97237 -0.233445 0 0 1.33518 32
162.598 40.6818 -28.3925 -0.97237 -0.233445 0 0 1.33518 32
163.345 37.5702 -50.7925 -0.97237 -0.233445 0 0 1.33518 32
163.345 37.5702 -47.5925 -0.97237 -0.233445 0 0 1.33518 32
163.345 37.5702 -44.3925 -0.97237 -0.233445 0 0 1.33518 32
163.345 37.5702 -41.1925 -0.97237 -0.233445 0 0 1.33518 32
163.345 37.5702 -37.9925 -0.97237 -0.233445 0 0 1.33518 32
163.345 37.5702 -34.7925 -0.97237 -0.233445 0 0 1.33518 32
163.345 37.5702 -31.5925 -0.97237 -0.233445 0 0 1.33518 32
163.345 37.5702 -28.3925 -0.97237 -0.233445 0 0 1.33518 32
164.092 34.4587 -50.7925 -0.97237 -0.233445 0 0 1.33518 32
164.092 34.4587 -47.5925 -0.97237 -0.233445 0 0 1.33518 32
164.092 34.4587 -44.3925 -0.97237 -0.233445 0 0 1.33518 32
164.092 34.4587 -41.1925 -0.97237 -0.233445 0 0 1.33518 32
164.092 34.4587 -37.9925 -0.97237 -0.233445 0 0 1.33518 32
164.092 34.4587 -34.7925 -0.97237 -0.233445 0 0 1.33518 32
164.092 34.4587 -31.5925 -0.97237 -0.233445 0 0 1.33518 32
164.092 34.4587 -28.3925 -0.97237 -0.233445 0 0 1.33518 32
164.839 31.3471 -50.7925 -0.97237 -0.233445 0 0 1.33518 32
164.839 31.3471 -47.5925 -0.97237 -0.233445 0 0 1.33518 32
164.839 31.3471 -44.3925 -0.97237 -0.233445 0 0 1.33518 32
164.839 31.3471 -41.1925 -0.97237 -0.233445 0 0 1.33518 32
164.839 31.3471 -37.9925 -0.97237 -0.233445 0 0 1.33518 32
164.839 31.3471 -34.7925 -0.97237 -0.233445 0 0 1.33518 32
164.839 31.3471 -31.5925 -0.97237 -0.233445 0 0 1.33518 32
164.839 31.3471 -28.3925 -0.97237 -0.233445 0 0 1.33518 32
165.586 28.2355 -50.7925 -0.97237 -0.233445 0 0 1.33518 32
165.586 28.2355 -47.5925 -0.97237 -0.233445 0 0 1.33518 32
165.586 28.2355 -44.3925 -0.97237 -0.233445 0 0 1.33518 32
165.586 28.2355 -41.1925 -0.97237 -0.233445 0 0 1.33518 32
165.586 28.2355 -37.9925 -0.97237 -0.233445 0 0 1.33518 32
165.586 28.2355 -34.7925 -0.97237 -0.233445 0 0 1.33518 32
165.586 28.2355 -31.5925 -0.97237 -0.233445 0 0 1.33518 32
165.586 28.2355 -28.3925 -0.97237 -0.233445 0 0 1.33518 32
-160.357 -50.0166 -50.7925 0.97237 0.233445 0 1 4.47677 33
-160.357 -50.0166 -47.5925 0.97237 0.233445 0 1 4.47677 33
-160.357 -50.0166 -44.3925 0.97237 0.233445 0 1 4.47677 33
-160.357 -50.0166 -41.1925 0.97237 0.233445 0 1 4.47677 33
-160.357 -50.0166 -37.9925 0.97237 0.233445 0 1 4.47677 33
-160.357 -50.0166 -34.7925 0.97237 0.233445 0 1 4.47677 33
-160.357 -50.0166 -31.5925 0.97237 0.233445 0 1 4.47677 33
-160.357 -50.0166 -28.3925 0.97237 0.233445 0 1 4.47677 33
-161.104 -46.905 -50.7925 0.97237 0.233445 0 1 4.47677 33
-161.104 -46.905 -47.5925 0.97237 0.233445 0 1 4.47677 33
-161.104 -46.905 -44.3925 0.97237 0.233445 0 1 4.47677 33
-161.104 -46.905 -41.1925 0.97237 0.233445 0 1 4.47677 33
-161.104 -46.905 -37.9925 0.97237 0.233445 0 1 4.47677 33
-161.104 -46.905 -34.7925 0.97237 0.233445 0 1 4.47677 33
-161.104 -46.905 -31.5925 0.97237 0.233445 0 1 4.47677 33
-161.104 -46.905 -28.3925 0.97237 0.233445 0 1 4.47677 33
-161.851 -43.7934 -50.7925 0.97237 0.233445 0 1 4.47677 33
-161.851 -43.7934 -47.5925 0.97237 0.233445 0 1 4.47677 33
-161.851 -43.7934 -44.3925 0.97237 0.233445 0 1 4.47677 33
-161.851 -43.7934 -41.1925 0.97237 0.233445 0 1 4.47677 33
-161.851 -43.7934 -37.9925 0.97237 0.233445 0 1 4.47677 33
-161.851 -43.7934 -34.7925 0.97237 0.233445 0 1 4.47677 33
-161.851 -43.7934 -31.5925 0.97237 0.233445 0 1 4.47677 33
-161.851 -43.7934 -28.3925 0.97237 0.233445 0 1 4.47677 33
-162.598 -40.6818 -50.7925 0.97237 0.233445 0 1 4.47677 33
-162.598 -40.6818 -47.5925 0.97237 0.233445 0 1 4.47677 33
-162.598 -40.6818 -44.3925 0.97237 0.233445 0 1 4.47677 33
-162.598 -40.6818 -41.1925 0.97237 0.233445 0 1 4.47677 33
-162.598 -40.6818 -37.9925 0.97237 0.233445 0 1 4.47677 33
-162.598 -40.6818 -34.7925 0.97237 0.233445 0 1 4.47677 33
-162.598 -40.6818 -31.5925 0.97237 0.233445 0 1 4.47677 33
-162.598 -40.6818 -28.3925 0.97237 0.233445 0 1 4.47677 33
-163.345 -37.5702 -50.7925 0.97237 0.233445 0 1 4.47677 33
-163.345 -37.5702 -47.5925 0.97237 0.233445 0 1 4.47677 33
-163.345 -37.5702 -44.3925 0.97237 0.233445 0 1 4.47677 33
-163.345 -37.5702 -41.1925 0.97237 0.233445 0 1 4.47677 33
-163.345 -37.5702 -37.9925 0.97237 0.233445 0 1 4.47677 33
-163.345 -37.5702 -34.7925 0.97237 0.233445 0 1 4.47677 33
-163.345 -37.5702 -31.5925 0.97237 0.233445 0 1 4.47677 33
-163.345 -37.5702 -28.3925 0.97237 0.233445 0 1 4.47677 33
-164.092 -34.4587 -50.7925 0.97237 0.233445 0 1 4.47677 33
-164.092 -34.4587 -47.5925 0.97237 0.233445 0 1 4.47677 33
-164.092 -34.4587 -44.3925 0.97237 0.233445 0 1 4.47677 33
-164.092 -34.4587 -41.1925 0.97237 0.233445 0 1 4.47677 33
-164.092 -34.4587 -37.9925 0.97237 0.233445 0 1 4.47677 33
-164.092 -34.4587 -34.7925 0.97237 0.233445 0 1 4.47677 33
-164.092 -34.4587 -31.5925 0.97237 0.233445 0 1 4.47677 33
-164.092 -34.4587 -28.3925 0.97237 0.233445 0 1 4.47677 33
-164.839 -31.3471 -50.7925 0.97237 0.233445 0 1 4.47677 33
-164.839 -31.3471 -47.5925 0.97237 0.233445 0 1 4.47677 33
-164.839 -31.3471 -44.3925 0.97237 0.233445 0 1 4.47677 33
-164.839 -31.3471 -41.1925 0.97237 0.233445 0 1 4.47677 33
-164.839 -31.3471 -37.9925 0.97237 0.233445 0 1 4.47677 33
-164.839 -31.3471 -34.7925 0.97237 0.233445 0 1 4.47677 33
-164.839 -31.3471 -31.5925 0.97237 0.233445 0 1 4.47677 33
-164.839 -31.3471 -28.3925 0.97237 0.233445 0 1 4.47677 33
-165.586 -28.2355 -50.7925 0.97237 0.233445 0 1 4.47677 33
-165.586 -28.2355 -47.5925 0.97237 0.233445 0 1 4.47677 33
-165.586 -28.2355 -44.3925 0.97237 0.233445 0 1 4.47677 33
-165.586 -28.2355 -41.1925 0.97237 0.233445 0 1 4.47677 33
-165.586 -28.2355 -37.9925 0.97237 0.233445 0 1 4.47677 33
-165.586 -28.2355 -34.7925 0.97237 0.233445 0 1 4.47677 33
-165.586 -28.2355 -31.5925 0.97237 0.233445 0 1 4.47677 33
-165.586 -28.2355 -28.3925 0.97237 0.233445 0 1 4.47677 33
160.357 50.0166 -24.3975 -0.97237 -0.233445 0 0 1.33518 34
160.357 50.0166 -21.1975 -0.97237 -0.233445 0 0 1.33518 34
160.357 50.0166 -17.9975 -0.97237 -0.233445 0 0 1.33518 34
160.357 50.0166 -14.7975 -0.97237 -0.233445 0 0 1.33518 34
160.357 50.0166 -11.5975 -0.97237 -0.233445 0 0 1.33518 34
160.357 50.0166 -8.3975 -0.97237 -0.233445 2.36848e-16 0 1.33518 34
160.357 50.0166 -5.1975 -0.97237 -0.233445 0 0 1.33518 34
160.357 50.0166 -1.9975 -0.97237 -0.233445 0 0 1.33518 34
161.104 46.905 -24.3975 -0.97237 -0.233445 0 0 1.33518 34
161.104 46.905 -21.1975 -0.97237 -0.233445 0 0 1.33518 34
161.104 46.905 -17.9975 -0.97237 -0.233445 0 0 1.33518 34
161.104 46.905 -14.7975 -0.97237 -0.233445 0 0 1.33518 34
161.104 46.905 -11.5975 -0.97237 -0.233445 0 0 1.33518 34
161.104 46.905 -8.3975 -0.97237 -0.233445 2.36848e-16 0 1.33518 34
161.104 46.905 -5.1975 -0.97237 -0.233445 0 0 1.33518 34
161.104 46.905 -1.9975 -0.97237 -0.233445 0 0 1.33518 34
161.851 43.7934 -24.3975 -0.97237 -0.233445 0 0 1.33518 34
161.851 43.7934 -21.1975 -0.97237 -0.233445 0 0 1.33518 34
161.851 43.7934 -17.9975 -0.97237 -0.233445 0 0 1.33518 34
161.851 43.7934 -14.7975 -0.97237 -0.233445 0 0 1.33518 34
161.851 43.7934 -11.5975 -0.97237 -0.233445 0 0 1.33518 34
161.851 43.7934 -8.3975 -0.97237 -0.233445 2.36848e-16 0 1.33518 34
161.851 43.7934 -5.1975 -0.97237 -0.233445 0 0 1.33518 34
161.851 43.7934 -1.9975 -0.97237 -0.233445 0 0 1.33518 34
162.598 40.6818 -24.3975 -0.97237 -0.233445 0 0 1.33518 34
162.598 40.6818 -21.1975 -0.97237 -0.233445 0 0 1.33518 34
162.598 40.6818 -17.9975 -0.97237 -0.233445 0 0 1.33518 34
162.598 40.6818 -14.7975 -0.97237 -0.233445 0 0 1.33518 34
162.598 40.6818 -11.5975 -0.97237 -0.233445 0 0 1.33518 34
162.598 40.6818 -8.3975 -0.97237 -0.233445 2.36848e-16 0 1.33518 34
162.598 40.6818 -5.1975 -0.97237 -0.233445 0 0 1.33518 34
162.598 40.6818 -1.9975 -0.97237 -0.233445 0 0 1.33518 34
163.345 37.5702 -24.3975 -0.97237 -0.233445 0 0 1.33518 34
163.345 37.5702 -21.1975 -0.97237 -0.233445 0 0 1.33518 34
163.345 37.5702 -17.9975 -0.97237 -0.233445 0 0 1.33518 34
163.345 37.5702 -14.7975 -0.97237 -0.233445 0 0 1.33518 34
163.345 37.5702 -11.5975 -0.97237 -0.233445 0 0 1.33518 34
163.345 37.5702 -8.3975 -0.97237 -0.233445 2.36848e-16 0 1.33518 34
163.345 37.5702 -5.1975 -0.97237 -0.233445 0 0 1.33518 34
163.345 37.5702 -1.9975 -0.97237 -0.233445 0 0 1.33518 34
164.092 34.4587 -24.3975 -0.97237 -0.233445 0 0 1.33518 34
164.092 34.4587 -21.1975 -0.97237 -0.233445 0 0 1.33518 34
164.092 34.4587 -17.9975 -0.97237 -0.233445 0 0 1.33518 34
164.092 34.4587 -14.7975 -0.97237 -0.233445 0 0 1.33518 34
164.092 34.4587 -11.5975 -0.97237 -0.233445 0 0 1.33518 34
164.092 34.4587 -8.3975 -0.97237 -0.233445 2.36848e-16 0 1.33518 34
164.092 34.4587 -5.1975 -0.97237 -0.233445 0 0 1.33518 34
164.092 34.4587 -1.9975 -0.97237 -0.233445 0 0 1.33518 34
164.839 31.3471 -24.3975 -0.97237 -0.233445 0 0 1.33518 34
164.839 31.3471 -21.1975 -0.97237 -0.233445 0 0 1.33518 34
164.839 31.3471 -17.9975 -0.97237 -0.233445 0 0 1.33518 34
164.839 31.3471 -14.7975 -0.97237 -0.233445 0 0 1.33518 34
164.839 31.3471 -11.5975 -0.97237 -0.233445 0 0 1.33518 34
164.839 31.3471 -8.3975 -0.97237 -0.233445 2.36848e-16 0 1.33518 34
164.839 31.3471 -5.1975 -0.97237 -0.233445 0 0 1.33518 34
164.839 31.3471 -1.9975 -0.97237 -0.233445 0 0 1.33518 34
165.586 28.2355 -24.3975 -0.97237 -0.233445 0 0 1.33518 34
165.586 28.2355 -21.1975 -0.97237 -0.233445 0 0 1.33518 34
165.586 28.2355 -17.9975 -0.97237 -0.233445 0 0 1.33518 34
165.586 28.2355 -14.7975 -0.97237 -0.233445 0 0 1.33518 34
165.586 28.2355 -11.5975 -0.97237 -0.233445 0 0 1.33518 34
165.586 28.2355 -8.3975 -0.97237 -0.233445 2.36848e-16 0 1.33518 34
165.586 28.2355 -5.1975 -0.97237 -0.233445 0 0 1.33518 34
165.586 28.2355 -1.9975 -0.97237 -0.233445 0 0 1.33518 34
-160.357 -50.0166 -24.3975 0.97237 0.233445 0 1 4.47677 35
-160.357 -50.0166 -21.1975 0.97237 0.233445 0 1 4.47677 35
-160.357 -50.0166 -17.9975 0.97237 0.233445 0 1 4.47677 35
-160.357 -50.0166 -14.7975 0.97237 0.233445 0 1 4.47677 35
-160.357 -50.0166 -11.5975 0.97237 0.233445 0 1 4.47677 35
-160.357 -50.0166 -8.3975 0.97237 0.233445 2.36848e-16 1 4.47677 35
-160.357 -50.0166 -5.1975 0.97237 0.233445 0 1 4.47677 35
-160.357 -50.0166 -1.9975 0.97237 0.233445 0 1 4.47677 35
-161.104 -46.905 -24.3975 0.97237 0.233445 0 1 4.47677 35
-161.104 -46.905 -21.1975 0.97237 0.233445 0 1 4.47677 35
-161.104 -46.905 -17.9975 0.97237 0.233445 0 1 4.47677 35
-161.104 -46.905 -14.7975 0.97237 0.233445 0 1 4.47677 35
-161.104 -46.905 -11.5975 0.97237 0.233445 0 1 4.47677 35
-161.104 -46.905 -8.3975 0.97237 0.233445 2.36848e-16 1 4.47677 35
-161.104 -46.905 -5.1975 0.97237 0.233445 0 1 4.47677 35
-161.104 -46.905 -1.9975 0.97237 0.233445 0 1 4.47677 35
-161.851 -43.7934 -24.3975 0.97237 0.233445 0 1 4.47677 35
-161.851 -43.7934 -21.1975 0.97237 0.233445 0 1 4.47677 35
-161.851 -43.7934 -17.9975 0.97237 0.233445 0 1 4.47677 35
-161.851 -43.7934 -14.7975 0.97237 0.233445 0 1 4.47677 35
-161.851 -43.7934 -11.5975 0.97237 0.233445 0 1 4.47677 35
-161.851 -43.7934 -8.3975 0.97237 0.233445 2.36848e-16 1 4.47677 35
-161.851 -43.7934 -5.1975 0.97237 0.233445 0 1 4.47677 35
-161.851 -43.7934 -1.9975 0.97237 0.233445 0 1 4.47677 35
-162.598 -40.6818 -24.3975 0.97237 0.233445 0 1 4.47677 35
-162.598 -40.6818 -21.1975 0.97237 0.233445 0 1 4.47677 35
-162.598 -40.6818 -17.9975 0.97237 0.233445 0 1 4.47677 35
-162.598 -40.6818 -14.7975 0.97237 0.233445 0 1 4.47677 35
-162.598 -40.6818 -11.5975 0.97237 0.233445 0 1 4.47677 35
-162.598 -40.6818 -8.3975 0.97237 0.233445 2.36848e-16 1 4.47677 35
-162.598 -40.6818 -5.1975 0.97237 0.233445 0 1 4.47677 35
-162.598 -40.6818 -1.9975 0.97237 0.233445 0 1 4.47677 35
-163.345 -37.5702 -24.3975 0.97237 0.233445 0 1 4.47677 35
-163.345 -37.5702 -21.1975 0.97237 0.233445 0 1 4.47677 35
-163.345 -37.5702 -17.9975 0.97237 0.233445 0 1 4.47677 35
-163.345 -37.5702 -14.7975 0.97237 0.233445 0 1 4.47677 35
-163.345 -37.5702 -11.5975 0.97237 0.233445 0 1 4.47677 35
-163.345 -37.5702 -8.3975 0.97237 0.233445 2.36848e-16 1 4.47677 35
-163.345 -37.5702 -5.1975 0.97237 0.233445 0 1 4.47677 35
-163.345 -37.5702 -1.9975 0.97237 0.233445 0 1 4.47677 35
-164.092 -34.4587 -24.3975 0.97237 0.233445 0 1 4.47677 35
-164.092 -34.4587 -21.1975 0.97237 0.233445 0 1 4.47677 35
-164.092 -34.4587 -17.9975 0.97237 0.233445 0 1 4.47677 35
-164.092 -34.4587 -14.7975 0.97237 0.233445 0 1 4.47677 35
-164.092 -34.4587 -11.5975 0.97237 0.233445 0 1 4.47677 35
-164.092 -34.4587 -8.3975 0.97237 0.233445 2.36848e-16 1 4.47677 35
-164.092 -34.4587 -5.1975 0.97237 0.233445 0 1 4.47677 35
-164.092 -34.4587 -1.9975 0.97237 0.233445 0 1 4.47677 35
-164.839 -31.3471 -24.3975 0.97237 0.233445 0 1 4.47677 35
-164.839 -31.3471 -21.1975 0.97237 0.233445 0 1 4.47677 35
-164.839 -31.3471 -17.9975 0.97237 0.233445 0 1 4.47677 35
-164.839 -31.3471 -14.7975 0.97237 0.233445 0 1 4.47677 35
-164.839 -31.3471 -11.5975 0.97237 0.233445 0 1 4.47677 35
-164.839 -31.3471 -8.3975 0.97237 0.233445 2.36848e-16 1 4.47677 35
-164.839 -31.3471 -5.1975 0.97237 0.233445 0 1 4.47677 35
-164.839 -31.3471 -1.9975 0.97237 0.233445 0 1 4.47677 35
-165.586 -28.2355 -24.3975 0.97237 0.233445 0 1 4.47677 35
-165.586 -28.2355 -21.1975 0.97237 0.233445 0 1 4.47677 35
-165.586 -28.2355 -17.9975 0.97237 0.233445 0 1 4.47677 35
-165.586 -28.2355 -14.7975 0.97237 0.233445 0 1 4.47677 35
-165.586 -28.2355 -11.5975 0.97237 0.233445 0 1 4.47677 35
-165.586 -28.2355 -8.3975 0.97237 0.233445 2.36848e-16 1 4.47677 35
-165.586 -28.2355 -5.1975 0.97237 0.233445 0 1 4.47677 35
-165.586 -28.2355 -1.9975 0.97237 0.233445 0 1 4.47677 35
160.357 50.0166 1.9975 -0.97237 -0.233445 0 0 1.33518 36
160.357 50.0166 5.1975 -0.97237 -0.233445 1.18424e-16 0 1.33518 36
160.357 50.0166 8.3975 -0.97237 -0.233445 2.36848e-16 0 1.33518 36
160.357 50.0166 11.5975 -0.97237 -0.233445 0 0 1.33518 36
160.357 50.0166 14.7975 -0.97237 -0.233445 0 0 1.33518 36
160.357 50.0166 17.9975 -0.97237 -0.233445 4.73695e-16 0 1.33518 36
160.357 50.0166 21.1975 -0.97237 -0.233445 0 0 1.33518 36
160.357 50.0166 24.3975 -0.97237 -0.233445 0 0 1.33518 36
161.104 46.905 1.9975 -0.97237 -0.233445 0 0 1.33518 36
161.104 46.905 5.1975 -0.97237 -0.233445 1.18424e-16 0 1.33518 36
161.104 46.905 8.3975 -0.97237 -0.233445 2.36848e-16 0 1.33518 36
161.104 46.905 11.5975 -0.97237 -0.233445 0 0 1.33518 36
161.104 46.905 14.7975 -0.97237 -0.233445 0 0 1.33518 36
161.104 46.905 17.9975 -0.97237 -0.233445 4.73695e-16 0 1.33518 36
161.104 46.905 21.1975 -0.97237 -0.233445 0 0 1.33518 36
161.104 46.905 24.3975 -0.97237 -0.233445 0 0 1.33518 36
161.851 43.7934 1.9975 -0.97237 -0.233445 0 0 1.33518 36
161.851 43.7934 5.1975 -0.97237 -0.233445 1.18424e-16 0 1.33518 36
161.851 43.7934 8.3975 -0.97237 -0.233445 2.36848e-16 0 1.33518 36
161.851 43.7934 11.5975 -0.97237 -0.233445 0 0 1.33518 36
161.851 43.7934 14.7975 -0.97237 -0.233445 0 0 1.33518 36
161.851 43.7934 17.9975 -0.97237 -0.233445 4.73695e-16 0 1.33518 36
161.851 43.7934 21.1975 -0.97237 -0.233445 0 0 1.33518 36
161.851 43.7934 24.3975 -0.97237 -0.233445 0 0 1.33518 36
162.598 40.6818 1.9975 -0.97237 -0.233445 0 0 1.33518 36
162.598 40.6818 5.1975 -0.97237 -0.233445 1.18424e-16 0 1.33518 36
162.598 40.6818 8.3975 -0.97237 -0.233445 2.36848e-16 0 1.33518 36
162.598 40.6818 11.5975 -0.97237 -0.233445 0 0 1.33518 36
162.598 40.6818 14.7975 -0.97237 -0.233445 0 0 1.33518 36
162.598 40.6818 17.9975 -0.97237 -0.233445 4.73695e-16 0 1.33518 36
162.598 40.6818 21.1975 -0.97237 -0.233445 0 0 1.33518 36
162.598 40.6818 24.3975 -0.97237 -0.233445 0 0 1.33518 36
163.345 37.5702 1.9975 -0.97237 -0.233445 0 0 1.33518 36
163.345 37.5702 5.1975 -0.97237 -0.233445 1.18424e-16 0 1.33518 36
163.345 37.5702 8.3975 -0.97237 -0.233445 2.36848e-16 0 1.33518 36
163.345 37.5702 11.5975 -0.97237 -0.233445 0 0 1.33518 36
163.345 37.5702 14.7975 -0.97237 -0.233445 0 0 1.33518 36
163.345 37.5702 17.9975 -0.97237 -0.233445 4.73695e-16 0 1.33518 36
163.345 37.5702 21.1975 -0.97237 -0.233445 0 0 1.33518 36
163.345 37.5702 24.3975 -0.97237 -0.233445 0 0 1.33518 36
164.092 34.4587 1.9975 -0.97237 -0.233445 0 0 1.33518 36
164.092 34.4587 5.1975 -0.97237 -0.233445 1.18424e-16 0 1.33518 36
164.092 34.4587 8.3975 -0.97237 -0.233445 2.36848e-16 0 1.33518 36
164.092 34.4587 11.5975 -0.97237 -0.233445 0 0 1.33518 36
164.092 34.4587 14.7975 -0.97237 -0.233445 0 0 1.33518 36
164.092 34.4587 17.9975 -0.97237 -0.233445 4.73695e-16 0 1.33518 36
164.092 34.4587 21.1975 -0.97237 -0.233445 0 0 1.33518 36
164.092 34.4587 24.3975 -0.97237 -0.233445 0 0 1.33518 36
164.839 31.3471 1.9975 -0.97237 -0.233445 0 0 1.33518 36
164.839 31.3471 5.1975 -0.97237 -0.233445 1.18424e-16 0 1.33518 36
164.839 31.3471 8.3975 -0.97237 -0.233445 2.36848e-16 0 1.33518 36
164.839 31.3471 11.5975 -0.97237 -0.233445 0 0 1.33518 36
164.839 31.3471 14.7975 -0.97237 -0.233445 0 0 1.33518 36
164.839 31.3471 17.9975 -0.97237 -0.233445 4.73695e-16 0 1.33518 36
164.839 31.3471 21.1975 -0.97237 -0.233445 0 0 1.33518 36
164.839 31.3471 24.3975 -0.97237 -0.233445 0 0 1.33518 36
165.586 28.2355 1.9975 -0.97237 -0.233445 0 0 1.33518 36
165.586 28.2355 5.1975 -0.97237 -0.233445 1.18424e-16 0 1.33518 36
165.586 28.2355 8.3975 -0.97237 -0.233445 2.36848e-16 0 1.33518 36
165.586 28.2355 11.5975 -0.97237 -0.233445 0 0 1.33518 36
165.586 28.2355 14.7975 -0.97237 -0.233445 0 0 1.33518 36
165.586 28.2355 17.9975 -0.97237 -0.233445 4.73695e-16 0 1.33518 36
165.586 28.2355 21.1975 -0.97237 -0.233445 0 0 1.33518 36
165.586 28.2355 24.3975 -0.97237 -0.233445 0 0 1.33518 36
-160.357 -50.0166 1.9975 0.97237 0.233445 0 1 4.47677 37
-160.357 -50.0166 5.1975 0.97237 0.233445 1.18424e-16 1 4.47677 37
-160.357 -50.0166 8.3975 0.97237 0.233445 2.36848e-16 1 4.47677 37
-160.357 -50.0166 11.5975 0.97237 0.233445 0 1 4.47677 37
-160.357 -50.0166 14.7975 0.97237 0.233445 0 1 4.47677 37
-160.357 -50.0166 17.9975 0.97237 0.233445 4.73695e-16 1 4.47677 37
-160.357 -50.0166 21.1975 0.97237 0.233445 0 1 4.47677 37
-160.357 -50.0166 24.3975 0.97237 0.233445 0 1 4.47677 37
-161.104 -46.905 1.9975 0.97237 0.233445 0 1 4.47677 37
-161.104 -46.905 5.1975 0.97237 0.233445 1.18424e-16 1 4.47677 37
-161.104 -46.905 8.3975 0.97237 0.233445 2.36848e-16 1 4.47677 37
-161.104 -46.905 11.5975 0.97237 0.233445 0 1 4.47677 37
-161.104 -46.905 14.7975 0.97237 0.233445 0 1 4.47677 37
-161.104 -46.905 17.9975 0.97237 0.233445 4.73695e-16 1 4.47677 37
-161.104 -46.905 21.1975 0.97237 0.233445 0 1 4.47677 37
-161.104 -46.905 24.3975 0.97237 0.233445 0 1 4.47677 37
-161.851 -43.7934 1.9975 0.97237 0.233445 0 1 4.47677 37
-161.851 -43.7934 5.1975 0.97237 0.233445 1.18424e-16 1 4.47677 37
-161.851 -43.7934 8.3975 0.97237 0.233445 2.36848e-16 1 4.47677 37
-161.851 -43.7934 11.5975 0.97237 0.233445 0 1 4.47677 37
-161.851 -43.7934 14.7975 0.97237 0.233445 0 1 4.47677 37
-161.851 -43.7934 17.9975 0.97237 0.233445 4.73695e-16 1 4.47677 37
-161.851 -43.7934 21.1975 0.97237 0.233445 0 1 4.47677 37
-161.851 -43.7934 24.3975 0.97237 0.233445 0 1 4.47677 37
-162.598 -40.6818 1.9975 0.97237 0.233445 0 1 4.47677 37
-162.598 -40.6818 5.1975 0.97237 0.233445 1.18424e-16 1 4.47677 37
-162.598 -40.6818 8.3975 0.97237 0.233445 2.36848e-16 1 4.47677 37
-162.598 -40.6818 11.5975 0.97237 0.233445 0 1 4.47677 37
-162.598 -40.6818 14.7975 0.97237 0.233445 0 1 4.47677 37
-162.598 -40.6818 17.9975 0.97237 0.233445 4.73695e-16 1 4.47677 37
-162.598 -40.6818 21.1975 0.97237 0.233445 0 1 4.47677 37
-162.598 -40.6818 24.3975 0.97237 0.233445 0 1 4.47677 37
-163.345 -37.5702 1.9975 0.97237 0.233445 0 1 4.47677 37
-163.345 -37.5702 5.1975 0.97237 0.233445 1.18424e-16 1 4.47677 37
-163.345 -37.5702 8.3975 0.97237 0.233445 2.36848e-16 1 4.47677 37
-163.345 -37.5702 11.5975 0.97237 0.233445 0 1 4.47677 37
-163.345 -37.5702 14.7975 0.97237 0.233445 0 1 4.47677 37
-163.345 -37.5702 17.9975 0.97237 0.233445 4.73695e-16 1 4.47677 37
-163.345 -37.5702 21.1975 0.97237 0.233445 0 1 4.47677 37
-163.345 -37.5702 24.3975 0.97237 0.233445 0 1 4.47677 37
-164.092 -34.4587 1.9975 0.97237 0.233445 0 1 4.47677 37
-164.092 -34.4587 5.1975 0.97237 0.233445 1.18424e-16 1 4.47677 37
-164.092 -34.4587 8.3975 0.97237 0.233445 2.36848e-16 1 4.47677 37
-164.092 -34.4587 11.5975 0.97237 0.233445 0 1 4.47677 37
-164.092 -34.4587 14.7975 0.97237 0.233445 0 1 4.47677 37
-164.092 -34.4587 17.9975 0.97237 0.233445 4.73695e-16 1 4.47677 37
-164.092 -34.4587 21.1975 0.97237 0.233445 0 1 4.47677 37
-164.092 -34.4587 24.3975 0.97237 0.233445 0 1 4.47677 37
-164.839 -31.3471 1.9975 0.97237 0.233445 0 1 4.47677 37
-164.839 -31.3471 5.1975 0.97237 0.233445 1.18424e-16 1 4.47677 37
-164.839 -31.3471 8.3975 0.97237 0.233445 2.36848e-16 1 4.47677 37
-164.839 -31.3471 11.5975 0.97237 0.233445 0 1 4.47677 37
-164.839 -31.3471 14.7975 0.97237 0.233445 0 1 4.47677 37
-164.839 -31.3471 17.9975 0.97237 0.233445 4.73695e-16 1 4.47677 37
-164.839 -31.3471 21.1975 0.97237 0.233445 0 1 4.47677 37
-164.839 -31.3471 24.3975 0.97237 0.233445 0 1 4.47677 37
-165.586 -28.2355 1.9975 0.97237 0.233445 0 1 4.47677 37
-165.586 -28.2355 5.1975 0.97237 0.233445 1.18424e-16 1 4.47677 37
-165.586 -28.2355 8.3975 0.97237 0.233445 2.36848e-16 1 4.47677 37
-165.586 -28.2355 11.5975 0.97237 0.233445 0 1 4.47677 37
-165.586 -28.2355 14.7975 0.97237 0.233445 0 1 4.47677 37
-165.586 -28.2355 17.9975 0.97237 0.233445 4.73695e-16 1 4.47677 37
-165.586 -28.2355 21.1975 0.97237 0.233445 0 1 4.47677 37
-165.586 -28.2355 24.3975 0.97237 0.233445 0 1 4.47677 37
160.357 50.0166 28.3925 -0.97237 -0.233445 0 0 1.33518 38
160.357 50.0166 31.5925 -0.97237 -0.233445 0 0 1.33518 38
160.357 50.0166 34.7925 -0.97237 -0.233445 0 0 1.33518 38
160.357 50.0166 37.9925 -0.97237 -0.233445 0 0 1.33518 38
160.357 50.0166 41.1925 -0.97237 -0.233445 0 0 1.33518 38
160.357 50.0166 44.3925 -0.97237 -0.233445 0 0 1.33518 38
160.357 50.0166 47.5925 -0.97237 -0.233445 0 0 1.33518 38
160.357 50.0166 50.7925 -0.97237 -0.233445 0 0 1.33518 38
161.104 46.905 28.3925 -0.97237 -0.233445 0 0 1.33518 38
161.104 46.905 31.5925 -0.97237 -0.233445 0 0 1.33518 38
161.104 46.905 34.7925 -0.97237 -0.233445 0 0 1.33518 38
161.104 46.905 37.9925 -0.97237 -0.233445 0 0 1.33518 38
161.104 46.905 41.1925 -0.97237 -0.233445 0 0 1.33518 38
161.104 46.905 44.3925 -0.97237 -0.233445 0 0 1.33518 38
161.104 46.905 47.5925 -0.97237 -0.233445 0 0 1.33518 38
161.104 46.905 50.7925 -0.97237 -0.233445 0 0 1.33518 38
161.851 43.7934 28.3925 -0.97237 -0.233445 0 0 1.33518 38
161.851 43.7934 31.5925 -0.97237 -0.233445 0 0 1.33518 38
161.851 43.7934 34.7925 -0.97237 -0.233445 0 0 1.33518 38
161.851 43.7934 37.9925 -0.97237 -0.233445 0 0 1.33518 38
161.851 43.7934 41.1925 -0.97237 -0.233445 0 0 1.33518 38
161.851 43.7934 44.3925 -0.97237 -0.233445 0 0 1.33518 38
161.851 43.7934 47.5925 -0.97237 -0.233445 0 0 1.33518 38
161.851 43.7934 50.7925 -0.97237 -0.233445 0 0 1.33518 38
162.598 40.6818 28.3925 -0.97237 -0.233445 0 0 1.33518 38
162.598 40.6818 31.5925 -0.97237 -0.233445 0 0 1.33518 38
162.598 40.6818 34.7925 -0.97237 -0.233445 0 0 1.33518 38
162.598 40.6818 37.9925 -0.97237 -0.233445 0 0 1.33518 38
162.598 40.6818 41.1925 -0.97237 -0.233445 0 0 1.33518 38
162.598 40.6818 44.3925 -0.97237 -0.233445 0 0 1.33518 38
162.598 40.6818 47.5925 -0.97237 -0.233445 0 0 1.33518 38
162.598 40.6818 50.7925 -0.97237 -0.233445 0 0 1.33518 38
163.345 37.5702 28.3925 -0.97237 -0.233445 0 0 1.33518 38
163.345 37.5702 31.5925 -0.97237 -0.233445 0 0 1.33518 38
163.345 37.5702 34.7925 -0.97237 -0.233445 0 0 1.33518 38
163.345 37.5702 37.9925 -0.97237 -0.233445 0 0 1.33518 38
163.345 37.5702 41.1925 -0.97237 -0.233445 0 0 1.33518 38
163.345 37.5702 44.3925 -0.97237 -0.233445 0 0 1.33518 38
163.345 37.5702 47.5925 -0.97237 -0.233445 0 0 1.33518 38
163.345 37.5702 50.7925 -0.97237 -0.233445 0 0 1.33518 38
164.092 34.4587 28.3925 -0.97237 -0.233445 0 0 1.33518 38
164.092 34.4587 31.5925 -0.97237 -0.233445 0 0 1.33518 38
164.092 34.4587 34.7925 -0.97237 -0.233445 0 0 1.33518 38
164.092 34.4587 37.9925 -0.97237 -0.233445 0 0 1.33518 38
164.092 34.4587 41.1925 -0.97237 -0.233445 0 0 1.33518 38
164.092 34.4587 44.3925 -0.97237 -0.233445 0 0 1.33518 38
164.092 34.4587 47.5925 -0.97237 -0.233445 0 0 1.33518 38
164.092 34.4587 50.7925 -0.97237 -0.233445 0 0 1.33518 38
164.839 31.3471 28.3925 -0.97237 -0.233445 0 0 1.33518 38
164.839 31.3471 31.5925 -0.97237 -0.233445 0 0 1.33518 38
164.839 31.3471 34.7925 -0.97237 -0.233445 0 0 1.33518 38
164.839 31.3471 37.9925 -0.97237 -0.233445 0 0 1.33518 38
164.839 31.3471 41.1925 -0.97237 -0.233445 0 0 1.33518 38
164.839 31.3471 44.3925 -0.97237 -0.233445 0 0 1.33518 38
164.839 31.3471 47.5925 -0.97237 -0.233445 0 0 1.33518 38
164.839 31.3471 50.7925 -0.97237 -0.233445 0 0 1.33518 38
165.586 28.2355 28.3925 -0.97237 -0.233445 0 0 1.33518 38
165.586 28.2355 31.5925 -0.97237 -0.233445 0 0 1.33518 38
165.586 28.2355 34.7925 -0.97237 -0.233445 0 0 1.33518 38
165.586 28.2355 37.9925 -0.97237 -0.233445 0 0 1.33518 38
165.586 28.2355 41.1925 -0.97237 -0.233445 0 0 1.33518 38
165.586 28.2355 44.3925 -0.97237 -0.233445 0 0 1.33518 38
165.586 28.2355 47.5925 -0.97237 -0.233445 0 0 1.33518 38
165.586 28.2355 50.7925 -0.97237 -0.233445 0 0 1.33518 38
-160.357 -50.0166 28.3925 0.97237 0.233445 0 1 4.47677 39
-160.357 -50.0166 31.5925 0.97237 0.233445 0 1 4.47677 39
-160.357 -50.0166 34.7925 0.97237 0.233445 0 1 4.47677 39
-160.357 -50.0166 37.9925 0.97237 0.233445 0 1 4.47677 39
-160.357 -50.0166 41.1925 0.97237 0.233445 0 1 4.47677 39
-160.357 -50.0166 44.3925 0.97237 0.233445 0 1 4.47677 39
-160.357 -50.0166 47.5925 0.97237 0.233445 0 1 4.47677 39
-160.357 -50.0166 50.7925 0.97237 0.233445 0 1 4.47677 39
-161.104 -46.905 28.3925 0.97237 0.233445 0 1 4.47677 39
-161.104 -46.905 31.5925 0.97237 0.233445 0 1 4.47677 39
-161.104 -46.905 34.7925 0.97237 0.233445 0 1 4.47677 39
-161.104 -46.905 37.9925 0.97237 0.233445 0 1 4.47677 39
-161.104 -46.905 41.1925 0.97237 0.233445 0 1 4.47677 39
-161.104 -46.905 44.3925 0.97237 0.233445 0 1 4.47677 39
-161.104 -46.905 47.5925 0.97237 0.233445 0 1 4.47677 39
-161.104 -46.905 50.7925 0.97237 0.233445 0 1 4.47677 39
-161.851 -43.7934 28.3925 0.97237 0.233445 0 1 4.47677 39
-161.851 -43.7934 31.5925 0.97237 0.233445 0 1 4.47677 39
-161.851 -43.7934 34.7925 0.97237 0.233445 0 1 4.47677 39
-161.851 -43.7934 37.9925 0.97237 0.233445 0 1 4.47677 39
-161.851 -43.7934 41.1925 0.97237 0.233445 0 1 4.47677 39
-161.851 -43.7934 44.3925 0.97237 0.233445 0 1 4.47677 39
-161.851 -43.7934 47.5925 0.97237 0.233445 0 1 4.47677 39
-161.851 -43.7934 50.7925 0.97237 0.233445 0 1 4.47677 39
-162.598 -40.6818 28.3925 0.97237 0.233445 0 1 4.47677 39
-162.598 -40.6818 31.5925 0.97237 0.233445 0 1 4.47677 39
-162.598 -40.6818 34.7925 0.97237 0.233445 0 1 4.47677 39
-162.598 -40.6818 37.9925 0.97237 0.233445 0 1 4.47677 39
-162.598 -40.6818 41.1925 0.97237 0.233445 0 1 4.47677 39
-162.598 -40.6818 44.3925 0.97237 0.233445 0 1 4.47677 39
-162.598 -40.6818 47.5925 0.97237 0.233445 0 1 4.47677 39
-162.598 -40.6818 50.7925 0.97237 0.233445 0 1 4.47677 39
-163.345 -37.5702 28.3925 0.97237 0.233445 0 1 4.47677 39
-163.345 -37.5702 31.5925 0.97237 0.233445 0 1 4.47677 39
-163.345 -37.5702 34.7925 0.97237 0.233445 0 1 4.47677 39
-163.345 -37.5702 37.9925 0.97237 0.233445 0 1 4.47677 39
-163.345 -37.5702 41.1925 0.97237 0.233445 0 1 4.47677 39
-163.345 -37.5702 44.3925 0.97237 0.233445 0 1 4.47677 39
-163.345 -37.5702 47.5925 0.97237 0.233445 0 1 4.47677 39
-163.345 -37.5702 50.7925 0.97237 0.233445 0 1 4.47677 39
-164.092 -34.4587 28.3925 0.97237 0.233445 0 1 4.47677 39
-164.092 -34.4587 31.5925 0.97237 0.233445 0 1 4.47677 39
-164.092 -34.4587 34.7925 0.97237 0.233445 0 1 4.47677 39
-164.092 -34.4587 37.9925 0.97237 0.233445 0 1 4.47677 39
-164.092 -34.4587 41.1925 0.97237 0.233445 0 1 4.47677 39
-164.092 -34.4587 44.3925 0.97237 0.233445 0 1 4.47677 39
-164.092 -34.4587 47.5925 0.97237 0.233445 0 1 4.47677 39
-164.092 -34.4587 50.7925 0.97237 0.233445 0 1 4.47677 39
-164.839 -31.3471 28.3925 0.97237 0.233445 0 1 4.47677 39
-164.839 -31.3471 31.5925 0.97237 0.233445 0 1 4.47677 39
-164.839 -31.3471 34.7925 0.97237 0.233445 0 1 4.47677 39
-164.839 -31.3471 37.9925 0.97237 0.233445 0 1 4.47677 39
-164.839 -31.3471 41.1925 0.97237 0.233445 0 1 4.47677 39
-164.839 -31.3471 44.3925 0.97237 0.233445 0 1 4.47677 39
-164.839 -31.3471 47.5925 0.97237 0.233445 0 1 4.47677 39
-164.839 -31.3471 50.7925 0.97237 0.233445 0 1 4.47677 39
-165.586 -28.2355 28.3925 0.97237 0.233445 0 1 4.47677 39
-165.586 -28.2355 31.5925 0.97237 0.233445 0 1 4.47677 39
-165.586 -28.2355 34.7925 0.97237 0.233445 0 1 4.47677 39
-165.586 -28.2355 37.9925 0.97237 0.233445 0 1 4.47677 39
-165.586 -28.2355 41.1925 0.97237 0.233445 0 1 4.47677 39
-165.586 -28.2355 44.3925 0.97237 0.233445 0 1 4.47677 39
-165.586 -28.2355 47.5925 0.97237 0.233445 0 1 4.47677 39
-165.586 -28.2355 50.7925 0.97237 0.233445 0 1 4.47677 39
166.207 24.3154 -50.7925 -0.996917 -0.0784591 0 0 1.49226 40
166.207 24.3154 -47.5925 -0.996917 -0.0784591 0 0 1.49226 40
166.207 24.3154 -44.3925 -0.996917 -0.0784591 0 0 1.49226 40
166.207 24.3154 -41.1925 -0.996917 -0.0784591 0 0 1.49226 40
166.207 24.3154 -37.9925 -0.996917 -0.0784591 0 0 1.49226 40
166.207 24.3154 -34.7925 -0.996917 -0.0784591 0 0 1.49226 40
166.207 24.3154 -31.5925 -0.996917 -0.0784591 0 0 1.49226 40
166.207 24.3154 -28.3925 -0.996917 -0.0784591 0 0 1.49226 40
166.458 21.1253 -50.7925 -0.996917 -0.0784591 0 0 1.49226 40
166.458 21.1253 -47.5925 -0.996917 -0.0784591 0 0 1.49226 40
166.458 21.1253 -44.3925 -0.996917 -0.0784591 0 0 1.49226 40
166.458 21.1253 -41.1925 -0.996917 -0.0784591 0 0 1.49226 40
166.458 21.1253 -37.9925 -0.996917 -0.0784591 0 0 1.49226 40
166.458 21.1253 -34.7925 -0.996917 -0.0784591 0 0 1.49226 40
166.458 21.1253 -31.5925 -0.996917 -0.0784591 0 0 1.49226 40
166.458 21.1253 -28.3925 -0.996917 -0.0784591 0 0 1.49226 40
166.709 17.9351 -50.7925 -0.996917 -0.0784591 0 0 1.49226 40
166.709 17.9351 -47.5925 -0.996917 -0.0784591 0 0 1.49226 40
166.709 17.9351 -44.3925 -0.996917 -0.0784591 0 0 1.49226 40
166.709 17.9351 -41.1925 -0.996917 -0.0784591 0 0 1.49226 40
166.709 17.9351 -37.9925 -0.996917 -0.0784591 0 0 1.49226 40
166.709 17.9351 -34.7925 -0.996917 -0.0784591 0 0 1.49226 40
166.709 17.9351 -31.5925 -0.996917 -0.0784591 0 0 1.49226 40
166.709 17.9351 -28.3925 -0.996917 -0.0784591 0 0 1.49226 40
166.96 14.745 -50.7925 -0.996917 -0.0784591 0 0 1.49226 40
166.96 14.745 -47.5925 -0.996917 -0.0784591 0 0 1.49226 40
166.96 14.745 -44.3925 -0.996917 -0.0784591 0 0 1.49226 40
166.96 14.745 -41.1925 -0.996917 -0.0784591 0 0 1.49226 40
166.96 14.745 -37.9925 -0.996917 -0.0784591 0 0 1.49226 40
166.96 14.745 -34.7925 -0.996917 -0.0784591 0 0 1.49226 40
166.96 14.745 -31.5925 -0.996917 -0.0784591 0 0 1.49226 40
166.96 14.745 -28.3925 -0.996917 -0.0784591 0 0 1.49226 40
167.211 11.5549 -50.7925 -0.996917 -0.0784591 0 0 1.49226 40
167.211 11.5549 -47.5925 -0.996917 -0.0784591 0 0 1.49226 40
167.211 11.5549 -44.3925 -0.996917 -0.0784591 0 0 1.49226 40
167.211 11.5549 -41.1925 -0.996917 -0.0784591 0 0 1.49226 40
167.211 11.5549 -37.9925 -0.996917 -0.0784591 0 0 1.49226 40
167.211 11.5549 -34.7925 -0.996917 -0.0784591 0 0 1.49226 40
167.211 11.5549 -31.5925 -0.996917 -0.0784591 0 0 1.49226 40
167.211 11.5549 -28.3925 -0.996917 -0.0784591 0 0 1.49226 40
167.462 8.36474 -50.7925 -0.996917 -0.0784591 0 0 1.49226 40
167.462 8.36474 -47.5925 -0.996917 -0.0784591 0 0 1.49226 40
167.462 8.36474 -44.3925 -0.996917 -0.0784591 0 0 1.49226 40
167.462 8.36474 -41.1925 -0.996917 -0.0784591 0 0 1.49226 40
167.462 8.36474 -37.9925 -0.996917 -0.0784591 0 0 1.49226 40
167.462 8.36474 -34.7925 -0.996917 -0.0784591 0 0 1.49226 40
167.462 8.36474 -31.5925 -0.996917 -0.0784591 0 0 1.49226 40
167.462 8.36474 -28.3925 -0.996917 -0.0784591 0 0 1.49226 40
167.714 5.1746 -50.7925 -0.996917 -0.0784591 0 0 1.49226 40
167.714 5.1746 -47.5925 -0.996917 -0.0784591 0 0 1.49226 40
167.714 5.1746 -44.3925 -0.996917 -0.0784591 0 0 1.49226 40
167.714 5.1746 -41.1925 -0.996917 -0.0784591 0 0 1.49226 40
167.714 5.1746 -37.9925 -0.996917 -0.0784591 0 0 1.49226 40
167.714 5.1746 -34.7925 -0.996917 -0.0784591 0 0 1.49226 40
167.714 5.1746 -31.5925 -0.996917 -0.0784591 0 0 1.49226 40
167.714 5.1746 -28.3925 -0.996917 -0.0784591 0 0 1.49226 40
167.965 1.98447 -50.7925 -0.996917 -0.0784591 0 0 1.49226 40
167.965 1.98447 -47.5925 -0.996917 -0.0784591 0 0 1.49226 40
167.965 1.98447 -44.3925 -0.996917 -0.0784591 0 0 1.49226 40
167.965 1.98447 -41.1925 -0.996917 -0.0784591 0 0 1.49226 40
167.965 1.98447 -37.9925 -0.996917 -0.0784591 0 0 1.49226 40
167.965 1.98447 -34.7925 -0.996917 -0.0784591 0 0 1.49226 40
167.965 1.98447 -31.5925 -0.996917 -0.0784591 0 0 1.49226 40
167.965 1.98447 -28.3925 -0.996917 -0.0784591 0 0 1.49226 40
-166.207 -24.3154 -50.7925 0.996917 0.0784591 0 1 4.63385 41
-166.207 -24.3154 -47.5925 0.996917 0.0784591 0 1 4.63385 41
-166.207 -24.3154 -44.3925 0.996917 0.0784591 0 1 4.63385 41
-166.207 -24.3154 -41.1925 0.996917 0.0784591 0 1 4.63385 41
-166.207 -24.3154 -37.9925 0.996917 0.0784591 0 1 4.63385 41
-166.207 -24.3154 -34.7925 0.996917 0.0784591 0 1 4.63385 41
-166.207 -24.3154 -31.5925 0.996917 0.0784591 0 1 4.63385 41
-166.207 -24.3154 -28.3925 0.996917 0.0784591 0 1 4.63385 41
-166.458 -21.1253 -50.7925 0.996917 0.0784591 0 1 4.63385 41
-166.458 -21.1253 -47.5925 0.996917 0.0784591 0 1 4.63385 41
-166.458 -21.1253 -44.3925 0.996917 0.0784591 0 1 4.63385 41
-166.458 -21.1253 -41.1925 0.996917 0.0784591 0 1 4.63385 41
-166.458 -21.1253 -37.9925 0.996917 0.0784591 0 1 4.63385 41
-166.458 -21.1253 -34.7925 0.996917 0.0784591 0 1 4.63385 41
-166.458 -21.1253 -31.5925 0.996917 0.0784591 0 1 4.63385 41
-166.458 -21.1253 -28.3925 0.996917 0.0784591 0 1 4.63385 41
-166.709 -17.9351 -50.7925 0.996917 0.0784591 0 1 4.63385 41
-166.709 -17.9351 -47.5925 0.996917 0.0784591 0 1 4.63385 41
-166.709 -17.9351 -44.3925 0.996917 0.0784591 0 1 4.63385 41
-166.709 -17.9351 -41.1925 0.996917 0.0784591 0 1 4.63385 41
-166.709 -17.9351 -37.9925 0.996917 0.0784591 0 1 4.63385 41
-166.709 -17.9351 -34.7925 0.996917 0.0784591 0 1 4.63385 41
-166.709 -17.9351 -31.5925 0.996917 0.0784591 0 1 4.63385 41
-166.709 -17.9351 -28.3925 0.996917 0.0784591 0 1 4.63385 41
-166.96 -14.745 -50.7925 0.996917 0.0784591 0 1 4.63385 41
-166.96 -14.745 -47.5925 0.996917 0.0784591 0 1 4.63385 41
-166.96 -14.745 -44.3925 0.996917 0.0784591 0 1 4.63385 41
-166.96 -14.745 -41.1925 0.996917 0.0784591 0 1 4.63385 41
-166.96 -14.745 -37.9925 0.996917 0.0784591 0 1 4.63385 41
-166.96 -14.745 -34.7925 0.996917 0.0784591 0 1 4.63385 41
-166.96 -14.745 -31.5925 0.996917 0.0784591 0 1 4.63385 41
-166.96 -14.745 -28.3925 0.996917 0.0784591 0 1 4.63385 41
-167.211 -11.5549 -50.7925 0.996917 0.0784591 0 1 4.63385 41
-167.211 -11.5549 -47.5925 0.996917 0.0784591 0 1 4.63385 41
-167.211 -11.5549 -44.3925 0.996917 0.0784591 0 1 4.63385 41
-167.211 -11.5549 -41.1925 0.996917 0.0784591 0 1 4.63385 41
-167.211 -11.5549 -37.9925 0.996917 0.0784591 0 1 4.63385 41
-167.211 -11.5549 -34.7925 0.996917 0.0784591 0 1 4.63385 41
-167.211 -11.5549 -31.5925 0.996917 0.0784591 0 1 4.63385 41
-167.211 -11.5549 -28.3925 0.996917 0.0784591 0 1 4.63385 41
-167.462 -8.36474 -50.7925 0.996917 0.0784591 0 1 4.63385 41
-167.462 -8.36474 -47.5925 0.996917 0.0784591 0 1 4.63385 41
-167.462 -8.36474 -44.3925 0.996917 0.0784591 0 1 4.63385 41
-167.462 -8.36474 -41.1925 0.996917 0.0784591 0 1 4.63385 41
-167.462 -8.36474 -37.9925 0.996917 0.0784591 0 1 4.63385 41
-167.462 -8.36474 -34.7925 0.996917 0.0784591 0 1 4.63385 41
-167.462 -8.36474 -31.5925 0.996917 0.0784591 0 1 4.63385 41
-167.462 -8.36474 -28.3925 0.996917 0.0784591 0 1 4.63385 41
-167.714 -5.1746 -50.7925 0.996917 0.0784591 0 1 4.63385 41
-167.714 -5.1746 -47.5925 0.996917 0.0784591 0 1 4.63385 41
-167.714 -5.1746 -44.3925 0.996917 0.0784591 0 1 4.63385 41
-167.714 -5.1746 -41.1925 0.996917 0.0784591 0 1 4.63385 41
-167.714 -5.1746 -37.9925 0.996917 0.0784591 0 1 4.63385 41
-167.714 -5.1746 -34.7925 0.996917 0.0784591 0 1 4.63385 41
-167.714 -5.1746 -31.5925 0.996917 0.0784591 0 1 4.63385 41
-167.714 -5.1746 -28.3925 0.996917 0.0784591 0 1 4.63385 41
-167.965 -1.98447 -50.7925 0.996917 0.0784591 0 1 4.63385 41
-167.965 -1.98447 -47.5925 0.996917 0.0784591 0 1 4.63385 41
-167.965 -1.98447 -44.3925 0.996917 0.0784591 0 1 4.63385 41
-167.965 -1.98447 -41.1925 0.996917 0.0784591 0 1 4.63385 41
-167.965 -1.98447 -37.9925 0.996917 0.0784591 0 1 4.63385 41
-167.965 -1.98447 -34.7925 0.996917 0.0784591 0 1 4.63385 41
-167.965 -1.98447 -31.5925 0.996917 0.0784591 0 1 4.63385 41
-167.965 -1.98447 -28.3925 0.996917 0.0784591 0 1 4.63385 41
166.207 24.3154 -24.3975 -0.996917 -0.0784591 0 0 1.49226 42
166.207 24.3154 -21.1975 -0.996917 -0.0784591 0 0 1.49226 42
166.207 24.3154 -17.9975 -0.996917 -0.0784591 0 0 1.49226 42
166.207 24.3154 -14.7975 -0.996917 -0.0784591 0 0 1.49226 42
166.207 24.3154 -11.5975 -0.996917 -0.0784591 0 0 1.49226 42
166.207 24.3154 -8.3975 -0.996917 -0.0784591 2.36848e-16 0 1.49226 42
166.207 24.3154 -5.1975 -0.996917 -0.0784591 0 0 1.49226 42
166.207 24.3154 -1.9975 -0.996917 -0.0784591 0 0 1.49226 42
166.458 21.1253 -24.3975 -0.996917 -0.0784591 0 0 1.49226 42
166.458 21.1253 -21.1975 -0.996917 -0.0784591 0 0 1.49226 42
166.458 21.1253 -17.9975 -0.996917 -0.0784591 0 0 1.49226 42
166.458 21.1253 -14.7975 -0.996917 -0.0784591 0 0 1.49226 42
166.458 21.1253 -11.5975 -0.996917 -0.0784591 0 0 1.49226 42
166.458 21.1253 -8.3975 -0.996917 -0.0784591 2.36848e-16 0 1.49226 42
166.458 21.1253 -5.1975 -0.996917 -0.0784591 0 0 1.49226 42
166.458 21.1253 -1.9975 -0.996917 -0.0784591 0 0 1.49226 42
166.709 17.9351 -24.3975 -0.996917 -0.0784591 0 0 1.49226 42
166.709 17.9351 -21.1975 -0.996917 -0.0784591 0 0 1.49226 42
166.709 17.9351 -17.9975 -0.996917 -0.0784591 0 0 1.49226 42
166.709 17.9351 -14.7975 -0.996917 -0.0784591 0 0 1.49226 42
166.709 17.9351 -11.5975 -0.996917 -0.0784591 0 0 1.49226 42
166.709 17.9351 -8.3975 -0.996917 -0.0784591 2.36848e-16 0 1.49226 42
166.709 17.9351 -5.1975 -0.996917 -0.0784591 0 0 1.49226 42
166.709 17.9351 -1.9975 -0.996917 -0.0784591 0 0 1.49226 42
166.96 14.745 -24.3975 -0.996917 -0.0784591 0 0 1.49226 42
166.96 14.745 -21.1975 -0.996917 -0.0784591 0 0 1.49226 42
166.96 14.745 -17.9975 -0.996917 -0.0784591 0 0 1.49226 42
166.96 14.745 -14.7975 -0.996917 -0.0784591 0 0 1.49226 42
166.96 14.745 -11.5975 -0.996917 -0.0784591 0 0 1.49226 42
166.96 14.745 -8.3975 -0.996917 -0.0784591 2.36848e-16 0 1.49226 42
166.96 14.745 -5.1975 -0.996917 -0.0784591 0 0 1.49226 42
166.96 14.745 -1.9975 -0.996917 -0.0784591 0 0 1.49226 42
167.211 11.5549 -24.3975 -0.996917 -0.0784591 0 0 1.49226 42
167.211 11.5549 -21.1975 -0.996917 -0.0784591 0 0 1.49226 42
167.211 11.5549 -17.9975 -0.996917 -0.0784591 0 0 1.49226 42
167.211 11.5549 -14.7975 -0.996917 -0.0784591 0 0 1.49226 42
167.211 11.5549 -11.5975 -0.996917 -0.0784591 0 0 1.49226 42
167.211 11.5549 -8.3975 -0.996917 -0.0784591 2.36848e-16 0 1.49226 42
167.211 11.5549 -5.1975 -0.996917 -0.0784591 0 0 1.49226 42
167.211 11.5549 -1.9975 -0.996917 -0.0784591 0 0 1.49226 42
167.462 8.36474 -24.3975 -0.996917 -0.0784591 0 0 1.49226 42
167.462 8.36474 -21.1975 -0.996917 -0.0784591 0 0 1.49226 42
167.462 8.36474 -17.9975 -0.996917 -0.0784591 0 0 1.49226 42
167.462 8.36474 -14.7975 -0.996917 -0.0784591 0 0 1.49226 42
167.462 8.36474 -11.5975 -0.996917 -0.0784591 0 0 1.49226 42
167.462 8.36474 -8.3975 -0.996917 -0.0784591 2.36848e-16 0 1.49226 42
167.462 8.36474 -5.1975 -0.996917 -0.0784591 0 0 1.49226 42
167.462 8.36474 -1.9975 -0.996917 -0.0784591 0 0 1.49226 42
167.714 5.1746 -24.3975 -0.996917 -0.0784591 0 0 1.49226 42
167.714 5.1746 -21.1975 -0.996917 -0.0784591 0 0 1.49226 42
167.714 5.1746 -17.9975 -0.996917 -0.0784591 0 0 1.49226 42
167.714 5.1746 -14.7975 -0.996917 -0.0784591 0 0 1.49226 42
167.714 5.1746 -11.5975 -0.996917 -0.0784591 0 0 1.49226 42
167.714 5.1746 -8.3975 -0.996917 -0.0784591 2.36848e-16 0 1.49226 42
167.714 5.1746 -5.1975 -0.996917 -0.0784591 0 0 1.49226 42
167.714 5.1746 -1.9975 -0.996917 -0.0784591 0 0 1.49226 42
167.965 1.98447 -24.3975 -0.996917 -0.0784591 0 0 1.49226 42
167.965 1.98447 -21.1975 -0.996917 -0.0784591 0 0 1.49226 42
167.965 1.98447 -17.9975 -0.996917 -0.0784591 0 0 1.49226 42
167.965 1.98447 -14.7975 -0.996917 -0.0784591 0 0 1.49226 42
167.965 1.98447 -11.5975 -0.996917 -0.0784591 0 0 1.49226 42
167.965 1.98447 -8.3975 -0.996917 -0.0784591 2.36848e-16 0 1.49226 42
167.965 1.98447 -5.1975 -0.996917 -0.0784591 0 0 1.49226 42
167.965 1.98447 -1.9975 -0.996917 -0.0784591 0 0 1.49226 42
-166.207 -24.3154 -24.3975 0.996917 0.0784591 0 1 4.63385 43
-166.207 -24.3154 -21.1975 0.996917 0.0784591 0 1 4.63385 43
-166.207 -24.3154 -17.9975 0.996917 0.0784591 0 1 4.63385 43
-166.207 -24.3154 -14.7975 0.996917 0.0784591 0 1 4.63385 43
-166.207 -24.3154 -11.5975 0.996917 0.0784591 0 1 4.63385 43
-166.207 -24.3154 -8.3975 0.996917 0.0784591 2.36848e-16 1 4.63385 43
-166.207 -24.3154 -5.1975 0.996917 0.0784591 0 1 4.63385 43
-166.207 -24.3154 -1.9975 0.996917 0.0784591 0 1 4.63385 43
-166.458 -21.1253 -24.3975 0.996917 0.0784591 0 1 4.63385 43
-166.458 -21.1253 -21.1975 0.996917 0.0784591 0 1 4.63385 43
-166.458 -21.1253 -17.9975 0.996917 0.0784591 0 1 4.63385 43
-166.458 -21.1253 -14.7975 0.996917 0.0784591 0 1 4.63385 43
-166.458 -21.1253 -11.5975 0.996917 0.0784591 0 1 4.63385 43
-166.458 -21.1253 -8.3975 0.996917 0.0784591 2.36848e-16 1 4.63385 43
-166.458 -21.1253 -5.1975 0.996917 0.0784591 0 1 4.63385 43
-166.458 -21.1253 -1.9975 0.996917 0.0784591 0 1 4.63385 43
-166.709 -17.9351 -24.3975 0.996917 0.0784591 0 1 4.63385 43
-166.709 -17.9351 -21.1975 0.996917 0.0784591 0 1 4.63385 43
-166.709 -17.9351 -17.9975 0.996917 0.0784591 0 1 4.63385 43
-166.709 -17.9351 -14.7975 0.996917 0.0784591 0 1 4.63385 43
-166.709 -17.9351 -11.5975 0.996917 0.0784591 0 1 4.63385 43
-166.709 -17.9351 -8.3975 0.996917 0.0784591 2.36848e-16 1 4.63385 43
-166.709 -17.9351 -5.1975 0.996917 0.0784591 0 1 4.63385 43
-166.709 -17.9351 -1.9975 0.996917 0.0784591 0 1 4.63385 43
-166.96 -14.745 -24.3975 0.996917 0.0784591 0 1 4.63385 43
-166.96 -14.745 -21.1975 0.996917 0.0784591 0 1 4.63385 43
-166.96 -14.745 -17.9975 0.996917 0.0784591 0 1 4.63385 43
-166.96 -14.745 -14.7975 0.996917 0.0784591 0 1 4.63385 43
-166.96 -14.745 -11.5975 0.996917 0.0784591 0 1 4.63385 43
-166.96 -14.745 -8.3975 0.996917 0.0784591 2.36848e-16 1 4.63385 43
-166.96 -14.745 -5.1975 0.996917 0.0784591 0 1 4.63385 43
-166.96 -14.745 -1.9975 0.996917 0.0784591 0 1 4.63385 43
-167.211 -11.5549 -24.3975 0.996917 0.0784591 0 1 4.63385 43
-167.211 -11.5549 -21.1975 0.996917 0.0784591 0 1 4.63385 43
-167.211 -11.5549 -17.9975 0.996917 0.0784591 0 1 4.63385 43
-167.211 -11.5549 -14.7975 0.996917 0.0784591 0 1 4.63385 43
-167.211 -11.5549 -11.5975 0.996917 0.0784591 0 1 4.63385 43
-167.211 -11.5549 -8.3975 0.996917 0.0784591 2.36848e-16 1 4.63385 43
-167.211 -11.5549 -5.1975 0.996917 0.0784591 0 1 4.63385 43
-167.211 -11.5549 -1.9975 0.996917 0.0784591 0 1 4.63385 43
-167.462 -8.36474 -24.3975 0.996917 0.0784591 0 1 4.63385 43
-167.462 -8.36474 -21.1975 0.996917 0.0784591 0 1 4.63385 43
-167.462 -8.36474 -17.9975 0.996917 0.0784591 0 1 4.63385 43
-167.462 -8.36474 -14.7975 0.996917 0.0784591 0 1 4.63385 43
-167.462 -8.36474 -11.5975 0.996917 0.0784591 0 1 4.63385 43
-167.462 -8.36474 -8.3975 0.996917 0.0784591 2.36848e-16 1 4.63385 43
-167.462 -8.36474 -5.1975 0.996917 0.0784591 0 1 4.63385 43
-167.462 -8.36474 -1.9975 0.996917 0.0784591 0 1 4.63385 43
-167.714 -5.1746 -24.3975 0.996917 0.0784591 0 1 4.63385 43
-167.714 -5.1746 -21.1975 0.996917 0.0784591 0 1 4.63385 43
-167.714 -5.1746 -17.9975 0.996917 0.0784591 0 1 4.63385 43
-167.714 -5.1746 -14.7975 0.996917 0.0784591 0 1 4.63385 43
-167.714 -5.1746 -11.5975 0.996917 0.0784591 0 1 4.63385 43
-167.714 -5.1746 -8.3975 0.996917 0.0784591 2.36848e-16 1 4.63385 43
-167.714 -5.1746 -5.1975 0.996917 0.0784591 0 1 4.63385 43
-167.714 -5.1746 -1.9975 0.996917 0.0784591 0 1 4.63385 43
-167.965 -1.98447 -24.3975 0.996917 0.0784591 0 1 4.63385 43
-167.965 -1.98447 -21.1975 0.996917 0.0784591 0 1 4.63385 43
-167.965 -1.98447 -17.9975 0.996917 0.0784591 0 1 4.63385 43
-167.965 -1.98447 -14.7975 0.996917 0.0784591 0 1 4.63385 43
-167.965 -1.98447 -11.5975 0.996917 0.0784591 0 1 4.63385 43
-167.965 -1.98447 -8.3975 0.996917 0.0784591 2.36848e-16 1 4.63385 43
-167.965 -1.98447 -5.1975 0.996917 0.0784591 0 1 4.63385 43
-167.965 -1.98447 -1.9975 0.996917 0.0784591 0 1 4.63385 43
166.207 24.3154 1.9975 -0.996917 -0.0784591 0 0 1.49226 44
166.207 24.3154 5.1975 -0.996917 -0.0784591 1.18424e-16 0 1.49226 44
166.207 24.3154 8.3975 -0.996917 -0.0784591 2.36848e-16 0 1.49226 44
166.207 24.3154 11.5975 -0.996917 -0.0784591 0 0 1.49226 44
166.207 24.3154 14.7975 -0.996917 -0.0784591 0 0 1.49226 44
166.207 24.3154 17.9975 -0.996917 -0.0784591 4.73695e-16 0 1.49226 44
166.207 24.3154 21.1975 -0.996917 -0.0784591 0 0 1.49226 44
166.207 24.3154 24.3975 -0.996917 -0.0784591 0 0 1.49226 44
166.458 21.1253 1.9975 -0.996917 -0.0784591 0 0 1.49226 44
166.458 21.1253 5.1975 -0.996917 -0.0784591 1.18424e-16 0 1.49226 44
166.458 21.1253 8.3975 -0.996917 -0.0784591 2.36848e-16 0 1.49226 44
166.458 21.1253 11.5975 -0.996917 -0.0784591 0 0 1.49226 44
166.458 21.1253 14.7975 -0.996917 -0.0784591 0 0 1.49226 44
166.458 21.1253 17.9975 -0.996917 -0.0784591 4.73695e-16 0 1.49226 44
166.458 21.1253 21.1975 -0.996917 -0.0784591 0 0 1.49226 44
166.458 21.1253 24.3975 -0.996917 -0.0784591 0 0 1.49226 44
166.709 17.9351 1.9975 -0.996917 -0.0784591 0 0 1.49226 44
166.709 17.9351 5.1975 -0.996917 -0.0784591 1.18424e-16 0 1.49226 44
166.709 17.9351 8.3975 -0.996917 -0.0784591 2.36848e-16 0 1.49226 44
166.709 17.9351 11.5975 -0.996917 -0.0784591 0 0 1.49226 44
166.709 17.9351 14.7975 -0.996917 -0.0784591 0 0 1.49226 44
166.709 17.9351 17.9975 -0.996917 -0.0784591 4.73695e-16 0 1.49226 44
166.709 17.9351 21.1975 -0.996917 -0.0784591 0 0 1.49226 44
166.709 17.9351 24.3975 -0.996917 -0.0784591 0 0 1.49226 44
166.96 14.745 1.9975 -0.996917 -0.0784591 0 0 1.49226 44
166.96 14.745 5.1975 -0.996917 -0.0784591 1.18424e-16 0 1.49226 44
166.96 14.745 8.3975 -0.996917 -0.0784591 2.36848e-16 0 1.49226 44
166.96 14.745 11.5975 -0.996917 -0.0784591 0 0 1.49226 44
166.96 14.745 14.7975 -0.996917 -0.0784591 0 0 1.49226 44
166.96 14.745 17.9975 -0.996917 -0.0784591 4.73695e-16 0 1.49226 44
166.96 14.745 21.1975 -0.996917 -0.0784591 0 0 1.49226 44
166.96 14.745 24.3975 -0.996917 -0.0784591 0 0 1.49226 44
167.211 11.5549 1.9975 -0.996917 -0.0784591 0 0 1.49226 44
167.211 11.5549 5.1975 -0.996917 -0.0784591 1.18424e-16 0 1.49226 44
167.211 11.5549 8.3975 -0.996917 -0.0784591 2.36848e-16 0 1.49226 44
167.211 11.5549 11.5975 -0.996917 -0.0784591 0 0 1.49226 44
167.211 11.5549 14.7975 -0.996917 -0.0784591 0 0 1.49226 44
167.211 11.5549 17.9975 -0.996917 -0.0784591 4.73695e-16 0 1.49226 44
167.211 11.5549 21.1975 -0.996917 -0.0784591 0 0 1.49226 44
167.211 11.5549 24.3975 -0.996917 -0.0784591 0 0 1.49226 44
167.462 8.36474 1.9975 -0.996917 -0.0784591 0 0 1.49226 44
167.462 8.36474 5.1975 -0.996917 -0.0784591 1.18424e-16 0 1.49226 44
167.462 8.36474 8.3975 -0.996917 -0.0784591 2.36848e-16 0 1.49226 44
167.462 8.36474 11.5975 -0.996917 -0.0784591 0 0 1.49226 44
167.462 8.36474 14.7975 -0.996917 -0.0784591 0 0 1.49226 44
167.462 8.36474 17.9975 -0.996917 -0.0784591 4.73695e-16 0 1.49226 44
167.462 8.36474 21.1975 -0.996917 -0.0784591 0 0 1.49226 44
167.462 8.36474 24.3975 -0.996917 -0.0784591 0 0 1.49226 44
167.714 5.1746 1.9975 -0.996917 -0.0784591 0 0 1.49226 44
167.714 5.1746 5.1975 -0.996917 -0.0784591 1.18424e-16 0 1.49226 44
167.714 5.1746 8.3975 -0.996917 -0.0784591 2.36848e-16 0 1.49226 44
167.714 5.1746 11.5975 -0.996917 -0.0784591 0 0 1.49226 44
167.714 5.1746 14.7975 -0.996917 -0.0784591 0 0 1.49226 44
167.714 5.1746 17.9975 -0.996917 -0.0784591 4.73695e-16 0 1.49226 44
167.714 5.1746 21.1975 -0.996917 -0.0784591 0 0 1.49226 44
167.714 5.1746 24.3975 -0.996917 -0.0784591 0 0 1.49226 44
167.965 1.98447 1.9975 -0.996917 -0.0784591 0 0 1.49226 44
167.965 1.98447 5.1975 -0.996917 -0.0784591 1.18424e-16 0 1.49226 44
167.965 1.98447 8.3975 -0.996917 -0.0784591 2.36848e-16 0 1.49226 44
167.965 1.98447 11.5975 -0.996917 -0.0784591 0 0 1.49226 44
167.965 1.98447 14.7975 -0.996917 -0.0784591 0 0 1.49226 44
167.965 1.98447 17.9975 -0.996917 -0.0784591 4.73695e-16 0 1.49226 44
167.965 1.98447 21.1975 -0.996917 -0.0784591 0 0 1.49226 44
167.965 1.98447 24.3975 -0.996917 -0.0784591 0 0 1.49226 44
-166.207 -24.3154 1.9975 0.996917 0.0784591 0 1 4.63385 45
-166.207 -24.3154 5.1975 0.996917 0.0784591 1.18424e-16 1 4.63385 45
-166.207 -24.3154 8.3975 0.996917 0.0784591 2.36848e-16 1 4.63385 45
-166.207 -24.3154 11.5975 0.996917 0.0784591 0 1 4.63385 45
-166.207 -24.3154 14.7975 0.996917 0.0784591 0 1 4.63385 45
-166.207 -24.3154 17.9975 0.996917 0.0784591 4.73695e-16 1 4.63385 45
-166.207 -24.3154 21.1975 0.996917 0.0784591 0 1 4.63385 45
-166.207 -24.3154 24.3975 0.996917 0.0784591 0 1 4.63385 45
-166.458 -21.1253 1.9975 0.996917 0.0784591 0 1 4.63385 45
-166.458 -21.1253 5.1975 0.996917 0.0784591 1.18424e-16 1 4.63385 45
-166.458 -21.1253 8.3975 0.996917 0.0784591 2.36848e-16 1 4.63385 45
-166.458 -21.1253 11.5975 0.996917 0.0784591 0 1 4.63385 45
-166.458 -21.1253 14.7975 0.996917 0.0784591 0 1 4.63385 45
-166.458 -21.1253 17.9975 0.996917 0.0784591 4.73695e-16 1 4.63385 45
-166.458 -21.1253 21.1975 0.996917 0.0784591 0 1 4.63385 45
-166.458 -21.1253 24.3975 0.996917 0.0784591 0 1 4.63385 45
-166.709 -17.9351 1.9975 0.996917 0.0784591 0 1 4.63385 45
-166.709 -17.9351 5.1975 0.996917 0.0784591 1.18424e-16 1 4.63385 45
-166.709 -17.9351 8.3975 0.996917 0.0784591 2.36848e-16 1 4.63385 45
-166.709 -17.9351 11.5975 0.996917 0.0784591 0 1 4.63385 45
-166.709 -17.9351 14.7975 0.996917 0.0784591 0 1 4.63385 45
-166.709 -17.9351 17.9975 0.996917 0.0784591 4.73695e-16 1 4.63385 45
-166.709 -17.9351 21.1975 0.996917 0.0784591 0 1 4.63385 45
-166.709 -17.9351 24.3975 0.996917 0.0784591 0 1 4.63385 45
-166.96 -14.745 1.9975 0.996917 0.0784591 0 1 4.63385 45
-166.96 -14.745 5.1975 0.996917 0.0784591 1.18424e-16 1 4.63385 45
-166.96 -14.745 8.3975 0.996917 0.0784591 2.36848e-16 1 4.63385 45
-166.96 -14.745 11.5975 0.996917 0.0784591 0 1 4.63385 45
-166.96 -14.745 14.7975 0.996917 0.0784591 0 1 4.63385 45
-166.96 -14.745 17.9975 0.996917 0.0784591 4.73695e-16 1 4.63385 45
-166.96 -14.745 21.1975 0.996917 0.0784591 0 1 4.63385 45
-166.96 -14.745 24.3975 0.996917 0.0784591 0 1 4.63385 45
-167.211 -11.5549 1.9975 0.996917 0.0784591 0 1 4.63385 45
-167.211 -11.5549 5.1975 0.996917 0.0784591 1.18424e-16 1 4.63385 45
-167.211 -11.5549 8.3975 0.996917 0.0784591 2.36848e-16 1 4.63385 45
-167.211 -11.5549 11.5975 0.996917 0.0784591 0 1 4.63385 45
-167.211 -11.5549 14.7975 0.996917 0.0784591 0 1 4.63385 45
-167.211 -11.5549 17.9975 0.996917 0.0784591 4.73695e-16 1 4.63385 45
-167.211 -11.5549 21.1975 0.996917 0.0784591 0 1 4.63385 45
-167.211 -11.5549 24.3975 0.996917 0.0784591 0 1 4.63385 45
-167.462 -8.36474 1.9975 0.996917 0.0784591 0 1 4.63385 45
-167.462 -8.36474 5.1975 0.996917 0.0784591 1.18424e-16 1 4.63385 45
-167.462 -8.36474 8.3975 0.996917 0.0784591 2.36848e-16 1 4.63385 45
-167.462 -8.36474 11.5975 0.996917 0.0784591 0 1 4.63385 45
-167.462 -8.36474 14.7975 0.996917 0.0784591 0 1 4.63385 45
-167.462 -8.36474 17.9975 0.996917 0.0784591 4.73695e-16 1 4.63385 45
-167.462 -8.36474 21.1975 0.996917 0.0784591 0 1 4.63385 45
-167.462 -8.36474 24.3975 0.996917 0.0784591 0 1 4.63385 45
-167.714 -5.1746 1.9975 0.996917 0.0784591 0 1 4.63385 45
-167.714 -5.1746 5.1975 0.996917 0.0784591 1.18424e-16 1 4.63385 45
-167.714 -5.1746 8.3975 0.996917 0.0784591 2.36848e-16 1 4.63385 45
-167.714 -5.1746 11.5975 0.996917 0.0784591 0 1 4.63385 45
-167.714 -5.1746 14.7975 0.996917 0.0784591 0 1 4.63385 45
-167.714 -5.1746 17.9975 0.996917 0.0784591 4.73695e-16 1 4.63385 45
-167.714 -5.1746 21.1975 0.996917 0.0784591 0 1 4.63385 45
-167.714 -5.1746 24.3975 0.996917 0.0784591 0 1 4.63385 45
-167.965 -1.98447 1.9975 0.996917 0.0784591 0 1 4.63385 45
-167.965 -1.98447 5.1975 0.996917 0.0784591 1.18424e-16 1 4.63385 45
-167.965 -1.98447 8.3975 0.996917 0.0784591 2.36848e-16 1 4.63385 45
-167.965 -1.98447 11.5975 0.996917 0.0784591 0 1 4.63385 45
-167.965 -1.98447 14.7975 0.996917 0.0784591 0 1 4.63385 45
-167.965 -1.98447 17.9975 0.996917 0.0784591 4.73695e-16 1 4.63385 45
-167.965 -1.98447 21.1975 0.996917 0.0784591 0 1 4.63385 45
-167.965 -1.98447 24.3975 0.996917 0.0784591 0 1 4.63385 45
166.207 24.3154 28.3925 -0.996917 -0.0784591 0 0 1.49226 46
166.207 24.3154 31.5925 -0.996917 -0.0784591 0 0 1.49226 46
166.207 24.3154 34.7925 -0.996917 -0.0784591 0 0 1.49226 46
166.207 24.3154 37.9925 -0.996917 -0.0784591 0 0 1.49226 46
166.207 24.3154 41.1925 -0.996917 -0.0784591 0 0 1.49226 46
166.207 24.3154 44.3925 -0.996917 -0.0784591 0 0 1.49226 46
166.207 24.3154 47.5925 -0.996917 -0.0784591 0 0 1.49226 46
166.207 24.3154 50.7925 -0.996917 -0.0784591 0 0 1.49226 46
166.458 21.1253 28.3925 -0.996917 -0.0784591 0 0 1.49226 46
166.458 21.1253 31.5925 -0.996917 -0.0784591 0 0 1.49226 46
166.458 21.1253 34.7925 -0.996917 -0.0784591 0 0 1.49226 46
166.458 21.1253 37.9925 -0.996917 -0.0784591 0 0 1.49226 46
166.458 21.1253 41.1925 -0.996917 -0.0784591 0 0 1.49226 46
166.458 21.1253 44.3925 -0.996917 -0.0784591 0 0 1.49226 46
166.458 21.1253 47.5925 -0.996917 -0.0784591 0 0 1.49226 46
166.458 21.1253 50.7925 -0.996917 -0.0784591 0 0 1.49226 46
166.709 17.9351 28.3925 -0.996917 -0.0784591 0 0 1.49226 46
166.709 17.9351 31.5925 -0.996917 -0.0784591 0 0 1.49226 46
166.709 17.9351 34.7925 -0.996917 -0.0784591 0 0 1.49226 46
166.709 17.9351 37.9925 -0.996917 -0.0784591 0 0 1.49226 46
166.709 17.9351 41.1925 -0.996917 -0.0784591 0 0 1.49226 46
166.709 17.9351 44.3925 -0.996917 -0.0784591 0 0 1.49226 46
166.709 17.9351 47.5925 -0.996917 -0.0784591 0 0 1.49226 46
166.709 17.9351 50.7925 -0.996917 -0.0784591 0 0 1.49226 46
166.96 14.745 28.3925 -0.996917 -0.0784591 0 0 1.49226 46
166.96 14.745 31.5925 -0.996917 -0.0784591 0 0 1.49226 46
166.96 14.745 34.7925 -0.996917 -0.0784591 0 0 1.49226 46
166.96 14.745 37.9925 -0.996917 -0.0784591 0 0 1.49226 46
166.96 14.745 41.1925 -0.996917 -0.0784591 0 0 1.49226 46
166.96 14.745 44.3925 -0.996917 -0.0784591 0 0 1.49226 46
166.96 14.745 47.5925 -0.996917 -0.0784591 0 0 1.49226 46
166.96 14.745 50.7925 -0.996917 -0.0784591 0 0 1.49226 46
167.211 11.5549 28.3925 -0.996917 -0.0784591 0 0 1.49226 46
167.211 11.5549 31.5925 -0.996917 -0.0784591 0 0 1.49226 46
167.211 11.5549 34.7925 -0.996917 -0.0784591 0 0 1.49226 46
167.211 11.5549 37.9925 -0.996917 -0.0784591 0 0 1.49226 46
167.211 11.5549 41.1925 -0.996917 -0.0784591 0 0 1.49226 46
167.211 11.5549 44.3925 -0.996917 -0.0784591 0 0 1.49226 46
167.211 11.5549 47.5925 -0.996917 -0.0784591 0 0 1.49226 46
167.211 11.5549 50.7925 -0.996917 -0.0784591 0 0 1.49226 46
167.462 8.36474 28.3925 -0.996917 -0.0784591 0 0 1.49226 46
167.462 8.36474 31.5925 -0.996917 -0.0784591 0 0 1.49226 46
167.462 8.36474 34.7925 -0.996917 -0.0784591 0 0 1.49226 46
167.462 8.36474 37.9925 -0.996917 -0.0784591 0 0 1.49226 46
167.462 8.36474 41.1925 -0.996917 -0.0784591 0 0 1.49226 46
167.462 8.36474 44.3925 -0.996917 -0.0784591 0 0 1.49226 46
167.462 8.36474 47.5925 -0.996917 -0.0784591 0 0 1.49226 46
167.462 8.36474 50.7925 -0.996917 -0.0784591 0 0 1.49226 46
167.714 5.1746 28.3925 -0.996917 -0.0784591 0 0 1.49226 46
167.714 5.1746 31.5925 -0.996917 -0.0784591 0 0 1.49226 46
167.714 5.1746 34.7925 -0.996917 -0.0784591 0 0 1.49226 46
167.714 5.1746 37.9925 -0.996917 -0.0784591 0 0 1.49226 46
167.714 5.1746 41.1925 -0.996917 -0.0784591 0 0 1.49226 46
167.714 5.1746 44.3925 -0.996917 -0.0784591 0 0 1.49226 46
167.714 5.1746 47.5925 -0.996917 -0.0784591 0 0 1.49226 46
167.714 5.1746 50.7925 -0.996917 -0.0784591 0 0 1.49226 46
167.965 1.98447 28.3925 -0.996917 -0.0784591 0 0 1.49226 46
167.965 1.98447 31.5925 -0.996917 -0.0784591 0 0 1.49226 46
167.965 1.98447 34.7925 -0.996917 -0.0784591 0 0 1.49226 46
167.965 1.98447 37.9925 -0.996917 -0.0784591 0 0 1.49226 46
167.965 1.98447 41.1925 -0.996917 -0.0784591 0 0 1.49226 46
167.965 1.98447 44.3925 -0.996917 -0.0784591 0 0 1.49226 46
167.965 1.98447 47.5925 -0.996917 -0.0784591 0 0 1.49226 46
167.965 1.98447 50.7925 -0.996917 -0.0784591 0 0 1.49226 46
-166.207 -24.3154 28.3925 0.996917 0.0784591 0 1 4.63385 47
-166.207 -24.3154 31.5925 0.996917 0.0784591 0 1 4.63385 47
-166.207 -24.3154 34.7925 0.996917 0.0784591 0 1 4.63385 47
-166.207 -24.3154 37.9925 0.996917 0.0784591 0 1 4.63385 47
-166.207 -24.3154 41.1925 0.996917 0.0784591 0 1 4.63385 47
-166.207 -24.3154 44.3925 0.996917 0.0784591 0 1 4.63385 47
-166.207 -24.3154 47.5925 0.996917 0.0784591 0 1 4.63385 47
-166.207 -24.3154 50.7925 0.996917 0.0784591 0 1 4.63385 47
-166.458 -21.1253 28.3925 0.996917 0.0784591 0 1 4.63385 47
-166.458 -21.1253 31.5925 0.996917 0.0784591 0 1 4.63385 47
-166.458 -21.1253 34.7925 0.996917 0.0784591 0 1 4.63385 47
-166.458 -21.1253 37.9925 0.996917 0.0784591 0 1 4.63385 47
-166.458 -21.1253 41.1925 0.996917 0.0784591 0 1 4.63385 47
-166.458 -21.1253 44.3925 0.996917 0.0784591 0 1 4.63385 47
-166.458 -21.1253 47.5925 0.996917 0.0784591 0 1 4.63385 47
-166.458 -21.1253 50.7925 0.996917 0.0784591 0 1 4.63385 47
-166.709 -17.9351 28.3925 0.996917 0.0784591 0 1 4.63385 47
-166.709 -17.9351 31.5925 0.996917 0.0784591 0 1 4.63385 47
-166.709 -17.9351 34.7925 0.996917 0.0784591 0 1 4.63385 47
-166.709 -17.9351 37.9925 0.996917 0.0784591 0 1 4.63385 47
-166.709 -17.9351 41.1925 0.996917 0.0784591 0 1 4.63385 47
-166.709 -17.9351 44.3925 0.996917 0.0784591 0 1 4.63385 47
-166.709 -17.9351 47.5925 0.996917 0.0784591 0 1 4.63385 47
-166.709 -17.9351 50.7925 0.996917 0.0784591 0 1 4.63385 47
-166.96 -14.745 28.3925 0.996917 0.0784591 0 1 4.63385 47
-166.96 -14.745 31.5925 0.996917 0.0784591 0 1 4.63385 47
-166.96 -14.745 34.7925 0.996917 0.0784591 0 1 4.63385 47
-166.96 -14.745 37.9925 0.996917 0.0784591 0 1 4.63385 47
-166.96 -14.745 41.1925 0.996917 0.0784591 0 1 4.63385 47
-166.96 -14.745 44.3925 0.996917 0.0784591 0 1 4.63385 47
-166.96 -14.745 47.5925 0.996917 0.0784591 0 1 4.63385 47
-166.96 -14.745 50.7925 0.996917 0.0784591 0 1 4.63385 47
-167.211 -11.5549 28.3925 0.996917 0.0784591 0 1 4.63385 47
-167.211 -11.5549 31.5925 0.996917 0.0784591 0 1 4.63385 47
-167.211 -11.5549 34.7925 0.996917 0.0784591 0 1 4.63385 47
-167.211 -11.5549 37.9925 0.996917 0.0784591 0 1 4.63385 47
-167.211 -11.5549 41.1925 0.996917 0.0784591 0 1 4.63385 47
-167.211 -11.5549 44.3925 0.996917 0.0784591 0 1 4.63385 47
-167.211 -11.5549 47.5925 0.996917 0.0784591 0 1 4.63385 47
-167.211 -11.5549 50.7925 0.996917 0.0784591 0 1 4.63385 47
-167.462 -8.36474 28.3925 0.996917 0.0784591 0 1 4.63385 47
-167.462 -8.36474 31.5925 0.996917 0.0784591 0 1 4.63385 47
-167.462 -8.36474 34.7925 0.996917 0.0784591 0 1 4.63385 47
-167.462 -8.36474 37.9925 0.996917 0.0784591 0 1 4.63385 47
-167.462 -8.36474 41.1925 0.996917 0.0784591 0 1 4.63385 47
-167.462 -8.36474 44.3925 0.996917 0.0784591 0 1 4.63385 47
-167.462 -8.36474 47.5925 0.996917 0.0784591 0 1 4.63385 47
-167.462 -8.36474 50.7925 0.996917 0.0784591 0 1 4.63385 47
-167.714 -5.1746 28.3925 0.996917 0.0784591 0 1 4.63385 47
-167.714 -5.1746 31.5925 0.996917 0.0784591 0 1 4.63385 47
-167.714 -5.1746 34.7925 0.996917 0.0784591 0 1 4.63385 47
-167.714 -5.1746 37.9925 0.996917 0.0784591 0 1 4.63385 47
-167.714 -5.1746 41.1925 0.996917 0.0784591 0 1 4.63385 47
-167.714 -5.1746 44.3925 0.996917 0.0784591 0 1 4.63385 47
-167.714 -5.1746 47.5925 0.996917 0.0784591 0 1 4.63385 47
-167.714 -5.1746 50.7925 0.996917 0.0784591 0 1 4.63385 47
-167.965 -1.98447 28.3925 0.996917 0.0784591 0 1 4.63385 47
-167.965 -1.98447 31.5925 0.996917 0.0784591 0 1 4.63385 47
-167.965 -1.98447 34.7925 0.996917 0.0784591 0 1 4.63385 47
-167.965 -1.98447 37.9925 0.996917 0.0784591 0 1 4.63385 47
-167.965 -1.98447 41.1925 0.996917 0.0784591 0 1 4.63385 47
-167.965 -1.98447 44.3925 0.996917 0.0784591 0 1 4.63385 47
-167.965 -1.98447 47.5925 0.996917 0.0784591 0 1 4.63385 47
-167.965 -1.98447 50.7925 0.996917 0.0784591 0 1 4.63385 47
167.965 -1.98447 -50.7925 -0.996917 0.0784591 0 0 1.64934 48
167.965 -1.98447 -47.5925 -0.996917 0.0784591 0 0 1.64934 48
167.965 -1.98447 -44.3925 -0.996917 0.0784591 0 0 1.64934 48
167.965 -1.98447 -41.1925 -0.996917 0.0784591 0 0 1.64934 48
167.965 -1.98447 -37.9925 -0.996917 0.0784591 0 0 1.64934 48
167.965 -1.98447 -34.7925 -0.996917 0.0784591 0 0 1.64934 48
167.965 -1.98447 -31.5925 -0.996917 0.0784591 0 0 1.64934 48
167.965 -1.98447 -28.3925 -0.996917 0.0784591 0 0 1.64934 48
167.714 -5.1746 -50.7925 -0.996917 0.0784591 0 0 1.64934 48
167.714 -5.1746 -47.5925 -0.996917 0.0784591 0 0 1.64934 48
167.714 -5.1746 -44.3925 -0.996917 0.0784591 0 0 1.64934 48
167.714 -5.1746 -41.1925 -0.996917 0.0784591 0 0 1.64934 48
167.714 -5.1746 -37.9925 -0.996917 0.0784591 0 0 1.64934 48
167.714 -5.1746 -34.7925 -0.996917 0.0784591 0 0 1.64934 48
167.714 -5.1746 -31.5925 -0.996917 0.0784591 0 0 1.64934 48
167.714 -5.1746 -28.3925 -0.996917 0.0784591 0 0 1.64934 48
167.462 -8.36474 -50.7925 -0.996917 0.0784591 0 0 1.64934 48
167.462 -8.36474 -47.5925 -0.996917 0.0784591 0 0 1.64934 48
167.462 -8.36474 -44.3925 -0.996917 0.0784591 0 0 1.64934 48
167.462 -8.36474 -41.1925 -0.996917 0.0784591 0 0 1.64934 48
167.462 -8.36474 -37.9925 -0.996917 0.0784591 0 0 1.64934 48
167.462 -8.36474 -34.7925 -0.996917 0.0784591 0 0 1.64934 48
167.462 -8.36474 -31.5925 -0.996917 0.0784591 0 0 1.64934 48
167.462 -8.36474 -28.3925 -0.996917 0.0784591 0 0 1.64934 48
167.211 -11.5549 -50.7925 -0.996917 0.0784591 0 0 1.64934 48
167.211 -11.5549 -47.5925 -0.996917 0.0784591 0 0 1.64934 48
167.211 -11.5549 -44.3925 -0.996917 0.0784591 0 0 1.64934 48
167.211 -11.5549 -41.1925 -0.996917 0.0784591 0 0 1.64934 48
167.211 -11.5549 -37.9925 -0.996917 0.0784591 0 0 1.64934 48
167.211 -11.5549 -34.7925 -0.996917 0.0784591 0 0 1.64934 48
167.211 -11.5549 -31.5925 -0.996917 0.0784591 0 0 1.64934 48
167.211 -11.5549 -28.3925 -0.996917 0.0784591 0 0 1.64934 48
166.96 -14.745 -50.7925 -0.996917 0.0784591 0 0 1.64934 48
166.96 -14.745 -47.5925 -0.996917 0.0784591 0 0 1.64934 48
166.96 -14.745 -44.3925 -0.996917 0.0784591 0 0 1.64934 48
166.96 -14.745 -41.1925 -0.996917 0.0784591 0 0 1.64934 48
166.96 -14.745 -37.9925 -0.996917 0.0784591 0 0 1.64934 48
166.96 -14.745 -34.7925 -0.996917 0.0784591 0 0 1.64934 48
166.96 -14.745 -31.5925 -0.996917 0.0784591 0 0 1.64934 48
166.96 -14.745 -28.3925 -0.996917 0.0784591 0 0 1.64934 48
166.709 -17.9351 -50.7925 -0.996917 0.0784591 0 0 1.64934 48
166.709 -17.9351 -47.5925 -0.996917 0.0784591 0 0 1.64934 48
166.709 -17.9351 -44.3925 -0.996917 0.0784591 0 0 1.64934 48
166.709 -17.9351 -41.1925 -0.996917 0.0784591 0 0 1.64934 48
166.709 -17.9351 -37.9925 -0.996917 0.0784591 0 0 1.64934 48
166.709 -17.9351 -34.7925 -0.996917 0.0784591 0 0 1.64934 48
166.709 -17.9351 -31.5925 -0.996917 0.0784591 0 0 1.64934 48
166.709 -17.9351 -28.3925 -0.996917 0.0784591 0 0 1.64934 48
166.458 -21.1253 -50.7925 -0.996917 0.0784591 0 0 1.64934 48
166.458 -21.1253 -47.5925 -0.996917 0.0784591 0 0 1.64934 48
166.458 -21.1253 -44.3925 -0.996917 0.0784591 0 0 1.64934 48
166.458 -21.1253 -41.1925 -0.996917 0.0784591 0 0 1.64934 48
166.458 -21.1253 -37.9925 -0.996917 0.0784591 0 0 1.64934 48
166.458 -21.1253 -34.7925 -0.996917 0.0784591 0 0 1.64934 48
166.458 -21.1253 -31.5925 -0.996917 0.0784591 0 0 1.64934 48
166.458 -21.1253 -28.3925 -0.996917 0.0784591 0 0 1.64934 48
166.207 -24.3154 -50.7925 -0.996917 0.0784591 0 0 1.64934 48
166.207 -24.3154 -47.5925 -0.996917 0.0784591 0 0 1.64934 48
166.207 -24.3154 -44.3925 -0.996917 0.0784591 0 0 1.64934 48
166.207 -24.3154 -41.1925 -0.996917 0.0784591 0 0 1.64934 48
166.207 -24.3154 -37.9925 -0.996917 0.0784591 0 0 1.64934 48
166.207 -24.3154 -34.7925 -0.996917 0.0784591 0 0 1.64934 48
166.207 -24.3154 -31.5925 -0.996917 0.0784591 0 0 1.64934 48
166.207 -24.3154 -28.3925 -0.996917 0.0784591 0 0 1.64934 48
-167.965 1.98447 -50.7925 0.996917 -0.0784591 0 1 4.79093 49
-167.965 1.98447 -47.5925 0.996917 -0.0784591 0 1 4.79093 49
-167.965 1.98447 -44.3925 0.996917 -0.0784591 0 1 4.79093 49
-167.965 1.98447 -41.1925 0.996917 -0.0784591 0 1 4.79093 49
-167.965 1.98447 -37.9925 0.996917 -0.0784591 0 1 4.79093 49
-167.965 1.98447 -34.7925 0.996917 -0.0784591 0 1 4.79093 49
-167.965 1.98447 -31.5925 0.996917 -0.0784591 0 1 4.79093 49
-167.965 1.98447 -28.3925 0.996917 -0.0784591 0 1 4.79093 49
-167.714 5.1746 -50.7925 0.996917 -0.0784591 0 1 4.79093 49
-167.714 5.1746 -47.5925 0.996917 -0.0784591 0 1 4.79093 49
-167.714 5.1746 -44.3925 0.996917 -0.0784591 0 1 4.79093 49
-167.714 5.1746 -41.1925 0.996917 -0.0784591 0 1 4.79093 49
-167.714 5.1746 -37.9925 0.996917 -0.0784591 0 1 4.79093 49
-167.714 5.1746 -34.7925 0.996917 -0.0784591 0 1 4.79093 49
-167.714 5.1746 -31.5925 0.996917 -0.0784591 0 1 4.79093 49
-167.714 5.1746 -28.3925 0.996917 -0.0784591 0 1 4.79093 49
-167.462 8.36474 -50.7925 0.996917 -0.0784591 0 1 4.79093 49
-167.462 8.36474 -47.5925 0.996917 -0.0784591 0 1 4.79093 49
-167.462 8.36474 -44.3925 0.996917 -0.0784591 0 1 4.79093 49
-167.462 8.36474 -41.1925 0.996917 -0.0784591 0 1 4.79093 49
-167.462 8.36474 -37.9925 0.996917 -0.0784591 0 1 4.79093 49
-167.462 8.36474 -34.7925 0.996917 -0.0784591 0 1 4.79093 49
-167.462 8.36474 -31.5925 0.996917 -0.0784591 0 1 4.79093 49
-167.462 8.36474 -28.3925 0.996917 -0.0784591 0 1 4.79093 49
-167.211 11.5549 -50.7925 0.996917 -0.0784591 0 1 4.79093 49
-167.211 11.5549 -47.5925 0.996917 -0.0784591 0 1 4.79093 49
-167.211 11.5549 -44.3925 0.996917 -0.0784591 0 1 4.79093 49
-167.211 11.5549 -41.1925 0.996917 -0.0784591 0 1 4.79093 49
-167.211 11.5549 -37.9925 0.996917 -0.0784591 0 1 4.79093 49
-167.211 11.5549 -34.7925 0.996917 -0.0784591 0 1 4.79093 49
-167.211 11.5549 -31.5925 0.996917 -0.0784591 0 1 4.79093 49
-167.211 11.5549 -28.3925 0.996917 -0.0784591 0 1 4.79093 49
-166.96 14.745 -50.7925 0.996917 -0.0784591 0 1 4.79093 49
-166.96 14.745 -47.5925 0.996917 -0.0784591 0 1 4.79093 49
-166.96 14.745 -44.3925 0.996917 -0.0784591 0 1 4.79093 49
-166.96 14.745 -41.1925 0.996917 -0.0784591 0 1 4.79093 49
-166.96 14.745 -37.9925 0.996917 -0.0784591 0 1 4.79093 49
-166.96 14.745 -34.7925 0.996917 -0.0784591 0 1 4.79093 49
-166.96 14.745 -31.5925 0.996917 -0.0784591 0 1 4.79093 49
-166.96 14.745 -28.3925 0.996917 -0.0784591 0 1 4.79093 49
-166.709 17.9351 -50.7925 0.996917 -0.0784591 0 1 4.79093 49
-166.709 17.9351 -47.5925 0.996917 -0.0784591 0 1 4.79093 49
-166.709 17.9351 -44.3925 0.996917 -0.0784591 0 1 4.79093 49
-166.709 17.9351 -41.1925 0.996917 -0.0784591 0 1 4.79093 49
-166.709 17.9351 -37.9925 0.996917 -0.0784591 0 1 4.79093 49
-166.709 17.9351 -34.7925 0.996917 -0.0784591 0 1 4.79093 49
-166.709 17.9351 -31.5925 0.996917 -0.0784591 0 1 4.79093 49
-166.709 17.9351 -28.3925 0.996917 -0.0784591 0 1 4.79093 49
-166.458 21.1253 -50.7925 0.996917 -0.0784591 0 1 4.79093 49
-166.458 21.1253 -47.5925 0.996917 -0.0784591 0 1 4.79093 49
-166.458 21.1253 -44.3925 0.996917 -0.0784591 0 1 4.79093 49
-166.458 21.1253 -41.1925 0.996917 -0.0784591 0 1 4.79093 49
-166.458 21.1253 -37.9925 0.996917 -0.0784591 0 1 4.79093 49
-166.458 21.1253 -34.7925 0.996917 -0.0784591 0 1 4.79093 49
-166.458 21.1253 -31.5925 0.996917 -0.0784591 0 1 4.79093 49
-166.458 21.1253 -28.3925 0.996917 -0.0784591 0 1 4.79093 49
-166.207 24.3154 -50.7925 0.996917 -0.0784591 0 1 4.79093 49
-166.207 24.3154 -47.5925 0.996917 -0.0784591 0 1 4.79093 49
-166.207 24.3154 -44.3925 0.996917 -0.0784591 0 1 4.79093 49
-166.207 24.3154 -41.1925 0.996917 -0.0784591 0 1 4.79093 49
-166.207 24.3154 -37.9925 0.996917 -0.0784591 0 1 4.79093 49
-166.207 24.3154 -34.7925 0.996917 -0.0784591 0 1 4.79093 49
-166.207 24.3154 -31.5925 0.996917 -0.0784591 0 1 4.79093 49
-166.207 24.3154 -28.3925 0.996917 -0.0784591 0 1 4.79093 49
167.965 -1.98447 -24.3975 -0.996917 0.0784591 0 0 1.64934 50
167.965 -1.98447 -21.1975 -0.996917 0.0784591 0 0 1.64934 50
167.965 -1.98447 -17.9975 -0.996917 0.0784591 0 0 1.64934 50
167.965 -1.98447 -14.7975 -0.996917 0.0784591 0 0 1.64934 50
167.965 -1.98447 -11.5975 -0.996917 0.0784591 0 0 1.64934 50
167.965 -1.98447 -8.3975 -0.996917 0.0784591 2.36848e-16 0 1.64934 50
167.965 -1.98447 -5.1975 -0.996917 0.0784591 0 0 1.64934 50
167.965 -1.98447 -1.9975 -0.996917 0.0784591 0 0 1.64934 50
167.714 -5.1746 -24.3975 -0.996917 0.0784591 0 0 1.64934 50
167.714 -5.1746 -21.1975 -0.996917 0.0784591 0 0 1.64934 50
167.714 -5.1746 -17.9975 -0.996917 0.0784591 0 0 1.64934 50
167.714 -5.1746 -14.7975 -0.996917 0.0784591 0 0 1.64934 50
167.714 -5.1746 -11.5975 -0.996917 0.0784591 0 0 1.64934 50
167.714 -5.1746 -8.3975 -0.996917 0.0784591 2.36848e-16 0 1.64934 50
167.714 -5.1746 -5.1975 -0.996917 0.0784591 0 0 1.64934 50
167.714 -5.1746 -1.9975 -0.996917 0.0784591 0 0 1.64934 50
167.462 -8.36474 -24.3975 -0.996917 0.0784591 0 0 1.64934 50
167.462 -8.36474 -21.1975 -0.996917 0.0784591 0 0 1.64934 50
167.462 -8.36474 -17.9975 -0.996917 0.0784591 0 0 1.64934 50
167.462 -8.36474 -14.7975 -0.996917 0.0784591 0 0 1.64934 50
167.462 -8.36474 -11.5975 -0.996917 0.0784591 0 0 1.64934 50
167.462 -8.36474 -8.3975 -0.996917 0.0784591 2.36848e-16 0 1.64934 50
167.462 -8.36474 -5.1975 -0.996917 0.0784591 0 0 1.64934 50
167.462 -8.36474 -1.9975 -0.996917 0.0784591 0 0 1.64934 50
167.211 -11.5549 -24.3975 -0.996917 0.0784591 0 0 1.64934 50
167.211 -11.5549 -21.1975 -0.996917 0.0784591 0 0 1.64934 50
167.211 -11.5549 -17.9975 -0.996917 0.0784591 0 0 1.64934 50
167.211 -11.5549 -14.7975 -0.996917 0.0784591 0 0 1.64934 50
167.211 -11.5549 -11.5975 -0.996917 0.0784591 0 0 1.64934 50
167.211 -11.5549 -8.3975 -0.996917 0.0784591 2.36848e-16 0 1.64934 50
167.211 -11.5549 -5.1975 -0.996917 0.0784591 0 0 1.64934 50
167.211 -11.5549 -1.9975 -0.996917 0.0784591 0 0 1.64934 50
166.96 -14.745 -24.3975 -0.996917 0.0784591 0 0 1.64934 50
166.96 -14.745 -21.1975 -0.996917 0.0784591 0 0 1.64934 50
166.96 -14.745 -17.9975 -0.996917 0.0784591 0 0 1.64934 50
166.96 -14.745 -14.7975 -0.996917 0.0784591 0 0 1.64934 50
166.96 -14.745 -11.5975 -0.996917 0.0784591 0 0 1.64934 50
166.96 -14.745 -8.3975 -0.996917 0.0784591 2.36848e-16 0 1.64934 50
166.96 -14.745 -5.1975 -0.996917 0.0784591 0 0 1.64934 50
166.96 -14.745 -1.9975 -0.996917 0.0784591 0 0 1.64934 50
166.709 -17.9351 -24.3975 -0.996917 0.0784591 0 0 1.64934 50
166.709 -17.9351 -21.1975 -0.996917 0.0784591 0 0 1.64934 50
166.709 -17.9351 -17.9975 -0.996917 0.0784591 0 0 1.64934 50
166.709 -17.9351 -14.7975 -0.996917 0.0784591 0 0 1.64934 50
166.709 -17.9351 -11.5975 -0.996917 0.0784591 0 0 1.64934 50
166.709 -17.9351 -8.3975 -0.996917 0.0784591 2.36848e-16 0 1.64934 50
166.709 -17.9351 -5.1975 -0.996917 0.0784591 0 0 1.64934 50
166.709 -17.9351 -1.9975 -0.996917 0.0784591 0 0 1.64934 50
166.458 -21.1253 -24.3975 -0.996917 0.0784591 0 0 1.64934 50
166.458 -21.1253 -21.1975 -0.996917 0.0784591 0 0 1.64934 50
166.458 -21.1253 -17.9975 -0.996917 0.0784591 0 0 1.64934 50
166.458 -21.1253 -14.7975 -0.996917 0.0784591 0 0 1.64934 50
166.458 -21.1253 -11.5975 -0.996917 0.0784591 0 0 1.64934 50
166.458 -21.1253 -8.3975 -0.996917 0.0784591 2.36848e-16 0 1.64934 50
166.458 -21.1253 -5.1975 -0.996917 0.0784591 0 0 1.64934 50
166.458 -21.1253 -1.9975 -0.996917 0.0784591 0 0 1.64934 50
166.207 -24.3154 -24.3975 -0.996917 0.0784591 0 0 1.64934 50
166.207 -24.3154 -21.1975 -0.996917 0.0784591 0 0 1.64934 50
166.207 -24.3154 -17.9975 -0.996917 0.0784591 0 0 1.64934 50
166.207 -24.3154 -14.7975 -0.996917 0.0784591 0 0 1.64934 50
166.207 -24.3154 -11.5975 -0.996917 0.0784591 0 0 1.64934 50
166.207 -24.3154 -8.3975 -0.996917 0.0784591 2.36848e-16 0 1.64934 50
166.207 -24.3154 -5.1975 -0.996917 0.0784591 0 0 1.64934 50
166.207 -24.3154 -1.9975 -0.996917 0.0784591 0 0 1.64934 50
-167.965 1.98447 -24.3975 0.996917 -0.0784591 0 1 4.79093 51
-167.965 1.98447 -21.1975 0.996917 -0.0784591 0 1 4.79093 51
-167.965 1.98447 -17.9975 0.996917 -0.0784591 0 1 4.79093 51
-167.965 1.98447 -14.7975 0.996917 -0.0784591 0 1 4.79093 51
-167.965 1.98447 -11.5975 0.996917 -0.0784591 0 1 4.79093 51
-167.965 1.98447 -8.3975 0.996917 -0.0784591 2.36848e-16 1 4.79093 51
-167.965 1.98447 -5.1975 0.996917 -0.0784591 0 1 4.79093 51
-167.965 1.98447 -1.9975 0.996917 -0.0784591 0 1 4.79093 51
-167.714 5.1746 -24.3975 0.996917 -0.0784591 0 1 4.79093 51
-167.714 5.1746 -21.1975 0.996917 -0.0784591 0 1 4.79093 51
-167.714 5.1746 -17.9975 0.996917 -0.0784591 0 1 4.79093 51
-167.714 5.1746 -14.7975 0.996917 -0.0784591 0 1 4.79093 51
-167.714 5.1746 -11.5975 0.996917 -0.0784591 0 1 4.79093 51
-167.714 5.1746 -8.3975 0.996917 -0.0784591 2.36848e-16 1 4.79093 51
-167.714 5.1746 -5.1975 0.996917 -0.0784591 0 1 4.79093 51
-167.714 5.1746 -1.9975 0.996917 -0.0784591 0 1 4.79093 51
-167.462 8.36474 -24.3975 0.996917 -0.0784591 0 1 4.79093 51
-167.462 8.36474 -21.1975 0.996917 -0.0784591 0 1 4.79093 51
-167.462 8.36474 -17.9975 0.996917 -0.0784591 0 1 4.79093 51
-167.462 8.36474 -14.7975 0.996917 -0.0784591 0 1 4.79093 51
-167.462 8.36474 -11.5975 0.996917 -0.0784591 0 1 4.79093 51
-167.462 8.36474 -8.3975 0.996917 -0.0784591 2.36848e-16 1 4.79093 51
-167.462 8.36474 -5.1975 0.996917 -0.0784591 0 1 4.79093 51
-167.462 8.36474 -1.9975 0.996917 -0.0784591 0 1 4.79093 51
-167.211 11.5549 -24.3975 0.996917 -0.0784591 0 1 4.79093 51
-167.211 11.5549 -21.1975 0.996917 -0.0784591 0 1 4.79093 51
-167.211 11.5549 -17.9975 0.996917 -0.0784591 0 1 4.79093 51
-167.211 11.5549 -14.7975 0.996917 -0.0784591 0 1 4.79093 51
-167.211 11.5549 -11.5975 0.996917 -0.0784591 0 1 4.79093 51
-167.211 11.5549 -8.3975 0.996917 -0.0784591 2.36848e-16 1 4.79093 51
-167.211 11.5549 -5.1975 0.996917 -0.0784591 0 1 4.79093 51
-167.211 11.5549 -1.9975 0.996917 -0.0784591 0 1 4.79093 51
-166.96 14.745 -24.3975 0.996917 -0.0784591 0 1 4.79093 51
-166.96 14.745 -21.1975 0.996917 -0.0784591 0 1 4.79093 51
-166.96 14.745 -17.9975 0.996917 -0.0784591 0 1 4.79093 51
-166.96 14.745 -14.7975 0.996917 -0.0784591 0 1 4.79093 51
-166.96 14.745 -11.5975 0.996917 -0.0784591 0 1 4.79093 51
-166.96 14.745 -8.3975 0.996917 -0.0784591 2.36848e-16 1 4.79093 51
-166.96 14.745 -5.1975 0.996917 -0.0784591 0 1 4.79093 51
-166.96 14.745 -1.9975 0.996917 -0.0784591 0 1 4.79093 51
-166.709 17.9351 -24.3975 0.996917 -0.0784591 0 1 4.79093 51
-166.709 17.9351 -21.1975 0.996917 -0.0784591 0 1 4.79093 51
-166.709 17.9351 -17.9975 0.996917 -0.0784591 0 1 4.79093 51
-166.709 17.9351 -14.7975 0.996917 -0.0784591 0 1 4.79093 51
-166.709 17.9351 -11.5975 0.996917 -0.0784591 0 1 4.79093 51
-166.709 17.9351 -8.3975 0.996917 -0.0784591 2.36848e-16 1 4.79093 51
-166.709 17.9351 -5.1975 0.996917 -0.0784591 0 1 4.79093 51
-166.709 17.9351 -1.9975 0.996917 -0.0784591 0 1 4.79093 51
-166.458 21.1253 -24.3975 0.996917 -0.0784591 0 1 4.79093 51
-166.458 21.1253 -21.1975 0.996917 -0.0784591 0 1 4.79093 51
-166.458 21.1253 -17.9975 0.996917 -0.0784591 0 1 4.79093 51
-166.458 21.1253 -14.7975 0.996917 -0.0784591 0 1 4.79093 51
-166.458 21.1253 -11.5975 0.996917 -0.0784591 0 1 4.79093 51
-166.458 21.1253 -8.3975 0.996917 -0.0784591 2.36848e-16 1 4.79093 51
-166.458 21.1253 -5.1975 0.996917 -0.0784591 0 1 4.79093 51
-166.458 21.1253 -1.9975 0.996917 -0.0784591 0 1 4.79093 51
-166.207 24.3154 -24.3975 0.996917 -0.0784591 0 1 4.79093 51
-166.207 24.3154 -21.1975 0.996917 -0.0784591 0 1 4.79093 51
-166.207 24.3154 -17.9975 0.996917 -0.0784591 0 1 4.79093 51
-166.207 24.3154 -14.7975 0.996917 -0.0784591 0 1 4.79093 51
-166.207 24.3154 -11.5975 0.996917 -0.0784591 0 1 4.79093 51
-166.207 24.3154 -8.3975 0.996917 -0.0784591 2.36848e-16 1 4.79093 51
-166.207 24.3154 -5.1975 0.996917 -0.0784591 0 1 4.79093 51
-166.207 24.3154 -1.9975 0.996917 -0.0784591 0 1 4.79093 51
167.965 -1.98447 1.9975 -0.996917 0.0784591 0 0 1.64934 52
167.965 -1.98447 5.1975 -0.996917 0.0784591 1.18424e-16 0 1.64934 52
167.965 -1.98447 8.3975 -0.996917 0.0784591 2.36848e-16 0 1.64934 52
167.965 -1.98447 11.5975 -0.996917 0.0784591 0 0 1.64934 52
167.965 -1.98447 14.7975 -0.996917 0.0784591 0 0 1.64934 52
167.965 -1.98447 17.9975 -0.996917 0.0784591 4.73695e-16 0 1.64934 52
167.965 -1.98447 21.1975 -0.996917 0.0784591 0 0 1.64934 52
167.965 -1.98447 24.3975 -0.996917 0.0784591 0 0 1.64934 52
167.714 -5.1746 1.9975 -0.996917 0.0784591 0 0 1.64934 52
167.714 -5.1746 5.1975 -0.996917 0.0784591 1.18424e-16 0 1.64934 52
167.714 -5.1746 8.3975 -0.996917 0.0784591 2.36848e-16 0 1.64934 52
167.714 -5.1746 11.5975 -0.996917 0.0784591 0 0 1.64934 52
167.714 -5.1746 14.7975 -0.996917 0.0784591 0 0 1.64934 52
167.714 -5.1746 17.9975 -0.996917 0.0784591 4.73695e-16 0 1.64934 52
167.714 -5.1746 21.1975 -0.996917 0.0784591 0 0 1.64934 52
167.714 -5.1746 24.3975 -0.996917 0.0784591 0 0 1.64934 52
167.462 -8.36474 1.9975 -0.996917 0.0784591 0 0 1.64934 52
167.462 -8.36474 5.1975 -0.996917 0.0784591 1.18424e-16 0 1.64934 52
167.462 -8.36474 8.3975 -0.996917 0.0784591 2.36848e-16 0 1.64934 52
167.462 -8.36474 11.5975 -0.996917 0.0784591 0 0 1.64934 52
167.462 -8.36474 14.7975 -0.996917 0.0784591 0 0 1.64934 52
167.462 -8.36474 17.9975 -0.996917 0.0784591 4.73695e-16 0 1.64934 52
167.462 -8.36474 21.1975 -0.996917 0.0784591 0 0 1.64934 52
167.462 -8.36474 24.3975 -0.996917 0.0784591 0 0 1.64934 52
167.211 -11.5549 1.9975 -0.996917 0.0784591 0 0 1.64934 52
167.211 -11.5549 5.1975 -0.996917 0.0784591 1.18424e-16 0 1.64934 52
167.211 -11.5549 8.3975 -0.996917 0.0784591 2.36848e-16 0 1.64934 52
167.211 -11.5549 11.5975 -0.996917 0.0784591 0 0 1.64934 52
167.211 -11.5549 14.7975 -0.996917 0.0784591 0 0 1.64934 52
167.211 -11.5549 17.9975 -0.996917 0.0784591 4.73695e-16 0 1.64934 52
167.211 -11.5549 21.1975 -0.996917 0.0784591 0 0 1.64934 52
167.211 -11.5549 24.3975 -0.996917 0.0784591 0 0 1.64934 52
166.96 -14.745 1.9975 -0.996917 0.0784591 0 0 1.64934 52
166.96 -14.745 5.1975 -0.996917 0.0784591 1.18424e-16 0 1.64934 52
166.96 -14.745 8.3975 -0.996917 0.0784591 2.36848e-16 0 1.64934 52
166.96 -14.745 11.5975 -0.996917 0.0784591 0 0 1.64934 52
166.96 -14.745 14.7975 -0.996917 0.0784591 0 0 1.64934 52
166.96 -14.745 17.9975 -0.996917 0.0784591 4.73695e-16 0 1.64934 52
166.96 -14.745 21.1975 -0.996917 0.0784591 0 0 1.64934 52
166.96 -14.745 24.3975 -0.996917 0.0784591 0 0 1.64934 52
166.709 -17.9351 1.9975 -0.996917 0.0784591 0 0 1.64934 52
166.709 -17.9351 5.1975 -0.996917 0.0784591 1.18424e-16 0 1.64934 52
166.709 -17.9351 8.3975 -0.996917 0.0784591 2.36848e-16 0 1.64934 52
166.709 -17.9351 11.5975 -0.996917 0.0784591 0 0 1.64934 52
166.709 -17.9351 14.7975 -0.996917 0.0784591 0 0 1.64934 52
166.709 -17.9351 17.9975 -0.996917 0.0784591 4.73695e-16 0 1.64934 52
166.709 -17.9351 21.1975 -0.996917 0.0784591 0 0 1.64934 52
166.709 -17.9351 24.3975 -0.996917 0.0784591 0 0 1.64934 52
166.458 -21.1253 1.9975 -0.996917 0.0784591 0 0 1.64934 52
166.458 -21.1253 5.1975 -0.996917 0.0784591 1.18424e-16 0 1.64934 52
166.458 -21.1253 8.3975 -0.996917 0.0784591 2.36848e-16 0 1.64934 52
166.458 -21.1253 11.5975 -0.996917 0.0784591 0 0 1.64934 52
166.458 -21.1253 14.7975 -0.996917 0.0784591 0 0 1.64934 52
166.458 -21.1253 17.9975 -0.996917 0.0784591 4.73695e-16 0 1.64934 52
166.458 -21.1253 21.1975 -0.996917 0.0784591 0 0 1.64934 52
166.458 -21.1253 24.3975 -0.996917 0.0784591 0 0 1.64934 52
166.207 -24.3154 1.9975 -0.996917 0.0784591 0 0 1.64934 52
166.207 -24.3154 5.1975 -0.996917 0.0784591 1.18424e-16 0 1.64934 52
166.207 -24.3154 8.3975 -0.996917 0.0784591 2.36848e-16 0 1.64934 52
166.207 -24.3154 11.5975 -0.996917 0.0784591 0 0 1.64934 52
166.207 -24.3154 14.7975 -0.996917 0.0784591 0 0 1.64934 52
166.207 -24.3154 17.9975 -0.996917 0.0784591 4.73695e-16 0 1.64934 52
166.207 -24.3154 21.1975 -0.996917 0.0784591 0 0 1.64934 52
166.207 -24.3154 24.3975 -0.996917 0.0784591 0 0 1.64934 52
-167.965 1.98447 1.9975 0.996917 -0.0784591 0 1 4.79093 53
-167.965 1.98447 5.1975 0.996917 -0.0784591 1.18424e-16 1 4.79093 53
-167.965 1.98447 8.3975 0.996917 -0.0784591 2.36848e-16 1 4.79093 53
-167.965 1.98447 11.5975 0.996917 -0.0784591 0 1 4.79093 53
-167.965 1.98447 14.7975 0.996917 -0.0784591 0 1 4.79093 53
-167.965 1.98447 17.9975 0.996917 -0.0784591 4.73695e-16 1 4.79093 53
-167.965 1.98447 21.1975 0.996917 -0.0784591 0 1 4.79093 53
-167.965 1.98447 24.3975 0.996917 -0.0784591 0 1 4.79093 53
-167.714 5.1746 1.9975 0.996917 -0.0784591 0 1 4.79093 53
-167.714 5.1746 5.1975 0.996917 -0.0784591 1.18424e-16 1 4.79093 53
-167.714 5.1746 8.3975 0.996917 -0.0784591 2.36848e-16 1 4.79093 53
-167.714 5.1746 11.5975 0.996917 -0.0784591 0 1 4.79093 53
-167.714 5.1746 14.7975 0.996917 -0.0784591 0 1 4.79093 53
-167.714 5.1746 17.9975 0.996917 -0.0784591 4.73695e-16 1 4.79093 53
-167.714 5.1746 21.1975 0.996917 -0.0784591 0 1 4.79093 53
-167.714 5.1746 24.3975 0.996917 -0.0784591 0 1 4.79093 53
-167.462 8.36474 1.9975 0.996917 -0.0784591 0 1 4.79093 53
-167.462 8.36474 5.1975 0.996917 -0.0784591 1.18424e-16 1 4.79093 53
-167.462 8.36474 8.3975 0.996917 -0.0784591 2.36848e-16 1 4.79093 53
-167.462 8.36474 11.5975 0.996917 -0.0784591 0 1 4.79093 53
-167.462 8.36474 14.7975 0.996917 -0.0784591 0 1 4.79093 53
-167.462 8.36474 17.9975 0.996917 -0.0784591 4.73695e-16 1 4.79093 53
-167.462 8.36474 21.1975 0.996917 -0.0784591 0 1 4.79093 53
-167.462 8.36474 24.3975 0.996917 -0.0784591 0 1 4.79093 53
-167.211 11.5549 1.9975 0.996917 -0.0784591 0 1 4.79093 53
-167.211 11.5549 5.1975 0.996917 -0.0784591 1.18424e-16 1 4.79093 53
-167.211 11.5549 8.3975 0.996917 -0.0784591 2.36848e-16 1 4.79093 53
-167.211 11.5549 11.5975 0.996917 -0.0784591 0 1 4.79093 53
-167.211 11.5549 14.7975 0.996917 -0.0784591 0 1 4.79093 53
-167.211 11.5549 17.9975 0.996917 -0.0784591 4.73695e-16 1 4.79093 53
-167.211 11.5549 21.1975 0.996917 -0.0784591 0 1 4.79093 53
-167.211 11.5549 24.3975 0.996917 -0.0784591 0 1 4.79093 53
-166.96 14.745 1.9975 0.996917 -0.0784591 0 1 4.79093 53
-166.96 14.745 5.1975 0.996917 -0.0784591 1.18424e-16 1 4.79093 53
-166.96 14.745 8.3975 0.996917 -0.0784591 2.36848e-16 1 4.79093 53
-166.96 14.745 11.5975 0.996917 -0.0784591 0 1 4.79093 53
-166.96 14.745 14.7975 0.996917 -0.0784591 0 1 4.79093 53
-166.96 14.745 17.9975 0.996917 -0.0784591 4.73695e-16 1 4.79093 53
-166.96 14.745 21.1975 0.996917 -0.0784591 0 1 4.79093 53
-166.96 14.745 24.3975 0.996917 -0.0784591 0 1 4.79093 53
-166.709 17.9351 1.9975 0.996917 -0.0784591 0 1 4.79093 53
-166.709 17.9351 5.1975 0.996917 -0.0784591 1.18424e-16 1 4.79093 53
-166.709 17.9351 8.3975 0.996917 -0.0784591 2.36848e-16 1 4.79093 53
-166.709 17.9351 11.5975 0.996917 -0.0784591 0 1 4.79093 53
-166.709 17.9351 14.7975 0.996917 -0.0784591 0 1 4.79093 53
-166.709 17.9351 17.9975 0.996917 -0.0784591 4.73695e-16 1 4.79093 53
-166.709 17.9351 21.1975 0.996917 -0.0784591 0 1 4.79093 53
-166.709 17.9351 24.3975 0.996917 -0.0784591 0 1 4.79093 53
-166.458 21.1253 1.9975 0.996917 -0.0784591 0 1 4.79093 53
-166.458 21.1253 5.1975 0.996917 -0.0784591 1.18424e-16 1 4.79093 53
-166.458 21.1253 8.3975 0.996917 -0.0784591 2.36848e-16 1 4.79093 53
-166.458 21.1253 11.5975 0.996917 -0.0784591 0 1 4.79093 53
-166.458 21.1253 14.7975 0.996917 -0.0784591 0 1 4.79093 53
-166.458 21.1253 17.9975 0.996917 -0.0784591 4.73695e-16 1 4.79093 53
-166.458 21.1253 21.1975 0.996917 -0.0784591 0 1 4.79093 53
-166.458 21.1253 24.3975 0.996917 -0.0784591 0 1 4.79093 53
-166.207 24.3154 1.9975 0.996917 -0.0784591 0 1 4.79093 53
-166.207 24.3154 5.1975 0.996917 -0.0784591 1.18424e-16 1 4.79093 53
-166.207 24.3154 8.3975 0.996917 -0.0784591 2.36848e-16 1 4.79093 53
-166.207 24.3154 11.5975 0.996917 -0.0784591 0 1 4.79093 53
-166.207 24.3154 14.7975 0.996917 -0.0784591 0 1 4.79093 53
-166.207 24.3154 17.9975 0.996917 -0.0784591 4.73695e-16 1 4.79093 53
-166.207 24.3154 21.1975 0.996917 -0.0784591 0 1 4.79093 53
-166.207 24.3154 24.3975 0.996917 -0.0784591 0 1 4.79093 53
167.965 -1.98447 28.3925 -0.996917 0.0784591 0 0 1.64934 54
167.965 -1.98447 31.5925 -0.996917 0.0784591 0 0 1.64934 54
167.965 -1.98447 34.7925 -0.996917 0.0784591 0 0 1.64934 54
167.965 -1.98447 37.9925 -0.996917 0.0784591 0 0 1.64934 54
167.965 -1.98447 41.1925 -0.996917 0.0784591 0 0 1.64934 54
167.965 -1.98447 44.3925 -0.996917 0.0784591 0 0 1.64934 54
167.965 -1.98447 47.5925 -0.996917 0.0784591 0 0 1.64934 54
167.965 -1.98447 50.7925 -0.996917 0.0784591 0 0 1.64934 54
167.714 -5.1746 28.3925 -0.996917 0.0784591 0 0 1.64934 54
167.714 -5.1746 31.5925 -0.996917 0.0784591 0 0 1.64934 54
167.714 -5.1746 34.7925 -0.996917 0.0784591 0 0 1.64934 54
167.714 -5.1746 37.9925 -0.996917 0.0784591 0 0 1.64934 54
167.714 -5.1746 41.1925 -0.996917 0.0784591 0 0 1.64934 54
167.714 -5.1746 44.3925 -0.996917 0.0784591 0 0 1.64934 54
167.714 -5.1746 47.5925 -0.996917 0.0784591 0 0 1.64934 54
167.714 -5.1746 50.7925 -0.996917 0.0784591 0 0 1.64934 54
167.462 -8.36474 28.3925 -0.996917 0.0784591 0 0 1.64934 54
167.462 -8.36474 31.5925 -0.996917 0.0784591 0 0 1.64934 54
167.462 -8.36474 34.7925 -0.996917 0.0784591 0 0 1.64934 54
167.462 -8.36474 37.9925 -0.996917 0.0784591 0 0 1.64934 54
167.462 -8.36474 41.1925 -0.996917 0.0784591 0 0 1.64934 54
167.462 -8.36474 44.3925 -0.996917 0.0784591 0 0 1.64934 54
167.462 -8.36474 47.5925 -0.996917 0.0784591 0 0 1.64934 54
167.462 -8.36474 50.7925 -0.996917 0.0784591 0 0 1.64934 54
167.211 -11.5549 28.3925 -0.996917 0.0784591 0 0 1.64934 54
167.211 -11.5549 31.5925 -0.996917 0.0784591 0 0 1.64934 54
167.211 -11.5549 34.7925 -0.996917 0.0784591 0 0 1.64934 54
167.211 -11.5549 37.9925 -0.996917 0.0784591 0 0 1.64934 54
167.211 -11.5549 41.1925 -0.996917 0.0784591 0 0 1.64934 54
167.211 -11.5549 44.3925 -0.996917 0.0784591 0 0 1.64934 54
167.211 -11.5549 47.5925 -0.996917 0.0784591 0 0 1.64934 54
167.211 -11.5549 50.7925 -0.996917 0.0784591 0 0 1.64934 54
166.96 -14.745 28.3925 -0.996917 0.0784591 0 0 1.64934 54
166.96 -14.745 31.5925 -0.996917 0.0784591 0 0 1.64934 54
166.96 -14.745 34.7925 -0.996917 0.0784591 0 0 1.64934 54
166.96 -14.745 37.9925 -0.996917 0.0784591 0 0 1.64934 54
166.96 -14.745 41.1925 -0.996917 0.0784591 0 0 1.64934 54
166.96 -14.745 44.3925 -0.996917 0.0784591 0 0 1.64934 54
166.96 -14.745 47.5925 -0.996917 0.0784591 0 0 1.64934 54
166.96 -14.745 50.7925 -0.996917 0.0784591 0 0 1.64934 54
166.709 -17.9351 28.3925 -0.996917 0.0784591 0 0 1.64934 54
166.709 -17.9351 31.5925 -0.996917 0.0784591 0 0 1.64934 54
166.709 -17.9351 34.7925 -0.996917 0.0784591 0 0 1.64934 54
166.709 -17.9351 37.9925 -0.996917 0.0784591 0 0 1.64934 54
166.709 -17.9351 41.1925 -0.996917 0.0784591 0 0 1.64934 54
166.709 -17.9351 44.3925 -0.996917 0.0784591 0 0 1.64934 54
166.709 -17.9351 47.5925 -0.996917 0.0784591 0 0 1.64934 54
166.709 -17.9351 50.7925 -0.996917 0.0784591 0 0 1.64934 54
166.458 -21.1253 28.3925 -0.996917 0.0784591 0 0 1.64934 54
166.458 -21.1253 31.5925 -0.996917 0.0784591 0 0 1.64934 54
166.458 -21.1253 34.7925 -0.996917 0.0784591 0 0 1.64934 54
166.458 -21.1253 37.9925 -0.996917 0.0784591 0 0 1.64934 54
166.458 -21.1253 41.1925 -0.996917 0.0784591 0 0 1.64934 54
166.458 -21.1253 44.3925 -0.996917 0.0784591 0 0 1.64934 54
166.458 -21.1253 47.5925 -0.996917 0.0784591 0 0 1.64934 54
166.458 -21.1253 50.7925 -0.996917 0.0784591 0 0 1.64934 54
166.207 -24.3154 28.3925 -0.996917 0.0784591 0 0 1.64934 54
166.207 -24.3154 31.5925 -0.996917 0.0784591 0 0 1.64934 54
166.207 -24.3154 34.7925 -0.996917 0.0784591 0 0 1.64934 54
166.207 -24.3154 37.9925 -0.996917 0.0784591 0 0 1.64934 54
166.207 -24.3154 41.1925 -0.996917 0.0784591 0 0 1.64934 54
166.207 -24.3154 44.3925 -0.996917 0.0784591 0 0 1.64934 54
166.207 -24.3154 47.5925 -0.996917 0.0784591 0 0 1.64934 54
166.207 -24.3154 50.7925 -0.996917 0.0784591 0 0 1.64934 54
-167.965 1.98447 28.3925 0.996917 -0.0784591 0 1 4.79093 55
-167.965 1.98447 31.5925 0.996917 -0.0784591 0 1 4.79093 55
-167.965 1.98447 34.7925 0.996917 -0.0784591 0 1 4.79093 55
-167.965 1.98447 37.9925 0.996917 -0.0784591 0 1 4.79093 55
-167.965 1.98447 41.1925 0.996917 -0.0784591 0 1 4.79093 55
-167.965 1.98447 44.3925 0.996917 -0.0784591 0 1 4.79093 55
-167.965 1.98447 47.5925 0.996917 -0.0784591 0 1 4.79093 55
-167.965 1.98447 50.7925 0.996917 -0.0784591 0 1 4.79093 55
-167.714 5.1746 28.3925 0.996917 -0.0784591 0 1 4.79093 55
-167.714 5.1746 31.5925 0.996917 -0.0784591 0 1 4.79093 55
-167.714 5.1746 34.7925 0.996917 -0.0784591 0 1 4.79093 55
-167.714 5.1746 37.9925 0.996917 -0.0784591 0 1 4.79093 55
-167.714 5.1746 41.1925 0.996917 -0.0784591 0 1 4.79093 55
-167.714 5.1746 44.3925 0.996917 -0.0784591 0 1 4.79093 55
-167.714 5.1746 47.5925 0.996917 -0.0784591 0 1 4.79093 55
-167.714 5.1746 50.7925 0.996917 -0.0784591 0 1 4.79093 55
-167.462 8.36474 28.3925 0.996917 -0.0784591 0 1 4.79093 55
-167.462 8.36474 31.5925 0.996917 -0.0784591 0 1 4.79093 55
-167.462 8.36474 34.7925 0.996917 -0.0784591 0 1 4.79093 55
-167.462 8.36474 37.9925 0.996917 -0.0784591 0 1 4.79093 55
-167.462 8.36474 41.1925 0.996917 -0.0784591 0 1 4.79093 55
-167.462 8.36474 44.3925 0.996917 -0.0784591 0 1 4.79093 55
-167.462 8.36474 47.5925 0.996917 -0.0784591 0 1 4.79093 55
-167.462 8.36474 50.7925 0.996917 -0.0784591 0 1 4.79093 55
-167.211 11.5549 28.3925 0.996917 -0.0784591 0 1 4.79093 55
-167.211 11.5549 31.5925 0.996917 -0.0784591 0 1 4.79093 55
-167.211 11.5549 34.7925 0.996917 -0.0784591 0 1 4.79093 55
-167.211 11.5549 37.9925 0.996917 -0.0784591 0 1 4.79093 55
-167.211 11.5549 41.1925 0.996917 -0.0784591 0 1 4.79093 55
-167.211 11.5549 44.3925 0.996917 -0.0784591 0 1 4.79093 55
-167.211 11.5549 47.5925 0.996917 -0.0784591 0 1 4.79093 55
-167.211 11.5549 50.7925 0.996917 -0.0784591 0 1 4.79093 55
-166.96 14.745 28.3925 0.996917 -0.0784591 0 1 4.79093 55
-166.96 14.745 31.5925 0.996917 -0.0784591 0 1 4.79093 55
-166.96 14.745 34.7925 0.996917 -0.0784591 0 1 4.79093 55
-166.96 14.745 37.9925 0.996917 -0.0784591 0 1 4.79093 55
-166.96 14.745 41.1925 0.996917 -0.0784591 0 1 4.79093 55
-166.96 14.745 44.3925 0.996917 -0.0784591 0 1 4.79093 55
-166.96 14.745 47.5925 0.996917 -0.0784591 0 1 4.79093 55
-166.96 14.745 50.7925 0.996917 -0.0784591 0 1 4.79093 55
-166.709 17.9351 28.3925 0.996917 -0.0784591 0 1 4.79093 55
-166.709 17.9351 31.5925 0.996917 -0.0784591 0 1 4.79093 55
-166.709 17.9351 34.7925 0.996917 -0.0784591 0 1 4.79093 55
-166.709 17.9351 37.9925 0.996917 -0.0784591 0 1 4.79093 55
-166.709 17.9351 41.1925 0.996917 -0.0784591 0 1 4.79093 55
-166.709 17.9351 44.3925 0.996917 -0.0784591 0 1 4.79093 55
-166.709 17.9351 47.5925 0.996917 -0.0784591 0 1 4.79093 55
-166.709 17.9351 50.7925 0.996917 -0.0784591 0 1 4.79093 55
-166.458 21.1253 28.3925 0.996917 -0.0784591 0 1 4.79093 55
-166.458 21.1253 31.5925 0.996917 -0.0784591 0 1 4.79093 55
-166.458 21.1253 34.7925 0.996917 -0.0784591 0 1 4.79093 55
-166.458 21.1253 37.9925 0.996917 -0.0784591 0 1 4.79093 55
-166.458 21.1253 41.1925 0.996917 -0.0784591 0 1 4.79093 55
-166.458 21.1253 44.3925 0.996917 -0.0784591 0 1 4.79093 55
-166.458 21.1253 47.5925 0.996917 -0.0784591 0 1 4.79093 55
-166.458 21.1253 50.7925 0.996917 -0.0784591 0 1 4.79093 55
-166.207 24.3154 28.3925 0.996917 -0.0784591 0 1 4.79093 55
-166.207 24.3154 31.5925 0.996917 -0.0784591 0 1 4.79093 55
-166.207 24.3154 34.7925 0.996917 -0.0784591 0 1 4.79093 55
-166.207 24.3154 37.9925 0.996917 -0.0784591 0 1 4.79093 55
-166.207 24.3154 41.1925 0.996917 -0.0784591 0 1 4.79093 55
-166.207 24.3154 44.3925 0.996917 -0.0784591 0 1 4.79093 55
-166.207 24.3154 47.5925 0.996917 -0.0784591 0 1 4.79093 55
-166.207 24.3154 50.7925 0.996917 -0.0784591 0 1 4.79093 55
165.586 -28.2355 -50.7925 -0.97237 0.233445 0 0 1.80642 56
165.586 -28.2355 -47.5925 -0.97237 0.233445 0 0 1.80642 56
165.586 -28.2355 -44.3925 -0.97237 0.233445 0 0 1.80642 56
165.586 -28.2355 -41.1925 -0.97237 0.233445 0 0 1.80642 56
165.586 -28.2355 -37.9925 -0.97237 0.233445 0 0 1.80642 56
165.586 -28.2355 -34.7925 -0.97237 0.233445 0 0 1.80642 56
165.586 -28.2355 -31.5925 -0.97237 0.233445 0 0 1.80642 56
165.586 -28.2355 -28.3925 -0.97237 0.233445 0 0 1.80642 56
164.839 -31.3471 -50.7925 -0.97237 0.233445 0 0 1.80642 56
164.839 -31.3471 -47.5925 -0.97237 0.233445 0 0 1.80642 56
164.839 -31.3471 -44.3925 -0.97237 0.233445 0 0 1.80642 56
164.839 -31.3471 -41.1925 -0.97237 0.233445 0 0 1.80642 56
164.839 -31.3471 -37.9925 -0.97237 0.233445 0 0 1.80642 56
164.839 -31.3471 -34.7925 -0.97237 0.233445 0 0 1.80642 56
164.839 -31.3471 -31.5925 -0.97237 0.233445 0 0 1.80642 56
164.839 -31.3471 -28.3925 -0.97237 0.233445 0 0 1.80642 56
164.092 -34.4587 -50.7925 -0.97237 0.233445 0 0 1.80642 56
164.092 -34.4587 -47.5925 -0.97237 0.233445 0 0 1.80642 56
164.092 -34.4587 -44.3925 -0.97237 0.233445 0 0 1.80642 56
164.092 -34.4587 -41.1925 -0.97237 0.233445 0 0 1.80642 56
164.092 -34.4587 -37.9925 -0.97237 0.233445 0 0 1.80642 56
164.092 -34.4587 -34.7925 -0.97237 0.233445 0 0 1.80642 56
164.092 -34.4587 -31.5925 -0.97237 0.233445 0 0 1.80642 56
164.092 -34.4587 -28.3925 -0.97237 0.233445 0 0 1.80642 56
163.345 -37.5702 -50.7925 -0.97237 0.233445 0 0 1.80642 56
163.345 -37.5702 -47.5925 -0.97237 0.233445 0 0 1.80642 56
163.345 -37.5702 -44.3925 -0.97237 0.233445 0 0 1.80642 56
163.345 -37.5702 -41.1925 -0.97237 0.233445 0 0 1.80642 56
163.345 -37.5702 -37.9925 -0.97237 0.233445 0 0 1.80642 56
163.345 -37.5702 -34.7925 -0.97237 0.233445 0 0 1.80642 56
163.345 -37.5702 -31.5925 -0.97237 0.233445 0 0 1.80642 56
163.345 -37.5702 -28.3925 -0.97237 0.233445 0 0 1.80642 56
162.598 -40.6818 -50.7925 -0.97237 0.233445 0 0 1.80642 56
162.598 -40.6818 -47.5925 -0.97237 0.233445 0 0 1.80642 56
162.598 -40.6818 -44.3925 -0.97237 0.233445 0 0 1.80642 56
162.598 -40.6818 -41.1925 -0.97237 0.233445 0 0 1.80642 56
162.598 -40.6818 -37.9925 -0.97237 0.233445 0 0 1.80642 56
162.598 -40.6818 -34.7925 -0.97237 0.233445 0 0 1.80642 56
162.598 -40.6818 -31.5925 -0.97237 0.233445 0 0 1.80642 56
162.598 -40.6818 -28.3925 -0.97237 0.233445 0 0 1.80642 56
161.851 -43.7934 -50.7925 -0.97237 0.233445 0 0 1.80642 56
161.851 -43.7934 -47.5925 -0.97237 0.233445 0 0 1.80642 56
161.851 -43.7934 -44.3925 -0.97237 0.233445 0 0 1.80642 56
161.851 -43.7934 -41.1925 -0.97237 0.233445 0 0 1.80642 56
161.851 -43.7934 -37.9925 -0.97237 0.233445 0 0 1.80642 56
161.851 -43.7934 -34.7925 -0.97237 0.233445 0 0 1.80642 56
161.851 -43.7934 -31.5925 -0.97237 0.233445 0 0 1.80642 56
161.851 -43.7934 -28.3925 -0.97237 0.233445 0 0 1.80642 56
161.104 -46.905 -50.7925 -0.97237 0.233445 0 0 1.80642 56
161.104 -46.905 -47.5925 -0.97237 0.233445 0 0 1.80642 56
161.104 -46.905 -44.3925 -0.97237 0.233445 0 0 1.80642 56
161.104 -46.905 -41.1925 -0.97237 0.233445 0 0 1.80642 56
161.104 -46.905 -37.9925 -0.97237 0.233445 0 0 1.80642 56
161.104 -46.905 -34.7925 -0.97237 0.233445 0 0 1.80642 56
161.104 -46.905 -31.5925 -0.97237 0.233445 0 0 1.80642 56
161.104 -46.905 -28.3925 -0.97237 0.233445 0 0 1.80642 56
160.357 -50.0166 -50.7925 -0.97237 0.233445 0 0 1.80642 56
160.357 -50.0166 -47.5925 -0.97237 0.233445 0 0 1.80642 56
160.357 -50.0166 -44.3925 -0.97237 0.233445 0 0 1.80642 56
160.357 -50.0166 -41.1925 -0.97237 0.233445 0 0 1.80642 56
160.357 -50.0166 -37.9925 -0.97237 0.233445 0 0 1.80642 56
160.357 -50.0166 -34.7925 -0.97237 0.233445 0 0 1.80642 56
160.357 -50.0166 -31.5925 -0.97237 0.233445 0 0 1.80642 56
160.357 -50.0166 -28.3925 -0.97237 0.233445 0 0 1.80642 56
-165.586 28.2355 -50.7925 0.97237 -0.233445 0 1 4.94801 57
-165.586 28.2355 -47.5925 0.97237 -0.233445 0 1 4.94801 57
-165.586 28.2355 -44.3925 0.97237 -0.233445 0 1 4.94801 57
-165.586 28.2355 -41.1925 0.97237 -0.233445 0 1 4.94801 57
-165.586 28.2355 -37.9925 0.97237 -0.233445 0 1 4.94801 57
-165.586 28.2355 -34.7925 0.97237 -0.233445 0 1 4.94801 57
-165.586 28.2355 -31.5925 0.97237 -0.233445 0 1 4.94801 57
-165.586 28.2355 -28.3925 0.97237 -0.233445 0 1 4.94801 57
-164.839 31.3471 -50.7925 0.97237 -0.233445 0 1 4.94801 57
-164.839 31.3471 -47.5925 0.97237 -0.233445 0 1 4.94801 57
-164.839 31.3471 -44.3925 0.97237 -0.233445 0 1 4.94801 57
-164.839 31.3471 -41.1925 0.97237 -0.233445 0 1 4.94801 57
-164.839 31.3471 -37.9925 0.97237 -0.233445 0 1 4.94801 57
-164.839 31.3471 -34.7925 0.97237 -0.233445 0 1 4.94801 57
-164.839 31.3471 -31.5925 0.97237 -0.233445 0 1 4.94801 57
-164.839 31.3471 -28.3925 0.97237 -0.233445 0 1 4.94801 57
-164.092 34.4587 -50.7925 0.97237 -0.233445 0 1 4.94801 57
-164.092 34.4587 -47.5925 0.97237 -0.233445 0 1 4.94801 57
-164.092 34.4587 -44.3925 0.97237 -0.233445 0 1 4.94801 57
-164.092 34.4587 -41.1925 0.97237 -0.233445 0 1 4.94801 57
-164.092 34.4587 -37.9925 0.97237 -0.233445 0 1 4.94801 57
-164.092 34.4587 -34.7925 0.97237 -0.233445 0 1 4.94801 57
-164.092 34.4587 -31.5925 0.97237 -0.233445 0 1 4.94801 57
-164.092 34.4587 -28.3925 0.97237 -0.233445 0 1 4.94801 57
-163.345 37.5702 -50.7925 0.97237 -0.233445 0 1 4.94801 57
-163.345 37.5702 -47.5925 0.97237 -0.233445 0 1 4.94801 57
-163.345 37.5702 -44.3925 0.97237 -0.233445 0 1 4.94801 57
-163.345 37.5702 -41.1925 0.97237 -0.233445 0 1 4.94801 57
-163.345 37.5702 -37.9925 0.97237 -0.233445 0 1 4.94801 57
-163.345 37.5702 -34.7925 0.97237 -0.233445 0 1 4.94801 57
-163.345 37.5702 -31.5925 0.97237 -0.233445 0 1 4.94801 57
-163.345 37.5702 -28.3925 0.97237 -0.233445 0 1 4.94801 57
-162.598 40.6818 -50.7925 0.97237 -0.233445 0 1 4.94801 57
-162.598 40.6818 -47.5925 0.97237 -0.233445 0 1 4.94801 57
-162.598 40.6818 -44.3925 0.97237 -0.233445 0 1 4.94801 57
-162.598 40.6818 -41.1925 0.97237 -0.233445 0 1 4.94801 57
-162.598 40.6818 -37.9925 0.97237 -0.233445 0 1 4.94801 57
-162.598 40.6818 -34.7925 0.97237 -0.233445 0 1 4.94801 57
-162.598 40.6818 -31.5925 0.97237 -0.233445 0 1 4.94801 57
-162.598 40.6818 -28.3925 0.97237 -0.233445 0 1 4.94801 57
-161.851 43.7934 -50.7925 0.97237 -0.233445 0 1 4.94801 57
-161.851 43.7934 -47.5925 0.97237 -0.233445 0 1 4.94801 57
-161.851 43.7934 -44.3925 0.97237 -0.233445 0 1 4.94801 57
-161.851 43.7934 -41.1925 0.97237 -0.233445 0 1 4.94801 57
-161.851 43.7934 -37.9925 0.97237 -0.233445 0 1 4.94801 57
-161.851 43.7934 -34.7925 0.97237 -0.233445 0 1 4.94801 57
-161.851 43.7934 -31.5925 0.97237 -0.233445 0 1 4.94801 57
-161.851 43.7934 -28.3925 0.97237 -0.233445 0 1 4.94801 57
-161.104 46.905 -50.7925 0.97237 -0.233445 0 1 4.94801 57
-161.104 46.905 -47.5925 0.97237 -0.233445 0 1 4.94801 57
-161.104 46.905 -44.3925 0.97237 -0.233445 0 1 4.94801 57
-161.104 46.905 -41.1925 0.97237 -0.233445 0 1 4.94801 57
-161.104 46.905 -37.9925 0.97237 -0.233445 0 1 4.94801 57
-161.104 46.905 -34.7925 0.97237 -0.233445 0 1 4.94801 57
-161.104 46.905 -31.5925 0.97237 -0.233445 0 1 4.94801 57
-161.104 46.905 -28.3925 0.97237 -0.233445 0 1 4.94801 57
-160.357 50.0166 -50.7925 0.97237 -0.233445 0 1 4.94801 57
-160.357 50.0166 -47.5925 0.97237 -0.233445 0 1 4.94801 57
-160.357 50.0166 -44.3925 0.97237 -0.233445 0 1 4.94801 57
-160.357 50.0166 -41.1925 0.97237 -0.233445 0 1 4.94801 57
-160.357 50.0166 -37.9925 0.97237 -0.233445 0 1 4.94801 57
-160.357 50.0166 -34.7925 0.97237 -0.233445 0 1 4.94801 57
-160.357 50.0166 -31.5925 0.97237 -0.233445 0 1 4.94801 57
-160.357 50.0166 -28.3925 0.97237 -0.233445 0 1 4.94801 57
165.586 -28.2355 -24.3975 -0.97237 0.233445 0 0 1.80642 58
165.586 -28.2355 -21.1975 -0.97237 0.233445 0 0 1.80642 58
165.586 -28.2355 -17.9975 -0.97237 0.233445 0 0 1.80642 58
165.586 -28.2355 -14.7975 -0.97237 0.233445 0 0 1.80642 58
165.586 -28.2355 -11.5975 -0.97237 0.233445 0 0 1.80642 58
165.586 -28.2355 -8.3975 -0.97237 0.233445 2.36848e-16 0 1.80642 58
165.586 -28.2355 -5.1975 -0.97237 0.233445 0 0 1.80642 58
165.586 -28.2355 -1.9975 -0.97237 0.233445 0 0 1.80642 58
164.839 -31.3471 -24.3975 -0.97237 0.233445 0 0 1.80642 58
164.839 -31.3471 -21.1975 -0.97237 0.233445 0 0 1.80642 58
164.839 -31.3471 -17.9975 -0.97237 0.233445 0 0 1.80642 58
164.839 -31.3471 -14.7975 -0.97237 0.233445 0 0 1.80642 58
164.839 -31.3471 -11.5975 -0.97237 0.233445 0 0 1.80642 58
164.839 -31.3471 -8.3975 -0.97237 0.233445 2.36848e-16 0 1.80642 58
164.839 -31.3471 -5.1975 -0.97237 0.233445 0 0 1.80642 58
164.839 -31.3471 -1.9975 -0.97237 0.233445 0 0 1.80642 58
164.092 -34.4587 -24.3975 -0.97237 0.233445 0 0 1.80642 58
164.092 -34.4587 -21.1975 -0.97237 0.233445 0 0 1.80642 58
164.092 -34.4587 -17.9975 -0.97237 0.233445 0 0 1.80642 58
164.092 -34.4587 -14.7975 -0.97237 0.233445 0 0 1.80642 58
164.092 -34.4587 -11.5975 -0.97237 0.233445 0 0 1.80642 58
164.092 -34.4587 -8.3975 -0.97237 0.233445 2.36848e-16 0 1.80642 58
164.092 -34.4587 -5.1975 -0.97237 0.233445 0 0 1.80642 58
164.092 -34.4587 -1.9975 -0.97237 0.233445 0 0 1.80642 58
163.345 -37.5702 -24.3975 -0.97237 0.233445 0 0 1.80642 58
163.345 -37.5702 -21.1975 -0.97237 0.233445 0 0 1.80642 58
163.345 -37.5702 -17.9975 -0.97237 0.233445 0 0 1.80642 58
163.345 -37.5702 -14.7975 -0.97237 0.233445 0 0 1.80642 58
163.345 -37.5702 -11.5975 -0.97237 0.233445 0 0 1.80642 58
163.345 -37.5702 -8.3975 -0.97237 0.233445 2.36848e-16 0 1.80642 58
163.345 -37.5702 -5.1975 -0.97237 0.233445 0 0 1.80642 58
163.345 -37.5702 -1.9975 -0.97237 0.233445 0 0 1.80642 58
162.598 -40.6818 -24.3975 -0.97237 0.233445 0 0 1.80642 58
162.598 -40.6818 -21.1975 -0.97237 0.233445 0 0 1.80642 58
162.598 -40.6818 -17.9975 -0.97237 0.233445 0 0 1.80642 58
162.598 -40.6818 -14.7975 -0.97237 0.233445 0 0 1.80642 58
162.598 -40.6818 -11.5975 -0.97237 0.233445 0 0 1.80642 58
162.598 -40.6818 -8.3975 -0.97237 0.233445 2.36848e-16 0 1.80642 58
162.598 -40.6818 -5.1975 -0.97237 0.233445 0 0 1.80642 58
162.598 -40.6818 -1.9975 -0.97237 0.233445 0 0 1.80642 58
161.851 -43.7934 -24.3975 -0.97237 0.233445 0 0 1.80642 58
161.851 -43.7934 -21.1975 -0.97237 0.233445 0 0 1.80642 58
161.851 -43.7934 -17.9975 -0.97237 0.233445 0 0 1.80642 58
161.851 -43.7934 -14.7975 -0.97237 0.233445 0 0 1.80642 58
161.851 -43.7934 -11.5975 -0.97237 0.233445 0 0 1.80642 58
161.851 -43.7934 -8.3975 -0.97237 0.233445 2.36848e-16 0 1.80642 58
161.851 -43.7934 -5.1975 -0.97237 0.233445 0 0 1.80642 58
161.851 -43.7934 -1.9975 -0.97237 0.233445 0 0 1.80642 58
161.104 -46.905 -24.3975 -0.97237 0.233445 0 0 1.80642 58
161.104 -46.905 -21.1975 -0.97237 0.233445 0 0 1.80642 58
161.104 -46.905 -17.9975 -0.97237 0.233445 0 0 1.80642 58
161.104 -46.905 -14.7975 -0.97237 0.233445 0 0 1.80642 58
161.104 -46.905 -11.5975 -0.97237 0.233445 0 0 1.80642 58
161.104 -46.905 -8.3975 -0.97237 0.233445 2.36848e-16 0 1.80642 58
161.104 -46.905 -5.1975 -0.97237 0.233445 0 0 1.80642 58
161.104 -46.905 -1.9975 -0.97237 0.233445 0 0 1.80642 58
160.357 -50.0166 -24.3975 -0.97237 0.233445 0 0 1.80642 58
160.357 -50.0166 -21.1975 -0.97237 0.233445 0 0 1.80642 58
160.357 -50.0166 -17.9975 -0.97237 0.233445 0 0 1.80642 58
160.357 -50.0166 -14.7975 -0.97237 0.233445 0 0 1.80642 58
160.357 -50.0166 -11.5975 -0.97237 0.233445 0 0 1.80642 58
160.357 -50.0166 -8.3975 -0.97237 0.233445 2.36848e-16 0 1.80642 58
160.357 -50.0166 -5.1975 -0.97237 0.233445 0 0 1.80642 58
160.357 -50.0166 -1.9975 -0.97237 0.233445 0 0 1.80642 58
-165.586 28.2355 -24.3975 0.97237 -0.233445 0 1 4.94801 59
-165.586 28.2355 -21.1975 0.97237 -0.233445 0 1 4.94801 59
-165.586 28.2355 -17.9975 0.97237 -0.233445 0 1 4.94801 59
-165.586 28.2355 -14.7975 0.97237 -0.233445 0 1 4.94801 59
-165.586 28.2355 -11.5975 0.97237 -0.233445 0 1 4.94801 59
-165.586 28.2355 -8.3975 0.97237 -0.233445 2.36848e-16 1 4.94801 59
-165.586 28.2355 -5.1975 0.97237 -0.233445 0 1 4.94801 59
-165.586 28.2355 -1.9975 0.97237 -0.233445 0 1 4.94801 59
-164.839 31.3471 -24.3975 0.97237 -0.233445 0 1 4.94801 59
-164.839 31.3471 -21.1975 0.97237 -0.233445 0 1 4.94801 59
-164.839 31.3471 -17.9975 0.97237 -0.233445 0 1 4.94801 59
-164.839 31.3471 -14.7975 0.97237 -0.233445 0 1 4.94801 59
-164.839 31.3471 -11.5975 0.97237 -0.233445 0 1 4.94801 59
-164.839 31.3471 -8.3975 0.97237 -0.233445 2.36848e-16 1 4.94801 59
-164.839 31.3471 -5.1975 0.97237 -0.233445 0 1 4.94801 59
-164.839 31.3471 -1.9975 0.97237 -0.233445 0 1 4.94801 59
-164.092 34.4587 -24.3975 0.97237 -0.233445 0 1 4.94801 59
-164.092 34.4587 -21.1975 0.97237 -0.233445 0 1 4.94801 59
-164.092 34.4587 -17.9975 0.97237 -0.233445 0 1 4.94801 59
-164.092 34.4587 -14.7975 0.97237 -0.233445 0 1 4.94801 59
-164.092 34.4587 -11.5975 0.97237 -0.233445 0 1 4.94801 59
-164.092 34.4587 -8.3975 0.97237 -0.233445 2.36848e-16 1 4.94801 59
-164.092 34.4587 -5.1975 0.97237 -0.233445 0 1 4.94801 59
-164.092 34.4587 -1.9975 0.97237 -0.233445 0 1 4.94801 59
-163.345 37.5702 -24.3975 0.97237 -0.233445 0 1 4.94801 59
-163.345 37.5702 -21.1975 0.97237 -0.233445 0 1 4.94801 59
-163.345 37.5702 -17.9975 0.97237 -0.233445 0 1 4.94801 59
-163.345 37.5702 -14.7975 0.97237 -0.233445 0 1 4.94801 59
-163.345 37.5702 -11.5975 0.97237 -0.233445 0 1 4.94801 59
-163.345 37.5702 -8.3975 0.97237 -0.233445 2.36848e-16 1 4.94801 59
-163.345 37.5702 -5.1975 0.97237 -0.233445 0 1 4.94801 59
-163.345 37.5702 -1.9975 0.97237 -0.233445 0 1 4.94801 59
-162.598 40.6818 -24.3975 0.97237 -0.233445 0 1 4.94801 59
-162.598 40.6818 -21.1975 0.97237 -0.233445 0 1 4.94801 59
-162.598 40.6818 -17.9975 0.97237 -0.233445 0 1 4.94801 59
-162.598 40.6818 -14.7975 0.97237 -0.233445 0 1 4.94801 59
-162.598 40.6818 -11.5975 0.97237 -0.233445 0 1 4.94801 59
-162.598 40.6818 -8.3975 0.97237 -0.233445 2.36848e-16 1 4.94801 59
-162.598 40.6818 -5.1975 0.97237 -0.233445 0 1 4.94801 59
-162.598 40.6818 -1.9975 0.97237 -0.233445 0 1 4.94801 59
-161.851 43.7934 -24.3975 0.97237 -0.233445 0 1 4.94801 59
-161.851 43.7934 -21.1975 0.97237 -0.233445 0 1 4.94801 59
-161.851 43.7934 -17.9975 0.97237 -0.233445 0 1 4.94801 59
-161.851 43.7934 -14.7975 0.97237 -0.233445 0 1 4.94801 59
-161.851 43.7934 -11.5975 0.97237 -0.233445 0 1 4.94801 59
-161.851 43.7934 -8.3975 0.97237 -0.233445 2.36848e-16 1 4.94801 59
-161.851 43.7934 -5.1975 0.97237 -0.233445 0 1 4.94801 59
-161.851 43.7934 -1.9975 0.97237 -0.233445 0 1 4.94801 59
-161.104 46.905 -24.3975 0.97237 -0.233445 0 1 4.94801 59
-161.104 46.905 -21.1975 0.97237 -0.233445 0 1 4.94801 59
-161.104 46.905 -17.9975 0.97237 -0.233445 0 1 4.94801 59
-161.104 46.905 -14.7975 0.97237 -0.233445 0 1 4.94801 59
-161.104 46.905 -11.5975 0.97237 -0.233445 0 1 4.94801 59
-161.104 46.905 -8.3975 0.97237 -0.233445 2.36848e-16 1 4.94801 59
-161.104 46.905 -5.1975 0.97237 -0.233445 0 1 4.94801 59
-161.104 46.905 -1.9975 0.97237 -0.233445 0 1 4.94801 59
-160.357 50.0166 -24.3975 0.97237 -0.233445 0 1 4.94801 59
-160.357 50.0166 -21.1975 0.97237 -0.233445 0 1 4.94801 59
-160.357 50.0166 -17.9975 0.97237 -0.233445 0 1 4.94801 59
-160.357 50.0166 -14.7975 0.97237 -0.233445 0 1 4.94801 59
-160.357 50.0166 -11.5975 0.97237 -0.233445 0 1 4.94801 59
-160.357 50.0166 -8.3975 0.97237 -0.233445 2.36848e-16 1 4.94801 59
-160.357 50.0166 -5.1975 0.97237 -0.233445 0 1 4.94801 59
-160.357 50.0166 -1.9975 0.97237 -0.233445 0 1 4.94801 59
165.586 -28.2355 1.9975 -0.97237 0.233445 0 0 1.80642 60
165.586 -28.2355 5.1975 -0.97237 0.233445 1.18424e-16 0 1.80642 60
165.586 -28.2355 8.3975 -0.97237 0.233445 2.36848e-16 0 1.80642 60
165.586 -28.2355 11.5975 -0.97237 0.233445 0 0 1.80642 60
165.586 -28.2355 14.7975 -0.97237 0.233445 0 0 1.80642 60
165.586 -28.2355 17.9975 -0.97237 0.233445 4.73695e-16 0 1.80642 60
165.586 -28.2355 21.1975 -0.97237 0.233445 0 0 1.80642 60
165.586 -28.2355 24.3975 -0.97237 0.233445 0 0 1.80642 60
164.839 -31.3471 1.9975 -0.97237 0.233445 0 0 1.80642 60
164.839 -31.3471 5.1975 -0.97237 0.233445 1.18424e-16 0 1.80642 60
164.839 -31.3471 8.3975 -0.97237 0.233445 2.36848e-16 0 1.80642 60
164.839 -31.3471 11.5975 -0.97237 0.233445 0 0 1.80642 60
164.839 -31.3471 14.7975 -0.97237 0.233445 0 0 1.80642 60
164.839 -31.3471 17.9975 -0.97237 0.233445 4.73695e-16 0 1.80642 60
164.839 -31.3471 21.1975 -0.97237 0.233445 0 0 1.80642 60
164.839 -31.3471 24.3975 -0.97237 0.233445 0 0 1.80642 60
164.092 -34.4587 1.9975 -0.97237 0.233445 0 0 1.80642 60
164.092 -34.4587 5.1975 -0.97237 0.233445 1.18424e-16 0 1.80642 60
164.092 -34.4587 8.3975 -0.97237 0.233445 2.36848e-16 0 1.80642 60
164.092 -34.4587 11.5975 -0.97237 0.233445 0 0 1.80642 60
164.092 -34.4587 14.7975 -0.97237 0.233445 0 0 1.80642 60
164.092 -34.4587 17.9975 -0.97237 0.233445 4.73695e-16 0 1.80642 60
164.092 -34.4587 21.1975 -0.97237 0.233445 0 0 1.80642 60
164.092 -34.4587 24.3975 -0.97237 0.233445 0 0 1.80642 60
163.345 -37.5702 1.9975 -0.97237 0.233445 0 0 1.80642 60
163.345 -37.5702 5.1975 -0.97237 0.233445 1.18424e-16 0 1.80642 60
163.345 -37.5702 8.3975 -0.97237 0.233445 2.36848e-16 0 1.80642 60
163.345 -37.5702 11.5975 -0.97237 0.233445 0 0 1.80642 60
163.345 -37.5702 14.7975 -0.97237 0.233445 0 0 1.80642 60
163.345 -37.5702 17.9975 -0.97237 0.233445 4.73695e-16 0 1.80642 60
163.345 -37.5702 21.1975 -0.97237 0.233445 0 0 1.80642 60
163.345 -37.5702 24.3975 -0.97237 0.233445 0 0 1.80642 60
162.598 -40.6818 1.9975 -0.97237 0.233445 0 0 1.80642 60
162.598 -40.6818 5.1975 -0.97237 0.233445 1.18424e-16 0 1.80642 60
162.598 -40.6818 8.3975 -0.97237 0.233445 2.36848e-16 0 1.80642 60
162.598 -40.6818 11.5975 -0.97237 0.233445 0 0 1.80642 60
162.598 -40.6818 14.7975 -0.97237 0.233445 0 0 1.80642 60
162.598 -40.6818 17.9975 -0.97237 0.233445 4.73695e-16 0 1.80642 60
162.598 -40.6818 21.1975 -0.97237 0.233445 0 0 1.80642 60
162.598 -40.6818 24.3975 -0.97237 0.233445 0 0 1.80642 60
161.851 -43.7934 1.9975 -0.97237 0.233445 0 0 1.80642 60
161.851 -43.7934 5.1975 -0.97237 0.233445 1.18424e-16 0 1.80642 60
161.851 -43.7934 8.3975 -0.97237 0.233445 2.36848e-16 0 1.80642 60
161.851 -43.7934 11.5975 -0.97237 0.233445 0 0 1.80642 60
161.851 -43.7934 14.7975 -0.97237 0.233445 0 0 1.80642 60
161.851 -43.7934 17.9975 -0.97237 0.233445 4.73695e-16 0 1.80642 60
161.851 -43.7934 21.1975 -0.97237 0.233445 0 0 1.80642 60
161.851 -43.7934 24.3975 -0.97237 0.233445 0 0 1.80642 60
161.104 -46.905 1.9975 -0.97237 0.233445 0 0 1.80642 60
161.104 -46.905 5.1975 -0.97237 0.233445 1.18424e-16 0 1.80642 60
161.104 -46.905 8.3975 -0.97237 0.233445 2.36848e-16 0 1.80642 60
161.104 -46.905 11.5975 -0.97237 0.233445 0 0 1.80642 60
161.104 -46.905 14.7975 -0.97237 0.233445 0 0 1.80642 60
161.104 -46.905 17.9975 -0.97237 0.233445 4.73695e-16 0 1.80642 60
161.104 -46.905 21.1975 -0.97237 0.233445 0 0 1.80642 60
161.104 -46.905 24.3975 -0.97237 0.233445 0 0 1.80642 60
160.357 -50.0166 1.9975 -0.97237 0.233445 0 0 1.80642 60
160.357 -50.0166 5.1975 -0.97237 0.233445 1.18424e-16 0 1.80642 60
160.357 -50.0166 8.3975 -0.97237 0.233445 2.36848e-16 0 1.80642 60
160.357 -50.0166 11.5975 -0.97237 0.233445 0 0 1.80642 60
160.357 -50.0166 14.7975 -0.97237 0.233445 0 0 1.80642 60
160.357 -50.0166 17.9975 -0.97237 0.233445 4.73695e-16 0 1.80642 60
160.357 -50.0166 21.1975 -0.97237 0.233445 0 0 1.80642 60
160.357 -50.0166 24.3975 -0.97237 0.233445 0 0 1.80642 60
-165.586 28.2355 1.9975 0.97237 -0.233445 0 1 4.94801 61
-165.586 28.2355 5.1975 0.97237 -0.233445 1.18424e-16 1 4.94801 61
-165.586 28.2355 8.3975 0.97237 -0.233445 2.36848e-16 1 4.94801 61
-165.586 28.2355 11.5975 0.97237 -0.233445 0 1 4.94801 61
-165.586 28.2355 14.7975 0.97237 -0.233445 0 1 4.94801 61
-165.586 28.2355 17.9975 0.97237 -0.233445 4.73695e-16 1 4.94801 61
-165.586 28.2355 21.1975 0.97237 -0.233445 0 1 4.94801 61
-165.586 28.2355 24.3975 0.97237 -0.233445 0 1 4.94801 61
-164.839 31.3471 1.9975 0.97237 -0.233445 0 1 4.94801 61
-164.839 31.3471 5.1975 0.97237 -0.233445 1.18424e-16 1 4.94801 61
-164.839 31.3471 8.3975 0.97237 -0.233445 2.36848e-16 1 4.94801 61
-164.839 31.3471 11.5975 0.97237 -0.233445 0 1 4.94801 61
-164.839 31.3471 14.7975 0.97237 -0.233445 0 1 4.94801 61
-164.839 31.3471 17.9975 0.97237 -0.233445 4.73695e-16 1 4.94801 61
-164.839 31.3471 21.1975 0.97237 -0.233445 0 1 4.94801 61
-164.839 31.3471 24.3975 0.97237 -0.233445 0 1 4.94801 61
-164.092 34.4587 1.9975 0.97237 -0.233445 0 1 4.94801 61
-164.092 34.4587 5.1975 0.97237 -0.233445 1.18424e-16 1 4.94801 61
-164.092 34.4587 8.3975 0.97237 -0.233445 2.36848e-16 1 4.94801 61
-164.092 34.4587 11.5975 0.97237 -0.233445 0 1 4.94801 61
-164.092 34.4587 14.7975 0.97237 -0.233445 0 1 4.94801 61
-164.092 34.4587 17.9975 0.97237 -0.233445 4.73695e-16 1 4.94801 61
-164.092 34.4587 21.1975 0.97237 -0.233445 0 1 4.94801 61
-164.092 34.4587 24.3975 0.97237 -0.233445 0 1 4.94801 61
-163.345 37.5702 1.9975 0.97237 -0.233445 0 1 4.94801 61
-163.345 37.5702 5.1975 0.97237 -0.233445 1.18424e-16 1 4.94801 61
-163.345 37.5702 8.3975 0.97237 -0.233445 2.36848e-16 1 4.94801 61
-163.345 37.5702 11.5975 0.97237 -0.233445 0 1 4.94801 61
-163.345 37.5702 14.7975 0.97237 -0.233445 0 1 4.94801 61
-163.345 37.5702 17.9975 0.97237 -0.233445 4.73695e-16 1 4.94801 61
-163.345 37.5702 21.1975 0.97237 -0.233445 0 1 4.94801 61
-163.345 37.5702 24.3975 0.97237 -0.233445 0 1 4.94801 61
-162.598 40.6818 1.9975 0.97237 -0.233445 0 1 4.94801 61
-162.598 40.6818 5.1975 0.97237 -0.233445 1.18424e-16 1 4.94801 61
-162.598 40.6818 8.3975 0.97237 -0.233445 2.36848e-16 1 4.94801 61
-162.598 40.6818 11.5975 0.97237 -0.233445 0 1 4.94801 61
-162.598 40.6818 14.7975 0.97237 -0.233445 0 1 4.94801 61
-162.598 40.6818 17.9975 0.97237 -0.233445 4.73695e-16 1 4.94801 61
-162.598 40.6818 21.1975 0.97237 -0.233445 0 1 4.94801 61
-162.598 40.6818 24.3975 0.97237 -0.233445 0 1 4.94801 61
-161.851 43.7934 1.9975 0.97237 -0.233445 0 1 4.94801 61
-161.851 43.7934 5.1975 0.97237 -0.233445 1.18424e-16 1 4.94801 61
-161.851 43.7934 8.3975 0.97237 -0.233445 2.36848e-16 1 4.94801 61
-161.851 43.7934 11.5975 0.97237 -0.233445 0 1 4.94801 61
-161.851 43.7934 14.7975 0.97237 -0.233445 0 1 4.94801 61
-161.851 43.7934 17.9975 0.97237 -0.233445 4.73695e-16 1 4.94801 61
-161.851 43.7934 21.1975 0.97237 -0.233445 0 1 4.94801 61
-161.851 43.7934 24.3975 0.97237 -0.233445 0 1 4.94801 61
-161.104 46.905 1.9975 0.97237 -0.233445 0 1 4.94801 61
-161.104 46.905 5.1975 0.97237 -0.233445 1.18424e-16 1 4.94801 61
-161.104 46.905 8.3975 0.97237 -0.233445 2.36848e-16 1 4.94801 61
-161.104 46.905 11.5975 0.97237 -0.233445 0 1 4.94801 61
-161.104 46.905 14.7975 0.97237 -0.233445 0 1 4.94801 61
-161.104 46.905 17.9975 0.97237 -0.233445 4.73695e-16 1 4.94801 61
-161.104 46.905 21.1975 0.97237 -0.233445 0 1 4.94801 61
-161.104 46.905 24.3975 0.97237 -0.233445 0 1 4.94801 61
-160.357 50.0166 1.9975 0.97237 -0.233445 0 1 4.94801 61
-160.357 50.0166 5.1975 0.97237 -0.233445 1.18424e-16 1 4.94801 61
-160.357 50.0166 8.3975 0.97237 -0.233445 2.36848e-16 1 4.94801 61
-160.357 50.0166 11.5975 0.97237 -0.233445 0 1 4.94801 61
-160.357 50.0166 14.7975 0.97237 -0.233445 0 1 4.94801 61
-160.357 50.0166 17.9975 0.97237 -0.233445 4.73695e-16 1 4.94801 61
-160.357 50.0166 21.1975 0.97237 -0.233445 0 1 4.94801 61
-160.357 50.0166 24.3975 0.97237 -0.233445 0 1 4.94801 61
165.586 -28.2355 28.3925 -0.97237 0.233445 0 0 1.80642 62
165.586 -28.2355 31.5925 -0.97237 0.233445 0 0 1.80642 62
165.586 -28.2355 34.7925 -0.97237 0.233445 0 0 1.80642 62
165.586 -28.2355 37.9925 -0.97237 0.233445 0 0 1.80642 62
165.586 -28.2355 41.1925 -0.97237 0.233445 0 0 1.80642 62
165.586 -28.2355 44.3925 -0.97237 0.233445 0 0 1.80642 62
165.586 -28.2355 47.5925 -0.97237 0.233445 0 0 1.80642 62
165.586 -28.2355 50.7925 -0.97237 0.233445 0 0 1.80642 62
164.839 -31.3471 28.3925 -0.97237 0.233445 0 0 1.80642 62
164.839 -31.3471 31.5925 -0.97237 0.233445 0 0 1.80642 62
164.839 -31.3471 34.7925 -0.97237 0.233445 0 0 1.80642 62
164.839 -31.3471 37.9925 -0.97237 0.233445 0 0 1.80642 62
164.839 -31.3471 41.1925 -0.97237 0.233445 0 0 1.80642 62
164.839 -31.3471 44.3925 -0.97237 0.233445 0 0 1.80642 62
164.839 -31.3471 47.5925 -0.97237 0.233445 0 0 1.80642 62
164.839 -31.3471 50.7925 -0.97237 0.233445 0 0 1.80642 62
164.092 -34.4587 28.3925 -0.97237 0.233445 0 0 1.80642 62
164.092 -34.4587 31.5925 -0.97237 0.233445 0 0 1.80642 62
164.092 -34.4587 34.7925 -0.97237 0.233445 0 0 1.80642 62
164.092 -34.4587 37.9925 -0.97237 0.233445 0 0 1.80642 62
164.092 -34.4587 41.1925 -0.97237 0.233445 0 0 1.80642 62
164.092 -34.4587 44.3925 -0.97237 0.233445 0 0 1.80642 62
164.092 -34.4587 47.5925 -0.97237 0.233445 0 0 1.80642 62
164.092 -34.4587 50.7925 -0.97237 0.233445 0 0 1.80642 62
163.345 -37.5702 28.3925 -0.97237 0.233445 0 0 1.80642 62
163.345 -37.5702 31.5925 -0.97237 0.233445 0 0 1.80642 62
163.345 -37.5702 34.7925 -0.97237 0.233445 0 0 1.80642 62
163.345 -37.5702 37.9925 -0.97237 0.233445 0 0 1.80642 62
163.345 -37.5702 41.1925 -0.97237 0.233445 0 0 1.80642 62
163.345 -37.5702 44.3925 -0.97237 0.233445 0 0 1.80642 62
163.345 -37.5702 47.5925 -0.97237 0.233445 0 0 1.80642 62
163.345 -37.5702 50.7925 -0.97237 0.233445 0 0 1.80642 62
162.598 -40.6818 28.3925 -0.97237 0.233445 0 0 1.80642 62
162.598 -40.6818 31.5925 -0.97237 0.233445 0 0 1.80642 62
162.598 -40.6818 34.7925 -0.97237 0.233445 0 0 1.80642 62
162.598 -40.6818 37.9925 -0.97237 0.233445 0 0 1.80642 62
162.598 -40.6818 41.1925 -0.97237 0.233445 0 0 1.80642 62
162.598 -40.6818 44.3925 -0.97237 0.233445 0 0 1.80642 62
162.598 -40.6818 47.5925 -0.97237 0.233445 0 0 1.80642 62
162.598 -40.6818 50.7925 -0.97237 0.233445 0 0 1.80642 62
161.851 -43.7934 28.3925 -0.97237 0.233445 0 0 1.80642 62
161.851 -43.7934 31.5925 -0.97237 0.233445 0 0 1.80642 62
161.851 -43.7934 34.7925 -0.97237 0.233445 0 0 1.80642 62
161.851 -43.7934 37.9925 -0.97237 0.233445 0 0 1.80642 62
161.851 -43.7934 41.1925 -0.97237 0.233445 0 0 1.80642 62
161.851 -43.7934 44.3925 -0.97237 0.233445 0 0 1.80642 62
161.851 -43.7934 47.5925 -0.97237 0.233445 0 0 1.80642 62
161.851 -43.7934 50.7925 -0.97237 0.233445 0 0 1.80642 62
161.104 -46.905 28.3925 -0.97237 0.233445 0 0 1.80642 62
161.104 -46.905 31.5925 -0.97237 0.233445 0 0 1.80642 62
161.104 -46.905 34.7925 -0.97237 0.233445 0 0 1.80642 62
161.104 -46.905 37.9925 -0.97237 0.233445 0 0 1.80642 62
161.104 -46.905 41.1925 -0.97237 0.233445 0 0 1.80642 62
161.104 -46.905 44.3925 -0.97237 0.233445 0 0 1.80642 62
161.104 -46.905 47.5925 -0.97237 0.233445 0 0 1.80642 62
161.104 -46.905 50.7925 -0.97237 0.233445 0 0 1.80642 62
160.357 -50.0166 28.3925 -0.97237 0.233445 0 0 1.80642 62
160.357 -50.0166 31.5925 -0.97237 0.233445 0 0 1.80642 62
160.357 -50.0166 34.7925 -0.97237 0.233445 0 0 1.80642 62
160.357 -50.0166 37.9925 -0.97237 0.233445 0 0 1.80642 62
160.357 -50.0166 41.1925 -0.97237 0.233445 0 0 1.80642 62
160.357 -50.0166 44.3925 -0.97237 0.233445 0 0 1.80642 62
160.357 -50.0166 47.5925 -0.97237 0.233445 0 0 1.80642 62
160.357 -50.0166 50.7925 -0.97237 0.233445 0 0 1.80642 62
-165.586 28.2355 28.3925 0.97237 -0.233445 0 1 4.94801 63
-165.586 28.2355 31.5925 0.97237 -0.233445 0 1 4.94801 63
-165.586 28.2355 34.7925 0.97237 -0.233445 0 1 4.94801 63
-165.586 28.2355 37.9925 0.97237 -0.233445 0 1 4.94801 63
-165.586 28.2355 41.1925 0.97237 -0.233445 0 1 4.94801 63
-165.586 28.2355 44.3925 0.97237 -0.233445 0 1 4.94801 63
-165.586 28.2355 47.5925 0.97237 -0.233445 0 1 4.94801 63
-165.586 28.2355 50.7925 0.97237 -0.233445 0 1 4.94801 63
-164.839 31.3471 28.3925 0.97237 -0.233445 0 1 4.94801 63
-164.839 31.3471 31.5925 0.97237 -0.233445 0 1 4.94801 63
-164.839 31.3471 34.7925 0.97237 -0.233445 0 1 4.94801 63
-164.839 31.3471 37.9925 0.97237 -0.233445 0 1 4.94801 63
-164.839 31.3471 41.1925 0.97237 -0.233445 0 1 4.94801 63
-164.839 31.3471 44.3925 0.97237 -0.233445 0 1 4.94801 63
-164.839 31.3471 47.5925 0.97237 -0.233445 0 1 4.94801 63
-164.839 31.3471 50.7925 0.97237 -0.233445 0 1 4.94801 63
-164.092 34.4587 28.3925 0.97237 -0.233445 0 1 4.94801 63
-164.092 34.4587 31.5925 0.97237 -0.233445 0 1 4.94801 63
-164.092 34.4587 34.7925 0.97237 -0.233445 0 1 4.94801 63
-164.092 34.4587 37.9925 0.97237 -0.233445 0 1 4.94801 63
-164.092 34.4587 41.1925 0.97237 -0.233445 0 1 4.94801 63
-164.092 34.4587 44.3925 0.97237 -0.233445 0 1 4.94801 63
-164.092 34.4587 47.5925 0.97237 -0.233445 0 1 4.94801 63
-164.092 34.4587 50.7925 0.97237 -0.233445 0 1 4.94801 63
-163.345 37.5702 28.3925 0.97237 -0.233445 0 1 4.94801 63
-163.345 37.5702 31.5925 0.97237 -0.233445 0 1 4.94801 63
-163.345 37.5702 34.7925 0.97237 -0.233445 0 1 4.94801 63
-163.345 37.5702 37.9925 0.97237 -0.233445 0 1 4.94801 63
-163.345 37.5702 41.1925 0.97237 -0.233445 0 1 4.94801 63
-163.345 37.5702 44.3925 0.97237 -0.233445 0 1 4.94801 63
-163.345 37.5702 47.5925 0.97237 -0.233445 0 1 4.94801 63
-163.345 37.5702 50.7925 0.97237 -0.233445 0 1 4.94801 63
-162.598 40.6818 28.3925 0.97237 -0.233445 0 1 4.94801 63
-162.598 40.6818 31.5925 0.97237 -0.233445 0 1 4.94801 63
-162.598 40.6818 34.7925 0.97237 -0.233445 0 1 4.94801 63
-162.598 40.6818 37.9925 0.97237 -0.233445 0 1 4.94801 63
-162.598 40.6818 41.1925 0.97237 -0.233445 0 1 4.94801 63
-162.598 40.6818 44.3925 0.97237 -0.233445 0 1 4.94801 63
-162.598 40.6818 47.5925 0.97237 -0.233445 0 1 4.94801 63
-162.598 40.6818 50.7925 0.97237 -0.233445 0 1 4.94801 63
-161.851 43.7934 28.3925 0.97237 -0.233445 0 1 4.94801 63
-161.851 43.7934 31.5925 0.97237 -0.233445 0 1 4.94801 63
-161.851 43.7934 34.7925 0.97237 -0.233445 0 1 4.94801 63
-161.851 43.7934 37.9925 0.97237 -0.233445 0 1 4.94801 63
-161.851 43.7934 41.1925 0.97237 -0.233445 0 1 4.94801 63
-161.851 43.7934 44.3925 0.97237 -0.233445 0 1 4.94801 63
-161.851 43.7934 47.5925 0.97237 -0.233445 0 1 4.94801 63
-161.851 43.7934 50.7925 0.97237 -0.233445 0 1 4.94801 63
-161.104 46.905 28.3925 0.97237 -0.233445 0 1 4.94801 63
-161.104 46.905 31.5925 0.97237 -0.233445 0 1 4.94801 63
-161.104 46.905 34.7925 0.97237 -0.233445 0 1 4.94801 63
-161.104 46.905 37.9925 0.97237 -0.233445 0 1 4.94801 63
-161.104 46.905 41.1925 0.97237 -0.233445 0 1 4.94801 63
-161.104 46.905 44.3925 0.97237 -0.233445 0 1 4.94801 63
-161.104 46.905 47.5925 0.97237 -0.233445 0 1 4.94801 63
-161.104 46.905 50.7925 0.97237 -0.233445 0 1 4.94801 63
-160.357 50.0166 28.3925 0.97237 -0.233445 0 1 4.94801 63
-160.357 50.0166 31.5925 0.97237 -0.233445 0 1 4.94801 63
-160.357 50.0166 34.7925 0.97237 -0.233445 0 1 4.94801 63
-160.357 50.0166 37.9925 0.97237 -0.233445 0 1 4.94801 63
-160.357 50.0166 41.1925 0.97237 -0.233445 0 1 4.94801 63
-160.357 50.0166 44.3925 0.97237 -0.233445 0 1 4.94801 63
-160.357 50.0166 47.5925 0.97237 -0.233445 0 1 4.94801 63
-160.357 50.0166 50.7925 0.97237 -0.233445 0 1 4.94801 63
159.131 -53.7912 -50.7925 -0.92388 0.382683 0 0 1.9635 64
159.131 -53.7912 -47.5925 -0.92388 0.382683 0 0 1.9635 64
159.131 -53.7912 -44.3925 -0.92388 0.382683 0 0 1.9635 64
159.131 -53.7912 -41.1925 -0.92388 0.382683 0 0 1.9635 64
159.131 -53.7912 -37.9925 -0.92388 0.382683 0 0 1.9635 64
159.131 -53.7912 -34.7925 -0.92388 0.382683 0 0 1.9635 64
159.131 -53.7912 -31.5925 -0.92388 0.382683 0 0 1.9635 64
159.131 -53.7912 -28.3925 -0.92388 0.382683 0 0 1.9635 64
157.906 -56.7477 -50.7925 -0.92388 0.382683 0 0 1.9635 64
157.906 -56.7477 -47.5925 -0.92388 0.382683 0 0 1.9635 64
157.906 -56.7477 -44.3925 -0.92388 0.382683 0 0 1.9635 64
157.906 -56.7477 -41.1925 -0.92388 0.382683 0 0 1.9635 64
157.906 -56.7477 -37.9925 -0.92388 0.382683 0 0 1.9635 64
157.906 -56.7477 -34.7925 -0.92388 0.382683 0 0 1.9635 64
157.906 -56.7477 -31.5925 -0.92388 0.382683 0 0 1.9635 64
157.906 -56.7477 -28.3925 -0.92388 0.382683 0 0 1.9635 64
156.681 -59.7041 -50.7925 -0.92388 0.382683 0 0 1.9635 64
156.681 -59.7041 -47.5925 -0.92388 0.382683 0 0 1.9635 64
156.681 -59.7041 -44.3925 -0.92388 0.382683 0 0 1.9635 64
156.681 -59.7041 -41.1925 -0.92388 0.382683 0 0 1.9635 64
156.681 -59.7041 -37.9925 -0.92388 0.382683 0 0 1.9635 64
156.681 -59.7041 -34.7925 -0.92388 0.382683 0 0 1.9635 64
156.681 -59.7041 -31.5925 -0.92388 0.382683 0 0 1.9635 64
156.681 -59.7041 -28.3925 -0.92388 0.382683 0 0 1.9635 64
155.457 -62.6605 -50.7925 -0.92388 0.382683 0 0 1.9635 64
155.457 -62.6605 -47.5925 -0.92388 0.382683 0 0 1.9635 64
155.457 -62.6605 -44.3925 -0.92388 0.382683 0 0 1.9635 64
155.457 -62.6605 -41.1925 -0.92388 0.382683 0 0 1.9635 64
155.457 -62.6605 -37.9925 -0.92388 0.382683 0 0 1.9635 64
155.457 -62.6605 -34.7925 -0.92388 0.382683 0 0 1.9635 64
155.457 -62.6605 -31.5925 -0.92388 0.382683 0 0 1.9635 64
155.457 -62.6605 -28.3925 -0.92388 0.382683 0 0 1.9635 64
154.232 -65.6169 -50.7925 -0.92388 0.382683 0 0 1.9635 64
154.232 -65.6169 -47.5925 -0.92388 0.382683 0 0 1.9635 64
154.232 -65.6169 -44.3925 -0.92388 0.382683 0 0 1.9635 64
154.232 -65.6169 -41.1925 -0.92388 0.382683 0 0 1.9635 64
154.232 -65.6169 -37.9925 -0.92388 0.382683 0 0 1.9635 64
154.232 -65.6169 -34.7925 -0.92388 0.382683 0 0 1.9635 64
154.232 -65.6169 -31.5925 -0.92388 0.382683 0 0 1.9635 64
154.232 -65.6169 -28.3925 -0.92388 0.382683 0 0 1.9635 64
153.008 -68.5733 -50.7925 -0.92388 0.382683 0 0 1.9635 64
153.008 -68.5733 -47.5925 -0.92388 0.382683 0 0 1.9635 64
153.008 -68.5733 -44.3925 -0.92388 0.382683 0 0 1.9635 64
153.008 -68.5733 -41.1925 -0.92388 0.382683 0 0 1.9635 64
153.008 -68.5733 -37.9925 -0.92388 0.382683 0 0 1.9635 64
153.008 -68.5733 -34.7925 -0.92388 0.382683 0 0 1.9635 64
153.008 -68.5733 -31.5925 -0.92388 0.382683 0 0 1.9635 64
153.008 -68.5733 -28.3925 -0.92388 0.382683 0 0 1.9635 64
151.783 -71.5297 -50.7925 -0.92388 0.382683 0 0 1.9635 64
151.783 -71.5297 -47.5925 -0.92388 0.382683 0 0 1.9635 64
151.783 -71.5297 -44.3925 -0.92388 0.382683 0 0 1.9635 64
151.783 -71.5297 -41.1925 -0.92388 0.382683 0 0 1.9635 64
151.783 -71.5297 -37.9925 -0.92388 0.382683 0 0 1.9635 64
151.783 -71.5297 -34.7925 -0.92388 0.382683 0 0 1.9635 64
151.783 -71.5297 -31.5925 -0.92388 0.382683 0 0 1.9635 64
151.783 -71.5297 -28.3925 -0.92388 0.382683 0 0 1.9635 64
150.558 -74.4862 -50.7925 -0.92388 0.382683 0 0 1.9635 64
150.558 -74.4862 -47.5925 -0.92388 0.382683 0 0 1.9635 64
150.558 -74.4862 -44.3925 -0.92388 0.382683 0 0 1.9635 64
150.558 -74.4862 -41.1925 -0.92388 0.382683 0 0 1.9635 64
150.558 -74.4862 -37.9925 -0.92388 0.382683 0 0 1.9635 64
150.558 -74.4862 -34.7925 -0.92388 0.382683 0 0 1.9635 64
150.558 -74.4862 -31.5925 -0.92388 0.382683 0 0 1.9635 64
150.558 -74.4862 -28.3925 -0.92388 0.382683 0 0 1.9635 64
-159.131 53.7912 -50.7925 0.92388 -0.382683 0 1 5.10509 65
-159.131 53.7912 -47.5925 0.92388 -0.382683 0 1 5.10509 65
-159.131 53.7912 -44.3925 0.92388 -0.382683 0 1 5.10509 65
-159.131 53.7912 -41.1925 0.92388 -0.382683 0 1 5.10509 65
-159.131 53.7912 -37.9925 0.92388 -0.382683 0 1 5.10509 65
-159.131 53.7912 -34.7925 0.92388 -0.382683 0 1 5.10509 65
-159.131 53.7912 -31.5925 0.92388 -0.382683 0 1 5.10509 65
-159.131 53.7912 -28.3925 0.92388 -0.382683 0 1 5.10509 65
-157.906 56.7477 -50.7925 0.92388 -0.382683 0 1 5.10509 65
-157.906 56.7477 -47.5925 0.92388 -0.382683 0 1 5.10509 65
-157.906 56.7477 -44.3925 0.92388 -0.382683 0 1 5.10509 65
-157.906 56.7477 -41.1925 0.92388 -0.382683 0 1 5.10509 65
-157.906 56.7477 -37.9925 0.92388 -0.382683 0 1 5.10509 65
-157.906 56.7477 -34.7925 0.92388 -0.382683 0 1 5.10509 65
-157.906 56.7477 -31.5925 0.92388 -0.382683 0 1 5.10509 65
-157.906 56.7477 -28.3925 0.92388 -0.382683 0 1 5.10509 65
-156.681 59.7041 -50.7925 0.92388 -0.382683 0 1 5.10509 65
-156.681 59.7041 -47.5925 0.92388 -0.382683 0 1 5.10509 65
-156.681 59.7041 -44.3925 0.92388 -0.382683 0 1 5.10509 65
-156.681 59.7041 -41.1925 0.92388 -0.382683 0 1 5.10509 65
-156.681 59.7041 -37.9925 0.92388 -0.382683 0 1 5.10509 65
-156.681 59.7041 -34.7925 0.92388 -0.382683 0 1 5.10509 65
-156.681 59.7041 -31.5925 0.92388 -0.382683 0 1 5.10509 65
-156.681 59.7041 -28.3925 0.92388 -0.382683 0 1 5.10509 65
-155.457 62.6605 -50.7925 0.92388 -0.382683 0 1 5.10509 65
-155.457 62.6605 -47.5925 0.92388 -0.382683 0 1 5.10509 65
-155.457 62.6605 -44.3925 0.92388 -0.382683 0 1 5.10509 65
-155.457 62.6605 -41.1925 0.92388 -0.382683 0 1 5.10509 65
-155.457 62.6605 -37.9925 0.92388 -0.382683 0 1 5.10509 65
-155.457 62.6605 -34.7925 0.92388 -0.382683 0 1 5.10509 65
-155.457 62.6605 -31.5925 0.92388 -0.382683 0 1 5.10509 65
-155.457 62.6605 -28.3925 0.92388 -0.382683 0 1 5.10509 65
-154.232 65.6169 -50.7925 0.92388 -0.382683 0 1 5.10509 65
-154.232 65.6169 -47.5925 0.92388 -0.382683 0 1 5.10509 65
-154.232 65.6169 -44.3925 0.92388 -0.382683 0 1 5.10509 65
-154.232 65.6169 -41.1925 0.92388 -0.382683 0 1 5.10509 65
-154.232 65.6169 -37.9925 0.92388 -0.382683 0 1 5.10509 65
-154.232 65.6169 -34.7925 0.92388 -0.382683 0 1 5.10509 65
-154.232 65.6169 -31.5925 0.92388 -0.382683 0 1 5.10509 65
-154.232 65.6169 -28.3925 0.92388 -0.382683 0 1 5.10509 65
-153.008 68.5733 -50.7925 0.92388 -0.382683 0 1 5.10509 65
-153.008 68.5733 -47.5925 0.92388 -0.382683 0 1 5.10509 65
-153.008 68.5733 -44.3925 0.92388 -0.382683 0 1 5.10509 65
-153.008 68.5733 -41.1925 0.92388 -0.382683 0 1 5.10509 65
-153.008 68.5733 -37.9925 0.92388 -0.382683 0 1 5.10509 65
-153.008 68.5733 -34.7925 0.92388 -0.382683 0 1 5.10509 65
-153.008 68.5733 -31.5925 0.92388 -0.382683 0 1 5.10509 65
-153.008 68.5733 -28.3925 0.92388 -0.382683 0 1 5.10509 65
-151.783 71.5297 -50.7925 0.92388 -0.382683 0 1 5.10509 65
-151.783 71.5297 -47.5925 0.92388 -0.382683 0 1 5.10509 65
-151.783 71.5297 -44.3925 0.92388 -0.382683 0 1 5.10509 65
-151.783 71.5297 -41.1925 0.92388 -0.382683 0 1 5.10509 65
-151.783 71.5297 -37.9925 0.92388 -0.382683 0 1 5.10509 65
-151.783 71.5297 -34.7925 0.92388 -0.382683 0 1 5.10509 65
-151.783 71.5297 -31.5925 0.92388 -0.382683 0 1 5.10509 65
-151.783 71.5297 -28.3925 0.92388 -0.382683 0 1 5.10509 65
-150.558 74.4862 -50.7925 0.92388 -0.382683 0 1 5.10509 65
-150.558 74.4862 -47.5925 0.92388 -0.382683 0 1 5.10509 65
-150.558 74.4862 -44.3925 0.92388 -0.382683 0 1 5.10509 65
-150.558 74.4862 -41.1925 0.92388 -0.382683 0 1 5.10509 65
-150.558 74.4862 -37.9925 0.92388 -0.382683 0 1 5.10509 65
-150.558 74.4862 -34.7925 0.92388 -0.382683 0 1 5.10509 65
-150.558 74.4862 -31.5925 0.92388 -0.382683 0 1 5.10509 65
-150.558 74.4862 -28.3925 0.92388 -0.382683 0 1 5.10509 65
159.131 -53.7912 -24.3975 -0.92388 0.382683 0 0 1.9635 66
159.131 -53.7912 -21.1975 -0.92388 0.382683 0 0 1.9635 66
159.131 -53.7912 -17.9975 -0.92388 0.382683 0 0 1.9635 66
159.131 -53.7912 -14.7975 -0.92388 0.382683 0 0 1.9635 66
159.131 -53.7912 -11.5975 -0.92388 0.382683 0 0 1.9635 66
159.131 -53.7912 -8.3975 -0.92388 0.382683 2.36848e-16 0 1.9635 66
159.131 -53.7912 -5.1975 -0.92388 0.382683 0 0 1.9635 66
159.131 -53.7912 -1.9975 -0.92388 0.382683 0 0 1.9635 66
157.906 -56.7477 -24.3975 -0.92388 0.382683 0 0 1.9635 66
157.906 -56.7477 -21.1975 -0.92388 0.382683 0 0 1.9635 66
157.906 -56.7477 -17.9975 -0.92388 0.382683 0 0 1.9635 66
157.906 -56.7477 -14.7975 -0.92388 0.382683 0 0 1.9635 66
157.906 -56.7477 -11.5975 -0.92388 0.382683 0 0 1.9635 66
157.906 -56.7477 -8.3975 -0.92388 0.382683 2.36848e-16 0 1.9635 66
157.906 -56.7477 -5.1975 -0.92388 0.382683 0 0 1.9635 66
157.906 -56.7477 -1.9975 -0.92388 0.382683 0 0 1.9635 66
156.681 -59.7041 -24.3975 -0.92388 0.382683 0 0 1.9635 66
156.681 -59.7041 -21.1975 -0.92388 0.382683 0 0 1.9635 66
156.681 -59.7041 -17.9975 -0.92388 0.382683 0 0 1.9635 66
156.681 -59.7041 -14.7975 -0.92388 0.382683 0 0 1.9635 66
156.681 -59.7041 -11.5975 -0.92388 0.382683 0 0 1.9635 66
156.681 -59.7041 -8.3975 -0.92388 0.382683 2.36848e-16 0 1.9635 66
156.681 -59.7041 -5.1975 -0.92388 0.382683 0 0 1.9635 66
156.681 -59.7041 -1.9975 -0.92388 0.382683 0 0 1.9635 66
155.457 -62.6605 -24.3975 -0.92388 0.382683 0 0 1.9635 66
155.457 -62.6605 -21.1975 -0.92388 0.382683 0 0 1.9635 66
155.457 -62.6605 -17.9975 -0.92388 0.382683 0 0 1.9635 66
155.457 -62.6605 -14.7975 -0.92388 0.382683 0 0 1.9635 66
155.457 -62.6605 -11.5975 -0.92388 0.382683 0 0 1.9635 66
155.457 -62.6605 -8.3975 -0.92388 0.382683 2.36848e-16 0 1.9635 66
155.457 -62.6605 -5.1975 -0.92388 0.382683 0 0 1.9635 66
155.457 -62.6605 -1.9975 -0.92388 0.382683 0 0 1.9635 66
154.232 -65.6169 -24.3975 -0.92388 0.382683 0 0 1.9635 66
154.232 -65.6169 -21.1975 -0.92388 0.382683 0 0 1.9635 66
154.232 -65.6169 -17.9975 -0.92388 0.382683 0 0 1.9635 66
154.232 -65.6169 -14.7975 -0.92388 0.382683 0 0 1.9635 66
154.232 -65.6169 -11.5975 -0.92388 0.382683 0 0 1.9635 66
154.232 -65.6169 -8.3975 -0.92388 0.382683 2.36848e-16 0 1.9635 66
154.232 -65.6169 -5.1975 -0.92388 0.382683 0 0 1.9635 66
154.232 -65.6169 -1.9975 -0.92388 0.382683 0 0 1.9635 66
153.008 -68.5733 -24.3975 -0.92388 0.382683 0 0 1.9635 66
153.008 -68.5733 -21.1975 -0.92388 0.382683 0 0 1.9635 66
153.008 -68.5733 -17.9975 -0.92388 0.382683 0 0 1.9635 66
153.008 -68.5733 -14.7975 -0.92388 0.382683 0 0 1.9635 66
153.008 -68.5733 -11.5975 -0.92388 0.382683 0 0 1.9635 66
153.008 -68.5733 -8.3975 -0.92388 0.382683 2.36848e-16 0 1.9635 66
153.008 -68.5733 -5.1975 -0.92388 0.382683 0 0 1.9635 66
153.008 -68.5733 -1.9975 -0.92388 0.382683 0 0 1.9635 66
151.783 -71.5297 -24.3975 -0.92388 0.382683 0 0 1.9635 66
151.783 -71.5297 -21.1975 -0.92388 0.382683 0 0 1.9635 66
151.783 -71.5297 -17.9975 -0.92388 0.382683 0 0 1.9635 66
151.783 -71.5297 -14.7975 -0.92388 0.382683 0 0 1.9635 66
151.783 -71.5297 -11.5975 -0.92388 0.382683 0 0 1.9635 66
151.783 -71.5297 -8.3975 -0.92388 0.382683 2.36848e-16 0 1.9635 66
151.783 -71.5297 -5.1975 -0.92388 0.382683 0 0 1.9635 66
151.783 -71.5297 -1.9975 -0.92388 0.382683 0 0 1.9635 66
150.558 -74.4862 -24.3975 -0.92388 0.382683 0 0 1.9635 66
150.558 -74.4862 -21.1975 -0.92388 0.382683 0 0 1.9635 66
150.558 -74.4862 -17.9975 -0.92388 0.382683 0 0 1.9635 66
150.558 -74.4862 -14.7975 -0.92388 0.382683 0 0 1.9635 66
150.558 -74.4862 -11.5975 -0.92388 0.382683 0 0 1.9635 66
150.558 -74.4862 -8.3975 -0.92388 0.382683 2.36848e-16 0 1.9635 66
150.558 -74.4862 -5.1975 -0.92388 0.382683 0 0 1.9635 66
150.558 -74.4862 -1.9975 -0.92388 0.382683 0 0 1.9635 66
-159.131 53.7912 -24.3975 0.92388 -0.382683 0 1 5.10509 67
-159.131 53.7912 -21.1975 0.92388 -0.382683 0 1 5.10509 67
-159.131 53.7912 -17.9975 0.92388 -0.382683 0 1 5.10509 67
-159.131 53.7912 -14.7975 0.92388 -0.382683 0 1 5.10509 67
-159.131 53.7912 -11.5975 0.92388 -0.382683 0 1 5.10509 67
-159.131 53.7912 -8.3975 0.92388 -0.382683 2.36848e-16 1 5.10509 67
-159.131 53.7912 -5.1975 0.92388 -0.382683 0 1 5.10509 67
-159.131 53.7912 -1.9975 0.92388 -0.382683 0 1 5.10509 67
-157.906 56.7477 -24.3975 0.92388 -0.382683 0 1 5.10509 67
-157.906 56.7477 -21.1975 0.92388 -0.382683 0 1 5.10509 67
-157.906 56.7477 -17.9975 0.92388 -0.382683 0 1 5.10509 67
-157.906 56.7477 -14.7975 0.92388 -0.382683 0 1 5.10509 67
-157.906 56.7477 -11.5975 0.92388 -0.382683 0 1 5.10509 67
-157.906 56.7477 -8.3975 0.92388 -0.382683 2.36848e-16 1 5.10509 67
-157.906 56.7477 -5.1975 0.92388 -0.382683 0 1 5.10509 67
-157.906 56.7477 -1.9975 0.92388 -0.382683 0 1 5.10509 67
-156.681 59.7041 -24.3975 0.92388 -0.382683 0 1 5.10509 67
-156.681 59.7041 -21.1975 0.92388 -0.382683 0 1 5.10509 67
-156.681 59.7041 -17.9975 0.92388 -0.382683 0 1 5.10509 67
-156.681 59.7041 -14.7975 0.92388 -0.382683 0 1 5.10509 67
-156.681 59.7041 -11.5975 0.92388 -0.382683 0 1 5.10509 67
-156.681 59.7041 -8.3975 0.92388 -0.382683 2.36848e-16 1 5.10509 67
-156.681 59.7041 -5.1975 0.92388 -0.382683 0 1 5.10509 67
-156.681 59.7041 -1.9975 0.92388 -0.382683 0 1 5.10509 67
-155.457 62.6605 -24.3975 0.92388 -0.382683 0 1 5.10509 67
-155.457 62.6605 -21.1975 0.92388 -0.382683 0 1 5.10509 67
-155.457 62.6605 -17.9975 0.92388 -0.382683 0 1 5.10509 67
-155.457 62.6605 -14.7975 0.92388 -0.382683 0 1 5.10509 67
-155.457 62.6605 -11.5975 0.92388 -0.382683 0 1 5.10509 67
-155.457 62.6605 -8.3975 0.92388 -0.382683 2.36848e-16 1 5.10509 67
-155.457 62.6605 -5.1975 0.92388 -0.382683 0 1 5.10509 67
-155.457 62.6605 -1.9975 0.92388 -0.382683 0 1 5.10509 67
-154.232 65.6169 -24.3975 0.92388 -0.382683 0 1 5.10509 67
-154.232 65.6169 -21.1975 0.92388 -0.382683 0 1 5.10509 67
-154.232 65.6169 -17.9975 0.92388 -0.382683 0 1 5.10509 67
-154.232 65.6169 -14.7975 0.92388 -0.382683 0 1 5.10509 67
-154.232 65.6169 -11.5975 0.92388 -0.382683 0 1 5.10509 67
-154.232 65.6169 -8.3975 0.92388 -0.382683 2.36848e-16 1 5.10509 67
-154.232 65.6169 -5.1975 0.92388 -0.382683 0 1 5.10509 67
-154.232 65.6169 -1.9975 0.92388 -0.382683 0 1 5.10509 67
-153.008 68.5733 -24.3975 0.92388 -0.382683 0 1 5.10509 67
-153.008 68.5733 -21.1975 0.92388 -0.382683 0 1 5.10509 67
-153.008 68.5733 -17.9975 0.92388 -0.382683 0 1 5.10509 67
-153.008 68.5733 -14.7975 0.92388 -0.382683 0 1 5.10509 67
-153.008 68.5733 -11.5975 0.92388 -0.382683 0 1 5.10509 67
-153.008 68.5733 -8.3975 0.92388 -0.382683 2.36848e-16 1 5.10509 67
-153.008 68.5733 -5.1975 0.92388 -0.382683 0 1 5.10509 67
-153.008 68.5733 -1.9975 0.92388 -0.382683 0 1 5.10509 67
-151.783 71.5297 -24.3975 0.92388 -0.382683 0 1 5.10509 67
-151.783 71.5297 -21.1975 0.92388 -0.382683 0 1 5.10509 67
-151.783 71.5297 -17.9975 0.92388 -0.382683 0 1 5.10509 67
-151.783 71.5297 -14.7975 0.92388 -0.382683 0 1 5.10509 67
-151.783 71.5297 -11.5975 0.92388 -0.382683 0 1 5.10509 67
-151.783 71.5297 -8.3975 0.92388 -0.382683 2.36848e-16 1 5.10509 67
-151.783 71.5297 -5.1975 0.92388 -0.382683 0 1 5.10509 67
-151.783 71.5297 -1.9975 0.92388 -0.382683 0 1 5.10509 67
-150.558 74.4862 -24.3975 0.92388 -0.382683 0 1 5.10509 67
-150.558 74.4862 -21.1975 0.92388 -0.382683 0 1 5.10509 67
-150.558 74.4862 -17.9975 0.92388 -0.382683 0 1 5.10509 67
-150.558 74.4862 -14.7975 0.92388 -0.382683 0 1 5.10509 67
-150.558 74.4862 -11.5975 0.92388 -0.382683 0 1 5.10509 67
-150.558 74.4862 -8.3975 0.92388 -0.382683 2.36848e-16 1 5.10509 67
-150.558 74.4862 -5.1975 0.92388 -0.382683 0 1 5.10509 67
-150.558 74.4862 -1.9975 0.92388 -0.382683 0 1 5.10509 67
159.131 -53.7912 1.9975 -0.92388 0.382683 0 0 1.9635 68
159.131 -53.7912 5.1975 -0.92388 0.382683 1.18424e-16 0 1.9635 68
159.131 -53.7912 8.3975 -0.92388 0.382683 2.36848e-16 0 1.9635 68
159.131 -53.7912 11.5975 -0.92388 0.382683 0 0 1.9635 68
159.131 -53.7912 14.7975 -0.92388 0.382683 0 0 1.9635 68
159.131 -53.7912 17.9975 -0.92388 0.382683 4.73695e-16 0 1.9635 68
159.131 -53.7912 21.1975 -0.92388 0.382683 0 0 1.9635 68
159.131 -53.7912 24.3975 -0.92388 0.382683 0 0 1.9635 68
157.906 -56.7477 1.9975 -0.92388 0.382683 0 0 1.9635 68
157.906 -56.7477 5.1975 -0.92388 0.382683 1.18424e-16 0 1.9635 68
157.906 -56.7477 8.3975 -0.92388 0.382683 2.36848e-16 0 1.9635 68
157.906 -56.7477 11.5975 -0.92388 0.382683 0 0 1.9635 68
157.906 -56.7477 14.7975 -0.92388 0.382683 0 0 1.9635 68
157.906 -56.7477 17.9975 -0.92388 0.382683 4.73695e-16 0 1.9635 68
157.906 -56.7477 21.1975 -0.92388 0.382683 0 0 1.9635 68
157.906 -56.7477 24.3975 -0.92388 0.382683 0 0 1.9635 68
156.681 -59.7041 1.9975 -0.92388 0.382683 0 0 1.9635 68
156.681 -59.7041 5.1975 -0.92388 0.382683 1.18424e-16 0 1.9635 68
156.681 -59.7041 8.3975 -0.92388 0.382683 2.36848e-16 0 1.9635 68
156.681 -59.7041 11.5975 -0.92388 0.382683 0 0 1.9635 68
156.681 -59.7041 14.7975 -0.92388 0.382683 0 0 1.9635 68
156.681 -59.7041 17.9975 -0.92388 0.382683 4.73695e-16 0 1.9635 68
156.681 -59.7041 21.1975 -0.92388 0.382683 0 0 1.9635 68
156.681 -59.7041 24.3975 -0.92388 0.382683 0 0 1.9635 68
155.457 -62.6605 1.9975 -0.92388 0.382683 0 0 1.9635 68
155.457 -62.6605 5.1975 -0.92388 0.382683 1.18424e-16 0 1.9635 68
155.457 -62.6605 8.3975 -0.92388 0.382683 2.36848e-16 0 1.9635 68
155.457 -62.6605 11.5975 -0.92388 0.382683 0 0 1.9635 68
155.457 -62.6605 14.7975 -0.92388 0.382683 0 0 1.9635 68
155.457 -62.6605 17.9975 -0.92388 0.382683 4.73695e-16 0 1.9635 68
155.457 -62.6605 21.1975 -0.92388 0.382683 0 0 1.9635 68
155.457 -62.6605 24.3975 -0.92388 0.382683 0 0 1.9635 68
154.232 -65.6169 1.9975 -0.92388 0.382683 0 0 1.9635 68
154.232 -65.6169 5.1975 -0.92388 0.382683 1.18424e-16 0 1.9635 68
154.232 -65.6169 8.3975 -0.92388 0.382683 2.36848e-16 0 1.9635 68
154.232 -65.6169 11.5975 -0.92388 0.382683 0 0 1.9635 68
154.232 -65.6169 14.7975 -0.92388 0.382683 0 0 1.9635 68
154.232 -65.6169 17.9975 -0.92388 0.382683 4.73695e-16 0 1.9635 68
154.232 -65.6169 21.1975 -0.92388 0.382683 0 0 1.9635 68
154.232 -65.6169 24.3975 -0.92388 0.382683 0 0 1.9635 68
153.008 -68.5733 1.9975 -0.92388 0.382683 0 0 1.9635 68
153.008 -68.5733 5.1975 -0.92388 0.382683 1.18424e-16 0 1.9635 68
153.008 -68.5733 8.3975 -0.92388 0.382683 2.36848e-16 0 1.9635 68
153.008 -68.5733 11.5975 -0.92388 0.382683 0 0 1.9635 68
153.008 -68.5733 14.7975 -0.92388 0.382683 0 0 1.9635 68
153.008 -68.5733 17.9975 -0.92388 0.382683 4.73695e-16 0 1.9635 68
153.008 -68.5733 21.1975 -0.92388 0.382683 0 0 1.9635 68
153.008 -68.5733 24.3975 -0.92388 0.382683 0 0 1.9635 68
151.783 -71.5297 1.9975 -0.92388 0.382683 0 0 1.9635 68
151.783 -71.5297 5.1975 -0.92388 0.382683 1.18424e-16 0 1.9635 68
151.783 -71.5297 8.3975 -0.92388 0.382683 2.36848e-16 0 1.9635 68
151.783 -71.5297 11.5975 -0.92388 0.382683 0 0 1.9635 68
151.783 -71.5297 14.7975 -0.92388 0.382683 0 0 1.9635 68
151.783 -71.5297 17.9975 -0.92388 0.382683 4.73695e-16 0 1.9635 68
151.783 -71.5297 21.1975 -0.92388 0.382683 0 0 1.9635 68
151.783 -71.5297 24.3975 -0.92388 0.382683 0 0 1.9635 68
150.558 -74.4862 1.9975 -0.92388 0.382683 0 0 1.9635 68
150.558 -74.4862 5.1975 -0.92388 0.382683 1.18424e-16 0 1.9635 68
150.558 -74.4862 8.3975 -0.92388 0.382683 2.36848e-16 0 1.9635 68
150.558 -74.4862 11.5975 -0.92388 0.382683 0 0 1.9635 68
150.558 -74.4862 14.7975 -0.92388 0.382683 0 0 1.9635 68
150.558 -74.4862 17.9975 -0.92388 0.382683 4.73695e-16 0 1.9635 68
150.558 -74.4862 21.1975 -0.92388 0.382683 0 0 1.9635 68
150.558 -74.4862 24.3975 -0.92388 0.382683 0 0 1.9635 68
-159.131 53.7912 1.9975 0.92388 -0.382683 0 1 5.10509 69
-159.131 53.7912 5.1975 0.92388 -0.382683 1.18424e-16 1 5.10509 69
-159.131 53.7912 8.3975 0.92388 -0.382683 2.36848e-16 1 5.10509 69
-159.131 53.7912 11.5975 0.92388 -0.382683 0 1 5.10509 69
-159.131 53.7912 14.7975 0.92388 -0.382683 0 1 5.10509 69
-159.131 53.7912 17.9975 0.92388 -0.382683 4.73695e-16 1 5.10509 69
-159.131 53.7912 21.1975 0.92388 -0.382683 0 1 5.10509 69
-159.131 53.7912 24.3975 0.92388 -0.382683 0 1 5.10509 69
-157.906 56.7477 1.9975 0.92388 -0.382683 0 1 5.10509 69
-157.906 56.7477 5.1975 0.92388 -0.382683 1.18424e-16 1 5.10509 69
-157.906 56.7477 8.3975 0.92388 -0.382683 2.36848e-16 1 5.10509 69
-157.906 56.7477 11.5975 0.92388 -0.382683 0 1 5.10509 69
-157.906 56.7477 14.7975 0.92388 -0.382683 0 1 5.10509 69
-157.906 56.7477 17.9975 0.92388 -0.382683 4.73695e-16 1 5.10509 69
-157.906 56.7477 21.1975 0.92388 -0.382683 0 1 5.10509 69
-157.906 56.7477 24.3975 0.92388 -0.382683 0 1 5.10509 69
-156.681 59.7041 1.9975 0.92388 -0.382683 0 1 5.10509 69
-156.681 59.7041 5.1975 0.92388 -0.382683 1.18424e-16 1 5.10509 69
-156.681 59.7041 8.3975 0.92388 -0.382683 2.36848e-16 1 5.10509 69
-156.681 59.7041 11.5975 0.92388 -0.382683 0 1 5.10509 69
-156.681 59.7041 14.7975 0.92388 -0.382683 0 1 5.10509 69
-156.681 59.7041 17.9975 0.92388 -0.382683 4.73695e-16 1 5.10509 69
-156.681 59.7041 21.1975 0.92388 -0.382683 0 1 5.10509 69
-156.681 59.7041 24.3975 0.92388 -0.382683 0 1 5.10509 69
-155.457 62.6605 1.9975 0.92388 -0.382683 0 1 5.10509 69
-155.457 62.6605 5.1975 0.92388 -0.382683 1.18424e-16 1 5.10509 69
-155.457 62.6605 8.3975 0.92388 -0.382683 2.36848e-16 1 5.10509 69
-155.457 62.6605 11.5975 0.92388 -0.382683 0 1 5.10509 69
-155.457 62.6605 14.7975 0.92388 -0.382683 0 1 5.10509 69
-155.457 62.6605 17.9975 0.92388 -0.382683 4.73695e-16 1 5.10509 69
-155.457 62.6605 21.1975 0.92388 -0.382683 0 1 5.10509 69
-155.457 62.6605 24.3975 0.92388 -0.382683 0 1 5.10509 69
-154.232 65.6169 1.9975 0.92388 -0.382683 0 1 5.10509 69
-154.232 65.6169 5.1975 0.92388 -0.382683 1.18424e-16 1 5.10509 69
-154.232 65.6169 8.3975 0.92388 -0.382683 2.36848e-16 1 5.10509 69
-154.232 65.6169 11.5975 0.92388 -0.382683 0 1 5.10509 69
-154.232 65.6169 14.7975 0.92388 -0.382683 0 1 5.10509 69
-154.232 65.6169 17.9975 0.92388 -0.382683 4.73695e-16 1 5.10509 69
-154.232 65.6169 21.1975 0.92388 -0.382683 0 1 5.10509 69
-154.232 65.6169 24.3975 0.92388 -0.382683 0 1 5.10509 69
-153.008 68.5733 1.9975 0.92388 -0.382683 0 1 5.10509 69
-153.008 68.5733 5.1975 0.92388 -0.382683 1.18424e-16 1 5.10509 69
-153.008 68.5733 8.3975 0.92388 -0.382683 2.36848e-16 1 5.10509 69
-153.008 68.5733 11.5975 0.92388 -0.382683 0 1 5.10509 69
-153.008 68.5733 14.7975 0.92388 -0.382683 0 1 5.10509 69
-153.008 68.5733 17.9975 0.92388 -0.382683 4.73695e-16 1 5.10509 69
-153.008 68.5733 21.1975 0.92388 -0.382683 0 1 5.10509 69
-153.008 68.5733 24.3975 0.92388 -0.382683 0 1 5.10509 69
-151.783 71.5297 1.9975 0.92388 -0.382683 0 1 5.10509 69
-151.783 71.5297 5.1975 0.92388 -0.382683 1.18424e-16 1 5.10509 69
-151.783 71.5297 8.3975 0.92388 -0.382683 2.36848e-16 1 5.10509 69
-151.783 71.5297 11.5975 0.92388 -0.382683 0 1 5.10509 69
-151.783 71.5297 14.7975 0.92388 -0.382683 0 1 5.10509 69
-151.783 71.5297 17.9975 0.92388 -0.382683 4.73695e-16 1 5.10509 69
-151.783 71.5297 21.1975 0.92388 -0.382683 0 1 5.10509 69
-151.783 71.5297 24.3975 0.92388 -0.382683 0 1 5.10509 69
-150.558 74.4862 1.9975 0.92388 -0.382683 0 1 5.10509 69
-150.558 74.4862 5.1975 0.92388 -0.382683 1.18424e-16 1 5.10509 69
-150.558 74.4862 8.3975 0.92388 -0.382683 2.36848e-16 1 5.10509 69
-150.558 74.4862 11.5975 0.92388 -0.382683 0 1 5.10509 69
-150.558 74.4862 14.7975 0.92388 -0.382683 0 1 5.10509 69
-150.558 74.4862 17.9975 0.92388 -0.382683 4.73695e-16 1 5.10509 69
-150.558 74.4862 21.1975 0.92388 -0.382683 0 1 5.10509 69
-150.558 74.4862 24.3975 0.92388 -0.382683 0 1 5.10509 69
159.131 -53.7912 28.3925 -0.92388 0.382683 0 0 1.9635 70
159.131 -53.7912 31.5925 -0.92388 0.382683 0 0 1.9635 70
159.131 -53.7912 34.7925 -0.92388 0.382683 0 0 1.9635 70
159.131 -53.7912 37.9925 -0.92388 0.382683 0 0 1.9635 70
159.131 -53.7912 41.1925 -0.92388 0.382683 0 0 1.9635 70
159.131 -53.7912 44.3925 -0.92388 0.382683 0 0 1.9635 70
159.131 -53.7912 47.5925 -0.92388 0.382683 0 0 1.9635 70
159.131 -53.7912 50.7925 -0.92388 0.382683 0 0 1.9635 70
157.906 -56.7477 28.3925 -0.92388 0.382683 0 0 1.9635 70
157.906 -56.7477 31.5925 -0.92388 0.382683 0 0 1.9635 70
157.906 -56.7477 34.7925 -0.92388 0.382683 0 0 1.9635 70
157.906 -56.7477 37.9925 -0.92388 0.382683 0 0 1.9635 70
157.906 -56.7477 41.1925 -0.92388 0.382683 0 0 1.9635 70
157.906 -56.7477 44.3925 -0.92388 0.382683 0 0 1.9635 70
157.906 -56.7477 47.5925 -0.92388 0.382683 0 0 1.9635 70
157.906 -56.7477 50.7925 -0.92388 0.382683 0 0 1.9635 70
156.681 -59.7041 28.3925 -0.92388 0.382683 0 0 1.9635 70
156.681 -59.7041 31.5925 -0.92388 0.382683 0 0 1.9635 70
156.681 -59.7041 34.7925 -0.92388 0.382683 0 0 1.9635 70
156.681 -59.7041 37.9925 -0.92388 0.382683 0 0 1.9635 70
156.681 -59.7041 41.1925 -0.92388 0.382683 0 0 1.9635 70
156.681 -59.7041 44.3925 -0.92388 0.382683 0 0 1.9635 70
156.681 -59.7041 47.5925 -0.92388 0.382683 0 0 1.9635 70
156.681 -59.7041 50.7925 -0.92388 0.382683 0 0 1.9635 70
155.457 -62.6605 28.3925 -0.92388 0.382683 0 0 1.9635 70
155.457 -62.6605 31.5925 -0.92388 0.382683 0 0 1.9635 70
155.457 -62.6605 34.7925 -0.92388 0.382683 0 0 1.9635 70
155.457 -62.6605 37.9925 -0.92388 0.382683 0 0 1.9635 70
155.457 -62.6605 41.1925 -0.92388 0.382683 0 0 1.9635 70
155.457 -62.6605 44.3925 -0.92388 0.382683 0 0 1.9635 70
155.457 -62.6605 47.5925 -0.92388 0.382683 0 0 1.9635 70
155.457 -62.6605 50.7925 -0.92388 0.382683 0 0 1.9635 70
154.232 -65.6169 28.3925 -0.92388 0.382683 0 0 1.9635 70
154.232 -65.6169 31.5925 -0.92388 0.382683 0 0 1.9635 70
154.232 -65.6169 34.7925 -0.92388 0.382683 0 0 1.9635 70
154.232 -65.6169 37.9925 -0.92388 0.382683 0 0 1.9635 70
154.232 -65.6169 41.1925 -0.92388 0.382683 0 0 1.9635 70
154.232 -65.6169 44.3925 -0.92388 0.382683 0 0 1.9635 70
154.232 -65.6169 47.5925 -0.92388 0.382683 0 0 1.9635 70
154.232 -65.6169 50.7925 -0.92388 0.382683 0 0 1.9635 70
153.008 -68.5733 28.3925 -0.92388 0.382683 0 0 1.9635 70
153.008 -68.5733 31.5925 -0.92388 0.382683 0 0 1.9635 70
153.008 -68.5733 34.7925 -0.92388 0.382683 0 0 1.9635 70
153.008 -68.5733 37.9925 -0.92388 0.382683 0 0 1.9635 70
153.008 -68.5733 41.1925 -0.92388 0.382683 0 0 1.9635 70
153.008 -68.5733 44.3925 -0.92388 0.382683 0 0 1.9635 70
153.008 -68.5733 47.5925 -0.92388 0.382683 0 0 1.9635 70
153.008 -68.5733 50.7925 -0.92388 0.382683 0 0 1.9635 70
151.783 -71.5297 28.3925 -0.92388 0.382683 0 0 1.9635 70
151.783 -71.5297 31.5925 -0.92388 0.382683 0 0 1.9635 70
151.783 -71.5297 34.7925 -0.92388 0.382683 0 0 1.9635 70
151.783 -71.5297 37.9925 -0.92388 0.382683 0 0 1.9635 70
151.783 -71.5297 41.1925 -0.92388 0.382683 0 0 1.9635 70
151.783 -71.5297 44.3925 -0.92388 0.382683 0 0 1.9635 70
151.783 -71.5297 47.5925 -0.92388 0.382683 0 0 1.9635 70
151.783 -71.5297 50.7925 -0.92388 0.382683 0 0 1.9635 70
150.558 -74.4862 28.3925 -0.92388 0.382683 0 0 1.9635 70
150.558 -74.4862 31.5925 -0.92388 0.382683 0 0 1.9635 70
150.558 -74.4862 34.7925 -0.92388 0.382683 0 0 1.9635 70
150.558 -74.4862 37.9925 -0.92388 0.382683 0 0 1.9635 70
150.558 -74.4862 41.1925 -0.92388 0.382683 0 0 1.9635 70
150.558 -74.4862 44.3925 -0.92388 0.382683 0 0 1.9635 70
150.558 -74.4862 47.5925 -0.92388 0.382683 0 0 1.9635 70
150.558 -74.4862 50.7925 -0.92388 0.382683 0 0 1.9635 70
-159.131 53.7912 28.3925 0.92388 -0.382683 0 1 5.10509 71
-159.131 53.7912 31.5925 0.92388 -0.382683 0 1 5.10509 71
-159.131 53.7912 34.7925 0.92388 -0.382683 0 1 5.10509 71
-159.131 53.7912 37.9925 0.92388 -0.382683 0 1 5.10509 71
-159.131 53.7912 41.1925 0.92388 -0.382683 0 1 5.10509 71
-159.131 53.7912 44.3925 0.92388 -0.382683 0 1 5.10509 71
-159.131 53.7912 47.5925 0.92388 -0.382683 0 1 5.10509 71
-159.131 53.7912 50.7925 0.92388 -0.382683 0 1 5.10509 71
-157.906 56.7477 28.3925 0.92388 -0.382683 0 1 5.10509 71
-157.906 56.7477 31.5925 0.92388 -0.382683 0 1 5.10509 71
-157.906 56.7477 34.7925 0.92388 -0.382683 0 1 5.10509 71
-157.906 56.7477 37.9925 0.92388 -0.382683 0 1 5.10509 71
-157.906 56.7477 41.1925 0.92388 -0.382683 0 1 5.10509 71
-157.906 56.7477 44.3925 0.92388 -0.382683 0 1 5.10509 71
-157.906 56.7477 47.5925 0.92388 -0.382683 0 1 5.10509 71
-157.906 56.7477 50.7925 0.92388 -0.382683 0 1 5.10509 71
-156.681 59.7041 28.3925 0.92388 -0.382683 0 1 5.10509 71
-156.681 59.7041 31.5925 0.92388 -0.382683 0 1 5.10509 71
-156.681 59.7041 34.7925 0.92388 -0.382683 0 1 5.10509 71
-156.681 59.7041 37.9925 0.92388 -0.382683 0 1 5.10509 71
-156.681 59.7041 41.1925 0.92388 -0.382683 0 1 5.10509 71
-156.681 59.7041 44.3925 0.92388 -0.382683 0 1 5.10509 71
-156.681 59.7041 47.5925 0.92388 -0.382683 0 1 5.10509 71
-156.681 59.7041 50.7925 0.92388 -0.382683 0 1 5.10509 71
-155.457 62.6605 28.3925 0.92388 -0.382683 0 1 5.10509 71
-155.457 62.6605 31.5925 0.92388 -0.382683 0 1 5.10509 71
-155.457 62.6605 34.7925 0.92388 -0.382683 0 1 5.10509 71
-155.457 62.6605 37.9925 0.92388 -0.382683 0 1 5.10509 71
-155.457 62.6605 41.1925 0.92388 -0.382683 0 1 5.10509 71
-155.457 62.6605 44.3925 0.92388 -0.382683 0 1 5.10509 71
-155.457 62.6605 47.5925 0.92388 -0.382683 0 1 5.10509 71
-155.457 62.6605 50.7925 0.92388 -0.382683 0 1 5.10509 71
-154.232 65.6169 28.3925 0.92388 -0.382683 0 1 5.10509 71
-154.232 65.6169 31.5925 0.92388 -0.382683 0 1 5.10509 71
-154.232 65.6169 34.7925 0.92388 -0.382683 0 1 5.10509 71
-154.232 65.6169 37.9925 0.92388 -0.382683 0 1 5.10509 71
-154.232 65.6169 41.1925 0.92388 -0.382683 0 1 5.10509 71
-154.232 65.6169 44.3925 0.92388 -0.382683 0 1 5.10509 71
-154.232 65.6169 47.5925 0.92388 -0.382683 0 1 5.10509 71
-154.232 65.6169 50.7925 0.92388 -0.382683 0 1 5.10509 71
-153.008 68.5733 28.3925 0.92388 -0.382683 0 1 5.10509 71
-153.008 68.5733 31.5925 0.92388 -0.382683 0 1 5.10509 71
-153.008 68.5733 34.7925 0.92388 -0.382683 0 1 5.10509 71
-153.008 68.5733 37.9925 0.92388 -0.382683 0 1 5.10509 71
-153.008 68.5733 41.1925 0.92388 -0.382683 0 1 5.10509 71
-153.008 68.5733 44.3925 0.92388 -0.382683 0 1 5.10509 71
-153.008 68.5733 47.5925 0.92388 -0.382683 0 1 5.10509 71
-153.008 68.5733 50.7925 0.92388 -0.382683 0 1 5.10509 71
-151.783 71.5297 28.3925 0.92388 -0.382683 0 1 5.10509 71
-151.783 71.5297 31.5925 0.92388 -0.382683 0 1 5.10509 71
-151.783 71.5297 34.7925 0.92388 -0.382683 0 1 5.10509 71
-151.783 71.5297 37.9925 0.92388 -0.382683 0 1 5.10509 71
-151.783 71.5297 41.1925 0.92388 -0.382683 0 1 5.10509 71
-151.783 71.5297 44.3925 0.92388 -0.382683 0 1 5.10509 71
-151.783 71.5297 47.5925 0.92388 -0.382683 0 1 5.10509 71
-151.783 71.5297 50.7925 0.92388 -0.382683 0 1 5.10509 71
-150.558 74.4862 28.3925 0.92388 -0.382683 0 1 5.10509 71
-150.558 74.4862 31.5925 0.92388 -0.382683 0 1 5.10509 71
-150.558 74.4862 34.7925 0.92388 -0.382683 0 1 5.10509 71
-150.558 74.4862 37.9925 0.92388 -0.382683 0 1 5.10509 71
-150.558 74.4862 41.1925 0.92388 -0.382683 0 1 5.10509 71
-150.558 74.4862 44.3925 0.92388 -0.382683 0 1 5.10509 71
-150.558 74.4862 47.5925 0.92388 -0.382683 0 1 5.10509 71
-150.558 74.4862 50.7925 0.92388 -0.382683 0 1 5.10509 71
148.757 -78.0225 -50.7925 -0.85264 0.522499 0 0 2.12058 72
148.757 -78.0225 -47.5925 -0.85264 0.522499 0 0 2.12058 72
148.757 -78.0225 -44.3925 -0.85264 0.522499 0 0 2.12058 72
148.757 -78.0225 -41.1925 -0.85264 0.522499 0 0 2.12058 72
148.757 -78.0225 -37.9925 -0.85264 0.522499 0 0 2.12058 72
148.757 -78.0225 -34.7925 -0.85264 0.522499 0 0 2.12058 72
148.757 -78.0225 -31.5925 -0.85264 0.522499 0 0 2.12058 72
148.757 -78.0225 -28.3925 -0.85264 0.522499 0 0 2.12058 72
147.085 -80.7509 -50.7925 -0.85264 0.522499 0 0 2.12058 72
147.085 -80.7509 -47.5925 -0.85264 0.522499 0 0 2.12058 72
147.085 -80.7509 -44.3925 -0.85264 0.522499 0 0 2.12058 72
147.085 -80.7509 -41.1925 -0.85264 0.522499 0 0 2.12058 72
147.085 -80.7509 -37.9925 -0.85264 0.522499 0 0 2.12058 72
147.085 -80.7509 -34.7925 -0.85264 0.522499 0 0 2.12058 72
147.085 -80.7509 -31.5925 -0.85264 0.522499 0 0 2.12058 72
147.085 -80.7509 -28.3925 -0.85264 0.522499 0 0 2.12058 72
145.413 -83.4794 -50.7925 -0.85264 0.522499 0 0 2.12058 72
145.413 -83.4794 -47.5925 -0.85264 0.522499 0 0 2.12058 72
145.413 -83.4794 -44.3925 -0.85264 0.522499 0 0 2.12058 72
145.413 -83.4794 -41.1925 -0.85264 0.522499 0 0 2.12058 72
145.413 -83.4794 -37.9925 -0.85264 0.522499 0 0 2.12058 72
145.413 -83.4794 -34.7925 -0.85264 0.522499 0 0 2.12058 72
145.413 -83.4794 -31.5925 -0.85264 0.522499 0 0 2.12058 72
145.413 -83.4794 -28.3925 -0.85264 0.522499 0 0 2.12058 72
143.741 -86.2078 -50.7925 -0.85264 0.522499 0 0 2.12058 72
143.741 -86.2078 -47.5925 -0.85264 0.522499 0 0 2.12058 72
143.741 -86.2078 -44.3925 -0.85264 0.522499 0 0 2.12058 72
143.741 -86.2078 -41.1925 -0.85264 0.522499 0 0 2.12058 72
143.741 -86.2078 -37.9925 -0.85264 0.522499 0 0 2.12058 72
143.741 -86.2078 -34.7925 -0.85264 0.522499 0 0 2.12058 72
143.741 -86.2078 -31.5925 -0.85264 0.522499 0 0 2.12058 72
143.741 -86.2078 -28.3925 -0.85264 0.522499 0 0 2.12058 72
142.069 -88.9363 -50.7925 -0.85264 0.522499 0 0 2.12058 72
142.069 -88.9363 -47.5925 -0.85264 0.522499 0 0 2.12058 72
142.069 -88.9363 -44.3925 -0.85264 0.522499 0 0 2.12058 72
142.069 -88.9363 -41.1925 -0.85264 0.522499 0 0 2.12058 72
142.069 -88.9363 -37.9925 -0.85264 0.522499 0 0 2.12058 72
142.069 -88.9363 -34.7925 -0.85264 0.522499 0 0 2.12058 72
142.069 -88.9363 -31.5925 -0.85264 0.522499 0 0 2.12058 72
142.069 -88.9363 -28.3925 -0.85264 0.522499 0 0 2.12058 72
140.397 -91.6647 -50.7925 -0.85264 0.522499 0 0 2.12058 72
140.397 -91.6647 -47.5925 -0.85264 0.522499 0 0 2.12058 72
140.397 -91.6647 -44.3925 -0.85264 0.522499 0 0 2.12058 72
140.397 -91.6647 -41.1925 -0.85264 0.522499 0 0 2.12058 72
140.397 -91.6647 -37.9925 -0.85264 0.522499 0 0 2.12058 72
140.397 -91.6647 -34.7925 -0.85264 0.522499 0 0 2.12058 72
140.397 -91.6647 -31.5925 -0.85264 0.522499 0 0 2.12058 72
140.397 -91.6647 -28.3925 -0.85264 0.522499 0 0 2.12058 72
138.725 -94.3932 -50.7925 -0.85264 0.522499 0 0 2.12058 72
138.725 -94.3932 -47.5925 -0.85264 0.522499 0 0 2.12058 72
138.725 -94.3932 -44.3925 -0.85264 0.522499 0 0 2.12058 72
138.725 -94.3932 -41.1925 -0.85264 0.522499 0 0 2.12058 72
138.725 -94.3932 -37.9925 -0.85264 0.522499 0 0 2.12058 72
138.725 -94.3932 -34.7925 -0.85264 0.522499 0 0 2.12058 72
138.725 -94.3932 -31.5925 -0.85264 0.522499 0 0 2.12058 72
138.725 -94.3932 -28.3925 -0.85264 0.522499 0 0 2.12058 72
137.053 -97.1216 -50.7925 -0.85264 0.522499 0 0 2.12058 72
137.053 -97.1216 -47.5925 -0.85264 0.522499 0 0 2.12058 72
137.053 -97.1216 -44.3925 -0.85264 0.522499 0 0 2.12058 72
137.053 -97.1216 -41.1925 -0.85264 0.522499 0 0 2.12058 72
137.053 -97.1216 -37.9925 -0.85264 0.522499 0 0 2.12058 72
137.053 -97.1216 -34.7925 -0.85264 0.522499 0 0 2.12058 72
137.053 -97.1216 -31.5925 -0.85264 0.522499 0 0 2.12058 72
137.053 -97.1216 -28.3925 -0.85264 0.522499 0 0 2.12058 72
-148.757 78.0225 -50.7925 0.85264 -0.522499 0 1 5.26217 73
-148.757 78.0225 -47.5925 0.85264 -0.522499 0 1 5.26217 73
-148.757 78.0225 -44.3925 0.85264 -0.522499 0 1 5.26217 73
-148.757 78.0225 -41.1925 0.85264 -0.522499 0 1 5.26217 73
-148.757 78.0225 -37.9925 0.85264 -0.522499 0 1 5.26217 73
-148.757 78.0225 -34.7925 0.85264 -0.522499 0 1 5.26217 73
-148.757 78.0225 -31.5925 0.85264 -0.522499 0 1 5.26217 73
-148.757 78.0225 -28.3925 0.85264 -0.522499 0 1 5.26217 73
-147.085 80.7509 -50.7925 0.85264 -0.522499 0 1 5.26217 73
-147.085 80.7509 -47.5925 0.85264 -0.522499 0 1 5.26217 73
-147.085 80.7509 -44.3925 0.85264 -0.522499 0 1 5.26217 73
-147.085 80.7509 -41.1925 0.85264 -0.522499 0 1 5.26217 73
-147.085 80.7509 -37.9925 0.85264 -0.522499 0 1 5.26217 73
-147.085 80.7509 -34.7925 0.85264 -0.522499 0 1 5.26217 73
-147.085 80.7509 -31.5925 0.85264 -0.522499 0 1 5.26217 73
-147.085 80.7509 -28.3925 0.85264 -0.522499 0 1 5.26217 73
-145.413 83.4794 -50.7925 0.85264 -0.522499 0 1 5.26217 73
-145.413 83.4794 -47.5925 0.85264 -0.522499 0 1 5.26217 73
-145.413 83.4794 -44.3925 0.85264 -0.522499 0 1 5.26217 73
-145.413 83.4794 -41.1925 0.85264 -0.522499 0 1 5.26217 73
-145.413 83.4794 -37.9925 0.85264 -0.522499 0 1 5.26217 73
-145.413 83.4794 -34.7925 0.85264 -0.522499 0 1 5.26217 73
-145.413 83.4794 -31.5925 0.85264 -0.522499 0 1 5.26217 73
-145.413 83.4794 -28.3925 0.85264 -0.522499 0 1 5.26217 73
-143.741 86.2078 -50.7925 0.85264 -0.522499 0 1 5.26217 73
-143.741 86.2078 -47.5925 0.85264 -0.522499 0 1 5.26217 73
-143.741 86.2078 -44.3925 0.85264 -0.522499 0 1 5.26217 73
-143.741 86.2078 -41.1925 0.85264 -0.522499 0 1 5.26217 73
-143.741 86.2078 -37.9925 0.85264 -0.522499 0 1 5.26217 73
-143.741 86.2078 -34.7925 0.85264 -0.522499 0 1 5.26217 73
-143.741 86.2078 -31.5925 0.85264 -0.522499 0 1 5.26217 73
-143.741 86.2078 -28.3925 0.85264 -0.522499 0 1 5.26217 73
-142.069 88.9363 -50.7925 0.85264 -0.522499 0 1 5.26217 73
-142.069 88.9363 -47.5925 0.85264 -0.522499 0 1 5.26217 73
-142.069 88.9363 -44.3925 0.85264 -0.522499 0 1 5.26217 73
-142.069 88.9363 -41.1925 0.85264 -0.522499 0 1 5.26217 73
-142.069 88.9363 -37.9925 0.85264 -0.522499 0 1 5.26217 73
-142.069 88.9363 -34.7925 0.85264 -0.522499 0 1 5.26217 73
-142.069 88.9363 -31.5925 0.85264 -0.522499 0 1 5.26217 73
-142.069 88.9363 -28.3925 0.85264 -0.522499 0 1 5.26217 73
-140.397 91.6647 -50.7925 0.85264 -0.522499 0 1 5.26217 73
-140.397 91.6647 -47.5925 0.85264 -0.522499 0 1 5.26217 73
-140.397 91.6647 -44.3925 0.85264 -0.522499 0 1 5.26217 73
-140.397 91.6647 -41.1925 0.85264 -0.522499 0 1 5.26217 73
-140.397 91.6647 -37.9925 0.85264 -0.522499 0 1 5.26217 73
-140.397 91.6647 -34.7925 0.85264 -0.522499 0 1 5.26217 73
-140.397 91.6647 -31.5925 0.85264 -0.522499 0 1 5.26217 73
-140.397 91.6647 -28.3925 0.85264 -0.522499 0 1 5.26217 73
-138.725 94.3932 -50.7925 0.85264 -0.522499 0 1 5.26217 73
-138.725 94.3932 -47.5925 0.85264 -0.522499 0 1 5.26217 73
-138.725 94.3932 -44.3925 0.85264 -0.522499 0 1 5.26217 73
-138.725 94.3932 -41.1925 0.85264 -0.522499 0 1 5.26217 73
-138.725 94.3932 -37.9925 0.85264 -0.522499 0 1 5.26217 73
-138.725 94.3932 -34.7925 0.85264 -0.522499 0 1 5.26217 73
-138.725 94.3932 -31.5925 0.85264 -0.522499 0 1 5.26217 73
-138.725 94.3932 -28.3925 0.85264 -0.522499 0 1 5.26217 73
-137.053 97.1216 -50.7925 0.85264 -0.522499 0 1 5.26217 73
-137.053 97.1216 -47.5925 0.85264 -0.522499 0 1 5.26217 73
-137.053 97.1216 -44.3925 0.85264 -0.522499 0 1 5.26217 73
-137.053 97.1216 -41.1925 0.85264 -0.522499 0 1 5.26217 73
-137.053 97.1216 -37.9925 0.85264 -0.522499 0 1 5.26217 73
-137.053 97.1216 -34.7925 0.85264 -0.522499 0 1 5.26217 73
-137.053 97.1216 -31.5925 0.85264 -0.522499 0 1 5.26217 73
-137.053 97.1216 -28.3925 0.85264 -0.522499 0 1 5.26217 73
148.757 -78.0225 -24.3975 -0.85264 0.522499 0 0 2.12058 74
148.757 -78.0225 -21.1975 -0.85264 0.522499 0 0 2.12058 74
148.757 -78.0225 -17.9975 -0.85264 0.522499 0 0 2.12058 74
148.757 -78.0225 -14.7975 -0.85264 0.522499 0 0 2.12058 74
148.757 -78.0225 -11.5975 -0.85264 0.522499 0 0 2.12058 74
148.757 -78.0225 -8.3975 -0.85264 0.522499 2.36848e-16 0 2.12058 74
148.757 -78.0225 -5.1975 -0.85264 0.522499 0 0 2.12058 74
148.757 -78.0225 -1.9975 -0.85264 0.522499 0 0 2.12058 74
147.085 -80.7509 -24.3975 -0.85264 0.522499 0 0 2.12058 74
147.085 -80.7509 -21.1975 -0.85264 0.522499 0 0 2.12058 74
147.085 -80.7509 -17.9975 -0.85264 0.522499 0 0 2.12058 74
147.085 -80.7509 -14.7975 -0.85264 0.522499 0 0 2.12058 74
147.085 -80.7509 -11.5975 -0.85264 0.522499 0 0 2.12058 74
147.085 -80.7509 -8.3975 -0.85264 0.522499 2.36848e-16 0 2.12058 74
147.085 -80.7509 -5.1975 -0.85264 0.522499 0 0 2.12058 74
147.085 -80.7509 -1.9975 -0.85264 0.522499 0 0 2.12058 74
145.413 -83.4794 -24.3975 -0.85264 0.522499 0 0 2.12058 74
145.413 -83.4794 -21.1975 -0.85264 0.522499 0 0 2.12058 74
145.413 -83.4794 -17.9975 -0.85264 0.522499 0 0 2.12058 74
145.413 -83.4794 -14.7975 -0.85264 0.522499 0 0 2.12058 74
145.413 -83.4794 -11.5975 -0.85264 0.522499 0 0 2.12058 74
145.413 -83.4794 -8.3975 -0.85264 0.522499 2.36848e-16 0 2.12058 74
145.413 -83.4794 -5.1975 -0.85264 0.522499 0 0 2.12058 74
145.413 -83.4794 -1.9975 -0.85264 0.522499 0 0 2.12058 74
143.741 -86.2078 -24.3975 -0.85264 0.522499 0 0 2.12058 74
143.741 -86.2078 -21.1975 -0.85264 0.522499 0 0 2.12058 74
143.741 -86.2078 -17.9975 -0.85264 0.522499 0 0 2.12058 74
143.741 -86.2078 -14.7975 -0.85264 0.522499 0 0 2.12058 74
143.741 -86.2078 -11.5975 -0.85264 0.522499 0 0 2.12058 74
143.741 -86.2078 -8.3975 -0.85264 0.522499 2.36848e-16 0 2.12058 74
143.741 -86.2078 -5.1975 -0.85264 0.522499 0 0 2.12058 74
143.741 -86.2078 -1.9975 -0.85264 0.522499 0 0 2.12058 74
142.069 -88.9363 -24.3975 -0.85264 0.522499 0 0 2.12058 74
142.069 -88.9363 -21.1975 -0.85264 0.522499 0 0 2.12058 74
142.069 -88.9363 -17.9975 -0.85264 0.522499 0 0 2.12058 74
142.069 -88.9363 -14.7975 -0.85264 0.522499 0 0 2.12058 74
142.069 -88.9363 -11.5975 -0.85264 0.522499 0 0 2.12058 74
142.069 -88.9363 -8.3975 -0.85264 0.522499 2.36848e-16 0 2.12058 74
142.069 -88.9363 -5.1975 -0.85264 0.522499 0 0 2.12058 74
142.069 -88.9363 -1.9975 -0.85264 0.522499 0 0 2.12058 74
140.397 -91.6647 -24.3975 -0.85264 0.522499 0 0 2.12058 74
140.397 -91.6647 -21.1975 -0.85264 0.522499 0 0 2.12058 74
140.397 -91.6647 -17.9975 -0.85264 0.522499 0 0 2.12058 74
140.397 -91.6647 -14.7975 -0.85264 0.522499 0 0 2.12058 74
140.397 -91.6647 -11.5975 -0.85264 0.522499 0 0 2.12058 74
140.397 -91.6647 -8.3975 -0.85264 0.522499 2.36848e-16 0 2.12058 74
140.397 -91.6647 -5.1975 -0.85264 0.522499 0 0 2.12058 74
140.397 -91.6647 -1.9975 -0.85264 0.522499 0 0 2.12058 74
138.725 -94.3932 -24.3975 -0.85264 0.522499 0 0 2.12058 74
138.725 -94.3932 -21.1975 -0.85264 0.522499 0 0 2.12058 74
138.725 -94.3932 -17.9975 -0.85264 0.522499 0 0 2.12058 74
138.725 -94.3932 -14.7975 -0.85264 0.522499 0 0 2.12058 74
138.725 -94.3932 -11.5975 -0.85264 0.522499 0 0 2.12058 74
138.725 -94.3932 -8.3975 -0.85264 0.522499 2.36848e-16 0 2.12058 74
138.725 -94.3932 -5.1975 -0.85264 0.522499 0 0 2.12058 74
138.725 -94.3932 -1.9975 -0.85264 0.522499 0 0 2.12058 74
137.053 -97.1216 -24.3975 -0.85264 0.522499 0 0 2.12058 74
137.053 -97.1216 -21.1975 -0.85264 0.522499 0 0 2.12058 74
137.053 -97.1216 -17.9975 -0.85264 0.522499 0 0 2.12058 74
137.053 -97.1216 -14.7975 -0.85264 0.522499 0 0 2.12058 74
137.053 -97.1216 -11.5975 -0.85264 0.522499 0 0 2.12058 74
137.053 -97.1216 -8.3975 -0.85264 0.522499 2.36848e-16 0 2.12058 74
137.053 -97.1216 -5.1975 -0.85264 0.522499 0 0 2.12058 74
137.053 -97.1216 -1.9975 -0.85264 0.522499 0 0 2.12058 74
-148.757 78.0225 -24.3975 0.85264 -0.522499 0 1 5.26217 75
-148.757 78.0225 -21.1975 0.85264 -0.522499 0 1 5.26217 75
-148.757 78.0225 -17.9975 0.85264 -0.522499 0 1 5.26217 75
-148.757 78.0225 -14.7975 0.85264 -0.522499 0 1 5.26217 75
-148.757 78.0225 -11.5975 0.85264 -0.522499 0 1 5.26217 75
-148.757 78.0225 -8.3975 0.85264 -0.522499 2.36848e-16 1 5.26217 75
-148.757 78.0225 -5.1975 0.85264 -0.522499 0 1 5.26217 75
-148.757 78.0225 -1.9975 0.85264 -0.522499 0 1 5.26217 75
-147.085 80.7509 -24.3975 0.85264 -0.522499 0 1 5.26217 75
-147.085 80.7509 -21.1975 0.85264 -0.522499 0 1 5.26217 75
-147.085 80.7509 -17.9975 0.85264 -0.522499 0 1 5.26217 75
-147.085 80.7509 -14.7975 0.85264 -0.522499 0 1 5.26217 75
-147.085 80.7509 -11.5975 0.85264 -0.522499 0 1 5.26217 75
-147.085 80.7509 -8.3975 0.85264 -0.522499 2.36848e-16 1 5.26217 75
-147.085 80.7509 -5.1975 0.85264 -0.522499 0 1 5.26217 75
-147.085 80.7509 -1.9975 0.85264 -0.522499 0 1 5.26217 75
-145.413 83.4794 -24.3975 0.85264 -0.522499 0 1 5.26217 75
-145.413 83.4794 -21.1975 0.85264 -0.522499 0 1 5.26217 75
-145.413 83.4794 -17.9975 0.85264 -0.522499 0 1 5.26217 75
-145.413 83.4794 -14.7975 0.85264 -0.522499 0 1 5.26217 75
-145.413 83.4794 -11.5975 0.85264 -0.522499 0 1 5.26217 75
-145.413 83.4794 -8.3975 0.85264 -0.522499 2.36848e-16 1 5.26217 75
-145.413 83.4794 -5.1975 0.85264 -0.522499 0 1 5.26217 75
-145.413 83.4794 -1.9975 0.85264 -0.522499 0 1 5.26217 75
-143.741 86.2078 -24.3975 0.85264 -0.522499 0 1 5.26217 75
-143.741 86.2078 -21.1975 0.85264 -0.522499 0 1 5.26217 75
-143.741 86.2078 -17.9975 0.85264 -0.522499 0 1 5.26217 75
-143.741 86.2078 -14.7975 0.85264 -0.522499 0 1 5.26217 75
-143.741 86.2078 -11.5975 0.85264 -0.522499 0 1 5.26217 75
-143.741 86.2078 -8.3975 0.85264 -0.522499 2.36848e-16 1 5.26217 75
-143.741 86.2078 -5.1975 0.85264 -0.522499 0 1 5.26217 75
-143.741 86.2078 -1.9975 0.85264 -0.522499 0 1 5.26217 75
-142.069 88.9363 -24.3975 0.85264 -0.522499 0 1 5.26217 75
-142.069 88.9363 -21.1975 0.85264 -0.522499 0 1 5.26217 75
-142.069 88.9363 -17.9975 0.85264 -0.522499 0 1 5.26217 75
-142.069 88.9363 -14.7975 0.85264 -0.522499 0 1 5.26217 75
-142.069 88.9363 -11.5975 0.85264 -0.522499 0 1 5.26217 75
-142.069 88.9363 -8.3975 0.85264 -0.522499 2.36848e-16 1 5.26217 75
-142.069 88.9363 -5.1975 0.85264 -0.522499 0 1 5.26217 75
-142.069 88.9363 -1.9975 0.85264 -0.522499 0 1 5.26217 75
-140.397 91.6647 -24.3975 0.85264 -0.522499 0 1 5.26217 75
-140.397 91.6647 -21.1975 0.85264 -0.522499 0 1 5.26217 75
-140.397 91.6647 -17.9975 0.85264 -0.522499 0 1 5.26217 75
-140.397 91.6647 -14.7975 0.85264 -0.522499 0 1 5.26217 75
-140.397 91.6647 -11.5975 0.85264 -0.522499 0 1 5.26217 75
-140.397 91.6647 -8.3975 0.85264 -0.522499 2.36848e-16 1 5.26217 75
-140.397 91.6647 -5.1975 0.85264 -0.522499 0 1 5.26217 75
-140.397 91.6647 -1.9975 0.85264 -0.522499 0 1 5.26217 75
-138.725 94.3932 -24.3975 0.85264 -0.522499 0 1 5.26217 75
-138.725 94.3932 -21.1975 0.85264 -0.522499 0 1 5.26217 75
-138.725 94.3932 -17.9975 0.85264 -0.522499 0 1 5.26217 75
-138.725 94.3932 -14.7975 0.85264 -0.522499 0 1 5.26217 75
-138.725 94.3932 -11.5975 0.85264 -0.522499 0 1 5.26217 75
-138.725 94.3932 -8.3975 0.85264 -0.522499 2.36848e-16 1 5.26217 75
-138.725 94.3932 -5.1975 0.85264 -0.522499 0 1 5.26217 75
-138.725 94.3932 -1.9975 0.85264 -0.522499 0 1 5.26217 75
-137.053 97.1216 -24.3975 0.85264 -0.522499 0 1 5.26217 75
-137.053 97.1216 -21.1975 0.85264 -0.522499 0 1 5.26217 75
-137.053 97.1216 -17.9975 0.85264 -0.522499 0 1 5.26217 75
-137.053 97.1216 -14.7975 0.85264 -0.522499 0 1 5.26217 75
-137.053 97.1216 -11.5975 0.85264 -0.522499 0 1 5.26217 75
-137.053 97.1216 -8.3975 0.85264 -0.522499 2.36848e-16 1 5.26217 75
-137.053 97.1216 -5.1975 0.85264 -0.522499 0 1 5.26217 75
-137.053 97.1216 -1.9975 0.85264 -0.522499 0 1 5.26217 75
148.757 -78.0225 1.9975 -0.85264 0.522499 0 0 2.12058 76
148.757 -78.0225 5.1975 -0.85264 0.522499 1.18424e-16 0 2.12058 76
148.757 -78.0225 8.3975 -0.85264 0.522499 2.36848e-16 0 2.12058 76
148.757 -78.0225 11.5975 -0.85264 0.522499 0 0 2.12058 76
148.757 -78.0225 14.7975 -0.85264 0.522499 0 0 2.12058 76
148.757 -78.0225 17.9975 -0.85264 0.522499 4.73695e-16 0 2.12058 76
148.757 -78.0225 21.1975 -0.85264 0.522499 0 0 2.12058 76
148.757 -78.0225 24.3975 -0.85264 0.522499 0 0 2.12058 76
147.085 -80.7509 1.9975 -0.85264 0.522499 0 0 2.12058 76
147.085 -80.7509 5.1975 -0.85264 0.522499 1.18424e-16 0 2.12058 76
147.085 -80.7509 8.3975 -0.85264 0.522499 2.36848e-16 0 2.12058 76
147.085 -80.7509 11.5975 -0.85264 0.522499 0 0 2.12058 76
147.085 -80.7509 14.7975 -0.85264 0.522499 0 0 2.12058 76
147.085 -80.7509 17.9975 -0.85264 0.522499 4.73695e-16 0 2.12058 76
147.085 -80.7509 21.1975 -0.85264 0.522499 0 0 2.12058 76
147.085 -80.7509 24.3975 -0.85264 0.522499 0 0 2.12058 76
145.413 -83.4794 1.9975 -0.85264 0.522499 0 0 2.12058 76
145.413 -83.4794 5.1975 -0.85264 0.522499 1.18424e-16 0 2.12058 76
145.413 -83.4794 8.3975 -0.85264 0.522499 2.36848e-16 0 2.12058 76
145.413 -83.4794 11.5975 -0.85264 0.522499 0 0 2.12058 76
145.413 -83.4794 14.7975 -0.85264 0.522499 0 0 2.12058 76
145.413 -83.4794 17.9975 -0.85264 0.522499 4.73695e-16 0 2.12058 76
145.413 -83.4794 21.1975 -0.85264 0.522499 0 0 2.12058 76
145.413 -83.4794 24.3975 -0.85264 0.522499 0 0 2.12058 76
143.741 -86.2078 1.9975 -0.85264 0.522499 0 0 2.12058 76
143.741 -86.2078 5.1975 -0.85264 0.522499 1.18424e-16 0 2.12058 76
143.741 -86.2078 8.3975 -0.85264 0.522499 2.36848e-16 0 2.12058 76
143.741 -86.2078 11.5975 -0.85264 0.522499 0 0 2.12058 76
143.741 -86.2078 14.7975 -0.85264 0.522499 0 0 2.12058 76
143.741 -86.2078 17.9975 -0.85264 0.522499 4.73695e-16 0 2.12058 76
143.741 -86.2078 21.1975 -0.85264 0.522499 0 0 2.12058 76
143.741 -86.2078 24.3975 -0.85264 0.522499 0 0 2.12058 76
142.069 -88.9363 1.9975 -0.85264 0.522499 0 0 2.12058 76
142.069 -88.9363 5.1975 -0.85264 0.522499 1.18424e-16 0 2.12058 76
142.069 -88.9363 8.3975 -0.85264 0.522499 2.36848e-16 0 2.12058 76
142.069 -88.9363 11.5975 -0.85264 0.522499 0 0 2.12058 76
142.069 -88.9363 14.7975 -0.85264 0.522499 0 0 2.12058 76
142.069 -88.9363 17.9975 -0.85264 0.522499 4.73695e-16 0 2.12058 76
142.069 -88.9363 21.1975 -0.85264 0.522499 0 0 2.12058 76
142.069 -88.9363 24.3975 -0.85264 0.522499 0 0 2.12058 76
140.397 -91.6647 1.9975 -0.85264 0.522499 0 0 2.12058 76
140.397 -91.6647 5.1975 -0.85264 0.522499 1.18424e-16 0 2.12058 76
140.397 -91.6647 8.3975 -0.85264 0.522499 2.36848e-16 0 2.12058 76
140.397 -91.6647 11.5975 -0.85264 0.522499 0 0 2.12058 76
140.397 -91.6647 14.7975 -0.85264 0.522499 0 0 2.12058 76
140.397 -91.6647 17.9975 -0.85264 0.522499 4.73695e-16 0 2.12058 76
140.397 -91.6647 21.1975 -0.85264 0.522499 0 0 2.12058 76
140.397 -91.6647 24.3975 -0.85264 0.522499 0 0 2.12058 76
138.725 -94.3932 1.9975 -0.85264 0.522499 0 0 2.12058 76
138.725 -94.3932 5.1975 -0.85264 0.522499 1.18424e-16 0 2.12058 76
138.725 -94.3932 8.3975 -0.85264 0.522499 2.36848e-16 0 2.12058 76
138.725 -94.3932 11.5975 -0.85264 0.522499 0 0 2.12058 76
138.725 -94.3932 14.7975 -0.85264 0.522499 0 0 2.12058 76
138.725 -94.3932 17.9975 -0.85264 0.522499 4.73695e-16 0 2.12058 76
138.725 -94.3932 21.1975 -0.85264 0.522499 0 0 2.12058 76
138.725 -94.3932 24.3975 -0.85264 0.522499 0 0 2.12058 76
137.053 -97.1216 1.9975 -0.85264 0.522499 0 0 2.12058 76
137.053 -97.1216 5.1975 -0.85264 0.522499 1.18424e-16 0 2.12058 76
137.053 -97.1216 8.3975 -0.85264 0.522499 2.36848e-16 0 2.12058 76
137.053 -97.1216 11.5975 -0.85264 0.522499 0 0 2.12058 76
137.053 -97.1216 14.7975 -0.85264 0.522499 0 0 2.12058 76
137.053 -97.1216 17.9975 -0.85264 0.522499 4.73695e-16 0 2.12058 76
137.053 -97.1216 21.1975 -0.85264 0.522499 0 0 2.12058 76
137.053 -97.1216 24.3975 -0.85264 0.522499 0 0 2.12058 76
-148.757 78.0225 1.9975 0.85264 -0.522499 0 1 5.26217 77
-148.757 78.0225 5.1975 0.85264 -0.522499 1.18424e-16 1 5.26217 77
-148.757 78.0225 8.3975 0.85264 -0.522499 2.36848e-16 1 5.26217 77
-148.757 78.0225 11.5975 0.85264 -0.522499 0 1 5.26217 77
-148.757 78.0225 14.7975 0.85264 -0.522499 0 1 5.26217 77
-148.757 78.0225 17.9975 0.85264 -0.522499 4.73695e-16 1 5.26217 77
-148.757 78.0225 21.1975 0.85264 -0.522499 0 1 5.26217 77
-148.757 78.0225 24.3975 0.85264 -0.522499 0 1 5.26217 77
-147.085 80.7509 1.9975 0.85264 -0.522499 0 1 5.26217 77
-147.085 80.7509 5.1975 0.85264 -0.522499 1.18424e-16 1 5.26217 77
-147.085 80.7509 8.3975 0.85264 -0.522499 2.36848e-16 1 5.26217 77
-147.085 80.7509 11.5975 0.85264 -0.522499 0 1 5.26217 77
-147.085 80.7509 14.7975 0.85264 -0.522499 0 1 5.26217 77
-147.085 80.7509 17.9975 0.85264 -0.522499 4.73695e-16 1 5.26217 77
-147.085 80.7509 21.1975 0.85264 -0.522499 0 1 5.26217 77
-147.085 80.7509 24.3975 0.85264 -0.522499 0 1 5.26217 77
-145.413 83.4794 1.9975 0.85264 -0.522499 0 1 5.26217 77
-145.413 83.4794 5.1975 0.85264 -0.522499 1.18424e-16 1 5.26217 77
-145.413 83.4794 8.3975 0.85264 -0.522499 2.36848e-16 1 5.26217 77
-145.413 83.4794 11.5975 0.85264 -0.522499 0 1 5.26217 77
-145.413 83.4794 14.7975 0.85264 -0.522499 0 1 5.26217 77
-145.413 83.4794 17.9975 0.85264 -0.522499 4.73695e-16 1 5.26217 77
-145.413 83.4794 21.1975 0.85264 -0.522499 0 1 5.26217 77
-145.413 83.4794 24.3975 0.85264 -0.522499 0 1 5.26217 77
-143.741 86.2078 1.9975 0.85264 -0.522499 0 1 5.26217 77
-143.741 86.2078 5.1975 0.85264 -0.522499 1.18424e-16 1 5.26217 77
-143.741 86.2078 8.3975 0.85264 -0.522499 2.36848e-16 1 5.26217 77
-143.741 86.2078 11.5975 0.85264 -0.522499 0 1 5.26217 77
-143.741 86.2078 14.7975 0.85264 -0.522499 0 1 5.26217 77
-143.741 86.2078 17.9975 0.85264 -0.522499 4.73695e-16 1 5.26217 77
-143.741 86.2078 21.1975 0.85264 -0.522499 0 1 5.26217 77
-143.741 86.2078 24.3975 0.85264 -0.522499 0 1 5.26217 77
-142.069 88.9363 1.9975 0.85264 -0.522499 0 1 5.26217 77
-142.069 88.9363 5.1975 0.85264 -0.522499 1.18424e-16 1 5.26217 77
-142.069 88.9363 8.3975 0.85264 -0.522499 2.36848e-16 1 5.26217 77
-142.069 88.9363 11.5975 0.85264 -0.522499 0 1 5.26217 77
-142.069 88.9363 14.7975 0.85264 -0.522499 0 1 5.26217 77
-142.069 88.9363 17.9975 0.85264 -0.522499 4.73695e-16 1 5.26217 77
-142.069 88.9363 21.1975 0.85264 -0.522499 0 1 5.26217 77
-142.069 88.9363 24.3975 0.85264 -0.522499 0 1 5.26217 77
-140.397 91.6647 1.9975 0.85264 -0.522499 0 1 5.26217 77
-140.397 91.6647 5.1975 0.85264 -0.522499 1.18424e-16 1 5.26217 77
-140.397 91.6647 8.3975 0.85264 -0.522499 2.36848e-16 1 5.26217 77
-140.397 91.6647 11.5975 0.85264 -0.522499 0 1 5.26217 77
-140.397 91.6647 14.7975 0.85264 -0.522499 0 1 5.26217 77
-140.397 91.6647 17.9975 0.85264 -0.522499 4.73695e-16 1 5.26217 77
-140.397 91.6647 21.1975 0.85264 -0.522499 0 1 5.26217 77
-140.397 91.6647 24.3975 0.85264 -0.522499 0 1 5.26217 77
-138.725 94.3932 1.9975 0.85264 -0.522499 0 1 5.26217 77
-138.725 94.3932 5.1975 0.85264 -0.522499 1.18424e-16 1 5.26217 77
-138.725 94.3932 8.3975 0.85264 -0.522499 2.36848e-16 1 5.26217 77
-138.725 94.3932 11.5975 0.85264 -0.522499 0 1 5.26217 77
-138.725 94.3932 14.7975 0.85264 -0.522499 0 1 5.26217 77
-138.725 94.3932 17.9975 0.85264 -0.522499 4.73695e-16 1 5.26217 77
-138.725 94.3932 21.1975 0.85264 -0.522499 0 1 5.26217 77
-138.725 94.3932 24.3975 0.85264 -0.522499 0 1 5.26217 77
-137.053 97.1216 1.9975 0.85264 -0.522499 0 1 5.26217 77
-137.053 97.1216 5.1975 0.85264 -0.522499 1.18424e-16 1 5.26217 77
-137.053 97.1216 8.3975 0.85264 -0.522499 2.36848e-16 1 5.26217 77
-137.053 97.1216 11.5975 0.85264 -0.522499 0 1 5.26217 77
-137.053 97.1216 14.7975 0.85264 -0.522499 0 1 5.26217 77
-137.053 97.1216 17.9975 0.85264 -0.522499 4.73695e-16 1 5.26217 77
-137.053 97.1216 21.1975 0.85264 -0.522499 0 1 5.26217 77
-137.053 97.1216 24.3975 0.85264 -0.522499 0 1 5.26217 77
148.757 -78.0225 28.3925 -0.85264 0.522499 0 0 2.12058 78
148.757 -78.0225 31.5925 -0.85264 0.522499 0 0 2.12058 78
148.757 -78.0225 34.7925 -0.85264 0.522499 0 0 2.12058 78
148.757 -78.0225 37.9925 -0.85264 0.522499 0 0 2.12058 78
148.757 -78.0225 41.1925 -0.85264 0.522499 0 0 2.12058 78
148.757 -78.0225 44.3925 -0.85264 0.522499 0 0 2.12058 78
148.757 -78.0225 47.5925 -0.85264 0.522499 0 0 2.12058 78
148.757 -78.0225 50.7925 -0.85264 0.522499 0 0 2.12058 78
147.085 -80.7509 28.3925 -0.85264 0.522499 0 0 2.12058 78
147.085 -80.7509 31.5925 -0.85264 0.522499 0 0 2.12058 78
147.085 -80.7509 34.7925 -0.85264 0.522499 0 0 2.12058 78
147.085 -80.7509 37.9925 -0.85264 0.522499 0 0 2.12058 78
147.085 -80.7509 41.1925 -0.85264 0.522499 0 0 2.12058 78
147.085 -80.7509 44.3925 -0.85264 0.522499 0 0 2.12058 78
147.085 -80.7509 47.5925 -0.85264 0.522499 0 0 2.12058 78
147.085 -80.7509 50.7925 -0.85264 0.522499 0 0 2.12058 78
145.413 -83.4794 28.3925 -0.85264 0.522499 0 0 2.12058 78
145.413 -83.4794 31.5925 -0.85264 0.522499 0 0 2.12058 78
145.413 -83.4794 34.7925 -0.85264 0.522499 0 0 2.12058 78
145.413 -83.4794 37.9925 -0.85264 0.522499 0 0 2.12058 78
145.413 -83.4794 41.1925 -0.85264 0.522499 0 0 2.12058 78
145.413 -83.4794 44.3925 -0.85264 0.522499 0 0 2.12058 78
145.413 -83.4794 47.5925 -0.85264 0.522499 0 0 2.12058 78
145.413 -83.4794 50.7925 -0.85264 0.522499 0 0 2.12058 78
143.741 -86.2078 28.3925 -0.85264 0.522499 0 0 2.12058 78
143.741 -86.2078 31.5925 -0.85264 0.522499 0 0 2.12058 78
143.741 -86.2078 34.7925 -0.85264 0.522499 0 0 2.12058 78
143.741 -86.2078 37.9925 -0.85264 0.522499 0 0 2.12058 78
143.741 -86.2078 41.1925 -0.85264 0.522499 0 0 2.12058 78
143.741 -86.2078 44.3925 -0.85264 0.522499 0 0 2.12058 78
143.741 -86.2078 47.5925 -0.85264 0.522499 0 0 2.12058 78
143.741 -86.2078 50.7925 -0.85264 0.522499 0 0 2.12058 78
142.069 -88.9363 28.3925 -0.85264 0.522499 0 0 2.12058 78
142.069 -88.9363 31.5925 -0.85264 0.522499 0 0 2.12058 78
142.069 -88.9363 34.7925 -0.85264 0.522499 0 0 2.12058 78
142.069 -88.9363 37.9925 -0.85264 0.522499 0 0 2.12058 78
142.069 -88.9363 41.1925 -0.85264 0.522499 0 0 2.12058 78
142.069 -88.9363 44.3925 -0.85264 0.522499 0 0 2.12058 78
142.069 -88.9363 47.5925 -0.85264 0.522499 0 0 2.12058 78
142.069 -88.9363 50.7925 -0.85264 0.522499 0 0 2.12058 78
140.397 -91.6647 28.3925 -0.85264 0.522499 0 0 2.12058 78
140.397 -91.6647 31.5925 -0.85264 0.522499 0 0 2.12058 78
140.397 -91.6647 34.7925 -0.85264 0.522499 0 0 2.12058 78
140.397 -91.6647 37.9925 -0.85264 0.522499 0 0 2.12058 78
140.397 -91.6647 41.1925 -0.85264 0.522499 0 0 2.12058 78
140.397 -91.6647 44.3925 -0.85264 0.522499 0 0 2.12058 78
140.397 -91.6647 47.5925 -0.85264 0.522499 0 0 2.12058 78
140.397 -91.6647 50.7925 -0.85264 0.522499 0 0 2.12058 78
138.725 -94.3932 28.3925 -0.85264 0.522499 0 0 2.12058 78
138.725 -94.3932 31.5925 -0.85264 0.522499 0 0 2.12058 78
138.725 -94.3932 34.7925 -0.85264 0.522499 0 0 2.12058 78
138.725 -94.3932 37.9925 -0.85264 0.522499 0 0 2.12058 78
138.725 -94.3932 41.1925 -0.85264 0.522499 0 0 2.12058 78
138.725 -94.3932 44.3925 -0.85264 0.522499 0 0 2.12058 78
138.725 -94.3932 47.5925 -0.85264 0.522499 0 0 2.12058 78
138.725 -94.3932 50.7925 -0.85264 0.522499 0 0 2.12058 78
137.053 -97.1216 28.3925 -0.85264 0.522499 0 0 2.12058 78
137.053 -97.1216 31.5925 -0.85264 0.522499 0 0 2.12058 78
137.053 -97.1216 34.7925 -0.85264 0.522499 0 0 2.12058 78
137.053 -97.1216 37.9925 -0.85264 0.522499 0 0 2.12058 78
137.053 -97.1216 41.1925 -0.85264 0.522499 0 0 2.12058 78
137.053 -97.1216 44.3925 -0.85264 0.522499 0 0 2.12058 78
137.053 -97.1216 47.5925 -0.85264 0.522499 0 0 2.12058 78
137.053 -97.1216 50.7925 -0.85264 0.522499 0 0 2.12058 78
-148.757 78.0225 28.3925 0.85264 -0.522499 0 1 5.26217 79
-148.757 78.0225 31.5925 0.85264 -0.522499 0 1 5.26217 79
-148.757 78.0225 34.7925 0.85264 -0.522499 0 1 5.26217 79
-148.757 78.0225 37.9925 0.85264 -0.522499 0 1 5.26217 79
-148.757 78.0225 41.1925 0.85264 -0.522499 0 1 5.26217 79
-148.757 78.0225 44.3925 0.85264 -0.522499 0 1 5.26217 79
-148.757 78.0225 47.5925 0.85264 -0.522499 0 1 5.26217 79
-148.757 78.0225 50.7925 0.85264 -0.522499 0 1 5.26217 79
-147.085 80.7509 28.3925 0.85264 -0.522499 0 1 5.26217 79
-147.085 80.7509 31.5925 0.85264 -0.522499 0 1 5.26217 79
-147.085 80.7509 34.7925 0.85264 -0.522499 0 1 5.26217 79
-147.085 80.7509 37.9925 0.85264 -0.522499 0 1 5.26217 79
-147.085 80.7509 41.1925 0.85264 -0.522499 0 1 5.26217 79
-147.085 80.7509 44.3925 0.85264 -0.522499 0 1 5.26217 79
-147.085 80.7509 47.5925 0.85264 -0.522499 0 1 5.26217 79
-147.085 80.7509 50.7925 0.85264 -0.522499 0 1 5.26217 79
-145.413 83.4794 28.3925 0.85264 -0.522499 0 1 5.26217 79
-145.413 83.4794 31.5925 0.85264 -0.522499 0 1 5.26217 79
-145.413 83.4794 34.7925 0.85264 -0.522499 0 1 5.26217 79
-145.413 83.4794 37.9925 0.85264 -0.522499 0 1 5.26217 79
-145.413 83.4794 41.1925 0.85264 -0.522499 0 1 5.26217 79
-145.413 83.4794 44.3925 0.85264 -0.522499 0 1 5.26217 79
-145.413 83.4794 47.5925 0.85264 -0.522499 0 1 5.26217 79
-145.413 83.4794 50.7925 0.85264 -0.522499 0 1 5.26217 79
-143.741 86.2078 28.3925 0.85264 -0.522499 0 1 5.26217 79
-143.741 86.2078 31.5925 0.85264 -0.522499 0 1 5.26217 79
-143.741 86.2078 34.7925 0.85264 -0.522499 0 1 5.26217 79
-143.741 86.2078 37.9925 0.85264 -0.522499 0 1 5.26217 79
-143.741 86.2078 41.1925 0.85264 -0.522499 0 1 5.26217 79
-143.741 86.2078 44.3925 0.85264 -0.522499 0 1 5.26217 79
-143.741 86.2078 47.5925 0.85264 -0.522499 0 1 5.26217 79
-143.741 86.2078 50.7925 0.85264 -0.522499 0 1 5.26217 79
-142.069 88.9363 28.3925 0.85264 -0.522499 0 1 5.26217 79
-142.069 88.9363 31.5925 0.85264 -0.522499 0 1 5.26217 79
-142.069 88.9363 34.7925 0.85264 -0.522499 0 1 5.26217 79
-142.069 88.9363 37.9925 0.85264 -0.522499 0 1 5.26217 79
-142.069 88.9363 41.1925 0.85264 -0.522499 0 1 5.26217 79
-142.069 88.9363 44.3925 0.85264 -0.522499 0 1 5.26217 79
-142.069 88.9363 47.5925 0.85264 -0.522499 0 1 5.26217 79
-142.069 88.9363 50.7925 0.85264 -0.522499 0 1 5.26217 79
-140.397 91.6647 28.3925 0.85264 -0.522499 0 1 5.26217 79
-140.397 91.6647 31.5925 0.85264 -0.522499 0 1 5.26217 79
-140.397 91.6647 34.7925 0.85264 -0.522499 0 1 5.26217 79
-140.397 91.6647 37.9925 0.85264 -0.522499 0 1 5.26217 79
-140.397 91.6647 41.1925 0.85264 -0.522499 0 1 5.26217 79
-140.397 91.6647 44.3925 0.85264 -0.522499 0 1 5.26217 79
-140.397 91.6647 47.5925 0.85264 -0.522499 0 1 5.26217 79
-140.397 91.6647 50.7925 0.85264 -0.522499 0 1 5.26217 79
-138.725 94.3932 28.3925 0.85264 -0.522499 0 1 5.26217 79
-138.725 94.3932 31.5925 0.85264 -0.522499 0 1 5.26217 79
-138.725 94.3932 34.7925 0.85264 -0.522499 0 1 5.26217 79
-138.725 94.3932 37.9925 0.85264 -0.522499 0 1 5.26217 79
-138.725 94.3932 41.1925 0.85264 -0.522499 0 1 5.26217 79
-138.725 94.3932 44.3925 0.85264 -0.522499 0 1 5.26217 79
-138.725 94.3932 47.5925 0.85264 -0.522499 0 1 5.26217 79
-138.725 94.3932 50.7925 0.85264 -0.522499 0 1 5.26217 79
-137.053 97.1216 28.3925 0.85264 -0.522499 0 1 5.26217 79
-137.053 97.1216 31.5925 0.85264 -0.522499 0 1 5.26217 79
-137.053 97.1216 34.7925 0.85264 -0.522499 0 1 5.26217 79
-137.053 97.1216 37.9925 0.85264 -0.522499 0 1 5.26217 79
-137.053 97.1216 41.1925 0.85264 -0.522499 0 1 5.26217 79
-137.053 97.1216 44.3925 0.85264 -0.522499 0 1 5.26217 79
-137.053 97.1216 47.5925 0.85264 -0.522499 0 1 5.26217 79
-137.053 97.1216 50.7925 0.85264 -0.522499 0 1 5.26217 79
134.72 -100.333 -50.7925 -0.760406 0.649448 0 0 2.27765 80
134.72 -100.333 -47.5925 -0.760406 0.649448 0 0 2.27765 80
134.72 -100.333 -44.3925 -0.760406 0.649448 0 0 2.27765 80
134.72 -100.333 -41.1925 -0.760406 0.649448 0 0 2.27765 80
134.72 -100.333 -37.9925 -0.760406 0.649448 0 0 2.27765 80
134.72 -100.333 -34.7925 -0.760406 0.649448 0 0 2.27765 80
134.72 -100.333 -31.5925 -0.760406 0.649448 0 0 2.27765 80
134.72 -100.333 -28.3925 -0.760406 0.649448 0 0 2.27765 80
132.642 -102.766 -50.7925 -0.760406 0.649448 0 0 2.27765 80
132.642 -102.766 -47.5925 -0.760406 0.649448 0 0 2.27765 80
132.642 -102.766 -44.3925 -0.760406 0.649448 0 0 2.27765 80
132.642 -102.766 -41.1925 -0.760406 0.649448 0 0 2.27765 80
132.642 -102.766 -37.9925 -0.760406 0.649448 0 0 2.27765 80
132.642 -102.766 -34.7925 -0.760406 0.649448 0 0 2.27765 80
132.642 -102.766 -31.5925 -0.760406 0.649448 0 0 2.27765 80
132.642 -102.766 -28.3925 -0.760406 0.649448 0 0 2.27765 80
130.563 -105.199 -50.7925 -0.760406 0.649448 0 0 2.27765 80
130.563 -105.199 -47.5925 -0.760406 0.649448 0 0 2.27765 80
130.563 -105.199 -44.3925 -0.760406 0.649448 0 0 2.27765 80
130.563 -105.199 -41.1925 -0.760406 0.649448 0 0 2.27765 80
130.563 -105.199 -37.9925 -0.760406 0.649448 0 0 2.27765 80
130.563 -105.199 -34.7925 -0.760406 0.649448 0 0 2.27765 80
130.563 -105.199 -31.5925 -0.760406 0.649448 0 0 2.27765 80
130.563 -105.199 -28.3925 -0.760406 0.649448 0 0 2.27765 80
128.485 -107.632 -50.7925 -0.760406 0.649448 0 0 2.27765 80
128.485 -107.632 -47.5925 -0.760406 0.649448 0 0 2.27765 80
128.485 -107.632 -44.3925 -0.760406 0.649448 0 0 2.27765 80
128.485 -107.632 -41.1925 -0.760406 0.649448 0 0 2.27765 80
128.485 -107.632 -37.9925 -0.760406 0.649448 0 0 2.27765 80
128.485 -107.632 -34.7925 -0.760406 0.649448 0 0 2.27765 80
128.485 -107.632 -31.5925 -0.760406 0.649448 0 0 2.27765 80
128.485 -107.632 -28.3925 -0.760406 0.649448 0 0 2.27765 80
126.407 -110.066 -50.7925 -0.760406 0.649448 0 0 2.27765 80
126.407 -110.066 -47.5925 -0.760406 0.649448 0 0 2.27765 80
126.407 -110.066 -44.3925 -0.760406 0.649448 0 0 2.27765 80
126.407 -110.066 -41.1925 -0.760406 0.649448 0 0 2.27765 80
126.407 -110.066 -37.9925 -0.760406 0.649448 0 0 2.27765 80
126.407 -110.066 -34.7925 -0.760406 0.649448 0 0 2.27765 80
126.407 -110.066 -31.5925 -0.760406 0.649448 0 0 2.27765 80
126.407 -110.066 -28.3925 -0.760406 0.649448 0 0 2.27765 80
124.329 -112.499 -50.7925 -0.760406 0.649448 0 0 2.27765 80
124.329 -112.499 -47.5925 -0.760406 0.649448 0 0 2.27765 80
124.329 -112.499 -44.3925 -0.760406 0.649448 0 0 2.27765 80
124.329 -112.499 -41.1925 -0.760406 0.649448 0 0 2.27765 80
124.329 -112.499 -37.9925 -0.760406 0.649448 0 0 2.27765 80
124.329 -112.499 -34.7925 -0.760406 0.649448 0 0 2.27765 80
124.329 -112.499 -31.5925 -0.760406 0.649448 0 0 2.27765 80
124.329 -112.499 -28.3925 -0.760406 0.649448 0 0 2.27765 80
122.25 -114.932 -50.7925 -0.760406 0.649448 0 0 2.27765 80
122.25 -114.932 -47.5925 -0.760406 0.649448 0 0 2.27765 80
122.25 -114.932 -44.3925 -0.760406 0.649448 0 0 2.27765 80
122.25 -114.932 -41.1925 -0.760406 0.649448 0 0 2.27765 80
122.25 -114.932 -37.9925 -0.760406 0.649448 0 0 2.27765 80
122.25 -114.932 -34.7925 -0.760406 0.649448 0 0 2.27765 80
122.25 -114.932 -31.5925 -0.760406 0.649448 0 0 2.27765 80
122.25 -114.932 -28.3925 -0.760406 0.649448 0 0 2.27765 80
120.172 -117.366 -50.7925 -0.760406 0.649448 0 0 2.27765 80
120.172 -117.366 -47.5925 -0.760406 0.649448 0 0 2.27765 80
120.172 -117.366 -44.3925 -0.760406 0.649448 0 0 2.27765 80
120.172 -117.366 -41.1925 -0.760406 0.649448 0 0 2.27765 80
120.172 -117.366 -37.9925 -0.760406 0.649448 0 0 2.27765 80
120.172 -117.366 -34.7925 -0.760406 0.649448 0 0 2.27765 80
120.172 -117.366 -31.5925 -0.760406 0.649448 0 0 2.27765 80
120.172 -117.366 -28.3925 -0.760406 0.649448 0 0 2.27765 80
-134.72 100.333 -50.7925 0.760406 -0.649448 0 1 5.41925 81
-134.72 100.333 -47.5925 0.760406 -0.649448 0 1 5.41925 81
-134.72 100.333 -44.3925 0.760406 -0.649448 0 1 5.41925 81
-134.72 100.333 -41.1925 0.760406 -0.649448 0 1 5.41925 81
-134.72 100.333 -37.9925 0.760406 -0.649448 0 1 5.41925 81
-134.72 100.333 -34.7925 0.760406 -0.649448 0 1 5.41925 81
-134.72 100.333 -31.5925 0.760406 -0.649448 0 1 5.41925 81
-134.72 100.333 -28.3925 0.760406 -0.649448 0 1 5.41925 81
-132.642 102.766 -50.7925 0.760406 -0.649448 0 1 5.41925 81
-132.642 102.766 -47.5925 0.760406 -0.649448 0 1 5.41925 81
-132.642 102.766 -44.3925 0.760406 -0.649448 0 1 5.41925 81
-132.642 102.766 -41.1925 0.760406 -0.649448 0 1 5.41925 81
-132.642 102.766 -37.9925 0.760406 -0.649448 0 1 5.41925 81
-132.642 102.766 -34.7925 0.760406 -0.649448 0 1 5.41925 81
-132.642 102.766 -31.5925 0.760406 -0.649448 0 1 5.41925 81
-132.642 102.766 -28.3925 0.760406 -0.649448 0 1 5.41925 81
-130.563 105.199 -50.7925 0.760406 -0.649448 0 1 5.41925 81
-130.563 105.199 -47.5925 0.760406 -0.649448 0 1 5.41925 81
-130.563 105.199 -44.3925 0.760406 -0.649448 0 1 5.41925 81
-130.563 105.199 -41.1925 0.760406 -0.649448 0 1 5.41925 81
-130.563 105.199 -37.9925 0.760406 -0.649448 0 1 5.41925 81
-130.563 105.199 -34.7925 0.760406 -0.649448 0 1 5.41925 81
-130.563 105.199 -31.5925 0.760406 -0.649448 0 1 5.41925 81
-130.563 105.199 -28.3925 0.760406 -0.649448 0 1 5.41925 81
-128.485 107.632 -50.7925 0.760406 -0.649448 0 1 5.41925 81
-128.485 107.632 -47.5925 0.760406 -0.649448 0 1 5.41925 81
-128.485 107.632 -44.3925 0.760406 -0.649448 0 1 5.41925 81
-128.485 107.632 -41.1925 0.760406 -0.649448 0 1 5.41925 81
-128.485 107.632 -37.9925 0.760406 -0.649448 0 1 5.41925 81
-128.485 107.632 -34.7925 0.760406 -0.649448 0 1 5.41925 81
-128.485 107.632 -31.5925 0.760406 -0.649448 0 1 5.41925 81
-128.485 107.632 -28.3925 0.760406 -0.649448 0 1 5.41925 81
-126.407 110.066 -50.7925 0.760406 -0.649448 0 1 5.41925 81
-126.407 110.066 -47.5925 0.760406 -0.649448 0 1 5.41925 81
-126.407 110.066 -44.3925 0.760406 -0.649448 0 1 5.41925 81
-126.407 110.066 -41.1925 0.760406 -0.649448 0 1 5.41925 81
-126.407 110.066 -37.9925 0.760406 -0.649448 0 1 5.41925 81
-126.407 110.066 -34.7925 0.760406 -0.649448 0 1 5.41925 81
-126.407 110.066 -31.5925 0.760406 -0.649448 0 1 5.41925 81
-126.407 110.066 -28.3925 0.760406 -0.649448 0 1 5.41925 81
-124.329 112.499 -50.7925 0.760406 -0.649448 0 1 5.41925 81
-124.329 112.499 -47.5925 0.760406 -0.649448 0 1 5.41925 81
-124.329 112.499 -44.3925 0.760406 -0.649448 0 1 5.41925 81
-124.329 112.499 -41.1925 0.760406 -0.649448 0 1 5.41925 81
-124.329 112.499 -37.9925 0.760406 -0.649448 0 1 5.41925 81
-124.329 112.499 -34.7925 0.760406 -0.649448 0 1 5.41925 81
-124.329 112.499 -31.5925 0.760406 -0.649448 0 1 5.41925 81
-124.329 112.499 -28.3925 0.760406 -0.649448 0 1 5.41925 81
-122.25 114.932 -50.7925 0.760406 -0.649448 0 1 5.41925 81
-122.25 114.932 -47.5925 0.760406 -0.649448 0 1 5.41925 81
-122.25 114.932 -44.3925 0.760406 -0.649448 0 1 5.41925 81
-122.25 114.932 -41.1925 0.760406 -0.649448 0 1 5.41925 81
-122.25 114.932 -37.9925 0.760406 -0.649448 0 1 5.41925 81
-122.25 114.932 -34.7925 0.760406 -0.649448 0 1 5.41925 81
-122.25 114.932 -31.5925 0.760406 -0.649448 0 1 5.41925 81
-122.25 114.932 -28.3925 0.760406 -0.649448 0 1 5.41925 81
-120.172 117.366 -50.7925 0.760406 -0.649448 0 1 5.41925 81
-120.172 117.366 -47.5925 0.760406 -0.649448 0 1 5.41925 81
-120.172 117.366 -44.3925 0.760406 -0.649448 0 1 5.41925 81
-120.172 117.366 -41.1925 0.760406 -0.649448 0 1 5.41925 81
-120.172 117.366 -37.9925 0.760406 -0.649448 0 1 5.41925 81
-120.172 117.366 -34.7925 0.760406 -0.649448 0 1 5.41925 81
-120.172 117.366 -31.5925 0.760406 -0.649448 0 1 5.41925 81
-120.172 117.366 -28.3925 0.760406 -0.649448 0 1 5.41925 81
134.72 -100.333 -24.3975 -0.760406 0.649448 0 0 2.27765 82
134.72 -100.333 -21.1975 -0.760406 0.649448 0 0 2.27765 82
134.72 -100.333 -17.9975 -0.760406 0.649448 0 0 2.27765 82
134.72 -100.333 -14.7975 -0.760406 0.649448 0 0 2.27765 82
134.72 -100.333 -11.5975 -0.760406 0.649448 0 0 2.27765 82
134.72 -100.333 -8.3975 -0.760406 0.649448 2.36848e-16 0 2.27765 82
134.72 -100.333 -5.1975 -0.760406 0.649448 0 0 2.27765 82
134.72 -100.333 -1.9975 -0.760406 0.649448 0 0 2.27765 82
132.642 -102.766 -24.3975 -0.760406 0.649448 0 0 2.27765 82
132.642 -102.766 -21.1975 -0.760406 0.649448 0 0 2.27765 82
132.642 -102.766 -17.9975 -0.760406 0.649448 0 0 2.27765 82
132.642 -102.766 -14.7975 -0.760406 0.649448 0 0 2.27765 82
132.642 -102.766 -11.5975 -0.760406 0.649448 0 0 2.27765 82
132.642 -102.766 -8.3975 -0.760406 0.649448 2.36848e-16 0 2.27765 82
132.642 -102.766 -5.1975 -0.760406 0.649448 0 0 2.27765 82
132.642 -102.766 -1.9975 -0.760406 0.649448 0 0 2.27765 82
130.563 -105.199 -24.3975 -0.760406 0.649448 0 0 2.27765 82
130.563 -105.199 -21.1975 -0.760406 0.649448 0 0 2.27765 82
130.563 -105.199 -17.9975 -0.760406 0.649448 0 0 2.27765 82
130.563 -105.199 -14.7975 -0.760406 0.649448 0 0 2.27765 82
130.563 -105.199 -11.5975 -0.760406 0.649448 0 0 2.27765 82
130.563 -105.199 -8.3975 -0.760406 0.649448 2.36848e-16 0 2.27765 82
130.563 -105.199 -5.1975 -0.760406 0.649448 0 0 2.27765 82
130.563 -105.199 -1.9975 -0.760406 0.649448 0 0 2.27765 82
128.485 -107.632 -24.3975 -0.760406 0.649448 0 0 2.27765 82
128.485 -107.632 -21.1975 -0.760406 0.649448 0 0 2.27765 82
128.485 -107.632 -17.9975 -0.760406 0.649448 0 0 2.27765 82
128.485 -107.632 -14.7975 -0.760406 0.649448 0 0 2.27765 82
128.485 -107.632 -11.5975 -0.760406 0.649448 0 0 2.27765 82
128.485 -107.632 -8.3975 -0.760406 0.649448 2.36848e-16 0 2.27765 82
128.485 -107.632 -5.1975 -0.760406 0.649448 0 0 2.27765 82
128.485 -107.632 -1.9975 -0.760406 0.649448 0 0 2.27765 82
126.407 -110.066 -24.3975 -0.760406 0.649448 0 0 2.27765 82
126.407 -110.066 -21.1975 -0.760406 0.649448 0 0 2.27765 82
126.407 -110.066 -17.9975 -0.760406 0.649448 0 0 2.27765 82
126.407 -110.066 -14.7975 -0.760406 0.649448 0 0 2.27765 82
126.407 -110.066 -11.5975 -0.760406 0.649448 0 0 2.27765 82
126.407 -110.066 -8.3975 -0.760406 0.649448 2.36848e-16 0 2.27765 82
126.407 -110.066 -5.1975 -0.760406 0.649448 0 0 2.27765 82
126.407 -110.066 -1.9975 -0.760406 0.649448 0 0 2.27765 82
124.329 -112.499 -24.3975 -0.760406 0.649448 0 0 2.27765 82
124.329 -112.499 -21.1975 -0.760406 0.649448 0 0 2.27765 82
124.329 -112.499 -17.9975 -0.760406 0.649448 0 0 2.27765 82
124.329 -112.499 -14.7975 -0.760406 0.649448 0 0 2.27765 82
124.329 -112.499 -11.5975 -0.760406 0.649448 0 0 2.27765 82
124.329 -112.499 -8.3975 -0.760406 0.649448 2.36848e-16 0 2.27765 82
124.329 -112.499 -5.1975 -0.760406 0.649448 0 0 2.27765 82
124.329 -112.499 -1.9975 -0.760406 0.649448 0 0 2.27765 82
122.25 -114.932 -24.3975 -0.760406 0.649448 0 0 2.27765 82
122.25 -114.932 -21.1975 -0.760406 0.649448 0 0 2.27765 82
122.25 -114.932 -17.9975 -0.760406 0.649448 0 0 2.27765 82
122.25 -114.932 -14.7975 -0.760406 0.649448 0 0 2.27765 82
122.25 -114.932 -11.5975 -0.760406 0.649448 0 0 2.27765 82
122.25 -114.932 -8.3975 -0.760406 0.649448 2.36848e-16 0 2.27765 82
122.25 -114.932 -5.1975 -0.760406 0.649448 0 0 2.27765 82
122.25 -114.932 -1.9975 -0.760406 0.649448 0 0 2.27765 82
120.172 -117.366 -24.3975 -0.760406 0.649448 0 0 2.27765 82
120.172 -117.366 -21.1975 -0.760406 0.649448 0 0 2.27765 82
120.172 -117.366 -17.9975 -0.760406 0.649448 0 0 2.27765 82
120.172 -117.366 -14.7975 -0.760406 0.649448 0 0 2.27765 82
120.172 -117.366 -11.5975 -0.760406 0.649448 0 0 2.27765 82
120.172 -117.366 -8.3975 -0.760406 0.649448 2.36848e-16 0 2.27765 82
120.172 -117.366 -5.1975 -0.760406 0.649448 0 0 2.27765 82
120.172 -117.366 -1.9975 -0.760406 0.649448 0 0 2.27765 82
-134.72 100.333 -24.3975 0.760406 -0.649448 0 1 5.41925 83
-134.72 100.333 -21.1975 0.760406 -0.649448 0 1 5.41925 83
-134.72 100.333 -17.9975 0.760406 -0.649448 0 1 5.41925 83
-134.72 100.333 -14.7975 0.760406 -0.649448 0 1 5.41925 83
-134.72 100.333 -11.5975 0.760406 -0.649448 0 1 5.41925 83
-134.72 100.333 -8.3975 0.760406 -0.649448 2.36848e-16 1 5.41925 83
-134.72 100.333 -5.1975 0.760406 -0.649448 0 1 5.41925 83
-134.72 100.333 -1.9975 0.760406 -0.649448 0 1 5.41925 83
-132.642 102.766 -24.3975 0.760406 -0.649448 0 1 5.41925 83
-132.642 102.766 -21.1975 0.760406 -0.649448 0 1 5.41925 83
-132.642 102.766 -17.9975 0.760406 -0.649448 0 1 5.41925 83
-132.642 102.766 -14.7975 0.760406 -0.649448 0 1 5.41925 83
-132.642 102.766 -11.5975 0.760406 -0.649448 0 1 5.41925 83
-132.642 102.766 -8.3975 0.760406 -0.649448 2.36848e-16 1 5.41925 83
-132.642 102.766 -5.1975 0.760406 -0.649448 0 1 5.41925 83
-132.642 102.766 -1.9975 0.760406 -0.649448 0 1 5.41925 83
-130.563 105.199 -24.3975 0.760406 -0.649448 0 1 5.41925 83
-130.563 105.199 -21.1975 0.760406 -0.649448 0 1 5.41925 83
-130.563 105.199 -17.9975 0.760406 -0.649448 0 1 5.41925 83
-130.563 105.199 -14.7975 0.760406 -0.649448 0 1 5.41925 83
-130.563 105.199 -11.5975 0.760406 -0.649448 0 1 5.41925 83
-130.563 105.199 -8.3975 0.760406 -0.649448 2.36848e-16 1 5.41925 83
-130.563 105.199 -5.1975 0.760406 -0.649448 0 1 5.41925 83
-130.563 105.199 -1.9975 0.760406 -0.649448 0 1 5.41925 83
-128.485 107.632 -24.3975 0.760406 -0.649448 0 1 5.41925 83
-128.485 107.632 -21.1975 0.760406 -0.649448 0 1 5.41925 83
-128.485 107.632 -17.9975 0.760406 -0.649448 0 1 5.41925 83
-128.485 107.632 -14.7975 0.760406 -0.649448 0 1 5.41925 83
-128.485 107.632 -11.5975 0.760406 -0.649448 0 1 5.41925 83
-128.485 107.632 -8.3975 0.760406 -0.649448 2.36848e-16 1 5.41925 83
-128.485 107.632 -5.1975 0.760406 -0.649448 0 1 5.41925 83
-128.485 107.632 -1.9975 0.760406 -0.649448 0 1 5.41925 83
-126.407 110.066 -24.3975 0.760406 -0.649448 0 1 5.41925 83
-126.407 110.066 -21.1975 0.760406 -0.649448 0 1 5.41925 83
-126.407 110.066 -17.9975 0.760406 -0.649448 0 1 5.41925 83
-126.407 110.066 -14.7975 0.760406 -0.649448 0 1 5.41925 83
-126.407 110.066 -11.5975 0.760406 -0.649448 0 1 5.41925 83
-126.407 110.066 -8.3975 0.760406 -0.649448 2.36848e-16 1 5.41925 83
-126.407 110.066 -5.1975 0.760406 -0.649448 0 1 5.41925 83
-126.407 110.066 -1.9975 0.760406 -0.649448 0 1 5.41925 83
-124.329 112.499 -24.3975 0.760406 -0.649448 0 1 5.41925 83
-124.329 112.499 -21.1975 0.760406 -0.649448 0 1 5.41925 83
-124.329 112.499 -17.9975 0.760406 -0.649448 0 1 5.41925 83
-124.329 112.499 -14.7975 0.760406 -0.649448 0 1 5.41925 83
-124.329 112.499 -11.5975 0.760406 -0.649448 0 1 5.41925 83
-124.329 112.499 -8.3975 0.760406 -0.649448 2.36848e-16 1 5.41925 83
-124.329 112.499 -5.1975 0.760406 -0.649448 0 1 5.41925 83
-124.329 112.499 -1.9975 0.760406 -0.649448 0 1 5.41925 83
-122.25 114.932 -24.3975 0.760406 -0.649448 0 1 5.41925 83
-122.25 114.932 -21.1975 0.760406 -0.649448 0 1 5.41925 83
-122.25 114.932 -17.9975 0.760406 -0.649448 0 1 5.41925 83
-122.25 114.932 -14.7975 0.760406 -0.649448 0 1 5.41925 83
-122.25 114.932 -11.5975 0.760406 -0.649448 0 1 5.41925 83
-122.25 114.932 -8.3975 0.760406 -0.649448 2.36848e-16 1 5.41925 83
-122.25 114.932 -5.1975 0.760406 -0.649448 0 1 5.41925 83
-122.25 114.932 -1.9975 0.760406 -0.649448 0 1 5.41925 83
-120.172 117.366 -24.3975 0.760406 -0.649448 0 1 5.41925 83
-120.172 117.366 -21.1975 0.760406 -0.649448 0 1 5.41925 83
-120.172 117.366 -17.9975 0.760406 -0.649448 0 1 5.41925 83
-120.172 117.366 -14.7975 0.760406 -0.649448 0 1 5.41925 83
-120.172 117.366 -11.5975 0.760406 -0.649448 0 1 5.41925 83
-120.172 117.366 -8.3975 0.760406 -0.649448 2.36848e-16 1 5.41925 83
-120.172 117.366 -5.1975 0.760406 -0.649448 0 1 5.41925 83
-120.172 117.366 -1.9975 0.760406 -0.649448 0 1 5.41925 83
134.72 -100.333 1.9975 -0.760406 0.649448 0 0 2.27765 84
134.72 -100.333 5.1975 -0.760406 0.649448 1.18424e-16 0 2.27765 84
134.72 -100.333 8.3975 -0.760406 0.649448 2.36848e-16 0 2.27765 84
134.72 -100.333 11.5975 -0.760406 0.649448 0 0 2.27765 84
134.72 -100.333 14.7975 -0.760406 0.649448 0 0 2.27765 84
134.72 -100.333 17.9975 -0.760406 0.649448 4.73695e-16 0 2.27765 84
134.72 -100.333 21.1975 -0.760406 0.649448 0 0 2.27765 84
134.72 -100.333 24.3975 -0.760406 0.649448 0 0 2.27765 84
132.642 -102.766 1.9975 -0.760406 0.649448 0 0 2.27765 84
132.642 -102.766 5.1975 -0.760406 0.649448 1.18424e-16 0 2.27765 84
132.642 -102.766 8.3975 -0.760406 0.649448 2.36848e-16 0 2.27765 84
132.642 -102.766 11.5975 -0.760406 0.649448 0 0 2.27765 84
132.642 -102.766 14.7975 -0.760406 0.649448 0 0 2.27765 84
132.642 -102.766 17.9975 -0.760406 0.649448 4.73695e-16 0 2.27765 84
132.642 -102.766 21.1975 -0.760406 0.649448 0 0 2.27765 84
132.642 -102.766 24.3975 -0.760406 0.649448 0 0 2.27765 84
130.563 -105.199 1.9975 -0.760406 0.649448 0 0 2.27765 84
130.563 -105.199 5.1975 -0.760406 0.649448 1.18424e-16 0 2.27765 84
130.563 -105.199 8.3975 -0.760406 0.649448 2.36848e-16 0 2.27765 84
130.563 -105.199 11.5975 -0.760406 0.649448 0 0 2.27765 84
130.563 -105.199 14.7975 -0.760406 0.649448 0 0 2.27765 84
130.563 -105.199 17.9975 -0.760406 0.649448 4.73695e-16 0 2.27765 84
130.563 -105.199 21.1975 -0.760406 0.649448 0 0 2.27765 84
130.563 -105.199 24.3975 -0.760406 0.649448 0 0 2.27765 84
128.485 -107.632 1.9975 -0.760406 0.649448 0 0 2.27765 84
128.485 -107.632 5.1975 -0.760406 0.649448 1.18424e-16 0 2.27765 84
128.485 -107.632 8.3975 -0.760406 0.649448 2.36848e-16 0 2.27765 84
128.485 -107.632 11.5975 -0.760406 0.649448 0 0 2.27765 84
128.485 -107.632 14.7975 -0.760406 0.649448 0 0 2.27765 84
128.485 -107.632 17.9975 -0.760406 0.649448 4.73695e-16 0 2.27765 84
128.485 -107.632 21.1975 -0.760406 0.649448 0 0 2.27765 84
128.485 -107.632 24.3975 -0.760406 0.649448 0 0 2.27765 84
126.407 -110.066 1.9975 -0.760406 0.649448 0 0 2.27765 84
126.407 -110.066 5.1975 -0.760406 0.649448 1.18424e-16 0 2.27765 84
126.407 -110.066 8.3975 -0.760406 0.649448 2.36848e-16 0 2.27765 84
126.407 -110.066 11.5975 -0.760406 0.649448 0 0 2.27765 84
126.407 -110.066 14.7975 -0.760406 0.649448 0 0 2.27765 84
126.407 -110.066 17.9975 -0.760406 0.649448 4.73695e-16 0 2.27765 84
126.407 -110.066 21.1975 -0.760406 0.649448 0 0 2.27765 84
126.407 -110.066 24.3975 -0.760406 0.649448 0 0 2.27765 84
124.329 -112.499 1.9975 -0.760406 0.649448 0 0 2.27765 84
124.329 -112.499 5.1975 -0.760406 0.649448 1.18424e-16 0 2.27765 84
124.329 -112.499 8.3975 -0.760406 0.649448 2.36848e-16 0 2.27765 84
124.329 -112.499 11.5975 -0.760406 0.649448 0 0 2.27765 84
124.329 -112.499 14.7975 -0.760406 0.649448 0 0 2.27765 84
124.329 -112.499 17.9975 -0.760406 0.649448 4.73695e-16 0 2.27765 84
124.329 -112.499 21.1975 -0.760406 0.649448 0 0 2.27765 84
124.329 -112.499 24.3975 -0.760406 0.649448 0 0 2.27765 84
122.25 -114.932 1.9975 -0.760406 0.649448 0 0 2.27765 84
122.25 -114.932 5.1975 -0.760406 0.649448 1.18424e-16 0 2.27765 84
122.25 -114.932 8.3975 -0.760406 0.649448 2.36848e-16 0 2.27765 84
122.25 -114.932 11.5975 -0.760406 0.649448 0 0 2.27765 84
122.25 -114.932 14.7975 -0.760406 0.649448 0 0 2.27765 84
122.25 -114.932 17.9975 -0.760406 0.649448 4.73695e-16 0 2.27765 84
122.25 -114.932 21.1975 -0.760406 0.649448 0 0 2.27765 84
122.25 -114.932 24.3975 -0.760406 0.649448 0 0 2.27765 84
120.172 -117.366 1.9975 -0.760406 0.649448 0 0 2.27765 84
120.172 -117.366 5.1975 -0.760406 0.649448 1.18424e-16 0 2.27765 84
120.172 -117.366 8.3975 -0.760406 0.649448 2.36848e-16 0 2.27765 84
120.172 -117.366 11.5975 -0.760406 0.649448 0 0 2.27765 84
120.172 -117.366 14.7975 -0.760406 0.649448 0 0 2.27765 84
120.172 -117.366 17.9975 -0.760406 0.649448 4.73695e-16 0 2.27765 84
120.172 -117.366 21.1975 -0.760406 0.649448 0 0 2.27765 84
120.172 -117.366 24.3975 -0.760406 0.649448 0 0 2.27765 84
-134.72 100.333 1.9975 0.760406 -0.649448 0 1 5.41925 85
-134.72 100.333 5.1975 0.760406 -0.649448 1.18424e-16 1 5.41925 85
-134.72 100.333 8.3975 0.760406 -0.649448 2.36848e-16 1 5.41925 85
-134.72 100.333 11.5975 0.760406 -0.649448 0 1 5.41925 85
-134.72 100.333 14.7975 0.760406 -0.649448 0 1 5.41925 85
-134.72 100.333 17.9975 0.760406 -0.649448 4.73695e-16 1 5.41925 85
-134.72 100.333 21.1975 0.760406 -0.649448 0 1 5.41925 85
-134.72 100.333 24.3975 0.760406 -0.649448 0 1 5.41925 85
-132.642 102.766 1.9975 0.760406 -0.649448 0 1 5.41925 85
-132.642 102.766 5.1975 0.760406 -0.649448 1.18424e-16 1 5.41925 85
-132.642 102.766 8.3975 0.760406 -0.649448 2.36848e-16 1 5.41925 85
-132.642 102.766 11.5975 0.760406 -0.649448 0 1 5.41925 85
-132.642 102.766 14.7975 0.760406 -0.649448 0 1 5.41925 85
-132.642 102.766 17.9975 0.760406 -0.649448 4.73695e-16 1 5.41925 85
-132.642 102.766 21.1975 0.760406 -0.649448 0 1 5.41925 85
-132.642 102.766 24.3975 0.760406 -0.649448 0 1 5.41925 85
-130.563 105.199 1.9975 0.760406 -0.649448 0 1 5.41925 85
-130.563 105.199 5.1975 0.760406 -0.649448 1.18424e-16 1 5.41925 85
-130.563 105.199 8.3975 0.760406 -0.649448 2.36848e-16 1 5.41925 85
-130.563 105.199 11.5975 0.760406 -0.649448 0 1 5.41925 85
-130.563 105.199 14.7975 0.760406 -0.649448 0 1 5.41925 85
-130.563 105.199 17.9975 0.760406 -0.649448 4.73695e-16 1 5.41925 85
-130.563 105.199 21.1975 0.760406 -0.649448 0 1 5.41925 85
-130.563 105.199 24.3975 0.760406 -0.649448 0 1 5.41925 85
-128.485 107.632 1.9975 0.760406 -0.649448 0 1 5.41925 85
-128.485 107.632 5.1975 0.760406 -0.649448 1.18424e-16 1 5.41925 85
-128.485 107.632 8.3975 0.760406 -0.649448 2.36848e-16 1 5.41925 85
-128.485 107.632 11.5975 0.760406 -0.649448 0 1 5.41925 85
-128.485 107.632 14.7975 0.760406 -0.649448 0 1 5.41925 85
-128.485 107.632 17.9975 0.760406 -0.649448 4.73695e-16 1 5.41925 85
-128.485 107.632 21.1975 0.760406 -0.649448 0 1 5.41925 85
-128.485 107.632 24.3975 0.760406 -0.649448 0 1 5.41925 85
-126.407 110.066 1.9975 0.760406 -0.649448 0 1 5.41925 85
-126.407 110.066 5.1975 0.760406 -0.649448 1.18424e-16 1 5.41925 85
-126.407 110.066 8.3975 0.760406 -0.649448 2.36848e-16 1 5.41925 85
-126.407 110.066 11.5975 0.760406 -0.649448 0 1 5.41925 85
-126.407 110.066 14.7975 0.760406 -0.649448 0 1 5.41925 85
-126.407 110.066 17.9975 0.760406 -0.649448 4.73695e-16 1 5.41925 85
-126.407 110.066 21.1975 0.760406 -0.649448 0 1 5.41925 85
-126.407 110.066 24.3975 0.760406 -0.649448 0 1 5.41925 85
-124.329 112.499 1.9975 0.760406 -0.649448 0 1 5.41925 85
-124.329 112.499 5.1975 0.760406 -0.649448 1.18424e-16 1 5.41925 85
-124.329 112.499 8.3975 0.760406 -0.649448 2.36848e-16 1 5.41925 85
-124.329 112.499 11.5975 0.760406 -0.649448 0 1 5.41925 85
-124.329 112.499 14.7975 0.760406 -0.649448 0 1 5.41925 85
-124.329 112.499 17.9975 0.760406 -0.649448 4.73695e-16 1 5.41925 85
-124.329 112.499 21.1975 0.760406 -0.649448 0 1 5.41925 85
-124.329 112.499 24.3975 0.760406 -0.649448 0 1 5.41925 85
-122.25 114.932 1.9975 0.760406 -0.649448 0 1 5.41925 85
-122.25 114.932 5.1975 0.760406 -0.649448 1.18424e-16 1 5.41925 85
-122.25 114.932 8.3975 0.760406 -0.649448 2.36848e-16 1 5.41925 85
-122.25 114.932 11.5975 0.760406 -0.649448 0 1 5.41925 85
-122.25 114.932 14.7975 0.760406 -0.649448 0 1 5.41925 85
-122.25 114.932 17.9975 0.760406 -0.649448 4.73695e-16 1 5.41925 85
-122.25 114.932 21.1975 0.760406 -0.649448 0 1 5.41925 85
-122.25 114.932 24.3975 0.760406 -0.649448 0 1 5.41925 85
-120.172 117.366 1.9975 0.760406 -0.649448 0 1 5.41925 85
-120.172 117.366 5.1975 0.760406 -0.649448 1.18424e-16 1 5.41925 85
-120.172 117.366 8.3975 0.760406 -0.649448 2.36848e-16 1 5.41925 85
-120.172 117.366 11.5975 0.760406 -0.649448 0 1 5.41925 85
-120.172 117.366 14.7975 0.760406 -0.649448 0 1 5.41925 85
-120.172 117.366 17.9975 0.760406 -0.649448 4.73695e-16 1 5.41925 85
-120.172 117.366 21.1975 0.760406 -0.649448 0 1 5.41925 85
-120.172 117.366 24.3975 0.760406 -0.649448 0 1 5.41925 85
134.72 -100.333 28.3925 -0.760406 0.649448 0 0 2.27765 86
134.72 -100.333 31.5925 -0.760406 0.649448 0 0 2.27765 86
134.72 -100.333 34.7925 -0.760406 0.649448 0 0 2.27765 86
134.72 -100.333 37.9925 -0.760406 0.649448 0 0 2.27765 86
134.72 -100.333 41.1925 -0.760406 0.649448 0 0 2.27765 86
134.72 -100.333 44.3925 -0.760406 0.649448 0 0 2.27765 86
134.72 -100.333 47.5925 -0.760406 0.649448 0 0 2.27765 86
134.72 -100.333 50.7925 -0.760406 0.649448 0 0 2.27765 86
132.642 -102.766 28.3925 -0.760406 0.649448 0 0 2.27765 86
132.642 -102.766 31.5925 -0.760406 0.649448 0 0 2.27765 86
132.642 -102.766 34.7925 -0.760406 0.649448 0 0 2.27765 86
132.642 -102.766 37.9925 -0.760406 0.649448 0 0 2.27765 86
132.642 -102.766 41.1925 -0.760406 0.649448 0 0 2.27765 86
132.642 -102.766 44.3925 -0.760406 0.649448 0 0 2.27765 86
132.642 -102.766 47.5925 -0.760406 0.649448 0 0 2.27765 86
132.642 -102.766 50.7925 -0.760406 0.649448 0 0 2.27765 86
130.563 -105.199 28.3925 -0.760406 0.649448 0 0 2.27765 86
130.563 -105.199 31.5925 -0.760406 0.649448 0 0 2.27765 86
130.563 -105.199 34.7925 -0.760406 0.649448 0 0 2.27765 86
130.563 -105.199 37.9925 -0.760406 0.649448 0 0 2.27765 86
130.563 -105.199 41.1925 -0.760406 0.649448 0 0 2.27765 86
130.563 -105.199 44.3925 -0.760406 0.649448 0 0 2.27765 86
130.563 -105.199 47.5925 -0.760406 0.649448 0 0 2.27765 86
130.563 -105.199 50.7925 -0.760406 0.649448 0 0 2.27765 86
128.485 -107.632 28.3925 -0.760406 0.649448 0 0 2.27765 86
128.485 -107.632 31.5925 -0.760406 0.649448 0 0 2.27765 86
128.485 -107.632 34.7925 -0.760406 0.649448 0 0 2.27765 86
128.485 -107.632 37.9925 -0.760406 0.649448 0 0 2.27765 86
128.485 -107.632 41.1925 -0.760406 0.649448 0 0 2.27765 86
128.485 -107.632 44.3925 -0.760406 0.649448 0 0 2.27765 86
128.485 -107.632 47.5925 -0.760406 0.649448 0 0 2.27765 86
128.485 -107.632 50.7925 -0.760406 0.649448 0 0 2.27765 86
126.407 -110.066 28.3925 -0.760406 0.649448 0 0 2.27765 86
126.407 -110.066 31.5925 -0.760406 0.649448 0 0 2.27765 86
126.407 -110.066 34.7925 -0.760406 0.649448 0 0 2.27765 86
126.407 -110.066 37.9925 -0.760406 0.649448 0 0 2.27765 86
126.407 -110.066 41.1925 -0.760406 0.649448 0 0 2.27765 86
126.407 -110.066 44.3925 -0.760406 0.649448 0 0 2.27765 86
126.407 -110.066 47.5925 -0.760406 0.649448 0 0 2.27765 86
126.407 -110.066 50.7925 -0.760406 0.649448 0 0 2.27765 86
124.329 -112.499 28.3925 -0.760406 0.649448 0 0 2.27765 86
124.329 -112.499 31.5925 -0.760406 0.649448 0 0 2.27765 86
124.329 -112.499 34.7925 -0.760406 0.649448 0 0 2.27765 86
124.329 -112.499 37.9925 -0.760406 0.649448 0 0 2.27765 86
124.329 -112.499 41.1925 -0.760406 0.649448 0 0 2.27765 86
124.329 -112.499 44.3925 -0.760406 0.649448 0 0 2.27765 86
124.329 -112.499 47.5925 -0.760406 0.649448 0 0 2.27765 86
124.329 -112.499 50.7925 -0.760406 0.649448 0 0 2.27765 86
122.25 -114.932 28.3925 -0.760406 0.649448 0 0 2.27765 86
122.25 -114.932 31.5925 -0.760406 0.649448 0 0 2.27765 86
122.25 -114.932 34.7925 -0.760406 0.649448 0 0 2.27765 86
122.25 -114.932 37.9925 -0.760406 0.649448 0 0 2.27765 86
122.25 -114.932 41.1925 -0.760406 0.649448 0 0 2.27765 86
122.25 -114.932 44.3925 -0.760406 0.649448 0 0 2.27765 86
122.25 -114.932 47.5925 -0.760406 0.649448 0 0 2.27765 86
122.25 -114.932 50.7925 -0.760406 0.649448 0 0 2.27765 86
120.172 -117.366 28.3925 -0.760406 0.649448 0 0 2.27765 86
120.172 -117.366 31.5925 -0.760406 0.649448 0 0 2.27765 86
120.172 -117.366 34.7925 -0.760406 0.649448 0 0 2.27765 86
120.172 -117.366 37.9925 -0.760406 0.649448 0 0 2.27765 86
120.172 -117.366 41.1925 -0.760406 0.649448 0 0 2.27765 86
120.172 -117.366 44.3925 -0.760406 0.649448 0 0 2.27765 86
120.172 -117.366 47.5925 -0.760406 0.649448 0 0 2.27765 86
120.172 -117.366 50.7925 -0.760406 0.649448 0 0 2.27765 86
-134.72 100.333 28.3925 0.760406 -0.649448 0 1 5.41925 87
-134.72 100.333 31.5925 0.760406 -0.649448 0 1 5.41925 87
-134.72 100.333 34.7925 0.760406 -0.649448 0 1 5.41925 87
-134.72 100.333 37.9925 0.760406 -0.649448 0 1 5.41925 87
-134.72 100.333 41.1925 0.760406 -0.649448 0 1 5.41925 87
-134.72 100.333 44.3925 0.760406 -0.649448 0 1 5.41925 87
-134.72 100.333 47.5925 0.760406 -0.649448 0 1 5.41925 87
-134.72 100.333 50.7925 0.760406 -0.649448 0 1 5.41925 87
-132.642 102.766 28.3925 0.760406 -0.649448 0 1 5.41925 87
-132.642 102.766 31.5925 0.760406 -0.649448 0 1 5.41925 87
-132.642 102.766 34.7925 0.760406 -0.649448 0 1 5.41925 87
-132.642 102.766 37.9925 0.760406 -0.649448 0 1 5.41925 87
-132.642 102.766 41.1925 0.760406 -0.649448 0 1 5.41925 87
-132.642 102.766 44.3925 0.760406 -0.649448 0 1 5.41925 87
-132.642 102.766 47.5925 0.760406 -0.649448 0 1 5.41925 87
-132.642 102.766 50.7925 0.760406 -0.649448 0 1 5.41925 87
-130.563 105.199 28.3925 0.760406 -0.649448 0 1 5.41925 87
-130.563 105.199 31.5925 0.760406 -0.649448 0 1 5.41925 87
-130.563 105.199 34.7925 0.760406 -0.649448 0 1 5.41925 87
-130.563 105.199 37.9925 0.760406 -0.649448 0 1 5.41925 87
-130.563 105.199 41.1925 0.760406 -0.649448 0 1 5.41925 87
-130.563 105.199 44.3925 0.760406 -0.649448 0 1 5.41925 87
-130.563 105.199 47.5925 0.760406 -0.649448 0 1 5.41925 87
-130.563 105.199 50.7925 0.760406 -0.649448 0 1 5.41925 87
-128.485 107.632 28.3925 0.760406 -0.649448 0 1 5.41925 87
-128.485 107.632 31.5925 0.760406 -0.649448 0 1 5.41925 87
-128.485 107.632 34.7925 0.760406 -0.649448 0 1 5.41925 87
-128.485 107.632 37.9925 0.760406 -0.649448 0 1 5.41925 87
-128.485 107.632 41.1925 0.760406 -0.649448 0 1 5.41925 87
-128.485 107.632 44.3925 0.760406 -0.649448 0 1 5.41925 87
-128.485 107.632 47.5925 0.760406 -0.649448 0 1 5.41925 87
-128.485 107.632 50.7925 0.760406 -0.649448 0 1 5.41925 87
-126.407 110.066 28.3925 0.760406 -0.649448 0 1 5.41925 87
-126.407 110.066 31.5925 0.760406 -0.649448 0 1 5.41925 87
-126.407 110.066 34.7925 0.760406 -0.649448 0 1 5.41925 87
-126.407 110.066 37.9925 0.760406 -0.649448 0 1 5.41925 87
-126.407 110.066 41.1925 0.760406 -0.649448 0 1 5.41925 87
-126.407 110.066 44.3925 0.760406 -0.649448 0 1 5.41925 87
-126.407 110.066 47.5925 0.760406 -0.649448 0 1 5.41925 87
-126.407 110.066 50.7925 0.760406 -0.649448 0 1 5.41925 87
-124.329 112.499 28.3925 0.760406 -0.649448 0 1 5.41925 87
-124.329 112.499 31.5925 0.760406 -0.649448 0 1 5.41925 87
-124.329 112.499 34.7925 0.760406 -0.649448 0 1 5.41925 87
-124.329 112.499 37.9925 0.760406 -0.649448 0 1 5.41925 87
-124.329 112.499 41.1925 0.760406 -0.649448 0 1 5.41925 87
-124.329 112.499 44.3925 0.760406 -0.649448 0 1 5.41925 87
-124.329 112.499 47.5925 0.760406 -0.649448 0 1 5.41925 87
-124.329 112.499 50.7925 0.760406 -0.649448 0 1 5.41925 87
-122.25 114.932 28.3925 0.760406 -0.649448 0 1 5.41925 87
-122.25 114.932 31.5925 0.760406 -0.649448 0 1 5.41925 87
-122.25 114.932 34.7925 0.760406 -0.649448 0 1 5.41925 87
-122.25 114.932 37.9925 0.760406 -0.649448 0 1 5.41925 87
-122.25 114.932 41.1925 0.760406 -0.649448 0 1 5.41925 87
-122.25 114.932 44.3925 0.760406 -0.649448 0 1 5.41925 87
-122.25 114.932 47.5925 0.760406 -0.649448 0 1 5.41925 87
-122.25 114.932 50.7925 0.760406 -0.649448 0 1 5.41925 87
-120.172 117.366 28.3925 0.760406 -0.649448 0 1 5.41925 87
-120.172 117.366 31.5925 0.760406 -0.649448 0 1 5.41925 87
-120.172 117.366 34.7925 0.760406 -0.649448 0 1 5.41925 87
-120.172 117.366 37.9925 0.760406 -0.649448 0 1 5.41925 87
-120.172 117.366 41.1925 0.760406 -0.649448 0 1 5.41925 87
-120.172 117.366 44.3925 0.760406 -0.649448 0 1 5.41925 87
-120.172 117.366 47.5925 0.760406 -0.649448 0 1 5.41925 87
-120.172 117.366 50.7925 0.760406 -0.649448 0 1 5.41925 87
117.366 -120.172 -50.7925 -0.649448 0.760406 0 0 2.43473 88
117.366 -120.172 -47.5925 -0.649448 0.760406 0 0 2.43473 88
117.366 -120.172 -44.3925 -0.649448 0.760406 0 0 2.43473 88
117.366 -120.172 -41.1925 -0.649448 0.760406 0 0 2.43473 88
117.366 -120.172 -37.9925 -0.649448 0.760406 0 0 2.43473 88
117.366 -120.172 -34.7925 -0.649448 0.760406 0 0 2.43473 88
117.366 -120.172 -31.5925 -0.649448 0.760406 0 0 2.43473 88
117.366 -120.172 -28.3925 -0.649448 0.760406 0 0 2.43473 88
114.932 -122.25 -50.7925 -0.649448 0.760406 0 0 2.43473 88
114.932 -122.25 -47.5925 -0.649448 0.760406 0 0 2.43473 88
114.932 -122.25 -44.3925 -0.649448 0.760406 0 0 2.43473 88
114.932 -122.25 -41.1925 -0.649448 0.760406 0 0 2.43473 88
114.932 -122.25 -37.9925 -0.649448 0.760406 0 0 2.43473 88
114.932 -122.25 -34.7925 -0.649448 0.760406 0 0 2.43473 88
114.932 -122.25 -31.5925 -0.649448 0.760406 0 0 2.43473 88
114.932 -122.25 -28.3925 -0.649448 0.760406 0 0 2.43473 88
112.499 -124.329 -50.7925 -0.649448 0.760406 0 0 2.43473 88
112.499 -124.329 -47.5925 -0.649448 0.760406 0 0 2.43473 88
112.499 -124.329 -44.3925 -0.649448 0.760406 0 0 2.43473 88
112.499 -124.329 -41.1925 -0.649448 0.760406 0 0 2.43473 88
112.499 -124.329 -37.9925 -0.649448 0.760406 0 0 2.43473 88
112.499 -124.329 -34.7925 -0.649448 0.760406 0 0 2.43473 88
112.499 -124.329 -31.5925 -0.649448 0.760406 0 0 2.43473 88
112.499 -124.329 -28.3925 -0.649448 0.760406 0 0 2.43473 88
110.066 -126.407 -50.7925 -0.649448 0.760406 0 0 2.43473 88
110.066 -126.407 -47.5925 -0.649448 0.760406 0 0 2.43473 88
110.066 -126.407 -44.3925 -0.649448 0.760406 0 0 2.43473 88
110.066 -126.407 -41.1925 -0.649448 0.760406 0 0 2.43473 88
110.066 -126.407 -37.9925 -0.649448 0.760406 0 0 2.43473 88
110.066 -126.407 -34.7925 -0.649448 0.760406 0 0 2.43473 88
110.066 -126.407 -31.5925 -0.649448 0.760406 0 0 2.43473 88
110.066 -126.407 -28.3925 -0.649448 0.760406 0 0 2.43473 88
107.632 -128.485 -50.7925 -0.649448 0.760406 0 0 2.43473 88
107.632 -128.485 -47.5925 -0.649448 0.760406 0 0 2.43473 88
107.632 -128.485 -44.3925 -0.649448 0.760406 0 0 2.43473 88
107.632 -128.485 -41.1925 -0.649448 0.760406 0 0 2.43473 88
107.632 -128.485 -37.9925 -0.649448 0.760406 0 0 2.43473 88
107.632 -128.485 -34.7925 -0.649448 0.760406 0 0 2.43473 88
107.632 -128.485 -31.5925 -0.649448 0.760406 0 0 2.43473 88
107.632 -128.485 -28.3925 -0.649448 0.760406 0 0 2.43473 88
105.199 -130.563 -50.7925 -0.649448 0.760406 0 0 2.43473 88
105.199 -130.563 -47.5925 -0.649448 0.760406 0 0 2.43473 88
105.199 -130.563 -44.3925 -0.649448 0.760406 0 0 2.43473 88
105.199 -130.563 -41.1925 -0.649448 0.760406 0 0 2.43473 88
105.199 -130.563 -37.9925 -0.649448 0.760406 0 0 2.43473 88
105.199 -130.563 -34.7925 -0.649448 0.760406 0 0 2.43473 88
105.199 -130.563 -31.5925 -0.649448 0.760406 0 0 2.43473 88
105.199 -130.563 -28.3925 -0.649448 0.760406 0 0 2.43473 88
102.766 -132.642 -50.7925 -0.649448 0.760406 0 0 2.43473 88
102.766 -132.642 -47.5925 -0.649448 0.760406 0 0 2.43473 88
102.766 -132.642 -44.3925 -0.649448 0.760406 0 0 2.43473 88
102.766 -132.642 -41.1925 -0.649448 0.760406 0 0 2.43473 88
102.766 -132.642 -37.9925 -0.649448 0.760406 0 0 2.43473 88
102.766 -132.642 -34.7925 -0.649448 0.760406 0 0 2.43473 88
102.766 -132.642 -31.5925 -0.649448 0.760406 0 0 2.43473 88
102.766 -132.642 -28.3925 -0.649448 0.760406 0 0 2.43473 88
100.333 -134.72 -50.7925 -0.649448 0.760406 0 0 2.43473 88
100.333 -134.72 -47.5925 -0.649448 0.760406 0 0 2.43473 88
100.333 -134.72 -44.3925 -0.649448 0.760406 0 0 2.43473 88
100.333 -134.72 -41.1925 -0.649448 0.760406 0 0 2.43473 88
100.333 -134.72 -37.9925 -0.649448 0.760406 0 0 2.43473 88
100.333 -134.72 -34.7925 -0.649448 0.760406 0 0 2.43473 88
100.333 -134.72 -31.5925 -0.649448 0.760406 0 0 2.43473 88
100.333 -134.72 -28.3925 -0.649448 0.760406 0 0 2.43473 88
-117.366 120.172 -50.7925 0.649448 -0.760406 0 1 5.57633 89
-117.366 120.172 -47.5925 0.649448 -0.760406 0 1 5.57633 89
-117.366 120.172 -44.3925 0.649448 -0.760406 0 1 5.57633 89
-117.366 120.172 -41.1925 0.649448 -0.760406 0 1 5.57633 89
-117.366 120.172 -37.9925 0.649448 -0.760406 0 1 5.57633 89
-117.366 120.172 -34.7925 0.649448 -0.760406 0 1 5.57633 89
-117.366 120.172 -31.5925 0.649448 -0.760406 0 1 5.57633 89
-117.366 120.172 -28.3925 0.649448 -0.760406 0 1 5.57633 89
-114.932 122.25 -50.7925 0.649448 -0.760406 0 1 5.57633 89
-114.932 122.25 -47.5925 0.649448 -0.760406 0 1 5.57633 89
-114.932 122.25 -44.3925 0.649448 -0.760406 0 1 5.57633 89
-114.932 122.25 -41.1925 0.649448 -0.760406 0 1 5.57633 89
-114.932 122.25 -37.9925 0.649448 -0.760406 0 1 5.57633 89
-114.932 122.25 -34.7925 0.649448 -0.760406 0 1 5.57633 89
-114.932 122.25 -31.5925 0.649448 -0.760406 0 1 5.57633 89
-114.932 122.25 -28.3925 0.649448 -0.760406 0 1 5.57633 89
-112.499 124.329 -50.7925 0.649448 -0.760406 0 1 5.57633 89
-112.499 124.329 -47.5925 0.649448 -0.760406 0 1 5.57633 89
-112.499 124.329 -44.3925 0.649448 -0.760406 0 1 5.57633 89
-112.499 124.329 -41.1925 0.649448 -0.760406 0 1 5.57633 89
-112.499 124.329 -37.9925 0.649448 -0.760406 0 1 5.57633 89
-112.499 124.329 -34.7925 0.649448 -0.760406 0 1 5.57633 89
-112.499 124.329 -31.5925 0.649448 -0.760406 0 1 5.57633 89
-112.499 124.329 -28.3925 0.649448 -0.760406 0 1 5.57633 89
-110.066 126.407 -50.7925 0.649448 -0.760406 0 1 5.57633 89
-110.066 126.407 -47.5925 0.649448 -0.760406 0 1 5.57633 89
-110.066 126.407 -44.3925 0.649448 -0.760406 0 1 5.57633 89
-110.066 126.407 -41.1925 0.649448 -0.760406 0 1 5.57633 89
-110.066 126.407 -37.9925 0.649448 -0.760406 0 1 5.57633 89
-110.066 126.407 -34.7925 0.649448 -0.760406 0 1 5.57633 89
-110.066 126.407 -31.5925 0.649448 -0.760406 0 1 5.57633 89
-110.066 126.407 -28.3925 0.649448 -0.760406 0 1 5.57633 89
-107.632 128.485 -50.7925 0.649448 -0.760406 0 1 5.57633 89
-107.632 128.485 -47.5925 0.649448 -0.760406 0 1 5.57633 89
-107.632 128.485 -44.3925 0.649448 -0.760406 0 1 5.57633 89
-107.632 128.485 -41.1925 0.649448 -0.760406 0 1 5.57633 89
-107.632 128.485 -37.9925 0.649448 -0.760406 0 1 5.57633 89
-107.632 128.485 -34.7925 0.649448 -0.760406 0 1 5.57633 89
-107.632 128.485 -31.5925 0.649448 -0.760406 0 1 5.57633 89
-107.632 128.485 -28.3925 0.649448 -0.760406 0 1 5.57633 89
-105.199 130.563 -50.7925 0.649448 -0.760406 0 1 5.57633 89
-105.199 130.563 -47.5925 0.649448 -0.760406 0 1 5.57633 89
-105.199 130.563 -44.3925 0.649448 -0.760406 0 1 5.57633 89
-105.199 130.563 -41.1925 0.649448 -0.760406 0 1 5.57633 89
-105.199 130.563 -37.9925 0.649448 -0.760406 0 1 5.57633 89
-105.199 130.563 -34.7925 0.649448 -0.760406 0 1 5.57633 89
-105.199 130.563 -31.5925 0.649448 -0.760406 0 1 5.57633 89
-105.199 130.563 -28.3925 0.649448 -0.760406 0 1 5.57633 89
-102.766 132.642 -50.7925 0.649448 -0.760406 0 1 5.57633 89
-102.766 132.642 -47.5925 0.649448 -0.760406 0 1 5.57633 89
-102.766 132.642 -44.3925 0.649448 -0.760406 0 1 5.57633 89
-102.766 132.642 -41.1925 0.649448 -0.760406 0 1 5.57633 89
-102.766 132.642 -37.9925 0.649448 -0.760406 0 1 5.57633 89
-102.766 132.642 -34.7925 0.649448 -0.760406 0 1 5.57633 89
-102.766 132.642 -31.5925 0.649448 -0.760406 0 1 5.57633 89
-102.766 132.642 -28.3925 0.649448 -0.760406 0 1 5.57633 89
-100.333 134.72 -50.7925 0.649448 -0.760406 0 1 5.57633 89
-100.333 134.72 -47.5925 0.649448 -0.760406 0 1 5.57633 89
-100.333 134.72 -44.3925 0.649448 -0.760406 0 1 5.57633 89
-100.333 134.72 -41.1925 0.649448 -0.760406 0 1 5.57633 89
-100.333 134.72 -37.9925 0.649448 -0.760406 0 1 5.57633 89
-100.333 134.72 -34.7925 0.649448 -0.760406 0 1 5.57633 89
-100.333 134.72 -31.5925 0.649448 -0.760406 0 1 5.57633 89
-100.333 134.72 -28.3925 0.649448 -0.760406 0 1 5.57633 89
117.366 -120.172 -24.3975 -0.649448 0.760406 0 0 2.43473 90
117.366 -120.172 -21.1975 -0.649448 0.760406 0 0 2.43473 90
117.366 -120.172 -17.9975 -0.649448 0.760406 0 0 2.43473 90
117.366 -120.172 -14.7975 -0.649448 0.760406 0 0 2.43473 90
117.366 -120.172 -11.5975 -0.649448 0.760406 0 0 2.43473 90
117.366 -120.172 -8.3975 -0.649448 0.760406 2.36848e-16 0 2.43473 90
117.366 -120.172 -5.1975 -0.649448 0.760406 0 0 2.43473 90
117.366 -120.172 -1.9975 -0.649448 0.760406 0 0 2.43473 90
114.932 -122.25 -24.3975 -0.649448 0.760406 0 0 2.43473 90
114.932 -122.25 -21.1975 -0.649448 0.760406 0 0 2.43473 90
114.932 -122.25 -17.9975 -0.649448 0.760406 0 0 2.43473 90
114.932 -122.25 -14.7975 -0.649448 0.760406 0 0 2.43473 90
114.932 -122.25 -11.5975 -0.649448 0.760406 0 0 2.43473 90
114.932 -122.25 -8.3975 -0.649448 0.760406 2.36848e-16 0 2.43473 90
114.932 -122.25 -5.1975 -0.649448 0.760406 0 0 2.43473 90
114.932 -122.25 -1.9975 -0.649448 0.760406 0 0 2.43473 90
112.499 -124.329 -24.3975 -0.649448 0.760406 0 0 2.43473 90
112.499 -124.329 -21.1975 -0.649448 0.760406 0 0 2.43473 90
112.499 -124.329 -17.9975 -0.649448 0.760406 0 0 2.43473 90
112.499 -124.329 -14.7975 -0.649448 0.760406 0 0 2.43473 90
112.499 -124.329 -11.5975 -0.649448 0.760406 0 0 2.43473 90
112.499 -124.329 -8.3975 -0.649448 0.760406 2.36848e-16 0 2.43473 90
112.499 -124.329 -5.1975 -0.649448 0.760406 0 0 2.43473 90
112.499 -124.329 -1.9975 -0.649448 0.760406 0 0 2.43473 90
110.066 -126.407 -24.3975 -0.649448 0.760406 0 0 2.43473 90
110.066 -126.407 -21.1975 -0.649448 0.760406 0 0 2.43473 90
110.066 -126.407 -17.9975 -0.649448 0.760406 0 0 2.43473 90
110.066 -126.407 -14.7975 -0.649448 0.760406 0 0 2.43473 90
110.066 -126.407 -11.5975 -0.649448 0.760406 0 0 2.43473 90
110.066 -126.407 -8.3975 -0.649448 0.760406 2.36848e-16 0 2.43473 90
110.066 -126.407 -5.1975 -0.649448 0.760406 0 0 2.43473 90
110.066 -126.407 -1.9975 -0.649448 0.760406 0 0 2.43473 90
107.632 -128.485 -24.3975 -0.649448 0.760406 0 0 2.43473 90
107.632 -128.485 -21.1975 -0.649448 0.760406 0 0 2.43473 90
107.632 -128.485 -17.9975 -0.649448 0.760406 0 0 2.43473 90
107.632 -128.485 -14.7975 -0.649448 0.760406 0 0 2.43473 90
107.632 -128.485 -11.5975 -0.649448 0.760406 0 0 2.43473 90
107.632 -128.485 -8.3975 -0.649448 0.760406 2.36848e-16 0 2.43473 90
107.632 -128.485 -5.1975 -0.649448 0.760406 0 0 2.43473 90
107.632 -128.485 -1.9975 -0.649448 0.760406 0 0 2.43473 90
105.199 -130.563 -24.3975 -0.649448 0.760406 0 0 2.43473 90
105.199 -130.563 -21.1975 -0.649448 0.760406 0 0 2.43473 90
105.199 -130.563 -17.9975 -0.649448 0.760406 0 0 2.43473 90
105.199 -130.563 -14.7975 -0.649448 0.760406 0 0 2.43473 90
105.199 -130.563 -11.5975 -0.649448 0.760406 0 0 2.43473 90
105.199 -130.563 -8.3975 -0.649448 0.760406 2.36848e-16 0 2.43473 90
105.199 -130.563 -5.1975 -0.649448 0.760406 0 0 2.43473 90
105.199 -130.563 -1.9975 -0.649448 0.760406 0 0 2.43473 90
102.766 -132.642 -24.3975 -0.649448 0.760406 0 0 2.43473 90
102.766 -132.642 -21.1975 -0.649448 0.760406 0 0 2.43473 90
102.766 -132.642 -17.9975 -0.649448 0.760406 0 0 2.43473 90
102.766 -132.642 -14.7975 -0.649448 0.760406 0 0 2.43473 90
102.766 -132.642 -11.5975 -0.649448 0.760406 0 0 2.43473 90
102.766 -132.642 -8.3975 -0.649448 0.760406 2.36848e-16 0 2.43473 90
102.766 -132.642 -5.1975 -0.649448 0.760406 0 0 2.43473 90
102.766 -132.642 -1.9975 -0.649448 0.760406 0 0 2.43473 90
100.333 -134.72 -24.3975 -0.649448 0.760406 0 0 2.43473 90
100.333 -134.72 -21.1975 -0.649448 0.760406 0 0 2.43473 90
100.333 -134.72 -17.9975 -0.649448 0.760406 0 0 2.43473 90
100.333 -134.72 -14.7975 -0.649448 0.760406 0 0 2.43473 90
100.333 -134.72 -11.5975 -0.649448 0.760406 0 0 2.43473 90
100.333 -134.72 -8.3975 -0.649448 0.760406 2.36848e-16 0 2.43473 90
100.333 -134.72 -5.1975 -0.649448 0.760406 0 0 2.43473 90
100.333 -134.72 -1.9975 -0.649448 0.760406 0 0 2.43473 90
-117.366 120.172 -24.3975 0.649448 -0.760406 0 1 5.57633 91
-117.366 120.172 -21.1975 0.649448 -0.760406 0 1 5.57633 91
-117.366 120.172 -17.9975 0.649448 -0.760406 0 1 5.57633 91
-117.366 120.172 -14.7975 0.649448 -0.760406 0 1 5.57633 91
-117.366 120.172 -11.5975 0.649448 -0.760406 0 1 5.57633 91
-117.366 120.172 -8.3975 0.649448 -0.760406 2.36848e-16 1 5.57633 91
-117.366 120.172 -5.1975 0.649448 -0.760406 0 1 5.57633 91
-117.366 120.172 -1.9975 0.649448 -0.760406 0 1 5.57633 91
-114.932 122.25 -24.3975 0.649448 -0.760406 0 1 5.57633 91
-114.932 122.25 -21.1975 0.649448 -0.760406 0 1 5.57633 91
-114.932 122.25 -17.9975 0.649448 -0.760406 0 1 5.57633 91
-114.932 122.25 -14.7975 0.649448 -0.760406 0 1 5.57633 91
-114.932 122.25 -11.5975 0.649448 -0.760406 0 1 5.57633 91
-114.932 122.25 -8.3975 0.649448 -0.760406 2.36848e-16 1 5.57633 91
-114.932 122.25 -5.1975 0.649448 -0.760406 0 1 5.57633 91
-114.932 122.25 -1.9975 0.649448 -0.760406 0 1 5.57633 91
-112.499 124.329 -24.3975 0.649448 -0.760406 0 1 5.57633 91
-112.499 124.329 -21.1975 0.649448 -0.760406 0 1 5.57633 91
-112.499 124.329 -17.9975 0.649448 -0.760406 0 1 5.57633 91
-112.499 124.329 -14.7975 0.649448 -0.760406 0 1 5.57633 91
-112.499 124.329 -11.5975 0.649448 -0.760406 0 1 5.57633 91
-112.499 124.329 -8.3975 0.649448 -0.760406 2.36848e-16 1 5.57633 91
-112.499 124.329 -5.1975 0.649448 -0.760406 0 1 5.57633 91
-112.499 124.329 -1.9975 0.649448 -0.760406 0 1 5.57633 91
-110.066 126.407 -24.3975 0.649448 -0.760406 0 1 5.57633 91
-110.066 126.407 -21.1975 0.649448 -0.760406 0 1 5.57633 91
-110.066 126.407 -17.9975 0.649448 -0.760406 0 1 5.57633 91
-110.066 126.407 -14.7975 0.649448 -0.760406 0 1 5.57633 91
-110.066 126.407 -11.5975 0.649448 -0.760406 0 1 5.57633 91
-110.066 126.407 -8.3975 0.649448 -0.760406 2.36848e-16 1 5.57633 91
-110.066 126.407 -5.1975 0.649448 -0.760406 0 1 5.57633 91
-110.066 126.407 -1.9975 0.649448 -0.760406 0 1 5.57633 91
-107.632 128.485 -24.3975 0.649448 -0.760406 0 1 5.57633 91
-107.632 128.485 -21.1975 0.649448 -0.760406 0 1 5.57633 91
-107.632 128.485 -17.9975 0.649448 -0.760406 0 1 5.57633 91
-107.632 128.485 -14.7975 0.649448 -0.760406 0 1 5.57633 91
-107.632 128.485 -11.5975 0.649448 -0.760406 0 1 5.57633 91
-107.632 128.485 -8.3975 0.649448 -0.760406 2.36848e-16 1 5.57633 91
-107.632 128.485 -5.1975 0.649448 -0.760406 0 1 5.57633 91
-107.632 128.485 -1.9975 0.649448 -0.760406 0 1 5.57633 91
-105.199 130.563 -24.3975 0.649448 -0.760406 0 1 5.57633 91
-105.199 130.563 -21.1975 0.649448 -0.760406 0 1 5.57633 91
-105.199 130.563 -17.9975 0.649448 -0.760406 0 1 5.57633 91
-105.199 130.563 -14.7975 0.649448 -0.760406 0 1 5.57633 91
-105.199 130.563 -11.5975 0.649448 -0.760406 0 1 5.57633 91
-105.199 130.563 -8.3975 0.649448 -0.760406 2.36848e-16 1 5.57633 91
-105.199 130.563 -5.1975 0.649448 -0.760406 0 1 5.57633 91
-105.199 130.563 -1.9975 0.649448 -0.760406 0 1 5.57633 91
-102.766 132.642 -24.3975 0.649448 -0.760406 0 1 5.57633 91
-102.766 132.642 -21.1975 0.649448 -0.760406 0 1 5.57633 91
-102.766 132.642 -17.9975 0.649448 -0.760406 0 1 5.57633 91
-102.766 132.642 -14.7975 0.649448 -0.760406 0 1 5.57633 91
-102.766 132.642 -11.5975 0.649448 -0.760406 0 1 5.57633 91
-102.766 132.642 -8.3975 0.649448 -0.760406 2.36848e-16 1 5.57633 91
-102.766 132.642 -5.1975 0.649448 -0.760406 0 1 5.57633 91
-102.766 132.642 -1.9975 0.649448 -0.760406 0 1 5.57633 91
-100.333 134.72 -24.3975 0.649448 -0.760406 0 1 5.57633 91
-100.333 134.72 -21.1975 0.649448 -0.760406 0 1 5.57633 91
-100.333 134.72 -17.9975 0.649448 -0.760406 0 1 5.57633 91
-100.333 134.72 -14.7975 0.649448 -0.760406 0 1 5.57633 91
-100.333 134.72 -11.5975 0.649448 -0.760406 0 1 5.57633 91
-100.333 134.72 -8.3975 0.649448 -0.760406 2.36848e-16 1 5.57633 91
-100.333 134.72 -5.1975 0.649448 -0.760406 0 1 5.57633 91
-100.333 134.72 -1.9975 0.649448 -0.760406 0 1 5.57633 91
117.366 -120.172 1.9975 -0.649448 0.760406 0 0 2.43473 92
117.366 -120.172 5.1975 -0.649448 0.760406 1.18424e-16 0 2.43473 92
117.366 -120.172 8.3975 -0.649448 0.760406 2.36848e-16 0 2.43473 92
117.366 -120.172 11.5975 -0.649448 0.760406 0 0 2.43473 92
117.366 -120.172 14.7975 -0.649448 0.760406 0 0 2.43473 92
117.366 -120.172 17.9975 -0.649448 0.760406 4.73695e-16 0 2.43473 92
117.366 -120.172 21.1975 -0.649448 0.760406 0 0 2.43473 92
117.366 -120.172 24.3975 -0.649448 0.760406 0 0 2.43473 92
114.932 -122.25 1.9975 -0.649448 0.760406 0 0 2.43473 92
114.932 -122.25 5.1975 -0.649448 0.760406 1.18424e-16 0 2.43473 92
114.932 -122.25 8.3975 -0.649448 0.760406 2.36848e-16 0 2.43473 92
114.932 -122.25 11.5975 -0.649448 0.760406 0 0 2.43473 92
114.932 -122.25 14.7975 -0.649448 0.760406 0 0 2.43473 92
114.932 -122.25 17.9975 -0.649448 0.760406 4.73695e-16 0 2.43473 92
114.932 -122.25 21.1975 -0.649448 0.760406 0 0 2.43473 92
114.932 -122.25 24.3975 -0.649448 0.760406 0 0 2.43473 92
112.499 -124.329 1.9975 -0.649448 0.760406 0 0 2.43473 92
112.499 -124.329 5.1975 -0.649448 0.760406 1.18424e-16 0 2.43473 92
112.499 -124.329 8.3975 -0.649448 0.760406 2.36848e-16 0 2.43473 92
112.499 -124.329 11.5975 -0.649448 0.760406 0 0 2.43473 92
112.499 -124.329 14.7975 -0.649448 0.760406 0 0 2.43473 92
112.499 -124.329 17.9975 -0.649448 0.760406 4.73695e-16 0 2.43473 92
112.499 -124.329 21.1975 -0.649448 0.760406 0 0 2.43473 92
112.499 -124.329 24.3975 -0.649448 0.760406 0 0 2.43473 92
110.066 -126.407 1.9975 -0.649448 0.760406 0 0 2.43473 92
110.066 -126.407 5.1975 -0.649448 0.760406 1.18424e-16 0 2.43473 92
110.066 -126.407 8.3975 -0.649448 0.760406 2.36848e-16 0 2.43473 92
110.066 -126.407 11.5975 -0.649448 0.760406 0 0 2.43473 92
110.066 -126.407 14.7975 -0.649448 0.760406 0 0 2.43473 92
110.066 -126.407 17.9975 -0.649448 0.760406 4.73695e-16 0 2.43473 92
110.066 -126.407 21.1975 -0.649448 0.760406 0 0 2.43473 92
110.066 -126.407 24.3975 -0.649448 0.760406 0 0 2.43473 92
107.632 -128.485 1.9975 -0.649448 0.760406 0 0 2.43473 92
107.632 -128.485 5.1975 -0.649448 0.760406 1.18424e-16 0 2.43473 92
107.632 -128.485 8.3975 -0.649448 0.760406 2.36848e-16 0 2.43473 92
107.632 -128.485 11.5975 -0.649448 0.760406 0 0 2.43473 92
107.632 -128.485 14.7975 -0.649448 0.760406 0 0 2.43473 92
107.632 -128.485 17.9975 -0.649448 0.760406 4.73695e-16 0 2.43473 92
107.632 -128.485 21.1975 -0.649448 0.760406 0 0 2.43473 92
107.632 -128.485 24.3975 -0.649448 0.760406 0 0 2.43473 92
105.199 -130.563 1.9975 -0.649448 0.760406 0 0 2.43473 92
105.199 -130.563 5.1975 -0.649448 0.760406 1.18424e-16 0 2.43473 92
105.199 -130.563 8.3975 -0.649448 0.760406 2.36848e-16 0 2.43473 92
105.199 -130.563 11.5975 -0.649448 0.760406 0 0 2.43473 92
105.199 -130.563 14.7975 -0.649448 0.760406 0 0 2.43473 92
105.199 -130.563 17.9975 -0.649448 0.760406 4.73695e-16 0 2.43473 92
105.199 -130.563 21.1975 -0.649448 0.760406 0 0 2.43473 92
105.199 -130.563 24.3975 -0.649448 0.760406 0 0 2.43473 92
102.766 -132.642 1.9975 -0.649448 0.760406 0 0 2.43473 92
102.766 -132.642 5.1975 -0.649448 0.760406 1.18424e-16 0 2.43473 92
102.766 -132.642 8.3975 -0.649448 0.760406 2.36848e-16 0 2.43473 92
102.766 -132.642 11.5975 -0.649448 0.760406 0 0 2.43473 92
102.766 -132.642 14.7975 -0.649448 0.760406 0 0 2.43473 92
102.766 -132.642 17.9975 -0.649448 0.760406 4.73695e-16 0 2.43473 92
102.766 -132.642 21.1975 -0.649448 0.760406 0 0 2.43473 92
102.766 -132.642 24.3975 -0.649448 0.760406 0 0 2.43473 92
100.333 -134.72 1.9975 -0.649448 0.760406 0 0 2.43473 92
100.333 -134.72 5.1975 -0.649448 0.760406 1.18424e-16 0 2.43473 92
100.333 -134.72 8.3975 -0.649448 0.760406 2.36848e-16 0 2.43473 92
100.333 -134.72 11.5975 -0.649448 0.760406 0 0 2.43473 92
100.333 -134.72 14.7975 -0.649448 0.760406 0 0 2.43473 92
100.333 -134.72 17.9975 -0.649448 0.760406 4.73695e-16 0 2.43473 92
100.333 -134.72 21.1975 -0.649448 0.760406 0 0 2.43473 92
100.333 -134.72 24.3975 -0.649448 0.760406 0 0 2.43473 92
-117.366 120.172 1.9975 0.649448 -0.760406 0 1 5.57633 93
-117.366 120.172 5.1975 0.649448 -0.760406 1.18424e-16 1 5.57633 93
-117.366 120.172 8.3975 0.649448 -0.760406 2.36848e-16 1 5.57633 93
-117.366 120.172 11.5975 0.649448 -0.760406 0 1 5.57633 93
-117.366 120.172 14.7975 0.649448 -0.760406 0 1 5.57633 93
-117.366 120.172 17.9975 0.649448 -0.760406 4.73695e-16 1 5.57633 93
-117.366 120.172 21.1975 0.649448 -0.760406 0 1 5.57633 93
-117.366 120.172 24.3975 0.649448 -0.760406 0 1 5.57633 93
-114.932 122.25 1.9975 0.649448 -0.760406 0 1 5.57633 93
-114.932 122.25 5.1975 0.649448 -0.760406 1.18424e-16 1 5.57633 93
-114.932 122.25 8.3975 0.649448 -0.760406 2.36848e-16 1 5.57633 93
-114.932 122.25 11.5975 0.649448 -0.760406 0 1 5.57633 93
-114.932 122.25 14.7975 0.649448 -0.760406 0 1 5.57633 93
-114.932 122.25 17.9975 0.649448 -0.760406 4.73695e-16 1 5.57633 93
-114.932 122.25 21.1975 0.649448 -0.760406 0 1 5.57633 93
-114.932 122.25 24.3975 0.649448 -0.760406 0 1 5.57633 93
-112.499 124.329 1.9975 0.649448 -0.760406 0 1 5.57633 93
-112.499 124.329 5.1975 0.649448 -0.760406 1.18424e-16 1 5.57633 93
-112.499 124.329 8.3975 0.649448 -0.760406 2.36848e-16 1 5.57633 93
-112.499 124.329 11.5975 0.649448 -0.760406 0 1 5.57633 93
-112.499 124.329 14.7975 0.649448 -0.760406 0 1 5.57633 93
-112.499 124.329 17.9975 0.649448 -0.760406 4.73695e-16 1 5.57633 93
-112.499 124.329 21.1975 0.649448 -0.760406 0 1 5.57633 93
-112.499 124.329 24.3975 0.649448 -0.760406 0 1 5.57633 93
-110.066 126.407 1.9975 0.649448 -0.760406 0 1 5.57633 93
-110.066 126.407 5.1975 0.649448 -0.760406 1.18424e-16 1 5.57633 93
-110.066 126.407 8.3975 0.649448 -0.760406 2.36848e-16 1 5.57633 93
-110.066 126.407 11.5975 0.649448 -0.760406 0 1 5.57633 93
-110.066 126.407 14.7975 0.649448 -0.760406 0 1 5.57633 93
-110.066 126.407 17.9975 0.649448 -0.760406 4.73695e-16 1 5.57633 93
-110.066 126.407 21.1975 0.649448 -0.760406 0 1 5.57633 93
-110.066 126.407 24.3975 0.649448 -0.760406 0 1 5.57633 93
-107.632 128.485 1.9975 0.649448 -0.760406 0 1 5.57633 93
-107.632 128.485 5.1975 0.649448 -0.760406 1.18424e-16 1 5.57633 93
-107.632 128.485 8.3975 0.649448 -0.760406 2.36848e-16 1 5.57633 93
-107.632 128.485 11.5975 0.649448 -0.760406 0 1 5.57633 93
-107.632 128.485 14.7975 0.649448 -0.760406 0 1 5.57633 93
-107.632 128.485 17.9975 0.649448 -0.760406 4.73695e-16 1 5.57633 93
-107.632 128.485 21.1975 0.649448 -0.760406 0 1 5.57633 93
-107.632 128.485 24.3975 0.649448 -0.760406 0 1 5.57633 93
-105.199 130.563 1.9975 0.649448 -0.760406 0 1 5.57633 93
-105.199 130.563 5.1975 0.649448 -0.760406 1.18424e-16 1 5.57633 93
-105.199 130.563 8.3975 0.649448 -0.760406 2.36848e-16 1 5.57633 93
-105.199 130.563 11.5975 0.649448 -0.760406 0 1 5.57633 93
-105.199 130.563 14.7975 0.649448 -0.760406 0 1 5.57633 93
-105.199 130.563 17.9975 0.649448 -0.760406 4.73695e-16 1 5.57633 93
-105.199 130.563 21.1975 0.649448 -0.760406 0 1 5.57633 93
-105.199 130.563 24.3975 0.649448 -0.760406 0 1 5.57633 93
-102.766 132.642 1.9975 0.649448 -0.760406 0 1 5.57633 93
-102.766 132.642 5.1975 0.649448 -0.760406 1.18424e-16 1 5.57633 93
-102.766 132.642 8.3975 0.649448 -0.760406 2.36848e-16 1 5.57633 93
-102.766 132.642 11.5975 0.649448 -0.760406 0 1 5.57633 93
-102.766 132.642 14.7975 0.649448 -0.760406 0 1 5.57633 93
-102.766 132.642 17.9975 0.649448 -0.760406 4.73695e-16 1 5.57633 93
-102.766 132.642 21.1975 0.649448 -0.760406 0 1 5.57633 93
-102.766 132.642 24.3975 0.649448 -0.760406 0 1 5.57633 93
-100.333 134.72 1.9975 0.649448 -0.760406 0 1 5.57633 93
-100.333 134.72 5.1975 0.649448 -0.760406 1.18424e-16 1 5.57633 93
-100.333 134.72 8.3975 0.649448 -0.760406 2.36848e-16 1 5.57633 93
-100.333 134.72 11.5975 0.649448 -0.760406 0 1 5.57633 93
-100.333 134.72 14.7975 0.649448 -0.760406 0 1 5.57633 93
-100.333 134.72 17.9975 0.649448 -0.760406 4.73695e-16 1 5.57633 93
-100.333 134.72 21.1975 0.649448 -0.760406 0 1 5.57633 93
-100.333 134.72 24.3975 0.649448 -0.760406 0 1 5.57633 93
117.366 -120.172 28.3925 -0.649448 0.760406 0 0 2.43473 94
117.366 -120.172 31.5925 -0.649448 0.760406 0 0 2.43473 94
117.366 -120.172 34.7925 -0.649448 0.760406 0 0 2.43473 94
117.366 -120.172 37.9925 -0.649448 0.760406 0 0 2.43473 94
117.366 -120.172 41.1925 -0.649448 0.760406 0 0 2.43473 94
117.366 -120.172 44.3925 -0.649448 0.760406 0 0 2.43473 94
117.366 -120.172 47.5925 -0.649448 0.760406 0 0 2.43473 94
117.366 -120.172 50.7925 -0.649448 0.760406 0 0 2.43473 94
114.932 -122.25 28.3925 -0.649448 0.760406 0 0 2.43473 94
114.932 -122.25 31.5925 -0.649448 0.760406 0 0 2.43473 94
114.932 -122.25 34.7925 -0.649448 0.760406 0 0 2.43473 94
114.932 -122.25 37.9925 -0.649448 0.760406 0 0 2.43473 94
114.932 -122.25 41.1925 -0.649448 0.760406 0 0 2.43473 94
114.932 -122.25 44.3925 -0.649448 0.760406 0 0 2.43473 94
114.932 -122.25 47.5925 -0.649448 0.760406 0 0 2.43473 94
114.932 -122.25 50.7925 -0.649448 0.760406 0 0 2.43473 94
112.499 -124.329 28.3925 -0.649448 0.760406 0 0 2.43473 94
112.499 -124.329 31.5925 -0.649448 0.760406 0 0 2.43473 94
112.499 -124.329 34.7925 -0.649448 0.760406 0 0 2.43473 94
112.499 -124.329 37.9925 -0.649448 0.760406 0 0 2.43473 94
112.499 -124.329 41.1925 -0.649448 0.760406 0 0 2.43473 94
112.499 -124.329 44.3925 -0.649448 0.760406 0 0 2.43473 94
112.499 -124.329 47.5925 -0.649448 0.760406 0 0 2.43473 94
112.499 -124.329 50.7925 -0.649448 0.760406 0 0 2.43473 94
110.066 -126.407 28.3925 -0.649448 0.760406 0 0 2.43473 94
110.066 -126.407 31.5925 -0.649448 0.760406 0 0 2.43473 94
110.066 -126.407 34.7925 -0.649448 0.760406 0 0 2.43473 94
110.066 -126.407 37.9925 -0.649448 0.760406 0 0 2.43473 94
110.066 -126.407 41.1925 -0.649448 0.760406 0 0 2.43473 94
110.066 -126.407 44.3925 -0.649448 0.760406 0 0 2.43473 94
110.066 -126.407 47.5925 -0.649448 0.760406 0 0 2.43473 94
110.066 -126.407 50.7925 -0.649448 0.760406 0 0 2.43473 94
107.632 -128.485 28.3925 -0.649448 0.760406 0 0 2.43473 94
107.632 -128.485 31.5925 -0.649448 0.760406 0 0 2.43473 94
107.632 -128.485 34.7925 -0.649448 0.760406 0 0 2.43473 94
107.632 -128.485 37.9925 -0.649448 0.760406 0 0 2.43473 94
107.632 -128.485 41.1925 -0.649448 0.760406 0 0 2.43473 94
107.632 -128.485 44.3925 -0.649448 0.760406 0 0 2.43473 94
107.632 -128.485 47.5925 -0.649448 0.760406 0 0 2.43473 94
107.632 -128.485 50.7925 -0.649448 0.760406 0 0 2.43473 94
105.199 -130.563 28.3925 -0.649448 0.760406 0 0 2.43473 94
105.199 -130.563 31.5925 -0.649448 0.760406 0 0 2.43473 94
105.199 -130.563 34.7925 -0.649448 0.760406 0 0 2.43473 94
105.199 -130.563 37.9925 -0.649448 0.760406 0 0 2.43473 94
105.199 -130.563 41.1925 -0.649448 0.760406 0 0 2.43473 94
105.199 -130.563 44.3925 -0.649448 0.760406 0 0 2.43473 94
105.199 -130.563 47.5925 -0.649448 0.760406 0 0 2.43473 94
105.199 -130.563 50.7925 -0.649448 0.760406 0 0 2.43473 94
102.766 -132.642 28.3925 -0.649448 0.760406 0 0 2.43473 94
102.766 -132.642 31.5925 -0.649448 0.760406 0 0 2.43473 94
102.766 -132.642 34.7925 -0.649448 0.760406 0 0 2.43473 94
102.766 -132.642 37.9925 -0.649448 0.760406 0 0 2.43473 94
102.766 -132.642 41.1925 -0.649448 0.760406 0 0 2.43473 94
102.766 -132.642 44.3925 -0.649448 0.760406 0 0 2.43473 94
102.766 -132.642 47.5925 -0.649448 0.760406 0 0 2.43473 94
102.766 -132.642 50.7925 -0.649448 0.760406 0 0 2.43473 94
100.333 -134.72 28.3925 -0.649448 0.760406 0 0 2.43473 94
100.333 -134.72 31.5925 -0.649448 0.760406 0 0 2.43473 94
100.333 -134.72 34.7925 -0.649448 0.760406 0 0 2.43473 94
100.333 -134.72 37.9925 -0.649448 0.760406 0 0 2.43473 94
100.333 -134.72 41.1925 -0.649448 0.760406 0 0 2.43473 94
100.333 -134.72 44.3925 -0.649448 0.760406 0 0 2.43473 94
100.333 -134.72 47.5925 -0.649448 0.760406 0 0 2.43473 94
100.333 -134.72 50.7925 -0.649448 0.760406 0 0 2.43473 94
-117.366 120.172 28.3925 0.649448 -0.760406 0 1 5.57633 95
-117.366 120.172 31.5925 0.649448 -0.760406 0 1 5.57633 95
-117.366 120.172 34.7925 0.649448 -0.760406 0 1 5.57633 95
-117.366 120.172 37.9925 0.649448 -0.760406 0 1 5.57633 95
-117.366 120.172 41.1925 0.649448 -0.760406 0 1 5.57633 95
-117.366 120.172 44.3925 0.649448 -0.760406 0 1 5.57633 95
-117.366 120.172 47.5925 0.649448 -0.760406 0 1 5.57633 95
-117.366 120.172 50.7925 0.649448 -0.760406 0 1 5.57633 95
-114.932 122.25 28.3925 0.649448 -0.760406 0 1 5.57633 95
-114.932 122.25 31.5925 0.649448 -0.760406 0 1 5.57633 95
-114.932 122.25 34.7925 0.649448 -0.760406 0 1 5.57633 95
-114.932 122.25 37.9925 0.649448 -0.760406 0 1 5.57633 95
-114.932 122.25 41.1925 0.649448 -0.760406 0 1 5.57633 95
-114.932 122.25 44.3925 0.649448 -0.760406 0 1 5.57633 95
-114.932 122.25 47.5925 0.649448 -0.760406 0 1 5.57633 95
-114.932 122.25 50.7925 0.649448 -0.760406 0 1 5.57633 95
-112.499 124.329 28.3925 0.649448 -0.760406 0 1 5.57633 95
-112.499 124.329 31.5925 0.649448 -0.760406 0 1 5.57633 95
-112.499 124.329 34.7925 0.649448 -0.760406 0 1 5.57633 95
-112.499 124.329 37.9925 0.649448 -0.760406 0 1 5.57633 95
-112.499 124.329 41.1925 0.649448 -0.760406 0 1 5.57633 95
-112.499 124.329 44.3925 0.649448 -0.760406 0 1 5.57633 95
-112.499 124.329 47.5925 0.649448 -0.760406 0 1 5.57633 95
-112.499 124.329 50.7925 0.649448 -0.760406 0 1 5.57633 95
-110.066 126.407 28.3925 0.649448 -0.760406 0 1 5.57633 95
-110.066 126.407 31.5925 0.649448 -0.760406 0 1 5.57633 95
-110.066 126.407 34.7925 0.649448 -0.760406 0 1 5.57633 95
-110.066 126.407 37.9925 0.649448 -0.760406 0 1 5.57633 95
-110.066 126.407 41.1925 0.649448 -0.760406 0 1 5.57633 95
-110.066 126.407 44.3925 0.649448 -0.760406 0 1 5.57633 95
-110.066 126.407 47.5925 0.649448 -0.760406 0 1 5.57633 95
-110.066 126.407 50.7925 0.649448 -0.760406 0 1 5.57633 95
-107.632 128.485 28.3925 0.649448 -0.760406 0 1 5.57633 95
-107.632 128.485 31.5925 0.649448 -0.760406 0 1 5.57633 95
-107.632 128.485 34.7925 0.649448 -0.760406 0 1 5.57633 95
-107.632 128.485 37.9925 0.649448 -0.760406 0 1 5.57633 95
-107.632 128.485 41.1925 0.649448 -0.760406 0 1 5.57633 95
-107.632 128.485 44.3925 0.649448 -0.760406 0 1 5.57633 95
-107.632 128.485 47.5925 0.649448 -0.760406 0 1 5.57633 95
-107.632 128.485 50.7925 0.649448 -0.760406 0 1 5.57633 95
-105.199 130.563 28.3925 0.649448 -0.760406 0 1 5.57633 95
-105.199 130.563 31.5925 0.649448 -0.760406 0 1 5.57633 95
-105.199 130.563 34.7925 0.649448 -0.760406 0 1 5.57633 95
-105.199 130.563 37.9925 0.649448 -0.760406 0 1 5.57633 95
-105.199 130.563 41.1925 0.649448 -0.760406 0 1 5.57633 95
-105.199 130.563 44.3925 0.649448 -0.760406 0 1 5.57633 95
-105.199 130.563 47.5925 0.649448 -0.760406 0 1 5.57633 95
-105.199 130.563 50.7925 0.649448 -0.760406 0 1 5.57633 95
-102.766 132.642 28.3925 0.649448 -0.760406 0 1 5.57633 95
-102.766 132.642 31.5925 0.649448 -0.760406 0 1 5.57633 95
-102.766 132.642 34.7925 0.649448 -0.760406 0 1 5.57633 95
-102.766 132.642 37.9925 0.649448 -0.760406 0 1 5.57633 95
-102.766 132.642 41.1925 0.649448 -0.760406 0 1 5.57633 95
-102.766 132.642 44.3925 0.649448 -0.760406 0 1 5.57633 95
-102.766 132.642 47.5925 0.649448 -0.760406 0 1 5.57633 95
-102.766 132.642 50.7925 0.649448 -0.760406 0 1 5.57633 95
-100.333 134.72 28.3925 0.649448 -0.760406 0 1 5.57633 95
-100.333 134.72 31.5925 0.649448 -0.760406 0 1 5.57633 95
-100.333 134.72 34.7925 0.649448 -0.760406 0 1 5.57633 95
-100.333 134.72 37.9925 0.649448 -0.760406 0 1 5.57633 95
-100.333 134.72 41.1925 0.649448 -0.760406 0 1 5.57633 95
-100.333 134.72 44.3925 0.649448 -0.760406 0 1 5.57633 95
-100.333 134.72 47.5925 0.649448 -0.760406 0 1 5.57633 95
-100.333 134.72 50.7925 0.649448 -0.760406 0 1 5.57633 95
