117.3250734,-120.1245968,38.00000000000001,0.649448049,-0.760405965,0.0
114.8917743,-122.2028306,38.00000000000001,0.649448049,-0.760405965,0.0
112.4584752,-124.2810643,28.4,0.649448049,-0.760405965,0.0
117.3250734,-120.1245968,34.800000000000004,0.649448049,-0.760405965,0.0
110.0251761,-126.3592981,34.800000000000004,0.649448049,-0.760405965,0.0
112.4584752,-124.2810643,34.800000000000004,0.649448049,-0.760405965,0.0
110.0251761,-126.3592981,38.00000000000001,0.649448049,-0.760405965,0.0
117.3250734,-120.1245968,28.4,0.649448049,-0.760405965,0.0
114.8917743,-122.2028306,31.6,0.649448049,-0.760405965,0.0
110.0251761,-126.3592981,28.4,0.649448049,-0.760405965,0.0
114.8917743,-122.2028306,34.800000000000004,0.649448049,-0.760405965,0.0
110.0251761,-126.3592981,31.6,0.649448049,-0.760405965,0.0
112.4584752,-124.2810643,38.00000000000001,0.649448049,-0.760405965,0.0
112.4584752,-124.2810643,31.6,0.649448049,-0.760405965,0.0
117.3250734,-120.1245968,31.6,0.649448049,-0.760405965,0.0
114.8917743,-122.2028306,28.4,0.649448049,-0.760405965,0.0
117.3250734,-120.1245968,41.2,0.649448049,-0.760405965,0.0
114.8917743,-122.2028306,41.2,0.649448049,-0.760405965,0.0
117.3250734,-120.1245968,44.4,0.649448049,-0.760405965,0.0
114.8917743,-122.2028306,44.4,0.649448049,-0.760405965,0.0
117.3250734,-120.1245968,50.8,0.649448049,-0.760405965,0.0
117.3250734,-120.1245968,47.6,0.649448049,-0.760405965,0.0
114.8917743,-122.2028306,50.8,0.649448049,-0.760405965,0.0
114.8917743,-122.2028306,47.6,0.649448049,-0.760405965,0.0
112.4584752,-124.2810643,41.2,0.649448049,-0.760405965,0.0
112.4584752,-124.2810643,47.6,0.649448049,-0.760405965,0.0
112.4584752,-124.2810643,44.4,0.649448049,-0.760405965,0.0
107.5918771,-128.4375319,38.00000000000001,0.649448049,-0.760405965,0.0
112.4584752,-124.2810643,50.8,0.649448049,-0.760405965,0.0
110.0251761,-126.3592981,41.2,0.649448049,-0.760405965,0.0
110.0251761,-126.3592981,50.8,0.649448049,-0.760405965,0.0
110.0251761,-126.3592981,47.6,0.649448049,-0.760405965,0.0
110.0251761,-126.3592981,44.4,0.649448049,-0.760405965,0.0
107.5918771,-128.4375319,41.2,0.649448049,-0.760405965,0.0
107.5918771,-128.4375319,44.4,0.649448049,-0.760405965,0.0
107.5918771,-128.4375319,50.8,0.649448049,-0.760405965,0.0
107.5918771,-128.4375319,47.6,0.649448049,-0.760405965,0.0
105.158578,-130.5157656,50.8,0.649448049,-0.760405965,0.0
107.5918771,-128.4375319,34.800000000000004,0.649448049,-0.760405965,0.0
105.158578,-130.5157656,47.6,0.649448049,-0.760405965,0.0
105.158578,-130.5157656,44.4,0.649448049,-0.760405965,0.0
105.158578,-130.5157656,41.2,0.649448049,-0.760405965,0.0
102.7252789,-132.5939994,47.6,0.649448049,-0.760405965,0.0
102.7252789,-132.5939994,50.8,0.649448049,-0.760405965,0.0
100.2919798,-134.6722331,50.8,0.649448049,-0.760405965,0.0
102.7252789,-132.5939994,41.2,0.649448049,-0.760405965,0.0
100.2919798,-134.6722331,47.6,0.649448049,-0.760405965,0.0
102.7252789,-132.5939994,44.4,0.649448049,-0.760405965,0.0
100.2919798,-134.6722331,41.2,0.649448049,-0.760405965,0.0
100.2919798,-134.6722331,44.4,0.649448049,-0.760405965,0.0
105.158578,-130.5157656,31.6,0.649448049,-0.760405965,0.0
102.7252789,-132.5939994,31.6,0.649448049,-0.760405965,0.0
102.7252789,-132.5939994,28.4,0.649448049,-0.760405965,0.0
102.7252789,-132.5939994,38.00000000000001,0.649448049,-0.760405965,0.0
102.7252789,-132.5939994,34.800000000000004,0.649448049,-0.760405965,0.0
100.2919798,-134.6722331,31.6,0.649448049,-0.760405965,0.0
100.2919798,-134.6722331,28.4,0.649448049,-0.760405965,0.0
105.158578,-130.5157656,28.4,0.649448049,-0.760405965,0.0
107.5918771,-128.4375319,28.4,0.649448049,-0.760405965,0.0
105.158578,-130.5157656,38.00000000000001,0.649448049,-0.760405965,0.0
100.2919798,-134.6722331,34.800000000000004,0.649448049,-0.760405965,0.0
105.158578,-130.5157656,34.800000000000004,0.649448049,-0.760405965,0.0
107.5918771,-128.4375319,31.6,0.649448049,-0.760405965,0.0
100.2919798,-134.6722331,38.00000000000001,0.649448049,-0.760405965,0.0
100.2919798,-134.6722331,14.800000000000004,0.649448049,-0.760405965,0.0
102.7252789,-132.5939994,14.800000000000004,0.649448049,-0.760405965,0.0
107.5918771,-128.4375319,18.000000000000007,0.649448049,-0.760405965,0.0
102.7252789,-132.5939994,18.000000000000007,0.649448049,-0.760405965,0.0
107.5918771,-128.4375319,14.800000000000004,0.649448049,-0.760405965,0.0
100.2919798,-134.6722331,21.2,0.649448049,-0.760405965,0.0
105.158578,-130.5157656,21.2,0.649448049,-0.760405965,0.0
100.2919798,-134.6722331,24.4,0.649448049,-0.760405965,0.0
102.7252789,-132.5939994,21.2,0.649448049,-0.760405965,0.0
110.0251761,-126.3592981,14.800000000000004,0.649448049,-0.760405965,0.0
100.2919798,-134.6722331,18.000000000000007,0.649448049,-0.760405965,0.0
110.0251761,-126.3592981,18.000000000000007,0.649448049,-0.760405965,0.0
105.158578,-130.5157656,14.800000000000004,0.649448049,-0.760405965,0.0
105.158578,-130.5157656,24.4,0.649448049,-0.760405965,0.0
105.158578,-130.5157656,18.000000000000007,0.649448049,-0.760405965,0.0
102.7252789,-132.5939994,24.4,0.649448049,-0.760405965,0.0
100.2919798,-134.6722331,11.6,0.649448049,-0.760405965,0.0
100.2919798,-134.6722331,5.200000000000003,0.649448049,-0.760405965,0.0
100.2919798,-134.6722331,8.399999999999999,0.649448049,-0.760405965,0.0
100.2919798,-134.6722331,2.0,0.649448049,-0.760405965,0.0
102.7252789,-132.5939994,8.399999999999999,0.649448049,-0.760405965,0.0
102.7252789,-132.5939994,11.6,0.649448049,-0.760405965,0.0
102.7252789,-132.5939994,5.200000000000003,0.649448049,-0.760405965,0.0
102.7252789,-132.5939994,2.0,0.649448049,-0.760405965,0.0
105.158578,-130.5157656,11.6,0.649448049,-0.760405965,0.0
105.158578,-130.5157656,5.200000000000003,0.649448049,-0.760405965,0.0
105.158578,-130.5157656,8.399999999999999,0.649448049,-0.760405965,0.0
107.5918771,-128.4375319,21.2,0.649448049,-0.760405965,0.0
105.158578,-130.5157656,2.0,0.649448049,-0.760405965,0.0
107.5918771,-128.4375319,2.0,0.649448049,-0.760405965,0.0
107.5918771,-128.4375319,5.200000000000003,0.649448049,-0.760405965,0.0
107.5918771,-128.4375319,11.6,0.649448049,-0.760405965,0.0
107.5918771,-128.4375319,8.399999999999999,0.649448049,-0.760405965,0.0
110.0251761,-126.3592981,8.399999999999999,0.649448049,-0.760405965,0.0
110.0251761,-126.3592981,5.200000000000003,0.649448049,-0.760405965,0.0
110.0251761,-126.3592981,11.6,0.649448049,-0.760405965,0.0
110.0251761,-126.3592981,2.0,0.649448049,-0.760405965,0.0
112.4584752,-124.2810643,2.0,0.649448049,-0.760405965,0.0
107.5918771,-128.4375319,24.4,0.649448049,-0.760405965,0.0
112.4584752,-124.2810643,5.200000000000003,0.649448049,-0.760405965,0.0
114.8917743,-122.2028306,2.0,0.649448049,-0.760405965,0.0
112.4584752,-124.2810643,8.399999999999999,0.649448049,-0.760405965,0.0
114.8917743,-122.2028306,5.200000000000003,0.649448049,-0.760405965,0.0
112.4584752,-124.2810643,11.6,0.649448049,-0.760405965,0.0
117.3250734,-120.1245968,2.0,0.649448049,-0.760405965,0.0
114.8917743,-122.2028306,8.399999999999999,0.649448049,-0.760405965,0.0
117.3250734,-120.1245968,5.200000000000003,0.649448049,-0.760405965,0.0
114.8917743,-122.2028306,11.6,0.649448049,-0.760405965,0.0
117.3250734,-120.1245968,8.399999999999999,0.649448049,-0.760405965,0.0
117.3250734,-120.1245968,11.6,0.649448049,-0.760405965,0.0
112.4584752,-124.2810643,24.4,0.649448049,-0.760405965,0.0
114.8917743,-122.2028306,18.000000000000007,0.649448049,-0.760405965,0.0
114.8917743,-122.2028306,24.4,0.649448049,-0.760405965,0.0
114.8917743,-122.2028306,14.800000000000004,0.649448049,-0.760405965,0.0
114.8917743,-122.2028306,21.2,0.649448049,-0.760405965,0.0
117.3250734,-120.1245968,21.2,0.649448049,-0.760405965,0.0
117.3250734,-120.1245968,24.4,0.649448049,-0.760405965,0.0
112.4584752,-124.2810643,21.2,0.649448049,-0.760405965,0.0
110.0251761,-126.3592981,21.2,0.649448049,-0.760405965,0.0
112.4584752,-124.2810643,14.800000000000004,0.649448049,-0.760405965,0.0
117.3250734,-120.1245968,18.000000000000007,0.649448049,-0.760405965,0.0
112.4584752,-124.2810643,18.000000000000007,0.649448049,-0.760405965,0.0
110.0251761,-126.3592981,24.4,0.649448049,-0.760405965,0.0
117.3250734,-120.1245968,14.800000000000004,0.649448049,-0.760405965,0.0
134.6722341,-100.2919786,38.00000000000001,0.760405966,-0.649448048,0.0
132.5940003,-102.7252777,38.00000000000001,0.760405966,-0.649448048,0.0
130.5157666,-105.1585768,28.4,0.760405966,-0.649448048,0.0
134.6722341,-100.2919786,34.800000000000004,0.760405966,-0.649448048,0.0
128.4375328,-107.5918759,34.800000000000004,0.760405966,-0.649448048,0.0
130.5157666,-105.1585768,34.800000000000004,0.760405966,-0.649448048,0.0
128.4375328,-107.5918759,38.00000000000001,0.760405966,-0.649448048,0.0
134.6722341,-100.2919786,28.4,0.760405966,-0.649448048,0.0
132.5940003,-102.7252777,31.6,0.760405966,-0.649448048,0.0
128.4375328,-107.5918759,28.4,0.760405966,-0.649448048,0.0
132.5940003,-102.7252777,34.800000000000004,0.760405966,-0.649448048,0.0
128.4375328,-107.5918759,31.6,0.760405966,-0.649448048,0.0
130.5157666,-105.1585768,38.00000000000001,0.760405966,-0.649448048,0.0
130.5157666,-105.1585768,31.6,0.760405966,-0.649448048,0.0
134.6722341,-100.2919786,31.6,0.760405966,-0.649448048,0.0
132.5940003,-102.7252777,28.4,0.760405966,-0.649448048,0.0
134.6722341,-100.2919786,41.2,0.760405966,-0.649448048,0.0
132.5940003,-102.7252777,41.2,0.760405966,-0.649448048,0.0
134.6722341,-100.2919786,44.4,0.760405966,-0.649448048,0.0
132.5940003,-102.7252777,44.4,0.760405966,-0.649448048,0.0
134.6722341,-100.2919786,50.8,0.760405966,-0.649448048,0.0
134.6722341,-100.2919786,47.6,0.760405966,-0.649448048,0.0
132.5940003,-102.7252777,50.8,0.760405966,-0.649448048,0.0
132.5940003,-102.7252777,47.6,0.760405966,-0.649448048,0.0
130.5157666,-105.1585768,41.2,0.760405966,-0.649448048,0.0
130.5157666,-105.1585768,47.6,0.760405966,-0.649448048,0.0
130.5157666,-105.1585768,44.4,0.760405966,-0.649448048,0.0
126.3592991,-110.025175,38.00000000000001,0.760405966,-0.649448048,0.0
130.5157666,-105.1585768,50.8,0.760405966,-0.649448048,0.0
128.4375328,-107.5918759,41.2,0.760405966,-0.649448048,0.0
128.4375328,-107.5918759,50.8,0.760405966,-0.649448048,0.0
128.4375328,-107.5918759,47.6,0.760405966,-0.649448048,0.0
128.4375328,-107.5918759,44.4,0.760405966,-0.649448048,0.0
126.3592991,-110.025175,41.2,0.760405966,-0.649448048,0.0
126.3592991,-110.025175,44.4,0.760405966,-0.649448048,0.0
126.3592991,-110.025175,50.8,0.760405966,-0.649448048,0.0
126.3592991,-110.025175,47.6,0.760405966,-0.649448048,0.0
124.2810653,-112.4584741,50.8,0.760405966,-0.649448048,0.0
126.3592991,-110.025175,34.800000000000004,0.760405966,-0.649448048,0.0
124.2810653,-112.4584741,47.6,0.760405966,-0.649448048,0.0
124.2810653,-112.4584741,44.4,0.760405966,-0.649448048,0.0
124.2810653,-112.4584741,41.2,0.760405966,-0.649448048,0.0
122.2028316,-114.8917732,47.6,0.760405966,-0.649448048,0.0
122.2028316,-114.8917732,50.8,0.760405966,-0.649448048,0.0
120.1245978,-117.3250723,50.8,0.760405966,-0.649448048,0.0
122.2028316,-114.8917732,41.2,0.760405966,-0.649448048,0.0
120.1245978,-117.3250723,47.6,0.760405966,-0.649448048,0.0
122.2028316,-114.8917732,44.4,0.760405966,-0.649448048,0.0
120.1245978,-117.3250723,41.2,0.760405966,-0.649448048,0.0
120.1245978,-117.3250723,44.4,0.760405966,-0.649448048,0.0
124.2810653,-112.4584741,31.6,0.760405966,-0.649448048,0.0
122.2028316,-114.8917732,31.6,0.760405966,-0.649448048,0.0
122.2028316,-114.8917732,28.4,0.760405966,-0.649448048,0.0
122.2028316,-114.8917732,38.00000000000001,0.760405966,-0.649448048,0.0
122.2028316,-114.8917732,34.800000000000004,0.760405966,-0.649448048,0.0
120.1245978,-117.3250723,31.6,0.760405966,-0.649448048,0.0
120.1245978,-117.3250723,28.4,0.760405966,-0.649448048,0.0
124.2810653,-112.4584741,28.4,0.760405966,-0.649448048,0.0
126.3592991,-110.025175,28.4,0.760405966,-0.649448048,0.0
124.2810653,-112.4584741,38.00000000000001,0.760405966,-0.649448048,0.0
120.1245978,-117.3250723,34.800000000000004,0.760405966,-0.649448048,0.0
124.2810653,-112.4584741,34.800000000000004,0.760405966,-0.649448048,0.0
126.3592991,-110.025175,31.6,0.760405966,-0.649448048,0.0
120.1245978,-117.3250723,38.00000000000001,0.760405966,-0.649448048,0.0
120.1245978,-117.3250723,14.800000000000004,0.760405966,-0.649448048,0.0
122.2028316,-114.8917732,14.800000000000004,0.760405966,-0.649448048,0.0
126.3592991,-110.025175,18.000000000000007,0.760405966,-0.649448048,0.0
122.2028316,-114.8917732,18.000000000000007,0.760405966,-0.649448048,0.0
126.3592991,-110.025175,14.800000000000004,0.760405966,-0.649448048,0.0
120.1245978,-117.3250723,21.2,0.760405966,-0.649448048,0.0
124.2810653,-112.4584741,21.2,0.760405966,-0.649448048,0.0
120.1245978,-117.3250723,24.4,0.760405966,-0.649448048,0.0
122.2028316,-114.8917732,21.2,0.760405966,-0.649448048,0.0
128.4375328,-107.5918759,14.800000000000004,0.760405966,-0.649448048,0.0
120.1245978,-117.3250723,18.000000000000007,0.760405966,-0.649448048,0.0
128.4375328,-107.5918759,18.000000000000007,0.760405966,-0.649448048,0.0
124.2810653,-112.4584741,14.800000000000004,0.760405966,-0.649448048,0.0
124.2810653,-112.4584741,24.4,0.760405966,-0.649448048,0.0
124.2810653,-112.4584741,18.000000000000007,0.760405966,-0.649448048,0.0
122.2028316,-114.8917732,24.4,0.760405966,-0.649448048,0.0
120.1245978,-117.3250723,11.6,0.760405966,-0.649448048,0.0
120.1245978,-117.3250723,5.200000000000003,0.760405966,-0.649448048,0.0
120.1245978,-117.3250723,8.399999999999999,0.760405966,-0.649448048,0.0
120.1245978,-117.3250723,2.0,0.760405966,-0.649448048,0.0
122.2028316,-114.8917732,8.399999999999999,0.760405966,-0.649448048,0.0
122.2028316,-114.8917732,11.6,0.760405966,-0.649448048,0.0
122.2028316,-114.8917732,5.200000000000003,0.760405966,-0.649448048,0.0
122.2028316,-114.8917732,2.0,0.760405966,-0.649448048,0.0
124.2810653,-112.4584741,11.6,0.760405966,-0.649448048,0.0
124.2810653,-112.4584741,5.200000000000003,0.760405966,-0.649448048,0.0
124.2810653,-112.4584741,8.399999999999999,0.760405966,-0.649448048,0.0
126.3592991,-110.025175,21.2,0.760405966,-0.649448048,0.0
124.2810653,-112.4584741,2.0,0.760405966,-0.649448048,0.0
126.3592991,-110.025175,2.0,0.760405966,-0.649448048,0.0
126.3592991,-110.025175,5.200000000000003,0.760405966,-0.649448048,0.0
126.3592991,-110.025175,11.6,0.760405966,-0.649448048,0.0
126.3592991,-110.025175,8.399999999999999,0.760405966,-0.649448048,0.0
128.4375328,-107.5918759,8.399999999999999,0.760405966,-0.649448048,0.0
128.4375328,-107.5918759,5.200000000000003,0.760405966,-0.649448048,0.0
128.4375328,-107.5918759,11.6,0.760405966,-0.649448048,0.0
128.4375328,-107.5918759,2.0,0.760405966,-0.649448048,0.0
130.5157666,-105.1585768,2.0,0.760405966,-0.649448048,0.0
126.3592991,-110.025175,24.4,0.760405966,-0.649448048,0.0
130.5157666,-105.1585768,5.200000000000003,0.760405966,-0.649448048,0.0
132.5940003,-102.7252777,2.0,0.760405966,-0.649448048,0.0
130.5157666,-105.1585768,8.399999999999999,0.760405966,-0.649448048,0.0
132.5940003,-102.7252777,5.200000000000003,0.760405966,-0.649448048,0.0
130.5157666,-105.1585768,11.6,0.760405966,-0.649448048,0.0
134.6722341,-100.2919786,2.0,0.760405966,-0.649448048,0.0
132.5940003,-102.7252777,8.399999999999999,0.760405966,-0.649448048,0.0
134.6722341,-100.2919786,5.200000000000003,0.760405966,-0.649448048,0.0
132.5940003,-102.7252777,11.6,0.760405966,-0.649448048,0.0
134.6722341,-100.2919786,8.399999999999999,0.760405966,-0.649448048,0.0
134.6722341,-100.2919786,11.6,0.760405966,-0.649448048,0.0
130.5157666,-105.1585768,24.4,0.760405966,-0.649448048,0.0
132.5940003,-102.7252777,18.000000000000007,0.760405966,-0.649448048,0.0
132.5940003,-102.7252777,24.4,0.760405966,-0.649448048,0.0
132.5940003,-102.7252777,14.800000000000004,0.760405966,-0.649448048,0.0
132.5940003,-102.7252777,21.2,0.760405966,-0.649448048,0.0
134.6722341,-100.2919786,21.2,0.760405966,-0.649448048,0.0
134.6722341,-100.2919786,24.4,0.760405966,-0.649448048,0.0
130.5157666,-105.1585768,21.2,0.760405966,-0.649448048,0.0
128.4375328,-107.5918759,21.2,0.760405966,-0.649448048,0.0
130.5157666,-105.1585768,14.800000000000004,0.760405966,-0.649448048,0.0
134.6722341,-100.2919786,18.000000000000007,0.760405966,-0.649448048,0.0
130.5157666,-105.1585768,18.000000000000007,0.760405966,-0.649448048,0.0
128.4375328,-107.5918759,24.4,0.760405966,-0.649448048,0.0
134.6722341,-100.2919786,14.800000000000004,0.760405966,-0.649448048,0.0
148.7033174,-77.98983909,38.00000000000001,0.852640165,-0.522498564,0.0
147.031322,-80.71828761,38.00000000000001,0.852640165,-0.522498564,0.0
145.3593266,-83.44673614,28.4,0.852640165,-0.522498564,0.0
148.7033174,-77.98983909,34.800000000000004,0.852640165,-0.522498564,0.0
143.6873312,-86.17518467,34.800000000000004,0.852640165,-0.522498564,0.0
145.3593266,-83.44673614,34.800000000000004,0.852640165,-0.522498564,0.0
143.6873312,-86.17518467,38.00000000000001,0.852640165,-0.522498564,0.0
148.7033174,-77.98983909,28.4,0.852640165,-0.522498564,0.0
147.031322,-80.71828761,31.6,0.852640165,-0.522498564,0.0
143.6873312,-86.17518467,28.4,0.852640165,-0.522498564,0.0
147.031322,-80.71828761,34.800000000000004,0.852640165,-0.522498564,0.0
143.6873312,-86.17518467,31.6,0.852640165,-0.522498564,0.0
145.3593266,-83.44673614,38.00000000000001,0.852640165,-0.522498564,0.0
145.3593266,-83.44673614,31.6,0.852640165,-0.522498564,0.0
148.7033174,-77.98983909,31.6,0.852640165,-0.522498564,0.0
147.031322,-80.71828761,28.4,0.852640165,-0.522498564,0.0
148.7033174,-77.98983909,41.2,0.852640165,-0.522498564,0.0
147.031322,-80.71828761,41.2,0.852640165,-0.522498564,0.0
148.7033174,-77.98983909,44.4,0.852640165,-0.522498564,0.0
147.031322,-80.71828761,44.4,0.852640165,-0.522498564,0.0
148.7033174,-77.98983909,50.8,0.852640165,-0.522498564,0.0
148.7033174,-77.98983909,47.6,0.852640165,-0.522498564,0.0
147.031322,-80.71828761,50.8,0.852640165,-0.522498564,0.0
147.031322,-80.71828761,47.6,0.852640165,-0.522498564,0.0
145.3593266,-83.44673614,41.2,0.852640165,-0.522498564,0.0
145.3593266,-83.44673614,47.6,0.852640165,-0.522498564,0.0
145.3593266,-83.44673614,44.4,0.852640165,-0.522498564,0.0
142.0153358,-88.90363319,38.00000000000001,0.852640165,-0.522498564,0.0
145.3593266,-83.44673614,50.8,0.852640165,-0.522498564,0.0
143.6873312,-86.17518467,41.2,0.852640165,-0.522498564,0.0
143.6873312,-86.17518467,50.8,0.852640165,-0.522498564,0.0
143.6873312,-86.17518467,47.6,0.852640165,-0.522498564,0.0
143.6873312,-86.17518467,44.4,0.852640165,-0.522498564,0.0
142.0153358,-88.90363319,41.2,0.852640165,-0.522498564,0.0
142.0153358,-88.90363319,44.4,0.852640165,-0.522498564,0.0
142.0153358,-88.90363319,50.8,0.852640165,-0.522498564,0.0
142.0153358,-88.90363319,47.6,0.852640165,-0.522498564,0.0
140.3433404,-91.63208172,50.8,0.852640165,-0.522498564,0.0
142.0153358,-88.90363319,34.800000000000004,0.852640165,-0.522498564,0.0
140.3433404,-91.63208172,47.6,0.852640165,-0.522498564,0.0
140.3433404,-91.63208172,44.4,0.852640165,-0.522498564,0.0
140.3433404,-91.63208172,41.2,0.852640165,-0.522498564,0.0
138.671345,-94.36053025,47.6,0.852640165,-0.522498564,0.0
138.671345,-94.36053025,50.8,0.852640165,-0.522498564,0.0
136.9993496,-97.08897877,50.8,0.852640165,-0.522498564,0.0
138.671345,-94.36053025,41.2,0.852640165,-0.522498564,0.0
136.9993496,-97.08897877,47.6,0.852640165,-0.522498564,0.0
138.671345,-94.36053025,44.4,0.852640165,-0.522498564,0.0
136.9993496,-97.08897877,41.2,0.852640165,-0.522498564,0.0
136.9993496,-97.08897877,44.4,0.852640165,-0.522498564,0.0
140.3433404,-91.63208172,31.6,0.852640165,-0.522498564,0.0
138.671345,-94.36053025,31.6,0.852640165,-0.522498564,0.0
138.671345,-94.36053025,28.4,0.852640165,-0.522498564,0.0
138.671345,-94.36053025,38.00000000000001,0.852640165,-0.522498564,0.0
138.671345,-94.36053025,34.800000000000004,0.852640165,-0.522498564,0.0
136.9993496,-97.08897877,31.6,0.852640165,-0.522498564,0.0
136.9993496,-97.08897877,28.4,0.852640165,-0.522498564,0.0
140.3433404,-91.63208172,28.4,0.852640165,-0.522498564,0.0
142.0153358,-88.90363319,28.4,0.852640165,-0.522498564,0.0
140.3433404,-91.63208172,38.00000000000001,0.852640165,-0.522498564,0.0
136.9993496,-97.08897877,34.800000000000004,0.852640165,-0.522498564,0.0
140.3433404,-91.63208172,34.800000000000004,0.852640165,-0.522498564,0.0
142.0153358,-88.90363319,31.6,0.852640165,-0.522498564,0.0
136.9993496,-97.08897877,38.00000000000001,0.852640165,-0.522498564,0.0
136.9993496,-97.08897877,14.800000000000004,0.852640165,-0.522498564,0.0
138.671345,-94.36053025,14.800000000000004,0.852640165,-0.522498564,0.0
142.0153358,-88.90363319,18.000000000000007,0.852640165,-0.522498564,0.0
138.671345,-94.36053025,18.000000000000007,0.852640165,-0.522498564,0.0
142.0153358,-88.90363319,14.800000000000004,0.852640165,-0.522498564,0.0
136.9993496,-97.08897877,21.2,0.852640165,-0.522498564,0.0
140.3433404,-91.63208172,21.2,0.852640165,-0.522498564,0.0
136.9993496,-97.08897877,24.4,0.852640165,-0.522498564,0.0
138.671345,-94.36053025,21.2,0.852640165,-0.522498564,0.0
143.6873312,-86.17518467,14.800000000000004,0.852640165,-0.522498564,0.0
136.9993496,-97.08897877,18.000000000000007,0.852640165,-0.522498564,0.0
143.6873312,-86.17518467,18.000000000000007,0.852640165,-0.522498564,0.0
140.3433404,-91.63208172,14.800000000000004,0.852640165,-0.522498564,0.0
140.3433404,-91.63208172,24.4,0.852640165,-0.522498564,0.0
140.3433404,-91.63208172,18.000000000000007,0.852640165,-0.522498564,0.0
138.671345,-94.36053025,24.4,0.852640165,-0.522498564,0.0
136.9993496,-97.08897877,11.6,0.852640165,-0.522498564,0.0
136.9993496,-97.08897877,5.200000000000003,0.852640165,-0.522498564,0.0
136.9993496,-97.08897877,8.399999999999999,0.852640165,-0.522498564,0.0
136.9993496,-97.08897877,2.0,0.852640165,-0.522498564,0.0
138.671345,-94.36053025,8.399999999999999,0.852640165,-0.522498564,0.0
138.671345,-94.36053025,11.6,0.852640165,-0.522498564,0.0
138.671345,-94.36053025,5.200000000000003,0.852640165,-0.522498564,0.0
138.671345,-94.36053025,2.0,0.852640165,-0.522498564,0.0
140.3433404,-91.63208172,11.6,0.852640165,-0.522498564,0.0
140.3433404,-91.63208172,5.200000000000003,0.852640165,-0.522498564,0.0
140.3433404,-91.63208172,8.399999999999999,0.852640165,-0.522498564,0.0
142.0153358,-88.90363319,21.2,0.852640165,-0.522498564,0.0
140.3433404,-91.63208172,2.0,0.852640165,-0.522498564,0.0
142.0153358,-88.90363319,2.0,0.852640165,-0.522498564,0.0
142.0153358,-88.90363319,5.200000000000003,0.852640165,-0.522498564,0.0
142.0153358,-88.90363319,11.6,0.852640165,-0.522498564,0.0
142.0153358,-88.90363319,8.399999999999999,0.852640165,-0.522498564,0.0
143.6873312,-86.17518467,8.399999999999999,0.852640165,-0.522498564,0.0
143.6873312,-86.17518467,5.200000000000003,0.852640165,-0.522498564,0.0
143.6873312,-86.17518467,11.6,0.852640165,-0.522498564,0.0
143.6873312,-86.17518467,2.0,0.852640165,-0.522498564,0.0
145.3593266,-83.44673614,2.0,0.852640165,-0.522498564,0.0
142.0153358,-88.90363319,24.4,0.852640165,-0.522498564,0.0
145.3593266,-83.44673614,5.200000000000003,0.852640165,-0.522498564,0.0
147.031322,-80.71828761,2.0,0.852640165,-0.522498564,0.0
145.3593266,-83.44673614,8.399999999999999,0.852640165,-0.522498564,0.0
147.031322,-80.71828761,5.200000000000003,0.852640165,-0.522498564,0.0
145.3593266,-83.44673614,11.6,0.852640165,-0.522498564,0.0
148.7033174,-77.98983909,2.0,0.852640165,-0.522498564,0.0
147.031322,-80.71828761,8.399999999999999,0.852640165,-0.522498564,0.0
148.7033174,-77.98983909,5.200000000000003,0.852640165,-0.522498564,0.0
147.031322,-80.71828761,11.6,0.852640165,-0.522498564,0.0
148.7033174,-77.98983909,8.399999999999999,0.852640165,-0.522498564,0.0
148.7033174,-77.98983909,11.6,0.852640165,-0.522498564,0.0
145.3593266,-83.44673614,24.4,0.852640165,-0.522498564,0.0
147.031322,-80.71828761,18.000000000000007,0.852640165,-0.522498564,0.0
147.031322,-80.71828761,24.4,0.852640165,-0.522498564,0.0
147.031322,-80.71828761,14.800000000000004,0.852640165,-0.522498564,0.0
147.031322,-80.71828761,21.2,0.852640165,-0.522498564,0.0
148.7033174,-77.98983909,21.2,0.852640165,-0.522498564,0.0
148.7033174,-77.98983909,24.4,0.852640165,-0.522498564,0.0
145.3593266,-83.44673614,21.2,0.852640165,-0.522498564,0.0
143.6873312,-86.17518467,21.2,0.852640165,-0.522498564,0.0
145.3593266,-83.44673614,14.800000000000004,0.852640165,-0.522498564,0.0
148.7033174,-77.98983909,18.000000000000007,0.852640165,-0.522498564,0.0
145.3593266,-83.44673614,18.000000000000007,0.852640165,-0.522498564,0.0
143.6873312,-86.17518467,24.4,0.852640165,-0.522498564,0.0
148.7033174,-77.98983909,14.800000000000004,0.852640165,-0.522498564,0.0
159.0728316,-53.76733087,38.00000000000001,0.923879533,-0.382683432,0.0
157.8482446,-56.72374537,38.00000000000001,0.923879533,-0.382683432,0.0
156.6236576,-59.68015988,28.4,0.923879533,-0.382683432,0.0
159.0728316,-53.76733087,34.800000000000004,0.923879533,-0.382683432,0.0
155.3990706,-62.63657438,34.800000000000004,0.923879533,-0.382683432,0.0
156.6236576,-59.68015988,34.800000000000004,0.923879533,-0.382683432,0.0
155.3990706,-62.63657438,38.00000000000001,0.923879533,-0.382683432,0.0
159.0728316,-53.76733087,28.4,0.923879533,-0.382683432,0.0
157.8482446,-56.72374537,31.6,0.923879533,-0.382683432,0.0
155.3990706,-62.63657438,28.4,0.923879533,-0.382683432,0.0
157.8482446,-56.72374537,34.800000000000004,0.923879533,-0.382683432,0.0
155.3990706,-62.63657438,31.6,0.923879533,-0.382683432,0.0
156.6236576,-59.68015988,38.00000000000001,0.923879533,-0.382683432,0.0
156.6236576,-59.68015988,31.6,0.923879533,-0.382683432,0.0
159.0728316,-53.76733087,31.6,0.923879533,-0.382683432,0.0
157.8482446,-56.72374537,28.4,0.923879533,-0.382683432,0.0
159.0728316,-53.76733087,41.2,0.923879533,-0.382683432,0.0
157.8482446,-56.72374537,41.2,0.923879533,-0.382683432,0.0
159.0728316,-53.76733087,44.4,0.923879533,-0.382683432,0.0
157.8482446,-56.72374537,44.4,0.923879533,-0.382683432,0.0
159.0728316,-53.76733087,50.8,0.923879533,-0.382683432,0.0
159.0728316,-53.76733087,47.6,0.923879533,-0.382683432,0.0
157.8482446,-56.72374537,50.8,0.923879533,-0.382683432,0.0
157.8482446,-56.72374537,47.6,0.923879533,-0.382683432,0.0
156.6236576,-59.68015988,41.2,0.923879533,-0.382683432,0.0
156.6236576,-59.68015988,47.6,0.923879533,-0.382683432,0.0
156.6236576,-59.68015988,44.4,0.923879533,-0.382683432,0.0
154.1744836,-65.59298889,38.00000000000001,0.923879533,-0.382683432,0.0
156.6236576,-59.68015988,50.8,0.923879533,-0.382683432,0.0
155.3990706,-62.63657438,41.2,0.923879533,-0.382683432,0.0
155.3990706,-62.63657438,50.8,0.923879533,-0.382683432,0.0
155.3990706,-62.63657438,47.6,0.923879533,-0.382683432,0.0
155.3990706,-62.63657438,44.4,0.923879533,-0.382683432,0.0
154.1744836,-65.59298889,41.2,0.923879533,-0.382683432,0.0
154.1744836,-65.59298889,44.4,0.923879533,-0.382683432,0.0
154.1744836,-65.59298889,50.8,0.923879533,-0.382683432,0.0
154.1744836,-65.59298889,47.6,0.923879533,-0.382683432,0.0
152.9498967,-68.54940339,50.8,0.923879533,-0.382683432,0.0
154.1744836,-65.59298889,34.800000000000004,0.923879533,-0.382683432,0.0
152.9498967,-68.54940339,47.6,0.923879533,-0.382683432,0.0
152.9498967,-68.54940339,44.4,0.923879533,-0.382683432,0.0
152.9498967,-68.54940339,41.2,0.923879533,-0.382683432,0.0
151.7253097,-71.50581789,47.6,0.923879533,-0.382683432,0.0
151.7253097,-71.50581789,50.8,0.923879533,-0.382683432,0.0
150.5007227,-74.4622324,50.8,0.923879533,-0.382683432,0.0
151.7253097,-71.50581789,41.2,0.923879533,-0.382683432,0.0
150.5007227,-74.4622324,47.6,0.923879533,-0.382683432,0.0
151.7253097,-71.50581789,44.4,0.923879533,-0.382683432,0.0
150.5007227,-74.4622324,41.2,0.923879533,-0.382683432,0.0
150.5007227,-74.4622324,44.4,0.923879533,-0.382683432,0.0
152.9498967,-68.54940339,31.6,0.923879533,-0.382683432,0.0
151.7253097,-71.50581789,31.6,0.923879533,-0.382683432,0.0
151.7253097,-71.50581789,28.4,0.923879533,-0.382683432,0.0
151.7253097,-71.50581789,38.00000000000001,0.923879533,-0.382683432,0.0
151.7253097,-71.50581789,34.800000000000004,0.923879533,-0.382683432,0.0
150.5007227,-74.4622324,31.6,0.923879533,-0.382683432,0.0
150.5007227,-74.4622324,28.4,0.923879533,-0.382683432,0.0
152.9498967,-68.54940339,28.4,0.923879533,-0.382683432,0.0
154.1744836,-65.59298889,28.4,0.923879533,-0.382683432,0.0
152.9498967,-68.54940339,38.00000000000001,0.923879533,-0.382683432,0.0
150.5007227,-74.4622324,34.800000000000004,0.923879533,-0.382683432,0.0
152.9498967,-68.54940339,34.800000000000004,0.923879533,-0.382683432,0.0
154.1744836,-65.59298889,31.6,0.923879533,-0.382683432,0.0
150.5007227,-74.4622324,38.00000000000001,0.923879533,-0.382683432,0.0
150.5007227,-74.4622324,14.800000000000004,0.923879533,-0.382683432,0.0
151.7253097,-71.50581789,14.800000000000004,0.923879533,-0.382683432,0.0
154.1744836,-65.59298889,18.000000000000007,0.923879533,-0.382683432,0.0
151.7253097,-71.50581789,18.000000000000007,0.923879533,-0.382683432,0.0
154.1744836,-65.59298889,14.800000000000004,0.923879533,-0.382683432,0.0
150.5007227,-74.4622324,21.2,0.923879533,-0.382683432,0.0
152.9498967,-68.54940339,21.2,0.923879533,-0.382683432,0.0
150.5007227,-74.4622324,24.4,0.923879533,-0.382683432,0.0
151.7253097,-71.50581789,21.2,0.923879533,-0.382683432,0.0
155.3990706,-62.63657438,14.800000000000004,0.923879533,-0.382683432,0.0
150.5007227,-74.4622324,18.000000000000007,0.923879533,-0.382683432,0.0
155.3990706,-62.63657438,18.000000000000007,0.923879533,-0.382683432,0.0
152.9498967,-68.54940339,14.800000000000004,0.923879533,-0.382683432,0.0
152.9498967,-68.54940339,24.4,0.923879533,-0.382683432,0.0
152.9498967,-68.54940339,18.000000000000007,0.923879533,-0.382683432,0.0
151.7253097,-71.50581789,24.4,0.923879533,-0.382683432,0.0
150.5007227,-74.4622324,11.6,0.923879533,-0.382683432,0.0
150.5007227,-74.4622324,5.200000000000003,0.923879533,-0.382683432,0.0
150.5007227,-74.4622324,8.399999999999999,0.923879533,-0.382683432,0.0
150.5007227,-74.4622324,2.0,0.923879533,-0.382683432,0.0
151.7253097,-71.50581789,8.399999999999999,0.923879533,-0.382683432,0.0
151.7253097,-71.50581789,11.6,0.923879533,-0.382683432,0.0
151.7253097,-71.50581789,5.200000000000003,0.923879533,-0.382683432,0.0
151.7253097,-71.50581789,2.0,0.923879533,-0.382683432,0.0
152.9498967,-68.54940339,11.6,0.923879533,-0.382683432,0.0
152.9498967,-68.54940339,5.200000000000003,0.923879533,-0.382683432,0.0
152.9498967,-68.54940339,8.399999999999999,0.923879533,-0.382683432,0.0
154.1744836,-65.59298889,21.2,0.923879533,-0.382683432,0.0
152.9498967,-68.54940339,2.0,0.923879533,-0.382683432,0.0
154.1744836,-65.59298889,2.0,0.923879533,-0.382683432,0.0
154.1744836,-65.59298889,5.200000000000003,0.923879533,-0.382683432,0.0
154.1744836,-65.59298889,11.6,0.923879533,-0.382683432,0.0
154.1744836,-65.59298889,8.399999999999999,0.923879533,-0.382683432,0.0
155.3990706,-62.63657438,8.399999999999999,0.923879533,-0.382683432,0.0
155.3990706,-62.63657438,5.200000000000003,0.923879533,-0.382683432,0.0
155.3990706,-62.63657438,11.6,0.923879533,-0.382683432,0.0
155.3990706,-62.63657438,2.0,0.923879533,-0.382683432,0.0
156.6236576,-59.68015988,2.0,0.923879533,-0.382683432,0.0
154.1744836,-65.59298889,24.4,0.923879533,-0.382683432,0.0
156.6236576,-59.68015988,5.200000000000003,0.923879533,-0.382683432,0.0
157.8482446,-56.72374537,2.0,0.923879533,-0.382683432,0.0
156.6236576,-59.68015988,8.399999999999999,0.923879533,-0.382683432,0.0
157.8482446,-56.72374537,5.200000000000003,0.923879533,-0.382683432,0.0
156.6236576,-59.68015988,11.6,0.923879533,-0.382683432,0.0
159.0728316,-53.76733087,2.0,0.923879533,-0.382683432,0.0
157.8482446,-56.72374537,8.399999999999999,0.923879533,-0.382683432,0.0
159.0728316,-53.76733087,5.200000000000003,0.923879533,-0.382683432,0.0
157.8482446,-56.72374537,11.6,0.923879533,-0.382683432,0.0
159.0728316,-53.76733087,8.399999999999999,0.923879533,-0.382683432,0.0
159.0728316,-53.76733087,11.6,0.923879533,-0.382683432,0.0
156.6236576,-59.68015988,24.4,0.923879533,-0.382683432,0.0
157.8482446,-56.72374537,18.000000000000007,0.923879533,-0.382683432,0.0
157.8482446,-56.72374537,24.4,0.923879533,-0.382683432,0.0
157.8482446,-56.72374537,14.800000000000004,0.923879533,-0.382683432,0.0
157.8482446,-56.72374537,21.2,0.923879533,-0.382683432,0.0
159.0728316,-53.76733087,21.2,0.923879533,-0.382683432,0.0
159.0728316,-53.76733087,24.4,0.923879533,-0.382683432,0.0
156.6236576,-59.68015988,21.2,0.923879533,-0.382683432,0.0
155.3990706,-62.63657438,21.2,0.923879533,-0.382683432,0.0
156.6236576,-59.68015988,14.800000000000004,0.923879533,-0.382683432,0.0
159.0728316,-53.76733087,18.000000000000007,0.923879533,-0.382683432,0.0
156.6236576,-59.68015988,18.000000000000007,0.923879533,-0.382683432,0.0
155.3990706,-62.63657438,24.4,0.923879533,-0.382683432,0.0
159.0728316,-53.76733087,14.800000000000004,0.923879533,-0.382683432,0.0
159.0728316,-53.76733087,-14.799999999999995,0.923879533,-0.382683432,0.0
157.8482446,-56.72374537,-14.799999999999995,0.923879533,-0.382683432,0.0
156.6236576,-59.68015988,-24.4,0.923879533,-0.382683432,0.0
159.0728316,-53.76733087,-18.0,0.923879533,-0.382683432,0.0
155.3990706,-62.63657438,-18.0,0.923879533,-0.382683432,0.0
156.6236576,-59.68015988,-18.0,0.923879533,-0.382683432,0.0
155.3990706,-62.63657438,-14.799999999999995,0.923879533,-0.382683432,0.0
159.0728316,-53.76733087,-24.4,0.923879533,-0.382683432,0.0
157.8482446,-56.72374537,-21.2,0.923879533,-0.382683432,0.0
155.3990706,-62.63657438,-24.4,0.923879533,-0.382683432,0.0
157.8482446,-56.72374537,-18.0,0.923879533,-0.382683432,0.0
155.3990706,-62.63657438,-21.2,0.923879533,-0.382683432,0.0
156.6236576,-59.68015988,-14.799999999999995,0.923879533,-0.382683432,0.0
156.6236576,-59.68015988,-21.2,0.923879533,-0.382683432,0.0
159.0728316,-53.76733087,-21.2,0.923879533,-0.382683432,0.0
157.8482446,-56.72374537,-24.4,0.923879533,-0.382683432,0.0
159.0728316,-53.76733087,-11.6,0.923879533,-0.382683432,0.0
157.8482446,-56.72374537,-11.6,0.923879533,-0.382683432,0.0
159.0728316,-53.76733087,-8.399999999999999,0.923879533,-0.382683432,0.0
157.8482446,-56.72374537,-8.399999999999999,0.923879533,-0.382683432,0.0
159.0728316,-53.76733087,-2.0,0.923879533,-0.382683432,0.0
159.0728316,-53.76733087,-5.199999999999996,0.923879533,-0.382683432,0.0
157.8482446,-56.72374537,-2.0,0.923879533,-0.382683432,0.0
157.8482446,-56.72374537,-5.199999999999996,0.923879533,-0.382683432,0.0
156.6236576,-59.68015988,-11.6,0.923879533,-0.382683432,0.0
156.6236576,-59.68015988,-5.199999999999996,0.923879533,-0.382683432,0.0
156.6236576,-59.68015988,-8.399999999999999,0.923879533,-0.382683432,0.0
154.1744836,-65.59298889,-14.799999999999995,0.923879533,-0.382683432,0.0
156.6236576,-59.68015988,-2.0,0.923879533,-0.382683432,0.0
155.3990706,-62.63657438,-11.6,0.923879533,-0.382683432,0.0
155.3990706,-62.63657438,-2.0,0.923879533,-0.382683432,0.0
155.3990706,-62.63657438,-5.199999999999996,0.923879533,-0.382683432,0.0
155.3990706,-62.63657438,-8.399999999999999,0.923879533,-0.382683432,0.0
154.1744836,-65.59298889,-11.6,0.923879533,-0.382683432,0.0
154.1744836,-65.59298889,-8.399999999999999,0.923879533,-0.382683432,0.0
154.1744836,-65.59298889,-2.0,0.923879533,-0.382683432,0.0
154.1744836,-65.59298889,-5.199999999999996,0.923879533,-0.382683432,0.0
152.9498967,-68.54940339,-2.0,0.923879533,-0.382683432,0.0
154.1744836,-65.59298889,-18.0,0.923879533,-0.382683432,0.0
152.9498967,-68.54940339,-5.199999999999996,0.923879533,-0.382683432,0.0
152.9498967,-68.54940339,-8.399999999999999,0.923879533,-0.382683432,0.0
152.9498967,-68.54940339,-11.6,0.923879533,-0.382683432,0.0
151.7253097,-71.50581789,-5.199999999999996,0.923879533,-0.382683432,0.0
151.7253097,-71.50581789,-2.0,0.923879533,-0.382683432,0.0
150.5007227,-74.4622324,-2.0,0.923879533,-0.382683432,0.0
151.7253097,-71.50581789,-11.6,0.923879533,-0.382683432,0.0
150.5007227,-74.4622324,-5.199999999999996,0.923879533,-0.382683432,0.0
151.7253097,-71.50581789,-8.399999999999999,0.923879533,-0.382683432,0.0
150.5007227,-74.4622324,-11.6,0.923879533,-0.382683432,0.0
150.5007227,-74.4622324,-8.399999999999999,0.923879533,-0.382683432,0.0
152.9498967,-68.54940339,-21.2,0.923879533,-0.382683432,0.0
151.7253097,-71.50581789,-21.2,0.923879533,-0.382683432,0.0
151.7253097,-71.50581789,-24.4,0.923879533,-0.382683432,0.0
151.7253097,-71.50581789,-14.799999999999995,0.923879533,-0.382683432,0.0
151.7253097,-71.50581789,-18.0,0.923879533,-0.382683432,0.0
150.5007227,-74.4622324,-21.2,0.923879533,-0.382683432,0.0
150.5007227,-74.4622324,-24.4,0.923879533,-0.382683432,0.0
152.9498967,-68.54940339,-24.4,0.923879533,-0.382683432,0.0
154.1744836,-65.59298889,-24.4,0.923879533,-0.382683432,0.0
152.9498967,-68.54940339,-14.799999999999995,0.923879533,-0.382683432,0.0
150.5007227,-74.4622324,-18.0,0.923879533,-0.382683432,0.0
152.9498967,-68.54940339,-18.0,0.923879533,-0.382683432,0.0
154.1744836,-65.59298889,-21.2,0.923879533,-0.382683432,0.0
150.5007227,-74.4622324,-14.799999999999995,0.923879533,-0.382683432,0.0
150.5007227,-74.4622324,-38.0,0.923879533,-0.382683432,0.0
151.7253097,-71.50581789,-38.0,0.923879533,-0.382683432,0.0
154.1744836,-65.59298889,-34.8,0.923879533,-0.382683432,0.0
151.7253097,-71.50581789,-34.8,0.923879533,-0.382683432,0.0
154.1744836,-65.59298889,-38.0,0.923879533,-0.382683432,0.0
150.5007227,-74.4622324,-31.6,0.923879533,-0.382683432,0.0
152.9498967,-68.54940339,-31.6,0.923879533,-0.382683432,0.0
150.5007227,-74.4622324,-28.4,0.923879533,-0.382683432,0.0
151.7253097,-71.50581789,-31.6,0.923879533,-0.382683432,0.0
155.3990706,-62.63657438,-38.0,0.923879533,-0.382683432,0.0
150.5007227,-74.4622324,-34.8,0.923879533,-0.382683432,0.0
155.3990706,-62.63657438,-34.8,0.923879533,-0.382683432,0.0
152.9498967,-68.54940339,-38.0,0.923879533,-0.382683432,0.0
152.9498967,-68.54940339,-28.4,0.923879533,-0.382683432,0.0
152.9498967,-68.54940339,-34.8,0.923879533,-0.382683432,0.0
151.7253097,-71.50581789,-28.4,0.923879533,-0.382683432,0.0
150.5007227,-74.4622324,-41.2,0.923879533,-0.382683432,0.0
150.5007227,-74.4622324,-47.6,0.923879533,-0.382683432,0.0
150.5007227,-74.4622324,-44.4,0.923879533,-0.382683432,0.0
150.5007227,-74.4622324,-50.8,0.923879533,-0.382683432,0.0
151.7253097,-71.50581789,-44.4,0.923879533,-0.382683432,0.0
151.7253097,-71.50581789,-41.2,0.923879533,-0.382683432,0.0
151.7253097,-71.50581789,-47.6,0.923879533,-0.382683432,0.0
151.7253097,-71.50581789,-50.8,0.923879533,-0.382683432,0.0
152.9498967,-68.54940339,-41.2,0.923879533,-0.382683432,0.0
152.9498967,-68.54940339,-47.6,0.923879533,-0.382683432,0.0
152.9498967,-68.54940339,-44.4,0.923879533,-0.382683432,0.0
154.1744836,-65.59298889,-31.6,0.923879533,-0.382683432,0.0
152.9498967,-68.54940339,-50.8,0.923879533,-0.382683432,0.0
154.1744836,-65.59298889,-50.8,0.923879533,-0.382683432,0.0
154.1744836,-65.59298889,-47.6,0.923879533,-0.382683432,0.0
154.1744836,-65.59298889,-41.2,0.923879533,-0.382683432,0.0
154.1744836,-65.59298889,-44.4,0.923879533,-0.382683432,0.0
155.3990706,-62.63657438,-44.4,0.923879533,-0.382683432,0.0
155.3990706,-62.63657438,-47.6,0.923879533,-0.382683432,0.0
155.3990706,-62.63657438,-41.2,0.923879533,-0.382683432,0.0
155.3990706,-62.63657438,-50.8,0.923879533,-0.382683432,0.0
156.6236576,-59.68015988,-50.8,0.923879533,-0.382683432,0.0
154.1744836,-65.59298889,-28.4,0.923879533,-0.382683432,0.0
156.6236576,-59.68015988,-47.6,0.923879533,-0.382683432,0.0
157.8482446,-56.72374537,-50.8,0.923879533,-0.382683432,0.0
156.6236576,-59.68015988,-44.4,0.923879533,-0.382683432,0.0
157.8482446,-56.72374537,-47.6,0.923879533,-0.382683432,0.0
156.6236576,-59.68015988,-41.2,0.923879533,-0.382683432,0.0
159.0728316,-53.76733087,-50.8,0.923879533,-0.382683432,0.0
157.8482446,-56.72374537,-44.4,0.923879533,-0.382683432,0.0
159.0728316,-53.76733087,-47.6,0.923879533,-0.382683432,0.0
157.8482446,-56.72374537,-41.2,0.923879533,-0.382683432,0.0
159.0728316,-53.76733087,-44.4,0.923879533,-0.382683432,0.0
159.0728316,-53.76733087,-41.2,0.923879533,-0.382683432,0.0
156.6236576,-59.68015988,-28.4,0.923879533,-0.382683432,0.0
157.8482446,-56.72374537,-34.8,0.923879533,-0.382683432,0.0
157.8482446,-56.72374537,-28.4,0.923879533,-0.382683432,0.0
157.8482446,-56.72374537,-38.0,0.923879533,-0.382683432,0.0
157.8482446,-56.72374537,-31.6,0.923879533,-0.382683432,0.0
159.0728316,-53.76733087,-31.6,0.923879533,-0.382683432,0.0
159.0728316,-53.76733087,-28.4,0.923879533,-0.382683432,0.0
156.6236576,-59.68015988,-31.6,0.923879533,-0.382683432,0.0
155.3990706,-62.63657438,-31.6,0.923879533,-0.382683432,0.0
156.6236576,-59.68015988,-38.0,0.923879533,-0.382683432,0.0
159.0728316,-53.76733087,-34.8,0.923879533,-0.382683432,0.0
156.6236576,-59.68015988,-34.8,0.923879533,-0.382683432,0.0
155.3990706,-62.63657438,-28.4,0.923879533,-0.382683432,0.0
159.0728316,-53.76733087,-38.0,0.923879533,-0.382683432,0.0
148.7033174,-77.98983909,-14.799999999999995,0.852640165,-0.522498564,0.0
147.031322,-80.71828761,-14.799999999999995,0.852640165,-0.522498564,0.0
145.3593266,-83.44673614,-24.4,0.852640165,-0.522498564,0.0
148.7033174,-77.98983909,-18.0,0.852640165,-0.522498564,0.0
143.6873312,-86.17518467,-18.0,0.852640165,-0.522498564,0.0
145.3593266,-83.44673614,-18.0,0.852640165,-0.522498564,0.0
143.6873312,-86.17518467,-14.799999999999995,0.852640165,-0.522498564,0.0
148.7033174,-77.98983909,-24.4,0.852640165,-0.522498564,0.0
147.031322,-80.71828761,-21.2,0.852640165,-0.522498564,0.0
143.6873312,-86.17518467,-24.4,0.852640165,-0.522498564,0.0
147.031322,-80.71828761,-18.0,0.852640165,-0.522498564,0.0
143.6873312,-86.17518467,-21.2,0.852640165,-0.522498564,0.0
145.3593266,-83.44673614,-14.799999999999995,0.852640165,-0.522498564,0.0
145.3593266,-83.44673614,-21.2,0.852640165,-0.522498564,0.0
148.7033174,-77.98983909,-21.2,0.852640165,-0.522498564,0.0
147.031322,-80.71828761,-24.4,0.852640165,-0.522498564,0.0
148.7033174,-77.98983909,-11.6,0.852640165,-0.522498564,0.0
147.031322,-80.71828761,-11.6,0.852640165,-0.522498564,0.0
148.7033174,-77.98983909,-8.399999999999999,0.852640165,-0.522498564,0.0
147.031322,-80.71828761,-8.399999999999999,0.852640165,-0.522498564,0.0
148.7033174,-77.98983909,-2.0,0.852640165,-0.522498564,0.0
148.7033174,-77.98983909,-5.199999999999996,0.852640165,-0.522498564,0.0
147.031322,-80.71828761,-2.0,0.852640165,-0.522498564,0.0
147.031322,-80.71828761,-5.199999999999996,0.852640165,-0.522498564,0.0
145.3593266,-83.44673614,-11.6,0.852640165,-0.522498564,0.0
145.3593266,-83.44673614,-5.199999999999996,0.852640165,-0.522498564,0.0
145.3593266,-83.44673614,-8.399999999999999,0.852640165,-0.522498564,0.0
142.0153358,-88.90363319,-14.799999999999995,0.852640165,-0.522498564,0.0
145.3593266,-83.44673614,-2.0,0.852640165,-0.522498564,0.0
143.6873312,-86.17518467,-11.6,0.852640165,-0.522498564,0.0
143.6873312,-86.17518467,-2.0,0.852640165,-0.522498564,0.0
143.6873312,-86.17518467,-5.199999999999996,0.852640165,-0.522498564,0.0
143.6873312,-86.17518467,-8.399999999999999,0.852640165,-0.522498564,0.0
142.0153358,-88.90363319,-11.6,0.852640165,-0.522498564,0.0
142.0153358,-88.90363319,-8.399999999999999,0.852640165,-0.522498564,0.0
142.0153358,-88.90363319,-2.0,0.852640165,-0.522498564,0.0
142.0153358,-88.90363319,-5.199999999999996,0.852640165,-0.522498564,0.0
140.3433404,-91.63208172,-2.0,0.852640165,-0.522498564,0.0
142.0153358,-88.90363319,-18.0,0.852640165,-0.522498564,0.0
140.3433404,-91.63208172,-5.199999999999996,0.852640165,-0.522498564,0.0
140.3433404,-91.63208172,-8.399999999999999,0.852640165,-0.522498564,0.0
140.3433404,-91.63208172,-11.6,0.852640165,-0.522498564,0.0
138.671345,-94.36053025,-5.199999999999996,0.852640165,-0.522498564,0.0
138.671345,-94.36053025,-2.0,0.852640165,-0.522498564,0.0
136.9993496,-97.08897877,-2.0,0.852640165,-0.522498564,0.0
138.671345,-94.36053025,-11.6,0.852640165,-0.522498564,0.0
136.9993496,-97.08897877,-5.199999999999996,0.852640165,-0.522498564,0.0
138.671345,-94.36053025,-8.399999999999999,0.852640165,-0.522498564,0.0
136.9993496,-97.08897877,-11.6,0.852640165,-0.522498564,0.0
136.9993496,-97.08897877,-8.399999999999999,0.852640165,-0.522498564,0.0
140.3433404,-91.63208172,-21.2,0.852640165,-0.522498564,0.0
138.671345,-94.36053025,-21.2,0.852640165,-0.522498564,0.0
138.671345,-94.36053025,-24.4,0.852640165,-0.522498564,0.0
138.671345,-94.36053025,-14.799999999999995,0.852640165,-0.522498564,0.0
138.671345,-94.36053025,-18.0,0.852640165,-0.522498564,0.0
136.9993496,-97.08897877,-21.2,0.852640165,-0.522498564,0.0
136.9993496,-97.08897877,-24.4,0.852640165,-0.522498564,0.0
140.3433404,-91.63208172,-24.4,0.852640165,-0.522498564,0.0
142.0153358,-88.90363319,-24.4,0.852640165,-0.522498564,0.0
140.3433404,-91.63208172,-14.799999999999995,0.852640165,-0.522498564,0.0
136.9993496,-97.08897877,-18.0,0.852640165,-0.522498564,0.0
140.3433404,-91.63208172,-18.0,0.852640165,-0.522498564,0.0
142.0153358,-88.90363319,-21.2,0.852640165,-0.522498564,0.0
136.9993496,-97.08897877,-14.799999999999995,0.852640165,-0.522498564,0.0
136.9993496,-97.08897877,-38.0,0.852640165,-0.522498564,0.0
138.671345,-94.36053025,-38.0,0.852640165,-0.522498564,0.0
142.0153358,-88.90363319,-34.8,0.852640165,-0.522498564,0.0
138.671345,-94.36053025,-34.8,0.852640165,-0.522498564,0.0
142.0153358,-88.90363319,-38.0,0.852640165,-0.522498564,0.0
136.9993496,-97.08897877,-31.6,0.852640165,-0.522498564,0.0
140.3433404,-91.63208172,-31.6,0.852640165,-0.522498564,0.0
136.9993496,-97.08897877,-28.4,0.852640165,-0.522498564,0.0
138.671345,-94.36053025,-31.6,0.852640165,-0.522498564,0.0
143.6873312,-86.17518467,-38.0,0.852640165,-0.522498564,0.0
136.9993496,-97.08897877,-34.8,0.852640165,-0.522498564,0.0
143.6873312,-86.17518467,-34.8,0.852640165,-0.522498564,0.0
140.3433404,-91.63208172,-38.0,0.852640165,-0.522498564,0.0
140.3433404,-91.63208172,-28.4,0.852640165,-0.522498564,0.0
140.3433404,-91.63208172,-34.8,0.852640165,-0.522498564,0.0
138.671345,-94.36053025,-28.4,0.852640165,-0.522498564,0.0
136.9993496,-97.08897877,-41.2,0.852640165,-0.522498564,0.0
136.9993496,-97.08897877,-47.6,0.852640165,-0.522498564,0.0
136.9993496,-97.08897877,-44.4,0.852640165,-0.522498564,0.0
136.9993496,-97.08897877,-50.8,0.852640165,-0.522498564,0.0
138.671345,-94.36053025,-44.4,0.852640165,-0.522498564,0.0
138.671345,-94.36053025,-41.2,0.852640165,-0.522498564,0.0
138.671345,-94.36053025,-47.6,0.852640165,-0.522498564,0.0
138.671345,-94.36053025,-50.8,0.852640165,-0.522498564,0.0
140.3433404,-91.63208172,-41.2,0.852640165,-0.522498564,0.0
140.3433404,-91.63208172,-47.6,0.852640165,-0.522498564,0.0
140.3433404,-91.63208172,-44.4,0.852640165,-0.522498564,0.0
142.0153358,-88.90363319,-31.6,0.852640165,-0.522498564,0.0
140.3433404,-91.63208172,-50.8,0.852640165,-0.522498564,0.0
142.0153358,-88.90363319,-50.8,0.852640165,-0.522498564,0.0
142.0153358,-88.90363319,-47.6,0.852640165,-0.522498564,0.0
142.0153358,-88.90363319,-41.2,0.852640165,-0.522498564,0.0
142.0153358,-88.90363319,-44.4,0.852640165,-0.522498564,0.0
143.6873312,-86.17518467,-44.4,0.852640165,-0.522498564,0.0
143.6873312,-86.17518467,-47.6,0.852640165,-0.522498564,0.0
143.6873312,-86.17518467,-41.2,0.852640165,-0.522498564,0.0
143.6873312,-86.17518467,-50.8,0.852640165,-0.522498564,0.0
145.3593266,-83.44673614,-50.8,0.852640165,-0.522498564,0.0
142.0153358,-88.90363319,-28.4,0.852640165,-0.522498564,0.0
145.3593266,-83.44673614,-47.6,0.852640165,-0.522498564,0.0
147.031322,-80.71828761,-50.8,0.852640165,-0.522498564,0.0
145.3593266,-83.44673614,-44.4,0.852640165,-0.522498564,0.0
147.031322,-80.71828761,-47.6,0.852640165,-0.522498564,0.0
145.3593266,-83.44673614,-41.2,0.852640165,-0.522498564,0.0
148.7033174,-77.98983909,-50.8,0.852640165,-0.522498564,0.0
147.031322,-80.71828761,-44.4,0.852640165,-0.522498564,0.0
148.7033174,-77.98983909,-47.6,0.852640165,-0.522498564,0.0
147.031322,-80.71828761,-41.2,0.852640165,-0.522498564,0.0
148.7033174,-77.98983909,-44.4,0.852640165,-0.522498564,0.0
148.7033174,-77.98983909,-41.2,0.852640165,-0.522498564,0.0
145.3593266,-83.44673614,-28.4,0.852640165,-0.522498564,0.0
147.031322,-80.71828761,-34.8,0.852640165,-0.522498564,0.0
147.031322,-80.71828761,-28.4,0.852640165,-0.522498564,0.0
147.031322,-80.71828761,-38.0,0.852640165,-0.522498564,0.0
147.031322,-80.71828761,-31.6,0.852640165,-0.522498564,0.0
148.7033174,-77.98983909,-31.6,0.852640165,-0.522498564,0.0
148.7033174,-77.98983909,-28.4,0.852640165,-0.522498564,0.0
145.3593266,-83.44673614,-31.6,0.852640165,-0.522498564,0.0
143.6873312,-86.17518467,-31.6,0.852640165,-0.522498564,0.0
145.3593266,-83.44673614,-38.0,0.852640165,-0.522498564,0.0
148.7033174,-77.98983909,-34.8,0.852640165,-0.522498564,0.0
145.3593266,-83.44673614,-34.8,0.852640165,-0.522498564,0.0
143.6873312,-86.17518467,-28.4,0.852640165,-0.522498564,0.0
148.7033174,-77.98983909,-38.0,0.852640165,-0.522498564,0.0
134.6722341,-100.2919786,-14.799999999999995,0.760405966,-0.649448048,0.0
132.5940003,-102.7252777,-14.799999999999995,0.760405966,-0.649448048,0.0
130.5157666,-105.1585768,-24.4,0.760405966,-0.649448048,0.0
134.6722341,-100.2919786,-18.0,0.760405966,-0.649448048,0.0
128.4375328,-107.5918759,-18.0,0.760405966,-0.649448048,0.0
130.5157666,-105.1585768,-18.0,0.760405966,-0.649448048,0.0
128.4375328,-107.5918759,-14.799999999999995,0.760405966,-0.649448048,0.0
134.6722341,-100.2919786,-24.4,0.760405966,-0.649448048,0.0
132.5940003,-102.7252777,-21.2,0.760405966,-0.649448048,0.0
128.4375328,-107.5918759,-24.4,0.760405966,-0.649448048,0.0
132.5940003,-102.7252777,-18.0,0.760405966,-0.649448048,0.0
128.4375328,-107.5918759,-21.2,0.760405966,-0.649448048,0.0
130.5157666,-105.1585768,-14.799999999999995,0.760405966,-0.649448048,0.0
130.5157666,-105.1585768,-21.2,0.760405966,-0.649448048,0.0
134.6722341,-100.2919786,-21.2,0.760405966,-0.649448048,0.0
132.5940003,-102.7252777,-24.4,0.760405966,-0.649448048,0.0
134.6722341,-100.2919786,-11.6,0.760405966,-0.649448048,0.0
132.5940003,-102.7252777,-11.6,0.760405966,-0.649448048,0.0
134.6722341,-100.2919786,-8.399999999999999,0.760405966,-0.649448048,0.0
132.5940003,-102.7252777,-8.399999999999999,0.760405966,-0.649448048,0.0
134.6722341,-100.2919786,-2.0,0.760405966,-0.649448048,0.0
134.6722341,-100.2919786,-5.199999999999996,0.760405966,-0.649448048,0.0
132.5940003,-102.7252777,-2.0,0.760405966,-0.649448048,0.0
132.5940003,-102.7252777,-5.199999999999996,0.760405966,-0.649448048,0.0
130.5157666,-105.1585768,-11.6,0.760405966,-0.649448048,0.0
130.5157666,-105.1585768,-5.199999999999996,0.760405966,-0.649448048,0.0
130.5157666,-105.1585768,-8.399999999999999,0.760405966,-0.649448048,0.0
126.3592991,-110.025175,-14.799999999999995,0.760405966,-0.649448048,0.0
130.5157666,-105.1585768,-2.0,0.760405966,-0.649448048,0.0
128.4375328,-107.5918759,-11.6,0.760405966,-0.649448048,0.0
128.4375328,-107.5918759,-2.0,0.760405966,-0.649448048,0.0
128.4375328,-107.5918759,-5.199999999999996,0.760405966,-0.649448048,0.0
128.4375328,-107.5918759,-8.399999999999999,0.760405966,-0.649448048,0.0
126.3592991,-110.025175,-11.6,0.760405966,-0.649448048,0.0
126.3592991,-110.025175,-8.399999999999999,0.760405966,-0.649448048,0.0
126.3592991,-110.025175,-2.0,0.760405966,-0.649448048,0.0
126.3592991,-110.025175,-5.199999999999996,0.760405966,-0.649448048,0.0
124.2810653,-112.4584741,-2.0,0.760405966,-0.649448048,0.0
126.3592991,-110.025175,-18.0,0.760405966,-0.649448048,0.0
124.2810653,-112.4584741,-5.199999999999996,0.760405966,-0.649448048,0.0
124.2810653,-112.4584741,-8.399999999999999,0.760405966,-0.649448048,0.0
124.2810653,-112.4584741,-11.6,0.760405966,-0.649448048,0.0
122.2028316,-114.8917732,-5.199999999999996,0.760405966,-0.649448048,0.0
122.2028316,-114.8917732,-2.0,0.760405966,-0.649448048,0.0
120.1245978,-117.3250723,-2.0,0.760405966,-0.649448048,0.0
122.2028316,-114.8917732,-11.6,0.760405966,-0.649448048,0.0
120.1245978,-117.3250723,-5.199999999999996,0.760405966,-0.649448048,0.0
122.2028316,-114.8917732,-8.399999999999999,0.760405966,-0.649448048,0.0
120.1245978,-117.3250723,-11.6,0.760405966,-0.649448048,0.0
120.1245978,-117.3250723,-8.399999999999999,0.760405966,-0.649448048,0.0
124.2810653,-112.4584741,-21.2,0.760405966,-0.649448048,0.0
122.2028316,-114.8917732,-21.2,0.760405966,-0.649448048,0.0
122.2028316,-114.8917732,-24.4,0.760405966,-0.649448048,0.0
122.2028316,-114.8917732,-14.799999999999995,0.760405966,-0.649448048,0.0
122.2028316,-114.8917732,-18.0,0.760405966,-0.649448048,0.0
120.1245978,-117.3250723,-21.2,0.760405966,-0.649448048,0.0
120.1245978,-117.3250723,-24.4,0.760405966,-0.649448048,0.0
124.2810653,-112.4584741,-24.4,0.760405966,-0.649448048,0.0
126.3592991,-110.025175,-24.4,0.760405966,-0.649448048,0.0
124.2810653,-112.4584741,-14.799999999999995,0.760405966,-0.649448048,0.0
120.1245978,-117.3250723,-18.0,0.760405966,-0.649448048,0.0
124.2810653,-112.4584741,-18.0,0.760405966,-0.649448048,0.0
126.3592991,-110.025175,-21.2,0.760405966,-0.649448048,0.0
120.1245978,-117.3250723,-14.799999999999995,0.760405966,-0.649448048,0.0
120.1245978,-117.3250723,-38.0,0.760405966,-0.649448048,0.0
122.2028316,-114.8917732,-38.0,0.760405966,-0.649448048,0.0
126.3592991,-110.025175,-34.8,0.760405966,-0.649448048,0.0
122.2028316,-114.8917732,-34.8,0.760405966,-0.649448048,0.0
126.3592991,-110.025175,-38.0,0.760405966,-0.649448048,0.0
120.1245978,-117.3250723,-31.6,0.760405966,-0.649448048,0.0
124.2810653,-112.4584741,-31.6,0.760405966,-0.649448048,0.0
120.1245978,-117.3250723,-28.4,0.760405966,-0.649448048,0.0
122.2028316,-114.8917732,-31.6,0.760405966,-0.649448048,0.0
128.4375328,-107.5918759,-38.0,0.760405966,-0.649448048,0.0
120.1245978,-117.3250723,-34.8,0.760405966,-0.649448048,0.0
128.4375328,-107.5918759,-34.8,0.760405966,-0.649448048,0.0
124.2810653,-112.4584741,-38.0,0.760405966,-0.649448048,0.0
124.2810653,-112.4584741,-28.4,0.760405966,-0.649448048,0.0
124.2810653,-112.4584741,-34.8,0.760405966,-0.649448048,0.0
122.2028316,-114.8917732,-28.4,0.760405966,-0.649448048,0.0
120.1245978,-117.3250723,-41.2,0.760405966,-0.649448048,0.0
120.1245978,-117.3250723,-47.6,0.760405966,-0.649448048,0.0
120.1245978,-117.3250723,-44.4,0.760405966,-0.649448048,0.0
120.1245978,-117.3250723,-50.8,0.760405966,-0.649448048,0.0
122.2028316,-114.8917732,-44.4,0.760405966,-0.649448048,0.0
122.2028316,-114.8917732,-41.2,0.760405966,-0.649448048,0.0
122.2028316,-114.8917732,-47.6,0.760405966,-0.649448048,0.0
122.2028316,-114.8917732,-50.8,0.760405966,-0.649448048,0.0
124.2810653,-112.4584741,-41.2,0.760405966,-0.649448048,0.0
124.2810653,-112.4584741,-47.6,0.760405966,-0.649448048,0.0
124.2810653,-112.4584741,-44.4,0.760405966,-0.649448048,0.0
126.3592991,-110.025175,-31.6,0.760405966,-0.649448048,0.0
124.2810653,-112.4584741,-50.8,0.760405966,-0.649448048,0.0
126.3592991,-110.025175,-50.8,0.760405966,-0.649448048,0.0
126.3592991,-110.025175,-47.6,0.760405966,-0.649448048,0.0
126.3592991,-110.025175,-41.2,0.760405966,-0.649448048,0.0
126.3592991,-110.025175,-44.4,0.760405966,-0.649448048,0.0
128.4375328,-107.5918759,-44.4,0.760405966,-0.649448048,0.0
128.4375328,-107.5918759,-47.6,0.760405966,-0.649448048,0.0
128.4375328,-107.5918759,-41.2,0.760405966,-0.649448048,0.0
128.4375328,-107.5918759,-50.8,0.760405966,-0.649448048,0.0
130.5157666,-105.1585768,-50.8,0.760405966,-0.649448048,0.0
126.3592991,-110.025175,-28.4,0.760405966,-0.649448048,0.0
130.5157666,-105.1585768,-47.6,0.760405966,-0.649448048,0.0
132.5940003,-102.7252777,-50.8,0.760405966,-0.649448048,0.0
130.5157666,-105.1585768,-44.4,0.760405966,-0.649448048,0.0
132.5940003,-102.7252777,-47.6,0.760405966,-0.649448048,0.0
130.5157666,-105.1585768,-41.2,0.760405966,-0.649448048,0.0
134.6722341,-100.2919786,-50.8,0.760405966,-0.649448048,0.0
132.5940003,-102.7252777,-44.4,0.760405966,-0.649448048,0.0
134.6722341,-100.2919786,-47.6,0.760405966,-0.649448048,0.0
132.5940003,-102.7252777,-41.2,0.760405966,-0.649448048,0.0
134.6722341,-100.2919786,-44.4,0.760405966,-0.649448048,0.0
134.6722341,-100.2919786,-41.2,0.760405966,-0.649448048,0.0
130.5157666,-105.1585768,-28.4,0.760405966,-0.649448048,0.0
132.5940003,-102.7252777,-34.8,0.760405966,-0.649448048,0.0
132.5940003,-102.7252777,-28.4,0.760405966,-0.649448048,0.0
132.5940003,-102.7252777,-38.0,0.760405966,-0.649448048,0.0
132.5940003,-102.7252777,-31.6,0.760405966,-0.649448048,0.0
134.6722341,-100.2919786,-31.6,0.760405966,-0.649448048,0.0
134.6722341,-100.2919786,-28.4,0.760405966,-0.649448048,0.0
130.5157666,-105.1585768,-31.6,0.760405966,-0.649448048,0.0
128.4375328,-107.5918759,-31.6,0.760405966,-0.649448048,0.0
130.5157666,-105.1585768,-38.0,0.760405966,-0.649448048,0.0
134.6722341,-100.2919786,-34.8,0.760405966,-0.649448048,0.0
130.5157666,-105.1585768,-34.8,0.760405966,-0.649448048,0.0
128.4375328,-107.5918759,-28.4,0.760405966,-0.649448048,0.0
134.6722341,-100.2919786,-38.0,0.760405966,-0.649448048,0.0
117.3250734,-120.1245968,-14.799999999999995,0.649448049,-0.760405965,0.0
114.8917743,-122.2028306,-14.799999999999995,0.649448049,-0.760405965,0.0
112.4584752,-124.2810643,-24.4,0.649448049,-0.760405965,0.0
117.3250734,-120.1245968,-18.0,0.649448049,-0.760405965,0.0
110.0251761,-126.3592981,-18.0,0.649448049,-0.760405965,0.0
112.4584752,-124.2810643,-18.0,0.649448049,-0.760405965,0.0
110.0251761,-126.3592981,-14.799999999999995,0.649448049,-0.760405965,0.0
117.3250734,-120.1245968,-24.4,0.649448049,-0.760405965,0.0
114.8917743,-122.2028306,-21.2,0.649448049,-0.760405965,0.0
110.0251761,-126.3592981,-24.4,0.649448049,-0.760405965,0.0
114.8917743,-122.2028306,-18.0,0.649448049,-0.760405965,0.0
110.0251761,-126.3592981,-21.2,0.649448049,-0.760405965,0.0
112.4584752,-124.2810643,-14.799999999999995,0.649448049,-0.760405965,0.0
112.4584752,-124.2810643,-21.2,0.649448049,-0.760405965,0.0
117.3250734,-120.1245968,-21.2,0.649448049,-0.760405965,0.0
114.8917743,-122.2028306,-24.4,0.649448049,-0.760405965,0.0
117.3250734,-120.1245968,-11.6,0.649448049,-0.760405965,0.0
114.8917743,-122.2028306,-11.6,0.649448049,-0.760405965,0.0
117.3250734,-120.1245968,-8.399999999999999,0.649448049,-0.760405965,0.0
114.8917743,-122.2028306,-8.399999999999999,0.649448049,-0.760405965,0.0
117.3250734,-120.1245968,-2.0,0.649448049,-0.760405965,0.0
117.3250734,-120.1245968,-5.199999999999996,0.649448049,-0.760405965,0.0
114.8917743,-122.2028306,-2.0,0.649448049,-0.760405965,0.0
114.8917743,-122.2028306,-5.199999999999996,0.649448049,-0.760405965,0.0
112.4584752,-124.2810643,-11.6,0.649448049,-0.760405965,0.0
112.4584752,-124.2810643,-5.199999999999996,0.649448049,-0.760405965,0.0
112.4584752,-124.2810643,-8.399999999999999,0.649448049,-0.760405965,0.0
107.5918771,-128.4375319,-14.799999999999995,0.649448049,-0.760405965,0.0
112.4584752,-124.2810643,-2.0,0.649448049,-0.760405965,0.0
110.0251761,-126.3592981,-11.6,0.649448049,-0.760405965,0.0
110.0251761,-126.3592981,-2.0,0.649448049,-0.760405965,0.0
110.0251761,-126.3592981,-5.199999999999996,0.649448049,-0.760405965,0.0
110.0251761,-126.3592981,-8.399999999999999,0.649448049,-0.760405965,0.0
107.5918771,-128.4375319,-11.6,0.649448049,-0.760405965,0.0
107.5918771,-128.4375319,-8.399999999999999,0.649448049,-0.760405965,0.0
107.5918771,-128.4375319,-2.0,0.649448049,-0.760405965,0.0
107.5918771,-128.4375319,-5.199999999999996,0.649448049,-0.760405965,0.0
105.158578,-130.5157656,-2.0,0.649448049,-0.760405965,0.0
107.5918771,-128.4375319,-18.0,0.649448049,-0.760405965,0.0
105.158578,-130.5157656,-5.199999999999996,0.649448049,-0.760405965,0.0
105.158578,-130.5157656,-8.399999999999999,0.649448049,-0.760405965,0.0
105.158578,-130.5157656,-11.6,0.649448049,-0.760405965,0.0
102.7252789,-132.5939994,-5.199999999999996,0.649448049,-0.760405965,0.0
102.7252789,-132.5939994,-2.0,0.649448049,-0.760405965,0.0
100.2919798,-134.6722331,-2.0,0.649448049,-0.760405965,0.0
102.7252789,-132.5939994,-11.6,0.649448049,-0.760405965,0.0
100.2919798,-134.6722331,-5.199999999999996,0.649448049,-0.760405965,0.0
102.7252789,-132.5939994,-8.399999999999999,0.649448049,-0.760405965,0.0
100.2919798,-134.6722331,-11.6,0.649448049,-0.760405965,0.0
100.2919798,-134.6722331,-8.399999999999999,0.649448049,-0.760405965,0.0
105.158578,-130.5157656,-21.2,0.649448049,-0.760405965,0.0
102.7252789,-132.5939994,-21.2,0.649448049,-0.760405965,0.0
102.7252789,-132.5939994,-24.4,0.649448049,-0.760405965,0.0
102.7252789,-132.5939994,-14.799999999999995,0.649448049,-0.760405965,0.0
102.7252789,-132.5939994,-18.0,0.649448049,-0.760405965,0.0
100.2919798,-134.6722331,-21.2,0.649448049,-0.760405965,0.0
100.2919798,-134.6722331,-24.4,0.649448049,-0.760405965,0.0
105.158578,-130.5157656,-24.4,0.649448049,-0.760405965,0.0
107.5918771,-128.4375319,-24.4,0.649448049,-0.760405965,0.0
105.158578,-130.5157656,-14.799999999999995,0.649448049,-0.760405965,0.0
100.2919798,-134.6722331,-18.0,0.649448049,-0.760405965,0.0
105.158578,-130.5157656,-18.0,0.649448049,-0.760405965,0.0
107.5918771,-128.4375319,-21.2,0.649448049,-0.760405965,0.0
100.2919798,-134.6722331,-14.799999999999995,0.649448049,-0.760405965,0.0
100.2919798,-134.6722331,-38.0,0.649448049,-0.760405965,0.0
102.7252789,-132.5939994,-38.0,0.649448049,-0.760405965,0.0
107.5918771,-128.4375319,-34.8,0.649448049,-0.760405965,0.0
102.7252789,-132.5939994,-34.8,0.649448049,-0.760405965,0.0
107.5918771,-128.4375319,-38.0,0.649448049,-0.760405965,0.0
100.2919798,-134.6722331,-31.6,0.649448049,-0.760405965,0.0
105.158578,-130.5157656,-31.6,0.649448049,-0.760405965,0.0
100.2919798,-134.6722331,-28.4,0.649448049,-0.760405965,0.0
102.7252789,-132.5939994,-31.6,0.649448049,-0.760405965,0.0
110.0251761,-126.3592981,-38.0,0.649448049,-0.760405965,0.0
100.2919798,-134.6722331,-34.8,0.649448049,-0.760405965,0.0
110.0251761,-126.3592981,-34.8,0.649448049,-0.760405965,0.0
105.158578,-130.5157656,-38.0,0.649448049,-0.760405965,0.0
105.158578,-130.5157656,-28.4,0.649448049,-0.760405965,0.0
105.158578,-130.5157656,-34.8,0.649448049,-0.760405965,0.0
102.7252789,-132.5939994,-28.4,0.649448049,-0.760405965,0.0
100.2919798,-134.6722331,-41.2,0.649448049,-0.760405965,0.0
100.2919798,-134.6722331,-47.6,0.649448049,-0.760405965,0.0
100.2919798,-134.6722331,-44.4,0.649448049,-0.760405965,0.0
100.2919798,-134.6722331,-50.8,0.649448049,-0.760405965,0.0
102.7252789,-132.5939994,-44.4,0.649448049,-0.760405965,0.0
102.7252789,-132.5939994,-41.2,0.649448049,-0.760405965,0.0
102.7252789,-132.5939994,-47.6,0.649448049,-0.760405965,0.0
102.7252789,-132.5939994,-50.8,0.649448049,-0.760405965,0.0
105.158578,-130.5157656,-41.2,0.649448049,-0.760405965,0.0
105.158578,-130.5157656,-47.6,0.649448049,-0.760405965,0.0
105.158578,-130.5157656,-44.4,0.649448049,-0.760405965,0.0
107.5918771,-128.4375319,-31.6,0.649448049,-0.760405965,0.0
105.158578,-130.5157656,-50.8,0.649448049,-0.760405965,0.0
107.5918771,-128.4375319,-50.8,0.649448049,-0.760405965,0.0
107.5918771,-128.4375319,-47.6,0.649448049,-0.760405965,0.0
107.5918771,-128.4375319,-41.2,0.649448049,-0.760405965,0.0
107.5918771,-128.4375319,-44.4,0.649448049,-0.760405965,0.0
110.0251761,-126.3592981,-44.4,0.649448049,-0.760405965,0.0
110.0251761,-126.3592981,-47.6,0.649448049,-0.760405965,0.0
110.0251761,-126.3592981,-41.2,0.649448049,-0.760405965,0.0
110.0251761,-126.3592981,-50.8,0.649448049,-0.760405965,0.0
112.4584752,-124.2810643,-50.8,0.649448049,-0.760405965,0.0
107.5918771,-128.4375319,-28.4,0.649448049,-0.760405965,0.0
112.4584752,-124.2810643,-47.6,0.649448049,-0.760405965,0.0
114.8917743,-122.2028306,-50.8,0.649448049,-0.760405965,0.0
112.4584752,-124.2810643,-44.4,0.649448049,-0.760405965,0.0
114.8917743,-122.2028306,-47.6,0.649448049,-0.760405965,0.0
112.4584752,-124.2810643,-41.2,0.649448049,-0.760405965,0.0
117.3250734,-120.1245968,-50.8,0.649448049,-0.760405965,0.0
114.8917743,-122.2028306,-44.4,0.649448049,-0.760405965,0.0
117.3250734,-120.1245968,-47.6,0.649448049,-0.760405965,0.0
114.8917743,-122.2028306,-41.2,0.649448049,-0.760405965,0.0
117.3250734,-120.1245968,-44.4,0.649448049,-0.760405965,0.0
117.3250734,-120.1245968,-41.2,0.649448049,-0.760405965,0.0
112.4584752,-124.2810643,-28.4,0.649448049,-0.760405965,0.0
114.8917743,-122.2028306,-34.8,0.649448049,-0.760405965,0.0
114.8917743,-122.2028306,-28.4,0.649448049,-0.760405965,0.0
114.8917743,-122.2028306,-38.0,0.649448049,-0.760405965,0.0
114.8917743,-122.2028306,-31.6,0.649448049,-0.760405965,0.0
117.3250734,-120.1245968,-31.6,0.649448049,-0.760405965,0.0
117.3250734,-120.1245968,-28.4,0.649448049,-0.760405965,0.0
112.4584752,-124.2810643,-31.6,0.649448049,-0.760405965,0.0
110.0251761,-126.3592981,-31.6,0.649448049,-0.760405965,0.0
112.4584752,-124.2810643,-38.0,0.649448049,-0.760405965,0.0
117.3250734,-120.1245968,-34.8,0.649448049,-0.760405965,0.0
112.4584752,-124.2810643,-34.8,0.649448049,-0.760405965,0.0
110.0251761,-126.3592981,-28.4,0.649448049,-0.760405965,0.0
117.3250734,-120.1245968,-38.0,0.649448049,-0.760405965,0.0
165.5254447,-28.22089252,38.00000000000001,0.97236992,-0.233445364,0.0
164.7784195,-31.33247627,38.00000000000001,0.97236992,-0.233445364,0.0
164.0313944,-34.44406001,28.4,0.97236992,-0.233445364,0.0
165.5254447,-28.22089252,34.800000000000004,0.97236992,-0.233445364,0.0
163.2843692,-37.55564376,34.800000000000004,0.97236992,-0.233445364,0.0
164.0313944,-34.44406001,34.800000000000004,0.97236992,-0.233445364,0.0
163.2843692,-37.55564376,38.00000000000001,0.97236992,-0.233445364,0.0
165.5254447,-28.22089252,28.4,0.97236992,-0.233445364,0.0
164.7784195,-31.33247627,31.6,0.97236992,-0.233445364,0.0
163.2843692,-37.55564376,28.4,0.97236992,-0.233445364,0.0
164.7784195,-31.33247627,34.800000000000004,0.97236992,-0.233445364,0.0
163.2843692,-37.55564376,31.6,0.97236992,-0.233445364,0.0
164.0313944,-34.44406001,38.00000000000001,0.97236992,-0.233445364,0.0
164.0313944,-34.44406001,31.6,0.97236992,-0.233445364,0.0
165.5254447,-28.22089252,31.6,0.97236992,-0.233445364,0.0
164.7784195,-31.33247627,28.4,0.97236992,-0.233445364,0.0
165.5254447,-28.22089252,41.2,0.97236992,-0.233445364,0.0
164.7784195,-31.33247627,41.2,0.97236992,-0.233445364,0.0
165.5254447,-28.22089252,44.4,0.97236992,-0.233445364,0.0
164.7784195,-31.33247627,44.4,0.97236992,-0.233445364,0.0
165.5254447,-28.22089252,50.8,0.97236992,-0.233445364,0.0
165.5254447,-28.22089252,47.6,0.97236992,-0.233445364,0.0
164.7784195,-31.33247627,50.8,0.97236992,-0.233445364,0.0
164.7784195,-31.33247627,47.6,0.97236992,-0.233445364,0.0
164.0313944,-34.44406001,41.2,0.97236992,-0.233445364,0.0
164.0313944,-34.44406001,47.6,0.97236992,-0.233445364,0.0
164.0313944,-34.44406001,44.4,0.97236992,-0.233445364,0.0
162.537344,-40.6672275,38.00000000000001,0.97236992,-0.233445364,0.0
164.0313944,-34.44406001,50.8,0.97236992,-0.233445364,0.0
163.2843692,-37.55564376,41.2,0.97236992,-0.233445364,0.0
163.2843692,-37.55564376,50.8,0.97236992,-0.233445364,0.0
163.2843692,-37.55564376,47.6,0.97236992,-0.233445364,0.0
163.2843692,-37.55564376,44.4,0.97236992,-0.233445364,0.0
162.537344,-40.6672275,41.2,0.97236992,-0.233445364,0.0
162.537344,-40.6672275,44.4,0.97236992,-0.233445364,0.0
162.537344,-40.6672275,50.8,0.97236992,-0.233445364,0.0
162.537344,-40.6672275,47.6,0.97236992,-0.233445364,0.0
161.7903189,-43.77881125,50.8,0.97236992,-0.233445364,0.0
162.537344,-40.6672275,34.800000000000004,0.97236992,-0.233445364,0.0
161.7903189,-43.77881125,47.6,0.97236992,-0.233445364,0.0
161.7903189,-43.77881125,44.4,0.97236992,-0.233445364,0.0
161.7903189,-43.77881125,41.2,0.97236992,-0.233445364,0.0
161.0432937,-46.890395,47.6,0.97236992,-0.233445364,0.0
161.0432937,-46.890395,50.8,0.97236992,-0.233445364,0.0
160.2962685,-50.00197874,50.8,0.97236992,-0.233445364,0.0
161.0432937,-46.890395,41.2,0.97236992,-0.233445364,0.0
160.2962685,-50.00197874,47.6,0.97236992,-0.233445364,0.0
161.0432937,-46.890395,44.4,0.97236992,-0.233445364,0.0
160.2962685,-50.00197874,41.2,0.97236992,-0.233445364,0.0
160.2962685,-50.00197874,44.4,0.97236992,-0.233445364,0.0
161.7903189,-43.77881125,31.6,0.97236992,-0.233445364,0.0
161.0432937,-46.890395,31.6,0.97236992,-0.233445364,0.0
161.0432937,-46.890395,28.4,0.97236992,-0.233445364,0.0
161.0432937,-46.890395,38.00000000000001,0.97236992,-0.233445364,0.0
161.0432937,-46.890395,34.800000000000004,0.97236992,-0.233445364,0.0
160.2962685,-50.00197874,31.6,0.97236992,-0.233445364,0.0
160.2962685,-50.00197874,28.4,0.97236992,-0.233445364,0.0
161.7903189,-43.77881125,28.4,0.97236992,-0.233445364,0.0
162.537344,-40.6672275,28.4,0.97236992,-0.233445364,0.0
161.7903189,-43.77881125,38.00000000000001,0.97236992,-0.233445364,0.0
160.2962685,-50.00197874,34.800000000000004,0.97236992,-0.233445364,0.0
161.7903189,-43.77881125,34.800000000000004,0.97236992,-0.233445364,0.0
162.537344,-40.6672275,31.6,0.97236992,-0.233445364,0.0
160.2962685,-50.00197874,38.00000000000001,0.97236992,-0.233445364,0.0
160.2962685,-50.00197874,14.800000000000004,0.97236992,-0.233445364,0.0
161.0432937,-46.890395,14.800000000000004,0.97236992,-0.233445364,0.0
162.537344,-40.6672275,18.000000000000007,0.97236992,-0.233445364,0.0
161.0432937,-46.890395,18.000000000000007,0.97236992,-0.233445364,0.0
162.537344,-40.6672275,14.800000000000004,0.97236992,-0.233445364,0.0
160.2962685,-50.00197874,21.2,0.97236992,-0.233445364,0.0
161.7903189,-43.77881125,21.2,0.97236992,-0.233445364,0.0
160.2962685,-50.00197874,24.4,0.97236992,-0.233445364,0.0
161.0432937,-46.890395,21.2,0.97236992,-0.233445364,0.0
163.2843692,-37.55564376,14.800000000000004,0.97236992,-0.233445364,0.0
160.2962685,-50.00197874,18.000000000000007,0.97236992,-0.233445364,0.0
163.2843692,-37.55564376,18.000000000000007,0.97236992,-0.233445364,0.0
161.7903189,-43.77881125,14.800000000000004,0.97236992,-0.233445364,0.0
161.7903189,-43.77881125,24.4,0.97236992,-0.233445364,0.0
161.7903189,-43.77881125,18.000000000000007,0.97236992,-0.233445364,0.0
161.0432937,-46.890395,24.4,0.97236992,-0.233445364,0.0
160.2962685,-50.00197874,11.6,0.97236992,-0.233445364,0.0
160.2962685,-50.00197874,5.200000000000003,0.97236992,-0.233445364,0.0
160.2962685,-50.00197874,8.399999999999999,0.97236992,-0.233445364,0.0
160.2962685,-50.00197874,2.0,0.97236992,-0.233445364,0.0
161.0432937,-46.890395,8.399999999999999,0.97236992,-0.233445364,0.0
161.0432937,-46.890395,11.6,0.97236992,-0.233445364,0.0
161.0432937,-46.890395,5.200000000000003,0.97236992,-0.233445364,0.0
161.0432937,-46.890395,2.0,0.97236992,-0.233445364,0.0
161.7903189,-43.77881125,11.6,0.97236992,-0.233445364,0.0
161.7903189,-43.77881125,5.200000000000003,0.97236992,-0.233445364,0.0
161.7903189,-43.77881125,8.399999999999999,0.97236992,-0.233445364,0.0
162.537344,-40.6672275,21.2,0.97236992,-0.233445364,0.0
161.7903189,-43.77881125,2.0,0.97236992,-0.233445364,0.0
162.537344,-40.6672275,2.0,0.97236992,-0.233445364,0.0
162.537344,-40.6672275,5.200000000000003,0.97236992,-0.233445364,0.0
162.537344,-40.6672275,11.6,0.97236992,-0.233445364,0.0
162.537344,-40.6672275,8.399999999999999,0.97236992,-0.233445364,0.0
163.2843692,-37.55564376,8.399999999999999,0.97236992,-0.233445364,0.0
163.2843692,-37.55564376,5.200000000000003,0.97236992,-0.233445364,0.0
163.2843692,-37.55564376,11.6,0.97236992,-0.233445364,0.0
163.2843692,-37.55564376,2.0,0.97236992,-0.233445364,0.0
164.0313944,-34.44406001,2.0,0.97236992,-0.233445364,0.0
162.537344,-40.6672275,24.4,0.97236992,-0.233445364,0.0
164.0313944,-34.44406001,5.200000000000003,0.97236992,-0.233445364,0.0
164.7784195,-31.33247627,2.0,0.97236992,-0.233445364,0.0
164.0313944,-34.44406001,8.399999999999999,0.97236992,-0.233445364,0.0
164.7784195,-31.33247627,5.200000000000003,0.97236992,-0.233445364,0.0
164.0313944,-34.44406001,11.6,0.97236992,-0.233445364,0.0
165.5254447,-28.22089252,2.0,0.97236992,-0.233445364,0.0
164.7784195,-31.33247627,8.399999999999999,0.97236992,-0.233445364,0.0
165.5254447,-28.22089252,5.200000000000003,0.97236992,-0.233445364,0.0
164.7784195,-31.33247627,11.6,0.97236992,-0.233445364,0.0
165.5254447,-28.22089252,8.399999999999999,0.97236992,-0.233445364,0.0
165.5254447,-28.22089252,11.6,0.97236992,-0.233445364,0.0
164.0313944,-34.44406001,24.4,0.97236992,-0.233445364,0.0
164.7784195,-31.33247627,18.000000000000007,0.97236992,-0.233445364,0.0
164.7784195,-31.33247627,24.4,0.97236992,-0.233445364,0.0
164.7784195,-31.33247627,14.800000000000004,0.97236992,-0.233445364,0.0
164.7784195,-31.33247627,21.2,0.97236992,-0.233445364,0.0
165.5254447,-28.22089252,21.2,0.97236992,-0.233445364,0.0
165.5254447,-28.22089252,24.4,0.97236992,-0.233445364,0.0
164.0313944,-34.44406001,21.2,0.97236992,-0.233445364,0.0
163.2843692,-37.55564376,21.2,0.97236992,-0.233445364,0.0
164.0313944,-34.44406001,14.800000000000004,0.97236992,-0.233445364,0.0
165.5254447,-28.22089252,18.000000000000007,0.97236992,-0.233445364,0.0
164.0313944,-34.44406001,18.000000000000007,0.97236992,-0.233445364,0.0
163.2843692,-37.55564376,24.4,0.97236992,-0.233445364,0.0
165.5254447,-28.22089252,14.800000000000004,0.97236992,-0.233445364,0.0
167.902272,-1.979562146,38.00000000000001,0.996917334,-0.078459096,0.0
167.6512029,-5.169697614,38.00000000000001,0.996917334,-0.078459096,0.0
167.4001338,-8.359833082,28.4,0.996917334,-0.078459096,0.0
167.902272,-1.979562146,34.800000000000004,0.996917334,-0.078459096,0.0
167.1490647,-11.54996855,34.800000000000004,0.996917334,-0.078459096,0.0
167.4001338,-8.359833082,34.800000000000004,0.996917334,-0.078459096,0.0
167.1490647,-11.54996855,38.00000000000001,0.996917334,-0.078459096,0.0
167.902272,-1.979562146,28.4,0.996917334,-0.078459096,0.0
167.6512029,-5.169697614,31.6,0.996917334,-0.078459096,0.0
167.1490647,-11.54996855,28.4,0.996917334,-0.078459096,0.0
167.6512029,-5.169697614,34.800000000000004,0.996917334,-0.078459096,0.0
167.1490647,-11.54996855,31.6,0.996917334,-0.078459096,0.0
167.4001338,-8.359833082,38.00000000000001,0.996917334,-0.078459096,0.0
167.4001338,-8.359833082,31.6,0.996917334,-0.078459096,0.0
167.902272,-1.979562146,31.6,0.996917334,-0.078459096,0.0
167.6512029,-5.169697614,28.4,0.996917334,-0.078459096,0.0
167.902272,-1.979562146,41.2,0.996917334,-0.078459096,0.0
167.6512029,-5.169697614,41.2,0.996917334,-0.078459096,0.0
167.902272,-1.979562146,44.4,0.996917334,-0.078459096,0.0
167.6512029,-5.169697614,44.4,0.996917334,-0.078459096,0.0
167.902272,-1.979562146,50.8,0.996917334,-0.078459096,0.0
167.902272,-1.979562146,47.6,0.996917334,-0.078459096,0.0
167.6512029,-5.169697614,50.8,0.996917334,-0.078459096,0.0
167.6512029,-5.169697614,47.6,0.996917334,-0.078459096,0.0
167.4001338,-8.359833082,41.2,0.996917334,-0.078459096,0.0
167.4001338,-8.359833082,47.6,0.996917334,-0.078459096,0.0
167.4001338,-8.359833082,44.4,0.996917334,-0.078459096,0.0
166.8979956,-14.74010402,38.00000000000001,0.996917334,-0.078459096,0.0
167.4001338,-8.359833082,50.8,0.996917334,-0.078459096,0.0
167.1490647,-11.54996855,41.2,0.996917334,-0.078459096,0.0
167.1490647,-11.54996855,50.8,0.996917334,-0.078459096,0.0
167.1490647,-11.54996855,47.6,0.996917334,-0.078459096,0.0
167.1490647,-11.54996855,44.4,0.996917334,-0.078459096,0.0
166.8979956,-14.74010402,41.2,0.996917334,-0.078459096,0.0
166.8979956,-14.74010402,44.4,0.996917334,-0.078459096,0.0
166.8979956,-14.74010402,50.8,0.996917334,-0.078459096,0.0
166.8979956,-14.74010402,47.6,0.996917334,-0.078459096,0.0
166.6469265,-17.93023949,50.8,0.996917334,-0.078459096,0.0
166.8979956,-14.74010402,34.800000000000004,0.996917334,-0.078459096,0.0
166.6469265,-17.93023949,47.6,0.996917334,-0.078459096,0.0
166.6469265,-17.93023949,44.4,0.996917334,-0.078459096,0.0
166.6469265,-17.93023949,41.2,0.996917334,-0.078459096,0.0
166.3958574,-21.12037495,47.6,0.996917334,-0.078459096,0.0
166.3958574,-21.12037495,50.8,0.996917334,-0.078459096,0.0
166.1447883,-24.31051042,50.8,0.996917334,-0.078459096,0.0
166.3958574,-21.12037495,41.2,0.996917334,-0.078459096,0.0
166.1447883,-24.31051042,47.6,0.996917334,-0.078459096,0.0
166.3958574,-21.12037495,44.4,0.996917334,-0.078459096,0.0
166.1447883,-24.31051042,41.2,0.996917334,-0.078459096,0.0
166.1447883,-24.31051042,44.4,0.996917334,-0.078459096,0.0
166.6469265,-17.93023949,31.6,0.996917334,-0.078459096,0.0
166.3958574,-21.12037495,31.6,0.996917334,-0.078459096,0.0
166.3958574,-21.12037495,28.4,0.996917334,-0.078459096,0.0
166.3958574,-21.12037495,38.00000000000001,0.996917334,-0.078459096,0.0
166.3958574,-21.12037495,34.800000000000004,0.996917334,-0.078459096,0.0
166.1447883,-24.31051042,31.6,0.996917334,-0.078459096,0.0
166.1447883,-24.31051042,28.4,0.996917334,-0.078459096,0.0
166.6469265,-17.93023949,28.4,0.996917334,-0.078459096,0.0
166.8979956,-14.74010402,28.4,0.996917334,-0.078459096,0.0
166.6469265,-17.93023949,38.00000000000001,0.996917334,-0.078459096,0.0
166.1447883,-24.31051042,34.800000000000004,0.996917334,-0.078459096,0.0
166.6469265,-17.93023949,34.800000000000004,0.996917334,-0.078459096,0.0
166.8979956,-14.74010402,31.6,0.996917334,-0.078459096,0.0
166.1447883,-24.31051042,38.00000000000001,0.996917334,-0.078459096,0.0
166.1447883,-24.31051042,14.800000000000004,0.996917334,-0.078459096,0.0
166.3958574,-21.12037495,14.800000000000004,0.996917334,-0.078459096,0.0
166.8979956,-14.74010402,18.000000000000007,0.996917334,-0.078459096,0.0
166.3958574,-21.12037495,18.000000000000007,0.996917334,-0.078459096,0.0
166.8979956,-14.74010402,14.800000000000004,0.996917334,-0.078459096,0.0
166.1447883,-24.31051042,21.2,0.996917334,-0.078459096,0.0
166.6469265,-17.93023949,21.2,0.996917334,-0.078459096,0.0
166.1447883,-24.31051042,24.4,0.996917334,-0.078459096,0.0
166.3958574,-21.12037495,21.2,0.996917334,-0.078459096,0.0
167.1490647,-11.54996855,14.800000000000004,0.996917334,-0.078459096,0.0
166.1447883,-24.31051042,18.000000000000007,0.996917334,-0.078459096,0.0
167.1490647,-11.54996855,18.000000000000007,0.996917334,-0.078459096,0.0
166.6469265,-17.93023949,14.800000000000004,0.996917334,-0.078459096,0.0
166.6469265,-17.93023949,24.4,0.996917334,-0.078459096,0.0
166.6469265,-17.93023949,18.000000000000007,0.996917334,-0.078459096,0.0
166.3958574,-21.12037495,24.4,0.996917334,-0.078459096,0.0
166.1447883,-24.31051042,11.6,0.996917334,-0.078459096,0.0
166.1447883,-24.31051042,5.200000000000003,0.996917334,-0.078459096,0.0
166.1447883,-24.31051042,8.399999999999999,0.996917334,-0.078459096,0.0
166.1447883,-24.31051042,2.0,0.996917334,-0.078459096,0.0
166.3958574,-21.12037495,8.399999999999999,0.996917334,-0.078459096,0.0
166.3958574,-21.12037495,11.6,0.996917334,-0.078459096,0.0
166.3958574,-21.12037495,5.200000000000003,0.996917334,-0.078459096,0.0
166.3958574,-21.12037495,2.0,0.996917334,-0.078459096,0.0
166.6469265,-17.93023949,11.6,0.996917334,-0.078459096,0.0
166.6469265,-17.93023949,5.200000000000003,0.996917334,-0.078459096,0.0
166.6469265,-17.93023949,8.399999999999999,0.996917334,-0.078459096,0.0
166.8979956,-14.74010402,21.2,0.996917334,-0.078459096,0.0
166.6469265,-17.93023949,2.0,0.996917334,-0.078459096,0.0
166.8979956,-14.74010402,2.0,0.996917334,-0.078459096,0.0
166.8979956,-14.74010402,5.200000000000003,0.996917334,-0.078459096,0.0
166.8979956,-14.74010402,11.6,0.996917334,-0.078459096,0.0
166.8979956,-14.74010402,8.399999999999999,0.996917334,-0.078459096,0.0
167.1490647,-11.54996855,8.399999999999999,0.996917334,-0.078459096,0.0
167.1490647,-11.54996855,5.200000000000003,0.996917334,-0.078459096,0.0
167.1490647,-11.54996855,11.6,0.996917334,-0.078459096,0.0
167.1490647,-11.54996855,2.0,0.996917334,-0.078459096,0.0
167.4001338,-8.359833082,2.0,0.996917334,-0.078459096,0.0
166.8979956,-14.74010402,24.4,0.996917334,-0.078459096,0.0
167.4001338,-8.359833082,5.200000000000003,0.996917334,-0.078459096,0.0
167.6512029,-5.169697614,2.0,0.996917334,-0.078459096,0.0
167.4001338,-8.359833082,8.399999999999999,0.996917334,-0.078459096,0.0
167.6512029,-5.169697614,5.200000000000003,0.996917334,-0.078459096,0.0
167.4001338,-8.359833082,11.6,0.996917334,-0.078459096,0.0
167.902272,-1.979562146,2.0,0.996917334,-0.078459096,0.0
167.6512029,-5.169697614,8.399999999999999,0.996917334,-0.078459096,0.0
167.902272,-1.979562146,5.200000000000003,0.996917334,-0.078459096,0.0
167.6512029,-5.169697614,11.6,0.996917334,-0.078459096,0.0
167.902272,-1.979562146,8.399999999999999,0.996917334,-0.078459096,0.0
167.902272,-1.979562146,11.6,0.996917334,-0.078459096,0.0
167.4001338,-8.359833082,24.4,0.996917334,-0.078459096,0.0
167.6512029,-5.169697614,18.000000000000007,0.996917334,-0.078459096,0.0
167.6512029,-5.169697614,24.4,0.996917334,-0.078459096,0.0
167.6512029,-5.169697614,14.800000000000004,0.996917334,-0.078459096,0.0
167.6512029,-5.169697614,21.2,0.996917334,-0.078459096,0.0
167.902272,-1.979562146,21.2,0.996917334,-0.078459096,0.0
167.902272,-1.979562146,24.4,0.996917334,-0.078459096,0.0
167.4001338,-8.359833082,21.2,0.996917334,-0.078459096,0.0
167.1490647,-11.54996855,21.2,0.996917334,-0.078459096,0.0
167.4001338,-8.359833082,14.800000000000004,0.996917334,-0.078459096,0.0
167.902272,-1.979562146,18.000000000000007,0.996917334,-0.078459096,0.0
167.4001338,-8.359833082,18.000000000000007,0.996917334,-0.078459096,0.0
167.1490647,-11.54996855,24.4,0.996917334,-0.078459096,0.0
167.902272,-1.979562146,14.800000000000004,0.996917334,-0.078459096,0.0
166.1447882,24.31051162,38.00000000000001,0.996917334,0.078459096,0.0
166.3958573,21.12037615,38.00000000000001,0.996917334,0.078459096,0.0
166.6469264,17.93024068,28.4,0.996917334,0.078459096,0.0
166.1447882,24.31051162,34.800000000000004,0.996917334,0.078459096,0.0
166.8979955,14.74010522,34.800000000000004,0.996917334,0.078459096,0.0
166.6469264,17.93024068,34.800000000000004,0.996917334,0.078459096,0.0
166.8979955,14.74010522,38.00000000000001,0.996917334,0.078459096,0.0
166.1447882,24.31051162,28.4,0.996917334,0.078459096,0.0
166.3958573,21.12037615,31.6,0.996917334,0.078459096,0.0
166.8979955,14.74010522,28.4,0.996917334,0.078459096,0.0
166.3958573,21.12037615,34.800000000000004,0.996917334,0.078459096,0.0
166.8979955,14.74010522,31.6,0.996917334,0.078459096,0.0
166.6469264,17.93024068,38.00000000000001,0.996917334,0.078459096,0.0
166.6469264,17.93024068,31.6,0.996917334,0.078459096,0.0
166.1447882,24.31051162,31.6,0.996917334,0.078459096,0.0
166.3958573,21.12037615,28.4,0.996917334,0.078459096,0.0
166.1447882,24.31051162,41.2,0.996917334,0.078459096,0.0
166.3958573,21.12037615,41.2,0.996917334,0.078459096,0.0
166.1447882,24.31051162,44.4,0.996917334,0.078459096,0.0
166.3958573,21.12037615,44.4,0.996917334,0.078459096,0.0
166.1447882,24.31051162,50.8,0.996917334,0.078459096,0.0
166.1447882,24.31051162,47.6,0.996917334,0.078459096,0.0
166.3958573,21.12037615,50.8,0.996917334,0.078459096,0.0
166.3958573,21.12037615,47.6,0.996917334,0.078459096,0.0
166.6469264,17.93024068,41.2,0.996917334,0.078459096,0.0
166.6469264,17.93024068,47.6,0.996917334,0.078459096,0.0
166.6469264,17.93024068,44.4,0.996917334,0.078459096,0.0
167.1490646,11.54996975,38.00000000000001,0.996917334,0.078459096,0.0
166.6469264,17.93024068,50.8,0.996917334,0.078459096,0.0
166.8979955,14.74010522,41.2,0.996917334,0.078459096,0.0
166.8979955,14.74010522,50.8,0.996917334,0.078459096,0.0
166.8979955,14.74010522,47.6,0.996917334,0.078459096,0.0
166.8979955,14.74010522,44.4,0.996917334,0.078459096,0.0
167.1490646,11.54996975,41.2,0.996917334,0.078459096,0.0
167.1490646,11.54996975,44.4,0.996917334,0.078459096,0.0
167.1490646,11.54996975,50.8,0.996917334,0.078459096,0.0
167.1490646,11.54996975,47.6,0.996917334,0.078459096,0.0
167.4001337,8.359834281,50.8,0.996917334,0.078459096,0.0
167.1490646,11.54996975,34.800000000000004,0.996917334,0.078459096,0.0
167.4001337,8.359834281,47.6,0.996917334,0.078459096,0.0
167.4001337,8.359834281,44.4,0.996917334,0.078459096,0.0
167.4001337,8.359834281,41.2,0.996917334,0.078459096,0.0
167.6512028,5.169698813,47.6,0.996917334,0.078459096,0.0
167.6512028,5.169698813,50.8,0.996917334,0.078459096,0.0
167.9022719,1.979563345,50.8,0.996917334,0.078459096,0.0
167.6512028,5.169698813,41.2,0.996917334,0.078459096,0.0
167.9022719,1.979563345,47.6,0.996917334,0.078459096,0.0
167.6512028,5.169698813,44.4,0.996917334,0.078459096,0.0
167.9022719,1.979563345,41.2,0.996917334,0.078459096,0.0
167.9022719,1.979563345,44.4,0.996917334,0.078459096,0.0
167.4001337,8.359834281,31.6,0.996917334,0.078459096,0.0
167.6512028,5.169698813,31.6,0.996917334,0.078459096,0.0
167.6512028,5.169698813,28.4,0.996917334,0.078459096,0.0
167.6512028,5.169698813,38.00000000000001,0.996917334,0.078459096,0.0
167.6512028,5.169698813,34.800000000000004,0.996917334,0.078459096,0.0
167.9022719,1.979563345,31.6,0.996917334,0.078459096,0.0
167.9022719,1.979563345,28.4,0.996917334,0.078459096,0.0
167.4001337,8.359834281,28.4,0.996917334,0.078459096,0.0
167.1490646,11.54996975,28.4,0.996917334,0.078459096,0.0
167.4001337,8.359834281,38.00000000000001,0.996917334,0.078459096,0.0
167.9022719,1.979563345,34.800000000000004,0.996917334,0.078459096,0.0
167.4001337,8.359834281,34.800000000000004,0.996917334,0.078459096,0.0
167.1490646,11.54996975,31.6,0.996917334,0.078459096,0.0
167.9022719,1.979563345,38.00000000000001,0.996917334,0.078459096,0.0
167.9022719,1.979563345,14.800000000000004,0.996917334,0.078459096,0.0
167.6512028,5.169698813,14.800000000000004,0.996917334,0.078459096,0.0
167.1490646,11.54996975,18.000000000000007,0.996917334,0.078459096,0.0
167.6512028,5.169698813,18.000000000000007,0.996917334,0.078459096,0.0
167.1490646,11.54996975,14.800000000000004,0.996917334,0.078459096,0.0
167.9022719,1.979563345,21.2,0.996917334,0.078459096,0.0
167.4001337,8.359834281,21.2,0.996917334,0.078459096,0.0
167.9022719,1.979563345,24.4,0.996917334,0.078459096,0.0
167.6512028,5.169698813,21.2,0.996917334,0.078459096,0.0
166.8979955,14.74010522,14.800000000000004,0.996917334,0.078459096,0.0
167.9022719,1.979563345,18.000000000000007,0.996917334,0.078459096,0.0
166.8979955,14.74010522,18.000000000000007,0.996917334,0.078459096,0.0
167.4001337,8.359834281,14.800000000000004,0.996917334,0.078459096,0.0
167.4001337,8.359834281,24.4,0.996917334,0.078459096,0.0
167.4001337,8.359834281,18.000000000000007,0.996917334,0.078459096,0.0
167.6512028,5.169698813,24.4,0.996917334,0.078459096,0.0
167.9022719,1.979563345,11.6,0.996917334,0.078459096,0.0
167.9022719,1.979563345,5.200000000000003,0.996917334,0.078459096,0.0
167.9022719,1.979563345,8.399999999999999,0.996917334,0.078459096,0.0
167.9022719,1.979563345,2.0,0.996917334,0.078459096,0.0
167.6512028,5.169698813,8.399999999999999,0.996917334,0.078459096,0.0
167.6512028,5.169698813,11.6,0.996917334,0.078459096,0.0
167.6512028,5.169698813,5.200000000000003,0.996917334,0.078459096,0.0
167.6512028,5.169698813,2.0,0.996917334,0.078459096,0.0
167.4001337,8.359834281,11.6,0.996917334,0.078459096,0.0
167.4001337,8.359834281,5.200000000000003,0.996917334,0.078459096,0.0
167.4001337,8.359834281,8.399999999999999,0.996917334,0.078459096,0.0
167.1490646,11.54996975,21.2,0.996917334,0.078459096,0.0
167.4001337,8.359834281,2.0,0.996917334,0.078459096,0.0
167.1490646,11.54996975,2.0,0.996917334,0.078459096,0.0
167.1490646,11.54996975,5.200000000000003,0.996917334,0.078459096,0.0
167.1490646,11.54996975,11.6,0.996917334,0.078459096,0.0
167.1490646,11.54996975,8.399999999999999,0.996917334,0.078459096,0.0
166.8979955,14.74010522,8.399999999999999,0.996917334,0.078459096,0.0
166.8979955,14.74010522,5.200000000000003,0.996917334,0.078459096,0.0
166.8979955,14.74010522,11.6,0.996917334,0.078459096,0.0
166.8979955,14.74010522,2.0,0.996917334,0.078459096,0.0
166.6469264,17.93024068,2.0,0.996917334,0.078459096,0.0
167.1490646,11.54996975,24.4,0.996917334,0.078459096,0.0
166.6469264,17.93024068,5.200000000000003,0.996917334,0.078459096,0.0
166.3958573,21.12037615,2.0,0.996917334,0.078459096,0.0
166.6469264,17.93024068,8.399999999999999,0.996917334,0.078459096,0.0
166.3958573,21.12037615,5.200000000000003,0.996917334,0.078459096,0.0
166.6469264,17.93024068,11.6,0.996917334,0.078459096,0.0
166.1447882,24.31051162,2.0,0.996917334,0.078459096,0.0
166.3958573,21.12037615,8.399999999999999,0.996917334,0.078459096,0.0
166.1447882,24.31051162,5.200000000000003,0.996917334,0.078459096,0.0
166.3958573,21.12037615,11.6,0.996917334,0.078459096,0.0
166.1447882,24.31051162,8.399999999999999,0.996917334,0.078459096,0.0
166.1447882,24.31051162,11.6,0.996917334,0.078459096,0.0
166.6469264,17.93024068,24.4,0.996917334,0.078459096,0.0
166.3958573,21.12037615,18.000000000000007,0.996917334,0.078459096,0.0
166.3958573,21.12037615,24.4,0.996917334,0.078459096,0.0
166.3958573,21.12037615,14.800000000000004,0.996917334,0.078459096,0.0
166.3958573,21.12037615,21.2,0.996917334,0.078459096,0.0
166.1447882,24.31051162,21.2,0.996917334,0.078459096,0.0
166.1447882,24.31051162,24.4,0.996917334,0.078459096,0.0
166.6469264,17.93024068,21.2,0.996917334,0.078459096,0.0
166.8979955,14.74010522,21.2,0.996917334,0.078459096,0.0
166.6469264,17.93024068,14.800000000000004,0.996917334,0.078459096,0.0
166.1447882,24.31051162,18.000000000000007,0.996917334,0.078459096,0.0
166.6469264,17.93024068,18.000000000000007,0.996917334,0.078459096,0.0
166.8979955,14.74010522,24.4,0.996917334,0.078459096,0.0
166.1447882,24.31051162,14.800000000000004,0.996917334,0.078459096,0.0
160.2962683,50.00197991,38.00000000000001,0.97236992,0.233445364,0.0
161.0432934,46.89039617,38.00000000000001,0.97236992,0.233445364,0.0
161.7903186,43.77881242,28.4,0.97236992,0.233445364,0.0
160.2962683,50.00197991,34.800000000000004,0.97236992,0.233445364,0.0
162.5373438,40.66722867,34.800000000000004,0.97236992,0.233445364,0.0
161.7903186,43.77881242,34.800000000000004,0.97236992,0.233445364,0.0
162.5373438,40.66722867,38.00000000000001,0.97236992,0.233445364,0.0
160.2962683,50.00197991,28.4,0.97236992,0.233445364,0.0
161.0432934,46.89039617,31.6,0.97236992,0.233445364,0.0
162.5373438,40.66722867,28.4,0.97236992,0.233445364,0.0
161.0432934,46.89039617,34.800000000000004,0.97236992,0.233445364,0.0
162.5373438,40.66722867,31.6,0.97236992,0.233445364,0.0
161.7903186,43.77881242,38.00000000000001,0.97236992,0.233445364,0.0
161.7903186,43.77881242,31.6,0.97236992,0.233445364,0.0
160.2962683,50.00197991,31.6,0.97236992,0.233445364,0.0
161.0432934,46.89039617,28.4,0.97236992,0.233445364,0.0
160.2962683,50.00197991,41.2,0.97236992,0.233445364,0.0
161.0432934,46.89039617,41.2,0.97236992,0.233445364,0.0
160.2962683,50.00197991,44.4,0.97236992,0.233445364,0.0
161.0432934,46.89039617,44.4,0.97236992,0.233445364,0.0
160.2962683,50.00197991,50.8,0.97236992,0.233445364,0.0
160.2962683,50.00197991,47.6,0.97236992,0.233445364,0.0
161.0432934,46.89039617,50.8,0.97236992,0.233445364,0.0
161.0432934,46.89039617,47.6,0.97236992,0.233445364,0.0
161.7903186,43.77881242,41.2,0.97236992,0.233445364,0.0
161.7903186,43.77881242,47.6,0.97236992,0.233445364,0.0
161.7903186,43.77881242,44.4,0.97236992,0.233445364,0.0
163.2843689,37.55564493,38.00000000000001,0.97236992,0.233445364,0.0
161.7903186,43.77881242,50.8,0.97236992,0.233445364,0.0
162.5373438,40.66722867,41.2,0.97236992,0.233445364,0.0
162.5373438,40.66722867,50.8,0.97236992,0.233445364,0.0
162.5373438,40.66722867,47.6,0.97236992,0.233445364,0.0
162.5373438,40.66722867,44.4,0.97236992,0.233445364,0.0
163.2843689,37.55564493,41.2,0.97236992,0.233445364,0.0
163.2843689,37.55564493,44.4,0.97236992,0.233445364,0.0
163.2843689,37.55564493,50.8,0.97236992,0.233445364,0.0
163.2843689,37.55564493,47.6,0.97236992,0.233445364,0.0
164.0313941,34.44406118,50.8,0.97236992,0.233445364,0.0
163.2843689,37.55564493,34.800000000000004,0.97236992,0.233445364,0.0
164.0313941,34.44406118,47.6,0.97236992,0.233445364,0.0
164.0313941,34.44406118,44.4,0.97236992,0.233445364,0.0
164.0313941,34.44406118,41.2,0.97236992,0.233445364,0.0
164.7784192,31.33247744,47.6,0.97236992,0.233445364,0.0
164.7784192,31.33247744,50.8,0.97236992,0.233445364,0.0
165.5254444,28.22089369,50.8,0.97236992,0.233445364,0.0
164.7784192,31.33247744,41.2,0.97236992,0.233445364,0.0
165.5254444,28.22089369,47.6,0.97236992,0.233445364,0.0
164.7784192,31.33247744,44.4,0.97236992,0.233445364,0.0
165.5254444,28.22089369,41.2,0.97236992,0.233445364,0.0
165.5254444,28.22089369,44.4,0.97236992,0.233445364,0.0
164.0313941,34.44406118,31.6,0.97236992,0.233445364,0.0
164.7784192,31.33247744,31.6,0.97236992,0.233445364,0.0
164.7784192,31.33247744,28.4,0.97236992,0.233445364,0.0
164.7784192,31.33247744,38.00000000000001,0.97236992,0.233445364,0.0
164.7784192,31.33247744,34.800000000000004,0.97236992,0.233445364,0.0
165.5254444,28.22089369,31.6,0.97236992,0.233445364,0.0
165.5254444,28.22089369,28.4,0.97236992,0.233445364,0.0
164.0313941,34.44406118,28.4,0.97236992,0.233445364,0.0
163.2843689,37.55564493,28.4,0.97236992,0.233445364,0.0
164.0313941,34.44406118,38.00000000000001,0.97236992,0.233445364,0.0
165.5254444,28.22089369,34.800000000000004,0.97236992,0.233445364,0.0
164.0313941,34.44406118,34.800000000000004,0.97236992,0.233445364,0.0
163.2843689,37.55564493,31.6,0.97236992,0.233445364,0.0
165.5254444,28.22089369,38.00000000000001,0.97236992,0.233445364,0.0
165.5254444,28.22089369,14.800000000000004,0.97236992,0.233445364,0.0
164.7784192,31.33247744,14.800000000000004,0.97236992,0.233445364,0.0
163.2843689,37.55564493,18.000000000000007,0.97236992,0.233445364,0.0
164.7784192,31.33247744,18.000000000000007,0.97236992,0.233445364,0.0
163.2843689,37.55564493,14.800000000000004,0.97236992,0.233445364,0.0
165.5254444,28.22089369,21.2,0.97236992,0.233445364,0.0
164.0313941,34.44406118,21.2,0.97236992,0.233445364,0.0
165.5254444,28.22089369,24.4,0.97236992,0.233445364,0.0
164.7784192,31.33247744,21.2,0.97236992,0.233445364,0.0
162.5373438,40.66722867,14.800000000000004,0.97236992,0.233445364,0.0
165.5254444,28.22089369,18.000000000000007,0.97236992,0.233445364,0.0
162.5373438,40.66722867,18.000000000000007,0.97236992,0.233445364,0.0
164.0313941,34.44406118,14.800000000000004,0.97236992,0.233445364,0.0
164.0313941,34.44406118,24.4,0.97236992,0.233445364,0.0
164.0313941,34.44406118,18.000000000000007,0.97236992,0.233445364,0.0
164.7784192,31.33247744,24.4,0.97236992,0.233445364,0.0
165.5254444,28.22089369,11.6,0.97236992,0.233445364,0.0
165.5254444,28.22089369,5.200000000000003,0.97236992,0.233445364,0.0
165.5254444,28.22089369,8.399999999999999,0.97236992,0.233445364,0.0
165.5254444,28.22089369,2.0,0.97236992,0.233445364,0.0
164.7784192,31.33247744,8.399999999999999,0.97236992,0.233445364,0.0
164.7784192,31.33247744,11.6,0.97236992,0.233445364,0.0
164.7784192,31.33247744,5.200000000000003,0.97236992,0.233445364,0.0
164.7784192,31.33247744,2.0,0.97236992,0.233445364,0.0
164.0313941,34.44406118,11.6,0.97236992,0.233445364,0.0
164.0313941,34.44406118,5.200000000000003,0.97236992,0.233445364,0.0
164.0313941,34.44406118,8.399999999999999,0.97236992,0.233445364,0.0
163.2843689,37.55564493,21.2,0.97236992,0.233445364,0.0
164.0313941,34.44406118,2.0,0.97236992,0.233445364,0.0
163.2843689,37.55564493,2.0,0.97236992,0.233445364,0.0
163.2843689,37.55564493,5.200000000000003,0.97236992,0.233445364,0.0
163.2843689,37.55564493,11.6,0.97236992,0.233445364,0.0
163.2843689,37.55564493,8.399999999999999,0.97236992,0.233445364,0.0
162.5373438,40.66722867,8.399999999999999,0.97236992,0.233445364,0.0
162.5373438,40.66722867,5.200000000000003,0.97236992,0.233445364,0.0
162.5373438,40.66722867,11.6,0.97236992,0.233445364,0.0
162.5373438,40.66722867,2.0,0.97236992,0.233445364,0.0
161.7903186,43.77881242,2.0,0.97236992,0.233445364,0.0
163.2843689,37.55564493,24.4,0.97236992,0.233445364,0.0
161.7903186,43.77881242,5.200000000000003,0.97236992,0.233445364,0.0
161.0432934,46.89039617,2.0,0.97236992,0.233445364,0.0
161.7903186,43.77881242,8.399999999999999,0.97236992,0.233445364,0.0
161.0432934,46.89039617,5.200000000000003,0.97236992,0.233445364,0.0
161.7903186,43.77881242,11.6,0.97236992,0.233445364,0.0
160.2962683,50.00197991,2.0,0.97236992,0.233445364,0.0
161.0432934,46.89039617,8.399999999999999,0.97236992,0.233445364,0.0
160.2962683,50.00197991,5.200000000000003,0.97236992,0.233445364,0.0
161.0432934,46.89039617,11.6,0.97236992,0.233445364,0.0
160.2962683,50.00197991,8.399999999999999,0.97236992,0.233445364,0.0
160.2962683,50.00197991,11.6,0.97236992,0.233445364,0.0
161.7903186,43.77881242,24.4,0.97236992,0.233445364,0.0
161.0432934,46.89039617,18.000000000000007,0.97236992,0.233445364,0.0
161.0432934,46.89039617,24.4,0.97236992,0.233445364,0.0
161.0432934,46.89039617,14.800000000000004,0.97236992,0.233445364,0.0
161.0432934,46.89039617,21.2,0.97236992,0.233445364,0.0
160.2962683,50.00197991,21.2,0.97236992,0.233445364,0.0
160.2962683,50.00197991,24.4,0.97236992,0.233445364,0.0
161.7903186,43.77881242,21.2,0.97236992,0.233445364,0.0
162.5373438,40.66722867,21.2,0.97236992,0.233445364,0.0
161.7903186,43.77881242,14.800000000000004,0.97236992,0.233445364,0.0
160.2962683,50.00197991,18.000000000000007,0.97236992,0.233445364,0.0
161.7903186,43.77881242,18.000000000000007,0.97236992,0.233445364,0.0
162.5373438,40.66722867,24.4,0.97236992,0.233445364,0.0
160.2962683,50.00197991,14.800000000000004,0.97236992,0.233445364,0.0
160.2962683,50.00197991,-14.799999999999995,0.97236992,0.233445364,0.0
161.0432934,46.89039617,-14.799999999999995,0.97236992,0.233445364,0.0
161.7903186,43.77881242,-24.4,0.97236992,0.233445364,0.0
160.2962683,50.00197991,-18.0,0.97236992,0.233445364,0.0
162.5373438,40.66722867,-18.0,0.97236992,0.233445364,0.0
161.7903186,43.77881242,-18.0,0.97236992,0.233445364,0.0
162.5373438,40.66722867,-14.799999999999995,0.97236992,0.233445364,0.0
160.2962683,50.00197991,-24.4,0.97236992,0.233445364,0.0
161.0432934,46.89039617,-21.2,0.97236992,0.233445364,0.0
162.5373438,40.66722867,-24.4,0.97236992,0.233445364,0.0
161.0432934,46.89039617,-18.0,0.97236992,0.233445364,0.0
162.5373438,40.66722867,-21.2,0.97236992,0.233445364,0.0
161.7903186,43.77881242,-14.799999999999995,0.97236992,0.233445364,0.0
161.7903186,43.77881242,-21.2,0.97236992,0.233445364,0.0
160.2962683,50.00197991,-21.2,0.97236992,0.233445364,0.0
161.0432934,46.89039617,-24.4,0.97236992,0.233445364,0.0
160.2962683,50.00197991,-11.6,0.97236992,0.233445364,0.0
161.0432934,46.89039617,-11.6,0.97236992,0.233445364,0.0
160.2962683,50.00197991,-8.399999999999999,0.97236992,0.233445364,0.0
161.0432934,46.89039617,-8.399999999999999,0.97236992,0.233445364,0.0
160.2962683,50.00197991,-2.0,0.97236992,0.233445364,0.0
160.2962683,50.00197991,-5.199999999999996,0.97236992,0.233445364,0.0
161.0432934,46.89039617,-2.0,0.97236992,0.233445364,0.0
161.0432934,46.89039617,-5.199999999999996,0.97236992,0.233445364,0.0
161.7903186,43.77881242,-11.6,0.97236992,0.233445364,0.0
161.7903186,43.77881242,-5.199999999999996,0.97236992,0.233445364,0.0
161.7903186,43.77881242,-8.399999999999999,0.97236992,0.233445364,0.0
163.2843689,37.55564493,-14.799999999999995,0.97236992,0.233445364,0.0
161.7903186,43.77881242,-2.0,0.97236992,0.233445364,0.0
162.5373438,40.66722867,-11.6,0.97236992,0.233445364,0.0
162.5373438,40.66722867,-2.0,0.97236992,0.233445364,0.0
162.5373438,40.66722867,-5.199999999999996,0.97236992,0.233445364,0.0
162.5373438,40.66722867,-8.399999999999999,0.97236992,0.233445364,0.0
163.2843689,37.55564493,-11.6,0.97236992,0.233445364,0.0
163.2843689,37.55564493,-8.399999999999999,0.97236992,0.233445364,0.0
163.2843689,37.55564493,-2.0,0.97236992,0.233445364,0.0
163.2843689,37.55564493,-5.199999999999996,0.97236992,0.233445364,0.0
164.0313941,34.44406118,-2.0,0.97236992,0.233445364,0.0
163.2843689,37.55564493,-18.0,0.97236992,0.233445364,0.0
164.0313941,34.44406118,-5.199999999999996,0.97236992,0.233445364,0.0
164.0313941,34.44406118,-8.399999999999999,0.97236992,0.233445364,0.0
164.0313941,34.44406118,-11.6,0.97236992,0.233445364,0.0
164.7784192,31.33247744,-5.199999999999996,0.97236992,0.233445364,0.0
164.7784192,31.33247744,-2.0,0.97236992,0.233445364,0.0
165.5254444,28.22089369,-2.0,0.97236992,0.233445364,0.0
164.7784192,31.33247744,-11.6,0.97236992,0.233445364,0.0
165.5254444,28.22089369,-5.199999999999996,0.97236992,0.233445364,0.0
164.7784192,31.33247744,-8.399999999999999,0.97236992,0.233445364,0.0
165.5254444,28.22089369,-11.6,0.97236992,0.233445364,0.0
165.5254444,28.22089369,-8.399999999999999,0.97236992,0.233445364,0.0
164.0313941,34.44406118,-21.2,0.97236992,0.233445364,0.0
164.7784192,31.33247744,-21.2,0.97236992,0.233445364,0.0
164.7784192,31.33247744,-24.4,0.97236992,0.233445364,0.0
164.7784192,31.33247744,-14.799999999999995,0.97236992,0.233445364,0.0
164.7784192,31.33247744,-18.0,0.97236992,0.233445364,0.0
165.5254444,28.22089369,-21.2,0.97236992,0.233445364,0.0
165.5254444,28.22089369,-24.4,0.97236992,0.233445364,0.0
164.0313941,34.44406118,-24.4,0.97236992,0.233445364,0.0
163.2843689,37.55564493,-24.4,0.97236992,0.233445364,0.0
164.0313941,34.44406118,-14.799999999999995,0.97236992,0.233445364,0.0
165.5254444,28.22089369,-18.0,0.97236992,0.233445364,0.0
164.0313941,34.44406118,-18.0,0.97236992,0.233445364,0.0
163.2843689,37.55564493,-21.2,0.97236992,0.233445364,0.0
165.5254444,28.22089369,-14.799999999999995,0.97236992,0.233445364,0.0
165.5254444,28.22089369,-38.0,0.97236992,0.233445364,0.0
164.7784192,31.33247744,-38.0,0.97236992,0.233445364,0.0
163.2843689,37.55564493,-34.8,0.97236992,0.233445364,0.0
164.7784192,31.33247744,-34.8,0.97236992,0.233445364,0.0
163.2843689,37.55564493,-38.0,0.97236992,0.233445364,0.0
165.5254444,28.22089369,-31.6,0.97236992,0.233445364,0.0
164.0313941,34.44406118,-31.6,0.97236992,0.233445364,0.0
165.5254444,28.22089369,-28.4,0.97236992,0.233445364,0.0
164.7784192,31.33247744,-31.6,0.97236992,0.233445364,0.0
162.5373438,40.66722867,-38.0,0.97236992,0.233445364,0.0
165.5254444,28.22089369,-34.8,0.97236992,0.233445364,0.0
162.5373438,40.66722867,-34.8,0.97236992,0.233445364,0.0
164.0313941,34.44406118,-38.0,0.97236992,0.233445364,0.0
164.0313941,34.44406118,-28.4,0.97236992,0.233445364,0.0
164.0313941,34.44406118,-34.8,0.97236992,0.233445364,0.0
164.7784192,31.33247744,-28.4,0.97236992,0.233445364,0.0
165.5254444,28.22089369,-41.2,0.97236992,0.233445364,0.0
165.5254444,28.22089369,-47.6,0.97236992,0.233445364,0.0
165.5254444,28.22089369,-44.4,0.97236992,0.233445364,0.0
165.5254444,28.22089369,-50.8,0.97236992,0.233445364,0.0
164.7784192,31.33247744,-44.4,0.97236992,0.233445364,0.0
164.7784192,31.33247744,-41.2,0.97236992,0.233445364,0.0
164.7784192,31.33247744,-47.6,0.97236992,0.233445364,0.0
164.7784192,31.33247744,-50.8,0.97236992,0.233445364,0.0
164.0313941,34.44406118,-41.2,0.97236992,0.233445364,0.0
164.0313941,34.44406118,-47.6,0.97236992,0.233445364,0.0
164.0313941,34.44406118,-44.4,0.97236992,0.233445364,0.0
163.2843689,37.55564493,-31.6,0.97236992,0.233445364,0.0
164.0313941,34.44406118,-50.8,0.97236992,0.233445364,0.0
163.2843689,37.55564493,-50.8,0.97236992,0.233445364,0.0
163.2843689,37.55564493,-47.6,0.97236992,0.233445364,0.0
163.2843689,37.55564493,-41.2,0.97236992,0.233445364,0.0
163.2843689,37.55564493,-44.4,0.97236992,0.233445364,0.0
162.5373438,40.66722867,-44.4,0.97236992,0.233445364,0.0
162.5373438,40.66722867,-47.6,0.97236992,0.233445364,0.0
162.5373438,40.66722867,-41.2,0.97236992,0.233445364,0.0
162.5373438,40.66722867,-50.8,0.97236992,0.233445364,0.0
161.7903186,43.77881242,-50.8,0.97236992,0.233445364,0.0
163.2843689,37.55564493,-28.4,0.97236992,0.233445364,0.0
161.7903186,43.77881242,-47.6,0.97236992,0.233445364,0.0
161.0432934,46.89039617,-50.8,0.97236992,0.233445364,0.0
161.7903186,43.77881242,-44.4,0.97236992,0.233445364,0.0
161.0432934,46.89039617,-47.6,0.97236992,0.233445364,0.0
161.7903186,43.77881242,-41.2,0.97236992,0.233445364,0.0
160.2962683,50.00197991,-50.8,0.97236992,0.233445364,0.0
161.0432934,46.89039617,-44.4,0.97236992,0.233445364,0.0
160.2962683,50.00197991,-47.6,0.97236992,0.233445364,0.0
161.0432934,46.89039617,-41.2,0.97236992,0.233445364,0.0
160.2962683,50.00197991,-44.4,0.97236992,0.233445364,0.0
160.2962683,50.00197991,-41.2,0.97236992,0.233445364,0.0
161.7903186,43.77881242,-28.4,0.97236992,0.233445364,0.0
161.0432934,46.89039617,-34.8,0.97236992,0.233445364,0.0
161.0432934,46.89039617,-28.4,0.97236992,0.233445364,0.0
161.0432934,46.89039617,-38.0,0.97236992,0.233445364,0.0
161.0432934,46.89039617,-31.6,0.97236992,0.233445364,0.0
160.2962683,50.00197991,-31.6,0.97236992,0.233445364,0.0
160.2962683,50.00197991,-28.4,0.97236992,0.233445364,0.0
161.7903186,43.77881242,-31.6,0.97236992,0.233445364,0.0
162.5373438,40.66722867,-31.6,0.97236992,0.233445364,0.0
161.7903186,43.77881242,-38.0,0.97236992,0.233445364,0.0
160.2962683,50.00197991,-34.8,0.97236992,0.233445364,0.0
161.7903186,43.77881242,-34.8,0.97236992,0.233445364,0.0
162.5373438,40.66722867,-28.4,0.97236992,0.233445364,0.0
160.2962683,50.00197991,-38.0,0.97236992,0.233445364,0.0
166.1447882,24.31051162,-14.799999999999995,0.996917334,0.078459096,0.0
166.3958573,21.12037615,-14.799999999999995,0.996917334,0.078459096,0.0
166.6469264,17.93024068,-24.4,0.996917334,0.078459096,0.0
166.1447882,24.31051162,-18.0,0.996917334,0.078459096,0.0
166.8979955,14.74010522,-18.0,0.996917334,0.078459096,0.0
166.6469264,17.93024068,-18.0,0.996917334,0.078459096,0.0
166.8979955,14.74010522,-14.799999999999995,0.996917334,0.078459096,0.0
166.1447882,24.31051162,-24.4,0.996917334,0.078459096,0.0
166.3958573,21.12037615,-21.2,0.996917334,0.078459096,0.0
166.8979955,14.74010522,-24.4,0.996917334,0.078459096,0.0
166.3958573,21.12037615,-18.0,0.996917334,0.078459096,0.0
166.8979955,14.74010522,-21.2,0.996917334,0.078459096,0.0
166.6469264,17.93024068,-14.799999999999995,0.996917334,0.078459096,0.0
166.6469264,17.93024068,-21.2,0.996917334,0.078459096,0.0
166.1447882,24.31051162,-21.2,0.996917334,0.078459096,0.0
166.3958573,21.12037615,-24.4,0.996917334,0.078459096,0.0
166.1447882,24.31051162,-11.6,0.996917334,0.078459096,0.0
166.3958573,21.12037615,-11.6,0.996917334,0.078459096,0.0
166.1447882,24.31051162,-8.399999999999999,0.996917334,0.078459096,0.0
166.3958573,21.12037615,-8.399999999999999,0.996917334,0.078459096,0.0
166.1447882,24.31051162,-2.0,0.996917334,0.078459096,0.0
166.1447882,24.31051162,-5.199999999999996,0.996917334,0.078459096,0.0
166.3958573,21.12037615,-2.0,0.996917334,0.078459096,0.0
166.3958573,21.12037615,-5.199999999999996,0.996917334,0.078459096,0.0
166.6469264,17.93024068,-11.6,0.996917334,0.078459096,0.0
166.6469264,17.93024068,-5.199999999999996,0.996917334,0.078459096,0.0
166.6469264,17.93024068,-8.399999999999999,0.996917334,0.078459096,0.0
167.1490646,11.54996975,-14.799999999999995,0.996917334,0.078459096,0.0
166.6469264,17.93024068,-2.0,0.996917334,0.078459096,0.0
166.8979955,14.74010522,-11.6,0.996917334,0.078459096,0.0
166.8979955,14.74010522,-2.0,0.996917334,0.078459096,0.0
166.8979955,14.74010522,-5.199999999999996,0.996917334,0.078459096,0.0
166.8979955,14.74010522,-8.399999999999999,0.996917334,0.078459096,0.0
167.1490646,11.54996975,-11.6,0.996917334,0.078459096,0.0
167.1490646,11.54996975,-8.399999999999999,0.996917334,0.078459096,0.0
167.1490646,11.54996975,-2.0,0.996917334,0.078459096,0.0
167.1490646,11.54996975,-5.199999999999996,0.996917334,0.078459096,0.0
167.4001337,8.359834281,-2.0,0.996917334,0.078459096,0.0
167.1490646,11.54996975,-18.0,0.996917334,0.078459096,0.0
167.4001337,8.359834281,-5.199999999999996,0.996917334,0.078459096,0.0
167.4001337,8.359834281,-8.399999999999999,0.996917334,0.078459096,0.0
167.4001337,8.359834281,-11.6,0.996917334,0.078459096,0.0
167.6512028,5.169698813,-5.199999999999996,0.996917334,0.078459096,0.0
167.6512028,5.169698813,-2.0,0.996917334,0.078459096,0.0
167.9022719,1.979563345,-2.0,0.996917334,0.078459096,0.0
167.6512028,5.169698813,-11.6,0.996917334,0.078459096,0.0
167.9022719,1.979563345,-5.199999999999996,0.996917334,0.078459096,0.0
167.6512028,5.169698813,-8.399999999999999,0.996917334,0.078459096,0.0
167.9022719,1.979563345,-11.6,0.996917334,0.078459096,0.0
167.9022719,1.979563345,-8.399999999999999,0.996917334,0.078459096,0.0
167.4001337,8.359834281,-21.2,0.996917334,0.078459096,0.0
167.6512028,5.169698813,-21.2,0.996917334,0.078459096,0.0
167.6512028,5.169698813,-24.4,0.996917334,0.078459096,0.0
167.6512028,5.169698813,-14.799999999999995,0.996917334,0.078459096,0.0
167.6512028,5.169698813,-18.0,0.996917334,0.078459096,0.0
167.9022719,1.979563345,-21.2,0.996917334,0.078459096,0.0
167.9022719,1.979563345,-24.4,0.996917334,0.078459096,0.0
167.4001337,8.359834281,-24.4,0.996917334,0.078459096,0.0
167.1490646,11.54996975,-24.4,0.996917334,0.078459096,0.0
167.4001337,8.359834281,-14.799999999999995,0.996917334,0.078459096,0.0
167.9022719,1.979563345,-18.0,0.996917334,0.078459096,0.0
167.4001337,8.359834281,-18.0,0.996917334,0.078459096,0.0
167.1490646,11.54996975,-21.2,0.996917334,0.078459096,0.0
167.9022719,1.979563345,-14.799999999999995,0.996917334,0.078459096,0.0
167.9022719,1.979563345,-38.0,0.996917334,0.078459096,0.0
167.6512028,5.169698813,-38.0,0.996917334,0.078459096,0.0
167.1490646,11.54996975,-34.8,0.996917334,0.078459096,0.0
167.6512028,5.169698813,-34.8,0.996917334,0.078459096,0.0
167.1490646,11.54996975,-38.0,0.996917334,0.078459096,0.0
167.9022719,1.979563345,-31.6,0.996917334,0.078459096,0.0
167.4001337,8.359834281,-31.6,0.996917334,0.078459096,0.0
167.9022719,1.979563345,-28.4,0.996917334,0.078459096,0.0
167.6512028,5.169698813,-31.6,0.996917334,0.078459096,0.0
166.8979955,14.74010522,-38.0,0.996917334,0.078459096,0.0
167.9022719,1.979563345,-34.8,0.996917334,0.078459096,0.0
166.8979955,14.74010522,-34.8,0.996917334,0.078459096,0.0
167.4001337,8.359834281,-38.0,0.996917334,0.078459096,0.0
167.4001337,8.359834281,-28.4,0.996917334,0.078459096,0.0
167.4001337,8.359834281,-34.8,0.996917334,0.078459096,0.0
167.6512028,5.169698813,-28.4,0.996917334,0.078459096,0.0
167.9022719,1.979563345,-41.2,0.996917334,0.078459096,0.0
167.9022719,1.979563345,-47.6,0.996917334,0.078459096,0.0
167.9022719,1.979563345,-44.4,0.996917334,0.078459096,0.0
167.9022719,1.979563345,-50.8,0.996917334,0.078459096,0.0
167.6512028,5.169698813,-44.4,0.996917334,0.078459096,0.0
167.6512028,5.169698813,-41.2,0.996917334,0.078459096,0.0
167.6512028,5.169698813,-47.6,0.996917334,0.078459096,0.0
167.6512028,5.169698813,-50.8,0.996917334,0.078459096,0.0
167.4001337,8.359834281,-41.2,0.996917334,0.078459096,0.0
167.4001337,8.359834281,-47.6,0.996917334,0.078459096,0.0
167.4001337,8.359834281,-44.4,0.996917334,0.078459096,0.0
167.1490646,11.54996975,-31.6,0.996917334,0.078459096,0.0
167.4001337,8.359834281,-50.8,0.996917334,0.078459096,0.0
167.1490646,11.54996975,-50.8,0.996917334,0.078459096,0.0
167.1490646,11.54996975,-47.6,0.996917334,0.078459096,0.0
167.1490646,11.54996975,-41.2,0.996917334,0.078459096,0.0
167.1490646,11.54996975,-44.4,0.996917334,0.078459096,0.0
166.8979955,14.74010522,-44.4,0.996917334,0.078459096,0.0
166.8979955,14.74010522,-47.6,0.996917334,0.078459096,0.0
166.8979955,14.74010522,-41.2,0.996917334,0.078459096,0.0
166.8979955,14.74010522,-50.8,0.996917334,0.078459096,0.0
166.6469264,17.93024068,-50.8,0.996917334,0.078459096,0.0
167.1490646,11.54996975,-28.4,0.996917334,0.078459096,0.0
166.6469264,17.93024068,-47.6,0.996917334,0.078459096,0.0
166.3958573,21.12037615,-50.8,0.996917334,0.078459096,0.0
166.6469264,17.93024068,-44.4,0.996917334,0.078459096,0.0
166.3958573,21.12037615,-47.6,0.996917334,0.078459096,0.0
166.6469264,17.93024068,-41.2,0.996917334,0.078459096,0.0
166.1447882,24.31051162,-50.8,0.996917334,0.078459096,0.0
166.3958573,21.12037615,-44.4,0.996917334,0.078459096,0.0
166.1447882,24.31051162,-47.6,0.996917334,0.078459096,0.0
166.3958573,21.12037615,-41.2,0.996917334,0.078459096,0.0
166.1447882,24.31051162,-44.4,0.996917334,0.078459096,0.0
166.1447882,24.31051162,-41.2,0.996917334,0.078459096,0.0
166.6469264,17.93024068,-28.4,0.996917334,0.078459096,0.0
166.3958573,21.12037615,-34.8,0.996917334,0.078459096,0.0
166.3958573,21.12037615,-28.4,0.996917334,0.078459096,0.0
166.3958573,21.12037615,-38.0,0.996917334,0.078459096,0.0
166.3958573,21.12037615,-31.6,0.996917334,0.078459096,0.0
166.1447882,24.31051162,-31.6,0.996917334,0.078459096,0.0
166.1447882,24.31051162,-28.4,0.996917334,0.078459096,0.0
166.6469264,17.93024068,-31.6,0.996917334,0.078459096,0.0
166.8979955,14.74010522,-31.6,0.996917334,0.078459096,0.0
166.6469264,17.93024068,-38.0,0.996917334,0.078459096,0.0
166.1447882,24.31051162,-34.8,0.996917334,0.078459096,0.0
166.6469264,17.93024068,-34.8,0.996917334,0.078459096,0.0
166.8979955,14.74010522,-28.4,0.996917334,0.078459096,0.0
166.1447882,24.31051162,-38.0,0.996917334,0.078459096,0.0
167.902272,-1.979562146,-14.799999999999995,0.996917334,-0.078459096,0.0
167.6512029,-5.169697614,-14.799999999999995,0.996917334,-0.078459096,0.0
167.4001338,-8.359833082,-24.4,0.996917334,-0.078459096,0.0
167.902272,-1.979562146,-18.0,0.996917334,-0.078459096,0.0
167.1490647,-11.54996855,-18.0,0.996917334,-0.078459096,0.0
167.4001338,-8.359833082,-18.0,0.996917334,-0.078459096,0.0
167.1490647,-11.54996855,-14.799999999999995,0.996917334,-0.078459096,0.0
167.902272,-1.979562146,-24.4,0.996917334,-0.078459096,0.0
167.6512029,-5.169697614,-21.2,0.996917334,-0.078459096,0.0
167.1490647,-11.54996855,-24.4,0.996917334,-0.078459096,0.0
167.6512029,-5.169697614,-18.0,0.996917334,-0.078459096,0.0
167.1490647,-11.54996855,-21.2,0.996917334,-0.078459096,0.0
167.4001338,-8.359833082,-14.799999999999995,0.996917334,-0.078459096,0.0
167.4001338,-8.359833082,-21.2,0.996917334,-0.078459096,0.0
167.902272,-1.979562146,-21.2,0.996917334,-0.078459096,0.0
167.6512029,-5.169697614,-24.4,0.996917334,-0.078459096,0.0
167.902272,-1.979562146,-11.6,0.996917334,-0.078459096,0.0
167.6512029,-5.169697614,-11.6,0.996917334,-0.078459096,0.0
167.902272,-1.979562146,-8.399999999999999,0.996917334,-0.078459096,0.0
167.6512029,-5.169697614,-8.399999999999999,0.996917334,-0.078459096,0.0
167.902272,-1.979562146,-2.0,0.996917334,-0.078459096,0.0
167.902272,-1.979562146,-5.199999999999996,0.996917334,-0.078459096,0.0
167.6512029,-5.169697614,-2.0,0.996917334,-0.078459096,0.0
167.6512029,-5.169697614,-5.199999999999996,0.996917334,-0.078459096,0.0
167.4001338,-8.359833082,-11.6,0.996917334,-0.078459096,0.0
167.4001338,-8.359833082,-5.199999999999996,0.996917334,-0.078459096,0.0
167.4001338,-8.359833082,-8.399999999999999,0.996917334,-0.078459096,0.0
166.8979956,-14.74010402,-14.799999999999995,0.996917334,-0.078459096,0.0
167.4001338,-8.359833082,-2.0,0.996917334,-0.078459096,0.0
167.1490647,-11.54996855,-11.6,0.996917334,-0.078459096,0.0
167.1490647,-11.54996855,-2.0,0.996917334,-0.078459096,0.0
167.1490647,-11.54996855,-5.199999999999996,0.996917334,-0.078459096,0.0
167.1490647,-11.54996855,-8.399999999999999,0.996917334,-0.078459096,0.0
166.8979956,-14.74010402,-11.6,0.996917334,-0.078459096,0.0
166.8979956,-14.74010402,-8.399999999999999,0.996917334,-0.078459096,0.0
166.8979956,-14.74010402,-2.0,0.996917334,-0.078459096,0.0
166.8979956,-14.74010402,-5.199999999999996,0.996917334,-0.078459096,0.0
166.6469265,-17.93023949,-2.0,0.996917334,-0.078459096,0.0
166.8979956,-14.74010402,-18.0,0.996917334,-0.078459096,0.0
166.6469265,-17.93023949,-5.199999999999996,0.996917334,-0.078459096,0.0
166.6469265,-17.93023949,-8.399999999999999,0.996917334,-0.078459096,0.0
166.6469265,-17.93023949,-11.6,0.996917334,-0.078459096,0.0
166.3958574,-21.12037495,-5.199999999999996,0.996917334,-0.078459096,0.0
166.3958574,-21.12037495,-2.0,0.996917334,-0.078459096,0.0
166.1447883,-24.31051042,-2.0,0.996917334,-0.078459096,0.0
166.3958574,-21.12037495,-11.6,0.996917334,-0.078459096,0.0
166.1447883,-24.31051042,-5.199999999999996,0.996917334,-0.078459096,0.0
166.3958574,-21.12037495,-8.399999999999999,0.996917334,-0.078459096,0.0
166.1447883,-24.31051042,-11.6,0.996917334,-0.078459096,0.0
166.1447883,-24.31051042,-8.399999999999999,0.996917334,-0.078459096,0.0
166.6469265,-17.93023949,-21.2,0.996917334,-0.078459096,0.0
166.3958574,-21.12037495,-21.2,0.996917334,-0.078459096,0.0
166.3958574,-21.12037495,-24.4,0.996917334,-0.078459096,0.0
166.3958574,-21.12037495,-14.799999999999995,0.996917334,-0.078459096,0.0
166.3958574,-21.12037495,-18.0,0.996917334,-0.078459096,0.0
166.1447883,-24.31051042,-21.2,0.996917334,-0.078459096,0.0
166.1447883,-24.31051042,-24.4,0.996917334,-0.078459096,0.0
166.6469265,-17.93023949,-24.4,0.996917334,-0.078459096,0.0
166.8979956,-14.74010402,-24.4,0.996917334,-0.078459096,0.0
166.6469265,-17.93023949,-14.799999999999995,0.996917334,-0.078459096,0.0
166.1447883,-24.31051042,-18.0,0.996917334,-0.078459096,0.0
166.6469265,-17.93023949,-18.0,0.996917334,-0.078459096,0.0
166.8979956,-14.74010402,-21.2,0.996917334,-0.078459096,0.0
166.1447883,-24.31051042,-14.799999999999995,0.996917334,-0.078459096,0.0
166.1447883,-24.31051042,-38.0,0.996917334,-0.078459096,0.0
166.3958574,-21.12037495,-38.0,0.996917334,-0.078459096,0.0
166.8979956,-14.74010402,-34.8,0.996917334,-0.078459096,0.0
166.3958574,-21.12037495,-34.8,0.996917334,-0.078459096,0.0
166.8979956,-14.74010402,-38.0,0.996917334,-0.078459096,0.0
166.1447883,-24.31051042,-31.6,0.996917334,-0.078459096,0.0
166.6469265,-17.93023949,-31.6,0.996917334,-0.078459096,0.0
166.1447883,-24.31051042,-28.4,0.996917334,-0.078459096,0.0
166.3958574,-21.12037495,-31.6,0.996917334,-0.078459096,0.0
167.1490647,-11.54996855,-38.0,0.996917334,-0.078459096,0.0
166.1447883,-24.31051042,-34.8,0.996917334,-0.078459096,0.0
167.1490647,-11.54996855,-34.8,0.996917334,-0.078459096,0.0
166.6469265,-17.93023949,-38.0,0.996917334,-0.078459096,0.0
166.6469265,-17.93023949,-28.4,0.996917334,-0.078459096,0.0
166.6469265,-17.93023949,-34.8,0.996917334,-0.078459096,0.0
166.3958574,-21.12037495,-28.4,0.996917334,-0.078459096,0.0
166.1447883,-24.31051042,-41.2,0.996917334,-0.078459096,0.0
166.1447883,-24.31051042,-47.6,0.996917334,-0.078459096,0.0
166.1447883,-24.31051042,-44.4,0.996917334,-0.078459096,0.0
166.1447883,-24.31051042,-50.8,0.996917334,-0.078459096,0.0
166.3958574,-21.12037495,-44.4,0.996917334,-0.078459096,0.0
166.3958574,-21.12037495,-41.2,0.996917334,-0.078459096,0.0
166.3958574,-21.12037495,-47.6,0.996917334,-0.078459096,0.0
166.3958574,-21.12037495,-50.8,0.996917334,-0.078459096,0.0
166.6469265,-17.93023949,-41.2,0.996917334,-0.078459096,0.0
166.6469265,-17.93023949,-47.6,0.996917334,-0.078459096,0.0
166.6469265,-17.93023949,-44.4,0.996917334,-0.078459096,0.0
166.8979956,-14.74010402,-31.6,0.996917334,-0.078459096,0.0
166.6469265,-17.93023949,-50.8,0.996917334,-0.078459096,0.0
166.8979956,-14.74010402,-50.8,0.996917334,-0.078459096,0.0
166.8979956,-14.74010402,-47.6,0.996917334,-0.078459096,0.0
166.8979956,-14.74010402,-41.2,0.996917334,-0.078459096,0.0
166.8979956,-14.74010402,-44.4,0.996917334,-0.078459096,0.0
167.1490647,-11.54996855,-44.4,0.996917334,-0.078459096,0.0
167.1490647,-11.54996855,-47.6,0.996917334,-0.078459096,0.0
167.1490647,-11.54996855,-41.2,0.996917334,-0.078459096,0.0
167.1490647,-11.54996855,-50.8,0.996917334,-0.078459096,0.0
167.4001338,-8.359833082,-50.8,0.996917334,-0.078459096,0.0
166.8979956,-14.74010402,-28.4,0.996917334,-0.078459096,0.0
167.4001338,-8.359833082,-47.6,0.996917334,-0.078459096,0.0
167.6512029,-5.169697614,-50.8,0.996917334,-0.078459096,0.0
167.4001338,-8.359833082,-44.4,0.996917334,-0.078459096,0.0
167.6512029,-5.169697614,-47.6,0.996917334,-0.078459096,0.0
167.4001338,-8.359833082,-41.2,0.996917334,-0.078459096,0.0
167.902272,-1.979562146,-50.8,0.996917334,-0.078459096,0.0
167.6512029,-5.169697614,-44.4,0.996917334,-0.078459096,0.0
167.902272,-1.979562146,-47.6,0.996917334,-0.078459096,0.0
167.6512029,-5.169697614,-41.2,0.996917334,-0.078459096,0.0
167.902272,-1.979562146,-44.4,0.996917334,-0.078459096,0.0
167.902272,-1.979562146,-41.2,0.996917334,-0.078459096,0.0
167.4001338,-8.359833082,-28.4,0.996917334,-0.078459096,0.0
167.6512029,-5.169697614,-34.8,0.996917334,-0.078459096,0.0
167.6512029,-5.169697614,-28.4,0.996917334,-0.078459096,0.0
167.6512029,-5.169697614,-38.0,0.996917334,-0.078459096,0.0
167.6512029,-5.169697614,-31.6,0.996917334,-0.078459096,0.0
167.902272,-1.979562146,-31.6,0.996917334,-0.078459096,0.0
167.902272,-1.979562146,-28.4,0.996917334,-0.078459096,0.0
167.4001338,-8.359833082,-31.6,0.996917334,-0.078459096,0.0
167.1490647,-11.54996855,-31.6,0.996917334,-0.078459096,0.0
167.4001338,-8.359833082,-38.0,0.996917334,-0.078459096,0.0
167.902272,-1.979562146,-34.8,0.996917334,-0.078459096,0.0
167.4001338,-8.359833082,-34.8,0.996917334,-0.078459096,0.0
167.1490647,-11.54996855,-28.4,0.996917334,-0.078459096,0.0
167.902272,-1.979562146,-38.0,0.996917334,-0.078459096,0.0
165.5254447,-28.22089252,-14.799999999999995,0.97236992,-0.233445364,0.0
164.7784195,-31.33247627,-14.799999999999995,0.97236992,-0.233445364,0.0
164.0313944,-34.44406001,-24.4,0.97236992,-0.233445364,0.0
165.5254447,-28.22089252,-18.0,0.97236992,-0.233445364,0.0
163.2843692,-37.55564376,-18.0,0.97236992,-0.233445364,0.0
164.0313944,-34.44406001,-18.0,0.97236992,-0.233445364,0.0
163.2843692,-37.55564376,-14.799999999999995,0.97236992,-0.233445364,0.0
165.5254447,-28.22089252,-24.4,0.97236992,-0.233445364,0.0
164.7784195,-31.33247627,-21.2,0.97236992,-0.233445364,0.0
163.2843692,-37.55564376,-24.4,0.97236992,-0.233445364,0.0
164.7784195,-31.33247627,-18.0,0.97236992,-0.233445364,0.0
163.2843692,-37.55564376,-21.2,0.97236992,-0.233445364,0.0
164.0313944,-34.44406001,-14.799999999999995,0.97236992,-0.233445364,0.0
164.0313944,-34.44406001,-21.2,0.97236992,-0.233445364,0.0
165.5254447,-28.22089252,-21.2,0.97236992,-0.233445364,0.0
164.7784195,-31.33247627,-24.4,0.97236992,-0.233445364,0.0
165.5254447,-28.22089252,-11.6,0.97236992,-0.233445364,0.0
164.7784195,-31.33247627,-11.6,0.97236992,-0.233445364,0.0
165.5254447,-28.22089252,-8.399999999999999,0.97236992,-0.233445364,0.0
164.7784195,-31.33247627,-8.399999999999999,0.97236992,-0.233445364,0.0
165.5254447,-28.22089252,-2.0,0.97236992,-0.233445364,0.0
165.5254447,-28.22089252,-5.199999999999996,0.97236992,-0.233445364,0.0
164.7784195,-31.33247627,-2.0,0.97236992,-0.233445364,0.0
164.7784195,-31.33247627,-5.199999999999996,0.97236992,-0.233445364,0.0
164.0313944,-34.44406001,-11.6,0.97236992,-0.233445364,0.0
164.0313944,-34.44406001,-5.199999999999996,0.97236992,-0.233445364,0.0
164.0313944,-34.44406001,-8.399999999999999,0.97236992,-0.233445364,0.0
162.537344,-40.6672275,-14.799999999999995,0.97236992,-0.233445364,0.0
164.0313944,-34.44406001,-2.0,0.97236992,-0.233445364,0.0
163.2843692,-37.55564376,-11.6,0.97236992,-0.233445364,0.0
163.2843692,-37.55564376,-2.0,0.97236992,-0.233445364,0.0
163.2843692,-37.55564376,-5.199999999999996,0.97236992,-0.233445364,0.0
163.2843692,-37.55564376,-8.399999999999999,0.97236992,-0.233445364,0.0
162.537344,-40.6672275,-11.6,0.97236992,-0.233445364,0.0
162.537344,-40.6672275,-8.399999999999999,0.97236992,-0.233445364,0.0
162.537344,-40.6672275,-2.0,0.97236992,-0.233445364,0.0
162.537344,-40.6672275,-5.199999999999996,0.97236992,-0.233445364,0.0
161.7903189,-43.77881125,-2.0,0.97236992,-0.233445364,0.0
162.537344,-40.6672275,-18.0,0.97236992,-0.233445364,0.0
161.7903189,-43.77881125,-5.199999999999996,0.97236992,-0.233445364,0.0
161.7903189,-43.77881125,-8.399999999999999,0.97236992,-0.233445364,0.0
161.7903189,-43.77881125,-11.6,0.97236992,-0.233445364,0.0
161.0432937,-46.890395,-5.199999999999996,0.97236992,-0.233445364,0.0
161.0432937,-46.890395,-2.0,0.97236992,-0.233445364,0.0
160.2962685,-50.00197874,-2.0,0.97236992,-0.233445364,0.0
161.0432937,-46.890395,-11.6,0.97236992,-0.233445364,0.0
160.2962685,-50.00197874,-5.199999999999996,0.97236992,-0.233445364,0.0
161.0432937,-46.890395,-8.399999999999999,0.97236992,-0.233445364,0.0
160.2962685,-50.00197874,-11.6,0.97236992,-0.233445364,0.0
160.2962685,-50.00197874,-8.399999999999999,0.97236992,-0.233445364,0.0
161.7903189,-43.77881125,-21.2,0.97236992,-0.233445364,0.0
161.0432937,-46.890395,-21.2,0.97236992,-0.233445364,0.0
161.0432937,-46.890395,-24.4,0.97236992,-0.233445364,0.0
161.0432937,-46.890395,-14.799999999999995,0.97236992,-0.233445364,0.0
161.0432937,-46.890395,-18.0,0.97236992,-0.233445364,0.0
160.2962685,-50.00197874,-21.2,0.97236992,-0.233445364,0.0
160.2962685,-50.00197874,-24.4,0.97236992,-0.233445364,0.0
161.7903189,-43.77881125,-24.4,0.97236992,-0.233445364,0.0
162.537344,-40.6672275,-24.4,0.97236992,-0.233445364,0.0
161.7903189,-43.77881125,-14.799999999999995,0.97236992,-0.233445364,0.0
160.2962685,-50.00197874,-18.0,0.97236992,-0.233445364,0.0
161.7903189,-43.77881125,-18.0,0.97236992,-0.233445364,0.0
162.537344,-40.6672275,-21.2,0.97236992,-0.233445364,0.0
160.2962685,-50.00197874,-14.799999999999995,0.97236992,-0.233445364,0.0
160.2962685,-50.00197874,-38.0,0.97236992,-0.233445364,0.0
161.0432937,-46.890395,-38.0,0.97236992,-0.233445364,0.0
162.537344,-40.6672275,-34.8,0.97236992,-0.233445364,0.0
161.0432937,-46.890395,-34.8,0.97236992,-0.233445364,0.0
162.537344,-40.6672275,-38.0,0.97236992,-0.233445364,0.0
160.2962685,-50.00197874,-31.6,0.97236992,-0.233445364,0.0
161.7903189,-43.77881125,-31.6,0.97236992,-0.233445364,0.0
160.2962685,-50.00197874,-28.4,0.97236992,-0.233445364,0.0
161.0432937,-46.890395,-31.6,0.97236992,-0.233445364,0.0
163.2843692,-37.55564376,-38.0,0.97236992,-0.233445364,0.0
160.2962685,-50.00197874,-34.8,0.97236992,-0.233445364,0.0
163.2843692,-37.55564376,-34.8,0.97236992,-0.233445364,0.0
161.7903189,-43.77881125,-38.0,0.97236992,-0.233445364,0.0
161.7903189,-43.77881125,-28.4,0.97236992,-0.233445364,0.0
161.7903189,-43.77881125,-34.8,0.97236992,-0.233445364,0.0
161.0432937,-46.890395,-28.4,0.97236992,-0.233445364,0.0
160.2962685,-50.00197874,-41.2,0.97236992,-0.233445364,0.0
160.2962685,-50.00197874,-47.6,0.97236992,-0.233445364,0.0
160.2962685,-50.00197874,-44.4,0.97236992,-0.233445364,0.0
160.2962685,-50.00197874,-50.8,0.97236992,-0.233445364,0.0
161.0432937,-46.890395,-44.4,0.97236992,-0.233445364,0.0
161.0432937,-46.890395,-41.2,0.97236992,-0.233445364,0.0
161.0432937,-46.890395,-47.6,0.97236992,-0.233445364,0.0
161.0432937,-46.890395,-50.8,0.97236992,-0.233445364,0.0
161.7903189,-43.77881125,-41.2,0.97236992,-0.233445364,0.0
161.7903189,-43.77881125,-47.6,0.97236992,-0.233445364,0.0
161.7903189,-43.77881125,-44.4,0.97236992,-0.233445364,0.0
162.537344,-40.6672275,-31.6,0.97236992,-0.233445364,0.0
161.7903189,-43.77881125,-50.8,0.97236992,-0.233445364,0.0
162.537344,-40.6672275,-50.8,0.97236992,-0.233445364,0.0
162.537344,-40.6672275,-47.6,0.97236992,-0.233445364,0.0
162.537344,-40.6672275,-41.2,0.97236992,-0.233445364,0.0
162.537344,-40.6672275,-44.4,0.97236992,-0.233445364,0.0
163.2843692,-37.55564376,-44.4,0.97236992,-0.233445364,0.0
163.2843692,-37.55564376,-47.6,0.97236992,-0.233445364,0.0
163.2843692,-37.55564376,-41.2,0.97236992,-0.233445364,0.0
163.2843692,-37.55564376,-50.8,0.97236992,-0.233445364,0.0
164.0313944,-34.44406001,-50.8,0.97236992,-0.233445364,0.0
162.537344,-40.6672275,-28.4,0.97236992,-0.233445364,0.0
164.0313944,-34.44406001,-47.6,0.97236992,-0.233445364,0.0
164.7784195,-31.33247627,-50.8,0.97236992,-0.233445364,0.0
164.0313944,-34.44406001,-44.4,0.97236992,-0.233445364,0.0
164.7784195,-31.33247627,-47.6,0.97236992,-0.233445364,0.0
164.0313944,-34.44406001,-41.2,0.97236992,-0.233445364,0.0
165.5254447,-28.22089252,-50.8,0.97236992,-0.233445364,0.0
164.7784195,-31.33247627,-44.4,0.97236992,-0.233445364,0.0
165.5254447,-28.22089252,-47.6,0.97236992,-0.233445364,0.0
164.7784195,-31.33247627,-41.2,0.97236992,-0.233445364,0.0
165.5254447,-28.22089252,-44.4,0.97236992,-0.233445364,0.0
165.5254447,-28.22089252,-41.2,0.97236992,-0.233445364,0.0
164.0313944,-34.44406001,-28.4,0.97236992,-0.233445364,0.0
164.7784195,-31.33247627,-34.8,0.97236992,-0.233445364,0.0
164.7784195,-31.33247627,-28.4,0.97236992,-0.233445364,0.0
164.7784195,-31.33247627,-38.0,0.97236992,-0.233445364,0.0
164.7784195,-31.33247627,-31.6,0.97236992,-0.233445364,0.0
165.5254447,-28.22089252,-31.6,0.97236992,-0.233445364,0.0
165.5254447,-28.22089252,-28.4,0.97236992,-0.233445364,0.0
164.0313944,-34.44406001,-31.6,0.97236992,-0.233445364,0.0
163.2843692,-37.55564376,-31.6,0.97236992,-0.233445364,0.0
164.0313944,-34.44406001,-38.0,0.97236992,-0.233445364,0.0
165.5254447,-28.22089252,-34.8,0.97236992,-0.233445364,0.0
164.0313944,-34.44406001,-34.8,0.97236992,-0.233445364,0.0
163.2843692,-37.55564376,-28.4,0.97236992,-0.233445364,0.0
165.5254447,-28.22089252,-38.0,0.97236992,-0.233445364,0.0
150.5007222,74.46223351,38.00000000000001,0.923879533,0.382683432,0.0
151.7253092,71.50581901,38.00000000000001,0.923879533,0.382683432,0.0
152.9498962,68.5494045,28.4,0.923879533,0.382683432,0.0
150.5007222,74.46223351,34.800000000000004,0.923879533,0.382683432,0.0
154.1744832,65.59299,34.800000000000004,0.923879533,0.382683432,0.0
152.9498962,68.5494045,34.800000000000004,0.923879533,0.382683432,0.0
154.1744832,65.59299,38.00000000000001,0.923879533,0.382683432,0.0
150.5007222,74.46223351,28.4,0.923879533,0.382683432,0.0
151.7253092,71.50581901,31.6,0.923879533,0.382683432,0.0
154.1744832,65.59299,28.4,0.923879533,0.382683432,0.0
151.7253092,71.50581901,34.800000000000004,0.923879533,0.382683432,0.0
154.1744832,65.59299,31.6,0.923879533,0.382683432,0.0
152.9498962,68.5494045,38.00000000000001,0.923879533,0.382683432,0.0
152.9498962,68.5494045,31.6,0.923879533,0.382683432,0.0
150.5007222,74.46223351,31.6,0.923879533,0.382683432,0.0
151.7253092,71.50581901,28.4,0.923879533,0.382683432,0.0
150.5007222,74.46223351,41.2,0.923879533,0.382683432,0.0
151.7253092,71.50581901,41.2,0.923879533,0.382683432,0.0
150.5007222,74.46223351,44.4,0.923879533,0.382683432,0.0
151.7253092,71.50581901,44.4,0.923879533,0.382683432,0.0
150.5007222,74.46223351,50.8,0.923879533,0.382683432,0.0
150.5007222,74.46223351,47.6,0.923879533,0.382683432,0.0
151.7253092,71.50581901,50.8,0.923879533,0.382683432,0.0
151.7253092,71.50581901,47.6,0.923879533,0.382683432,0.0
152.9498962,68.5494045,41.2,0.923879533,0.382683432,0.0
152.9498962,68.5494045,47.6,0.923879533,0.382683432,0.0
152.9498962,68.5494045,44.4,0.923879533,0.382683432,0.0
155.3990702,62.63657549,38.00000000000001,0.923879533,0.382683432,0.0
152.9498962,68.5494045,50.8,0.923879533,0.382683432,0.0
154.1744832,65.59299,41.2,0.923879533,0.382683432,0.0
154.1744832,65.59299,50.8,0.923879533,0.382683432,0.0
154.1744832,65.59299,47.6,0.923879533,0.382683432,0.0
154.1744832,65.59299,44.4,0.923879533,0.382683432,0.0
155.3990702,62.63657549,41.2,0.923879533,0.382683432,0.0
155.3990702,62.63657549,44.4,0.923879533,0.382683432,0.0
155.3990702,62.63657549,50.8,0.923879533,0.382683432,0.0
155.3990702,62.63657549,47.6,0.923879533,0.382683432,0.0
156.6236571,59.68016099,50.8,0.923879533,0.382683432,0.0
155.3990702,62.63657549,34.800000000000004,0.923879533,0.382683432,0.0
156.6236571,59.68016099,47.6,0.923879533,0.382683432,0.0
156.6236571,59.68016099,44.4,0.923879533,0.382683432,0.0
156.6236571,59.68016099,41.2,0.923879533,0.382683432,0.0
157.8482441,56.72374648,47.6,0.923879533,0.382683432,0.0
157.8482441,56.72374648,50.8,0.923879533,0.382683432,0.0
159.0728311,53.76733198,50.8,0.923879533,0.382683432,0.0
157.8482441,56.72374648,41.2,0.923879533,0.382683432,0.0
159.0728311,53.76733198,47.6,0.923879533,0.382683432,0.0
157.8482441,56.72374648,44.4,0.923879533,0.382683432,0.0
159.0728311,53.76733198,41.2,0.923879533,0.382683432,0.0
159.0728311,53.76733198,44.4,0.923879533,0.382683432,0.0
156.6236571,59.68016099,31.6,0.923879533,0.382683432,0.0
157.8482441,56.72374648,31.6,0.923879533,0.382683432,0.0
157.8482441,56.72374648,28.4,0.923879533,0.382683432,0.0
157.8482441,56.72374648,38.00000000000001,0.923879533,0.382683432,0.0
157.8482441,56.72374648,34.800000000000004,0.923879533,0.382683432,0.0
159.0728311,53.76733198,31.6,0.923879533,0.382683432,0.0
159.0728311,53.76733198,28.4,0.923879533,0.382683432,0.0
156.6236571,59.68016099,28.4,0.923879533,0.382683432,0.0
155.3990702,62.63657549,28.4,0.923879533,0.382683432,0.0
156.6236571,59.68016099,38.00000000000001,0.923879533,0.382683432,0.0
159.0728311,53.76733198,34.800000000000004,0.923879533,0.382683432,0.0
156.6236571,59.68016099,34.800000000000004,0.923879533,0.382683432,0.0
155.3990702,62.63657549,31.6,0.923879533,0.382683432,0.0
159.0728311,53.76733198,38.00000000000001,0.923879533,0.382683432,0.0
159.0728311,53.76733198,14.800000000000004,0.923879533,0.382683432,0.0
157.8482441,56.72374648,14.800000000000004,0.923879533,0.382683432,0.0
155.3990702,62.63657549,18.000000000000007,0.923879533,0.382683432,0.0
157.8482441,56.72374648,18.000000000000007,0.923879533,0.382683432,0.0
155.3990702,62.63657549,14.800000000000004,0.923879533,0.382683432,0.0
159.0728311,53.76733198,21.2,0.923879533,0.382683432,0.0
156.6236571,59.68016099,21.2,0.923879533,0.382683432,0.0
159.0728311,53.76733198,24.4,0.923879533,0.382683432,0.0
157.8482441,56.72374648,21.2,0.923879533,0.382683432,0.0
154.1744832,65.59299,14.800000000000004,0.923879533,0.382683432,0.0
159.0728311,53.76733198,18.000000000000007,0.923879533,0.382683432,0.0
154.1744832,65.59299,18.000000000000007,0.923879533,0.382683432,0.0
156.6236571,59.68016099,14.800000000000004,0.923879533,0.382683432,0.0
156.6236571,59.68016099,24.4,0.923879533,0.382683432,0.0
156.6236571,59.68016099,18.000000000000007,0.923879533,0.382683432,0.0
157.8482441,56.72374648,24.4,0.923879533,0.382683432,0.0
159.0728311,53.76733198,11.6,0.923879533,0.382683432,0.0
159.0728311,53.76733198,5.200000000000003,0.923879533,0.382683432,0.0
159.0728311,53.76733198,8.399999999999999,0.923879533,0.382683432,0.0
159.0728311,53.76733198,2.0,0.923879533,0.382683432,0.0
157.8482441,56.72374648,8.399999999999999,0.923879533,0.382683432,0.0
157.8482441,56.72374648,11.6,0.923879533,0.382683432,0.0
157.8482441,56.72374648,5.200000000000003,0.923879533,0.382683432,0.0
157.8482441,56.72374648,2.0,0.923879533,0.382683432,0.0
156.6236571,59.68016099,11.6,0.923879533,0.382683432,0.0
156.6236571,59.68016099,5.200000000000003,0.923879533,0.382683432,0.0
156.6236571,59.68016099,8.399999999999999,0.923879533,0.382683432,0.0
155.3990702,62.63657549,21.2,0.923879533,0.382683432,0.0
156.6236571,59.68016099,2.0,0.923879533,0.382683432,0.0
155.3990702,62.63657549,2.0,0.923879533,0.382683432,0.0
155.3990702,62.63657549,5.200000000000003,0.923879533,0.382683432,0.0
155.3990702,62.63657549,11.6,0.923879533,0.382683432,0.0
155.3990702,62.63657549,8.399999999999999,0.923879533,0.382683432,0.0
154.1744832,65.59299,8.399999999999999,0.923879533,0.382683432,0.0
154.1744832,65.59299,5.200000000000003,0.923879533,0.382683432,0.0
154.1744832,65.59299,11.6,0.923879533,0.382683432,0.0
154.1744832,65.59299,2.0,0.923879533,0.382683432,0.0
152.9498962,68.5494045,2.0,0.923879533,0.382683432,0.0
155.3990702,62.63657549,24.4,0.923879533,0.382683432,0.0
152.9498962,68.5494045,5.200000000000003,0.923879533,0.382683432,0.0
151.7253092,71.50581901,2.0,0.923879533,0.382683432,0.0
152.9498962,68.5494045,8.399999999999999,0.923879533,0.382683432,0.0
151.7253092,71.50581901,5.200000000000003,0.923879533,0.382683432,0.0
152.9498962,68.5494045,11.6,0.923879533,0.382683432,0.0
150.5007222,74.46223351,2.0,0.923879533,0.382683432,0.0
151.7253092,71.50581901,8.399999999999999,0.923879533,0.382683432,0.0
150.5007222,74.46223351,5.200000000000003,0.923879533,0.382683432,0.0
151.7253092,71.50581901,11.6,0.923879533,0.382683432,0.0
150.5007222,74.46223351,8.399999999999999,0.923879533,0.382683432,0.0
150.5007222,74.46223351,11.6,0.923879533,0.382683432,0.0
152.9498962,68.5494045,24.4,0.923879533,0.382683432,0.0
151.7253092,71.50581901,18.000000000000007,0.923879533,0.382683432,0.0
151.7253092,71.50581901,24.4,0.923879533,0.382683432,0.0
151.7253092,71.50581901,14.800000000000004,0.923879533,0.382683432,0.0
151.7253092,71.50581901,21.2,0.923879533,0.382683432,0.0
150.5007222,74.46223351,21.2,0.923879533,0.382683432,0.0
150.5007222,74.46223351,24.4,0.923879533,0.382683432,0.0
152.9498962,68.5494045,21.2,0.923879533,0.382683432,0.0
154.1744832,65.59299,21.2,0.923879533,0.382683432,0.0
152.9498962,68.5494045,14.800000000000004,0.923879533,0.382683432,0.0
150.5007222,74.46223351,18.000000000000007,0.923879533,0.382683432,0.0
152.9498962,68.5494045,18.000000000000007,0.923879533,0.382683432,0.0
154.1744832,65.59299,24.4,0.923879533,0.382683432,0.0
150.5007222,74.46223351,14.800000000000004,0.923879533,0.382683432,0.0
136.999349,97.0889798,38.00000000000001,0.852640165,0.522498564,0.0
138.6713444,94.36053127,38.00000000000001,0.852640165,0.522498564,0.0
140.3433398,91.63208275,28.4,0.852640165,0.522498564,0.0
136.999349,97.0889798,34.800000000000004,0.852640165,0.522498564,0.0
142.0153352,88.90363422,34.800000000000004,0.852640165,0.522498564,0.0
140.3433398,91.63208275,34.800000000000004,0.852640165,0.522498564,0.0
142.0153352,88.90363422,38.00000000000001,0.852640165,0.522498564,0.0
136.999349,97.0889798,28.4,0.852640165,0.522498564,0.0
138.6713444,94.36053127,31.6,0.852640165,0.522498564,0.0
142.0153352,88.90363422,28.4,0.852640165,0.522498564,0.0
138.6713444,94.36053127,34.800000000000004,0.852640165,0.522498564,0.0
142.0153352,88.90363422,31.6,0.852640165,0.522498564,0.0
140.3433398,91.63208275,38.00000000000001,0.852640165,0.522498564,0.0
140.3433398,91.63208275,31.6,0.852640165,0.522498564,0.0
136.999349,97.0889798,31.6,0.852640165,0.522498564,0.0
138.6713444,94.36053127,28.4,0.852640165,0.522498564,0.0
136.999349,97.0889798,41.2,0.852640165,0.522498564,0.0
138.6713444,94.36053127,41.2,0.852640165,0.522498564,0.0
136.999349,97.0889798,44.4,0.852640165,0.522498564,0.0
138.6713444,94.36053127,44.4,0.852640165,0.522498564,0.0
136.999349,97.0889798,50.8,0.852640165,0.522498564,0.0
136.999349,97.0889798,47.6,0.852640165,0.522498564,0.0
138.6713444,94.36053127,50.8,0.852640165,0.522498564,0.0
138.6713444,94.36053127,47.6,0.852640165,0.522498564,0.0
140.3433398,91.63208275,41.2,0.852640165,0.522498564,0.0
140.3433398,91.63208275,47.6,0.852640165,0.522498564,0.0
140.3433398,91.63208275,44.4,0.852640165,0.522498564,0.0
143.6873306,86.17518569,38.00000000000001,0.852640165,0.522498564,0.0
140.3433398,91.63208275,50.8,0.852640165,0.522498564,0.0
142.0153352,88.90363422,41.2,0.852640165,0.522498564,0.0
142.0153352,88.90363422,50.8,0.852640165,0.522498564,0.0
142.0153352,88.90363422,47.6,0.852640165,0.522498564,0.0
142.0153352,88.90363422,44.4,0.852640165,0.522498564,0.0
143.6873306,86.17518569,41.2,0.852640165,0.522498564,0.0
143.6873306,86.17518569,44.4,0.852640165,0.522498564,0.0
143.6873306,86.17518569,50.8,0.852640165,0.522498564,0.0
143.6873306,86.17518569,47.6,0.852640165,0.522498564,0.0
145.359326,83.44673717,50.8,0.852640165,0.522498564,0.0
143.6873306,86.17518569,34.800000000000004,0.852640165,0.522498564,0.0
145.359326,83.44673717,47.6,0.852640165,0.522498564,0.0
145.359326,83.44673717,44.4,0.852640165,0.522498564,0.0
145.359326,83.44673717,41.2,0.852640165,0.522498564,0.0
147.0313214,80.71828864,47.6,0.852640165,0.522498564,0.0
147.0313214,80.71828864,50.8,0.852640165,0.522498564,0.0
148.7033168,77.98984011,50.8,0.852640165,0.522498564,0.0
147.0313214,80.71828864,41.2,0.852640165,0.522498564,0.0
148.7033168,77.98984011,47.6,0.852640165,0.522498564,0.0
147.0313214,80.71828864,44.4,0.852640165,0.522498564,0.0
148.7033168,77.98984011,41.2,0.852640165,0.522498564,0.0
148.7033168,77.98984011,44.4,0.852640165,0.522498564,0.0
145.359326,83.44673717,31.6,0.852640165,0.522498564,0.0
147.0313214,80.71828864,31.6,0.852640165,0.522498564,0.0
147.0313214,80.71828864,28.4,0.852640165,0.522498564,0.0
147.0313214,80.71828864,38.00000000000001,0.852640165,0.522498564,0.0
147.0313214,80.71828864,34.800000000000004,0.852640165,0.522498564,0.0
148.7033168,77.98984011,31.6,0.852640165,0.522498564,0.0
148.7033168,77.98984011,28.4,0.852640165,0.522498564,0.0
145.359326,83.44673717,28.4,0.852640165,0.522498564,0.0
143.6873306,86.17518569,28.4,0.852640165,0.522498564,0.0
145.359326,83.44673717,38.00000000000001,0.852640165,0.522498564,0.0
148.7033168,77.98984011,34.800000000000004,0.852640165,0.522498564,0.0
145.359326,83.44673717,34.800000000000004,0.852640165,0.522498564,0.0
143.6873306,86.17518569,31.6,0.852640165,0.522498564,0.0
148.7033168,77.98984011,38.00000000000001,0.852640165,0.522498564,0.0
148.7033168,77.98984011,14.800000000000004,0.852640165,0.522498564,0.0
147.0313214,80.71828864,14.800000000000004,0.852640165,0.522498564,0.0
143.6873306,86.17518569,18.000000000000007,0.852640165,0.522498564,0.0
147.0313214,80.71828864,18.000000000000007,0.852640165,0.522498564,0.0
143.6873306,86.17518569,14.800000000000004,0.852640165,0.522498564,0.0
148.7033168,77.98984011,21.2,0.852640165,0.522498564,0.0
145.359326,83.44673717,21.2,0.852640165,0.522498564,0.0
148.7033168,77.98984011,24.4,0.852640165,0.522498564,0.0
147.0313214,80.71828864,21.2,0.852640165,0.522498564,0.0
142.0153352,88.90363422,14.800000000000004,0.852640165,0.522498564,0.0
148.7033168,77.98984011,18.000000000000007,0.852640165,0.522498564,0.0
142.0153352,88.90363422,18.000000000000007,0.852640165,0.522498564,0.0
145.359326,83.44673717,14.800000000000004,0.852640165,0.522498564,0.0
145.359326,83.44673717,24.4,0.852640165,0.522498564,0.0
145.359326,83.44673717,18.000000000000007,0.852640165,0.522498564,0.0
147.0313214,80.71828864,24.4,0.852640165,0.522498564,0.0
148.7033168,77.98984011,11.6,0.852640165,0.522498564,0.0
148.7033168,77.98984011,5.200000000000003,0.852640165,0.522498564,0.0
148.7033168,77.98984011,8.399999999999999,0.852640165,0.522498564,0.0
148.7033168,77.98984011,2.0,0.852640165,0.522498564,0.0
147.0313214,80.71828864,8.399999999999999,0.852640165,0.522498564,0.0
147.0313214,80.71828864,11.6,0.852640165,0.522498564,0.0
147.0313214,80.71828864,5.200000000000003,0.852640165,0.522498564,0.0
147.0313214,80.71828864,2.0,0.852640165,0.522498564,0.0
145.359326,83.44673717,11.6,0.852640165,0.522498564,0.0
145.359326,83.44673717,5.200000000000003,0.852640165,0.522498564,0.0
145.359326,83.44673717,8.399999999999999,0.852640165,0.522498564,0.0
143.6873306,86.17518569,21.2,0.852640165,0.522498564,0.0
145.359326,83.44673717,2.0,0.852640165,0.522498564,0.0
143.6873306,86.17518569,2.0,0.852640165,0.522498564,0.0
143.6873306,86.17518569,5.200000000000003,0.852640165,0.522498564,0.0
143.6873306,86.17518569,11.6,0.852640165,0.522498564,0.0
143.6873306,86.17518569,8.399999999999999,0.852640165,0.522498564,0.0
142.0153352,88.90363422,8.399999999999999,0.852640165,0.522498564,0.0
142.0153352,88.90363422,5.200000000000003,0.852640165,0.522498564,0.0
142.0153352,88.90363422,11.6,0.852640165,0.522498564,0.0
142.0153352,88.90363422,2.0,0.852640165,0.522498564,0.0
140.3433398,91.63208275,2.0,0.852640165,0.522498564,0.0
143.6873306,86.17518569,24.4,0.852640165,0.522498564,0.0
140.3433398,91.63208275,5.200000000000003,0.852640165,0.522498564,0.0
138.6713444,94.36053127,2.0,0.852640165,0.522498564,0.0
140.3433398,91.63208275,8.399999999999999,0.852640165,0.522498564,0.0
138.6713444,94.36053127,5.200000000000003,0.852640165,0.522498564,0.0
140.3433398,91.63208275,11.6,0.852640165,0.522498564,0.0
136.999349,97.0889798,2.0,0.852640165,0.522498564,0.0
138.6713444,94.36053127,8.399999999999999,0.852640165,0.522498564,0.0
136.999349,97.0889798,5.200000000000003,0.852640165,0.522498564,0.0
138.6713444,94.36053127,11.6,0.852640165,0.522498564,0.0
136.999349,97.0889798,8.399999999999999,0.852640165,0.522498564,0.0
136.999349,97.0889798,11.6,0.852640165,0.522498564,0.0
140.3433398,91.63208275,24.4,0.852640165,0.522498564,0.0
138.6713444,94.36053127,18.000000000000007,0.852640165,0.522498564,0.0
138.6713444,94.36053127,24.4,0.852640165,0.522498564,0.0
138.6713444,94.36053127,14.800000000000004,0.852640165,0.522498564,0.0
138.6713444,94.36053127,21.2,0.852640165,0.522498564,0.0
136.999349,97.0889798,21.2,0.852640165,0.522498564,0.0
136.999349,97.0889798,24.4,0.852640165,0.522498564,0.0
140.3433398,91.63208275,21.2,0.852640165,0.522498564,0.0
142.0153352,88.90363422,21.2,0.852640165,0.522498564,0.0
140.3433398,91.63208275,14.800000000000004,0.852640165,0.522498564,0.0
136.999349,97.0889798,18.000000000000007,0.852640165,0.522498564,0.0
140.3433398,91.63208275,18.000000000000007,0.852640165,0.522498564,0.0
142.0153352,88.90363422,24.4,0.852640165,0.522498564,0.0
136.999349,97.0889798,14.800000000000004,0.852640165,0.522498564,0.0
120.124597,117.3250732,38.00000000000001,0.760405966,0.649448048,0.0
122.2028308,114.8917741,38.00000000000001,0.760405966,0.649448048,0.0
124.2810645,112.458475,28.4,0.760405966,0.649448048,0.0
120.124597,117.3250732,34.800000000000004,0.760405966,0.649448048,0.0
126.3592983,110.0251759,34.800000000000004,0.760405966,0.649448048,0.0
124.2810645,112.458475,34.800000000000004,0.760405966,0.649448048,0.0
126.3592983,110.0251759,38.00000000000001,0.760405966,0.649448048,0.0
120.124597,117.3250732,28.4,0.760405966,0.649448048,0.0
122.2028308,114.8917741,31.6,0.760405966,0.649448048,0.0
126.3592983,110.0251759,28.4,0.760405966,0.649448048,0.0
122.2028308,114.8917741,34.800000000000004,0.760405966,0.649448048,0.0
126.3592983,110.0251759,31.6,0.760405966,0.649448048,0.0
124.2810645,112.458475,38.00000000000001,0.760405966,0.649448048,0.0
124.2810645,112.458475,31.6,0.760405966,0.649448048,0.0
120.124597,117.3250732,31.6,0.760405966,0.649448048,0.0
122.2028308,114.8917741,28.4,0.760405966,0.649448048,0.0
120.124597,117.3250732,41.2,0.760405966,0.649448048,0.0
122.2028308,114.8917741,41.2,0.760405966,0.649448048,0.0
120.124597,117.3250732,44.4,0.760405966,0.649448048,0.0
122.2028308,114.8917741,44.4,0.760405966,0.649448048,0.0
120.124597,117.3250732,50.8,0.760405966,0.649448048,0.0
120.124597,117.3250732,47.6,0.760405966,0.649448048,0.0
122.2028308,114.8917741,50.8,0.760405966,0.649448048,0.0
122.2028308,114.8917741,47.6,0.760405966,0.649448048,0.0
124.2810645,112.458475,41.2,0.760405966,0.649448048,0.0
124.2810645,112.458475,47.6,0.760405966,0.649448048,0.0
124.2810645,112.458475,44.4,0.760405966,0.649448048,0.0
128.4375321,107.5918768,38.00000000000001,0.760405966,0.649448048,0.0
124.2810645,112.458475,50.8,0.760405966,0.649448048,0.0
126.3592983,110.0251759,41.2,0.760405966,0.649448048,0.0
126.3592983,110.0251759,50.8,0.760405966,0.649448048,0.0
126.3592983,110.0251759,47.6,0.760405966,0.649448048,0.0
126.3592983,110.0251759,44.4,0.760405966,0.649448048,0.0
128.4375321,107.5918768,41.2,0.760405966,0.649448048,0.0
128.4375321,107.5918768,44.4,0.760405966,0.649448048,0.0
128.4375321,107.5918768,50.8,0.760405966,0.649448048,0.0
128.4375321,107.5918768,47.6,0.760405966,0.649448048,0.0
130.5157658,105.1585777,50.8,0.760405966,0.649448048,0.0
128.4375321,107.5918768,34.800000000000004,0.760405966,0.649448048,0.0
130.5157658,105.1585777,47.6,0.760405966,0.649448048,0.0
130.5157658,105.1585777,44.4,0.760405966,0.649448048,0.0
130.5157658,105.1585777,41.2,0.760405966,0.649448048,0.0
132.5939996,102.7252786,47.6,0.760405966,0.649448048,0.0
132.5939996,102.7252786,50.8,0.760405966,0.649448048,0.0
134.6722333,100.2919796,50.8,0.760405966,0.649448048,0.0
132.5939996,102.7252786,41.2,0.760405966,0.649448048,0.0
134.6722333,100.2919796,47.6,0.760405966,0.649448048,0.0
132.5939996,102.7252786,44.4,0.760405966,0.649448048,0.0
134.6722333,100.2919796,41.2,0.760405966,0.649448048,0.0
134.6722333,100.2919796,44.4,0.760405966,0.649448048,0.0
130.5157658,105.1585777,31.6,0.760405966,0.649448048,0.0
132.5939996,102.7252786,31.6,0.760405966,0.649448048,0.0
132.5939996,102.7252786,28.4,0.760405966,0.649448048,0.0
132.5939996,102.7252786,38.00000000000001,0.760405966,0.649448048,0.0
132.5939996,102.7252786,34.800000000000004,0.760405966,0.649448048,0.0
134.6722333,100.2919796,31.6,0.760405966,0.649448048,0.0
134.6722333,100.2919796,28.4,0.760405966,0.649448048,0.0
130.5157658,105.1585777,28.4,0.760405966,0.649448048,0.0
128.4375321,107.5918768,28.4,0.760405966,0.649448048,0.0
130.5157658,105.1585777,38.00000000000001,0.760405966,0.649448048,0.0
134.6722333,100.2919796,34.800000000000004,0.760405966,0.649448048,0.0
130.5157658,105.1585777,34.800000000000004,0.760405966,0.649448048,0.0
128.4375321,107.5918768,31.6,0.760405966,0.649448048,0.0
134.6722333,100.2919796,38.00000000000001,0.760405966,0.649448048,0.0
134.6722333,100.2919796,14.800000000000004,0.760405966,0.649448048,0.0
132.5939996,102.7252786,14.800000000000004,0.760405966,0.649448048,0.0
128.4375321,107.5918768,18.000000000000007,0.760405966,0.649448048,0.0
132.5939996,102.7252786,18.000000000000007,0.760405966,0.649448048,0.0
128.4375321,107.5918768,14.800000000000004,0.760405966,0.649448048,0.0
134.6722333,100.2919796,21.2,0.760405966,0.649448048,0.0
130.5157658,105.1585777,21.2,0.760405966,0.649448048,0.0
134.6722333,100.2919796,24.4,0.760405966,0.649448048,0.0
132.5939996,102.7252786,21.2,0.760405966,0.649448048,0.0
126.3592983,110.0251759,14.800000000000004,0.760405966,0.649448048,0.0
134.6722333,100.2919796,18.000000000000007,0.760405966,0.649448048,0.0
126.3592983,110.0251759,18.000000000000007,0.760405966,0.649448048,0.0
130.5157658,105.1585777,14.800000000000004,0.760405966,0.649448048,0.0
130.5157658,105.1585777,24.4,0.760405966,0.649448048,0.0
130.5157658,105.1585777,18.000000000000007,0.760405966,0.649448048,0.0
132.5939996,102.7252786,24.4,0.760405966,0.649448048,0.0
134.6722333,100.2919796,11.6,0.760405966,0.649448048,0.0
134.6722333,100.2919796,5.200000000000003,0.760405966,0.649448048,0.0
134.6722333,100.2919796,8.399999999999999,0.760405966,0.649448048,0.0
134.6722333,100.2919796,2.0,0.760405966,0.649448048,0.0
132.5939996,102.7252786,8.399999999999999,0.760405966,0.649448048,0.0
132.5939996,102.7252786,11.6,0.760405966,0.649448048,0.0
132.5939996,102.7252786,5.200000000000003,0.760405966,0.649448048,0.0
132.5939996,102.7252786,2.0,0.760405966,0.649448048,0.0
130.5157658,105.1585777,11.6,0.760405966,0.649448048,0.0
130.5157658,105.1585777,5.200000000000003,0.760405966,0.649448048,0.0
130.5157658,105.1585777,8.399999999999999,0.760405966,0.649448048,0.0
128.4375321,107.5918768,21.2,0.760405966,0.649448048,0.0
130.5157658,105.1585777,2.0,0.760405966,0.649448048,0.0
128.4375321,107.5918768,2.0,0.760405966,0.649448048,0.0
128.4375321,107.5918768,5.200000000000003,0.760405966,0.649448048,0.0
128.4375321,107.5918768,11.6,0.760405966,0.649448048,0.0
128.4375321,107.5918768,8.399999999999999,0.760405966,0.649448048,0.0
126.3592983,110.0251759,8.399999999999999,0.760405966,0.649448048,0.0
126.3592983,110.0251759,5.200000000000003,0.760405966,0.649448048,0.0
126.3592983,110.0251759,11.6,0.760405966,0.649448048,0.0
126.3592983,110.0251759,2.0,0.760405966,0.649448048,0.0
124.2810645,112.458475,2.0,0.760405966,0.649448048,0.0
128.4375321,107.5918768,24.4,0.760405966,0.649448048,0.0
124.2810645,112.458475,5.200000000000003,0.760405966,0.649448048,0.0
122.2028308,114.8917741,2.0,0.760405966,0.649448048,0.0
124.2810645,112.458475,8.399999999999999,0.760405966,0.649448048,0.0
122.2028308,114.8917741,5.200000000000003,0.760405966,0.649448048,0.0
124.2810645,112.458475,11.6,0.760405966,0.649448048,0.0
120.124597,117.3250732,2.0,0.760405966,0.649448048,0.0
122.2028308,114.8917741,8.399999999999999,0.760405966,0.649448048,0.0
120.124597,117.3250732,5.200000000000003,0.760405966,0.649448048,0.0
122.2028308,114.8917741,11.6,0.760405966,0.649448048,0.0
120.124597,117.3250732,8.399999999999999,0.760405966,0.649448048,0.0
120.124597,117.3250732,11.6,0.760405966,0.649448048,0.0
124.2810645,112.458475,24.4,0.760405966,0.649448048,0.0
122.2028308,114.8917741,18.000000000000007,0.760405966,0.649448048,0.0
122.2028308,114.8917741,24.4,0.760405966,0.649448048,0.0
122.2028308,114.8917741,14.800000000000004,0.760405966,0.649448048,0.0
122.2028308,114.8917741,21.2,0.760405966,0.649448048,0.0
120.124597,117.3250732,21.2,0.760405966,0.649448048,0.0
120.124597,117.3250732,24.4,0.760405966,0.649448048,0.0
124.2810645,112.458475,21.2,0.760405966,0.649448048,0.0
126.3592983,110.0251759,21.2,0.760405966,0.649448048,0.0
124.2810645,112.458475,14.800000000000004,0.760405966,0.649448048,0.0
120.124597,117.3250732,18.000000000000007,0.760405966,0.649448048,0.0
124.2810645,112.458475,18.000000000000007,0.760405966,0.649448048,0.0
126.3592983,110.0251759,24.4,0.760405966,0.649448048,0.0
120.124597,117.3250732,14.800000000000004,0.760405966,0.649448048,0.0
100.2919789,134.6722339,38.00000000000001,0.649448049,0.760405965,0.0
102.725278,132.5940002,38.00000000000001,0.649448049,0.760405965,0.0
105.1585771,130.5157664,28.4,0.649448049,0.760405965,0.0
100.2919789,134.6722339,34.800000000000004,0.649448049,0.760405965,0.0
107.5918761,128.4375326,34.800000000000004,0.649448049,0.760405965,0.0
105.1585771,130.5157664,34.800000000000004,0.649448049,0.760405965,0.0
107.5918761,128.4375326,38.00000000000001,0.649448049,0.760405965,0.0
100.2919789,134.6722339,28.4,0.649448049,0.760405965,0.0
102.725278,132.5940002,31.6,0.649448049,0.760405965,0.0
107.5918761,128.4375326,28.4,0.649448049,0.760405965,0.0
102.725278,132.5940002,34.800000000000004,0.649448049,0.760405965,0.0
107.5918761,128.4375326,31.6,0.649448049,0.760405965,0.0
105.1585771,130.5157664,38.00000000000001,0.649448049,0.760405965,0.0
105.1585771,130.5157664,31.6,0.649448049,0.760405965,0.0
100.2919789,134.6722339,31.6,0.649448049,0.760405965,0.0
102.725278,132.5940002,28.4,0.649448049,0.760405965,0.0
100.2919789,134.6722339,41.2,0.649448049,0.760405965,0.0
102.725278,132.5940002,41.2,0.649448049,0.760405965,0.0
100.2919789,134.6722339,44.4,0.649448049,0.760405965,0.0
102.725278,132.5940002,44.4,0.649448049,0.760405965,0.0
100.2919789,134.6722339,50.8,0.649448049,0.760405965,0.0
100.2919789,134.6722339,47.6,0.649448049,0.760405965,0.0
102.725278,132.5940002,50.8,0.649448049,0.760405965,0.0
102.725278,132.5940002,47.6,0.649448049,0.760405965,0.0
105.1585771,130.5157664,41.2,0.649448049,0.760405965,0.0
105.1585771,130.5157664,47.6,0.649448049,0.760405965,0.0
105.1585771,130.5157664,44.4,0.649448049,0.760405965,0.0
110.0251752,126.3592989,38.00000000000001,0.649448049,0.760405965,0.0
105.1585771,130.5157664,50.8,0.649448049,0.760405965,0.0
107.5918761,128.4375326,41.2,0.649448049,0.760405965,0.0
107.5918761,128.4375326,50.8,0.649448049,0.760405965,0.0
107.5918761,128.4375326,47.6,0.649448049,0.760405965,0.0
107.5918761,128.4375326,44.4,0.649448049,0.760405965,0.0
110.0251752,126.3592989,41.2,0.649448049,0.760405965,0.0
110.0251752,126.3592989,44.4,0.649448049,0.760405965,0.0
110.0251752,126.3592989,50.8,0.649448049,0.760405965,0.0
110.0251752,126.3592989,47.6,0.649448049,0.760405965,0.0
112.4584743,124.2810651,50.8,0.649448049,0.760405965,0.0
110.0251752,126.3592989,34.800000000000004,0.649448049,0.760405965,0.0
112.4584743,124.2810651,47.6,0.649448049,0.760405965,0.0
112.4584743,124.2810651,44.4,0.649448049,0.760405965,0.0
112.4584743,124.2810651,41.2,0.649448049,0.760405965,0.0
114.8917734,122.2028314,47.6,0.649448049,0.760405965,0.0
114.8917734,122.2028314,50.8,0.649448049,0.760405965,0.0
117.3250725,120.1245976,50.8,0.649448049,0.760405965,0.0
114.8917734,122.2028314,41.2,0.649448049,0.760405965,0.0
117.3250725,120.1245976,47.6,0.649448049,0.760405965,0.0
114.8917734,122.2028314,44.4,0.649448049,0.760405965,0.0
117.3250725,120.1245976,41.2,0.649448049,0.760405965,0.0
117.3250725,120.1245976,44.4,0.649448049,0.760405965,0.0
112.4584743,124.2810651,31.6,0.649448049,0.760405965,0.0
114.8917734,122.2028314,31.6,0.649448049,0.760405965,0.0
114.8917734,122.2028314,28.4,0.649448049,0.760405965,0.0
114.8917734,122.2028314,38.00000000000001,0.649448049,0.760405965,0.0
114.8917734,122.2028314,34.800000000000004,0.649448049,0.760405965,0.0
117.3250725,120.1245976,31.6,0.649448049,0.760405965,0.0
117.3250725,120.1245976,28.4,0.649448049,0.760405965,0.0
112.4584743,124.2810651,28.4,0.649448049,0.760405965,0.0
110.0251752,126.3592989,28.4,0.649448049,0.760405965,0.0
112.4584743,124.2810651,38.00000000000001,0.649448049,0.760405965,0.0
117.3250725,120.1245976,34.800000000000004,0.649448049,0.760405965,0.0
112.4584743,124.2810651,34.800000000000004,0.649448049,0.760405965,0.0
110.0251752,126.3592989,31.6,0.649448049,0.760405965,0.0
117.3250725,120.1245976,38.00000000000001,0.649448049,0.760405965,0.0
117.3250725,120.1245976,14.800000000000004,0.649448049,0.760405965,0.0
114.8917734,122.2028314,14.800000000000004,0.649448049,0.760405965,0.0
110.0251752,126.3592989,18.000000000000007,0.649448049,0.760405965,0.0
114.8917734,122.2028314,18.000000000000007,0.649448049,0.760405965,0.0
110.0251752,126.3592989,14.800000000000004,0.649448049,0.760405965,0.0
117.3250725,120.1245976,21.2,0.649448049,0.760405965,0.0
112.4584743,124.2810651,21.2,0.649448049,0.760405965,0.0
117.3250725,120.1245976,24.4,0.649448049,0.760405965,0.0
114.8917734,122.2028314,21.2,0.649448049,0.760405965,0.0
107.5918761,128.4375326,14.800000000000004,0.649448049,0.760405965,0.0
117.3250725,120.1245976,18.000000000000007,0.649448049,0.760405965,0.0
107.5918761,128.4375326,18.000000000000007,0.649448049,0.760405965,0.0
112.4584743,124.2810651,14.800000000000004,0.649448049,0.760405965,0.0
112.4584743,124.2810651,24.4,0.649448049,0.760405965,0.0
112.4584743,124.2810651,18.000000000000007,0.649448049,0.760405965,0.0
114.8917734,122.2028314,24.4,0.649448049,0.760405965,0.0
117.3250725,120.1245976,11.6,0.649448049,0.760405965,0.0
117.3250725,120.1245976,5.200000000000003,0.649448049,0.760405965,0.0
117.3250725,120.1245976,8.399999999999999,0.649448049,0.760405965,0.0
117.3250725,120.1245976,2.0,0.649448049,0.760405965,0.0
114.8917734,122.2028314,8.399999999999999,0.649448049,0.760405965,0.0
114.8917734,122.2028314,11.6,0.649448049,0.760405965,0.0
114.8917734,122.2028314,5.200000000000003,0.649448049,0.760405965,0.0
114.8917734,122.2028314,2.0,0.649448049,0.760405965,0.0
112.4584743,124.2810651,11.6,0.649448049,0.760405965,0.0
112.4584743,124.2810651,5.200000000000003,0.649448049,0.760405965,0.0
112.4584743,124.2810651,8.399999999999999,0.649448049,0.760405965,0.0
110.0251752,126.3592989,21.2,0.649448049,0.760405965,0.0
112.4584743,124.2810651,2.0,0.649448049,0.760405965,0.0
110.0251752,126.3592989,2.0,0.649448049,0.760405965,0.0
110.0251752,126.3592989,5.200000000000003,0.649448049,0.760405965,0.0
110.0251752,126.3592989,11.6,0.649448049,0.760405965,0.0
110.0251752,126.3592989,8.399999999999999,0.649448049,0.760405965,0.0
107.5918761,128.4375326,8.399999999999999,0.649448049,0.760405965,0.0
107.5918761,128.4375326,5.200000000000003,0.649448049,0.760405965,0.0
107.5918761,128.4375326,11.6,0.649448049,0.760405965,0.0
107.5918761,128.4375326,2.0,0.649448049,0.760405965,0.0
105.1585771,130.5157664,2.0,0.649448049,0.760405965,0.0
110.0251752,126.3592989,24.4,0.649448049,0.760405965,0.0
105.1585771,130.5157664,5.200000000000003,0.649448049,0.760405965,0.0
102.725278,132.5940002,2.0,0.649448049,0.760405965,0.0
105.1585771,130.5157664,8.399999999999999,0.649448049,0.760405965,0.0
102.725278,132.5940002,5.200000000000003,0.649448049,0.760405965,0.0
105.1585771,130.5157664,11.6,0.649448049,0.760405965,0.0
100.2919789,134.6722339,2.0,0.649448049,0.760405965,0.0
102.725278,132.5940002,8.399999999999999,0.649448049,0.760405965,0.0
100.2919789,134.6722339,5.200000000000003,0.649448049,0.760405965,0.0
102.725278,132.5940002,11.6,0.649448049,0.760405965,0.0
100.2919789,134.6722339,8.399999999999999,0.649448049,0.760405965,0.0
100.2919789,134.6722339,11.6,0.649448049,0.760405965,0.0
105.1585771,130.5157664,24.4,0.649448049,0.760405965,0.0
102.725278,132.5940002,18.000000000000007,0.649448049,0.760405965,0.0
102.725278,132.5940002,24.4,0.649448049,0.760405965,0.0
102.725278,132.5940002,14.800000000000004,0.649448049,0.760405965,0.0
102.725278,132.5940002,21.2,0.649448049,0.760405965,0.0
100.2919789,134.6722339,21.2,0.649448049,0.760405965,0.0
100.2919789,134.6722339,24.4,0.649448049,0.760405965,0.0
105.1585771,130.5157664,21.2,0.649448049,0.760405965,0.0
107.5918761,128.4375326,21.2,0.649448049,0.760405965,0.0
105.1585771,130.5157664,14.800000000000004,0.649448049,0.760405965,0.0
100.2919789,134.6722339,18.000000000000007,0.649448049,0.760405965,0.0
105.1585771,130.5157664,18.000000000000007,0.649448049,0.760405965,0.0
107.5918761,128.4375326,24.4,0.649448049,0.760405965,0.0
100.2919789,134.6722339,14.800000000000004,0.649448049,0.760405965,0.0
100.2919789,134.6722339,-14.799999999999995,0.649448049,0.760405965,0.0
102.725278,132.5940002,-14.799999999999995,0.649448049,0.760405965,0.0
105.1585771,130.5157664,-24.4,0.649448049,0.760405965,0.0
100.2919789,134.6722339,-18.0,0.649448049,0.760405965,0.0
107.5918761,128.4375326,-18.0,0.649448049,0.760405965,0.0
105.1585771,130.5157664,-18.0,0.649448049,0.760405965,0.0
107.5918761,128.4375326,-14.799999999999995,0.649448049,0.760405965,0.0
100.2919789,134.6722339,-24.4,0.649448049,0.760405965,0.0
102.725278,132.5940002,-21.2,0.649448049,0.760405965,0.0
107.5918761,128.4375326,-24.4,0.649448049,0.760405965,0.0
102.725278,132.5940002,-18.0,0.649448049,0.760405965,0.0
107.5918761,128.4375326,-21.2,0.649448049,0.760405965,0.0
105.1585771,130.5157664,-14.799999999999995,0.649448049,0.760405965,0.0
105.1585771,130.5157664,-21.2,0.649448049,0.760405965,0.0
100.2919789,134.6722339,-21.2,0.649448049,0.760405965,0.0
102.725278,132.5940002,-24.4,0.649448049,0.760405965,0.0
100.2919789,134.6722339,-11.6,0.649448049,0.760405965,0.0
102.725278,132.5940002,-11.6,0.649448049,0.760405965,0.0
100.2919789,134.6722339,-8.399999999999999,0.649448049,0.760405965,0.0
102.725278,132.5940002,-8.399999999999999,0.649448049,0.760405965,0.0
100.2919789,134.6722339,-2.0,0.649448049,0.760405965,0.0
100.2919789,134.6722339,-5.199999999999996,0.649448049,0.760405965,0.0
102.725278,132.5940002,-2.0,0.649448049,0.760405965,0.0
102.725278,132.5940002,-5.199999999999996,0.649448049,0.760405965,0.0
105.1585771,130.5157664,-11.6,0.649448049,0.760405965,0.0
105.1585771,130.5157664,-5.199999999999996,0.649448049,0.760405965,0.0
105.1585771,130.5157664,-8.399999999999999,0.649448049,0.760405965,0.0
110.0251752,126.3592989,-14.799999999999995,0.649448049,0.760405965,0.0
105.1585771,130.5157664,-2.0,0.649448049,0.760405965,0.0
107.5918761,128.4375326,-11.6,0.649448049,0.760405965,0.0
107.5918761,128.4375326,-2.0,0.649448049,0.760405965,0.0
107.5918761,128.4375326,-5.199999999999996,0.649448049,0.760405965,0.0
107.5918761,128.4375326,-8.399999999999999,0.649448049,0.760405965,0.0
110.0251752,126.3592989,-11.6,0.649448049,0.760405965,0.0
110.0251752,126.3592989,-8.399999999999999,0.649448049,0.760405965,0.0
110.0251752,126.3592989,-2.0,0.649448049,0.760405965,0.0
110.0251752,126.3592989,-5.199999999999996,0.649448049,0.760405965,0.0
112.4584743,124.2810651,-2.0,0.649448049,0.760405965,0.0
110.0251752,126.3592989,-18.0,0.649448049,0.760405965,0.0
112.4584743,124.2810651,-5.199999999999996,0.649448049,0.760405965,0.0
112.4584743,124.2810651,-8.399999999999999,0.649448049,0.760405965,0.0
112.4584743,124.2810651,-11.6,0.649448049,0.760405965,0.0
114.8917734,122.2028314,-5.199999999999996,0.649448049,0.760405965,0.0
114.8917734,122.2028314,-2.0,0.649448049,0.760405965,0.0
117.3250725,120.1245976,-2.0,0.649448049,0.760405965,0.0
114.8917734,122.2028314,-11.6,0.649448049,0.760405965,0.0
117.3250725,120.1245976,-5.199999999999996,0.649448049,0.760405965,0.0
114.8917734,122.2028314,-8.399999999999999,0.649448049,0.760405965,0.0
117.3250725,120.1245976,-11.6,0.649448049,0.760405965,0.0
117.3250725,120.1245976,-8.399999999999999,0.649448049,0.760405965,0.0
112.4584743,124.2810651,-21.2,0.649448049,0.760405965,0.0
114.8917734,122.2028314,-21.2,0.649448049,0.760405965,0.0
114.8917734,122.2028314,-24.4,0.649448049,0.760405965,0.0
114.8917734,122.2028314,-14.799999999999995,0.649448049,0.760405965,0.0
114.8917734,122.2028314,-18.0,0.649448049,0.760405965,0.0
117.3250725,120.1245976,-21.2,0.649448049,0.760405965,0.0
117.3250725,120.1245976,-24.4,0.649448049,0.760405965,0.0
112.4584743,124.2810651,-24.4,0.649448049,0.760405965,0.0
110.0251752,126.3592989,-24.4,0.649448049,0.760405965,0.0
112.4584743,124.2810651,-14.799999999999995,0.649448049,0.760405965,0.0
117.3250725,120.1245976,-18.0,0.649448049,0.760405965,0.0
112.4584743,124.2810651,-18.0,0.649448049,0.760405965,0.0
110.0251752,126.3592989,-21.2,0.649448049,0.760405965,0.0
117.3250725,120.1245976,-14.799999999999995,0.649448049,0.760405965,0.0
117.3250725,120.1245976,-38.0,0.649448049,0.760405965,0.0
114.8917734,122.2028314,-38.0,0.649448049,0.760405965,0.0
110.0251752,126.3592989,-34.8,0.649448049,0.760405965,0.0
114.8917734,122.2028314,-34.8,0.649448049,0.760405965,0.0
110.0251752,126.3592989,-38.0,0.649448049,0.760405965,0.0
117.3250725,120.1245976,-31.6,0.649448049,0.760405965,0.0
112.4584743,124.2810651,-31.6,0.649448049,0.760405965,0.0
117.3250725,120.1245976,-28.4,0.649448049,0.760405965,0.0
114.8917734,122.2028314,-31.6,0.649448049,0.760405965,0.0
107.5918761,128.4375326,-38.0,0.649448049,0.760405965,0.0
117.3250725,120.1245976,-34.8,0.649448049,0.760405965,0.0
107.5918761,128.4375326,-34.8,0.649448049,0.760405965,0.0
112.4584743,124.2810651,-38.0,0.649448049,0.760405965,0.0
112.4584743,124.2810651,-28.4,0.649448049,0.760405965,0.0
112.4584743,124.2810651,-34.8,0.649448049,0.760405965,0.0
114.8917734,122.2028314,-28.4,0.649448049,0.760405965,0.0
117.3250725,120.1245976,-41.2,0.649448049,0.760405965,0.0
117.3250725,120.1245976,-47.6,0.649448049,0.760405965,0.0
117.3250725,120.1245976,-44.4,0.649448049,0.760405965,0.0
117.3250725,120.1245976,-50.8,0.649448049,0.760405965,0.0
114.8917734,122.2028314,-44.4,0.649448049,0.760405965,0.0
114.8917734,122.2028314,-41.2,0.649448049,0.760405965,0.0
114.8917734,122.2028314,-47.6,0.649448049,0.760405965,0.0
114.8917734,122.2028314,-50.8,0.649448049,0.760405965,0.0
112.4584743,124.2810651,-41.2,0.649448049,0.760405965,0.0
112.4584743,124.2810651,-47.6,0.649448049,0.760405965,0.0
112.4584743,124.2810651,-44.4,0.649448049,0.760405965,0.0
110.0251752,126.3592989,-31.6,0.649448049,0.760405965,0.0
112.4584743,124.2810651,-50.8,0.649448049,0.760405965,0.0
110.0251752,126.3592989,-50.8,0.649448049,0.760405965,0.0
110.0251752,126.3592989,-47.6,0.649448049,0.760405965,0.0
110.0251752,126.3592989,-41.2,0.649448049,0.760405965,0.0
110.0251752,126.3592989,-44.4,0.649448049,0.760405965,0.0
107.5918761,128.4375326,-44.4,0.649448049,0.760405965,0.0
107.5918761,128.4375326,-47.6,0.649448049,0.760405965,0.0
107.5918761,128.4375326,-41.2,0.649448049,0.760405965,0.0
107.5918761,128.4375326,-50.8,0.649448049,0.760405965,0.0
105.1585771,130.5157664,-50.8,0.649448049,0.760405965,0.0
110.0251752,126.3592989,-28.4,0.649448049,0.760405965,0.0
105.1585771,130.5157664,-47.6,0.649448049,0.760405965,0.0
102.725278,132.5940002,-50.8,0.649448049,0.760405965,0.0
105.1585771,130.5157664,-44.4,0.649448049,0.760405965,0.0
102.725278,132.5940002,-47.6,0.649448049,0.760405965,0.0
105.1585771,130.5157664,-41.2,0.649448049,0.760405965,0.0
100.2919789,134.6722339,-50.8,0.649448049,0.760405965,0.0
102.725278,132.5940002,-44.4,0.649448049,0.760405965,0.0
100.2919789,134.6722339,-47.6,0.649448049,0.760405965,0.0
102.725278,132.5940002,-41.2,0.649448049,0.760405965,0.0
100.2919789,134.6722339,-44.4,0.649448049,0.760405965,0.0
100.2919789,134.6722339,-41.2,0.649448049,0.760405965,0.0
105.1585771,130.5157664,-28.4,0.649448049,0.760405965,0.0
102.725278,132.5940002,-34.8,0.649448049,0.760405965,0.0
102.725278,132.5940002,-28.4,0.649448049,0.760405965,0.0
102.725278,132.5940002,-38.0,0.649448049,0.760405965,0.0
102.725278,132.5940002,-31.6,0.649448049,0.760405965,0.0
100.2919789,134.6722339,-31.6,0.649448049,0.760405965,0.0
100.2919789,134.6722339,-28.4,0.649448049,0.760405965,0.0
105.1585771,130.5157664,-31.6,0.649448049,0.760405965,0.0
107.5918761,128.4375326,-31.6,0.649448049,0.760405965,0.0
105.1585771,130.5157664,-38.0,0.649448049,0.760405965,0.0
100.2919789,134.6722339,-34.8,0.649448049,0.760405965,0.0
105.1585771,130.5157664,-34.8,0.649448049,0.760405965,0.0
107.5918761,128.4375326,-28.4,0.649448049,0.760405965,0.0
100.2919789,134.6722339,-38.0,0.649448049,0.760405965,0.0
120.124597,117.3250732,-14.799999999999995,0.760405966,0.649448048,0.0
122.2028308,114.8917741,-14.799999999999995,0.760405966,0.649448048,0.0
124.2810645,112.458475,-24.4,0.760405966,0.649448048,0.0
120.124597,117.3250732,-18.0,0.760405966,0.649448048,0.0
126.3592983,110.0251759,-18.0,0.760405966,0.649448048,0.0
124.2810645,112.458475,-18.0,0.760405966,0.649448048,0.0
126.3592983,110.0251759,-14.799999999999995,0.760405966,0.649448048,0.0
120.124597,117.3250732,-24.4,0.760405966,0.649448048,0.0
122.2028308,114.8917741,-21.2,0.760405966,0.649448048,0.0
126.3592983,110.0251759,-24.4,0.760405966,0.649448048,0.0
122.2028308,114.8917741,-18.0,0.760405966,0.649448048,0.0
126.3592983,110.0251759,-21.2,0.760405966,0.649448048,0.0
124.2810645,112.458475,-14.799999999999995,0.760405966,0.649448048,0.0
124.2810645,112.458475,-21.2,0.760405966,0.649448048,0.0
120.124597,117.3250732,-21.2,0.760405966,0.649448048,0.0
122.2028308,114.8917741,-24.4,0.760405966,0.649448048,0.0
120.124597,117.3250732,-11.6,0.760405966,0.649448048,0.0
122.2028308,114.8917741,-11.6,0.760405966,0.649448048,0.0
120.124597,117.3250732,-8.399999999999999,0.760405966,0.649448048,0.0
122.2028308,114.8917741,-8.399999999999999,0.760405966,0.649448048,0.0
120.124597,117.3250732,-2.0,0.760405966,0.649448048,0.0
120.124597,117.3250732,-5.199999999999996,0.760405966,0.649448048,0.0
122.2028308,114.8917741,-2.0,0.760405966,0.649448048,0.0
122.2028308,114.8917741,-5.199999999999996,0.760405966,0.649448048,0.0
124.2810645,112.458475,-11.6,0.760405966,0.649448048,0.0
124.2810645,112.458475,-5.199999999999996,0.760405966,0.649448048,0.0
124.2810645,112.458475,-8.399999999999999,0.760405966,0.649448048,0.0
128.4375321,107.5918768,-14.799999999999995,0.760405966,0.649448048,0.0
124.2810645,112.458475,-2.0,0.760405966,0.649448048,0.0
126.3592983,110.0251759,-11.6,0.760405966,0.649448048,0.0
126.3592983,110.0251759,-2.0,0.760405966,0.649448048,0.0
126.3592983,110.0251759,-5.199999999999996,0.760405966,0.649448048,0.0
126.3592983,110.0251759,-8.399999999999999,0.760405966,0.649448048,0.0
128.4375321,107.5918768,-11.6,0.760405966,0.649448048,0.0
128.4375321,107.5918768,-8.399999999999999,0.760405966,0.649448048,0.0
128.4375321,107.5918768,-2.0,0.760405966,0.649448048,0.0
128.4375321,107.5918768,-5.199999999999996,0.760405966,0.649448048,0.0
130.5157658,105.1585777,-2.0,0.760405966,0.649448048,0.0
128.4375321,107.5918768,-18.0,0.760405966,0.649448048,0.0
130.5157658,105.1585777,-5.199999999999996,0.760405966,0.649448048,0.0
130.5157658,105.1585777,-8.399999999999999,0.760405966,0.649448048,0.0
130.5157658,105.1585777,-11.6,0.760405966,0.649448048,0.0
132.5939996,102.7252786,-5.199999999999996,0.760405966,0.649448048,0.0
132.5939996,102.7252786,-2.0,0.760405966,0.649448048,0.0
134.6722333,100.2919796,-2.0,0.760405966,0.649448048,0.0
132.5939996,102.7252786,-11.6,0.760405966,0.649448048,0.0
134.6722333,100.2919796,-5.199999999999996,0.760405966,0.649448048,0.0
132.5939996,102.7252786,-8.399999999999999,0.760405966,0.649448048,0.0
134.6722333,100.2919796,-11.6,0.760405966,0.649448048,0.0
134.6722333,100.2919796,-8.399999999999999,0.760405966,0.649448048,0.0
130.5157658,105.1585777,-21.2,0.760405966,0.649448048,0.0
132.5939996,102.7252786,-21.2,0.760405966,0.649448048,0.0
132.5939996,102.7252786,-24.4,0.760405966,0.649448048,0.0
132.5939996,102.7252786,-14.799999999999995,0.760405966,0.649448048,0.0
132.5939996,102.7252786,-18.0,0.760405966,0.649448048,0.0
134.6722333,100.2919796,-21.2,0.760405966,0.649448048,0.0
134.6722333,100.2919796,-24.4,0.760405966,0.649448048,0.0
130.5157658,105.1585777,-24.4,0.760405966,0.649448048,0.0
128.4375321,107.5918768,-24.4,0.760405966,0.649448048,0.0
130.5157658,105.1585777,-14.799999999999995,0.760405966,0.649448048,0.0
134.6722333,100.2919796,-18.0,0.760405966,0.649448048,0.0
130.5157658,105.1585777,-18.0,0.760405966,0.649448048,0.0
128.4375321,107.5918768,-21.2,0.760405966,0.649448048,0.0
134.6722333,100.2919796,-14.799999999999995,0.760405966,0.649448048,0.0
134.6722333,100.2919796,-38.0,0.760405966,0.649448048,0.0
132.5939996,102.7252786,-38.0,0.760405966,0.649448048,0.0
128.4375321,107.5918768,-34.8,0.760405966,0.649448048,0.0
132.5939996,102.7252786,-34.8,0.760405966,0.649448048,0.0
128.4375321,107.5918768,-38.0,0.760405966,0.649448048,0.0
134.6722333,100.2919796,-31.6,0.760405966,0.649448048,0.0
130.5157658,105.1585777,-31.6,0.760405966,0.649448048,0.0
134.6722333,100.2919796,-28.4,0.760405966,0.649448048,0.0
132.5939996,102.7252786,-31.6,0.760405966,0.649448048,0.0
126.3592983,110.0251759,-38.0,0.760405966,0.649448048,0.0
134.6722333,100.2919796,-34.8,0.760405966,0.649448048,0.0
126.3592983,110.0251759,-34.8,0.760405966,0.649448048,0.0
130.5157658,105.1585777,-38.0,0.760405966,0.649448048,0.0
130.5157658,105.1585777,-28.4,0.760405966,0.649448048,0.0
130.5157658,105.1585777,-34.8,0.760405966,0.649448048,0.0
132.5939996,102.7252786,-28.4,0.760405966,0.649448048,0.0
134.6722333,100.2919796,-41.2,0.760405966,0.649448048,0.0
134.6722333,100.2919796,-47.6,0.760405966,0.649448048,0.0
134.6722333,100.2919796,-44.4,0.760405966,0.649448048,0.0
134.6722333,100.2919796,-50.8,0.760405966,0.649448048,0.0
132.5939996,102.7252786,-44.4,0.760405966,0.649448048,0.0
132.5939996,102.7252786,-41.2,0.760405966,0.649448048,0.0
132.5939996,102.7252786,-47.6,0.760405966,0.649448048,0.0
132.5939996,102.7252786,-50.8,0.760405966,0.649448048,0.0
130.5157658,105.1585777,-41.2,0.760405966,0.649448048,0.0
130.5157658,105.1585777,-47.6,0.760405966,0.649448048,0.0
130.5157658,105.1585777,-44.4,0.760405966,0.649448048,0.0
128.4375321,107.5918768,-31.6,0.760405966,0.649448048,0.0
130.5157658,105.1585777,-50.8,0.760405966,0.649448048,0.0
128.4375321,107.5918768,-50.8,0.760405966,0.649448048,0.0
128.4375321,107.5918768,-47.6,0.760405966,0.649448048,0.0
128.4375321,107.5918768,-41.2,0.760405966,0.649448048,0.0
128.4375321,107.5918768,-44.4,0.760405966,0.649448048,0.0
126.3592983,110.0251759,-44.4,0.760405966,0.649448048,0.0
126.3592983,110.0251759,-47.6,0.760405966,0.649448048,0.0
126.3592983,110.0251759,-41.2,0.760405966,0.649448048,0.0
126.3592983,110.0251759,-50.8,0.760405966,0.649448048,0.0
124.2810645,112.458475,-50.8,0.760405966,0.649448048,0.0
128.4375321,107.5918768,-28.4,0.760405966,0.649448048,0.0
124.2810645,112.458475,-47.6,0.760405966,0.649448048,0.0
122.2028308,114.8917741,-50.8,0.760405966,0.649448048,0.0
124.2810645,112.458475,-44.4,0.760405966,0.649448048,0.0
122.2028308,114.8917741,-47.6,0.760405966,0.649448048,0.0
124.2810645,112.458475,-41.2,0.760405966,0.649448048,0.0
120.124597,117.3250732,-50.8,0.760405966,0.649448048,0.0
122.2028308,114.8917741,-44.4,0.760405966,0.649448048,0.0
120.124597,117.3250732,-47.6,0.760405966,0.649448048,0.0
122.2028308,114.8917741,-41.2,0.760405966,0.649448048,0.0
120.124597,117.3250732,-44.4,0.760405966,0.649448048,0.0
120.124597,117.3250732,-41.2,0.760405966,0.649448048,0.0
124.2810645,112.458475,-28.4,0.760405966,0.649448048,0.0
122.2028308,114.8917741,-34.8,0.760405966,0.649448048,0.0
122.2028308,114.8917741,-28.4,0.760405966,0.649448048,0.0
122.2028308,114.8917741,-38.0,0.760405966,0.649448048,0.0
122.2028308,114.8917741,-31.6,0.760405966,0.649448048,0.0
120.124597,117.3250732,-31.6,0.760405966,0.649448048,0.0
120.124597,117.3250732,-28.4,0.760405966,0.649448048,0.0
124.2810645,112.458475,-31.6,0.760405966,0.649448048,0.0
126.3592983,110.0251759,-31.6,0.760405966,0.649448048,0.0
124.2810645,112.458475,-38.0,0.760405966,0.649448048,0.0
120.124597,117.3250732,-34.8,0.760405966,0.649448048,0.0
124.2810645,112.458475,-34.8,0.760405966,0.649448048,0.0
126.3592983,110.0251759,-28.4,0.760405966,0.649448048,0.0
120.124597,117.3250732,-38.0,0.760405966,0.649448048,0.0
136.999349,97.0889798,-14.799999999999995,0.852640165,0.522498564,0.0
138.6713444,94.36053127,-14.799999999999995,0.852640165,0.522498564,0.0
140.3433398,91.63208275,-24.4,0.852640165,0.522498564,0.0
136.999349,97.0889798,-18.0,0.852640165,0.522498564,0.0
142.0153352,88.90363422,-18.0,0.852640165,0.522498564,0.0
140.3433398,91.63208275,-18.0,0.852640165,0.522498564,0.0
142.0153352,88.90363422,-14.799999999999995,0.852640165,0.522498564,0.0
136.999349,97.0889798,-24.4,0.852640165,0.522498564,0.0
138.6713444,94.36053127,-21.2,0.852640165,0.522498564,0.0
142.0153352,88.90363422,-24.4,0.852640165,0.522498564,0.0
138.6713444,94.36053127,-18.0,0.852640165,0.522498564,0.0
142.0153352,88.90363422,-21.2,0.852640165,0.522498564,0.0
140.3433398,91.63208275,-14.799999999999995,0.852640165,0.522498564,0.0
140.3433398,91.63208275,-21.2,0.852640165,0.522498564,0.0
136.999349,97.0889798,-21.2,0.852640165,0.522498564,0.0
138.6713444,94.36053127,-24.4,0.852640165,0.522498564,0.0
136.999349,97.0889798,-11.6,0.852640165,0.522498564,0.0
138.6713444,94.36053127,-11.6,0.852640165,0.522498564,0.0
136.999349,97.0889798,-8.399999999999999,0.852640165,0.522498564,0.0
138.6713444,94.36053127,-8.399999999999999,0.852640165,0.522498564,0.0
136.999349,97.0889798,-2.0,0.852640165,0.522498564,0.0
136.999349,97.0889798,-5.199999999999996,0.852640165,0.522498564,0.0
138.6713444,94.36053127,-2.0,0.852640165,0.522498564,0.0
138.6713444,94.36053127,-5.199999999999996,0.852640165,0.522498564,0.0
140.3433398,91.63208275,-11.6,0.852640165,0.522498564,0.0
140.3433398,91.63208275,-5.199999999999996,0.852640165,0.522498564,0.0
140.3433398,91.63208275,-8.399999999999999,0.852640165,0.522498564,0.0
143.6873306,86.17518569,-14.799999999999995,0.852640165,0.522498564,0.0
140.3433398,91.63208275,-2.0,0.852640165,0.522498564,0.0
142.0153352,88.90363422,-11.6,0.852640165,0.522498564,0.0
142.0153352,88.90363422,-2.0,0.852640165,0.522498564,0.0
142.0153352,88.90363422,-5.199999999999996,0.852640165,0.522498564,0.0
142.0153352,88.90363422,-8.399999999999999,0.852640165,0.522498564,0.0
143.6873306,86.17518569,-11.6,0.852640165,0.522498564,0.0
143.6873306,86.17518569,-8.399999999999999,0.852640165,0.522498564,0.0
143.6873306,86.17518569,-2.0,0.852640165,0.522498564,0.0
143.6873306,86.17518569,-5.199999999999996,0.852640165,0.522498564,0.0
145.359326,83.44673717,-2.0,0.852640165,0.522498564,0.0
143.6873306,86.17518569,-18.0,0.852640165,0.522498564,0.0
145.359326,83.44673717,-5.199999999999996,0.852640165,0.522498564,0.0
145.359326,83.44673717,-8.399999999999999,0.852640165,0.522498564,0.0
145.359326,83.44673717,-11.6,0.852640165,0.522498564,0.0
147.0313214,80.71828864,-5.199999999999996,0.852640165,0.522498564,0.0
147.0313214,80.71828864,-2.0,0.852640165,0.522498564,0.0
148.7033168,77.98984011,-2.0,0.852640165,0.522498564,0.0
147.0313214,80.71828864,-11.6,0.852640165,0.522498564,0.0
148.7033168,77.98984011,-5.199999999999996,0.852640165,0.522498564,0.0
147.0313214,80.71828864,-8.399999999999999,0.852640165,0.522498564,0.0
148.7033168,77.98984011,-11.6,0.852640165,0.522498564,0.0
148.7033168,77.98984011,-8.399999999999999,0.852640165,0.522498564,0.0
145.359326,83.44673717,-21.2,0.852640165,0.522498564,0.0
147.0313214,80.71828864,-21.2,0.852640165,0.522498564,0.0
147.0313214,80.71828864,-24.4,0.852640165,0.522498564,0.0
147.0313214,80.71828864,-14.799999999999995,0.852640165,0.522498564,0.0
147.0313214,80.71828864,-18.0,0.852640165,0.522498564,0.0
148.7033168,77.98984011,-21.2,0.852640165,0.522498564,0.0
148.7033168,77.98984011,-24.4,0.852640165,0.522498564,0.0
145.359326,83.44673717,-24.4,0.852640165,0.522498564,0.0
143.6873306,86.17518569,-24.4,0.852640165,0.522498564,0.0
145.359326,83.44673717,-14.799999999999995,0.852640165,0.522498564,0.0
148.7033168,77.98984011,-18.0,0.852640165,0.522498564,0.0
145.359326,83.44673717,-18.0,0.852640165,0.522498564,0.0
143.6873306,86.17518569,-21.2,0.852640165,0.522498564,0.0
148.7033168,77.98984011,-14.799999999999995,0.852640165,0.522498564,0.0
148.7033168,77.98984011,-38.0,0.852640165,0.522498564,0.0
147.0313214,80.71828864,-38.0,0.852640165,0.522498564,0.0
143.6873306,86.17518569,-34.8,0.852640165,0.522498564,0.0
147.0313214,80.71828864,-34.8,0.852640165,0.522498564,0.0
143.6873306,86.17518569,-38.0,0.852640165,0.522498564,0.0
148.7033168,77.98984011,-31.6,0.852640165,0.522498564,0.0
145.359326,83.44673717,-31.6,0.852640165,0.522498564,0.0
148.7033168,77.98984011,-28.4,0.852640165,0.522498564,0.0
147.0313214,80.71828864,-31.6,0.852640165,0.522498564,0.0
142.0153352,88.90363422,-38.0,0.852640165,0.522498564,0.0
148.7033168,77.98984011,-34.8,0.852640165,0.522498564,0.0
142.0153352,88.90363422,-34.8,0.852640165,0.522498564,0.0
145.359326,83.44673717,-38.0,0.852640165,0.522498564,0.0
145.359326,83.44673717,-28.4,0.852640165,0.522498564,0.0
145.359326,83.44673717,-34.8,0.852640165,0.522498564,0.0
147.0313214,80.71828864,-28.4,0.852640165,0.522498564,0.0
148.7033168,77.98984011,-41.2,0.852640165,0.522498564,0.0
148.7033168,77.98984011,-47.6,0.852640165,0.522498564,0.0
148.7033168,77.98984011,-44.4,0.852640165,0.522498564,0.0
148.7033168,77.98984011,-50.8,0.852640165,0.522498564,0.0
147.0313214,80.71828864,-44.4,0.852640165,0.522498564,0.0
147.0313214,80.71828864,-41.2,0.852640165,0.522498564,0.0
147.0313214,80.71828864,-47.6,0.852640165,0.522498564,0.0
147.0313214,80.71828864,-50.8,0.852640165,0.522498564,0.0
145.359326,83.44673717,-41.2,0.852640165,0.522498564,0.0
145.359326,83.44673717,-47.6,0.852640165,0.522498564,0.0
145.359326,83.44673717,-44.4,0.852640165,0.522498564,0.0
143.6873306,86.17518569,-31.6,0.852640165,0.522498564,0.0
145.359326,83.44673717,-50.8,0.852640165,0.522498564,0.0
143.6873306,86.17518569,-50.8,0.852640165,0.522498564,0.0
143.6873306,86.17518569,-47.6,0.852640165,0.522498564,0.0
143.6873306,86.17518569,-41.2,0.852640165,0.522498564,0.0
143.6873306,86.17518569,-44.4,0.852640165,0.522498564,0.0
142.0153352,88.90363422,-44.4,0.852640165,0.522498564,0.0
142.0153352,88.90363422,-47.6,0.852640165,0.522498564,0.0
142.0153352,88.90363422,-41.2,0.852640165,0.522498564,0.0
142.0153352,88.90363422,-50.8,0.852640165,0.522498564,0.0
140.3433398,91.63208275,-50.8,0.852640165,0.522498564,0.0
143.6873306,86.17518569,-28.4,0.852640165,0.522498564,0.0
140.3433398,91.63208275,-47.6,0.852640165,0.522498564,0.0
138.6713444,94.36053127,-50.8,0.852640165,0.522498564,0.0
140.3433398,91.63208275,-44.4,0.852640165,0.522498564,0.0
138.6713444,94.36053127,-47.6,0.852640165,0.522498564,0.0
140.3433398,91.63208275,-41.2,0.852640165,0.522498564,0.0
136.999349,97.0889798,-50.8,0.852640165,0.522498564,0.0
138.6713444,94.36053127,-44.4,0.852640165,0.522498564,0.0
136.999349,97.0889798,-47.6,0.852640165,0.522498564,0.0
138.6713444,94.36053127,-41.2,0.852640165,0.522498564,0.0
136.999349,97.0889798,-44.4,0.852640165,0.522498564,0.0
136.999349,97.0889798,-41.2,0.852640165,0.522498564,0.0
140.3433398,91.63208275,-28.4,0.852640165,0.522498564,0.0
138.6713444,94.36053127,-34.8,0.852640165,0.522498564,0.0
138.6713444,94.36053127,-28.4,0.852640165,0.522498564,0.0
138.6713444,94.36053127,-38.0,0.852640165,0.522498564,0.0
138.6713444,94.36053127,-31.6,0.852640165,0.522498564,0.0
136.999349,97.0889798,-31.6,0.852640165,0.522498564,0.0
136.999349,97.0889798,-28.4,0.852640165,0.522498564,0.0
140.3433398,91.63208275,-31.6,0.852640165,0.522498564,0.0
142.0153352,88.90363422,-31.6,0.852640165,0.522498564,0.0
140.3433398,91.63208275,-38.0,0.852640165,0.522498564,0.0
136.999349,97.0889798,-34.8,0.852640165,0.522498564,0.0
140.3433398,91.63208275,-34.8,0.852640165,0.522498564,0.0
142.0153352,88.90363422,-28.4,0.852640165,0.522498564,0.0
136.999349,97.0889798,-38.0,0.852640165,0.522498564,0.0
150.5007222,74.46223351,-14.799999999999995,0.923879533,0.382683432,0.0
151.7253092,71.50581901,-14.799999999999995,0.923879533,0.382683432,0.0
152.9498962,68.5494045,-24.4,0.923879533,0.382683432,0.0
150.5007222,74.46223351,-18.0,0.923879533,0.382683432,0.0
154.1744832,65.59299,-18.0,0.923879533,0.382683432,0.0
152.9498962,68.5494045,-18.0,0.923879533,0.382683432,0.0
154.1744832,65.59299,-14.799999999999995,0.923879533,0.382683432,0.0
150.5007222,74.46223351,-24.4,0.923879533,0.382683432,0.0
151.7253092,71.50581901,-21.2,0.923879533,0.382683432,0.0
154.1744832,65.59299,-24.4,0.923879533,0.382683432,0.0
151.7253092,71.50581901,-18.0,0.923879533,0.382683432,0.0
154.1744832,65.59299,-21.2,0.923879533,0.382683432,0.0
152.9498962,68.5494045,-14.799999999999995,0.923879533,0.382683432,0.0
152.9498962,68.5494045,-21.2,0.923879533,0.382683432,0.0
150.5007222,74.46223351,-21.2,0.923879533,0.382683432,0.0
151.7253092,71.50581901,-24.4,0.923879533,0.382683432,0.0
150.5007222,74.46223351,-11.6,0.923879533,0.382683432,0.0
151.7253092,71.50581901,-11.6,0.923879533,0.382683432,0.0
150.5007222,74.46223351,-8.399999999999999,0.923879533,0.382683432,0.0
151.7253092,71.50581901,-8.399999999999999,0.923879533,0.382683432,0.0
150.5007222,74.46223351,-2.0,0.923879533,0.382683432,0.0
150.5007222,74.46223351,-5.199999999999996,0.923879533,0.382683432,0.0
151.7253092,71.50581901,-2.0,0.923879533,0.382683432,0.0
151.7253092,71.50581901,-5.199999999999996,0.923879533,0.382683432,0.0
152.9498962,68.5494045,-11.6,0.923879533,0.382683432,0.0
152.9498962,68.5494045,-5.199999999999996,0.923879533,0.382683432,0.0
152.9498962,68.5494045,-8.399999999999999,0.923879533,0.382683432,0.0
155.3990702,62.63657549,-14.799999999999995,0.923879533,0.382683432,0.0
152.9498962,68.5494045,-2.0,0.923879533,0.382683432,0.0
154.1744832,65.59299,-11.6,0.923879533,0.382683432,0.0
154.1744832,65.59299,-2.0,0.923879533,0.382683432,0.0
154.1744832,65.59299,-5.199999999999996,0.923879533,0.382683432,0.0
154.1744832,65.59299,-8.399999999999999,0.923879533,0.382683432,0.0
155.3990702,62.63657549,-11.6,0.923879533,0.382683432,0.0
155.3990702,62.63657549,-8.399999999999999,0.923879533,0.382683432,0.0
155.3990702,62.63657549,-2.0,0.923879533,0.382683432,0.0
155.3990702,62.63657549,-5.199999999999996,0.923879533,0.382683432,0.0
156.6236571,59.68016099,-2.0,0.923879533,0.382683432,0.0
155.3990702,62.63657549,-18.0,0.923879533,0.382683432,0.0
156.6236571,59.68016099,-5.199999999999996,0.923879533,0.382683432,0.0
156.6236571,59.68016099,-8.399999999999999,0.923879533,0.382683432,0.0
156.6236571,59.68016099,-11.6,0.923879533,0.382683432,0.0
157.8482441,56.72374648,-5.199999999999996,0.923879533,0.382683432,0.0
157.8482441,56.72374648,-2.0,0.923879533,0.382683432,0.0
159.0728311,53.76733198,-2.0,0.923879533,0.382683432,0.0
157.8482441,56.72374648,-11.6,0.923879533,0.382683432,0.0
159.0728311,53.76733198,-5.199999999999996,0.923879533,0.382683432,0.0
157.8482441,56.72374648,-8.399999999999999,0.923879533,0.382683432,0.0
159.0728311,53.76733198,-11.6,0.923879533,0.382683432,0.0
159.0728311,53.76733198,-8.399999999999999,0.923879533,0.382683432,0.0
156.6236571,59.68016099,-21.2,0.923879533,0.382683432,0.0
157.8482441,56.72374648,-21.2,0.923879533,0.382683432,0.0
157.8482441,56.72374648,-24.4,0.923879533,0.382683432,0.0
157.8482441,56.72374648,-14.799999999999995,0.923879533,0.382683432,0.0
157.8482441,56.72374648,-18.0,0.923879533,0.382683432,0.0
159.0728311,53.76733198,-21.2,0.923879533,0.382683432,0.0
159.0728311,53.76733198,-24.4,0.923879533,0.382683432,0.0
156.6236571,59.68016099,-24.4,0.923879533,0.382683432,0.0
155.3990702,62.63657549,-24.4,0.923879533,0.382683432,0.0
156.6236571,59.68016099,-14.799999999999995,0.923879533,0.382683432,0.0
159.0728311,53.76733198,-18.0,0.923879533,0.382683432,0.0
156.6236571,59.68016099,-18.0,0.923879533,0.382683432,0.0
155.3990702,62.63657549,-21.2,0.923879533,0.382683432,0.0
159.0728311,53.76733198,-14.799999999999995,0.923879533,0.382683432,0.0
159.0728311,53.76733198,-38.0,0.923879533,0.382683432,0.0
157.8482441,56.72374648,-38.0,0.923879533,0.382683432,0.0
155.3990702,62.63657549,-34.8,0.923879533,0.382683432,0.0
157.8482441,56.72374648,-34.8,0.923879533,0.382683432,0.0
155.3990702,62.63657549,-38.0,0.923879533,0.382683432,0.0
159.0728311,53.76733198,-31.6,0.923879533,0.382683432,0.0
156.6236571,59.68016099,-31.6,0.923879533,0.382683432,0.0
159.0728311,53.76733198,-28.4,0.923879533,0.382683432,0.0
157.8482441,56.72374648,-31.6,0.923879533,0.382683432,0.0
154.1744832,65.59299,-38.0,0.923879533,0.382683432,0.0
159.0728311,53.76733198,-34.8,0.923879533,0.382683432,0.0
154.1744832,65.59299,-34.8,0.923879533,0.382683432,0.0
156.6236571,59.68016099,-38.0,0.923879533,0.382683432,0.0
156.6236571,59.68016099,-28.4,0.923879533,0.382683432,0.0
156.6236571,59.68016099,-34.8,0.923879533,0.382683432,0.0
157.8482441,56.72374648,-28.4,0.923879533,0.382683432,0.0
159.0728311,53.76733198,-41.2,0.923879533,0.382683432,0.0
159.0728311,53.76733198,-47.6,0.923879533,0.382683432,0.0
159.0728311,53.76733198,-44.4,0.923879533,0.382683432,0.0
159.0728311,53.76733198,-50.8,0.923879533,0.382683432,0.0
157.8482441,56.72374648,-44.4,0.923879533,0.382683432,0.0
157.8482441,56.72374648,-41.2,0.923879533,0.382683432,0.0
157.8482441,56.72374648,-47.6,0.923879533,0.382683432,0.0
157.8482441,56.72374648,-50.8,0.923879533,0.382683432,0.0
156.6236571,59.68016099,-41.2,0.923879533,0.382683432,0.0
156.6236571,59.68016099,-47.6,0.923879533,0.382683432,0.0
156.6236571,59.68016099,-44.4,0.923879533,0.382683432,0.0
155.3990702,62.63657549,-31.6,0.923879533,0.382683432,0.0
156.6236571,59.68016099,-50.8,0.923879533,0.382683432,0.0
155.3990702,62.63657549,-50.8,0.923879533,0.382683432,0.0
155.3990702,62.63657549,-47.6,0.923879533,0.382683432,0.0
155.3990702,62.63657549,-41.2,0.923879533,0.382683432,0.0
155.3990702,62.63657549,-44.4,0.923879533,0.382683432,0.0
154.1744832,65.59299,-44.4,0.923879533,0.382683432,0.0
154.1744832,65.59299,-47.6,0.923879533,0.382683432,0.0
154.1744832,65.59299,-41.2,0.923879533,0.382683432,0.0
154.1744832,65.59299,-50.8,0.923879533,0.382683432,0.0
152.9498962,68.5494045,-50.8,0.923879533,0.382683432,0.0
155.3990702,62.63657549,-28.4,0.923879533,0.382683432,0.0
152.9498962,68.5494045,-47.6,0.923879533,0.382683432,0.0
151.7253092,71.50581901,-50.8,0.923879533,0.382683432,0.0
152.9498962,68.5494045,-44.4,0.923879533,0.382683432,0.0
151.7253092,71.50581901,-47.6,0.923879533,0.382683432,0.0
152.9498962,68.5494045,-41.2,0.923879533,0.382683432,0.0
150.5007222,74.46223351,-50.8,0.923879533,0.382683432,0.0
151.7253092,71.50581901,-44.4,0.923879533,0.382683432,0.0
150.5007222,74.46223351,-47.6,0.923879533,0.382683432,0.0
151.7253092,71.50581901,-41.2,0.923879533,0.382683432,0.0
150.5007222,74.46223351,-44.4,0.923879533,0.382683432,0.0
150.5007222,74.46223351,-41.2,0.923879533,0.382683432,0.0
152.9498962,68.5494045,-28.4,0.923879533,0.382683432,0.0
151.7253092,71.50581901,-34.8,0.923879533,0.382683432,0.0
151.7253092,71.50581901,-28.4,0.923879533,0.382683432,0.0
151.7253092,71.50581901,-38.0,0.923879533,0.382683432,0.0
151.7253092,71.50581901,-31.6,0.923879533,0.382683432,0.0
150.5007222,74.46223351,-31.6,0.923879533,0.382683432,0.0
150.5007222,74.46223351,-28.4,0.923879533,0.382683432,0.0
152.9498962,68.5494045,-31.6,0.923879533,0.382683432,0.0
154.1744832,65.59299,-31.6,0.923879533,0.382683432,0.0
152.9498962,68.5494045,-38.0,0.923879533,0.382683432,0.0
150.5007222,74.46223351,-34.8,0.923879533,0.382683432,0.0
152.9498962,68.5494045,-34.8,0.923879533,0.382683432,0.0
154.1744832,65.59299,-28.4,0.923879533,0.382683432,0.0
150.5007222,74.46223351,-38.0,0.923879533,0.382683432,0.0
-159.0728311,53.76733198,-14.79999999999999,-0.923879533,0.382683432,0.0
-157.8482441,56.72374648,-14.79999999999999,-0.923879533,0.382683432,0.0
-156.6236571,59.68016099,-24.4,-0.923879533,0.382683432,0.0
-159.0728311,53.76733198,-17.999999999999993,-0.923879533,0.382683432,0.0
-155.3990702,62.63657549,-17.999999999999993,-0.923879533,0.382683432,0.0
-156.6236571,59.68016099,-17.999999999999993,-0.923879533,0.382683432,0.0
-155.3990702,62.63657549,-14.79999999999999,-0.923879533,0.382683432,0.0
-159.0728311,53.76733198,-24.4,-0.923879533,0.382683432,0.0
-157.8482441,56.72374648,-21.199999999999996,-0.923879533,0.382683432,0.0
-155.3990702,62.63657549,-24.4,-0.923879533,0.382683432,0.0
-157.8482441,56.72374648,-17.999999999999993,-0.923879533,0.382683432,0.0
-155.3990702,62.63657549,-21.199999999999996,-0.923879533,0.382683432,0.0
-156.6236571,59.68016099,-14.79999999999999,-0.923879533,0.382683432,0.0
-156.6236571,59.68016099,-21.199999999999996,-0.923879533,0.382683432,0.0
-159.0728311,53.76733198,-21.199999999999996,-0.923879533,0.382683432,0.0
-157.8482441,56.72374648,-24.4,-0.923879533,0.382683432,0.0
-159.0728311,53.76733198,-11.599999999999994,-0.923879533,0.382683432,0.0
-157.8482441,56.72374648,-11.599999999999994,-0.923879533,0.382683432,0.0
-159.0728311,53.76733198,-8.399999999999999,-0.923879533,0.382683432,0.0
-157.8482441,56.72374648,-8.399999999999999,-0.923879533,0.382683432,0.0
-159.0728311,53.76733198,-2.0,-0.923879533,0.382683432,0.0
-159.0728311,53.76733198,-5.199999999999996,-0.923879533,0.382683432,0.0
-157.8482441,56.72374648,-2.0,-0.923879533,0.382683432,0.0
-157.8482441,56.72374648,-5.199999999999996,-0.923879533,0.382683432,0.0
-156.6236571,59.68016099,-11.599999999999994,-0.923879533,0.382683432,0.0
-156.6236571,59.68016099,-5.199999999999996,-0.923879533,0.382683432,0.0
-156.6236571,59.68016099,-8.399999999999999,-0.923879533,0.382683432,0.0
-154.1744832,65.59299,-14.79999999999999,-0.923879533,0.382683432,0.0
-156.6236571,59.68016099,-2.0,-0.923879533,0.382683432,0.0
-155.3990702,62.63657549,-11.599999999999994,-0.923879533,0.382683432,0.0
-155.3990702,62.63657549,-2.0,-0.923879533,0.382683432,0.0
-155.3990702,62.63657549,-5.199999999999996,-0.923879533,0.382683432,0.0
-155.3990702,62.63657549,-8.399999999999999,-0.923879533,0.382683432,0.0
-154.1744832,65.59299,-11.599999999999994,-0.923879533,0.382683432,0.0
-154.1744832,65.59299,-8.399999999999999,-0.923879533,0.382683432,0.0
-154.1744832,65.59299,-2.0,-0.923879533,0.382683432,0.0
-154.1744832,65.59299,-5.199999999999996,-0.923879533,0.382683432,0.0
-152.9498962,68.5494045,-2.0,-0.923879533,0.382683432,0.0
-154.1744832,65.59299,-17.999999999999993,-0.923879533,0.382683432,0.0
-152.9498962,68.5494045,-5.199999999999996,-0.923879533,0.382683432,0.0
-152.9498962,68.5494045,-8.399999999999999,-0.923879533,0.382683432,0.0
-152.9498962,68.5494045,-11.599999999999994,-0.923879533,0.382683432,0.0
-151.7253092,71.50581901,-5.199999999999996,-0.923879533,0.382683432,0.0
-151.7253092,71.50581901,-2.0,-0.923879533,0.382683432,0.0
-150.5007222,74.46223351,-2.0,-0.923879533,0.382683432,0.0
-151.7253092,71.50581901,-11.599999999999994,-0.923879533,0.382683432,0.0
-150.5007222,74.46223351,-5.199999999999996,-0.923879533,0.382683432,0.0
-151.7253092,71.50581901,-8.399999999999999,-0.923879533,0.382683432,0.0
-150.5007222,74.46223351,-11.599999999999994,-0.923879533,0.382683432,0.0
-150.5007222,74.46223351,-8.399999999999999,-0.923879533,0.382683432,0.0
-152.9498962,68.5494045,-21.199999999999996,-0.923879533,0.382683432,0.0
-151.7253092,71.50581901,-21.199999999999996,-0.923879533,0.382683432,0.0
-151.7253092,71.50581901,-24.4,-0.923879533,0.382683432,0.0
-151.7253092,71.50581901,-14.79999999999999,-0.923879533,0.382683432,0.0
-151.7253092,71.50581901,-17.999999999999993,-0.923879533,0.382683432,0.0
-150.5007222,74.46223351,-21.199999999999996,-0.923879533,0.382683432,0.0
-150.5007222,74.46223351,-24.4,-0.923879533,0.382683432,0.0
-152.9498962,68.5494045,-24.4,-0.923879533,0.382683432,0.0
-154.1744832,65.59299,-24.4,-0.923879533,0.382683432,0.0
-152.9498962,68.5494045,-14.79999999999999,-0.923879533,0.382683432,0.0
-150.5007222,74.46223351,-17.999999999999993,-0.923879533,0.382683432,0.0
-152.9498962,68.5494045,-17.999999999999993,-0.923879533,0.382683432,0.0
-154.1744832,65.59299,-21.199999999999996,-0.923879533,0.382683432,0.0
-150.5007222,74.46223351,-14.79999999999999,-0.923879533,0.382683432,0.0
-150.5007222,74.46223351,-37.99999999999999,-0.923879533,0.382683432,0.0
-151.7253092,71.50581901,-37.99999999999999,-0.923879533,0.382683432,0.0
-154.1744832,65.59299,-34.79999999999999,-0.923879533,0.382683432,0.0
-151.7253092,71.50581901,-34.79999999999999,-0.923879533,0.382683432,0.0
-154.1744832,65.59299,-37.99999999999999,-0.923879533,0.382683432,0.0
-150.5007222,74.46223351,-31.599999999999998,-0.923879533,0.382683432,0.0
-152.9498962,68.5494045,-31.599999999999998,-0.923879533,0.382683432,0.0
-150.5007222,74.46223351,-28.4,-0.923879533,0.382683432,0.0
-151.7253092,71.50581901,-31.599999999999998,-0.923879533,0.382683432,0.0
-155.3990702,62.63657549,-37.99999999999999,-0.923879533,0.382683432,0.0
-150.5007222,74.46223351,-34.79999999999999,-0.923879533,0.382683432,0.0
-155.3990702,62.63657549,-34.79999999999999,-0.923879533,0.382683432,0.0
-152.9498962,68.5494045,-37.99999999999999,-0.923879533,0.382683432,0.0
-152.9498962,68.5494045,-28.4,-0.923879533,0.382683432,0.0
-152.9498962,68.5494045,-34.79999999999999,-0.923879533,0.382683432,0.0
-151.7253092,71.50581901,-28.4,-0.923879533,0.382683432,0.0
-150.5007222,74.46223351,-41.199999999999996,-0.923879533,0.382683432,0.0
-150.5007222,74.46223351,-47.599999999999994,-0.923879533,0.382683432,0.0
-150.5007222,74.46223351,-44.4,-0.923879533,0.382683432,0.0
-150.5007222,74.46223351,-50.8,-0.923879533,0.382683432,0.0
-151.7253092,71.50581901,-44.4,-0.923879533,0.382683432,0.0
-151.7253092,71.50581901,-41.199999999999996,-0.923879533,0.382683432,0.0
-151.7253092,71.50581901,-47.599999999999994,-0.923879533,0.382683432,0.0
-151.7253092,71.50581901,-50.8,-0.923879533,0.382683432,0.0
-152.9498962,68.5494045,-41.199999999999996,-0.923879533,0.382683432,0.0
-152.9498962,68.5494045,-47.599999999999994,-0.923879533,0.382683432,0.0
-152.9498962,68.5494045,-44.4,-0.923879533,0.382683432,0.0
-154.1744832,65.59299,-31.599999999999998,-0.923879533,0.382683432,0.0
-152.9498962,68.5494045,-50.8,-0.923879533,0.382683432,0.0
-154.1744832,65.59299,-50.8,-0.923879533,0.382683432,0.0
-154.1744832,65.59299,-47.599999999999994,-0.923879533,0.382683432,0.0
-154.1744832,65.59299,-41.199999999999996,-0.923879533,0.382683432,0.0
-154.1744832,65.59299,-44.4,-0.923879533,0.382683432,0.0
-155.3990702,62.63657549,-44.4,-0.923879533,0.382683432,0.0
-155.3990702,62.63657549,-47.599999999999994,-0.923879533,0.382683432,0.0
-155.3990702,62.63657549,-41.199999999999996,-0.923879533,0.382683432,0.0
-155.3990702,62.63657549,-50.8,-0.923879533,0.382683432,0.0
-156.6236571,59.68016099,-50.8,-0.923879533,0.382683432,0.0
-154.1744832,65.59299,-28.4,-0.923879533,0.382683432,0.0
-156.6236571,59.68016099,-47.599999999999994,-0.923879533,0.382683432,0.0
-157.8482441,56.72374648,-50.8,-0.923879533,0.382683432,0.0
-156.6236571,59.68016099,-44.4,-0.923879533,0.382683432,0.0
-157.8482441,56.72374648,-47.599999999999994,-0.923879533,0.382683432,0.0
-156.6236571,59.68016099,-41.199999999999996,-0.923879533,0.382683432,0.0
-159.0728311,53.76733198,-50.8,-0.923879533,0.382683432,0.0
-157.8482441,56.72374648,-44.4,-0.923879533,0.382683432,0.0
-159.0728311,53.76733198,-47.599999999999994,-0.923879533,0.382683432,0.0
-157.8482441,56.72374648,-41.199999999999996,-0.923879533,0.382683432,0.0
-159.0728311,53.76733198,-44.4,-0.923879533,0.382683432,0.0
-159.0728311,53.76733198,-41.199999999999996,-0.923879533,0.382683432,0.0
-156.6236571,59.68016099,-28.4,-0.923879533,0.382683432,0.0
-157.8482441,56.72374648,-34.79999999999999,-0.923879533,0.382683432,0.0
-157.8482441,56.72374648,-28.4,-0.923879533,0.382683432,0.0
-157.8482441,56.72374648,-37.99999999999999,-0.923879533,0.382683432,0.0
-157.8482441,56.72374648,-31.599999999999998,-0.923879533,0.382683432,0.0
-159.0728311,53.76733198,-31.599999999999998,-0.923879533,0.382683432,0.0
-159.0728311,53.76733198,-28.4,-0.923879533,0.382683432,0.0
-156.6236571,59.68016099,-31.599999999999998,-0.923879533,0.382683432,0.0
-155.3990702,62.63657549,-31.599999999999998,-0.923879533,0.382683432,0.0
-156.6236571,59.68016099,-37.99999999999999,-0.923879533,0.382683432,0.0
-159.0728311,53.76733198,-34.79999999999999,-0.923879533,0.382683432,0.0
-156.6236571,59.68016099,-34.79999999999999,-0.923879533,0.382683432,0.0
-155.3990702,62.63657549,-28.4,-0.923879533,0.382683432,0.0
-159.0728311,53.76733198,-37.99999999999999,-0.923879533,0.382683432,0.0
-148.7033168,77.98984011,-14.79999999999999,-0.852640165,0.522498564,0.0
-147.0313214,80.71828864,-14.79999999999999,-0.852640165,0.522498564,0.0
-145.359326,83.44673717,-24.4,-0.852640165,0.522498564,0.0
-148.7033168,77.98984011,-17.999999999999993,-0.852640165,0.522498564,0.0
-143.6873306,86.17518569,-17.999999999999993,-0.852640165,0.522498564,0.0
-145.359326,83.44673717,-17.999999999999993,-0.852640165,0.522498564,0.0
-143.6873306,86.17518569,-14.79999999999999,-0.852640165,0.522498564,0.0
-148.7033168,77.98984011,-24.4,-0.852640165,0.522498564,0.0
-147.0313214,80.71828864,-21.199999999999996,-0.852640165,0.522498564,0.0
-143.6873306,86.17518569,-24.4,-0.852640165,0.522498564,0.0
-147.0313214,80.71828864,-17.999999999999993,-0.852640165,0.522498564,0.0
-143.6873306,86.17518569,-21.199999999999996,-0.852640165,0.522498564,0.0
-145.359326,83.44673717,-14.79999999999999,-0.852640165,0.522498564,0.0
-145.359326,83.44673717,-21.199999999999996,-0.852640165,0.522498564,0.0
-148.7033168,77.98984011,-21.199999999999996,-0.852640165,0.522498564,0.0
-147.0313214,80.71828864,-24.4,-0.852640165,0.522498564,0.0
-148.7033168,77.98984011,-11.599999999999994,-0.852640165,0.522498564,0.0
-147.0313214,80.71828864,-11.599999999999994,-0.852640165,0.522498564,0.0
-148.7033168,77.98984011,-8.399999999999999,-0.852640165,0.522498564,0.0
-147.0313214,80.71828864,-8.399999999999999,-0.852640165,0.522498564,0.0
-148.7033168,77.98984011,-2.0,-0.852640165,0.522498564,0.0
-148.7033168,77.98984011,-5.199999999999996,-0.852640165,0.522498564,0.0
-147.0313214,80.71828864,-2.0,-0.852640165,0.522498564,0.0
-147.0313214,80.71828864,-5.199999999999996,-0.852640165,0.522498564,0.0
-145.359326,83.44673717,-11.599999999999994,-0.852640165,0.522498564,0.0
-145.359326,83.44673717,-5.199999999999996,-0.852640165,0.522498564,0.0
-145.359326,83.44673717,-8.399999999999999,-0.852640165,0.522498564,0.0
-142.0153352,88.90363422,-14.79999999999999,-0.852640165,0.522498564,0.0
-145.359326,83.44673717,-2.0,-0.852640165,0.522498564,0.0
-143.6873306,86.17518569,-11.599999999999994,-0.852640165,0.522498564,0.0
-143.6873306,86.17518569,-2.0,-0.852640165,0.522498564,0.0
-143.6873306,86.17518569,-5.199999999999996,-0.852640165,0.522498564,0.0
-143.6873306,86.17518569,-8.399999999999999,-0.852640165,0.522498564,0.0
-142.0153352,88.90363422,-11.599999999999994,-0.852640165,0.522498564,0.0
-142.0153352,88.90363422,-8.399999999999999,-0.852640165,0.522498564,0.0
-142.0153352,88.90363422,-2.0,-0.852640165,0.522498564,0.0
-142.0153352,88.90363422,-5.199999999999996,-0.852640165,0.522498564,0.0
-140.3433398,91.63208275,-2.0,-0.852640165,0.522498564,0.0
-142.0153352,88.90363422,-17.999999999999993,-0.852640165,0.522498564,0.0
-140.3433398,91.63208275,-5.199999999999996,-0.852640165,0.522498564,0.0
-140.3433398,91.63208275,-8.399999999999999,-0.852640165,0.522498564,0.0
-140.3433398,91.63208275,-11.599999999999994,-0.852640165,0.522498564,0.0
-138.6713444,94.36053127,-5.199999999999996,-0.852640165,0.522498564,0.0
-138.6713444,94.36053127,-2.0,-0.852640165,0.522498564,0.0
-136.999349,97.0889798,-2.0,-0.852640165,0.522498564,0.0
-138.6713444,94.36053127,-11.599999999999994,-0.852640165,0.522498564,0.0
-136.999349,97.0889798,-5.199999999999996,-0.852640165,0.522498564,0.0
-138.6713444,94.36053127,-8.399999999999999,-0.852640165,0.522498564,0.0
-136.999349,97.0889798,-11.599999999999994,-0.852640165,0.522498564,0.0
-136.999349,97.0889798,-8.399999999999999,-0.852640165,0.522498564,0.0
-140.3433398,91.63208275,-21.199999999999996,-0.852640165,0.522498564,0.0
-138.6713444,94.36053127,-21.199999999999996,-0.852640165,0.522498564,0.0
-138.6713444,94.36053127,-24.4,-0.852640165,0.522498564,0.0
-138.6713444,94.36053127,-14.79999999999999,-0.852640165,0.522498564,0.0
-138.6713444,94.36053127,-17.999999999999993,-0.852640165,0.522498564,0.0
-136.999349,97.0889798,-21.199999999999996,-0.852640165,0.522498564,0.0
-136.999349,97.0889798,-24.4,-0.852640165,0.522498564,0.0
-140.3433398,91.63208275,-24.4,-0.852640165,0.522498564,0.0
-142.0153352,88.90363422,-24.4,-0.852640165,0.522498564,0.0
-140.3433398,91.63208275,-14.79999999999999,-0.852640165,0.522498564,0.0
-136.999349,97.0889798,-17.999999999999993,-0.852640165,0.522498564,0.0
-140.3433398,91.63208275,-17.999999999999993,-0.852640165,0.522498564,0.0
-142.0153352,88.90363422,-21.199999999999996,-0.852640165,0.522498564,0.0
-136.999349,97.0889798,-14.79999999999999,-0.852640165,0.522498564,0.0
-136.999349,97.0889798,-37.99999999999999,-0.852640165,0.522498564,0.0
-138.6713444,94.36053127,-37.99999999999999,-0.852640165,0.522498564,0.0
-142.0153352,88.90363422,-34.79999999999999,-0.852640165,0.522498564,0.0
-138.6713444,94.36053127,-34.79999999999999,-0.852640165,0.522498564,0.0
-142.0153352,88.90363422,-37.99999999999999,-0.852640165,0.522498564,0.0
-136.999349,97.0889798,-31.599999999999998,-0.852640165,0.522498564,0.0
-140.3433398,91.63208275,-31.599999999999998,-0.852640165,0.522498564,0.0
-136.999349,97.0889798,-28.4,-0.852640165,0.522498564,0.0
-138.6713444,94.36053127,-31.599999999999998,-0.852640165,0.522498564,0.0
-143.6873306,86.17518569,-37.99999999999999,-0.852640165,0.522498564,0.0
-136.999349,97.0889798,-34.79999999999999,-0.852640165,0.522498564,0.0
-143.6873306,86.17518569,-34.79999999999999,-0.852640165,0.522498564,0.0
-140.3433398,91.63208275,-37.99999999999999,-0.852640165,0.522498564,0.0
-140.3433398,91.63208275,-28.4,-0.852640165,0.522498564,0.0
-140.3433398,91.63208275,-34.79999999999999,-0.852640165,0.522498564,0.0
-138.6713444,94.36053127,-28.4,-0.852640165,0.522498564,0.0
-136.999349,97.0889798,-41.199999999999996,-0.852640165,0.522498564,0.0
-136.999349,97.0889798,-47.599999999999994,-0.852640165,0.522498564,0.0
-136.999349,97.0889798,-44.4,-0.852640165,0.522498564,0.0
-136.999349,97.0889798,-50.8,-0.852640165,0.522498564,0.0
-138.6713444,94.36053127,-44.4,-0.852640165,0.522498564,0.0
-138.6713444,94.36053127,-41.199999999999996,-0.852640165,0.522498564,0.0
-138.6713444,94.36053127,-47.599999999999994,-0.852640165,0.522498564,0.0
-138.6713444,94.36053127,-50.8,-0.852640165,0.522498564,0.0
-140.3433398,91.63208275,-41.199999999999996,-0.852640165,0.522498564,0.0
-140.3433398,91.63208275,-47.599999999999994,-0.852640165,0.522498564,0.0
-140.3433398,91.63208275,-44.4,-0.852640165,0.522498564,0.0
-142.0153352,88.90363422,-31.599999999999998,-0.852640165,0.522498564,0.0
-140.3433398,91.63208275,-50.8,-0.852640165,0.522498564,0.0
-142.0153352,88.90363422,-50.8,-0.852640165,0.522498564,0.0
-142.0153352,88.90363422,-47.599999999999994,-0.852640165,0.522498564,0.0
-142.0153352,88.90363422,-41.199999999999996,-0.852640165,0.522498564,0.0
-142.0153352,88.90363422,-44.4,-0.852640165,0.522498564,0.0
-143.6873306,86.17518569,-44.4,-0.852640165,0.522498564,0.0
-143.6873306,86.17518569,-47.599999999999994,-0.852640165,0.522498564,0.0
-143.6873306,86.17518569,-41.199999999999996,-0.852640165,0.522498564,0.0
-143.6873306,86.17518569,-50.8,-0.852640165,0.522498564,0.0
-145.359326,83.44673717,-50.8,-0.852640165,0.522498564,0.0
-142.0153352,88.90363422,-28.4,-0.852640165,0.522498564,0.0
-145.359326,83.44673717,-47.599999999999994,-0.852640165,0.522498564,0.0
-147.0313214,80.71828864,-50.8,-0.852640165,0.522498564,0.0
-145.359326,83.44673717,-44.4,-0.852640165,0.522498564,0.0
-147.0313214,80.71828864,-47.599999999999994,-0.852640165,0.522498564,0.0
-145.359326,83.44673717,-41.199999999999996,-0.852640165,0.522498564,0.0
-148.7033168,77.98984011,-50.8,-0.852640165,0.522498564,0.0
-147.0313214,80.71828864,-44.4,-0.852640165,0.522498564,0.0
-148.7033168,77.98984011,-47.599999999999994,-0.852640165,0.522498564,0.0
-147.0313214,80.71828864,-41.199999999999996,-0.852640165,0.522498564,0.0
-148.7033168,77.98984011,-44.4,-0.852640165,0.522498564,0.0
-148.7033168,77.98984011,-41.199999999999996,-0.852640165,0.522498564,0.0
-145.359326,83.44673717,-28.4,-0.852640165,0.522498564,0.0
-147.0313214,80.71828864,-34.79999999999999,-0.852640165,0.522498564,0.0
-147.0313214,80.71828864,-28.4,-0.852640165,0.522498564,0.0
-147.0313214,80.71828864,-37.99999999999999,-0.852640165,0.522498564,0.0
-147.0313214,80.71828864,-31.599999999999998,-0.852640165,0.522498564,0.0
-148.7033168,77.98984011,-31.599999999999998,-0.852640165,0.522498564,0.0
-148.7033168,77.98984011,-28.4,-0.852640165,0.522498564,0.0
-145.359326,83.44673717,-31.599999999999998,-0.852640165,0.522498564,0.0
-143.6873306,86.17518569,-31.599999999999998,-0.852640165,0.522498564,0.0
-145.359326,83.44673717,-37.99999999999999,-0.852640165,0.522498564,0.0
-148.7033168,77.98984011,-34.79999999999999,-0.852640165,0.522498564,0.0
-145.359326,83.44673717,-34.79999999999999,-0.852640165,0.522498564,0.0
-143.6873306,86.17518569,-28.4,-0.852640165,0.522498564,0.0
-148.7033168,77.98984011,-37.99999999999999,-0.852640165,0.522498564,0.0
-134.6722333,100.2919796,-14.79999999999999,-0.760405966,0.649448048,0.0
-132.5939996,102.7252786,-14.79999999999999,-0.760405966,0.649448048,0.0
-130.5157658,105.1585777,-24.4,-0.760405966,0.649448048,0.0
-134.6722333,100.2919796,-17.999999999999993,-0.760405966,0.649448048,0.0
-128.4375321,107.5918768,-17.999999999999993,-0.760405966,0.649448048,0.0
-130.5157658,105.1585777,-17.999999999999993,-0.760405966,0.649448048,0.0
-128.4375321,107.5918768,-14.79999999999999,-0.760405966,0.649448048,0.0
-134.6722333,100.2919796,-24.4,-0.760405966,0.649448048,0.0
-132.5939996,102.7252786,-21.199999999999996,-0.760405966,0.649448048,0.0
-128.4375321,107.5918768,-24.4,-0.760405966,0.649448048,0.0
-132.5939996,102.7252786,-17.999999999999993,-0.760405966,0.649448048,0.0
-128.4375321,107.5918768,-21.199999999999996,-0.760405966,0.649448048,0.0
-130.5157658,105.1585777,-14.79999999999999,-0.760405966,0.649448048,0.0
-130.5157658,105.1585777,-21.199999999999996,-0.760405966,0.649448048,0.0
-134.6722333,100.2919796,-21.199999999999996,-0.760405966,0.649448048,0.0
-132.5939996,102.7252786,-24.4,-0.760405966,0.649448048,0.0
-134.6722333,100.2919796,-11.599999999999994,-0.760405966,0.649448048,0.0
-132.5939996,102.7252786,-11.599999999999994,-0.760405966,0.649448048,0.0
-134.6722333,100.2919796,-8.399999999999999,-0.760405966,0.649448048,0.0
-132.5939996,102.7252786,-8.399999999999999,-0.760405966,0.649448048,0.0
-134.6722333,100.2919796,-2.0,-0.760405966,0.649448048,0.0
-134.6722333,100.2919796,-5.199999999999996,-0.760405966,0.649448048,0.0
-132.5939996,102.7252786,-2.0,-0.760405966,0.649448048,0.0
-132.5939996,102.7252786,-5.199999999999996,-0.760405966,0.649448048,0.0
-130.5157658,105.1585777,-11.599999999999994,-0.760405966,0.649448048,0.0
-130.5157658,105.1585777,-5.199999999999996,-0.760405966,0.649448048,0.0
-130.5157658,105.1585777,-8.399999999999999,-0.760405966,0.649448048,0.0
-126.3592983,110.0251759,-14.79999999999999,-0.760405966,0.649448048,0.0
-130.5157658,105.1585777,-2.0,-0.760405966,0.649448048,0.0
-128.4375321,107.5918768,-11.599999999999994,-0.760405966,0.649448048,0.0
-128.4375321,107.5918768,-2.0,-0.760405966,0.649448048,0.0
-128.4375321,107.5918768,-5.199999999999996,-0.760405966,0.649448048,0.0
-128.4375321,107.5918768,-8.399999999999999,-0.760405966,0.649448048,0.0
-126.3592983,110.0251759,-11.599999999999994,-0.760405966,0.649448048,0.0
-126.3592983,110.0251759,-8.399999999999999,-0.760405966,0.649448048,0.0
-126.3592983,110.0251759,-2.0,-0.760405966,0.649448048,0.0
-126.3592983,110.0251759,-5.199999999999996,-0.760405966,0.649448048,0.0
-124.2810645,112.458475,-2.0,-0.760405966,0.649448048,0.0
-126.3592983,110.0251759,-17.999999999999993,-0.760405966,0.649448048,0.0
-124.2810645,112.458475,-5.199999999999996,-0.760405966,0.649448048,0.0
-124.2810645,112.458475,-8.399999999999999,-0.760405966,0.649448048,0.0
-124.2810645,112.458475,-11.599999999999994,-0.760405966,0.649448048,0.0
-122.2028308,114.8917741,-5.199999999999996,-0.760405966,0.649448048,0.0
-122.2028308,114.8917741,-2.0,-0.760405966,0.649448048,0.0
-120.124597,117.3250732,-2.0,-0.760405966,0.649448048,0.0
-122.2028308,114.8917741,-11.599999999999994,-0.760405966,0.649448048,0.0
-120.124597,117.3250732,-5.199999999999996,-0.760405966,0.649448048,0.0
-122.2028308,114.8917741,-8.399999999999999,-0.760405966,0.649448048,0.0
-120.124597,117.3250732,-11.599999999999994,-0.760405966,0.649448048,0.0
-120.124597,117.3250732,-8.399999999999999,-0.760405966,0.649448048,0.0
-124.2810645,112.458475,-21.199999999999996,-0.760405966,0.649448048,0.0
-122.2028308,114.8917741,-21.199999999999996,-0.760405966,0.649448048,0.0
-122.2028308,114.8917741,-24.4,-0.760405966,0.649448048,0.0
-122.2028308,114.8917741,-14.79999999999999,-0.760405966,0.649448048,0.0
-122.2028308,114.8917741,-17.999999999999993,-0.760405966,0.649448048,0.0
-120.124597,117.3250732,-21.199999999999996,-0.760405966,0.649448048,0.0
-120.124597,117.3250732,-24.4,-0.760405966,0.649448048,0.0
-124.2810645,112.458475,-24.4,-0.760405966,0.649448048,0.0
-126.3592983,110.0251759,-24.4,-0.760405966,0.649448048,0.0
-124.2810645,112.458475,-14.79999999999999,-0.760405966,0.649448048,0.0
-120.124597,117.3250732,-17.999999999999993,-0.760405966,0.649448048,0.0
-124.2810645,112.458475,-17.999999999999993,-0.760405966,0.649448048,0.0
-126.3592983,110.0251759,-21.199999999999996,-0.760405966,0.649448048,0.0
-120.124597,117.3250732,-14.79999999999999,-0.760405966,0.649448048,0.0
-120.124597,117.3250732,-37.99999999999999,-0.760405966,0.649448048,0.0
-122.2028308,114.8917741,-37.99999999999999,-0.760405966,0.649448048,0.0
-126.3592983,110.0251759,-34.79999999999999,-0.760405966,0.649448048,0.0
-122.2028308,114.8917741,-34.79999999999999,-0.760405966,0.649448048,0.0
-126.3592983,110.0251759,-37.99999999999999,-0.760405966,0.649448048,0.0
-120.124597,117.3250732,-31.599999999999998,-0.760405966,0.649448048,0.0
-124.2810645,112.458475,-31.599999999999998,-0.760405966,0.649448048,0.0
-120.124597,117.3250732,-28.4,-0.760405966,0.649448048,0.0
-122.2028308,114.8917741,-31.599999999999998,-0.760405966,0.649448048,0.0
-128.4375321,107.5918768,-37.99999999999999,-0.760405966,0.649448048,0.0
-120.124597,117.3250732,-34.79999999999999,-0.760405966,0.649448048,0.0
-128.4375321,107.5918768,-34.79999999999999,-0.760405966,0.649448048,0.0
-124.2810645,112.458475,-37.99999999999999,-0.760405966,0.649448048,0.0
-124.2810645,112.458475,-28.4,-0.760405966,0.649448048,0.0
-124.2810645,112.458475,-34.79999999999999,-0.760405966,0.649448048,0.0
-122.2028308,114.8917741,-28.4,-0.760405966,0.649448048,0.0
-120.124597,117.3250732,-41.199999999999996,-0.760405966,0.649448048,0.0
-120.124597,117.3250732,-47.599999999999994,-0.760405966,0.649448048,0.0
-120.124597,117.3250732,-44.4,-0.760405966,0.649448048,0.0
-120.124597,117.3250732,-50.8,-0.760405966,0.649448048,0.0
-122.2028308,114.8917741,-44.4,-0.760405966,0.649448048,0.0
-122.2028308,114.8917741,-41.199999999999996,-0.760405966,0.649448048,0.0
-122.2028308,114.8917741,-47.599999999999994,-0.760405966,0.649448048,0.0
-122.2028308,114.8917741,-50.8,-0.760405966,0.649448048,0.0
-124.2810645,112.458475,-41.199999999999996,-0.760405966,0.649448048,0.0
-124.2810645,112.458475,-47.599999999999994,-0.760405966,0.649448048,0.0
-124.2810645,112.458475,-44.4,-0.760405966,0.649448048,0.0
-126.3592983,110.0251759,-31.599999999999998,-0.760405966,0.649448048,0.0
-124.2810645,112.458475,-50.8,-0.760405966,0.649448048,0.0
-126.3592983,110.0251759,-50.8,-0.760405966,0.649448048,0.0
-126.3592983,110.0251759,-47.599999999999994,-0.760405966,0.649448048,0.0
-126.3592983,110.0251759,-41.199999999999996,-0.760405966,0.649448048,0.0
-126.3592983,110.0251759,-44.4,-0.760405966,0.649448048,0.0
-128.4375321,107.5918768,-44.4,-0.760405966,0.649448048,0.0
-128.4375321,107.5918768,-47.599999999999994,-0.760405966,0.649448048,0.0
-128.4375321,107.5918768,-41.199999999999996,-0.760405966,0.649448048,0.0
-128.4375321,107.5918768,-50.8,-0.760405966,0.649448048,0.0
-130.5157658,105.1585777,-50.8,-0.760405966,0.649448048,0.0
-126.3592983,110.0251759,-28.4,-0.760405966,0.649448048,0.0
-130.5157658,105.1585777,-47.599999999999994,-0.760405966,0.649448048,0.0
-132.5939996,102.7252786,-50.8,-0.760405966,0.649448048,0.0
-130.5157658,105.1585777,-44.4,-0.760405966,0.649448048,0.0
-132.5939996,102.7252786,-47.599999999999994,-0.760405966,0.649448048,0.0
-130.5157658,105.1585777,-41.199999999999996,-0.760405966,0.649448048,0.0
-134.6722333,100.2919796,-50.8,-0.760405966,0.649448048,0.0
-132.5939996,102.7252786,-44.4,-0.760405966,0.649448048,0.0
-134.6722333,100.2919796,-47.599999999999994,-0.760405966,0.649448048,0.0
-132.5939996,102.7252786,-41.199999999999996,-0.760405966,0.649448048,0.0
-134.6722333,100.2919796,-44.4,-0.760405966,0.649448048,0.0
-134.6722333,100.2919796,-41.199999999999996,-0.760405966,0.649448048,0.0
-130.5157658,105.1585777,-28.4,-0.760405966,0.649448048,0.0
-132.5939996,102.7252786,-34.79999999999999,-0.760405966,0.649448048,0.0
-132.5939996,102.7252786,-28.4,-0.760405966,0.649448048,0.0
-132.5939996,102.7252786,-37.99999999999999,-0.760405966,0.649448048,0.0
-132.5939996,102.7252786,-31.599999999999998,-0.760405966,0.649448048,0.0
-134.6722333,100.2919796,-31.599999999999998,-0.760405966,0.649448048,0.0
-134.6722333,100.2919796,-28.4,-0.760405966,0.649448048,0.0
-130.5157658,105.1585777,-31.599999999999998,-0.760405966,0.649448048,0.0
-128.4375321,107.5918768,-31.599999999999998,-0.760405966,0.649448048,0.0
-130.5157658,105.1585777,-37.99999999999999,-0.760405966,0.649448048,0.0
-134.6722333,100.2919796,-34.79999999999999,-0.760405966,0.649448048,0.0
-130.5157658,105.1585777,-34.79999999999999,-0.760405966,0.649448048,0.0
-128.4375321,107.5918768,-28.4,-0.760405966,0.649448048,0.0
-134.6722333,100.2919796,-37.99999999999999,-0.760405966,0.649448048,0.0
-117.3250725,120.1245976,-14.79999999999999,-0.649448049,0.760405965,0.0
-114.8917734,122.2028314,-14.79999999999999,-0.649448049,0.760405965,0.0
-112.4584743,124.2810651,-24.4,-0.649448049,0.760405965,0.0
-117.3250725,120.1245976,-17.999999999999993,-0.649448049,0.760405965,0.0
-110.0251752,126.3592989,-17.999999999999993,-0.649448049,0.760405965,0.0
-112.4584743,124.2810651,-17.999999999999993,-0.649448049,0.760405965,0.0
-110.0251752,126.3592989,-14.79999999999999,-0.649448049,0.760405965,0.0
-117.3250725,120.1245976,-24.4,-0.649448049,0.760405965,0.0
-114.8917734,122.2028314,-21.199999999999996,-0.649448049,0.760405965,0.0
-110.0251752,126.3592989,-24.4,-0.649448049,0.760405965,0.0
-114.8917734,122.2028314,-17.999999999999993,-0.649448049,0.760405965,0.0
-110.0251752,126.3592989,-21.199999999999996,-0.649448049,0.760405965,0.0
-112.4584743,124.2810651,-14.79999999999999,-0.649448049,0.760405965,0.0
-112.4584743,124.2810651,-21.199999999999996,-0.649448049,0.760405965,0.0
-117.3250725,120.1245976,-21.199999999999996,-0.649448049,0.760405965,0.0
-114.8917734,122.2028314,-24.4,-0.649448049,0.760405965,0.0
-117.3250725,120.1245976,-11.599999999999994,-0.649448049,0.760405965,0.0
-114.8917734,122.2028314,-11.599999999999994,-0.649448049,0.760405965,0.0
-117.3250725,120.1245976,-8.399999999999999,-0.649448049,0.760405965,0.0
-114.8917734,122.2028314,-8.399999999999999,-0.649448049,0.760405965,0.0
-117.3250725,120.1245976,-2.0,-0.649448049,0.760405965,0.0
-117.3250725,120.1245976,-5.199999999999996,-0.649448049,0.760405965,0.0
-114.8917734,122.2028314,-2.0,-0.649448049,0.760405965,0.0
-114.8917734,122.2028314,-5.199999999999996,-0.649448049,0.760405965,0.0
-112.4584743,124.2810651,-11.599999999999994,-0.649448049,0.760405965,0.0
-112.4584743,124.2810651,-5.199999999999996,-0.649448049,0.760405965,0.0
-112.4584743,124.2810651,-8.399999999999999,-0.649448049,0.760405965,0.0
-107.5918761,128.4375326,-14.79999999999999,-0.649448049,0.760405965,0.0
-112.4584743,124.2810651,-2.0,-0.649448049,0.760405965,0.0
-110.0251752,126.3592989,-11.599999999999994,-0.649448049,0.760405965,0.0
-110.0251752,126.3592989,-2.0,-0.649448049,0.760405965,0.0
-110.0251752,126.3592989,-5.199999999999996,-0.649448049,0.760405965,0.0
-110.0251752,126.3592989,-8.399999999999999,-0.649448049,0.760405965,0.0
-107.5918761,128.4375326,-11.599999999999994,-0.649448049,0.760405965,0.0
-107.5918761,128.4375326,-8.399999999999999,-0.649448049,0.760405965,0.0
-107.5918761,128.4375326,-2.0,-0.649448049,0.760405965,0.0
-107.5918761,128.4375326,-5.199999999999996,-0.649448049,0.760405965,0.0
-105.1585771,130.5157664,-2.0,-0.649448049,0.760405965,0.0
-107.5918761,128.4375326,-17.999999999999993,-0.649448049,0.760405965,0.0
-105.1585771,130.5157664,-5.199999999999996,-0.649448049,0.760405965,0.0
-105.1585771,130.5157664,-8.399999999999999,-0.649448049,0.760405965,0.0
-105.1585771,130.5157664,-11.599999999999994,-0.649448049,0.760405965,0.0
-102.725278,132.5940002,-5.199999999999996,-0.649448049,0.760405965,0.0
-102.725278,132.5940002,-2.0,-0.649448049,0.760405965,0.0
-100.2919789,134.6722339,-2.0,-0.649448049,0.760405965,0.0
-102.725278,132.5940002,-11.599999999999994,-0.649448049,0.760405965,0.0
-100.2919789,134.6722339,-5.199999999999996,-0.649448049,0.760405965,0.0
-102.725278,132.5940002,-8.399999999999999,-0.649448049,0.760405965,0.0
-100.2919789,134.6722339,-11.599999999999994,-0.649448049,0.760405965,0.0
-100.2919789,134.6722339,-8.399999999999999,-0.649448049,0.760405965,0.0
-105.1585771,130.5157664,-21.199999999999996,-0.649448049,0.760405965,0.0
-102.725278,132.5940002,-21.199999999999996,-0.649448049,0.760405965,0.0
-102.725278,132.5940002,-24.4,-0.649448049,0.760405965,0.0
-102.725278,132.5940002,-14.79999999999999,-0.649448049,0.760405965,0.0
-102.725278,132.5940002,-17.999999999999993,-0.649448049,0.760405965,0.0
-100.2919789,134.6722339,-21.199999999999996,-0.649448049,0.760405965,0.0
-100.2919789,134.6722339,-24.4,-0.649448049,0.760405965,0.0
-105.1585771,130.5157664,-24.4,-0.649448049,0.760405965,0.0
-107.5918761,128.4375326,-24.4,-0.649448049,0.760405965,0.0
-105.1585771,130.5157664,-14.79999999999999,-0.649448049,0.760405965,0.0
-100.2919789,134.6722339,-17.999999999999993,-0.649448049,0.760405965,0.0
-105.1585771,130.5157664,-17.999999999999993,-0.649448049,0.760405965,0.0
-107.5918761,128.4375326,-21.199999999999996,-0.649448049,0.760405965,0.0
-100.2919789,134.6722339,-14.79999999999999,-0.649448049,0.760405965,0.0
-100.2919789,134.6722339,-37.99999999999999,-0.649448049,0.760405965,0.0
-102.725278,132.5940002,-37.99999999999999,-0.649448049,0.760405965,0.0
-107.5918761,128.4375326,-34.79999999999999,-0.649448049,0.760405965,0.0
-102.725278,132.5940002,-34.79999999999999,-0.649448049,0.760405965,0.0
-107.5918761,128.4375326,-37.99999999999999,-0.649448049,0.760405965,0.0
-100.2919789,134.6722339,-31.599999999999998,-0.649448049,0.760405965,0.0
-105.1585771,130.5157664,-31.599999999999998,-0.649448049,0.760405965,0.0
-100.2919789,134.6722339,-28.4,-0.649448049,0.760405965,0.0
-102.725278,132.5940002,-31.599999999999998,-0.649448049,0.760405965,0.0
-110.0251752,126.3592989,-37.99999999999999,-0.649448049,0.760405965,0.0
-100.2919789,134.6722339,-34.79999999999999,-0.649448049,0.760405965,0.0
-110.0251752,126.3592989,-34.79999999999999,-0.649448049,0.760405965,0.0
-105.1585771,130.5157664,-37.99999999999999,-0.649448049,0.760405965,0.0
-105.1585771,130.5157664,-28.4,-0.649448049,0.760405965,0.0
-105.1585771,130.5157664,-34.79999999999999,-0.649448049,0.760405965,0.0
-102.725278,132.5940002,-28.4,-0.649448049,0.760405965,0.0
-100.2919789,134.6722339,-41.199999999999996,-0.649448049,0.760405965,0.0
-100.2919789,134.6722339,-47.599999999999994,-0.649448049,0.760405965,0.0
-100.2919789,134.6722339,-44.4,-0.649448049,0.760405965,0.0
-100.2919789,134.6722339,-50.8,-0.649448049,0.760405965,0.0
-102.725278,132.5940002,-44.4,-0.649448049,0.760405965,0.0
-102.725278,132.5940002,-41.199999999999996,-0.649448049,0.760405965,0.0
-102.725278,132.5940002,-47.599999999999994,-0.649448049,0.760405965,0.0
-102.725278,132.5940002,-50.8,-0.649448049,0.760405965,0.0
-105.1585771,130.5157664,-41.199999999999996,-0.649448049,0.760405965,0.0
-105.1585771,130.5157664,-47.599999999999994,-0.649448049,0.760405965,0.0
-105.1585771,130.5157664,-44.4,-0.649448049,0.760405965,0.0
-107.5918761,128.4375326,-31.599999999999998,-0.649448049,0.760405965,0.0
-105.1585771,130.5157664,-50.8,-0.649448049,0.760405965,0.0
-107.5918761,128.4375326,-50.8,-0.649448049,0.760405965,0.0
-107.5918761,128.4375326,-47.599999999999994,-0.649448049,0.760405965,0.0
-107.5918761,128.4375326,-41.199999999999996,-0.649448049,0.760405965,0.0
-107.5918761,128.4375326,-44.4,-0.649448049,0.760405965,0.0
-110.0251752,126.3592989,-44.4,-0.649448049,0.760405965,0.0
-110.0251752,126.3592989,-47.599999999999994,-0.649448049,0.760405965,0.0
-110.0251752,126.3592989,-41.199999999999996,-0.649448049,0.760405965,0.0
-110.0251752,126.3592989,-50.8,-0.649448049,0.760405965,0.0
-112.4584743,124.2810651,-50.8,-0.649448049,0.760405965,0.0
-107.5918761,128.4375326,-28.4,-0.649448049,0.760405965,0.0
-112.4584743,124.2810651,-47.599999999999994,-0.649448049,0.760405965,0.0
-114.8917734,122.2028314,-50.8,-0.649448049,0.760405965,0.0
-112.4584743,124.2810651,-44.4,-0.649448049,0.760405965,0.0
-114.8917734,122.2028314,-47.599999999999994,-0.649448049,0.760405965,0.0
-112.4584743,124.2810651,-41.199999999999996,-0.649448049,0.760405965,0.0
-117.3250725,120.1245976,-50.8,-0.649448049,0.760405965,0.0
-114.8917734,122.2028314,-44.4,-0.649448049,0.760405965,0.0
-117.3250725,120.1245976,-47.599999999999994,-0.649448049,0.760405965,0.0
-114.8917734,122.2028314,-41.199999999999996,-0.649448049,0.760405965,0.0
-117.3250725,120.1245976,-44.4,-0.649448049,0.760405965,0.0
-117.3250725,120.1245976,-41.199999999999996,-0.649448049,0.760405965,0.0
-112.4584743,124.2810651,-28.4,-0.649448049,0.760405965,0.0
-114.8917734,122.2028314,-34.79999999999999,-0.649448049,0.760405965,0.0
-114.8917734,122.2028314,-28.4,-0.649448049,0.760405965,0.0
-114.8917734,122.2028314,-37.99999999999999,-0.649448049,0.760405965,0.0
-114.8917734,122.2028314,-31.599999999999998,-0.649448049,0.760405965,0.0
-117.3250725,120.1245976,-31.599999999999998,-0.649448049,0.760405965,0.0
-117.3250725,120.1245976,-28.4,-0.649448049,0.760405965,0.0
-112.4584743,124.2810651,-31.599999999999998,-0.649448049,0.760405965,0.0
-110.0251752,126.3592989,-31.599999999999998,-0.649448049,0.760405965,0.0
-112.4584743,124.2810651,-37.99999999999999,-0.649448049,0.760405965,0.0
-117.3250725,120.1245976,-34.79999999999999,-0.649448049,0.760405965,0.0
-112.4584743,124.2810651,-34.79999999999999,-0.649448049,0.760405965,0.0
-110.0251752,126.3592989,-28.4,-0.649448049,0.760405965,0.0
-117.3250725,120.1245976,-37.99999999999999,-0.649448049,0.760405965,0.0
-117.3250725,120.1245976,38.0,-0.649448049,0.760405965,0.0
-114.8917734,122.2028314,38.0,-0.649448049,0.760405965,0.0
-112.4584743,124.2810651,28.4,-0.649448049,0.760405965,0.0
-117.3250725,120.1245976,34.8,-0.649448049,0.760405965,0.0
-110.0251752,126.3592989,34.8,-0.649448049,0.760405965,0.0
-112.4584743,124.2810651,34.8,-0.649448049,0.760405965,0.0
-110.0251752,126.3592989,38.0,-0.649448049,0.760405965,0.0
-117.3250725,120.1245976,28.4,-0.649448049,0.760405965,0.0
-114.8917734,122.2028314,31.599999999999998,-0.649448049,0.760405965,0.0
-110.0251752,126.3592989,28.4,-0.649448049,0.760405965,0.0
-114.8917734,122.2028314,34.8,-0.649448049,0.760405965,0.0
-110.0251752,126.3592989,31.599999999999998,-0.649448049,0.760405965,0.0
-112.4584743,124.2810651,38.0,-0.649448049,0.760405965,0.0
-112.4584743,124.2810651,31.599999999999998,-0.649448049,0.760405965,0.0
-117.3250725,120.1245976,31.599999999999998,-0.649448049,0.760405965,0.0
-114.8917734,122.2028314,28.4,-0.649448049,0.760405965,0.0
-117.3250725,120.1245976,41.199999999999996,-0.649448049,0.760405965,0.0
-114.8917734,122.2028314,41.199999999999996,-0.649448049,0.760405965,0.0
-117.3250725,120.1245976,44.4,-0.649448049,0.760405965,0.0
-114.8917734,122.2028314,44.4,-0.649448049,0.760405965,0.0
-117.3250725,120.1245976,50.8,-0.649448049,0.760405965,0.0
-117.3250725,120.1245976,47.6,-0.649448049,0.760405965,0.0
-114.8917734,122.2028314,50.8,-0.649448049,0.760405965,0.0
-114.8917734,122.2028314,47.6,-0.649448049,0.760405965,0.0
-112.4584743,124.2810651,41.199999999999996,-0.649448049,0.760405965,0.0
-112.4584743,124.2810651,47.6,-0.649448049,0.760405965,0.0
-112.4584743,124.2810651,44.4,-0.649448049,0.760405965,0.0
-107.5918761,128.4375326,38.0,-0.649448049,0.760405965,0.0
-112.4584743,124.2810651,50.8,-0.649448049,0.760405965,0.0
-110.0251752,126.3592989,41.199999999999996,-0.649448049,0.760405965,0.0
-110.0251752,126.3592989,50.8,-0.649448049,0.760405965,0.0
-110.0251752,126.3592989,47.6,-0.649448049,0.760405965,0.0
-110.0251752,126.3592989,44.4,-0.649448049,0.760405965,0.0
-107.5918761,128.4375326,41.199999999999996,-0.649448049,0.760405965,0.0
-107.5918761,128.4375326,44.4,-0.649448049,0.760405965,0.0
-107.5918761,128.4375326,50.8,-0.649448049,0.760405965,0.0
-107.5918761,128.4375326,47.6,-0.649448049,0.760405965,0.0
-105.1585771,130.5157664,50.8,-0.649448049,0.760405965,0.0
-107.5918761,128.4375326,34.8,-0.649448049,0.760405965,0.0
-105.1585771,130.5157664,47.6,-0.649448049,0.760405965,0.0
-105.1585771,130.5157664,44.4,-0.649448049,0.760405965,0.0
-105.1585771,130.5157664,41.199999999999996,-0.649448049,0.760405965,0.0
-102.725278,132.5940002,47.6,-0.649448049,0.760405965,0.0
-102.725278,132.5940002,50.8,-0.649448049,0.760405965,0.0
-100.2919789,134.6722339,50.8,-0.649448049,0.760405965,0.0
-102.725278,132.5940002,41.199999999999996,-0.649448049,0.760405965,0.0
-100.2919789,134.6722339,47.6,-0.649448049,0.760405965,0.0
-102.725278,132.5940002,44.4,-0.649448049,0.760405965,0.0
-100.2919789,134.6722339,41.199999999999996,-0.649448049,0.760405965,0.0
-100.2919789,134.6722339,44.4,-0.649448049,0.760405965,0.0
-105.1585771,130.5157664,31.599999999999998,-0.649448049,0.760405965,0.0
-102.725278,132.5940002,31.599999999999998,-0.649448049,0.760405965,0.0
-102.725278,132.5940002,28.4,-0.649448049,0.760405965,0.0
-102.725278,132.5940002,38.0,-0.649448049,0.760405965,0.0
-102.725278,132.5940002,34.8,-0.649448049,0.760405965,0.0
-100.2919789,134.6722339,31.599999999999998,-0.649448049,0.760405965,0.0
-100.2919789,134.6722339,28.4,-0.649448049,0.760405965,0.0
-105.1585771,130.5157664,28.4,-0.649448049,0.760405965,0.0
-107.5918761,128.4375326,28.4,-0.649448049,0.760405965,0.0
-105.1585771,130.5157664,38.0,-0.649448049,0.760405965,0.0
-100.2919789,134.6722339,34.8,-0.649448049,0.760405965,0.0
-105.1585771,130.5157664,34.8,-0.649448049,0.760405965,0.0
-107.5918761,128.4375326,31.599999999999998,-0.649448049,0.760405965,0.0
-100.2919789,134.6722339,38.0,-0.649448049,0.760405965,0.0
-100.2919789,134.6722339,14.799999999999997,-0.649448049,0.760405965,0.0
-102.725278,132.5940002,14.799999999999997,-0.649448049,0.760405965,0.0
-107.5918761,128.4375326,18.0,-0.649448049,0.760405965,0.0
-102.725278,132.5940002,18.0,-0.649448049,0.760405965,0.0
-107.5918761,128.4375326,14.799999999999997,-0.649448049,0.760405965,0.0
-100.2919789,134.6722339,21.199999999999996,-0.649448049,0.760405965,0.0
-105.1585771,130.5157664,21.199999999999996,-0.649448049,0.760405965,0.0
-100.2919789,134.6722339,24.4,-0.649448049,0.760405965,0.0
-102.725278,132.5940002,21.199999999999996,-0.649448049,0.760405965,0.0
-110.0251752,126.3592989,14.799999999999997,-0.649448049,0.760405965,0.0
-100.2919789,134.6722339,18.0,-0.649448049,0.760405965,0.0
-110.0251752,126.3592989,18.0,-0.649448049,0.760405965,0.0
-105.1585771,130.5157664,14.799999999999997,-0.649448049,0.760405965,0.0
-105.1585771,130.5157664,24.4,-0.649448049,0.760405965,0.0
-105.1585771,130.5157664,18.0,-0.649448049,0.760405965,0.0
-102.725278,132.5940002,24.4,-0.649448049,0.760405965,0.0
-100.2919789,134.6722339,11.599999999999994,-0.649448049,0.760405965,0.0
-100.2919789,134.6722339,5.199999999999996,-0.649448049,0.760405965,0.0
-100.2919789,134.6722339,8.399999999999999,-0.649448049,0.760405965,0.0
-100.2919789,134.6722339,2.0,-0.649448049,0.760405965,0.0
-102.725278,132.5940002,8.399999999999999,-0.649448049,0.760405965,0.0
-102.725278,132.5940002,11.599999999999994,-0.649448049,0.760405965,0.0
-102.725278,132.5940002,5.199999999999996,-0.649448049,0.760405965,0.0
-102.725278,132.5940002,2.0,-0.649448049,0.760405965,0.0
-105.1585771,130.5157664,11.599999999999994,-0.649448049,0.760405965,0.0
-105.1585771,130.5157664,5.199999999999996,-0.649448049,0.760405965,0.0
-105.1585771,130.5157664,8.399999999999999,-0.649448049,0.760405965,0.0
-107.5918761,128.4375326,21.199999999999996,-0.649448049,0.760405965,0.0
-105.1585771,130.5157664,2.0,-0.649448049,0.760405965,0.0
-107.5918761,128.4375326,2.0,-0.649448049,0.760405965,0.0
-107.5918761,128.4375326,5.199999999999996,-0.649448049,0.760405965,0.0
-107.5918761,128.4375326,11.599999999999994,-0.649448049,0.760405965,0.0
-107.5918761,128.4375326,8.399999999999999,-0.649448049,0.760405965,0.0
-110.0251752,126.3592989,8.399999999999999,-0.649448049,0.760405965,0.0
-110.0251752,126.3592989,5.199999999999996,-0.649448049,0.760405965,0.0
-110.0251752,126.3592989,11.599999999999994,-0.649448049,0.760405965,0.0
-110.0251752,126.3592989,2.0,-0.649448049,0.760405965,0.0
-112.4584743,124.2810651,2.0,-0.649448049,0.760405965,0.0
-107.5918761,128.4375326,24.4,-0.649448049,0.760405965,0.0
-112.4584743,124.2810651,5.199999999999996,-0.649448049,0.760405965,0.0
-114.8917734,122.2028314,2.0,-0.649448049,0.760405965,0.0
-112.4584743,124.2810651,8.399999999999999,-0.649448049,0.760405965,0.0
-114.8917734,122.2028314,5.199999999999996,-0.649448049,0.760405965,0.0
-112.4584743,124.2810651,11.599999999999994,-0.649448049,0.760405965,0.0
-117.3250725,120.1245976,2.0,-0.649448049,0.760405965,0.0
-114.8917734,122.2028314,8.399999999999999,-0.649448049,0.760405965,0.0
-117.3250725,120.1245976,5.199999999999996,-0.649448049,0.760405965,0.0
-114.8917734,122.2028314,11.599999999999994,-0.649448049,0.760405965,0.0
-117.3250725,120.1245976,8.399999999999999,-0.649448049,0.760405965,0.0
-117.3250725,120.1245976,11.599999999999994,-0.649448049,0.760405965,0.0
-112.4584743,124.2810651,24.4,-0.649448049,0.760405965,0.0
-114.8917734,122.2028314,18.0,-0.649448049,0.760405965,0.0
-114.8917734,122.2028314,24.4,-0.649448049,0.760405965,0.0
-114.8917734,122.2028314,14.799999999999997,-0.649448049,0.760405965,0.0
-114.8917734,122.2028314,21.199999999999996,-0.649448049,0.760405965,0.0
-117.3250725,120.1245976,21.199999999999996,-0.649448049,0.760405965,0.0
-117.3250725,120.1245976,24.4,-0.649448049,0.760405965,0.0
-112.4584743,124.2810651,21.199999999999996,-0.649448049,0.760405965,0.0
-110.0251752,126.3592989,21.199999999999996,-0.649448049,0.760405965,0.0
-112.4584743,124.2810651,14.799999999999997,-0.649448049,0.760405965,0.0
-117.3250725,120.1245976,18.0,-0.649448049,0.760405965,0.0
-112.4584743,124.2810651,18.0,-0.649448049,0.760405965,0.0
-110.0251752,126.3592989,24.4,-0.649448049,0.760405965,0.0
-117.3250725,120.1245976,14.799999999999997,-0.649448049,0.760405965,0.0
-134.6722333,100.2919796,38.0,-0.760405966,0.649448048,0.0
-132.5939996,102.7252786,38.0,-0.760405966,0.649448048,0.0
-130.5157658,105.1585777,28.4,-0.760405966,0.649448048,0.0
-134.6722333,100.2919796,34.8,-0.760405966,0.649448048,0.0
-128.4375321,107.5918768,34.8,-0.760405966,0.649448048,0.0
-130.5157658,105.1585777,34.8,-0.760405966,0.649448048,0.0
-128.4375321,107.5918768,38.0,-0.760405966,0.649448048,0.0
-134.6722333,100.2919796,28.4,-0.760405966,0.649448048,0.0
-132.5939996,102.7252786,31.599999999999998,-0.760405966,0.649448048,0.0
-128.4375321,107.5918768,28.4,-0.760405966,0.649448048,0.0
-132.5939996,102.7252786,34.8,-0.760405966,0.649448048,0.0
-128.4375321,107.5918768,31.599999999999998,-0.760405966,0.649448048,0.0
-130.5157658,105.1585777,38.0,-0.760405966,0.649448048,0.0
-130.5157658,105.1585777,31.599999999999998,-0.760405966,0.649448048,0.0
-134.6722333,100.2919796,31.599999999999998,-0.760405966,0.649448048,0.0
-132.5939996,102.7252786,28.4,-0.760405966,0.649448048,0.0
-134.6722333,100.2919796,41.199999999999996,-0.760405966,0.649448048,0.0
-132.5939996,102.7252786,41.199999999999996,-0.760405966,0.649448048,0.0
-134.6722333,100.2919796,44.4,-0.760405966,0.649448048,0.0
-132.5939996,102.7252786,44.4,-0.760405966,0.649448048,0.0
-134.6722333,100.2919796,50.8,-0.760405966,0.649448048,0.0
-134.6722333,100.2919796,47.6,-0.760405966,0.649448048,0.0
-132.5939996,102.7252786,50.8,-0.760405966,0.649448048,0.0
-132.5939996,102.7252786,47.6,-0.760405966,0.649448048,0.0
-130.5157658,105.1585777,41.199999999999996,-0.760405966,0.649448048,0.0
-130.5157658,105.1585777,47.6,-0.760405966,0.649448048,0.0
-130.5157658,105.1585777,44.4,-0.760405966,0.649448048,0.0
-126.3592983,110.0251759,38.0,-0.760405966,0.649448048,0.0
-130.5157658,105.1585777,50.8,-0.760405966,0.649448048,0.0
-128.4375321,107.5918768,41.199999999999996,-0.760405966,0.649448048,0.0
-128.4375321,107.5918768,50.8,-0.760405966,0.649448048,0.0
-128.4375321,107.5918768,47.6,-0.760405966,0.649448048,0.0
-128.4375321,107.5918768,44.4,-0.760405966,0.649448048,0.0
-126.3592983,110.0251759,41.199999999999996,-0.760405966,0.649448048,0.0
-126.3592983,110.0251759,44.4,-0.760405966,0.649448048,0.0
-126.3592983,110.0251759,50.8,-0.760405966,0.649448048,0.0
-126.3592983,110.0251759,47.6,-0.760405966,0.649448048,0.0
-124.2810645,112.458475,50.8,-0.760405966,0.649448048,0.0
-126.3592983,110.0251759,34.8,-0.760405966,0.649448048,0.0
-124.2810645,112.458475,47.6,-0.760405966,0.649448048,0.0
-124.2810645,112.458475,44.4,-0.760405966,0.649448048,0.0
-124.2810645,112.458475,41.199999999999996,-0.760405966,0.649448048,0.0
-122.2028308,114.8917741,47.6,-0.760405966,0.649448048,0.0
-122.2028308,114.8917741,50.8,-0.760405966,0.649448048,0.0
-120.124597,117.3250732,50.8,-0.760405966,0.649448048,0.0
-122.2028308,114.8917741,41.199999999999996,-0.760405966,0.649448048,0.0
-120.124597,117.3250732,47.6,-0.760405966,0.649448048,0.0
-122.2028308,114.8917741,44.4,-0.760405966,0.649448048,0.0
-120.124597,117.3250732,41.199999999999996,-0.760405966,0.649448048,0.0
-120.124597,117.3250732,44.4,-0.760405966,0.649448048,0.0
-124.2810645,112.458475,31.599999999999998,-0.760405966,0.649448048,0.0
-122.2028308,114.8917741,31.599999999999998,-0.760405966,0.649448048,0.0
-122.2028308,114.8917741,28.4,-0.760405966,0.649448048,0.0
-122.2028308,114.8917741,38.0,-0.760405966,0.649448048,0.0
-122.2028308,114.8917741,34.8,-0.760405966,0.649448048,0.0
-120.124597,117.3250732,31.599999999999998,-0.760405966,0.649448048,0.0
-120.124597,117.3250732,28.4,-0.760405966,0.649448048,0.0
-124.2810645,112.458475,28.4,-0.760405966,0.649448048,0.0
-126.3592983,110.0251759,28.4,-0.760405966,0.649448048,0.0
-124.2810645,112.458475,38.0,-0.760405966,0.649448048,0.0
-120.124597,117.3250732,34.8,-0.760405966,0.649448048,0.0
-124.2810645,112.458475,34.8,-0.760405966,0.649448048,0.0
-126.3592983,110.0251759,31.599999999999998,-0.760405966,0.649448048,0.0
-120.124597,117.3250732,38.0,-0.760405966,0.649448048,0.0
-120.124597,117.3250732,14.799999999999997,-0.760405966,0.649448048,0.0
-122.2028308,114.8917741,14.799999999999997,-0.760405966,0.649448048,0.0
-126.3592983,110.0251759,18.0,-0.760405966,0.649448048,0.0
-122.2028308,114.8917741,18.0,-0.760405966,0.649448048,0.0
-126.3592983,110.0251759,14.799999999999997,-0.760405966,0.649448048,0.0
-120.124597,117.3250732,21.199999999999996,-0.760405966,0.649448048,0.0
-124.2810645,112.458475,21.199999999999996,-0.760405966,0.649448048,0.0
-120.124597,117.3250732,24.4,-0.760405966,0.649448048,0.0
-122.2028308,114.8917741,21.199999999999996,-0.760405966,0.649448048,0.0
-128.4375321,107.5918768,14.799999999999997,-0.760405966,0.649448048,0.0
-120.124597,117.3250732,18.0,-0.760405966,0.649448048,0.0
-128.4375321,107.5918768,18.0,-0.760405966,0.649448048,0.0
-124.2810645,112.458475,14.799999999999997,-0.760405966,0.649448048,0.0
-124.2810645,112.458475,24.4,-0.760405966,0.649448048,0.0
-124.2810645,112.458475,18.0,-0.760405966,0.649448048,0.0
-122.2028308,114.8917741,24.4,-0.760405966,0.649448048,0.0
-120.124597,117.3250732,11.599999999999994,-0.760405966,0.649448048,0.0
-120.124597,117.3250732,5.199999999999996,-0.760405966,0.649448048,0.0
-120.124597,117.3250732,8.399999999999999,-0.760405966,0.649448048,0.0
-120.124597,117.3250732,2.0,-0.760405966,0.649448048,0.0
-122.2028308,114.8917741,8.399999999999999,-0.760405966,0.649448048,0.0
-122.2028308,114.8917741,11.599999999999994,-0.760405966,0.649448048,0.0
-122.2028308,114.8917741,5.199999999999996,-0.760405966,0.649448048,0.0
-122.2028308,114.8917741,2.0,-0.760405966,0.649448048,0.0
-124.2810645,112.458475,11.599999999999994,-0.760405966,0.649448048,0.0
-124.2810645,112.458475,5.199999999999996,-0.760405966,0.649448048,0.0
-124.2810645,112.458475,8.399999999999999,-0.760405966,0.649448048,0.0
-126.3592983,110.0251759,21.199999999999996,-0.760405966,0.649448048,0.0
-124.2810645,112.458475,2.0,-0.760405966,0.649448048,0.0
-126.3592983,110.0251759,2.0,-0.760405966,0.649448048,0.0
-126.3592983,110.0251759,5.199999999999996,-0.760405966,0.649448048,0.0
-126.3592983,110.0251759,11.599999999999994,-0.760405966,0.649448048,0.0
-126.3592983,110.0251759,8.399999999999999,-0.760405966,0.649448048,0.0
-128.4375321,107.5918768,8.399999999999999,-0.760405966,0.649448048,0.0
-128.4375321,107.5918768,5.199999999999996,-0.760405966,0.649448048,0.0
-128.4375321,107.5918768,11.599999999999994,-0.760405966,0.649448048,0.0
-128.4375321,107.5918768,2.0,-0.760405966,0.649448048,0.0
-130.5157658,105.1585777,2.0,-0.760405966,0.649448048,0.0
-126.3592983,110.0251759,24.4,-0.760405966,0.649448048,0.0
-130.5157658,105.1585777,5.199999999999996,-0.760405966,0.649448048,0.0
-132.5939996,102.7252786,2.0,-0.760405966,0.649448048,0.0
-130.5157658,105.1585777,8.399999999999999,-0.760405966,0.649448048,0.0
-132.5939996,102.7252786,5.199999999999996,-0.760405966,0.649448048,0.0
-130.5157658,105.1585777,11.599999999999994,-0.760405966,0.649448048,0.0
-134.6722333,100.2919796,2.0,-0.760405966,0.649448048,0.0
-132.5939996,102.7252786,8.399999999999999,-0.760405966,0.649448048,0.0
-134.6722333,100.2919796,5.199999999999996,-0.760405966,0.649448048,0.0
-132.5939996,102.7252786,11.599999999999994,-0.760405966,0.649448048,0.0
-134.6722333,100.2919796,8.399999999999999,-0.760405966,0.649448048,0.0
-134.6722333,100.2919796,11.599999999999994,-0.760405966,0.649448048,0.0
-130.5157658,105.1585777,24.4,-0.760405966,0.649448048,0.0
-132.5939996,102.7252786,18.0,-0.760405966,0.649448048,0.0
-132.5939996,102.7252786,24.4,-0.760405966,0.649448048,0.0
-132.5939996,102.7252786,14.799999999999997,-0.760405966,0.649448048,0.0
-132.5939996,102.7252786,21.199999999999996,-0.760405966,0.649448048,0.0
-134.6722333,100.2919796,21.199999999999996,-0.760405966,0.649448048,0.0
-134.6722333,100.2919796,24.4,-0.760405966,0.649448048,0.0
-130.5157658,105.1585777,21.199999999999996,-0.760405966,0.649448048,0.0
-128.4375321,107.5918768,21.199999999999996,-0.760405966,0.649448048,0.0
-130.5157658,105.1585777,14.799999999999997,-0.760405966,0.649448048,0.0
-134.6722333,100.2919796,18.0,-0.760405966,0.649448048,0.0
-130.5157658,105.1585777,18.0,-0.760405966,0.649448048,0.0
-128.4375321,107.5918768,24.4,-0.760405966,0.649448048,0.0
-134.6722333,100.2919796,14.799999999999997,-0.760405966,0.649448048,0.0
-148.7033168,77.98984011,38.0,-0.852640165,0.522498564,0.0
-147.0313214,80.71828864,38.0,-0.852640165,0.522498564,0.0
-145.359326,83.44673717,28.4,-0.852640165,0.522498564,0.0
-148.7033168,77.98984011,34.8,-0.852640165,0.522498564,0.0
-143.6873306,86.17518569,34.8,-0.852640165,0.522498564,0.0
-145.359326,83.44673717,34.8,-0.852640165,0.522498564,0.0
-143.6873306,86.17518569,38.0,-0.852640165,0.522498564,0.0
-148.7033168,77.98984011,28.4,-0.852640165,0.522498564,0.0
-147.0313214,80.71828864,31.599999999999998,-0.852640165,0.522498564,0.0
-143.6873306,86.17518569,28.4,-0.852640165,0.522498564,0.0
-147.0313214,80.71828864,34.8,-0.852640165,0.522498564,0.0
-143.6873306,86.17518569,31.599999999999998,-0.852640165,0.522498564,0.0
-145.359326,83.44673717,38.0,-0.852640165,0.522498564,0.0
-145.359326,83.44673717,31.599999999999998,-0.852640165,0.522498564,0.0
-148.7033168,77.98984011,31.599999999999998,-0.852640165,0.522498564,0.0
-147.0313214,80.71828864,28.4,-0.852640165,0.522498564,0.0
-148.7033168,77.98984011,41.199999999999996,-0.852640165,0.522498564,0.0
-147.0313214,80.71828864,41.199999999999996,-0.852640165,0.522498564,0.0
-148.7033168,77.98984011,44.4,-0.852640165,0.522498564,0.0
-147.0313214,80.71828864,44.4,-0.852640165,0.522498564,0.0
-148.7033168,77.98984011,50.8,-0.852640165,0.522498564,0.0
-148.7033168,77.98984011,47.6,-0.852640165,0.522498564,0.0
-147.0313214,80.71828864,50.8,-0.852640165,0.522498564,0.0
-147.0313214,80.71828864,47.6,-0.852640165,0.522498564,0.0
-145.359326,83.44673717,41.199999999999996,-0.852640165,0.522498564,0.0
-145.359326,83.44673717,47.6,-0.852640165,0.522498564,0.0
-145.359326,83.44673717,44.4,-0.852640165,0.522498564,0.0
-142.0153352,88.90363422,38.0,-0.852640165,0.522498564,0.0
-145.359326,83.44673717,50.8,-0.852640165,0.522498564,0.0
-143.6873306,86.17518569,41.199999999999996,-0.852640165,0.522498564,0.0
-143.6873306,86.17518569,50.8,-0.852640165,0.522498564,0.0
-143.6873306,86.17518569,47.6,-0.852640165,0.522498564,0.0
-143.6873306,86.17518569,44.4,-0.852640165,0.522498564,0.0
-142.0153352,88.90363422,41.199999999999996,-0.852640165,0.522498564,0.0
-142.0153352,88.90363422,44.4,-0.852640165,0.522498564,0.0
-142.0153352,88.90363422,50.8,-0.852640165,0.522498564,0.0
-142.0153352,88.90363422,47.6,-0.852640165,0.522498564,0.0
-140.3433398,91.63208275,50.8,-0.852640165,0.522498564,0.0
-142.0153352,88.90363422,34.8,-0.852640165,0.522498564,0.0
-140.3433398,91.63208275,47.6,-0.852640165,0.522498564,0.0
-140.3433398,91.63208275,44.4,-0.852640165,0.522498564,0.0
-140.3433398,91.63208275,41.199999999999996,-0.852640165,0.522498564,0.0
-138.6713444,94.36053127,47.6,-0.852640165,0.522498564,0.0
-138.6713444,94.36053127,50.8,-0.852640165,0.522498564,0.0
-136.999349,97.0889798,50.8,-0.852640165,0.522498564,0.0
-138.6713444,94.36053127,41.199999999999996,-0.852640165,0.522498564,0.0
-136.999349,97.0889798,47.6,-0.852640165,0.522498564,0.0
-138.6713444,94.36053127,44.4,-0.852640165,0.522498564,0.0
-136.999349,97.0889798,41.199999999999996,-0.852640165,0.522498564,0.0
-136.999349,97.0889798,44.4,-0.852640165,0.522498564,0.0
-140.3433398,91.63208275,31.599999999999998,-0.852640165,0.522498564,0.0
-138.6713444,94.36053127,31.599999999999998,-0.852640165,0.522498564,0.0
-138.6713444,94.36053127,28.4,-0.852640165,0.522498564,0.0
-138.6713444,94.36053127,38.0,-0.852640165,0.522498564,0.0
-138.6713444,94.36053127,34.8,-0.852640165,0.522498564,0.0
-136.999349,97.0889798,31.599999999999998,-0.852640165,0.522498564,0.0
-136.999349,97.0889798,28.4,-0.852640165,0.522498564,0.0
-140.3433398,91.63208275,28.4,-0.852640165,0.522498564,0.0
-142.0153352,88.90363422,28.4,-0.852640165,0.522498564,0.0
-140.3433398,91.63208275,38.0,-0.852640165,0.522498564,0.0
-136.999349,97.0889798,34.8,-0.852640165,0.522498564,0.0
-140.3433398,91.63208275,34.8,-0.852640165,0.522498564,0.0
-142.0153352,88.90363422,31.599999999999998,-0.852640165,0.522498564,0.0
-136.999349,97.0889798,38.0,-0.852640165,0.522498564,0.0
-136.999349,97.0889798,14.799999999999997,-0.852640165,0.522498564,0.0
-138.6713444,94.36053127,14.799999999999997,-0.852640165,0.522498564,0.0
-142.0153352,88.90363422,18.0,-0.852640165,0.522498564,0.0
-138.6713444,94.36053127,18.0,-0.852640165,0.522498564,0.0
-142.0153352,88.90363422,14.799999999999997,-0.852640165,0.522498564,0.0
-136.999349,97.0889798,21.199999999999996,-0.852640165,0.522498564,0.0
-140.3433398,91.63208275,21.199999999999996,-0.852640165,0.522498564,0.0
-136.999349,97.0889798,24.4,-0.852640165,0.522498564,0.0
-138.6713444,94.36053127,21.199999999999996,-0.852640165,0.522498564,0.0
-143.6873306,86.17518569,14.799999999999997,-0.852640165,0.522498564,0.0
-136.999349,97.0889798,18.0,-0.852640165,0.522498564,0.0
-143.6873306,86.17518569,18.0,-0.852640165,0.522498564,0.0
-140.3433398,91.63208275,14.799999999999997,-0.852640165,0.522498564,0.0
-140.3433398,91.63208275,24.4,-0.852640165,0.522498564,0.0
-140.3433398,91.63208275,18.0,-0.852640165,0.522498564,0.0
-138.6713444,94.36053127,24.4,-0.852640165,0.522498564,0.0
-136.999349,97.0889798,11.599999999999994,-0.852640165,0.522498564,0.0
-136.999349,97.0889798,5.199999999999996,-0.852640165,0.522498564,0.0
-136.999349,97.0889798,8.399999999999999,-0.852640165,0.522498564,0.0
-136.999349,97.0889798,2.0,-0.852640165,0.522498564,0.0
-138.6713444,94.36053127,8.399999999999999,-0.852640165,0.522498564,0.0
-138.6713444,94.36053127,11.599999999999994,-0.852640165,0.522498564,0.0
-138.6713444,94.36053127,5.199999999999996,-0.852640165,0.522498564,0.0
-138.6713444,94.36053127,2.0,-0.852640165,0.522498564,0.0
-140.3433398,91.63208275,11.599999999999994,-0.852640165,0.522498564,0.0
-140.3433398,91.63208275,5.199999999999996,-0.852640165,0.522498564,0.0
-140.3433398,91.63208275,8.399999999999999,-0.852640165,0.522498564,0.0
-142.0153352,88.90363422,21.199999999999996,-0.852640165,0.522498564,0.0
-140.3433398,91.63208275,2.0,-0.852640165,0.522498564,0.0
-142.0153352,88.90363422,2.0,-0.852640165,0.522498564,0.0
-142.0153352,88.90363422,5.199999999999996,-0.852640165,0.522498564,0.0
-142.0153352,88.90363422,11.599999999999994,-0.852640165,0.522498564,0.0
-142.0153352,88.90363422,8.399999999999999,-0.852640165,0.522498564,0.0
-143.6873306,86.17518569,8.399999999999999,-0.852640165,0.522498564,0.0
-143.6873306,86.17518569,5.199999999999996,-0.852640165,0.522498564,0.0
-143.6873306,86.17518569,11.599999999999994,-0.852640165,0.522498564,0.0
-143.6873306,86.17518569,2.0,-0.852640165,0.522498564,0.0
-145.359326,83.44673717,2.0,-0.852640165,0.522498564,0.0
-142.0153352,88.90363422,24.4,-0.852640165,0.522498564,0.0
-145.359326,83.44673717,5.199999999999996,-0.852640165,0.522498564,0.0
-147.0313214,80.71828864,2.0,-0.852640165,0.522498564,0.0
-145.359326,83.44673717,8.399999999999999,-0.852640165,0.522498564,0.0
-147.0313214,80.71828864,5.199999999999996,-0.852640165,0.522498564,0.0
-145.359326,83.44673717,11.599999999999994,-0.852640165,0.522498564,0.0
-148.7033168,77.98984011,2.0,-0.852640165,0.522498564,0.0
-147.0313214,80.71828864,8.399999999999999,-0.852640165,0.522498564,0.0
-148.7033168,77.98984011,5.199999999999996,-0.852640165,0.522498564,0.0
-147.0313214,80.71828864,11.599999999999994,-0.852640165,0.522498564,0.0
-148.7033168,77.98984011,8.399999999999999,-0.852640165,0.522498564,0.0
-148.7033168,77.98984011,11.599999999999994,-0.852640165,0.522498564,0.0
-145.359326,83.44673717,24.4,-0.852640165,0.522498564,0.0
-147.0313214,80.71828864,18.0,-0.852640165,0.522498564,0.0
-147.0313214,80.71828864,24.4,-0.852640165,0.522498564,0.0
-147.0313214,80.71828864,14.799999999999997,-0.852640165,0.522498564,0.0
-147.0313214,80.71828864,21.199999999999996,-0.852640165,0.522498564,0.0
-148.7033168,77.98984011,21.199999999999996,-0.852640165,0.522498564,0.0
-148.7033168,77.98984011,24.4,-0.852640165,0.522498564,0.0
-145.359326,83.44673717,21.199999999999996,-0.852640165,0.522498564,0.0
-143.6873306,86.17518569,21.199999999999996,-0.852640165,0.522498564,0.0
-145.359326,83.44673717,14.799999999999997,-0.852640165,0.522498564,0.0
-148.7033168,77.98984011,18.0,-0.852640165,0.522498564,0.0
-145.359326,83.44673717,18.0,-0.852640165,0.522498564,0.0
-143.6873306,86.17518569,24.4,-0.852640165,0.522498564,0.0
-148.7033168,77.98984011,14.799999999999997,-0.852640165,0.522498564,0.0
-159.0728311,53.76733198,38.0,-0.923879533,0.382683432,0.0
-157.8482441,56.72374648,38.0,-0.923879533,0.382683432,0.0
-156.6236571,59.68016099,28.4,-0.923879533,0.382683432,0.0
-159.0728311,53.76733198,34.8,-0.923879533,0.382683432,0.0
-155.3990702,62.63657549,34.8,-0.923879533,0.382683432,0.0
-156.6236571,59.68016099,34.8,-0.923879533,0.382683432,0.0
-155.3990702,62.63657549,38.0,-0.923879533,0.382683432,0.0
-159.0728311,53.76733198,28.4,-0.923879533,0.382683432,0.0
-157.8482441,56.72374648,31.599999999999998,-0.923879533,0.382683432,0.0
-155.3990702,62.63657549,28.4,-0.923879533,0.382683432,0.0
-157.8482441,56.72374648,34.8,-0.923879533,0.382683432,0.0
-155.3990702,62.63657549,31.599999999999998,-0.923879533,0.382683432,0.0
-156.6236571,59.68016099,38.0,-0.923879533,0.382683432,0.0
-156.6236571,59.68016099,31.599999999999998,-0.923879533,0.382683432,0.0
-159.0728311,53.76733198,31.599999999999998,-0.923879533,0.382683432,0.0
-157.8482441,56.72374648,28.4,-0.923879533,0.382683432,0.0
-159.0728311,53.76733198,41.199999999999996,-0.923879533,0.382683432,0.0
-157.8482441,56.72374648,41.199999999999996,-0.923879533,0.382683432,0.0
-159.0728311,53.76733198,44.4,-0.923879533,0.382683432,0.0
-157.8482441,56.72374648,44.4,-0.923879533,0.382683432,0.0
-159.0728311,53.76733198,50.8,-0.923879533,0.382683432,0.0
-159.0728311,53.76733198,47.6,-0.923879533,0.382683432,0.0
-157.8482441,56.72374648,50.8,-0.923879533,0.382683432,0.0
-157.8482441,56.72374648,47.6,-0.923879533,0.382683432,0.0
-156.6236571,59.68016099,41.199999999999996,-0.923879533,0.382683432,0.0
-156.6236571,59.68016099,47.6,-0.923879533,0.382683432,0.0
-156.6236571,59.68016099,44.4,-0.923879533,0.382683432,0.0
-154.1744832,65.59299,38.0,-0.923879533,0.382683432,0.0
-156.6236571,59.68016099,50.8,-0.923879533,0.382683432,0.0
-155.3990702,62.63657549,41.199999999999996,-0.923879533,0.382683432,0.0
-155.3990702,62.63657549,50.8,-0.923879533,0.382683432,0.0
-155.3990702,62.63657549,47.6,-0.923879533,0.382683432,0.0
-155.3990702,62.63657549,44.4,-0.923879533,0.382683432,0.0
-154.1744832,65.59299,41.199999999999996,-0.923879533,0.382683432,0.0
-154.1744832,65.59299,44.4,-0.923879533,0.382683432,0.0
-154.1744832,65.59299,50.8,-0.923879533,0.382683432,0.0
-154.1744832,65.59299,47.6,-0.923879533,0.382683432,0.0
-152.9498962,68.5494045,50.8,-0.923879533,0.382683432,0.0
-154.1744832,65.59299,34.8,-0.923879533,0.382683432,0.0
-152.9498962,68.5494045,47.6,-0.923879533,0.382683432,0.0
-152.9498962,68.5494045,44.4,-0.923879533,0.382683432,0.0
-152.9498962,68.5494045,41.199999999999996,-0.923879533,0.382683432,0.0
-151.7253092,71.50581901,47.6,-0.923879533,0.382683432,0.0
-151.7253092,71.50581901,50.8,-0.923879533,0.382683432,0.0
-150.5007222,74.46223351,50.8,-0.923879533,0.382683432,0.0
-151.7253092,71.50581901,41.199999999999996,-0.923879533,0.382683432,0.0
-150.5007222,74.46223351,47.6,-0.923879533,0.382683432,0.0
-151.7253092,71.50581901,44.4,-0.923879533,0.382683432,0.0
-150.5007222,74.46223351,41.199999999999996,-0.923879533,0.382683432,0.0
-150.5007222,74.46223351,44.4,-0.923879533,0.382683432,0.0
-152.9498962,68.5494045,31.599999999999998,-0.923879533,0.382683432,0.0
-151.7253092,71.50581901,31.599999999999998,-0.923879533,0.382683432,0.0
-151.7253092,71.50581901,28.4,-0.923879533,0.382683432,0.0
-151.7253092,71.50581901,38.0,-0.923879533,0.382683432,0.0
-151.7253092,71.50581901,34.8,-0.923879533,0.382683432,0.0
-150.5007222,74.46223351,31.599999999999998,-0.923879533,0.382683432,0.0
-150.5007222,74.46223351,28.4,-0.923879533,0.382683432,0.0
-152.9498962,68.5494045,28.4,-0.923879533,0.382683432,0.0
-154.1744832,65.59299,28.4,-0.923879533,0.382683432,0.0
-152.9498962,68.5494045,38.0,-0.923879533,0.382683432,0.0
-150.5007222,74.46223351,34.8,-0.923879533,0.382683432,0.0
-152.9498962,68.5494045,34.8,-0.923879533,0.382683432,0.0
-154.1744832,65.59299,31.599999999999998,-0.923879533,0.382683432,0.0
-150.5007222,74.46223351,38.0,-0.923879533,0.382683432,0.0
-150.5007222,74.46223351,14.799999999999997,-0.923879533,0.382683432,0.0
-151.7253092,71.50581901,14.799999999999997,-0.923879533,0.382683432,0.0
-154.1744832,65.59299,18.0,-0.923879533,0.382683432,0.0
-151.7253092,71.50581901,18.0,-0.923879533,0.382683432,0.0
-154.1744832,65.59299,14.799999999999997,-0.923879533,0.382683432,0.0
-150.5007222,74.46223351,21.199999999999996,-0.923879533,0.382683432,0.0
-152.9498962,68.5494045,21.199999999999996,-0.923879533,0.382683432,0.0
-150.5007222,74.46223351,24.4,-0.923879533,0.382683432,0.0
-151.7253092,71.50581901,21.199999999999996,-0.923879533,0.382683432,0.0
-155.3990702,62.63657549,14.799999999999997,-0.923879533,0.382683432,0.0
-150.5007222,74.46223351,18.0,-0.923879533,0.382683432,0.0
-155.3990702,62.63657549,18.0,-0.923879533,0.382683432,0.0
-152.9498962,68.5494045,14.799999999999997,-0.923879533,0.382683432,0.0
-152.9498962,68.5494045,24.4,-0.923879533,0.382683432,0.0
-152.9498962,68.5494045,18.0,-0.923879533,0.382683432,0.0
-151.7253092,71.50581901,24.4,-0.923879533,0.382683432,0.0
-150.5007222,74.46223351,11.599999999999994,-0.923879533,0.382683432,0.0
-150.5007222,74.46223351,5.199999999999996,-0.923879533,0.382683432,0.0
-150.5007222,74.46223351,8.399999999999999,-0.923879533,0.382683432,0.0
-150.5007222,74.46223351,2.0,-0.923879533,0.382683432,0.0
-151.7253092,71.50581901,8.399999999999999,-0.923879533,0.382683432,0.0
-151.7253092,71.50581901,11.599999999999994,-0.923879533,0.382683432,0.0
-151.7253092,71.50581901,5.199999999999996,-0.923879533,0.382683432,0.0
-151.7253092,71.50581901,2.0,-0.923879533,0.382683432,0.0
-152.9498962,68.5494045,11.599999999999994,-0.923879533,0.382683432,0.0
-152.9498962,68.5494045,5.199999999999996,-0.923879533,0.382683432,0.0
-152.9498962,68.5494045,8.399999999999999,-0.923879533,0.382683432,0.0
-154.1744832,65.59299,21.199999999999996,-0.923879533,0.382683432,0.0
-152.9498962,68.5494045,2.0,-0.923879533,0.382683432,0.0
-154.1744832,65.59299,2.0,-0.923879533,0.382683432,0.0
-154.1744832,65.59299,5.199999999999996,-0.923879533,0.382683432,0.0
-154.1744832,65.59299,11.599999999999994,-0.923879533,0.382683432,0.0
-154.1744832,65.59299,8.399999999999999,-0.923879533,0.382683432,0.0
-155.3990702,62.63657549,8.399999999999999,-0.923879533,0.382683432,0.0
-155.3990702,62.63657549,5.199999999999996,-0.923879533,0.382683432,0.0
-155.3990702,62.63657549,11.599999999999994,-0.923879533,0.382683432,0.0
-155.3990702,62.63657549,2.0,-0.923879533,0.382683432,0.0
-156.6236571,59.68016099,2.0,-0.923879533,0.382683432,0.0
-154.1744832,65.59299,24.4,-0.923879533,0.382683432,0.0
-156.6236571,59.68016099,5.199999999999996,-0.923879533,0.382683432,0.0
-157.8482441,56.72374648,2.0,-0.923879533,0.382683432,0.0
-156.6236571,59.68016099,8.399999999999999,-0.923879533,0.382683432,0.0
-157.8482441,56.72374648,5.199999999999996,-0.923879533,0.382683432,0.0
-156.6236571,59.68016099,11.599999999999994,-0.923879533,0.382683432,0.0
-159.0728311,53.76733198,2.0,-0.923879533,0.382683432,0.0
-157.8482441,56.72374648,8.399999999999999,-0.923879533,0.382683432,0.0
-159.0728311,53.76733198,5.199999999999996,-0.923879533,0.382683432,0.0
-157.8482441,56.72374648,11.599999999999994,-0.923879533,0.382683432,0.0
-159.0728311,53.76733198,8.399999999999999,-0.923879533,0.382683432,0.0
-159.0728311,53.76733198,11.599999999999994,-0.923879533,0.382683432,0.0
-156.6236571,59.68016099,24.4,-0.923879533,0.382683432,0.0
-157.8482441,56.72374648,18.0,-0.923879533,0.382683432,0.0
-157.8482441,56.72374648,24.4,-0.923879533,0.382683432,0.0
-157.8482441,56.72374648,14.799999999999997,-0.923879533,0.382683432,0.0
-157.8482441,56.72374648,21.199999999999996,-0.923879533,0.382683432,0.0
-159.0728311,53.76733198,21.199999999999996,-0.923879533,0.382683432,0.0
-159.0728311,53.76733198,24.4,-0.923879533,0.382683432,0.0
-156.6236571,59.68016099,21.199999999999996,-0.923879533,0.382683432,0.0
-155.3990702,62.63657549,21.199999999999996,-0.923879533,0.382683432,0.0
-156.6236571,59.68016099,14.799999999999997,-0.923879533,0.382683432,0.0
-159.0728311,53.76733198,18.0,-0.923879533,0.382683432,0.0
-156.6236571,59.68016099,18.0,-0.923879533,0.382683432,0.0
-155.3990702,62.63657549,24.4,-0.923879533,0.382683432,0.0
-159.0728311,53.76733198,14.799999999999997,-0.923879533,0.382683432,0.0
-160.2962685,-50.00197874,-14.79999999999999,-0.97236992,-0.233445364,0.0
-161.0432937,-46.890395,-14.79999999999999,-0.97236992,-0.233445364,0.0
-161.7903189,-43.77881125,-24.4,-0.97236992,-0.233445364,0.0
-160.2962685,-50.00197874,-17.999999999999993,-0.97236992,-0.233445364,0.0
-162.537344,-40.6672275,-17.999999999999993,-0.97236992,-0.233445364,0.0
-161.7903189,-43.77881125,-17.999999999999993,-0.97236992,-0.233445364,0.0
-162.537344,-40.6672275,-14.79999999999999,-0.97236992,-0.233445364,0.0
-160.2962685,-50.00197874,-24.4,-0.97236992,-0.233445364,0.0
-161.0432937,-46.890395,-21.199999999999996,-0.97236992,-0.233445364,0.0
-162.537344,-40.6672275,-24.4,-0.97236992,-0.233445364,0.0
-161.0432937,-46.890395,-17.999999999999993,-0.97236992,-0.233445364,0.0
-162.537344,-40.6672275,-21.199999999999996,-0.97236992,-0.233445364,0.0
-161.7903189,-43.77881125,-14.79999999999999,-0.97236992,-0.233445364,0.0
-161.7903189,-43.77881125,-21.199999999999996,-0.97236992,-0.233445364,0.0
-160.2962685,-50.00197874,-21.199999999999996,-0.97236992,-0.233445364,0.0
-161.0432937,-46.890395,-24.4,-0.97236992,-0.233445364,0.0
-160.2962685,-50.00197874,-11.599999999999994,-0.97236992,-0.233445364,0.0
-161.0432937,-46.890395,-11.599999999999994,-0.97236992,-0.233445364,0.0
-160.2962685,-50.00197874,-8.399999999999999,-0.97236992,-0.233445364,0.0
-161.0432937,-46.890395,-8.399999999999999,-0.97236992,-0.233445364,0.0
-160.2962685,-50.00197874,-2.0,-0.97236992,-0.233445364,0.0
-160.2962685,-50.00197874,-5.199999999999996,-0.97236992,-0.233445364,0.0
-161.0432937,-46.890395,-2.0,-0.97236992,-0.233445364,0.0
-161.0432937,-46.890395,-5.199999999999996,-0.97236992,-0.233445364,0.0
-161.7903189,-43.77881125,-11.599999999999994,-0.97236992,-0.233445364,0.0
-161.7903189,-43.77881125,-5.199999999999996,-0.97236992,-0.233445364,0.0
-161.7903189,-43.77881125,-8.399999999999999,-0.97236992,-0.233445364,0.0
-163.2843692,-37.55564376,-14.79999999999999,-0.97236992,-0.233445364,0.0
-161.7903189,-43.77881125,-2.0,-0.97236992,-0.233445364,0.0
-162.537344,-40.6672275,-11.599999999999994,-0.97236992,-0.233445364,0.0
-162.537344,-40.6672275,-2.0,-0.97236992,-0.233445364,0.0
-162.537344,-40.6672275,-5.199999999999996,-0.97236992,-0.233445364,0.0
-162.537344,-40.6672275,-8.399999999999999,-0.97236992,-0.233445364,0.0
-163.2843692,-37.55564376,-11.599999999999994,-0.97236992,-0.233445364,0.0
-163.2843692,-37.55564376,-8.399999999999999,-0.97236992,-0.233445364,0.0
-163.2843692,-37.55564376,-2.0,-0.97236992,-0.233445364,0.0
-163.2843692,-37.55564376,-5.199999999999996,-0.97236992,-0.233445364,0.0
-164.0313944,-34.44406001,-2.0,-0.97236992,-0.233445364,0.0
-163.2843692,-37.55564376,-17.999999999999993,-0.97236992,-0.233445364,0.0
-164.0313944,-34.44406001,-5.199999999999996,-0.97236992,-0.233445364,0.0
-164.0313944,-34.44406001,-8.399999999999999,-0.97236992,-0.233445364,0.0
-164.0313944,-34.44406001,-11.599999999999994,-0.97236992,-0.233445364,0.0
-164.7784195,-31.33247627,-5.199999999999996,-0.97236992,-0.233445364,0.0
-164.7784195,-31.33247627,-2.0,-0.97236992,-0.233445364,0.0
-165.5254447,-28.22089252,-2.0,-0.97236992,-0.233445364,0.0
-164.7784195,-31.33247627,-11.599999999999994,-0.97236992,-0.233445364,0.0
-165.5254447,-28.22089252,-5.199999999999996,-0.97236992,-0.233445364,0.0
-164.7784195,-31.33247627,-8.399999999999999,-0.97236992,-0.233445364,0.0
-165.5254447,-28.22089252,-11.599999999999994,-0.97236992,-0.233445364,0.0
-165.5254447,-28.22089252,-8.399999999999999,-0.97236992,-0.233445364,0.0
-164.0313944,-34.44406001,-21.199999999999996,-0.97236992,-0.233445364,0.0
-164.7784195,-31.33247627,-21.199999999999996,-0.97236992,-0.233445364,0.0
-164.7784195,-31.33247627,-24.4,-0.97236992,-0.233445364,0.0
-164.7784195,-31.33247627,-14.79999999999999,-0.97236992,-0.233445364,0.0
-164.7784195,-31.33247627,-17.999999999999993,-0.97236992,-0.233445364,0.0
-165.5254447,-28.22089252,-21.199999999999996,-0.97236992,-0.233445364,0.0
-165.5254447,-28.22089252,-24.4,-0.97236992,-0.233445364,0.0
-164.0313944,-34.44406001,-24.4,-0.97236992,-0.233445364,0.0
-163.2843692,-37.55564376,-24.4,-0.97236992,-0.233445364,0.0
-164.0313944,-34.44406001,-14.79999999999999,-0.97236992,-0.233445364,0.0
-165.5254447,-28.22089252,-17.999999999999993,-0.97236992,-0.233445364,0.0
-164.0313944,-34.44406001,-17.999999999999993,-0.97236992,-0.233445364,0.0
-163.2843692,-37.55564376,-21.199999999999996,-0.97236992,-0.233445364,0.0
-165.5254447,-28.22089252,-14.79999999999999,-0.97236992,-0.233445364,0.0
-165.5254447,-28.22089252,-37.99999999999999,-0.97236992,-0.233445364,0.0
-164.7784195,-31.33247627,-37.99999999999999,-0.97236992,-0.233445364,0.0
-163.2843692,-37.55564376,-34.79999999999999,-0.97236992,-0.233445364,0.0
-164.7784195,-31.33247627,-34.79999999999999,-0.97236992,-0.233445364,0.0
-163.2843692,-37.55564376,-37.99999999999999,-0.97236992,-0.233445364,0.0
-165.5254447,-28.22089252,-31.599999999999998,-0.97236992,-0.233445364,0.0
-164.0313944,-34.44406001,-31.599999999999998,-0.97236992,-0.233445364,0.0
-165.5254447,-28.22089252,-28.4,-0.97236992,-0.233445364,0.0
-164.7784195,-31.33247627,-31.599999999999998,-0.97236992,-0.233445364,0.0
-162.537344,-40.6672275,-37.99999999999999,-0.97236992,-0.233445364,0.0
-165.5254447,-28.22089252,-34.79999999999999,-0.97236992,-0.233445364,0.0
-162.537344,-40.6672275,-34.79999999999999,-0.97236992,-0.233445364,0.0
-164.0313944,-34.44406001,-37.99999999999999,-0.97236992,-0.233445364,0.0
-164.0313944,-34.44406001,-28.4,-0.97236992,-0.233445364,0.0
-164.0313944,-34.44406001,-34.79999999999999,-0.97236992,-0.233445364,0.0
-164.7784195,-31.33247627,-28.4,-0.97236992,-0.233445364,0.0
-165.5254447,-28.22089252,-41.199999999999996,-0.97236992,-0.233445364,0.0
-165.5254447,-28.22089252,-47.599999999999994,-0.97236992,-0.233445364,0.0
-165.5254447,-28.22089252,-44.4,-0.97236992,-0.233445364,0.0
-165.5254447,-28.22089252,-50.8,-0.97236992,-0.233445364,0.0
-164.7784195,-31.33247627,-44.4,-0.97236992,-0.233445364,0.0
-164.7784195,-31.33247627,-41.199999999999996,-0.97236992,-0.233445364,0.0
-164.7784195,-31.33247627,-47.599999999999994,-0.97236992,-0.233445364,0.0
-164.7784195,-31.33247627,-50.8,-0.97236992,-0.233445364,0.0
-164.0313944,-34.44406001,-41.199999999999996,-0.97236992,-0.233445364,0.0
-164.0313944,-34.44406001,-47.599999999999994,-0.97236992,-0.233445364,0.0
-164.0313944,-34.44406001,-44.4,-0.97236992,-0.233445364,0.0
-163.2843692,-37.55564376,-31.599999999999998,-0.97236992,-0.233445364,0.0
-164.0313944,-34.44406001,-50.8,-0.97236992,-0.233445364,0.0
-163.2843692,-37.55564376,-50.8,-0.97236992,-0.233445364,0.0
-163.2843692,-37.55564376,-47.599999999999994,-0.97236992,-0.233445364,0.0
-163.2843692,-37.55564376,-41.199999999999996,-0.97236992,-0.233445364,0.0
-163.2843692,-37.55564376,-44.4,-0.97236992,-0.233445364,0.0
-162.537344,-40.6672275,-44.4,-0.97236992,-0.233445364,0.0
-162.537344,-40.6672275,-47.599999999999994,-0.97236992,-0.233445364,0.0
-162.537344,-40.6672275,-41.199999999999996,-0.97236992,-0.233445364,0.0
-162.537344,-40.6672275,-50.8,-0.97236992,-0.233445364,0.0
-161.7903189,-43.77881125,-50.8,-0.97236992,-0.233445364,0.0
-163.2843692,-37.55564376,-28.4,-0.97236992,-0.233445364,0.0
-161.7903189,-43.77881125,-47.599999999999994,-0.97236992,-0.233445364,0.0
-161.0432937,-46.890395,-50.8,-0.97236992,-0.233445364,0.0
-161.7903189,-43.77881125,-44.4,-0.97236992,-0.233445364,0.0
-161.0432937,-46.890395,-47.599999999999994,-0.97236992,-0.233445364,0.0
-161.7903189,-43.77881125,-41.199999999999996,-0.97236992,-0.233445364,0.0
-160.2962685,-50.00197874,-50.8,-0.97236992,-0.233445364,0.0
-161.0432937,-46.890395,-44.4,-0.97236992,-0.233445364,0.0
-160.2962685,-50.00197874,-47.599999999999994,-0.97236992,-0.233445364,0.0
-161.0432937,-46.890395,-41.199999999999996,-0.97236992,-0.233445364,0.0
-160.2962685,-50.00197874,-44.4,-0.97236992,-0.233445364,0.0
-160.2962685,-50.00197874,-41.199999999999996,-0.97236992,-0.233445364,0.0
-161.7903189,-43.77881125,-28.4,-0.97236992,-0.233445364,0.0
-161.0432937,-46.890395,-34.79999999999999,-0.97236992,-0.233445364,0.0
-161.0432937,-46.890395,-28.4,-0.97236992,-0.233445364,0.0
-161.0432937,-46.890395,-37.99999999999999,-0.97236992,-0.233445364,0.0
-161.0432937,-46.890395,-31.599999999999998,-0.97236992,-0.233445364,0.0
-160.2962685,-50.00197874,-31.599999999999998,-0.97236992,-0.233445364,0.0
-160.2962685,-50.00197874,-28.4,-0.97236992,-0.233445364,0.0
-161.7903189,-43.77881125,-31.599999999999998,-0.97236992,-0.233445364,0.0
-162.537344,-40.6672275,-31.599999999999998,-0.97236992,-0.233445364,0.0
-161.7903189,-43.77881125,-37.99999999999999,-0.97236992,-0.233445364,0.0
-160.2962685,-50.00197874,-34.79999999999999,-0.97236992,-0.233445364,0.0
-161.7903189,-43.77881125,-34.79999999999999,-0.97236992,-0.233445364,0.0
-162.537344,-40.6672275,-28.4,-0.97236992,-0.233445364,0.0
-160.2962685,-50.00197874,-37.99999999999999,-0.97236992,-0.233445364,0.0
-166.1447883,-24.31051042,-14.79999999999999,-0.996917334,-0.078459096,0.0
-166.3958574,-21.12037495,-14.79999999999999,-0.996917334,-0.078459096,0.0
-166.6469265,-17.93023949,-24.4,-0.996917334,-0.078459096,0.0
-166.1447883,-24.31051042,-17.999999999999993,-0.996917334,-0.078459096,0.0
-166.8979956,-14.74010402,-17.999999999999993,-0.996917334,-0.078459096,0.0
-166.6469265,-17.93023949,-17.999999999999993,-0.996917334,-0.078459096,0.0
-166.8979956,-14.74010402,-14.79999999999999,-0.996917334,-0.078459096,0.0
-166.1447883,-24.31051042,-24.4,-0.996917334,-0.078459096,0.0
-166.3958574,-21.12037495,-21.199999999999996,-0.996917334,-0.078459096,0.0
-166.8979956,-14.74010402,-24.4,-0.996917334,-0.078459096,0.0
-166.3958574,-21.12037495,-17.999999999999993,-0.996917334,-0.078459096,0.0
-166.8979956,-14.74010402,-21.199999999999996,-0.996917334,-0.078459096,0.0
-166.6469265,-17.93023949,-14.79999999999999,-0.996917334,-0.078459096,0.0
-166.6469265,-17.93023949,-21.199999999999996,-0.996917334,-0.078459096,0.0
-166.1447883,-24.31051042,-21.199999999999996,-0.996917334,-0.078459096,0.0
-166.3958574,-21.12037495,-24.4,-0.996917334,-0.078459096,0.0
-166.1447883,-24.31051042,-11.599999999999994,-0.996917334,-0.078459096,0.0
-166.3958574,-21.12037495,-11.599999999999994,-0.996917334,-0.078459096,0.0
-166.1447883,-24.31051042,-8.399999999999999,-0.996917334,-0.078459096,0.0
-166.3958574,-21.12037495,-8.399999999999999,-0.996917334,-0.078459096,0.0
-166.1447883,-24.31051042,-2.0,-0.996917334,-0.078459096,0.0
-166.1447883,-24.31051042,-5.199999999999996,-0.996917334,-0.078459096,0.0
-166.3958574,-21.12037495,-2.0,-0.996917334,-0.078459096,0.0
-166.3958574,-21.12037495,-5.199999999999996,-0.996917334,-0.078459096,0.0
-166.6469265,-17.93023949,-11.599999999999994,-0.996917334,-0.078459096,0.0
-166.6469265,-17.93023949,-5.199999999999996,-0.996917334,-0.078459096,0.0
-166.6469265,-17.93023949,-8.399999999999999,-0.996917334,-0.078459096,0.0
-167.1490647,-11.54996855,-14.79999999999999,-0.996917334,-0.078459096,0.0
-166.6469265,-17.93023949,-2.0,-0.996917334,-0.078459096,0.0
-166.8979956,-14.74010402,-11.599999999999994,-0.996917334,-0.078459096,0.0
-166.8979956,-14.74010402,-2.0,-0.996917334,-0.078459096,0.0
-166.8979956,-14.74010402,-5.199999999999996,-0.996917334,-0.078459096,0.0
-166.8979956,-14.74010402,-8.399999999999999,-0.996917334,-0.078459096,0.0
-167.1490647,-11.54996855,-11.599999999999994,-0.996917334,-0.078459096,0.0
-167.1490647,-11.54996855,-8.399999999999999,-0.996917334,-0.078459096,0.0
-167.1490647,-11.54996855,-2.0,-0.996917334,-0.078459096,0.0
-167.1490647,-11.54996855,-5.199999999999996,-0.996917334,-0.078459096,0.0
-167.4001338,-8.359833082,-2.0,-0.996917334,-0.078459096,0.0
-167.1490647,-11.54996855,-17.999999999999993,-0.996917334,-0.078459096,0.0
-167.4001338,-8.359833082,-5.199999999999996,-0.996917334,-0.078459096,0.0
-167.4001338,-8.359833082,-8.399999999999999,-0.996917334,-0.078459096,0.0
-167.4001338,-8.359833082,-11.599999999999994,-0.996917334,-0.078459096,0.0
-167.6512029,-5.169697614,-5.199999999999996,-0.996917334,-0.078459096,0.0
-167.6512029,-5.169697614,-2.0,-0.996917334,-0.078459096,0.0
-167.902272,-1.979562146,-2.0,-0.996917334,-0.078459096,0.0
-167.6512029,-5.169697614,-11.599999999999994,-0.996917334,-0.078459096,0.0
-167.902272,-1.979562146,-5.199999999999996,-0.996917334,-0.078459096,0.0
-167.6512029,-5.169697614,-8.399999999999999,-0.996917334,-0.078459096,0.0
-167.902272,-1.979562146,-11.599999999999994,-0.996917334,-0.078459096,0.0
-167.902272,-1.979562146,-8.399999999999999,-0.996917334,-0.078459096,0.0
-167.4001338,-8.359833082,-21.199999999999996,-0.996917334,-0.078459096,0.0
-167.6512029,-5.169697614,-21.199999999999996,-0.996917334,-0.078459096,0.0
-167.6512029,-5.169697614,-24.4,-0.996917334,-0.078459096,0.0
-167.6512029,-5.169697614,-14.79999999999999,-0.996917334,-0.078459096,0.0
-167.6512029,-5.169697614,-17.999999999999993,-0.996917334,-0.078459096,0.0
-167.902272,-1.979562146,-21.199999999999996,-0.996917334,-0.078459096,0.0
-167.902272,-1.979562146,-24.4,-0.996917334,-0.078459096,0.0
-167.4001338,-8.359833082,-24.4,-0.996917334,-0.078459096,0.0
-167.1490647,-11.54996855,-24.4,-0.996917334,-0.078459096,0.0
-167.4001338,-8.359833082,-14.79999999999999,-0.996917334,-0.078459096,0.0
-167.902272,-1.979562146,-17.999999999999993,-0.996917334,-0.078459096,0.0
-167.4001338,-8.359833082,-17.999999999999993,-0.996917334,-0.078459096,0.0
-167.1490647,-11.54996855,-21.199999999999996,-0.996917334,-0.078459096,0.0
-167.902272,-1.979562146,-14.79999999999999,-0.996917334,-0.078459096,0.0
-167.902272,-1.979562146,-37.99999999999999,-0.996917334,-0.078459096,0.0
-167.6512029,-5.169697614,-37.99999999999999,-0.996917334,-0.078459096,0.0
-167.1490647,-11.54996855,-34.79999999999999,-0.996917334,-0.078459096,0.0
-167.6512029,-5.169697614,-34.79999999999999,-0.996917334,-0.078459096,0.0
-167.1490647,-11.54996855,-37.99999999999999,-0.996917334,-0.078459096,0.0
-167.902272,-1.979562146,-31.599999999999998,-0.996917334,-0.078459096,0.0
-167.4001338,-8.359833082,-31.599999999999998,-0.996917334,-0.078459096,0.0
-167.902272,-1.979562146,-28.4,-0.996917334,-0.078459096,0.0
-167.6512029,-5.169697614,-31.599999999999998,-0.996917334,-0.078459096,0.0
-166.8979956,-14.74010402,-37.99999999999999,-0.996917334,-0.078459096,0.0
-167.902272,-1.979562146,-34.79999999999999,-0.996917334,-0.078459096,0.0
-166.8979956,-14.74010402,-34.79999999999999,-0.996917334,-0.078459096,0.0
-167.4001338,-8.359833082,-37.99999999999999,-0.996917334,-0.078459096,0.0
-167.4001338,-8.359833082,-28.4,-0.996917334,-0.078459096,0.0
-167.4001338,-8.359833082,-34.79999999999999,-0.996917334,-0.078459096,0.0
-167.6512029,-5.169697614,-28.4,-0.996917334,-0.078459096,0.0
-167.902272,-1.979562146,-41.199999999999996,-0.996917334,-0.078459096,0.0
-167.902272,-1.979562146,-47.599999999999994,-0.996917334,-0.078459096,0.0
-167.902272,-1.979562146,-44.4,-0.996917334,-0.078459096,0.0
-167.902272,-1.979562146,-50.8,-0.996917334,-0.078459096,0.0
-167.6512029,-5.169697614,-44.4,-0.996917334,-0.078459096,0.0
-167.6512029,-5.169697614,-41.199999999999996,-0.996917334,-0.078459096,0.0
-167.6512029,-5.169697614,-47.599999999999994,-0.996917334,-0.078459096,0.0
-167.6512029,-5.169697614,-50.8,-0.996917334,-0.078459096,0.0
-167.4001338,-8.359833082,-41.199999999999996,-0.996917334,-0.078459096,0.0
-167.4001338,-8.359833082,-47.599999999999994,-0.996917334,-0.078459096,0.0
-167.4001338,-8.359833082,-44.4,-0.996917334,-0.078459096,0.0
-167.1490647,-11.54996855,-31.599999999999998,-0.996917334,-0.078459096,0.0
-167.4001338,-8.359833082,-50.8,-0.996917334,-0.078459096,0.0
-167.1490647,-11.54996855,-50.8,-0.996917334,-0.078459096,0.0
-167.1490647,-11.54996855,-47.599999999999994,-0.996917334,-0.078459096,0.0
-167.1490647,-11.54996855,-41.199999999999996,-0.996917334,-0.078459096,0.0
-167.1490647,-11.54996855,-44.4,-0.996917334,-0.078459096,0.0
-166.8979956,-14.74010402,-44.4,-0.996917334,-0.078459096,0.0
-166.8979956,-14.74010402,-47.599999999999994,-0.996917334,-0.078459096,0.0
-166.8979956,-14.74010402,-41.199999999999996,-0.996917334,-0.078459096,0.0
-166.8979956,-14.74010402,-50.8,-0.996917334,-0.078459096,0.0
-166.6469265,-17.93023949,-50.8,-0.996917334,-0.078459096,0.0
-167.1490647,-11.54996855,-28.4,-0.996917334,-0.078459096,0.0
-166.6469265,-17.93023949,-47.599999999999994,-0.996917334,-0.078459096,0.0
-166.3958574,-21.12037495,-50.8,-0.996917334,-0.078459096,0.0
-166.6469265,-17.93023949,-44.4,-0.996917334,-0.078459096,0.0
-166.3958574,-21.12037495,-47.599999999999994,-0.996917334,-0.078459096,0.0
-166.6469265,-17.93023949,-41.199999999999996,-0.996917334,-0.078459096,0.0
-166.1447883,-24.31051042,-50.8,-0.996917334,-0.078459096,0.0
-166.3958574,-21.12037495,-44.4,-0.996917334,-0.078459096,0.0
-166.1447883,-24.31051042,-47.599999999999994,-0.996917334,-0.078459096,0.0
-166.3958574,-21.12037495,-41.199999999999996,-0.996917334,-0.078459096,0.0
-166.1447883,-24.31051042,-44.4,-0.996917334,-0.078459096,0.0
-166.1447883,-24.31051042,-41.199999999999996,-0.996917334,-0.078459096,0.0
-166.6469265,-17.93023949,-28.4,-0.996917334,-0.078459096,0.0
-166.3958574,-21.12037495,-34.79999999999999,-0.996917334,-0.078459096,0.0
-166.3958574,-21.12037495,-28.4,-0.996917334,-0.078459096,0.0
-166.3958574,-21.12037495,-37.99999999999999,-0.996917334,-0.078459096,0.0
-166.3958574,-21.12037495,-31.599999999999998,-0.996917334,-0.078459096,0.0
-166.1447883,-24.31051042,-31.599999999999998,-0.996917334,-0.078459096,0.0
-166.1447883,-24.31051042,-28.4,-0.996917334,-0.078459096,0.0
-166.6469265,-17.93023949,-31.599999999999998,-0.996917334,-0.078459096,0.0
-166.8979956,-14.74010402,-31.599999999999998,-0.996917334,-0.078459096,0.0
-166.6469265,-17.93023949,-37.99999999999999,-0.996917334,-0.078459096,0.0
-166.1447883,-24.31051042,-34.79999999999999,-0.996917334,-0.078459096,0.0
-166.6469265,-17.93023949,-34.79999999999999,-0.996917334,-0.078459096,0.0
-166.8979956,-14.74010402,-28.4,-0.996917334,-0.078459096,0.0
-166.1447883,-24.31051042,-37.99999999999999,-0.996917334,-0.078459096,0.0
-167.9022719,1.979563345,-14.79999999999999,-0.996917334,0.078459096,0.0
-167.6512028,5.169698813,-14.79999999999999,-0.996917334,0.078459096,0.0
-167.4001337,8.359834281,-24.4,-0.996917334,0.078459096,0.0
-167.9022719,1.979563345,-17.999999999999993,-0.996917334,0.078459096,0.0
-167.1490646,11.54996975,-17.999999999999993,-0.996917334,0.078459096,0.0
-167.4001337,8.359834281,-17.999999999999993,-0.996917334,0.078459096,0.0
-167.1490646,11.54996975,-14.79999999999999,-0.996917334,0.078459096,0.0
-167.9022719,1.979563345,-24.4,-0.996917334,0.078459096,0.0
-167.6512028,5.169698813,-21.199999999999996,-0.996917334,0.078459096,0.0
-167.1490646,11.54996975,-24.4,-0.996917334,0.078459096,0.0
-167.6512028,5.169698813,-17.999999999999993,-0.996917334,0.078459096,0.0
-167.1490646,11.54996975,-21.199999999999996,-0.996917334,0.078459096,0.0
-167.4001337,8.359834281,-14.79999999999999,-0.996917334,0.078459096,0.0
-167.4001337,8.359834281,-21.199999999999996,-0.996917334,0.078459096,0.0
-167.9022719,1.979563345,-21.199999999999996,-0.996917334,0.078459096,0.0
-167.6512028,5.169698813,-24.4,-0.996917334,0.078459096,0.0
-167.9022719,1.979563345,-11.599999999999994,-0.996917334,0.078459096,0.0
-167.6512028,5.169698813,-11.599999999999994,-0.996917334,0.078459096,0.0
-167.9022719,1.979563345,-8.399999999999999,-0.996917334,0.078459096,0.0
-167.6512028,5.169698813,-8.399999999999999,-0.996917334,0.078459096,0.0
-167.9022719,1.979563345,-2.0,-0.996917334,0.078459096,0.0
-167.9022719,1.979563345,-5.199999999999996,-0.996917334,0.078459096,0.0
-167.6512028,5.169698813,-2.0,-0.996917334,0.078459096,0.0
-167.6512028,5.169698813,-5.199999999999996,-0.996917334,0.078459096,0.0
-167.4001337,8.359834281,-11.599999999999994,-0.996917334,0.078459096,0.0
-167.4001337,8.359834281,-5.199999999999996,-0.996917334,0.078459096,0.0
-167.4001337,8.359834281,-8.399999999999999,-0.996917334,0.078459096,0.0
-166.8979955,14.74010522,-14.79999999999999,-0.996917334,0.078459096,0.0
-167.4001337,8.359834281,-2.0,-0.996917334,0.078459096,0.0
-167.1490646,11.54996975,-11.599999999999994,-0.996917334,0.078459096,0.0
-167.1490646,11.54996975,-2.0,-0.996917334,0.078459096,0.0
-167.1490646,11.54996975,-5.199999999999996,-0.996917334,0.078459096,0.0
-167.1490646,11.54996975,-8.399999999999999,-0.996917334,0.078459096,0.0
-166.8979955,14.74010522,-11.599999999999994,-0.996917334,0.078459096,0.0
-166.8979955,14.74010522,-8.399999999999999,-0.996917334,0.078459096,0.0
-166.8979955,14.74010522,-2.0,-0.996917334,0.078459096,0.0
-166.8979955,14.74010522,-5.199999999999996,-0.996917334,0.078459096,0.0
-166.6469264,17.93024068,-2.0,-0.996917334,0.078459096,0.0
-166.8979955,14.74010522,-17.999999999999993,-0.996917334,0.078459096,0.0
-166.6469264,17.93024068,-5.199999999999996,-0.996917334,0.078459096,0.0
-166.6469264,17.93024068,-8.399999999999999,-0.996917334,0.078459096,0.0
-166.6469264,17.93024068,-11.599999999999994,-0.996917334,0.078459096,0.0
-166.3958573,21.12037615,-5.199999999999996,-0.996917334,0.078459096,0.0
-166.3958573,21.12037615,-2.0,-0.996917334,0.078459096,0.0
-166.1447882,24.31051162,-2.0,-0.996917334,0.078459096,0.0
-166.3958573,21.12037615,-11.599999999999994,-0.996917334,0.078459096,0.0
-166.1447882,24.31051162,-5.199999999999996,-0.996917334,0.078459096,0.0
-166.3958573,21.12037615,-8.399999999999999,-0.996917334,0.078459096,0.0
-166.1447882,24.31051162,-11.599999999999994,-0.996917334,0.078459096,0.0
-166.1447882,24.31051162,-8.399999999999999,-0.996917334,0.078459096,0.0
-166.6469264,17.93024068,-21.199999999999996,-0.996917334,0.078459096,0.0
-166.3958573,21.12037615,-21.199999999999996,-0.996917334,0.078459096,0.0
-166.3958573,21.12037615,-24.4,-0.996917334,0.078459096,0.0
-166.3958573,21.12037615,-14.79999999999999,-0.996917334,0.078459096,0.0
-166.3958573,21.12037615,-17.999999999999993,-0.996917334,0.078459096,0.0
-166.1447882,24.31051162,-21.199999999999996,-0.996917334,0.078459096,0.0
-166.1447882,24.31051162,-24.4,-0.996917334,0.078459096,0.0
-166.6469264,17.93024068,-24.4,-0.996917334,0.078459096,0.0
-166.8979955,14.74010522,-24.4,-0.996917334,0.078459096,0.0
-166.6469264,17.93024068,-14.79999999999999,-0.996917334,0.078459096,0.0
-166.1447882,24.31051162,-17.999999999999993,-0.996917334,0.078459096,0.0
-166.6469264,17.93024068,-17.999999999999993,-0.996917334,0.078459096,0.0
-166.8979955,14.74010522,-21.199999999999996,-0.996917334,0.078459096,0.0
-166.1447882,24.31051162,-14.79999999999999,-0.996917334,0.078459096,0.0
-166.1447882,24.31051162,-37.99999999999999,-0.996917334,0.078459096,0.0
-166.3958573,21.12037615,-37.99999999999999,-0.996917334,0.078459096,0.0
-166.8979955,14.74010522,-34.79999999999999,-0.996917334,0.078459096,0.0
-166.3958573,21.12037615,-34.79999999999999,-0.996917334,0.078459096,0.0
-166.8979955,14.74010522,-37.99999999999999,-0.996917334,0.078459096,0.0
-166.1447882,24.31051162,-31.599999999999998,-0.996917334,0.078459096,0.0
-166.6469264,17.93024068,-31.599999999999998,-0.996917334,0.078459096,0.0
-166.1447882,24.31051162,-28.4,-0.996917334,0.078459096,0.0
-166.3958573,21.12037615,-31.599999999999998,-0.996917334,0.078459096,0.0
-167.1490646,11.54996975,-37.99999999999999,-0.996917334,0.078459096,0.0
-166.1447882,24.31051162,-34.79999999999999,-0.996917334,0.078459096,0.0
-167.1490646,11.54996975,-34.79999999999999,-0.996917334,0.078459096,0.0
-166.6469264,17.93024068,-37.99999999999999,-0.996917334,0.078459096,0.0
-166.6469264,17.93024068,-28.4,-0.996917334,0.078459096,0.0
-166.6469264,17.93024068,-34.79999999999999,-0.996917334,0.078459096,0.0
-166.3958573,21.12037615,-28.4,-0.996917334,0.078459096,0.0
-166.1447882,24.31051162,-41.199999999999996,-0.996917334,0.078459096,0.0
-166.1447882,24.31051162,-47.599999999999994,-0.996917334,0.078459096,0.0
-166.1447882,24.31051162,-44.4,-0.996917334,0.078459096,0.0
-166.1447882,24.31051162,-50.8,-0.996917334,0.078459096,0.0
-166.3958573,21.12037615,-44.4,-0.996917334,0.078459096,0.0
-166.3958573,21.12037615,-41.199999999999996,-0.996917334,0.078459096,0.0
-166.3958573,21.12037615,-47.599999999999994,-0.996917334,0.078459096,0.0
-166.3958573,21.12037615,-50.8,-0.996917334,0.078459096,0.0
-166.6469264,17.93024068,-41.199999999999996,-0.996917334,0.078459096,0.0
-166.6469264,17.93024068,-47.599999999999994,-0.996917334,0.078459096,0.0
-166.6469264,17.93024068,-44.4,-0.996917334,0.078459096,0.0
-166.8979955,14.74010522,-31.599999999999998,-0.996917334,0.078459096,0.0
-166.6469264,17.93024068,-50.8,-0.996917334,0.078459096,0.0
-166.8979955,14.74010522,-50.8,-0.996917334,0.078459096,0.0
-166.8979955,14.74010522,-47.599999999999994,-0.996917334,0.078459096,0.0
-166.8979955,14.74010522,-41.199999999999996,-0.996917334,0.078459096,0.0
-166.8979955,14.74010522,-44.4,-0.996917334,0.078459096,0.0
-167.1490646,11.54996975,-44.4,-0.996917334,0.078459096,0.0
-167.1490646,11.54996975,-47.599999999999994,-0.996917334,0.078459096,0.0
-167.1490646,11.54996975,-41.199999999999996,-0.996917334,0.078459096,0.0
-167.1490646,11.54996975,-50.8,-0.996917334,0.078459096,0.0
-167.4001337,8.359834281,-50.8,-0.996917334,0.078459096,0.0
-166.8979955,14.74010522,-28.4,-0.996917334,0.078459096,0.0
-167.4001337,8.359834281,-47.599999999999994,-0.996917334,0.078459096,0.0
-167.6512028,5.169698813,-50.8,-0.996917334,0.078459096,0.0
-167.4001337,8.359834281,-44.4,-0.996917334,0.078459096,0.0
-167.6512028,5.169698813,-47.599999999999994,-0.996917334,0.078459096,0.0
-167.4001337,8.359834281,-41.199999999999996,-0.996917334,0.078459096,0.0
-167.9022719,1.979563345,-50.8,-0.996917334,0.078459096,0.0
-167.6512028,5.169698813,-44.4,-0.996917334,0.078459096,0.0
-167.9022719,1.979563345,-47.599999999999994,-0.996917334,0.078459096,0.0
-167.6512028,5.169698813,-41.199999999999996,-0.996917334,0.078459096,0.0
-167.9022719,1.979563345,-44.4,-0.996917334,0.078459096,0.0
-167.9022719,1.979563345,-41.199999999999996,-0.996917334,0.078459096,0.0
-167.4001337,8.359834281,-28.4,-0.996917334,0.078459096,0.0
-167.6512028,5.169698813,-34.79999999999999,-0.996917334,0.078459096,0.0
-167.6512028,5.169698813,-28.4,-0.996917334,0.078459096,0.0
-167.6512028,5.169698813,-37.99999999999999,-0.996917334,0.078459096,0.0
-167.6512028,5.169698813,-31.599999999999998,-0.996917334,0.078459096,0.0
-167.9022719,1.979563345,-31.599999999999998,-0.996917334,0.078459096,0.0
-167.9022719,1.979563345,-28.4,-0.996917334,0.078459096,0.0
-167.4001337,8.359834281,-31.599999999999998,-0.996917334,0.078459096,0.0
-167.1490646,11.54996975,-31.599999999999998,-0.996917334,0.078459096,0.0
-167.4001337,8.359834281,-37.99999999999999,-0.996917334,0.078459096,0.0
-167.9022719,1.979563345,-34.79999999999999,-0.996917334,0.078459096,0.0
-167.4001337,8.359834281,-34.79999999999999,-0.996917334,0.078459096,0.0
-167.1490646,11.54996975,-28.4,-0.996917334,0.078459096,0.0
-167.9022719,1.979563345,-37.99999999999999,-0.996917334,0.078459096,0.0
-165.5254444,28.22089369,-14.79999999999999,-0.97236992,0.233445364,0.0
-164.7784192,31.33247744,-14.79999999999999,-0.97236992,0.233445364,0.0
-164.0313941,34.44406118,-24.4,-0.97236992,0.233445364,0.0
-165.5254444,28.22089369,-17.999999999999993,-0.97236992,0.233445364,0.0
-163.2843689,37.55564493,-17.999999999999993,-0.97236992,0.233445364,0.0
-164.0313941,34.44406118,-17.999999999999993,-0.97236992,0.233445364,0.0
-163.2843689,37.55564493,-14.79999999999999,-0.97236992,0.233445364,0.0
-165.5254444,28.22089369,-24.4,-0.97236992,0.233445364,0.0
-164.7784192,31.33247744,-21.199999999999996,-0.97236992,0.233445364,0.0
-163.2843689,37.55564493,-24.4,-0.97236992,0.233445364,0.0
-164.7784192,31.33247744,-17.999999999999993,-0.97236992,0.233445364,0.0
-163.2843689,37.55564493,-21.199999999999996,-0.97236992,0.233445364,0.0
-164.0313941,34.44406118,-14.79999999999999,-0.97236992,0.233445364,0.0
-164.0313941,34.44406118,-21.199999999999996,-0.97236992,0.233445364,0.0
-165.5254444,28.22089369,-21.199999999999996,-0.97236992,0.233445364,0.0
-164.7784192,31.33247744,-24.4,-0.97236992,0.233445364,0.0
-165.5254444,28.22089369,-11.599999999999994,-0.97236992,0.233445364,0.0
-164.7784192,31.33247744,-11.599999999999994,-0.97236992,0.233445364,0.0
-165.5254444,28.22089369,-8.399999999999999,-0.97236992,0.233445364,0.0
-164.7784192,31.33247744,-8.399999999999999,-0.97236992,0.233445364,0.0
-165.5254444,28.22089369,-2.0,-0.97236992,0.233445364,0.0
-165.5254444,28.22089369,-5.199999999999996,-0.97236992,0.233445364,0.0
-164.7784192,31.33247744,-2.0,-0.97236992,0.233445364,0.0
-164.7784192,31.33247744,-5.199999999999996,-0.97236992,0.233445364,0.0
-164.0313941,34.44406118,-11.599999999999994,-0.97236992,0.233445364,0.0
-164.0313941,34.44406118,-5.199999999999996,-0.97236992,0.233445364,0.0
-164.0313941,34.44406118,-8.399999999999999,-0.97236992,0.233445364,0.0
-162.5373438,40.66722867,-14.79999999999999,-0.97236992,0.233445364,0.0
-164.0313941,34.44406118,-2.0,-0.97236992,0.233445364,0.0
-163.2843689,37.55564493,-11.599999999999994,-0.97236992,0.233445364,0.0
-163.2843689,37.55564493,-2.0,-0.97236992,0.233445364,0.0
-163.2843689,37.55564493,-5.199999999999996,-0.97236992,0.233445364,0.0
-163.2843689,37.55564493,-8.399999999999999,-0.97236992,0.233445364,0.0
-162.5373438,40.66722867,-11.599999999999994,-0.97236992,0.233445364,0.0
-162.5373438,40.66722867,-8.399999999999999,-0.97236992,0.233445364,0.0
-162.5373438,40.66722867,-2.0,-0.97236992,0.233445364,0.0
-162.5373438,40.66722867,-5.199999999999996,-0.97236992,0.233445364,0.0
-161.7903186,43.77881242,-2.0,-0.97236992,0.233445364,0.0
-162.5373438,40.66722867,-17.999999999999993,-0.97236992,0.233445364,0.0
-161.7903186,43.77881242,-5.199999999999996,-0.97236992,0.233445364,0.0
-161.7903186,43.77881242,-8.399999999999999,-0.97236992,0.233445364,0.0
-161.7903186,43.77881242,-11.599999999999994,-0.97236992,0.233445364,0.0
-161.0432934,46.89039617,-5.199999999999996,-0.97236992,0.233445364,0.0
-161.0432934,46.89039617,-2.0,-0.97236992,0.233445364,0.0
-160.2962683,50.00197991,-2.0,-0.97236992,0.233445364,0.0
-161.0432934,46.89039617,-11.599999999999994,-0.97236992,0.233445364,0.0
-160.2962683,50.00197991,-5.199999999999996,-0.97236992,0.233445364,0.0
-161.0432934,46.89039617,-8.399999999999999,-0.97236992,0.233445364,0.0
-160.2962683,50.00197991,-11.599999999999994,-0.97236992,0.233445364,0.0
-160.2962683,50.00197991,-8.399999999999999,-0.97236992,0.233445364,0.0
-161.7903186,43.77881242,-21.199999999999996,-0.97236992,0.233445364,0.0
-161.0432934,46.89039617,-21.199999999999996,-0.97236992,0.233445364,0.0
-161.0432934,46.89039617,-24.4,-0.97236992,0.233445364,0.0
-161.0432934,46.89039617,-14.79999999999999,-0.97236992,0.233445364,0.0
-161.0432934,46.89039617,-17.999999999999993,-0.97236992,0.233445364,0.0
-160.2962683,50.00197991,-21.199999999999996,-0.97236992,0.233445364,0.0
-160.2962683,50.00197991,-24.4,-0.97236992,0.233445364,0.0
-161.7903186,43.77881242,-24.4,-0.97236992,0.233445364,0.0
-162.5373438,40.66722867,-24.4,-0.97236992,0.233445364,0.0
-161.7903186,43.77881242,-14.79999999999999,-0.97236992,0.233445364,0.0
-160.2962683,50.00197991,-17.999999999999993,-0.97236992,0.233445364,0.0
-161.7903186,43.77881242,-17.999999999999993,-0.97236992,0.233445364,0.0
-162.5373438,40.66722867,-21.199999999999996,-0.97236992,0.233445364,0.0
-160.2962683,50.00197991,-14.79999999999999,-0.97236992,0.233445364,0.0
-160.2962683,50.00197991,-37.99999999999999,-0.97236992,0.233445364,0.0
-161.0432934,46.89039617,-37.99999999999999,-0.97236992,0.233445364,0.0
-162.5373438,40.66722867,-34.79999999999999,-0.97236992,0.233445364,0.0
-161.0432934,46.89039617,-34.79999999999999,-0.97236992,0.233445364,0.0
-162.5373438,40.66722867,-37.99999999999999,-0.97236992,0.233445364,0.0
-160.2962683,50.00197991,-31.599999999999998,-0.97236992,0.233445364,0.0
-161.7903186,43.77881242,-31.599999999999998,-0.97236992,0.233445364,0.0
-160.2962683,50.00197991,-28.4,-0.97236992,0.233445364,0.0
-161.0432934,46.89039617,-31.599999999999998,-0.97236992,0.233445364,0.0
-163.2843689,37.55564493,-37.99999999999999,-0.97236992,0.233445364,0.0
-160.2962683,50.00197991,-34.79999999999999,-0.97236992,0.233445364,0.0
-163.2843689,37.55564493,-34.79999999999999,-0.97236992,0.233445364,0.0
-161.7903186,43.77881242,-37.99999999999999,-0.97236992,0.233445364,0.0
-161.7903186,43.77881242,-28.4,-0.97236992,0.233445364,0.0
-161.7903186,43.77881242,-34.79999999999999,-0.97236992,0.233445364,0.0
-161.0432934,46.89039617,-28.4,-0.97236992,0.233445364,0.0
-160.2962683,50.00197991,-41.199999999999996,-0.97236992,0.233445364,0.0
-160.2962683,50.00197991,-47.599999999999994,-0.97236992,0.233445364,0.0
-160.2962683,50.00197991,-44.4,-0.97236992,0.233445364,0.0
-160.2962683,50.00197991,-50.8,-0.97236992,0.233445364,0.0
-161.0432934,46.89039617,-44.4,-0.97236992,0.233445364,0.0
-161.0432934,46.89039617,-41.199999999999996,-0.97236992,0.233445364,0.0
-161.0432934,46.89039617,-47.599999999999994,-0.97236992,0.233445364,0.0
-161.0432934,46.89039617,-50.8,-0.97236992,0.233445364,0.0
-161.7903186,43.77881242,-41.199999999999996,-0.97236992,0.233445364,0.0
-161.7903186,43.77881242,-47.599999999999994,-0.97236992,0.233445364,0.0
-161.7903186,43.77881242,-44.4,-0.97236992,0.233445364,0.0
-162.5373438,40.66722867,-31.599999999999998,-0.97236992,0.233445364,0.0
-161.7903186,43.77881242,-50.8,-0.97236992,0.233445364,0.0
-162.5373438,40.66722867,-50.8,-0.97236992,0.233445364,0.0
-162.5373438,40.66722867,-47.599999999999994,-0.97236992,0.233445364,0.0
-162.5373438,40.66722867,-41.199999999999996,-0.97236992,0.233445364,0.0
-162.5373438,40.66722867,-44.4,-0.97236992,0.233445364,0.0
-163.2843689,37.55564493,-44.4,-0.97236992,0.233445364,0.0
-163.2843689,37.55564493,-47.599999999999994,-0.97236992,0.233445364,0.0
-163.2843689,37.55564493,-41.199999999999996,-0.97236992,0.233445364,0.0
-163.2843689,37.55564493,-50.8,-0.97236992,0.233445364,0.0
-164.0313941,34.44406118,-50.8,-0.97236992,0.233445364,0.0
-162.5373438,40.66722867,-28.4,-0.97236992,0.233445364,0.0
-164.0313941,34.44406118,-47.599999999999994,-0.97236992,0.233445364,0.0
-164.7784192,31.33247744,-50.8,-0.97236992,0.233445364,0.0
-164.0313941,34.44406118,-44.4,-0.97236992,0.233445364,0.0
-164.7784192,31.33247744,-47.599999999999994,-0.97236992,0.233445364,0.0
-164.0313941,34.44406118,-41.199999999999996,-0.97236992,0.233445364,0.0
-165.5254444,28.22089369,-50.8,-0.97236992,0.233445364,0.0
-164.7784192,31.33247744,-44.4,-0.97236992,0.233445364,0.0
-165.5254444,28.22089369,-47.599999999999994,-0.97236992,0.233445364,0.0
-164.7784192,31.33247744,-41.199999999999996,-0.97236992,0.233445364,0.0
-165.5254444,28.22089369,-44.4,-0.97236992,0.233445364,0.0
-165.5254444,28.22089369,-41.199999999999996,-0.97236992,0.233445364,0.0
-164.0313941,34.44406118,-28.4,-0.97236992,0.233445364,0.0
-164.7784192,31.33247744,-34.79999999999999,-0.97236992,0.233445364,0.0
-164.7784192,31.33247744,-28.4,-0.97236992,0.233445364,0.0
-164.7784192,31.33247744,-37.99999999999999,-0.97236992,0.233445364,0.0
-164.7784192,31.33247744,-31.599999999999998,-0.97236992,0.233445364,0.0
-165.5254444,28.22089369,-31.599999999999998,-0.97236992,0.233445364,0.0
-165.5254444,28.22089369,-28.4,-0.97236992,0.233445364,0.0
-164.0313941,34.44406118,-31.599999999999998,-0.97236992,0.233445364,0.0
-163.2843689,37.55564493,-31.599999999999998,-0.97236992,0.233445364,0.0
-164.0313941,34.44406118,-37.99999999999999,-0.97236992,0.233445364,0.0
-165.5254444,28.22089369,-34.79999999999999,-0.97236992,0.233445364,0.0
-164.0313941,34.44406118,-34.79999999999999,-0.97236992,0.233445364,0.0
-163.2843689,37.55564493,-28.4,-0.97236992,0.233445364,0.0
-165.5254444,28.22089369,-37.99999999999999,-0.97236992,0.233445364,0.0
-165.5254444,28.22089369,38.0,-0.97236992,0.233445364,0.0
-164.7784192,31.33247744,38.0,-0.97236992,0.233445364,0.0
-164.0313941,34.44406118,28.4,-0.97236992,0.233445364,0.0
-165.5254444,28.22089369,34.8,-0.97236992,0.233445364,0.0
-163.2843689,37.55564493,34.8,-0.97236992,0.233445364,0.0
-164.0313941,34.44406118,34.8,-0.97236992,0.233445364,0.0
-163.2843689,37.55564493,38.0,-0.97236992,0.233445364,0.0
-165.5254444,28.22089369,28.4,-0.97236992,0.233445364,0.0
-164.7784192,31.33247744,31.599999999999998,-0.97236992,0.233445364,0.0
-163.2843689,37.55564493,28.4,-0.97236992,0.233445364,0.0
-164.7784192,31.33247744,34.8,-0.97236992,0.233445364,0.0
-163.2843689,37.55564493,31.599999999999998,-0.97236992,0.233445364,0.0
-164.0313941,34.44406118,38.0,-0.97236992,0.233445364,0.0
-164.0313941,34.44406118,31.599999999999998,-0.97236992,0.233445364,0.0
-165.5254444,28.22089369,31.599999999999998,-0.97236992,0.233445364,0.0
-164.7784192,31.33247744,28.4,-0.97236992,0.233445364,0.0
-165.5254444,28.22089369,41.199999999999996,-0.97236992,0.233445364,0.0
-164.7784192,31.33247744,41.199999999999996,-0.97236992,0.233445364,0.0
-165.5254444,28.22089369,44.4,-0.97236992,0.233445364,0.0
-164.7784192,31.33247744,44.4,-0.97236992,0.233445364,0.0
-165.5254444,28.22089369,50.8,-0.97236992,0.233445364,0.0
-165.5254444,28.22089369,47.6,-0.97236992,0.233445364,0.0
-164.7784192,31.33247744,50.8,-0.97236992,0.233445364,0.0
-164.7784192,31.33247744,47.6,-0.97236992,0.233445364,0.0
-164.0313941,34.44406118,41.199999999999996,-0.97236992,0.233445364,0.0
-164.0313941,34.44406118,47.6,-0.97236992,0.233445364,0.0
-164.0313941,34.44406118,44.4,-0.97236992,0.233445364,0.0
-162.5373438,40.66722867,38.0,-0.97236992,0.233445364,0.0
-164.0313941,34.44406118,50.8,-0.97236992,0.233445364,0.0
-163.2843689,37.55564493,41.199999999999996,-0.97236992,0.233445364,0.0
-163.2843689,37.55564493,50.8,-0.97236992,0.233445364,0.0
-163.2843689,37.55564493,47.6,-0.97236992,0.233445364,0.0
-163.2843689,37.55564493,44.4,-0.97236992,0.233445364,0.0
-162.5373438,40.66722867,41.199999999999996,-0.97236992,0.233445364,0.0
-162.5373438,40.66722867,44.4,-0.97236992,0.233445364,0.0
-162.5373438,40.66722867,50.8,-0.97236992,0.233445364,0.0
-162.5373438,40.66722867,47.6,-0.97236992,0.233445364,0.0
-161.7903186,43.77881242,50.8,-0.97236992,0.233445364,0.0
-162.5373438,40.66722867,34.8,-0.97236992,0.233445364,0.0
-161.7903186,43.77881242,47.6,-0.97236992,0.233445364,0.0
-161.7903186,43.77881242,44.4,-0.97236992,0.233445364,0.0
-161.7903186,43.77881242,41.199999999999996,-0.97236992,0.233445364,0.0
-161.0432934,46.89039617,47.6,-0.97236992,0.233445364,0.0
-161.0432934,46.89039617,50.8,-0.97236992,0.233445364,0.0
-160.2962683,50.00197991,50.8,-0.97236992,0.233445364,0.0
-161.0432934,46.89039617,41.199999999999996,-0.97236992,0.233445364,0.0
-160.2962683,50.00197991,47.6,-0.97236992,0.233445364,0.0
-161.0432934,46.89039617,44.4,-0.97236992,0.233445364,0.0
-160.2962683,50.00197991,41.199999999999996,-0.97236992,0.233445364,0.0
-160.2962683,50.00197991,44.4,-0.97236992,0.233445364,0.0
-161.7903186,43.77881242,31.599999999999998,-0.97236992,0.233445364,0.0
-161.0432934,46.89039617,31.599999999999998,-0.97236992,0.233445364,0.0
-161.0432934,46.89039617,28.4,-0.97236992,0.233445364,0.0
-161.0432934,46.89039617,38.0,-0.97236992,0.233445364,0.0
-161.0432934,46.89039617,34.8,-0.97236992,0.233445364,0.0
-160.2962683,50.00197991,31.599999999999998,-0.97236992,0.233445364,0.0
-160.2962683,50.00197991,28.4,-0.97236992,0.233445364,0.0
-161.7903186,43.77881242,28.4,-0.97236992,0.233445364,0.0
-162.5373438,40.66722867,28.4,-0.97236992,0.233445364,0.0
-161.7903186,43.77881242,38.0,-0.97236992,0.233445364,0.0
-160.2962683,50.00197991,34.8,-0.97236992,0.233445364,0.0
-161.7903186,43.77881242,34.8,-0.97236992,0.233445364,0.0
-162.5373438,40.66722867,31.599999999999998,-0.97236992,0.233445364,0.0
-160.2962683,50.00197991,38.0,-0.97236992,0.233445364,0.0
-160.2962683,50.00197991,14.799999999999997,-0.97236992,0.233445364,0.0
-161.0432934,46.89039617,14.799999999999997,-0.97236992,0.233445364,0.0
-162.5373438,40.66722867,18.0,-0.97236992,0.233445364,0.0
-161.0432934,46.89039617,18.0,-0.97236992,0.233445364,0.0
-162.5373438,40.66722867,14.799999999999997,-0.97236992,0.233445364,0.0
-160.2962683,50.00197991,21.199999999999996,-0.97236992,0.233445364,0.0
-161.7903186,43.77881242,21.199999999999996,-0.97236992,0.233445364,0.0
-160.2962683,50.00197991,24.4,-0.97236992,0.233445364,0.0
-161.0432934,46.89039617,21.199999999999996,-0.97236992,0.233445364,0.0
-163.2843689,37.55564493,14.799999999999997,-0.97236992,0.233445364,0.0
-160.2962683,50.00197991,18.0,-0.97236992,0.233445364,0.0
-163.2843689,37.55564493,18.0,-0.97236992,0.233445364,0.0
-161.7903186,43.77881242,14.799999999999997,-0.97236992,0.233445364,0.0
-161.7903186,43.77881242,24.4,-0.97236992,0.233445364,0.0
-161.7903186,43.77881242,18.0,-0.97236992,0.233445364,0.0
-161.0432934,46.89039617,24.4,-0.97236992,0.233445364,0.0
-160.2962683,50.00197991,11.599999999999994,-0.97236992,0.233445364,0.0
-160.2962683,50.00197991,5.199999999999996,-0.97236992,0.233445364,0.0
-160.2962683,50.00197991,8.399999999999999,-0.97236992,0.233445364,0.0
-160.2962683,50.00197991,2.0,-0.97236992,0.233445364,0.0
-161.0432934,46.89039617,8.399999999999999,-0.97236992,0.233445364,0.0
-161.0432934,46.89039617,11.599999999999994,-0.97236992,0.233445364,0.0
-161.0432934,46.89039617,5.199999999999996,-0.97236992,0.233445364,0.0
-161.0432934,46.89039617,2.0,-0.97236992,0.233445364,0.0
-161.7903186,43.77881242,11.599999999999994,-0.97236992,0.233445364,0.0
-161.7903186,43.77881242,5.199999999999996,-0.97236992,0.233445364,0.0
-161.7903186,43.77881242,8.399999999999999,-0.97236992,0.233445364,0.0
-162.5373438,40.66722867,21.199999999999996,-0.97236992,0.233445364,0.0
-161.7903186,43.77881242,2.0,-0.97236992,0.233445364,0.0
-162.5373438,40.66722867,2.0,-0.97236992,0.233445364,0.0
-162.5373438,40.66722867,5.199999999999996,-0.97236992,0.233445364,0.0
-162.5373438,40.66722867,11.599999999999994,-0.97236992,0.233445364,0.0
-162.5373438,40.66722867,8.399999999999999,-0.97236992,0.233445364,0.0
-163.2843689,37.55564493,8.399999999999999,-0.97236992,0.233445364,0.0
-163.2843689,37.55564493,5.199999999999996,-0.97236992,0.233445364,0.0
-163.2843689,37.55564493,11.599999999999994,-0.97236992,0.233445364,0.0
-163.2843689,37.55564493,2.0,-0.97236992,0.233445364,0.0
-164.0313941,34.44406118,2.0,-0.97236992,0.233445364,0.0
-162.5373438,40.66722867,24.4,-0.97236992,0.233445364,0.0
-164.0313941,34.44406118,5.199999999999996,-0.97236992,0.233445364,0.0
-164.7784192,31.33247744,2.0,-0.97236992,0.233445364,0.0
-164.0313941,34.44406118,8.399999999999999,-0.97236992,0.233445364,0.0
-164.7784192,31.33247744,5.199999999999996,-0.97236992,0.233445364,0.0
-164.0313941,34.44406118,11.599999999999994,-0.97236992,0.233445364,0.0
-165.5254444,28.22089369,2.0,-0.97236992,0.233445364,0.0
-164.7784192,31.33247744,8.399999999999999,-0.97236992,0.233445364,0.0
-165.5254444,28.22089369,5.199999999999996,-0.97236992,0.233445364,0.0
-164.7784192,31.33247744,11.599999999999994,-0.97236992,0.233445364,0.0
-165.5254444,28.22089369,8.399999999999999,-0.97236992,0.233445364,0.0
-165.5254444,28.22089369,11.599999999999994,-0.97236992,0.233445364,0.0
-164.0313941,34.44406118,24.4,-0.97236992,0.233445364,0.0
-164.7784192,31.33247744,18.0,-0.97236992,0.233445364,0.0
-164.7784192,31.33247744,24.4,-0.97236992,0.233445364,0.0
-164.7784192,31.33247744,14.799999999999997,-0.97236992,0.233445364,0.0
-164.7784192,31.33247744,21.199999999999996,-0.97236992,0.233445364,0.0
-165.5254444,28.22089369,21.199999999999996,-0.97236992,0.233445364,0.0
-165.5254444,28.22089369,24.4,-0.97236992,0.233445364,0.0
-164.0313941,34.44406118,21.199999999999996,-0.97236992,0.233445364,0.0
-163.2843689,37.55564493,21.199999999999996,-0.97236992,0.233445364,0.0
-164.0313941,34.44406118,14.799999999999997,-0.97236992,0.233445364,0.0
-165.5254444,28.22089369,18.0,-0.97236992,0.233445364,0.0
-164.0313941,34.44406118,18.0,-0.97236992,0.233445364,0.0
-163.2843689,37.55564493,24.4,-0.97236992,0.233445364,0.0
-165.5254444,28.22089369,14.799999999999997,-0.97236992,0.233445364,0.0
-167.9022719,1.979563345,38.0,-0.996917334,0.078459096,0.0
-167.6512028,5.169698813,38.0,-0.996917334,0.078459096,0.0
-167.4001337,8.359834281,28.4,-0.996917334,0.078459096,0.0
-167.9022719,1.979563345,34.8,-0.996917334,0.078459096,0.0
-167.1490646,11.54996975,34.8,-0.996917334,0.078459096,0.0
-167.4001337,8.359834281,34.8,-0.996917334,0.078459096,0.0
-167.1490646,11.54996975,38.0,-0.996917334,0.078459096,0.0
-167.9022719,1.979563345,28.4,-0.996917334,0.078459096,0.0
-167.6512028,5.169698813,31.599999999999998,-0.996917334,0.078459096,0.0
-167.1490646,11.54996975,28.4,-0.996917334,0.078459096,0.0
-167.6512028,5.169698813,34.8,-0.996917334,0.078459096,0.0
-167.1490646,11.54996975,31.599999999999998,-0.996917334,0.078459096,0.0
-167.4001337,8.359834281,38.0,-0.996917334,0.078459096,0.0
-167.4001337,8.359834281,31.599999999999998,-0.996917334,0.078459096,0.0
-167.9022719,1.979563345,31.599999999999998,-0.996917334,0.078459096,0.0
-167.6512028,5.169698813,28.4,-0.996917334,0.078459096,0.0
-167.9022719,1.979563345,41.199999999999996,-0.996917334,0.078459096,0.0
-167.6512028,5.169698813,41.199999999999996,-0.996917334,0.078459096,0.0
-167.9022719,1.979563345,44.4,-0.996917334,0.078459096,0.0
-167.6512028,5.169698813,44.4,-0.996917334,0.078459096,0.0
-167.9022719,1.979563345,50.8,-0.996917334,0.078459096,0.0
-167.9022719,1.979563345,47.6,-0.996917334,0.078459096,0.0
-167.6512028,5.169698813,50.8,-0.996917334,0.078459096,0.0
-167.6512028,5.169698813,47.6,-0.996917334,0.078459096,0.0
-167.4001337,8.359834281,41.199999999999996,-0.996917334,0.078459096,0.0
-167.4001337,8.359834281,47.6,-0.996917334,0.078459096,0.0
-167.4001337,8.359834281,44.4,-0.996917334,0.078459096,0.0
-166.8979955,14.74010522,38.0,-0.996917334,0.078459096,0.0
-167.4001337,8.359834281,50.8,-0.996917334,0.078459096,0.0
-167.1490646,11.54996975,41.199999999999996,-0.996917334,0.078459096,0.0
-167.1490646,11.54996975,50.8,-0.996917334,0.078459096,0.0
-167.1490646,11.54996975,47.6,-0.996917334,0.078459096,0.0
-167.1490646,11.54996975,44.4,-0.996917334,0.078459096,0.0
-166.8979955,14.74010522,41.199999999999996,-0.996917334,0.078459096,0.0
-166.8979955,14.74010522,44.4,-0.996917334,0.078459096,0.0
-166.8979955,14.74010522,50.8,-0.996917334,0.078459096,0.0
-166.8979955,14.74010522,47.6,-0.996917334,0.078459096,0.0
-166.6469264,17.93024068,50.8,-0.996917334,0.078459096,0.0
-166.8979955,14.74010522,34.8,-0.996917334,0.078459096,0.0
-166.6469264,17.93024068,47.6,-0.996917334,0.078459096,0.0
-166.6469264,17.93024068,44.4,-0.996917334,0.078459096,0.0
-166.6469264,17.93024068,41.199999999999996,-0.996917334,0.078459096,0.0
-166.3958573,21.12037615,47.6,-0.996917334,0.078459096,0.0
-166.3958573,21.12037615,50.8,-0.996917334,0.078459096,0.0
-166.1447882,24.31051162,50.8,-0.996917334,0.078459096,0.0
-166.3958573,21.12037615,41.199999999999996,-0.996917334,0.078459096,0.0
-166.1447882,24.31051162,47.6,-0.996917334,0.078459096,0.0
-166.3958573,21.12037615,44.4,-0.996917334,0.078459096,0.0
-166.1447882,24.31051162,41.199999999999996,-0.996917334,0.078459096,0.0
-166.1447882,24.31051162,44.4,-0.996917334,0.078459096,0.0
-166.6469264,17.93024068,31.599999999999998,-0.996917334,0.078459096,0.0
-166.3958573,21.12037615,31.599999999999998,-0.996917334,0.078459096,0.0
-166.3958573,21.12037615,28.4,-0.996917334,0.078459096,0.0
-166.3958573,21.12037615,38.0,-0.996917334,0.078459096,0.0
-166.3958573,21.12037615,34.8,-0.996917334,0.078459096,0.0
-166.1447882,24.31051162,31.599999999999998,-0.996917334,0.078459096,0.0
-166.1447882,24.31051162,28.4,-0.996917334,0.078459096,0.0
-166.6469264,17.93024068,28.4,-0.996917334,0.078459096,0.0
-166.8979955,14.74010522,28.4,-0.996917334,0.078459096,0.0
-166.6469264,17.93024068,38.0,-0.996917334,0.078459096,0.0
-166.1447882,24.31051162,34.8,-0.996917334,0.078459096,0.0
-166.6469264,17.93024068,34.8,-0.996917334,0.078459096,0.0
-166.8979955,14.74010522,31.599999999999998,-0.996917334,0.078459096,0.0
-166.1447882,24.31051162,38.0,-0.996917334,0.078459096,0.0
-166.1447882,24.31051162,14.799999999999997,-0.996917334,0.078459096,0.0
-166.3958573,21.12037615,14.799999999999997,-0.996917334,0.078459096,0.0
-166.8979955,14.74010522,18.0,-0.996917334,0.078459096,0.0
-166.3958573,21.12037615,18.0,-0.996917334,0.078459096,0.0
-166.8979955,14.74010522,14.799999999999997,-0.996917334,0.078459096,0.0
-166.1447882,24.31051162,21.199999999999996,-0.996917334,0.078459096,0.0
-166.6469264,17.93024068,21.199999999999996,-0.996917334,0.078459096,0.0
-166.1447882,24.31051162,24.4,-0.996917334,0.078459096,0.0
-166.3958573,21.12037615,21.199999999999996,-0.996917334,0.078459096,0.0
-167.1490646,11.54996975,14.799999999999997,-0.996917334,0.078459096,0.0
-166.1447882,24.31051162,18.0,-0.996917334,0.078459096,0.0
-167.1490646,11.54996975,18.0,-0.996917334,0.078459096,0.0
-166.6469264,17.93024068,14.799999999999997,-0.996917334,0.078459096,0.0
-166.6469264,17.93024068,24.4,-0.996917334,0.078459096,0.0
-166.6469264,17.93024068,18.0,-0.996917334,0.078459096,0.0
-166.3958573,21.12037615,24.4,-0.996917334,0.078459096,0.0
-166.1447882,24.31051162,11.599999999999994,-0.996917334,0.078459096,0.0
-166.1447882,24.31051162,5.199999999999996,-0.996917334,0.078459096,0.0
-166.1447882,24.31051162,8.399999999999999,-0.996917334,0.078459096,0.0
-166.1447882,24.31051162,2.0,-0.996917334,0.078459096,0.0
-166.3958573,21.12037615,8.399999999999999,-0.996917334,0.078459096,0.0
-166.3958573,21.12037615,11.599999999999994,-0.996917334,0.078459096,0.0
-166.3958573,21.12037615,5.199999999999996,-0.996917334,0.078459096,0.0
-166.3958573,21.12037615,2.0,-0.996917334,0.078459096,0.0
-166.6469264,17.93024068,11.599999999999994,-0.996917334,0.078459096,0.0
-166.6469264,17.93024068,5.199999999999996,-0.996917334,0.078459096,0.0
-166.6469264,17.93024068,8.399999999999999,-0.996917334,0.078459096,0.0
-166.8979955,14.74010522,21.199999999999996,-0.996917334,0.078459096,0.0
-166.6469264,17.93024068,2.0,-0.996917334,0.078459096,0.0
-166.8979955,14.74010522,2.0,-0.996917334,0.078459096,0.0
-166.8979955,14.74010522,5.199999999999996,-0.996917334,0.078459096,0.0
-166.8979955,14.74010522,11.599999999999994,-0.996917334,0.078459096,0.0
-166.8979955,14.74010522,8.399999999999999,-0.996917334,0.078459096,0.0
-167.1490646,11.54996975,8.399999999999999,-0.996917334,0.078459096,0.0
-167.1490646,11.54996975,5.199999999999996,-0.996917334,0.078459096,0.0
-167.1490646,11.54996975,11.599999999999994,-0.996917334,0.078459096,0.0
-167.1490646,11.54996975,2.0,-0.996917334,0.078459096,0.0
-167.4001337,8.359834281,2.0,-0.996917334,0.078459096,0.0
-166.8979955,14.74010522,24.4,-0.996917334,0.078459096,0.0
-167.4001337,8.359834281,5.199999999999996,-0.996917334,0.078459096,0.0
-167.6512028,5.169698813,2.0,-0.996917334,0.078459096,0.0
-167.4001337,8.359834281,8.399999999999999,-0.996917334,0.078459096,0.0
-167.6512028,5.169698813,5.199999999999996,-0.996917334,0.078459096,0.0
-167.4001337,8.359834281,11.599999999999994,-0.996917334,0.078459096,0.0
-167.9022719,1.979563345,2.0,-0.996917334,0.078459096,0.0
-167.6512028,5.169698813,8.399999999999999,-0.996917334,0.078459096,0.0
-167.9022719,1.979563345,5.199999999999996,-0.996917334,0.078459096,0.0
-167.6512028,5.169698813,11.599999999999994,-0.996917334,0.078459096,0.0
-167.9022719,1.979563345,8.399999999999999,-0.996917334,0.078459096,0.0
-167.9022719,1.979563345,11.599999999999994,-0.996917334,0.078459096,0.0
-167.4001337,8.359834281,24.4,-0.996917334,0.078459096,0.0
-167.6512028,5.169698813,18.0,-0.996917334,0.078459096,0.0
-167.6512028,5.169698813,24.4,-0.996917334,0.078459096,0.0
-167.6512028,5.169698813,14.799999999999997,-0.996917334,0.078459096,0.0
-167.6512028,5.169698813,21.199999999999996,-0.996917334,0.078459096,0.0
-167.9022719,1.979563345,21.199999999999996,-0.996917334,0.078459096,0.0
-167.9022719,1.979563345,24.4,-0.996917334,0.078459096,0.0
-167.4001337,8.359834281,21.199999999999996,-0.996917334,0.078459096,0.0
-167.1490646,11.54996975,21.199999999999996,-0.996917334,0.078459096,0.0
-167.4001337,8.359834281,14.799999999999997,-0.996917334,0.078459096,0.0
-167.9022719,1.979563345,18.0,-0.996917334,0.078459096,0.0
-167.4001337,8.359834281,18.0,-0.996917334,0.078459096,0.0
-167.1490646,11.54996975,24.4,-0.996917334,0.078459096,0.0
-167.9022719,1.979563345,14.799999999999997,-0.996917334,0.078459096,0.0
-166.1447883,-24.31051042,38.0,-0.996917334,-0.078459096,0.0
-166.3958574,-21.12037495,38.0,-0.996917334,-0.078459096,0.0
-166.6469265,-17.93023949,28.4,-0.996917334,-0.078459096,0.0
-166.1447883,-24.31051042,34.8,-0.996917334,-0.078459096,0.0
-166.8979956,-14.74010402,34.8,-0.996917334,-0.078459096,0.0
-166.6469265,-17.93023949,34.8,-0.996917334,-0.078459096,0.0
-166.8979956,-14.74010402,38.0,-0.996917334,-0.078459096,0.0
-166.1447883,-24.31051042,28.4,-0.996917334,-0.078459096,0.0
-166.3958574,-21.12037495,31.599999999999998,-0.996917334,-0.078459096,0.0
-166.8979956,-14.74010402,28.4,-0.996917334,-0.078459096,0.0
-166.3958574,-21.12037495,34.8,-0.996917334,-0.078459096,0.0
-166.8979956,-14.74010402,31.599999999999998,-0.996917334,-0.078459096,0.0
-166.6469265,-17.93023949,38.0,-0.996917334,-0.078459096,0.0
-166.6469265,-17.93023949,31.599999999999998,-0.996917334,-0.078459096,0.0
-166.1447883,-24.31051042,31.599999999999998,-0.996917334,-0.078459096,0.0
-166.3958574,-21.12037495,28.4,-0.996917334,-0.078459096,0.0
-166.1447883,-24.31051042,41.199999999999996,-0.996917334,-0.078459096,0.0
-166.3958574,-21.12037495,41.199999999999996,-0.996917334,-0.078459096,0.0
-166.1447883,-24.31051042,44.4,-0.996917334,-0.078459096,0.0
-166.3958574,-21.12037495,44.4,-0.996917334,-0.078459096,0.0
-166.1447883,-24.31051042,50.8,-0.996917334,-0.078459096,0.0
-166.1447883,-24.31051042,47.6,-0.996917334,-0.078459096,0.0
-166.3958574,-21.12037495,50.8,-0.996917334,-0.078459096,0.0
-166.3958574,-21.12037495,47.6,-0.996917334,-0.078459096,0.0
-166.6469265,-17.93023949,41.199999999999996,-0.996917334,-0.078459096,0.0
-166.6469265,-17.93023949,47.6,-0.996917334,-0.078459096,0.0
-166.6469265,-17.93023949,44.4,-0.996917334,-0.078459096,0.0
-167.1490647,-11.54996855,38.0,-0.996917334,-0.078459096,0.0
-166.6469265,-17.93023949,50.8,-0.996917334,-0.078459096,0.0
-166.8979956,-14.74010402,41.199999999999996,-0.996917334,-0.078459096,0.0
-166.8979956,-14.74010402,50.8,-0.996917334,-0.078459096,0.0
-166.8979956,-14.74010402,47.6,-0.996917334,-0.078459096,0.0
-166.8979956,-14.74010402,44.4,-0.996917334,-0.078459096,0.0
-167.1490647,-11.54996855,41.199999999999996,-0.996917334,-0.078459096,0.0
-167.1490647,-11.54996855,44.4,-0.996917334,-0.078459096,0.0
-167.1490647,-11.54996855,50.8,-0.996917334,-0.078459096,0.0
-167.1490647,-11.54996855,47.6,-0.996917334,-0.078459096,0.0
-167.4001338,-8.359833082,50.8,-0.996917334,-0.078459096,0.0
-167.1490647,-11.54996855,34.8,-0.996917334,-0.078459096,0.0
-167.4001338,-8.359833082,47.6,-0.996917334,-0.078459096,0.0
-167.4001338,-8.359833082,44.4,-0.996917334,-0.078459096,0.0
-167.4001338,-8.359833082,41.199999999999996,-0.996917334,-0.078459096,0.0
-167.6512029,-5.169697614,47.6,-0.996917334,-0.078459096,0.0
-167.6512029,-5.169697614,50.8,-0.996917334,-0.078459096,0.0
-167.902272,-1.979562146,50.8,-0.996917334,-0.078459096,0.0
-167.6512029,-5.169697614,41.199999999999996,-0.996917334,-0.078459096,0.0
-167.902272,-1.979562146,47.6,-0.996917334,-0.078459096,0.0
-167.6512029,-5.169697614,44.4,-0.996917334,-0.078459096,0.0
-167.902272,-1.979562146,41.199999999999996,-0.996917334,-0.078459096,0.0
-167.902272,-1.979562146,44.4,-0.996917334,-0.078459096,0.0
-167.4001338,-8.359833082,31.599999999999998,-0.996917334,-0.078459096,0.0
-167.6512029,-5.169697614,31.599999999999998,-0.996917334,-0.078459096,0.0
-167.6512029,-5.169697614,28.4,-0.996917334,-0.078459096,0.0
-167.6512029,-5.169697614,38.0,-0.996917334,-0.078459096,0.0
-167.6512029,-5.169697614,34.8,-0.996917334,-0.078459096,0.0
-167.902272,-1.979562146,31.599999999999998,-0.996917334,-0.078459096,0.0
-167.902272,-1.979562146,28.4,-0.996917334,-0.078459096,0.0
-167.4001338,-8.359833082,28.4,-0.996917334,-0.078459096,0.0
-167.1490647,-11.54996855,28.4,-0.996917334,-0.078459096,0.0
-167.4001338,-8.359833082,38.0,-0.996917334,-0.078459096,0.0
-167.902272,-1.979562146,34.8,-0.996917334,-0.078459096,0.0
-167.4001338,-8.359833082,34.8,-0.996917334,-0.078459096,0.0
-167.1490647,-11.54996855,31.599999999999998,-0.996917334,-0.078459096,0.0
-167.902272,-1.979562146,38.0,-0.996917334,-0.078459096,0.0
-167.902272,-1.979562146,14.799999999999997,-0.996917334,-0.078459096,0.0
-167.6512029,-5.169697614,14.799999999999997,-0.996917334,-0.078459096,0.0
-167.1490647,-11.54996855,18.0,-0.996917334,-0.078459096,0.0
-167.6512029,-5.169697614,18.0,-0.996917334,-0.078459096,0.0
-167.1490647,-11.54996855,14.799999999999997,-0.996917334,-0.078459096,0.0
-167.902272,-1.979562146,21.199999999999996,-0.996917334,-0.078459096,0.0
-167.4001338,-8.359833082,21.199999999999996,-0.996917334,-0.078459096,0.0
-167.902272,-1.979562146,24.4,-0.996917334,-0.078459096,0.0
-167.6512029,-5.169697614,21.199999999999996,-0.996917334,-0.078459096,0.0
-166.8979956,-14.74010402,14.799999999999997,-0.996917334,-0.078459096,0.0
-167.902272,-1.979562146,18.0,-0.996917334,-0.078459096,0.0
-166.8979956,-14.74010402,18.0,-0.996917334,-0.078459096,0.0
-167.4001338,-8.359833082,14.799999999999997,-0.996917334,-0.078459096,0.0
-167.4001338,-8.359833082,24.4,-0.996917334,-0.078459096,0.0
-167.4001338,-8.359833082,18.0,-0.996917334,-0.078459096,0.0
-167.6512029,-5.169697614,24.4,-0.996917334,-0.078459096,0.0
-167.902272,-1.979562146,11.599999999999994,-0.996917334,-0.078459096,0.0
-167.902272,-1.979562146,5.199999999999996,-0.996917334,-0.078459096,0.0
-167.902272,-1.979562146,8.399999999999999,-0.996917334,-0.078459096,0.0
-167.902272,-1.979562146,2.0,-0.996917334,-0.078459096,0.0
-167.6512029,-5.169697614,8.399999999999999,-0.996917334,-0.078459096,0.0
-167.6512029,-5.169697614,11.599999999999994,-0.996917334,-0.078459096,0.0
-167.6512029,-5.169697614,5.199999999999996,-0.996917334,-0.078459096,0.0
-167.6512029,-5.169697614,2.0,-0.996917334,-0.078459096,0.0
-167.4001338,-8.359833082,11.599999999999994,-0.996917334,-0.078459096,0.0
-167.4001338,-8.359833082,5.199999999999996,-0.996917334,-0.078459096,0.0
-167.4001338,-8.359833082,8.399999999999999,-0.996917334,-0.078459096,0.0
-167.1490647,-11.54996855,21.199999999999996,-0.996917334,-0.078459096,0.0
-167.4001338,-8.359833082,2.0,-0.996917334,-0.078459096,0.0
-167.1490647,-11.54996855,2.0,-0.996917334,-0.078459096,0.0
-167.1490647,-11.54996855,5.199999999999996,-0.996917334,-0.078459096,0.0
-167.1490647,-11.54996855,11.599999999999994,-0.996917334,-0.078459096,0.0
-167.1490647,-11.54996855,8.399999999999999,-0.996917334,-0.078459096,0.0
-166.8979956,-14.74010402,8.399999999999999,-0.996917334,-0.078459096,0.0
-166.8979956,-14.74010402,5.199999999999996,-0.996917334,-0.078459096,0.0
-166.8979956,-14.74010402,11.599999999999994,-0.996917334,-0.078459096,0.0
-166.8979956,-14.74010402,2.0,-0.996917334,-0.078459096,0.0
-166.6469265,-17.93023949,2.0,-0.996917334,-0.078459096,0.0
-167.1490647,-11.54996855,24.4,-0.996917334,-0.078459096,0.0
-166.6469265,-17.93023949,5.199999999999996,-0.996917334,-0.078459096,0.0
-166.3958574,-21.12037495,2.0,-0.996917334,-0.078459096,0.0
-166.6469265,-17.93023949,8.399999999999999,-0.996917334,-0.078459096,0.0
-166.3958574,-21.12037495,5.199999999999996,-0.996917334,-0.078459096,0.0
-166.6469265,-17.93023949,11.599999999999994,-0.996917334,-0.078459096,0.0
-166.1447883,-24.31051042,2.0,-0.996917334,-0.078459096,0.0
-166.3958574,-21.12037495,8.399999999999999,-0.996917334,-0.078459096,0.0
-166.1447883,-24.31051042,5.199999999999996,-0.996917334,-0.078459096,0.0
-166.3958574,-21.12037495,11.599999999999994,-0.996917334,-0.078459096,0.0
-166.1447883,-24.31051042,8.399999999999999,-0.996917334,-0.078459096,0.0
-166.1447883,-24.31051042,11.599999999999994,-0.996917334,-0.078459096,0.0
-166.6469265,-17.93023949,24.4,-0.996917334,-0.078459096,0.0
-166.3958574,-21.12037495,18.0,-0.996917334,-0.078459096,0.0
-166.3958574,-21.12037495,24.4,-0.996917334,-0.078459096,0.0
-166.3958574,-21.12037495,14.799999999999997,-0.996917334,-0.078459096,0.0
-166.3958574,-21.12037495,21.199999999999996,-0.996917334,-0.078459096,0.0
-166.1447883,-24.31051042,21.199999999999996,-0.996917334,-0.078459096,0.0
-166.1447883,-24.31051042,24.4,-0.996917334,-0.078459096,0.0
-166.6469265,-17.93023949,21.199999999999996,-0.996917334,-0.078459096,0.0
-166.8979956,-14.74010402,21.199999999999996,-0.996917334,-0.078459096,0.0
-166.6469265,-17.93023949,14.799999999999997,-0.996917334,-0.078459096,0.0
-166.1447883,-24.31051042,18.0,-0.996917334,-0.078459096,0.0
-166.6469265,-17.93023949,18.0,-0.996917334,-0.078459096,0.0
-166.8979956,-14.74010402,24.4,-0.996917334,-0.078459096,0.0
-166.1447883,-24.31051042,14.799999999999997,-0.996917334,-0.078459096,0.0
-160.2962685,-50.00197874,38.0,-0.97236992,-0.233445364,0.0
-161.0432937,-46.890395,38.0,-0.97236992,-0.233445364,0.0
-161.7903189,-43.77881125,28.4,-0.97236992,-0.233445364,0.0
-160.2962685,-50.00197874,34.8,-0.97236992,-0.233445364,0.0
-162.537344,-40.6672275,34.8,-0.97236992,-0.233445364,0.0
-161.7903189,-43.77881125,34.8,-0.97236992,-0.233445364,0.0
-162.537344,-40.6672275,38.0,-0.97236992,-0.233445364,0.0
-160.2962685,-50.00197874,28.4,-0.97236992,-0.233445364,0.0
-161.0432937,-46.890395,31.599999999999998,-0.97236992,-0.233445364,0.0
-162.537344,-40.6672275,28.4,-0.97236992,-0.233445364,0.0
-161.0432937,-46.890395,34.8,-0.97236992,-0.233445364,0.0
-162.537344,-40.6672275,31.599999999999998,-0.97236992,-0.233445364,0.0
-161.7903189,-43.77881125,38.0,-0.97236992,-0.233445364,0.0
-161.7903189,-43.77881125,31.599999999999998,-0.97236992,-0.233445364,0.0
-160.2962685,-50.00197874,31.599999999999998,-0.97236992,-0.233445364,0.0
-161.0432937,-46.890395,28.4,-0.97236992,-0.233445364,0.0
-160.2962685,-50.00197874,41.199999999999996,-0.97236992,-0.233445364,0.0
-161.0432937,-46.890395,41.199999999999996,-0.97236992,-0.233445364,0.0
-160.2962685,-50.00197874,44.4,-0.97236992,-0.233445364,0.0
-161.0432937,-46.890395,44.4,-0.97236992,-0.233445364,0.0
-160.2962685,-50.00197874,50.8,-0.97236992,-0.233445364,0.0
-160.2962685,-50.00197874,47.6,-0.97236992,-0.233445364,0.0
-161.0432937,-46.890395,50.8,-0.97236992,-0.233445364,0.0
-161.0432937,-46.890395,47.6,-0.97236992,-0.233445364,0.0
-161.7903189,-43.77881125,41.199999999999996,-0.97236992,-0.233445364,0.0
-161.7903189,-43.77881125,47.6,-0.97236992,-0.233445364,0.0
-161.7903189,-43.77881125,44.4,-0.97236992,-0.233445364,0.0
-163.2843692,-37.55564376,38.0,-0.97236992,-0.233445364,0.0
-161.7903189,-43.77881125,50.8,-0.97236992,-0.233445364,0.0
-162.537344,-40.6672275,41.199999999999996,-0.97236992,-0.233445364,0.0
-162.537344,-40.6672275,50.8,-0.97236992,-0.233445364,0.0
-162.537344,-40.6672275,47.6,-0.97236992,-0.233445364,0.0
-162.537344,-40.6672275,44.4,-0.97236992,-0.233445364,0.0
-163.2843692,-37.55564376,41.199999999999996,-0.97236992,-0.233445364,0.0
-163.2843692,-37.55564376,44.4,-0.97236992,-0.233445364,0.0
-163.2843692,-37.55564376,50.8,-0.97236992,-0.233445364,0.0
-163.2843692,-37.55564376,47.6,-0.97236992,-0.233445364,0.0
-164.0313944,-34.44406001,50.8,-0.97236992,-0.233445364,0.0
-163.2843692,-37.55564376,34.8,-0.97236992,-0.233445364,0.0
-164.0313944,-34.44406001,47.6,-0.97236992,-0.233445364,0.0
-164.0313944,-34.44406001,44.4,-0.97236992,-0.233445364,0.0
-164.0313944,-34.44406001,41.199999999999996,-0.97236992,-0.233445364,0.0
-164.7784195,-31.33247627,47.6,-0.97236992,-0.233445364,0.0
-164.7784195,-31.33247627,50.8,-0.97236992,-0.233445364,0.0
-165.5254447,-28.22089252,50.8,-0.97236992,-0.233445364,0.0
-164.7784195,-31.33247627,41.199999999999996,-0.97236992,-0.233445364,0.0
-165.5254447,-28.22089252,47.6,-0.97236992,-0.233445364,0.0
-164.7784195,-31.33247627,44.4,-0.97236992,-0.233445364,0.0
-165.5254447,-28.22089252,41.199999999999996,-0.97236992,-0.233445364,0.0
-165.5254447,-28.22089252,44.4,-0.97236992,-0.233445364,0.0
-164.0313944,-34.44406001,31.599999999999998,-0.97236992,-0.233445364,0.0
-164.7784195,-31.33247627,31.599999999999998,-0.97236992,-0.233445364,0.0
-164.7784195,-31.33247627,28.4,-0.97236992,-0.233445364,0.0
-164.7784195,-31.33247627,38.0,-0.97236992,-0.233445364,0.0
-164.7784195,-31.33247627,34.8,-0.97236992,-0.233445364,0.0
-165.5254447,-28.22089252,31.599999999999998,-0.97236992,-0.233445364,0.0
-165.5254447,-28.22089252,28.4,-0.97236992,-0.233445364,0.0
-164.0313944,-34.44406001,28.4,-0.97236992,-0.233445364,0.0
-163.2843692,-37.55564376,28.4,-0.97236992,-0.233445364,0.0
-164.0313944,-34.44406001,38.0,-0.97236992,-0.233445364,0.0
-165.5254447,-28.22089252,34.8,-0.97236992,-0.233445364,0.0
-164.0313944,-34.44406001,34.8,-0.97236992,-0.233445364,0.0
-163.2843692,-37.55564376,31.599999999999998,-0.97236992,-0.233445364,0.0
-165.5254447,-28.22089252,38.0,-0.97236992,-0.233445364,0.0
-165.5254447,-28.22089252,14.799999999999997,-0.97236992,-0.233445364,0.0
-164.7784195,-31.33247627,14.799999999999997,-0.97236992,-0.233445364,0.0
-163.2843692,-37.55564376,18.0,-0.97236992,-0.233445364,0.0
-164.7784195,-31.33247627,18.0,-0.97236992,-0.233445364,0.0
-163.2843692,-37.55564376,14.799999999999997,-0.97236992,-0.233445364,0.0
-165.5254447,-28.22089252,21.199999999999996,-0.97236992,-0.233445364,0.0
-164.0313944,-34.44406001,21.199999999999996,-0.97236992,-0.233445364,0.0
-165.5254447,-28.22089252,24.4,-0.97236992,-0.233445364,0.0
-164.7784195,-31.33247627,21.199999999999996,-0.97236992,-0.233445364,0.0
-162.537344,-40.6672275,14.799999999999997,-0.97236992,-0.233445364,0.0
-165.5254447,-28.22089252,18.0,-0.97236992,-0.233445364,0.0
-162.537344,-40.6672275,18.0,-0.97236992,-0.233445364,0.0
-164.0313944,-34.44406001,14.799999999999997,-0.97236992,-0.233445364,0.0
-164.0313944,-34.44406001,24.4,-0.97236992,-0.233445364,0.0
-164.0313944,-34.44406001,18.0,-0.97236992,-0.233445364,0.0
-164.7784195,-31.33247627,24.4,-0.97236992,-0.233445364,0.0
-165.5254447,-28.22089252,11.599999999999994,-0.97236992,-0.233445364,0.0
-165.5254447,-28.22089252,5.199999999999996,-0.97236992,-0.233445364,0.0
-165.5254447,-28.22089252,8.399999999999999,-0.97236992,-0.233445364,0.0
-165.5254447,-28.22089252,2.0,-0.97236992,-0.233445364,0.0
-164.7784195,-31.33247627,8.399999999999999,-0.97236992,-0.233445364,0.0
-164.7784195,-31.33247627,11.599999999999994,-0.97236992,-0.233445364,0.0
-164.7784195,-31.33247627,5.199999999999996,-0.97236992,-0.233445364,0.0
-164.7784195,-31.33247627,2.0,-0.97236992,-0.233445364,0.0
-164.0313944,-34.44406001,11.599999999999994,-0.97236992,-0.233445364,0.0
-164.0313944,-34.44406001,5.199999999999996,-0.97236992,-0.233445364,0.0
-164.0313944,-34.44406001,8.399999999999999,-0.97236992,-0.233445364,0.0
-163.2843692,-37.55564376,21.199999999999996,-0.97236992,-0.233445364,0.0
-164.0313944,-34.44406001,2.0,-0.97236992,-0.233445364,0.0
-163.2843692,-37.55564376,2.0,-0.97236992,-0.233445364,0.0
-163.2843692,-37.55564376,5.199999999999996,-0.97236992,-0.233445364,0.0
-163.2843692,-37.55564376,11.599999999999994,-0.97236992,-0.233445364,0.0
-163.2843692,-37.55564376,8.399999999999999,-0.97236992,-0.233445364,0.0
-162.537344,-40.6672275,8.399999999999999,-0.97236992,-0.233445364,0.0
-162.537344,-40.6672275,5.199999999999996,-0.97236992,-0.233445364,0.0
-162.537344,-40.6672275,11.599999999999994,-0.97236992,-0.233445364,0.0
-162.537344,-40.6672275,2.0,-0.97236992,-0.233445364,0.0
-161.7903189,-43.77881125,2.0,-0.97236992,-0.233445364,0.0
-163.2843692,-37.55564376,24.4,-0.97236992,-0.233445364,0.0
-161.7903189,-43.77881125,5.199999999999996,-0.97236992,-0.233445364,0.0
-161.0432937,-46.890395,2.0,-0.97236992,-0.233445364,0.0
-161.7903189,-43.77881125,8.399999999999999,-0.97236992,-0.233445364,0.0
-161.0432937,-46.890395,5.199999999999996,-0.97236992,-0.233445364,0.0
-161.7903189,-43.77881125,11.599999999999994,-0.97236992,-0.233445364,0.0
-160.2962685,-50.00197874,2.0,-0.97236992,-0.233445364,0.0
-161.0432937,-46.890395,8.399999999999999,-0.97236992,-0.233445364,0.0
-160.2962685,-50.00197874,5.199999999999996,-0.97236992,-0.233445364,0.0
-161.0432937,-46.890395,11.599999999999994,-0.97236992,-0.233445364,0.0
-160.2962685,-50.00197874,8.399999999999999,-0.97236992,-0.233445364,0.0
-160.2962685,-50.00197874,11.599999999999994,-0.97236992,-0.233445364,0.0
-161.7903189,-43.77881125,24.4,-0.97236992,-0.233445364,0.0
-161.0432937,-46.890395,18.0,-0.97236992,-0.233445364,0.0
-161.0432937,-46.890395,24.4,-0.97236992,-0.233445364,0.0
-161.0432937,-46.890395,14.799999999999997,-0.97236992,-0.233445364,0.0
-161.0432937,-46.890395,21.199999999999996,-0.97236992,-0.233445364,0.0
-160.2962685,-50.00197874,21.199999999999996,-0.97236992,-0.233445364,0.0
-160.2962685,-50.00197874,24.4,-0.97236992,-0.233445364,0.0
-161.7903189,-43.77881125,21.199999999999996,-0.97236992,-0.233445364,0.0
-162.537344,-40.6672275,21.199999999999996,-0.97236992,-0.233445364,0.0
-161.7903189,-43.77881125,14.799999999999997,-0.97236992,-0.233445364,0.0
-160.2962685,-50.00197874,18.0,-0.97236992,-0.233445364,0.0
-161.7903189,-43.77881125,18.0,-0.97236992,-0.233445364,0.0
-162.537344,-40.6672275,24.4,-0.97236992,-0.233445364,0.0
-160.2962685,-50.00197874,14.799999999999997,-0.97236992,-0.233445364,0.0
-100.2919798,-134.6722331,-14.79999999999999,-0.649448049,-0.760405965,0.0
-102.7252789,-132.5939994,-14.79999999999999,-0.649448049,-0.760405965,0.0
-105.158578,-130.5157656,-24.4,-0.649448049,-0.760405965,0.0
-100.2919798,-134.6722331,-17.999999999999993,-0.649448049,-0.760405965,0.0
-107.5918771,-128.4375319,-17.999999999999993,-0.649448049,-0.760405965,0.0
-105.158578,-130.5157656,-17.999999999999993,-0.649448049,-0.760405965,0.0
-107.5918771,-128.4375319,-14.79999999999999,-0.649448049,-0.760405965,0.0
-100.2919798,-134.6722331,-24.4,-0.649448049,-0.760405965,0.0
-102.7252789,-132.5939994,-21.199999999999996,-0.649448049,-0.760405965,0.0
-107.5918771,-128.4375319,-24.4,-0.649448049,-0.760405965,0.0
-102.7252789,-132.5939994,-17.999999999999993,-0.649448049,-0.760405965,0.0
-107.5918771,-128.4375319,-21.199999999999996,-0.649448049,-0.760405965,0.0
-105.158578,-130.5157656,-14.79999999999999,-0.649448049,-0.760405965,0.0
-105.158578,-130.5157656,-21.199999999999996,-0.649448049,-0.760405965,0.0
-100.2919798,-134.6722331,-21.199999999999996,-0.649448049,-0.760405965,0.0
-102.7252789,-132.5939994,-24.4,-0.649448049,-0.760405965,0.0
-100.2919798,-134.6722331,-11.599999999999994,-0.649448049,-0.760405965,0.0
-102.7252789,-132.5939994,-11.599999999999994,-0.649448049,-0.760405965,0.0
-100.2919798,-134.6722331,-8.399999999999999,-0.649448049,-0.760405965,0.0
-102.7252789,-132.5939994,-8.399999999999999,-0.649448049,-0.760405965,0.0
-100.2919798,-134.6722331,-2.0,-0.649448049,-0.760405965,0.0
-100.2919798,-134.6722331,-5.199999999999996,-0.649448049,-0.760405965,0.0
-102.7252789,-132.5939994,-2.0,-0.649448049,-0.760405965,0.0
-102.7252789,-132.5939994,-5.199999999999996,-0.649448049,-0.760405965,0.0
-105.158578,-130.5157656,-11.599999999999994,-0.649448049,-0.760405965,0.0
-105.158578,-130.5157656,-5.199999999999996,-0.649448049,-0.760405965,0.0
-105.158578,-130.5157656,-8.399999999999999,-0.649448049,-0.760405965,0.0
-110.0251761,-126.3592981,-14.79999999999999,-0.649448049,-0.760405965,0.0
-105.158578,-130.5157656,-2.0,-0.649448049,-0.760405965,0.0
-107.5918771,-128.4375319,-11.599999999999994,-0.649448049,-0.760405965,0.0
-107.5918771,-128.4375319,-2.0,-0.649448049,-0.760405965,0.0
-107.5918771,-128.4375319,-5.199999999999996,-0.649448049,-0.760405965,0.0
-107.5918771,-128.4375319,-8.399999999999999,-0.649448049,-0.760405965,0.0
-110.0251761,-126.3592981,-11.599999999999994,-0.649448049,-0.760405965,0.0
-110.0251761,-126.3592981,-8.399999999999999,-0.649448049,-0.760405965,0.0
-110.0251761,-126.3592981,-2.0,-0.649448049,-0.760405965,0.0
-110.0251761,-126.3592981,-5.199999999999996,-0.649448049,-0.760405965,0.0
-112.4584752,-124.2810643,-2.0,-0.649448049,-0.760405965,0.0
-110.0251761,-126.3592981,-17.999999999999993,-0.649448049,-0.760405965,0.0
-112.4584752,-124.2810643,-5.199999999999996,-0.649448049,-0.760405965,0.0
-112.4584752,-124.2810643,-8.399999999999999,-0.649448049,-0.760405965,0.0
-112.4584752,-124.2810643,-11.599999999999994,-0.649448049,-0.760405965,0.0
-114.8917743,-122.2028306,-5.199999999999996,-0.649448049,-0.760405965,0.0
-114.8917743,-122.2028306,-2.0,-0.649448049,-0.760405965,0.0
-117.3250734,-120.1245968,-2.0,-0.649448049,-0.760405965,0.0
-114.8917743,-122.2028306,-11.599999999999994,-0.649448049,-0.760405965,0.0
-117.3250734,-120.1245968,-5.199999999999996,-0.649448049,-0.760405965,0.0
-114.8917743,-122.2028306,-8.399999999999999,-0.649448049,-0.760405965,0.0
-117.3250734,-120.1245968,-11.599999999999994,-0.649448049,-0.760405965,0.0
-117.3250734,-120.1245968,-8.399999999999999,-0.649448049,-0.760405965,0.0
-112.4584752,-124.2810643,-21.199999999999996,-0.649448049,-0.760405965,0.0
-114.8917743,-122.2028306,-21.199999999999996,-0.649448049,-0.760405965,0.0
-114.8917743,-122.2028306,-24.4,-0.649448049,-0.760405965,0.0
-114.8917743,-122.2028306,-14.79999999999999,-0.649448049,-0.760405965,0.0
-114.8917743,-122.2028306,-17.999999999999993,-0.649448049,-0.760405965,0.0
-117.3250734,-120.1245968,-21.199999999999996,-0.649448049,-0.760405965,0.0
-117.3250734,-120.1245968,-24.4,-0.649448049,-0.760405965,0.0
-112.4584752,-124.2810643,-24.4,-0.649448049,-0.760405965,0.0
-110.0251761,-126.3592981,-24.4,-0.649448049,-0.760405965,0.0
-112.4584752,-124.2810643,-14.79999999999999,-0.649448049,-0.760405965,0.0
-117.3250734,-120.1245968,-17.999999999999993,-0.649448049,-0.760405965,0.0
-112.4584752,-124.2810643,-17.999999999999993,-0.649448049,-0.760405965,0.0
-110.0251761,-126.3592981,-21.199999999999996,-0.649448049,-0.760405965,0.0
-117.3250734,-120.1245968,-14.79999999999999,-0.649448049,-0.760405965,0.0
-117.3250734,-120.1245968,-37.99999999999999,-0.649448049,-0.760405965,0.0
-114.8917743,-122.2028306,-37.99999999999999,-0.649448049,-0.760405965,0.0
-110.0251761,-126.3592981,-34.79999999999999,-0.649448049,-0.760405965,0.0
-114.8917743,-122.2028306,-34.79999999999999,-0.649448049,-0.760405965,0.0
-110.0251761,-126.3592981,-37.99999999999999,-0.649448049,-0.760405965,0.0
-117.3250734,-120.1245968,-31.599999999999998,-0.649448049,-0.760405965,0.0
-112.4584752,-124.2810643,-31.599999999999998,-0.649448049,-0.760405965,0.0
-117.3250734,-120.1245968,-28.4,-0.649448049,-0.760405965,0.0
-114.8917743,-122.2028306,-31.599999999999998,-0.649448049,-0.760405965,0.0
-107.5918771,-128.4375319,-37.99999999999999,-0.649448049,-0.760405965,0.0
-117.3250734,-120.1245968,-34.79999999999999,-0.649448049,-0.760405965,0.0
-107.5918771,-128.4375319,-34.79999999999999,-0.649448049,-0.760405965,0.0
-112.4584752,-124.2810643,-37.99999999999999,-0.649448049,-0.760405965,0.0
-112.4584752,-124.2810643,-28.4,-0.649448049,-0.760405965,0.0
-112.4584752,-124.2810643,-34.79999999999999,-0.649448049,-0.760405965,0.0
-114.8917743,-122.2028306,-28.4,-0.649448049,-0.760405965,0.0
-117.3250734,-120.1245968,-41.199999999999996,-0.649448049,-0.760405965,0.0
-117.3250734,-120.1245968,-47.599999999999994,-0.649448049,-0.760405965,0.0
-117.3250734,-120.1245968,-44.4,-0.649448049,-0.760405965,0.0
-117.3250734,-120.1245968,-50.8,-0.649448049,-0.760405965,0.0
-114.8917743,-122.2028306,-44.4,-0.649448049,-0.760405965,0.0
-114.8917743,-122.2028306,-41.199999999999996,-0.649448049,-0.760405965,0.0
-114.8917743,-122.2028306,-47.599999999999994,-0.649448049,-0.760405965,0.0
-114.8917743,-122.2028306,-50.8,-0.649448049,-0.760405965,0.0
-112.4584752,-124.2810643,-41.199999999999996,-0.649448049,-0.760405965,0.0
-112.4584752,-124.2810643,-47.599999999999994,-0.649448049,-0.760405965,0.0
-112.4584752,-124.2810643,-44.4,-0.649448049,-0.760405965,0.0
-110.0251761,-126.3592981,-31.599999999999998,-0.649448049,-0.760405965,0.0
-112.4584752,-124.2810643,-50.8,-0.649448049,-0.760405965,0.0
-110.0251761,-126.3592981,-50.8,-0.649448049,-0.760405965,0.0
-110.0251761,-126.3592981,-47.599999999999994,-0.649448049,-0.760405965,0.0
-110.0251761,-126.3592981,-41.199999999999996,-0.649448049,-0.760405965,0.0
-110.0251761,-126.3592981,-44.4,-0.649448049,-0.760405965,0.0
-107.5918771,-128.4375319,-44.4,-0.649448049,-0.760405965,0.0
-107.5918771,-128.4375319,-47.599999999999994,-0.649448049,-0.760405965,0.0
-107.5918771,-128.4375319,-41.199999999999996,-0.649448049,-0.760405965,0.0
-107.5918771,-128.4375319,-50.8,-0.649448049,-0.760405965,0.0
-105.158578,-130.5157656,-50.8,-0.649448049,-0.760405965,0.0
-110.0251761,-126.3592981,-28.4,-0.649448049,-0.760405965,0.0
-105.158578,-130.5157656,-47.599999999999994,-0.649448049,-0.760405965,0.0
-102.7252789,-132.5939994,-50.8,-0.649448049,-0.760405965,0.0
-105.158578,-130.5157656,-44.4,-0.649448049,-0.760405965,0.0
-102.7252789,-132.5939994,-47.599999999999994,-0.649448049,-0.760405965,0.0
-105.158578,-130.5157656,-41.199999999999996,-0.649448049,-0.760405965,0.0
-100.2919798,-134.6722331,-50.8,-0.649448049,-0.760405965,0.0
-102.7252789,-132.5939994,-44.4,-0.649448049,-0.760405965,0.0
-100.2919798,-134.6722331,-47.599999999999994,-0.649448049,-0.760405965,0.0
-102.7252789,-132.5939994,-41.199999999999996,-0.649448049,-0.760405965,0.0
-100.2919798,-134.6722331,-44.4,-0.649448049,-0.760405965,0.0
-100.2919798,-134.6722331,-41.199999999999996,-0.649448049,-0.760405965,0.0
-105.158578,-130.5157656,-28.4,-0.649448049,-0.760405965,0.0
-102.7252789,-132.5939994,-34.79999999999999,-0.649448049,-0.760405965,0.0
-102.7252789,-132.5939994,-28.4,-0.649448049,-0.760405965,0.0
-102.7252789,-132.5939994,-37.99999999999999,-0.649448049,-0.760405965,0.0
-102.7252789,-132.5939994,-31.599999999999998,-0.649448049,-0.760405965,0.0
-100.2919798,-134.6722331,-31.599999999999998,-0.649448049,-0.760405965,0.0
-100.2919798,-134.6722331,-28.4,-0.649448049,-0.760405965,0.0
-105.158578,-130.5157656,-31.599999999999998,-0.649448049,-0.760405965,0.0
-107.5918771,-128.4375319,-31.599999999999998,-0.649448049,-0.760405965,0.0
-105.158578,-130.5157656,-37.99999999999999,-0.649448049,-0.760405965,0.0
-100.2919798,-134.6722331,-34.79999999999999,-0.649448049,-0.760405965,0.0
-105.158578,-130.5157656,-34.79999999999999,-0.649448049,-0.760405965,0.0
-107.5918771,-128.4375319,-28.4,-0.649448049,-0.760405965,0.0
-100.2919798,-134.6722331,-37.99999999999999,-0.649448049,-0.760405965,0.0
-120.1245978,-117.3250723,-14.79999999999999,-0.760405966,-0.649448048,0.0
-122.2028316,-114.8917732,-14.79999999999999,-0.760405966,-0.649448048,0.0
-124.2810653,-112.4584741,-24.4,-0.760405966,-0.649448048,0.0
-120.1245978,-117.3250723,-17.999999999999993,-0.760405966,-0.649448048,0.0
-126.3592991,-110.025175,-17.999999999999993,-0.760405966,-0.649448048,0.0
-124.2810653,-112.4584741,-17.999999999999993,-0.760405966,-0.649448048,0.0
-126.3592991,-110.025175,-14.79999999999999,-0.760405966,-0.649448048,0.0
-120.1245978,-117.3250723,-24.4,-0.760405966,-0.649448048,0.0
-122.2028316,-114.8917732,-21.199999999999996,-0.760405966,-0.649448048,0.0
-126.3592991,-110.025175,-24.4,-0.760405966,-0.649448048,0.0
-122.2028316,-114.8917732,-17.999999999999993,-0.760405966,-0.649448048,0.0
-126.3592991,-110.025175,-21.199999999999996,-0.760405966,-0.649448048,0.0
-124.2810653,-112.4584741,-14.79999999999999,-0.760405966,-0.649448048,0.0
-124.2810653,-112.4584741,-21.199999999999996,-0.760405966,-0.649448048,0.0
-120.1245978,-117.3250723,-21.199999999999996,-0.760405966,-0.649448048,0.0
-122.2028316,-114.8917732,-24.4,-0.760405966,-0.649448048,0.0
-120.1245978,-117.3250723,-11.599999999999994,-0.760405966,-0.649448048,0.0
-122.2028316,-114.8917732,-11.599999999999994,-0.760405966,-0.649448048,0.0
-120.1245978,-117.3250723,-8.399999999999999,-0.760405966,-0.649448048,0.0
-122.2028316,-114.8917732,-8.399999999999999,-0.760405966,-0.649448048,0.0
-120.1245978,-117.3250723,-2.0,-0.760405966,-0.649448048,0.0
-120.1245978,-117.3250723,-5.199999999999996,-0.760405966,-0.649448048,0.0
-122.2028316,-114.8917732,-2.0,-0.760405966,-0.649448048,0.0
-122.2028316,-114.8917732,-5.199999999999996,-0.760405966,-0.649448048,0.0
-124.2810653,-112.4584741,-11.599999999999994,-0.760405966,-0.649448048,0.0
-124.2810653,-112.4584741,-5.199999999999996,-0.760405966,-0.649448048,0.0
-124.2810653,-112.4584741,-8.399999999999999,-0.760405966,-0.649448048,0.0
-128.4375328,-107.5918759,-14.79999999999999,-0.760405966,-0.649448048,0.0
-124.2810653,-112.4584741,-2.0,-0.760405966,-0.649448048,0.0
-126.3592991,-110.025175,-11.599999999999994,-0.760405966,-0.649448048,0.0
-126.3592991,-110.025175,-2.0,-0.760405966,-0.649448048,0.0
-126.3592991,-110.025175,-5.199999999999996,-0.760405966,-0.649448048,0.0
-126.3592991,-110.025175,-8.399999999999999,-0.760405966,-0.649448048,0.0
-128.4375328,-107.5918759,-11.599999999999994,-0.760405966,-0.649448048,0.0
-128.4375328,-107.5918759,-8.399999999999999,-0.760405966,-0.649448048,0.0
-128.4375328,-107.5918759,-2.0,-0.760405966,-0.649448048,0.0
-128.4375328,-107.5918759,-5.199999999999996,-0.760405966,-0.649448048,0.0
-130.5157666,-105.1585768,-2.0,-0.760405966,-0.649448048,0.0
-128.4375328,-107.5918759,-17.999999999999993,-0.760405966,-0.649448048,0.0
-130.5157666,-105.1585768,-5.199999999999996,-0.760405966,-0.649448048,0.0
-130.5157666,-105.1585768,-8.399999999999999,-0.760405966,-0.649448048,0.0
-130.5157666,-105.1585768,-11.599999999999994,-0.760405966,-0.649448048,0.0
-132.5940003,-102.7252777,-5.199999999999996,-0.760405966,-0.649448048,0.0
-132.5940003,-102.7252777,-2.0,-0.760405966,-0.649448048,0.0
-134.6722341,-100.2919786,-2.0,-0.760405966,-0.649448048,0.0
-132.5940003,-102.7252777,-11.599999999999994,-0.760405966,-0.649448048,0.0
-134.6722341,-100.2919786,-5.199999999999996,-0.760405966,-0.649448048,0.0
-132.5940003,-102.7252777,-8.399999999999999,-0.760405966,-0.649448048,0.0
-134.6722341,-100.2919786,-11.599999999999994,-0.760405966,-0.649448048,0.0
-134.6722341,-100.2919786,-8.399999999999999,-0.760405966,-0.649448048,0.0
-130.5157666,-105.1585768,-21.199999999999996,-0.760405966,-0.649448048,0.0
-132.5940003,-102.7252777,-21.199999999999996,-0.760405966,-0.649448048,0.0
-132.5940003,-102.7252777,-24.4,-0.760405966,-0.649448048,0.0
-132.5940003,-102.7252777,-14.79999999999999,-0.760405966,-0.649448048,0.0
-132.5940003,-102.7252777,-17.999999999999993,-0.760405966,-0.649448048,0.0
-134.6722341,-100.2919786,-21.199999999999996,-0.760405966,-0.649448048,0.0
-134.6722341,-100.2919786,-24.4,-0.760405966,-0.649448048,0.0
-130.5157666,-105.1585768,-24.4,-0.760405966,-0.649448048,0.0
-128.4375328,-107.5918759,-24.4,-0.760405966,-0.649448048,0.0
-130.5157666,-105.1585768,-14.79999999999999,-0.760405966,-0.649448048,0.0
-134.6722341,-100.2919786,-17.999999999999993,-0.760405966,-0.649448048,0.0
-130.5157666,-105.1585768,-17.999999999999993,-0.760405966,-0.649448048,0.0
-128.4375328,-107.5918759,-21.199999999999996,-0.760405966,-0.649448048,0.0
-134.6722341,-100.2919786,-14.79999999999999,-0.760405966,-0.649448048,0.0
-134.6722341,-100.2919786,-37.99999999999999,-0.760405966,-0.649448048,0.0
-132.5940003,-102.7252777,-37.99999999999999,-0.760405966,-0.649448048,0.0
-128.4375328,-107.5918759,-34.79999999999999,-0.760405966,-0.649448048,0.0
-132.5940003,-102.7252777,-34.79999999999999,-0.760405966,-0.649448048,0.0
-128.4375328,-107.5918759,-37.99999999999999,-0.760405966,-0.649448048,0.0
-134.6722341,-100.2919786,-31.599999999999998,-0.760405966,-0.649448048,0.0
-130.5157666,-105.1585768,-31.599999999999998,-0.760405966,-0.649448048,0.0
-134.6722341,-100.2919786,-28.4,-0.760405966,-0.649448048,0.0
-132.5940003,-102.7252777,-31.599999999999998,-0.760405966,-0.649448048,0.0
-126.3592991,-110.025175,-37.99999999999999,-0.760405966,-0.649448048,0.0
-134.6722341,-100.2919786,-34.79999999999999,-0.760405966,-0.649448048,0.0
-126.3592991,-110.025175,-34.79999999999999,-0.760405966,-0.649448048,0.0
-130.5157666,-105.1585768,-37.99999999999999,-0.760405966,-0.649448048,0.0
-130.5157666,-105.1585768,-28.4,-0.760405966,-0.649448048,0.0
-130.5157666,-105.1585768,-34.79999999999999,-0.760405966,-0.649448048,0.0
-132.5940003,-102.7252777,-28.4,-0.760405966,-0.649448048,0.0
-134.6722341,-100.2919786,-41.199999999999996,-0.760405966,-0.649448048,0.0
-134.6722341,-100.2919786,-47.599999999999994,-0.760405966,-0.649448048,0.0
-134.6722341,-100.2919786,-44.4,-0.760405966,-0.649448048,0.0
-134.6722341,-100.2919786,-50.8,-0.760405966,-0.649448048,0.0
-132.5940003,-102.7252777,-44.4,-0.760405966,-0.649448048,0.0
-132.5940003,-102.7252777,-41.199999999999996,-0.760405966,-0.649448048,0.0
-132.5940003,-102.7252777,-47.599999999999994,-0.760405966,-0.649448048,0.0
-132.5940003,-102.7252777,-50.8,-0.760405966,-0.649448048,0.0
-130.5157666,-105.1585768,-41.199999999999996,-0.760405966,-0.649448048,0.0
-130.5157666,-105.1585768,-47.599999999999994,-0.760405966,-0.649448048,0.0
-130.5157666,-105.1585768,-44.4,-0.760405966,-0.649448048,0.0
-128.4375328,-107.5918759,-31.599999999999998,-0.760405966,-0.649448048,0.0
-130.5157666,-105.1585768,-50.8,-0.760405966,-0.649448048,0.0
-128.4375328,-107.5918759,-50.8,-0.760405966,-0.649448048,0.0
-128.4375328,-107.5918759,-47.599999999999994,-0.760405966,-0.649448048,0.0
-128.4375328,-107.5918759,-41.199999999999996,-0.760405966,-0.649448048,0.0
-128.4375328,-107.5918759,-44.4,-0.760405966,-0.649448048,0.0
-126.3592991,-110.025175,-44.4,-0.760405966,-0.649448048,0.0
-126.3592991,-110.025175,-47.599999999999994,-0.760405966,-0.649448048,0.0
-126.3592991,-110.025175,-41.199999999999996,-0.760405966,-0.649448048,0.0
-126.3592991,-110.025175,-50.8,-0.760405966,-0.649448048,0.0
-124.2810653,-112.4584741,-50.8,-0.760405966,-0.649448048,0.0
-128.4375328,-107.5918759,-28.4,-0.760405966,-0.649448048,0.0
-124.2810653,-112.4584741,-47.599999999999994,-0.760405966,-0.649448048,0.0
-122.2028316,-114.8917732,-50.8,-0.760405966,-0.649448048,0.0
-124.2810653,-112.4584741,-44.4,-0.760405966,-0.649448048,0.0
-122.2028316,-114.8917732,-47.599999999999994,-0.760405966,-0.649448048,0.0
-124.2810653,-112.4584741,-41.199999999999996,-0.760405966,-0.649448048,0.0
-120.1245978,-117.3250723,-50.8,-0.760405966,-0.649448048,0.0
-122.2028316,-114.8917732,-44.4,-0.760405966,-0.649448048,0.0
-120.1245978,-117.3250723,-47.599999999999994,-0.760405966,-0.649448048,0.0
-122.2028316,-114.8917732,-41.199999999999996,-0.760405966,-0.649448048,0.0
-120.1245978,-117.3250723,-44.4,-0.760405966,-0.649448048,0.0
-120.1245978,-117.3250723,-41.199999999999996,-0.760405966,-0.649448048,0.0
-124.2810653,-112.4584741,-28.4,-0.760405966,-0.649448048,0.0
-122.2028316,-114.8917732,-34.79999999999999,-0.760405966,-0.649448048,0.0
-122.2028316,-114.8917732,-28.4,-0.760405966,-0.649448048,0.0
-122.2028316,-114.8917732,-37.99999999999999,-0.760405966,-0.649448048,0.0
-122.2028316,-114.8917732,-31.599999999999998,-0.760405966,-0.649448048,0.0
-120.1245978,-117.3250723,-31.599999999999998,-0.760405966,-0.649448048,0.0
-120.1245978,-117.3250723,-28.4,-0.760405966,-0.649448048,0.0
-124.2810653,-112.4584741,-31.599999999999998,-0.760405966,-0.649448048,0.0
-126.3592991,-110.025175,-31.599999999999998,-0.760405966,-0.649448048,0.0
-124.2810653,-112.4584741,-37.99999999999999,-0.760405966,-0.649448048,0.0
-120.1245978,-117.3250723,-34.79999999999999,-0.760405966,-0.649448048,0.0
-124.2810653,-112.4584741,-34.79999999999999,-0.760405966,-0.649448048,0.0
-126.3592991,-110.025175,-28.4,-0.760405966,-0.649448048,0.0
-120.1245978,-117.3250723,-37.99999999999999,-0.760405966,-0.649448048,0.0
-136.9993496,-97.08897877,-14.79999999999999,-0.852640165,-0.522498564,0.0
-138.671345,-94.36053025,-14.79999999999999,-0.852640165,-0.522498564,0.0
-140.3433404,-91.63208172,-24.4,-0.852640165,-0.522498564,0.0
-136.9993496,-97.08897877,-17.999999999999993,-0.852640165,-0.522498564,0.0
-142.0153358,-88.90363319,-17.999999999999993,-0.852640165,-0.522498564,0.0
-140.3433404,-91.63208172,-17.999999999999993,-0.852640165,-0.522498564,0.0
-142.0153358,-88.90363319,-14.79999999999999,-0.852640165,-0.522498564,0.0
-136.9993496,-97.08897877,-24.4,-0.852640165,-0.522498564,0.0
-138.671345,-94.36053025,-21.199999999999996,-0.852640165,-0.522498564,0.0
-142.0153358,-88.90363319,-24.4,-0.852640165,-0.522498564,0.0
-138.671345,-94.36053025,-17.999999999999993,-0.852640165,-0.522498564,0.0
-142.0153358,-88.90363319,-21.199999999999996,-0.852640165,-0.522498564,0.0
-140.3433404,-91.63208172,-14.79999999999999,-0.852640165,-0.522498564,0.0
-140.3433404,-91.63208172,-21.199999999999996,-0.852640165,-0.522498564,0.0
-136.9993496,-97.08897877,-21.199999999999996,-0.852640165,-0.522498564,0.0
-138.671345,-94.36053025,-24.4,-0.852640165,-0.522498564,0.0
-136.9993496,-97.08897877,-11.599999999999994,-0.852640165,-0.522498564,0.0
-138.671345,-94.36053025,-11.599999999999994,-0.852640165,-0.522498564,0.0
-136.9993496,-97.08897877,-8.399999999999999,-0.852640165,-0.522498564,0.0
-138.671345,-94.36053025,-8.399999999999999,-0.852640165,-0.522498564,0.0
-136.9993496,-97.08897877,-2.0,-0.852640165,-0.522498564,0.0
-136.9993496,-97.08897877,-5.199999999999996,-0.852640165,-0.522498564,0.0
-138.671345,-94.36053025,-2.0,-0.852640165,-0.522498564,0.0
-138.671345,-94.36053025,-5.199999999999996,-0.852640165,-0.522498564,0.0
-140.3433404,-91.63208172,-11.599999999999994,-0.852640165,-0.522498564,0.0
-140.3433404,-91.63208172,-5.199999999999996,-0.852640165,-0.522498564,0.0
-140.3433404,-91.63208172,-8.399999999999999,-0.852640165,-0.522498564,0.0
-143.6873312,-86.17518467,-14.79999999999999,-0.852640165,-0.522498564,0.0
-140.3433404,-91.63208172,-2.0,-0.852640165,-0.522498564,0.0
-142.0153358,-88.90363319,-11.599999999999994,-0.852640165,-0.522498564,0.0
-142.0153358,-88.90363319,-2.0,-0.852640165,-0.522498564,0.0
-142.0153358,-88.90363319,-5.199999999999996,-0.852640165,-0.522498564,0.0
-142.0153358,-88.90363319,-8.399999999999999,-0.852640165,-0.522498564,0.0
-143.6873312,-86.17518467,-11.599999999999994,-0.852640165,-0.522498564,0.0
-143.6873312,-86.17518467,-8.399999999999999,-0.852640165,-0.522498564,0.0
-143.6873312,-86.17518467,-2.0,-0.852640165,-0.522498564,0.0
-143.6873312,-86.17518467,-5.199999999999996,-0.852640165,-0.522498564,0.0
-145.3593266,-83.44673614,-2.0,-0.852640165,-0.522498564,0.0
-143.6873312,-86.17518467,-17.999999999999993,-0.852640165,-0.522498564,0.0
-145.3593266,-83.44673614,-5.199999999999996,-0.852640165,-0.522498564,0.0
-145.3593266,-83.44673614,-8.399999999999999,-0.852640165,-0.522498564,0.0
-145.3593266,-83.44673614,-11.599999999999994,-0.852640165,-0.522498564,0.0
-147.031322,-80.71828761,-5.199999999999996,-0.852640165,-0.522498564,0.0
-147.031322,-80.71828761,-2.0,-0.852640165,-0.522498564,0.0
-148.7033174,-77.98983909,-2.0,-0.852640165,-0.522498564,0.0
-147.031322,-80.71828761,-11.599999999999994,-0.852640165,-0.522498564,0.0
-148.7033174,-77.98983909,-5.199999999999996,-0.852640165,-0.522498564,0.0
-147.031322,-80.71828761,-8.399999999999999,-0.852640165,-0.522498564,0.0
-148.7033174,-77.98983909,-11.599999999999994,-0.852640165,-0.522498564,0.0
-148.7033174,-77.98983909,-8.399999999999999,-0.852640165,-0.522498564,0.0
-145.3593266,-83.44673614,-21.199999999999996,-0.852640165,-0.522498564,0.0
-147.031322,-80.71828761,-21.199999999999996,-0.852640165,-0.522498564,0.0
-147.031322,-80.71828761,-24.4,-0.852640165,-0.522498564,0.0
-147.031322,-80.71828761,-14.79999999999999,-0.852640165,-0.522498564,0.0
-147.031322,-80.71828761,-17.999999999999993,-0.852640165,-0.522498564,0.0
-148.7033174,-77.98983909,-21.199999999999996,-0.852640165,-0.522498564,0.0
-148.7033174,-77.98983909,-24.4,-0.852640165,-0.522498564,0.0
-145.3593266,-83.44673614,-24.4,-0.852640165,-0.522498564,0.0
-143.6873312,-86.17518467,-24.4,-0.852640165,-0.522498564,0.0
-145.3593266,-83.44673614,-14.79999999999999,-0.852640165,-0.522498564,0.0
-148.7033174,-77.98983909,-17.999999999999993,-0.852640165,-0.522498564,0.0
-145.3593266,-83.44673614,-17.999999999999993,-0.852640165,-0.522498564,0.0
-143.6873312,-86.17518467,-21.199999999999996,-0.852640165,-0.522498564,0.0
-148.7033174,-77.98983909,-14.79999999999999,-0.852640165,-0.522498564,0.0
-148.7033174,-77.98983909,-37.99999999999999,-0.852640165,-0.522498564,0.0
-147.031322,-80.71828761,-37.99999999999999,-0.852640165,-0.522498564,0.0
-143.6873312,-86.17518467,-34.79999999999999,-0.852640165,-0.522498564,0.0
-147.031322,-80.71828761,-34.79999999999999,-0.852640165,-0.522498564,0.0
-143.6873312,-86.17518467,-37.99999999999999,-0.852640165,-0.522498564,0.0
-148.7033174,-77.98983909,-31.599999999999998,-0.852640165,-0.522498564,0.0
-145.3593266,-83.44673614,-31.599999999999998,-0.852640165,-0.522498564,0.0
-148.7033174,-77.98983909,-28.4,-0.852640165,-0.522498564,0.0
-147.031322,-80.71828761,-31.599999999999998,-0.852640165,-0.522498564,0.0
-142.0153358,-88.90363319,-37.99999999999999,-0.852640165,-0.522498564,0.0
-148.7033174,-77.98983909,-34.79999999999999,-0.852640165,-0.522498564,0.0
-142.0153358,-88.90363319,-34.79999999999999,-0.852640165,-0.522498564,0.0
-145.3593266,-83.44673614,-37.99999999999999,-0.852640165,-0.522498564,0.0
-145.3593266,-83.44673614,-28.4,-0.852640165,-0.522498564,0.0
-145.3593266,-83.44673614,-34.79999999999999,-0.852640165,-0.522498564,0.0
-147.031322,-80.71828761,-28.4,-0.852640165,-0.522498564,0.0
-148.7033174,-77.98983909,-41.199999999999996,-0.852640165,-0.522498564,0.0
-148.7033174,-77.98983909,-47.599999999999994,-0.852640165,-0.522498564,0.0
-148.7033174,-77.98983909,-44.4,-0.852640165,-0.522498564,0.0
-148.7033174,-77.98983909,-50.8,-0.852640165,-0.522498564,0.0
-147.031322,-80.71828761,-44.4,-0.852640165,-0.522498564,0.0
-147.031322,-80.71828761,-41.199999999999996,-0.852640165,-0.522498564,0.0
-147.031322,-80.71828761,-47.599999999999994,-0.852640165,-0.522498564,0.0
-147.031322,-80.71828761,-50.8,-0.852640165,-0.522498564,0.0
-145.3593266,-83.44673614,-41.199999999999996,-0.852640165,-0.522498564,0.0
-145.3593266,-83.44673614,-47.599999999999994,-0.852640165,-0.522498564,0.0
-145.3593266,-83.44673614,-44.4,-0.852640165,-0.522498564,0.0
-143.6873312,-86.17518467,-31.599999999999998,-0.852640165,-0.522498564,0.0
-145.3593266,-83.44673614,-50.8,-0.852640165,-0.522498564,0.0
-143.6873312,-86.17518467,-50.8,-0.852640165,-0.522498564,0.0
-143.6873312,-86.17518467,-47.599999999999994,-0.852640165,-0.522498564,0.0
-143.6873312,-86.17518467,-41.199999999999996,-0.852640165,-0.522498564,0.0
-143.6873312,-86.17518467,-44.4,-0.852640165,-0.522498564,0.0
-142.0153358,-88.90363319,-44.4,-0.852640165,-0.522498564,0.0
-142.0153358,-88.90363319,-47.599999999999994,-0.852640165,-0.522498564,0.0
-142.0153358,-88.90363319,-41.199999999999996,-0.852640165,-0.522498564,0.0
-142.0153358,-88.90363319,-50.8,-0.852640165,-0.522498564,0.0
-140.3433404,-91.63208172,-50.8,-0.852640165,-0.522498564,0.0
-143.6873312,-86.17518467,-28.4,-0.852640165,-0.522498564,0.0
-140.3433404,-91.63208172,-47.599999999999994,-0.852640165,-0.522498564,0.0
-138.671345,-94.36053025,-50.8,-0.852640165,-0.522498564,0.0
-140.3433404,-91.63208172,-44.4,-0.852640165,-0.522498564,0.0
-138.671345,-94.36053025,-47.599999999999994,-0.852640165,-0.522498564,0.0
-140.3433404,-91.63208172,-41.199999999999996,-0.852640165,-0.522498564,0.0
-136.9993496,-97.08897877,-50.8,-0.852640165,-0.522498564,0.0
-138.671345,-94.36053025,-44.4,-0.852640165,-0.522498564,0.0
-136.9993496,-97.08897877,-47.599999999999994,-0.852640165,-0.522498564,0.0
-138.671345,-94.36053025,-41.199999999999996,-0.852640165,-0.522498564,0.0
-136.9993496,-97.08897877,-44.4,-0.852640165,-0.522498564,0.0
-136.9993496,-97.08897877,-41.199999999999996,-0.852640165,-0.522498564,0.0
-140.3433404,-91.63208172,-28.4,-0.852640165,-0.522498564,0.0
-138.671345,-94.36053025,-34.79999999999999,-0.852640165,-0.522498564,0.0
-138.671345,-94.36053025,-28.4,-0.852640165,-0.522498564,0.0
-138.671345,-94.36053025,-37.99999999999999,-0.852640165,-0.522498564,0.0
-138.671345,-94.36053025,-31.599999999999998,-0.852640165,-0.522498564,0.0
-136.9993496,-97.08897877,-31.599999999999998,-0.852640165,-0.522498564,0.0
-136.9993496,-97.08897877,-28.4,-0.852640165,-0.522498564,0.0
-140.3433404,-91.63208172,-31.599999999999998,-0.852640165,-0.522498564,0.0
-142.0153358,-88.90363319,-31.599999999999998,-0.852640165,-0.522498564,0.0
-140.3433404,-91.63208172,-37.99999999999999,-0.852640165,-0.522498564,0.0
-136.9993496,-97.08897877,-34.79999999999999,-0.852640165,-0.522498564,0.0
-140.3433404,-91.63208172,-34.79999999999999,-0.852640165,-0.522498564,0.0
-142.0153358,-88.90363319,-28.4,-0.852640165,-0.522498564,0.0
-136.9993496,-97.08897877,-37.99999999999999,-0.852640165,-0.522498564,0.0
-150.5007227,-74.4622324,-14.79999999999999,-0.923879533,-0.382683432,0.0
-151.7253097,-71.50581789,-14.79999999999999,-0.923879533,-0.382683432,0.0
-152.9498967,-68.54940339,-24.4,-0.923879533,-0.382683432,0.0
-150.5007227,-74.4622324,-17.999999999999993,-0.923879533,-0.382683432,0.0
-154.1744836,-65.59298889,-17.999999999999993,-0.923879533,-0.382683432,0.0
-152.9498967,-68.54940339,-17.999999999999993,-0.923879533,-0.382683432,0.0
-154.1744836,-65.59298889,-14.79999999999999,-0.923879533,-0.382683432,0.0
-150.5007227,-74.4622324,-24.4,-0.923879533,-0.382683432,0.0
-151.7253097,-71.50581789,-21.199999999999996,-0.923879533,-0.382683432,0.0
-154.1744836,-65.59298889,-24.4,-0.923879533,-0.382683432,0.0
-151.7253097,-71.50581789,-17.999999999999993,-0.923879533,-0.382683432,0.0
-154.1744836,-65.59298889,-21.199999999999996,-0.923879533,-0.382683432,0.0
-152.9498967,-68.54940339,-14.79999999999999,-0.923879533,-0.382683432,0.0
-152.9498967,-68.54940339,-21.199999999999996,-0.923879533,-0.382683432,0.0
-150.5007227,-74.4622324,-21.199999999999996,-0.923879533,-0.382683432,0.0
-151.7253097,-71.50581789,-24.4,-0.923879533,-0.382683432,0.0
-150.5007227,-74.4622324,-11.599999999999994,-0.923879533,-0.382683432,0.0
-151.7253097,-71.50581789,-11.599999999999994,-0.923879533,-0.382683432,0.0
-150.5007227,-74.4622324,-8.399999999999999,-0.923879533,-0.382683432,0.0
-151.7253097,-71.50581789,-8.399999999999999,-0.923879533,-0.382683432,0.0
-150.5007227,-74.4622324,-2.0,-0.923879533,-0.382683432,0.0
-150.5007227,-74.4622324,-5.199999999999996,-0.923879533,-0.382683432,0.0
-151.7253097,-71.50581789,-2.0,-0.923879533,-0.382683432,0.0
-151.7253097,-71.50581789,-5.199999999999996,-0.923879533,-0.382683432,0.0
-152.9498967,-68.54940339,-11.599999999999994,-0.923879533,-0.382683432,0.0
-152.9498967,-68.54940339,-5.199999999999996,-0.923879533,-0.382683432,0.0
-152.9498967,-68.54940339,-8.399999999999999,-0.923879533,-0.382683432,0.0
-155.3990706,-62.63657438,-14.79999999999999,-0.923879533,-0.382683432,0.0
-152.9498967,-68.54940339,-2.0,-0.923879533,-0.382683432,0.0
-154.1744836,-65.59298889,-11.599999999999994,-0.923879533,-0.382683432,0.0
-154.1744836,-65.59298889,-2.0,-0.923879533,-0.382683432,0.0
-154.1744836,-65.59298889,-5.199999999999996,-0.923879533,-0.382683432,0.0
-154.1744836,-65.59298889,-8.399999999999999,-0.923879533,-0.382683432,0.0
-155.3990706,-62.63657438,-11.599999999999994,-0.923879533,-0.382683432,0.0
-155.3990706,-62.63657438,-8.399999999999999,-0.923879533,-0.382683432,0.0
-155.3990706,-62.63657438,-2.0,-0.923879533,-0.382683432,0.0
-155.3990706,-62.63657438,-5.199999999999996,-0.923879533,-0.382683432,0.0
-156.6236576,-59.68015988,-2.0,-0.923879533,-0.382683432,0.0
-155.3990706,-62.63657438,-17.999999999999993,-0.923879533,-0.382683432,0.0
-156.6236576,-59.68015988,-5.199999999999996,-0.923879533,-0.382683432,0.0
-156.6236576,-59.68015988,-8.399999999999999,-0.923879533,-0.382683432,0.0
-156.6236576,-59.68015988,-11.599999999999994,-0.923879533,-0.382683432,0.0
-157.8482446,-56.72374537,-5.199999999999996,-0.923879533,-0.382683432,0.0
-157.8482446,-56.72374537,-2.0,-0.923879533,-0.382683432,0.0
-159.0728316,-53.76733087,-2.0,-0.923879533,-0.382683432,0.0
-157.8482446,-56.72374537,-11.599999999999994,-0.923879533,-0.382683432,0.0
-159.0728316,-53.76733087,-5.199999999999996,-0.923879533,-0.382683432,0.0
-157.8482446,-56.72374537,-8.399999999999999,-0.923879533,-0.382683432,0.0
-159.0728316,-53.76733087,-11.599999999999994,-0.923879533,-0.382683432,0.0
-159.0728316,-53.76733087,-8.399999999999999,-0.923879533,-0.382683432,0.0
-156.6236576,-59.68015988,-21.199999999999996,-0.923879533,-0.382683432,0.0
-157.8482446,-56.72374537,-21.199999999999996,-0.923879533,-0.382683432,0.0
-157.8482446,-56.72374537,-24.4,-0.923879533,-0.382683432,0.0
-157.8482446,-56.72374537,-14.79999999999999,-0.923879533,-0.382683432,0.0
-157.8482446,-56.72374537,-17.999999999999993,-0.923879533,-0.382683432,0.0
-159.0728316,-53.76733087,-21.199999999999996,-0.923879533,-0.382683432,0.0
-159.0728316,-53.76733087,-24.4,-0.923879533,-0.382683432,0.0
-156.6236576,-59.68015988,-24.4,-0.923879533,-0.382683432,0.0
-155.3990706,-62.63657438,-24.4,-0.923879533,-0.382683432,0.0
-156.6236576,-59.68015988,-14.79999999999999,-0.923879533,-0.382683432,0.0
-159.0728316,-53.76733087,-17.999999999999993,-0.923879533,-0.382683432,0.0
-156.6236576,-59.68015988,-17.999999999999993,-0.923879533,-0.382683432,0.0
-155.3990706,-62.63657438,-21.199999999999996,-0.923879533,-0.382683432,0.0
-159.0728316,-53.76733087,-14.79999999999999,-0.923879533,-0.382683432,0.0
-159.0728316,-53.76733087,-37.99999999999999,-0.923879533,-0.382683432,0.0
-157.8482446,-56.72374537,-37.99999999999999,-0.923879533,-0.382683432,0.0
-155.3990706,-62.63657438,-34.79999999999999,-0.923879533,-0.382683432,0.0
-157.8482446,-56.72374537,-34.79999999999999,-0.923879533,-0.382683432,0.0
-155.3990706,-62.63657438,-37.99999999999999,-0.923879533,-0.382683432,0.0
-159.0728316,-53.76733087,-31.599999999999998,-0.923879533,-0.382683432,0.0
-156.6236576,-59.68015988,-31.599999999999998,-0.923879533,-0.382683432,0.0
-159.0728316,-53.76733087,-28.4,-0.923879533,-0.382683432,0.0
-157.8482446,-56.72374537,-31.599999999999998,-0.923879533,-0.382683432,0.0
-154.1744836,-65.59298889,-37.99999999999999,-0.923879533,-0.382683432,0.0
-159.0728316,-53.76733087,-34.79999999999999,-0.923879533,-0.382683432,0.0
-154.1744836,-65.59298889,-34.79999999999999,-0.923879533,-0.382683432,0.0
-156.6236576,-59.68015988,-37.99999999999999,-0.923879533,-0.382683432,0.0
-156.6236576,-59.68015988,-28.4,-0.923879533,-0.382683432,0.0
-156.6236576,-59.68015988,-34.79999999999999,-0.923879533,-0.382683432,0.0
-157.8482446,-56.72374537,-28.4,-0.923879533,-0.382683432,0.0
-159.0728316,-53.76733087,-41.199999999999996,-0.923879533,-0.382683432,0.0
-159.0728316,-53.76733087,-47.599999999999994,-0.923879533,-0.382683432,0.0
-159.0728316,-53.76733087,-44.4,-0.923879533,-0.382683432,0.0
-159.0728316,-53.76733087,-50.8,-0.923879533,-0.382683432,0.0
-157.8482446,-56.72374537,-44.4,-0.923879533,-0.382683432,0.0
-157.8482446,-56.72374537,-41.199999999999996,-0.923879533,-0.382683432,0.0
-157.8482446,-56.72374537,-47.599999999999994,-0.923879533,-0.382683432,0.0
-157.8482446,-56.72374537,-50.8,-0.923879533,-0.382683432,0.0
-156.6236576,-59.68015988,-41.199999999999996,-0.923879533,-0.382683432,0.0
-156.6236576,-59.68015988,-47.599999999999994,-0.923879533,-0.382683432,0.0
-156.6236576,-59.68015988,-44.4,-0.923879533,-0.382683432,0.0
-155.3990706,-62.63657438,-31.599999999999998,-0.923879533,-0.382683432,0.0
-156.6236576,-59.68015988,-50.8,-0.923879533,-0.382683432,0.0
-155.3990706,-62.63657438,-50.8,-0.923879533,-0.382683432,0.0
-155.3990706,-62.63657438,-47.599999999999994,-0.923879533,-0.382683432,0.0
-155.3990706,-62.63657438,-41.199999999999996,-0.923879533,-0.382683432,0.0
-155.3990706,-62.63657438,-44.4,-0.923879533,-0.382683432,0.0
-154.1744836,-65.59298889,-44.4,-0.923879533,-0.382683432,0.0
-154.1744836,-65.59298889,-47.599999999999994,-0.923879533,-0.382683432,0.0
-154.1744836,-65.59298889,-41.199999999999996,-0.923879533,-0.382683432,0.0
-154.1744836,-65.59298889,-50.8,-0.923879533,-0.382683432,0.0
-152.9498967,-68.54940339,-50.8,-0.923879533,-0.382683432,0.0
-155.3990706,-62.63657438,-28.4,-0.923879533,-0.382683432,0.0
-152.9498967,-68.54940339,-47.599999999999994,-0.923879533,-0.382683432,0.0
-151.7253097,-71.50581789,-50.8,-0.923879533,-0.382683432,0.0
-152.9498967,-68.54940339,-44.4,-0.923879533,-0.382683432,0.0
-151.7253097,-71.50581789,-47.599999999999994,-0.923879533,-0.382683432,0.0
-152.9498967,-68.54940339,-41.199999999999996,-0.923879533,-0.382683432,0.0
-150.5007227,-74.4622324,-50.8,-0.923879533,-0.382683432,0.0
-151.7253097,-71.50581789,-44.4,-0.923879533,-0.382683432,0.0
-150.5007227,-74.4622324,-47.599999999999994,-0.923879533,-0.382683432,0.0
-151.7253097,-71.50581789,-41.199999999999996,-0.923879533,-0.382683432,0.0
-150.5007227,-74.4622324,-44.4,-0.923879533,-0.382683432,0.0
-150.5007227,-74.4622324,-41.199999999999996,-0.923879533,-0.382683432,0.0
-152.9498967,-68.54940339,-28.4,-0.923879533,-0.382683432,0.0
-151.7253097,-71.50581789,-34.79999999999999,-0.923879533,-0.382683432,0.0
-151.7253097,-71.50581789,-28.4,-0.923879533,-0.382683432,0.0
-151.7253097,-71.50581789,-37.99999999999999,-0.923879533,-0.382683432,0.0
-151.7253097,-71.50581789,-31.599999999999998,-0.923879533,-0.382683432,0.0
-150.5007227,-74.4622324,-31.599999999999998,-0.923879533,-0.382683432,0.0
-150.5007227,-74.4622324,-28.4,-0.923879533,-0.382683432,0.0
-152.9498967,-68.54940339,-31.599999999999998,-0.923879533,-0.382683432,0.0
-154.1744836,-65.59298889,-31.599999999999998,-0.923879533,-0.382683432,0.0
-152.9498967,-68.54940339,-37.99999999999999,-0.923879533,-0.382683432,0.0
-150.5007227,-74.4622324,-34.79999999999999,-0.923879533,-0.382683432,0.0
-152.9498967,-68.54940339,-34.79999999999999,-0.923879533,-0.382683432,0.0
-154.1744836,-65.59298889,-28.4,-0.923879533,-0.382683432,0.0
-150.5007227,-74.4622324,-37.99999999999999,-0.923879533,-0.382683432,0.0
-150.5007227,-74.4622324,38.0,-0.923879533,-0.382683432,0.0
-151.7253097,-71.50581789,38.0,-0.923879533,-0.382683432,0.0
-152.9498967,-68.54940339,28.4,-0.923879533,-0.382683432,0.0
-150.5007227,-74.4622324,34.8,-0.923879533,-0.382683432,0.0
-154.1744836,-65.59298889,34.8,-0.923879533,-0.382683432,0.0
-152.9498967,-68.54940339,34.8,-0.923879533,-0.382683432,0.0
-154.1744836,-65.59298889,38.0,-0.923879533,-0.382683432,0.0
-150.5007227,-74.4622324,28.4,-0.923879533,-0.382683432,0.0
-151.7253097,-71.50581789,31.599999999999998,-0.923879533,-0.382683432,0.0
-154.1744836,-65.59298889,28.4,-0.923879533,-0.382683432,0.0
-151.7253097,-71.50581789,34.8,-0.923879533,-0.382683432,0.0
-154.1744836,-65.59298889,31.599999999999998,-0.923879533,-0.382683432,0.0
-152.9498967,-68.54940339,38.0,-0.923879533,-0.382683432,0.0
-152.9498967,-68.54940339,31.599999999999998,-0.923879533,-0.382683432,0.0
-150.5007227,-74.4622324,31.599999999999998,-0.923879533,-0.382683432,0.0
-151.7253097,-71.50581789,28.4,-0.923879533,-0.382683432,0.0
-150.5007227,-74.4622324,41.199999999999996,-0.923879533,-0.382683432,0.0
-151.7253097,-71.50581789,41.199999999999996,-0.923879533,-0.382683432,0.0
-150.5007227,-74.4622324,44.4,-0.923879533,-0.382683432,0.0
-151.7253097,-71.50581789,44.4,-0.923879533,-0.382683432,0.0
-150.5007227,-74.4622324,50.8,-0.923879533,-0.382683432,0.0
-150.5007227,-74.4622324,47.6,-0.923879533,-0.382683432,0.0
-151.7253097,-71.50581789,50.8,-0.923879533,-0.382683432,0.0
-151.7253097,-71.50581789,47.6,-0.923879533,-0.382683432,0.0
-152.9498967,-68.54940339,41.199999999999996,-0.923879533,-0.382683432,0.0
-152.9498967,-68.54940339,47.6,-0.923879533,-0.382683432,0.0
-152.9498967,-68.54940339,44.4,-0.923879533,-0.382683432,0.0
-155.3990706,-62.63657438,38.0,-0.923879533,-0.382683432,0.0
-152.9498967,-68.54940339,50.8,-0.923879533,-0.382683432,0.0
-154.1744836,-65.59298889,41.199999999999996,-0.923879533,-0.382683432,0.0
-154.1744836,-65.59298889,50.8,-0.923879533,-0.382683432,0.0
-154.1744836,-65.59298889,47.6,-0.923879533,-0.382683432,0.0
-154.1744836,-65.59298889,44.4,-0.923879533,-0.382683432,0.0
-155.3990706,-62.63657438,41.199999999999996,-0.923879533,-0.382683432,0.0
-155.3990706,-62.63657438,44.4,-0.923879533,-0.382683432,0.0
-155.3990706,-62.63657438,50.8,-0.923879533,-0.382683432,0.0
-155.3990706,-62.63657438,47.6,-0.923879533,-0.382683432,0.0
-156.6236576,-59.68015988,50.8,-0.923879533,-0.382683432,0.0
-155.3990706,-62.63657438,34.8,-0.923879533,-0.382683432,0.0
-156.6236576,-59.68015988,47.6,-0.923879533,-0.382683432,0.0
-156.6236576,-59.68015988,44.4,-0.923879533,-0.382683432,0.0
-156.6236576,-59.68015988,41.199999999999996,-0.923879533,-0.382683432,0.0
-157.8482446,-56.72374537,47.6,-0.923879533,-0.382683432,0.0
-157.8482446,-56.72374537,50.8,-0.923879533,-0.382683432,0.0
-159.0728316,-53.76733087,50.8,-0.923879533,-0.382683432,0.0
-157.8482446,-56.72374537,41.199999999999996,-0.923879533,-0.382683432,0.0
-159.0728316,-53.76733087,47.6,-0.923879533,-0.382683432,0.0
-157.8482446,-56.72374537,44.4,-0.923879533,-0.382683432,0.0
-159.0728316,-53.76733087,41.199999999999996,-0.923879533,-0.382683432,0.0
-159.0728316,-53.76733087,44.4,-0.923879533,-0.382683432,0.0
-156.6236576,-59.68015988,31.599999999999998,-0.923879533,-0.382683432,0.0
-157.8482446,-56.72374537,31.599999999999998,-0.923879533,-0.382683432,0.0
-157.8482446,-56.72374537,28.4,-0.923879533,-0.382683432,0.0
-157.8482446,-56.72374537,38.0,-0.923879533,-0.382683432,0.0
-157.8482446,-56.72374537,34.8,-0.923879533,-0.382683432,0.0
-159.0728316,-53.76733087,31.599999999999998,-0.923879533,-0.382683432,0.0
-159.0728316,-53.76733087,28.4,-0.923879533,-0.382683432,0.0
-156.6236576,-59.68015988,28.4,-0.923879533,-0.382683432,0.0
-155.3990706,-62.63657438,28.4,-0.923879533,-0.382683432,0.0
-156.6236576,-59.68015988,38.0,-0.923879533,-0.382683432,0.0
-159.0728316,-53.76733087,34.8,-0.923879533,-0.382683432,0.0
-156.6236576,-59.68015988,34.8,-0.923879533,-0.382683432,0.0
-155.3990706,-62.63657438,31.599999999999998,-0.923879533,-0.382683432,0.0
-159.0728316,-53.76733087,38.0,-0.923879533,-0.382683432,0.0
-159.0728316,-53.76733087,14.799999999999997,-0.923879533,-0.382683432,0.0
-157.8482446,-56.72374537,14.799999999999997,-0.923879533,-0.382683432,0.0
-155.3990706,-62.63657438,18.0,-0.923879533,-0.382683432,0.0
-157.8482446,-56.72374537,18.0,-0.923879533,-0.382683432,0.0
-155.3990706,-62.63657438,14.799999999999997,-0.923879533,-0.382683432,0.0
-159.0728316,-53.76733087,21.199999999999996,-0.923879533,-0.382683432,0.0
-156.6236576,-59.68015988,21.199999999999996,-0.923879533,-0.382683432,0.0
-159.0728316,-53.76733087,24.4,-0.923879533,-0.382683432,0.0
-157.8482446,-56.72374537,21.199999999999996,-0.923879533,-0.382683432,0.0
-154.1744836,-65.59298889,14.799999999999997,-0.923879533,-0.382683432,0.0
-159.0728316,-53.76733087,18.0,-0.923879533,-0.382683432,0.0
-154.1744836,-65.59298889,18.0,-0.923879533,-0.382683432,0.0
-156.6236576,-59.68015988,14.799999999999997,-0.923879533,-0.382683432,0.0
-156.6236576,-59.68015988,24.4,-0.923879533,-0.382683432,0.0
-156.6236576,-59.68015988,18.0,-0.923879533,-0.382683432,0.0
-157.8482446,-56.72374537,24.4,-0.923879533,-0.382683432,0.0
-159.0728316,-53.76733087,11.599999999999994,-0.923879533,-0.382683432,0.0
-159.0728316,-53.76733087,5.199999999999996,-0.923879533,-0.382683432,0.0
-159.0728316,-53.76733087,8.399999999999999,-0.923879533,-0.382683432,0.0
-159.0728316,-53.76733087,2.0,-0.923879533,-0.382683432,0.0
-157.8482446,-56.72374537,8.399999999999999,-0.923879533,-0.382683432,0.0
-157.8482446,-56.72374537,11.599999999999994,-0.923879533,-0.382683432,0.0
-157.8482446,-56.72374537,5.199999999999996,-0.923879533,-0.382683432,0.0
-157.8482446,-56.72374537,2.0,-0.923879533,-0.382683432,0.0
-156.6236576,-59.68015988,11.599999999999994,-0.923879533,-0.382683432,0.0
-156.6236576,-59.68015988,5.199999999999996,-0.923879533,-0.382683432,0.0
-156.6236576,-59.68015988,8.399999999999999,-0.923879533,-0.382683432,0.0
-155.3990706,-62.63657438,21.199999999999996,-0.923879533,-0.382683432,0.0
-156.6236576,-59.68015988,2.0,-0.923879533,-0.382683432,0.0
-155.3990706,-62.63657438,2.0,-0.923879533,-0.382683432,0.0
-155.3990706,-62.63657438,5.199999999999996,-0.923879533,-0.382683432,0.0
-155.3990706,-62.63657438,11.599999999999994,-0.923879533,-0.382683432,0.0
-155.3990706,-62.63657438,8.399999999999999,-0.923879533,-0.382683432,0.0
-154.1744836,-65.59298889,8.399999999999999,-0.923879533,-0.382683432,0.0
-154.1744836,-65.59298889,5.199999999999996,-0.923879533,-0.382683432,0.0
-154.1744836,-65.59298889,11.599999999999994,-0.923879533,-0.382683432,0.0
-154.1744836,-65.59298889,2.0,-0.923879533,-0.382683432,0.0
-152.9498967,-68.54940339,2.0,-0.923879533,-0.382683432,0.0
-155.3990706,-62.63657438,24.4,-0.923879533,-0.382683432,0.0
-152.9498967,-68.54940339,5.199999999999996,-0.923879533,-0.382683432,0.0
-151.7253097,-71.50581789,2.0,-0.923879533,-0.382683432,0.0
-152.9498967,-68.54940339,8.399999999999999,-0.923879533,-0.382683432,0.0
-151.7253097,-71.50581789,5.199999999999996,-0.923879533,-0.382683432,0.0
-152.9498967,-68.54940339,11.599999999999994,-0.923879533,-0.382683432,0.0
-150.5007227,-74.4622324,2.0,-0.923879533,-0.382683432,0.0
-151.7253097,-71.50581789,8.399999999999999,-0.923879533,-0.382683432,0.0
-150.5007227,-74.4622324,5.199999999999996,-0.923879533,-0.382683432,0.0
-151.7253097,-71.50581789,11.599999999999994,-0.923879533,-0.382683432,0.0
-150.5007227,-74.4622324,8.399999999999999,-0.923879533,-0.382683432,0.0
-150.5007227,-74.4622324,11.599999999999994,-0.923879533,-0.382683432,0.0
-152.9498967,-68.54940339,24.4,-0.923879533,-0.382683432,0.0
-151.7253097,-71.50581789,18.0,-0.923879533,-0.382683432,0.0
-151.7253097,-71.50581789,24.4,-0.923879533,-0.382683432,0.0
-151.7253097,-71.50581789,14.799999999999997,-0.923879533,-0.382683432,0.0
-151.7253097,-71.50581789,21.199999999999996,-0.923879533,-0.382683432,0.0
-150.5007227,-74.4622324,21.199999999999996,-0.923879533,-0.382683432,0.0
-150.5007227,-74.4622324,24.4,-0.923879533,-0.382683432,0.0
-152.9498967,-68.54940339,21.199999999999996,-0.923879533,-0.382683432,0.0
-154.1744836,-65.59298889,21.199999999999996,-0.923879533,-0.382683432,0.0
-152.9498967,-68.54940339,14.799999999999997,-0.923879533,-0.382683432,0.0
-150.5007227,-74.4622324,18.0,-0.923879533,-0.382683432,0.0
-152.9498967,-68.54940339,18.0,-0.923879533,-0.382683432,0.0
-154.1744836,-65.59298889,24.4,-0.923879533,-0.382683432,0.0
-150.5007227,-74.4622324,14.799999999999997,-0.923879533,-0.382683432,0.0
-136.9993496,-97.08897877,38.0,-0.852640165,-0.522498564,0.0
-138.671345,-94.36053025,38.0,-0.852640165,-0.522498564,0.0
-140.3433404,-91.63208172,28.4,-0.852640165,-0.522498564,0.0
-136.9993496,-97.08897877,34.8,-0.852640165,-0.522498564,0.0
-142.0153358,-88.90363319,34.8,-0.852640165,-0.522498564,0.0
-140.3433404,-91.63208172,34.8,-0.852640165,-0.522498564,0.0
-142.0153358,-88.90363319,38.0,-0.852640165,-0.522498564,0.0
-136.9993496,-97.08897877,28.4,-0.852640165,-0.522498564,0.0
-138.671345,-94.36053025,31.599999999999998,-0.852640165,-0.522498564,0.0
-142.0153358,-88.90363319,28.4,-0.852640165,-0.522498564,0.0
-138.671345,-94.36053025,34.8,-0.852640165,-0.522498564,0.0
-142.0153358,-88.90363319,31.599999999999998,-0.852640165,-0.522498564,0.0
-140.3433404,-91.63208172,38.0,-0.852640165,-0.522498564,0.0
-140.3433404,-91.63208172,31.599999999999998,-0.852640165,-0.522498564,0.0
-136.9993496,-97.08897877,31.599999999999998,-0.852640165,-0.522498564,0.0
-138.671345,-94.36053025,28.4,-0.852640165,-0.522498564,0.0
-136.9993496,-97.08897877,41.199999999999996,-0.852640165,-0.522498564,0.0
-138.671345,-94.36053025,41.199999999999996,-0.852640165,-0.522498564,0.0
-136.9993496,-97.08897877,44.4,-0.852640165,-0.522498564,0.0
-138.671345,-94.36053025,44.4,-0.852640165,-0.522498564,0.0
-136.9993496,-97.08897877,50.8,-0.852640165,-0.522498564,0.0
-136.9993496,-97.08897877,47.6,-0.852640165,-0.522498564,0.0
-138.671345,-94.36053025,50.8,-0.852640165,-0.522498564,0.0
-138.671345,-94.36053025,47.6,-0.852640165,-0.522498564,0.0
-140.3433404,-91.63208172,41.199999999999996,-0.852640165,-0.522498564,0.0
-140.3433404,-91.63208172,47.6,-0.852640165,-0.522498564,0.0
-140.3433404,-91.63208172,44.4,-0.852640165,-0.522498564,0.0
-143.6873312,-86.17518467,38.0,-0.852640165,-0.522498564,0.0
-140.3433404,-91.63208172,50.8,-0.852640165,-0.522498564,0.0
-142.0153358,-88.90363319,41.199999999999996,-0.852640165,-0.522498564,0.0
-142.0153358,-88.90363319,50.8,-0.852640165,-0.522498564,0.0
-142.0153358,-88.90363319,47.6,-0.852640165,-0.522498564,0.0
-142.0153358,-88.90363319,44.4,-0.852640165,-0.522498564,0.0
-143.6873312,-86.17518467,41.199999999999996,-0.852640165,-0.522498564,0.0
-143.6873312,-86.17518467,44.4,-0.852640165,-0.522498564,0.0
-143.6873312,-86.17518467,50.8,-0.852640165,-0.522498564,0.0
-143.6873312,-86.17518467,47.6,-0.852640165,-0.522498564,0.0
-145.3593266,-83.44673614,50.8,-0.852640165,-0.522498564,0.0
-143.6873312,-86.17518467,34.8,-0.852640165,-0.522498564,0.0
-145.3593266,-83.44673614,47.6,-0.852640165,-0.522498564,0.0
-145.3593266,-83.44673614,44.4,-0.852640165,-0.522498564,0.0
-145.3593266,-83.44673614,41.199999999999996,-0.852640165,-0.522498564,0.0
-147.031322,-80.71828761,47.6,-0.852640165,-0.522498564,0.0
-147.031322,-80.71828761,50.8,-0.852640165,-0.522498564,0.0
-148.7033174,-77.98983909,50.8,-0.852640165,-0.522498564,0.0
-147.031322,-80.71828761,41.199999999999996,-0.852640165,-0.522498564,0.0
-148.7033174,-77.98983909,47.6,-0.852640165,-0.522498564,0.0
-147.031322,-80.71828761,44.4,-0.852640165,-0.522498564,0.0
-148.7033174,-77.98983909,41.199999999999996,-0.852640165,-0.522498564,0.0
-148.7033174,-77.98983909,44.4,-0.852640165,-0.522498564,0.0
-145.3593266,-83.44673614,31.599999999999998,-0.852640165,-0.522498564,0.0
-147.031322,-80.71828761,31.599999999999998,-0.852640165,-0.522498564,0.0
-147.031322,-80.71828761,28.4,-0.852640165,-0.522498564,0.0
-147.031322,-80.71828761,38.0,-0.852640165,-0.522498564,0.0
-147.031322,-80.71828761,34.8,-0.852640165,-0.522498564,0.0
-148.7033174,-77.98983909,31.599999999999998,-0.852640165,-0.522498564,0.0
-148.7033174,-77.98983909,28.4,-0.852640165,-0.522498564,0.0
-145.3593266,-83.44673614,28.4,-0.852640165,-0.522498564,0.0
-143.6873312,-86.17518467,28.4,-0.852640165,-0.522498564,0.0
-145.3593266,-83.44673614,38.0,-0.852640165,-0.522498564,0.0
-148.7033174,-77.98983909,34.8,-0.852640165,-0.522498564,0.0
-145.3593266,-83.44673614,34.8,-0.852640165,-0.522498564,0.0
-143.6873312,-86.17518467,31.599999999999998,-0.852640165,-0.522498564,0.0
-148.7033174,-77.98983909,38.0,-0.852640165,-0.522498564,0.0
-148.7033174,-77.98983909,14.799999999999997,-0.852640165,-0.522498564,0.0
-147.031322,-80.71828761,14.799999999999997,-0.852640165,-0.522498564,0.0
-143.6873312,-86.17518467,18.0,-0.852640165,-0.522498564,0.0
-147.031322,-80.71828761,18.0,-0.852640165,-0.522498564,0.0
-143.6873312,-86.17518467,14.799999999999997,-0.852640165,-0.522498564,0.0
-148.7033174,-77.98983909,21.199999999999996,-0.852640165,-0.522498564,0.0
-145.3593266,-83.44673614,21.199999999999996,-0.852640165,-0.522498564,0.0
-148.7033174,-77.98983909,24.4,-0.852640165,-0.522498564,0.0
-147.031322,-80.71828761,21.199999999999996,-0.852640165,-0.522498564,0.0
-142.0153358,-88.90363319,14.799999999999997,-0.852640165,-0.522498564,0.0
-148.7033174,-77.98983909,18.0,-0.852640165,-0.522498564,0.0
-142.0153358,-88.90363319,18.0,-0.852640165,-0.522498564,0.0
-145.3593266,-83.44673614,14.799999999999997,-0.852640165,-0.522498564,0.0
-145.3593266,-83.44673614,24.4,-0.852640165,-0.522498564,0.0
-145.3593266,-83.44673614,18.0,-0.852640165,-0.522498564,0.0
-147.031322,-80.71828761,24.4,-0.852640165,-0.522498564,0.0
-148.7033174,-77.98983909,11.599999999999994,-0.852640165,-0.522498564,0.0
-148.7033174,-77.98983909,5.199999999999996,-0.852640165,-0.522498564,0.0
-148.7033174,-77.98983909,8.399999999999999,-0.852640165,-0.522498564,0.0
-148.7033174,-77.98983909,2.0,-0.852640165,-0.522498564,0.0
-147.031322,-80.71828761,8.399999999999999,-0.852640165,-0.522498564,0.0
-147.031322,-80.71828761,11.599999999999994,-0.852640165,-0.522498564,0.0
-147.031322,-80.71828761,5.199999999999996,-0.852640165,-0.522498564,0.0
-147.031322,-80.71828761,2.0,-0.852640165,-0.522498564,0.0
-145.3593266,-83.44673614,11.599999999999994,-0.852640165,-0.522498564,0.0
-145.3593266,-83.44673614,5.199999999999996,-0.852640165,-0.522498564,0.0
-145.3593266,-83.44673614,8.399999999999999,-0.852640165,-0.522498564,0.0
-143.6873312,-86.17518467,21.199999999999996,-0.852640165,-0.522498564,0.0
-145.3593266,-83.44673614,2.0,-0.852640165,-0.522498564,0.0
-143.6873312,-86.17518467,2.0,-0.852640165,-0.522498564,0.0
-143.6873312,-86.17518467,5.199999999999996,-0.852640165,-0.522498564,0.0
-143.6873312,-86.17518467,11.599999999999994,-0.852640165,-0.522498564,0.0
-143.6873312,-86.17518467,8.399999999999999,-0.852640165,-0.522498564,0.0
-142.0153358,-88.90363319,8.399999999999999,-0.852640165,-0.522498564,0.0
-142.0153358,-88.90363319,5.199999999999996,-0.852640165,-0.522498564,0.0
-142.0153358,-88.90363319,11.599999999999994,-0.852640165,-0.522498564,0.0
-142.0153358,-88.90363319,2.0,-0.852640165,-0.522498564,0.0
-140.3433404,-91.63208172,2.0,-0.852640165,-0.522498564,0.0
-143.6873312,-86.17518467,24.4,-0.852640165,-0.522498564,0.0
-140.3433404,-91.63208172,5.199999999999996,-0.852640165,-0.522498564,0.0
-138.671345,-94.36053025,2.0,-0.852640165,-0.522498564,0.0
-140.3433404,-91.63208172,8.399999999999999,-0.852640165,-0.522498564,0.0
-138.671345,-94.36053025,5.199999999999996,-0.852640165,-0.522498564,0.0
-140.3433404,-91.63208172,11.599999999999994,-0.852640165,-0.522498564,0.0
-136.9993496,-97.08897877,2.0,-0.852640165,-0.522498564,0.0
-138.671345,-94.36053025,8.399999999999999,-0.852640165,-0.522498564,0.0
-136.9993496,-97.08897877,5.199999999999996,-0.852640165,-0.522498564,0.0
-138.671345,-94.36053025,11.599999999999994,-0.852640165,-0.522498564,0.0
-136.9993496,-97.08897877,8.399999999999999,-0.852640165,-0.522498564,0.0
-136.9993496,-97.08897877,11.599999999999994,-0.852640165,-0.522498564,0.0
-140.3433404,-91.63208172,24.4,-0.852640165,-0.522498564,0.0
-138.671345,-94.36053025,18.0,-0.852640165,-0.522498564,0.0
-138.671345,-94.36053025,24.4,-0.852640165,-0.522498564,0.0
-138.671345,-94.36053025,14.799999999999997,-0.852640165,-0.522498564,0.0
-138.671345,-94.36053025,21.199999999999996,-0.852640165,-0.522498564,0.0
-136.9993496,-97.08897877,21.199999999999996,-0.852640165,-0.522498564,0.0
-136.9993496,-97.08897877,24.4,-0.852640165,-0.522498564,0.0
-140.3433404,-91.63208172,21.199999999999996,-0.852640165,-0.522498564,0.0
-142.0153358,-88.90363319,21.199999999999996,-0.852640165,-0.522498564,0.0
-140.3433404,-91.63208172,14.799999999999997,-0.852640165,-0.522498564,0.0
-136.9993496,-97.08897877,18.0,-0.852640165,-0.522498564,0.0
-140.3433404,-91.63208172,18.0,-0.852640165,-0.522498564,0.0
-142.0153358,-88.90363319,24.4,-0.852640165,-0.522498564,0.0
-136.9993496,-97.08897877,14.799999999999997,-0.852640165,-0.522498564,0.0
-120.1245978,-117.3250723,38.0,-0.760405966,-0.649448048,0.0
-122.2028316,-114.8917732,38.0,-0.760405966,-0.649448048,0.0
-124.2810653,-112.4584741,28.4,-0.760405966,-0.649448048,0.0
-120.1245978,-117.3250723,34.8,-0.760405966,-0.649448048,0.0
-126.3592991,-110.025175,34.8,-0.760405966,-0.649448048,0.0
-124.2810653,-112.4584741,34.8,-0.760405966,-0.649448048,0.0
-126.3592991,-110.025175,38.0,-0.760405966,-0.649448048,0.0
-120.1245978,-117.3250723,28.4,-0.760405966,-0.649448048,0.0
-122.2028316,-114.8917732,31.599999999999998,-0.760405966,-0.649448048,0.0
-126.3592991,-110.025175,28.4,-0.760405966,-0.649448048,0.0
-122.2028316,-114.8917732,34.8,-0.760405966,-0.649448048,0.0
-126.3592991,-110.025175,31.599999999999998,-0.760405966,-0.649448048,0.0
-124.2810653,-112.4584741,38.0,-0.760405966,-0.649448048,0.0
-124.2810653,-112.4584741,31.599999999999998,-0.760405966,-0.649448048,0.0
-120.1245978,-117.3250723,31.599999999999998,-0.760405966,-0.649448048,0.0
-122.2028316,-114.8917732,28.4,-0.760405966,-0.649448048,0.0
-120.1245978,-117.3250723,41.199999999999996,-0.760405966,-0.649448048,0.0
-122.2028316,-114.8917732,41.199999999999996,-0.760405966,-0.649448048,0.0
-120.1245978,-117.3250723,44.4,-0.760405966,-0.649448048,0.0
-122.2028316,-114.8917732,44.4,-0.760405966,-0.649448048,0.0
-120.1245978,-117.3250723,50.8,-0.760405966,-0.649448048,0.0
-120.1245978,-117.3250723,47.6,-0.760405966,-0.649448048,0.0
-122.2028316,-114.8917732,50.8,-0.760405966,-0.649448048,0.0
-122.2028316,-114.8917732,47.6,-0.760405966,-0.649448048,0.0
-124.2810653,-112.4584741,41.199999999999996,-0.760405966,-0.649448048,0.0
-124.2810653,-112.4584741,47.6,-0.760405966,-0.649448048,0.0
-124.2810653,-112.4584741,44.4,-0.760405966,-0.649448048,0.0
-128.4375328,-107.5918759,38.0,-0.760405966,-0.649448048,0.0
-124.2810653,-112.4584741,50.8,-0.760405966,-0.649448048,0.0
-126.3592991,-110.025175,41.199999999999996,-0.760405966,-0.649448048,0.0
-126.3592991,-110.025175,50.8,-0.760405966,-0.649448048,0.0
-126.3592991,-110.025175,47.6,-0.760405966,-0.649448048,0.0
-126.3592991,-110.025175,44.4,-0.760405966,-0.649448048,0.0
-128.4375328,-107.5918759,41.199999999999996,-0.760405966,-0.649448048,0.0
-128.4375328,-107.5918759,44.4,-0.760405966,-0.649448048,0.0
-128.4375328,-107.5918759,50.8,-0.760405966,-0.649448048,0.0
-128.4375328,-107.5918759,47.6,-0.760405966,-0.649448048,0.0
-130.5157666,-105.1585768,50.8,-0.760405966,-0.649448048,0.0
-128.4375328,-107.5918759,34.8,-0.760405966,-0.649448048,0.0
-130.5157666,-105.1585768,47.6,-0.760405966,-0.649448048,0.0
-130.5157666,-105.1585768,44.4,-0.760405966,-0.649448048,0.0
-130.5157666,-105.1585768,41.199999999999996,-0.760405966,-0.649448048,0.0
-132.5940003,-102.7252777,47.6,-0.760405966,-0.649448048,0.0
-132.5940003,-102.7252777,50.8,-0.760405966,-0.649448048,0.0
-134.6722341,-100.2919786,50.8,-0.760405966,-0.649448048,0.0
-132.5940003,-102.7252777,41.199999999999996,-0.760405966,-0.649448048,0.0
-134.6722341,-100.2919786,47.6,-0.760405966,-0.649448048,0.0
-132.5940003,-102.7252777,44.4,-0.760405966,-0.649448048,0.0
-134.6722341,-100.2919786,41.199999999999996,-0.760405966,-0.649448048,0.0
-134.6722341,-100.2919786,44.4,-0.760405966,-0.649448048,0.0
-130.5157666,-105.1585768,31.599999999999998,-0.760405966,-0.649448048,0.0
-132.5940003,-102.7252777,31.599999999999998,-0.760405966,-0.649448048,0.0
-132.5940003,-102.7252777,28.4,-0.760405966,-0.649448048,0.0
-132.5940003,-102.7252777,38.0,-0.760405966,-0.649448048,0.0
-132.5940003,-102.7252777,34.8,-0.760405966,-0.649448048,0.0
-134.6722341,-100.2919786,31.599999999999998,-0.760405966,-0.649448048,0.0
-134.6722341,-100.2919786,28.4,-0.760405966,-0.649448048,0.0
-130.5157666,-105.1585768,28.4,-0.760405966,-0.649448048,0.0
-128.4375328,-107.5918759,28.4,-0.760405966,-0.649448048,0.0
-130.5157666,-105.1585768,38.0,-0.760405966,-0.649448048,0.0
-134.6722341,-100.2919786,34.8,-0.760405966,-0.649448048,0.0
-130.5157666,-105.1585768,34.8,-0.760405966,-0.649448048,0.0
-128.4375328,-107.5918759,31.599999999999998,-0.760405966,-0.649448048,0.0
-134.6722341,-100.2919786,38.0,-0.760405966,-0.649448048,0.0
-134.6722341,-100.2919786,14.799999999999997,-0.760405966,-0.649448048,0.0
-132.5940003,-102.7252777,14.799999999999997,-0.760405966,-0.649448048,0.0
-128.4375328,-107.5918759,18.0,-0.760405966,-0.649448048,0.0
-132.5940003,-102.7252777,18.0,-0.760405966,-0.649448048,0.0
-128.4375328,-107.5918759,14.799999999999997,-0.760405966,-0.649448048,0.0
-134.6722341,-100.2919786,21.199999999999996,-0.760405966,-0.649448048,0.0
-130.5157666,-105.1585768,21.199999999999996,-0.760405966,-0.649448048,0.0
-134.6722341,-100.2919786,24.4,-0.760405966,-0.649448048,0.0
-132.5940003,-102.7252777,21.199999999999996,-0.760405966,-0.649448048,0.0
-126.3592991,-110.025175,14.799999999999997,-0.760405966,-0.649448048,0.0
-134.6722341,-100.2919786,18.0,-0.760405966,-0.649448048,0.0
-126.3592991,-110.025175,18.0,-0.760405966,-0.649448048,0.0
-130.5157666,-105.1585768,14.799999999999997,-0.760405966,-0.649448048,0.0
-130.5157666,-105.1585768,24.4,-0.760405966,-0.649448048,0.0
-130.5157666,-105.1585768,18.0,-0.760405966,-0.649448048,0.0
-132.5940003,-102.7252777,24.4,-0.760405966,-0.649448048,0.0
-134.6722341,-100.2919786,11.599999999999994,-0.760405966,-0.649448048,0.0
-134.6722341,-100.2919786,5.199999999999996,-0.760405966,-0.649448048,0.0
-134.6722341,-100.2919786,8.399999999999999,-0.760405966,-0.649448048,0.0
-134.6722341,-100.2919786,2.0,-0.760405966,-0.649448048,0.0
-132.5940003,-102.7252777,8.399999999999999,-0.760405966,-0.649448048,0.0
-132.5940003,-102.7252777,11.599999999999994,-0.760405966,-0.649448048,0.0
-132.5940003,-102.7252777,5.199999999999996,-0.760405966,-0.649448048,0.0
-132.5940003,-102.7252777,2.0,-0.760405966,-0.649448048,0.0
-130.5157666,-105.1585768,11.599999999999994,-0.760405966,-0.649448048,0.0
-130.5157666,-105.1585768,5.199999999999996,-0.760405966,-0.649448048,0.0
-130.5157666,-105.1585768,8.399999999999999,-0.760405966,-0.649448048,0.0
-128.4375328,-107.5918759,21.199999999999996,-0.760405966,-0.649448048,0.0
-130.5157666,-105.1585768,2.0,-0.760405966,-0.649448048,0.0
-128.4375328,-107.5918759,2.0,-0.760405966,-0.649448048,0.0
-128.4375328,-107.5918759,5.199999999999996,-0.760405966,-0.649448048,0.0
-128.4375328,-107.5918759,11.599999999999994,-0.760405966,-0.649448048,0.0
-128.4375328,-107.5918759,8.399999999999999,-0.760405966,-0.649448048,0.0
-126.3592991,-110.025175,8.399999999999999,-0.760405966,-0.649448048,0.0
-126.3592991,-110.025175,5.199999999999996,-0.760405966,-0.649448048,0.0
-126.3592991,-110.025175,11.599999999999994,-0.760405966,-0.649448048,0.0
-126.3592991,-110.025175,2.0,-0.760405966,-0.649448048,0.0
-124.2810653,-112.4584741,2.0,-0.760405966,-0.649448048,0.0
-128.4375328,-107.5918759,24.4,-0.760405966,-0.649448048,0.0
-124.2810653,-112.4584741,5.199999999999996,-0.760405966,-0.649448048,0.0
-122.2028316,-114.8917732,2.0,-0.760405966,-0.649448048,0.0
-124.2810653,-112.4584741,8.399999999999999,-0.760405966,-0.649448048,0.0
-122.2028316,-114.8917732,5.199999999999996,-0.760405966,-0.649448048,0.0
-124.2810653,-112.4584741,11.599999999999994,-0.760405966,-0.649448048,0.0
-120.1245978,-117.3250723,2.0,-0.760405966,-0.649448048,0.0
-122.2028316,-114.8917732,8.399999999999999,-0.760405966,-0.649448048,0.0
-120.1245978,-117.3250723,5.199999999999996,-0.760405966,-0.649448048,0.0
-122.2028316,-114.8917732,11.599999999999994,-0.760405966,-0.649448048,0.0
-120.1245978,-117.3250723,8.399999999999999,-0.760405966,-0.649448048,0.0
-120.1245978,-117.3250723,11.599999999999994,-0.760405966,-0.649448048,0.0
-124.2810653,-112.4584741,24.4,-0.760405966,-0.649448048,0.0
-122.2028316,-114.8917732,18.0,-0.760405966,-0.649448048,0.0
-122.2028316,-114.8917732,24.4,-0.760405966,-0.649448048,0.0
-122.2028316,-114.8917732,14.799999999999997,-0.760405966,-0.649448048,0.0
-122.2028316,-114.8917732,21.199999999999996,-0.760405966,-0.649448048,0.0
-120.1245978,-117.3250723,21.199999999999996,-0.760405966,-0.649448048,0.0
-120.1245978,-117.3250723,24.4,-0.760405966,-0.649448048,0.0
-124.2810653,-112.4584741,21.199999999999996,-0.760405966,-0.649448048,0.0
-126.3592991,-110.025175,21.199999999999996,-0.760405966,-0.649448048,0.0
-124.2810653,-112.4584741,14.799999999999997,-0.760405966,-0.649448048,0.0
-120.1245978,-117.3250723,18.0,-0.760405966,-0.649448048,0.0
-124.2810653,-112.4584741,18.0,-0.760405966,-0.649448048,0.0
-126.3592991,-110.025175,24.4,-0.760405966,-0.649448048,0.0
-120.1245978,-117.3250723,14.799999999999997,-0.760405966,-0.649448048,0.0
-100.2919798,-134.6722331,38.0,-0.649448049,-0.760405965,0.0
-102.7252789,-132.5939994,38.0,-0.649448049,-0.760405965,0.0
-105.158578,-130.5157656,28.4,-0.649448049,-0.760405965,0.0
-100.2919798,-134.6722331,34.8,-0.649448049,-0.760405965,0.0
-107.5918771,-128.4375319,34.8,-0.649448049,-0.760405965,0.0
-105.158578,-130.5157656,34.8,-0.649448049,-0.760405965,0.0
-107.5918771,-128.4375319,38.0,-0.649448049,-0.760405965,0.0
-100.2919798,-134.6722331,28.4,-0.649448049,-0.760405965,0.0
-102.7252789,-132.5939994,31.599999999999998,-0.649448049,-0.760405965,0.0
-107.5918771,-128.4375319,28.4,-0.649448049,-0.760405965,0.0
-102.7252789,-132.5939994,34.8,-0.649448049,-0.760405965,0.0
-107.5918771,-128.4375319,31.599999999999998,-0.649448049,-0.760405965,0.0
-105.158578,-130.5157656,38.0,-0.649448049,-0.760405965,0.0
-105.158578,-130.5157656,31.599999999999998,-0.649448049,-0.760405965,0.0
-100.2919798,-134.6722331,31.599999999999998,-0.649448049,-0.760405965,0.0
-102.7252789,-132.5939994,28.4,-0.649448049,-0.760405965,0.0
-100.2919798,-134.6722331,41.199999999999996,-0.649448049,-0.760405965,0.0
-102.7252789,-132.5939994,41.199999999999996,-0.649448049,-0.760405965,0.0
-100.2919798,-134.6722331,44.4,-0.649448049,-0.760405965,0.0
-102.7252789,-132.5939994,44.4,-0.649448049,-0.760405965,0.0
-100.2919798,-134.6722331,50.8,-0.649448049,-0.760405965,0.0
-100.2919798,-134.6722331,47.6,-0.649448049,-0.760405965,0.0
-102.7252789,-132.5939994,50.8,-0.649448049,-0.760405965,0.0
-102.7252789,-132.5939994,47.6,-0.649448049,-0.760405965,0.0
-105.158578,-130.5157656,41.199999999999996,-0.649448049,-0.760405965,0.0
-105.158578,-130.5157656,47.6,-0.649448049,-0.760405965,0.0
-105.158578,-130.5157656,44.4,-0.649448049,-0.760405965,0.0
-110.0251761,-126.3592981,38.0,-0.649448049,-0.760405965,0.0
-105.158578,-130.5157656,50.8,-0.649448049,-0.760405965,0.0
-107.5918771,-128.4375319,41.199999999999996,-0.649448049,-0.760405965,0.0
-107.5918771,-128.4375319,50.8,-0.649448049,-0.760405965,0.0
-107.5918771,-128.4375319,47.6,-0.649448049,-0.760405965,0.0
-107.5918771,-128.4375319,44.4,-0.649448049,-0.760405965,0.0
-110.0251761,-126.3592981,41.199999999999996,-0.649448049,-0.760405965,0.0
-110.0251761,-126.3592981,44.4,-0.649448049,-0.760405965,0.0
-110.0251761,-126.3592981,50.8,-0.649448049,-0.760405965,0.0
-110.0251761,-126.3592981,47.6,-0.649448049,-0.760405965,0.0
-112.4584752,-124.2810643,50.8,-0.649448049,-0.760405965,0.0
-110.0251761,-126.3592981,34.8,-0.649448049,-0.760405965,0.0
-112.4584752,-124.2810643,47.6,-0.649448049,-0.760405965,0.0
-112.4584752,-124.2810643,44.4,-0.649448049,-0.760405965,0.0
-112.4584752,-124.2810643,41.199999999999996,-0.649448049,-0.760405965,0.0
-114.8917743,-122.2028306,47.6,-0.649448049,-0.760405965,0.0
-114.8917743,-122.2028306,50.8,-0.649448049,-0.760405965,0.0
-117.3250734,-120.1245968,50.8,-0.649448049,-0.760405965,0.0
-114.8917743,-122.2028306,41.199999999999996,-0.649448049,-0.760405965,0.0
-117.3250734,-120.1245968,47.6,-0.649448049,-0.760405965,0.0
-114.8917743,-122.2028306,44.4,-0.649448049,-0.760405965,0.0
-117.3250734,-120.1245968,41.199999999999996,-0.649448049,-0.760405965,0.0
-117.3250734,-120.1245968,44.4,-0.649448049,-0.760405965,0.0
-112.4584752,-124.2810643,31.599999999999998,-0.649448049,-0.760405965,0.0
-114.8917743,-122.2028306,31.599999999999998,-0.649448049,-0.760405965,0.0
-114.8917743,-122.2028306,28.4,-0.649448049,-0.760405965,0.0
-114.8917743,-122.2028306,38.0,-0.649448049,-0.760405965,0.0
-114.8917743,-122.2028306,34.8,-0.649448049,-0.760405965,0.0
-117.3250734,-120.1245968,31.599999999999998,-0.649448049,-0.760405965,0.0
-117.3250734,-120.1245968,28.4,-0.649448049,-0.760405965,0.0
-112.4584752,-124.2810643,28.4,-0.649448049,-0.760405965,0.0
-110.0251761,-126.3592981,28.4,-0.649448049,-0.760405965,0.0
-112.4584752,-124.2810643,38.0,-0.649448049,-0.760405965,0.0
-117.3250734,-120.1245968,34.8,-0.649448049,-0.760405965,0.0
-112.4584752,-124.2810643,34.8,-0.649448049,-0.760405965,0.0
-110.0251761,-126.3592981,31.599999999999998,-0.649448049,-0.760405965,0.0
-117.3250734,-120.1245968,38.0,-0.649448049,-0.760405965,0.0
-117.3250734,-120.1245968,14.799999999999997,-0.649448049,-0.760405965,0.0
-114.8917743,-122.2028306,14.799999999999997,-0.649448049,-0.760405965,0.0
-110.0251761,-126.3592981,18.0,-0.649448049,-0.760405965,0.0
-114.8917743,-122.2028306,18.0,-0.649448049,-0.760405965,0.0
-110.0251761,-126.3592981,14.799999999999997,-0.649448049,-0.760405965,0.0
-117.3250734,-120.1245968,21.199999999999996,-0.649448049,-0.760405965,0.0
-112.4584752,-124.2810643,21.199999999999996,-0.649448049,-0.760405965,0.0
-117.3250734,-120.1245968,24.4,-0.649448049,-0.760405965,0.0
-114.8917743,-122.2028306,21.199999999999996,-0.649448049,-0.760405965,0.0
-107.5918771,-128.4375319,14.799999999999997,-0.649448049,-0.760405965,0.0
-117.3250734,-120.1245968,18.0,-0.649448049,-0.760405965,0.0
-107.5918771,-128.4375319,18.0,-0.649448049,-0.760405965,0.0
-112.4584752,-124.2810643,14.799999999999997,-0.649448049,-0.760405965,0.0
-112.4584752,-124.2810643,24.4,-0.649448049,-0.760405965,0.0
-112.4584752,-124.2810643,18.0,-0.649448049,-0.760405965,0.0
-114.8917743,-122.2028306,24.4,-0.649448049,-0.760405965,0.0
-117.3250734,-120.1245968,11.599999999999994,-0.649448049,-0.760405965,0.0
-117.3250734,-120.1245968,5.199999999999996,-0.649448049,-0.760405965,0.0
-117.3250734,-120.1245968,8.399999999999999,-0.649448049,-0.760405965,0.0
-117.3250734,-120.1245968,2.0,-0.649448049,-0.760405965,0.0
-114.8917743,-122.2028306,8.399999999999999,-0.649448049,-0.760405965,0.0
-114.8917743,-122.2028306,11.599999999999994,-0.649448049,-0.760405965,0.0
-114.8917743,-122.2028306,5.199999999999996,-0.649448049,-0.760405965,0.0
-114.8917743,-122.2028306,2.0,-0.649448049,-0.760405965,0.0
-112.4584752,-124.2810643,11.599999999999994,-0.649448049,-0.760405965,0.0
-112.4584752,-124.2810643,5.199999999999996,-0.649448049,-0.760405965,0.0
-112.4584752,-124.2810643,8.399999999999999,-0.649448049,-0.760405965,0.0
-110.0251761,-126.3592981,21.199999999999996,-0.649448049,-0.760405965,0.0
-112.4584752,-124.2810643,2.0,-0.649448049,-0.760405965,0.0
-110.0251761,-126.3592981,2.0,-0.649448049,-0.760405965,0.0
-110.0251761,-126.3592981,5.199999999999996,-0.649448049,-0.760405965,0.0
-110.0251761,-126.3592981,11.599999999999994,-0.649448049,-0.760405965,0.0
-110.0251761,-126.3592981,8.399999999999999,-0.649448049,-0.760405965,0.0
-107.5918771,-128.4375319,8.399999999999999,-0.649448049,-0.760405965,0.0
-107.5918771,-128.4375319,5.199999999999996,-0.649448049,-0.760405965,0.0
-107.5918771,-128.4375319,11.599999999999994,-0.649448049,-0.760405965,0.0
-107.5918771,-128.4375319,2.0,-0.649448049,-0.760405965,0.0
-105.158578,-130.5157656,2.0,-0.649448049,-0.760405965,0.0
-110.0251761,-126.3592981,24.4,-0.649448049,-0.760405965,0.0
-105.158578,-130.5157656,5.199999999999996,-0.649448049,-0.760405965,0.0
-102.7252789,-132.5939994,2.0,-0.649448049,-0.760405965,0.0
-105.158578,-130.5157656,8.399999999999999,-0.649448049,-0.760405965,0.0
-102.7252789,-132.5939994,5.199999999999996,-0.649448049,-0.760405965,0.0
-105.158578,-130.5157656,11.599999999999994,-0.649448049,-0.760405965,0.0
-100.2919798,-134.6722331,2.0,-0.649448049,-0.760405965,0.0
-102.7252789,-132.5939994,8.399999999999999,-0.649448049,-0.760405965,0.0
-100.2919798,-134.6722331,5.199999999999996,-0.649448049,-0.760405965,0.0
-102.7252789,-132.5939994,11.599999999999994,-0.649448049,-0.760405965,0.0
-100.2919798,-134.6722331,8.399999999999999,-0.649448049,-0.760405965,0.0
-100.2919798,-134.6722331,11.599999999999994,-0.649448049,-0.760405965,0.0
-105.158578,-130.5157656,24.4,-0.649448049,-0.760405965,0.0
-102.7252789,-132.5939994,18.0,-0.649448049,-0.760405965,0.0
-102.7252789,-132.5939994,24.4,-0.649448049,-0.760405965,0.0
-102.7252789,-132.5939994,14.799999999999997,-0.649448049,-0.760405965,0.0
-102.7252789,-132.5939994,21.199999999999996,-0.649448049,-0.760405965,0.0
-100.2919798,-134.6722331,21.199999999999996,-0.649448049,-0.760405965,0.0
-100.2919798,-134.6722331,24.4,-0.649448049,-0.760405965,0.0
-105.158578,-130.5157656,21.199999999999996,-0.649448049,-0.760405965,0.0
-107.5918771,-128.4375319,21.199999999999996,-0.649448049,-0.760405965,0.0
-105.158578,-130.5157656,14.799999999999997,-0.649448049,-0.760405965,0.0
-100.2919798,-134.6722331,18.0,-0.649448049,-0.760405965,0.0
-105.158578,-130.5157656,18.0,-0.649448049,-0.760405965,0.0
-107.5918771,-128.4375319,24.4,-0.649448049,-0.760405965,0.0
-100.2919798,-134.6722331,14.799999999999997,-0.649448049,-0.760405965,0.0
