117.3250734,-120.1245968,90.4,-0.649448049,0.760405965,0
114.8917743,-122.2028306,90.4,-0.649448049,0.760405965,0
112.4584752,-124.2810643,80.8,-0.649448049,0.760405965,0
117.3250734,-120.1245968,87.2,-0.649448049,0.760405965,0
110.0251761,-126.3592981,87.2,-0.649448049,0.760405965,0
112.4584752,-124.2810643,87.2,-0.649448049,0.760405965,0
110.0251761,-126.3592981,90.4,-0.649448049,0.760405965,0
117.3250734,-120.1245968,80.8,-0.649448049,0.760405965,0
114.8917743,-122.2028306,84,-0.649448049,0.760405965,0
110.0251761,-126.3592981,80.8,-0.649448049,0.760405965,0
114.8917743,-122.2028306,87.2,-0.649448049,0.760405965,0
110.0251761,-126.3592981,84,-0.649448049,0.760405965,0
112.4584752,-124.2810643,90.4,-0.649448049,0.760405965,0
112.4584752,-124.2810643,84,-0.649448049,0.760405965,0
117.3250734,-120.1245968,84,-0.649448049,0.760405965,0
114.8917743,-122.2028306,80.8,-0.649448049,0.760405965,0
117.3250734,-120.1245968,93.6,-0.649448049,0.760405965,0
114.8917743,-122.2028306,93.6,-0.649448049,0.760405965,0
117.3250734,-120.1245968,96.8,-0.649448049,0.760405965,0
114.8917743,-122.2028306,96.8,-0.649448049,0.760405965,0
117.3250734,-120.1245968,103.2,-0.649448049,0.760405965,0
117.3250734,-120.1245968,100,-0.649448049,0.760405965,0
114.8917743,-122.2028306,103.2,-0.649448049,0.760405965,0
114.8917743,-122.2028306,100,-0.649448049,0.760405965,0
112.4584752,-124.2810643,93.6,-0.649448049,0.760405965,0
112.4584752,-124.2810643,100,-0.649448049,0.760405965,0
112.4584752,-124.2810643,96.8,-0.649448049,0.760405965,0
107.5918771,-128.4375319,90.4,-0.649448049,0.760405965,0
112.4584752,-124.2810643,103.2,-0.649448049,0.760405965,0
110.0251761,-126.3592981,93.6,-0.649448049,0.760405965,0
110.0251761,-126.3592981,103.2,-0.649448049,0.760405965,0
110.0251761,-126.3592981,100,-0.649448049,0.760405965,0
110.0251761,-126.3592981,96.8,-0.649448049,0.760405965,0
107.5918771,-128.4375319,93.6,-0.649448049,0.760405965,0
107.5918771,-128.4375319,96.8,-0.649448049,0.760405965,0
107.5918771,-128.4375319,103.2,-0.649448049,0.760405965,0
107.5918771,-128.4375319,100,-0.649448049,0.760405965,0
105.158578,-130.5157656,103.2,-0.649448049,0.760405965,0
107.5918771,-128.4375319,87.2,-0.649448049,0.760405965,0
105.158578,-130.5157656,100,-0.649448049,0.760405965,0
105.158578,-130.5157656,96.8,-0.649448049,0.760405965,0
105.158578,-130.5157656,93.6,-0.649448049,0.760405965,0
102.7252789,-132.5939994,100,-0.649448049,0.760405965,0
102.7252789,-132.5939994,103.2,-0.649448049,0.760405965,0
100.2919798,-134.6722331,103.2,-0.649448049,0.760405965,0
102.7252789,-132.5939994,93.6,-0.649448049,0.760405965,0
100.2919798,-134.6722331,100,-0.649448049,0.760405965,0
102.7252789,-132.5939994,96.8,-0.649448049,0.760405965,0
100.2919798,-134.6722331,93.6,-0.649448049,0.760405965,0
100.2919798,-134.6722331,96.8,-0.649448049,0.760405965,0
105.158578,-130.5157656,84,-0.649448049,0.760405965,0
102.7252789,-132.5939994,84,-0.649448049,0.760405965,0
102.7252789,-132.5939994,80.8,-0.649448049,0.760405965,0
102.7252789,-132.5939994,90.4,-0.649448049,0.760405965,0
102.7252789,-132.5939994,87.2,-0.649448049,0.760405965,0
100.2919798,-134.6722331,84,-0.649448049,0.760405965,0
100.2919798,-134.6722331,80.8,-0.649448049,0.760405965,0
105.158578,-130.5157656,80.8,-0.649448049,0.760405965,0
107.5918771,-128.4375319,80.8,-0.649448049,0.760405965,0
105.158578,-130.5157656,90.4,-0.649448049,0.760405965,0
100.2919798,-134.6722331,87.2,-0.649448049,0.760405965,0
105.158578,-130.5157656,87.2,-0.649448049,0.760405965,0
107.5918771,-128.4375319,84,-0.649448049,0.760405965,0
100.2919798,-134.6722331,90.4,-0.649448049,0.760405965,0
100.2919798,-134.6722331,67.2,-0.649448049,0.760405965,0
102.7252789,-132.5939994,67.2,-0.649448049,0.760405965,0
107.5918771,-128.4375319,70.4,-0.649448049,0.760405965,0
102.7252789,-132.5939994,70.4,-0.649448049,0.760405965,0
107.5918771,-128.4375319,67.2,-0.649448049,0.760405965,0
100.2919798,-134.6722331,73.6,-0.649448049,0.760405965,0
105.158578,-130.5157656,73.6,-0.649448049,0.760405965,0
100.2919798,-134.6722331,76.8,-0.649448049,0.760405965,0
102.7252789,-132.5939994,73.6,-0.649448049,0.760405965,0
110.0251761,-126.3592981,67.2,-0.649448049,0.760405965,0
100.2919798,-134.6722331,70.4,-0.649448049,0.760405965,0
110.0251761,-126.3592981,70.4,-0.649448049,0.760405965,0
105.158578,-130.5157656,67.2,-0.649448049,0.760405965,0
105.158578,-130.5157656,76.8,-0.649448049,0.760405965,0
105.158578,-130.5157656,70.4,-0.649448049,0.760405965,0
102.7252789,-132.5939994,76.8,-0.649448049,0.760405965,0
100.2919798,-134.6722331,64,-0.649448049,0.760405965,0
100.2919798,-134.6722331,57.6,-0.649448049,0.760405965,0
100.2919798,-134.6722331,60.8,-0.649448049,0.760405965,0
100.2919798,-134.6722331,54.4,-0.649448049,0.760405965,0
102.7252789,-132.5939994,60.8,-0.649448049,0.760405965,0
102.7252789,-132.5939994,64,-0.649448049,0.760405965,0
102.7252789,-132.5939994,57.6,-0.649448049,0.760405965,0
102.7252789,-132.5939994,54.4,-0.649448049,0.760405965,0
105.158578,-130.5157656,64,-0.649448049,0.760405965,0
105.158578,-130.5157656,57.6,-0.649448049,0.760405965,0
105.158578,-130.5157656,60.8,-0.649448049,0.760405965,0
107.5918771,-128.4375319,73.6,-0.649448049,0.760405965,0
105.158578,-130.5157656,54.4,-0.649448049,0.760405965,0
107.5918771,-128.4375319,54.4,-0.649448049,0.760405965,0
107.5918771,-128.4375319,57.6,-0.649448049,0.760405965,0
107.5918771,-128.4375319,64,-0.649448049,0.760405965,0
107.5918771,-128.4375319,60.8,-0.649448049,0.760405965,0
110.0251761,-126.3592981,60.8,-0.649448049,0.760405965,0
110.0251761,-126.3592981,57.6,-0.649448049,0.760405965,0
110.0251761,-126.3592981,64,-0.649448049,0.760405965,0
110.0251761,-126.3592981,54.4,-0.649448049,0.760405965,0
112.4584752,-124.2810643,54.4,-0.649448049,0.760405965,0
107.5918771,-128.4375319,76.8,-0.649448049,0.760405965,0
112.4584752,-124.2810643,57.6,-0.649448049,0.760405965,0
114.8917743,-122.2028306,54.4,-0.649448049,0.760405965,0
112.4584752,-124.2810643,60.8,-0.649448049,0.760405965,0
114.8917743,-122.2028306,57.6,-0.649448049,0.760405965,0
112.4584752,-124.2810643,64,-0.649448049,0.760405965,0
117.3250734,-120.1245968,54.4,-0.649448049,0.760405965,0
114.8917743,-122.2028306,60.8,-0.649448049,0.760405965,0
117.3250734,-120.1245968,57.6,-0.649448049,0.760405965,0
114.8917743,-122.2028306,64,-0.649448049,0.760405965,0
117.3250734,-120.1245968,60.8,-0.649448049,0.760405965,0
117.3250734,-120.1245968,64,-0.649448049,0.760405965,0
112.4584752,-124.2810643,76.8,-0.649448049,0.760405965,0
114.8917743,-122.2028306,70.4,-0.649448049,0.760405965,0
114.8917743,-122.2028306,76.8,-0.649448049,0.760405965,0
114.8917743,-122.2028306,67.2,-0.649448049,0.760405965,0
114.8917743,-122.2028306,73.6,-0.649448049,0.760405965,0
117.3250734,-120.1245968,73.6,-0.649448049,0.760405965,0
117.3250734,-120.1245968,76.8,-0.649448049,0.760405965,0
112.4584752,-124.2810643,73.6,-0.649448049,0.760405965,0
110.0251761,-126.3592981,73.6,-0.649448049,0.760405965,0
112.4584752,-124.2810643,67.2,-0.649448049,0.760405965,0
117.3250734,-120.1245968,70.4,-0.649448049,0.760405965,0
112.4584752,-124.2810643,70.4,-0.649448049,0.760405965,0
110.0251761,-126.3592981,76.8,-0.649448049,0.760405965,0
117.3250734,-120.1245968,67.2,-0.649448049,0.760405965,0
134.6722341,-100.2919786,90.4,-0.760405966,0.649448048,0
132.5940003,-102.7252777,90.4,-0.760405966,0.649448048,0
130.5157666,-105.1585768,80.8,-0.760405966,0.649448048,0
134.6722341,-100.2919786,87.2,-0.760405966,0.649448048,0
128.4375328,-107.5918759,87.2,-0.760405966,0.649448048,0
130.5157666,-105.1585768,87.2,-0.760405966,0.649448048,0
128.4375328,-107.5918759,90.4,-0.760405966,0.649448048,0
134.6722341,-100.2919786,80.8,-0.760405966,0.649448048,0
132.5940003,-102.7252777,84,-0.760405966,0.649448048,0
128.4375328,-107.5918759,80.8,-0.760405966,0.649448048,0
132.5940003,-102.7252777,87.2,-0.760405966,0.649448048,0
128.4375328,-107.5918759,84,-0.760405966,0.649448048,0
130.5157666,-105.1585768,90.4,-0.760405966,0.649448048,0
130.5157666,-105.1585768,84,-0.760405966,0.649448048,0
134.6722341,-100.2919786,84,-0.760405966,0.649448048,0
132.5940003,-102.7252777,80.8,-0.760405966,0.649448048,0
134.6722341,-100.2919786,93.6,-0.760405966,0.649448048,0
132.5940003,-102.7252777,93.6,-0.760405966,0.649448048,0
134.6722341,-100.2919786,96.8,-0.760405966,0.649448048,0
132.5940003,-102.7252777,96.8,-0.760405966,0.649448048,0
134.6722341,-100.2919786,103.2,-0.760405966,0.649448048,0
134.6722341,-100.2919786,100,-0.760405966,0.649448048,0
132.5940003,-102.7252777,103.2,-0.760405966,0.649448048,0
132.5940003,-102.7252777,100,-0.760405966,0.649448048,0
130.5157666,-105.1585768,93.6,-0.760405966,0.649448048,0
130.5157666,-105.1585768,100,-0.760405966,0.649448048,0
130.5157666,-105.1585768,96.8,-0.760405966,0.649448048,0
126.3592991,-110.025175,90.4,-0.760405966,0.649448048,0
130.5157666,-105.1585768,103.2,-0.760405966,0.649448048,0
128.4375328,-107.5918759,93.6,-0.760405966,0.649448048,0
128.4375328,-107.5918759,103.2,-0.760405966,0.649448048,0
128.4375328,-107.5918759,100,-0.760405966,0.649448048,0
128.4375328,-107.5918759,96.8,-0.760405966,0.649448048,0
126.3592991,-110.025175,93.6,-0.760405966,0.649448048,0
126.3592991,-110.025175,96.8,-0.760405966,0.649448048,0
126.3592991,-110.025175,103.2,-0.760405966,0.649448048,0
126.3592991,-110.025175,100,-0.760405966,0.649448048,0
124.2810653,-112.4584741,103.2,-0.760405966,0.649448048,0
126.3592991,-110.025175,87.2,-0.760405966,0.649448048,0
124.2810653,-112.4584741,100,-0.760405966,0.649448048,0
124.2810653,-112.4584741,96.8,-0.760405966,0.649448048,0
124.2810653,-112.4584741,93.6,-0.760405966,0.649448048,0
122.2028316,-114.8917732,100,-0.760405966,0.649448048,0
122.2028316,-114.8917732,103.2,-0.760405966,0.649448048,0
120.1245978,-117.3250723,103.2,-0.760405966,0.649448048,0
122.2028316,-114.8917732,93.6,-0.760405966,0.649448048,0
120.1245978,-117.3250723,100,-0.760405966,0.649448048,0
122.2028316,-114.8917732,96.8,-0.760405966,0.649448048,0
120.1245978,-117.3250723,93.6,-0.760405966,0.649448048,0
120.1245978,-117.3250723,96.8,-0.760405966,0.649448048,0
124.2810653,-112.4584741,84,-0.760405966,0.649448048,0
122.2028316,-114.8917732,84,-0.760405966,0.649448048,0
122.2028316,-114.8917732,80.8,-0.760405966,0.649448048,0
122.2028316,-114.8917732,90.4,-0.760405966,0.649448048,0
122.2028316,-114.8917732,87.2,-0.760405966,0.649448048,0
120.1245978,-117.3250723,84,-0.760405966,0.649448048,0
120.1245978,-117.3250723,80.8,-0.760405966,0.649448048,0
124.2810653,-112.4584741,80.8,-0.760405966,0.649448048,0
126.3592991,-110.025175,80.8,-0.760405966,0.649448048,0
124.2810653,-112.4584741,90.4,-0.760405966,0.649448048,0
120.1245978,-117.3250723,87.2,-0.760405966,0.649448048,0
124.2810653,-112.4584741,87.2,-0.760405966,0.649448048,0
126.3592991,-110.025175,84,-0.760405966,0.649448048,0
120.1245978,-117.3250723,90.4,-0.760405966,0.649448048,0
120.1245978,-117.3250723,67.2,-0.760405966,0.649448048,0
122.2028316,-114.8917732,67.2,-0.760405966,0.649448048,0
126.3592991,-110.025175,70.4,-0.760405966,0.649448048,0
122.2028316,-114.8917732,70.4,-0.760405966,0.649448048,0
126.3592991,-110.025175,67.2,-0.760405966,0.649448048,0
120.1245978,-117.3250723,73.6,-0.760405966,0.649448048,0
124.2810653,-112.4584741,73.6,-0.760405966,0.649448048,0
120.1245978,-117.3250723,76.8,-0.760405966,0.649448048,0
122.2028316,-114.8917732,73.6,-0.760405966,0.649448048,0
128.4375328,-107.5918759,67.2,-0.760405966,0.649448048,0
120.1245978,-117.3250723,70.4,-0.760405966,0.649448048,0
128.4375328,-107.5918759,70.4,-0.760405966,0.649448048,0
124.2810653,-112.4584741,67.2,-0.760405966,0.649448048,0
124.2810653,-112.4584741,76.8,-0.760405966,0.649448048,0
124.2810653,-112.4584741,70.4,-0.760405966,0.649448048,0
122.2028316,-114.8917732,76.8,-0.760405966,0.649448048,0
120.1245978,-117.3250723,64,-0.760405966,0.649448048,0
120.1245978,-117.3250723,57.6,-0.760405966,0.649448048,0
120.1245978,-117.3250723,60.8,-0.760405966,0.649448048,0
120.1245978,-117.3250723,54.4,-0.760405966,0.649448048,0
122.2028316,-114.8917732,60.8,-0.760405966,0.649448048,0
122.2028316,-114.8917732,64,-0.760405966,0.649448048,0
122.2028316,-114.8917732,57.6,-0.760405966,0.649448048,0
122.2028316,-114.8917732,54.4,-0.760405966,0.649448048,0
124.2810653,-112.4584741,64,-0.760405966,0.649448048,0
124.2810653,-112.4584741,57.6,-0.760405966,0.649448048,0
124.2810653,-112.4584741,60.8,-0.760405966,0.649448048,0
126.3592991,-110.025175,73.6,-0.760405966,0.649448048,0
124.2810653,-112.4584741,54.4,-0.760405966,0.649448048,0
126.3592991,-110.025175,54.4,-0.760405966,0.649448048,0
126.3592991,-110.025175,57.6,-0.760405966,0.649448048,0
126.3592991,-110.025175,64,-0.760405966,0.649448048,0
126.3592991,-110.025175,60.8,-0.760405966,0.649448048,0
128.4375328,-107.5918759,60.8,-0.760405966,0.649448048,0
128.4375328,-107.5918759,57.6,-0.760405966,0.649448048,0
128.4375328,-107.5918759,64,-0.760405966,0.649448048,0
128.4375328,-107.5918759,54.4,-0.760405966,0.649448048,0
130.5157666,-105.1585768,54.4,-0.760405966,0.649448048,0
126.3592991,-110.025175,76.8,-0.760405966,0.649448048,0
130.5157666,-105.1585768,57.6,-0.760405966,0.649448048,0
132.5940003,-102.7252777,54.4,-0.760405966,0.649448048,0
130.5157666,-105.1585768,60.8,-0.760405966,0.649448048,0
132.5940003,-102.7252777,57.6,-0.760405966,0.649448048,0
130.5157666,-105.1585768,64,-0.760405966,0.649448048,0
134.6722341,-100.2919786,54.4,-0.760405966,0.649448048,0
132.5940003,-102.7252777,60.8,-0.760405966,0.649448048,0
134.6722341,-100.2919786,57.6,-0.760405966,0.649448048,0
132.5940003,-102.7252777,64,-0.760405966,0.649448048,0
134.6722341,-100.2919786,60.8,-0.760405966,0.649448048,0
134.6722341,-100.2919786,64,-0.760405966,0.649448048,0
130.5157666,-105.1585768,76.8,-0.760405966,0.649448048,0
132.5940003,-102.7252777,70.4,-0.760405966,0.649448048,0
132.5940003,-102.7252777,76.8,-0.760405966,0.649448048,0
132.5940003,-102.7252777,67.2,-0.760405966,0.649448048,0
132.5940003,-102.7252777,73.6,-0.760405966,0.649448048,0
134.6722341,-100.2919786,73.6,-0.760405966,0.649448048,0
134.6722341,-100.2919786,76.8,-0.760405966,0.649448048,0
130.5157666,-105.1585768,73.6,-0.760405966,0.649448048,0
128.4375328,-107.5918759,73.6,-0.760405966,0.649448048,0
130.5157666,-105.1585768,67.2,-0.760405966,0.649448048,0
134.6722341,-100.2919786,70.4,-0.760405966,0.649448048,0
130.5157666,-105.1585768,70.4,-0.760405966,0.649448048,0
128.4375328,-107.5918759,76.8,-0.760405966,0.649448048,0
134.6722341,-100.2919786,67.2,-0.760405966,0.649448048,0
148.7033174,-77.98983909,90.4,-0.852640165,0.522498564,0
147.031322,-80.71828761,90.4,-0.852640165,0.522498564,0
145.3593266,-83.44673614,80.8,-0.852640165,0.522498564,0
148.7033174,-77.98983909,87.2,-0.852640165,0.522498564,0
143.6873312,-86.17518467,87.2,-0.852640165,0.522498564,0
145.3593266,-83.44673614,87.2,-0.852640165,0.522498564,0
143.6873312,-86.17518467,90.4,-0.852640165,0.522498564,0
148.7033174,-77.98983909,80.8,-0.852640165,0.522498564,0
147.031322,-80.71828761,84,-0.852640165,0.522498564,0
143.6873312,-86.17518467,80.8,-0.852640165,0.522498564,0
147.031322,-80.71828761,87.2,-0.852640165,0.522498564,0
143.6873312,-86.17518467,84,-0.852640165,0.522498564,0
145.3593266,-83.44673614,90.4,-0.852640165,0.522498564,0
145.3593266,-83.44673614,84,-0.852640165,0.522498564,0
148.7033174,-77.98983909,84,-0.852640165,0.522498564,0
147.031322,-80.71828761,80.8,-0.852640165,0.522498564,0
148.7033174,-77.98983909,93.6,-0.852640165,0.522498564,0
147.031322,-80.71828761,93.6,-0.852640165,0.522498564,0
148.7033174,-77.98983909,96.8,-0.852640165,0.522498564,0
147.031322,-80.71828761,96.8,-0.852640165,0.522498564,0
148.7033174,-77.98983909,103.2,-0.852640165,0.522498564,0
148.7033174,-77.98983909,100,-0.852640165,0.522498564,0
147.031322,-80.71828761,103.2,-0.852640165,0.522498564,0
147.031322,-80.71828761,100,-0.852640165,0.522498564,0
145.3593266,-83.44673614,93.6,-0.852640165,0.522498564,0
145.3593266,-83.44673614,100,-0.852640165,0.522498564,0
145.3593266,-83.44673614,96.8,-0.852640165,0.522498564,0
142.0153358,-88.90363319,90.4,-0.852640165,0.522498564,0
145.3593266,-83.44673614,103.2,-0.852640165,0.522498564,0
143.6873312,-86.17518467,93.6,-0.852640165,0.522498564,0
143.6873312,-86.17518467,103.2,-0.852640165,0.522498564,0
143.6873312,-86.17518467,100,-0.852640165,0.522498564,0
143.6873312,-86.17518467,96.8,-0.852640165,0.522498564,0
142.0153358,-88.90363319,93.6,-0.852640165,0.522498564,0
142.0153358,-88.90363319,96.8,-0.852640165,0.522498564,0
142.0153358,-88.90363319,103.2,-0.852640165,0.522498564,0
142.0153358,-88.90363319,100,-0.852640165,0.522498564,0
140.3433404,-91.63208172,103.2,-0.852640165,0.522498564,0
142.0153358,-88.90363319,87.2,-0.852640165,0.522498564,0
140.3433404,-91.63208172,100,-0.852640165,0.522498564,0
140.3433404,-91.63208172,96.8,-0.852640165,0.522498564,0
140.3433404,-91.63208172,93.6,-0.852640165,0.522498564,0
138.671345,-94.36053025,100,-0.852640165,0.522498564,0
138.671345,-94.36053025,103.2,-0.852640165,0.522498564,0
136.9993496,-97.08897877,103.2,-0.852640165,0.522498564,0
138.671345,-94.36053025,93.6,-0.852640165,0.522498564,0
136.9993496,-97.08897877,100,-0.852640165,0.522498564,0
138.671345,-94.36053025,96.8,-0.852640165,0.522498564,0
136.9993496,-97.08897877,93.6,-0.852640165,0.522498564,0
136.9993496,-97.08897877,96.8,-0.852640165,0.522498564,0
140.3433404,-91.63208172,84,-0.852640165,0.522498564,0
138.671345,-94.36053025,84,-0.852640165,0.522498564,0
138.671345,-94.36053025,80.8,-0.852640165,0.522498564,0
138.671345,-94.36053025,90.4,-0.852640165,0.522498564,0
138.671345,-94.36053025,87.2,-0.852640165,0.522498564,0
136.9993496,-97.08897877,84,-0.852640165,0.522498564,0
136.9993496,-97.08897877,80.8,-0.852640165,0.522498564,0
140.3433404,-91.63208172,80.8,-0.852640165,0.522498564,0
142.0153358,-88.90363319,80.8,-0.852640165,0.522498564,0
140.3433404,-91.63208172,90.4,-0.852640165,0.522498564,0
136.9993496,-97.08897877,87.2,-0.852640165,0.522498564,0
140.3433404,-91.63208172,87.2,-0.852640165,0.522498564,0
142.0153358,-88.90363319,84,-0.852640165,0.522498564,0
136.9993496,-97.08897877,90.4,-0.852640165,0.522498564,0
136.9993496,-97.08897877,67.2,-0.852640165,0.522498564,0
138.671345,-94.36053025,67.2,-0.852640165,0.522498564,0
142.0153358,-88.90363319,70.4,-0.852640165,0.522498564,0
138.671345,-94.36053025,70.4,-0.852640165,0.522498564,0
142.0153358,-88.90363319,67.2,-0.852640165,0.522498564,0
136.9993496,-97.08897877,73.6,-0.852640165,0.522498564,0
140.3433404,-91.63208172,73.6,-0.852640165,0.522498564,0
136.9993496,-97.08897877,76.8,-0.852640165,0.522498564,0
138.671345,-94.36053025,73.6,-0.852640165,0.522498564,0
143.6873312,-86.17518467,67.2,-0.852640165,0.522498564,0
136.9993496,-97.08897877,70.4,-0.852640165,0.522498564,0
143.6873312,-86.17518467,70.4,-0.852640165,0.522498564,0
140.3433404,-91.63208172,67.2,-0.852640165,0.522498564,0
140.3433404,-91.63208172,76.8,-0.852640165,0.522498564,0
140.3433404,-91.63208172,70.4,-0.852640165,0.522498564,0
138.671345,-94.36053025,76.8,-0.852640165,0.522498564,0
136.9993496,-97.08897877,64,-0.852640165,0.522498564,0
136.9993496,-97.08897877,57.6,-0.852640165,0.522498564,0
136.9993496,-97.08897877,60.8,-0.852640165,0.522498564,0
136.9993496,-97.08897877,54.4,-0.852640165,0.522498564,0
138.671345,-94.36053025,60.8,-0.852640165,0.522498564,0
138.671345,-94.36053025,64,-0.852640165,0.522498564,0
138.671345,-94.36053025,57.6,-0.852640165,0.522498564,0
138.671345,-94.36053025,54.4,-0.852640165,0.522498564,0
140.3433404,-91.63208172,64,-0.852640165,0.522498564,0
140.3433404,-91.63208172,57.6,-0.852640165,0.522498564,0
140.3433404,-91.63208172,60.8,-0.852640165,0.522498564,0
142.0153358,-88.90363319,73.6,-0.852640165,0.522498564,0
140.3433404,-91.63208172,54.4,-0.852640165,0.522498564,0
142.0153358,-88.90363319,54.4,-0.852640165,0.522498564,0
142.0153358,-88.90363319,57.6,-0.852640165,0.522498564,0
142.0153358,-88.90363319,64,-0.852640165,0.522498564,0
142.0153358,-88.90363319,60.8,-0.852640165,0.522498564,0
143.6873312,-86.17518467,60.8,-0.852640165,0.522498564,0
143.6873312,-86.17518467,57.6,-0.852640165,0.522498564,0
143.6873312,-86.17518467,64,-0.852640165,0.522498564,0
143.6873312,-86.17518467,54.4,-0.852640165,0.522498564,0
145.3593266,-83.44673614,54.4,-0.852640165,0.522498564,0
142.0153358,-88.90363319,76.8,-0.852640165,0.522498564,0
145.3593266,-83.44673614,57.6,-0.852640165,0.522498564,0
147.031322,-80.71828761,54.4,-0.852640165,0.522498564,0
145.3593266,-83.44673614,60.8,-0.852640165,0.522498564,0
147.031322,-80.71828761,57.6,-0.852640165,0.522498564,0
145.3593266,-83.44673614,64,-0.852640165,0.522498564,0
148.7033174,-77.98983909,54.4,-0.852640165,0.522498564,0
147.031322,-80.71828761,60.8,-0.852640165,0.522498564,0
148.7033174,-77.98983909,57.6,-0.852640165,0.522498564,0
147.031322,-80.71828761,64,-0.852640165,0.522498564,0
148.7033174,-77.98983909,60.8,-0.852640165,0.522498564,0
148.7033174,-77.98983909,64,-0.852640165,0.522498564,0
145.3593266,-83.44673614,76.8,-0.852640165,0.522498564,0
147.031322,-80.71828761,70.4,-0.852640165,0.522498564,0
147.031322,-80.71828761,76.8,-0.852640165,0.522498564,0
147.031322,-80.71828761,67.2,-0.852640165,0.522498564,0
147.031322,-80.71828761,73.6,-0.852640165,0.522498564,0
148.7033174,-77.98983909,73.6,-0.852640165,0.522498564,0
148.7033174,-77.98983909,76.8,-0.852640165,0.522498564,0
145.3593266,-83.44673614,73.6,-0.852640165,0.522498564,0
143.6873312,-86.17518467,73.6,-0.852640165,0.522498564,0
145.3593266,-83.44673614,67.2,-0.852640165,0.522498564,0
148.7033174,-77.98983909,70.4,-0.852640165,0.522498564,0
145.3593266,-83.44673614,70.4,-0.852640165,0.522498564,0
143.6873312,-86.17518467,76.8,-0.852640165,0.522498564,0
148.7033174,-77.98983909,67.2,-0.852640165,0.522498564,0
159.0728316,-53.76733087,90.4,-0.923879533,0.382683432,0
157.8482446,-56.72374537,90.4,-0.923879533,0.382683432,0
156.6236576,-59.68015988,80.8,-0.923879533,0.382683432,0
159.0728316,-53.76733087,87.2,-0.923879533,0.382683432,0
155.3990706,-62.63657438,87.2,-0.923879533,0.382683432,0
156.6236576,-59.68015988,87.2,-0.923879533,0.382683432,0
155.3990706,-62.63657438,90.4,-0.923879533,0.382683432,0
159.0728316,-53.76733087,80.8,-0.923879533,0.382683432,0
157.8482446,-56.72374537,84,-0.923879533,0.382683432,0
155.3990706,-62.63657438,80.8,-0.923879533,0.382683432,0
157.8482446,-56.72374537,87.2,-0.923879533,0.382683432,0
155.3990706,-62.63657438,84,-0.923879533,0.382683432,0
156.6236576,-59.68015988,90.4,-0.923879533,0.382683432,0
156.6236576,-59.68015988,84,-0.923879533,0.382683432,0
159.0728316,-53.76733087,84,-0.923879533,0.382683432,0
157.8482446,-56.72374537,80.8,-0.923879533,0.382683432,0
159.0728316,-53.76733087,93.6,-0.923879533,0.382683432,0
157.8482446,-56.72374537,93.6,-0.923879533,0.382683432,0
159.0728316,-53.76733087,96.8,-0.923879533,0.382683432,0
157.8482446,-56.72374537,96.8,-0.923879533,0.382683432,0
159.0728316,-53.76733087,103.2,-0.923879533,0.382683432,0
159.0728316,-53.76733087,100,-0.923879533,0.382683432,0
157.8482446,-56.72374537,103.2,-0.923879533,0.382683432,0
157.8482446,-56.72374537,100,-0.923879533,0.382683432,0
156.6236576,-59.68015988,93.6,-0.923879533,0.382683432,0
156.6236576,-59.68015988,100,-0.923879533,0.382683432,0
156.6236576,-59.68015988,96.8,-0.923879533,0.382683432,0
154.1744836,-65.59298889,90.4,-0.923879533,0.382683432,0
156.6236576,-59.68015988,103.2,-0.923879533,0.382683432,0
155.3990706,-62.63657438,93.6,-0.923879533,0.382683432,0
155.3990706,-62.63657438,103.2,-0.923879533,0.382683432,0
155.3990706,-62.63657438,100,-0.923879533,0.382683432,0
155.3990706,-62.63657438,96.8,-0.923879533,0.382683432,0
154.1744836,-65.59298889,93.6,-0.923879533,0.382683432,0
154.1744836,-65.59298889,96.8,-0.923879533,0.382683432,0
154.1744836,-65.59298889,103.2,-0.923879533,0.382683432,0
154.1744836,-65.59298889,100,-0.923879533,0.382683432,0
152.9498967,-68.54940339,103.2,-0.923879533,0.382683432,0
154.1744836,-65.59298889,87.2,-0.923879533,0.382683432,0
152.9498967,-68.54940339,100,-0.923879533,0.382683432,0
152.9498967,-68.54940339,96.8,-0.923879533,0.382683432,0
152.9498967,-68.54940339,93.6,-0.923879533,0.382683432,0
151.7253097,-71.50581789,100,-0.923879533,0.382683432,0
151.7253097,-71.50581789,103.2,-0.923879533,0.382683432,0
150.5007227,-74.4622324,103.2,-0.923879533,0.382683432,0
151.7253097,-71.50581789,93.6,-0.923879533,0.382683432,0
150.5007227,-74.4622324,100,-0.923879533,0.382683432,0
151.7253097,-71.50581789,96.8,-0.923879533,0.382683432,0
150.5007227,-74.4622324,93.6,-0.923879533,0.382683432,0
150.5007227,-74.4622324,96.8,-0.923879533,0.382683432,0
152.9498967,-68.54940339,84,-0.923879533,0.382683432,0
151.7253097,-71.50581789,84,-0.923879533,0.382683432,0
151.7253097,-71.50581789,80.8,-0.923879533,0.382683432,0
151.7253097,-71.50581789,90.4,-0.923879533,0.382683432,0
151.7253097,-71.50581789,87.2,-0.923879533,0.382683432,0
150.5007227,-74.4622324,84,-0.923879533,0.382683432,0
150.5007227,-74.4622324,80.8,-0.923879533,0.382683432,0
152.9498967,-68.54940339,80.8,-0.923879533,0.382683432,0
154.1744836,-65.59298889,80.8,-0.923879533,0.382683432,0
152.9498967,-68.54940339,90.4,-0.923879533,0.382683432,0
150.5007227,-74.4622324,87.2,-0.923879533,0.382683432,0
152.9498967,-68.54940339,87.2,-0.923879533,0.382683432,0
154.1744836,-65.59298889,84,-0.923879533,0.382683432,0
150.5007227,-74.4622324,90.4,-0.923879533,0.382683432,0
150.5007227,-74.4622324,67.2,-0.923879533,0.382683432,0
151.7253097,-71.50581789,67.2,-0.923879533,0.382683432,0
154.1744836,-65.59298889,70.4,-0.923879533,0.382683432,0
151.7253097,-71.50581789,70.4,-0.923879533,0.382683432,0
154.1744836,-65.59298889,67.2,-0.923879533,0.382683432,0
150.5007227,-74.4622324,73.6,-0.923879533,0.382683432,0
152.9498967,-68.54940339,73.6,-0.923879533,0.382683432,0
150.5007227,-74.4622324,76.8,-0.923879533,0.382683432,0
151.7253097,-71.50581789,73.6,-0.923879533,0.382683432,0
155.3990706,-62.63657438,67.2,-0.923879533,0.382683432,0
150.5007227,-74.4622324,70.4,-0.923879533,0.382683432,0
155.3990706,-62.63657438,70.4,-0.923879533,0.382683432,0
152.9498967,-68.54940339,67.2,-0.923879533,0.382683432,0
152.9498967,-68.54940339,76.8,-0.923879533,0.382683432,0
152.9498967,-68.54940339,70.4,-0.923879533,0.382683432,0
151.7253097,-71.50581789,76.8,-0.923879533,0.382683432,0
150.5007227,-74.4622324,64,-0.923879533,0.382683432,0
150.5007227,-74.4622324,57.6,-0.923879533,0.382683432,0
150.5007227,-74.4622324,60.8,-0.923879533,0.382683432,0
150.5007227,-74.4622324,54.4,-0.923879533,0.382683432,0
151.7253097,-71.50581789,60.8,-0.923879533,0.382683432,0
151.7253097,-71.50581789,64,-0.923879533,0.382683432,0
151.7253097,-71.50581789,57.6,-0.923879533,0.382683432,0
151.7253097,-71.50581789,54.4,-0.923879533,0.382683432,0
152.9498967,-68.54940339,64,-0.923879533,0.382683432,0
152.9498967,-68.54940339,57.6,-0.923879533,0.382683432,0
152.9498967,-68.54940339,60.8,-0.923879533,0.382683432,0
154.1744836,-65.59298889,73.6,-0.923879533,0.382683432,0
152.9498967,-68.54940339,54.4,-0.923879533,0.382683432,0
154.1744836,-65.59298889,54.4,-0.923879533,0.382683432,0
154.1744836,-65.59298889,57.6,-0.923879533,0.382683432,0
154.1744836,-65.59298889,64,-0.923879533,0.382683432,0
154.1744836,-65.59298889,60.8,-0.923879533,0.382683432,0
155.3990706,-62.63657438,60.8,-0.923879533,0.382683432,0
155.3990706,-62.63657438,57.6,-0.923879533,0.382683432,0
155.3990706,-62.63657438,64,-0.923879533,0.382683432,0
155.3990706,-62.63657438,54.4,-0.923879533,0.382683432,0
156.6236576,-59.68015988,54.4,-0.923879533,0.382683432,0
154.1744836,-65.59298889,76.8,-0.923879533,0.382683432,0
156.6236576,-59.68015988,57.6,-0.923879533,0.382683432,0
157.8482446,-56.72374537,54.4,-0.923879533,0.382683432,0
156.6236576,-59.68015988,60.8,-0.923879533,0.382683432,0
157.8482446,-56.72374537,57.6,-0.923879533,0.382683432,0
156.6236576,-59.68015988,64,-0.923879533,0.382683432,0
159.0728316,-53.76733087,54.4,-0.923879533,0.382683432,0
157.8482446,-56.72374537,60.8,-0.923879533,0.382683432,0
159.0728316,-53.76733087,57.6,-0.923879533,0.382683432,0
157.8482446,-56.72374537,64,-0.923879533,0.382683432,0
159.0728316,-53.76733087,60.8,-0.923879533,0.382683432,0
159.0728316,-53.76733087,64,-0.923879533,0.382683432,0
156.6236576,-59.68015988,76.8,-0.923879533,0.382683432,0
157.8482446,-56.72374537,70.4,-0.923879533,0.382683432,0
157.8482446,-56.72374537,76.8,-0.923879533,0.382683432,0
157.8482446,-56.72374537,67.2,-0.923879533,0.382683432,0
157.8482446,-56.72374537,73.6,-0.923879533,0.382683432,0
159.0728316,-53.76733087,73.6,-0.923879533,0.382683432,0
159.0728316,-53.76733087,76.8,-0.923879533,0.382683432,0
156.6236576,-59.68015988,73.6,-0.923879533,0.382683432,0
155.3990706,-62.63657438,73.6,-0.923879533,0.382683432,0
156.6236576,-59.68015988,67.2,-0.923879533,0.382683432,0
159.0728316,-53.76733087,70.4,-0.923879533,0.382683432,0
156.6236576,-59.68015988,70.4,-0.923879533,0.382683432,0
155.3990706,-62.63657438,76.8,-0.923879533,0.382683432,0
159.0728316,-53.76733087,67.2,-0.923879533,0.382683432,0
159.0728316,-53.76733087,37.6,-0.923879533,0.382683432,0
157.8482446,-56.72374537,37.6,-0.923879533,0.382683432,0
156.6236576,-59.68015988,28,-0.923879533,0.382683432,0
159.0728316,-53.76733087,34.4,-0.923879533,0.382683432,0
155.3990706,-62.63657438,34.4,-0.923879533,0.382683432,0
156.6236576,-59.68015988,34.4,-0.923879533,0.382683432,0
155.3990706,-62.63657438,37.6,-0.923879533,0.382683432,0
159.0728316,-53.76733087,28,-0.923879533,0.382683432,0
157.8482446,-56.72374537,31.2,-0.923879533,0.382683432,0
155.3990706,-62.63657438,28,-0.923879533,0.382683432,0
157.8482446,-56.72374537,34.4,-0.923879533,0.382683432,0
155.3990706,-62.63657438,31.2,-0.923879533,0.382683432,0
156.6236576,-59.68015988,37.6,-0.923879533,0.382683432,0
156.6236576,-59.68015988,31.2,-0.923879533,0.382683432,0
159.0728316,-53.76733087,31.2,-0.923879533,0.382683432,0
157.8482446,-56.72374537,28,-0.923879533,0.382683432,0
159.0728316,-53.76733087,40.8,-0.923879533,0.382683432,0
157.8482446,-56.72374537,40.8,-0.923879533,0.382683432,0
159.0728316,-53.76733087,44,-0.923879533,0.382683432,0
157.8482446,-56.72374537,44,-0.923879533,0.382683432,0
159.0728316,-53.76733087,50.4,-0.923879533,0.382683432,0
159.0728316,-53.76733087,47.2,-0.923879533,0.382683432,0
157.8482446,-56.72374537,50.4,-0.923879533,0.382683432,0
157.8482446,-56.72374537,47.2,-0.923879533,0.382683432,0
156.6236576,-59.68015988,40.8,-0.923879533,0.382683432,0
156.6236576,-59.68015988,47.2,-0.923879533,0.382683432,0
156.6236576,-59.68015988,44,-0.923879533,0.382683432,0
154.1744836,-65.59298889,37.6,-0.923879533,0.382683432,0
156.6236576,-59.68015988,50.4,-0.923879533,0.382683432,0
155.3990706,-62.63657438,40.8,-0.923879533,0.382683432,0
155.3990706,-62.63657438,50.4,-0.923879533,0.382683432,0
155.3990706,-62.63657438,47.2,-0.923879533,0.382683432,0
155.3990706,-62.63657438,44,-0.923879533,0.382683432,0
154.1744836,-65.59298889,40.8,-0.923879533,0.382683432,0
154.1744836,-65.59298889,44,-0.923879533,0.382683432,0
154.1744836,-65.59298889,50.4,-0.923879533,0.382683432,0
154.1744836,-65.59298889,47.2,-0.923879533,0.382683432,0
152.9498967,-68.54940339,50.4,-0.923879533,0.382683432,0
154.1744836,-65.59298889,34.4,-0.923879533,0.382683432,0
152.9498967,-68.54940339,47.2,-0.923879533,0.382683432,0
152.9498967,-68.54940339,44,-0.923879533,0.382683432,0
152.9498967,-68.54940339,40.8,-0.923879533,0.382683432,0
151.7253097,-71.50581789,47.2,-0.923879533,0.382683432,0
151.7253097,-71.50581789,50.4,-0.923879533,0.382683432,0
150.5007227,-74.4622324,50.4,-0.923879533,0.382683432,0
151.7253097,-71.50581789,40.8,-0.923879533,0.382683432,0
150.5007227,-74.4622324,47.2,-0.923879533,0.382683432,0
151.7253097,-71.50581789,44,-0.923879533,0.382683432,0
150.5007227,-74.4622324,40.8,-0.923879533,0.382683432,0
150.5007227,-74.4622324,44,-0.923879533,0.382683432,0
152.9498967,-68.54940339,31.2,-0.923879533,0.382683432,0
151.7253097,-71.50581789,31.2,-0.923879533,0.382683432,0
151.7253097,-71.50581789,28,-0.923879533,0.382683432,0
151.7253097,-71.50581789,37.6,-0.923879533,0.382683432,0
151.7253097,-71.50581789,34.4,-0.923879533,0.382683432,0
150.5007227,-74.4622324,31.2,-0.923879533,0.382683432,0
150.5007227,-74.4622324,28,-0.923879533,0.382683432,0
152.9498967,-68.54940339,28,-0.923879533,0.382683432,0
154.1744836,-65.59298889,28,-0.923879533,0.382683432,0
152.9498967,-68.54940339,37.6,-0.923879533,0.382683432,0
150.5007227,-74.4622324,34.4,-0.923879533,0.382683432,0
152.9498967,-68.54940339,34.4,-0.923879533,0.382683432,0
154.1744836,-65.59298889,31.2,-0.923879533,0.382683432,0
150.5007227,-74.4622324,37.6,-0.923879533,0.382683432,0
150.5007227,-74.4622324,14.4,-0.923879533,0.382683432,0
151.7253097,-71.50581789,14.4,-0.923879533,0.382683432,0
154.1744836,-65.59298889,17.6,-0.923879533,0.382683432,0
151.7253097,-71.50581789,17.6,-0.923879533,0.382683432,0
154.1744836,-65.59298889,14.4,-0.923879533,0.382683432,0
150.5007227,-74.4622324,20.8,-0.923879533,0.382683432,0
152.9498967,-68.54940339,20.8,-0.923879533,0.382683432,0
150.5007227,-74.4622324,24,-0.923879533,0.382683432,0
151.7253097,-71.50581789,20.8,-0.923879533,0.382683432,0
155.3990706,-62.63657438,14.4,-0.923879533,0.382683432,0
150.5007227,-74.4622324,17.6,-0.923879533,0.382683432,0
155.3990706,-62.63657438,17.6,-0.923879533,0.382683432,0
152.9498967,-68.54940339,14.4,-0.923879533,0.382683432,0
152.9498967,-68.54940339,24,-0.923879533,0.382683432,0
152.9498967,-68.54940339,17.6,-0.923879533,0.382683432,0
151.7253097,-71.50581789,24,-0.923879533,0.382683432,0
150.5007227,-74.4622324,11.2,-0.923879533,0.382683432,0
150.5007227,-74.4622324,4.8,-0.923879533,0.382683432,0
150.5007227,-74.4622324,8,-0.923879533,0.382683432,0
150.5007227,-74.4622324,1.6,-0.923879533,0.382683432,0
151.7253097,-71.50581789,8,-0.923879533,0.382683432,0
151.7253097,-71.50581789,11.2,-0.923879533,0.382683432,0
151.7253097,-71.50581789,4.8,-0.923879533,0.382683432,0
151.7253097,-71.50581789,1.6,-0.923879533,0.382683432,0
152.9498967,-68.54940339,11.2,-0.923879533,0.382683432,0
152.9498967,-68.54940339,4.8,-0.923879533,0.382683432,0
152.9498967,-68.54940339,8,-0.923879533,0.382683432,0
154.1744836,-65.59298889,20.8,-0.923879533,0.382683432,0
152.9498967,-68.54940339,1.6,-0.923879533,0.382683432,0
154.1744836,-65.59298889,1.6,-0.923879533,0.382683432,0
154.1744836,-65.59298889,4.8,-0.923879533,0.382683432,0
154.1744836,-65.59298889,11.2,-0.923879533,0.382683432,0
154.1744836,-65.59298889,8,-0.923879533,0.382683432,0
155.3990706,-62.63657438,8,-0.923879533,0.382683432,0
155.3990706,-62.63657438,4.8,-0.923879533,0.382683432,0
155.3990706,-62.63657438,11.2,-0.923879533,0.382683432,0
155.3990706,-62.63657438,1.6,-0.923879533,0.382683432,0
156.6236576,-59.68015988,1.6,-0.923879533,0.382683432,0
154.1744836,-65.59298889,24,-0.923879533,0.382683432,0
156.6236576,-59.68015988,4.8,-0.923879533,0.382683432,0
157.8482446,-56.72374537,1.6,-0.923879533,0.382683432,0
156.6236576,-59.68015988,8,-0.923879533,0.382683432,0
157.8482446,-56.72374537,4.8,-0.923879533,0.382683432,0
156.6236576,-59.68015988,11.2,-0.923879533,0.382683432,0
159.0728316,-53.76733087,1.6,-0.923879533,0.382683432,0
157.8482446,-56.72374537,8,-0.923879533,0.382683432,0
159.0728316,-53.76733087,4.8,-0.923879533,0.382683432,0
157.8482446,-56.72374537,11.2,-0.923879533,0.382683432,0
159.0728316,-53.76733087,8,-0.923879533,0.382683432,0
159.0728316,-53.76733087,11.2,-0.923879533,0.382683432,0
156.6236576,-59.68015988,24,-0.923879533,0.382683432,0
157.8482446,-56.72374537,17.6,-0.923879533,0.382683432,0
157.8482446,-56.72374537,24,-0.923879533,0.382683432,0
157.8482446,-56.72374537,14.4,-0.923879533,0.382683432,0
157.8482446,-56.72374537,20.8,-0.923879533,0.382683432,0
159.0728316,-53.76733087,20.8,-0.923879533,0.382683432,0
159.0728316,-53.76733087,24,-0.923879533,0.382683432,0
156.6236576,-59.68015988,20.8,-0.923879533,0.382683432,0
155.3990706,-62.63657438,20.8,-0.923879533,0.382683432,0
156.6236576,-59.68015988,14.4,-0.923879533,0.382683432,0
159.0728316,-53.76733087,17.6,-0.923879533,0.382683432,0
156.6236576,-59.68015988,17.6,-0.923879533,0.382683432,0
155.3990706,-62.63657438,24,-0.923879533,0.382683432,0
159.0728316,-53.76733087,14.4,-0.923879533,0.382683432,0
148.7033174,-77.98983909,37.6,-0.852640165,0.522498564,0
147.031322,-80.71828761,37.6,-0.852640165,0.522498564,0
145.3593266,-83.44673614,28,-0.852640165,0.522498564,0
148.7033174,-77.98983909,34.4,-0.852640165,0.522498564,0
143.6873312,-86.17518467,34.4,-0.852640165,0.522498564,0
145.3593266,-83.44673614,34.4,-0.852640165,0.522498564,0
143.6873312,-86.17518467,37.6,-0.852640165,0.522498564,0
148.7033174,-77.98983909,28,-0.852640165,0.522498564,0
147.031322,-80.71828761,31.2,-0.852640165,0.522498564,0
143.6873312,-86.17518467,28,-0.852640165,0.522498564,0
147.031322,-80.71828761,34.4,-0.852640165,0.522498564,0
143.6873312,-86.17518467,31.2,-0.852640165,0.522498564,0
145.3593266,-83.44673614,37.6,-0.852640165,0.522498564,0
145.3593266,-83.44673614,31.2,-0.852640165,0.522498564,0
148.7033174,-77.98983909,31.2,-0.852640165,0.522498564,0
147.031322,-80.71828761,28,-0.852640165,0.522498564,0
148.7033174,-77.98983909,40.8,-0.852640165,0.522498564,0
147.031322,-80.71828761,40.8,-0.852640165,0.522498564,0
148.7033174,-77.98983909,44,-0.852640165,0.522498564,0
147.031322,-80.71828761,44,-0.852640165,0.522498564,0
148.7033174,-77.98983909,50.4,-0.852640165,0.522498564,0
148.7033174,-77.98983909,47.2,-0.852640165,0.522498564,0
147.031322,-80.71828761,50.4,-0.852640165,0.522498564,0
147.031322,-80.71828761,47.2,-0.852640165,0.522498564,0
145.3593266,-83.44673614,40.8,-0.852640165,0.522498564,0
145.3593266,-83.44673614,47.2,-0.852640165,0.522498564,0
145.3593266,-83.44673614,44,-0.852640165,0.522498564,0
142.0153358,-88.90363319,37.6,-0.852640165,0.522498564,0
145.3593266,-83.44673614,50.4,-0.852640165,0.522498564,0
143.6873312,-86.17518467,40.8,-0.852640165,0.522498564,0
143.6873312,-86.17518467,50.4,-0.852640165,0.522498564,0
143.6873312,-86.17518467,47.2,-0.852640165,0.522498564,0
143.6873312,-86.17518467,44,-0.852640165,0.522498564,0
142.0153358,-88.90363319,40.8,-0.852640165,0.522498564,0
142.0153358,-88.90363319,44,-0.852640165,0.522498564,0
142.0153358,-88.90363319,50.4,-0.852640165,0.522498564,0
142.0153358,-88.90363319,47.2,-0.852640165,0.522498564,0
140.3433404,-91.63208172,50.4,-0.852640165,0.522498564,0
142.0153358,-88.90363319,34.4,-0.852640165,0.522498564,0
140.3433404,-91.63208172,47.2,-0.852640165,0.522498564,0
140.3433404,-91.63208172,44,-0.852640165,0.522498564,0
140.3433404,-91.63208172,40.8,-0.852640165,0.522498564,0
138.671345,-94.36053025,47.2,-0.852640165,0.522498564,0
138.671345,-94.36053025,50.4,-0.852640165,0.522498564,0
136.9993496,-97.08897877,50.4,-0.852640165,0.522498564,0
138.671345,-94.36053025,40.8,-0.852640165,0.522498564,0
136.9993496,-97.08897877,47.2,-0.852640165,0.522498564,0
138.671345,-94.36053025,44,-0.852640165,0.522498564,0
136.9993496,-97.08897877,40.8,-0.852640165,0.522498564,0
136.9993496,-97.08897877,44,-0.852640165,0.522498564,0
140.3433404,-91.63208172,31.2,-0.852640165,0.522498564,0
138.671345,-94.36053025,31.2,-0.852640165,0.522498564,0
138.671345,-94.36053025,28,-0.852640165,0.522498564,0
138.671345,-94.36053025,37.6,-0.852640165,0.522498564,0
138.671345,-94.36053025,34.4,-0.852640165,0.522498564,0
136.9993496,-97.08897877,31.2,-0.852640165,0.522498564,0
136.9993496,-97.08897877,28,-0.852640165,0.522498564,0
140.3433404,-91.63208172,28,-0.852640165,0.522498564,0
142.0153358,-88.90363319,28,-0.852640165,0.522498564,0
140.3433404,-91.63208172,37.6,-0.852640165,0.522498564,0
136.9993496,-97.08897877,34.4,-0.852640165,0.522498564,0
140.3433404,-91.63208172,34.4,-0.852640165,0.522498564,0
142.0153358,-88.90363319,31.2,-0.852640165,0.522498564,0
136.9993496,-97.08897877,37.6,-0.852640165,0.522498564,0
136.9993496,-97.08897877,14.4,-0.852640165,0.522498564,0
138.671345,-94.36053025,14.4,-0.852640165,0.522498564,0
142.0153358,-88.90363319,17.6,-0.852640165,0.522498564,0
138.671345,-94.36053025,17.6,-0.852640165,0.522498564,0
142.0153358,-88.90363319,14.4,-0.852640165,0.522498564,0
136.9993496,-97.08897877,20.8,-0.852640165,0.522498564,0
140.3433404,-91.63208172,20.8,-0.852640165,0.522498564,0
136.9993496,-97.08897877,24,-0.852640165,0.522498564,0
138.671345,-94.36053025,20.8,-0.852640165,0.522498564,0
143.6873312,-86.17518467,14.4,-0.852640165,0.522498564,0
136.9993496,-97.08897877,17.6,-0.852640165,0.522498564,0
143.6873312,-86.17518467,17.6,-0.852640165,0.522498564,0
140.3433404,-91.63208172,14.4,-0.852640165,0.522498564,0
140.3433404,-91.63208172,24,-0.852640165,0.522498564,0
140.3433404,-91.63208172,17.6,-0.852640165,0.522498564,0
138.671345,-94.36053025,24,-0.852640165,0.522498564,0
136.9993496,-97.08897877,11.2,-0.852640165,0.522498564,0
136.9993496,-97.08897877,4.8,-0.852640165,0.522498564,0
136.9993496,-97.08897877,8,-0.852640165,0.522498564,0
136.9993496,-97.08897877,1.6,-0.852640165,0.522498564,0
138.671345,-94.36053025,8,-0.852640165,0.522498564,0
138.671345,-94.36053025,11.2,-0.852640165,0.522498564,0
138.671345,-94.36053025,4.8,-0.852640165,0.522498564,0
138.671345,-94.36053025,1.6,-0.852640165,0.522498564,0
140.3433404,-91.63208172,11.2,-0.852640165,0.522498564,0
140.3433404,-91.63208172,4.8,-0.852640165,0.522498564,0
140.3433404,-91.63208172,8,-0.852640165,0.522498564,0
142.0153358,-88.90363319,20.8,-0.852640165,0.522498564,0
140.3433404,-91.63208172,1.6,-0.852640165,0.522498564,0
142.0153358,-88.90363319,1.6,-0.852640165,0.522498564,0
142.0153358,-88.90363319,4.8,-0.852640165,0.522498564,0
142.0153358,-88.90363319,11.2,-0.852640165,0.522498564,0
142.0153358,-88.90363319,8,-0.852640165,0.522498564,0
143.6873312,-86.17518467,8,-0.852640165,0.522498564,0
143.6873312,-86.17518467,4.8,-0.852640165,0.522498564,0
143.6873312,-86.17518467,11.2,-0.852640165,0.522498564,0
143.6873312,-86.17518467,1.6,-0.852640165,0.522498564,0
145.3593266,-83.44673614,1.6,-0.852640165,0.522498564,0
142.0153358,-88.90363319,24,-0.852640165,0.522498564,0
145.3593266,-83.44673614,4.8,-0.852640165,0.522498564,0
147.031322,-80.71828761,1.6,-0.852640165,0.522498564,0
145.3593266,-83.44673614,8,-0.852640165,0.522498564,0
147.031322,-80.71828761,4.8,-0.852640165,0.522498564,0
145.3593266,-83.44673614,11.2,-0.852640165,0.522498564,0
148.7033174,-77.98983909,1.6,-0.852640165,0.522498564,0
147.031322,-80.71828761,8,-0.852640165,0.522498564,0
148.7033174,-77.98983909,4.8,-0.852640165,0.522498564,0
147.031322,-80.71828761,11.2,-0.852640165,0.522498564,0
148.7033174,-77.98983909,8,-0.852640165,0.522498564,0
148.7033174,-77.98983909,11.2,-0.852640165,0.522498564,0
145.3593266,-83.44673614,24,-0.852640165,0.522498564,0
147.031322,-80.71828761,17.6,-0.852640165,0.522498564,0
147.031322,-80.71828761,24,-0.852640165,0.522498564,0
147.031322,-80.71828761,14.4,-0.852640165,0.522498564,0
147.031322,-80.71828761,20.8,-0.852640165,0.522498564,0
148.7033174,-77.98983909,20.8,-0.852640165,0.522498564,0
148.7033174,-77.98983909,24,-0.852640165,0.522498564,0
145.3593266,-83.44673614,20.8,-0.852640165,0.522498564,0
143.6873312,-86.17518467,20.8,-0.852640165,0.522498564,0
145.3593266,-83.44673614,14.4,-0.852640165,0.522498564,0
148.7033174,-77.98983909,17.6,-0.852640165,0.522498564,0
145.3593266,-83.44673614,17.6,-0.852640165,0.522498564,0
143.6873312,-86.17518467,24,-0.852640165,0.522498564,0
148.7033174,-77.98983909,14.4,-0.852640165,0.522498564,0
134.6722341,-100.2919786,37.6,-0.760405966,0.649448048,0
132.5940003,-102.7252777,37.6,-0.760405966,0.649448048,0
130.5157666,-105.1585768,28,-0.760405966,0.649448048,0
134.6722341,-100.2919786,34.4,-0.760405966,0.649448048,0
128.4375328,-107.5918759,34.4,-0.760405966,0.649448048,0
130.5157666,-105.1585768,34.4,-0.760405966,0.649448048,0
128.4375328,-107.5918759,37.6,-0.760405966,0.649448048,0
134.6722341,-100.2919786,28,-0.760405966,0.649448048,0
132.5940003,-102.7252777,31.2,-0.760405966,0.649448048,0
128.4375328,-107.5918759,28,-0.760405966,0.649448048,0
132.5940003,-102.7252777,34.4,-0.760405966,0.649448048,0
128.4375328,-107.5918759,31.2,-0.760405966,0.649448048,0
130.5157666,-105.1585768,37.6,-0.760405966,0.649448048,0
130.5157666,-105.1585768,31.2,-0.760405966,0.649448048,0
134.6722341,-100.2919786,31.2,-0.760405966,0.649448048,0
132.5940003,-102.7252777,28,-0.760405966,0.649448048,0
134.6722341,-100.2919786,40.8,-0.760405966,0.649448048,0
132.5940003,-102.7252777,40.8,-0.760405966,0.649448048,0
134.6722341,-100.2919786,44,-0.760405966,0.649448048,0
132.5940003,-102.7252777,44,-0.760405966,0.649448048,0
134.6722341,-100.2919786,50.4,-0.760405966,0.649448048,0
134.6722341,-100.2919786,47.2,-0.760405966,0.649448048,0
132.5940003,-102.7252777,50.4,-0.760405966,0.649448048,0
132.5940003,-102.7252777,47.2,-0.760405966,0.649448048,0
130.5157666,-105.1585768,40.8,-0.760405966,0.649448048,0
130.5157666,-105.1585768,47.2,-0.760405966,0.649448048,0
130.5157666,-105.1585768,44,-0.760405966,0.649448048,0
126.3592991,-110.025175,37.6,-0.760405966,0.649448048,0
130.5157666,-105.1585768,50.4,-0.760405966,0.649448048,0
128.4375328,-107.5918759,40.8,-0.760405966,0.649448048,0
128.4375328,-107.5918759,50.4,-0.760405966,0.649448048,0
128.4375328,-107.5918759,47.2,-0.760405966,0.649448048,0
128.4375328,-107.5918759,44,-0.760405966,0.649448048,0
126.3592991,-110.025175,40.8,-0.760405966,0.649448048,0
126.3592991,-110.025175,44,-0.760405966,0.649448048,0
126.3592991,-110.025175,50.4,-0.760405966,0.649448048,0
126.3592991,-110.025175,47.2,-0.760405966,0.649448048,0
124.2810653,-112.4584741,50.4,-0.760405966,0.649448048,0
126.3592991,-110.025175,34.4,-0.760405966,0.649448048,0
124.2810653,-112.4584741,47.2,-0.760405966,0.649448048,0
124.2810653,-112.4584741,44,-0.760405966,0.649448048,0
124.2810653,-112.4584741,40.8,-0.760405966,0.649448048,0
122.2028316,-114.8917732,47.2,-0.760405966,0.649448048,0
122.2028316,-114.8917732,50.4,-0.760405966,0.649448048,0
120.1245978,-117.3250723,50.4,-0.760405966,0.649448048,0
122.2028316,-114.8917732,40.8,-0.760405966,0.649448048,0
120.1245978,-117.3250723,47.2,-0.760405966,0.649448048,0
122.2028316,-114.8917732,44,-0.760405966,0.649448048,0
120.1245978,-117.3250723,40.8,-0.760405966,0.649448048,0
120.1245978,-117.3250723,44,-0.760405966,0.649448048,0
124.2810653,-112.4584741,31.2,-0.760405966,0.649448048,0
122.2028316,-114.8917732,31.2,-0.760405966,0.649448048,0
122.2028316,-114.8917732,28,-0.760405966,0.649448048,0
122.2028316,-114.8917732,37.6,-0.760405966,0.649448048,0
122.2028316,-114.8917732,34.4,-0.760405966,0.649448048,0
120.1245978,-117.3250723,31.2,-0.760405966,0.649448048,0
120.1245978,-117.3250723,28,-0.760405966,0.649448048,0
124.2810653,-112.4584741,28,-0.760405966,0.649448048,0
126.3592991,-110.025175,28,-0.760405966,0.649448048,0
124.2810653,-112.4584741,37.6,-0.760405966,0.649448048,0
120.1245978,-117.3250723,34.4,-0.760405966,0.649448048,0
124.2810653,-112.4584741,34.4,-0.760405966,0.649448048,0
126.3592991,-110.025175,31.2,-0.760405966,0.649448048,0
120.1245978,-117.3250723,37.6,-0.760405966,0.649448048,0
120.1245978,-117.3250723,14.4,-0.760405966,0.649448048,0
122.2028316,-114.8917732,14.4,-0.760405966,0.649448048,0
126.3592991,-110.025175,17.6,-0.760405966,0.649448048,0
122.2028316,-114.8917732,17.6,-0.760405966,0.649448048,0
126.3592991,-110.025175,14.4,-0.760405966,0.649448048,0
120.1245978,-117.3250723,20.8,-0.760405966,0.649448048,0
124.2810653,-112.4584741,20.8,-0.760405966,0.649448048,0
120.1245978,-117.3250723,24,-0.760405966,0.649448048,0
122.2028316,-114.8917732,20.8,-0.760405966,0.649448048,0
128.4375328,-107.5918759,14.4,-0.760405966,0.649448048,0
120.1245978,-117.3250723,17.6,-0.760405966,0.649448048,0
128.4375328,-107.5918759,17.6,-0.760405966,0.649448048,0
124.2810653,-112.4584741,14.4,-0.760405966,0.649448048,0
124.2810653,-112.4584741,24,-0.760405966,0.649448048,0
124.2810653,-112.4584741,17.6,-0.760405966,0.649448048,0
122.2028316,-114.8917732,24,-0.760405966,0.649448048,0
120.1245978,-117.3250723,11.2,-0.760405966,0.649448048,0
120.1245978,-117.3250723,4.8,-0.760405966,0.649448048,0
120.1245978,-117.3250723,8,-0.760405966,0.649448048,0
120.1245978,-117.3250723,1.6,-0.760405966,0.649448048,0
122.2028316,-114.8917732,8,-0.760405966,0.649448048,0
122.2028316,-114.8917732,11.2,-0.760405966,0.649448048,0
122.2028316,-114.8917732,4.8,-0.760405966,0.649448048,0
122.2028316,-114.8917732,1.6,-0.760405966,0.649448048,0
124.2810653,-112.4584741,11.2,-0.760405966,0.649448048,0
124.2810653,-112.4584741,4.8,-0.760405966,0.649448048,0
124.2810653,-112.4584741,8,-0.760405966,0.649448048,0
126.3592991,-110.025175,20.8,-0.760405966,0.649448048,0
124.2810653,-112.4584741,1.6,-0.760405966,0.649448048,0
126.3592991,-110.025175,1.6,-0.760405966,0.649448048,0
126.3592991,-110.025175,4.8,-0.760405966,0.649448048,0
126.3592991,-110.025175,11.2,-0.760405966,0.649448048,0
126.3592991,-110.025175,8,-0.760405966,0.649448048,0
128.4375328,-107.5918759,8,-0.760405966,0.649448048,0
128.4375328,-107.5918759,4.8,-0.760405966,0.649448048,0
128.4375328,-107.5918759,11.2,-0.760405966,0.649448048,0
128.4375328,-107.5918759,1.6,-0.760405966,0.649448048,0
130.5157666,-105.1585768,1.6,-0.760405966,0.649448048,0
126.3592991,-110.025175,24,-0.760405966,0.649448048,0
130.5157666,-105.1585768,4.8,-0.760405966,0.649448048,0
132.5940003,-102.7252777,1.6,-0.760405966,0.649448048,0
130.5157666,-105.1585768,8,-0.760405966,0.649448048,0
132.5940003,-102.7252777,4.8,-0.760405966,0.649448048,0
130.5157666,-105.1585768,11.2,-0.760405966,0.649448048,0
134.6722341,-100.2919786,1.6,-0.760405966,0.649448048,0
132.5940003,-102.7252777,8,-0.760405966,0.649448048,0
134.6722341,-100.2919786,4.8,-0.760405966,0.649448048,0
132.5940003,-102.7252777,11.2,-0.760405966,0.649448048,0
134.6722341,-100.2919786,8,-0.760405966,0.649448048,0
134.6722341,-100.2919786,11.2,-0.760405966,0.649448048,0
130.5157666,-105.1585768,24,-0.760405966,0.649448048,0
132.5940003,-102.7252777,17.6,-0.760405966,0.649448048,0
132.5940003,-102.7252777,24,-0.760405966,0.649448048,0
132.5940003,-102.7252777,14.4,-0.760405966,0.649448048,0
132.5940003,-102.7252777,20.8,-0.760405966,0.649448048,0
134.6722341,-100.2919786,20.8,-0.760405966,0.649448048,0
134.6722341,-100.2919786,24,-0.760405966,0.649448048,0
130.5157666,-105.1585768,20.8,-0.760405966,0.649448048,0
128.4375328,-107.5918759,20.8,-0.760405966,0.649448048,0
130.5157666,-105.1585768,14.4,-0.760405966,0.649448048,0
134.6722341,-100.2919786,17.6,-0.760405966,0.649448048,0
130.5157666,-105.1585768,17.6,-0.760405966,0.649448048,0
128.4375328,-107.5918759,24,-0.760405966,0.649448048,0
134.6722341,-100.2919786,14.4,-0.760405966,0.649448048,0
117.3250734,-120.1245968,37.6,-0.649448049,0.760405965,0
114.8917743,-122.2028306,37.6,-0.649448049,0.760405965,0
112.4584752,-124.2810643,28,-0.649448049,0.760405965,0
117.3250734,-120.1245968,34.4,-0.649448049,0.760405965,0
110.0251761,-126.3592981,34.4,-0.649448049,0.760405965,0
112.4584752,-124.2810643,34.4,-0.649448049,0.760405965,0
110.0251761,-126.3592981,37.6,-0.649448049,0.760405965,0
117.3250734,-120.1245968,28,-0.649448049,0.760405965,0
114.8917743,-122.2028306,31.2,-0.649448049,0.760405965,0
110.0251761,-126.3592981,28,-0.649448049,0.760405965,0
114.8917743,-122.2028306,34.4,-0.649448049,0.760405965,0
110.0251761,-126.3592981,31.2,-0.649448049,0.760405965,0
112.4584752,-124.2810643,37.6,-0.649448049,0.760405965,0
112.4584752,-124.2810643,31.2,-0.649448049,0.760405965,0
117.3250734,-120.1245968,31.2,-0.649448049,0.760405965,0
114.8917743,-122.2028306,28,-0.649448049,0.760405965,0
117.3250734,-120.1245968,40.8,-0.649448049,0.760405965,0
114.8917743,-122.2028306,40.8,-0.649448049,0.760405965,0
117.3250734,-120.1245968,44,-0.649448049,0.760405965,0
114.8917743,-122.2028306,44,-0.649448049,0.760405965,0
117.3250734,-120.1245968,50.4,-0.649448049,0.760405965,0
117.3250734,-120.1245968,47.2,-0.649448049,0.760405965,0
114.8917743,-122.2028306,50.4,-0.649448049,0.760405965,0
114.8917743,-122.2028306,47.2,-0.649448049,0.760405965,0
112.4584752,-124.2810643,40.8,-0.649448049,0.760405965,0
112.4584752,-124.2810643,47.2,-0.649448049,0.760405965,0
112.4584752,-124.2810643,44,-0.649448049,0.760405965,0
107.5918771,-128.4375319,37.6,-0.649448049,0.760405965,0
112.4584752,-124.2810643,50.4,-0.649448049,0.760405965,0
110.0251761,-126.3592981,40.8,-0.649448049,0.760405965,0
110.0251761,-126.3592981,50.4,-0.649448049,0.760405965,0
110.0251761,-126.3592981,47.2,-0.649448049,0.760405965,0
110.0251761,-126.3592981,44,-0.649448049,0.760405965,0
107.5918771,-128.4375319,40.8,-0.649448049,0.760405965,0
107.5918771,-128.4375319,44,-0.649448049,0.760405965,0
107.5918771,-128.4375319,50.4,-0.649448049,0.760405965,0
107.5918771,-128.4375319,47.2,-0.649448049,0.760405965,0
105.158578,-130.5157656,50.4,-0.649448049,0.760405965,0
107.5918771,-128.4375319,34.4,-0.649448049,0.760405965,0
105.158578,-130.5157656,47.2,-0.649448049,0.760405965,0
105.158578,-130.5157656,44,-0.649448049,0.760405965,0
105.158578,-130.5157656,40.8,-0.649448049,0.760405965,0
102.7252789,-132.5939994,47.2,-0.649448049,0.760405965,0
102.7252789,-132.5939994,50.4,-0.649448049,0.760405965,0
100.2919798,-134.6722331,50.4,-0.649448049,0.760405965,0
102.7252789,-132.5939994,40.8,-0.649448049,0.760405965,0
100.2919798,-134.6722331,47.2,-0.649448049,0.760405965,0
102.7252789,-132.5939994,44,-0.649448049,0.760405965,0
100.2919798,-134.6722331,40.8,-0.649448049,0.760405965,0
100.2919798,-134.6722331,44,-0.649448049,0.760405965,0
105.158578,-130.5157656,31.2,-0.649448049,0.760405965,0
102.7252789,-132.5939994,31.2,-0.649448049,0.760405965,0
102.7252789,-132.5939994,28,-0.649448049,0.760405965,0
102.7252789,-132.5939994,37.6,-0.649448049,0.760405965,0
102.7252789,-132.5939994,34.4,-0.649448049,0.760405965,0
100.2919798,-134.6722331,31.2,-0.649448049,0.760405965,0
100.2919798,-134.6722331,28,-0.649448049,0.760405965,0
105.158578,-130.5157656,28,-0.649448049,0.760405965,0
107.5918771,-128.4375319,28,-0.649448049,0.760405965,0
105.158578,-130.5157656,37.6,-0.649448049,0.760405965,0
100.2919798,-134.6722331,34.4,-0.649448049,0.760405965,0
105.158578,-130.5157656,34.4,-0.649448049,0.760405965,0
107.5918771,-128.4375319,31.2,-0.649448049,0.760405965,0
100.2919798,-134.6722331,37.6,-0.649448049,0.760405965,0
100.2919798,-134.6722331,14.4,-0.649448049,0.760405965,0
102.7252789,-132.5939994,14.4,-0.649448049,0.760405965,0
107.5918771,-128.4375319,17.6,-0.649448049,0.760405965,0
102.7252789,-132.5939994,17.6,-0.649448049,0.760405965,0
107.5918771,-128.4375319,14.4,-0.649448049,0.760405965,0
100.2919798,-134.6722331,20.8,-0.649448049,0.760405965,0
105.158578,-130.5157656,20.8,-0.649448049,0.760405965,0
100.2919798,-134.6722331,24,-0.649448049,0.760405965,0
102.7252789,-132.5939994,20.8,-0.649448049,0.760405965,0
110.0251761,-126.3592981,14.4,-0.649448049,0.760405965,0
100.2919798,-134.6722331,17.6,-0.649448049,0.760405965,0
110.0251761,-126.3592981,17.6,-0.649448049,0.760405965,0
105.158578,-130.5157656,14.4,-0.649448049,0.760405965,0
105.158578,-130.5157656,24,-0.649448049,0.760405965,0
105.158578,-130.5157656,17.6,-0.649448049,0.760405965,0
102.7252789,-132.5939994,24,-0.649448049,0.760405965,0
100.2919798,-134.6722331,11.2,-0.649448049,0.760405965,0
100.2919798,-134.6722331,4.8,-0.649448049,0.760405965,0
100.2919798,-134.6722331,8,-0.649448049,0.760405965,0
100.2919798,-134.6722331,1.6,-0.649448049,0.760405965,0
102.7252789,-132.5939994,8,-0.649448049,0.760405965,0
102.7252789,-132.5939994,11.2,-0.649448049,0.760405965,0
102.7252789,-132.5939994,4.8,-0.649448049,0.760405965,0
102.7252789,-132.5939994,1.6,-0.649448049,0.760405965,0
105.158578,-130.5157656,11.2,-0.649448049,0.760405965,0
105.158578,-130.5157656,4.8,-0.649448049,0.760405965,0
105.158578,-130.5157656,8,-0.649448049,0.760405965,0
107.5918771,-128.4375319,20.8,-0.649448049,0.760405965,0
105.158578,-130.5157656,1.6,-0.649448049,0.760405965,0
107.5918771,-128.4375319,1.6,-0.649448049,0.760405965,0
107.5918771,-128.4375319,4.8,-0.649448049,0.760405965,0
107.5918771,-128.4375319,11.2,-0.649448049,0.760405965,0
107.5918771,-128.4375319,8,-0.649448049,0.760405965,0
110.0251761,-126.3592981,8,-0.649448049,0.760405965,0
110.0251761,-126.3592981,4.8,-0.649448049,0.760405965,0
110.0251761,-126.3592981,11.2,-0.649448049,0.760405965,0
110.0251761,-126.3592981,1.6,-0.649448049,0.760405965,0
112.4584752,-124.2810643,1.6,-0.649448049,0.760405965,0
107.5918771,-128.4375319,24,-0.649448049,0.760405965,0
112.4584752,-124.2810643,4.8,-0.649448049,0.760405965,0
114.8917743,-122.2028306,1.6,-0.649448049,0.760405965,0
112.4584752,-124.2810643,8,-0.649448049,0.760405965,0
114.8917743,-122.2028306,4.8,-0.649448049,0.760405965,0
112.4584752,-124.2810643,11.2,-0.649448049,0.760405965,0
117.3250734,-120.1245968,1.6,-0.649448049,0.760405965,0
114.8917743,-122.2028306,8,-0.649448049,0.760405965,0
117.3250734,-120.1245968,4.8,-0.649448049,0.760405965,0
114.8917743,-122.2028306,11.2,-0.649448049,0.760405965,0
117.3250734,-120.1245968,8,-0.649448049,0.760405965,0
117.3250734,-120.1245968,11.2,-0.649448049,0.760405965,0
112.4584752,-124.2810643,24,-0.649448049,0.760405965,0
114.8917743,-122.2028306,17.6,-0.649448049,0.760405965,0
114.8917743,-122.2028306,24,-0.649448049,0.760405965,0
114.8917743,-122.2028306,14.4,-0.649448049,0.760405965,0
114.8917743,-122.2028306,20.8,-0.649448049,0.760405965,0
117.3250734,-120.1245968,20.8,-0.649448049,0.760405965,0
117.3250734,-120.1245968,24,-0.649448049,0.760405965,0
112.4584752,-124.2810643,20.8,-0.649448049,0.760405965,0
110.0251761,-126.3592981,20.8,-0.649448049,0.760405965,0
112.4584752,-124.2810643,14.4,-0.649448049,0.760405965,0
117.3250734,-120.1245968,17.6,-0.649448049,0.760405965,0
112.4584752,-124.2810643,17.6,-0.649448049,0.760405965,0
110.0251761,-126.3592981,24,-0.649448049,0.760405965,0
117.3250734,-120.1245968,14.4,-0.649448049,0.760405965,0
165.5254447,-28.22089252,90.4,-0.97236992,0.233445364,0
164.7784195,-31.33247627,90.4,-0.97236992,0.233445364,0
164.0313944,-34.44406001,80.8,-0.97236992,0.233445364,0
165.5254447,-28.22089252,87.2,-0.97236992,0.233445364,0
163.2843692,-37.55564376,87.2,-0.97236992,0.233445364,0
164.0313944,-34.44406001,87.2,-0.97236992,0.233445364,0
163.2843692,-37.55564376,90.4,-0.97236992,0.233445364,0
165.5254447,-28.22089252,80.8,-0.97236992,0.233445364,0
164.7784195,-31.33247627,84,-0.97236992,0.233445364,0
163.2843692,-37.55564376,80.8,-0.97236992,0.233445364,0
164.7784195,-31.33247627,87.2,-0.97236992,0.233445364,0
163.2843692,-37.55564376,84,-0.97236992,0.233445364,0
164.0313944,-34.44406001,90.4,-0.97236992,0.233445364,0
164.0313944,-34.44406001,84,-0.97236992,0.233445364,0
165.5254447,-28.22089252,84,-0.97236992,0.233445364,0
164.7784195,-31.33247627,80.8,-0.97236992,0.233445364,0
165.5254447,-28.22089252,93.6,-0.97236992,0.233445364,0
164.7784195,-31.33247627,93.6,-0.97236992,0.233445364,0
165.5254447,-28.22089252,96.8,-0.97236992,0.233445364,0
164.7784195,-31.33247627,96.8,-0.97236992,0.233445364,0
165.5254447,-28.22089252,103.2,-0.97236992,0.233445364,0
165.5254447,-28.22089252,100,-0.97236992,0.233445364,0
164.7784195,-31.33247627,103.2,-0.97236992,0.233445364,0
164.7784195,-31.33247627,100,-0.97236992,0.233445364,0
164.0313944,-34.44406001,93.6,-0.97236992,0.233445364,0
164.0313944,-34.44406001,100,-0.97236992,0.233445364,0
164.0313944,-34.44406001,96.8,-0.97236992,0.233445364,0
162.537344,-40.6672275,90.4,-0.97236992,0.233445364,0
164.0313944,-34.44406001,103.2,-0.97236992,0.233445364,0
163.2843692,-37.55564376,93.6,-0.97236992,0.233445364,0
163.2843692,-37.55564376,103.2,-0.97236992,0.233445364,0
163.2843692,-37.55564376,100,-0.97236992,0.233445364,0
163.2843692,-37.55564376,96.8,-0.97236992,0.233445364,0
162.537344,-40.6672275,93.6,-0.97236992,0.233445364,0
162.537344,-40.6672275,96.8,-0.97236992,0.233445364,0
162.537344,-40.6672275,103.2,-0.97236992,0.233445364,0
162.537344,-40.6672275,100,-0.97236992,0.233445364,0
161.7903189,-43.77881125,103.2,-0.97236992,0.233445364,0
162.537344,-40.6672275,87.2,-0.97236992,0.233445364,0
161.7903189,-43.77881125,100,-0.97236992,0.233445364,0
161.7903189,-43.77881125,96.8,-0.97236992,0.233445364,0
161.7903189,-43.77881125,93.6,-0.97236992,0.233445364,0
161.0432937,-46.890395,100,-0.97236992,0.233445364,0
161.0432937,-46.890395,103.2,-0.97236992,0.233445364,0
160.2962685,-50.00197874,103.2,-0.97236992,0.233445364,0
161.0432937,-46.890395,93.6,-0.97236992,0.233445364,0
160.2962685,-50.00197874,100,-0.97236992,0.233445364,0
161.0432937,-46.890395,96.8,-0.97236992,0.233445364,0
160.2962685,-50.00197874,93.6,-0.97236992,0.233445364,0
160.2962685,-50.00197874,96.8,-0.97236992,0.233445364,0
161.7903189,-43.77881125,84,-0.97236992,0.233445364,0
161.0432937,-46.890395,84,-0.97236992,0.233445364,0
161.0432937,-46.890395,80.8,-0.97236992,0.233445364,0
161.0432937,-46.890395,90.4,-0.97236992,0.233445364,0
161.0432937,-46.890395,87.2,-0.97236992,0.233445364,0
160.2962685,-50.00197874,84,-0.97236992,0.233445364,0
160.2962685,-50.00197874,80.8,-0.97236992,0.233445364,0
161.7903189,-43.77881125,80.8,-0.97236992,0.233445364,0
162.537344,-40.6672275,80.8,-0.97236992,0.233445364,0
161.7903189,-43.77881125,90.4,-0.97236992,0.233445364,0
160.2962685,-50.00197874,87.2,-0.97236992,0.233445364,0
161.7903189,-43.77881125,87.2,-0.97236992,0.233445364,0
162.537344,-40.6672275,84,-0.97236992,0.233445364,0
160.2962685,-50.00197874,90.4,-0.97236992,0.233445364,0
160.2962685,-50.00197874,67.2,-0.97236992,0.233445364,0
161.0432937,-46.890395,67.2,-0.97236992,0.233445364,0
162.537344,-40.6672275,70.4,-0.97236992,0.233445364,0
161.0432937,-46.890395,70.4,-0.97236992,0.233445364,0
162.537344,-40.6672275,67.2,-0.97236992,0.233445364,0
160.2962685,-50.00197874,73.6,-0.97236992,0.233445364,0
161.7903189,-43.77881125,73.6,-0.97236992,0.233445364,0
160.2962685,-50.00197874,76.8,-0.97236992,0.233445364,0
161.0432937,-46.890395,73.6,-0.97236992,0.233445364,0
163.2843692,-37.55564376,67.2,-0.97236992,0.233445364,0
160.2962685,-50.00197874,70.4,-0.97236992,0.233445364,0
163.2843692,-37.55564376,70.4,-0.97236992,0.233445364,0
161.7903189,-43.77881125,67.2,-0.97236992,0.233445364,0
161.7903189,-43.77881125,76.8,-0.97236992,0.233445364,0
161.7903189,-43.77881125,70.4,-0.97236992,0.233445364,0
161.0432937,-46.890395,76.8,-0.97236992,0.233445364,0
160.2962685,-50.00197874,64,-0.97236992,0.233445364,0
160.2962685,-50.00197874,57.6,-0.97236992,0.233445364,0
160.2962685,-50.00197874,60.8,-0.97236992,0.233445364,0
160.2962685,-50.00197874,54.4,-0.97236992,0.233445364,0
161.0432937,-46.890395,60.8,-0.97236992,0.233445364,0
161.0432937,-46.890395,64,-0.97236992,0.233445364,0
161.0432937,-46.890395,57.6,-0.97236992,0.233445364,0
161.0432937,-46.890395,54.4,-0.97236992,0.233445364,0
161.7903189,-43.77881125,64,-0.97236992,0.233445364,0
161.7903189,-43.77881125,57.6,-0.97236992,0.233445364,0
161.7903189,-43.77881125,60.8,-0.97236992,0.233445364,0
162.537344,-40.6672275,73.6,-0.97236992,0.233445364,0
161.7903189,-43.77881125,54.4,-0.97236992,0.233445364,0
162.537344,-40.6672275,54.4,-0.97236992,0.233445364,0
162.537344,-40.6672275,57.6,-0.97236992,0.233445364,0
162.537344,-40.6672275,64,-0.97236992,0.233445364,0
162.537344,-40.6672275,60.8,-0.97236992,0.233445364,0
163.2843692,-37.55564376,60.8,-0.97236992,0.233445364,0
163.2843692,-37.55564376,57.6,-0.97236992,0.233445364,0
163.2843692,-37.55564376,64,-0.97236992,0.233445364,0
163.2843692,-37.55564376,54.4,-0.97236992,0.233445364,0
164.0313944,-34.44406001,54.4,-0.97236992,0.233445364,0
162.537344,-40.6672275,76.8,-0.97236992,0.233445364,0
164.0313944,-34.44406001,57.6,-0.97236992,0.233445364,0
164.7784195,-31.33247627,54.4,-0.97236992,0.233445364,0
164.0313944,-34.44406001,60.8,-0.97236992,0.233445364,0
164.7784195,-31.33247627,57.6,-0.97236992,0.233445364,0
164.0313944,-34.44406001,64,-0.97236992,0.233445364,0
165.5254447,-28.22089252,54.4,-0.97236992,0.233445364,0
164.7784195,-31.33247627,60.8,-0.97236992,0.233445364,0
165.5254447,-28.22089252,57.6,-0.97236992,0.233445364,0
164.7784195,-31.33247627,64,-0.97236992,0.233445364,0
165.5254447,-28.22089252,60.8,-0.97236992,0.233445364,0
165.5254447,-28.22089252,64,-0.97236992,0.233445364,0
164.0313944,-34.44406001,76.8,-0.97236992,0.233445364,0
164.7784195,-31.33247627,70.4,-0.97236992,0.233445364,0
164.7784195,-31.33247627,76.8,-0.97236992,0.233445364,0
164.7784195,-31.33247627,67.2,-0.97236992,0.233445364,0
164.7784195,-31.33247627,73.6,-0.97236992,0.233445364,0
165.5254447,-28.22089252,73.6,-0.97236992,0.233445364,0
165.5254447,-28.22089252,76.8,-0.97236992,0.233445364,0
164.0313944,-34.44406001,73.6,-0.97236992,0.233445364,0
163.2843692,-37.55564376,73.6,-0.97236992,0.233445364,0
164.0313944,-34.44406001,67.2,-0.97236992,0.233445364,0
165.5254447,-28.22089252,70.4,-0.97236992,0.233445364,0
164.0313944,-34.44406001,70.4,-0.97236992,0.233445364,0
163.2843692,-37.55564376,76.8,-0.97236992,0.233445364,0
165.5254447,-28.22089252,67.2,-0.97236992,0.233445364,0
167.902272,-1.979562146,90.4,-0.996917334,0.078459096,0
167.6512029,-5.169697614,90.4,-0.996917334,0.078459096,0
167.4001338,-8.359833082,80.8,-0.996917334,0.078459096,0
167.902272,-1.979562146,87.2,-0.996917334,0.078459096,0
167.1490647,-11.54996855,87.2,-0.996917334,0.078459096,0
167.4001338,-8.359833082,87.2,-0.996917334,0.078459096,0
167.1490647,-11.54996855,90.4,-0.996917334,0.078459096,0
167.902272,-1.979562146,80.8,-0.996917334,0.078459096,0
167.6512029,-5.169697614,84,-0.996917334,0.078459096,0
167.1490647,-11.54996855,80.8,-0.996917334,0.078459096,0
167.6512029,-5.169697614,87.2,-0.996917334,0.078459096,0
167.1490647,-11.54996855,84,-0.996917334,0.078459096,0
167.4001338,-8.359833082,90.4,-0.996917334,0.078459096,0
167.4001338,-8.359833082,84,-0.996917334,0.078459096,0
167.902272,-1.979562146,84,-0.996917334,0.078459096,0
167.6512029,-5.169697614,80.8,-0.996917334,0.078459096,0
167.902272,-1.979562146,93.6,-0.996917334,0.078459096,0
167.6512029,-5.169697614,93.6,-0.996917334,0.078459096,0
167.902272,-1.979562146,96.8,-0.996917334,0.078459096,0
167.6512029,-5.169697614,96.8,-0.996917334,0.078459096,0
167.902272,-1.979562146,103.2,-0.996917334,0.078459096,0
167.902272,-1.979562146,100,-0.996917334,0.078459096,0
167.6512029,-5.169697614,103.2,-0.996917334,0.078459096,0
167.6512029,-5.169697614,100,-0.996917334,0.078459096,0
167.4001338,-8.359833082,93.6,-0.996917334,0.078459096,0
167.4001338,-8.359833082,100,-0.996917334,0.078459096,0
167.4001338,-8.359833082,96.8,-0.996917334,0.078459096,0
166.8979956,-14.74010402,90.4,-0.996917334,0.078459096,0
167.4001338,-8.359833082,103.2,-0.996917334,0.078459096,0
167.1490647,-11.54996855,93.6,-0.996917334,0.078459096,0
167.1490647,-11.54996855,103.2,-0.996917334,0.078459096,0
167.1490647,-11.54996855,100,-0.996917334,0.078459096,0
167.1490647,-11.54996855,96.8,-0.996917334,0.078459096,0
166.8979956,-14.74010402,93.6,-0.996917334,0.078459096,0
166.8979956,-14.74010402,96.8,-0.996917334,0.078459096,0
166.8979956,-14.74010402,103.2,-0.996917334,0.078459096,0
166.8979956,-14.74010402,100,-0.996917334,0.078459096,0
166.6469265,-17.93023949,103.2,-0.996917334,0.078459096,0
166.8979956,-14.74010402,87.2,-0.996917334,0.078459096,0
166.6469265,-17.93023949,100,-0.996917334,0.078459096,0
166.6469265,-17.93023949,96.8,-0.996917334,0.078459096,0
166.6469265,-17.93023949,93.6,-0.996917334,0.078459096,0
166.3958574,-21.12037495,100,-0.996917334,0.078459096,0
166.3958574,-21.12037495,103.2,-0.996917334,0.078459096,0
166.1447883,-24.31051042,103.2,-0.996917334,0.078459096,0
166.3958574,-21.12037495,93.6,-0.996917334,0.078459096,0
166.1447883,-24.31051042,100,-0.996917334,0.078459096,0
166.3958574,-21.12037495,96.8,-0.996917334,0.078459096,0
166.1447883,-24.31051042,93.6,-0.996917334,0.078459096,0
166.1447883,-24.31051042,96.8,-0.996917334,0.078459096,0
166.6469265,-17.93023949,84,-0.996917334,0.078459096,0
166.3958574,-21.12037495,84,-0.996917334,0.078459096,0
166.3958574,-21.12037495,80.8,-0.996917334,0.078459096,0
166.3958574,-21.12037495,90.4,-0.996917334,0.078459096,0
166.3958574,-21.12037495,87.2,-0.996917334,0.078459096,0
166.1447883,-24.31051042,84,-0.996917334,0.078459096,0
166.1447883,-24.31051042,80.8,-0.996917334,0.078459096,0
166.6469265,-17.93023949,80.8,-0.996917334,0.078459096,0
166.8979956,-14.74010402,80.8,-0.996917334,0.078459096,0
166.6469265,-17.93023949,90.4,-0.996917334,0.078459096,0
166.1447883,-24.31051042,87.2,-0.996917334,0.078459096,0
166.6469265,-17.93023949,87.2,-0.996917334,0.078459096,0
166.8979956,-14.74010402,84,-0.996917334,0.078459096,0
166.1447883,-24.31051042,90.4,-0.996917334,0.078459096,0
166.1447883,-24.31051042,67.2,-0.996917334,0.078459096,0
166.3958574,-21.12037495,67.2,-0.996917334,0.078459096,0
166.8979956,-14.74010402,70.4,-0.996917334,0.078459096,0
166.3958574,-21.12037495,70.4,-0.996917334,0.078459096,0
166.8979956,-14.74010402,67.2,-0.996917334,0.078459096,0
166.1447883,-24.31051042,73.6,-0.996917334,0.078459096,0
166.6469265,-17.93023949,73.6,-0.996917334,0.078459096,0
166.1447883,-24.31051042,76.8,-0.996917334,0.078459096,0
166.3958574,-21.12037495,73.6,-0.996917334,0.078459096,0
167.1490647,-11.54996855,67.2,-0.996917334,0.078459096,0
166.1447883,-24.31051042,70.4,-0.996917334,0.078459096,0
167.1490647,-11.54996855,70.4,-0.996917334,0.078459096,0
166.6469265,-17.93023949,67.2,-0.996917334,0.078459096,0
166.6469265,-17.93023949,76.8,-0.996917334,0.078459096,0
166.6469265,-17.93023949,70.4,-0.996917334,0.078459096,0
166.3958574,-21.12037495,76.8,-0.996917334,0.078459096,0
166.1447883,-24.31051042,64,-0.996917334,0.078459096,0
166.1447883,-24.31051042,57.6,-0.996917334,0.078459096,0
166.1447883,-24.31051042,60.8,-0.996917334,0.078459096,0
166.1447883,-24.31051042,54.4,-0.996917334,0.078459096,0
166.3958574,-21.12037495,60.8,-0.996917334,0.078459096,0
166.3958574,-21.12037495,64,-0.996917334,0.078459096,0
166.3958574,-21.12037495,57.6,-0.996917334,0.078459096,0
166.3958574,-21.12037495,54.4,-0.996917334,0.078459096,0
166.6469265,-17.93023949,64,-0.996917334,0.078459096,0
166.6469265,-17.93023949,57.6,-0.996917334,0.078459096,0
166.6469265,-17.93023949,60.8,-0.996917334,0.078459096,0
166.8979956,-14.74010402,73.6,-0.996917334,0.078459096,0
166.6469265,-17.93023949,54.4,-0.996917334,0.078459096,0
166.8979956,-14.74010402,54.4,-0.996917334,0.078459096,0
166.8979956,-14.74010402,57.6,-0.996917334,0.078459096,0
166.8979956,-14.74010402,64,-0.996917334,0.078459096,0
166.8979956,-14.74010402,60.8,-0.996917334,0.078459096,0
167.1490647,-11.54996855,60.8,-0.996917334,0.078459096,0
167.1490647,-11.54996855,57.6,-0.996917334,0.078459096,0
167.1490647,-11.54996855,64,-0.996917334,0.078459096,0
167.1490647,-11.54996855,54.4,-0.996917334,0.078459096,0
167.4001338,-8.359833082,54.4,-0.996917334,0.078459096,0
166.8979956,-14.74010402,76.8,-0.996917334,0.078459096,0
167.4001338,-8.359833082,57.6,-0.996917334,0.078459096,0
167.6512029,-5.169697614,54.4,-0.996917334,0.078459096,0
167.4001338,-8.359833082,60.8,-0.996917334,0.078459096,0
167.6512029,-5.169697614,57.6,-0.996917334,0.078459096,0
167.4001338,-8.359833082,64,-0.996917334,0.078459096,0
167.902272,-1.979562146,54.4,-0.996917334,0.078459096,0
167.6512029,-5.169697614,60.8,-0.996917334,0.078459096,0
167.902272,-1.979562146,57.6,-0.996917334,0.078459096,0
167.6512029,-5.169697614,64,-0.996917334,0.078459096,0
167.902272,-1.979562146,60.8,-0.996917334,0.078459096,0
167.902272,-1.979562146,64,-0.996917334,0.078459096,0
167.4001338,-8.359833082,76.8,-0.996917334,0.078459096,0
167.6512029,-5.169697614,70.4,-0.996917334,0.078459096,0
167.6512029,-5.169697614,76.8,-0.996917334,0.078459096,0
167.6512029,-5.169697614,67.2,-0.996917334,0.078459096,0
167.6512029,-5.169697614,73.6,-0.996917334,0.078459096,0
167.902272,-1.979562146,73.6,-0.996917334,0.078459096,0
167.902272,-1.979562146,76.8,-0.996917334,0.078459096,0
167.4001338,-8.359833082,73.6,-0.996917334,0.078459096,0
167.1490647,-11.54996855,73.6,-0.996917334,0.078459096,0
167.4001338,-8.359833082,67.2,-0.996917334,0.078459096,0
167.902272,-1.979562146,70.4,-0.996917334,0.078459096,0
167.4001338,-8.359833082,70.4,-0.996917334,0.078459096,0
167.1490647,-11.54996855,76.8,-0.996917334,0.078459096,0
167.902272,-1.979562146,67.2,-0.996917334,0.078459096,0
166.1447882,24.31051162,90.4,-0.996917334,0.078459096,0
166.3958573,21.12037615,90.4,-0.996917334,0.078459096,0
166.6469264,17.93024068,80.8,-0.996917334,0.078459096,0
166.1447882,24.31051162,87.2,-0.996917334,0.078459096,0
166.8979955,14.74010522,87.2,-0.996917334,0.078459096,0
166.6469264,17.93024068,87.2,-0.996917334,0.078459096,0
166.8979955,14.74010522,90.4,-0.996917334,0.078459096,0
166.1447882,24.31051162,80.8,-0.996917334,0.078459096,0
166.3958573,21.12037615,84,-0.996917334,0.078459096,0
166.8979955,14.74010522,80.8,-0.996917334,0.078459096,0
166.3958573,21.12037615,87.2,-0.996917334,0.078459096,0
166.8979955,14.74010522,84,-0.996917334,0.078459096,0
166.6469264,17.93024068,90.4,-0.996917334,0.078459096,0
166.6469264,17.93024068,84,-0.996917334,0.078459096,0
166.1447882,24.31051162,84,-0.996917334,0.078459096,0
166.3958573,21.12037615,80.8,-0.996917334,0.078459096,0
166.1447882,24.31051162,93.6,-0.996917334,0.078459096,0
166.3958573,21.12037615,93.6,-0.996917334,0.078459096,0
166.1447882,24.31051162,96.8,-0.996917334,0.078459096,0
166.3958573,21.12037615,96.8,-0.996917334,0.078459096,0
166.1447882,24.31051162,103.2,-0.996917334,0.078459096,0
166.1447882,24.31051162,100,-0.996917334,0.078459096,0
166.3958573,21.12037615,103.2,-0.996917334,0.078459096,0
166.3958573,21.12037615,100,-0.996917334,0.078459096,0
166.6469264,17.93024068,93.6,-0.996917334,0.078459096,0
166.6469264,17.93024068,100,-0.996917334,0.078459096,0
166.6469264,17.93024068,96.8,-0.996917334,0.078459096,0
167.1490646,11.54996975,90.4,-0.996917334,0.078459096,0
166.6469264,17.93024068,103.2,-0.996917334,0.078459096,0
166.8979955,14.74010522,93.6,-0.996917334,0.078459096,0
166.8979955,14.74010522,103.2,-0.996917334,0.078459096,0
166.8979955,14.74010522,100,-0.996917334,0.078459096,0
166.8979955,14.74010522,96.8,-0.996917334,0.078459096,0
167.1490646,11.54996975,93.6,-0.996917334,0.078459096,0
167.1490646,11.54996975,96.8,-0.996917334,0.078459096,0
167.1490646,11.54996975,103.2,-0.996917334,0.078459096,0
167.1490646,11.54996975,100,-0.996917334,0.078459096,0
167.4001337,8.359834281,103.2,-0.996917334,0.078459096,0
167.1490646,11.54996975,87.2,-0.996917334,0.078459096,0
167.4001337,8.359834281,100,-0.996917334,0.078459096,0
167.4001337,8.359834281,96.8,-0.996917334,0.078459096,0
167.4001337,8.359834281,93.6,-0.996917334,0.078459096,0
167.6512028,5.169698813,100,-0.996917334,0.078459096,0
167.6512028,5.169698813,103.2,-0.996917334,0.078459096,0
167.9022719,1.979563345,103.2,-0.996917334,0.078459096,0
167.6512028,5.169698813,93.6,-0.996917334,0.078459096,0
167.9022719,1.979563345,100,-0.996917334,0.078459096,0
167.6512028,5.169698813,96.8,-0.996917334,0.078459096,0
167.9022719,1.979563345,93.6,-0.996917334,0.078459096,0
167.9022719,1.979563345,96.8,-0.996917334,0.078459096,0
167.4001337,8.359834281,84,-0.996917334,0.078459096,0
167.6512028,5.169698813,84,-0.996917334,0.078459096,0
167.6512028,5.169698813,80.8,-0.996917334,0.078459096,0
167.6512028,5.169698813,90.4,-0.996917334,0.078459096,0
167.6512028,5.169698813,87.2,-0.996917334,0.078459096,0
167.9022719,1.979563345,84,-0.996917334,0.078459096,0
167.9022719,1.979563345,80.8,-0.996917334,0.078459096,0
167.4001337,8.359834281,80.8,-0.996917334,0.078459096,0
167.1490646,11.54996975,80.8,-0.996917334,0.078459096,0
167.4001337,8.359834281,90.4,-0.996917334,0.078459096,0
167.9022719,1.979563345,87.2,-0.996917334,0.078459096,0
167.4001337,8.359834281,87.2,-0.996917334,0.078459096,0
167.1490646,11.54996975,84,-0.996917334,0.078459096,0
167.9022719,1.979563345,90.4,-0.996917334,0.078459096,0
167.9022719,1.979563345,67.2,-0.996917334,0.078459096,0
167.6512028,5.169698813,67.2,-0.996917334,0.078459096,0
167.1490646,11.54996975,70.4,-0.996917334,0.078459096,0
167.6512028,5.169698813,70.4,-0.996917334,0.078459096,0
167.1490646,11.54996975,67.2,-0.996917334,0.078459096,0
167.9022719,1.979563345,73.6,-0.996917334,0.078459096,0
167.4001337,8.359834281,73.6,-0.996917334,0.078459096,0
167.9022719,1.979563345,76.8,-0.996917334,0.078459096,0
167.6512028,5.169698813,73.6,-0.996917334,0.078459096,0
166.8979955,14.74010522,67.2,-0.996917334,0.078459096,0
167.9022719,1.979563345,70.4,-0.996917334,0.078459096,0
166.8979955,14.74010522,70.4,-0.996917334,0.078459096,0
167.4001337,8.359834281,67.2,-0.996917334,0.078459096,0
167.4001337,8.359834281,76.8,-0.996917334,0.078459096,0
167.4001337,8.359834281,70.4,-0.996917334,0.078459096,0
167.6512028,5.169698813,76.8,-0.996917334,0.078459096,0
167.9022719,1.979563345,64,-0.996917334,0.078459096,0
167.9022719,1.979563345,57.6,-0.996917334,0.078459096,0
167.9022719,1.979563345,60.8,-0.996917334,0.078459096,0
167.9022719,1.979563345,54.4,-0.996917334,0.078459096,0
167.6512028,5.169698813,60.8,-0.996917334,0.078459096,0
167.6512028,5.169698813,64,-0.996917334,0.078459096,0
167.6512028,5.169698813,57.6,-0.996917334,0.078459096,0
167.6512028,5.169698813,54.4,-0.996917334,0.078459096,0
167.4001337,8.359834281,64,-0.996917334,0.078459096,0
167.4001337,8.359834281,57.6,-0.996917334,0.078459096,0
167.4001337,8.359834281,60.8,-0.996917334,0.078459096,0
167.1490646,11.54996975,73.6,-0.996917334,0.078459096,0
167.4001337,8.359834281,54.4,-0.996917334,0.078459096,0
167.1490646,11.54996975,54.4,-0.996917334,0.078459096,0
167.1490646,11.54996975,57.6,-0.996917334,0.078459096,0
167.1490646,11.54996975,64,-0.996917334,0.078459096,0
167.1490646,11.54996975,60.8,-0.996917334,0.078459096,0
166.8979955,14.74010522,60.8,-0.996917334,0.078459096,0
166.8979955,14.74010522,57.6,-0.996917334,0.078459096,0
166.8979955,14.74010522,64,-0.996917334,0.078459096,0
166.8979955,14.74010522,54.4,-0.996917334,0.078459096,0
166.6469264,17.93024068,54.4,-0.996917334,0.078459096,0
167.1490646,11.54996975,76.8,-0.996917334,0.078459096,0
166.6469264,17.93024068,57.6,-0.996917334,0.078459096,0
166.3958573,21.12037615,54.4,-0.996917334,0.078459096,0
166.6469264,17.93024068,60.8,-0.996917334,0.078459096,0
166.3958573,21.12037615,57.6,-0.996917334,0.078459096,0
166.6469264,17.93024068,64,-0.996917334,0.078459096,0
166.1447882,24.31051162,54.4,-0.996917334,0.078459096,0
166.3958573,21.12037615,60.8,-0.996917334,0.078459096,0
166.1447882,24.31051162,57.6,-0.996917334,0.078459096,0
166.3958573,21.12037615,64,-0.996917334,0.078459096,0
166.1447882,24.31051162,60.8,-0.996917334,0.078459096,0
166.1447882,24.31051162,64,-0.996917334,0.078459096,0
166.6469264,17.93024068,76.8,-0.996917334,0.078459096,0
166.3958573,21.12037615,70.4,-0.996917334,0.078459096,0
166.3958573,21.12037615,76.8,-0.996917334,0.078459096,0
166.3958573,21.12037615,67.2,-0.996917334,0.078459096,0
166.3958573,21.12037615,73.6,-0.996917334,0.078459096,0
166.1447882,24.31051162,73.6,-0.996917334,0.078459096,0
166.1447882,24.31051162,76.8,-0.996917334,0.078459096,0
166.6469264,17.93024068,73.6,-0.996917334,0.078459096,0
166.8979955,14.74010522,73.6,-0.996917334,0.078459096,0
166.6469264,17.93024068,67.2,-0.996917334,0.078459096,0
166.1447882,24.31051162,70.4,-0.996917334,0.078459096,0
166.6469264,17.93024068,70.4,-0.996917334,0.078459096,0
166.8979955,14.74010522,76.8,-0.996917334,0.078459096,0
166.1447882,24.31051162,67.2,-0.996917334,0.078459096,0
160.2962683,50.00197991,90.4,-0.97236992,0.233445364,0
161.0432934,46.89039617,90.4,-0.97236992,0.233445364,0
161.7903186,43.77881242,80.8,-0.97236992,0.233445364,0
160.2962683,50.00197991,87.2,-0.97236992,0.233445364,0
162.5373438,40.66722867,87.2,-0.97236992,0.233445364,0
161.7903186,43.77881242,87.2,-0.97236992,0.233445364,0
162.5373438,40.66722867,90.4,-0.97236992,0.233445364,0
160.2962683,50.00197991,80.8,-0.97236992,0.233445364,0
161.0432934,46.89039617,84,-0.97236992,0.233445364,0
162.5373438,40.66722867,80.8,-0.97236992,0.233445364,0
161.0432934,46.89039617,87.2,-0.97236992,0.233445364,0
162.5373438,40.66722867,84,-0.97236992,0.233445364,0
161.7903186,43.77881242,90.4,-0.97236992,0.233445364,0
161.7903186,43.77881242,84,-0.97236992,0.233445364,0
160.2962683,50.00197991,84,-0.97236992,0.233445364,0
161.0432934,46.89039617,80.8,-0.97236992,0.233445364,0
160.2962683,50.00197991,93.6,-0.97236992,0.233445364,0
161.0432934,46.89039617,93.6,-0.97236992,0.233445364,0
160.2962683,50.00197991,96.8,-0.97236992,0.233445364,0
161.0432934,46.89039617,96.8,-0.97236992,0.233445364,0
160.2962683,50.00197991,103.2,-0.97236992,0.233445364,0
160.2962683,50.00197991,100,-0.97236992,0.233445364,0
161.0432934,46.89039617,103.2,-0.97236992,0.233445364,0
161.0432934,46.89039617,100,-0.97236992,0.233445364,0
161.7903186,43.77881242,93.6,-0.97236992,0.233445364,0
161.7903186,43.77881242,100,-0.97236992,0.233445364,0
161.7903186,43.77881242,96.8,-0.97236992,0.233445364,0
163.2843689,37.55564493,90.4,-0.97236992,0.233445364,0
161.7903186,43.77881242,103.2,-0.97236992,0.233445364,0
162.5373438,40.66722867,93.6,-0.97236992,0.233445364,0
162.5373438,40.66722867,103.2,-0.97236992,0.233445364,0
162.5373438,40.66722867,100,-0.97236992,0.233445364,0
162.5373438,40.66722867,96.8,-0.97236992,0.233445364,0
163.2843689,37.55564493,93.6,-0.97236992,0.233445364,0
163.2843689,37.55564493,96.8,-0.97236992,0.233445364,0
163.2843689,37.55564493,103.2,-0.97236992,0.233445364,0
163.2843689,37.55564493,100,-0.97236992,0.233445364,0
164.0313941,34.44406118,103.2,-0.97236992,0.233445364,0
163.2843689,37.55564493,87.2,-0.97236992,0.233445364,0
164.0313941,34.44406118,100,-0.97236992,0.233445364,0
164.0313941,34.44406118,96.8,-0.97236992,0.233445364,0
164.0313941,34.44406118,93.6,-0.97236992,0.233445364,0
164.7784192,31.33247744,100,-0.97236992,0.233445364,0
164.7784192,31.33247744,103.2,-0.97236992,0.233445364,0
165.5254444,28.22089369,103.2,-0.97236992,0.233445364,0
164.7784192,31.33247744,93.6,-0.97236992,0.233445364,0
165.5254444,28.22089369,100,-0.97236992,0.233445364,0
164.7784192,31.33247744,96.8,-0.97236992,0.233445364,0
165.5254444,28.22089369,93.6,-0.97236992,0.233445364,0
165.5254444,28.22089369,96.8,-0.97236992,0.233445364,0
164.0313941,34.44406118,84,-0.97236992,0.233445364,0
164.7784192,31.33247744,84,-0.97236992,0.233445364,0
164.7784192,31.33247744,80.8,-0.97236992,0.233445364,0
164.7784192,31.33247744,90.4,-0.97236992,0.233445364,0
164.7784192,31.33247744,87.2,-0.97236992,0.233445364,0
165.5254444,28.22089369,84,-0.97236992,0.233445364,0
165.5254444,28.22089369,80.8,-0.97236992,0.233445364,0
164.0313941,34.44406118,80.8,-0.97236992,0.233445364,0
163.2843689,37.55564493,80.8,-0.97236992,0.233445364,0
164.0313941,34.44406118,90.4,-0.97236992,0.233445364,0
165.5254444,28.22089369,87.2,-0.97236992,0.233445364,0
164.0313941,34.44406118,87.2,-0.97236992,0.233445364,0
163.2843689,37.55564493,84,-0.97236992,0.233445364,0
165.5254444,28.22089369,90.4,-0.97236992,0.233445364,0
165.5254444,28.22089369,67.2,-0.97236992,0.233445364,0
164.7784192,31.33247744,67.2,-0.97236992,0.233445364,0
163.2843689,37.55564493,70.4,-0.97236992,0.233445364,0
164.7784192,31.33247744,70.4,-0.97236992,0.233445364,0
163.2843689,37.55564493,67.2,-0.97236992,0.233445364,0
165.5254444,28.22089369,73.6,-0.97236992,0.233445364,0
164.0313941,34.44406118,73.6,-0.97236992,0.233445364,0
165.5254444,28.22089369,76.8,-0.97236992,0.233445364,0
164.7784192,31.33247744,73.6,-0.97236992,0.233445364,0
162.5373438,40.66722867,67.2,-0.97236992,0.233445364,0
165.5254444,28.22089369,70.4,-0.97236992,0.233445364,0
162.5373438,40.66722867,70.4,-0.97236992,0.233445364,0
164.0313941,34.44406118,67.2,-0.97236992,0.233445364,0
164.0313941,34.44406118,76.8,-0.97236992,0.233445364,0
164.0313941,34.44406118,70.4,-0.97236992,0.233445364,0
164.7784192,31.33247744,76.8,-0.97236992,0.233445364,0
165.5254444,28.22089369,64,-0.97236992,0.233445364,0
165.5254444,28.22089369,57.6,-0.97236992,0.233445364,0
165.5254444,28.22089369,60.8,-0.97236992,0.233445364,0
165.5254444,28.22089369,54.4,-0.97236992,0.233445364,0
164.7784192,31.33247744,60.8,-0.97236992,0.233445364,0
164.7784192,31.33247744,64,-0.97236992,0.233445364,0
164.7784192,31.33247744,57.6,-0.97236992,0.233445364,0
164.7784192,31.33247744,54.4,-0.97236992,0.233445364,0
164.0313941,34.44406118,64,-0.97236992,0.233445364,0
164.0313941,34.44406118,57.6,-0.97236992,0.233445364,0
164.0313941,34.44406118,60.8,-0.97236992,0.233445364,0
163.2843689,37.55564493,73.6,-0.97236992,0.233445364,0
164.0313941,34.44406118,54.4,-0.97236992,0.233445364,0
163.2843689,37.55564493,54.4,-0.97236992,0.233445364,0
163.2843689,37.55564493,57.6,-0.97236992,0.233445364,0
163.2843689,37.55564493,64,-0.97236992,0.233445364,0
163.2843689,37.55564493,60.8,-0.97236992,0.233445364,0
162.5373438,40.66722867,60.8,-0.97236992,0.233445364,0
162.5373438,40.66722867,57.6,-0.97236992,0.233445364,0
162.5373438,40.66722867,64,-0.97236992,0.233445364,0
162.5373438,40.66722867,54.4,-0.97236992,0.233445364,0
161.7903186,43.77881242,54.4,-0.97236992,0.233445364,0
163.2843689,37.55564493,76.8,-0.97236992,0.233445364,0
161.7903186,43.77881242,57.6,-0.97236992,0.233445364,0
161.0432934,46.89039617,54.4,-0.97236992,0.233445364,0
161.7903186,43.77881242,60.8,-0.97236992,0.233445364,0
161.0432934,46.89039617,57.6,-0.97236992,0.233445364,0
161.7903186,43.77881242,64,-0.97236992,0.233445364,0
160.2962683,50.00197991,54.4,-0.97236992,0.233445364,0
161.0432934,46.89039617,60.8,-0.97236992,0.233445364,0
160.2962683,50.00197991,57.6,-0.97236992,0.233445364,0
161.0432934,46.89039617,64,-0.97236992,0.233445364,0
160.2962683,50.00197991,60.8,-0.97236992,0.233445364,0
160.2962683,50.00197991,64,-0.97236992,0.233445364,0
161.7903186,43.77881242,76.8,-0.97236992,0.233445364,0
161.0432934,46.89039617,70.4,-0.97236992,0.233445364,0
161.0432934,46.89039617,76.8,-0.97236992,0.233445364,0
161.0432934,46.89039617,67.2,-0.97236992,0.233445364,0
161.0432934,46.89039617,73.6,-0.97236992,0.233445364,0
160.2962683,50.00197991,73.6,-0.97236992,0.233445364,0
160.2962683,50.00197991,76.8,-0.97236992,0.233445364,0
161.7903186,43.77881242,73.6,-0.97236992,0.233445364,0
162.5373438,40.66722867,73.6,-0.97236992,0.233445364,0
161.7903186,43.77881242,67.2,-0.97236992,0.233445364,0
160.2962683,50.00197991,70.4,-0.97236992,0.233445364,0
161.7903186,43.77881242,70.4,-0.97236992,0.233445364,0
162.5373438,40.66722867,76.8,-0.97236992,0.233445364,0
160.2962683,50.00197991,67.2,-0.97236992,0.233445364,0
160.2962683,50.00197991,37.6,-0.97236992,0.233445364,0
161.0432934,46.89039617,37.6,-0.97236992,0.233445364,0
161.7903186,43.77881242,28,-0.97236992,0.233445364,0
160.2962683,50.00197991,34.4,-0.97236992,0.233445364,0
162.5373438,40.66722867,34.4,-0.97236992,0.233445364,0
161.7903186,43.77881242,34.4,-0.97236992,0.233445364,0
162.5373438,40.66722867,37.6,-0.97236992,0.233445364,0
160.2962683,50.00197991,28,-0.97236992,0.233445364,0
161.0432934,46.89039617,31.2,-0.97236992,0.233445364,0
162.5373438,40.66722867,28,-0.97236992,0.233445364,0
161.0432934,46.89039617,34.4,-0.97236992,0.233445364,0
162.5373438,40.66722867,31.2,-0.97236992,0.233445364,0
161.7903186,43.77881242,37.6,-0.97236992,0.233445364,0
161.7903186,43.77881242,31.2,-0.97236992,0.233445364,0
160.2962683,50.00197991,31.2,-0.97236992,0.233445364,0
161.0432934,46.89039617,28,-0.97236992,0.233445364,0
160.2962683,50.00197991,40.8,-0.97236992,0.233445364,0
161.0432934,46.89039617,40.8,-0.97236992,0.233445364,0
160.2962683,50.00197991,44,-0.97236992,0.233445364,0
161.0432934,46.89039617,44,-0.97236992,0.233445364,0
160.2962683,50.00197991,50.4,-0.97236992,0.233445364,0
160.2962683,50.00197991,47.2,-0.97236992,0.233445364,0
161.0432934,46.89039617,50.4,-0.97236992,0.233445364,0
161.0432934,46.89039617,47.2,-0.97236992,0.233445364,0
161.7903186,43.77881242,40.8,-0.97236992,0.233445364,0
161.7903186,43.77881242,47.2,-0.97236992,0.233445364,0
161.7903186,43.77881242,44,-0.97236992,0.233445364,0
163.2843689,37.55564493,37.6,-0.97236992,0.233445364,0
161.7903186,43.77881242,50.4,-0.97236992,0.233445364,0
162.5373438,40.66722867,40.8,-0.97236992,0.233445364,0
162.5373438,40.66722867,50.4,-0.97236992,0.233445364,0
162.5373438,40.66722867,47.2,-0.97236992,0.233445364,0
162.5373438,40.66722867,44,-0.97236992,0.233445364,0
163.2843689,37.55564493,40.8,-0.97236992,0.233445364,0
163.2843689,37.55564493,44,-0.97236992,0.233445364,0
163.2843689,37.55564493,50.4,-0.97236992,0.233445364,0
163.2843689,37.55564493,47.2,-0.97236992,0.233445364,0
164.0313941,34.44406118,50.4,-0.97236992,0.233445364,0
163.2843689,37.55564493,34.4,-0.97236992,0.233445364,0
164.0313941,34.44406118,47.2,-0.97236992,0.233445364,0
164.0313941,34.44406118,44,-0.97236992,0.233445364,0
164.0313941,34.44406118,40.8,-0.97236992,0.233445364,0
164.7784192,31.33247744,47.2,-0.97236992,0.233445364,0
164.7784192,31.33247744,50.4,-0.97236992,0.233445364,0
165.5254444,28.22089369,50.4,-0.97236992,0.233445364,0
164.7784192,31.33247744,40.8,-0.97236992,0.233445364,0
165.5254444,28.22089369,47.2,-0.97236992,0.233445364,0
164.7784192,31.33247744,44,-0.97236992,0.233445364,0
165.5254444,28.22089369,40.8,-0.97236992,0.233445364,0
165.5254444,28.22089369,44,-0.97236992,0.233445364,0
164.0313941,34.44406118,31.2,-0.97236992,0.233445364,0
164.7784192,31.33247744,31.2,-0.97236992,0.233445364,0
164.7784192,31.33247744,28,-0.97236992,0.233445364,0
164.7784192,31.33247744,37.6,-0.97236992,0.233445364,0
164.7784192,31.33247744,34.4,-0.97236992,0.233445364,0
165.5254444,28.22089369,31.2,-0.97236992,0.233445364,0
165.5254444,28.22089369,28,-0.97236992,0.233445364,0
164.0313941,34.44406118,28,-0.97236992,0.233445364,0
163.2843689,37.55564493,28,-0.97236992,0.233445364,0
164.0313941,34.44406118,37.6,-0.97236992,0.233445364,0
165.5254444,28.22089369,34.4,-0.97236992,0.233445364,0
164.0313941,34.44406118,34.4,-0.97236992,0.233445364,0
163.2843689,37.55564493,31.2,-0.97236992,0.233445364,0
165.5254444,28.22089369,37.6,-0.97236992,0.233445364,0
165.5254444,28.22089369,14.4,-0.97236992,0.233445364,0
164.7784192,31.33247744,14.4,-0.97236992,0.233445364,0
163.2843689,37.55564493,17.6,-0.97236992,0.233445364,0
164.7784192,31.33247744,17.6,-0.97236992,0.233445364,0
163.2843689,37.55564493,14.4,-0.97236992,0.233445364,0
165.5254444,28.22089369,20.8,-0.97236992,0.233445364,0
164.0313941,34.44406118,20.8,-0.97236992,0.233445364,0
165.5254444,28.22089369,24,-0.97236992,0.233445364,0
164.7784192,31.33247744,20.8,-0.97236992,0.233445364,0
162.5373438,40.66722867,14.4,-0.97236992,0.233445364,0
165.5254444,28.22089369,17.6,-0.97236992,0.233445364,0
162.5373438,40.66722867,17.6,-0.97236992,0.233445364,0
164.0313941,34.44406118,14.4,-0.97236992,0.233445364,0
164.0313941,34.44406118,24,-0.97236992,0.233445364,0
164.0313941,34.44406118,17.6,-0.97236992,0.233445364,0
164.7784192,31.33247744,24,-0.97236992,0.233445364,0
165.5254444,28.22089369,11.2,-0.97236992,0.233445364,0
165.5254444,28.22089369,4.8,-0.97236992,0.233445364,0
165.5254444,28.22089369,8,-0.97236992,0.233445364,0
165.5254444,28.22089369,1.6,-0.97236992,0.233445364,0
164.7784192,31.33247744,8,-0.97236992,0.233445364,0
164.7784192,31.33247744,11.2,-0.97236992,0.233445364,0
164.7784192,31.33247744,4.8,-0.97236992,0.233445364,0
164.7784192,31.33247744,1.6,-0.97236992,0.233445364,0
164.0313941,34.44406118,11.2,-0.97236992,0.233445364,0
164.0313941,34.44406118,4.8,-0.97236992,0.233445364,0
164.0313941,34.44406118,8,-0.97236992,0.233445364,0
163.2843689,37.55564493,20.8,-0.97236992,0.233445364,0
164.0313941,34.44406118,1.6,-0.97236992,0.233445364,0
163.2843689,37.55564493,1.6,-0.97236992,0.233445364,0
163.2843689,37.55564493,4.8,-0.97236992,0.233445364,0
163.2843689,37.55564493,11.2,-0.97236992,0.233445364,0
163.2843689,37.55564493,8,-0.97236992,0.233445364,0
162.5373438,40.66722867,8,-0.97236992,0.233445364,0
162.5373438,40.66722867,4.8,-0.97236992,0.233445364,0
162.5373438,40.66722867,11.2,-0.97236992,0.233445364,0
162.5373438,40.66722867,1.6,-0.97236992,0.233445364,0
161.7903186,43.77881242,1.6,-0.97236992,0.233445364,0
163.2843689,37.55564493,24,-0.97236992,0.233445364,0
161.7903186,43.77881242,4.8,-0.97236992,0.233445364,0
161.0432934,46.89039617,1.6,-0.97236992,0.233445364,0
161.7903186,43.77881242,8,-0.97236992,0.233445364,0
161.0432934,46.89039617,4.8,-0.97236992,0.233445364,0
161.7903186,43.77881242,11.2,-0.97236992,0.233445364,0
160.2962683,50.00197991,1.6,-0.97236992,0.233445364,0
161.0432934,46.89039617,8,-0.97236992,0.233445364,0
160.2962683,50.00197991,4.8,-0.97236992,0.233445364,0
161.0432934,46.89039617,11.2,-0.97236992,0.233445364,0
160.2962683,50.00197991,8,-0.97236992,0.233445364,0
160.2962683,50.00197991,11.2,-0.97236992,0.233445364,0
161.7903186,43.77881242,24,-0.97236992,0.233445364,0
161.0432934,46.89039617,17.6,-0.97236992,0.233445364,0
161.0432934,46.89039617,24,-0.97236992,0.233445364,0
161.0432934,46.89039617,14.4,-0.97236992,0.233445364,0
161.0432934,46.89039617,20.8,-0.97236992,0.233445364,0
160.2962683,50.00197991,20.8,-0.97236992,0.233445364,0
160.2962683,50.00197991,24,-0.97236992,0.233445364,0
161.7903186,43.77881242,20.8,-0.97236992,0.233445364,0
162.5373438,40.66722867,20.8,-0.97236992,0.233445364,0
161.7903186,43.77881242,14.4,-0.97236992,0.233445364,0
160.2962683,50.00197991,17.6,-0.97236992,0.233445364,0
161.7903186,43.77881242,17.6,-0.97236992,0.233445364,0
162.5373438,40.66722867,24,-0.97236992,0.233445364,0
160.2962683,50.00197991,14.4,-0.97236992,0.233445364,0
166.1447882,24.31051162,37.6,-0.996917334,0.078459096,0
166.3958573,21.12037615,37.6,-0.996917334,0.078459096,0
166.6469264,17.93024068,28,-0.996917334,0.078459096,0
166.1447882,24.31051162,34.4,-0.996917334,0.078459096,0
166.8979955,14.74010522,34.4,-0.996917334,0.078459096,0
166.6469264,17.93024068,34.4,-0.996917334,0.078459096,0
166.8979955,14.74010522,37.6,-0.996917334,0.078459096,0
166.1447882,24.31051162,28,-0.996917334,0.078459096,0
166.3958573,21.12037615,31.2,-0.996917334,0.078459096,0
166.8979955,14.74010522,28,-0.996917334,0.078459096,0
166.3958573,21.12037615,34.4,-0.996917334,0.078459096,0
166.8979955,14.74010522,31.2,-0.996917334,0.078459096,0
166.6469264,17.93024068,37.6,-0.996917334,0.078459096,0
166.6469264,17.93024068,31.2,-0.996917334,0.078459096,0
166.1447882,24.31051162,31.2,-0.996917334,0.078459096,0
166.3958573,21.12037615,28,-0.996917334,0.078459096,0
166.1447882,24.31051162,40.8,-0.996917334,0.078459096,0
166.3958573,21.12037615,40.8,-0.996917334,0.078459096,0
166.1447882,24.31051162,44,-0.996917334,0.078459096,0
166.3958573,21.12037615,44,-0.996917334,0.078459096,0
166.1447882,24.31051162,50.4,-0.996917334,0.078459096,0
166.1447882,24.31051162,47.2,-0.996917334,0.078459096,0
166.3958573,21.12037615,50.4,-0.996917334,0.078459096,0
166.3958573,21.12037615,47.2,-0.996917334,0.078459096,0
166.6469264,17.93024068,40.8,-0.996917334,0.078459096,0
166.6469264,17.93024068,47.2,-0.996917334,0.078459096,0
166.6469264,17.93024068,44,-0.996917334,0.078459096,0
167.1490646,11.54996975,37.6,-0.996917334,0.078459096,0
166.6469264,17.93024068,50.4,-0.996917334,0.078459096,0
166.8979955,14.74010522,40.8,-0.996917334,0.078459096,0
166.8979955,14.74010522,50.4,-0.996917334,0.078459096,0
166.8979955,14.74010522,47.2,-0.996917334,0.078459096,0
166.8979955,14.74010522,44,-0.996917334,0.078459096,0
167.1490646,11.54996975,40.8,-0.996917334,0.078459096,0
167.1490646,11.54996975,44,-0.996917334,0.078459096,0
167.1490646,11.54996975,50.4,-0.996917334,0.078459096,0
167.1490646,11.54996975,47.2,-0.996917334,0.078459096,0
167.4001337,8.359834281,50.4,-0.996917334,0.078459096,0
167.1490646,11.54996975,34.4,-0.996917334,0.078459096,0
167.4001337,8.359834281,47.2,-0.996917334,0.078459096,0
167.4001337,8.359834281,44,-0.996917334,0.078459096,0
167.4001337,8.359834281,40.8,-0.996917334,0.078459096,0
167.6512028,5.169698813,47.2,-0.996917334,0.078459096,0
167.6512028,5.169698813,50.4,-0.996917334,0.078459096,0
167.9022719,1.979563345,50.4,-0.996917334,0.078459096,0
167.6512028,5.169698813,40.8,-0.996917334,0.078459096,0
167.9022719,1.979563345,47.2,-0.996917334,0.078459096,0
167.6512028,5.169698813,44,-0.996917334,0.078459096,0
167.9022719,1.979563345,40.8,-0.996917334,0.078459096,0
167.9022719,1.979563345,44,-0.996917334,0.078459096,0
167.4001337,8.359834281,31.2,-0.996917334,0.078459096,0
167.6512028,5.169698813,31.2,-0.996917334,0.078459096,0
167.6512028,5.169698813,28,-0.996917334,0.078459096,0
167.6512028,5.169698813,37.6,-0.996917334,0.078459096,0
167.6512028,5.169698813,34.4,-0.996917334,0.078459096,0
167.9022719,1.979563345,31.2,-0.996917334,0.078459096,0
167.9022719,1.979563345,28,-0.996917334,0.078459096,0
167.4001337,8.359834281,28,-0.996917334,0.078459096,0
167.1490646,11.54996975,28,-0.996917334,0.078459096,0
167.4001337,8.359834281,37.6,-0.996917334,0.078459096,0
167.9022719,1.979563345,34.4,-0.996917334,0.078459096,0
167.4001337,8.359834281,34.4,-0.996917334,0.078459096,0
167.1490646,11.54996975,31.2,-0.996917334,0.078459096,0
167.9022719,1.979563345,37.6,-0.996917334,0.078459096,0
167.9022719,1.979563345,14.4,-0.996917334,0.078459096,0
167.6512028,5.169698813,14.4,-0.996917334,0.078459096,0
167.1490646,11.54996975,17.6,-0.996917334,0.078459096,0
167.6512028,5.169698813,17.6,-0.996917334,0.078459096,0
167.1490646,11.54996975,14.4,-0.996917334,0.078459096,0
167.9022719,1.979563345,20.8,-0.996917334,0.078459096,0
167.4001337,8.359834281,20.8,-0.996917334,0.078459096,0
167.9022719,1.979563345,24,-0.996917334,0.078459096,0
167.6512028,5.169698813,20.8,-0.996917334,0.078459096,0
166.8979955,14.74010522,14.4,-0.996917334,0.078459096,0
167.9022719,1.979563345,17.6,-0.996917334,0.078459096,0
166.8979955,14.74010522,17.6,-0.996917334,0.078459096,0
167.4001337,8.359834281,14.4,-0.996917334,0.078459096,0
167.4001337,8.359834281,24,-0.996917334,0.078459096,0
167.4001337,8.359834281,17.6,-0.996917334,0.078459096,0
167.6512028,5.169698813,24,-0.996917334,0.078459096,0
167.9022719,1.979563345,11.2,-0.996917334,0.078459096,0
167.9022719,1.979563345,4.8,-0.996917334,0.078459096,0
167.9022719,1.979563345,8,-0.996917334,0.078459096,0
167.9022719,1.979563345,1.6,-0.996917334,0.078459096,0
167.6512028,5.169698813,8,-0.996917334,0.078459096,0
167.6512028,5.169698813,11.2,-0.996917334,0.078459096,0
167.6512028,5.169698813,4.8,-0.996917334,0.078459096,0
167.6512028,5.169698813,1.6,-0.996917334,0.078459096,0
167.4001337,8.359834281,11.2,-0.996917334,0.078459096,0
167.4001337,8.359834281,4.8,-0.996917334,0.078459096,0
167.4001337,8.359834281,8,-0.996917334,0.078459096,0
167.1490646,11.54996975,20.8,-0.996917334,0.078459096,0
167.4001337,8.359834281,1.6,-0.996917334,0.078459096,0
167.1490646,11.54996975,1.6,-0.996917334,0.078459096,0
167.1490646,11.54996975,4.8,-0.996917334,0.078459096,0
167.1490646,11.54996975,11.2,-0.996917334,0.078459096,0
167.1490646,11.54996975,8,-0.996917334,0.078459096,0
166.8979955,14.74010522,8,-0.996917334,0.078459096,0
166.8979955,14.74010522,4.8,-0.996917334,0.078459096,0
166.8979955,14.74010522,11.2,-0.996917334,0.078459096,0
166.8979955,14.74010522,1.6,-0.996917334,0.078459096,0
166.6469264,17.93024068,1.6,-0.996917334,0.078459096,0
167.1490646,11.54996975,24,-0.996917334,0.078459096,0
166.6469264,17.93024068,4.8,-0.996917334,0.078459096,0
166.3958573,21.12037615,1.6,-0.996917334,0.078459096,0
166.6469264,17.93024068,8,-0.996917334,0.078459096,0
166.3958573,21.12037615,4.8,-0.996917334,0.078459096,0
166.6469264,17.93024068,11.2,-0.996917334,0.078459096,0
166.1447882,24.31051162,1.6,-0.996917334,0.078459096,0
166.3958573,21.12037615,8,-0.996917334,0.078459096,0
166.1447882,24.31051162,4.8,-0.996917334,0.078459096,0
166.3958573,21.12037615,11.2,-0.996917334,0.078459096,0
166.1447882,24.31051162,8,-0.996917334,0.078459096,0
166.1447882,24.31051162,11.2,-0.996917334,0.078459096,0
166.6469264,17.93024068,24,-0.996917334,0.078459096,0
166.3958573,21.12037615,17.6,-0.996917334,0.078459096,0
166.3958573,21.12037615,24,-0.996917334,0.078459096,0
166.3958573,21.12037615,14.4,-0.996917334,0.078459096,0
166.3958573,21.12037615,20.8,-0.996917334,0.078459096,0
166.1447882,24.31051162,20.8,-0.996917334,0.078459096,0
166.1447882,24.31051162,24,-0.996917334,0.078459096,0
166.6469264,17.93024068,20.8,-0.996917334,0.078459096,0
166.8979955,14.74010522,20.8,-0.996917334,0.078459096,0
166.6469264,17.93024068,14.4,-0.996917334,0.078459096,0
166.1447882,24.31051162,17.6,-0.996917334,0.078459096,0
166.6469264,17.93024068,17.6,-0.996917334,0.078459096,0
166.8979955,14.74010522,24,-0.996917334,0.078459096,0
166.1447882,24.31051162,14.4,-0.996917334,0.078459096,0
167.902272,-1.979562146,37.6,-0.996917334,0.078459096,0
167.6512029,-5.169697614,37.6,-0.996917334,0.078459096,0
167.4001338,-8.359833082,28,-0.996917334,0.078459096,0
167.902272,-1.979562146,34.4,-0.996917334,0.078459096,0
167.1490647,-11.54996855,34.4,-0.996917334,0.078459096,0
167.4001338,-8.359833082,34.4,-0.996917334,0.078459096,0
167.1490647,-11.54996855,37.6,-0.996917334,0.078459096,0
167.902272,-1.979562146,28,-0.996917334,0.078459096,0
167.6512029,-5.169697614,31.2,-0.996917334,0.078459096,0
167.1490647,-11.54996855,28,-0.996917334,0.078459096,0
167.6512029,-5.169697614,34.4,-0.996917334,0.078459096,0
167.1490647,-11.54996855,31.2,-0.996917334,0.078459096,0
167.4001338,-8.359833082,37.6,-0.996917334,0.078459096,0
167.4001338,-8.359833082,31.2,-0.996917334,0.078459096,0
167.902272,-1.979562146,31.2,-0.996917334,0.078459096,0
167.6512029,-5.169697614,28,-0.996917334,0.078459096,0
167.902272,-1.979562146,40.8,-0.996917334,0.078459096,0
167.6512029,-5.169697614,40.8,-0.996917334,0.078459096,0
167.902272,-1.979562146,44,-0.996917334,0.078459096,0
167.6512029,-5.169697614,44,-0.996917334,0.078459096,0
167.902272,-1.979562146,50.4,-0.996917334,0.078459096,0
167.902272,-1.979562146,47.2,-0.996917334,0.078459096,0
167.6512029,-5.169697614,50.4,-0.996917334,0.078459096,0
167.6512029,-5.169697614,47.2,-0.996917334,0.078459096,0
167.4001338,-8.359833082,40.8,-0.996917334,0.078459096,0
167.4001338,-8.359833082,47.2,-0.996917334,0.078459096,0
167.4001338,-8.359833082,44,-0.996917334,0.078459096,0
166.8979956,-14.74010402,37.6,-0.996917334,0.078459096,0
167.4001338,-8.359833082,50.4,-0.996917334,0.078459096,0
167.1490647,-11.54996855,40.8,-0.996917334,0.078459096,0
167.1490647,-11.54996855,50.4,-0.996917334,0.078459096,0
167.1490647,-11.54996855,47.2,-0.996917334,0.078459096,0
167.1490647,-11.54996855,44,-0.996917334,0.078459096,0
166.8979956,-14.74010402,40.8,-0.996917334,0.078459096,0
166.8979956,-14.74010402,44,-0.996917334,0.078459096,0
166.8979956,-14.74010402,50.4,-0.996917334,0.078459096,0
166.8979956,-14.74010402,47.2,-0.996917334,0.078459096,0
166.6469265,-17.93023949,50.4,-0.996917334,0.078459096,0
166.8979956,-14.74010402,34.4,-0.996917334,0.078459096,0
166.6469265,-17.93023949,47.2,-0.996917334,0.078459096,0
166.6469265,-17.93023949,44,-0.996917334,0.078459096,0
166.6469265,-17.93023949,40.8,-0.996917334,0.078459096,0
166.3958574,-21.12037495,47.2,-0.996917334,0.078459096,0
166.3958574,-21.12037495,50.4,-0.996917334,0.078459096,0
166.1447883,-24.31051042,50.4,-0.996917334,0.078459096,0
166.3958574,-21.12037495,40.8,-0.996917334,0.078459096,0
166.1447883,-24.31051042,47.2,-0.996917334,0.078459096,0
166.3958574,-21.12037495,44,-0.996917334,0.078459096,0
166.1447883,-24.31051042,40.8,-0.996917334,0.078459096,0
166.1447883,-24.31051042,44,-0.996917334,0.078459096,0
166.6469265,-17.93023949,31.2,-0.996917334,0.078459096,0
166.3958574,-21.12037495,31.2,-0.996917334,0.078459096,0
166.3958574,-21.12037495,28,-0.996917334,0.078459096,0
166.3958574,-21.12037495,37.6,-0.996917334,0.078459096,0
166.3958574,-21.12037495,34.4,-0.996917334,0.078459096,0
166.1447883,-24.31051042,31.2,-0.996917334,0.078459096,0
166.1447883,-24.31051042,28,-0.996917334,0.078459096,0
166.6469265,-17.93023949,28,-0.996917334,0.078459096,0
166.8979956,-14.74010402,28,-0.996917334,0.078459096,0
166.6469265,-17.93023949,37.6,-0.996917334,0.078459096,0
166.1447883,-24.31051042,34.4,-0.996917334,0.078459096,0
166.6469265,-17.93023949,34.4,-0.996917334,0.078459096,0
166.8979956,-14.74010402,31.2,-0.996917334,0.078459096,0
166.1447883,-24.31051042,37.6,-0.996917334,0.078459096,0
166.1447883,-24.31051042,14.4,-0.996917334,0.078459096,0
166.3958574,-21.12037495,14.4,-0.996917334,0.078459096,0
166.8979956,-14.74010402,17.6,-0.996917334,0.078459096,0
166.3958574,-21.12037495,17.6,-0.996917334,0.078459096,0
166.8979956,-14.74010402,14.4,-0.996917334,0.078459096,0
166.1447883,-24.31051042,20.8,-0.996917334,0.078459096,0
166.6469265,-17.93023949,20.8,-0.996917334,0.078459096,0
166.1447883,-24.31051042,24,-0.996917334,0.078459096,0
166.3958574,-21.12037495,20.8,-0.996917334,0.078459096,0
167.1490647,-11.54996855,14.4,-0.996917334,0.078459096,0
166.1447883,-24.31051042,17.6,-0.996917334,0.078459096,0
167.1490647,-11.54996855,17.6,-0.996917334,0.078459096,0
166.6469265,-17.93023949,14.4,-0.996917334,0.078459096,0
166.6469265,-17.93023949,24,-0.996917334,0.078459096,0
166.6469265,-17.93023949,17.6,-0.996917334,0.078459096,0
166.3958574,-21.12037495,24,-0.996917334,0.078459096,0
166.1447883,-24.31051042,11.2,-0.996917334,0.078459096,0
166.1447883,-24.31051042,4.8,-0.996917334,0.078459096,0
166.1447883,-24.31051042,8,-0.996917334,0.078459096,0
166.1447883,-24.31051042,1.6,-0.996917334,0.078459096,0
166.3958574,-21.12037495,8,-0.996917334,0.078459096,0
166.3958574,-21.12037495,11.2,-0.996917334,0.078459096,0
166.3958574,-21.12037495,4.8,-0.996917334,0.078459096,0
166.3958574,-21.12037495,1.6,-0.996917334,0.078459096,0
166.6469265,-17.93023949,11.2,-0.996917334,0.078459096,0
166.6469265,-17.93023949,4.8,-0.996917334,0.078459096,0
166.6469265,-17.93023949,8,-0.996917334,0.078459096,0
166.8979956,-14.74010402,20.8,-0.996917334,0.078459096,0
166.6469265,-17.93023949,1.6,-0.996917334,0.078459096,0
166.8979956,-14.74010402,1.6,-0.996917334,0.078459096,0
166.8979956,-14.74010402,4.8,-0.996917334,0.078459096,0
166.8979956,-14.74010402,11.2,-0.996917334,0.078459096,0
166.8979956,-14.74010402,8,-0.996917334,0.078459096,0
167.1490647,-11.54996855,8,-0.996917334,0.078459096,0
167.1490647,-11.54996855,4.8,-0.996917334,0.078459096,0
167.1490647,-11.54996855,11.2,-0.996917334,0.078459096,0
167.1490647,-11.54996855,1.6,-0.996917334,0.078459096,0
167.4001338,-8.359833082,1.6,-0.996917334,0.078459096,0
166.8979956,-14.74010402,24,-0.996917334,0.078459096,0
167.4001338,-8.359833082,4.8,-0.996917334,0.078459096,0
167.6512029,-5.169697614,1.6,-0.996917334,0.078459096,0
167.4001338,-8.359833082,8,-0.996917334,0.078459096,0
167.6512029,-5.169697614,4.8,-0.996917334,0.078459096,0
167.4001338,-8.359833082,11.2,-0.996917334,0.078459096,0
167.902272,-1.979562146,1.6,-0.996917334,0.078459096,0
167.6512029,-5.169697614,8,-0.996917334,0.078459096,0
167.902272,-1.979562146,4.8,-0.996917334,0.078459096,0
167.6512029,-5.169697614,11.2,-0.996917334,0.078459096,0
167.902272,-1.979562146,8,-0.996917334,0.078459096,0
167.902272,-1.979562146,11.2,-0.996917334,0.078459096,0
167.4001338,-8.359833082,24,-0.996917334,0.078459096,0
167.6512029,-5.169697614,17.6,-0.996917334,0.078459096,0
167.6512029,-5.169697614,24,-0.996917334,0.078459096,0
167.6512029,-5.169697614,14.4,-0.996917334,0.078459096,0
167.6512029,-5.169697614,20.8,-0.996917334,0.078459096,0
167.902272,-1.979562146,20.8,-0.996917334,0.078459096,0
167.902272,-1.979562146,24,-0.996917334,0.078459096,0
167.4001338,-8.359833082,20.8,-0.996917334,0.078459096,0
167.1490647,-11.54996855,20.8,-0.996917334,0.078459096,0
167.4001338,-8.359833082,14.4,-0.996917334,0.078459096,0
167.902272,-1.979562146,17.6,-0.996917334,0.078459096,0
167.4001338,-8.359833082,17.6,-0.996917334,0.078459096,0
167.1490647,-11.54996855,24,-0.996917334,0.078459096,0
167.902272,-1.979562146,14.4,-0.996917334,0.078459096,0
165.5254447,-28.22089252,37.6,-0.97236992,0.233445364,0
164.7784195,-31.33247627,37.6,-0.97236992,0.233445364,0
164.0313944,-34.44406001,28,-0.97236992,0.233445364,0
165.5254447,-28.22089252,34.4,-0.97236992,0.233445364,0
163.2843692,-37.55564376,34.4,-0.97236992,0.233445364,0
164.0313944,-34.44406001,34.4,-0.97236992,0.233445364,0
163.2843692,-37.55564376,37.6,-0.97236992,0.233445364,0
165.5254447,-28.22089252,28,-0.97236992,0.233445364,0
164.7784195,-31.33247627,31.2,-0.97236992,0.233445364,0
163.2843692,-37.55564376,28,-0.97236992,0.233445364,0
164.7784195,-31.33247627,34.4,-0.97236992,0.233445364,0
163.2843692,-37.55564376,31.2,-0.97236992,0.233445364,0
164.0313944,-34.44406001,37.6,-0.97236992,0.233445364,0
164.0313944,-34.44406001,31.2,-0.97236992,0.233445364,0
165.5254447,-28.22089252,31.2,-0.97236992,0.233445364,0
164.7784195,-31.33247627,28,-0.97236992,0.233445364,0
165.5254447,-28.22089252,40.8,-0.97236992,0.233445364,0
164.7784195,-31.33247627,40.8,-0.97236992,0.233445364,0
165.5254447,-28.22089252,44,-0.97236992,0.233445364,0
164.7784195,-31.33247627,44,-0.97236992,0.233445364,0
165.5254447,-28.22089252,50.4,-0.97236992,0.233445364,0
165.5254447,-28.22089252,47.2,-0.97236992,0.233445364,0
164.7784195,-31.33247627,50.4,-0.97236992,0.233445364,0
164.7784195,-31.33247627,47.2,-0.97236992,0.233445364,0
164.0313944,-34.44406001,40.8,-0.97236992,0.233445364,0
164.0313944,-34.44406001,47.2,-0.97236992,0.233445364,0
164.0313944,-34.44406001,44,-0.97236992,0.233445364,0
162.537344,-40.6672275,37.6,-0.97236992,0.233445364,0
164.0313944,-34.44406001,50.4,-0.97236992,0.233445364,0
163.2843692,-37.55564376,40.8,-0.97236992,0.233445364,0
163.2843692,-37.55564376,50.4,-0.97236992,0.233445364,0
163.2843692,-37.55564376,47.2,-0.97236992,0.233445364,0
163.2843692,-37.55564376,44,-0.97236992,0.233445364,0
162.537344,-40.6672275,40.8,-0.97236992,0.233445364,0
162.537344,-40.6672275,44,-0.97236992,0.233445364,0
162.537344,-40.6672275,50.4,-0.97236992,0.233445364,0
162.537344,-40.6672275,47.2,-0.97236992,0.233445364,0
161.7903189,-43.77881125,50.4,-0.97236992,0.233445364,0
162.537344,-40.6672275,34.4,-0.97236992,0.233445364,0
161.7903189,-43.77881125,47.2,-0.97236992,0.233445364,0
161.7903189,-43.77881125,44,-0.97236992,0.233445364,0
161.7903189,-43.77881125,40.8,-0.97236992,0.233445364,0
161.0432937,-46.890395,47.2,-0.97236992,0.233445364,0
161.0432937,-46.890395,50.4,-0.97236992,0.233445364,0
160.2962685,-50.00197874,50.4,-0.97236992,0.233445364,0
161.0432937,-46.890395,40.8,-0.97236992,0.233445364,0
160.2962685,-50.00197874,47.2,-0.97236992,0.233445364,0
161.0432937,-46.890395,44,-0.97236992,0.233445364,0
160.2962685,-50.00197874,40.8,-0.97236992,0.233445364,0
160.2962685,-50.00197874,44,-0.97236992,0.233445364,0
161.7903189,-43.77881125,31.2,-0.97236992,0.233445364,0
161.0432937,-46.890395,31.2,-0.97236992,0.233445364,0
161.0432937,-46.890395,28,-0.97236992,0.233445364,0
161.0432937,-46.890395,37.6,-0.97236992,0.233445364,0
161.0432937,-46.890395,34.4,-0.97236992,0.233445364,0
160.2962685,-50.00197874,31.2,-0.97236992,0.233445364,0
160.2962685,-50.00197874,28,-0.97236992,0.233445364,0
161.7903189,-43.77881125,28,-0.97236992,0.233445364,0
162.537344,-40.6672275,28,-0.97236992,0.233445364,0
161.7903189,-43.77881125,37.6,-0.97236992,0.233445364,0
160.2962685,-50.00197874,34.4,-0.97236992,0.233445364,0
161.7903189,-43.77881125,34.4,-0.97236992,0.233445364,0
162.537344,-40.6672275,31.2,-0.97236992,0.233445364,0
160.2962685,-50.00197874,37.6,-0.97236992,0.233445364,0
160.2962685,-50.00197874,14.4,-0.97236992,0.233445364,0
161.0432937,-46.890395,14.4,-0.97236992,0.233445364,0
162.537344,-40.6672275,17.6,-0.97236992,0.233445364,0
161.0432937,-46.890395,17.6,-0.97236992,0.233445364,0
162.537344,-40.6672275,14.4,-0.97236992,0.233445364,0
160.2962685,-50.00197874,20.8,-0.97236992,0.233445364,0
161.7903189,-43.77881125,20.8,-0.97236992,0.233445364,0
160.2962685,-50.00197874,24,-0.97236992,0.233445364,0
161.0432937,-46.890395,20.8,-0.97236992,0.233445364,0
163.2843692,-37.55564376,14.4,-0.97236992,0.233445364,0
160.2962685,-50.00197874,17.6,-0.97236992,0.233445364,0
163.2843692,-37.55564376,17.6,-0.97236992,0.233445364,0
161.7903189,-43.77881125,14.4,-0.97236992,0.233445364,0
161.7903189,-43.77881125,24,-0.97236992,0.233445364,0
161.7903189,-43.77881125,17.6,-0.97236992,0.233445364,0
161.0432937,-46.890395,24,-0.97236992,0.233445364,0
160.2962685,-50.00197874,11.2,-0.97236992,0.233445364,0
160.2962685,-50.00197874,4.8,-0.97236992,0.233445364,0
160.2962685,-50.00197874,8,-0.97236992,0.233445364,0
160.2962685,-50.00197874,1.6,-0.97236992,0.233445364,0
161.0432937,-46.890395,8,-0.97236992,0.233445364,0
161.0432937,-46.890395,11.2,-0.97236992,0.233445364,0
161.0432937,-46.890395,4.8,-0.97236992,0.233445364,0
161.0432937,-46.890395,1.6,-0.97236992,0.233445364,0
161.7903189,-43.77881125,11.2,-0.97236992,0.233445364,0
161.7903189,-43.77881125,4.8,-0.97236992,0.233445364,0
161.7903189,-43.77881125,8,-0.97236992,0.233445364,0
162.537344,-40.6672275,20.8,-0.97236992,0.233445364,0
161.7903189,-43.77881125,1.6,-0.97236992,0.233445364,0
162.537344,-40.6672275,1.6,-0.97236992,0.233445364,0
162.537344,-40.6672275,4.8,-0.97236992,0.233445364,0
162.537344,-40.6672275,11.2,-0.97236992,0.233445364,0
162.537344,-40.6672275,8,-0.97236992,0.233445364,0
163.2843692,-37.55564376,8,-0.97236992,0.233445364,0
163.2843692,-37.55564376,4.8,-0.97236992,0.233445364,0
163.2843692,-37.55564376,11.2,-0.97236992,0.233445364,0
163.2843692,-37.55564376,1.6,-0.97236992,0.233445364,0
164.0313944,-34.44406001,1.6,-0.97236992,0.233445364,0
162.537344,-40.6672275,24,-0.97236992,0.233445364,0
164.0313944,-34.44406001,4.8,-0.97236992,0.233445364,0
164.7784195,-31.33247627,1.6,-0.97236992,0.233445364,0
164.0313944,-34.44406001,8,-0.97236992,0.233445364,0
164.7784195,-31.33247627,4.8,-0.97236992,0.233445364,0
164.0313944,-34.44406001,11.2,-0.97236992,0.233445364,0
165.5254447,-28.22089252,1.6,-0.97236992,0.233445364,0
164.7784195,-31.33247627,8,-0.97236992,0.233445364,0
165.5254447,-28.22089252,4.8,-0.97236992,0.233445364,0
164.7784195,-31.33247627,11.2,-0.97236992,0.233445364,0
165.5254447,-28.22089252,8,-0.97236992,0.233445364,0
165.5254447,-28.22089252,11.2,-0.97236992,0.233445364,0
164.0313944,-34.44406001,24,-0.97236992,0.233445364,0
164.7784195,-31.33247627,17.6,-0.97236992,0.233445364,0
164.7784195,-31.33247627,24,-0.97236992,0.233445364,0
164.7784195,-31.33247627,14.4,-0.97236992,0.233445364,0
164.7784195,-31.33247627,20.8,-0.97236992,0.233445364,0
165.5254447,-28.22089252,20.8,-0.97236992,0.233445364,0
165.5254447,-28.22089252,24,-0.97236992,0.233445364,0
164.0313944,-34.44406001,20.8,-0.97236992,0.233445364,0
163.2843692,-37.55564376,20.8,-0.97236992,0.233445364,0
164.0313944,-34.44406001,14.4,-0.97236992,0.233445364,0
165.5254447,-28.22089252,17.6,-0.97236992,0.233445364,0
164.0313944,-34.44406001,17.6,-0.97236992,0.233445364,0
163.2843692,-37.55564376,24,-0.97236992,0.233445364,0
165.5254447,-28.22089252,14.4,-0.97236992,0.233445364,0
150.5007222,74.46223351,90.4,-0.923879533,0.382683432,0
151.7253092,71.50581901,90.4,-0.923879533,0.382683432,0
152.9498962,68.5494045,80.8,-0.923879533,0.382683432,0
150.5007222,74.46223351,87.2,-0.923879533,0.382683432,0
154.1744832,65.59299,87.2,-0.923879533,0.382683432,0
152.9498962,68.5494045,87.2,-0.923879533,0.382683432,0
154.1744832,65.59299,90.4,-0.923879533,0.382683432,0
150.5007222,74.46223351,80.8,-0.923879533,0.382683432,0
151.7253092,71.50581901,84,-0.923879533,0.382683432,0
154.1744832,65.59299,80.8,-0.923879533,0.382683432,0
151.7253092,71.50581901,87.2,-0.923879533,0.382683432,0
154.1744832,65.59299,84,-0.923879533,0.382683432,0
152.9498962,68.5494045,90.4,-0.923879533,0.382683432,0
152.9498962,68.5494045,84,-0.923879533,0.382683432,0
150.5007222,74.46223351,84,-0.923879533,0.382683432,0
151.7253092,71.50581901,80.8,-0.923879533,0.382683432,0
150.5007222,74.46223351,93.6,-0.923879533,0.382683432,0
151.7253092,71.50581901,93.6,-0.923879533,0.382683432,0
150.5007222,74.46223351,96.8,-0.923879533,0.382683432,0
151.7253092,71.50581901,96.8,-0.923879533,0.382683432,0
150.5007222,74.46223351,103.2,-0.923879533,0.382683432,0
150.5007222,74.46223351,100,-0.923879533,0.382683432,0
151.7253092,71.50581901,103.2,-0.923879533,0.382683432,0
151.7253092,71.50581901,100,-0.923879533,0.382683432,0
152.9498962,68.5494045,93.6,-0.923879533,0.382683432,0
152.9498962,68.5494045,100,-0.923879533,0.382683432,0
152.9498962,68.5494045,96.8,-0.923879533,0.382683432,0
155.3990702,62.63657549,90.4,-0.923879533,0.382683432,0
152.9498962,68.5494045,103.2,-0.923879533,0.382683432,0
154.1744832,65.59299,93.6,-0.923879533,0.382683432,0
154.1744832,65.59299,103.2,-0.923879533,0.382683432,0
154.1744832,65.59299,100,-0.923879533,0.382683432,0
154.1744832,65.59299,96.8,-0.923879533,0.382683432,0
155.3990702,62.63657549,93.6,-0.923879533,0.382683432,0
155.3990702,62.63657549,96.8,-0.923879533,0.382683432,0
155.3990702,62.63657549,103.2,-0.923879533,0.382683432,0
155.3990702,62.63657549,100,-0.923879533,0.382683432,0
156.6236571,59.68016099,103.2,-0.923879533,0.382683432,0
155.3990702,62.63657549,87.2,-0.923879533,0.382683432,0
156.6236571,59.68016099,100,-0.923879533,0.382683432,0
156.6236571,59.68016099,96.8,-0.923879533,0.382683432,0
156.6236571,59.68016099,93.6,-0.923879533,0.382683432,0
157.8482441,56.72374648,100,-0.923879533,0.382683432,0
157.8482441,56.72374648,103.2,-0.923879533,0.382683432,0
159.0728311,53.76733198,103.2,-0.923879533,0.382683432,0
157.8482441,56.72374648,93.6,-0.923879533,0.382683432,0
159.0728311,53.76733198,100,-0.923879533,0.382683432,0
157.8482441,56.72374648,96.8,-0.923879533,0.382683432,0
159.0728311,53.76733198,93.6,-0.923879533,0.382683432,0
159.0728311,53.76733198,96.8,-0.923879533,0.382683432,0
156.6236571,59.68016099,84,-0.923879533,0.382683432,0
157.8482441,56.72374648,84,-0.923879533,0.382683432,0
157.8482441,56.72374648,80.8,-0.923879533,0.382683432,0
157.8482441,56.72374648,90.4,-0.923879533,0.382683432,0
157.8482441,56.72374648,87.2,-0.923879533,0.382683432,0
159.0728311,53.76733198,84,-0.923879533,0.382683432,0
159.0728311,53.76733198,80.8,-0.923879533,0.382683432,0
156.6236571,59.68016099,80.8,-0.923879533,0.382683432,0
155.3990702,62.63657549,80.8,-0.923879533,0.382683432,0
156.6236571,59.68016099,90.4,-0.923879533,0.382683432,0
159.0728311,53.76733198,87.2,-0.923879533,0.382683432,0
156.6236571,59.68016099,87.2,-0.923879533,0.382683432,0
155.3990702,62.63657549,84,-0.923879533,0.382683432,0
159.0728311,53.76733198,90.4,-0.923879533,0.382683432,0
159.0728311,53.76733198,67.2,-0.923879533,0.382683432,0
157.8482441,56.72374648,67.2,-0.923879533,0.382683432,0
155.3990702,62.63657549,70.4,-0.923879533,0.382683432,0
157.8482441,56.72374648,70.4,-0.923879533,0.382683432,0
155.3990702,62.63657549,67.2,-0.923879533,0.382683432,0
159.0728311,53.76733198,73.6,-0.923879533,0.382683432,0
156.6236571,59.68016099,73.6,-0.923879533,0.382683432,0
159.0728311,53.76733198,76.8,-0.923879533,0.382683432,0
157.8482441,56.72374648,73.6,-0.923879533,0.382683432,0
154.1744832,65.59299,67.2,-0.923879533,0.382683432,0
159.0728311,53.76733198,70.4,-0.923879533,0.382683432,0
154.1744832,65.59299,70.4,-0.923879533,0.382683432,0
156.6236571,59.68016099,67.2,-0.923879533,0.382683432,0
156.6236571,59.68016099,76.8,-0.923879533,0.382683432,0
156.6236571,59.68016099,70.4,-0.923879533,0.382683432,0
157.8482441,56.72374648,76.8,-0.923879533,0.382683432,0
159.0728311,53.76733198,64,-0.923879533,0.382683432,0
159.0728311,53.76733198,57.6,-0.923879533,0.382683432,0
159.0728311,53.76733198,60.8,-0.923879533,0.382683432,0
159.0728311,53.76733198,54.4,-0.923879533,0.382683432,0
157.8482441,56.72374648,60.8,-0.923879533,0.382683432,0
157.8482441,56.72374648,64,-0.923879533,0.382683432,0
157.8482441,56.72374648,57.6,-0.923879533,0.382683432,0
157.8482441,56.72374648,54.4,-0.923879533,0.382683432,0
156.6236571,59.68016099,64,-0.923879533,0.382683432,0
156.6236571,59.68016099,57.6,-0.923879533,0.382683432,0
156.6236571,59.68016099,60.8,-0.923879533,0.382683432,0
155.3990702,62.63657549,73.6,-0.923879533,0.382683432,0
156.6236571,59.68016099,54.4,-0.923879533,0.382683432,0
155.3990702,62.63657549,54.4,-0.923879533,0.382683432,0
155.3990702,62.63657549,57.6,-0.923879533,0.382683432,0
155.3990702,62.63657549,64,-0.923879533,0.382683432,0
155.3990702,62.63657549,60.8,-0.923879533,0.382683432,0
154.1744832,65.59299,60.8,-0.923879533,0.382683432,0
154.1744832,65.59299,57.6,-0.923879533,0.382683432,0
154.1744832,65.59299,64,-0.923879533,0.382683432,0
154.1744832,65.59299,54.4,-0.923879533,0.382683432,0
152.9498962,68.5494045,54.4,-0.923879533,0.382683432,0
155.3990702,62.63657549,76.8,-0.923879533,0.382683432,0
152.9498962,68.5494045,57.6,-0.923879533,0.382683432,0
151.7253092,71.50581901,54.4,-0.923879533,0.382683432,0
152.9498962,68.5494045,60.8,-0.923879533,0.382683432,0
151.7253092,71.50581901,57.6,-0.923879533,0.382683432,0
152.9498962,68.5494045,64,-0.923879533,0.382683432,0
150.5007222,74.46223351,54.4,-0.923879533,0.382683432,0
151.7253092,71.50581901,60.8,-0.923879533,0.382683432,0
150.5007222,74.46223351,57.6,-0.923879533,0.382683432,0
151.7253092,71.50581901,64,-0.923879533,0.382683432,0
150.5007222,74.46223351,60.8,-0.923879533,0.382683432,0
150.5007222,74.46223351,64,-0.923879533,0.382683432,0
152.9498962,68.5494045,76.8,-0.923879533,0.382683432,0
151.7253092,71.50581901,70.4,-0.923879533,0.382683432,0
151.7253092,71.50581901,76.8,-0.923879533,0.382683432,0
151.7253092,71.50581901,67.2,-0.923879533,0.382683432,0
151.7253092,71.50581901,73.6,-0.923879533,0.382683432,0
150.5007222,74.46223351,73.6,-0.923879533,0.382683432,0
150.5007222,74.46223351,76.8,-0.923879533,0.382683432,0
152.9498962,68.5494045,73.6,-0.923879533,0.382683432,0
154.1744832,65.59299,73.6,-0.923879533,0.382683432,0
152.9498962,68.5494045,67.2,-0.923879533,0.382683432,0
150.5007222,74.46223351,70.4,-0.923879533,0.382683432,0
152.9498962,68.5494045,70.4,-0.923879533,0.382683432,0
154.1744832,65.59299,76.8,-0.923879533,0.382683432,0
150.5007222,74.46223351,67.2,-0.923879533,0.382683432,0
136.999349,97.0889798,90.4,-0.852640165,0.522498564,0
138.6713444,94.36053127,90.4,-0.852640165,0.522498564,0
140.3433398,91.63208275,80.8,-0.852640165,0.522498564,0
136.999349,97.0889798,87.2,-0.852640165,0.522498564,0
142.0153352,88.90363422,87.2,-0.852640165,0.522498564,0
140.3433398,91.63208275,87.2,-0.852640165,0.522498564,0
142.0153352,88.90363422,90.4,-0.852640165,0.522498564,0
136.999349,97.0889798,80.8,-0.852640165,0.522498564,0
138.6713444,94.36053127,84,-0.852640165,0.522498564,0
142.0153352,88.90363422,80.8,-0.852640165,0.522498564,0
138.6713444,94.36053127,87.2,-0.852640165,0.522498564,0
142.0153352,88.90363422,84,-0.852640165,0.522498564,0
140.3433398,91.63208275,90.4,-0.852640165,0.522498564,0
140.3433398,91.63208275,84,-0.852640165,0.522498564,0
136.999349,97.0889798,84,-0.852640165,0.522498564,0
138.6713444,94.36053127,80.8,-0.852640165,0.522498564,0
136.999349,97.0889798,93.6,-0.852640165,0.522498564,0
138.6713444,94.36053127,93.6,-0.852640165,0.522498564,0
136.999349,97.0889798,96.8,-0.852640165,0.522498564,0
138.6713444,94.36053127,96.8,-0.852640165,0.522498564,0
136.999349,97.0889798,103.2,-0.852640165,0.522498564,0
136.999349,97.0889798,100,-0.852640165,0.522498564,0
138.6713444,94.36053127,103.2,-0.852640165,0.522498564,0
138.6713444,94.36053127,100,-0.852640165,0.522498564,0
140.3433398,91.63208275,93.6,-0.852640165,0.522498564,0
140.3433398,91.63208275,100,-0.852640165,0.522498564,0
140.3433398,91.63208275,96.8,-0.852640165,0.522498564,0
143.6873306,86.17518569,90.4,-0.852640165,0.522498564,0
140.3433398,91.63208275,103.2,-0.852640165,0.522498564,0
142.0153352,88.90363422,93.6,-0.852640165,0.522498564,0
142.0153352,88.90363422,103.2,-0.852640165,0.522498564,0
142.0153352,88.90363422,100,-0.852640165,0.522498564,0
142.0153352,88.90363422,96.8,-0.852640165,0.522498564,0
143.6873306,86.17518569,93.6,-0.852640165,0.522498564,0
143.6873306,86.17518569,96.8,-0.852640165,0.522498564,0
143.6873306,86.17518569,103.2,-0.852640165,0.522498564,0
143.6873306,86.17518569,100,-0.852640165,0.522498564,0
145.359326,83.44673717,103.2,-0.852640165,0.522498564,0
143.6873306,86.17518569,87.2,-0.852640165,0.522498564,0
145.359326,83.44673717,100,-0.852640165,0.522498564,0
145.359326,83.44673717,96.8,-0.852640165,0.522498564,0
145.359326,83.44673717,93.6,-0.852640165,0.522498564,0
147.0313214,80.71828864,100,-0.852640165,0.522498564,0
147.0313214,80.71828864,103.2,-0.852640165,0.522498564,0
148.7033168,77.98984011,103.2,-0.852640165,0.522498564,0
147.0313214,80.71828864,93.6,-0.852640165,0.522498564,0
148.7033168,77.98984011,100,-0.852640165,0.522498564,0
147.0313214,80.71828864,96.8,-0.852640165,0.522498564,0
148.7033168,77.98984011,93.6,-0.852640165,0.522498564,0
148.7033168,77.98984011,96.8,-0.852640165,0.522498564,0
145.359326,83.44673717,84,-0.852640165,0.522498564,0
147.0313214,80.71828864,84,-0.852640165,0.522498564,0
147.0313214,80.71828864,80.8,-0.852640165,0.522498564,0
147.0313214,80.71828864,90.4,-0.852640165,0.522498564,0
147.0313214,80.71828864,87.2,-0.852640165,0.522498564,0
148.7033168,77.98984011,84,-0.852640165,0.522498564,0
148.7033168,77.98984011,80.8,-0.852640165,0.522498564,0
145.359326,83.44673717,80.8,-0.852640165,0.522498564,0
143.6873306,86.17518569,80.8,-0.852640165,0.522498564,0
145.359326,83.44673717,90.4,-0.852640165,0.522498564,0
148.7033168,77.98984011,87.2,-0.852640165,0.522498564,0
145.359326,83.44673717,87.2,-0.852640165,0.522498564,0
143.6873306,86.17518569,84,-0.852640165,0.522498564,0
148.7033168,77.98984011,90.4,-0.852640165,0.522498564,0
148.7033168,77.98984011,67.2,-0.852640165,0.522498564,0
147.0313214,80.71828864,67.2,-0.852640165,0.522498564,0
143.6873306,86.17518569,70.4,-0.852640165,0.522498564,0
147.0313214,80.71828864,70.4,-0.852640165,0.522498564,0
143.6873306,86.17518569,67.2,-0.852640165,0.522498564,0
148.7033168,77.98984011,73.6,-0.852640165,0.522498564,0
145.359326,83.44673717,73.6,-0.852640165,0.522498564,0
148.7033168,77.98984011,76.8,-0.852640165,0.522498564,0
147.0313214,80.71828864,73.6,-0.852640165,0.522498564,0
142.0153352,88.90363422,67.2,-0.852640165,0.522498564,0
148.7033168,77.98984011,70.4,-0.852640165,0.522498564,0
142.0153352,88.90363422,70.4,-0.852640165,0.522498564,0
145.359326,83.44673717,67.2,-0.852640165,0.522498564,0
145.359326,83.44673717,76.8,-0.852640165,0.522498564,0
145.359326,83.44673717,70.4,-0.852640165,0.522498564,0
147.0313214,80.71828864,76.8,-0.852640165,0.522498564,0
148.7033168,77.98984011,64,-0.852640165,0.522498564,0
148.7033168,77.98984011,57.6,-0.852640165,0.522498564,0
148.7033168,77.98984011,60.8,-0.852640165,0.522498564,0
148.7033168,77.98984011,54.4,-0.852640165,0.522498564,0
147.0313214,80.71828864,60.8,-0.852640165,0.522498564,0
147.0313214,80.71828864,64,-0.852640165,0.522498564,0
147.0313214,80.71828864,57.6,-0.852640165,0.522498564,0
147.0313214,80.71828864,54.4,-0.852640165,0.522498564,0
145.359326,83.44673717,64,-0.852640165,0.522498564,0
145.359326,83.44673717,57.6,-0.852640165,0.522498564,0
145.359326,83.44673717,60.8,-0.852640165,0.522498564,0
143.6873306,86.17518569,73.6,-0.852640165,0.522498564,0
145.359326,83.44673717,54.4,-0.852640165,0.522498564,0
143.6873306,86.17518569,54.4,-0.852640165,0.522498564,0
143.6873306,86.17518569,57.6,-0.852640165,0.522498564,0
143.6873306,86.17518569,64,-0.852640165,0.522498564,0
143.6873306,86.17518569,60.8,-0.852640165,0.522498564,0
142.0153352,88.90363422,60.8,-0.852640165,0.522498564,0
142.0153352,88.90363422,57.6,-0.852640165,0.522498564,0
142.0153352,88.90363422,64,-0.852640165,0.522498564,0
142.0153352,88.90363422,54.4,-0.852640165,0.522498564,0
140.3433398,91.63208275,54.4,-0.852640165,0.522498564,0
143.6873306,86.17518569,76.8,-0.852640165,0.522498564,0
140.3433398,91.63208275,57.6,-0.852640165,0.522498564,0
138.6713444,94.36053127,54.4,-0.852640165,0.522498564,0
140.3433398,91.63208275,60.8,-0.852640165,0.522498564,0
138.6713444,94.36053127,57.6,-0.852640165,0.522498564,0
140.3433398,91.63208275,64,-0.852640165,0.522498564,0
136.999349,97.0889798,54.4,-0.852640165,0.522498564,0
138.6713444,94.36053127,60.8,-0.852640165,0.522498564,0
136.999349,97.0889798,57.6,-0.852640165,0.522498564,0
138.6713444,94.36053127,64,-0.852640165,0.522498564,0
136.999349,97.0889798,60.8,-0.852640165,0.522498564,0
136.999349,97.0889798,64,-0.852640165,0.522498564,0
140.3433398,91.63208275,76.8,-0.852640165,0.522498564,0
138.6713444,94.36053127,70.4,-0.852640165,0.522498564,0
138.6713444,94.36053127,76.8,-0.852640165,0.522498564,0
138.6713444,94.36053127,67.2,-0.852640165,0.522498564,0
138.6713444,94.36053127,73.6,-0.852640165,0.522498564,0
136.999349,97.0889798,73.6,-0.852640165,0.522498564,0
136.999349,97.0889798,76.8,-0.852640165,0.522498564,0
140.3433398,91.63208275,73.6,-0.852640165,0.522498564,0
142.0153352,88.90363422,73.6,-0.852640165,0.522498564,0
140.3433398,91.63208275,67.2,-0.852640165,0.522498564,0
136.999349,97.0889798,70.4,-0.852640165,0.522498564,0
140.3433398,91.63208275,70.4,-0.852640165,0.522498564,0
142.0153352,88.90363422,76.8,-0.852640165,0.522498564,0
136.999349,97.0889798,67.2,-0.852640165,0.522498564,0
120.124597,117.3250732,90.4,-0.760405966,0.649448048,0
122.2028308,114.8917741,90.4,-0.760405966,0.649448048,0
124.2810645,112.458475,80.8,-0.760405966,0.649448048,0
120.124597,117.3250732,87.2,-0.760405966,0.649448048,0
126.3592983,110.0251759,87.2,-0.760405966,0.649448048,0
124.2810645,112.458475,87.2,-0.760405966,0.649448048,0
126.3592983,110.0251759,90.4,-0.760405966,0.649448048,0
120.124597,117.3250732,80.8,-0.760405966,0.649448048,0
122.2028308,114.8917741,84,-0.760405966,0.649448048,0
126.3592983,110.0251759,80.8,-0.760405966,0.649448048,0
122.2028308,114.8917741,87.2,-0.760405966,0.649448048,0
126.3592983,110.0251759,84,-0.760405966,0.649448048,0
124.2810645,112.458475,90.4,-0.760405966,0.649448048,0
124.2810645,112.458475,84,-0.760405966,0.649448048,0
120.124597,117.3250732,84,-0.760405966,0.649448048,0
122.2028308,114.8917741,80.8,-0.760405966,0.649448048,0
120.124597,117.3250732,93.6,-0.760405966,0.649448048,0
122.2028308,114.8917741,93.6,-0.760405966,0.649448048,0
120.124597,117.3250732,96.8,-0.760405966,0.649448048,0
122.2028308,114.8917741,96.8,-0.760405966,0.649448048,0
120.124597,117.3250732,103.2,-0.760405966,0.649448048,0
120.124597,117.3250732,100,-0.760405966,0.649448048,0
122.2028308,114.8917741,103.2,-0.760405966,0.649448048,0
122.2028308,114.8917741,100,-0.760405966,0.649448048,0
124.2810645,112.458475,93.6,-0.760405966,0.649448048,0
124.2810645,112.458475,100,-0.760405966,0.649448048,0
124.2810645,112.458475,96.8,-0.760405966,0.649448048,0
128.4375321,107.5918768,90.4,-0.760405966,0.649448048,0
124.2810645,112.458475,103.2,-0.760405966,0.649448048,0
126.3592983,110.0251759,93.6,-0.760405966,0.649448048,0
126.3592983,110.0251759,103.2,-0.760405966,0.649448048,0
126.3592983,110.0251759,100,-0.760405966,0.649448048,0
126.3592983,110.0251759,96.8,-0.760405966,0.649448048,0
128.4375321,107.5918768,93.6,-0.760405966,0.649448048,0
128.4375321,107.5918768,96.8,-0.760405966,0.649448048,0
128.4375321,107.5918768,103.2,-0.760405966,0.649448048,0
128.4375321,107.5918768,100,-0.760405966,0.649448048,0
130.5157658,105.1585777,103.2,-0.760405966,0.649448048,0
128.4375321,107.5918768,87.2,-0.760405966,0.649448048,0
130.5157658,105.1585777,100,-0.760405966,0.649448048,0
130.5157658,105.1585777,96.8,-0.760405966,0.649448048,0
130.5157658,105.1585777,93.6,-0.760405966,0.649448048,0
132.5939996,102.7252786,100,-0.760405966,0.649448048,0
132.5939996,102.7252786,103.2,-0.760405966,0.649448048,0
134.6722333,100.2919796,103.2,-0.760405966,0.649448048,0
132.5939996,102.7252786,93.6,-0.760405966,0.649448048,0
134.6722333,100.2919796,100,-0.760405966,0.649448048,0
132.5939996,102.7252786,96.8,-0.760405966,0.649448048,0
134.6722333,100.2919796,93.6,-0.760405966,0.649448048,0
134.6722333,100.2919796,96.8,-0.760405966,0.649448048,0
130.5157658,105.1585777,84,-0.760405966,0.649448048,0
132.5939996,102.7252786,84,-0.760405966,0.649448048,0
132.5939996,102.7252786,80.8,-0.760405966,0.649448048,0
132.5939996,102.7252786,90.4,-0.760405966,0.649448048,0
132.5939996,102.7252786,87.2,-0.760405966,0.649448048,0
134.6722333,100.2919796,84,-0.760405966,0.649448048,0
134.6722333,100.2919796,80.8,-0.760405966,0.649448048,0
130.5157658,105.1585777,80.8,-0.760405966,0.649448048,0
128.4375321,107.5918768,80.8,-0.760405966,0.649448048,0
130.5157658,105.1585777,90.4,-0.760405966,0.649448048,0
134.6722333,100.2919796,87.2,-0.760405966,0.649448048,0
130.5157658,105.1585777,87.2,-0.760405966,0.649448048,0
128.4375321,107.5918768,84,-0.760405966,0.649448048,0
134.6722333,100.2919796,90.4,-0.760405966,0.649448048,0
134.6722333,100.2919796,67.2,-0.760405966,0.649448048,0
132.5939996,102.7252786,67.2,-0.760405966,0.649448048,0
128.4375321,107.5918768,70.4,-0.760405966,0.649448048,0
132.5939996,102.7252786,70.4,-0.760405966,0.649448048,0
128.4375321,107.5918768,67.2,-0.760405966,0.649448048,0
134.6722333,100.2919796,73.6,-0.760405966,0.649448048,0
130.5157658,105.1585777,73.6,-0.760405966,0.649448048,0
134.6722333,100.2919796,76.8,-0.760405966,0.649448048,0
132.5939996,102.7252786,73.6,-0.760405966,0.649448048,0
126.3592983,110.0251759,67.2,-0.760405966,0.649448048,0
134.6722333,100.2919796,70.4,-0.760405966,0.649448048,0
126.3592983,110.0251759,70.4,-0.760405966,0.649448048,0
130.5157658,105.1585777,67.2,-0.760405966,0.649448048,0
130.5157658,105.1585777,76.8,-0.760405966,0.649448048,0
130.5157658,105.1585777,70.4,-0.760405966,0.649448048,0
132.5939996,102.7252786,76.8,-0.760405966,0.649448048,0
134.6722333,100.2919796,64,-0.760405966,0.649448048,0
134.6722333,100.2919796,57.6,-0.760405966,0.649448048,0
134.6722333,100.2919796,60.8,-0.760405966,0.649448048,0
134.6722333,100.2919796,54.4,-0.760405966,0.649448048,0
132.5939996,102.7252786,60.8,-0.760405966,0.649448048,0
132.5939996,102.7252786,64,-0.760405966,0.649448048,0
132.5939996,102.7252786,57.6,-0.760405966,0.649448048,0
132.5939996,102.7252786,54.4,-0.760405966,0.649448048,0
130.5157658,105.1585777,64,-0.760405966,0.649448048,0
130.5157658,105.1585777,57.6,-0.760405966,0.649448048,0
130.5157658,105.1585777,60.8,-0.760405966,0.649448048,0
128.4375321,107.5918768,73.6,-0.760405966,0.649448048,0
130.5157658,105.1585777,54.4,-0.760405966,0.649448048,0
128.4375321,107.5918768,54.4,-0.760405966,0.649448048,0
128.4375321,107.5918768,57.6,-0.760405966,0.649448048,0
128.4375321,107.5918768,64,-0.760405966,0.649448048,0
128.4375321,107.5918768,60.8,-0.760405966,0.649448048,0
126.3592983,110.0251759,60.8,-0.760405966,0.649448048,0
126.3592983,110.0251759,57.6,-0.760405966,0.649448048,0
126.3592983,110.0251759,64,-0.760405966,0.649448048,0
126.3592983,110.0251759,54.4,-0.760405966,0.649448048,0
124.2810645,112.458475,54.4,-0.760405966,0.649448048,0
128.4375321,107.5918768,76.8,-0.760405966,0.649448048,0
124.2810645,112.458475,57.6,-0.760405966,0.649448048,0
122.2028308,114.8917741,54.4,-0.760405966,0.649448048,0
124.2810645,112.458475,60.8,-0.760405966,0.649448048,0
122.2028308,114.8917741,57.6,-0.760405966,0.649448048,0
124.2810645,112.458475,64,-0.760405966,0.649448048,0
120.124597,117.3250732,54.4,-0.760405966,0.649448048,0
122.2028308,114.8917741,60.8,-0.760405966,0.649448048,0
120.124597,117.3250732,57.6,-0.760405966,0.649448048,0
122.2028308,114.8917741,64,-0.760405966,0.649448048,0
120.124597,117.3250732,60.8,-0.760405966,0.649448048,0
120.124597,117.3250732,64,-0.760405966,0.649448048,0
124.2810645,112.458475,76.8,-0.760405966,0.649448048,0
122.2028308,114.8917741,70.4,-0.760405966,0.649448048,0
122.2028308,114.8917741,76.8,-0.760405966,0.649448048,0
122.2028308,114.8917741,67.2,-0.760405966,0.649448048,0
122.2028308,114.8917741,73.6,-0.760405966,0.649448048,0
120.124597,117.3250732,73.6,-0.760405966,0.649448048,0
120.124597,117.3250732,76.8,-0.760405966,0.649448048,0
124.2810645,112.458475,73.6,-0.760405966,0.649448048,0
126.3592983,110.0251759,73.6,-0.760405966,0.649448048,0
124.2810645,112.458475,67.2,-0.760405966,0.649448048,0
120.124597,117.3250732,70.4,-0.760405966,0.649448048,0
124.2810645,112.458475,70.4,-0.760405966,0.649448048,0
126.3592983,110.0251759,76.8,-0.760405966,0.649448048,0
120.124597,117.3250732,67.2,-0.760405966,0.649448048,0
100.2919789,134.6722339,90.4,-0.649448049,0.760405965,0
102.725278,132.5940002,90.4,-0.649448049,0.760405965,0
105.1585771,130.5157664,80.8,-0.649448049,0.760405965,0
100.2919789,134.6722339,87.2,-0.649448049,0.760405965,0
107.5918761,128.4375326,87.2,-0.649448049,0.760405965,0
105.1585771,130.5157664,87.2,-0.649448049,0.760405965,0
107.5918761,128.4375326,90.4,-0.649448049,0.760405965,0
100.2919789,134.6722339,80.8,-0.649448049,0.760405965,0
102.725278,132.5940002,84,-0.649448049,0.760405965,0
107.5918761,128.4375326,80.8,-0.649448049,0.760405965,0
102.725278,132.5940002,87.2,-0.649448049,0.760405965,0
107.5918761,128.4375326,84,-0.649448049,0.760405965,0
105.1585771,130.5157664,90.4,-0.649448049,0.760405965,0
105.1585771,130.5157664,84,-0.649448049,0.760405965,0
100.2919789,134.6722339,84,-0.649448049,0.760405965,0
102.725278,132.5940002,80.8,-0.649448049,0.760405965,0
100.2919789,134.6722339,93.6,-0.649448049,0.760405965,0
102.725278,132.5940002,93.6,-0.649448049,0.760405965,0
100.2919789,134.6722339,96.8,-0.649448049,0.760405965,0
102.725278,132.5940002,96.8,-0.649448049,0.760405965,0
100.2919789,134.6722339,103.2,-0.649448049,0.760405965,0
100.2919789,134.6722339,100,-0.649448049,0.760405965,0
102.725278,132.5940002,103.2,-0.649448049,0.760405965,0
102.725278,132.5940002,100,-0.649448049,0.760405965,0
105.1585771,130.5157664,93.6,-0.649448049,0.760405965,0
105.1585771,130.5157664,100,-0.649448049,0.760405965,0
105.1585771,130.5157664,96.8,-0.649448049,0.760405965,0
110.0251752,126.3592989,90.4,-0.649448049,0.760405965,0
105.1585771,130.5157664,103.2,-0.649448049,0.760405965,0
107.5918761,128.4375326,93.6,-0.649448049,0.760405965,0
107.5918761,128.4375326,103.2,-0.649448049,0.760405965,0
107.5918761,128.4375326,100,-0.649448049,0.760405965,0
107.5918761,128.4375326,96.8,-0.649448049,0.760405965,0
110.0251752,126.3592989,93.6,-0.649448049,0.760405965,0
110.0251752,126.3592989,96.8,-0.649448049,0.760405965,0
110.0251752,126.3592989,103.2,-0.649448049,0.760405965,0
110.0251752,126.3592989,100,-0.649448049,0.760405965,0
112.4584743,124.2810651,103.2,-0.649448049,0.760405965,0
110.0251752,126.3592989,87.2,-0.649448049,0.760405965,0
112.4584743,124.2810651,100,-0.649448049,0.760405965,0
112.4584743,124.2810651,96.8,-0.649448049,0.760405965,0
112.4584743,124.2810651,93.6,-0.649448049,0.760405965,0
114.8917734,122.2028314,100,-0.649448049,0.760405965,0
114.8917734,122.2028314,103.2,-0.649448049,0.760405965,0
117.3250725,120.1245976,103.2,-0.649448049,0.760405965,0
114.8917734,122.2028314,93.6,-0.649448049,0.760405965,0
117.3250725,120.1245976,100,-0.649448049,0.760405965,0
114.8917734,122.2028314,96.8,-0.649448049,0.760405965,0
117.3250725,120.1245976,93.6,-0.649448049,0.760405965,0
117.3250725,120.1245976,96.8,-0.649448049,0.760405965,0
112.4584743,124.2810651,84,-0.649448049,0.760405965,0
114.8917734,122.2028314,84,-0.649448049,0.760405965,0
114.8917734,122.2028314,80.8,-0.649448049,0.760405965,0
114.8917734,122.2028314,90.4,-0.649448049,0.760405965,0
114.8917734,122.2028314,87.2,-0.649448049,0.760405965,0
117.3250725,120.1245976,84,-0.649448049,0.760405965,0
117.3250725,120.1245976,80.8,-0.649448049,0.760405965,0
112.4584743,124.2810651,80.8,-0.649448049,0.760405965,0
110.0251752,126.3592989,80.8,-0.649448049,0.760405965,0
112.4584743,124.2810651,90.4,-0.649448049,0.760405965,0
117.3250725,120.1245976,87.2,-0.649448049,0.760405965,0
112.4584743,124.2810651,87.2,-0.649448049,0.760405965,0
110.0251752,126.3592989,84,-0.649448049,0.760405965,0
117.3250725,120.1245976,90.4,-0.649448049,0.760405965,0
117.3250725,120.1245976,67.2,-0.649448049,0.760405965,0
114.8917734,122.2028314,67.2,-0.649448049,0.760405965,0
110.0251752,126.3592989,70.4,-0.649448049,0.760405965,0
114.8917734,122.2028314,70.4,-0.649448049,0.760405965,0
110.0251752,126.3592989,67.2,-0.649448049,0.760405965,0
117.3250725,120.1245976,73.6,-0.649448049,0.760405965,0
112.4584743,124.2810651,73.6,-0.649448049,0.760405965,0
117.3250725,120.1245976,76.8,-0.649448049,0.760405965,0
114.8917734,122.2028314,73.6,-0.649448049,0.760405965,0
107.5918761,128.4375326,67.2,-0.649448049,0.760405965,0
117.3250725,120.1245976,70.4,-0.649448049,0.760405965,0
107.5918761,128.4375326,70.4,-0.649448049,0.760405965,0
112.4584743,124.2810651,67.2,-0.649448049,0.760405965,0
112.4584743,124.2810651,76.8,-0.649448049,0.760405965,0
112.4584743,124.2810651,70.4,-0.649448049,0.760405965,0
114.8917734,122.2028314,76.8,-0.649448049,0.760405965,0
117.3250725,120.1245976,64,-0.649448049,0.760405965,0
117.3250725,120.1245976,57.6,-0.649448049,0.760405965,0
117.3250725,120.1245976,60.8,-0.649448049,0.760405965,0
117.3250725,120.1245976,54.4,-0.649448049,0.760405965,0
114.8917734,122.2028314,60.8,-0.649448049,0.760405965,0
114.8917734,122.2028314,64,-0.649448049,0.760405965,0
114.8917734,122.2028314,57.6,-0.649448049,0.760405965,0
114.8917734,122.2028314,54.4,-0.649448049,0.760405965,0
112.4584743,124.2810651,64,-0.649448049,0.760405965,0
112.4584743,124.2810651,57.6,-0.649448049,0.760405965,0
112.4584743,124.2810651,60.8,-0.649448049,0.760405965,0
110.0251752,126.3592989,73.6,-0.649448049,0.760405965,0
112.4584743,124.2810651,54.4,-0.649448049,0.760405965,0
110.0251752,126.3592989,54.4,-0.649448049,0.760405965,0
110.0251752,126.3592989,57.6,-0.649448049,0.760405965,0
110.0251752,126.3592989,64,-0.649448049,0.760405965,0
110.0251752,126.3592989,60.8,-0.649448049,0.760405965,0
107.5918761,128.4375326,60.8,-0.649448049,0.760405965,0
107.5918761,128.4375326,57.6,-0.649448049,0.760405965,0
107.5918761,128.4375326,64,-0.649448049,0.760405965,0
107.5918761,128.4375326,54.4,-0.649448049,0.760405965,0
105.1585771,130.5157664,54.4,-0.649448049,0.760405965,0
110.0251752,126.3592989,76.8,-0.649448049,0.760405965,0
105.1585771,130.5157664,57.6,-0.649448049,0.760405965,0
102.725278,132.5940002,54.4,-0.649448049,0.760405965,0
105.1585771,130.5157664,60.8,-0.649448049,0.760405965,0
102.725278,132.5940002,57.6,-0.649448049,0.760405965,0
105.1585771,130.5157664,64,-0.649448049,0.760405965,0
100.2919789,134.6722339,54.4,-0.649448049,0.760405965,0
102.725278,132.5940002,60.8,-0.649448049,0.760405965,0
100.2919789,134.6722339,57.6,-0.649448049,0.760405965,0
102.725278,132.5940002,64,-0.649448049,0.760405965,0
100.2919789,134.6722339,60.8,-0.649448049,0.760405965,0
100.2919789,134.6722339,64,-0.649448049,0.760405965,0
105.1585771,130.5157664,76.8,-0.649448049,0.760405965,0
102.725278,132.5940002,70.4,-0.649448049,0.760405965,0
102.725278,132.5940002,76.8,-0.649448049,0.760405965,0
102.725278,132.5940002,67.2,-0.649448049,0.760405965,0
102.725278,132.5940002,73.6,-0.649448049,0.760405965,0
100.2919789,134.6722339,73.6,-0.649448049,0.760405965,0
100.2919789,134.6722339,76.8,-0.649448049,0.760405965,0
105.1585771,130.5157664,73.6,-0.649448049,0.760405965,0
107.5918761,128.4375326,73.6,-0.649448049,0.760405965,0
105.1585771,130.5157664,67.2,-0.649448049,0.760405965,0
100.2919789,134.6722339,70.4,-0.649448049,0.760405965,0
105.1585771,130.5157664,70.4,-0.649448049,0.760405965,0
107.5918761,128.4375326,76.8,-0.649448049,0.760405965,0
100.2919789,134.6722339,67.2,-0.649448049,0.760405965,0
100.2919789,134.6722339,37.6,-0.649448049,0.760405965,0
102.725278,132.5940002,37.6,-0.649448049,0.760405965,0
105.1585771,130.5157664,28,-0.649448049,0.760405965,0
100.2919789,134.6722339,34.4,-0.649448049,0.760405965,0
107.5918761,128.4375326,34.4,-0.649448049,0.760405965,0
105.1585771,130.5157664,34.4,-0.649448049,0.760405965,0
107.5918761,128.4375326,37.6,-0.649448049,0.760405965,0
100.2919789,134.6722339,28,-0.649448049,0.760405965,0
102.725278,132.5940002,31.2,-0.649448049,0.760405965,0
107.5918761,128.4375326,28,-0.649448049,0.760405965,0
102.725278,132.5940002,34.4,-0.649448049,0.760405965,0
107.5918761,128.4375326,31.2,-0.649448049,0.760405965,0
105.1585771,130.5157664,37.6,-0.649448049,0.760405965,0
105.1585771,130.5157664,31.2,-0.649448049,0.760405965,0
100.2919789,134.6722339,31.2,-0.649448049,0.760405965,0
102.725278,132.5940002,28,-0.649448049,0.760405965,0
100.2919789,134.6722339,40.8,-0.649448049,0.760405965,0
102.725278,132.5940002,40.8,-0.649448049,0.760405965,0
100.2919789,134.6722339,44,-0.649448049,0.760405965,0
102.725278,132.5940002,44,-0.649448049,0.760405965,0
100.2919789,134.6722339,50.4,-0.649448049,0.760405965,0
100.2919789,134.6722339,47.2,-0.649448049,0.760405965,0
102.725278,132.5940002,50.4,-0.649448049,0.760405965,0
102.725278,132.5940002,47.2,-0.649448049,0.760405965,0
105.1585771,130.5157664,40.8,-0.649448049,0.760405965,0
105.1585771,130.5157664,47.2,-0.649448049,0.760405965,0
105.1585771,130.5157664,44,-0.649448049,0.760405965,0
110.0251752,126.3592989,37.6,-0.649448049,0.760405965,0
105.1585771,130.5157664,50.4,-0.649448049,0.760405965,0
107.5918761,128.4375326,40.8,-0.649448049,0.760405965,0
107.5918761,128.4375326,50.4,-0.649448049,0.760405965,0
107.5918761,128.4375326,47.2,-0.649448049,0.760405965,0
107.5918761,128.4375326,44,-0.649448049,0.760405965,0
110.0251752,126.3592989,40.8,-0.649448049,0.760405965,0
110.0251752,126.3592989,44,-0.649448049,0.760405965,0
110.0251752,126.3592989,50.4,-0.649448049,0.760405965,0
110.0251752,126.3592989,47.2,-0.649448049,0.760405965,0
112.4584743,124.2810651,50.4,-0.649448049,0.760405965,0
110.0251752,126.3592989,34.4,-0.649448049,0.760405965,0
112.4584743,124.2810651,47.2,-0.649448049,0.760405965,0
112.4584743,124.2810651,44,-0.649448049,0.760405965,0
112.4584743,124.2810651,40.8,-0.649448049,0.760405965,0
114.8917734,122.2028314,47.2,-0.649448049,0.760405965,0
114.8917734,122.2028314,50.4,-0.649448049,0.760405965,0
117.3250725,120.1245976,50.4,-0.649448049,0.760405965,0
114.8917734,122.2028314,40.8,-0.649448049,0.760405965,0
117.3250725,120.1245976,47.2,-0.649448049,0.760405965,0
114.8917734,122.2028314,44,-0.649448049,0.760405965,0
117.3250725,120.1245976,40.8,-0.649448049,0.760405965,0
117.3250725,120.1245976,44,-0.649448049,0.760405965,0
112.4584743,124.2810651,31.2,-0.649448049,0.760405965,0
114.8917734,122.2028314,31.2,-0.649448049,0.760405965,0
114.8917734,122.2028314,28,-0.649448049,0.760405965,0
114.8917734,122.2028314,37.6,-0.649448049,0.760405965,0
114.8917734,122.2028314,34.4,-0.649448049,0.760405965,0
117.3250725,120.1245976,31.2,-0.649448049,0.760405965,0
117.3250725,120.1245976,28,-0.649448049,0.760405965,0
112.4584743,124.2810651,28,-0.649448049,0.760405965,0
110.0251752,126.3592989,28,-0.649448049,0.760405965,0
112.4584743,124.2810651,37.6,-0.649448049,0.760405965,0
117.3250725,120.1245976,34.4,-0.649448049,0.760405965,0
112.4584743,124.2810651,34.4,-0.649448049,0.760405965,0
110.0251752,126.3592989,31.2,-0.649448049,0.760405965,0
117.3250725,120.1245976,37.6,-0.649448049,0.760405965,0
117.3250725,120.1245976,14.4,-0.649448049,0.760405965,0
114.8917734,122.2028314,14.4,-0.649448049,0.760405965,0
110.0251752,126.3592989,17.6,-0.649448049,0.760405965,0
114.8917734,122.2028314,17.6,-0.649448049,0.760405965,0
110.0251752,126.3592989,14.4,-0.649448049,0.760405965,0
117.3250725,120.1245976,20.8,-0.649448049,0.760405965,0
112.4584743,124.2810651,20.8,-0.649448049,0.760405965,0
117.3250725,120.1245976,24,-0.649448049,0.760405965,0
114.8917734,122.2028314,20.8,-0.649448049,0.760405965,0
107.5918761,128.4375326,14.4,-0.649448049,0.760405965,0
117.3250725,120.1245976,17.6,-0.649448049,0.760405965,0
107.5918761,128.4375326,17.6,-0.649448049,0.760405965,0
112.4584743,124.2810651,14.4,-0.649448049,0.760405965,0
112.4584743,124.2810651,24,-0.649448049,0.760405965,0
112.4584743,124.2810651,17.6,-0.649448049,0.760405965,0
114.8917734,122.2028314,24,-0.649448049,0.760405965,0
117.3250725,120.1245976,11.2,-0.649448049,0.760405965,0
117.3250725,120.1245976,4.8,-0.649448049,0.760405965,0
117.3250725,120.1245976,8,-0.649448049,0.760405965,0
117.3250725,120.1245976,1.6,-0.649448049,0.760405965,0
114.8917734,122.2028314,8,-0.649448049,0.760405965,0
114.8917734,122.2028314,11.2,-0.649448049,0.760405965,0
114.8917734,122.2028314,4.8,-0.649448049,0.760405965,0
114.8917734,122.2028314,1.6,-0.649448049,0.760405965,0
112.4584743,124.2810651,11.2,-0.649448049,0.760405965,0
112.4584743,124.2810651,4.8,-0.649448049,0.760405965,0
112.4584743,124.2810651,8,-0.649448049,0.760405965,0
110.0251752,126.3592989,20.8,-0.649448049,0.760405965,0
112.4584743,124.2810651,1.6,-0.649448049,0.760405965,0
110.0251752,126.3592989,1.6,-0.649448049,0.760405965,0
110.0251752,126.3592989,4.8,-0.649448049,0.760405965,0
110.0251752,126.3592989,11.2,-0.649448049,0.760405965,0
110.0251752,126.3592989,8,-0.649448049,0.760405965,0
107.5918761,128.4375326,8,-0.649448049,0.760405965,0
107.5918761,128.4375326,4.8,-0.649448049,0.760405965,0
107.5918761,128.4375326,11.2,-0.649448049,0.760405965,0
107.5918761,128.4375326,1.6,-0.649448049,0.760405965,0
105.1585771,130.5157664,1.6,-0.649448049,0.760405965,0
110.0251752,126.3592989,24,-0.649448049,0.760405965,0
105.1585771,130.5157664,4.8,-0.649448049,0.760405965,0
102.725278,132.5940002,1.6,-0.649448049,0.760405965,0
105.1585771,130.5157664,8,-0.649448049,0.760405965,0
102.725278,132.5940002,4.8,-0.649448049,0.760405965,0
105.1585771,130.5157664,11.2,-0.649448049,0.760405965,0
100.2919789,134.6722339,1.6,-0.649448049,0.760405965,0
102.725278,132.5940002,8,-0.649448049,0.760405965,0
100.2919789,134.6722339,4.8,-0.649448049,0.760405965,0
102.725278,132.5940002,11.2,-0.649448049,0.760405965,0
100.2919789,134.6722339,8,-0.649448049,0.760405965,0
100.2919789,134.6722339,11.2,-0.649448049,0.760405965,0
105.1585771,130.5157664,24,-0.649448049,0.760405965,0
102.725278,132.5940002,17.6,-0.649448049,0.760405965,0
102.725278,132.5940002,24,-0.649448049,0.760405965,0
102.725278,132.5940002,14.4,-0.649448049,0.760405965,0
102.725278,132.5940002,20.8,-0.649448049,0.760405965,0
100.2919789,134.6722339,20.8,-0.649448049,0.760405965,0
100.2919789,134.6722339,24,-0.649448049,0.760405965,0
105.1585771,130.5157664,20.8,-0.649448049,0.760405965,0
107.5918761,128.4375326,20.8,-0.649448049,0.760405965,0
105.1585771,130.5157664,14.4,-0.649448049,0.760405965,0
100.2919789,134.6722339,17.6,-0.649448049,0.760405965,0
105.1585771,130.5157664,17.6,-0.649448049,0.760405965,0
107.5918761,128.4375326,24,-0.649448049,0.760405965,0
100.2919789,134.6722339,14.4,-0.649448049,0.760405965,0
120.124597,117.3250732,37.6,-0.760405966,0.649448048,0
122.2028308,114.8917741,37.6,-0.760405966,0.649448048,0
124.2810645,112.458475,28,-0.760405966,0.649448048,0
120.124597,117.3250732,34.4,-0.760405966,0.649448048,0
126.3592983,110.0251759,34.4,-0.760405966,0.649448048,0
124.2810645,112.458475,34.4,-0.760405966,0.649448048,0
126.3592983,110.0251759,37.6,-0.760405966,0.649448048,0
120.124597,117.3250732,28,-0.760405966,0.649448048,0
122.2028308,114.8917741,31.2,-0.760405966,0.649448048,0
126.3592983,110.0251759,28,-0.760405966,0.649448048,0
122.2028308,114.8917741,34.4,-0.760405966,0.649448048,0
126.3592983,110.0251759,31.2,-0.760405966,0.649448048,0
124.2810645,112.458475,37.6,-0.760405966,0.649448048,0
124.2810645,112.458475,31.2,-0.760405966,0.649448048,0
120.124597,117.3250732,31.2,-0.760405966,0.649448048,0
122.2028308,114.8917741,28,-0.760405966,0.649448048,0
120.124597,117.3250732,40.8,-0.760405966,0.649448048,0
122.2028308,114.8917741,40.8,-0.760405966,0.649448048,0
120.124597,117.3250732,44,-0.760405966,0.649448048,0
122.2028308,114.8917741,44,-0.760405966,0.649448048,0
120.124597,117.3250732,50.4,-0.760405966,0.649448048,0
120.124597,117.3250732,47.2,-0.760405966,0.649448048,0
122.2028308,114.8917741,50.4,-0.760405966,0.649448048,0
122.2028308,114.8917741,47.2,-0.760405966,0.649448048,0
124.2810645,112.458475,40.8,-0.760405966,0.649448048,0
124.2810645,112.458475,47.2,-0.760405966,0.649448048,0
124.2810645,112.458475,44,-0.760405966,0.649448048,0
128.4375321,107.5918768,37.6,-0.760405966,0.649448048,0
124.2810645,112.458475,50.4,-0.760405966,0.649448048,0
126.3592983,110.0251759,40.8,-0.760405966,0.649448048,0
126.3592983,110.0251759,50.4,-0.760405966,0.649448048,0
126.3592983,110.0251759,47.2,-0.760405966,0.649448048,0
126.3592983,110.0251759,44,-0.760405966,0.649448048,0
128.4375321,107.5918768,40.8,-0.760405966,0.649448048,0
128.4375321,107.5918768,44,-0.760405966,0.649448048,0
128.4375321,107.5918768,50.4,-0.760405966,0.649448048,0
128.4375321,107.5918768,47.2,-0.760405966,0.649448048,0
130.5157658,105.1585777,50.4,-0.760405966,0.649448048,0
128.4375321,107.5918768,34.4,-0.760405966,0.649448048,0
130.5157658,105.1585777,47.2,-0.760405966,0.649448048,0
130.5157658,105.1585777,44,-0.760405966,0.649448048,0
130.5157658,105.1585777,40.8,-0.760405966,0.649448048,0
132.5939996,102.7252786,47.2,-0.760405966,0.649448048,0
132.5939996,102.7252786,50.4,-0.760405966,0.649448048,0
134.6722333,100.2919796,50.4,-0.760405966,0.649448048,0
132.5939996,102.7252786,40.8,-0.760405966,0.649448048,0
134.6722333,100.2919796,47.2,-0.760405966,0.649448048,0
132.5939996,102.7252786,44,-0.760405966,0.649448048,0
134.6722333,100.2919796,40.8,-0.760405966,0.649448048,0
134.6722333,100.2919796,44,-0.760405966,0.649448048,0
130.5157658,105.1585777,31.2,-0.760405966,0.649448048,0
132.5939996,102.7252786,31.2,-0.760405966,0.649448048,0
132.5939996,102.7252786,28,-0.760405966,0.649448048,0
132.5939996,102.7252786,37.6,-0.760405966,0.649448048,0
132.5939996,102.7252786,34.4,-0.760405966,0.649448048,0
134.6722333,100.2919796,31.2,-0.760405966,0.649448048,0
134.6722333,100.2919796,28,-0.760405966,0.649448048,0
130.5157658,105.1585777,28,-0.760405966,0.649448048,0
128.4375321,107.5918768,28,-0.760405966,0.649448048,0
130.5157658,105.1585777,37.6,-0.760405966,0.649448048,0
134.6722333,100.2919796,34.4,-0.760405966,0.649448048,0
130.5157658,105.1585777,34.4,-0.760405966,0.649448048,0
128.4375321,107.5918768,31.2,-0.760405966,0.649448048,0
134.6722333,100.2919796,37.6,-0.760405966,0.649448048,0
134.6722333,100.2919796,14.4,-0.760405966,0.649448048,0
132.5939996,102.7252786,14.4,-0.760405966,0.649448048,0
128.4375321,107.5918768,17.6,-0.760405966,0.649448048,0
132.5939996,102.7252786,17.6,-0.760405966,0.649448048,0
128.4375321,107.5918768,14.4,-0.760405966,0.649448048,0
134.6722333,100.2919796,20.8,-0.760405966,0.649448048,0
130.5157658,105.1585777,20.8,-0.760405966,0.649448048,0
134.6722333,100.2919796,24,-0.760405966,0.649448048,0
132.5939996,102.7252786,20.8,-0.760405966,0.649448048,0
126.3592983,110.0251759,14.4,-0.760405966,0.649448048,0
134.6722333,100.2919796,17.6,-0.760405966,0.649448048,0
126.3592983,110.0251759,17.6,-0.760405966,0.649448048,0
130.5157658,105.1585777,14.4,-0.760405966,0.649448048,0
130.5157658,105.1585777,24,-0.760405966,0.649448048,0
130.5157658,105.1585777,17.6,-0.760405966,0.649448048,0
132.5939996,102.7252786,24,-0.760405966,0.649448048,0
134.6722333,100.2919796,11.2,-0.760405966,0.649448048,0
134.6722333,100.2919796,4.8,-0.760405966,0.649448048,0
134.6722333,100.2919796,8,-0.760405966,0.649448048,0
134.6722333,100.2919796,1.6,-0.760405966,0.649448048,0
132.5939996,102.7252786,8,-0.760405966,0.649448048,0
132.5939996,102.7252786,11.2,-0.760405966,0.649448048,0
132.5939996,102.7252786,4.8,-0.760405966,0.649448048,0
132.5939996,102.7252786,1.6,-0.760405966,0.649448048,0
130.5157658,105.1585777,11.2,-0.760405966,0.649448048,0
130.5157658,105.1585777,4.8,-0.760405966,0.649448048,0
130.5157658,105.1585777,8,-0.760405966,0.649448048,0
128.4375321,107.5918768,20.8,-0.760405966,0.649448048,0
130.5157658,105.1585777,1.6,-0.760405966,0.649448048,0
128.4375321,107.5918768,1.6,-0.760405966,0.649448048,0
128.4375321,107.5918768,4.8,-0.760405966,0.649448048,0
128.4375321,107.5918768,11.2,-0.760405966,0.649448048,0
128.4375321,107.5918768,8,-0.760405966,0.649448048,0
126.3592983,110.0251759,8,-0.760405966,0.649448048,0
126.3592983,110.0251759,4.8,-0.760405966,0.649448048,0
126.3592983,110.0251759,11.2,-0.760405966,0.649448048,0
126.3592983,110.0251759,1.6,-0.760405966,0.649448048,0
124.2810645,112.458475,1.6,-0.760405966,0.649448048,0
128.4375321,107.5918768,24,-0.760405966,0.649448048,0
124.2810645,112.458475,4.8,-0.760405966,0.649448048,0
122.2028308,114.8917741,1.6,-0.760405966,0.649448048,0
124.2810645,112.458475,8,-0.760405966,0.649448048,0
122.2028308,114.8917741,4.8,-0.760405966,0.649448048,0
124.2810645,112.458475,11.2,-0.760405966,0.649448048,0
120.124597,117.3250732,1.6,-0.760405966,0.649448048,0
122.2028308,114.8917741,8,-0.760405966,0.649448048,0
120.124597,117.3250732,4.8,-0.760405966,0.649448048,0
122.2028308,114.8917741,11.2,-0.760405966,0.649448048,0
120.124597,117.3250732,8,-0.760405966,0.649448048,0
120.124597,117.3250732,11.2,-0.760405966,0.649448048,0
124.2810645,112.458475,24,-0.760405966,0.649448048,0
122.2028308,114.8917741,17.6,-0.760405966,0.649448048,0
122.2028308,114.8917741,24,-0.760405966,0.649448048,0
122.2028308,114.8917741,14.4,-0.760405966,0.649448048,0
122.2028308,114.8917741,20.8,-0.760405966,0.649448048,0
120.124597,117.3250732,20.8,-0.760405966,0.649448048,0
120.124597,117.3250732,24,-0.760405966,0.649448048,0
124.2810645,112.458475,20.8,-0.760405966,0.649448048,0
126.3592983,110.0251759,20.8,-0.760405966,0.649448048,0
124.2810645,112.458475,14.4,-0.760405966,0.649448048,0
120.124597,117.3250732,17.6,-0.760405966,0.649448048,0
124.2810645,112.458475,17.6,-0.760405966,0.649448048,0
126.3592983,110.0251759,24,-0.760405966,0.649448048,0
120.124597,117.3250732,14.4,-0.760405966,0.649448048,0
136.999349,97.0889798,37.6,-0.852640165,0.522498564,0
138.6713444,94.36053127,37.6,-0.852640165,0.522498564,0
140.3433398,91.63208275,28,-0.852640165,0.522498564,0
136.999349,97.0889798,34.4,-0.852640165,0.522498564,0
142.0153352,88.90363422,34.4,-0.852640165,0.522498564,0
140.3433398,91.63208275,34.4,-0.852640165,0.522498564,0
142.0153352,88.90363422,37.6,-0.852640165,0.522498564,0
136.999349,97.0889798,28,-0.852640165,0.522498564,0
138.6713444,94.36053127,31.2,-0.852640165,0.522498564,0
142.0153352,88.90363422,28,-0.852640165,0.522498564,0
138.6713444,94.36053127,34.4,-0.852640165,0.522498564,0
142.0153352,88.90363422,31.2,-0.852640165,0.522498564,0
140.3433398,91.63208275,37.6,-0.852640165,0.522498564,0
140.3433398,91.63208275,31.2,-0.852640165,0.522498564,0
136.999349,97.0889798,31.2,-0.852640165,0.522498564,0
138.6713444,94.36053127,28,-0.852640165,0.522498564,0
136.999349,97.0889798,40.8,-0.852640165,0.522498564,0
138.6713444,94.36053127,40.8,-0.852640165,0.522498564,0
136.999349,97.0889798,44,-0.852640165,0.522498564,0
138.6713444,94.36053127,44,-0.852640165,0.522498564,0
136.999349,97.0889798,50.4,-0.852640165,0.522498564,0
136.999349,97.0889798,47.2,-0.852640165,0.522498564,0
138.6713444,94.36053127,50.4,-0.852640165,0.522498564,0
138.6713444,94.36053127,47.2,-0.852640165,0.522498564,0
140.3433398,91.63208275,40.8,-0.852640165,0.522498564,0
140.3433398,91.63208275,47.2,-0.852640165,0.522498564,0
140.3433398,91.63208275,44,-0.852640165,0.522498564,0
143.6873306,86.17518569,37.6,-0.852640165,0.522498564,0
140.3433398,91.63208275,50.4,-0.852640165,0.522498564,0
142.0153352,88.90363422,40.8,-0.852640165,0.522498564,0
142.0153352,88.90363422,50.4,-0.852640165,0.522498564,0
142.0153352,88.90363422,47.2,-0.852640165,0.522498564,0
142.0153352,88.90363422,44,-0.852640165,0.522498564,0
143.6873306,86.17518569,40.8,-0.852640165,0.522498564,0
143.6873306,86.17518569,44,-0.852640165,0.522498564,0
143.6873306,86.17518569,50.4,-0.852640165,0.522498564,0
143.6873306,86.17518569,47.2,-0.852640165,0.522498564,0
145.359326,83.44673717,50.4,-0.852640165,0.522498564,0
143.6873306,86.17518569,34.4,-0.852640165,0.522498564,0
145.359326,83.44673717,47.2,-0.852640165,0.522498564,0
145.359326,83.44673717,44,-0.852640165,0.522498564,0
145.359326,83.44673717,40.8,-0.852640165,0.522498564,0
147.0313214,80.71828864,47.2,-0.852640165,0.522498564,0
147.0313214,80.71828864,50.4,-0.852640165,0.522498564,0
148.7033168,77.98984011,50.4,-0.852640165,0.522498564,0
147.0313214,80.71828864,40.8,-0.852640165,0.522498564,0
148.7033168,77.98984011,47.2,-0.852640165,0.522498564,0
147.0313214,80.71828864,44,-0.852640165,0.522498564,0
148.7033168,77.98984011,40.8,-0.852640165,0.522498564,0
148.7033168,77.98984011,44,-0.852640165,0.522498564,0
145.359326,83.44673717,31.2,-0.852640165,0.522498564,0
147.0313214,80.71828864,31.2,-0.852640165,0.522498564,0
147.0313214,80.71828864,28,-0.852640165,0.522498564,0
147.0313214,80.71828864,37.6,-0.852640165,0.522498564,0
147.0313214,80.71828864,34.4,-0.852640165,0.522498564,0
148.7033168,77.98984011,31.2,-0.852640165,0.522498564,0
148.7033168,77.98984011,28,-0.852640165,0.522498564,0
145.359326,83.44673717,28,-0.852640165,0.522498564,0
143.6873306,86.17518569,28,-0.852640165,0.522498564,0
145.359326,83.44673717,37.6,-0.852640165,0.522498564,0
148.7033168,77.98984011,34.4,-0.852640165,0.522498564,0
145.359326,83.44673717,34.4,-0.852640165,0.522498564,0
143.6873306,86.17518569,31.2,-0.852640165,0.522498564,0
148.7033168,77.98984011,37.6,-0.852640165,0.522498564,0
148.7033168,77.98984011,14.4,-0.852640165,0.522498564,0
147.0313214,80.71828864,14.4,-0.852640165,0.522498564,0
143.6873306,86.17518569,17.6,-0.852640165,0.522498564,0
147.0313214,80.71828864,17.6,-0.852640165,0.522498564,0
143.6873306,86.17518569,14.4,-0.852640165,0.522498564,0
148.7033168,77.98984011,20.8,-0.852640165,0.522498564,0
145.359326,83.44673717,20.8,-0.852640165,0.522498564,0
148.7033168,77.98984011,24,-0.852640165,0.522498564,0
147.0313214,80.71828864,20.8,-0.852640165,0.522498564,0
142.0153352,88.90363422,14.4,-0.852640165,0.522498564,0
148.7033168,77.98984011,17.6,-0.852640165,0.522498564,0
142.0153352,88.90363422,17.6,-0.852640165,0.522498564,0
145.359326,83.44673717,14.4,-0.852640165,0.522498564,0
145.359326,83.44673717,24,-0.852640165,0.522498564,0
145.359326,83.44673717,17.6,-0.852640165,0.522498564,0
147.0313214,80.71828864,24,-0.852640165,0.522498564,0
148.7033168,77.98984011,11.2,-0.852640165,0.522498564,0
148.7033168,77.98984011,4.8,-0.852640165,0.522498564,0
148.7033168,77.98984011,8,-0.852640165,0.522498564,0
148.7033168,77.98984011,1.6,-0.852640165,0.522498564,0
147.0313214,80.71828864,8,-0.852640165,0.522498564,0
147.0313214,80.71828864,11.2,-0.852640165,0.522498564,0
147.0313214,80.71828864,4.8,-0.852640165,0.522498564,0
147.0313214,80.71828864,1.6,-0.852640165,0.522498564,0
145.359326,83.44673717,11.2,-0.852640165,0.522498564,0
145.359326,83.44673717,4.8,-0.852640165,0.522498564,0
145.359326,83.44673717,8,-0.852640165,0.522498564,0
143.6873306,86.17518569,20.8,-0.852640165,0.522498564,0
145.359326,83.44673717,1.6,-0.852640165,0.522498564,0
143.6873306,86.17518569,1.6,-0.852640165,0.522498564,0
143.6873306,86.17518569,4.8,-0.852640165,0.522498564,0
143.6873306,86.17518569,11.2,-0.852640165,0.522498564,0
143.6873306,86.17518569,8,-0.852640165,0.522498564,0
142.0153352,88.90363422,8,-0.852640165,0.522498564,0
142.0153352,88.90363422,4.8,-0.852640165,0.522498564,0
142.0153352,88.90363422,11.2,-0.852640165,0.522498564,0
142.0153352,88.90363422,1.6,-0.852640165,0.522498564,0
140.3433398,91.63208275,1.6,-0.852640165,0.522498564,0
143.6873306,86.17518569,24,-0.852640165,0.522498564,0
140.3433398,91.63208275,4.8,-0.852640165,0.522498564,0
138.6713444,94.36053127,1.6,-0.852640165,0.522498564,0
140.3433398,91.63208275,8,-0.852640165,0.522498564,0
138.6713444,94.36053127,4.8,-0.852640165,0.522498564,0
140.3433398,91.63208275,11.2,-0.852640165,0.522498564,0
136.999349,97.0889798,1.6,-0.852640165,0.522498564,0
138.6713444,94.36053127,8,-0.852640165,0.522498564,0
136.999349,97.0889798,4.8,-0.852640165,0.522498564,0
138.6713444,94.36053127,11.2,-0.852640165,0.522498564,0
136.999349,97.0889798,8,-0.852640165,0.522498564,0
136.999349,97.0889798,11.2,-0.852640165,0.522498564,0
140.3433398,91.63208275,24,-0.852640165,0.522498564,0
138.6713444,94.36053127,17.6,-0.852640165,0.522498564,0
138.6713444,94.36053127,24,-0.852640165,0.522498564,0
138.6713444,94.36053127,14.4,-0.852640165,0.522498564,0
138.6713444,94.36053127,20.8,-0.852640165,0.522498564,0
136.999349,97.0889798,20.8,-0.852640165,0.522498564,0
136.999349,97.0889798,24,-0.852640165,0.522498564,0
140.3433398,91.63208275,20.8,-0.852640165,0.522498564,0
142.0153352,88.90363422,20.8,-0.852640165,0.522498564,0
140.3433398,91.63208275,14.4,-0.852640165,0.522498564,0
136.999349,97.0889798,17.6,-0.852640165,0.522498564,0
140.3433398,91.63208275,17.6,-0.852640165,0.522498564,0
142.0153352,88.90363422,24,-0.852640165,0.522498564,0
136.999349,97.0889798,14.4,-0.852640165,0.522498564,0
150.5007222,74.46223351,37.6,-0.923879533,0.382683432,0
151.7253092,71.50581901,37.6,-0.923879533,0.382683432,0
152.9498962,68.5494045,28,-0.923879533,0.382683432,0
150.5007222,74.46223351,34.4,-0.923879533,0.382683432,0
154.1744832,65.59299,34.4,-0.923879533,0.382683432,0
152.9498962,68.5494045,34.4,-0.923879533,0.382683432,0
154.1744832,65.59299,37.6,-0.923879533,0.382683432,0
150.5007222,74.46223351,28,-0.923879533,0.382683432,0
151.7253092,71.50581901,31.2,-0.923879533,0.382683432,0
154.1744832,65.59299,28,-0.923879533,0.382683432,0
151.7253092,71.50581901,34.4,-0.923879533,0.382683432,0
154.1744832,65.59299,31.2,-0.923879533,0.382683432,0
152.9498962,68.5494045,37.6,-0.923879533,0.382683432,0
152.9498962,68.5494045,31.2,-0.923879533,0.382683432,0
150.5007222,74.46223351,31.2,-0.923879533,0.382683432,0
151.7253092,71.50581901,28,-0.923879533,0.382683432,0
150.5007222,74.46223351,40.8,-0.923879533,0.382683432,0
151.7253092,71.50581901,40.8,-0.923879533,0.382683432,0
150.5007222,74.46223351,44,-0.923879533,0.382683432,0
151.7253092,71.50581901,44,-0.923879533,0.382683432,0
150.5007222,74.46223351,50.4,-0.923879533,0.382683432,0
150.5007222,74.46223351,47.2,-0.923879533,0.382683432,0
151.7253092,71.50581901,50.4,-0.923879533,0.382683432,0
151.7253092,71.50581901,47.2,-0.923879533,0.382683432,0
152.9498962,68.5494045,40.8,-0.923879533,0.382683432,0
152.9498962,68.5494045,47.2,-0.923879533,0.382683432,0
152.9498962,68.5494045,44,-0.923879533,0.382683432,0
155.3990702,62.63657549,37.6,-0.923879533,0.382683432,0
152.9498962,68.5494045,50.4,-0.923879533,0.382683432,0
154.1744832,65.59299,40.8,-0.923879533,0.382683432,0
154.1744832,65.59299,50.4,-0.923879533,0.382683432,0
154.1744832,65.59299,47.2,-0.923879533,0.382683432,0
154.1744832,65.59299,44,-0.923879533,0.382683432,0
155.3990702,62.63657549,40.8,-0.923879533,0.382683432,0
155.3990702,62.63657549,44,-0.923879533,0.382683432,0
155.3990702,62.63657549,50.4,-0.923879533,0.382683432,0
155.3990702,62.63657549,47.2,-0.923879533,0.382683432,0
156.6236571,59.68016099,50.4,-0.923879533,0.382683432,0
155.3990702,62.63657549,34.4,-0.923879533,0.382683432,0
156.6236571,59.68016099,47.2,-0.923879533,0.382683432,0
156.6236571,59.68016099,44,-0.923879533,0.382683432,0
156.6236571,59.68016099,40.8,-0.923879533,0.382683432,0
157.8482441,56.72374648,47.2,-0.923879533,0.382683432,0
157.8482441,56.72374648,50.4,-0.923879533,0.382683432,0
159.0728311,53.76733198,50.4,-0.923879533,0.382683432,0
157.8482441,56.72374648,40.8,-0.923879533,0.382683432,0
159.0728311,53.76733198,47.2,-0.923879533,0.382683432,0
157.8482441,56.72374648,44,-0.923879533,0.382683432,0
159.0728311,53.76733198,40.8,-0.923879533,0.382683432,0
159.0728311,53.76733198,44,-0.923879533,0.382683432,0
156.6236571,59.68016099,31.2,-0.923879533,0.382683432,0
157.8482441,56.72374648,31.2,-0.923879533,0.382683432,0
157.8482441,56.72374648,28,-0.923879533,0.382683432,0
157.8482441,56.72374648,37.6,-0.923879533,0.382683432,0
157.8482441,56.72374648,34.4,-0.923879533,0.382683432,0
159.0728311,53.76733198,31.2,-0.923879533,0.382683432,0
159.0728311,53.76733198,28,-0.923879533,0.382683432,0
156.6236571,59.68016099,28,-0.923879533,0.382683432,0
155.3990702,62.63657549,28,-0.923879533,0.382683432,0
156.6236571,59.68016099,37.6,-0.923879533,0.382683432,0
159.0728311,53.76733198,34.4,-0.923879533,0.382683432,0
156.6236571,59.68016099,34.4,-0.923879533,0.382683432,0
155.3990702,62.63657549,31.2,-0.923879533,0.382683432,0
159.0728311,53.76733198,37.6,-0.923879533,0.382683432,0
159.0728311,53.76733198,14.4,-0.923879533,0.382683432,0
157.8482441,56.72374648,14.4,-0.923879533,0.382683432,0
155.3990702,62.63657549,17.6,-0.923879533,0.382683432,0
157.8482441,56.72374648,17.6,-0.923879533,0.382683432,0
155.3990702,62.63657549,14.4,-0.923879533,0.382683432,0
159.0728311,53.76733198,20.8,-0.923879533,0.382683432,0
156.6236571,59.68016099,20.8,-0.923879533,0.382683432,0
159.0728311,53.76733198,24,-0.923879533,0.382683432,0
157.8482441,56.72374648,20.8,-0.923879533,0.382683432,0
154.1744832,65.59299,14.4,-0.923879533,0.382683432,0
159.0728311,53.76733198,17.6,-0.923879533,0.382683432,0
154.1744832,65.59299,17.6,-0.923879533,0.382683432,0
156.6236571,59.68016099,14.4,-0.923879533,0.382683432,0
156.6236571,59.68016099,24,-0.923879533,0.382683432,0
156.6236571,59.68016099,17.6,-0.923879533,0.382683432,0
157.8482441,56.72374648,24,-0.923879533,0.382683432,0
159.0728311,53.76733198,11.2,-0.923879533,0.382683432,0
159.0728311,53.76733198,4.8,-0.923879533,0.382683432,0
159.0728311,53.76733198,8,-0.923879533,0.382683432,0
159.0728311,53.76733198,1.6,-0.923879533,0.382683432,0
157.8482441,56.72374648,8,-0.923879533,0.382683432,0
157.8482441,56.72374648,11.2,-0.923879533,0.382683432,0
157.8482441,56.72374648,4.8,-0.923879533,0.382683432,0
157.8482441,56.72374648,1.6,-0.923879533,0.382683432,0
156.6236571,59.68016099,11.2,-0.923879533,0.382683432,0
156.6236571,59.68016099,4.8,-0.923879533,0.382683432,0
156.6236571,59.68016099,8,-0.923879533,0.382683432,0
155.3990702,62.63657549,20.8,-0.923879533,0.382683432,0
156.6236571,59.68016099,1.6,-0.923879533,0.382683432,0
155.3990702,62.63657549,1.6,-0.923879533,0.382683432,0
155.3990702,62.63657549,4.8,-0.923879533,0.382683432,0
155.3990702,62.63657549,11.2,-0.923879533,0.382683432,0
155.3990702,62.63657549,8,-0.923879533,0.382683432,0
154.1744832,65.59299,8,-0.923879533,0.382683432,0
154.1744832,65.59299,4.8,-0.923879533,0.382683432,0
154.1744832,65.59299,11.2,-0.923879533,0.382683432,0
154.1744832,65.59299,1.6,-0.923879533,0.382683432,0
152.9498962,68.5494045,1.6,-0.923879533,0.382683432,0
155.3990702,62.63657549,24,-0.923879533,0.382683432,0
152.9498962,68.5494045,4.8,-0.923879533,0.382683432,0
151.7253092,71.50581901,1.6,-0.923879533,0.382683432,0
152.9498962,68.5494045,8,-0.923879533,0.382683432,0
151.7253092,71.50581901,4.8,-0.923879533,0.382683432,0
152.9498962,68.5494045,11.2,-0.923879533,0.382683432,0
150.5007222,74.46223351,1.6,-0.923879533,0.382683432,0
151.7253092,71.50581901,8,-0.923879533,0.382683432,0
150.5007222,74.46223351,4.8,-0.923879533,0.382683432,0
151.7253092,71.50581901,11.2,-0.923879533,0.382683432,0
150.5007222,74.46223351,8,-0.923879533,0.382683432,0
150.5007222,74.46223351,11.2,-0.923879533,0.382683432,0
152.9498962,68.5494045,24,-0.923879533,0.382683432,0
151.7253092,71.50581901,17.6,-0.923879533,0.382683432,0
151.7253092,71.50581901,24,-0.923879533,0.382683432,0
151.7253092,71.50581901,14.4,-0.923879533,0.382683432,0
151.7253092,71.50581901,20.8,-0.923879533,0.382683432,0
150.5007222,74.46223351,20.8,-0.923879533,0.382683432,0
150.5007222,74.46223351,24,-0.923879533,0.382683432,0
152.9498962,68.5494045,20.8,-0.923879533,0.382683432,0
154.1744832,65.59299,20.8,-0.923879533,0.382683432,0
152.9498962,68.5494045,14.4,-0.923879533,0.382683432,0
150.5007222,74.46223351,17.6,-0.923879533,0.382683432,0
152.9498962,68.5494045,17.6,-0.923879533,0.382683432,0
154.1744832,65.59299,24,-0.923879533,0.382683432,0
150.5007222,74.46223351,14.4,-0.923879533,0.382683432,0
-159.0728311,53.76733198,90.4,0.923879533,0.382683432,0
-157.8482441,56.72374648,90.4,0.923879533,0.382683432,0
-156.6236571,59.68016099,80.8,0.923879533,0.382683432,0
-159.0728311,53.76733198,87.2,0.923879533,0.382683432,0
-155.3990702,62.63657549,87.2,0.923879533,0.382683432,0
-156.6236571,59.68016099,87.2,0.923879533,0.382683432,0
-155.3990702,62.63657549,90.4,0.923879533,0.382683432,0
-159.0728311,53.76733198,80.8,0.923879533,0.382683432,0
-157.8482441,56.72374648,84,0.923879533,0.382683432,0
-155.3990702,62.63657549,80.8,0.923879533,0.382683432,0
-157.8482441,56.72374648,87.2,0.923879533,0.382683432,0
-155.3990702,62.63657549,84,0.923879533,0.382683432,0
-156.6236571,59.68016099,90.4,0.923879533,0.382683432,0
-156.6236571,59.68016099,84,0.923879533,0.382683432,0
-159.0728311,53.76733198,84,0.923879533,0.382683432,0
-157.8482441,56.72374648,80.8,0.923879533,0.382683432,0
-159.0728311,53.76733198,93.6,0.923879533,0.382683432,0
-157.8482441,56.72374648,93.6,0.923879533,0.382683432,0
-159.0728311,53.76733198,96.8,0.923879533,0.382683432,0
-157.8482441,56.72374648,96.8,0.923879533,0.382683432,0
-159.0728311,53.76733198,103.2,0.923879533,0.382683432,0
-159.0728311,53.76733198,100,0.923879533,0.382683432,0
-157.8482441,56.72374648,103.2,0.923879533,0.382683432,0
-157.8482441,56.72374648,100,0.923879533,0.382683432,0
-156.6236571,59.68016099,93.6,0.923879533,0.382683432,0
-156.6236571,59.68016099,100,0.923879533,0.382683432,0
-156.6236571,59.68016099,96.8,0.923879533,0.382683432,0
-154.1744832,65.59299,90.4,0.923879533,0.382683432,0
-156.6236571,59.68016099,103.2,0.923879533,0.382683432,0
-155.3990702,62.63657549,93.6,0.923879533,0.382683432,0
-155.3990702,62.63657549,103.2,0.923879533,0.382683432,0
-155.3990702,62.63657549,100,0.923879533,0.382683432,0
-155.3990702,62.63657549,96.8,0.923879533,0.382683432,0
-154.1744832,65.59299,93.6,0.923879533,0.382683432,0
-154.1744832,65.59299,96.8,0.923879533,0.382683432,0
-154.1744832,65.59299,103.2,0.923879533,0.382683432,0
-154.1744832,65.59299,100,0.923879533,0.382683432,0
-152.9498962,68.5494045,103.2,0.923879533,0.382683432,0
-154.1744832,65.59299,87.2,0.923879533,0.382683432,0
-152.9498962,68.5494045,100,0.923879533,0.382683432,0
-152.9498962,68.5494045,96.8,0.923879533,0.382683432,0
-152.9498962,68.5494045,93.6,0.923879533,0.382683432,0
-151.7253092,71.50581901,100,0.923879533,0.382683432,0
-151.7253092,71.50581901,103.2,0.923879533,0.382683432,0
-150.5007222,74.46223351,103.2,0.923879533,0.382683432,0
-151.7253092,71.50581901,93.6,0.923879533,0.382683432,0
-150.5007222,74.46223351,100,0.923879533,0.382683432,0
-151.7253092,71.50581901,96.8,0.923879533,0.382683432,0
-150.5007222,74.46223351,93.6,0.923879533,0.382683432,0
-150.5007222,74.46223351,96.8,0.923879533,0.382683432,0
-152.9498962,68.5494045,84,0.923879533,0.382683432,0
-151.7253092,71.50581901,84,0.923879533,0.382683432,0
-151.7253092,71.50581901,80.8,0.923879533,0.382683432,0
-151.7253092,71.50581901,90.4,0.923879533,0.382683432,0
-151.7253092,71.50581901,87.2,0.923879533,0.382683432,0
-150.5007222,74.46223351,84,0.923879533,0.382683432,0
-150.5007222,74.46223351,80.8,0.923879533,0.382683432,0
-152.9498962,68.5494045,80.8,0.923879533,0.382683432,0
-154.1744832,65.59299,80.8,0.923879533,0.382683432,0
-152.9498962,68.5494045,90.4,0.923879533,0.382683432,0
-150.5007222,74.46223351,87.2,0.923879533,0.382683432,0
-152.9498962,68.5494045,87.2,0.923879533,0.382683432,0
-154.1744832,65.59299,84,0.923879533,0.382683432,0
-150.5007222,74.46223351,90.4,0.923879533,0.382683432,0
-150.5007222,74.46223351,67.2,0.923879533,0.382683432,0
-151.7253092,71.50581901,67.2,0.923879533,0.382683432,0
-154.1744832,65.59299,70.4,0.923879533,0.382683432,0
-151.7253092,71.50581901,70.4,0.923879533,0.382683432,0
-154.1744832,65.59299,67.2,0.923879533,0.382683432,0
-150.5007222,74.46223351,73.6,0.923879533,0.382683432,0
-152.9498962,68.5494045,73.6,0.923879533,0.382683432,0
-150.5007222,74.46223351,76.8,0.923879533,0.382683432,0
-151.7253092,71.50581901,73.6,0.923879533,0.382683432,0
-155.3990702,62.63657549,67.2,0.923879533,0.382683432,0
-150.5007222,74.46223351,70.4,0.923879533,0.382683432,0
-155.3990702,62.63657549,70.4,0.923879533,0.382683432,0
-152.9498962,68.5494045,67.2,0.923879533,0.382683432,0
-152.9498962,68.5494045,76.8,0.923879533,0.382683432,0
-152.9498962,68.5494045,70.4,0.923879533,0.382683432,0
-151.7253092,71.50581901,76.8,0.923879533,0.382683432,0
-150.5007222,74.46223351,64,0.923879533,0.382683432,0
-150.5007222,74.46223351,57.6,0.923879533,0.382683432,0
-150.5007222,74.46223351,60.8,0.923879533,0.382683432,0
-150.5007222,74.46223351,54.4,0.923879533,0.382683432,0
-151.7253092,71.50581901,60.8,0.923879533,0.382683432,0
-151.7253092,71.50581901,64,0.923879533,0.382683432,0
-151.7253092,71.50581901,57.6,0.923879533,0.382683432,0
-151.7253092,71.50581901,54.4,0.923879533,0.382683432,0
-152.9498962,68.5494045,64,0.923879533,0.382683432,0
-152.9498962,68.5494045,57.6,0.923879533,0.382683432,0
-152.9498962,68.5494045,60.8,0.923879533,0.382683432,0
-154.1744832,65.59299,73.6,0.923879533,0.382683432,0
-152.9498962,68.5494045,54.4,0.923879533,0.382683432,0
-154.1744832,65.59299,54.4,0.923879533,0.382683432,0
-154.1744832,65.59299,57.6,0.923879533,0.382683432,0
-154.1744832,65.59299,64,0.923879533,0.382683432,0
-154.1744832,65.59299,60.8,0.923879533,0.382683432,0
-155.3990702,62.63657549,60.8,0.923879533,0.382683432,0
-155.3990702,62.63657549,57.6,0.923879533,0.382683432,0
-155.3990702,62.63657549,64,0.923879533,0.382683432,0
-155.3990702,62.63657549,54.4,0.923879533,0.382683432,0
-156.6236571,59.68016099,54.4,0.923879533,0.382683432,0
-154.1744832,65.59299,76.8,0.923879533,0.382683432,0
-156.6236571,59.68016099,57.6,0.923879533,0.382683432,0
-157.8482441,56.72374648,54.4,0.923879533,0.382683432,0
-156.6236571,59.68016099,60.8,0.923879533,0.382683432,0
-157.8482441,56.72374648,57.6,0.923879533,0.382683432,0
-156.6236571,59.68016099,64,0.923879533,0.382683432,0
-159.0728311,53.76733198,54.4,0.923879533,0.382683432,0
-157.8482441,56.72374648,60.8,0.923879533,0.382683432,0
-159.0728311,53.76733198,57.6,0.923879533,0.382683432,0
-157.8482441,56.72374648,64,0.923879533,0.382683432,0
-159.0728311,53.76733198,60.8,0.923879533,0.382683432,0
-159.0728311,53.76733198,64,0.923879533,0.382683432,0
-156.6236571,59.68016099,76.8,0.923879533,0.382683432,0
-157.8482441,56.72374648,70.4,0.923879533,0.382683432,0
-157.8482441,56.72374648,76.8,0.923879533,0.382683432,0
-157.8482441,56.72374648,67.2,0.923879533,0.382683432,0
-157.8482441,56.72374648,73.6,0.923879533,0.382683432,0
-159.0728311,53.76733198,73.6,0.923879533,0.382683432,0
-159.0728311,53.76733198,76.8,0.923879533,0.382683432,0
-156.6236571,59.68016099,73.6,0.923879533,0.382683432,0
-155.3990702,62.63657549,73.6,0.923879533,0.382683432,0
-156.6236571,59.68016099,67.2,0.923879533,0.382683432,0
-159.0728311,53.76733198,70.4,0.923879533,0.382683432,0
-156.6236571,59.68016099,70.4,0.923879533,0.382683432,0
-155.3990702,62.63657549,76.8,0.923879533,0.382683432,0
-159.0728311,53.76733198,67.2,0.923879533,0.382683432,0
-148.7033168,77.98984011,90.4,0.852640165,0.522498564,0
-147.0313214,80.71828864,90.4,0.852640165,0.522498564,0
-145.359326,83.44673717,80.8,0.852640165,0.522498564,0
-148.7033168,77.98984011,87.2,0.852640165,0.522498564,0
-143.6873306,86.17518569,87.2,0.852640165,0.522498564,0
-145.359326,83.44673717,87.2,0.852640165,0.522498564,0
-143.6873306,86.17518569,90.4,0.852640165,0.522498564,0
-148.7033168,77.98984011,80.8,0.852640165,0.522498564,0
-147.0313214,80.71828864,84,0.852640165,0.522498564,0
-143.6873306,86.17518569,80.8,0.852640165,0.522498564,0
-147.0313214,80.71828864,87.2,0.852640165,0.522498564,0
-143.6873306,86.17518569,84,0.852640165,0.522498564,0
-145.359326,83.44673717,90.4,0.852640165,0.522498564,0
-145.359326,83.44673717,84,0.852640165,0.522498564,0
-148.7033168,77.98984011,84,0.852640165,0.522498564,0
-147.0313214,80.71828864,80.8,0.852640165,0.522498564,0
-148.7033168,77.98984011,93.6,0.852640165,0.522498564,0
-147.0313214,80.71828864,93.6,0.852640165,0.522498564,0
-148.7033168,77.98984011,96.8,0.852640165,0.522498564,0
-147.0313214,80.71828864,96.8,0.852640165,0.522498564,0
-148.7033168,77.98984011,103.2,0.852640165,0.522498564,0
-148.7033168,77.98984011,100,0.852640165,0.522498564,0
-147.0313214,80.71828864,103.2,0.852640165,0.522498564,0
-147.0313214,80.71828864,100,0.852640165,0.522498564,0
-145.359326,83.44673717,93.6,0.852640165,0.522498564,0
-145.359326,83.44673717,100,0.852640165,0.522498564,0
-145.359326,83.44673717,96.8,0.852640165,0.522498564,0
-142.0153352,88.90363422,90.4,0.852640165,0.522498564,0
-145.359326,83.44673717,103.2,0.852640165,0.522498564,0
-143.6873306,86.17518569,93.6,0.852640165,0.522498564,0
-143.6873306,86.17518569,103.2,0.852640165,0.522498564,0
-143.6873306,86.17518569,100,0.852640165,0.522498564,0
-143.6873306,86.17518569,96.8,0.852640165,0.522498564,0
-142.0153352,88.90363422,93.6,0.852640165,0.522498564,0
-142.0153352,88.90363422,96.8,0.852640165,0.522498564,0
-142.0153352,88.90363422,103.2,0.852640165,0.522498564,0
-142.0153352,88.90363422,100,0.852640165,0.522498564,0
-140.3433398,91.63208275,103.2,0.852640165,0.522498564,0
-142.0153352,88.90363422,87.2,0.852640165,0.522498564,0
-140.3433398,91.63208275,100,0.852640165,0.522498564,0
-140.3433398,91.63208275,96.8,0.852640165,0.522498564,0
-140.3433398,91.63208275,93.6,0.852640165,0.522498564,0
-138.6713444,94.36053127,100,0.852640165,0.522498564,0
-138.6713444,94.36053127,103.2,0.852640165,0.522498564,0
-136.999349,97.0889798,103.2,0.852640165,0.522498564,0
-138.6713444,94.36053127,93.6,0.852640165,0.522498564,0
-136.999349,97.0889798,100,0.852640165,0.522498564,0
-138.6713444,94.36053127,96.8,0.852640165,0.522498564,0
-136.999349,97.0889798,93.6,0.852640165,0.522498564,0
-136.999349,97.0889798,96.8,0.852640165,0.522498564,0
-140.3433398,91.63208275,84,0.852640165,0.522498564,0
-138.6713444,94.36053127,84,0.852640165,0.522498564,0
-138.6713444,94.36053127,80.8,0.852640165,0.522498564,0
-138.6713444,94.36053127,90.4,0.852640165,0.522498564,0
-138.6713444,94.36053127,87.2,0.852640165,0.522498564,0
-136.999349,97.0889798,84,0.852640165,0.522498564,0
-136.999349,97.0889798,80.8,0.852640165,0.522498564,0
-140.3433398,91.63208275,80.8,0.852640165,0.522498564,0
-142.0153352,88.90363422,80.8,0.852640165,0.522498564,0
-140.3433398,91.63208275,90.4,0.852640165,0.522498564,0
-136.999349,97.0889798,87.2,0.852640165,0.522498564,0
-140.3433398,91.63208275,87.2,0.852640165,0.522498564,0
-142.0153352,88.90363422,84,0.852640165,0.522498564,0
-136.999349,97.0889798,90.4,0.852640165,0.522498564,0
-136.999349,97.0889798,67.2,0.852640165,0.522498564,0
-138.6713444,94.36053127,67.2,0.852640165,0.522498564,0
-142.0153352,88.90363422,70.4,0.852640165,0.522498564,0
-138.6713444,94.36053127,70.4,0.852640165,0.522498564,0
-142.0153352,88.90363422,67.2,0.852640165,0.522498564,0
-136.999349,97.0889798,73.6,0.852640165,0.522498564,0
-140.3433398,91.63208275,73.6,0.852640165,0.522498564,0
-136.999349,97.0889798,76.8,0.852640165,0.522498564,0
-138.6713444,94.36053127,73.6,0.852640165,0.522498564,0
-143.6873306,86.17518569,67.2,0.852640165,0.522498564,0
-136.999349,97.0889798,70.4,0.852640165,0.522498564,0
-143.6873306,86.17518569,70.4,0.852640165,0.522498564,0
-140.3433398,91.63208275,67.2,0.852640165,0.522498564,0
-140.3433398,91.63208275,76.8,0.852640165,0.522498564,0
-140.3433398,91.63208275,70.4,0.852640165,0.522498564,0
-138.6713444,94.36053127,76.8,0.852640165,0.522498564,0
-136.999349,97.0889798,64,0.852640165,0.522498564,0
-136.999349,97.0889798,57.6,0.852640165,0.522498564,0
-136.999349,97.0889798,60.8,0.852640165,0.522498564,0
-136.999349,97.0889798,54.4,0.852640165,0.522498564,0
-138.6713444,94.36053127,60.8,0.852640165,0.522498564,0
-138.6713444,94.36053127,64,0.852640165,0.522498564,0
-138.6713444,94.36053127,57.6,0.852640165,0.522498564,0
-138.6713444,94.36053127,54.4,0.852640165,0.522498564,0
-140.3433398,91.63208275,64,0.852640165,0.522498564,0
-140.3433398,91.63208275,57.6,0.852640165,0.522498564,0
-140.3433398,91.63208275,60.8,0.852640165,0.522498564,0
-142.0153352,88.90363422,73.6,0.852640165,0.522498564,0
-140.3433398,91.63208275,54.4,0.852640165,0.522498564,0
-142.0153352,88.90363422,54.4,0.852640165,0.522498564,0
-142.0153352,88.90363422,57.6,0.852640165,0.522498564,0
-142.0153352,88.90363422,64,0.852640165,0.522498564,0
-142.0153352,88.90363422,60.8,0.852640165,0.522498564,0
-143.6873306,86.17518569,60.8,0.852640165,0.522498564,0
-143.6873306,86.17518569,57.6,0.852640165,0.522498564,0
-143.6873306,86.17518569,64,0.852640165,0.522498564,0
-143.6873306,86.17518569,54.4,0.852640165,0.522498564,0
-145.359326,83.44673717,54.4,0.852640165,0.522498564,0
-142.0153352,88.90363422,76.8,0.852640165,0.522498564,0
-145.359326,83.44673717,57.6,0.852640165,0.522498564,0
-147.0313214,80.71828864,54.4,0.852640165,0.522498564,0
-145.359326,83.44673717,60.8,0.852640165,0.522498564,0
-147.0313214,80.71828864,57.6,0.852640165,0.522498564,0
-145.359326,83.44673717,64,0.852640165,0.522498564,0
-148.7033168,77.98984011,54.4,0.852640165,0.522498564,0
-147.0313214,80.71828864,60.8,0.852640165,0.522498564,0
-148.7033168,77.98984011,57.6,0.852640165,0.522498564,0
-147.0313214,80.71828864,64,0.852640165,0.522498564,0
-148.7033168,77.98984011,60.8,0.852640165,0.522498564,0
-148.7033168,77.98984011,64,0.852640165,0.522498564,0
-145.359326,83.44673717,76.8,0.852640165,0.522498564,0
-147.0313214,80.71828864,70.4,0.852640165,0.522498564,0
-147.0313214,80.71828864,76.8,0.852640165,0.522498564,0
-147.0313214,80.71828864,67.2,0.852640165,0.522498564,0
-147.0313214,80.71828864,73.6,0.852640165,0.522498564,0
-148.7033168,77.98984011,73.6,0.852640165,0.522498564,0
-148.7033168,77.98984011,76.8,0.852640165,0.522498564,0
-145.359326,83.44673717,73.6,0.852640165,0.522498564,0
-143.6873306,86.17518569,73.6,0.852640165,0.522498564,0
-145.359326,83.44673717,67.2,0.852640165,0.522498564,0
-148.7033168,77.98984011,70.4,0.852640165,0.522498564,0
-145.359326,83.44673717,70.4,0.852640165,0.522498564,0
-143.6873306,86.17518569,76.8,0.852640165,0.522498564,0
-148.7033168,77.98984011,67.2,0.852640165,0.522498564,0
-134.6722333,100.2919796,90.4,0.760405966,0.649448048,0
-132.5939996,102.7252786,90.4,0.760405966,0.649448048,0
-130.5157658,105.1585777,80.8,0.760405966,0.649448048,0
-134.6722333,100.2919796,87.2,0.760405966,0.649448048,0
-128.4375321,107.5918768,87.2,0.760405966,0.649448048,0
-130.5157658,105.1585777,87.2,0.760405966,0.649448048,0
-128.4375321,107.5918768,90.4,0.760405966,0.649448048,0
-134.6722333,100.2919796,80.8,0.760405966,0.649448048,0
-132.5939996,102.7252786,84,0.760405966,0.649448048,0
-128.4375321,107.5918768,80.8,0.760405966,0.649448048,0
-132.5939996,102.7252786,87.2,0.760405966,0.649448048,0
-128.4375321,107.5918768,84,0.760405966,0.649448048,0
-130.5157658,105.1585777,90.4,0.760405966,0.649448048,0
-130.5157658,105.1585777,84,0.760405966,0.649448048,0
-134.6722333,100.2919796,84,0.760405966,0.649448048,0
-132.5939996,102.7252786,80.8,0.760405966,0.649448048,0
-134.6722333,100.2919796,93.6,0.760405966,0.649448048,0
-132.5939996,102.7252786,93.6,0.760405966,0.649448048,0
-134.6722333,100.2919796,96.8,0.760405966,0.649448048,0
-132.5939996,102.7252786,96.8,0.760405966,0.649448048,0
-134.6722333,100.2919796,103.2,0.760405966,0.649448048,0
-134.6722333,100.2919796,100,0.760405966,0.649448048,0
-132.5939996,102.7252786,103.2,0.760405966,0.649448048,0
-132.5939996,102.7252786,100,0.760405966,0.649448048,0
-130.5157658,105.1585777,93.6,0.760405966,0.649448048,0
-130.5157658,105.1585777,100,0.760405966,0.649448048,0
-130.5157658,105.1585777,96.8,0.760405966,0.649448048,0
-126.3592983,110.0251759,90.4,0.760405966,0.649448048,0
-130.5157658,105.1585777,103.2,0.760405966,0.649448048,0
-128.4375321,107.5918768,93.6,0.760405966,0.649448048,0
-128.4375321,107.5918768,103.2,0.760405966,0.649448048,0
-128.4375321,107.5918768,100,0.760405966,0.649448048,0
-128.4375321,107.5918768,96.8,0.760405966,0.649448048,0
-126.3592983,110.0251759,93.6,0.760405966,0.649448048,0
-126.3592983,110.0251759,96.8,0.760405966,0.649448048,0
-126.3592983,110.0251759,103.2,0.760405966,0.649448048,0
-126.3592983,110.0251759,100,0.760405966,0.649448048,0
-124.2810645,112.458475,103.2,0.760405966,0.649448048,0
-126.3592983,110.0251759,87.2,0.760405966,0.649448048,0
-124.2810645,112.458475,100,0.760405966,0.649448048,0
-124.2810645,112.458475,96.8,0.760405966,0.649448048,0
-124.2810645,112.458475,93.6,0.760405966,0.649448048,0
-122.2028308,114.8917741,100,0.760405966,0.649448048,0
-122.2028308,114.8917741,103.2,0.760405966,0.649448048,0
-120.124597,117.3250732,103.2,0.760405966,0.649448048,0
-122.2028308,114.8917741,93.6,0.760405966,0.649448048,0
-120.124597,117.3250732,100,0.760405966,0.649448048,0
-122.2028308,114.8917741,96.8,0.760405966,0.649448048,0
-120.124597,117.3250732,93.6,0.760405966,0.649448048,0
-120.124597,117.3250732,96.8,0.760405966,0.649448048,0
-124.2810645,112.458475,84,0.760405966,0.649448048,0
-122.2028308,114.8917741,84,0.760405966,0.649448048,0
-122.2028308,114.8917741,80.8,0.760405966,0.649448048,0
-122.2028308,114.8917741,90.4,0.760405966,0.649448048,0
-122.2028308,114.8917741,87.2,0.760405966,0.649448048,0
-120.124597,117.3250732,84,0.760405966,0.649448048,0
-120.124597,117.3250732,80.8,0.760405966,0.649448048,0
-124.2810645,112.458475,80.8,0.760405966,0.649448048,0
-126.3592983,110.0251759,80.8,0.760405966,0.649448048,0
-124.2810645,112.458475,90.4,0.760405966,0.649448048,0
-120.124597,117.3250732,87.2,0.760405966,0.649448048,0
-124.2810645,112.458475,87.2,0.760405966,0.649448048,0
-126.3592983,110.0251759,84,0.760405966,0.649448048,0
-120.124597,117.3250732,90.4,0.760405966,0.649448048,0
-120.124597,117.3250732,67.2,0.760405966,0.649448048,0
-122.2028308,114.8917741,67.2,0.760405966,0.649448048,0
-126.3592983,110.0251759,70.4,0.760405966,0.649448048,0
-122.2028308,114.8917741,70.4,0.760405966,0.649448048,0
-126.3592983,110.0251759,67.2,0.760405966,0.649448048,0
-120.124597,117.3250732,73.6,0.760405966,0.649448048,0
-124.2810645,112.458475,73.6,0.760405966,0.649448048,0
-120.124597,117.3250732,76.8,0.760405966,0.649448048,0
-122.2028308,114.8917741,73.6,0.760405966,0.649448048,0
-128.4375321,107.5918768,67.2,0.760405966,0.649448048,0
-120.124597,117.3250732,70.4,0.760405966,0.649448048,0
-128.4375321,107.5918768,70.4,0.760405966,0.649448048,0
-124.2810645,112.458475,67.2,0.760405966,0.649448048,0
-124.2810645,112.458475,76.8,0.760405966,0.649448048,0
-124.2810645,112.458475,70.4,0.760405966,0.649448048,0
-122.2028308,114.8917741,76.8,0.760405966,0.649448048,0
-120.124597,117.3250732,64,0.760405966,0.649448048,0
-120.124597,117.3250732,57.6,0.760405966,0.649448048,0
-120.124597,117.3250732,60.8,0.760405966,0.649448048,0
-120.124597,117.3250732,54.4,0.760405966,0.649448048,0
-122.2028308,114.8917741,60.8,0.760405966,0.649448048,0
-122.2028308,114.8917741,64,0.760405966,0.649448048,0
-122.2028308,114.8917741,57.6,0.760405966,0.649448048,0
-122.2028308,114.8917741,54.4,0.760405966,0.649448048,0
-124.2810645,112.458475,64,0.760405966,0.649448048,0
-124.2810645,112.458475,57.6,0.760405966,0.649448048,0
-124.2810645,112.458475,60.8,0.760405966,0.649448048,0
-126.3592983,110.0251759,73.6,0.760405966,0.649448048,0
-124.2810645,112.458475,54.4,0.760405966,0.649448048,0
-126.3592983,110.0251759,54.4,0.760405966,0.649448048,0
-126.3592983,110.0251759,57.6,0.760405966,0.649448048,0
-126.3592983,110.0251759,64,0.760405966,0.649448048,0
-126.3592983,110.0251759,60.8,0.760405966,0.649448048,0
-128.4375321,107.5918768,60.8,0.760405966,0.649448048,0
-128.4375321,107.5918768,57.6,0.760405966,0.649448048,0
-128.4375321,107.5918768,64,0.760405966,0.649448048,0
-128.4375321,107.5918768,54.4,0.760405966,0.649448048,0
-130.5157658,105.1585777,54.4,0.760405966,0.649448048,0
-126.3592983,110.0251759,76.8,0.760405966,0.649448048,0
-130.5157658,105.1585777,57.6,0.760405966,0.649448048,0
-132.5939996,102.7252786,54.4,0.760405966,0.649448048,0
-130.5157658,105.1585777,60.8,0.760405966,0.649448048,0
-132.5939996,102.7252786,57.6,0.760405966,0.649448048,0
-130.5157658,105.1585777,64,0.760405966,0.649448048,0
-134.6722333,100.2919796,54.4,0.760405966,0.649448048,0
-132.5939996,102.7252786,60.8,0.760405966,0.649448048,0
-134.6722333,100.2919796,57.6,0.760405966,0.649448048,0
-132.5939996,102.7252786,64,0.760405966,0.649448048,0
-134.6722333,100.2919796,60.8,0.760405966,0.649448048,0
-134.6722333,100.2919796,64,0.760405966,0.649448048,0
-130.5157658,105.1585777,76.8,0.760405966,0.649448048,0
-132.5939996,102.7252786,70.4,0.760405966,0.649448048,0
-132.5939996,102.7252786,76.8,0.760405966,0.649448048,0
-132.5939996,102.7252786,67.2,0.760405966,0.649448048,0
-132.5939996,102.7252786,73.6,0.760405966,0.649448048,0
-134.6722333,100.2919796,73.6,0.760405966,0.649448048,0
-134.6722333,100.2919796,76.8,0.760405966,0.649448048,0
-130.5157658,105.1585777,73.6,0.760405966,0.649448048,0
-128.4375321,107.5918768,73.6,0.760405966,0.649448048,0
-130.5157658,105.1585777,67.2,0.760405966,0.649448048,0
-134.6722333,100.2919796,70.4,0.760405966,0.649448048,0
-130.5157658,105.1585777,70.4,0.760405966,0.649448048,0
-128.4375321,107.5918768,76.8,0.760405966,0.649448048,0
-134.6722333,100.2919796,67.2,0.760405966,0.649448048,0
-117.3250725,120.1245976,90.4,0.649448049,0.760405965,0
-114.8917734,122.2028314,90.4,0.649448049,0.760405965,0
-112.4584743,124.2810651,80.8,0.649448049,0.760405965,0
-117.3250725,120.1245976,87.2,0.649448049,0.760405965,0
-110.0251752,126.3592989,87.2,0.649448049,0.760405965,0
-112.4584743,124.2810651,87.2,0.649448049,0.760405965,0
-110.0251752,126.3592989,90.4,0.649448049,0.760405965,0
-117.3250725,120.1245976,80.8,0.649448049,0.760405965,0
-114.8917734,122.2028314,84,0.649448049,0.760405965,0
-110.0251752,126.3592989,80.8,0.649448049,0.760405965,0
-114.8917734,122.2028314,87.2,0.649448049,0.760405965,0
-110.0251752,126.3592989,84,0.649448049,0.760405965,0
-112.4584743,124.2810651,90.4,0.649448049,0.760405965,0
-112.4584743,124.2810651,84,0.649448049,0.760405965,0
-117.3250725,120.1245976,84,0.649448049,0.760405965,0
-114.8917734,122.2028314,80.8,0.649448049,0.760405965,0
-117.3250725,120.1245976,93.6,0.649448049,0.760405965,0
-114.8917734,122.2028314,93.6,0.649448049,0.760405965,0
-117.3250725,120.1245976,96.8,0.649448049,0.760405965,0
-114.8917734,122.2028314,96.8,0.649448049,0.760405965,0
-117.3250725,120.1245976,103.2,0.649448049,0.760405965,0
-117.3250725,120.1245976,100,0.649448049,0.760405965,0
-114.8917734,122.2028314,103.2,0.649448049,0.760405965,0
-114.8917734,122.2028314,100,0.649448049,0.760405965,0
-112.4584743,124.2810651,93.6,0.649448049,0.760405965,0
-112.4584743,124.2810651,100,0.649448049,0.760405965,0
-112.4584743,124.2810651,96.8,0.649448049,0.760405965,0
-107.5918761,128.4375326,90.4,0.649448049,0.760405965,0
-112.4584743,124.2810651,103.2,0.649448049,0.760405965,0
-110.0251752,126.3592989,93.6,0.649448049,0.760405965,0
-110.0251752,126.3592989,103.2,0.649448049,0.760405965,0
-110.0251752,126.3592989,100,0.649448049,0.760405965,0
-110.0251752,126.3592989,96.8,0.649448049,0.760405965,0
-107.5918761,128.4375326,93.6,0.649448049,0.760405965,0
-107.5918761,128.4375326,96.8,0.649448049,0.760405965,0
-107.5918761,128.4375326,103.2,0.649448049,0.760405965,0
-107.5918761,128.4375326,100,0.649448049,0.760405965,0
-105.1585771,130.5157664,103.2,0.649448049,0.760405965,0
-107.5918761,128.4375326,87.2,0.649448049,0.760405965,0
-105.1585771,130.5157664,100,0.649448049,0.760405965,0
-105.1585771,130.5157664,96.8,0.649448049,0.760405965,0
-105.1585771,130.5157664,93.6,0.649448049,0.760405965,0
-102.725278,132.5940002,100,0.649448049,0.760405965,0
-102.725278,132.5940002,103.2,0.649448049,0.760405965,0
-100.2919789,134.6722339,103.2,0.649448049,0.760405965,0
-102.725278,132.5940002,93.6,0.649448049,0.760405965,0
-100.2919789,134.6722339,100,0.649448049,0.760405965,0
-102.725278,132.5940002,96.8,0.649448049,0.760405965,0
-100.2919789,134.6722339,93.6,0.649448049,0.760405965,0
-100.2919789,134.6722339,96.8,0.649448049,0.760405965,0
-105.1585771,130.5157664,84,0.649448049,0.760405965,0
-102.725278,132.5940002,84,0.649448049,0.760405965,0
-102.725278,132.5940002,80.8,0.649448049,0.760405965,0
-102.725278,132.5940002,90.4,0.649448049,0.760405965,0
-102.725278,132.5940002,87.2,0.649448049,0.760405965,0
-100.2919789,134.6722339,84,0.649448049,0.760405965,0
-100.2919789,134.6722339,80.8,0.649448049,0.760405965,0
-105.1585771,130.5157664,80.8,0.649448049,0.760405965,0
-107.5918761,128.4375326,80.8,0.649448049,0.760405965,0
-105.1585771,130.5157664,90.4,0.649448049,0.760405965,0
-100.2919789,134.6722339,87.2,0.649448049,0.760405965,0
-105.1585771,130.5157664,87.2,0.649448049,0.760405965,0
-107.5918761,128.4375326,84,0.649448049,0.760405965,0
-100.2919789,134.6722339,90.4,0.649448049,0.760405965,0
-100.2919789,134.6722339,67.2,0.649448049,0.760405965,0
-102.725278,132.5940002,67.2,0.649448049,0.760405965,0
-107.5918761,128.4375326,70.4,0.649448049,0.760405965,0
-102.725278,132.5940002,70.4,0.649448049,0.760405965,0
-107.5918761,128.4375326,67.2,0.649448049,0.760405965,0
-100.2919789,134.6722339,73.6,0.649448049,0.760405965,0
-105.1585771,130.5157664,73.6,0.649448049,0.760405965,0
-100.2919789,134.6722339,76.8,0.649448049,0.760405965,0
-102.725278,132.5940002,73.6,0.649448049,0.760405965,0
-110.0251752,126.3592989,67.2,0.649448049,0.760405965,0
-100.2919789,134.6722339,70.4,0.649448049,0.760405965,0
-110.0251752,126.3592989,70.4,0.649448049,0.760405965,0
-105.1585771,130.5157664,67.2,0.649448049,0.760405965,0
-105.1585771,130.5157664,76.8,0.649448049,0.760405965,0
-105.1585771,130.5157664,70.4,0.649448049,0.760405965,0
-102.725278,132.5940002,76.8,0.649448049,0.760405965,0
-100.2919789,134.6722339,64,0.649448049,0.760405965,0
-100.2919789,134.6722339,57.6,0.649448049,0.760405965,0
-100.2919789,134.6722339,60.8,0.649448049,0.760405965,0
-100.2919789,134.6722339,54.4,0.649448049,0.760405965,0
-102.725278,132.5940002,60.8,0.649448049,0.760405965,0
-102.725278,132.5940002,64,0.649448049,0.760405965,0
-102.725278,132.5940002,57.6,0.649448049,0.760405965,0
-102.725278,132.5940002,54.4,0.649448049,0.760405965,0
-105.1585771,130.5157664,64,0.649448049,0.760405965,0
-105.1585771,130.5157664,57.6,0.649448049,0.760405965,0
-105.1585771,130.5157664,60.8,0.649448049,0.760405965,0
-107.5918761,128.4375326,73.6,0.649448049,0.760405965,0
-105.1585771,130.5157664,54.4,0.649448049,0.760405965,0
-107.5918761,128.4375326,54.4,0.649448049,0.760405965,0
-107.5918761,128.4375326,57.6,0.649448049,0.760405965,0
-107.5918761,128.4375326,64,0.649448049,0.760405965,0
-107.5918761,128.4375326,60.8,0.649448049,0.760405965,0
-110.0251752,126.3592989,60.8,0.649448049,0.760405965,0
-110.0251752,126.3592989,57.6,0.649448049,0.760405965,0
-110.0251752,126.3592989,64,0.649448049,0.760405965,0
-110.0251752,126.3592989,54.4,0.649448049,0.760405965,0
-112.4584743,124.2810651,54.4,0.649448049,0.760405965,0
-107.5918761,128.4375326,76.8,0.649448049,0.760405965,0
-112.4584743,124.2810651,57.6,0.649448049,0.760405965,0
-114.8917734,122.2028314,54.4,0.649448049,0.760405965,0
-112.4584743,124.2810651,60.8,0.649448049,0.760405965,0
-114.8917734,122.2028314,57.6,0.649448049,0.760405965,0
-112.4584743,124.2810651,64,0.649448049,0.760405965,0
-117.3250725,120.1245976,54.4,0.649448049,0.760405965,0
-114.8917734,122.2028314,60.8,0.649448049,0.760405965,0
-117.3250725,120.1245976,57.6,0.649448049,0.760405965,0
-114.8917734,122.2028314,64,0.649448049,0.760405965,0
-117.3250725,120.1245976,60.8,0.649448049,0.760405965,0
-117.3250725,120.1245976,64,0.649448049,0.760405965,0
-112.4584743,124.2810651,76.8,0.649448049,0.760405965,0
-114.8917734,122.2028314,70.4,0.649448049,0.760405965,0
-114.8917734,122.2028314,76.8,0.649448049,0.760405965,0
-114.8917734,122.2028314,67.2,0.649448049,0.760405965,0
-114.8917734,122.2028314,73.6,0.649448049,0.760405965,0
-117.3250725,120.1245976,73.6,0.649448049,0.760405965,0
-117.3250725,120.1245976,76.8,0.649448049,0.760405965,0
-112.4584743,124.2810651,73.6,0.649448049,0.760405965,0
-110.0251752,126.3592989,73.6,0.649448049,0.760405965,0
-112.4584743,124.2810651,67.2,0.649448049,0.760405965,0
-117.3250725,120.1245976,70.4,0.649448049,0.760405965,0
-112.4584743,124.2810651,70.4,0.649448049,0.760405965,0
-110.0251752,126.3592989,76.8,0.649448049,0.760405965,0
-117.3250725,120.1245976,67.2,0.649448049,0.760405965,0
-117.3250725,120.1245976,37.6,0.649448049,0.760405965,0
-114.8917734,122.2028314,37.6,0.649448049,0.760405965,0
-112.4584743,124.2810651,28,0.649448049,0.760405965,0
-117.3250725,120.1245976,34.4,0.649448049,0.760405965,0
-110.0251752,126.3592989,34.4,0.649448049,0.760405965,0
-112.4584743,124.2810651,34.4,0.649448049,0.760405965,0
-110.0251752,126.3592989,37.6,0.649448049,0.760405965,0
-117.3250725,120.1245976,28,0.649448049,0.760405965,0
-114.8917734,122.2028314,31.2,0.649448049,0.760405965,0
-110.0251752,126.3592989,28,0.649448049,0.760405965,0
-114.8917734,122.2028314,34.4,0.649448049,0.760405965,0
-110.0251752,126.3592989,31.2,0.649448049,0.760405965,0
-112.4584743,124.2810651,37.6,0.649448049,0.760405965,0
-112.4584743,124.2810651,31.2,0.649448049,0.760405965,0
-117.3250725,120.1245976,31.2,0.649448049,0.760405965,0
-114.8917734,122.2028314,28,0.649448049,0.760405965,0
-117.3250725,120.1245976,40.8,0.649448049,0.760405965,0
-114.8917734,122.2028314,40.8,0.649448049,0.760405965,0
-117.3250725,120.1245976,44,0.649448049,0.760405965,0
-114.8917734,122.2028314,44,0.649448049,0.760405965,0
-117.3250725,120.1245976,50.4,0.649448049,0.760405965,0
-117.3250725,120.1245976,47.2,0.649448049,0.760405965,0
-114.8917734,122.2028314,50.4,0.649448049,0.760405965,0
-114.8917734,122.2028314,47.2,0.649448049,0.760405965,0
-112.4584743,124.2810651,40.8,0.649448049,0.760405965,0
-112.4584743,124.2810651,47.2,0.649448049,0.760405965,0
-112.4584743,124.2810651,44,0.649448049,0.760405965,0
-107.5918761,128.4375326,37.6,0.649448049,0.760405965,0
-112.4584743,124.2810651,50.4,0.649448049,0.760405965,0
-110.0251752,126.3592989,40.8,0.649448049,0.760405965,0
-110.0251752,126.3592989,50.4,0.649448049,0.760405965,0
-110.0251752,126.3592989,47.2,0.649448049,0.760405965,0
-110.0251752,126.3592989,44,0.649448049,0.760405965,0
-107.5918761,128.4375326,40.8,0.649448049,0.760405965,0
-107.5918761,128.4375326,44,0.649448049,0.760405965,0
-107.5918761,128.4375326,50.4,0.649448049,0.760405965,0
-107.5918761,128.4375326,47.2,0.649448049,0.760405965,0
-105.1585771,130.5157664,50.4,0.649448049,0.760405965,0
-107.5918761,128.4375326,34.4,0.649448049,0.760405965,0
-105.1585771,130.5157664,47.2,0.649448049,0.760405965,0
-105.1585771,130.5157664,44,0.649448049,0.760405965,0
-105.1585771,130.5157664,40.8,0.649448049,0.760405965,0
-102.725278,132.5940002,47.2,0.649448049,0.760405965,0
-102.725278,132.5940002,50.4,0.649448049,0.760405965,0
-100.2919789,134.6722339,50.4,0.649448049,0.760405965,0
-102.725278,132.5940002,40.8,0.649448049,0.760405965,0
-100.2919789,134.6722339,47.2,0.649448049,0.760405965,0
-102.725278,132.5940002,44,0.649448049,0.760405965,0
-100.2919789,134.6722339,40.8,0.649448049,0.760405965,0
-100.2919789,134.6722339,44,0.649448049,0.760405965,0
-105.1585771,130.5157664,31.2,0.649448049,0.760405965,0
-102.725278,132.5940002,31.2,0.649448049,0.760405965,0
-102.725278,132.5940002,28,0.649448049,0.760405965,0
-102.725278,132.5940002,37.6,0.649448049,0.760405965,0
-102.725278,132.5940002,34.4,0.649448049,0.760405965,0
-100.2919789,134.6722339,31.2,0.649448049,0.760405965,0
-100.2919789,134.6722339,28,0.649448049,0.760405965,0
-105.1585771,130.5157664,28,0.649448049,0.760405965,0
-107.5918761,128.4375326,28,0.649448049,0.760405965,0
-105.1585771,130.5157664,37.6,0.649448049,0.760405965,0
-100.2919789,134.6722339,34.4,0.649448049,0.760405965,0
-105.1585771,130.5157664,34.4,0.649448049,0.760405965,0
-107.5918761,128.4375326,31.2,0.649448049,0.760405965,0
-100.2919789,134.6722339,37.6,0.649448049,0.760405965,0
-100.2919789,134.6722339,14.4,0.649448049,0.760405965,0
-102.725278,132.5940002,14.4,0.649448049,0.760405965,0
-107.5918761,128.4375326,17.6,0.649448049,0.760405965,0
-102.725278,132.5940002,17.6,0.649448049,0.760405965,0
-107.5918761,128.4375326,14.4,0.649448049,0.760405965,0
-100.2919789,134.6722339,20.8,0.649448049,0.760405965,0
-105.1585771,130.5157664,20.8,0.649448049,0.760405965,0
-100.2919789,134.6722339,24,0.649448049,0.760405965,0
-102.725278,132.5940002,20.8,0.649448049,0.760405965,0
-110.0251752,126.3592989,14.4,0.649448049,0.760405965,0
-100.2919789,134.6722339,17.6,0.649448049,0.760405965,0
-110.0251752,126.3592989,17.6,0.649448049,0.760405965,0
-105.1585771,130.5157664,14.4,0.649448049,0.760405965,0
-105.1585771,130.5157664,24,0.649448049,0.760405965,0
-105.1585771,130.5157664,17.6,0.649448049,0.760405965,0
-102.725278,132.5940002,24,0.649448049,0.760405965,0
-100.2919789,134.6722339,11.2,0.649448049,0.760405965,0
-100.2919789,134.6722339,4.8,0.649448049,0.760405965,0
-100.2919789,134.6722339,8,0.649448049,0.760405965,0
-100.2919789,134.6722339,1.6,0.649448049,0.760405965,0
-102.725278,132.5940002,8,0.649448049,0.760405965,0
-102.725278,132.5940002,11.2,0.649448049,0.760405965,0
-102.725278,132.5940002,4.8,0.649448049,0.760405965,0
-102.725278,132.5940002,1.6,0.649448049,0.760405965,0
-105.1585771,130.5157664,11.2,0.649448049,0.760405965,0
-105.1585771,130.5157664,4.8,0.649448049,0.760405965,0
-105.1585771,130.5157664,8,0.649448049,0.760405965,0
-107.5918761,128.4375326,20.8,0.649448049,0.760405965,0
-105.1585771,130.5157664,1.6,0.649448049,0.760405965,0
-107.5918761,128.4375326,1.6,0.649448049,0.760405965,0
-107.5918761,128.4375326,4.8,0.649448049,0.760405965,0
-107.5918761,128.4375326,11.2,0.649448049,0.760405965,0
-107.5918761,128.4375326,8,0.649448049,0.760405965,0
-110.0251752,126.3592989,8,0.649448049,0.760405965,0
-110.0251752,126.3592989,4.8,0.649448049,0.760405965,0
-110.0251752,126.3592989,11.2,0.649448049,0.760405965,0
-110.0251752,126.3592989,1.6,0.649448049,0.760405965,0
-112.4584743,124.2810651,1.6,0.649448049,0.760405965,0
-107.5918761,128.4375326,24,0.649448049,0.760405965,0
-112.4584743,124.2810651,4.8,0.649448049,0.760405965,0
-114.8917734,122.2028314,1.6,0.649448049,0.760405965,0
-112.4584743,124.2810651,8,0.649448049,0.760405965,0
-114.8917734,122.2028314,4.8,0.649448049,0.760405965,0
-112.4584743,124.2810651,11.2,0.649448049,0.760405965,0
-117.3250725,120.1245976,1.6,0.649448049,0.760405965,0
-114.8917734,122.2028314,8,0.649448049,0.760405965,0
-117.3250725,120.1245976,4.8,0.649448049,0.760405965,0
-114.8917734,122.2028314,11.2,0.649448049,0.760405965,0
-117.3250725,120.1245976,8,0.649448049,0.760405965,0
-117.3250725,120.1245976,11.2,0.649448049,0.760405965,0
-112.4584743,124.2810651,24,0.649448049,0.760405965,0
-114.8917734,122.2028314,17.6,0.649448049,0.760405965,0
-114.8917734,122.2028314,24,0.649448049,0.760405965,0
-114.8917734,122.2028314,14.4,0.649448049,0.760405965,0
-114.8917734,122.2028314,20.8,0.649448049,0.760405965,0
-117.3250725,120.1245976,20.8,0.649448049,0.760405965,0
-117.3250725,120.1245976,24,0.649448049,0.760405965,0
-112.4584743,124.2810651,20.8,0.649448049,0.760405965,0
-110.0251752,126.3592989,20.8,0.649448049,0.760405965,0
-112.4584743,124.2810651,14.4,0.649448049,0.760405965,0
-117.3250725,120.1245976,17.6,0.649448049,0.760405965,0
-112.4584743,124.2810651,17.6,0.649448049,0.760405965,0
-110.0251752,126.3592989,24,0.649448049,0.760405965,0
-117.3250725,120.1245976,14.4,0.649448049,0.760405965,0
-134.6722333,100.2919796,37.6,0.760405966,0.649448048,0
-132.5939996,102.7252786,37.6,0.760405966,0.649448048,0
-130.5157658,105.1585777,28,0.760405966,0.649448048,0
-134.6722333,100.2919796,34.4,0.760405966,0.649448048,0
-128.4375321,107.5918768,34.4,0.760405966,0.649448048,0
-130.5157658,105.1585777,34.4,0.760405966,0.649448048,0
-128.4375321,107.5918768,37.6,0.760405966,0.649448048,0
-134.6722333,100.2919796,28,0.760405966,0.649448048,0
-132.5939996,102.7252786,31.2,0.760405966,0.649448048,0
-128.4375321,107.5918768,28,0.760405966,0.649448048,0
-132.5939996,102.7252786,34.4,0.760405966,0.649448048,0
-128.4375321,107.5918768,31.2,0.760405966,0.649448048,0
-130.5157658,105.1585777,37.6,0.760405966,0.649448048,0
-130.5157658,105.1585777,31.2,0.760405966,0.649448048,0
-134.6722333,100.2919796,31.2,0.760405966,0.649448048,0
-132.5939996,102.7252786,28,0.760405966,0.649448048,0
-134.6722333,100.2919796,40.8,0.760405966,0.649448048,0
-132.5939996,102.7252786,40.8,0.760405966,0.649448048,0
-134.6722333,100.2919796,44,0.760405966,0.649448048,0
-132.5939996,102.7252786,44,0.760405966,0.649448048,0
-134.6722333,100.2919796,50.4,0.760405966,0.649448048,0
-134.6722333,100.2919796,47.2,0.760405966,0.649448048,0
-132.5939996,102.7252786,50.4,0.760405966,0.649448048,0
-132.5939996,102.7252786,47.2,0.760405966,0.649448048,0
-130.5157658,105.1585777,40.8,0.760405966,0.649448048,0
-130.5157658,105.1585777,47.2,0.760405966,0.649448048,0
-130.5157658,105.1585777,44,0.760405966,0.649448048,0
-126.3592983,110.0251759,37.6,0.760405966,0.649448048,0
-130.5157658,105.1585777,50.4,0.760405966,0.649448048,0
-128.4375321,107.5918768,40.8,0.760405966,0.649448048,0
-128.4375321,107.5918768,50.4,0.760405966,0.649448048,0
-128.4375321,107.5918768,47.2,0.760405966,0.649448048,0
-128.4375321,107.5918768,44,0.760405966,0.649448048,0
-126.3592983,110.0251759,40.8,0.760405966,0.649448048,0
-126.3592983,110.0251759,44,0.760405966,0.649448048,0
-126.3592983,110.0251759,50.4,0.760405966,0.649448048,0
-126.3592983,110.0251759,47.2,0.760405966,0.649448048,0
-124.2810645,112.458475,50.4,0.760405966,0.649448048,0
-126.3592983,110.0251759,34.4,0.760405966,0.649448048,0
-124.2810645,112.458475,47.2,0.760405966,0.649448048,0
-124.2810645,112.458475,44,0.760405966,0.649448048,0
-124.2810645,112.458475,40.8,0.760405966,0.649448048,0
-122.2028308,114.8917741,47.2,0.760405966,0.649448048,0
-122.2028308,114.8917741,50.4,0.760405966,0.649448048,0
-120.124597,117.3250732,50.4,0.760405966,0.649448048,0
-122.2028308,114.8917741,40.8,0.760405966,0.649448048,0
-120.124597,117.3250732,47.2,0.760405966,0.649448048,0
-122.2028308,114.8917741,44,0.760405966,0.649448048,0
-120.124597,117.3250732,40.8,0.760405966,0.649448048,0
-120.124597,117.3250732,44,0.760405966,0.649448048,0
-124.2810645,112.458475,31.2,0.760405966,0.649448048,0
-122.2028308,114.8917741,31.2,0.760405966,0.649448048,0
-122.2028308,114.8917741,28,0.760405966,0.649448048,0
-122.2028308,114.8917741,37.6,0.760405966,0.649448048,0
-122.2028308,114.8917741,34.4,0.760405966,0.649448048,0
-120.124597,117.3250732,31.2,0.760405966,0.649448048,0
-120.124597,117.3250732,28,0.760405966,0.649448048,0
-124.2810645,112.458475,28,0.760405966,0.649448048,0
-126.3592983,110.0251759,28,0.760405966,0.649448048,0
-124.2810645,112.458475,37.6,0.760405966,0.649448048,0
-120.124597,117.3250732,34.4,0.760405966,0.649448048,0
-124.2810645,112.458475,34.4,0.760405966,0.649448048,0
-126.3592983,110.0251759,31.2,0.760405966,0.649448048,0
-120.124597,117.3250732,37.6,0.760405966,0.649448048,0
-120.124597,117.3250732,14.4,0.760405966,0.649448048,0
-122.2028308,114.8917741,14.4,0.760405966,0.649448048,0
-126.3592983,110.0251759,17.6,0.760405966,0.649448048,0
-122.2028308,114.8917741,17.6,0.760405966,0.649448048,0
-126.3592983,110.0251759,14.4,0.760405966,0.649448048,0
-120.124597,117.3250732,20.8,0.760405966,0.649448048,0
-124.2810645,112.458475,20.8,0.760405966,0.649448048,0
-120.124597,117.3250732,24,0.760405966,0.649448048,0
-122.2028308,114.8917741,20.8,0.760405966,0.649448048,0
-128.4375321,107.5918768,14.4,0.760405966,0.649448048,0
-120.124597,117.3250732,17.6,0.760405966,0.649448048,0
-128.4375321,107.5918768,17.6,0.760405966,0.649448048,0
-124.2810645,112.458475,14.4,0.760405966,0.649448048,0
-124.2810645,112.458475,24,0.760405966,0.649448048,0
-124.2810645,112.458475,17.6,0.760405966,0.649448048,0
-122.2028308,114.8917741,24,0.760405966,0.649448048,0
-120.124597,117.3250732,11.2,0.760405966,0.649448048,0
-120.124597,117.3250732,4.8,0.760405966,0.649448048,0
-120.124597,117.3250732,8,0.760405966,0.649448048,0
-120.124597,117.3250732,1.6,0.760405966,0.649448048,0
-122.2028308,114.8917741,8,0.760405966,0.649448048,0
-122.2028308,114.8917741,11.2,0.760405966,0.649448048,0
-122.2028308,114.8917741,4.8,0.760405966,0.649448048,0
-122.2028308,114.8917741,1.6,0.760405966,0.649448048,0
-124.2810645,112.458475,11.2,0.760405966,0.649448048,0
-124.2810645,112.458475,4.8,0.760405966,0.649448048,0
-124.2810645,112.458475,8,0.760405966,0.649448048,0
-126.3592983,110.0251759,20.8,0.760405966,0.649448048,0
-124.2810645,112.458475,1.6,0.760405966,0.649448048,0
-126.3592983,110.0251759,1.6,0.760405966,0.649448048,0
-126.3592983,110.0251759,4.8,0.760405966,0.649448048,0
-126.3592983,110.0251759,11.2,0.760405966,0.649448048,0
-126.3592983,110.0251759,8,0.760405966,0.649448048,0
-128.4375321,107.5918768,8,0.760405966,0.649448048,0
-128.4375321,107.5918768,4.8,0.760405966,0.649448048,0
-128.4375321,107.5918768,11.2,0.760405966,0.649448048,0
-128.4375321,107.5918768,1.6,0.760405966,0.649448048,0
-130.5157658,105.1585777,1.6,0.760405966,0.649448048,0
-126.3592983,110.0251759,24,0.760405966,0.649448048,0
-130.5157658,105.1585777,4.8,0.760405966,0.649448048,0
-132.5939996,102.7252786,1.6,0.760405966,0.649448048,0
-130.5157658,105.1585777,8,0.760405966,0.649448048,0
-132.5939996,102.7252786,4.8,0.760405966,0.649448048,0
-130.5157658,105.1585777,11.2,0.760405966,0.649448048,0
-134.6722333,100.2919796,1.6,0.760405966,0.649448048,0
-132.5939996,102.7252786,8,0.760405966,0.649448048,0
-134.6722333,100.2919796,4.8,0.760405966,0.649448048,0
-132.5939996,102.7252786,11.2,0.760405966,0.649448048,0
-134.6722333,100.2919796,8,0.760405966,0.649448048,0
-134.6722333,100.2919796,11.2,0.760405966,0.649448048,0
-130.5157658,105.1585777,24,0.760405966,0.649448048,0
-132.5939996,102.7252786,17.6,0.760405966,0.649448048,0
-132.5939996,102.7252786,24,0.760405966,0.649448048,0
-132.5939996,102.7252786,14.4,0.760405966,0.649448048,0
-132.5939996,102.7252786,20.8,0.760405966,0.649448048,0
-134.6722333,100.2919796,20.8,0.760405966,0.649448048,0
-134.6722333,100.2919796,24,0.760405966,0.649448048,0
-130.5157658,105.1585777,20.8,0.760405966,0.649448048,0
-128.4375321,107.5918768,20.8,0.760405966,0.649448048,0
-130.5157658,105.1585777,14.4,0.760405966,0.649448048,0
-134.6722333,100.2919796,17.6,0.760405966,0.649448048,0
-130.5157658,105.1585777,17.6,0.760405966,0.649448048,0
-128.4375321,107.5918768,24,0.760405966,0.649448048,0
-134.6722333,100.2919796,14.4,0.760405966,0.649448048,0
-148.7033168,77.98984011,37.6,0.852640165,0.522498564,0
-147.0313214,80.71828864,37.6,0.852640165,0.522498564,0
-145.359326,83.44673717,28,0.852640165,0.522498564,0
-148.7033168,77.98984011,34.4,0.852640165,0.522498564,0
-143.6873306,86.17518569,34.4,0.852640165,0.522498564,0
-145.359326,83.44673717,34.4,0.852640165,0.522498564,0
-143.6873306,86.17518569,37.6,0.852640165,0.522498564,0
-148.7033168,77.98984011,28,0.852640165,0.522498564,0
-147.0313214,80.71828864,31.2,0.852640165,0.522498564,0
-143.6873306,86.17518569,28,0.852640165,0.522498564,0
-147.0313214,80.71828864,34.4,0.852640165,0.522498564,0
-143.6873306,86.17518569,31.2,0.852640165,0.522498564,0
-145.359326,83.44673717,37.6,0.852640165,0.522498564,0
-145.359326,83.44673717,31.2,0.852640165,0.522498564,0
-148.7033168,77.98984011,31.2,0.852640165,0.522498564,0
-147.0313214,80.71828864,28,0.852640165,0.522498564,0
-148.7033168,77.98984011,40.8,0.852640165,0.522498564,0
-147.0313214,80.71828864,40.8,0.852640165,0.522498564,0
-148.7033168,77.98984011,44,0.852640165,0.522498564,0
-147.0313214,80.71828864,44,0.852640165,0.522498564,0
-148.7033168,77.98984011,50.4,0.852640165,0.522498564,0
-148.7033168,77.98984011,47.2,0.852640165,0.522498564,0
-147.0313214,80.71828864,50.4,0.852640165,0.522498564,0
-147.0313214,80.71828864,47.2,0.852640165,0.522498564,0
-145.359326,83.44673717,40.8,0.852640165,0.522498564,0
-145.359326,83.44673717,47.2,0.852640165,0.522498564,0
-145.359326,83.44673717,44,0.852640165,0.522498564,0
-142.0153352,88.90363422,37.6,0.852640165,0.522498564,0
-145.359326,83.44673717,50.4,0.852640165,0.522498564,0
-143.6873306,86.17518569,40.8,0.852640165,0.522498564,0
-143.6873306,86.17518569,50.4,0.852640165,0.522498564,0
-143.6873306,86.17518569,47.2,0.852640165,0.522498564,0
-143.6873306,86.17518569,44,0.852640165,0.522498564,0
-142.0153352,88.90363422,40.8,0.852640165,0.522498564,0
-142.0153352,88.90363422,44,0.852640165,0.522498564,0
-142.0153352,88.90363422,50.4,0.852640165,0.522498564,0
-142.0153352,88.90363422,47.2,0.852640165,0.522498564,0
-140.3433398,91.63208275,50.4,0.852640165,0.522498564,0
-142.0153352,88.90363422,34.4,0.852640165,0.522498564,0
-140.3433398,91.63208275,47.2,0.852640165,0.522498564,0
-140.3433398,91.63208275,44,0.852640165,0.522498564,0
-140.3433398,91.63208275,40.8,0.852640165,0.522498564,0
-138.6713444,94.36053127,47.2,0.852640165,0.522498564,0
-138.6713444,94.36053127,50.4,0.852640165,0.522498564,0
-136.999349,97.0889798,50.4,0.852640165,0.522498564,0
-138.6713444,94.36053127,40.8,0.852640165,0.522498564,0
-136.999349,97.0889798,47.2,0.852640165,0.522498564,0
-138.6713444,94.36053127,44,0.852640165,0.522498564,0
-136.999349,97.0889798,40.8,0.852640165,0.522498564,0
-136.999349,97.0889798,44,0.852640165,0.522498564,0
-140.3433398,91.63208275,31.2,0.852640165,0.522498564,0
-138.6713444,94.36053127,31.2,0.852640165,0.522498564,0
-138.6713444,94.36053127,28,0.852640165,0.522498564,0
-138.6713444,94.36053127,37.6,0.852640165,0.522498564,0
-138.6713444,94.36053127,34.4,0.852640165,0.522498564,0
-136.999349,97.0889798,31.2,0.852640165,0.522498564,0
-136.999349,97.0889798,28,0.852640165,0.522498564,0
-140.3433398,91.63208275,28,0.852640165,0.522498564,0
-142.0153352,88.90363422,28,0.852640165,0.522498564,0
-140.3433398,91.63208275,37.6,0.852640165,0.522498564,0
-136.999349,97.0889798,34.4,0.852640165,0.522498564,0
-140.3433398,91.63208275,34.4,0.852640165,0.522498564,0
-142.0153352,88.90363422,31.2,0.852640165,0.522498564,0
-136.999349,97.0889798,37.6,0.852640165,0.522498564,0
-136.999349,97.0889798,14.4,0.852640165,0.522498564,0
-138.6713444,94.36053127,14.4,0.852640165,0.522498564,0
-142.0153352,88.90363422,17.6,0.852640165,0.522498564,0
-138.6713444,94.36053127,17.6,0.852640165,0.522498564,0
-142.0153352,88.90363422,14.4,0.852640165,0.522498564,0
-136.999349,97.0889798,20.8,0.852640165,0.522498564,0
-140.3433398,91.63208275,20.8,0.852640165,0.522498564,0
-136.999349,97.0889798,24,0.852640165,0.522498564,0
-138.6713444,94.36053127,20.8,0.852640165,0.522498564,0
-143.6873306,86.17518569,14.4,0.852640165,0.522498564,0
-136.999349,97.0889798,17.6,0.852640165,0.522498564,0
-143.6873306,86.17518569,17.6,0.852640165,0.522498564,0
-140.3433398,91.63208275,14.4,0.852640165,0.522498564,0
-140.3433398,91.63208275,24,0.852640165,0.522498564,0
-140.3433398,91.63208275,17.6,0.852640165,0.522498564,0
-138.6713444,94.36053127,24,0.852640165,0.522498564,0
-136.999349,97.0889798,11.2,0.852640165,0.522498564,0
-136.999349,97.0889798,4.8,0.852640165,0.522498564,0
-136.999349,97.0889798,8,0.852640165,0.522498564,0
-136.999349,97.0889798,1.6,0.852640165,0.522498564,0
-138.6713444,94.36053127,8,0.852640165,0.522498564,0
-138.6713444,94.36053127,11.2,0.852640165,0.522498564,0
-138.6713444,94.36053127,4.8,0.852640165,0.522498564,0
-138.6713444,94.36053127,1.6,0.852640165,0.522498564,0
-140.3433398,91.63208275,11.2,0.852640165,0.522498564,0
-140.3433398,91.63208275,4.8,0.852640165,0.522498564,0
-140.3433398,91.63208275,8,0.852640165,0.522498564,0
-142.0153352,88.90363422,20.8,0.852640165,0.522498564,0
-140.3433398,91.63208275,1.6,0.852640165,0.522498564,0
-142.0153352,88.90363422,1.6,0.852640165,0.522498564,0
-142.0153352,88.90363422,4.8,0.852640165,0.522498564,0
-142.0153352,88.90363422,11.2,0.852640165,0.522498564,0
-142.0153352,88.90363422,8,0.852640165,0.522498564,0
-143.6873306,86.17518569,8,0.852640165,0.522498564,0
-143.6873306,86.17518569,4.8,0.852640165,0.522498564,0
-143.6873306,86.17518569,11.2,0.852640165,0.522498564,0
-143.6873306,86.17518569,1.6,0.852640165,0.522498564,0
-145.359326,83.44673717,1.6,0.852640165,0.522498564,0
-142.0153352,88.90363422,24,0.852640165,0.522498564,0
-145.359326,83.44673717,4.8,0.852640165,0.522498564,0
-147.0313214,80.71828864,1.6,0.852640165,0.522498564,0
-145.359326,83.44673717,8,0.852640165,0.522498564,0
-147.0313214,80.71828864,4.8,0.852640165,0.522498564,0
-145.359326,83.44673717,11.2,0.852640165,0.522498564,0
-148.7033168,77.98984011,1.6,0.852640165,0.522498564,0
-147.0313214,80.71828864,8,0.852640165,0.522498564,0
-148.7033168,77.98984011,4.8,0.852640165,0.522498564,0
-147.0313214,80.71828864,11.2,0.852640165,0.522498564,0
-148.7033168,77.98984011,8,0.852640165,0.522498564,0
-148.7033168,77.98984011,11.2,0.852640165,0.522498564,0
-145.359326,83.44673717,24,0.852640165,0.522498564,0
-147.0313214,80.71828864,17.6,0.852640165,0.522498564,0
-147.0313214,80.71828864,24,0.852640165,0.522498564,0
-147.0313214,80.71828864,14.4,0.852640165,0.522498564,0
-147.0313214,80.71828864,20.8,0.852640165,0.522498564,0
-148.7033168,77.98984011,20.8,0.852640165,0.522498564,0
-148.7033168,77.98984011,24,0.852640165,0.522498564,0
-145.359326,83.44673717,20.8,0.852640165,0.522498564,0
-143.6873306,86.17518569,20.8,0.852640165,0.522498564,0
-145.359326,83.44673717,14.4,0.852640165,0.522498564,0
-148.7033168,77.98984011,17.6,0.852640165,0.522498564,0
-145.359326,83.44673717,17.6,0.852640165,0.522498564,0
-143.6873306,86.17518569,24,0.852640165,0.522498564,0
-148.7033168,77.98984011,14.4,0.852640165,0.522498564,0
-159.0728311,53.76733198,37.6,0.923879533,0.382683432,0
-157.8482441,56.72374648,37.6,0.923879533,0.382683432,0
-156.6236571,59.68016099,28,0.923879533,0.382683432,0
-159.0728311,53.76733198,34.4,0.923879533,0.382683432,0
-155.3990702,62.63657549,34.4,0.923879533,0.382683432,0
-156.6236571,59.68016099,34.4,0.923879533,0.382683432,0
-155.3990702,62.63657549,37.6,0.923879533,0.382683432,0
-159.0728311,53.76733198,28,0.923879533,0.382683432,0
-157.8482441,56.72374648,31.2,0.923879533,0.382683432,0
-155.3990702,62.63657549,28,0.923879533,0.382683432,0
-157.8482441,56.72374648,34.4,0.923879533,0.382683432,0
-155.3990702,62.63657549,31.2,0.923879533,0.382683432,0
-156.6236571,59.68016099,37.6,0.923879533,0.382683432,0
-156.6236571,59.68016099,31.2,0.923879533,0.382683432,0
-159.0728311,53.76733198,31.2,0.923879533,0.382683432,0
-157.8482441,56.72374648,28,0.923879533,0.382683432,0
-159.0728311,53.76733198,40.8,0.923879533,0.382683432,0
-157.8482441,56.72374648,40.8,0.923879533,0.382683432,0
-159.0728311,53.76733198,44,0.923879533,0.382683432,0
-157.8482441,56.72374648,44,0.923879533,0.382683432,0
-159.0728311,53.76733198,50.4,0.923879533,0.382683432,0
-159.0728311,53.76733198,47.2,0.923879533,0.382683432,0
-157.8482441,56.72374648,50.4,0.923879533,0.382683432,0
-157.8482441,56.72374648,47.2,0.923879533,0.382683432,0
-156.6236571,59.68016099,40.8,0.923879533,0.382683432,0
-156.6236571,59.68016099,47.2,0.923879533,0.382683432,0
-156.6236571,59.68016099,44,0.923879533,0.382683432,0
-154.1744832,65.59299,37.6,0.923879533,0.382683432,0
-156.6236571,59.68016099,50.4,0.923879533,0.382683432,0
-155.3990702,62.63657549,40.8,0.923879533,0.382683432,0
-155.3990702,62.63657549,50.4,0.923879533,0.382683432,0
-155.3990702,62.63657549,47.2,0.923879533,0.382683432,0
-155.3990702,62.63657549,44,0.923879533,0.382683432,0
-154.1744832,65.59299,40.8,0.923879533,0.382683432,0
-154.1744832,65.59299,44,0.923879533,0.382683432,0
-154.1744832,65.59299,50.4,0.923879533,0.382683432,0
-154.1744832,65.59299,47.2,0.923879533,0.382683432,0
-152.9498962,68.5494045,50.4,0.923879533,0.382683432,0
-154.1744832,65.59299,34.4,0.923879533,0.382683432,0
-152.9498962,68.5494045,47.2,0.923879533,0.382683432,0
-152.9498962,68.5494045,44,0.923879533,0.382683432,0
-152.9498962,68.5494045,40.8,0.923879533,0.382683432,0
-151.7253092,71.50581901,47.2,0.923879533,0.382683432,0
-151.7253092,71.50581901,50.4,0.923879533,0.382683432,0
-150.5007222,74.46223351,50.4,0.923879533,0.382683432,0
-151.7253092,71.50581901,40.8,0.923879533,0.382683432,0
-150.5007222,74.46223351,47.2,0.923879533,0.382683432,0
-151.7253092,71.50581901,44,0.923879533,0.382683432,0
-150.5007222,74.46223351,40.8,0.923879533,0.382683432,0
-150.5007222,74.46223351,44,0.923879533,0.382683432,0
-152.9498962,68.5494045,31.2,0.923879533,0.382683432,0
-151.7253092,71.50581901,31.2,0.923879533,0.382683432,0
-151.7253092,71.50581901,28,0.923879533,0.382683432,0
-151.7253092,71.50581901,37.6,0.923879533,0.382683432,0
-151.7253092,71.50581901,34.4,0.923879533,0.382683432,0
-150.5007222,74.46223351,31.2,0.923879533,0.382683432,0
-150.5007222,74.46223351,28,0.923879533,0.382683432,0
-152.9498962,68.5494045,28,0.923879533,0.382683432,0
-154.1744832,65.59299,28,0.923879533,0.382683432,0
-152.9498962,68.5494045,37.6,0.923879533,0.382683432,0
-150.5007222,74.46223351,34.4,0.923879533,0.382683432,0
-152.9498962,68.5494045,34.4,0.923879533,0.382683432,0
-154.1744832,65.59299,31.2,0.923879533,0.382683432,0
-150.5007222,74.46223351,37.6,0.923879533,0.382683432,0
-150.5007222,74.46223351,14.4,0.923879533,0.382683432,0
-151.7253092,71.50581901,14.4,0.923879533,0.382683432,0
-154.1744832,65.59299,17.6,0.923879533,0.382683432,0
-151.7253092,71.50581901,17.6,0.923879533,0.382683432,0
-154.1744832,65.59299,14.4,0.923879533,0.382683432,0
-150.5007222,74.46223351,20.8,0.923879533,0.382683432,0
-152.9498962,68.5494045,20.8,0.923879533,0.382683432,0
-150.5007222,74.46223351,24,0.923879533,0.382683432,0
-151.7253092,71.50581901,20.8,0.923879533,0.382683432,0
-155.3990702,62.63657549,14.4,0.923879533,0.382683432,0
-150.5007222,74.46223351,17.6,0.923879533,0.382683432,0
-155.3990702,62.63657549,17.6,0.923879533,0.382683432,0
-152.9498962,68.5494045,14.4,0.923879533,0.382683432,0
-152.9498962,68.5494045,24,0.923879533,0.382683432,0
-152.9498962,68.5494045,17.6,0.923879533,0.382683432,0
-151.7253092,71.50581901,24,0.923879533,0.382683432,0
-150.5007222,74.46223351,11.2,0.923879533,0.382683432,0
-150.5007222,74.46223351,4.8,0.923879533,0.382683432,0
-150.5007222,74.46223351,8,0.923879533,0.382683432,0
-150.5007222,74.46223351,1.6,0.923879533,0.382683432,0
-151.7253092,71.50581901,8,0.923879533,0.382683432,0
-151.7253092,71.50581901,11.2,0.923879533,0.382683432,0
-151.7253092,71.50581901,4.8,0.923879533,0.382683432,0
-151.7253092,71.50581901,1.6,0.923879533,0.382683432,0
-152.9498962,68.5494045,11.2,0.923879533,0.382683432,0
-152.9498962,68.5494045,4.8,0.923879533,0.382683432,0
-152.9498962,68.5494045,8,0.923879533,0.382683432,0
-154.1744832,65.59299,20.8,0.923879533,0.382683432,0
-152.9498962,68.5494045,1.6,0.923879533,0.382683432,0
-154.1744832,65.59299,1.6,0.923879533,0.382683432,0
-154.1744832,65.59299,4.8,0.923879533,0.382683432,0
-154.1744832,65.59299,11.2,0.923879533,0.382683432,0
-154.1744832,65.59299,8,0.923879533,0.382683432,0
-155.3990702,62.63657549,8,0.923879533,0.382683432,0
-155.3990702,62.63657549,4.8,0.923879533,0.382683432,0
-155.3990702,62.63657549,11.2,0.923879533,0.382683432,0
-155.3990702,62.63657549,1.6,0.923879533,0.382683432,0
-156.6236571,59.68016099,1.6,0.923879533,0.382683432,0
-154.1744832,65.59299,24,0.923879533,0.382683432,0
-156.6236571,59.68016099,4.8,0.923879533,0.382683432,0
-157.8482441,56.72374648,1.6,0.923879533,0.382683432,0
-156.6236571,59.68016099,8,0.923879533,0.382683432,0
-157.8482441,56.72374648,4.8,0.923879533,0.382683432,0
-156.6236571,59.68016099,11.2,0.923879533,0.382683432,0
-159.0728311,53.76733198,1.6,0.923879533,0.382683432,0
-157.8482441,56.72374648,8,0.923879533,0.382683432,0
-159.0728311,53.76733198,4.8,0.923879533,0.382683432,0
-157.8482441,56.72374648,11.2,0.923879533,0.382683432,0
-159.0728311,53.76733198,8,0.923879533,0.382683432,0
-159.0728311,53.76733198,11.2,0.923879533,0.382683432,0
-156.6236571,59.68016099,24,0.923879533,0.382683432,0
-157.8482441,56.72374648,17.6,0.923879533,0.382683432,0
-157.8482441,56.72374648,24,0.923879533,0.382683432,0
-157.8482441,56.72374648,14.4,0.923879533,0.382683432,0
-157.8482441,56.72374648,20.8,0.923879533,0.382683432,0
-159.0728311,53.76733198,20.8,0.923879533,0.382683432,0
-159.0728311,53.76733198,24,0.923879533,0.382683432,0
-156.6236571,59.68016099,20.8,0.923879533,0.382683432,0
-155.3990702,62.63657549,20.8,0.923879533,0.382683432,0
-156.6236571,59.68016099,14.4,0.923879533,0.382683432,0
-159.0728311,53.76733198,17.6,0.923879533,0.382683432,0
-156.6236571,59.68016099,17.6,0.923879533,0.382683432,0
-155.3990702,62.63657549,24,0.923879533,0.382683432,0
-159.0728311,53.76733198,14.4,0.923879533,0.382683432,0
-160.2962685,-50.00197874,90.4,0.97236992,0.233445364,0
-161.0432937,-46.890395,90.4,0.97236992,0.233445364,0
-161.7903189,-43.77881125,80.8,0.97236992,0.233445364,0
-160.2962685,-50.00197874,87.2,0.97236992,0.233445364,0
-162.537344,-40.6672275,87.2,0.97236992,0.233445364,0
-161.7903189,-43.77881125,87.2,0.97236992,0.233445364,0
-162.537344,-40.6672275,90.4,0.97236992,0.233445364,0
-160.2962685,-50.00197874,80.8,0.97236992,0.233445364,0
-161.0432937,-46.890395,84,0.97236992,0.233445364,0
-162.537344,-40.6672275,80.8,0.97236992,0.233445364,0
-161.0432937,-46.890395,87.2,0.97236992,0.233445364,0
-162.537344,-40.6672275,84,0.97236992,0.233445364,0
-161.7903189,-43.77881125,90.4,0.97236992,0.233445364,0
-161.7903189,-43.77881125,84,0.97236992,0.233445364,0
-160.2962685,-50.00197874,84,0.97236992,0.233445364,0
-161.0432937,-46.890395,80.8,0.97236992,0.233445364,0
-160.2962685,-50.00197874,93.6,0.97236992,0.233445364,0
-161.0432937,-46.890395,93.6,0.97236992,0.233445364,0
-160.2962685,-50.00197874,96.8,0.97236992,0.233445364,0
-161.0432937,-46.890395,96.8,0.97236992,0.233445364,0
-160.2962685,-50.00197874,103.2,0.97236992,0.233445364,0
-160.2962685,-50.00197874,100,0.97236992,0.233445364,0
-161.0432937,-46.890395,103.2,0.97236992,0.233445364,0
-161.0432937,-46.890395,100,0.97236992,0.233445364,0
-161.7903189,-43.77881125,93.6,0.97236992,0.233445364,0
-161.7903189,-43.77881125,100,0.97236992,0.233445364,0
-161.7903189,-43.77881125,96.8,0.97236992,0.233445364,0
-163.2843692,-37.55564376,90.4,0.97236992,0.233445364,0
-161.7903189,-43.77881125,103.2,0.97236992,0.233445364,0
-162.537344,-40.6672275,93.6,0.97236992,0.233445364,0
-162.537344,-40.6672275,103.2,0.97236992,0.233445364,0
-162.537344,-40.6672275,100,0.97236992,0.233445364,0
-162.537344,-40.6672275,96.8,0.97236992,0.233445364,0
-163.2843692,-37.55564376,93.6,0.97236992,0.233445364,0
-163.2843692,-37.55564376,96.8,0.97236992,0.233445364,0
-163.2843692,-37.55564376,103.2,0.97236992,0.233445364,0
-163.2843692,-37.55564376,100,0.97236992,0.233445364,0
-164.0313944,-34.44406001,103.2,0.97236992,0.233445364,0
-163.2843692,-37.55564376,87.2,0.97236992,0.233445364,0
-164.0313944,-34.44406001,100,0.97236992,0.233445364,0
-164.0313944,-34.44406001,96.8,0.97236992,0.233445364,0
-164.0313944,-34.44406001,93.6,0.97236992,0.233445364,0
-164.7784195,-31.33247627,100,0.97236992,0.233445364,0
-164.7784195,-31.33247627,103.2,0.97236992,0.233445364,0
-165.5254447,-28.22089252,103.2,0.97236992,0.233445364,0
-164.7784195,-31.33247627,93.6,0.97236992,0.233445364,0
-165.5254447,-28.22089252,100,0.97236992,0.233445364,0
-164.7784195,-31.33247627,96.8,0.97236992,0.233445364,0
-165.5254447,-28.22089252,93.6,0.97236992,0.233445364,0
-165.5254447,-28.22089252,96.8,0.97236992,0.233445364,0
-164.0313944,-34.44406001,84,0.97236992,0.233445364,0
-164.7784195,-31.33247627,84,0.97236992,0.233445364,0
-164.7784195,-31.33247627,80.8,0.97236992,0.233445364,0
-164.7784195,-31.33247627,90.4,0.97236992,0.233445364,0
-164.7784195,-31.33247627,87.2,0.97236992,0.233445364,0
-165.5254447,-28.22089252,84,0.97236992,0.233445364,0
-165.5254447,-28.22089252,80.8,0.97236992,0.233445364,0
-164.0313944,-34.44406001,80.8,0.97236992,0.233445364,0
-163.2843692,-37.55564376,80.8,0.97236992,0.233445364,0
-164.0313944,-34.44406001,90.4,0.97236992,0.233445364,0
-165.5254447,-28.22089252,87.2,0.97236992,0.233445364,0
-164.0313944,-34.44406001,87.2,0.97236992,0.233445364,0
-163.2843692,-37.55564376,84,0.97236992,0.233445364,0
-165.5254447,-28.22089252,90.4,0.97236992,0.233445364,0
-165.5254447,-28.22089252,67.2,0.97236992,0.233445364,0
-164.7784195,-31.33247627,67.2,0.97236992,0.233445364,0
-163.2843692,-37.55564376,70.4,0.97236992,0.233445364,0
-164.7784195,-31.33247627,70.4,0.97236992,0.233445364,0
-163.2843692,-37.55564376,67.2,0.97236992,0.233445364,0
-165.5254447,-28.22089252,73.6,0.97236992,0.233445364,0
-164.0313944,-34.44406001,73.6,0.97236992,0.233445364,0
-165.5254447,-28.22089252,76.8,0.97236992,0.233445364,0
-164.7784195,-31.33247627,73.6,0.97236992,0.233445364,0
-162.537344,-40.6672275,67.2,0.97236992,0.233445364,0
-165.5254447,-28.22089252,70.4,0.97236992,0.233445364,0
-162.537344,-40.6672275,70.4,0.97236992,0.233445364,0
-164.0313944,-34.44406001,67.2,0.97236992,0.233445364,0
-164.0313944,-34.44406001,76.8,0.97236992,0.233445364,0
-164.0313944,-34.44406001,70.4,0.97236992,0.233445364,0
-164.7784195,-31.33247627,76.8,0.97236992,0.233445364,0
-165.5254447,-28.22089252,64,0.97236992,0.233445364,0
-165.5254447,-28.22089252,57.6,0.97236992,0.233445364,0
-165.5254447,-28.22089252,60.8,0.97236992,0.233445364,0
-165.5254447,-28.22089252,54.4,0.97236992,0.233445364,0
-164.7784195,-31.33247627,60.8,0.97236992,0.233445364,0
-164.7784195,-31.33247627,64,0.97236992,0.233445364,0
-164.7784195,-31.33247627,57.6,0.97236992,0.233445364,0
-164.7784195,-31.33247627,54.4,0.97236992,0.233445364,0
-164.0313944,-34.44406001,64,0.97236992,0.233445364,0
-164.0313944,-34.44406001,57.6,0.97236992,0.233445364,0
-164.0313944,-34.44406001,60.8,0.97236992,0.233445364,0
-163.2843692,-37.55564376,73.6,0.97236992,0.233445364,0
-164.0313944,-34.44406001,54.4,0.97236992,0.233445364,0
-163.2843692,-37.55564376,54.4,0.97236992,0.233445364,0
-163.2843692,-37.55564376,57.6,0.97236992,0.233445364,0
-163.2843692,-37.55564376,64,0.97236992,0.233445364,0
-163.2843692,-37.55564376,60.8,0.97236992,0.233445364,0
-162.537344,-40.6672275,60.8,0.97236992,0.233445364,0
-162.537344,-40.6672275,57.6,0.97236992,0.233445364,0
-162.537344,-40.6672275,64,0.97236992,0.233445364,0
-162.537344,-40.6672275,54.4,0.97236992,0.233445364,0
-161.7903189,-43.77881125,54.4,0.97236992,0.233445364,0
-163.2843692,-37.55564376,76.8,0.97236992,0.233445364,0
-161.7903189,-43.77881125,57.6,0.97236992,0.233445364,0
-161.0432937,-46.890395,54.4,0.97236992,0.233445364,0
-161.7903189,-43.77881125,60.8,0.97236992,0.233445364,0
-161.0432937,-46.890395,57.6,0.97236992,0.233445364,0
-161.7903189,-43.77881125,64,0.97236992,0.233445364,0
-160.2962685,-50.00197874,54.4,0.97236992,0.233445364,0
-161.0432937,-46.890395,60.8,0.97236992,0.233445364,0
-160.2962685,-50.00197874,57.6,0.97236992,0.233445364,0
-161.0432937,-46.890395,64,0.97236992,0.233445364,0
-160.2962685,-50.00197874,60.8,0.97236992,0.233445364,0
-160.2962685,-50.00197874,64,0.97236992,0.233445364,0
-161.7903189,-43.77881125,76.8,0.97236992,0.233445364,0
-161.0432937,-46.890395,70.4,0.97236992,0.233445364,0
-161.0432937,-46.890395,76.8,0.97236992,0.233445364,0
-161.0432937,-46.890395,67.2,0.97236992,0.233445364,0
-161.0432937,-46.890395,73.6,0.97236992,0.233445364,0
-160.2962685,-50.00197874,73.6,0.97236992,0.233445364,0
-160.2962685,-50.00197874,76.8,0.97236992,0.233445364,0
-161.7903189,-43.77881125,73.6,0.97236992,0.233445364,0
-162.537344,-40.6672275,73.6,0.97236992,0.233445364,0
-161.7903189,-43.77881125,67.2,0.97236992,0.233445364,0
-160.2962685,-50.00197874,70.4,0.97236992,0.233445364,0
-161.7903189,-43.77881125,70.4,0.97236992,0.233445364,0
-162.537344,-40.6672275,76.8,0.97236992,0.233445364,0
-160.2962685,-50.00197874,67.2,0.97236992,0.233445364,0
-166.1447883,-24.31051042,90.4,0.996917334,0.078459096,0
-166.3958574,-21.12037495,90.4,0.996917334,0.078459096,0
-166.6469265,-17.93023949,80.8,0.996917334,0.078459096,0
-166.1447883,-24.31051042,87.2,0.996917334,0.078459096,0
-166.8979956,-14.74010402,87.2,0.996917334,0.078459096,0
-166.6469265,-17.93023949,87.2,0.996917334,0.078459096,0
-166.8979956,-14.74010402,90.4,0.996917334,0.078459096,0
-166.1447883,-24.31051042,80.8,0.996917334,0.078459096,0
-166.3958574,-21.12037495,84,0.996917334,0.078459096,0
-166.8979956,-14.74010402,80.8,0.996917334,0.078459096,0
-166.3958574,-21.12037495,87.2,0.996917334,0.078459096,0
-166.8979956,-14.74010402,84,0.996917334,0.078459096,0
-166.6469265,-17.93023949,90.4,0.996917334,0.078459096,0
-166.6469265,-17.93023949,84,0.996917334,0.078459096,0
-166.1447883,-24.31051042,84,0.996917334,0.078459096,0
-166.3958574,-21.12037495,80.8,0.996917334,0.078459096,0
-166.1447883,-24.31051042,93.6,0.996917334,0.078459096,0
-166.3958574,-21.12037495,93.6,0.996917334,0.078459096,0
-166.1447883,-24.31051042,96.8,0.996917334,0.078459096,0
-166.3958574,-21.12037495,96.8,0.996917334,0.078459096,0
-166.1447883,-24.31051042,103.2,0.996917334,0.078459096,0
-166.1447883,-24.31051042,100,0.996917334,0.078459096,0
-166.3958574,-21.12037495,103.2,0.996917334,0.078459096,0
-166.3958574,-21.12037495,100,0.996917334,0.078459096,0
-166.6469265,-17.93023949,93.6,0.996917334,0.078459096,0
-166.6469265,-17.93023949,100,0.996917334,0.078459096,0
-166.6469265,-17.93023949,96.8,0.996917334,0.078459096,0
-167.1490647,-11.54996855,90.4,0.996917334,0.078459096,0
-166.6469265,-17.93023949,103.2,0.996917334,0.078459096,0
-166.8979956,-14.74010402,93.6,0.996917334,0.078459096,0
-166.8979956,-14.74010402,103.2,0.996917334,0.078459096,0
-166.8979956,-14.74010402,100,0.996917334,0.078459096,0
-166.8979956,-14.74010402,96.8,0.996917334,0.078459096,0
-167.1490647,-11.54996855,93.6,0.996917334,0.078459096,0
-167.1490647,-11.54996855,96.8,0.996917334,0.078459096,0
-167.1490647,-11.54996855,103.2,0.996917334,0.078459096,0
-167.1490647,-11.54996855,100,0.996917334,0.078459096,0
-167.4001338,-8.359833082,103.2,0.996917334,0.078459096,0
-167.1490647,-11.54996855,87.2,0.996917334,0.078459096,0
-167.4001338,-8.359833082,100,0.996917334,0.078459096,0
-167.4001338,-8.359833082,96.8,0.996917334,0.078459096,0
-167.4001338,-8.359833082,93.6,0.996917334,0.078459096,0
-167.6512029,-5.169697614,100,0.996917334,0.078459096,0
-167.6512029,-5.169697614,103.2,0.996917334,0.078459096,0
-167.902272,-1.979562146,103.2,0.996917334,0.078459096,0
-167.6512029,-5.169697614,93.6,0.996917334,0.078459096,0
-167.902272,-1.979562146,100,0.996917334,0.078459096,0
-167.6512029,-5.169697614,96.8,0.996917334,0.078459096,0
-167.902272,-1.979562146,93.6,0.996917334,0.078459096,0
-167.902272,-1.979562146,96.8,0.996917334,0.078459096,0
-167.4001338,-8.359833082,84,0.996917334,0.078459096,0
-167.6512029,-5.169697614,84,0.996917334,0.078459096,0
-167.6512029,-5.169697614,80.8,0.996917334,0.078459096,0
-167.6512029,-5.169697614,90.4,0.996917334,0.078459096,0
-167.6512029,-5.169697614,87.2,0.996917334,0.078459096,0
-167.902272,-1.979562146,84,0.996917334,0.078459096,0
-167.902272,-1.979562146,80.8,0.996917334,0.078459096,0
-167.4001338,-8.359833082,80.8,0.996917334,0.078459096,0
-167.1490647,-11.54996855,80.8,0.996917334,0.078459096,0
-167.4001338,-8.359833082,90.4,0.996917334,0.078459096,0
-167.902272,-1.979562146,87.2,0.996917334,0.078459096,0
-167.4001338,-8.359833082,87.2,0.996917334,0.078459096,0
-167.1490647,-11.54996855,84,0.996917334,0.078459096,0
-167.902272,-1.979562146,90.4,0.996917334,0.078459096,0
-167.902272,-1.979562146,67.2,0.996917334,0.078459096,0
-167.6512029,-5.169697614,67.2,0.996917334,0.078459096,0
-167.1490647,-11.54996855,70.4,0.996917334,0.078459096,0
-167.6512029,-5.169697614,70.4,0.996917334,0.078459096,0
-167.1490647,-11.54996855,67.2,0.996917334,0.078459096,0
-167.902272,-1.979562146,73.6,0.996917334,0.078459096,0
-167.4001338,-8.359833082,73.6,0.996917334,0.078459096,0
-167.902272,-1.979562146,76.8,0.996917334,0.078459096,0
-167.6512029,-5.169697614,73.6,0.996917334,0.078459096,0
-166.8979956,-14.74010402,67.2,0.996917334,0.078459096,0
-167.902272,-1.979562146,70.4,0.996917334,0.078459096,0
-166.8979956,-14.74010402,70.4,0.996917334,0.078459096,0
-167.4001338,-8.359833082,67.2,0.996917334,0.078459096,0
-167.4001338,-8.359833082,76.8,0.996917334,0.078459096,0
-167.4001338,-8.359833082,70.4,0.996917334,0.078459096,0
-167.6512029,-5.169697614,76.8,0.996917334,0.078459096,0
-167.902272,-1.979562146,64,0.996917334,0.078459096,0
-167.902272,-1.979562146,57.6,0.996917334,0.078459096,0
-167.902272,-1.979562146,60.8,0.996917334,0.078459096,0
-167.902272,-1.979562146,54.4,0.996917334,0.078459096,0
-167.6512029,-5.169697614,60.8,0.996917334,0.078459096,0
-167.6512029,-5.169697614,64,0.996917334,0.078459096,0
-167.6512029,-5.169697614,57.6,0.996917334,0.078459096,0
-167.6512029,-5.169697614,54.4,0.996917334,0.078459096,0
-167.4001338,-8.359833082,64,0.996917334,0.078459096,0
-167.4001338,-8.359833082,57.6,0.996917334,0.078459096,0
-167.4001338,-8.359833082,60.8,0.996917334,0.078459096,0
-167.1490647,-11.54996855,73.6,0.996917334,0.078459096,0
-167.4001338,-8.359833082,54.4,0.996917334,0.078459096,0
-167.1490647,-11.54996855,54.4,0.996917334,0.078459096,0
-167.1490647,-11.54996855,57.6,0.996917334,0.078459096,0
-167.1490647,-11.54996855,64,0.996917334,0.078459096,0
-167.1490647,-11.54996855,60.8,0.996917334,0.078459096,0
-166.8979956,-14.74010402,60.8,0.996917334,0.078459096,0
-166.8979956,-14.74010402,57.6,0.996917334,0.078459096,0
-166.8979956,-14.74010402,64,0.996917334,0.078459096,0
-166.8979956,-14.74010402,54.4,0.996917334,0.078459096,0
-166.6469265,-17.93023949,54.4,0.996917334,0.078459096,0
-167.1490647,-11.54996855,76.8,0.996917334,0.078459096,0
-166.6469265,-17.93023949,57.6,0.996917334,0.078459096,0
-166.3958574,-21.12037495,54.4,0.996917334,0.078459096,0
-166.6469265,-17.93023949,60.8,0.996917334,0.078459096,0
-166.3958574,-21.12037495,57.6,0.996917334,0.078459096,0
-166.6469265,-17.93023949,64,0.996917334,0.078459096,0
-166.1447883,-24.31051042,54.4,0.996917334,0.078459096,0
-166.3958574,-21.12037495,60.8,0.996917334,0.078459096,0
-166.1447883,-24.31051042,57.6,0.996917334,0.078459096,0
-166.3958574,-21.12037495,64,0.996917334,0.078459096,0
-166.1447883,-24.31051042,60.8,0.996917334,0.078459096,0
-166.1447883,-24.31051042,64,0.996917334,0.078459096,0
-166.6469265,-17.93023949,76.8,0.996917334,0.078459096,0
-166.3958574,-21.12037495,70.4,0.996917334,0.078459096,0
-166.3958574,-21.12037495,76.8,0.996917334,0.078459096,0
-166.3958574,-21.12037495,67.2,0.996917334,0.078459096,0
-166.3958574,-21.12037495,73.6,0.996917334,0.078459096,0
-166.1447883,-24.31051042,73.6,0.996917334,0.078459096,0
-166.1447883,-24.31051042,76.8,0.996917334,0.078459096,0
-166.6469265,-17.93023949,73.6,0.996917334,0.078459096,0
-166.8979956,-14.74010402,73.6,0.996917334,0.078459096,0
-166.6469265,-17.93023949,67.2,0.996917334,0.078459096,0
-166.1447883,-24.31051042,70.4,0.996917334,0.078459096,0
-166.6469265,-17.93023949,70.4,0.996917334,0.078459096,0
-166.8979956,-14.74010402,76.8,0.996917334,0.078459096,0
-166.1447883,-24.31051042,67.2,0.996917334,0.078459096,0
-167.9022719,1.979563345,90.4,0.996917334,0.078459096,0
-167.6512028,5.169698813,90.4,0.996917334,0.078459096,0
-167.4001337,8.359834281,80.8,0.996917334,0.078459096,0
-167.9022719,1.979563345,87.2,0.996917334,0.078459096,0
-167.1490646,11.54996975,87.2,0.996917334,0.078459096,0
-167.4001337,8.359834281,87.2,0.996917334,0.078459096,0
-167.1490646,11.54996975,90.4,0.996917334,0.078459096,0
-167.9022719,1.979563345,80.8,0.996917334,0.078459096,0
-167.6512028,5.169698813,84,0.996917334,0.078459096,0
-167.1490646,11.54996975,80.8,0.996917334,0.078459096,0
-167.6512028,5.169698813,87.2,0.996917334,0.078459096,0
-167.1490646,11.54996975,84,0.996917334,0.078459096,0
-167.4001337,8.359834281,90.4,0.996917334,0.078459096,0
-167.4001337,8.359834281,84,0.996917334,0.078459096,0
-167.9022719,1.979563345,84,0.996917334,0.078459096,0
-167.6512028,5.169698813,80.8,0.996917334,0.078459096,0
-167.9022719,1.979563345,93.6,0.996917334,0.078459096,0
-167.6512028,5.169698813,93.6,0.996917334,0.078459096,0
-167.9022719,1.979563345,96.8,0.996917334,0.078459096,0
-167.6512028,5.169698813,96.8,0.996917334,0.078459096,0
-167.9022719,1.979563345,103.2,0.996917334,0.078459096,0
-167.9022719,1.979563345,100,0.996917334,0.078459096,0
-167.6512028,5.169698813,103.2,0.996917334,0.078459096,0
-167.6512028,5.169698813,100,0.996917334,0.078459096,0
-167.4001337,8.359834281,93.6,0.996917334,0.078459096,0
-167.4001337,8.359834281,100,0.996917334,0.078459096,0
-167.4001337,8.359834281,96.8,0.996917334,0.078459096,0
-166.8979955,14.74010522,90.4,0.996917334,0.078459096,0
-167.4001337,8.359834281,103.2,0.996917334,0.078459096,0
-167.1490646,11.54996975,93.6,0.996917334,0.078459096,0
-167.1490646,11.54996975,103.2,0.996917334,0.078459096,0
-167.1490646,11.54996975,100,0.996917334,0.078459096,0
-167.1490646,11.54996975,96.8,0.996917334,0.078459096,0
-166.8979955,14.74010522,93.6,0.996917334,0.078459096,0
-166.8979955,14.74010522,96.8,0.996917334,0.078459096,0
-166.8979955,14.74010522,103.2,0.996917334,0.078459096,0
-166.8979955,14.74010522,100,0.996917334,0.078459096,0
-166.6469264,17.93024068,103.2,0.996917334,0.078459096,0
-166.8979955,14.74010522,87.2,0.996917334,0.078459096,0
-166.6469264,17.93024068,100,0.996917334,0.078459096,0
-166.6469264,17.93024068,96.8,0.996917334,0.078459096,0
-166.6469264,17.93024068,93.6,0.996917334,0.078459096,0
-166.3958573,21.12037615,100,0.996917334,0.078459096,0
-166.3958573,21.12037615,103.2,0.996917334,0.078459096,0
-166.1447882,24.31051162,103.2,0.996917334,0.078459096,0
-166.3958573,21.12037615,93.6,0.996917334,0.078459096,0
-166.1447882,24.31051162,100,0.996917334,0.078459096,0
-166.3958573,21.12037615,96.8,0.996917334,0.078459096,0
-166.1447882,24.31051162,93.6,0.996917334,0.078459096,0
-166.1447882,24.31051162,96.8,0.996917334,0.078459096,0
-166.6469264,17.93024068,84,0.996917334,0.078459096,0
-166.3958573,21.12037615,84,0.996917334,0.078459096,0
-166.3958573,21.12037615,80.8,0.996917334,0.078459096,0
-166.3958573,21.12037615,90.4,0.996917334,0.078459096,0
-166.3958573,21.12037615,87.2,0.996917334,0.078459096,0
-166.1447882,24.31051162,84,0.996917334,0.078459096,0
-166.1447882,24.31051162,80.8,0.996917334,0.078459096,0
-166.6469264,17.93024068,80.8,0.996917334,0.078459096,0
-166.8979955,14.74010522,80.8,0.996917334,0.078459096,0
-166.6469264,17.93024068,90.4,0.996917334,0.078459096,0
-166.1447882,24.31051162,87.2,0.996917334,0.078459096,0
-166.6469264,17.93024068,87.2,0.996917334,0.078459096,0
-166.8979955,14.74010522,84,0.996917334,0.078459096,0
-166.1447882,24.31051162,90.4,0.996917334,0.078459096,0
-166.1447882,24.31051162,67.2,0.996917334,0.078459096,0
-166.3958573,21.12037615,67.2,0.996917334,0.078459096,0
-166.8979955,14.74010522,70.4,0.996917334,0.078459096,0
-166.3958573,21.12037615,70.4,0.996917334,0.078459096,0
-166.8979955,14.74010522,67.2,0.996917334,0.078459096,0
-166.1447882,24.31051162,73.6,0.996917334,0.078459096,0
-166.6469264,17.93024068,73.6,0.996917334,0.078459096,0
-166.1447882,24.31051162,76.8,0.996917334,0.078459096,0
-166.3958573,21.12037615,73.6,0.996917334,0.078459096,0
-167.1490646,11.54996975,67.2,0.996917334,0.078459096,0
-166.1447882,24.31051162,70.4,0.996917334,0.078459096,0
-167.1490646,11.54996975,70.4,0.996917334,0.078459096,0
-166.6469264,17.93024068,67.2,0.996917334,0.078459096,0
-166.6469264,17.93024068,76.8,0.996917334,0.078459096,0
-166.6469264,17.93024068,70.4,0.996917334,0.078459096,0
-166.3958573,21.12037615,76.8,0.996917334,0.078459096,0
-166.1447882,24.31051162,64,0.996917334,0.078459096,0
-166.1447882,24.31051162,57.6,0.996917334,0.078459096,0
-166.1447882,24.31051162,60.8,0.996917334,0.078459096,0
-166.1447882,24.31051162,54.4,0.996917334,0.078459096,0
-166.3958573,21.12037615,60.8,0.996917334,0.078459096,0
-166.3958573,21.12037615,64,0.996917334,0.078459096,0
-166.3958573,21.12037615,57.6,0.996917334,0.078459096,0
-166.3958573,21.12037615,54.4,0.996917334,0.078459096,0
-166.6469264,17.93024068,64,0.996917334,0.078459096,0
-166.6469264,17.93024068,57.6,0.996917334,0.078459096,0
-166.6469264,17.93024068,60.8,0.996917334,0.078459096,0
-166.8979955,14.74010522,73.6,0.996917334,0.078459096,0
-166.6469264,17.93024068,54.4,0.996917334,0.078459096,0
-166.8979955,14.74010522,54.4,0.996917334,0.078459096,0
-166.8979955,14.74010522,57.6,0.996917334,0.078459096,0
-166.8979955,14.74010522,64,0.996917334,0.078459096,0
-166.8979955,14.74010522,60.8,0.996917334,0.078459096,0
-167.1490646,11.54996975,60.8,0.996917334,0.078459096,0
-167.1490646,11.54996975,57.6,0.996917334,0.078459096,0
-167.1490646,11.54996975,64,0.996917334,0.078459096,0
-167.1490646,11.54996975,54.4,0.996917334,0.078459096,0
-167.4001337,8.359834281,54.4,0.996917334,0.078459096,0
-166.8979955,14.74010522,76.8,0.996917334,0.078459096,0
-167.4001337,8.359834281,57.6,0.996917334,0.078459096,0
-167.6512028,5.169698813,54.4,0.996917334,0.078459096,0
-167.4001337,8.359834281,60.8,0.996917334,0.078459096,0
-167.6512028,5.169698813,57.6,0.996917334,0.078459096,0
-167.4001337,8.359834281,64,0.996917334,0.078459096,0
-167.9022719,1.979563345,54.4,0.996917334,0.078459096,0
-167.6512028,5.169698813,60.8,0.996917334,0.078459096,0
-167.9022719,1.979563345,57.6,0.996917334,0.078459096,0
-167.6512028,5.169698813,64,0.996917334,0.078459096,0
-167.9022719,1.979563345,60.8,0.996917334,0.078459096,0
-167.9022719,1.979563345,64,0.996917334,0.078459096,0
-167.4001337,8.359834281,76.8,0.996917334,0.078459096,0
-167.6512028,5.169698813,70.4,0.996917334,0.078459096,0
-167.6512028,5.169698813,76.8,0.996917334,0.078459096,0
-167.6512028,5.169698813,67.2,0.996917334,0.078459096,0
-167.6512028,5.169698813,73.6,0.996917334,0.078459096,0
-167.9022719,1.979563345,73.6,0.996917334,0.078459096,0
-167.9022719,1.979563345,76.8,0.996917334,0.078459096,0
-167.4001337,8.359834281,73.6,0.996917334,0.078459096,0
-167.1490646,11.54996975,73.6,0.996917334,0.078459096,0
-167.4001337,8.359834281,67.2,0.996917334,0.078459096,0
-167.9022719,1.979563345,70.4,0.996917334,0.078459096,0
-167.4001337,8.359834281,70.4,0.996917334,0.078459096,0
-167.1490646,11.54996975,76.8,0.996917334,0.078459096,0
-167.9022719,1.979563345,67.2,0.996917334,0.078459096,0
-165.5254444,28.22089369,90.4,0.97236992,0.233445364,0
-164.7784192,31.33247744,90.4,0.97236992,0.233445364,0
-164.0313941,34.44406118,80.8,0.97236992,0.233445364,0
-165.5254444,28.22089369,87.2,0.97236992,0.233445364,0
-163.2843689,37.55564493,87.2,0.97236992,0.233445364,0
-164.0313941,34.44406118,87.2,0.97236992,0.233445364,0
-163.2843689,37.55564493,90.4,0.97236992,0.233445364,0
-165.5254444,28.22089369,80.8,0.97236992,0.233445364,0
-164.7784192,31.33247744,84,0.97236992,0.233445364,0
-163.2843689,37.55564493,80.8,0.97236992,0.233445364,0
-164.7784192,31.33247744,87.2,0.97236992,0.233445364,0
-163.2843689,37.55564493,84,0.97236992,0.233445364,0
-164.0313941,34.44406118,90.4,0.97236992,0.233445364,0
-164.0313941,34.44406118,84,0.97236992,0.233445364,0
-165.5254444,28.22089369,84,0.97236992,0.233445364,0
-164.7784192,31.33247744,80.8,0.97236992,0.233445364,0
-165.5254444,28.22089369,93.6,0.97236992,0.233445364,0
-164.7784192,31.33247744,93.6,0.97236992,0.233445364,0
-165.5254444,28.22089369,96.8,0.97236992,0.233445364,0
-164.7784192,31.33247744,96.8,0.97236992,0.233445364,0
-165.5254444,28.22089369,103.2,0.97236992,0.233445364,0
-165.5254444,28.22089369,100,0.97236992,0.233445364,0
-164.7784192,31.33247744,103.2,0.97236992,0.233445364,0
-164.7784192,31.33247744,100,0.97236992,0.233445364,0
-164.0313941,34.44406118,93.6,0.97236992,0.233445364,0
-164.0313941,34.44406118,100,0.97236992,0.233445364,0
-164.0313941,34.44406118,96.8,0.97236992,0.233445364,0
-162.5373438,40.66722867,90.4,0.97236992,0.233445364,0
-164.0313941,34.44406118,103.2,0.97236992,0.233445364,0
-163.2843689,37.55564493,93.6,0.97236992,0.233445364,0
-163.2843689,37.55564493,103.2,0.97236992,0.233445364,0
-163.2843689,37.55564493,100,0.97236992,0.233445364,0
-163.2843689,37.55564493,96.8,0.97236992,0.233445364,0
-162.5373438,40.66722867,93.6,0.97236992,0.233445364,0
-162.5373438,40.66722867,96.8,0.97236992,0.233445364,0
-162.5373438,40.66722867,103.2,0.97236992,0.233445364,0
-162.5373438,40.66722867,100,0.97236992,0.233445364,0
-161.7903186,43.77881242,103.2,0.97236992,0.233445364,0
-162.5373438,40.66722867,87.2,0.97236992,0.233445364,0
-161.7903186,43.77881242,100,0.97236992,0.233445364,0
-161.7903186,43.77881242,96.8,0.97236992,0.233445364,0
-161.7903186,43.77881242,93.6,0.97236992,0.233445364,0
-161.0432934,46.89039617,100,0.97236992,0.233445364,0
-161.0432934,46.89039617,103.2,0.97236992,0.233445364,0
-160.2962683,50.00197991,103.2,0.97236992,0.233445364,0
-161.0432934,46.89039617,93.6,0.97236992,0.233445364,0
-160.2962683,50.00197991,100,0.97236992,0.233445364,0
-161.0432934,46.89039617,96.8,0.97236992,0.233445364,0
-160.2962683,50.00197991,93.6,0.97236992,0.233445364,0
-160.2962683,50.00197991,96.8,0.97236992,0.233445364,0
-161.7903186,43.77881242,84,0.97236992,0.233445364,0
-161.0432934,46.89039617,84,0.97236992,0.233445364,0
-161.0432934,46.89039617,80.8,0.97236992,0.233445364,0
-161.0432934,46.89039617,90.4,0.97236992,0.233445364,0
-161.0432934,46.89039617,87.2,0.97236992,0.233445364,0
-160.2962683,50.00197991,84,0.97236992,0.233445364,0
-160.2962683,50.00197991,80.8,0.97236992,0.233445364,0
-161.7903186,43.77881242,80.8,0.97236992,0.233445364,0
-162.5373438,40.66722867,80.8,0.97236992,0.233445364,0
-161.7903186,43.77881242,90.4,0.97236992,0.233445364,0
-160.2962683,50.00197991,87.2,0.97236992,0.233445364,0
-161.7903186,43.77881242,87.2,0.97236992,0.233445364,0
-162.5373438,40.66722867,84,0.97236992,0.233445364,0
-160.2962683,50.00197991,90.4,0.97236992,0.233445364,0
-160.2962683,50.00197991,67.2,0.97236992,0.233445364,0
-161.0432934,46.89039617,67.2,0.97236992,0.233445364,0
-162.5373438,40.66722867,70.4,0.97236992,0.233445364,0
-161.0432934,46.89039617,70.4,0.97236992,0.233445364,0
-162.5373438,40.66722867,67.2,0.97236992,0.233445364,0
-160.2962683,50.00197991,73.6,0.97236992,0.233445364,0
-161.7903186,43.77881242,73.6,0.97236992,0.233445364,0
-160.2962683,50.00197991,76.8,0.97236992,0.233445364,0
-161.0432934,46.89039617,73.6,0.97236992,0.233445364,0
-163.2843689,37.55564493,67.2,0.97236992,0.233445364,0
-160.2962683,50.00197991,70.4,0.97236992,0.233445364,0
-163.2843689,37.55564493,70.4,0.97236992,0.233445364,0
-161.7903186,43.77881242,67.2,0.97236992,0.233445364,0
-161.7903186,43.77881242,76.8,0.97236992,0.233445364,0
-161.7903186,43.77881242,70.4,0.97236992,0.233445364,0
-161.0432934,46.89039617,76.8,0.97236992,0.233445364,0
-160.2962683,50.00197991,64,0.97236992,0.233445364,0
-160.2962683,50.00197991,57.6,0.97236992,0.233445364,0
-160.2962683,50.00197991,60.8,0.97236992,0.233445364,0
-160.2962683,50.00197991,54.4,0.97236992,0.233445364,0
-161.0432934,46.89039617,60.8,0.97236992,0.233445364,0
-161.0432934,46.89039617,64,0.97236992,0.233445364,0
-161.0432934,46.89039617,57.6,0.97236992,0.233445364,0
-161.0432934,46.89039617,54.4,0.97236992,0.233445364,0
-161.7903186,43.77881242,64,0.97236992,0.233445364,0
-161.7903186,43.77881242,57.6,0.97236992,0.233445364,0
-161.7903186,43.77881242,60.8,0.97236992,0.233445364,0
-162.5373438,40.66722867,73.6,0.97236992,0.233445364,0
-161.7903186,43.77881242,54.4,0.97236992,0.233445364,0
-162.5373438,40.66722867,54.4,0.97236992,0.233445364,0
-162.5373438,40.66722867,57.6,0.97236992,0.233445364,0
-162.5373438,40.66722867,64,0.97236992,0.233445364,0
-162.5373438,40.66722867,60.8,0.97236992,0.233445364,0
-163.2843689,37.55564493,60.8,0.97236992,0.233445364,0
-163.2843689,37.55564493,57.6,0.97236992,0.233445364,0
-163.2843689,37.55564493,64,0.97236992,0.233445364,0
-163.2843689,37.55564493,54.4,0.97236992,0.233445364,0
-164.0313941,34.44406118,54.4,0.97236992,0.233445364,0
-162.5373438,40.66722867,76.8,0.97236992,0.233445364,0
-164.0313941,34.44406118,57.6,0.97236992,0.233445364,0
-164.7784192,31.33247744,54.4,0.97236992,0.233445364,0
-164.0313941,34.44406118,60.8,0.97236992,0.233445364,0
-164.7784192,31.33247744,57.6,0.97236992,0.233445364,0
-164.0313941,34.44406118,64,0.97236992,0.233445364,0
-165.5254444,28.22089369,54.4,0.97236992,0.233445364,0
-164.7784192,31.33247744,60.8,0.97236992,0.233445364,0
-165.5254444,28.22089369,57.6,0.97236992,0.233445364,0
-164.7784192,31.33247744,64,0.97236992,0.233445364,0
-165.5254444,28.22089369,60.8,0.97236992,0.233445364,0
-165.5254444,28.22089369,64,0.97236992,0.233445364,0
-164.0313941,34.44406118,76.8,0.97236992,0.233445364,0
-164.7784192,31.33247744,70.4,0.97236992,0.233445364,0
-164.7784192,31.33247744,76.8,0.97236992,0.233445364,0
-164.7784192,31.33247744,67.2,0.97236992,0.233445364,0
-164.7784192,31.33247744,73.6,0.97236992,0.233445364,0
-165.5254444,28.22089369,73.6,0.97236992,0.233445364,0
-165.5254444,28.22089369,76.8,0.97236992,0.233445364,0
-164.0313941,34.44406118,73.6,0.97236992,0.233445364,0
-163.2843689,37.55564493,73.6,0.97236992,0.233445364,0
-164.0313941,34.44406118,67.2,0.97236992,0.233445364,0
-165.5254444,28.22089369,70.4,0.97236992,0.233445364,0
-164.0313941,34.44406118,70.4,0.97236992,0.233445364,0
-163.2843689,37.55564493,76.8,0.97236992,0.233445364,0
-165.5254444,28.22089369,67.2,0.97236992,0.233445364,0
-165.5254444,28.22089369,37.6,0.97236992,0.233445364,0
-164.7784192,31.33247744,37.6,0.97236992,0.233445364,0
-164.0313941,34.44406118,28,0.97236992,0.233445364,0
-165.5254444,28.22089369,34.4,0.97236992,0.233445364,0
-163.2843689,37.55564493,34.4,0.97236992,0.233445364,0
-164.0313941,34.44406118,34.4,0.97236992,0.233445364,0
-163.2843689,37.55564493,37.6,0.97236992,0.233445364,0
-165.5254444,28.22089369,28,0.97236992,0.233445364,0
-164.7784192,31.33247744,31.2,0.97236992,0.233445364,0
-163.2843689,37.55564493,28,0.97236992,0.233445364,0
-164.7784192,31.33247744,34.4,0.97236992,0.233445364,0
-163.2843689,37.55564493,31.2,0.97236992,0.233445364,0
-164.0313941,34.44406118,37.6,0.97236992,0.233445364,0
-164.0313941,34.44406118,31.2,0.97236992,0.233445364,0
-165.5254444,28.22089369,31.2,0.97236992,0.233445364,0
-164.7784192,31.33247744,28,0.97236992,0.233445364,0
-165.5254444,28.22089369,40.8,0.97236992,0.233445364,0
-164.7784192,31.33247744,40.8,0.97236992,0.233445364,0
-165.5254444,28.22089369,44,0.97236992,0.233445364,0
-164.7784192,31.33247744,44,0.97236992,0.233445364,0
-165.5254444,28.22089369,50.4,0.97236992,0.233445364,0
-165.5254444,28.22089369,47.2,0.97236992,0.233445364,0
-164.7784192,31.33247744,50.4,0.97236992,0.233445364,0
-164.7784192,31.33247744,47.2,0.97236992,0.233445364,0
-164.0313941,34.44406118,40.8,0.97236992,0.233445364,0
-164.0313941,34.44406118,47.2,0.97236992,0.233445364,0
-164.0313941,34.44406118,44,0.97236992,0.233445364,0
-162.5373438,40.66722867,37.6,0.97236992,0.233445364,0
-164.0313941,34.44406118,50.4,0.97236992,0.233445364,0
-163.2843689,37.55564493,40.8,0.97236992,0.233445364,0
-163.2843689,37.55564493,50.4,0.97236992,0.233445364,0
-163.2843689,37.55564493,47.2,0.97236992,0.233445364,0
-163.2843689,37.55564493,44,0.97236992,0.233445364,0
-162.5373438,40.66722867,40.8,0.97236992,0.233445364,0
-162.5373438,40.66722867,44,0.97236992,0.233445364,0
-162.5373438,40.66722867,50.4,0.97236992,0.233445364,0
-162.5373438,40.66722867,47.2,0.97236992,0.233445364,0
-161.7903186,43.77881242,50.4,0.97236992,0.233445364,0
-162.5373438,40.66722867,34.4,0.97236992,0.233445364,0
-161.7903186,43.77881242,47.2,0.97236992,0.233445364,0
-161.7903186,43.77881242,44,0.97236992,0.233445364,0
-161.7903186,43.77881242,40.8,0.97236992,0.233445364,0
-161.0432934,46.89039617,47.2,0.97236992,0.233445364,0
-161.0432934,46.89039617,50.4,0.97236992,0.233445364,0
-160.2962683,50.00197991,50.4,0.97236992,0.233445364,0
-161.0432934,46.89039617,40.8,0.97236992,0.233445364,0
-160.2962683,50.00197991,47.2,0.97236992,0.233445364,0
-161.0432934,46.89039617,44,0.97236992,0.233445364,0
-160.2962683,50.00197991,40.8,0.97236992,0.233445364,0
-160.2962683,50.00197991,44,0.97236992,0.233445364,0
-161.7903186,43.77881242,31.2,0.97236992,0.233445364,0
-161.0432934,46.89039617,31.2,0.97236992,0.233445364,0
-161.0432934,46.89039617,28,0.97236992,0.233445364,0
-161.0432934,46.89039617,37.6,0.97236992,0.233445364,0
-161.0432934,46.89039617,34.4,0.97236992,0.233445364,0
-160.2962683,50.00197991,31.2,0.97236992,0.233445364,0
-160.2962683,50.00197991,28,0.97236992,0.233445364,0
-161.7903186,43.77881242,28,0.97236992,0.233445364,0
-162.5373438,40.66722867,28,0.97236992,0.233445364,0
-161.7903186,43.77881242,37.6,0.97236992,0.233445364,0
-160.2962683,50.00197991,34.4,0.97236992,0.233445364,0
-161.7903186,43.77881242,34.4,0.97236992,0.233445364,0
-162.5373438,40.66722867,31.2,0.97236992,0.233445364,0
-160.2962683,50.00197991,37.6,0.97236992,0.233445364,0
-160.2962683,50.00197991,14.4,0.97236992,0.233445364,0
-161.0432934,46.89039617,14.4,0.97236992,0.233445364,0
-162.5373438,40.66722867,17.6,0.97236992,0.233445364,0
-161.0432934,46.89039617,17.6,0.97236992,0.233445364,0
-162.5373438,40.66722867,14.4,0.97236992,0.233445364,0
-160.2962683,50.00197991,20.8,0.97236992,0.233445364,0
-161.7903186,43.77881242,20.8,0.97236992,0.233445364,0
-160.2962683,50.00197991,24,0.97236992,0.233445364,0
-161.0432934,46.89039617,20.8,0.97236992,0.233445364,0
-163.2843689,37.55564493,14.4,0.97236992,0.233445364,0
-160.2962683,50.00197991,17.6,0.97236992,0.233445364,0
-163.2843689,37.55564493,17.6,0.97236992,0.233445364,0
-161.7903186,43.77881242,14.4,0.97236992,0.233445364,0
-161.7903186,43.77881242,24,0.97236992,0.233445364,0
-161.7903186,43.77881242,17.6,0.97236992,0.233445364,0
-161.0432934,46.89039617,24,0.97236992,0.233445364,0
-160.2962683,50.00197991,11.2,0.97236992,0.233445364,0
-160.2962683,50.00197991,4.8,0.97236992,0.233445364,0
-160.2962683,50.00197991,8,0.97236992,0.233445364,0
-160.2962683,50.00197991,1.6,0.97236992,0.233445364,0
-161.0432934,46.89039617,8,0.97236992,0.233445364,0
-161.0432934,46.89039617,11.2,0.97236992,0.233445364,0
-161.0432934,46.89039617,4.8,0.97236992,0.233445364,0
-161.0432934,46.89039617,1.6,0.97236992,0.233445364,0
-161.7903186,43.77881242,11.2,0.97236992,0.233445364,0
-161.7903186,43.77881242,4.8,0.97236992,0.233445364,0
-161.7903186,43.77881242,8,0.97236992,0.233445364,0
-162.5373438,40.66722867,20.8,0.97236992,0.233445364,0
-161.7903186,43.77881242,1.6,0.97236992,0.233445364,0
-162.5373438,40.66722867,1.6,0.97236992,0.233445364,0
-162.5373438,40.66722867,4.8,0.97236992,0.233445364,0
-162.5373438,40.66722867,11.2,0.97236992,0.233445364,0
-162.5373438,40.66722867,8,0.97236992,0.233445364,0
-163.2843689,37.55564493,8,0.97236992,0.233445364,0
-163.2843689,37.55564493,4.8,0.97236992,0.233445364,0
-163.2843689,37.55564493,11.2,0.97236992,0.233445364,0
-163.2843689,37.55564493,1.6,0.97236992,0.233445364,0
-164.0313941,34.44406118,1.6,0.97236992,0.233445364,0
-162.5373438,40.66722867,24,0.97236992,0.233445364,0
-164.0313941,34.44406118,4.8,0.97236992,0.233445364,0
-164.7784192,31.33247744,1.6,0.97236992,0.233445364,0
-164.0313941,34.44406118,8,0.97236992,0.233445364,0
-164.7784192,31.33247744,4.8,0.97236992,0.233445364,0
-164.0313941,34.44406118,11.2,0.97236992,0.233445364,0
-165.5254444,28.22089369,1.6,0.97236992,0.233445364,0
-164.7784192,31.33247744,8,0.97236992,0.233445364,0
-165.5254444,28.22089369,4.8,0.97236992,0.233445364,0
-164.7784192,31.33247744,11.2,0.97236992,0.233445364,0
-165.5254444,28.22089369,8,0.97236992,0.233445364,0
-165.5254444,28.22089369,11.2,0.97236992,0.233445364,0
-164.0313941,34.44406118,24,0.97236992,0.233445364,0
-164.7784192,31.33247744,17.6,0.97236992,0.233445364,0
-164.7784192,31.33247744,24,0.97236992,0.233445364,0
-164.7784192,31.33247744,14.4,0.97236992,0.233445364,0
-164.7784192,31.33247744,20.8,0.97236992,0.233445364,0
-165.5254444,28.22089369,20.8,0.97236992,0.233445364,0
-165.5254444,28.22089369,24,0.97236992,0.233445364,0
-164.0313941,34.44406118,20.8,0.97236992,0.233445364,0
-163.2843689,37.55564493,20.8,0.97236992,0.233445364,0
-164.0313941,34.44406118,14.4,0.97236992,0.233445364,0
-165.5254444,28.22089369,17.6,0.97236992,0.233445364,0
-164.0313941,34.44406118,17.6,0.97236992,0.233445364,0
-163.2843689,37.55564493,24,0.97236992,0.233445364,0
-165.5254444,28.22089369,14.4,0.97236992,0.233445364,0
-167.9022719,1.979563345,37.6,0.996917334,0.078459096,0
-167.6512028,5.169698813,37.6,0.996917334,0.078459096,0
-167.4001337,8.359834281,28,0.996917334,0.078459096,0
-167.9022719,1.979563345,34.4,0.996917334,0.078459096,0
-167.1490646,11.54996975,34.4,0.996917334,0.078459096,0
-167.4001337,8.359834281,34.4,0.996917334,0.078459096,0
-167.1490646,11.54996975,37.6,0.996917334,0.078459096,0
-167.9022719,1.979563345,28,0.996917334,0.078459096,0
-167.6512028,5.169698813,31.2,0.996917334,0.078459096,0
-167.1490646,11.54996975,28,0.996917334,0.078459096,0
-167.6512028,5.169698813,34.4,0.996917334,0.078459096,0
-167.1490646,11.54996975,31.2,0.996917334,0.078459096,0
-167.4001337,8.359834281,37.6,0.996917334,0.078459096,0
-167.4001337,8.359834281,31.2,0.996917334,0.078459096,0
-167.9022719,1.979563345,31.2,0.996917334,0.078459096,0
-167.6512028,5.169698813,28,0.996917334,0.078459096,0
-167.9022719,1.979563345,40.8,0.996917334,0.078459096,0
-167.6512028,5.169698813,40.8,0.996917334,0.078459096,0
-167.9022719,1.979563345,44,0.996917334,0.078459096,0
-167.6512028,5.169698813,44,0.996917334,0.078459096,0
-167.9022719,1.979563345,50.4,0.996917334,0.078459096,0
-167.9022719,1.979563345,47.2,0.996917334,0.078459096,0
-167.6512028,5.169698813,50.4,0.996917334,0.078459096,0
-167.6512028,5.169698813,47.2,0.996917334,0.078459096,0
-167.4001337,8.359834281,40.8,0.996917334,0.078459096,0
-167.4001337,8.359834281,47.2,0.996917334,0.078459096,0
-167.4001337,8.359834281,44,0.996917334,0.078459096,0
-166.8979955,14.74010522,37.6,0.996917334,0.078459096,0
-167.4001337,8.359834281,50.4,0.996917334,0.078459096,0
-167.1490646,11.54996975,40.8,0.996917334,0.078459096,0
-167.1490646,11.54996975,50.4,0.996917334,0.078459096,0
-167.1490646,11.54996975,47.2,0.996917334,0.078459096,0
-167.1490646,11.54996975,44,0.996917334,0.078459096,0
-166.8979955,14.74010522,40.8,0.996917334,0.078459096,0
-166.8979955,14.74010522,44,0.996917334,0.078459096,0
-166.8979955,14.74010522,50.4,0.996917334,0.078459096,0
-166.8979955,14.74010522,47.2,0.996917334,0.078459096,0
-166.6469264,17.93024068,50.4,0.996917334,0.078459096,0
-166.8979955,14.74010522,34.4,0.996917334,0.078459096,0
-166.6469264,17.93024068,47.2,0.996917334,0.078459096,0
-166.6469264,17.93024068,44,0.996917334,0.078459096,0
-166.6469264,17.93024068,40.8,0.996917334,0.078459096,0
-166.3958573,21.12037615,47.2,0.996917334,0.078459096,0
-166.3958573,21.12037615,50.4,0.996917334,0.078459096,0
-166.1447882,24.31051162,50.4,0.996917334,0.078459096,0
-166.3958573,21.12037615,40.8,0.996917334,0.078459096,0
-166.1447882,24.31051162,47.2,0.996917334,0.078459096,0
-166.3958573,21.12037615,44,0.996917334,0.078459096,0
-166.1447882,24.31051162,40.8,0.996917334,0.078459096,0
-166.1447882,24.31051162,44,0.996917334,0.078459096,0
-166.6469264,17.93024068,31.2,0.996917334,0.078459096,0
-166.3958573,21.12037615,31.2,0.996917334,0.078459096,0
-166.3958573,21.12037615,28,0.996917334,0.078459096,0
-166.3958573,21.12037615,37.6,0.996917334,0.078459096,0
-166.3958573,21.12037615,34.4,0.996917334,0.078459096,0
-166.1447882,24.31051162,31.2,0.996917334,0.078459096,0
-166.1447882,24.31051162,28,0.996917334,0.078459096,0
-166.6469264,17.93024068,28,0.996917334,0.078459096,0
-166.8979955,14.74010522,28,0.996917334,0.078459096,0
-166.6469264,17.93024068,37.6,0.996917334,0.078459096,0
-166.1447882,24.31051162,34.4,0.996917334,0.078459096,0
-166.6469264,17.93024068,34.4,0.996917334,0.078459096,0
-166.8979955,14.74010522,31.2,0.996917334,0.078459096,0
-166.1447882,24.31051162,37.6,0.996917334,0.078459096,0
-166.1447882,24.31051162,14.4,0.996917334,0.078459096,0
-166.3958573,21.12037615,14.4,0.996917334,0.078459096,0
-166.8979955,14.74010522,17.6,0.996917334,0.078459096,0
-166.3958573,21.12037615,17.6,0.996917334,0.078459096,0
-166.8979955,14.74010522,14.4,0.996917334,0.078459096,0
-166.1447882,24.31051162,20.8,0.996917334,0.078459096,0
-166.6469264,17.93024068,20.8,0.996917334,0.078459096,0
-166.1447882,24.31051162,24,0.996917334,0.078459096,0
-166.3958573,21.12037615,20.8,0.996917334,0.078459096,0
-167.1490646,11.54996975,14.4,0.996917334,0.078459096,0
-166.1447882,24.31051162,17.6,0.996917334,0.078459096,0
-167.1490646,11.54996975,17.6,0.996917334,0.078459096,0
-166.6469264,17.93024068,14.4,0.996917334,0.078459096,0
-166.6469264,17.93024068,24,0.996917334,0.078459096,0
-166.6469264,17.93024068,17.6,0.996917334,0.078459096,0
-166.3958573,21.12037615,24,0.996917334,0.078459096,0
-166.1447882,24.31051162,11.2,0.996917334,0.078459096,0
-166.1447882,24.31051162,4.8,0.996917334,0.078459096,0
-166.1447882,24.31051162,8,0.996917334,0.078459096,0
-166.1447882,24.31051162,1.6,0.996917334,0.078459096,0
-166.3958573,21.12037615,8,0.996917334,0.078459096,0
-166.3958573,21.12037615,11.2,0.996917334,0.078459096,0
-166.3958573,21.12037615,4.8,0.996917334,0.078459096,0
-166.3958573,21.12037615,1.6,0.996917334,0.078459096,0
-166.6469264,17.93024068,11.2,0.996917334,0.078459096,0
-166.6469264,17.93024068,4.8,0.996917334,0.078459096,0
-166.6469264,17.93024068,8,0.996917334,0.078459096,0
-166.8979955,14.74010522,20.8,0.996917334,0.078459096,0
-166.6469264,17.93024068,1.6,0.996917334,0.078459096,0
-166.8979955,14.74010522,1.6,0.996917334,0.078459096,0
-166.8979955,14.74010522,4.8,0.996917334,0.078459096,0
-166.8979955,14.74010522,11.2,0.996917334,0.078459096,0
-166.8979955,14.74010522,8,0.996917334,0.078459096,0
-167.1490646,11.54996975,8,0.996917334,0.078459096,0
-167.1490646,11.54996975,4.8,0.996917334,0.078459096,0
-167.1490646,11.54996975,11.2,0.996917334,0.078459096,0
-167.1490646,11.54996975,1.6,0.996917334,0.078459096,0
-167.4001337,8.359834281,1.6,0.996917334,0.078459096,0
-166.8979955,14.74010522,24,0.996917334,0.078459096,0
-167.4001337,8.359834281,4.8,0.996917334,0.078459096,0
-167.6512028,5.169698813,1.6,0.996917334,0.078459096,0
-167.4001337,8.359834281,8,0.996917334,0.078459096,0
-167.6512028,5.169698813,4.8,0.996917334,0.078459096,0
-167.4001337,8.359834281,11.2,0.996917334,0.078459096,0
-167.9022719,1.979563345,1.6,0.996917334,0.078459096,0
-167.6512028,5.169698813,8,0.996917334,0.078459096,0
-167.9022719,1.979563345,4.8,0.996917334,0.078459096,0
-167.6512028,5.169698813,11.2,0.996917334,0.078459096,0
-167.9022719,1.979563345,8,0.996917334,0.078459096,0
-167.9022719,1.979563345,11.2,0.996917334,0.078459096,0
-167.4001337,8.359834281,24,0.996917334,0.078459096,0
-167.6512028,5.169698813,17.6,0.996917334,0.078459096,0
-167.6512028,5.169698813,24,0.996917334,0.078459096,0
-167.6512028,5.169698813,14.4,0.996917334,0.078459096,0
-167.6512028,5.169698813,20.8,0.996917334,0.078459096,0
-167.9022719,1.979563345,20.8,0.996917334,0.078459096,0
-167.9022719,1.979563345,24,0.996917334,0.078459096,0
-167.4001337,8.359834281,20.8,0.996917334,0.078459096,0
-167.1490646,11.54996975,20.8,0.996917334,0.078459096,0
-167.4001337,8.359834281,14.4,0.996917334,0.078459096,0
-167.9022719,1.979563345,17.6,0.996917334,0.078459096,0
-167.4001337,8.359834281,17.6,0.996917334,0.078459096,0
-167.1490646,11.54996975,24,0.996917334,0.078459096,0
-167.9022719,1.979563345,14.4,0.996917334,0.078459096,0
-166.1447883,-24.31051042,37.6,0.996917334,0.078459096,0
-166.3958574,-21.12037495,37.6,0.996917334,0.078459096,0
-166.6469265,-17.93023949,28,0.996917334,0.078459096,0
-166.1447883,-24.31051042,34.4,0.996917334,0.078459096,0
-166.8979956,-14.74010402,34.4,0.996917334,0.078459096,0
-166.6469265,-17.93023949,34.4,0.996917334,0.078459096,0
-166.8979956,-14.74010402,37.6,0.996917334,0.078459096,0
-166.1447883,-24.31051042,28,0.996917334,0.078459096,0
-166.3958574,-21.12037495,31.2,0.996917334,0.078459096,0
-166.8979956,-14.74010402,28,0.996917334,0.078459096,0
-166.3958574,-21.12037495,34.4,0.996917334,0.078459096,0
-166.8979956,-14.74010402,31.2,0.996917334,0.078459096,0
-166.6469265,-17.93023949,37.6,0.996917334,0.078459096,0
-166.6469265,-17.93023949,31.2,0.996917334,0.078459096,0
-166.1447883,-24.31051042,31.2,0.996917334,0.078459096,0
-166.3958574,-21.12037495,28,0.996917334,0.078459096,0
-166.1447883,-24.31051042,40.8,0.996917334,0.078459096,0
-166.3958574,-21.12037495,40.8,0.996917334,0.078459096,0
-166.1447883,-24.31051042,44,0.996917334,0.078459096,0
-166.3958574,-21.12037495,44,0.996917334,0.078459096,0
-166.1447883,-24.31051042,50.4,0.996917334,0.078459096,0
-166.1447883,-24.31051042,47.2,0.996917334,0.078459096,0
-166.3958574,-21.12037495,50.4,0.996917334,0.078459096,0
-166.3958574,-21.12037495,47.2,0.996917334,0.078459096,0
-166.6469265,-17.93023949,40.8,0.996917334,0.078459096,0
-166.6469265,-17.93023949,47.2,0.996917334,0.078459096,0
-166.6469265,-17.93023949,44,0.996917334,0.078459096,0
-167.1490647,-11.54996855,37.6,0.996917334,0.078459096,0
-166.6469265,-17.93023949,50.4,0.996917334,0.078459096,0
-166.8979956,-14.74010402,40.8,0.996917334,0.078459096,0
-166.8979956,-14.74010402,50.4,0.996917334,0.078459096,0
-166.8979956,-14.74010402,47.2,0.996917334,0.078459096,0
-166.8979956,-14.74010402,44,0.996917334,0.078459096,0
-167.1490647,-11.54996855,40.8,0.996917334,0.078459096,0
-167.1490647,-11.54996855,44,0.996917334,0.078459096,0
-167.1490647,-11.54996855,50.4,0.996917334,0.078459096,0
-167.1490647,-11.54996855,47.2,0.996917334,0.078459096,0
-167.4001338,-8.359833082,50.4,0.996917334,0.078459096,0
-167.1490647,-11.54996855,34.4,0.996917334,0.078459096,0
-167.4001338,-8.359833082,47.2,0.996917334,0.078459096,0
-167.4001338,-8.359833082,44,0.996917334,0.078459096,0
-167.4001338,-8.359833082,40.8,0.996917334,0.078459096,0
-167.6512029,-5.169697614,47.2,0.996917334,0.078459096,0
-167.6512029,-5.169697614,50.4,0.996917334,0.078459096,0
-167.902272,-1.979562146,50.4,0.996917334,0.078459096,0
-167.6512029,-5.169697614,40.8,0.996917334,0.078459096,0
-167.902272,-1.979562146,47.2,0.996917334,0.078459096,0
-167.6512029,-5.169697614,44,0.996917334,0.078459096,0
-167.902272,-1.979562146,40.8,0.996917334,0.078459096,0
-167.902272,-1.979562146,44,0.996917334,0.078459096,0
-167.4001338,-8.359833082,31.2,0.996917334,0.078459096,0
-167.6512029,-5.169697614,31.2,0.996917334,0.078459096,0
-167.6512029,-5.169697614,28,0.996917334,0.078459096,0
-167.6512029,-5.169697614,37.6,0.996917334,0.078459096,0
-167.6512029,-5.169697614,34.4,0.996917334,0.078459096,0
-167.902272,-1.979562146,31.2,0.996917334,0.078459096,0
-167.902272,-1.979562146,28,0.996917334,0.078459096,0
-167.4001338,-8.359833082,28,0.996917334,0.078459096,0
-167.1490647,-11.54996855,28,0.996917334,0.078459096,0
-167.4001338,-8.359833082,37.6,0.996917334,0.078459096,0
-167.902272,-1.979562146,34.4,0.996917334,0.078459096,0
-167.4001338,-8.359833082,34.4,0.996917334,0.078459096,0
-167.1490647,-11.54996855,31.2,0.996917334,0.078459096,0
-167.902272,-1.979562146,37.6,0.996917334,0.078459096,0
-167.902272,-1.979562146,14.4,0.996917334,0.078459096,0
-167.6512029,-5.169697614,14.4,0.996917334,0.078459096,0
-167.1490647,-11.54996855,17.6,0.996917334,0.078459096,0
-167.6512029,-5.169697614,17.6,0.996917334,0.078459096,0
-167.1490647,-11.54996855,14.4,0.996917334,0.078459096,0
-167.902272,-1.979562146,20.8,0.996917334,0.078459096,0
-167.4001338,-8.359833082,20.8,0.996917334,0.078459096,0
-167.902272,-1.979562146,24,0.996917334,0.078459096,0
-167.6512029,-5.169697614,20.8,0.996917334,0.078459096,0
-166.8979956,-14.74010402,14.4,0.996917334,0.078459096,0
-167.902272,-1.979562146,17.6,0.996917334,0.078459096,0
-166.8979956,-14.74010402,17.6,0.996917334,0.078459096,0
-167.4001338,-8.359833082,14.4,0.996917334,0.078459096,0
-167.4001338,-8.359833082,24,0.996917334,0.078459096,0
-167.4001338,-8.359833082,17.6,0.996917334,0.078459096,0
-167.6512029,-5.169697614,24,0.996917334,0.078459096,0
-167.902272,-1.979562146,11.2,0.996917334,0.078459096,0
-167.902272,-1.979562146,4.8,0.996917334,0.078459096,0
-167.902272,-1.979562146,8,0.996917334,0.078459096,0
-167.902272,-1.979562146,1.6,0.996917334,0.078459096,0
-167.6512029,-5.169697614,8,0.996917334,0.078459096,0
-167.6512029,-5.169697614,11.2,0.996917334,0.078459096,0
-167.6512029,-5.169697614,4.8,0.996917334,0.078459096,0
-167.6512029,-5.169697614,1.6,0.996917334,0.078459096,0
-167.4001338,-8.359833082,11.2,0.996917334,0.078459096,0
-167.4001338,-8.359833082,4.8,0.996917334,0.078459096,0
-167.4001338,-8.359833082,8,0.996917334,0.078459096,0
-167.1490647,-11.54996855,20.8,0.996917334,0.078459096,0
-167.4001338,-8.359833082,1.6,0.996917334,0.078459096,0
-167.1490647,-11.54996855,1.6,0.996917334,0.078459096,0
-167.1490647,-11.54996855,4.8,0.996917334,0.078459096,0
-167.1490647,-11.54996855,11.2,0.996917334,0.078459096,0
-167.1490647,-11.54996855,8,0.996917334,0.078459096,0
-166.8979956,-14.74010402,8,0.996917334,0.078459096,0
-166.8979956,-14.74010402,4.8,0.996917334,0.078459096,0
-166.8979956,-14.74010402,11.2,0.996917334,0.078459096,0
-166.8979956,-14.74010402,1.6,0.996917334,0.078459096,0
-166.6469265,-17.93023949,1.6,0.996917334,0.078459096,0
-167.1490647,-11.54996855,24,0.996917334,0.078459096,0
-166.6469265,-17.93023949,4.8,0.996917334,0.078459096,0
-166.3958574,-21.12037495,1.6,0.996917334,0.078459096,0
-166.6469265,-17.93023949,8,0.996917334,0.078459096,0
-166.3958574,-21.12037495,4.8,0.996917334,0.078459096,0
-166.6469265,-17.93023949,11.2,0.996917334,0.078459096,0
-166.1447883,-24.31051042,1.6,0.996917334,0.078459096,0
-166.3958574,-21.12037495,8,0.996917334,0.078459096,0
-166.1447883,-24.31051042,4.8,0.996917334,0.078459096,0
-166.3958574,-21.12037495,11.2,0.996917334,0.078459096,0
-166.1447883,-24.31051042,8,0.996917334,0.078459096,0
-166.1447883,-24.31051042,11.2,0.996917334,0.078459096,0
-166.6469265,-17.93023949,24,0.996917334,0.078459096,0
-166.3958574,-21.12037495,17.6,0.996917334,0.078459096,0
-166.3958574,-21.12037495,24,0.996917334,0.078459096,0
-166.3958574,-21.12037495,14.4,0.996917334,0.078459096,0
-166.3958574,-21.12037495,20.8,0.996917334,0.078459096,0
-166.1447883,-24.31051042,20.8,0.996917334,0.078459096,0
-166.1447883,-24.31051042,24,0.996917334,0.078459096,0
-166.6469265,-17.93023949,20.8,0.996917334,0.078459096,0
-166.8979956,-14.74010402,20.8,0.996917334,0.078459096,0
-166.6469265,-17.93023949,14.4,0.996917334,0.078459096,0
-166.1447883,-24.31051042,17.6,0.996917334,0.078459096,0
-166.6469265,-17.93023949,17.6,0.996917334,0.078459096,0
-166.8979956,-14.74010402,24,0.996917334,0.078459096,0
-166.1447883,-24.31051042,14.4,0.996917334,0.078459096,0
-160.2962685,-50.00197874,37.6,0.97236992,0.233445364,0
-161.0432937,-46.890395,37.6,0.97236992,0.233445364,0
-161.7903189,-43.77881125,28,0.97236992,0.233445364,0
-160.2962685,-50.00197874,34.4,0.97236992,0.233445364,0
-162.537344,-40.6672275,34.4,0.97236992,0.233445364,0
-161.7903189,-43.77881125,34.4,0.97236992,0.233445364,0
-162.537344,-40.6672275,37.6,0.97236992,0.233445364,0
-160.2962685,-50.00197874,28,0.97236992,0.233445364,0
-161.0432937,-46.890395,31.2,0.97236992,0.233445364,0
-162.537344,-40.6672275,28,0.97236992,0.233445364,0
-161.0432937,-46.890395,34.4,0.97236992,0.233445364,0
-162.537344,-40.6672275,31.2,0.97236992,0.233445364,0
-161.7903189,-43.77881125,37.6,0.97236992,0.233445364,0
-161.7903189,-43.77881125,31.2,0.97236992,0.233445364,0
-160.2962685,-50.00197874,31.2,0.97236992,0.233445364,0
-161.0432937,-46.890395,28,0.97236992,0.233445364,0
-160.2962685,-50.00197874,40.8,0.97236992,0.233445364,0
-161.0432937,-46.890395,40.8,0.97236992,0.233445364,0
-160.2962685,-50.00197874,44,0.97236992,0.233445364,0
-161.0432937,-46.890395,44,0.97236992,0.233445364,0
-160.2962685,-50.00197874,50.4,0.97236992,0.233445364,0
-160.2962685,-50.00197874,47.2,0.97236992,0.233445364,0
-161.0432937,-46.890395,50.4,0.97236992,0.233445364,0
-161.0432937,-46.890395,47.2,0.97236992,0.233445364,0
-161.7903189,-43.77881125,40.8,0.97236992,0.233445364,0
-161.7903189,-43.77881125,47.2,0.97236992,0.233445364,0
-161.7903189,-43.77881125,44,0.97236992,0.233445364,0
-163.2843692,-37.55564376,37.6,0.97236992,0.233445364,0
-161.7903189,-43.77881125,50.4,0.97236992,0.233445364,0
-162.537344,-40.6672275,40.8,0.97236992,0.233445364,0
-162.537344,-40.6672275,50.4,0.97236992,0.233445364,0
-162.537344,-40.6672275,47.2,0.97236992,0.233445364,0
-162.537344,-40.6672275,44,0.97236992,0.233445364,0
-163.2843692,-37.55564376,40.8,0.97236992,0.233445364,0
-163.2843692,-37.55564376,44,0.97236992,0.233445364,0
-163.2843692,-37.55564376,50.4,0.97236992,0.233445364,0
-163.2843692,-37.55564376,47.2,0.97236992,0.233445364,0
-164.0313944,-34.44406001,50.4,0.97236992,0.233445364,0
-163.2843692,-37.55564376,34.4,0.97236992,0.233445364,0
-164.0313944,-34.44406001,47.2,0.97236992,0.233445364,0
-164.0313944,-34.44406001,44,0.97236992,0.233445364,0
-164.0313944,-34.44406001,40.8,0.97236992,0.233445364,0
-164.7784195,-31.33247627,47.2,0.97236992,0.233445364,0
-164.7784195,-31.33247627,50.4,0.97236992,0.233445364,0
-165.5254447,-28.22089252,50.4,0.97236992,0.233445364,0
-164.7784195,-31.33247627,40.8,0.97236992,0.233445364,0
-165.5254447,-28.22089252,47.2,0.97236992,0.233445364,0
-164.7784195,-31.33247627,44,0.97236992,0.233445364,0
-165.5254447,-28.22089252,40.8,0.97236992,0.233445364,0
-165.5254447,-28.22089252,44,0.97236992,0.233445364,0
-164.0313944,-34.44406001,31.2,0.97236992,0.233445364,0
-164.7784195,-31.33247627,31.2,0.97236992,0.233445364,0
-164.7784195,-31.33247627,28,0.97236992,0.233445364,0
-164.7784195,-31.33247627,37.6,0.97236992,0.233445364,0
-164.7784195,-31.33247627,34.4,0.97236992,0.233445364,0
-165.5254447,-28.22089252,31.2,0.97236992,0.233445364,0
-165.5254447,-28.22089252,28,0.97236992,0.233445364,0
-164.0313944,-34.44406001,28,0.97236992,0.233445364,0
-163.2843692,-37.55564376,28,0.97236992,0.233445364,0
-164.0313944,-34.44406001,37.6,0.97236992,0.233445364,0
-165.5254447,-28.22089252,34.4,0.97236992,0.233445364,0
-164.0313944,-34.44406001,34.4,0.97236992,0.233445364,0
-163.2843692,-37.55564376,31.2,0.97236992,0.233445364,0
-165.5254447,-28.22089252,37.6,0.97236992,0.233445364,0
-165.5254447,-28.22089252,14.4,0.97236992,0.233445364,0
-164.7784195,-31.33247627,14.4,0.97236992,0.233445364,0
-163.2843692,-37.55564376,17.6,0.97236992,0.233445364,0
-164.7784195,-31.33247627,17.6,0.97236992,0.233445364,0
-163.2843692,-37.55564376,14.4,0.97236992,0.233445364,0
-165.5254447,-28.22089252,20.8,0.97236992,0.233445364,0
-164.0313944,-34.44406001,20.8,0.97236992,0.233445364,0
-165.5254447,-28.22089252,24,0.97236992,0.233445364,0
-164.7784195,-31.33247627,20.8,0.97236992,0.233445364,0
-162.537344,-40.6672275,14.4,0.97236992,0.233445364,0
-165.5254447,-28.22089252,17.6,0.97236992,0.233445364,0
-162.537344,-40.6672275,17.6,0.97236992,0.233445364,0
-164.0313944,-34.44406001,14.4,0.97236992,0.233445364,0
-164.0313944,-34.44406001,24,0.97236992,0.233445364,0
-164.0313944,-34.44406001,17.6,0.97236992,0.233445364,0
-164.7784195,-31.33247627,24,0.97236992,0.233445364,0
-165.5254447,-28.22089252,11.2,0.97236992,0.233445364,0
-165.5254447,-28.22089252,4.8,0.97236992,0.233445364,0
-165.5254447,-28.22089252,8,0.97236992,0.233445364,0
-165.5254447,-28.22089252,1.6,0.97236992,0.233445364,0
-164.7784195,-31.33247627,8,0.97236992,0.233445364,0
-164.7784195,-31.33247627,11.2,0.97236992,0.233445364,0
-164.7784195,-31.33247627,4.8,0.97236992,0.233445364,0
-164.7784195,-31.33247627,1.6,0.97236992,0.233445364,0
-164.0313944,-34.44406001,11.2,0.97236992,0.233445364,0
-164.0313944,-34.44406001,4.8,0.97236992,0.233445364,0
-164.0313944,-34.44406001,8,0.97236992,0.233445364,0
-163.2843692,-37.55564376,20.8,0.97236992,0.233445364,0
-164.0313944,-34.44406001,1.6,0.97236992,0.233445364,0
-163.2843692,-37.55564376,1.6,0.97236992,0.233445364,0
-163.2843692,-37.55564376,4.8,0.97236992,0.233445364,0
-163.2843692,-37.55564376,11.2,0.97236992,0.233445364,0
-163.2843692,-37.55564376,8,0.97236992,0.233445364,0
-162.537344,-40.6672275,8,0.97236992,0.233445364,0
-162.537344,-40.6672275,4.8,0.97236992,0.233445364,0
-162.537344,-40.6672275,11.2,0.97236992,0.233445364,0
-162.537344,-40.6672275,1.6,0.97236992,0.233445364,0
-161.7903189,-43.77881125,1.6,0.97236992,0.233445364,0
-163.2843692,-37.55564376,24,0.97236992,0.233445364,0
-161.7903189,-43.77881125,4.8,0.97236992,0.233445364,0
-161.0432937,-46.890395,1.6,0.97236992,0.233445364,0
-161.7903189,-43.77881125,8,0.97236992,0.233445364,0
-161.0432937,-46.890395,4.8,0.97236992,0.233445364,0
-161.7903189,-43.77881125,11.2,0.97236992,0.233445364,0
-160.2962685,-50.00197874,1.6,0.97236992,0.233445364,0
-161.0432937,-46.890395,8,0.97236992,0.233445364,0
-160.2962685,-50.00197874,4.8,0.97236992,0.233445364,0
-161.0432937,-46.890395,11.2,0.97236992,0.233445364,0
-160.2962685,-50.00197874,8,0.97236992,0.233445364,0
-160.2962685,-50.00197874,11.2,0.97236992,0.233445364,0
-161.7903189,-43.77881125,24,0.97236992,0.233445364,0
-161.0432937,-46.890395,17.6,0.97236992,0.233445364,0
-161.0432937,-46.890395,24,0.97236992,0.233445364,0
-161.0432937,-46.890395,14.4,0.97236992,0.233445364,0
-161.0432937,-46.890395,20.8,0.97236992,0.233445364,0
-160.2962685,-50.00197874,20.8,0.97236992,0.233445364,0
-160.2962685,-50.00197874,24,0.97236992,0.233445364,0
-161.7903189,-43.77881125,20.8,0.97236992,0.233445364,0
-162.537344,-40.6672275,20.8,0.97236992,0.233445364,0
-161.7903189,-43.77881125,14.4,0.97236992,0.233445364,0
-160.2962685,-50.00197874,17.6,0.97236992,0.233445364,0
-161.7903189,-43.77881125,17.6,0.97236992,0.233445364,0
-162.537344,-40.6672275,24,0.97236992,0.233445364,0
-160.2962685,-50.00197874,14.4,0.97236992,0.233445364,0
-100.2919798,-134.6722331,90.4,0.649448049,0.760405965,0
-102.7252789,-132.5939994,90.4,0.649448049,0.760405965,0
-105.158578,-130.5157656,80.8,0.649448049,0.760405965,0
-100.2919798,-134.6722331,87.2,0.649448049,0.760405965,0
-107.5918771,-128.4375319,87.2,0.649448049,0.760405965,0
-105.158578,-130.5157656,87.2,0.649448049,0.760405965,0
-107.5918771,-128.4375319,90.4,0.649448049,0.760405965,0
-100.2919798,-134.6722331,80.8,0.649448049,0.760405965,0
-102.7252789,-132.5939994,84,0.649448049,0.760405965,0
-107.5918771,-128.4375319,80.8,0.649448049,0.760405965,0
-102.7252789,-132.5939994,87.2,0.649448049,0.760405965,0
-107.5918771,-128.4375319,84,0.649448049,0.760405965,0
-105.158578,-130.5157656,90.4,0.649448049,0.760405965,0
-105.158578,-130.5157656,84,0.649448049,0.760405965,0
-100.2919798,-134.6722331,84,0.649448049,0.760405965,0
-102.7252789,-132.5939994,80.8,0.649448049,0.760405965,0
-100.2919798,-134.6722331,93.6,0.649448049,0.760405965,0
-102.7252789,-132.5939994,93.6,0.649448049,0.760405965,0
-100.2919798,-134.6722331,96.8,0.649448049,0.760405965,0
-102.7252789,-132.5939994,96.8,0.649448049,0.760405965,0
-100.2919798,-134.6722331,103.2,0.649448049,0.760405965,0
-100.2919798,-134.6722331,100,0.649448049,0.760405965,0
-102.7252789,-132.5939994,103.2,0.649448049,0.760405965,0
-102.7252789,-132.5939994,100,0.649448049,0.760405965,0
-105.158578,-130.5157656,93.6,0.649448049,0.760405965,0
-105.158578,-130.5157656,100,0.649448049,0.760405965,0
-105.158578,-130.5157656,96.8,0.649448049,0.760405965,0
-110.0251761,-126.3592981,90.4,0.649448049,0.760405965,0
-105.158578,-130.5157656,103.2,0.649448049,0.760405965,0
-107.5918771,-128.4375319,93.6,0.649448049,0.760405965,0
-107.5918771,-128.4375319,103.2,0.649448049,0.760405965,0
-107.5918771,-128.4375319,100,0.649448049,0.760405965,0
-107.5918771,-128.4375319,96.8,0.649448049,0.760405965,0
-110.0251761,-126.3592981,93.6,0.649448049,0.760405965,0
-110.0251761,-126.3592981,96.8,0.649448049,0.760405965,0
-110.0251761,-126.3592981,103.2,0.649448049,0.760405965,0
-110.0251761,-126.3592981,100,0.649448049,0.760405965,0
-112.4584752,-124.2810643,103.2,0.649448049,0.760405965,0
-110.0251761,-126.3592981,87.2,0.649448049,0.760405965,0
-112.4584752,-124.2810643,100,0.649448049,0.760405965,0
-112.4584752,-124.2810643,96.8,0.649448049,0.760405965,0
-112.4584752,-124.2810643,93.6,0.649448049,0.760405965,0
-114.8917743,-122.2028306,100,0.649448049,0.760405965,0
-114.8917743,-122.2028306,103.2,0.649448049,0.760405965,0
-117.3250734,-120.1245968,103.2,0.649448049,0.760405965,0
-114.8917743,-122.2028306,93.6,0.649448049,0.760405965,0
-117.3250734,-120.1245968,100,0.649448049,0.760405965,0
-114.8917743,-122.2028306,96.8,0.649448049,0.760405965,0
-117.3250734,-120.1245968,93.6,0.649448049,0.760405965,0
-117.3250734,-120.1245968,96.8,0.649448049,0.760405965,0
-112.4584752,-124.2810643,84,0.649448049,0.760405965,0
-114.8917743,-122.2028306,84,0.649448049,0.760405965,0
-114.8917743,-122.2028306,80.8,0.649448049,0.760405965,0
-114.8917743,-122.2028306,90.4,0.649448049,0.760405965,0
-114.8917743,-122.2028306,87.2,0.649448049,0.760405965,0
-117.3250734,-120.1245968,84,0.649448049,0.760405965,0
-117.3250734,-120.1245968,80.8,0.649448049,0.760405965,0
-112.4584752,-124.2810643,80.8,0.649448049,0.760405965,0
-110.0251761,-126.3592981,80.8,0.649448049,0.760405965,0
-112.4584752,-124.2810643,90.4,0.649448049,0.760405965,0
-117.3250734,-120.1245968,87.2,0.649448049,0.760405965,0
-112.4584752,-124.2810643,87.2,0.649448049,0.760405965,0
-110.0251761,-126.3592981,84,0.649448049,0.760405965,0
-117.3250734,-120.1245968,90.4,0.649448049,0.760405965,0
-117.3250734,-120.1245968,67.2,0.649448049,0.760405965,0
-114.8917743,-122.2028306,67.2,0.649448049,0.760405965,0
-110.0251761,-126.3592981,70.4,0.649448049,0.760405965,0
-114.8917743,-122.2028306,70.4,0.649448049,0.760405965,0
-110.0251761,-126.3592981,67.2,0.649448049,0.760405965,0
-117.3250734,-120.1245968,73.6,0.649448049,0.760405965,0
-112.4584752,-124.2810643,73.6,0.649448049,0.760405965,0
-117.3250734,-120.1245968,76.8,0.649448049,0.760405965,0
-114.8917743,-122.2028306,73.6,0.649448049,0.760405965,0
-107.5918771,-128.4375319,67.2,0.649448049,0.760405965,0
-117.3250734,-120.1245968,70.4,0.649448049,0.760405965,0
-107.5918771,-128.4375319,70.4,0.649448049,0.760405965,0
-112.4584752,-124.2810643,67.2,0.649448049,0.760405965,0
-112.4584752,-124.2810643,76.8,0.649448049,0.760405965,0
-112.4584752,-124.2810643,70.4,0.649448049,0.760405965,0
-114.8917743,-122.2028306,76.8,0.649448049,0.760405965,0
-117.3250734,-120.1245968,64,0.649448049,0.760405965,0
-117.3250734,-120.1245968,57.6,0.649448049,0.760405965,0
-117.3250734,-120.1245968,60.8,0.649448049,0.760405965,0
-117.3250734,-120.1245968,54.4,0.649448049,0.760405965,0
-114.8917743,-122.2028306,60.8,0.649448049,0.760405965,0
-114.8917743,-122.2028306,64,0.649448049,0.760405965,0
-114.8917743,-122.2028306,57.6,0.649448049,0.760405965,0
-114.8917743,-122.2028306,54.4,0.649448049,0.760405965,0
-112.4584752,-124.2810643,64,0.649448049,0.760405965,0
-112.4584752,-124.2810643,57.6,0.649448049,0.760405965,0
-112.4584752,-124.2810643,60.8,0.649448049,0.760405965,0
-110.0251761,-126.3592981,73.6,0.649448049,0.760405965,0
-112.4584752,-124.2810643,54.4,0.649448049,0.760405965,0
-110.0251761,-126.3592981,54.4,0.649448049,0.760405965,0
-110.0251761,-126.3592981,57.6,0.649448049,0.760405965,0
-110.0251761,-126.3592981,64,0.649448049,0.760405965,0
-110.0251761,-126.3592981,60.8,0.649448049,0.760405965,0
-107.5918771,-128.4375319,60.8,0.649448049,0.760405965,0
-107.5918771,-128.4375319,57.6,0.649448049,0.760405965,0
-107.5918771,-128.4375319,64,0.649448049,0.760405965,0
-107.5918771,-128.4375319,54.4,0.649448049,0.760405965,0
-105.158578,-130.5157656,54.4,0.649448049,0.760405965,0
-110.0251761,-126.3592981,76.8,0.649448049,0.760405965,0
-105.158578,-130.5157656,57.6,0.649448049,0.760405965,0
-102.7252789,-132.5939994,54.4,0.649448049,0.760405965,0
-105.158578,-130.5157656,60.8,0.649448049,0.760405965,0
-102.7252789,-132.5939994,57.6,0.649448049,0.760405965,0
-105.158578,-130.5157656,64,0.649448049,0.760405965,0
-100.2919798,-134.6722331,54.4,0.649448049,0.760405965,0
-102.7252789,-132.5939994,60.8,0.649448049,0.760405965,0
-100.2919798,-134.6722331,57.6,0.649448049,0.760405965,0
-102.7252789,-132.5939994,64,0.649448049,0.760405965,0
-100.2919798,-134.6722331,60.8,0.649448049,0.760405965,0
-100.2919798,-134.6722331,64,0.649448049,0.760405965,0
-105.158578,-130.5157656,76.8,0.649448049,0.760405965,0
-102.7252789,-132.5939994,70.4,0.649448049,0.760405965,0
-102.7252789,-132.5939994,76.8,0.649448049,0.760405965,0
-102.7252789,-132.5939994,67.2,0.649448049,0.760405965,0
-102.7252789,-132.5939994,73.6,0.649448049,0.760405965,0
-100.2919798,-134.6722331,73.6,0.649448049,0.760405965,0
-100.2919798,-134.6722331,76.8,0.649448049,0.760405965,0
-105.158578,-130.5157656,73.6,0.649448049,0.760405965,0
-107.5918771,-128.4375319,73.6,0.649448049,0.760405965,0
-105.158578,-130.5157656,67.2,0.649448049,0.760405965,0
-100.2919798,-134.6722331,70.4,0.649448049,0.760405965,0
-105.158578,-130.5157656,70.4,0.649448049,0.760405965,0
-107.5918771,-128.4375319,76.8,0.649448049,0.760405965,0
-100.2919798,-134.6722331,67.2,0.649448049,0.760405965,0
-120.1245978,-117.3250723,90.4,0.760405966,0.649448048,0
-122.2028316,-114.8917732,90.4,0.760405966,0.649448048,0
-124.2810653,-112.4584741,80.8,0.760405966,0.649448048,0
-120.1245978,-117.3250723,87.2,0.760405966,0.649448048,0
-126.3592991,-110.025175,87.2,0.760405966,0.649448048,0
-124.2810653,-112.4584741,87.2,0.760405966,0.649448048,0
-126.3592991,-110.025175,90.4,0.760405966,0.649448048,0
-120.1245978,-117.3250723,80.8,0.760405966,0.649448048,0
-122.2028316,-114.8917732,84,0.760405966,0.649448048,0
-126.3592991,-110.025175,80.8,0.760405966,0.649448048,0
-122.2028316,-114.8917732,87.2,0.760405966,0.649448048,0
-126.3592991,-110.025175,84,0.760405966,0.649448048,0
-124.2810653,-112.4584741,90.4,0.760405966,0.649448048,0
-124.2810653,-112.4584741,84,0.760405966,0.649448048,0
-120.1245978,-117.3250723,84,0.760405966,0.649448048,0
-122.2028316,-114.8917732,80.8,0.760405966,0.649448048,0
-120.1245978,-117.3250723,93.6,0.760405966,0.649448048,0
-122.2028316,-114.8917732,93.6,0.760405966,0.649448048,0
-120.1245978,-117.3250723,96.8,0.760405966,0.649448048,0
-122.2028316,-114.8917732,96.8,0.760405966,0.649448048,0
-120.1245978,-117.3250723,103.2,0.760405966,0.649448048,0
-120.1245978,-117.3250723,100,0.760405966,0.649448048,0
-122.2028316,-114.8917732,103.2,0.760405966,0.649448048,0
-122.2028316,-114.8917732,100,0.760405966,0.649448048,0
-124.2810653,-112.4584741,93.6,0.760405966,0.649448048,0
-124.2810653,-112.4584741,100,0.760405966,0.649448048,0
-124.2810653,-112.4584741,96.8,0.760405966,0.649448048,0
-128.4375328,-107.5918759,90.4,0.760405966,0.649448048,0
-124.2810653,-112.4584741,103.2,0.760405966,0.649448048,0
-126.3592991,-110.025175,93.6,0.760405966,0.649448048,0
-126.3592991,-110.025175,103.2,0.760405966,0.649448048,0
-126.3592991,-110.025175,100,0.760405966,0.649448048,0
-126.3592991,-110.025175,96.8,0.760405966,0.649448048,0
-128.4375328,-107.5918759,93.6,0.760405966,0.649448048,0
-128.4375328,-107.5918759,96.8,0.760405966,0.649448048,0
-128.4375328,-107.5918759,103.2,0.760405966,0.649448048,0
-128.4375328,-107.5918759,100,0.760405966,0.649448048,0
-130.5157666,-105.1585768,103.2,0.760405966,0.649448048,0
-128.4375328,-107.5918759,87.2,0.760405966,0.649448048,0
-130.5157666,-105.1585768,100,0.760405966,0.649448048,0
-130.5157666,-105.1585768,96.8,0.760405966,0.649448048,0
-130.5157666,-105.1585768,93.6,0.760405966,0.649448048,0
-132.5940003,-102.7252777,100,0.760405966,0.649448048,0
-132.5940003,-102.7252777,103.2,0.760405966,0.649448048,0
-134.6722341,-100.2919786,103.2,0.760405966,0.649448048,0
-132.5940003,-102.7252777,93.6,0.760405966,0.649448048,0
-134.6722341,-100.2919786,100,0.760405966,0.649448048,0
-132.5940003,-102.7252777,96.8,0.760405966,0.649448048,0
-134.6722341,-100.2919786,93.6,0.760405966,0.649448048,0
-134.6722341,-100.2919786,96.8,0.760405966,0.649448048,0
-130.5157666,-105.1585768,84,0.760405966,0.649448048,0
-132.5940003,-102.7252777,84,0.760405966,0.649448048,0
-132.5940003,-102.7252777,80.8,0.760405966,0.649448048,0
-132.5940003,-102.7252777,90.4,0.760405966,0.649448048,0
-132.5940003,-102.7252777,87.2,0.760405966,0.649448048,0
-134.6722341,-100.2919786,84,0.760405966,0.649448048,0
-134.6722341,-100.2919786,80.8,0.760405966,0.649448048,0
-130.5157666,-105.1585768,80.8,0.760405966,0.649448048,0
-128.4375328,-107.5918759,80.8,0.760405966,0.649448048,0
-130.5157666,-105.1585768,90.4,0.760405966,0.649448048,0
-134.6722341,-100.2919786,87.2,0.760405966,0.649448048,0
-130.5157666,-105.1585768,87.2,0.760405966,0.649448048,0
-128.4375328,-107.5918759,84,0.760405966,0.649448048,0
-134.6722341,-100.2919786,90.4,0.760405966,0.649448048,0
-134.6722341,-100.2919786,67.2,0.760405966,0.649448048,0
-132.5940003,-102.7252777,67.2,0.760405966,0.649448048,0
-128.4375328,-107.5918759,70.4,0.760405966,0.649448048,0
-132.5940003,-102.7252777,70.4,0.760405966,0.649448048,0
-128.4375328,-107.5918759,67.2,0.760405966,0.649448048,0
-134.6722341,-100.2919786,73.6,0.760405966,0.649448048,0
-130.5157666,-105.1585768,73.6,0.760405966,0.649448048,0
-134.6722341,-100.2919786,76.8,0.760405966,0.649448048,0
-132.5940003,-102.7252777,73.6,0.760405966,0.649448048,0
-126.3592991,-110.025175,67.2,0.760405966,0.649448048,0
-134.6722341,-100.2919786,70.4,0.760405966,0.649448048,0
-126.3592991,-110.025175,70.4,0.760405966,0.649448048,0
-130.5157666,-105.1585768,67.2,0.760405966,0.649448048,0
-130.5157666,-105.1585768,76.8,0.760405966,0.649448048,0
-130.5157666,-105.1585768,70.4,0.760405966,0.649448048,0
-132.5940003,-102.7252777,76.8,0.760405966,0.649448048,0
-134.6722341,-100.2919786,64,0.760405966,0.649448048,0
-134.6722341,-100.2919786,57.6,0.760405966,0.649448048,0
-134.6722341,-100.2919786,60.8,0.760405966,0.649448048,0
-134.6722341,-100.2919786,54.4,0.760405966,0.649448048,0
-132.5940003,-102.7252777,60.8,0.760405966,0.649448048,0
-132.5940003,-102.7252777,64,0.760405966,0.649448048,0
-132.5940003,-102.7252777,57.6,0.760405966,0.649448048,0
-132.5940003,-102.7252777,54.4,0.760405966,0.649448048,0
-130.5157666,-105.1585768,64,0.760405966,0.649448048,0
-130.5157666,-105.1585768,57.6,0.760405966,0.649448048,0
-130.5157666,-105.1585768,60.8,0.760405966,0.649448048,0
-128.4375328,-107.5918759,73.6,0.760405966,0.649448048,0
-130.5157666,-105.1585768,54.4,0.760405966,0.649448048,0
-128.4375328,-107.5918759,54.4,0.760405966,0.649448048,0
-128.4375328,-107.5918759,57.6,0.760405966,0.649448048,0
-128.4375328,-107.5918759,64,0.760405966,0.649448048,0
-128.4375328,-107.5918759,60.8,0.760405966,0.649448048,0
-126.3592991,-110.025175,60.8,0.760405966,0.649448048,0
-126.3592991,-110.025175,57.6,0.760405966,0.649448048,0
-126.3592991,-110.025175,64,0.760405966,0.649448048,0
-126.3592991,-110.025175,54.4,0.760405966,0.649448048,0
-124.2810653,-112.4584741,54.4,0.760405966,0.649448048,0
-128.4375328,-107.5918759,76.8,0.760405966,0.649448048,0
-124.2810653,-112.4584741,57.6,0.760405966,0.649448048,0
-122.2028316,-114.8917732,54.4,0.760405966,0.649448048,0
-124.2810653,-112.4584741,60.8,0.760405966,0.649448048,0
-122.2028316,-114.8917732,57.6,0.760405966,0.649448048,0
-124.2810653,-112.4584741,64,0.760405966,0.649448048,0
-120.1245978,-117.3250723,54.4,0.760405966,0.649448048,0
-122.2028316,-114.8917732,60.8,0.760405966,0.649448048,0
-120.1245978,-117.3250723,57.6,0.760405966,0.649448048,0
-122.2028316,-114.8917732,64,0.760405966,0.649448048,0
-120.1245978,-117.3250723,60.8,0.760405966,0.649448048,0
-120.1245978,-117.3250723,64,0.760405966,0.649448048,0
-124.2810653,-112.4584741,76.8,0.760405966,0.649448048,0
-122.2028316,-114.8917732,70.4,0.760405966,0.649448048,0
-122.2028316,-114.8917732,76.8,0.760405966,0.649448048,0
-122.2028316,-114.8917732,67.2,0.760405966,0.649448048,0
-122.2028316,-114.8917732,73.6,0.760405966,0.649448048,0
-120.1245978,-117.3250723,73.6,0.760405966,0.649448048,0
-120.1245978,-117.3250723,76.8,0.760405966,0.649448048,0
-124.2810653,-112.4584741,73.6,0.760405966,0.649448048,0
-126.3592991,-110.025175,73.6,0.760405966,0.649448048,0
-124.2810653,-112.4584741,67.2,0.760405966,0.649448048,0
-120.1245978,-117.3250723,70.4,0.760405966,0.649448048,0
-124.2810653,-112.4584741,70.4,0.760405966,0.649448048,0
-126.3592991,-110.025175,76.8,0.760405966,0.649448048,0
-120.1245978,-117.3250723,67.2,0.760405966,0.649448048,0
-136.9993496,-97.08897877,90.4,0.852640165,0.522498564,0
-138.671345,-94.36053025,90.4,0.852640165,0.522498564,0
-140.3433404,-91.63208172,80.8,0.852640165,0.522498564,0
-136.9993496,-97.08897877,87.2,0.852640165,0.522498564,0
-142.0153358,-88.90363319,87.2,0.852640165,0.522498564,0
-140.3433404,-91.63208172,87.2,0.852640165,0.522498564,0
-142.0153358,-88.90363319,90.4,0.852640165,0.522498564,0
-136.9993496,-97.08897877,80.8,0.852640165,0.522498564,0
-138.671345,-94.36053025,84,0.852640165,0.522498564,0
-142.0153358,-88.90363319,80.8,0.852640165,0.522498564,0
-138.671345,-94.36053025,87.2,0.852640165,0.522498564,0
-142.0153358,-88.90363319,84,0.852640165,0.522498564,0
-140.3433404,-91.63208172,90.4,0.852640165,0.522498564,0
-140.3433404,-91.63208172,84,0.852640165,0.522498564,0
-136.9993496,-97.08897877,84,0.852640165,0.522498564,0
-138.671345,-94.36053025,80.8,0.852640165,0.522498564,0
-136.9993496,-97.08897877,93.6,0.852640165,0.522498564,0
-138.671345,-94.36053025,93.6,0.852640165,0.522498564,0
-136.9993496,-97.08897877,96.8,0.852640165,0.522498564,0
-138.671345,-94.36053025,96.8,0.852640165,0.522498564,0
-136.9993496,-97.08897877,103.2,0.852640165,0.522498564,0
-136.9993496,-97.08897877,100,0.852640165,0.522498564,0
-138.671345,-94.36053025,103.2,0.852640165,0.522498564,0
-138.671345,-94.36053025,100,0.852640165,0.522498564,0
-140.3433404,-91.63208172,93.6,0.852640165,0.522498564,0
-140.3433404,-91.63208172,100,0.852640165,0.522498564,0
-140.3433404,-91.63208172,96.8,0.852640165,0.522498564,0
-143.6873312,-86.17518467,90.4,0.852640165,0.522498564,0
-140.3433404,-91.63208172,103.2,0.852640165,0.522498564,0
-142.0153358,-88.90363319,93.6,0.852640165,0.522498564,0
-142.0153358,-88.90363319,103.2,0.852640165,0.522498564,0
-142.0153358,-88.90363319,100,0.852640165,0.522498564,0
-142.0153358,-88.90363319,96.8,0.852640165,0.522498564,0
-143.6873312,-86.17518467,93.6,0.852640165,0.522498564,0
-143.6873312,-86.17518467,96.8,0.852640165,0.522498564,0
-143.6873312,-86.17518467,103.2,0.852640165,0.522498564,0
-143.6873312,-86.17518467,100,0.852640165,0.522498564,0
-145.3593266,-83.44673614,103.2,0.852640165,0.522498564,0
-143.6873312,-86.17518467,87.2,0.852640165,0.522498564,0
-145.3593266,-83.44673614,100,0.852640165,0.522498564,0
-145.3593266,-83.44673614,96.8,0.852640165,0.522498564,0
-145.3593266,-83.44673614,93.6,0.852640165,0.522498564,0
-147.031322,-80.71828761,100,0.852640165,0.522498564,0
-147.031322,-80.71828761,103.2,0.852640165,0.522498564,0
-148.7033174,-77.98983909,103.2,0.852640165,0.522498564,0
-147.031322,-80.71828761,93.6,0.852640165,0.522498564,0
-148.7033174,-77.98983909,100,0.852640165,0.522498564,0
-147.031322,-80.71828761,96.8,0.852640165,0.522498564,0
-148.7033174,-77.98983909,93.6,0.852640165,0.522498564,0
-148.7033174,-77.98983909,96.8,0.852640165,0.522498564,0
-145.3593266,-83.44673614,84,0.852640165,0.522498564,0
-147.031322,-80.71828761,84,0.852640165,0.522498564,0
-147.031322,-80.71828761,80.8,0.852640165,0.522498564,0
-147.031322,-80.71828761,90.4,0.852640165,0.522498564,0
-147.031322,-80.71828761,87.2,0.852640165,0.522498564,0
-148.7033174,-77.98983909,84,0.852640165,0.522498564,0
-148.7033174,-77.98983909,80.8,0.852640165,0.522498564,0
-145.3593266,-83.44673614,80.8,0.852640165,0.522498564,0
-143.6873312,-86.17518467,80.8,0.852640165,0.522498564,0
-145.3593266,-83.44673614,90.4,0.852640165,0.522498564,0
-148.7033174,-77.98983909,87.2,0.852640165,0.522498564,0
-145.3593266,-83.44673614,87.2,0.852640165,0.522498564,0
-143.6873312,-86.17518467,84,0.852640165,0.522498564,0
-148.7033174,-77.98983909,90.4,0.852640165,0.522498564,0
-148.7033174,-77.98983909,67.2,0.852640165,0.522498564,0
-147.031322,-80.71828761,67.2,0.852640165,0.522498564,0
-143.6873312,-86.17518467,70.4,0.852640165,0.522498564,0
-147.031322,-80.71828761,70.4,0.852640165,0.522498564,0
-143.6873312,-86.17518467,67.2,0.852640165,0.522498564,0
-148.7033174,-77.98983909,73.6,0.852640165,0.522498564,0
-145.3593266,-83.44673614,73.6,0.852640165,0.522498564,0
-148.7033174,-77.98983909,76.8,0.852640165,0.522498564,0
-147.031322,-80.71828761,73.6,0.852640165,0.522498564,0
-142.0153358,-88.90363319,67.2,0.852640165,0.522498564,0
-148.7033174,-77.98983909,70.4,0.852640165,0.522498564,0
-142.0153358,-88.90363319,70.4,0.852640165,0.522498564,0
-145.3593266,-83.44673614,67.2,0.852640165,0.522498564,0
-145.3593266,-83.44673614,76.8,0.852640165,0.522498564,0
-145.3593266,-83.44673614,70.4,0.852640165,0.522498564,0
-147.031322,-80.71828761,76.8,0.852640165,0.522498564,0
-148.7033174,-77.98983909,64,0.852640165,0.522498564,0
-148.7033174,-77.98983909,57.6,0.852640165,0.522498564,0
-148.7033174,-77.98983909,60.8,0.852640165,0.522498564,0
-148.7033174,-77.98983909,54.4,0.852640165,0.522498564,0
-147.031322,-80.71828761,60.8,0.852640165,0.522498564,0
-147.031322,-80.71828761,64,0.852640165,0.522498564,0
-147.031322,-80.71828761,57.6,0.852640165,0.522498564,0
-147.031322,-80.71828761,54.4,0.852640165,0.522498564,0
-145.3593266,-83.44673614,64,0.852640165,0.522498564,0
-145.3593266,-83.44673614,57.6,0.852640165,0.522498564,0
-145.3593266,-83.44673614,60.8,0.852640165,0.522498564,0
-143.6873312,-86.17518467,73.6,0.852640165,0.522498564,0
-145.3593266,-83.44673614,54.4,0.852640165,0.522498564,0
-143.6873312,-86.17518467,54.4,0.852640165,0.522498564,0
-143.6873312,-86.17518467,57.6,0.852640165,0.522498564,0
-143.6873312,-86.17518467,64,0.852640165,0.522498564,0
-143.6873312,-86.17518467,60.8,0.852640165,0.522498564,0
-142.0153358,-88.90363319,60.8,0.852640165,0.522498564,0
-142.0153358,-88.90363319,57.6,0.852640165,0.522498564,0
-142.0153358,-88.90363319,64,0.852640165,0.522498564,0
-142.0153358,-88.90363319,54.4,0.852640165,0.522498564,0
-140.3433404,-91.63208172,54.4,0.852640165,0.522498564,0
-143.6873312,-86.17518467,76.8,0.852640165,0.522498564,0
-140.3433404,-91.63208172,57.6,0.852640165,0.522498564,0
-138.671345,-94.36053025,54.4,0.852640165,0.522498564,0
-140.3433404,-91.63208172,60.8,0.852640165,0.522498564,0
-138.671345,-94.36053025,57.6,0.852640165,0.522498564,0
-140.3433404,-91.63208172,64,0.852640165,0.522498564,0
-136.9993496,-97.08897877,54.4,0.852640165,0.522498564,0
-138.671345,-94.36053025,60.8,0.852640165,0.522498564,0
-136.9993496,-97.08897877,57.6,0.852640165,0.522498564,0
-138.671345,-94.36053025,64,0.852640165,0.522498564,0
-136.9993496,-97.08897877,60.8,0.852640165,0.522498564,0
-136.9993496,-97.08897877,64,0.852640165,0.522498564,0
-140.3433404,-91.63208172,76.8,0.852640165,0.522498564,0
-138.671345,-94.36053025,70.4,0.852640165,0.522498564,0
-138.671345,-94.36053025,76.8,0.852640165,0.522498564,0
-138.671345,-94.36053025,67.2,0.852640165,0.522498564,0
-138.671345,-94.36053025,73.6,0.852640165,0.522498564,0
-136.9993496,-97.08897877,73.6,0.852640165,0.522498564,0
-136.9993496,-97.08897877,76.8,0.852640165,0.522498564,0
-140.3433404,-91.63208172,73.6,0.852640165,0.522498564,0
-142.0153358,-88.90363319,73.6,0.852640165,0.522498564,0
-140.3433404,-91.63208172,67.2,0.852640165,0.522498564,0
-136.9993496,-97.08897877,70.4,0.852640165,0.522498564,0
-140.3433404,-91.63208172,70.4,0.852640165,0.522498564,0
-142.0153358,-88.90363319,76.8,0.852640165,0.522498564,0
-136.9993496,-97.08897877,67.2,0.852640165,0.522498564,0
-150.5007227,-74.4622324,90.4,0.923879533,0.382683432,0
-151.7253097,-71.50581789,90.4,0.923879533,0.382683432,0
-152.9498967,-68.54940339,80.8,0.923879533,0.382683432,0
-150.5007227,-74.4622324,87.2,0.923879533,0.382683432,0
-154.1744836,-65.59298889,87.2,0.923879533,0.382683432,0
-152.9498967,-68.54940339,87.2,0.923879533,0.382683432,0
-154.1744836,-65.59298889,90.4,0.923879533,0.382683432,0
-150.5007227,-74.4622324,80.8,0.923879533,0.382683432,0
-151.7253097,-71.50581789,84,0.923879533,0.382683432,0
-154.1744836,-65.59298889,80.8,0.923879533,0.382683432,0
-151.7253097,-71.50581789,87.2,0.923879533,0.382683432,0
-154.1744836,-65.59298889,84,0.923879533,0.382683432,0
-152.9498967,-68.54940339,90.4,0.923879533,0.382683432,0
-152.9498967,-68.54940339,84,0.923879533,0.382683432,0
-150.5007227,-74.4622324,84,0.923879533,0.382683432,0
-151.7253097,-71.50581789,80.8,0.923879533,0.382683432,0
-150.5007227,-74.4622324,93.6,0.923879533,0.382683432,0
-151.7253097,-71.50581789,93.6,0.923879533,0.382683432,0
-150.5007227,-74.4622324,96.8,0.923879533,0.382683432,0
-151.7253097,-71.50581789,96.8,0.923879533,0.382683432,0
-150.5007227,-74.4622324,103.2,0.923879533,0.382683432,0
-150.5007227,-74.4622324,100,0.923879533,0.382683432,0
-151.7253097,-71.50581789,103.2,0.923879533,0.382683432,0
-151.7253097,-71.50581789,100,0.923879533,0.382683432,0
-152.9498967,-68.54940339,93.6,0.923879533,0.382683432,0
-152.9498967,-68.54940339,100,0.923879533,0.382683432,0
-152.9498967,-68.54940339,96.8,0.923879533,0.382683432,0
-155.3990706,-62.63657438,90.4,0.923879533,0.382683432,0
-152.9498967,-68.54940339,103.2,0.923879533,0.382683432,0
-154.1744836,-65.59298889,93.6,0.923879533,0.382683432,0
-154.1744836,-65.59298889,103.2,0.923879533,0.382683432,0
-154.1744836,-65.59298889,100,0.923879533,0.382683432,0
-154.1744836,-65.59298889,96.8,0.923879533,0.382683432,0
-155.3990706,-62.63657438,93.6,0.923879533,0.382683432,0
-155.3990706,-62.63657438,96.8,0.923879533,0.382683432,0
-155.3990706,-62.63657438,103.2,0.923879533,0.382683432,0
-155.3990706,-62.63657438,100,0.923879533,0.382683432,0
-156.6236576,-59.68015988,103.2,0.923879533,0.382683432,0
-155.3990706,-62.63657438,87.2,0.923879533,0.382683432,0
-156.6236576,-59.68015988,100,0.923879533,0.382683432,0
-156.6236576,-59.68015988,96.8,0.923879533,0.382683432,0
-156.6236576,-59.68015988,93.6,0.923879533,0.382683432,0
-157.8482446,-56.72374537,100,0.923879533,0.382683432,0
-157.8482446,-56.72374537,103.2,0.923879533,0.382683432,0
-159.0728316,-53.76733087,103.2,0.923879533,0.382683432,0
-157.8482446,-56.72374537,93.6,0.923879533,0.382683432,0
-159.0728316,-53.76733087,100,0.923879533,0.382683432,0
-157.8482446,-56.72374537,96.8,0.923879533,0.382683432,0
-159.0728316,-53.76733087,93.6,0.923879533,0.382683432,0
-159.0728316,-53.76733087,96.8,0.923879533,0.382683432,0
-156.6236576,-59.68015988,84,0.923879533,0.382683432,0
-157.8482446,-56.72374537,84,0.923879533,0.382683432,0
-157.8482446,-56.72374537,80.8,0.923879533,0.382683432,0
-157.8482446,-56.72374537,90.4,0.923879533,0.382683432,0
-157.8482446,-56.72374537,87.2,0.923879533,0.382683432,0
-159.0728316,-53.76733087,84,0.923879533,0.382683432,0
-159.0728316,-53.76733087,80.8,0.923879533,0.382683432,0
-156.6236576,-59.68015988,80.8,0.923879533,0.382683432,0
-155.3990706,-62.63657438,80.8,0.923879533,0.382683432,0
-156.6236576,-59.68015988,90.4,0.923879533,0.382683432,0
-159.0728316,-53.76733087,87.2,0.923879533,0.382683432,0
-156.6236576,-59.68015988,87.2,0.923879533,0.382683432,0
-155.3990706,-62.63657438,84,0.923879533,0.382683432,0
-159.0728316,-53.76733087,90.4,0.923879533,0.382683432,0
-159.0728316,-53.76733087,67.2,0.923879533,0.382683432,0
-157.8482446,-56.72374537,67.2,0.923879533,0.382683432,0
-155.3990706,-62.63657438,70.4,0.923879533,0.382683432,0
-157.8482446,-56.72374537,70.4,0.923879533,0.382683432,0
-155.3990706,-62.63657438,67.2,0.923879533,0.382683432,0
-159.0728316,-53.76733087,73.6,0.923879533,0.382683432,0
-156.6236576,-59.68015988,73.6,0.923879533,0.382683432,0
-159.0728316,-53.76733087,76.8,0.923879533,0.382683432,0
-157.8482446,-56.72374537,73.6,0.923879533,0.382683432,0
-154.1744836,-65.59298889,67.2,0.923879533,0.382683432,0
-159.0728316,-53.76733087,70.4,0.923879533,0.382683432,0
-154.1744836,-65.59298889,70.4,0.923879533,0.382683432,0
-156.6236576,-59.68015988,67.2,0.923879533,0.382683432,0
-156.6236576,-59.68015988,76.8,0.923879533,0.382683432,0
-156.6236576,-59.68015988,70.4,0.923879533,0.382683432,0
-157.8482446,-56.72374537,76.8,0.923879533,0.382683432,0
-159.0728316,-53.76733087,64,0.923879533,0.382683432,0
-159.0728316,-53.76733087,57.6,0.923879533,0.382683432,0
-159.0728316,-53.76733087,60.8,0.923879533,0.382683432,0
-159.0728316,-53.76733087,54.4,0.923879533,0.382683432,0
-157.8482446,-56.72374537,60.8,0.923879533,0.382683432,0
-157.8482446,-56.72374537,64,0.923879533,0.382683432,0
-157.8482446,-56.72374537,57.6,0.923879533,0.382683432,0
-157.8482446,-56.72374537,54.4,0.923879533,0.382683432,0
-156.6236576,-59.68015988,64,0.923879533,0.382683432,0
-156.6236576,-59.68015988,57.6,0.923879533,0.382683432,0
-156.6236576,-59.68015988,60.8,0.923879533,0.382683432,0
-155.3990706,-62.63657438,73.6,0.923879533,0.382683432,0
-156.6236576,-59.68015988,54.4,0.923879533,0.382683432,0
-155.3990706,-62.63657438,54.4,0.923879533,0.382683432,0
-155.3990706,-62.63657438,57.6,0.923879533,0.382683432,0
-155.3990706,-62.63657438,64,0.923879533,0.382683432,0
-155.3990706,-62.63657438,60.8,0.923879533,0.382683432,0
-154.1744836,-65.59298889,60.8,0.923879533,0.382683432,0
-154.1744836,-65.59298889,57.6,0.923879533,0.382683432,0
-154.1744836,-65.59298889,64,0.923879533,0.382683432,0
-154.1744836,-65.59298889,54.4,0.923879533,0.382683432,0
-152.9498967,-68.54940339,54.4,0.923879533,0.382683432,0
-155.3990706,-62.63657438,76.8,0.923879533,0.382683432,0
-152.9498967,-68.54940339,57.6,0.923879533,0.382683432,0
-151.7253097,-71.50581789,54.4,0.923879533,0.382683432,0
-152.9498967,-68.54940339,60.8,0.923879533,0.382683432,0
-151.7253097,-71.50581789,57.6,0.923879533,0.382683432,0
-152.9498967,-68.54940339,64,0.923879533,0.382683432,0
-150.5007227,-74.4622324,54.4,0.923879533,0.382683432,0
-151.7253097,-71.50581789,60.8,0.923879533,0.382683432,0
-150.5007227,-74.4622324,57.6,0.923879533,0.382683432,0
-151.7253097,-71.50581789,64,0.923879533,0.382683432,0
-150.5007227,-74.4622324,60.8,0.923879533,0.382683432,0
-150.5007227,-74.4622324,64,0.923879533,0.382683432,0
-152.9498967,-68.54940339,76.8,0.923879533,0.382683432,0
-151.7253097,-71.50581789,70.4,0.923879533,0.382683432,0
-151.7253097,-71.50581789,76.8,0.923879533,0.382683432,0
-151.7253097,-71.50581789,67.2,0.923879533,0.382683432,0
-151.7253097,-71.50581789,73.6,0.923879533,0.382683432,0
-150.5007227,-74.4622324,73.6,0.923879533,0.382683432,0
-150.5007227,-74.4622324,76.8,0.923879533,0.382683432,0
-152.9498967,-68.54940339,73.6,0.923879533,0.382683432,0
-154.1744836,-65.59298889,73.6,0.923879533,0.382683432,0
-152.9498967,-68.54940339,67.2,0.923879533,0.382683432,0
-150.5007227,-74.4622324,70.4,0.923879533,0.382683432,0
-152.9498967,-68.54940339,70.4,0.923879533,0.382683432,0
-154.1744836,-65.59298889,76.8,0.923879533,0.382683432,0
-150.5007227,-74.4622324,67.2,0.923879533,0.382683432,0
-150.5007227,-74.4622324,37.6,0.923879533,0.382683432,0
-151.7253097,-71.50581789,37.6,0.923879533,0.382683432,0
-152.9498967,-68.54940339,28,0.923879533,0.382683432,0
-150.5007227,-74.4622324,34.4,0.923879533,0.382683432,0
-154.1744836,-65.59298889,34.4,0.923879533,0.382683432,0
-152.9498967,-68.54940339,34.4,0.923879533,0.382683432,0
-154.1744836,-65.59298889,37.6,0.923879533,0.382683432,0
-150.5007227,-74.4622324,28,0.923879533,0.382683432,0
-151.7253097,-71.50581789,31.2,0.923879533,0.382683432,0
-154.1744836,-65.59298889,28,0.923879533,0.382683432,0
-151.7253097,-71.50581789,34.4,0.923879533,0.382683432,0
-154.1744836,-65.59298889,31.2,0.923879533,0.382683432,0
-152.9498967,-68.54940339,37.6,0.923879533,0.382683432,0
-152.9498967,-68.54940339,31.2,0.923879533,0.382683432,0
-150.5007227,-74.4622324,31.2,0.923879533,0.382683432,0
-151.7253097,-71.50581789,28,0.923879533,0.382683432,0
-150.5007227,-74.4622324,40.8,0.923879533,0.382683432,0
-151.7253097,-71.50581789,40.8,0.923879533,0.382683432,0
-150.5007227,-74.4622324,44,0.923879533,0.382683432,0
-151.7253097,-71.50581789,44,0.923879533,0.382683432,0
-150.5007227,-74.4622324,50.4,0.923879533,0.382683432,0
-150.5007227,-74.4622324,47.2,0.923879533,0.382683432,0
-151.7253097,-71.50581789,50.4,0.923879533,0.382683432,0
-151.7253097,-71.50581789,47.2,0.923879533,0.382683432,0
-152.9498967,-68.54940339,40.8,0.923879533,0.382683432,0
-152.9498967,-68.54940339,47.2,0.923879533,0.382683432,0
-152.9498967,-68.54940339,44,0.923879533,0.382683432,0
-155.3990706,-62.63657438,37.6,0.923879533,0.382683432,0
-152.9498967,-68.54940339,50.4,0.923879533,0.382683432,0
-154.1744836,-65.59298889,40.8,0.923879533,0.382683432,0
-154.1744836,-65.59298889,50.4,0.923879533,0.382683432,0
-154.1744836,-65.59298889,47.2,0.923879533,0.382683432,0
-154.1744836,-65.59298889,44,0.923879533,0.382683432,0
-155.3990706,-62.63657438,40.8,0.923879533,0.382683432,0
-155.3990706,-62.63657438,44,0.923879533,0.382683432,0
-155.3990706,-62.63657438,50.4,0.923879533,0.382683432,0
-155.3990706,-62.63657438,47.2,0.923879533,0.382683432,0
-156.6236576,-59.68015988,50.4,0.923879533,0.382683432,0
-155.3990706,-62.63657438,34.4,0.923879533,0.382683432,0
-156.6236576,-59.68015988,47.2,0.923879533,0.382683432,0
-156.6236576,-59.68015988,44,0.923879533,0.382683432,0
-156.6236576,-59.68015988,40.8,0.923879533,0.382683432,0
-157.8482446,-56.72374537,47.2,0.923879533,0.382683432,0
-157.8482446,-56.72374537,50.4,0.923879533,0.382683432,0
-159.0728316,-53.76733087,50.4,0.923879533,0.382683432,0
-157.8482446,-56.72374537,40.8,0.923879533,0.382683432,0
-159.0728316,-53.76733087,47.2,0.923879533,0.382683432,0
-157.8482446,-56.72374537,44,0.923879533,0.382683432,0
-159.0728316,-53.76733087,40.8,0.923879533,0.382683432,0
-159.0728316,-53.76733087,44,0.923879533,0.382683432,0
-156.6236576,-59.68015988,31.2,0.923879533,0.382683432,0
-157.8482446,-56.72374537,31.2,0.923879533,0.382683432,0
-157.8482446,-56.72374537,28,0.923879533,0.382683432,0
-157.8482446,-56.72374537,37.6,0.923879533,0.382683432,0
-157.8482446,-56.72374537,34.4,0.923879533,0.382683432,0
-159.0728316,-53.76733087,31.2,0.923879533,0.382683432,0
-159.0728316,-53.76733087,28,0.923879533,0.382683432,0
-156.6236576,-59.68015988,28,0.923879533,0.382683432,0
-155.3990706,-62.63657438,28,0.923879533,0.382683432,0
-156.6236576,-59.68015988,37.6,0.923879533,0.382683432,0
-159.0728316,-53.76733087,34.4,0.923879533,0.382683432,0
-156.6236576,-59.68015988,34.4,0.923879533,0.382683432,0
-155.3990706,-62.63657438,31.2,0.923879533,0.382683432,0
-159.0728316,-53.76733087,37.6,0.923879533,0.382683432,0
-159.0728316,-53.76733087,14.4,0.923879533,0.382683432,0
-157.8482446,-56.72374537,14.4,0.923879533,0.382683432,0
-155.3990706,-62.63657438,17.6,0.923879533,0.382683432,0
-157.8482446,-56.72374537,17.6,0.923879533,0.382683432,0
-155.3990706,-62.63657438,14.4,0.923879533,0.382683432,0
-159.0728316,-53.76733087,20.8,0.923879533,0.382683432,0
-156.6236576,-59.68015988,20.8,0.923879533,0.382683432,0
-159.0728316,-53.76733087,24,0.923879533,0.382683432,0
-157.8482446,-56.72374537,20.8,0.923879533,0.382683432,0
-154.1744836,-65.59298889,14.4,0.923879533,0.382683432,0
-159.0728316,-53.76733087,17.6,0.923879533,0.382683432,0
-154.1744836,-65.59298889,17.6,0.923879533,0.382683432,0
-156.6236576,-59.68015988,14.4,0.923879533,0.382683432,0
-156.6236576,-59.68015988,24,0.923879533,0.382683432,0
-156.6236576,-59.68015988,17.6,0.923879533,0.382683432,0
-157.8482446,-56.72374537,24,0.923879533,0.382683432,0
-159.0728316,-53.76733087,11.2,0.923879533,0.382683432,0
-159.0728316,-53.76733087,4.8,0.923879533,0.382683432,0
-159.0728316,-53.76733087,8,0.923879533,0.382683432,0
-159.0728316,-53.76733087,1.6,0.923879533,0.382683432,0
-157.8482446,-56.72374537,8,0.923879533,0.382683432,0
-157.8482446,-56.72374537,11.2,0.923879533,0.382683432,0
-157.8482446,-56.72374537,4.8,0.923879533,0.382683432,0
-157.8482446,-56.72374537,1.6,0.923879533,0.382683432,0
-156.6236576,-59.68015988,11.2,0.923879533,0.382683432,0
-156.6236576,-59.68015988,4.8,0.923879533,0.382683432,0
-156.6236576,-59.68015988,8,0.923879533,0.382683432,0
-155.3990706,-62.63657438,20.8,0.923879533,0.382683432,0
-156.6236576,-59.68015988,1.6,0.923879533,0.382683432,0
-155.3990706,-62.63657438,1.6,0.923879533,0.382683432,0
-155.3990706,-62.63657438,4.8,0.923879533,0.382683432,0
-155.3990706,-62.63657438,11.2,0.923879533,0.382683432,0
-155.3990706,-62.63657438,8,0.923879533,0.382683432,0
-154.1744836,-65.59298889,8,0.923879533,0.382683432,0
-154.1744836,-65.59298889,4.8,0.923879533,0.382683432,0
-154.1744836,-65.59298889,11.2,0.923879533,0.382683432,0
-154.1744836,-65.59298889,1.6,0.923879533,0.382683432,0
-152.9498967,-68.54940339,1.6,0.923879533,0.382683432,0
-155.3990706,-62.63657438,24,0.923879533,0.382683432,0
-152.9498967,-68.54940339,4.8,0.923879533,0.382683432,0
-151.7253097,-71.50581789,1.6,0.923879533,0.382683432,0
-152.9498967,-68.54940339,8,0.923879533,0.382683432,0
-151.7253097,-71.50581789,4.8,0.923879533,0.382683432,0
-152.9498967,-68.54940339,11.2,0.923879533,0.382683432,0
-150.5007227,-74.4622324,1.6,0.923879533,0.382683432,0
-151.7253097,-71.50581789,8,0.923879533,0.382683432,0
-150.5007227,-74.4622324,4.8,0.923879533,0.382683432,0
-151.7253097,-71.50581789,11.2,0.923879533,0.382683432,0
-150.5007227,-74.4622324,8,0.923879533,0.382683432,0
-150.5007227,-74.4622324,11.2,0.923879533,0.382683432,0
-152.9498967,-68.54940339,24,0.923879533,0.382683432,0
-151.7253097,-71.50581789,17.6,0.923879533,0.382683432,0
-151.7253097,-71.50581789,24,0.923879533,0.382683432,0
-151.7253097,-71.50581789,14.4,0.923879533,0.382683432,0
-151.7253097,-71.50581789,20.8,0.923879533,0.382683432,0
-150.5007227,-74.4622324,20.8,0.923879533,0.382683432,0
-150.5007227,-74.4622324,24,0.923879533,0.382683432,0
-152.9498967,-68.54940339,20.8,0.923879533,0.382683432,0
-154.1744836,-65.59298889,20.8,0.923879533,0.382683432,0
-152.9498967,-68.54940339,14.4,0.923879533,0.382683432,0
-150.5007227,-74.4622324,17.6,0.923879533,0.382683432,0
-152.9498967,-68.54940339,17.6,0.923879533,0.382683432,0
-154.1744836,-65.59298889,24,0.923879533,0.382683432,0
-150.5007227,-74.4622324,14.4,0.923879533,0.382683432,0
-136.9993496,-97.08897877,37.6,0.852640165,0.522498564,0
-138.671345,-94.36053025,37.6,0.852640165,0.522498564,0
-140.3433404,-91.63208172,28,0.852640165,0.522498564,0
-136.9993496,-97.08897877,34.4,0.852640165,0.522498564,0
-142.0153358,-88.90363319,34.4,0.852640165,0.522498564,0
-140.3433404,-91.63208172,34.4,0.852640165,0.522498564,0
-142.0153358,-88.90363319,37.6,0.852640165,0.522498564,0
-136.9993496,-97.08897877,28,0.852640165,0.522498564,0
-138.671345,-94.36053025,31.2,0.852640165,0.522498564,0
-142.0153358,-88.90363319,28,0.852640165,0.522498564,0
-138.671345,-94.36053025,34.4,0.852640165,0.522498564,0
-142.0153358,-88.90363319,31.2,0.852640165,0.522498564,0
-140.3433404,-91.63208172,37.6,0.852640165,0.522498564,0
-140.3433404,-91.63208172,31.2,0.852640165,0.522498564,0
-136.9993496,-97.08897877,31.2,0.852640165,0.522498564,0
-138.671345,-94.36053025,28,0.852640165,0.522498564,0
-136.9993496,-97.08897877,40.8,0.852640165,0.522498564,0
-138.671345,-94.36053025,40.8,0.852640165,0.522498564,0
-136.9993496,-97.08897877,44,0.852640165,0.522498564,0
-138.671345,-94.36053025,44,0.852640165,0.522498564,0
-136.9993496,-97.08897877,50.4,0.852640165,0.522498564,0
-136.9993496,-97.08897877,47.2,0.852640165,0.522498564,0
-138.671345,-94.36053025,50.4,0.852640165,0.522498564,0
-138.671345,-94.36053025,47.2,0.852640165,0.522498564,0
-140.3433404,-91.63208172,40.8,0.852640165,0.522498564,0
-140.3433404,-91.63208172,47.2,0.852640165,0.522498564,0
-140.3433404,-91.63208172,44,0.852640165,0.522498564,0
-143.6873312,-86.17518467,37.6,0.852640165,0.522498564,0
-140.3433404,-91.63208172,50.4,0.852640165,0.522498564,0
-142.0153358,-88.90363319,40.8,0.852640165,0.522498564,0
-142.0153358,-88.90363319,50.4,0.852640165,0.522498564,0
-142.0153358,-88.90363319,47.2,0.852640165,0.522498564,0
-142.0153358,-88.90363319,44,0.852640165,0.522498564,0
-143.6873312,-86.17518467,40.8,0.852640165,0.522498564,0
-143.6873312,-86.17518467,44,0.852640165,0.522498564,0
-143.6873312,-86.17518467,50.4,0.852640165,0.522498564,0
-143.6873312,-86.17518467,47.2,0.852640165,0.522498564,0
-145.3593266,-83.44673614,50.4,0.852640165,0.522498564,0
-143.6873312,-86.17518467,34.4,0.852640165,0.522498564,0
-145.3593266,-83.44673614,47.2,0.852640165,0.522498564,0
-145.3593266,-83.44673614,44,0.852640165,0.522498564,0
-145.3593266,-83.44673614,40.8,0.852640165,0.522498564,0
-147.031322,-80.71828761,47.2,0.852640165,0.522498564,0
-147.031322,-80.71828761,50.4,0.852640165,0.522498564,0
-148.7033174,-77.98983909,50.4,0.852640165,0.522498564,0
-147.031322,-80.71828761,40.8,0.852640165,0.522498564,0
-148.7033174,-77.98983909,47.2,0.852640165,0.522498564,0
-147.031322,-80.71828761,44,0.852640165,0.522498564,0
-148.7033174,-77.98983909,40.8,0.852640165,0.522498564,0
-148.7033174,-77.98983909,44,0.852640165,0.522498564,0
-145.3593266,-83.44673614,31.2,0.852640165,0.522498564,0
-147.031322,-80.71828761,31.2,0.852640165,0.522498564,0
-147.031322,-80.71828761,28,0.852640165,0.522498564,0
-147.031322,-80.71828761,37.6,0.852640165,0.522498564,0
-147.031322,-80.71828761,34.4,0.852640165,0.522498564,0
-148.7033174,-77.98983909,31.2,0.852640165,0.522498564,0
-148.7033174,-77.98983909,28,0.852640165,0.522498564,0
-145.3593266,-83.44673614,28,0.852640165,0.522498564,0
-143.6873312,-86.17518467,28,0.852640165,0.522498564,0
-145.3593266,-83.44673614,37.6,0.852640165,0.522498564,0
-148.7033174,-77.98983909,34.4,0.852640165,0.522498564,0
-145.3593266,-83.44673614,34.4,0.852640165,0.522498564,0
-143.6873312,-86.17518467,31.2,0.852640165,0.522498564,0
-148.7033174,-77.98983909,37.6,0.852640165,0.522498564,0
-148.7033174,-77.98983909,14.4,0.852640165,0.522498564,0
-147.031322,-80.71828761,14.4,0.852640165,0.522498564,0
-143.6873312,-86.17518467,17.6,0.852640165,0.522498564,0
-147.031322,-80.71828761,17.6,0.852640165,0.522498564,0
-143.6873312,-86.17518467,14.4,0.852640165,0.522498564,0
-148.7033174,-77.98983909,20.8,0.852640165,0.522498564,0
-145.3593266,-83.44673614,20.8,0.852640165,0.522498564,0
-148.7033174,-77.98983909,24,0.852640165,0.522498564,0
-147.031322,-80.71828761,20.8,0.852640165,0.522498564,0
-142.0153358,-88.90363319,14.4,0.852640165,0.522498564,0
-148.7033174,-77.98983909,17.6,0.852640165,0.522498564,0
-142.0153358,-88.90363319,17.6,0.852640165,0.522498564,0
-145.3593266,-83.44673614,14.4,0.852640165,0.522498564,0
-145.3593266,-83.44673614,24,0.852640165,0.522498564,0
-145.3593266,-83.44673614,17.6,0.852640165,0.522498564,0
-147.031322,-80.71828761,24,0.852640165,0.522498564,0
-148.7033174,-77.98983909,11.2,0.852640165,0.522498564,0
-148.7033174,-77.98983909,4.8,0.852640165,0.522498564,0
-148.7033174,-77.98983909,8,0.852640165,0.522498564,0
-148.7033174,-77.98983909,1.6,0.852640165,0.522498564,0
-147.031322,-80.71828761,8,0.852640165,0.522498564,0
-147.031322,-80.71828761,11.2,0.852640165,0.522498564,0
-147.031322,-80.71828761,4.8,0.852640165,0.522498564,0
-147.031322,-80.71828761,1.6,0.852640165,0.522498564,0
-145.3593266,-83.44673614,11.2,0.852640165,0.522498564,0
-145.3593266,-83.44673614,4.8,0.852640165,0.522498564,0
-145.3593266,-83.44673614,8,0.852640165,0.522498564,0
-143.6873312,-86.17518467,20.8,0.852640165,0.522498564,0
-145.3593266,-83.44673614,1.6,0.852640165,0.522498564,0
-143.6873312,-86.17518467,1.6,0.852640165,0.522498564,0
-143.6873312,-86.17518467,4.8,0.852640165,0.522498564,0
-143.6873312,-86.17518467,11.2,0.852640165,0.522498564,0
-143.6873312,-86.17518467,8,0.852640165,0.522498564,0
-142.0153358,-88.90363319,8,0.852640165,0.522498564,0
-142.0153358,-88.90363319,4.8,0.852640165,0.522498564,0
-142.0153358,-88.90363319,11.2,0.852640165,0.522498564,0
-142.0153358,-88.90363319,1.6,0.852640165,0.522498564,0
-140.3433404,-91.63208172,1.6,0.852640165,0.522498564,0
-143.6873312,-86.17518467,24,0.852640165,0.522498564,0
-140.3433404,-91.63208172,4.8,0.852640165,0.522498564,0
-138.671345,-94.36053025,1.6,0.852640165,0.522498564,0
-140.3433404,-91.63208172,8,0.852640165,0.522498564,0
-138.671345,-94.36053025,4.8,0.852640165,0.522498564,0
-140.3433404,-91.63208172,11.2,0.852640165,0.522498564,0
-136.9993496,-97.08897877,1.6,0.852640165,0.522498564,0
-138.671345,-94.36053025,8,0.852640165,0.522498564,0
-136.9993496,-97.08897877,4.8,0.852640165,0.522498564,0
-138.671345,-94.36053025,11.2,0.852640165,0.522498564,0
-136.9993496,-97.08897877,8,0.852640165,0.522498564,0
-136.9993496,-97.08897877,11.2,0.852640165,0.522498564,0
-140.3433404,-91.63208172,24,0.852640165,0.522498564,0
-138.671345,-94.36053025,17.6,0.852640165,0.522498564,0
-138.671345,-94.36053025,24,0.852640165,0.522498564,0
-138.671345,-94.36053025,14.4,0.852640165,0.522498564,0
-138.671345,-94.36053025,20.8,0.852640165,0.522498564,0
-136.9993496,-97.08897877,20.8,0.852640165,0.522498564,0
-136.9993496,-97.08897877,24,0.852640165,0.522498564,0
-140.3433404,-91.63208172,20.8,0.852640165,0.522498564,0
-142.0153358,-88.90363319,20.8,0.852640165,0.522498564,0
-140.3433404,-91.63208172,14.4,0.852640165,0.522498564,0
-136.9993496,-97.08897877,17.6,0.852640165,0.522498564,0
-140.3433404,-91.63208172,17.6,0.852640165,0.522498564,0
-142.0153358,-88.90363319,24,0.852640165,0.522498564,0
-136.9993496,-97.08897877,14.4,0.852640165,0.522498564,0
-120.1245978,-117.3250723,37.6,0.760405966,0.649448048,0
-122.2028316,-114.8917732,37.6,0.760405966,0.649448048,0
-124.2810653,-112.4584741,28,0.760405966,0.649448048,0
-120.1245978,-117.3250723,34.4,0.760405966,0.649448048,0
-126.3592991,-110.025175,34.4,0.760405966,0.649448048,0
-124.2810653,-112.4584741,34.4,0.760405966,0.649448048,0
-126.3592991,-110.025175,37.6,0.760405966,0.649448048,0
-120.1245978,-117.3250723,28,0.760405966,0.649448048,0
-122.2028316,-114.8917732,31.2,0.760405966,0.649448048,0
-126.3592991,-110.025175,28,0.760405966,0.649448048,0
-122.2028316,-114.8917732,34.4,0.760405966,0.649448048,0
-126.3592991,-110.025175,31.2,0.760405966,0.649448048,0
-124.2810653,-112.4584741,37.6,0.760405966,0.649448048,0
-124.2810653,-112.4584741,31.2,0.760405966,0.649448048,0
-120.1245978,-117.3250723,31.2,0.760405966,0.649448048,0
-122.2028316,-114.8917732,28,0.760405966,0.649448048,0
-120.1245978,-117.3250723,40.8,0.760405966,0.649448048,0
-122.2028316,-114.8917732,40.8,0.760405966,0.649448048,0
-120.1245978,-117.3250723,44,0.760405966,0.649448048,0
-122.2028316,-114.8917732,44,0.760405966,0.649448048,0
-120.1245978,-117.3250723,50.4,0.760405966,0.649448048,0
-120.1245978,-117.3250723,47.2,0.760405966,0.649448048,0
-122.2028316,-114.8917732,50.4,0.760405966,0.649448048,0
-122.2028316,-114.8917732,47.2,0.760405966,0.649448048,0
-124.2810653,-112.4584741,40.8,0.760405966,0.649448048,0
-124.2810653,-112.4584741,47.2,0.760405966,0.649448048,0
-124.2810653,-112.4584741,44,0.760405966,0.649448048,0
-128.4375328,-107.5918759,37.6,0.760405966,0.649448048,0
-124.2810653,-112.4584741,50.4,0.760405966,0.649448048,0
-126.3592991,-110.025175,40.8,0.760405966,0.649448048,0
-126.3592991,-110.025175,50.4,0.760405966,0.649448048,0
-126.3592991,-110.025175,47.2,0.760405966,0.649448048,0
-126.3592991,-110.025175,44,0.760405966,0.649448048,0
-128.4375328,-107.5918759,40.8,0.760405966,0.649448048,0
-128.4375328,-107.5918759,44,0.760405966,0.649448048,0
-128.4375328,-107.5918759,50.4,0.760405966,0.649448048,0
-128.4375328,-107.5918759,47.2,0.760405966,0.649448048,0
-130.5157666,-105.1585768,50.4,0.760405966,0.649448048,0
-128.4375328,-107.5918759,34.4,0.760405966,0.649448048,0
-130.5157666,-105.1585768,47.2,0.760405966,0.649448048,0
-130.5157666,-105.1585768,44,0.760405966,0.649448048,0
-130.5157666,-105.1585768,40.8,0.760405966,0.649448048,0
-132.5940003,-102.7252777,47.2,0.760405966,0.649448048,0
-132.5940003,-102.7252777,50.4,0.760405966,0.649448048,0
-134.6722341,-100.2919786,50.4,0.760405966,0.649448048,0
-132.5940003,-102.7252777,40.8,0.760405966,0.649448048,0
-134.6722341,-100.2919786,47.2,0.760405966,0.649448048,0
-132.5940003,-102.7252777,44,0.760405966,0.649448048,0
-134.6722341,-100.2919786,40.8,0.760405966,0.649448048,0
-134.6722341,-100.2919786,44,0.760405966,0.649448048,0
-130.5157666,-105.1585768,31.2,0.760405966,0.649448048,0
-132.5940003,-102.7252777,31.2,0.760405966,0.649448048,0
-132.5940003,-102.7252777,28,0.760405966,0.649448048,0
-132.5940003,-102.7252777,37.6,0.760405966,0.649448048,0
-132.5940003,-102.7252777,34.4,0.760405966,0.649448048,0
-134.6722341,-100.2919786,31.2,0.760405966,0.649448048,0
-134.6722341,-100.2919786,28,0.760405966,0.649448048,0
-130.5157666,-105.1585768,28,0.760405966,0.649448048,0
-128.4375328,-107.5918759,28,0.760405966,0.649448048,0
-130.5157666,-105.1585768,37.6,0.760405966,0.649448048,0
-134.6722341,-100.2919786,34.4,0.760405966,0.649448048,0
-130.5157666,-105.1585768,34.4,0.760405966,0.649448048,0
-128.4375328,-107.5918759,31.2,0.760405966,0.649448048,0
-134.6722341,-100.2919786,37.6,0.760405966,0.649448048,0
-134.6722341,-100.2919786,14.4,0.760405966,0.649448048,0
-132.5940003,-102.7252777,14.4,0.760405966,0.649448048,0
-128.4375328,-107.5918759,17.6,0.760405966,0.649448048,0
-132.5940003,-102.7252777,17.6,0.760405966,0.649448048,0
-128.4375328,-107.5918759,14.4,0.760405966,0.649448048,0
-134.6722341,-100.2919786,20.8,0.760405966,0.649448048,0
-130.5157666,-105.1585768,20.8,0.760405966,0.649448048,0
-134.6722341,-100.2919786,24,0.760405966,0.649448048,0
-132.5940003,-102.7252777,20.8,0.760405966,0.649448048,0
-126.3592991,-110.025175,14.4,0.760405966,0.649448048,0
-134.6722341,-100.2919786,17.6,0.760405966,0.649448048,0
-126.3592991,-110.025175,17.6,0.760405966,0.649448048,0
-130.5157666,-105.1585768,14.4,0.760405966,0.649448048,0
-130.5157666,-105.1585768,24,0.760405966,0.649448048,0
-130.5157666,-105.1585768,17.6,0.760405966,0.649448048,0
-132.5940003,-102.7252777,24,0.760405966,0.649448048,0
-134.6722341,-100.2919786,11.2,0.760405966,0.649448048,0
-134.6722341,-100.2919786,4.8,0.760405966,0.649448048,0
-134.6722341,-100.2919786,8,0.760405966,0.649448048,0
-134.6722341,-100.2919786,1.6,0.760405966,0.649448048,0
-132.5940003,-102.7252777,8,0.760405966,0.649448048,0
-132.5940003,-102.7252777,11.2,0.760405966,0.649448048,0
-132.5940003,-102.7252777,4.8,0.760405966,0.649448048,0
-132.5940003,-102.7252777,1.6,0.760405966,0.649448048,0
-130.5157666,-105.1585768,11.2,0.760405966,0.649448048,0
-130.5157666,-105.1585768,4.8,0.760405966,0.649448048,0
-130.5157666,-105.1585768,8,0.760405966,0.649448048,0
-128.4375328,-107.5918759,20.8,0.760405966,0.649448048,0
-130.5157666,-105.1585768,1.6,0.760405966,0.649448048,0
-128.4375328,-107.5918759,1.6,0.760405966,0.649448048,0
-128.4375328,-107.5918759,4.8,0.760405966,0.649448048,0
-128.4375328,-107.5918759,11.2,0.760405966,0.649448048,0
-128.4375328,-107.5918759,8,0.760405966,0.649448048,0
-126.3592991,-110.025175,8,0.760405966,0.649448048,0
-126.3592991,-110.025175,4.8,0.760405966,0.649448048,0
-126.3592991,-110.025175,11.2,0.760405966,0.649448048,0
-126.3592991,-110.025175,1.6,0.760405966,0.649448048,0
-124.2810653,-112.4584741,1.6,0.760405966,0.649448048,0
-128.4375328,-107.5918759,24,0.760405966,0.649448048,0
-124.2810653,-112.4584741,4.8,0.760405966,0.649448048,0
-122.2028316,-114.8917732,1.6,0.760405966,0.649448048,0
-124.2810653,-112.4584741,8,0.760405966,0.649448048,0
-122.2028316,-114.8917732,4.8,0.760405966,0.649448048,0
-124.2810653,-112.4584741,11.2,0.760405966,0.649448048,0
-120.1245978,-117.3250723,1.6,0.760405966,0.649448048,0
-122.2028316,-114.8917732,8,0.760405966,0.649448048,0
-120.1245978,-117.3250723,4.8,0.760405966,0.649448048,0
-122.2028316,-114.8917732,11.2,0.760405966,0.649448048,0
-120.1245978,-117.3250723,8,0.760405966,0.649448048,0
-120.1245978,-117.3250723,11.2,0.760405966,0.649448048,0
-124.2810653,-112.4584741,24,0.760405966,0.649448048,0
-122.2028316,-114.8917732,17.6,0.760405966,0.649448048,0
-122.2028316,-114.8917732,24,0.760405966,0.649448048,0
-122.2028316,-114.8917732,14.4,0.760405966,0.649448048,0
-122.2028316,-114.8917732,20.8,0.760405966,0.649448048,0
-120.1245978,-117.3250723,20.8,0.760405966,0.649448048,0
-120.1245978,-117.3250723,24,0.760405966,0.649448048,0
-124.2810653,-112.4584741,20.8,0.760405966,0.649448048,0
-126.3592991,-110.025175,20.8,0.760405966,0.649448048,0
-124.2810653,-112.4584741,14.4,0.760405966,0.649448048,0
-120.1245978,-117.3250723,17.6,0.760405966,0.649448048,0
-124.2810653,-112.4584741,17.6,0.760405966,0.649448048,0
-126.3592991,-110.025175,24,0.760405966,0.649448048,0
-120.1245978,-117.3250723,14.4,0.760405966,0.649448048,0
-100.2919798,-134.6722331,37.6,0.649448049,0.760405965,0
-102.7252789,-132.5939994,37.6,0.649448049,0.760405965,0
-105.158578,-130.5157656,28,0.649448049,0.760405965,0
-100.2919798,-134.6722331,34.4,0.649448049,0.760405965,0
-107.5918771,-128.4375319,34.4,0.649448049,0.760405965,0
-105.158578,-130.5157656,34.4,0.649448049,0.760405965,0
-107.5918771,-128.4375319,37.6,0.649448049,0.760405965,0
-100.2919798,-134.6722331,28,0.649448049,0.760405965,0
-102.7252789,-132.5939994,31.2,0.649448049,0.760405965,0
-107.5918771,-128.4375319,28,0.649448049,0.760405965,0
-102.7252789,-132.5939994,34.4,0.649448049,0.760405965,0
-107.5918771,-128.4375319,31.2,0.649448049,0.760405965,0
-105.158578,-130.5157656,37.6,0.649448049,0.760405965,0
-105.158578,-130.5157656,31.2,0.649448049,0.760405965,0
-100.2919798,-134.6722331,31.2,0.649448049,0.760405965,0
-102.7252789,-132.5939994,28,0.649448049,0.760405965,0
-100.2919798,-134.6722331,40.8,0.649448049,0.760405965,0
-102.7252789,-132.5939994,40.8,0.649448049,0.760405965,0
-100.2919798,-134.6722331,44,0.649448049,0.760405965,0
-102.7252789,-132.5939994,44,0.649448049,0.760405965,0
-100.2919798,-134.6722331,50.4,0.649448049,0.760405965,0
-100.2919798,-134.6722331,47.2,0.649448049,0.760405965,0
-102.7252789,-132.5939994,50.4,0.649448049,0.760405965,0
-102.7252789,-132.5939994,47.2,0.649448049,0.760405965,0
-105.158578,-130.5157656,40.8,0.649448049,0.760405965,0
-105.158578,-130.5157656,47.2,0.649448049,0.760405965,0
-105.158578,-130.5157656,44,0.649448049,0.760405965,0
-110.0251761,-126.3592981,37.6,0.649448049,0.760405965,0
-105.158578,-130.5157656,50.4,0.649448049,0.760405965,0
-107.5918771,-128.4375319,40.8,0.649448049,0.760405965,0
-107.5918771,-128.4375319,50.4,0.649448049,0.760405965,0
-107.5918771,-128.4375319,47.2,0.649448049,0.760405965,0
-107.5918771,-128.4375319,44,0.649448049,0.760405965,0
-110.0251761,-126.3592981,40.8,0.649448049,0.760405965,0
-110.0251761,-126.3592981,44,0.649448049,0.760405965,0
-110.0251761,-126.3592981,50.4,0.649448049,0.760405965,0
-110.0251761,-126.3592981,47.2,0.649448049,0.760405965,0
-112.4584752,-124.2810643,50.4,0.649448049,0.760405965,0
-110.0251761,-126.3592981,34.4,0.649448049,0.760405965,0
-112.4584752,-124.2810643,47.2,0.649448049,0.760405965,0
-112.4584752,-124.2810643,44,0.649448049,0.760405965,0
-112.4584752,-124.2810643,40.8,0.649448049,0.760405965,0
-114.8917743,-122.2028306,47.2,0.649448049,0.760405965,0
-114.8917743,-122.2028306,50.4,0.649448049,0.760405965,0
-117.3250734,-120.1245968,50.4,0.649448049,0.760405965,0
-114.8917743,-122.2028306,40.8,0.649448049,0.760405965,0
-117.3250734,-120.1245968,47.2,0.649448049,0.760405965,0
-114.8917743,-122.2028306,44,0.649448049,0.760405965,0
-117.3250734,-120.1245968,40.8,0.649448049,0.760405965,0
-117.3250734,-120.1245968,44,0.649448049,0.760405965,0
-112.4584752,-124.2810643,31.2,0.649448049,0.760405965,0
-114.8917743,-122.2028306,31.2,0.649448049,0.760405965,0
-114.8917743,-122.2028306,28,0.649448049,0.760405965,0
-114.8917743,-122.2028306,37.6,0.649448049,0.760405965,0
-114.8917743,-122.2028306,34.4,0.649448049,0.760405965,0
-117.3250734,-120.1245968,31.2,0.649448049,0.760405965,0
-117.3250734,-120.1245968,28,0.649448049,0.760405965,0
-112.4584752,-124.2810643,28,0.649448049,0.760405965,0
-110.0251761,-126.3592981,28,0.649448049,0.760405965,0
-112.4584752,-124.2810643,37.6,0.649448049,0.760405965,0
-117.3250734,-120.1245968,34.4,0.649448049,0.760405965,0
-112.4584752,-124.2810643,34.4,0.649448049,0.760405965,0
-110.0251761,-126.3592981,31.2,0.649448049,0.760405965,0
-117.3250734,-120.1245968,37.6,0.649448049,0.760405965,0
-117.3250734,-120.1245968,14.4,0.649448049,0.760405965,0
-114.8917743,-122.2028306,14.4,0.649448049,0.760405965,0
-110.0251761,-126.3592981,17.6,0.649448049,0.760405965,0
-114.8917743,-122.2028306,17.6,0.649448049,0.760405965,0
-110.0251761,-126.3592981,14.4,0.649448049,0.760405965,0
-117.3250734,-120.1245968,20.8,0.649448049,0.760405965,0
-112.4584752,-124.2810643,20.8,0.649448049,0.760405965,0
-117.3250734,-120.1245968,24,0.649448049,0.760405965,0
-114.8917743,-122.2028306,20.8,0.649448049,0.760405965,0
-107.5918771,-128.4375319,14.4,0.649448049,0.760405965,0
-117.3250734,-120.1245968,17.6,0.649448049,0.760405965,0
-107.5918771,-128.4375319,17.6,0.649448049,0.760405965,0
-112.4584752,-124.2810643,14.4,0.649448049,0.760405965,0
-112.4584752,-124.2810643,24,0.649448049,0.760405965,0
-112.4584752,-124.2810643,17.6,0.649448049,0.760405965,0
-114.8917743,-122.2028306,24,0.649448049,0.760405965,0
-117.3250734,-120.1245968,11.2,0.649448049,0.760405965,0
-117.3250734,-120.1245968,4.8,0.649448049,0.760405965,0
-117.3250734,-120.1245968,8,0.649448049,0.760405965,0
-117.3250734,-120.1245968,1.6,0.649448049,0.760405965,0
-114.8917743,-122.2028306,8,0.649448049,0.760405965,0
-114.8917743,-122.2028306,11.2,0.649448049,0.760405965,0
-114.8917743,-122.2028306,4.8,0.649448049,0.760405965,0
-114.8917743,-122.2028306,1.6,0.649448049,0.760405965,0
-112.4584752,-124.2810643,11.2,0.649448049,0.760405965,0
-112.4584752,-124.2810643,4.8,0.649448049,0.760405965,0
-112.4584752,-124.2810643,8,0.649448049,0.760405965,0
-110.0251761,-126.3592981,20.8,0.649448049,0.760405965,0
-112.4584752,-124.2810643,1.6,0.649448049,0.760405965,0
-110.0251761,-126.3592981,1.6,0.649448049,0.760405965,0
-110.0251761,-126.3592981,4.8,0.649448049,0.760405965,0
-110.0251761,-126.3592981,11.2,0.649448049,0.760405965,0
-110.0251761,-126.3592981,8,0.649448049,0.760405965,0
-107.5918771,-128.4375319,8,0.649448049,0.760405965,0
-107.5918771,-128.4375319,4.8,0.649448049,0.760405965,0
-107.5918771,-128.4375319,11.2,0.649448049,0.760405965,0
-107.5918771,-128.4375319,1.6,0.649448049,0.760405965,0
-105.158578,-130.5157656,1.6,0.649448049,0.760405965,0
-110.0251761,-126.3592981,24,0.649448049,0.760405965,0
-105.158578,-130.5157656,4.8,0.649448049,0.760405965,0
-102.7252789,-132.5939994,1.6,0.649448049,0.760405965,0
-105.158578,-130.5157656,8,0.649448049,0.760405965,0
-102.7252789,-132.5939994,4.8,0.649448049,0.760405965,0
-105.158578,-130.5157656,11.2,0.649448049,0.760405965,0
-100.2919798,-134.6722331,1.6,0.649448049,0.760405965,0
-102.7252789,-132.5939994,8,0.649448049,0.760405965,0
-100.2919798,-134.6722331,4.8,0.649448049,0.760405965,0
-102.7252789,-132.5939994,11.2,0.649448049,0.760405965,0
-100.2919798,-134.6722331,8,0.649448049,0.760405965,0
-100.2919798,-134.6722331,11.2,0.649448049,0.760405965,0
-105.158578,-130.5157656,24,0.649448049,0.760405965,0
-102.7252789,-132.5939994,17.6,0.649448049,0.760405965,0
-102.7252789,-132.5939994,24,0.649448049,0.760405965,0
-102.7252789,-132.5939994,14.4,0.649448049,0.760405965,0
-102.7252789,-132.5939994,20.8,0.649448049,0.760405965,0
-100.2919798,-134.6722331,20.8,0.649448049,0.760405965,0
-100.2919798,-134.6722331,24,0.649448049,0.760405965,0
-105.158578,-130.5157656,20.8,0.649448049,0.760405965,0
-107.5918771,-128.4375319,20.8,0.649448049,0.760405965,0
-105.158578,-130.5157656,14.4,0.649448049,0.760405965,0
-100.2919798,-134.6722331,17.6,0.649448049,0.760405965,0
-105.158578,-130.5157656,17.6,0.649448049,0.760405965,0
-107.5918771,-128.4375319,24,0.649448049,0.760405965,0
-100.2919798,-134.6722331,14.4,0.649448049,0.760405965,0
