1.316270000000000000e+05	8.583000000000000000e+03	4.500000000000000000e+01	2.546497381567733242e+01	2.442838603398995190e+01	8.335892963506080777e-01	8.790920202590448707e-01	0.000000000000000000e+00	1.000000000000000000e+00	0.000000000000000000e+00
1.316270000000000000e+05	8.704000000000000000e+03	3.700000000000000000e+01	2.584610232937566110e+01	2.747763742253151875e+01	7.351803624780666180e-01	8.344520110684638947e-01	0.000000000000000000e+00	1.000000000000000000e+00	0.000000000000000000e+00
1.316270000000000000e+05	8.707000000000000000e+03	4.600000000000000000e+01	2.575776901510934636e+01	2.318284728792697180e+01	7.438298185371066129e-01	6.529321465755856257e-01	0.000000000000000000e+00	1.000000000000000000e+00	0.000000000000000000e+00
1.316270000000000000e+05	8.823000000000000000e+03	4.000000000000000000e+01	2.563408007555963763e+01	2.623698100612620365e+01	6.349063056555827034e-01	8.115298965621913219e-01	0.000000000000000000e+00	1.000000000000000000e+00	0.000000000000000000e+00
1.316280000000000000e+05	8.688000000000000000e+03	6.200000000000000000e+01	2.538129590048684747e+01	2.257251948147061427e+01	9.463401352755288487e-01	6.713892684351906448e-01	0.000000000000000000e+00	1.000000000000000000e+00	0.000000000000000000e+00
1.316280000000000000e+05	8.689000000000000000e+03	5.000000000000000000e+01	2.534705709064097690e+01	2.247598795527111193e+01	7.976728740686638286e-01	9.862973553891054568e-01	0.000000000000000000e+00	1.000000000000000000e+00	0.000000000000000000e+00
1.316280000000000000e+05	8.704000000000000000e+03	5.200000000000000000e+01	2.511651198221557024e+01	2.715017699802940854e+01	9.784743158236202110e-01	9.104862393703428980e-01	0.000000000000000000e+00	1.000000000000000000e+00	0.000000000000000000e+00
1.316280000000000000e+05	8.718000000000000000e+03	5.100000000000000000e+01	2.518356427640128814e+01	2.411161455554153221e+01	8.068418426411957389e-01	9.458467755790881393e-01	0.000000000000000000e+00	1.000000000000000000e+00	0.000000000000000000e+00
1.316280000000000000e+05	8.720000000000000000e+03	5.100000000000000000e+01	2.535384546254809379e+01	2.580396438632840628e+01	1.012796144511463048e+00	8.998619858928531556e-01	0.000000000000000000e+00	1.000000000000000000e+00	0.000000000000000000e+00
1.316280000000000000e+05	8.721000000000000000e+03	4.200000000000000000e+01	2.545492042840267288e+01	2.546439660492517731e+01	8.874961268893858390e-01	8.469950138753271629e-01	0.000000000000000000e+00	1.000000000000000000e+00	0.000000000000000000e+00
1.316280000000000000e+05	8.722000000000000000e+03	5.000000000000000000e+01	2.538114761343510040e+01	2.552322805276810058e+01	7.494786994771819311e-01	8.133421152401844045e-01	0.000000000000000000e+00	1.000000000000000000e+00	0.000000000000000000e+00
1.316280000000000000e+05	8.724000000000000000e+03	6.200000000000000000e+01	2.504176455175826277e+01	2.517513216240868346e+01	9.398769789787888573e-01	9.124945126047899757e-01	0.000000000000000000e+00	1.000000000000000000e+00	0.000000000000000000e+00
1.316280000000000000e+05	8.725000000000000000e+03	4.900000000000000000e+01	2.534038674883229092e+01	2.419841843845981444e+01	8.424807162245224745e-01	8.486767767883941493e-01	0.000000000000000000e+00	1.000000000000000000e+00	0.000000000000000000e+00
1.316280000000000000e+05	8.814000000000000000e+03	5.400000000000000000e+01	2.516487584048458004e+01	2.391205877209658226e+01	7.457015335536797407e-01	1.001541918991328162e+00	0.000000000000000000e+00	1.000000000000000000e+00	0.000000000000000000e+00
1.316280000000000000e+05	8.816000000000000000e+03	4.900000000000000000e+01	2.525808683585200853e+01	2.513919578452581405e+01	7.749500951978367524e-01	8.426387432305897374e-01	0.000000000000000000e+00	1.000000000000000000e+00	0.000000000000000000e+00
1.316280000000000000e+05	8.823000000000000000e+03	6.300000000000000000e+01	2.526145943557748552e+01	2.623974635058646498e+01	8.419967559423552350e-01	9.657231414321231222e-01	0.000000000000000000e+00	1.000000000000000000e+00	0.000000000000000000e+00
1.316280000000000000e+05	8.824000000000000000e+03	5.700000000000000000e+01	2.517084630612263396e+01	2.421711509698515385e+01	8.355723240866543833e-01	8.441011817471429923e-01	0.000000000000000000e+00	1.000000000000000000e+00	0.000000000000000000e+00
1.316300000000000000e+05	8.579000000000000000e+03	5.300000000000000000e+01	2.342741925045357831e+01	2.487709570602569897e+01	8.696061017660551284e-01	9.580245041693631336e-01	0.000000000000000000e+00	1.000000000000000000e+00	0.000000000000000000e+00
1.316300000000000000e+05	8.720000000000000000e+03	4.800000000000000000e+01	2.352343231962144188e+01	2.579439009019464635e+01	6.852661158442338030e-01	7.794676259373941596e-01	0.000000000000000000e+00	1.000000000000000000e+00	0.000000000000000000e+00
1.316300000000000000e+05	8.722000000000000000e+03	6.200000000000000000e+01	2.330779180821253505e+01	2.547404364887094630e+01	9.702036766832603520e-01	7.023061239324051019e-01	0.000000000000000000e+00	1.000000000000000000e+00	0.000000000000000000e+00
1.316300000000000000e+05	8.724000000000000000e+03	5.600000000000000000e+01	2.346286251857563343e+01	2.508328578316052315e+01	8.033715506218327418e-01	7.940245578090600054e-01	0.000000000000000000e+00	1.000000000000000000e+00	0.000000000000000000e+00
1.316300000000000000e+05	8.812000000000000000e+03	5.400000000000000000e+01	2.339650702705979768e+01	2.835678839497341741e+01	9.420154395551196824e-01	7.804166456666681295e-01	0.000000000000000000e+00	1.000000000000000000e+00	0.000000000000000000e+00
1.316300000000000000e+05	8.814000000000000000e+03	5.900000000000000000e+01	2.357646596029880115e+01	2.394755965124414843e+01	6.389471791054244232e-01	8.095314564852337247e-01	0.000000000000000000e+00	1.000000000000000000e+00	0.000000000000000000e+00
1.316300000000000000e+05	8.823000000000000000e+03	4.800000000000000000e+01	2.360493128666104212e+01	2.637160752516912510e+01	8.266251896985085112e-01	7.019134804263142957e-01	0.000000000000000000e+00	1.000000000000000000e+00	0.000000000000000000e+00
1.316300000000000000e+05	8.824000000000000000e+03	4.700000000000000000e+01	2.371175332695483462e+01	2.419779108021906211e+01	7.572350893014502260e-01	6.075306614194224686e-01	0.000000000000000000e+00	1.000000000000000000e+00	0.000000000000000000e+00
1.316310000000000000e+05	8.718000000000000000e+03	3.700000000000000000e+01	2.506807394967023583e+01	2.418783100537747899e+01	6.261576112480590206e-01	5.715284779356686329e-01	0.000000000000000000e+00	1.000000000000000000e+00	0.000000000000000000e+00
1.316320000000000000e+05	8.823000000000000000e+03	5.600000000000000000e+01	1.940425458568434181e+01	2.637856433627680275e+01	7.637948133926485417e-01	7.686907672791701840e-01	0.000000000000000000e+00	1.000000000000000000e+00	0.000000000000000000e+00
1.316330000000000000e+05	8.576000000000000000e+03	6.400000000000000000e+01	2.367077489704562510e+01	2.206086562666587270e+01	9.469697549764982680e-01	1.163838116814349011e+00	0.000000000000000000e+00	1.000000000000000000e+00	0.000000000000000000e+00
1.316330000000000000e+05	8.579000000000000000e+03	5.200000000000000000e+01	2.389288593298051566e+01	2.486009854077799019e+01	7.185280562996050335e-01	9.193489644710909348e-01	0.000000000000000000e+00	1.000000000000000000e+00	0.000000000000000000e+00
1.316330000000000000e+05	8.703000000000000000e+03	6.000000000000000000e+01	2.381498795383132716e+01	2.387712103071235603e+01	5.768413523346365146e-01	9.222916138600449898e-01	0.000000000000000000e+00	1.000000000000000000e+00	0.000000000000000000e+00
1.316330000000000000e+05	8.718000000000000000e+03	5.400000000000000000e+01	2.349428417047756668e+01	2.369325500068705281e+01	8.391069897232118491e-01	1.078878858119826534e+00	0.000000000000000000e+00	1.000000000000000000e+00	0.000000000000000000e+00
1.316330000000000000e+05	8.720000000000000000e+03	5.100000000000000000e+01	2.364181603591148573e+01	2.579208717248231508e+01	7.598389111560183151e-01	6.949235507387788724e-01	0.000000000000000000e+00	1.000000000000000000e+00	0.000000000000000000e+00
1.316330000000000000e+05	8.722000000000000000e+03	4.700000000000000000e+01	2.347394981335445152e+01	2.552951273001826493e+01	1.034945576521809185e+00	7.702638531742224126e-01	0.000000000000000000e+00	1.000000000000000000e+00	0.000000000000000000e+00
1.316330000000000000e+05	8.724000000000000000e+03	4.800000000000000000e+01	2.400050037656662738e+01	2.514903132557097010e+01	6.547554561569517428e-01	8.312503452764256062e-01	0.000000000000000000e+00	1.000000000000000000e+00	0.000000000000000000e+00
1.316330000000000000e+05	8.725000000000000000e+03	5.800000000000000000e+01	2.369417752037695024e+01	2.423271902498775532e+01	5.874505066411966903e-01	7.832157934342930394e-01	0.000000000000000000e+00	1.000000000000000000e+00	0.000000000000000000e+00
1.316330000000000000e+05	8.814000000000000000e+03	6.100000000000000000e+01	2.365480722197952446e+01	2.409657066391256919e+01	9.381032027997703304e-01	8.072530600361527142e-01	0.000000000000000000e+00	1.000000000000000000e+00	0.000000000000000000e+00
1.316330000000000000e+05	8.816000000000000000e+03	5.700000000000000000e+01	2.404328729229104766e+01	2.527190517036024886e+01	9.860636095758762432e-01	1.085441173549496652e+00	0.000000000000000000e+00	1.000000000000000000e+00	0.000000000000000000e+00
1.316330000000000000e+05	8.824000000000000000e+03	5.200000000000000000e+01	2.364737760944764133e+01	2.422028630759761114e+01	8.219687028387415717e-01	6.017043724225450418e-01	0.000000000000000000e+00	1.000000000000000000e+00	0.000000000000000000e+00
1.316330000000000000e+05	8.828000000000000000e+03	5.600000000000000000e+01	2.357982496300900976e+01	2.502678698707179095e+01	8.393316823115983816e-01	8.224891090945848360e-01	0.000000000000000000e+00	1.000000000000000000e+00	0.000000000000000000e+00
1.316370000000000000e+05	8.718000000000000000e+03	3.900000000000000000e+01	2.663617852927349006e+01	2.419356859549192507e+01	6.912553564198951062e-01	6.421757734778124060e-01	0.000000000000000000e+00	1.000000000000000000e+00	0.000000000000000000e+00
1.316370000000000000e+05	8.725000000000000000e+03	4.100000000000000000e+01	2.645622582989470217e+01	2.426345352629036967e+01	5.992826410585555541e-01	9.857460666499937574e-01	0.000000000000000000e+00	1.000000000000000000e+00	0.000000000000000000e+00
1.316370000000000000e+05	8.823000000000000000e+03	2.900000000000000000e+01	2.645319273272729887e+01	2.637719550303842553e+01	6.850784400721080525e-01	5.955371929241095597e-01	0.000000000000000000e+00	1.000000000000000000e+00	0.000000000000000000e+00
1.316400000000000000e+05	8.823000000000000000e+03	5.500000000000000000e+01	2.008522980213575693e+01	2.650864992779083451e+01	9.316321239564833157e-01	6.025761431640824783e-01	0.000000000000000000e+00	1.000000000000000000e+00	0.000000000000000000e+00
1.316470000000000000e+05	8.579000000000000000e+03	4.700000000000000000e+01	2.567519672539257769e+01	2.483874556780402187e+01	6.220758528845031776e-01	8.912525014534010692e-01	0.000000000000000000e+00	1.000000000000000000e+00	0.000000000000000000e+00
1.316470000000000000e+05	8.583000000000000000e+03	5.400000000000000000e+01	2.552377608030373679e+01	2.466751236208200382e+01	7.995894251910061756e-01	1.121461185190224086e+00	0.000000000000000000e+00	1.000000000000000000e+00	0.000000000000000000e+00
1.316470000000000000e+05	8.597000000000000000e+03	5.400000000000000000e+01	2.567787075287152376e+01	2.214730454461883369e+01	6.230874303278191029e-01	6.744395873341452186e-01	0.000000000000000000e+00	1.000000000000000000e+00	0.000000000000000000e+00
1.316470000000000000e+05	8.686000000000000000e+03	5.400000000000000000e+01	2.558841999666175226e+01	2.292924032197091933e+01	8.003052695137538031e-01	9.140609810740996100e-01	0.000000000000000000e+00	1.000000000000000000e+00	0.000000000000000000e+00
1.316470000000000000e+05	8.695000000000000000e+03	6.200000000000000000e+01	2.541430563975632495e+01	2.156929898005325796e+01	9.606041218236073265e-01	9.095495738571272026e-01	0.000000000000000000e+00	1.000000000000000000e+00	0.000000000000000000e+00
1.316470000000000000e+05	8.704000000000000000e+03	4.300000000000000000e+01	2.569757158157588961e+01	2.727164317921029735e+01	6.809856699328068474e-01	7.634260085569836152e-01	0.000000000000000000e+00	1.000000000000000000e+00	0.000000000000000000e+00
1.316470000000000000e+05	8.707000000000000000e+03	5.300000000000000000e+01	2.569678538589368344e+01	2.313237118310380680e+01	8.432319704530732984e-01	7.849714349813833314e-01	0.000000000000000000e+00	1.000000000000000000e+00	0.000000000000000000e+00
1.316470000000000000e+05	8.711000000000000000e+03	4.200000000000000000e+01	2.571741846997184666e+01	2.257045935320247665e+01	5.764078939591035233e-01	6.702375355507872445e-01	0.000000000000000000e+00	1.000000000000000000e+00	0.000000000000000000e+00
1.316470000000000000e+05	8.718000000000000000e+03	6.300000000000000000e+01	2.562454613192959840e+01	2.416993331925165123e+01	7.395261239695470890e-01	8.054066640838742908e-01	0.000000000000000000e+00	1.000000000000000000e+00	0.000000000000000000e+00
1.316470000000000000e+05	8.720000000000000000e+03	5.200000000000000000e+01	2.552768419375562559e+01	2.599467332906989725e+01	7.793992363935661194e-01	7.856274826148811341e-01	0.000000000000000000e+00	1.000000000000000000e+00	0.000000000000000000e+00
1.316470000000000000e+05	8.722000000000000000e+03	5.600000000000000000e+01	2.540459034747938816e+01	2.541594941807525743e+01	8.652338219685453691e-01	7.677905775514836106e-01	0.000000000000000000e+00	1.000000000000000000e+00	0.000000000000000000e+00
1.316470000000000000e+05	8.724000000000000000e+03	4.500000000000000000e+01	2.547558465249624149e+01	2.507338166430517390e+01	7.945921982825832064e-01	8.481643139902109718e-01	0.000000000000000000e+00	1.000000000000000000e+00	0.000000000000000000e+00
1.316470000000000000e+05	8.727000000000000000e+03	4.400000000000000000e+01	2.562290720304342528e+01	2.698504259607112488e+01	7.856017763237547191e-01	8.562689903874310948e-01	0.000000000000000000e+00	1.000000000000000000e+00	0.000000000000000000e+00
1.316470000000000000e+05	8.810000000000000000e+03	3.800000000000000000e+01	2.577022550859624772e+01	2.779395558859098259e+01	7.075813058723655624e-01	9.114569098615646903e-01	0.000000000000000000e+00	1.000000000000000000e+00	0.000000000000000000e+00
1.316470000000000000e+05	8.812000000000000000e+03	5.900000000000000000e+01	2.549516825711644330e+01	2.819070994254200357e+01	8.428679882162475323e-01	9.579312266776628393e-01	0.000000000000000000e+00	1.000000000000000000e+00	0.000000000000000000e+00
1.316470000000000000e+05	8.814000000000000000e+03	5.900000000000000000e+01	2.562295746515126282e+01	2.394263257536994516e+01	7.648899214865443330e-01	7.668546197044719959e-01	0.000000000000000000e+00	1.000000000000000000e+00	0.000000000000000000e+00
1.316470000000000000e+05	8.816000000000000000e+03	5.400000000000000000e+01	2.571614350845000274e+01	2.503593172207130380e+01	7.087314020654431612e-01	7.325209533510381732e-01	0.000000000000000000e+00	1.000000000000000000e+00	0.000000000000000000e+00
1.316470000000000000e+05	8.817000000000000000e+03	4.500000000000000000e+01	2.561937890789327810e+01	2.378410961448424032e+01	7.649063955945711868e-01	8.129598471405899973e-01	0.000000000000000000e+00	1.000000000000000000e+00	0.000000000000000000e+00
1.316470000000000000e+05	8.823000000000000000e+03	4.400000000000000000e+01	2.567107597489613369e+01	2.627662011010833965e+01	7.247764867085042528e-01	8.955770030402876447e-01	0.000000000000000000e+00	1.000000000000000000e+00	0.000000000000000000e+00
1.316470000000000000e+05	8.824000000000000000e+03	4.200000000000000000e+01	2.565933649390972349e+01	2.432264079584524197e+01	7.165892495279004848e-01	5.644487140824878679e-01	0.000000000000000000e+00	1.000000000000000000e+00	0.000000000000000000e+00
1.316470000000000000e+05	8.828000000000000000e+03	4.300000000000000000e+01	2.568383138430792201e+01	2.526804259545810538e+01	6.988709186421810937e-01	8.769167515081485176e-01	0.000000000000000000e+00	1.000000000000000000e+00	0.000000000000000000e+00
1.316480000000000000e+05	8.583000000000000000e+03	5.900000000000000000e+01	2.442365722180862164e+01	2.439621322299717932e+01	1.219409550285190713e+00	8.141051197779933801e-01	0.000000000000000000e+00	1.000000000000000000e+00	0.000000000000000000e+00
1.316480000000000000e+05	8.704000000000000000e+03	5.400000000000000000e+01	2.436331521859724702e+01	2.711708997878877980e+01	9.201176433954346701e-01	9.017522764233183441e-01	0.000000000000000000e+00	1.000000000000000000e+00	0.000000000000000000e+00
1.316480000000000000e+05	8.720000000000000000e+03	6.200000000000000000e+01	2.401856899369400722e+01	2.573946015043641111e+01	1.344629123909042212e+00	7.401542110696667232e-01	0.000000000000000000e+00	1.000000000000000000e+00	0.000000000000000000e+00
1.316480000000000000e+05	8.724000000000000000e+03	5.200000000000000000e+01	2.417200917933666915e+01	2.494217921582960429e+01	1.134266842835522926e+00	6.712168965875560112e-01	0.000000000000000000e+00	1.000000000000000000e+00	0.000000000000000000e+00
1.316480000000000000e+05	8.816000000000000000e+03	5.100000000000000000e+01	2.416749691651990872e+01	2.522914792226673697e+01	1.188475020888823286e+00	9.681485275304454463e-01	0.000000000000000000e+00	1.000000000000000000e+00	0.000000000000000000e+00
1.316480000000000000e+05	8.817000000000000000e+03	5.200000000000000000e+01	2.418620716276669214e+01	2.403814618154602201e+01	9.731121374314777306e-01	6.143643718977973567e-01	0.000000000000000000e+00	1.000000000000000000e+00	0.000000000000000000e+00
1.316480000000000000e+05	8.823000000000000000e+03	4.800000000000000000e+01	2.410746296826684798e+01	2.640159534924354290e+01	9.692038776682881940e-01	7.823455600992378356e-01	0.000000000000000000e+00	1.000000000000000000e+00	0.000000000000000000e+00
1.316480000000000000e+05	8.828000000000000000e+03	5.600000000000000000e+01	2.420610015230280254e+01	2.520939664657732848e+01	1.052525119773788376e+00	7.970177805366660539e-01	0.000000000000000000e+00	1.000000000000000000e+00	0.000000000000000000e+00
1.316490000000000000e+05	8.703000000000000000e+03	4.300000000000000000e+01	2.610743097796184742e+01	2.402056613021524001e+01	6.769427418252883522e-01	5.549322884527636557e-01	0.000000000000000000e+00	1.000000000000000000e+00	0.000000000000000000e+00
1.316490000000000000e+05	8.831000000000000000e+03	4.200000000000000000e+01	2.623326859815655610e+01	2.392595978676945379e+01	7.703708986213954057e-01	8.134412390437423257e-01	0.000000000000000000e+00	1.000000000000000000e+00	0.000000000000000000e+00
1.316530000000000000e+05	8.703000000000000000e+03	5.700000000000000000e+01	2.197470273484365677e+01	2.426198685179977588e+01	8.650917642993658507e-01	9.176326350212866689e-01	0.000000000000000000e+00	1.000000000000000000e+00	0.000000000000000000e+00
1.316530000000000000e+05	8.704000000000000000e+03	5.300000000000000000e+01	2.217535188106792532e+01	2.726235981038497513e+01	7.392560878872229679e-01	8.109507777835517350e-01	0.000000000000000000e+00	1.000000000000000000e+00	0.000000000000000000e+00
1.316530000000000000e+05	8.724000000000000000e+03	5.400000000000000000e+01	2.218573231551165392e+01	2.505061777024096870e+01	6.397874600733300943e-01	7.928425743040521390e-01	0.000000000000000000e+00	1.000000000000000000e+00	0.000000000000000000e+00
1.316550000000000000e+05	8.583000000000000000e+03	3.900000000000000000e+01	2.812676312109660515e+01	2.449163316071960494e+01	8.587320034963950022e-01	1.268811976976808698e+00	0.000000000000000000e+00	1.000000000000000000e+00	0.000000000000000000e+00
1.316550000000000000e+05	8.592000000000000000e+03	5.700000000000000000e+01	2.818157388745591874e+01	1.949095557669734191e+01	7.969870834261604253e-01	9.936798763656712330e-01	0.000000000000000000e+00	1.000000000000000000e+00	0.000000000000000000e+00
1.316550000000000000e+05	8.594000000000000000e+03	5.500000000000000000e+01	2.797137376182925195e+01	2.132604350257134840e+01	6.833341232740873794e-01	1.037535813758531988e+00	0.000000000000000000e+00	1.000000000000000000e+00	0.000000000000000000e+00
1.316550000000000000e+05	8.597000000000000000e+03	5.300000000000000000e+01	2.814422918591927925e+01	2.198012606017869786e+01	9.554124278356708189e-01	7.998475375404787702e-01	0.000000000000000000e+00	1.000000000000000000e+00	0.000000000000000000e+00
1.316550000000000000e+05	8.685000000000000000e+03	3.800000000000000000e+01	2.822649040111567942e+01	2.451800129054693755e+01	7.950848895984720111e-01	7.144407861501599344e-01	0.000000000000000000e+00	1.000000000000000000e+00	0.000000000000000000e+00
1.316550000000000000e+05	8.688000000000000000e+03	6.100000000000000000e+01	2.806876398017595520e+01	2.238326590325098664e+01	7.862727806399079089e-01	9.403798084271404178e-01	0.000000000000000000e+00	1.000000000000000000e+00	0.000000000000000000e+00
1.316550000000000000e+05	8.689000000000000000e+03	5.700000000000000000e+01	2.802416024427492047e+01	2.267154026557508217e+01	6.720883442450371614e-01	8.569749496486537277e-01	0.000000000000000000e+00	1.000000000000000000e+00	0.000000000000000000e+00
1.316550000000000000e+05	8.703000000000000000e+03	5.400000000000000000e+01	2.820008075633551314e+01	2.382522857474272371e+01	8.623602940232309999e-01	9.614986398348421837e-01	0.000000000000000000e+00	1.000000000000000000e+00	0.000000000000000000e+00
1.316550000000000000e+05	8.704000000000000000e+03	4.000000000000000000e+01	2.824689260745284614e+01	2.736653148658765744e+01	6.909464636692647099e-01	6.543055833640588625e-01	0.000000000000000000e+00	1.000000000000000000e+00	0.000000000000000000e+00
1.316550000000000000e+05	8.707000000000000000e+03	4.200000000000000000e+01	2.851074651569328466e+01	2.329457815070141535e+01	5.452488564836722729e-01	7.390371978270415809e-01	0.000000000000000000e+00	1.000000000000000000e+00	0.000000000000000000e+00
1.316550000000000000e+05	8.718000000000000000e+03	5.000000000000000000e+01	2.823522190995990755e+01	2.412098319156715576e+01	6.169931260007477380e-01	7.363045347043787325e-01	0.000000000000000000e+00	1.000000000000000000e+00	0.000000000000000000e+00
1.316550000000000000e+05	8.720000000000000000e+03	4.900000000000000000e+01	2.791755417408239737e+01	2.574777987597099838e+01	9.556628671656758334e-01	7.929843168744336035e-01	0.000000000000000000e+00	1.000000000000000000e+00	0.000000000000000000e+00
1.316550000000000000e+05	8.722000000000000000e+03	5.100000000000000000e+01	2.818864212359696708e+01	2.523650971231458229e+01	8.022226428960429478e-01	7.779975963467580247e-01	0.000000000000000000e+00	1.000000000000000000e+00	0.000000000000000000e+00
1.316550000000000000e+05	8.724000000000000000e+03	4.900000000000000000e+01	2.792502312983961943e+01	2.502115101254248231e+01	7.821196033338231324e-01	7.413519009079284627e-01	0.000000000000000000e+00	1.000000000000000000e+00	0.000000000000000000e+00
1.316550000000000000e+05	8.725000000000000000e+03	5.900000000000000000e+01	2.802258416771430660e+01	2.419166567458101724e+01	7.014064269710682531e-01	8.248196904534906837e-01	0.000000000000000000e+00	1.000000000000000000e+00	0.000000000000000000e+00
1.316550000000000000e+05	8.812000000000000000e+03	4.000000000000000000e+01	2.806820623612013677e+01	2.802990345888358803e+01	7.249286388169883244e-01	9.228825919445666770e-01	0.000000000000000000e+00	1.000000000000000000e+00	0.000000000000000000e+00
1.316550000000000000e+05	8.813000000000000000e+03	3.100000000000000000e+01	2.830831372356299624e+01	2.596781869425608491e+01	7.293606420792367873e-01	8.849993962836905093e-01	0.000000000000000000e+00	1.000000000000000000e+00	0.000000000000000000e+00
1.316550000000000000e+05	8.816000000000000000e+03	6.800000000000000000e+01	2.839858318535306836e+01	2.515721969038299477e+01	7.939364688779653179e-01	9.587224491221302269e-01	0.000000000000000000e+00	1.000000000000000000e+00	0.000000000000000000e+00
1.316550000000000000e+05	8.817000000000000000e+03	5.400000000000000000e+01	2.792911716827342872e+01	2.371897969102267822e+01	9.537640660732733533e-01	8.025192087495581772e-01	0.000000000000000000e+00	1.000000000000000000e+00	0.000000000000000000e+00
1.316550000000000000e+05	8.822000000000000000e+03	4.600000000000000000e+01	2.818243104483127226e+01	2.506186140797712980e+01	6.960622075412278287e-01	8.508307373923850170e-01	0.000000000000000000e+00	1.000000000000000000e+00	0.000000000000000000e+00
1.316550000000000000e+05	8.823000000000000000e+03	4.700000000000000000e+01	2.806453788532369131e+01	2.616236539592465604e+01	7.653669815432688761e-01	8.369955117143832446e-01	0.000000000000000000e+00	1.000000000000000000e+00	0.000000000000000000e+00
1.316550000000000000e+05	8.824000000000000000e+03	5.800000000000000000e+01	2.782463720569496601e+01	2.448846480997042363e+01	8.690630088623431115e-01	6.815630644982010322e-01	0.000000000000000000e+00	1.000000000000000000e+00	0.000000000000000000e+00
1.316550000000000000e+05	8.828000000000000000e+03	4.600000000000000000e+01	2.816010257098442437e+01	2.497525062661338779e+01	7.055453315266387859e-01	1.017185305727147826e+00	0.000000000000000000e+00	1.000000000000000000e+00	0.000000000000000000e+00
1.316550000000000000e+05	8.831000000000000000e+03	5.600000000000000000e+01	2.799509389997705355e+01	2.398287229723236891e+01	9.299163167257107343e-01	6.529615062765254940e-01	0.000000000000000000e+00	1.000000000000000000e+00	0.000000000000000000e+00
1.316580000000000000e+05	8.579000000000000000e+03	5.100000000000000000e+01	2.825037891412003077e+01	2.489863488822299686e+01	1.104393199991599017e+00	8.304731964128161392e-01	0.000000000000000000e+00	1.000000000000000000e+00	0.000000000000000000e+00
1.316580000000000000e+05	8.583000000000000000e+03	3.900000000000000000e+01	2.838435531401006173e+01	2.421746803418137617e+01	7.251037746862277755e-01	9.164806520055986949e-01	0.000000000000000000e+00	1.000000000000000000e+00	0.000000000000000000e+00
1.316580000000000000e+05	8.686000000000000000e+03	4.600000000000000000e+01	2.832250246950408723e+01	2.311625251306151085e+01	6.466371384767990449e-01	6.869130462857480079e-01	0.000000000000000000e+00	1.000000000000000000e+00	0.000000000000000000e+00
1.316580000000000000e+05	8.689000000000000000e+03	5.400000000000000000e+01	2.837302256480055718e+01	2.300495127941494999e+01	8.118149142996625711e-01	9.253250523626870283e-01	0.000000000000000000e+00	1.000000000000000000e+00	0.000000000000000000e+00
1.316580000000000000e+05	8.700000000000000000e+03	5.800000000000000000e+01	2.853785803690724165e+01	2.048726892286142487e+01	6.751931995432719491e-01	8.427279886944472054e-01	0.000000000000000000e+00	1.000000000000000000e+00	0.000000000000000000e+00
1.316580000000000000e+05	8.703000000000000000e+03	5.500000000000000000e+01	2.826537706439215825e+01	2.388750803828824232e+01	8.636089786319773864e-01	1.079365122809894384e+00	0.000000000000000000e+00	1.000000000000000000e+00	0.000000000000000000e+00
1.316580000000000000e+05	8.704000000000000000e+03	4.100000000000000000e+01	2.834618758818371376e+01	2.717067836925775381e+01	9.104065874079056986e-01	9.702025860070968566e-01	0.000000000000000000e+00	1.000000000000000000e+00	0.000000000000000000e+00
1.316580000000000000e+05	8.707000000000000000e+03	5.300000000000000000e+01	2.829378022482763555e+01	2.324698721157257708e+01	8.946441964121986112e-01	7.503986632952051039e-01	0.000000000000000000e+00	1.000000000000000000e+00	0.000000000000000000e+00
1.316580000000000000e+05	8.711000000000000000e+03	4.300000000000000000e+01	2.840236905383312305e+01	2.279316782934216690e+01	6.802433677485915098e-01	7.542841958631185673e-01	0.000000000000000000e+00	1.000000000000000000e+00	0.000000000000000000e+00
1.316580000000000000e+05	8.718000000000000000e+03	3.600000000000000000e+01	2.854704105559667227e+01	2.394866438300303813e+01	8.014378495697291882e-01	6.078038146615374338e-01	0.000000000000000000e+00	1.000000000000000000e+00	0.000000000000000000e+00
1.316580000000000000e+05	8.720000000000000000e+03	4.500000000000000000e+01	2.813985393339182295e+01	2.560905395780390137e+01	1.052141756868492095e+00	8.248418435396829285e-01	0.000000000000000000e+00	1.000000000000000000e+00	0.000000000000000000e+00
1.316580000000000000e+05	8.722000000000000000e+03	5.700000000000000000e+01	2.804659973542077722e+01	2.545486915400868000e+01	8.807645941873949447e-01	8.138101613442334514e-01	0.000000000000000000e+00	1.000000000000000000e+00	0.000000000000000000e+00
1.316580000000000000e+05	8.724000000000000000e+03	3.900000000000000000e+01	2.825401009734165214e+01	2.513685590836244543e+01	7.989109564009447828e-01	7.324801831829272913e-01	0.000000000000000000e+00	1.000000000000000000e+00	0.000000000000000000e+00
1.316580000000000000e+05	8.812000000000000000e+03	4.900000000000000000e+01	2.831664551271916963e+01	2.819983378985980593e+01	7.319021641468801409e-01	8.700927099697459699e-01	0.000000000000000000e+00	1.000000000000000000e+00	0.000000000000000000e+00
1.316580000000000000e+05	8.814000000000000000e+03	5.100000000000000000e+01	2.794571158436147229e+01	2.410254852864850150e+01	8.791319028871169561e-01	6.388587634178871655e-01	0.000000000000000000e+00	1.000000000000000000e+00	0.000000000000000000e+00
1.316580000000000000e+05	8.816000000000000000e+03	5.700000000000000000e+01	2.840888657842530307e+01	2.515377635674243351e+01	7.900571495368567954e-01	8.797253050298571297e-01	0.000000000000000000e+00	1.000000000000000000e+00	0.000000000000000000e+00
1.316580000000000000e+05	8.817000000000000000e+03	4.900000000000000000e+01	2.820012134989033470e+01	2.378530533205618980e+01	7.358606386132198196e-01	6.045810872850294615e-01	0.000000000000000000e+00	1.000000000000000000e+00	0.000000000000000000e+00
1.316580000000000000e+05	8.822000000000000000e+03	3.200000000000000000e+01	2.835770098667318706e+01	2.487988771591099990e+01	5.841723612158862267e-01	9.079303979200208374e-01	0.000000000000000000e+00	1.000000000000000000e+00	0.000000000000000000e+00
1.316580000000000000e+05	8.823000000000000000e+03	4.300000000000000000e+01	2.846020740270652283e+01	2.615739621770377710e+01	7.838867281396357800e-01	8.615788882450426955e-01	0.000000000000000000e+00	1.000000000000000000e+00	0.000000000000000000e+00
1.316580000000000000e+05	8.831000000000000000e+03	4.600000000000000000e+01	2.843336136044504414e+01	2.372348847436709107e+01	7.180858705711746781e-01	8.785822713638650194e-01	0.000000000000000000e+00	1.000000000000000000e+00	0.000000000000000000e+00
1.316630000000000000e+05	8.828000000000000000e+03	3.400000000000000000e+01	2.517744836188842328e+01	2.524158868846742720e+01	6.914236159654624236e-01	6.265774770767047475e-01	0.000000000000000000e+00	1.000000000000000000e+00	0.000000000000000000e+00
1.316640000000000000e+05	8.704000000000000000e+03	5.800000000000000000e+01	2.349331302084393869e+01	2.737225115169040279e+01	6.945863785561011694e-01	8.628747881230842687e-01	0.000000000000000000e+00	1.000000000000000000e+00	0.000000000000000000e+00
1.316640000000000000e+05	8.718000000000000000e+03	4.700000000000000000e+01	2.379956862531011552e+01	2.394460117189315440e+01	6.276197628088706626e-01	8.241254345929474034e-01	0.000000000000000000e+00	1.000000000000000000e+00	0.000000000000000000e+00
1.316640000000000000e+05	8.720000000000000000e+03	4.300000000000000000e+01	2.362732707367152329e+01	2.570653586863855722e+01	9.788198117475986892e-01	7.023767872728523542e-01	0.000000000000000000e+00	1.000000000000000000e+00	0.000000000000000000e+00
1.316640000000000000e+05	8.722000000000000000e+03	5.400000000000000000e+01	2.342259719915901783e+01	2.568886860152517571e+01	8.868634834073112483e-01	6.381906235554467566e-01	0.000000000000000000e+00	1.000000000000000000e+00	0.000000000000000000e+00
1.316640000000000000e+05	8.724000000000000000e+03	5.100000000000000000e+01	2.333740375357122332e+01	2.512690272842252526e+01	1.025418965890309897e+00	8.812663568220018284e-01	0.000000000000000000e+00	1.000000000000000000e+00	0.000000000000000000e+00
1.316640000000000000e+05	8.817000000000000000e+03	6.100000000000000000e+01	2.343839936409882796e+01	2.366657194223293104e+01	8.241659726187892110e-01	8.397023815326383200e-01	0.000000000000000000e+00	1.000000000000000000e+00	0.000000000000000000e+00
1.316640000000000000e+05	8.823000000000000000e+03	5.300000000000000000e+01	2.332711589558567056e+01	2.634735709284789351e+01	7.566668905247735388e-01	7.571616779995695712e-01	0.000000000000000000e+00	1.000000000000000000e+00	0.000000000000000000e+00
1.316640000000000000e+05	8.828000000000000000e+03	5.300000000000000000e+01	2.334276979423748699e+01	2.513504864955928753e+01	9.795689242881400194e-01	7.936384859060462427e-01	0.000000000000000000e+00	1.000000000000000000e+00	0.000000000000000000e+00
1.316640000000000000e+05	8.831000000000000000e+03	5.500000000000000000e+01	2.328811576765052394e+01	2.403845857902453886e+01	7.929984590462840766e-01	8.252425506623194407e-01	0.000000000000000000e+00	1.000000000000000000e+00	0.000000000000000000e+00
1.316650000000000000e+05	8.579000000000000000e+03	4.100000000000000000e+01	2.607976622577712433e+01	2.477430325933023880e+01	6.967358247104825653e-01	6.158352891565375131e-01	0.000000000000000000e+00	1.000000000000000000e+00	0.000000000000000000e+00
1.316650000000000000e+05	8.686000000000000000e+03	5.100000000000000000e+01	2.603691436004977078e+01	2.268260193282547377e+01	7.179967587133445628e-01	1.008090518707371430e+00	0.000000000000000000e+00	1.000000000000000000e+00	0.000000000000000000e+00
1.316650000000000000e+05	8.689000000000000000e+03	5.400000000000000000e+01	2.608151503501603230e+01	2.274818219744940961e+01	8.939270807171507682e-01	8.410450658756074560e-01	0.000000000000000000e+00	1.000000000000000000e+00	0.000000000000000000e+00
1.316650000000000000e+05	8.703000000000000000e+03	6.000000000000000000e+01	2.569577040680799485e+01	2.372359504214513848e+01	9.544629702618562250e-01	1.157023907906720828e+00	0.000000000000000000e+00	1.000000000000000000e+00	0.000000000000000000e+00
1.316650000000000000e+05	8.704000000000000000e+03	6.100000000000000000e+01	2.599352652592160240e+01	2.702599759075656038e+01	9.379126863880901110e-01	9.980517156379687949e-01	0.000000000000000000e+00	1.000000000000000000e+00	0.000000000000000000e+00
1.316650000000000000e+05	8.707000000000000000e+03	4.800000000000000000e+01	2.618771363205590319e+01	2.305427493413588280e+01	7.516311048046063759e-01	7.441423677826430882e-01	0.000000000000000000e+00	1.000000000000000000e+00	0.000000000000000000e+00
1.316650000000000000e+05	8.718000000000000000e+03	5.600000000000000000e+01	2.613399185329778263e+01	2.401362032819878323e+01	7.251368224238344817e-01	7.903639448799186784e-01	0.000000000000000000e+00	1.000000000000000000e+00	0.000000000000000000e+00
1.316650000000000000e+05	8.720000000000000000e+03	4.500000000000000000e+01	2.611397871941006699e+01	2.558292414299279471e+01	8.829625661363147415e-01	9.517222880905948923e-01	0.000000000000000000e+00	1.000000000000000000e+00	0.000000000000000000e+00
1.316650000000000000e+05	8.721000000000000000e+03	3.800000000000000000e+01	2.613170639398532913e+01	2.556395414003892341e+01	7.461154542809458334e-01	8.282469251269153343e-01	0.000000000000000000e+00	1.000000000000000000e+00	0.000000000000000000e+00
1.316650000000000000e+05	8.722000000000000000e+03	5.000000000000000000e+01	2.586926901909841092e+01	2.565584782739638570e+01	7.998032625938613638e-01	6.040802718552935602e-01	0.000000000000000000e+00	1.000000000000000000e+00	0.000000000000000000e+00
1.316650000000000000e+05	8.725000000000000000e+03	4.800000000000000000e+01	2.633690171833150018e+01	2.424113907847875993e+01	7.460559275939494528e-01	7.839917334962618334e-01	0.000000000000000000e+00	1.000000000000000000e+00	0.000000000000000000e+00
1.316650000000000000e+05	8.823000000000000000e+03	5.500000000000000000e+01	2.595324821402298454e+01	2.633719404264386910e+01	9.140074108816268472e-01	7.785413886693888230e-01	0.000000000000000000e+00	1.000000000000000000e+00	0.000000000000000000e+00
1.316650000000000000e+05	8.824000000000000000e+03	3.800000000000000000e+01	2.596801096993796065e+01	2.450622153862016361e+01	7.159338440188679487e-01	7.628947087565971508e-01	0.000000000000000000e+00	1.000000000000000000e+00	0.000000000000000000e+00
1.316650000000000000e+05	8.828000000000000000e+03	5.500000000000000000e+01	2.612699388154570812e+01	2.511383286942308857e+01	7.595749464886653035e-01	9.194614112532972783e-01	0.000000000000000000e+00	1.000000000000000000e+00	0.000000000000000000e+00
1.316660000000000000e+05	8.579000000000000000e+03	4.200000000000000000e+01	2.719471036213717596e+01	2.489351514902771711e+01	5.910334021895080614e-01	1.062663227144927225e+00	0.000000000000000000e+00	1.000000000000000000e+00	0.000000000000000000e+00
1.316660000000000000e+05	8.689000000000000000e+03	6.200000000000000000e+01	2.738691834727208274e+01	2.287707981789337808e+01	8.992922025240482897e-01	8.455424870223091638e-01	0.000000000000000000e+00	1.000000000000000000e+00	0.000000000000000000e+00
1.316660000000000000e+05	8.704000000000000000e+03	5.100000000000000000e+01	2.718909574359013703e+01	2.716240504343198836e+01	8.622230795659499014e-01	6.103832389413720305e-01	0.000000000000000000e+00	1.000000000000000000e+00	0.000000000000000000e+00
1.316660000000000000e+05	8.707000000000000000e+03	6.000000000000000000e+01	2.725077513444890442e+01	2.346825611776137066e+01	8.777102531380303052e-01	7.921571895708114930e-01	0.000000000000000000e+00	1.000000000000000000e+00	0.000000000000000000e+00
1.316660000000000000e+05	8.718000000000000000e+03	5.400000000000000000e+01	2.733240408154758683e+01	2.406415416708387767e+01	7.851250757094081489e-01	8.258898931925956477e-01	0.000000000000000000e+00	1.000000000000000000e+00	0.000000000000000000e+00
1.316660000000000000e+05	8.725000000000000000e+03	5.200000000000000000e+01	2.716578622869868909e+01	2.413319735484399686e+01	6.742011466838321310e-01	8.174811020820608176e-01	0.000000000000000000e+00	1.000000000000000000e+00	0.000000000000000000e+00
1.316660000000000000e+05	8.817000000000000000e+03	5.100000000000000000e+01	2.761581139572787791e+01	2.365120046232770790e+01	8.947251461324903232e-01	7.165245749053489321e-01	0.000000000000000000e+00	1.000000000000000000e+00	0.000000000000000000e+00
1.316660000000000000e+05	8.823000000000000000e+03	5.400000000000000000e+01	2.750481618006386952e+01	2.611588995589615791e+01	9.208920669325828534e-01	7.837665471395548478e-01	0.000000000000000000e+00	1.000000000000000000e+00	0.000000000000000000e+00
1.316660000000000000e+05	8.824000000000000000e+03	4.800000000000000000e+01	2.746609149494078395e+01	2.462818718566667897e+01	9.125674460713975034e-01	7.595578658563582053e-01	0.000000000000000000e+00	1.000000000000000000e+00	0.000000000000000000e+00
1.316660000000000000e+05	8.828000000000000000e+03	4.600000000000000000e+01	2.747162741672295283e+01	2.523523441645586018e+01	9.360251797923443418e-01	7.166765866907975902e-01	0.000000000000000000e+00	1.000000000000000000e+00	0.000000000000000000e+00
1.316660000000000000e+05	8.831000000000000000e+03	5.500000000000000000e+01	2.724169575529866449e+01	2.399449398133159050e+01	9.634915058992179482e-01	6.987204328671964282e-01	0.000000000000000000e+00	1.000000000000000000e+00	0.000000000000000000e+00
1.316670000000000000e+05	8.579000000000000000e+03	4.600000000000000000e+01	2.541540538651772962e+01	2.488490970493061027e+01	7.783441073729089332e-01	1.034951098439709005e+00	0.000000000000000000e+00	1.000000000000000000e+00	0.000000000000000000e+00
1.316670000000000000e+05	8.688000000000000000e+03	6.100000000000000000e+01	2.516326518428448722e+01	2.243304996936037199e+01	7.293394275880913380e-01	7.453895683489221158e-01	0.000000000000000000e+00	1.000000000000000000e+00	0.000000000000000000e+00
1.316670000000000000e+05	8.689000000000000000e+03	4.900000000000000000e+01	2.530760391996865621e+01	2.240044428074561367e+01	6.838572607180820606e-01	8.938009344330778427e-01	0.000000000000000000e+00	1.000000000000000000e+00	0.000000000000000000e+00
1.316670000000000000e+05	8.704000000000000000e+03	3.900000000000000000e+01	2.550296874432676475e+01	2.705353987769332846e+01	8.785138959509716239e-01	8.983181765132123298e-01	0.000000000000000000e+00	1.000000000000000000e+00	0.000000000000000000e+00
1.316670000000000000e+05	8.707000000000000000e+03	5.100000000000000000e+01	2.532919250081282669e+01	2.323250364168984206e+01	7.663151129385443738e-01	5.979378678910430844e-01	0.000000000000000000e+00	1.000000000000000000e+00	0.000000000000000000e+00
1.316670000000000000e+05	8.711000000000000000e+03	5.200000000000000000e+01	2.530736322685055839e+01	2.255505193687682208e+01	5.732655602228968750e-01	6.807348384975313582e-01	0.000000000000000000e+00	1.000000000000000000e+00	0.000000000000000000e+00
1.316670000000000000e+05	8.718000000000000000e+03	5.700000000000000000e+01	2.535452524092714910e+01	2.414066148546818980e+01	9.588241995357199565e-01	8.671242058349380999e-01	0.000000000000000000e+00	1.000000000000000000e+00	0.000000000000000000e+00
1.316670000000000000e+05	8.720000000000000000e+03	5.400000000000000000e+01	2.508825851607154789e+01	2.568772018133459056e+01	8.857205178612025387e-01	6.852067157472406800e-01	0.000000000000000000e+00	1.000000000000000000e+00	0.000000000000000000e+00
1.316670000000000000e+05	8.722000000000000000e+03	4.800000000000000000e+01	2.504021782945444130e+01	2.558230178474154926e+01	5.518658931969614434e-01	6.752979724460681510e-01	0.000000000000000000e+00	1.000000000000000000e+00	0.000000000000000000e+00
1.316670000000000000e+05	8.724000000000000000e+03	3.900000000000000000e+01	2.511392005539070382e+01	2.531099666838612450e+01	7.307957550495868260e-01	7.654162281761762721e-01	0.000000000000000000e+00	1.000000000000000000e+00	0.000000000000000000e+00
1.316670000000000000e+05	8.725000000000000000e+03	4.700000000000000000e+01	2.544570137657906983e+01	2.437084661700985322e+01	7.374759069496845676e-01	6.987471468125263652e-01	0.000000000000000000e+00	1.000000000000000000e+00	0.000000000000000000e+00
1.316670000000000000e+05	8.824000000000000000e+03	4.700000000000000000e+01	2.523137100785758946e+01	2.451302288374620986e+01	6.864002523077751272e-01	7.872991077023192563e-01	0.000000000000000000e+00	1.000000000000000000e+00	0.000000000000000000e+00
1.316680000000000000e+05	8.704000000000000000e+03	3.400000000000000000e+01	2.570360280681240539e+01	2.740116514516178370e+01	1.021922917251454788e+00	6.083093894114839362e-01	0.000000000000000000e+00	1.000000000000000000e+00	0.000000000000000000e+00
1.316680000000000000e+05	8.823000000000000000e+03	3.300000000000000000e+01	2.567269707678384805e+01	2.634713890814862580e+01	6.491844475948397308e-01	9.426779069527095878e-01	0.000000000000000000e+00	1.000000000000000000e+00	0.000000000000000000e+00
1.392640000000000000e+05	9.430000000000000000e+02	4.900000000000000000e+01	2.153204761384960975e+01	2.693425546577072538e+01	6.170951368115971114e-01	6.622385732751246978e-01	0.000000000000000000e+00	1.000000000000000000e+00	0.000000000000000000e+00
1.392640000000000000e+05	9.510000000000000000e+02	6.400000000000000000e+01	2.158140436513375704e+01	2.397312309768550520e+01	7.114714914124594669e-01	1.106854840232208037e+00	0.000000000000000000e+00	1.000000000000000000e+00	0.000000000000000000e+00
1.392640000000000000e+05	9.560000000000000000e+02	5.200000000000000000e+01	2.158289095501301347e+01	2.710177781349590020e+01	6.144839745046098978e-01	8.360381840358537264e-01	0.000000000000000000e+00	1.000000000000000000e+00	0.000000000000000000e+00
1.392640000000000000e+05	9.810000000000000000e+02	4.200000000000000000e+01	2.146133576535299881e+01	2.823065595955668527e+01	6.119578873380497885e-01	7.590095483933811948e-01	0.000000000000000000e+00	1.000000000000000000e+00	0.000000000000000000e+00
1.392670000000000000e+05	9.390000000000000000e+02	4.700000000000000000e+01	2.225713059535368998e+01	2.715007998138520762e+01	5.679086841664777729e-01	5.523085642023654040e-01	0.000000000000000000e+00	1.000000000000000000e+00	0.000000000000000000e+00
1.392670000000000000e+05	9.440000000000000000e+02	4.900000000000000000e+01	2.225688163581440193e+01	2.430405775124264167e+01	6.174074657006405342e-01	6.051725426246762352e-01	0.000000000000000000e+00	1.000000000000000000e+00	0.000000000000000000e+00
1.392670000000000000e+05	9.510000000000000000e+02	6.300000000000000000e+01	2.219543140686559468e+01	2.412144139309893731e+01	6.375444090798482177e-01	9.602236577358810310e-01	0.000000000000000000e+00	1.000000000000000000e+00	0.000000000000000000e+00
1.392670000000000000e+05	9.520000000000000000e+02	4.600000000000000000e+01	2.204016823596755970e+01	2.544366808404679503e+01	6.464464964551518422e-01	8.200624915390331005e-01	0.000000000000000000e+00	1.000000000000000000e+00	0.000000000000000000e+00
1.392670000000000000e+05	9.560000000000000000e+02	1.040000000000000000e+02	2.207663831001595511e+01	1.000000000000000000e+00	7.925229541587156534e-01	1.000000000000000000e+00	0.000000000000000000e+00	1.000000000000000000e+00	0.000000000000000000e+00
1.392670000000000000e+05	9.590000000000000000e+02	6.800000000000000000e+01	2.214627302344938897e+01	2.464232234801469090e+01	6.883711483726716596e-01	1.033170179928755816e+00	0.000000000000000000e+00	1.000000000000000000e+00	0.000000000000000000e+00
1.392670000000000000e+05	9.610000000000000000e+02	3.700000000000000000e+01	2.219402130743940305e+01	2.703613461305629784e+01	7.416322779229993500e-01	5.805759251914553998e-01	0.000000000000000000e+00	1.000000000000000000e+00	0.000000000000000000e+00
1.392670000000000000e+05	9.700000000000000000e+02	4.800000000000000000e+01	2.208015444303022790e+01	2.777922932689066826e+01	8.235679443286166856e-01	6.188231009496067969e-01	0.000000000000000000e+00	1.000000000000000000e+00	0.000000000000000000e+00
1.392670000000000000e+05	9.770000000000000000e+02	4.100000000000000000e+01	2.211467734147781883e+01	2.667503139779524091e+01	7.062561089944867643e-01	6.191264018333269004e-01	0.000000000000000000e+00	1.000000000000000000e+00	0.000000000000000000e+00
1.392710000000000000e+05	9.350000000000000000e+02	3.600000000000000000e+01	2.222587968981138218e+01	2.765287809808300423e+01	8.352088857675575850e-01	6.611355088762238541e-01	0.000000000000000000e+00	1.000000000000000000e+00	0.000000000000000000e+00
1.392710000000000000e+05	9.430000000000000000e+02	4.100000000000000000e+01	2.212387103537069066e+01	2.665237637244056401e+01	7.879177067527548539e-01	9.464087178528720612e-01	0.000000000000000000e+00	1.000000000000000000e+00	0.000000000000000000e+00
1.392710000000000000e+05	9.440000000000000000e+02	6.500000000000000000e+01	2.219426929108822932e+01	2.438455241971913168e+01	6.286537624458793383e-01	7.826366412545681106e-01	0.000000000000000000e+00	1.000000000000000000e+00	0.000000000000000000e+00
1.392710000000000000e+05	9.470000000000000000e+02	4.100000000000000000e+01	2.202395621301607065e+01	2.711881359854828233e+01	5.865660657546832857e-01	5.666706796407653401e-01	0.000000000000000000e+00	1.000000000000000000e+00	0.000000000000000000e+00
1.392710000000000000e+05	9.490000000000000000e+02	4.700000000000000000e+01	2.204782428807477146e+01	2.529567973008438031e+01	7.374994166345320012e-01	7.288936093895013180e-01	0.000000000000000000e+00	1.000000000000000000e+00	0.000000000000000000e+00
1.392710000000000000e+05	9.600000000000000000e+02	5.700000000000000000e+01	2.223227231356472799e+01	2.797172443602791247e+01	7.671179468034852178e-01	8.131999312340961739e-01	0.000000000000000000e+00	1.000000000000000000e+00	0.000000000000000000e+00
1.392710000000000000e+05	9.670000000000000000e+02	5.600000000000000000e+01	2.224609664946179777e+01	2.773716046981459016e+01	6.685401484244068993e-01	1.120696090888861685e+00	0.000000000000000000e+00	1.000000000000000000e+00	0.000000000000000000e+00
1.392710000000000000e+05	9.770000000000000000e+02	5.700000000000000000e+01	2.223693762283440734e+01	2.681444883773707488e+01	6.729009784480417533e-01	7.640568606644493332e-01	0.000000000000000000e+00	1.000000000000000000e+00	0.000000000000000000e+00
1.392740000000000000e+05	9.700000000000000000e+02	3.900000000000000000e+01	2.298175561126584299e+01	2.785800727525385057e+01	7.774941246504046832e-01	7.149868732658617443e-01	0.000000000000000000e+00	1.000000000000000000e+00	0.000000000000000000e+00
1.392740000000000000e+05	9.780000000000000000e+02	3.900000000000000000e+01	2.297078482169376556e+01	2.866210503688562028e+01	7.395848435532773602e-01	9.763538509944637012e-01	0.000000000000000000e+00	1.000000000000000000e+00	0.000000000000000000e+00
1.392780000000000000e+05	9.440000000000000000e+02	5.400000000000000000e+01	2.131899450112516448e+01	2.407901562446327404e+01	6.310735606171915535e-01	6.778442478366352164e-01	0.000000000000000000e+00	1.000000000000000000e+00	0.000000000000000000e+00
1.392780000000000000e+05	9.600000000000000000e+02	5.500000000000000000e+01	2.109421796550786254e+01	2.799124451209020847e+01	8.460128876361450168e-01	8.661533000837510210e-01	0.000000000000000000e+00	1.000000000000000000e+00	0.000000000000000000e+00
1.392780000000000000e+05	9.700000000000000000e+02	5.100000000000000000e+01	2.117217811962745344e+01	2.788633845964091051e+01	6.472221169090850434e-01	6.525790496780453642e-01	0.000000000000000000e+00	1.000000000000000000e+00	0.000000000000000000e+00
1.392780000000000000e+05	9.750000000000000000e+02	4.500000000000000000e+01	2.109700678445589617e+01	2.703365110713733799e+01	7.514769357664574656e-01	5.529705244611854420e-01	0.000000000000000000e+00	1.000000000000000000e+00	0.000000000000000000e+00
1.392780000000000000e+05	9.770000000000000000e+02	6.300000000000000000e+01	2.123902192206046990e+01	2.665183977625940415e+01	7.109926742221931439e-01	8.341176860403116677e-01	0.000000000000000000e+00	1.000000000000000000e+00	0.000000000000000000e+00
1.392780000000000000e+05	9.800000000000000000e+02	4.800000000000000000e+01	2.142240954700006128e+01	2.826136201476128562e+01	6.913517403172472209e-01	6.938267789385852424e-01	0.000000000000000000e+00	1.000000000000000000e+00	0.000000000000000000e+00
1.392790000000000000e+05	9.400000000000000000e+02	5.100000000000000000e+01	2.193241416787331488e+01	2.647465525515193718e+01	8.573381546632947714e-01	9.400140311846550967e-01	0.000000000000000000e+00	1.000000000000000000e+00	0.000000000000000000e+00
1.392800000000000000e+05	9.310000000000000000e+02	4.600000000000000000e+01	2.242407215205028237e+01	2.799682749887467637e+01	7.111677848641915212e-01	7.649856969676794849e-01	0.000000000000000000e+00	1.000000000000000000e+00	0.000000000000000000e+00
1.392800000000000000e+05	9.330000000000000000e+02	5.100000000000000000e+01	2.239638765611194060e+01	2.735514615484856193e+01	6.276722357634042515e-01	7.997907777196032741e-01	0.000000000000000000e+00	1.000000000000000000e+00	0.000000000000000000e+00
1.392800000000000000e+05	9.390000000000000000e+02	4.300000000000000000e+01	2.235470035097198860e+01	2.719992760030216772e+01	6.189290840630623514e-01	8.516183408471030836e-01	0.000000000000000000e+00	1.000000000000000000e+00	0.000000000000000000e+00
1.392800000000000000e+05	9.420000000000000000e+02	5.300000000000000000e+01	2.246538726414826570e+01	2.486915201510575102e+01	5.495278270373360474e-01	8.601142301077880914e-01	0.000000000000000000e+00	1.000000000000000000e+00	0.000000000000000000e+00
1.392800000000000000e+05	9.590000000000000000e+02	5.200000000000000000e+01	2.258875905338587842e+01	2.459988510391435312e+01	7.001451996746962392e-01	6.891916956125313520e-01	0.000000000000000000e+00	1.000000000000000000e+00	0.000000000000000000e+00
1.392800000000000000e+05	9.630000000000000000e+02	4.900000000000000000e+01	2.246516968598970720e+01	2.851646387241918035e+01	6.405076269132403688e-01	6.979663727009022267e-01	0.000000000000000000e+00	1.000000000000000000e+00	0.000000000000000000e+00
1.392800000000000000e+05	9.750000000000000000e+02	4.300000000000000000e+01	2.226760034611425354e+01	2.711527700707420152e+01	6.279938610182047576e-01	6.231391836819415442e-01	0.000000000000000000e+00	1.000000000000000000e+00	0.000000000000000000e+00
1.392800000000000000e+05	9.760000000000000000e+02	5.400000000000000000e+01	2.231746190848331324e+01	3.028179849213822550e+01	7.748458927538615093e-01	8.519746123733830112e-01	0.000000000000000000e+00	1.000000000000000000e+00	0.000000000000000000e+00
1.392820000000000000e+05	9.420000000000000000e+02	6.000000000000000000e+01	2.092272730048950180e+01	2.497124762512061125e+01	5.776530582221495180e-01	9.129744666240328099e-01	0.000000000000000000e+00	1.000000000000000000e+00	0.000000000000000000e+00
1.392820000000000000e+05	9.780000000000000000e+02	5.100000000000000000e+01	2.099517881968663957e+01	2.835871384190543054e+01	5.476595556484400440e-01	7.720325557754212920e-01	0.000000000000000000e+00	1.000000000000000000e+00	0.000000000000000000e+00
1.392840000000000000e+05	9.420000000000000000e+02	5.800000000000000000e+01	2.147459090137614979e+01	2.496630883144720769e+01	8.196748756506094802e-01	9.372215069747354965e-01	0.000000000000000000e+00	1.000000000000000000e+00	0.000000000000000000e+00
1.392840000000000000e+05	9.440000000000000000e+02	5.700000000000000000e+01	2.158240101984739212e+01	2.441536163302198759e+01	7.097891182761214557e-01	8.966672431731419479e-01	0.000000000000000000e+00	1.000000000000000000e+00	0.000000000000000000e+00
1.392840000000000000e+05	9.520000000000000000e+02	5.800000000000000000e+01	2.122945248793716644e+01	2.562761597314240447e+01	1.047025269016294446e+00	1.033828856405659913e+00	0.000000000000000000e+00	1.000000000000000000e+00	0.000000000000000000e+00
1.392840000000000000e+05	9.700000000000000000e+02	4.600000000000000000e+01	2.146152530788090829e+01	2.776601640841862917e+01	7.075686777663690030e-01	5.677587277348288275e-01	0.000000000000000000e+00	1.000000000000000000e+00	0.000000000000000000e+00
1.392840000000000000e+05	9.770000000000000000e+02	6.000000000000000000e+01	2.141113149557406103e+01	2.676447563717215772e+01	7.348483949632088619e-01	9.286439177823445634e-01	0.000000000000000000e+00	1.000000000000000000e+00	0.000000000000000000e+00
1.392850000000000000e+05	9.420000000000000000e+02	6.500000000000000000e+01	2.126471649028612276e+01	2.475961703871841024e+01	7.118788657241125195e-01	1.020337025926477459e+00	0.000000000000000000e+00	1.000000000000000000e+00	0.000000000000000000e+00
1.392850000000000000e+05	9.440000000000000000e+02	6.000000000000000000e+01	2.169661943980198870e+01	2.403616709097967075e+01	5.556982044491250994e-01	1.162565271350742169e+00	0.000000000000000000e+00	1.000000000000000000e+00	0.000000000000000000e+00
1.392850000000000000e+05	9.600000000000000000e+02	5.400000000000000000e+01	2.149545681515519391e+01	2.775516407772390792e+01	6.784694376360900225e-01	8.454442560044582722e-01	0.000000000000000000e+00	1.000000000000000000e+00	0.000000000000000000e+00
1.392850000000000000e+05	9.760000000000000000e+02	5.600000000000000000e+01	2.157866228886042137e+01	3.042670587940857274e+01	6.727072649737716459e-01	1.022241111148636472e+00	0.000000000000000000e+00	1.000000000000000000e+00	0.000000000000000000e+00
1.393720000000000000e+05	9.380000000000000000e+02	4.100000000000000000e+01	2.371781651842561800e+01	2.673967059729358198e+01	8.119686845492996019e-01	5.592283790331895599e-01	0.000000000000000000e+00	1.000000000000000000e+00	0.000000000000000000e+00
1.393720000000000000e+05	9.400000000000000000e+02	5.600000000000000000e+01	2.353679828777194416e+01	2.626988918356311942e+01	7.666466558063280701e-01	1.137515086152638411e+00	0.000000000000000000e+00	1.000000000000000000e+00	0.000000000000000000e+00
1.393720000000000000e+05	9.420000000000000000e+02	3.600000000000000000e+01	2.399729730832248720e+01	2.490003927075775181e+01	8.170987114727618073e-01	6.952399797865675968e-01	0.000000000000000000e+00	1.000000000000000000e+00	0.000000000000000000e+00
1.393720000000000000e+05	9.440000000000000000e+02	5.300000000000000000e+01	2.364047474008645366e+01	2.430095977641956750e+01	1.084311406897884300e+00	7.203797255113009168e-01	0.000000000000000000e+00	1.000000000000000000e+00	0.000000000000000000e+00
1.393720000000000000e+05	9.490000000000000000e+02	4.500000000000000000e+01	2.369381551436357469e+01	2.540560655765373355e+01	7.212075150045333949e-01	7.082660447471283982e-01	0.000000000000000000e+00	1.000000000000000000e+00	0.000000000000000000e+00
1.393720000000000000e+05	9.500000000000000000e+02	4.100000000000000000e+01	2.368285086613446921e+01	2.691406805341983244e+01	7.506719873113517627e-01	6.764441236770917243e-01	0.000000000000000000e+00	1.000000000000000000e+00	0.000000000000000000e+00
1.393720000000000000e+05	9.510000000000000000e+02	6.100000000000000000e+01	2.369850586167853379e+01	2.394757409041230645e+01	7.978779923658129158e-01	1.086097698600035910e+00	0.000000000000000000e+00	1.000000000000000000e+00	0.000000000000000000e+00
1.393720000000000000e+05	9.560000000000000000e+02	5.500000000000000000e+01	2.392984160852348552e+01	2.712229284970088727e+01	6.942046022665211424e-01	9.296924331683319442e-01	0.000000000000000000e+00	1.000000000000000000e+00	0.000000000000000000e+00
1.393720000000000000e+05	9.590000000000000000e+02	5.600000000000000000e+01	2.382072301153323224e+01	2.480412962744052052e+01	7.204131959043894584e-01	1.115143624805530642e+00	0.000000000000000000e+00	1.000000000000000000e+00	0.000000000000000000e+00
1.393720000000000000e+05	9.650000000000000000e+02	6.500000000000000000e+01	2.370781071507132509e+01	2.701984176015014327e+01	8.054327031810667448e-01	1.218394704296216879e+00	0.000000000000000000e+00	1.000000000000000000e+00	0.000000000000000000e+00
1.393720000000000000e+05	9.700000000000000000e+02	5.600000000000000000e+01	2.360424767197395113e+01	2.770639334367670159e+01	9.273042437224182644e-01	8.835877350801483177e-01	0.000000000000000000e+00	1.000000000000000000e+00	0.000000000000000000e+00
1.393720000000000000e+05	9.750000000000000000e+02	3.300000000000000000e+01	2.380573996087001731e+01	2.742367295025940876e+01	5.831524537416610254e-01	8.268019306026901383e-01	0.000000000000000000e+00	1.000000000000000000e+00	0.000000000000000000e+00
1.393720000000000000e+05	9.760000000000000000e+02	6.600000000000000000e+01	2.356880476068841546e+01	3.030374672315709361e+01	8.478884664661269221e-01	8.294435998699097867e-01	0.000000000000000000e+00	1.000000000000000000e+00	0.000000000000000000e+00
1.393720000000000000e+05	9.770000000000000000e+02	5.800000000000000000e+01	2.364439813438621130e+01	2.657957665134405545e+01	7.473936734873101173e-01	6.757963256210943737e-01	0.000000000000000000e+00	1.000000000000000000e+00	0.000000000000000000e+00
1.393720000000000000e+05	9.780000000000000000e+02	4.600000000000000000e+01	2.391059820569914152e+01	2.850382595514485828e+01	5.892693227071840179e-01	1.090869194428485178e+00	0.000000000000000000e+00	1.000000000000000000e+00	0.000000000000000000e+00
1.393720000000000000e+05	9.800000000000000000e+02	9.300000000000000000e+01	2.371188150431893860e+01	1.000000000000000000e+00	6.702985014024114285e-01	1.000000000000000000e+00	0.000000000000000000e+00	1.000000000000000000e+00	0.000000000000000000e+00
1.393740000000000000e+05	9.380000000000000000e+02	5.500000000000000000e+01	2.198531936848812762e+01	2.714043066729752951e+01	5.958689671643765395e-01	8.960555130091777398e-01	0.000000000000000000e+00	1.000000000000000000e+00	0.000000000000000000e+00
1.393740000000000000e+05	9.430000000000000000e+02	6.000000000000000000e+01	2.186271794463956297e+01	2.656158904714327207e+01	8.361758163531781696e-01	8.335057393215300481e-01	0.000000000000000000e+00	1.000000000000000000e+00	0.000000000000000000e+00
1.393740000000000000e+05	9.510000000000000000e+02	6.800000000000000000e+01	2.187194193136251386e+01	2.402155924556947753e+01	6.955169419857363255e-01	8.689592519909166146e-01	0.000000000000000000e+00	1.000000000000000000e+00	0.000000000000000000e+00
1.393740000000000000e+05	9.560000000000000000e+02	5.300000000000000000e+01	2.200060925968831427e+01	2.759075854297973507e+01	5.774107422754970464e-01	8.282343497538874333e-01	0.000000000000000000e+00	1.000000000000000000e+00	0.000000000000000000e+00
1.393740000000000000e+05	9.700000000000000000e+02	5.100000000000000000e+01	2.191636219503087446e+01	2.775618895489956728e+01	8.381495036511021901e-01	7.973063080483724363e-01	0.000000000000000000e+00	1.000000000000000000e+00	0.000000000000000000e+00
1.393760000000000000e+05	9.420000000000000000e+02	6.400000000000000000e+01	2.154141545083827225e+01	2.519022316615908608e+01	6.256367579470248907e-01	8.065984538169526097e-01	0.000000000000000000e+00	1.000000000000000000e+00	0.000000000000000000e+00
1.393760000000000000e+05	9.440000000000000000e+02	5.300000000000000000e+01	2.158353767245029076e+01	2.411421486151972715e+01	8.337819524801397542e-01	5.532991288759649962e-01	0.000000000000000000e+00	1.000000000000000000e+00	0.000000000000000000e+00
1.393760000000000000e+05	9.480000000000000000e+02	4.900000000000000000e+01	2.150061811925611011e+01	2.817525382750347873e+01	8.493507830764526201e-01	5.426301000025191001e-01	0.000000000000000000e+00	1.000000000000000000e+00	0.000000000000000000e+00
1.393760000000000000e+05	9.500000000000000000e+02	5.300000000000000000e+01	2.164532973396047666e+01	2.688600293259223761e+01	7.243914134105388092e-01	5.199530289891244328e-01	0.000000000000000000e+00	1.000000000000000000e+00	0.000000000000000000e+00
1.393760000000000000e+05	9.520000000000000000e+02	6.800000000000000000e+01	2.159831100669465442e+01	2.528936989320439466e+01	7.369555324721819289e-01	1.003905297989658996e+00	0.000000000000000000e+00	1.000000000000000000e+00	0.000000000000000000e+00
1.393760000000000000e+05	9.600000000000000000e+02	6.600000000000000000e+01	2.140804827237466057e+01	2.795123680828378454e+01	7.674049477343879433e-01	7.415804625085823387e-01	0.000000000000000000e+00	1.000000000000000000e+00	0.000000000000000000e+00
1.393760000000000000e+05	9.670000000000000000e+02	4.500000000000000000e+01	2.166607825392608078e+01	2.807523879104257247e+01	5.497248112435629830e-01	8.985177896116732787e-01	0.000000000000000000e+00	1.000000000000000000e+00	0.000000000000000000e+00
1.393760000000000000e+05	9.700000000000000000e+02	5.500000000000000000e+01	2.151397824534732095e+01	2.759510929391877099e+01	8.434157012461852565e-01	7.122622302649469495e-01	0.000000000000000000e+00	1.000000000000000000e+00	0.000000000000000000e+00
1.393760000000000000e+05	9.770000000000000000e+02	5.800000000000000000e+01	2.172273074006087512e+01	2.646942242214597130e+01	6.985901867653543373e-01	7.466623740190529990e-01	0.000000000000000000e+00	1.000000000000000000e+00	0.000000000000000000e+00
1.393770000000000000e+05	9.600000000000000000e+02	4.800000000000000000e+01	2.107778656827362695e+01	2.795624047098421272e+01	6.394998670333783553e-01	7.379037287633678499e-01	0.000000000000000000e+00	1.000000000000000000e+00	0.000000000000000000e+00
1.393770000000000000e+05	9.650000000000000000e+02	5.800000000000000000e+01	2.119505865480153162e+01	2.703176513783233048e+01	5.296772190519694057e-01	9.140613069882671526e-01	0.000000000000000000e+00	1.000000000000000000e+00	0.000000000000000000e+00
1.393770000000000000e+05	9.670000000000000000e+02	6.400000000000000000e+01	2.120138761183281417e+01	2.781320042927412217e+01	6.215220153375029533e-01	9.832552417721057703e-01	0.000000000000000000e+00	1.000000000000000000e+00	0.000000000000000000e+00
1.393770000000000000e+05	9.700000000000000000e+02	4.800000000000000000e+01	2.128653872017390469e+01	2.763780237178659505e+01	5.654409477267199335e-01	6.639403327442600089e-01	0.000000000000000000e+00	1.000000000000000000e+00	0.000000000000000000e+00
1.393820000000000000e+05	9.400000000000000000e+02	3.900000000000000000e+01	2.216247043654835380e+01	2.631343701138640512e+01	6.178268479875742569e-01	9.868280081777236479e-01	0.000000000000000000e+00	1.000000000000000000e+00	0.000000000000000000e+00
1.393820000000000000e+05	9.650000000000000000e+02	5.000000000000000000e+01	2.205378135817563745e+01	2.685014272791503842e+01	8.033290923201144018e-01	1.073895701869319597e+00	0.000000000000000000e+00	1.000000000000000000e+00	0.000000000000000000e+00
1.393820000000000000e+05	9.700000000000000000e+02	4.400000000000000000e+01	2.198314306644572014e+01	2.768036979966146660e+01	8.019541995858805450e-01	8.426227724722579193e-01	0.000000000000000000e+00	1.000000000000000000e+00	0.000000000000000000e+00
1.393830000000000000e+05	9.380000000000000000e+02	5.100000000000000000e+01	2.123213372705518509e+01	2.697023710995298984e+01	8.984112488757365345e-01	7.855410219195505528e-01	0.000000000000000000e+00	1.000000000000000000e+00	0.000000000000000000e+00
1.393830000000000000e+05	9.420000000000000000e+02	5.300000000000000000e+01	2.140542584694946626e+01	2.493659538573787060e+01	7.395392346124742833e-01	8.727915247039654822e-01	0.000000000000000000e+00	1.000000000000000000e+00	0.000000000000000000e+00
1.393830000000000000e+05	9.450000000000000000e+02	5.900000000000000000e+01	2.134626218193538350e+01	2.291373091278665441e+01	8.057608743111095428e-01	8.119698353056127305e-01	0.000000000000000000e+00	1.000000000000000000e+00	0.000000000000000000e+00
1.393830000000000000e+05	9.520000000000000000e+02	5.900000000000000000e+01	2.103302039222086606e+01	2.540222760372176936e+01	9.257903927297976843e-01	1.157858391523647557e+00	0.000000000000000000e+00	1.000000000000000000e+00	0.000000000000000000e+00
1.393830000000000000e+05	9.560000000000000000e+02	6.500000000000000000e+01	2.110636330124165028e+01	2.718142801385940999e+01	9.069198068983705951e-01	1.064776447576251339e+00	0.000000000000000000e+00	1.000000000000000000e+00	0.000000000000000000e+00
1.393830000000000000e+05	9.600000000000000000e+02	5.600000000000000000e+01	2.139684384346569956e+01	2.805764381634256566e+01	6.681507287728031264e-01	6.560324049376075051e-01	0.000000000000000000e+00	1.000000000000000000e+00	0.000000000000000000e+00
1.393830000000000000e+05	9.760000000000000000e+02	4.900000000000000000e+01	2.128710849018826323e+01	3.026709806474580944e+01	6.231468613712854987e-01	9.458888897858879208e-01	0.000000000000000000e+00	1.000000000000000000e+00	0.000000000000000000e+00
1.393840000000000000e+05	9.390000000000000000e+02	5.600000000000000000e+01	2.201099773804925519e+01	2.720273393736928824e+01	7.924472167920226795e-01	8.567136109357539331e-01	0.000000000000000000e+00	1.000000000000000000e+00	0.000000000000000000e+00
1.393840000000000000e+05	9.400000000000000000e+02	7.000000000000000000e+01	2.170348906215503604e+01	2.619207064829037179e+01	7.667568595831684153e-01	1.034636588018620351e+00	0.000000000000000000e+00	1.000000000000000000e+00	0.000000000000000000e+00
1.393840000000000000e+05	9.440000000000000000e+02	5.800000000000000000e+01	2.184102604188794672e+01	2.423763104018827974e+01	7.325619160267984320e-01	7.436782984184912015e-01	0.000000000000000000e+00	1.000000000000000000e+00	0.000000000000000000e+00
1.393840000000000000e+05	9.590000000000000000e+02	5.900000000000000000e+01	2.184838256944199841e+01	2.470717987683633154e+01	6.515409982724253979e-01	1.122520090737905818e+00	0.000000000000000000e+00	1.000000000000000000e+00	0.000000000000000000e+00
1.393840000000000000e+05	9.670000000000000000e+02	5.900000000000000000e+01	2.168747072681894750e+01	2.771313852045679127e+01	5.456220081313977177e-01	8.744374838100007485e-01	0.000000000000000000e+00	1.000000000000000000e+00	0.000000000000000000e+00
1.393840000000000000e+05	9.700000000000000000e+02	5.700000000000000000e+01	2.176230911796702472e+01	2.767635201169547088e+01	8.244370264610141330e-01	9.802575757418403590e-01	0.000000000000000000e+00	1.000000000000000000e+00	0.000000000000000000e+00
1.393840000000000000e+05	9.740000000000000000e+02	4.700000000000000000e+01	2.167920077893547059e+01	2.733367293241676421e+01	7.902656664647222939e-01	6.642673902469276026e-01	0.000000000000000000e+00	1.000000000000000000e+00	0.000000000000000000e+00
1.393840000000000000e+05	9.750000000000000000e+02	5.400000000000000000e+01	2.182050006089329131e+01	2.728702968756213565e+01	6.946962243983965113e-01	7.810752806690117733e-01	0.000000000000000000e+00	1.000000000000000000e+00	0.000000000000000000e+00
1.393880000000000000e+05	9.700000000000000000e+02	5.800000000000000000e+01	2.093406042521942823e+01	2.744029450294123862e+01	6.514285147597671521e-01	8.398425726341173236e-01	0.000000000000000000e+00	1.000000000000000000e+00	0.000000000000000000e+00
1.393880000000000000e+05	9.770000000000000000e+02	4.900000000000000000e+01	2.078001124963845925e+01	2.682207237697387470e+01	6.971639381304259864e-01	7.202228259442431391e-01	0.000000000000000000e+00	1.000000000000000000e+00	0.000000000000000000e+00
1.393910000000000000e+05	9.330000000000000000e+02	3.500000000000000000e+01	2.339494908423513664e+01	2.760098835531129069e+01	6.072345876145924803e-01	6.771160286416266771e-01	0.000000000000000000e+00	1.000000000000000000e+00	0.000000000000000000e+00
1.393910000000000000e+05	9.380000000000000000e+02	5.400000000000000000e+01	2.321074814196065361e+01	2.707188463883312934e+01	6.963443556833734949e-01	7.992496732650899993e-01	0.000000000000000000e+00	1.000000000000000000e+00	0.000000000000000000e+00
1.393910000000000000e+05	9.400000000000000000e+02	5.500000000000000000e+01	2.348428314730260169e+01	2.597946604196494746e+01	8.795765289251390451e-01	9.544667883082431636e-01	0.000000000000000000e+00	1.000000000000000000e+00	0.000000000000000000e+00
1.393910000000000000e+05	9.420000000000000000e+02	4.100000000000000000e+01	2.328805760022455473e+01	2.501378804817710844e+01	6.814099486123093019e-01	7.943329932057701104e-01	0.000000000000000000e+00	1.000000000000000000e+00	0.000000000000000000e+00
1.393910000000000000e+05	9.440000000000000000e+02	5.800000000000000000e+01	2.332236484255409792e+01	2.429102873290322862e+01	7.099529800241696220e-01	9.379107168337639244e-01	0.000000000000000000e+00	1.000000000000000000e+00	0.000000000000000000e+00
1.393910000000000000e+05	9.500000000000000000e+02	4.000000000000000000e+01	2.329074966277630665e+01	2.683448442902593456e+01	6.689705552463263150e-01	6.037975726817790267e-01	0.000000000000000000e+00	1.000000000000000000e+00	0.000000000000000000e+00
1.393910000000000000e+05	9.510000000000000000e+02	5.600000000000000000e+01	2.316051409795804261e+01	2.425427899460097692e+01	9.621932181967386422e-01	9.027912947676015598e-01	0.000000000000000000e+00	1.000000000000000000e+00	0.000000000000000000e+00
1.393910000000000000e+05	9.520000000000000000e+02	5.800000000000000000e+01	2.302108523717038580e+01	2.527958595044140111e+01	7.532065290877673069e-01	7.698249670340718831e-01	0.000000000000000000e+00	1.000000000000000000e+00	0.000000000000000000e+00
1.393910000000000000e+05	9.590000000000000000e+02	5.100000000000000000e+01	2.340533648344398543e+01	2.479854526840125573e+01	7.863428791947331131e-01	1.086108040694147236e+00	0.000000000000000000e+00	1.000000000000000000e+00	0.000000000000000000e+00
1.393910000000000000e+05	9.600000000000000000e+02	3.200000000000000000e+01	2.330257554477633875e+01	2.767724754091739570e+01	8.095634358695185107e-01	5.880123401567478592e-01	0.000000000000000000e+00	1.000000000000000000e+00	0.000000000000000000e+00
1.393910000000000000e+05	9.630000000000000000e+02	4.700000000000000000e+01	2.344479867082777957e+01	2.851638715008198233e+01	7.696489285862698759e-01	5.324786296904340244e-01	0.000000000000000000e+00	1.000000000000000000e+00	0.000000000000000000e+00
1.393910000000000000e+05	9.650000000000000000e+02	6.200000000000000000e+01	2.324127940036416007e+01	2.662746419884111759e+01	7.700394912279430182e-01	1.361638269202310791e+00	0.000000000000000000e+00	1.000000000000000000e+00	0.000000000000000000e+00
1.393910000000000000e+05	9.680000000000000000e+02	3.300000000000000000e+01	2.326098693572855680e+01	2.701594882167943013e+01	7.915152733474027924e-01	5.287742695073438526e-01	0.000000000000000000e+00	1.000000000000000000e+00	0.000000000000000000e+00
1.393910000000000000e+05	9.700000000000000000e+02	4.300000000000000000e+01	2.320749515930777562e+01	2.763466104090746001e+01	5.995584934866193816e-01	8.569325953346997871e-01	0.000000000000000000e+00	1.000000000000000000e+00	0.000000000000000000e+00
1.401600000000000000e+05	9.310000000000000000e+02	4.200000000000000000e+01	2.400163023616423175e+01	2.804675954756679346e+01	5.642479791811887413e-01	5.544222300440350137e-01	0.000000000000000000e+00	1.000000000000000000e+00	0.000000000000000000e+00
1.401600000000000000e+05	9.380000000000000000e+02	4.500000000000000000e+01	2.404733706665782478e+01	2.704891696996883610e+01	8.161422900757732135e-01	9.088148730665570607e-01	0.000000000000000000e+00	1.000000000000000000e+00	0.000000000000000000e+00
1.401600000000000000e+05	9.420000000000000000e+02	6.000000000000000000e+01	2.398702485031492770e+01	2.499669296408693597e+01	8.836123862538907137e-01	8.222922115535068466e-01	0.000000000000000000e+00	1.000000000000000000e+00	0.000000000000000000e+00
1.401600000000000000e+05	9.440000000000000000e+02	4.600000000000000000e+01	2.415851966019882724e+01	2.428592558280700331e+01	6.377671180352293412e-01	8.165956247606818152e-01	0.000000000000000000e+00	1.000000000000000000e+00	0.000000000000000000e+00
1.401600000000000000e+05	9.450000000000000000e+02	4.900000000000000000e+01	2.396883551814550017e+01	2.306462428378570806e+01	6.028417381955689658e-01	7.061752300467957211e-01	0.000000000000000000e+00	1.000000000000000000e+00	0.000000000000000000e+00
1.401600000000000000e+05	9.480000000000000000e+02	4.600000000000000000e+01	2.399910276862562597e+01	2.806542680148344715e+01	5.997502564077865639e-01	8.873479231504399767e-01	0.000000000000000000e+00	1.000000000000000000e+00	0.000000000000000000e+00
1.401600000000000000e+05	9.500000000000000000e+02	5.000000000000000000e+01	2.410047978562831617e+01	2.665715296163394044e+01	5.650951681110935043e-01	8.714436783409363896e-01	0.000000000000000000e+00	1.000000000000000000e+00	0.000000000000000000e+00
1.401600000000000000e+05	9.510000000000000000e+02	5.400000000000000000e+01	2.406538322524199813e+01	2.403179520482908060e+01	7.183859431436615539e-01	1.067811163651412043e+00	0.000000000000000000e+00	1.000000000000000000e+00	0.000000000000000000e+00
1.401600000000000000e+05	9.520000000000000000e+02	4.600000000000000000e+01	2.396404722482179039e+01	2.569704014200121378e+01	7.558287755511526873e-01	9.601716877719614907e-01	0.000000000000000000e+00	1.000000000000000000e+00	0.000000000000000000e+00
1.401600000000000000e+05	9.560000000000000000e+02	4.200000000000000000e+01	2.418473038965764488e+01	2.709064986063918212e+01	7.498194162507219040e-01	8.740864856056407284e-01	0.000000000000000000e+00	1.000000000000000000e+00	0.000000000000000000e+00
1.401600000000000000e+05	9.600000000000000000e+02	5.800000000000000000e+01	2.427772170214090863e+01	2.779634237074005654e+01	8.045155600754915204e-01	6.439164327415980438e-01	0.000000000000000000e+00	1.000000000000000000e+00	0.000000000000000000e+00
1.401600000000000000e+05	9.610000000000000000e+02	4.200000000000000000e+01	2.388043033087067357e+01	2.698551167576719934e+01	8.315723667483715387e-01	8.010296414888741223e-01	0.000000000000000000e+00	1.000000000000000000e+00	0.000000000000000000e+00
1.401600000000000000e+05	9.650000000000000000e+02	5.700000000000000000e+01	2.411916987686839065e+01	2.670404703891800224e+01	7.080507450476373199e-01	1.352817019207329219e+00	0.000000000000000000e+00	1.000000000000000000e+00	0.000000000000000000e+00
1.401600000000000000e+05	9.670000000000000000e+02	6.200000000000000000e+01	2.406691883197401793e+01	2.761329511113554602e+01	6.802032654515742793e-01	9.600277991334645877e-01	0.000000000000000000e+00	1.000000000000000000e+00	0.000000000000000000e+00
1.401600000000000000e+05	9.700000000000000000e+02	4.500000000000000000e+01	2.401952925348464163e+01	2.755020783146334651e+01	6.902534608041573927e-01	9.148807218964360999e-01	0.000000000000000000e+00	1.000000000000000000e+00	0.000000000000000000e+00
1.401600000000000000e+05	9.750000000000000000e+02	4.500000000000000000e+01	2.402316550516572846e+01	2.773378815821846999e+01	7.753585032322720672e-01	5.980838095625391482e-01	0.000000000000000000e+00	1.000000000000000000e+00	0.000000000000000000e+00
1.401600000000000000e+05	9.760000000000000000e+02	6.200000000000000000e+01	2.410244172351143632e+01	3.049021181363059441e+01	7.591453027830934452e-01	6.916022268139266904e-01	0.000000000000000000e+00	1.000000000000000000e+00	0.000000000000000000e+00
1.401600000000000000e+05	9.770000000000000000e+02	5.000000000000000000e+01	2.405635795298165647e+01	2.701546952364178367e+01	8.176170671288356395e-01	7.874540798607692071e-01	0.000000000000000000e+00	1.000000000000000000e+00	0.000000000000000000e+00
1.401600000000000000e+05	9.780000000000000000e+02	5.000000000000000000e+01	2.400868107016906450e+01	2.847260169658347451e+01	7.059113848776689126e-01	9.892253948465785651e-01	0.000000000000000000e+00	1.000000000000000000e+00	0.000000000000000000e+00
1.401600000000000000e+05	9.800000000000000000e+02	3.400000000000000000e+01	2.401596306562736061e+01	2.844120158014460742e+01	7.475446416556570384e-01	5.941780280773237832e-01	0.000000000000000000e+00	1.000000000000000000e+00	0.000000000000000000e+00
1.401600000000000000e+05	9.810000000000000000e+02	4.100000000000000000e+01	2.405193672513184566e+01	2.806596460023577322e+01	9.590067082725849401e-01	7.474147662804410119e-01	0.000000000000000000e+00	1.000000000000000000e+00	0.000000000000000000e+00
1.401600000000000000e+05	9.820000000000000000e+02	4.200000000000000000e+01	2.404674265430788793e+01	2.675802121745095619e+01	8.547588535558772183e-01	6.954893063236859962e-01	0.000000000000000000e+00	1.000000000000000000e+00	0.000000000000000000e+00
1.401600000000000000e+05	9.830000000000000000e+02	3.600000000000000000e+01	2.416691946444022676e+01	2.793695442466734846e+01	8.805237310935861705e-01	9.392769837500350993e-01	0.000000000000000000e+00	1.000000000000000000e+00	0.000000000000000000e+00
1.401610000000000000e+05	9.510000000000000000e+02	5.300000000000000000e+01	2.321747259804845598e+01	2.405683577315083710e+01	6.928627069501327451e-01	7.971296964775613780e-01	0.000000000000000000e+00	1.000000000000000000e+00	0.000000000000000000e+00
1.401610000000000000e+05	9.590000000000000000e+02	5.400000000000000000e+01	2.335544622449333829e+01	2.468116015010053133e+01	9.497698639818621391e-01	1.077880007608496893e+00	0.000000000000000000e+00	1.000000000000000000e+00	0.000000000000000000e+00
1.401610000000000000e+05	9.770000000000000000e+02	5.400000000000000000e+01	2.348855870851949490e+01	2.671732954390897774e+01	9.097695842318849202e-01	1.207358353929976147e+00	0.000000000000000000e+00	1.000000000000000000e+00	0.000000000000000000e+00
1.401610000000000000e+05	9.780000000000000000e+02	4.500000000000000000e+01	2.352101942778753241e+01	2.875149533980070515e+01	8.072135846073814625e-01	9.044107575639298569e-01	0.000000000000000000e+00	1.000000000000000000e+00	0.000000000000000000e+00
1.401630000000000000e+05	9.400000000000000000e+02	6.200000000000000000e+01	2.376306022312686039e+01	2.606878123048150897e+01	8.062122976950354403e-01	1.081660951885749844e+00	0.000000000000000000e+00	1.000000000000000000e+00	0.000000000000000000e+00
1.401630000000000000e+05	9.420000000000000000e+02	4.500000000000000000e+01	2.374281036443630555e+01	2.503152230204985429e+01	7.363072953394713682e-01	7.331204666833649464e-01	0.000000000000000000e+00	1.000000000000000000e+00	0.000000000000000000e+00
1.401630000000000000e+05	9.430000000000000000e+02	4.300000000000000000e+01	2.361020085280303960e+01	2.655680781053679596e+01	8.028904176546722837e-01	7.269617214561191476e-01	0.000000000000000000e+00	1.000000000000000000e+00	0.000000000000000000e+00
1.401630000000000000e+05	9.440000000000000000e+02	5.900000000000000000e+01	2.358457039830561186e+01	2.435803487371863341e+01	7.372662937065818101e-01	8.208760260797589581e-01	0.000000000000000000e+00	1.000000000000000000e+00	0.000000000000000000e+00
1.401630000000000000e+05	9.450000000000000000e+02	5.600000000000000000e+01	2.373740522087966909e+01	2.291402824825203055e+01	8.392879411275354640e-01	8.775958929756290106e-01	0.000000000000000000e+00	1.000000000000000000e+00	0.000000000000000000e+00
1.401630000000000000e+05	9.560000000000000000e+02	6.100000000000000000e+01	2.341350721402542590e+01	2.727313769079935568e+01	9.670372840804589698e-01	7.556592916574059737e-01	0.000000000000000000e+00	1.000000000000000000e+00	0.000000000000000000e+00
1.401630000000000000e+05	9.590000000000000000e+02	6.200000000000000000e+01	2.372329252918136078e+01	2.443751821527662571e+01	1.004878500283878040e+00	1.058044474810648117e+00	0.000000000000000000e+00	1.000000000000000000e+00	0.000000000000000000e+00
1.401630000000000000e+05	9.600000000000000000e+02	4.900000000000000000e+01	2.393234323031710176e+01	2.781497025046579452e+01	7.004677229355760204e-01	6.852883894968218037e-01	0.000000000000000000e+00	1.000000000000000000e+00	0.000000000000000000e+00
1.401630000000000000e+05	9.650000000000000000e+02	4.600000000000000000e+01	2.347767413402307213e+01	2.704170118647992638e+01	8.725869296653525620e-01	8.495146518704908001e-01	0.000000000000000000e+00	1.000000000000000000e+00	0.000000000000000000e+00
1.401630000000000000e+05	9.670000000000000000e+02	5.100000000000000000e+01	2.362946995009717455e+01	2.795793830145697001e+01	8.751777995402606480e-01	1.098543291254433285e+00	0.000000000000000000e+00	1.000000000000000000e+00	0.000000000000000000e+00
1.401630000000000000e+05	9.770000000000000000e+02	6.500000000000000000e+01	2.343967787534469238e+01	2.662212923538265841e+01	7.614538182536392252e-01	7.709600582433643323e-01	0.000000000000000000e+00	1.000000000000000000e+00	0.000000000000000000e+00
1.401630000000000000e+05	9.780000000000000000e+02	5.500000000000000000e+01	2.368127569933859533e+01	2.860720647043787324e+01	8.700146414904972314e-01	1.046643164627530265e+00	0.000000000000000000e+00	1.000000000000000000e+00	0.000000000000000000e+00
1.401630000000000000e+05	9.800000000000000000e+02	4.600000000000000000e+01	2.357451260964464268e+01	2.851886382539282749e+01	1.194374978806079124e+00	7.758638135564318583e-01	0.000000000000000000e+00	1.000000000000000000e+00	0.000000000000000000e+00
1.401670000000000000e+05	9.400000000000000000e+02	7.000000000000000000e+01	2.414873311054996563e+01	2.624104496270514275e+01	1.070623292462218545e+00	7.800470542329293044e-01	0.000000000000000000e+00	1.000000000000000000e+00	0.000000000000000000e+00
1.401670000000000000e+05	9.440000000000000000e+02	5.400000000000000000e+01	2.406604209580276077e+01	2.445625664071176786e+01	9.967855074762217438e-01	9.165051769193415243e-01	0.000000000000000000e+00	1.000000000000000000e+00	0.000000000000000000e+00
1.401670000000000000e+05	9.450000000000000000e+02	5.900000000000000000e+01	2.430025809961967198e+01	2.301366108276554101e+01	8.628644505238941553e-01	8.482772601679448021e-01	0.000000000000000000e+00	1.000000000000000000e+00	0.000000000000000000e+00
1.401670000000000000e+05	9.560000000000000000e+02	6.300000000000000000e+01	2.426176475988687997e+01	2.706082539664917164e+01	1.125561894991082390e+00	1.106120188345799837e+00	0.000000000000000000e+00	1.000000000000000000e+00	0.000000000000000000e+00
1.401670000000000000e+05	9.590000000000000000e+02	5.300000000000000000e+01	2.437940042698300402e+01	2.479234517650549208e+01	8.866528840950459456e-01	9.155509798384010578e-01	0.000000000000000000e+00	1.000000000000000000e+00	0.000000000000000000e+00
1.401670000000000000e+05	9.600000000000000000e+02	5.400000000000000000e+01	2.422771571080572883e+01	2.798159670033771107e+01	9.746769969447535154e-01	7.953306239475441686e-01	0.000000000000000000e+00	1.000000000000000000e+00	0.000000000000000000e+00
1.401670000000000000e+05	9.670000000000000000e+02	6.700000000000000000e+01	2.408108366473933870e+01	2.764756109468958201e+01	9.294809176106911819e-01	1.091901908031889912e+00	0.000000000000000000e+00	1.000000000000000000e+00	0.000000000000000000e+00
1.401670000000000000e+05	9.700000000000000000e+02	4.300000000000000000e+01	2.416382620640272094e+01	2.766086727947180535e+01	1.096306346992904412e+00	7.475464519863638246e-01	0.000000000000000000e+00	1.000000000000000000e+00	0.000000000000000000e+00
1.401670000000000000e+05	9.750000000000000000e+02	4.200000000000000000e+01	2.424758830955108024e+01	2.715648633920046606e+01	1.029153010597475992e+00	6.395268361484922615e-01	0.000000000000000000e+00	1.000000000000000000e+00	0.000000000000000000e+00
1.401670000000000000e+05	9.760000000000000000e+02	6.400000000000000000e+01	2.430030577038940365e+01	3.036773912608466119e+01	7.166118396004559354e-01	1.212436264417958709e+00	0.000000000000000000e+00	1.000000000000000000e+00	0.000000000000000000e+00
1.401670000000000000e+05	9.770000000000000000e+02	5.100000000000000000e+01	2.423904223850173523e+01	2.684492563923114616e+01	8.731910822324595589e-01	5.794651975172478986e-01	0.000000000000000000e+00	1.000000000000000000e+00	0.000000000000000000e+00
1.401670000000000000e+05	9.780000000000000000e+02	6.000000000000000000e+01	2.416415412268460727e+01	2.860213704730536577e+01	8.964167333281893857e-01	1.029775692449020008e+00	0.000000000000000000e+00	1.000000000000000000e+00	0.000000000000000000e+00
1.401670000000000000e+05	9.850000000000000000e+02	3.500000000000000000e+01	2.442487025876378937e+01	2.952404991579084026e+01	7.572955035448694083e-01	6.920264915700148345e-01	0.000000000000000000e+00	1.000000000000000000e+00	0.000000000000000000e+00
1.401680000000000000e+05	9.380000000000000000e+02	4.700000000000000000e+01	2.308970325591924322e+01	2.732305891150826938e+01	8.492709234401591978e-01	8.275047484606841142e-01	0.000000000000000000e+00	1.000000000000000000e+00	0.000000000000000000e+00
1.401680000000000000e+05	9.520000000000000000e+02	5.300000000000000000e+01	2.302834094232089868e+01	2.532477595050414365e+01	7.968046730400427657e-01	1.115971307459155959e+00	0.000000000000000000e+00	1.000000000000000000e+00	0.000000000000000000e+00
1.401680000000000000e+05	9.590000000000000000e+02	4.700000000000000000e+01	2.300584956693623440e+01	2.470763941636842276e+01	1.011934623909818587e+00	7.457946017191461330e-01	0.000000000000000000e+00	1.000000000000000000e+00	0.000000000000000000e+00
1.401700000000000000e+05	9.420000000000000000e+02	5.700000000000000000e+01	2.186469782446602039e+01	2.494941558251199254e+01	5.875152083816038706e-01	1.044085430150958782e+00	0.000000000000000000e+00	1.000000000000000000e+00	0.000000000000000000e+00
1.401700000000000000e+05	9.700000000000000000e+02	4.300000000000000000e+01	2.185124466654040987e+01	2.768537174857561212e+01	5.179595661094112957e-01	7.149394371583733809e-01	0.000000000000000000e+00	1.000000000000000000e+00	0.000000000000000000e+00
1.401700000000000000e+05	9.760000000000000000e+02	4.900000000000000000e+01	2.175496862042928825e+01	3.026828270908621477e+01	9.190580977466775714e-01	7.817642156277244680e-01	0.000000000000000000e+00	1.000000000000000000e+00	0.000000000000000000e+00
1.401700000000000000e+05	9.780000000000000000e+02	4.500000000000000000e+01	2.187956239814402792e+01	2.870172220253805406e+01	8.810139309282939424e-01	7.970946351102238259e-01	0.000000000000000000e+00	1.000000000000000000e+00	0.000000000000000000e+00
1.401740000000000000e+05	9.430000000000000000e+02	5.000000000000000000e+01	2.169121645303877699e+01	2.639695239341913791e+01	8.124227478618175624e-01	8.393818566488511212e-01	0.000000000000000000e+00	1.000000000000000000e+00	0.000000000000000000e+00
1.401740000000000000e+05	9.520000000000000000e+02	6.000000000000000000e+01	2.165435087159358574e+01	2.541520442407506053e+01	9.144824981577082124e-01	9.632650785524780046e-01	0.000000000000000000e+00	1.000000000000000000e+00	0.000000000000000000e+00
1.401740000000000000e+05	9.590000000000000000e+02	5.700000000000000000e+01	2.199311204605463743e+01	2.498097252592038942e+01	8.288211427524140307e-01	8.062716128215159372e-01	0.000000000000000000e+00	1.000000000000000000e+00	0.000000000000000000e+00
1.401740000000000000e+05	9.600000000000000000e+02	4.900000000000000000e+01	2.182926633909806924e+01	2.784599383823889696e+01	7.979979087307789154e-01	6.295219958839701757e-01	0.000000000000000000e+00	1.000000000000000000e+00	0.000000000000000000e+00
1.401740000000000000e+05	9.650000000000000000e+02	6.800000000000000000e+01	2.197393483106546697e+01	2.687007911123228965e+01	7.514411081391341174e-01	1.061432457088942405e+00	0.000000000000000000e+00	1.000000000000000000e+00	0.000000000000000000e+00
1.401740000000000000e+05	9.670000000000000000e+02	6.700000000000000000e+01	2.189213539795369812e+01	2.756431823467205078e+01	8.856017590624412072e-01	1.226857973801831481e+00	0.000000000000000000e+00	1.000000000000000000e+00	0.000000000000000000e+00
1.401740000000000000e+05	9.680000000000000000e+02	4.800000000000000000e+01	2.189104117375002900e+01	2.685716144985488185e+01	7.714209716711414311e-01	7.035782249353594864e-01	0.000000000000000000e+00	1.000000000000000000e+00	0.000000000000000000e+00
1.401740000000000000e+05	9.700000000000000000e+02	5.700000000000000000e+01	2.185212259193703233e+01	2.765671714190769492e+01	7.469494380256923582e-01	9.777162752803768564e-01	0.000000000000000000e+00	1.000000000000000000e+00	0.000000000000000000e+00
1.401740000000000000e+05	9.760000000000000000e+02	6.600000000000000000e+01	2.186842322094060265e+01	3.045408120491652326e+01	7.822323403260725838e-01	9.263119968953604788e-01	0.000000000000000000e+00	1.000000000000000000e+00	0.000000000000000000e+00
1.401740000000000000e+05	9.770000000000000000e+02	3.700000000000000000e+01	2.190310596211674721e+01	2.672156845554378179e+01	5.841234598765776553e-01	6.009021173468003241e-01	0.000000000000000000e+00	1.000000000000000000e+00	0.000000000000000000e+00
1.401750000000000000e+05	9.560000000000000000e+02	5.300000000000000000e+01	2.247064399656825628e+01	2.709403563883535071e+01	7.963247806827185027e-01	6.469726587192913270e-01	0.000000000000000000e+00	1.000000000000000000e+00	0.000000000000000000e+00
1.401750000000000000e+05	9.600000000000000000e+02	3.700000000000000000e+01	2.234139818378381293e+01	2.784178871981362136e+01	8.115174168274108535e-01	5.555873159846040910e-01	0.000000000000000000e+00	1.000000000000000000e+00	0.000000000000000000e+00
1.401750000000000000e+05	9.700000000000000000e+02	4.800000000000000000e+01	2.234318086899943268e+01	2.789833223706759568e+01	8.554688463332150716e-01	9.085439097860137370e-01	0.000000000000000000e+00	1.000000000000000000e+00	0.000000000000000000e+00
1.401750000000000000e+05	9.760000000000000000e+02	4.000000000000000000e+01	2.251396743798272482e+01	3.033500114746312093e+01	7.370481644158747292e-01	9.168702814833052939e-01	0.000000000000000000e+00	1.000000000000000000e+00	0.000000000000000000e+00
1.401750000000000000e+05	9.770000000000000000e+02	4.200000000000000000e+01	2.248392518636649839e+01	2.694552947707709123e+01	8.331664423716242940e-01	5.797308673936391044e-01	0.000000000000000000e+00	1.000000000000000000e+00	0.000000000000000000e+00
1.401760000000000000e+05	9.310000000000000000e+02	4.200000000000000000e+01	2.611936836262514561e+01	2.816129343449316735e+01	1.037768584696888041e+00	7.322693594918612270e-01	0.000000000000000000e+00	1.000000000000000000e+00	0.000000000000000000e+00
1.401760000000000000e+05	9.330000000000000000e+02	4.700000000000000000e+01	2.581933886168536318e+01	2.733200269779309721e+01	8.143543113740726591e-01	9.475378256808282273e-01	0.000000000000000000e+00	1.000000000000000000e+00	0.000000000000000000e+00
1.401760000000000000e+05	9.380000000000000000e+02	6.200000000000000000e+01	2.609647098571802815e+01	2.694391369739234676e+01	9.333249053496490699e-01	1.085749291137657391e+00	0.000000000000000000e+00	1.000000000000000000e+00	0.000000000000000000e+00
1.401760000000000000e+05	9.390000000000000000e+02	3.800000000000000000e+01	2.627325338141663025e+01	2.727223086381649608e+01	5.733981035369463131e-01	7.558948284477184920e-01	0.000000000000000000e+00	1.000000000000000000e+00	0.000000000000000000e+00
1.401760000000000000e+05	9.400000000000000000e+02	5.000000000000000000e+01	2.610921612889970334e+01	2.627883935843593122e+01	8.237760731386114532e-01	9.267286138369151827e-01	0.000000000000000000e+00	1.000000000000000000e+00	0.000000000000000000e+00
1.401760000000000000e+05	9.420000000000000000e+02	5.000000000000000000e+01	2.620756127192558438e+01	2.484304497335477535e+01	1.002241094198213833e+00	9.124265334921637383e-01	0.000000000000000000e+00	1.000000000000000000e+00	0.000000000000000000e+00
1.401760000000000000e+05	9.430000000000000000e+02	5.400000000000000000e+01	2.600409842960340967e+01	2.655590333540540016e+01	1.020088440672865859e+00	9.724409323676891370e-01	0.000000000000000000e+00	1.000000000000000000e+00	0.000000000000000000e+00
1.401760000000000000e+05	9.440000000000000000e+02	5.800000000000000000e+01	2.608563651762928615e+01	2.420239918703049042e+01	1.017663655846252846e+00	1.322410326075584397e+00	0.000000000000000000e+00	1.000000000000000000e+00	0.000000000000000000e+00
1.401760000000000000e+05	9.450000000000000000e+02	6.600000000000000000e+01	2.583653850683213093e+01	2.287607696936911950e+01	1.233526439233052496e+00	1.142154599991915820e+00	0.000000000000000000e+00	1.000000000000000000e+00	0.000000000000000000e+00
1.401760000000000000e+05	9.470000000000000000e+02	4.100000000000000000e+01	2.591413670773190958e+01	2.662641209382692153e+01	1.119872615737825372e+00	8.386400895865038230e-01	0.000000000000000000e+00	1.000000000000000000e+00	0.000000000000000000e+00
1.401760000000000000e+05	9.480000000000000000e+02	5.100000000000000000e+01	2.609272214053396155e+01	2.840780666855021153e+01	6.789265398578636646e-01	1.041093442300117022e+00	0.000000000000000000e+00	1.000000000000000000e+00	0.000000000000000000e+00
1.401760000000000000e+05	9.510000000000000000e+02	4.900000000000000000e+01	2.619851441282850146e+01	2.409367280594376837e+01	7.212667928683931251e-01	6.186830316906151150e-01	0.000000000000000000e+00	1.000000000000000000e+00	0.000000000000000000e+00
1.401760000000000000e+05	9.520000000000000000e+02	5.900000000000000000e+01	2.609300763383404131e+01	2.561765307911234757e+01	6.425228641192783918e-01	1.129623309298352085e+00	0.000000000000000000e+00	1.000000000000000000e+00	0.000000000000000000e+00
1.401760000000000000e+05	9.560000000000000000e+02	6.300000000000000000e+01	2.605832700141696279e+01	2.682215465593771242e+01	8.685796928904204739e-01	9.435068901179221035e-01	0.000000000000000000e+00	1.000000000000000000e+00	0.000000000000000000e+00
1.401760000000000000e+05	9.590000000000000000e+02	4.300000000000000000e+01	2.644741203175826527e+01	2.480610643487990785e+01	8.615420855945065126e-01	7.655385450302123473e-01	0.000000000000000000e+00	1.000000000000000000e+00	0.000000000000000000e+00
1.401760000000000000e+05	9.600000000000000000e+02	4.800000000000000000e+01	2.572274733713072692e+01	2.789616659727345294e+01	5.758141651851509391e-01	8.794066166397326301e-01	0.000000000000000000e+00	1.000000000000000000e+00	0.000000000000000000e+00
1.401760000000000000e+05	9.670000000000000000e+02	6.500000000000000000e+01	2.593353568931425812e+01	2.777945338351710447e+01	7.848777920976132139e-01	9.858761952774752757e-01	0.000000000000000000e+00	1.000000000000000000e+00	0.000000000000000000e+00
1.401760000000000000e+05	9.680000000000000000e+02	4.200000000000000000e+01	2.579005384334773510e+01	2.658363832400686988e+01	9.628188731952885826e-01	9.971555302430481493e-01	0.000000000000000000e+00	1.000000000000000000e+00	0.000000000000000000e+00
1.401760000000000000e+05	9.700000000000000000e+02	5.400000000000000000e+01	2.605135432244414062e+01	2.776491470961319763e+01	8.913090575384799985e-01	8.625570916025747659e-01	0.000000000000000000e+00	1.000000000000000000e+00	0.000000000000000000e+00
1.401760000000000000e+05	9.750000000000000000e+02	4.400000000000000000e+01	2.596372843692419963e+01	2.712454413256875796e+01	9.158270869507257883e-01	9.331297465087141640e-01	0.000000000000000000e+00	1.000000000000000000e+00	0.000000000000000000e+00
1.401760000000000000e+05	9.760000000000000000e+02	4.900000000000000000e+01	2.602873549130237407e+01	3.029653137975835619e+01	7.572048988169914896e-01	1.087076606302389337e+00	0.000000000000000000e+00	1.000000000000000000e+00	0.000000000000000000e+00
1.401760000000000000e+05	9.770000000000000000e+02	6.700000000000000000e+01	2.620829582485399811e+01	2.689939468686411672e+01	7.278239329207737418e-01	7.521046004068852042e-01	0.000000000000000000e+00	1.000000000000000000e+00	0.000000000000000000e+00
1.401760000000000000e+05	9.780000000000000000e+02	6.100000000000000000e+01	2.602597683833620934e+01	2.834103358926943983e+01	8.799402738592836393e-01	9.950643910672359871e-01	0.000000000000000000e+00	1.000000000000000000e+00	0.000000000000000000e+00
1.401760000000000000e+05	9.800000000000000000e+02	3.100000000000000000e+01	2.570687444685210465e+01	2.844794772739641076e+01	8.243937003039170097e-01	7.140684705513425934e-01	0.000000000000000000e+00	1.000000000000000000e+00	0.000000000000000000e+00
1.401760000000000000e+05	9.810000000000000000e+02	4.200000000000000000e+01	2.616098115077753405e+01	2.789096437136836926e+01	8.776413108461961210e-01	9.192178506862426213e-01	0.000000000000000000e+00	1.000000000000000000e+00	0.000000000000000000e+00
1.401760000000000000e+05	9.820000000000000000e+02	3.100000000000000000e+01	2.594313539183031025e+01	2.669714432920484626e+01	9.114888122890160149e-01	6.575298097056567759e-01	0.000000000000000000e+00	1.000000000000000000e+00	0.000000000000000000e+00
1.401760000000000000e+05	9.830000000000000000e+02	5.400000000000000000e+01	2.582538739901275804e+01	2.842765161041249300e+01	1.090360682943000370e+00	1.009539562221175801e+00	0.000000000000000000e+00	1.000000000000000000e+00	0.000000000000000000e+00
1.401770000000000000e+05	9.400000000000000000e+02	4.900000000000000000e+01	2.277607396997191813e+01	2.606499398513182797e+01	8.118811029090248210e-01	9.017318702771719430e-01	0.000000000000000000e+00	1.000000000000000000e+00	0.000000000000000000e+00
1.401770000000000000e+05	9.420000000000000000e+02	4.900000000000000000e+01	2.289470668436176837e+01	2.500461091685667725e+01	7.418834368529984014e-01	7.206727997044500844e-01	0.000000000000000000e+00	1.000000000000000000e+00	0.000000000000000000e+00
1.401770000000000000e+05	9.450000000000000000e+02	5.400000000000000000e+01	2.288515201342121586e+01	2.306442512705199022e+01	8.378486258398204489e-01	1.010374580274585599e+00	0.000000000000000000e+00	1.000000000000000000e+00	0.000000000000000000e+00
1.401770000000000000e+05	9.560000000000000000e+02	4.300000000000000000e+01	2.274306677943220123e+01	2.685702576269974529e+01	8.130988391393296766e-01	8.549216296020164529e-01	0.000000000000000000e+00	1.000000000000000000e+00	0.000000000000000000e+00
1.401770000000000000e+05	9.700000000000000000e+02	3.800000000000000000e+01	2.279048806076902522e+01	2.757890287468255508e+01	8.241174096342768207e-01	6.618426804191520629e-01	0.000000000000000000e+00	1.000000000000000000e+00	0.000000000000000000e+00
1.401770000000000000e+05	9.760000000000000000e+02	9.600000000000000000e+01	2.306965296450934133e+01	1.000000000000000000e+00	7.240447931419961014e-01	1.000000000000000000e+00	0.000000000000000000e+00	1.000000000000000000e+00	0.000000000000000000e+00
1.401780000000000000e+05	9.420000000000000000e+02	5.700000000000000000e+01	2.246059795424533689e+01	2.526519757751560746e+01	8.210204484717219531e-01	8.348419966237299317e-01	0.000000000000000000e+00	1.000000000000000000e+00	0.000000000000000000e+00
1.401780000000000000e+05	9.440000000000000000e+02	6.400000000000000000e+01	2.218429878044908676e+01	2.446522822848654855e+01	1.157678224919252985e+00	8.025988874851182064e-01	0.000000000000000000e+00	1.000000000000000000e+00	0.000000000000000000e+00
1.401780000000000000e+05	9.450000000000000000e+02	6.200000000000000000e+01	2.248550017200052054e+01	2.307496350314909961e+01	7.215221300925545034e-01	1.126949801246385219e+00	0.000000000000000000e+00	1.000000000000000000e+00	0.000000000000000000e+00
1.401780000000000000e+05	9.590000000000000000e+02	5.300000000000000000e+01	2.236990955173515871e+01	2.461857981050529531e+01	8.291002521801823510e-01	9.211069437357125578e-01	0.000000000000000000e+00	1.000000000000000000e+00	0.000000000000000000e+00
1.401780000000000000e+05	9.630000000000000000e+02	4.300000000000000000e+01	2.235143826372065945e+01	2.838749162367475876e+01	7.722847013703708630e-01	6.984570424623348650e-01	0.000000000000000000e+00	1.000000000000000000e+00	0.000000000000000000e+00
1.401780000000000000e+05	9.650000000000000000e+02	5.800000000000000000e+01	2.232890109975376092e+01	2.722099067795642924e+01	8.446428104435190765e-01	1.317555784136715147e+00	0.000000000000000000e+00	1.000000000000000000e+00	0.000000000000000000e+00
1.401780000000000000e+05	9.670000000000000000e+02	6.200000000000000000e+01	2.221401337742915416e+01	2.758647775024805782e+01	1.169908118411102871e+00	1.147534731550322817e+00	0.000000000000000000e+00	1.000000000000000000e+00	0.000000000000000000e+00
1.401780000000000000e+05	9.750000000000000000e+02	4.800000000000000000e+01	2.233288062612159663e+01	2.702464387599483331e+01	1.001190777197147996e+00	1.007998627007733017e+00	0.000000000000000000e+00	1.000000000000000000e+00	0.000000000000000000e+00
1.401780000000000000e+05	9.770000000000000000e+02	4.800000000000000000e+01	2.254976006187895621e+01	2.695400006009608873e+01	6.062203935505146024e-01	6.722832928877482406e-01	0.000000000000000000e+00	1.000000000000000000e+00	0.000000000000000000e+00
1.401800000000000000e+05	9.400000000000000000e+02	5.400000000000000000e+01	2.397923455410757043e+01	2.635439827836524529e+01	7.157042332133454199e-01	9.757442473189886778e-01	0.000000000000000000e+00	1.000000000000000000e+00	0.000000000000000000e+00
1.401800000000000000e+05	9.420000000000000000e+02	4.700000000000000000e+01	2.423550978892517094e+01	2.492741981260278905e+01	6.455464471823687544e-01	8.648839338180778213e-01	0.000000000000000000e+00	1.000000000000000000e+00	0.000000000000000000e+00
1.401800000000000000e+05	9.440000000000000000e+02	5.600000000000000000e+01	2.412060880886489045e+01	2.445876896007843726e+01	8.911834458347517307e-01	8.508304737895591163e-01	0.000000000000000000e+00	1.000000000000000000e+00	0.000000000000000000e+00
1.401800000000000000e+05	9.450000000000000000e+02	5.900000000000000000e+01	2.396337056553441158e+01	2.289952395748874281e+01	8.888949791557239077e-01	6.537926572368299993e-01	0.000000000000000000e+00	1.000000000000000000e+00	0.000000000000000000e+00
1.401800000000000000e+05	9.480000000000000000e+02	5.200000000000000000e+01	2.427358911090720284e+01	2.820816638833943202e+01	1.021569096930707854e+00	1.000897528811908854e+00	0.000000000000000000e+00	1.000000000000000000e+00	0.000000000000000000e+00
1.401800000000000000e+05	9.500000000000000000e+02	4.700000000000000000e+01	2.394938450463073210e+01	2.679605515015589390e+01	8.575986912749316016e-01	8.401093372541176274e-01	0.000000000000000000e+00	1.000000000000000000e+00	0.000000000000000000e+00
1.401800000000000000e+05	9.510000000000000000e+02	5.800000000000000000e+01	2.404470714265774234e+01	2.404466476193912072e+01	9.440462919548533449e-01	8.046656570560919430e-01	0.000000000000000000e+00	1.000000000000000000e+00	0.000000000000000000e+00
1.401800000000000000e+05	9.520000000000000000e+02	5.200000000000000000e+01	2.424298015837589304e+01	2.540208108866701764e+01	1.029442044135807199e+00	7.767746555917899309e-01	0.000000000000000000e+00	1.000000000000000000e+00	0.000000000000000000e+00
1.401800000000000000e+05	9.560000000000000000e+02	6.500000000000000000e+01	2.394223755853672486e+01	2.701612691410920775e+01	8.206702274740893532e-01	8.043826834747329624e-01	0.000000000000000000e+00	1.000000000000000000e+00	0.000000000000000000e+00
1.401800000000000000e+05	9.590000000000000000e+02	5.400000000000000000e+01	2.412624735773283291e+01	2.440125191445738295e+01	1.039704736636062332e+00	1.065037157953954372e+00	0.000000000000000000e+00	1.000000000000000000e+00	0.000000000000000000e+00
1.401800000000000000e+05	9.600000000000000000e+02	5.400000000000000000e+01	2.409142237959840216e+01	2.815214627104767686e+01	8.599345437578633788e-01	7.048541866793001098e-01	0.000000000000000000e+00	1.000000000000000000e+00	0.000000000000000000e+00
1.401800000000000000e+05	9.610000000000000000e+02	4.000000000000000000e+01	2.405258866236124859e+01	2.678238942692500757e+01	9.815460938992560669e-01	8.750137337974470686e-01	0.000000000000000000e+00	1.000000000000000000e+00	0.000000000000000000e+00
1.401800000000000000e+05	9.630000000000000000e+02	4.900000000000000000e+01	2.428879184502425659e+01	2.862012715135822560e+01	7.656221255410674553e-01	6.952021107326016303e-01	0.000000000000000000e+00	1.000000000000000000e+00	0.000000000000000000e+00
1.401800000000000000e+05	9.650000000000000000e+02	5.400000000000000000e+01	2.413670927058449323e+01	2.686854279958002323e+01	7.987154572546921738e-01	1.128761294348823441e+00	0.000000000000000000e+00	1.000000000000000000e+00	0.000000000000000000e+00
1.401800000000000000e+05	9.670000000000000000e+02	5.300000000000000000e+01	2.395150827454024878e+01	2.787167906399685080e+01	7.785255167595228620e-01	8.804292247470267840e-01	0.000000000000000000e+00	1.000000000000000000e+00	0.000000000000000000e+00
1.401800000000000000e+05	9.680000000000000000e+02	4.500000000000000000e+01	2.429313020988466931e+01	2.676157914565445850e+01	6.625487056789025608e-01	8.132809187786798066e-01	0.000000000000000000e+00	1.000000000000000000e+00	0.000000000000000000e+00
1.401800000000000000e+05	9.700000000000000000e+02	5.000000000000000000e+01	2.391195185911727350e+01	2.748770895573116846e+01	9.072364417931551017e-01	1.038517210471680441e+00	0.000000000000000000e+00	1.000000000000000000e+00	0.000000000000000000e+00
1.401800000000000000e+05	9.750000000000000000e+02	4.500000000000000000e+01	2.401814385758916970e+01	2.721398023024424973e+01	9.049892692887548939e-01	9.492504400909902440e-01	0.000000000000000000e+00	1.000000000000000000e+00	0.000000000000000000e+00
1.401800000000000000e+05	9.760000000000000000e+02	5.800000000000000000e+01	2.398328800799779259e+01	3.029002152971192174e+01	9.650495282176949630e-01	1.135089330221304094e+00	0.000000000000000000e+00	1.000000000000000000e+00	0.000000000000000000e+00
1.401800000000000000e+05	9.770000000000000000e+02	5.900000000000000000e+01	2.382801798332258514e+01	2.695594943238134533e+01	6.940745619395231047e-01	7.321461190876237257e-01	0.000000000000000000e+00	1.000000000000000000e+00	0.000000000000000000e+00
1.401800000000000000e+05	9.780000000000000000e+02	5.400000000000000000e+01	2.415422548604398045e+01	2.838077619867702950e+01	8.081638029196215323e-01	9.631448112325473598e-01	0.000000000000000000e+00	1.000000000000000000e+00	0.000000000000000000e+00
1.401810000000000000e+05	9.440000000000000000e+02	6.700000000000000000e+01	2.302823692210126438e+01	2.430571942370815464e+01	7.625915953187436536e-01	9.727786873440177340e-01	0.000000000000000000e+00	1.000000000000000000e+00	0.000000000000000000e+00
1.401810000000000000e+05	9.450000000000000000e+02	5.300000000000000000e+01	2.329201473079975315e+01	2.298319363661019565e+01	6.121200904966884737e-01	7.242807706959901726e-01	0.000000000000000000e+00	1.000000000000000000e+00	0.000000000000000000e+00
1.401810000000000000e+05	9.490000000000000000e+02	3.800000000000000000e+01	2.328539414066096924e+01	2.553145926835604840e+01	6.329044828042609261e-01	7.852757749361626294e-01	0.000000000000000000e+00	1.000000000000000000e+00	0.000000000000000000e+00
1.401810000000000000e+05	9.500000000000000000e+02	5.700000000000000000e+01	2.304117939757809808e+01	2.673493538969206895e+01	9.268574217448523056e-01	9.142239949981777469e-01	0.000000000000000000e+00	1.000000000000000000e+00	0.000000000000000000e+00
1.401810000000000000e+05	9.520000000000000000e+02	6.200000000000000000e+01	2.295651945038571284e+01	2.539103384830955079e+01	8.654519046515458669e-01	1.060757029731031365e+00	0.000000000000000000e+00	1.000000000000000000e+00	0.000000000000000000e+00
1.401810000000000000e+05	9.560000000000000000e+02	5.300000000000000000e+01	2.311513444111903937e+01	2.697697129576593156e+01	9.136744496950215400e-01	1.116186703797185542e+00	0.000000000000000000e+00	1.000000000000000000e+00	0.000000000000000000e+00
1.401810000000000000e+05	9.590000000000000000e+02	6.200000000000000000e+01	2.302408972536841958e+01	2.511670123642463892e+01	1.084909067335845467e+00	9.349826694218217327e-01	0.000000000000000000e+00	1.000000000000000000e+00	0.000000000000000000e+00
1.401810000000000000e+05	9.600000000000000000e+02	5.900000000000000000e+01	2.323083459359258285e+01	2.765755327331463320e+01	8.028364376895250620e-01	9.693661540513449637e-01	0.000000000000000000e+00	1.000000000000000000e+00	0.000000000000000000e+00
1.401810000000000000e+05	9.650000000000000000e+02	5.600000000000000000e+01	2.313718060603128990e+01	2.658066555947531384e+01	9.508668225323573253e-01	9.000801140072680617e-01	0.000000000000000000e+00	1.000000000000000000e+00	0.000000000000000000e+00
1.401810000000000000e+05	9.670000000000000000e+02	6.300000000000000000e+01	2.323706271970646142e+01	2.793363226711903025e+01	9.642717510821638971e-01	9.289681776258978951e-01	0.000000000000000000e+00	1.000000000000000000e+00	0.000000000000000000e+00
1.401810000000000000e+05	9.680000000000000000e+02	5.000000000000000000e+01	2.316504616795434046e+01	2.663734120287474028e+01	8.691127628718322562e-01	9.352834871116053606e-01	0.000000000000000000e+00	1.000000000000000000e+00	0.000000000000000000e+00
1.401810000000000000e+05	9.700000000000000000e+02	5.300000000000000000e+01	2.316014840858754908e+01	2.747176359927574651e+01	7.041703040544075032e-01	8.306808944015799945e-01	0.000000000000000000e+00	1.000000000000000000e+00	0.000000000000000000e+00
1.401810000000000000e+05	9.750000000000000000e+02	4.500000000000000000e+01	2.309025057474392284e+01	2.715806290886392205e+01	8.693601170621260144e-01	7.297956889760779386e-01	0.000000000000000000e+00	1.000000000000000000e+00	0.000000000000000000e+00
1.401810000000000000e+05	9.770000000000000000e+02	5.300000000000000000e+01	2.306882429906186971e+01	2.670038594984527691e+01	7.658240455118595635e-01	8.903902627074407050e-01	0.000000000000000000e+00	1.000000000000000000e+00	0.000000000000000000e+00
1.401810000000000000e+05	9.780000000000000000e+02	5.200000000000000000e+01	2.324127628163290993e+01	2.860997750986867416e+01	6.656890242036971328e-01	1.041686813785397625e+00	0.000000000000000000e+00	1.000000000000000000e+00	0.000000000000000000e+00
1.401810000000000000e+05	9.830000000000000000e+02	5.500000000000000000e+01	2.305918370507958315e+01	2.803219148252674486e+01	6.773857608323305968e-01	9.768394143053736878e-01	0.000000000000000000e+00	1.000000000000000000e+00	0.000000000000000000e+00
1.401820000000000000e+05	9.400000000000000000e+02	5.200000000000000000e+01	2.180626403273414127e+01	2.634110583582073062e+01	7.240471479343798533e-01	9.811580740779475285e-01	0.000000000000000000e+00	1.000000000000000000e+00	0.000000000000000000e+00
1.401820000000000000e+05	9.700000000000000000e+02	4.300000000000000000e+01	2.175639869437515372e+01	2.754669562572954788e+01	7.079157670913380773e-01	5.918706805199540621e-01	0.000000000000000000e+00	1.000000000000000000e+00	0.000000000000000000e+00
1.401820000000000000e+05	9.760000000000000000e+02	4.700000000000000000e+01	2.179983297498014139e+01	3.034666750229537158e+01	8.377663003817487075e-01	8.660020043160916448e-01	0.000000000000000000e+00	1.000000000000000000e+00	0.000000000000000000e+00
1.401830000000000000e+05	9.420000000000000000e+02	5.200000000000000000e+01	2.395779587444326708e+01	2.499994734817554587e+01	7.552260895953107900e-01	9.464314722129754109e-01	0.000000000000000000e+00	1.000000000000000000e+00	0.000000000000000000e+00
1.401830000000000000e+05	9.440000000000000000e+02	5.100000000000000000e+01	2.405988192476799270e+01	2.437432765537737822e+01	8.008510682216604115e-01	7.724169334653170349e-01	0.000000000000000000e+00	1.000000000000000000e+00	0.000000000000000000e+00
1.401830000000000000e+05	9.670000000000000000e+02	5.500000000000000000e+01	2.400074870632173329e+01	2.785517514606323530e+01	8.658318322239931808e-01	1.037622874409162010e+00	0.000000000000000000e+00	1.000000000000000000e+00	0.000000000000000000e+00
1.401830000000000000e+05	9.700000000000000000e+02	4.400000000000000000e+01	2.403762443707301699e+01	2.779393507891160553e+01	6.827922099004719581e-01	8.007461115933461882e-01	0.000000000000000000e+00	1.000000000000000000e+00	0.000000000000000000e+00
1.401830000000000000e+05	9.770000000000000000e+02	4.400000000000000000e+01	2.393592545886771461e+01	2.672072896140889853e+01	6.469159310045280442e-01	7.334216735797165487e-01	0.000000000000000000e+00	1.000000000000000000e+00	0.000000000000000000e+00
1.401840000000000000e+05	9.430000000000000000e+02	3.400000000000000000e+01	2.710315812565093196e+01	2.669965181873471138e+01	7.209469481172314786e-01	8.789599246198610549e-01	0.000000000000000000e+00	1.000000000000000000e+00	0.000000000000000000e+00
1.401840000000000000e+05	9.440000000000000000e+02	3.000000000000000000e+01	2.707367462024624416e+01	2.422249467761931641e+01	7.062558879823319646e-01	7.995642502454103351e-01	0.000000000000000000e+00	1.000000000000000000e+00	0.000000000000000000e+00
1.401840000000000000e+05	9.670000000000000000e+02	3.200000000000000000e+01	2.683755737447617307e+01	2.774381540948946423e+01	7.427914259801157160e-01	7.934575849395583136e-01	0.000000000000000000e+00	1.000000000000000000e+00	0.000000000000000000e+00
1.401840000000000000e+05	9.680000000000000000e+02	2.900000000000000000e+01	2.701754328540219419e+01	2.676328365132386722e+01	5.697701846623621780e-01	5.945240717706687938e-01	0.000000000000000000e+00	1.000000000000000000e+00	0.000000000000000000e+00
1.401840000000000000e+05	9.700000000000000000e+02	4.000000000000000000e+01	2.685957893144961872e+01	2.775367987581052276e+01	9.765378571258738205e-01	5.578894608535115429e-01	0.000000000000000000e+00	1.000000000000000000e+00	0.000000000000000000e+00
1.401840000000000000e+05	9.780000000000000000e+02	4.100000000000000000e+01	2.681502367637355633e+01	2.836184978949468771e+01	9.108790402374675743e-01	9.655267826453172164e-01	0.000000000000000000e+00	1.000000000000000000e+00	0.000000000000000000e+00
1.401850000000000000e+05	9.630000000000000000e+02	3.000000000000000000e+01	2.531367306244674253e+01	2.859288445203747386e+01	5.875878072009975694e-01	6.887562089656871223e-01	0.000000000000000000e+00	1.000000000000000000e+00	0.000000000000000000e+00
1.401850000000000000e+05	9.670000000000000000e+02	3.700000000000000000e+01	2.484378263502367190e+01	2.776308811210820693e+01	9.204654536504471851e-01	8.303183140037546650e-01	0.000000000000000000e+00	1.000000000000000000e+00	0.000000000000000000e+00
1.401850000000000000e+05	9.760000000000000000e+02	4.000000000000000000e+01	2.487551136551313391e+01	3.067369933816678795e+01	5.807020319122574437e-01	9.298820441185920993e-01	0.000000000000000000e+00	1.000000000000000000e+00	0.000000000000000000e+00
1.401880000000000000e+05	9.600000000000000000e+02	5.000000000000000000e+01	2.258025102034141085e+01	2.764010744184496815e+01	8.290326533798508812e-01	8.979513765651156998e-01	0.000000000000000000e+00	1.000000000000000000e+00	0.000000000000000000e+00
1.402330000000000000e+05	9.560000000000000000e+02	4.200000000000000000e+01	2.408956054639440580e+01	2.715590844286093031e+01	6.526584019245962320e-01	9.247457731601813613e-01	0.000000000000000000e+00	1.000000000000000000e+00	0.000000000000000000e+00
1.402350000000000000e+05	9.400000000000000000e+02	2.600000000000000000e+01	2.475769064477126946e+01	2.613584853100838146e+01	5.369920129000987918e-01	1.002288313997712121e+00	0.000000000000000000e+00	1.000000000000000000e+00	0.000000000000000000e+00
1.402640000000000000e+05	9.400000000000000000e+02	4.300000000000000000e+01	2.394874996548252000e+01	2.615189724967888907e+01	6.676028011119095051e-01	6.518974981421268300e-01	0.000000000000000000e+00	1.000000000000000000e+00	0.000000000000000000e+00
1.402640000000000000e+05	9.510000000000000000e+02	5.400000000000000000e+01	2.390893022223657383e+01	2.403780634046251308e+01	8.021430248887743142e-01	7.739803358808157174e-01	0.000000000000000000e+00	1.000000000000000000e+00	0.000000000000000000e+00
1.402640000000000000e+05	9.590000000000000000e+02	5.300000000000000000e+01	2.428143801472402785e+01	2.501220044385659946e+01	7.573988286410745507e-01	1.032564489595984236e+00	0.000000000000000000e+00	1.000000000000000000e+00	0.000000000000000000e+00
1.402680000000000000e+05	9.350000000000000000e+02	3.800000000000000000e+01	2.327710438421991768e+01	2.721235631677540923e+01	5.437615326908820101e-01	7.905546570289651021e-01	0.000000000000000000e+00	1.000000000000000000e+00	0.000000000000000000e+00
1.402680000000000000e+05	9.390000000000000000e+02	4.800000000000000000e+01	2.332264660626769626e+01	2.720109831547780388e+01	7.401305882260116320e-01	7.989760051808070251e-01	0.000000000000000000e+00	1.000000000000000000e+00	0.000000000000000000e+00
1.402680000000000000e+05	9.400000000000000000e+02	4.400000000000000000e+01	2.340282674651260919e+01	2.620946164123489908e+01	7.129332543974038483e-01	6.917524545623602306e-01	0.000000000000000000e+00	1.000000000000000000e+00	0.000000000000000000e+00
1.402680000000000000e+05	9.420000000000000000e+02	5.700000000000000000e+01	2.335176123451550723e+01	2.503125296546568279e+01	8.423424219693873560e-01	8.682559155499026682e-01	0.000000000000000000e+00	1.000000000000000000e+00	0.000000000000000000e+00
1.402680000000000000e+05	9.440000000000000000e+02	6.100000000000000000e+01	2.349750750671601551e+01	2.405322874950428869e+01	8.445270950681472710e-01	9.858447673300146930e-01	0.000000000000000000e+00	1.000000000000000000e+00	0.000000000000000000e+00
1.402680000000000000e+05	9.470000000000000000e+02	4.400000000000000000e+01	2.340950178246237101e+01	2.701408252931449994e+01	6.952726975726464254e-01	6.009798379812721913e-01	0.000000000000000000e+00	1.000000000000000000e+00	0.000000000000000000e+00
1.402680000000000000e+05	9.480000000000000000e+02	5.100000000000000000e+01	2.343644809943928919e+01	2.820025854942084820e+01	9.645434110613667622e-01	7.985248518450158706e-01	0.000000000000000000e+00	1.000000000000000000e+00	0.000000000000000000e+00
1.402680000000000000e+05	9.520000000000000000e+02	4.300000000000000000e+01	2.341159107646731385e+01	2.555838724678378071e+01	8.809908373915662505e-01	7.294347128556724069e-01	0.000000000000000000e+00	1.000000000000000000e+00	0.000000000000000000e+00
1.402680000000000000e+05	9.650000000000000000e+02	5.400000000000000000e+01	2.329992000809376052e+01	2.663647358430333867e+01	8.142868275849115545e-01	1.119399777615718516e+00	0.000000000000000000e+00	1.000000000000000000e+00	0.000000000000000000e+00
1.402680000000000000e+05	9.700000000000000000e+02	4.900000000000000000e+01	2.331717142401917542e+01	2.767154372988920841e+01	1.001895445804188434e+00	7.709699152906567265e-01	0.000000000000000000e+00	1.000000000000000000e+00	0.000000000000000000e+00
1.402690000000000000e+05	9.470000000000000000e+02	4.000000000000000000e+01	2.335982092970204604e+01	2.690456608310201858e+01	9.953815607779366026e-01	6.185781407866641768e-01	0.000000000000000000e+00	1.000000000000000000e+00	0.000000000000000000e+00
1.402690000000000000e+05	9.500000000000000000e+02	4.000000000000000000e+01	2.351047458883535768e+01	2.668153820181122882e+01	6.188930195966534376e-01	8.040329751639481159e-01	0.000000000000000000e+00	1.000000000000000000e+00	0.000000000000000000e+00
1.402700000000000000e+05	9.350000000000000000e+02	3.400000000000000000e+01	2.522049258891511769e+01	2.764240344968235874e+01	7.151878932832380631e-01	7.337289802904960467e-01	0.000000000000000000e+00	1.000000000000000000e+00	0.000000000000000000e+00
1.402700000000000000e+05	9.380000000000000000e+02	4.300000000000000000e+01	2.512862332609188343e+01	2.702926074907007958e+01	7.347805852474253996e-01	9.228008445647857272e-01	0.000000000000000000e+00	1.000000000000000000e+00	0.000000000000000000e+00
1.402700000000000000e+05	9.400000000000000000e+02	5.300000000000000000e+01	2.538078970498172637e+01	2.625536268535874385e+01	6.730524061009076631e-01	9.495425463844799907e-01	0.000000000000000000e+00	1.000000000000000000e+00	0.000000000000000000e+00
1.402700000000000000e+05	9.420000000000000000e+02	6.200000000000000000e+01	2.536665041018327216e+01	2.503411614209688452e+01	8.227713107483222155e-01	8.720519011978806745e-01	0.000000000000000000e+00	1.000000000000000000e+00	0.000000000000000000e+00
1.402700000000000000e+05	9.440000000000000000e+02	5.000000000000000000e+01	2.519450365472710374e+01	2.413597586774863757e+01	8.251041801832706968e-01	6.544213374959105822e-01	0.000000000000000000e+00	1.000000000000000000e+00	0.000000000000000000e+00
1.402700000000000000e+05	9.450000000000000000e+02	4.200000000000000000e+01	2.496254258817694804e+01	2.302322803036430443e+01	6.416922073380919578e-01	7.289380952930696322e-01	0.000000000000000000e+00	1.000000000000000000e+00	0.000000000000000000e+00
1.402700000000000000e+05	9.470000000000000000e+02	4.300000000000000000e+01	2.538685024605535645e+01	2.710078769139892074e+01	7.415684033945051379e-01	8.384786935482757553e-01	0.000000000000000000e+00	1.000000000000000000e+00	0.000000000000000000e+00
1.402700000000000000e+05	9.480000000000000000e+02	4.600000000000000000e+01	2.532875331746865655e+01	2.835236150842100145e+01	5.760211507245347473e-01	1.053230628474284725e+00	0.000000000000000000e+00	1.000000000000000000e+00	0.000000000000000000e+00
1.402700000000000000e+05	9.490000000000000000e+02	3.700000000000000000e+01	2.525091007818793187e+01	2.564622060853656649e+01	6.882193310178511547e-01	9.124442219158269696e-01	0.000000000000000000e+00	1.000000000000000000e+00	0.000000000000000000e+00
1.402700000000000000e+05	9.510000000000000000e+02	5.200000000000000000e+01	2.541410844124384028e+01	2.401589993346403418e+01	6.786738675840906510e-01	1.006604460385032818e+00	0.000000000000000000e+00	1.000000000000000000e+00	0.000000000000000000e+00
1.402700000000000000e+05	9.520000000000000000e+02	4.200000000000000000e+01	2.519275260389306581e+01	2.538275263463910036e+01	6.984065987673002684e-01	1.056681956688404922e+00	0.000000000000000000e+00	1.000000000000000000e+00	0.000000000000000000e+00
1.402700000000000000e+05	9.570000000000000000e+02	3.800000000000000000e+01	2.523420795348050660e+01	2.518777076698480144e+01	7.800610471436270066e-01	6.657709419016395458e-01	0.000000000000000000e+00	1.000000000000000000e+00	0.000000000000000000e+00
1.402700000000000000e+05	9.590000000000000000e+02	4.700000000000000000e+01	2.530342734207752287e+01	2.452207617334380529e+01	6.467377129503527611e-01	8.739948752676081067e-01	0.000000000000000000e+00	1.000000000000000000e+00	0.000000000000000000e+00
1.402700000000000000e+05	9.600000000000000000e+02	3.900000000000000000e+01	2.540743681972930190e+01	2.795149378796028472e+01	6.312505387255786804e-01	7.776021286397766241e-01	0.000000000000000000e+00	1.000000000000000000e+00	0.000000000000000000e+00
1.402700000000000000e+05	9.630000000000000000e+02	4.300000000000000000e+01	2.529631804175510368e+01	2.838698410006800188e+01	8.432057962728050082e-01	9.689657757764069679e-01	0.000000000000000000e+00	1.000000000000000000e+00	0.000000000000000000e+00
1.402700000000000000e+05	9.650000000000000000e+02	4.600000000000000000e+01	2.500908611989615338e+01	2.696465956980452106e+01	6.145912079783311111e-01	9.211757622839498172e-01	0.000000000000000000e+00	1.000000000000000000e+00	0.000000000000000000e+00
1.402700000000000000e+05	9.670000000000000000e+02	5.300000000000000000e+01	2.513043396269397789e+01	2.791520203704761016e+01	9.158664319800534637e-01	9.042522175317424526e-01	0.000000000000000000e+00	1.000000000000000000e+00	0.000000000000000000e+00
1.402700000000000000e+05	9.680000000000000000e+02	3.400000000000000000e+01	2.535100952202284574e+01	2.679372429506588915e+01	8.932986095499849677e-01	6.699201238902159350e-01	0.000000000000000000e+00	1.000000000000000000e+00	0.000000000000000000e+00
1.402700000000000000e+05	9.700000000000000000e+02	4.400000000000000000e+01	2.507135276968898552e+01	2.772370354376168322e+01	7.584364136194784445e-01	7.232613461585656323e-01	0.000000000000000000e+00	1.000000000000000000e+00	0.000000000000000000e+00
1.402700000000000000e+05	9.750000000000000000e+02	5.200000000000000000e+01	2.508466984355731100e+01	2.737932899206562354e+01	9.727161951658367389e-01	1.016732237505944436e+00	0.000000000000000000e+00	1.000000000000000000e+00	0.000000000000000000e+00
1.402710000000000000e+05	9.420000000000000000e+02	4.600000000000000000e+01	2.463443055606828480e+01	2.485184549432130297e+01	5.937415761878270803e-01	9.154260085318967066e-01	0.000000000000000000e+00	1.000000000000000000e+00	0.000000000000000000e+00
1.402710000000000000e+05	9.520000000000000000e+02	4.900000000000000000e+01	2.434762068480029384e+01	2.570573114867449860e+01	7.816783665327736719e-01	1.083656212008668795e+00	0.000000000000000000e+00	1.000000000000000000e+00	0.000000000000000000e+00
1.402710000000000000e+05	9.590000000000000000e+02	4.600000000000000000e+01	2.452711670330506877e+01	2.511509496241002637e+01	6.537436173720004851e-01	1.147188539482897562e+00	0.000000000000000000e+00	1.000000000000000000e+00	0.000000000000000000e+00
1.402710000000000000e+05	9.600000000000000000e+02	4.400000000000000000e+01	2.434151390878155752e+01	2.760246965060753510e+01	1.121692741827940321e+00	9.940042524919256994e-01	0.000000000000000000e+00	1.000000000000000000e+00	0.000000000000000000e+00
1.402720000000000000e+05	9.390000000000000000e+02	4.500000000000000000e+01	2.520569096694379851e+01	2.712501341526807153e+01	7.636538177578565678e-01	9.606490393728897015e-01	0.000000000000000000e+00	1.000000000000000000e+00	0.000000000000000000e+00
1.402720000000000000e+05	9.420000000000000000e+02	4.600000000000000000e+01	2.476802785286679764e+01	2.511105483653429360e+01	8.486910062522990961e-01	8.176319240333502769e-01	0.000000000000000000e+00	1.000000000000000000e+00	0.000000000000000000e+00
1.402720000000000000e+05	9.440000000000000000e+02	6.100000000000000000e+01	2.487975654884798971e+01	2.428249138349056224e+01	8.792901723602597475e-01	6.980978378547235685e-01	0.000000000000000000e+00	1.000000000000000000e+00	0.000000000000000000e+00
1.402720000000000000e+05	9.450000000000000000e+02	6.000000000000000000e+01	2.469737064502170298e+01	2.295221109511556179e+01	1.129209144228216610e+00	8.606198098718240708e-01	0.000000000000000000e+00	1.000000000000000000e+00	0.000000000000000000e+00
1.402720000000000000e+05	9.470000000000000000e+02	3.700000000000000000e+01	2.503699518702064353e+01	2.667316238217028967e+01	7.829974379222243153e-01	7.019501689432826597e-01	0.000000000000000000e+00	1.000000000000000000e+00	0.000000000000000000e+00
1.402720000000000000e+05	9.480000000000000000e+02	3.800000000000000000e+01	2.472625172281678374e+01	2.821376468421333072e+01	7.842042428361760686e-01	8.431263378595842406e-01	0.000000000000000000e+00	1.000000000000000000e+00	0.000000000000000000e+00
1.402720000000000000e+05	9.510000000000000000e+02	6.300000000000000000e+01	2.501010951362465562e+01	2.389219592275226844e+01	7.764903212787873654e-01	1.351676912889785198e+00	0.000000000000000000e+00	1.000000000000000000e+00	0.000000000000000000e+00
1.402720000000000000e+05	9.520000000000000000e+02	6.300000000000000000e+01	2.490140872902165015e+01	2.517978045072900883e+01	9.836842457238488269e-01	1.070450652612735976e+00	0.000000000000000000e+00	1.000000000000000000e+00	0.000000000000000000e+00
1.402720000000000000e+05	9.560000000000000000e+02	6.900000000000000000e+01	2.493095567129750378e+01	2.692625420932467506e+01	9.497583475693687216e-01	1.002837776438829431e+00	0.000000000000000000e+00	1.000000000000000000e+00	0.000000000000000000e+00
1.402720000000000000e+05	9.590000000000000000e+02	6.300000000000000000e+01	2.509457581415162153e+01	2.478732568079206189e+01	9.626101954110516390e-01	7.461484415169987727e-01	0.000000000000000000e+00	1.000000000000000000e+00	0.000000000000000000e+00
1.402720000000000000e+05	9.600000000000000000e+02	4.400000000000000000e+01	2.501398537395204258e+01	2.783265141815953925e+01	1.154462014410197579e+00	7.999027151490094578e-01	0.000000000000000000e+00	1.000000000000000000e+00	0.000000000000000000e+00
1.402720000000000000e+05	9.630000000000000000e+02	4.500000000000000000e+01	2.494907989167216655e+01	2.852996869388145029e+01	8.474469444932450912e-01	8.265215307870685812e-01	0.000000000000000000e+00	1.000000000000000000e+00	0.000000000000000000e+00
1.402720000000000000e+05	9.650000000000000000e+02	5.200000000000000000e+01	2.484854619658537089e+01	2.696225164207165648e+01	7.946048673528761652e-01	8.955256299895791861e-01	0.000000000000000000e+00	1.000000000000000000e+00	0.000000000000000000e+00
1.402720000000000000e+05	9.670000000000000000e+02	5.500000000000000000e+01	2.482721316831024794e+01	2.785585934988876033e+01	1.139772842792426299e+00	9.738483375467404946e-01	0.000000000000000000e+00	1.000000000000000000e+00	0.000000000000000000e+00
1.402720000000000000e+05	9.700000000000000000e+02	5.800000000000000000e+01	2.476591593160267024e+01	2.772322018658239884e+01	1.014217848600699856e+00	7.516190842147821849e-01	0.000000000000000000e+00	1.000000000000000000e+00	0.000000000000000000e+00
1.402720000000000000e+05	9.750000000000000000e+02	3.600000000000000000e+01	2.523751867731261456e+01	2.711223391021301055e+01	7.347775822805018286e-01	5.382605289776452029e-01	0.000000000000000000e+00	1.000000000000000000e+00	0.000000000000000000e+00
1.402730000000000000e+05	9.380000000000000000e+02	4.100000000000000000e+01	2.474594295947899525e+01	2.720035099510968379e+01	1.080094307026557621e+00	5.875813714931056309e-01	0.000000000000000000e+00	1.000000000000000000e+00	0.000000000000000000e+00
1.402730000000000000e+05	9.390000000000000000e+02	3.800000000000000000e+01	2.511928267707127205e+01	2.711199408905573804e+01	7.486460360148871063e-01	8.147848743228064405e-01	0.000000000000000000e+00	1.000000000000000000e+00	0.000000000000000000e+00
1.402730000000000000e+05	9.400000000000000000e+02	6.800000000000000000e+01	2.501969504080055628e+01	2.599174271727790497e+01	5.889825548860319060e-01	1.097947809023863019e+00	0.000000000000000000e+00	1.000000000000000000e+00	0.000000000000000000e+00
1.402730000000000000e+05	9.420000000000000000e+02	5.400000000000000000e+01	2.468762526913001665e+01	2.489362771229017213e+01	7.612875566594411447e-01	9.603542274603308337e-01	0.000000000000000000e+00	1.000000000000000000e+00	0.000000000000000000e+00
1.402730000000000000e+05	9.450000000000000000e+02	4.800000000000000000e+01	2.483275539443066648e+01	2.324543255926660024e+01	7.622468838997897844e-01	7.132725038548298757e-01	0.000000000000000000e+00	1.000000000000000000e+00	0.000000000000000000e+00
1.402730000000000000e+05	9.470000000000000000e+02	3.200000000000000000e+01	2.494365362076827353e+01	2.705954372541191688e+01	6.269139088234881863e-01	5.870225876563571754e-01	0.000000000000000000e+00	1.000000000000000000e+00	0.000000000000000000e+00
1.402730000000000000e+05	9.490000000000000000e+02	3.800000000000000000e+01	2.479804666742973396e+01	2.545058407473617734e+01	6.308809271540934960e-01	5.630451224710603109e-01	0.000000000000000000e+00	1.000000000000000000e+00	0.000000000000000000e+00
1.402730000000000000e+05	9.500000000000000000e+02	4.000000000000000000e+01	2.492664217490066747e+01	2.677997521166833650e+01	7.887634606662352610e-01	6.409176961686761098e-01	0.000000000000000000e+00	1.000000000000000000e+00	0.000000000000000000e+00
1.402730000000000000e+05	9.510000000000000000e+02	4.100000000000000000e+01	2.503150978820153227e+01	2.418371881092737397e+01	5.393185677936862543e-01	9.245429555298950719e-01	0.000000000000000000e+00	1.000000000000000000e+00	0.000000000000000000e+00
1.402730000000000000e+05	9.520000000000000000e+02	4.600000000000000000e+01	2.500117119712109925e+01	2.537291196704605412e+01	8.435574520855138037e-01	9.545492396511686684e-01	0.000000000000000000e+00	1.000000000000000000e+00	0.000000000000000000e+00
1.402730000000000000e+05	9.560000000000000000e+02	5.700000000000000000e+01	2.479736729234241466e+01	2.734338774665687666e+01	7.904199648332086436e-01	8.481983903483286680e-01	0.000000000000000000e+00	1.000000000000000000e+00	0.000000000000000000e+00
1.402730000000000000e+05	9.590000000000000000e+02	6.100000000000000000e+01	2.470738371719681581e+01	2.480118120963640038e+01	7.724686984379947052e-01	9.004531860865720994e-01	0.000000000000000000e+00	1.000000000000000000e+00	0.000000000000000000e+00
1.402730000000000000e+05	9.600000000000000000e+02	4.400000000000000000e+01	2.484908594144825145e+01	2.779534008659343414e+01	8.465463355023225001e-01	8.499274571557021707e-01	0.000000000000000000e+00	1.000000000000000000e+00	0.000000000000000000e+00
1.402730000000000000e+05	9.610000000000000000e+02	3.900000000000000000e+01	2.454020202138832829e+01	2.705475381607648089e+01	7.880952342221964058e-01	6.389548167486465147e-01	0.000000000000000000e+00	1.000000000000000000e+00	0.000000000000000000e+00
1.402730000000000000e+05	9.670000000000000000e+02	5.700000000000000000e+01	2.496722932930721939e+01	2.744136851028209989e+01	5.686497438332358545e-01	1.145035294081523825e+00	0.000000000000000000e+00	1.000000000000000000e+00	0.000000000000000000e+00
1.402730000000000000e+05	9.680000000000000000e+02	3.800000000000000000e+01	2.471515513283959820e+01	2.678217263615485422e+01	5.712138116612864858e-01	7.290563229087302366e-01	0.000000000000000000e+00	1.000000000000000000e+00	0.000000000000000000e+00
1.402730000000000000e+05	9.760000000000000000e+02	5.100000000000000000e+01	2.476229839352045303e+01	3.056779273859548240e+01	9.040814852511400712e-01	9.168287244257514734e-01	0.000000000000000000e+00	1.000000000000000000e+00	0.000000000000000000e+00
1.402730000000000000e+05	9.780000000000000000e+02	5.100000000000000000e+01	2.490417747085510669e+01	2.866832717336320968e+01	6.278728297485154375e-01	8.891519663440418109e-01	0.000000000000000000e+00	1.000000000000000000e+00	0.000000000000000000e+00
1.402730000000000000e+05	9.810000000000000000e+02	4.500000000000000000e+01	2.464371137195768569e+01	2.812183953995506869e+01	9.001441588278685790e-01	9.852270414933737008e-01	0.000000000000000000e+00	1.000000000000000000e+00	0.000000000000000000e+00
1.402740000000000000e+05	9.560000000000000000e+02	5.000000000000000000e+01	2.394647129367993088e+01	2.746622080766389828e+01	9.258279829904183522e-01	8.260034014707015038e-01	0.000000000000000000e+00	1.000000000000000000e+00	0.000000000000000000e+00
1.402750000000000000e+05	9.700000000000000000e+02	4.900000000000000000e+01	2.323731029059246112e+01	2.744979851791955028e+01	7.692934463633076536e-01	8.698157738400094097e-01	0.000000000000000000e+00	1.000000000000000000e+00	0.000000000000000000e+00
1.402770000000000000e+05	9.400000000000000000e+02	5.000000000000000000e+01	2.420513727112605906e+01	2.637499963271940118e+01	5.377877229628849065e-01	9.764335560959593874e-01	0.000000000000000000e+00	1.000000000000000000e+00	0.000000000000000000e+00
1.402770000000000000e+05	9.420000000000000000e+02	4.800000000000000000e+01	2.425336703936651617e+01	2.503607629592907102e+01	9.247432172741695267e-01	8.164056258659120324e-01	0.000000000000000000e+00	1.000000000000000000e+00	0.000000000000000000e+00
1.402770000000000000e+05	9.450000000000000000e+02	4.200000000000000000e+01	2.455530429304551276e+01	2.308021646649509506e+01	5.433968776086824937e-01	1.051571019102687021e+00	0.000000000000000000e+00	1.000000000000000000e+00	0.000000000000000000e+00
1.402770000000000000e+05	9.520000000000000000e+02	4.500000000000000000e+01	2.448437478931762357e+01	2.531991631775608198e+01	6.415933637809317913e-01	9.215984735592257504e-01	0.000000000000000000e+00	1.000000000000000000e+00	0.000000000000000000e+00
1.402770000000000000e+05	9.560000000000000000e+02	3.800000000000000000e+01	2.428618385772938737e+01	2.711242220334946396e+01	9.177249906214924868e-01	8.529749580557672850e-01	0.000000000000000000e+00	1.000000000000000000e+00	0.000000000000000000e+00
1.402770000000000000e+05	9.600000000000000000e+02	4.100000000000000000e+01	2.432375750258061942e+01	2.766542307834786385e+01	7.216162260473250045e-01	7.877524660827024405e-01	0.000000000000000000e+00	1.000000000000000000e+00	0.000000000000000000e+00
1.402790000000000000e+05	9.380000000000000000e+02	5.400000000000000000e+01	2.491524125242412424e+01	2.708860753810877853e+01	1.009860113234444912e+00	7.717001986420148896e-01	0.000000000000000000e+00	1.000000000000000000e+00	0.000000000000000000e+00
1.402790000000000000e+05	9.390000000000000000e+02	4.300000000000000000e+01	2.529073521710685313e+01	2.718289226917019974e+01	7.556248961613114545e-01	8.876634832844289003e-01	0.000000000000000000e+00	1.000000000000000000e+00	0.000000000000000000e+00
1.402790000000000000e+05	9.400000000000000000e+02	5.800000000000000000e+01	2.504051574239142752e+01	2.634229748136067784e+01	7.966575960641847365e-01	1.155174567511281003e+00	0.000000000000000000e+00	1.000000000000000000e+00	0.000000000000000000e+00
1.402790000000000000e+05	9.420000000000000000e+02	5.300000000000000000e+01	2.518929065995074623e+01	2.486163221915485266e+01	8.261260301725891209e-01	7.790171997420964889e-01	0.000000000000000000e+00	1.000000000000000000e+00	0.000000000000000000e+00
1.402790000000000000e+05	9.440000000000000000e+02	5.300000000000000000e+01	2.510777442713774121e+01	2.441335667789479658e+01	9.389351107335206503e-01	8.516666590594605957e-01	0.000000000000000000e+00	1.000000000000000000e+00	0.000000000000000000e+00
1.402790000000000000e+05	9.450000000000000000e+02	6.000000000000000000e+01	2.523875880676256855e+01	2.297428628807527673e+01	7.692069888915922249e-01	8.162251765837768014e-01	0.000000000000000000e+00	1.000000000000000000e+00	0.000000000000000000e+00
1.402790000000000000e+05	9.470000000000000000e+02	4.000000000000000000e+01	2.527858311339345576e+01	2.675697599582229103e+01	9.583045599958690541e-01	9.161522027776799471e-01	0.000000000000000000e+00	1.000000000000000000e+00	0.000000000000000000e+00
1.402790000000000000e+05	9.490000000000000000e+02	4.600000000000000000e+01	2.529828485307859509e+01	2.542062584753255194e+01	8.951057048359353230e-01	5.717171342541487178e-01	0.000000000000000000e+00	1.000000000000000000e+00	0.000000000000000000e+00
1.402790000000000000e+05	9.510000000000000000e+02	5.600000000000000000e+01	2.535890719579320418e+01	2.409849821815291193e+01	8.286546743134286519e-01	1.112775584191676215e+00	0.000000000000000000e+00	1.000000000000000000e+00	0.000000000000000000e+00
1.402790000000000000e+05	9.520000000000000000e+02	4.800000000000000000e+01	2.538412548362488153e+01	2.533760745235293754e+01	5.975284604408321876e-01	1.007484204915819026e+00	0.000000000000000000e+00	1.000000000000000000e+00	0.000000000000000000e+00
1.402790000000000000e+05	9.560000000000000000e+02	5.400000000000000000e+01	2.506454365847824306e+01	2.728969071550759651e+01	6.930955222651778991e-01	1.162497651060810266e+00	0.000000000000000000e+00	1.000000000000000000e+00	0.000000000000000000e+00
1.402790000000000000e+05	9.590000000000000000e+02	5.400000000000000000e+01	2.517783693644747700e+01	2.481570855553986377e+01	6.979901836655417746e-01	1.024460149410545418e+00	0.000000000000000000e+00	1.000000000000000000e+00	0.000000000000000000e+00
1.402790000000000000e+05	9.600000000000000000e+02	5.400000000000000000e+01	2.497352966455969181e+01	2.780369739565235676e+01	1.010674629735515362e+00	1.109385189100397850e+00	0.000000000000000000e+00	1.000000000000000000e+00	0.000000000000000000e+00
1.402790000000000000e+05	9.610000000000000000e+02	4.900000000000000000e+01	2.532887153169326311e+01	2.676851743658043503e+01	8.314160789004401142e-01	7.716460948864650726e-01	0.000000000000000000e+00	1.000000000000000000e+00	0.000000000000000000e+00
1.402790000000000000e+05	9.630000000000000000e+02	4.100000000000000000e+01	2.513432695251024995e+01	2.861215362337946644e+01	9.346744043019198367e-01	7.662050181801520754e-01	0.000000000000000000e+00	1.000000000000000000e+00	0.000000000000000000e+00
1.402790000000000000e+05	9.650000000000000000e+02	5.800000000000000000e+01	2.491786977761148947e+01	2.717442637484777634e+01	9.453465514072428855e-01	8.351239159090587671e-01	0.000000000000000000e+00	1.000000000000000000e+00	0.000000000000000000e+00
1.402790000000000000e+05	9.670000000000000000e+02	5.900000000000000000e+01	2.519958982814948456e+01	2.783470793098908658e+01	8.426072605436694118e-01	8.955176896752665705e-01	0.000000000000000000e+00	1.000000000000000000e+00	0.000000000000000000e+00
1.402790000000000000e+05	9.700000000000000000e+02	5.800000000000000000e+01	2.532735588218150724e+01	2.759767647239664612e+01	7.394861096503654307e-01	8.581260805043686712e-01	0.000000000000000000e+00	1.000000000000000000e+00	0.000000000000000000e+00
1.402790000000000000e+05	9.740000000000000000e+02	3.500000000000000000e+01	2.500639241437138693e+01	2.718232149206935588e+01	8.538326333649596256e-01	7.246791396265125362e-01	0.000000000000000000e+00	1.000000000000000000e+00	0.000000000000000000e+00
1.402790000000000000e+05	9.750000000000000000e+02	4.500000000000000000e+01	2.520689406577145419e+01	2.725030114120979974e+01	9.476223329216698632e-01	6.661066601490782668e-01	0.000000000000000000e+00	1.000000000000000000e+00	0.000000000000000000e+00
1.402790000000000000e+05	9.760000000000000000e+02	4.900000000000000000e+01	2.514191179491352557e+01	3.028709559599285583e+01	7.713014823278601106e-01	9.892709151528567002e-01	0.000000000000000000e+00	1.000000000000000000e+00	0.000000000000000000e+00
1.402790000000000000e+05	9.770000000000000000e+02	4.900000000000000000e+01	2.521276945084299825e+01	2.693156244934507981e+01	7.713089217930981789e-01	6.567540232150509416e-01	0.000000000000000000e+00	1.000000000000000000e+00	0.000000000000000000e+00
1.402790000000000000e+05	9.780000000000000000e+02	5.900000000000000000e+01	2.514781537661218280e+01	2.857719712679553936e+01	7.428697313031877858e-01	1.085841205223699202e+00	0.000000000000000000e+00	1.000000000000000000e+00	0.000000000000000000e+00
1.402790000000000000e+05	9.800000000000000000e+02	4.400000000000000000e+01	2.520646438651511190e+01	2.844884565872810001e+01	7.646554068100769319e-01	8.094694180710769738e-01	0.000000000000000000e+00	1.000000000000000000e+00	0.000000000000000000e+00
1.402790000000000000e+05	9.810000000000000000e+02	3.100000000000000000e+01	2.550361540279914863e+01	2.803924093125927541e+01	7.651440373803544137e-01	5.842752507429752606e-01	0.000000000000000000e+00	1.000000000000000000e+00	0.000000000000000000e+00
1.402790000000000000e+05	9.820000000000000000e+02	4.200000000000000000e+01	2.536553459744833816e+01	2.657721653079774171e+01	7.181652973013464836e-01	1.020888780092556791e+00	0.000000000000000000e+00	1.000000000000000000e+00	0.000000000000000000e+00
1.402790000000000000e+05	9.850000000000000000e+02	2.800000000000000000e+01	2.535896417400914160e+01	2.916317139833846639e+01	5.252866559260199741e-01	5.446824136975345620e-01	0.000000000000000000e+00	1.000000000000000000e+00	0.000000000000000000e+00
1.402800000000000000e+05	9.390000000000000000e+02	5.000000000000000000e+01	2.215057945639125236e+01	2.755358294690734056e+01	9.280885662065493369e-01	7.708998091353169713e-01	0.000000000000000000e+00	1.000000000000000000e+00	0.000000000000000000e+00
1.402800000000000000e+05	9.420000000000000000e+02	6.400000000000000000e+01	2.217234621340672263e+01	2.500496722962776985e+01	7.896121256159654989e-01	7.693982107370238577e-01	0.000000000000000000e+00	1.000000000000000000e+00	0.000000000000000000e+00
1.402800000000000000e+05	9.480000000000000000e+02	8.600000000000000000e+01	2.219936177879472794e+01	1.000000000000000000e+00	7.046280167657773541e-01	1.000000000000000000e+00	0.000000000000000000e+00	1.000000000000000000e+00	0.000000000000000000e+00
1.402800000000000000e+05	9.650000000000000000e+02	5.600000000000000000e+01	2.214338630889085735e+01	2.701827361845914410e+01	8.276093386054157452e-01	9.119846163878859713e-01	0.000000000000000000e+00	1.000000000000000000e+00	0.000000000000000000e+00
1.402800000000000000e+05	9.670000000000000000e+02	6.500000000000000000e+01	2.205371984537497454e+01	2.776562353187236099e+01	8.441007238418132275e-01	1.264193619250495892e+00	0.000000000000000000e+00	1.000000000000000000e+00	0.000000000000000000e+00
1.402800000000000000e+05	9.700000000000000000e+02	4.800000000000000000e+01	2.213016682771648647e+01	2.769038613065375642e+01	7.931257423283826213e-01	8.355920775499874331e-01	0.000000000000000000e+00	1.000000000000000000e+00	0.000000000000000000e+00
1.402800000000000000e+05	9.760000000000000000e+02	5.300000000000000000e+01	2.207162443158623688e+01	3.050032718888508398e+01	8.902890662362491492e-01	8.844709546435794989e-01	0.000000000000000000e+00	1.000000000000000000e+00	0.000000000000000000e+00
1.402800000000000000e+05	9.770000000000000000e+02	5.200000000000000000e+01	2.203780144381292772e+01	2.689320906149679402e+01	9.380709194516064775e-01	7.164087254181491504e-01	0.000000000000000000e+00	1.000000000000000000e+00	0.000000000000000000e+00
1.402840000000000000e+05	9.390000000000000000e+02	4.300000000000000000e+01	2.287595086277099199e+01	2.719091634705637617e+01	7.734787446041183623e-01	7.581750621500094045e-01	0.000000000000000000e+00	1.000000000000000000e+00	0.000000000000000000e+00
1.402840000000000000e+05	9.420000000000000000e+02	6.100000000000000000e+01	2.281054436642020633e+01	2.502397837075780274e+01	7.893349082494248714e-01	9.186277640397862987e-01	0.000000000000000000e+00	1.000000000000000000e+00	0.000000000000000000e+00
1.402840000000000000e+05	9.440000000000000000e+02	5.300000000000000000e+01	2.272003134190084239e+01	2.440240678035785038e+01	6.801694776035474010e-01	7.569316465847113484e-01	0.000000000000000000e+00	1.000000000000000000e+00	0.000000000000000000e+00
1.402840000000000000e+05	9.630000000000000000e+02	4.300000000000000000e+01	2.264284789524183239e+01	2.857197147026501582e+01	6.360508535764848315e-01	6.257023623785487043e-01	0.000000000000000000e+00	1.000000000000000000e+00	0.000000000000000000e+00
1.402840000000000000e+05	9.650000000000000000e+02	5.200000000000000000e+01	2.274100455027949863e+01	2.688517212006119195e+01	8.492553887595430950e-01	1.033624991278709881e+00	0.000000000000000000e+00	1.000000000000000000e+00	0.000000000000000000e+00
1.402840000000000000e+05	9.670000000000000000e+02	3.600000000000000000e+01	2.252111235559169700e+01	2.788894699703483937e+01	7.374296790630157084e-01	5.325187462616403078e-01	0.000000000000000000e+00	1.000000000000000000e+00	0.000000000000000000e+00
1.402840000000000000e+05	9.700000000000000000e+02	4.400000000000000000e+01	2.279442387005413551e+01	2.754887538633812127e+01	8.759311496361447125e-01	7.120805945470216614e-01	0.000000000000000000e+00	1.000000000000000000e+00	0.000000000000000000e+00
1.402840000000000000e+05	9.750000000000000000e+02	5.300000000000000000e+01	2.261680364877276261e+01	2.691755039723890874e+01	8.424738959864798149e-01	7.471349090714117791e-01	0.000000000000000000e+00	1.000000000000000000e+00	0.000000000000000000e+00
1.402840000000000000e+05	9.760000000000000000e+02	5.300000000000000000e+01	2.270015519841680884e+01	3.047357154785294142e+01	8.093584888461878846e-01	9.051328964785473330e-01	0.000000000000000000e+00	1.000000000000000000e+00	0.000000000000000000e+00
1.402840000000000000e+05	9.780000000000000000e+02	6.000000000000000000e+01	2.270562546595431996e+01	2.859684318823071081e+01	7.559251735905355707e-01	1.024857438675245369e+00	0.000000000000000000e+00	1.000000000000000000e+00	0.000000000000000000e+00
1.402870000000000000e+05	9.380000000000000000e+02	4.300000000000000000e+01	2.465157394884473874e+01	2.697277951033422738e+01	6.677943392586201954e-01	9.767435070495442684e-01	0.000000000000000000e+00	1.000000000000000000e+00	0.000000000000000000e+00
1.402870000000000000e+05	9.390000000000000000e+02	3.700000000000000000e+01	2.467825708167423571e+01	2.714965414254714915e+01	7.474871742544794140e-01	5.596272988869802623e-01	0.000000000000000000e+00	1.000000000000000000e+00	0.000000000000000000e+00
1.402870000000000000e+05	9.420000000000000000e+02	7.000000000000000000e+01	2.465599186462770831e+01	2.505733752125115288e+01	9.536083663084361506e-01	7.633374575570048837e-01	0.000000000000000000e+00	1.000000000000000000e+00	0.000000000000000000e+00
1.402870000000000000e+05	9.430000000000000000e+02	4.800000000000000000e+01	2.465925222671042505e+01	2.651590501990735405e+01	8.740647133384975564e-01	9.474937936419760565e-01	0.000000000000000000e+00	1.000000000000000000e+00	0.000000000000000000e+00
1.402870000000000000e+05	9.440000000000000000e+02	4.900000000000000000e+01	2.446809880787807501e+01	2.437133468063629493e+01	1.036616130330138885e+00	7.916372122581566417e-01	0.000000000000000000e+00	1.000000000000000000e+00	0.000000000000000000e+00
1.402870000000000000e+05	9.470000000000000000e+02	3.500000000000000000e+01	2.461652000796778950e+01	2.693633987197727109e+01	9.261492723450205355e-01	7.175301639598489212e-01	0.000000000000000000e+00	1.000000000000000000e+00	0.000000000000000000e+00
1.402870000000000000e+05	9.500000000000000000e+02	3.600000000000000000e+01	2.475725761108724399e+01	2.680776006528413546e+01	8.577249378415020553e-01	7.233800950324655865e-01	0.000000000000000000e+00	1.000000000000000000e+00	0.000000000000000000e+00
1.402870000000000000e+05	9.510000000000000000e+02	6.300000000000000000e+01	2.464050782980825005e+01	2.408343820683338521e+01	8.866208053076762852e-01	7.916137108841181380e-01	0.000000000000000000e+00	1.000000000000000000e+00	0.000000000000000000e+00
1.402870000000000000e+05	9.520000000000000000e+02	6.200000000000000000e+01	2.467231335024991878e+01	2.545044602163491021e+01	7.747469048877158038e-01	1.152399383067524541e+00	0.000000000000000000e+00	1.000000000000000000e+00	0.000000000000000000e+00
1.402870000000000000e+05	9.560000000000000000e+02	4.100000000000000000e+01	2.452237750127769544e+01	2.704813221137730039e+01	8.244083548085413549e-01	6.256099525966771768e-01	0.000000000000000000e+00	1.000000000000000000e+00	0.000000000000000000e+00
1.402870000000000000e+05	9.590000000000000000e+02	4.800000000000000000e+01	2.466835769490888808e+01	2.458884032909055861e+01	7.208902999878766815e-01	9.055083283004975447e-01	0.000000000000000000e+00	1.000000000000000000e+00	0.000000000000000000e+00
1.402870000000000000e+05	9.600000000000000000e+02	6.000000000000000000e+01	2.462336381740671243e+01	2.773281081422615202e+01	8.316392926265941954e-01	7.962976199116380549e-01	0.000000000000000000e+00	1.000000000000000000e+00	0.000000000000000000e+00
1.402870000000000000e+05	9.610000000000000000e+02	4.500000000000000000e+01	2.465933803392873003e+01	2.694835955317140019e+01	6.517642126682361425e-01	8.317073694432269848e-01	0.000000000000000000e+00	1.000000000000000000e+00	0.000000000000000000e+00
1.402870000000000000e+05	9.650000000000000000e+02	4.500000000000000000e+01	2.453163404759225941e+01	2.686013215748014815e+01	7.604534348389750953e-01	1.030834501830838024e+00	0.000000000000000000e+00	1.000000000000000000e+00	0.000000000000000000e+00
1.402870000000000000e+05	9.700000000000000000e+02	5.700000000000000000e+01	2.444013287307218718e+01	2.763436247873439555e+01	1.040864530325636528e+00	1.109117200427113259e+00	0.000000000000000000e+00	1.000000000000000000e+00	0.000000000000000000e+00
1.402870000000000000e+05	9.750000000000000000e+02	3.800000000000000000e+01	2.477203515423962443e+01	2.705753925584727071e+01	8.779558684417003711e-01	7.768210033281255367e-01	0.000000000000000000e+00	1.000000000000000000e+00	0.000000000000000000e+00
1.402870000000000000e+05	9.760000000000000000e+02	6.000000000000000000e+01	2.470841057057359791e+01	3.008561085489040110e+01	8.442764392327289924e-01	9.807216677628739498e-01	0.000000000000000000e+00	1.000000000000000000e+00	0.000000000000000000e+00
1.402870000000000000e+05	9.770000000000000000e+02	3.700000000000000000e+01	2.478062747002546828e+01	2.659086944016030785e+01	9.060083644743172071e-01	6.597379306425342760e-01	0.000000000000000000e+00	1.000000000000000000e+00	0.000000000000000000e+00
1.402870000000000000e+05	9.780000000000000000e+02	4.600000000000000000e+01	2.500046328900423021e+01	2.844580157354758398e+01	6.842551558478617846e-01	1.018256721969863277e+00	0.000000000000000000e+00	1.000000000000000000e+00	0.000000000000000000e+00
1.402870000000000000e+05	9.810000000000000000e+02	4.900000000000000000e+01	2.455680429134469378e+01	2.823218387752791259e+01	9.753363690423370036e-01	7.427309107179438374e-01	0.000000000000000000e+00	1.000000000000000000e+00	0.000000000000000000e+00
