1.316110000000000000e+05	8.823000000000000000e+03	3.400000000000000000e+01	2.517505641703253971e+01	2.635373910152535259e+01	5.538632205041783552e-01	6.355154418768315105e-01	0.000000000000000000e+00	1.000000000000000000e+00	0.000000000000000000e+00
1.316170000000000000e+05	8.722000000000000000e+03	4.300000000000000000e+01	2.523186547407298619e+01	2.538291749910453632e+01	7.460048601476363395e-01	9.493730459742978356e-01	0.000000000000000000e+00	1.000000000000000000e+00	0.000000000000000000e+00
1.316170000000000000e+05	8.823000000000000000e+03	3.700000000000000000e+01	2.525049197850443150e+01	2.612238109486278148e+01	7.098069325653615369e-01	9.033825327450506482e-01	0.000000000000000000e+00	1.000000000000000000e+00	0.000000000000000000e+00
1.316230000000000000e+05	8.720000000000000000e+03	5.800000000000000000e+01	2.301150781565802106e+01	2.562918062180356316e+01	9.631707283300322553e-01	9.902346119422865689e-01	0.000000000000000000e+00	1.000000000000000000e+00	0.000000000000000000e+00
1.316240000000000000e+05	8.583000000000000000e+03	6.100000000000000000e+01	2.446361397074751309e+01	2.403432286037927312e+01	9.198612760799352861e-01	1.058552703520204252e+00	0.000000000000000000e+00	1.000000000000000000e+00	0.000000000000000000e+00
1.316240000000000000e+05	8.703000000000000000e+03	5.500000000000000000e+01	2.450048984471598601e+01	2.412517195028988581e+01	8.072148731302368763e-01	8.194942062959408302e-01	0.000000000000000000e+00	1.000000000000000000e+00	0.000000000000000000e+00
1.316240000000000000e+05	8.707000000000000000e+03	5.000000000000000000e+01	2.458206811285496940e+01	2.319826329900471862e+01	7.410066327865482139e-01	9.042888765618326552e-01	0.000000000000000000e+00	1.000000000000000000e+00	0.000000000000000000e+00
1.316240000000000000e+05	8.722000000000000000e+03	4.700000000000000000e+01	2.458030309795866231e+01	2.530395206640186245e+01	6.973915664731312747e-01	9.772464740456714427e-01	0.000000000000000000e+00	1.000000000000000000e+00	0.000000000000000000e+00
1.316240000000000000e+05	8.828000000000000000e+03	4.700000000000000000e+01	2.439482974640457869e+01	2.531384404423211265e+01	8.534982129220020086e-01	8.717883798602360512e-01	0.000000000000000000e+00	1.000000000000000000e+00	0.000000000000000000e+00
1.316250000000000000e+05	8.579000000000000000e+03	3.500000000000000000e+01	2.390754500634929158e+01	2.474285281540499781e+01	5.398892145188778358e-01	6.948744124669457012e-01	0.000000000000000000e+00	1.000000000000000000e+00	0.000000000000000000e+00
1.316250000000000000e+05	8.704000000000000000e+03	4.300000000000000000e+01	2.383584211307847056e+01	2.714463170862959274e+01	7.615470049520476348e-01	8.494307370662206313e-01	0.000000000000000000e+00	1.000000000000000000e+00	0.000000000000000000e+00
1.316250000000000000e+05	8.724000000000000000e+03	5.000000000000000000e+01	2.369545022742109808e+01	2.488448323439466492e+01	1.025034108219182061e+00	8.568791163998785709e-01	0.000000000000000000e+00	1.000000000000000000e+00	0.000000000000000000e+00
1.316250000000000000e+05	8.823000000000000000e+03	4.500000000000000000e+01	2.362758795484478824e+01	2.621804183883962835e+01	7.888443251978423110e-01	7.868007215541096278e-01	0.000000000000000000e+00	1.000000000000000000e+00	0.000000000000000000e+00
1.316250000000000000e+05	8.828000000000000000e+03	4.000000000000000000e+01	2.388906193537651390e+01	2.502657576259727179e+01	6.018567483419363651e-01	6.729273469484905457e-01	0.000000000000000000e+00	1.000000000000000000e+00	0.000000000000000000e+00
1.316260000000000000e+05	8.583000000000000000e+03	5.600000000000000000e+01	2.395120045872244319e+01	2.438584704178753171e+01	7.396044243229998871e-01	1.165836640183587125e+00	0.000000000000000000e+00	1.000000000000000000e+00	0.000000000000000000e+00
1.316260000000000000e+05	8.689000000000000000e+03	4.900000000000000000e+01	2.396885627434394550e+01	2.251052495650130325e+01	7.795189519129493982e-01	7.713056550331238714e-01	0.000000000000000000e+00	1.000000000000000000e+00	0.000000000000000000e+00
1.316260000000000000e+05	8.718000000000000000e+03	5.700000000000000000e+01	2.384321373104445030e+01	2.398306339308114588e+01	6.964621797020942306e-01	6.534173078135933066e-01	0.000000000000000000e+00	1.000000000000000000e+00	0.000000000000000000e+00
1.316260000000000000e+05	8.720000000000000000e+03	4.100000000000000000e+01	2.389343082102157823e+01	2.565338246604649441e+01	6.254527045566893317e-01	5.750723208036124801e-01	0.000000000000000000e+00	1.000000000000000000e+00	0.000000000000000000e+00
1.316260000000000000e+05	8.721000000000000000e+03	4.100000000000000000e+01	2.371020408580248784e+01	2.550318077342610579e+01	7.352667668037936588e-01	8.118835034904243741e-01	0.000000000000000000e+00	1.000000000000000000e+00	0.000000000000000000e+00
1.316260000000000000e+05	8.722000000000000000e+03	4.900000000000000000e+01	2.374761209030728182e+01	2.549126758459114939e+01	7.358402798146830293e-01	6.055464217988520970e-01	0.000000000000000000e+00	1.000000000000000000e+00	0.000000000000000000e+00
1.316260000000000000e+05	8.724000000000000000e+03	4.700000000000000000e+01	2.352312730954665554e+01	2.491739619591603372e+01	9.627991533488530207e-01	7.137180684644964801e-01	0.000000000000000000e+00	1.000000000000000000e+00	0.000000000000000000e+00
1.316260000000000000e+05	8.812000000000000000e+03	4.100000000000000000e+01	2.356392917344315308e+01	2.805213836444367814e+01	8.685958032623711800e-01	8.489848668566409851e-01	0.000000000000000000e+00	1.000000000000000000e+00	0.000000000000000000e+00
1.316260000000000000e+05	8.814000000000000000e+03	4.800000000000000000e+01	2.382995533524020360e+01	2.400452479845581166e+01	6.415569163402745634e-01	7.168218057395644438e-01	0.000000000000000000e+00	1.000000000000000000e+00	0.000000000000000000e+00
1.316260000000000000e+05	8.819000000000000000e+03	4.600000000000000000e+01	2.366710593258070006e+01	2.453291380347835826e+01	8.288491678755174341e-01	6.347154692676010290e-01	0.000000000000000000e+00	1.000000000000000000e+00	0.000000000000000000e+00
1.316260000000000000e+05	8.822000000000000000e+03	4.200000000000000000e+01	2.385209728055633605e+01	2.506920539460077890e+01	5.251187212221742895e-01	8.414706459283693984e-01	0.000000000000000000e+00	1.000000000000000000e+00	0.000000000000000000e+00
1.316260000000000000e+05	8.823000000000000000e+03	4.600000000000000000e+01	2.384379205741853269e+01	2.613178693524153928e+01	7.919481227691730352e-01	8.367227416104964233e-01	0.000000000000000000e+00	1.000000000000000000e+00	0.000000000000000000e+00
1.316260000000000000e+05	8.828000000000000000e+03	4.000000000000000000e+01	2.372914073216708886e+01	2.528585020282887541e+01	6.558578367690856004e-01	6.113379775759755219e-01	0.000000000000000000e+00	1.000000000000000000e+00	0.000000000000000000e+00
1.316270000000000000e+05	8.576000000000000000e+03	6.100000000000000000e+01	2.538248986179146982e+01	2.216434989917675225e+01	9.280558361629944741e-01	9.127069283506464847e-01	0.000000000000000000e+00	1.000000000000000000e+00	0.000000000000000000e+00
1.316270000000000000e+05	8.579000000000000000e+03	4.200000000000000000e+01	2.554850967247755733e+01	2.474748307650006751e+01	8.284358801810817186e-01	8.117812547783039845e-01	0.000000000000000000e+00	1.000000000000000000e+00	0.000000000000000000e+00
1.316270000000000000e+05	8.583000000000000000e+03	4.500000000000000000e+01	2.531110649696756454e+01	2.406905202275689248e+01	6.682936395082444969e-01	8.922800142044406968e-01	0.000000000000000000e+00	1.000000000000000000e+00	0.000000000000000000e+00
1.316270000000000000e+05	8.593000000000000000e+03	5.500000000000000000e+01	2.551581361104921086e+01	2.408879239224647506e+01	6.668549492395432488e-01	7.833365918622675617e-01	0.000000000000000000e+00	1.000000000000000000e+00	0.000000000000000000e+00
1.316270000000000000e+05	8.594000000000000000e+03	5.600000000000000000e+01	2.549845798985620959e+01	2.134358533605356811e+01	8.126486730960188476e-01	1.097068271474927137e+00	0.000000000000000000e+00	1.000000000000000000e+00	0.000000000000000000e+00
1.316270000000000000e+05	8.597000000000000000e+03	6.100000000000000000e+01	2.548458749088814557e+01	2.206125962405910101e+01	9.491258355575574734e-01	1.174004894446345260e+00	0.000000000000000000e+00	1.000000000000000000e+00	0.000000000000000000e+00
1.316270000000000000e+05	8.677000000000000000e+03	3.200000000000000000e+01	2.580801805139664751e+01	2.470604739685260753e+01	5.556296997477417898e-01	8.308799061471163760e-01	0.000000000000000000e+00	1.000000000000000000e+00	0.000000000000000000e+00
1.316270000000000000e+05	8.685000000000000000e+03	4.400000000000000000e+01	2.571661750108436806e+01	2.419567384538549248e+01	8.319605376418580667e-01	6.836785121204002058e-01	0.000000000000000000e+00	1.000000000000000000e+00	0.000000000000000000e+00
1.316270000000000000e+05	8.686000000000000000e+03	4.900000000000000000e+01	2.558481439347001896e+01	2.281777647866505987e+01	6.621236917472096417e-01	8.612637724565708197e-01	0.000000000000000000e+00	1.000000000000000000e+00	0.000000000000000000e+00
1.316270000000000000e+05	8.688000000000000000e+03	5.100000000000000000e+01	2.573178553585059447e+01	2.218027912822754644e+01	5.737818725355214866e-01	9.495388441618136666e-01	0.000000000000000000e+00	1.000000000000000000e+00	0.000000000000000000e+00
1.316270000000000000e+05	8.689000000000000000e+03	4.600000000000000000e+01	2.577107070492819574e+01	2.241201803836110429e+01	6.704185976741682262e-01	8.241627998838531033e-01	0.000000000000000000e+00	1.000000000000000000e+00	0.000000000000000000e+00
1.316270000000000000e+05	8.695000000000000000e+03	5.100000000000000000e+01	2.573187691609362915e+01	2.163906672452915458e+01	6.497563717989256471e-01	1.015307122821241359e+00	0.000000000000000000e+00	1.000000000000000000e+00	0.000000000000000000e+00
1.316270000000000000e+05	8.704000000000000000e+03	5.300000000000000000e+01	2.562237055772525096e+01	2.728668177161414832e+01	6.490959200132424556e-01	8.665105993552438823e-01	0.000000000000000000e+00	1.000000000000000000e+00	0.000000000000000000e+00
1.316270000000000000e+05	8.707000000000000000e+03	4.700000000000000000e+01	2.550544706223570657e+01	2.302909657948924504e+01	7.111513603744835654e-01	6.675623856962847880e-01	0.000000000000000000e+00	1.000000000000000000e+00	0.000000000000000000e+00
1.316270000000000000e+05	8.711000000000000000e+03	4.900000000000000000e+01	2.573460940943209962e+01	2.245293392018779244e+01	7.530493178498728346e-01	1.083515102492219828e+00	0.000000000000000000e+00	1.000000000000000000e+00	0.000000000000000000e+00
1.316270000000000000e+05	8.718000000000000000e+03	6.100000000000000000e+01	2.549327317864382891e+01	2.385802360238820441e+01	6.109137006315419338e-01	8.590496145696051578e-01	0.000000000000000000e+00	1.000000000000000000e+00	0.000000000000000000e+00
1.316270000000000000e+05	8.719000000000000000e+03	4.100000000000000000e+01	2.563636462287989914e+01	2.413159675705792395e+01	7.984065997567132422e-01	8.826522156261005225e-01	0.000000000000000000e+00	1.000000000000000000e+00	0.000000000000000000e+00
1.316270000000000000e+05	8.720000000000000000e+03	5.900000000000000000e+01	2.566994740415787746e+01	2.576914136924046872e+01	1.052465993886416484e+00	7.600213199956138421e-01	0.000000000000000000e+00	1.000000000000000000e+00	0.000000000000000000e+00
1.316270000000000000e+05	8.722000000000000000e+03	4.800000000000000000e+01	2.558269004980489569e+01	2.559229150500321381e+01	5.841212246539765340e-01	6.959823103689352086e-01	0.000000000000000000e+00	1.000000000000000000e+00	0.000000000000000000e+00
1.316270000000000000e+05	8.723000000000000000e+03	3.900000000000000000e+01	2.563870987169073956e+01	2.543646108622536062e+01	6.901815644474184053e-01	6.070388959624077874e-01	0.000000000000000000e+00	1.000000000000000000e+00	0.000000000000000000e+00
1.316270000000000000e+05	8.724000000000000000e+03	5.400000000000000000e+01	2.517197442884003422e+01	2.485594997445389964e+01	8.069539958899851761e-01	9.918107887269381751e-01	0.000000000000000000e+00	1.000000000000000000e+00	0.000000000000000000e+00
1.316270000000000000e+05	8.725000000000000000e+03	4.500000000000000000e+01	2.543981679018076747e+01	2.421702838293149540e+01	6.687336830888311878e-01	7.807673313076647359e-01	0.000000000000000000e+00	1.000000000000000000e+00	0.000000000000000000e+00
1.316270000000000000e+05	8.727000000000000000e+03	4.200000000000000000e+01	2.553484595051950024e+01	2.706016308978616536e+01	8.196347307316705910e-01	7.880844345192252742e-01	0.000000000000000000e+00	1.000000000000000000e+00	0.000000000000000000e+00
1.316270000000000000e+05	8.805000000000000000e+03	4.100000000000000000e+01	2.535443157633975986e+01	2.554475358256883766e+01	8.710703494285990667e-01	8.430809942739475593e-01	0.000000000000000000e+00	1.000000000000000000e+00	0.000000000000000000e+00
1.316270000000000000e+05	8.810000000000000000e+03	4.000000000000000000e+01	2.558598567042369609e+01	2.745571188992395761e+01	7.021300274244027806e-01	8.076164291763816561e-01	0.000000000000000000e+00	1.000000000000000000e+00	0.000000000000000000e+00
1.316270000000000000e+05	8.812000000000000000e+03	4.800000000000000000e+01	2.567454058814744755e+01	2.808376998157302040e+01	7.574864822009720333e-01	1.244588312721277568e+00	0.000000000000000000e+00	1.000000000000000000e+00	0.000000000000000000e+00
1.316270000000000000e+05	8.814000000000000000e+03	4.800000000000000000e+01	2.532972015181467640e+01	2.391792174668629656e+01	7.947964046472407729e-01	5.945842686053475212e-01	0.000000000000000000e+00	1.000000000000000000e+00	0.000000000000000000e+00
1.316270000000000000e+05	8.815000000000000000e+03	5.100000000000000000e+01	2.548616435596260743e+01	2.638606640276639936e+01	6.763498852430487318e-01	7.393057776836533534e-01	0.000000000000000000e+00	1.000000000000000000e+00	0.000000000000000000e+00
1.316270000000000000e+05	8.816000000000000000e+03	5.600000000000000000e+01	2.550721198762051856e+01	2.528321747179949597e+01	6.514476130939494958e-01	8.883511676316833139e-01	0.000000000000000000e+00	1.000000000000000000e+00	0.000000000000000000e+00
1.316270000000000000e+05	8.817000000000000000e+03	5.800000000000000000e+01	2.565211251905488155e+01	2.389447825341616038e+01	5.302205739150313013e-01	6.837895281843531237e-01	0.000000000000000000e+00	1.000000000000000000e+00	0.000000000000000000e+00
1.316270000000000000e+05	8.819000000000000000e+03	4.200000000000000000e+01	2.568795299786704334e+01	2.447820529303924175e+01	7.922004714722198360e-01	6.693090823770558861e-01	0.000000000000000000e+00	1.000000000000000000e+00	0.000000000000000000e+00
1.316270000000000000e+05	8.821000000000000000e+03	4.800000000000000000e+01	2.565840186607190887e+01	2.419398419573164460e+01	7.078190544278680774e-01	6.705746728659901512e-01	0.000000000000000000e+00	1.000000000000000000e+00	0.000000000000000000e+00
1.316270000000000000e+05	8.822000000000000000e+03	4.200000000000000000e+01	2.545418553027537811e+01	2.490745799812039607e+01	5.383708572952832228e-01	1.045400735598479347e+00	0.000000000000000000e+00	1.000000000000000000e+00	0.000000000000000000e+00
1.316270000000000000e+05	8.823000000000000000e+03	4.900000000000000000e+01	2.563494322587676777e+01	2.621950603053809203e+01	6.882090927400986713e-01	7.382799973695329809e-01	0.000000000000000000e+00	1.000000000000000000e+00	0.000000000000000000e+00
1.316270000000000000e+05	8.824000000000000000e+03	5.600000000000000000e+01	2.559297048340274472e+01	2.419754302076372809e+01	7.452585593408538323e-01	8.479368955781739770e-01	0.000000000000000000e+00	1.000000000000000000e+00	0.000000000000000000e+00
1.316270000000000000e+05	8.828000000000000000e+03	5.100000000000000000e+01	2.561661639367179433e+01	2.490304257515762743e+01	7.309880477626132800e-01	5.719409571420721594e-01	0.000000000000000000e+00	1.000000000000000000e+00	0.000000000000000000e+00
1.316270000000000000e+05	8.831000000000000000e+03	6.100000000000000000e+01	2.549040361428562917e+01	2.362168563683827571e+01	7.647671791024110988e-01	1.014353441717701143e+00	0.000000000000000000e+00	1.000000000000000000e+00	0.000000000000000000e+00
1.316280000000000000e+05	8.576000000000000000e+03	6.800000000000000000e+01	2.510753966808895754e+01	2.223663024077385231e+01	7.737069657672878131e-01	9.004431154723617770e-01	0.000000000000000000e+00	1.000000000000000000e+00	0.000000000000000000e+00
1.316280000000000000e+05	8.579000000000000000e+03	5.500000000000000000e+01	2.512706850030125594e+01	2.486119473704693661e+01	9.011791676317952859e-01	8.966228998624953261e-01	0.000000000000000000e+00	1.000000000000000000e+00	0.000000000000000000e+00
1.316280000000000000e+05	8.583000000000000000e+03	5.700000000000000000e+01	2.530007204054657066e+01	2.416116097162697329e+01	6.206368376351237837e-01	1.015813395242653794e+00	0.000000000000000000e+00	1.000000000000000000e+00	0.000000000000000000e+00
1.316280000000000000e+05	8.588000000000000000e+03	4.800000000000000000e+01	2.537519080512426584e+01	2.341724793854947961e+01	8.893237705016119321e-01	8.199904304199591154e-01	0.000000000000000000e+00	1.000000000000000000e+00	0.000000000000000000e+00
1.316280000000000000e+05	8.593000000000000000e+03	5.800000000000000000e+01	2.519398730562454602e+01	2.386512548760621044e+01	6.894438069476011011e-01	7.498044269385759630e-01	0.000000000000000000e+00	1.000000000000000000e+00	0.000000000000000000e+00
1.316280000000000000e+05	8.594000000000000000e+03	6.300000000000000000e+01	2.509057250950850815e+01	2.113673772175560472e+01	8.228753093249366879e-01	9.520776183312643637e-01	0.000000000000000000e+00	1.000000000000000000e+00	0.000000000000000000e+00
1.316280000000000000e+05	8.595000000000000000e+03	4.800000000000000000e+01	2.532289572709216685e+01	2.203542338291308411e+01	8.866665171804235523e-01	6.938799935163715293e-01	0.000000000000000000e+00	1.000000000000000000e+00	0.000000000000000000e+00
1.316280000000000000e+05	8.597000000000000000e+03	6.700000000000000000e+01	2.526053703119614369e+01	2.197774078471240244e+01	8.042797272375382667e-01	7.189483538351163494e-01	0.000000000000000000e+00	1.000000000000000000e+00	0.000000000000000000e+00
1.316280000000000000e+05	8.685000000000000000e+03	5.300000000000000000e+01	2.536338332751715896e+01	2.447039654356631999e+01	7.408717389221690652e-01	9.117913979987219975e-01	0.000000000000000000e+00	1.000000000000000000e+00	0.000000000000000000e+00
1.316280000000000000e+05	8.686000000000000000e+03	5.900000000000000000e+01	2.518442000783503332e+01	2.288977276969191976e+01	8.035695027111492417e-01	7.215329205191554074e-01	0.000000000000000000e+00	1.000000000000000000e+00	0.000000000000000000e+00
1.316280000000000000e+05	8.689000000000000000e+03	6.300000000000000000e+01	2.499699229495249853e+01	2.246194568549910642e+01	1.048514212402660517e+00	7.710543053948860637e-01	0.000000000000000000e+00	1.000000000000000000e+00	0.000000000000000000e+00
1.316280000000000000e+05	8.693000000000000000e+03	4.400000000000000000e+01	2.532872692272242432e+01	2.238144315238617921e+01	8.832771097889766665e-01	6.566934364926543255e-01	0.000000000000000000e+00	1.000000000000000000e+00	0.000000000000000000e+00
1.316280000000000000e+05	8.695000000000000000e+03	6.800000000000000000e+01	2.512825799562124018e+01	2.148768134975520283e+01	8.093103193842584586e-01	9.176031285525487746e-01	0.000000000000000000e+00	1.000000000000000000e+00	0.000000000000000000e+00
1.316280000000000000e+05	8.699000000000000000e+03	4.300000000000000000e+01	2.547252714513501815e+01	2.487828722798663961e+01	6.516408159954425461e-01	8.252844547249006402e-01	0.000000000000000000e+00	1.000000000000000000e+00	0.000000000000000000e+00
1.316280000000000000e+05	8.700000000000000000e+03	6.800000000000000000e+01	2.519713665940545866e+01	2.035737124053553160e+01	9.288124047095367430e-01	7.561386293538949754e-01	0.000000000000000000e+00	1.000000000000000000e+00	0.000000000000000000e+00
1.316280000000000000e+05	8.702000000000000000e+03	4.100000000000000000e+01	2.502692313731210305e+01	2.461389825706753243e+01	8.577611535427343004e-01	8.837063870489537676e-01	0.000000000000000000e+00	1.000000000000000000e+00	0.000000000000000000e+00
1.316280000000000000e+05	8.703000000000000000e+03	7.000000000000000000e+01	2.521966550473944579e+01	2.379894278411059005e+01	8.920660932682538125e-01	8.817120694180381468e-01	0.000000000000000000e+00	1.000000000000000000e+00	0.000000000000000000e+00
1.316280000000000000e+05	8.704000000000000000e+03	7.000000000000000000e+01	2.492481561706719262e+01	2.709959868184783716e+01	1.009159757685957892e+00	9.819731814203481735e-01	0.000000000000000000e+00	1.000000000000000000e+00	0.000000000000000000e+00
1.316280000000000000e+05	8.705000000000000000e+03	5.300000000000000000e+01	2.541496755802747742e+01	2.419645756433937933e+01	8.959735032973136226e-01	7.550187359567477330e-01	0.000000000000000000e+00	1.000000000000000000e+00	0.000000000000000000e+00
1.316280000000000000e+05	8.707000000000000000e+03	5.600000000000000000e+01	2.514920826562348211e+01	2.303151145784595499e+01	8.149376053493370131e-01	8.717891135900093236e-01	0.000000000000000000e+00	1.000000000000000000e+00	0.000000000000000000e+00
1.316280000000000000e+05	8.709000000000000000e+03	4.700000000000000000e+01	2.521484651024534429e+01	2.540548960570227521e+01	9.749564386717127773e-01	8.640411263878301495e-01	0.000000000000000000e+00	1.000000000000000000e+00	0.000000000000000000e+00
1.316280000000000000e+05	8.711000000000000000e+03	5.800000000000000000e+01	2.516162665340926097e+01	2.238318764488020918e+01	8.333409183559259414e-01	8.724838914005190738e-01	0.000000000000000000e+00	1.000000000000000000e+00	0.000000000000000000e+00
1.316280000000000000e+05	8.712000000000000000e+03	6.200000000000000000e+01	2.519725974347147712e+01	2.436862111598303215e+01	9.243920368895410800e-01	8.540092085852369896e-01	0.000000000000000000e+00	1.000000000000000000e+00	0.000000000000000000e+00
1.316280000000000000e+05	8.714000000000000000e+03	6.400000000000000000e+01	2.498156119318306168e+01	2.350117744647327811e+01	1.017576634569669514e+00	7.719661594762283752e-01	0.000000000000000000e+00	1.000000000000000000e+00	0.000000000000000000e+00
1.316280000000000000e+05	8.716000000000000000e+03	5.700000000000000000e+01	2.523162596795506829e+01	2.433344468599368682e+01	9.940377611602134733e-01	7.190085199912952252e-01	0.000000000000000000e+00	1.000000000000000000e+00	0.000000000000000000e+00
1.316280000000000000e+05	8.718000000000000000e+03	5.700000000000000000e+01	2.511228202539426491e+01	2.396427930175101295e+01	1.223815777331593191e+00	8.243155161939462738e-01	0.000000000000000000e+00	1.000000000000000000e+00	0.000000000000000000e+00
1.316280000000000000e+05	8.719000000000000000e+03	5.000000000000000000e+01	2.534755977250413750e+01	2.437951266589834631e+01	8.377725430679067165e-01	7.545688277909664565e-01	0.000000000000000000e+00	1.000000000000000000e+00	0.000000000000000000e+00
1.316280000000000000e+05	8.720000000000000000e+03	6.900000000000000000e+01	2.517068926674827978e+01	2.571903342014684668e+01	9.377565228024807853e-01	8.509414807959146954e-01	0.000000000000000000e+00	1.000000000000000000e+00	0.000000000000000000e+00
1.316280000000000000e+05	8.722000000000000000e+03	4.800000000000000000e+01	2.527725386646041272e+01	2.544755830503704885e+01	8.806999453852318860e-01	9.628397972798118376e-01	0.000000000000000000e+00	1.000000000000000000e+00	0.000000000000000000e+00
1.316280000000000000e+05	8.724000000000000000e+03	5.400000000000000000e+01	2.525409430302844171e+01	2.455997541922882377e+01	9.068118112643269724e-01	9.541657237402243474e-01	0.000000000000000000e+00	1.000000000000000000e+00	0.000000000000000000e+00
1.316280000000000000e+05	8.725000000000000000e+03	5.900000000000000000e+01	2.494851411430888533e+01	2.417166548687805161e+01	9.795167534720624625e-01	8.303582745787446706e-01	0.000000000000000000e+00	1.000000000000000000e+00	0.000000000000000000e+00
1.316280000000000000e+05	8.726000000000000000e+03	6.400000000000000000e+01	2.519547495428383854e+01	2.413971348712756892e+01	1.135378720526183827e+00	8.475235783946827306e-01	0.000000000000000000e+00	1.000000000000000000e+00	0.000000000000000000e+00
1.316280000000000000e+05	8.728000000000000000e+03	3.700000000000000000e+01	2.503454964119686110e+01	2.538473536876096404e+01	8.287327625380855878e-01	5.937812844511429766e-01	0.000000000000000000e+00	1.000000000000000000e+00	0.000000000000000000e+00
1.316280000000000000e+05	8.731000000000000000e+03	3.800000000000000000e+01	2.518009070621393164e+01	2.456492197629845009e+01	8.046645504236524804e-01	7.983969327915956260e-01	0.000000000000000000e+00	1.000000000000000000e+00	0.000000000000000000e+00
1.316280000000000000e+05	8.808000000000000000e+03	5.900000000000000000e+01	2.508048566791792666e+01	2.498799284731677872e+01	9.302215324532611129e-01	9.130471465210110438e-01	0.000000000000000000e+00	1.000000000000000000e+00	0.000000000000000000e+00
1.316280000000000000e+05	8.811000000000000000e+03	4.900000000000000000e+01	2.510051927376970937e+01	2.680325960980764677e+01	8.174896251318131135e-01	8.838766199978970173e-01	0.000000000000000000e+00	1.000000000000000000e+00	0.000000000000000000e+00
1.316280000000000000e+05	8.812000000000000000e+03	6.500000000000000000e+01	2.515890332831905241e+01	2.804048142370098162e+01	1.005280458444651970e+00	9.776496331302239051e-01	0.000000000000000000e+00	1.000000000000000000e+00	0.000000000000000000e+00
1.316280000000000000e+05	8.813000000000000000e+03	4.700000000000000000e+01	2.528483416322766431e+01	2.583409729996555981e+01	9.276574131318944261e-01	5.174162757004634461e-01	0.000000000000000000e+00	1.000000000000000000e+00	0.000000000000000000e+00
1.316280000000000000e+05	8.814000000000000000e+03	5.500000000000000000e+01	2.516081306822801622e+01	2.374752749010423614e+01	1.030770917947709364e+00	1.031539335064953322e+00	0.000000000000000000e+00	1.000000000000000000e+00	0.000000000000000000e+00
1.316280000000000000e+05	8.815000000000000000e+03	4.900000000000000000e+01	2.519120911603777202e+01	2.649359206968307134e+01	1.091967135488406626e+00	6.966590281768402226e-01	0.000000000000000000e+00	1.000000000000000000e+00	0.000000000000000000e+00
1.316280000000000000e+05	8.816000000000000000e+03	7.200000000000000000e+01	2.537494918227336171e+01	2.511376206839954861e+01	7.707765473385231880e-01	9.014276948128109312e-01	0.000000000000000000e+00	1.000000000000000000e+00	0.000000000000000000e+00
1.316280000000000000e+05	8.817000000000000000e+03	5.800000000000000000e+01	2.532286989194366100e+01	2.372507234711918045e+01	8.574034238067559377e-01	6.318406018627419352e-01	0.000000000000000000e+00	1.000000000000000000e+00	0.000000000000000000e+00
1.316280000000000000e+05	8.819000000000000000e+03	4.200000000000000000e+01	2.526817328870667012e+01	2.460163634793656229e+01	7.719955942687628525e-01	7.506895856365249919e-01	0.000000000000000000e+00	1.000000000000000000e+00	0.000000000000000000e+00
1.316280000000000000e+05	8.820000000000000000e+03	4.700000000000000000e+01	2.527042137472152206e+01	2.319088822735155020e+01	8.926812606115099857e-01	9.188116499597719367e-01	0.000000000000000000e+00	1.000000000000000000e+00	0.000000000000000000e+00
1.316280000000000000e+05	8.821000000000000000e+03	4.900000000000000000e+01	2.529009971748990182e+01	2.424515789576357960e+01	1.015405353681867240e+00	7.875777698678100291e-01	0.000000000000000000e+00	1.000000000000000000e+00	0.000000000000000000e+00
1.316280000000000000e+05	8.822000000000000000e+03	5.600000000000000000e+01	2.518046534848203422e+01	2.517615792301642941e+01	8.329555321381482136e-01	8.903893608498889556e-01	0.000000000000000000e+00	1.000000000000000000e+00	0.000000000000000000e+00
1.316280000000000000e+05	8.823000000000000000e+03	5.300000000000000000e+01	2.522964321322869452e+01	2.627312752989564615e+01	8.960826574509969111e-01	8.135795885176482223e-01	0.000000000000000000e+00	1.000000000000000000e+00	0.000000000000000000e+00
1.316280000000000000e+05	8.824000000000000000e+03	6.000000000000000000e+01	2.546764543052425367e+01	2.427803687253438625e+01	1.052651258081615193e+00	7.928617366317604054e-01	0.000000000000000000e+00	1.000000000000000000e+00	0.000000000000000000e+00
1.316280000000000000e+05	8.828000000000000000e+03	7.800000000000000000e+01	2.511315133761942775e+01	2.517428492436452103e+01	9.759433743252732274e-01	8.760021940423177167e-01	0.000000000000000000e+00	1.000000000000000000e+00	0.000000000000000000e+00
1.316280000000000000e+05	8.831000000000000000e+03	6.400000000000000000e+01	2.525367224114927112e+01	2.366369522582464313e+01	7.540524401179178327e-01	9.067681476799955842e-01	0.000000000000000000e+00	1.000000000000000000e+00	0.000000000000000000e+00
1.316290000000000000e+05	8.579000000000000000e+03	4.200000000000000000e+01	2.333241727769941676e+01	2.470387394811095305e+01	6.761344664828440321e-01	7.751137943110754103e-01	0.000000000000000000e+00	1.000000000000000000e+00	0.000000000000000000e+00
1.316290000000000000e+05	8.704000000000000000e+03	4.800000000000000000e+01	2.329386669803684384e+01	2.707447745174780351e+01	7.234499460931489434e-01	8.063348445857935198e-01	0.000000000000000000e+00	1.000000000000000000e+00	0.000000000000000000e+00
1.316290000000000000e+05	8.711000000000000000e+03	5.400000000000000000e+01	2.328144042366662703e+01	2.229292660813640836e+01	6.598548261244820967e-01	8.075273229152754029e-01	0.000000000000000000e+00	1.000000000000000000e+00	0.000000000000000000e+00
1.316290000000000000e+05	8.720000000000000000e+03	4.000000000000000000e+01	2.302025866749171001e+01	2.567142239976302776e+01	9.257738666422913321e-01	6.625420026125730111e-01	0.000000000000000000e+00	1.000000000000000000e+00	0.000000000000000000e+00
1.316290000000000000e+05	8.722000000000000000e+03	4.700000000000000000e+01	2.339322642673294439e+01	2.517520378356527644e+01	7.060886289052146214e-01	9.259384899357584464e-01	0.000000000000000000e+00	1.000000000000000000e+00	0.000000000000000000e+00
1.316290000000000000e+05	8.724000000000000000e+03	5.800000000000000000e+01	2.341868847778116347e+01	2.521093438342293780e+01	9.466650630528786747e-01	8.541533946573064418e-01	0.000000000000000000e+00	1.000000000000000000e+00	0.000000000000000000e+00
1.316290000000000000e+05	8.725000000000000000e+03	5.900000000000000000e+01	2.341133834799571645e+01	2.410783601508336105e+01	6.370058388699867402e-01	7.530886222774243466e-01	0.000000000000000000e+00	1.000000000000000000e+00	0.000000000000000000e+00
1.316290000000000000e+05	8.727000000000000000e+03	3.500000000000000000e+01	2.332580414209463271e+01	2.747959808434383433e+01	6.439190377753521988e-01	6.882910239731883095e-01	0.000000000000000000e+00	1.000000000000000000e+00	0.000000000000000000e+00
1.316290000000000000e+05	8.814000000000000000e+03	5.300000000000000000e+01	2.341245900456532425e+01	2.386974028410626048e+01	7.689256350021981268e-01	8.168604475284280131e-01	0.000000000000000000e+00	1.000000000000000000e+00	0.000000000000000000e+00
1.316290000000000000e+05	8.816000000000000000e+03	5.100000000000000000e+01	2.337640177146892384e+01	2.544814327550893651e+01	7.462197154447558489e-01	7.801462042458565671e-01	0.000000000000000000e+00	1.000000000000000000e+00	0.000000000000000000e+00
1.316290000000000000e+05	8.817000000000000000e+03	5.300000000000000000e+01	2.348142166971896216e+01	2.371378089688304058e+01	6.672642644633249853e-01	7.252922470946930877e-01	0.000000000000000000e+00	1.000000000000000000e+00	0.000000000000000000e+00
1.316290000000000000e+05	8.823000000000000000e+03	5.700000000000000000e+01	2.337224479236014218e+01	2.629507511696492372e+01	7.029189156584529918e-01	7.423814934052451742e-01	0.000000000000000000e+00	1.000000000000000000e+00	0.000000000000000000e+00
1.316290000000000000e+05	8.824000000000000000e+03	4.300000000000000000e+01	2.332829328474377562e+01	2.441624041144377699e+01	6.013853288480940362e-01	7.659294889044269139e-01	0.000000000000000000e+00	1.000000000000000000e+00	0.000000000000000000e+00
1.316300000000000000e+05	8.576000000000000000e+03	7.900000000000000000e+01	2.348676807043292314e+01	2.227952943979388323e+01	8.965269445779270319e-01	8.292584071705091375e-01	0.000000000000000000e+00	1.000000000000000000e+00	0.000000000000000000e+00
1.316300000000000000e+05	8.577000000000000000e+03	5.900000000000000000e+01	2.356043603066608583e+01	2.372111895176191609e+01	8.914373711575033221e-01	1.035638100136129003e+00	0.000000000000000000e+00	1.000000000000000000e+00	0.000000000000000000e+00
1.316300000000000000e+05	8.579000000000000000e+03	5.300000000000000000e+01	2.339356790731840263e+01	2.481351498450678150e+01	5.989447811392705212e-01	9.178374382880177818e-01	0.000000000000000000e+00	1.000000000000000000e+00	0.000000000000000000e+00
1.316300000000000000e+05	8.583000000000000000e+03	6.200000000000000000e+01	2.358593021294877090e+01	2.414117799822535204e+01	6.924768068590190229e-01	1.092450506654692566e+00	0.000000000000000000e+00	1.000000000000000000e+00	0.000000000000000000e+00
1.316300000000000000e+05	8.586000000000000000e+03	4.700000000000000000e+01	2.355171780671944504e+01	2.411516535812743101e+01	1.004627315122675224e+00	7.563727419799517460e-01	0.000000000000000000e+00	1.000000000000000000e+00	0.000000000000000000e+00
1.316300000000000000e+05	8.597000000000000000e+03	5.900000000000000000e+01	2.375262902575899560e+01	2.198508573342562400e+01	7.562176004752831915e-01	6.863180308142355912e-01	0.000000000000000000e+00	1.000000000000000000e+00	0.000000000000000000e+00
1.316300000000000000e+05	8.680000000000000000e+03	7.400000000000000000e+01	2.349604051930789339e+01	2.128129624453264057e+01	1.053250471751510986e+00	7.360489853614545774e-01	0.000000000000000000e+00	1.000000000000000000e+00	0.000000000000000000e+00
1.316300000000000000e+05	8.681000000000000000e+03	5.500000000000000000e+01	2.356321912833881882e+01	2.445235608565314678e+01	6.308905332724826787e-01	8.090244533772035229e-01	0.000000000000000000e+00	1.000000000000000000e+00	0.000000000000000000e+00
1.316300000000000000e+05	8.685000000000000000e+03	5.200000000000000000e+01	2.343316545647202176e+01	2.450218659859417158e+01	6.927958018315099054e-01	8.453944171743912328e-01	0.000000000000000000e+00	1.000000000000000000e+00	0.000000000000000000e+00
1.316300000000000000e+05	8.686000000000000000e+03	6.500000000000000000e+01	2.362161848832330691e+01	2.287067524365600946e+01	1.090253152703833051e+00	6.712328358655922367e-01	0.000000000000000000e+00	1.000000000000000000e+00	0.000000000000000000e+00
1.316300000000000000e+05	8.689000000000000000e+03	6.100000000000000000e+01	2.345970146028437853e+01	2.249542519443328459e+01	5.719607365366410345e-01	8.777800090319661797e-01	0.000000000000000000e+00	1.000000000000000000e+00	0.000000000000000000e+00
1.316300000000000000e+05	8.695000000000000000e+03	5.900000000000000000e+01	2.365908183885272464e+01	2.168375505013585780e+01	7.233021098878672506e-01	8.784630740955348127e-01	0.000000000000000000e+00	1.000000000000000000e+00	0.000000000000000000e+00
1.316300000000000000e+05	8.703000000000000000e+03	7.400000000000000000e+01	2.325005798108745481e+01	2.375802099952607449e+01	9.022038437538819622e-01	1.145675956721569966e+00	0.000000000000000000e+00	1.000000000000000000e+00	0.000000000000000000e+00
1.316300000000000000e+05	8.704000000000000000e+03	5.700000000000000000e+01	2.343143601162418221e+01	2.716911545676697770e+01	8.213221689312760754e-01	8.927162044870667890e-01	0.000000000000000000e+00	1.000000000000000000e+00	0.000000000000000000e+00
1.316300000000000000e+05	8.705000000000000000e+03	5.500000000000000000e+01	2.356166507754984352e+01	2.419523002010354062e+01	7.566252157221494690e-01	9.749345986548176857e-01	0.000000000000000000e+00	1.000000000000000000e+00	0.000000000000000000e+00
1.316300000000000000e+05	8.711000000000000000e+03	5.600000000000000000e+01	2.356059620740290583e+01	2.266058377774607990e+01	7.050887641635341652e-01	6.301883669120708076e-01	0.000000000000000000e+00	1.000000000000000000e+00	0.000000000000000000e+00
1.316300000000000000e+05	8.718000000000000000e+03	5.000000000000000000e+01	2.364687680854175511e+01	2.402842914798146268e+01	6.329048363154622381e-01	8.960842965246066383e-01	0.000000000000000000e+00	1.000000000000000000e+00	0.000000000000000000e+00
1.316300000000000000e+05	8.719000000000000000e+03	4.800000000000000000e+01	2.335337166578126045e+01	2.435957777806299518e+01	6.588968796308407594e-01	7.886199839173951842e-01	0.000000000000000000e+00	1.000000000000000000e+00	0.000000000000000000e+00
1.316300000000000000e+05	8.720000000000000000e+03	6.300000000000000000e+01	2.339183134123595309e+01	2.582608103723848814e+01	7.788222125627246584e-01	8.897233153367893888e-01	0.000000000000000000e+00	1.000000000000000000e+00	0.000000000000000000e+00
1.316300000000000000e+05	8.721000000000000000e+03	4.800000000000000000e+01	2.359445838284651842e+01	2.535782179412377246e+01	9.313788573033459084e-01	9.025301782657061400e-01	0.000000000000000000e+00	1.000000000000000000e+00	0.000000000000000000e+00
1.316300000000000000e+05	8.722000000000000000e+03	5.500000000000000000e+01	2.349880648780153791e+01	2.559943070784563091e+01	8.351893369743484952e-01	6.388610273066954726e-01	0.000000000000000000e+00	1.000000000000000000e+00	0.000000000000000000e+00
1.316300000000000000e+05	8.724000000000000000e+03	6.100000000000000000e+01	2.357253393600465685e+01	2.507021198306375709e+01	1.027349865418511587e+00	7.187822440005268154e-01	0.000000000000000000e+00	1.000000000000000000e+00	0.000000000000000000e+00
1.316300000000000000e+05	8.725000000000000000e+03	6.500000000000000000e+01	2.353725188641810817e+01	2.416196301797554469e+01	8.312654314845048242e-01	5.869778142143744493e-01	0.000000000000000000e+00	1.000000000000000000e+00	0.000000000000000000e+00
1.316300000000000000e+05	8.779000000000000000e+03	4.300000000000000000e+01	2.355509636644478988e+01	2.677175301187114087e+01	6.809183923414614537e-01	8.236919066613569429e-01	0.000000000000000000e+00	1.000000000000000000e+00	0.000000000000000000e+00
1.316300000000000000e+05	8.808000000000000000e+03	4.800000000000000000e+01	2.346510301709464130e+01	2.490988004239577691e+01	9.329669220461369594e-01	6.910270112537306719e-01	0.000000000000000000e+00	1.000000000000000000e+00	0.000000000000000000e+00
1.316300000000000000e+05	8.812000000000000000e+03	5.100000000000000000e+01	2.352713381627812694e+01	2.815777615413611557e+01	1.034964763146897893e+00	8.588581099444890787e-01	0.000000000000000000e+00	1.000000000000000000e+00	0.000000000000000000e+00
1.316300000000000000e+05	8.814000000000000000e+03	6.900000000000000000e+01	2.350153350713427614e+01	2.365342012573584185e+01	7.793452117000920776e-01	8.751450884847812306e-01	0.000000000000000000e+00	1.000000000000000000e+00	0.000000000000000000e+00
1.316300000000000000e+05	8.815000000000000000e+03	4.200000000000000000e+01	2.346323504503958901e+01	2.595322602684844782e+01	9.150036955911136083e-01	9.564040336126814479e-01	0.000000000000000000e+00	1.000000000000000000e+00	0.000000000000000000e+00
1.316300000000000000e+05	8.817000000000000000e+03	6.200000000000000000e+01	2.344503882951268636e+01	2.367536027358034190e+01	7.962520883979937736e-01	6.710337408359066114e-01	0.000000000000000000e+00	1.000000000000000000e+00	0.000000000000000000e+00
1.316300000000000000e+05	8.822000000000000000e+03	5.100000000000000000e+01	2.359077737892328841e+01	2.509922578465739562e+01	6.858326362507446428e-01	6.657693189034085135e-01	0.000000000000000000e+00	1.000000000000000000e+00	0.000000000000000000e+00
1.316300000000000000e+05	8.823000000000000000e+03	7.000000000000000000e+01	2.344945359002122132e+01	2.616722293282253631e+01	7.887656831671284730e-01	8.256880431587387825e-01	0.000000000000000000e+00	1.000000000000000000e+00	0.000000000000000000e+00
1.316300000000000000e+05	8.824000000000000000e+03	5.200000000000000000e+01	2.353271946778662382e+01	2.417755855203839133e+01	8.803328044232556771e-01	8.593922154002729963e-01	0.000000000000000000e+00	1.000000000000000000e+00	0.000000000000000000e+00
1.316300000000000000e+05	8.828000000000000000e+03	5.400000000000000000e+01	2.351044662715331057e+01	2.518068370909116638e+01	7.580920497764651600e-01	9.229065122175286184e-01	0.000000000000000000e+00	1.000000000000000000e+00	0.000000000000000000e+00
1.316300000000000000e+05	8.831000000000000000e+03	7.100000000000000000e+01	2.350956378304110928e+01	2.383341277639648581e+01	7.263836775936958201e-01	6.895372321672497140e-01	0.000000000000000000e+00	1.000000000000000000e+00	0.000000000000000000e+00
1.316310000000000000e+05	8.576000000000000000e+03	6.500000000000000000e+01	2.503522258400306555e+01	2.220325137105722035e+01	9.089972856375977406e-01	9.091665465737529539e-01	0.000000000000000000e+00	1.000000000000000000e+00	0.000000000000000000e+00
1.316310000000000000e+05	8.577000000000000000e+03	4.000000000000000000e+01	2.497921918379428163e+01	2.405185769544234020e+01	6.300241238332668914e-01	8.737984684622054354e-01	0.000000000000000000e+00	1.000000000000000000e+00	0.000000000000000000e+00
1.316310000000000000e+05	8.579000000000000000e+03	5.000000000000000000e+01	2.500776475556769540e+01	2.498344058431594661e+01	7.613746634707214689e-01	6.516005010209764414e-01	0.000000000000000000e+00	1.000000000000000000e+00	0.000000000000000000e+00
1.316310000000000000e+05	8.583000000000000000e+03	5.400000000000000000e+01	2.461942676493858784e+01	2.438487704162255909e+01	9.717996673157404119e-01	1.171743642261206197e+00	0.000000000000000000e+00	1.000000000000000000e+00	0.000000000000000000e+00
1.316310000000000000e+05	8.686000000000000000e+03	4.900000000000000000e+01	2.506996000409036185e+01	2.281183109340553372e+01	7.361884557677634833e-01	9.659174143961053449e-01	0.000000000000000000e+00	1.000000000000000000e+00	0.000000000000000000e+00
1.316310000000000000e+05	8.688000000000000000e+03	5.400000000000000000e+01	2.498962050599964613e+01	2.232911585605188876e+01	9.623047811129236129e-01	9.172108542031383038e-01	0.000000000000000000e+00	1.000000000000000000e+00	0.000000000000000000e+00
1.316310000000000000e+05	8.695000000000000000e+03	5.500000000000000000e+01	2.507585694037273782e+01	2.158229223465035673e+01	7.429270278037254371e-01	9.456659120451783584e-01	0.000000000000000000e+00	1.000000000000000000e+00	0.000000000000000000e+00
1.316310000000000000e+05	8.704000000000000000e+03	5.600000000000000000e+01	2.492527479477852381e+01	2.706029862134087338e+01	8.934815440801673336e-01	1.134817764831482556e+00	0.000000000000000000e+00	1.000000000000000000e+00	0.000000000000000000e+00
1.316310000000000000e+05	8.707000000000000000e+03	4.800000000000000000e+01	2.491690376586458910e+01	2.317763541274918992e+01	7.692077022829989508e-01	7.861026174176473091e-01	0.000000000000000000e+00	1.000000000000000000e+00	0.000000000000000000e+00
1.316310000000000000e+05	8.711000000000000000e+03	4.200000000000000000e+01	2.499788412730103815e+01	2.241827473328658726e+01	7.256596863958665322e-01	6.360331653556853260e-01	0.000000000000000000e+00	1.000000000000000000e+00	0.000000000000000000e+00
1.316310000000000000e+05	8.718000000000000000e+03	4.900000000000000000e+01	2.452755119155866126e+01	2.382800869148329781e+01	7.184842201776406867e-01	7.064653075878958299e-01	0.000000000000000000e+00	1.000000000000000000e+00	0.000000000000000000e+00
1.316310000000000000e+05	8.720000000000000000e+03	3.800000000000000000e+01	2.520557189785960617e+01	2.570035772006432850e+01	7.541158019737970175e-01	7.093580657824687385e-01	0.000000000000000000e+00	1.000000000000000000e+00	0.000000000000000000e+00
1.316310000000000000e+05	8.722000000000000000e+03	5.100000000000000000e+01	2.498376043055062823e+01	2.530458839443121377e+01	5.880656447834445855e-01	7.598207504200900075e-01	0.000000000000000000e+00	1.000000000000000000e+00	0.000000000000000000e+00
1.316310000000000000e+05	8.724000000000000000e+03	5.700000000000000000e+01	2.491429840202635404e+01	2.492573513498286530e+01	8.982377238264016572e-01	9.790431809359969595e-01	0.000000000000000000e+00	1.000000000000000000e+00	0.000000000000000000e+00
1.316310000000000000e+05	8.725000000000000000e+03	4.300000000000000000e+01	2.504298275610285174e+01	2.417559092878347116e+01	6.346484090349325813e-01	8.063797544799334860e-01	0.000000000000000000e+00	1.000000000000000000e+00	0.000000000000000000e+00
1.316310000000000000e+05	8.808000000000000000e+03	4.000000000000000000e+01	2.492957045642850744e+01	2.534869019459318906e+01	8.464869532182192069e-01	7.058959715130969093e-01	0.000000000000000000e+00	1.000000000000000000e+00	0.000000000000000000e+00
1.316310000000000000e+05	8.812000000000000000e+03	4.800000000000000000e+01	2.498263172760013262e+01	2.817032790543831666e+01	8.872516639283082318e-01	8.672575401754105684e-01	0.000000000000000000e+00	1.000000000000000000e+00	0.000000000000000000e+00
1.316310000000000000e+05	8.814000000000000000e+03	4.400000000000000000e+01	2.491427495735922193e+01	2.402412457981761662e+01	7.257224717273080827e-01	7.392712181012073280e-01	0.000000000000000000e+00	1.000000000000000000e+00	0.000000000000000000e+00
1.316310000000000000e+05	8.815000000000000000e+03	3.800000000000000000e+01	2.518064116890646176e+01	2.585277910906436816e+01	7.267143384593582889e-01	8.154649447362015691e-01	0.000000000000000000e+00	1.000000000000000000e+00	0.000000000000000000e+00
1.316310000000000000e+05	8.816000000000000000e+03	5.100000000000000000e+01	2.500017143323579916e+01	2.525510161187652258e+01	7.252455170482813296e-01	1.042627278284267600e+00	0.000000000000000000e+00	1.000000000000000000e+00	0.000000000000000000e+00
1.316310000000000000e+05	8.817000000000000000e+03	4.700000000000000000e+01	2.481691666953042130e+01	2.356719893283144174e+01	9.811528377357189301e-01	6.644034975635664253e-01	0.000000000000000000e+00	1.000000000000000000e+00	0.000000000000000000e+00
1.316310000000000000e+05	8.820000000000000000e+03	5.300000000000000000e+01	2.495053199455868409e+01	2.338574068752767943e+01	9.395204572724977776e-01	9.467748323740707850e-01	0.000000000000000000e+00	1.000000000000000000e+00	0.000000000000000000e+00
1.316310000000000000e+05	8.822000000000000000e+03	5.700000000000000000e+01	2.504137747380437062e+01	2.511415451984367664e+01	7.317185466541477057e-01	1.025843942682223009e+00	0.000000000000000000e+00	1.000000000000000000e+00	0.000000000000000000e+00
1.316310000000000000e+05	8.823000000000000000e+03	5.400000000000000000e+01	2.479338155039211955e+01	2.637670547379520514e+01	1.115631890115351244e+00	7.501983062170571870e-01	0.000000000000000000e+00	1.000000000000000000e+00	0.000000000000000000e+00
1.316310000000000000e+05	8.828000000000000000e+03	5.400000000000000000e+01	2.495741712198683615e+01	2.506926945786387151e+01	6.867292678743885936e-01	7.341333163621057700e-01	0.000000000000000000e+00	1.000000000000000000e+00	0.000000000000000000e+00
1.316310000000000000e+05	8.831000000000000000e+03	5.100000000000000000e+01	2.487477913628645609e+01	2.381425468067920193e+01	6.516680976306680195e-01	5.663774269491950175e-01	0.000000000000000000e+00	1.000000000000000000e+00	0.000000000000000000e+00
1.316320000000000000e+05	8.579000000000000000e+03	6.500000000000000000e+01	1.942684435788025965e+01	2.500242637780144506e+01	6.749389659226248117e-01	9.144048556224213531e-01	0.000000000000000000e+00	1.000000000000000000e+00	0.000000000000000000e+00
1.316320000000000000e+05	8.812000000000000000e+03	6.400000000000000000e+01	1.916734705077259093e+01	2.804636129634401698e+01	7.782239856373094344e-01	9.356537356260135052e-01	0.000000000000000000e+00	1.000000000000000000e+00	0.000000000000000000e+00
1.316320000000000000e+05	8.823000000000000000e+03	5.000000000000000000e+01	1.925711745092406346e+01	2.621042490236628808e+01	7.868249795537002322e-01	6.786436271279104870e-01	0.000000000000000000e+00	1.000000000000000000e+00	0.000000000000000000e+00
1.316330000000000000e+05	8.578000000000000000e+03	5.300000000000000000e+01	2.359432427655240616e+01	2.211494417434443349e+01	8.546605693695836781e-01	7.382250795388205500e-01	0.000000000000000000e+00	1.000000000000000000e+00	0.000000000000000000e+00
1.316330000000000000e+05	8.579000000000000000e+03	7.400000000000000000e+01	2.367763529536150457e+01	2.498843260484560957e+01	7.966382221249259654e-01	7.714321500409949683e-01	0.000000000000000000e+00	1.000000000000000000e+00	0.000000000000000000e+00
1.316330000000000000e+05	8.583000000000000000e+03	3.800000000000000000e+01	2.376657206483103479e+01	2.433642669940845593e+01	5.728406048546169638e-01	8.385808013578166520e-01	0.000000000000000000e+00	1.000000000000000000e+00	0.000000000000000000e+00
1.316330000000000000e+05	8.597000000000000000e+03	6.000000000000000000e+01	2.366270547693376258e+01	2.217887342594147526e+01	9.350687868549093507e-01	9.094068270758833838e-01	0.000000000000000000e+00	1.000000000000000000e+00	0.000000000000000000e+00
1.316330000000000000e+05	8.685000000000000000e+03	4.700000000000000000e+01	2.386339507763380752e+01	2.445103697654904096e+01	6.307504911935822856e-01	7.998194298821197368e-01	0.000000000000000000e+00	1.000000000000000000e+00	0.000000000000000000e+00
1.316330000000000000e+05	8.686000000000000000e+03	5.700000000000000000e+01	2.376091693110215530e+01	2.287556090467719017e+01	9.595739904254265706e-01	1.056851126313047562e+00	0.000000000000000000e+00	1.000000000000000000e+00	0.000000000000000000e+00
1.316330000000000000e+05	8.688000000000000000e+03	5.900000000000000000e+01	2.362499111173606892e+01	2.235970226995250698e+01	8.513404152764241228e-01	8.878362306108987800e-01	0.000000000000000000e+00	1.000000000000000000e+00	0.000000000000000000e+00
1.316330000000000000e+05	8.689000000000000000e+03	5.900000000000000000e+01	2.347013395586798623e+01	2.243161030052382898e+01	6.009329614208488435e-01	9.136481158996504481e-01	0.000000000000000000e+00	1.000000000000000000e+00	0.000000000000000000e+00
1.316330000000000000e+05	8.695000000000000000e+03	5.900000000000000000e+01	2.382540340126973533e+01	2.134132088561097262e+01	7.756303716528454295e-01	7.616028082858006254e-01	0.000000000000000000e+00	1.000000000000000000e+00	0.000000000000000000e+00
1.316330000000000000e+05	8.700000000000000000e+03	7.000000000000000000e+01	2.357799091462551289e+01	2.051195839828788081e+01	8.199255684645496700e-01	8.466354817571360991e-01	0.000000000000000000e+00	1.000000000000000000e+00	0.000000000000000000e+00
1.316330000000000000e+05	8.703000000000000000e+03	6.300000000000000000e+01	2.384648987151824429e+01	2.376273358296687732e+01	8.889094564720119163e-01	7.239179560880203423e-01	0.000000000000000000e+00	1.000000000000000000e+00	0.000000000000000000e+00
1.316330000000000000e+05	8.704000000000000000e+03	6.400000000000000000e+01	2.365552887372417956e+01	2.681386371596920881e+01	8.837352710062920114e-01	8.395231816040563677e-01	0.000000000000000000e+00	1.000000000000000000e+00	0.000000000000000000e+00
1.316330000000000000e+05	8.707000000000000000e+03	6.100000000000000000e+01	2.347778953307670591e+01	2.319698796907550786e+01	1.019064033896785348e+00	8.677047546607858930e-01	0.000000000000000000e+00	1.000000000000000000e+00	0.000000000000000000e+00
1.316330000000000000e+05	8.718000000000000000e+03	6.600000000000000000e+01	2.371566161660001271e+01	2.408667930150476977e+01	7.549019681589701491e-01	9.924893818382167776e-01	0.000000000000000000e+00	1.000000000000000000e+00	0.000000000000000000e+00
1.316330000000000000e+05	8.720000000000000000e+03	4.800000000000000000e+01	2.369310304032646286e+01	2.576314576497691178e+01	6.346872248637135394e-01	6.382864701238158966e-01	0.000000000000000000e+00	1.000000000000000000e+00	0.000000000000000000e+00
1.316330000000000000e+05	8.721000000000000000e+03	5.500000000000000000e+01	2.365966977383283520e+01	2.554393165677971567e+01	8.931629777635197165e-01	6.177643205681957461e-01	0.000000000000000000e+00	1.000000000000000000e+00	0.000000000000000000e+00
1.316330000000000000e+05	8.722000000000000000e+03	5.500000000000000000e+01	2.357182914694119802e+01	2.529951940625095830e+01	6.694125218245667863e-01	7.954581907370834593e-01	0.000000000000000000e+00	1.000000000000000000e+00	0.000000000000000000e+00
1.316330000000000000e+05	8.723000000000000000e+03	4.500000000000000000e+01	2.352555461624142907e+01	2.531408466370981714e+01	8.398691886453401034e-01	7.800444412522731241e-01	0.000000000000000000e+00	1.000000000000000000e+00	0.000000000000000000e+00
1.316330000000000000e+05	8.724000000000000000e+03	6.700000000000000000e+01	2.352993340037227199e+01	2.516244986773874714e+01	8.160280174206687720e-01	1.099204306132492315e+00	0.000000000000000000e+00	1.000000000000000000e+00	0.000000000000000000e+00
1.316330000000000000e+05	8.725000000000000000e+03	5.700000000000000000e+01	2.362633588616164459e+01	2.427869546873360207e+01	9.212149454299687346e-01	7.536681597717634906e-01	0.000000000000000000e+00	1.000000000000000000e+00	0.000000000000000000e+00
1.316330000000000000e+05	8.726000000000000000e+03	5.900000000000000000e+01	2.362532810614545298e+01	2.423856494820279295e+01	9.589305802940140122e-01	8.505048617440705838e-01	0.000000000000000000e+00	1.000000000000000000e+00	0.000000000000000000e+00
1.316330000000000000e+05	8.727000000000000000e+03	4.100000000000000000e+01	2.365595778421973705e+01	2.706038787609990948e+01	8.417696660375401096e-01	7.460927785377569066e-01	0.000000000000000000e+00	1.000000000000000000e+00	0.000000000000000000e+00
1.316330000000000000e+05	8.810000000000000000e+03	5.400000000000000000e+01	2.380406195334017383e+01	2.736037454352487686e+01	8.389176299396652325e-01	9.485632281802844901e-01	0.000000000000000000e+00	1.000000000000000000e+00	0.000000000000000000e+00
1.316330000000000000e+05	8.812000000000000000e+03	6.300000000000000000e+01	2.356073108197920618e+01	2.798407914817957121e+01	9.058437213816837863e-01	9.904935673546099162e-01	0.000000000000000000e+00	1.000000000000000000e+00	0.000000000000000000e+00
1.316330000000000000e+05	8.813000000000000000e+03	4.600000000000000000e+01	2.356658515695410117e+01	2.625587755376862731e+01	7.704169890194176862e-01	7.816919791023630992e-01	0.000000000000000000e+00	1.000000000000000000e+00	0.000000000000000000e+00
1.316330000000000000e+05	8.814000000000000000e+03	7.200000000000000000e+01	2.364153087772131911e+01	2.394829067596804961e+01	9.003217385084163471e-01	7.750772697118138987e-01	0.000000000000000000e+00	1.000000000000000000e+00	0.000000000000000000e+00
1.316330000000000000e+05	8.816000000000000000e+03	4.900000000000000000e+01	2.369116094822499718e+01	2.529051882393530093e+01	7.574047885508595757e-01	8.131612034021981072e-01	0.000000000000000000e+00	1.000000000000000000e+00	0.000000000000000000e+00
1.316330000000000000e+05	8.817000000000000000e+03	6.100000000000000000e+01	2.380349417558612757e+01	2.381393567306391645e+01	6.295744905014530879e-01	6.999735400700511923e-01	0.000000000000000000e+00	1.000000000000000000e+00	0.000000000000000000e+00
1.316330000000000000e+05	8.819000000000000000e+03	5.400000000000000000e+01	2.356175615753936015e+01	2.471997712830765792e+01	6.869823148979492533e-01	8.659699128335358598e-01	0.000000000000000000e+00	1.000000000000000000e+00	0.000000000000000000e+00
1.316330000000000000e+05	8.821000000000000000e+03	4.400000000000000000e+01	2.357314294361006191e+01	2.411187555780889014e+01	8.104387797557078832e-01	8.530136158697694260e-01	0.000000000000000000e+00	1.000000000000000000e+00	0.000000000000000000e+00
1.316330000000000000e+05	8.823000000000000000e+03	6.100000000000000000e+01	2.352453354447676759e+01	2.635672572813058778e+01	6.659553379679408192e-01	8.167193375179491177e-01	0.000000000000000000e+00	1.000000000000000000e+00	0.000000000000000000e+00
1.316330000000000000e+05	8.824000000000000000e+03	5.900000000000000000e+01	2.363541021369407602e+01	2.427507677302155642e+01	9.768978599298470122e-01	8.492545072394587224e-01	0.000000000000000000e+00	1.000000000000000000e+00	0.000000000000000000e+00
1.316330000000000000e+05	8.828000000000000000e+03	5.700000000000000000e+01	2.348206346019056667e+01	2.490863479558207416e+01	8.478756788195007665e-01	8.953668532331067187e-01	0.000000000000000000e+00	1.000000000000000000e+00	0.000000000000000000e+00
1.316330000000000000e+05	8.829000000000000000e+03	4.900000000000000000e+01	2.355043448655922234e+01	2.532036635373683353e+01	9.727585489988141987e-01	6.340149721920599335e-01	0.000000000000000000e+00	1.000000000000000000e+00	0.000000000000000000e+00
1.316360000000000000e+05	8.720000000000000000e+03	5.900000000000000000e+01	2.001065210786104132e+01	2.564092528084737310e+01	7.457875769570653235e-01	6.958060085587143284e-01	0.000000000000000000e+00	1.000000000000000000e+00	0.000000000000000000e+00
1.316360000000000000e+05	8.823000000000000000e+03	6.200000000000000000e+01	1.991309601941205543e+01	2.613590444188524842e+01	7.473740066456050490e-01	8.933940294560462902e-01	0.000000000000000000e+00	1.000000000000000000e+00	0.000000000000000000e+00
1.316370000000000000e+05	8.576000000000000000e+03	4.500000000000000000e+01	2.656836695457269926e+01	2.249324325851616635e+01	6.134802829335009866e-01	6.632952995416289133e-01	0.000000000000000000e+00	1.000000000000000000e+00	0.000000000000000000e+00
1.316370000000000000e+05	8.579000000000000000e+03	4.500000000000000000e+01	2.649448343682238161e+01	2.488346875038896755e+01	6.647940982406091992e-01	9.029306077444338996e-01	0.000000000000000000e+00	1.000000000000000000e+00	0.000000000000000000e+00
1.316370000000000000e+05	8.583000000000000000e+03	5.000000000000000000e+01	2.650105199806613854e+01	2.454329227407325575e+01	6.901866106527498879e-01	1.101116891895201899e+00	0.000000000000000000e+00	1.000000000000000000e+00	0.000000000000000000e+00
1.316370000000000000e+05	8.686000000000000000e+03	4.700000000000000000e+01	2.663829690055718302e+01	2.290585794415902754e+01	7.062241022477476760e-01	8.295407772367889843e-01	0.000000000000000000e+00	1.000000000000000000e+00	0.000000000000000000e+00
1.316370000000000000e+05	8.689000000000000000e+03	5.100000000000000000e+01	2.665062506023515709e+01	2.264967034549461289e+01	5.375629605220206830e-01	8.485408107581412507e-01	0.000000000000000000e+00	1.000000000000000000e+00	0.000000000000000000e+00
1.316370000000000000e+05	8.695000000000000000e+03	4.500000000000000000e+01	2.628366534569200041e+01	2.179644507822175825e+01	7.655048599144017585e-01	8.423385599745606411e-01	0.000000000000000000e+00	1.000000000000000000e+00	0.000000000000000000e+00
1.316370000000000000e+05	8.703000000000000000e+03	4.200000000000000000e+01	2.648846539571304604e+01	2.400740523193976728e+01	6.687178067290520111e-01	9.599775663009140203e-01	0.000000000000000000e+00	1.000000000000000000e+00	0.000000000000000000e+00
1.316370000000000000e+05	8.704000000000000000e+03	4.400000000000000000e+01	2.635725131922030329e+01	2.712626123924940558e+01	1.028275411535547246e+00	8.933560944225166223e-01	0.000000000000000000e+00	1.000000000000000000e+00	0.000000000000000000e+00
1.316370000000000000e+05	8.709000000000000000e+03	3.600000000000000000e+01	2.648881464359136118e+01	2.573376394735562656e+01	6.760030180375415920e-01	8.890029763442360844e-01	0.000000000000000000e+00	1.000000000000000000e+00	0.000000000000000000e+00
1.316370000000000000e+05	8.718000000000000000e+03	5.400000000000000000e+01	2.636088370925379110e+01	2.396098160522382869e+01	9.112235984109592346e-01	7.791996663249660671e-01	0.000000000000000000e+00	1.000000000000000000e+00	0.000000000000000000e+00
1.316370000000000000e+05	8.719000000000000000e+03	3.600000000000000000e+01	2.661877445017430333e+01	2.443207101548979665e+01	6.324414152615415174e-01	6.087062688498883212e-01	0.000000000000000000e+00	1.000000000000000000e+00	0.000000000000000000e+00
1.316370000000000000e+05	8.720000000000000000e+03	4.400000000000000000e+01	2.636870126280211579e+01	2.588141161768585263e+01	8.093308330416849605e-01	7.854523598406577545e-01	0.000000000000000000e+00	1.000000000000000000e+00	0.000000000000000000e+00
1.316370000000000000e+05	8.722000000000000000e+03	5.900000000000000000e+01	2.640412255296707755e+01	2.519205827171716905e+01	9.041011654687580723e-01	7.966382514937486725e-01	0.000000000000000000e+00	1.000000000000000000e+00	0.000000000000000000e+00
1.316370000000000000e+05	8.724000000000000000e+03	3.900000000000000000e+01	2.652872394202682571e+01	2.489924219919759807e+01	6.727833415684685292e-01	9.440478511938894535e-01	0.000000000000000000e+00	1.000000000000000000e+00	0.000000000000000000e+00
1.316370000000000000e+05	8.727000000000000000e+03	3.300000000000000000e+01	2.635488960220735066e+01	2.708553650644686783e+01	6.617327623891647859e-01	7.246296148191877506e-01	0.000000000000000000e+00	1.000000000000000000e+00	0.000000000000000000e+00
1.316370000000000000e+05	8.815000000000000000e+03	3.500000000000000000e+01	2.655616953408975078e+01	2.646090576751980805e+01	8.010840073275370399e-01	6.506289283726301997e-01	0.000000000000000000e+00	1.000000000000000000e+00	0.000000000000000000e+00
1.316370000000000000e+05	8.816000000000000000e+03	5.600000000000000000e+01	2.638735662076665989e+01	2.535864252198656743e+01	7.657845509991726418e-01	8.756339868121981729e-01	0.000000000000000000e+00	1.000000000000000000e+00	0.000000000000000000e+00
1.316370000000000000e+05	8.817000000000000000e+03	4.900000000000000000e+01	2.649177892260306777e+01	2.391329868193471242e+01	9.374139005223312004e-01	8.693910984553815391e-01	0.000000000000000000e+00	1.000000000000000000e+00	0.000000000000000000e+00
1.316370000000000000e+05	8.821000000000000000e+03	3.300000000000000000e+01	2.647434577058669802e+01	2.419912282752731514e+01	7.119393029481847490e-01	8.201972838096025509e-01	0.000000000000000000e+00	1.000000000000000000e+00	0.000000000000000000e+00
1.316370000000000000e+05	8.822000000000000000e+03	4.000000000000000000e+01	2.624150205031911298e+01	2.501205031805799095e+01	6.359544455770245186e-01	8.779744021740336635e-01	0.000000000000000000e+00	1.000000000000000000e+00	0.000000000000000000e+00
1.316370000000000000e+05	8.823000000000000000e+03	3.800000000000000000e+01	2.635246884791509814e+01	2.596021480991239017e+01	8.563513475126588448e-01	6.633549364347302024e-01	0.000000000000000000e+00	1.000000000000000000e+00	0.000000000000000000e+00
1.316370000000000000e+05	8.824000000000000000e+03	4.700000000000000000e+01	2.642994298108227724e+01	2.442199495869195758e+01	7.997563215587258911e-01	8.159206297179959488e-01	0.000000000000000000e+00	1.000000000000000000e+00	0.000000000000000000e+00
1.316370000000000000e+05	8.828000000000000000e+03	6.200000000000000000e+01	2.647808221822591079e+01	2.511806965323281915e+01	7.841025375035931555e-01	9.010340199043282983e-01	0.000000000000000000e+00	1.000000000000000000e+00	0.000000000000000000e+00
1.316380000000000000e+05	8.576000000000000000e+03	4.300000000000000000e+01	2.551768151812456509e+01	2.236597591998886969e+01	6.719752507417124932e-01	8.480058680603904664e-01	0.000000000000000000e+00	1.000000000000000000e+00	0.000000000000000000e+00
1.316380000000000000e+05	8.593000000000000000e+03	4.700000000000000000e+01	2.576672345965014088e+01	2.400995864559531512e+01	7.214840785716234439e-01	7.815347379221263546e-01	0.000000000000000000e+00	1.000000000000000000e+00	0.000000000000000000e+00
1.316380000000000000e+05	8.597000000000000000e+03	6.100000000000000000e+01	2.553154794391923943e+01	2.211981329326085444e+01	5.731393378437913411e-01	6.950605269300572653e-01	0.000000000000000000e+00	1.000000000000000000e+00	0.000000000000000000e+00
1.316380000000000000e+05	8.685000000000000000e+03	3.800000000000000000e+01	2.546022724384442881e+01	2.466484702153231012e+01	6.087690891511025049e-01	8.264761600699154220e-01	0.000000000000000000e+00	1.000000000000000000e+00	0.000000000000000000e+00
1.316380000000000000e+05	8.686000000000000000e+03	5.100000000000000000e+01	2.521440951310020395e+01	2.277734805365639659e+01	8.686706537545769713e-01	7.582310428695138160e-01	0.000000000000000000e+00	1.000000000000000000e+00	0.000000000000000000e+00
1.316380000000000000e+05	8.700000000000000000e+03	5.500000000000000000e+01	2.518272157626385521e+01	2.056030641855723218e+01	8.236337587608937305e-01	8.866882518968931537e-01	0.000000000000000000e+00	1.000000000000000000e+00	0.000000000000000000e+00
1.316380000000000000e+05	8.703000000000000000e+03	3.500000000000000000e+01	2.546574404434444716e+01	2.390322266848330557e+01	6.736951695970950782e-01	7.533676559622991542e-01	0.000000000000000000e+00	1.000000000000000000e+00	0.000000000000000000e+00
1.316380000000000000e+05	8.704000000000000000e+03	4.100000000000000000e+01	2.560177179154975846e+01	2.707079119038886361e+01	7.095707754528201017e-01	8.992460028535267380e-01	0.000000000000000000e+00	1.000000000000000000e+00	0.000000000000000000e+00
1.316380000000000000e+05	8.712000000000000000e+03	4.600000000000000000e+01	2.553587322068105792e+01	2.410939840451658256e+01	7.365040814799078683e-01	8.773096036654052243e-01	0.000000000000000000e+00	1.000000000000000000e+00	0.000000000000000000e+00
1.316380000000000000e+05	8.714000000000000000e+03	5.400000000000000000e+01	2.541357122029534210e+01	2.366365999250217911e+01	8.920675108362305927e-01	7.475012467976576147e-01	0.000000000000000000e+00	1.000000000000000000e+00	0.000000000000000000e+00
1.316380000000000000e+05	8.718000000000000000e+03	5.600000000000000000e+01	2.546407609050358190e+01	2.402581814600695154e+01	9.713656888338718653e-01	8.279472352131920232e-01	0.000000000000000000e+00	1.000000000000000000e+00	0.000000000000000000e+00
1.316380000000000000e+05	8.720000000000000000e+03	4.700000000000000000e+01	2.542451515506899895e+01	2.552454059285267007e+01	8.286981944361645480e-01	8.489434169097164196e-01	0.000000000000000000e+00	1.000000000000000000e+00	0.000000000000000000e+00
1.316380000000000000e+05	8.722000000000000000e+03	5.200000000000000000e+01	2.535384112270527623e+01	2.547126210050655359e+01	7.733259184464431613e-01	7.557330603472598440e-01	0.000000000000000000e+00	1.000000000000000000e+00	0.000000000000000000e+00
1.316380000000000000e+05	8.724000000000000000e+03	4.000000000000000000e+01	2.553823698748150406e+01	2.506497658554820873e+01	8.061928149139663269e-01	6.091526397740729681e-01	0.000000000000000000e+00	1.000000000000000000e+00	0.000000000000000000e+00
1.316380000000000000e+05	8.725000000000000000e+03	5.600000000000000000e+01	2.545882411808287316e+01	2.424547707219004522e+01	7.638766361293537477e-01	8.860684170213575239e-01	0.000000000000000000e+00	1.000000000000000000e+00	0.000000000000000000e+00
1.316380000000000000e+05	8.726000000000000000e+03	3.400000000000000000e+01	2.542446152568391682e+01	2.442981878209180380e+01	5.641634927884556783e-01	8.426877821355787113e-01	0.000000000000000000e+00	1.000000000000000000e+00	0.000000000000000000e+00
1.316380000000000000e+05	8.727000000000000000e+03	4.500000000000000000e+01	2.549426766505362352e+01	2.726264195949481106e+01	7.731359199130274362e-01	8.284565755343278326e-01	0.000000000000000000e+00	1.000000000000000000e+00	0.000000000000000000e+00
1.316380000000000000e+05	8.810000000000000000e+03	4.400000000000000000e+01	2.525345241884765457e+01	2.738141005536111550e+01	7.615988105133943975e-01	9.870577464502767739e-01	0.000000000000000000e+00	1.000000000000000000e+00	0.000000000000000000e+00
1.316380000000000000e+05	8.812000000000000000e+03	4.100000000000000000e+01	2.562009553640933390e+01	2.814384495876963044e+01	8.381657495379009060e-01	1.012705878154275263e+00	0.000000000000000000e+00	1.000000000000000000e+00	0.000000000000000000e+00
1.316380000000000000e+05	8.813000000000000000e+03	3.600000000000000000e+01	2.549139542591783680e+01	2.620097853785815545e+01	8.505820894343842919e-01	7.299796851675477427e-01	0.000000000000000000e+00	1.000000000000000000e+00	0.000000000000000000e+00
1.316380000000000000e+05	8.814000000000000000e+03	5.800000000000000000e+01	2.543758043385436807e+01	2.412341998325665315e+01	6.735991305744895019e-01	8.192186924274144078e-01	0.000000000000000000e+00	1.000000000000000000e+00	0.000000000000000000e+00
1.316380000000000000e+05	8.816000000000000000e+03	4.200000000000000000e+01	2.565642758509143206e+01	2.523791862975704348e+01	6.869317193880793981e-01	9.099813344038465424e-01	0.000000000000000000e+00	1.000000000000000000e+00	0.000000000000000000e+00
1.316380000000000000e+05	8.817000000000000000e+03	5.400000000000000000e+01	2.539880439128730671e+01	2.366456689770236110e+01	8.400664212631030470e-01	8.083908845071149374e-01	0.000000000000000000e+00	1.000000000000000000e+00	0.000000000000000000e+00
1.316380000000000000e+05	8.819000000000000000e+03	3.800000000000000000e+01	2.545926029150319536e+01	2.433606171878026814e+01	7.344886169765494355e-01	7.970797990391456089e-01	0.000000000000000000e+00	1.000000000000000000e+00	0.000000000000000000e+00
1.316380000000000000e+05	8.823000000000000000e+03	4.100000000000000000e+01	2.545018623119714718e+01	2.607136606308962001e+01	7.828747367039735616e-01	9.414011374453671310e-01	0.000000000000000000e+00	1.000000000000000000e+00	0.000000000000000000e+00
1.316380000000000000e+05	8.824000000000000000e+03	4.900000000000000000e+01	2.570558805134391633e+01	2.414540050751372391e+01	6.498237900731820282e-01	8.292733900561993776e-01	0.000000000000000000e+00	1.000000000000000000e+00	0.000000000000000000e+00
1.316380000000000000e+05	8.828000000000000000e+03	5.400000000000000000e+01	2.561891470709685947e+01	2.505469544351578293e+01	7.987856080819940585e-01	1.083807342467348667e+00	0.000000000000000000e+00	1.000000000000000000e+00	0.000000000000000000e+00
1.316380000000000000e+05	8.829000000000000000e+03	4.000000000000000000e+01	2.554301496836542285e+01	2.530068997941113196e+01	5.737673001973819797e-01	7.879567891906997801e-01	0.000000000000000000e+00	1.000000000000000000e+00	0.000000000000000000e+00
1.316380000000000000e+05	8.831000000000000000e+03	5.200000000000000000e+01	2.545618144412852857e+01	2.393053244842042204e+01	6.485670387795080538e-01	8.692451887124937882e-01	0.000000000000000000e+00	1.000000000000000000e+00	0.000000000000000000e+00
1.316400000000000000e+05	8.704000000000000000e+03	6.200000000000000000e+01	2.017013252898708586e+01	2.734152185520748191e+01	7.482235775541430378e-01	8.825148495413980276e-01	0.000000000000000000e+00	1.000000000000000000e+00	0.000000000000000000e+00
1.316400000000000000e+05	8.720000000000000000e+03	6.200000000000000000e+01	1.999372097887496125e+01	2.581507159106273264e+01	7.454249425983315858e-01	6.306523350003334638e-01	0.000000000000000000e+00	1.000000000000000000e+00	0.000000000000000000e+00
1.316400000000000000e+05	8.722000000000000000e+03	6.400000000000000000e+01	2.009357946606994005e+01	2.527316632028144383e+01	7.999875856483184000e-01	9.095984083574503165e-01	0.000000000000000000e+00	1.000000000000000000e+00	0.000000000000000000e+00
1.316400000000000000e+05	8.812000000000000000e+03	6.400000000000000000e+01	2.007939691115912595e+01	2.836947891467442773e+01	7.195512852388186165e-01	6.388201461661996428e-01	0.000000000000000000e+00	1.000000000000000000e+00	0.000000000000000000e+00
1.316400000000000000e+05	8.815000000000000000e+03	5.400000000000000000e+01	2.012099468099574651e+01	2.650844602585084786e+01	8.447500994292155285e-01	6.800615394279835302e-01	0.000000000000000000e+00	1.000000000000000000e+00	0.000000000000000000e+00
1.316400000000000000e+05	8.816000000000000000e+03	6.500000000000000000e+01	2.004770546603454306e+01	2.536085033102152053e+01	7.532781849344856173e-01	7.564327400440620242e-01	0.000000000000000000e+00	1.000000000000000000e+00	0.000000000000000000e+00
1.316430000000000000e+05	8.579000000000000000e+03	6.200000000000000000e+01	2.723701343737524994e+01	2.483142967058965311e+01	8.619277654387802468e-01	8.992288026535131262e-01	0.000000000000000000e+00	1.000000000000000000e+00	0.000000000000000000e+00
1.316430000000000000e+05	8.689000000000000000e+03	4.100000000000000000e+01	2.757178582734166383e+01	2.258674715217622975e+01	5.940992429076790149e-01	7.773325928757383041e-01	0.000000000000000000e+00	1.000000000000000000e+00	0.000000000000000000e+00
1.316430000000000000e+05	8.695000000000000000e+03	4.400000000000000000e+01	2.774159981847592960e+01	2.160845945935066936e+01	5.906590928508546057e-01	8.507450910432536872e-01	0.000000000000000000e+00	1.000000000000000000e+00	0.000000000000000000e+00
1.316430000000000000e+05	8.704000000000000000e+03	4.300000000000000000e+01	2.722208478784598995e+01	2.732337472855857285e+01	7.868622203695068151e-01	1.017171938828711486e+00	0.000000000000000000e+00	1.000000000000000000e+00	0.000000000000000000e+00
1.316430000000000000e+05	8.722000000000000000e+03	3.700000000000000000e+01	2.710924212549408452e+01	2.543894885140970175e+01	5.852842375453674029e-01	7.487499276311694318e-01	0.000000000000000000e+00	1.000000000000000000e+00	0.000000000000000000e+00
1.316430000000000000e+05	8.724000000000000000e+03	4.400000000000000000e+01	2.723470460343061461e+01	2.496203713319289719e+01	8.047912864018433865e-01	8.988213395310994391e-01	0.000000000000000000e+00	1.000000000000000000e+00	0.000000000000000000e+00
1.316430000000000000e+05	8.725000000000000000e+03	3.100000000000000000e+01	2.741110060437609874e+01	2.415006458863297567e+01	6.383593824717406218e-01	8.830118933370759704e-01	0.000000000000000000e+00	1.000000000000000000e+00	0.000000000000000000e+00
1.316430000000000000e+05	8.727000000000000000e+03	2.400000000000000000e+01	2.758092349416580191e+01	2.712579920126240651e+01	5.778698416048492215e-01	1.035414588068522379e+00	0.000000000000000000e+00	1.000000000000000000e+00	0.000000000000000000e+00
1.316430000000000000e+05	8.823000000000000000e+03	4.400000000000000000e+01	2.751622520053751231e+01	2.606608735832720569e+01	9.759370741011704764e-01	8.212886667956380560e-01	0.000000000000000000e+00	1.000000000000000000e+00	0.000000000000000000e+00
1.316440000000000000e+05	8.586000000000000000e+03	5.900000000000000000e+01	2.093919729763603144e+01	2.408505470071907695e+01	9.143239943812796477e-01	7.147057547416918455e-01	0.000000000000000000e+00	1.000000000000000000e+00	0.000000000000000000e+00
1.316440000000000000e+05	8.707000000000000000e+03	7.700000000000000000e+01	2.120398183851337137e+01	2.321772201530396273e+01	9.567278704130941502e-01	8.846891610693637942e-01	0.000000000000000000e+00	1.000000000000000000e+00	0.000000000000000000e+00
1.316440000000000000e+05	8.718000000000000000e+03	6.200000000000000000e+01	2.114381289001973840e+01	2.379356816545445596e+01	5.771780975420319759e-01	9.633681129731784809e-01	0.000000000000000000e+00	1.000000000000000000e+00	0.000000000000000000e+00
1.316440000000000000e+05	8.724000000000000000e+03	7.200000000000000000e+01	2.102414604926784847e+01	2.507689184885348510e+01	9.782558069412891077e-01	9.224689693271459490e-01	0.000000000000000000e+00	1.000000000000000000e+00	0.000000000000000000e+00
1.316440000000000000e+05	8.725000000000000000e+03	5.300000000000000000e+01	2.125376748163433049e+01	2.431011565922715789e+01	8.850887425289659660e-01	7.955534917897547631e-01	0.000000000000000000e+00	1.000000000000000000e+00	0.000000000000000000e+00
1.316440000000000000e+05	8.808000000000000000e+03	5.200000000000000000e+01	2.111702979315446171e+01	2.503554263593850493e+01	7.984341292776472310e-01	7.922696899908430179e-01	0.000000000000000000e+00	1.000000000000000000e+00	0.000000000000000000e+00
1.316440000000000000e+05	8.810000000000000000e+03	4.100000000000000000e+01	2.114356294696291627e+01	2.774185757298297261e+01	6.726079822043581347e-01	6.902595359220825566e-01	0.000000000000000000e+00	1.000000000000000000e+00	0.000000000000000000e+00
1.316440000000000000e+05	8.812000000000000000e+03	5.900000000000000000e+01	2.121398949241452669e+01	2.801559721629526933e+01	6.660158351249078068e-01	7.660147987512914147e-01	0.000000000000000000e+00	1.000000000000000000e+00	0.000000000000000000e+00
1.316440000000000000e+05	8.814000000000000000e+03	6.800000000000000000e+01	2.127964372919180747e+01	2.385407775601514757e+01	6.707309871715766425e-01	7.471519091012108760e-01	0.000000000000000000e+00	1.000000000000000000e+00	0.000000000000000000e+00
1.316440000000000000e+05	8.815000000000000000e+03	4.500000000000000000e+01	2.092950514601061585e+01	2.647545618860664973e+01	7.545201315595781999e-01	6.424685511039813779e-01	0.000000000000000000e+00	1.000000000000000000e+00	0.000000000000000000e+00
1.316440000000000000e+05	8.824000000000000000e+03	7.400000000000000000e+01	2.124974195573868130e+01	2.427412520365630755e+01	7.196990859035977683e-01	8.566246075120771408e-01	0.000000000000000000e+00	1.000000000000000000e+00	0.000000000000000000e+00
1.316440000000000000e+05	8.831000000000000000e+03	5.600000000000000000e+01	2.108522921512885873e+01	2.403123563190673195e+01	5.681572735607200997e-01	7.572441568463678108e-01	0.000000000000000000e+00	1.000000000000000000e+00	0.000000000000000000e+00
1.316470000000000000e+05	8.576000000000000000e+03	6.500000000000000000e+01	2.557031970461515513e+01	2.236296057561250095e+01	9.412688598881868707e-01	8.452046879544160563e-01	0.000000000000000000e+00	1.000000000000000000e+00	0.000000000000000000e+00
1.316470000000000000e+05	8.577000000000000000e+03	5.100000000000000000e+01	2.593134649197806851e+01	2.385113336083487212e+01	7.686865778836360352e-01	7.773206213446066659e-01	0.000000000000000000e+00	1.000000000000000000e+00	0.000000000000000000e+00
1.316470000000000000e+05	8.579000000000000000e+03	5.800000000000000000e+01	2.551565797526751211e+01	2.484945179572359919e+01	5.221974303308616339e-01	7.255619240732567032e-01	0.000000000000000000e+00	1.000000000000000000e+00	0.000000000000000000e+00
1.316470000000000000e+05	8.583000000000000000e+03	7.400000000000000000e+01	2.564447153426293724e+01	2.402082516206586504e+01	7.733336779226706037e-01	9.287337161456985513e-01	0.000000000000000000e+00	1.000000000000000000e+00	0.000000000000000000e+00
1.316470000000000000e+05	8.592000000000000000e+03	5.600000000000000000e+01	2.558645632101800871e+01	1.932705380102598980e+01	6.795244731713054875e-01	1.071613066145051141e+00	0.000000000000000000e+00	1.000000000000000000e+00	0.000000000000000000e+00
1.316470000000000000e+05	8.593000000000000000e+03	4.200000000000000000e+01	2.578243912956076045e+01	2.375122174988758417e+01	6.359656628761952701e-01	8.570922336279951370e-01	0.000000000000000000e+00	1.000000000000000000e+00	0.000000000000000000e+00
1.316470000000000000e+05	8.594000000000000000e+03	5.800000000000000000e+01	2.543179228084416721e+01	2.112154045519377021e+01	9.679511309886260628e-01	7.450956146524717605e-01	0.000000000000000000e+00	1.000000000000000000e+00	0.000000000000000000e+00
1.316470000000000000e+05	8.597000000000000000e+03	5.000000000000000000e+01	2.562846538699092491e+01	2.181144227837062033e+01	6.754015947224464300e-01	1.033592921691755206e+00	0.000000000000000000e+00	1.000000000000000000e+00	0.000000000000000000e+00
1.316470000000000000e+05	8.598000000000000000e+03	5.100000000000000000e+01	2.584106981671875403e+01	2.212482795152677895e+01	8.418414203113043781e-01	8.982580789961267520e-01	0.000000000000000000e+00	1.000000000000000000e+00	0.000000000000000000e+00
1.316470000000000000e+05	8.686000000000000000e+03	5.800000000000000000e+01	2.533360449514759338e+01	2.296968491895676934e+01	6.585451138623811262e-01	9.007674949435620082e-01	0.000000000000000000e+00	1.000000000000000000e+00	0.000000000000000000e+00
1.316470000000000000e+05	8.688000000000000000e+03	5.600000000000000000e+01	2.563067284395093992e+01	2.217179422943518574e+01	6.670890979508162788e-01	7.535002282748438640e-01	0.000000000000000000e+00	1.000000000000000000e+00	0.000000000000000000e+00
1.316470000000000000e+05	8.689000000000000000e+03	6.400000000000000000e+01	2.540464109041446150e+01	2.248390310584124663e+01	5.777681299144482585e-01	9.160944171423783811e-01	0.000000000000000000e+00	1.000000000000000000e+00	0.000000000000000000e+00
1.316470000000000000e+05	8.693000000000000000e+03	5.700000000000000000e+01	2.556027846527445746e+01	2.227872775588998877e+01	8.991355649344824341e-01	7.925309875617186917e-01	0.000000000000000000e+00	1.000000000000000000e+00	0.000000000000000000e+00
1.316470000000000000e+05	8.695000000000000000e+03	7.200000000000000000e+01	2.544846241593110392e+01	2.146622107489257303e+01	8.262680841834362244e-01	9.918255738936754273e-01	0.000000000000000000e+00	1.000000000000000000e+00	0.000000000000000000e+00
1.316470000000000000e+05	8.700000000000000000e+03	7.900000000000000000e+01	2.557779666609319236e+01	2.037522956085662784e+01	9.296415463066222129e-01	8.695144743765024220e-01	0.000000000000000000e+00	1.000000000000000000e+00	0.000000000000000000e+00
1.316470000000000000e+05	8.703000000000000000e+03	7.000000000000000000e+01	2.551912013210117536e+01	2.379025715935344110e+01	8.475299328354551909e-01	9.855430348315266098e-01	0.000000000000000000e+00	1.000000000000000000e+00	0.000000000000000000e+00
1.316470000000000000e+05	8.704000000000000000e+03	6.100000000000000000e+01	2.570294004555345779e+01	2.712062412179149007e+01	7.440354193756201218e-01	6.901683307594764782e-01	0.000000000000000000e+00	1.000000000000000000e+00	0.000000000000000000e+00
1.316470000000000000e+05	8.706000000000000000e+03	4.700000000000000000e+01	2.585743652129568559e+01	2.428034352287149034e+01	8.062315538180563346e-01	6.224260160683632304e-01	0.000000000000000000e+00	1.000000000000000000e+00	0.000000000000000000e+00
1.316470000000000000e+05	8.707000000000000000e+03	4.700000000000000000e+01	2.559163750253338776e+01	2.327353299104382600e+01	6.609922335732003607e-01	7.746426289896609640e-01	0.000000000000000000e+00	1.000000000000000000e+00	0.000000000000000000e+00
1.316470000000000000e+05	8.709000000000000000e+03	4.800000000000000000e+01	2.568814228047936510e+01	2.551473609505279683e+01	6.472749390180559947e-01	1.014143532800729774e+00	0.000000000000000000e+00	1.000000000000000000e+00	0.000000000000000000e+00
1.316470000000000000e+05	8.711000000000000000e+03	5.000000000000000000e+01	2.557091958125572262e+01	2.230081497032694315e+01	5.734998254439261922e-01	7.356913058786898052e-01	0.000000000000000000e+00	1.000000000000000000e+00	0.000000000000000000e+00
1.316470000000000000e+05	8.714000000000000000e+03	4.600000000000000000e+01	2.569897285501354389e+01	2.361528604253658159e+01	6.675691649306740860e-01	7.024222726223402491e-01	0.000000000000000000e+00	1.000000000000000000e+00	0.000000000000000000e+00
1.316470000000000000e+05	8.718000000000000000e+03	6.100000000000000000e+01	2.555538668733090546e+01	2.393519029497860373e+01	6.373168754876945563e-01	1.030477707646187957e+00	0.000000000000000000e+00	1.000000000000000000e+00	0.000000000000000000e+00
1.316470000000000000e+05	8.719000000000000000e+03	5.700000000000000000e+01	2.551113455111910255e+01	2.433228460936343751e+01	6.115636110292498318e-01	8.759724890265898622e-01	0.000000000000000000e+00	1.000000000000000000e+00	0.000000000000000000e+00
1.316470000000000000e+05	8.720000000000000000e+03	5.800000000000000000e+01	2.588233588350835390e+01	2.581455940813789951e+01	9.997176623589612010e-01	6.991448280376980629e-01	0.000000000000000000e+00	1.000000000000000000e+00	0.000000000000000000e+00
1.316470000000000000e+05	8.721000000000000000e+03	5.000000000000000000e+01	2.558243926579917371e+01	2.549233877044261476e+01	7.448154315559140093e-01	6.879827440259180804e-01	0.000000000000000000e+00	1.000000000000000000e+00	0.000000000000000000e+00
1.316470000000000000e+05	8.722000000000000000e+03	5.200000000000000000e+01	2.552094222900757359e+01	2.537590431165032356e+01	8.028334685774052293e-01	7.695340961217711495e-01	0.000000000000000000e+00	1.000000000000000000e+00	0.000000000000000000e+00
1.316470000000000000e+05	8.723000000000000000e+03	4.700000000000000000e+01	2.557772266026409369e+01	2.537972177785403716e+01	6.310888283045751335e-01	7.561754658470796198e-01	0.000000000000000000e+00	1.000000000000000000e+00	0.000000000000000000e+00
1.316470000000000000e+05	8.724000000000000000e+03	5.500000000000000000e+01	2.554579866618517414e+01	2.495841292274801404e+01	7.718617742841835661e-01	7.934402647537754927e-01	0.000000000000000000e+00	1.000000000000000000e+00	0.000000000000000000e+00
1.316470000000000000e+05	8.725000000000000000e+03	6.200000000000000000e+01	2.571030584889855319e+01	2.388051596816325173e+01	8.233985190711172741e-01	8.231101153435880224e-01	0.000000000000000000e+00	1.000000000000000000e+00	0.000000000000000000e+00
1.316470000000000000e+05	8.726000000000000000e+03	4.600000000000000000e+01	2.565521873937925790e+01	2.418589041740639445e+01	8.808514272201268813e-01	7.333934150964779297e-01	0.000000000000000000e+00	1.000000000000000000e+00	0.000000000000000000e+00
1.316470000000000000e+05	8.727000000000000000e+03	4.200000000000000000e+01	2.554511097184700219e+01	2.708305712603236870e+01	6.575410087371136303e-01	5.315295360635894362e-01	0.000000000000000000e+00	1.000000000000000000e+00	0.000000000000000000e+00
1.316470000000000000e+05	8.730000000000000000e+03	5.200000000000000000e+01	2.550565230910295966e+01	2.421483511419223333e+01	1.017966141697508098e+00	7.924946252408159308e-01	0.000000000000000000e+00	1.000000000000000000e+00	0.000000000000000000e+00
1.316470000000000000e+05	8.733000000000000000e+03	3.900000000000000000e+01	2.560197905502182536e+01	2.463472347362488790e+01	9.517714385537180410e-01	8.523515758070616677e-01	0.000000000000000000e+00	1.000000000000000000e+00	0.000000000000000000e+00
1.316470000000000000e+05	8.798000000000000000e+03	2.900000000000000000e+01	2.555849828288112491e+01	2.612015676348519122e+01	7.981706695432738696e-01	7.580757900124540649e-01	0.000000000000000000e+00	1.000000000000000000e+00	0.000000000000000000e+00
1.316470000000000000e+05	8.800000000000000000e+03	3.700000000000000000e+01	2.582295221260092788e+01	2.463719464069528442e+01	8.706396828964360068e-01	8.126378679345566125e-01	0.000000000000000000e+00	1.000000000000000000e+00	0.000000000000000000e+00
1.316470000000000000e+05	8.806000000000000000e+03	3.700000000000000000e+01	2.552880284650670006e+01	2.860189954859853856e+01	7.637707240569239220e-01	5.905561092099178566e-01	0.000000000000000000e+00	1.000000000000000000e+00	0.000000000000000000e+00
1.316470000000000000e+05	8.808000000000000000e+03	5.700000000000000000e+01	2.546358009737485872e+01	2.512338220977665415e+01	8.324292700730097083e-01	8.329932806787869737e-01	0.000000000000000000e+00	1.000000000000000000e+00	0.000000000000000000e+00
1.316470000000000000e+05	8.810000000000000000e+03	5.600000000000000000e+01	2.551080350166229138e+01	2.731168986186635905e+01	8.198376757668089931e-01	9.394699812054381205e-01	0.000000000000000000e+00	1.000000000000000000e+00	0.000000000000000000e+00
1.316470000000000000e+05	8.811000000000000000e+03	3.600000000000000000e+01	2.578274485552366002e+01	2.655951733127403713e+01	7.169576253070597538e-01	8.024915509453596218e-01	0.000000000000000000e+00	1.000000000000000000e+00	0.000000000000000000e+00
1.316470000000000000e+05	8.812000000000000000e+03	5.200000000000000000e+01	2.551689038229823936e+01	2.829070662307034212e+01	8.004619309165053043e-01	8.222791113706897637e-01	0.000000000000000000e+00	1.000000000000000000e+00	0.000000000000000000e+00
1.316470000000000000e+05	8.813000000000000000e+03	3.900000000000000000e+01	2.532901278604720474e+01	2.552389768689289795e+01	7.716559422803311863e-01	8.367259265685189629e-01	0.000000000000000000e+00	1.000000000000000000e+00	0.000000000000000000e+00
1.316470000000000000e+05	8.814000000000000000e+03	6.200000000000000000e+01	2.564611798745082183e+01	2.405867441762963921e+01	5.610412264916576630e-01	9.957557099913173504e-01	0.000000000000000000e+00	1.000000000000000000e+00	0.000000000000000000e+00
1.316470000000000000e+05	8.815000000000000000e+03	3.800000000000000000e+01	2.565687664464110540e+01	2.626095098898945324e+01	8.537240927392485412e-01	7.270420269195264629e-01	0.000000000000000000e+00	1.000000000000000000e+00	0.000000000000000000e+00
1.316470000000000000e+05	8.816000000000000000e+03	5.600000000000000000e+01	2.554970155947236066e+01	2.492385913115729323e+01	8.576502036795535799e-01	9.948722077063154590e-01	0.000000000000000000e+00	1.000000000000000000e+00	0.000000000000000000e+00
1.316470000000000000e+05	8.817000000000000000e+03	5.000000000000000000e+01	2.537378544578443496e+01	2.379705541615303233e+01	9.600454795401038854e-01	7.600452812298823524e-01	0.000000000000000000e+00	1.000000000000000000e+00	0.000000000000000000e+00
1.316470000000000000e+05	8.818000000000000000e+03	4.400000000000000000e+01	2.572208247717482621e+01	2.512631612667125225e+01	7.789648193980479585e-01	7.470125102738515155e-01	0.000000000000000000e+00	1.000000000000000000e+00	0.000000000000000000e+00
1.316470000000000000e+05	8.819000000000000000e+03	4.300000000000000000e+01	2.555690833959457819e+01	2.443884348746781754e+01	6.345299568715344618e-01	1.127615395601538006e+00	0.000000000000000000e+00	1.000000000000000000e+00	0.000000000000000000e+00
1.316470000000000000e+05	8.820000000000000000e+03	5.800000000000000000e+01	2.554817502934471207e+01	2.340044532434970037e+01	5.992261266654071994e-01	7.437422048975846911e-01	0.000000000000000000e+00	1.000000000000000000e+00	0.000000000000000000e+00
1.316470000000000000e+05	8.821000000000000000e+03	5.400000000000000000e+01	2.563615488635258899e+01	2.396359144401668217e+01	7.816087834147641411e-01	7.627885098688864662e-01	0.000000000000000000e+00	1.000000000000000000e+00	0.000000000000000000e+00
1.316470000000000000e+05	8.822000000000000000e+03	4.400000000000000000e+01	2.539300651758853178e+01	2.528938369710808232e+01	7.632430616457417383e-01	9.604045111539164514e-01	0.000000000000000000e+00	1.000000000000000000e+00	0.000000000000000000e+00
1.316470000000000000e+05	8.823000000000000000e+03	6.100000000000000000e+01	2.551544393903580499e+01	2.638613241595812653e+01	1.033262786217774343e+00	8.006944005752737459e-01	0.000000000000000000e+00	1.000000000000000000e+00	0.000000000000000000e+00
1.316470000000000000e+05	8.824000000000000000e+03	6.500000000000000000e+01	2.581267662259246620e+01	2.425727005308721473e+01	7.161412977073955410e-01	7.812816655162750923e-01	0.000000000000000000e+00	1.000000000000000000e+00	0.000000000000000000e+00
1.316470000000000000e+05	8.828000000000000000e+03	5.200000000000000000e+01	2.555355982938115389e+01	2.503712429403748274e+01	9.223996570008364815e-01	8.872392653984487731e-01	0.000000000000000000e+00	1.000000000000000000e+00	0.000000000000000000e+00
1.316470000000000000e+05	8.831000000000000000e+03	5.500000000000000000e+01	2.565662282447272347e+01	2.388617217642238444e+01	5.331182927479367617e-01	7.094019360758607728e-01	0.000000000000000000e+00	1.000000000000000000e+00	0.000000000000000000e+00
1.316480000000000000e+05	8.576000000000000000e+03	5.900000000000000000e+01	2.393875104804289933e+01	2.211109623111089562e+01	8.882835446847403560e-01	9.015900375618286500e-01	0.000000000000000000e+00	1.000000000000000000e+00	0.000000000000000000e+00
1.316480000000000000e+05	8.577000000000000000e+03	4.800000000000000000e+01	2.403732235246179982e+01	2.412171200069320776e+01	9.140569753955748444e-01	6.266656034933357766e-01	0.000000000000000000e+00	1.000000000000000000e+00	0.000000000000000000e+00
1.316480000000000000e+05	8.579000000000000000e+03	6.800000000000000000e+01	2.438723294859168789e+01	2.467549313818239298e+01	9.004179715849531807e-01	1.075475424749280373e+00	0.000000000000000000e+00	1.000000000000000000e+00	0.000000000000000000e+00
1.316480000000000000e+05	8.583000000000000000e+03	8.600000000000000000e+01	2.407144075902089142e+01	2.410610664245780299e+01	1.253740072871989630e+00	1.028905660443139469e+00	0.000000000000000000e+00	1.000000000000000000e+00	0.000000000000000000e+00
1.316480000000000000e+05	8.586000000000000000e+03	3.900000000000000000e+01	2.451616178932543377e+01	2.432661379897570697e+01	6.975288081234387594e-01	8.240331436644765528e-01	0.000000000000000000e+00	1.000000000000000000e+00	0.000000000000000000e+00
1.316480000000000000e+05	8.679000000000000000e+03	5.100000000000000000e+01	2.395546317969398231e+01	2.442770710710692583e+01	1.022193946061428216e+00	1.449582605617335096e+00	0.000000000000000000e+00	1.000000000000000000e+00	0.000000000000000000e+00
1.316480000000000000e+05	8.686000000000000000e+03	4.500000000000000000e+01	2.475535862862836112e+01	2.277537064454029192e+01	6.703892206484316496e-01	9.505943803659430147e-01	0.000000000000000000e+00	1.000000000000000000e+00	0.000000000000000000e+00
1.316480000000000000e+05	8.697000000000000000e+03	4.500000000000000000e+01	2.421239375109857050e+01	2.285068371398352127e+01	1.019288049919696126e+00	7.792071187386782061e-01	0.000000000000000000e+00	1.000000000000000000e+00	0.000000000000000000e+00
1.316480000000000000e+05	8.703000000000000000e+03	6.000000000000000000e+01	2.415606750041582274e+01	2.419091566735909282e+01	1.025803444131349940e+00	7.396912155057560057e-01	0.000000000000000000e+00	1.000000000000000000e+00	0.000000000000000000e+00
1.316480000000000000e+05	8.704000000000000000e+03	7.000000000000000000e+01	2.406471355681222590e+01	2.730919320800652628e+01	1.426346181587626161e+00	9.124705237334893582e-01	0.000000000000000000e+00	1.000000000000000000e+00	0.000000000000000000e+00
1.316480000000000000e+05	8.705000000000000000e+03	4.900000000000000000e+01	2.404602549542149248e+01	2.414122919970541403e+01	9.885425008391155455e-01	5.799599759194045134e-01	0.000000000000000000e+00	1.000000000000000000e+00	0.000000000000000000e+00
1.316480000000000000e+05	8.707000000000000000e+03	7.100000000000000000e+01	2.418005049988438060e+01	2.320521153236294509e+01	8.702332895764313125e-01	9.249694264448686809e-01	0.000000000000000000e+00	1.000000000000000000e+00	0.000000000000000000e+00
1.316480000000000000e+05	8.712000000000000000e+03	6.400000000000000000e+01	2.429490677775845597e+01	2.408441464190312331e+01	1.230708172877533979e+00	7.047501509862555968e-01	0.000000000000000000e+00	1.000000000000000000e+00	0.000000000000000000e+00
1.316480000000000000e+05	8.718000000000000000e+03	6.200000000000000000e+01	2.419185791992377688e+01	2.416640464883054662e+01	1.127756979955240491e+00	6.796772122479175504e-01	0.000000000000000000e+00	1.000000000000000000e+00	0.000000000000000000e+00
1.316480000000000000e+05	8.720000000000000000e+03	4.900000000000000000e+01	2.421234877452637591e+01	2.575514110525750411e+01	9.856364363097517289e-01	9.136014980415870790e-01	0.000000000000000000e+00	1.000000000000000000e+00	0.000000000000000000e+00
1.316480000000000000e+05	8.721000000000000000e+03	3.400000000000000000e+01	2.417136085274519886e+01	2.542054102619864508e+01	1.103807753252155299e+00	6.139614714345342783e-01	0.000000000000000000e+00	1.000000000000000000e+00	0.000000000000000000e+00
1.316480000000000000e+05	8.723000000000000000e+03	6.300000000000000000e+01	2.389476918815763540e+01	2.534312346708851038e+01	1.236825902612999517e+00	6.885436523390132679e-01	0.000000000000000000e+00	1.000000000000000000e+00	0.000000000000000000e+00
1.316480000000000000e+05	8.724000000000000000e+03	5.100000000000000000e+01	2.401519503460229643e+01	2.501416867817321332e+01	8.089261824144349244e-01	8.110618954225486954e-01	0.000000000000000000e+00	1.000000000000000000e+00	0.000000000000000000e+00
1.316480000000000000e+05	8.725000000000000000e+03	7.800000000000000000e+01	2.421562752282378739e+01	2.408813753355787313e+01	1.271325773341779541e+00	6.856080545142898552e-01	0.000000000000000000e+00	1.000000000000000000e+00	0.000000000000000000e+00
1.316480000000000000e+05	8.727000000000000000e+03	4.900000000000000000e+01	2.401987134539601243e+01	2.708633896425513754e+01	7.912053906432104933e-01	9.244517931863041049e-01	0.000000000000000000e+00	1.000000000000000000e+00	0.000000000000000000e+00
1.316480000000000000e+05	8.732000000000000000e+03	4.700000000000000000e+01	2.393125711698793268e+01	2.319955608745149078e+01	8.475904457119902702e-01	7.718173493762496840e-01	0.000000000000000000e+00	1.000000000000000000e+00	0.000000000000000000e+00
1.316480000000000000e+05	8.810000000000000000e+03	4.400000000000000000e+01	2.446465927420931408e+01	2.725463681345617672e+01	1.063958254129166781e+00	7.304785494896698372e-01	0.000000000000000000e+00	1.000000000000000000e+00	0.000000000000000000e+00
1.316480000000000000e+05	8.813000000000000000e+03	3.900000000000000000e+01	2.429985388021497883e+01	2.606103263340118659e+01	1.091119037375414713e+00	8.800048439452302640e-01	0.000000000000000000e+00	1.000000000000000000e+00	0.000000000000000000e+00
1.316480000000000000e+05	8.814000000000000000e+03	6.200000000000000000e+01	2.436942435161736142e+01	2.408990516972157181e+01	1.074642630396571041e+00	6.025017770533973582e-01	0.000000000000000000e+00	1.000000000000000000e+00	0.000000000000000000e+00
1.316480000000000000e+05	8.817000000000000000e+03	6.100000000000000000e+01	2.389737100099201683e+01	2.383821055684735413e+01	9.823378808138552021e-01	6.736599354428254305e-01	0.000000000000000000e+00	1.000000000000000000e+00	0.000000000000000000e+00
1.316480000000000000e+05	8.819000000000000000e+03	4.500000000000000000e+01	2.455464949835681665e+01	2.436929616805887377e+01	9.948426158895388172e-01	7.194561304236052335e-01	0.000000000000000000e+00	1.000000000000000000e+00	0.000000000000000000e+00
1.316480000000000000e+05	8.823000000000000000e+03	4.200000000000000000e+01	2.432837279778317807e+01	2.621031999132394574e+01	9.333334331526199623e-01	9.439240717893544463e-01	0.000000000000000000e+00	1.000000000000000000e+00	0.000000000000000000e+00
1.316480000000000000e+05	8.824000000000000000e+03	6.300000000000000000e+01	2.427322718839443993e+01	2.441257720293514311e+01	1.121082565700755929e+00	7.814593529675014638e-01	0.000000000000000000e+00	1.000000000000000000e+00	0.000000000000000000e+00
1.316480000000000000e+05	8.828000000000000000e+03	7.200000000000000000e+01	2.418178959814590101e+01	2.482702375426566377e+01	1.201395689098764707e+00	8.276212257312759446e-01	0.000000000000000000e+00	1.000000000000000000e+00	0.000000000000000000e+00
1.316480000000000000e+05	8.831000000000000000e+03	7.400000000000000000e+01	2.408737078565912526e+01	2.401751543713479009e+01	7.523223758825963170e-01	8.040755068831991759e-01	0.000000000000000000e+00	1.000000000000000000e+00	0.000000000000000000e+00
1.316490000000000000e+05	8.577000000000000000e+03	3.700000000000000000e+01	2.619142413267216085e+01	2.410205507839171446e+01	6.808017634776912796e-01	5.311002147100782889e-01	0.000000000000000000e+00	1.000000000000000000e+00	0.000000000000000000e+00
1.316490000000000000e+05	8.579000000000000000e+03	5.300000000000000000e+01	2.613242427565192116e+01	2.467836295096578070e+01	5.810150849986346344e-01	9.597961460540466172e-01	0.000000000000000000e+00	1.000000000000000000e+00	0.000000000000000000e+00
1.316490000000000000e+05	8.583000000000000000e+03	4.600000000000000000e+01	2.611072975481235403e+01	2.427021248239224605e+01	5.954783052953701583e-01	1.151185681679533612e+00	0.000000000000000000e+00	1.000000000000000000e+00	0.000000000000000000e+00
1.316490000000000000e+05	8.685000000000000000e+03	4.200000000000000000e+01	2.635314985178910163e+01	2.449310743757364506e+01	7.797165222317420374e-01	6.371546043443259144e-01	0.000000000000000000e+00	1.000000000000000000e+00	0.000000000000000000e+00
1.316490000000000000e+05	8.688000000000000000e+03	4.500000000000000000e+01	2.620391194448544780e+01	2.232062977249375280e+01	7.484525886337008993e-01	7.552553948458771149e-01	0.000000000000000000e+00	1.000000000000000000e+00	0.000000000000000000e+00
1.316490000000000000e+05	8.703000000000000000e+03	3.800000000000000000e+01	2.614419898809386567e+01	2.417743537896738104e+01	6.603325829902201294e-01	9.039492565618504338e-01	0.000000000000000000e+00	1.000000000000000000e+00	0.000000000000000000e+00
1.316490000000000000e+05	8.704000000000000000e+03	4.300000000000000000e+01	2.632746391736415603e+01	2.723043840979898533e+01	6.402763318678253990e-01	1.108731828403314523e+00	0.000000000000000000e+00	1.000000000000000000e+00	0.000000000000000000e+00
1.316490000000000000e+05	8.705000000000000000e+03	4.000000000000000000e+01	2.620727565146205151e+01	2.404032159247846323e+01	8.358445560269138763e-01	6.206914334353746954e-01	0.000000000000000000e+00	1.000000000000000000e+00	0.000000000000000000e+00
1.316490000000000000e+05	8.711000000000000000e+03	5.200000000000000000e+01	2.630247869668913197e+01	2.232766085261386024e+01	6.300434592166729297e-01	7.676600532393017540e-01	0.000000000000000000e+00	1.000000000000000000e+00	0.000000000000000000e+00
1.316490000000000000e+05	8.718000000000000000e+03	3.600000000000000000e+01	2.637036597890183742e+01	2.407825692282759533e+01	6.460858411931931222e-01	6.802674449113312871e-01	0.000000000000000000e+00	1.000000000000000000e+00	0.000000000000000000e+00
1.316490000000000000e+05	8.720000000000000000e+03	4.900000000000000000e+01	2.620488848305427254e+01	2.579561915647973080e+01	6.183756130765389880e-01	8.433778720501582393e-01	0.000000000000000000e+00	1.000000000000000000e+00	0.000000000000000000e+00
1.316490000000000000e+05	8.724000000000000000e+03	4.200000000000000000e+01	2.615417173782884674e+01	2.497483294790391639e+01	7.139749666826773478e-01	8.447419759230442304e-01	0.000000000000000000e+00	1.000000000000000000e+00	0.000000000000000000e+00
1.316490000000000000e+05	8.725000000000000000e+03	5.400000000000000000e+01	2.624673078634473811e+01	2.418306501599883163e+01	6.787188836821964610e-01	6.692954845606425840e-01	0.000000000000000000e+00	1.000000000000000000e+00	0.000000000000000000e+00
1.316490000000000000e+05	8.726000000000000000e+03	4.300000000000000000e+01	2.615461070346837857e+01	2.431398698441009287e+01	7.438316599464767087e-01	8.909550840539487426e-01	0.000000000000000000e+00	1.000000000000000000e+00	0.000000000000000000e+00
1.316490000000000000e+05	8.813000000000000000e+03	4.100000000000000000e+01	2.630106248886876230e+01	2.591215665640228849e+01	7.311133402818406068e-01	6.924511275283012912e-01	0.000000000000000000e+00	1.000000000000000000e+00	0.000000000000000000e+00
1.316490000000000000e+05	8.817000000000000000e+03	4.800000000000000000e+01	2.619591697919604556e+01	2.384494991716567469e+01	8.287935943294506558e-01	9.513087065699016298e-01	0.000000000000000000e+00	1.000000000000000000e+00	0.000000000000000000e+00
1.316490000000000000e+05	8.823000000000000000e+03	3.600000000000000000e+01	2.624445673306146176e+01	2.635961928060879345e+01	6.738829601030625893e-01	9.334326789399350899e-01	0.000000000000000000e+00	1.000000000000000000e+00	0.000000000000000000e+00
1.316490000000000000e+05	8.824000000000000000e+03	5.800000000000000000e+01	2.639201390543910364e+01	2.424184164370914019e+01	7.697332957660670827e-01	9.028415657411109629e-01	0.000000000000000000e+00	1.000000000000000000e+00	0.000000000000000000e+00
1.316490000000000000e+05	8.825000000000000000e+03	3.200000000000000000e+01	2.617254575715597653e+01	2.580382002007614872e+01	7.457548027338651853e-01	6.961049792087771193e-01	0.000000000000000000e+00	1.000000000000000000e+00	0.000000000000000000e+00
1.316490000000000000e+05	8.828000000000000000e+03	4.200000000000000000e+01	2.636341388775878158e+01	2.497480183210098659e+01	5.221994352603420708e-01	8.761157140023552170e-01	0.000000000000000000e+00	1.000000000000000000e+00	0.000000000000000000e+00
1.316490000000000000e+05	8.831000000000000000e+03	5.200000000000000000e+01	2.615129891058963807e+01	2.393154060549640505e+01	8.936962697457146998e-01	6.803626320558534557e-01	0.000000000000000000e+00	1.000000000000000000e+00	0.000000000000000000e+00
1.316500000000000000e+05	8.724000000000000000e+03	3.100000000000000000e+01	2.853121100612142769e+01	2.498537001397496837e+01	5.620238285891435703e-01	7.892087834249601475e-01	0.000000000000000000e+00	1.000000000000000000e+00	0.000000000000000000e+00
1.316500000000000000e+05	8.812000000000000000e+03	2.900000000000000000e+01	2.851460778176257804e+01	2.799081932304606113e+01	7.195130782351514265e-01	7.752994633391523394e-01	0.000000000000000000e+00	1.000000000000000000e+00	0.000000000000000000e+00
1.316500000000000000e+05	8.824000000000000000e+03	4.100000000000000000e+01	2.829520959519366841e+01	2.423613187185790352e+01	7.623378691565052545e-01	7.702434390743231329e-01	0.000000000000000000e+00	1.000000000000000000e+00	0.000000000000000000e+00
1.316510000000000000e+05	8.576000000000000000e+03	5.200000000000000000e+01	2.390628501801149852e+01	2.212996890428989971e+01	5.596271621181641009e-01	9.212256374954946869e-01	0.000000000000000000e+00	1.000000000000000000e+00	0.000000000000000000e+00
1.316510000000000000e+05	8.689000000000000000e+03	5.300000000000000000e+01	2.388915748024651009e+01	2.264379841559277295e+01	9.435216897289230298e-01	7.868374865842221455e-01	0.000000000000000000e+00	1.000000000000000000e+00	0.000000000000000000e+00
1.316510000000000000e+05	8.703000000000000000e+03	4.500000000000000000e+01	2.404214966788022068e+01	2.398185986376534373e+01	6.150150528946768391e-01	8.175418369737755819e-01	0.000000000000000000e+00	1.000000000000000000e+00	0.000000000000000000e+00
1.316510000000000000e+05	8.704000000000000000e+03	4.200000000000000000e+01	2.389114779908984687e+01	2.692201727604293282e+01	8.191357070881204461e-01	1.066220144647075818e+00	0.000000000000000000e+00	1.000000000000000000e+00	0.000000000000000000e+00
1.316510000000000000e+05	8.711000000000000000e+03	4.600000000000000000e+01	2.364147450461293687e+01	2.240633485966919025e+01	6.994190219650511242e-01	8.637216285707599583e-01	0.000000000000000000e+00	1.000000000000000000e+00	0.000000000000000000e+00
1.316510000000000000e+05	8.720000000000000000e+03	4.000000000000000000e+01	2.400721174370316646e+01	2.552890518367222583e+01	7.071559248734158309e-01	9.321168584453330963e-01	0.000000000000000000e+00	1.000000000000000000e+00	0.000000000000000000e+00
1.316510000000000000e+05	8.722000000000000000e+03	4.600000000000000000e+01	2.387541031484902376e+01	2.539787717507319087e+01	7.327068321713459120e-01	6.479140323939096557e-01	0.000000000000000000e+00	1.000000000000000000e+00	0.000000000000000000e+00
1.316510000000000000e+05	8.724000000000000000e+03	4.800000000000000000e+01	2.401640915012906063e+01	2.488315504493917629e+01	7.449274142591090220e-01	8.606399755295409681e-01	0.000000000000000000e+00	1.000000000000000000e+00	0.000000000000000000e+00
1.316510000000000000e+05	8.725000000000000000e+03	5.000000000000000000e+01	2.371158658868682423e+01	2.413456750263377870e+01	9.196827058898268126e-01	8.433068115989936775e-01	0.000000000000000000e+00	1.000000000000000000e+00	0.000000000000000000e+00
1.316510000000000000e+05	8.810000000000000000e+03	3.900000000000000000e+01	2.395370896738237576e+01	2.736133498148843302e+01	5.461071925279441519e-01	7.052048383597812053e-01	0.000000000000000000e+00	1.000000000000000000e+00	0.000000000000000000e+00
1.316510000000000000e+05	8.812000000000000000e+03	4.000000000000000000e+01	2.393678773870572485e+01	2.841753884219356863e+01	6.011287102591532649e-01	9.066205034023554488e-01	0.000000000000000000e+00	1.000000000000000000e+00	0.000000000000000000e+00
1.316510000000000000e+05	8.814000000000000000e+03	4.500000000000000000e+01	2.354897319231022124e+01	2.393302245461983802e+01	7.969905001874615369e-01	7.306918561732728135e-01	0.000000000000000000e+00	1.000000000000000000e+00	0.000000000000000000e+00
1.316510000000000000e+05	8.815000000000000000e+03	4.100000000000000000e+01	2.397003312788601193e+01	2.619633762920845044e+01	8.838764666873609732e-01	6.447670332795896186e-01	0.000000000000000000e+00	1.000000000000000000e+00	0.000000000000000000e+00
1.316510000000000000e+05	8.823000000000000000e+03	4.400000000000000000e+01	2.402227184242685709e+01	2.619984927994966739e+01	5.467395373395153024e-01	6.611229665222241314e-01	0.000000000000000000e+00	1.000000000000000000e+00	0.000000000000000000e+00
1.316510000000000000e+05	8.831000000000000000e+03	4.400000000000000000e+01	2.399962557479182124e+01	2.386830688330109140e+01	5.457935847343055036e-01	8.475199381368280216e-01	0.000000000000000000e+00	1.000000000000000000e+00	0.000000000000000000e+00
1.316530000000000000e+05	8.579000000000000000e+03	5.200000000000000000e+01	2.200838121476120079e+01	2.469729516294302840e+01	7.665145565267550420e-01	6.419111408230979698e-01	0.000000000000000000e+00	1.000000000000000000e+00	0.000000000000000000e+00
1.316530000000000000e+05	8.583000000000000000e+03	6.000000000000000000e+01	2.217036724899923783e+01	2.429189082503916808e+01	6.649865274945446769e-01	9.051533872874331088e-01	0.000000000000000000e+00	1.000000000000000000e+00	0.000000000000000000e+00
1.316530000000000000e+05	8.705000000000000000e+03	5.700000000000000000e+01	2.197853055054851978e+01	2.414513990803601118e+01	8.161938125415303391e-01	8.516859426239842268e-01	0.000000000000000000e+00	1.000000000000000000e+00	0.000000000000000000e+00
1.316530000000000000e+05	8.711000000000000000e+03	6.700000000000000000e+01	2.199940238837541884e+01	2.251657749377830342e+01	6.879438950394672903e-01	6.970265666595182319e-01	0.000000000000000000e+00	1.000000000000000000e+00	0.000000000000000000e+00
1.316530000000000000e+05	8.718000000000000000e+03	6.000000000000000000e+01	2.195393856132510990e+01	2.385125905999757023e+01	7.827695391735047803e-01	9.827887204615174399e-01	0.000000000000000000e+00	1.000000000000000000e+00	0.000000000000000000e+00
1.316530000000000000e+05	8.720000000000000000e+03	5.900000000000000000e+01	2.179303484784542277e+01	2.536129904235122723e+01	6.308940709577898209e-01	8.341448493943934839e-01	0.000000000000000000e+00	1.000000000000000000e+00	0.000000000000000000e+00
1.316530000000000000e+05	8.721000000000000000e+03	4.800000000000000000e+01	2.192308685321421535e+01	2.566438848915599991e+01	8.190902449224136683e-01	7.489347040416375334e-01	0.000000000000000000e+00	1.000000000000000000e+00	0.000000000000000000e+00
1.316530000000000000e+05	8.722000000000000000e+03	6.500000000000000000e+01	2.181790898797242662e+01	2.513917194961290491e+01	8.277097771838645146e-01	1.151420710063399744e+00	0.000000000000000000e+00	1.000000000000000000e+00	0.000000000000000000e+00
1.316530000000000000e+05	8.724000000000000000e+03	6.000000000000000000e+01	2.200688763353733535e+01	2.522409268433504081e+01	6.142132489235573312e-01	7.574486154123831749e-01	0.000000000000000000e+00	1.000000000000000000e+00	0.000000000000000000e+00
1.316530000000000000e+05	8.725000000000000000e+03	6.800000000000000000e+01	2.199702358929780033e+01	2.404979872512275207e+01	7.809879950606681831e-01	9.547500466725434842e-01	0.000000000000000000e+00	1.000000000000000000e+00	0.000000000000000000e+00
1.316530000000000000e+05	8.727000000000000000e+03	4.100000000000000000e+01	2.185354610870530578e+01	2.710090664054665766e+01	8.902617195716211462e-01	6.920044920348151773e-01	0.000000000000000000e+00	1.000000000000000000e+00	0.000000000000000000e+00
1.316530000000000000e+05	8.812000000000000000e+03	5.500000000000000000e+01	2.188742178049080422e+01	2.812504197329391076e+01	7.501241650707218822e-01	9.504406653085480938e-01	0.000000000000000000e+00	1.000000000000000000e+00	0.000000000000000000e+00
1.316530000000000000e+05	8.814000000000000000e+03	5.100000000000000000e+01	2.218410837038748795e+01	2.403222499436314763e+01	7.504621670166645719e-01	7.423901563724429886e-01	0.000000000000000000e+00	1.000000000000000000e+00	0.000000000000000000e+00
1.316530000000000000e+05	8.815000000000000000e+03	5.100000000000000000e+01	2.216202331171508177e+01	2.615619986758406057e+01	7.495985046815075714e-01	6.878001213783875301e-01	0.000000000000000000e+00	1.000000000000000000e+00	0.000000000000000000e+00
1.316530000000000000e+05	8.816000000000000000e+03	7.200000000000000000e+01	2.201400293876785952e+01	2.501305574111136565e+01	7.175200588386494438e-01	8.855568271654401524e-01	0.000000000000000000e+00	1.000000000000000000e+00	0.000000000000000000e+00
1.316530000000000000e+05	8.823000000000000000e+03	5.100000000000000000e+01	2.194009030796907211e+01	2.617261349838452489e+01	7.392821403921242540e-01	7.290548997315681179e-01	0.000000000000000000e+00	1.000000000000000000e+00	0.000000000000000000e+00
1.316540000000000000e+05	8.579000000000000000e+03	4.900000000000000000e+01	2.691084490986143862e+01	2.489363397556562063e+01	6.272497489153062711e-01	8.462242340160407439e-01	0.000000000000000000e+00	1.000000000000000000e+00	0.000000000000000000e+00
1.316540000000000000e+05	8.685000000000000000e+03	3.700000000000000000e+01	2.671334600654951075e+01	2.468096303219476439e+01	8.332696314472384236e-01	7.177820324985488831e-01	0.000000000000000000e+00	1.000000000000000000e+00	0.000000000000000000e+00
1.316540000000000000e+05	8.700000000000000000e+03	5.000000000000000000e+01	2.689331085846249891e+01	2.049552025613716921e+01	6.919199362851219393e-01	8.577773767651677428e-01	0.000000000000000000e+00	1.000000000000000000e+00	0.000000000000000000e+00
1.316540000000000000e+05	8.703000000000000000e+03	4.000000000000000000e+01	2.668476811904203316e+01	2.392910316905491896e+01	7.130670267682390762e-01	5.187943353794249868e-01	0.000000000000000000e+00	1.000000000000000000e+00	0.000000000000000000e+00
1.316540000000000000e+05	8.720000000000000000e+03	5.200000000000000000e+01	2.693928264437438713e+01	2.568179124512115408e+01	5.584988327062408997e-01	8.921163103678066975e-01	0.000000000000000000e+00	1.000000000000000000e+00	0.000000000000000000e+00
1.316540000000000000e+05	8.722000000000000000e+03	4.100000000000000000e+01	2.671392499146107014e+01	2.543766875616007184e+01	7.532539792105240606e-01	8.190196964049650807e-01	0.000000000000000000e+00	1.000000000000000000e+00	0.000000000000000000e+00
1.316540000000000000e+05	8.725000000000000000e+03	4.300000000000000000e+01	2.689908885383614034e+01	2.423003168814566877e+01	5.801593436441945251e-01	8.897215854651799871e-01	0.000000000000000000e+00	1.000000000000000000e+00	0.000000000000000000e+00
1.316540000000000000e+05	8.727000000000000000e+03	3.700000000000000000e+01	2.662841279382922366e+01	2.712668006369452911e+01	6.939071337050723987e-01	8.043606385627370958e-01	0.000000000000000000e+00	1.000000000000000000e+00	0.000000000000000000e+00
1.316540000000000000e+05	8.814000000000000000e+03	3.300000000000000000e+01	2.709096246738819502e+01	2.400230140103986542e+01	5.912521430458168581e-01	8.179301864511553388e-01	0.000000000000000000e+00	1.000000000000000000e+00	0.000000000000000000e+00
1.316540000000000000e+05	8.816000000000000000e+03	3.800000000000000000e+01	2.680221190634974704e+01	2.524018884371414728e+01	7.583801599885443556e-01	1.071127407686243815e+00	0.000000000000000000e+00	1.000000000000000000e+00	0.000000000000000000e+00
1.316540000000000000e+05	8.823000000000000000e+03	3.100000000000000000e+01	2.693103416017148533e+01	2.623159057825344576e+01	5.234278253702677741e-01	6.482556023162615588e-01	0.000000000000000000e+00	1.000000000000000000e+00	0.000000000000000000e+00
1.316540000000000000e+05	8.824000000000000000e+03	3.300000000000000000e+01	2.692735741296855778e+01	2.419542791345159927e+01	5.503679318832694900e-01	6.806499773525065411e-01	0.000000000000000000e+00	1.000000000000000000e+00	0.000000000000000000e+00
1.316540000000000000e+05	8.828000000000000000e+03	4.400000000000000000e+01	2.645033179937200174e+01	2.512163414549202400e+01	8.275422925100309746e-01	8.035807130270247178e-01	0.000000000000000000e+00	1.000000000000000000e+00	0.000000000000000000e+00
1.316540000000000000e+05	8.831000000000000000e+03	4.200000000000000000e+01	2.683701309806798463e+01	2.389307106560746874e+01	6.997585299585749041e-01	8.160141773303734025e-01	0.000000000000000000e+00	1.000000000000000000e+00	0.000000000000000000e+00
1.316550000000000000e+05	8.576000000000000000e+03	5.700000000000000000e+01	2.824404417794752220e+01	2.216733211704629980e+01	7.674589118263280829e-01	9.494479604663662586e-01	0.000000000000000000e+00	1.000000000000000000e+00	0.000000000000000000e+00
1.316550000000000000e+05	8.577000000000000000e+03	4.400000000000000000e+01	2.829374262206063761e+01	2.405873773551144268e+01	7.171212277570110372e-01	8.349422796948229308e-01	0.000000000000000000e+00	1.000000000000000000e+00	0.000000000000000000e+00
1.316550000000000000e+05	8.579000000000000000e+03	5.900000000000000000e+01	2.800180148901481303e+01	2.477204256754520983e+01	8.037896735083496225e-01	9.519277370066207000e-01	0.000000000000000000e+00	1.000000000000000000e+00	0.000000000000000000e+00
1.316550000000000000e+05	8.581000000000000000e+03	4.700000000000000000e+01	2.810496288509417795e+01	2.228771019369616369e+01	6.937611876360438856e-01	1.243206211708308917e+00	0.000000000000000000e+00	1.000000000000000000e+00	0.000000000000000000e+00
1.316550000000000000e+05	8.583000000000000000e+03	6.200000000000000000e+01	2.805985789033825739e+01	2.414242063726469922e+01	6.176976319242647451e-01	1.084943048748509886e+00	0.000000000000000000e+00	1.000000000000000000e+00	0.000000000000000000e+00
1.316550000000000000e+05	8.584000000000000000e+03	6.500000000000000000e+01	2.801870626580707579e+01	2.120885959324852976e+01	8.770236156590649479e-01	6.674315241346775451e-01	0.000000000000000000e+00	1.000000000000000000e+00	0.000000000000000000e+00
1.316550000000000000e+05	8.586000000000000000e+03	5.000000000000000000e+01	2.819755492686461906e+01	2.439562702917677228e+01	9.256945094460237167e-01	7.523368770559391017e-01	0.000000000000000000e+00	1.000000000000000000e+00	0.000000000000000000e+00
1.316550000000000000e+05	8.588000000000000000e+03	2.700000000000000000e+01	2.802567066868578749e+01	2.332160314021595582e+01	5.302749070535617282e-01	7.608661554603413091e-01	0.000000000000000000e+00	1.000000000000000000e+00	0.000000000000000000e+00
1.316550000000000000e+05	8.589000000000000000e+03	4.600000000000000000e+01	2.824885623060252371e+01	2.214188325471857510e+01	7.282558562400138769e-01	6.437601271695327920e-01	0.000000000000000000e+00	1.000000000000000000e+00	0.000000000000000000e+00
1.316550000000000000e+05	8.593000000000000000e+03	3.800000000000000000e+01	2.827804747534577601e+01	2.395250778415345394e+01	7.384464331434450468e-01	7.724436509223997493e-01	0.000000000000000000e+00	1.000000000000000000e+00	0.000000000000000000e+00
1.316550000000000000e+05	8.594000000000000000e+03	5.800000000000000000e+01	2.820612999793095810e+01	2.116548929352344999e+01	8.880904838358406606e-01	8.486492273205753500e-01	0.000000000000000000e+00	1.000000000000000000e+00	0.000000000000000000e+00
1.316550000000000000e+05	8.595000000000000000e+03	6.000000000000000000e+01	2.838178023055482058e+01	2.189183494872883173e+01	6.963659724523052486e-01	8.928217094263933840e-01	0.000000000000000000e+00	1.000000000000000000e+00	0.000000000000000000e+00
1.316550000000000000e+05	8.597000000000000000e+03	5.500000000000000000e+01	2.798358704304134292e+01	2.179915701015551122e+01	9.256744553481164317e-01	8.972217033947564868e-01	0.000000000000000000e+00	1.000000000000000000e+00	0.000000000000000000e+00
1.316550000000000000e+05	8.600000000000000000e+03	4.500000000000000000e+01	2.812166628767506182e+01	2.356509180415712734e+01	9.174189651426813974e-01	1.032520884338432365e+00	0.000000000000000000e+00	1.000000000000000000e+00	0.000000000000000000e+00
1.316550000000000000e+05	8.604000000000000000e+03	3.100000000000000000e+01	2.834008715333787620e+01	2.290713419935335082e+01	6.717361905358493201e-01	5.664082540995789561e-01	0.000000000000000000e+00	1.000000000000000000e+00	0.000000000000000000e+00
1.316550000000000000e+05	8.675000000000000000e+03	4.100000000000000000e+01	2.803377015525395777e+01	2.289501699596864626e+01	8.374839326586479560e-01	6.947579626861435376e-01	0.000000000000000000e+00	1.000000000000000000e+00	0.000000000000000000e+00
1.316550000000000000e+05	8.677000000000000000e+03	3.400000000000000000e+01	2.786926093571841534e+01	2.488805447011910843e+01	9.095212193976928150e-01	6.136893515094831164e-01	0.000000000000000000e+00	1.000000000000000000e+00	0.000000000000000000e+00
1.316550000000000000e+05	8.679000000000000000e+03	3.200000000000000000e+01	2.821179529534784436e+01	2.441460887105424860e+01	7.690179708110020940e-01	8.288599344873341934e-01	0.000000000000000000e+00	1.000000000000000000e+00	0.000000000000000000e+00
1.316550000000000000e+05	8.681000000000000000e+03	5.000000000000000000e+01	2.808351720074318436e+01	2.428950611286122907e+01	1.009603124013447317e+00	8.305742368444326562e-01	0.000000000000000000e+00	1.000000000000000000e+00	0.000000000000000000e+00
1.316550000000000000e+05	8.683000000000000000e+03	4.400000000000000000e+01	2.832430124742717226e+01	2.310147700883720745e+01	6.198149685346691085e-01	7.875875473467364163e-01	0.000000000000000000e+00	1.000000000000000000e+00	0.000000000000000000e+00
1.316550000000000000e+05	8.685000000000000000e+03	5.100000000000000000e+01	2.814195506015790471e+01	2.451132254246341802e+01	9.397165114864010071e-01	7.104867720118567265e-01	0.000000000000000000e+00	1.000000000000000000e+00	0.000000000000000000e+00
1.316550000000000000e+05	8.686000000000000000e+03	6.500000000000000000e+01	2.825210464970815494e+01	2.293873196762394784e+01	8.339788653263616736e-01	1.039249507431454944e+00	0.000000000000000000e+00	1.000000000000000000e+00	0.000000000000000000e+00
1.316550000000000000e+05	8.687000000000000000e+03	5.200000000000000000e+01	2.793621979776892772e+01	2.115278142940348616e+01	7.923857383272167043e-01	7.668511090860400392e-01	0.000000000000000000e+00	1.000000000000000000e+00	0.000000000000000000e+00
1.316550000000000000e+05	8.688000000000000000e+03	6.800000000000000000e+01	2.800363136076038728e+01	2.220426237836544914e+01	8.840220016127110503e-01	8.885450566137634842e-01	0.000000000000000000e+00	1.000000000000000000e+00	0.000000000000000000e+00
1.316550000000000000e+05	8.689000000000000000e+03	6.800000000000000000e+01	2.805834495800079509e+01	2.250052888036400489e+01	8.997556959106783880e-01	1.049969156721676455e+00	0.000000000000000000e+00	1.000000000000000000e+00	0.000000000000000000e+00
1.316550000000000000e+05	8.695000000000000000e+03	6.000000000000000000e+01	2.819179722880628347e+01	2.162677190848574682e+01	7.557991078315461353e-01	9.324731007813067407e-01	0.000000000000000000e+00	1.000000000000000000e+00	0.000000000000000000e+00
1.316550000000000000e+05	8.699000000000000000e+03	4.700000000000000000e+01	2.795404553599194131e+01	2.450415058381257083e+01	8.331092324572417773e-01	9.759618712759318138e-01	0.000000000000000000e+00	1.000000000000000000e+00	0.000000000000000000e+00
1.316550000000000000e+05	8.700000000000000000e+03	7.100000000000000000e+01	2.809787148344870999e+01	2.032245454251121686e+01	9.390091520892484001e-01	9.308391252354957235e-01	0.000000000000000000e+00	1.000000000000000000e+00	0.000000000000000000e+00
1.316550000000000000e+05	8.701000000000000000e+03	3.800000000000000000e+01	2.808463573053505868e+01	2.311084808491418130e+01	6.371687836049118037e-01	7.890033944540961741e-01	0.000000000000000000e+00	1.000000000000000000e+00	0.000000000000000000e+00
1.316550000000000000e+05	8.702000000000000000e+03	3.200000000000000000e+01	2.820992229429712950e+01	2.468875908917517492e+01	7.789281157853106263e-01	8.618441840653171537e-01	0.000000000000000000e+00	1.000000000000000000e+00	0.000000000000000000e+00
1.316550000000000000e+05	8.703000000000000000e+03	6.900000000000000000e+01	2.799994893973795129e+01	2.396201017534698252e+01	8.762263452395788743e-01	9.788585974939595369e-01	0.000000000000000000e+00	1.000000000000000000e+00	0.000000000000000000e+00
1.316550000000000000e+05	8.704000000000000000e+03	6.400000000000000000e+01	2.822579587614938035e+01	2.716603994523703491e+01	7.719996231278795085e-01	8.860560916045192581e-01	0.000000000000000000e+00	1.000000000000000000e+00	0.000000000000000000e+00
1.316550000000000000e+05	8.705000000000000000e+03	5.100000000000000000e+01	2.804260217309360570e+01	2.412626797451612859e+01	8.342407156639229937e-01	8.747393039791047098e-01	0.000000000000000000e+00	1.000000000000000000e+00	0.000000000000000000e+00
1.316550000000000000e+05	8.707000000000000000e+03	4.900000000000000000e+01	2.818285707311507338e+01	2.317830340255790489e+01	6.902556548179868967e-01	7.927046313632789554e-01	0.000000000000000000e+00	1.000000000000000000e+00	0.000000000000000000e+00
1.316550000000000000e+05	8.710000000000000000e+03	3.300000000000000000e+01	2.799598966381408616e+01	2.415925725733765361e+01	6.077641289855573170e-01	5.480006301762588850e-01	0.000000000000000000e+00	1.000000000000000000e+00	0.000000000000000000e+00
1.316550000000000000e+05	8.711000000000000000e+03	4.800000000000000000e+01	2.836508941487701563e+01	2.246881671339603415e+01	6.755366515175255104e-01	7.626890692759943358e-01	0.000000000000000000e+00	1.000000000000000000e+00	0.000000000000000000e+00
1.316550000000000000e+05	8.714000000000000000e+03	4.800000000000000000e+01	2.797013005702332578e+01	2.360325344948067894e+01	9.415568619569770759e-01	9.819645361253348526e-01	0.000000000000000000e+00	1.000000000000000000e+00	0.000000000000000000e+00
1.316550000000000000e+05	8.716000000000000000e+03	4.000000000000000000e+01	2.817814283106586970e+01	2.406538748824638319e+01	6.658228808383289676e-01	1.078410140311014676e+00	0.000000000000000000e+00	1.000000000000000000e+00	0.000000000000000000e+00
1.316550000000000000e+05	8.717000000000000000e+03	8.500000000000000000e+01	1.000000000000000000e+00	2.455609739466819263e+01	1.000000000000000000e+00	7.310046256371092177e-01	0.000000000000000000e+00	1.000000000000000000e+00	0.000000000000000000e+00
1.316550000000000000e+05	8.718000000000000000e+03	7.300000000000000000e+01	2.799946727116557099e+01	2.397990076886769018e+01	7.503701818890550213e-01	1.050079271284353855e+00	0.000000000000000000e+00	1.000000000000000000e+00	0.000000000000000000e+00
1.316550000000000000e+05	8.719000000000000000e+03	4.400000000000000000e+01	2.852895768260170328e+01	2.424964256996905121e+01	7.523258667121547338e-01	9.240095608420711981e-01	0.000000000000000000e+00	1.000000000000000000e+00	0.000000000000000000e+00
1.316550000000000000e+05	8.720000000000000000e+03	6.100000000000000000e+01	2.813992309879621345e+01	2.571603939466557165e+01	6.929311548704153445e-01	7.943977301636021560e-01	0.000000000000000000e+00	1.000000000000000000e+00	0.000000000000000000e+00
1.316550000000000000e+05	8.721000000000000000e+03	5.800000000000000000e+01	2.816672383975043203e+01	2.542964900243015691e+01	7.585257418167061783e-01	8.235845421869801841e-01	0.000000000000000000e+00	1.000000000000000000e+00	0.000000000000000000e+00
1.316550000000000000e+05	8.722000000000000000e+03	6.600000000000000000e+01	2.789399594127291593e+01	2.524350057762720567e+01	8.017975275960422810e-01	8.303684938435963447e-01	0.000000000000000000e+00	1.000000000000000000e+00	0.000000000000000000e+00
1.316550000000000000e+05	8.723000000000000000e+03	4.700000000000000000e+01	2.791180449553767318e+01	2.525247041711755003e+01	8.461812023354665646e-01	1.097198241391111218e+00	0.000000000000000000e+00	1.000000000000000000e+00	0.000000000000000000e+00
1.316550000000000000e+05	8.724000000000000000e+03	5.800000000000000000e+01	2.793720540614695835e+01	2.497304422931485490e+01	9.708483428127858694e-01	8.678705780083341148e-01	0.000000000000000000e+00	1.000000000000000000e+00	0.000000000000000000e+00
1.316550000000000000e+05	8.725000000000000000e+03	5.700000000000000000e+01	2.820333595558208728e+01	2.406537746815674694e+01	7.714369709371853290e-01	6.505624184593167270e-01	0.000000000000000000e+00	1.000000000000000000e+00	0.000000000000000000e+00
1.316550000000000000e+05	8.727000000000000000e+03	5.900000000000000000e+01	2.797356682397673211e+01	2.703166089218291646e+01	9.463581817432189514e-01	9.802299341672093824e-01	0.000000000000000000e+00	1.000000000000000000e+00	0.000000000000000000e+00
1.316550000000000000e+05	8.730000000000000000e+03	3.400000000000000000e+01	2.794551274877509783e+01	2.426136104034211272e+01	6.585867509001638309e-01	7.762962266992124993e-01	0.000000000000000000e+00	1.000000000000000000e+00	0.000000000000000000e+00
1.316550000000000000e+05	8.737000000000000000e+03	4.400000000000000000e+01	2.835358666768971503e+01	2.324373539771763575e+01	7.772914546179835460e-01	6.771789908774323852e-01	0.000000000000000000e+00	1.000000000000000000e+00	0.000000000000000000e+00
1.316550000000000000e+05	8.738000000000000000e+03	3.800000000000000000e+01	2.823057454700748181e+01	2.563164986748835616e+01	8.886312464495579322e-01	6.923520974883704548e-01	0.000000000000000000e+00	1.000000000000000000e+00	0.000000000000000000e+00
1.316550000000000000e+05	8.805000000000000000e+03	4.200000000000000000e+01	2.811829998411386811e+01	2.618306289730500325e+01	7.595298982821536704e-01	6.815565902204362425e-01	0.000000000000000000e+00	1.000000000000000000e+00	0.000000000000000000e+00
1.316550000000000000e+05	8.808000000000000000e+03	4.300000000000000000e+01	2.814634863798368869e+01	2.489282467038424684e+01	7.703388526764505251e-01	9.289738618767886535e-01	0.000000000000000000e+00	1.000000000000000000e+00	0.000000000000000000e+00
1.316550000000000000e+05	8.810000000000000000e+03	5.600000000000000000e+01	2.804558363797944764e+01	2.752179081414655215e+01	9.491303581850935034e-01	7.223842036341884265e-01	0.000000000000000000e+00	1.000000000000000000e+00	0.000000000000000000e+00
1.316550000000000000e+05	8.811000000000000000e+03	4.500000000000000000e+01	2.812762889557259172e+01	2.685150450276758960e+01	8.810853679474253131e-01	7.663035358754280990e-01	0.000000000000000000e+00	1.000000000000000000e+00	0.000000000000000000e+00
1.316550000000000000e+05	8.812000000000000000e+03	5.000000000000000000e+01	2.786954145841036024e+01	2.824014783372825121e+01	9.804719991360321130e-01	8.444103901319806038e-01	0.000000000000000000e+00	1.000000000000000000e+00	0.000000000000000000e+00
1.316550000000000000e+05	8.813000000000000000e+03	6.000000000000000000e+01	2.821233427056389687e+01	2.580698526276902172e+01	7.898915906932790776e-01	6.714063574731984341e-01	0.000000000000000000e+00	1.000000000000000000e+00	0.000000000000000000e+00
1.316550000000000000e+05	8.814000000000000000e+03	6.200000000000000000e+01	2.815607743988680767e+01	2.412169060686067823e+01	7.233494912372767649e-01	7.950967447314702952e-01	0.000000000000000000e+00	1.000000000000000000e+00	0.000000000000000000e+00
1.316550000000000000e+05	8.815000000000000000e+03	4.700000000000000000e+01	2.803224609117963340e+01	2.627565646227958140e+01	8.249377791542623628e-01	8.511243038515211579e-01	0.000000000000000000e+00	1.000000000000000000e+00	0.000000000000000000e+00
1.316550000000000000e+05	8.817000000000000000e+03	4.800000000000000000e+01	2.825494097689444573e+01	2.358633482491735833e+01	6.294207953482999773e-01	5.647025962592883142e-01	0.000000000000000000e+00	1.000000000000000000e+00	0.000000000000000000e+00
1.316550000000000000e+05	8.819000000000000000e+03	5.700000000000000000e+01	2.810105601405344444e+01	2.465541506290424323e+01	8.314272063737186969e-01	8.919096892909676999e-01	0.000000000000000000e+00	1.000000000000000000e+00	0.000000000000000000e+00
1.316550000000000000e+05	8.821000000000000000e+03	4.700000000000000000e+01	2.798068550534136634e+01	2.417694783467332442e+01	6.187043551850820444e-01	7.367604315964734196e-01	0.000000000000000000e+00	1.000000000000000000e+00	0.000000000000000000e+00
1.316550000000000000e+05	8.822000000000000000e+03	4.600000000000000000e+01	2.806305034346156901e+01	2.495943817864025505e+01	7.699344826606649983e-01	9.150672429294661736e-01	0.000000000000000000e+00	1.000000000000000000e+00	0.000000000000000000e+00
1.316550000000000000e+05	8.823000000000000000e+03	6.200000000000000000e+01	2.807850786842865176e+01	2.615359364237064099e+01	6.540258131698852839e-01	9.338735537969896638e-01	0.000000000000000000e+00	1.000000000000000000e+00	0.000000000000000000e+00
1.316550000000000000e+05	8.824000000000000000e+03	6.700000000000000000e+01	2.799347789630682115e+01	2.413033170178965392e+01	6.865323966849716797e-01	1.012661114780532889e+00	0.000000000000000000e+00	1.000000000000000000e+00	0.000000000000000000e+00
1.316550000000000000e+05	8.825000000000000000e+03	4.500000000000000000e+01	2.792448592684253583e+01	2.590406591758840449e+01	8.406349671669889334e-01	1.059363782395613685e+00	0.000000000000000000e+00	1.000000000000000000e+00	0.000000000000000000e+00
1.316550000000000000e+05	8.827000000000000000e+03	5.200000000000000000e+01	2.808569682248810651e+01	2.490900713991291582e+01	6.827419497436061357e-01	9.163430769599598680e-01	0.000000000000000000e+00	1.000000000000000000e+00	0.000000000000000000e+00
1.316550000000000000e+05	8.828000000000000000e+03	5.900000000000000000e+01	2.780799687187620606e+01	2.508178908423629494e+01	8.140912538598479298e-01	8.509279013020526472e-01	0.000000000000000000e+00	1.000000000000000000e+00	0.000000000000000000e+00
1.316550000000000000e+05	8.829000000000000000e+03	5.200000000000000000e+01	2.794789347447314753e+01	2.524664149546816461e+01	6.132366459840750128e-01	9.083361654154318288e-01	0.000000000000000000e+00	1.000000000000000000e+00	0.000000000000000000e+00
1.316550000000000000e+05	8.831000000000000000e+03	5.200000000000000000e+01	2.798655730403606512e+01	2.379930689706698033e+01	1.105477752714557838e+00	6.172706999273225303e-01	0.000000000000000000e+00	1.000000000000000000e+00	0.000000000000000000e+00
1.316580000000000000e+05	8.576000000000000000e+03	6.100000000000000000e+01	2.821419903711758437e+01	2.223019246608925314e+01	7.898992333568484181e-01	9.448362571150671352e-01	0.000000000000000000e+00	1.000000000000000000e+00	0.000000000000000000e+00
1.316580000000000000e+05	8.577000000000000000e+03	4.700000000000000000e+01	2.825088904257869515e+01	2.400708893035099223e+01	9.029227324867429294e-01	5.312214945033736369e-01	0.000000000000000000e+00	1.000000000000000000e+00	0.000000000000000000e+00
1.316580000000000000e+05	8.578000000000000000e+03	3.800000000000000000e+01	2.808048738503003250e+01	2.192846158225143682e+01	6.842126718699681476e-01	7.619808227690584301e-01	0.000000000000000000e+00	1.000000000000000000e+00	0.000000000000000000e+00
1.316580000000000000e+05	8.579000000000000000e+03	7.000000000000000000e+01	2.827543436810358557e+01	2.482279984580509691e+01	7.314122889984165932e-01	8.096417569553550075e-01	0.000000000000000000e+00	1.000000000000000000e+00	0.000000000000000000e+00
1.316580000000000000e+05	8.583000000000000000e+03	6.000000000000000000e+01	2.809736650472751052e+01	2.436286761657002486e+01	8.521323758303126494e-01	9.092016116981203044e-01	0.000000000000000000e+00	1.000000000000000000e+00	0.000000000000000000e+00
1.316580000000000000e+05	8.586000000000000000e+03	4.900000000000000000e+01	2.834442272204224977e+01	2.428523890752051173e+01	7.620806638973142144e-01	7.404143046308827580e-01	0.000000000000000000e+00	1.000000000000000000e+00	0.000000000000000000e+00
1.316580000000000000e+05	8.591000000000000000e+03	4.600000000000000000e+01	2.838853969984466730e+01	2.100656494699689247e+01	7.017729047273061349e-01	7.731255732358942589e-01	0.000000000000000000e+00	1.000000000000000000e+00	0.000000000000000000e+00
1.316580000000000000e+05	8.592000000000000000e+03	6.400000000000000000e+01	2.814642672269426882e+01	1.941952557967805504e+01	7.509557272047409082e-01	9.280200819056656503e-01	0.000000000000000000e+00	1.000000000000000000e+00	0.000000000000000000e+00
1.316580000000000000e+05	8.593000000000000000e+03	4.700000000000000000e+01	2.831155827082057641e+01	2.382874628850603571e+01	8.582697277468971375e-01	8.344986185879169627e-01	0.000000000000000000e+00	1.000000000000000000e+00	0.000000000000000000e+00
1.316580000000000000e+05	8.597000000000000000e+03	7.100000000000000000e+01	2.822779035981018936e+01	2.203887665611403435e+01	1.181957980803965080e+00	9.061090073374153953e-01	0.000000000000000000e+00	1.000000000000000000e+00	0.000000000000000000e+00
1.316580000000000000e+05	8.598000000000000000e+03	5.100000000000000000e+01	2.826388799489922121e+01	2.202292947446009208e+01	7.542876414123085294e-01	8.692616792187142227e-01	0.000000000000000000e+00	1.000000000000000000e+00	0.000000000000000000e+00
1.316580000000000000e+05	8.599000000000000000e+03	4.900000000000000000e+01	2.830854158422895139e+01	2.242118785489640231e+01	8.925985130692658531e-01	7.623026866967002046e-01	0.000000000000000000e+00	1.000000000000000000e+00	0.000000000000000000e+00
1.316580000000000000e+05	8.653000000000000000e+03	2.700000000000000000e+01	2.860511171170442069e+01	2.459578102213993489e+01	6.568519023446969252e-01	7.502082079301155559e-01	0.000000000000000000e+00	1.000000000000000000e+00	0.000000000000000000e+00
1.316580000000000000e+05	8.668000000000000000e+03	4.200000000000000000e+01	2.815216190251361894e+01	2.356813159405732705e+01	7.995028084422851622e-01	9.849280364753879580e-01	0.000000000000000000e+00	1.000000000000000000e+00	0.000000000000000000e+00
1.316580000000000000e+05	8.680000000000000000e+03	4.200000000000000000e+01	2.851194748412677527e+01	2.109409326884817659e+01	5.580039397316131078e-01	5.665588430167536327e-01	0.000000000000000000e+00	1.000000000000000000e+00	0.000000000000000000e+00
1.316580000000000000e+05	8.681000000000000000e+03	3.300000000000000000e+01	2.833404800060519335e+01	2.446677539164579684e+01	6.368853505732680054e-01	7.975639202631656932e-01	0.000000000000000000e+00	1.000000000000000000e+00	0.000000000000000000e+00
1.316580000000000000e+05	8.683000000000000000e+03	4.400000000000000000e+01	2.825327391317402004e+01	2.343183424430697315e+01	1.023582420708179841e+00	6.525596698887837777e-01	0.000000000000000000e+00	1.000000000000000000e+00	0.000000000000000000e+00
1.316580000000000000e+05	8.685000000000000000e+03	4.200000000000000000e+01	2.818134652832302933e+01	2.448539059984623378e+01	8.104007061799888278e-01	7.231293481156184644e-01	0.000000000000000000e+00	1.000000000000000000e+00	0.000000000000000000e+00
1.316580000000000000e+05	8.686000000000000000e+03	5.700000000000000000e+01	2.843965435127834240e+01	2.281829679684673806e+01	6.286429501282537746e-01	8.412353049193178611e-01	0.000000000000000000e+00	1.000000000000000000e+00	0.000000000000000000e+00
1.316580000000000000e+05	8.688000000000000000e+03	7.000000000000000000e+01	2.842059917421925164e+01	2.241682956612403288e+01	7.800613742417398244e-01	8.839067131400720756e-01	0.000000000000000000e+00	1.000000000000000000e+00	0.000000000000000000e+00
1.316580000000000000e+05	8.689000000000000000e+03	6.100000000000000000e+01	2.851056827754769785e+01	2.250762737619668741e+01	6.903796598857858680e-01	9.798364374016304001e-01	0.000000000000000000e+00	1.000000000000000000e+00	0.000000000000000000e+00
1.316580000000000000e+05	8.693000000000000000e+03	6.300000000000000000e+01	2.828261554896458208e+01	2.221364290109374551e+01	8.281751088156421581e-01	8.767684286192890530e-01	0.000000000000000000e+00	1.000000000000000000e+00	0.000000000000000000e+00
1.316580000000000000e+05	8.695000000000000000e+03	5.000000000000000000e+01	2.835750656458996488e+01	2.175345367292283427e+01	7.753563119290645123e-01	8.383795245862570855e-01	0.000000000000000000e+00	1.000000000000000000e+00	0.000000000000000000e+00
1.316580000000000000e+05	8.699000000000000000e+03	4.000000000000000000e+01	2.825189849909408224e+01	2.474783784312789336e+01	7.866380956682718084e-01	8.073589252048896103e-01	0.000000000000000000e+00	1.000000000000000000e+00	0.000000000000000000e+00
1.316580000000000000e+05	8.700000000000000000e+03	6.400000000000000000e+01	2.823509871900521873e+01	2.067326503734075516e+01	8.544052738289946713e-01	7.880288321896032899e-01	0.000000000000000000e+00	1.000000000000000000e+00	0.000000000000000000e+00
1.316580000000000000e+05	8.703000000000000000e+03	6.600000000000000000e+01	2.841929824760257262e+01	2.390441782952197158e+01	8.430174982326757993e-01	1.049982442787315007e+00	0.000000000000000000e+00	1.000000000000000000e+00	0.000000000000000000e+00
1.316580000000000000e+05	8.704000000000000000e+03	5.900000000000000000e+01	2.846367015583287952e+01	2.708368178928985515e+01	7.600572465733763661e-01	8.630239077852250862e-01	0.000000000000000000e+00	1.000000000000000000e+00	0.000000000000000000e+00
1.316580000000000000e+05	8.705000000000000000e+03	4.900000000000000000e+01	2.829809657054705596e+01	2.401260733301176487e+01	7.404498648813917505e-01	6.833670017743517233e-01	0.000000000000000000e+00	1.000000000000000000e+00	0.000000000000000000e+00
1.316580000000000000e+05	8.706000000000000000e+03	3.900000000000000000e+01	2.832593997258763707e+01	2.455830924423216288e+01	7.344302746890037925e-01	7.834061805307905857e-01	0.000000000000000000e+00	1.000000000000000000e+00	0.000000000000000000e+00
1.316580000000000000e+05	8.707000000000000000e+03	5.900000000000000000e+01	2.822573125535952698e+01	2.317617524970262011e+01	9.154566190767282619e-01	8.044797138033612516e-01	0.000000000000000000e+00	1.000000000000000000e+00	0.000000000000000000e+00
1.316580000000000000e+05	8.708000000000000000e+03	3.100000000000000000e+01	2.825155343247876516e+01	2.471244347088881455e+01	7.861142684240195466e-01	5.490519327538881944e-01	0.000000000000000000e+00	1.000000000000000000e+00	0.000000000000000000e+00
1.316580000000000000e+05	8.709000000000000000e+03	4.100000000000000000e+01	2.831649751579562135e+01	2.556472494334927958e+01	6.731376595531859408e-01	9.774853540738248636e-01	0.000000000000000000e+00	1.000000000000000000e+00	0.000000000000000000e+00
1.316580000000000000e+05	8.711000000000000000e+03	6.200000000000000000e+01	2.834477499944752310e+01	2.229933898385638358e+01	9.401637808850568101e-01	7.864567432474685038e-01	0.000000000000000000e+00	1.000000000000000000e+00	0.000000000000000000e+00
1.316580000000000000e+05	8.712000000000000000e+03	5.300000000000000000e+01	2.823962239222249693e+01	2.444261708440847158e+01	8.603399882107040098e-01	6.205616480157832848e-01	0.000000000000000000e+00	1.000000000000000000e+00	0.000000000000000000e+00
1.316580000000000000e+05	8.716000000000000000e+03	3.900000000000000000e+01	2.830983747765408154e+01	2.417853698883498481e+01	7.847724085112344206e-01	9.706273628548333088e-01	0.000000000000000000e+00	1.000000000000000000e+00	0.000000000000000000e+00
1.316580000000000000e+05	8.718000000000000000e+03	7.000000000000000000e+01	2.833407716527475984e+01	2.402880075125623449e+01	8.381018304721592482e-01	7.192453877114093341e-01	0.000000000000000000e+00	1.000000000000000000e+00	0.000000000000000000e+00
1.316580000000000000e+05	8.719000000000000000e+03	4.000000000000000000e+01	2.826368596978340619e+01	2.438941372657533080e+01	9.541277540364573317e-01	6.918582717342295352e-01	0.000000000000000000e+00	1.000000000000000000e+00	0.000000000000000000e+00
1.316580000000000000e+05	8.720000000000000000e+03	5.400000000000000000e+01	2.828817761960157640e+01	2.582837056490180316e+01	8.633455922718393794e-01	7.358656263029103028e-01	0.000000000000000000e+00	1.000000000000000000e+00	0.000000000000000000e+00
1.316580000000000000e+05	8.721000000000000000e+03	5.000000000000000000e+01	2.827112494354357608e+01	2.525347377218143308e+01	8.070475713704293730e-01	8.407172371043696302e-01	0.000000000000000000e+00	1.000000000000000000e+00	0.000000000000000000e+00
1.316580000000000000e+05	8.724000000000000000e+03	6.900000000000000000e+01	2.831340123773630779e+01	2.491574081813264030e+01	9.051067903637980416e-01	8.464508183389828355e-01	0.000000000000000000e+00	1.000000000000000000e+00	0.000000000000000000e+00
1.316580000000000000e+05	8.725000000000000000e+03	6.800000000000000000e+01	2.833004391590234405e+01	2.421466251492531896e+01	8.737045366980975558e-01	7.117432069150296803e-01	0.000000000000000000e+00	1.000000000000000000e+00	0.000000000000000000e+00
1.316580000000000000e+05	8.726000000000000000e+03	5.700000000000000000e+01	2.827027594691496404e+01	2.415212626262914597e+01	1.114292166097742731e+00	6.807079556160622325e-01	0.000000000000000000e+00	1.000000000000000000e+00	0.000000000000000000e+00
1.316580000000000000e+05	8.727000000000000000e+03	6.100000000000000000e+01	2.845434752420295155e+01	2.700983624765696334e+01	7.813373108702907910e-01	7.934166613587781969e-01	0.000000000000000000e+00	1.000000000000000000e+00	0.000000000000000000e+00
1.316580000000000000e+05	8.728000000000000000e+03	4.200000000000000000e+01	2.832508505850386271e+01	2.548943764518448418e+01	8.805960020312534331e-01	7.078318857379453100e-01	0.000000000000000000e+00	1.000000000000000000e+00	0.000000000000000000e+00
1.316580000000000000e+05	8.730000000000000000e+03	3.400000000000000000e+01	2.855386627212413941e+01	2.406863785582651261e+01	5.507341558013665317e-01	1.004315128524252421e+00	0.000000000000000000e+00	1.000000000000000000e+00	0.000000000000000000e+00
1.316580000000000000e+05	8.735000000000000000e+03	3.300000000000000000e+01	2.826503440409910084e+01	2.411040674247873739e+01	7.246571473495975191e-01	6.288907523236321184e-01	0.000000000000000000e+00	1.000000000000000000e+00	0.000000000000000000e+00
1.316580000000000000e+05	8.777000000000000000e+03	3.000000000000000000e+01	2.829631330600414429e+01	2.541770788213198529e+01	7.507046162575274906e-01	6.211185436830588547e-01	0.000000000000000000e+00	1.000000000000000000e+00	0.000000000000000000e+00
1.316580000000000000e+05	8.799000000000000000e+03	2.300000000000000000e+01	2.846475150223536588e+01	2.584786782069214439e+01	6.861217460608540764e-01	5.846427593545939772e-01	0.000000000000000000e+00	1.000000000000000000e+00	0.000000000000000000e+00
1.316580000000000000e+05	8.803000000000000000e+03	4.000000000000000000e+01	2.840111966212967332e+01	2.484853931832478580e+01	6.174430295265934676e-01	7.531598528646948898e-01	0.000000000000000000e+00	1.000000000000000000e+00	0.000000000000000000e+00
1.316580000000000000e+05	8.808000000000000000e+03	4.600000000000000000e+01	2.812929535723029417e+01	2.510120486827373298e+01	8.529401598716555011e-01	8.529565617382844911e-01	0.000000000000000000e+00	1.000000000000000000e+00	0.000000000000000000e+00
1.316580000000000000e+05	8.809000000000000000e+03	3.000000000000000000e+01	2.856037758322539588e+01	2.402781104050539795e+01	7.590389769248337970e-01	6.265096463786200554e-01	0.000000000000000000e+00	1.000000000000000000e+00	0.000000000000000000e+00
1.316580000000000000e+05	8.810000000000000000e+03	4.400000000000000000e+01	2.835228465173723933e+01	2.771478364026329544e+01	7.658394873154086291e-01	7.659902356995651473e-01	0.000000000000000000e+00	1.000000000000000000e+00	0.000000000000000000e+00
1.316580000000000000e+05	8.812000000000000000e+03	4.500000000000000000e+01	2.844589439170062661e+01	2.799917324732106749e+01	9.320129430375909685e-01	9.373927314800192256e-01	0.000000000000000000e+00	1.000000000000000000e+00	0.000000000000000000e+00
1.316580000000000000e+05	8.814000000000000000e+03	5.000000000000000000e+01	2.850911414882852313e+01	2.407712667898780268e+01	5.803166246365868419e-01	6.793199692224185515e-01	0.000000000000000000e+00	1.000000000000000000e+00	0.000000000000000000e+00
1.316580000000000000e+05	8.815000000000000000e+03	4.800000000000000000e+01	2.855186427532048654e+01	2.615828362093525428e+01	7.160612818133252899e-01	8.545239425594313154e-01	0.000000000000000000e+00	1.000000000000000000e+00	0.000000000000000000e+00
1.316580000000000000e+05	8.816000000000000000e+03	5.300000000000000000e+01	2.850759037150577413e+01	2.529169885263286943e+01	6.103648492577185003e-01	7.733204960682338314e-01	0.000000000000000000e+00	1.000000000000000000e+00	0.000000000000000000e+00
1.316580000000000000e+05	8.817000000000000000e+03	6.400000000000000000e+01	2.829176839236346197e+01	2.388838201207940060e+01	5.792153902425402068e-01	7.029141367634176296e-01	0.000000000000000000e+00	1.000000000000000000e+00	0.000000000000000000e+00
1.316580000000000000e+05	8.818000000000000000e+03	3.600000000000000000e+01	2.846295442560649036e+01	2.518787009263463261e+01	6.970146029711598024e-01	7.050715121399099283e-01	0.000000000000000000e+00	1.000000000000000000e+00	0.000000000000000000e+00
1.316580000000000000e+05	8.819000000000000000e+03	5.400000000000000000e+01	2.810023204894125826e+01	2.444578796790293751e+01	9.705323159836594105e-01	8.547468448001249719e-01	0.000000000000000000e+00	1.000000000000000000e+00	0.000000000000000000e+00
1.316580000000000000e+05	8.821000000000000000e+03	5.100000000000000000e+01	2.797721109038279863e+01	2.411394958111496578e+01	6.516733613757857979e-01	8.656830569879245818e-01	0.000000000000000000e+00	1.000000000000000000e+00	0.000000000000000000e+00
1.316580000000000000e+05	8.822000000000000000e+03	4.900000000000000000e+01	2.840655738100992522e+01	2.518918864113730649e+01	9.038842341033007655e-01	8.576572263709385524e-01	0.000000000000000000e+00	1.000000000000000000e+00	0.000000000000000000e+00
1.316580000000000000e+05	8.823000000000000000e+03	5.800000000000000000e+01	2.821653511605620679e+01	2.625273586662156688e+01	9.332424622731769759e-01	8.511929477391024790e-01	0.000000000000000000e+00	1.000000000000000000e+00	0.000000000000000000e+00
1.316580000000000000e+05	8.824000000000000000e+03	6.300000000000000000e+01	2.825102857077466112e+01	2.423746929512736514e+01	7.458666685285891829e-01	8.572955618228408348e-01	0.000000000000000000e+00	1.000000000000000000e+00	0.000000000000000000e+00
1.316580000000000000e+05	8.825000000000000000e+03	3.800000000000000000e+01	2.827375055581514118e+01	2.601604396163859789e+01	7.512406473238270044e-01	8.208842208857304312e-01	0.000000000000000000e+00	1.000000000000000000e+00	0.000000000000000000e+00
1.316580000000000000e+05	8.828000000000000000e+03	4.800000000000000000e+01	2.825897187305340807e+01	2.527856341912217175e+01	8.597609609093359584e-01	7.192012179278611805e-01	0.000000000000000000e+00	1.000000000000000000e+00	0.000000000000000000e+00
1.316580000000000000e+05	8.829000000000000000e+03	4.300000000000000000e+01	2.824560308444178602e+01	2.541125152352063665e+01	9.548095019767268710e-01	5.827850260534596094e-01	0.000000000000000000e+00	1.000000000000000000e+00	0.000000000000000000e+00
1.316580000000000000e+05	8.830000000000000000e+03	3.900000000000000000e+01	2.828244052751608706e+01	2.493783575197782909e+01	1.142634397560485793e+00	5.894557422926230972e-01	0.000000000000000000e+00	1.000000000000000000e+00	0.000000000000000000e+00
1.316580000000000000e+05	8.831000000000000000e+03	7.200000000000000000e+01	2.825509976449008320e+01	2.401133005801199616e+01	9.056876370361434114e-01	7.441362582452452079e-01	0.000000000000000000e+00	1.000000000000000000e+00	0.000000000000000000e+00
1.316590000000000000e+05	8.824000000000000000e+03	4.700000000000000000e+01	2.762345591985686966e+01	2.427786411581949011e+01	6.937239038719141826e-01	8.391711784805175878e-01	0.000000000000000000e+00	1.000000000000000000e+00	0.000000000000000000e+00
1.316600000000000000e+05	8.704000000000000000e+03	3.700000000000000000e+01	2.525577189695942337e+01	2.724995566630998312e+01	5.518465244125402291e-01	8.338245264083312680e-01	0.000000000000000000e+00	1.000000000000000000e+00	0.000000000000000000e+00
1.316600000000000000e+05	8.722000000000000000e+03	3.600000000000000000e+01	2.524634606703552819e+01	2.529909483781075963e+01	6.146518254654554925e-01	6.787696696972608246e-01	0.000000000000000000e+00	1.000000000000000000e+00	0.000000000000000000e+00
1.316600000000000000e+05	8.823000000000000000e+03	3.300000000000000000e+01	2.540854673171131850e+01	2.595586200127245036e+01	6.678228206473412198e-01	8.610586748601907203e-01	0.000000000000000000e+00	1.000000000000000000e+00	0.000000000000000000e+00
1.316610000000000000e+05	8.579000000000000000e+03	4.600000000000000000e+01	2.614381343579187700e+01	2.483992252529093747e+01	7.858574244183186286e-01	9.424866261353423980e-01	0.000000000000000000e+00	1.000000000000000000e+00	0.000000000000000000e+00
1.316610000000000000e+05	8.583000000000000000e+03	4.900000000000000000e+01	2.627327549521056582e+01	2.439224514578426195e+01	7.165244440794753533e-01	1.144636905897697510e+00	0.000000000000000000e+00	1.000000000000000000e+00	0.000000000000000000e+00
1.316610000000000000e+05	8.685000000000000000e+03	3.600000000000000000e+01	2.630645895268423118e+01	2.430793655073035353e+01	5.162035242137538171e-01	7.699948991614883331e-01	0.000000000000000000e+00	1.000000000000000000e+00	0.000000000000000000e+00
1.316610000000000000e+05	8.703000000000000000e+03	4.300000000000000000e+01	2.633551925784701453e+01	2.389769608312072791e+01	7.278148893395779417e-01	9.832966399398480606e-01	0.000000000000000000e+00	1.000000000000000000e+00	0.000000000000000000e+00
1.316610000000000000e+05	8.704000000000000000e+03	4.400000000000000000e+01	2.598379193995130620e+01	2.710127068265383699e+01	1.201352826184516775e+00	7.612147244902365273e-01	0.000000000000000000e+00	1.000000000000000000e+00	0.000000000000000000e+00
1.316610000000000000e+05	8.720000000000000000e+03	5.100000000000000000e+01	2.624298901132845430e+01	2.562181298241977601e+01	8.074885300562701929e-01	7.333154823200950245e-01	0.000000000000000000e+00	1.000000000000000000e+00	0.000000000000000000e+00
1.316610000000000000e+05	8.722000000000000000e+03	3.500000000000000000e+01	2.639808206145415070e+01	2.544897852033009045e+01	6.115044622113374739e-01	6.284525834702103797e-01	0.000000000000000000e+00	1.000000000000000000e+00	0.000000000000000000e+00
1.316610000000000000e+05	8.814000000000000000e+03	5.700000000000000000e+01	2.631415037905749088e+01	2.367737534627690366e+01	7.580469118491319769e-01	8.673585664662850636e-01	0.000000000000000000e+00	1.000000000000000000e+00	0.000000000000000000e+00
1.316610000000000000e+05	8.816000000000000000e+03	4.300000000000000000e+01	2.614615780548564317e+01	2.524206815481736399e+01	7.969853644291066130e-01	8.618306721571257212e-01	0.000000000000000000e+00	1.000000000000000000e+00	0.000000000000000000e+00
1.316610000000000000e+05	8.823000000000000000e+03	4.000000000000000000e+01	2.618958678970231801e+01	2.642045298241492901e+01	7.440682520343143702e-01	6.773395057162708843e-01	0.000000000000000000e+00	1.000000000000000000e+00	0.000000000000000000e+00
1.316610000000000000e+05	8.824000000000000000e+03	4.500000000000000000e+01	2.619184826221191997e+01	2.442808367897057664e+01	7.152644550875392193e-01	8.193362028452496615e-01	0.000000000000000000e+00	1.000000000000000000e+00	0.000000000000000000e+00
1.316620000000000000e+05	8.579000000000000000e+03	3.300000000000000000e+01	2.700659525373540859e+01	2.491427391064601693e+01	6.170576835981953501e-01	5.974858224990600153e-01	0.000000000000000000e+00	1.000000000000000000e+00	0.000000000000000000e+00
1.316620000000000000e+05	8.703000000000000000e+03	4.400000000000000000e+01	2.727484379873211040e+01	2.391918574057038427e+01	6.447753259434872986e-01	9.434200269744976719e-01	0.000000000000000000e+00	1.000000000000000000e+00	0.000000000000000000e+00
1.316620000000000000e+05	8.704000000000000000e+03	2.900000000000000000e+01	2.734427074841230265e+01	2.718335886842066174e+01	6.799331632976327588e-01	8.627744026430468338e-01	0.000000000000000000e+00	1.000000000000000000e+00	0.000000000000000000e+00
1.316620000000000000e+05	8.722000000000000000e+03	4.300000000000000000e+01	2.735029697603706822e+01	2.537657818947294786e+01	6.765338723321353553e-01	6.262370940556030163e-01	0.000000000000000000e+00	1.000000000000000000e+00	0.000000000000000000e+00
1.316620000000000000e+05	8.725000000000000000e+03	5.200000000000000000e+01	2.714350085849158134e+01	2.418247321074400702e+01	7.560248485848228839e-01	7.642747496350388303e-01	0.000000000000000000e+00	1.000000000000000000e+00	0.000000000000000000e+00
1.316620000000000000e+05	8.727000000000000000e+03	3.700000000000000000e+01	2.720394907127437989e+01	2.711657858308084457e+01	7.947787197083511224e-01	9.285252577762680426e-01	0.000000000000000000e+00	1.000000000000000000e+00	0.000000000000000000e+00
1.316620000000000000e+05	8.810000000000000000e+03	4.100000000000000000e+01	2.716320700721553649e+01	2.730798979690217010e+01	8.459704576084449146e-01	8.856492656520329465e-01	0.000000000000000000e+00	1.000000000000000000e+00	0.000000000000000000e+00
1.316620000000000000e+05	8.812000000000000000e+03	3.800000000000000000e+01	2.744222706815744317e+01	2.850611772398637811e+01	6.655937553552555563e-01	9.103442018955762993e-01	0.000000000000000000e+00	1.000000000000000000e+00	0.000000000000000000e+00
1.316620000000000000e+05	8.814000000000000000e+03	4.400000000000000000e+01	2.714345311299004848e+01	2.413281111104255316e+01	7.058306004550708446e-01	7.097857272440198928e-01	0.000000000000000000e+00	1.000000000000000000e+00	0.000000000000000000e+00
1.316620000000000000e+05	8.823000000000000000e+03	3.800000000000000000e+01	2.715459873928879730e+01	2.626410015906295570e+01	7.568384903042528755e-01	9.776510098049249198e-01	0.000000000000000000e+00	1.000000000000000000e+00	0.000000000000000000e+00
1.316620000000000000e+05	8.828000000000000000e+03	3.900000000000000000e+01	2.724062283900320480e+01	2.493909743747983043e+01	7.686113388045373584e-01	8.281061440635144599e-01	0.000000000000000000e+00	1.000000000000000000e+00	0.000000000000000000e+00
1.316620000000000000e+05	8.831000000000000000e+03	4.300000000000000000e+01	2.698449302874562505e+01	2.387449204318692964e+01	5.567176115695620098e-01	6.498096178399398459e-01	0.000000000000000000e+00	1.000000000000000000e+00	0.000000000000000000e+00
1.316630000000000000e+05	8.576000000000000000e+03	5.600000000000000000e+01	2.497147716150496777e+01	2.208174013531844082e+01	8.636900108120045827e-01	8.346473435672584484e-01	0.000000000000000000e+00	1.000000000000000000e+00	0.000000000000000000e+00
1.316630000000000000e+05	8.577000000000000000e+03	3.900000000000000000e+01	2.502690664131091580e+01	2.404852473103934329e+01	7.106017132653640322e-01	8.201235467214523789e-01	0.000000000000000000e+00	1.000000000000000000e+00	0.000000000000000000e+00
1.316630000000000000e+05	8.579000000000000000e+03	3.800000000000000000e+01	2.514765713118614343e+01	2.477094944269492061e+01	7.047741185432979671e-01	8.794263123271911509e-01	0.000000000000000000e+00	1.000000000000000000e+00	0.000000000000000000e+00
1.316630000000000000e+05	8.583000000000000000e+03	6.000000000000000000e+01	2.499630939980907840e+01	2.407263830715136876e+01	6.741694940063425179e-01	1.569093724295613557e+00	0.000000000000000000e+00	1.000000000000000000e+00	0.000000000000000000e+00
1.316630000000000000e+05	8.586000000000000000e+03	3.800000000000000000e+01	2.488279018783586594e+01	2.434862137568742568e+01	9.116392196826140770e-01	7.150965785822882559e-01	0.000000000000000000e+00	1.000000000000000000e+00	0.000000000000000000e+00
1.316630000000000000e+05	8.594000000000000000e+03	6.500000000000000000e+01	2.505282426221771885e+01	2.130478567588880878e+01	1.025690245197541373e+00	9.734442261010399777e-01	0.000000000000000000e+00	1.000000000000000000e+00	0.000000000000000000e+00
1.316630000000000000e+05	8.597000000000000000e+03	4.800000000000000000e+01	2.522393907181987771e+01	2.188048494466905680e+01	6.477478051683052129e-01	7.919704335773675163e-01	0.000000000000000000e+00	1.000000000000000000e+00	0.000000000000000000e+00
1.316630000000000000e+05	8.686000000000000000e+03	4.500000000000000000e+01	2.491390039437152026e+01	2.307033543640578799e+01	7.363900736735899955e-01	7.846813698878268850e-01	0.000000000000000000e+00	1.000000000000000000e+00	0.000000000000000000e+00
1.316630000000000000e+05	8.688000000000000000e+03	5.600000000000000000e+01	2.510903647972033070e+01	2.239629683625804546e+01	8.549806821714142080e-01	8.801711554294648909e-01	0.000000000000000000e+00	1.000000000000000000e+00	0.000000000000000000e+00
1.316630000000000000e+05	8.695000000000000000e+03	6.100000000000000000e+01	2.521953401542391404e+01	2.160958264721451627e+01	8.074123278678567717e-01	9.457439405079297590e-01	0.000000000000000000e+00	1.000000000000000000e+00	0.000000000000000000e+00
1.316630000000000000e+05	8.700000000000000000e+03	5.100000000000000000e+01	2.503946601381521475e+01	2.039298562005495441e+01	7.553790470686649883e-01	1.125044387311498584e+00	0.000000000000000000e+00	1.000000000000000000e+00	0.000000000000000000e+00
1.316630000000000000e+05	8.703000000000000000e+03	4.800000000000000000e+01	2.503428395799042860e+01	2.386807555651765966e+01	8.650542101207392420e-01	9.642690613670472644e-01	0.000000000000000000e+00	1.000000000000000000e+00	0.000000000000000000e+00
1.316630000000000000e+05	8.704000000000000000e+03	6.000000000000000000e+01	2.526791999099205555e+01	2.704305600999534676e+01	8.143402595899588148e-01	1.124736595192954658e+00	0.000000000000000000e+00	1.000000000000000000e+00	0.000000000000000000e+00
1.316630000000000000e+05	8.707000000000000000e+03	5.700000000000000000e+01	2.518521842236358665e+01	2.313960761748117179e+01	8.829195939618670330e-01	6.433539211543850556e-01	0.000000000000000000e+00	1.000000000000000000e+00	0.000000000000000000e+00
1.316630000000000000e+05	8.711000000000000000e+03	5.000000000000000000e+01	2.483553496161437835e+01	2.238284917721591682e+01	7.590467929505825273e-01	7.874016922935119789e-01	0.000000000000000000e+00	1.000000000000000000e+00	0.000000000000000000e+00
1.316630000000000000e+05	8.718000000000000000e+03	4.200000000000000000e+01	2.487133729612292754e+01	2.411157896189625305e+01	9.061971639708524817e-01	7.345389079641612140e-01	0.000000000000000000e+00	1.000000000000000000e+00	0.000000000000000000e+00
1.316630000000000000e+05	8.720000000000000000e+03	5.100000000000000000e+01	2.492519549004064672e+01	2.570473600778139556e+01	8.018356827327995928e-01	7.999101124263361395e-01	0.000000000000000000e+00	1.000000000000000000e+00	0.000000000000000000e+00
1.316630000000000000e+05	8.722000000000000000e+03	5.200000000000000000e+01	2.519083377437920035e+01	2.539181650465641482e+01	7.991552719617446288e-01	8.467759056243049365e-01	0.000000000000000000e+00	1.000000000000000000e+00	0.000000000000000000e+00
1.316630000000000000e+05	8.723000000000000000e+03	4.000000000000000000e+01	2.501385656226957011e+01	2.551479216108555192e+01	8.280658618580868380e-01	5.820976363173334667e-01	0.000000000000000000e+00	1.000000000000000000e+00	0.000000000000000000e+00
1.316630000000000000e+05	8.724000000000000000e+03	5.500000000000000000e+01	2.512023588637708471e+01	2.508833436159169139e+01	1.012005161710296086e+00	7.774208417771576451e-01	0.000000000000000000e+00	1.000000000000000000e+00	0.000000000000000000e+00
1.316630000000000000e+05	8.725000000000000000e+03	5.400000000000000000e+01	2.520669174051143102e+01	2.416567116146884331e+01	7.837288145480337809e-01	7.619888395589231589e-01	0.000000000000000000e+00	1.000000000000000000e+00	0.000000000000000000e+00
1.316630000000000000e+05	8.810000000000000000e+03	2.800000000000000000e+01	2.518593902130148621e+01	2.764695140533916273e+01	5.976036297666137420e-01	6.962072731574461271e-01	0.000000000000000000e+00	1.000000000000000000e+00	0.000000000000000000e+00
1.316630000000000000e+05	8.815000000000000000e+03	3.400000000000000000e+01	2.512896548994269352e+01	2.638091899696463472e+01	7.276854243285885149e-01	7.109578139339902680e-01	0.000000000000000000e+00	1.000000000000000000e+00	0.000000000000000000e+00
1.316630000000000000e+05	8.816000000000000000e+03	4.700000000000000000e+01	2.501408911990605688e+01	2.551236491325036937e+01	7.011479679952025146e-01	7.453118765449793237e-01	0.000000000000000000e+00	1.000000000000000000e+00	0.000000000000000000e+00
1.316630000000000000e+05	8.822000000000000000e+03	6.100000000000000000e+01	2.514005205835394463e+01	2.523197442880344354e+01	6.814882642804126478e-01	9.029269211734481937e-01	0.000000000000000000e+00	1.000000000000000000e+00	0.000000000000000000e+00
1.316630000000000000e+05	8.823000000000000000e+03	4.800000000000000000e+01	2.523274947106751398e+01	2.616865733154231322e+01	7.717317536596731697e-01	9.591775374099736906e-01	0.000000000000000000e+00	1.000000000000000000e+00	0.000000000000000000e+00
1.316630000000000000e+05	8.824000000000000000e+03	5.400000000000000000e+01	2.517830438430846129e+01	2.426469309439753630e+01	7.882072469152625604e-01	8.711182205655000343e-01	0.000000000000000000e+00	1.000000000000000000e+00	0.000000000000000000e+00
1.316630000000000000e+05	8.828000000000000000e+03	5.600000000000000000e+01	2.507862125952073384e+01	2.501179613960212933e+01	7.610050802120711388e-01	8.081248484074441407e-01	0.000000000000000000e+00	1.000000000000000000e+00	0.000000000000000000e+00
1.316630000000000000e+05	8.831000000000000000e+03	5.400000000000000000e+01	2.489812115475659837e+01	2.396157668085493242e+01	7.995270126928680776e-01	7.137030688136742906e-01	0.000000000000000000e+00	1.000000000000000000e+00	0.000000000000000000e+00
1.316640000000000000e+05	8.579000000000000000e+03	5.500000000000000000e+01	2.320488186556833909e+01	2.490896774358045818e+01	7.786409424285837266e-01	8.063815508677695254e-01	0.000000000000000000e+00	1.000000000000000000e+00	0.000000000000000000e+00
1.316640000000000000e+05	8.583000000000000000e+03	6.400000000000000000e+01	2.299228076975992607e+01	2.427517502556492346e+01	8.430235066559190749e-01	7.622725338817034624e-01	0.000000000000000000e+00	1.000000000000000000e+00	0.000000000000000000e+00
1.316640000000000000e+05	8.586000000000000000e+03	5.100000000000000000e+01	2.318303660380554732e+01	2.417300425113517903e+01	1.029716770815633176e+00	7.790755469914557585e-01	0.000000000000000000e+00	1.000000000000000000e+00	0.000000000000000000e+00
1.316640000000000000e+05	8.679000000000000000e+03	5.400000000000000000e+01	2.326867536941610481e+01	2.452168341807495722e+01	8.583059921932872927e-01	8.321811088952821844e-01	0.000000000000000000e+00	1.000000000000000000e+00	0.000000000000000000e+00
1.316640000000000000e+05	8.685000000000000000e+03	5.900000000000000000e+01	2.317443806298225439e+01	2.436489057361555766e+01	8.341739688550764420e-01	9.515911785032614700e-01	0.000000000000000000e+00	1.000000000000000000e+00	0.000000000000000000e+00
1.316640000000000000e+05	8.686000000000000000e+03	6.600000000000000000e+01	2.334959371790615634e+01	2.290317862166073226e+01	1.194888976152658877e+00	7.229831882373420893e-01	0.000000000000000000e+00	1.000000000000000000e+00	0.000000000000000000e+00
1.316640000000000000e+05	8.711000000000000000e+03	6.700000000000000000e+01	2.330168934535942427e+01	2.226468691553864332e+01	9.963268955870643317e-01	7.376749670777835721e-01	0.000000000000000000e+00	1.000000000000000000e+00	0.000000000000000000e+00
1.316640000000000000e+05	8.712000000000000000e+03	5.000000000000000000e+01	2.349819540647432703e+01	2.427918865822114114e+01	8.987562461744977860e-01	7.255421589809044614e-01	0.000000000000000000e+00	1.000000000000000000e+00	0.000000000000000000e+00
1.316640000000000000e+05	8.713000000000000000e+03	4.600000000000000000e+01	2.334702871166246396e+01	2.435982597348842660e+01	9.358156384811097128e-01	6.826561505028739818e-01	0.000000000000000000e+00	1.000000000000000000e+00	0.000000000000000000e+00
1.316640000000000000e+05	8.716000000000000000e+03	6.100000000000000000e+01	2.308253230872701778e+01	2.419587708079998123e+01	9.086110044915439721e-01	7.111599133193330369e-01	0.000000000000000000e+00	1.000000000000000000e+00	0.000000000000000000e+00
1.316640000000000000e+05	8.718000000000000000e+03	6.100000000000000000e+01	2.318816918625095269e+01	2.405436320305174647e+01	7.620273381723802197e-01	8.293423801804309381e-01	0.000000000000000000e+00	1.000000000000000000e+00	0.000000000000000000e+00
1.316640000000000000e+05	8.719000000000000000e+03	4.700000000000000000e+01	2.348533414904743566e+01	2.446494695729154145e+01	8.091054497225833586e-01	6.214818628643237197e-01	0.000000000000000000e+00	1.000000000000000000e+00	0.000000000000000000e+00
1.316640000000000000e+05	8.720000000000000000e+03	5.700000000000000000e+01	2.336379690997032554e+01	2.570095790549562054e+01	8.230356517000988470e-01	1.041995924801119688e+00	0.000000000000000000e+00	1.000000000000000000e+00	0.000000000000000000e+00
1.316640000000000000e+05	8.721000000000000000e+03	5.100000000000000000e+01	2.324131507977504185e+01	2.566759496167074417e+01	8.411154763652052280e-01	6.885512445532935288e-01	0.000000000000000000e+00	1.000000000000000000e+00	0.000000000000000000e+00
1.316640000000000000e+05	8.722000000000000000e+03	6.600000000000000000e+01	2.327520645023313506e+01	2.536065897559523208e+01	9.556843082375900966e-01	7.547170216517643526e-01	0.000000000000000000e+00	1.000000000000000000e+00	0.000000000000000000e+00
1.316640000000000000e+05	8.723000000000000000e+03	4.500000000000000000e+01	2.317717842603103762e+01	2.569995808582882191e+01	7.270652296066595355e-01	6.135779985591587327e-01	0.000000000000000000e+00	1.000000000000000000e+00	0.000000000000000000e+00
1.316640000000000000e+05	8.724000000000000000e+03	6.600000000000000000e+01	2.319517208254252694e+01	2.500489902836300615e+01	6.606254197791977534e-01	9.022510740568715493e-01	0.000000000000000000e+00	1.000000000000000000e+00	0.000000000000000000e+00
1.316640000000000000e+05	8.725000000000000000e+03	6.300000000000000000e+01	2.321830478411824927e+01	2.410625923207975063e+01	5.879755193785196621e-01	1.051261582346826762e+00	0.000000000000000000e+00	1.000000000000000000e+00	0.000000000000000000e+00
1.316640000000000000e+05	8.727000000000000000e+03	4.700000000000000000e+01	2.354663025789927033e+01	2.722399319524022943e+01	8.023324896620301905e-01	8.639185004162545090e-01	0.000000000000000000e+00	1.000000000000000000e+00	0.000000000000000000e+00
1.316640000000000000e+05	8.813000000000000000e+03	5.000000000000000000e+01	2.362187322856683025e+01	2.589253988076139024e+01	1.085604792640767924e+00	6.967750899853584201e-01	0.000000000000000000e+00	1.000000000000000000e+00	0.000000000000000000e+00
1.316640000000000000e+05	8.815000000000000000e+03	4.500000000000000000e+01	2.337607324747114745e+01	2.623980950518739519e+01	8.970556171020082070e-01	6.932629031099021288e-01	0.000000000000000000e+00	1.000000000000000000e+00	0.000000000000000000e+00
1.316640000000000000e+05	8.816000000000000000e+03	6.900000000000000000e+01	2.306391823604194613e+01	2.524873431454453510e+01	1.071155441188040847e+00	1.263745352649884746e+00	0.000000000000000000e+00	1.000000000000000000e+00	0.000000000000000000e+00
1.316640000000000000e+05	8.817000000000000000e+03	6.400000000000000000e+01	2.316983096004365805e+01	2.383036466703591572e+01	9.373586740820136765e-01	6.395868856373041478e-01	0.000000000000000000e+00	1.000000000000000000e+00	0.000000000000000000e+00
1.316640000000000000e+05	8.821000000000000000e+03	5.600000000000000000e+01	2.329653089002690791e+01	2.414027816329437925e+01	5.808178462923909713e-01	8.186164585235777835e-01	0.000000000000000000e+00	1.000000000000000000e+00	0.000000000000000000e+00
1.316640000000000000e+05	8.823000000000000000e+03	5.100000000000000000e+01	2.340040542393755629e+01	2.635317851115924981e+01	9.522140433990003983e-01	8.308335999939825411e-01	0.000000000000000000e+00	1.000000000000000000e+00	0.000000000000000000e+00
1.316640000000000000e+05	8.824000000000000000e+03	4.700000000000000000e+01	2.332771498635750973e+01	2.447588579524971308e+01	6.013645071857171009e-01	6.356269590387856327e-01	0.000000000000000000e+00	1.000000000000000000e+00	0.000000000000000000e+00
1.316640000000000000e+05	8.828000000000000000e+03	6.300000000000000000e+01	2.337707379950989051e+01	2.523060769956725835e+01	9.200287850228030528e-01	7.270592411135646804e-01	0.000000000000000000e+00	1.000000000000000000e+00	0.000000000000000000e+00
1.316650000000000000e+05	8.576000000000000000e+03	7.000000000000000000e+01	2.600919392807032438e+01	2.240597505329376560e+01	6.855797838835100411e-01	8.023023299018594567e-01	0.000000000000000000e+00	1.000000000000000000e+00	0.000000000000000000e+00
1.316650000000000000e+05	8.577000000000000000e+03	3.900000000000000000e+01	2.597625442751959213e+01	2.424346959932244516e+01	8.494782096530254512e-01	6.157930184867849155e-01	0.000000000000000000e+00	1.000000000000000000e+00	0.000000000000000000e+00
1.316650000000000000e+05	8.579000000000000000e+03	6.100000000000000000e+01	2.608315242594248673e+01	2.443849420205347656e+01	8.424866316555109647e-01	1.066149298679089696e+00	0.000000000000000000e+00	1.000000000000000000e+00	0.000000000000000000e+00
1.316650000000000000e+05	8.583000000000000000e+03	5.800000000000000000e+01	2.612372074905171360e+01	2.412608995156827518e+01	8.308050388263299446e-01	1.097338026136504441e+00	0.000000000000000000e+00	1.000000000000000000e+00	0.000000000000000000e+00
1.316650000000000000e+05	8.591000000000000000e+03	5.100000000000000000e+01	2.602969325690382618e+01	2.107011785294322692e+01	8.089488761136656159e-01	6.760558474762448089e-01	0.000000000000000000e+00	1.000000000000000000e+00	0.000000000000000000e+00
1.316650000000000000e+05	8.593000000000000000e+03	3.800000000000000000e+01	2.584391533097935323e+01	2.426563425210789759e+01	8.077929924803474160e-01	6.604842882081896072e-01	0.000000000000000000e+00	1.000000000000000000e+00	0.000000000000000000e+00
1.316650000000000000e+05	8.597000000000000000e+03	5.800000000000000000e+01	2.615233981619892489e+01	2.191394386402598116e+01	8.050904723675799124e-01	6.458095779745213205e-01	0.000000000000000000e+00	1.000000000000000000e+00	0.000000000000000000e+00
1.316650000000000000e+05	8.599000000000000000e+03	5.000000000000000000e+01	2.618589024101489571e+01	2.234744351927202644e+01	8.649144686376923907e-01	7.458515620923786837e-01	0.000000000000000000e+00	1.000000000000000000e+00	0.000000000000000000e+00
1.316650000000000000e+05	8.681000000000000000e+03	3.900000000000000000e+01	2.621674906089577561e+01	2.452493733777999552e+01	6.275665843858404536e-01	5.924956688630975687e-01	0.000000000000000000e+00	1.000000000000000000e+00	0.000000000000000000e+00
1.316650000000000000e+05	8.685000000000000000e+03	4.700000000000000000e+01	2.623277037701703307e+01	2.425544741401061088e+01	9.450507821458478119e-01	7.003502046301973705e-01	0.000000000000000000e+00	1.000000000000000000e+00	0.000000000000000000e+00
1.316650000000000000e+05	8.686000000000000000e+03	6.200000000000000000e+01	2.624100454098658020e+01	2.297421232542517444e+01	5.596616403028061848e-01	8.053797182259039289e-01	0.000000000000000000e+00	1.000000000000000000e+00	0.000000000000000000e+00
1.316650000000000000e+05	8.687000000000000000e+03	4.800000000000000000e+01	2.621309979372589538e+01	2.120236047414116953e+01	5.268180090646836788e-01	9.669556330994384385e-01	0.000000000000000000e+00	1.000000000000000000e+00	0.000000000000000000e+00
1.316650000000000000e+05	8.689000000000000000e+03	6.300000000000000000e+01	2.618466874141841316e+01	2.256037454768208050e+01	6.900138347687219120e-01	9.852358425379293960e-01	0.000000000000000000e+00	1.000000000000000000e+00	0.000000000000000000e+00
1.316650000000000000e+05	8.693000000000000000e+03	4.400000000000000000e+01	2.588488785600566899e+01	2.248706455408246896e+01	6.860588473807969212e-01	1.036795541357813377e+00	0.000000000000000000e+00	1.000000000000000000e+00	0.000000000000000000e+00
1.316650000000000000e+05	8.695000000000000000e+03	6.100000000000000000e+01	2.583875779536598927e+01	2.165300843282812338e+01	8.677744932787440080e-01	8.943512020869192058e-01	0.000000000000000000e+00	1.000000000000000000e+00	0.000000000000000000e+00
1.316650000000000000e+05	8.699000000000000000e+03	5.000000000000000000e+01	2.579626197406012622e+01	2.473858526340461594e+01	7.752263433427305506e-01	1.054783305122239057e+00	0.000000000000000000e+00	1.000000000000000000e+00	0.000000000000000000e+00
1.316650000000000000e+05	8.700000000000000000e+03	4.800000000000000000e+01	2.616315544203655818e+01	2.059004641782911094e+01	5.925040285508318405e-01	7.441000731310486449e-01	0.000000000000000000e+00	1.000000000000000000e+00	0.000000000000000000e+00
1.316650000000000000e+05	8.703000000000000000e+03	6.300000000000000000e+01	2.597249919659575923e+01	2.375386683736424942e+01	9.196552712857843925e-01	8.948275458625515322e-01	0.000000000000000000e+00	1.000000000000000000e+00	0.000000000000000000e+00
1.316650000000000000e+05	8.704000000000000000e+03	6.300000000000000000e+01	2.610430028397690450e+01	2.707680548851743652e+01	1.068229318402872163e+00	8.338891498724974038e-01	0.000000000000000000e+00	1.000000000000000000e+00	0.000000000000000000e+00
1.316650000000000000e+05	8.705000000000000000e+03	3.600000000000000000e+01	2.621352340451938545e+01	2.412372078878372861e+01	9.584854545145650162e-01	6.646885820330573624e-01	0.000000000000000000e+00	1.000000000000000000e+00	0.000000000000000000e+00
1.316650000000000000e+05	8.707000000000000000e+03	5.100000000000000000e+01	2.614955024837846764e+01	2.323429416784890478e+01	8.572739888823268650e-01	8.414134305860433427e-01	0.000000000000000000e+00	1.000000000000000000e+00	0.000000000000000000e+00
1.316650000000000000e+05	8.709000000000000000e+03	4.700000000000000000e+01	2.610355289290805203e+01	2.551365007486025149e+01	9.200471037850732614e-01	8.190729992807534998e-01	0.000000000000000000e+00	1.000000000000000000e+00	0.000000000000000000e+00
1.316650000000000000e+05	8.711000000000000000e+03	6.600000000000000000e+01	2.604620278122260402e+01	2.237078636372251594e+01	9.106218654224866871e-01	8.799952002324921141e-01	0.000000000000000000e+00	1.000000000000000000e+00	0.000000000000000000e+00
1.316650000000000000e+05	8.712000000000000000e+03	4.100000000000000000e+01	2.614597731467802433e+01	2.430622522731044910e+01	6.824901663422087150e-01	7.862041956636317552e-01	0.000000000000000000e+00	1.000000000000000000e+00	0.000000000000000000e+00
1.316650000000000000e+05	8.716000000000000000e+03	3.700000000000000000e+01	2.600253938200551218e+01	2.428013417315825251e+01	6.842528101206516444e-01	5.995670941305173418e-01	0.000000000000000000e+00	1.000000000000000000e+00	0.000000000000000000e+00
1.316650000000000000e+05	8.718000000000000000e+03	4.900000000000000000e+01	2.593067561878890359e+01	2.375792087834102873e+01	7.861867806192008867e-01	9.278436166980937871e-01	0.000000000000000000e+00	1.000000000000000000e+00	0.000000000000000000e+00
1.316650000000000000e+05	8.719000000000000000e+03	3.600000000000000000e+01	2.632776025238029405e+01	2.432396773929135492e+01	6.985908474413454750e-01	9.167247273885106296e-01	0.000000000000000000e+00	1.000000000000000000e+00	0.000000000000000000e+00
1.316650000000000000e+05	8.720000000000000000e+03	5.000000000000000000e+01	2.612073032243738879e+01	2.584620466506997616e+01	6.916136556016762027e-01	6.890546519439584294e-01	0.000000000000000000e+00	1.000000000000000000e+00	0.000000000000000000e+00
1.316650000000000000e+05	8.721000000000000000e+03	6.300000000000000000e+01	2.625253598365922159e+01	2.537964531918358801e+01	8.186935298613952083e-01	7.767692783528069578e-01	0.000000000000000000e+00	1.000000000000000000e+00	0.000000000000000000e+00
1.316650000000000000e+05	8.722000000000000000e+03	5.600000000000000000e+01	2.608623830839497160e+01	2.528470641588502943e+01	8.422327573964201175e-01	7.884077193155478724e-01	0.000000000000000000e+00	1.000000000000000000e+00	0.000000000000000000e+00
1.316650000000000000e+05	8.723000000000000000e+03	4.800000000000000000e+01	2.597222378710916857e+01	2.507245828761649165e+01	8.361037620445590512e-01	1.203939984220406156e+00	0.000000000000000000e+00	1.000000000000000000e+00	0.000000000000000000e+00
1.316650000000000000e+05	8.724000000000000000e+03	5.600000000000000000e+01	2.599286567536723780e+01	2.484081109920638752e+01	7.174543801364705597e-01	1.042286230239256373e+00	0.000000000000000000e+00	1.000000000000000000e+00	0.000000000000000000e+00
1.316650000000000000e+05	8.725000000000000000e+03	7.200000000000000000e+01	2.592777337249586722e+01	2.414281360659597908e+01	8.372635943074187015e-01	7.248443227908843989e-01	0.000000000000000000e+00	1.000000000000000000e+00	0.000000000000000000e+00
1.316650000000000000e+05	8.727000000000000000e+03	3.700000000000000000e+01	2.604940995376574975e+01	2.747082838251883885e+01	7.215198700497069684e-01	8.548926405208583379e-01	0.000000000000000000e+00	1.000000000000000000e+00	0.000000000000000000e+00
1.316650000000000000e+05	8.728000000000000000e+03	2.900000000000000000e+01	2.612728450705017380e+01	2.556415928999170362e+01	6.554078631862055859e-01	5.899975950182859696e-01	0.000000000000000000e+00	1.000000000000000000e+00	0.000000000000000000e+00
1.316650000000000000e+05	8.818000000000000000e+03	3.700000000000000000e+01	2.607483883776716382e+01	2.488277344243688560e+01	7.566532101122802612e-01	8.927782472187977270e-01	0.000000000000000000e+00	1.000000000000000000e+00	0.000000000000000000e+00
1.316650000000000000e+05	8.819000000000000000e+03	5.100000000000000000e+01	2.618924631621642618e+01	2.466450122265733214e+01	8.458107363391723643e-01	8.365180308380376628e-01	0.000000000000000000e+00	1.000000000000000000e+00	0.000000000000000000e+00
1.316650000000000000e+05	8.820000000000000000e+03	6.000000000000000000e+01	2.614599095073964818e+01	2.303605613380484485e+01	8.817379007190155882e-01	1.124817358090034691e+00	0.000000000000000000e+00	1.000000000000000000e+00	0.000000000000000000e+00
1.316650000000000000e+05	8.822000000000000000e+03	5.100000000000000000e+01	2.609464186290053078e+01	2.500248677133896180e+01	7.560815910628155834e-01	1.161790193848236452e+00	0.000000000000000000e+00	1.000000000000000000e+00	0.000000000000000000e+00
1.316650000000000000e+05	8.823000000000000000e+03	6.400000000000000000e+01	2.619600116085815600e+01	2.634902048811179043e+01	8.330329510985747810e-01	9.572575779995913248e-01	0.000000000000000000e+00	1.000000000000000000e+00	0.000000000000000000e+00
1.316650000000000000e+05	8.824000000000000000e+03	6.700000000000000000e+01	2.604383553550093922e+01	2.431814801693612793e+01	7.873205437106776117e-01	7.053365014845086600e-01	0.000000000000000000e+00	1.000000000000000000e+00	0.000000000000000000e+00
1.316650000000000000e+05	8.825000000000000000e+03	4.600000000000000000e+01	2.611024867689567230e+01	2.566446549096709262e+01	9.978546857066957765e-01	8.418008498475832990e-01	0.000000000000000000e+00	1.000000000000000000e+00	0.000000000000000000e+00
1.316650000000000000e+05	8.828000000000000000e+03	6.600000000000000000e+01	2.605650527300527486e+01	2.516268456280226218e+01	8.160607895499604192e-01	7.144024519664575745e-01	0.000000000000000000e+00	1.000000000000000000e+00	0.000000000000000000e+00
1.316650000000000000e+05	8.829000000000000000e+03	4.000000000000000000e+01	2.604456354682573860e+01	2.551495759098853355e+01	7.404179758683754331e-01	6.833140258310398396e-01	0.000000000000000000e+00	1.000000000000000000e+00	0.000000000000000000e+00
1.316650000000000000e+05	8.830000000000000000e+03	4.500000000000000000e+01	2.591184293083476931e+01	2.462128436817812371e+01	1.108150351079449702e+00	9.333887251593477874e-01	0.000000000000000000e+00	1.000000000000000000e+00	0.000000000000000000e+00
1.316650000000000000e+05	8.831000000000000000e+03	5.700000000000000000e+01	2.619298974616731357e+01	2.360167956775059395e+01	7.911706657160405554e-01	1.018659015484631780e+00	0.000000000000000000e+00	1.000000000000000000e+00	0.000000000000000000e+00
1.316660000000000000e+05	8.576000000000000000e+03	5.100000000000000000e+01	2.722496016581965961e+01	2.211923552103538171e+01	9.107598346951299995e-01	1.121716188055819075e+00	0.000000000000000000e+00	1.000000000000000000e+00	0.000000000000000000e+00
1.316660000000000000e+05	8.579000000000000000e+03	4.300000000000000000e+01	2.722499865873521685e+01	2.454932295684532306e+01	1.056655211923551496e+00	7.295660542209293498e-01	0.000000000000000000e+00	1.000000000000000000e+00	0.000000000000000000e+00
1.316660000000000000e+05	8.582000000000000000e+03	3.200000000000000000e+01	2.754029838687233678e+01	2.548807678011542777e+01	9.215195795428536840e-01	8.999952269985552755e-01	0.000000000000000000e+00	1.000000000000000000e+00	0.000000000000000000e+00
1.316660000000000000e+05	8.583000000000000000e+03	7.000000000000000000e+01	2.741332084271376601e+01	2.413572902709425705e+01	8.497194600643835916e-01	1.036795848440684509e+00	0.000000000000000000e+00	1.000000000000000000e+00	0.000000000000000000e+00
1.316660000000000000e+05	8.586000000000000000e+03	5.700000000000000000e+01	2.738969040775296193e+01	2.403529895243173087e+01	9.575996961305353050e-01	1.048229726097540393e+00	0.000000000000000000e+00	1.000000000000000000e+00	0.000000000000000000e+00
1.316660000000000000e+05	8.594000000000000000e+03	7.100000000000000000e+01	2.731947520952867237e+01	2.111167778178446497e+01	1.019340667443565662e+00	1.013788028338512115e+00	0.000000000000000000e+00	1.000000000000000000e+00	0.000000000000000000e+00
1.316660000000000000e+05	8.679000000000000000e+03	3.900000000000000000e+01	2.752733321659193422e+01	2.464779991312513729e+01	6.888027020693343605e-01	6.247715346654378887e-01	0.000000000000000000e+00	1.000000000000000000e+00	0.000000000000000000e+00
1.316660000000000000e+05	8.681000000000000000e+03	4.400000000000000000e+01	2.751808753898757942e+01	2.457173291246715152e+01	1.026056502815767102e+00	8.092480769190163459e-01	0.000000000000000000e+00	1.000000000000000000e+00	0.000000000000000000e+00
1.316660000000000000e+05	8.682000000000000000e+03	4.700000000000000000e+01	2.758203093940304029e+01	2.058094198882138670e+01	6.735035746780143606e-01	8.046701565748284324e-01	0.000000000000000000e+00	1.000000000000000000e+00	0.000000000000000000e+00
1.316660000000000000e+05	8.685000000000000000e+03	5.000000000000000000e+01	2.753818956592276024e+01	2.434086098898987416e+01	9.622925759619452846e-01	7.504464376346595689e-01	0.000000000000000000e+00	1.000000000000000000e+00	0.000000000000000000e+00
1.316660000000000000e+05	8.686000000000000000e+03	7.400000000000000000e+01	2.715042467056579412e+01	2.288980184414229413e+01	1.191485673928899036e+00	9.444543345973156478e-01	0.000000000000000000e+00	1.000000000000000000e+00	0.000000000000000000e+00
1.316660000000000000e+05	8.688000000000000000e+03	6.600000000000000000e+01	2.742726076255635803e+01	2.237503202877884334e+01	9.692441122745468762e-01	5.645372513439486095e-01	0.000000000000000000e+00	1.000000000000000000e+00	0.000000000000000000e+00
1.316660000000000000e+05	8.689000000000000000e+03	5.400000000000000000e+01	2.756325319358608184e+01	2.248922237202719288e+01	8.922597649246990503e-01	6.420488189861226491e-01	0.000000000000000000e+00	1.000000000000000000e+00	0.000000000000000000e+00
1.316660000000000000e+05	8.693000000000000000e+03	4.600000000000000000e+01	2.725581308056454333e+01	2.246756733982801535e+01	7.447282512712215530e-01	6.229154260074525329e-01	0.000000000000000000e+00	1.000000000000000000e+00	0.000000000000000000e+00
1.316660000000000000e+05	8.695000000000000000e+03	5.600000000000000000e+01	2.747829225226119476e+01	2.175855509629903395e+01	9.002033336519490447e-01	1.085405813207170000e+00	0.000000000000000000e+00	1.000000000000000000e+00	0.000000000000000000e+00
1.316660000000000000e+05	8.702000000000000000e+03	4.600000000000000000e+01	2.752444591582182909e+01	2.435215709833278197e+01	9.923099193647249017e-01	8.440830173734340525e-01	0.000000000000000000e+00	1.000000000000000000e+00	0.000000000000000000e+00
1.316660000000000000e+05	8.703000000000000000e+03	6.200000000000000000e+01	2.734174085489073036e+01	2.403516206576003000e+01	7.924907226826576334e-01	7.357555943236490092e-01	0.000000000000000000e+00	1.000000000000000000e+00	0.000000000000000000e+00
1.316660000000000000e+05	8.704000000000000000e+03	6.500000000000000000e+01	2.738663508435387683e+01	2.716099061323260955e+01	9.210058389137117940e-01	1.007269808721407367e+00	0.000000000000000000e+00	1.000000000000000000e+00	0.000000000000000000e+00
1.316660000000000000e+05	8.707000000000000000e+03	6.200000000000000000e+01	2.741572091784606258e+01	2.319668892351585399e+01	1.165626123146204396e+00	9.180392934335942501e-01	0.000000000000000000e+00	1.000000000000000000e+00	0.000000000000000000e+00
1.316660000000000000e+05	8.709000000000000000e+03	4.300000000000000000e+01	2.743685132080448597e+01	2.540112822122576475e+01	9.040078829204655220e-01	8.468740673103739569e-01	0.000000000000000000e+00	1.000000000000000000e+00	0.000000000000000000e+00
1.316660000000000000e+05	8.712000000000000000e+03	3.900000000000000000e+01	2.732699265060245608e+01	2.442749471075779155e+01	1.005619159144666375e+00	6.769330186975447416e-01	0.000000000000000000e+00	1.000000000000000000e+00	0.000000000000000000e+00
1.316660000000000000e+05	8.718000000000000000e+03	6.500000000000000000e+01	2.752783865037573463e+01	2.398638289360998144e+01	9.424650398011500396e-01	7.749694328276167665e-01	0.000000000000000000e+00	1.000000000000000000e+00	0.000000000000000000e+00
1.316660000000000000e+05	8.719000000000000000e+03	5.400000000000000000e+01	2.730701849259727254e+01	2.449658029729310371e+01	9.255606066856567615e-01	9.013180918515637519e-01	0.000000000000000000e+00	1.000000000000000000e+00	0.000000000000000000e+00
1.316660000000000000e+05	8.720000000000000000e+03	6.700000000000000000e+01	2.739677920907598363e+01	2.552736079931658608e+01	8.562980756766469526e-01	8.444154669627677023e-01	0.000000000000000000e+00	1.000000000000000000e+00	0.000000000000000000e+00
1.316660000000000000e+05	8.721000000000000000e+03	4.200000000000000000e+01	2.757285585719574783e+01	2.535767816880102288e+01	7.498917116811477657e-01	8.593827614291746908e-01	0.000000000000000000e+00	1.000000000000000000e+00	0.000000000000000000e+00
1.316660000000000000e+05	8.722000000000000000e+03	6.600000000000000000e+01	2.723586597500545992e+01	2.530888122191790401e+01	1.123737439166866192e+00	7.881435073556810611e-01	0.000000000000000000e+00	1.000000000000000000e+00	0.000000000000000000e+00
1.316660000000000000e+05	8.723000000000000000e+03	4.400000000000000000e+01	2.751059690114414380e+01	2.514637893314745298e+01	9.536789760082641232e-01	9.529560125010064775e-01	0.000000000000000000e+00	1.000000000000000000e+00	0.000000000000000000e+00
1.316660000000000000e+05	8.724000000000000000e+03	6.400000000000000000e+01	2.750507142567204610e+01	2.513002780343042986e+01	9.678136282534848256e-01	7.168044879290988991e-01	0.000000000000000000e+00	1.000000000000000000e+00	0.000000000000000000e+00
1.316660000000000000e+05	8.726000000000000000e+03	4.600000000000000000e+01	2.759723446511059208e+01	2.408078738883834546e+01	9.083398131108540996e-01	1.018284351754421113e+00	0.000000000000000000e+00	1.000000000000000000e+00	0.000000000000000000e+00
1.316660000000000000e+05	8.727000000000000000e+03	5.300000000000000000e+01	2.760065553377556569e+01	2.709118415618370790e+01	9.262155619974066223e-01	8.539275868212904408e-01	0.000000000000000000e+00	1.000000000000000000e+00	0.000000000000000000e+00
1.316660000000000000e+05	8.728000000000000000e+03	3.800000000000000000e+01	2.768434083085455555e+01	2.561453169844498490e+01	8.399656269728132951e-01	6.882361634506165560e-01	0.000000000000000000e+00	1.000000000000000000e+00	0.000000000000000000e+00
1.316660000000000000e+05	8.733000000000000000e+03	4.200000000000000000e+01	2.754946755662570013e+01	2.470041632467969350e+01	1.015282714586064339e+00	8.639169788292118124e-01	0.000000000000000000e+00	1.000000000000000000e+00	0.000000000000000000e+00
1.316660000000000000e+05	8.779000000000000000e+03	4.700000000000000000e+01	2.737674134971407724e+01	2.664501392370010535e+01	9.463622409909231425e-01	8.266987437236249514e-01	0.000000000000000000e+00	1.000000000000000000e+00	0.000000000000000000e+00
1.316660000000000000e+05	8.815000000000000000e+03	5.300000000000000000e+01	2.736966157227324814e+01	2.620981666732764381e+01	9.512664813552308418e-01	8.466151873568139585e-01	0.000000000000000000e+00	1.000000000000000000e+00	0.000000000000000000e+00
1.316660000000000000e+05	8.819000000000000000e+03	4.600000000000000000e+01	2.748637816916732746e+01	2.445063456793953449e+01	9.272212503257338811e-01	7.622982711652621646e-01	0.000000000000000000e+00	1.000000000000000000e+00	0.000000000000000000e+00
1.316660000000000000e+05	8.822000000000000000e+03	5.500000000000000000e+01	2.747457831662153183e+01	2.522675610129745394e+01	9.477240708372990374e-01	8.458149712548299615e-01	0.000000000000000000e+00	1.000000000000000000e+00	0.000000000000000000e+00
1.316660000000000000e+05	8.823000000000000000e+03	6.200000000000000000e+01	2.738913369248968621e+01	2.638287700608941222e+01	9.919708185310803783e-01	8.573445832647333953e-01	0.000000000000000000e+00	1.000000000000000000e+00	0.000000000000000000e+00
1.316660000000000000e+05	8.824000000000000000e+03	5.100000000000000000e+01	2.752866235310290932e+01	2.435142799749178621e+01	9.253038327515084038e-01	8.168104341171231741e-01	0.000000000000000000e+00	1.000000000000000000e+00	0.000000000000000000e+00
1.316660000000000000e+05	8.825000000000000000e+03	3.700000000000000000e+01	2.734415730777985587e+01	2.588356423401651796e+01	9.540451867105874673e-01	8.748115651638087575e-01	0.000000000000000000e+00	1.000000000000000000e+00	0.000000000000000000e+00
1.316660000000000000e+05	8.828000000000000000e+03	6.000000000000000000e+01	2.752566312996936659e+01	2.524813027479980221e+01	1.063850656489404134e+00	9.646619385226496979e-01	0.000000000000000000e+00	1.000000000000000000e+00	0.000000000000000000e+00
1.316660000000000000e+05	8.831000000000000000e+03	5.800000000000000000e+01	2.742057628751820531e+01	2.386123699079219662e+01	8.665313524702066283e-01	8.220959037282906667e-01	0.000000000000000000e+00	1.000000000000000000e+00	0.000000000000000000e+00
1.316670000000000000e+05	8.576000000000000000e+03	6.200000000000000000e+01	2.526864971673557747e+01	2.226482999028232967e+01	1.048147361719752091e+00	1.057768966821812207e+00	0.000000000000000000e+00	1.000000000000000000e+00	0.000000000000000000e+00
1.316670000000000000e+05	8.577000000000000000e+03	4.600000000000000000e+01	2.528666418454634623e+01	2.397290333767837822e+01	8.067429115969241282e-01	8.949298312160585134e-01	0.000000000000000000e+00	1.000000000000000000e+00	0.000000000000000000e+00
1.316670000000000000e+05	8.579000000000000000e+03	6.100000000000000000e+01	2.521929286657266900e+01	2.476529132817664802e+01	1.094237282987787774e+00	1.031042094094084982e+00	0.000000000000000000e+00	1.000000000000000000e+00	0.000000000000000000e+00
1.316670000000000000e+05	8.583000000000000000e+03	4.600000000000000000e+01	2.532667258861425452e+01	2.430335373716836145e+01	9.418264466352412878e-01	1.140337390653448413e+00	0.000000000000000000e+00	1.000000000000000000e+00	0.000000000000000000e+00
1.316670000000000000e+05	8.584000000000000000e+03	5.900000000000000000e+01	2.550944188762816722e+01	2.098910215550945324e+01	9.526851954056376748e-01	7.315890932254763834e-01	0.000000000000000000e+00	1.000000000000000000e+00	0.000000000000000000e+00
1.316670000000000000e+05	8.586000000000000000e+03	4.200000000000000000e+01	2.531592954823737784e+01	2.426771048137685938e+01	8.596908292813997265e-01	7.664731930421282424e-01	0.000000000000000000e+00	1.000000000000000000e+00	0.000000000000000000e+00
1.316670000000000000e+05	8.594000000000000000e+03	6.400000000000000000e+01	2.521767879293386017e+01	2.107435541346187335e+01	7.565794664009479753e-01	9.989421608136247466e-01	0.000000000000000000e+00	1.000000000000000000e+00	0.000000000000000000e+00
1.316670000000000000e+05	8.595000000000000000e+03	4.600000000000000000e+01	2.481477842784750720e+01	2.216488774015103758e+01	7.056732747665106498e-01	8.456222998402562752e-01	0.000000000000000000e+00	1.000000000000000000e+00	0.000000000000000000e+00
1.316670000000000000e+05	8.597000000000000000e+03	4.700000000000000000e+01	2.519497588097938490e+01	2.190616234699584552e+01	6.983315594354981837e-01	7.958777307943939450e-01	0.000000000000000000e+00	1.000000000000000000e+00	0.000000000000000000e+00
1.316670000000000000e+05	8.685000000000000000e+03	5.400000000000000000e+01	2.529395911828245147e+01	2.442513324296026056e+01	8.033081442496834423e-01	7.977238135473670999e-01	0.000000000000000000e+00	1.000000000000000000e+00	0.000000000000000000e+00
1.316670000000000000e+05	8.687000000000000000e+03	4.500000000000000000e+01	2.532738932279619704e+01	2.131981239889563184e+01	7.424312550941079003e-01	7.492293378213199517e-01	0.000000000000000000e+00	1.000000000000000000e+00	0.000000000000000000e+00
1.316670000000000000e+05	8.688000000000000000e+03	6.900000000000000000e+01	2.542166695824681355e+01	2.239083917482352248e+01	8.440822414635110738e-01	9.589698090079349369e-01	0.000000000000000000e+00	1.000000000000000000e+00	0.000000000000000000e+00
1.316670000000000000e+05	8.689000000000000000e+03	6.400000000000000000e+01	2.522038079415427703e+01	2.228678022859567420e+01	1.007301916940531950e+00	7.797306340192686758e-01	0.000000000000000000e+00	1.000000000000000000e+00	0.000000000000000000e+00
1.316670000000000000e+05	8.699000000000000000e+03	3.700000000000000000e+01	2.534458716109339349e+01	2.440795247585748129e+01	7.109186801045545012e-01	9.198200088149930398e-01	0.000000000000000000e+00	1.000000000000000000e+00	0.000000000000000000e+00
1.316670000000000000e+05	8.700000000000000000e+03	5.900000000000000000e+01	2.513624306411656306e+01	2.047625452791809053e+01	8.370970139908483487e-01	8.893042486968462113e-01	0.000000000000000000e+00	1.000000000000000000e+00	0.000000000000000000e+00
1.316670000000000000e+05	8.703000000000000000e+03	6.700000000000000000e+01	2.536694169569621948e+01	2.380602545327393216e+01	7.082184916915615913e-01	1.005250701226159116e+00	0.000000000000000000e+00	1.000000000000000000e+00	0.000000000000000000e+00
1.316670000000000000e+05	8.704000000000000000e+03	6.800000000000000000e+01	2.525708153811805090e+01	2.720450377071084347e+01	1.062175236309886861e+00	8.465373888292460069e-01	0.000000000000000000e+00	1.000000000000000000e+00	0.000000000000000000e+00
1.316670000000000000e+05	8.705000000000000000e+03	4.500000000000000000e+01	2.518845894365534477e+01	2.428867544663225431e+01	8.139642198739316381e-01	7.763770960918799924e-01	0.000000000000000000e+00	1.000000000000000000e+00	0.000000000000000000e+00
1.316670000000000000e+05	8.707000000000000000e+03	6.800000000000000000e+01	2.523827091721204496e+01	2.325045189143286706e+01	8.153685889710798884e-01	9.041564145011766751e-01	0.000000000000000000e+00	1.000000000000000000e+00	0.000000000000000000e+00
1.316670000000000000e+05	8.711000000000000000e+03	4.700000000000000000e+01	2.540833786434129493e+01	2.261489080472610880e+01	8.602412503535736832e-01	5.931116994512868335e-01	0.000000000000000000e+00	1.000000000000000000e+00	0.000000000000000000e+00
1.316670000000000000e+05	8.712000000000000000e+03	5.300000000000000000e+01	2.510567380788230452e+01	2.417056209323573768e+01	9.222202038803679613e-01	7.519115091966506181e-01	0.000000000000000000e+00	1.000000000000000000e+00	0.000000000000000000e+00
1.316670000000000000e+05	8.714000000000000000e+03	4.800000000000000000e+01	2.534432164233363238e+01	2.362031688749172531e+01	6.380902664978003180e-01	7.354822758362897783e-01	0.000000000000000000e+00	1.000000000000000000e+00	0.000000000000000000e+00
1.316670000000000000e+05	8.716000000000000000e+03	5.200000000000000000e+01	2.533613032239479423e+01	2.395290492933357029e+01	8.609267358088350530e-01	7.301513024866211898e-01	0.000000000000000000e+00	1.000000000000000000e+00	0.000000000000000000e+00
1.316670000000000000e+05	8.718000000000000000e+03	6.300000000000000000e+01	2.522184599919178893e+01	2.390534321029178955e+01	8.611770136934872033e-01	9.483029444467112601e-01	0.000000000000000000e+00	1.000000000000000000e+00	0.000000000000000000e+00
1.316670000000000000e+05	8.719000000000000000e+03	4.700000000000000000e+01	2.528453239923292983e+01	2.439524503684550538e+01	8.387822081925568884e-01	6.054760033392533325e-01	0.000000000000000000e+00	1.000000000000000000e+00	0.000000000000000000e+00
1.316670000000000000e+05	8.720000000000000000e+03	5.400000000000000000e+01	2.524871243116735897e+01	2.560118734762504999e+01	9.651693746109502037e-01	8.126327216202101633e-01	0.000000000000000000e+00	1.000000000000000000e+00	0.000000000000000000e+00
1.316670000000000000e+05	8.721000000000000000e+03	4.400000000000000000e+01	2.528798746832314492e+01	2.553275570200483813e+01	7.430341166659631957e-01	8.579375555755821559e-01	0.000000000000000000e+00	1.000000000000000000e+00	0.000000000000000000e+00
1.316670000000000000e+05	8.722000000000000000e+03	5.700000000000000000e+01	2.522674170178858333e+01	2.527065445992848325e+01	1.129207542523185115e+00	8.556029381069872874e-01	0.000000000000000000e+00	1.000000000000000000e+00	0.000000000000000000e+00
1.316670000000000000e+05	8.724000000000000000e+03	5.200000000000000000e+01	2.543458865883264153e+01	2.514849512096153461e+01	8.143364997953718154e-01	7.470042194056959461e-01	0.000000000000000000e+00	1.000000000000000000e+00	0.000000000000000000e+00
1.316670000000000000e+05	8.725000000000000000e+03	5.400000000000000000e+01	2.524556401327362209e+01	2.409679957637742831e+01	8.347452137606594658e-01	9.595916389825065451e-01	0.000000000000000000e+00	1.000000000000000000e+00	0.000000000000000000e+00
1.316670000000000000e+05	8.727000000000000000e+03	4.000000000000000000e+01	2.523454544860468118e+01	2.747349187216354593e+01	8.245033260804623954e-01	6.793132839805171574e-01	0.000000000000000000e+00	1.000000000000000000e+00	0.000000000000000000e+00
1.316670000000000000e+05	8.728000000000000000e+03	3.300000000000000000e+01	2.564170118400546627e+01	2.544795816994224680e+01	5.366092313896851929e-01	8.191056677909628325e-01	0.000000000000000000e+00	1.000000000000000000e+00	0.000000000000000000e+00
1.316670000000000000e+05	8.730000000000000000e+03	3.800000000000000000e+01	2.533428265795300405e+01	2.427815336731339002e+01	6.939816562198132255e-01	8.286924907571964205e-01	0.000000000000000000e+00	1.000000000000000000e+00	0.000000000000000000e+00
1.316670000000000000e+05	8.819000000000000000e+03	4.000000000000000000e+01	2.528477653471167130e+01	2.467017180328188886e+01	9.305510590900570866e-01	8.656412823502537268e-01	0.000000000000000000e+00	1.000000000000000000e+00	0.000000000000000000e+00
1.316670000000000000e+05	8.820000000000000000e+03	3.700000000000000000e+01	2.541713963435723400e+01	2.361416074242904983e+01	5.328008596518757356e-01	6.886066269321694522e-01	0.000000000000000000e+00	1.000000000000000000e+00	0.000000000000000000e+00
1.316670000000000000e+05	8.823000000000000000e+03	5.500000000000000000e+01	2.524330549498286658e+01	2.603670945528487835e+01	7.798813075280310869e-01	1.108016990757068942e+00	0.000000000000000000e+00	1.000000000000000000e+00	0.000000000000000000e+00
1.316670000000000000e+05	8.824000000000000000e+03	4.800000000000000000e+01	2.516002428971033567e+01	2.444441962725884920e+01	8.685846820773068799e-01	7.545270098868152031e-01	0.000000000000000000e+00	1.000000000000000000e+00	0.000000000000000000e+00
1.316680000000000000e+05	8.579000000000000000e+03	4.100000000000000000e+01	2.578866774865649347e+01	2.468351674270047624e+01	7.427989250527750054e-01	8.137589782344523126e-01	0.000000000000000000e+00	1.000000000000000000e+00	0.000000000000000000e+00
1.316680000000000000e+05	8.583000000000000000e+03	5.100000000000000000e+01	2.563728725050064128e+01	2.377157793592492396e+01	7.887579999421299171e-01	1.015140193108830413e+00	0.000000000000000000e+00	1.000000000000000000e+00	0.000000000000000000e+00
1.316680000000000000e+05	8.597000000000000000e+03	5.500000000000000000e+01	2.581642753019031389e+01	2.197337618530987058e+01	7.610412097309058321e-01	8.963380891744069379e-01	0.000000000000000000e+00	1.000000000000000000e+00	0.000000000000000000e+00
1.316680000000000000e+05	8.686000000000000000e+03	5.600000000000000000e+01	2.568804803092107392e+01	2.297689392584893397e+01	9.342652258754818861e-01	1.029887993285203418e+00	0.000000000000000000e+00	1.000000000000000000e+00	0.000000000000000000e+00
1.316680000000000000e+05	8.703000000000000000e+03	5.300000000000000000e+01	2.576749324053520951e+01	2.381088936407515533e+01	7.596232227394198455e-01	7.688913653923520330e-01	0.000000000000000000e+00	1.000000000000000000e+00	0.000000000000000000e+00
1.316680000000000000e+05	8.704000000000000000e+03	5.300000000000000000e+01	2.570171237337995507e+01	2.717600037366923971e+01	7.054056781520171571e-01	9.588642719830565708e-01	0.000000000000000000e+00	1.000000000000000000e+00	0.000000000000000000e+00
1.316680000000000000e+05	8.707000000000000000e+03	4.000000000000000000e+01	2.574156919124657605e+01	2.311709125481965543e+01	5.947326932260997845e-01	8.031076506875300947e-01	0.000000000000000000e+00	1.000000000000000000e+00	0.000000000000000000e+00
1.316680000000000000e+05	8.718000000000000000e+03	5.400000000000000000e+01	2.582293749956172846e+01	2.395144845935520905e+01	8.445889761679725716e-01	9.786092479638323072e-01	0.000000000000000000e+00	1.000000000000000000e+00	0.000000000000000000e+00
1.316680000000000000e+05	8.722000000000000000e+03	3.800000000000000000e+01	2.563844736697770799e+01	2.568463418719138147e+01	5.369067373930999088e-01	8.025254980306787411e-01	0.000000000000000000e+00	1.000000000000000000e+00	0.000000000000000000e+00
1.316680000000000000e+05	8.724000000000000000e+03	4.800000000000000000e+01	2.577372627709657849e+01	2.497858867172035247e+01	6.036714304746447768e-01	7.237801206176536217e-01	0.000000000000000000e+00	1.000000000000000000e+00	0.000000000000000000e+00
1.316680000000000000e+05	8.726000000000000000e+03	4.200000000000000000e+01	2.575916785632808015e+01	2.445709955745579833e+01	6.816927520672266816e-01	6.890477293473082909e-01	0.000000000000000000e+00	1.000000000000000000e+00	0.000000000000000000e+00
1.316680000000000000e+05	8.817000000000000000e+03	4.300000000000000000e+01	2.566128917426756928e+01	2.373233111332884704e+01	5.995703330532208275e-01	8.219692205864171930e-01	0.000000000000000000e+00	1.000000000000000000e+00	0.000000000000000000e+00
1.316680000000000000e+05	8.821000000000000000e+03	4.200000000000000000e+01	2.582130592975977024e+01	2.417166735982978309e+01	7.577301829300316927e-01	5.890435592728228142e-01	0.000000000000000000e+00	1.000000000000000000e+00	0.000000000000000000e+00
1.316680000000000000e+05	8.823000000000000000e+03	5.300000000000000000e+01	2.575535765092812923e+01	2.639323165378081981e+01	8.073257170178702591e-01	7.836861425658446789e-01	0.000000000000000000e+00	1.000000000000000000e+00	0.000000000000000000e+00
1.316680000000000000e+05	8.824000000000000000e+03	5.400000000000000000e+01	2.565835836663783098e+01	2.405906194690698996e+01	9.213371879576436330e-01	8.875098608842655334e-01	0.000000000000000000e+00	1.000000000000000000e+00	0.000000000000000000e+00
1.316680000000000000e+05	8.828000000000000000e+03	5.700000000000000000e+01	2.567467148244239183e+01	2.504681161397727607e+01	1.072579773555514260e+00	9.314848857800970272e-01	0.000000000000000000e+00	1.000000000000000000e+00	0.000000000000000000e+00
1.316680000000000000e+05	8.831000000000000000e+03	3.900000000000000000e+01	2.583235251649543329e+01	2.385046732766355859e+01	7.250214848197468198e-01	8.822382378709269224e-01	0.000000000000000000e+00	1.000000000000000000e+00	0.000000000000000000e+00
1.316690000000000000e+05	8.579000000000000000e+03	5.100000000000000000e+01	2.486087187914402818e+01	2.487665356339156375e+01	7.973727983189142776e-01	1.014928277039154780e+00	0.000000000000000000e+00	1.000000000000000000e+00	0.000000000000000000e+00
1.316690000000000000e+05	8.583000000000000000e+03	5.200000000000000000e+01	2.505522400780830239e+01	2.402599210358463466e+01	7.840020126503548514e-01	8.571980273391993643e-01	0.000000000000000000e+00	1.000000000000000000e+00	0.000000000000000000e+00
1.316690000000000000e+05	8.597000000000000000e+03	5.800000000000000000e+01	2.480653431199616321e+01	2.193106571631753354e+01	7.710813370874869399e-01	1.024364555247195163e+00	0.000000000000000000e+00	1.000000000000000000e+00	0.000000000000000000e+00
1.316690000000000000e+05	8.686000000000000000e+03	5.200000000000000000e+01	2.509395320040020749e+01	2.266565868299532127e+01	7.858751344649278492e-01	1.054819834455060779e+00	0.000000000000000000e+00	1.000000000000000000e+00	0.000000000000000000e+00
1.316690000000000000e+05	8.704000000000000000e+03	4.100000000000000000e+01	2.466913585422275901e+01	2.698411888807507353e+01	9.302487702566879513e-01	9.450230649449963272e-01	0.000000000000000000e+00	1.000000000000000000e+00	0.000000000000000000e+00
1.316690000000000000e+05	8.711000000000000000e+03	5.900000000000000000e+01	2.497926317524150619e+01	2.258193149465482463e+01	6.987072249785711842e-01	6.974729898729342681e-01	0.000000000000000000e+00	1.000000000000000000e+00	0.000000000000000000e+00
1.316690000000000000e+05	8.712000000000000000e+03	4.200000000000000000e+01	2.513096493149042843e+01	2.440447352153261207e+01	8.246315350288196955e-01	8.372529870452993794e-01	0.000000000000000000e+00	1.000000000000000000e+00	0.000000000000000000e+00
1.316690000000000000e+05	8.719000000000000000e+03	5.000000000000000000e+01	2.502941913092623594e+01	2.446014255565731688e+01	6.374899789970300823e-01	9.374393199184936076e-01	0.000000000000000000e+00	1.000000000000000000e+00	0.000000000000000000e+00
1.316690000000000000e+05	8.720000000000000000e+03	6.200000000000000000e+01	2.509710420667023101e+01	2.577112939432529970e+01	6.401948405584951818e-01	8.514626287761964951e-01	0.000000000000000000e+00	1.000000000000000000e+00	0.000000000000000000e+00
1.316690000000000000e+05	8.722000000000000000e+03	5.400000000000000000e+01	2.498094740513815282e+01	2.523990759295898911e+01	7.492291434483151491e-01	8.255287677455420692e-01	0.000000000000000000e+00	1.000000000000000000e+00	0.000000000000000000e+00
1.316690000000000000e+05	8.724000000000000000e+03	5.300000000000000000e+01	2.498429383978340113e+01	2.502637347036252180e+01	7.028330494601313649e-01	7.718515125325496884e-01	0.000000000000000000e+00	1.000000000000000000e+00	0.000000000000000000e+00
1.316690000000000000e+05	8.725000000000000000e+03	5.500000000000000000e+01	2.495927325541720521e+01	2.427990905099020935e+01	9.444109878649236123e-01	7.905451287691912521e-01	0.000000000000000000e+00	1.000000000000000000e+00	0.000000000000000000e+00
1.316690000000000000e+05	8.823000000000000000e+03	4.400000000000000000e+01	2.492600885822234957e+01	2.629308468874040372e+01	8.557757746871714755e-01	7.045467020822014925e-01	0.000000000000000000e+00	1.000000000000000000e+00	0.000000000000000000e+00
1.316690000000000000e+05	8.824000000000000000e+03	3.800000000000000000e+01	2.503528350835382454e+01	2.429369319656825610e+01	7.578707905869535022e-01	8.302787077782859404e-01	0.000000000000000000e+00	1.000000000000000000e+00	0.000000000000000000e+00
1.316690000000000000e+05	8.828000000000000000e+03	4.300000000000000000e+01	2.510253962346408230e+01	2.513105985833619727e+01	7.743802995394251099e-01	7.884548038834914285e-01	0.000000000000000000e+00	1.000000000000000000e+00	0.000000000000000000e+00
1.316690000000000000e+05	8.831000000000000000e+03	5.100000000000000000e+01	2.490976334178161977e+01	2.383357073064955856e+01	8.628034429921774828e-01	8.847995391605623094e-01	0.000000000000000000e+00	1.000000000000000000e+00	0.000000000000000000e+00
1.316710000000000000e+05	8.579000000000000000e+03	5.200000000000000000e+01	2.618916706614123413e+01	2.462958258771825015e+01	1.020116823701296083e+00	9.552277273581979422e-01	0.000000000000000000e+00	1.000000000000000000e+00	0.000000000000000000e+00
1.316710000000000000e+05	8.688000000000000000e+03	4.100000000000000000e+01	2.607201528528951329e+01	2.244228875642604493e+01	6.957264105007555655e-01	7.139750398387283425e-01	0.000000000000000000e+00	1.000000000000000000e+00	0.000000000000000000e+00
1.316710000000000000e+05	8.689000000000000000e+03	5.500000000000000000e+01	2.608708467063242509e+01	2.248299949822952826e+01	8.308064147557803203e-01	9.059388752456547511e-01	0.000000000000000000e+00	1.000000000000000000e+00	0.000000000000000000e+00
1.316710000000000000e+05	8.704000000000000000e+03	4.400000000000000000e+01	2.627666351863326710e+01	2.718481282160112755e+01	8.307344479918972180e-01	9.226827157150396808e-01	0.000000000000000000e+00	1.000000000000000000e+00	0.000000000000000000e+00
1.316710000000000000e+05	8.707000000000000000e+03	5.400000000000000000e+01	2.623641450896888827e+01	2.297378960385377766e+01	9.078908892672907793e-01	7.349363662340205883e-01	0.000000000000000000e+00	1.000000000000000000e+00	0.000000000000000000e+00
1.316710000000000000e+05	8.711000000000000000e+03	4.800000000000000000e+01	2.608076613203779459e+01	2.247360227991448056e+01	7.546470721116007585e-01	5.701839168990420204e-01	0.000000000000000000e+00	1.000000000000000000e+00	0.000000000000000000e+00
1.316710000000000000e+05	8.720000000000000000e+03	4.500000000000000000e+01	2.610761509513180556e+01	2.552866145945420584e+01	9.404659913860733411e-01	7.155594939944639465e-01	0.000000000000000000e+00	1.000000000000000000e+00	0.000000000000000000e+00
1.316710000000000000e+05	8.721000000000000000e+03	3.800000000000000000e+01	2.604785406495975408e+01	2.555242271077757721e+01	8.297597953102524571e-01	6.337425359487027787e-01	0.000000000000000000e+00	1.000000000000000000e+00	0.000000000000000000e+00
1.316710000000000000e+05	8.724000000000000000e+03	4.800000000000000000e+01	2.600430054322272255e+01	2.504360635745974761e+01	8.414942758992433047e-01	9.497767159937267056e-01	0.000000000000000000e+00	1.000000000000000000e+00	0.000000000000000000e+00
1.316710000000000000e+05	8.727000000000000000e+03	4.000000000000000000e+01	2.592237416005484363e+01	2.694370886896467709e+01	7.516484691184868172e-01	9.438733867129042165e-01	0.000000000000000000e+00	1.000000000000000000e+00	0.000000000000000000e+00
1.316710000000000000e+05	8.823000000000000000e+03	3.900000000000000000e+01	2.623514043778987670e+01	2.625041342744125927e+01	7.137754798792064204e-01	8.790583273895208327e-01	0.000000000000000000e+00	1.000000000000000000e+00	0.000000000000000000e+00
1.316710000000000000e+05	8.824000000000000000e+03	5.200000000000000000e+01	2.613975658049691475e+01	2.427917410772914764e+01	9.888794327764778291e-01	7.025628336554005093e-01	0.000000000000000000e+00	1.000000000000000000e+00	0.000000000000000000e+00
1.316720000000000000e+05	8.579000000000000000e+03	4.000000000000000000e+01	2.643391963687026092e+01	2.479589622206263044e+01	7.359944986929425337e-01	7.999572620984435334e-01	0.000000000000000000e+00	1.000000000000000000e+00	0.000000000000000000e+00
1.316720000000000000e+05	8.583000000000000000e+03	4.000000000000000000e+01	2.645430234775052014e+01	2.421974047025314647e+01	6.619007840691867317e-01	8.352807888472152387e-01	0.000000000000000000e+00	1.000000000000000000e+00	0.000000000000000000e+00
1.316720000000000000e+05	8.707000000000000000e+03	3.700000000000000000e+01	2.655755951318146657e+01	2.325782359402156629e+01	7.022069743253683827e-01	6.465906805250727363e-01	0.000000000000000000e+00	1.000000000000000000e+00	0.000000000000000000e+00
1.316720000000000000e+05	8.718000000000000000e+03	4.300000000000000000e+01	2.646643652957057213e+01	2.398298474252489854e+01	7.383398426929519420e-01	7.852042720349531324e-01	0.000000000000000000e+00	1.000000000000000000e+00	0.000000000000000000e+00
1.316720000000000000e+05	8.720000000000000000e+03	4.700000000000000000e+01	2.629776983122863498e+01	2.564161442224617105e+01	6.346272879479443185e-01	6.490324599393172411e-01	0.000000000000000000e+00	1.000000000000000000e+00	0.000000000000000000e+00
1.316720000000000000e+05	8.721000000000000000e+03	3.700000000000000000e+01	2.614689359856074446e+01	2.551274648203446915e+01	7.732459143603748197e-01	7.585274182363849205e-01	0.000000000000000000e+00	1.000000000000000000e+00	0.000000000000000000e+00
1.316720000000000000e+05	8.724000000000000000e+03	4.400000000000000000e+01	2.651074932998859524e+01	2.496916932116690901e+01	7.218265491596876915e-01	7.179817277875154558e-01	0.000000000000000000e+00	1.000000000000000000e+00	0.000000000000000000e+00
1.316720000000000000e+05	8.817000000000000000e+03	4.100000000000000000e+01	2.630163903906984757e+01	2.395514498563863981e+01	8.852964093936334100e-01	6.395974781122153452e-01	0.000000000000000000e+00	1.000000000000000000e+00	0.000000000000000000e+00
1.316720000000000000e+05	8.819000000000000000e+03	3.600000000000000000e+01	2.635700626412565839e+01	2.450290045874625378e+01	6.854199595365493280e-01	5.520478048494901202e-01	0.000000000000000000e+00	1.000000000000000000e+00	0.000000000000000000e+00
1.316740000000000000e+05	8.686000000000000000e+03	4.400000000000000000e+01	2.410448161943414647e+01	2.296236385988974504e+01	6.099040847601346904e-01	8.107447707283130800e-01	0.000000000000000000e+00	1.000000000000000000e+00	0.000000000000000000e+00
1.316740000000000000e+05	8.720000000000000000e+03	4.800000000000000000e+01	2.391933312583639903e+01	2.583892930407682087e+01	9.264119300147364289e-01	7.347448689220543727e-01	0.000000000000000000e+00	1.000000000000000000e+00	0.000000000000000000e+00
1.316740000000000000e+05	8.823000000000000000e+03	4.200000000000000000e+01	2.408748853698933345e+01	2.634866295760922839e+01	7.653343699892986018e-01	7.204717126192644594e-01	0.000000000000000000e+00	1.000000000000000000e+00	0.000000000000000000e+00
1.316750000000000000e+05	8.812000000000000000e+03	4.800000000000000000e+01	2.786405850837891052e+01	2.804592735269639192e+01	8.886061537611936734e-01	8.436151864949484880e-01	0.000000000000000000e+00	1.000000000000000000e+00	0.000000000000000000e+00
1.316750000000000000e+05	8.828000000000000000e+03	3.800000000000000000e+01	2.788987964764035965e+01	2.522405271840371199e+01	6.459784114394619969e-01	9.803696592875651428e-01	0.000000000000000000e+00	1.000000000000000000e+00	0.000000000000000000e+00
1.316790000000000000e+05	8.583000000000000000e+03	4.100000000000000000e+01	2.727823023175940165e+01	2.436614100502708880e+01	5.525304011960712192e-01	1.023930258490576506e+00	0.000000000000000000e+00	1.000000000000000000e+00	0.000000000000000000e+00
1.316790000000000000e+05	8.722000000000000000e+03	3.300000000000000000e+01	2.719924338965079258e+01	2.533037597722152867e+01	6.162060839345609997e-01	9.812318535445863077e-01	0.000000000000000000e+00	1.000000000000000000e+00	0.000000000000000000e+00
1.316790000000000000e+05	8.823000000000000000e+03	4.700000000000000000e+01	2.736319739068246903e+01	2.613940242974213390e+01	7.835664010041782923e-01	8.274994469376044659e-01	0.000000000000000000e+00	1.000000000000000000e+00	0.000000000000000000e+00
1.316790000000000000e+05	8.831000000000000000e+03	4.300000000000000000e+01	2.718986048172507353e+01	2.409264921173472018e+01	6.959167818551117435e-01	5.956900026278835192e-01	0.000000000000000000e+00	1.000000000000000000e+00	0.000000000000000000e+00
1.316860000000000000e+05	8.579000000000000000e+03	4.500000000000000000e+01	2.535176912091767676e+01	2.475532319777435220e+01	6.210643357916337814e-01	1.071953150654912257e+00	0.000000000000000000e+00	1.000000000000000000e+00	0.000000000000000000e+00
1.316860000000000000e+05	8.823000000000000000e+03	4.200000000000000000e+01	2.528070505844286942e+01	2.628006083938957005e+01	7.684748610774788657e-01	8.586779367810273289e-01	0.000000000000000000e+00	1.000000000000000000e+00	0.000000000000000000e+00
1.317100000000000000e+05	8.720000000000000000e+03	3.000000000000000000e+01	2.854171711387743926e+01	2.578602125099494913e+01	5.505118391392657129e-01	7.810651878659310432e-01	0.000000000000000000e+00	1.000000000000000000e+00	0.000000000000000000e+00
1.317100000000000000e+05	8.823000000000000000e+03	2.500000000000000000e+01	2.867447966419993577e+01	2.633075463277861772e+01	6.128025985345664228e-01	5.341906172208309433e-01	0.000000000000000000e+00	1.000000000000000000e+00	0.000000000000000000e+00
1.393800000000000000e+05	9.700000000000000000e+02	4.400000000000000000e+01	2.236408244531361689e+01	2.744307358478426906e+01	8.920964762443731599e-01	8.011595652626549713e-01	0.000000000000000000e+00	1.000000000000000000e+00	0.000000000000000000e+00
1.401670000000000000e+05	9.770000000000000000e+02	4.800000000000000000e+01	2.378190134609512185e+01	2.688065984556929067e+01	8.405908886320562212e-01	7.179441200914430388e-01	0.000000000000000000e+00	1.000000000000000000e+00	0.000000000000000000e+00
1.401760000000000000e+05	9.760000000000000000e+02	3.800000000000000000e+01	2.585276656437255838e+01	3.018543154999357725e+01	7.508819968551435631e-01	8.986934826649467523e-01	0.000000000000000000e+00	1.000000000000000000e+00	0.000000000000000000e+00
1.401810000000000000e+05	9.700000000000000000e+02	3.500000000000000000e+01	2.297278810902871982e+01	2.774376658402093909e+01	6.209287825851391718e-01	6.538572411914779225e-01	0.000000000000000000e+00	1.000000000000000000e+00	0.000000000000000000e+00
1.402790000000000000e+05	9.760000000000000000e+02	1.020000000000000000e+02	2.508716858217804457e+01	1.000000000000000000e+00	7.957825342762229193e-01	1.000000000000000000e+00	0.000000000000000000e+00	1.000000000000000000e+00	0.000000000000000000e+00
1.402870000000000000e+05	9.670000000000000000e+02	4.700000000000000000e+01	2.436670104921072877e+01	2.756709958000542571e+01	9.599679013081453549e-01	1.078027145206944315e+00	0.000000000000000000e+00	1.000000000000000000e+00	0.000000000000000000e+00
