1.316110000000000000e+05	8.686000000000000000e+03	3.700000000000000000e+01	2.541186015757930150e+01	2.304014673127897339e+01	5.138090844074724162e-01	7.586070939436964089e-01	0.000000000000000000e+00	1.000000000000000000e+00	0.000000000000000000e+00
1.316110000000000000e+05	8.810000000000000000e+03	3.800000000000000000e+01	2.507711811368869803e+01	2.754117222594716807e+01	1.100483239189242290e+00	9.615399030683519088e-01	0.000000000000000000e+00	1.000000000000000000e+00	0.000000000000000000e+00
1.316110000000000000e+05	8.823000000000000000e+03	3.900000000000000000e+01	2.536515166431811252e+01	2.614409619123234307e+01	6.557419531786600198e-01	8.006363813083496872e-01	0.000000000000000000e+00	1.000000000000000000e+00	0.000000000000000000e+00
1.316140000000000000e+05	8.597000000000000000e+03	4.700000000000000000e+01	2.566439748949175836e+01	2.242486214582071469e+01	9.804380208868682667e-01	7.887874076622384267e-01	0.000000000000000000e+00	1.000000000000000000e+00	0.000000000000000000e+00
1.316170000000000000e+05	8.579000000000000000e+03	4.000000000000000000e+01	2.547372754283143692e+01	2.488292637129754681e+01	6.632462871690355533e-01	8.360461341411775660e-01	0.000000000000000000e+00	1.000000000000000000e+00	0.000000000000000000e+00
1.316170000000000000e+05	8.583000000000000000e+03	4.100000000000000000e+01	2.566644344097752750e+01	2.431765709476174209e+01	6.917362683568027970e-01	1.057102933493231811e+00	0.000000000000000000e+00	1.000000000000000000e+00	0.000000000000000000e+00
1.316170000000000000e+05	8.817000000000000000e+03	4.100000000000000000e+01	2.546811305193336494e+01	2.379514105615105990e+01	6.745799252646509370e-01	7.584305795748188528e-01	0.000000000000000000e+00	1.000000000000000000e+00	0.000000000000000000e+00
1.316190000000000000e+05	8.579000000000000000e+03	4.800000000000000000e+01	2.404499821075494381e+01	2.496179526202928400e+01	8.414083991132804696e-01	8.661327211998731679e-01	0.000000000000000000e+00	1.000000000000000000e+00	0.000000000000000000e+00
1.316190000000000000e+05	8.597000000000000000e+03	5.200000000000000000e+01	2.434751145681032725e+01	2.227238575188037473e+01	6.946906368399720089e-01	7.360898321543437595e-01	0.000000000000000000e+00	1.000000000000000000e+00	0.000000000000000000e+00
1.316230000000000000e+05	8.718000000000000000e+03	5.700000000000000000e+01	2.306256653119802280e+01	2.400602906581992357e+01	9.226279725183758051e-01	7.217859592497766208e-01	0.000000000000000000e+00	1.000000000000000000e+00	0.000000000000000000e+00
1.316230000000000000e+05	8.720000000000000000e+03	5.100000000000000000e+01	2.325596768048403717e+01	2.549176549264435110e+01	7.725951778283658422e-01	8.606979077034380143e-01	0.000000000000000000e+00	1.000000000000000000e+00	0.000000000000000000e+00
1.316230000000000000e+05	8.823000000000000000e+03	4.500000000000000000e+01	2.316383492450531278e+01	2.589723389187456704e+01	8.853234039412681833e-01	6.866094965574304210e-01	0.000000000000000000e+00	1.000000000000000000e+00	0.000000000000000000e+00
1.316230000000000000e+05	8.828000000000000000e+03	5.500000000000000000e+01	2.331363456307117588e+01	2.494451881100000179e+01	6.846120079337999487e-01	7.519725388416609313e-01	0.000000000000000000e+00	1.000000000000000000e+00	0.000000000000000000e+00
1.316230000000000000e+05	8.831000000000000000e+03	5.300000000000000000e+01	2.329451544535607610e+01	2.369876509811098941e+01	8.036233495731551768e-01	9.069581295446326186e-01	0.000000000000000000e+00	1.000000000000000000e+00	0.000000000000000000e+00
1.316240000000000000e+05	8.579000000000000000e+03	4.500000000000000000e+01	2.464647397269967044e+01	2.479523644518370062e+01	7.434448737308804178e-01	7.763307642824950339e-01	0.000000000000000000e+00	1.000000000000000000e+00	0.000000000000000000e+00
1.316240000000000000e+05	8.689000000000000000e+03	5.000000000000000000e+01	2.456632241828608798e+01	2.254560670629829389e+01	6.377131771566810770e-01	9.307215935991203226e-01	0.000000000000000000e+00	1.000000000000000000e+00	0.000000000000000000e+00
1.316240000000000000e+05	8.703000000000000000e+03	4.400000000000000000e+01	2.452464505110089732e+01	2.395622327583727795e+01	7.807229475683755693e-01	9.104658751891072654e-01	0.000000000000000000e+00	1.000000000000000000e+00	0.000000000000000000e+00
1.316240000000000000e+05	8.722000000000000000e+03	4.200000000000000000e+01	2.459193589196139129e+01	2.528700334024714280e+01	6.634444534267179838e-01	6.032533977208431875e-01	0.000000000000000000e+00	1.000000000000000000e+00	0.000000000000000000e+00
1.316240000000000000e+05	8.724000000000000000e+03	4.900000000000000000e+01	2.453614977979902534e+01	2.506736619779963604e+01	6.879389448485141445e-01	9.991784907175056407e-01	0.000000000000000000e+00	1.000000000000000000e+00	0.000000000000000000e+00
1.316240000000000000e+05	8.814000000000000000e+03	5.100000000000000000e+01	2.464614564679969533e+01	2.409202928690048395e+01	7.229040438843231664e-01	7.858611342214883999e-01	0.000000000000000000e+00	1.000000000000000000e+00	0.000000000000000000e+00
1.316240000000000000e+05	8.824000000000000000e+03	4.500000000000000000e+01	2.463007572612310625e+01	2.425282227935444368e+01	5.565892128404826833e-01	8.377839131882960366e-01	0.000000000000000000e+00	1.000000000000000000e+00	0.000000000000000000e+00
1.316250000000000000e+05	8.583000000000000000e+03	4.800000000000000000e+01	2.380888742171129024e+01	2.432747129718116241e+01	8.751098977379071497e-01	9.719616492272171726e-01	0.000000000000000000e+00	1.000000000000000000e+00	0.000000000000000000e+00
1.316250000000000000e+05	8.704000000000000000e+03	5.200000000000000000e+01	2.401636533606295743e+01	2.698194250129921556e+01	7.271360423645013560e-01	1.085439335799802008e+00	0.000000000000000000e+00	1.000000000000000000e+00	0.000000000000000000e+00
1.316250000000000000e+05	8.707000000000000000e+03	4.800000000000000000e+01	2.380446475721122113e+01	2.307460645925033660e+01	6.535947449205852244e-01	1.031955198806836282e+00	0.000000000000000000e+00	1.000000000000000000e+00	0.000000000000000000e+00
1.316250000000000000e+05	8.812000000000000000e+03	4.200000000000000000e+01	2.384779984819640575e+01	2.786930990511680051e+01	8.344411378035768712e-01	9.323354993865466955e-01	0.000000000000000000e+00	1.000000000000000000e+00	0.000000000000000000e+00
1.316250000000000000e+05	8.814000000000000000e+03	5.300000000000000000e+01	2.412664152133310225e+01	2.373728691625734299e+01	9.498563210142174640e-01	7.915493737209933212e-01	0.000000000000000000e+00	1.000000000000000000e+00	0.000000000000000000e+00
1.316250000000000000e+05	8.824000000000000000e+03	4.600000000000000000e+01	2.405141274611023405e+01	2.403892982257061561e+01	6.035386467133603272e-01	8.197464587928873225e-01	0.000000000000000000e+00	1.000000000000000000e+00	0.000000000000000000e+00
1.316250000000000000e+05	8.828000000000000000e+03	4.800000000000000000e+01	2.377571895630905274e+01	2.503049375007383404e+01	7.851485173196912637e-01	7.832547019181873571e-01	0.000000000000000000e+00	1.000000000000000000e+00	0.000000000000000000e+00
1.316260000000000000e+05	8.597000000000000000e+03	4.600000000000000000e+01	2.363049538881915979e+01	2.234550474672796128e+01	6.115909536154146009e-01	5.523306500766087535e-01	0.000000000000000000e+00	1.000000000000000000e+00	0.000000000000000000e+00
1.316260000000000000e+05	8.689000000000000000e+03	5.700000000000000000e+01	2.368871693379888299e+01	2.255866085783479491e+01	6.747090245948911269e-01	1.012101427739799719e+00	0.000000000000000000e+00	1.000000000000000000e+00	0.000000000000000000e+00
1.316260000000000000e+05	8.703000000000000000e+03	5.400000000000000000e+01	2.376479155057378279e+01	2.386136240863312352e+01	7.313806487842360315e-01	8.253156805288508480e-01	0.000000000000000000e+00	1.000000000000000000e+00	0.000000000000000000e+00
1.316260000000000000e+05	8.704000000000000000e+03	5.900000000000000000e+01	2.378665456163211189e+01	2.704010000071402331e+01	7.067364199696596350e-01	7.085019729816771639e-01	0.000000000000000000e+00	1.000000000000000000e+00	0.000000000000000000e+00
1.316260000000000000e+05	8.711000000000000000e+03	6.500000000000000000e+01	2.349705058318534512e+01	2.235858774541921434e+01	7.751724673457839332e-01	6.909721141475396733e-01	0.000000000000000000e+00	1.000000000000000000e+00	0.000000000000000000e+00
1.316260000000000000e+05	8.714000000000000000e+03	4.000000000000000000e+01	2.383384604203815371e+01	2.380395625087957967e+01	7.525177840880531432e-01	6.609519619443686711e-01	0.000000000000000000e+00	1.000000000000000000e+00	0.000000000000000000e+00
1.316260000000000000e+05	8.720000000000000000e+03	4.100000000000000000e+01	2.387106362237158663e+01	2.544240208053973262e+01	7.335052724574492311e-01	8.332751956915340763e-01	0.000000000000000000e+00	1.000000000000000000e+00	0.000000000000000000e+00
1.316260000000000000e+05	8.724000000000000000e+03	5.700000000000000000e+01	2.347361380023916766e+01	2.479198817755389683e+01	9.795987317953903650e-01	8.982856547233634137e-01	0.000000000000000000e+00	1.000000000000000000e+00	0.000000000000000000e+00
1.316260000000000000e+05	8.727000000000000000e+03	3.000000000000000000e+01	2.368640224063804567e+01	2.727883225135504119e+01	8.771230090624362319e-01	5.998956171850539087e-01	0.000000000000000000e+00	1.000000000000000000e+00	0.000000000000000000e+00
1.316260000000000000e+05	8.812000000000000000e+03	4.200000000000000000e+01	2.372962839261860779e+01	2.787598156869913879e+01	8.710072558870624038e-01	7.426160243575207209e-01	0.000000000000000000e+00	1.000000000000000000e+00	0.000000000000000000e+00
1.316260000000000000e+05	8.821000000000000000e+03	4.900000000000000000e+01	2.351802778556472973e+01	2.390027357409978848e+01	1.048019314224377441e+00	9.013769174845780441e-01	0.000000000000000000e+00	1.000000000000000000e+00	0.000000000000000000e+00
1.316260000000000000e+05	8.823000000000000000e+03	5.300000000000000000e+01	2.390159875462152073e+01	2.610208678764570678e+01	5.687176266619931031e-01	5.949195593806084759e-01	0.000000000000000000e+00	1.000000000000000000e+00	0.000000000000000000e+00
1.316260000000000000e+05	8.824000000000000000e+03	5.700000000000000000e+01	2.369497571334154529e+01	2.426209410607427941e+01	8.902409581073693623e-01	8.734838565320087733e-01	0.000000000000000000e+00	1.000000000000000000e+00	0.000000000000000000e+00
1.316260000000000000e+05	8.828000000000000000e+03	5.100000000000000000e+01	2.376087626980103806e+01	2.500088028317869160e+01	7.406314828648542514e-01	6.974015298177509425e-01	0.000000000000000000e+00	1.000000000000000000e+00	0.000000000000000000e+00
1.316260000000000000e+05	8.831000000000000000e+03	5.100000000000000000e+01	2.372972631649240327e+01	2.365400959112615809e+01	7.436115484066080361e-01	9.498888211878193655e-01	0.000000000000000000e+00	1.000000000000000000e+00	0.000000000000000000e+00
1.316270000000000000e+05	8.576000000000000000e+03	4.700000000000000000e+01	2.565838352765658570e+01	2.254390746764134690e+01	5.990187368723585148e-01	9.843447675005182473e-01	0.000000000000000000e+00	1.000000000000000000e+00	0.000000000000000000e+00
1.316270000000000000e+05	8.579000000000000000e+03	4.000000000000000000e+01	2.571253689948957799e+01	2.477220783306960072e+01	6.707769365273864581e-01	8.722208891400519137e-01	0.000000000000000000e+00	1.000000000000000000e+00	0.000000000000000000e+00
1.316270000000000000e+05	8.586000000000000000e+03	5.200000000000000000e+01	2.564682059919251955e+01	2.446208380410530125e+01	8.405962860791361679e-01	7.125256532200708870e-01	0.000000000000000000e+00	1.000000000000000000e+00	0.000000000000000000e+00
1.316270000000000000e+05	8.588000000000000000e+03	4.200000000000000000e+01	2.562124017438847901e+01	2.322116151096664893e+01	7.972710436556750269e-01	7.704014332685736877e-01	0.000000000000000000e+00	1.000000000000000000e+00	0.000000000000000000e+00
1.316270000000000000e+05	8.593000000000000000e+03	4.400000000000000000e+01	2.546898979035904276e+01	2.398732795506310467e+01	6.961010264599541975e-01	1.123493915995248171e+00	0.000000000000000000e+00	1.000000000000000000e+00	0.000000000000000000e+00
1.316270000000000000e+05	8.595000000000000000e+03	5.200000000000000000e+01	2.557556525311052198e+01	2.215675667204485322e+01	6.911859612621704674e-01	7.396273942486545350e-01	0.000000000000000000e+00	1.000000000000000000e+00	0.000000000000000000e+00
1.316270000000000000e+05	8.597000000000000000e+03	5.900000000000000000e+01	2.548460476125488583e+01	2.226344025120023673e+01	8.979465563632736957e-01	9.165744027612278133e-01	0.000000000000000000e+00	1.000000000000000000e+00	0.000000000000000000e+00
1.316270000000000000e+05	8.600000000000000000e+03	3.600000000000000000e+01	2.579379822469981320e+01	2.384866767542328247e+01	7.092060891211244833e-01	5.529805544495005609e-01	0.000000000000000000e+00	1.000000000000000000e+00	0.000000000000000000e+00
1.316270000000000000e+05	8.681000000000000000e+03	3.300000000000000000e+01	2.569980957698375335e+01	2.437597394889515101e+01	7.046388189484743547e-01	6.308804026596565029e-01	0.000000000000000000e+00	1.000000000000000000e+00	0.000000000000000000e+00
1.316270000000000000e+05	8.686000000000000000e+03	4.500000000000000000e+01	2.567923366347368486e+01	2.293380381694370485e+01	5.841079455480769900e-01	7.271459509965830792e-01	0.000000000000000000e+00	1.000000000000000000e+00	0.000000000000000000e+00
1.316270000000000000e+05	8.687000000000000000e+03	4.600000000000000000e+01	2.556318131305812003e+01	2.122888296311477774e+01	6.119353571983349172e-01	6.025831166534721950e-01	0.000000000000000000e+00	1.000000000000000000e+00	0.000000000000000000e+00
1.316270000000000000e+05	8.688000000000000000e+03	5.900000000000000000e+01	2.550070080598937494e+01	2.226661279581867703e+01	7.884860025246603898e-01	1.003254291414359400e+00	0.000000000000000000e+00	1.000000000000000000e+00	0.000000000000000000e+00
1.316270000000000000e+05	8.689000000000000000e+03	5.200000000000000000e+01	2.556792214352483228e+01	2.251073776841323237e+01	6.608837925991590811e-01	8.890215044579227177e-01	0.000000000000000000e+00	1.000000000000000000e+00	0.000000000000000000e+00
1.316270000000000000e+05	8.695000000000000000e+03	5.500000000000000000e+01	2.534023730745499492e+01	2.156634575521272978e+01	8.326245804901135639e-01	1.059807853323645688e+00	0.000000000000000000e+00	1.000000000000000000e+00	0.000000000000000000e+00
1.316270000000000000e+05	8.699000000000000000e+03	5.000000000000000000e+01	2.538652333197610034e+01	2.476334505361774418e+01	9.609370153321220576e-01	8.555179650824967785e-01	0.000000000000000000e+00	1.000000000000000000e+00	0.000000000000000000e+00
1.316270000000000000e+05	8.700000000000000000e+03	6.100000000000000000e+01	2.565585784865863062e+01	2.048405125229691848e+01	8.779508783879321765e-01	7.264424163547315016e-01	0.000000000000000000e+00	1.000000000000000000e+00	0.000000000000000000e+00
1.316270000000000000e+05	8.703000000000000000e+03	4.700000000000000000e+01	2.587297783747090207e+01	2.381462428510599949e+01	7.747768931132403836e-01	9.759784679332133006e-01	0.000000000000000000e+00	1.000000000000000000e+00	0.000000000000000000e+00
1.316270000000000000e+05	8.704000000000000000e+03	5.800000000000000000e+01	2.574702604106474269e+01	2.698425438857020353e+01	7.887759006350434365e-01	8.399352922648625208e-01	0.000000000000000000e+00	1.000000000000000000e+00	0.000000000000000000e+00
1.316270000000000000e+05	8.705000000000000000e+03	4.600000000000000000e+01	2.557745382709658699e+01	2.422679541923311319e+01	8.283368297629969401e-01	7.482082406803441943e-01	0.000000000000000000e+00	1.000000000000000000e+00	0.000000000000000000e+00
1.316270000000000000e+05	8.707000000000000000e+03	5.600000000000000000e+01	2.561616902720164290e+01	2.307691112765223096e+01	9.307797709722637203e-01	6.346450208161786843e-01	0.000000000000000000e+00	1.000000000000000000e+00	0.000000000000000000e+00
1.316270000000000000e+05	8.712000000000000000e+03	4.500000000000000000e+01	2.568548578713575736e+01	2.411142838938965127e+01	6.754507577100864468e-01	7.448865779545517096e-01	0.000000000000000000e+00	1.000000000000000000e+00	0.000000000000000000e+00
1.316270000000000000e+05	8.714000000000000000e+03	4.600000000000000000e+01	2.540956439969728464e+01	2.370630139896035615e+01	1.058280954261390017e+00	5.523718536303368065e-01	0.000000000000000000e+00	1.000000000000000000e+00	0.000000000000000000e+00
1.316270000000000000e+05	8.716000000000000000e+03	3.000000000000000000e+01	2.561833587400701262e+01	2.403741586336056457e+01	5.188105207020579090e-01	6.589083170165525027e-01	0.000000000000000000e+00	1.000000000000000000e+00	0.000000000000000000e+00
1.316270000000000000e+05	8.719000000000000000e+03	3.900000000000000000e+01	2.571892726712958677e+01	2.458354447507732132e+01	6.597613324582995986e-01	8.788383666422787677e-01	0.000000000000000000e+00	1.000000000000000000e+00	0.000000000000000000e+00
1.316270000000000000e+05	8.720000000000000000e+03	6.500000000000000000e+01	2.567576293046026947e+01	2.566075121639370593e+01	7.047851682048943411e-01	8.634589111630088798e-01	0.000000000000000000e+00	1.000000000000000000e+00	0.000000000000000000e+00
1.316270000000000000e+05	8.722000000000000000e+03	4.500000000000000000e+01	2.562227128926884134e+01	2.516618568883744800e+01	6.782295224100718389e-01	8.219778239491146721e-01	0.000000000000000000e+00	1.000000000000000000e+00	0.000000000000000000e+00
1.316270000000000000e+05	8.723000000000000000e+03	3.400000000000000000e+01	2.554756402589508113e+01	2.546300933861677862e+01	6.937914350420933962e-01	7.902295886888420773e-01	0.000000000000000000e+00	1.000000000000000000e+00	0.000000000000000000e+00
1.316270000000000000e+05	8.724000000000000000e+03	6.000000000000000000e+01	2.541607595216719773e+01	2.500039263486633700e+01	7.980623648131609515e-01	8.244365502749851915e-01	0.000000000000000000e+00	1.000000000000000000e+00	0.000000000000000000e+00
1.316270000000000000e+05	8.725000000000000000e+03	4.800000000000000000e+01	2.551593061258656192e+01	2.413980159615411836e+01	7.373967755742424357e-01	1.050279996790208337e+00	0.000000000000000000e+00	1.000000000000000000e+00	0.000000000000000000e+00
1.316270000000000000e+05	8.727000000000000000e+03	4.400000000000000000e+01	2.556413248744807376e+01	2.699343438390316408e+01	8.007293499236568524e-01	6.239050270450698932e-01	0.000000000000000000e+00	1.000000000000000000e+00	0.000000000000000000e+00
1.316270000000000000e+05	8.810000000000000000e+03	3.500000000000000000e+01	2.562297355791636733e+01	2.728599262118786939e+01	7.086709600393963360e-01	1.001513255942218628e+00	0.000000000000000000e+00	1.000000000000000000e+00	0.000000000000000000e+00
1.316270000000000000e+05	8.812000000000000000e+03	5.300000000000000000e+01	2.548472598242297238e+01	2.800395115444491623e+01	8.443934419194110141e-01	1.224456627715132750e+00	0.000000000000000000e+00	1.000000000000000000e+00	0.000000000000000000e+00
1.316270000000000000e+05	8.813000000000000000e+03	3.300000000000000000e+01	2.554684508520837127e+01	2.601887621003641726e+01	6.026846020766252199e-01	6.004128310804800472e-01	0.000000000000000000e+00	1.000000000000000000e+00	0.000000000000000000e+00
1.316270000000000000e+05	8.814000000000000000e+03	5.800000000000000000e+01	2.544140201273740587e+01	2.388990046428881087e+01	1.018578515351071578e+00	7.687229270968404249e-01	0.000000000000000000e+00	1.000000000000000000e+00	0.000000000000000000e+00
1.316270000000000000e+05	8.815000000000000000e+03	4.100000000000000000e+01	2.557999003527132942e+01	2.629894318606758219e+01	8.045047724934750732e-01	1.148071429918474218e+00	0.000000000000000000e+00	1.000000000000000000e+00	0.000000000000000000e+00
1.316270000000000000e+05	8.816000000000000000e+03	4.400000000000000000e+01	2.551394182398064814e+01	2.535560862704405238e+01	7.286686134410493842e-01	7.160419290555927185e-01	0.000000000000000000e+00	1.000000000000000000e+00	0.000000000000000000e+00
1.316270000000000000e+05	8.817000000000000000e+03	6.000000000000000000e+01	2.565743660278642224e+01	2.379117988416481211e+01	6.251618998938958116e-01	9.875698314496970109e-01	0.000000000000000000e+00	1.000000000000000000e+00	0.000000000000000000e+00
1.316270000000000000e+05	8.821000000000000000e+03	4.200000000000000000e+01	2.553632603778614296e+01	2.379762611320830956e+01	7.711500382757972005e-01	8.243473867883556183e-01	0.000000000000000000e+00	1.000000000000000000e+00	0.000000000000000000e+00
1.316270000000000000e+05	8.823000000000000000e+03	4.100000000000000000e+01	2.557094576871506320e+01	2.621707234645219486e+01	5.422899763100857973e-01	7.595237284926765753e-01	0.000000000000000000e+00	1.000000000000000000e+00	0.000000000000000000e+00
1.316270000000000000e+05	8.824000000000000000e+03	5.500000000000000000e+01	2.552836244961834922e+01	2.421531708584327802e+01	7.163263894581249902e-01	8.302690571721251800e-01	0.000000000000000000e+00	1.000000000000000000e+00	0.000000000000000000e+00
1.316270000000000000e+05	8.828000000000000000e+03	3.900000000000000000e+01	2.564448499847991414e+01	2.505147906018936865e+01	6.965774725606298512e-01	6.209664616159420447e-01	0.000000000000000000e+00	1.000000000000000000e+00	0.000000000000000000e+00
1.316270000000000000e+05	8.831000000000000000e+03	4.800000000000000000e+01	2.560799210451903818e+01	2.365879607947646690e+01	6.188964168668457111e-01	6.372646018266920898e-01	0.000000000000000000e+00	1.000000000000000000e+00	0.000000000000000000e+00
1.316280000000000000e+05	8.576000000000000000e+03	6.900000000000000000e+01	2.519722484461798118e+01	2.237345146482113734e+01	6.940452546713331561e-01	7.826825916458804988e-01	0.000000000000000000e+00	1.000000000000000000e+00	0.000000000000000000e+00
1.316280000000000000e+05	8.577000000000000000e+03	4.900000000000000000e+01	2.528173501529585820e+01	2.415587340125264859e+01	7.539529967892979467e-01	9.242226382413857300e-01	0.000000000000000000e+00	1.000000000000000000e+00	0.000000000000000000e+00
1.316280000000000000e+05	8.579000000000000000e+03	4.700000000000000000e+01	2.539891116282254302e+01	2.503441713579824324e+01	6.253241256161328199e-01	9.803589502767254826e-01	0.000000000000000000e+00	1.000000000000000000e+00	0.000000000000000000e+00
1.316280000000000000e+05	8.583000000000000000e+03	5.500000000000000000e+01	2.536118638239610590e+01	2.390899706214156595e+01	9.908772834539354424e-01	1.114562520296052295e+00	0.000000000000000000e+00	1.000000000000000000e+00	0.000000000000000000e+00
1.316280000000000000e+05	8.592000000000000000e+03	6.400000000000000000e+01	2.527218603183360557e+01	1.949748855449261953e+01	8.896252392021226640e-01	8.982758789779841102e-01	0.000000000000000000e+00	1.000000000000000000e+00	0.000000000000000000e+00
1.316280000000000000e+05	8.594000000000000000e+03	6.800000000000000000e+01	2.533498645776131397e+01	2.130059995393390437e+01	9.022158812813055873e-01	9.543848726134168681e-01	0.000000000000000000e+00	1.000000000000000000e+00	0.000000000000000000e+00
1.316280000000000000e+05	8.595000000000000000e+03	6.000000000000000000e+01	2.557952106435481454e+01	2.193481827069359724e+01	7.586804988146620410e-01	9.653886634498353159e-01	0.000000000000000000e+00	1.000000000000000000e+00	0.000000000000000000e+00
1.316280000000000000e+05	8.597000000000000000e+03	6.700000000000000000e+01	2.526948439331220797e+01	2.227633828750632006e+01	1.027874626654870838e+00	8.149105811610872774e-01	0.000000000000000000e+00	1.000000000000000000e+00	0.000000000000000000e+00
1.316280000000000000e+05	8.599000000000000000e+03	5.600000000000000000e+01	2.531614201991580515e+01	2.222630231202345641e+01	9.243119667153411045e-01	7.257546130345392532e-01	0.000000000000000000e+00	1.000000000000000000e+00	0.000000000000000000e+00
1.316280000000000000e+05	8.680000000000000000e+03	5.500000000000000000e+01	2.530990974671461302e+01	2.105538475572485524e+01	7.323690842573710169e-01	6.634572244521197426e-01	0.000000000000000000e+00	1.000000000000000000e+00	0.000000000000000000e+00
1.316280000000000000e+05	8.681000000000000000e+03	5.200000000000000000e+01	2.526917930041472005e+01	2.421282915654645507e+01	9.597988546967747281e-01	8.822210228459176351e-01	0.000000000000000000e+00	1.000000000000000000e+00	0.000000000000000000e+00
1.316280000000000000e+05	8.685000000000000000e+03	6.600000000000000000e+01	2.537004889386017226e+01	2.424894729761154721e+01	1.068313356209417808e+00	1.073181298256436156e+00	0.000000000000000000e+00	1.000000000000000000e+00	0.000000000000000000e+00
1.316280000000000000e+05	8.686000000000000000e+03	7.000000000000000000e+01	2.510036188821882774e+01	2.294831620728849586e+01	1.017494017269530593e+00	8.851063689357290265e-01	0.000000000000000000e+00	1.000000000000000000e+00	0.000000000000000000e+00
1.316280000000000000e+05	8.688000000000000000e+03	5.600000000000000000e+01	2.525306204829673007e+01	2.221824211079174560e+01	7.594747200152983657e-01	1.010974632583834909e+00	0.000000000000000000e+00	1.000000000000000000e+00	0.000000000000000000e+00
1.316280000000000000e+05	8.691000000000000000e+03	5.900000000000000000e+01	2.543805340896783207e+01	2.069981758846009257e+01	7.421056719197999252e-01	8.950719204009890406e-01	0.000000000000000000e+00	1.000000000000000000e+00	0.000000000000000000e+00
1.316280000000000000e+05	8.694000000000000000e+03	5.400000000000000000e+01	2.514053904891969538e+01	2.082930177537324568e+01	7.237496022528477901e-01	8.823543886440566864e-01	0.000000000000000000e+00	1.000000000000000000e+00	0.000000000000000000e+00
1.316280000000000000e+05	8.695000000000000000e+03	7.500000000000000000e+01	2.527455274077571445e+01	2.158098992701795638e+01	8.538194898225709428e-01	1.057724999926657805e+00	0.000000000000000000e+00	1.000000000000000000e+00	0.000000000000000000e+00
1.316280000000000000e+05	8.697000000000000000e+03	5.700000000000000000e+01	2.548751864925682042e+01	2.228381599697143045e+01	9.833446080493917218e-01	1.338807451477711741e+00	0.000000000000000000e+00	1.000000000000000000e+00	0.000000000000000000e+00
1.316280000000000000e+05	8.700000000000000000e+03	6.400000000000000000e+01	2.535596915933207285e+01	2.061892091440146757e+01	7.432729798331898508e-01	8.208527017808762150e-01	0.000000000000000000e+00	1.000000000000000000e+00	0.000000000000000000e+00
1.316280000000000000e+05	8.703000000000000000e+03	5.000000000000000000e+01	2.563493727070746431e+01	2.393601243158014569e+01	8.341329052378385622e-01	6.806311825170087149e-01	0.000000000000000000e+00	1.000000000000000000e+00	0.000000000000000000e+00
1.316280000000000000e+05	8.704000000000000000e+03	6.700000000000000000e+01	2.518546029937631658e+01	2.702831357935718870e+01	9.185374858445375379e-01	9.247667027688830643e-01	0.000000000000000000e+00	1.000000000000000000e+00	0.000000000000000000e+00
1.316280000000000000e+05	8.705000000000000000e+03	4.400000000000000000e+01	2.537777983047148211e+01	2.400502638196514482e+01	8.826612022532932533e-01	7.615951937805789385e-01	0.000000000000000000e+00	1.000000000000000000e+00	0.000000000000000000e+00
1.316280000000000000e+05	8.707000000000000000e+03	7.900000000000000000e+01	2.541380917579430232e+01	2.318679635427731256e+01	7.509359876685985924e-01	8.637827528614692163e-01	0.000000000000000000e+00	1.000000000000000000e+00	0.000000000000000000e+00
1.316280000000000000e+05	8.709000000000000000e+03	3.800000000000000000e+01	2.533354596199831121e+01	2.529911536249596082e+01	8.319031871692179614e-01	8.265986350323236698e-01	0.000000000000000000e+00	1.000000000000000000e+00	0.000000000000000000e+00
1.316280000000000000e+05	8.711000000000000000e+03	5.300000000000000000e+01	2.553115234517843746e+01	2.234940549623247463e+01	6.646759463160298864e-01	7.779055295749094379e-01	0.000000000000000000e+00	1.000000000000000000e+00	0.000000000000000000e+00
1.316280000000000000e+05	8.714000000000000000e+03	5.000000000000000000e+01	2.520579994734367801e+01	2.351318012602131802e+01	9.687295139284647361e-01	5.821210210213626501e-01	0.000000000000000000e+00	1.000000000000000000e+00	0.000000000000000000e+00
1.316280000000000000e+05	8.715000000000000000e+03	4.800000000000000000e+01	2.523527393219053394e+01	2.373677757325659243e+01	9.492671739243011553e-01	6.211954912454478173e-01	0.000000000000000000e+00	1.000000000000000000e+00	0.000000000000000000e+00
1.316280000000000000e+05	8.716000000000000000e+03	4.400000000000000000e+01	2.532896445056544010e+01	2.422159331375523195e+01	7.692031791677966801e-01	6.853340520834081406e-01	0.000000000000000000e+00	1.000000000000000000e+00	0.000000000000000000e+00
1.316280000000000000e+05	8.717000000000000000e+03	5.500000000000000000e+01	2.528163397354514075e+01	2.442129300730618979e+01	9.914377235444260528e-01	8.313042428254318050e-01	0.000000000000000000e+00	1.000000000000000000e+00	0.000000000000000000e+00
1.316280000000000000e+05	8.718000000000000000e+03	6.600000000000000000e+01	2.549236945637166940e+01	2.355107885149607228e+01	8.242891105689855724e-01	7.041712442828941265e-01	0.000000000000000000e+00	1.000000000000000000e+00	0.000000000000000000e+00
1.316280000000000000e+05	8.719000000000000000e+03	4.400000000000000000e+01	2.561346640106466310e+01	2.454634419773361742e+01	5.326588694026297421e-01	1.228397191689806878e+00	0.000000000000000000e+00	1.000000000000000000e+00	0.000000000000000000e+00
1.316280000000000000e+05	8.720000000000000000e+03	5.100000000000000000e+01	2.533683934572241370e+01	2.548073916201179756e+01	7.694234496287447600e-01	7.823885046137419863e-01	0.000000000000000000e+00	1.000000000000000000e+00	0.000000000000000000e+00
1.316280000000000000e+05	8.721000000000000000e+03	6.400000000000000000e+01	2.552914210179541143e+01	2.538517464709719462e+01	7.690092390743175077e-01	9.182595418180975466e-01	0.000000000000000000e+00	1.000000000000000000e+00	0.000000000000000000e+00
1.316280000000000000e+05	8.722000000000000000e+03	5.600000000000000000e+01	2.526526721752090765e+01	2.503414525114548184e+01	7.939019560863415093e-01	8.604501100405810288e-01	0.000000000000000000e+00	1.000000000000000000e+00	0.000000000000000000e+00
1.316280000000000000e+05	8.723000000000000000e+03	4.400000000000000000e+01	2.545980846860038582e+01	2.538332081458004907e+01	9.611653718186082829e-01	6.920112698350674441e-01	0.000000000000000000e+00	1.000000000000000000e+00	0.000000000000000000e+00
1.316280000000000000e+05	8.724000000000000000e+03	5.200000000000000000e+01	2.552720814140782934e+01	2.490675613682472189e+01	7.705372942435640971e-01	8.649890197633468558e-01	0.000000000000000000e+00	1.000000000000000000e+00	0.000000000000000000e+00
1.316280000000000000e+05	8.725000000000000000e+03	6.900000000000000000e+01	2.520731075246558106e+01	2.405741061117237933e+01	9.452828468183379629e-01	8.559013276126942182e-01	0.000000000000000000e+00	1.000000000000000000e+00	0.000000000000000000e+00
1.316280000000000000e+05	8.726000000000000000e+03	5.500000000000000000e+01	2.528028910440187715e+01	2.413148273858094228e+01	8.240124944424797038e-01	8.295055824610233497e-01	0.000000000000000000e+00	1.000000000000000000e+00	0.000000000000000000e+00
1.316280000000000000e+05	8.727000000000000000e+03	3.700000000000000000e+01	2.541337402303142312e+01	2.696882339294691278e+01	9.864166765244111179e-01	7.919986127184412972e-01	0.000000000000000000e+00	1.000000000000000000e+00	0.000000000000000000e+00
1.316280000000000000e+05	8.802000000000000000e+03	4.200000000000000000e+01	2.544776402882775557e+01	2.454616753618402214e+01	8.570280191515499135e-01	7.682468003936885337e-01	0.000000000000000000e+00	1.000000000000000000e+00	0.000000000000000000e+00
1.316280000000000000e+05	8.803000000000000000e+03	4.900000000000000000e+01	2.549434209173250920e+01	2.451987601204388767e+01	9.818971780271448235e-01	7.124685755707632628e-01	0.000000000000000000e+00	1.000000000000000000e+00	0.000000000000000000e+00
1.316280000000000000e+05	8.808000000000000000e+03	4.100000000000000000e+01	2.538979087092168285e+01	2.474345279067479808e+01	6.418258502442808489e-01	8.437937151340044739e-01	0.000000000000000000e+00	1.000000000000000000e+00	0.000000000000000000e+00
1.316280000000000000e+05	8.809000000000000000e+03	4.300000000000000000e+01	2.531714568321271130e+01	2.394710023870436899e+01	6.921602754640491240e-01	5.812507770003999541e-01	0.000000000000000000e+00	1.000000000000000000e+00	0.000000000000000000e+00
1.316280000000000000e+05	8.811000000000000000e+03	4.500000000000000000e+01	2.553435078232503841e+01	2.653998054489803238e+01	8.602218774598555662e-01	7.340745504615531214e-01	0.000000000000000000e+00	1.000000000000000000e+00	0.000000000000000000e+00
1.316280000000000000e+05	8.812000000000000000e+03	6.600000000000000000e+01	2.540712261507226799e+01	2.808009574651133988e+01	9.427613394726865881e-01	8.077886264161374674e-01	0.000000000000000000e+00	1.000000000000000000e+00	0.000000000000000000e+00
1.316280000000000000e+05	8.813000000000000000e+03	5.100000000000000000e+01	2.536823606538598597e+01	2.585013314230904768e+01	1.014936870476666808e+00	8.553821372855920924e-01	0.000000000000000000e+00	1.000000000000000000e+00	0.000000000000000000e+00
1.316280000000000000e+05	8.814000000000000000e+03	5.600000000000000000e+01	2.530796684259774665e+01	2.381047198162963596e+01	6.801897098555191867e-01	7.474509442236522139e-01	0.000000000000000000e+00	1.000000000000000000e+00	0.000000000000000000e+00
1.316280000000000000e+05	8.815000000000000000e+03	6.200000000000000000e+01	2.538118406398936955e+01	2.623426183645357668e+01	9.850763576855579018e-01	8.990095312486465762e-01	0.000000000000000000e+00	1.000000000000000000e+00	0.000000000000000000e+00
1.316280000000000000e+05	8.817000000000000000e+03	6.700000000000000000e+01	2.520926657240560687e+01	2.380084151105390333e+01	9.175476590395406085e-01	7.796762842359349355e-01	0.000000000000000000e+00	1.000000000000000000e+00	0.000000000000000000e+00
1.316280000000000000e+05	8.819000000000000000e+03	4.100000000000000000e+01	2.549307800082738495e+01	2.484511853425570393e+01	9.180147805577046904e-01	7.554590450535957347e-01	0.000000000000000000e+00	1.000000000000000000e+00	0.000000000000000000e+00
1.316280000000000000e+05	8.820000000000000000e+03	4.900000000000000000e+01	2.555306309296137712e+01	2.358120441742071804e+01	9.680454629810354428e-01	8.208807389599475091e-01	0.000000000000000000e+00	1.000000000000000000e+00	0.000000000000000000e+00
1.316280000000000000e+05	8.822000000000000000e+03	5.400000000000000000e+01	2.531070336609528582e+01	2.505757815105149433e+01	6.769120499414117420e-01	7.384472493623437384e-01	0.000000000000000000e+00	1.000000000000000000e+00	0.000000000000000000e+00
1.316280000000000000e+05	8.823000000000000000e+03	5.800000000000000000e+01	2.525396888032396703e+01	2.598314286978978416e+01	8.555959596645075216e-01	6.484840404608260833e-01	0.000000000000000000e+00	1.000000000000000000e+00	0.000000000000000000e+00
1.316280000000000000e+05	8.824000000000000000e+03	7.100000000000000000e+01	2.550596090466423149e+01	2.387403959608181125e+01	8.920264323446825960e-01	1.012262767092335869e+00	0.000000000000000000e+00	1.000000000000000000e+00	0.000000000000000000e+00
1.316280000000000000e+05	8.827000000000000000e+03	4.500000000000000000e+01	2.535715264785253353e+01	2.513256180907591641e+01	8.445953079138406316e-01	8.494437676835077111e-01	0.000000000000000000e+00	1.000000000000000000e+00	0.000000000000000000e+00
1.316280000000000000e+05	8.828000000000000000e+03	6.200000000000000000e+01	2.525010358693778301e+01	2.489472774787564546e+01	1.151419910939575297e+00	7.782845410011858256e-01	0.000000000000000000e+00	1.000000000000000000e+00	0.000000000000000000e+00
1.316280000000000000e+05	8.831000000000000000e+03	6.400000000000000000e+01	2.530141020526886209e+01	2.375273380519684352e+01	7.620417720866071720e-01	8.117585800204643043e-01	0.000000000000000000e+00	1.000000000000000000e+00	0.000000000000000000e+00
1.316290000000000000e+05	8.586000000000000000e+03	5.000000000000000000e+01	2.327197607161655313e+01	2.421405504025135613e+01	9.057342330524962293e-01	8.579857271370403549e-01	0.000000000000000000e+00	1.000000000000000000e+00	0.000000000000000000e+00
1.316290000000000000e+05	8.704000000000000000e+03	5.000000000000000000e+01	2.326847652542130263e+01	2.698113190194559508e+01	8.938532661675001600e-01	6.308442929025041002e-01	0.000000000000000000e+00	1.000000000000000000e+00	0.000000000000000000e+00
1.316290000000000000e+05	8.720000000000000000e+03	5.600000000000000000e+01	2.334028138604110580e+01	2.567217273133135436e+01	7.316375497685908558e-01	8.984428773348859254e-01	0.000000000000000000e+00	1.000000000000000000e+00	0.000000000000000000e+00
1.316290000000000000e+05	8.721000000000000000e+03	4.500000000000000000e+01	2.327201766972704178e+01	2.534790930613863935e+01	5.674686378040690871e-01	8.956697717812147630e-01	0.000000000000000000e+00	1.000000000000000000e+00	0.000000000000000000e+00
1.316290000000000000e+05	8.722000000000000000e+03	5.700000000000000000e+01	2.335931659461173737e+01	2.523092014555778917e+01	9.259008911916547513e-01	8.563640098007979651e-01	0.000000000000000000e+00	1.000000000000000000e+00	0.000000000000000000e+00
1.316290000000000000e+05	8.724000000000000000e+03	4.800000000000000000e+01	2.352675726453594507e+01	2.493515701415175201e+01	5.955631626915485199e-01	7.632048493207144180e-01	0.000000000000000000e+00	1.000000000000000000e+00	0.000000000000000000e+00
1.316290000000000000e+05	8.725000000000000000e+03	6.300000000000000000e+01	2.340990208846666221e+01	2.396200797865774490e+01	6.922355287065390383e-01	9.611321711576766846e-01	0.000000000000000000e+00	1.000000000000000000e+00	0.000000000000000000e+00
1.316290000000000000e+05	8.810000000000000000e+03	3.600000000000000000e+01	2.342406719476590027e+01	2.741651997808343566e+01	8.115776587684633281e-01	6.660326228423909534e-01	0.000000000000000000e+00	1.000000000000000000e+00	0.000000000000000000e+00
1.316290000000000000e+05	8.812000000000000000e+03	5.200000000000000000e+01	2.351333371887971069e+01	2.796134646389739586e+01	7.174053974049517945e-01	9.824237557201012105e-01	0.000000000000000000e+00	1.000000000000000000e+00	0.000000000000000000e+00
1.316290000000000000e+05	8.816000000000000000e+03	5.100000000000000000e+01	2.337111917915189707e+01	2.527768026170531712e+01	7.498498898407555124e-01	8.197246841964230812e-01	0.000000000000000000e+00	1.000000000000000000e+00	0.000000000000000000e+00
1.316290000000000000e+05	8.823000000000000000e+03	4.800000000000000000e+01	2.328267985244678329e+01	2.595486060118292215e+01	7.307017131559278011e-01	7.546634697747193199e-01	0.000000000000000000e+00	1.000000000000000000e+00	0.000000000000000000e+00
1.316290000000000000e+05	8.828000000000000000e+03	5.100000000000000000e+01	2.348892690524406035e+01	2.507136775926936068e+01	6.185545421913613007e-01	8.310532583989475031e-01	0.000000000000000000e+00	1.000000000000000000e+00	0.000000000000000000e+00
1.316290000000000000e+05	8.831000000000000000e+03	5.500000000000000000e+01	2.316392996437795659e+01	2.362815496679456473e+01	8.388616513613635917e-01	9.317787295645980628e-01	0.000000000000000000e+00	1.000000000000000000e+00	0.000000000000000000e+00
1.316300000000000000e+05	8.577000000000000000e+03	6.500000000000000000e+01	2.361463988754751497e+01	2.390619064193824173e+01	8.585180993062386801e-01	8.220102675449840746e-01	0.000000000000000000e+00	1.000000000000000000e+00	0.000000000000000000e+00
1.316300000000000000e+05	8.579000000000000000e+03	5.000000000000000000e+01	2.363515465607139276e+01	2.472196697287533595e+01	6.879832090411510670e-01	1.096801114697286028e+00	0.000000000000000000e+00	1.000000000000000000e+00	0.000000000000000000e+00
1.316300000000000000e+05	8.583000000000000000e+03	5.500000000000000000e+01	2.356267203877919414e+01	2.413581569645193881e+01	9.547744574167003062e-01	8.446425749197651323e-01	0.000000000000000000e+00	1.000000000000000000e+00	0.000000000000000000e+00
1.316300000000000000e+05	8.586000000000000000e+03	4.900000000000000000e+01	2.355758053846593469e+01	2.433655283245431278e+01	8.040199979598366964e-01	8.356876108158044492e-01	0.000000000000000000e+00	1.000000000000000000e+00	0.000000000000000000e+00
1.316300000000000000e+05	8.592000000000000000e+03	6.800000000000000000e+01	2.346137190791172955e+01	1.958238854737329149e+01	7.044035321548109962e-01	9.001820822286592527e-01	0.000000000000000000e+00	1.000000000000000000e+00	0.000000000000000000e+00
1.316300000000000000e+05	8.673000000000000000e+03	5.300000000000000000e+01	2.366456437224791998e+01	2.420280050305269981e+01	1.039660449945841059e+00	8.083031504468440875e-01	0.000000000000000000e+00	1.000000000000000000e+00	0.000000000000000000e+00
1.316300000000000000e+05	8.677000000000000000e+03	5.500000000000000000e+01	2.349437303409048639e+01	2.479964725713030305e+01	9.953685152425901794e-01	1.335928298117168733e+00	0.000000000000000000e+00	1.000000000000000000e+00	0.000000000000000000e+00
1.316300000000000000e+05	8.682000000000000000e+03	5.600000000000000000e+01	2.354460387087256379e+01	2.037545693749180842e+01	7.995849266001047173e-01	7.100022527951760365e-01	0.000000000000000000e+00	1.000000000000000000e+00	0.000000000000000000e+00
1.316300000000000000e+05	8.685000000000000000e+03	5.500000000000000000e+01	2.336765860726529453e+01	2.426363952997976980e+01	1.006559853403810045e+00	7.654447054353166191e-01	0.000000000000000000e+00	1.000000000000000000e+00	0.000000000000000000e+00
1.316300000000000000e+05	8.686000000000000000e+03	7.100000000000000000e+01	2.354417837364941235e+01	2.300794458161675138e+01	6.557414877094692729e-01	6.961822443423061335e-01	0.000000000000000000e+00	1.000000000000000000e+00	0.000000000000000000e+00
1.316300000000000000e+05	8.688000000000000000e+03	6.700000000000000000e+01	2.345124931691599102e+01	2.220058004494707049e+01	9.992169784617627171e-01	8.399726880772245829e-01	0.000000000000000000e+00	1.000000000000000000e+00	0.000000000000000000e+00
1.316300000000000000e+05	8.689000000000000000e+03	6.300000000000000000e+01	2.329896726720045663e+01	2.243100896620265772e+01	9.018931423166750561e-01	6.430363629967311700e-01	0.000000000000000000e+00	1.000000000000000000e+00	0.000000000000000000e+00
1.316300000000000000e+05	8.700000000000000000e+03	8.000000000000000000e+01	2.358469559145918026e+01	2.039461894766755634e+01	8.307041468683342700e-01	8.930051350426363443e-01	0.000000000000000000e+00	1.000000000000000000e+00	0.000000000000000000e+00
1.316300000000000000e+05	8.703000000000000000e+03	8.300000000000000000e+01	2.333343784162695300e+01	2.387455536818536572e+01	9.968987811769679519e-01	8.860339817248015226e-01	0.000000000000000000e+00	1.000000000000000000e+00	0.000000000000000000e+00
1.316300000000000000e+05	8.704000000000000000e+03	6.100000000000000000e+01	2.359916375974062319e+01	2.695264582239621021e+01	7.840942768831494769e-01	8.583293927273698554e-01	0.000000000000000000e+00	1.000000000000000000e+00	0.000000000000000000e+00
1.316300000000000000e+05	8.705000000000000000e+03	6.000000000000000000e+01	2.368781953608746349e+01	2.426287826765122091e+01	6.789984522128142963e-01	7.718937224195696611e-01	0.000000000000000000e+00	1.000000000000000000e+00	0.000000000000000000e+00
1.316300000000000000e+05	8.718000000000000000e+03	7.200000000000000000e+01	2.329434354498340909e+01	2.356278006207999454e+01	8.868534057917438762e-01	8.451274122025772551e-01	0.000000000000000000e+00	1.000000000000000000e+00	0.000000000000000000e+00
1.316300000000000000e+05	8.720000000000000000e+03	5.400000000000000000e+01	2.345030984096502635e+01	2.553813579854177718e+01	6.584091970168471919e-01	9.176498847703437045e-01	0.000000000000000000e+00	1.000000000000000000e+00	0.000000000000000000e+00
1.316300000000000000e+05	8.721000000000000000e+03	5.700000000000000000e+01	2.348651519256879538e+01	2.536666286576703300e+01	9.301549661561798743e-01	8.465990155557485686e-01	0.000000000000000000e+00	1.000000000000000000e+00	0.000000000000000000e+00
1.316300000000000000e+05	8.722000000000000000e+03	7.100000000000000000e+01	2.333199774443713537e+01	2.529563959756061564e+01	7.560840786234197530e-01	6.923115187944243187e-01	0.000000000000000000e+00	1.000000000000000000e+00	0.000000000000000000e+00
1.316300000000000000e+05	8.724000000000000000e+03	6.300000000000000000e+01	2.352121744808733439e+01	2.474931212784577994e+01	1.117586341495623969e+00	7.691502336394518968e-01	0.000000000000000000e+00	1.000000000000000000e+00	0.000000000000000000e+00
1.316300000000000000e+05	8.725000000000000000e+03	6.100000000000000000e+01	2.364939541387570543e+01	2.414194333757951227e+01	8.080985416689296930e-01	8.428151403473107539e-01	0.000000000000000000e+00	1.000000000000000000e+00	0.000000000000000000e+00
1.316300000000000000e+05	8.726000000000000000e+03	5.700000000000000000e+01	2.360254968346344029e+01	2.397093224587120375e+01	7.350686565531464600e-01	6.397517497981368706e-01	0.000000000000000000e+00	1.000000000000000000e+00	0.000000000000000000e+00
1.316300000000000000e+05	8.727000000000000000e+03	4.000000000000000000e+01	2.346320267274242610e+01	2.681580301409387701e+01	6.690156784109085875e-01	8.215488861709574486e-01	0.000000000000000000e+00	1.000000000000000000e+00	0.000000000000000000e+00
1.316300000000000000e+05	8.728000000000000000e+03	4.700000000000000000e+01	2.350150000399499817e+01	2.509162566090889612e+01	9.820963048630079184e-01	1.036519319532092975e+00	0.000000000000000000e+00	1.000000000000000000e+00	0.000000000000000000e+00
1.316300000000000000e+05	8.738000000000000000e+03	4.300000000000000000e+01	2.341872309983652656e+01	2.573317358387940246e+01	5.865013988456846405e-01	6.668642166660325721e-01	0.000000000000000000e+00	1.000000000000000000e+00	0.000000000000000000e+00
1.316300000000000000e+05	8.805000000000000000e+03	5.400000000000000000e+01	2.352119352015403564e+01	2.541591131480195287e+01	7.561695309663237774e-01	1.012930376734568982e+00	0.000000000000000000e+00	1.000000000000000000e+00	0.000000000000000000e+00
1.316300000000000000e+05	8.808000000000000000e+03	6.000000000000000000e+01	2.343234871516395046e+01	2.478964098098436608e+01	7.655376253970309630e-01	8.566834891017229836e-01	0.000000000000000000e+00	1.000000000000000000e+00	0.000000000000000000e+00
1.316300000000000000e+05	8.810000000000000000e+03	5.200000000000000000e+01	2.345840336313865038e+01	2.722861731090106829e+01	8.604105138665588681e-01	6.735556585404743890e-01	0.000000000000000000e+00	1.000000000000000000e+00	0.000000000000000000e+00
1.316300000000000000e+05	8.812000000000000000e+03	5.600000000000000000e+01	2.355518237596319153e+01	2.802475383511906770e+01	7.999074627745058619e-01	9.237751677367559422e-01	0.000000000000000000e+00	1.000000000000000000e+00	0.000000000000000000e+00
1.316300000000000000e+05	8.813000000000000000e+03	6.400000000000000000e+01	2.347971038375392894e+01	2.590129859486068398e+01	7.498945584318733593e-01	9.511477330986987111e-01	0.000000000000000000e+00	1.000000000000000000e+00	0.000000000000000000e+00
1.316300000000000000e+05	8.814000000000000000e+03	6.400000000000000000e+01	2.331669489800628270e+01	2.356084943408950849e+01	7.584052020092924007e-01	9.571365319413547290e-01	0.000000000000000000e+00	1.000000000000000000e+00	0.000000000000000000e+00
1.316300000000000000e+05	8.815000000000000000e+03	4.100000000000000000e+01	2.366620689948337741e+01	2.635339345120635102e+01	6.929307912203914732e-01	8.223278028208355073e-01	0.000000000000000000e+00	1.000000000000000000e+00	0.000000000000000000e+00
1.316300000000000000e+05	8.816000000000000000e+03	5.600000000000000000e+01	2.347813635862308956e+01	2.523631293722599267e+01	9.727715332002527804e-01	1.071278964537856426e+00	0.000000000000000000e+00	1.000000000000000000e+00	0.000000000000000000e+00
1.316300000000000000e+05	8.817000000000000000e+03	5.500000000000000000e+01	2.351331743279830988e+01	2.379259517000040347e+01	8.212734172043246739e-01	6.852311585734265353e-01	0.000000000000000000e+00	1.000000000000000000e+00	0.000000000000000000e+00
1.316300000000000000e+05	8.819000000000000000e+03	4.900000000000000000e+01	2.375226486123861136e+01	2.463734158430757404e+01	6.902275838357080362e-01	7.848239244144074034e-01	0.000000000000000000e+00	1.000000000000000000e+00	0.000000000000000000e+00
1.316300000000000000e+05	8.820000000000000000e+03	6.200000000000000000e+01	2.345160610270535528e+01	2.325362212235637571e+01	8.412084048939104663e-01	8.643933431917185661e-01	0.000000000000000000e+00	1.000000000000000000e+00	0.000000000000000000e+00
1.316300000000000000e+05	8.821000000000000000e+03	4.700000000000000000e+01	2.360071988066466986e+01	2.399971714183856619e+01	1.051265397909700194e+00	7.186406482432891041e-01	0.000000000000000000e+00	1.000000000000000000e+00	0.000000000000000000e+00
1.316300000000000000e+05	8.822000000000000000e+03	4.800000000000000000e+01	2.347972492053683169e+01	2.508948158012148966e+01	8.345887039113834005e-01	6.658187803363869728e-01	0.000000000000000000e+00	1.000000000000000000e+00	0.000000000000000000e+00
1.316300000000000000e+05	8.823000000000000000e+03	4.400000000000000000e+01	2.363870490015807491e+01	2.625111304073147522e+01	6.902541006342314267e-01	6.759589647613309937e-01	0.000000000000000000e+00	1.000000000000000000e+00	0.000000000000000000e+00
1.316300000000000000e+05	8.824000000000000000e+03	5.800000000000000000e+01	2.378797085514282372e+01	2.429273194192575858e+01	7.551020862365092068e-01	7.161259688657016786e-01	0.000000000000000000e+00	1.000000000000000000e+00	0.000000000000000000e+00
1.316300000000000000e+05	8.826000000000000000e+03	4.100000000000000000e+01	2.347116763288961039e+01	2.699066521447649336e+01	7.367476987040313396e-01	8.600377810556355529e-01	0.000000000000000000e+00	1.000000000000000000e+00	0.000000000000000000e+00
1.316300000000000000e+05	8.828000000000000000e+03	7.300000000000000000e+01	2.347072653243857943e+01	2.493019709694047847e+01	8.972912439598313972e-01	7.877750227946838102e-01	0.000000000000000000e+00	1.000000000000000000e+00	0.000000000000000000e+00
1.316300000000000000e+05	8.829000000000000000e+03	3.300000000000000000e+01	2.353309187123162616e+01	2.539264869022781568e+01	8.938408545302224395e-01	5.892683139039179840e-01	0.000000000000000000e+00	1.000000000000000000e+00	0.000000000000000000e+00
1.316300000000000000e+05	8.831000000000000000e+03	6.300000000000000000e+01	2.360905461011730466e+01	2.364078371626356656e+01	9.268608290861405363e-01	6.863885879517398481e-01	0.000000000000000000e+00	1.000000000000000000e+00	0.000000000000000000e+00
1.316310000000000000e+05	8.576000000000000000e+03	3.900000000000000000e+01	2.478127414720195887e+01	2.241194621055789327e+01	5.774106349532351912e-01	9.213987141458468422e-01	0.000000000000000000e+00	1.000000000000000000e+00	0.000000000000000000e+00
1.316310000000000000e+05	8.577000000000000000e+03	3.700000000000000000e+01	2.493007457978970010e+01	2.422574375986505046e+01	7.531392235270127911e-01	8.374208718195981227e-01	0.000000000000000000e+00	1.000000000000000000e+00	0.000000000000000000e+00
1.316310000000000000e+05	8.579000000000000000e+03	5.000000000000000000e+01	2.491798661367041845e+01	2.492718353953278765e+01	9.564783006972951140e-01	8.265102764780835054e-01	0.000000000000000000e+00	1.000000000000000000e+00	0.000000000000000000e+00
1.316310000000000000e+05	8.594000000000000000e+03	5.800000000000000000e+01	2.500278463132838880e+01	2.137894523619287312e+01	7.397143361486604451e-01	1.098013733673798953e+00	0.000000000000000000e+00	1.000000000000000000e+00	0.000000000000000000e+00
1.316310000000000000e+05	8.597000000000000000e+03	5.600000000000000000e+01	2.486859346290912143e+01	2.207379230758296274e+01	7.106322934664697222e-01	9.701762128101475424e-01	0.000000000000000000e+00	1.000000000000000000e+00	0.000000000000000000e+00
1.316310000000000000e+05	8.686000000000000000e+03	4.800000000000000000e+01	2.511267287835893924e+01	2.289014876669792642e+01	6.912290883736399438e-01	7.774886032415569970e-01	0.000000000000000000e+00	1.000000000000000000e+00	0.000000000000000000e+00
1.316310000000000000e+05	8.688000000000000000e+03	5.400000000000000000e+01	2.493409457492220582e+01	2.232596106473437203e+01	8.712354199338847582e-01	6.315203107358074996e-01	0.000000000000000000e+00	1.000000000000000000e+00	0.000000000000000000e+00
1.316310000000000000e+05	8.695000000000000000e+03	5.300000000000000000e+01	2.487684014783401310e+01	2.167128900814156722e+01	7.455019729231331382e-01	7.164533371247456817e-01	0.000000000000000000e+00	1.000000000000000000e+00	0.000000000000000000e+00
1.316310000000000000e+05	8.700000000000000000e+03	5.500000000000000000e+01	2.479431984912705289e+01	2.033331565815700515e+01	8.112904290216991221e-01	1.243542561071510733e+00	0.000000000000000000e+00	1.000000000000000000e+00	0.000000000000000000e+00
1.316310000000000000e+05	8.703000000000000000e+03	5.100000000000000000e+01	2.511828196375776656e+01	2.412615090771588910e+01	6.361271750337209596e-01	7.426000788639552930e-01	0.000000000000000000e+00	1.000000000000000000e+00	0.000000000000000000e+00
1.316310000000000000e+05	8.704000000000000000e+03	5.000000000000000000e+01	2.513422368003789842e+01	2.666764290332015008e+01	7.919579360736014317e-01	9.271970972815292145e-01	0.000000000000000000e+00	1.000000000000000000e+00	0.000000000000000000e+00
1.316310000000000000e+05	8.709000000000000000e+03	2.600000000000000000e+01	2.498137244594661155e+01	2.557868898875975106e+01	6.750020817730961742e-01	6.279720415738648809e-01	0.000000000000000000e+00	1.000000000000000000e+00	0.000000000000000000e+00
1.316310000000000000e+05	8.718000000000000000e+03	5.100000000000000000e+01	2.493993187223075481e+01	2.366553007921294238e+01	6.305895907746658091e-01	8.187148559429497929e-01	0.000000000000000000e+00	1.000000000000000000e+00	0.000000000000000000e+00
1.316310000000000000e+05	8.719000000000000000e+03	4.100000000000000000e+01	2.525269751131410700e+01	2.463198290165869153e+01	6.668861051168416543e-01	7.280079512080266380e-01	0.000000000000000000e+00	1.000000000000000000e+00	0.000000000000000000e+00
1.316310000000000000e+05	8.720000000000000000e+03	3.500000000000000000e+01	2.517139205620170372e+01	2.565322969312437351e+01	8.976092380097401291e-01	5.444966332678293774e-01	0.000000000000000000e+00	1.000000000000000000e+00	0.000000000000000000e+00
1.316310000000000000e+05	8.722000000000000000e+03	6.300000000000000000e+01	2.483216972703996461e+01	2.507988424615423284e+01	9.328115892078860938e-01	8.846900116240046241e-01	0.000000000000000000e+00	1.000000000000000000e+00	0.000000000000000000e+00
1.316310000000000000e+05	8.723000000000000000e+03	3.300000000000000000e+01	2.510778471172741533e+01	2.549648816772805660e+01	6.329216010126105241e-01	8.455978541398110337e-01	0.000000000000000000e+00	1.000000000000000000e+00	0.000000000000000000e+00
1.316310000000000000e+05	8.725000000000000000e+03	4.300000000000000000e+01	2.502209661363281157e+01	2.400327673476602186e+01	7.217471062498735934e-01	8.668228288981322249e-01	0.000000000000000000e+00	1.000000000000000000e+00	0.000000000000000000e+00
1.316310000000000000e+05	8.727000000000000000e+03	3.000000000000000000e+01	2.504339113714191001e+01	2.712530915103697282e+01	7.146120569896117214e-01	6.133066436193351789e-01	0.000000000000000000e+00	1.000000000000000000e+00	0.000000000000000000e+00
1.316310000000000000e+05	8.807000000000000000e+03	4.200000000000000000e+01	2.491821482106431063e+01	2.375525654107295992e+01	8.786941130950600698e-01	6.278171072950162745e-01	0.000000000000000000e+00	1.000000000000000000e+00	0.000000000000000000e+00
1.316310000000000000e+05	8.808000000000000000e+03	4.400000000000000000e+01	2.480809900835375714e+01	2.493163647796981408e+01	8.382848553986698148e-01	7.207064383943713182e-01	0.000000000000000000e+00	1.000000000000000000e+00	0.000000000000000000e+00
1.316310000000000000e+05	8.812000000000000000e+03	5.400000000000000000e+01	2.491294146045622782e+01	2.819058301542551703e+01	8.800384262044325112e-01	8.912406517594527733e-01	0.000000000000000000e+00	1.000000000000000000e+00	0.000000000000000000e+00
1.316310000000000000e+05	8.816000000000000000e+03	5.000000000000000000e+01	2.511962279022678857e+01	2.523319308806496863e+01	6.272302803249205638e-01	8.518271467300049249e-01	0.000000000000000000e+00	1.000000000000000000e+00	0.000000000000000000e+00
1.316310000000000000e+05	8.817000000000000000e+03	5.000000000000000000e+01	2.505877268563759586e+01	2.374956075810501588e+01	9.111885548878831953e-01	7.422335885314830239e-01	0.000000000000000000e+00	1.000000000000000000e+00	0.000000000000000000e+00
1.316310000000000000e+05	8.819000000000000000e+03	4.100000000000000000e+01	2.493439970537828287e+01	2.432430991308713075e+01	6.540106818271302913e-01	6.689618942753974284e-01	0.000000000000000000e+00	1.000000000000000000e+00	0.000000000000000000e+00
1.316310000000000000e+05	8.823000000000000000e+03	4.000000000000000000e+01	2.507855598306315770e+01	2.596408998132448787e+01	6.900107726926973939e-01	7.024481196607648137e-01	0.000000000000000000e+00	1.000000000000000000e+00	0.000000000000000000e+00
1.316310000000000000e+05	8.824000000000000000e+03	6.400000000000000000e+01	2.503635741074563370e+01	2.410066312103937491e+01	7.947285822267301514e-01	7.528061572032268556e-01	0.000000000000000000e+00	1.000000000000000000e+00	0.000000000000000000e+00
1.316310000000000000e+05	8.825000000000000000e+03	3.400000000000000000e+01	2.491122924514259651e+01	2.628092194637146051e+01	7.243934406414092031e-01	6.962752743912520303e-01	0.000000000000000000e+00	1.000000000000000000e+00	0.000000000000000000e+00
1.316310000000000000e+05	8.828000000000000000e+03	6.000000000000000000e+01	2.513204241577951947e+01	2.508481195468495528e+01	8.493398355529480082e-01	7.744933068453393465e-01	0.000000000000000000e+00	1.000000000000000000e+00	0.000000000000000000e+00
1.316310000000000000e+05	8.831000000000000000e+03	5.100000000000000000e+01	2.502695402849367667e+01	2.387409878074340241e+01	8.213225957138831079e-01	6.851156185842719459e-01	0.000000000000000000e+00	1.000000000000000000e+00	0.000000000000000000e+00
1.316320000000000000e+05	8.703000000000000000e+03	6.800000000000000000e+01	1.928417157496683387e+01	2.395186379335613580e+01	6.650076798588282490e-01	6.633933280665282872e-01	0.000000000000000000e+00	1.000000000000000000e+00	0.000000000000000000e+00
1.316320000000000000e+05	8.727000000000000000e+03	6.700000000000000000e+01	1.932546019048250585e+01	2.709441032340719246e+01	7.738690044244674882e-01	8.098166640989523657e-01	0.000000000000000000e+00	1.000000000000000000e+00	0.000000000000000000e+00
1.316330000000000000e+05	8.576000000000000000e+03	7.100000000000000000e+01	2.393754117596606079e+01	2.221025356267206163e+01	8.477546634555883642e-01	8.581061917269363626e-01	0.000000000000000000e+00	1.000000000000000000e+00	0.000000000000000000e+00
1.316330000000000000e+05	8.577000000000000000e+03	5.100000000000000000e+01	2.371662141442116223e+01	2.392725351266764378e+01	8.413448594084937948e-01	9.609273907413979909e-01	0.000000000000000000e+00	1.000000000000000000e+00	0.000000000000000000e+00
1.316330000000000000e+05	8.579000000000000000e+03	5.000000000000000000e+01	2.351780749578245988e+01	2.472231414164721386e+01	8.769335597109547686e-01	9.561024195043565932e-01	0.000000000000000000e+00	1.000000000000000000e+00	0.000000000000000000e+00
1.316330000000000000e+05	8.583000000000000000e+03	8.200000000000000000e+01	2.353925481748169446e+01	2.408421996995141612e+01	8.882035779876802373e-01	1.238301353710846264e+00	0.000000000000000000e+00	1.000000000000000000e+00	0.000000000000000000e+00
1.316330000000000000e+05	8.586000000000000000e+03	4.900000000000000000e+01	2.353159489834068907e+01	2.434075354351432452e+01	7.834251451122103971e-01	9.063713917884769211e-01	0.000000000000000000e+00	1.000000000000000000e+00	0.000000000000000000e+00
1.316330000000000000e+05	8.588000000000000000e+03	4.200000000000000000e+01	2.364642470086361925e+01	2.338931172710094231e+01	7.281333016956329507e-01	7.916880735664280078e-01	0.000000000000000000e+00	1.000000000000000000e+00	0.000000000000000000e+00
1.316330000000000000e+05	8.594000000000000000e+03	7.300000000000000000e+01	2.383770054887227730e+01	2.127955099565364705e+01	8.552383254496195297e-01	9.713692590687622586e-01	0.000000000000000000e+00	1.000000000000000000e+00	0.000000000000000000e+00
1.316330000000000000e+05	8.597000000000000000e+03	7.000000000000000000e+01	2.369387067258674762e+01	2.229447400243384081e+01	9.376156015248063857e-01	6.948991739399554834e-01	0.000000000000000000e+00	1.000000000000000000e+00	0.000000000000000000e+00
1.316330000000000000e+05	8.599000000000000000e+03	5.400000000000000000e+01	2.360367360789544477e+01	2.246857853918160686e+01	9.023723602428944668e-01	6.738411242099894283e-01	0.000000000000000000e+00	1.000000000000000000e+00	0.000000000000000000e+00
1.316330000000000000e+05	8.686000000000000000e+03	7.200000000000000000e+01	2.385123313529529909e+01	2.295603706417292145e+01	7.047965926322466990e-01	9.088891682572589614e-01	0.000000000000000000e+00	1.000000000000000000e+00	0.000000000000000000e+00
1.316330000000000000e+05	8.688000000000000000e+03	5.500000000000000000e+01	2.369348217723829819e+01	2.222904617715252584e+01	8.359743799758773131e-01	1.051485302767909857e+00	0.000000000000000000e+00	1.000000000000000000e+00	0.000000000000000000e+00
1.316330000000000000e+05	8.689000000000000000e+03	6.800000000000000000e+01	2.360218557399549510e+01	2.252789474378865009e+01	6.433334285505410977e-01	8.490080244891645700e-01	0.000000000000000000e+00	1.000000000000000000e+00	0.000000000000000000e+00
1.316330000000000000e+05	8.703000000000000000e+03	5.600000000000000000e+01	2.369936709987871737e+01	2.377717840949464545e+01	7.713712438715532027e-01	6.879631065040247018e-01	0.000000000000000000e+00	1.000000000000000000e+00	0.000000000000000000e+00
1.316330000000000000e+05	8.704000000000000000e+03	8.000000000000000000e+01	2.378496855010534716e+01	2.702371372504792291e+01	7.682641447539247936e-01	7.749768219360974042e-01	0.000000000000000000e+00	1.000000000000000000e+00	0.000000000000000000e+00
1.316330000000000000e+05	8.707000000000000000e+03	5.700000000000000000e+01	2.362452568245309692e+01	2.338290470172492519e+01	1.006813130127405920e+00	7.070212865942689939e-01	0.000000000000000000e+00	1.000000000000000000e+00	0.000000000000000000e+00
1.316330000000000000e+05	8.711000000000000000e+03	6.300000000000000000e+01	2.365454435090141061e+01	2.243258278786458959e+01	1.043094294818587509e+00	8.292330278014079514e-01	0.000000000000000000e+00	1.000000000000000000e+00	0.000000000000000000e+00
1.316330000000000000e+05	8.718000000000000000e+03	6.200000000000000000e+01	2.379163753705677564e+01	2.375448384227865262e+01	7.056259289735351548e-01	7.369604605297462863e-01	0.000000000000000000e+00	1.000000000000000000e+00	0.000000000000000000e+00
1.316330000000000000e+05	8.719000000000000000e+03	5.100000000000000000e+01	2.378784553208523533e+01	2.442436084074128999e+01	7.499037678697201281e-01	8.949136803202997203e-01	0.000000000000000000e+00	1.000000000000000000e+00	0.000000000000000000e+00
1.316330000000000000e+05	8.720000000000000000e+03	6.800000000000000000e+01	2.371704569822460584e+01	2.559367515569842411e+01	8.029010118636917825e-01	9.014476546845181515e-01	0.000000000000000000e+00	1.000000000000000000e+00	0.000000000000000000e+00
1.316330000000000000e+05	8.721000000000000000e+03	4.200000000000000000e+01	2.369394423704677877e+01	2.556998465079816185e+01	8.584844285891264359e-01	7.867778952943926818e-01	0.000000000000000000e+00	1.000000000000000000e+00	0.000000000000000000e+00
1.316330000000000000e+05	8.722000000000000000e+03	6.200000000000000000e+01	2.376686990742644667e+01	2.511154944312510295e+01	8.603271819715306856e-01	8.489354909950900252e-01	0.000000000000000000e+00	1.000000000000000000e+00	0.000000000000000000e+00
1.316330000000000000e+05	8.723000000000000000e+03	5.400000000000000000e+01	2.370881300393242341e+01	2.562264143741369082e+01	6.404505015833165116e-01	7.768384081225017113e-01	0.000000000000000000e+00	1.000000000000000000e+00	0.000000000000000000e+00
1.316330000000000000e+05	8.724000000000000000e+03	6.600000000000000000e+01	2.376661333045604962e+01	2.468496512272397325e+01	6.856786281455926613e-01	9.623494194488664277e-01	0.000000000000000000e+00	1.000000000000000000e+00	0.000000000000000000e+00
1.316330000000000000e+05	8.725000000000000000e+03	6.500000000000000000e+01	2.353920858274327799e+01	2.390382920508175602e+01	9.874742335093640300e-01	8.536918841445381156e-01	0.000000000000000000e+00	1.000000000000000000e+00	0.000000000000000000e+00
1.316330000000000000e+05	8.726000000000000000e+03	6.200000000000000000e+01	2.372814125190636503e+01	2.380686342293903834e+01	8.129542586807786408e-01	1.020188737354231545e+00	0.000000000000000000e+00	1.000000000000000000e+00	0.000000000000000000e+00
1.316330000000000000e+05	8.727000000000000000e+03	5.100000000000000000e+01	2.378584818794965017e+01	2.706121858225155918e+01	7.214334768134171849e-01	9.280338562618818399e-01	0.000000000000000000e+00	1.000000000000000000e+00	0.000000000000000000e+00
1.316330000000000000e+05	8.728000000000000000e+03	3.800000000000000000e+01	2.377153670619294346e+01	2.520649835652266191e+01	8.257060247984678858e-01	6.864005538560166153e-01	0.000000000000000000e+00	1.000000000000000000e+00	0.000000000000000000e+00
1.316330000000000000e+05	8.810000000000000000e+03	5.000000000000000000e+01	2.366031874430007065e+01	2.727721830443360673e+01	7.713801270012070610e-01	8.756228273746680113e-01	0.000000000000000000e+00	1.000000000000000000e+00	0.000000000000000000e+00
1.316330000000000000e+05	8.811000000000000000e+03	4.600000000000000000e+01	2.377238650201179837e+01	2.657706436366146718e+01	8.344069715263604525e-01	6.889782039697978089e-01	0.000000000000000000e+00	1.000000000000000000e+00	0.000000000000000000e+00
1.316330000000000000e+05	8.812000000000000000e+03	6.300000000000000000e+01	2.373145770285749734e+01	2.788861675584356092e+01	6.920630123458908489e-01	1.102884148377774709e+00	0.000000000000000000e+00	1.000000000000000000e+00	0.000000000000000000e+00
1.316330000000000000e+05	8.813000000000000000e+03	5.700000000000000000e+01	2.367931320057135736e+01	2.619951874408577552e+01	8.420598231329609051e-01	8.392033537496758067e-01	0.000000000000000000e+00	1.000000000000000000e+00	0.000000000000000000e+00
1.316330000000000000e+05	8.814000000000000000e+03	4.700000000000000000e+01	2.360692977265174264e+01	2.391100259239349413e+01	8.246213790026192259e-01	6.991595946038378084e-01	0.000000000000000000e+00	1.000000000000000000e+00	0.000000000000000000e+00
1.316330000000000000e+05	8.815000000000000000e+03	4.400000000000000000e+01	2.371735291400617385e+01	2.620185046347723912e+01	9.172903021033694815e-01	7.779808732692609086e-01	0.000000000000000000e+00	1.000000000000000000e+00	0.000000000000000000e+00
1.316330000000000000e+05	8.816000000000000000e+03	5.100000000000000000e+01	2.381251216783376989e+01	2.509935638086313858e+01	6.581912695044270789e-01	8.166952297667212646e-01	0.000000000000000000e+00	1.000000000000000000e+00	0.000000000000000000e+00
1.316330000000000000e+05	8.817000000000000000e+03	5.300000000000000000e+01	2.381037619839721486e+01	2.400865124439112464e+01	9.052699772837966563e-01	8.800713506930124552e-01	0.000000000000000000e+00	1.000000000000000000e+00	0.000000000000000000e+00
1.316330000000000000e+05	8.822000000000000000e+03	5.900000000000000000e+01	2.365457186339341789e+01	2.515474455996182002e+01	9.125769095833634603e-01	7.993100703404419916e-01	0.000000000000000000e+00	1.000000000000000000e+00	0.000000000000000000e+00
1.316330000000000000e+05	8.823000000000000000e+03	6.900000000000000000e+01	2.382851174213382706e+01	2.627432297937303574e+01	7.610849107780266465e-01	6.837529111369999857e-01	0.000000000000000000e+00	1.000000000000000000e+00	0.000000000000000000e+00
1.316330000000000000e+05	8.824000000000000000e+03	5.700000000000000000e+01	2.366921038519928189e+01	2.430927729711163465e+01	7.116650419064302069e-01	7.349849667747394566e-01	0.000000000000000000e+00	1.000000000000000000e+00	0.000000000000000000e+00
1.316330000000000000e+05	8.826000000000000000e+03	4.500000000000000000e+01	2.368445308303059349e+01	2.732474591572208311e+01	9.112486443912118927e-01	8.380209375909322134e-01	0.000000000000000000e+00	1.000000000000000000e+00	0.000000000000000000e+00
1.316330000000000000e+05	8.828000000000000000e+03	6.900000000000000000e+01	2.379729135903107462e+01	2.494722609616557207e+01	6.783932632033208288e-01	8.113550818205544912e-01	0.000000000000000000e+00	1.000000000000000000e+00	0.000000000000000000e+00
1.316330000000000000e+05	8.831000000000000000e+03	4.400000000000000000e+01	2.387199901293959314e+01	2.344643436681916526e+01	6.437599435887989552e-01	7.022215452572104777e-01	0.000000000000000000e+00	1.000000000000000000e+00	0.000000000000000000e+00
1.316350000000000000e+05	8.579000000000000000e+03	6.500000000000000000e+01	2.029512041944821732e+01	2.479624201668845984e+01	8.171530690663112440e-01	6.344651394501161779e-01	0.000000000000000000e+00	1.000000000000000000e+00	0.000000000000000000e+00
1.316350000000000000e+05	8.704000000000000000e+03	6.100000000000000000e+01	2.026642955734779861e+01	2.670524614648789452e+01	8.604610654472631959e-01	7.928763541124383973e-01	0.000000000000000000e+00	1.000000000000000000e+00	0.000000000000000000e+00
1.316350000000000000e+05	8.722000000000000000e+03	5.000000000000000000e+01	2.020820001983798875e+01	2.500482972240348190e+01	7.753637449286041594e-01	6.456678273964703285e-01	0.000000000000000000e+00	1.000000000000000000e+00	0.000000000000000000e+00
1.316350000000000000e+05	8.724000000000000000e+03	6.300000000000000000e+01	2.044028465116200621e+01	2.484248497323495641e+01	6.656490228093927541e-01	7.170147812950764532e-01	0.000000000000000000e+00	1.000000000000000000e+00	0.000000000000000000e+00
1.316360000000000000e+05	8.720000000000000000e+03	6.600000000000000000e+01	1.992183173971976018e+01	2.577339149034654753e+01	8.242977931380159884e-01	9.628616820286849398e-01	0.000000000000000000e+00	1.000000000000000000e+00	0.000000000000000000e+00
1.316370000000000000e+05	8.579000000000000000e+03	5.700000000000000000e+01	2.656267092853990519e+01	2.506940867386303751e+01	1.018914484276825849e+00	7.438686597718199289e-01	0.000000000000000000e+00	1.000000000000000000e+00	0.000000000000000000e+00
1.316370000000000000e+05	8.583000000000000000e+03	6.000000000000000000e+01	2.669705084209629220e+01	2.433506623965874738e+01	8.144318296736779983e-01	9.960209760119885791e-01	0.000000000000000000e+00	1.000000000000000000e+00	0.000000000000000000e+00
1.316370000000000000e+05	8.586000000000000000e+03	4.600000000000000000e+01	2.664281534735053114e+01	2.428558820897461601e+01	9.206195242361373543e-01	8.123098596015496664e-01	0.000000000000000000e+00	1.000000000000000000e+00	0.000000000000000000e+00
1.316370000000000000e+05	8.588000000000000000e+03	3.600000000000000000e+01	2.670182897817787548e+01	2.344917612690824527e+01	6.783108091651016691e-01	6.061526106514733003e-01	0.000000000000000000e+00	1.000000000000000000e+00	0.000000000000000000e+00
1.316370000000000000e+05	8.595000000000000000e+03	5.000000000000000000e+01	2.640361743598433719e+01	2.206801380287556924e+01	7.675147504048377423e-01	8.954781948200761788e-01	0.000000000000000000e+00	1.000000000000000000e+00	0.000000000000000000e+00
1.316370000000000000e+05	8.597000000000000000e+03	4.700000000000000000e+01	2.678203684088634873e+01	2.214932735171199596e+01	6.968415892487778152e-01	7.070379722980215664e-01	0.000000000000000000e+00	1.000000000000000000e+00	0.000000000000000000e+00
1.316370000000000000e+05	8.679000000000000000e+03	4.900000000000000000e+01	2.672545703433858222e+01	2.418563308798261602e+01	8.808069696141854754e-01	9.361333148879731336e-01	0.000000000000000000e+00	1.000000000000000000e+00	0.000000000000000000e+00
1.316370000000000000e+05	8.680000000000000000e+03	5.400000000000000000e+01	2.673769585674961391e+01	2.115916699431025094e+01	8.049918424909352499e-01	7.358059640077934116e-01	0.000000000000000000e+00	1.000000000000000000e+00	0.000000000000000000e+00
1.316370000000000000e+05	8.685000000000000000e+03	5.100000000000000000e+01	2.668769585141008349e+01	2.440066558263830743e+01	7.705517546076470214e-01	8.517402920360621632e-01	0.000000000000000000e+00	1.000000000000000000e+00	0.000000000000000000e+00
1.316370000000000000e+05	8.689000000000000000e+03	4.700000000000000000e+01	2.689362859171170683e+01	2.242025954071817750e+01	6.663500817737143533e-01	8.122619600328380152e-01	0.000000000000000000e+00	1.000000000000000000e+00	0.000000000000000000e+00
1.316370000000000000e+05	8.695000000000000000e+03	4.100000000000000000e+01	2.671012944836355985e+01	2.163358669792880562e+01	6.707136541557826570e-01	8.992315181099046484e-01	0.000000000000000000e+00	1.000000000000000000e+00	0.000000000000000000e+00
1.316370000000000000e+05	8.699000000000000000e+03	3.500000000000000000e+01	2.646129944859821492e+01	2.500420229040767950e+01	8.686994246776996720e-01	7.528161389983711871e-01	0.000000000000000000e+00	1.000000000000000000e+00	0.000000000000000000e+00
1.316370000000000000e+05	8.700000000000000000e+03	6.600000000000000000e+01	2.658632979480465508e+01	2.056484053613230856e+01	8.479909326789375479e-01	9.182007725892966654e-01	0.000000000000000000e+00	1.000000000000000000e+00	0.000000000000000000e+00
1.316370000000000000e+05	8.703000000000000000e+03	5.100000000000000000e+01	2.685785359404468409e+01	2.366088570603269403e+01	7.027832108406121270e-01	1.027279318184241896e+00	0.000000000000000000e+00	1.000000000000000000e+00	0.000000000000000000e+00
1.316370000000000000e+05	8.704000000000000000e+03	4.400000000000000000e+01	2.695877797017449140e+01	2.696526615553340989e+01	5.855904370697606609e-01	7.167309824272627417e-01	0.000000000000000000e+00	1.000000000000000000e+00	0.000000000000000000e+00
1.316370000000000000e+05	8.707000000000000000e+03	5.200000000000000000e+01	2.666920572758422736e+01	2.332870842999154348e+01	7.690348835386552340e-01	7.231690288441717795e-01	0.000000000000000000e+00	1.000000000000000000e+00	0.000000000000000000e+00
1.316370000000000000e+05	8.711000000000000000e+03	6.500000000000000000e+01	2.672773256096343530e+01	2.243748937174799352e+01	8.429763684056559292e-01	5.477010428672441922e-01	0.000000000000000000e+00	1.000000000000000000e+00	0.000000000000000000e+00
1.316370000000000000e+05	8.712000000000000000e+03	3.500000000000000000e+01	2.662586352599778294e+01	2.414361648859362219e+01	7.935999768775650054e-01	8.405573305254784300e-01	0.000000000000000000e+00	1.000000000000000000e+00	0.000000000000000000e+00
1.316370000000000000e+05	8.718000000000000000e+03	5.600000000000000000e+01	2.657719639541710777e+01	2.403773856464292535e+01	7.793042998593936455e-01	8.493276532823549330e-01	0.000000000000000000e+00	1.000000000000000000e+00	0.000000000000000000e+00
1.316370000000000000e+05	8.720000000000000000e+03	3.400000000000000000e+01	2.698575174708756208e+01	2.555900542465249714e+01	6.277273136801838627e-01	5.828650289097158099e-01	0.000000000000000000e+00	1.000000000000000000e+00	0.000000000000000000e+00
1.316370000000000000e+05	8.721000000000000000e+03	3.400000000000000000e+01	2.678304790313575623e+01	2.556724471992104597e+01	8.912274290950369382e-01	6.658134764775380798e-01	0.000000000000000000e+00	1.000000000000000000e+00	0.000000000000000000e+00
1.316370000000000000e+05	8.722000000000000000e+03	5.600000000000000000e+01	2.652789852258868564e+01	2.516375148051480792e+01	8.156369034693784492e-01	7.991633391975150325e-01	0.000000000000000000e+00	1.000000000000000000e+00	0.000000000000000000e+00
1.316370000000000000e+05	8.724000000000000000e+03	5.800000000000000000e+01	2.653015428672314258e+01	2.485314868221190920e+01	1.025208752810156776e+00	7.727430011943263732e-01	0.000000000000000000e+00	1.000000000000000000e+00	0.000000000000000000e+00
1.316370000000000000e+05	8.725000000000000000e+03	6.600000000000000000e+01	2.666576325608626519e+01	2.416127023531075579e+01	7.870017327859646361e-01	8.341682864291894983e-01	0.000000000000000000e+00	1.000000000000000000e+00	0.000000000000000000e+00
1.316370000000000000e+05	8.726000000000000000e+03	3.900000000000000000e+01	2.668765613909626921e+01	2.396777651577498602e+01	8.605115741291837761e-01	7.129791633271299611e-01	0.000000000000000000e+00	1.000000000000000000e+00	0.000000000000000000e+00
1.316370000000000000e+05	8.727000000000000000e+03	4.200000000000000000e+01	2.676640581719414058e+01	2.700694422411906359e+01	6.420897095752897688e-01	6.362670276196134012e-01	0.000000000000000000e+00	1.000000000000000000e+00	0.000000000000000000e+00
1.316370000000000000e+05	8.729000000000000000e+03	3.800000000000000000e+01	2.688238437862948160e+01	2.375911096822920854e+01	7.325178306055969424e-01	5.176305519642757647e-01	0.000000000000000000e+00	1.000000000000000000e+00	0.000000000000000000e+00
1.316370000000000000e+05	8.730000000000000000e+03	4.700000000000000000e+01	2.660222454018188287e+01	2.424526909198449687e+01	9.404540062753455887e-01	8.823425632149792808e-01	0.000000000000000000e+00	1.000000000000000000e+00	0.000000000000000000e+00
1.316370000000000000e+05	8.810000000000000000e+03	3.400000000000000000e+01	2.672619909362477486e+01	2.714501729488929271e+01	6.817142413637740095e-01	9.444827199703943466e-01	0.000000000000000000e+00	1.000000000000000000e+00	0.000000000000000000e+00
1.316370000000000000e+05	8.812000000000000000e+03	4.900000000000000000e+01	2.668240429121370383e+01	2.814525312941406554e+01	8.473646259162791461e-01	9.683630999169206000e-01	0.000000000000000000e+00	1.000000000000000000e+00	0.000000000000000000e+00
1.316370000000000000e+05	8.813000000000000000e+03	3.600000000000000000e+01	2.675028927941861667e+01	2.599548379332161119e+01	5.684009179320717031e-01	7.516574047336607167e-01	0.000000000000000000e+00	1.000000000000000000e+00	0.000000000000000000e+00
1.316370000000000000e+05	8.814000000000000000e+03	5.800000000000000000e+01	2.665313906419889989e+01	2.384211631116478003e+01	8.529791062465801321e-01	1.086846093628624166e+00	0.000000000000000000e+00	1.000000000000000000e+00	0.000000000000000000e+00
1.316370000000000000e+05	8.816000000000000000e+03	5.000000000000000000e+01	2.664034739281349928e+01	2.543047798116455738e+01	9.731427078407806075e-01	6.996533383186231969e-01	0.000000000000000000e+00	1.000000000000000000e+00	0.000000000000000000e+00
1.316370000000000000e+05	8.817000000000000000e+03	3.700000000000000000e+01	2.684958846284382972e+01	2.351833708710388393e+01	5.285741513686035287e-01	8.317237776299547525e-01	0.000000000000000000e+00	1.000000000000000000e+00	0.000000000000000000e+00
1.316370000000000000e+05	8.821000000000000000e+03	3.900000000000000000e+01	2.661775085316880762e+01	2.390849880464316257e+01	5.711274365104199724e-01	7.171657598271254930e-01	0.000000000000000000e+00	1.000000000000000000e+00	0.000000000000000000e+00
1.316370000000000000e+05	8.822000000000000000e+03	3.200000000000000000e+01	2.676867515027461053e+01	2.502356512889737772e+01	5.304399986390627708e-01	8.451126577305057008e-01	0.000000000000000000e+00	1.000000000000000000e+00	0.000000000000000000e+00
1.316370000000000000e+05	8.823000000000000000e+03	5.900000000000000000e+01	2.648385025914465984e+01	2.626160378637844772e+01	8.542529148686874851e-01	8.417697135594875979e-01	0.000000000000000000e+00	1.000000000000000000e+00	0.000000000000000000e+00
1.316370000000000000e+05	8.824000000000000000e+03	4.300000000000000000e+01	2.665624988031650489e+01	2.397885245077170069e+01	8.860396263871244127e-01	6.417343955747044637e-01	0.000000000000000000e+00	1.000000000000000000e+00	0.000000000000000000e+00
1.316380000000000000e+05	8.576000000000000000e+03	4.700000000000000000e+01	2.557300833545938445e+01	2.245689816186314047e+01	5.690273463423599631e-01	9.377251800876288401e-01	0.000000000000000000e+00	1.000000000000000000e+00	0.000000000000000000e+00
1.316380000000000000e+05	8.577000000000000000e+03	4.600000000000000000e+01	2.561776355605909927e+01	2.416475726681087721e+01	6.644170769698445334e-01	5.993205208409647655e-01	0.000000000000000000e+00	1.000000000000000000e+00	0.000000000000000000e+00
1.316380000000000000e+05	8.579000000000000000e+03	4.400000000000000000e+01	2.543747666322057555e+01	2.474710087898637312e+01	8.528686062326351625e-01	7.741509892789580904e-01	0.000000000000000000e+00	1.000000000000000000e+00	0.000000000000000000e+00
1.316380000000000000e+05	8.583000000000000000e+03	4.200000000000000000e+01	2.554020659815412486e+01	2.422682915385643909e+01	8.762183618506864669e-01	8.540900555815837958e-01	0.000000000000000000e+00	1.000000000000000000e+00	0.000000000000000000e+00
1.316380000000000000e+05	8.593000000000000000e+03	3.500000000000000000e+01	2.569791667215019260e+01	2.376805321305432628e+01	6.465562620853237963e-01	8.333153315751922197e-01	0.000000000000000000e+00	1.000000000000000000e+00	0.000000000000000000e+00
1.316380000000000000e+05	8.597000000000000000e+03	5.600000000000000000e+01	2.541034956514009124e+01	2.251198696975317759e+01	7.357695801550363512e-01	8.673189643053028641e-01	0.000000000000000000e+00	1.000000000000000000e+00	0.000000000000000000e+00
1.316380000000000000e+05	8.680000000000000000e+03	5.400000000000000000e+01	2.555209597833169965e+01	2.094562354472017773e+01	8.222343459536403110e-01	6.328813141290590139e-01	0.000000000000000000e+00	1.000000000000000000e+00	0.000000000000000000e+00
1.316380000000000000e+05	8.685000000000000000e+03	4.800000000000000000e+01	2.563185792075250902e+01	2.418953772459358476e+01	8.507104594583621004e-01	8.632282079915928330e-01	0.000000000000000000e+00	1.000000000000000000e+00	0.000000000000000000e+00
1.316380000000000000e+05	8.689000000000000000e+03	5.000000000000000000e+01	2.556060272377186138e+01	2.268058847985859217e+01	8.311468694432039284e-01	1.012327326820633200e+00	0.000000000000000000e+00	1.000000000000000000e+00	0.000000000000000000e+00
1.316380000000000000e+05	8.695000000000000000e+03	4.700000000000000000e+01	2.565622585845012793e+01	2.151075979465779042e+01	6.782197828361384850e-01	7.865750832332137898e-01	0.000000000000000000e+00	1.000000000000000000e+00	0.000000000000000000e+00
1.316380000000000000e+05	8.699000000000000000e+03	3.200000000000000000e+01	2.540171846907707121e+01	2.468611824256999299e+01	6.958330282953915091e-01	6.767279678697298850e-01	0.000000000000000000e+00	1.000000000000000000e+00	0.000000000000000000e+00
1.316380000000000000e+05	8.703000000000000000e+03	6.700000000000000000e+01	2.571983185264735994e+01	2.391918353805344566e+01	7.931456613345700957e-01	1.022438682875467242e+00	0.000000000000000000e+00	1.000000000000000000e+00	0.000000000000000000e+00
1.316380000000000000e+05	8.704000000000000000e+03	6.100000000000000000e+01	2.545130129582352652e+01	2.677968836454660817e+01	7.899921235892209959e-01	9.727076121064247571e-01	0.000000000000000000e+00	1.000000000000000000e+00	0.000000000000000000e+00
1.316380000000000000e+05	8.707000000000000000e+03	5.600000000000000000e+01	2.564052061872947874e+01	2.301975260401498602e+01	8.241754042981623840e-01	7.464662342983434673e-01	0.000000000000000000e+00	1.000000000000000000e+00	0.000000000000000000e+00
1.316380000000000000e+05	8.718000000000000000e+03	5.300000000000000000e+01	2.565112332725013999e+01	2.359490254116499486e+01	8.575905219539109448e-01	7.451835623774625272e-01	0.000000000000000000e+00	1.000000000000000000e+00	0.000000000000000000e+00
1.316380000000000000e+05	8.720000000000000000e+03	4.700000000000000000e+01	2.543726453282387112e+01	2.556176159542695103e+01	7.365786574393958785e-01	6.479237248004405814e-01	0.000000000000000000e+00	1.000000000000000000e+00	0.000000000000000000e+00
1.316380000000000000e+05	8.721000000000000000e+03	3.400000000000000000e+01	2.538387426065376573e+01	2.529447403969291130e+01	6.359228498231391802e-01	6.376240718781241990e-01	0.000000000000000000e+00	1.000000000000000000e+00	0.000000000000000000e+00
1.316380000000000000e+05	8.722000000000000000e+03	3.600000000000000000e+01	2.552587016441341206e+01	2.522957568946147333e+01	6.338753177058132904e-01	7.549029129064187549e-01	0.000000000000000000e+00	1.000000000000000000e+00	0.000000000000000000e+00
1.316380000000000000e+05	8.724000000000000000e+03	6.300000000000000000e+01	2.532329786072437372e+01	2.463837743956872472e+01	7.768868907984031180e-01	1.017324190810677598e+00	0.000000000000000000e+00	1.000000000000000000e+00	0.000000000000000000e+00
1.316380000000000000e+05	8.725000000000000000e+03	6.500000000000000000e+01	2.544858139360529492e+01	2.410929942166175621e+01	7.319764020556660533e-01	6.765645491417806578e-01	0.000000000000000000e+00	1.000000000000000000e+00	0.000000000000000000e+00
1.316380000000000000e+05	8.727000000000000000e+03	4.200000000000000000e+01	2.527989396323773619e+01	2.703651383113924567e+01	7.506995477616041912e-01	8.019484070400616504e-01	0.000000000000000000e+00	1.000000000000000000e+00	0.000000000000000000e+00
1.316380000000000000e+05	8.808000000000000000e+03	4.400000000000000000e+01	2.557096683774626200e+01	2.469400624804454125e+01	6.772533328254837226e-01	6.363216474286000901e-01	0.000000000000000000e+00	1.000000000000000000e+00	0.000000000000000000e+00
1.316380000000000000e+05	8.810000000000000000e+03	3.300000000000000000e+01	2.545961621828223898e+01	2.754394329298353483e+01	8.455806796278477755e-01	7.416119510694401118e-01	0.000000000000000000e+00	1.000000000000000000e+00	0.000000000000000000e+00
1.316380000000000000e+05	8.812000000000000000e+03	4.200000000000000000e+01	2.533216981764829256e+01	2.794854992551262285e+01	7.773570250290987582e-01	1.032402190380691254e+00	0.000000000000000000e+00	1.000000000000000000e+00	0.000000000000000000e+00
1.316380000000000000e+05	8.813000000000000000e+03	4.900000000000000000e+01	2.533333206182231123e+01	2.563796370230468114e+01	1.005996895325657281e+00	8.771456319460004813e-01	0.000000000000000000e+00	1.000000000000000000e+00	0.000000000000000000e+00
1.316380000000000000e+05	8.814000000000000000e+03	4.500000000000000000e+01	2.565175231284152346e+01	2.384149051250188833e+01	7.195491366591568738e-01	6.921762694576897301e-01	0.000000000000000000e+00	1.000000000000000000e+00	0.000000000000000000e+00
1.316380000000000000e+05	8.815000000000000000e+03	4.300000000000000000e+01	2.545288968863113865e+01	2.627313952762894544e+01	5.486734140850800800e-01	6.896304299772167967e-01	0.000000000000000000e+00	1.000000000000000000e+00	0.000000000000000000e+00
1.316380000000000000e+05	8.816000000000000000e+03	5.100000000000000000e+01	2.568479338112056354e+01	2.535673963452354940e+01	6.236307629354208570e-01	1.003263912323613338e+00	0.000000000000000000e+00	1.000000000000000000e+00	0.000000000000000000e+00
1.316380000000000000e+05	8.817000000000000000e+03	4.600000000000000000e+01	2.545024074946525161e+01	2.367611233414442395e+01	6.859114681511733203e-01	7.142887162736519802e-01	0.000000000000000000e+00	1.000000000000000000e+00	0.000000000000000000e+00
1.316380000000000000e+05	8.818000000000000000e+03	3.800000000000000000e+01	2.566911313835620945e+01	2.516369461859701673e+01	6.365045557571907819e-01	8.994947878321499779e-01	0.000000000000000000e+00	1.000000000000000000e+00	0.000000000000000000e+00
1.316380000000000000e+05	8.819000000000000000e+03	3.600000000000000000e+01	2.554298716564552763e+01	2.463744581200473860e+01	7.612798746677451600e-01	6.995428434483897950e-01	0.000000000000000000e+00	1.000000000000000000e+00	0.000000000000000000e+00
1.316380000000000000e+05	8.821000000000000000e+03	4.400000000000000000e+01	2.558818136971000357e+01	2.416774870453674140e+01	7.502811703580332114e-01	6.718124024627596391e-01	0.000000000000000000e+00	1.000000000000000000e+00	0.000000000000000000e+00
1.316380000000000000e+05	8.823000000000000000e+03	5.300000000000000000e+01	2.556687515467777772e+01	2.619698230952316820e+01	9.521904036858941378e-01	6.707222220511975808e-01	0.000000000000000000e+00	1.000000000000000000e+00	0.000000000000000000e+00
1.316380000000000000e+05	8.824000000000000000e+03	4.400000000000000000e+01	2.555793319361507798e+01	2.421452173777845474e+01	7.384210449570390855e-01	5.923482938416909649e-01	0.000000000000000000e+00	1.000000000000000000e+00	0.000000000000000000e+00
1.316380000000000000e+05	8.828000000000000000e+03	4.800000000000000000e+01	2.538780595366445425e+01	2.498647766236680212e+01	8.134927599993735381e-01	6.411251619274184188e-01	0.000000000000000000e+00	1.000000000000000000e+00	0.000000000000000000e+00
1.316380000000000000e+05	8.831000000000000000e+03	4.400000000000000000e+01	2.560630092483125608e+01	2.378140133572793502e+01	9.995496000104475698e-01	6.658962779974053614e-01	0.000000000000000000e+00	1.000000000000000000e+00	0.000000000000000000e+00
1.316400000000000000e+05	8.579000000000000000e+03	6.200000000000000000e+01	2.006001897740699391e+01	2.489546967798720445e+01	9.655852254589603056e-01	9.337374119055745769e-01	0.000000000000000000e+00	1.000000000000000000e+00	0.000000000000000000e+00
1.316400000000000000e+05	8.686000000000000000e+03	6.500000000000000000e+01	2.003876445662116978e+01	2.308901951222809856e+01	5.908782350345229695e-01	7.183544967269712700e-01	0.000000000000000000e+00	1.000000000000000000e+00	0.000000000000000000e+00
1.316400000000000000e+05	8.704000000000000000e+03	5.300000000000000000e+01	1.981010249564206305e+01	2.673114621129207791e+01	8.727781918819663698e-01	7.144917028926228708e-01	0.000000000000000000e+00	1.000000000000000000e+00	0.000000000000000000e+00
1.316400000000000000e+05	8.720000000000000000e+03	6.400000000000000000e+01	2.005694035397401720e+01	2.532896825411503983e+01	6.941830771130514943e-01	8.685459770551712255e-01	0.000000000000000000e+00	1.000000000000000000e+00	0.000000000000000000e+00
1.316400000000000000e+05	8.722000000000000000e+03	7.000000000000000000e+01	2.005968225797580118e+01	2.524284711512194690e+01	6.634932691664284787e-01	6.696597970123949750e-01	0.000000000000000000e+00	1.000000000000000000e+00	0.000000000000000000e+00
1.316400000000000000e+05	8.808000000000000000e+03	5.700000000000000000e+01	1.993985691095544510e+01	2.477272061795775571e+01	6.648206661067818102e-01	8.617884756262423895e-01	0.000000000000000000e+00	1.000000000000000000e+00	0.000000000000000000e+00
1.316400000000000000e+05	8.812000000000000000e+03	5.400000000000000000e+01	2.004098628311441388e+01	2.790760933499647933e+01	8.741562052785059045e-01	7.992199705138274268e-01	0.000000000000000000e+00	1.000000000000000000e+00	0.000000000000000000e+00
1.316400000000000000e+05	8.815000000000000000e+03	5.300000000000000000e+01	2.018121551678037662e+01	2.619506219425344185e+01	9.165525289244874640e-01	7.597224304763491309e-01	0.000000000000000000e+00	1.000000000000000000e+00	0.000000000000000000e+00
1.316400000000000000e+05	8.816000000000000000e+03	6.400000000000000000e+01	2.009733188033949958e+01	2.533579796287590469e+01	7.323013489086670491e-01	9.005840274567878945e-01	0.000000000000000000e+00	1.000000000000000000e+00	0.000000000000000000e+00
1.316400000000000000e+05	8.817000000000000000e+03	6.300000000000000000e+01	2.006902039580196373e+01	2.368313966360831202e+01	6.787194231377479126e-01	8.610993791657958196e-01	0.000000000000000000e+00	1.000000000000000000e+00	0.000000000000000000e+00
1.316400000000000000e+05	8.823000000000000000e+03	6.000000000000000000e+01	1.983532923005501658e+01	2.594337157226174995e+01	8.038237293900866165e-01	9.823316778426953721e-01	0.000000000000000000e+00	1.000000000000000000e+00	0.000000000000000000e+00
1.316420000000000000e+05	8.579000000000000000e+03	4.000000000000000000e+01	2.499686234854008759e+01	2.508548779230537207e+01	6.072167331380933231e-01	7.384787477429445302e-01	0.000000000000000000e+00	1.000000000000000000e+00	0.000000000000000000e+00
1.316420000000000000e+05	8.725000000000000000e+03	4.400000000000000000e+01	2.503307203334822617e+01	2.408689363992603916e+01	7.310040722207903352e-01	6.378357195231818544e-01	0.000000000000000000e+00	1.000000000000000000e+00	0.000000000000000000e+00
1.316430000000000000e+05	8.579000000000000000e+03	4.800000000000000000e+01	2.743593519460634411e+01	2.479840844594152216e+01	7.301262111659658771e-01	8.605056594453946994e-01	0.000000000000000000e+00	1.000000000000000000e+00	0.000000000000000000e+00
1.316430000000000000e+05	8.699000000000000000e+03	3.300000000000000000e+01	2.734639013270709640e+01	2.429528310744509412e+01	6.936943628632856740e-01	9.692344101893924924e-01	0.000000000000000000e+00	1.000000000000000000e+00	0.000000000000000000e+00
1.316430000000000000e+05	8.704000000000000000e+03	4.100000000000000000e+01	2.736487031674318260e+01	2.719162624257314675e+01	7.341788107310213141e-01	7.293614665080790926e-01	0.000000000000000000e+00	1.000000000000000000e+00	0.000000000000000000e+00
1.316430000000000000e+05	8.711000000000000000e+03	4.400000000000000000e+01	2.760383360429011645e+01	2.235441815013908951e+01	5.807153232619046701e-01	7.152255964519637077e-01	0.000000000000000000e+00	1.000000000000000000e+00	0.000000000000000000e+00
1.316430000000000000e+05	8.718000000000000000e+03	4.300000000000000000e+01	2.725386937159977663e+01	2.374011714192259959e+01	7.930731389145884158e-01	6.143823000471012596e-01	0.000000000000000000e+00	1.000000000000000000e+00	0.000000000000000000e+00
1.316430000000000000e+05	8.720000000000000000e+03	4.600000000000000000e+01	2.740428965533735450e+01	2.546589683308969043e+01	9.779456481967543358e-01	9.727499130608413536e-01	0.000000000000000000e+00	1.000000000000000000e+00	0.000000000000000000e+00
1.316430000000000000e+05	8.722000000000000000e+03	4.800000000000000000e+01	2.745982958398439422e+01	2.521827468291020224e+01	7.238989516094640475e-01	7.010475197629530975e-01	0.000000000000000000e+00	1.000000000000000000e+00	0.000000000000000000e+00
1.316430000000000000e+05	8.725000000000000000e+03	4.000000000000000000e+01	2.752473898999958024e+01	2.403019795425402805e+01	6.940536713108369504e-01	6.251745321212877071e-01	0.000000000000000000e+00	1.000000000000000000e+00	0.000000000000000000e+00
1.316430000000000000e+05	8.812000000000000000e+03	4.300000000000000000e+01	2.737301162801960785e+01	2.830558295883841780e+01	6.966242207311019730e-01	8.248676287779960203e-01	0.000000000000000000e+00	1.000000000000000000e+00	0.000000000000000000e+00
1.316430000000000000e+05	8.814000000000000000e+03	3.900000000000000000e+01	2.737987461837654379e+01	2.386125075648250871e+01	6.680023807281877390e-01	8.150681047925388834e-01	0.000000000000000000e+00	1.000000000000000000e+00	0.000000000000000000e+00
1.316430000000000000e+05	8.815000000000000000e+03	3.000000000000000000e+01	2.757552332019029251e+01	2.612425890928261296e+01	5.793639393306063701e-01	7.081575085180673579e-01	0.000000000000000000e+00	1.000000000000000000e+00	0.000000000000000000e+00
1.316430000000000000e+05	8.816000000000000000e+03	3.300000000000000000e+01	2.762194421886508877e+01	2.501225769029387536e+01	5.391376529778765248e-01	9.776454024366232343e-01	0.000000000000000000e+00	1.000000000000000000e+00	0.000000000000000000e+00
1.316430000000000000e+05	8.817000000000000000e+03	3.600000000000000000e+01	2.753367385713430693e+01	2.354761184797813200e+01	7.336662347291011965e-01	8.691069437889843430e-01	0.000000000000000000e+00	1.000000000000000000e+00	0.000000000000000000e+00
1.316430000000000000e+05	8.823000000000000000e+03	4.700000000000000000e+01	2.736343509469449131e+01	2.623030143369006595e+01	9.014119448183687267e-01	8.992032948972251694e-01	0.000000000000000000e+00	1.000000000000000000e+00	0.000000000000000000e+00
1.316440000000000000e+05	8.579000000000000000e+03	5.300000000000000000e+01	2.120703688664069020e+01	2.480363990882625203e+01	6.270481276980259810e-01	8.161000308217051247e-01	0.000000000000000000e+00	1.000000000000000000e+00	0.000000000000000000e+00
1.316440000000000000e+05	8.685000000000000000e+03	5.800000000000000000e+01	2.110962546031804266e+01	2.458260977992465612e+01	9.127913121026550725e-01	6.460619491608576848e-01	0.000000000000000000e+00	1.000000000000000000e+00	0.000000000000000000e+00
1.316440000000000000e+05	8.695000000000000000e+03	7.300000000000000000e+01	2.121413314484490797e+01	2.148409401005838504e+01	8.366040644183152519e-01	8.628574844940366528e-01	0.000000000000000000e+00	1.000000000000000000e+00	0.000000000000000000e+00
1.316440000000000000e+05	8.704000000000000000e+03	5.700000000000000000e+01	2.118600997946288089e+01	2.697130765004258279e+01	7.758931262781130211e-01	7.669097393129125084e-01	0.000000000000000000e+00	1.000000000000000000e+00	0.000000000000000000e+00
1.316440000000000000e+05	8.705000000000000000e+03	6.200000000000000000e+01	2.116225306353392455e+01	2.365611852446395957e+01	9.122722787716317505e-01	8.559234212124378072e-01	0.000000000000000000e+00	1.000000000000000000e+00	0.000000000000000000e+00
1.316440000000000000e+05	8.712000000000000000e+03	6.000000000000000000e+01	2.119093085625675599e+01	2.424036582735579159e+01	7.626329544569199204e-01	7.104048612106506067e-01	0.000000000000000000e+00	1.000000000000000000e+00	0.000000000000000000e+00
1.316440000000000000e+05	8.718000000000000000e+03	7.300000000000000000e+01	2.102209697137403310e+01	2.384986534885663900e+01	7.741300097133972935e-01	8.526524673088795581e-01	0.000000000000000000e+00	1.000000000000000000e+00	0.000000000000000000e+00
1.316440000000000000e+05	8.816000000000000000e+03	5.400000000000000000e+01	2.097260902814567984e+01	2.518823908693096669e+01	6.919694285826125668e-01	7.056196794096736280e-01	0.000000000000000000e+00	1.000000000000000000e+00	0.000000000000000000e+00
1.316440000000000000e+05	8.817000000000000000e+03	6.600000000000000000e+01	2.117385755561189598e+01	2.383133616589626413e+01	1.035016015780205967e+00	7.649367657892002237e-01	0.000000000000000000e+00	1.000000000000000000e+00	0.000000000000000000e+00
1.316440000000000000e+05	8.828000000000000000e+03	5.800000000000000000e+01	2.104565214368235715e+01	2.476002437327829497e+01	6.751775254688395789e-01	9.894858747769901264e-01	0.000000000000000000e+00	1.000000000000000000e+00	0.000000000000000000e+00
1.316470000000000000e+05	8.577000000000000000e+03	5.900000000000000000e+01	2.536912654540598666e+01	2.397031485624199121e+01	8.631710485905946806e-01	8.032903092026695280e-01	0.000000000000000000e+00	1.000000000000000000e+00	0.000000000000000000e+00
1.316470000000000000e+05	8.579000000000000000e+03	6.700000000000000000e+01	2.557490164493121299e+01	2.476984893159997370e+01	6.915574866488334305e-01	8.344627538964625169e-01	0.000000000000000000e+00	1.000000000000000000e+00	0.000000000000000000e+00
1.316470000000000000e+05	8.581000000000000000e+03	5.600000000000000000e+01	2.583718829372453385e+01	2.248270203712242576e+01	7.586249669301173837e-01	1.004435048637641881e+00	0.000000000000000000e+00	1.000000000000000000e+00	0.000000000000000000e+00
1.316470000000000000e+05	8.583000000000000000e+03	7.100000000000000000e+01	2.559215464219492020e+01	2.411532806883847613e+01	8.118969150229210507e-01	9.446457911574769328e-01	0.000000000000000000e+00	1.000000000000000000e+00	0.000000000000000000e+00
1.316470000000000000e+05	8.584000000000000000e+03	5.400000000000000000e+01	2.569452663125795411e+01	2.120344387261086538e+01	7.222225297957350909e-01	7.504445284511136460e-01	0.000000000000000000e+00	1.000000000000000000e+00	0.000000000000000000e+00
1.316470000000000000e+05	8.585000000000000000e+03	5.100000000000000000e+01	2.569507062502636074e+01	2.363534826603084582e+01	7.924615426132803897e-01	7.647765939726421935e-01	0.000000000000000000e+00	1.000000000000000000e+00	0.000000000000000000e+00
1.316470000000000000e+05	8.586000000000000000e+03	6.000000000000000000e+01	2.559613686021310031e+01	2.442658223628556513e+01	6.986104562058349510e-01	6.770198514987716409e-01	0.000000000000000000e+00	1.000000000000000000e+00	0.000000000000000000e+00
1.316470000000000000e+05	8.588000000000000000e+03	4.900000000000000000e+01	2.554096541249300145e+01	2.337027186872704121e+01	1.006659823706756107e+00	6.835179440625075431e-01	0.000000000000000000e+00	1.000000000000000000e+00	0.000000000000000000e+00
1.316470000000000000e+05	8.589000000000000000e+03	5.300000000000000000e+01	2.566446032923198572e+01	2.181116213467107912e+01	6.562367047695411015e-01	6.999143371953870929e-01	0.000000000000000000e+00	1.000000000000000000e+00	0.000000000000000000e+00
1.316470000000000000e+05	8.594000000000000000e+03	5.800000000000000000e+01	2.576922233271972473e+01	2.133446806234104542e+01	8.080171677160613575e-01	9.231328481192547786e-01	0.000000000000000000e+00	1.000000000000000000e+00	0.000000000000000000e+00
1.316470000000000000e+05	8.597000000000000000e+03	6.400000000000000000e+01	2.533991458505965966e+01	2.217902969113900369e+01	8.832965653082412993e-01	1.013067712946761123e+00	0.000000000000000000e+00	1.000000000000000000e+00	0.000000000000000000e+00
1.316470000000000000e+05	8.598000000000000000e+03	4.900000000000000000e+01	2.576428393218668234e+01	2.214096712816793300e+01	8.118643606860963535e-01	7.810614760887764074e-01	0.000000000000000000e+00	1.000000000000000000e+00	0.000000000000000000e+00
1.316470000000000000e+05	8.604000000000000000e+03	4.100000000000000000e+01	2.562436693523683573e+01	2.248120094312912798e+01	7.888944396351624810e-01	8.000490831676969616e-01	0.000000000000000000e+00	1.000000000000000000e+00	0.000000000000000000e+00
1.316470000000000000e+05	8.677000000000000000e+03	4.600000000000000000e+01	2.561428594249602853e+01	2.489539778190371777e+01	8.374133815718056706e-01	7.611769814451335714e-01	0.000000000000000000e+00	1.000000000000000000e+00	0.000000000000000000e+00
1.316470000000000000e+05	8.681000000000000000e+03	4.400000000000000000e+01	2.566271701049542031e+01	2.420653639594585371e+01	7.019634078483064643e-01	9.786243522923326887e-01	0.000000000000000000e+00	1.000000000000000000e+00	0.000000000000000000e+00
1.316470000000000000e+05	8.685000000000000000e+03	5.900000000000000000e+01	2.572694040818064209e+01	2.442937163697309444e+01	7.656965675237669133e-01	6.285305394386356825e-01	0.000000000000000000e+00	1.000000000000000000e+00	0.000000000000000000e+00
1.316470000000000000e+05	8.686000000000000000e+03	6.600000000000000000e+01	2.551245758846893708e+01	2.270852300441251259e+01	8.654120258112063535e-01	7.505827942466087865e-01	0.000000000000000000e+00	1.000000000000000000e+00	0.000000000000000000e+00
1.316470000000000000e+05	8.687000000000000000e+03	5.500000000000000000e+01	2.568290311667963266e+01	2.119263868581999688e+01	7.870510373291125239e-01	7.092998357973357981e-01	0.000000000000000000e+00	1.000000000000000000e+00	0.000000000000000000e+00
1.316470000000000000e+05	8.688000000000000000e+03	7.400000000000000000e+01	2.572979436339822712e+01	2.221315337991490324e+01	6.793220920822767850e-01	1.016173245482750120e+00	0.000000000000000000e+00	1.000000000000000000e+00	0.000000000000000000e+00
1.316470000000000000e+05	8.689000000000000000e+03	6.400000000000000000e+01	2.567488067539782293e+01	2.240367051811367816e+01	6.991544812761898431e-01	9.213190430868615222e-01	0.000000000000000000e+00	1.000000000000000000e+00	0.000000000000000000e+00
1.316470000000000000e+05	8.693000000000000000e+03	4.600000000000000000e+01	2.559767913529025662e+01	2.232049183118561686e+01	7.750881650846676019e-01	7.084699506713392214e-01	0.000000000000000000e+00	1.000000000000000000e+00	0.000000000000000000e+00
1.316470000000000000e+05	8.694000000000000000e+03	6.100000000000000000e+01	2.516592825121459853e+01	2.089549477383709331e+01	9.904795709274910598e-01	9.166629266645301977e-01	0.000000000000000000e+00	1.000000000000000000e+00	0.000000000000000000e+00
1.316470000000000000e+05	8.695000000000000000e+03	6.600000000000000000e+01	2.541410561626392095e+01	2.144999736250655431e+01	8.175733339148129053e-01	1.044769287130175028e+00	0.000000000000000000e+00	1.000000000000000000e+00	0.000000000000000000e+00
1.316470000000000000e+05	8.698000000000000000e+03	4.400000000000000000e+01	2.579265107873033713e+01	2.354061286075308601e+01	9.443479276721792326e-01	6.738725745450344640e-01	0.000000000000000000e+00	1.000000000000000000e+00	0.000000000000000000e+00
1.316470000000000000e+05	8.700000000000000000e+03	5.500000000000000000e+01	2.555770559770463635e+01	2.063055059496771904e+01	6.025719512497113017e-01	8.093616102114128408e-01	0.000000000000000000e+00	1.000000000000000000e+00	0.000000000000000000e+00
1.316470000000000000e+05	8.703000000000000000e+03	5.300000000000000000e+01	2.568378224743248595e+01	2.378370085673469703e+01	6.745641251325903420e-01	6.965857796709975513e-01	0.000000000000000000e+00	1.000000000000000000e+00	0.000000000000000000e+00
1.316470000000000000e+05	8.704000000000000000e+03	6.900000000000000000e+01	2.553744941210118569e+01	2.688049289141913789e+01	8.459060331322026949e-01	9.678384774396739942e-01	0.000000000000000000e+00	1.000000000000000000e+00	0.000000000000000000e+00
1.316470000000000000e+05	8.706000000000000000e+03	4.600000000000000000e+01	2.564803600428644970e+01	2.435710228746485839e+01	8.574544205229637228e-01	8.030506935698612514e-01	0.000000000000000000e+00	1.000000000000000000e+00	0.000000000000000000e+00
1.316470000000000000e+05	8.707000000000000000e+03	7.100000000000000000e+01	2.545224385761951780e+01	2.308782090075257898e+01	1.157732392776917862e+00	7.642926534264364857e-01	0.000000000000000000e+00	1.000000000000000000e+00	0.000000000000000000e+00
1.316470000000000000e+05	8.708000000000000000e+03	4.200000000000000000e+01	2.575896453588065427e+01	2.443066074003236920e+01	6.968195647508387269e-01	8.279955281368642783e-01	0.000000000000000000e+00	1.000000000000000000e+00	0.000000000000000000e+00
1.316470000000000000e+05	8.709000000000000000e+03	5.100000000000000000e+01	2.542684977423154891e+01	2.521902569042599396e+01	1.042311863337139322e+00	1.028805992979637596e+00	0.000000000000000000e+00	1.000000000000000000e+00	0.000000000000000000e+00
1.316470000000000000e+05	8.711000000000000000e+03	6.300000000000000000e+01	2.554978385494137427e+01	2.248408864323108602e+01	5.229539538647847152e-01	5.882358737771422597e-01	0.000000000000000000e+00	1.000000000000000000e+00	0.000000000000000000e+00
1.316470000000000000e+05	8.712000000000000000e+03	5.100000000000000000e+01	2.560089706454115799e+01	2.420338732671982740e+01	5.840123988399404942e-01	7.737429238812544297e-01	0.000000000000000000e+00	1.000000000000000000e+00	0.000000000000000000e+00
1.316470000000000000e+05	8.714000000000000000e+03	5.600000000000000000e+01	2.553302787936236129e+01	2.344871953299246314e+01	1.089717879869375405e+00	7.079614358420140974e-01	0.000000000000000000e+00	1.000000000000000000e+00	0.000000000000000000e+00
1.316470000000000000e+05	8.716000000000000000e+03	4.000000000000000000e+01	2.543353308284902425e+01	2.430213808234974948e+01	8.297637123261554226e-01	6.318106432056127542e-01	0.000000000000000000e+00	1.000000000000000000e+00	0.000000000000000000e+00
1.316470000000000000e+05	8.717000000000000000e+03	4.200000000000000000e+01	2.566600969358889017e+01	2.423310784692073128e+01	7.816686547296881615e-01	8.821334630794429588e-01	0.000000000000000000e+00	1.000000000000000000e+00	0.000000000000000000e+00
1.316470000000000000e+05	8.718000000000000000e+03	4.400000000000000000e+01	2.555755095720488157e+01	2.364973691845471748e+01	6.245355897306004156e-01	6.667229137439835140e-01	0.000000000000000000e+00	1.000000000000000000e+00	0.000000000000000000e+00
1.316470000000000000e+05	8.719000000000000000e+03	3.500000000000000000e+01	2.556004439575451670e+01	2.482453880961078241e+01	5.838500785362230605e-01	6.015651041329667104e-01	0.000000000000000000e+00	1.000000000000000000e+00	0.000000000000000000e+00
1.316470000000000000e+05	8.720000000000000000e+03	6.600000000000000000e+01	2.550387324997941718e+01	2.564621717485832875e+01	6.561204067036694454e-01	9.164320795773833739e-01	0.000000000000000000e+00	1.000000000000000000e+00	0.000000000000000000e+00
1.316470000000000000e+05	8.721000000000000000e+03	4.200000000000000000e+01	2.569573048900691603e+01	2.542228385771815624e+01	7.334149134389973401e-01	6.497989732090381221e-01	0.000000000000000000e+00	1.000000000000000000e+00	0.000000000000000000e+00
1.316470000000000000e+05	8.722000000000000000e+03	6.200000000000000000e+01	2.560269701913365381e+01	2.474773368666497575e+01	6.875076860244775379e-01	8.395380808144969897e-01	0.000000000000000000e+00	1.000000000000000000e+00	0.000000000000000000e+00
1.316470000000000000e+05	8.723000000000000000e+03	6.000000000000000000e+01	2.549097653716807343e+01	2.529843830174609920e+01	6.958764431733228673e-01	8.296355860764320633e-01	0.000000000000000000e+00	1.000000000000000000e+00	0.000000000000000000e+00
1.316470000000000000e+05	8.724000000000000000e+03	6.000000000000000000e+01	2.550715782460486381e+01	2.497825572886950596e+01	8.658804626310749875e-01	9.105670495394114772e-01	0.000000000000000000e+00	1.000000000000000000e+00	0.000000000000000000e+00
1.316470000000000000e+05	8.725000000000000000e+03	5.500000000000000000e+01	2.559675994321199610e+01	2.389529749988765062e+01	7.936878321960743055e-01	7.099489273985197801e-01	0.000000000000000000e+00	1.000000000000000000e+00	0.000000000000000000e+00
1.316470000000000000e+05	8.726000000000000000e+03	6.200000000000000000e+01	2.562643379722695869e+01	2.392581632952758142e+01	8.519376572325768615e-01	9.848114440882834719e-01	0.000000000000000000e+00	1.000000000000000000e+00	0.000000000000000000e+00
1.316470000000000000e+05	8.727000000000000000e+03	4.500000000000000000e+01	2.561207453479203622e+01	2.716974235504114077e+01	1.001966099210593653e+00	7.131685244954313330e-01	0.000000000000000000e+00	1.000000000000000000e+00	0.000000000000000000e+00
1.316470000000000000e+05	8.728000000000000000e+03	3.700000000000000000e+01	2.557230689811023083e+01	2.524573084677878754e+01	6.319659896977479763e-01	8.086208165463958375e-01	0.000000000000000000e+00	1.000000000000000000e+00	0.000000000000000000e+00
1.316470000000000000e+05	8.808000000000000000e+03	4.600000000000000000e+01	2.553314818171524436e+01	2.476702537647259206e+01	9.093291082810160963e-01	5.911127759479619659e-01	0.000000000000000000e+00	1.000000000000000000e+00	0.000000000000000000e+00
1.316470000000000000e+05	8.809000000000000000e+03	4.400000000000000000e+01	2.539171506564163394e+01	2.401794202607294082e+01	1.035541870135171294e+00	6.161571389463015302e-01	0.000000000000000000e+00	1.000000000000000000e+00	0.000000000000000000e+00
1.316470000000000000e+05	8.810000000000000000e+03	5.300000000000000000e+01	2.565708536930163675e+01	2.710152528635191516e+01	5.884052862922269922e-01	1.229986732569702479e+00	0.000000000000000000e+00	1.000000000000000000e+00	0.000000000000000000e+00
1.316470000000000000e+05	8.811000000000000000e+03	4.800000000000000000e+01	2.554004898381916533e+01	2.644386434468031410e+01	7.951095596657683506e-01	7.034850729186948870e-01	0.000000000000000000e+00	1.000000000000000000e+00	0.000000000000000000e+00
1.316470000000000000e+05	8.812000000000000000e+03	5.800000000000000000e+01	2.556076386301057113e+01	2.805447890923685961e+01	8.023355942155885323e-01	7.788990231189654168e-01	0.000000000000000000e+00	1.000000000000000000e+00	0.000000000000000000e+00
1.316470000000000000e+05	8.813000000000000000e+03	4.800000000000000000e+01	2.572258680671725628e+01	2.593885241221195059e+01	8.087272302687354975e-01	5.575766912505342177e-01	0.000000000000000000e+00	1.000000000000000000e+00	0.000000000000000000e+00
1.316470000000000000e+05	8.814000000000000000e+03	6.000000000000000000e+01	2.574131892638604668e+01	2.395657971263094765e+01	8.736702339024456920e-01	7.925123893084744520e-01	0.000000000000000000e+00	1.000000000000000000e+00	0.000000000000000000e+00
1.316470000000000000e+05	8.815000000000000000e+03	4.700000000000000000e+01	2.558487632316102278e+01	2.615080805819028598e+01	6.899118774240595720e-01	8.434638875396269775e-01	0.000000000000000000e+00	1.000000000000000000e+00	0.000000000000000000e+00
1.316470000000000000e+05	8.816000000000000000e+03	6.400000000000000000e+01	2.550524959998012875e+01	2.508745471145092054e+01	8.800332591762790591e-01	1.034608492208214825e+00	0.000000000000000000e+00	1.000000000000000000e+00	0.000000000000000000e+00
1.316470000000000000e+05	8.817000000000000000e+03	6.000000000000000000e+01	2.574564919646547168e+01	2.368728655880233447e+01	6.304834959467300326e-01	8.030113170048656102e-01	0.000000000000000000e+00	1.000000000000000000e+00	0.000000000000000000e+00
1.316470000000000000e+05	8.819000000000000000e+03	3.200000000000000000e+01	2.561999886161635231e+01	2.470753491704833138e+01	6.683033060753527099e-01	6.515958069671864417e-01	0.000000000000000000e+00	1.000000000000000000e+00	0.000000000000000000e+00
1.316470000000000000e+05	8.820000000000000000e+03	3.900000000000000000e+01	2.547966632222091121e+01	2.348435689704102103e+01	7.501068927643598228e-01	9.914740251478556532e-01	0.000000000000000000e+00	1.000000000000000000e+00	0.000000000000000000e+00
1.316470000000000000e+05	8.821000000000000000e+03	5.500000000000000000e+01	2.550636416154539177e+01	2.398763585296033085e+01	9.191520131657495707e-01	7.507785699564282211e-01	0.000000000000000000e+00	1.000000000000000000e+00	0.000000000000000000e+00
1.316470000000000000e+05	8.822000000000000000e+03	5.800000000000000000e+01	2.550710416359503441e+01	2.522014052148864494e+01	7.025012907577702359e-01	8.227458604479489512e-01	0.000000000000000000e+00	1.000000000000000000e+00	0.000000000000000000e+00
1.316470000000000000e+05	8.823000000000000000e+03	5.900000000000000000e+01	2.552792207686699655e+01	2.611781454336222197e+01	8.135740945725201678e-01	8.039752728009247340e-01	0.000000000000000000e+00	1.000000000000000000e+00	0.000000000000000000e+00
1.316470000000000000e+05	8.824000000000000000e+03	6.000000000000000000e+01	2.553664532476221538e+01	2.411259883887507272e+01	9.998779950224081503e-01	8.035311561705529293e-01	0.000000000000000000e+00	1.000000000000000000e+00	0.000000000000000000e+00
1.316470000000000000e+05	8.825000000000000000e+03	4.000000000000000000e+01	2.558220945535391877e+01	2.613074770394667823e+01	7.502756892355039176e-01	9.285932092451917308e-01	0.000000000000000000e+00	1.000000000000000000e+00	0.000000000000000000e+00
1.316470000000000000e+05	8.827000000000000000e+03	4.600000000000000000e+01	2.574945836812297273e+01	2.506706472838460087e+01	7.479542971288827280e-01	8.665659331129152987e-01	0.000000000000000000e+00	1.000000000000000000e+00	0.000000000000000000e+00
1.316470000000000000e+05	8.828000000000000000e+03	7.100000000000000000e+01	2.553831116144914049e+01	2.499229897413339430e+01	8.026145466988131583e-01	8.099094416947795194e-01	0.000000000000000000e+00	1.000000000000000000e+00	0.000000000000000000e+00
1.316470000000000000e+05	8.829000000000000000e+03	5.000000000000000000e+01	2.571175492966388632e+01	2.536223590154703089e+01	8.942622633467051108e-01	9.096141434641474843e-01	0.000000000000000000e+00	1.000000000000000000e+00	0.000000000000000000e+00
1.316470000000000000e+05	8.831000000000000000e+03	5.800000000000000000e+01	2.566436521540357063e+01	2.368230668606726042e+01	6.783357674311740748e-01	8.185744984593795737e-01	0.000000000000000000e+00	1.000000000000000000e+00	0.000000000000000000e+00
1.316480000000000000e+05	8.579000000000000000e+03	6.100000000000000000e+01	2.411139969426453433e+01	2.457672156387471318e+01	1.074976547212604494e+00	9.697688797661727644e-01	0.000000000000000000e+00	1.000000000000000000e+00	0.000000000000000000e+00
1.316480000000000000e+05	8.583000000000000000e+03	6.400000000000000000e+01	2.395366940578793802e+01	2.387042719361958376e+01	1.213645506565534493e+00	9.813195974296016200e-01	0.000000000000000000e+00	1.000000000000000000e+00	0.000000000000000000e+00
1.316480000000000000e+05	8.594000000000000000e+03	6.600000000000000000e+01	2.418353878914891908e+01	2.115673989511367381e+01	1.076242862255186061e+00	9.367914589891374044e-01	0.000000000000000000e+00	1.000000000000000000e+00	0.000000000000000000e+00
1.316480000000000000e+05	8.689000000000000000e+03	6.500000000000000000e+01	2.411666979666884458e+01	2.250916382979342245e+01	1.134948787226423228e+00	8.317756492358348019e-01	0.000000000000000000e+00	1.000000000000000000e+00	0.000000000000000000e+00
1.316480000000000000e+05	8.699000000000000000e+03	5.900000000000000000e+01	2.433695476652274436e+01	2.454222234367926347e+01	9.852520484911778675e-01	1.033435592103233436e+00	0.000000000000000000e+00	1.000000000000000000e+00	0.000000000000000000e+00
1.316480000000000000e+05	8.703000000000000000e+03	8.100000000000000000e+01	2.373818620625279152e+01	2.382392203437049361e+01	1.503196216526497597e+00	8.802065111203004610e-01	0.000000000000000000e+00	1.000000000000000000e+00	0.000000000000000000e+00
1.316480000000000000e+05	8.704000000000000000e+03	6.500000000000000000e+01	2.423575530932062705e+01	2.672428625215064102e+01	1.069973867060350026e+00	7.987606795931757597e-01	0.000000000000000000e+00	1.000000000000000000e+00	0.000000000000000000e+00
1.316480000000000000e+05	8.706000000000000000e+03	4.700000000000000000e+01	2.398065082724880881e+01	2.456512136677667613e+01	9.081199659926222356e-01	7.852865980805436852e-01	0.000000000000000000e+00	1.000000000000000000e+00	0.000000000000000000e+00
1.316480000000000000e+05	8.707000000000000000e+03	5.700000000000000000e+01	2.410404362805331502e+01	2.305968013958220908e+01	1.083088930415818218e+00	6.894903279869403212e-01	0.000000000000000000e+00	1.000000000000000000e+00	0.000000000000000000e+00
1.316480000000000000e+05	8.711000000000000000e+03	6.100000000000000000e+01	2.406351260126902858e+01	2.229219246722667336e+01	9.320635401764233441e-01	6.685784519071764631e-01	0.000000000000000000e+00	1.000000000000000000e+00	0.000000000000000000e+00
1.316480000000000000e+05	8.712000000000000000e+03	6.500000000000000000e+01	2.414747045275765558e+01	2.407753766211458313e+01	1.014338677919753406e+00	9.854101324289197272e-01	0.000000000000000000e+00	1.000000000000000000e+00	0.000000000000000000e+00
1.316480000000000000e+05	8.713000000000000000e+03	5.700000000000000000e+01	2.399482089139129215e+01	2.428079880476374086e+01	7.704032706298103994e-01	1.145627169091428588e+00	0.000000000000000000e+00	1.000000000000000000e+00	0.000000000000000000e+00
1.316480000000000000e+05	8.716000000000000000e+03	4.800000000000000000e+01	2.388162753103011227e+01	2.443592145732037579e+01	1.191236763436105850e+00	7.374844502016220105e-01	0.000000000000000000e+00	1.000000000000000000e+00	0.000000000000000000e+00
1.316480000000000000e+05	8.719000000000000000e+03	6.000000000000000000e+01	2.405137461189169201e+01	2.431777045232154322e+01	1.027340737507110413e+00	9.744092718998000890e-01	0.000000000000000000e+00	1.000000000000000000e+00	0.000000000000000000e+00
1.316480000000000000e+05	8.720000000000000000e+03	7.500000000000000000e+01	2.410396734037200162e+01	2.559897642520626349e+01	1.134658140443031815e+00	9.023397981078573604e-01	0.000000000000000000e+00	1.000000000000000000e+00	0.000000000000000000e+00
1.316480000000000000e+05	8.721000000000000000e+03	4.800000000000000000e+01	2.432230670383355431e+01	2.514276650402349844e+01	8.938930051457135706e-01	9.377363457175634798e-01	0.000000000000000000e+00	1.000000000000000000e+00	0.000000000000000000e+00
1.316480000000000000e+05	8.722000000000000000e+03	4.700000000000000000e+01	2.399565666114619589e+01	2.535856885956587092e+01	8.549523029161132381e-01	7.546275945160162424e-01	0.000000000000000000e+00	1.000000000000000000e+00	0.000000000000000000e+00
1.316480000000000000e+05	8.723000000000000000e+03	5.200000000000000000e+01	2.415480516795109978e+01	2.543209398181489789e+01	1.069574967960946976e+00	6.148993784963766585e-01	0.000000000000000000e+00	1.000000000000000000e+00	0.000000000000000000e+00
1.316480000000000000e+05	8.724000000000000000e+03	6.300000000000000000e+01	2.441656932837545213e+01	2.478937766872486392e+01	1.040451765834331299e+00	8.267697881050986020e-01	0.000000000000000000e+00	1.000000000000000000e+00	0.000000000000000000e+00
1.316480000000000000e+05	8.725000000000000000e+03	5.800000000000000000e+01	2.417488367023628726e+01	2.398467272801601524e+01	8.826614818262072948e-01	8.003613928303312530e-01	0.000000000000000000e+00	1.000000000000000000e+00	0.000000000000000000e+00
1.316480000000000000e+05	8.726000000000000000e+03	4.700000000000000000e+01	2.404280311651784885e+01	2.406970259594244865e+01	7.650602688106894478e-01	8.080071100872544543e-01	0.000000000000000000e+00	1.000000000000000000e+00	0.000000000000000000e+00
1.316480000000000000e+05	8.815000000000000000e+03	4.900000000000000000e+01	2.413815269577974476e+01	2.595555323270156478e+01	1.155564992760507392e+00	8.348660530811460312e-01	0.000000000000000000e+00	1.000000000000000000e+00	0.000000000000000000e+00
1.316480000000000000e+05	8.816000000000000000e+03	6.600000000000000000e+01	2.403828573652690181e+01	2.510669339995451566e+01	1.249205986030925919e+00	1.103691277903428025e+00	0.000000000000000000e+00	1.000000000000000000e+00	0.000000000000000000e+00
1.316480000000000000e+05	8.817000000000000000e+03	6.700000000000000000e+01	2.411646661687991511e+01	2.389878566386548542e+01	1.029491866370981334e+00	6.110605282045675768e-01	0.000000000000000000e+00	1.000000000000000000e+00	0.000000000000000000e+00
1.316480000000000000e+05	8.820000000000000000e+03	5.200000000000000000e+01	2.398985718898847708e+01	2.343204859387430972e+01	1.044228845503806458e+00	8.301189503276719117e-01	0.000000000000000000e+00	1.000000000000000000e+00	0.000000000000000000e+00
1.316480000000000000e+05	8.823000000000000000e+03	6.100000000000000000e+01	2.402402619490724334e+01	2.590202276957367644e+01	1.008244971522895383e+00	8.447839611092339274e-01	0.000000000000000000e+00	1.000000000000000000e+00	0.000000000000000000e+00
1.316480000000000000e+05	8.824000000000000000e+03	5.700000000000000000e+01	2.398606645093195766e+01	2.415597822818672924e+01	7.969145079314381430e-01	8.656758816783671762e-01	0.000000000000000000e+00	1.000000000000000000e+00	0.000000000000000000e+00
1.316480000000000000e+05	8.828000000000000000e+03	7.100000000000000000e+01	2.387780702816454692e+01	2.491366902379333581e+01	9.591814328734232786e-01	1.027573970868051356e+00	0.000000000000000000e+00	1.000000000000000000e+00	0.000000000000000000e+00
1.316490000000000000e+05	8.577000000000000000e+03	4.500000000000000000e+01	2.614880537896983626e+01	2.402250668659638677e+01	5.378323867554952731e-01	5.969454771241575752e-01	0.000000000000000000e+00	1.000000000000000000e+00	0.000000000000000000e+00
1.316490000000000000e+05	8.579000000000000000e+03	5.800000000000000000e+01	2.623902134630333549e+01	2.505978175976066069e+01	8.383282669034551882e-01	7.888879611003686287e-01	0.000000000000000000e+00	1.000000000000000000e+00	0.000000000000000000e+00
1.316490000000000000e+05	8.594000000000000000e+03	5.200000000000000000e+01	2.620560267772758678e+01	2.111536062936301050e+01	7.696072648410016148e-01	9.510938907130652709e-01	0.000000000000000000e+00	1.000000000000000000e+00	0.000000000000000000e+00
1.316490000000000000e+05	8.686000000000000000e+03	4.400000000000000000e+01	2.631557627605563709e+01	2.291145895477104233e+01	5.482522442245729710e-01	8.314069630062830285e-01	0.000000000000000000e+00	1.000000000000000000e+00	0.000000000000000000e+00
1.316490000000000000e+05	8.687000000000000000e+03	4.800000000000000000e+01	2.613179366717344365e+01	2.137188615188016882e+01	7.052432913562629579e-01	7.170300828766562606e-01	0.000000000000000000e+00	1.000000000000000000e+00	0.000000000000000000e+00
1.316490000000000000e+05	8.688000000000000000e+03	4.100000000000000000e+01	2.612144072403994599e+01	2.200036003663890227e+01	6.205024945009475212e-01	1.376593710458953845e+00	0.000000000000000000e+00	1.000000000000000000e+00	0.000000000000000000e+00
1.316490000000000000e+05	8.695000000000000000e+03	5.700000000000000000e+01	2.611196564230655781e+01	2.170910228334659209e+01	8.666954495939819259e-01	7.902631048680489600e-01	0.000000000000000000e+00	1.000000000000000000e+00	0.000000000000000000e+00
1.316490000000000000e+05	8.703000000000000000e+03	4.700000000000000000e+01	2.603070265000813066e+01	2.383829252898414097e+01	6.658194396929804082e-01	9.778888169301483968e-01	0.000000000000000000e+00	1.000000000000000000e+00	0.000000000000000000e+00
1.316490000000000000e+05	8.704000000000000000e+03	5.300000000000000000e+01	2.602346342242303479e+01	2.684784549936982856e+01	8.951388664066818324e-01	9.652344953803314587e-01	0.000000000000000000e+00	1.000000000000000000e+00	0.000000000000000000e+00
1.316490000000000000e+05	8.705000000000000000e+03	3.200000000000000000e+01	2.630402101615254296e+01	2.403055359362983268e+01	5.283782365693644456e-01	8.354237757387069641e-01	0.000000000000000000e+00	1.000000000000000000e+00	0.000000000000000000e+00
1.316490000000000000e+05	8.707000000000000000e+03	5.100000000000000000e+01	2.599057875604060186e+01	2.307147433017803451e+01	8.249668135269943026e-01	1.144545324357497673e+00	0.000000000000000000e+00	1.000000000000000000e+00	0.000000000000000000e+00
1.316490000000000000e+05	8.712000000000000000e+03	4.300000000000000000e+01	2.618919559030944910e+01	2.436035773314081254e+01	7.447125163742415177e-01	7.668781658761826270e-01	0.000000000000000000e+00	1.000000000000000000e+00	0.000000000000000000e+00
1.316490000000000000e+05	8.718000000000000000e+03	5.800000000000000000e+01	2.607592723481550578e+01	2.373884298820595617e+01	8.172975000345034102e-01	8.129948910352364777e-01	0.000000000000000000e+00	1.000000000000000000e+00	0.000000000000000000e+00
1.316490000000000000e+05	8.719000000000000000e+03	3.800000000000000000e+01	2.622803635737352224e+01	2.466315621166636518e+01	5.510533006520611510e-01	6.065828246167465077e-01	0.000000000000000000e+00	1.000000000000000000e+00	0.000000000000000000e+00
1.316490000000000000e+05	8.720000000000000000e+03	4.000000000000000000e+01	2.627141059111092147e+01	2.559364889133129140e+01	6.014322663242176459e-01	8.746260260208099657e-01	0.000000000000000000e+00	1.000000000000000000e+00	0.000000000000000000e+00
1.316490000000000000e+05	8.721000000000000000e+03	4.700000000000000000e+01	2.614764439697022524e+01	2.531549040432030395e+01	9.116396063661755811e-01	7.844634396882387284e-01	0.000000000000000000e+00	1.000000000000000000e+00	0.000000000000000000e+00
1.316490000000000000e+05	8.722000000000000000e+03	4.000000000000000000e+01	2.620103803882667393e+01	2.514116990128472651e+01	7.952725994204140614e-01	8.093004279987114913e-01	0.000000000000000000e+00	1.000000000000000000e+00	0.000000000000000000e+00
1.316490000000000000e+05	8.724000000000000000e+03	4.200000000000000000e+01	2.634951236250982376e+01	2.490647612187829552e+01	6.699131354486576040e-01	6.919461209811440527e-01	0.000000000000000000e+00	1.000000000000000000e+00	0.000000000000000000e+00
1.316490000000000000e+05	8.725000000000000000e+03	5.200000000000000000e+01	2.625749100114699885e+01	2.417176305583200602e+01	6.426422783099361435e-01	7.649617911349902988e-01	0.000000000000000000e+00	1.000000000000000000e+00	0.000000000000000000e+00
1.316490000000000000e+05	8.727000000000000000e+03	3.800000000000000000e+01	2.630535170182087867e+01	2.709873251760946644e+01	6.389912281609955169e-01	8.831476837029931248e-01	0.000000000000000000e+00	1.000000000000000000e+00	0.000000000000000000e+00
1.316490000000000000e+05	8.810000000000000000e+03	3.700000000000000000e+01	2.625936782465660002e+01	2.751230670209679730e+01	5.354176271376586138e-01	7.135531460624275901e-01	0.000000000000000000e+00	1.000000000000000000e+00	0.000000000000000000e+00
1.316490000000000000e+05	8.814000000000000000e+03	4.000000000000000000e+01	2.632422796748522131e+01	2.381115287631752508e+01	5.665843710861308002e-01	8.861164847502093211e-01	0.000000000000000000e+00	1.000000000000000000e+00	0.000000000000000000e+00
1.316490000000000000e+05	8.816000000000000000e+03	5.500000000000000000e+01	2.633268125811208193e+01	2.501839289762006402e+01	8.762083261628527131e-01	1.133931996076653181e+00	0.000000000000000000e+00	1.000000000000000000e+00	0.000000000000000000e+00
1.316490000000000000e+05	8.817000000000000000e+03	4.500000000000000000e+01	2.626871460205031994e+01	2.373641722265145404e+01	5.424059557770489759e-01	8.540519889018080013e-01	0.000000000000000000e+00	1.000000000000000000e+00	0.000000000000000000e+00
1.316490000000000000e+05	8.819000000000000000e+03	3.900000000000000000e+01	2.625224729147793923e+01	2.461378194532115060e+01	8.429827354500665226e-01	8.963647258270093232e-01	0.000000000000000000e+00	1.000000000000000000e+00	0.000000000000000000e+00
1.316490000000000000e+05	8.823000000000000000e+03	4.200000000000000000e+01	2.603148690206661797e+01	2.609749125064106678e+01	8.417782211648618951e-01	8.256223044479149564e-01	0.000000000000000000e+00	1.000000000000000000e+00	0.000000000000000000e+00
1.316490000000000000e+05	8.824000000000000000e+03	4.700000000000000000e+01	2.621730284416056023e+01	2.394586029182384124e+01	7.805007980538097856e-01	8.562197970392575463e-01	0.000000000000000000e+00	1.000000000000000000e+00	0.000000000000000000e+00
1.316490000000000000e+05	8.831000000000000000e+03	4.300000000000000000e+01	2.642904530463365020e+01	2.374647154585526820e+01	7.053446213914025265e-01	6.892872289369365024e-01	0.000000000000000000e+00	1.000000000000000000e+00	0.000000000000000000e+00
1.316500000000000000e+05	8.718000000000000000e+03	3.800000000000000000e+01	2.838408982024655458e+01	2.393471530666598923e+01	7.129220811433154559e-01	5.547712694982993575e-01	0.000000000000000000e+00	1.000000000000000000e+00	0.000000000000000000e+00
1.316500000000000000e+05	8.722000000000000000e+03	3.900000000000000000e+01	2.829717017134678514e+01	2.513683621776052846e+01	6.061460693494421514e-01	6.243300754233791494e-01	0.000000000000000000e+00	1.000000000000000000e+00	0.000000000000000000e+00
1.316500000000000000e+05	8.828000000000000000e+03	4.000000000000000000e+01	2.823688720115380235e+01	2.509914871638248712e+01	7.132794606021334305e-01	1.030133150640451634e+00	0.000000000000000000e+00	1.000000000000000000e+00	0.000000000000000000e+00
1.316510000000000000e+05	8.576000000000000000e+03	5.300000000000000000e+01	2.372508186437811162e+01	2.215754101464514036e+01	8.135220141420236306e-01	1.094172192625328277e+00	0.000000000000000000e+00	1.000000000000000000e+00	0.000000000000000000e+00
1.316510000000000000e+05	8.579000000000000000e+03	5.100000000000000000e+01	2.351069701609990048e+01	2.469756048000641258e+01	8.786256531073837195e-01	9.045453288494963440e-01	0.000000000000000000e+00	1.000000000000000000e+00	0.000000000000000000e+00
1.316510000000000000e+05	8.583000000000000000e+03	5.200000000000000000e+01	2.360721340323707196e+01	2.406488886832607577e+01	6.223714879179105264e-01	9.685199521377167997e-01	0.000000000000000000e+00	1.000000000000000000e+00	0.000000000000000000e+00
1.316510000000000000e+05	8.689000000000000000e+03	5.100000000000000000e+01	2.377729309233416188e+01	2.256097095282495246e+01	8.129695737570123981e-01	6.788503786774846560e-01	0.000000000000000000e+00	1.000000000000000000e+00	0.000000000000000000e+00
1.316510000000000000e+05	8.700000000000000000e+03	6.100000000000000000e+01	2.365039753096317909e+01	2.031127984115065388e+01	8.371914125670438800e-01	7.951509368646122455e-01	0.000000000000000000e+00	1.000000000000000000e+00	0.000000000000000000e+00
1.316510000000000000e+05	8.704000000000000000e+03	4.300000000000000000e+01	2.366369587294578736e+01	2.704351353641103728e+01	7.628837959788656864e-01	7.733485186585933313e-01	0.000000000000000000e+00	1.000000000000000000e+00	0.000000000000000000e+00
1.316510000000000000e+05	8.711000000000000000e+03	5.700000000000000000e+01	2.394452904827884154e+01	2.221345007965383545e+01	6.638273193828958529e-01	8.299784675864189110e-01	0.000000000000000000e+00	1.000000000000000000e+00	0.000000000000000000e+00
1.316510000000000000e+05	8.718000000000000000e+03	4.500000000000000000e+01	2.394140006359454986e+01	2.383303449370236748e+01	5.645703870410244685e-01	9.140039197061720078e-01	0.000000000000000000e+00	1.000000000000000000e+00	0.000000000000000000e+00
1.316510000000000000e+05	8.720000000000000000e+03	3.800000000000000000e+01	2.365039159730322638e+01	2.564109100740765612e+01	9.610966809878224160e-01	7.042183667084113141e-01	0.000000000000000000e+00	1.000000000000000000e+00	0.000000000000000000e+00
1.316510000000000000e+05	8.722000000000000000e+03	4.500000000000000000e+01	2.350882077848164542e+01	2.510974700485343547e+01	7.567726468094528869e-01	8.369008030922702179e-01	0.000000000000000000e+00	1.000000000000000000e+00	0.000000000000000000e+00
1.316510000000000000e+05	8.724000000000000000e+03	4.500000000000000000e+01	2.351751868007877988e+01	2.450702057080371787e+01	8.050726174455351547e-01	7.323073642438101549e-01	0.000000000000000000e+00	1.000000000000000000e+00	0.000000000000000000e+00
1.316510000000000000e+05	8.725000000000000000e+03	5.000000000000000000e+01	2.369298845679158916e+01	2.416174591377992797e+01	7.203182920218009766e-01	8.170031474829264617e-01	0.000000000000000000e+00	1.000000000000000000e+00	0.000000000000000000e+00
1.316510000000000000e+05	8.727000000000000000e+03	3.400000000000000000e+01	2.363461716854840589e+01	2.716323956901316095e+01	7.772829058760495347e-01	6.184651996289457498e-01	0.000000000000000000e+00	1.000000000000000000e+00	0.000000000000000000e+00
1.316510000000000000e+05	8.812000000000000000e+03	4.100000000000000000e+01	2.380567376795839607e+01	2.822447645109605219e+01	7.036070098201223644e-01	7.589330438216145280e-01	0.000000000000000000e+00	1.000000000000000000e+00	0.000000000000000000e+00
1.316510000000000000e+05	8.814000000000000000e+03	3.500000000000000000e+01	2.354009481521109848e+01	2.392988538415164612e+01	6.819011095930757049e-01	5.182397782206530357e-01	0.000000000000000000e+00	1.000000000000000000e+00	0.000000000000000000e+00
1.316510000000000000e+05	8.816000000000000000e+03	4.400000000000000000e+01	2.379854737985021984e+01	2.518693509691366472e+01	7.936460863794639886e-01	1.001215635590472663e+00	0.000000000000000000e+00	1.000000000000000000e+00	0.000000000000000000e+00
1.316510000000000000e+05	8.817000000000000000e+03	5.000000000000000000e+01	2.395524070465795319e+01	2.380010276677823455e+01	5.119335559331777974e-01	5.954720332083875967e-01	0.000000000000000000e+00	1.000000000000000000e+00	0.000000000000000000e+00
1.316510000000000000e+05	8.823000000000000000e+03	6.000000000000000000e+01	2.377928433399697639e+01	2.606452204438571485e+01	6.915501032633770695e-01	8.076044456631948920e-01	0.000000000000000000e+00	1.000000000000000000e+00	0.000000000000000000e+00
1.316510000000000000e+05	8.824000000000000000e+03	4.500000000000000000e+01	2.359078887548316672e+01	2.426372350300522029e+01	8.616155263869228476e-01	9.177485613299505296e-01	0.000000000000000000e+00	1.000000000000000000e+00	0.000000000000000000e+00
1.316510000000000000e+05	8.828000000000000000e+03	5.900000000000000000e+01	2.358652090603684570e+01	2.482451578042338980e+01	7.698974248184388136e-01	1.088049261764736819e+00	0.000000000000000000e+00	1.000000000000000000e+00	0.000000000000000000e+00
1.316520000000000000e+05	8.704000000000000000e+03	3.800000000000000000e+01	2.439482267412237704e+01	2.711649755509216675e+01	7.232169501828475955e-01	7.718609968454697157e-01	0.000000000000000000e+00	1.000000000000000000e+00	0.000000000000000000e+00
1.316530000000000000e+05	8.576000000000000000e+03	7.100000000000000000e+01	2.193739404583842401e+01	2.245884582877617319e+01	8.739677939029883991e-01	9.368074954633927032e-01	0.000000000000000000e+00	1.000000000000000000e+00	0.000000000000000000e+00
1.316530000000000000e+05	8.579000000000000000e+03	6.600000000000000000e+01	2.186550206725042855e+01	2.484529343934132228e+01	9.476523720319867117e-01	8.716185823220501394e-01	0.000000000000000000e+00	1.000000000000000000e+00	0.000000000000000000e+00
1.316530000000000000e+05	8.583000000000000000e+03	5.200000000000000000e+01	2.189630330638376066e+01	2.406790514168684325e+01	8.007936100442363259e-01	7.689313620357592916e-01	0.000000000000000000e+00	1.000000000000000000e+00	0.000000000000000000e+00
1.316530000000000000e+05	8.677000000000000000e+03	5.700000000000000000e+01	2.177986271408167340e+01	2.454064936176908418e+01	7.230047940695991660e-01	8.756742966678860984e-01	0.000000000000000000e+00	1.000000000000000000e+00	0.000000000000000000e+00
1.316530000000000000e+05	8.687000000000000000e+03	7.500000000000000000e+01	2.196701262513577646e+01	2.112761570489344010e+01	8.359949046026814434e-01	9.267289558250668691e-01	0.000000000000000000e+00	1.000000000000000000e+00	0.000000000000000000e+00
1.316530000000000000e+05	8.703000000000000000e+03	6.400000000000000000e+01	2.195966322069799759e+01	2.374436982165205379e+01	6.979727148877575837e-01	7.617793449856221644e-01	0.000000000000000000e+00	1.000000000000000000e+00	0.000000000000000000e+00
1.316530000000000000e+05	8.712000000000000000e+03	6.000000000000000000e+01	2.186144327289859746e+01	2.417360882587255944e+01	9.366975803119059751e-01	7.689451135574759677e-01	0.000000000000000000e+00	1.000000000000000000e+00	0.000000000000000000e+00
1.316530000000000000e+05	8.718000000000000000e+03	6.900000000000000000e+01	2.181233755969025268e+01	2.395272283101660804e+01	6.585357302155050441e-01	8.578463842707887421e-01	0.000000000000000000e+00	1.000000000000000000e+00	0.000000000000000000e+00
1.316530000000000000e+05	8.720000000000000000e+03	4.800000000000000000e+01	2.204864888655191635e+01	2.571465171311123399e+01	6.561432105208426790e-01	8.035433487057204172e-01	0.000000000000000000e+00	1.000000000000000000e+00	0.000000000000000000e+00
1.316530000000000000e+05	8.722000000000000000e+03	7.400000000000000000e+01	2.187457180547480817e+01	2.516262877575732659e+01	7.977568459943839008e-01	6.555317178336725892e-01	0.000000000000000000e+00	1.000000000000000000e+00	0.000000000000000000e+00
1.316530000000000000e+05	8.723000000000000000e+03	5.200000000000000000e+01	2.193057536194892165e+01	2.525821289280633408e+01	9.663033402328512489e-01	6.810423366502440512e-01	0.000000000000000000e+00	1.000000000000000000e+00	0.000000000000000000e+00
1.316530000000000000e+05	8.724000000000000000e+03	6.100000000000000000e+01	2.203567632233011153e+01	2.497602030064053835e+01	8.046661780383940199e-01	7.197255968691856909e-01	0.000000000000000000e+00	1.000000000000000000e+00	0.000000000000000000e+00
1.316530000000000000e+05	8.727000000000000000e+03	4.000000000000000000e+01	2.183123884405710413e+01	2.704741582598057548e+01	7.740076048921061824e-01	6.281974290618990153e-01	0.000000000000000000e+00	1.000000000000000000e+00	0.000000000000000000e+00
1.316530000000000000e+05	8.814000000000000000e+03	6.000000000000000000e+01	2.201765879656560188e+01	2.413369927004501747e+01	6.905503301270945471e-01	6.943096752158939289e-01	0.000000000000000000e+00	1.000000000000000000e+00	0.000000000000000000e+00
1.316530000000000000e+05	8.815000000000000000e+03	4.700000000000000000e+01	2.194360636270850407e+01	2.650765631703285052e+01	9.093069696399498358e-01	6.574533659314740763e-01	0.000000000000000000e+00	1.000000000000000000e+00	0.000000000000000000e+00
1.316530000000000000e+05	8.822000000000000000e+03	5.500000000000000000e+01	2.211079580198643768e+01	2.504441901400335269e+01	7.852637104317954364e-01	9.370394191544749729e-01	0.000000000000000000e+00	1.000000000000000000e+00	0.000000000000000000e+00
1.316530000000000000e+05	8.823000000000000000e+03	6.900000000000000000e+01	2.195415224980104085e+01	2.600645495646893579e+01	9.098201850041066630e-01	7.166788324911582686e-01	0.000000000000000000e+00	1.000000000000000000e+00	0.000000000000000000e+00
1.316530000000000000e+05	8.824000000000000000e+03	6.300000000000000000e+01	2.194532821043395288e+01	2.406642973080608883e+01	6.582960139197723270e-01	8.643896271914296436e-01	0.000000000000000000e+00	1.000000000000000000e+00	0.000000000000000000e+00
1.316530000000000000e+05	8.828000000000000000e+03	7.800000000000000000e+01	2.177671353599512472e+01	2.488594467892242079e+01	7.644697873310913883e-01	8.997802973784736480e-01	0.000000000000000000e+00	1.000000000000000000e+00	0.000000000000000000e+00
1.316540000000000000e+05	8.583000000000000000e+03	3.700000000000000000e+01	2.698578463500529168e+01	2.425113875594919932e+01	9.203090391357827693e-01	8.829673339456703962e-01	0.000000000000000000e+00	1.000000000000000000e+00	0.000000000000000000e+00
1.316540000000000000e+05	8.586000000000000000e+03	4.400000000000000000e+01	2.690247644092940504e+01	2.424029858845268848e+01	7.513370223703347284e-01	1.000779542543164924e+00	0.000000000000000000e+00	1.000000000000000000e+00	0.000000000000000000e+00
1.316540000000000000e+05	8.597000000000000000e+03	5.400000000000000000e+01	2.692653236453276833e+01	2.223312166299746551e+01	6.910965124154777595e-01	9.865917275240907447e-01	0.000000000000000000e+00	1.000000000000000000e+00	0.000000000000000000e+00
1.316540000000000000e+05	8.704000000000000000e+03	3.900000000000000000e+01	2.669480468843249810e+01	2.685958608612446952e+01	6.724822974017701238e-01	9.139312372143661989e-01	0.000000000000000000e+00	1.000000000000000000e+00	0.000000000000000000e+00
1.316540000000000000e+05	8.707000000000000000e+03	4.700000000000000000e+01	2.661486290612409533e+01	2.322894447849978405e+01	6.560420255906399545e-01	6.351939188621837928e-01	0.000000000000000000e+00	1.000000000000000000e+00	0.000000000000000000e+00
1.316540000000000000e+05	8.720000000000000000e+03	4.100000000000000000e+01	2.675968944460290899e+01	2.568281915161892925e+01	7.951436668783945505e-01	8.075704057872470365e-01	0.000000000000000000e+00	1.000000000000000000e+00	0.000000000000000000e+00
1.316540000000000000e+05	8.722000000000000000e+03	3.000000000000000000e+01	2.699676845872604147e+01	2.511237449625992468e+01	7.186802789072749276e-01	6.107049151969968781e-01	0.000000000000000000e+00	1.000000000000000000e+00	0.000000000000000000e+00
1.316540000000000000e+05	8.724000000000000000e+03	4.400000000000000000e+01	2.668758194283955021e+01	2.486384573144002985e+01	7.384313132968873816e-01	7.959061131796897337e-01	0.000000000000000000e+00	1.000000000000000000e+00	0.000000000000000000e+00
1.316540000000000000e+05	8.725000000000000000e+03	4.500000000000000000e+01	2.654333649305296561e+01	2.421827370054189288e+01	9.188220462001559508e-01	9.950212101124898956e-01	0.000000000000000000e+00	1.000000000000000000e+00	0.000000000000000000e+00
1.316540000000000000e+05	8.727000000000000000e+03	2.900000000000000000e+01	2.682320367060530941e+01	2.708939175225900087e+01	7.454195454922203368e-01	7.615615382964491253e-01	0.000000000000000000e+00	1.000000000000000000e+00	0.000000000000000000e+00
1.316540000000000000e+05	8.810000000000000000e+03	2.900000000000000000e+01	2.686892747720581909e+01	2.717852644200980805e+01	8.555545089720731911e-01	7.677488205225970752e-01	0.000000000000000000e+00	1.000000000000000000e+00	0.000000000000000000e+00
1.316540000000000000e+05	8.813000000000000000e+03	4.100000000000000000e+01	2.676785587626535801e+01	2.561518117664665439e+01	6.338506418071858661e-01	9.605572758868662353e-01	0.000000000000000000e+00	1.000000000000000000e+00	0.000000000000000000e+00
1.316540000000000000e+05	8.814000000000000000e+03	4.600000000000000000e+01	2.676886190107373764e+01	2.377153458239812167e+01	7.918352737631771943e-01	7.915034011388754065e-01	0.000000000000000000e+00	1.000000000000000000e+00	0.000000000000000000e+00
1.316540000000000000e+05	8.816000000000000000e+03	4.200000000000000000e+01	2.682281843750764594e+01	2.516948608057366243e+01	8.325120005516888355e-01	1.071598542612913318e+00	0.000000000000000000e+00	1.000000000000000000e+00	0.000000000000000000e+00
1.316540000000000000e+05	8.817000000000000000e+03	4.700000000000000000e+01	2.681362508656978250e+01	2.364650524753825067e+01	7.672331902114566393e-01	7.057725978725246652e-01	0.000000000000000000e+00	1.000000000000000000e+00	0.000000000000000000e+00
1.316540000000000000e+05	8.824000000000000000e+03	4.000000000000000000e+01	2.690055099719784693e+01	2.420348115137186440e+01	5.724576820322010429e-01	9.226512687953759562e-01	0.000000000000000000e+00	1.000000000000000000e+00	0.000000000000000000e+00
1.316540000000000000e+05	8.828000000000000000e+03	4.800000000000000000e+01	2.666718954751667425e+01	2.499505922918739387e+01	7.562180899662228617e-01	7.598147243215022106e-01	0.000000000000000000e+00	1.000000000000000000e+00	0.000000000000000000e+00
1.316550000000000000e+05	8.576000000000000000e+03	5.900000000000000000e+01	2.811340202117168374e+01	2.234609801887617664e+01	9.609954044949738927e-01	9.377174399777422620e-01	0.000000000000000000e+00	1.000000000000000000e+00	0.000000000000000000e+00
1.316550000000000000e+05	8.577000000000000000e+03	4.000000000000000000e+01	2.800091545130505821e+01	2.387103719520916911e+01	6.412228720901496093e-01	8.555810866266104764e-01	0.000000000000000000e+00	1.000000000000000000e+00	0.000000000000000000e+00
1.316550000000000000e+05	8.579000000000000000e+03	4.800000000000000000e+01	2.792405968010704598e+01	2.498159036944515776e+01	9.479231200031875693e-01	8.308800750820908299e-01	0.000000000000000000e+00	1.000000000000000000e+00	0.000000000000000000e+00
1.316550000000000000e+05	8.580000000000000000e+03	3.300000000000000000e+01	2.833069307000638304e+01	2.462340374413991739e+01	6.197331261546130676e-01	8.108338537602677309e-01	0.000000000000000000e+00	1.000000000000000000e+00	0.000000000000000000e+00
1.316550000000000000e+05	8.582000000000000000e+03	3.400000000000000000e+01	2.808872170660161771e+01	2.593929172095641889e+01	7.610080109537432635e-01	6.177154094091374947e-01	0.000000000000000000e+00	1.000000000000000000e+00	0.000000000000000000e+00
1.316550000000000000e+05	8.583000000000000000e+03	5.200000000000000000e+01	2.797764445778711107e+01	2.412632271684232066e+01	5.551641940818218268e-01	1.045788281496622840e+00	0.000000000000000000e+00	1.000000000000000000e+00	0.000000000000000000e+00
1.316550000000000000e+05	8.584000000000000000e+03	5.300000000000000000e+01	2.811442309335706824e+01	2.109922459448215193e+01	6.928376213869381628e-01	8.152455864044307887e-01	0.000000000000000000e+00	1.000000000000000000e+00	0.000000000000000000e+00
1.316550000000000000e+05	8.585000000000000000e+03	4.700000000000000000e+01	2.800598897257329867e+01	2.372137048930507319e+01	8.755884066451922187e-01	8.815811333973168074e-01	0.000000000000000000e+00	1.000000000000000000e+00	0.000000000000000000e+00
1.316550000000000000e+05	8.586000000000000000e+03	5.100000000000000000e+01	2.785453837860888981e+01	2.420106701922513892e+01	7.754897436921517340e-01	7.559964146686145581e-01	0.000000000000000000e+00	1.000000000000000000e+00	0.000000000000000000e+00
1.316550000000000000e+05	8.591000000000000000e+03	6.200000000000000000e+01	2.785147361611451444e+01	2.107069107298064736e+01	6.668155828652544415e-01	8.410263656041396807e-01	0.000000000000000000e+00	1.000000000000000000e+00	0.000000000000000000e+00
1.316550000000000000e+05	8.592000000000000000e+03	5.000000000000000000e+01	2.817233198912948211e+01	1.927241862698452124e+01	7.188837296091823426e-01	7.841380422418334772e-01	0.000000000000000000e+00	1.000000000000000000e+00	0.000000000000000000e+00
1.316550000000000000e+05	8.593000000000000000e+03	4.700000000000000000e+01	2.813027382383540953e+01	2.420728302096497231e+01	8.663072401856417581e-01	7.681985279282285140e-01	0.000000000000000000e+00	1.000000000000000000e+00	0.000000000000000000e+00
1.316550000000000000e+05	8.594000000000000000e+03	7.000000000000000000e+01	2.809508889163545575e+01	2.112060027860818678e+01	7.032184517008590596e-01	9.029112044291095485e-01	0.000000000000000000e+00	1.000000000000000000e+00	0.000000000000000000e+00
1.316550000000000000e+05	8.595000000000000000e+03	4.900000000000000000e+01	2.805944592827305684e+01	2.201039640379596918e+01	9.452481115245620069e-01	7.638893094550822660e-01	0.000000000000000000e+00	1.000000000000000000e+00	0.000000000000000000e+00
1.316550000000000000e+05	8.597000000000000000e+03	6.600000000000000000e+01	2.783165312349028753e+01	2.230071383293224230e+01	5.891936203124018556e-01	8.181641817079717827e-01	0.000000000000000000e+00	1.000000000000000000e+00	0.000000000000000000e+00
1.316550000000000000e+05	8.599000000000000000e+03	5.300000000000000000e+01	2.800493163863614754e+01	2.249156420965555014e+01	8.949516501241024935e-01	7.969278286887229168e-01	0.000000000000000000e+00	1.000000000000000000e+00	0.000000000000000000e+00
1.316550000000000000e+05	8.600000000000000000e+03	4.200000000000000000e+01	2.795365333009969433e+01	2.369773517219324788e+01	6.241783092948460787e-01	9.269115191017202049e-01	0.000000000000000000e+00	1.000000000000000000e+00	0.000000000000000000e+00
1.316550000000000000e+05	8.601000000000000000e+03	4.900000000000000000e+01	2.828351094907999652e+01	2.224659468807804785e+01	8.838446682149128097e-01	7.369502123948676875e-01	0.000000000000000000e+00	1.000000000000000000e+00	0.000000000000000000e+00
1.316550000000000000e+05	8.604000000000000000e+03	4.600000000000000000e+01	2.804428469202705188e+01	2.258148290899374544e+01	8.078009431500519089e-01	7.624549064443346680e-01	0.000000000000000000e+00	1.000000000000000000e+00	0.000000000000000000e+00
1.316550000000000000e+05	8.609000000000000000e+03	4.200000000000000000e+01	2.796681724170162653e+01	2.307386183218969222e+01	6.971050222328806223e-01	7.318139204484505056e-01	0.000000000000000000e+00	1.000000000000000000e+00	0.000000000000000000e+00
1.316550000000000000e+05	8.651000000000000000e+03	3.800000000000000000e+01	2.797288121752743351e+01	2.394094646690410499e+01	7.833485391136219000e-01	5.775725008494675405e-01	0.000000000000000000e+00	1.000000000000000000e+00	0.000000000000000000e+00
1.316550000000000000e+05	8.677000000000000000e+03	4.400000000000000000e+01	2.797288871228736440e+01	2.448487712158470941e+01	6.063253053712207574e-01	1.144981679770955108e+00	0.000000000000000000e+00	1.000000000000000000e+00	0.000000000000000000e+00
1.316550000000000000e+05	8.680000000000000000e+03	5.200000000000000000e+01	2.783676312018948096e+01	2.098903208906173745e+01	7.906244783884988081e-01	5.649545890488422151e-01	0.000000000000000000e+00	1.000000000000000000e+00	0.000000000000000000e+00
1.316550000000000000e+05	8.681000000000000000e+03	5.000000000000000000e+01	2.802959782900753538e+01	2.451738441069229779e+01	8.907852233179643919e-01	7.262892093209075695e-01	0.000000000000000000e+00	1.000000000000000000e+00	0.000000000000000000e+00
1.316550000000000000e+05	8.683000000000000000e+03	4.400000000000000000e+01	2.811167255216166083e+01	2.323179532189620033e+01	6.097390160640989709e-01	8.339687200450677240e-01	0.000000000000000000e+00	1.000000000000000000e+00	0.000000000000000000e+00
1.316550000000000000e+05	8.685000000000000000e+03	6.000000000000000000e+01	2.814927034328271915e+01	2.449098031079277504e+01	9.487193959353684702e-01	9.489477851146017606e-01	0.000000000000000000e+00	1.000000000000000000e+00	0.000000000000000000e+00
1.316550000000000000e+05	8.686000000000000000e+03	4.900000000000000000e+01	2.812153053369410216e+01	2.287594745270067165e+01	6.531867760636249631e-01	7.718644264539241684e-01	0.000000000000000000e+00	1.000000000000000000e+00	0.000000000000000000e+00
1.316550000000000000e+05	8.688000000000000000e+03	5.600000000000000000e+01	2.778524500986867452e+01	2.227980638145824344e+01	8.664718805022616488e-01	1.026269780504886597e+00	0.000000000000000000e+00	1.000000000000000000e+00	0.000000000000000000e+00
1.316550000000000000e+05	8.689000000000000000e+03	5.700000000000000000e+01	2.806148340001701413e+01	2.245536073858367487e+01	6.007258234487388160e-01	1.035648412685626019e+00	0.000000000000000000e+00	1.000000000000000000e+00	0.000000000000000000e+00
1.316550000000000000e+05	8.691000000000000000e+03	5.400000000000000000e+01	2.819797872898069002e+01	2.063954407478288999e+01	8.061279646210030014e-01	7.534537004855957898e-01	0.000000000000000000e+00	1.000000000000000000e+00	0.000000000000000000e+00
1.316550000000000000e+05	8.693000000000000000e+03	6.500000000000000000e+01	2.786940964688142230e+01	2.238449842525391631e+01	9.037972736102962701e-01	7.886645583601356035e-01	0.000000000000000000e+00	1.000000000000000000e+00	0.000000000000000000e+00
1.316550000000000000e+05	8.695000000000000000e+03	5.300000000000000000e+01	2.823376728967595994e+01	2.148427358356038042e+01	6.956859006687557967e-01	6.840354482807140535e-01	0.000000000000000000e+00	1.000000000000000000e+00	0.000000000000000000e+00
1.316550000000000000e+05	8.700000000000000000e+03	7.200000000000000000e+01	2.810664111546033439e+01	2.033494767676625159e+01	9.519305730866042259e-01	9.962497050178542590e-01	0.000000000000000000e+00	1.000000000000000000e+00	0.000000000000000000e+00
1.316550000000000000e+05	8.701000000000000000e+03	4.300000000000000000e+01	2.782373447807576383e+01	2.315433985104790438e+01	6.898720852664090852e-01	8.539632708572968411e-01	0.000000000000000000e+00	1.000000000000000000e+00	0.000000000000000000e+00
1.316550000000000000e+05	8.703000000000000000e+03	6.300000000000000000e+01	2.797900991051312047e+01	2.379619128253644433e+01	8.223498494132659431e-01	1.074843243984271668e+00	0.000000000000000000e+00	1.000000000000000000e+00	0.000000000000000000e+00
1.316550000000000000e+05	8.704000000000000000e+03	6.300000000000000000e+01	2.778903706951982855e+01	2.699565997151468721e+01	1.076865468007869753e+00	8.348388894043923258e-01	0.000000000000000000e+00	1.000000000000000000e+00	0.000000000000000000e+00
1.316550000000000000e+05	8.705000000000000000e+03	4.800000000000000000e+01	2.804972952814176068e+01	2.394868214746976420e+01	5.513791144797466348e-01	9.609573134064274269e-01	0.000000000000000000e+00	1.000000000000000000e+00	0.000000000000000000e+00
1.316550000000000000e+05	8.707000000000000000e+03	6.300000000000000000e+01	2.792878825513609087e+01	2.308681633636490460e+01	8.044898345193329803e-01	9.351698774630836652e-01	0.000000000000000000e+00	1.000000000000000000e+00	0.000000000000000000e+00
1.316550000000000000e+05	8.709000000000000000e+03	4.400000000000000000e+01	2.799393924356771635e+01	2.533894773027726188e+01	5.359296312270084295e-01	7.739444919167213222e-01	0.000000000000000000e+00	1.000000000000000000e+00	0.000000000000000000e+00
1.316550000000000000e+05	8.710000000000000000e+03	3.400000000000000000e+01	2.818497215213677265e+01	2.399636600974454836e+01	8.688657479656910487e-01	5.591345650037408133e-01	0.000000000000000000e+00	1.000000000000000000e+00	0.000000000000000000e+00
1.316550000000000000e+05	8.711000000000000000e+03	6.200000000000000000e+01	2.786934056495078238e+01	2.223153777840859391e+01	9.445929007151925294e-01	7.324353294144699822e-01	0.000000000000000000e+00	1.000000000000000000e+00	0.000000000000000000e+00
1.316550000000000000e+05	8.712000000000000000e+03	4.500000000000000000e+01	2.772382610163259642e+01	2.440744140296360953e+01	1.067375801639010691e+00	7.814434205873285189e-01	0.000000000000000000e+00	1.000000000000000000e+00	0.000000000000000000e+00
1.316550000000000000e+05	8.714000000000000000e+03	6.100000000000000000e+01	2.797892302079987914e+01	2.352101023466412499e+01	7.618623503466933622e-01	9.215056996590038629e-01	0.000000000000000000e+00	1.000000000000000000e+00	0.000000000000000000e+00
1.316550000000000000e+05	8.715000000000000000e+03	4.600000000000000000e+01	2.814665252519464289e+01	2.347738337756779003e+01	8.938956307562055947e-01	1.101433451979490830e+00	0.000000000000000000e+00	1.000000000000000000e+00	0.000000000000000000e+00
1.316550000000000000e+05	8.716000000000000000e+03	4.200000000000000000e+01	2.785984161150683391e+01	2.426499170265546468e+01	7.676684747396023134e-01	6.963636765254118677e-01	0.000000000000000000e+00	1.000000000000000000e+00	0.000000000000000000e+00
1.316550000000000000e+05	8.717000000000000000e+03	3.500000000000000000e+01	2.815313938255257398e+01	2.447856982807806503e+01	7.341196074346632017e-01	5.568514469902189346e-01	0.000000000000000000e+00	1.000000000000000000e+00	0.000000000000000000e+00
1.316550000000000000e+05	8.718000000000000000e+03	7.200000000000000000e+01	2.795511072665770058e+01	2.371502819683873398e+01	8.315226358217119307e-01	8.594823881653190778e-01	0.000000000000000000e+00	1.000000000000000000e+00	0.000000000000000000e+00
1.316550000000000000e+05	8.719000000000000000e+03	4.400000000000000000e+01	2.795353460451076089e+01	2.467868463343989660e+01	8.480787524321229398e-01	7.182003736686466411e-01	0.000000000000000000e+00	1.000000000000000000e+00	0.000000000000000000e+00
1.316550000000000000e+05	8.720000000000000000e+03	5.000000000000000000e+01	2.799474603520418370e+01	2.563308503835160934e+01	7.864384886206203795e-01	9.292229412886574558e-01	0.000000000000000000e+00	1.000000000000000000e+00	0.000000000000000000e+00
1.316550000000000000e+05	8.721000000000000000e+03	4.700000000000000000e+01	2.811511890024743465e+01	2.552332226168250884e+01	1.043166230211306500e+00	7.249239825978102125e-01	0.000000000000000000e+00	1.000000000000000000e+00	0.000000000000000000e+00
1.316550000000000000e+05	8.722000000000000000e+03	5.800000000000000000e+01	2.794977559363186259e+01	2.526737390685551432e+01	6.767926590914576934e-01	7.349881337146592086e-01	0.000000000000000000e+00	1.000000000000000000e+00	0.000000000000000000e+00
1.316550000000000000e+05	8.724000000000000000e+03	3.800000000000000000e+01	2.778174811502301367e+01	2.474866209280142826e+01	7.663503136016069917e-01	7.518475662303351070e-01	0.000000000000000000e+00	1.000000000000000000e+00	0.000000000000000000e+00
1.316550000000000000e+05	8.725000000000000000e+03	5.600000000000000000e+01	2.809084168991360997e+01	2.390336922170828160e+01	8.615507831550411888e-01	7.684890448789895023e-01	0.000000000000000000e+00	1.000000000000000000e+00	0.000000000000000000e+00
1.316550000000000000e+05	8.726000000000000000e+03	4.800000000000000000e+01	2.791769671004457365e+01	2.400772622676481660e+01	8.065449820227548194e-01	8.487784557762780846e-01	0.000000000000000000e+00	1.000000000000000000e+00	0.000000000000000000e+00
1.316550000000000000e+05	8.727000000000000000e+03	5.300000000000000000e+01	2.795323514897171080e+01	2.704239431273684247e+01	8.686453185800319110e-01	5.863909812669951815e-01	0.000000000000000000e+00	1.000000000000000000e+00	0.000000000000000000e+00
1.316550000000000000e+05	8.728000000000000000e+03	3.500000000000000000e+01	2.808578662026801709e+01	2.540688069312277264e+01	7.272938861362958640e-01	5.926268499905310572e-01	0.000000000000000000e+00	1.000000000000000000e+00	0.000000000000000000e+00
1.316550000000000000e+05	8.729000000000000000e+03	4.800000000000000000e+01	2.806165280859648803e+01	2.345250214717911419e+01	8.210922056260162583e-01	7.248135053056471433e-01	0.000000000000000000e+00	1.000000000000000000e+00	0.000000000000000000e+00
1.316550000000000000e+05	8.730000000000000000e+03	3.600000000000000000e+01	2.790813656309899571e+01	2.436884919694482221e+01	7.398467107080641814e-01	7.588050064617446466e-01	0.000000000000000000e+00	1.000000000000000000e+00	0.000000000000000000e+00
1.316550000000000000e+05	8.732000000000000000e+03	4.600000000000000000e+01	2.821720319971704782e+01	2.308833629237074092e+01	7.710021474594610513e-01	8.008043617922521173e-01	0.000000000000000000e+00	1.000000000000000000e+00	0.000000000000000000e+00
1.316550000000000000e+05	8.733000000000000000e+03	3.900000000000000000e+01	2.817437892581669345e+01	2.461768250041626516e+01	6.391834029313575583e-01	7.722558530741325811e-01	0.000000000000000000e+00	1.000000000000000000e+00	0.000000000000000000e+00
1.316550000000000000e+05	8.735000000000000000e+03	3.200000000000000000e+01	2.801833217613792471e+01	2.418029208536696828e+01	6.298294398963835139e-01	9.380921647004122343e-01	0.000000000000000000e+00	1.000000000000000000e+00	0.000000000000000000e+00
1.316550000000000000e+05	8.777000000000000000e+03	4.400000000000000000e+01	2.802980828618429143e+01	2.523116604950763175e+01	6.942622741255620733e-01	7.365232575881803800e-01	0.000000000000000000e+00	1.000000000000000000e+00	0.000000000000000000e+00
1.316550000000000000e+05	8.801000000000000000e+03	3.500000000000000000e+01	2.817716193764092125e+01	2.444808446989828710e+01	8.933298128232259883e-01	8.579451431694682384e-01	0.000000000000000000e+00	1.000000000000000000e+00	0.000000000000000000e+00
1.316550000000000000e+05	8.803000000000000000e+03	4.600000000000000000e+01	2.819583467569983881e+01	2.424193335720975639e+01	7.862398422001521947e-01	1.213331482675654716e+00	0.000000000000000000e+00	1.000000000000000000e+00	0.000000000000000000e+00
1.316550000000000000e+05	8.805000000000000000e+03	5.200000000000000000e+01	2.796715019902071830e+01	2.561631490213926909e+01	6.201715453186508187e-01	6.934874702461982787e-01	0.000000000000000000e+00	1.000000000000000000e+00	0.000000000000000000e+00
1.316550000000000000e+05	8.806000000000000000e+03	3.400000000000000000e+01	2.787603399951607486e+01	2.828013620245743098e+01	1.355930815968678482e+00	6.714054972710822300e-01	0.000000000000000000e+00	1.000000000000000000e+00	0.000000000000000000e+00
1.316550000000000000e+05	8.807000000000000000e+03	4.500000000000000000e+01	2.784694055921186617e+01	2.354043575145670175e+01	7.351175409580102960e-01	8.017395317042761427e-01	0.000000000000000000e+00	1.000000000000000000e+00	0.000000000000000000e+00
1.316550000000000000e+05	8.808000000000000000e+03	4.400000000000000000e+01	2.788459777967527842e+01	2.477512750657630036e+01	7.617815691289739899e-01	9.068158882451343716e-01	0.000000000000000000e+00	1.000000000000000000e+00	0.000000000000000000e+00
1.316550000000000000e+05	8.809000000000000000e+03	4.400000000000000000e+01	2.809075252708525738e+01	2.399401841276530689e+01	7.271931160614282241e-01	7.785927364239429993e-01	0.000000000000000000e+00	1.000000000000000000e+00	0.000000000000000000e+00
1.316550000000000000e+05	8.810000000000000000e+03	5.300000000000000000e+01	2.780880795998784905e+01	2.749350747105123460e+01	8.151385033308862216e-01	8.571655511496066859e-01	0.000000000000000000e+00	1.000000000000000000e+00	0.000000000000000000e+00
1.316550000000000000e+05	8.811000000000000000e+03	4.900000000000000000e+01	2.801544442099904941e+01	2.636471784684806607e+01	9.950146565685330513e-01	8.298790924767277533e-01	0.000000000000000000e+00	1.000000000000000000e+00	0.000000000000000000e+00
1.316550000000000000e+05	8.812000000000000000e+03	6.300000000000000000e+01	2.810265010333372970e+01	2.811178069959689552e+01	8.863080422392047852e-01	9.794986820715096965e-01	0.000000000000000000e+00	1.000000000000000000e+00	0.000000000000000000e+00
1.316550000000000000e+05	8.813000000000000000e+03	4.900000000000000000e+01	2.802278000986291673e+01	2.604388041648754282e+01	6.982580396616357987e-01	8.224689258726970431e-01	0.000000000000000000e+00	1.000000000000000000e+00	0.000000000000000000e+00
1.316550000000000000e+05	8.814000000000000000e+03	6.100000000000000000e+01	2.802839666329077062e+01	2.382843900394485459e+01	7.599306612736349553e-01	7.263557396993951532e-01	0.000000000000000000e+00	1.000000000000000000e+00	0.000000000000000000e+00
1.316550000000000000e+05	8.815000000000000000e+03	4.700000000000000000e+01	2.797585220098785896e+01	2.634076222663737354e+01	7.309391099424976668e-01	7.945960032451484523e-01	0.000000000000000000e+00	1.000000000000000000e+00	0.000000000000000000e+00
1.316550000000000000e+05	8.816000000000000000e+03	5.900000000000000000e+01	2.800092409888168277e+01	2.545084824658205847e+01	9.728997462562685161e-01	7.898688316754580718e-01	0.000000000000000000e+00	1.000000000000000000e+00	0.000000000000000000e+00
1.316550000000000000e+05	8.817000000000000000e+03	6.400000000000000000e+01	2.782339361174981462e+01	2.356861979707546695e+01	9.078533262359959055e-01	7.271973736050273418e-01	0.000000000000000000e+00	1.000000000000000000e+00	0.000000000000000000e+00
1.316550000000000000e+05	8.818000000000000000e+03	3.800000000000000000e+01	2.792029226437079359e+01	2.494333702210037629e+01	5.640732342504262142e-01	7.398908065209406359e-01	0.000000000000000000e+00	1.000000000000000000e+00	0.000000000000000000e+00
1.316550000000000000e+05	8.819000000000000000e+03	5.900000000000000000e+01	2.776586587119970417e+01	2.452913870795586604e+01	8.432893057814929705e-01	7.525627750115857495e-01	0.000000000000000000e+00	1.000000000000000000e+00	0.000000000000000000e+00
1.316550000000000000e+05	8.820000000000000000e+03	5.000000000000000000e+01	2.788768255133228635e+01	2.317814518594316908e+01	9.105737513210604428e-01	6.624470917699426531e-01	0.000000000000000000e+00	1.000000000000000000e+00	0.000000000000000000e+00
1.316550000000000000e+05	8.821000000000000000e+03	4.600000000000000000e+01	2.802186212795125186e+01	2.379101398682986712e+01	5.826466229690636656e-01	8.521142121216147558e-01	0.000000000000000000e+00	1.000000000000000000e+00	0.000000000000000000e+00
1.316550000000000000e+05	8.822000000000000000e+03	3.400000000000000000e+01	2.800718772804764001e+01	2.505759993506977423e+01	8.230341394201244887e-01	7.837846258574898695e-01	0.000000000000000000e+00	1.000000000000000000e+00	0.000000000000000000e+00
1.316550000000000000e+05	8.823000000000000000e+03	7.000000000000000000e+01	2.805016770042803032e+01	2.614756362401090328e+01	6.884282596166125812e-01	7.649496181310752041e-01	0.000000000000000000e+00	1.000000000000000000e+00	0.000000000000000000e+00
1.316550000000000000e+05	8.824000000000000000e+03	5.700000000000000000e+01	2.787246406159771439e+01	2.424262925560076454e+01	8.866264168506923227e-01	8.530350233841142993e-01	0.000000000000000000e+00	1.000000000000000000e+00	0.000000000000000000e+00
1.316550000000000000e+05	8.825000000000000000e+03	3.800000000000000000e+01	2.794898905939644607e+01	2.611559316896178373e+01	9.728473951323293178e-01	7.460356578762246116e-01	0.000000000000000000e+00	1.000000000000000000e+00	0.000000000000000000e+00
1.316550000000000000e+05	8.826000000000000000e+03	2.200000000000000000e+01	2.812817011006126222e+01	2.714047132855250410e+01	7.057953638381032624e-01	5.366574375722185097e-01	0.000000000000000000e+00	1.000000000000000000e+00	0.000000000000000000e+00
1.316550000000000000e+05	8.827000000000000000e+03	5.400000000000000000e+01	2.818116853372338326e+01	2.495413202060535340e+01	7.065963190374218161e-01	7.790345874743140886e-01	0.000000000000000000e+00	1.000000000000000000e+00	0.000000000000000000e+00
1.316550000000000000e+05	8.828000000000000000e+03	6.000000000000000000e+01	2.806042147903138329e+01	2.490629722469417118e+01	7.007302787097324792e-01	9.638289118963699886e-01	0.000000000000000000e+00	1.000000000000000000e+00	0.000000000000000000e+00
1.316550000000000000e+05	8.829000000000000000e+03	3.900000000000000000e+01	2.798545319228972161e+01	2.535305632944806575e+01	8.293263418356179306e-01	6.213633143910022305e-01	0.000000000000000000e+00	1.000000000000000000e+00	0.000000000000000000e+00
1.316550000000000000e+05	8.830000000000000000e+03	9.700000000000000000e+01	1.000000000000000000e+00	2.460802015869790083e+01	1.000000000000000000e+00	9.895691725646121872e-01	0.000000000000000000e+00	1.000000000000000000e+00	0.000000000000000000e+00
1.316550000000000000e+05	8.831000000000000000e+03	7.300000000000000000e+01	2.808408492559243186e+01	2.375977089195587766e+01	7.734725537766738990e-01	8.901010575434685768e-01	0.000000000000000000e+00	1.000000000000000000e+00	0.000000000000000000e+00
1.316560000000000000e+05	8.705000000000000000e+03	5.700000000000000000e+01	2.106667585983650426e+01	2.394719276568129729e+01	7.742172181796931341e-01	8.874598223262593066e-01	0.000000000000000000e+00	1.000000000000000000e+00	0.000000000000000000e+00
1.316560000000000000e+05	8.722000000000000000e+03	4.800000000000000000e+01	2.111084920371239804e+01	2.528452964573929052e+01	6.324437773142623787e-01	7.031981339114834473e-01	0.000000000000000000e+00	1.000000000000000000e+00	0.000000000000000000e+00
1.316560000000000000e+05	8.816000000000000000e+03	6.600000000000000000e+01	2.098317578584411081e+01	2.533568722809599549e+01	9.065892957755130599e-01	9.354409101357339384e-01	0.000000000000000000e+00	1.000000000000000000e+00	0.000000000000000000e+00
1.316580000000000000e+05	8.576000000000000000e+03	5.800000000000000000e+01	2.823673040950973601e+01	2.224695623910969999e+01	9.367414072142705717e-01	1.125295459936948905e+00	0.000000000000000000e+00	1.000000000000000000e+00	0.000000000000000000e+00
1.316580000000000000e+05	8.577000000000000000e+03	4.200000000000000000e+01	2.864008186073999340e+01	2.410446531302990536e+01	6.617501836409512839e-01	6.656267469841177231e-01	0.000000000000000000e+00	1.000000000000000000e+00	0.000000000000000000e+00
1.316580000000000000e+05	8.578000000000000000e+03	6.600000000000000000e+01	2.826623406059574606e+01	2.194655238183768020e+01	9.114106815167918318e-01	1.319737708370573026e+00	0.000000000000000000e+00	1.000000000000000000e+00	0.000000000000000000e+00
1.316580000000000000e+05	8.579000000000000000e+03	6.300000000000000000e+01	2.829350499204307212e+01	2.477343403399371269e+01	8.301038976924055568e-01	6.590383825167589471e-01	0.000000000000000000e+00	1.000000000000000000e+00	0.000000000000000000e+00
1.316580000000000000e+05	8.582000000000000000e+03	3.500000000000000000e+01	2.800638142920912088e+01	2.587594039442804217e+01	6.560842927275212233e-01	7.776937060063550122e-01	0.000000000000000000e+00	1.000000000000000000e+00	0.000000000000000000e+00
1.316580000000000000e+05	8.583000000000000000e+03	5.700000000000000000e+01	2.835688391350995019e+01	2.411581491086005968e+01	7.391822330751284253e-01	8.111194549908037343e-01	0.000000000000000000e+00	1.000000000000000000e+00	0.000000000000000000e+00
1.316580000000000000e+05	8.584000000000000000e+03	6.500000000000000000e+01	2.835790933676560499e+01	2.131942822072490173e+01	7.257316708361608582e-01	6.503386757145535046e-01	0.000000000000000000e+00	1.000000000000000000e+00	0.000000000000000000e+00
1.316580000000000000e+05	8.586000000000000000e+03	4.600000000000000000e+01	2.813742825550882642e+01	2.421000485228122301e+01	6.711115553570922154e-01	9.800017349114837906e-01	0.000000000000000000e+00	1.000000000000000000e+00	0.000000000000000000e+00
1.316580000000000000e+05	8.588000000000000000e+03	4.700000000000000000e+01	2.796089027154832962e+01	2.346411483915282403e+01	8.329353240814012516e-01	9.445547192889516275e-01	0.000000000000000000e+00	1.000000000000000000e+00	0.000000000000000000e+00
1.316580000000000000e+05	8.589000000000000000e+03	4.000000000000000000e+01	2.830726435739853031e+01	2.188002765337135358e+01	6.700244865304307851e-01	6.047320783186784787e-01	0.000000000000000000e+00	1.000000000000000000e+00	0.000000000000000000e+00
1.316580000000000000e+05	8.591000000000000000e+03	5.400000000000000000e+01	2.796696822010108008e+01	2.111551149941965377e+01	7.109725030503564192e-01	7.045218067148600882e-01	0.000000000000000000e+00	1.000000000000000000e+00	0.000000000000000000e+00
1.316580000000000000e+05	8.592000000000000000e+03	6.400000000000000000e+01	2.814273057086259655e+01	1.950029409648948331e+01	9.583784229420231338e-01	1.000895650539972204e+00	0.000000000000000000e+00	1.000000000000000000e+00	0.000000000000000000e+00
1.316580000000000000e+05	8.593000000000000000e+03	4.300000000000000000e+01	2.820475670306362304e+01	2.413492718932371162e+01	8.425008925085953893e-01	8.509896437904342914e-01	0.000000000000000000e+00	1.000000000000000000e+00	0.000000000000000000e+00
1.316580000000000000e+05	8.594000000000000000e+03	6.000000000000000000e+01	2.804804753523496430e+01	2.163268117778364541e+01	9.403621211144945757e-01	8.835210335825910422e-01	0.000000000000000000e+00	1.000000000000000000e+00	0.000000000000000000e+00
1.316580000000000000e+05	8.595000000000000000e+03	4.800000000000000000e+01	2.812941381948053277e+01	2.210764493439083012e+01	7.606196254839017179e-01	7.855220459431585533e-01	0.000000000000000000e+00	1.000000000000000000e+00	0.000000000000000000e+00
1.316580000000000000e+05	8.597000000000000000e+03	6.000000000000000000e+01	2.809916826333010675e+01	2.212088844018227363e+01	6.819923534876387583e-01	8.056706324761586657e-01	0.000000000000000000e+00	1.000000000000000000e+00	0.000000000000000000e+00
1.316580000000000000e+05	8.598000000000000000e+03	5.100000000000000000e+01	2.826168840910886004e+01	2.204388280033137448e+01	8.610797482481870047e-01	9.917416457924795870e-01	0.000000000000000000e+00	1.000000000000000000e+00	0.000000000000000000e+00
1.316580000000000000e+05	8.600000000000000000e+03	4.100000000000000000e+01	2.811032632469621362e+01	2.358697701540432590e+01	7.488709826197484931e-01	6.043881828700470304e-01	0.000000000000000000e+00	1.000000000000000000e+00	0.000000000000000000e+00
1.316580000000000000e+05	8.649000000000000000e+03	4.300000000000000000e+01	2.825468526776804623e+01	2.327517070649258457e+01	9.139375597220826819e-01	6.175352859533869143e-01	0.000000000000000000e+00	1.000000000000000000e+00	0.000000000000000000e+00
1.316580000000000000e+05	8.677000000000000000e+03	4.200000000000000000e+01	2.820328052922526751e+01	2.476432740049955683e+01	7.194305300892490651e-01	1.028385544320434164e+00	0.000000000000000000e+00	1.000000000000000000e+00	0.000000000000000000e+00
1.316580000000000000e+05	8.680000000000000000e+03	5.100000000000000000e+01	2.779440457813172927e+01	2.111040570782781955e+01	5.651919402986714802e-01	7.232141148443386180e-01	0.000000000000000000e+00	1.000000000000000000e+00	0.000000000000000000e+00
1.316580000000000000e+05	8.681000000000000000e+03	4.000000000000000000e+01	2.807536770338254684e+01	2.446296846888434473e+01	8.928648373745745603e-01	9.931945159751558450e-01	0.000000000000000000e+00	1.000000000000000000e+00	0.000000000000000000e+00
1.316580000000000000e+05	8.682000000000000000e+03	4.800000000000000000e+01	2.796379144660608773e+01	2.073032524689797285e+01	7.395561570217931147e-01	6.008183036018487355e-01	0.000000000000000000e+00	1.000000000000000000e+00	0.000000000000000000e+00
1.316580000000000000e+05	8.685000000000000000e+03	4.700000000000000000e+01	2.822109780018104530e+01	2.428871628313846642e+01	7.656225983604389995e-01	7.452525821183838550e-01	0.000000000000000000e+00	1.000000000000000000e+00	0.000000000000000000e+00
1.316580000000000000e+05	8.686000000000000000e+03	4.500000000000000000e+01	2.791219067360402661e+01	2.282342166314864684e+01	6.765956503843486569e-01	8.210792280734299231e-01	0.000000000000000000e+00	1.000000000000000000e+00	0.000000000000000000e+00
1.316580000000000000e+05	8.688000000000000000e+03	6.900000000000000000e+01	2.806812854990569406e+01	2.227482686709861781e+01	9.102618790057428466e-01	9.801174941294381604e-01	0.000000000000000000e+00	1.000000000000000000e+00	0.000000000000000000e+00
1.316580000000000000e+05	8.689000000000000000e+03	6.800000000000000000e+01	2.822221443524086126e+01	2.233621876497042891e+01	9.381825382433855998e-01	8.625602441121484887e-01	0.000000000000000000e+00	1.000000000000000000e+00	0.000000000000000000e+00
1.316580000000000000e+05	8.695000000000000000e+03	6.100000000000000000e+01	2.816121115193270441e+01	2.159496957380031645e+01	8.912069855650086581e-01	9.049943645273299531e-01	0.000000000000000000e+00	1.000000000000000000e+00	0.000000000000000000e+00
1.316580000000000000e+05	8.697000000000000000e+03	4.100000000000000000e+01	2.799039918426972307e+01	2.244318738333603847e+01	1.064069191053321317e+00	9.171094772338130863e-01	0.000000000000000000e+00	1.000000000000000000e+00	0.000000000000000000e+00
1.316580000000000000e+05	8.699000000000000000e+03	3.800000000000000000e+01	2.843580062093780469e+01	2.447618985246073819e+01	7.737711261171255073e-01	9.698878296954892564e-01	0.000000000000000000e+00	1.000000000000000000e+00	0.000000000000000000e+00
1.316580000000000000e+05	8.703000000000000000e+03	7.000000000000000000e+01	2.799973430626030790e+01	2.375870508725183328e+01	1.022722744982216492e+00	1.041663763075627136e+00	0.000000000000000000e+00	1.000000000000000000e+00	0.000000000000000000e+00
1.316580000000000000e+05	8.704000000000000000e+03	6.500000000000000000e+01	2.812459599673545085e+01	2.684601213916639040e+01	8.212020706817697580e-01	9.885347703797522367e-01	0.000000000000000000e+00	1.000000000000000000e+00	0.000000000000000000e+00
1.316580000000000000e+05	8.705000000000000000e+03	4.900000000000000000e+01	2.818602988469029569e+01	2.412688893919099442e+01	6.805244605679811043e-01	7.673960987994070670e-01	0.000000000000000000e+00	1.000000000000000000e+00	0.000000000000000000e+00
1.316580000000000000e+05	8.706000000000000000e+03	5.100000000000000000e+01	2.816204262807036685e+01	2.448684154339441932e+01	1.008422381246806276e+00	8.968178898715937208e-01	0.000000000000000000e+00	1.000000000000000000e+00	0.000000000000000000e+00
1.316580000000000000e+05	8.707000000000000000e+03	5.200000000000000000e+01	2.795981846018845474e+01	2.318337752835582322e+01	1.010693790529238134e+00	6.873903444062645640e-01	0.000000000000000000e+00	1.000000000000000000e+00	0.000000000000000000e+00
1.316580000000000000e+05	8.709000000000000000e+03	4.300000000000000000e+01	2.840813260756753422e+01	2.554637040595524766e+01	5.817838326131727911e-01	8.111014493338966069e-01	0.000000000000000000e+00	1.000000000000000000e+00	0.000000000000000000e+00
1.316580000000000000e+05	8.711000000000000000e+03	5.600000000000000000e+01	2.805230516990823020e+01	2.238797593209721626e+01	8.653387461217897370e-01	6.924134553895504585e-01	0.000000000000000000e+00	1.000000000000000000e+00	0.000000000000000000e+00
1.316580000000000000e+05	8.712000000000000000e+03	4.700000000000000000e+01	2.817384914763715642e+01	2.410278985650248273e+01	7.712337471503848407e-01	7.770965373512835894e-01	0.000000000000000000e+00	1.000000000000000000e+00	0.000000000000000000e+00
1.316580000000000000e+05	8.714000000000000000e+03	5.800000000000000000e+01	2.792488257660217243e+01	2.340531306142372969e+01	8.503377042510669170e-01	6.293169619642146051e-01	0.000000000000000000e+00	1.000000000000000000e+00	0.000000000000000000e+00
1.316580000000000000e+05	8.716000000000000000e+03	4.300000000000000000e+01	2.791137117232040055e+01	2.429217273752976070e+01	9.422161164786423404e-01	8.538906888685424690e-01	0.000000000000000000e+00	1.000000000000000000e+00	0.000000000000000000e+00
1.316580000000000000e+05	8.718000000000000000e+03	5.200000000000000000e+01	2.835554713736857835e+01	2.373043962301014531e+01	8.062787930930767066e-01	7.606206985313399560e-01	0.000000000000000000e+00	1.000000000000000000e+00	0.000000000000000000e+00
1.316580000000000000e+05	8.719000000000000000e+03	4.900000000000000000e+01	2.824686561039314014e+01	2.468386453994071061e+01	1.008128900055123456e+00	5.628187206035606405e-01	0.000000000000000000e+00	1.000000000000000000e+00	0.000000000000000000e+00
1.316580000000000000e+05	8.720000000000000000e+03	4.300000000000000000e+01	2.841318834593869980e+01	2.562666414921113756e+01	7.974300446874559301e-01	7.572700033059922564e-01	0.000000000000000000e+00	1.000000000000000000e+00	0.000000000000000000e+00
1.316580000000000000e+05	8.721000000000000000e+03	5.200000000000000000e+01	2.829960162934784762e+01	2.533005912750488520e+01	9.977841261824805796e-01	7.647870660502378293e-01	0.000000000000000000e+00	1.000000000000000000e+00	0.000000000000000000e+00
1.316580000000000000e+05	8.722000000000000000e+03	4.700000000000000000e+01	2.819463369512502027e+01	2.534436173206378839e+01	8.812971267501720218e-01	5.440766817658871934e-01	0.000000000000000000e+00	1.000000000000000000e+00	0.000000000000000000e+00
1.316580000000000000e+05	8.723000000000000000e+03	4.300000000000000000e+01	2.828367276554788390e+01	2.536411947919490117e+01	7.391538477686666608e-01	8.561517882831543025e-01	0.000000000000000000e+00	1.000000000000000000e+00	0.000000000000000000e+00
1.316580000000000000e+05	8.724000000000000000e+03	4.600000000000000000e+01	2.791989431935204280e+01	2.480064238446831126e+01	7.012201280117690283e-01	7.795817916325376018e-01	0.000000000000000000e+00	1.000000000000000000e+00	0.000000000000000000e+00
1.316580000000000000e+05	8.725000000000000000e+03	6.500000000000000000e+01	2.816352476523490367e+01	2.413622031378242028e+01	8.625137586097479936e-01	8.019600536417299530e-01	0.000000000000000000e+00	1.000000000000000000e+00	0.000000000000000000e+00
1.316580000000000000e+05	8.726000000000000000e+03	5.800000000000000000e+01	2.808014502291506531e+01	2.403923172611074222e+01	9.015115518758315405e-01	9.018503268466109279e-01	0.000000000000000000e+00	1.000000000000000000e+00	0.000000000000000000e+00
1.316580000000000000e+05	8.727000000000000000e+03	5.200000000000000000e+01	2.803592834846071824e+01	2.701041365219120038e+01	8.385181162754516970e-01	8.273235624889322404e-01	0.000000000000000000e+00	1.000000000000000000e+00	0.000000000000000000e+00
1.316580000000000000e+05	8.732000000000000000e+03	4.400000000000000000e+01	2.829474380207575379e+01	2.289909640421594261e+01	8.330981710445404254e-01	1.159039444064682955e+00	0.000000000000000000e+00	1.000000000000000000e+00	0.000000000000000000e+00
1.316580000000000000e+05	8.733000000000000000e+03	3.900000000000000000e+01	2.842131821623191001e+01	2.456397681018484391e+01	6.500998210589705728e-01	9.027926021112754329e-01	0.000000000000000000e+00	1.000000000000000000e+00	0.000000000000000000e+00
1.316580000000000000e+05	8.766000000000000000e+03	2.500000000000000000e+01	2.820021303809333801e+01	2.469967410645440964e+01	7.470412764016437501e-01	6.013210793694805378e-01	0.000000000000000000e+00	1.000000000000000000e+00	0.000000000000000000e+00
1.316580000000000000e+05	8.772000000000000000e+03	3.000000000000000000e+01	2.821645806459932260e+01	2.798632629166316477e+01	7.850359021996071718e-01	7.181851611420386750e-01	0.000000000000000000e+00	1.000000000000000000e+00	0.000000000000000000e+00
1.316580000000000000e+05	8.777000000000000000e+03	5.100000000000000000e+01	2.816969810461533186e+01	2.527892055036459595e+01	9.615318265262383646e-01	1.017131524710310986e+00	0.000000000000000000e+00	1.000000000000000000e+00	0.000000000000000000e+00
1.316580000000000000e+05	8.799000000000000000e+03	3.500000000000000000e+01	2.849362028329200314e+01	2.581277666667061155e+01	8.476168255143686769e-01	8.824744205773776828e-01	0.000000000000000000e+00	1.000000000000000000e+00	0.000000000000000000e+00
1.316580000000000000e+05	8.805000000000000000e+03	3.900000000000000000e+01	2.813569239476776218e+01	2.590507883864241379e+01	8.210021639992085563e-01	9.141878760219538380e-01	0.000000000000000000e+00	1.000000000000000000e+00	0.000000000000000000e+00
1.316580000000000000e+05	8.808000000000000000e+03	4.700000000000000000e+01	2.834314684684752095e+01	2.472954897901183102e+01	8.607630975751909830e-01	8.432963302470718459e-01	0.000000000000000000e+00	1.000000000000000000e+00	0.000000000000000000e+00
1.316580000000000000e+05	8.810000000000000000e+03	6.000000000000000000e+01	2.825966261387282685e+01	2.746111043121416273e+01	7.239652522423488668e-01	8.113402930613193842e-01	0.000000000000000000e+00	1.000000000000000000e+00	0.000000000000000000e+00
1.316580000000000000e+05	8.811000000000000000e+03	2.800000000000000000e+01	2.800059298844988831e+01	2.652165375050397245e+01	7.701747348788453573e-01	6.019786634646574486e-01	0.000000000000000000e+00	1.000000000000000000e+00	0.000000000000000000e+00
1.316580000000000000e+05	8.812000000000000000e+03	6.100000000000000000e+01	2.812491685342893177e+01	2.812540681762957462e+01	8.157242066596419594e-01	8.277612370819391607e-01	0.000000000000000000e+00	1.000000000000000000e+00	0.000000000000000000e+00
1.316580000000000000e+05	8.813000000000000000e+03	4.900000000000000000e+01	2.820354173532054531e+01	2.600510768876043244e+01	7.351890420476727694e-01	7.091158400610286794e-01	0.000000000000000000e+00	1.000000000000000000e+00	0.000000000000000000e+00
1.316580000000000000e+05	8.814000000000000000e+03	4.400000000000000000e+01	2.831764357009434718e+01	2.377155783207236084e+01	7.751126690078241621e-01	7.839649058298452378e-01	0.000000000000000000e+00	1.000000000000000000e+00	0.000000000000000000e+00
1.316580000000000000e+05	8.815000000000000000e+03	4.800000000000000000e+01	2.833261144879596571e+01	2.651727374231976242e+01	8.747680674874174223e-01	8.095347404415311754e-01	0.000000000000000000e+00	1.000000000000000000e+00	0.000000000000000000e+00
1.316580000000000000e+05	8.816000000000000000e+03	7.500000000000000000e+01	2.826121742642883206e+01	2.522251169859185893e+01	9.358635762399848401e-01	8.135432950053419487e-01	0.000000000000000000e+00	1.000000000000000000e+00	0.000000000000000000e+00
1.316580000000000000e+05	8.817000000000000000e+03	6.000000000000000000e+01	2.814746462993020515e+01	2.383839588204824622e+01	9.687207501432317791e-01	6.483576186256119200e-01	0.000000000000000000e+00	1.000000000000000000e+00	0.000000000000000000e+00
1.316580000000000000e+05	8.819000000000000000e+03	4.700000000000000000e+01	2.814738551018213641e+01	2.460025060408126052e+01	9.074310550210613613e-01	6.372050473975512386e-01	0.000000000000000000e+00	1.000000000000000000e+00	0.000000000000000000e+00
1.316580000000000000e+05	8.820000000000000000e+03	5.000000000000000000e+01	2.800313412222319442e+01	2.329409324536934989e+01	6.906075039055540321e-01	1.029699930229290405e+00	0.000000000000000000e+00	1.000000000000000000e+00	0.000000000000000000e+00
1.316580000000000000e+05	8.821000000000000000e+03	4.900000000000000000e+01	2.805365128712147893e+01	2.401314047286313524e+01	8.797729535610355756e-01	7.993595953295837830e-01	0.000000000000000000e+00	1.000000000000000000e+00	0.000000000000000000e+00
1.316580000000000000e+05	8.822000000000000000e+03	4.700000000000000000e+01	2.836177720328413443e+01	2.515039345538470528e+01	7.987111990055195676e-01	9.462998979943647582e-01	0.000000000000000000e+00	1.000000000000000000e+00	0.000000000000000000e+00
1.316580000000000000e+05	8.823000000000000000e+03	6.700000000000000000e+01	2.843505464468290356e+01	2.620866606726008641e+01	6.573760519714321182e-01	7.158369600571499181e-01	0.000000000000000000e+00	1.000000000000000000e+00	0.000000000000000000e+00
1.316580000000000000e+05	8.824000000000000000e+03	6.000000000000000000e+01	2.822136473408760438e+01	2.429125652267792290e+01	6.949967733104224221e-01	6.448820676113896644e-01	0.000000000000000000e+00	1.000000000000000000e+00	0.000000000000000000e+00
1.316580000000000000e+05	8.825000000000000000e+03	3.800000000000000000e+01	2.840408743055333929e+01	2.618438828734745627e+01	6.832406505506746219e-01	8.206778634065599043e-01	0.000000000000000000e+00	1.000000000000000000e+00	0.000000000000000000e+00
1.316580000000000000e+05	8.827000000000000000e+03	3.300000000000000000e+01	2.792461498351602600e+01	2.493431856228463417e+01	8.121246341491711318e-01	9.617770276118037254e-01	0.000000000000000000e+00	1.000000000000000000e+00	0.000000000000000000e+00
1.316580000000000000e+05	8.828000000000000000e+03	5.600000000000000000e+01	2.821953652045922567e+01	2.492545200580039833e+01	8.592822828240693767e-01	6.946586957817939556e-01	0.000000000000000000e+00	1.000000000000000000e+00	0.000000000000000000e+00
1.316580000000000000e+05	8.829000000000000000e+03	3.500000000000000000e+01	2.808731124154745373e+01	2.541163014229078243e+01	6.768313647681464262e-01	5.706128182710882291e-01	0.000000000000000000e+00	1.000000000000000000e+00	0.000000000000000000e+00
1.316580000000000000e+05	8.831000000000000000e+03	5.200000000000000000e+01	2.846204337656363137e+01	2.403464428834648814e+01	9.209658935377310618e-01	8.448763826124521259e-01	0.000000000000000000e+00	1.000000000000000000e+00	0.000000000000000000e+00
1.316600000000000000e+05	8.577000000000000000e+03	3.400000000000000000e+01	2.535778561562311495e+01	2.401746126884712851e+01	6.192568521656384162e-01	6.195922216096504398e-01	0.000000000000000000e+00	1.000000000000000000e+00	0.000000000000000000e+00
1.316600000000000000e+05	8.579000000000000000e+03	4.100000000000000000e+01	2.507351833441901334e+01	2.481306939514877641e+01	7.234888445993308270e-01	6.159240924272878503e-01	0.000000000000000000e+00	1.000000000000000000e+00	0.000000000000000000e+00
1.316600000000000000e+05	8.583000000000000000e+03	3.500000000000000000e+01	2.536476610836432499e+01	2.434411042201227460e+01	5.428886274702398040e-01	1.048640240648963218e+00	0.000000000000000000e+00	1.000000000000000000e+00	0.000000000000000000e+00
1.316600000000000000e+05	8.597000000000000000e+03	5.900000000000000000e+01	2.500641250981801278e+01	2.218055757749629464e+01	8.457093796056667223e-01	9.664950140465697892e-01	0.000000000000000000e+00	1.000000000000000000e+00	0.000000000000000000e+00
1.316600000000000000e+05	8.704000000000000000e+03	3.300000000000000000e+01	2.484723647278465819e+01	2.685021673960831379e+01	5.778881667419921708e-01	7.214865642127575862e-01	0.000000000000000000e+00	1.000000000000000000e+00	0.000000000000000000e+00
1.316600000000000000e+05	8.718000000000000000e+03	4.800000000000000000e+01	2.497366302727330023e+01	2.400875508346391030e+01	6.282395301623858730e-01	8.776942844376224295e-01	0.000000000000000000e+00	1.000000000000000000e+00	0.000000000000000000e+00
1.316600000000000000e+05	8.720000000000000000e+03	3.900000000000000000e+01	2.500436895900710610e+01	2.583062390195636482e+01	6.672915677329556150e-01	7.282625332198933155e-01	0.000000000000000000e+00	1.000000000000000000e+00	0.000000000000000000e+00
1.316600000000000000e+05	8.724000000000000000e+03	4.200000000000000000e+01	2.507404457241238660e+01	2.480679658171588287e+01	7.455753460949731126e-01	7.744508347784937463e-01	0.000000000000000000e+00	1.000000000000000000e+00	0.000000000000000000e+00
1.316600000000000000e+05	8.725000000000000000e+03	5.800000000000000000e+01	2.478283825634182236e+01	2.412597572716319050e+01	1.254286633547339269e+00	7.960482481203394745e-01	0.000000000000000000e+00	1.000000000000000000e+00	0.000000000000000000e+00
1.316600000000000000e+05	8.816000000000000000e+03	4.700000000000000000e+01	2.512469218164141438e+01	2.522366118264996260e+01	7.541630314302577576e-01	7.205534500924732910e-01	0.000000000000000000e+00	1.000000000000000000e+00	0.000000000000000000e+00
1.316600000000000000e+05	8.817000000000000000e+03	3.500000000000000000e+01	2.505046254858961063e+01	2.402410147293228704e+01	5.697188948454841029e-01	6.998163566970584393e-01	0.000000000000000000e+00	1.000000000000000000e+00	0.000000000000000000e+00
1.316600000000000000e+05	8.823000000000000000e+03	4.500000000000000000e+01	2.522980555335415787e+01	2.576396846355157777e+01	7.436447295109186451e-01	7.470306004666213973e-01	0.000000000000000000e+00	1.000000000000000000e+00	0.000000000000000000e+00
1.316600000000000000e+05	8.824000000000000000e+03	4.300000000000000000e+01	2.509869263590941557e+01	2.419710886778223724e+01	8.298259052312819684e-01	7.713225661151799084e-01	0.000000000000000000e+00	1.000000000000000000e+00	0.000000000000000000e+00
1.316610000000000000e+05	8.579000000000000000e+03	4.300000000000000000e+01	2.608620331858536545e+01	2.505992254377854067e+01	8.754415050725879999e-01	7.911771804961407195e-01	0.000000000000000000e+00	1.000000000000000000e+00	0.000000000000000000e+00
1.316610000000000000e+05	8.583000000000000000e+03	3.800000000000000000e+01	2.615858463579968785e+01	2.407958296987028035e+01	6.458481011577361652e-01	1.110708922100921425e+00	0.000000000000000000e+00	1.000000000000000000e+00	0.000000000000000000e+00
1.316610000000000000e+05	8.586000000000000000e+03	4.500000000000000000e+01	2.604762704312738819e+01	2.417653120537953626e+01	1.023079994523716119e+00	8.444551410576829342e-01	0.000000000000000000e+00	1.000000000000000000e+00	0.000000000000000000e+00
1.316610000000000000e+05	8.688000000000000000e+03	4.500000000000000000e+01	2.633800514353423949e+01	2.230761320349635923e+01	5.971902194991388635e-01	8.209893338859676204e-01	0.000000000000000000e+00	1.000000000000000000e+00	0.000000000000000000e+00
1.316610000000000000e+05	8.703000000000000000e+03	5.400000000000000000e+01	2.623335694505077598e+01	2.368943989868848021e+01	5.796803413751628886e-01	1.082656527974838800e+00	0.000000000000000000e+00	1.000000000000000000e+00	0.000000000000000000e+00
1.316610000000000000e+05	8.704000000000000000e+03	4.100000000000000000e+01	2.626652176880537581e+01	2.676923879775187842e+01	6.489859322742624892e-01	1.044113800239530709e+00	0.000000000000000000e+00	1.000000000000000000e+00	0.000000000000000000e+00
1.316610000000000000e+05	8.707000000000000000e+03	5.500000000000000000e+01	2.623061232881779148e+01	2.302182357563085091e+01	8.911958807949209582e-01	5.896542426035270568e-01	0.000000000000000000e+00	1.000000000000000000e+00	0.000000000000000000e+00
1.316610000000000000e+05	8.720000000000000000e+03	3.600000000000000000e+01	2.661144949873844823e+01	2.564318078432202341e+01	7.296556206640022468e-01	6.698224798320936424e-01	0.000000000000000000e+00	1.000000000000000000e+00	0.000000000000000000e+00
1.316610000000000000e+05	8.721000000000000000e+03	3.700000000000000000e+01	2.620565707933085164e+01	2.545228592497008080e+01	5.576520764062983249e-01	5.381731437128696172e-01	0.000000000000000000e+00	1.000000000000000000e+00	0.000000000000000000e+00
1.316610000000000000e+05	8.722000000000000000e+03	4.700000000000000000e+01	2.613039108444236547e+01	2.525171859871247193e+01	7.506301138462284639e-01	7.802473789744196475e-01	0.000000000000000000e+00	1.000000000000000000e+00	0.000000000000000000e+00
1.316610000000000000e+05	8.724000000000000000e+03	4.000000000000000000e+01	2.621513576104119281e+01	2.476097915610981204e+01	7.783091828393402523e-01	7.757638092524630213e-01	0.000000000000000000e+00	1.000000000000000000e+00	0.000000000000000000e+00
1.316610000000000000e+05	8.725000000000000000e+03	5.200000000000000000e+01	2.612486685624259053e+01	2.391812126038886888e+01	7.189779260451177878e-01	7.879165034465078765e-01	0.000000000000000000e+00	1.000000000000000000e+00	0.000000000000000000e+00
1.316610000000000000e+05	8.812000000000000000e+03	4.900000000000000000e+01	2.632521439630923510e+01	2.817307335939397461e+01	7.150563608166921048e-01	8.047964580644016985e-01	0.000000000000000000e+00	1.000000000000000000e+00	0.000000000000000000e+00
1.316610000000000000e+05	8.813000000000000000e+03	3.800000000000000000e+01	2.618504067621284292e+01	2.603365075810230778e+01	7.537275730482813074e-01	6.238249778385784872e-01	0.000000000000000000e+00	1.000000000000000000e+00	0.000000000000000000e+00
1.316610000000000000e+05	8.814000000000000000e+03	4.300000000000000000e+01	2.607193414194346914e+01	2.398235107064597216e+01	7.698370147803761387e-01	7.095877780321906414e-01	0.000000000000000000e+00	1.000000000000000000e+00	0.000000000000000000e+00
1.316610000000000000e+05	8.816000000000000000e+03	3.700000000000000000e+01	2.615002616940167357e+01	2.519074532997945326e+01	6.752152594027438504e-01	8.341846979208100699e-01	0.000000000000000000e+00	1.000000000000000000e+00	0.000000000000000000e+00
1.316610000000000000e+05	8.824000000000000000e+03	4.100000000000000000e+01	2.607924213439739347e+01	2.406251678464057164e+01	9.081553630191235849e-01	7.974306379588325111e-01	0.000000000000000000e+00	1.000000000000000000e+00	0.000000000000000000e+00
1.316610000000000000e+05	8.828000000000000000e+03	4.300000000000000000e+01	2.649220054963942417e+01	2.514875333386230949e+01	8.185335045876475091e-01	8.200914896853928049e-01	0.000000000000000000e+00	1.000000000000000000e+00	0.000000000000000000e+00
1.316620000000000000e+05	8.583000000000000000e+03	4.200000000000000000e+01	2.670482842306482851e+01	2.424555962227490724e+01	7.103325272292376757e-01	9.633867981984032269e-01	0.000000000000000000e+00	1.000000000000000000e+00	0.000000000000000000e+00
1.316620000000000000e+05	8.685000000000000000e+03	3.600000000000000000e+01	2.716613784589249292e+01	2.415171656486551655e+01	6.282351063705179373e-01	7.909409402187624893e-01	0.000000000000000000e+00	1.000000000000000000e+00	0.000000000000000000e+00
1.316620000000000000e+05	8.703000000000000000e+03	3.900000000000000000e+01	2.724048702412947520e+01	2.377294642774602096e+01	6.135188694268137732e-01	9.916402341165970746e-01	0.000000000000000000e+00	1.000000000000000000e+00	0.000000000000000000e+00
1.316620000000000000e+05	8.704000000000000000e+03	3.800000000000000000e+01	2.707826214571858614e+01	2.689764874923913140e+01	7.982361461183884455e-01	1.042719999532415009e+00	0.000000000000000000e+00	1.000000000000000000e+00	0.000000000000000000e+00
1.316620000000000000e+05	8.720000000000000000e+03	4.400000000000000000e+01	2.719590049600020620e+01	2.568837811426891804e+01	7.858015292249332928e-01	6.786950068339901998e-01	0.000000000000000000e+00	1.000000000000000000e+00	0.000000000000000000e+00
1.316620000000000000e+05	8.722000000000000000e+03	3.100000000000000000e+01	2.700753531560920706e+01	2.522896037923773704e+01	6.634445151765037130e-01	6.192565190367399497e-01	0.000000000000000000e+00	1.000000000000000000e+00	0.000000000000000000e+00
1.316620000000000000e+05	8.723000000000000000e+03	3.300000000000000000e+01	2.719678061993561968e+01	2.502633613217687625e+01	5.298770397076685290e-01	1.072506868183392248e+00	0.000000000000000000e+00	1.000000000000000000e+00	0.000000000000000000e+00
1.316620000000000000e+05	8.724000000000000000e+03	4.900000000000000000e+01	2.727820803193781529e+01	2.484859837410373729e+01	6.931701753662119492e-01	6.985845883411001545e-01	0.000000000000000000e+00	1.000000000000000000e+00	0.000000000000000000e+00
1.316620000000000000e+05	8.725000000000000000e+03	4.300000000000000000e+01	2.689502537356380429e+01	2.404591107499565084e+01	6.770770679817158522e-01	7.482321558605701250e-01	0.000000000000000000e+00	1.000000000000000000e+00	0.000000000000000000e+00
1.316620000000000000e+05	8.726000000000000000e+03	3.900000000000000000e+01	2.705049494536363142e+01	2.413040765502167773e+01	6.532570635269145942e-01	9.003990849191163548e-01	0.000000000000000000e+00	1.000000000000000000e+00	0.000000000000000000e+00
1.316620000000000000e+05	8.812000000000000000e+03	3.500000000000000000e+01	2.704149222804736397e+01	2.829628242844584562e+01	5.145874181650804680e-01	8.923684315602896655e-01	0.000000000000000000e+00	1.000000000000000000e+00	0.000000000000000000e+00
1.316620000000000000e+05	8.814000000000000000e+03	3.200000000000000000e+01	2.699694289020969507e+01	2.382589596512301355e+01	5.645913526208645727e-01	8.899251064126096900e-01	0.000000000000000000e+00	1.000000000000000000e+00	0.000000000000000000e+00
1.316620000000000000e+05	8.815000000000000000e+03	4.000000000000000000e+01	2.695088580414948254e+01	2.636489184926667306e+01	6.237168418356298094e-01	6.481974011064128849e-01	0.000000000000000000e+00	1.000000000000000000e+00	0.000000000000000000e+00
1.316620000000000000e+05	8.817000000000000000e+03	4.800000000000000000e+01	2.716681825602316636e+01	2.363144504216206343e+01	7.380604294553327893e-01	6.485103806417353844e-01	0.000000000000000000e+00	1.000000000000000000e+00	0.000000000000000000e+00
1.316620000000000000e+05	8.823000000000000000e+03	4.800000000000000000e+01	2.710432882449508796e+01	2.610194722062733419e+01	5.124614958378388430e-01	7.087596204766506425e-01	0.000000000000000000e+00	1.000000000000000000e+00	0.000000000000000000e+00
1.316620000000000000e+05	8.824000000000000000e+03	4.500000000000000000e+01	2.726122985086767869e+01	2.416980442372103610e+01	7.954233702722722787e-01	6.724958261102033097e-01	0.000000000000000000e+00	1.000000000000000000e+00	0.000000000000000000e+00
1.316630000000000000e+05	8.576000000000000000e+03	5.500000000000000000e+01	2.515119530596000175e+01	2.207964176693237590e+01	8.350216317354607343e-01	9.697756475933654308e-01	0.000000000000000000e+00	1.000000000000000000e+00	0.000000000000000000e+00
1.316630000000000000e+05	8.577000000000000000e+03	4.200000000000000000e+01	2.501248257152076704e+01	2.397474213703103629e+01	7.080511465059485809e-01	8.782216452966934428e-01	0.000000000000000000e+00	1.000000000000000000e+00	0.000000000000000000e+00
1.316630000000000000e+05	8.579000000000000000e+03	5.000000000000000000e+01	2.506319461662858927e+01	2.509775627740722825e+01	8.329527239035476871e-01	7.773021240733749559e-01	0.000000000000000000e+00	1.000000000000000000e+00	0.000000000000000000e+00
1.316630000000000000e+05	8.583000000000000000e+03	5.400000000000000000e+01	2.507533521642955776e+01	2.416781500365548396e+01	8.041599260997795984e-01	9.042054714859960596e-01	0.000000000000000000e+00	1.000000000000000000e+00	0.000000000000000000e+00
1.316630000000000000e+05	8.594000000000000000e+03	5.900000000000000000e+01	2.496704403006291528e+01	2.129167791204102755e+01	7.453410848519902432e-01	9.452807587999066952e-01	0.000000000000000000e+00	1.000000000000000000e+00	0.000000000000000000e+00
1.316630000000000000e+05	8.597000000000000000e+03	5.700000000000000000e+01	2.493746649551426842e+01	2.211390695792604433e+01	7.990044434231666770e-01	7.778810427001410233e-01	0.000000000000000000e+00	1.000000000000000000e+00	0.000000000000000000e+00
1.316630000000000000e+05	8.685000000000000000e+03	4.300000000000000000e+01	2.506039715785365019e+01	2.454633732051088302e+01	7.852576128279535883e-01	6.412941358744481679e-01	0.000000000000000000e+00	1.000000000000000000e+00	0.000000000000000000e+00
1.316630000000000000e+05	8.686000000000000000e+03	4.800000000000000000e+01	2.488048420489490198e+01	2.292200042763770185e+01	9.401737903737237279e-01	7.287719397685876732e-01	0.000000000000000000e+00	1.000000000000000000e+00	0.000000000000000000e+00
1.316630000000000000e+05	8.688000000000000000e+03	6.600000000000000000e+01	2.502407870287472491e+01	2.236466286687093685e+01	5.863972590041245381e-01	1.042309117996111478e+00	0.000000000000000000e+00	1.000000000000000000e+00	0.000000000000000000e+00
1.316630000000000000e+05	8.695000000000000000e+03	6.200000000000000000e+01	2.486318256186633135e+01	2.167129526661525674e+01	7.697812743380884060e-01	8.180639407605075908e-01	0.000000000000000000e+00	1.000000000000000000e+00	0.000000000000000000e+00
1.316630000000000000e+05	8.703000000000000000e+03	4.600000000000000000e+01	2.510985449054845731e+01	2.394162443222193204e+01	7.977137556837180510e-01	9.605038523479114687e-01	0.000000000000000000e+00	1.000000000000000000e+00	0.000000000000000000e+00
1.316630000000000000e+05	8.704000000000000000e+03	5.600000000000000000e+01	2.480454834297195887e+01	2.683452617428436682e+01	8.949975793398156076e-01	9.875532771326914760e-01	0.000000000000000000e+00	1.000000000000000000e+00	0.000000000000000000e+00
1.316630000000000000e+05	8.712000000000000000e+03	3.000000000000000000e+01	2.516610021130369290e+01	2.425615063067379751e+01	6.946171685166455667e-01	7.315164564580241002e-01	0.000000000000000000e+00	1.000000000000000000e+00	0.000000000000000000e+00
1.316630000000000000e+05	8.720000000000000000e+03	4.600000000000000000e+01	2.506232221880222255e+01	2.553496002033990209e+01	9.871453860196526264e-01	8.174986455748309844e-01	0.000000000000000000e+00	1.000000000000000000e+00	0.000000000000000000e+00
1.316630000000000000e+05	8.721000000000000000e+03	5.000000000000000000e+01	2.483864014956414579e+01	2.534568810319382948e+01	7.279779357886208002e-01	7.866212134890668839e-01	0.000000000000000000e+00	1.000000000000000000e+00	0.000000000000000000e+00
1.316630000000000000e+05	8.722000000000000000e+03	5.400000000000000000e+01	2.487368818382625690e+01	2.518277821813260076e+01	6.365565641937912522e-01	7.013384099216016798e-01	0.000000000000000000e+00	1.000000000000000000e+00	0.000000000000000000e+00
1.316630000000000000e+05	8.723000000000000000e+03	3.700000000000000000e+01	2.481694502175837158e+01	2.528015236375286179e+01	8.697933000013152727e-01	9.277185364222433339e-01	0.000000000000000000e+00	1.000000000000000000e+00	0.000000000000000000e+00
1.316630000000000000e+05	8.724000000000000000e+03	5.700000000000000000e+01	2.487707759013450826e+01	2.532018502413693994e+01	5.935096003650688345e-01	7.076563324197606697e-01	0.000000000000000000e+00	1.000000000000000000e+00	0.000000000000000000e+00
1.316630000000000000e+05	8.725000000000000000e+03	6.300000000000000000e+01	2.496925038622772419e+01	2.405778238131983926e+01	8.888689216128076165e-01	7.525713992285136822e-01	0.000000000000000000e+00	1.000000000000000000e+00	0.000000000000000000e+00
1.316630000000000000e+05	8.812000000000000000e+03	3.100000000000000000e+01	2.502202056668229346e+01	2.814167745424060740e+01	5.522244740372703742e-01	7.882085979694666289e-01	0.000000000000000000e+00	1.000000000000000000e+00	0.000000000000000000e+00
1.316630000000000000e+05	8.813000000000000000e+03	4.000000000000000000e+01	2.497671122048532766e+01	2.580798910431228776e+01	8.765922842065223541e-01	6.028172449474523686e-01	0.000000000000000000e+00	1.000000000000000000e+00	0.000000000000000000e+00
1.316630000000000000e+05	8.814000000000000000e+03	4.000000000000000000e+01	2.513082614936364934e+01	2.382788179956138563e+01	7.318967182416808992e-01	5.426005830828668497e-01	0.000000000000000000e+00	1.000000000000000000e+00	0.000000000000000000e+00
1.316630000000000000e+05	8.816000000000000000e+03	5.600000000000000000e+01	2.518163412687725966e+01	2.514444361404003914e+01	7.697784772908266016e-01	9.263232064512004760e-01	0.000000000000000000e+00	1.000000000000000000e+00	0.000000000000000000e+00
1.316630000000000000e+05	8.819000000000000000e+03	4.400000000000000000e+01	2.487390297861740862e+01	2.457640775512286879e+01	7.519119123575371821e-01	6.549754619701445568e-01	0.000000000000000000e+00	1.000000000000000000e+00	0.000000000000000000e+00
1.316630000000000000e+05	8.822000000000000000e+03	4.300000000000000000e+01	2.496828978055464177e+01	2.493126943547349583e+01	8.458890345797167587e-01	1.098902041401738972e+00	0.000000000000000000e+00	1.000000000000000000e+00	0.000000000000000000e+00
1.316630000000000000e+05	8.823000000000000000e+03	4.500000000000000000e+01	2.511609472799012366e+01	2.638573162624607704e+01	6.373569033041409648e-01	7.112235832549044234e-01	0.000000000000000000e+00	1.000000000000000000e+00	0.000000000000000000e+00
1.316630000000000000e+05	8.824000000000000000e+03	4.100000000000000000e+01	2.487281229439283692e+01	2.420160901211707127e+01	6.264452040249921527e-01	6.070602857367444205e-01	0.000000000000000000e+00	1.000000000000000000e+00	0.000000000000000000e+00
1.316630000000000000e+05	8.828000000000000000e+03	5.000000000000000000e+01	2.499727296124794051e+01	2.493003868928671451e+01	7.821014423939166571e-01	9.276334838851270082e-01	0.000000000000000000e+00	1.000000000000000000e+00	0.000000000000000000e+00
1.316630000000000000e+05	8.831000000000000000e+03	4.800000000000000000e+01	2.497540041375972919e+01	2.378966823618370441e+01	7.420283259897931805e-01	7.763184382753639534e-01	0.000000000000000000e+00	1.000000000000000000e+00	0.000000000000000000e+00
1.316640000000000000e+05	8.583000000000000000e+03	5.700000000000000000e+01	2.316765921712978482e+01	2.445963932951882214e+01	5.651624657925442552e-01	8.877321977519663232e-01	0.000000000000000000e+00	1.000000000000000000e+00	0.000000000000000000e+00
1.316640000000000000e+05	8.586000000000000000e+03	5.400000000000000000e+01	2.328424868280563942e+01	2.421574399110996012e+01	8.309934740083733118e-01	9.563135897837298227e-01	0.000000000000000000e+00	1.000000000000000000e+00	0.000000000000000000e+00
1.316640000000000000e+05	8.594000000000000000e+03	8.200000000000000000e+01	2.328475362284259731e+01	2.113143654235596358e+01	8.778670685455846057e-01	9.503760834385479583e-01	0.000000000000000000e+00	1.000000000000000000e+00	0.000000000000000000e+00
1.316640000000000000e+05	8.597000000000000000e+03	6.600000000000000000e+01	2.317784090608312297e+01	2.214969855901809126e+01	7.007374058976951758e-01	7.685634195482711206e-01	0.000000000000000000e+00	1.000000000000000000e+00	0.000000000000000000e+00
1.316640000000000000e+05	8.686000000000000000e+03	6.400000000000000000e+01	2.337242885761688171e+01	2.267374262092559789e+01	9.045180183784226058e-01	9.543940221197715346e-01	0.000000000000000000e+00	1.000000000000000000e+00	0.000000000000000000e+00
1.316640000000000000e+05	8.688000000000000000e+03	6.800000000000000000e+01	2.307126006108016369e+01	2.238565636963696193e+01	8.049629528081898577e-01	9.068196882825843019e-01	0.000000000000000000e+00	1.000000000000000000e+00	0.000000000000000000e+00
1.316640000000000000e+05	8.695000000000000000e+03	8.300000000000000000e+01	2.314194099826170969e+01	2.141585909026249368e+01	9.180664454351374903e-01	8.790087851220025339e-01	0.000000000000000000e+00	1.000000000000000000e+00	0.000000000000000000e+00
1.316640000000000000e+05	8.700000000000000000e+03	7.200000000000000000e+01	2.316446520678037757e+01	2.040935031789139131e+01	7.437641928175111605e-01	7.087937635141063897e-01	0.000000000000000000e+00	1.000000000000000000e+00	0.000000000000000000e+00
1.316640000000000000e+05	8.704000000000000000e+03	6.600000000000000000e+01	2.313221356168297049e+01	2.696540891234204551e+01	1.066801262542327100e+00	8.730186368657889551e-01	0.000000000000000000e+00	1.000000000000000000e+00	0.000000000000000000e+00
1.316640000000000000e+05	8.705000000000000000e+03	5.100000000000000000e+01	2.325517784843858493e+01	2.405404682021230300e+01	7.222979118974506285e-01	7.522034842955632739e-01	0.000000000000000000e+00	1.000000000000000000e+00	0.000000000000000000e+00
1.316640000000000000e+05	8.706000000000000000e+03	5.200000000000000000e+01	2.311688205657775441e+01	2.438676620883079593e+01	1.057705369137595719e+00	9.382998525789880695e-01	0.000000000000000000e+00	1.000000000000000000e+00	0.000000000000000000e+00
1.316640000000000000e+05	8.711000000000000000e+03	5.700000000000000000e+01	2.342628904242708288e+01	2.235719567682355446e+01	7.952572106549666842e-01	6.301781839343942870e-01	0.000000000000000000e+00	1.000000000000000000e+00	0.000000000000000000e+00
1.316640000000000000e+05	8.718000000000000000e+03	5.800000000000000000e+01	2.308182192122246335e+01	2.397309461662129237e+01	9.029713213800684146e-01	5.539448643284711205e-01	0.000000000000000000e+00	1.000000000000000000e+00	0.000000000000000000e+00
1.316640000000000000e+05	8.720000000000000000e+03	6.100000000000000000e+01	2.334138886453305162e+01	2.576852398976271630e+01	7.198301074527618804e-01	8.985961333948206953e-01	0.000000000000000000e+00	1.000000000000000000e+00	0.000000000000000000e+00
1.316640000000000000e+05	8.721000000000000000e+03	4.200000000000000000e+01	2.326805630099739730e+01	2.550429460746831367e+01	6.139131476318389069e-01	8.621073907129768177e-01	0.000000000000000000e+00	1.000000000000000000e+00	0.000000000000000000e+00
1.316640000000000000e+05	8.722000000000000000e+03	5.100000000000000000e+01	2.336087219763604494e+01	2.488626267782919399e+01	7.507987298829973399e-01	7.702885097484555299e-01	0.000000000000000000e+00	1.000000000000000000e+00	0.000000000000000000e+00
1.316640000000000000e+05	8.724000000000000000e+03	5.400000000000000000e+01	2.327520013061323567e+01	2.483445346303411227e+01	9.920471457585195996e-01	7.849500999100322840e-01	0.000000000000000000e+00	1.000000000000000000e+00	0.000000000000000000e+00
1.316640000000000000e+05	8.725000000000000000e+03	6.200000000000000000e+01	2.300061441367907022e+01	2.383355006638856111e+01	8.475497777557711165e-01	8.174502974108147635e-01	0.000000000000000000e+00	1.000000000000000000e+00	0.000000000000000000e+00
1.316640000000000000e+05	8.726000000000000000e+03	5.500000000000000000e+01	2.316485494127863376e+01	2.432113200308043588e+01	6.875754075528249798e-01	6.908300678717118615e-01	0.000000000000000000e+00	1.000000000000000000e+00	0.000000000000000000e+00
1.316640000000000000e+05	8.727000000000000000e+03	4.600000000000000000e+01	2.313829517785161016e+01	2.697796129454390623e+01	7.650112031929813261e-01	7.534126963963557744e-01	0.000000000000000000e+00	1.000000000000000000e+00	0.000000000000000000e+00
1.316640000000000000e+05	8.811000000000000000e+03	5.200000000000000000e+01	2.343617313714472772e+01	2.637224403828935237e+01	7.122253277032959407e-01	8.281127884883561219e-01	0.000000000000000000e+00	1.000000000000000000e+00	0.000000000000000000e+00
1.316640000000000000e+05	8.813000000000000000e+03	5.200000000000000000e+01	2.306886798027964147e+01	2.589433402534274009e+01	8.102529997505643067e-01	8.167845952019161526e-01	0.000000000000000000e+00	1.000000000000000000e+00	0.000000000000000000e+00
1.316640000000000000e+05	8.815000000000000000e+03	5.000000000000000000e+01	2.309534142334030804e+01	2.625695085769016401e+01	9.007638642466698764e-01	8.290745123311211717e-01	0.000000000000000000e+00	1.000000000000000000e+00	0.000000000000000000e+00
1.316640000000000000e+05	8.816000000000000000e+03	5.900000000000000000e+01	2.303762247059212598e+01	2.555548495405271581e+01	8.332980013039487099e-01	8.986847287289698727e-01	0.000000000000000000e+00	1.000000000000000000e+00	0.000000000000000000e+00
1.316640000000000000e+05	8.823000000000000000e+03	5.700000000000000000e+01	2.327149418120976065e+01	2.611195129338323895e+01	9.108970612648339404e-01	7.691098146706460970e-01	0.000000000000000000e+00	1.000000000000000000e+00	0.000000000000000000e+00
1.316640000000000000e+05	8.824000000000000000e+03	7.100000000000000000e+01	2.337653659945447160e+01	2.420997184297030458e+01	9.601378314891479970e-01	8.024033723886684344e-01	0.000000000000000000e+00	1.000000000000000000e+00	0.000000000000000000e+00
1.316640000000000000e+05	8.828000000000000000e+03	5.300000000000000000e+01	2.299432975318492822e+01	2.504652796947605964e+01	1.384331205194233805e+00	6.836786889276144086e-01	0.000000000000000000e+00	1.000000000000000000e+00	0.000000000000000000e+00
1.316640000000000000e+05	8.831000000000000000e+03	6.400000000000000000e+01	2.334253981262711264e+01	2.365797363249531671e+01	8.838492165977478443e-01	8.901689620896431343e-01	0.000000000000000000e+00	1.000000000000000000e+00	0.000000000000000000e+00
1.316650000000000000e+05	8.576000000000000000e+03	4.900000000000000000e+01	2.601896453969390066e+01	2.207938510935227328e+01	6.733512995623370800e-01	8.894633423863529398e-01	0.000000000000000000e+00	1.000000000000000000e+00	0.000000000000000000e+00
1.316650000000000000e+05	8.577000000000000000e+03	4.600000000000000000e+01	2.580204211876226239e+01	2.390604299883696626e+01	5.847569243762880120e-01	9.238038263698211683e-01	0.000000000000000000e+00	1.000000000000000000e+00	0.000000000000000000e+00
1.316650000000000000e+05	8.579000000000000000e+03	5.800000000000000000e+01	2.589886280042063760e+01	2.467249689773538535e+01	7.885354460488743777e-01	6.709839973905954436e-01	0.000000000000000000e+00	1.000000000000000000e+00	0.000000000000000000e+00
1.316650000000000000e+05	8.583000000000000000e+03	6.700000000000000000e+01	2.586648246196621770e+01	2.441859695905381145e+01	7.626943049938940122e-01	8.219417791704619614e-01	0.000000000000000000e+00	1.000000000000000000e+00	0.000000000000000000e+00
1.316650000000000000e+05	8.584000000000000000e+03	4.400000000000000000e+01	2.605257992135246425e+01	2.134093128872289213e+01	6.623510351733692403e-01	9.421441449208327601e-01	0.000000000000000000e+00	1.000000000000000000e+00	0.000000000000000000e+00
1.316650000000000000e+05	8.586000000000000000e+03	5.300000000000000000e+01	2.584976313362972178e+01	2.433594264209835956e+01	8.997048346207658920e-01	8.777209200215280172e-01	0.000000000000000000e+00	1.000000000000000000e+00	0.000000000000000000e+00
1.316650000000000000e+05	8.591000000000000000e+03	4.700000000000000000e+01	2.576728134990233343e+01	2.111610419089370438e+01	5.960300638533241324e-01	6.255010818071040646e-01	0.000000000000000000e+00	1.000000000000000000e+00	0.000000000000000000e+00
1.316650000000000000e+05	8.594000000000000000e+03	6.400000000000000000e+01	2.580999043644612456e+01	2.131447971338923963e+01	6.996461996887018975e-01	9.922131520867836230e-01	0.000000000000000000e+00	1.000000000000000000e+00	0.000000000000000000e+00
1.316650000000000000e+05	8.597000000000000000e+03	6.200000000000000000e+01	2.595007112315884967e+01	2.221945185987865301e+01	6.910670300355570284e-01	9.254766154084396179e-01	0.000000000000000000e+00	1.000000000000000000e+00	0.000000000000000000e+00
1.316650000000000000e+05	8.676000000000000000e+03	5.700000000000000000e+01	2.590069811964469793e+01	2.288549099648889396e+01	5.738033993894021689e-01	1.233241985515576289e+00	0.000000000000000000e+00	1.000000000000000000e+00	0.000000000000000000e+00
1.316650000000000000e+05	8.677000000000000000e+03	4.900000000000000000e+01	2.592986330648580662e+01	2.493456998474789899e+01	8.817653908348607183e-01	8.856665283981673964e-01	0.000000000000000000e+00	1.000000000000000000e+00	0.000000000000000000e+00
1.316650000000000000e+05	8.680000000000000000e+03	4.700000000000000000e+01	2.596510210387562978e+01	2.082058519230031379e+01	7.262944751490827411e-01	8.259062476847321976e-01	0.000000000000000000e+00	1.000000000000000000e+00	0.000000000000000000e+00
1.316650000000000000e+05	8.681000000000000000e+03	3.500000000000000000e+01	2.603710718806084046e+01	2.429870144941024535e+01	9.152283585503755425e-01	8.396907277800300662e-01	0.000000000000000000e+00	1.000000000000000000e+00	0.000000000000000000e+00
1.316650000000000000e+05	8.685000000000000000e+03	3.900000000000000000e+01	2.590676999175589046e+01	2.457852465753855498e+01	8.355395831547987040e-01	5.349820869506636267e-01	0.000000000000000000e+00	1.000000000000000000e+00	0.000000000000000000e+00
1.316650000000000000e+05	8.686000000000000000e+03	5.900000000000000000e+01	2.608365582055287746e+01	2.292911307161691070e+01	8.752140240936264748e-01	8.163640931073441465e-01	0.000000000000000000e+00	1.000000000000000000e+00	0.000000000000000000e+00
1.316650000000000000e+05	8.687000000000000000e+03	6.000000000000000000e+01	2.590700059210132622e+01	2.132327781301697200e+01	7.570325210306266817e-01	7.778071573528830829e-01	0.000000000000000000e+00	1.000000000000000000e+00	0.000000000000000000e+00
1.316650000000000000e+05	8.688000000000000000e+03	5.200000000000000000e+01	2.584741687506760854e+01	2.240239168134212377e+01	7.927847510842813694e-01	9.328337602147951380e-01	0.000000000000000000e+00	1.000000000000000000e+00	0.000000000000000000e+00
1.316650000000000000e+05	8.689000000000000000e+03	6.700000000000000000e+01	2.596854851910990902e+01	2.251400480446588404e+01	6.553041046501968392e-01	8.962485720620773089e-01	0.000000000000000000e+00	1.000000000000000000e+00	0.000000000000000000e+00
1.316650000000000000e+05	8.691000000000000000e+03	5.100000000000000000e+01	2.595284783099919323e+01	2.077684972700872024e+01	7.847352062276607976e-01	6.281998796363560400e-01	0.000000000000000000e+00	1.000000000000000000e+00	0.000000000000000000e+00
1.316650000000000000e+05	8.693000000000000000e+03	5.700000000000000000e+01	2.594345275812266038e+01	2.231025153140206641e+01	9.048416194746926600e-01	8.529462392485481770e-01	0.000000000000000000e+00	1.000000000000000000e+00	0.000000000000000000e+00
1.316650000000000000e+05	8.695000000000000000e+03	6.300000000000000000e+01	2.614488042961202297e+01	2.149850345318039757e+01	8.837294929996513115e-01	1.072066372270406243e+00	0.000000000000000000e+00	1.000000000000000000e+00	0.000000000000000000e+00
1.316650000000000000e+05	8.699000000000000000e+03	3.300000000000000000e+01	2.607490413452826061e+01	2.477190233504459727e+01	6.842822110962856197e-01	7.885289119176024375e-01	0.000000000000000000e+00	1.000000000000000000e+00	0.000000000000000000e+00
1.316650000000000000e+05	8.701000000000000000e+03	4.400000000000000000e+01	2.607736087635328204e+01	2.277110543722774239e+01	6.568279393608288386e-01	9.211972357084741159e-01	0.000000000000000000e+00	1.000000000000000000e+00	0.000000000000000000e+00
1.316650000000000000e+05	8.703000000000000000e+03	6.500000000000000000e+01	2.612371679681652381e+01	2.375463705512065360e+01	8.347385000714319103e-01	9.803686860001432635e-01	0.000000000000000000e+00	1.000000000000000000e+00	0.000000000000000000e+00
1.316650000000000000e+05	8.704000000000000000e+03	6.400000000000000000e+01	2.591405170576617323e+01	2.684514905895110815e+01	8.857877118528514337e-01	7.355372825753095922e-01	0.000000000000000000e+00	1.000000000000000000e+00	0.000000000000000000e+00
1.316650000000000000e+05	8.705000000000000000e+03	5.900000000000000000e+01	2.574213768834464133e+01	2.404014687707102382e+01	9.975004253059266413e-01	9.074590647350239125e-01	0.000000000000000000e+00	1.000000000000000000e+00	0.000000000000000000e+00
1.316650000000000000e+05	8.706000000000000000e+03	3.800000000000000000e+01	2.592553304154701976e+01	2.455117363254139917e+01	8.192410475081933763e-01	5.332822808588901786e-01	0.000000000000000000e+00	1.000000000000000000e+00	0.000000000000000000e+00
1.316650000000000000e+05	8.707000000000000000e+03	6.100000000000000000e+01	2.590725690747650134e+01	2.311013949200244610e+01	6.616998378724262553e-01	7.991867360032079981e-01	0.000000000000000000e+00	1.000000000000000000e+00	0.000000000000000000e+00
1.316650000000000000e+05	8.709000000000000000e+03	4.300000000000000000e+01	2.594801279338260613e+01	2.560076037365993784e+01	8.329426694662698250e-01	7.429124733254452995e-01	0.000000000000000000e+00	1.000000000000000000e+00	0.000000000000000000e+00
1.316650000000000000e+05	8.712000000000000000e+03	5.400000000000000000e+01	2.588312858161856411e+01	2.422841576950498066e+01	1.019389995633886770e+00	9.365122125456115665e-01	0.000000000000000000e+00	1.000000000000000000e+00	0.000000000000000000e+00
1.316650000000000000e+05	8.714000000000000000e+03	4.400000000000000000e+01	2.573218077025635964e+01	2.354893438664991834e+01	9.016311380870246639e-01	6.944755271428362242e-01	0.000000000000000000e+00	1.000000000000000000e+00	0.000000000000000000e+00
1.316650000000000000e+05	8.718000000000000000e+03	4.800000000000000000e+01	2.614349798084156262e+01	2.376724902135071460e+01	6.592878957978878240e-01	8.213517322743185689e-01	0.000000000000000000e+00	1.000000000000000000e+00	0.000000000000000000e+00
1.316650000000000000e+05	8.719000000000000000e+03	4.400000000000000000e+01	2.597171865147960546e+01	2.447389585103824317e+01	8.347248458541621785e-01	9.538571467612509958e-01	0.000000000000000000e+00	1.000000000000000000e+00	0.000000000000000000e+00
1.316650000000000000e+05	8.720000000000000000e+03	5.300000000000000000e+01	2.591584839512757199e+01	2.575861678564695723e+01	7.259368944015076597e-01	9.435894818808322482e-01	0.000000000000000000e+00	1.000000000000000000e+00	0.000000000000000000e+00
1.316650000000000000e+05	8.721000000000000000e+03	5.500000000000000000e+01	2.570254034167502866e+01	2.525240330801807076e+01	1.028199982473097407e+00	8.809731699258285254e-01	0.000000000000000000e+00	1.000000000000000000e+00	0.000000000000000000e+00
1.316650000000000000e+05	8.722000000000000000e+03	6.700000000000000000e+01	2.571486703985937083e+01	2.512058339515949257e+01	8.185540235430605049e-01	8.631206786449081569e-01	0.000000000000000000e+00	1.000000000000000000e+00	0.000000000000000000e+00
1.316650000000000000e+05	8.723000000000000000e+03	4.200000000000000000e+01	2.607815928274132844e+01	2.551547423634018941e+01	8.768704931955457749e-01	5.341103562945295202e-01	0.000000000000000000e+00	1.000000000000000000e+00	0.000000000000000000e+00
1.316650000000000000e+05	8.725000000000000000e+03	5.900000000000000000e+01	2.588577570020783369e+01	2.401407232227605348e+01	7.985081328498002673e-01	8.393998681433704201e-01	0.000000000000000000e+00	1.000000000000000000e+00	0.000000000000000000e+00
1.316650000000000000e+05	8.726000000000000000e+03	4.400000000000000000e+01	2.591615140489570734e+01	2.417862927112062010e+01	8.010067983417047399e-01	7.847823868164025551e-01	0.000000000000000000e+00	1.000000000000000000e+00	0.000000000000000000e+00
1.316650000000000000e+05	8.727000000000000000e+03	6.100000000000000000e+01	2.591508582105920411e+01	2.708370763808260051e+01	8.651593222445592701e-01	8.731775113283384293e-01	0.000000000000000000e+00	1.000000000000000000e+00	0.000000000000000000e+00
1.316650000000000000e+05	8.728000000000000000e+03	4.400000000000000000e+01	2.590580577120904593e+01	2.512036830355093997e+01	7.473878589580826848e-01	1.042322298792667468e+00	0.000000000000000000e+00	1.000000000000000000e+00	0.000000000000000000e+00
1.316650000000000000e+05	8.731000000000000000e+03	3.300000000000000000e+01	2.597882254415592129e+01	2.450903051137829536e+01	8.267938349149369648e-01	6.278779938290556251e-01	0.000000000000000000e+00	1.000000000000000000e+00	0.000000000000000000e+00
1.316650000000000000e+05	8.819000000000000000e+03	4.700000000000000000e+01	2.577150956151123395e+01	2.468058533213215355e+01	8.012139642369187076e-01	8.075326255712065304e-01	0.000000000000000000e+00	1.000000000000000000e+00	0.000000000000000000e+00
1.316650000000000000e+05	8.820000000000000000e+03	4.100000000000000000e+01	2.589891226556418502e+01	2.351254333436126487e+01	8.228383806510223275e-01	6.064331086506530299e-01	0.000000000000000000e+00	1.000000000000000000e+00	0.000000000000000000e+00
1.316650000000000000e+05	8.822000000000000000e+03	4.000000000000000000e+01	2.570250152562108070e+01	2.517370938689831661e+01	7.254690311771352373e-01	8.105001978808378249e-01	0.000000000000000000e+00	1.000000000000000000e+00	0.000000000000000000e+00
1.316650000000000000e+05	8.823000000000000000e+03	5.100000000000000000e+01	2.592606710478157339e+01	2.608886764075694487e+01	8.583443831281625247e-01	9.583930460050642530e-01	0.000000000000000000e+00	1.000000000000000000e+00	0.000000000000000000e+00
1.316650000000000000e+05	8.824000000000000000e+03	5.600000000000000000e+01	2.572092787565873095e+01	2.409913788024796943e+01	1.017223131547039028e+00	7.843843671969711329e-01	0.000000000000000000e+00	1.000000000000000000e+00	0.000000000000000000e+00
1.316650000000000000e+05	8.826000000000000000e+03	4.400000000000000000e+01	2.598362627221034415e+01	2.699230306742303398e+01	8.703560709200407475e-01	6.782319341206476393e-01	0.000000000000000000e+00	1.000000000000000000e+00	0.000000000000000000e+00
1.316650000000000000e+05	8.827000000000000000e+03	3.900000000000000000e+01	2.583218589594756764e+01	2.506953069338150186e+01	7.304560990022683775e-01	7.952777445308278903e-01	0.000000000000000000e+00	1.000000000000000000e+00	0.000000000000000000e+00
1.316650000000000000e+05	8.828000000000000000e+03	5.800000000000000000e+01	2.588167735961459925e+01	2.484650603591067863e+01	7.438006793199601896e-01	1.037542404095209259e+00	0.000000000000000000e+00	1.000000000000000000e+00	0.000000000000000000e+00
1.316650000000000000e+05	8.829000000000000000e+03	3.100000000000000000e+01	2.600787393682013615e+01	2.555934042346896717e+01	8.060298236910663494e-01	6.190215764404701781e-01	0.000000000000000000e+00	1.000000000000000000e+00	0.000000000000000000e+00
1.316650000000000000e+05	8.831000000000000000e+03	5.500000000000000000e+01	2.582376292082619784e+01	2.381332266142650411e+01	9.042526087120081879e-01	9.847804525280056120e-01	0.000000000000000000e+00	1.000000000000000000e+00	0.000000000000000000e+00
1.316660000000000000e+05	8.577000000000000000e+03	5.100000000000000000e+01	2.724544748601235256e+01	2.399222652407952694e+01	8.949261016460254847e-01	7.696270309885296923e-01	0.000000000000000000e+00	1.000000000000000000e+00	0.000000000000000000e+00
1.316660000000000000e+05	8.578000000000000000e+03	4.700000000000000000e+01	2.721037322936931702e+01	2.210758190274635027e+01	8.171937838384372155e-01	8.269499825532805604e-01	0.000000000000000000e+00	1.000000000000000000e+00	0.000000000000000000e+00
1.316660000000000000e+05	8.579000000000000000e+03	7.600000000000000000e+01	2.720941211657194359e+01	2.482888632411628649e+01	9.727992889690207923e-01	9.758973125468247689e-01	0.000000000000000000e+00	1.000000000000000000e+00	0.000000000000000000e+00
1.316660000000000000e+05	8.582000000000000000e+03	3.900000000000000000e+01	2.707181277365927485e+01	2.580042658000084899e+01	8.060929976751783910e-01	7.866317271476953588e-01	0.000000000000000000e+00	1.000000000000000000e+00	0.000000000000000000e+00
1.316660000000000000e+05	8.583000000000000000e+03	5.200000000000000000e+01	2.705006808030541876e+01	2.425141164502256430e+01	1.035238436670719686e+00	1.026647537062087112e+00	0.000000000000000000e+00	1.000000000000000000e+00	0.000000000000000000e+00
1.316660000000000000e+05	8.586000000000000000e+03	5.000000000000000000e+01	2.714912094183829794e+01	2.429199172002063989e+01	8.618747930686719849e-01	9.070005329344891232e-01	0.000000000000000000e+00	1.000000000000000000e+00	0.000000000000000000e+00
1.316660000000000000e+05	8.591000000000000000e+03	4.600000000000000000e+01	2.718680974134910144e+01	2.076885415956667913e+01	6.853059282921939444e-01	8.398849194247636207e-01	0.000000000000000000e+00	1.000000000000000000e+00	0.000000000000000000e+00
1.316660000000000000e+05	8.593000000000000000e+03	5.600000000000000000e+01	2.700138780600453359e+01	2.393586519801433354e+01	8.738099131843971579e-01	9.997865813242131638e-01	0.000000000000000000e+00	1.000000000000000000e+00	0.000000000000000000e+00
1.316660000000000000e+05	8.600000000000000000e+03	4.100000000000000000e+01	2.729563937230834370e+01	2.363407659758338397e+01	6.534092926813227509e-01	6.578087089801373244e-01	0.000000000000000000e+00	1.000000000000000000e+00	0.000000000000000000e+00
1.316660000000000000e+05	8.685000000000000000e+03	6.300000000000000000e+01	2.721785900999898899e+01	2.448911368040628389e+01	9.709467068786558075e-01	8.758941861694159448e-01	0.000000000000000000e+00	1.000000000000000000e+00	0.000000000000000000e+00
1.316660000000000000e+05	8.686000000000000000e+03	6.200000000000000000e+01	2.733381684472963258e+01	2.293829161952519868e+01	8.488908886501258522e-01	7.490931699390899201e-01	0.000000000000000000e+00	1.000000000000000000e+00	0.000000000000000000e+00
1.316660000000000000e+05	8.687000000000000000e+03	5.000000000000000000e+01	2.715200198512704333e+01	2.103375220681456881e+01	7.504807990808955998e-01	9.077561671427512024e-01	0.000000000000000000e+00	1.000000000000000000e+00	0.000000000000000000e+00
1.316660000000000000e+05	8.688000000000000000e+03	5.500000000000000000e+01	2.750570745865019973e+01	2.244304763619837928e+01	9.742562860435293182e-01	8.758152355621661167e-01	0.000000000000000000e+00	1.000000000000000000e+00	0.000000000000000000e+00
1.316660000000000000e+05	8.689000000000000000e+03	6.500000000000000000e+01	2.724129438447404539e+01	2.260673861649115679e+01	7.265660133178174496e-01	9.536450463504518860e-01	0.000000000000000000e+00	1.000000000000000000e+00	0.000000000000000000e+00
1.316660000000000000e+05	8.695000000000000000e+03	5.800000000000000000e+01	2.750264627491364422e+01	2.159113796061697954e+01	9.073485174676109155e-01	1.047837170724873701e+00	0.000000000000000000e+00	1.000000000000000000e+00	0.000000000000000000e+00
1.316660000000000000e+05	8.703000000000000000e+03	6.900000000000000000e+01	2.726834547001728737e+01	2.367384284049854415e+01	6.246215697424934987e-01	9.687373469345704757e-01	0.000000000000000000e+00	1.000000000000000000e+00	0.000000000000000000e+00
1.316660000000000000e+05	8.704000000000000000e+03	5.700000000000000000e+01	2.750174070617164190e+01	2.685039629356656832e+01	7.107680058659134881e-01	9.773542968440486201e-01	0.000000000000000000e+00	1.000000000000000000e+00	0.000000000000000000e+00
1.316660000000000000e+05	8.705000000000000000e+03	4.100000000000000000e+01	2.733180088771826632e+01	2.417774600573518740e+01	8.664412959729722585e-01	8.020982228944361081e-01	0.000000000000000000e+00	1.000000000000000000e+00	0.000000000000000000e+00
1.316660000000000000e+05	8.707000000000000000e+03	7.000000000000000000e+01	2.712915132223347925e+01	2.321627026647015768e+01	9.790458968648543259e-01	7.102071140170460595e-01	0.000000000000000000e+00	1.000000000000000000e+00	0.000000000000000000e+00
1.316660000000000000e+05	8.714000000000000000e+03	4.200000000000000000e+01	2.711978946969968973e+01	2.357089131628531931e+01	6.702372814391277522e-01	7.416925643968231840e-01	0.000000000000000000e+00	1.000000000000000000e+00	0.000000000000000000e+00
1.316660000000000000e+05	8.718000000000000000e+03	4.800000000000000000e+01	2.748344670537021983e+01	2.403805405948855878e+01	8.875502981374278066e-01	6.252929115942641447e-01	0.000000000000000000e+00	1.000000000000000000e+00	0.000000000000000000e+00
1.316660000000000000e+05	8.719000000000000000e+03	4.800000000000000000e+01	2.754505048012768853e+01	2.466821660073788891e+01	8.154021802887371217e-01	7.383367200571355760e-01	0.000000000000000000e+00	1.000000000000000000e+00	0.000000000000000000e+00
1.316660000000000000e+05	8.720000000000000000e+03	6.000000000000000000e+01	2.709871947965179118e+01	2.551005110878117677e+01	1.000643564004169317e+00	8.331383191666036359e-01	0.000000000000000000e+00	1.000000000000000000e+00	0.000000000000000000e+00
1.316660000000000000e+05	8.721000000000000000e+03	6.600000000000000000e+01	2.732918858957736674e+01	2.545717252189655611e+01	1.172899683803408477e+00	6.392676083107878826e-01	0.000000000000000000e+00	1.000000000000000000e+00	0.000000000000000000e+00
1.316660000000000000e+05	8.722000000000000000e+03	6.200000000000000000e+01	2.696643590084851994e+01	2.505500865802277843e+01	1.310068397597331069e+00	8.298959273516850477e-01	0.000000000000000000e+00	1.000000000000000000e+00	0.000000000000000000e+00
1.316660000000000000e+05	8.723000000000000000e+03	5.000000000000000000e+01	2.721310459932585601e+01	2.538858025427201781e+01	1.056037016042187471e+00	7.119172949921576121e-01	0.000000000000000000e+00	1.000000000000000000e+00	0.000000000000000000e+00
1.316660000000000000e+05	8.724000000000000000e+03	9.200000000000000000e+01	2.704533454687013716e+01	2.486381026402771965e+01	1.196783345568670720e+00	8.601655076336808259e-01	0.000000000000000000e+00	1.000000000000000000e+00	0.000000000000000000e+00
1.316660000000000000e+05	8.725000000000000000e+03	5.800000000000000000e+01	2.739921365106484430e+01	2.403468049204033363e+01	1.048767397852051086e+00	8.658523805942177631e-01	0.000000000000000000e+00	1.000000000000000000e+00	0.000000000000000000e+00
1.316660000000000000e+05	8.726000000000000000e+03	5.600000000000000000e+01	2.725571262626193558e+01	2.397373432286655870e+01	8.546952310904615269e-01	1.145747613540581078e+00	0.000000000000000000e+00	1.000000000000000000e+00	0.000000000000000000e+00
1.316660000000000000e+05	8.727000000000000000e+03	5.100000000000000000e+01	2.715538553768201169e+01	2.707940612378722989e+01	9.767484204885586996e-01	8.193372457900340855e-01	0.000000000000000000e+00	1.000000000000000000e+00	0.000000000000000000e+00
1.316660000000000000e+05	8.817000000000000000e+03	5.600000000000000000e+01	2.723042450126677139e+01	2.385601570718374020e+01	8.346747767496717207e-01	7.992543429170602121e-01	0.000000000000000000e+00	1.000000000000000000e+00	0.000000000000000000e+00
1.316660000000000000e+05	8.819000000000000000e+03	4.300000000000000000e+01	2.712410147563005935e+01	2.442618452712467914e+01	9.879780634827874941e-01	8.034896910912240342e-01	0.000000000000000000e+00	1.000000000000000000e+00	0.000000000000000000e+00
1.316660000000000000e+05	8.820000000000000000e+03	6.000000000000000000e+01	2.698447138163940906e+01	2.328808559423627500e+01	9.566600288670493724e-01	8.118954145416409363e-01	0.000000000000000000e+00	1.000000000000000000e+00	0.000000000000000000e+00
1.316660000000000000e+05	8.821000000000000000e+03	4.700000000000000000e+01	2.711073894462160538e+01	2.400851391186851558e+01	9.342619277605458405e-01	8.589004289949858650e-01	0.000000000000000000e+00	1.000000000000000000e+00	0.000000000000000000e+00
1.316660000000000000e+05	8.822000000000000000e+03	4.300000000000000000e+01	2.714824349672812076e+01	2.522963899834656587e+01	9.944256763656120768e-01	6.991428143635505243e-01	0.000000000000000000e+00	1.000000000000000000e+00	0.000000000000000000e+00
1.316660000000000000e+05	8.823000000000000000e+03	7.200000000000000000e+01	2.720035183918875887e+01	2.620430762003739744e+01	1.068742649574961678e+00	6.117597087030675063e-01	0.000000000000000000e+00	1.000000000000000000e+00	0.000000000000000000e+00
1.316660000000000000e+05	8.824000000000000000e+03	6.100000000000000000e+01	2.721402941800224795e+01	2.410016831677629412e+01	9.275434193359424206e-01	6.193401854863614941e-01	0.000000000000000000e+00	1.000000000000000000e+00	0.000000000000000000e+00
1.316660000000000000e+05	8.825000000000000000e+03	5.100000000000000000e+01	2.720645625404519663e+01	2.610932016528762745e+01	1.064078505870270863e+00	1.009412875356169970e+00	0.000000000000000000e+00	1.000000000000000000e+00	0.000000000000000000e+00
1.316660000000000000e+05	8.827000000000000000e+03	3.800000000000000000e+01	2.708359649937573721e+01	2.505330085041380883e+01	7.042912574419849525e-01	6.983430639433424458e-01	0.000000000000000000e+00	1.000000000000000000e+00	0.000000000000000000e+00
1.316660000000000000e+05	8.828000000000000000e+03	6.200000000000000000e+01	2.723849232186378089e+01	2.491581517536940638e+01	1.010031000646646193e+00	7.296934525077853895e-01	0.000000000000000000e+00	1.000000000000000000e+00	0.000000000000000000e+00
1.316660000000000000e+05	8.829000000000000000e+03	4.400000000000000000e+01	2.725152986755435336e+01	2.508997486011116962e+01	9.437441479860038118e-01	8.428543658035204666e-01	0.000000000000000000e+00	1.000000000000000000e+00	0.000000000000000000e+00
1.316660000000000000e+05	8.831000000000000000e+03	6.500000000000000000e+01	2.726448575752381487e+01	2.382371105139166900e+01	8.755287147410799609e-01	9.814560974731363352e-01	0.000000000000000000e+00	1.000000000000000000e+00	0.000000000000000000e+00
1.316670000000000000e+05	8.576000000000000000e+03	5.200000000000000000e+01	2.559317126944951681e+01	2.233946066300282851e+01	6.197802052494877367e-01	8.534117347818239718e-01	0.000000000000000000e+00	1.000000000000000000e+00	0.000000000000000000e+00
1.316670000000000000e+05	8.578000000000000000e+03	6.600000000000000000e+01	2.507985150663067486e+01	2.214145995302571279e+01	9.086578684760792113e-01	8.328243835027485664e-01	0.000000000000000000e+00	1.000000000000000000e+00	0.000000000000000000e+00
1.316670000000000000e+05	8.579000000000000000e+03	4.600000000000000000e+01	2.523820517225592397e+01	2.470231602215075739e+01	8.064127219999733809e-01	8.102478920513004335e-01	0.000000000000000000e+00	1.000000000000000000e+00	0.000000000000000000e+00
1.316670000000000000e+05	8.581000000000000000e+03	5.700000000000000000e+01	2.518131091992641757e+01	2.258788786348222644e+01	8.121421924761431654e-01	8.340422470564274882e-01	0.000000000000000000e+00	1.000000000000000000e+00	0.000000000000000000e+00
1.316670000000000000e+05	8.583000000000000000e+03	5.300000000000000000e+01	2.535429347174677872e+01	2.403024430652918753e+01	7.150187809299901609e-01	1.223542874279498927e+00	0.000000000000000000e+00	1.000000000000000000e+00	0.000000000000000000e+00
1.316670000000000000e+05	8.586000000000000000e+03	5.000000000000000000e+01	2.521791443131634125e+01	2.440720174723413649e+01	9.190968899597045105e-01	9.726668159235730693e-01	0.000000000000000000e+00	1.000000000000000000e+00	0.000000000000000000e+00
1.316670000000000000e+05	8.593000000000000000e+03	3.300000000000000000e+01	2.528984446801283426e+01	2.405755141188617685e+01	7.961786923272096139e-01	6.100964371839667777e-01	0.000000000000000000e+00	1.000000000000000000e+00	0.000000000000000000e+00
1.316670000000000000e+05	8.597000000000000000e+03	5.900000000000000000e+01	2.526647767728892546e+01	2.221290570149936983e+01	8.250486164714688764e-01	9.106919398648765096e-01	0.000000000000000000e+00	1.000000000000000000e+00	0.000000000000000000e+00
1.316670000000000000e+05	8.598000000000000000e+03	5.100000000000000000e+01	2.526408669161157761e+01	2.221926309041217351e+01	7.720134993617264740e-01	6.274642586260865684e-01	0.000000000000000000e+00	1.000000000000000000e+00	0.000000000000000000e+00
1.316670000000000000e+05	8.677000000000000000e+03	6.600000000000000000e+01	2.517571080421023311e+01	2.492226731645689242e+01	9.773642040543427667e-01	8.854704909869196561e-01	0.000000000000000000e+00	1.000000000000000000e+00	0.000000000000000000e+00
1.316670000000000000e+05	8.683000000000000000e+03	4.900000000000000000e+01	2.514415861062586188e+01	2.277680358828910201e+01	8.842957637887037814e-01	9.232341799145771244e-01	0.000000000000000000e+00	1.000000000000000000e+00	0.000000000000000000e+00
1.316670000000000000e+05	8.685000000000000000e+03	5.600000000000000000e+01	2.494721942023631556e+01	2.459458000635650521e+01	1.017554786663383393e+00	7.902885197828738439e-01	0.000000000000000000e+00	1.000000000000000000e+00	0.000000000000000000e+00
1.316670000000000000e+05	8.686000000000000000e+03	5.800000000000000000e+01	2.528812929512929486e+01	2.291523285287115641e+01	9.135808848921762593e-01	6.618092019705633655e-01	0.000000000000000000e+00	1.000000000000000000e+00	0.000000000000000000e+00
1.316670000000000000e+05	8.689000000000000000e+03	4.300000000000000000e+01	2.535674638240886125e+01	2.239386043174651419e+01	7.171207922767033338e-01	9.632129455884202995e-01	0.000000000000000000e+00	1.000000000000000000e+00	0.000000000000000000e+00
1.316670000000000000e+05	8.700000000000000000e+03	6.900000000000000000e+01	2.514510750792552329e+01	2.039479156355977096e+01	1.035022247790167160e+00	7.915130772551637328e-01	0.000000000000000000e+00	1.000000000000000000e+00	0.000000000000000000e+00
1.316670000000000000e+05	8.703000000000000000e+03	5.000000000000000000e+01	2.526671680790310504e+01	2.373318886327535893e+01	8.480572059812205854e-01	1.087979700549350781e+00	0.000000000000000000e+00	1.000000000000000000e+00	0.000000000000000000e+00
1.316670000000000000e+05	8.704000000000000000e+03	7.000000000000000000e+01	2.523048990464560148e+01	2.689697153913079219e+01	9.417797232800745322e-01	1.074228018429192133e+00	0.000000000000000000e+00	1.000000000000000000e+00	0.000000000000000000e+00
1.316670000000000000e+05	8.707000000000000000e+03	6.000000000000000000e+01	2.509032010332242635e+01	2.327041644813984789e+01	9.705028742857336743e-01	7.845838772503047620e-01	0.000000000000000000e+00	1.000000000000000000e+00	0.000000000000000000e+00
1.316670000000000000e+05	8.708000000000000000e+03	3.600000000000000000e+01	2.531676879176560035e+01	2.447911115928249970e+01	7.670149099099400347e-01	7.099050953630317018e-01	0.000000000000000000e+00	1.000000000000000000e+00	0.000000000000000000e+00
1.316670000000000000e+05	8.711000000000000000e+03	6.300000000000000000e+01	2.523741265529347544e+01	2.237210505460804555e+01	8.601541193887169978e-01	9.163898031271225930e-01	0.000000000000000000e+00	1.000000000000000000e+00	0.000000000000000000e+00
1.316670000000000000e+05	8.713000000000000000e+03	4.500000000000000000e+01	2.506409323613854667e+01	2.418548700819608044e+01	7.765380085241154751e-01	1.023598411599968561e+00	0.000000000000000000e+00	1.000000000000000000e+00	0.000000000000000000e+00
1.316670000000000000e+05	8.714000000000000000e+03	4.500000000000000000e+01	2.510164318648641313e+01	2.351767820897865136e+01	8.231344732032780387e-01	6.594337093189382992e-01	0.000000000000000000e+00	1.000000000000000000e+00	0.000000000000000000e+00
1.316670000000000000e+05	8.716000000000000000e+03	3.900000000000000000e+01	2.508472213154832886e+01	2.436538679904371918e+01	9.651161149266335171e-01	7.142897354672343990e-01	0.000000000000000000e+00	1.000000000000000000e+00	0.000000000000000000e+00
1.316670000000000000e+05	8.717000000000000000e+03	4.200000000000000000e+01	2.515728051298226475e+01	2.416772238776879789e+01	6.935366594230106818e-01	7.416174595964920568e-01	0.000000000000000000e+00	1.000000000000000000e+00	0.000000000000000000e+00
1.316670000000000000e+05	8.718000000000000000e+03	6.000000000000000000e+01	2.513846149798261109e+01	2.377364641403365653e+01	7.685292970972146254e-01	8.585744212884900417e-01	0.000000000000000000e+00	1.000000000000000000e+00	0.000000000000000000e+00
1.316670000000000000e+05	8.719000000000000000e+03	5.500000000000000000e+01	2.522656334395563249e+01	2.443242116606420211e+01	8.032744206530156861e-01	9.477718530438601352e-01	0.000000000000000000e+00	1.000000000000000000e+00	0.000000000000000000e+00
1.316670000000000000e+05	8.720000000000000000e+03	5.000000000000000000e+01	2.532868038693173318e+01	2.540901784223306947e+01	8.477749910141905154e-01	7.983568662043011299e-01	0.000000000000000000e+00	1.000000000000000000e+00	0.000000000000000000e+00
1.316670000000000000e+05	8.721000000000000000e+03	4.300000000000000000e+01	2.521352228777908522e+01	2.541023293717718090e+01	6.823878632807273137e-01	6.925814136824410827e-01	0.000000000000000000e+00	1.000000000000000000e+00	0.000000000000000000e+00
1.316670000000000000e+05	8.722000000000000000e+03	6.500000000000000000e+01	2.531193681649919824e+01	2.514648267776285095e+01	8.390452524266612810e-01	8.128467813980940759e-01	0.000000000000000000e+00	1.000000000000000000e+00	0.000000000000000000e+00
1.316670000000000000e+05	8.723000000000000000e+03	5.600000000000000000e+01	2.534653525296111809e+01	2.535538114135068710e+01	7.192545039352566949e-01	8.167155507184522545e-01	0.000000000000000000e+00	1.000000000000000000e+00	0.000000000000000000e+00
1.316670000000000000e+05	8.724000000000000000e+03	5.800000000000000000e+01	2.528415296733556872e+01	2.490248788806303892e+01	8.147951465863749743e-01	9.151582717791263422e-01	0.000000000000000000e+00	1.000000000000000000e+00	0.000000000000000000e+00
1.316670000000000000e+05	8.725000000000000000e+03	6.100000000000000000e+01	2.523164433419815822e+01	2.411879063738602014e+01	7.694477311492096128e-01	7.800050236406355086e-01	0.000000000000000000e+00	1.000000000000000000e+00	0.000000000000000000e+00
1.316670000000000000e+05	8.726000000000000000e+03	4.400000000000000000e+01	2.512620429107398223e+01	2.409100252498554440e+01	7.846947146726339639e-01	8.303646525784350585e-01	0.000000000000000000e+00	1.000000000000000000e+00	0.000000000000000000e+00
1.316670000000000000e+05	8.727000000000000000e+03	5.700000000000000000e+01	2.514351893873246979e+01	2.701639910303106973e+01	1.027731098937674004e+00	9.408268804301940236e-01	0.000000000000000000e+00	1.000000000000000000e+00	0.000000000000000000e+00
1.316670000000000000e+05	8.728000000000000000e+03	4.800000000000000000e+01	2.519118923898437856e+01	2.511056293771526882e+01	9.903494920881514840e-01	8.658751848573846832e-01	0.000000000000000000e+00	1.000000000000000000e+00	0.000000000000000000e+00
1.316670000000000000e+05	8.738000000000000000e+03	3.600000000000000000e+01	2.532570406097265803e+01	2.563687606451496848e+01	6.378675335991992323e-01	6.678804286985668970e-01	0.000000000000000000e+00	1.000000000000000000e+00	0.000000000000000000e+00
1.316670000000000000e+05	8.819000000000000000e+03	5.100000000000000000e+01	2.533102833168782198e+01	2.443139479753048704e+01	7.894691891198600819e-01	7.497041654181937353e-01	0.000000000000000000e+00	1.000000000000000000e+00	0.000000000000000000e+00
1.316670000000000000e+05	8.820000000000000000e+03	5.000000000000000000e+01	2.516472464489140037e+01	2.335493895241454965e+01	7.497654431069707970e-01	9.105870903231824132e-01	0.000000000000000000e+00	1.000000000000000000e+00	0.000000000000000000e+00
1.316670000000000000e+05	8.822000000000000000e+03	4.900000000000000000e+01	2.520109830628888048e+01	2.509365572485615559e+01	7.780693344302774817e-01	8.741217414432748134e-01	0.000000000000000000e+00	1.000000000000000000e+00	0.000000000000000000e+00
1.316670000000000000e+05	8.823000000000000000e+03	6.300000000000000000e+01	2.529270874075113795e+01	2.594886243457651176e+01	7.904318799110777727e-01	9.086792062252438962e-01	0.000000000000000000e+00	1.000000000000000000e+00	0.000000000000000000e+00
1.316670000000000000e+05	8.824000000000000000e+03	6.500000000000000000e+01	2.511912436582361607e+01	2.402816170426272180e+01	6.571383934335273125e-01	7.541894906891659645e-01	0.000000000000000000e+00	1.000000000000000000e+00	0.000000000000000000e+00
1.316670000000000000e+05	8.829000000000000000e+03	3.500000000000000000e+01	2.535393600740635733e+01	2.542363493124745943e+01	8.980611920457876041e-01	8.272079930802075376e-01	0.000000000000000000e+00	1.000000000000000000e+00	0.000000000000000000e+00
1.316680000000000000e+05	8.579000000000000000e+03	4.000000000000000000e+01	2.566269248278074855e+01	2.478786367541474789e+01	8.595191363015900476e-01	9.355718116507206750e-01	0.000000000000000000e+00	1.000000000000000000e+00	0.000000000000000000e+00
1.316680000000000000e+05	8.583000000000000000e+03	4.000000000000000000e+01	2.576057224454870109e+01	2.420104980801262684e+01	7.140128250073926042e-01	9.334869166606575286e-01	0.000000000000000000e+00	1.000000000000000000e+00	0.000000000000000000e+00
1.316680000000000000e+05	8.586000000000000000e+03	3.400000000000000000e+01	2.570079655103824123e+01	2.442811692826827397e+01	6.212890661920962287e-01	6.820710113313718237e-01	0.000000000000000000e+00	1.000000000000000000e+00	0.000000000000000000e+00
1.316680000000000000e+05	8.597000000000000000e+03	4.600000000000000000e+01	2.548051803215683719e+01	2.213358841519095677e+01	6.251078333945601084e-01	8.391701974130463260e-01	0.000000000000000000e+00	1.000000000000000000e+00	0.000000000000000000e+00
1.316680000000000000e+05	8.681000000000000000e+03	3.900000000000000000e+01	2.581661971905861463e+01	2.430290764158043260e+01	7.428517861946440926e-01	7.317994655485131617e-01	0.000000000000000000e+00	1.000000000000000000e+00	0.000000000000000000e+00
1.316680000000000000e+05	8.685000000000000000e+03	4.200000000000000000e+01	2.560630639849327750e+01	2.434307176221706825e+01	5.452299444735685396e-01	1.009989651739005234e+00	0.000000000000000000e+00	1.000000000000000000e+00	0.000000000000000000e+00
1.316680000000000000e+05	8.686000000000000000e+03	6.100000000000000000e+01	2.589072015379553804e+01	2.293743929021842476e+01	6.819255697234843927e-01	8.402064658618094706e-01	0.000000000000000000e+00	1.000000000000000000e+00	0.000000000000000000e+00
1.316680000000000000e+05	8.695000000000000000e+03	5.300000000000000000e+01	2.586504548967825556e+01	2.155761606091832405e+01	5.927879651693851448e-01	7.848566980875419929e-01	0.000000000000000000e+00	1.000000000000000000e+00	0.000000000000000000e+00
1.316680000000000000e+05	8.703000000000000000e+03	4.700000000000000000e+01	2.585132841821626215e+01	2.415847586424686710e+01	5.499809187406250466e-01	9.466047779892250436e-01	0.000000000000000000e+00	1.000000000000000000e+00	0.000000000000000000e+00
1.316680000000000000e+05	8.704000000000000000e+03	5.700000000000000000e+01	2.572848127358422232e+01	2.694057872584473046e+01	7.599105302382180849e-01	9.404430727509986987e-01	0.000000000000000000e+00	1.000000000000000000e+00	0.000000000000000000e+00
1.316680000000000000e+05	8.705000000000000000e+03	5.200000000000000000e+01	2.546697325559534519e+01	2.406489816213460742e+01	5.866587537728567003e-01	9.026565546673362972e-01	0.000000000000000000e+00	1.000000000000000000e+00	0.000000000000000000e+00
1.316680000000000000e+05	8.706000000000000000e+03	3.800000000000000000e+01	2.584418780140822136e+01	2.433358381298720730e+01	7.304458636532283888e-01	9.592941972539104079e-01	0.000000000000000000e+00	1.000000000000000000e+00	0.000000000000000000e+00
1.316680000000000000e+05	8.707000000000000000e+03	4.600000000000000000e+01	2.570856335222124400e+01	2.324660492586602345e+01	6.909439991169286088e-01	6.650267987343225773e-01	0.000000000000000000e+00	1.000000000000000000e+00	0.000000000000000000e+00
1.316680000000000000e+05	8.714000000000000000e+03	4.900000000000000000e+01	2.562814790339993110e+01	2.355004849865116157e+01	7.931623003363346136e-01	8.454508892329299918e-01	0.000000000000000000e+00	1.000000000000000000e+00	0.000000000000000000e+00
1.316680000000000000e+05	8.718000000000000000e+03	6.200000000000000000e+01	2.583486739900265405e+01	2.380881409817762417e+01	7.624633017591229134e-01	8.430336082875444781e-01	0.000000000000000000e+00	1.000000000000000000e+00	0.000000000000000000e+00
1.316680000000000000e+05	8.719000000000000000e+03	4.600000000000000000e+01	2.551282004313694785e+01	2.463224460699178664e+01	6.337915779156699791e-01	9.466807119432577577e-01	0.000000000000000000e+00	1.000000000000000000e+00	0.000000000000000000e+00
1.316680000000000000e+05	8.720000000000000000e+03	4.100000000000000000e+01	2.556828793578299752e+01	2.562253397152881362e+01	8.167674987269122333e-01	7.573174316372078829e-01	0.000000000000000000e+00	1.000000000000000000e+00	0.000000000000000000e+00
1.316680000000000000e+05	8.721000000000000000e+03	4.200000000000000000e+01	2.574524287650095999e+01	2.510557672141206709e+01	7.357712749802818308e-01	1.177364852946770846e+00	0.000000000000000000e+00	1.000000000000000000e+00	0.000000000000000000e+00
1.316680000000000000e+05	8.722000000000000000e+03	4.700000000000000000e+01	2.578862250533610379e+01	2.524071514345445877e+01	6.533962540732550783e-01	8.249492953834595133e-01	0.000000000000000000e+00	1.000000000000000000e+00	0.000000000000000000e+00
1.316680000000000000e+05	8.724000000000000000e+03	4.400000000000000000e+01	2.543273844839847087e+01	2.483642154783483491e+01	9.481446226169691904e-01	6.817107739826933077e-01	0.000000000000000000e+00	1.000000000000000000e+00	0.000000000000000000e+00
1.316680000000000000e+05	8.725000000000000000e+03	4.800000000000000000e+01	2.560404108190695638e+01	2.400951930047330407e+01	8.058253584277210724e-01	7.477029374631046776e-01	0.000000000000000000e+00	1.000000000000000000e+00	0.000000000000000000e+00
1.316680000000000000e+05	8.779000000000000000e+03	4.000000000000000000e+01	2.586874013122751137e+01	2.666926014474582018e+01	7.809745103318680437e-01	7.678211331784599025e-01	0.000000000000000000e+00	1.000000000000000000e+00	0.000000000000000000e+00
1.316680000000000000e+05	8.815000000000000000e+03	4.200000000000000000e+01	2.576056826323365456e+01	2.644854041601998063e+01	8.699984038912788042e-01	7.841763731668291992e-01	0.000000000000000000e+00	1.000000000000000000e+00	0.000000000000000000e+00
1.316680000000000000e+05	8.817000000000000000e+03	4.800000000000000000e+01	2.552785505861546511e+01	2.382717938672325531e+01	9.949676535688763979e-01	7.398140361862760583e-01	0.000000000000000000e+00	1.000000000000000000e+00	0.000000000000000000e+00
1.316680000000000000e+05	8.820000000000000000e+03	3.900000000000000000e+01	2.565893409166870498e+01	2.331101534936152220e+01	7.810209709476854112e-01	6.031917432702696980e-01	0.000000000000000000e+00	1.000000000000000000e+00	0.000000000000000000e+00
1.316680000000000000e+05	8.822000000000000000e+03	4.200000000000000000e+01	2.568757070175607637e+01	2.497753330673021566e+01	7.125783859235297335e-01	6.774618674401926555e-01	0.000000000000000000e+00	1.000000000000000000e+00	0.000000000000000000e+00
1.316680000000000000e+05	8.823000000000000000e+03	5.400000000000000000e+01	2.580856656556792572e+01	2.594546184149844237e+01	6.743167963774012730e-01	8.319922130635117874e-01	0.000000000000000000e+00	1.000000000000000000e+00	0.000000000000000000e+00
1.316680000000000000e+05	8.824000000000000000e+03	5.000000000000000000e+01	2.578512404017952875e+01	2.427454612636984166e+01	8.846797779972104259e-01	8.701980799592377025e-01	0.000000000000000000e+00	1.000000000000000000e+00	0.000000000000000000e+00
1.316680000000000000e+05	8.828000000000000000e+03	5.000000000000000000e+01	2.573006658783499034e+01	2.505048249072968503e+01	8.197210514184338770e-01	6.523762789992734179e-01	0.000000000000000000e+00	1.000000000000000000e+00	0.000000000000000000e+00
1.316690000000000000e+05	8.586000000000000000e+03	3.600000000000000000e+01	2.483706151908609883e+01	2.426374489144225066e+01	7.103025313638160476e-01	8.352034591324924984e-01	0.000000000000000000e+00	1.000000000000000000e+00	0.000000000000000000e+00
1.316690000000000000e+05	8.688000000000000000e+03	5.300000000000000000e+01	2.490003333697074694e+01	2.213179684174246020e+01	5.500063774135006689e-01	9.318152897437581572e-01	0.000000000000000000e+00	1.000000000000000000e+00	0.000000000000000000e+00
1.316690000000000000e+05	8.703000000000000000e+03	5.500000000000000000e+01	2.493828282454104439e+01	2.372127924981361957e+01	6.892496161136142385e-01	1.113190554802108823e+00	0.000000000000000000e+00	1.000000000000000000e+00	0.000000000000000000e+00
1.316690000000000000e+05	8.704000000000000000e+03	4.700000000000000000e+01	2.496585853944987576e+01	2.697094460984563469e+01	5.998527182008299707e-01	8.289165056619586247e-01	0.000000000000000000e+00	1.000000000000000000e+00	0.000000000000000000e+00
1.316690000000000000e+05	8.707000000000000000e+03	6.500000000000000000e+01	2.480646846511211834e+01	2.310924467177904162e+01	7.356912814994446270e-01	8.527171122159128425e-01	0.000000000000000000e+00	1.000000000000000000e+00	0.000000000000000000e+00
1.316690000000000000e+05	8.709000000000000000e+03	3.600000000000000000e+01	2.490068447471525914e+01	2.550571155028743320e+01	8.230828229402230578e-01	7.478903048735012771e-01	0.000000000000000000e+00	1.000000000000000000e+00	0.000000000000000000e+00
1.316690000000000000e+05	8.712000000000000000e+03	5.000000000000000000e+01	2.478694602010403614e+01	2.408359399762201036e+01	8.022629371135979737e-01	9.047295866276945375e-01	0.000000000000000000e+00	1.000000000000000000e+00	0.000000000000000000e+00
1.316690000000000000e+05	8.720000000000000000e+03	5.000000000000000000e+01	2.503285521592438911e+01	2.562638319617607152e+01	7.244922312749418891e-01	7.782528474098840965e-01	0.000000000000000000e+00	1.000000000000000000e+00	0.000000000000000000e+00
1.316690000000000000e+05	8.722000000000000000e+03	4.400000000000000000e+01	2.489934518024065468e+01	2.523076764718096499e+01	5.808207862132993560e-01	8.148176945955476480e-01	0.000000000000000000e+00	1.000000000000000000e+00	0.000000000000000000e+00
1.316690000000000000e+05	8.724000000000000000e+03	4.400000000000000000e+01	2.503043582577714687e+01	2.497093875686016418e+01	6.346488859414742834e-01	7.712381525759309797e-01	0.000000000000000000e+00	1.000000000000000000e+00	0.000000000000000000e+00
1.316690000000000000e+05	8.725000000000000000e+03	4.800000000000000000e+01	2.468120456156289677e+01	2.388954626858742003e+01	6.416283228901480395e-01	5.900691934319836074e-01	0.000000000000000000e+00	1.000000000000000000e+00	0.000000000000000000e+00
1.316690000000000000e+05	8.726000000000000000e+03	4.800000000000000000e+01	2.483612340037631228e+01	2.421874188348965262e+01	9.517328666624269573e-01	8.527297974655503321e-01	0.000000000000000000e+00	1.000000000000000000e+00	0.000000000000000000e+00
1.316690000000000000e+05	8.727000000000000000e+03	4.000000000000000000e+01	2.492808052067865532e+01	2.730555074094375811e+01	8.524741287153830838e-01	7.139461573474056300e-01	0.000000000000000000e+00	1.000000000000000000e+00	0.000000000000000000e+00
1.316690000000000000e+05	8.811000000000000000e+03	3.300000000000000000e+01	2.493061116277050004e+01	2.647893956231193968e+01	5.698618273548051727e-01	7.739422796392380066e-01	0.000000000000000000e+00	1.000000000000000000e+00	0.000000000000000000e+00
1.316690000000000000e+05	8.815000000000000000e+03	3.000000000000000000e+01	2.505644813395720050e+01	2.626483361708205777e+01	6.403276489886232659e-01	5.758841596513885053e-01	0.000000000000000000e+00	1.000000000000000000e+00	0.000000000000000000e+00
1.316690000000000000e+05	8.817000000000000000e+03	4.700000000000000000e+01	2.492646869206652482e+01	2.364726201428657859e+01	7.101487695705211989e-01	7.704154330111686599e-01	0.000000000000000000e+00	1.000000000000000000e+00	0.000000000000000000e+00
1.316690000000000000e+05	8.821000000000000000e+03	4.400000000000000000e+01	2.468707773396683791e+01	2.403521522500330576e+01	7.966923583352916172e-01	6.302342748076780188e-01	0.000000000000000000e+00	1.000000000000000000e+00	0.000000000000000000e+00
1.316690000000000000e+05	8.823000000000000000e+03	3.700000000000000000e+01	2.500312473631922217e+01	2.607389035706227176e+01	5.358145793208147767e-01	6.776712453839173200e-01	0.000000000000000000e+00	1.000000000000000000e+00	0.000000000000000000e+00
1.316690000000000000e+05	8.831000000000000000e+03	4.900000000000000000e+01	2.476525166607490647e+01	2.387133833030842922e+01	8.621039060293975709e-01	7.522820365356547301e-01	0.000000000000000000e+00	1.000000000000000000e+00	0.000000000000000000e+00
1.316700000000000000e+05	8.823000000000000000e+03	5.200000000000000000e+01	1.960520313671192838e+01	2.596982257023480756e+01	7.546892286390833871e-01	8.067504539122145601e-01	0.000000000000000000e+00	1.000000000000000000e+00	0.000000000000000000e+00
1.316710000000000000e+05	8.577000000000000000e+03	5.400000000000000000e+01	2.631220838336850321e+01	2.395282926797378664e+01	6.556331562071731067e-01	1.031123351434720226e+00	0.000000000000000000e+00	1.000000000000000000e+00	0.000000000000000000e+00
1.316710000000000000e+05	8.583000000000000000e+03	5.200000000000000000e+01	2.562323001220125107e+01	2.416309324601368047e+01	1.154034337354753026e+00	7.496549726300542060e-01	0.000000000000000000e+00	1.000000000000000000e+00	0.000000000000000000e+00
1.316710000000000000e+05	8.597000000000000000e+03	6.500000000000000000e+01	2.571815349483434332e+01	2.222036650400957569e+01	8.824690262284496933e-01	8.117658897192221445e-01	0.000000000000000000e+00	1.000000000000000000e+00	0.000000000000000000e+00
1.316710000000000000e+05	8.685000000000000000e+03	4.500000000000000000e+01	2.585797554571685453e+01	2.430058153965801893e+01	7.942664267435814995e-01	8.441121480129066823e-01	0.000000000000000000e+00	1.000000000000000000e+00	0.000000000000000000e+00
1.316710000000000000e+05	8.688000000000000000e+03	5.000000000000000000e+01	2.620288782433849661e+01	2.234531409937213908e+01	8.441012158074949756e-01	8.099405138828035255e-01	0.000000000000000000e+00	1.000000000000000000e+00	0.000000000000000000e+00
1.316710000000000000e+05	8.689000000000000000e+03	5.500000000000000000e+01	2.601727753475986660e+01	2.242024340980949759e+01	8.584570499397712329e-01	6.332402665773927408e-01	0.000000000000000000e+00	1.000000000000000000e+00	0.000000000000000000e+00
1.316710000000000000e+05	8.703000000000000000e+03	5.500000000000000000e+01	2.605254772383091222e+01	2.367132316070826903e+01	8.150744859089156247e-01	1.141032434487555980e+00	0.000000000000000000e+00	1.000000000000000000e+00	0.000000000000000000e+00
1.316710000000000000e+05	8.704000000000000000e+03	5.800000000000000000e+01	2.603091650340510910e+01	2.699664336841707168e+01	9.881240964229885959e-01	7.575955637260630704e-01	0.000000000000000000e+00	1.000000000000000000e+00	0.000000000000000000e+00
1.316710000000000000e+05	8.711000000000000000e+03	5.000000000000000000e+01	2.628508009943800516e+01	2.243202758141874398e+01	7.803883292873075028e-01	8.547514901562458522e-01	0.000000000000000000e+00	1.000000000000000000e+00	0.000000000000000000e+00
1.316710000000000000e+05	8.712000000000000000e+03	2.900000000000000000e+01	2.614377430449229678e+01	2.461180341029998786e+01	6.496595955528090549e-01	6.190927237594376908e-01	0.000000000000000000e+00	1.000000000000000000e+00	0.000000000000000000e+00
1.316710000000000000e+05	8.718000000000000000e+03	4.800000000000000000e+01	2.599626440771382718e+01	2.379339406861733863e+01	7.690917379616066807e-01	6.578907579211373813e-01	0.000000000000000000e+00	1.000000000000000000e+00	0.000000000000000000e+00
1.316710000000000000e+05	8.720000000000000000e+03	5.400000000000000000e+01	2.607870433145043165e+01	2.541635842216995300e+01	8.752592319288057254e-01	5.862211181584274788e-01	0.000000000000000000e+00	1.000000000000000000e+00	0.000000000000000000e+00
1.316710000000000000e+05	8.724000000000000000e+03	5.500000000000000000e+01	2.607335151294386932e+01	2.486901301983782986e+01	9.006611281106949862e-01	7.092037303064144815e-01	0.000000000000000000e+00	1.000000000000000000e+00	0.000000000000000000e+00
1.316710000000000000e+05	8.725000000000000000e+03	5.100000000000000000e+01	2.597404098400594563e+01	2.410305271502676661e+01	9.896009136379747551e-01	5.809617218313871678e-01	0.000000000000000000e+00	1.000000000000000000e+00	0.000000000000000000e+00
1.316710000000000000e+05	8.726000000000000000e+03	3.900000000000000000e+01	2.617829421580958993e+01	2.387972661800771590e+01	7.836662149909425779e-01	9.189019832751378347e-01	0.000000000000000000e+00	1.000000000000000000e+00	0.000000000000000000e+00
1.316710000000000000e+05	8.727000000000000000e+03	4.000000000000000000e+01	2.589274661571800351e+01	2.692056866388386993e+01	8.453861879614532615e-01	9.176241968009842820e-01	0.000000000000000000e+00	1.000000000000000000e+00	0.000000000000000000e+00
1.316710000000000000e+05	8.822000000000000000e+03	4.400000000000000000e+01	2.602986883943813012e+01	2.505281458501469771e+01	7.510436860963373151e-01	9.213806189066819918e-01	0.000000000000000000e+00	1.000000000000000000e+00	0.000000000000000000e+00
1.316710000000000000e+05	8.823000000000000000e+03	5.400000000000000000e+01	2.635046468510617501e+01	2.605697875364256078e+01	7.164230231103891899e-01	7.892766128564873140e-01	0.000000000000000000e+00	1.000000000000000000e+00	0.000000000000000000e+00
1.316710000000000000e+05	8.824000000000000000e+03	4.600000000000000000e+01	2.613358579661567660e+01	2.426915812684315910e+01	9.103460226327435567e-01	8.350628278438643193e-01	0.000000000000000000e+00	1.000000000000000000e+00	0.000000000000000000e+00
1.316710000000000000e+05	8.828000000000000000e+03	4.600000000000000000e+01	2.611544355019352537e+01	2.499104824502069988e+01	8.460722105741026455e-01	8.558749569729930951e-01	0.000000000000000000e+00	1.000000000000000000e+00	0.000000000000000000e+00
1.316720000000000000e+05	8.579000000000000000e+03	5.300000000000000000e+01	2.643732698761887079e+01	2.494955036292595096e+01	6.552326148717715348e-01	9.008304446198692750e-01	0.000000000000000000e+00	1.000000000000000000e+00	0.000000000000000000e+00
1.316720000000000000e+05	8.720000000000000000e+03	4.000000000000000000e+01	2.636448610475519772e+01	2.547073031816763589e+01	5.920990442859475067e-01	8.492470457135599116e-01	0.000000000000000000e+00	1.000000000000000000e+00	0.000000000000000000e+00
1.316720000000000000e+05	8.722000000000000000e+03	3.000000000000000000e+01	2.626814803281525101e+01	2.532686294466596877e+01	6.035058694717972960e-01	6.567935155380645318e-01	0.000000000000000000e+00	1.000000000000000000e+00	0.000000000000000000e+00
1.316720000000000000e+05	8.816000000000000000e+03	3.200000000000000000e+01	2.651694242581313787e+01	2.542699755875100820e+01	5.493488293685178103e-01	8.233615901350980204e-01	0.000000000000000000e+00	1.000000000000000000e+00	0.000000000000000000e+00
1.316720000000000000e+05	8.823000000000000000e+03	4.800000000000000000e+01	2.624744223243469321e+01	2.603514070147950932e+01	6.567992793261088202e-01	9.943243228228111352e-01	0.000000000000000000e+00	1.000000000000000000e+00	0.000000000000000000e+00
1.316720000000000000e+05	8.828000000000000000e+03	3.800000000000000000e+01	2.647904135565053707e+01	2.505359009748070065e+01	6.642362977760818410e-01	7.960977991400484122e-01	0.000000000000000000e+00	1.000000000000000000e+00	0.000000000000000000e+00
1.316740000000000000e+05	8.583000000000000000e+03	5.900000000000000000e+01	2.405926609264269089e+01	2.414032033893962748e+01	8.693185104623458725e-01	1.024639548799484157e+00	0.000000000000000000e+00	1.000000000000000000e+00	0.000000000000000000e+00
1.316740000000000000e+05	8.720000000000000000e+03	4.900000000000000000e+01	2.408912451535830712e+01	2.583335280926292654e+01	8.147985894113798366e-01	7.023453166523954128e-01	0.000000000000000000e+00	1.000000000000000000e+00	0.000000000000000000e+00
1.316740000000000000e+05	8.727000000000000000e+03	3.800000000000000000e+01	2.396105221922990935e+01	2.706462628710357521e+01	5.249382723141446938e-01	7.506143710297360494e-01	0.000000000000000000e+00	1.000000000000000000e+00	0.000000000000000000e+00
1.316740000000000000e+05	8.823000000000000000e+03	4.800000000000000000e+01	2.410288397994244747e+01	2.626352789023366796e+01	7.559758141735819503e-01	8.454761266334803738e-01	0.000000000000000000e+00	1.000000000000000000e+00	0.000000000000000000e+00
1.316740000000000000e+05	8.828000000000000000e+03	5.000000000000000000e+01	2.424975701722729227e+01	2.493583988817777453e+01	6.858652293995307625e-01	9.599187552998553752e-01	0.000000000000000000e+00	1.000000000000000000e+00	0.000000000000000000e+00
1.316750000000000000e+05	8.579000000000000000e+03	3.800000000000000000e+01	2.767952655539863471e+01	2.466085600904975550e+01	6.517902705076563663e-01	8.129608745080298959e-01	0.000000000000000000e+00	1.000000000000000000e+00	0.000000000000000000e+00
1.316750000000000000e+05	8.686000000000000000e+03	3.500000000000000000e+01	2.766258558246451926e+01	2.281422998015500170e+01	5.420821593077616019e-01	8.025733692155690990e-01	0.000000000000000000e+00	1.000000000000000000e+00	0.000000000000000000e+00
1.316750000000000000e+05	8.718000000000000000e+03	3.800000000000000000e+01	2.759626691497071604e+01	2.395645715446458013e+01	6.769286890077581553e-01	8.081663605516128390e-01	0.000000000000000000e+00	1.000000000000000000e+00	0.000000000000000000e+00
1.316750000000000000e+05	8.722000000000000000e+03	4.100000000000000000e+01	2.794961097086743251e+01	2.526034393455403659e+01	7.784089214973448634e-01	8.202036886426963269e-01	0.000000000000000000e+00	1.000000000000000000e+00	0.000000000000000000e+00
1.316750000000000000e+05	8.725000000000000000e+03	3.700000000000000000e+01	2.770428408644078289e+01	2.401279237581262649e+01	5.772534725192888239e-01	6.444495768595928098e-01	0.000000000000000000e+00	1.000000000000000000e+00	0.000000000000000000e+00
1.316750000000000000e+05	8.817000000000000000e+03	3.900000000000000000e+01	2.787341173667553207e+01	2.384620209821747139e+01	6.597595077038915790e-01	7.319390763973195879e-01	0.000000000000000000e+00	1.000000000000000000e+00	0.000000000000000000e+00
1.316790000000000000e+05	8.704000000000000000e+03	3.200000000000000000e+01	2.727858144693446363e+01	2.693153240058343556e+01	6.323041109802989279e-01	8.373015582554490521e-01	0.000000000000000000e+00	1.000000000000000000e+00	0.000000000000000000e+00
1.316790000000000000e+05	8.724000000000000000e+03	4.300000000000000000e+01	2.756895118977693926e+01	2.486657951135424582e+01	8.068767017451830004e-01	8.292438868894506099e-01	0.000000000000000000e+00	1.000000000000000000e+00	0.000000000000000000e+00
1.316800000000000000e+05	8.704000000000000000e+03	3.500000000000000000e+01	2.642064640795001651e+01	2.714260848817598415e+01	7.414628842187456215e-01	6.722947242115608901e-01	0.000000000000000000e+00	1.000000000000000000e+00	0.000000000000000000e+00
1.316800000000000000e+05	8.718000000000000000e+03	4.900000000000000000e+01	2.637561063256095650e+01	2.383106025934953820e+01	6.916272296558924060e-01	8.845545979854655405e-01	0.000000000000000000e+00	1.000000000000000000e+00	0.000000000000000000e+00
1.316800000000000000e+05	8.823000000000000000e+03	4.200000000000000000e+01	2.610332423605498064e+01	2.619918224060600664e+01	9.652302575076671109e-01	1.099326659890193625e+00	0.000000000000000000e+00	1.000000000000000000e+00	0.000000000000000000e+00
1.316810000000000000e+05	8.704000000000000000e+03	3.100000000000000000e+01	2.590825121276294851e+01	2.695983778894518323e+01	6.728027308251002259e-01	6.647833167406534960e-01	0.000000000000000000e+00	1.000000000000000000e+00	0.000000000000000000e+00
1.316860000000000000e+05	8.688000000000000000e+03	4.300000000000000000e+01	2.542835169692809671e+01	2.239521173802171816e+01	6.837259825585884077e-01	8.094492657614485998e-01	0.000000000000000000e+00	1.000000000000000000e+00	0.000000000000000000e+00
1.317060000000000000e+05	8.725000000000000000e+03	3.900000000000000000e+01	2.580562176521819850e+01	2.413538683759743364e+01	6.687926719608795478e-01	8.815036798942976759e-01	0.000000000000000000e+00	1.000000000000000000e+00	0.000000000000000000e+00
1.317100000000000000e+05	8.724000000000000000e+03	3.200000000000000000e+01	2.836071247889731239e+01	2.461333686995497061e+01	6.651070129027898403e-01	9.511520650675467925e-01	0.000000000000000000e+00	1.000000000000000000e+00	0.000000000000000000e+00
1.317100000000000000e+05	8.814000000000000000e+03	3.600000000000000000e+01	2.860753920709161946e+01	2.395768180457464780e+01	6.959864109882489824e-01	8.391606296017540823e-01	0.000000000000000000e+00	1.000000000000000000e+00	0.000000000000000000e+00
