184.79444885253906
189.7888946533203
192.28611755371094
184.79444885253906
194.78334045410156
192.28611755371094
194.78334045410156
189.7888946533203
189.7888946533203
194.78334045410156
189.7888946533203
194.78334045410156
192.28611755371094
192.28611755371094
184.79444885253906
189.7888946533203
187.2916717529297
184.79444885253906
187.2916717529297
189.7888946533203
184.79444885253906
184.79444885253906
189.7888946533203
192.28611755371094
189.7888946533203
192.28611755371094
192.28611755371094
197.28054809570312
189.7888946533203
194.78334045410156
194.78334045410156
194.78334045410156
194.78334045410156
197.28054809570312
197.28054809570312
197.28054809570312
197.28054809570312
199.77777099609375
197.28054809570312
199.77777099609375
199.77777099609375
199.77777099609375
202.27499389648438
202.27499389648438
207.26943969726562
202.27499389648438
207.26943969726562
202.27499389648438
207.26943969726562
207.26943969726562
199.77777099609375
202.27499389648438
202.27499389648438
202.27499389648438
202.27499389648438
207.26943969726562
207.26943969726562
199.77777099609375
197.28054809570312
199.77777099609375
204.772216796875
199.77777099609375
197.28054809570312
204.772216796875
207.26943969726562
202.27499389648438
197.28054809570312
202.27499389648438
197.28054809570312
207.26943969726562
199.77777099609375
207.26943969726562
202.27499389648438
194.78334045410156
207.26943969726562
194.78334045410156
199.77777099609375
199.77777099609375
199.77777099609375
202.27499389648438
207.26943969726562
207.26943969726562
207.26943969726562
207.26943969726562
202.27499389648438
202.27499389648438
202.27499389648438
202.27499389648438
199.77777099609375
199.77777099609375
199.77777099609375
197.28054809570312
199.77777099609375
197.28054809570312
197.28054809570312
197.28054809570312
197.28054809570312
194.78334045410156
194.78334045410156
194.78334045410156
194.78334045410156
194.78334045410156
197.28054809570312
194.78334045410156
192.28611755371094
192.28611755371094
192.28611755371094
192.28611755371094
189.7888946533203
192.28611755371094
187.2916717529297
192.28611755371094
189.7888946533203
189.7888946533203
192.28611755371094
189.7888946533203
192.28611755371094
189.7888946533203
187.2916717529297
189.7888946533203
189.7888946533203
192.28611755371094
194.78334045410156
192.28611755371094
189.7888946533203
192.28611755371094
194.78334045410156
189.7888946533203
147.3361053466797
152.33055114746094
157.3249969482422
147.3361053466797
162.31944274902344
157.3249969482422
162.31944274902344
147.3361053466797
152.33055114746094
164.81666564941406
152.33055114746094
164.81666564941406
154.82777404785156
159.8222198486328
147.3361053466797
152.33055114746094
147.3361053466797
152.33055114746094
147.3361053466797
152.33055114746094
147.3361053466797
147.3361053466797
152.33055114746094
152.33055114746094
157.3249969482422
157.3249969482422
157.3249969482422
167.3138885498047
157.3249969482422
162.31944274902344
162.31944274902344
162.31944274902344
164.81666564941406
167.3138885498047
167.3138885498047
167.3138885498047
167.3138885498047
174.80555725097656
167.3138885498047
174.80555725097656
174.80555725097656
174.80555725097656
179.8000030517578
177.3027801513672
179.8000030517578
177.3027801513672
179.8000030517578
177.3027801513672
184.79444885253906
179.8000030517578
169.8111114501953
179.8000030517578
182.29722595214844
179.8000030517578
177.3027801513672
182.29722595214844
182.29722595214844
174.80555725097656
167.3138885498047
169.8111114501953
182.29722595214844
174.80555725097656
167.3138885498047
177.3027801513672
184.79444885253906
182.29722595214844
167.3138885498047
179.8000030517578
167.3138885498047
182.29722595214844
174.80555725097656
182.29722595214844
179.8000030517578
164.81666564941406
184.79444885253906
162.31944274902344
174.80555725097656
174.80555725097656
174.80555725097656
179.8000030517578
187.2916717529297
184.79444885253906
184.79444885253906
184.79444885253906
179.8000030517578
182.29722595214844
182.29722595214844
182.29722595214844
174.80555725097656
174.80555725097656
174.80555725097656
167.3138885498047
174.80555725097656
167.3138885498047
167.3138885498047
167.3138885498047
167.3138885498047
164.81666564941406
162.31944274902344
164.81666564941406
162.31944274902344
157.3249969482422
167.3138885498047
159.8222198486328
154.82777404785156
159.8222198486328
154.82777404785156
159.8222198486328
149.8333282470703
154.82777404785156
147.3361053466797
154.82777404785156
149.8333282470703
147.3361053466797
159.8222198486328
152.33055114746094
152.33055114746094
152.33055114746094
152.33055114746094
152.33055114746094
149.8333282470703
157.3249969482422
162.31944274902344
157.3249969482422
149.8333282470703
157.3249969482422
162.31944274902344
152.33055114746094
107.38055419921875
114.87222290039062
119.86666870117188
109.87777709960938
124.86111450195312
119.86666870117188
124.86111450195312
109.87777709960938
114.87222290039062
124.86111450195312
114.87222290039062
124.86111450195312
119.86666870117188
119.86666870117188
109.87777709960938
114.87222290039062
109.87777709960938
114.87222290039062
109.87777709960938
114.87222290039062
109.87777709960938
109.87777709960938
114.87222290039062
114.87222290039062
119.86666870117188
119.86666870117188
119.86666870117188
129.85556030273438
119.86666870117188
124.86111450195312
122.3638916015625
124.86111450195312
124.86111450195312
129.85556030273438
129.85556030273438
129.85556030273438
129.85556030273438
134.85000610351562
129.85556030273438
134.85000610351562
134.85000610351562
134.85000610351562
137.34722900390625
137.34722900390625
142.34165954589844
137.34722900390625
142.34165954589844
137.34722900390625
142.34165954589844
142.34165954589844
132.352783203125
137.34722900390625
137.34722900390625
137.34722900390625
137.34722900390625
144.83888244628906
142.34165954589844
134.85000610351562
129.85556030273438
134.85000610351562
144.83888244628906
134.85000610351562
129.85556030273438
142.34165954589844
144.83888244628906
137.34722900390625
129.85556030273438
137.34722900390625
129.85556030273438
144.83888244628906
134.85000610351562
142.34165954589844
137.34722900390625
124.86111450195312
144.83888244628906
124.86111450195312
134.85000610351562
134.85000610351562
134.85000610351562
137.34722900390625
144.83888244628906
144.83888244628906
144.83888244628906
147.3361053466797
142.34165954589844
139.84445190429688
142.34165954589844
139.84445190429688
134.85000610351562
134.85000610351562
134.85000610351562
129.85556030273438
134.85000610351562
132.352783203125
129.85556030273438
129.85556030273438
129.85556030273438
124.86111450195312
124.86111450195312
124.86111450195312
124.86111450195312
119.86666870117188
129.85556030273438
119.86666870117188
114.87222290039062
119.86666870117188
114.87222290039062
119.86666870117188
109.87777709960938
114.87222290039062
109.87777709960938
114.87222290039062
109.87777709960938
109.87777709960938
119.86666870117188
114.87222290039062
114.87222290039062
114.87222290039062
114.87222290039062
109.87777709960938
109.87777709960938
119.86666870117188
124.86111450195312
119.86666870117188
109.87777709960938
119.86666870117188
124.86111450195312
109.87777709960938
72.41944122314453
77.41388702392578
82.40833282470703
72.41944122314453
87.40277862548828
82.40833282470703
87.40277862548828
72.41944122314453
77.41388702392578
87.40277862548828
77.41388702392578
87.40277862548828
82.40833282470703
82.40833282470703
72.41944122314453
77.41388702392578
72.41944122314453
77.41388702392578
72.41944122314453
77.41388702392578
69.92222595214844
72.41944122314453
74.91666412353516
77.41388702392578
82.40833282470703
82.40833282470703
82.40833282470703
89.9000015258789
82.40833282470703
84.90555572509766
87.40277862548828
87.40277862548828
84.90555572509766
89.9000015258789
89.9000015258789
89.9000015258789
92.39722442626953
94.89444732666016
89.9000015258789
94.89444732666016
94.89444732666016
94.89444732666016
99.88888549804688
99.88888549804688
104.88333129882812
99.88888549804688
107.2611083984375
99.88888549804688
104.88333129882812
104.88333129882812
94.89444732666016
102.3861083984375
99.88888549804688
99.88888549804688
99.88888549804688
104.88333129882812
104.88333129882812
94.89444732666016
92.39722442626953
94.89444732666016
104.88333129882812
94.89444732666016
92.39722442626953
104.88333129882812
104.88333129882812
99.88888549804688
92.39722442626953
99.88888549804688
92.39722442626953
104.88333129882812
94.89444732666016
104.88333129882812
99.88888549804688
87.40277862548828
104.88333129882812
87.40277862548828
97.39167022705078
94.89444732666016
97.39167022705078
99.88888549804688
104.88333129882812
104.88333129882812
104.88333129882812
104.88333129882812
99.88888549804688
99.88888549804688
99.88888549804688
99.88888549804688
94.89444732666016
97.39167022705078
97.39167022705078
92.39722442626953
97.39167022705078
92.39722442626953
92.39722442626953
92.39722442626953
92.39722442626953
87.40277862548828
87.40277862548828
87.40277862548828
87.40277862548828
82.40833282470703
92.39722442626953
82.40833282470703
77.41388702392578
82.40833282470703
77.41388702392578
82.40833282470703
72.41944122314453
77.41388702392578
72.41944122314453
77.41388702392578
72.41944122314453
72.41944122314453
82.40833282470703
77.41388702392578
77.41388702392578
77.41388702392578
77.41388702392578
72.41944122314453
72.41944122314453
82.40833282470703
87.40277862548828
82.40833282470703
72.41944122314453
82.40833282470703
87.40277862548828
72.41944122314453
72.41944122314453
77.41388702392578
82.40833282470703
72.41944122314453
87.40277862548828
82.40833282470703
87.40277862548828
74.91666412353516
79.9111099243164
87.40277862548828
77.41388702392578
87.40277862548828
82.40833282470703
82.40833282470703
74.91666412353516
79.9111099243164
72.41944122314453
77.41388702392578
72.41944122314453
77.41388702392578
72.41944122314453
72.41944122314453
77.41388702392578
77.41388702392578
82.40833282470703
82.40833282470703
82.40833282470703
92.39722442626953
82.40833282470703
87.40277862548828
87.40277862548828
87.40277862548828
87.40277862548828
92.39722442626953
92.39722442626953
92.39722442626953
92.39722442626953
97.39167022705078
92.39722442626953
97.39167022705078
97.39167022705078
97.39167022705078
99.88888549804688
99.88888549804688
104.88333129882812
102.3861083984375
104.88333129882812
99.88888549804688
107.38055419921875
107.38055419921875
97.39167022705078
102.3861083984375
102.3861083984375
102.3861083984375
102.3861083984375
107.38055419921875
107.38055419921875
97.39167022705078
92.39722442626953
97.39167022705078
107.38055419921875
97.39167022705078
92.39722442626953
107.38055419921875
107.38055419921875
102.3861083984375
94.89444732666016
102.3861083984375
92.39722442626953
104.88333129882812
97.39167022705078
107.38055419921875
102.3861083984375
87.40277862548828
107.38055419921875
87.40277862548828
97.39167022705078
97.39167022705078
97.39167022705078
102.3861083984375
107.38055419921875
107.38055419921875
109.87777709960938
107.38055419921875
102.3861083984375
102.3861083984375
104.88333129882812
104.88333129882812
97.39167022705078
97.39167022705078
97.39167022705078
92.39722442626953
99.88888549804688
92.39722442626953
92.39722442626953
92.39722442626953
92.39722442626953
87.40277862548828
87.40277862548828
87.40277862548828
87.40277862548828
84.90555572509766
92.39722442626953
84.90555572509766
79.9111099243164
84.90555572509766
79.9111099243164
82.40833282470703
77.41388702392578
79.9111099243164
74.91666412353516
77.41388702392578
74.91666412353516
74.91666412353516
82.40833282470703
77.41388702392578
77.41388702392578
77.41388702392578
77.41388702392578
74.91666412353516
72.41944122314453
82.40833282470703
87.40277862548828
82.40833282470703
72.41944122314453
82.40833282470703
87.40277862548828
72.41944122314453
112.375
114.87222290039062
122.3638916015625
109.87777709960938
124.86111450195312
122.3638916015625
124.86111450195312
112.375
114.87222290039062
127.35832977294922
114.87222290039062
127.35832977294922
122.3638916015625
119.86666870117188
109.87777709960938
114.87222290039062
109.87777709960938
114.87222290039062
109.87777709960938
114.87222290039062
109.87777709960938
109.87777709960938
114.87222290039062
114.87222290039062
119.86666870117188
122.3638916015625
119.86666870117188
0.0
119.86666870117188
124.86111450195312
124.86111450195312
124.86111450195312
124.86111450195312
129.85556030273438
129.85556030273438
129.85556030273438
129.85556030273438
137.34722900390625
132.352783203125
134.85000610351562
134.85000610351562
137.34722900390625
137.34722900390625
142.34165954589844
147.3361053466797
139.84445190429688
144.83888244628906
139.84445190429688
144.83888244628906
142.34165954589844
137.34722900390625
142.34165954589844
142.34165954589844
142.34165954589844
142.34165954589844
147.3361053466797
144.83888244628906
137.34722900390625
129.85556030273438
137.34722900390625
144.83888244628906
134.85000610351562
129.85556030273438
144.83888244628906
147.3361053466797
142.34165954589844
132.352783203125
142.34165954589844
132.352783203125
144.83888244628906
137.34722900390625
144.83888244628906
142.34165954589844
127.35832977294922
144.83888244628906
127.35832977294922
137.34722900390625
137.34722900390625
137.34722900390625
142.34165954589844
144.83888244628906
147.3361053466797
147.3361053466797
144.83888244628906
142.34165954589844
142.34165954589844
142.34165954589844
142.34165954589844
137.34722900390625
137.34722900390625
137.34722900390625
129.85556030273438
137.34722900390625
129.85556030273438
132.352783203125
129.85556030273438
129.85556030273438
127.35832977294922
127.35832977294922
124.86111450195312
127.35832977294922
122.3638916015625
132.352783203125
122.3638916015625
119.86666870117188
119.86666870117188
119.86666870117188
122.3638916015625
114.87222290039062
119.86666870117188
114.87222290039062
119.86666870117188
112.375
112.375
122.3638916015625
114.87222290039062
117.36944580078125
117.36944580078125
117.36944580078125
114.87222290039062
112.375
119.86666870117188
124.86111450195312
119.86666870117188
109.87777709960938
119.86666870117188
124.86111450195312
114.87222290039062
152.33055114746094
154.82777404785156
159.8222198486328
152.33055114746094
164.81666564941406
159.8222198486328
164.81666564941406
147.3361053466797
154.82777404785156
164.81666564941406
154.82777404785156
164.81666564941406
159.8222198486328
159.8222198486328
152.33055114746094
157.3249969482422
149.8333282470703
154.82777404785156
152.33055114746094
154.82777404785156
152.33055114746094
147.3361053466797
154.82777404785156
152.33055114746094
157.3249969482422
154.82777404785156
157.3249969482422
167.3138885498047
157.3249969482422
164.81666564941406
164.81666564941406
162.31944274902344
164.81666564941406
167.3138885498047
167.3138885498047
164.81666564941406
167.3138885498047
174.80555725097656
167.3138885498047
174.80555725097656
174.80555725097656
177.3027801513672
179.8000030517578
179.8000030517578
184.79444885253906
182.29722595214844
184.79444885253906
182.29722595214844
187.2916717529297
184.79444885253906
174.80555725097656
182.29722595214844
182.29722595214844
182.29722595214844
182.29722595214844
184.79444885253906
187.2916717529297
174.80555725097656
167.3138885498047
174.80555725097656
187.2916717529297
177.3027801513672
167.3138885498047
187.2916717529297
187.2916717529297
182.29722595214844
167.3138885498047
182.29722595214844
167.3138885498047
182.29722595214844
177.3027801513672
184.79444885253906
179.8000030517578
164.81666564941406
184.79444885253906
164.81666564941406
177.3027801513672
174.80555725097656
174.80555725097656
182.29722595214844
187.2916717529297
187.2916717529297
187.2916717529297
187.2916717529297
182.29722595214844
182.29722595214844
182.29722595214844
182.29722595214844
177.3027801513672
174.80555725097656
174.80555725097656
167.3138885498047
177.3027801513672
172.30833435058594
167.3138885498047
167.3138885498047
167.3138885498047
164.81666564941406
164.81666564941406
164.81666564941406
164.81666564941406
159.8222198486328
167.3138885498047
159.8222198486328
157.3249969482422
159.8222198486328
157.3249969482422
162.31944274902344
152.33055114746094
157.3249969482422
152.33055114746094
157.3249969482422
149.8333282470703
152.33055114746094
157.3249969482422
154.82777404785156
154.82777404785156
157.3249969482422
157.3249969482422
152.33055114746094
149.8333282470703
162.31944274902344
164.81666564941406
157.3249969482422
152.33055114746094
159.8222198486328
164.81666564941406
152.33055114746094
189.7888946533203
189.7888946533203
194.78334045410156
189.7888946533203
194.78334045410156
194.78334045410156
194.78334045410156
189.7888946533203
192.28611755371094
194.78334045410156
192.28611755371094
194.78334045410156
194.78334045410156
194.78334045410156
189.7888946533203
192.28611755371094
189.7888946533203
192.28611755371094
187.2916717529297
192.28611755371094
189.7888946533203
189.7888946533203
192.28611755371094
192.28611755371094
192.28611755371094
192.28611755371094
194.78334045410156
197.28054809570312
194.78334045410156
194.78334045410156
194.78334045410156
194.78334045410156
194.78334045410156
197.28054809570312
197.28054809570312
197.28054809570312
197.28054809570312
199.77777099609375
197.28054809570312
199.77777099609375
199.77777099609375
199.77777099609375
202.27499389648438
202.27499389648438
207.26943969726562
202.27499389648438
207.26943969726562
202.27499389648438
207.26943969726562
207.26943969726562
199.77777099609375
202.27499389648438
202.27499389648438
202.27499389648438
202.27499389648438
207.26943969726562
207.26943969726562
199.77777099609375
197.28054809570312
199.77777099609375
207.26943969726562
199.77777099609375
197.28054809570312
212.26388549804688
207.26943969726562
202.27499389648438
197.28054809570312
202.27499389648438
197.28054809570312
212.26388549804688
199.77777099609375
207.26943969726562
202.27499389648438
194.78334045410156
204.772216796875
194.78334045410156
199.77777099609375
199.77777099609375
199.77777099609375
202.27499389648438
207.26943969726562
212.26388549804688
207.26943969726562
0.0
202.27499389648438
202.27499389648438
202.27499389648438
202.27499389648438
199.77777099609375
199.77777099609375
199.77777099609375
197.28054809570312
199.77777099609375
197.28054809570312
197.28054809570312
197.28054809570312
197.28054809570312
194.78334045410156
194.78334045410156
194.78334045410156
194.78334045410156
194.78334045410156
197.28054809570312
192.28611755371094
192.28611755371094
194.78334045410156
192.28611755371094
194.78334045410156
189.7888946533203
192.28611755371094
189.7888946533203
192.28611755371094
189.7888946533203
189.7888946533203
194.78334045410156
192.28611755371094
189.7888946533203
192.28611755371094
192.28611755371094
187.2916717529297
189.7888946533203
194.78334045410156
194.78334045410156
194.78334045410156
189.7888946533203
194.78334045410156
194.78334045410156
189.7888946533203
37.45833206176758
39.9555549621582
44.95000076293945
37.45833206176758
49.94444274902344
44.95000076293945
49.94444274902344
37.45833206176758
42.45277786254883
49.94444274902344
39.9555549621582
52.44166564941406
44.95000076293945
44.95000076293945
37.45833206176758
39.9555549621582
37.45833206176758
42.45277786254883
37.45833206176758
42.45277786254883
37.45833206176758
37.45833206176758
42.45277786254883
42.45277786254883
47.44722366333008
44.95000076293945
44.95000076293945
54.93888854980469
44.95000076293945
49.94444274902344
49.94444274902344
49.94444274902344
49.94444274902344
52.44166564941406
54.93888854980469
54.93888854980469
52.44166564941406
57.43611145019531
54.93888854980469
57.43611145019531
57.43611145019531
57.43611145019531
62.43055725097656
62.43055725097656
67.42500305175781
62.43055725097656
67.42500305175781
62.43055725097656
67.42500305175781
67.42500305175781
57.43611145019531
62.43055725097656
62.43055725097656
62.43055725097656
62.43055725097656
69.92222595214844
67.42500305175781
57.43611145019531
54.93888854980469
57.43611145019531
67.42500305175781
57.43611145019531
54.93888854980469
67.42500305175781
67.42500305175781
62.43055725097656
52.44166564941406
62.43055725097656
54.93888854980469
67.42500305175781
59.93333435058594
67.42500305175781
62.43055725097656
49.94444274902344
67.42500305175781
49.94444274902344
57.43611145019531
57.43611145019531
59.93333435058594
62.43055725097656
67.42500305175781
67.42500305175781
67.42500305175781
67.42500305175781
64.92778015136719
62.43055725097656
64.92778015136719
64.92778015136719
59.93333435058594
59.93333435058594
62.43055725097656
54.93888854980469
57.43611145019531
57.43611145019531
54.93888854980469
57.43611145019531
54.93888854980469
49.94444274902344
52.44166564941406
49.94444274902344
52.44166564941406
44.95000076293945
54.93888854980469
47.44722366333008
42.45277786254883
47.44722366333008
42.45277786254883
47.44722366333008
37.45833206176758
42.45277786254883
37.45833206176758
42.45277786254883
37.45833206176758
37.45833206176758
47.44722366333008
42.45277786254883
42.45277786254883
42.45277786254883
42.45277786254883
37.45833206176758
37.45833206176758
44.95000076293945
49.94444274902344
47.44722366333008
37.45833206176758
44.95000076293945
49.94444274902344
37.45833206176758
-0.5
4.494444370269775
9.48888874053955
-0.5
14.483333587646484
9.48888874053955
14.483333587646484
-0.5
4.494444370269775
14.483333587646484
4.494444370269775
14.483333587646484
9.48888874053955
9.48888874053955
-0.5
4.494444370269775
-0.5
4.494444370269775
-0.5
4.494444370269775
-0.5
-0.5
4.494444370269775
4.494444370269775
9.48888874053955
9.48888874053955
9.48888874053955
19.9777774810791
9.48888874053955
14.483333587646484
14.483333587646484
14.483333587646484
14.483333587646484
16.98055648803711
16.98055648803711
19.9777774810791
19.9777774810791
22.475000381469727
19.9777774810791
22.475000381469727
22.475000381469727
22.475000381469727
24.97222137451172
27.469444274902344
32.463890075683594
27.469444274902344
32.463890075683594
27.469444274902344
32.463890075683594
29.96666717529297
22.475000381469727
27.469444274902344
27.469444274902344
27.469444274902344
27.469444274902344
32.463890075683594
32.463890075683594
22.475000381469727
19.9777774810791
22.475000381469727
32.463890075683594
22.475000381469727
19.9777774810791
32.463890075683594
32.463890075683594
27.469444274902344
19.9777774810791
27.469444274902344
20.0
32.463890075683594
22.475000381469727
32.463890075683594
27.469444274902344
14.483333587646484
32.463890075683594
14.483333587646484
22.475000381469727
22.475000381469727
22.475000381469727
27.469444274902344
32.463890075683594
32.463890075683594
32.463890075683594
32.463890075683594
27.469444274902344
27.469444274902344
27.469444274902344
27.469444274902344
22.475000381469727
22.475000381469727
22.475000381469727
19.9777774810791
22.475000381469727
19.9777774810791
19.9777774810791
19.9777774810791
19.9777774810791
14.483333587646484
14.483333587646484
14.483333587646484
14.483333587646484
9.48888874053955
19.9777774810791
9.48888874053955
4.494444370269775
9.48888874053955
4.494444370269775
9.48888874053955
-0.5
4.494444370269775
-0.5
4.494444370269775
-0.5
-0.5
9.48888874053955
4.494444370269775
4.494444370269775
4.494444370269775
4.494444370269775
-0.5
-0.5
9.48888874053955
14.483333587646484
9.48888874053955
-0.5
9.48888874053955
14.483333587646484
-0.5
864.0388793945312
869.0333251953125
874.0277709960938
864.0388793945312
876.5250244140625
874.0277709960938
879.522216796875
864.0388793945312
869.0333251953125
877.0250244140625
869.0333251953125
879.522216796875
874.0277709960938
874.0277709960938
864.0388793945312
869.0333251953125
864.0388793945312
869.0333251953125
864.0388793945312
869.0333251953125
864.0388793945312
864.0388793945312
869.0333251953125
869.0333251953125
874.0277709960938
874.0277709960938
871.5305786132812
882.0194702148438
871.5305786132812
876.5250244140625
874.0277709960938
877.0250244140625
879.522216796875
879.522216796875
879.522216796875
882.0194702148438
879.522216796875
884.5166625976562
882.0194702148438
887.013916015625
884.5166625976562
884.5166625976562
889.5111083984375
889.5111083984375
894.5055541992188
889.5111083984375
894.5055541992188
889.5111083984375
894.5055541992188
894.5055541992188
884.5166625976562
889.5111083984375
889.5111083984375
889.5111083984375
889.5111083984375
894.5055541992188
894.5055541992188
887.013916015625
882.0194702148438
884.5166625976562
894.5055541992188
884.5166625976562
879.522216796875
894.5055541992188
894.5055541992188
889.5111083984375
882.0194702148438
889.5111083984375
884.5166625976562
894.5055541992188
884.5166625976562
897.0028076171875
889.5111083984375
877.0250244140625
897.0028076171875
877.0250244140625
884.5166625976562
887.013916015625
884.5166625976562
889.5111083984375
897.0028076171875
897.0028076171875
897.0028076171875
897.0028076171875
889.5111083984375
889.5111083984375
889.5111083984375
889.5111083984375
889.5111083984375
887.013916015625
887.013916015625
882.0194702148438
887.013916015625
884.5166625976562
882.0194702148438
882.0194702148438
884.5166625976562
879.522216796875
879.522216796875
879.522216796875
879.522216796875
874.0277709960938
882.0194702148438
874.0277709960938
869.0333251953125
874.0277709960938
869.0333251953125
874.0277709960938
864.0388793945312
869.0333251953125
864.0388793945312
869.0333251953125
864.0388793945312
864.0388793945312
874.0277709960938
869.0333251953125
869.0333251953125
869.0333251953125
869.0333251953125
864.0388793945312
864.0388793945312
874.0277709960938
876.5250244140625
874.0277709960938
864.0388793945312
874.0277709960938
879.522216796875
864.0388793945312
826.58056640625
831.5750122070312
836.5694580078125
826.58056640625
841.5639038085938
836.5694580078125
841.5639038085938
826.58056640625
831.5750122070312
841.5639038085938
831.5750122070312
841.5639038085938
836.5694580078125
836.5694580078125
826.58056640625
831.5750122070312
826.58056640625
831.5750122070312
826.58056640625
831.5750122070312
826.58056640625
826.58056640625
831.5750122070312
831.5750122070312
836.5694580078125
836.5694580078125
836.5694580078125
846.558349609375
836.5694580078125
841.5639038085938
841.5639038085938
841.5639038085938
841.5639038085938
846.558349609375
844.0610961914062
846.558349609375
844.0610961914062
849.0555419921875
844.0610961914062
849.0555419921875
849.0555419921875
849.0555419921875
854.0499877929688
854.0499877929688
859.04443359375
854.0499877929688
859.04443359375
854.0499877929688
859.04443359375
859.04443359375
849.0555419921875
854.0499877929688
854.0499877929688
854.0499877929688
854.0499877929688
859.04443359375
859.04443359375
849.0555419921875
844.0610961914062
849.0555419921875
856.5472412109375
849.0555419921875
846.558349609375
856.5472412109375
859.04443359375
854.0499877929688
846.558349609375
854.0499877929688
846.558349609375
859.04443359375
849.0555419921875
859.04443359375
854.0499877929688
841.5639038085938
859.04443359375
841.5639038085938
851.5527954101562
849.0555419921875
849.0555419921875
854.0499877929688
861.5416870117188
861.5416870117188
861.5416870117188
861.5416870117188
854.0499877929688
854.0499877929688
856.5472412109375
854.0499877929688
849.0555419921875
851.5527954101562
851.5527954101562
846.558349609375
851.5527954101562
846.558349609375
846.558349609375
846.558349609375
846.558349609375
841.5639038085938
841.5639038085938
841.5639038085938
841.5639038085938
836.5694580078125
846.558349609375
836.5694580078125
831.5750122070312
836.5694580078125
831.5750122070312
836.5694580078125
826.58056640625
831.5750122070312
826.58056640625
831.5750122070312
826.58056640625
826.58056640625
836.5694580078125
831.5750122070312
831.5750122070312
831.5750122070312
831.5750122070312
826.58056640625
826.58056640625
836.5694580078125
841.5639038085938
836.5694580078125
826.58056640625
836.5694580078125
841.5639038085938
826.58056640625
829.0777587890625
831.5750122070312
836.5694580078125
826.58056640625
841.5639038085938
839.066650390625
841.5639038085938
826.58056640625
834.0722045898438
841.5639038085938
831.5750122070312
841.5639038085938
836.5694580078125
839.066650390625
829.0777587890625
831.5750122070312
826.58056640625
831.5750122070312
826.58056640625
831.5750122070312
826.58056640625
826.58056640625
831.5750122070312
831.5750122070312
836.5694580078125
836.5694580078125
836.5694580078125
846.558349609375
836.5694580078125
841.5639038085938
841.5639038085938
841.5639038085938
841.5639038085938
846.558349609375
846.558349609375
846.558349609375
846.558349609375
851.5527954101562
846.558349609375
851.5527954101562
851.5527954101562
851.5527954101562
856.5472412109375
854.0499877929688
861.5416870117188
856.5472412109375
861.5416870117188
856.5472412109375
861.5416870117188
861.5416870117188
851.5527954101562
856.5472412109375
856.5472412109375
856.5472412109375
854.0499877929688
861.5416870117188
861.5416870117188
851.5527954101562
846.558349609375
851.5527954101562
861.5416870117188
851.5527954101562
846.558349609375
861.5416870117188
861.5416870117188
856.5472412109375
846.558349609375
854.0499877929688
846.558349609375
861.5416870117188
851.5527954101562
861.5416870117188
854.0499877929688
841.5639038085938
861.5416870117188
841.5639038085938
851.5527954101562
851.5527954101562
851.5527954101562
856.5472412109375
861.5416870117188
861.5416870117188
861.5416870117188
861.5416870117188
856.5472412109375
856.5472412109375
856.5472412109375
856.5472412109375
851.5527954101562
851.5527954101562
851.5527954101562
846.558349609375
851.5527954101562
846.558349609375
846.558349609375
846.558349609375
846.558349609375
841.5639038085938
844.0610961914062
844.0610961914062
841.5639038085938
839.066650390625
846.558349609375
839.066650390625
834.0722045898438
836.5694580078125
834.0722045898438
836.5694580078125
829.0777587890625
831.5750122070312
829.0777587890625
834.0722045898438
829.0777587890625
829.0777587890625
836.5694580078125
834.0722045898438
831.5750122070312
834.0722045898438
831.5750122070312
829.0777587890625
829.0777587890625
836.5694580078125
841.5639038085938
839.066650390625
829.0777587890625
839.066650390625
841.5639038085938
829.0777587890625
866.5361328125
869.0333251953125
874.0277709960938
866.5361328125
879.522216796875
874.0277709960938
879.522216796875
864.0388793945312
869.0333251953125
879.522216796875
869.0333251953125
879.522216796875
874.0277709960938
874.0277709960938
866.5361328125
871.5305786132812
866.5361328125
869.0333251953125
864.0388793945312
869.0333251953125
866.5361328125
864.0388793945312
869.0333251953125
869.0333251953125
874.0277709960938
874.0277709960938
874.0277709960938
884.5166625976562
874.0277709960938
879.522216796875
879.522216796875
879.522216796875
879.522216796875
884.5166625976562
884.5166625976562
884.5166625976562
884.5166625976562
887.013916015625
882.0194702148438
887.013916015625
887.013916015625
887.013916015625
892.0083618164062
892.0083618164062
894.5055541992188
892.0083618164062
894.5055541992188
892.0083618164062
897.0028076171875
897.0028076171875
889.5111083984375
892.0083618164062
892.0083618164062
892.0083618164062
892.0083618164062
897.0028076171875
897.0028076171875
889.5111083984375
884.5166625976562
887.013916015625
894.5055541992188
887.013916015625
884.5166625976562
897.0028076171875
897.0028076171875
892.0083618164062
884.5166625976562
892.0083618164062
884.5166625976562
897.0028076171875
887.013916015625
897.0028076171875
892.0083618164062
879.522216796875
-0.5
879.522216796875
889.5111083984375
887.013916015625
889.5111083984375
894.5055541992188
897.0028076171875
897.0028076171875
897.0028076171875
897.0028076171875
892.0083618164062
892.0083618164062
894.5055541992188
892.0083618164062
889.5111083984375
889.5111083984375
889.5111083984375
884.5166625976562
889.5111083984375
884.5166625976562
884.5166625976562
884.5166625976562
884.5166625976562
879.522216796875
879.522216796875
879.522216796875
879.522216796875
874.0277709960938
884.5166625976562
874.0277709960938
869.0333251953125
874.0277709960938
871.5305786132812
874.0277709960938
864.0388793945312
871.5305786132812
864.0388793945312
871.5305786132812
866.5361328125
866.5361328125
874.0277709960938
869.0333251953125
869.0333251953125
871.5305786132812
869.0333251953125
864.0388793945312
866.5361328125
874.0277709960938
879.522216796875
874.0277709960938
864.0388793945312
874.0277709960938
879.522216796875
866.5361328125
-0.5
6.991666793823242
9.48888874053955
-0.5
14.483333587646484
9.48888874053955
14.483333587646484
1.9972221851348877
4.494444370269775
14.483333587646484
4.494444370269775
14.483333587646484
9.48888874053955
9.48888874053955
1.9972221851348877
4.494444370269775
-0.5
4.494444370269775
-0.5
4.494444370269775
1.9972221851348877
-0.5
4.494444370269775
4.494444370269775
9.48888874053955
9.48888874053955
9.48888874053955
19.9777774810791
9.48888874053955
14.483333587646484
14.483333587646484
15.0
14.483333587646484
19.9777774810791
19.9777774810791
19.9777774810791
19.9777774810791
22.475000381469727
19.9777774810791
22.475000381469727
22.475000381469727
22.475000381469727
27.469444274902344
27.469444274902344
32.463890075683594
27.469444274902344
32.463890075683594
27.469444274902344
32.463890075683594
32.463890075683594
22.475000381469727
27.469444274902344
27.469444274902344
27.469444274902344
27.469444274902344
32.463890075683594
32.463890075683594
22.475000381469727
19.9777774810791
22.475000381469727
32.463890075683594
22.475000381469727
19.9777774810791
32.463890075683594
32.463890075683594
27.469444274902344
19.9777774810791
27.469444274902344
19.9777774810791
32.463890075683594
24.97222137451172
32.463890075683594
27.469444274902344
14.483333587646484
32.463890075683594
14.483333587646484
24.97222137451172
22.475000381469727
24.97222137451172
27.469444274902344
32.463890075683594
32.463890075683594
32.463890075683594
32.463890075683594
27.469444274902344
27.469444274902344
27.469444274902344
27.469444274902344
24.97222137451172
24.97222137451172
24.97222137451172
19.9777774810791
24.97222137451172
19.9777774810791
19.9777774810791
19.9777774810791
19.9777774810791
14.483333587646484
14.483333587646484
14.483333587646484
14.483333587646484
11.98611068725586
19.9777774810791
9.48888874053955
6.991666793823242
11.98611068725586
4.494444370269775
11.98611068725586
-0.5
6.991666793823242
1.9972221851348877
6.991666793823242
1.9972221851348877
-0.5
9.48888874053955
4.494444370269775
6.991666793823242
4.494444370269775
4.494444370269775
-0.5
-0.5
11.98611068725586
14.483333587646484
9.48888874053955
1.9972221851348877
9.48888874053955
14.483333587646484
1.9972221851348877
37.45833206176758
42.45277786254883
47.44722366333008
37.45833206176758
52.44166564941406
47.44722366333008
52.44166564941406
37.45833206176758
42.45277786254883
52.44166564941406
42.45277786254883
52.44166564941406
47.44722366333008
47.44722366333008
37.45833206176758
42.45277786254883
37.45833206176758
42.45277786254883
37.45833206176758
42.45277786254883
37.45833206176758
34.96111297607422
42.45277786254883
42.45277786254883
47.44722366333008
47.44722366333008
47.44722366333008
57.43611145019531
47.44722366333008
52.44166564941406
49.94444274902344
52.44166564941406
52.44166564941406
54.93888854980469
57.43611145019531
54.93888854980469
54.93888854980469
59.93333435058594
57.43611145019531
59.93333435058594
59.93333435058594
62.43055725097656
62.43055725097656
62.43055725097656
67.42500305175781
64.92778015136719
69.92222595214844
62.43055725097656
67.42500305175781
69.92222595214844
59.93333435058594
67.42500305175781
67.42500305175781
64.92778015136719
67.42500305175781
69.92222595214844
69.92222595214844
59.93333435058594
57.43611145019531
62.43055725097656
69.92222595214844
62.43055725097656
57.43611145019531
69.92222595214844
69.92222595214844
64.92778015136719
57.43611145019531
67.42500305175781
57.43611145019531
72.41944122314453
62.43055725097656
72.41944122314453
67.42500305175781
52.44166564941406
69.92222595214844
52.44166564941406
59.93333435058594
62.43055725097656
62.43055725097656
67.42500305175781
72.41944122314453
72.41944122314453
72.41944122314453
72.41944122314453
67.42500305175781
67.42500305175781
67.42500305175781
67.42500305175781
62.43055725097656
62.43055725097656
62.43055725097656
57.43611145019531
59.93333435058594
57.43611145019531
57.43611145019531
57.43611145019531
57.43611145019531
52.44166564941406
52.44166564941406
52.44166564941406
52.44166564941406
47.44722366333008
57.43611145019531
47.44722366333008
42.45277786254883
47.44722366333008
42.45277786254883
47.44722366333008
37.45833206176758
42.45277786254883
37.45833206176758
42.45277786254883
37.45833206176758
37.45833206176758
47.44722366333008
42.45277786254883
42.45277786254883
42.45277786254883
42.45277786254883
37.45833206176758
37.45833206176758
47.44722366333008
52.44166564941406
47.44722366333008
37.45833206176758
47.44722366333008
52.44166564941406
37.45833206176758
791.6194458007812
796.6138916015625
799.111083984375
791.6194458007812
804.1055297851562
801.6083374023438
804.1055297851562
789.1221923828125
794.1166381835938
806.602783203125
794.1166381835938
804.1055297851562
801.6083374023438
801.6083374023438
791.6194458007812
796.6138916015625
791.6194458007812
796.6138916015625
791.6194458007812
796.6138916015625
791.6194458007812
789.1221923828125
796.6138916015625
794.1166381835938
801.6083374023438
801.6083374023438
801.6083374023438
809.0999755859375
801.6083374023438
806.602783203125
804.1055297851562
801.6083374023438
804.1055297851562
809.0999755859375
809.0999755859375
809.0999755859375
806.602783203125
811.5972290039062
809.0999755859375
811.5972290039062
814.0944213867188
811.5972290039062
816.5916748046875
816.5916748046875
821.5861206054688
816.5916748046875
821.5861206054688
819.0888671875
821.5861206054688
821.5861206054688
811.5972290039062
816.5916748046875
816.5916748046875
816.5916748046875
816.5916748046875
821.5861206054688
821.5861206054688
811.5972290039062
809.0999755859375
814.0944213867188
821.5861206054688
811.5972290039062
806.602783203125
821.5861206054688
821.5861206054688
819.0888671875
811.5972290039062
819.0888671875
811.5972290039062
821.5861206054688
814.0944213867188
821.5861206054688
816.5916748046875
806.602783203125
821.5861206054688
806.602783203125
814.0944213867188
814.0944213867188
814.0944213867188
819.0888671875
821.5861206054688
821.5861206054688
824.0833129882812
821.5861206054688
816.5916748046875
819.0888671875
819.0888671875
819.0888671875
814.0944213867188
814.0944213867188
814.0944213867188
809.0999755859375
811.5972290039062
811.5972290039062
809.0999755859375
811.5972290039062
809.0999755859375
806.602783203125
806.602783203125
806.602783203125
804.1055297851562
801.6083374023438
809.0999755859375
801.6083374023438
796.6138916015625
801.6083374023438
796.6138916015625
801.6083374023438
791.6194458007812
796.6138916015625
791.6194458007812
796.6138916015625
791.6194458007812
791.6194458007812
801.6083374023438
796.6138916015625
796.6138916015625
796.6138916015625
796.6138916015625
791.6194458007812
791.6194458007812
801.6083374023438
806.602783203125
801.6083374023438
791.6194458007812
801.6083374023438
806.602783203125
791.6194458007812
754.1611328125
759.1555786132812
764.1500244140625
751.6638793945312
766.647216796875
761.6527709960938
766.647216796875
754.1611328125
759.1555786132812
766.647216796875
759.1555786132812
766.647216796875
764.1500244140625
761.6527709960938
751.6638793945312
759.1555786132812
751.6638793945312
759.1555786132812
751.6638793945312
759.1555786132812
754.1611328125
754.1611328125
756.6583251953125
759.1555786132812
764.1500244140625
764.1500244140625
764.1500244140625
771.6416625976562
764.1500244140625
766.647216796875
766.647216796875
766.647216796875
764.1500244140625
771.6416625976562
771.6416625976562
769.1444702148438
771.6416625976562
774.138916015625
771.6416625976562
776.6361083984375
776.6361083984375
776.6361083984375
781.6305541992188
779.1333618164062
784.1278076171875
779.1333618164062
784.1278076171875
779.1333618164062
786.625
786.625
776.6361083984375
779.1333618164062
779.1333618164062
781.6305541992188
779.1333618164062
784.1278076171875
786.625
776.6361083984375
771.6416625976562
776.6361083984375
784.1278076171875
776.6361083984375
771.6416625976562
786.625
786.625
781.6305541992188
771.6416625976562
781.6305541992188
771.6416625976562
786.625
776.6361083984375
786.625
781.6305541992188
766.647216796875
786.625
766.647216796875
776.6361083984375
776.6361083984375
776.6361083984375
781.6305541992188
786.625
786.625
786.625
784.1278076171875
781.6305541992188
781.6305541992188
779.1333618164062
781.6305541992188
776.6361083984375
776.6361083984375
776.6361083984375
771.6416625976562
776.6361083984375
771.6416625976562
771.6416625976562
771.6416625976562
771.6416625976562
769.1444702148438
766.647216796875
769.1444702148438
766.647216796875
764.1500244140625
771.6416625976562
764.1500244140625
759.1555786132812
764.1500244140625
759.1555786132812
764.1500244140625
754.1611328125
759.1555786132812
754.1611328125
759.1555786132812
754.1611328125
754.1611328125
764.1500244140625
759.1555786132812
759.1555786132812
759.1555786132812
759.1555786132812
754.1611328125
751.6638793945312
764.1500244140625
766.647216796875
764.1500244140625
754.1611328125
764.1500244140625
769.1444702148438
754.1611328125
714.20556640625
719.2000122070312
721.6972045898438
714.20556640625
726.691650390625
721.6972045898438
729.1889038085938
711.7083129882812
719.2000122070312
726.691650390625
719.2000122070312
729.1889038085938
721.6972045898438
724.1944580078125
714.20556640625
719.2000122070312
714.20556640625
719.2000122070312
714.20556640625
719.2000122070312
711.7083129882812
711.7083129882812
716.7027587890625
719.2000122070312
724.1944580078125
724.1944580078125
724.1944580078125
734.183349609375
721.6972045898438
729.1889038085938
729.1889038085938
729.1889038085938
729.1889038085938
731.6860961914062
734.183349609375
731.6860961914062
734.183349609375
739.1777954101562
734.183349609375
739.1777954101562
739.1777954101562
739.1777954101562
744.1722412109375
744.1722412109375
749.1666870117188
744.1722412109375
749.1666870117188
744.1722412109375
749.1666870117188
749.1666870117188
739.1777954101562
741.6749877929688
744.1722412109375
741.6749877929688
744.1722412109375
749.1666870117188
749.1666870117188
736.6805419921875
734.183349609375
739.1777954101562
749.1666870117188
739.1777954101562
734.183349609375
749.1666870117188
749.1666870117188
744.1722412109375
734.183349609375
744.1722412109375
734.183349609375
749.1666870117188
739.1777954101562
746.66943359375
744.1722412109375
729.1889038085938
749.1666870117188
726.691650390625
739.1777954101562
739.1777954101562
739.1777954101562
744.1722412109375
749.1666870117188
749.1666870117188
749.1666870117188
749.1666870117188
744.1722412109375
744.1722412109375
744.1722412109375
744.1722412109375
739.1777954101562
739.1777954101562
739.1777954101562
734.183349609375
739.1777954101562
731.6860961914062
734.183349609375
731.6860961914062
734.183349609375
729.1889038085938
729.1889038085938
729.1889038085938
726.691650390625
724.1944580078125
731.6860961914062
726.691650390625
719.2000122070312
724.1944580078125
719.2000122070312
724.1944580078125
714.20556640625
719.2000122070312
716.7027587890625
721.6972045898438
714.20556640625
714.20556640625
724.1944580078125
719.2000122070312
719.2000122070312
719.2000122070312
719.2000122070312
714.20556640625
716.7027587890625
726.691650390625
726.691650390625
724.1944580078125
711.7083129882812
726.691650390625
729.1889038085938
716.7027587890625
689.2333374023438
694.227783203125
696.7249755859375
686.736083984375
699.2222290039062
696.7249755859375
699.2222290039062
689.2333374023438
691.7305297851562
699.2222290039062
691.7305297851562
699.2222290039062
696.7249755859375
696.7249755859375
686.736083984375
691.7305297851562
686.736083984375
691.7305297851562
689.2333374023438
691.7305297851562
686.736083984375
686.736083984375
691.7305297851562
691.7305297851562
696.7249755859375
696.7249755859375
696.7249755859375
701.7194213867188
696.7249755859375
699.2222290039062
699.2222290039062
699.2222290039062
699.2222290039062
701.7194213867188
701.7194213867188
701.7194213867188
701.7194213867188
704.2166748046875
701.7194213867188
704.2166748046875
704.2166748046875
704.2166748046875
706.7138671875
704.2166748046875
709.2111206054688
706.7138671875
706.7138671875
704.2166748046875
706.7138671875
706.7138671875
704.2166748046875
706.7138671875
706.7138671875
706.7138671875
706.7138671875
706.7138671875
706.7138671875
704.2166748046875
701.7194213867188
704.2166748046875
709.2111206054688
704.2166748046875
701.7194213867188
709.2111206054688
709.2111206054688
704.2166748046875
701.7194213867188
706.7138671875
701.7194213867188
706.7138671875
704.2166748046875
706.7138671875
706.7138671875
699.2222290039062
706.7138671875
699.2222290039062
704.2166748046875
704.2166748046875
704.2166748046875
706.7138671875
709.2111206054688
709.2111206054688
709.2111206054688
709.2111206054688
706.7138671875
706.7138671875
706.7138671875
706.7138671875
704.2166748046875
704.2166748046875
704.2166748046875
701.7194213867188
704.2166748046875
701.7194213867188
701.7194213867188
701.7194213867188
701.7194213867188
699.2222290039062
699.2222290039062
699.2222290039062
699.2222290039062
699.2222290039062
701.7194213867188
696.7249755859375
694.227783203125
696.7249755859375
694.227783203125
696.7249755859375
686.736083984375
694.227783203125
686.736083984375
694.227783203125
686.736083984375
686.736083984375
696.7249755859375
691.7305297851562
694.227783203125
694.227783203125
694.227783203125
686.736083984375
686.736083984375
694.227783203125
699.2222290039062
696.7249755859375
686.736083984375
696.7249755859375
699.2222290039062
686.736083984375
686.736083984375
694.227783203125
699.2222290039062
686.736083984375
699.2222290039062
696.7249755859375
699.2222290039062
686.736083984375
694.227783203125
699.2222290039062
694.227783203125
699.2222290039062
696.7249755859375
699.2222290039062
689.2333374023438
696.7249755859375
689.2333374023438
694.227783203125
686.736083984375
694.227783203125
686.736083984375
689.2333374023438
694.227783203125
694.227783203125
699.2222290039062
699.2222290039062
699.2222290039062
701.7194213867188
699.2222290039062
699.2222290039062
699.2222290039062
699.2222290039062
699.2222290039062
701.7194213867188
701.7194213867188
701.7194213867188
701.7194213867188
704.2166748046875
701.7194213867188
704.2166748046875
704.2166748046875
704.2166748046875
706.7138671875
706.7138671875
709.2111206054688
706.7138671875
709.2111206054688
706.7138671875
709.2111206054688
709.2111206054688
704.2166748046875
706.7138671875
706.7138671875
706.7138671875
706.7138671875
709.2111206054688
711.7083129882812
704.2166748046875
701.7194213867188
704.2166748046875
709.2111206054688
704.2166748046875
701.7194213867188
709.2111206054688
709.2111206054688
706.7138671875
701.7194213867188
706.7138671875
701.7194213867188
711.7083129882812
704.2166748046875
709.2111206054688
706.7138671875
699.2222290039062
711.7083129882812
699.2222290039062
704.2166748046875
704.2166748046875
704.2166748046875
706.7138671875
709.2111206054688
709.2111206054688
711.7083129882812
711.7083129882812
706.7138671875
706.7138671875
706.7138671875
706.7138671875
704.2166748046875
704.2166748046875
704.2166748046875
701.7194213867188
704.2166748046875
701.7194213867188
701.7194213867188
701.7194213867188
701.7194213867188
699.2222290039062
701.7194213867188
699.2222290039062
699.2222290039062
696.7249755859375
701.7194213867188
696.7249755859375
694.227783203125
699.2222290039062
694.227783203125
696.7249755859375
689.2333374023438
694.227783203125
689.2333374023438
694.227783203125
689.2333374023438
686.736083984375
699.2222290039062
694.227783203125
694.227783203125
694.227783203125
694.227783203125
686.736083984375
686.736083984375
696.7249755859375
699.2222290039062
699.2222290039062
689.2333374023438
699.2222290039062
699.2222290039062
686.736083984375
716.7027587890625
719.2000122070312
726.691650390625
714.20556640625
729.1889038085938
726.691650390625
729.1889038085938
716.7027587890625
719.2000122070312
729.1889038085938
721.6972045898438
731.6860961914062
724.1944580078125
724.1944580078125
716.7027587890625
721.6972045898438
716.7027587890625
719.2000122070312
714.20556640625
719.2000122070312
716.7027587890625
716.7027587890625
719.2000122070312
719.2000122070312
726.691650390625
726.691650390625
726.691650390625
734.183349609375
726.691650390625
731.6860961914062
729.1889038085938
729.1889038085938
729.1889038085938
734.183349609375
734.183349609375
734.183349609375
734.183349609375
739.1777954101562
734.183349609375
739.1777954101562
739.1777954101562
739.1777954101562
741.6749877929688
744.1722412109375
749.1666870117188
744.1722412109375
749.1666870117188
744.1722412109375
749.1666870117188
749.1666870117188
739.1777954101562
744.1722412109375
744.1722412109375
744.1722412109375
744.1722412109375
749.1666870117188
749.1666870117188
739.1777954101562
734.183349609375
739.1777954101562
749.1666870117188
739.1777954101562
734.183349609375
749.1666870117188
749.1666870117188
744.1722412109375
734.183349609375
744.1722412109375
734.183349609375
749.1666870117188
739.1777954101562
749.1666870117188
744.1722412109375
731.6860961914062
749.1666870117188
731.6860961914062
739.1777954101562
739.1777954101562
739.1777954101562
744.1722412109375
749.1666870117188
749.1666870117188
749.1666870117188
751.6638793945312
744.1722412109375
744.1722412109375
744.1722412109375
744.1722412109375
739.1777954101562
739.1777954101562
739.1777954101562
734.183349609375
739.1777954101562
734.183349609375
734.183349609375
734.183349609375
734.183349609375
731.6860961914062
731.6860961914062
731.6860961914062
734.183349609375
726.691650390625
734.183349609375
726.691650390625
721.6972045898438
726.691650390625
721.6972045898438
726.691650390625
716.7027587890625
719.2000122070312
716.7027587890625
721.6972045898438
714.20556640625
716.7027587890625
726.691650390625
719.2000122070312
721.6972045898438
721.6972045898438
721.6972045898438
716.7027587890625
716.7027587890625
726.691650390625
729.1889038085938
726.691650390625
716.7027587890625
726.691650390625
731.6860961914062
716.7027587890625
754.1611328125
756.6583251953125
764.1500244140625
754.1611328125
766.647216796875
764.1500244140625
766.647216796875
754.1611328125
759.1555786132812
769.1444702148438
759.1555786132812
766.647216796875
764.1500244140625
764.1500244140625
754.1611328125
759.1555786132812
754.1611328125
759.1555786132812
754.1611328125
759.1555786132812
754.1611328125
754.1611328125
759.1555786132812
759.1555786132812
764.1500244140625
761.6527709960938
764.1500244140625
771.6416625976562
764.1500244140625
769.1444702148438
769.1444702148438
769.1444702148438
769.1444702148438
771.6416625976562
771.6416625976562
771.6416625976562
771.6416625976562
776.6361083984375
771.6416625976562
776.6361083984375
776.6361083984375
776.6361083984375
781.6305541992188
781.6305541992188
786.625
781.6305541992188
786.625
781.6305541992188
786.625
786.625
776.6361083984375
781.6305541992188
781.6305541992188
781.6305541992188
781.6305541992188
786.625
786.625
776.6361083984375
771.6416625976562
776.6361083984375
786.625
776.6361083984375
771.6416625976562
786.625
786.625
781.6305541992188
771.6416625976562
781.6305541992188
771.6416625976562
786.625
776.6361083984375
786.625
781.6305541992188
769.1444702148438
786.625
769.1444702148438
776.6361083984375
776.6361083984375
776.6361083984375
781.6305541992188
786.625
786.625
786.625
786.625
781.6305541992188
781.6305541992188
781.6305541992188
781.6305541992188
776.6361083984375
776.6361083984375
776.6361083984375
771.6416625976562
776.6361083984375
774.138916015625
774.138916015625
771.6416625976562
771.6416625976562
769.1444702148438
769.1444702148438
769.1444702148438
769.1444702148438
764.1500244140625
774.138916015625
764.1500244140625
759.1555786132812
764.1500244140625
759.1555786132812
764.1500244140625
754.1611328125
759.1555786132812
754.1611328125
759.1555786132812
754.1611328125
754.1611328125
764.1500244140625
759.1555786132812
759.1555786132812
759.1555786132812
759.1555786132812
754.1611328125
754.1611328125
764.1500244140625
769.1444702148438
764.1500244140625
754.1611328125
764.1500244140625
769.1444702148438
754.1611328125
791.6194458007812
796.6138916015625
801.6083374023438
791.6194458007812
806.602783203125
801.6083374023438
806.602783203125
791.6194458007812
796.6138916015625
806.602783203125
796.6138916015625
806.602783203125
799.111083984375
801.6083374023438
789.1221923828125
796.6138916015625
791.6194458007812
796.6138916015625
791.6194458007812
796.6138916015625
791.6194458007812
791.6194458007812
796.6138916015625
796.6138916015625
801.6083374023438
801.6083374023438
801.6083374023438
811.5972290039062
801.6083374023438
806.602783203125
806.602783203125
806.602783203125
806.602783203125
811.5972290039062
811.5972290039062
811.5972290039062
811.5972290039062
814.0944213867188
811.5972290039062
816.5916748046875
814.0944213867188
814.0944213867188
819.0888671875
819.0888671875
821.5861206054688
819.0888671875
821.5861206054688
819.0888671875
824.0833129882812
821.5861206054688
814.0944213867188
819.0888671875
819.0888671875
819.0888671875
819.0888671875
824.0833129882812
821.5861206054688
816.5916748046875
811.5972290039062
814.0944213867188
824.0833129882812
814.0944213867188
811.5972290039062
824.0833129882812
824.0833129882812
819.0888671875
811.5972290039062
819.0888671875
811.5972290039062
824.0833129882812
814.0944213867188
821.5861206054688
819.0888671875
806.602783203125
824.0833129882812
806.602783203125
816.5916748046875
816.5916748046875
814.0944213867188
819.0888671875
824.0833129882812
826.58056640625
824.0833129882812
824.0833129882812
819.0888671875
821.5861206054688
819.0888671875
821.5861206054688
816.5916748046875
816.5916748046875
814.0944213867188
811.5972290039062
816.5916748046875
811.5972290039062
811.5972290039062
811.5972290039062
811.5972290039062
806.602783203125
806.602783203125
806.602783203125
806.602783203125
801.6083374023438
811.5972290039062
801.6083374023438
796.6138916015625
801.6083374023438
796.6138916015625
801.6083374023438
791.6194458007812
796.6138916015625
791.6194458007812
796.6138916015625
791.6194458007812
791.6194458007812
801.6083374023438
796.6138916015625
796.6138916015625
796.6138916015625
796.6138916015625
791.6194458007812
791.6194458007812
801.6083374023438
806.602783203125
801.6083374023438
791.6194458007812
801.6083374023438
806.602783203125
791.6194458007812
519.4222412109375
524.4166870117188
529.4111328125
519.4222412109375
534.4055786132812
529.4111328125
531.9083251953125
519.4222412109375
524.4166870117188
531.9083251953125
524.4166870117188
531.9083251953125
529.4111328125
526.9138793945312
519.4222412109375
524.4166870117188
519.4222412109375
524.4166870117188
519.4222412109375
524.4166870117188
521.91943359375
521.91943359375
526.9138793945312
524.4166870117188
529.4111328125
529.4111328125
529.4111328125
536.9027709960938
529.4111328125
534.4055786132812
534.4055786132812
531.9083251953125
531.9083251953125
536.9027709960938
536.9027709960938
536.9027709960938
536.9027709960938
541.897216796875
536.9027709960938
541.897216796875
541.897216796875
541.897216796875
546.8916625976562
546.8916625976562
551.8861083984375
544.3944702148438
551.8861083984375
546.8916625976562
551.8861083984375
551.8861083984375
541.897216796875
544.3944702148438
546.8916625976562
546.8916625976562
546.8916625976562
551.8861083984375
551.8861083984375
541.897216796875
536.9027709960938
541.897216796875
551.8861083984375
541.897216796875
536.9027709960938
551.8861083984375
551.8861083984375
544.3944702148438
536.9027709960938
544.3944702148438
536.9027709960938
551.8861083984375
541.897216796875
551.8861083984375
546.8916625976562
531.9083251953125
551.8861083984375
531.9083251953125
541.897216796875
541.897216796875
541.897216796875
546.8916625976562
551.8861083984375
551.8861083984375
551.8861083984375
551.8861083984375
544.3944702148438
544.3944702148438
544.3944702148438
545.0
541.897216796875
541.897216796875
541.897216796875
536.9027709960938
541.897216796875
536.9027709960938
536.9027709960938
536.9027709960938
536.9027709960938
531.9083251953125
531.9083251953125
531.9083251953125
531.9083251953125
526.9138793945312
536.9027709960938
526.9138793945312
521.91943359375
526.9138793945312
524.4166870117188
526.9138793945312
519.4222412109375
521.91943359375
519.4222412109375
524.4166870117188
516.9249877929688
519.4222412109375
529.4111328125
524.4166870117188
524.4166870117188
524.4166870117188
524.4166870117188
519.4222412109375
519.4222412109375
526.9138793945312
531.9083251953125
529.4111328125
516.9249877929688
529.4111328125
531.9083251953125
519.4222412109375
556.8805541992188
561.875
566.8694458007812
556.8805541992188
571.8638916015625
566.8694458007812
571.8638916015625
556.8805541992188
561.875
571.8638916015625
561.875
571.8638916015625
566.8694458007812
566.8694458007812
556.8805541992188
561.875
556.8805541992188
561.875
556.8805541992188
561.875
556.8805541992188
556.8805541992188
561.875
561.875
566.8694458007812
566.8694458007812
566.8694458007812
576.8583374023438
566.8694458007812
571.8638916015625
571.8638916015625
571.8638916015625
571.8638916015625
576.8583374023438
576.8583374023438
576.8583374023438
576.8583374023438
579.3555297851562
574.361083984375
579.3555297851562
581.852783203125
579.3555297851562
584.3499755859375
584.3499755859375
589.3444213867188
584.3499755859375
589.3444213867188
584.3499755859375
589.3444213867188
589.3444213867188
579.3555297851562
584.3499755859375
584.3499755859375
584.3499755859375
584.3499755859375
589.3444213867188
589.3444213867188
579.3555297851562
576.8583374023438
581.852783203125
594.3388671875
581.852783203125
574.361083984375
589.3444213867188
589.3444213867188
584.3499755859375
574.361083984375
584.3499755859375
576.8583374023438
589.3444213867188
579.3555297851562
589.3444213867188
584.3499755859375
571.8638916015625
589.3444213867188
571.8638916015625
579.3555297851562
579.3555297851562
579.3555297851562
584.3499755859375
589.3444213867188
586.8472290039062
589.3444213867188
589.3444213867188
584.3499755859375
584.3499755859375
584.3499755859375
584.3499755859375
579.3555297851562
579.3555297851562
579.3555297851562
574.361083984375
579.3555297851562
574.361083984375
574.361083984375
574.361083984375
574.361083984375
571.8638916015625
571.8638916015625
571.8638916015625
569.3666381835938
566.8694458007812
574.361083984375
566.8694458007812
561.875
566.8694458007812
561.875
566.8694458007812
556.8805541992188
561.875
556.8805541992188
561.875
556.8805541992188
556.8805541992188
566.8694458007812
561.875
561.875
561.875
561.875
556.8805541992188
556.8805541992188
566.8694458007812
571.8638916015625
566.8694458007812
556.8805541992188
566.8694458007812
571.8638916015625
556.8805541992188
596.8361206054688
599.3333129882812
604.3277587890625
594.3388671875
609.3222045898438
604.3277587890625
609.3222045898438
596.8361206054688
599.3333129882812
609.3222045898438
599.3333129882812
609.3222045898438
601.83056640625
604.3277587890625
594.3388671875
599.3333129882812
594.3388671875
599.3333129882812
596.8361206054688
599.3333129882812
596.8361206054688
594.3388671875
599.3333129882812
599.3333129882812
604.3277587890625
604.3277587890625
604.3277587890625
614.316650390625
604.3277587890625
609.3222045898438
609.3222045898438
609.3222045898438
609.3222045898438
614.316650390625
614.316650390625
614.316650390625
614.316650390625
619.3110961914062
614.316650390625
619.3110961914062
621.808349609375
616.8139038085938
624.3055419921875
624.3055419921875
626.8027954101562
624.3055419921875
629.2999877929688
624.3055419921875
629.2999877929688
629.2999877929688
616.8139038085938
624.3055419921875
624.3055419921875
624.3055419921875
624.3055419921875
626.8027954101562
626.8027954101562
616.8139038085938
614.316650390625
616.8139038085938
626.8027954101562
616.8139038085938
614.316650390625
626.8027954101562
626.8027954101562
624.3055419921875
611.8194580078125
621.808349609375
611.8194580078125
629.2999877929688
619.3110961914062
626.8027954101562
624.3055419921875
609.3222045898438
626.8027954101562
609.3222045898438
616.8139038085938
616.8139038085938
616.8139038085938
624.3055419921875
626.8027954101562
626.8027954101562
626.8027954101562
626.8027954101562
621.808349609375
624.3055419921875
624.3055419921875
621.808349609375
619.3110961914062
616.8139038085938
616.8139038085938
614.316650390625
616.8139038085938
611.8194580078125
611.8194580078125
614.316650390625
611.8194580078125
609.3222045898438
609.3222045898438
609.3222045898438
609.3222045898438
604.3277587890625
614.316650390625
604.3277587890625
599.3333129882812
604.3277587890625
599.3333129882812
604.3277587890625
594.3388671875
599.3333129882812
594.3388671875
599.3333129882812
596.8361206054688
594.3388671875
604.3277587890625
599.3333129882812
599.3333129882812
599.3333129882812
599.3333129882812
596.8361206054688
596.8361206054688
605.0
609.3222045898438
604.3277587890625
594.3388671875
604.3277587890625
609.3222045898438
594.3388671875
636.7916870117188
641.7861328125
641.7861328125
636.7916870117188
644.2833251953125
641.7861328125
644.2833251953125
636.7916870117188
639.2888793945312
644.2833251953125
639.2888793945312
644.2833251953125
641.7861328125
641.7861328125
636.7916870117188
639.2888793945312
636.7916870117188
641.7861328125
636.7916870117188
639.2888793945312
639.2888793945312
636.7916870117188
641.7861328125
641.7861328125
641.7861328125
641.7861328125
641.7861328125
646.7805786132812
641.7861328125
644.2833251953125
644.2833251953125
644.2833251953125
644.2833251953125
646.7805786132812
646.7805786132812
646.7805786132812
646.7805786132812
649.2777709960938
646.7805786132812
649.2777709960938
649.2777709960938
649.2777709960938
651.7750244140625
651.7750244140625
656.7694702148438
651.7750244140625
656.7694702148438
651.7750244140625
654.272216796875
656.7694702148438
649.2777709960938
651.7750244140625
651.7750244140625
651.7750244140625
651.7750244140625
656.7694702148438
656.7694702148438
649.2777709960938
646.7805786132812
649.2777709960938
656.7694702148438
649.2777709960938
646.7805786132812
654.272216796875
654.272216796875
651.7750244140625
646.7805786132812
651.7750244140625
646.7805786132812
654.272216796875
649.2777709960938
654.272216796875
651.7750244140625
644.2833251953125
654.272216796875
644.2833251953125
649.2777709960938
649.2777709960938
649.2777709960938
651.7750244140625
656.7694702148438
656.7694702148438
656.7694702148438
654.272216796875
651.7750244140625
651.7750244140625
651.7750244140625
651.7750244140625
649.2777709960938
649.2777709960938
649.2777709960938
646.7805786132812
649.2777709960938
646.7805786132812
646.7805786132812
646.7805786132812
646.7805786132812
644.2833251953125
644.2833251953125
644.2833251953125
644.2833251953125
0.0
646.7805786132812
641.7861328125
639.2888793945312
641.7861328125
636.7916870117188
641.7861328125
634.29443359375
639.2888793945312
634.29443359375
639.2888793945312
636.7916870117188
634.29443359375
641.7861328125
636.7916870117188
639.2888793945312
639.2888793945312
639.2888793945312
614.316650390625
634.29443359375
641.7861328125
644.2833251953125
641.7861328125
639.2888793945312
641.7861328125
644.2833251953125
636.7916870117188
634.29443359375
639.2888793945312
641.7861328125
631.7972412109375
644.2833251953125
641.7861328125
644.2833251953125
631.7972412109375
636.7916870117188
644.2833251953125
639.2888793945312
644.2833251953125
641.7861328125
641.7861328125
631.7972412109375
636.7916870117188
634.29443359375
639.2888793945312
631.7972412109375
636.7916870117188
636.7916870117188
631.7972412109375
639.2888793945312
639.2888793945312
641.7861328125
641.7861328125
641.7861328125
646.7805786132812
641.7861328125
644.2833251953125
644.2833251953125
644.2833251953125
644.2833251953125
646.7805786132812
646.7805786132812
646.7805786132812
646.7805786132812
649.2777709960938
646.7805786132812
649.2777709960938
649.2777709960938
649.2777709960938
649.2777709960938
649.2777709960938
654.272216796875
649.2777709960938
654.272216796875
649.2777709960938
654.272216796875
654.272216796875
649.2777709960938
649.2777709960938
649.2777709960938
649.2777709960938
649.2777709960938
656.7694702148438
656.7694702148438
649.2777709960938
646.7805786132812
649.2777709960938
656.7694702148438
646.7805786132812
646.7805786132812
656.7694702148438
654.272216796875
649.2777709960938
646.7805786132812
649.2777709960938
646.7805786132812
654.272216796875
646.7805786132812
654.272216796875
649.2777709960938
644.2833251953125
654.272216796875
644.2833251953125
646.7805786132812
646.7805786132812
646.7805786132812
649.2777709960938
656.7694702148438
654.272216796875
654.272216796875
654.272216796875
649.2777709960938
649.2777709960938
649.2777709960938
649.2777709960938
646.7805786132812
646.7805786132812
646.7805786132812
646.7805786132812
646.7805786132812
646.7805786132812
646.7805786132812
646.7805786132812
644.2833251953125
644.2833251953125
644.2833251953125
644.2833251953125
644.2833251953125
641.7861328125
646.7805786132812
641.7861328125
636.7916870117188
641.7861328125
636.7916870117188
641.7861328125
631.7972412109375
636.7916870117188
631.7972412109375
636.7916870117188
631.7972412109375
631.7972412109375
641.7861328125
636.7916870117188
636.7916870117188
636.7916870117188
636.7916870117188
631.7972412109375
631.7972412109375
641.7861328125
644.2833251953125
641.7861328125
631.7972412109375
641.7861328125
644.2833251953125
631.7972412109375
594.3388671875
599.3333129882812
601.83056640625
594.3388671875
609.3222045898438
604.3277587890625
609.3222045898438
594.3388671875
596.8361206054688
609.3222045898438
599.3333129882812
606.8250122070312
604.3277587890625
604.3277587890625
591.8416748046875
599.3333129882812
594.3388671875
599.3333129882812
594.3388671875
599.3333129882812
594.3388671875
594.3388671875
599.3333129882812
599.3333129882812
604.3277587890625
601.83056640625
604.3277587890625
611.8194580078125
604.3277587890625
609.3222045898438
609.3222045898438
609.3222045898438
609.3222045898438
614.316650390625
614.316650390625
614.316650390625
614.316650390625
616.8139038085938
611.8194580078125
616.8139038085938
616.8139038085938
616.8139038085938
621.808349609375
621.808349609375
626.8027954101562
621.808349609375
626.8027954101562
621.808349609375
626.8027954101562
626.8027954101562
616.8139038085938
621.808349609375
621.808349609375
621.808349609375
621.808349609375
626.8027954101562
626.8027954101562
616.8139038085938
611.8194580078125
616.8139038085938
626.8027954101562
616.8139038085938
609.3222045898438
626.8027954101562
626.8027954101562
621.808349609375
611.8194580078125
621.808349609375
609.3222045898438
626.8027954101562
616.8139038085938
626.8027954101562
621.808349609375
609.3222045898438
626.8027954101562
609.3222045898438
616.8139038085938
616.8139038085938
616.8139038085938
621.808349609375
626.8027954101562
626.8027954101562
626.8027954101562
624.3055419921875
621.808349609375
621.808349609375
621.808349609375
621.808349609375
616.8139038085938
614.316650390625
616.8139038085938
611.8194580078125
614.316650390625
609.3222045898438
609.3222045898438
609.3222045898438
611.8194580078125
604.3277587890625
606.8250122070312
606.8250122070312
604.3277587890625
601.83056640625
611.8194580078125
601.83056640625
596.8361206054688
601.83056640625
596.8361206054688
601.83056640625
591.8416748046875
596.8361206054688
591.8416748046875
599.3333129882812
591.8416748046875
591.8416748046875
601.83056640625
599.3333129882812
596.8361206054688
596.8361206054688
599.3333129882812
594.3388671875
594.3388671875
601.83056640625
609.3222045898438
604.3277587890625
594.3388671875
604.3277587890625
609.3222045898438
591.8416748046875
556.8805541992188
561.875
566.8694458007812
556.8805541992188
0.0
566.8694458007812
0.0
556.8805541992188
561.875
569.3666381835938
561.875
569.3666381835938
566.8694458007812
566.8694458007812
556.8805541992188
561.875
556.8805541992188
561.875
556.8805541992188
561.875
556.8805541992188
556.8805541992188
561.875
561.875
566.8694458007812
566.8694458007812
566.8694458007812
0.0
566.8694458007812
569.3666381835938
571.8638916015625
571.8638916015625
569.3666381835938
574.361083984375
574.361083984375
574.361083984375
574.361083984375
579.3555297851562
574.361083984375
579.3555297851562
579.3555297851562
579.3555297851562
584.3499755859375
584.3499755859375
589.3444213867188
584.3499755859375
589.3444213867188
584.3499755859375
589.3444213867188
589.3444213867188
576.8583374023438
584.3499755859375
584.3499755859375
584.3499755859375
584.3499755859375
586.8472290039062
586.8472290039062
576.8583374023438
571.8638916015625
579.3555297851562
589.3444213867188
579.3555297851562
574.361083984375
589.3444213867188
586.8472290039062
584.3499755859375
571.8638916015625
581.852783203125
571.8638916015625
586.8472290039062
576.8583374023438
586.8472290039062
584.3499755859375
566.8694458007812
586.8472290039062
569.3666381835938
576.8583374023438
579.3555297851562
579.3555297851562
584.3499755859375
586.8472290039062
586.8472290039062
586.8472290039062
586.8472290039062
584.3499755859375
584.3499755859375
581.852783203125
581.852783203125
576.8583374023438
576.8583374023438
576.8583374023438
571.8638916015625
576.8583374023438
571.8638916015625
571.8638916015625
571.8638916015625
571.8638916015625
566.8694458007812
566.8694458007812
569.3666381835938
566.8694458007812
561.875
574.361083984375
561.875
556.8805541992188
564.3721923828125
559.3778076171875
561.875
554.3833618164062
561.875
554.3833618164062
561.875
554.3833618164062
556.8805541992188
566.8694458007812
561.875
561.875
559.3778076171875
561.875
556.8805541992188
556.8805541992188
566.8694458007812
566.8694458007812
566.8694458007812
556.8805541992188
566.8694458007812
569.3666381835938
554.3833618164062
516.9249877929688
524.4166870117188
526.9138793945312
516.9249877929688
531.9083251953125
526.9138793945312
531.9083251953125
516.9249877929688
521.91943359375
531.9083251953125
521.91943359375
531.9083251953125
526.9138793945312
526.9138793945312
516.9249877929688
521.91943359375
519.4222412109375
521.91943359375
516.9249877929688
524.4166870117188
519.4222412109375
519.4222412109375
524.4166870117188
524.4166870117188
526.9138793945312
526.9138793945312
526.9138793945312
536.9027709960938
526.9138793945312
531.9083251953125
531.9083251953125
531.9083251953125
531.9083251953125
536.9027709960938
536.9027709960938
536.9027709960938
536.9027709960938
541.897216796875
536.9027709960938
541.897216796875
541.897216796875
541.897216796875
544.3944702148438
544.3944702148438
551.8861083984375
544.3944702148438
551.8861083984375
544.3944702148438
551.8861083984375
551.8861083984375
541.897216796875
544.3944702148438
544.3944702148438
544.3944702148438
544.3944702148438
551.8861083984375
549.388916015625
541.897216796875
536.9027709960938
541.897216796875
551.8861083984375
541.897216796875
536.9027709960938
551.8861083984375
549.388916015625
544.3944702148438
536.9027709960938
544.3944702148438
536.9027709960938
549.388916015625
541.897216796875
551.8861083984375
544.3944702148438
531.9083251953125
551.8861083984375
531.9083251953125
541.897216796875
541.897216796875
541.897216796875
544.3944702148438
549.388916015625
549.388916015625
549.388916015625
549.388916015625
544.3944702148438
544.3944702148438
544.3944702148438
544.3944702148438
541.897216796875
541.897216796875
539.4000244140625
536.9027709960938
541.897216796875
534.4055786132812
534.4055786132812
536.9027709960938
536.9027709960938
531.9083251953125
531.9083251953125
531.9083251953125
531.9083251953125
526.9138793945312
536.9027709960938
526.9138793945312
521.91943359375
526.9138793945312
521.91943359375
526.9138793945312
516.9249877929688
521.91943359375
516.9249877929688
524.4166870117188
516.9249877929688
516.9249877929688
526.9138793945312
521.91943359375
524.4166870117188
521.91943359375
521.91943359375
516.9249877929688
516.9249877929688
529.4111328125
531.9083251953125
526.9138793945312
516.9249877929688
526.9138793945312
531.9083251953125
516.9249877929688
372.08612060546875
377.08056640625
382.07501220703125
372.08612060546875
387.0694580078125
382.07501220703125
387.0694580078125
372.08612060546875
377.08056640625
387.0694580078125
377.08056640625
387.0694580078125
382.07501220703125
382.07501220703125
372.08612060546875
377.08056640625
372.08612060546875
377.08056640625
372.08612060546875
377.08056640625
372.08612060546875
372.08612060546875
377.08056640625
377.08056640625
382.07501220703125
382.07501220703125
382.07501220703125
392.06390380859375
382.07501220703125
387.0694580078125
387.0694580078125
387.0694580078125
387.0694580078125
392.06390380859375
392.06390380859375
392.06390380859375
392.06390380859375
397.0583190917969
392.06390380859375
397.0583190917969
397.0583190917969
397.0583190917969
402.0527648925781
402.0527648925781
407.0472106933594
402.0527648925781
407.0472106933594
402.0527648925781
404.54998779296875
404.54998779296875
397.0583190917969
402.0527648925781
399.5555419921875
402.0527648925781
402.0527648925781
404.54998779296875
407.0472106933594
394.56109619140625
392.06390380859375
397.0583190917969
404.54998779296875
397.0583190917969
392.06390380859375
407.0472106933594
404.54998779296875
399.5555419921875
392.06390380859375
399.5555419921875
392.06390380859375
404.54998779296875
394.56109619140625
404.54998779296875
399.5555419921875
387.0694580078125
404.54998779296875
387.0694580078125
397.0583190917969
394.56109619140625
397.0583190917969
399.5555419921875
404.54998779296875
404.54998779296875
404.54998779296875
402.0527648925781
399.5555419921875
399.5555419921875
399.5555419921875
399.5555419921875
397.0583190917969
397.0583190917969
394.56109619140625
392.06390380859375
397.0583190917969
392.06390380859375
392.06390380859375
392.06390380859375
392.06390380859375
387.0694580078125
387.0694580078125
387.0694580078125
387.0694580078125
382.07501220703125
392.06390380859375
382.07501220703125
377.08056640625
382.07501220703125
377.08056640625
382.07501220703125
372.08612060546875
377.08056640625
372.08612060546875
377.08056640625
372.08612060546875
372.08612060546875
382.07501220703125
377.08056640625
377.08056640625
377.08056640625
377.08056640625
372.08612060546875
372.08612060546875
382.07501220703125
387.0694580078125
382.07501220703125
372.08612060546875
382.07501220703125
387.0694580078125
372.08612060546875
409.54443359375
414.53887939453125
419.5333251953125
409.54443359375
424.52777099609375
419.5333251953125
424.52777099609375
409.54443359375
414.53887939453125
424.52777099609375
414.53887939453125
424.52777099609375
419.5333251953125
419.5333251953125
409.54443359375
414.53887939453125
412.0416564941406
414.53887939453125
409.54443359375
414.53887939453125
409.54443359375
412.0416564941406
414.53887939453125
414.53887939453125
419.5333251953125
419.5333251953125
419.5333251953125
429.522216796875
419.5333251953125
424.52777099609375
424.52777099609375
424.52777099609375
424.52777099609375
429.522216796875
429.522216796875
429.522216796875
429.522216796875
434.51666259765625
427.0249938964844
434.51666259765625
434.51666259765625
434.51666259765625
437.0138854980469
437.0138854980469
444.50555419921875
437.0138854980469
444.50555419921875
437.0138854980469
442.0083312988281
444.50555419921875
432.0194396972656
437.0138854980469
437.0138854980469
437.0138854980469
437.0138854980469
442.0083312988281
442.0083312988281
432.0194396972656
429.522216796875
432.0194396972656
442.0083312988281
434.51666259765625
429.522216796875
444.50555419921875
444.50555419921875
437.0138854980469
427.0249938964844
437.0138854980469
427.0249938964844
442.0083312988281
432.0194396972656
444.50555419921875
437.0138854980469
424.52777099609375
444.50555419921875
424.52777099609375
432.0194396972656
432.0194396972656
434.51666259765625
437.0138854980469
444.50555419921875
442.0083312988281
442.0083312988281
444.50555419921875
437.0138854980469
437.0138854980469
434.51666259765625
434.51666259765625
432.0194396972656
434.51666259765625
432.0194396972656
427.0249938964844
432.0194396972656
427.0249938964844
427.0249938964844
427.0249938964844
427.0249938964844
424.52777099609375
424.52777099609375
424.52777099609375
422.0305480957031
417.0361022949219
429.522216796875
419.5333251953125
414.53887939453125
419.5333251953125
412.0416564941406
419.5333251953125
409.54443359375
412.0416564941406
409.54443359375
414.53887939453125
409.54443359375
409.54443359375
419.5333251953125
414.53887939453125
414.53887939453125
414.53887939453125
414.53887939453125
409.54443359375
409.54443359375
419.5333251953125
424.52777099609375
419.5333251953125
409.54443359375
419.5333251953125
424.52777099609375
409.54443359375
444.50555419921875
451.9972229003906
454.49444580078125
444.50555419921875
459.4888916015625
454.49444580078125
459.4888916015625
444.50555419921875
451.9972229003906
459.4888916015625
451.9972229003906
459.4888916015625
454.49444580078125
454.49444580078125
444.50555419921875
449.5
444.50555419921875
449.5
444.50555419921875
451.9972229003906
444.50555419921875
447.0027770996094
451.9972229003906
451.9972229003906
454.49444580078125
456.9916687011719
454.49444580078125
464.48333740234375
454.49444580078125
459.4888916015625
459.4888916015625
461.9861145019531
459.4888916015625
464.48333740234375
464.48333740234375
464.48333740234375
464.48333740234375
469.477783203125
464.48333740234375
469.477783203125
469.477783203125
469.477783203125
474.47222900390625
474.47222900390625
479.4666748046875
474.47222900390625
479.4666748046875
474.47222900390625
479.4666748046875
479.4666748046875
469.477783203125
474.47222900390625
471.9750061035156
471.9750061035156
474.47222900390625
479.4666748046875
479.4666748046875
469.477783203125
464.48333740234375
469.477783203125
479.4666748046875
469.477783203125
464.48333740234375
479.4666748046875
479.4666748046875
474.47222900390625
464.48333740234375
474.47222900390625
464.48333740234375
479.4666748046875
469.477783203125
479.4666748046875
474.47222900390625
459.4888916015625
479.4666748046875
459.4888916015625
469.477783203125
469.477783203125
469.477783203125
474.47222900390625
479.4666748046875
479.4666748046875
479.4666748046875
476.9694519042969
471.9750061035156
474.47222900390625
474.47222900390625
471.9750061035156
469.477783203125
469.477783203125
469.477783203125
464.48333740234375
469.477783203125
464.48333740234375
464.48333740234375
464.48333740234375
464.48333740234375
459.4888916015625
459.4888916015625
459.4888916015625
459.4888916015625
454.49444580078125
464.48333740234375
454.49444580078125
449.5
454.49444580078125
449.5
454.49444580078125
444.50555419921875
449.5
444.50555419921875
449.5
444.50555419921875
444.50555419921875
454.49444580078125
451.9972229003906
449.5
451.9972229003906
449.5
444.50555419921875
444.50555419921875
454.49444580078125
459.4888916015625
454.49444580078125
444.50555419921875
454.49444580078125
459.4888916015625
444.50555419921875
484.46112060546875
489.45556640625
494.45001220703125
481.9638977050781
496.9472351074219
494.45001220703125
496.9472351074219
481.9638977050781
489.45556640625
496.9472351074219
489.45556640625
496.9472351074219
494.45001220703125
494.45001220703125
481.9638977050781
489.45556640625
481.9638977050781
489.45556640625
484.46112060546875
489.45556640625
484.46112060546875
484.46112060546875
489.45556640625
489.45556640625
494.45001220703125
494.45001220703125
494.45001220703125
501.9416809082031
494.45001220703125
496.9472351074219
499.4444580078125
496.9472351074219
499.4444580078125
501.9416809082031
501.9416809082031
501.9416809082031
501.9416809082031
506.93609619140625
501.9416809082031
506.93609619140625
506.93609619140625
506.93609619140625
511.9305419921875
511.9305419921875
516.9249877929688
511.9305419921875
516.9249877929688
511.9305419921875
514.4277954101562
514.4277954101562
504.43890380859375
509.4333190917969
511.9305419921875
509.4333190917969
509.4333190917969
514.4277954101562
514.4277954101562
506.93609619140625
501.9416809082031
504.43890380859375
514.4277954101562
504.43890380859375
501.9416809082031
514.4277954101562
514.4277954101562
509.4333190917969
499.4444580078125
509.4333190917969
501.9416809082031
514.4277954101562
504.43890380859375
514.4277954101562
511.9305419921875
496.9472351074219
514.4277954101562
496.9472351074219
504.43890380859375
506.93609619140625
504.43890380859375
509.4333190917969
514.4277954101562
514.4277954101562
514.4277954101562
514.4277954101562
509.4333190917969
509.4333190917969
509.4333190917969
509.4333190917969
506.93609619140625
504.43890380859375
504.43890380859375
501.9416809082031
504.43890380859375
499.4444580078125
499.4444580078125
499.4444580078125
499.4444580078125
496.9472351074219
496.9472351074219
496.9472351074219
494.45001220703125
491.9527893066406
501.9416809082031
494.45001220703125
486.9583435058594
491.9527893066406
489.45556640625
491.9527893066406
481.9638977050781
489.45556640625
481.9638977050781
489.45556640625
481.9638977050781
481.9638977050781
494.45001220703125
489.45556640625
486.9583435058594
489.45556640625
489.45556640625
481.9638977050781
484.46112060546875
494.45001220703125
496.9472351074219
494.45001220703125
484.46112060546875
494.45001220703125
496.9472351074219
481.9638977050781
481.9638977050781
486.9583435058594
489.45556640625
481.9638977050781
494.45001220703125
491.9527893066406
494.45001220703125
481.9638977050781
486.9583435058594
494.45001220703125
486.9583435058594
494.45001220703125
491.9527893066406
489.45556640625
481.9638977050781
486.9583435058594
481.9638977050781
486.9583435058594
481.9638977050781
486.9583435058594
481.9638977050781
481.9638977050781
486.9583435058594
486.9583435058594
489.45556640625
491.9527893066406
491.9527893066406
499.4444580078125
494.45001220703125
494.45001220703125
494.45001220703125
496.9472351074219
494.45001220703125
499.4444580078125
499.4444580078125
499.4444580078125
499.4444580078125
504.43890380859375
499.4444580078125
504.43890380859375
504.43890380859375
504.43890380859375
509.4333190917969
509.4333190917969
514.4277954101562
509.4333190917969
514.4277954101562
509.4333190917969
514.4277954101562
514.4277954101562
504.43890380859375
509.4333190917969
509.4333190917969
509.4333190917969
509.4333190917969
514.4277954101562
514.4277954101562
504.43890380859375
499.4444580078125
504.43890380859375
514.4277954101562
504.43890380859375
499.4444580078125
514.4277954101562
514.4277954101562
509.4333190917969
499.4444580078125
509.4333190917969
499.4444580078125
514.4277954101562
504.43890380859375
514.4277954101562
509.4333190917969
494.45001220703125
514.4277954101562
494.45001220703125
504.43890380859375
504.43890380859375
504.43890380859375
509.4333190917969
514.4277954101562
514.4277954101562
514.4277954101562
514.4277954101562
506.93609619140625
509.4333190917969
509.4333190917969
506.93609619140625
504.43890380859375
504.43890380859375
504.43890380859375
499.4444580078125
504.43890380859375
499.4444580078125
499.4444580078125
499.4444580078125
499.4444580078125
494.45001220703125
494.45001220703125
494.45001220703125
494.45001220703125
489.45556640625
499.4444580078125
489.45556640625
484.46112060546875
489.45556640625
484.46112060546875
489.45556640625
481.9638977050781
486.9583435058594
481.9638977050781
486.9583435058594
481.9638977050781
481.9638977050781
489.45556640625
486.9583435058594
486.9583435058594
486.9583435058594
486.9583435058594
481.9638977050781
481.9638977050781
491.9527893066406
494.45001220703125
489.45556640625
481.9638977050781
489.45556640625
494.45001220703125
481.9638977050781
444.50555419921875
449.5
454.49444580078125
444.50555419921875
459.4888916015625
454.49444580078125
459.4888916015625
444.50555419921875
449.5
459.4888916015625
449.5
459.4888916015625
454.49444580078125
454.49444580078125
444.50555419921875
449.5
444.50555419921875
449.5
444.50555419921875
449.5
444.50555419921875
444.50555419921875
449.5
449.5
454.49444580078125
454.49444580078125
454.49444580078125
464.48333740234375
454.49444580078125
459.4888916015625
459.4888916015625
459.4888916015625
459.4888916015625
464.48333740234375
464.48333740234375
464.48333740234375
464.48333740234375
466.9805603027344
464.48333740234375
469.477783203125
466.9805603027344
469.477783203125
471.9750061035156
471.9750061035156
479.4666748046875
471.9750061035156
479.4666748046875
471.9750061035156
476.9694519042969
479.4666748046875
466.9805603027344
471.9750061035156
471.9750061035156
471.9750061035156
471.9750061035156
476.9694519042969
476.9694519042969
466.9805603027344
464.48333740234375
466.9805603027344
476.9694519042969
466.9805603027344
464.48333740234375
476.9694519042969
476.9694519042969
469.477783203125
464.48333740234375
471.9750061035156
464.48333740234375
476.9694519042969
466.9805603027344
476.9694519042969
471.9750061035156
459.4888916015625
476.9694519042969
459.4888916015625
466.9805603027344
466.9805603027344
466.9805603027344
471.9750061035156
474.47222900390625
476.9694519042969
476.9694519042969
474.47222900390625
471.9750061035156
471.9750061035156
471.9750061035156
471.9750061035156
466.9805603027344
466.9805603027344
466.9805603027344
464.48333740234375
466.9805603027344
464.48333740234375
461.9861145019531
461.9861145019531
461.9861145019531
459.4888916015625
459.4888916015625
459.4888916015625
456.9916687011719
454.49444580078125
464.48333740234375
454.49444580078125
449.5
454.49444580078125
449.5
454.49444580078125
444.50555419921875
449.5
444.50555419921875
449.5
444.50555419921875
444.50555419921875
454.49444580078125
449.5
449.5
449.5
449.5
444.50555419921875
444.50555419921875
454.49444580078125
459.4888916015625
454.49444580078125
444.50555419921875
454.49444580078125
459.4888916015625
444.50555419921875
407.0472106933594
414.53887939453125
417.0361022949219
409.54443359375
422.0305480957031
417.0361022949219
422.0305480957031
407.0472106933594
412.0416564941406
422.0305480957031
414.53887939453125
424.52777099609375
417.0361022949219
419.5333251953125
407.0472106933594
412.0416564941406
409.54443359375
414.53887939453125
409.54443359375
414.53887939453125
409.54443359375
409.54443359375
414.53887939453125
414.53887939453125
419.5333251953125
419.5333251953125
419.5333251953125
427.0249938964844
417.0361022949219
422.0305480957031
422.0305480957031
422.0305480957031
422.0305480957031
427.0249938964844
427.0249938964844
427.0249938964844
427.0249938964844
432.0194396972656
427.0249938964844
432.0194396972656
432.0194396972656
432.0194396972656
437.0138854980469
437.0138854980469
442.0083312988281
437.0138854980469
442.0083312988281
437.0138854980469
442.0083312988281
442.0083312988281
432.0194396972656
434.51666259765625
434.51666259765625
434.51666259765625
434.51666259765625
439.5111083984375
439.5111083984375
432.0194396972656
427.0249938964844
432.0194396972656
439.5111083984375
432.0194396972656
427.0249938964844
444.50555419921875
439.5111083984375
434.51666259765625
427.0249938964844
434.51666259765625
427.0249938964844
442.0083312988281
432.0194396972656
439.5111083984375
434.51666259765625
422.0305480957031
439.5111083984375
422.0305480957031
429.522216796875
432.0194396972656
429.522216796875
434.51666259765625
439.5111083984375
439.5111083984375
439.5111083984375
439.5111083984375
434.51666259765625
434.51666259765625
434.51666259765625
434.51666259765625
432.0194396972656
429.522216796875
429.522216796875
427.0249938964844
429.522216796875
424.52777099609375
427.0249938964844
427.0249938964844
427.0249938964844
422.0305480957031
422.0305480957031
422.0305480957031
422.0305480957031
417.0361022949219
427.0249938964844
417.0361022949219
412.0416564941406
417.0361022949219
412.0416564941406
417.0361022949219
407.0472106933594
412.0416564941406
407.0472106933594
412.0416564941406
407.0472106933594
407.0472106933594
417.0361022949219
412.0416564941406
412.0416564941406
412.0416564941406
412.0416564941406
407.0472106933594
407.0472106933594
419.5333251953125
422.0305480957031
417.0361022949219
407.0472106933594
417.0361022949219
422.0305480957031
407.0472106933594
372.08612060546875
377.08056640625
382.07501220703125
372.08612060546875
387.0694580078125
382.07501220703125
387.0694580078125
372.08612060546875
377.08056640625
387.0694580078125
377.08056640625
387.0694580078125
382.07501220703125
382.07501220703125
372.08612060546875
377.08056640625
372.08612060546875
377.08056640625
372.08612060546875
377.08056640625
372.08612060546875
372.08612060546875
377.08056640625
377.08056640625
382.07501220703125
382.07501220703125
382.07501220703125
392.06390380859375
382.07501220703125
387.0694580078125
387.0694580078125
387.0694580078125
387.0694580078125
389.5666809082031
392.06390380859375
392.06390380859375
392.06390380859375
394.56109619140625
392.06390380859375
394.56109619140625
394.56109619140625
394.56109619140625
399.5555419921875
399.5555419921875
404.54998779296875
399.5555419921875
404.54998779296875
399.5555419921875
402.0527648925781
404.54998779296875
394.56109619140625
397.0583190917969
397.0583190917969
397.0583190917969
397.0583190917969
402.0527648925781
402.0527648925781
394.56109619140625
392.06390380859375
394.56109619140625
402.0527648925781
392.06390380859375
392.06390380859375
402.0527648925781
402.0527648925781
399.5555419921875
387.0694580078125
397.0583190917969
389.5666809082031
402.0527648925781
394.56109619140625
402.0527648925781
397.0583190917969
387.0694580078125
402.0527648925781
387.0694580078125
392.06390380859375
392.06390380859375
392.06390380859375
399.5555419921875
402.0527648925781
402.0527648925781
402.0527648925781
402.0527648925781
397.0583190917969
397.0583190917969
397.0583190917969
397.0583190917969
392.06390380859375
392.06390380859375
392.06390380859375
389.5666809082031
394.56109619140625
387.0694580078125
387.0694580078125
389.5666809082031
389.5666809082031
384.5722351074219
384.5722351074219
387.0694580078125
387.0694580078125
382.07501220703125
389.5666809082031
382.07501220703125
377.08056640625
382.07501220703125
377.08056640625
382.07501220703125
372.08612060546875
377.08056640625
372.08612060546875
377.08056640625
372.08612060546875
372.08612060546875
382.07501220703125
377.08056640625
377.08056640625
377.08056640625
377.08056640625
372.08612060546875
372.08612060546875
382.07501220703125
387.0694580078125
382.07501220703125
372.08612060546875
382.07501220703125
387.0694580078125
372.08612060546875
239.73333740234375
242.23056030273438
244.727783203125
239.73333740234375
244.727783203125
244.727783203125
244.727783203125
239.73333740234375
242.23056030273438
247.22500610351562
242.23056030273438
244.727783203125
242.23056030273438
244.727783203125
239.73333740234375
242.23056030273438
239.73333740234375
242.23056030273438
239.73333740234375
242.23056030273438
239.73333740234375
239.73333740234375
242.23056030273438
242.23056030273438
244.727783203125
244.727783203125
244.727783203125
249.72222900390625
244.727783203125
244.727783203125
244.727783203125
244.727783203125
244.727783203125
247.22500610351562
247.22500610351562
247.22500610351562
247.22500610351562
249.72222900390625
247.22500610351562
252.21945190429688
252.21945190429688
252.21945190429688
254.71665954589844
254.71665954589844
254.71665954589844
254.71665954589844
257.2138977050781
254.71665954589844
257.2138977050781
257.2138977050781
252.21945190429688
254.71665954589844
254.71665954589844
254.71665954589844
254.71665954589844
257.2138977050781
257.2138977050781
249.72222900390625
247.22500610351562
252.21945190429688
257.2138977050781
252.21945190429688
247.22500610351562
257.2138977050781
257.2138977050781
254.71665954589844
247.22500610351562
254.71665954589844
247.22500610351562
257.2138977050781
249.72222900390625
257.2138977050781
252.21945190429688
244.727783203125
257.2138977050781
244.727783203125
252.21945190429688
252.21945190429688
249.72222900390625
254.71665954589844
257.2138977050781
257.2138977050781
257.2138977050781
257.2138977050781
252.21945190429688
254.71665954589844
254.71665954589844
254.71665954589844
252.21945190429688
252.21945190429688
249.72222900390625
247.22500610351562
252.21945190429688
247.22500610351562
249.72222900390625
247.22500610351562
249.72222900390625
244.727783203125
247.22500610351562
244.727783203125
244.727783203125
244.727783203125
247.22500610351562
244.727783203125
242.23056030273438
244.727783203125
242.23056030273438
244.727783203125
239.73333740234375
242.23056030273438
239.73333740234375
242.23056030273438
239.73333740234375
239.73333740234375
244.727783203125
242.23056030273438
242.23056030273438
242.23056030273438
242.23056030273438
239.73333740234375
234.7388916015625
244.727783203125
244.727783203125
242.23056030273438
237.23611450195312
244.727783203125
244.727783203125
237.23611450195312
259.71112060546875
262.2083435058594
267.2027893066406
259.71112060546875
274.6944580078125
267.2027893066406
274.6944580078125
259.71112060546875
262.2083435058594
272.1972351074219
262.2083435058594
274.6944580078125
267.2027893066406
267.2027893066406
259.71112060546875
262.2083435058594
259.71112060546875
262.2083435058594
259.71112060546875
262.2083435058594
259.71112060546875
259.71112060546875
262.2083435058594
262.2083435058594
269.70001220703125
269.70001220703125
267.2027893066406
277.1916809082031
269.70001220703125
274.6944580078125
274.6944580078125
274.6944580078125
274.6944580078125
279.68890380859375
277.1916809082031
279.68890380859375
277.1916809082031
282.18609619140625
277.1916809082031
282.18609619140625
282.18609619140625
282.18609619140625
289.6777648925781
287.1805419921875
292.17498779296875
287.1805419921875
292.17498779296875
287.1805419921875
292.17498779296875
292.17498779296875
282.18609619140625
287.1805419921875
287.1805419921875
287.1805419921875
287.1805419921875
292.17498779296875
292.17498779296875
282.18609619140625
277.1916809082031
282.18609619140625
292.17498779296875
284.6833190917969
277.1916809082031
292.17498779296875
292.17498779296875
287.1805419921875
274.6944580078125
287.1805419921875
277.1916809082031
292.17498779296875
282.18609619140625
292.17498779296875
287.1805419921875
272.1972351074219
292.17498779296875
272.1972351074219
282.18609619140625
282.18609619140625
282.18609619140625
287.1805419921875
292.17498779296875
292.17498779296875
292.17498779296875
292.17498779296875
287.1805419921875
287.1805419921875
287.1805419921875
287.1805419921875
282.18609619140625
282.18609619140625
282.18609619140625
274.6944580078125
282.18609619140625
274.6944580078125
277.1916809082031
277.1916809082031
274.6944580078125
269.70001220703125
272.1972351074219
269.70001220703125
272.1972351074219
267.2027893066406
277.1916809082031
267.2027893066406
262.2083435058594
267.2027893066406
262.2083435058594
267.2027893066406
259.71112060546875
262.2083435058594
257.2138977050781
262.2083435058594
257.2138977050781
259.71112060546875
267.2027893066406
262.2083435058594
262.2083435058594
262.2083435058594
262.2083435058594
259.71112060546875
259.71112060546875
267.2027893066406
269.70001220703125
267.2027893066406
259.71112060546875
267.2027893066406
274.6944580078125
259.71112060546875
297.16943359375
302.16387939453125
307.1583251953125
297.16943359375
314.6499938964844
307.1583251953125
312.15277099609375
297.16943359375
302.16387939453125
312.15277099609375
302.16387939453125
312.15277099609375
307.1583251953125
307.1583251953125
297.16943359375
302.16387939453125
297.16943359375
302.16387939453125
297.16943359375
302.16387939453125
297.16943359375
297.16943359375
302.16387939453125
302.16387939453125
307.1583251953125
307.1583251953125
307.1583251953125
317.147216796875
307.1583251953125
312.15277099609375
314.6499938964844
312.15277099609375
312.15277099609375
317.147216796875
317.147216796875
319.6444396972656
319.6444396972656
319.6444396972656
317.147216796875
319.6444396972656
319.6444396972656
322.14166259765625
324.6388854980469
324.6388854980469
329.6333312988281
324.6388854980469
329.6333312988281
324.6388854980469
329.6333312988281
329.6333312988281
319.6444396972656
324.6388854980469
324.6388854980469
324.6388854980469
324.6388854980469
329.6333312988281
329.6333312988281
319.6444396972656
317.147216796875
319.6444396972656
329.6333312988281
319.6444396972656
314.6499938964844
329.6333312988281
329.6333312988281
324.6388854980469
314.6499938964844
324.6388854980469
314.6499938964844
329.6333312988281
319.6444396972656
329.6333312988281
324.6388854980469
312.15277099609375
329.6333312988281
312.15277099609375
319.6444396972656
319.6444396972656
319.6444396972656
324.6388854980469
329.6333312988281
329.6333312988281
329.6333312988281
329.6333312988281
324.6388854980469
324.6388854980469
324.6388854980469
324.6388854980469
319.6444396972656
319.6444396972656
319.6444396972656
317.147216796875
319.6444396972656
314.6499938964844
314.6499938964844
317.147216796875
314.6499938964844
312.15277099609375
312.15277099609375
312.15277099609375
312.15277099609375
307.1583251953125
317.147216796875
307.1583251953125
302.16387939453125
307.1583251953125
302.16387939453125
307.1583251953125
297.16943359375
299.6666564941406
297.16943359375
302.16387939453125
297.16943359375
297.16943359375
307.1583251953125
302.16387939453125
302.16387939453125
302.16387939453125
302.16387939453125
297.16943359375
297.16943359375
307.1583251953125
312.15277099609375
307.1583251953125
297.16943359375
307.1583251953125
312.15277099609375
297.16943359375
337.125
339.6222229003906
344.6166687011719
334.6277770996094
349.6111145019531
344.6166687011719
352.10833740234375
334.6277770996094
339.6222229003906
349.6111145019531
339.6222229003906
349.6111145019531
344.6166687011719
344.6166687011719
337.125
339.6222229003906
337.125
339.6222229003906
337.125
342.11944580078125
334.6277770996094
334.6277770996094
339.6222229003906
339.6222229003906
344.6166687011719
344.6166687011719
347.1138916015625
357.102783203125
347.1138916015625
352.10833740234375
352.10833740234375
349.6111145019531
349.6111145019531
357.102783203125
357.102783203125
357.102783203125
357.102783203125
362.09722900390625
354.6055603027344
359.6000061035156
357.102783203125
359.6000061035156
362.09722900390625
362.09722900390625
367.0916748046875
362.09722900390625
367.0916748046875
362.09722900390625
367.0916748046875
367.0916748046875
359.6000061035156
362.09722900390625
362.09722900390625
362.09722900390625
362.09722900390625
367.0916748046875
367.0916748046875
359.6000061035156
354.6055603027344
357.102783203125
367.0916748046875
357.102783203125
354.6055603027344
367.0916748046875
367.0916748046875
362.09722900390625
354.6055603027344
362.09722900390625
354.6055603027344
367.0916748046875
359.6000061035156
367.0916748046875
362.09722900390625
349.6111145019531
367.0916748046875
349.6111145019531
359.6000061035156
357.102783203125
357.102783203125
364.5944519042969
367.0916748046875
367.0916748046875
367.0916748046875
367.0916748046875
362.09722900390625
362.09722900390625
362.09722900390625
362.09722900390625
357.102783203125
357.102783203125
357.102783203125
354.6055603027344
357.102783203125
354.6055603027344
354.6055603027344
354.6055603027344
354.6055603027344
349.6111145019531
349.6111145019531
349.6111145019531
349.6111145019531
344.6166687011719
354.6055603027344
344.6166687011719
339.6222229003906
344.6166687011719
339.6222229003906
344.6166687011719
334.6277770996094
339.6222229003906
334.6277770996094
339.6222229003906
334.6277770996094
334.6277770996094
344.6166687011719
339.6222229003906
339.6222229003906
339.6222229003906
339.6222229003906
334.6277770996094
334.6277770996094
344.6166687011719
352.10833740234375
344.6166687011719
334.6277770996094
344.6166687011719
349.6111145019531
334.6277770996094
334.6277770996094
339.6222229003906
344.6166687011719
334.6277770996094
349.6111145019531
344.6166687011719
349.6111145019531
334.6277770996094
339.6222229003906
349.6111145019531
339.6222229003906
347.1138916015625
344.6166687011719
344.6166687011719
334.6277770996094
339.6222229003906
334.6277770996094
339.6222229003906
334.6277770996094
339.6222229003906
334.6277770996094
334.6277770996094
339.6222229003906
339.6222229003906
344.6166687011719
344.6166687011719
344.6166687011719
354.6055603027344
344.6166687011719
349.6111145019531
349.6111145019531
349.6111145019531
349.6111145019531
354.6055603027344
354.6055603027344
354.6055603027344
354.6055603027344
357.102783203125
352.10833740234375
357.102783203125
357.102783203125
357.102783203125
362.09722900390625
362.09722900390625
367.0916748046875
362.09722900390625
367.0916748046875
362.09722900390625
367.0916748046875
367.0916748046875
357.102783203125
362.09722900390625
362.09722900390625
362.09722900390625
362.09722900390625
367.0916748046875
367.0916748046875
357.102783203125
352.10833740234375
357.102783203125
367.0916748046875
357.102783203125
352.10833740234375
367.0916748046875
364.5944519042969
362.09722900390625
352.10833740234375
362.09722900390625
352.10833740234375
367.0916748046875
357.102783203125
367.0916748046875
362.09722900390625
347.1138916015625
367.0916748046875
349.6111145019531
357.102783203125
357.102783203125
357.102783203125
362.09722900390625
367.0916748046875
367.0916748046875
367.0916748046875
367.0916748046875
362.09722900390625
362.09722900390625
359.6000061035156
362.09722900390625
357.102783203125
357.102783203125
357.102783203125
352.10833740234375
357.102783203125
352.10833740234375
352.10833740234375
352.10833740234375
352.10833740234375
349.6111145019531
349.6111145019531
349.6111145019531
347.1138916015625
344.6166687011719
352.10833740234375
344.6166687011719
339.6222229003906
344.6166687011719
337.125
344.6166687011719
334.6277770996094
339.6222229003906
334.6277770996094
339.6222229003906
334.6277770996094
334.6277770996094
344.6166687011719
339.6222229003906
339.6222229003906
339.6222229003906
339.6222229003906
334.6277770996094
334.6277770996094
344.6166687011719
349.6111145019531
344.6166687011719
334.6277770996094
344.6166687011719
349.6111145019531
334.6277770996094
297.16943359375
299.6666564941406
307.1583251953125
297.16943359375
312.15277099609375
307.1583251953125
312.15277099609375
297.16943359375
299.6666564941406
309.6555480957031
302.16387939453125
312.15277099609375
307.1583251953125
307.1583251953125
297.16943359375
299.6666564941406
297.16943359375
299.6666564941406
297.16943359375
302.16387939453125
297.16943359375
297.16943359375
302.16387939453125
302.16387939453125
307.1583251953125
307.1583251953125
307.1583251953125
314.6499938964844
307.1583251953125
312.15277099609375
312.15277099609375
312.15277099609375
312.15277099609375
314.6499938964844
314.6499938964844
314.6499938964844
314.6499938964844
319.6444396972656
314.6499938964844
319.6444396972656
319.6444396972656
319.6444396972656
324.6388854980469
324.6388854980469
329.6333312988281
324.6388854980469
329.6333312988281
324.6388854980469
329.6333312988281
329.6333312988281
319.6444396972656
324.6388854980469
324.6388854980469
324.6388854980469
324.6388854980469
329.6333312988281
329.6333312988281
319.6444396972656
314.6499938964844
319.6444396972656
329.6333312988281
319.6444396972656
314.6499938964844
329.6333312988281
327.1361083984375
324.6388854980469
314.6499938964844
324.6388854980469
314.6499938964844
329.6333312988281
319.6444396972656
329.6333312988281
324.6388854980469
0.0
329.6333312988281
312.15277099609375
319.6444396972656
319.6444396972656
319.6444396972656
324.6388854980469
329.6333312988281
329.6333312988281
329.6333312988281
329.6333312988281
324.6388854980469
324.6388854980469
324.6388854980469
322.14166259765625
319.6444396972656
319.6444396972656
319.6444396972656
314.6499938964844
319.6444396972656
314.6499938964844
314.6499938964844
314.6499938964844
314.6499938964844
307.1583251953125
309.6555480957031
0.0
307.1583251953125
304.6611022949219
314.6499938964844
307.1583251953125
299.6666564941406
307.1583251953125
299.6666564941406
304.6611022949219
294.6722106933594
299.6666564941406
297.16943359375
299.6666564941406
297.16943359375
297.16943359375
304.6611022949219
299.6666564941406
302.16387939453125
299.6666564941406
302.16387939453125
297.16943359375
297.16943359375
307.1583251953125
309.6555480957031
307.1583251953125
297.16943359375
307.1583251953125
312.15277099609375
297.16943359375
259.71112060546875
262.2083435058594
264.70556640625
259.71112060546875
269.70001220703125
264.70556640625
269.70001220703125
259.71112060546875
262.2083435058594
269.70001220703125
262.2083435058594
272.1972351074219
267.2027893066406
264.70556640625
257.2138977050781
262.2083435058594
259.71112060546875
262.2083435058594
259.71112060546875
262.2083435058594
259.71112060546875
259.71112060546875
262.2083435058594
262.2083435058594
267.2027893066406
267.2027893066406
267.2027893066406
274.6944580078125
264.70556640625
272.1972351074219
269.70001220703125
269.70001220703125
272.1972351074219
274.6944580078125
277.1916809082031
274.6944580078125
274.6944580078125
279.68890380859375
274.6944580078125
279.68890380859375
279.68890380859375
282.18609619140625
287.1805419921875
284.6833190917969
289.6777648925781
284.6833190917969
292.17498779296875
287.1805419921875
289.6777648925781
289.6777648925781
279.68890380859375
284.6833190917969
284.6833190917969
284.6833190917969
287.1805419921875
292.17498779296875
292.17498779296875
279.68890380859375
274.6944580078125
279.68890380859375
289.6777648925781
282.18609619140625
274.6944580078125
292.17498779296875
292.17498779296875
284.6833190917969
274.6944580078125
287.1805419921875
274.6944580078125
292.17498779296875
279.68890380859375
292.17498779296875
284.6833190917969
269.70001220703125
289.6777648925781
269.70001220703125
279.68890380859375
279.68890380859375
282.18609619140625
287.1805419921875
289.6777648925781
289.6777648925781
289.6777648925781
292.17498779296875
284.6833190917969
284.6833190917969
284.6833190917969
284.6833190917969
279.68890380859375
279.68890380859375
279.68890380859375
274.6944580078125
282.18609619140625
274.6944580078125
274.6944580078125
274.6944580078125
274.6944580078125
269.70001220703125
269.70001220703125
269.70001220703125
269.70001220703125
267.2027893066406
274.6944580078125
264.70556640625
262.2083435058594
264.70556640625
262.2083435058594
267.2027893066406
259.71112060546875
262.2083435058594
257.2138977050781
262.2083435058594
259.71112060546875
259.71112060546875
264.70556640625
262.2083435058594
262.2083435058594
262.2083435058594
262.2083435058594
259.71112060546875
259.71112060546875
267.2027893066406
272.1972351074219
264.70556640625
259.71112060546875
267.2027893066406
269.70001220703125
259.71112060546875
237.23611450195312
242.23056030273438
244.727783203125
237.23611450195312
244.727783203125
244.727783203125
244.727783203125
239.73333740234375
242.23056030273438
244.727783203125
242.23056030273438
244.727783203125
244.727783203125
244.727783203125
239.73333740234375
242.23056030273438
237.23611450195312
242.23056030273438
239.73333740234375
242.23056030273438
237.23611450195312
239.73333740234375
242.23056030273438
242.23056030273438
244.727783203125
244.727783203125
244.727783203125
247.22500610351562
244.727783203125
244.727783203125
244.727783203125
244.727783203125
244.727783203125
247.22500610351562
247.22500610351562
247.22500610351562
249.72222900390625
252.21945190429688
247.22500610351562
252.21945190429688
252.21945190429688
249.72222900390625
254.71665954589844
254.71665954589844
257.2138977050781
254.71665954589844
257.2138977050781
254.71665954589844
257.2138977050781
257.2138977050781
252.21945190429688
254.71665954589844
254.71665954589844
254.71665954589844
254.71665954589844
257.2138977050781
257.2138977050781
252.21945190429688
247.22500610351562
249.72222900390625
257.2138977050781
249.72222900390625
247.22500610351562
257.2138977050781
257.2138977050781
254.71665954589844
247.22500610351562
254.71665954589844
247.22500610351562
257.2138977050781
252.21945190429688
257.2138977050781
254.71665954589844
244.727783203125
257.2138977050781
247.22500610351562
252.21945190429688
249.72222900390625
249.72222900390625
254.71665954589844
257.2138977050781
257.2138977050781
257.2138977050781
257.2138977050781
254.71665954589844
254.71665954589844
254.71665954589844
254.71665954589844
249.72222900390625
252.21945190429688
252.21945190429688
249.72222900390625
252.21945190429688
247.22500610351562
247.22500610351562
249.72222900390625
247.22500610351562
244.727783203125
244.727783203125
244.727783203125
244.727783203125
244.727783203125
247.22500610351562
244.727783203125
242.23056030273438
244.727783203125
242.23056030273438
244.727783203125
237.23611450195312
242.23056030273438
237.23611450195312
242.23056030273438
237.23611450195312
237.23611450195312
244.727783203125
242.23056030273438
242.23056030273438
242.23056030273438
242.23056030273438
239.73333740234375
239.73333740234375
244.727783203125
247.22500610351562
244.727783203125
239.73333740234375
244.727783203125
244.727783203125
239.73333740234375
