749.7916870117188
759.7888793945312
769.7861328125
739.79443359375
779.7833251953125
769.7861328125
779.7833251953125
759.7888793945312
759.7888793945312
779.7833251953125
759.7888793945312
779.7833251953125
770.5722045898438
769.7861328125
759.7888793945312
759.7888793945312
739.79443359375
760.5777587890625
739.79443359375
749.7916870117188
750.5833129882812
749.7916870117188
759.7888793945312
759.7888793945312
769.7861328125
769.7861328125
769.7861328125
789.7805786132812
769.7861328125
779.7833251953125
779.7833251953125
780.566650390625
779.7833251953125
789.7805786132812
790.5610961914062
789.7805786132812
789.7805786132812
799.7777709960938
789.7805786132812
799.7777709960938
800.5555419921875
799.5555419921875
801.111083984375
799.7777709960938
819.772216796875
799.7777709960938
829.7694702148438
799.7777709960938
829.7694702148438
829.7694702148438
799.5555419921875
800.5555419921875
799.7777709960938
799.7777709960938
800.5555419921875
830.5388793945312
819.772216796875
799.7777709960938
791.3416748046875
799.7777709960938
829.7694702148438
799.7777709960938
789.7805786132812
829.7694702148438
819.772216796875
809.7750244140625
789.7805786132812
809.7750244140625
789.7805786132812
829.7694702148438
799.7777709960938
819.772216796875
809.7750244140625
779.7833251953125
830.308349609375
779.7833251953125
799.5555419921875
799.5555419921875
799.7777709960938
799.7777709960938
829.7694702148438
829.7694702148438
831.308349609375
829.7694702148438
809.7750244140625
809.7750244140625
809.3250122070312
809.7750244140625
799.7777709960938
799.7777709960938
800.5555419921875
789.7805786132812
799.7777709960938
789.7805786132812
789.7805786132812
789.7805786132812
790.5610961914062
779.7833251953125
779.7833251953125
779.7833251953125
780.566650390625
769.7861328125
789.7805786132812
769.7861328125
759.7888793945312
769.5722045898438
759.7888793945312
769.7861328125
759.7888793945312
759.7888793945312
759.7888793945312
751.1666870117188
759.7888793945312
749.7916870117188
769.7861328125
760.5777587890625
759.7888793945312
759.5777587890625
759.7888793945312
759.7888793945312
759.7888793945312
769.7861328125
779.7833251953125
769.7861328125
749.7916870117188
769.7861328125
779.7833251953125
759.7888793945312
599.8333129882812
609.83056640625
640.4666748046875
589.8361206054688
649.8194580078125
639.8222045898438
659.816650390625
599.5
620.6555786132812
660.6333618164062
609.83056640625
659.6333618164062
630.6500244140625
639.8222045898438
599.8333129882812
620.6555786132812
599.8333129882812
620.4833374023438
589.8361206054688
620.6555786132812
600.5
599.8333129882812
619.8277587890625
619.8277587890625
639.8222045898438
639.8222045898438
639.6444702148438
689.808349609375
639.8222045898438
659.816650390625
659.816650390625
660.6333618164062
661.4500122070312
689.4249877929688
689.808349609375
689.808349609375
689.808349609375
709.8027954101562
689.808349609375
709.8027954101562
709.8027954101562
709.6055297851562
719.7999877929688
720.5999755859375
729.7972412109375
719.5999755859375
730.3916625976562
720.5999755859375
720.4000244140625
722.2000122070312
709.8027954101562
719.7999877929688
720.5999755859375
719.5999755859375
719.7999877929688
709.8027954101562
739.3833618164062
710.6055297851562
699.8055419921875
709.8027954101562
739.5888671875
699.8055419921875
699.611083984375
730.5944213867188
749.7916870117188
719.7999877929688
699.8055419921875
719.7999877929688
689.808349609375
740.5888671875
699.8055419921875
739.79443359375
719.7999877929688
659.816650390625
729.7972412109375
659.816650390625
709.8027954101562
709.8027954101562
709.8027954101562
729.5944213867188
739.5888671875
730.5944213867188
740.5888671875
749.7916870117188
720.5999755859375
719.5999755859375
729.7972412109375
729.7972412109375
709.6055297851562
709.8027954101562
700.611083984375
699.8055419921875
709.6055297851562
689.808349609375
689.808349609375
699.8055419921875
700.611083984375
659.816650390625
659.816650390625
649.8194580078125
659.816650390625
639.8222045898438
689.808349609375
639.8222045898438
619.8277587890625
639.8222045898438
619.8277587890625
639.8222045898438
599.8333129882812
619.8277587890625
599.8333129882812
611.4916381835938
599.8333129882812
599.8333129882812
639.8222045898438
619.6555786132812
619.8277587890625
619.8277587890625
619.8277587890625
599.8333129882812
599.8333129882812
639.8222045898438
659.816650390625
641.4666748046875
599.8333129882812
639.8222045898438
659.816650390625
599.8333129882812
439.8777770996094
449.875
479.8666687011719
439.8777770996094
499.8611145019531
479.8666687011719
499.8611145019531
439.8777770996094
449.875
499.8611145019531
449.875
499.8611145019531
479.8666687011719
479.8666687011719
439.8777770996094
449.875
439.8777770996094
450.75
439.8777770996094
449.75
439.8777770996094
439.8777770996094
449.875
449.875
479.8666687011719
479.8666687011719
479.8666687011719
519.8555297851562
479.8666687011719
499.8611145019531
499.8611145019531
499.8611145019531
499.8611145019531
529.852783203125
519.8555297851562
519.8555297851562
519.7111206054688
539.8499755859375
519.7111206054688
529.852783203125
529.852783203125
539.8499755859375
549.8472290039062
559.8444213867188
569.8416748046875
549.8472290039062
569.8416748046875
549.8472290039062
569.8416748046875
569.8416748046875
539.8499755859375
559.8444213867188
559.8444213867188
559.8444213867188
559.8444213867188
579.8388671875
569.8416748046875
529.852783203125
529.852783203125
529.852783203125
569.8416748046875
539.8499755859375
519.7111206054688
569.8416748046875
569.8416748046875
559.8444213867188
519.8555297851562
559.8444213867188
509.85833740234375
569.8416748046875
529.852783203125
579.8388671875
559.8444213867188
499.8611145019531
569.8416748046875
499.8611145019531
529.852783203125
529.852783203125
539.8499755859375
549.8472290039062
579.8388671875
569.8416748046875
569.8416748046875
580.6777954101562
549.8472290039062
560.6889038085938
559.8444213867188
559.8444213867188
529.852783203125
529.852783203125
549.8472290039062
519.8555297851562
529.852783203125
519.8555297851562
519.8555297851562
529.852783203125
519.8555297851562
499.8611145019531
499.8611145019531
509.85833740234375
499.8611145019531
479.8666687011719
529.852783203125
479.8666687011719
449.875
479.8666687011719
449.875
479.8666687011719
439.8777770996094
449.875
439.8777770996094
449.875
439.8777770996094
439.8777770996094
479.8666687011719
449.875
449.875
449.875
449.875
439.8777770996094
439.8777770996094
479.8666687011719
499.8611145019531
479.8666687011719
439.8777770996094
479.8666687011719
499.8611145019531
439.8777770996094
289.91943359375
309.91387939453125
329.9083251953125
289.91943359375
349.90277099609375
329.9083251953125
349.90277099609375
289.91943359375
309.91387939453125
349.90277099609375
309.8277893066406
349.90277099609375
329.9083251953125
329.9083251953125
289.91943359375
309.91387939453125
289.91943359375
309.91387939453125
289.91943359375
309.91387939453125
289.91943359375
289.91943359375
309.91387939453125
309.91387939453125
329.9083251953125
330.8166809082031
329.9083251953125
359.8999938964844
329.9083251953125
349.90277099609375
349.90277099609375
349.90277099609375
349.90277099609375
369.897216796875
359.8999938964844
359.8999938964844
369.897216796875
379.78887939453125
359.8999938964844
379.8944396972656
379.8944396972656
379.8944396972656
399.8888854980469
399.8888854980469
419.8833312988281
399.8888854980469
371.29998779296875
399.8888854980469
419.8833312988281
420.76666259765625
379.8944396972656
399.8888854980469
399.8888854980469
399.77777099609375
399.8888854980469
419.8833312988281
419.8833312988281
379.8944396972656
369.897216796875
379.8944396972656
419.8833312988281
379.8944396972656
369.897216796875
419.8833312988281
420.6499938964844
399.8888854980469
369.897216796875
399.8888854980469
369.897216796875
419.8833312988281
379.8944396972656
419.8833312988281
399.8888854980469
349.90277099609375
419.8833312988281
349.90277099609375
389.89166259765625
379.8944396972656
379.8944396972656
399.8888854980469
419.8833312988281
419.76666259765625
419.8833312988281
419.8833312988281
399.8888854980469
399.8888854980469
399.8888854980469
399.8888854980469
379.8944396972656
389.89166259765625
379.8944396972656
369.897216796875
379.8944396972656
369.897216796875
369.897216796875
369.897216796875
369.897216796875
349.90277099609375
349.90277099609375
349.90277099609375
349.90277099609375
329.9083251953125
369.897216796875
329.9083251953125
309.91387939453125
329.9083251953125
309.91387939453125
329.9083251953125
289.91943359375
309.91387939453125
289.91943359375
309.91387939453125
289.91943359375
289.91943359375
329.9083251953125
309.91387939453125
309.91387939453125
309.91387939453125
309.91387939453125
289.91943359375
289.91943359375
329.8166809082031
349.90277099609375
329.9083251953125
289.91943359375
329.9083251953125
349.90277099609375
289.91943359375
289.91943359375
309.91387939453125
329.9083251953125
289.91943359375
349.90277099609375
329.9083251953125
349.90277099609375
289.91943359375
309.91387939453125
349.90277099609375
309.91387939453125
349.90277099609375
329.9083251953125
329.9083251953125
289.91943359375
309.91387939453125
289.91943359375
309.91387939453125
289.91943359375
309.91387939453125
289.91943359375
289.91943359375
309.91387939453125
309.91387939453125
329.9083251953125
329.9083251953125
329.9083251953125
369.897216796875
329.9083251953125
349.90277099609375
349.90277099609375
349.90277099609375
349.90277099609375
369.897216796875
369.897216796875
369.897216796875
369.897216796875
379.8944396972656
369.897216796875
389.89166259765625
379.8944396972656
389.89166259765625
399.8888854980469
399.8888854980469
419.8833312988281
399.8888854980469
420.76666259765625
399.8888854980469
419.8833312988281
419.8833312988281
379.8944396972656
399.8888854980469
399.8888854980469
399.8888854980469
399.8888854980469
419.8833312988281
419.8833312988281
379.8944396972656
369.897216796875
389.89166259765625
419.8833312988281
389.89166259765625
369.897216796875
419.8833312988281
429.88055419921875
399.8888854980469
369.897216796875
399.8888854980469
369.897216796875
419.8833312988281
389.89166259765625
419.8833312988281
399.8888854980469
349.90277099609375
419.8833312988281
349.90277099609375
389.89166259765625
389.89166259765625
389.89166259765625
399.8888854980469
419.8833312988281
429.88055419921875
419.8833312988281
419.8833312988281
409.8861083984375
399.8888854980469
399.8888854980469
399.8888854980469
389.89166259765625
389.89166259765625
389.89166259765625
369.897216796875
389.89166259765625
369.897216796875
369.79443359375
369.897216796875
369.897216796875
349.90277099609375
349.90277099609375
349.90277099609375
349.90277099609375
329.9083251953125
369.897216796875
329.9083251953125
309.91387939453125
329.9083251953125
309.91387939453125
329.9083251953125
289.91943359375
309.91387939453125
289.91943359375
309.91387939453125
289.91943359375
289.91943359375
329.9083251953125
309.91387939453125
309.91387939453125
309.91387939453125
309.91387939453125
289.91943359375
289.91943359375
329.9083251953125
349.90277099609375
329.9083251953125
289.91943359375
329.9083251953125
349.90277099609375
289.91943359375
439.8777770996094
449.875
479.8666687011719
439.8777770996094
499.8611145019531
479.8666687011719
499.8611145019531
439.8777770996094
449.875
499.8611145019531
449.875
499.8611145019531
479.8666687011719
479.73333740234375
439.8777770996094
449.875
439.8777770996094
449.875
439.8777770996094
449.875
439.8777770996094
439.8777770996094
449.875
449.875
479.8666687011719
479.8666687011719
479.8666687011719
0.0
479.8666687011719
499.8611145019531
499.8611145019531
501.5833435058594
499.8611145019531
519.8555297851562
519.8555297851562
519.8555297851562
519.8555297851562
539.7000122070312
519.8555297851562
539.8499755859375
539.8499755859375
539.8499755859375
559.8444213867188
559.8444213867188
589.5083618164062
549.8472290039062
589.8361206054688
559.8444213867188
569.8416748046875
569.8416748046875
539.8499755859375
559.6889038085938
560.6889038085938
549.6944580078125
559.6889038085938
579.8388671875
579.8388671875
539.8499755859375
519.8555297851562
539.7000122070312
570.683349609375
539.8499755859375
519.8555297851562
569.8416748046875
579.8388671875
559.8444213867188
520.7111206054688
559.8444213867188
519.8555297851562
579.8388671875
539.8499755859375
579.8388671875
569.8416748046875
499.72222900390625
569.8416748046875
499.8611145019531
540.7000122070312
539.8499755859375
539.8499755859375
559.8444213867188
570.683349609375
569.683349609375
569.8416748046875
569.8416748046875
549.6944580078125
560.5333251953125
559.8444213867188
549.8472290039062
549.8472290039062
539.8499755859375
540.7000122070312
519.566650390625
539.8499755859375
519.8555297851562
519.7111206054688
519.8555297851562
519.8555297851562
499.8611145019531
499.8611145019531
499.8611145019531
499.8611145019531
479.8666687011719
519.8555297851562
479.8666687011719
449.875
479.8666687011719
449.875
479.8666687011719
439.8777770996094
449.875
439.8777770996094
449.875
439.8777770996094
439.8777770996094
479.8666687011719
449.875
449.875
449.875
449.875
439.8777770996094
439.8777770996094
479.73333740234375
499.8611145019531
479.6000061035156
439.8777770996094
479.8666687011719
499.8611145019531
439.8777770996094
599.8333129882812
619.4833374023438
639.8222045898438
599.8333129882812
659.816650390625
629.8250122070312
659.816650390625
599.8333129882812
609.83056640625
660.4500122070312
619.8277587890625
650.638916015625
640.111083984375
640.6444702148438
599.5
619.6555786132812
589.8361206054688
619.8277587890625
599.8333129882812
619.6555786132812
599.8333129882812
599.8333129882812
619.8277587890625
619.6555786132812
639.8222045898438
639.6444702148438
639.8222045898438
689.6166381835938
639.4666748046875
659.816650390625
659.816650390625
661.4500122070312
659.816650390625
689.808349609375
689.808349609375
689.6166381835938
689.6166381835938
709.6055297851562
691.2333374023438
699.8055419921875
711.4083251953125
709.6055297851562
728.986083984375
719.4000244140625
731.3916625976562
709.6055297851562
739.79443359375
729.5944213867188
729.7972412109375
749.7916870117188
709.8027954101562
719.5999755859375
729.5944213867188
729.5944213867188
721.2000122070312
729.7972412109375
749.7916870117188
709.8027954101562
689.808349609375
709.8027954101562
729.7972412109375
700.611083984375
689.808349609375
729.7972412109375
731.3916625976562
719.7999877929688
689.808349609375
729.5944213867188
689.808349609375
740.5888671875
700.611083984375
749.7916870117188
719.4000244140625
649.8194580078125
730.5944213867188
659.816650390625
710.6055297851562
699.8055419921875
710.4083251953125
719.5999755859375
749.5833129882812
739.79443359375
739.79443359375
741.3833618164062
719.7999877929688
729.7972412109375
729.7972412109375
719.7999877929688
700.4166870117188
709.8027954101562
709.8027954101562
689.808349609375
709.8027954101562
689.6166381835938
689.6166381835938
689.808349609375
689.808349609375
659.816650390625
660.6333618164062
659.6333618164062
659.816650390625
639.4666748046875
689.808349609375
639.8222045898438
619.6555786132812
639.6444702148438
609.6611328125
639.6444702148438
609.83056640625
620.6555786132812
600.6666870117188
629.6500244140625
609.83056640625
609.83056640625
629.6500244140625
620.4833374023438
619.8277587890625
620.6555786132812
600.5
599.8333129882812
589.8361206054688
640.4666748046875
660.4500122070312
640.6444702148438
599.8333129882812
641.4666748046875
660.6333618164062
599.6666870117188
749.7916870117188
760.5777587890625
769.7861328125
759.5777587890625
779.7833251953125
769.7861328125
779.7833251953125
761.3666381835938
769.7861328125
779.7833251953125
760.5777587890625
779.7833251953125
769.7861328125
769.7861328125
759.5777587890625
750.5833129882812
759.7888793945312
759.7888793945312
759.7888793945312
749.7916870117188
759.5777587890625
759.7888793945312
759.5777587890625
759.7888793945312
769.7861328125
769.7861328125
769.7861328125
789.5610961914062
769.7861328125
779.7833251953125
779.7833251953125
779.7833251953125
779.566650390625
789.7805786132812
789.5610961914062
789.5610961914062
789.7805786132812
799.7777709960938
790.1221923828125
800.5555419921875
800.5555419921875
799.7777709960938
809.7750244140625
809.7750244140625
829.7694702148438
810.5499877929688
829.7694702148438
809.7750244140625
829.7694702148438
819.772216796875
799.7777709960938
809.7750244140625
809.7750244140625
809.7750244140625
809.7750244140625
829.7694702148438
830.5388793945312
799.7777709960938
790.5610961914062
799.7777709960938
829.7694702148438
800.5555419921875
789.7805786132812
819.772216796875
819.772216796875
809.3250122070312
789.5610961914062
809.7750244140625
789.7805786132812
829.7694702148438
799.7777709960938
829.7694702148438
809.7750244140625
779.7833251953125
829.7694702148438
779.566650390625
799.7777709960938
799.7777709960938
799.7777709960938
809.7750244140625
829.7694702148438
829.7694702148438
829.7694702148438
0.0
809.7750244140625
809.7750244140625
809.7750244140625
810.5499877929688
799.5555419921875
799.7777709960938
799.7777709960938
789.7805786132812
800.3333129882812
789.7805786132812
789.7805786132812
790.1221923828125
789.7805786132812
779.7833251953125
779.7833251953125
779.566650390625
779.7833251953125
769.7861328125
789.7805786132812
769.7861328125
750.5833129882812
769.7861328125
769.7861328125
769.5722045898438
759.7888793945312
759.7888793945312
759.5777587890625
759.5777587890625
759.7888793945312
759.7888793945312
769.7861328125
759.7888793945312
759.7888793945312
759.7888793945312
759.7888793945312
759.7888793945312
759.7888793945312
769.7861328125
779.7833251953125
771.3583374023438
759.7888793945312
769.7861328125
779.7833251953125
759.7888793945312
149.9583282470703
169.95277404785156
179.9499969482422
149.9583282470703
199.94444274902344
179.9499969482422
209.94166564941406
149.9583282470703
159.95555114746094
199.94444274902344
169.95277404785156
199.94444274902344
179.9499969482422
189.9472198486328
149.9583282470703
169.95277404785156
149.9583282470703
159.95555114746094
149.9583282470703
169.95277404785156
149.9583282470703
149.9583282470703
169.95277404785156
169.95277404785156
179.9499969482422
179.9499969482422
179.9499969482422
209.94166564941406
189.9472198486328
199.94444274902344
199.94444274902344
199.94444274902344
199.94444274902344
209.94166564941406
209.94166564941406
209.94166564941406
209.94166564941406
229.9361114501953
219.9388885498047
229.9361114501953
229.9361114501953
229.9361114501953
249.93055725097656
249.93055725097656
269.92498779296875
249.93055725097656
269.92498779296875
249.93055725097656
269.92498779296875
269.92498779296875
229.9361114501953
249.93055725097656
249.93055725097656
249.93055725097656
249.93055725097656
269.92498779296875
269.92498779296875
229.9361114501953
219.9388885498047
229.9361114501953
269.92498779296875
239.93333435058594
209.94166564941406
269.92498779296875
269.92498779296875
249.93055725097656
219.9388885498047
249.93055725097656
219.9388885498047
269.92498779296875
229.9361114501953
269.92498779296875
249.93055725097656
199.94444274902344
269.92498779296875
199.94444274902344
229.9361114501953
229.9361114501953
229.9361114501953
249.93055725097656
269.92498779296875
269.92498779296875
269.92498779296875
269.92498779296875
249.93055725097656
249.93055725097656
249.93055725097656
249.93055725097656
229.9361114501953
229.9361114501953
229.9361114501953
219.9388885498047
229.9361114501953
209.94166564941406
219.9388885498047
209.94166564941406
219.9388885498047
199.94444274902344
199.94444274902344
199.94444274902344
199.94444274902344
179.9499969482422
219.9388885498047
179.9499969482422
159.95555114746094
179.9499969482422
159.95555114746094
179.9499969482422
149.9583282470703
169.95277404785156
149.9583282470703
159.95555114746094
149.9583282470703
149.9583282470703
189.9472198486328
159.95555114746094
169.95277404785156
159.95555114746094
169.95277404785156
149.9583282470703
149.9583282470703
179.9499969482422
199.94444274902344
179.9499969482422
149.9583282470703
189.9472198486328
199.94444274902344
139.9611053466797
-0.5
19.494443893432617
39.488887786865234
-0.5
59.483333587646484
39.488887786865234
49.48611068725586
-0.5
19.494443893432617
59.483333587646484
19.494443893432617
59.483333587646484
39.488887786865234
39.488887786865234
-0.5
19.494443893432617
-0.5
19.494443893432617
-0.5
19.494443893432617
-0.5
-0.5
19.494443893432617
19.494443893432617
39.488887786865234
39.488887786865234
39.488887786865234
69.48055267333984
39.488887786865234
59.483333587646484
59.483333587646484
59.483333587646484
59.483333587646484
69.48055267333984
69.48055267333984
69.48055267333984
69.48055267333984
89.9749984741211
69.48055267333984
89.9749984741211
89.9749984741211
89.9749984741211
109.96944427490234
99.97222137451172
129.96388244628906
109.96944427490234
129.96388244628906
109.96944427490234
129.96388244628906
129.96388244628906
89.9749984741211
109.96944427490234
109.96944427490234
99.97222137451172
109.96944427490234
129.96388244628906
129.96388244628906
89.9749984741211
69.48055267333984
89.9749984741211
129.96388244628906
89.9749984741211
69.48055267333984
129.96388244628906
129.96388244628906
109.96944427490234
69.48055267333984
109.96944427490234
69.48055267333984
129.96388244628906
89.9749984741211
129.96388244628906
109.96944427490234
59.483333587646484
129.96388244628906
59.483333587646484
79.97777557373047
89.9749984741211
89.9749984741211
109.96944427490234
129.96388244628906
129.96388244628906
129.96388244628906
129.96388244628906
109.96944427490234
109.96944427490234
99.97222137451172
99.97222137451172
89.9749984741211
89.9749984741211
89.9749984741211
69.48055267333984
89.9749984741211
79.97777557373047
69.48055267333984
69.48055267333984
79.97777557373047
59.483333587646484
59.483333587646484
59.483333587646484
59.483333587646484
39.488887786865234
69.48055267333984
39.488887786865234
19.494443893432617
39.488887786865234
19.494443893432617
39.488887786865234
-0.5
19.494443893432617
-0.5
19.494443893432617
-0.5
-0.5
39.488887786865234
19.494443893432617
19.494443893432617
19.494443893432617
19.494443893432617
-0.5
-0.5
39.488887786865234
59.483333587646484
39.488887786865234
-0.5
39.488887786865234
59.483333587646484
-0.5
3459.038818359375
3479.033447265625
3489.030517578125
3459.038818359375
3499.02783203125
3489.030517578125
3499.02783203125
3449.041748046875
3479.033447265625
3499.02783203125
3479.033447265625
3499.02783203125
3489.030517578125
3489.030517578125
3449.041748046875
3469.0361328125
3459.038818359375
3479.033447265625
3459.038818359375
3479.033447265625
3459.038818359375
3459.038818359375
3479.033447265625
3479.033447265625
3479.033447265625
3499.02783203125
3489.030517578125
3519.522216796875
3489.030517578125
3499.02783203125
3509.52490234375
3499.02783203125
3499.02783203125
3519.522216796875
3519.522216796875
3519.522216796875
3519.522216796875
3539.5166015625
3519.522216796875
3539.5166015625
3539.5166015625
3539.5166015625
3559.51123046875
3559.51123046875
3579.505615234375
3559.51123046875
3579.505615234375
3559.51123046875
3579.505615234375
3579.505615234375
3539.5166015625
3559.51123046875
3559.51123046875
3559.51123046875
3559.51123046875
3579.505615234375
3579.505615234375
3539.5166015625
3519.522216796875
3539.5166015625
3579.505615234375
3539.5166015625
3519.522216796875
3579.505615234375
3579.505615234375
3559.51123046875
3519.522216796875
3559.51123046875
3519.522216796875
3579.505615234375
3539.5166015625
3579.505615234375
3559.51123046875
3499.02783203125
3579.505615234375
3499.02783203125
3539.5166015625
3539.5166015625
3539.5166015625
3559.51123046875
3579.505615234375
3579.505615234375
3579.505615234375
3579.505615234375
3559.51123046875
3559.51123046875
3559.51123046875
3559.51123046875
3539.5166015625
3539.5166015625
3539.5166015625
3519.522216796875
3539.5166015625
3519.522216796875
3519.522216796875
3519.522216796875
3519.522216796875
3499.02783203125
3499.02783203125
3499.02783203125
3499.02783203125
3489.030517578125
3519.522216796875
3489.030517578125
3479.033447265625
3489.030517578125
3479.033447265625
3489.030517578125
3459.038818359375
3479.033447265625
3459.038818359375
3479.033447265625
3459.038818359375
3459.038818359375
3489.030517578125
3469.0361328125
3479.033447265625
3479.033447265625
3479.033447265625
3459.038818359375
3449.041748046875
3489.030517578125
3499.02783203125
3489.030517578125
3459.038818359375
3489.030517578125
3509.02490234375
3459.038818359375
3299.083251953125
3319.077880859375
3339.072265625
3299.083251953125
3359.066650390625
3339.072265625
3359.066650390625
3299.083251953125
3319.077880859375
3359.066650390625
3319.077880859375
3359.066650390625
3339.072265625
3339.072265625
3299.083251953125
3319.077880859375
3309.08056640625
3319.077880859375
3299.083251953125
3319.077880859375
3299.083251953125
3299.083251953125
3329.074951171875
3329.074951171875
3339.072265625
3339.072265625
3339.072265625
3379.06103515625
3339.072265625
3359.066650390625
3359.066650390625
3359.066650390625
3359.066650390625
3379.06103515625
3379.06103515625
3379.06103515625
3379.06103515625
3399.0556640625
3379.06103515625
3399.0556640625
3399.0556640625
3399.0556640625
3419.050048828125
3419.050048828125
3439.04443359375
3419.050048828125
3429.047119140625
3419.050048828125
3429.047119140625
3439.04443359375
3399.0556640625
3419.050048828125
3419.050048828125
3419.050048828125
3419.050048828125
3439.04443359375
3429.047119140625
3399.0556640625
3379.06103515625
3399.0556640625
3439.04443359375
3399.0556640625
3379.06103515625
3439.04443359375
3439.04443359375
3419.050048828125
3379.06103515625
3419.050048828125
3379.06103515625
3439.04443359375
3399.0556640625
3429.047119140625
3419.050048828125
3359.066650390625
3439.04443359375
3359.066650390625
3399.0556640625
3399.0556640625
3399.0556640625
3419.050048828125
3439.04443359375
3439.04443359375
3439.04443359375
3439.04443359375
3419.050048828125
3419.050048828125
3419.050048828125
3419.050048828125
3399.0556640625
3399.0556640625
3399.0556640625
3379.06103515625
3399.0556640625
3379.06103515625
3379.06103515625
3379.06103515625
3379.06103515625
3359.066650390625
3359.066650390625
3359.066650390625
3359.066650390625
3339.072265625
3379.06103515625
3339.072265625
3329.074951171875
3339.072265625
3319.077880859375
3339.072265625
3299.083251953125
3329.074951171875
3299.083251953125
3319.077880859375
3299.083251953125
3299.083251953125
3339.072265625
3319.077880859375
3319.077880859375
3319.077880859375
3319.077880859375
3299.083251953125
3299.083251953125
3339.072265625
3359.066650390625
3339.072265625
3299.083251953125
3339.072265625
3359.066650390625
3299.083251953125
3299.083251953125
3329.074951171875
3339.072265625
3299.083251953125
3359.066650390625
3339.072265625
3359.066650390625
3299.083251953125
3319.077880859375
3359.066650390625
3319.077880859375
3359.066650390625
3339.072265625
3339.072265625
3299.083251953125
3319.077880859375
3299.083251953125
3319.077880859375
3299.083251953125
3319.077880859375
3299.083251953125
3299.083251953125
3319.077880859375
3319.077880859375
3339.072265625
3339.072265625
3339.072265625
3379.06103515625
3339.072265625
3359.066650390625
3359.066650390625
3359.066650390625
3359.066650390625
3379.06103515625
3379.06103515625
3379.06103515625
3379.06103515625
3399.0556640625
3379.06103515625
3399.0556640625
3399.0556640625
3399.0556640625
3419.050048828125
3419.050048828125
3429.047119140625
3419.050048828125
3439.04443359375
3419.050048828125
3439.04443359375
3439.04443359375
3399.0556640625
3419.050048828125
3419.050048828125
3419.050048828125
3419.050048828125
3439.04443359375
3439.04443359375
3399.0556640625
3379.06103515625
3399.0556640625
3439.04443359375
3399.0556640625
3379.06103515625
3439.04443359375
3439.04443359375
3419.050048828125
3379.06103515625
3419.050048828125
3379.06103515625
3439.04443359375
3399.0556640625
3439.04443359375
3419.050048828125
3359.066650390625
3439.04443359375
3359.066650390625
3399.0556640625
3399.0556640625
3399.0556640625
3419.050048828125
3439.04443359375
3439.04443359375
3439.04443359375
3439.04443359375
3409.052734375
3419.050048828125
3419.050048828125
3419.050048828125
3399.0556640625
3399.0556640625
3399.0556640625
3379.06103515625
3399.0556640625
3379.06103515625
3379.06103515625
3379.06103515625
3379.06103515625
3359.066650390625
3359.066650390625
3359.066650390625
3359.066650390625
3339.072265625
3379.06103515625
3339.072265625
3319.077880859375
3339.14453125
3319.077880859375
3339.072265625
3299.083251953125
3319.077880859375
3299.083251953125
3319.077880859375
3299.083251953125
3299.083251953125
3339.072265625
3319.077880859375
3319.077880859375
3319.077880859375
3319.077880859375
3299.083251953125
3299.083251953125
3339.072265625
3359.066650390625
3339.072265625
3299.083251953125
3339.072265625
3359.066650390625
3299.083251953125
3459.038818359375
3479.033447265625
3489.030517578125
3459.038818359375
3499.02783203125
3489.030517578125
3499.02783203125
3449.041748046875
3479.033447265625
3509.02490234375
3479.033447265625
3499.02783203125
3499.02783203125
3489.030517578125
3459.038818359375
3479.033447265625
3449.041748046875
3479.033447265625
3459.038818359375
3479.033447265625
3459.038818359375
3459.038818359375
3479.033447265625
3479.033447265625
3499.02783203125
3499.02783203125
3499.02783203125
3519.522216796875
3499.02783203125
3509.02490234375
3499.02783203125
3499.02783203125
3509.02490234375
3519.522216796875
3519.522216796875
3519.522216796875
3519.522216796875
3539.5166015625
3519.522216796875
3539.5166015625
3539.5166015625
3539.5166015625
3559.51123046875
3559.51123046875
3579.505615234375
3559.51123046875
3579.505615234375
3559.51123046875
3579.505615234375
3579.505615234375
3539.5166015625
3559.51123046875
3559.51123046875
3559.51123046875
3559.51123046875
3579.505615234375
3579.505615234375
3539.5166015625
3519.522216796875
3539.5166015625
3579.505615234375
3539.5166015625
3519.522216796875
3579.505615234375
3579.505615234375
3559.51123046875
3519.522216796875
3559.51123046875
3519.522216796875
3579.505615234375
3539.5166015625
3579.505615234375
3559.51123046875
3509.02490234375
3579.505615234375
3509.02490234375
3539.5166015625
3539.5166015625
3539.5166015625
3559.51123046875
3579.505615234375
3579.505615234375
3579.505615234375
3579.505615234375
3559.51123046875
3559.51123046875
3559.51123046875
3559.51123046875
3539.5166015625
3539.5166015625
3539.5166015625
3519.522216796875
3539.5166015625
3519.522216796875
3519.522216796875
3519.522216796875
3519.522216796875
3509.02490234375
3509.02490234375
3509.02490234375
3499.02783203125
3489.030517578125
3519.522216796875
3489.030517578125
3469.0361328125
3489.030517578125
3479.033447265625
3499.02783203125
3459.038818359375
3479.033447265625
3459.038818359375
3469.0361328125
3459.038818359375
3459.038818359375
3489.030517578125
3479.033447265625
3479.033447265625
3479.033447265625
3479.033447265625
3459.038818359375
3449.041748046875
3499.02783203125
3509.02490234375
3499.02783203125
3459.038818359375
3499.02783203125
3509.02490234375
3459.038818359375
-0.5
19.494443893432617
39.488887786865234
-0.5
59.483333587646484
39.488887786865234
49.48611068725586
-0.5
19.494443893432617
59.483333587646484
19.494443893432617
59.483333587646484
39.488887786865234
39.488887786865234
-0.5
19.494443893432617
-0.5
19.494443893432617
-0.5
19.494443893432617
-0.5
-0.5
19.494443893432617
19.494443893432617
39.488887786865234
39.488887786865234
39.488887786865234
79.97777557373047
39.488887786865234
59.483333587646484
59.483333587646484
59.483333587646484
59.483333587646484
69.48055267333984
69.48055267333984
69.48055267333984
79.97777557373047
89.9749984741211
79.97777557373047
89.9749984741211
79.97777557373047
89.9749984741211
109.96944427490234
109.96944427490234
129.96388244628906
109.96944427490234
129.96388244628906
109.96944427490234
129.96388244628906
129.96388244628906
89.9749984741211
99.97222137451172
109.96944427490234
99.97222137451172
109.96944427490234
119.96666717529297
129.96388244628906
89.9749984741211
79.97777557373047
79.97777557373047
129.96388244628906
79.97777557373047
69.48055267333984
129.96388244628906
119.96666717529297
99.97222137451172
79.97777557373047
109.96944427490234
79.97777557373047
129.96388244628906
79.97777557373047
129.96388244628906
109.96944427490234
59.483333587646484
129.96388244628906
59.483333587646484
79.97777557373047
89.9749984741211
79.97777557373047
99.97222137451172
119.96666717529297
119.96666717529297
119.96666717529297
119.96666717529297
109.96944427490234
99.97222137451172
99.97222137451172
99.97222137451172
89.9749984741211
79.97777557373047
89.9749984741211
79.97777557373047
79.97777557373047
69.98055267333984
69.98055267333984
79.97777557373047
69.98055267333984
59.483333587646484
59.483333587646484
49.48611068725586
59.483333587646484
39.488887786865234
69.48055267333984
39.488887786865234
19.494443893432617
39.488887786865234
19.494443893432617
39.488887786865234
-0.5
19.494443893432617
-0.5
19.494443893432617
-0.5
-0.5
39.488887786865234
19.494443893432617
19.494443893432617
19.494443893432617
19.494443893432617
-0.5
-0.5
39.488887786865234
59.483333587646484
39.488887786865234
-0.5
39.488887786865234
59.483333587646484
-0.5
149.9583282470703
169.95277404785156
179.9499969482422
149.9583282470703
199.94444274902344
179.9499969482422
199.94444274902344
149.9583282470703
159.95555114746094
199.94444274902344
159.95555114746094
199.94444274902344
179.9499969482422
179.9499969482422
139.9611053466797
159.95555114746094
139.9611053466797
159.95555114746094
149.9583282470703
159.95555114746094
149.9583282470703
149.9583282470703
169.95277404785156
169.95277404785156
179.9499969482422
179.9499969482422
179.9499969482422
219.9388885498047
179.9499969482422
199.94444274902344
199.94444274902344
199.94444274902344
199.94444274902344
219.9388885498047
219.9388885498047
219.9388885498047
209.94166564941406
229.9361114501953
219.9388885498047
229.9361114501953
229.9361114501953
229.9361114501953
249.93055725097656
249.93055725097656
269.92498779296875
249.93055725097656
269.92498779296875
249.93055725097656
269.92498779296875
269.92498779296875
229.9361114501953
249.93055725097656
249.93055725097656
249.93055725097656
249.93055725097656
269.92498779296875
269.92498779296875
229.9361114501953
219.9388885498047
239.93333435058594
269.92498779296875
229.9361114501953
219.9388885498047
269.92498779296875
269.92498779296875
249.93055725097656
219.9388885498047
249.93055725097656
219.9388885498047
269.92498779296875
239.93333435058594
269.92498779296875
249.93055725097656
199.94444274902344
269.92498779296875
199.94444274902344
229.9361114501953
239.93333435058594
239.93333435058594
249.93055725097656
269.92498779296875
269.92498779296875
269.92498779296875
269.92498779296875
249.93055725097656
249.93055725097656
249.93055725097656
249.93055725097656
239.93333435058594
239.93333435058594
239.93333435058594
219.9388885498047
239.93333435058594
219.9388885498047
219.9388885498047
219.9388885498047
219.9388885498047
199.94444274902344
199.94444274902344
199.94444274902344
199.94444274902344
179.9499969482422
219.9388885498047
179.9499969482422
159.95555114746094
179.9499969482422
159.95555114746094
179.9499969482422
149.9583282470703
159.95555114746094
139.9611053466797
159.95555114746094
149.9583282470703
139.9611053466797
179.9499969482422
159.95555114746094
159.95555114746094
159.95555114746094
159.95555114746094
149.9583282470703
149.9583282470703
179.9499969482422
199.94444274902344
179.9499969482422
149.9583282470703
179.9499969482422
199.94444274902344
139.9611053466797
3159.122314453125
3179.11669921875
3199.111083984375
3159.122314453125
3219.10546875
3199.111083984375
3219.10546875
3159.122314453125
3179.11669921875
3219.211181640625
3178.2333984375
3219.10546875
3199.111083984375
3199.111083984375
3159.122314453125
3179.11669921875
3159.122314453125
3179.11669921875
3158.244384765625
3179.11669921875
3159.122314453125
3159.122314453125
3179.11669921875
3179.11669921875
3199.111083984375
3199.111083984375
3199.111083984375
3239.10009765625
3199.111083984375
3219.10546875
3219.10546875
3219.10546875
3219.10546875
3229.102783203125
3239.10009765625
3229.102783203125
3239.10009765625
3249.09716796875
3239.10009765625
3249.1943359375
3259.094482421875
3249.09716796875
3269.091552734375
3259.094482421875
3289.086181640625
3259.094482421875
3289.086181640625
3269.091552734375
3289.086181640625
3289.086181640625
3249.09716796875
3269.091552734375
3269.091552734375
3259.094482421875
3269.091552734375
3289.086181640625
3289.086181640625
3259.094482421875
3229.102783203125
3259.094482421875
3289.086181640625
3249.09716796875
3229.102783203125
3289.086181640625
3289.086181640625
3269.091552734375
3239.10009765625
3269.091552734375
3239.10009765625
3289.086181640625
3249.09716796875
3289.086181640625
3269.091552734375
3219.10546875
3289.086181640625
3219.10546875
3249.09716796875
3259.094482421875
3259.094482421875
3269.091552734375
3289.086181640625
3289.086181640625
3289.086181640625
3289.086181640625
3269.091552734375
3269.091552734375
3269.091552734375
3259.094482421875
3249.09716796875
3249.09716796875
3249.1943359375
3229.102783203125
3249.09716796875
3229.102783203125
3229.102783203125
3239.10009765625
3239.10009765625
3219.10546875
3219.10546875
3219.10546875
3219.10546875
3199.111083984375
3229.102783203125
3199.111083984375
3179.11669921875
3199.111083984375
3179.11669921875
3199.111083984375
3159.122314453125
3179.11669921875
3159.122314453125
3179.11669921875
3159.122314453125
3159.122314453125
3199.111083984375
3179.11669921875
3179.11669921875
3179.11669921875
3179.11669921875
3159.122314453125
3159.122314453125
3199.111083984375
3219.10546875
3199.111083984375
3159.122314453125
3199.111083984375
3219.10546875
3158.244384765625
3009.163818359375
3029.158447265625
3049.15283203125
3008.327880859375
3069.147216796875
3049.15283203125
3069.147216796875
3009.163818359375
3029.158447265625
3069.147216796875
3029.158447265625
3069.147216796875
3049.15283203125
3049.15283203125
3009.163818359375
3029.158447265625
3009.163818359375
3029.158447265625
3009.163818359375
3028.316650390625
3009.163818359375
3009.163818359375
3029.158447265625
3029.158447265625
3049.15283203125
3049.15283203125
3049.15283203125
3089.1416015625
3049.15283203125
3069.147216796875
3069.147216796875
3069.147216796875
3069.147216796875
3089.1416015625
3089.1416015625
3089.1416015625
3089.1416015625
3108.272216796875
3089.1416015625
3109.13623046875
3098.27783203125
3109.13623046875
3119.13330078125
3129.130615234375
3139.127685546875
3129.130615234375
3139.127685546875
3119.13330078125
3139.127685546875
3139.127685546875
3109.13623046875
3119.13330078125
3119.13330078125
3119.13330078125
3119.13330078125
3139.127685546875
3129.130615234375
3109.13623046875
3089.1416015625
3099.138916015625
3139.127685546875
3099.138916015625
3089.1416015625
3139.127685546875
3139.127685546875
3119.13330078125
3089.1416015625
3119.13330078125
3089.1416015625
3139.127685546875
3109.13623046875
3139.127685546875
3119.13330078125
3069.147216796875
3139.127685546875
3069.147216796875
3109.13623046875
3099.138916015625
3099.138916015625
3119.13330078125
3139.127685546875
3139.127685546875
3139.127685546875
3139.127685546875
3119.13330078125
3119.13330078125
3119.2666015625
3119.13330078125
3099.138916015625
3099.138916015625
3099.138916015625
3089.1416015625
3099.138916015625
3089.1416015625
3087.425048828125
3089.1416015625
3089.1416015625
3069.147216796875
3068.29443359375
3069.147216796875
3069.29443359375
3049.15283203125
3089.1416015625
3049.15283203125
3029.158447265625
3049.15283203125
3029.158447265625
3049.15283203125
3009.163818359375
3029.158447265625
2999.166748046875
3029.316650390625
3009.327880859375
2999.166748046875
3049.15283203125
3029.158447265625
3029.158447265625
3029.158447265625
3029.158447265625
3009.327880859375
3009.163818359375
3049.15283203125
3069.147216796875
3049.15283203125
3009.163818359375
3049.15283203125
3069.147216796875
3009.163818359375
2849.208251953125
2879.199951171875
2899.1943359375
2849.208251953125
2919.18896484375
2899.1943359375
2919.18896484375
2849.208251953125
2879.199951171875
2909.191650390625
2869.202880859375
2919.18896484375
2899.1943359375
2899.1943359375
2859.20556640625
2869.202880859375
2849.208251953125
2878.60009765625
2859.20556640625
2879.199951171875
2849.208251953125
2859.20556640625
2878.39990234375
2879.199951171875
2899.1943359375
2899.1943359375
2899.1943359375
2929.18603515625
2899.1943359375
2919.18896484375
2918.566650390625
2919.18896484375
2919.18896484375
2938.36669921875
2929.18603515625
2929.18603515625
2939.183349609375
2948.361083984375
2929.18603515625
2949.1806640625
2948.361083984375
2949.1806640625
2969.175048828125
2969.175048828125
2989.16943359375
2968.35009765625
2989.16943359375
2969.175048828125
2989.16943359375
2989.16943359375
2949.1806640625
2969.175048828125
2969.175048828125
2969.175048828125
2969.35009765625
2989.16943359375
2988.3388671875
2949.1806640625
2929.18603515625
2949.1806640625
2989.16943359375
2949.1806640625
2929.18603515625
2988.3388671875
2989.16943359375
2969.175048828125
2929.18603515625
2969.175048828125
2929.18603515625
2989.16943359375
2949.1806640625
2989.16943359375
2969.175048828125
2919.18896484375
2989.16943359375
2918.377685546875
2949.1806640625
2949.1806640625
2949.1806640625
2969.175048828125
2989.3388671875
2989.16943359375
2989.16943359375
2989.16943359375
2969.175048828125
2969.175048828125
2969.175048828125
2969.175048828125
2949.361083984375
2949.361083984375
2949.361083984375
2929.18603515625
2949.1806640625
2929.18603515625
2929.18603515625
2929.18603515625
2929.372314453125
2917.566650390625
2919.18896484375
2919.18896484375
2919.18896484375
2889.197265625
2929.18603515625
2899.1943359375
2869.202880859375
2899.1943359375
2879.199951171875
2899.1943359375
2857.61669921875
2879.199951171875
2848.625
2878.39990234375
2859.20556640625
2849.208251953125
2889.39453125
2869.202880859375
2879.60009765625
2879.199951171875
2878.39990234375
2849.416748046875
2859.20556640625
2898.388916015625
2919.18896484375
2899.1943359375
2849.208251953125
2899.1943359375
2919.18896484375
2859.4111328125
2749.47216796875
2768.461181640625
2779.227783203125
2739.23876953125
2779.227783203125
2778.45556640625
2778.45556640625
2749.47216796875
2769.23046875
2779.227783203125
2769.23046875
2778.683349609375
2779.227783203125
2769.461181640625
2739.23876953125
2769.23046875
2738.716552734375
2769.461181640625
2749.236083984375
2768.461181640625
2748.47216796875
2749.236083984375
2769.461181640625
2769.23046875
2779.227783203125
2779.227783203125
2779.227783203125
2798.4443359375
2779.227783203125
2779.227783203125
2779.45556640625
2779.227783203125
2779.227783203125
2789.22509765625
2788.449951171875
2789.449951171875
2789.22509765625
2799.22216796875
2789.22509765625
2799.22216796875
2799.22216796875
2799.22216796875
2819.216552734375
2819.433349609375
2829.2138671875
2819.216552734375
2838.422119140625
2819.216552734375
2829.2138671875
2829.2138671875
2799.22216796875
2818.433349609375
2809.219482421875
2819.64990234375
2819.433349609375
2828.427734375
2829.2138671875
2799.22216796875
2789.22509765625
2799.4443359375
2829.427734375
2808.43896484375
2788.449951171875
2829.2138671875
2839.211181640625
2819.216552734375
2789.22509765625
2809.219482421875
2789.22509765625
2837.63330078125
2799.22216796875
2839.63330078125
2819.216552734375
2779.227783203125
2828.427734375
2779.227783203125
2799.22216796875
2799.22216796875
2799.22216796875
2819.216552734375
2829.2138671875
2829.2138671875
2830.0693359375
2839.211181640625
2819.216552734375
2819.216552734375
2819.433349609375
2818.433349609375
2799.22216796875
2798.4443359375
2799.22216796875
2789.22509765625
2799.4443359375
2789.22509765625
2789.22509765625
2789.22509765625
2789.22509765625
2779.45556640625
2779.227783203125
2779.45556640625
2779.227783203125
2779.45556640625
2789.22509765625
2778.45556640625
2769.23046875
2769.23046875
2769.23046875
2779.227783203125
2746.416748046875
2768.461181640625
2749.236083984375
2769.23046875
2749.236083984375
2749.236083984375
2769.23046875
2769.23046875
2768.461181640625
2769.23046875
2769.461181640625
2749.236083984375
2739.23876953125
2769.461181640625
2779.227783203125
2769.461181640625
2749.47216796875
2769.461181640625
2779.227783203125
2748.47216796875
2749.236083984375
2768.461181640625
2769.23046875
2738.477783203125
2779.227783203125
2779.227783203125
2779.227783203125
2749.236083984375
2769.23046875
2779.227783203125
2769.461181640625
2779.227783203125
2779.45556640625
2769.23046875
2739.23876953125
2769.23046875
2749.236083984375
2759.2333984375
2749.236083984375
2769.23046875
2749.47216796875
2738.477783203125
2769.23046875
2769.23046875
2778.45556640625
2779.45556640625
2777.683349609375
2789.22509765625
2779.227783203125
2779.227783203125
2779.227783203125
2779.683349609375
2779.227783203125
2789.449951171875
2789.449951171875
2788.449951171875
2788.89990234375
2799.22216796875
2789.449951171875
2798.4443359375
2799.22216796875
2799.22216796875
2819.216552734375
2818.433349609375
2829.2138671875
2809.219482421875
2829.427734375
2819.216552734375
2839.211181640625
2829.2138671875
2799.22216796875
2819.216552734375
2819.216552734375
2819.216552734375
2818.433349609375
2829.2138671875
2828.427734375
2808.43896484375
2788.449951171875
2799.4443359375
2839.211181640625
2798.4443359375
2789.22509765625
2828.427734375
2828.427734375
2819.216552734375
2789.675048828125
2819.216552734375
2789.22509765625
2828.427734375
2799.22216796875
2829.2138671875
2819.216552734375
2778.45556640625
2829.6416015625
2779.45556640625
2799.22216796875
2799.4443359375
2799.666748046875
2809.219482421875
2829.2138671875
2829.2138671875
2828.427734375
2829.2138671875
2819.216552734375
2819.216552734375
2819.216552734375
2819.216552734375
2799.22216796875
2798.4443359375
2799.22216796875
2789.22509765625
2799.22216796875
2789.22509765625
2789.449951171875
2789.22509765625
2789.22509765625
2778.683349609375
2779.227783203125
2779.683349609375
2779.227783203125
2768.461181640625
2789.22509765625
2769.23046875
2769.23046875
2769.23046875
2769.23046875
2769.23046875
2749.236083984375
2769.23046875
2749.236083984375
2769.23046875
2738.477783203125
2737.95556640625
2779.227783203125
2768.461181640625
2769.23046875
2769.23046875
2768.461181640625
2748.47216796875
2749.47216796875
2769.461181640625
2779.227783203125
2769.23046875
2749.236083984375
2769.23046875
2779.227783203125
2749.236083984375
2859.20556640625
2876.800048828125
2879.199951171875
2859.4111328125
2909.574951171875
2899.1943359375
2919.18896484375
2859.20556640625
2879.199951171875
2909.191650390625
2869.202880859375
2909.191650390625
2899.388916015625
2899.1943359375
2859.20556640625
2879.199951171875
2859.20556640625
2868.405517578125
2858.4111328125
2869.202880859375
2849.208251953125
2859.20556640625
2869.405517578125
2869.202880859375
2899.1943359375
2899.1943359375
2899.1943359375
2929.18603515625
2899.1943359375
2919.18896484375
2919.18896484375
2909.191650390625
2909.191650390625
2929.18603515625
2929.18603515625
2929.18603515625
2929.18603515625
2949.541748046875
2929.18603515625
2949.1806640625
2949.1806640625
2949.1806640625
2969.175048828125
2967.52490234375
2989.16943359375
2969.35009765625
2988.3388671875
2969.175048828125
2989.16943359375
2989.16943359375
2949.361083984375
2968.35009765625
2969.175048828125
2969.35009765625
2969.175048828125
2988.677734375
2988.50830078125
2949.1806640625
2929.372314453125
2948.361083984375
2988.3388671875
2949.1806640625
2929.18603515625
2989.16943359375
2989.16943359375
2969.175048828125
2929.18603515625
2969.52490234375
2929.18603515625
2988.50830078125
2949.541748046875
2979.172119140625
2969.175048828125
2909.38330078125
2989.16943359375
2917.566650390625
2949.1806640625
2949.361083984375
2949.1806640625
2969.175048828125
2988.50830078125
2988.3388671875
2988.3388671875
2989.16943359375
2969.175048828125
2969.175048828125
2969.35009765625
2969.35009765625
2949.1806640625
2949.1806640625
2949.1806640625
2929.18603515625
2949.1806640625
2929.18603515625
2929.18603515625
2928.372314453125
2929.372314453125
2908.574951171875
2909.38330078125
2909.38330078125
2909.574951171875
2899.1943359375
2929.18603515625
2899.1943359375
2879.199951171875
2899.1943359375
2879.199951171875
2889.197265625
2848.416748046875
2877.800048828125
2859.20556640625
2878.39990234375
2847.625
2849.208251953125
2899.1943359375
2868.405517578125
2878.39990234375
2879.39990234375
2879.199951171875
2857.61669921875
2849.208251953125
2888.39453125
2909.191650390625
2899.1943359375
2859.20556640625
2898.388916015625
2919.377685546875
2849.208251953125
3009.327880859375
3029.158447265625
3049.15283203125
3009.163818359375
3069.147216796875
3049.15283203125
3069.147216796875
3009.327880859375
3029.158447265625
3059.14990234375
3029.158447265625
3069.147216796875
3049.15283203125
3048.3056640625
3009.163818359375
3029.158447265625
3009.163818359375
3029.158447265625
3009.163818359375
3028.316650390625
2999.166748046875
3009.163818359375
3029.158447265625
3029.158447265625
3049.15283203125
3049.15283203125
3048.3056640625
3088.425048828125
3049.15283203125
3069.147216796875
3069.147216796875
3069.147216796875
3069.147216796875
3079.14453125
3089.1416015625
3079.14453125
3089.1416015625
3099.138916015625
3089.1416015625
3099.27783203125
3099.138916015625
3099.138916015625
3119.13330078125
3119.13330078125
3139.127685546875
3119.13330078125
3139.127685546875
3119.13330078125
3139.127685546875
3139.127685546875
3099.138916015625
3119.13330078125
3119.13330078125
3119.13330078125
3119.13330078125
3139.127685546875
3139.127685546875
3099.138916015625
3079.14453125
3099.138916015625
3139.127685546875
3099.138916015625
3079.14453125
3139.127685546875
3139.127685546875
3119.13330078125
3088.283447265625
3119.13330078125
3089.1416015625
3139.127685546875
3099.138916015625
3139.127685546875
3119.13330078125
3069.147216796875
3139.127685546875
3069.147216796875
3098.27783203125
3099.138916015625
3099.27783203125
3119.13330078125
3139.127685546875
3138.255615234375
3139.127685546875
3139.127685546875
3119.13330078125
3119.13330078125
3119.13330078125
3118.2666015625
3099.138916015625
3099.138916015625
3099.138916015625
3079.14453125
3099.27783203125
3079.14453125
3079.14453125
3089.1416015625
3079.14453125
3069.147216796875
3069.147216796875
3069.147216796875
3069.147216796875
3049.15283203125
3089.1416015625
3049.15283203125
3029.158447265625
3049.15283203125
3029.316650390625
3049.15283203125
3009.163818359375
3028.316650390625
3009.163818359375
3029.158447265625
3009.163818359375
2998.333251953125
3049.3056640625
3029.158447265625
3029.316650390625
3029.158447265625
3029.158447265625
3009.163818359375
3009.163818359375
3048.3056640625
3069.147216796875
3049.15283203125
3009.163818359375
3049.15283203125
3069.29443359375
3009.163818359375
3159.122314453125
3179.11669921875
3198.22216796875
3159.122314453125
3219.10546875
3199.111083984375
3219.10546875
3158.36669921875
3179.11669921875
3219.10546875
3179.11669921875
3219.10546875
3199.111083984375
3199.111083984375
3159.122314453125
3179.11669921875
3159.122314453125
3179.11669921875
3159.122314453125
3179.11669921875
3159.122314453125
3159.122314453125
3179.11669921875
3179.11669921875
3199.111083984375
3199.111083984375
3199.111083984375
3238.199951171875
3199.111083984375
3219.211181640625
3209.1083984375
3219.10546875
3219.10546875
3239.10009765625
3239.10009765625
3229.102783203125
3239.10009765625
3259.094482421875
3239.10009765625
3249.09716796875
3259.094482421875
3249.09716796875
3269.091552734375
3269.091552734375
3289.086181640625
3259.094482421875
3289.086181640625
3259.094482421875
3279.0888671875
3289.086181640625
3259.094482421875
3269.091552734375
3259.094482421875
3259.094482421875
3259.094482421875
3289.086181640625
3289.086181640625
3259.094482421875
3239.10009765625
3259.094482421875
3279.0888671875
3249.1943359375
3238.199951171875
3289.086181640625
3279.0888671875
3269.091552734375
3239.10009765625
3259.094482421875
3239.10009765625
3279.0888671875
3259.094482421875
3279.0888671875
3267.27490234375
3219.10546875
3289.086181640625
3219.10546875
3249.09716796875
3249.09716796875
3259.094482421875
3259.094482421875
3279.0888671875
3279.0888671875
3279.0888671875
3279.177734375
3269.091552734375
3259.094482421875
3259.094482421875
3259.094482421875
3259.094482421875
3259.094482421875
3259.094482421875
3239.10009765625
3259.094482421875
3239.10009765625
3239.10009765625
3239.10009765625
3239.10009765625
3219.10546875
3219.10546875
3219.10546875
3219.10546875
3199.111083984375
3239.10009765625
3199.111083984375
3179.11669921875
3199.333251953125
3179.11669921875
3199.111083984375
3159.122314453125
3179.11669921875
3159.122314453125
3179.11669921875
3159.122314453125
3159.122314453125
3199.111083984375
3179.11669921875
3179.11669921875
3179.11669921875
3179.11669921875
3159.48876953125
3159.122314453125
3198.22216796875
3219.10546875
3199.22216796875
3159.122314453125
3199.111083984375
3219.10546875
3159.122314453125
2049.4306640625
2069.425048828125
2089.41943359375
2049.4306640625
2099.416748046875
2079.422119140625
2099.416748046875
2049.4306640625
2069.425048828125
2099.416748046875
2069.425048828125
2099.416748046875
2089.41943359375
2089.41943359375
2049.4306640625
2069.425048828125
2049.4306640625
2079.422119140625
2049.4306640625
2069.425048828125
2049.4306640625
2049.4306640625
2079.422119140625
2069.425048828125
2089.41943359375
2089.41943359375
2089.41943359375
2119.4111328125
2089.41943359375
2099.416748046875
2109.413818359375
2099.416748046875
2109.413818359375
2119.4111328125
2119.4111328125
2119.4111328125
2119.4111328125
2139.405517578125
2129.408447265625
2139.405517578125
2139.405517578125
2139.405517578125
2159.39990234375
2159.39990234375
2179.39453125
2159.39990234375
2179.39453125
2159.39990234375
2179.39453125
2179.39453125
2139.405517578125
2159.39990234375
2159.39990234375
2159.39990234375
2159.39990234375
2179.39453125
2179.39453125
2139.405517578125
2119.4111328125
2139.405517578125
2179.39453125
2139.405517578125
2119.4111328125
2179.39453125
2179.39453125
2159.39990234375
2119.4111328125
2159.39990234375
2119.4111328125
2179.39453125
2139.405517578125
2179.39453125
2159.39990234375
2099.416748046875
2179.39453125
2099.416748046875
2139.405517578125
2139.405517578125
2139.405517578125
2159.39990234375
2169.397216796875
2179.39453125
2179.39453125
2179.39453125
2159.39990234375
2159.39990234375
2159.39990234375
2159.39990234375
2139.405517578125
2139.405517578125
2139.405517578125
2119.4111328125
2139.405517578125
2119.4111328125
2119.4111328125
2119.4111328125
2119.4111328125
2109.413818359375
2099.416748046875
2109.413818359375
2109.413818359375
2079.422119140625
2119.4111328125
2089.41943359375
2069.425048828125
2089.41943359375
2069.425048828125
2089.41943359375
2049.4306640625
2069.425048828125
2049.4306640625
2069.425048828125
2049.4306640625
2049.4306640625
2089.41943359375
2069.425048828125
2069.425048828125
2069.425048828125
2069.425048828125
2049.4306640625
2049.4306640625
2079.422119140625
2099.416748046875
2089.41943359375
2049.4306640625
2079.422119140625
2099.416748046875
2049.4306640625
2199.388916015625
2219.38330078125
2229.380615234375
2199.388916015625
2249.375
2229.380615234375
2249.375
2209.38623046875
2219.38330078125
2249.375
2219.38330078125
2249.375
2239.377685546875
2239.377685546875
2209.38623046875
2219.38330078125
2199.388916015625
2219.38330078125
2199.388916015625
2219.38330078125
2199.388916015625
2199.388916015625
2219.38330078125
2219.38330078125
2239.377685546875
2239.377685546875
2239.377685546875
2269.369384765625
2239.377685546875
2249.375
2249.375
2249.375
2249.375
2269.369384765625
2269.369384765625
2269.369384765625
2269.369384765625
2289.36376953125
2269.369384765625
2289.36376953125
2289.36376953125
2289.36376953125
2309.3583984375
2309.3583984375
2329.352783203125
2309.3583984375
2329.352783203125
2309.3583984375
2329.352783203125
2329.352783203125
2289.36376953125
2309.3583984375
2309.3583984375
2309.3583984375
2309.3583984375
2329.352783203125
2329.352783203125
2289.36376953125
2269.369384765625
2289.36376953125
2329.352783203125
2289.36376953125
2269.369384765625
2329.352783203125
2329.352783203125
2309.3583984375
2269.369384765625
2309.3583984375
2269.369384765625
2329.352783203125
2289.36376953125
2329.352783203125
2309.3583984375
2249.375
2329.352783203125
2249.375
2289.36376953125
2289.36376953125
2289.36376953125
2309.3583984375
2329.352783203125
2329.352783203125
2329.352783203125
2329.352783203125
2309.3583984375
2309.3583984375
2309.3583984375
2309.3583984375
2289.36376953125
2289.36376953125
2289.36376953125
2269.369384765625
2289.36376953125
2269.369384765625
2269.369384765625
2269.369384765625
2269.369384765625
2249.375
2249.375
2249.375
2249.375
2229.380615234375
2269.369384765625
2229.380615234375
2209.38623046875
2229.380615234375
2219.38330078125
2229.380615234375
2199.388916015625
2219.38330078125
2209.38623046875
2219.38330078125
2199.388916015625
2199.388916015625
2239.377685546875
2219.38330078125
2219.38330078125
2219.38330078125
2219.38330078125
2199.388916015625
2199.388916015625
2229.380615234375
2249.375
2229.380615234375
2199.388916015625
2229.380615234375
2249.375
2199.388916015625
2349.34716796875
2369.341552734375
2389.336181640625
2349.34716796875
2399.333251953125
2389.336181640625
2409.33056640625
2349.34716796875
2369.341552734375
2399.333251953125
2369.341552734375
2399.333251953125
2389.336181640625
2389.336181640625
2349.34716796875
2369.341552734375
2349.34716796875
2369.341552734375
2349.34716796875
2369.341552734375
2349.34716796875
2349.34716796875
2369.341552734375
2369.341552734375
2389.336181640625
2389.336181640625
2389.336181640625
2419.327880859375
2389.336181640625
2409.33056640625
2409.33056640625
2409.33056640625
2409.33056640625
2419.327880859375
2419.327880859375
2419.327880859375
2419.327880859375
2439.322265625
2419.327880859375
2439.322265625
2439.322265625
2439.322265625
2459.316650390625
2459.316650390625
2479.31103515625
2469.31396484375
2479.31103515625
2459.316650390625
2479.31103515625
2479.31103515625
2439.322265625
2459.316650390625
2459.316650390625
2459.316650390625
2459.316650390625
2479.31103515625
2479.31103515625
2439.322265625
2419.327880859375
2439.322265625
2479.31103515625
2439.322265625
2419.327880859375
2479.31103515625
2489.308349609375
2459.316650390625
2419.327880859375
2459.316650390625
2419.327880859375
2479.31103515625
2439.322265625
2479.31103515625
2459.316650390625
2399.333251953125
2479.31103515625
2399.333251953125
2439.322265625
2439.322265625
2439.322265625
2469.31396484375
2479.31103515625
2479.31103515625
2489.308349609375
2479.31103515625
2469.31396484375
2459.316650390625
2459.316650390625
2459.316650390625
2439.322265625
2439.322265625
2439.322265625
2419.327880859375
2439.322265625
2419.327880859375
2419.327880859375
2419.327880859375
2419.327880859375
2409.33056640625
2399.333251953125
2399.333251953125
2399.333251953125
2379.3388671875
2419.327880859375
2389.336181640625
2369.341552734375
2389.336181640625
2369.341552734375
2389.336181640625
2349.34716796875
2369.341552734375
2349.34716796875
2369.341552734375
2349.34716796875
2349.34716796875
2389.336181640625
2369.341552734375
2369.341552734375
2369.341552734375
2369.341552734375
2349.34716796875
2349.34716796875
2389.336181640625
2399.333251953125
2389.336181640625
2349.34716796875
2389.336181640625
2399.333251953125
2349.34716796875
2519.300048828125
2529.297119140625
2549.291748046875
2509.302734375
2569.2861328125
2549.291748046875
2569.2861328125
2509.302734375
2529.297119140625
2569.2861328125
2529.297119140625
2569.2861328125
2549.291748046875
2549.291748046875
2509.302734375
2529.297119140625
2509.302734375
2529.297119140625
2509.302734375
2529.297119140625
2509.302734375
2519.300048828125
2529.297119140625
2529.297119140625
2549.291748046875
2549.291748046875
2549.291748046875
2579.283447265625
2549.291748046875
2569.2861328125
2569.2861328125
2569.2861328125
2569.2861328125
2579.283447265625
2579.283447265625
2579.283447265625
2579.283447265625
2589.280517578125
2579.283447265625
2589.280517578125
2589.280517578125
2589.280517578125
2599.27783203125
2599.27783203125
2609.27490234375
2599.27783203125
2609.27490234375
2589.280517578125
2609.27490234375
2609.27490234375
2589.280517578125
2599.27783203125
2589.280517578125
2589.280517578125
2599.27783203125
2609.27490234375
2609.27490234375
2589.280517578125
2579.283447265625
2589.280517578125
2619.272216796875
2589.280517578125
2579.283447265625
2609.27490234375
2609.27490234375
2589.280517578125
2579.283447265625
2589.280517578125
2579.283447265625
2609.27490234375
2589.280517578125
2609.27490234375
2589.280517578125
2569.2861328125
2609.27490234375
2569.2861328125
2579.283447265625
2589.280517578125
2589.280517578125
2589.280517578125
2609.27490234375
2609.27490234375
2609.27490234375
2609.27490234375
2589.280517578125
2589.280517578125
2589.280517578125
2589.280517578125
2579.283447265625
2579.283447265625
2579.283447265625
2579.283447265625
2589.280517578125
2579.283447265625
2579.283447265625
2579.283447265625
2579.283447265625
2569.2861328125
2569.2861328125
2569.2861328125
2569.2861328125
1.0
2579.283447265625
2549.291748046875
2529.297119140625
2549.291748046875
2529.297119140625
2549.291748046875
2509.302734375
2529.297119140625
2509.302734375
2529.297119140625
2509.302734375
2509.302734375
2549.291748046875
2529.297119140625
2529.297119140625
2529.297119140625
2529.297119140625
2503.0556640625
2509.302734375
2549.291748046875
2569.2861328125
2549.291748046875
2509.302734375
2549.291748046875
2569.2861328125
2509.302734375
2499.3056640625
2529.297119140625
2549.291748046875
2509.302734375
2569.2861328125
2549.291748046875
2569.2861328125
2509.302734375
2529.297119140625
2559.288818359375
2529.297119140625
2569.2861328125
2549.291748046875
2539.29443359375
2509.302734375
2519.300048828125
2509.302734375
2519.300048828125
2509.302734375
2529.297119140625
2509.302734375
2509.302734375
2529.297119140625
2529.297119140625
2549.291748046875
2549.291748046875
2549.291748046875
2569.2861328125
2549.291748046875
2569.2861328125
2569.2861328125
2569.2861328125
2569.2861328125
2579.283447265625
2569.2861328125
2569.2861328125
2569.2861328125
2579.283447265625
2579.283447265625
2579.283447265625
2579.283447265625
2579.283447265625
2589.280517578125
2589.280517578125
2609.27490234375
2589.280517578125
2619.272216796875
2589.280517578125
2609.27490234375
2609.27490234375
2579.283447265625
2589.280517578125
2589.280517578125
2589.280517578125
2589.280517578125
2609.27490234375
2619.272216796875
2579.283447265625
2569.2861328125
2579.283447265625
2609.27490234375
2579.283447265625
2569.2861328125
2609.27490234375
2609.27490234375
2589.280517578125
2569.2861328125
2589.280517578125
2569.2861328125
2609.27490234375
2579.283447265625
2599.27783203125
2589.280517578125
2559.288818359375
2609.27490234375
2559.288818359375
2579.283447265625
2579.283447265625
2579.283447265625
2589.280517578125
2609.27490234375
2609.27490234375
2609.27490234375
2609.27490234375
2589.280517578125
2589.280517578125
2589.280517578125
2589.280517578125
2579.283447265625
2579.283447265625
2579.283447265625
2569.2861328125
2579.283447265625
2569.2861328125
2569.2861328125
2569.2861328125
2569.2861328125
2559.288818359375
2559.288818359375
2559.288818359375
2559.288818359375
2549.291748046875
2569.2861328125
2549.291748046875
2529.297119140625
2549.291748046875
2529.297119140625
2549.291748046875
2499.3056640625
2529.297119140625
2509.302734375
2519.300048828125
2499.3056640625
2499.3056640625
2549.291748046875
2529.297119140625
2529.297119140625
2529.297119140625
2519.300048828125
2499.3056640625
2509.302734375
2549.291748046875
2559.288818359375
2549.291748046875
2509.302734375
2539.29443359375
2559.288818359375
2509.302734375
2349.34716796875
2369.341552734375
2389.336181640625
2349.34716796875
2399.333251953125
2379.3388671875
2399.333251953125
2349.34716796875
2369.341552734375
2399.333251953125
2369.341552734375
2399.333251953125
2389.336181640625
2379.3388671875
2349.34716796875
2369.341552734375
2349.34716796875
2369.341552734375
2349.34716796875
2369.341552734375
2359.344482421875
2349.34716796875
2369.341552734375
2369.341552734375
2389.336181640625
2389.336181640625
2389.336181640625
2419.327880859375
2389.336181640625
2399.333251953125
2399.333251953125
2399.333251953125
2399.333251953125
2419.327880859375
2419.327880859375
2419.327880859375
2419.327880859375
2449.3193359375
2419.327880859375
2439.322265625
2439.322265625
2439.322265625
2459.316650390625
2459.316650390625
2479.31103515625
2469.31396484375
2479.31103515625
2459.316650390625
2479.31103515625
2479.31103515625
2439.322265625
2459.316650390625
2459.316650390625
2469.31396484375
2459.316650390625
2479.31103515625
2479.31103515625
2439.322265625
2419.327880859375
2439.322265625
2479.31103515625
2449.3193359375
2419.327880859375
2479.31103515625
2479.31103515625
2459.316650390625
2419.327880859375
2469.31396484375
2419.327880859375
2479.31103515625
2439.322265625
2479.31103515625
2459.316650390625
2399.333251953125
2479.31103515625
2399.333251953125
2439.322265625
2449.3193359375
2439.322265625
2459.316650390625
2479.31103515625
2479.31103515625
2479.31103515625
2479.31103515625
2459.316650390625
2459.316650390625
2459.316650390625
2459.316650390625
2439.322265625
2449.3193359375
2439.322265625
2419.327880859375
2439.322265625
2419.327880859375
2419.327880859375
2419.327880859375
2419.327880859375
2399.333251953125
2399.333251953125
2399.333251953125
2399.333251953125
2379.3388671875
2419.327880859375
2379.3388671875
2369.341552734375
2379.3388671875
2369.341552734375
2379.3388671875
2349.34716796875
2369.341552734375
2349.34716796875
2369.341552734375
2349.34716796875
2349.34716796875
2389.336181640625
2369.341552734375
2369.341552734375
2369.341552734375
2369.341552734375
2349.34716796875
2349.34716796875
2379.3388671875
2399.333251953125
2379.3388671875
2349.34716796875
2379.3388671875
2399.333251953125
2349.34716796875
2189.3916015625
2209.38623046875
2229.380615234375
2189.3916015625
0.0
2229.380615234375
0.0
2199.388916015625
2209.38623046875
2249.375
2209.38623046875
2249.375
2229.380615234375
2229.380615234375
2189.3916015625
2209.38623046875
2209.38623046875
2209.38623046875
2199.388916015625
2219.38330078125
2209.38623046875
2199.388916015625
2219.38330078125
2219.38330078125
2229.380615234375
2229.380615234375
2229.380615234375
0.0
2229.380615234375
2249.375
2249.375
2249.375
2249.375
2269.369384765625
2269.369384765625
2269.369384765625
2269.369384765625
2289.36376953125
2269.369384765625
2289.36376953125
2289.36376953125
2289.36376953125
2309.3583984375
2309.3583984375
2329.352783203125
2309.3583984375
2329.352783203125
2309.3583984375
2329.352783203125
2329.352783203125
2289.36376953125
2309.3583984375
2309.3583984375
2309.3583984375
2309.3583984375
2329.352783203125
2329.352783203125
2289.36376953125
2269.369384765625
2289.36376953125
2329.352783203125
2289.36376953125
2269.369384765625
2329.352783203125
2329.352783203125
2309.3583984375
2269.369384765625
2309.3583984375
2269.369384765625
2329.352783203125
2289.36376953125
2329.352783203125
2309.3583984375
2249.375
2329.352783203125
2249.375
2289.36376953125
2289.36376953125
2289.36376953125
2309.3583984375
2329.352783203125
2329.352783203125
2329.352783203125
2329.352783203125
2309.3583984375
2309.3583984375
2309.3583984375
2309.3583984375
2289.36376953125
2289.36376953125
2289.36376953125
2269.369384765625
2289.36376953125
2269.369384765625
2269.369384765625
2269.369384765625
2269.369384765625
2249.375
2249.375
2249.375
2249.375
2229.380615234375
2269.369384765625
2229.380615234375
2209.38623046875
2229.380615234375
2209.38623046875
2229.380615234375
2189.3916015625
2209.38623046875
2189.3916015625
2219.38330078125
2189.3916015625
2189.3916015625
2229.380615234375
2209.38623046875
2209.38623046875
2209.38623046875
2209.38623046875
2189.3916015625
2199.388916015625
2229.380615234375
2249.375
2229.380615234375
2199.388916015625
2229.380615234375
2249.375
2189.3916015625
2049.4306640625
2069.425048828125
2089.41943359375
2049.4306640625
2099.416748046875
2089.41943359375
2099.416748046875
2049.4306640625
2069.425048828125
2099.416748046875
2069.425048828125
2099.416748046875
2079.422119140625
2089.41943359375
2049.4306640625
2069.425048828125
2049.4306640625
2069.425048828125
2049.4306640625
2069.425048828125
2049.4306640625
2049.4306640625
2069.425048828125
2069.425048828125
2089.41943359375
2089.41943359375
2089.41943359375
2119.4111328125
2089.41943359375
2099.416748046875
2109.413818359375
2099.416748046875
2099.416748046875
2119.4111328125
2119.4111328125
2119.4111328125
2119.4111328125
2139.405517578125
2119.4111328125
2139.405517578125
2139.405517578125
2139.405517578125
2159.39990234375
2149.40283203125
2179.39453125
2159.39990234375
2179.39453125
2149.40283203125
2179.39453125
2179.39453125
2139.405517578125
2149.40283203125
2149.40283203125
2149.40283203125
2159.39990234375
2169.397216796875
2179.39453125
2139.405517578125
2129.408447265625
2139.405517578125
2179.39453125
2139.405517578125
2119.4111328125
2169.397216796875
2169.397216796875
2149.40283203125
2119.4111328125
2149.40283203125
2129.408447265625
2179.39453125
2149.40283203125
2179.39453125
2169.397216796875
2099.416748046875
2169.397216796875
2109.413818359375
2129.408447265625
2139.405517578125
2139.405517578125
2159.39990234375
2179.39453125
2169.397216796875
2179.39453125
2169.397216796875
2159.39990234375
2159.39990234375
2159.39990234375
2149.40283203125
2139.405517578125
2139.405517578125
2139.405517578125
2119.4111328125
2149.40283203125
2119.4111328125
2119.4111328125
2119.4111328125
2119.4111328125
2109.413818359375
2099.416748046875
2109.413818359375
2099.416748046875
2089.41943359375
2119.4111328125
2089.41943359375
2069.425048828125
2089.41943359375
2069.425048828125
2089.41943359375
2049.4306640625
2069.425048828125
2049.4306640625
2069.425048828125
2049.4306640625
2049.4306640625
2089.41943359375
2069.425048828125
2069.425048828125
2069.425048828125
2069.425048828125
2049.4306640625
2049.4306640625
2089.41943359375
2099.416748046875
2089.41943359375
2049.4306640625
2089.41943359375
2109.413818359375
2049.4306640625
1469.5916748046875
1489.5860595703125
1499.5833740234375
1469.5916748046875
1519.5777587890625
1499.5833740234375
1519.5777587890625
1459.594482421875
1489.5860595703125
1519.5777587890625
1479.5888671875
1519.5777587890625
1499.5833740234375
1509.58056640625
1469.5916748046875
1479.5888671875
1469.5916748046875
1489.5860595703125
1469.5916748046875
1479.5888671875
1469.5916748046875
1459.594482421875
1479.5888671875
1489.5860595703125
1499.5833740234375
1509.58056640625
1509.58056640625
1529.574951171875
1509.58056640625
1519.5777587890625
1509.58056640625
1529.574951171875
1519.5777587890625
1539.572265625
1529.574951171875
1529.574951171875
1529.574951171875
1549.5694580078125
1539.572265625
1549.5694580078125
1549.5694580078125
1549.5694580078125
1569.5638427734375
1569.5638427734375
1589.558349609375
1569.5638427734375
1599.5555419921875
1569.5638427734375
1589.558349609375
1589.558349609375
1549.5694580078125
1569.5638427734375
1569.5638427734375
1569.5638427734375
1569.5638427734375
1589.558349609375
1589.558349609375
1549.5694580078125
1529.574951171875
1549.5694580078125
1589.558349609375
1549.5694580078125
1529.574951171875
1589.558349609375
1589.558349609375
1569.5638427734375
1529.574951171875
1569.5638427734375
1529.574951171875
1589.558349609375
1549.5694580078125
1589.558349609375
1569.5638427734375
1519.5777587890625
1589.558349609375
1509.58056640625
1549.5694580078125
1549.5694580078125
1549.5694580078125
1569.5638427734375
1589.558349609375
1589.558349609375
1589.558349609375
1589.558349609375
1569.5638427734375
1569.5638427734375
1569.5638427734375
1569.5638427734375
1549.5694580078125
1549.5694580078125
1549.5694580078125
1539.572265625
1549.5694580078125
1529.574951171875
1529.574951171875
1529.574951171875
1529.574951171875
1519.5777587890625
1519.5777587890625
1529.574951171875
1519.5777587890625
1499.5833740234375
1529.574951171875
1509.58056640625
1479.5888671875
1499.5833740234375
1479.5888671875
1509.58056640625
1459.594482421875
1479.5888671875
1469.5916748046875
1479.5888671875
1469.5916748046875
1469.5916748046875
1509.58056640625
1479.5888671875
1479.5888671875
1489.5860595703125
1479.5888671875
1459.594482421875
1459.594482421875
1509.58056640625
1529.574951171875
1499.5833740234375
1469.5916748046875
1509.58056640625
1519.5777587890625
1469.5916748046875
1609.552734375
1629.5472412109375
1649.5416259765625
1609.552734375
1669.5361328125
1649.5416259765625
1669.5361328125
1609.552734375
1629.5472412109375
1669.5361328125
1629.5472412109375
1669.5361328125
1649.5416259765625
1649.5416259765625
1609.552734375
1629.5472412109375
1609.552734375
1629.5472412109375
1609.552734375
1629.5472412109375
1609.552734375
1609.552734375
1629.5472412109375
1629.5472412109375
1649.5416259765625
1649.5416259765625
1649.5416259765625
1679.5333251953125
1649.5416259765625
1669.5361328125
1669.5361328125
1669.5361328125
1669.5361328125
1679.5333251953125
1679.5333251953125
1679.5333251953125
1679.5333251953125
1699.52783203125
1679.5333251953125
1699.52783203125
1699.52783203125
1699.52783203125
1719.522216796875
1719.522216796875
1739.5167236328125
1719.522216796875
1739.5167236328125
1719.522216796875
1739.5167236328125
1739.5167236328125
1699.52783203125
1719.522216796875
1719.522216796875
1719.522216796875
1719.522216796875
1739.5167236328125
1739.5167236328125
1699.52783203125
1679.5333251953125
1699.52783203125
1739.5167236328125
1699.52783203125
1679.5333251953125
1739.5167236328125
1739.5167236328125
1719.522216796875
1689.530517578125
1719.522216796875
1689.530517578125
1739.5167236328125
1699.52783203125
1739.5167236328125
1719.522216796875
1669.5361328125
1739.5167236328125
1669.5361328125
1699.52783203125
1699.52783203125
1699.52783203125
1719.522216796875
1739.5167236328125
1739.5167236328125
1739.5167236328125
1739.5167236328125
1719.522216796875
1719.522216796875
1719.522216796875
1719.522216796875
1699.52783203125
1699.52783203125
1699.52783203125
1689.530517578125
1699.52783203125
1689.530517578125
1689.530517578125
1689.530517578125
1689.530517578125
1669.5361328125
1669.5361328125
1669.5361328125
1669.5361328125
1649.5416259765625
1689.530517578125
1649.5416259765625
1629.5472412109375
1649.5416259765625
1629.5472412109375
1649.5416259765625
1609.552734375
1629.5472412109375
1609.552734375
1629.5472412109375
1609.552734375
1609.552734375
1649.5416259765625
1629.5472412109375
1629.5472412109375
1629.5472412109375
1629.5472412109375
1609.552734375
1609.552734375
1649.5416259765625
1669.5361328125
1649.5416259765625
1609.552734375
1649.5416259765625
1669.5361328125
1609.552734375
1759.5111083984375
1779.505615234375
1799.5
1759.5111083984375
1809.4971923828125
1799.5
1819.494384765625
1759.5111083984375
1779.505615234375
1809.4971923828125
1779.505615234375
1809.4971923828125
1799.5
1799.5
1759.5111083984375
1779.505615234375
1759.5111083984375
1779.505615234375
1759.5111083984375
1779.505615234375
1759.5111083984375
1759.5111083984375
1779.505615234375
1779.505615234375
1799.5
1799.5
1799.5
1829.49169921875
1799.5
1819.494384765625
1819.494384765625
1819.494384765625
1819.494384765625
1829.49169921875
1839.4888916015625
1839.4888916015625
1829.49169921875
1839.4888916015625
1829.49169921875
1839.4888916015625
1839.4888916015625
1849.486083984375
1859.4832763671875
1859.4832763671875
1879.477783203125
1859.4832763671875
1879.477783203125
1859.4832763671875
1889.4749755859375
1879.477783203125
1849.486083984375
1859.4832763671875
1869.4805908203125
1859.4832763671875
1859.4832763671875
1879.477783203125
1879.477783203125
1839.4888916015625
1829.49169921875
1839.4888916015625
1879.477783203125
1839.4888916015625
1829.49169921875
1879.477783203125
1879.477783203125
1869.4805908203125
1829.49169921875
1869.4805908203125
1829.49169921875
1879.477783203125
1849.486083984375
1879.477783203125
1869.4805908203125
1809.4971923828125
1879.477783203125
1819.494384765625
1849.486083984375
1849.486083984375
1849.486083984375
1859.4832763671875
1879.477783203125
1879.477783203125
1879.477783203125
1879.477783203125
1859.4832763671875
1859.4832763671875
1859.4832763671875
1869.4805908203125
1849.486083984375
1849.486083984375
1849.486083984375
1829.49169921875
1849.486083984375
1829.49169921875
1829.49169921875
1829.49169921875
1829.49169921875
1809.4971923828125
1809.4971923828125
1809.4971923828125
1809.4971923828125
1799.5
1839.4888916015625
1799.5
1779.505615234375
1799.5
1779.505615234375
1799.5
1759.5111083984375
1779.505615234375
1749.513916015625
1779.505615234375
1759.5111083984375
1759.5111083984375
1799.5
1779.505615234375
1779.505615234375
1779.505615234375
1779.505615234375
1759.5111083984375
1759.5111083984375
1799.5
1809.4971923828125
1799.5
1759.5111083984375
1799.5
1819.494384765625
1759.5111083984375
1899.47216796875
1919.4666748046875
1939.4610595703125
1909.469482421875
1959.45556640625
1939.4610595703125
1959.45556640625
1899.47216796875
1919.4666748046875
1959.45556640625
1919.4666748046875
1959.45556640625
1939.4610595703125
1939.4610595703125
1909.469482421875
1919.4666748046875
1899.47216796875
1919.4666748046875
1899.47216796875
1919.4666748046875
1899.47216796875
1899.47216796875
1919.4666748046875
1919.4666748046875
1939.4610595703125
1939.4610595703125
1939.4610595703125
1979.449951171875
1939.4610595703125
1959.45556640625
1959.45556640625
1959.45556640625
1959.45556640625
1979.449951171875
1979.449951171875
1979.449951171875
1979.449951171875
1999.4444580078125
1979.449951171875
1999.4444580078125
1999.4444580078125
1999.4444580078125
2019.4388427734375
2019.4388427734375
2039.433349609375
2019.4388427734375
2039.433349609375
2019.4388427734375
2039.433349609375
2039.433349609375
1999.4444580078125
2009.441650390625
2009.441650390625
2019.4388427734375
2019.4388427734375
2029.4361572265625
2039.433349609375
1989.447265625
1979.449951171875
1999.4444580078125
2039.433349609375
1999.4444580078125
1979.449951171875
2039.433349609375
2029.4361572265625
2019.4388427734375
1979.449951171875
2009.441650390625
1979.449951171875
2039.433349609375
1999.4444580078125
2039.433349609375
2009.441650390625
1959.45556640625
2039.433349609375
1959.45556640625
1999.4444580078125
1999.4444580078125
1999.4444580078125
2009.441650390625
2039.433349609375
2029.4361572265625
2029.4361572265625
2029.4361572265625
2009.441650390625
2009.441650390625
2009.441650390625
2009.441650390625
1999.4444580078125
1989.447265625
1999.4444580078125
1979.449951171875
1989.447265625
1979.449951171875
1979.449951171875
1979.449951171875
1979.449951171875
1959.45556640625
1959.45556640625
1959.45556640625
1959.45556640625
1939.4610595703125
1979.449951171875
1939.4610595703125
1919.4666748046875
1939.4610595703125
1919.4666748046875
1939.4610595703125
1899.47216796875
1919.4666748046875
1909.469482421875
1919.4666748046875
1909.469482421875
1909.469482421875
1939.4610595703125
1919.4666748046875
1919.4666748046875
1919.4666748046875
1919.4666748046875
1909.469482421875
1899.47216796875
1939.4610595703125
1959.45556640625
1939.4610595703125
1909.469482421875
1939.4610595703125
1959.45556640625
1899.47216796875
1909.469482421875
1919.4666748046875
1939.4610595703125
1899.47216796875
1959.45556640625
1939.4610595703125
1959.45556640625
1909.469482421875
1919.4666748046875
1959.45556640625
1919.4666748046875
1959.45556640625
1939.4610595703125
1939.4610595703125
1909.469482421875
1919.4666748046875
1909.469482421875
1919.4666748046875
1899.47216796875
1919.4666748046875
1899.47216796875
1899.47216796875
1929.4638671875
1919.4666748046875
1939.4610595703125
1939.4610595703125
1939.4610595703125
1979.449951171875
1939.4610595703125
1959.45556640625
1959.45556640625
1959.45556640625
1959.45556640625
1979.449951171875
1979.449951171875
1979.449951171875
1979.449951171875
1999.4444580078125
1979.449951171875
1999.4444580078125
1989.447265625
1989.447265625
2009.441650390625
2009.441650390625
2029.4361572265625
2009.441650390625
2029.4361572265625
2009.441650390625
2029.4361572265625
2029.4361572265625
1989.447265625
2009.441650390625
2009.441650390625
2009.441650390625
2009.441650390625
2029.4361572265625
2029.4361572265625
1989.447265625
1979.449951171875
1999.4444580078125
2029.4361572265625
1989.447265625
1979.449951171875
2029.4361572265625
2029.4361572265625
2009.441650390625
1979.449951171875
2009.441650390625
1969.4527587890625
2029.4361572265625
1989.447265625
2029.4361572265625
2009.441650390625
1959.45556640625
2029.4361572265625
1959.45556640625
1989.447265625
1999.4444580078125
1989.447265625
2009.441650390625
2029.4361572265625
2029.4361572265625
2039.433349609375
2029.4361572265625
2009.441650390625
2009.441650390625
2009.441650390625
2009.441650390625
1989.447265625
1989.447265625
1989.447265625
1979.449951171875
1989.447265625
1979.449951171875
1969.4527587890625
1969.4527587890625
1979.449951171875
1959.45556640625
1959.45556640625
1959.45556640625
1959.45556640625
1939.4610595703125
1979.449951171875
1939.4610595703125
1929.4638671875
1939.4610595703125
1919.4666748046875
1939.4610595703125
1909.469482421875
1919.4666748046875
1899.47216796875
1919.4666748046875
1909.469482421875
1899.47216796875
1939.4610595703125
1929.4638671875
1919.4666748046875
1919.4666748046875
1919.4666748046875
1909.469482421875
1909.469482421875
1939.4610595703125
1959.45556640625
1939.4610595703125
1909.469482421875
1939.4610595703125
1959.45556640625
1909.469482421875
1759.5111083984375
1779.505615234375
1789.5028076171875
1749.513916015625
1819.494384765625
1799.5
1819.494384765625
1759.5111083984375
1779.505615234375
1809.4971923828125
1779.505615234375
1809.4971923828125
1799.5
1799.5
1749.513916015625
1779.505615234375
1759.5111083984375
1779.505615234375
1759.5111083984375
1779.505615234375
1759.5111083984375
1759.5111083984375
1779.505615234375
1779.505615234375
1789.5028076171875
1799.5
1799.5
1829.49169921875
1799.5
1809.4971923828125
1809.4971923828125
1819.494384765625
1809.4971923828125
1829.49169921875
1829.49169921875
1829.49169921875
1829.49169921875
1849.486083984375
1829.49169921875
1849.486083984375
1849.486083984375
1849.486083984375
1869.4805908203125
1859.4832763671875
1879.477783203125
1869.4805908203125
1879.477783203125
1869.4805908203125
1879.477783203125
1879.477783203125
1849.486083984375
1869.4805908203125
1869.4805908203125
1869.4805908203125
1869.4805908203125
1879.477783203125
1879.477783203125
1849.486083984375
1829.49169921875
1849.486083984375
1879.477783203125
1849.486083984375
1829.49169921875
1879.477783203125
1879.477783203125
1869.4805908203125
1829.49169921875
1869.4805908203125
1829.49169921875
1879.477783203125
1849.486083984375
1879.477783203125
1869.4805908203125
1809.4971923828125
1879.477783203125
1809.4971923828125
1849.486083984375
1849.486083984375
1849.486083984375
1869.4805908203125
1889.4749755859375
1889.4749755859375
1879.477783203125
1879.477783203125
1859.4832763671875
1869.4805908203125
1869.4805908203125
1869.4805908203125
1849.486083984375
1849.486083984375
1849.486083984375
1829.49169921875
1849.486083984375
1829.49169921875
1829.49169921875
1829.49169921875
1829.49169921875
1809.4971923828125
1809.4971923828125
1809.4971923828125
1809.4971923828125
1799.5
1829.49169921875
1789.5028076171875
1779.505615234375
1789.5028076171875
1779.505615234375
1799.5
1749.513916015625
1769.50830078125
1749.513916015625
1779.505615234375
1759.5111083984375
1749.513916015625
1789.5028076171875
1769.50830078125
1769.50830078125
1779.505615234375
1769.50830078125
1759.5111083984375
1759.5111083984375
1799.5
1809.4971923828125
1789.5028076171875
1749.513916015625
1789.5028076171875
1819.494384765625
1759.5111083984375
1609.552734375
1629.5472412109375
1649.5416259765625
1609.552734375
1669.5361328125
1649.5416259765625
1669.5361328125
1609.552734375
1629.5472412109375
1669.5361328125
1629.5472412109375
1669.5361328125
1649.5416259765625
1649.5416259765625
1609.552734375
1629.5472412109375
1609.552734375
1629.5472412109375
1609.552734375
1629.5472412109375
1609.552734375
1609.552734375
1629.5472412109375
1629.5472412109375
1649.5416259765625
1649.5416259765625
1649.5416259765625
1689.530517578125
1649.5416259765625
1669.5361328125
1669.5361328125
1669.5361328125
1669.5361328125
1679.5333251953125
1689.530517578125
1689.530517578125
1689.530517578125
1699.52783203125
1689.530517578125
1699.52783203125
1699.52783203125
1699.52783203125
1719.522216796875
1719.522216796875
1739.5167236328125
1719.522216796875
1739.5167236328125
1709.5250244140625
1739.5167236328125
1739.5167236328125
1699.52783203125
1719.522216796875
1719.522216796875
1719.522216796875
1719.522216796875
1739.5167236328125
1739.5167236328125
1709.5250244140625
1689.530517578125
1709.5250244140625
1739.5167236328125
1709.5250244140625
1689.530517578125
1739.5167236328125
1729.5194091796875
1719.522216796875
1689.530517578125
1719.522216796875
1689.530517578125
1739.5167236328125
1709.5250244140625
1739.5167236328125
1719.522216796875
1669.5361328125
1739.5167236328125
1669.5361328125
1709.5250244140625
1699.52783203125
1699.52783203125
1719.522216796875
1739.5167236328125
1739.5167236328125
1739.5167236328125
1739.5167236328125
1719.522216796875
1719.522216796875
1719.522216796875
1729.0389404296875
1699.52783203125
1699.52783203125
1709.5250244140625
1689.530517578125
1709.5250244140625
1689.530517578125
1689.530517578125
1679.5333251953125
1689.530517578125
1669.5361328125
1669.5361328125
1669.5361328125
1669.5361328125
1649.5416259765625
1689.530517578125
1649.5416259765625
1629.5472412109375
1649.5416259765625
1629.5472412109375
1649.5416259765625
1609.552734375
1629.5472412109375
1609.552734375
1629.5472412109375
1609.552734375
1609.552734375
1649.5416259765625
1629.5472412109375
1629.5472412109375
1629.5472412109375
1629.5472412109375
1609.552734375
1609.552734375
1649.5416259765625
1669.5361328125
1649.5416259765625
1609.552734375
1649.5416259765625
1669.5361328125
1609.552734375
1459.594482421875
1479.5888671875
1499.5833740234375
1459.594482421875
1519.5777587890625
1499.5833740234375
1519.5777587890625
1459.594482421875
1479.5888671875
1519.5777587890625
1479.5888671875
1519.5777587890625
1499.5833740234375
1499.5833740234375
1459.594482421875
1479.5888671875
1459.594482421875
1479.5888671875
1459.594482421875
1479.5888671875
1459.594482421875
1459.594482421875
1479.5888671875
1479.5888671875
1499.5833740234375
1499.5833740234375
1499.5833740234375
1529.574951171875
1499.5833740234375
1519.5777587890625
1519.5777587890625
1519.5777587890625
1519.5777587890625
1539.572265625
1529.574951171875
1529.574951171875
1529.574951171875
1549.5694580078125
1529.574951171875
1549.5694580078125
1549.5694580078125
1549.5694580078125
1569.5638427734375
1569.5638427734375
1589.558349609375
1569.5638427734375
1589.558349609375
1569.5638427734375
1589.558349609375
1589.558349609375
1549.5694580078125
1569.5638427734375
1569.5638427734375
1569.5638427734375
1569.5638427734375
1589.558349609375
1589.558349609375
1549.5694580078125
1529.574951171875
1549.5694580078125
1589.558349609375
1549.5694580078125
1529.574951171875
1589.558349609375
1589.558349609375
1569.5638427734375
1539.572265625
1569.5638427734375
1539.572265625
1589.558349609375
1549.5694580078125
1589.558349609375
1569.5638427734375
1519.5777587890625
1589.558349609375
1519.5777587890625
1549.5694580078125
1549.5694580078125
1549.5694580078125
1569.5638427734375
1589.558349609375
1589.558349609375
1589.558349609375
1589.558349609375
1569.5638427734375
1569.5638427734375
1569.5638427734375
1569.5638427734375
1549.5694580078125
1549.5694580078125
1549.5694580078125
1529.574951171875
1549.5694580078125
1539.572265625
1529.574951171875
1529.574951171875
1539.572265625
1519.5777587890625
1519.5777587890625
1519.5777587890625
1519.5777587890625
1499.5833740234375
1529.574951171875
1499.5833740234375
1479.5888671875
1499.5833740234375
1479.5888671875
1499.5833740234375
1469.5916748046875
1479.5888671875
1459.594482421875
1479.5888671875
1459.594482421875
1459.594482421875
1499.5833740234375
1479.5888671875
1479.5888671875
1479.5888671875
1479.5888671875
1459.594482421875
1459.594482421875
1499.5833740234375
1519.5777587890625
1499.5833740234375
1459.594482421875
1499.5833740234375
1519.5777587890625
1459.594482421875
949.736083984375
949.736083984375
959.7333374023438
939.7388916015625
969.7305297851562
959.7333374023438
969.7305297851562
949.736083984375
959.7333374023438
969.7305297851562
959.7333374023438
969.7305297851562
959.7333374023438
959.7333374023438
939.7388916015625
959.7333374023438
939.7388916015625
959.7333374023438
939.7388916015625
949.736083984375
939.7388916015625
939.7388916015625
949.736083984375
949.736083984375
959.7333374023438
959.7333374023438
959.7333374023438
979.727783203125
959.7333374023438
969.7305297851562
969.7305297851562
969.7305297851562
969.7305297851562
979.727783203125
979.727783203125
979.727783203125
979.727783203125
989.7249755859375
979.727783203125
989.7249755859375
989.7249755859375
989.7249755859375
999.7222290039062
989.7249755859375
999.7222290039062
999.7222290039062
999.7222290039062
989.7249755859375
999.7222290039062
999.7222290039062
989.7249755859375
999.7222290039062
999.7222290039062
999.7222290039062
989.7249755859375
999.7222290039062
999.7222290039062
989.7249755859375
979.727783203125
989.7249755859375
999.7222290039062
989.7249755859375
979.727783203125
999.7222290039062
999.7222290039062
999.7222290039062
979.727783203125
999.7222290039062
979.727783203125
1009.7194213867188
989.7249755859375
999.7222290039062
999.7222290039062
969.7305297851562
1009.7194213867188
969.7305297851562
989.7249755859375
989.7249755859375
989.7249755859375
999.7222290039062
1009.7194213867188
1009.7194213867188
1009.7194213867188
1009.7194213867188
999.7222290039062
999.7222290039062
999.7222290039062
999.7222290039062
989.7249755859375
989.7249755859375
989.7249755859375
979.727783203125
989.7249755859375
979.727783203125
979.727783203125
979.727783203125
979.727783203125
969.7305297851562
969.7305297851562
969.7305297851562
969.7305297851562
969.7305297851562
979.727783203125
959.7333374023438
959.7333374023438
959.7333374023438
959.7333374023438
959.7333374023438
949.736083984375
959.7333374023438
949.736083984375
959.7333374023438
949.736083984375
949.736083984375
959.7333374023438
959.7333374023438
959.7333374023438
959.7333374023438
949.736083984375
949.736083984375
949.736083984375
959.7333374023438
969.7305297851562
959.7333374023438
949.736083984375
959.7333374023438
969.7305297851562
949.736083984375
1019.7166748046875
1029.7138671875
1039.7110595703125
1019.7166748046875
1059.70556640625
1039.7110595703125
1049.7083740234375
1019.7166748046875
1029.7138671875
1049.7083740234375
1029.7138671875
1049.7083740234375
1029.7138671875
1039.7110595703125
1029.7138671875
1029.7138671875
1019.7166748046875
1029.7138671875
1009.7194213867188
1029.7138671875
1029.7138671875
1029.7138671875
1029.7138671875
1029.7138671875
1039.7110595703125
1039.7110595703125
1039.7110595703125
1059.70556640625
1029.7138671875
1049.7083740234375
1059.70556640625
1049.7083740234375
1049.7083740234375
1059.70556640625
1059.70556640625
1059.70556640625
1069.7027587890625
1099.6944580078125
1059.70556640625
1099.6944580078125
1099.6944580078125
1099.6944580078125
1119.6888427734375
1119.6888427734375
1139.683349609375
1119.6888427734375
1139.683349609375
1119.6888427734375
1139.683349609375
1139.683349609375
1099.6944580078125
1119.6888427734375
1109.691650390625
1119.6888427734375
1119.6888427734375
1139.683349609375
1129.6861572265625
1089.697265625
1059.70556640625
1099.6944580078125
1139.683349609375
1099.6944580078125
1059.70556640625
1139.683349609375
1129.6861572265625
1109.691650390625
1059.70556640625
1119.6888427734375
1059.70556640625
1139.683349609375
1099.6944580078125
1139.683349609375
1119.6888427734375
1049.7083740234375
1139.683349609375
1049.7083740234375
1099.6944580078125
1089.697265625
1099.6944580078125
1119.6888427734375
1139.683349609375
1139.683349609375
1129.6861572265625
1129.6861572265625
1119.6888427734375
1119.6888427734375
1119.6888427734375
1109.691650390625
1099.6944580078125
1099.6944580078125
1089.697265625
1059.70556640625
1089.697265625
1059.70556640625
1059.70556640625
1059.70556640625
1059.70556640625
1049.7083740234375
1049.7083740234375
1049.7083740234375
1049.7083740234375
1039.7110595703125
1079.699951171875
1049.7083740234375
1029.7138671875
1039.7110595703125
1029.7138671875
1049.7083740234375
1029.7138671875
1029.7138671875
1029.7138671875
1029.7138671875
1029.7138671875
1029.7138671875
1039.7110595703125
1029.7138671875
1029.7138671875
1029.7138671875
1029.7138671875
1019.7166748046875
1029.7138671875
1029.7138671875
1049.7083740234375
1029.7138671875
1019.7166748046875
1039.7110595703125
1049.7083740234375
1019.7166748046875
1159.677734375
1179.6722412109375
1189.66943359375
1159.677734375
1209.6639404296875
1199.6666259765625
1209.6639404296875
1159.677734375
1179.6722412109375
1209.6639404296875
1179.6722412109375
1209.6639404296875
1189.66943359375
1199.6666259765625
1159.677734375
1179.6722412109375
1159.677734375
1179.6722412109375
1159.677734375
1179.6722412109375
1159.677734375
1159.677734375
1179.6722412109375
1179.6722412109375
1199.6666259765625
1189.66943359375
1189.66943359375
1229.6583251953125
1189.66943359375
1209.6639404296875
1209.6639404296875
1209.6639404296875
1219.6611328125
1229.6583251953125
1229.6583251953125
1229.6583251953125
1229.6583251953125
1249.65283203125
1229.6583251953125
1259.6500244140625
1249.65283203125
1259.6500244140625
1269.647216796875
1269.647216796875
1289.6417236328125
1269.647216796875
1289.6417236328125
1269.647216796875
1289.6417236328125
1289.6417236328125
1249.65283203125
1269.647216796875
1269.647216796875
1269.647216796875
1269.647216796875
1289.6417236328125
1289.6417236328125
1249.65283203125
1229.6583251953125
1259.6500244140625
1289.6417236328125
1249.65283203125
1229.6583251953125
1289.6417236328125
1289.6417236328125
1279.6444091796875
1229.6583251953125
1269.647216796875
1229.6583251953125
1289.6417236328125
1249.65283203125
1289.6417236328125
1269.647216796875
1219.6611328125
1289.6417236328125
1209.6639404296875
1249.65283203125
1249.65283203125
1249.65283203125
1269.647216796875
1289.6417236328125
1289.6417236328125
1289.6417236328125
1289.6417236328125
1269.647216796875
1269.647216796875
1269.647216796875
1269.647216796875
1249.65283203125
1249.65283203125
1249.65283203125
1239.655517578125
1249.65283203125
1229.6583251953125
1229.6583251953125
1229.6583251953125
1229.6583251953125
1219.6611328125
1219.6611328125
1209.6639404296875
1219.6611328125
1199.6666259765625
1229.6583251953125
1199.6666259765625
1179.6722412109375
1199.6666259765625
1179.6722412109375
1199.6666259765625
1159.677734375
1179.6722412109375
1159.677734375
1179.6722412109375
1159.677734375
1159.677734375
1199.6666259765625
1179.6722412109375
1179.6722412109375
1179.6722412109375
1179.6722412109375
1159.677734375
1159.677734375
1199.6666259765625
1209.6639404296875
1199.6666259765625
1159.677734375
1199.6666259765625
1219.6611328125
1159.677734375
1319.63330078125
1329.630615234375
1359.6221923828125
1319.63330078125
1369.619384765625
1359.6221923828125
1359.6221923828125
1319.63330078125
1339.6278076171875
1369.619384765625
1329.630615234375
1369.619384765625
1349.625
1359.6221923828125
1319.63330078125
1329.630615234375
1319.63330078125
1339.6278076171875
1319.63330078125
1339.6278076171875
1319.63330078125
1319.63330078125
1339.6278076171875
1339.6278076171875
1359.6221923828125
1359.6221923828125
1359.6221923828125
1389.6138916015625
1359.6221923828125
1359.6221923828125
1369.619384765625
1369.619384765625
1369.619384765625
1389.6138916015625
1389.6138916015625
1379.61669921875
1379.61669921875
1409.6082763671875
1389.6138916015625
1409.6082763671875
1399.611083984375
1409.6082763671875
1429.602783203125
1419.6055908203125
1449.59716796875
1419.6055908203125
1439.5999755859375
1419.6055908203125
1439.5999755859375
1439.5999755859375
1399.611083984375
1419.6055908203125
1419.6055908203125
1419.6055908203125
1419.6055908203125
1449.59716796875
1439.5999755859375
1409.6082763671875
1379.61669921875
1409.6082763671875
1439.5999755859375
1409.6082763671875
1389.6138916015625
1439.5999755859375
1439.5999755859375
1419.6055908203125
1389.6138916015625
1429.602783203125
1389.6138916015625
1439.5999755859375
1399.611083984375
1439.5999755859375
1429.602783203125
1379.61669921875
1439.5999755859375
1359.6221923828125
1399.611083984375
1399.611083984375
1409.6082763671875
1419.6055908203125
1439.5999755859375
1439.5999755859375
1439.5999755859375
1439.5999755859375
1419.6055908203125
1419.6055908203125
1429.602783203125
1419.6055908203125
1399.611083984375
1409.6082763671875
1409.6082763671875
1379.61669921875
1399.611083984375
1379.61669921875
1389.6138916015625
1389.6138916015625
1379.61669921875
1359.6221923828125
1379.61669921875
1379.61669921875
1379.61669921875
1359.6221923828125
1389.6138916015625
1349.625
1329.630615234375
1349.625
1329.630615234375
1349.625
1319.63330078125
1329.630615234375
1319.63330078125
1329.630615234375
1319.63330078125
1319.63330078125
1349.625
1329.630615234375
1329.630615234375
1329.630615234375
1329.630615234375
1319.63330078125
1319.63330078125
1359.6221923828125
1379.61669921875
1349.625
1319.63330078125
1359.6221923828125
1379.61669921875
1319.63330078125
1319.63330078125
1329.630615234375
1349.625
1319.63330078125
1369.619384765625
1349.625
1369.619384765625
1319.63330078125
1329.630615234375
1369.619384765625
1339.6278076171875
1369.619384765625
1349.625
1349.625
1319.63330078125
1329.630615234375
1319.63330078125
1329.630615234375
1319.63330078125
1329.630615234375
1319.63330078125
1319.63330078125
1329.630615234375
1329.630615234375
1359.6221923828125
1349.625
1349.625
1379.61669921875
1349.625
1359.6221923828125
1359.6221923828125
1379.61669921875
1379.61669921875
1389.6138916015625
1389.6138916015625
1379.61669921875
1379.61669921875
1399.611083984375
1379.61669921875
1399.611083984375
1399.611083984375
1409.6082763671875
1419.6055908203125
1419.6055908203125
1439.5999755859375
1429.602783203125
1439.5999755859375
1429.602783203125
1439.5999755859375
1439.5999755859375
1399.611083984375
1419.6055908203125
1419.6055908203125
1429.602783203125
1419.6055908203125
1439.5999755859375
1439.5999755859375
1399.611083984375
1379.61669921875
1399.611083984375
1439.5999755859375
1399.611083984375
1379.61669921875
1439.5999755859375
1439.5999755859375
1419.6055908203125
1379.61669921875
1419.6055908203125
1379.61669921875
1439.5999755859375
1399.611083984375
1439.5999755859375
1419.6055908203125
1379.61669921875
1439.5999755859375
1369.619384765625
1399.611083984375
1399.611083984375
1399.611083984375
1419.6055908203125
1439.5999755859375
1439.5999755859375
1439.5999755859375
1439.5999755859375
1419.6055908203125
1419.6055908203125
1419.6055908203125
1419.6055908203125
1399.611083984375
1399.611083984375
1399.611083984375
1379.61669921875
1399.611083984375
1379.61669921875
1389.6138916015625
1379.61669921875
1379.61669921875
1369.619384765625
1359.6221923828125
1369.619384765625
1369.619384765625
1349.625
1379.61669921875
1349.625
1329.630615234375
1349.625
1329.630615234375
1349.625
1319.63330078125
1329.630615234375
1319.63330078125
1329.630615234375
1319.63330078125
1319.63330078125
1359.6221923828125
1329.630615234375
1329.630615234375
1329.630615234375
1329.630615234375
1319.63330078125
1319.63330078125
1349.625
1369.619384765625
1349.625
1319.63330078125
1349.625
1369.619384765625
1319.63330078125
1159.677734375
1179.6722412109375
1199.6666259765625
1159.677734375
1209.6639404296875
1199.6666259765625
1219.6611328125
1159.677734375
1169.675048828125
1219.6611328125
1179.6722412109375
1219.6611328125
1199.6666259765625
1199.6666259765625
1159.677734375
1179.6722412109375
1159.677734375
1179.6722412109375
1159.677734375
1179.6722412109375
1159.677734375
1159.677734375
1179.6722412109375
1179.6722412109375
1199.6666259765625
1199.6666259765625
1199.6666259765625
1229.6583251953125
1199.6666259765625
1219.6611328125
1219.6611328125
1219.6611328125
1209.6639404296875
1229.6583251953125
1229.6583251953125
1229.6583251953125
1229.6583251953125
1249.65283203125
1229.6583251953125
1249.65283203125
1249.65283203125
1249.65283203125
1269.647216796875
1269.647216796875
1289.6417236328125
1269.647216796875
1289.6417236328125
1269.647216796875
1289.6417236328125
1289.6417236328125
1249.65283203125
1269.647216796875
1269.647216796875
1269.647216796875
1269.647216796875
1289.6417236328125
1289.6417236328125
1249.65283203125
1229.6583251953125
1249.65283203125
1289.6417236328125
1249.65283203125
1229.6583251953125
1289.6417236328125
1289.6417236328125
1269.647216796875
1229.6583251953125
1269.647216796875
1229.6583251953125
1289.6417236328125
1249.65283203125
1289.6417236328125
1269.647216796875
0.0
1289.6417236328125
1229.6583251953125
1249.65283203125
1249.65283203125
1249.65283203125
1269.647216796875
1289.6417236328125
1289.6417236328125
1289.6417236328125
1289.6417236328125
1269.647216796875
1269.647216796875
1269.647216796875
1269.647216796875
1249.65283203125
1249.65283203125
1249.65283203125
1229.6583251953125
1249.65283203125
1229.6583251953125
1239.655517578125
1229.6583251953125
1229.6583251953125
1219.6611328125
1229.6583251953125
0.0
1219.6611328125
1199.6666259765625
1229.6583251953125
1199.6666259765625
1179.6722412109375
1199.6666259765625
1179.6722412109375
1199.6666259765625
1159.677734375
1179.6722412109375
1159.677734375
1179.6722412109375
1159.677734375
1159.677734375
1199.6666259765625
1179.6722412109375
1179.6722412109375
1179.6722412109375
1179.6722412109375
1159.677734375
1159.677734375
1199.6666259765625
1219.6611328125
1199.6666259765625
1159.677734375
1199.6666259765625
1219.6611328125
1159.677734375
1029.7138671875
1029.7138671875
1049.7083740234375
1029.7138671875
1049.7083740234375
1049.7083740234375
1049.7083740234375
1019.7166748046875
1029.7138671875
1049.7083740234375
1029.7138671875
1049.7083740234375
1039.7110595703125
1039.7110595703125
1029.7138671875
1029.7138671875
1029.7138671875
1029.7138671875
1029.7138671875
1029.7138671875
1029.7138671875
1019.7166748046875
1029.7138671875
1029.7138671875
1039.7110595703125
1039.7110595703125
1039.7110595703125
1069.7027587890625
1039.7110595703125
1049.7083740234375
1049.7083740234375
1049.7083740234375
1059.70556640625
1069.7027587890625
1059.70556640625
1059.70556640625
1059.70556640625
1099.6944580078125
1069.7027587890625
1099.6944580078125
1099.6944580078125
1089.697265625
1109.691650390625
1119.6888427734375
1129.6861572265625
1119.6888427734375
1139.683349609375
1119.6888427734375
1129.6861572265625
1139.683349609375
1089.697265625
1119.6888427734375
1109.691650390625
1109.691650390625
1119.6888427734375
1139.683349609375
1139.683349609375
1099.6944580078125
1059.70556640625
1099.6944580078125
1139.683349609375
1089.697265625
1059.70556640625
1139.683349609375
1129.6861572265625
1109.691650390625
1069.7027587890625
1119.6888427734375
1059.70556640625
1139.683349609375
1089.697265625
1139.683349609375
1119.6888427734375
1049.7083740234375
1129.6861572265625
1049.7083740234375
1089.697265625
1089.697265625
1089.697265625
1109.691650390625
1139.683349609375
1129.6861572265625
1139.683349609375
1129.6861572265625
1119.6888427734375
1109.691650390625
1119.6888427734375
1119.6888427734375
1099.6944580078125
1089.697265625
1099.6944580078125
1059.70556640625
1089.697265625
1059.70556640625
1079.699951171875
1079.699951171875
1069.7027587890625
1049.7083740234375
1049.7083740234375
1049.7083740234375
1049.7083740234375
1039.7110595703125
1069.7027587890625
1039.7110595703125
1029.7138671875
1039.7110595703125
1029.7138671875
1039.7110595703125
1019.7166748046875
1029.7138671875
1019.7166748046875
1029.7138671875
1029.7138671875
1019.7166748046875
1039.7110595703125
1029.7138671875
1029.7138671875
1029.7138671875
1029.7138671875
1019.7166748046875
1019.7166748046875
1039.7110595703125
1049.7083740234375
1039.7110595703125
1029.7138671875
1049.7083740234375
1049.7083740234375
1019.7166748046875
949.736083984375
959.7333374023438
969.7305297851562
939.7388916015625
969.7305297851562
969.7305297851562
969.7305297851562
949.736083984375
959.7333374023438
969.7305297851562
959.7333374023438
969.7305297851562
969.7305297851562
969.7305297851562
949.736083984375
959.7333374023438
949.736083984375
959.7333374023438
949.736083984375
959.7333374023438
949.736083984375
949.736083984375
959.7333374023438
959.7333374023438
969.7305297851562
969.7305297851562
969.7305297851562
979.727783203125
969.7305297851562
969.7305297851562
969.7305297851562
969.7305297851562
969.7305297851562
979.727783203125
979.727783203125
979.727783203125
979.727783203125
989.7249755859375
979.727783203125
989.7249755859375
989.7249755859375
989.7249755859375
999.7222290039062
999.7222290039062
1009.7194213867188
999.7222290039062
1009.7194213867188
999.7222290039062
1009.7194213867188
1009.7194213867188
989.7249755859375
999.7222290039062
999.7222290039062
999.7222290039062
999.7222290039062
1009.7194213867188
1009.7194213867188
989.7249755859375
979.727783203125
989.7249755859375
1009.7194213867188
989.7249755859375
979.727783203125
1009.7194213867188
1009.7194213867188
999.7222290039062
979.727783203125
999.7222290039062
979.727783203125
1009.7194213867188
989.7249755859375
1009.7194213867188
999.7222290039062
979.727783203125
1019.7166748046875
979.727783203125
989.7249755859375
989.7249755859375
989.7249755859375
999.7222290039062
1009.7194213867188
1009.7194213867188
1009.7194213867188
1009.7194213867188
999.7222290039062
999.7222290039062
999.7222290039062
999.7222290039062
989.7249755859375
989.7249755859375
989.7249755859375
979.727783203125
989.7249755859375
979.727783203125
989.7249755859375
979.727783203125
979.727783203125
979.727783203125
979.727783203125
979.727783203125
979.727783203125
969.7305297851562
979.727783203125
969.7305297851562
959.7333374023438
969.7305297851562
959.7333374023438
969.7305297851562
939.7388916015625
959.7333374023438
949.736083984375
959.7333374023438
949.736083984375
949.736083984375
969.7305297851562
959.7333374023438
959.7333374023438
959.7333374023438
959.7333374023438
949.736083984375
949.736083984375
969.7305297851562
979.727783203125
969.7305297851562
949.736083984375
969.7305297851562
979.727783203125
949.736083984375
