0	0	0	0	-4.5308737e+02
0	0	0	1	-5.4256769e+02
0	0	0	2	-3.1264188e+02
0	0	0	3	-5.1648529e+02
0	0	0	4	-5.5654169e+02
0	0	0	5	-5.1194028e+02
0	0	0	6	-4.7710406e+02
0	0	0	7	-5.3022296e+02
0	0	0	8	-5.2868213e+02
0	0	0	9	-3.8742996e+02
0	0	0	10	-5.9817230e+02
0	0	0	11	-4.2879617e+02
0	0	0	12	-6.7995312e+02
0	0	0	13	-5.5016943e+02
0	0	0	14	-5.8839697e+02
0	0	0	15	-5.0131494e+02
0	0	0	16	-6.5460382e+02
0	0	0	17	-7.2310193e+02
0	0	0	18	-6.2744971e+02
0	0	0	19	-7.4388947e+02
0	0	0	20	-6.5479883e+02
0	0	0	21	-6.8589209e+02
0	0	0	22	-7.5066754e+02
0	0	0	23	-6.6095215e+02
0	0	0	24	-6.7448755e+02
0	0	0	25	-6.4547925e+02
0	0	0	26	-7.4082166e+02
0	0	0	27	-7.2596436e+02
0	0	0	28	-6.4851843e+02
0	0	0	29	-6.6620490e+02
0	0	0	30	-6.7593884e+02
0	0	0	31	-6.5167908e+02
0	0	0	32	-6.6355328e+02
0	0	0	33	-7.3266016e+02
0	0	0	34	7.3534561e+01
0	0	0	35	5.8163368e+01
0	0	0	36	5.5852051e+01
0	0	0	37	-5.8238921e+00
0	0	0	38	4.9751583e+01
0	0	0	39	1.5869878e+02
0	0	0	40	4.6090584e+01
0	0	0	41	6.0710846e+01
0	0	0	42	1.8334686e+02
0	0	0	43	2.1334103e+02
0	0	0	44	1.9983328e+02
0	0	0	45	9.7322693e+01
0	0	0	46	2.1923372e+02
0	0	0	47	1.6353447e+02
0	0	0	48	1.3940784e+02
0	0	0	49	7.1588203e+01
0	0	0	50	8.8592667e+01
0	0	0	51	6.7892957e+02
0	0	0	52	7.0960565e+02
0	0	0	53	2.7760706e+02
0	0	0	54	3.0731436e+02
0	0	0	55	4.0943155e+02
0	0	0	56	6.5980914e+02
0	0	0	57	4.7111349e+02
0	0	0	58	4.2158801e+02
0	0	0	59	3.4329102e+02
0	0	0	60	4.2768402e+02
0	0	0	61	1.6633656e+02
0	0	0	62	3.2458630e+02
0	0	0	63	4.8868948e+02
0	0	1	0	-1.2310963e+02
0	0	1	1	-2.3744859e+02
0	0	1	2	-3.1026395e+02
0	0	1	3	-3.0796109e+02
0	0	1	4	-3.8251263e+02
0	0	1	5	-1.4077724e+02
0	0	1	6	-3.2039224e+02
0	0	1	7	-3.0605350e+02
0	0	1	8	-3.1715588e+02
0	0	1	9	-3.0420978e+02
0	0	1	10	-1.9435004e+02
0	0	1	11	-3.5851065e+02
0	0	1	12	-3.9065497e+02
0	0	1	13	-3.0254752e+02
0	0	1	14	-4.5512854e+02
0	0	1	15	-3.6639288e+02
0	0	1	16	-4.0304123e+02
0	0	1	17	-2.4004897e+02
0	0	1	18	-1.9937730e+02
0	0	1	19	-2.7027997e+02
0	0	1	20	-3.7657227e+02
0	0	1	21	-4.0180954e+02
0	0	1	22	-4.2405966e+02
0	0	1	23	-3.8594714e+02
0	0	1	24	-3.7170624e+02
0	0	1	25	-3.7231195e+02
0	0	1	26	-5.1535706e+02
0	0	1	27	-3.8338660e+02
0	0	1	28	-4.5798035e+02
0	0	1	29	-4.6755679e+02
0	0	1	30	-3.5747876e+02
0	0	1	31	-4.7597925e+02
0	0	1	32	-4.6279843e+02
0	0	1	33	-4.6489011e+02
0	0	1	34	1.5715219e+02
0	0	1	35	1.6822414e+02
0	0	1	36	2.1424669e+02
0	0	1	37	1.8338762e+02
0	0	1	38	3.0054593e+02
0	0	1	39	1.6412070e+02
0	0	1	40	2.5091866e+02
0	0	1	41	1.7144548e+02
0	0	1	42	2.1608299e+02
0	0	1	43	1.6196220e+02
0	0	1	44	1.7472797e+02
0	0	1	45	2.1771016e+02
0	0	1	46	1.9591292e+02
0	0	1	47	1.6284689e+02
0	0	1	48	2.1143968e+02
0	0	1	49	1.0709102e+02
0	0	1	50	2.5876877e+02
0	0	1	51	8.4459668e+02
0	0	1	52	8.0684656e+02
0	0	1	53	4.0032663e+02
0	0	1	54	4.6729849e+02
0	0	1	55	4.4560428e+02
0	0	1	56	5.8570892e+02
0	0	1	57	5.8126581e+02
0	0	1	58	5.2611584e+02
0	0	1	59	4.9722897e+02
0	0	1	60	5.0686179e+02
0	0	1	61	5.0147528e+02
0	0	1	62	4.9887598e+02
0	0	1	63	5.9347241e+02
0	0	2	0	-8.4883759e+01
0	0	2	1	-4.0488843e+02
0	0	2	2	-1.0521900e+02
0	0	2	3	-1.0250867e+02
0	0	2	4	-1.5439027e+02
0	0	2	5	-1.7325540e+02
0	0	2	6	-1.1497219e+02
0	0	2	7	-1.9960907e+02
0	0	2	8	-1.7621361e+02
0	0	2	9	-1.8421506e+02
0	0	2	10	-1.7912997e+02
0	0	2	11	-1.3322058e+02
0	0	2	12	-3.3689120e+02
0	0	2	13	-4.6015076e+02
0	0	2	14	-9.6995354e+01
0	0	2	15	-1.4768784e+02
0	0	2	16	-2.5973648e+02
0	0	2	17	-2.9659637e+02
0	0	2	18	-2.6063977e+02
0	0	2	19	-2.9000504e+02
0	0	2	20	-3.9889838e+02
0	0	2	21	-1.6432349e+02
0	0	2	22	-2.6655869e+02
0	0	2	23	-3.4951877e+02
0	0	2	24	-5.0642294e+02
0	0	2	25	-2.3454604e+02
0	0	2	26	-2.8382596e+02
0	0	2	27	-3.5471323e+02
0	0	2	28	-2.9088147e+02
0	0	2	29	-5.0169928e+02
0	0	2	30	-1.9242349e+02
0	0	2	31	-5.4219934e+02
0	0	2	32	-3.0530576e+02
0	0	2	33	-3.1019763e+02
0	0	2	34	3.3545145e+02
0	0	2	35	4.2572736e+02
0	0	2	36	3.7188647e+02
0	0	2	37	2.9999359e+02
0	0	2	38	2.9546075e+02
0	0	2	39	3.1693182e+02
0	0	2	40	3.7328320e+02
0	0	2	41	3.1572232e+02
0	0	2	42	3.5176556e+02
0	0	2	43	4.0231216e+02
0	0	2	44	3.0962613e+02
0	0	2	45	2.5963498e+02
0	0	2	46	2.9848041e+02
0	0	2	47	3.2800174e+02
0	0	2	48	4.4127020e+02
0	0	2	49	2.6019299e+02
0	0	2	50	2.9355658e+02
0	0	2	51	1.0254106e+03
0	0	2	52	1.0074032e+03
0	0	2	53	4.0954480e+02
0	0	2	54	6.5630841e+02
0	0	2	55	6.5288019e+02
0	0	2	56	6.2666809e+02
0	0	2	57	7.3448737e+02
0	0	2	58	7.1161072e+02
0	0	2	59	5.9468085e+02
0	0	2	60	7.2875183e+02
0	0	2	61	5.4992389e+02
0	0	2	62	7.0980066e+02
0	0	2	63	7.6656525e+02
0	0	3	0	-3.3473792e+02
0	0	3	1	-5.2551843e+02
0	0	3	2	-4.1271533e+02
0	0	3	3	-6.4728253e+02
0	0	3	4	-4.4482782e+02
0	0	3	5	-4.8113815e+02
0	0	3	6	-4.6953845e+02
0	0	3	7	-5.3357147e+02
0	0	3	8	-6.3904547e+02
0	0	3	9	-4.7844824e+02
0	0	3	10	-5.2110437e+02
0	0	3	11	-5.1571417e+02
0	0	3	12	-5.5316583e+02
0	0	3	13	-4.8157623e+02
0	0	3	14	-4.9311179e+02
0	0	3	15	-4.3713098e+02
0	0	3	16	-5.6579791e+02
0	0	3	17	-5.1896240e+02
0	0	3	18	-6.5131592e+02
0	0	3	19	-5.8020850e+02
0	0	3	20	-6.8014166e+02
0	0	3	21	-7.2204474e+02
0	0	3	22	-6.2043433e+02
0	0	3	23	-4.6056424e+02
0	0	3	24	-8.4694379e+02
0	0	3	25	-6.5247388e+02
0	0	3	26	-6.4118561e+02
0	0	3	27	-5.9398987e+02
0	0	3	28	-7.3548730e+02
0	0	3	29	-6.8895398e+02
0	0	3	30	-8.2444232e+02
0	0	3	31	-6.5824805e+02
0	0	3	32	-6.6578381e+02
0	0	3	33	-7.5600494e+02
0	0	3	34	-1.2807353e+02
0	0	3	35	-8.7852051e+01
0	0	3	36	-2.2250801e+01
0	0	3	37	-1.1440195e+01
0	0	3	38	7.2288322e+01
0	0	3	39	-5.9434269e+01
0	0	3	40	-9.6082878e+00
0	0	3	41	4.3312565e+01
0	0	3	42	9.2453087e+01
0	0	3	43	-3.9394482e+01
0	0	3	44	5.5849148e+01
0	0	3	45	-1.6821292e+02
0	0	3	46	1.3581161e+01
0	0	3	47	-2.1657133e+02
0	0	3	48	-3.7990093e+01
0	0	3	49	5.9409203e+01
0	0	3	50	-3.7897469e+01
0	0	3	51	5.0572073e+02
0	0	3	52	6.1339069e+02
0	0	3	53	2.3884323e+02
0	0	3	54	3.3184229e+02
0	0	3	55	3.6648056e+02
0	0	3	56	2.6524127e+02
0	0	3	57	3.8715323e+02
0	0	3	58	2.7782245e+02
0	0	3	59	3.1674069e+02
0	0	3	60	2.8761029e+02
0	0	3	61	2.7168823e+02
0	0	3	62	2.4223589e+02
0	0	3	63	4.0562265e+02
0	0	4	0	-1.6390675e+02
0	0	4	1	-3.9616095e+02
0	0	4	2	-1.5069806e+02
0	0	4	3	-2.6440533e+02
0	0	4	4	-2.0972212e+02
0	0	4	5	-2.0800694e+02
0	0	4	6	-1.7995396e+02
0	0	4	7	-2.1125534e+02
0	0	4	8	-3.2191684e+02
0	0	4	9	-1.2909625e+02
0	0	4	10	-4.2979208e+02
0	0	4	11	-2.0984505e+02
0	0	4	12	-4.2335135e+02
0	0	4	13	-2.5490495e+02
0	0	4	14	-2.0718677e+02
0	0	4	15	-2.6657535e+02
0	0	4	16	-3.2664026e+02
0	0	4	17	-4.1022510e+02
0	0	4	18	-3.1200580e+02
0	0	4	19	-4.1066937e+02
0	0	4	20	-4.2452405e+02
0	0	4	21	-4.1038177e+02
0	0	4	22	-4.7792950e+02
0	0	4	23	-3.3369714e+02
0	0	4	24	-3.4458057e+02
0	0	4	25	-2.3933598e+02
0	0	4	26	-3.3245566e+02
0	0	4	27	-2.8198355e+02
0	0	4	28	-2.8687305e+02
0	0	4	29	-4.1330338e+02
0	0	4	30	-4.5656619e+02
0	0	4	31	-3.6302435e+02
0	0	4	32	-3.7435535e+02
0	0	4	33	-6.6119788e+02
0	0	4	34	2.9587250e+02
0	0	4	35	2.9133746e+02
0	0	4	36	1.2794401e+02
0	0	4	37	2.7339383e+02
0	0	4	38	3.1025195e+02
0	0	4	39	1.4060207e+02
0	0	4	40	2.7112677e+02
0	0	4	41	3.2321661e+02
0	0	4	42	3.4051459e+02
0	0	4	43	3.4070422e+02
0	0	4	44	4.1549377e+02
0	0	4	45	3.7857739e+02
0	0	4	46	3.6313062e+02
0	0	4	47	2.5653442e+02
0	0	4	48	3.9966153e+02
0	0	4	49	4.1378448e+02
0	0	4	50	2.9744733e+02
0	0	4	51	8.0872601e+02
0	0	4	52	1.0729406e+03
0	0	4	53	5.5186383e+02
0	0	4	54	6.5701953e+02
0	0	4	55	4.9753384e+02
0	0	4	56	6.2725751e+02
0	0	4	57	8.0028729e+02
0	0	4	58	6.5002539e+02
0	0	4	59	7.0815796e+02
0	0	4	60	6.3888153e+02
0	0	4	61	5.9335791e+02
0	0	4	62	6.1784326e+02
0	0	4	63	4.3657486e+02
0	0	5	0	-7.1879309e+02
0	0	5	1	-7.1272418e+02
0	0	5	2	-7.5372076e+02
0	0	5	3	-7.1723083e+02
0	0	5	4	-8.3409662e+02
0	0	5	5	-7.5694177e+02
0	0	5	6	-7.9075696e+02
0	0	5	7	-7.4527185e+02
0	0	5	8	-8.7650464e+02
0	0	5	9	-7.0110034e+02
0	0	5	10	-7.4764734e+02
0	0	5	11	-7.4119971e+02
0	0	5	12	-7.8473553e+02
0	0	5	13	-7.6455573e+02
0	0	5	14	-7.5838300e+02
0	0	5	15	-9.1164264e+02
0	0	5	16	-6.7060358e+02
0	0	5	17	-9.8984076e+02
0	0	5	18	-9.1786444e+02
0	0	5	19	-7.4459198e+02
0	0	5	20	-1.0823784e+03
0	0	5	21	-8.7674609e+02
0	0	5	22	-8.5884961e+02
0	0	5	23	-8.1656000e+02
0	0	5	24	-8.6147662e+02
0	0	5	25	-1.0102827e+03
0	0	5	26	-8.7030499e+02
0	0	5	27	-1.0181991e+03
0	0	5	28	-9.3689008e+02
0	0	5	29	-9.2746729e+02
0	0	5	30	-8.3331659e+02
0	0	5	31	-9.3825616e+02
0	0	5	32	-9.3034729e+02
0	0	5	33	-8.4213641e+02
0	0	5	34	-2.8254190e+02
0	0	5	35	-2.8540359e+02
0	0	5	36	-1.4330443e+02
0	0	5	37	-2.8582950e+02
0	0	5	38	-1.3289780e+02
0	0	5	39	-2.6380640e+02
0	0	5	40	-2.7508499e+02
0	0	5	41	-2.3303058e+02
0	0	5	42	-1.0946743e+02
0	0	5	43	-2.1949037e+02
0	0	5	44	-1.1390734e+02
0	0	5	45	-1.7054018e+02
0	0	5	46	-1.4669914e+02
0	0	5	47	-2.0870885e+02
0	0	5	48	-3.1695255e+02
0	0	5	49	-1.0016761e+02
0	0	5	50	-2.0065584e+02
0	0	5	51	4.7982513e+02
0	0	5	52	4.0091895e+02
0	0	5	53	1.0834219e+02
0	0	5	54	1.9802917e+02
0	0	5	55	1.4198712e+02
0	0	5	56	2.2311526e+02
0	0	5	57	1.5514700e+02
0	0	5	58	1.4592419e+02
0	0	5	59	1.9189490e+02
0	0	5	60	3.6641895e+01
0	0	5	61	1.1392158e+02
0	0	5	62	1.6498346e+02
0	0	5	63	2.5648627e+02
0	0	6	0	-2.2815369e+02
0	0	6	1	-1.9693851e+02
0	0	6	2	-2.5731848e+02
0	0	6	3	-3.1054111e+02
0	0	6	4	-2.1367357e+02
0	0	6	5	-1.0841351e+02
0	0	6	6	-6.6463318e+01
0	0	6	7	-1.8824748e+02
0	0	6	8	-1.6157896e+02
0	0	6	9	-1.3829341e+02
0	0	6	10	-1.8916196e+02
0	0	6	11	-1.4811099e+02
0	0	6	12	-1.8338542e+02
0	0	6	13	-1.4438913e+02
0	0	6	14	-1.8672530e+02
0	0	6	15	-1.7656723e+02
0	0	6	16	-5.1043649e+02
0	0	6	17	-3.3896918e+02
0	0	6	18	-2.8000842e+02
0	0	6	19	-2.7752170e+02
0	0	6	20	-3.8036133e+02
0	0	6	21	-2.7718048e+02
0	0	6	22	-2.2435524e+02
0	0	6	23	-2.4922679e+02
0	0	6	24	-2.4456833e+02
0	0	6	25	-2.0896954e+02
0	0	6	26	-3.8473459e+02
0	0	6	27	-3.0241022e+02
0	0	6	28	-3.1041138e+02
0	0	6	29	-4.4565802e+02
0	0	6	30	-3.4766403e+02
0	0	6	31	-4.2253314e+02
0	0	6	32	-2.9082086e+02
0	0	6	33	-5.8696222e+02
0	0	6	34	3.7013681e+02
0	0	6	35	2.6994327e+02
0	0	6	36	3.8889676e+02
0	0	6	37	5.0449878e+02
0	0	6	38	3.4421823e+02
0	0	6	39	3.6936331e+02
0	0	6	40	2.9937585e+02
0	0	6	41	2.4413158e+02
0	0	6	42	4.3127133e+02
0	0	6	43	4.0188910e+02
0	0	6	44	5.5892609e+02
0	0	6	45	4.3103210e+02
0	0	6	46	6.3568799e+02
0	0	6	47	2.8303329e+02
0	0	6	48	4.6708945e+02
0	0	6	49	6.1939075e+02
0	0	6	50	3.3141690e+02
0	0	6	51	9.6777075e+02
0	0	6	52	8.9069531e+02
0	0	6	53	5.3722589e+02
0	0	6	54	4.4366483e+02
0	0	6	55	8.3085510e+02
0	0	6	56	6.9108203e+02
0	0	6	57	7.2296692e+02
0	0	6	58	6.2391577e+02
0	0	6	59	6.5305878e+02
0	0	6	60	7.6287256e+02
0	0	6	61	7.7090704e+02
0	0	6	62	7.1525043e+02
0	0	6	63	8.2793152e+02
0	0	7	0	-1.0025305e+02
0	0	7	1	-3.7264905e+02
0	0	7	2	-3.0326538e+02
0	0	7	3	-3.8204364e+02
0	0	7	4	-4.8156564e+02
0	0	7	5	-3.2302060e+02
0	0	7	6	-4.5027924e+02
0	0	7	7	-4.2438556e+02
0	0	7	8	-4.1357745e+02
0	0	7	9	-3.0293973e+02
0	0	7	10	-4.3866098e+02
0	0	7	11	-4.4355679e+02
0	0	7	12	-6.7695496e+02
0	0	7	13	-4.5214844e+02
0	0	7	14	-6.8165771e+02
0	0	7	15	-3.8683514e+02
0	0	7	16	-6.9046490e+02
0	0	7	17	-4.8014850e+02
0	0	7	18	-5.2702094e+02
0	0	7	19	-3.3196725e+02
0	0	7	20	-6.3427985e+02
0	0	7	21	-6.4694330e+02
0	0	7	22	-5.3651935e+02
0	0	7	23	-5.8063373e+02
0	0	7	24	-6.9877032e+02
0	0	7	25	-4.5045703e+02
0	0	7	26	-4.8854691e+02
0	0	7	27	-5.7017712e+02
0	0	7	28	-5.7510309e+02
0	0	7	29	-5.8132922e+02
0	0	7	30	-5.8418268e+02
0	0	7	31	-6.9874475e+02
0	0	7	32	-6.9636609e+02
0	0	7	33	-6.4286090e+02
0	0	7	34	-7.7273232e+01
0	0	7	35	-1.8190471e+02
0	0	7	36	4.6921787e+01
0	0	7	37	1.7621339e+02
0	0	7	38	-1.8369837e+01
0	0	7	39	1.0656824e+02
0	0	7	40	6.9534569e+01
0	0	7	41	-2.1777536e+01
0	0	7	42	1.4005142e+02
0	0	7	43	1.6486597e+01
0	0	7	44	7.3453389e-02
0	0	7	45	-6.0381397e+01
0	0	7	46	1.7027834e+02
0	0	7	47	1.5779033e+02
0	0	7	48	9.8693825e+01
0	0	7	49	1.5047214e+02
0	0	7	50	1.0328342e+02
0	0	7	51	6.9977435e+02
0	0	7	52	5.3272974e+02
0	0	7	53	2.8078973e+02
0	0	7	54	2.7360928e+02
0	0	7	55	3.2904785e+02
0	0	7	56	4.3107108e+02
0	0	7	57	4.0543994e+02
0	0	7	58	1.8803424e+02
0	0	7	59	3.9893784e+02
0	0	7	60	3.9709442e+02
0	0	7	61	1.7930789e+02
0	0	7	62	3.2043005e+02
0	0	7	63	4.6105405e+02
0	0	8	0	-2.6905606e+02
0	0	8	1	-3.8983408e+02
0	0	8	2	-2.1561372e+02
0	0	8	3	-3.5249603e+02
0	0	8	4	-2.9558127e+02
0	0	8	5	-5.4920813e+02
0	0	8	6	-5.6994067e+02
0	0	8	7	-2.0050615e+02
0	0	8	8	-3.0395163e+02
0	0	8	9	-4.0691382e+02
0	0	8	10	-3.5078683e+02
0	0	8	11	-5.3306183e+02
0	0	8	12	-3.9986328e+02
0	0	8	13	-4.7710043e+02
0	0	8	14	-6.2533905e+02
0	0	8	15	-4.4680194e+02
0	0	8	16	-7.6779816e+02
0	0	8	17	-5.1126480e+02
0	0	8	18	-6.6699902e+02
0	0	8	19	-6.3819910e+02
0	0	8	20	-4.6871915e+02
0	0	8	21	-5.8039893e+02
0	0	8	22	-4.0791751e+02
0	0	8	23	-5.6759448e+02
0	0	8	24	-5.6557080e+02
0	0	8	25	-4.9291861e+02
0	0	8	26	-7.4334406e+02
0	0	8	27	-5.7724866e+02
0	0	8	28	-5.7058942e+02
0	0	8	29	-5.2545435e+02
0	0	8	30	-5.0368115e+02
0	0	8	31	-4.0095270e+02
0	0	8	32	-5.0521329e+02
0	0	8	33	-5.2938373e+02
0	0	8	34	1.8534720e+02
0	0	8	35	2.0242253e+02
0	0	8	36	2.3680495e+02
0	0	8	37	1.4484087e+02
0	0	8	38	-2.6924620e+01
0	0	8	39	1.5149210e+02
0	0	8	40	1.8262346e+02
0	0	8	41	1.2604120e+02
0	0	8	42	2.4019218e+02
0	0	8	43	2.5052602e+02
0	0	8	44	2.4832635e+02
0	0	8	45	1.9621156e+02
0	0	8	46	-1.6298120e+01
0	0	8	47	1.6729991e+02
0	0	8	48	2.0784897e+02
0	0	8	49	1.5352097e+02
0	0	8	50	2.7015833e+02
0	0	8	51	6.5687073e+02
0	0	8	52	7.6757080e+02
0	0	8	53	4.4504526e+02
0	0	8	54	4.5577896e+02
0	0	8	55	4.9139612e+02
0	0	8	56	6.8498364e+02
0	0	8	57	5.6900415e+02
0	0	8	58	4.4709039e+02
0	0	8	59	4.4641763e+02
0	0	8	60	5.1212158e+02
0	0	8	61	2.2056642e+02
0	0	8	62	2.9604150e+02
0	0	8	63	5.0002252e+02
0	0	9	0	-7.5371179e+02
0	0	9	1	-5.7326770e+02
0	0	9	2	-5.8618225e+02
0	0	9	3	-5.3621857e+02
0	0	9	4	-6.3946008e+02
0	0	9	5	-6.5632190e+02
0	0	9	6	-6.6981824e+02
0	0	9	7	-6.3878491e+02
0	0	9	8	-6.6851587e+02
0	0	9	9	-6.4307971e+02
0	0	9	10	-6.5529926e+02
0	0	9	11	-6.0461969e+02
0	0	9	12	-8.6875055e+02
0	0	9	13	-6.4544153e+02
0	0	9	14	-7.1124292e+02
0	0	9	15	-4.8063013e+02
0	0	9	16	-8.4530353e+02
0	0	9	17	-7.4795300e+02
0	0	9	18	-7.1196521e+02
0	0	9	19	-8.7581726e+02
0	0	9	20	-8.8405457e+02
0	0	9	21	-7.8704962e+02
0	0	9	22	-7.3238818e+02
0	0	9	23	-6.8527612e+02
0	0	9	24	-7.7716461e+02
0	0	9	25	-8.7269745e+02
0	0	9	26	-7.5351111e+02
0	0	9	27	-8.2238599e+02
0	0	9	28	-8.4370789e+02
0	0	9	29	-8.6344299e+02
0	0	9	30	-9.0784613e+02
0	0	9	31	-9.1240283e+02
0	0	9	32	-9.1544098e+02
0	0	9	33	-8.3856500e+02
0	0	9	34	-1.9621640e+02
0	0	9	35	-3.1964090e+02
0	0	9	36	-4.3547260e+01
0	0	9	37	-1.8019775e+02
0	0	9	38	-1.0509415e+02
0	0	9	39	-2.4606378e+02
0	0	9	40	1.9992680e+01
0	0	9	41	-2.1502507e+02
0	0	9	42	-1.9412665e+02
0	0	9	43	-3.9130380e+02
0	0	9	44	-5.5896534e+01
0	0	9	45	-2.4299928e+02
0	0	9	46	-6.9459961e+01
0	0	9	47	-1.4171098e+02
0	0	9	48	-1.4967029e+02
0	0	9	49	-2.9728625e+02
0	0	9	50	-1.3484473e+02
0	0	9	51	4.9737476e+02
0	0	9	52	5.1579718e+02
0	0	9	53	1.2815573e+02
0	0	9	54	1.8020528e+02
0	0	9	55	1.0112560e+02
0	0	9	56	1.9282544e+02
0	0	9	57	2.6888733e+02
0	0	9	58	2.4695721e+02
0	0	9	59	5.2029003e+01
0	0	9	60	1.3527502e+02
0	0	9	61	1.0504295e+02
0	0	9	62	1.1968176e+02
0	0	9	63	2.0672885e+02
0	0	10	0	-1.7775003e+02
0	0	10	1	-2.3488036e+02
0	0	10	2	-3.4538857e+01
0	0	10	3	-3.4852631e+02
0	0	10	4	-1.0402962e+02
0	0	10	5	-6.4734344e+01
0	0	10	6	-1.8387068e+02
0	0	10	7	5.4149746e+01
0	0	10	8	-1.9878448e+02
0	0	10	9	-1.5429562e+02
0	0	10	10	-1.4550746e+02
0	0	10	11	-1.5035248e+02
0	0	10	12	-1.8481633e+02
0	0	10	13	-1.4409723e+02
0	0	10	14	-2.1454181e+02
0	0	10	15	-2.2532364e+02
0	0	10	16	-3.1870523e+02
0	0	10	17	-4.8839252e+02
0	0	10	18	-3.4925125e+02
0	0	10	19	-3.9376682e+02
0	0	10	20	-1.9519875e+02
0	0	10	21	-2.8684094e+02
0	0	10	22	-3.8424979e+02
0	0	10	23	-2.6698709e+02
0	0	10	24	-4.6446399e+02
0	0	10	25	-2.4948143e+02
0	0	10	26	-3.4249860e+02
0	0	10	27	8.7060303e+03
0	0	10	28	-3.0361539e+02
0	0	10	29	-4.6212997e+02
0	0	10	30	-4.9549643e+02
0	0	10	31	-2.6833102e+02
0	0	10	32	-3.2915085e+02
0	0	10	33	-3.0729166e+02
0	0	10	34	3.1573810e+02
0	0	10	35	1.9872256e+02
0	0	10	36	4.2935654e+02
0	0	10	37	3.9133810e+02
0	0	10	38	4.3106812e+02
0	0	10	39	4.0027457e+02
0	0	10	40	4.0152505e+02
0	0	10	41	4.9786017e+02
0	0	10	42	2.1762389e+02
0	0	10	43	4.2248422e+02
0	0	10	44	3.3973471e+02
0	0	10	45	3.3669687e+02
0	0	10	46	2.5164214e+02
0	0	10	47	3.4651120e+02
0	0	10	48	3.6763538e+02
0	0	10	49	3.7422012e+02
0	0	10	50	3.3249490e+02
0	0	10	51	9.0847528e+02
0	0	10	52	1.0608313e+03
0	0	10	53	5.7838312e+02
0	0	10	54	6.3873303e+02
0	0	10	55	6.9709845e+02
0	0	10	56	8.5074176e+02
0	0	10	57	8.3421161e+02
0	0	10	58	8.2122174e+02
0	0	10	59	7.2928168e+02
0	0	10	60	7.6680524e+02
0	0	10	61	5.0498785e+02
0	0	10	62	6.2148602e+02
0	0	10	63	6.3316046e+02
0	0	11	0	-2.4640366e+02
0	0	11	1	-5.3137946e+02
0	0	11	2	-3.5413724e+02
0	0	11	3	-3.6483517e+02
0	0	11	4	-3.9127707e+02
0	0	11	5	-4.0033755e+02
0	0	11	6	-3.4440799e+02
0	0	11	7	-4.6532065e+02
0	0	11	8	-4.2243851e+02
0	0	11	9	-5.6827979e+02
0	0	11	10	-4.4563766e+02
0	0	11	11	-3.8353366e+02
0	0	11	12	-6.1231372e+02
0	0	11	13	-5.7888989e+02
0	0	11	14	-5.9604901e+02
0	0	11	15	-3.5403156e+02
0	0	11	16	-8.2326257e+02
0	0	11	17	-5.0809003e+02
0	0	11	18	-6.0612085e+02
0	0	11	19	-5.6028979e+02
0	0	11	20	-5.6037512e+02
0	0	11	21	-5.4963275e+02
0	0	11	22	-4.8128372e+02
0	0	11	23	-5.1524969e+02
0	0	11	24	-5.1757953e+02
0	0	11	25	-8.4281360e+02
0	0	11	26	-7.3451782e+02
0	0	11	27	-5.1822760e+02
0	0	11	28	-6.1904120e+02
0	0	11	29	-6.1628516e+02
0	0	11	30	-5.2623193e+02
0	0	11	31	-5.3544568e+02
0	0	11	32	-5.7434857e+02
0	0	11	33	-5.8835004e+02
0	0	11	34	1.4242435e+02
0	0	11	35	1.5006540e+02
0	0	11	36	3.2593036e+02
0	0	11	37	2.1642888e+02
0	0	11	38	1.3268002e+02
0	0	11	39	1.3928447e+02
0	0	11	40	2.9643237e+02
0	0	11	41	2.0534183e+02
0	0	11	42	9.7576675e+01
0	0	11	43	1.7038704e+02
0	0	11	44	2.3518947e+02
0	0	11	45	1.7051700e+02
0	0	11	46	1.7113356e+02
0	0	11	47	8.4397263e+01
0	0	11	48	1.1278703e+02
0	0	11	49	1.6315656e+02
0	0	11	50	2.2312755e+02
0	0	11	51	5.2506104e+02
0	0	11	52	7.7272076e+02
0	0	11	53	4.0153922e+02
0	0	11	54	3.0367212e+02
0	0	11	55	5.3219781e+02
0	0	11	56	5.5055652e+02
0	0	11	57	5.6596021e+02
0	0	11	58	4.8184180e+02
0	0	11	59	3.0871939e+02
0	0	11	60	4.0540906e+02
0	0	11	61	3.9962756e+02
0	0	11	62	3.6073517e+02
0	0	11	63	4.1788150e+02
0	0	12	0	-1.0255721e+01
0	0	12	1	-1.2829964e+02
0	0	12	2	-6.0124908e+01
0	0	12	3	-3.7628273e+01
0	0	12	4	-1.4191391e+02
0	0	12	5	-1.3828888e+02
0	0	12	6	-1.7226114e+02
0	0	12	7	-1.6981673e+02
0	0	12	8	-1.0670155e+02
0	0	12	9	-1.5503489e+01
0	0	12	10	-2.5193201e+02
0	0	12	11	-1.9047194e+01
0	0	12	12	-2.8540424e+02
0	0	12	13	-1.2933769e+02
0	0	12	14	-1.5714824e+02
0	0	12	15	-7.4491653e+01
0	0	12	16	-3.6753192e+02
0	0	12	17	-3.3407312e+02
0	0	12	18	-9.4616318e+01
0	0	12	19	-4.7043054e+02
0	0	12	20	-3.9182968e+02
0	0	12	21	-3.2518008e+02
0	0	12	22	-2.6777167e+02
0	0	12	23	-2.7634415e+02
0	0	12	24	-4.5020197e+02
0	0	12	25	-1.6254369e+02
0	0	12	26	-3.1867749e+02
0	0	12	27	-3.0595877e+02
0	0	12	28	-2.3965352e+02
0	0	12	29	-4.6368668e+02
0	0	12	30	-3.3959235e+02
0	0	12	31	-4.6375626e+02
0	0	12	32	-4.0202567e+02
0	0	12	33	-3.6919571e+02
0	0	12	34	4.7146582e+02
0	0	12	35	4.0198480e+02
0	0	12	36	3.7111127e+02
0	0	12	37	4.4024155e+02
0	0	12	38	3.7686063e+02
0	0	12	39	3.8801929e+02
0	0	12	40	4.5010281e+02
0	0	12	41	3.1426025e+02
0	0	12	42	4.4423444e+02
0	0	12	43	4.5204279e+02
0	0	12	44	5.7790436e+02
0	0	12	45	3.3521155e+02
0	0	12	46	4.8424384e+02
0	0	12	47	3.5506219e+02
0	0	12	48	4.6227832e+02
0	0	12	49	4.3392310e+02
0	0	12	50	3.5822678e+02
0	0	12	51	1.1204852e+03
0	0	12	52	9.8132874e+02
0	0	12	53	5.5101617e+02
0	0	12	54	7.0696820e+02
0	0	12	55	7.9774780e+02
0	0	12	56	7.0291235e+02
0	0	12	57	8.7777899e+02
0	0	12	58	6.4035376e+02
0	0	12	59	7.6052246e+02
0	0	12	60	7.2636041e+02
0	0	12	61	6.8744501e+02
0	0	12	62	6.6999799e+02
0	0	12	63	7.2985284e+02
0	0	13	0	-4.5175223e+02
0	0	13	1	-7.2306018e+02
0	0	13	2	-4.7207718e+02
0	0	13	3	-4.9259351e+02
0	0	13	4	-4.7621231e+02
0	0	13	5	-4.8244397e+02
0	0	13	6	-5.4912061e+02
0	0	13	7	-4.1458090e+02
0	0	13	8	-5.7054852e+02
0	0	13	9	-4.0628503e+02
0	0	13	10	-4.3353470e+02
0	0	13	11	-6.3948578e+02
0	0	13	12	-5.4964319e+02
0	0	13	13	-4.8541959e+02
0	0	13	14	-7.9948761e+02
0	0	13	15	-4.9040457e+02
0	0	13	16	-6.3228381e+02
0	0	13	17	-6.2613245e+02
0	0	13	18	-7.0302850e+02
0	0	13	19	-6.1786896e+02
0	0	13	20	-8.0561517e+02
0	0	13	21	-5.9713159e+02
0	0	13	22	-6.1377264e+02
0	0	13	23	-6.1321667e+02
0	0	13	24	-6.8216235e+02
0	0	13	25	-5.2879230e+02
0	0	13	26	-7.2591589e+02
0	0	13	27	-8.0626776e+02
0	0	13	28	-5.5566016e+02
0	0	13	29	-6.9191504e+02
0	0	13	30	-6.3999084e+02
0	0	13	31	-9.5267700e+02
0	0	13	32	-6.3806287e+02
0	0	13	33	-5.6929602e+02
0	0	13	34	1.3610307e+02
0	0	13	35	3.8375423e+01
0	0	13	36	-1.0188120e+02
0	0	13	37	2.0139461e+02
0	0	13	38	4.3506268e+01
0	0	13	39	7.4263855e+01
0	0	13	40	7.5150826e+01
0	0	13	41	5.9576259e+00
0	0	13	42	1.0400011e+02
0	0	13	43	1.1136034e+02
0	0	13	44	1.7056714e+02
0	0	13	45	1.0075449e+02
0	0	13	46	1.3521844e+02
0	0	13	47	7.6349350e+01
0	0	13	48	1.4341078e+02
0	0	13	49	9.7521255e+01
0	0	13	50	9.5178375e+00
0	0	13	51	8.0968207e+02
0	0	13	52	8.7840057e+02
0	0	13	53	1.0658876e+02
0	0	13	54	6.5696442e+02
0	0	13	55	4.3701834e+02
0	0	13	56	6.7374347e+02
0	0	13	57	3.8579453e+02
0	0	13	58	5.2888654e+02
0	0	13	59	4.2965784e+02
0	0	13	60	4.0558945e+02
0	0	13	61	4.2681708e+02
0	0	13	62	3.9640179e+02
0	0	13	63	3.6024902e+02
0	0	14	0	-1.3300990e+02
0	0	14	1	-1.6476460e+02
0	0	14	2	-2.4007790e+02
0	0	14	3	-2.5200275e+02
0	0	14	4	-2.4470119e+02
0	0	14	5	-3.7055328e+02
0	0	14	6	-2.6044360e+02
0	0	14	7	-2.2934276e+02
0	0	14	8	-3.6696439e+02
0	0	14	9	-1.3113086e+02
0	0	14	10	-3.9643060e+02
0	0	14	11	-2.3785497e+02
0	0	14	12	-5.0059808e+02
0	0	14	13	-2.9718494e+02
0	0	14	14	-3.7260788e+02
0	0	14	15	-2.6786850e+02
0	0	14	16	-4.1793646e+02
0	0	14	17	-4.0160562e+02
0	0	14	18	-4.5512534e+02
0	0	14	19	-3.2484329e+02
0	0	14	20	-3.9715381e+02
0	0	14	21	-3.6594907e+02
0	0	14	22	-4.1162769e+02
0	0	14	23	-2.9430652e+02
0	0	14	24	-4.4715094e+02
0	0	14	25	-4.2196143e+02
0	0	14	26	-3.4007715e+02
0	0	14	27	-2.7863330e+02
0	0	14	28	-2.9505664e+02
0	0	14	29	-4.1258762e+02
0	0	14	30	-5.1588354e+02
0	0	14	31	-5.4659601e+02
0	0	14	32	-4.1197330e+02
0	0	14	33	-2.7884100e+02
0	0	14	34	1.3473149e+02
0	0	14	35	-8.1324530e+00
0	0	14	36	3.6783426e+02
0	0	14	37	2.1611115e+02
0	0	14	38	1.9692953e+02
0	0	14	39	6.6209755e+01
0	0	14	40	2.1860284e+02
0	0	14	41	1.0981776e+02
0	0	14	42	2.3807054e+02
0	0	14	43	8.2304260e+01
0	0	14	44	3.6277829e+02
0	0	14	45	3.2102029e+02
0	0	14	46	3.4645596e+02
0	0	14	47	1.6282242e+02
0	0	14	48	3.3257803e+02
0	0	14	49	3.0677951e+02
0	0	14	50	1.4438695e+02
0	0	14	51	9.3007855e+02
0	0	14	52	8.5627081e+02
0	0	14	53	5.4972272e+02
0	0	14	54	4.7217130e+02
0	0	14	55	5.9808063e+02
0	0	14	56	7.1345996e+02
0	0	14	57	7.5554083e+02
0	0	14	58	5.4431781e+02
0	0	14	59	5.8036560e+02
0	0	14	60	5.7928979e+02
0	0	14	61	3.0810751e+02
0	0	14	62	4.1131433e+02
0	0	14	63	5.8202893e+02
0	0	15	0	7.0182571e+01
0	0	15	1	-6.0224751e+01
0	0	15	2	-1.8348868e+02
0	0	15	3	-2.4977132e+02
0	0	15	4	-3.3739139e+02
0	0	15	5	-1.1094966e+02
0	0	15	6	-3.4834106e+02
0	0	15	7	-8.2653793e+01
0	0	15	8	-2.2239633e+02
0	0	15	9	-7.1491898e+01
0	0	15	10	-1.3763133e+02
0	0	15	11	-2.6799982e+02
0	0	15	12	-3.1907486e+02
0	0	15	13	-2.7987241e+02
0	0	15	14	-2.3977980e+02
0	0	15	15	-2.0076186e+02
0	0	15	16	-5.4881802e+01
0	0	15	17	-2.2831093e+02
0	0	15	18	-3.5712341e+02
0	0	15	19	8.7060303e+03
0	0	15	20	-2.9574857e+02
0	0	15	21	-3.3132922e+02
0	0	15	22	-3.3676691e+02
0	0	15	23	-3.1316614e+02
0	0	15	24	-2.9945782e+02
0	0	15	25	-3.4184302e+02
0	0	15	26	-5.4867126e+02
0	0	15	27	-5.5343408e+02
0	0	15	28	-1.8787483e+02
0	0	15	29	-3.4294077e+02
0	0	15	30	-3.1636823e+02
0	0	15	31	-4.2881564e+02
0	0	15	32	-3.3688406e+02
0	0	15	33	-5.4968164e+02
0	0	15	34	1.8658768e+02
0	0	15	35	2.3207018e+02
0	0	15	36	3.3638611e+02
0	0	15	37	3.4467624e+02
0	0	15	38	3.0474585e+02
0	0	15	39	2.6513663e+02
0	0	15	40	3.4640094e+02
0	0	15	41	2.9429489e+02
0	0	15	42	2.9374396e+02
0	0	15	43	2.1031746e+02
0	0	15	44	2.5257014e+02
0	0	15	45	1.4792746e+02
0	0	15	46	1.8570349e+02
0	0	15	47	2.5978128e+02
0	0	15	48	3.0601889e+02
0	0	15	49	2.7751672e+02
0	0	15	50	3.7950562e+02
0	0	15	51	1.0092968e+03
0	0	15	52	8.5345850e+02
0	0	15	53	5.7787988e+02
0	0	15	54	4.1700879e+02
0	0	15	55	4.6306250e+02
0	0	15	56	8.7189435e+02
0	0	15	57	8.3505060e+02
0	0	15	58	4.6977975e+02
0	0	15	59	6.4421808e+02
0	0	15	60	6.0610852e+02
0	0	15	61	6.2250977e+02
0	0	15	62	6.7586481e+02
0	0	15	63	7.0416473e+02
0	1	0	0	1.7832153e+01
0	1	0	1	-3.9104542e+01
0	1	0	2	-4.7315918e+01
0	1	0	3	1.4366234e+01
0	1	0	4	-4.1823383e+01
0	1	0	5	-2.0268918e+02
0	1	0	6	-1.0751174e+02
0	1	0	7	1.7039891e+00
0	1	0	8	-2.2603760e+02
0	1	0	9	4.1092575e+01
0	1	0	10	-3.8059441e+01
0	1	0	11	-1.9709538e+02
0	1	0	12	-4.3785309e+01
0	1	0	13	-1.1437817e+02
0	1	0	14	-2.0096863e+01
0	1	0	15	2.3505579e+01
0	1	0	16	-2.3422932e+02
0	1	0	17	-4.0749667e+02
0	1	0	18	-1.4754898e+02
0	1	0	19	-2.3020741e+02
0	1	0	20	-2.0389438e+02
0	1	0	21	-1.2923503e+02
0	1	0	22	-1.6877119e+02
0	1	0	23	-2.0087679e+02
0	1	0	24	-1.9284164e+02
0	1	0	25	-3.1718857e+02
0	1	0	26	-2.4000568e+02
0	1	0	27	-4.6631976e+02
0	1	0	28	-4.8517603e+02
0	1	0	29	-2.5645779e+02
0	1	0	30	-2.7187485e+02
0	1	0	31	-1.5553256e+02
0	1	0	32	-2.2895924e+02
0	1	0	33	-2.8024594e+02
0	1	0	34	2.9193176e+02
0	1	0	35	4.6533228e+02
0	1	0	36	4.1351370e+02
0	1	0	37	4.0009705e+02
0	1	0	38	3.8874045e+02
0	1	0	39	3.1673819e+02
0	1	0	40	2.5595609e+02
0	1	0	41	3.0810648e+02
0	1	0	42	3.3638110e+02
0	1	0	43	3.2924167e+02
0	1	0	44	1.8931494e+02
0	1	0	45	2.5721860e+02
0	1	0	46	3.0545251e+02
0	1	0	47	3.7747134e+02
0	1	0	48	8.7088593e+01
0	1	0	49	1.9935095e+02
0	1	0	50	3.2944360e+02
0	1	0	51	8.9893140e+02
0	1	0	52	7.8552155e+02
0	1	0	53	3.1674509e+02
0	1	0	54	4.6573331e+02
0	1	0	55	5.8433228e+02
0	1	0	56	7.8905328e+02
0	1	0	57	5.9157043e+02
0	1	0	58	7.1386414e+02
0	1	0	59	3.1119928e+02
0	1	0	60	5.2358508e+02
0	1	0	61	5.5761774e+02
0	1	0	62	7.1103986e+02
0	1	0	63	5.8623566e+02
0	1	1	0	-4.1702664e+02
0	1	1	1	-4.9428015e+02
0	1	1	2	-3.4861887e+02
0	1	1	3	-6.4897314e+02
0	1	1	4	-4.5151547e+02
0	1	1	5	-5.5867987e+02
0	1	1	6	-4.5201315e+02
0	1	1	7	-6.5449567e+02
0	1	1	8	-4.0096185e+02
0	1	1	9	-2.2343852e+02
0	1	1	10	-5.3280029e+02
0	1	1	11	-3.9099051e+02
0	1	1	12	-5.7774408e+02
0	1	1	13	-5.5176831e+02
0	1	1	14	-5.5242450e+02
0	1	1	15	-5.3477795e+02
0	1	1	16	-6.8479169e+02
0	1	1	17	-6.0408868e+02
0	1	1	18	-7.1008197e+02
0	1	1	19	-5.7384210e+02
0	1	1	20	-6.5643079e+02
0	1	1	21	-6.0285895e+02
0	1	1	22	-6.2823920e+02
0	1	1	23	-5.7678314e+02
0	1	1	24	-6.3985828e+02
0	1	1	25	-6.0557861e+02
0	1	1	26	-8.8647351e+02
0	1	1	27	-5.2033038e+02
0	1	1	28	-6.2185156e+02
0	1	1	29	-5.0732416e+02
0	1	1	30	-6.7030298e+02
0	1	1	31	-5.6295953e+02
0	1	1	32	-5.9252802e+02
0	1	1	33	-5.2169061e+02
0	1	1	34	1.7797798e+02
0	1	1	35	7.1911385e+01
0	1	1	36	2.3814157e+02
0	1	1	37	1.3348305e+02
0	1	1	38	1.9103032e+02
0	1	1	39	2.4926898e+02
0	1	1	40	3.2011523e+02
0	1	1	41	1.6930621e+02
0	1	1	42	3.3858148e+02
0	1	1	43	2.6718875e+02
0	1	1	44	3.0943246e+02
0	1	1	45	1.1884370e+02
0	1	1	46	3.4286102e+02
0	1	1	47	1.3013684e+02
0	1	1	48	2.5764944e+02
0	1	1	49	3.4151587e+02
0	1	1	50	3.1867841e+02
0	1	1	51	6.0517004e+02
0	1	1	52	6.0880133e+02
0	1	1	53	4.0440280e+02
0	1	1	54	4.1512228e+02
0	1	1	55	4.7977344e+02
0	1	1	56	6.2204169e+02
0	1	1	57	6.0588708e+02
0	1	1	58	5.0043210e+02
0	1	1	59	2.4657655e+02
0	1	1	60	3.6231116e+02
0	1	1	61	3.6578909e+02
0	1	1	62	3.4303964e+02
0	1	1	63	6.7143524e+02
0	1	2	0	-2.3403203e+02
0	1	2	1	-2.7872083e+02
0	1	2	2	-1.9783029e+02
0	1	2	3	-3.1633032e+02
0	1	2	4	-3.7606750e+02
0	1	2	5	-3.2836429e+02
0	1	2	6	-3.0054736e+02
0	1	2	7	-3.1606259e+02
0	1	2	8	-2.4635518e+02
0	1	2	9	-3.0440796e+02
0	1	2	10	-3.8443564e+02
0	1	2	11	-3.0093500e+02
0	1	2	12	-3.9348621e+02
0	1	2	13	-3.9921307e+02
0	1	2	14	-4.4517209e+02
0	1	2	15	-3.0083466e+02
0	1	2	16	-4.7444119e+02
0	1	2	17	-5.1125815e+02
0	1	2	18	-4.6913226e+02
0	1	2	19	-4.3445328e+02
0	1	2	20	-5.4905420e+02
0	1	2	21	-4.6900531e+02
0	1	2	22	-4.2610547e+02
0	1	2	23	-3.1458810e+02
0	1	2	24	-4.8173730e+02
0	1	2	25	-4.1931995e+02
0	1	2	26	-5.0094986e+02
0	1	2	27	-4.6297525e+02
0	1	2	28	-3.6405591e+02
0	1	2	29	-4.4007724e+02
0	1	2	30	-6.0835870e+02
0	1	2	31	-5.7187689e+02
0	1	2	32	-4.3094702e+02
0	1	2	33	-3.4246005e+02
0	1	2	34	2.5259795e+02
0	1	2	35	2.1422746e+02
0	1	2	36	-2.2708763e+01
0	1	2	37	1.4997443e+02
0	1	2	38	2.4414230e+02
0	1	2	39	2.1329401e+02
0	1	2	40	1.9665266e+02
0	1	2	41	2.2728700e+02
0	1	2	42	2.7475220e+02
0	1	2	43	2.9516846e+02
0	1	2	44	3.1893112e+02
0	1	2	45	1.6317700e+02
0	1	2	46	1.8485461e+02
0	1	2	47	2.4652507e+02
0	1	2	48	2.6863046e+02
0	1	2	49	2.1348352e+02
0	1	2	50	1.9462997e+01
0	1	2	51	9.4913934e+02
0	1	2	52	9.9907294e+02
0	1	2	53	5.7142999e+02
0	1	2	54	4.0395337e+02
0	1	2	55	5.8471399e+02
0	1	2	56	7.0898846e+02
0	1	2	57	6.5639648e+02
0	1	2	58	3.9234427e+02
0	1	2	59	4.7286264e+02
0	1	2	60	5.5889771e+02
0	1	2	61	4.1914615e+02
0	1	2	62	3.7886575e+02
0	1	2	63	6.2459106e+02
0	1	3	0	-2.8422012e+02
0	1	3	1	-2.8912308e+02
0	1	3	2	-3.2136551e+02
0	1	3	3	-2.1823296e+02
0	1	3	4	-4.3343048e+02
0	1	3	5	-3.0968341e+02
0	1	3	6	-3.7648380e+02
0	1	3	7	-2.5383089e+02
0	1	3	8	-4.1504428e+02
0	1	3	9	-2.7515579e+02
0	1	3	10	-3.7737207e+02
0	1	3	11	-3.3814246e+02
0	1	3	12	-4.4404053e+02
0	1	3	13	-4.7237991e+02
0	1	3	14	-4.5295874e+02
0	1	3	15	-5.1737860e+02
0	1	3	16	-4.6435452e+02
0	1	3	17	-6.6713287e+02
0	1	3	18	-5.2749915e+02
0	1	3	19	-4.3672574e+02
0	1	3	20	-4.7053510e+02
0	1	3	21	-5.5337012e+02
0	1	3	22	-4.5512524e+02
0	1	3	23	-4.4185229e+02
0	1	3	24	-4.6800168e+02
0	1	3	25	-5.1019464e+02
0	1	3	26	-6.5816937e+02
0	1	3	27	-4.4781915e+02
0	1	3	28	-5.8974146e+02
0	1	3	29	-4.6327432e+02
0	1	3	30	-5.7463446e+02
0	1	3	31	-5.9787000e+02
0	1	3	32	-4.3452222e+02
0	1	3	33	-4.3667542e+02
0	1	3	34	7.5208923e+01
0	1	3	35	1.9904294e+02
0	1	3	36	2.2646118e+02
0	1	3	37	2.6062646e+02
0	1	3	38	1.4805360e+02
0	1	3	39	2.0940053e+02
0	1	3	40	3.0778458e+02
0	1	3	41	5.8396923e+01
0	1	3	42	1.3319693e+02
0	1	3	43	2.6680350e+02
0	1	3	44	2.1545082e+02
0	1	3	45	3.0148907e+02
0	1	3	46	2.5850986e+02
0	1	3	47	1.8164360e+02
0	1	3	48	2.3492110e+02
0	1	3	49	1.9487715e+02
0	1	3	50	3.3317487e+02
0	1	3	51	7.8763434e+02
0	1	3	52	7.5954071e+02
0	1	3	53	3.6297296e+02
0	1	3	54	3.4642203e+02
0	1	3	55	4.8799106e+02
0	1	3	56	7.5214142e+02
0	1	3	57	6.2381470e+02
0	1	3	58	4.8131854e+02
0	1	3	59	5.4108990e+02
0	1	3	60	5.0155823e+02
0	1	3	61	4.9716852e+02
0	1	3	62	3.9882761e+02
0	1	3	63	6.0164227e+02
0	1	4	0	-5.8297815e+02
0	1	4	1	-5.2891327e+02
0	1	4	2	-2.3569998e+02
0	1	4	3	-3.4683810e+02
0	1	4	4	-3.6229489e+02
0	1	4	5	-5.4122723e+02
0	1	4	6	-4.1615738e+02
0	1	4	7	-5.1420502e+02
0	1	4	8	-4.9853931e+02
0	1	4	9	-3.4215952e+02
0	1	4	10	-4.7745139e+02
0	1	4	11	-3.5694684e+02
0	1	4	12	-3.9548886e+02
0	1	4	13	-4.5590323e+02
0	1	4	14	-5.8053467e+02
0	1	4	15	-2.9217795e+02
0	1	4	16	-6.1365021e+02
0	1	4	17	-5.5581024e+02
0	1	4	18	-3.8481223e+02
0	1	4	19	-8.0783490e+02
0	1	4	20	-3.5632343e+02
0	1	4	21	-4.6883118e+02
0	1	4	22	-6.2715826e+02
0	1	4	23	-4.0218335e+02
0	1	4	24	-5.2465820e+02
0	1	4	25	-4.3739417e+02
0	1	4	26	-6.0000568e+02
0	1	4	27	-5.2317987e+02
0	1	4	28	-4.7940570e+02
0	1	4	29	-5.7755542e+02
0	1	4	30	-5.3314734e+02
0	1	4	31	-5.1961810e+02
0	1	4	32	-5.4774237e+02
0	1	4	33	-5.2656329e+02
0	1	4	34	1.8828893e+02
0	1	4	35	2.7120551e+02
0	1	4	36	1.7693425e+02
0	1	4	37	1.0369122e+02
0	1	4	38	4.5662270e+01
0	1	4	39	1.1224522e+02
0	1	4	40	8.8709961e+01
0	1	4	41	1.0770612e+01
0	1	4	42	8.4296524e+01
0	1	4	43	1.5995103e+02
0	1	4	44	1.7448717e+02
0	1	4	45	1.4840036e+01
0	1	4	46	5.3796623e+01
0	1	4	47	1.0950273e+02
0	1	4	48	-7.0057571e+01
0	1	4	49	5.5118702e+01
0	1	4	50	2.1296619e+02
0	1	4	51	6.3480334e+02
0	1	4	52	7.4057416e+02
0	1	4	53	4.5911414e+02
0	1	4	54	4.0537839e+02
0	1	4	55	2.4781813e+02
0	1	4	56	7.4220331e+02
0	1	4	57	6.5916895e+02
0	1	4	58	5.5237872e+02
0	1	4	59	4.3832016e+02
0	1	4	60	5.3117700e+02
0	1	4	61	3.8153473e+02
0	1	4	62	2.9263623e+02
0	1	4	63	4.8782578e+02
0	1	5	0	-2.8541800e+02
0	1	5	1	-2.3632321e+02
0	1	5	2	-4.5153781e+02
0	1	5	3	-1.2764252e+02
0	1	5	4	-3.3759256e+02
0	1	5	5	-1.9924368e+02
0	1	5	6	-2.7629800e+02
0	1	5	7	-3.4204501e+02
0	1	5	8	-2.6259528e+02
0	1	5	9	-2.1648529e+02
0	1	5	10	-4.1129602e+02
0	1	5	11	-3.4463553e+02
0	1	5	12	-4.6496991e+02
0	1	5	13	-3.4258737e+02
0	1	5	14	-3.7980283e+02
0	1	5	15	-3.9703812e+02
0	1	5	16	-3.0760562e+02
0	1	5	17	-4.7786844e+02
0	1	5	18	-4.1556888e+02
0	1	5	19	-6.4223090e+02
0	1	5	20	-6.5415350e+02
0	1	5	21	-5.0023364e+02
0	1	5	22	-6.4116187e+02
0	1	5	23	-4.0805966e+02
0	1	5	24	-4.2555048e+02
0	1	5	25	-3.6037262e+02
0	1	5	26	-3.6080371e+02
0	1	5	27	-3.9749527e+02
0	1	5	28	-5.1565167e+02
0	1	5	29	-3.5908633e+02
0	1	5	30	-3.4792767e+02
0	1	5	31	-4.4893530e+02
0	1	5	32	-4.5548083e+02
0	1	5	33	-5.0931024e+02
0	1	5	34	3.1844153e+02
0	1	5	35	2.6559250e+02
0	1	5	36	3.0116586e+02
0	1	5	37	9.3593262e+01
0	1	5	38	2.6472543e+02
0	1	5	39	2.4446948e+02
0	1	5	40	3.0371460e+02
0	1	5	41	2.3457819e+02
0	1	5	42	2.3893834e+02
0	1	5	43	1.8093779e+02
0	1	5	44	5.0351984e+02
0	1	5	45	1.3720018e+02
0	1	5	46	2.3618858e+02
0	1	5	47	2.9252658e+02
0	1	5	48	4.0547107e+02
0	1	5	49	5.0174838e+02
0	1	5	50	3.8022238e+02
0	1	5	51	7.1389447e+02
0	1	5	52	8.6668811e+02
0	1	5	53	5.2314911e+02
0	1	5	54	5.6291235e+02
0	1	5	55	5.5179413e+02
0	1	5	56	8.2790558e+02
0	1	5	57	7.2618817e+02
0	1	5	58	4.2972403e+02
0	1	5	59	4.6429102e+02
0	1	5	60	8.0118091e+02
0	1	5	61	4.4360486e+02
0	1	5	62	4.9403018e+02
0	1	5	63	8.1238611e+02
0	1	6	0	-3.6670422e+02
0	1	6	1	-3.8528381e+02
0	1	6	2	-3.1966934e+02
0	1	6	3	-4.3732181e+02
0	1	6	4	-4.2901221e+02
0	1	6	5	-3.9294714e+02
0	1	6	6	-3.6520914e+02
0	1	6	7	-3.8947031e+02
0	1	6	8	-3.5940289e+02
0	1	6	9	-3.4780148e+02
0	1	6	10	-4.2414722e+02
0	1	6	11	-5.2885303e+02
0	1	6	12	-5.1329895e+02
0	1	6	13	-3.5444968e+02
0	1	6	14	-3.9737851e+02
0	1	6	15	-3.3634750e+02
0	1	6	16	-5.9471472e+02
0	1	6	17	-6.1316345e+02
0	1	6	18	-5.1326825e+02
0	1	6	19	-5.4457281e+02
0	1	6	20	-7.5526782e+02
0	1	6	21	-5.1155429e+02
0	1	6	22	-5.2351624e+02
0	1	6	23	-5.3647784e+02
0	1	6	24	-4.8276413e+02
0	1	6	25	-5.3296600e+02
0	1	6	26	-7.4190820e+02
0	1	6	27	-6.6463135e+02
0	1	6	28	-4.9144135e+02
0	1	6	29	-3.3971060e+02
0	1	6	30	-4.6159546e+02
0	1	6	31	-4.9739926e+02
0	1	6	32	-5.2449432e+02
0	1	6	33	-4.6524042e+02
0	1	6	34	1.7900505e+02
0	1	6	35	2.6466843e+02
0	1	6	36	3.0282122e+01
0	1	6	37	2.4508852e+02
0	1	6	38	2.3663400e+02
0	1	6	39	1.9330112e+02
0	1	6	40	2.3642966e+02
0	1	6	41	1.9362643e+02
0	1	6	42	3.2438272e+02
0	1	6	43	2.7468723e+02
0	1	6	44	9.4324577e+01
0	1	6	45	1.2726226e+02
0	1	6	46	3.3087573e+02
0	1	6	47	5.9399960e+01
0	1	6	48	2.6268069e+02
0	1	6	49	9.9376373e+01
0	1	6	50	1.6414226e+02
0	1	6	51	9.4140765e+02
0	1	6	52	8.4184619e+02
0	1	6	53	4.3156848e+02
0	1	6	54	2.2960062e+02
0	1	6	55	5.5734607e+02
0	1	6	56	6.9918994e+02
0	1	6	57	6.9193384e+02
0	1	6	58	6.5299927e+02
0	1	6	59	4.9755997e+02
0	1	6	60	5.3529547e+02
0	1	6	61	5.0448685e+02
0	1	6	62	5.0148569e+02
0	1	6	63	4.5558295e+02
0	1	7	0	-3.3302475e+02
0	1	7	1	-4.3006006e+02
0	1	7	2	-4.7651337e+02
0	1	7	3	-4.2935901e+02
0	1	7	4	-6.0464801e+02
0	1	7	5	-4.2479105e+02
0	1	7	6	-4.9572144e+02
0	1	7	7	-4.6979703e+02
0	1	7	8	-6.7952295e+02
0	1	7	9	-4.7584064e+02
0	1	7	10	-6.0119012e+02
0	1	7	11	-5.0049588e+02
0	1	7	12	-6.1998053e+02
0	1	7	13	-5.0795673e+02
0	1	7	14	-6.1234674e+02
0	1	7	15	-4.9472913e+02
0	1	7	16	-8.1052130e+02
0	1	7	17	-6.8766876e+02
0	1	7	18	-6.7988104e+02
0	1	7	19	-8.1276141e+02
0	1	7	20	-7.9416736e+02
0	1	7	21	-7.0933148e+02
0	1	7	22	-7.3198401e+02
0	1	7	23	-5.7732941e+02
0	1	7	24	-7.5699792e+02
0	1	7	25	-5.9604517e+02
0	1	7	26	-6.6153693e+02
0	1	7	27	-7.1231787e+02
0	1	7	28	-5.8247095e+02
0	1	7	29	-7.5399274e+02
0	1	7	30	-6.5610620e+02
0	1	7	31	-8.4192023e+02
0	1	7	32	-7.2540387e+02
0	1	7	33	-7.5913251e+02
0	1	7	34	1.0787900e+02
0	1	7	35	4.1779895e+00
0	1	7	36	1.0693427e+02
0	1	7	37	3.4867748e+01
0	1	7	38	1.6947006e+02
0	1	7	39	3.5679661e+01
0	1	7	40	8.5133369e+01
0	1	7	41	1.3393431e+02
0	1	7	42	9.4214455e+01
0	1	7	43	1.7967827e+01
0	1	7	44	1.8494328e+01
0	1	7	45	7.7608765e+01
0	1	7	46	6.5833961e+01
0	1	7	47	1.4976381e+02
0	1	7	48	1.7001553e+01
0	1	7	49	-1.0106464e+02
0	1	7	50	6.1208069e+01
0	1	7	51	5.4523608e+02
0	1	7	52	6.8884399e+02
0	1	7	53	2.8756055e+02
0	1	7	54	3.1144324e+02
0	1	7	55	2.6657300e+02
0	1	7	56	4.2121906e+02
0	1	7	57	4.2641611e+02
0	1	7	58	4.0609644e+02
0	1	7	59	3.3663156e+02
0	1	7	60	3.3617770e+02
0	1	7	61	9.6714607e+01
0	1	7	62	3.3573935e+02
0	1	7	63	1.9724057e+02
0	1	8	0	-3.7115445e+02
0	1	8	1	-3.8473230e+02
0	1	8	2	-4.2076715e+02
0	1	8	3	-4.0291635e+02
0	1	8	4	-4.5886295e+02
0	1	8	5	-3.6532111e+02
0	1	8	6	-4.0976233e+02
0	1	8	7	-3.7138678e+02
0	1	8	8	-4.4919104e+02
0	1	8	9	-3.4259393e+02
0	1	8	10	-3.8806180e+02
0	1	8	11	-3.2855148e+02
0	1	8	12	-6.2038678e+02
0	1	8	13	-4.1056863e+02
0	1	8	14	-4.2354443e+02
0	1	8	15	-4.5298184e+02
0	1	8	16	-7.1342407e+02
0	1	8	17	-5.4142444e+02
0	1	8	18	-7.9895184e+02
0	1	8	19	-5.6764087e+02
0	1	8	20	-5.5124646e+02
0	1	8	21	-5.4669849e+02
0	1	8	22	-5.4669672e+02
0	1	8	23	-7.6898303e+02
0	1	8	24	-5.3798627e+02
0	1	8	25	-5.5838098e+02
0	1	8	26	-5.4759039e+02
0	1	8	27	-5.8625195e+02
0	1	8	28	-7.3501990e+02
0	1	8	29	-6.2721057e+02
0	1	8	30	-5.1832471e+02
0	1	8	31	-6.2655981e+02
0	1	8	32	-7.4811487e+02
0	1	8	33	-5.7517902e+02
0	1	8	34	1.1273721e+02
0	1	8	35	1.2419385e+02
0	1	8	36	1.6791687e+02
0	1	8	37	1.8509711e+02
0	1	8	38	1.9862476e+02
0	1	8	39	1.7741107e+02
0	1	8	40	1.4744536e+02
0	1	8	41	1.5146255e+02
0	1	8	42	1.4503796e+02
0	1	8	43	2.2356546e+02
0	1	8	44	2.4331540e+02
0	1	8	45	1.7937346e+02
0	1	8	46	2.6511758e+02
0	1	8	47	1.3345857e+02
0	1	8	48	1.8716794e+02
0	1	8	49	9.6715225e+01
0	1	8	50	2.0831531e+02
0	1	8	51	8.2159888e+02
0	1	8	52	8.4534937e+02
0	1	8	53	3.8415228e+02
0	1	8	54	4.3009747e+02
0	1	8	55	5.1186340e+02
0	1	8	56	6.3630884e+02
0	1	8	57	6.3013171e+02
0	1	8	58	4.6972672e+02
0	1	8	59	4.0459164e+02
0	1	8	60	2.2468182e+02
0	1	8	61	3.8381946e+02
0	1	8	62	4.3382257e+02
0	1	8	63	2.9978458e+02
0	1	9	0	-2.8408316e+02
0	1	9	1	-5.3611847e+02
0	1	9	2	-2.9813034e+02
0	1	9	3	-2.8299219e+02
0	1	9	4	-4.5969763e+02
0	1	9	5	-3.5293866e+02
0	1	9	6	-5.5337897e+02
0	1	9	7	-2.4684303e+02
0	1	9	8	-2.9052512e+02
0	1	9	9	-4.1654315e+02
0	1	9	10	-2.9704483e+02
0	1	9	11	-2.7660394e+02
0	1	9	12	-4.5262805e+02
0	1	9	13	-4.8301788e+02
0	1	9	14	-7.2408258e+02
0	1	9	15	-5.5449933e+02
0	1	9	16	-5.0101990e+02
0	1	9	17	-4.9201062e+02
0	1	9	18	-5.8163849e+02
0	1	9	19	-4.5090955e+02
0	1	9	20	-4.8922748e+02
0	1	9	21	-3.3929022e+02
0	1	9	22	-4.9658640e+02
0	1	9	23	-5.4470642e+02
0	1	9	24	-5.8183875e+02
0	1	9	25	-4.5201819e+02
0	1	9	26	-4.4465912e+02
0	1	9	27	-4.9467075e+02
0	1	9	28	-4.6885977e+02
0	1	9	29	-6.3144403e+02
0	1	9	30	-5.1081461e+02
0	1	9	31	-7.1112201e+02
0	1	9	32	-5.1999780e+02
0	1	9	33	-6.6436383e+02
0	1	9	34	1.4576474e+02
0	1	9	35	7.5354736e+01
0	1	9	36	1.1817159e+02
0	1	9	37	-7.7993217e+01
0	1	9	38	2.2062250e+02
0	1	9	39	7.8838821e+01
0	1	9	40	3.0014475e+01
0	1	9	41	-6.0349930e+01
0	1	9	42	2.6400961e+02
0	1	9	43	2.8185309e+02
0	1	9	44	2.2331964e+02
0	1	9	45	-6.0141167e+01
0	1	9	46	2.2220262e+02
0	1	9	47	1.8588028e+02
0	1	9	48	2.0881537e+02
0	1	9	49	1.6193622e+02
0	1	9	50	2.1929517e+02
0	1	9	51	8.3268439e+02
0	1	9	52	7.2135864e+02
0	1	9	53	4.0139816e+02
0	1	9	54	5.1196756e+02
0	1	9	55	3.9180972e+02
0	1	9	56	5.1189352e+02
0	1	9	57	7.1319629e+02
0	1	9	58	4.8350250e+02
0	1	9	59	3.3989655e+02
0	1	9	60	4.2517404e+02
0	1	9	61	3.9861600e+02
0	1	9	62	4.5563641e+02
0	1	9	63	3.4972006e+02
0	1	10	0	-3.3827463e+02
0	1	10	1	-3.5957709e+02
0	1	10	2	-2.7850229e+02
0	1	10	3	-4.1376379e+02
0	1	10	4	-3.9283658e+02
0	1	10	5	-3.5555472e+02
0	1	10	6	-4.2724872e+02
0	1	10	7	-4.3765259e+02
0	1	10	8	-3.5221707e+02
0	1	10	9	-2.8838239e+02
0	1	10	10	-4.5496829e+02
0	1	10	11	-3.1591833e+02
0	1	10	12	-4.4864807e+02
0	1	10	13	-3.9050015e+02
0	1	10	14	-4.7816779e+02
0	1	10	15	-3.4217422e+02
0	1	10	16	-5.2502551e+02
0	1	10	17	-7.9255347e+02
0	1	10	18	-5.1042010e+02
0	1	10	19	-5.6006140e+02
0	1	10	20	-3.7292697e+02
0	1	10	21	-5.8941888e+02
0	1	10	22	-5.1036200e+02
0	1	10	23	-5.7612817e+02
0	1	10	24	-7.5971753e+02
0	1	10	25	-4.7115033e+02
0	1	10	26	-5.4742816e+02
0	1	10	27	-6.0522211e+02
0	1	10	28	-4.8439923e+02
0	1	10	29	-6.1365277e+02
0	1	10	30	-6.9963635e+02
0	1	10	31	-5.6575366e+02
0	1	10	32	-5.6578217e+02
0	1	10	33	-6.4398877e+02
0	1	10	34	-1.1718415e+02
0	1	10	35	-2.0671721e+01
0	1	10	36	1.3214258e+02
0	1	10	37	-7.7038933e+01
0	1	10	38	-4.7010071e+01
0	1	10	39	-4.4106365e+01
0	1	10	40	1.0962798e+02
0	1	10	41	-1.1058824e+02
0	1	10	42	-5.0255657e+01
0	1	10	43	-1.5608778e+02
0	1	10	44	2.5175943e+01
0	1	10	45	1.8066383e+01
0	1	10	46	-3.7173969e+01
0	1	10	47	-1.9692207e+02
0	1	10	48	-3.1739745e+00
0	1	10	49	7.5911031e+00
0	1	10	50	3.6701202e+01
0	1	10	51	5.3009778e+02
0	1	10	52	4.4450748e+02
0	1	10	53	1.5785641e+02
0	1	10	54	2.0809332e+02
0	1	10	55	2.4994984e+02
0	1	10	56	4.5744839e+02
0	1	10	57	5.1456189e+02
0	1	10	58	3.4972418e+02
0	1	10	59	3.2904422e+02
0	1	10	60	3.2162662e+02
0	1	10	61	2.0932538e+02
0	1	10	62	3.7032523e+02
0	1	10	63	4.0918088e+02
0	1	11	0	-1.2305782e+02
0	1	11	1	-2.4168550e+02
0	1	11	2	-1.7285869e+02
0	1	11	3	-1.6640387e+02
0	1	11	4	-3.4355194e+02
0	1	11	5	-2.9273007e+02
0	1	11	6	-1.7765263e+02
0	1	11	7	-2.1654535e+02
0	1	11	8	-2.6385345e+02
0	1	11	9	-9.3808258e+01
0	1	11	10	-1.7449100e+02
0	1	11	11	-4.5624962e+01
0	1	11	12	-2.8837366e+02
0	1	11	13	-2.1388132e+02
0	1	11	14	-3.9669742e+02
0	1	11	15	-2.8172675e+02
0	1	11	16	-3.6015173e+02
0	1	11	17	-6.4281622e+02
0	1	11	18	-3.6976215e+02
0	1	11	19	-5.8877124e+02
0	1	11	20	-4.5110803e+02
0	1	11	21	-4.3991656e+02
0	1	11	22	-3.6626309e+02
0	1	11	23	-3.8486487e+02
0	1	11	24	-4.0891135e+02
0	1	11	25	-4.2908365e+02
0	1	11	26	-3.3962952e+02
0	1	11	27	-2.0972766e+02
0	1	11	28	-4.5357343e+02
0	1	11	29	-3.9450607e+02
0	1	11	30	-4.5822659e+02
0	1	11	31	-4.1514978e+02
0	1	11	32	-4.1045410e+02
0	1	11	33	-4.9504312e+02
0	1	11	34	2.3086984e+02
0	1	11	35	2.0264326e+02
0	1	11	36	2.2531963e+02
0	1	11	37	2.6377057e+02
0	1	11	38	2.8330414e+02
0	1	11	39	2.7454941e+02
0	1	11	40	3.3555588e+02
0	1	11	41	2.4265674e+02
0	1	11	42	1.1775440e+02
0	1	11	43	2.8964612e+02
0	1	11	44	3.7930814e+02
0	1	11	45	3.1207440e+02
0	1	11	46	3.6402286e+02
0	1	11	47	3.5732938e+02
0	1	11	48	4.2493973e+02
0	1	11	49	2.0977719e+02
0	1	11	50	2.7514844e+02
0	1	11	51	8.8609167e+02
0	1	11	52	6.7389056e+02
0	1	11	53	6.3315833e+02
0	1	11	54	5.4963580e+02
0	1	11	55	5.5134320e+02
0	1	11	56	7.7829907e+02
0	1	11	57	6.8531396e+02
0	1	11	58	5.7832050e+02
0	1	11	59	5.0420377e+02
0	1	11	60	3.9573114e+02
0	1	11	61	4.5276913e+02
0	1	11	62	5.2896527e+02
0	1	11	63	3.7194464e+02
0	1	12	0	-1.7566231e+02
0	1	12	1	-2.3583838e+02
0	1	12	2	-1.5486293e+02
0	1	12	3	-2.5063255e+02
0	1	12	4	-3.6325171e+02
0	1	12	5	-2.0930847e+02
0	1	12	6	-1.9604518e+02
0	1	12	7	-2.4706024e+02
0	1	12	8	-3.3227008e+02
0	1	12	9	-3.8048373e+02
0	1	12	10	-2.4101535e+02
0	1	12	11	-1.8747571e+02
0	1	12	12	-4.0132559e+02
0	1	12	13	-3.0026459e+02
0	1	12	14	-5.0280475e+02
0	1	12	15	-2.2664433e+02
0	1	12	16	-4.1042630e+02
0	1	12	17	-4.0370599e+02
0	1	12	18	-3.2963223e+02
0	1	12	19	-3.9575391e+02
0	1	12	20	-3.7959229e+02
0	1	12	21	-3.4603412e+02
0	1	12	22	-3.7994241e+02
0	1	12	23	-2.8915555e+02
0	1	12	24	-3.8592856e+02
0	1	12	25	-2.4656017e+02
0	1	12	26	-4.2418762e+02
0	1	12	27	-4.2627054e+02
0	1	12	28	-6.0107361e+02
0	1	12	29	-3.9116077e+02
0	1	12	30	-4.6548990e+02
0	1	12	31	-4.1892712e+02
0	1	12	32	-3.4562836e+02
0	1	12	33	-4.4550616e+02
0	1	12	34	2.1652504e+02
0	1	12	35	1.0309103e+02
0	1	12	36	3.6431479e+02
0	1	12	37	2.6848846e+02
0	1	12	38	3.3691171e+02
0	1	12	39	3.2918652e+02
0	1	12	40	4.6137611e+01
0	1	12	41	1.5959087e+02
0	1	12	42	3.6759164e+02
0	1	12	43	2.8262094e+02
0	1	12	44	2.3468883e+02
0	1	12	45	2.2968463e+02
0	1	12	46	3.6583374e+02
0	1	12	47	3.2098978e+02
0	1	12	48	2.4023596e+02
0	1	12	49	2.3509525e+02
0	1	12	50	3.8177454e+02
0	1	12	51	9.2362012e+02
0	1	12	52	9.7505975e+02
0	1	12	53	5.4944269e+02
0	1	12	54	4.6845129e+02
0	1	12	55	3.0243591e+02
0	1	12	56	6.9911517e+02
0	1	12	57	7.0450732e+02
0	1	12	58	5.6508612e+02
0	1	12	59	5.6155109e+02
0	1	12	60	4.6628638e+02
0	1	12	61	5.8367749e+02
0	1	12	62	5.9299963e+02
0	1	12	63	5.1960022e+02
0	1	13	0	-3.6680197e+02
0	1	13	1	-2.0597658e+02
0	1	13	2	-3.5521393e+02
0	1	13	3	-3.6184048e+02
0	1	13	4	-3.5656567e+02
0	1	13	5	-2.9687961e+02
0	1	13	6	-3.2402271e+02
0	1	13	7	-3.3729639e+02
0	1	13	8	-2.9803452e+02
0	1	13	9	-1.5613388e+02
0	1	13	10	-3.4842020e+02
0	1	13	11	-3.1155011e+02
0	1	13	12	-3.3091724e+02
0	1	13	13	-4.4394983e+02
0	1	13	14	-3.9039856e+02
0	1	13	15	-2.8567831e+02
0	1	13	16	-5.2459723e+02
0	1	13	17	-3.6951685e+02
0	1	13	18	-6.3355975e+02
0	1	13	19	-6.9648199e+02
0	1	13	20	-4.4669785e+02
0	1	13	21	-4.8827554e+02
0	1	13	22	-5.0168747e+02
0	1	13	23	-4.2161447e+02
0	1	13	24	-3.8520856e+02
0	1	13	25	-4.1278506e+02
0	1	13	26	-4.2943225e+02
0	1	13	27	-5.5004895e+02
0	1	13	28	-3.6402130e+02
0	1	13	29	-4.2058279e+02
0	1	13	30	-4.2339639e+02
0	1	13	31	-5.5829309e+02
0	1	13	32	-5.2315314e+02
0	1	13	33	-4.5428931e+02
0	1	13	34	-8.6698799e+00
0	1	13	35	1.8804767e+02
0	1	13	36	2.5174078e+01
0	1	13	37	2.2303893e+02
0	1	13	38	2.3264934e+02
0	1	13	39	-3.3780838e+01
0	1	13	40	2.1947319e+02
0	1	13	41	1.3715120e+02
0	1	13	42	3.1330460e+02
0	1	13	43	7.5878868e+01
0	1	13	44	2.2943677e+02
0	1	13	45	2.1013673e+02
0	1	13	46	3.3276288e+02
0	1	13	47	1.6019107e+02
0	1	13	48	2.6692255e+02
0	1	13	49	2.6460422e+02
0	1	13	50	3.1601294e+02
0	1	13	51	7.7989258e+02
0	1	13	52	7.8179749e+02
0	1	13	53	2.7936819e+02
0	1	13	54	5.1983636e+02
0	1	13	55	5.9573157e+02
0	1	13	56	6.2514471e+02
0	1	13	57	6.4298517e+02
0	1	13	58	4.3670984e+02
0	1	13	59	4.4683539e+02
0	1	13	60	2.5816199e+02
0	1	13	61	4.5168765e+02
0	1	13	62	4.9902548e+02
0	1	13	63	3.5508893e+02
0	1	14	0	-1.5620961e+02
0	1	14	1	-2.8620795e+02
0	1	14	2	-1.0626905e+02
0	1	14	3	-1.2687641e+02
0	1	14	4	-4.0051077e+02
0	1	14	5	-2.3939923e+02
0	1	14	6	-3.5337271e+02
0	1	14	7	-1.6168993e+02
0	1	14	8	-2.3725752e+02
0	1	14	9	-6.0856861e+01
0	1	14	10	-2.2137244e+02
0	1	14	11	-1.9064819e+02
0	1	14	12	-3.3510962e+02
0	1	14	13	-3.9058588e+02
0	1	14	14	-1.9142705e+02
0	1	14	15	-3.7424728e+02
0	1	14	16	-3.3716794e+02
0	1	14	17	-3.5721826e+02
0	1	14	18	-3.5051691e+02
0	1	14	19	-4.5009012e+02
0	1	14	20	-2.7351208e+02
0	1	14	21	-4.2944186e+02
0	1	14	22	-3.0460931e+02
0	1	14	23	-3.1223816e+02
0	1	14	24	-4.5754828e+02
0	1	14	25	-3.2071646e+02
0	1	14	26	-3.6686575e+02
0	1	14	27	-4.5112421e+02
0	1	14	28	-3.2480093e+02
0	1	14	29	-5.5344049e+02
0	1	14	30	-4.0839099e+02
0	1	14	31	-6.2111707e+02
0	1	14	32	-3.9797000e+02
0	1	14	33	-4.5858759e+02
0	1	14	34	2.5755063e+02
0	1	14	35	6.0132221e+01
0	1	14	36	4.3948157e+02
0	1	14	37	2.4218966e+01
0	1	14	38	3.7240820e+02
0	1	14	39	3.4684583e+02
0	1	14	40	2.6870862e+02
0	1	14	41	1.9604984e+02
0	1	14	42	1.0237880e+02
0	1	14	43	1.6239798e+02
0	1	14	44	1.3501671e+02
0	1	14	45	2.5645917e+02
0	1	14	46	1.2134660e+02
0	1	14	47	1.8437500e+02
0	1	14	48	2.6996042e+02
0	1	14	49	2.5795074e+02
0	1	14	50	4.2101447e+02
0	1	14	51	8.7506024e+02
0	1	14	52	1.0290040e+03
0	1	14	53	5.6779407e+02
0	1	14	54	5.3596344e+02
0	1	14	55	6.0147485e+02
0	1	14	56	7.8518115e+02
0	1	14	57	5.0690048e+02
0	1	14	58	6.2561725e+02
0	1	14	59	4.4217798e+02
0	1	14	60	3.3076849e+02
0	1	14	61	6.5713141e+02
0	1	14	62	5.8871198e+02
0	1	14	63	5.2487628e+02
0	1	15	0	-5.0870465e+02
0	1	15	1	-8.3818878e+02
0	1	15	2	-5.2237311e+02
0	1	15	3	-6.1988538e+02
0	1	15	4	-5.4899146e+02
0	1	15	5	-6.7620081e+02
0	1	15	6	-6.0136505e+02
0	1	15	7	-8.0381757e+02
0	1	15	8	-8.0807355e+02
0	1	15	9	-4.7900214e+02
0	1	15	10	-7.8414032e+02
0	1	15	11	-4.9934000e+02
0	1	15	12	-6.4349420e+02
0	1	15	13	-7.1322211e+02
0	1	15	14	-7.1748145e+02
0	1	15	15	-9.2567297e+02
0	1	15	16	-7.2079370e+02
0	1	15	17	-6.3525183e+02
0	1	15	18	-7.9398932e+02
0	1	15	19	-7.1186420e+02
0	1	15	20	-6.5583838e+02
0	1	15	21	-8.5920264e+02
0	1	15	22	-6.6131616e+02
0	1	15	23	-5.6782831e+02
0	1	15	24	-7.4663245e+02
0	1	15	25	-7.5668744e+02
0	1	15	26	-9.5099609e+02
0	1	15	27	-8.4560211e+02
0	1	15	28	-5.7948120e+02
0	1	15	29	-6.7468298e+02
0	1	15	30	-7.0023322e+02
0	1	15	31	-7.8129132e+02
0	1	15	32	-1.0167755e+03
0	1	15	33	-6.9397229e+02
0	1	15	34	1.6958350e+02
0	1	15	35	-1.7394388e+02
0	1	15	36	1.5104832e+02
0	1	15	37	1.0635002e+02
0	1	15	38	-6.7917237e+00
0	1	15	39	8.7900505e+01
0	1	15	40	-7.4327660e+01
0	1	15	41	1.4868380e+01
0	1	15	42	4.3538097e+01
0	1	15	43	7.8161156e+01
0	1	15	44	-1.3881857e+00
0	1	15	45	5.4666725e+01
0	1	15	46	9.8494392e+01
0	1	15	47	5.0375752e+00
0	1	15	48	6.8832420e+01
0	1	15	49	5.2398300e+01
0	1	15	50	9.3927094e+01
0	1	15	51	7.3161578e+02
0	1	15	52	7.6417963e+02
0	1	15	53	3.8312186e+02
0	1	15	54	3.2643301e+02
0	1	15	55	3.9312033e+02
0	1	15	56	5.6051184e+02
0	1	15	57	3.7044836e+02
0	1	15	58	3.9301855e+02
0	1	15	59	4.5921811e+02
0	1	15	60	4.5249591e+02
0	1	15	61	2.3651628e+02
0	1	15	62	2.3860928e+02
0	1	15	63	4.3827798e+02
0	2	0	0	-3.7892261e+02
0	2	0	1	-3.3054880e+02
0	2	0	2	-1.4926524e+02
0	2	0	3	-4.6115503e+02
0	2	0	4	-3.6709338e+02
0	2	0	5	-3.0932990e+02
0	2	0	6	-2.8519614e+02
0	2	0	7	-1.9986133e+02
0	2	0	8	-2.4425809e+02
0	2	0	9	-9.2566772e+01
0	2	0	10	-3.2853238e+02
0	2	0	11	-3.1517810e+02
0	2	0	12	-4.1555859e+02
0	2	0	13	-3.4481128e+02
0	2	0	14	-4.9865256e+02
0	2	0	15	-3.3844077e+02
0	2	0	16	-4.7017075e+02
0	2	0	17	-5.4819891e+02
0	2	0	18	-6.9109900e+02
0	2	0	19	-4.1066531e+02
0	2	0	20	-3.5551199e+02
0	2	0	21	-4.4211847e+02
0	2	0	22	-4.1875427e+02
0	2	0	23	-4.8025681e+02
0	2	0	24	-4.3611325e+02
0	2	0	25	-4.9008990e+02
0	2	0	26	-6.3348608e+02
0	2	0	27	-4.2749103e+02
0	2	0	28	-4.8775821e+02
0	2	0	29	-4.6999042e+02
0	2	0	30	-4.4769748e+02
0	2	0	31	-5.6436273e+02
0	2	0	32	-5.3540002e+02
0	2	0	33	-4.7090765e+02
0	2	0	34	1.5139973e+02
0	2	0	35	1.4213148e+02
0	2	0	36	1.2687529e+02
0	2	0	37	1.6917578e+02
0	2	0	38	1.6484537e+02
0	2	0	39	2.7030353e+02
0	2	0	40	1.3549286e+02
0	2	0	41	2.2970570e+02
0	2	0	42	3.1728339e+02
0	2	0	43	2.4419469e+02
0	2	0	44	4.2705804e+02
0	2	0	45	2.6024417e+02
0	2	0	46	3.8562961e+02
0	2	0	47	2.1888306e+02
0	2	0	48	3.0946606e+02
0	2	0	49	2.4959276e+02
0	2	0	50	1.7058005e+02
0	2	0	51	8.7338281e+02
0	2	0	52	7.6387463e+02
0	2	0	53	4.5937146e+02
0	2	0	54	7.0943115e+02
0	2	0	55	6.0404205e+02
0	2	0	56	7.9121478e+02
0	2	0	57	6.7803180e+02
0	2	0	58	3.3702435e+02
0	2	0	59	5.5915295e+02
0	2	0	60	6.4403510e+02
0	2	0	61	4.2804358e+02
0	2	0	62	2.8857602e+02
0	2	0	63	7.4417883e+02
0	2	1	0	-1.5311015e+02
0	2	1	1	-2.6406369e+02
0	2	1	2	-4.1291141e+02
0	2	1	3	-3.1497943e+02
0	2	1	4	-5.9244250e+02
0	2	1	5	-4.0649689e+02
0	2	1	6	-4.4941119e+02
0	2	1	7	-4.8394781e+02
0	2	1	8	-4.2695419e+02
0	2	1	9	-4.9935300e+02
0	2	1	10	-3.7164703e+02
0	2	1	11	-4.9793027e+02
0	2	1	12	-4.2497891e+02
0	2	1	13	-3.2129660e+02
0	2	1	14	-6.3510083e+02
0	2	1	15	-4.5030927e+02
0	2	1	16	-5.9808636e+02
0	2	1	17	-3.5937839e+02
0	2	1	18	-4.8683398e+02
0	2	1	19	-4.0042154e+02
0	2	1	20	-6.2237329e+02
0	2	1	21	-4.4000317e+02
0	2	1	22	-4.2858701e+02
0	2	1	23	-4.3951022e+02
0	2	1	24	-5.2375958e+02
0	2	1	25	-4.7442474e+02
0	2	1	26	-5.9572211e+02
0	2	1	27	-6.6579077e+02
0	2	1	28	-5.3368549e+02
0	2	1	29	-5.3386505e+02
0	2	1	30	-7.6442676e+02
0	2	1	31	-7.8987836e+02
0	2	1	32	-7.0351825e+02
0	2	1	33	-8.3726660e+02
0	2	1	34	-1.7301636e+02
0	2	1	35	1.5037231e+01
0	2	1	36	1.4209843e+01
0	2	1	37	8.0992638e+01
0	2	1	38	1.5036880e+01
0	2	1	39	1.8874418e+01
0	2	1	40	8.9031242e+01
0	2	1	41	4.7829376e+01
0	2	1	42	3.9126392e+01
0	2	1	43	-1.1664365e+02
0	2	1	44	6.7532707e+01
0	2	1	45	2.0353146e+01
0	2	1	46	-7.0341972e+01
0	2	1	47	-1.0800716e+02
0	2	1	48	2.5362177e+01
0	2	1	49	-1.2687920e+02
0	2	1	50	5.6687059e+00
0	2	1	51	6.1797107e+02
0	2	1	52	6.8462970e+02
0	2	1	53	1.6439322e+02
0	2	1	54	2.1305971e+02
0	2	1	55	2.4241145e+02
0	2	1	56	3.7079721e+02
0	2	1	57	4.3116086e+02
0	2	1	58	4.0262671e+02
0	2	1	59	2.4891200e+02
0	2	1	60	2.9944098e+02
0	2	1	61	2.0391701e+02
0	2	1	62	3.1154376e+02
0	2	1	63	4.0617963e+02
0	2	2	0	-2.8581226e+02
0	2	2	1	-4.2184805e+02
0	2	2	2	-2.0600186e+02
0	2	2	3	-4.6154044e+02
0	2	2	4	-3.2040787e+02
0	2	2	5	-3.2919586e+02
0	2	2	6	-3.5631201e+02
0	2	2	7	-5.3067712e+02
0	2	2	8	-3.1460803e+02
0	2	2	9	-3.6235388e+02
0	2	2	10	-4.4619183e+02
0	2	2	11	-2.3840567e+02
0	2	2	12	-3.6461057e+02
0	2	2	13	-3.6005396e+02
0	2	2	14	-5.3119989e+02
0	2	2	15	-4.9550696e+02
0	2	2	16	-7.3816071e+02
0	2	2	17	-4.3578912e+02
0	2	2	18	-6.0585046e+02
0	2	2	19	-5.0218045e+02
0	2	2	20	-6.3807794e+02
0	2	2	21	-5.5170367e+02
0	2	2	22	-3.8730673e+02
0	2	2	23	-5.1438153e+02
0	2	2	24	-6.3173236e+02
0	2	2	25	-5.0427771e+02
0	2	2	26	-6.3416211e+02
0	2	2	27	-5.7094397e+02
0	2	2	28	-4.6654434e+02
0	2	2	29	-5.8277539e+02
0	2	2	30	-5.3083545e+02
0	2	2	31	-5.6425391e+02
0	2	2	32	-5.0922931e+02
0	2	2	33	-6.7427100e+02
0	2	2	34	1.2501450e+02
0	2	2	35	-4.6293540e+00
0	2	2	36	-7.8722519e+01
0	2	2	37	2.3943896e+02
0	2	2	38	1.9640228e+02
0	2	2	39	9.2651810e+01
0	2	2	40	1.1590303e+02
0	2	2	41	1.2793361e+02
0	2	2	42	1.0414835e+02
0	2	2	43	3.0817523e+02
0	2	2	44	3.0903494e+02
0	2	2	45	3.1298691e+02
0	2	2	46	1.6986392e+02
0	2	2	47	2.0748511e+02
0	2	2	48	2.4377437e+02
0	2	2	49	1.3829817e+02
0	2	2	50	1.6021255e+02
0	2	2	51	8.5266382e+02
0	2	2	52	9.4278613e+02
0	2	2	53	5.2831268e+02
0	2	2	54	4.9409293e+02
0	2	2	55	3.5427341e+02
0	2	2	56	6.5540192e+02
0	2	2	57	6.2947736e+02
0	2	2	58	5.4579144e+02
0	2	2	59	4.7951514e+02
0	2	2	60	4.7572537e+02
0	2	2	61	5.1216241e+02
0	2	2	62	5.0020224e+02
0	2	2	63	3.9624338e+02
0	2	3	0	-5.0022067e+02
0	2	3	1	-6.7149225e+02
0	2	3	2	-4.4106512e+02
0	2	3	3	-6.0876038e+02
0	2	3	4	-4.5379916e+02
0	2	3	5	-4.8758325e+02
0	2	3	6	-6.7111926e+02
0	2	3	7	-4.7496274e+02
0	2	3	8	-7.1965002e+02
0	2	3	9	-4.6624094e+02
0	2	3	10	-7.1021747e+02
0	2	3	11	-5.5110376e+02
0	2	3	12	-5.6870831e+02
0	2	3	13	-5.9808765e+02
0	2	3	14	-6.8715961e+02
0	2	3	15	-5.7871497e+02
0	2	3	16	-6.4788452e+02
0	2	3	17	-6.0429871e+02
0	2	3	18	-7.9898932e+02
0	2	3	19	-4.9153116e+02
0	2	3	20	-6.7755792e+02
0	2	3	21	-6.9698938e+02
0	2	3	22	-4.5115576e+02
0	2	3	23	-6.8150592e+02
0	2	3	24	-6.5731702e+02
0	2	3	25	-5.6692236e+02
0	2	3	26	-6.5014044e+02
0	2	3	27	-5.8695087e+02
0	2	3	28	-4.5963071e+02
0	2	3	29	-4.9641061e+02
0	2	3	30	-6.4734668e+02
0	2	3	31	-6.2490851e+02
0	2	3	32	-8.0905060e+02
0	2	3	33	-6.4205670e+02
0	2	3	34	2.6200137e+02
0	2	3	35	-2.2942123e+01
0	2	3	36	2.8692814e+01
0	2	3	37	3.0610489e+02
0	2	3	38	1.5021118e+02
0	2	3	39	1.1204029e+02
0	2	3	40	1.7605949e+02
0	2	3	41	7.5344948e+01
0	2	3	42	3.5184576e+02
0	2	3	43	1.5010194e+02
0	2	3	44	1.2424202e+02
0	2	3	45	5.4928749e+01
0	2	3	46	1.3574724e+02
0	2	3	47	-5.6863731e+01
0	2	3	48	1.0882805e+02
0	2	3	49	9.5892166e+01
0	2	3	50	2.0948569e+02
0	2	3	51	6.7956409e+02
0	2	3	52	6.7020856e+02
0	2	3	53	3.8550003e+02
0	2	3	54	2.8537335e+02
0	2	3	55	3.2798013e+02
0	2	3	56	5.3298560e+02
0	2	3	57	5.1107776e+02
0	2	3	58	4.2125555e+02
0	2	3	59	3.7462051e+02
0	2	3	60	3.1756226e+02
0	2	3	61	3.4295410e+02
0	2	3	62	2.0111336e+02
0	2	3	63	3.6153384e+02
0	2	4	0	-4.7314719e+02
0	2	4	1	-3.9383075e+02
0	2	4	2	-3.9550589e+02
0	2	4	3	-5.1107837e+02
0	2	4	4	-5.8032806e+02
0	2	4	5	-6.0373792e+02
0	2	4	6	-4.3085889e+02
0	2	4	7	-3.6015082e+02
0	2	4	8	-4.1763840e+02
0	2	4	9	-4.1561343e+02
0	2	4	10	-6.2747473e+02
0	2	4	11	-3.3915140e+02
0	2	4	12	-4.3626779e+02
0	2	4	13	-3.6329431e+02
0	2	4	14	-5.0682996e+02
0	2	4	15	-3.1553806e+02
0	2	4	16	-5.6618115e+02
0	2	4	17	-4.4800232e+02
0	2	4	18	-4.7199582e+02
0	2	4	19	-5.2895795e+02
0	2	4	20	-4.7354263e+02
0	2	4	21	-5.5575671e+02
0	2	4	22	-4.8854135e+02
0	2	4	23	-5.2575195e+02
0	2	4	24	-6.8212000e+02
0	2	4	25	-4.8351959e+02
0	2	4	26	-6.4265192e+02
0	2	4	27	-6.1920355e+02
0	2	4	28	-5.1702399e+02
0	2	4	29	-4.4725259e+02
0	2	4	30	-5.0919424e+02
0	2	4	31	-4.7473831e+02
0	2	4	32	-6.0047186e+02
0	2	4	33	-5.2433490e+02
0	2	4	34	1.6478874e+01
0	2	4	35	2.8470883e+02
0	2	4	36	2.0839040e+02
0	2	4	37	1.7395581e+02
0	2	4	38	-8.5801333e-01
0	2	4	39	1.6583408e+02
0	2	4	40	1.9473880e+02
0	2	4	41	1.3531691e+02
0	2	4	42	1.2748636e+02
0	2	4	43	1.0361735e+02
0	2	4	44	2.0085049e+02
0	2	4	45	5.0369476e+01
0	2	4	46	1.7548747e+02
0	2	4	47	1.2755206e+02
0	2	4	48	1.7920445e+02
0	2	4	49	1.6691202e+01
0	2	4	50	2.1957089e+02
0	2	4	51	7.3461865e+02
0	2	4	52	7.6027820e+02
0	2	4	53	3.1341614e+02
0	2	4	54	1.4955809e+02
0	2	4	55	4.1772269e+02
0	2	4	56	6.3321130e+02
0	2	4	57	5.4955664e+02
0	2	4	58	3.1717413e+02
0	2	4	59	3.9525708e+02
0	2	4	60	4.7913373e+02
0	2	4	61	2.9485019e+02
0	2	4	62	4.0115665e+02
0	2	4	63	3.8091934e+02
0	2	5	0	-1.9797775e+02
0	2	5	1	-4.3943811e+02
0	2	5	2	-2.2054694e+02
0	2	5	3	-3.6259842e+02
0	2	5	4	-4.9348770e+02
0	2	5	5	-2.5231081e+02
0	2	5	6	-4.7069623e+02
0	2	5	7	-3.0220078e+02
0	2	5	8	-5.8735419e+02
0	2	5	9	-3.0606232e+02
0	2	5	10	-3.7886545e+02
0	2	5	11	-4.4687347e+02
0	2	5	12	-4.3409256e+02
0	2	5	13	-3.7004062e+02
0	2	5	14	-6.7482593e+02
0	2	5	15	-3.8751581e+02
0	2	5	16	-6.3733142e+02
0	2	5	17	-4.5507928e+02
0	2	5	18	-5.8943158e+02
0	2	5	19	-5.2463556e+02
0	2	5	20	-5.1660693e+02
0	2	5	21	-4.8916803e+02
0	2	5	22	-4.9121094e+02
0	2	5	23	-6.1721716e+02
0	2	5	24	-5.7763226e+02
0	2	5	25	-5.4367230e+02
0	2	5	26	-5.0964197e+02
0	2	5	27	-5.2668921e+02
0	2	5	28	-4.4655975e+02
0	2	5	29	-5.2139093e+02
0	2	5	30	-5.8651678e+02
0	2	5	31	-5.3691650e+02
0	2	5	32	-5.9084314e+02
0	2	5	33	-3.9007983e+02
0	2	5	34	1.8857756e+02
0	2	5	35	1.6578389e+02
0	2	5	36	2.1588300e+02
0	2	5	37	2.0992557e+02
0	2	5	38	2.2668388e+02
0	2	5	39	1.8532419e+02
0	2	5	40	2.2739566e+02
0	2	5	41	2.0377757e+02
0	2	5	42	2.0309879e+02
0	2	5	43	1.9369844e+02
0	2	5	44	2.7118985e+02
0	2	5	45	2.1800296e+02
0	2	5	46	1.4351100e+02
0	2	5	47	2.3897951e+02
0	2	5	48	1.8887080e+02
0	2	5	49	2.0031612e+02
0	2	5	50	2.3719173e+02
0	2	5	51	6.0720203e+02
0	2	5	52	8.2979810e+02
0	2	5	53	4.5137393e+02
0	2	5	54	4.6087445e+02
0	2	5	55	5.0196399e+02
0	2	5	56	6.1976935e+02
0	2	5	57	6.6842963e+02
0	2	5	58	4.7853925e+02
0	2	5	59	4.0272128e+02
0	2	5	60	4.8566214e+02
0	2	5	61	4.5657297e+02
0	2	5	62	5.7490485e+02
0	2	5	63	4.2814542e+02
0	2	6	0	-3.8505069e+02
0	2	6	1	-4.6250208e+02
0	2	6	2	-3.5401862e+02
0	2	6	3	-4.3354938e+02
0	2	6	4	-5.7733221e+02
0	2	6	5	-4.6269046e+02
0	2	6	6	-3.9358624e+02
0	2	6	7	-3.9287024e+02
0	2	6	8	-5.6913361e+02
0	2	6	9	-3.3841580e+02
0	2	6	10	-5.5088989e+02
0	2	6	11	-3.1171982e+02
0	2	6	12	-5.4095331e+02
0	2	6	13	-4.4146530e+02
0	2	6	14	-2.8803427e+02
0	2	6	15	-4.8304883e+02
0	2	6	16	-5.0642929e+02
0	2	6	17	-5.9117255e+02
0	2	6	18	-3.4836896e+02
0	2	6	19	-5.9389282e+02
0	2	6	20	-4.8452945e+02
0	2	6	21	-4.4921964e+02
0	2	6	22	-6.3395697e+02
0	2	6	23	-6.5674414e+02
0	2	6	24	-6.0924738e+02
0	2	6	25	-5.3479675e+02
0	2	6	26	-6.1594629e+02
0	2	6	27	-5.7162457e+02
0	2	6	28	-5.2044330e+02
0	2	6	29	-5.5692432e+02
0	2	6	30	-5.0497922e+02
0	2	6	31	-6.8021606e+02
0	2	6	32	-7.7958087e+02
0	2	6	33	-6.0470270e+02
0	2	6	34	-3.1152031e+01
0	2	6	35	6.1820366e+01
0	2	6	36	5.7284622e+01
0	2	6	37	1.0378215e+02
0	2	6	38	-1.0082688e+02
0	2	6	39	2.9604448e+01
0	2	6	40	-9.4313156e+01
0	2	6	41	1.0094200e+02
0	2	6	42	1.2011861e+02
0	2	6	43	8.6310997e+01
0	2	6	44	4.3415157e+01
0	2	6	45	1.7731562e+00
0	2	6	46	1.0511549e+02
0	2	6	47	-9.0658318e+01
0	2	6	48	-1.0629025e+02
0	2	6	49	-2.0173758e+02
0	2	6	50	-1.2171317e+02
0	2	6	51	5.5565924e+02
0	2	6	52	4.8265689e+02
0	2	6	53	2.7074255e+02
0	2	6	54	1.6586906e+02
0	2	6	55	2.5144485e+02
0	2	6	56	4.3629355e+02
0	2	6	57	4.9260318e+02
0	2	6	58	3.9122845e+02
0	2	6	59	3.6056342e+02
0	2	6	60	2.1036745e+02
0	2	6	61	1.7731030e+02
0	2	6	62	2.7352786e+02
0	2	6	63	3.9549969e+02
0	2	7	0	-2.2822945e+02
0	2	7	1	-5.5523529e+02
0	2	7	2	-3.6986871e+02
0	2	7	3	-3.1338705e+02
0	2	7	4	-4.0942819e+02
0	2	7	5	-1.6071114e+02
0	2	7	6	-4.9180490e+02
0	2	7	7	-1.7775084e+02
0	2	7	8	-3.7707761e+02
0	2	7	9	-3.0780399e+02
0	2	7	10	-2.4218378e+02
0	2	7	11	-3.5882077e+02
0	2	7	12	-4.8068057e+02
0	2	7	13	-3.0769525e+02
0	2	7	14	-4.8473959e+02
0	2	7	15	-3.0803937e+02
0	2	7	16	-5.0599673e+02
0	2	7	17	-4.2481973e+02
0	2	7	18	-4.6622064e+02
0	2	7	19	-3.7013803e+02
0	2	7	20	-4.3902881e+02
0	2	7	21	-4.8976672e+02
0	2	7	22	-7.1604236e+02
0	2	7	23	-4.4664883e+02
0	2	7	24	-4.3665286e+02
0	2	7	25	-4.4362360e+02
0	2	7	26	-4.6983914e+02
0	2	7	27	-4.0761813e+02
0	2	7	28	-4.0083990e+02
0	2	7	29	-4.1835443e+02
0	2	7	30	-4.2816476e+02
0	2	7	31	-5.1736005e+02
0	2	7	32	-7.0251874e+02
0	2	7	33	-3.7442438e+02
0	2	7	34	2.6251172e+02
0	2	7	35	2.3995204e+02
0	2	7	36	2.3628386e+02
0	2	7	37	2.6157397e+02
0	2	7	38	-1.9906908e+01
0	2	7	39	7.3259064e+01
0	2	7	40	2.9045139e+02
0	2	7	41	-8.7525208e+01
0	2	7	42	2.2328546e+02
0	2	7	43	1.3924426e+02
0	2	7	44	1.7877342e+02
0	2	7	45	1.3072408e+02
0	2	7	46	2.1038562e+02
0	2	7	47	1.3684944e+02
0	2	7	48	2.8042856e+01
0	2	7	49	1.2059283e+02
0	2	7	50	1.7865056e+02
0	2	7	51	7.3086243e+02
0	2	7	52	8.3513385e+02
0	2	7	53	1.3323006e+02
0	2	7	54	4.7541534e+02
0	2	7	55	3.9892154e+02
0	2	7	56	7.1933118e+02
0	2	7	57	6.4630566e+02
0	2	7	58	4.2308389e+02
0	2	7	59	3.7965256e+02
0	2	7	60	4.7498422e+02
0	2	7	61	3.7128180e+02
0	2	7	62	4.5369534e+02
0	2	7	63	4.5789444e+02
0	2	8	0	-4.3958810e+02
0	2	8	1	-4.6756360e+02
0	2	8	2	-3.6077692e+02
0	2	8	3	-4.9154269e+02
0	2	8	4	-7.2392975e+02
0	2	8	5	-5.2518396e+02
0	2	8	6	-5.3863794e+02
0	2	8	7	-7.2953375e+02
0	2	8	8	-7.1970544e+02
0	2	8	9	-6.2161310e+02
0	2	8	10	-7.0349286e+02
0	2	8	11	-4.8734634e+02
0	2	8	12	-6.1766443e+02
0	2	8	13	-5.3753711e+02
0	2	8	14	-5.0935074e+02
0	2	8	15	-6.3513263e+02
0	2	8	16	-6.7925824e+02
0	2	8	17	-6.5332025e+02
0	2	8	18	-7.7846753e+02
0	2	8	19	-5.9977173e+02
0	2	8	20	-5.7635016e+02
0	2	8	21	-6.2868378e+02
0	2	8	22	-6.9031378e+02
0	2	8	23	-4.9966791e+02
0	2	8	24	-6.8838574e+02
0	2	8	25	-7.9147644e+02
0	2	8	26	-6.5043439e+02
0	2	8	27	-7.3684589e+02
0	2	8	28	-6.3359625e+02
0	2	8	29	-7.8146509e+02
0	2	8	30	-6.9641650e+02
0	2	8	31	-6.7294330e+02
0	2	8	32	-7.3661572e+02
0	2	8	33	-7.0505725e+02
0	2	8	34	-7.4545174e+01
0	2	8	35	-6.3520691e+01
0	2	8	36	6.4978714e+01
0	2	8	37	8.4670685e+01
0	2	8	38	-7.5977486e+01
0	2	8	39	8.2819376e+00
0	2	8	40	-1.8992644e+02
0	2	8	41	-3.6367107e+01
0	2	8	42	1.5059192e+01
0	2	8	43	-9.0831886e+01
0	2	8	44	-1.3826822e+02
0	2	8	45	-1.8245900e+02
0	2	8	46	1.4366734e+01
0	2	8	47	-1.7418999e+01
0	2	8	48	6.2535183e+01
0	2	8	49	-1.3544125e+02
0	2	8	50	-3.7266754e+01
0	2	8	51	6.3340063e+02
0	2	8	52	6.2396478e+02
0	2	8	53	2.3311443e+02
0	2	8	54	8.0218071e+01
0	2	8	55	1.5426103e+01
0	2	8	56	3.0894785e+02
0	2	8	57	3.7774075e+02
0	2	8	58	3.1187698e+02
0	2	8	59	1.3505843e+02
0	2	8	60	2.1268259e+02
0	2	8	61	1.7692848e+02
0	2	8	62	1.7918681e+02
0	2	8	63	1.9984442e+02
0	2	9	0	-4.6470966e+02
0	2	9	1	-5.7290002e+02
0	2	9	2	-3.4230261e+02
0	2	9	3	-3.5664606e+02
0	2	9	4	-3.4360364e+02
0	2	9	5	-4.7754022e+02
0	2	9	6	-2.9713287e+02
0	2	9	7	-4.6066306e+02
0	2	9	8	-3.6245764e+02
0	2	9	9	-3.9911191e+02
0	2	9	10	-4.4922357e+02
0	2	9	11	-3.2950879e+02
0	2	9	12	-4.0448730e+02
0	2	9	13	-3.9757483e+02
0	2	9	14	-3.5264572e+02
0	2	9	15	-4.7750140e+02
0	2	9	16	-5.5658752e+02
0	2	9	17	-5.1141846e+02
0	2	9	18	-6.1178442e+02
0	2	9	19	-4.4457068e+02
0	2	9	20	-5.2161951e+02
0	2	9	21	-4.6948578e+02
0	2	9	22	-3.8785974e+02
0	2	9	23	-4.4869553e+02
0	2	9	24	-5.8268982e+02
0	2	9	25	-3.9965335e+02
0	2	9	26	-7.0695190e+02
0	2	9	27	-5.6302502e+02
0	2	9	28	-3.8028479e+02
0	2	9	29	-3.9205792e+02
0	2	9	30	-5.4127893e+02
0	2	9	31	-5.2836609e+02
0	2	9	32	-5.1210864e+02
0	2	9	33	-3.2123462e+02
0	2	9	34	2.1982648e+02
0	2	9	35	2.5178528e+02
0	2	9	36	2.0349370e+02
0	2	9	37	2.1218294e+02
0	2	9	38	7.1171852e+01
0	2	9	39	1.6464249e+02
0	2	9	40	7.6154694e+01
0	2	9	41	8.6937889e+01
0	2	9	42	2.1089217e+02
0	2	9	43	1.4159291e+02
0	2	9	44	1.0047569e+02
0	2	9	45	1.3932732e+02
0	2	9	46	2.5141310e+02
0	2	9	47	9.2349854e+01
0	2	9	48	2.1717322e+02
0	2	9	49	-1.6773781e+01
0	2	9	50	1.9311072e+02
0	2	9	51	7.7987085e+02
0	2	9	52	7.6397675e+02
0	2	9	53	3.6964105e+02
0	2	9	54	4.2556824e+02
0	2	9	55	3.9462341e+02
0	2	9	56	4.8468417e+02
0	2	9	57	4.0041367e+02
0	2	9	58	4.4497067e+02
0	2	9	59	4.9318570e+02
0	2	9	60	3.3190845e+02
0	2	9	61	4.4992468e+02
0	2	9	62	4.0393161e+02
0	2	9	63	3.9320480e+02
0	2	10	0	-4.0705316e+02
0	2	10	1	-4.9789188e+02
0	2	10	2	-3.7169757e+02
0	2	10	3	-4.3197543e+02
0	2	10	4	-7.1324963e+02
0	2	10	5	-4.2434079e+02
0	2	10	6	-6.2018323e+02
0	2	10	7	-3.8453799e+02
0	2	10	8	-4.7368765e+02
0	2	10	9	-3.2977585e+02
0	2	10	10	-5.8713562e+02
0	2	10	11	-4.1971576e+02
0	2	10	12	-6.1030743e+02
0	2	10	13	-5.9334796e+02
0	2	10	14	-4.8804877e+02
0	2	10	15	-4.5137656e+02
0	2	10	16	-8.6284003e+02
0	2	10	17	-5.9423993e+02
0	2	10	18	-5.5585864e+02
0	2	10	19	-6.1593579e+02
0	2	10	20	-5.7205853e+02
0	2	10	21	-5.4035864e+02
0	2	10	22	-5.1865100e+02
0	2	10	23	-6.2006091e+02
0	2	10	24	-6.1688873e+02
0	2	10	25	-4.8553873e+02
0	2	10	26	-6.5002759e+02
0	2	10	27	-5.5037036e+02
0	2	10	28	-5.3595428e+02
0	2	10	29	-6.4491864e+02
0	2	10	30	-7.4427789e+02
0	2	10	31	-5.2593762e+02
0	2	10	32	-6.3871680e+02
0	2	10	33	-7.2135071e+02
0	2	10	34	7.5836365e+01
0	2	10	35	4.5277939e+01
0	2	10	36	7.2515633e+01
0	2	10	37	6.0249187e+01
0	2	10	38	-2.2357571e+01
0	2	10	39	1.2996414e+02
0	2	10	40	2.2029507e+01
0	2	10	41	8.4066505e+01
0	2	10	42	4.1187920e+01
0	2	10	43	1.9927318e+02
0	2	10	44	2.1547971e+02
0	2	10	45	-1.5589734e+02
0	2	10	46	4.0434338e+01
0	2	10	47	-7.2773682e+01
0	2	10	48	-1.3041179e+02
0	2	10	49	6.7911926e+01
0	2	10	50	-5.1651165e+01
0	2	10	51	5.8456445e+02
0	2	10	52	6.3391315e+02
0	2	10	53	3.2592148e+02
0	2	10	54	2.3560669e+02
0	2	10	55	3.6863766e+02
0	2	10	56	5.1263678e+02
0	2	10	57	3.9828226e+02
0	2	10	58	3.9700809e+02
0	2	10	59	2.4482150e+02
0	2	10	60	3.0579309e+02
0	2	10	61	3.2249448e+02
0	2	10	62	3.7886093e+02
0	2	10	63	3.8818259e+02
0	2	11	0	-4.9111154e+02
0	2	11	1	-4.4788809e+02
0	2	11	2	-4.0823410e+02
0	2	11	3	-5.4860760e+02
0	2	11	4	-5.5543298e+02
0	2	11	5	-4.4642480e+02
0	2	11	6	-4.4218701e+02
0	2	11	7	-4.1590390e+02
0	2	11	8	-7.5461267e+02
0	2	11	9	-4.1715167e+02
0	2	11	10	-7.7855957e+02
0	2	11	11	-5.5964966e+02
0	2	11	12	-5.8979645e+02
0	2	11	13	-4.6765851e+02
0	2	11	14	-5.2187170e+02
0	2	11	15	-5.2277679e+02
0	2	11	16	-6.2573126e+02
0	2	11	17	-4.4687930e+02
0	2	11	18	-5.4290851e+02
0	2	11	19	-3.7012869e+02
0	2	11	20	-6.6795428e+02
0	2	11	21	-6.1923022e+02
0	2	11	22	-6.1515485e+02
0	2	11	23	-5.2367767e+02
0	2	11	24	-5.9763959e+02
0	2	11	25	-6.4759906e+02
0	2	11	26	-6.9119061e+02
0	2	11	27	-6.2505957e+02
0	2	11	28	-6.2705762e+02
0	2	11	29	-6.2867261e+02
0	2	11	30	-6.3493286e+02
0	2	11	31	-7.0590613e+02
0	2	11	32	-6.9554639e+02
0	2	11	33	-5.7476379e+02
0	2	11	34	7.5693687e+01
0	2	11	35	-5.0537174e+01
0	2	11	36	1.2640776e+01
0	2	11	37	3.6291920e+01
0	2	11	38	6.3610146e+01
0	2	11	39	2.4334898e+01
0	2	11	40	7.7120209e+01
0	2	11	41	3.3381908e+01
0	2	11	42	4.0201782e+01
0	2	11	43	1.8580442e+01
0	2	11	44	1.8618103e+02
0	2	11	45	1.6461826e+01
0	2	11	46	1.0215854e+02
0	2	11	47	2.2450333e+00
0	2	11	48	5.6548573e+01
0	2	11	49	6.9325630e+01
0	2	11	50	1.2943285e+02
0	2	11	51	6.8505780e+02
0	2	11	52	7.6884564e+02
0	2	11	53	2.3082126e+02
0	2	11	54	3.3059222e+02
0	2	11	55	3.3790414e+02
0	2	11	56	2.5780453e+02
0	2	11	57	3.4913010e+02
0	2	11	58	3.2206580e+02
0	2	11	59	2.4570651e+02
0	2	11	60	5.5387794e+01
0	2	11	61	2.8705194e+02
0	2	11	62	3.7584433e+02
0	2	11	63	1.3504916e+02
0	2	12	0	-3.4571149e+02
0	2	12	1	-4.6374918e+02
0	2	12	2	-2.9191962e+02
0	2	12	3	-5.7074017e+02
0	2	12	4	-4.6831735e+02
0	2	12	5	-5.2636871e+02
0	2	12	6	-4.1588940e+02
0	2	12	7	-5.9850696e+02
0	2	12	8	-5.2523834e+02
0	2	12	9	-3.8469141e+02
0	2	12	10	-6.5987848e+02
0	2	12	11	-3.9785571e+02
0	2	12	12	-6.2163458e+02
0	2	12	13	-4.7372388e+02
0	2	12	14	-5.6606586e+02
0	2	12	15	-6.1489349e+02
0	2	12	16	-6.0725281e+02
0	2	12	17	-6.9542737e+02
0	2	12	18	-7.1284753e+02
0	2	12	19	-7.0620837e+02
0	2	12	20	-7.0359546e+02
0	2	12	21	-5.6856531e+02
0	2	12	22	-5.4090808e+02
0	2	12	23	-5.5108905e+02
0	2	12	24	-8.3802057e+02
0	2	12	25	-6.0285864e+02
0	2	12	26	-6.0740210e+02
0	2	12	27	-6.1260461e+02
0	2	12	28	-5.6988770e+02
0	2	12	29	-6.2292303e+02
0	2	12	30	-6.3006171e+02
0	2	12	31	-5.8375269e+02
0	2	12	32	-8.5205634e+02
0	2	12	33	-7.0623236e+02
0	2	12	34	3.7534367e+01
0	2	12	35	5.4343601e+01
0	2	12	36	1.0664270e+02
0	2	12	37	8.3785950e+01
0	2	12	38	-6.6270340e+01
0	2	12	39	7.1435684e+01
0	2	12	40	5.4007870e+01
0	2	12	41	-2.1003786e+02
0	2	12	42	8.2527634e+01
0	2	12	43	7.0547874e+01
0	2	12	44	9.4415382e+01
0	2	12	45	2.7107372e+01
0	2	12	46	-1.5302522e+02
0	2	12	47	-1.2577650e+02
0	2	12	48	2.0451393e+01
0	2	12	49	-1.1070026e+02
0	2	12	50	-7.6780441e+01
0	2	12	51	5.9423651e+02
0	2	12	52	5.4348187e+02
0	2	12	53	1.5892673e+02
0	2	12	54	1.2022462e+02
0	2	12	55	9.0261841e+01
0	2	12	56	3.8232901e+02
0	2	12	57	4.6208319e+02
0	2	12	58	3.8613049e+02
0	2	12	59	2.7160779e+02
0	2	12	60	3.1770755e+02
0	2	12	61	3.1937433e+02
0	2	12	62	4.0454553e+02
0	2	12	63	4.2468457e+02
0	2	13	0	-4.8768240e+02
0	2	13	1	-2.5036642e+02
0	2	13	2	-2.4605637e+02
0	2	13	3	-4.1325131e+02
0	2	13	4	-4.1353018e+02
0	2	13	5	-3.0025189e+02
0	2	13	6	-2.9836209e+02
0	2	13	7	-5.4354193e+02
0	2	13	8	-5.1987262e+02
0	2	13	9	-4.9252438e+02
0	2	13	10	-5.0448608e+02
0	2	13	11	-3.0234244e+02
0	2	13	12	-5.4128583e+02
0	2	13	13	-2.8134341e+02
0	2	13	14	-5.0473877e+02
0	2	13	15	-4.7442288e+02
0	2	13	16	-4.9016965e+02
0	2	13	17	-4.4093268e+02
0	2	13	18	-6.2934003e+02
0	2	13	19	-5.2116559e+02
0	2	13	20	-6.4010254e+02
0	2	13	21	-7.4879333e+02
0	2	13	22	-5.0290869e+02
0	2	13	23	-7.2348218e+02
0	2	13	24	-5.7102344e+02
0	2	13	25	-6.5868384e+02
0	2	13	26	-5.7080206e+02
0	2	13	27	-6.8754767e+02
0	2	13	28	-6.4435547e+02
0	2	13	29	-4.4488336e+02
0	2	13	30	-4.6644473e+02
0	2	13	31	-4.9095712e+02
0	2	13	32	-6.1784186e+02
0	2	13	33	-5.5581244e+02
0	2	13	34	9.5006073e+01
0	2	13	35	9.4250092e+01
0	2	13	36	-3.4835430e+01
0	2	13	37	9.5066193e+01
0	2	13	38	2.2829594e+02
0	2	13	39	1.8031082e+02
0	2	13	40	1.0791402e+02
0	2	13	41	1.4570888e+02
0	2	13	42	1.9160623e+02
0	2	13	43	7.7331963e+01
0	2	13	44	1.8158492e+02
0	2	13	45	7.7366875e+01
0	2	13	46	1.2713763e+02
0	2	13	47	1.2319913e+02
0	2	13	48	1.3659378e+02
0	2	13	49	2.8689686e+01
0	2	13	50	2.2110579e+02
0	2	13	51	6.5202075e+02
0	2	13	52	7.2044080e+02
0	2	13	53	3.2321088e+02
0	2	13	54	3.6545538e+02
0	2	13	55	4.6438071e+02
0	2	13	56	3.2829523e+02
0	2	13	57	4.0907227e+02
0	2	13	58	4.6630652e+02
0	2	13	59	5.2700885e+02
0	2	13	60	2.5167459e+02
0	2	13	61	6.9229614e+01
0	2	13	62	3.9011740e+02
0	2	13	63	4.1954883e+02
0	2	14	0	-2.0669484e+02
0	2	14	1	-3.3779633e+02
0	2	14	2	-3.0111105e+02
0	2	14	3	-2.3811229e+02
0	2	14	4	-5.5785364e+02
0	2	14	5	-4.0359735e+02
0	2	14	6	-3.4860519e+02
0	2	14	7	-2.7781604e+02
0	2	14	8	-3.3156577e+02
0	2	14	9	-2.4381792e+02
0	2	14	10	-3.6426669e+02
0	2	14	11	-3.0311139e+02
0	2	14	12	-4.1452603e+02
0	2	14	13	-4.4974548e+02
0	2	14	14	-3.0588956e+02
0	2	14	15	-4.4995142e+02
0	2	14	16	-3.9539966e+02
0	2	14	17	-4.8274277e+02
0	2	14	18	-4.9759976e+02
0	2	14	19	-5.6414520e+02
0	2	14	20	-5.0879587e+02
0	2	14	21	-3.2273553e+02
0	2	14	22	-6.4957257e+02
0	2	14	23	-4.5001883e+02
0	2	14	24	-5.4532697e+02
0	2	14	25	-6.5381458e+02
0	2	14	26	-6.6923792e+02
0	2	14	27	-4.8647299e+02
0	2	14	28	-5.5461346e+02
0	2	14	29	-5.8065009e+02
0	2	14	30	-7.2410297e+02
0	2	14	31	-4.6393845e+02
0	2	14	32	-5.7213818e+02
0	2	14	33	-5.5763348e+02
0	2	14	34	1.4805179e+02
0	2	14	35	2.3690999e+02
0	2	14	36	5.8156425e+01
0	2	14	37	2.4467972e+02
0	2	14	38	1.2714653e+02
0	2	14	39	3.4575226e+02
0	2	14	40	2.0733914e+02
0	2	14	41	2.1882147e+02
0	2	14	42	2.1059268e+02
0	2	14	43	1.3375540e+02
0	2	14	44	4.9904288e+02
0	2	14	45	2.1181908e+02
0	2	14	46	3.5374472e+02
0	2	14	47	3.2018832e+02
0	2	14	48	5.2106958e+02
0	2	14	49	1.7294232e+02
0	2	14	50	2.4728513e+02
0	2	14	51	7.8229993e+02
0	2	14	52	9.8447748e+02
0	2	14	53	5.4890771e+02
0	2	14	54	6.5204785e+02
0	2	14	55	6.6062537e+02
0	2	14	56	7.9573871e+02
0	2	14	57	6.8882593e+02
0	2	14	58	5.0848758e+02
0	2	14	59	5.2848993e+02
0	2	14	60	5.4346570e+02
0	2	14	61	5.5409607e+02
0	2	14	62	5.6371552e+02
0	2	14	63	6.3189880e+02
0	2	15	0	-6.7609192e+01
0	2	15	1	-1.5106987e+02
0	2	15	2	-1.7286266e+02
0	2	15	3	-1.8505864e+02
0	2	15	4	-3.4594122e+02
0	2	15	5	-2.1338821e+02
0	2	15	6	-1.3700739e+02
0	2	15	7	-5.4567513e+01
0	2	15	8	-1.2496187e+02
0	2	15	9	-2.3359015e+02
0	2	15	10	-9.0622383e+01
0	2	15	11	-2.7130167e+02
0	2	15	12	-2.9666846e+02
0	2	15	13	-1.1655648e+02
0	2	15	14	-4.1134793e+02
0	2	15	15	-3.3450400e+02
0	2	15	16	-1.0632342e+02
0	2	15	17	-3.4386197e+02
0	2	15	18	-2.7248209e+02
0	2	15	19	-3.5372534e+02
0	2	15	20	-2.9578705e+02
0	2	15	21	-2.9084479e+02
0	2	15	22	-2.8996808e+02
0	2	15	23	-3.2319833e+02
0	2	15	24	-3.3138623e+02
0	2	15	25	-4.4420258e+02
0	2	15	26	-3.3982535e+02
0	2	15	27	-4.8662894e+02
0	2	15	28	-4.3397250e+02
0	2	15	29	-5.1905896e+02
0	2	15	30	-4.0746329e+02
0	2	15	31	-5.7440295e+02
0	2	15	32	-6.6954987e+02
0	2	15	33	-4.1555664e+02
0	2	15	34	1.7056673e+02
0	2	15	35	-8.6824474e+00
0	2	15	36	3.0376282e+02
0	2	15	37	3.2843881e+02
0	2	15	38	2.7308020e+02
0	2	15	39	3.1244131e+02
0	2	15	40	2.7405185e+02
0	2	15	41	1.3105399e+02
0	2	15	42	2.9881107e+02
0	2	15	43	1.3062752e+02
0	2	15	44	4.1418353e+02
0	2	15	45	2.4530034e+02
0	2	15	46	2.5971265e+02
0	2	15	47	-3.6988083e+01
0	2	15	48	4.5299796e+02
0	2	15	49	4.7451123e+02
0	2	15	50	3.0987360e+02
0	2	15	51	8.8409747e+02
0	2	15	52	8.4265765e+02
0	2	15	53	4.4718668e+02
0	2	15	54	4.6692596e+02
0	2	15	55	6.6881348e+02
0	2	15	56	8.3248816e+02
0	2	15	57	7.0927991e+02
0	2	15	58	5.5036023e+02
0	2	15	59	4.0299203e+02
0	2	15	60	6.1248254e+02
0	2	15	61	3.9256870e+02
0	2	15	62	4.5267923e+02
0	2	15	63	2.9789069e+02
1	0	0	0	-2.7334454e+02
1	0	0	1	-1.8629518e+02
1	0	0	2	-1.7119588e+02
1	0	0	3	-3.2190695e+02
1	0	0	4	-2.1194528e+02
1	0	0	5	-3.5258780e+02
1	0	0	6	-2.9651190e+02
1	0	0	7	-1.0453607e+02
1	0	0	8	-2.3780464e+02
1	0	0	9	-1.0785370e+02
1	0	0	10	-2.4799426e+02
1	0	0	11	-2.7156659e+02
1	0	0	12	-4.9315936e+02
1	0	0	13	-2.4664490e+02
1	0	0	14	-2.2818492e+02
1	0	0	15	-2.7529550e+02
1	0	0	16	-4.9929523e+02
1	0	0	17	-4.1283762e+02
1	0	0	18	-2.7423941e+02
1	0	0	19	-4.3844653e+02
1	0	0	20	-3.0484067e+02
1	0	0	21	-3.6020892e+02
1	0	0	22	-4.7705573e+02
1	0	0	23	-5.3705377e+02
1	0	0	24	-4.2349954e+02
1	0	0	25	-5.3088293e+02
1	0	0	26	-3.2785626e+02
1	0	0	27	-4.9117374e+02
1	0	0	28	-3.0760828e+02
1	0	0	29	-4.1514807e+02
1	0	0	30	-4.2044592e+02
1	0	0	31	-4.3743887e+02
1	0	0	32	-3.9148468e+02
1	0	0	33	-5.5510040e+02
1	0	0	34	1.2591972e+02
1	0	0	35	1.3813815e+02
1	0	0	36	2.5483646e+02
1	0	0	37	2.4944901e+02
1	0	0	38	3.0865210e+02
1	0	0	39	1.6230612e+02
1	0	0	40	1.9077060e+02
1	0	0	41	2.8815796e+02
1	0	0	42	4.2074896e+02
1	0	0	43	2.7560489e+02
1	0	0	44	2.5643933e+02
1	0	0	45	9.5866112e+01
1	0	0	46	3.3567868e+02
1	0	0	47	2.6511835e+02
1	0	0	48	3.5492627e+02
1	0	0	49	2.7778513e+02
1	0	0	50	3.7785040e+02
1	0	0	51	8.7772168e+02
1	0	0	52	9.8760425e+02
1	0	0	53	7.2528168e+02
1	0	0	54	4.9052249e+02
1	0	0	55	6.0748389e+02
1	0	0	56	7.8184576e+02
1	0	0	57	7.3879919e+02
1	0	0	58	4.9071118e+02
1	0	0	59	5.2735370e+02
1	0	0	60	5.8016016e+02
1	0	0	61	4.6341165e+02
1	0	0	62	5.2438556e+02
1	0	0	63	5.4508862e+02
1	0	1	0	4.7283772e+01
1	0	1	1	2.0416676e+02
1	0	1	2	-4.2638046e+01
1	0	1	3	3.2444266e+02
1	0	1	4	7.9221542e+01
1	0	1	5	2.6849252e+02
1	0	1	6	1.5773123e+02
1	0	1	7	7.7710945e+01
1	0	1	8	1.6879276e+02
1	0	1	9	1.8001584e+02
1	0	1	10	-7.5667732e+01
1	0	1	11	1.2247832e+02
1	0	1	12	1.3711980e+02
1	0	1	13	4.3704975e+01
1	0	1	14	-1.2515337e+02
1	0	1	15	2.1494557e+02
1	0	1	16	-1.5906306e+02
1	0	1	17	1.2077736e+02
1	0	1	18	1.7090158e+02
1	0	1	19	1.1290279e+02
1	0	1	20	1.0808274e+02
1	0	1	21	2.1911998e+02
1	0	1	22	-3.9685963e+01
1	0	1	23	2.3030032e+02
1	0	1	24	7.0159821e+01
1	0	1	25	1.8650568e+02
1	0	1	26	2.3313571e+02
1	0	1	27	-1.1407664e+02
1	0	1	28	1.5105424e+02
1	0	1	29	3.5470749e+01
1	0	1	30	2.4796228e+01
1	0	1	31	-7.4495415e+01
1	0	1	32	1.8110796e+02
1	0	1	33	1.2608458e+02
1	0	1	34	8.0509058e+02
1	0	1	35	7.7655640e+02
1	0	1	36	6.4678754e+02
1	0	1	37	7.8719568e+02
1	0	1	38	7.6547925e+02
1	0	1	39	7.8193933e+02
1	0	1	40	9.2023981e+02
1	0	1	41	7.9975574e+02
1	0	1	42	8.6545068e+02
1	0	1	43	7.0420496e+02
1	0	1	44	7.9969012e+02
1	0	1	45	7.5182062e+02
1	0	1	46	7.7204016e+02
1	0	1	47	8.3718896e+02
1	0	1	48	5.2281287e+02
1	0	1	49	7.8517896e+02
1	0	1	50	8.2333527e+02
1	0	1	51	1.3588610e+03
1	0	1	52	1.4954897e+03
1	0	1	53	1.0821587e+03
1	0	1	54	1.1446544e+03
1	0	1	55	1.0682479e+03
1	0	1	56	1.2145220e+03
1	0	1	57	9.0520593e+02
1	0	1	58	1.1047861e+03
1	0	1	59	1.0722639e+03
1	0	1	60	1.1182223e+03
1	0	1	61	1.0199110e+03
1	0	1	62	1.0394517e+03
1	0	1	63	1.2510466e+03
1	0	2	0	-1.8313060e+02
1	0	2	1	-1.6074638e+02
1	0	2	2	-1.7082478e+02
1	0	2	3	-1.3412881e+02
1	0	2	4	-1.1256770e+02
1	0	2	5	-1.8239659e+02
1	0	2	6	-1.1911537e+02
1	0	2	7	-1.4817686e+02
1	0	2	8	-2.1596918e+02
1	0	2	9	-1.4017813e+02
1	0	2	10	-2.9425363e+02
1	0	2	11	-2.4986342e+02
1	0	2	12	-2.2320364e+02
1	0	2	13	-1.8002164e+02
1	0	2	14	-2.4291687e+02
1	0	2	15	-3.4007764e+02
1	0	2	16	-3.0007663e+02
1	0	2	17	-3.4553452e+02
1	0	2	18	-2.4499727e+02
1	0	2	19	-4.1215436e+02
1	0	2	20	-3.6540558e+02
1	0	2	21	-3.1530563e+02
1	0	2	22	-3.4944745e+02
1	0	2	23	-4.2132486e+02
1	0	2	24	-3.7458350e+02
1	0	2	25	-2.8159290e+02
1	0	2	26	-4.6881598e+02
1	0	2	27	-2.8399362e+02
1	0	2	28	-3.9732330e+02
1	0	2	29	-2.7796680e+02
1	0	2	30	-4.0199774e+02
1	0	2	31	-3.6856317e+02
1	0	2	32	-2.8380145e+02
1	0	2	33	-2.8706500e+02
1	0	2	34	1.5787431e+02
1	0	2	35	3.4884900e+02
1	0	2	36	4.2429053e+02
1	0	2	37	4.7282257e+02
1	0	2	38	3.6999847e+02
1	0	2	39	3.1944534e+02
1	0	2	40	3.4255515e+02
1	0	2	41	1.4730354e+02
1	0	2	42	5.4233795e+02
1	0	2	43	2.9572314e+02
1	0	2	44	4.1104779e+02
1	0	2	45	3.8846460e+02
1	0	2	46	3.8341107e+02
1	0	2	47	2.9410123e+02
1	0	2	48	5.1257446e+02
1	0	2	49	2.3032292e+02
1	0	2	50	5.0072003e+02
1	0	2	51	1.0531691e+03
1	0	2	52	1.0568262e+03
1	0	2	53	6.4665820e+02
1	0	2	54	6.1923895e+02
1	0	2	55	6.0877728e+02
1	0	2	56	8.4434833e+02
1	0	2	57	8.1741553e+02
1	0	2	58	7.1762787e+02
1	0	2	59	8.3748010e+02
1	0	2	60	7.1081421e+02
1	0	2	61	6.2896069e+02
1	0	2	62	6.7909979e+02
1	0	2	63	7.1398792e+02
1	0	3	0	8.3820030e+01
1	0	3	1	1.2442619e+02
1	0	3	2	-1.8152907e+02
1	0	3	3	-7.6677467e+01
1	0	3	4	-5.5067856e+01
1	0	3	5	-1.6971352e+01
1	0	3	6	5.7300911e+01
1	0	3	7	-1.5510429e+02
1	0	3	8	-1.3535939e+01
1	0	3	9	2.2697374e+01
1	0	3	10	-5.5209774e-01
1	0	3	11	-1.0281513e+02
1	0	3	12	-8.0244621e+01
1	0	3	13	-1.3516231e+02
1	0	3	14	-1.5818633e+02
1	0	3	15	-1.8003145e+02
1	0	3	16	-2.3234837e+02
1	0	3	17	-2.6206282e+01
1	0	3	18	-1.5667159e+02
1	0	3	19	-5.6208508e+01
1	0	3	20	-2.0313033e+02
1	0	3	21	-7.2180107e+01
1	0	3	22	-2.9268311e+02
1	0	3	23	-4.9523891e+01
1	0	3	24	-1.6581305e+02
1	0	3	25	-1.4359390e+02
1	0	3	26	-2.4917900e+02
1	0	3	27	-2.2664735e+02
1	0	3	28	-9.8156647e+01
1	0	3	29	-6.7660309e+01
1	0	3	30	-3.8678491e+02
1	0	3	31	-2.9972443e+02
1	0	3	32	-2.7844977e+02
1	0	3	33	-4.3361215e+02
1	0	3	34	4.0878619e+02
1	0	3	35	2.1116757e+02
1	0	3	36	4.4846838e+02
1	0	3	37	3.6494809e+02
1	0	3	38	5.0371564e+02
1	0	3	39	5.0681543e+02
1	0	3	40	4.6656589e+02
1	0	3	41	5.9859912e+02
1	0	3	42	4.7829306e+02
1	0	3	43	4.1774576e+02
1	0	3	44	5.0285544e+02
1	0	3	45	3.1255823e+02
1	0	3	46	3.5605237e+02
1	0	3	47	4.0725259e+02
1	0	3	48	4.4879654e+02
1	0	3	49	2.5634961e+02
1	0	3	50	5.5589276e+02
1	0	3	51	1.0417544e+03
1	0	3	52	9.8466052e+02
1	0	3	53	4.7045792e+02
1	0	3	54	5.6666156e+02
1	0	3	55	7.6219232e+02
1	0	3	56	8.0790845e+02
1	0	3	57	8.0559888e+02
1	0	3	58	7.4596368e+02
1	0	3	59	6.2201038e+02
1	0	3	60	5.7687079e+02
1	0	3	61	5.2773462e+02
1	0	3	62	6.8430273e+02
1	0	3	63	7.0768817e+02
1	0	4	0	1.0831056e+01
1	0	4	1	-3.3768390e+02
1	0	4	2	-5.8050243e+01
1	0	4	3	-2.7089254e+01
1	0	4	4	-2.1683531e+02
1	0	4	5	-4.8505405e+01
1	0	4	6	-4.3340076e+01
1	0	4	7	-1.3721330e+02
1	0	4	8	-9.0445969e+01
1	0	4	9	-1.0197477e+02
1	0	4	10	-2.8704898e+02
1	0	4	11	-2.4456847e+02
1	0	4	12	-2.2806232e+02
1	0	4	13	-1.7043958e+02
1	0	4	14	4.7556114e+01
1	0	4	15	-8.3617455e+01
1	0	4	16	-2.4392558e+02
1	0	4	17	-2.6021991e+02
1	0	4	18	-3.6275656e+02
1	0	4	19	-1.4641731e+02
1	0	4	20	-2.8444983e+02
1	0	4	21	-1.6410011e+02
1	0	4	22	-1.7023291e+02
1	0	4	23	-2.9284769e+02
1	0	4	24	-2.7775345e+02
1	0	4	25	-2.4310036e+02
1	0	4	26	-3.5612628e+02
1	0	4	27	-3.9123535e+02
1	0	4	28	-4.2367776e+02
1	0	4	29	-2.8663342e+02
1	0	4	30	-2.4016576e+02
1	0	4	31	-2.7614774e+02
1	0	4	32	-3.5067343e+02
1	0	4	33	-3.5578995e+02
1	0	4	34	3.5417960e+02
1	0	4	35	3.8885413e+02
1	0	4	36	3.8122052e+02
1	0	4	37	3.4467664e+02
1	0	4	38	4.0180380e+02
1	0	4	39	4.1906360e+02
1	0	4	40	3.1888596e+02
1	0	4	41	3.3717932e+02
1	0	4	42	4.3154288e+02
1	0	4	43	5.1669067e+02
1	0	4	44	5.4464209e+02
1	0	4	45	1.1127047e+02
1	0	4	46	4.1591965e+02
1	0	4	47	3.0614368e+02
1	0	4	48	3.5418265e+02
1	0	4	49	1.9257651e+02
1	0	4	50	2.9785483e+02
1	0	4	51	9.6325800e+02
1	0	4	52	1.0984290e+03
1	0	4	53	7.2957397e+02
1	0	4	54	4.1609607e+02
1	0	4	55	8.2055963e+02
1	0	4	56	9.0942218e+02
1	0	4	57	1.0143787e+03
1	0	4	58	7.9844818e+02
1	0	4	59	5.6370978e+02
1	0	4	60	6.6373663e+02
1	0	4	61	7.6627771e+02
1	0	4	62	5.7485266e+02
1	0	4	63	5.1090613e+02
1	0	5	0	-1.1485352e+02
1	0	5	1	-1.4782623e+02
1	0	5	2	-2.0478415e+02
1	0	5	3	-1.7390837e+02
1	0	5	4	-3.2984415e+02
1	0	5	5	-1.0061136e+02
1	0	5	6	-1.7442700e+02
1	0	5	7	-1.6857069e+02
1	0	5	8	-7.6379204e+01
1	0	5	9	-1.7538603e+02
1	0	5	10	-1.7749823e+02
1	0	5	11	-1.8355640e+02
1	0	5	12	-4.7254883e+02
1	0	5	13	-2.0202946e+02
1	0	5	14	-5.1214154e+02
1	0	5	15	-1.2213189e+02
1	0	5	16	-3.0246097e+02
1	0	5	17	-3.9379312e+02
1	0	5	18	-3.8393027e+02
1	0	5	19	-3.1833182e+02
1	0	5	20	-4.1982968e+02
1	0	5	21	-2.9168921e+02
1	0	5	22	-5.0422034e+02
1	0	5	23	-3.5469409e+02
1	0	5	24	-2.1005511e+02
1	0	5	25	-3.2209378e+02
1	0	5	26	-4.7452798e+02
1	0	5	27	-3.1811682e+02
1	0	5	28	-2.8176074e+02
1	0	5	29	-3.5477237e+02
1	0	5	30	-3.8032800e+02
1	0	5	31	-4.0648547e+02
1	0	5	32	-3.3983115e+02
1	0	5	33	-4.3497235e+02
1	0	5	34	2.7925317e+02
1	0	5	35	3.5897556e+02
1	0	5	36	2.4285158e+02
1	0	5	37	3.4725977e+02
1	0	5	38	3.6797202e+02
1	0	5	39	4.1446771e+02
1	0	5	40	2.7579614e+02
1	0	5	41	2.8068591e+02
1	0	5	42	4.3779126e+02
1	0	5	43	2.6780106e+02
1	0	5	44	4.6544223e+02
1	0	5	45	1.7446135e+02
1	0	5	46	2.9902808e+02
1	0	5	47	4.4266345e+02
1	0	5	48	2.2109038e+02
1	0	5	49	3.9793805e+02
1	0	5	50	4.9607187e+02
1	0	5	51	9.2562939e+02
1	0	5	52	1.0218792e+03
1	0	5	53	7.9644623e+02
1	0	5	54	6.8187244e+02
1	0	5	55	5.8650171e+02
1	0	5	56	7.6816486e+02
1	0	5	57	7.8940918e+02
1	0	5	58	6.2552759e+02
1	0	5	59	6.6340143e+02
1	0	5	60	7.2412268e+02
1	0	5	61	4.4327652e+02
1	0	5	62	5.9388348e+02
1	0	5	63	7.5049860e+02
1	0	6	0	-1.8074509e+02
1	0	6	1	-2.2559497e+02
1	0	6	2	-4.2640717e+01
1	0	6	3	-2.4625807e+02
1	0	6	4	-1.8210818e+02
1	0	6	5	-2.3658148e+02
1	0	6	6	-2.4067952e+02
1	0	6	7	-2.0733205e+02
1	0	6	8	-2.8080423e+02
1	0	6	9	-8.3807899e+01
1	0	6	10	-2.5692319e+02
1	0	6	11	-8.3667389e+01
1	0	6	12	-3.5340283e+02
1	0	6	13	-2.5664886e+02
1	0	6	14	-2.2506180e+02
1	0	6	15	-1.7521278e+02
1	0	6	16	-3.4890735e+02
1	0	6	17	-3.7003549e+02
1	0	6	18	-2.9146167e+02
1	0	6	19	-4.1849069e+02
1	0	6	20	-2.1404771e+02
1	0	6	21	-3.3740460e+02
1	0	6	22	-3.6067258e+02
1	0	6	23	-3.3163138e+02
1	0	6	24	-3.0886392e+02
1	0	6	25	-2.7628412e+02
1	0	6	26	-3.2112268e+02
1	0	6	27	-3.0421173e+02
1	0	6	28	-3.7238391e+02
1	0	6	29	-2.8815076e+02
1	0	6	30	-3.7210873e+02
1	0	6	31	-3.6026083e+02
1	0	6	32	-3.9775201e+02
1	0	6	33	-3.2551105e+02
1	0	6	34	4.0065881e+02
1	0	6	35	4.6879855e+02
1	0	6	36	4.6790961e+02
1	0	6	37	3.9726801e+02
1	0	6	38	4.8118048e+02
1	0	6	39	4.6895422e+02
1	0	6	40	3.5317017e+02
1	0	6	41	3.6059808e+02
1	0	6	42	4.5207626e+02
1	0	6	43	5.1771539e+02
1	0	6	44	5.7734180e+02
1	0	6	45	4.1494785e+02
1	0	6	46	5.3060345e+02
1	0	6	47	4.1558524e+02
1	0	6	48	5.0740076e+02
1	0	6	49	4.7520078e+02
1	0	6	50	5.5471887e+02
1	0	6	51	1.0357908e+03
1	0	6	52	1.0617136e+03
1	0	6	53	6.8184515e+02
1	0	6	54	6.9059723e+02
1	0	6	55	8.0858850e+02
1	0	6	56	9.1691248e+02
1	0	6	57	9.2815057e+02
1	0	6	58	8.0269849e+02
1	0	6	59	7.3246643e+02
1	0	6	60	6.7952997e+02
1	0	6	61	5.6227277e+02
1	0	6	62	6.2449591e+02
1	0	6	63	7.0507697e+02
1	0	7	0	2.3880758e+01
1	0	7	1	-2.8171165e+01
1	0	7	2	-1.1182925e+02
1	0	7	3	-4.1129677e+01
1	0	7	4	-9.3915260e+01
1	0	7	5	3.2831469e+00
1	0	7	6	-2.7922985e+01
1	0	7	7	4.9674992e+01
1	0	7	8	-6.2520191e+01
1	0	7	9	-1.2833754e+02
1	0	7	10	-1.4335124e+02
1	0	7	11	-9.1356186e+01
1	0	7	12	-1.6930679e+02
1	0	7	13	-2.9453560e+01
1	0	7	14	-1.9686748e+02
1	0	7	15	-1.1762639e+02
1	0	7	16	-1.6703580e+02
1	0	7	17	-1.9895413e+02
1	0	7	18	-1.8311949e+02
1	0	7	19	-1.6128148e+02
1	0	7	20	-1.9046347e+02
1	0	7	21	-1.8337294e+02
1	0	7	22	-1.3702229e+02
1	0	7	23	-1.5535442e+02
1	0	7	24	-1.6370677e+02
1	0	7	25	-2.7327481e+02
1	0	7	26	-2.4770366e+02
1	0	7	27	-2.2380801e+02
1	0	7	28	-1.8045168e+02
1	0	7	29	-3.0046756e+02
1	0	7	30	-2.4364981e+02
1	0	7	31	-2.5541922e+02
1	0	7	32	-2.9813589e+02
1	0	7	33	-2.7017038e+02
1	0	7	34	3.8981387e+02
1	0	7	35	3.5954010e+02
1	0	7	36	4.4972589e+02
1	0	7	37	-8.7060303e+03
1	0	7	38	5.1029227e+02
1	0	7	39	3.8038760e+02
1	0	7	40	3.3683130e+02
1	0	7	41	3.1947083e+02
1	0	7	42	4.2297382e+02
1	0	7	43	3.2635440e+02
1	0	7	44	4.2614841e+02
1	0	7	45	3.2434796e+02
1	0	7	46	2.6437277e+02
1	0	7	47	3.3559827e+02
1	0	7	48	3.2916959e+02
1	0	7	49	2.9647504e+02
1	0	7	50	2.9036508e+02
1	0	7	51	9.3235333e+02
1	0	7	52	8.6903687e+02
1	0	7	53	5.6070343e+02
1	0	7	54	6.3647070e+02
1	0	7	55	8.4934229e+02
1	0	7	56	7.3649756e+02
1	0	7	57	7.9444189e+02
1	0	7	58	7.7873511e+02
1	0	7	59	6.4474951e+02
1	0	7	60	8.1896265e+02
1	0	7	61	7.0600391e+02
1	0	7	62	6.6247876e+02
1	0	7	63	6.4809344e+02
1	0	8	0	-2.6563557e+01
1	0	8	1	-2.0834610e+02
1	0	8	2	-1.5751193e+02
1	0	8	3	-2.9266290e+02
1	0	8	4	-1.5006903e+02
1	0	8	5	-1.8966830e+02
1	0	8	6	-2.1963460e+02
1	0	8	7	-2.5836801e+02
1	0	8	8	-2.6946237e+02
1	0	8	9	-5.1961731e+01
1	0	8	10	-3.6867520e+02
1	0	8	11	1.0164481e+02
1	0	8	12	-1.3003833e+02
1	0	8	13	-3.4050418e+02
1	0	8	14	-2.4642834e+02
1	0	8	15	-3.3920514e+02
1	0	8	16	-3.6954047e+02
1	0	8	17	-3.4035971e+02
1	0	8	18	-5.5016962e+02
1	0	8	19	-3.6864963e+02
1	0	8	20	-2.8711761e+02
1	0	8	21	-4.2026184e+02
1	0	8	22	-2.8814569e+02
1	0	8	23	-1.5478175e+02
1	0	8	24	-4.2411099e+02
1	0	8	25	-3.8878076e+02
1	0	8	26	-3.7584711e+02
1	0	8	27	-2.9590512e+02
1	0	8	28	-4.0880875e+02
1	0	8	29	-4.0241437e+02
1	0	8	30	-3.2153955e+02
1	0	8	31	-3.2163074e+02
1	0	8	32	-3.6264999e+02
1	0	8	33	-5.1187860e+02
1	0	8	34	1.4731509e+02
1	0	8	35	3.0711703e+02
1	0	8	36	2.6958170e+02
1	0	8	37	6.2508130e+02
1	0	8	38	5.0932620e+02
1	0	8	39	4.6990106e+02
1	0	8	40	3.9004199e+02
1	0	8	41	3.8464786e+02
1	0	8	42	4.5315088e+02
1	0	8	43	2.4793570e+02
1	0	8	44	4.8951022e+02
1	0	8	45	4.7695389e+02
1	0	8	46	3.8550946e+02
1	0	8	47	4.1925168e+02
1	0	8	48	4.4540540e+02
1	0	8	49	4.5033682e+02
1	0	8	50	5.6107056e+02
1	0	8	51	1.2118680e+03
1	0	8	52	1.0660240e+03
1	0	8	53	6.4523798e+02
1	0	8	54	5.5184601e+02
1	0	8	55	8.0030518e+02
1	0	8	56	7.7815680e+02
1	0	8	57	9.5904333e+02
1	0	8	58	6.2718445e+02
1	0	8	59	7.2624957e+02
1	0	8	60	7.9934241e+02
1	0	8	61	8.5315936e+02
1	0	8	62	8.4618921e+02
1	0	8	63	7.2128583e+02
1	0	9	0	1.5160083e+02
1	0	9	1	-2.2959048e+02
1	0	9	2	3.8003567e+01
1	0	9	3	4.8077469e+01
1	0	9	4	-1.9639482e+02
1	0	9	5	2.4889815e+02
1	0	9	6	-5.7640545e+01
1	0	9	7	-4.0571583e+01
1	0	9	8	1.5015126e+02
1	0	9	9	-7.5057861e+01
1	0	9	10	-8.5419510e+01
1	0	9	11	-8.2716690e+01
1	0	9	12	-9.4509758e+01
1	0	9	13	-9.8978720e+00
1	0	9	14	-1.3891980e+02
1	0	9	15	-1.0080817e+02
1	0	9	16	-2.8486182e+02
1	0	9	17	-1.7150742e+02
1	0	9	18	-1.4250908e+02
1	0	9	19	-3.3419473e+02
1	0	9	20	-3.3426096e+02
1	0	9	21	-1.9933589e+02
1	0	9	22	-1.2867723e+02
1	0	9	23	-3.8280972e+01
1	0	9	24	-2.7008752e+02
1	0	9	25	-4.8622817e-01
1	0	9	26	-4.0676514e+02
1	0	9	27	-1.3102286e+02
1	0	9	28	-2.3030981e+02
1	0	9	29	-1.9265198e+02
1	0	9	30	-1.6997992e+02
1	0	9	31	-2.7828223e+02
1	0	9	32	-2.2137711e+02
1	0	9	33	-2.3381955e+02
1	0	9	34	5.5483618e+02
1	0	9	35	4.0036407e+02
1	0	9	36	5.7382526e+02
1	0	9	37	4.2275677e+02
1	0	9	38	5.1322485e+02
1	0	9	39	2.0450243e+02
1	0	9	40	6.5024237e+02
1	0	9	41	3.6984305e+02
1	0	9	42	4.8819955e+02
1	0	9	43	5.6254285e+02
1	0	9	44	3.5511099e+02
1	0	9	45	2.1827751e+02
1	0	9	46	4.0367435e+02
1	0	9	47	4.1568625e+02
1	0	9	48	4.3244510e+02
1	0	9	49	3.5219843e+02
1	0	9	50	5.2382654e+02
1	0	9	51	7.0013824e+02
1	0	9	52	1.0821241e+03
1	0	9	53	6.7042395e+02
1	0	9	54	6.8257098e+02
1	0	9	55	6.2900305e+02
1	0	9	56	8.1989337e+02
1	0	9	57	8.4454016e+02
1	0	9	58	8.1024774e+02
1	0	9	59	6.1457098e+02
1	0	9	60	6.6788855e+02
1	0	9	61	6.0880164e+02
1	0	9	62	7.2751135e+02
1	0	9	63	8.9155701e+02
1	0	10	0	1.3501413e+01
1	0	10	1	-1.5257658e+02
1	0	10	2	6.3697407e+01
1	0	10	3	4.6397442e+01
1	0	10	4	-1.2935631e+02
1	0	10	5	-1.1487720e+02
1	0	10	6	-1.4056470e+02
1	0	10	7	-4.8349037e+00
1	0	10	8	-1.7583836e+02
1	0	10	9	-5.9766792e+01
1	0	10	10	-2.1099207e+02
1	0	10	11	-2.6134100e+02
1	0	10	12	-5.9631260e+01
1	0	10	13	-6.4832016e+01
1	0	10	14	-1.0297395e+02
1	0	10	15	-9.8716637e+01
1	0	10	16	-1.9531151e+02
1	0	10	17	-2.9863092e+02
1	0	10	18	-1.3817355e+02
1	0	10	19	-2.2188411e+02
1	0	10	20	-1.1061252e+02
1	0	10	21	-8.8205376e+01
1	0	10	22	-2.0897920e+02
1	0	10	23	-2.6425729e+02
1	0	10	24	-2.2586060e+02
1	0	10	25	-2.0260670e+02
1	0	10	26	-2.5126076e+02
1	0	10	27	-2.6351996e+02
1	0	10	28	-1.1375146e+02
1	0	10	29	-2.1710872e+02
1	0	10	30	-3.1657053e+02
1	0	10	31	-2.4106935e+02
1	0	10	32	-2.9025113e+02
1	0	10	33	-4.0186200e+02
1	0	10	34	3.9505600e+02
1	0	10	35	5.2680634e+02
1	0	10	36	4.7236624e+02
1	0	10	37	4.4245389e+02
1	0	10	38	4.0658752e+02
1	0	10	39	4.6423294e+02
1	0	10	40	4.3565469e+02
1	0	10	41	3.6420245e+02
1	0	10	42	5.9034375e+02
1	0	10	43	5.5061005e+02
1	0	10	44	3.6913007e+02
1	0	10	45	3.2037393e+02
1	0	10	46	4.3812985e+02
1	0	10	47	4.0069165e+02
1	0	10	48	3.8265085e+02
1	0	10	49	5.0461032e+02
1	0	10	50	4.3398557e+02
1	0	10	51	1.0703265e+03
1	0	10	52	1.1947472e+03
1	0	10	53	7.4445026e+02
1	0	10	54	8.9273505e+02
1	0	10	55	7.7239758e+02
1	0	10	56	9.6433691e+02
1	0	10	57	8.8548096e+02
1	0	10	58	8.4029510e+02
1	0	10	59	6.9958051e+02
1	0	10	60	7.7240948e+02
1	0	10	61	6.6673547e+02
1	0	10	62	6.1977032e+02
1	0	10	63	7.8530255e+02
1	0	11	0	-2.6546469e+02
1	0	11	1	-3.6955978e+01
1	0	11	2	-3.5451785e+02
1	0	11	3	-2.9001559e+02
1	0	11	4	-1.7228191e+02
1	0	11	5	-1.5313890e+02
1	0	11	6	-1.7133899e+02
1	0	11	7	-2.7731371e+01
1	0	11	8	-2.0861641e+02
1	0	11	9	-9.4792814e+00
1	0	11	10	-1.1027995e+02
1	0	11	11	-3.1378839e+02
1	0	11	12	-1.8915488e+02
1	0	11	13	-9.1495543e+00
1	0	11	14	-1.6335500e+02
1	0	11	15	-4.4231899e+01
1	0	11	16	-2.5729025e+02
1	0	11	17	-1.7688940e+02
1	0	11	18	-3.3895374e+02
1	0	11	19	-1.6503693e+02
1	0	11	20	-2.2084837e+02
1	0	11	21	-2.5175192e+02
1	0	11	22	-1.9705087e+02
1	0	11	23	-2.0019154e+02
1	0	11	24	-3.1426840e+02
1	0	11	25	-1.5270518e+02
1	0	11	26	-2.2323775e+02
1	0	11	27	-1.9992671e+02
1	0	11	28	-4.8893234e+01
1	0	11	29	-2.0497914e+02
1	0	11	30	-2.5612589e+02
1	0	11	31	-4.6174973e+02
1	0	11	32	-2.1317612e+02
1	0	11	33	-2.5143356e+02
1	0	11	34	4.6919650e+02
1	0	11	35	2.5896655e+02
1	0	11	36	5.5246765e+02
1	0	11	37	6.0319482e+02
1	0	11	38	5.3617285e+02
1	0	11	39	4.6999234e+02
1	0	11	40	6.7090723e+02
1	0	11	41	4.5025351e+02
1	0	11	42	6.0278088e+02
1	0	11	43	5.6753467e+02
1	0	11	44	6.0920490e+02
1	0	11	45	5.9981726e+02
1	0	11	46	6.9064124e+02
1	0	11	47	5.1894037e+02
1	0	11	48	5.9902179e+02
1	0	11	49	5.7790564e+02
1	0	11	50	4.5209598e+02
1	0	11	51	8.8134900e+02
1	0	11	52	1.1314053e+03
1	0	11	53	7.6432605e+02
1	0	11	54	7.7434601e+02
1	0	11	55	8.6621637e+02
1	0	11	56	9.6042432e+02
1	0	11	57	9.4679913e+02
1	0	11	58	6.8433453e+02
1	0	11	59	7.9768939e+02
1	0	11	60	7.5643732e+02
1	0	11	61	5.1008768e+02
1	0	11	62	7.1603400e+02
1	0	11	63	6.0395959e+02
1	0	12	0	-2.2081158e+00
1	0	12	1	-7.8366966e+01
1	0	12	2	-1.4258948e+02
1	0	12	3	-1.9818028e+02
1	0	12	4	-8.7060303e+03
1	0	12	5	-3.7757364e+02
1	0	12	6	-8.7060303e+03
1	0	12	7	-6.2916149e+01
1	0	12	8	-4.1571463e+02
1	0	12	9	-5.1177143e+01
1	0	12	10	-3.2862012e+02
1	0	12	11	-3.4197476e+02
1	0	12	12	-2.8208752e+02
1	0	12	13	-2.0139755e+02
1	0	12	14	-3.2372949e+02
1	0	12	15	-3.1947244e+02
1	0	12	16	-3.1237000e+02
1	0	12	17	-3.3225729e+02
1	0	12	18	-3.2263763e+02
1	0	12	19	-3.6802881e+02
1	0	12	20	-2.6689676e+02
1	0	12	21	-2.5568336e+02
1	0	12	22	-4.3870541e+02
1	0	12	23	-4.7385989e+02
1	0	12	24	-2.2977162e+02
1	0	12	25	-2.5802505e+02
1	0	12	26	-3.3396786e+02
1	0	12	27	-8.7060303e+03
1	0	12	28	-2.4940033e+02
1	0	12	29	-2.8863367e+02
1	0	12	30	-2.0260941e+02
1	0	12	31	-2.2378111e+02
1	0	12	32	-3.6817139e+02
1	0	12	33	-1.2918529e+02
1	0	12	34	3.3914548e+02
1	0	12	35	3.9528870e+02
1	0	12	36	4.1652905e+02
1	0	12	37	4.4650751e+02
1	0	12	38	4.7241693e+02
1	0	12	39	5.4602478e+02
1	0	12	40	4.5224429e+02
1	0	12	41	4.4994354e+02
1	0	12	42	4.0731091e+02
1	0	12	43	5.9234937e+02
1	0	12	44	5.8206635e+02
1	0	12	45	4.1105261e+02
1	0	12	46	3.4255981e+02
1	0	12	47	4.9361169e+02
1	0	12	48	4.8799951e+02
1	0	12	49	3.4803156e+02
1	0	12	50	4.2195688e+02
1	0	12	51	1.1060653e+03
1	0	12	52	1.0018956e+03
1	0	12	53	6.9714459e+02
1	0	12	54	8.1045294e+02
1	0	12	55	6.0152832e+02
1	0	12	56	8.1362091e+02
1	0	12	57	8.3548376e+02
1	0	12	58	7.1060938e+02
1	0	12	59	7.7486902e+02
1	0	12	60	7.1044971e+02
1	0	12	61	8.3861145e+02
1	0	12	62	7.0078198e+02
1	0	12	63	6.5126642e+02
1	0	13	0	7.5679726e+01
1	0	13	1	-5.8816849e+01
1	0	13	2	-1.1306762e+02
1	0	13	3	-3.8638802e+01
1	0	13	4	3.8093887e+01
1	0	13	5	3.0747219e+01
1	0	13	6	-5.3577942e+01
1	0	13	7	-3.6530697e+01
1	0	13	8	-1.0868201e+02
1	0	13	9	-6.8058578e+01
1	0	13	10	-2.1972122e+01
1	0	13	11	-1.5257014e+02
1	0	13	12	-1.3083636e+02
1	0	13	13	-5.1772091e+01
1	0	13	14	-2.0872531e+02
1	0	13	15	-1.7362459e+02
1	0	13	16	-2.4675861e+02
1	0	13	17	-2.5853540e+02
1	0	13	18	-4.8297754e+02
1	0	13	19	-1.5644637e+02
1	0	13	20	-3.2409186e+02
1	0	13	21	-2.5702304e+02
1	0	13	22	-2.4939407e+02
1	0	13	23	-2.0788927e+02
1	0	13	24	-2.4872105e+02
1	0	13	25	-1.5832597e+02
1	0	13	26	-3.9453534e+02
1	0	13	27	-2.7743561e+02
1	0	13	28	-2.8687891e+02
1	0	13	29	-2.4931052e+02
1	0	13	30	-1.8743083e+02
1	0	13	31	-4.8511588e+02
1	0	13	32	-3.3944571e+02
1	0	13	33	-3.9124350e+02
1	0	13	34	4.1748514e+02
1	0	13	35	1.4174438e+02
1	0	13	36	2.9571768e+02
1	0	13	37	3.8268906e+02
1	0	13	38	3.9512839e+02
1	0	13	39	3.5584488e+02
1	0	13	40	4.4897894e+02
1	0	13	41	3.0827859e+02
1	0	13	42	4.1230087e+02
1	0	13	43	2.5454282e+02
1	0	13	44	3.8858395e+02
1	0	13	45	3.2553979e+02
1	0	13	46	4.4944809e+02
1	0	13	47	2.5459206e+02
1	0	13	48	4.0660361e+02
1	0	13	49	3.6597153e+02
1	0	13	50	3.7028983e+02
1	0	13	51	9.9117010e+02
1	0	13	52	1.0136691e+03
1	0	13	53	7.1557379e+02
1	0	13	54	6.1949365e+02
1	0	13	55	6.6737219e+02
1	0	13	56	7.2623492e+02
1	0	13	57	6.8625201e+02
1	0	13	58	5.0605466e+02
1	0	13	59	5.7594263e+02
1	0	13	60	4.7994449e+02
1	0	13	61	6.6654395e+02
1	0	13	62	7.1218567e+02
1	0	13	63	6.0328467e+02
1	0	14	0	-7.9652275e+01
1	0	14	1	-9.2525436e+01
1	0	14	2	-1.9411612e+02
1	0	14	3	-2.8599695e+02
1	0	14	4	-1.7892484e+02
1	0	14	5	-1.3850748e+02
1	0	14	6	-2.0914261e+02
1	0	14	7	-6.7950920e+01
1	0	14	8	-1.7315378e+02
1	0	14	9	-3.0640161e+02
1	0	14	10	-2.0711104e+02
1	0	14	11	-1.7558440e+02
1	0	14	12	-4.4321350e+02
1	0	14	13	-2.0118549e+02
1	0	14	14	-1.9076694e+02
1	0	14	15	-1.6488734e+02
1	0	14	16	-3.0834573e+02
1	0	14	17	-3.4056073e+02
1	0	14	18	-4.5251453e+02
1	0	14	19	-3.0942014e+02
1	0	14	20	-3.1963742e+02
1	0	14	21	-2.3387100e+02
1	0	14	22	-5.0751950e+02
1	0	14	23	-2.5799628e+02
1	0	14	24	-4.9027893e+02
1	0	14	25	-4.8790802e+02
1	0	14	26	-5.7672479e+02
1	0	14	27	-5.5550507e+02
1	0	14	28	-3.1102747e+02
1	0	14	29	-3.4851291e+02
1	0	14	30	-3.0695251e+02
1	0	14	31	-4.3375818e+02
1	0	14	32	-4.0575592e+02
1	0	14	33	-4.2456796e+02
1	0	14	34	2.6546109e+02
1	0	14	35	1.8535176e+02
1	0	14	36	1.3295285e+02
1	0	14	37	3.6220618e+02
1	0	14	38	2.7927075e+02
1	0	14	39	3.1129871e+02
1	0	14	40	3.2118362e+02
1	0	14	41	3.2287421e+02
1	0	14	42	3.8336407e+02
1	0	14	43	4.0707373e+02
1	0	14	44	3.9050854e+02
1	0	14	45	4.4780450e+02
1	0	14	46	2.5936264e+02
1	0	14	47	3.9063571e+02
1	0	14	48	4.4572278e+02
1	0	14	49	4.4753250e+02
1	0	14	50	4.6202219e+02
1	0	14	51	9.7625629e+02
1	0	14	52	7.5991553e+02
1	0	14	53	6.6627496e+02
1	0	14	54	6.8199286e+02
1	0	14	55	7.5306281e+02
1	0	14	56	8.5216711e+02
1	0	14	57	8.2765753e+02
1	0	14	58	7.3673407e+02
1	0	14	59	7.3015338e+02
1	0	14	60	5.3125970e+02
1	0	14	61	4.1910529e+02
1	0	14	62	4.9261301e+02
1	0	14	63	6.9251221e+02
1	0	15	0	-1.0520664e+02
1	0	15	1	-1.7970028e+01
1	0	15	2	-3.7883064e+01
1	0	15	3	-4.7317215e+01
1	0	15	4	-1.0601787e+02
1	0	15	5	1.0273434e+02
1	0	15	6	8.6647163e+01
1	0	15	7	7.8182251e+01
1	0	15	8	-2.0560428e+02
1	0	15	9	-7.6078987e+01
1	0	15	10	-1.1320378e+02
1	0	15	11	-1.2851411e+02
1	0	15	12	2.5967520e+01
1	0	15	13	6.7763557e+01
1	0	15	14	-2.7597734e+01
1	0	15	15	-1.5622142e+02
1	0	15	16	-8.6561440e+01
1	0	15	17	-7.3982903e+01
1	0	15	18	-1.2227459e+02
1	0	15	19	-1.5061702e+02
1	0	15	20	-1.4179646e+02
1	0	15	21	-8.3216148e+01
1	0	15	22	3.0622318e+01
1	0	15	23	-6.0523252e+00
1	0	15	24	1.6667742e+01
1	0	15	25	-1.5648137e+02
1	0	15	26	-1.6806294e+02
1	0	15	27	-3.8580026e+02
1	0	15	28	6.1407833e+00
1	0	15	29	3.2398724e+01
1	0	15	30	-9.2306602e+01
1	0	15	31	-1.8017506e+02
1	0	15	32	-1.2671616e+02
1	0	15	33	-2.0200026e+02
1	0	15	34	5.4783710e+02
1	0	15	35	4.9486908e+02
1	0	15	36	6.3946021e+02
1	0	15	37	3.7247488e+02
1	0	15	38	4.2727390e+02
1	0	15	39	5.7579419e+02
1	0	15	40	7.3127100e+02
1	0	15	41	3.1917114e+02
1	0	15	42	5.1511194e+02
1	0	15	43	5.5441046e+02
1	0	15	44	7.2152667e+02
1	0	15	45	5.9056458e+02
1	0	15	46	7.6171893e+02
1	0	15	47	5.9317084e+02
1	0	15	48	7.1123901e+02
1	0	15	49	5.8224487e+02
1	0	15	50	6.2049677e+02
1	0	15	51	1.1994204e+03
1	0	15	52	1.2059287e+03
1	0	15	53	6.9300568e+02
1	0	15	54	8.9810925e+02
1	0	15	55	7.9084387e+02
1	0	15	56	1.0293599e+03
1	0	15	57	1.0038499e+03
1	0	15	58	6.8190216e+02
1	0	15	59	7.5246692e+02
1	0	15	60	8.9544745e+02
1	0	15	61	8.2545422e+02
1	0	15	62	8.1568170e+02
1	0	15	63	1.0365593e+03
1	1	0	0	-3.4055627e+02
1	1	0	1	-4.6361011e+02
1	1	0	2	-2.6934146e+02
1	1	0	3	-5.7229248e+02
1	1	0	4	-2.5187335e+02
1	1	0	5	-3.4874600e+02
1	1	0	6	-4.8787744e+02
1	1	0	7	-6.6236536e+02
1	1	0	8	-4.7905063e+02
1	1	0	9	-1.4440056e+02
1	1	0	10	-6.5979102e+02
1	1	0	11	-3.0118060e+02
1	1	0	12	-3.2974933e+02
1	1	0	13	-5.1041571e+02
1	1	0	14	-4.5567102e+02
1	1	0	15	-4.7350546e+02
1	1	0	16	-7.1685809e+02
1	1	0	17	-6.6959729e+02
1	1	0	18	-5.9014380e+02
1	1	0	19	-6.4191974e+02
1	1	0	20	-5.9918713e+02
1	1	0	21	-6.3374207e+02
1	1	0	22	-6.4314948e+02
1	1	0	23	-8.3255627e+02
1	1	0	24	-5.5718311e+02
1	1	0	25	-4.8340930e+02
1	1	0	26	-5.5088483e+02
1	1	0	27	-4.0724112e+02
1	1	0	28	-5.9479822e+02
1	1	0	29	-5.1557788e+02
1	1	0	30	-3.4486749e+02
1	1	0	31	-3.4434351e+02
1	1	0	32	-4.6184747e+02
1	1	0	33	-5.7366229e+02
1	1	0	34	2.7033383e+02
1	1	0	35	3.8011453e+02
1	1	0	36	3.6883185e+02
1	1	0	37	4.0043021e+02
1	1	0	38	3.1608502e+02
1	1	0	39	4.2734930e+02
1	1	0	40	3.0314835e+02
1	1	0	41	3.0013782e+02
1	1	0	42	4.1315100e+02
1	1	0	43	4.1154034e+02
1	1	0	44	3.2935214e+02
1	1	0	45	4.1869943e+02
1	1	0	46	1.8499751e+02
1	1	0	47	3.8108731e+02
1	1	0	48	4.1858871e+02
1	1	0	49	3.3290588e+02
1	1	0	50	3.4673218e+02
1	1	0	51	1.0298964e+03
1	1	0	52	9.2992499e+02
1	1	0	53	5.5288776e+02
1	1	0	54	6.3828088e+02
1	1	0	55	6.4650360e+02
1	1	0	56	8.3560510e+02
1	1	0	57	8.0226483e+02
1	1	0	58	6.3708545e+02
1	1	0	59	5.9948962e+02
1	1	0	60	7.1271857e+02
1	1	0	61	5.8810669e+02
1	1	0	62	4.7629654e+02
1	1	0	63	7.6264441e+02
1	1	1	0	2.2665326e+02
1	1	1	1	8.1291878e+01
1	1	1	2	5.0833851e+01
1	1	1	3	1.1420671e+02
1	1	1	4	8.1213058e+01
1	1	1	5	2.2258054e+02
1	1	1	6	1.3959038e+02
1	1	1	7	1.9426942e+02
1	1	1	8	2.8935640e+01
1	1	1	9	9.4981422e+01
1	1	1	10	-1.0092335e+02
1	1	1	11	6.0739033e+01
1	1	1	12	5.7165939e+01
1	1	1	13	7.3358147e+01
1	1	1	14	1.4590371e+01
1	1	1	15	1.4442790e+02
1	1	1	16	-3.0322966e+01
1	1	1	17	1.8788847e+00
1	1	1	18	5.3675114e+01
1	1	1	19	3.7859344e+01
1	1	1	20	-8.3230904e+01
1	1	1	21	3.9145023e+01
1	1	1	22	1.0331937e+02
1	1	1	23	-7.2345993e+01
1	1	1	24	-3.4818588e+02
1	1	1	25	3.3421276e+01
1	1	1	26	-2.1493406e+01
1	1	1	27	-1.1164921e+02
1	1	1	28	-9.7546873e+00
1	1	1	29	-9.6629150e+01
1	1	1	30	-3.5096367e+01
1	1	1	31	-1.4900204e+02
1	1	1	32	-1.3884004e+02
1	1	1	33	-1.2314155e+02
1	1	1	34	5.3248871e+02
1	1	1	35	3.2288480e+02
1	1	1	36	6.2079553e+02
1	1	1	37	6.0103009e+02
1	1	1	38	6.5839648e+02
1	1	1	39	5.1096548e+02
1	1	1	40	4.8973135e+02
1	1	1	41	4.9669769e+02
1	1	1	42	4.8804361e+02
1	1	1	43	4.4511310e+02
1	1	1	44	4.4899625e+02
1	1	1	45	3.2212546e+02
1	1	1	46	3.0276224e+02
1	1	1	47	1.9204716e+02
1	1	1	48	2.1933630e+02
1	1	1	49	3.3670795e+02
1	1	1	50	4.3989755e+02
1	1	1	51	8.9782495e+02
1	1	1	52	1.0957806e+03
1	1	1	53	7.5511011e+02
1	1	1	54	6.9941095e+02
1	1	1	55	5.5274371e+02
1	1	1	56	6.6199799e+02
1	1	1	57	7.2961957e+02
1	1	1	58	9.2991071e+02
1	1	1	59	5.4449768e+02
1	1	1	60	7.9090222e+02
1	1	1	61	6.7606134e+02
1	1	1	62	8.2075836e+02
1	1	1	63	7.2881042e+02
1	1	2	0	-2.6371509e+02
1	1	2	1	-4.5483954e+02
1	1	2	2	-3.4053400e+02
1	1	2	3	-3.3395258e+02
1	1	2	4	-4.1184366e+02
1	1	2	5	-4.6861691e+02
1	1	2	6	-4.6146454e+02
1	1	2	7	-2.8858423e+02
1	1	2	8	-2.6610510e+02
1	1	2	9	-4.6495490e+02
1	1	2	10	-5.5381836e+02
1	1	2	11	-4.5547620e+02
1	1	2	12	-5.6313269e+02
1	1	2	13	-5.7706036e+02
1	1	2	14	-3.4135220e+02
1	1	2	15	-3.3490546e+02
1	1	2	16	-4.9686771e+02
1	1	2	17	-5.9073468e+02
1	1	2	18	-6.1798047e+02
1	1	2	19	-7.2383167e+02
1	1	2	20	-5.4040857e+02
1	1	2	21	-5.1123956e+02
1	1	2	22	-5.2971417e+02
1	1	2	23	-5.5631628e+02
1	1	2	24	-6.7679730e+02
1	1	2	25	-5.8131049e+02
1	1	2	26	-5.5020178e+02
1	1	2	27	-5.7752765e+02
1	1	2	28	-5.4451361e+02
1	1	2	29	-7.3030988e+02
1	1	2	30	-6.6074457e+02
1	1	2	31	-6.3290466e+02
1	1	2	32	-6.6505591e+02
1	1	2	33	-4.9534476e+02
1	1	2	34	9.1458191e+01
1	1	2	35	-5.1825954e+01
1	1	2	36	1.1501346e+02
1	1	2	37	1.0273032e+02
1	1	2	38	2.9021822e+01
1	1	2	39	5.6150322e+01
1	1	2	40	2.3623264e+02
1	1	2	41	-9.1992867e+01
1	1	2	42	1.6901132e+02
1	1	2	43	2.3114430e+02
1	1	2	44	6.1858187e+00
1	1	2	45	1.3116743e+02
1	1	2	46	-7.6251216e+00
1	1	2	47	4.6146713e+01
1	1	2	48	7.4546677e+01
1	1	2	49	-3.1591799e+01
1	1	2	50	1.0771040e+02
1	1	2	51	7.5120233e+02
1	1	2	52	7.3495251e+02
1	1	2	53	3.1572638e+02
1	1	2	54	4.0551794e+02
1	1	2	55	3.2967966e+02
1	1	2	56	4.2127325e+02
1	1	2	57	4.9289505e+02
1	1	2	58	4.4494595e+02
1	1	2	59	3.2938821e+02
1	1	2	60	3.6471738e+02
1	1	2	61	3.1280103e+02
1	1	2	62	8.3702927e+01
1	1	2	63	4.0489273e+02
1	1	3	0	-2.1710168e+02
1	1	3	1	-1.2146833e+02
1	1	3	2	-1.0504832e+02
1	1	3	3	-7.2050276e+00
1	1	3	4	-1.8592053e+02
1	1	3	5	-1.1768269e+02
1	1	3	6	-3.4833923e+01
1	1	3	7	-5.4576981e+01
1	1	3	8	-5.8783020e+01
1	1	3	9	-3.1587091e+01
1	1	3	10	-6.6004730e+01
1	1	3	11	-8.3591400e+01
1	1	3	12	-1.1103526e+02
1	1	3	13	-8.3532761e+01
1	1	3	14	-2.0420163e+02
1	1	3	15	-6.4617577e+01
1	1	3	16	-1.8015259e+02
1	1	3	17	-1.3004404e+02
1	1	3	18	-2.5105334e+02
1	1	3	19	-3.4112878e+02
1	1	3	20	-1.5871910e+02
1	1	3	21	-1.3565576e+02
1	1	3	22	-1.5322714e+02
1	1	3	23	-5.0381344e+01
1	1	3	24	-1.2314432e+02
1	1	3	25	-1.0959658e+02
1	1	3	26	-1.1930500e+02
1	1	3	27	-1.8211009e+02
1	1	3	28	-6.3206108e+01
1	1	3	29	-1.8380693e+02
1	1	3	30	-1.7379655e+02
1	1	3	31	-3.5848511e+02
1	1	3	32	-2.0069194e+02
1	1	3	33	-1.7487018e+02
1	1	3	34	3.8014365e+02
1	1	3	35	2.9461740e+02
1	1	3	36	4.1848746e+02
1	1	3	37	5.4334381e+02
1	1	3	38	4.7806274e+02
1	1	3	39	4.3895306e+02
1	1	3	40	6.2792834e+02
1	1	3	41	5.5230457e+02
1	1	3	42	6.3963678e+02
1	1	3	43	5.0909360e+02
1	1	3	44	4.5620886e+02
1	1	3	45	4.1980753e+02
1	1	3	46	5.2414581e+02
1	1	3	47	5.5096399e+02
1	1	3	48	4.4695325e+02
1	1	3	49	3.3234793e+02
1	1	3	50	5.4519843e+02
1	1	3	51	1.0065209e+03
1	1	3	52	9.2377850e+02
1	1	3	53	5.6219727e+02
1	1	3	54	7.8970190e+02
1	1	3	55	6.6705341e+02
1	1	3	56	8.9928809e+02
1	1	3	57	9.7733276e+02
1	1	3	58	8.6628967e+02
1	1	3	59	8.7203400e+02
1	1	3	60	7.4055768e+02
1	1	3	61	7.8549054e+02
1	1	3	62	7.6833728e+02
1	1	3	63	8.9654663e+02
1	1	4	0	-2.1372658e+02
1	1	4	1	-3.5980746e+02
1	1	4	2	-3.7304941e+02
1	1	4	3	-2.3503960e+02
1	1	4	4	-4.2948413e+02
1	1	4	5	-3.3955109e+02
1	1	4	6	-3.8637637e+02
1	1	4	7	-3.3325110e+02
1	1	4	8	-4.1429489e+02
1	1	4	9	-4.2746524e+02
1	1	4	10	-5.1284039e+02
1	1	4	11	-3.2571481e+02
1	1	4	12	-4.4266168e+02
1	1	4	13	-4.1470029e+02
1	1	4	14	-2.5682208e+02
1	1	4	15	-4.2188867e+02
1	1	4	16	-5.2965076e+02
1	1	4	17	-5.5915186e+02
1	1	4	18	-3.5519568e+02
1	1	4	19	-4.9041455e+02
1	1	4	20	-4.3210541e+02
1	1	4	21	-4.5951974e+02
1	1	4	22	-4.6768481e+02
1	1	4	23	-4.9398920e+02
1	1	4	24	-5.5796918e+02
1	1	4	25	-5.3494434e+02
1	1	4	26	-5.1437097e+02
1	1	4	27	-5.0749619e+02
1	1	4	28	-4.4793509e+02
1	1	4	29	-5.7328131e+02
1	1	4	30	-5.5763916e+02
1	1	4	31	-6.2996716e+02
1	1	4	32	-5.3119446e+02
1	1	4	33	-6.5729889e+02
1	1	4	34	3.0617046e+01
1	1	4	35	9.2800896e+01
1	1	4	36	-1.3566281e+01
1	1	4	37	2.5455117e+00
1	1	4	38	7.6431055e+00
1	1	4	39	4.1997177e+01
1	1	4	40	5.8410923e+01
1	1	4	41	-6.1069984e+01
1	1	4	42	1.6750063e+02
1	1	4	43	1.8920164e+02
1	1	4	44	1.0490223e+02
1	1	4	45	9.9018219e+01
1	1	4	46	1.2637603e+02
1	1	4	47	1.9675414e+02
1	1	4	48	1.8769714e+02
1	1	4	49	1.3734007e+02
1	1	4	50	2.1160995e+02
1	1	4	51	7.2509094e+02
1	1	4	52	7.0198602e+02
1	1	4	53	4.2758505e+02
1	1	4	54	3.1772055e+02
1	1	4	55	4.6189606e+02
1	1	4	56	6.1001941e+02
1	1	4	57	5.0125876e+02
1	1	4	58	3.9434457e+02
1	1	4	59	3.6853442e+02
1	1	4	60	4.6340219e+02
1	1	4	61	2.0109645e+02
1	1	4	62	3.6919333e+02
1	1	4	63	4.2073492e+02
1	1	5	0	2.3091728e+01
1	1	5	1	-1.7030423e+02
1	1	5	2	-4.0644348e+02
1	1	5	3	-2.8653900e+02
1	1	5	4	-2.0109137e+02
1	1	5	5	-1.4114093e+02
1	1	5	6	-5.9011021e+01
1	1	5	7	-1.1455910e+02
1	1	5	8	-2.6711798e+02
1	1	5	9	-1.3655830e+02
1	1	5	10	-7.0506592e+01
1	1	5	11	-1.3395450e+02
1	1	5	12	-2.7224533e+02
1	1	5	13	-2.9676721e+02
1	1	5	14	-3.7900458e+02
1	1	5	15	-1.7372397e+02
1	1	5	16	-3.0741193e+02
1	1	5	17	-1.1338361e+02
1	1	5	18	-2.2656567e+02
1	1	5	19	-4.2807162e+02
1	1	5	20	-3.1049164e+02
1	1	5	21	-2.3901538e+02
1	1	5	22	-2.0433121e+02
1	1	5	23	-3.5601428e+02
1	1	5	24	-4.1825424e+02
1	1	5	25	-4.4544281e+02
1	1	5	26	-3.0144272e+02
1	1	5	27	-3.3151273e+02
1	1	5	28	-2.8190100e+02
1	1	5	29	-3.8342468e+02
1	1	5	30	-2.2997098e+02
1	1	5	31	-4.1080209e+02
1	1	5	32	-4.0600513e+02
1	1	5	33	-2.9208829e+02
1	1	5	34	3.4702991e+02
1	1	5	35	3.1776666e+02
1	1	5	36	4.7061398e+02
1	1	5	37	4.4012805e+02
1	1	5	38	4.1108743e+02
1	1	5	39	3.1813477e+02
1	1	5	40	4.5458472e+02
1	1	5	41	2.9765607e+02
1	1	5	42	3.4846930e+02
1	1	5	43	3.8978244e+02
1	1	5	44	3.0509940e+02
1	1	5	45	4.3640863e+02
1	1	5	46	4.7816467e+02
1	1	5	47	4.8247195e+02
1	1	5	48	4.9415765e+02
1	1	5	49	4.9439020e+02
1	1	5	50	4.6409283e+02
1	1	5	51	9.5463300e+02
1	1	5	52	1.0305901e+03
1	1	5	53	7.5530627e+02
1	1	5	54	7.2294092e+02
1	1	5	55	7.1007239e+02
1	1	5	56	6.2815936e+02
1	1	5	57	7.7639819e+02
1	1	5	58	7.2843848e+02
1	1	5	59	7.5097308e+02
1	1	5	60	5.5621375e+02
1	1	5	61	6.1786066e+02
1	1	5	62	6.0216229e+02
1	1	5	63	7.6413300e+02
1	1	6	0	-4.1787463e+02
1	1	6	1	-5.4763092e+02
1	1	6	2	-5.7937964e+02
1	1	6	3	-4.1990759e+02
1	1	6	4	-5.9003143e+02
1	1	6	5	-6.2361334e+02
1	1	6	6	-6.3681952e+02
1	1	6	7	-4.4121490e+02
1	1	6	8	-5.2460730e+02
1	1	6	9	-4.7505115e+02
1	1	6	10	-7.2895386e+02
1	1	6	11	-4.3464432e+02
1	1	6	12	-5.8068536e+02
1	1	6	13	-4.8449100e+02
1	1	6	14	-4.5049805e+02
1	1	6	15	-6.4904907e+02
1	1	6	16	-5.1573468e+02
1	1	6	17	-6.1949768e+02
1	1	6	18	-5.9049597e+02
1	1	6	19	-6.2925726e+02
1	1	6	20	-6.0271954e+02
1	1	6	21	-5.5068304e+02
1	1	6	22	-6.5394452e+02
1	1	6	23	-5.3105402e+02
1	1	6	24	-6.6855682e+02
1	1	6	25	-6.9161005e+02
1	1	6	26	-7.0212830e+02
1	1	6	27	-6.6801794e+02
1	1	6	28	-6.3362494e+02
1	1	6	29	-6.1279053e+02
1	1	6	30	-6.4965680e+02
1	1	6	31	-6.6324426e+02
1	1	6	32	-9.0153900e+02
1	1	6	33	-6.7474408e+02
1	1	6	34	4.3134541e+01
1	1	6	35	1.4763373e+02
1	1	6	36	1.7190208e+02
1	1	6	37	8.7799911e+01
1	1	6	38	-6.4275940e+01
1	1	6	39	2.7085505e+01
1	1	6	40	1.5068363e+01
1	1	6	41	-1.2237925e+02
1	1	6	42	3.5858047e+01
1	1	6	43	1.6399336e+02
1	1	6	44	-6.1759212e+01
1	1	6	45	1.2650395e+01
1	1	6	46	1.3440504e+02
1	1	6	47	-4.4079670e+01
1	1	6	48	3.7176907e+01
1	1	6	49	4.8848545e+01
1	1	6	50	9.2214516e+01
1	1	6	51	6.5474530e+02
1	1	6	52	7.1038458e+02
1	1	6	53	9.8777008e+01
1	1	6	54	2.8775473e+02
1	1	6	55	3.6056805e+02
1	1	6	56	4.7985562e+02
1	1	6	57	4.9703329e+02
1	1	6	58	4.6535785e+02
1	1	6	59	3.7340771e+02
1	1	6	60	3.3743567e+02
1	1	6	61	2.5224057e+02
1	1	6	62	3.5303027e+02
1	1	6	63	3.8369293e+02
1	1	7	0	-4.8184013e+01
1	1	7	1	-1.5373524e+02
1	1	7	2	-2.2862668e+02
1	1	7	3	-2.3394746e+02
1	1	7	4	-1.5539108e+02
1	1	7	5	-1.1888078e+02
1	1	7	6	-3.3533746e+02
1	1	7	7	-1.7068832e+02
1	1	7	8	-2.2203241e+02
1	1	7	9	-1.6121410e+02
1	1	7	10	-2.6870731e+02
1	1	7	11	-3.2995093e+02
1	1	7	12	-3.3212231e+02
1	1	7	13	-1.9921494e+02
1	1	7	14	-4.1075409e+02
1	1	7	15	-2.0764905e+02
1	1	7	16	-4.0441476e+02
1	1	7	17	-4.3475903e+02
1	1	7	18	-3.7432568e+02
1	1	7	19	-3.5044183e+02
1	1	7	20	-3.5010648e+02
1	1	7	21	-3.6354205e+02
1	1	7	22	-1.7692831e+02
1	1	7	23	-1.6808914e+02
1	1	7	24	-2.8903583e+02
1	1	7	25	-1.0034234e+02
1	1	7	26	-3.3818195e+02
1	1	7	27	-3.7949878e+02
1	1	7	28	-2.5638669e+02
1	1	7	29	-2.4207361e+02
1	1	7	30	-3.3720435e+02
1	1	7	31	-3.8230591e+02
1	1	7	32	-3.2491953e+02
1	1	7	33	-3.3478333e+02
1	1	7	34	4.4959610e+02
1	1	7	35	3.0735614e+02
1	1	7	36	4.4124680e+02
1	1	7	37	1.5759335e+02
1	1	7	38	4.2540811e+02
1	1	7	39	4.7295160e+02
1	1	7	40	5.1950580e+02
1	1	7	41	3.9198087e+02
1	1	7	42	4.7523956e+02
1	1	7	43	3.6740222e+02
1	1	7	44	5.5320160e+02
1	1	7	45	2.2466145e+02
1	1	7	46	5.3335773e+02
1	1	7	47	3.7605939e+02
1	1	7	48	4.5977496e+02
1	1	7	49	4.5535513e+02
1	1	7	50	3.3948309e+02
1	1	7	51	8.5796490e+02
1	1	7	52	1.0355033e+03
1	1	7	53	7.5846747e+02
1	1	7	54	6.7056805e+02
1	1	7	55	5.9474036e+02
1	1	7	56	9.5845190e+02
1	1	7	57	6.5392206e+02
1	1	7	58	6.7975378e+02
1	1	7	59	5.8985522e+02
1	1	7	60	7.6209467e+02
1	1	7	61	7.0219287e+02
1	1	7	62	7.9695941e+02
1	1	7	63	5.8628998e+02
1	1	8	0	-2.8328879e+02
1	1	8	1	-6.3628259e+02
1	1	8	2	-3.1493222e+02
1	1	8	3	-3.8701041e+02
1	1	8	4	-4.7630594e+02
1	1	8	5	-4.5821008e+02
1	1	8	6	-5.0535406e+02
1	1	8	7	-3.6730405e+02
1	1	8	8	-5.1296216e+02
1	1	8	9	-4.5146866e+02
1	1	8	10	-5.0003998e+02
1	1	8	11	-5.9534406e+02
1	1	8	12	-6.0256470e+02
1	1	8	13	-5.3538989e+02
1	1	8	14	-4.0462766e+02
1	1	8	15	-4.7961795e+02
1	1	8	16	-6.1170380e+02
1	1	8	17	-6.2900635e+02
1	1	8	18	-5.2358728e+02
1	1	8	19	-6.5652997e+02
1	1	8	20	-5.7584534e+02
1	1	8	21	-5.8422986e+02
1	1	8	22	-5.5467767e+02
1	1	8	23	-6.7147278e+02
1	1	8	24	-7.5999524e+02
1	1	8	25	-6.4618536e+02
1	1	8	26	-6.7767200e+02
1	1	8	27	-6.5871490e+02
1	1	8	28	-5.8369196e+02
1	1	8	29	-9.5555920e+02
1	1	8	30	-7.1900897e+02
1	1	8	31	-7.1956641e+02
1	1	8	32	-7.4916962e+02
1	1	8	33	-6.7872333e+02
1	1	8	34	-1.5324501e+02
1	1	8	35	-6.7581444e+01
1	1	8	36	-4.3092552e+01
1	1	8	37	-1.3769742e+02
1	1	8	38	-1.5303065e+02
1	1	8	39	-9.3017982e+01
1	1	8	40	-3.6729511e+01
1	1	8	41	-3.5082237e+01
1	1	8	42	-1.2255203e+02
1	1	8	43	1.8629656e+01
1	1	8	44	-3.7459618e+01
1	1	8	45	-3.6083508e+01
1	1	8	46	-1.2621174e+01
1	1	8	47	-1.0479041e+02
1	1	8	48	-6.4089706e+01
1	1	8	49	-1.7573705e+02
1	1	8	50	7.9806271e+00
1	1	8	51	6.1815857e+02
1	1	8	52	6.0337323e+02
1	1	8	53	7.5859581e+01
1	1	8	54	1.7107011e+02
1	1	8	55	3.0057217e+02
1	1	8	56	5.3092871e+02
1	1	8	57	1.5108595e+02
1	1	8	58	4.0157172e+02
1	1	8	59	2.7433414e+02
1	1	8	60	4.1841000e+02
1	1	8	61	5.1708496e+01
1	1	8	62	2.4305170e+02
1	1	8	63	3.6975346e+01
1	1	9	0	-2.4661194e+02
1	1	9	1	-4.7799951e+02
1	1	9	2	-2.9681107e+02
1	1	9	3	-4.6359048e+02
1	1	9	4	-4.0703500e+02
1	1	9	5	-2.3718925e+02
1	1	9	6	-2.5611609e+02
1	1	9	7	-3.4126407e+02
1	1	9	8	-3.8930432e+02
1	1	9	9	-3.8280853e+02
1	1	9	10	-4.1169644e+02
1	1	9	11	-3.7763773e+02
1	1	9	12	-4.1201434e+02
1	1	9	13	-3.1746439e+02
1	1	9	14	-4.3656909e+02
1	1	9	15	-3.4048465e+02
1	1	9	16	-4.8405801e+02
1	1	9	17	-4.6552573e+02
1	1	9	18	-5.9480841e+02
1	1	9	19	-4.7387283e+02
1	1	9	20	-4.7588580e+02
1	1	9	21	-4.4399835e+02
1	1	9	22	-6.1996240e+02
1	1	9	23	-4.5013510e+02
1	1	9	24	-4.6038559e+02
1	1	9	25	-5.2924908e+02
1	1	9	26	-5.0149594e+02
1	1	9	27	-4.8725809e+02
1	1	9	28	-5.2221478e+02
1	1	9	29	-5.9141473e+02
1	1	9	30	-4.5896933e+02
1	1	9	31	-4.5796741e+02
1	1	9	32	-4.6175537e+02
1	1	9	33	-5.3426398e+02
1	1	9	34	1.5617455e+01
1	1	9	35	2.2986711e+02
1	1	9	36	2.8555890e+02
1	1	9	37	-3.7211925e-02
1	1	9	38	1.8367012e+02
1	1	9	39	2.2053810e+02
1	1	9	40	3.3134143e+02
1	1	9	41	2.6589474e+02
1	1	9	42	3.7178775e+02
1	1	9	43	3.4806528e+02
1	1	9	44	3.8575763e+02
1	1	9	45	1.3807414e+02
1	1	9	46	3.0000494e+02
1	1	9	47	3.0600381e+02
1	1	9	48	3.9136935e+02
1	1	9	49	1.0711626e+02
1	1	9	50	4.5778516e+02
1	1	9	51	7.1357147e+02
1	1	9	52	9.1126031e+02
1	1	9	53	5.2374902e+02
1	1	9	54	6.1959534e+02
1	1	9	55	6.1380707e+02
1	1	9	56	5.7420209e+02
1	1	9	57	6.8962714e+02
1	1	9	58	3.6148734e+02
1	1	9	59	4.9992426e+02
1	1	9	60	7.2166284e+02
1	1	9	61	2.9872418e+02
1	1	9	62	4.2459579e+02
1	1	9	63	7.0194714e+02
1	1	10	0	-8.5406120e+01
1	1	10	1	-1.2951691e+02
1	1	10	2	-7.5477448e+01
1	1	10	3	-1.2678815e+02
1	1	10	4	-3.8764685e+02
1	1	10	5	-1.9802916e+02
1	1	10	6	-3.0910825e+02
1	1	10	7	-1.0271497e+02
1	1	10	8	-2.3108260e+02
1	1	10	9	-1.2229443e+02
1	1	10	10	-2.1003162e+02
1	1	10	11	-1.1037201e+02
1	1	10	12	-3.8495834e+02
1	1	10	13	-2.6385742e+02
1	1	10	14	-2.5108481e+02
1	1	10	15	-2.4624426e+02
1	1	10	16	-2.9624023e+02
1	1	10	17	-4.5631174e+02
1	1	10	18	-2.8349850e+02
1	1	10	19	-3.1843207e+02
1	1	10	20	-3.5497589e+02
1	1	10	21	-2.5503300e+02
1	1	10	22	-4.1553369e+02
1	1	10	23	-2.6624380e+02
1	1	10	24	-3.3747153e+02
1	1	10	25	-3.2644162e+02
1	1	10	26	-3.3180237e+02
1	1	10	27	-5.5491443e+02
1	1	10	28	-4.3627609e+02
1	1	10	29	-3.7332043e+02
1	1	10	30	-3.4991473e+02
1	1	10	31	-4.9016467e+02
1	1	10	32	-4.3716370e+02
1	1	10	33	-4.0236844e+02
1	1	10	34	2.7089636e+02
1	1	10	35	2.0662727e+02
1	1	10	36	2.7923364e+02
1	1	10	37	2.3906877e+02
1	1	10	38	2.7099979e+02
1	1	10	39	2.5446167e+02
1	1	10	40	2.2713954e+02
1	1	10	41	2.0248296e+02
1	1	10	42	3.4668768e+02
1	1	10	43	3.1857126e+02
1	1	10	44	4.5999210e+02
1	1	10	45	3.4400302e+02
1	1	10	46	1.8644495e+02
1	1	10	47	3.4350726e+02
1	1	10	48	4.6295685e+02
1	1	10	49	4.5344327e+02
1	1	10	50	3.2972137e+02
1	1	10	51	9.1570020e+02
1	1	10	52	9.8703400e+02
1	1	10	53	5.7223950e+02
1	1	10	54	4.5910175e+02
1	1	10	55	7.0379071e+02
1	1	10	56	6.0128790e+02
1	1	10	57	7.9340240e+02
1	1	10	58	7.2133600e+02
1	1	10	59	5.0155466e+02
1	1	10	60	6.8131586e+02
1	1	10	61	3.1547363e+02
1	1	10	62	3.7866275e+02
1	1	10	63	5.7576746e+02
1	1	11	0	4.0738869e+00
1	1	11	1	2.0909548e+01
1	1	11	2	-1.0871412e+02
1	1	11	3	-4.6011978e+01
1	1	11	4	-1.6145769e+02
1	1	11	5	-2.1688225e+02
1	1	11	6	-1.1176863e+02
1	1	11	7	2.0301840e+01
1	1	11	8	-4.7187222e+01
1	1	11	9	-1.2408585e+02
1	1	11	10	-1.7026316e+01
1	1	11	11	-1.7214996e+02
1	1	11	12	-1.1069061e+02
1	1	11	13	-2.3038574e+02
1	1	11	14	-1.7180098e+02
1	1	11	15	-1.1509800e+02
1	1	11	16	-2.1584258e+02
1	1	11	17	-3.2143762e+02
1	1	11	18	-1.7332378e+02
1	1	11	19	-9.0075066e+01
1	1	11	20	-1.1946250e+02
1	1	11	21	-3.2057248e+02
1	1	11	22	-1.9146509e+02
1	1	11	23	-1.7430992e+02
1	1	11	24	-2.1532373e+02
1	1	11	25	-1.3930048e+02
1	1	11	26	-2.6211386e+02
1	1	11	27	-2.8439169e+02
1	1	11	28	-4.7586325e+02
1	1	11	29	-2.5098514e+02
1	1	11	30	-2.4388744e+02
1	1	11	31	-1.3711465e+02
1	1	11	32	-2.1536369e+02
1	1	11	33	-3.6708951e+02
1	1	11	34	4.1121588e+02
1	1	11	35	1.9997963e+02
1	1	11	36	5.0797147e+02
1	1	11	37	5.3563507e+02
1	1	11	38	5.2188763e+02
1	1	11	39	3.0241977e+02
1	1	11	40	4.2664853e+02
1	1	11	41	4.3692044e+02
1	1	11	42	6.3186615e+02
1	1	11	43	5.4807770e+02
1	1	11	44	6.2451019e+02
1	1	11	45	5.3717120e+02
1	1	11	46	5.5002301e+02
1	1	11	47	4.0570868e+02
1	1	11	48	6.2794568e+02
1	1	11	49	5.8922107e+02
1	1	11	50	3.3923386e+02
1	1	11	51	1.0049875e+03
1	1	11	52	1.0408889e+03
1	1	11	53	8.1136414e+02
1	1	11	54	7.5536572e+02
1	1	11	55	7.8322247e+02
1	1	11	56	1.0355015e+03
1	1	11	57	9.8323334e+02
1	1	11	58	7.0073145e+02
1	1	11	59	6.9886914e+02
1	1	11	60	8.9838843e+02
1	1	11	61	4.7881390e+02
1	1	11	62	4.9730902e+02
1	1	11	63	8.7549304e+02
1	1	12	0	-2.3792052e+02
1	1	12	1	-3.0449957e+02
1	1	12	2	-2.1346710e+02
1	1	12	3	-3.0023245e+02
1	1	12	4	-5.9438831e+02
1	1	12	5	-2.1959779e+02
1	1	12	6	-4.3318661e+02
1	1	12	7	-4.6215158e+02
1	1	12	8	-4.3707983e+02
1	1	12	9	-5.5188452e+02
1	1	12	10	-5.3054156e+02
1	1	12	11	-3.1781198e+02
1	1	12	12	-4.6690591e+02
1	1	12	13	-4.0789584e+02
1	1	12	14	-3.9200858e+02
1	1	12	15	-3.5777011e+02
1	1	12	16	-4.7548343e+02
1	1	12	17	-5.3103326e+02
1	1	12	18	-4.6299649e+02
1	1	12	19	-4.5666418e+02
1	1	12	20	-3.6042432e+02
1	1	12	21	-4.8369360e+02
1	1	12	22	-5.1328430e+02
1	1	12	23	-6.6874701e+02
1	1	12	24	-6.3269995e+02
1	1	12	25	-7.0862006e+02
1	1	12	26	-6.4562689e+02
1	1	12	27	-6.3512732e+02
1	1	12	28	-4.9139648e+02
1	1	12	29	-5.7027747e+02
1	1	12	30	-5.0027057e+02
1	1	12	31	-5.4375665e+02
1	1	12	32	-6.2492010e+02
1	1	12	33	-5.2490179e+02
1	1	12	34	1.0273053e+02
1	1	12	35	1.0242577e+02
1	1	12	36	1.3618954e+02
1	1	12	37	7.9153618e+01
1	1	12	38	1.5616530e+02
1	1	12	39	7.9869247e+01
1	1	12	40	1.9220844e+02
1	1	12	41	3.9136089e+01
1	1	12	42	2.2016815e+02
1	1	12	43	1.5812979e+02
1	1	12	44	4.8143066e+02
1	1	12	45	1.4027489e+02
1	1	12	46	1.7509093e+02
1	1	12	47	1.7232870e+02
1	1	12	48	1.8536736e+02
1	1	12	49	7.8969696e+01
1	1	12	50	-2.6583050e+01
1	1	12	51	8.1746179e+02
1	1	12	52	8.7325604e+02
1	1	12	53	4.1788318e+02
1	1	12	54	4.8867993e+02
1	1	12	55	5.5299933e+02
1	1	12	56	5.7809833e+02
1	1	12	57	6.1835394e+02
1	1	12	58	5.9993268e+02
1	1	12	59	4.8506229e+02
1	1	12	60	5.3387347e+02
1	1	12	61	4.4581567e+02
1	1	12	62	3.6466165e+02
1	1	12	63	6.2726929e+02
1	1	13	0	-1.5074062e+02
1	1	13	1	-1.2740842e+02
1	1	13	2	-8.8453415e+01
1	1	13	3	-8.6019440e+01
1	1	13	4	-8.3012436e+01
1	1	13	5	-3.9137417e+01
1	1	13	6	-1.5783916e+02
1	1	13	7	-1.7644731e+02
1	1	13	8	-3.4838330e+02
1	1	13	9	-4.5400959e+01
1	1	13	10	-1.5789252e+02
1	1	13	11	-4.9678276e+01
1	1	13	12	-2.9716208e+02
1	1	13	13	-1.8227219e+02
1	1	13	14	-4.3960147e+02
1	1	13	15	-1.0444588e+02
1	1	13	16	-2.6952194e+02
1	1	13	17	-2.0615158e+02
1	1	13	18	-2.8034982e+02
1	1	13	19	-1.7212648e+02
1	1	13	20	-4.6191962e+02
1	1	13	21	-3.2713284e+02
1	1	13	22	-4.3030292e+02
1	1	13	23	-1.8867020e+02
1	1	13	24	-5.1367853e+02
1	1	13	25	-2.4638600e+02
1	1	13	26	-1.8903323e+02
1	1	13	27	-2.1857339e+02
1	1	13	28	-3.6627121e+02
1	1	13	29	-4.1414685e+02
1	1	13	30	-4.5789157e+02
1	1	13	31	-2.9814960e+02
1	1	13	32	-3.3999780e+02
1	1	13	33	-3.4007892e+02
1	1	13	34	4.4372153e+02
1	1	13	35	3.5661713e+02
1	1	13	36	4.3719498e+02
1	1	13	37	4.4638498e+02
1	1	13	38	4.8572180e+02
1	1	13	39	4.5337698e+02
1	1	13	40	3.0737170e+02
1	1	13	41	4.1360013e+02
1	1	13	42	4.4654480e+02
1	1	13	43	3.0629987e+02
1	1	13	44	1.4803368e+02
1	1	13	45	4.7586884e+02
1	1	13	46	4.7013098e+02
1	1	13	47	4.7357095e+02
1	1	13	48	5.1091718e+02
1	1	13	49	4.7814182e+02
1	1	13	50	4.8644324e+02
1	1	13	51	9.8938440e+02
1	1	13	52	1.2128669e+03
1	1	13	53	6.5996582e+02
1	1	13	54	7.3888275e+02
1	1	13	55	6.9420276e+02
1	1	13	56	8.9643921e+02
1	1	13	57	8.1748267e+02
1	1	13	58	5.7996100e+02
1	1	13	59	7.7367731e+02
1	1	13	60	7.7131274e+02
1	1	13	61	7.2667322e+02
1	1	13	62	7.8433502e+02
1	1	13	63	8.8583887e+02
1	1	14	0	-4.7302505e+02
1	1	14	1	-5.6237799e+02
1	1	14	2	-3.7152264e+02
1	1	14	3	-5.5348737e+02
1	1	14	4	-4.3770529e+02
1	1	14	5	-3.6222430e+02
1	1	14	6	-3.7698813e+02
1	1	14	7	-6.5563507e+02
1	1	14	8	-5.5520306e+02
1	1	14	9	-2.9440326e+02
1	1	14	10	-8.8186584e+02
1	1	14	11	-2.4331491e+02
1	1	14	12	-6.0211279e+02
1	1	14	13	-4.6096738e+02
1	1	14	14	-7.6656891e+02
1	1	14	15	-7.8382111e+02
1	1	14	16	-8.9003003e+02
1	1	14	17	-8.1291730e+02
1	1	14	18	-9.3123602e+02
1	1	14	19	-7.0381616e+02
1	1	14	20	-8.3661194e+02
1	1	14	21	-8.9834973e+02
1	1	14	22	-7.0007812e+02
1	1	14	23	-6.0877710e+02
1	1	14	24	-6.3079364e+02
1	1	14	25	-5.6156952e+02
1	1	14	26	-8.2958368e+02
1	1	14	27	-4.8755444e+02
1	1	14	28	-5.6163074e+02
1	1	14	29	-6.6473083e+02
1	1	14	30	-5.2489893e+02
1	1	14	31	-4.8366516e+02
1	1	14	32	-5.4385455e+02
1	1	14	33	-6.4231061e+02
1	1	14	34	2.0707933e+02
1	1	14	35	2.9409430e+02
1	1	14	36	6.8042931e+01
1	1	14	37	2.6556754e+02
1	1	14	38	2.7482584e+02
1	1	14	39	2.7214655e+02
1	1	14	40	2.4496939e+02
1	1	14	41	3.9120792e+02
1	1	14	42	3.2283228e+02
1	1	14	43	3.4550327e+02
1	1	14	44	4.4302191e+02
1	1	14	45	2.6720749e+02
1	1	14	46	3.7286987e+02
1	1	14	47	4.2790527e+02
1	1	14	48	3.2180426e+02
1	1	14	49	1.6519493e+02
1	1	14	50	3.2812741e+02
1	1	14	51	1.0981609e+03
1	1	14	52	1.0751783e+03
1	1	14	53	6.0312189e+02
1	1	14	54	5.6214319e+02
1	1	14	55	6.4050409e+02
1	1	14	56	8.8190497e+02
1	1	14	57	8.1470349e+02
1	1	14	58	6.3545599e+02
1	1	14	59	7.5042737e+02
1	1	14	60	6.9911163e+02
1	1	14	61	6.2835315e+02
1	1	14	62	6.9137012e+02
1	1	14	63	6.7450153e+02
1	1	15	0	3.1492229e+01
1	1	15	1	-1.9465113e+01
1	1	15	2	7.7672467e+00
1	1	15	3	4.5055889e+01
1	1	15	4	-6.7877213e+01
1	1	15	5	1.8565708e+01
1	1	15	6	5.8218231e+00
1	1	15	7	1.8175948e+02
1	1	15	8	4.4190533e+01
1	1	15	9	-4.8220718e+01
1	1	15	10	5.9357403e+01
1	1	15	11	-3.7972919e+01
1	1	15	12	-2.7608746e+02
1	1	15	13	-3.9238047e-02
1	1	15	14	-1.5935063e+02
1	1	15	15	-8.6150414e+01
1	1	15	16	-1.1883820e+02
1	1	15	17	-2.0478703e+01
1	1	15	18	-1.3270844e+02
1	1	15	19	-1.1988380e+02
1	1	15	20	-1.6625409e+02
1	1	15	21	-1.4719954e+02
1	1	15	22	-4.1511070e+01
1	1	15	23	-9.2995049e+01
1	1	15	24	-1.5113382e+02
1	1	15	25	-1.0221671e+02
1	1	15	26	-1.5361089e+02
1	1	15	27	-2.4497600e+02
1	1	15	28	-2.6964273e+02
1	1	15	29	-2.9705765e+02
1	1	15	30	-1.2038486e+02
1	1	15	31	-1.8864355e+02
1	1	15	32	-1.5893398e+02
1	1	15	33	-2.2184140e+02
1	1	15	34	3.4957355e+02
1	1	15	35	4.1924637e+02
1	1	15	36	4.4001654e+02
1	1	15	37	2.7315836e+02
1	1	15	38	5.4455920e+02
1	1	15	39	3.2459958e+02
1	1	15	40	3.8152032e+02
1	1	15	41	2.5788474e+02
1	1	15	42	4.4849445e+02
1	1	15	43	3.0714960e+02
1	1	15	44	2.8649786e+02
1	1	15	45	3.0584671e+02
1	1	15	46	1.9660887e+02
1	1	15	47	1.8415094e+02
1	1	15	48	1.6308969e+02
1	1	15	49	9.7007362e+01
1	1	15	50	3.7386768e+02
1	1	15	51	6.6983521e+02
1	1	15	52	9.2393756e+02
1	1	15	53	4.5987805e+02
1	1	15	54	5.6513086e+02
1	1	15	55	5.1154520e+02
1	1	15	56	5.9837592e+02
1	1	15	57	7.4295312e+02
1	1	15	58	5.9495917e+02
1	1	15	59	4.5593295e+02
1	1	15	60	5.9231226e+02
1	1	15	61	4.6794434e+02
1	1	15	62	4.7165543e+02
1	1	15	63	6.1769495e+02
1	2	0	0	1.8504109e+02
1	2	0	1	1.1993315e+00
1	2	0	2	1.9062502e+02
1	2	0	3	1.1657787e+02
1	2	0	4	1.1437641e+02
1	2	0	5	7.9903511e+01
1	2	0	6	-6.0797958e+01
1	2	0	7	1.3682175e+02
1	2	0	8	1.6782581e+01
1	2	0	9	1.3285138e+02
1	2	0	10	4.8967388e+01
1	2	0	11	6.3304890e+01
1	2	0	12	-3.8774647e+01
1	2	0	13	1.1628248e+02
1	2	0	14	1.1554965e+02
1	2	0	15	1.3859330e+01
1	2	0	16	-9.6011940e+01
1	2	0	17	-8.4616432e+00
1	2	0	18	-8.8557777e+01
1	2	0	19	-6.8539932e+01
1	2	0	20	3.4122700e+01
1	2	0	21	2.9007885e+01
1	2	0	22	9.9405508e+00
1	2	0	23	-4.9986649e+01
1	2	0	24	4.4140007e+01
1	2	0	25	5.9274376e+01
1	2	0	26	-9.7760735e+01
1	2	0	27	-1.3811958e+02
1	2	0	28	2.2844208e+01
1	2	0	29	-7.7448532e+01
1	2	0	30	9.9498110e+00
1	2	0	31	-1.1525173e+02
1	2	0	32	-7.2265468e+00
1	2	0	33	-3.3668411e+01
1	2	0	34	4.1389716e+02
1	2	0	35	6.9583618e+02
1	2	0	36	6.9733350e+02
1	2	0	37	6.4234137e+02
1	2	0	38	6.2179913e+02
1	2	0	39	6.6104736e+02
1	2	0	40	7.1778314e+02
1	2	0	41	4.3223462e+02
1	2	0	42	5.6870612e+02
1	2	0	43	7.4040289e+02
1	2	0	44	7.1576398e+02
1	2	0	45	5.7720758e+02
1	2	0	46	6.8700696e+02
1	2	0	47	6.6021820e+02
1	2	0	48	6.4540497e+02
1	2	0	49	7.0727936e+02
1	2	0	50	6.9716260e+02
1	2	0	51	1.2707749e+03
1	2	0	52	1.1719760e+03
1	2	0	53	8.3785944e+02
1	2	0	54	8.0686298e+02
1	2	0	55	9.0683057e+02
1	2	0	56	1.0434045e+03
1	2	0	57	1.0690048e+03
1	2	0	58	8.5083228e+02
1	2	0	59	9.6274475e+02
1	2	0	60	8.7567188e+02
1	2	0	61	7.8250116e+02
1	2	0	62	6.5072455e+02
1	2	0	63	7.8751422e+02
1	2	1	0	2.0411340e+02
1	2	1	1	-9.9573097e+01
1	2	1	2	-5.4619865e+01
1	2	1	3	1.5941989e+02
1	2	1	4	-2.0254116e+01
1	2	1	5	9.5054230e+01
1	2	1	6	-1.8642838e+01
1	2	1	7	1.6942896e+02
1	2	1	8	1.6809206e+02
1	2	1	9	1.9269881e+02
1	2	1	10	1.3393956e+02
1	2	1	11	1.0515649e+02
1	2	1	12	4.1073120e+01
1	2	1	13	1.0603729e+02
1	2	1	14	1.0583040e+02
1	2	1	15	9.8971565e+01
1	2	1	16	-2.3234287e+01
1	2	1	17	-1.3144218e+02
1	2	1	18	-6.2611904e+01
1	2	1	19	-1.0392303e+02
1	2	1	20	-2.8060892e+02
1	2	1	21	-4.4798431e+01
1	2	1	22	-1.8775102e+02
1	2	1	23	-2.3674257e+02
1	2	1	24	-1.1816166e+02
1	2	1	25	5.9615646e+01
1	2	1	26	-5.4755630e+01
1	2	1	27	1.6501381e+01
1	2	1	28	6.3187408e+01
1	2	1	29	-5.6897301e+01
1	2	1	30	-1.8092878e+01
1	2	1	31	-1.6451767e+02
1	2	1	32	-1.3702243e+02
1	2	1	33	-7.6730301e+01
1	2	1	34	5.9277374e+02
1	2	1	35	3.4067999e+02
1	2	1	36	5.1178427e+02
1	2	1	37	3.8712531e+02
1	2	1	38	6.7412000e+02
1	2	1	39	3.4708963e+02
1	2	1	40	6.6683063e+02
1	2	1	41	5.8408844e+02
1	2	1	42	6.7485925e+02
1	2	1	43	5.2090521e+02
1	2	1	44	7.3756769e+02
1	2	1	45	6.2251038e+02
1	2	1	46	7.1356744e+02
1	2	1	47	5.5601160e+02
1	2	1	48	5.8204236e+02
1	2	1	49	6.7348279e+02
1	2	1	50	4.5793161e+02
1	2	1	51	1.2404390e+03
1	2	1	52	1.2204896e+03
1	2	1	53	8.3816626e+02
1	2	1	54	8.8335114e+02
1	2	1	55	1.0030500e+03
1	2	1	56	1.0653287e+03
1	2	1	57	1.0132027e+03
1	2	1	58	1.0113184e+03
1	2	1	59	6.9172852e+02
1	2	1	60	9.2965991e+02
1	2	1	61	8.2341565e+02
1	2	1	62	9.1773755e+02
1	2	1	63	9.3441620e+02
1	2	2	0	3.5213787e+01
1	2	2	1	-4.7373634e+01
1	2	2	2	8.3804626e+01
1	2	2	3	9.0660095e+01
1	2	2	4	-1.5773849e+02
1	2	2	5	3.4072170e+01
1	2	2	6	-4.0715756e+00
1	2	2	7	2.2121590e+02
1	2	2	8	-1.1242323e+02
1	2	2	9	-1.0443968e+02
1	2	2	10	-5.9808865e+01
1	2	2	11	1.7954185e+01
1	2	2	12	-8.4938423e+01
1	2	2	13	-1.1362551e+02
1	2	2	14	-5.4173100e+01
1	2	2	15	-2.5988684e+01
1	2	2	16	-3.9169621e+01
1	2	2	17	-2.9614386e+02
1	2	2	18	-2.5509695e+01
1	2	2	19	-1.3163525e+02
1	2	2	20	-3.7513096e+01
1	2	2	21	-7.7579605e+01
1	2	2	22	-1.0892681e+02
1	2	2	23	-1.0395036e+02
1	2	2	24	-1.0133961e+02
1	2	2	25	-1.3084134e+02
1	2	2	26	-1.5683089e+02
1	2	2	27	-8.4885109e+01
1	2	2	28	-1.4731857e+02
1	2	2	29	-2.1552728e+02
1	2	2	30	-1.1851675e+02
1	2	2	31	-1.7077779e+02
1	2	2	32	-2.4511440e+02
1	2	2	33	-1.6732719e+02
1	2	2	34	4.7902036e+02
1	2	2	35	5.5382416e+02
1	2	2	36	4.7095334e+02
1	2	2	37	5.0297733e+02
1	2	2	38	4.5820871e+02
1	2	2	39	5.1029562e+02
1	2	2	40	5.1055701e+02
1	2	2	41	5.0360696e+02
1	2	2	42	4.4940451e+02
1	2	2	43	5.8392859e+02
1	2	2	44	5.4025476e+02
1	2	2	45	4.9354913e+02
1	2	2	46	5.9192194e+02
1	2	2	47	4.8021426e+02
1	2	2	48	5.0934665e+02
1	2	2	49	4.5203885e+02
1	2	2	50	5.8759674e+02
1	2	2	51	1.3988231e+03
1	2	2	52	1.3695582e+03
1	2	2	53	6.9350500e+02
1	2	2	54	8.7907959e+02
1	2	2	55	1.0939828e+03
1	2	2	56	1.0649978e+03
1	2	2	57	9.6499292e+02
1	2	2	58	8.6264630e+02
1	2	2	59	8.4150543e+02
1	2	2	60	5.9960010e+02
1	2	2	61	8.0527606e+02
1	2	2	62	8.3742358e+02
1	2	2	63	1.0233669e+03
1	2	3	0	2.2380608e+02
1	2	3	1	9.4881744e+01
1	2	3	2	1.3837587e+02
1	2	3	3	1.1082236e+02
1	2	3	4	1.1026035e+02
1	2	3	5	1.1208696e+02
1	2	3	6	-9.0714607e+00
1	2	3	7	6.3631096e+00
1	2	3	8	1.1501923e+02
1	2	3	9	7.6491943e+01
1	2	3	10	3.9548546e+01
1	2	3	11	3.0519760e+01
1	2	3	12	-1.9166629e+02
1	2	3	13	9.2417633e+01
1	2	3	14	1.7933874e+01
1	2	3	15	1.1160951e+01
1	2	3	16	-1.1447294e+02
1	2	3	17	-4.4206419e+00
1	2	3	18	-4.7887085e+01
1	2	3	19	-2.6370684e+01
1	2	3	20	-3.3775186e+02
1	2	3	21	-2.6135770e+02
1	2	3	22	-1.3820316e+02
1	2	3	23	6.0289909e+01
1	2	3	24	-1.6422194e+02
1	2	3	25	-1.1297202e+02
1	2	3	26	-1.3033859e+02
1	2	3	27	-6.4560707e+01
1	2	3	28	-5.1913921e+01
1	2	3	29	-6.2573837e+01
1	2	3	30	-8.9800468e+01
1	2	3	31	-5.4156136e+01
1	2	3	32	-2.4019418e+02
1	2	3	33	-1.7540833e+02
1	2	3	34	5.2201245e+02
1	2	3	35	3.0068607e+02
1	2	3	36	8.2519476e+02
1	2	3	37	7.2184186e+02
1	2	3	38	7.3949609e+02
1	2	3	39	3.3342981e+02
1	2	3	40	7.4729846e+02
1	2	3	41	7.4207294e+02
1	2	3	42	7.8153156e+02
1	2	3	43	6.5167688e+02
1	2	3	44	8.6178900e+02
1	2	3	45	5.0091272e+02
1	2	3	46	8.4232379e+02
1	2	3	47	6.7652545e+02
1	2	3	48	7.6849640e+02
1	2	3	49	5.1553931e+02
1	2	3	50	6.4906104e+02
1	2	3	51	1.1334347e+03
1	2	3	52	1.1585308e+03
1	2	3	53	7.8095508e+02
1	2	3	54	7.8968304e+02
1	2	3	55	9.5829474e+02
1	2	3	56	8.8579779e+02
1	2	3	57	9.5031628e+02
1	2	3	58	8.7577722e+02
1	2	3	59	8.4760016e+02
1	2	3	60	8.4403839e+02
1	2	3	61	7.4782068e+02
1	2	3	62	9.1618268e+02
1	2	3	63	1.0246888e+03
1	2	4	0	2.9051903e+01
1	2	4	1	-1.7830624e+01
1	2	4	2	1.3191386e+02
1	2	4	3	-2.0381300e+01
1	2	4	4	-2.9923882e+01
1	2	4	5	-1.5789686e+01
1	2	4	6	1.1395199e+01
1	2	4	7	-4.5191109e+01
1	2	4	8	-2.4625899e+02
1	2	4	9	9.8186234e+01
1	2	4	10	-1.7156537e+02
1	2	4	11	9.3537273e+00
1	2	4	12	-6.6932755e+01
1	2	4	13	2.1453083e+01
1	2	4	14	-2.7545137e+01
1	2	4	15	-2.1708043e+02
1	2	4	16	-2.1306541e+02
1	2	4	17	-1.6606094e+02
1	2	4	18	-3.4346515e+02
1	2	4	19	-2.5043921e+02
1	2	4	20	-1.0521476e+02
1	2	4	21	-1.1567189e+02
1	2	4	22	-1.6201137e+02
1	2	4	23	-2.6594952e+02
1	2	4	24	-3.0173337e+02
1	2	4	25	-9.0875206e+01
1	2	4	26	-1.2255339e+02
1	2	4	27	-1.4767424e+02
1	2	4	28	-6.6221069e+01
1	2	4	29	-1.9225397e+02
1	2	4	30	-8.1143906e+01
1	2	4	31	-3.0002353e+02
1	2	4	32	-4.2828375e+02
1	2	4	33	-1.0644227e+02
1	2	4	34	2.8085617e+02
1	2	4	35	5.3924640e+02
1	2	4	36	4.0668701e+02
1	2	4	37	3.7406128e+02
1	2	4	38	4.3067447e+02
1	2	4	39	5.1442670e+02
1	2	4	40	5.6984583e+02
1	2	4	41	4.7411523e+02
1	2	4	42	6.5324194e+02
1	2	4	43	5.0230609e+02
1	2	4	44	5.4993427e+02
1	2	4	45	3.4938800e+02
1	2	4	46	5.6209003e+02
1	2	4	47	5.2993134e+02
1	2	4	48	5.5755896e+02
1	2	4	49	4.5736981e+02
1	2	4	50	5.3170514e+02
1	2	4	51	9.9980731e+02
1	2	4	52	1.1211990e+03
1	2	4	53	8.0168475e+02
1	2	4	54	8.4343115e+02
1	2	4	55	6.8680249e+02
1	2	4	56	8.7928070e+02
1	2	4	57	1.0728104e+03
1	2	4	58	9.0898602e+02
1	2	4	59	8.8516876e+02
1	2	4	60	7.6311353e+02
1	2	4	61	7.2198230e+02
1	2	4	62	7.5869348e+02
1	2	4	63	8.3617578e+02
1	2	5	0	-9.8200584e+01
1	2	5	1	8.4840385e+01
1	2	5	2	-7.8140259e+01
1	2	5	3	1.4471721e+02
1	2	5	4	-4.6132827e+00
1	2	5	5	1.4812442e+02
1	2	5	6	-9.6804482e+01
1	2	5	7	-1.0419820e+02
1	2	5	8	9.0864420e+00
1	2	5	9	5.6380802e+01
1	2	5	10	-2.6944868e+01
1	2	5	11	-9.3175945e+00
1	2	5	12	5.1113997e+00
1	2	5	13	-1.9029655e+01
1	2	5	14	-4.2291470e+00
1	2	5	15	-6.6347588e+01
1	2	5	16	-1.4108980e+02
1	2	5	17	-1.2541351e+02
1	2	5	18	-5.8125168e+01
1	2	5	19	-1.9711310e+02
1	2	5	20	-9.8749458e+01
1	2	5	21	-4.3506920e+01
1	2	5	22	-1.3110876e+02
1	2	5	23	-4.6008806e+00
1	2	5	24	-6.3811718e+01
1	2	5	25	1.2066112e+01
1	2	5	26	-1.0394528e+02
1	2	5	27	-4.3245831e+01
1	2	5	28	-8.3449593e+01
1	2	5	29	-3.7912636e+01
1	2	5	30	-8.6537132e+00
1	2	5	31	-5.7798214e+01
1	2	5	32	-8.9210846e+01
1	2	5	33	-5.7422928e+01
1	2	5	34	3.5764722e+02
1	2	5	35	5.0538782e+02
1	2	5	36	5.7780603e+02
1	2	5	37	4.9636697e+02
1	2	5	38	6.1532397e+02
1	2	5	39	6.0219611e+02
1	2	5	40	5.2917719e+02
1	2	5	41	5.5464661e+02
1	2	5	42	6.1842334e+02
1	2	5	43	4.3054700e+02
1	2	5	44	6.0164832e+02
1	2	5	45	5.7394220e+02
1	2	5	46	5.4735175e+02
1	2	5	47	6.2705896e+02
1	2	5	48	4.7942191e+02
1	2	5	49	5.2062891e+02
1	2	5	50	6.0712891e+02
1	2	5	51	1.1301119e+03
1	2	5	52	1.1531049e+03
1	2	5	53	6.0882373e+02
1	2	5	54	8.5317352e+02
1	2	5	55	7.6352197e+02
1	2	5	56	1.0264945e+03
1	2	5	57	9.7913342e+02
1	2	5	58	8.8780408e+02
1	2	5	59	7.1005261e+02
1	2	5	60	9.0030701e+02
1	2	5	61	7.4858582e+02
1	2	5	62	8.6567462e+02
1	2	5	63	6.4585364e+02
1	2	6	0	1.8653737e+02
1	2	6	1	1.1813640e+02
1	2	6	2	6.8640701e+01
1	2	6	3	5.8976837e+01
1	2	6	4	-2.0216795e+02
1	2	6	5	4.7785564e+01
1	2	6	6	-5.8509228e+01
1	2	6	7	6.2757748e+01
1	2	6	8	1.4416431e+02
1	2	6	9	1.0837096e+02
1	2	6	10	-1.9180939e+01
1	2	6	11	4.5991699e+01
1	2	6	12	-1.1223457e+02
1	2	6	13	1.6994223e+01
1	2	6	14	3.5496254e+01
1	2	6	15	-9.6101398e+00
1	2	6	16	-2.6977118e+01
1	2	6	17	-1.0144455e+02
1	2	6	18	-3.1033264e+02
1	2	6	19	-1.3482915e+01
1	2	6	20	1.7587980e+01
1	2	6	21	-8.7618614e+01
1	2	6	22	-9.2589149e+01
1	2	6	23	-1.5975955e+02
1	2	6	24	-3.6455103e+02
1	2	6	25	-7.1565102e+01
1	2	6	26	-1.4845633e+02
1	2	6	27	-1.2730052e+01
1	2	6	28	-7.9065048e+01
1	2	6	29	-1.9447026e+02
1	2	6	30	-5.8950527e+01
1	2	6	31	-3.0309924e+02
1	2	6	32	-1.6165909e+02
1	2	6	33	-2.8524857e+02
1	2	6	34	5.6067053e+02
1	2	6	35	5.5087939e+02
1	2	6	36	5.4979614e+02
1	2	6	37	6.0086102e+02
1	2	6	38	5.2107648e+02
1	2	6	39	5.9076447e+02
1	2	6	40	5.3428381e+02
1	2	6	41	1.9275604e+02
1	2	6	42	6.1126154e+02
1	2	6	43	5.8341345e+02
1	2	6	44	5.6974182e+02
1	2	6	45	5.4696484e+02
1	2	6	46	6.7786621e+02
1	2	6	47	5.6497974e+02
1	2	6	48	5.2554486e+02
1	2	6	49	6.4096155e+02
1	2	6	50	6.2166528e+02
1	2	6	51	1.1269415e+03
1	2	6	52	1.0634365e+03
1	2	6	53	7.7951477e+02
1	2	6	54	8.4732922e+02
1	2	6	55	9.1507837e+02
1	2	6	56	1.0169466e+03
1	2	6	57	1.0225648e+03
1	2	6	58	8.4426752e+02
1	2	6	59	8.9711786e+02
1	2	6	60	9.2805939e+02
1	2	6	61	7.1143945e+02
1	2	6	62	7.9257782e+02
1	2	6	63	9.4636456e+02
1	2	7	0	3.9869772e+02
1	2	7	1	1.1241365e+02
1	2	7	2	2.6344061e+02
1	2	7	3	2.7161020e+02
1	2	7	4	1.6140021e+02
1	2	7	5	3.5607797e+02
1	2	7	6	3.0327652e+02
1	2	7	7	4.5559756e+02
1	2	7	8	7.4107094e+01
1	2	7	9	2.3712251e+02
1	2	7	10	3.2653665e+02
1	2	7	11	4.0290337e+01
1	2	7	12	4.5333767e+01
1	2	7	13	2.9830881e+02
1	2	7	14	8.1212975e+01
1	2	7	15	3.0847888e+02
1	2	7	16	1.3138689e+02
1	2	7	17	2.4795741e+02
1	2	7	18	1.7332556e+02
1	2	7	19	2.8659329e+02
1	2	7	20	1.7648877e+02
1	2	7	21	4.0651955e+01
1	2	7	22	1.8810229e+02
1	2	7	23	1.6422095e+02
1	2	7	24	7.9938248e+01
1	2	7	25	-2.6181253e+01
1	2	7	26	7.8151100e+01
1	2	7	27	1.0867192e+02
1	2	7	28	1.4370645e+02
1	2	7	29	1.3260043e+02
1	2	7	30	6.4514313e+01
1	2	7	31	1.6297527e+01
1	2	7	32	1.6040025e+02
1	2	7	33	6.5494102e+01
1	2	7	34	6.5786206e+02
1	2	7	35	6.6908917e+02
1	2	7	36	7.1710284e+02
1	2	7	37	6.3825751e+02
1	2	7	38	7.4684784e+02
1	2	7	39	5.3514923e+02
1	2	7	40	7.7563013e+02
1	2	7	41	7.2871399e+02
1	2	7	42	7.0538879e+02
1	2	7	43	7.6817596e+02
1	2	7	44	8.6663086e+02
1	2	7	45	5.7195117e+02
1	2	7	46	8.2931128e+02
1	2	7	47	8.0057281e+02
1	2	7	48	8.7133514e+02
1	2	7	49	7.2740527e+02
1	2	7	50	8.7957538e+02
1	2	7	51	1.2459711e+03
1	2	7	52	1.4211488e+03
1	2	7	53	7.5385333e+02
1	2	7	54	1.0645592e+03
1	2	7	55	1.0523831e+03
1	2	7	56	1.1754470e+03
1	2	7	57	1.0408597e+03
1	2	7	58	1.0263748e+03
1	2	7	59	9.8240790e+02
1	2	7	60	8.5311957e+02
1	2	7	61	8.4391425e+02
1	2	7	62	1.0828785e+03
1	2	7	63	1.1085759e+03
1	2	8	0	-1.5960599e+02
1	2	8	1	-5.0807172e+02
1	2	8	2	-3.3534177e+02
1	2	8	3	-1.9676025e+02
1	2	8	4	-4.5348660e+02
1	2	8	5	-3.1429022e+02
1	2	8	6	-4.1270813e+02
1	2	8	7	-2.8782413e+02
1	2	8	8	-2.5838840e+02
1	2	8	9	-2.0163232e+02
1	2	8	10	-2.8417447e+02
1	2	8	11	-1.7963725e+02
1	2	8	12	-3.6242740e+02
1	2	8	13	-3.3534689e+02
1	2	8	14	-2.5996548e+02
1	2	8	15	-3.0836514e+02
1	2	8	16	-3.5024084e+02
1	2	8	17	-3.9217480e+02
1	2	8	18	-2.4659335e+02
1	2	8	19	-4.5360193e+02
1	2	8	20	-2.7513303e+02
1	2	8	21	-4.1807257e+02
1	2	8	22	-3.6097742e+02
1	2	8	23	-5.3511438e+02
1	2	8	24	-3.7365564e+02
1	2	8	25	-4.4003513e+02
1	2	8	26	-4.4465735e+02
1	2	8	27	-4.1334045e+02
1	2	8	28	-4.3120837e+02
1	2	8	29	-4.5114700e+02
1	2	8	30	-3.1417871e+02
1	2	8	31	-4.6053476e+02
1	2	8	32	-4.6833304e+02
1	2	8	33	-5.3367029e+02
1	2	8	34	2.8891583e+02
1	2	8	35	2.9211554e+02
1	2	8	36	3.2126920e+02
1	2	8	37	3.3050168e+02
1	2	8	38	1.5889693e+02
1	2	8	39	7.0669189e+01
1	2	8	40	3.2876382e+02
1	2	8	41	9.9982468e+01
1	2	8	42	2.6344519e+02
1	2	8	43	2.4160466e+02
1	2	8	44	3.8248239e+02
1	2	8	45	2.6643823e+02
1	2	8	46	1.1422552e+02
1	2	8	47	2.4060435e+02
1	2	8	48	1.1982011e+02
1	2	8	49	3.2390027e+02
1	2	8	50	3.4451538e+02
1	2	8	51	8.6092407e+02
1	2	8	52	9.9349329e+02
1	2	8	53	4.8977563e+02
1	2	8	54	4.3636267e+02
1	2	8	55	6.6184894e+02
1	2	8	56	7.5119794e+02
1	2	8	57	5.6379315e+02
1	2	8	58	5.0166431e+02
1	2	8	59	5.7685828e+02
1	2	8	60	6.5643689e+02
1	2	8	61	4.9567633e+02
1	2	8	62	5.6659198e+02
1	2	8	63	6.7415839e+02
1	2	9	0	1.2755261e+02
1	2	9	1	2.5286833e+02
1	2	9	2	5.3248280e+01
1	2	9	3	2.1691609e+02
1	2	9	4	1.9141948e+02
1	2	9	5	2.1634825e+02
1	2	9	6	1.8612988e+02
1	2	9	7	1.6771907e+02
1	2	9	8	2.0031699e+02
1	2	9	9	1.0940550e+02
1	2	9	10	1.7085078e+02
1	2	9	11	1.1991684e+02
1	2	9	12	2.5945053e+01
1	2	9	13	1.7219992e+02
1	2	9	14	1.0464507e+02
1	2	9	15	1.7298590e+02
1	2	9	16	8.6474174e+01
1	2	9	17	2.1127304e+01
1	2	9	18	-8.0336777e+01
1	2	9	19	1.3728691e+02
1	2	9	20	4.6248875e+01
1	2	9	21	-8.9524919e-01
1	2	9	22	-2.0583119e+02
1	2	9	23	2.6090990e+01
1	2	9	24	7.9298920e+01
1	2	9	25	3.2797127e+01
1	2	9	26	-1.0421321e+01
1	2	9	27	1.3519327e+01
1	2	9	28	1.2368393e+02
1	2	9	29	8.5860107e+01
1	2	9	30	1.6771915e+02
1	2	9	31	-1.8934770e+02
1	2	9	32	-1.0234206e+02
1	2	9	33	-3.1024603e+01
1	2	9	34	4.4838873e+02
1	2	9	35	6.0696106e+02
1	2	9	36	7.5389746e+02
1	2	9	37	4.9557739e+02
1	2	9	38	6.7356628e+02
1	2	9	39	4.2196393e+02
1	2	9	40	7.0682892e+02
1	2	9	41	3.7290613e+02
1	2	9	42	5.6706964e+02
1	2	9	43	3.5963663e+02
1	2	9	44	8.9013275e+02
1	2	9	45	6.1330725e+02
1	2	9	46	6.8796832e+02
1	2	9	47	7.3154950e+02
1	2	9	48	6.3387164e+02
1	2	9	49	7.4209119e+02
1	2	9	50	6.3944238e+02
1	2	9	51	1.0089395e+03
1	2	9	52	1.3171232e+03
1	2	9	53	7.5488440e+02
1	2	9	54	9.4852734e+02
1	2	9	55	1.0266716e+03
1	2	9	56	1.1265447e+03
1	2	9	57	8.3722662e+02
1	2	9	58	6.9638348e+02
1	2	9	59	7.9948273e+02
1	2	9	60	8.5186334e+02
1	2	9	61	8.1996295e+02
1	2	9	62	9.3079626e+02
1	2	9	63	7.8839508e+02
1	2	10	0	-1.9688338e+02
1	2	10	1	2.9764395e+01
1	2	10	2	-1.5896118e+02
1	2	10	3	-3.2123371e+01
1	2	10	4	-2.5956062e+01
1	2	10	5	-7.3033853e+00
1	2	10	6	1.0205445e+02
1	2	10	7	1.9343369e+02
1	2	10	8	-6.6517761e+01
1	2	10	9	1.2627464e+02
1	2	10	10	-2.6246738e+02
1	2	10	11	-1.1184790e+01
1	2	10	12	-1.4633116e+02
1	2	10	13	5.1532581e+01
1	2	10	14	-5.4775856e+01
1	2	10	15	9.1751534e+01
1	2	10	16	-2.0715128e+02
1	2	10	17	-2.2596954e+02
1	2	10	18	-2.0205672e+02
1	2	10	19	-2.1756474e+02
1	2	10	20	-2.4158646e+02
1	2	10	21	-1.3785143e+02
1	2	10	22	-2.3220139e+02
1	2	10	23	-1.8400137e+02
1	2	10	24	-3.0885956e+02
1	2	10	25	-1.5301923e+02
1	2	10	26	-1.2368472e+02
1	2	10	27	-1.1762627e+02
1	2	10	28	-1.7035103e+02
1	2	10	29	-1.3118633e+02
1	2	10	30	-2.1689090e+02
1	2	10	31	-9.2826164e+01
1	2	10	32	-1.8368987e+02
1	2	10	33	-1.4236771e+02
1	2	10	34	4.6111197e+02
1	2	10	35	6.1513708e+02
1	2	10	36	4.0779050e+02
1	2	10	37	5.2658514e+02
1	2	10	38	5.4250763e+02
1	2	10	39	4.4195435e+02
1	2	10	40	6.4106317e+02
1	2	10	41	5.4386023e+02
1	2	10	42	4.8591296e+02
1	2	10	43	6.7142932e+02
1	2	10	44	6.4143213e+02
1	2	10	45	4.9972321e+02
1	2	10	46	5.6600177e+02
1	2	10	47	4.9770459e+02
1	2	10	48	5.1344373e+02
1	2	10	49	4.1676221e+02
1	2	10	50	5.8618188e+02
1	2	10	51	1.2896124e+03
1	2	10	52	1.1298313e+03
1	2	10	53	9.1795825e+02
1	2	10	54	8.2647876e+02
1	2	10	55	8.5266736e+02
1	2	10	56	7.1883447e+02
1	2	10	57	8.7047534e+02
1	2	10	58	9.0813281e+02
1	2	10	59	9.2344763e+02
1	2	10	60	8.9757343e+02
1	2	10	61	8.4658081e+02
1	2	10	62	8.7043719e+02
1	2	10	63	8.8264984e+02
1	2	11	0	1.4778978e+02
1	2	11	1	1.7153838e+02
1	2	11	2	7.4188614e+01
1	2	11	3	6.4521477e+01
1	2	11	4	-3.6737186e+01
1	2	11	5	1.3775537e+02
1	2	11	6	9.9587730e+01
1	2	11	7	1.1625233e+02
1	2	11	8	5.0846760e+01
1	2	11	9	-8.7060303e+03
1	2	11	10	1.5721469e+02
1	2	11	11	8.4075470e+01
1	2	11	12	-6.8564751e+01
1	2	11	13	9.9836189e+01
1	2	11	14	-1.3024160e+01
1	2	11	15	5.6606789e+01
1	2	11	16	-1.9664822e+01
1	2	11	17	4.8277335e+00
1	2	11	18	-1.4267813e+00
1	2	11	19	-2.2474653e+01
1	2	11	20	-1.3929987e+02
1	2	11	21	-3.8914734e+01
1	2	11	22	-3.4543232e+01
1	2	11	23	9.3135925e+01
1	2	11	24	-6.9795296e+01
1	2	11	25	-1.6598366e+02
1	2	11	26	-1.2720234e+02
1	2	11	27	-1.5867401e+02
1	2	11	28	-2.3270155e+01
1	2	11	29	4.3274563e+01
1	2	11	30	-1.2201782e+02
1	2	11	31	-1.9783302e+02
1	2	11	32	-7.8883148e+01
1	2	11	33	-9.6631065e+01
1	2	11	34	6.1296991e+02
1	2	11	35	-8.7060303e+03
1	2	11	36	8.0050659e+02
1	2	11	37	6.0442603e+02
1	2	11	38	5.7416156e+02
1	2	11	39	7.2785760e+02
1	2	11	40	4.5551349e+02
1	2	11	41	4.0398877e+02
1	2	11	42	6.3703894e+02
1	2	11	43	4.8336749e+02
1	2	11	44	7.3766785e+02
1	2	11	45	3.0763651e+02
1	2	11	46	3.6555185e+02
1	2	11	47	5.1813647e+02
1	2	11	48	6.0939240e+02
1	2	11	49	5.5951605e+02
1	2	11	50	7.4847931e+02
1	2	11	51	1.1322701e+03
1	2	11	52	1.0475856e+03
1	2	11	53	7.3672125e+02
1	2	11	54	7.9661310e+02
1	2	11	55	8.0836755e+02
1	2	11	56	9.3392798e+02
1	2	11	57	8.6601013e+02
1	2	11	58	7.0096021e+02
1	2	11	59	8.4420746e+02
1	2	11	60	9.4686047e+02
1	2	11	61	5.5611462e+02
1	2	11	62	7.6940906e+02
1	2	11	63	8.7657819e+02
1	2	12	0	-1.8686461e+02
1	2	12	1	-2.3516737e+01
1	2	12	2	-4.5266510e+01
1	2	12	3	8.0837708e+00
1	2	12	4	-5.9669991e+01
1	2	12	5	-4.1146461e+01
1	2	12	6	-8.0273811e+01
1	2	12	7	-1.8883083e+02
1	2	12	8	-6.9177544e+01
1	2	12	9	4.6337609e+00
1	2	12	10	-1.5881326e+02
1	2	12	11	5.0975142e+00
1	2	12	12	-1.2359124e+02
1	2	12	13	-4.0973305e+01
1	2	12	14	-8.2047028e+01
1	2	12	15	-5.8416481e+01
1	2	12	16	-1.1260083e+02
1	2	12	17	-2.3613977e+02
1	2	12	18	-1.8497774e+02
1	2	12	19	-2.6955399e+02
1	2	12	20	-2.4225359e+02
1	2	12	21	-9.0303047e+01
1	2	12	22	-1.4536998e+02
1	2	12	23	-1.9772771e+02
1	2	12	24	-3.1752222e+02
1	2	12	25	-1.8023766e+02
1	2	12	26	-3.3469235e+02
1	2	12	27	-1.3036424e+02
1	2	12	28	-1.6366245e+02
1	2	12	29	-2.1291521e+02
1	2	12	30	-2.7048209e+02
1	2	12	31	-2.4426804e+02
1	2	12	32	-2.2268266e+02
1	2	12	33	-3.5488098e+02
1	2	12	34	4.2441895e+02
1	2	12	35	5.3417249e+02
1	2	12	36	3.3310358e+02
1	2	12	37	3.6573441e+02
1	2	12	38	3.3351477e+02
1	2	12	39	5.9991846e+02
1	2	12	40	4.8357959e+02
1	2	12	41	4.5690234e+02
1	2	12	42	6.4061139e+02
1	2	12	43	4.7138000e+02
1	2	12	44	5.9749384e+02
1	2	12	45	5.8371509e+02
1	2	12	46	5.9718610e+02
1	2	12	47	4.3724423e+02
1	2	12	48	5.2956537e+02
1	2	12	49	5.1815570e+02
1	2	12	50	5.6414087e+02
1	2	12	51	1.0890780e+03
1	2	12	52	1.1176553e+03
1	2	12	53	7.3803870e+02
1	2	12	54	7.0586304e+02
1	2	12	55	5.5330621e+02
1	2	12	56	9.1608588e+02
1	2	12	57	9.9719446e+02
1	2	12	58	8.7907202e+02
1	2	12	59	6.7745728e+02
1	2	12	60	6.1720850e+02
1	2	12	61	7.2732239e+02
1	2	12	62	8.2199664e+02
1	2	12	63	9.0858002e+02
1	2	13	0	3.0413434e+02
1	2	13	1	2.1628529e+02
1	2	13	2	1.7141763e+02
1	2	13	3	1.3479468e+02
1	2	13	4	1.2953325e+02
1	2	13	5	1.7490858e+02
1	2	13	6	1.3052046e+02
1	2	13	7	9.2613754e+01
1	2	13	8	5.5871670e+01
1	2	13	9	7.0879311e+01
1	2	13	10	-3.4758530e+01
1	2	13	11	1.0363126e+02
1	2	13	12	1.4031349e+02
1	2	13	13	5.0733261e+01
1	2	13	14	2.4180418e+01
1	2	13	15	-3.5090294e+01
1	2	13	16	-2.3803157e+02
1	2	13	17	-8.0347313e+01
1	2	13	18	-4.7039585e+01
1	2	13	19	1.4965078e+01
1	2	13	20	-2.7778833e+01
1	2	13	21	-1.3196294e+02
1	2	13	22	8.1480217e+01
1	2	13	23	1.2858458e+02
1	2	13	24	1.4342813e+01
1	2	13	25	6.8970177e+01
1	2	13	26	4.7736069e+01
1	2	13	27	5.1643791e+01
1	2	13	28	-1.8052747e+02
1	2	13	29	3.2053860e+01
1	2	13	30	-2.0340199e+02
1	2	13	31	-7.0847496e+01
1	2	13	32	-3.6157921e+01
1	2	13	33	-1.3388336e+02
1	2	13	34	5.1737830e+02
1	2	13	35	5.0317749e+02
1	2	13	36	4.4175986e+02
1	2	13	37	6.0643036e+02
1	2	13	38	6.1138708e+02
1	2	13	39	5.3025140e+02
1	2	13	40	4.7350424e+02
1	2	13	41	6.2079034e+02
1	2	13	42	5.6288861e+02
1	2	13	43	5.1678217e+02
1	2	13	44	6.7688123e+02
1	2	13	45	3.6602142e+02
1	2	13	46	6.6657574e+02
1	2	13	47	5.9470227e+02
1	2	13	48	4.2209082e+02
1	2	13	49	6.0823572e+02
1	2	13	50	6.8123566e+02
1	2	13	51	1.1648070e+03
1	2	13	52	1.1956208e+03
1	2	13	53	8.4954120e+02
1	2	13	54	6.3873853e+02
1	2	13	55	6.8030365e+02
1	2	13	56	1.0165944e+03
1	2	13	57	7.7528448e+02
1	2	13	58	8.7469684e+02
1	2	13	59	8.7321741e+02
1	2	13	60	8.7038940e+02
1	2	13	61	7.2955389e+02
1	2	13	62	8.8482129e+02
1	2	13	63	9.8329462e+02
1	2	14	0	1.4259220e+01
1	2	14	1	-1.4591278e+02
1	2	14	2	-3.0073704e+01
1	2	14	3	-5.7454021e+01
1	2	14	4	-2.2660315e+02
1	2	14	5	-2.3568240e+02
1	2	14	6	-8.9649605e+01
1	2	14	7	-4.2112122e+01
1	2	14	8	-1.1536203e+02
1	2	14	9	2.1592678e+01
1	2	14	10	-2.1845088e+02
1	2	14	11	-1.2862883e+01
1	2	14	12	-7.6652367e+01
1	2	14	13	-1.5393503e+02
1	2	14	14	-6.9294960e+01
1	2	14	15	-1.6129843e+02
1	2	14	16	-2.6337878e+02
1	2	14	17	-2.7701138e+02
1	2	14	18	-1.6826447e+02
1	2	14	19	-2.9503757e+02
1	2	14	20	-2.3692108e+01
1	2	14	21	-1.7059421e+02
1	2	14	22	-2.6262683e+02
1	2	14	23	-2.1276376e+02
1	2	14	24	-2.1897173e+02
1	2	14	25	-2.4337074e+02
1	2	14	26	-2.1563495e+02
1	2	14	27	-2.6850113e+02
1	2	14	28	-2.3521144e+02
1	2	14	29	-4.6198840e+02
1	2	14	30	-1.9490244e+02
1	2	14	31	-2.5348367e+02
1	2	14	32	-2.6250275e+02
1	2	14	33	-2.0828604e+02
1	2	14	34	2.8897626e+02
1	2	14	35	5.0769266e+02
1	2	14	36	3.2659113e+02
1	2	14	37	5.6891125e+02
1	2	14	38	4.6163651e+02
1	2	14	39	5.7596765e+02
1	2	14	40	4.8647623e+02
1	2	14	41	3.9305649e+02
1	2	14	42	3.6371286e+02
1	2	14	43	4.5210666e+02
1	2	14	44	3.5587958e+02
1	2	14	45	4.6516183e+02
1	2	14	46	5.1053061e+02
1	2	14	47	5.8423370e+02
1	2	14	48	4.6276309e+02
1	2	14	49	4.0457065e+02
1	2	14	50	5.6701459e+02
1	2	14	51	9.6845587e+02
1	2	14	52	1.0900624e+03
1	2	14	53	7.5349164e+02
1	2	14	54	8.3782892e+02
1	2	14	55	7.0075452e+02
1	2	14	56	8.6458118e+02
1	2	14	57	1.0010847e+03
1	2	14	58	9.1905670e+02
1	2	14	59	7.8658875e+02
1	2	14	60	5.7961133e+02
1	2	14	61	6.6846588e+02
1	2	14	62	7.9902539e+02
1	2	14	63	7.1619983e+02
1	2	15	0	-5.2379477e-01
1	2	15	1	7.4586464e+01
1	2	15	2	-3.0181038e+01
1	2	15	3	6.7886398e+01
1	2	15	4	-4.2441719e+01
1	2	15	5	7.9737885e+01
1	2	15	6	7.4739410e+01
1	2	15	7	5.5114540e+01
1	2	15	8	1.1133989e+02
1	2	15	9	1.3585124e+02
1	2	15	10	-2.1335152e+01
1	2	15	11	-7.6756088e+01
1	2	15	12	-2.6344452e+02
1	2	15	13	-1.4817325e+01
1	2	15	14	-1.1836610e+02
1	2	15	15	-5.7938408e+01
1	2	15	16	3.1833096e+01
1	2	15	17	-1.8021208e+02
1	2	15	18	-1.9419316e+02
1	2	15	19	-2.7136993e+02
1	2	15	20	-1.5401804e+02
1	2	15	21	-1.3943805e+02
1	2	15	22	-2.8106793e+02
1	2	15	23	-1.2090633e+02
1	2	15	24	-1.6222426e+02
1	2	15	25	-8.1802887e+01
1	2	15	26	-1.5472273e+02
1	2	15	27	-1.5813958e+01
1	2	15	28	-5.5005875e+01
1	2	15	29	5.8098587e+01
1	2	15	30	-2.9447203e+01
1	2	15	31	-1.8240532e+02
1	2	15	32	-9.5100403e+01
1	2	15	33	2.4185589e+01
1	2	15	34	5.9627216e+02
1	2	15	35	3.2127942e+02
1	2	15	36	7.2900751e+02
1	2	15	37	6.8532892e+02
1	2	15	38	6.5438727e+02
1	2	15	39	5.4814673e+02
1	2	15	40	7.1598938e+02
1	2	15	41	6.1853448e+02
1	2	15	42	6.1993689e+02
1	2	15	43	5.3012994e+02
1	2	15	44	7.5517188e+02
1	2	15	45	5.9055157e+02
1	2	15	46	6.5464221e+02
1	2	15	47	7.5040851e+02
1	2	15	48	6.8984064e+02
1	2	15	49	4.9221136e+02
1	2	15	50	5.9253955e+02
1	2	15	51	1.2833248e+03
1	2	15	52	1.3389974e+03
1	2	15	53	8.2335712e+02
1	2	15	54	8.5226526e+02
1	2	15	55	9.3775519e+02
1	2	15	56	1.0629694e+03
1	2	15	57	1.0718435e+03
1	2	15	58	7.5222266e+02
1	2	15	59	8.8451025e+02
1	2	15	60	1.0391044e+03
1	2	15	61	8.5398352e+02
1	2	15	62	7.4143518e+02
1	2	15	63	1.0614135e+03
