0	0	0	0	-4.5552469e+02
0	0	0	1	-5.4582983e+02
0	0	0	2	-3.1234833e+02
0	0	0	3	-5.1828180e+02
0	0	0	4	-5.6057495e+02
0	0	0	5	-5.1773260e+02
0	0	0	6	-4.8085596e+02
0	0	0	7	-5.3432574e+02
0	0	0	8	-5.3179749e+02
0	0	0	9	-3.8870551e+02
0	0	0	10	-6.0412360e+02
0	0	0	11	-4.3071793e+02
0	0	0	12	-6.8404065e+02
0	0	0	13	-5.5303534e+02
0	0	0	14	-5.9285657e+02
0	0	0	15	-5.0501343e+02
0	0	0	16	-6.5898853e+02
0	0	0	17	-7.2893103e+02
0	0	0	18	-6.2944708e+02
0	0	0	19	-7.4865314e+02
0	0	0	20	-6.5732440e+02
0	0	0	21	-6.8873633e+02
0	0	0	22	-7.5463232e+02
0	0	0	23	-6.6530499e+02
0	0	0	24	-6.8755811e+02
0	0	0	25	-6.4848871e+02
0	0	0	26	-7.4565918e+02
0	0	0	27	-7.3209564e+02
0	0	0	28	-6.5730963e+02
0	0	0	29	-6.7191290e+02
0	0	0	30	-6.7645569e+02
0	0	0	31	-6.5945160e+02
0	0	0	32	-6.7115112e+02
0	0	0	33	-7.3622998e+02
0	0	0	34	7.5611259e+01
0	0	0	35	6.1391201e+01
0	0	0	36	6.0756855e+01
0	0	0	37	-2.0480058e+00
0	0	0	38	5.1248844e+01
0	0	0	39	1.6535155e+02
0	0	0	40	5.0243820e+01
0	0	0	41	6.5162811e+01
0	0	0	42	1.8859950e+02
0	0	0	43	2.1606389e+02
0	0	0	44	2.0479228e+02
0	0	0	45	1.0453297e+02
0	0	0	46	2.2323177e+02
0	0	0	47	1.7357994e+02
0	0	0	48	1.4158316e+02
0	0	0	49	7.6098228e+01
0	0	0	50	9.1721016e+01
0	0	0	51	6.9371851e+02
0	0	0	52	7.2248083e+02
0	0	0	53	2.8708719e+02
0	0	0	54	3.2801282e+02
0	0	0	55	4.1783102e+02
0	0	0	56	6.7018018e+02
0	0	0	57	4.7703741e+02
0	0	0	58	4.2707022e+02
0	0	0	59	3.5421552e+02
0	0	0	60	4.3937372e+02
0	0	0	61	1.6986238e+02
0	0	0	62	3.2982391e+02
0	0	0	63	4.9470822e+02
0	0	1	0	-1.3040558e+02
0	0	1	1	-2.3977376e+02
0	0	1	2	-3.0914188e+02
0	0	1	3	-3.0534183e+02
0	0	1	4	-3.8592917e+02
0	0	1	5	-1.4143866e+02
0	0	1	6	-3.1867676e+02
0	0	1	7	-3.0381827e+02
0	0	1	8	-3.1605762e+02
0	0	1	9	-3.0564969e+02
0	0	1	10	-1.9609109e+02
0	0	1	11	-3.5992731e+02
0	0	1	12	-3.8811319e+02
0	0	1	13	-2.9772189e+02
0	0	1	14	-4.5309137e+02
0	0	1	15	-3.6420697e+02
0	0	1	16	-4.0533057e+02
0	0	1	17	-2.3718350e+02
0	0	1	18	-2.0036113e+02
0	0	1	19	-2.6656677e+02
0	0	1	20	-3.7589859e+02
0	0	1	21	-3.9983801e+02
0	0	1	22	-4.2417325e+02
0	0	1	23	-3.9594019e+02
0	0	1	24	-3.6957977e+02
0	0	1	25	-3.7014166e+02
0	0	1	26	-5.1446710e+02
0	0	1	27	-3.8376096e+02
0	0	1	28	-4.5651367e+02
0	0	1	29	-4.6946362e+02
0	0	1	30	-3.5570642e+02
0	0	1	31	-4.7591422e+02
0	0	1	32	-4.6470816e+02
0	0	1	33	-4.6737936e+02
0	0	1	34	1.5887329e+02
0	0	1	35	1.6889105e+02
0	0	1	36	2.2084801e+02
0	0	1	37	1.8714706e+02
0	0	1	38	3.0668692e+02
0	0	1	39	1.7087276e+02
0	0	1	40	2.5463963e+02
0	0	1	41	1.7656512e+02
0	0	1	42	2.2060350e+02
0	0	1	43	1.6479425e+02
0	0	1	44	1.7746931e+02
0	0	1	45	2.2093469e+02
0	0	1	46	2.0028142e+02
0	0	1	47	1.6761858e+02
0	0	1	48	2.1565320e+02
0	0	1	49	1.0975629e+02
0	0	1	50	2.6350711e+02
0	0	1	51	8.5367126e+02
0	0	1	52	8.1642554e+02
0	0	1	53	4.0329251e+02
0	0	1	54	4.7522412e+02
0	0	1	55	4.4883588e+02
0	0	1	56	5.9147278e+02
0	0	1	57	5.8766846e+02
0	0	1	58	5.2660150e+02
0	0	1	59	5.0114441e+02
0	0	1	60	5.1008173e+02
0	0	1	61	5.0830127e+02
0	0	1	62	5.0469308e+02
0	0	1	63	5.9819293e+02
0	0	2	0	-7.9595139e+01
0	0	2	1	-4.0259064e+02
0	0	2	2	-1.0237666e+02
0	0	2	3	-9.6362946e+01
0	0	2	4	-1.5329451e+02
0	0	2	5	-1.6984334e+02
0	0	2	6	-1.1149864e+02
0	0	2	7	-1.9835118e+02
0	0	2	8	-1.7146219e+02
0	0	2	9	-1.8138988e+02
0	0	2	10	-1.7380621e+02
0	0	2	11	-1.3093878e+02
0	0	2	12	-3.3630063e+02
0	0	2	13	-4.6327661e+02
0	0	2	14	-9.2097496e+01
0	0	2	15	-1.4094563e+02
0	0	2	16	-2.5572688e+02
0	0	2	17	-2.9310178e+02
0	0	2	18	-2.5892749e+02
0	0	2	19	-2.8493121e+02
0	0	2	20	-3.9898352e+02
0	0	2	21	-1.5949365e+02
0	0	2	22	-2.6146371e+02
0	0	2	23	-3.4616946e+02
0	0	2	24	-5.0861264e+02
0	0	2	25	-2.3528502e+02
0	0	2	26	-2.8153983e+02
0	0	2	27	-3.5347913e+02
0	0	2	28	-2.8808240e+02
0	0	2	29	-5.0199347e+02
0	0	2	30	-1.9031561e+02
0	0	2	31	-5.4286456e+02
0	0	2	32	-3.0429871e+02
0	0	2	33	-3.0998032e+02
0	0	2	34	3.5012192e+02
0	0	2	35	4.3368265e+02
0	0	2	36	3.8090540e+02
0	0	2	37	3.1324054e+02
0	0	2	38	3.0219312e+02
0	0	2	39	3.2751532e+02
0	0	2	40	3.9038541e+02
0	0	2	41	3.2752554e+02
0	0	2	42	3.6432220e+02
0	0	2	43	4.1478845e+02
0	0	2	44	3.2030328e+02
0	0	2	45	2.7424304e+02
0	0	2	46	3.1101755e+02
0	0	2	47	3.3780301e+02
0	0	2	48	4.5799387e+02
0	0	2	49	2.7578867e+02
0	0	2	50	3.0957492e+02
0	0	2	51	1.0433575e+03
0	0	2	52	1.0262633e+03
0	0	2	53	4.2321652e+02
0	0	2	54	6.7159973e+02
0	0	2	55	6.6956982e+02
0	0	2	56	6.4341956e+02
0	0	2	57	7.4106561e+02
0	0	2	58	7.2097131e+02
0	0	2	59	6.1411786e+02
0	0	2	60	7.5016272e+02
0	0	2	61	5.6425049e+02
0	0	2	62	7.1920953e+02
0	0	2	63	7.8244897e+02
0	0	3	0	-3.2497745e+02
0	0	3	1	-5.1819208e+02
0	0	3	2	-4.1442056e+02
0	0	3	3	-6.4079749e+02
0	0	3	4	-4.4853229e+02
0	0	3	5	-4.7474261e+02
0	0	3	6	-4.6609427e+02
0	0	3	7	-5.2621368e+02
0	0	3	8	-6.3696802e+02
0	0	3	9	-4.8110126e+02
0	0	3	10	-5.1618414e+02
0	0	3	11	-5.1979779e+02
0	0	3	12	-5.5164447e+02
0	0	3	13	-4.8025317e+02
0	0	3	14	-4.8857831e+02
0	0	3	15	-4.2902850e+02
0	0	3	16	-5.6098407e+02
0	0	3	17	-5.1499847e+02
0	0	3	18	-6.4561591e+02
0	0	3	19	-5.7347186e+02
0	0	3	20	-6.7569568e+02
0	0	3	21	-7.1615881e+02
0	0	3	22	-6.1610010e+02
0	0	3	23	-4.5567532e+02
0	0	3	24	-8.4715619e+02
0	0	3	25	-6.5127222e+02
0	0	3	26	-6.4554462e+02
0	0	3	27	-5.9591345e+02
0	0	3	28	-7.3412616e+02
0	0	3	29	-6.9082013e+02
0	0	3	30	-8.2577570e+02
0	0	3	31	-6.6034094e+02
0	0	3	32	-6.6951959e+02
0	0	3	33	-7.5977747e+02
0	0	3	34	-1.2854752e+02
0	0	3	35	-8.7231987e+01
0	0	3	36	-1.7232950e+01
0	0	3	37	-8.8604956e+00
0	0	3	38	7.8233025e+01
0	0	3	39	-5.7566555e+01
0	0	3	40	-6.0447297e+00
0	0	3	41	4.5980320e+01
0	0	3	42	9.7952553e+01
0	0	3	43	-3.7901939e+01
0	0	3	44	6.1026459e+01
0	0	3	45	-1.6507428e+02
0	0	3	46	1.7632757e+01
0	0	3	47	-2.1333040e+02
0	0	3	48	-3.2538330e+01
0	0	3	49	6.8786903e+01
0	0	3	50	-3.4272629e+01
0	0	3	51	5.1616431e+02
0	0	3	52	6.2719861e+02
0	0	3	53	2.4531453e+02
0	0	3	54	3.4053217e+02
0	0	3	55	3.7338358e+02
0	0	3	56	2.7371985e+02
0	0	3	57	3.9728101e+02
0	0	3	58	2.8527451e+02
0	0	3	59	3.2497076e+02
0	0	3	60	3.0086063e+02
0	0	3	61	2.7770844e+02
0	0	3	62	2.5065120e+02
0	0	3	63	4.2134518e+02
0	0	4	0	-1.6745232e+02
0	0	4	1	-4.0448004e+02
0	0	4	2	-1.5559502e+02
0	0	4	3	-2.6856293e+02
0	0	4	4	-2.1549896e+02
0	0	4	5	-2.1131061e+02
0	0	4	6	-1.8388759e+02
0	0	4	7	-2.1987811e+02
0	0	4	8	-3.3318320e+02
0	0	4	9	-1.3132346e+02
0	0	4	10	-4.3666486e+02
0	0	4	11	-2.1573903e+02
0	0	4	12	-4.3019772e+02
0	0	4	13	-2.5843210e+02
0	0	4	14	-2.1152499e+02
0	0	4	15	-2.7246494e+02
0	0	4	16	-3.3221436e+02
0	0	4	17	-4.1699039e+02
0	0	4	18	-3.1937787e+02
0	0	4	19	-4.1951740e+02
0	0	4	20	-4.3132816e+02
0	0	4	21	-4.1596066e+02
0	0	4	22	-4.8429959e+02
0	0	4	23	-3.4465359e+02
0	0	4	24	-3.4988318e+02
0	0	4	25	-2.4163138e+02
0	0	4	26	-3.3836685e+02
0	0	4	27	-2.9152322e+02
0	0	4	28	-2.9671970e+02
0	0	4	29	-4.2036581e+02
0	0	4	30	-4.6744965e+02
0	0	4	31	-3.6911276e+02
0	0	4	32	-3.8139322e+02
0	0	4	33	-6.6694568e+02
0	0	4	34	2.9577579e+02
0	0	4	35	2.9176791e+02
0	0	4	36	1.2571046e+02
0	0	4	37	2.7313983e+02
0	0	4	38	3.1034851e+02
0	0	4	39	1.3947499e+02
0	0	4	40	2.7110233e+02
0	0	4	41	3.2435107e+02
0	0	4	42	3.4381454e+02
0	0	4	43	3.4429974e+02
0	0	4	44	4.2047870e+02
0	0	4	45	3.8084964e+02
0	0	4	46	3.6700223e+02
0	0	4	47	2.6269214e+02
0	0	4	48	4.0368320e+02
0	0	4	49	4.1785333e+02
0	0	4	50	2.9924982e+02
0	0	4	51	8.1571820e+02
0	0	4	52	1.0795944e+03
0	0	4	53	5.5555426e+02
0	0	4	54	6.6139587e+02
0	0	4	55	5.0257715e+02
0	0	4	56	6.3296698e+02
0	0	4	57	8.0360297e+02
0	0	4	58	6.5202875e+02
0	0	4	59	7.1096783e+02
0	0	4	60	6.4347253e+02
0	0	4	61	5.9859180e+02
0	0	4	62	6.1997827e+02
0	0	4	63	4.3916803e+02
0	0	5	0	-7.2469562e+02
0	0	5	1	-7.1866016e+02
0	0	5	2	-7.6459827e+02
0	0	5	3	-7.2962250e+02
0	0	5	4	-8.4402039e+02
0	0	5	5	-7.6219788e+02
0	0	5	6	-7.9559070e+02
0	0	5	7	-7.5762280e+02
0	0	5	8	-8.8604547e+02
0	0	5	9	-7.1408929e+02
0	0	5	10	-7.5200769e+02
0	0	5	11	-7.5524756e+02
0	0	5	12	-7.9407684e+02
0	0	5	13	-7.7385419e+02
0	0	5	14	-7.6861115e+02
0	0	5	15	-9.1862573e+02
0	0	5	16	-6.7667462e+02
0	0	5	17	-9.9642584e+02
0	0	5	18	-9.2338397e+02
0	0	5	19	-7.4955212e+02
0	0	5	20	-1.0951653e+03
0	0	5	21	-8.8594824e+02
0	0	5	22	-8.7242841e+02
0	0	5	23	-8.3956750e+02
0	0	5	24	-8.7263086e+02
0	0	5	25	-1.0233387e+03
0	0	5	26	-8.7945648e+02
0	0	5	27	-1.0282443e+03
0	0	5	28	-9.4603967e+02
0	0	5	29	-9.3843268e+02
0	0	5	30	-8.4360687e+02
0	0	5	31	-9.4893201e+02
0	0	5	32	-9.5079065e+02
0	0	5	33	-8.5658087e+02
0	0	5	34	-2.8988321e+02
0	0	5	35	-2.9237802e+02
0	0	5	36	-1.4830574e+02
0	0	5	37	-2.9027530e+02
0	0	5	38	-1.3713004e+02
0	0	5	39	-2.7025641e+02
0	0	5	40	-2.8412155e+02
0	0	5	41	-2.3968906e+02
0	0	5	42	-1.1438416e+02
0	0	5	43	-2.2554324e+02
0	0	5	44	-1.2072967e+02
0	0	5	45	-1.7540417e+02
0	0	5	46	-1.5092650e+02
0	0	5	47	-2.1524316e+02
0	0	5	48	-3.2183670e+02
0	0	5	49	-1.0396155e+02
0	0	5	50	-2.0881662e+02
0	0	5	51	4.7996912e+02
0	0	5	52	4.0039935e+02
0	0	5	53	1.0471058e+02
0	0	5	54	1.9505484e+02
0	0	5	55	1.4114223e+02
0	0	5	56	2.2119595e+02
0	0	5	57	1.5227098e+02
0	0	5	58	1.4323987e+02
0	0	5	59	1.8946582e+02
0	0	5	60	3.2602459e+01
0	0	5	61	1.1035175e+02
0	0	5	62	1.6157219e+02
0	0	5	63	2.5574872e+02
0	0	6	0	-2.2681178e+02
0	0	6	1	-1.9110785e+02
0	0	6	2	-2.5273315e+02
0	0	6	3	-3.0851950e+02
0	0	6	4	-2.1130312e+02
0	0	6	5	-1.0057364e+02
0	0	6	6	-6.3068016e+01
0	0	6	7	-1.8543797e+02
0	0	6	8	-1.5581351e+02
0	0	6	9	-1.3600650e+02
0	0	6	10	-1.8492899e+02
0	0	6	11	-1.4534866e+02
0	0	6	12	-1.7626227e+02
0	0	6	13	-1.3972878e+02
0	0	6	14	-1.8406923e+02
0	0	6	15	-1.7284453e+02
0	0	6	16	-5.1053311e+02
0	0	6	17	-3.3433478e+02
0	0	6	18	-2.7876080e+02
0	0	6	19	-2.7239859e+02
0	0	6	20	-3.7868243e+02
0	0	6	21	-2.7708551e+02
0	0	6	22	-2.1797946e+02
0	0	6	23	-2.4559576e+02
0	0	6	24	-2.3852277e+02
0	0	6	25	-2.0561398e+02
0	0	6	26	-3.8133368e+02
0	0	6	27	-3.0328918e+02
0	0	6	28	-3.0557693e+02
0	0	6	29	-4.4627588e+02
0	0	6	30	-3.4725555e+02
0	0	6	31	-4.2234174e+02
0	0	6	32	-2.8906055e+02
0	0	6	33	-5.8961646e+02
0	0	6	34	3.7294272e+02
0	0	6	35	2.7336926e+02
0	0	6	36	3.9738495e+02
0	0	6	37	5.1154623e+02
0	0	6	38	3.4792270e+02
0	0	6	39	3.7885846e+02
0	0	6	40	3.0507306e+02
0	0	6	41	2.5016719e+02
0	0	6	42	4.4228531e+02
0	0	6	43	4.1262488e+02
0	0	6	44	5.7495996e+02
0	0	6	45	4.4305048e+02
0	0	6	46	6.4994220e+02
0	0	6	47	2.9377042e+02
0	0	6	48	4.8364243e+02
0	0	6	49	6.4711139e+02
0	0	6	50	3.3777368e+02
0	0	6	51	9.8030359e+02
0	0	6	52	9.0651190e+02
0	0	6	53	5.4909668e+02
0	0	6	54	4.5562112e+02
0	0	6	55	8.4835492e+02
0	0	6	56	7.1051459e+02
0	0	6	57	7.3043848e+02
0	0	6	58	6.2648615e+02
0	0	6	59	6.6123859e+02
0	0	6	60	7.7515204e+02
0	0	6	61	7.8042499e+02
0	0	6	62	7.2311951e+02
0	0	6	63	8.4249524e+02
0	0	7	0	-9.1604591e+01
0	0	7	1	-3.6671469e+02
0	0	7	2	-3.0590887e+02
0	0	7	3	-3.7621677e+02
0	0	7	4	-4.8775394e+02
0	0	7	5	-3.1422571e+02
0	0	7	6	-4.4999466e+02
0	0	7	7	-4.1712128e+02
0	0	7	8	-4.0776443e+02
0	0	7	9	-3.0419034e+02
0	0	7	10	-4.3087936e+02
0	0	7	11	-4.4497256e+02
0	0	7	12	-6.8110767e+02
0	0	7	13	-4.5087082e+02
0	0	7	14	-6.8326727e+02
0	0	7	15	-3.8136539e+02
0	0	7	16	-6.8527515e+02
0	0	7	17	-4.7442560e+02
0	0	7	18	-5.2012018e+02
0	0	7	19	-3.2839554e+02
0	0	7	20	-6.3149249e+02
0	0	7	21	-6.4653278e+02
0	0	7	22	-5.3297314e+02
0	0	7	23	-5.7782660e+02
0	0	7	24	-7.0176373e+02
0	0	7	25	-4.5173578e+02
0	0	7	26	-4.8843350e+02
0	0	7	27	-5.7581537e+02
0	0	7	28	-5.7699585e+02
0	0	7	29	-5.8699701e+02
0	0	7	30	-5.9042841e+02
0	0	7	31	-7.0868774e+02
0	0	7	32	-7.0140198e+02
0	0	7	33	-6.5011548e+02
0	0	7	34	-7.5669785e+01
0	0	7	35	-1.7991281e+02
0	0	7	36	4.9765209e+01
0	0	7	37	1.8324139e+02
0	0	7	38	-1.7387886e+01
0	0	7	39	1.1509758e+02
0	0	7	40	7.3780037e+01
0	0	7	41	-1.4237207e+01
0	0	7	42	1.4754770e+02
0	0	7	43	2.3395374e+01
0	0	7	44	1.0541018e-01
0	0	7	45	-5.4197227e+01
0	0	7	46	1.7202376e+02
0	0	7	47	1.6466646e+02
0	0	7	48	1.0067175e+02
0	0	7	49	1.5397003e+02
0	0	7	50	1.1033854e+02
0	0	7	51	7.1146826e+02
0	0	7	52	5.4364685e+02
0	0	7	53	2.8879565e+02
0	0	7	54	2.8312732e+02
0	0	7	55	3.3164526e+02
0	0	7	56	4.3976514e+02
0	0	7	57	4.1825211e+02
0	0	7	58	1.9303412e+02
0	0	7	59	4.0828546e+02
0	0	7	60	4.0178778e+02
0	0	7	61	1.9216180e+02
0	0	7	62	3.2847681e+02
0	0	7	63	4.6764780e+02
0	0	8	0	-2.6992612e+02
0	0	8	1	-3.8973621e+02
0	0	8	2	-2.1491415e+02
0	0	8	3	-3.5426294e+02
0	0	8	4	-2.9752512e+02
0	0	8	5	-5.5202673e+02
0	0	8	6	-5.8010345e+02
0	0	8	7	-2.0234676e+02
0	0	8	8	-3.0451166e+02
0	0	8	9	-4.1223956e+02
0	0	8	10	-3.5083176e+02
0	0	8	11	-5.3843616e+02
0	0	8	12	-4.0212451e+02
0	0	8	13	-4.7960858e+02
0	0	8	14	-6.2844513e+02
0	0	8	15	-4.4889240e+02
0	0	8	16	-7.7381812e+02
0	0	8	17	-5.1043600e+02
0	0	8	18	-6.7109131e+02
0	0	8	19	-6.3900183e+02
0	0	8	20	-4.7236551e+02
0	0	8	21	-5.8735931e+02
0	0	8	22	-4.0619928e+02
0	0	8	23	-5.6925769e+02
0	0	8	24	-5.6655896e+02
0	0	8	25	-4.9545941e+02
0	0	8	26	-7.5073773e+02
0	0	8	27	-5.8708606e+02
0	0	8	28	-5.7313861e+02
0	0	8	29	-5.3087982e+02
0	0	8	30	-5.0743002e+02
0	0	8	31	-4.0449683e+02
0	0	8	32	-5.1168875e+02
0	0	8	33	-5.3782123e+02
0	0	8	34	1.8341081e+02
0	0	8	35	2.0218991e+02
0	0	8	36	2.3592952e+02
0	0	8	37	1.4678085e+02
0	0	8	38	-2.9174404e+01
0	0	8	39	1.5376656e+02
0	0	8	40	1.8480475e+02
0	0	8	41	1.2727347e+02
0	0	8	42	2.4871614e+02
0	0	8	43	2.6144159e+02
0	0	8	44	2.5852609e+02
0	0	8	45	2.0266991e+02
0	0	8	46	-8.0171852e+00
0	0	8	47	1.7456129e+02
0	0	8	48	2.1957408e+02
0	0	8	49	1.6882910e+02
0	0	8	50	2.7478281e+02
0	0	8	51	6.7017603e+02
0	0	8	52	7.8397223e+02
0	0	8	53	4.5394507e+02
0	0	8	54	4.6649554e+02
0	0	8	55	5.1142651e+02
0	0	8	56	7.0327423e+02
0	0	8	57	5.7545044e+02
0	0	8	58	4.4535318e+02
0	0	8	59	4.5202927e+02
0	0	8	60	5.2287158e+02
0	0	8	61	2.2262241e+02
0	0	8	62	2.9771698e+02
0	0	8	63	5.1358093e+02
0	0	9	0	-7.5027948e+02
0	0	9	1	-5.7028870e+02
0	0	9	2	-6.0162482e+02
0	0	9	3	-5.3480670e+02
0	0	9	4	-6.6197131e+02
0	0	9	5	-6.5333972e+02
0	0	9	6	-6.7433539e+02
0	0	9	7	-6.3562616e+02
0	0	9	8	-6.6875574e+02
0	0	9	9	-6.5026178e+02
0	0	9	10	-6.5950836e+02
0	0	9	11	-6.3471143e+02
0	0	9	12	-8.7590295e+02
0	0	9	13	-6.5285455e+02
0	0	9	14	-7.1272437e+02
0	0	9	15	-4.8012857e+02
0	0	9	16	-8.4953900e+02
0	0	9	17	-7.5008533e+02
0	0	9	18	-7.0924518e+02
0	0	9	19	-8.7871350e+02
0	0	9	20	-8.8370697e+02
0	0	9	21	-7.8615063e+02
0	0	9	22	-7.3402997e+02
0	0	9	23	-6.8754449e+02
0	0	9	24	-7.8245197e+02
0	0	9	25	-8.8289001e+02
0	0	9	26	-7.5443726e+02
0	0	9	27	-8.3138269e+02
0	0	9	28	-8.5247754e+02
0	0	9	29	-8.8226984e+02
0	0	9	30	-9.1122516e+02
0	0	9	31	-9.2758319e+02
0	0	9	32	-9.2456506e+02
0	0	9	33	-8.4991370e+02
0	0	9	34	-2.0112758e+02
0	0	9	35	-3.2546140e+02
0	0	9	36	-4.7830353e+01
0	0	9	37	-1.7798550e+02
0	0	9	38	-1.0584450e+02
0	0	9	39	-2.4866415e+02
0	0	9	40	1.7092329e+01
0	0	9	41	-2.1797202e+02
0	0	9	42	-1.9529059e+02
0	0	9	43	-3.8907565e+02
0	0	9	44	-7.0815689e+01
0	0	9	45	-2.4238225e+02
0	0	9	46	-7.1787689e+01
0	0	9	47	-1.3920547e+02
0	0	9	48	-1.5021738e+02
0	0	9	49	-3.0832236e+02
0	0	9	50	-1.3310902e+02
0	0	9	51	5.0535828e+02
0	0	9	52	5.2319458e+02
0	0	9	53	1.3266425e+02
0	0	9	54	1.8458696e+02
0	0	9	55	1.0367768e+02
0	0	9	56	1.9395415e+02
0	0	9	57	2.7972922e+02
0	0	9	58	2.4751906e+02
0	0	9	59	5.5579678e+01
0	0	9	60	1.3576811e+02
0	0	9	61	1.0878932e+02
0	0	9	62	1.2040454e+02
0	0	9	63	2.0829970e+02
0	0	10	0	-1.8372688e+02
0	0	10	1	-2.3983228e+02
0	0	10	2	-3.7055546e+01
0	0	10	3	-3.5418661e+02
0	0	10	4	-1.0475674e+02
0	0	10	5	-6.8267990e+01
0	0	10	6	-1.8859187e+02
0	0	10	7	5.1675507e+01
0	0	10	8	-2.0534850e+02
0	0	10	9	-1.5629651e+02
0	0	10	10	-1.5135326e+02
0	0	10	11	-1.5420616e+02
0	0	10	12	-1.8810120e+02
0	0	10	13	-1.4717592e+02
0	0	10	14	-2.1904880e+02
0	0	10	15	-2.3292110e+02
0	0	10	16	-3.2575543e+02
0	0	10	17	-4.9352277e+02
0	0	10	18	-3.6394302e+02
0	0	10	19	-4.0565994e+02
0	0	10	20	-1.9692395e+02
0	0	10	21	-2.9337201e+02
0	0	10	22	-3.9037137e+02
0	0	10	23	-2.7396735e+02
0	0	10	24	-4.7259906e+02
0	0	10	25	-2.5523015e+02
0	0	10	26	-3.4967654e+02
0	0	10	27	1.2437187e+04
0	0	10	28	-3.0996451e+02
0	0	10	29	-4.6971637e+02
0	0	10	30	-5.0249371e+02
0	0	10	31	-2.7776038e+02
0	0	10	32	-3.3622470e+02
0	0	10	33	-3.1375867e+02
0	0	10	34	3.1567899e+02
0	0	10	35	1.9670468e+02
0	0	10	36	4.2738788e+02
0	0	10	37	3.9246130e+02
0	0	10	38	4.3135886e+02
0	0	10	39	3.9984634e+02
0	0	10	40	4.0312979e+02
0	0	10	41	5.0383151e+02
0	0	10	42	2.1811215e+02
0	0	10	43	4.2526990e+02
0	0	10	44	3.4465866e+02
0	0	10	45	3.3938095e+02
0	0	10	46	2.5504915e+02
0	0	10	47	3.5078442e+02
0	0	10	48	3.7248288e+02
0	0	10	49	3.7782483e+02
0	0	10	50	3.3399188e+02
0	0	10	51	9.1562152e+02
0	0	10	52	1.0687677e+03
0	0	10	53	5.8230090e+02
0	0	10	54	6.4373193e+02
0	0	10	55	7.0476031e+02
0	0	10	56	8.5886487e+02
0	0	10	57	8.5104492e+02
0	0	10	58	8.2497461e+02
0	0	10	59	7.3165814e+02
0	0	10	60	7.7856628e+02
0	0	10	61	5.0998123e+02
0	0	10	62	6.2622888e+02
0	0	10	63	6.3911755e+02
0	0	11	0	-2.4309734e+02
0	0	11	1	-5.3150879e+02
0	0	11	2	-3.5915048e+02
0	0	11	3	-3.6273187e+02
0	0	11	4	-3.9736090e+02
0	0	11	5	-3.9985754e+02
0	0	11	6	-3.4663141e+02
0	0	11	7	-4.6793597e+02
0	0	11	8	-4.2229269e+02
0	0	11	9	-5.7555005e+02
0	0	11	10	-4.4353625e+02
0	0	11	11	-3.8760852e+02
0	0	11	12	-6.1765881e+02
0	0	11	13	-5.8130261e+02
0	0	11	14	-5.9873541e+02
0	0	11	15	-3.5547614e+02
0	0	11	16	-8.2615253e+02
0	0	11	17	-5.0436182e+02
0	0	11	18	-6.0672131e+02
0	0	11	19	-5.6221057e+02
0	0	11	20	-5.6157288e+02
0	0	11	21	-5.4915009e+02
0	0	11	22	-4.7933728e+02
0	0	11	23	-5.1723328e+02
0	0	11	24	-5.2307678e+02
0	0	11	25	-8.4901813e+02
0	0	11	26	-7.3887280e+02
0	0	11	27	-5.2326971e+02
0	0	11	28	-6.3137189e+02
0	0	11	29	-6.2308728e+02
0	0	11	30	-5.3136945e+02
0	0	11	31	-5.4378723e+02
0	0	11	32	-5.8266650e+02
0	0	11	33	-5.9566571e+02
0	0	11	34	1.4128709e+02
0	0	11	35	1.5067274e+02
0	0	11	36	3.2570126e+02
0	0	11	37	2.1908852e+02
0	0	11	38	1.3809892e+02
0	0	11	39	1.4202065e+02
0	0	11	40	2.9858078e+02
0	0	11	41	2.0904291e+02
0	0	11	42	9.8467590e+01
0	0	11	43	1.7081752e+02
0	0	11	44	2.3374631e+02
0	0	11	45	1.7112193e+02
0	0	11	46	1.7194803e+02
0	0	11	47	8.8322639e+01
0	0	11	48	1.1137664e+02
0	0	11	49	1.6412323e+02
0	0	11	50	2.2312590e+02
0	0	11	51	5.2796173e+02
0	0	11	52	7.7822357e+02
0	0	11	53	4.0347885e+02
0	0	11	54	3.0730600e+02
0	0	11	55	5.3565460e+02
0	0	11	56	5.5183160e+02
0	0	11	57	5.6962537e+02
0	0	11	58	4.8589996e+02
0	0	11	59	3.1288837e+02
0	0	11	60	4.0683908e+02
0	0	11	61	4.0363983e+02
0	0	11	62	3.6964847e+02
0	0	11	63	4.2017209e+02
0	0	12	0	-3.1678872e+00
0	0	12	1	-1.2306249e+02
0	0	12	2	-6.5842735e+01
0	0	12	3	-3.2534920e+01
0	0	12	4	-1.4294933e+02
0	0	12	5	-1.3723192e+02
0	0	12	6	-1.7169193e+02
0	0	12	7	-1.6585629e+02
0	0	12	8	-1.0269207e+02
0	0	12	9	-1.4397028e+01
0	0	12	10	-2.4885719e+02
0	0	12	11	-1.7917850e+01
0	0	12	12	-2.8729327e+02
0	0	12	13	-1.2819725e+02
0	0	12	14	-1.5266248e+02
0	0	12	15	-6.9885925e+01
0	0	12	16	-3.6494650e+02
0	0	12	17	-3.3137903e+02
0	0	12	18	-9.1790924e+01
0	0	12	19	-4.7012292e+02
0	0	12	20	-3.9189972e+02
0	0	12	21	-3.2456903e+02
0	0	12	22	-2.6557986e+02
0	0	12	23	-2.7486331e+02
0	0	12	24	-4.5333417e+02
0	0	12	25	-1.6184550e+02
0	0	12	26	-3.1912622e+02
0	0	12	27	-3.0703781e+02
0	0	12	28	-2.3881413e+02
0	0	12	29	-4.6606696e+02
0	0	12	30	-3.4165652e+02
0	0	12	31	-4.6769986e+02
0	0	12	32	-4.0543042e+02
0	0	12	33	-3.6984607e+02
0	0	12	34	4.7624680e+02
0	0	12	35	4.0949463e+02
0	0	12	36	3.7521991e+02
0	0	12	37	4.5009866e+02
0	0	12	38	3.8100156e+02
0	0	12	39	3.9716125e+02
0	0	12	40	4.6839798e+02
0	0	12	41	3.2344193e+02
0	0	12	42	4.6420660e+02
0	0	12	43	4.7251425e+02
0	0	12	44	5.9678168e+02
0	0	12	45	3.4702524e+02
0	0	12	46	4.9797678e+02
0	0	12	47	3.6839941e+02
0	0	12	48	4.7447861e+02
0	0	12	49	4.4867749e+02
0	0	12	50	3.7427365e+02
0	0	12	51	1.1390216e+03
0	0	12	52	1.0111379e+03
0	0	12	53	5.7600739e+02
0	0	12	54	7.1796417e+02
0	0	12	55	8.1553796e+02
0	0	12	56	7.1668152e+02
0	0	12	57	8.9352313e+02
0	0	12	58	6.4716345e+02
0	0	12	59	7.7534943e+02
0	0	12	60	7.4432593e+02
0	0	12	61	7.0268378e+02
0	0	12	62	6.8033295e+02
0	0	12	63	7.4615424e+02
0	0	13	0	-4.4309119e+02
0	0	13	1	-7.1593451e+02
0	0	13	2	-4.7447043e+02
0	0	13	3	-4.8258115e+02
0	0	13	4	-4.7392575e+02
0	0	13	5	-4.7491470e+02
0	0	13	6	-5.4527917e+02
0	0	13	7	-4.0615640e+02
0	0	13	8	-5.6382782e+02
0	0	13	9	-4.0639230e+02
0	0	13	10	-4.2611218e+02
0	0	13	11	-6.4429956e+02
0	0	13	12	-5.4703949e+02
0	0	13	13	-4.8042215e+02
0	0	13	14	-7.9636304e+02
0	0	13	15	-4.8599542e+02
0	0	13	16	-6.2208929e+02
0	0	13	17	-6.1991840e+02
0	0	13	18	-6.9386731e+02
0	0	13	19	-6.0897083e+02
0	0	13	20	-7.9860095e+02
0	0	13	21	-5.8897375e+02
0	0	13	22	-6.0727911e+02
0	0	13	23	-6.2090643e+02
0	0	13	24	-6.8257001e+02
0	0	13	25	-5.2164954e+02
0	0	13	26	-7.2483990e+02
0	0	13	27	-8.0937744e+02
0	0	13	28	-5.6430048e+02
0	0	13	29	-6.9376129e+02
0	0	13	30	-6.3481189e+02
0	0	13	31	-9.5734930e+02
0	0	13	32	-6.4343512e+02
0	0	13	33	-5.7520288e+02
0	0	13	34	1.4014368e+02
0	0	13	35	4.0748787e+01
0	0	13	36	-9.8277130e+01
0	0	13	37	2.0561038e+02
0	0	13	38	4.6581097e+01
0	0	13	39	6.7805008e+01
0	0	13	40	8.2900452e+01
0	0	13	41	1.0280003e+01
0	0	13	42	1.1189948e+02
0	0	13	43	1.1589156e+02
0	0	13	44	1.7496394e+02
0	0	13	45	1.0364951e+02
0	0	13	46	1.4097899e+02
0	0	13	47	8.4623230e+01
0	0	13	48	1.5184570e+02
0	0	13	49	1.0631188e+02
0	0	13	50	1.2341644e+01
0	0	13	51	8.3181140e+02
0	0	13	52	8.8778326e+02
0	0	13	53	1.1219245e+02
0	0	13	54	6.6967279e+02
0	0	13	55	4.4418423e+02
0	0	13	56	6.9286945e+02
0	0	13	57	3.8983310e+02
0	0	13	58	5.3908594e+02
0	0	13	59	4.3676926e+02
0	0	13	60	4.1530374e+02
0	0	13	61	4.3334494e+02
0	0	13	62	4.0390118e+02
0	0	13	63	3.7288782e+02
0	0	14	0	-1.3330487e+02
0	0	14	1	-1.6508658e+02
0	0	14	2	-2.3817236e+02
0	0	14	3	-2.5041513e+02
0	0	14	4	-2.4585493e+02
0	0	14	5	-3.7139331e+02
0	0	14	6	-2.6230646e+02
0	0	14	7	-2.3131776e+02
0	0	14	8	-3.6707559e+02
0	0	14	9	-1.2958388e+02
0	0	14	10	-3.9679251e+02
0	0	14	11	-2.3675185e+02
0	0	14	12	-5.0342819e+02
0	0	14	13	-2.9584705e+02
0	0	14	14	-3.7304840e+02
0	0	14	15	-2.6963116e+02
0	0	14	16	-4.2335211e+02
0	0	14	17	-4.0447702e+02
0	0	14	18	-4.5942294e+02
0	0	14	19	-3.2593771e+02
0	0	14	20	-3.9836005e+02
0	0	14	21	-3.6684811e+02
0	0	14	22	-4.1398782e+02
0	0	14	23	-3.0352255e+02
0	0	14	24	-4.5176865e+02
0	0	14	25	-4.2397174e+02
0	0	14	26	-3.4086176e+02
0	0	14	27	-2.7711490e+02
0	0	14	28	-2.9454581e+02
0	0	14	29	-4.1421707e+02
0	0	14	30	-5.2058740e+02
0	0	14	31	-5.5127380e+02
0	0	14	32	-4.1589005e+02
0	0	14	33	-2.7820630e+02
0	0	14	34	1.3852124e+02
0	0	14	35	-9.1831656e+00
0	0	14	36	3.7362457e+02
0	0	14	37	2.2114182e+02
0	0	14	38	2.0361320e+02
0	0	14	39	7.4391388e+01
0	0	14	40	2.2588770e+02
0	0	14	41	1.1518066e+02
0	0	14	42	2.4117513e+02
0	0	14	43	8.6197197e+01
0	0	14	44	3.6699704e+02
0	0	14	45	3.2785098e+02
0	0	14	46	3.5419714e+02
0	0	14	47	1.6983763e+02
0	0	14	48	3.3823148e+02
0	0	14	49	3.1232303e+02
0	0	14	50	1.5334828e+02
0	0	14	51	9.3972565e+02
0	0	14	52	8.6905267e+02
0	0	14	53	5.5651703e+02
0	0	14	54	4.7822211e+02
0	0	14	55	6.0942987e+02
0	0	14	56	7.3539990e+02
0	0	14	57	7.6868207e+02
0	0	14	58	5.4720898e+02
0	0	14	59	5.8216711e+02
0	0	14	60	5.8593152e+02
0	0	14	61	3.1372440e+02
0	0	14	62	4.2003091e+02
0	0	14	63	5.9221252e+02
0	0	15	0	7.2402069e+01
0	0	15	1	-6.6341736e+01
0	0	15	2	-1.7859946e+02
0	0	15	3	-2.4840749e+02
0	0	15	4	-3.3438043e+02
0	0	15	5	-1.1016628e+02
0	0	15	6	-3.4408914e+02
0	0	15	7	-7.9350174e+01
0	0	15	8	-2.2188336e+02
0	0	15	9	-6.9534401e+01
0	0	15	10	-1.3545715e+02
0	0	15	11	-2.6712872e+02
0	0	15	12	-3.1522293e+02
0	0	15	13	-2.7446991e+02
0	0	15	14	-2.3501682e+02
0	0	15	15	-2.0425433e+02
0	0	15	16	-1.3244391e+02
0	0	15	17	9.6978813e+01
0	0	15	18	-3.3975513e+02
0	0	15	19	1.2437187e+04
0	0	15	20	-2.9267017e+02
0	0	15	21	-3.3156183e+02
0	0	15	22	-3.3767542e+02
0	0	15	23	-3.2413177e+02
0	0	15	24	-2.9399402e+02
0	0	15	25	-3.4069864e+02
0	0	15	26	-5.3932990e+02
0	0	15	27	-5.5214856e+02
0	0	15	28	-1.8186336e+02
0	0	15	29	-3.4160757e+02
0	0	15	30	-3.1648727e+02
0	0	15	31	-4.2838901e+02
0	0	15	32	-3.3451547e+02
0	0	15	33	-5.5091351e+02
0	0	15	34	1.9082880e+02
0	0	15	35	2.3740666e+02
0	0	15	36	3.4434985e+02
0	0	15	37	3.4726471e+02
0	0	15	38	3.1102603e+02
0	0	15	39	2.7391705e+02
0	0	15	40	3.5649463e+02
0	0	15	41	3.0175357e+02
0	0	15	42	2.9374396e+02
0	0	15	43	2.1794594e+02
0	0	15	44	2.5860568e+02
0	0	15	45	1.5374989e+02
0	0	15	46	1.9381126e+02
0	0	15	47	2.6477243e+02
0	0	15	48	3.1759619e+02
0	0	15	49	2.8428986e+02
0	0	15	50	3.8603024e+02
0	0	15	51	1.0368693e+03
0	0	15	52	8.6969257e+02
0	0	15	53	5.9366132e+02
0	0	15	54	4.2626184e+02
0	0	15	55	4.7105118e+02
0	0	15	56	8.8496271e+02
0	0	15	57	8.4125879e+02
0	0	15	58	4.8068253e+02
0	0	15	59	6.5612518e+02
0	0	15	60	6.1672504e+02
0	0	15	61	6.3316980e+02
0	0	15	62	6.8558014e+02
0	0	15	63	7.1452020e+02
0	1	0	0	1.5948743e+01
0	1	0	1	-4.0651791e+01
0	1	0	2	-5.3498722e+01
0	1	0	3	1.3356396e+01
0	1	0	4	-5.3271942e+01
0	1	0	5	-2.1146158e+02
0	1	0	6	-1.1909218e+02
0	1	0	7	1.0456300e+00
0	1	0	8	-2.2746088e+02
0	1	0	9	2.9902462e+01
0	1	0	10	-3.9556179e+01
0	1	0	11	-2.1397096e+02
0	1	0	12	-4.8879265e+01
0	1	0	13	-1.2179653e+02
0	1	0	14	-2.0541090e+01
0	1	0	15	2.2653391e+01
0	1	0	16	-2.3608752e+02
0	1	0	17	-4.1463690e+02
0	1	0	18	-1.4932417e+02
0	1	0	19	-2.3396292e+02
0	1	0	20	-2.0545903e+02
0	1	0	21	-1.3290776e+02
0	1	0	22	-1.7139847e+02
0	1	0	23	-2.0382294e+02
0	1	0	24	-1.9875977e+02
0	1	0	25	-3.2511145e+02
0	1	0	26	-2.4304781e+02
0	1	0	27	-4.8627789e+02
0	1	0	28	-4.9337140e+02
0	1	0	29	-2.6973865e+02
0	1	0	30	-2.8675375e+02
0	1	0	31	-1.7184183e+02
0	1	0	32	-2.3702104e+02
0	1	0	33	-2.9080902e+02
0	1	0	34	2.8686490e+02
0	1	0	35	4.6054965e+02
0	1	0	36	4.0745639e+02
0	1	0	37	4.1327734e+02
0	1	0	38	3.8418228e+02
0	1	0	39	3.2792151e+02
0	1	0	40	2.7217935e+02
0	1	0	41	3.2485004e+02
0	1	0	42	3.5022424e+02
0	1	0	43	3.4218655e+02
0	1	0	44	1.9678232e+02
0	1	0	45	2.6914798e+02
0	1	0	46	3.1506616e+02
0	1	0	47	3.9024631e+02
0	1	0	48	9.3505531e+01
0	1	0	49	2.0722511e+02
0	1	0	50	3.4160880e+02
0	1	0	51	9.1540222e+02
0	1	0	52	8.0004309e+02
0	1	0	53	3.2767654e+02
0	1	0	54	4.7913092e+02
0	1	0	55	5.9480243e+02
0	1	0	56	8.0089490e+02
0	1	0	57	6.0652789e+02
0	1	0	58	7.1055872e+02
0	1	0	59	3.2381818e+02
0	1	0	60	5.3054883e+02
0	1	0	61	5.7447913e+02
0	1	0	62	7.0948340e+02
0	1	0	63	5.9826794e+02
0	1	1	0	-4.1283167e+02
0	1	1	1	-4.8816934e+02
0	1	1	2	-3.5835864e+02
0	1	1	3	-6.4454443e+02
0	1	1	4	-4.7651883e+02
0	1	1	5	-5.5827502e+02
0	1	1	6	-4.4858521e+02
0	1	1	7	-6.5236755e+02
0	1	1	8	-3.9389722e+02
0	1	1	9	-2.3766693e+02
0	1	1	10	-5.2986121e+02
0	1	1	11	-4.0605154e+02
0	1	1	12	-5.7056317e+02
0	1	1	13	-5.4643665e+02
0	1	1	14	-5.4581586e+02
0	1	1	15	-5.3040851e+02
0	1	1	16	-6.8910919e+02
0	1	1	17	-6.0179712e+02
0	1	1	18	-7.1066064e+02
0	1	1	19	-5.7220380e+02
0	1	1	20	-6.5019818e+02
0	1	1	21	-5.9579510e+02
0	1	1	22	-6.2424988e+02
0	1	1	23	-5.7041132e+02
0	1	1	24	-6.3594434e+02
0	1	1	25	-5.9982898e+02
0	1	1	26	-8.8274823e+02
0	1	1	27	-5.3287231e+02
0	1	1	28	-6.1782990e+02
0	1	1	29	-5.2406921e+02
0	1	1	30	-6.8604999e+02
0	1	1	31	-5.7416962e+02
0	1	1	32	-6.0745087e+02
0	1	1	33	-5.3802844e+02
0	1	1	34	1.6594963e+02
0	1	1	35	6.4073067e+01
0	1	1	36	2.2718367e+02
0	1	1	37	1.2800381e+02
0	1	1	38	1.8456459e+02
0	1	1	39	2.4406839e+02
0	1	1	40	3.2056152e+02
0	1	1	41	1.6652997e+02
0	1	1	42	3.3893408e+02
0	1	1	43	2.6519760e+02
0	1	1	44	3.0859555e+02
0	1	1	45	1.1792580e+02
0	1	1	46	3.4222614e+02
0	1	1	47	1.2915503e+02
0	1	1	48	2.5756067e+02
0	1	1	49	3.4187143e+02
0	1	1	50	3.1810898e+02
0	1	1	51	6.0807477e+02
0	1	1	52	6.1191534e+02
0	1	1	53	4.0624249e+02
0	1	1	54	4.1657013e+02
0	1	1	55	4.8106863e+02
0	1	1	56	6.2739905e+02
0	1	1	57	6.0469623e+02
0	1	1	58	4.9171155e+02
0	1	1	59	2.4128366e+02
0	1	1	60	3.6491245e+02
0	1	1	61	3.6503677e+02
0	1	1	62	3.3319980e+02
0	1	1	63	6.7432776e+02
0	1	2	0	-2.4017908e+02
0	1	2	1	-2.8200339e+02
0	1	2	2	-2.0098634e+02
0	1	2	3	-3.2436899e+02
0	1	2	4	-3.8664264e+02
0	1	2	5	-3.3331393e+02
0	1	2	6	-3.1469379e+02
0	1	2	7	-3.2420038e+02
0	1	2	8	-2.5031337e+02
0	1	2	9	-3.1300815e+02
0	1	2	10	-3.8982205e+02
0	1	2	11	-3.1181708e+02
0	1	2	12	-4.0046304e+02
0	1	2	13	-4.0537128e+02
0	1	2	14	-4.5022479e+02
0	1	2	15	-3.0415201e+02
0	1	2	16	-4.8371021e+02
0	1	2	17	-5.1941943e+02
0	1	2	18	-4.8003644e+02
0	1	2	19	-4.4002496e+02
0	1	2	20	-5.5835333e+02
0	1	2	21	-4.7908176e+02
0	1	2	22	-4.2965292e+02
0	1	2	23	-3.1926108e+02
0	1	2	24	-4.8695032e+02
0	1	2	25	-4.2661185e+02
0	1	2	26	-5.0669397e+02
0	1	2	27	-4.8060104e+02
0	1	2	28	-3.6875153e+02
0	1	2	29	-4.5087549e+02
0	1	2	30	-6.2839038e+02
0	1	2	31	-5.8503278e+02
0	1	2	32	-4.4059863e+02
0	1	2	33	-3.5158441e+02
0	1	2	34	2.4330847e+02
0	1	2	35	2.0603740e+02
0	1	2	36	-3.3522068e+01
0	1	2	37	1.4349284e+02
0	1	2	38	2.3508574e+02
0	1	2	39	2.0665840e+02
0	1	2	40	1.8979773e+02
0	1	2	41	2.2308060e+02
0	1	2	42	2.7388034e+02
0	1	2	43	2.9268713e+02
0	1	2	44	3.1674298e+02
0	1	2	45	1.5886028e+02
0	1	2	46	1.8294820e+02
0	1	2	47	2.4427809e+02
0	1	2	48	2.6658026e+02
0	1	2	49	2.1201074e+02
0	1	2	50	1.3802378e+01
0	1	2	51	9.5026959e+02
0	1	2	52	1.0007559e+03
0	1	2	53	5.7096924e+02
0	1	2	54	4.0168555e+02
0	1	2	55	5.8527454e+02
0	1	2	56	7.1129016e+02
0	1	2	57	6.5287952e+02
0	1	2	58	3.8476486e+02
0	1	2	59	4.6974097e+02
0	1	2	60	5.5878217e+02
0	1	2	61	4.1485941e+02
0	1	2	62	3.7152017e+02
0	1	2	63	6.2453961e+02
0	1	3	0	-2.8988037e+02
0	1	3	1	-2.9299246e+02
0	1	3	2	-3.3506665e+02
0	1	3	3	-2.1927010e+02
0	1	3	4	-4.4732837e+02
0	1	3	5	-3.1846475e+02
0	1	3	6	-3.8419781e+02
0	1	3	7	-2.5918167e+02
0	1	3	8	-4.2249622e+02
0	1	3	9	-2.8663449e+02
0	1	3	10	-3.9094641e+02
0	1	3	11	-3.5105304e+02
0	1	3	12	-4.5531808e+02
0	1	3	13	-4.8631805e+02
0	1	3	14	-4.6740552e+02
0	1	3	15	-5.2579321e+02
0	1	3	16	-4.7075742e+02
0	1	3	17	-6.8216205e+02
0	1	3	18	-5.3359308e+02
0	1	3	19	-4.4454703e+02
0	1	3	20	-4.7775528e+02
0	1	3	21	-5.6572479e+02
0	1	3	22	-4.6011545e+02
0	1	3	23	-4.4944067e+02
0	1	3	24	-4.7505353e+02
0	1	3	25	-5.2856152e+02
0	1	3	26	-6.8046362e+02
0	1	3	27	-4.6189658e+02
0	1	3	28	-5.9950842e+02
0	1	3	29	-4.8868289e+02
0	1	3	30	-5.9032971e+02
0	1	3	31	-6.1862585e+02
0	1	3	32	-4.4670007e+02
0	1	3	33	-4.4705594e+02
0	1	3	34	6.9805962e+01
0	1	3	35	1.9520854e+02
0	1	3	36	2.1915031e+02
0	1	3	37	2.5941422e+02
0	1	3	38	1.4253441e+02
0	1	3	39	2.0803096e+02
0	1	3	40	3.0748166e+02
0	1	3	41	5.6408955e+01
0	1	3	42	1.3058517e+02
0	1	3	43	2.6551959e+02
0	1	3	44	2.0993987e+02
0	1	3	45	3.0184827e+02
0	1	3	46	2.5886359e+02
0	1	3	47	1.8046910e+02
0	1	3	48	2.3314275e+02
0	1	3	49	1.9302234e+02
0	1	3	50	3.3407898e+02
0	1	3	51	7.9410693e+02
0	1	3	52	7.6361969e+02
0	1	3	53	3.6637949e+02
0	1	3	54	3.4739066e+02
0	1	3	55	4.8847638e+02
0	1	3	56	7.5408118e+02
0	1	3	57	6.2601782e+02
0	1	3	58	4.7955652e+02
0	1	3	59	5.4405939e+02
0	1	3	60	5.0144586e+02
0	1	3	61	4.9987189e+02
0	1	3	62	3.9444809e+02
0	1	3	63	6.0598102e+02
0	1	4	0	-5.9654510e+02
0	1	4	1	-5.3969958e+02
0	1	4	2	-2.4549202e+02
0	1	4	3	-3.5557895e+02
0	1	4	4	-3.7798605e+02
0	1	4	5	-5.5171393e+02
0	1	4	6	-4.3195654e+02
0	1	4	7	-5.2890900e+02
0	1	4	8	-5.1044794e+02
0	1	4	9	-3.6104810e+02
0	1	4	10	-4.8786139e+02
0	1	4	11	-3.7198834e+02
0	1	4	12	-4.0855469e+02
0	1	4	13	-4.7210822e+02
0	1	4	14	-6.0113403e+02
0	1	4	15	-3.0084763e+02
0	1	4	16	-6.3569611e+02
0	1	4	17	-5.6736798e+02
0	1	4	18	-3.9575369e+02
0	1	4	19	-8.2336810e+02
0	1	4	20	-3.6565396e+02
0	1	4	21	-4.7849164e+02
0	1	4	22	-6.3869727e+02
0	1	4	23	-4.1562817e+02
0	1	4	24	-5.3557806e+02
0	1	4	25	-4.4604135e+02
0	1	4	26	-6.1250146e+02
0	1	4	27	-5.3947662e+02
0	1	4	28	-4.9492828e+02
0	1	4	29	-5.9486359e+02
0	1	4	30	-5.4902704e+02
0	1	4	31	-5.3671381e+02
0	1	4	32	-5.7013818e+02
0	1	4	33	-5.4914313e+02
0	1	4	34	1.7460773e+02
0	1	4	35	2.6408170e+02
0	1	4	36	1.6410677e+02
0	1	4	37	1.0194264e+02
0	1	4	38	3.1094406e+01
0	1	4	39	1.1245679e+02
0	1	4	40	8.7205132e+01
0	1	4	41	8.3016453e+00
0	1	4	42	8.4032990e+01
0	1	4	43	1.5884454e+02
0	1	4	44	1.7297195e+02
0	1	4	45	1.5269503e+01
0	1	4	46	4.9606995e+01
0	1	4	47	1.1141395e+02
0	1	4	48	-7.3256172e+01
0	1	4	49	5.2518978e+01
0	1	4	50	2.1123303e+02
0	1	4	51	6.3853766e+02
0	1	4	52	7.4920343e+02
0	1	4	53	4.6505435e+02
0	1	4	54	4.1005154e+02
0	1	4	55	2.4716254e+02
0	1	4	56	7.4507477e+02
0	1	4	57	6.6774731e+02
0	1	4	58	5.4603650e+02
0	1	4	59	4.3811465e+02
0	1	4	60	5.3175238e+02
0	1	4	61	3.8367792e+02
0	1	4	62	2.8030194e+02
0	1	4	63	4.8920422e+02
0	1	5	0	-2.9819064e+02
0	1	5	1	-2.3775511e+02
0	1	5	2	-4.6910315e+02
0	1	5	3	-1.2525823e+02
0	1	5	4	-3.6729443e+02
0	1	5	5	-2.0281415e+02
0	1	5	6	-2.8197076e+02
0	1	5	7	-3.4697424e+02
0	1	5	8	-2.6112723e+02
0	1	5	9	-2.3400586e+02
0	1	5	10	-4.1954434e+02
0	1	5	11	-3.6012222e+02
0	1	5	12	-4.7090100e+02
0	1	5	13	-3.4689655e+02
0	1	5	14	-3.8700488e+02
0	1	5	15	-4.0230420e+02
0	1	5	16	-3.1438791e+02
0	1	5	17	-4.8775616e+02
0	1	5	18	-4.2204996e+02
0	1	5	19	-6.6042432e+02
0	1	5	20	-6.6012183e+02
0	1	5	21	-5.0383264e+02
0	1	5	22	-6.4915265e+02
0	1	5	23	-4.1373343e+02
0	1	5	24	-4.3049124e+02
0	1	5	25	-3.6804514e+02
0	1	5	26	-3.7029303e+02
0	1	5	27	-4.1346643e+02
0	1	5	28	-5.2459448e+02
0	1	5	29	-3.7468320e+02
0	1	5	30	-3.6659781e+02
0	1	5	31	-4.6756952e+02
0	1	5	32	-4.7925003e+02
0	1	5	33	-5.2717212e+02
0	1	5	34	3.0966415e+02
0	1	5	35	2.5532016e+02
0	1	5	36	2.9282944e+02
0	1	5	37	8.6788857e+01
0	1	5	38	2.5172914e+02
0	1	5	39	2.4283459e+02
0	1	5	40	2.9891928e+02
0	1	5	41	2.2753444e+02
0	1	5	42	2.3463367e+02
0	1	5	43	1.7592531e+02
0	1	5	44	5.0065921e+02
0	1	5	45	1.3158272e+02
0	1	5	46	2.2896317e+02
0	1	5	47	2.8728439e+02
0	1	5	48	4.0172604e+02
0	1	5	49	4.9750342e+02
0	1	5	50	3.7894131e+02
0	1	5	51	7.1309406e+02
0	1	5	52	8.6705847e+02
0	1	5	53	5.1987927e+02
0	1	5	54	5.6147852e+02
0	1	5	55	5.4797070e+02
0	1	5	56	8.3362073e+02
0	1	5	57	7.2808704e+02
0	1	5	58	4.2081638e+02
0	1	5	59	4.6087192e+02
0	1	5	60	7.9978369e+02
0	1	5	61	4.3951962e+02
0	1	5	62	4.8425769e+02
0	1	5	63	8.1796912e+02
0	1	6	0	-3.8390253e+02
0	1	6	1	-4.0006207e+02
0	1	6	2	-3.3129922e+02
0	1	6	3	-4.5360818e+02
0	1	6	4	-4.4572495e+02
0	1	6	5	-4.0863559e+02
0	1	6	6	-3.7585922e+02
0	1	6	7	-4.0001935e+02
0	1	6	8	-3.7965955e+02
0	1	6	9	-3.5996069e+02
0	1	6	10	-4.4048175e+02
0	1	6	11	-5.4061725e+02
0	1	6	12	-5.2329480e+02
0	1	6	13	-3.6624475e+02
0	1	6	14	-4.1377969e+02
0	1	6	15	-3.5241580e+02
0	1	6	16	-6.1113208e+02
0	1	6	17	-6.2994653e+02
0	1	6	18	-5.3162970e+02
0	1	6	19	-5.6558777e+02
0	1	6	20	-7.7744916e+02
0	1	6	21	-5.3394879e+02
0	1	6	22	-5.4098566e+02
0	1	6	23	-5.5106799e+02
0	1	6	24	-4.9575470e+02
0	1	6	25	-5.5189276e+02
0	1	6	26	-7.6095709e+02
0	1	6	27	-6.8038129e+02
0	1	6	28	-5.1385785e+02
0	1	6	29	-3.5163519e+02
0	1	6	30	-4.7296548e+02
0	1	6	31	-5.1392365e+02
0	1	6	32	-5.3962836e+02
0	1	6	33	-4.7571997e+02
0	1	6	34	1.7323875e+02
0	1	6	35	2.5905338e+02
0	1	6	36	2.1834726e+01
0	1	6	37	2.3758727e+02
0	1	6	38	2.3055534e+02
0	1	6	39	1.8368512e+02
0	1	6	40	2.2900980e+02
0	1	6	41	1.8338899e+02
0	1	6	42	3.1525656e+02
0	1	6	43	2.6524344e+02
0	1	6	44	8.8480576e+01
0	1	6	45	1.1664320e+02
0	1	6	46	3.2458298e+02
0	1	6	47	4.9754978e+01
0	1	6	48	2.5170494e+02
0	1	6	49	9.3040131e+01
0	1	6	50	1.5286966e+02
0	1	6	51	9.3785254e+02
0	1	6	52	8.3709033e+02
0	1	6	53	4.2303741e+02
0	1	6	54	2.1959895e+02
0	1	6	55	5.5489905e+02
0	1	6	56	6.9752081e+02
0	1	6	57	6.8601959e+02
0	1	6	58	6.4968439e+02
0	1	6	59	4.9006958e+02
0	1	6	60	5.2893048e+02
0	1	6	61	4.9759390e+02
0	1	6	62	4.9734323e+02
0	1	6	63	4.4838760e+02
0	1	7	0	-3.4261533e+02
0	1	7	1	-4.4032251e+02
0	1	7	2	-4.8617136e+02
0	1	7	3	-4.4347971e+02
0	1	7	4	-6.1461786e+02
0	1	7	5	-4.3744922e+02
0	1	7	6	-5.1089334e+02
0	1	7	7	-4.8289355e+02
0	1	7	8	-6.9524591e+02
0	1	7	9	-4.8767862e+02
0	1	7	10	-6.1495667e+02
0	1	7	11	-5.1432642e+02
0	1	7	12	-6.3487665e+02
0	1	7	13	-5.2273737e+02
0	1	7	14	-6.3003302e+02
0	1	7	15	-5.1477753e+02
0	1	7	16	-8.3538904e+02
0	1	7	17	-7.0189746e+02
0	1	7	18	-7.0581024e+02
0	1	7	19	-8.3093414e+02
0	1	7	20	-8.1089563e+02
0	1	7	21	-7.2928168e+02
0	1	7	22	-7.4919427e+02
0	1	7	23	-5.9368036e+02
0	1	7	24	-7.7612982e+02
0	1	7	25	-6.0992450e+02
0	1	7	26	-6.7788507e+02
0	1	7	27	-7.3623352e+02
0	1	7	28	-5.9593146e+02
0	1	7	29	-7.6780157e+02
0	1	7	30	-6.6566150e+02
0	1	7	31	-8.5643079e+02
0	1	7	32	-7.4068042e+02
0	1	7	33	-7.7229028e+02
0	1	7	34	1.0014562e+02
0	1	7	35	-2.6964676e+00
0	1	7	36	1.0012655e+02
0	1	7	37	2.9822699e+01
0	1	7	38	1.6289273e+02
0	1	7	39	2.5920942e+01
0	1	7	40	6.4861542e+01
0	1	7	41	1.2851579e+02
0	1	7	42	8.0081223e+01
0	1	7	43	7.7495475e+00
0	1	7	44	1.2908614e+00
0	1	7	45	6.2831524e+01
0	1	7	46	4.8933964e+01
0	1	7	47	1.3659846e+02
0	1	7	48	3.0348504e+00
0	1	7	49	-1.1652789e+02
0	1	7	50	5.0984734e+01
0	1	7	51	5.3655450e+02
0	1	7	52	6.8168970e+02
0	1	7	53	2.7530212e+02
0	1	7	54	2.9933331e+02
0	1	7	55	2.5208571e+02
0	1	7	56	4.0729013e+02
0	1	7	57	4.2156198e+02
0	1	7	58	4.0220291e+02
0	1	7	59	3.3133911e+02
0	1	7	60	3.2195108e+02
0	1	7	61	8.7988564e+01
0	1	7	62	3.3025104e+02
0	1	7	63	1.8703694e+02
0	1	8	0	-3.9436890e+02
0	1	8	1	-4.0760236e+02
0	1	8	2	-4.2782339e+02
0	1	8	3	-4.2151022e+02
0	1	8	4	-4.7041760e+02
0	1	8	5	-3.7431021e+02
0	1	8	6	-4.2185422e+02
0	1	8	7	-3.8241107e+02
0	1	8	8	-4.6463257e+02
0	1	8	9	-3.5302609e+02
0	1	8	10	-4.0273727e+02
0	1	8	11	-3.3920514e+02
0	1	8	12	-6.3544836e+02
0	1	8	13	-4.2191272e+02
0	1	8	14	-4.4595685e+02
0	1	8	15	-4.7614349e+02
0	1	8	16	-7.3391595e+02
0	1	8	17	-5.5947229e+02
0	1	8	18	-8.1908209e+02
0	1	8	19	-5.8843506e+02
0	1	8	20	-5.6693634e+02
0	1	8	21	-5.6163489e+02
0	1	8	22	-5.6593402e+02
0	1	8	23	-7.9218317e+02
0	1	8	24	-5.5077795e+02
0	1	8	25	-5.8260730e+02
0	1	8	26	-5.5869836e+02
0	1	8	27	-6.0052716e+02
0	1	8	28	-7.4802435e+02
0	1	8	29	-6.3856238e+02
0	1	8	30	-5.3231628e+02
0	1	8	31	-6.3781305e+02
0	1	8	32	-7.6459094e+02
0	1	8	33	-5.8832410e+02
0	1	8	34	1.0518164e+02
0	1	8	35	1.1602811e+02
0	1	8	36	1.6033771e+02
0	1	8	37	1.7253619e+02
0	1	8	38	1.9217389e+02
0	1	8	39	1.6569966e+02
0	1	8	40	1.3507208e+02
0	1	8	41	1.3955875e+02
0	1	8	42	1.3379793e+02
0	1	8	43	2.1328226e+02
0	1	8	44	2.3396037e+02
0	1	8	45	1.6993379e+02
0	1	8	46	2.5478943e+02
0	1	8	47	1.2130283e+02
0	1	8	48	1.7785852e+02
0	1	8	49	9.1359894e+01
0	1	8	50	2.0477628e+02
0	1	8	51	8.1826923e+02
0	1	8	52	8.4123151e+02
0	1	8	53	3.7513901e+02
0	1	8	54	4.2570544e+02
0	1	8	55	5.0621851e+02
0	1	8	56	6.3699823e+02
0	1	8	57	6.2450574e+02
0	1	8	58	4.6892496e+02
0	1	8	59	3.9563605e+02
0	1	8	60	2.1756671e+02
0	1	8	61	3.7653873e+02
0	1	8	62	4.2853870e+02
0	1	8	63	2.9146384e+02
0	1	9	0	-2.9203079e+02
0	1	9	1	-5.4814471e+02
0	1	9	2	-3.1086996e+02
0	1	9	3	-2.9370984e+02
0	1	9	4	-4.7094919e+02
0	1	9	5	-3.6540314e+02
0	1	9	6	-5.6905548e+02
0	1	9	7	-2.6001416e+02
0	1	9	8	-2.9908997e+02
0	1	9	9	-4.2316248e+02
0	1	9	10	-3.0675778e+02
0	1	9	11	-2.8387842e+02
0	1	9	12	-4.6728571e+02
0	1	9	13	-5.0191434e+02
0	1	9	14	-7.4075568e+02
0	1	9	15	-5.7293475e+02
0	1	9	16	-5.1402509e+02
0	1	9	17	-5.0607071e+02
0	1	9	18	-5.9437640e+02
0	1	9	19	-4.6630997e+02
0	1	9	20	-4.9911584e+02
0	1	9	21	-3.6262354e+02
0	1	9	22	-5.3132812e+02
0	1	9	23	-5.4814648e+02
0	1	9	24	-5.9903015e+02
0	1	9	25	-4.7246204e+02
0	1	9	26	-4.5630161e+02
0	1	9	27	-5.0472726e+02
0	1	9	28	-4.8801627e+02
0	1	9	29	-6.4652631e+02
0	1	9	30	-5.2531702e+02
0	1	9	31	-7.2460321e+02
0	1	9	32	-5.3593408e+02
0	1	9	33	-6.8083685e+02
0	1	9	34	1.3882060e+02
0	1	9	35	7.0676476e+01
0	1	9	36	1.1175940e+02
0	1	9	37	-8.4741966e+01
0	1	9	38	2.2259132e+02
0	1	9	39	7.1093651e+01
0	1	9	40	1.1585330e+01
0	1	9	41	-6.8483971e+01
0	1	9	42	2.4901189e+02
0	1	9	43	2.7666980e+02
0	1	9	44	2.0508675e+02
0	1	9	45	-7.3742775e+01
0	1	9	46	2.0678099e+02
0	1	9	47	1.7511319e+02
0	1	9	48	2.0076578e+02
0	1	9	49	1.5166873e+02
0	1	9	50	2.1739615e+02
0	1	9	51	8.3385864e+02
0	1	9	52	7.1674731e+02
0	1	9	53	3.9286414e+02
0	1	9	54	5.1025116e+02
0	1	9	55	3.8273706e+02
0	1	9	56	5.0138181e+02
0	1	9	57	7.1108063e+02
0	1	9	58	4.8217731e+02
0	1	9	59	3.3500961e+02
0	1	9	60	4.1793457e+02
0	1	9	61	3.9614935e+02
0	1	9	62	4.5080341e+02
0	1	9	63	3.3911166e+02
0	1	10	0	-3.5156909e+02
0	1	10	1	-3.7432950e+02
0	1	10	2	-2.8848242e+02
0	1	10	3	-4.3330917e+02
0	1	10	4	-4.0970459e+02
0	1	10	5	-3.6671216e+02
0	1	10	6	-4.4326312e+02
0	1	10	7	-4.4849197e+02
0	1	10	8	-3.6115359e+02
0	1	10	9	-3.0436349e+02
0	1	10	10	-4.6824405e+02
0	1	10	11	-3.3213358e+02
0	1	10	12	-4.6151779e+02
0	1	10	13	-4.0384821e+02
0	1	10	14	-4.9180188e+02
0	1	10	15	-3.5675955e+02
0	1	10	16	-5.3761450e+02
0	1	10	17	-8.0616431e+02
0	1	10	18	-5.2531787e+02
0	1	10	19	-5.7461139e+02
0	1	10	20	-3.8502609e+02
0	1	10	21	-6.1163245e+02
0	1	10	22	-5.1886444e+02
0	1	10	23	-5.8769379e+02
0	1	10	24	-7.7502490e+02
0	1	10	25	-4.8578558e+02
0	1	10	26	-5.6378455e+02
0	1	10	27	-6.2520184e+02
0	1	10	28	-5.1042072e+02
0	1	10	29	-6.3512836e+02
0	1	10	30	-7.2614429e+02
0	1	10	31	-5.8424445e+02
0	1	10	32	-5.8072198e+02
0	1	10	33	-6.6402014e+02
0	1	10	34	-1.3733569e+02
0	1	10	35	-3.2657291e+01
0	1	10	36	1.2226658e+02
0	1	10	37	-8.2348671e+01
0	1	10	38	-6.3602058e+01
0	1	10	39	-4.4106365e+01
0	1	10	40	1.0693733e+02
0	1	10	41	-1.1841357e+02
0	1	10	42	-5.5001255e+01
0	1	10	43	-1.5842061e+02
0	1	10	44	1.9709520e+01
0	1	10	45	1.4228985e+01
0	1	10	46	-3.9838547e+01
0	1	10	47	-2.0279131e+02
0	1	10	48	-9.7800655e+00
0	1	10	49	-2.1474798e+00
0	1	10	50	3.0454823e+01
0	1	10	51	5.3220190e+02
0	1	10	52	4.4504907e+02
0	1	10	53	1.5514859e+02
0	1	10	54	2.0482292e+02
0	1	10	55	2.4632463e+02
0	1	10	56	4.5564462e+02
0	1	10	57	5.1356940e+02
0	1	10	58	3.3971698e+02
0	1	10	59	3.2774823e+02
0	1	10	60	3.2044650e+02
0	1	10	61	2.0560420e+02
0	1	10	62	3.6056790e+02
0	1	10	63	4.0927414e+02
0	1	11	0	-1.2489165e+02
0	1	11	1	-2.4646831e+02
0	1	11	2	-1.8982295e+02
0	1	11	3	-1.6920175e+02
0	1	11	4	-3.7236172e+02
0	1	11	5	-2.9868231e+02
0	1	11	6	-1.8532219e+02
0	1	11	7	-2.2520337e+02
0	1	11	8	-2.6382758e+02
0	1	11	9	-1.0741460e+02
0	1	11	10	-1.8067810e+02
0	1	11	11	-5.6451958e+01
0	1	11	12	-2.9419479e+02
0	1	11	13	-2.2027960e+02
0	1	11	14	-4.0371124e+02
0	1	11	15	-2.8615247e+02
0	1	11	16	-3.6849246e+02
0	1	11	17	-6.5463708e+02
0	1	11	18	-3.7915475e+02
0	1	11	19	-6.0264404e+02
0	1	11	20	-4.5616110e+02
0	1	11	21	-4.4516919e+02
0	1	11	22	-3.5969604e+02
0	1	11	23	-3.9012924e+02
0	1	11	24	-4.1668311e+02
0	1	11	25	-4.4291293e+02
0	1	11	26	-3.4359741e+02
0	1	11	27	-2.2713145e+02
0	1	11	28	-4.7114713e+02
0	1	11	29	-4.1230945e+02
0	1	11	30	-4.6996835e+02
0	1	11	31	-4.3389471e+02
0	1	11	32	-4.4521732e+02
0	1	11	33	-5.1388495e+02
0	1	11	34	2.2404002e+02
0	1	11	35	1.8986549e+02
0	1	11	36	2.1650247e+02
0	1	11	37	2.5512003e+02
0	1	11	38	2.7008887e+02
0	1	11	39	2.6720798e+02
0	1	11	40	3.2436343e+02
0	1	11	41	2.3809819e+02
0	1	11	42	1.0834198e+02
0	1	11	43	2.8413223e+02
0	1	11	44	3.6885590e+02
0	1	11	45	3.0945901e+02
0	1	11	46	3.5331317e+02
0	1	11	47	3.5521555e+02
0	1	11	48	4.1631400e+02
0	1	11	49	2.0848949e+02
0	1	11	50	2.7041956e+02
0	1	11	51	8.8766724e+02
0	1	11	52	6.7166888e+02
0	1	11	53	6.3346130e+02
0	1	11	54	5.4945978e+02
0	1	11	55	5.4956378e+02
0	1	11	56	7.7560791e+02
0	1	11	57	6.8484735e+02
0	1	11	58	5.7170898e+02
0	1	11	59	5.0296725e+02
0	1	11	60	3.9259976e+02
0	1	11	61	4.5145068e+02
0	1	11	62	5.1885272e+02
0	1	11	63	3.6651047e+02
0	1	12	0	-1.8531268e+02
0	1	12	1	-2.4520821e+02
0	1	12	2	-1.6111447e+02
0	1	12	3	-2.6117389e+02
0	1	12	4	-3.7904208e+02
0	1	12	5	-2.1646243e+02
0	1	12	6	-2.0767032e+02
0	1	12	7	-2.5595917e+02
0	1	12	8	-3.3957050e+02
0	1	12	9	-3.9191370e+02
0	1	12	10	-2.4493758e+02
0	1	12	11	-1.9835168e+02
0	1	12	12	-4.1145087e+02
0	1	12	13	-3.0804697e+02
0	1	12	14	-5.1635901e+02
0	1	12	15	-2.3528987e+02
0	1	12	16	-4.2006958e+02
0	1	12	17	-4.1586978e+02
0	1	12	18	-3.3767084e+02
0	1	12	19	-4.0401224e+02
0	1	12	20	-3.9791364e+02
0	1	12	21	-3.5593585e+02
0	1	12	22	-3.8789706e+02
0	1	12	23	-2.9850143e+02
0	1	12	24	-3.9377454e+02
0	1	12	25	-2.5790259e+02
0	1	12	26	-4.3198203e+02
0	1	12	27	-4.4163602e+02
0	1	12	28	-6.0763879e+02
0	1	12	29	-4.0400616e+02
0	1	12	30	-4.7679739e+02
0	1	12	31	-4.3195874e+02
0	1	12	32	-3.5720303e+02
0	1	12	33	-4.6121106e+02
0	1	12	34	2.0781412e+02
0	1	12	35	9.1463631e+01
0	1	12	36	3.5376517e+02
0	1	12	37	2.6199380e+02
0	1	12	38	3.2887958e+02
0	1	12	39	3.2731274e+02
0	1	12	40	4.0740856e+01
0	1	12	41	1.5767188e+02
0	1	12	42	3.6575232e+02
0	1	12	43	2.8004373e+02
0	1	12	44	2.3136623e+02
0	1	12	45	2.3118385e+02
0	1	12	46	3.6398126e+02
0	1	12	47	3.2344696e+02
0	1	12	48	2.3662785e+02
0	1	12	49	2.3402901e+02
0	1	12	50	3.7890039e+02
0	1	12	51	9.2958765e+02
0	1	12	52	9.8037671e+02
0	1	12	53	5.5077673e+02
0	1	12	54	4.6806219e+02
0	1	12	55	2.9798923e+02
0	1	12	56	7.0046155e+02
0	1	12	57	7.0394647e+02
0	1	12	58	5.5706720e+02
0	1	12	59	5.6078571e+02
0	1	12	60	4.6515155e+02
0	1	12	61	5.8212286e+02
0	1	12	62	5.8623297e+02
0	1	12	63	5.1829211e+02
0	1	13	0	-3.7250851e+02
0	1	13	1	-2.0891631e+02
0	1	13	2	-3.8308926e+02
0	1	13	3	-3.6587466e+02
0	1	13	4	-3.7128552e+02
0	1	13	5	-3.0231244e+02
0	1	13	6	-3.3258182e+02
0	1	13	7	-3.4210364e+02
0	1	13	8	-3.0225726e+02
0	1	13	9	-1.7049416e+02
0	1	13	10	-3.5573431e+02
0	1	13	11	-3.2545480e+02
0	1	13	12	-3.3775650e+02
0	1	13	13	-4.5350674e+02
0	1	13	14	-3.9137344e+02
0	1	13	15	-2.9030942e+02
0	1	13	16	-5.3213550e+02
0	1	13	17	-3.8137573e+02
0	1	13	18	-6.4220215e+02
0	1	13	19	-7.0614716e+02
0	1	13	20	-4.5030893e+02
0	1	13	21	-4.9180734e+02
0	1	13	22	-4.9776889e+02
0	1	13	23	-4.4054031e+02
0	1	13	24	-3.9512866e+02
0	1	13	25	-4.3453192e+02
0	1	13	26	-4.4050903e+02
0	1	13	27	-5.6098987e+02
0	1	13	28	-3.7759174e+02
0	1	13	29	-4.4013211e+02
0	1	13	30	-4.5608481e+02
0	1	13	31	-5.7472327e+02
0	1	13	32	-5.4149933e+02
0	1	13	33	-4.7157114e+02
0	1	13	34	-1.7745539e+01
0	1	13	35	1.8253850e+02
0	1	13	36	1.6428314e+01
0	1	13	37	2.1634137e+02
0	1	13	38	2.2381717e+02
0	1	13	39	-2.9128241e+01
0	1	13	40	2.1271281e+02
0	1	13	41	1.3285362e+02
0	1	13	42	3.0221277e+02
0	1	13	43	7.2343636e+01
0	1	13	44	2.1754015e+02
0	1	13	45	2.0855261e+02
0	1	13	46	3.2729865e+02
0	1	13	47	1.5963757e+02
0	1	13	48	2.5811407e+02
0	1	13	49	2.5951385e+02
0	1	13	50	3.1327448e+02
0	1	13	51	7.8482690e+02
0	1	13	52	7.8270898e+02
0	1	13	53	2.7780807e+02
0	1	13	54	5.1983636e+02
0	1	13	55	5.9285168e+02
0	1	13	56	6.2165900e+02
0	1	13	57	6.4255103e+02
0	1	13	58	4.3063861e+02
0	1	13	59	4.4584091e+02
0	1	13	60	2.5293236e+02
0	1	13	61	4.4970465e+02
0	1	13	62	4.9507751e+02
0	1	13	63	3.5133566e+02
0	1	14	0	-1.5972414e+02
0	1	14	1	-2.8976968e+02
0	1	14	2	-1.0968741e+02
0	1	14	3	-1.2886642e+02
0	1	14	4	-4.1702411e+02
0	1	14	5	-2.5141296e+02
0	1	14	6	-3.6827768e+02
0	1	14	7	-1.6949583e+02
0	1	14	8	-2.4203299e+02
0	1	14	9	-7.4791245e+01
0	1	14	10	-2.2625389e+02
0	1	14	11	-2.0480807e+02
0	1	14	12	-3.4510364e+02
0	1	14	13	-4.0156778e+02
0	1	14	14	-1.9758060e+02
0	1	14	15	-3.7610056e+02
0	1	14	16	-3.4180560e+02
0	1	14	17	-3.6635492e+02
0	1	14	18	-3.5653647e+02
0	1	14	19	-4.5654077e+02
0	1	14	20	-2.8045343e+02
0	1	14	21	-4.3740811e+02
0	1	14	22	-3.0949023e+02
0	1	14	23	-3.2613907e+02
0	1	14	24	-4.6911301e+02
0	1	14	25	-3.2815689e+02
0	1	14	26	-3.8305389e+02
0	1	14	27	-4.6312000e+02
0	1	14	28	-3.3483063e+02
0	1	14	29	-5.8113623e+02
0	1	14	30	-4.2682574e+02
0	1	14	31	-6.3905786e+02
0	1	14	32	-4.1985330e+02
0	1	14	33	-4.8063895e+02
0	1	14	34	2.4677489e+02
0	1	14	35	4.9432201e+01
0	1	14	36	4.3183893e+02
0	1	14	37	3.3706219e+01
0	1	14	38	3.6695038e+02
0	1	14	39	3.6183310e+02
0	1	14	40	2.7947546e+02
0	1	14	41	2.0695279e+02
0	1	14	42	1.1214340e+02
0	1	14	43	1.7299275e+02
0	1	14	44	1.4898682e+02
0	1	14	45	2.6147894e+02
0	1	14	46	1.2838577e+02
0	1	14	47	2.0033867e+02
0	1	14	48	2.7412509e+02
0	1	14	49	2.6760712e+02
0	1	14	50	4.3060156e+02
0	1	14	51	8.9739264e+02
0	1	14	52	1.0489343e+03
0	1	14	53	5.7687024e+02
0	1	14	54	5.5363074e+02
0	1	14	55	6.1340637e+02
0	1	14	56	7.9611377e+02
0	1	14	57	5.1932983e+02
0	1	14	58	6.2071875e+02
0	1	14	59	4.5541092e+02
0	1	14	60	3.3697714e+02
0	1	14	61	6.7781055e+02
0	1	14	62	5.8523401e+02
0	1	14	63	5.3632318e+02
0	1	15	0	-5.0551627e+02
0	1	15	1	-8.3745740e+02
0	1	15	2	-5.3629773e+02
0	1	15	3	-6.1264172e+02
0	1	15	4	-5.6796393e+02
0	1	15	5	-6.7657056e+02
0	1	15	6	-5.9617737e+02
0	1	15	7	-8.0374304e+02
0	1	15	8	-8.0181628e+02
0	1	15	9	-4.9427563e+02
0	1	15	10	-7.8390320e+02
0	1	15	11	-5.1665070e+02
0	1	15	12	-6.3423431e+02
0	1	15	13	-7.0818915e+02
0	1	15	14	-7.1391699e+02
0	1	15	15	-9.2889612e+02
0	1	15	16	-7.2927954e+02
0	1	15	17	-6.3700153e+02
0	1	15	18	-7.9851398e+02
0	1	15	19	-7.1385443e+02
0	1	15	20	-6.4867310e+02
0	1	15	21	-8.5130353e+02
0	1	15	22	-6.5446759e+02
0	1	15	23	-5.6699274e+02
0	1	15	24	-7.4663245e+02
0	1	15	25	-7.6110529e+02
0	1	15	26	-9.5034808e+02
0	1	15	27	-8.5768805e+02
0	1	15	28	-5.8833014e+02
0	1	15	29	-6.8937024e+02
0	1	15	30	-7.2424945e+02
0	1	15	31	-7.8595953e+02
0	1	15	32	-1.0355632e+03
0	1	15	33	-7.1349347e+02
0	1	15	34	1.5841473e+02
0	1	15	35	-1.8564453e+02
0	1	15	36	1.4262166e+02
0	1	15	37	1.0197667e+02
0	1	15	38	-1.5335307e+01
0	1	15	39	8.5689728e+01
0	1	15	40	-8.2434395e+01
0	1	15	41	6.7079368e+00
0	1	15	42	3.9481480e+01
0	1	15	43	7.1568573e+01
0	1	15	44	-1.0736540e+01
0	1	15	45	5.2240528e+01
0	1	15	46	8.9211533e+01
0	1	15	47	2.0527341e+00
0	1	15	48	6.1259151e+01
0	1	15	49	4.8468315e+01
0	1	15	50	8.6350548e+01
0	1	15	51	7.3989490e+02
0	1	15	52	7.6626483e+02
0	1	15	53	3.8355981e+02
0	1	15	54	3.2780243e+02
0	1	15	55	3.9398270e+02
0	1	15	56	5.6141132e+02
0	1	15	57	3.7093582e+02
0	1	15	58	3.8106427e+02
0	1	15	59	4.5560641e+02
0	1	15	60	4.5566678e+02
0	1	15	61	2.3030614e+02
0	1	15	62	2.2755389e+02
0	1	15	63	4.3998251e+02
0	2	0	0	-3.7615271e+02
0	2	0	1	-3.2740671e+02
0	2	0	2	-1.4473024e+02
0	2	0	3	-4.5855972e+02
0	2	0	4	-3.6580704e+02
0	2	0	5	-3.0720081e+02
0	2	0	6	-2.8240814e+02
0	2	0	7	-1.9540349e+02
0	2	0	8	-2.4216891e+02
0	2	0	9	-8.8116585e+01
0	2	0	10	-3.2689960e+02
0	2	0	11	-3.1330609e+02
0	2	0	12	-4.1450809e+02
0	2	0	13	-3.4182834e+02
0	2	0	14	-4.9770102e+02
0	2	0	15	-3.3481161e+02
0	2	0	16	-4.6744836e+02
0	2	0	17	-5.5145111e+02
0	2	0	18	-6.9294983e+02
0	2	0	19	-4.0900583e+02
0	2	0	20	-3.5259766e+02
0	2	0	21	-4.3985474e+02
0	2	0	22	-4.1650229e+02
0	2	0	23	-4.7891364e+02
0	2	0	24	-4.3481232e+02
0	2	0	25	-4.8953131e+02
0	2	0	26	-6.3455511e+02
0	2	0	27	-4.2419568e+02
0	2	0	28	-4.8606567e+02
0	2	0	29	-4.6982910e+02
0	2	0	30	-4.4718527e+02
0	2	0	31	-5.6412689e+02
0	2	0	32	-5.3432733e+02
0	2	0	33	-4.6785153e+02
0	2	0	34	1.5847118e+02
0	2	0	35	1.5160498e+02
0	2	0	36	1.3462233e+02
0	2	0	37	1.7463342e+02
0	2	0	38	1.7521274e+02
0	2	0	39	2.7826587e+02
0	2	0	40	1.3907401e+02
0	2	0	41	2.3496909e+02
0	2	0	42	3.2013446e+02
0	2	0	43	2.4679413e+02
0	2	0	44	4.3466339e+02
0	2	0	45	2.6437350e+02
0	2	0	46	3.9006433e+02
0	2	0	47	2.2325716e+02
0	2	0	48	3.1381247e+02
0	2	0	49	2.5519513e+02
0	2	0	50	1.7697552e+02
0	2	0	51	8.7800604e+02
0	2	0	52	7.7122687e+02
0	2	0	53	4.6371802e+02
0	2	0	54	7.1849438e+02
0	2	0	55	6.1677191e+02
0	2	0	56	7.9647852e+02
0	2	0	57	6.8599518e+02
0	2	0	58	3.4601929e+02
0	2	0	59	5.7595514e+02
0	2	0	60	6.5374359e+02
0	2	0	61	4.3186893e+02
0	2	0	62	2.9711642e+02
0	2	0	63	7.5127264e+02
0	2	1	0	-1.4962227e+02
0	2	1	1	-2.6301569e+02
0	2	1	2	-4.0895041e+02
0	2	1	3	-3.1859756e+02
0	2	1	4	-5.9235657e+02
0	2	1	5	-4.0635809e+02
0	2	1	6	-4.5138150e+02
0	2	1	7	-4.8748752e+02
0	2	1	8	-4.3226736e+02
0	2	1	9	-4.9803351e+02
0	2	1	10	-3.7175760e+02
0	2	1	11	-4.9651752e+02
0	2	1	12	-4.2464853e+02
0	2	1	13	-3.2180676e+02
0	2	1	14	-6.3797571e+02
0	2	1	15	-4.5240948e+02
0	2	1	16	-6.0321338e+02
0	2	1	17	-3.5890985e+02
0	2	1	18	-4.8852664e+02
0	2	1	19	-3.9856229e+02
0	2	1	20	-6.2608746e+02
0	2	1	21	-4.4357394e+02
0	2	1	22	-4.2886301e+02
0	2	1	23	-4.4244012e+02
0	2	1	24	-5.2621759e+02
0	2	1	25	-4.7939493e+02
0	2	1	26	-5.9628741e+02
0	2	1	27	-6.6722900e+02
0	2	1	28	-5.3346021e+02
0	2	1	29	-5.3360657e+02
0	2	1	30	-7.6928870e+02
0	2	1	31	-7.8916840e+02
0	2	1	32	-7.0137109e+02
0	2	1	33	-8.4229376e+02
0	2	1	34	-1.6921005e+02
0	2	1	35	2.1031225e+01
0	2	1	36	2.0225693e+01
0	2	1	37	8.7813248e+01
0	2	1	38	2.1858995e+01
0	2	1	39	2.1877937e+01
0	2	1	40	9.6573471e+01
0	2	1	41	5.7643166e+01
0	2	1	42	4.4601593e+01
0	2	1	43	-1.1295821e+02
0	2	1	44	7.5149559e+01
0	2	1	45	2.6792231e+01
0	2	1	46	-6.5215561e+01
0	2	1	47	-1.0242264e+02
0	2	1	48	3.0823599e+01
0	2	1	49	-1.2125705e+02
0	2	1	50	1.3994477e+01
0	2	1	51	6.2747125e+02
0	2	1	52	6.9466388e+02
0	2	1	53	1.7369376e+02
0	2	1	54	2.2041527e+02
0	2	1	55	2.5140227e+02
0	2	1	56	3.7525989e+02
0	2	1	57	4.3959213e+02
0	2	1	58	4.1009613e+02
0	2	1	59	2.5588397e+02
0	2	1	60	3.0862128e+02
0	2	1	61	2.0597005e+02
0	2	1	62	3.1749573e+02
0	2	1	63	4.2015616e+02
0	2	2	0	-2.8365167e+02
0	2	2	1	-4.2628979e+02
0	2	2	2	-2.0706882e+02
0	2	2	3	-4.6080338e+02
0	2	2	4	-3.2559412e+02
0	2	2	5	-3.3130521e+02
0	2	2	6	-3.6157037e+02
0	2	2	7	-5.3025647e+02
0	2	2	8	-3.1462057e+02
0	2	2	9	-3.6660886e+02
0	2	2	10	-4.4853918e+02
0	2	2	11	-2.4027345e+02
0	2	2	12	-3.6775522e+02
0	2	2	13	-3.6586743e+02
0	2	2	14	-5.3158215e+02
0	2	2	15	-4.9954547e+02
0	2	2	16	-7.3926367e+02
0	2	2	17	-4.3801114e+02
0	2	2	18	-6.0736676e+02
0	2	2	19	-5.0380444e+02
0	2	2	20	-6.3896472e+02
0	2	2	21	-5.5344763e+02
0	2	2	22	-3.8822409e+02
0	2	2	23	-5.1531323e+02
0	2	2	24	-6.4165778e+02
0	2	2	25	-5.0927570e+02
0	2	2	26	-6.3802161e+02
0	2	2	27	-5.7921912e+02
0	2	2	28	-4.6914139e+02
0	2	2	29	-5.9213489e+02
0	2	2	30	-5.3711066e+02
0	2	2	31	-5.6722449e+02
0	2	2	32	-5.1665997e+02
0	2	2	33	-6.8388452e+02
0	2	2	34	1.2344206e+02
0	2	2	35	-8.0993071e+00
0	2	2	36	-8.2545654e+01
0	2	2	37	2.4192998e+02
0	2	2	38	1.9631960e+02
0	2	2	39	9.3441284e+01
0	2	2	40	1.1882655e+02
0	2	2	41	1.3086044e+02
0	2	2	42	1.1415137e+02
0	2	2	43	3.1912314e+02
0	2	2	44	3.1848511e+02
0	2	2	45	3.2401376e+02
0	2	2	46	1.8233147e+02
0	2	2	47	2.1653522e+02
0	2	2	48	2.5787836e+02
0	2	2	49	1.4418498e+02
0	2	2	50	1.6200421e+02
0	2	2	51	8.6500464e+02
0	2	2	52	9.5635175e+02
0	2	2	53	5.4202887e+02
0	2	2	54	5.0359995e+02
0	2	2	55	3.6596609e+02
0	2	2	56	6.6770239e+02
0	2	2	57	6.3321008e+02
0	2	2	58	5.4707526e+02
0	2	2	59	4.8805914e+02
0	2	2	60	4.8866425e+02
0	2	2	61	5.1870880e+02
0	2	2	62	5.0182773e+02
0	2	2	63	4.0846695e+02
0	2	3	0	-4.9559277e+02
0	2	3	1	-6.7143042e+02
0	2	3	2	-4.4814072e+02
0	2	3	3	-6.0618237e+02
0	2	3	4	-4.6095462e+02
0	2	3	5	-4.8150644e+02
0	2	3	6	-6.7573779e+02
0	2	3	7	-4.7451562e+02
0	2	3	8	-7.1643976e+02
0	2	3	9	-4.7308813e+02
0	2	3	10	-7.0574463e+02
0	2	3	11	-5.5358032e+02
0	2	3	12	-5.7270978e+02
0	2	3	13	-6.0322571e+02
0	2	3	14	-6.8995679e+02
0	2	3	15	-5.7412384e+02
0	2	3	16	-6.4279321e+02
0	2	3	17	-6.0143744e+02
0	2	3	18	-7.9481812e+02
0	2	3	19	-4.8760403e+02
0	2	3	20	-6.7542444e+02
0	2	3	21	-6.9555847e+02
0	2	3	22	-4.4710526e+02
0	2	3	23	-6.7882556e+02
0	2	3	24	-6.6261072e+02
0	2	3	25	-5.7240448e+02
0	2	3	26	-6.5563666e+02
0	2	3	27	-5.9769543e+02
0	2	3	28	-4.6643344e+02
0	2	3	29	-5.0432477e+02
0	2	3	30	-6.6205280e+02
0	2	3	31	-6.3680762e+02
0	2	3	32	-8.1771271e+02
0	2	3	33	-6.5081653e+02
0	2	3	34	2.6076492e+02
0	2	3	35	-2.6720797e+01
0	2	3	36	2.5641676e+01
0	2	3	37	3.0897195e+02
0	2	3	38	1.5268640e+02
0	2	3	39	1.1393982e+02
0	2	3	40	1.7757433e+02
0	2	3	41	7.7492424e+01
0	2	3	42	3.5483749e+02
0	2	3	43	1.5055119e+02
0	2	3	44	1.2723886e+02
0	2	3	45	5.6119156e+01
0	2	3	46	1.3904271e+02
0	2	3	47	-5.6371834e+01
0	2	3	48	1.1379441e+02
0	2	3	49	9.9660484e+01
0	2	3	50	2.1155450e+02
0	2	3	51	6.8924310e+02
0	2	3	52	6.7846692e+02
0	2	3	53	3.9218887e+02
0	2	3	54	2.9157303e+02
0	2	3	55	3.3331821e+02
0	2	3	56	5.3996765e+02
0	2	3	57	5.1490167e+02
0	2	3	58	4.2118170e+02
0	2	3	59	3.7745587e+02
0	2	3	60	3.2384479e+02
0	2	3	61	3.4506049e+02
0	2	3	62	1.9942731e+02
0	2	3	63	3.6698135e+02
0	2	4	0	-4.6418201e+02
0	2	4	1	-3.8947290e+02
0	2	4	2	-3.9617804e+02
0	2	4	3	-4.9959546e+02
0	2	4	4	-5.8788989e+02
0	2	4	5	-6.0799084e+02
0	2	4	6	-4.3567389e+02
0	2	4	7	-3.4940677e+02
0	2	4	8	-4.1425616e+02
0	2	4	9	-4.2264621e+02
0	2	4	10	-6.2847571e+02
0	2	4	11	-3.4383170e+02
0	2	4	12	-4.3681964e+02
0	2	4	13	-3.6686685e+02
0	2	4	14	-5.0060178e+02
0	2	4	15	-3.0975626e+02
0	2	4	16	-5.5837335e+02
0	2	4	17	-4.4585876e+02
0	2	4	18	-4.6397565e+02
0	2	4	19	-5.2492273e+02
0	2	4	20	-4.6507629e+02
0	2	4	21	-5.4981049e+02
0	2	4	22	-4.8470270e+02
0	2	4	23	-5.2184186e+02
0	2	4	24	-6.8662036e+02
0	2	4	25	-4.8597055e+02
0	2	4	26	-6.4610791e+02
0	2	4	27	-6.2227936e+02
0	2	4	28	-5.1887561e+02
0	2	4	29	-4.4987378e+02
0	2	4	30	-5.1955865e+02
0	2	4	31	-4.7989645e+02
0	2	4	32	-6.0851721e+02
0	2	4	33	-5.3117731e+02
0	2	4	34	1.7362509e+01
0	2	4	35	2.9189932e+02
0	2	4	36	2.1013751e+02
0	2	4	37	1.7993114e+02
0	2	4	38	1.4292128e+00
0	2	4	39	1.7123891e+02
0	2	4	40	2.0187769e+02
0	2	4	41	1.4060730e+02
0	2	4	42	1.3667439e+02
0	2	4	43	1.1160895e+02
0	2	4	44	2.1403053e+02
0	2	4	45	5.9696629e+01
0	2	4	46	1.8739963e+02
0	2	4	47	1.3830518e+02
0	2	4	48	1.8805336e+02
0	2	4	49	2.6702301e+01
0	2	4	50	2.2497635e+02
0	2	4	51	7.4893036e+02
0	2	4	52	7.7370807e+02
0	2	4	53	3.2034302e+02
0	2	4	54	1.5994040e+02
0	2	4	55	4.3079147e+02
0	2	4	56	6.4759662e+02
0	2	4	57	5.5829419e+02
0	2	4	58	3.2186591e+02
0	2	4	59	3.9859387e+02
0	2	4	60	4.9126492e+02
0	2	4	61	3.0624835e+02
0	2	4	62	4.0447421e+02
0	2	4	63	3.9965439e+02
0	2	5	0	-1.8950592e+02
0	2	5	1	-4.3345197e+02
0	2	5	2	-2.2322694e+02
0	2	5	3	-3.5610352e+02
0	2	5	4	-4.9897672e+02
0	2	5	5	-2.4223003e+02
0	2	5	6	-4.6902560e+02
0	2	5	7	-2.9644498e+02
0	2	5	8	-5.8381207e+02
0	2	5	9	-3.1119394e+02
0	2	5	10	-3.7262100e+02
0	2	5	11	-4.5525919e+02
0	2	5	12	-4.3301764e+02
0	2	5	13	-3.6827466e+02
0	2	5	14	-6.7477209e+02
0	2	5	15	-3.8645804e+02
0	2	5	16	-6.3335345e+02
0	2	5	17	-4.4912485e+02
0	2	5	18	-5.8796320e+02
0	2	5	19	-5.2131152e+02
0	2	5	20	-5.1202448e+02
0	2	5	21	-4.8869208e+02
0	2	5	22	-4.9012454e+02
0	2	5	23	-6.1436993e+02
0	2	5	24	-5.7804645e+02
0	2	5	25	-5.4907361e+02
0	2	5	26	-5.0933124e+02
0	2	5	27	-5.2855951e+02
0	2	5	28	-4.4641061e+02
0	2	5	29	-5.2579926e+02
0	2	5	30	-5.9305090e+02
0	2	5	31	-5.4095374e+02
0	2	5	32	-5.9725439e+02
0	2	5	33	-3.9607339e+02
0	2	5	34	1.8663211e+02
0	2	5	35	1.6362283e+02
0	2	5	36	2.1420755e+02
0	2	5	37	2.1087590e+02
0	2	5	38	2.3010725e+02
0	2	5	39	1.8632260e+02
0	2	5	40	2.3355151e+02
0	2	5	41	2.0946944e+02
0	2	5	42	2.0988159e+02
0	2	5	43	1.9652385e+02
0	2	5	44	2.8350159e+02
0	2	5	45	2.2614330e+02
0	2	5	46	1.5191492e+02
0	2	5	47	2.4709074e+02
0	2	5	48	1.9824933e+02
0	2	5	49	2.1546397e+02
0	2	5	50	2.4127670e+02
0	2	5	51	6.1838220e+02
0	2	5	52	8.4216467e+02
0	2	5	53	4.6325076e+02
0	2	5	54	4.7064188e+02
0	2	5	55	5.1652893e+02
0	2	5	56	6.3483557e+02
0	2	5	57	6.8025928e+02
0	2	5	58	4.7970822e+02
0	2	5	59	4.0577408e+02
0	2	5	60	5.0246063e+02
0	2	5	61	4.6080338e+02
0	2	5	62	5.7699927e+02
0	2	5	63	4.4540967e+02
0	2	6	0	-3.6707108e+02
0	2	6	1	-4.5694443e+02
0	2	6	2	-3.5614481e+02
0	2	6	3	-4.1621323e+02
0	2	6	4	-5.8978363e+02
0	2	6	5	-4.6974374e+02
0	2	6	6	-4.0205389e+02
0	2	6	7	-3.7503836e+02
0	2	6	8	-5.6502124e+02
0	2	6	9	-3.4768347e+02
0	2	6	10	-5.4584589e+02
0	2	6	11	-3.2122937e+02
0	2	6	12	-5.4683685e+02
0	2	6	13	-4.4638995e+02
0	2	6	14	-2.6890561e+02
0	2	6	15	-4.7880365e+02
0	2	6	16	-4.8731897e+02
0	2	6	17	-5.8670526e+02
0	2	6	18	-3.2863782e+02
0	2	6	19	-5.8884369e+02
0	2	6	20	-4.6748416e+02
0	2	6	21	-4.3178491e+02
0	2	6	22	-6.3003705e+02
0	2	6	23	-6.5377081e+02
0	2	6	24	-6.2033234e+02
0	2	6	25	-5.4030481e+02
0	2	6	26	-6.2239435e+02
0	2	6	27	-5.8345135e+02
0	2	6	28	-5.2640283e+02
0	2	6	29	-5.6608051e+02
0	2	6	30	-5.1442773e+02
0	2	6	31	-6.9181677e+02
0	2	6	32	-7.8859900e+02
0	2	6	33	-6.1312451e+02
0	2	6	34	-3.5496681e+01
0	2	6	35	5.7654190e+01
0	2	6	36	5.3202484e+01
0	2	6	37	1.0594513e+02
0	2	6	38	-1.0498806e+02
0	2	6	39	3.2369293e+01
0	2	6	40	-9.3641388e+01
0	2	6	41	1.0425732e+02
0	2	6	42	1.2770477e+02
0	2	6	43	9.3066673e+01
0	2	6	44	5.5662212e+01
0	2	6	45	8.5657501e+00
0	2	6	46	1.1406595e+02
0	2	6	47	-8.4524956e+01
0	2	6	48	-9.4777641e+01
0	2	6	49	-1.9209445e+02
0	2	6	50	-1.1889275e+02
0	2	6	51	5.6644141e+02
0	2	6	52	4.9498096e+02
0	2	6	53	2.8573926e+02
0	2	6	54	1.7386290e+02
0	2	6	55	2.6535117e+02
0	2	6	56	4.5239865e+02
0	2	6	57	4.9824530e+02
0	2	6	58	3.9095456e+02
0	2	6	59	3.6622922e+02
0	2	6	60	2.2259319e+02
0	2	6	61	1.8309241e+02
0	2	6	62	2.7171674e+02
0	2	6	63	4.0935962e+02
0	2	7	0	-2.1809819e+02
0	2	7	1	-5.5316071e+02
0	2	7	2	-3.7880707e+02
0	2	7	3	-3.1219171e+02
0	2	7	4	-4.1517490e+02
0	2	7	5	-1.4962465e+02
0	2	7	6	-4.9682312e+02
0	2	7	7	-1.6884662e+02
0	2	7	8	-3.7231088e+02
0	2	7	9	-3.1451205e+02
0	2	7	10	-2.2908067e+02
0	2	7	11	-3.6830280e+02
0	2	7	12	-4.8073398e+02
0	2	7	13	-3.0789554e+02
0	2	7	14	-4.8721655e+02
0	2	7	15	-3.0649680e+02
0	2	7	16	-5.0049191e+02
0	2	7	17	-4.1580493e+02
0	2	7	18	-4.5858063e+02
0	2	7	19	-3.6193289e+02
0	2	7	20	-4.3881396e+02
0	2	7	21	-4.8602530e+02
0	2	7	22	-7.1377661e+02
0	2	7	23	-4.4320966e+02
0	2	7	24	-4.3702121e+02
0	2	7	25	-4.4408984e+02
0	2	7	26	-4.7275616e+02
0	2	7	27	-4.1560089e+02
0	2	7	28	-4.0186258e+02
0	2	7	29	-4.2548370e+02
0	2	7	30	-4.3311679e+02
0	2	7	31	-5.2653625e+02
0	2	7	32	-7.0669446e+02
0	2	7	33	-3.8406042e+02
0	2	7	34	2.5820135e+02
0	2	7	35	2.3639351e+02
0	2	7	36	2.3099550e+02
0	2	7	37	2.5777286e+02
0	2	7	38	-2.4446163e+01
0	2	7	39	6.8804153e+01
0	2	7	40	2.9932571e+02
0	2	7	41	-9.0125565e+01
0	2	7	42	2.3046432e+02
0	2	7	43	1.3836349e+02
0	2	7	44	1.9616794e+02
0	2	7	45	1.3747504e+02
0	2	7	46	2.2945143e+02
0	2	7	47	1.4545766e+02
0	2	7	48	4.5725266e+01
0	2	7	49	1.4018027e+02
0	2	7	50	1.7681870e+02
0	2	7	51	7.4432910e+02
0	2	7	52	8.4742444e+02
0	2	7	53	1.4228043e+02
0	2	7	54	4.8940863e+02
0	2	7	55	4.2192517e+02
0	2	7	56	7.4456793e+02
0	2	7	57	6.4797479e+02
0	2	7	58	4.1985300e+02
0	2	7	59	3.8522336e+02
0	2	7	60	4.9806873e+02
0	2	7	61	3.7162375e+02
0	2	7	62	4.5207031e+02
0	2	7	63	4.7883417e+02
0	2	8	0	-4.2317667e+02
0	2	8	1	-4.7054419e+02
0	2	8	2	-3.6592371e+02
0	2	8	3	-4.7819501e+02
0	2	8	4	-7.3883374e+02
0	2	8	5	-5.3627625e+02
0	2	8	6	-5.4808661e+02
0	2	8	7	-7.1895587e+02
0	2	8	8	-7.2014545e+02
0	2	8	9	-6.2566003e+02
0	2	8	10	-7.0548505e+02
0	2	8	11	-4.9747806e+02
0	2	8	12	-6.2275720e+02
0	2	8	13	-5.4623846e+02
0	2	8	14	-5.0035233e+02
0	2	8	15	-6.3311725e+02
0	2	8	16	-6.6806744e+02
0	2	8	17	-6.5261298e+02
0	2	8	18	-7.6737469e+02
0	2	8	19	-5.9966699e+02
0	2	8	20	-5.6376141e+02
0	2	8	21	-6.1675067e+02
0	2	8	22	-6.9398560e+02
0	2	8	23	-4.9987332e+02
0	2	8	24	-6.9728436e+02
0	2	8	25	-8.1204193e+02
0	2	8	26	-6.6228589e+02
0	2	8	27	-7.4244305e+02
0	2	8	28	-6.4506299e+02
0	2	8	29	-7.9732019e+02
0	2	8	30	-7.0915405e+02
0	2	8	31	-6.8502905e+02
0	2	8	32	-7.7126788e+02
0	2	8	33	-7.1438440e+02
0	2	8	34	-7.8980934e+01
0	2	8	35	-6.7429512e+01
0	2	8	36	6.2831547e+01
0	2	8	37	8.8939476e+01
0	2	8	38	-7.8291443e+01
0	2	8	39	1.0807487e+01
0	2	8	40	-1.8823138e+02
0	2	8	41	-3.2967232e+01
0	2	8	42	1.9546301e+01
0	2	8	43	-8.4856163e+01
0	2	8	44	-1.2490373e+02
0	2	8	45	-1.7587720e+02
0	2	8	46	2.5577480e+01
0	2	8	47	-1.0103790e+01
0	2	8	48	7.2425392e+01
0	2	8	49	-1.2423972e+02
0	2	8	50	-3.7406860e+01
0	2	8	51	6.3817767e+02
0	2	8	52	6.4113348e+02
0	2	8	53	2.4257251e+02
0	2	8	54	8.8994026e+01
0	2	8	55	2.6229908e+01
0	2	8	56	3.1747809e+02
0	2	8	57	3.8553583e+02
0	2	8	58	3.0948807e+02
0	2	8	59	1.4376691e+02
0	2	8	60	2.2524919e+02
0	2	8	61	1.9149825e+02
0	2	8	62	1.7989594e+02
0	2	8	63	2.1940436e+02
0	2	9	0	-4.5319009e+02
0	2	9	1	-5.7790387e+02
0	2	9	2	-3.4334610e+02
0	2	9	3	-3.5016824e+02
0	2	9	4	-3.4562741e+02
0	2	9	5	-4.7024866e+02
0	2	9	6	-2.9305914e+02
0	2	9	7	-4.5433484e+02
0	2	9	8	-3.5617569e+02
0	2	9	9	-4.0162051e+02
0	2	9	10	-4.4290799e+02
0	2	9	11	-3.3779941e+02
0	2	9	12	-3.9962524e+02
0	2	9	13	-3.9460208e+02
0	2	9	14	-3.5177219e+02
0	2	9	15	-4.7174460e+02
0	2	9	16	-5.5022784e+02
0	2	9	17	-5.0850159e+02
0	2	9	18	-6.0927002e+02
0	2	9	19	-4.4234821e+02
0	2	9	20	-5.1945551e+02
0	2	9	21	-4.6948578e+02
0	2	9	22	-3.8387219e+02
0	2	9	23	-4.5149207e+02
0	2	9	24	-5.8164240e+02
0	2	9	25	-3.9637180e+02
0	2	9	26	-7.1208881e+02
0	2	9	27	-5.7463770e+02
0	2	9	28	-3.7789038e+02
0	2	9	29	-3.9228510e+02
0	2	9	30	-5.4350116e+02
0	2	9	31	-5.3263702e+02
0	2	9	32	-5.1744891e+02
0	2	9	33	-3.2549713e+02
0	2	9	34	2.1749460e+02
0	2	9	35	2.5051994e+02
0	2	9	36	2.0322893e+02
0	2	9	37	2.2261980e+02
0	2	9	38	7.0489410e+01
0	2	9	39	1.5950269e+02
0	2	9	40	7.6756393e+01
0	2	9	41	8.7244492e+01
0	2	9	42	2.1474875e+02
0	2	9	43	1.4174565e+02
0	2	9	44	1.1126974e+02
0	2	9	45	1.4346356e+02
0	2	9	46	2.5986017e+02
0	2	9	47	1.0211755e+02
0	2	9	48	2.3481154e+02
0	2	9	49	1.1621795e+00
0	2	9	50	1.9464742e+02
0	2	9	51	7.9407990e+02
0	2	9	52	7.7751678e+02
0	2	9	53	3.8379614e+02
0	2	9	54	4.3562799e+02
0	2	9	55	4.1665515e+02
0	2	9	56	5.0723132e+02
0	2	9	57	4.0288626e+02
0	2	9	58	4.4582059e+02
0	2	9	59	4.9776968e+02
0	2	9	60	3.5494843e+02
0	2	9	61	4.5489801e+02
0	2	9	62	4.0421072e+02
0	2	9	63	4.0735886e+02
0	2	10	0	-4.0271417e+02
0	2	10	1	-4.9722873e+02
0	2	10	2	-3.8408755e+02
0	2	10	3	-4.2568872e+02
0	2	10	4	-7.2840729e+02
0	2	10	5	-4.2869223e+02
0	2	10	6	-6.2958032e+02
0	2	10	7	-3.7809494e+02
0	2	10	8	-4.7339926e+02
0	2	10	9	-3.4217200e+02
0	2	10	10	-5.8864471e+02
0	2	10	11	-4.2802451e+02
0	2	10	12	-6.1570496e+02
0	2	10	13	-6.0099084e+02
0	2	10	14	-4.8342535e+02
0	2	10	15	-4.5611905e+02
0	2	10	16	-8.5833295e+02
0	2	10	17	-5.9704291e+02
0	2	10	18	-5.5354205e+02
0	2	10	19	-6.1588483e+02
0	2	10	20	-5.7005823e+02
0	2	10	21	-5.3679138e+02
0	2	10	22	-5.1769861e+02
0	2	10	23	-6.2558527e+02
0	2	10	24	-6.2322388e+02
0	2	10	25	-4.9120667e+02
0	2	10	26	-6.5812384e+02
0	2	10	27	-5.5882996e+02
0	2	10	28	-5.4195782e+02
0	2	10	29	-6.6134369e+02
0	2	10	30	-7.5257501e+02
0	2	10	31	-5.3540125e+02
0	2	10	32	-6.4744830e+02
0	2	10	33	-7.2801172e+02
0	2	10	34	7.4190521e+01
0	2	10	35	4.3609795e+01
0	2	10	36	7.1872467e+01
0	2	10	37	6.3047184e+01
0	2	10	38	-2.2762945e+01
0	2	10	39	1.3306775e+02
0	2	10	40	2.5479948e+01
0	2	10	41	8.6557846e+01
0	2	10	42	4.8578033e+01
0	2	10	43	2.1001518e+02
0	2	10	44	2.2564723e+02
0	2	10	45	-1.4951050e+02
0	2	10	46	4.6937363e+01
0	2	10	47	-6.5772385e+01
0	2	10	48	-1.2155954e+02
0	2	10	49	7.9295807e+01
0	2	10	50	-4.7947910e+01
0	2	10	51	5.9723883e+02
0	2	10	52	6.4822711e+02
0	2	10	53	3.3563037e+02
0	2	10	54	2.4216438e+02
0	2	10	55	3.8508383e+02
0	2	10	56	5.3088123e+02
0	2	10	57	3.9966382e+02
0	2	10	58	3.9879382e+02
0	2	10	59	2.5277371e+02
0	2	10	60	3.1839655e+02
0	2	10	61	3.2861328e+02
0	2	10	62	3.8021420e+02
0	2	10	63	3.9874695e+02
0	2	11	0	-4.8292651e+02
0	2	11	1	-4.4250244e+02
0	2	11	2	-4.1010681e+02
0	2	11	3	-5.4766565e+02
0	2	11	4	-5.6309320e+02
0	2	11	5	-4.4005542e+02
0	2	11	6	-4.4473956e+02
0	2	11	7	-4.0959512e+02
0	2	11	8	-7.5284943e+02
0	2	11	9	-4.2534552e+02
0	2	11	10	-7.7393481e+02
0	2	11	11	-5.6701184e+02
0	2	11	12	-5.9145581e+02
0	2	11	13	-4.6812140e+02
0	2	11	14	-5.2292535e+02
0	2	11	15	-5.1788763e+02
0	2	11	16	-6.2015686e+02
0	2	11	17	-4.4593491e+02
0	2	11	18	-5.3754639e+02
0	2	11	19	-3.6957321e+02
0	2	11	20	-6.7039227e+02
0	2	11	21	-6.1769196e+02
0	2	11	22	-6.2135944e+02
0	2	11	23	-5.3473413e+02
0	2	11	24	-5.9927203e+02
0	2	11	25	-6.5135748e+02
0	2	11	26	-6.9789392e+02
0	2	11	27	-6.3093335e+02
0	2	11	28	-6.2695441e+02
0	2	11	29	-6.3225275e+02
0	2	11	30	-6.3408044e+02
0	2	11	31	-7.1184729e+02
0	2	11	32	-7.0093451e+02
0	2	11	33	-5.8124829e+02
0	2	11	34	7.3868027e+01
0	2	11	35	-5.1671692e+01
0	2	11	36	6.3718548e+00
0	2	11	37	3.3425213e+01
0	2	11	38	6.4363777e+01
0	2	11	39	2.3660616e+01
0	2	11	40	7.2307365e+01
0	2	11	41	3.3600590e+01
0	2	11	42	4.0923553e+01
0	2	11	43	1.5092578e+01
0	2	11	44	1.9041078e+02
0	2	11	45	1.7764868e+01
0	2	11	46	1.0309370e+02
0	2	11	47	7.6249952e+00
0	2	11	48	6.4871864e+01
0	2	11	49	8.0701645e+01
0	2	11	50	1.2994737e+02
0	2	11	51	6.9345026e+02
0	2	11	52	7.7780768e+02
0	2	11	53	2.4072467e+02
0	2	11	54	3.3833200e+02
0	2	11	55	3.4642218e+02
0	2	11	56	2.7014621e+02
0	2	11	57	3.5100098e+02
0	2	11	58	3.2142572e+02
0	2	11	59	2.4566574e+02
0	2	11	60	6.6986366e+01
0	2	11	61	2.9363394e+02
0	2	11	62	3.7512408e+02
0	2	11	63	1.4629337e+02
0	2	12	0	-3.4753772e+02
0	2	12	1	-4.6947037e+02
0	2	12	2	-2.9569504e+02
0	2	12	3	-5.7416888e+02
0	2	12	4	-4.7542413e+02
0	2	12	5	-5.3435522e+02
0	2	12	6	-4.3442871e+02
0	2	12	7	-6.1352509e+02
0	2	12	8	-5.2952594e+02
0	2	12	9	-3.9245288e+02
0	2	12	10	-6.7514758e+02
0	2	12	11	-4.0578879e+02
0	2	12	12	-6.3421289e+02
0	2	12	13	-4.8232724e+02
0	2	12	14	-5.7343347e+02
0	2	12	15	-6.2464722e+02
0	2	12	16	-6.1379474e+02
0	2	12	17	-7.0259070e+02
0	2	12	18	-7.1637866e+02
0	2	12	19	-7.1347113e+02
0	2	12	20	-7.0987830e+02
0	2	12	21	-5.7110651e+02
0	2	12	22	-5.4558020e+02
0	2	12	23	-5.6049341e+02
0	2	12	24	-8.4629474e+02
0	2	12	25	-6.1163147e+02
0	2	12	26	-6.1206628e+02
0	2	12	27	-6.2202710e+02
0	2	12	28	-5.7544800e+02
0	2	12	29	-6.3420752e+02
0	2	12	30	-6.3922998e+02
0	2	12	31	-5.9234406e+02
0	2	12	32	-8.6166846e+02
0	2	12	33	-7.1465820e+02
0	2	12	34	3.0540758e+01
0	2	12	35	5.0426716e+01
0	2	12	36	1.0270209e+02
0	2	12	37	8.1030281e+01
0	2	12	38	-7.1377892e+01
0	2	12	39	7.1403481e+01
0	2	12	40	5.2359287e+01
0	2	12	41	-2.1156242e+02
0	2	12	42	8.7289749e+01
0	2	12	43	8.0922997e+01
0	2	12	44	1.0389022e+02
0	2	12	45	3.3269558e+01
0	2	12	46	-1.4577716e+02
0	2	12	47	-1.1828949e+02
0	2	12	48	3.0896587e+01
0	2	12	49	-1.0474125e+02
0	2	12	50	-7.6668228e+01
0	2	12	51	6.0713617e+02
0	2	12	52	5.5962842e+02
0	2	12	53	1.7112303e+02
0	2	12	54	1.2626015e+02
0	2	12	55	1.0535166e+02
0	2	12	56	3.9848276e+02
0	2	12	57	4.6580121e+02
0	2	12	58	3.8469489e+02
0	2	12	59	2.7213406e+02
0	2	12	60	3.3399246e+02
0	2	12	61	3.2231461e+02
0	2	12	62	4.0110159e+02
0	2	12	63	4.3561935e+02
0	2	13	0	-4.7555304e+02
0	2	13	1	-2.3910999e+02
0	2	13	2	-2.5100673e+02
0	2	13	3	-4.0414728e+02
0	2	13	4	-4.1994434e+02
0	2	13	5	-2.9322552e+02
0	2	13	6	-3.0327151e+02
0	2	13	7	-5.3398395e+02
0	2	13	8	-5.1987262e+02
0	2	13	9	-5.0326419e+02
0	2	13	10	-4.9748029e+02
0	2	13	11	-3.1047562e+02
0	2	13	12	-5.4326929e+02
0	2	13	13	-2.8400610e+02
0	2	13	14	-5.1408417e+02
0	2	13	15	-4.6771677e+02
0	2	13	16	-4.8291776e+02
0	2	13	17	-4.2752405e+02
0	2	13	18	-6.1816266e+02
0	2	13	19	-5.1718134e+02
0	2	13	20	-6.3800281e+02
0	2	13	21	-7.4210730e+02
0	2	13	22	-4.9610507e+02
0	2	13	23	-7.1400909e+02
0	2	13	24	-5.7471271e+02
0	2	13	25	-6.6841187e+02
0	2	13	26	-5.7198346e+02
0	2	13	27	-6.9594293e+02
0	2	13	28	-6.4495178e+02
0	2	13	29	-4.4967651e+02
0	2	13	30	-4.6815186e+02
0	2	13	31	-5.0972678e+02
0	2	13	32	-6.2781287e+02
0	2	13	33	-5.7022705e+02
0	2	13	34	1.0226356e+02
0	2	13	35	9.5342728e+01
0	2	13	36	-3.6214161e+01
0	2	13	37	9.3505173e+01
0	2	13	38	2.2537178e+02
0	2	13	39	1.8195259e+02
0	2	13	40	1.0382828e+02
0	2	13	41	1.4570039e+02
0	2	13	42	1.8978033e+02
0	2	13	43	7.8280251e+01
0	2	13	44	1.8290508e+02
0	2	13	45	7.6455132e+01
0	2	13	46	1.2852213e+02
0	2	13	47	1.2346787e+02
0	2	13	48	1.4596478e+02
0	2	13	49	3.4226620e+01
0	2	13	50	2.2016235e+02
0	2	13	51	6.5573126e+02
0	2	13	52	7.2448651e+02
0	2	13	53	3.2618130e+02
0	2	13	54	3.6893661e+02
0	2	13	55	4.7085773e+02
0	2	13	56	3.3287775e+02
0	2	13	57	4.1176535e+02
0	2	13	58	4.6467825e+02
0	2	13	59	5.2939008e+02
0	2	13	60	2.5770706e+02
0	2	13	61	6.9973068e+01
0	2	13	62	3.8793005e+02
0	2	13	63	4.3762946e+02
0	2	14	0	-2.0054042e+02
0	2	14	1	-3.3201477e+02
0	2	14	2	-2.9483850e+02
0	2	14	3	-2.3097638e+02
0	2	14	4	-5.5906104e+02
0	2	14	5	-3.9843176e+02
0	2	14	6	-3.4535391e+02
0	2	14	7	-2.6842841e+02
0	2	14	8	-3.2537045e+02
0	2	14	9	-2.3698126e+02
0	2	14	10	-3.6257413e+02
0	2	14	11	-2.9831863e+02
0	2	14	12	-4.1168069e+02
0	2	14	13	-4.4765015e+02
0	2	14	14	-2.9678232e+02
0	2	14	15	-4.4319049e+02
0	2	14	16	-3.8964041e+02
0	2	14	17	-4.7897543e+02
0	2	14	18	-4.9328387e+02
0	2	14	19	-5.6123767e+02
0	2	14	20	-5.0755252e+02
0	2	14	21	-3.1680444e+02
0	2	14	22	-6.4876135e+02
0	2	14	23	-4.4929248e+02
0	2	14	24	-5.4358319e+02
0	2	14	25	-6.5254669e+02
0	2	14	26	-6.6833887e+02
0	2	14	27	-4.8153220e+02
0	2	14	28	-5.5466479e+02
0	2	14	29	-5.7938263e+02
0	2	14	30	-7.2532556e+02
0	2	14	31	-4.6251123e+02
0	2	14	32	-5.6943494e+02
0	2	14	33	-5.5452887e+02
0	2	14	34	1.6508310e+02
0	2	14	35	2.4838487e+02
0	2	14	36	6.3346687e+01
0	2	14	37	2.4224010e+02
0	2	14	38	1.3654842e+02
0	2	14	39	3.5114032e+02
0	2	14	40	2.1160039e+02
0	2	14	41	2.2234755e+02
0	2	14	42	2.1493524e+02
0	2	14	43	1.3840919e+02
0	2	14	44	5.0588223e+02
0	2	14	45	2.2054597e+02
0	2	14	46	3.6607083e+02
0	2	14	47	3.2227817e+02
0	2	14	48	5.2957800e+02
0	2	14	49	1.8199335e+02
0	2	14	50	2.5496167e+02
0	2	14	51	7.9300458e+02
0	2	14	52	1.0014277e+03
0	2	14	53	5.5777466e+02
0	2	14	54	6.6100671e+02
0	2	14	55	6.8606384e+02
0	2	14	56	8.1307727e+02
0	2	14	57	7.0331366e+02
0	2	14	58	5.2110095e+02
0	2	14	59	5.3755164e+02
0	2	14	60	5.5770001e+02
0	2	14	61	5.6888031e+02
0	2	14	62	5.8123853e+02
0	2	14	63	6.4132141e+02
0	2	15	0	-5.7491234e+01
0	2	15	1	-1.4345201e+02
0	2	15	2	-1.6171288e+02
0	2	15	3	-1.8021614e+02
0	2	15	4	-3.3032944e+02
0	2	15	5	-2.0810466e+02
0	2	15	6	-1.2781202e+02
0	2	15	7	-4.2382263e+01
0	2	15	8	-1.1754061e+02
0	2	15	9	-2.2478598e+02
0	2	15	10	-8.1121582e+01
0	2	15	11	-2.6442682e+02
0	2	15	12	-2.9689594e+02
0	2	15	13	-1.1066787e+02
0	2	15	14	-4.0782388e+02
0	2	15	15	-3.2900815e+02
0	2	15	16	-1.0136293e+02
0	2	15	17	-3.4032318e+02
0	2	15	18	-2.6491547e+02
0	2	15	19	-3.5813651e+02
0	2	15	20	-2.9079736e+02
0	2	15	21	-2.8519522e+02
0	2	15	22	-2.8869196e+02
0	2	15	23	-3.2047293e+02
0	2	15	24	-3.4093665e+02
0	2	15	25	-4.4219489e+02
0	2	15	26	-3.3463440e+02
0	2	15	27	-4.7847675e+02
0	2	15	28	-4.3205026e+02
0	2	15	29	-5.1749445e+02
0	2	15	30	-4.0194489e+02
0	2	15	31	-5.7238953e+02
0	2	15	32	-6.6902728e+02
0	2	15	33	-4.0654794e+02
0	2	15	34	1.7784660e+02
0	2	15	35	3.2669196e+00
0	2	15	36	3.1751086e+02
0	2	15	37	3.3843600e+02
0	2	15	38	2.8451282e+02
0	2	15	39	3.1244131e+02
0	2	15	40	2.8273102e+02
0	2	15	41	1.4439883e+02
0	2	15	42	3.1730444e+02
0	2	15	43	1.4819766e+02
0	2	15	44	4.2469794e+02
0	2	15	45	2.6478583e+02
0	2	15	46	2.6933664e+02
0	2	15	47	-2.4561398e+01
0	2	15	48	4.6861166e+02
0	2	15	49	4.8517422e+02
0	2	15	50	3.2442383e+02
0	2	15	51	9.0824329e+02
0	2	15	52	8.5722992e+02
0	2	15	53	4.6408902e+02
0	2	15	54	4.8516098e+02
0	2	15	55	6.8986298e+02
0	2	15	56	8.4888989e+02
0	2	15	57	7.3321832e+02
0	2	15	58	5.6224164e+02
0	2	15	59	4.1633789e+02
0	2	15	60	6.3351971e+02
0	2	15	61	4.0776913e+02
0	2	15	62	4.7358102e+02
0	2	15	63	3.1402222e+02
1	0	0	0	-2.7306210e+02
1	0	0	1	-1.8071436e+02
1	0	0	2	-1.7020023e+02
1	0	0	3	-3.1943134e+02
1	0	0	4	-2.1474744e+02
1	0	0	5	-3.5197482e+02
1	0	0	6	-3.0166525e+02
1	0	0	7	-9.9965164e+01
1	0	0	8	-2.3549438e+02
1	0	0	9	-1.1062114e+02
1	0	0	10	-2.4288091e+02
1	0	0	11	-2.7569983e+02
1	0	0	12	-4.9374368e+02
1	0	0	13	-2.4606573e+02
1	0	0	14	-2.2505234e+02
1	0	0	15	-2.7038199e+02
1	0	0	16	-4.9847144e+02
1	0	0	17	-4.0774915e+02
1	0	0	18	-2.8083905e+02
1	0	0	19	-4.3510678e+02
1	0	0	20	-3.0138953e+02
1	0	0	21	-3.5896671e+02
1	0	0	22	-4.8256915e+02
1	0	0	23	-5.3444507e+02
1	0	0	24	-4.2267932e+02
1	0	0	25	-5.3719501e+02
1	0	0	26	-3.2685696e+02
1	0	0	27	-4.9480606e+02
1	0	0	28	-3.0737704e+02
1	0	0	29	-4.2430237e+02
1	0	0	30	-4.2459811e+02
1	0	0	31	-4.4320392e+02
1	0	0	32	-3.9633426e+02
1	0	0	33	-5.6305328e+02
1	0	0	34	1.2740567e+02
1	0	0	35	1.3838484e+02
1	0	0	36	2.5612140e+02
1	0	0	37	2.5493585e+02
1	0	0	38	3.0972244e+02
1	0	0	39	1.6568056e+02
1	0	0	40	1.9383282e+02
1	0	0	41	2.9209744e+02
1	0	0	42	4.2125220e+02
1	0	0	43	2.7241479e+02
1	0	0	44	2.5106938e+02
1	0	0	45	9.2387466e+01
1	0	0	46	3.2952832e+02
1	0	0	47	2.6166479e+02
1	0	0	48	3.4870868e+02
1	0	0	49	2.6883493e+02
1	0	0	50	3.8121005e+02
1	0	0	51	8.8167169e+02
1	0	0	52	9.9501257e+02
1	0	0	53	7.2584265e+02
1	0	0	54	4.9063980e+02
1	0	0	55	6.0063452e+02
1	0	0	56	7.7897540e+02
1	0	0	57	7.5738507e+02
1	0	0	58	4.9442395e+02
1	0	0	59	5.3287531e+02
1	0	0	60	5.7413098e+02
1	0	0	61	4.6824622e+02
1	0	0	62	5.2786133e+02
1	0	0	63	5.3768146e+02
1	0	1	0	4.3124989e+01
1	0	1	1	2.0521829e+02
1	0	1	2	-4.1283642e+01
1	0	1	3	3.2643546e+02
1	0	1	4	8.0379440e+01
1	0	1	5	2.6414877e+02
1	0	1	6	1.6560179e+02
1	0	1	7	7.2701118e+01
1	0	1	8	1.6291893e+02
1	0	1	9	1.8195886e+02
1	0	1	10	-8.4174637e+01
1	0	1	11	1.2367520e+02
1	0	1	12	1.4207582e+02
1	0	1	13	4.2067142e+01
1	0	1	14	-1.2266797e+02
1	0	1	15	2.1220485e+02
1	0	1	16	-1.6558435e+02
1	0	1	17	1.1796497e+02
1	0	1	18	1.6591107e+02
1	0	1	19	1.0984179e+02
1	0	1	20	1.0934760e+02
1	0	1	21	2.1958752e+02
1	0	1	22	-4.2258991e+01
1	0	1	23	2.3303575e+02
1	0	1	24	7.6012527e+01
1	0	1	25	1.9296591e+02
1	0	1	26	2.4120303e+02
1	0	1	27	-1.1344494e+02
1	0	1	28	1.6457846e+02
1	0	1	29	3.5377151e+01
1	0	1	30	2.5291349e+01
1	0	1	31	-7.1444962e+01
1	0	1	32	1.8415285e+02
1	0	1	33	1.2966960e+02
1	0	1	34	8.1414801e+02
1	0	1	35	7.8279858e+02
1	0	1	36	6.5528198e+02
1	0	1	37	7.9797430e+02
1	0	1	38	7.7088776e+02
1	0	1	39	7.9274579e+02
1	0	1	40	9.3404401e+02
1	0	1	41	8.1243665e+02
1	0	1	42	8.7980737e+02
1	0	1	43	7.1352820e+02
1	0	1	44	8.1213770e+02
1	0	1	45	7.6571313e+02
1	0	1	46	7.8476654e+02
1	0	1	47	8.5049573e+02
1	0	1	48	5.3720453e+02
1	0	1	49	7.9394348e+02
1	0	1	50	8.3505157e+02
1	0	1	51	1.3822168e+03
1	0	1	52	1.5128076e+03
1	0	1	53	1.0902567e+03
1	0	1	54	1.1656564e+03
1	0	1	55	1.0790219e+03
1	0	1	56	1.2306012e+03
1	0	1	57	9.1292358e+02
1	0	1	58	1.1176621e+03
1	0	1	59	1.0839436e+03
1	0	1	60	1.1281914e+03
1	0	1	61	1.0312650e+03
1	0	1	62	1.0556699e+03
1	0	1	63	1.2634370e+03
1	0	2	0	-1.8604849e+02
1	0	2	1	-1.5760709e+02
1	0	2	2	-1.6490407e+02
1	0	2	3	-1.3928244e+02
1	0	2	4	-1.1761664e+02
1	0	2	5	-1.7489532e+02
1	0	2	6	-1.2321526e+02
1	0	2	7	-1.5066875e+02
1	0	2	8	-2.1184761e+02
1	0	2	9	-1.4397008e+02
1	0	2	10	-2.8538208e+02
1	0	2	11	-2.5523767e+02
1	0	2	12	-2.1661922e+02
1	0	2	13	-1.6945273e+02
1	0	2	14	-2.4570088e+02
1	0	2	15	-3.3817493e+02
1	0	2	16	-3.1427078e+02
1	0	2	17	-3.4285538e+02
1	0	2	18	-2.5394775e+02
1	0	2	19	-4.1387033e+02
1	0	2	20	-3.6970419e+02
1	0	2	21	-3.1959720e+02
1	0	2	22	-3.4675058e+02
1	0	2	23	-4.1911435e+02
1	0	2	24	-3.7216257e+02
1	0	2	25	-2.8167529e+02
1	0	2	26	-4.6363181e+02
1	0	2	27	-2.9000043e+02
1	0	2	28	-3.9357565e+02
1	0	2	29	-2.8211548e+02
1	0	2	30	-4.0860648e+02
1	0	2	31	-3.7555435e+02
1	0	2	32	-2.9061282e+02
1	0	2	33	-2.9252945e+02
1	0	2	34	1.5387358e+02
1	0	2	35	3.4876025e+02
1	0	2	36	4.2494135e+02
1	0	2	37	4.7519977e+02
1	0	2	38	3.6883517e+02
1	0	2	39	3.1962875e+02
1	0	2	40	3.4226544e+02
1	0	2	41	1.4662152e+02
1	0	2	42	5.4045392e+02
1	0	2	43	2.9281369e+02
1	0	2	44	4.0758780e+02
1	0	2	45	3.8478598e+02
1	0	2	46	3.7942072e+02
1	0	2	47	2.9174887e+02
1	0	2	48	5.0905383e+02
1	0	2	49	2.2396095e+02
1	0	2	50	5.0155511e+02
1	0	2	51	1.0590707e+03
1	0	2	52	1.0611094e+03
1	0	2	53	6.4524097e+02
1	0	2	54	6.1712793e+02
1	0	2	55	6.0717188e+02
1	0	2	56	8.4551251e+02
1	0	2	57	8.1958008e+02
1	0	2	58	7.1986060e+02
1	0	2	59	8.4031891e+02
1	0	2	60	7.0945239e+02
1	0	2	61	6.3029163e+02
1	0	2	62	6.7916321e+02
1	0	2	63	7.1331134e+02
1	0	3	0	7.9838402e+01
1	0	3	1	1.1971463e+02
1	0	3	2	-1.8725656e+02
1	0	3	3	-8.4859650e+01
1	0	3	4	-6.3106960e+01
1	0	3	5	-2.2131712e+01
1	0	3	6	5.0707237e+01
1	0	3	7	-1.6294061e+02
1	0	3	8	-1.9770414e+01
1	0	3	9	2.1012453e+01
1	0	3	10	-4.8215919e+00
1	0	3	11	-1.0445858e+02
1	0	3	12	-8.5072006e+01
1	0	3	13	-1.3894974e+02
1	0	3	14	-1.6248933e+02
1	0	3	15	-1.8741241e+02
1	0	3	16	-2.3768585e+02
1	0	3	17	-3.1681889e+01
1	0	3	18	-1.6280486e+02
1	0	3	19	-6.3814476e+01
1	0	3	20	-2.1516635e+02
1	0	3	21	-8.1019188e+01
1	0	3	22	-3.0396451e+02
1	0	3	23	-6.2260151e+01
1	0	3	24	-1.7164105e+02
1	0	3	25	-1.5227487e+02
1	0	3	26	-2.5594450e+02
1	0	3	27	-2.3271181e+02
1	0	3	28	-1.0908085e+02
1	0	3	29	-7.7144859e+01
1	0	3	30	-4.0209723e+02
1	0	3	31	-3.0903577e+02
1	0	3	32	-2.8445148e+02
1	0	3	33	-4.3809558e+02
1	0	3	34	4.1195572e+02
1	0	3	35	2.1116757e+02
1	0	3	36	4.4777786e+02
1	0	3	37	3.7717780e+02
1	0	3	38	5.0695392e+02
1	0	3	39	5.1957318e+02
1	0	3	40	4.7949643e+02
1	0	3	41	6.1397131e+02
1	0	3	42	4.8935007e+02
1	0	3	43	4.2916806e+02
1	0	3	44	5.1009683e+02
1	0	3	45	3.2446713e+02
1	0	3	46	3.5911835e+02
1	0	3	47	4.1617981e+02
1	0	3	48	4.5078400e+02
1	0	3	49	2.5589990e+02
1	0	3	50	5.6769641e+02
1	0	3	51	1.0521127e+03
1	0	3	52	9.9739844e+02
1	0	3	53	4.8067847e+02
1	0	3	54	5.7659442e+02
1	0	3	55	7.6835431e+02
1	0	3	56	8.1260803e+02
1	0	3	57	8.2358954e+02
1	0	3	58	7.5335620e+02
1	0	3	59	6.2957379e+02
1	0	3	60	5.8015613e+02
1	0	3	61	5.4124823e+02
1	0	3	62	6.8964752e+02
1	0	3	63	7.1224390e+02
1	0	4	0	9.1931477e+00
1	0	4	1	-3.3847736e+02
1	0	4	2	-6.3390816e+01
1	0	4	3	-3.3102531e+01
1	0	4	4	-2.1240932e+02
1	0	4	5	-4.9362591e+01
1	0	4	6	-4.0482647e+01
1	0	4	7	-1.4088272e+02
1	0	4	8	-8.9581284e+01
1	0	4	9	-9.6091103e+01
1	0	4	10	-2.8621054e+02
1	0	4	11	-2.3997777e+02
1	0	4	12	-2.3145711e+02
1	0	4	13	-1.6973140e+02
1	0	4	14	4.5246517e+01
1	0	4	15	-8.3442665e+01
1	0	4	16	-2.4790701e+02
1	0	4	17	-2.6166077e+02
1	0	4	18	-3.6801028e+02
1	0	4	19	-1.4753142e+02
1	0	4	20	-2.8598941e+02
1	0	4	21	-1.6716029e+02
1	0	4	22	-1.7098369e+02
1	0	4	23	-2.9422943e+02
1	0	4	24	-2.7743680e+02
1	0	4	25	-2.4294696e+02
1	0	4	26	-3.5671567e+02
1	0	4	27	-3.8844870e+02
1	0	4	28	-4.2345297e+02
1	0	4	29	-2.7982672e+02
1	0	4	30	-2.3593808e+02
1	0	4	31	-2.7130658e+02
1	0	4	32	-3.4763129e+02
1	0	4	33	-3.5295975e+02
1	0	4	34	3.6230750e+02
1	0	4	35	3.9690036e+02
1	0	4	36	3.9612277e+02
1	0	4	37	3.4951520e+02
1	0	4	38	4.0931662e+02
1	0	4	39	4.2376630e+02
1	0	4	40	3.2322757e+02
1	0	4	41	3.4886319e+02
1	0	4	42	4.3266110e+02
1	0	4	43	5.1982043e+02
1	0	4	44	5.5058539e+02
1	0	4	45	1.0954151e+02
1	0	4	46	4.2238635e+02
1	0	4	47	3.0654651e+02
1	0	4	48	3.5613489e+02
1	0	4	49	1.9484698e+02
1	0	4	50	3.0160855e+02
1	0	4	51	9.6922986e+02
1	0	4	52	1.1046228e+03
1	0	4	53	7.3604877e+02
1	0	4	54	4.1847186e+02
1	0	4	55	8.2585742e+02
1	0	4	56	9.1502136e+02
1	0	4	57	1.0231722e+03
1	0	4	58	8.0988605e+02
1	0	4	59	5.7085040e+02
1	0	4	60	6.6880670e+02
1	0	4	61	7.8049927e+02
1	0	4	62	5.8126062e+02
1	0	4	63	5.2139832e+02
1	0	5	0	-1.1428931e+02
1	0	5	1	-1.4983675e+02
1	0	5	2	-1.9928822e+02
1	0	5	3	-1.7592584e+02
1	0	5	4	-3.2606699e+02
1	0	5	5	-1.0409169e+02
1	0	5	6	-1.7259482e+02
1	0	5	7	-1.7072310e+02
1	0	5	8	-8.0786682e+01
1	0	5	9	-1.7235127e+02
1	0	5	10	-1.7771501e+02
1	0	5	11	-1.7867815e+02
1	0	5	12	-4.7551602e+02
1	0	5	13	-2.0072002e+02
1	0	5	14	-5.1283411e+02
1	0	5	15	-1.2535440e+02
1	0	5	16	-3.0157501e+02
1	0	5	17	-3.9297321e+02
1	0	5	18	-3.8297104e+02
1	0	5	19	-3.1934451e+02
1	0	5	20	-4.2142227e+02
1	0	5	21	-2.9872845e+02
1	0	5	22	-5.0842230e+02
1	0	5	23	-3.6020990e+02
1	0	5	24	-2.0899411e+02
1	0	5	25	-3.2390524e+02
1	0	5	26	-4.7839713e+02
1	0	5	27	-3.1344995e+02
1	0	5	28	-2.8425125e+02
1	0	5	29	-3.5353903e+02
1	0	5	30	-3.8276865e+02
1	0	5	31	-4.0449454e+02
1	0	5	32	-3.3667343e+02
1	0	5	33	-4.3611801e+02
1	0	5	34	2.8699969e+02
1	0	5	35	3.6785269e+02
1	0	5	36	2.5564322e+02
1	0	5	37	3.4685455e+02
1	0	5	38	3.7576617e+02
1	0	5	39	4.1469803e+02
1	0	5	40	2.7208521e+02
1	0	5	41	2.8331488e+02
1	0	5	42	4.3540921e+02
1	0	5	43	2.6910416e+02
1	0	5	44	4.6702625e+02
1	0	5	45	1.6932648e+02
1	0	5	46	2.9370465e+02
1	0	5	47	4.5233273e+02
1	0	5	48	2.1943381e+02
1	0	5	49	3.9837927e+02
1	0	5	50	4.9970667e+02
1	0	5	51	9.3086292e+02
1	0	5	52	1.0291785e+03
1	0	5	53	8.0053607e+02
1	0	5	54	6.8653467e+02
1	0	5	55	5.8799384e+02
1	0	5	56	7.6990863e+02
1	0	5	57	7.9377283e+02
1	0	5	58	6.3671289e+02
1	0	5	59	6.6805396e+02
1	0	5	60	7.2556683e+02
1	0	5	61	4.4662836e+02
1	0	5	62	6.0484442e+02
1	0	5	63	7.5330511e+02
1	0	6	0	-1.7280978e+02
1	0	6	1	-2.1702702e+02
1	0	6	2	-3.4415070e+01
1	0	6	3	-2.3989053e+02
1	0	6	4	-1.8100450e+02
1	0	6	5	-2.2738658e+02
1	0	6	6	-2.3872989e+02
1	0	6	7	-2.0012857e+02
1	0	6	8	-2.7149503e+02
1	0	6	9	-7.9746941e+01
1	0	6	10	-2.4531766e+02
1	0	6	11	-8.0420891e+01
1	0	6	12	-3.4760764e+02
1	0	6	13	-2.5031114e+02
1	0	6	14	-2.2223622e+02
1	0	6	15	-1.6536613e+02
1	0	6	16	-3.4152618e+02
1	0	6	17	-3.6383643e+02
1	0	6	18	-2.8423541e+02
1	0	6	19	-4.0525009e+02
1	0	6	20	-2.0917302e+02
1	0	6	21	-3.3030731e+02
1	0	6	22	-3.5243448e+02
1	0	6	23	-3.1928305e+02
1	0	6	24	-3.0321179e+02
1	0	6	25	-2.7218140e+02
1	0	6	26	-3.1503046e+02
1	0	6	27	-3.0562674e+02
1	0	6	28	-3.6879456e+02
1	0	6	29	-2.8847922e+02
1	0	6	30	-3.7254407e+02
1	0	6	31	-3.7117722e+02
1	0	6	32	-3.9916779e+02
1	0	6	33	-3.2671439e+02
1	0	6	34	4.0391608e+02
1	0	6	35	4.6834756e+02
1	0	6	36	4.7081049e+02
1	0	6	37	4.0094397e+02
1	0	6	38	4.8611267e+02
1	0	6	39	4.7320621e+02
1	0	6	40	3.5513626e+02
1	0	6	41	3.6646826e+02
1	0	6	42	4.5576346e+02
1	0	6	43	5.2029968e+02
1	0	6	44	5.8489471e+02
1	0	6	45	4.1525885e+02
1	0	6	46	5.3780524e+02
1	0	6	47	4.1760239e+02
1	0	6	48	5.1295294e+02
1	0	6	49	4.8156589e+02
1	0	6	50	5.5946826e+02
1	0	6	51	1.0420719e+03
1	0	6	52	1.0702700e+03
1	0	6	53	6.8668140e+02
1	0	6	54	6.9484668e+02
1	0	6	55	8.1715839e+02
1	0	6	56	9.2785638e+02
1	0	6	57	9.3696307e+02
1	0	6	58	8.1463263e+02
1	0	6	59	7.3816571e+02
1	0	6	60	6.8771643e+02
1	0	6	61	5.6705176e+02
1	0	6	62	6.3083917e+02
1	0	6	63	7.1401941e+02
1	0	7	0	2.5946453e+01
1	0	7	1	-3.1075527e+01
1	0	7	2	-1.0810880e+02
1	0	7	3	-4.3005054e+01
1	0	7	4	-9.5068459e+01
1	0	7	5	4.1470976e+00
1	0	7	6	-2.7001970e+01
1	0	7	7	5.2758621e+01
1	0	7	8	-6.4497253e+01
1	0	7	9	-1.2711605e+02
1	0	7	10	-1.4234761e+02
1	0	7	11	-8.9555420e+01
1	0	7	12	-1.6814140e+02
1	0	7	13	-2.8774197e+01
1	0	7	14	-1.9535905e+02
1	0	7	15	-1.2178658e+02
1	0	7	16	-1.6643866e+02
1	0	7	17	-2.0126096e+02
1	0	7	18	-1.8283543e+02
1	0	7	19	-1.6344601e+02
1	0	7	20	-1.9427412e+02
1	0	7	21	-1.8604463e+02
1	0	7	22	-1.4034273e+02
1	0	7	23	-1.6672543e+02
1	0	7	24	-1.6370561e+02
1	0	7	25	-2.6997672e+02
1	0	7	26	-2.5119946e+02
1	0	7	27	-2.2819518e+02
1	0	7	28	-1.8133839e+02
1	0	7	29	-3.0079016e+02
1	0	7	30	-2.4408807e+02
1	0	7	31	-2.5560374e+02
1	0	7	32	-2.9865921e+02
1	0	7	33	-2.7153308e+02
1	0	7	34	3.9217245e+02
1	0	7	35	3.6203937e+02
1	0	7	36	4.4966577e+02
1	0	7	37	-1.2437187e+04
1	0	7	38	5.2165027e+02
1	0	7	39	3.8992575e+02
1	0	7	40	3.4968478e+02
1	0	7	41	3.2875070e+02
1	0	7	42	4.3463467e+02
1	0	7	43	3.3869742e+02
1	0	7	44	4.3633374e+02
1	0	7	45	3.3896750e+02
1	0	7	46	2.7121777e+02
1	0	7	47	3.5028693e+02
1	0	7	48	3.4045175e+02
1	0	7	49	3.0951654e+02
1	0	7	50	3.0106479e+02
1	0	7	51	9.5196649e+02
1	0	7	52	8.8832050e+02
1	0	7	53	5.7493958e+02
1	0	7	54	6.4696381e+02
1	0	7	55	8.6602539e+02
1	0	7	56	7.5101825e+02
1	0	7	57	8.1100146e+02
1	0	7	58	7.8550037e+02
1	0	7	59	6.5794366e+02
1	0	7	60	8.3359705e+02
1	0	7	61	7.2071649e+02
1	0	7	62	6.7391467e+02
1	0	7	63	6.6342743e+02
1	0	8	0	-2.0328794e+01
1	0	8	1	-2.0485396e+02
1	0	8	2	-1.4874608e+02
1	0	8	3	-2.8718799e+02
1	0	8	4	-1.5430736e+02
1	0	8	5	-1.8143910e+02
1	0	8	6	-2.2408224e+02
1	0	8	7	-2.5955957e+02
1	0	8	8	-2.6211847e+02
1	0	8	9	-5.4637798e+01
1	0	8	10	-3.6091107e+02
1	0	8	11	9.8739891e+01
1	0	8	12	-1.2176965e+02
1	0	8	13	-3.3376764e+02
1	0	8	14	-2.4236897e+02
1	0	8	15	-3.3543686e+02
1	0	8	16	-3.6879773e+02
1	0	8	17	-3.3225909e+02
1	0	8	18	-5.5068817e+02
1	0	8	19	-3.6103571e+02
1	0	8	20	-2.8173874e+02
1	0	8	21	-4.2015152e+02
1	0	8	22	-2.7980862e+02
1	0	8	23	-1.4737540e+02
1	0	8	24	-4.1836807e+02
1	0	8	25	-3.7580255e+02
1	0	8	26	-3.7264481e+02
1	0	8	27	-2.9988025e+02
1	0	8	28	-4.0201358e+02
1	0	8	29	-4.0844876e+02
1	0	8	30	-3.2422131e+02
1	0	8	31	-3.3375369e+02
1	0	8	32	-3.6733017e+02
1	0	8	33	-5.1649268e+02
1	0	8	34	1.4624532e+02
1	0	8	35	3.0532538e+02
1	0	8	36	2.6380267e+02
1	0	8	37	6.2826868e+02
1	0	8	38	5.0990936e+02
1	0	8	39	4.7119995e+02
1	0	8	40	3.9214111e+02
1	0	8	41	3.8434000e+02
1	0	8	42	4.5231570e+02
1	0	8	43	2.4514221e+02
1	0	8	44	4.9178848e+02
1	0	8	45	4.7694516e+02
1	0	8	46	3.8643091e+02
1	0	8	47	4.1952481e+02
1	0	8	48	4.5116391e+02
1	0	8	49	4.5332062e+02
1	0	8	50	5.6169354e+02
1	0	8	51	1.2162518e+03
1	0	8	52	1.0675103e+03
1	0	8	53	6.4460120e+02
1	0	8	54	5.5155896e+02
1	0	8	55	8.0432825e+02
1	0	8	56	7.8645056e+02
1	0	8	57	9.6701050e+02
1	0	8	58	6.2898120e+02
1	0	8	59	7.2973901e+02
1	0	8	60	8.0560449e+02
1	0	8	61	8.5932233e+02
1	0	8	62	8.5329370e+02
1	0	8	63	7.2910242e+02
1	0	9	0	1.5266591e+02
1	0	9	1	-2.3554459e+02
1	0	9	2	3.7002945e+01
1	0	9	3	4.4702446e+01
1	0	9	4	-1.9516315e+02
1	0	9	5	2.4973984e+02
1	0	9	6	-5.8599251e+01
1	0	9	7	-4.1496788e+01
1	0	9	8	1.4546375e+02
1	0	9	9	-7.2994682e+01
1	0	9	10	-8.7943985e+01
1	0	9	11	-7.9096947e+01
1	0	9	12	-9.4972740e+01
1	0	9	13	-1.2514641e+01
1	0	9	14	-1.3962344e+02
1	0	9	15	-1.1508819e+02
1	0	9	16	-2.9140274e+02
1	0	9	17	-1.8109267e+02
1	0	9	18	-1.4564648e+02
1	0	9	19	-3.4744266e+02
1	0	9	20	-3.4224731e+02
1	0	9	21	-2.0290144e+02
1	0	9	22	-1.4136256e+02
1	0	9	23	-5.5203632e+01
1	0	9	24	-2.6235086e+02
1	0	9	25	-3.0757751e+00
1	0	9	26	-4.1158780e+02
1	0	9	27	-1.3297444e+02
1	0	9	28	-2.3675630e+02
1	0	9	29	-2.0316524e+02
1	0	9	30	-1.7306938e+02
1	0	9	31	-2.7908685e+02
1	0	9	32	-2.2240057e+02
1	0	9	33	-2.3419099e+02
1	0	9	34	5.6026855e+02
1	0	9	35	4.0368448e+02
1	0	9	36	5.8073260e+02
1	0	9	37	4.4938040e+02
1	0	9	38	5.1342328e+02
1	0	9	39	2.3976535e+02
1	0	9	40	6.6048718e+02
1	0	9	41	3.8879742e+02
1	0	9	42	4.9657852e+02
1	0	9	43	5.8177765e+02
1	0	9	44	3.5692145e+02
1	0	9	45	2.3169096e+02
1	0	9	46	4.0753162e+02
1	0	9	47	4.4248483e+02
1	0	9	48	4.4563773e+02
1	0	9	49	3.6347531e+02
1	0	9	50	5.4168555e+02
1	0	9	51	7.1744122e+02
1	0	9	52	1.1006230e+03
1	0	9	53	6.8601276e+02
1	0	9	54	6.9951752e+02
1	0	9	55	6.5228394e+02
1	0	9	56	8.3271167e+02
1	0	9	57	8.6059125e+02
1	0	9	58	8.1731726e+02
1	0	9	59	6.2615009e+02
1	0	9	60	6.8070837e+02
1	0	9	61	6.2072534e+02
1	0	9	62	7.3283905e+02
1	0	9	63	9.0116150e+02
1	0	10	0	5.8035679e+00
1	0	10	1	-1.6538188e+02
1	0	10	2	6.0963543e+01
1	0	10	3	3.8495647e+01
1	0	10	4	-1.2774812e+02
1	0	10	5	-1.2083002e+02
1	0	10	6	-1.3963582e+02
1	0	10	7	-1.3160262e+01
1	0	10	8	-1.8122565e+02
1	0	10	9	-5.5086781e+01
1	0	10	10	-2.1527983e+02
1	0	10	11	-2.6007382e+02
1	0	10	12	-6.4416405e+01
1	0	10	13	-6.9091721e+01
1	0	10	14	-1.0897530e+02
1	0	10	15	-1.0397183e+02
1	0	10	16	-2.0377701e+02
1	0	10	17	-3.0805493e+02
1	0	10	18	-1.4925142e+02
1	0	10	19	-2.3073355e+02
1	0	10	20	-1.2002290e+02
1	0	10	21	-1.0109765e+02
1	0	10	22	-2.1511432e+02
1	0	10	23	-2.7238049e+02
1	0	10	24	-2.3175537e+02
1	0	10	25	-2.0764064e+02
1	0	10	26	-2.5475531e+02
1	0	10	27	-2.6166434e+02
1	0	10	28	-1.1617503e+02
1	0	10	29	-2.1649829e+02
1	0	10	30	-3.1530930e+02
1	0	10	31	-2.3998199e+02
1	0	10	32	-2.8896097e+02
1	0	10	33	-4.0443610e+02
1	0	10	34	4.0133304e+02
1	0	10	35	5.3353192e+02
1	0	10	36	4.7818344e+02
1	0	10	37	4.4698770e+02
1	0	10	38	4.1411169e+02
1	0	10	39	4.6901709e+02
1	0	10	40	4.4026285e+02
1	0	10	41	3.6778018e+02
1	0	10	42	5.9234460e+02
1	0	10	43	5.5287006e+02
1	0	10	44	3.7263025e+02
1	0	10	45	3.2207922e+02
1	0	10	46	4.4224713e+02
1	0	10	47	4.0212473e+02
1	0	10	48	3.8511029e+02
1	0	10	49	5.1230493e+02
1	0	10	50	4.3933493e+02
1	0	10	51	1.0765687e+03
1	0	10	52	1.2021343e+03
1	0	10	53	7.5167236e+02
1	0	10	54	8.9891895e+02
1	0	10	55	7.7810803e+02
1	0	10	56	9.7205524e+02
1	0	10	57	8.9388098e+02
1	0	10	58	8.5962134e+02
1	0	10	59	7.0584436e+02
1	0	10	60	7.7498676e+02
1	0	10	61	6.7684979e+02
1	0	10	62	6.2618616e+02
1	0	10	63	7.8690558e+02
1	0	11	0	-2.6100369e+02
1	0	11	1	-3.3215332e+01
1	0	11	2	-3.4716528e+02
1	0	11	3	-2.9266028e+02
1	0	11	4	-1.6097180e+02
1	0	11	5	-1.5098982e+02
1	0	11	6	-1.6761320e+02
1	0	11	7	-2.4865129e+01
1	0	11	8	-2.1148973e+02
1	0	11	9	-1.2998369e+00
1	0	11	10	-1.0485297e+02
1	0	11	11	-3.0634369e+02
1	0	11	12	-1.8408333e+02
1	0	11	13	-5.7322140e+00
1	0	11	14	-1.5856076e+02
1	0	11	15	-4.5346985e+01
1	0	11	16	-2.5348924e+02
1	0	11	17	-1.7360843e+02
1	0	11	18	-3.3197388e+02
1	0	11	19	-1.5761305e+02
1	0	11	20	-2.1770488e+02
1	0	11	21	-2.4705104e+02
1	0	11	22	-1.9090025e+02
1	0	11	23	-1.9904944e+02
1	0	11	24	-3.1143137e+02
1	0	11	25	-1.4578442e+02
1	0	11	26	-2.1829921e+02
1	0	11	27	-1.9368564e+02
1	0	11	28	-4.3773312e+01
1	0	11	29	-2.0189624e+02
1	0	11	30	-2.4229706e+02
1	0	11	31	-4.5847598e+02
1	0	11	32	-2.0209773e+02
1	0	11	33	-2.4649004e+02
1	0	11	34	4.7092603e+02
1	0	11	35	2.7203998e+02
1	0	11	36	5.6497449e+02
1	0	11	37	6.1496368e+02
1	0	11	38	5.5260852e+02
1	0	11	39	4.7929028e+02
1	0	11	40	6.9084149e+02
1	0	11	41	4.6102881e+02
1	0	11	42	6.0865558e+02
1	0	11	43	5.8091217e+02
1	0	11	44	6.1573773e+02
1	0	11	45	6.0548828e+02
1	0	11	46	7.0262030e+02
1	0	11	47	5.1852142e+02
1	0	11	48	5.9846875e+02
1	0	11	49	5.7753668e+02
1	0	11	50	4.5419595e+02
1	0	11	51	8.8101862e+02
1	0	11	52	1.1358782e+03
1	0	11	53	7.6584839e+02
1	0	11	54	7.7430078e+02
1	0	11	55	8.6573999e+02
1	0	11	56	9.6202148e+02
1	0	11	57	9.5010089e+02
1	0	11	58	6.9963531e+02
1	0	11	59	8.0269086e+02
1	0	11	60	7.5606067e+02
1	0	11	61	5.1622357e+02
1	0	11	62	7.2669165e+02
1	0	11	63	6.0324652e+02
1	0	12	0	1.4431946e-01
1	0	12	1	-7.4180504e+01
1	0	12	2	-1.3201730e+02
1	0	12	3	-1.9703334e+02
1	0	12	4	-1.2437187e+04
1	0	12	5	-3.6566846e+02
1	0	12	6	-1.2437187e+04
1	0	12	7	-6.0496254e+01
1	0	12	8	-4.0814154e+02
1	0	12	9	-5.4881367e+01
1	0	12	10	-3.2155835e+02
1	0	12	11	-3.5236243e+02
1	0	12	12	-2.6336316e+02
1	0	12	13	-1.8715202e+02
1	0	12	14	-3.1666235e+02
1	0	12	15	-3.1095908e+02
1	0	12	16	-3.1134811e+02
1	0	12	17	-3.2629907e+02
1	0	12	18	-3.2338843e+02
1	0	12	19	-3.6310703e+02
1	0	12	20	-2.6620529e+02
1	0	12	21	-2.5599075e+02
1	0	12	22	-4.3373294e+02
1	0	12	23	-4.6944061e+02
1	0	12	24	-2.2168190e+02
1	0	12	25	-2.4821651e+02
1	0	12	26	-3.2549271e+02
1	0	12	27	-1.2437187e+04
1	0	12	28	-2.3988560e+02
1	0	12	29	-2.9711746e+02
1	0	12	30	-2.1048225e+02
1	0	12	31	-2.3102251e+02
1	0	12	32	-3.7590961e+02
1	0	12	33	-1.3884418e+02
1	0	12	34	3.3218362e+02
1	0	12	35	3.8871500e+02
1	0	12	36	4.1215164e+02
1	0	12	37	4.4031805e+02
1	0	12	38	4.6795334e+02
1	0	12	39	5.4183704e+02
1	0	12	40	4.4549796e+02
1	0	12	41	4.4393781e+02
1	0	12	42	3.9936737e+02
1	0	12	43	5.8609302e+02
1	0	12	44	5.7680255e+02
1	0	12	45	4.0208484e+02
1	0	12	46	3.3367319e+02
1	0	12	47	4.8685721e+02
1	0	12	48	4.8315939e+02
1	0	12	49	3.4074884e+02
1	0	12	50	4.1525293e+02
1	0	12	51	1.1022106e+03
1	0	12	52	9.9918811e+02
1	0	12	53	6.9387598e+02
1	0	12	54	8.0389880e+02
1	0	12	55	5.9401495e+02
1	0	12	56	8.0836499e+02
1	0	12	57	8.3732178e+02
1	0	12	58	7.0771136e+02
1	0	12	59	7.7082983e+02
1	0	12	60	7.0515857e+02
1	0	12	61	8.3577930e+02
1	0	12	62	6.9397314e+02
1	0	12	63	6.4618878e+02
1	0	13	0	7.7711884e+01
1	0	13	1	-6.6028748e+01
1	0	13	2	-1.1773286e+02
1	0	13	3	-4.8226238e+01
1	0	13	4	3.5741741e+01
1	0	13	5	2.2564663e+01
1	0	13	6	-6.0191216e+01
1	0	13	7	-4.6749924e+01
1	0	13	8	-1.2316776e+02
1	0	13	9	-6.3908833e+01
1	0	13	10	-2.5127371e+01
1	0	13	11	-1.5165839e+02
1	0	13	12	-1.3703889e+02
1	0	13	13	-5.9170506e+01
1	0	13	14	-2.1391109e+02
1	0	13	15	-1.8423668e+02
1	0	13	16	-2.5266653e+02
1	0	13	17	-2.6205283e+02
1	0	13	18	-4.8737106e+02
1	0	13	19	-1.6204451e+02
1	0	13	20	-3.2869629e+02
1	0	13	21	-2.6335141e+02
1	0	13	22	-2.5213420e+02
1	0	13	23	-2.1067596e+02
1	0	13	24	-2.5227840e+02
1	0	13	25	-1.6088155e+02
1	0	13	26	-4.0042868e+02
1	0	13	27	-2.8698199e+02
1	0	13	28	-2.8771570e+02
1	0	13	29	-2.4535979e+02
1	0	13	30	-1.9556874e+02
1	0	13	31	-4.9215378e+02
1	0	13	32	-3.4403375e+02
1	0	13	33	-3.9787643e+02
1	0	13	34	4.2620349e+02
1	0	13	35	1.5414203e+02
1	0	13	36	3.0884805e+02
1	0	13	37	4.0235840e+02
1	0	13	38	3.9036310e+02
1	0	13	39	3.6669238e+02
1	0	13	40	4.6438953e+02
1	0	13	41	3.2761887e+02
1	0	13	42	4.3621432e+02
1	0	13	43	2.8073477e+02
1	0	13	44	3.9233679e+02
1	0	13	45	3.3112448e+02
1	0	13	46	4.5083118e+02
1	0	13	47	2.6942966e+02
1	0	13	48	4.1897458e+02
1	0	13	49	3.7272861e+02
1	0	13	50	3.9497815e+02
1	0	13	51	1.0057460e+03
1	0	13	52	1.0301450e+03
1	0	13	53	7.3392163e+02
1	0	13	54	6.4048389e+02
1	0	13	55	6.7733319e+02
1	0	13	56	7.3057709e+02
1	0	13	57	7.0934534e+02
1	0	13	58	5.0927969e+02
1	0	13	59	5.9752850e+02
1	0	13	60	4.8817242e+02
1	0	13	61	6.8968225e+02
1	0	13	62	7.1646423e+02
1	0	13	63	6.1372595e+02
1	0	14	0	-7.3039871e+01
1	0	14	1	-8.5716209e+01
1	0	14	2	-1.8924487e+02
1	0	14	3	-2.8388049e+02
1	0	14	4	-1.7834396e+02
1	0	14	5	-1.3724170e+02
1	0	14	6	-2.0883778e+02
1	0	14	7	-6.2830666e+01
1	0	14	8	-1.7102426e+02
1	0	14	9	-3.0701306e+02
1	0	14	10	-2.0289322e+02
1	0	14	11	-1.7350169e+02
1	0	14	12	-4.4362222e+02
1	0	14	13	-1.9622023e+02
1	0	14	14	-1.8510735e+02
1	0	14	15	-1.6509401e+02
1	0	14	16	-3.0533319e+02
1	0	14	17	-3.3714926e+02
1	0	14	18	-4.5002225e+02
1	0	14	19	-3.0385681e+02
1	0	14	20	-3.1595401e+02
1	0	14	21	-2.3186060e+02
1	0	14	22	-5.0524591e+02
1	0	14	23	-2.5315529e+02
1	0	14	24	-4.8988635e+02
1	0	14	25	-4.9487396e+02
1	0	14	26	-5.7663202e+02
1	0	14	27	-5.5505792e+02
1	0	14	28	-3.1384799e+02
1	0	14	29	-3.5026233e+02
1	0	14	30	-3.1010443e+02
1	0	14	31	-4.3822366e+02
1	0	14	32	-4.0675476e+02
1	0	14	33	-4.2577975e+02
1	0	14	34	2.7063989e+02
1	0	14	35	1.9004887e+02
1	0	14	36	1.3431512e+02
1	0	14	37	3.7042578e+02
1	0	14	38	2.8677307e+02
1	0	14	39	3.1703946e+02
1	0	14	40	3.3023868e+02
1	0	14	41	3.3212567e+02
1	0	14	42	3.8744095e+02
1	0	14	43	4.1121762e+02
1	0	14	44	3.9175012e+02
1	0	14	45	4.5285788e+02
1	0	14	46	2.5637955e+02
1	0	14	47	3.9524506e+02
1	0	14	48	4.4915576e+02
1	0	14	49	4.4721655e+02
1	0	14	50	4.7221652e+02
1	0	14	51	9.8819092e+02
1	0	14	52	7.7375366e+02
1	0	14	53	6.7341254e+02
1	0	14	54	6.9252844e+02
1	0	14	55	7.5986798e+02
1	0	14	56	8.6067743e+02
1	0	14	57	8.5021106e+02
1	0	14	58	7.5046002e+02
1	0	14	59	7.4961249e+02
1	0	14	60	5.3446582e+02
1	0	14	61	4.2952054e+02
1	0	14	62	5.0269586e+02
1	0	14	63	6.9798590e+02
1	0	15	0	-1.0149873e+02
1	0	15	1	-9.9692459e+00
1	0	15	2	-2.5633440e+01
1	0	15	3	-4.4648220e+01
1	0	15	4	-9.8308487e+01
1	0	15	5	1.0729057e+02
1	0	15	6	9.7742393e+01
1	0	15	7	7.9447685e+01
1	0	15	8	-2.0358127e+02
1	0	15	9	-7.0199722e+01
1	0	15	10	-1.0994606e+02
1	0	15	11	-1.2290974e+02
1	0	15	12	3.7426891e+01
1	0	15	13	7.8472420e+01
1	0	15	14	-1.6549524e+01
1	0	15	15	-1.5560956e+02
1	0	15	16	-8.1281105e+01
1	0	15	17	-6.4814095e+01
1	0	15	18	-1.0829819e+02
1	0	15	19	-1.4689482e+02
1	0	15	20	-1.3341103e+02
1	0	15	21	-7.1020142e+01
1	0	15	22	3.8916538e+01
1	0	15	23	-1.2874916e+00
1	0	15	24	2.4757978e+01
1	0	15	25	-1.4630009e+02
1	0	15	26	-1.5435043e+02
1	0	15	27	-3.8328488e+02
1	0	15	28	1.3014225e+01
1	0	15	29	4.4465916e+01
1	0	15	30	-7.9358063e+01
1	0	15	31	-1.7134923e+02
1	0	15	32	-1.1564791e+02
1	0	15	33	-1.9499812e+02
1	0	15	34	5.5749426e+02
1	0	15	35	5.1296332e+02
1	0	15	36	6.5590686e+02
1	0	15	37	3.8292944e+02
1	0	15	38	4.3884412e+02
1	0	15	39	5.8654987e+02
1	0	15	40	7.4402124e+02
1	0	15	41	3.2668912e+02
1	0	15	42	5.3147308e+02
1	0	15	43	5.6059460e+02
1	0	15	44	7.3133270e+02
1	0	15	45	6.0763824e+02
1	0	15	46	7.8776984e+02
1	0	15	47	5.9779919e+02
1	0	15	48	7.2426514e+02
1	0	15	49	5.9495618e+02
1	0	15	50	6.3102527e+02
1	0	15	51	1.2169220e+03
1	0	15	52	1.2258070e+03
1	0	15	53	7.2029712e+02
1	0	15	54	9.2623743e+02
1	0	15	55	8.0903424e+02
1	0	15	56	1.0492405e+03
1	0	15	57	1.0164212e+03
1	0	15	58	6.9374945e+02
1	0	15	59	7.6421039e+02
1	0	15	60	9.0900464e+02
1	0	15	61	8.3321698e+02
1	0	15	62	8.2585126e+02
1	0	15	63	1.0503961e+03
1	1	0	0	-3.3769882e+02
1	1	0	1	-4.5857785e+02
1	1	0	2	-2.7012354e+02
1	1	0	3	-5.7266559e+02
1	1	0	4	-2.7109088e+02
1	1	0	5	-3.4996112e+02
1	1	0	6	-5.1428772e+02
1	1	0	7	-6.6180560e+02
1	1	0	8	-4.7321957e+02
1	1	0	9	-1.5862700e+02
1	1	0	10	-6.5509576e+02
1	1	0	11	-3.1648776e+02
1	1	0	12	-3.3011890e+02
1	1	0	13	-5.1085590e+02
1	1	0	14	-4.5563187e+02
1	1	0	15	-4.7015491e+02
1	1	0	16	-7.1764868e+02
1	1	0	17	-6.6377203e+02
1	1	0	18	-5.8945966e+02
1	1	0	19	-6.3760107e+02
1	1	0	20	-5.9926825e+02
1	1	0	21	-6.3317523e+02
1	1	0	22	-6.3861530e+02
1	1	0	23	-8.2963531e+02
1	1	0	24	-5.6123071e+02
1	1	0	25	-4.8533417e+02
1	1	0	26	-5.5490479e+02
1	1	0	27	-4.2212869e+02
1	1	0	28	-5.9938629e+02
1	1	0	29	-5.3840918e+02
1	1	0	30	-3.6650952e+02
1	1	0	31	-3.6615594e+02
1	1	0	32	-4.8541275e+02
1	1	0	33	-5.8936542e+02
1	1	0	34	2.5688580e+02
1	1	0	35	3.6602933e+02
1	1	0	36	3.5507135e+02
1	1	0	37	3.9483493e+02
1	1	0	38	3.0718661e+02
1	1	0	39	4.1817230e+02
1	1	0	40	2.9302832e+02
1	1	0	41	2.9836337e+02
1	1	0	42	4.0220340e+02
1	1	0	43	4.0174411e+02
1	1	0	44	3.1879712e+02
1	1	0	45	4.0915411e+02
1	1	0	46	1.7288603e+02
1	1	0	47	3.7121094e+02
1	1	0	48	4.1022449e+02
1	1	0	49	3.2308481e+02
1	1	0	50	3.3801700e+02
1	1	0	51	1.0245833e+03
1	1	0	52	9.2324591e+02
1	1	0	53	5.4695087e+02
1	1	0	54	6.3025806e+02
1	1	0	55	6.3889478e+02
1	1	0	56	8.3011041e+02
1	1	0	57	8.0044147e+02
1	1	0	58	6.2536072e+02
1	1	0	59	5.9153729e+02
1	1	0	60	7.0597577e+02
1	1	0	61	5.8301819e+02
1	1	0	62	4.6445129e+02
1	1	0	63	7.5589221e+02
1	1	1	0	2.1883804e+02
1	1	1	1	6.9207115e+01
1	1	1	2	4.0169571e+01
1	1	1	3	1.0446950e+02
1	1	1	4	6.8897415e+01
1	1	1	5	2.1371461e+02
1	1	1	6	1.3035831e+02
1	1	1	7	1.8092731e+02
1	1	1	8	2.1373476e+01
1	1	1	9	7.7206779e+01
1	1	1	10	-1.1602499e+02
1	1	1	11	4.2565742e+01
1	1	1	12	5.2047215e+01
1	1	1	13	6.3490616e+01
1	1	1	14	-2.9402846e-01
1	1	1	15	1.3410280e+02
1	1	1	16	-4.0891647e+01
1	1	1	17	-8.8489237e+00
1	1	1	18	4.3928272e+01
1	1	1	19	2.4871822e+01
1	1	1	20	-9.6358665e+01
1	1	1	21	2.7908947e+01
1	1	1	22	9.1599213e+01
1	1	1	23	-8.6465408e+01
1	1	1	24	-3.6282770e+02
1	1	1	25	2.0563818e+01
1	1	1	26	-3.2014900e+01
1	1	1	27	-1.2391927e+02
1	1	1	28	-2.3313591e+01
1	1	1	29	-1.1406651e+02
1	1	1	30	-4.4833195e+01
1	1	1	31	-1.6485162e+02
1	1	1	32	-1.5168010e+02
1	1	1	33	-1.4325488e+02
1	1	1	34	5.1628967e+02
1	1	1	35	3.0474222e+02
1	1	1	36	6.0451196e+02
1	1	1	37	5.9623248e+02
1	1	1	38	6.5122113e+02
1	1	1	39	5.1204584e+02
1	1	1	40	4.9969977e+02
1	1	1	41	4.9811716e+02
1	1	1	42	4.9660336e+02
1	1	1	43	4.4063052e+02
1	1	1	44	4.5465002e+02
1	1	1	45	3.3020734e+02
1	1	1	46	3.0688791e+02
1	1	1	47	1.9847575e+02
1	1	1	48	2.2418813e+02
1	1	1	49	3.4144513e+02
1	1	1	50	4.4540585e+02
1	1	1	51	9.1224078e+02
1	1	1	52	1.1105472e+03
1	1	1	53	7.6522302e+02
1	1	1	54	7.1895227e+02
1	1	1	55	5.6189185e+02
1	1	1	56	6.7146497e+02
1	1	1	57	7.3747571e+02
1	1	1	58	9.1911853e+02
1	1	1	59	5.6033331e+02
1	1	1	60	8.0050635e+02
1	1	1	61	6.8332843e+02
1	1	1	62	8.1240625e+02
1	1	1	63	7.3742365e+02
1	1	2	0	-2.8285571e+02
1	1	2	1	-4.6683398e+02
1	1	2	2	-3.5579691e+02
1	1	2	3	-3.4254730e+02
1	1	2	4	-4.2515521e+02
1	1	2	5	-4.7992691e+02
1	1	2	6	-4.7579941e+02
1	1	2	7	-3.0455389e+02
1	1	2	8	-2.7906039e+02
1	1	2	9	-4.7636276e+02
1	1	2	10	-5.6640900e+02
1	1	2	11	-4.6577209e+02
1	1	2	12	-5.8278796e+02
1	1	2	13	-5.9369891e+02
1	1	2	14	-3.6007968e+02
1	1	2	15	-3.4567963e+02
1	1	2	16	-5.1216345e+02
1	1	2	17	-6.0615472e+02
1	1	2	18	-6.3595422e+02
1	1	2	19	-7.3973718e+02
1	1	2	20	-5.5797986e+02
1	1	2	21	-5.3257623e+02
1	1	2	22	-5.4563470e+02
1	1	2	23	-5.7003271e+02
1	1	2	24	-6.9227979e+02
1	1	2	25	-5.9632373e+02
1	1	2	26	-5.6132794e+02
1	1	2	27	-5.8989978e+02
1	1	2	28	-5.5925409e+02
1	1	2	29	-7.4285376e+02
1	1	2	30	-6.7061133e+02
1	1	2	31	-6.3984937e+02
1	1	2	32	-6.7835754e+02
1	1	2	33	-5.0645712e+02
1	1	2	34	8.3323830e+01
1	1	2	35	-5.9683880e+01
1	1	2	36	1.0660294e+02
1	1	2	37	9.3123886e+01
1	1	2	38	1.9467264e+01
1	1	2	39	5.1744648e+01
1	1	2	40	2.2841689e+02
1	1	2	41	-1.0141202e+02
1	1	2	42	1.5618901e+02
1	1	2	43	2.1423552e+02
1	1	2	44	-1.1815906e+01
1	1	2	45	1.1796423e+02
1	1	2	46	-2.3834370e+01
1	1	2	47	3.2308525e+01
1	1	2	48	5.8435345e+01
1	1	2	49	-5.0259224e+01
1	1	2	50	1.0034149e+02
1	1	2	51	7.4287207e+02
1	1	2	52	7.2652802e+02
1	1	2	53	3.0207446e+02
1	1	2	54	3.8919904e+02
1	1	2	55	3.1351950e+02
1	1	2	56	4.0766034e+02
1	1	2	57	4.8876358e+02
1	1	2	58	4.3986682e+02
1	1	2	59	3.2239136e+02
1	1	2	60	3.4887714e+02
1	1	2	61	3.0564371e+02
1	1	2	62	7.6176804e+01
1	1	2	63	3.9025107e+02
1	1	3	0	-2.3555600e+02
1	1	3	1	-1.3569669e+02
1	1	3	2	-1.0868637e+02
1	1	3	3	-2.0867294e+01
1	1	3	4	-1.9252998e+02
1	1	3	5	-1.3641615e+02
1	1	3	6	-4.5092911e+01
1	1	3	7	-7.6437309e+01
1	1	3	8	-7.3253990e+01
1	1	3	9	-3.6201557e+01
1	1	3	10	-8.4682228e+01
1	1	3	11	-9.2635529e+01
1	1	3	12	-1.1790534e+02
1	1	3	13	-9.1246437e+01
1	1	3	14	-2.1307512e+02
1	1	3	15	-7.8722809e+01
1	1	3	16	-2.0038673e+02
1	1	3	17	-1.4961218e+02
1	1	3	18	-2.7150006e+02
1	1	3	19	-3.6540704e+02
1	1	3	20	-1.7418095e+02
1	1	3	21	-1.4695280e+02
1	1	3	22	-1.7334834e+02
1	1	3	23	-6.5556534e+01
1	1	3	24	-1.3344791e+02
1	1	3	25	-1.1800116e+02
1	1	3	26	-1.3052693e+02
1	1	3	27	-1.9200487e+02
1	1	3	28	-7.8159355e+01
1	1	3	29	-1.9219284e+02
1	1	3	30	-1.7995638e+02
1	1	3	31	-3.6246750e+02
1	1	3	32	-2.0706577e+02
1	1	3	33	-1.8480667e+02
1	1	3	34	3.7482645e+02
1	1	3	35	2.9431848e+02
1	1	3	36	4.2392792e+02
1	1	3	37	5.3799872e+02
1	1	3	38	4.7842264e+02
1	1	3	39	4.3177802e+02
1	1	3	40	6.1801166e+02
1	1	3	41	5.4702478e+02
1	1	3	42	6.3457867e+02
1	1	3	43	5.0679398e+02
1	1	3	44	4.4425903e+02
1	1	3	45	4.0628445e+02
1	1	3	46	5.1533429e+02
1	1	3	47	5.4617932e+02
1	1	3	48	4.3843445e+02
1	1	3	49	3.2518915e+02
1	1	3	50	5.3948596e+02
1	1	3	51	1.0033037e+03
1	1	3	52	9.2194159e+02
1	1	3	53	5.5493658e+02
1	1	3	54	7.8882520e+02
1	1	3	55	6.6075189e+02
1	1	3	56	8.9869116e+02
1	1	3	57	9.7795343e+02
1	1	3	58	8.6695508e+02
1	1	3	59	8.6842511e+02
1	1	3	60	7.3224652e+02
1	1	3	61	7.8031543e+02
1	1	3	62	7.6594714e+02
1	1	3	63	8.9330048e+02
1	1	4	0	-2.1650288e+02
1	1	4	1	-3.6713571e+02
1	1	4	2	-3.8089966e+02
1	1	4	3	-2.4592340e+02
1	1	4	4	-4.3929318e+02
1	1	4	5	-3.4795645e+02
1	1	4	6	-4.0650864e+02
1	1	4	7	-3.4248740e+02
1	1	4	8	-4.2216339e+02
1	1	4	9	-4.3959140e+02
1	1	4	10	-5.2075232e+02
1	1	4	11	-3.3525397e+02
1	1	4	12	-4.5140320e+02
1	1	4	13	-4.2135645e+02
1	1	4	14	-2.6516092e+02
1	1	4	15	-4.2696918e+02
1	1	4	16	-5.4005334e+02
1	1	4	17	-5.6945563e+02
1	1	4	18	-3.6307135e+02
1	1	4	19	-4.9647586e+02
1	1	4	20	-4.4073636e+02
1	1	4	21	-4.7348608e+02
1	1	4	22	-4.7518100e+02
1	1	4	23	-5.0167303e+02
1	1	4	24	-5.6733118e+02
1	1	4	25	-5.4466187e+02
1	1	4	26	-5.1978381e+02
1	1	4	27	-5.1591278e+02
1	1	4	28	-4.6078522e+02
1	1	4	29	-5.8273541e+02
1	1	4	30	-5.6684650e+02
1	1	4	31	-6.5006549e+02
1	1	4	32	-5.4176062e+02
1	1	4	33	-6.7214618e+02
1	1	4	34	2.2292622e+01
1	1	4	35	8.7996300e+01
1	1	4	36	-1.7912529e+01
1	1	4	37	-8.1126201e-01
1	1	4	38	3.7503567e+00
1	1	4	39	4.1576115e+01
1	1	4	40	5.5544231e+01
1	1	4	41	-6.3958813e+01
1	1	4	42	1.5888264e+02
1	1	4	43	1.8176047e+02
1	1	4	44	9.0241081e+01
1	1	4	45	9.0984894e+01
1	1	4	46	1.0979914e+02
1	1	4	47	1.9296443e+02
1	1	4	48	1.6548695e+02
1	1	4	49	1.2368680e+02
1	1	4	50	2.1037801e+02
1	1	4	51	7.2367999e+02
1	1	4	52	6.9816968e+02
1	1	4	53	4.2108304e+02
1	1	4	54	3.1162460e+02
1	1	4	55	4.4912320e+02
1	1	4	56	6.0047742e+02
1	1	4	57	5.0184344e+02
1	1	4	58	3.9612466e+02
1	1	4	59	3.6786868e+02
1	1	4	60	4.5696921e+02
1	1	4	61	1.9973886e+02
1	1	4	62	3.6810022e+02
1	1	4	63	4.1008810e+02
1	1	5	0	1.1232200e+01
1	1	5	1	-1.7777948e+02
1	1	5	2	-4.1431055e+02
1	1	5	3	-2.9635196e+02
1	1	5	4	-2.0389227e+02
1	1	5	5	-1.5220352e+02
1	1	5	6	-6.1149803e+01
1	1	5	7	-1.2851259e+02
1	1	5	8	-2.7479398e+02
1	1	5	9	-1.4331296e+02
1	1	5	10	-8.4545631e+01
1	1	5	11	-1.4329155e+02
1	1	5	12	-2.7567773e+02
1	1	5	13	-3.0242096e+02
1	1	5	14	-3.8237161e+02
1	1	5	15	-1.8038617e+02
1	1	5	16	-3.2186819e+02
1	1	5	17	-1.2685944e+02
1	1	5	18	-2.4541803e+02
1	1	5	19	-4.4375732e+02
1	1	5	20	-3.1841150e+02
1	1	5	21	-2.4726624e+02
1	1	5	22	-2.0960663e+02
1	1	5	23	-3.7032861e+02
1	1	5	24	-4.2213596e+02
1	1	5	25	-4.5349951e+02
1	1	5	26	-3.0524756e+02
1	1	5	27	-3.3892288e+02
1	1	5	28	-2.8443353e+02
1	1	5	29	-3.8850787e+02
1	1	5	30	-2.3238416e+02
1	1	5	31	-4.1563504e+02
1	1	5	32	-4.1052176e+02
1	1	5	33	-3.0006589e+02
1	1	5	34	3.4703461e+02
1	1	5	35	3.1468390e+02
1	1	5	36	4.6829257e+02
1	1	5	37	4.3695517e+02
1	1	5	38	4.1065240e+02
1	1	5	39	3.1571942e+02
1	1	5	40	4.5306342e+02
1	1	5	41	2.9485382e+02
1	1	5	42	3.4713531e+02
1	1	5	43	3.8669479e+02
1	1	5	44	3.0133658e+02
1	1	5	45	4.3576105e+02
1	1	5	46	4.7627377e+02
1	1	5	47	4.8230099e+02
1	1	5	48	4.9372638e+02
1	1	5	49	4.9259210e+02
1	1	5	50	4.6255832e+02
1	1	5	51	9.5969000e+02
1	1	5	52	1.0327849e+03
1	1	5	53	7.5945923e+02
1	1	5	54	7.2899506e+02
1	1	5	55	7.1030237e+02
1	1	5	56	6.2810333e+02
1	1	5	57	7.8530573e+02
1	1	5	58	7.2949017e+02
1	1	5	59	7.5230054e+02
1	1	5	60	5.5498224e+02
1	1	5	61	6.1704449e+02
1	1	5	62	6.0405267e+02
1	1	5	63	7.6590503e+02
1	1	6	0	-4.3241528e+02
1	1	6	1	-5.5520148e+02
1	1	6	2	-5.8668298e+02
1	1	6	3	-4.2928241e+02
1	1	6	4	-5.9643732e+02
1	1	6	5	-6.3224304e+02
1	1	6	6	-6.4540771e+02
1	1	6	7	-4.5601080e+02
1	1	6	8	-5.3164105e+02
1	1	6	9	-4.8085352e+02
1	1	6	10	-7.3736859e+02
1	1	6	11	-4.4165509e+02
1	1	6	12	-5.8938153e+02
1	1	6	13	-4.9268445e+02
1	1	6	14	-4.5928018e+02
1	1	6	15	-6.5626807e+02
1	1	6	16	-5.2623547e+02
1	1	6	17	-6.3052863e+02
1	1	6	18	-6.0907776e+02
1	1	6	19	-6.3591077e+02
1	1	6	20	-6.1303235e+02
1	1	6	21	-5.6268219e+02
1	1	6	22	-6.6298059e+02
1	1	6	23	-5.3749622e+02
1	1	6	24	-6.8134351e+02
1	1	6	25	-7.0456073e+02
1	1	6	26	-7.1118823e+02
1	1	6	27	-6.7324139e+02
1	1	6	28	-6.4350647e+02
1	1	6	29	-6.1902570e+02
1	1	6	30	-6.5398816e+02
1	1	6	31	-6.7197705e+02
1	1	6	32	-9.1388446e+02
1	1	6	33	-6.8092401e+02
1	1	6	34	3.8759541e+01
1	1	6	35	1.4681895e+02
1	1	6	36	1.7135002e+02
1	1	6	37	8.5867065e+01
1	1	6	38	-6.7291504e+01
1	1	6	39	2.4359587e+01
1	1	6	40	1.2049033e+01
1	1	6	41	-1.2780325e+02
1	1	6	42	2.3630573e+01
1	1	6	43	1.5403281e+02
1	1	6	44	-7.3854141e+01
1	1	6	45	-2.8593953e+00
1	1	6	46	1.2289182e+02
1	1	6	47	-5.7224392e+01
1	1	6	48	2.4781195e+01
1	1	6	49	3.2255642e+01
1	1	6	50	8.8126846e+01
1	1	6	51	6.4847809e+02
1	1	6	52	7.0616351e+02
1	1	6	53	8.7128677e+01
1	1	6	54	2.7995090e+02
1	1	6	55	3.4625162e+02
1	1	6	56	4.6798676e+02
1	1	6	57	4.9729431e+02
1	1	6	58	4.7027200e+02
1	1	6	59	3.7099008e+02
1	1	6	60	3.1982687e+02
1	1	6	61	2.4890578e+02
1	1	6	62	3.5369699e+02
1	1	6	63	3.6787097e+02
1	1	7	0	-6.1482990e+01
1	1	7	1	-1.6413455e+02
1	1	7	2	-2.3226680e+02
1	1	7	3	-2.5100946e+02
1	1	7	4	-1.5664378e+02
1	1	7	5	-1.3719348e+02
1	1	7	6	-3.4317093e+02
1	1	7	7	-1.8864703e+02
1	1	7	8	-2.3511055e+02
1	1	7	9	-1.6668225e+02
1	1	7	10	-2.8157309e+02
1	1	7	11	-3.3222397e+02
1	1	7	12	-3.3961877e+02
1	1	7	13	-2.0485390e+02
1	1	7	14	-4.1595001e+02
1	1	7	15	-2.2005881e+02
1	1	7	16	-4.2112302e+02
1	1	7	17	-4.5676019e+02
1	1	7	18	-3.8812222e+02
1	1	7	19	-3.6590048e+02
1	1	7	20	-3.6121286e+02
1	1	7	21	-3.7674869e+02
1	1	7	22	-1.8718526e+02
1	1	7	23	-1.7962459e+02
1	1	7	24	-2.9412997e+02
1	1	7	25	-1.0514374e+02
1	1	7	26	-3.4272827e+02
1	1	7	27	-3.7995554e+02
1	1	7	28	-2.5956158e+02
1	1	7	29	-2.4333847e+02
1	1	7	30	-3.3877570e+02
1	1	7	31	-3.8340485e+02
1	1	7	32	-3.2637186e+02
1	1	7	33	-3.3596863e+02
1	1	7	34	4.5435956e+02
1	1	7	35	3.1221783e+02
1	1	7	36	4.5201395e+02
1	1	7	37	1.5447447e+02
1	1	7	38	4.2797372e+02
1	1	7	39	4.7203806e+02
1	1	7	40	5.2132672e+02
1	1	7	41	3.8932434e+02
1	1	7	42	4.7809943e+02
1	1	7	43	3.6882419e+02
1	1	7	44	5.4826825e+02
1	1	7	45	2.2604530e+02
1	1	7	46	5.3024640e+02
1	1	7	47	3.7601065e+02
1	1	7	48	4.5483810e+02
1	1	7	49	4.5239142e+02
1	1	7	50	3.3854379e+02
1	1	7	51	8.6062207e+02
1	1	7	52	1.0401844e+03
1	1	7	53	7.6342926e+02
1	1	7	54	6.8113159e+02
1	1	7	55	5.9140222e+02
1	1	7	56	9.5944189e+02
1	1	7	57	6.5529852e+02
1	1	7	58	6.8704352e+02
1	1	7	59	5.8998340e+02
1	1	7	60	7.6328247e+02
1	1	7	61	7.0316235e+02
1	1	7	62	8.0121387e+02
1	1	7	63	5.8755737e+02
1	1	8	0	-3.0786841e+02
1	1	8	1	-6.4242883e+02
1	1	8	2	-3.1676553e+02
1	1	8	3	-3.9980792e+02
1	1	8	4	-4.7864761e+02
1	1	8	5	-4.7344196e+02
1	1	8	6	-5.0872336e+02
1	1	8	7	-3.7982782e+02
1	1	8	8	-5.2286615e+02
1	1	8	9	-4.5324146e+02
1	1	8	10	-5.1000375e+02
1	1	8	11	-5.9790302e+02
1	1	8	12	-6.1201221e+02
1	1	8	13	-5.4400885e+02
1	1	8	14	-4.2245886e+02
1	1	8	15	-4.9275943e+02
1	1	8	16	-6.2559412e+02
1	1	8	17	-6.3878668e+02
1	1	8	18	-5.3569794e+02
1	1	8	19	-6.7501849e+02
1	1	8	20	-5.8330945e+02
1	1	8	21	-5.9769531e+02
1	1	8	22	-5.6318829e+02
1	1	8	23	-6.7959357e+02
1	1	8	24	-7.7099286e+02
1	1	8	25	-6.5650311e+02
1	1	8	26	-6.8601477e+02
1	1	8	27	-6.6179504e+02
1	1	8	28	-5.9305902e+02
1	1	8	29	-9.6354858e+02
1	1	8	30	-7.2559619e+02
1	1	8	31	-7.2052039e+02
1	1	8	32	-7.5374261e+02
1	1	8	33	-6.8281970e+02
1	1	8	34	-1.5332019e+02
1	1	8	35	-6.4261711e+01
1	1	8	36	-4.1519794e+01
1	1	8	37	-1.4326828e+02
1	1	8	38	-1.5201645e+02
1	1	8	39	-9.5267021e+01
1	1	8	40	-3.9756851e+01
1	1	8	41	-3.6884048e+01
1	1	8	42	-1.3163060e+02
1	1	8	43	8.7035513e+00
1	1	8	44	-5.1247234e+01
1	1	8	45	-4.5087715e+01
1	1	8	46	-2.7800303e+01
1	1	8	47	-1.1572107e+02
1	1	8	48	-7.3977997e+01
1	1	8	49	-1.9092448e+02
1	1	8	50	8.2159681e+00
1	1	8	51	6.1758081e+02
1	1	8	52	5.9970190e+02
1	1	8	53	7.0306122e+01
1	1	8	54	1.6499828e+02
1	1	8	55	2.8488873e+02
1	1	8	56	5.2860736e+02
1	1	8	57	1.5279622e+02
1	1	8	58	4.1053040e+02
1	1	8	59	2.7669189e+02
1	1	8	60	4.0792554e+02
1	1	8	61	5.3081482e+01
1	1	8	62	2.4748357e+02
1	1	8	63	2.4682013e+01
1	1	9	0	-2.5347452e+02
1	1	9	1	-4.8732977e+02
1	1	9	2	-2.9527219e+02
1	1	9	3	-4.7152084e+02
1	1	9	4	-4.0344479e+02
1	1	9	5	-2.4997459e+02
1	1	9	6	-2.5972876e+02
1	1	9	7	-3.5540494e+02
1	1	9	8	-4.0193445e+02
1	1	9	9	-3.8070541e+02
1	1	9	10	-4.2319897e+02
1	1	9	11	-3.7484488e+02
1	1	9	12	-4.1350333e+02
1	1	9	13	-3.2090765e+02
1	1	9	14	-4.3777673e+02
1	1	9	15	-3.4899869e+02
1	1	9	16	-4.9221671e+02
1	1	9	17	-4.6278134e+02
1	1	9	18	-6.0377917e+02
1	1	9	19	-4.8291046e+02
1	1	9	20	-4.8427618e+02
1	1	9	21	-4.5315292e+02
1	1	9	22	-6.3030505e+02
1	1	9	23	-4.3701575e+02
1	1	9	24	-4.5755984e+02
1	1	9	25	-5.2492249e+02
1	1	9	26	-5.0338159e+02
1	1	9	27	-4.8635806e+02
1	1	9	28	-5.2622192e+02
1	1	9	29	-5.9942358e+02
1	1	9	30	-4.5329352e+02
1	1	9	31	-4.5600839e+02
1	1	9	32	-4.6028253e+02
1	1	9	33	-5.3517151e+02
1	1	9	34	2.1850157e+01
1	1	9	35	2.3788330e+02
1	1	9	36	2.8988754e+02
1	1	9	37	-7.9889391e-03
1	1	9	38	1.8712531e+02
1	1	9	39	2.3056133e+02
1	1	9	40	3.3013437e+02
1	1	9	41	2.7053763e+02
1	1	9	42	3.6908231e+02
1	1	9	43	3.5112848e+02
1	1	9	44	3.9326257e+02
1	1	9	45	1.3053690e+02
1	1	9	46	2.9098477e+02
1	1	9	47	3.0800836e+02
1	1	9	48	3.8446176e+02
1	1	9	49	1.0065583e+02
1	1	9	50	4.5853668e+02
1	1	9	51	7.1851385e+02
1	1	9	52	9.1452972e+02
1	1	9	53	5.2440613e+02
1	1	9	54	6.2117993e+02
1	1	9	55	6.0989447e+02
1	1	9	56	5.6849548e+02
1	1	9	57	6.9857080e+02
1	1	9	58	3.7662939e+02
1	1	9	59	5.0377982e+02
1	1	9	60	7.2079523e+02
1	1	9	61	2.9964172e+02
1	1	9	62	4.3203107e+02
1	1	9	63	6.9921918e+02
1	1	10	0	-9.0574295e+01
1	1	10	1	-1.3549625e+02
1	1	10	2	-7.7546577e+01
1	1	10	3	-1.3119099e+02
1	1	10	4	-3.9508228e+02
1	1	10	5	-2.0191951e+02
1	1	10	6	-3.1690652e+02
1	1	10	7	-1.0710868e+02
1	1	10	8	-2.3160873e+02
1	1	10	9	-1.2521766e+02
1	1	10	10	-2.1396004e+02
1	1	10	11	-1.1568260e+02
1	1	10	12	-3.9193948e+02
1	1	10	13	-2.6910715e+02
1	1	10	14	-2.6310669e+02
1	1	10	15	-2.5315659e+02
1	1	10	16	-3.0649234e+02
1	1	10	17	-4.6409012e+02
1	1	10	18	-2.9120688e+02
1	1	10	19	-3.2492178e+02
1	1	10	20	-3.6545856e+02
1	1	10	21	-2.6044354e+02
1	1	10	22	-4.2283185e+02
1	1	10	23	-2.7325034e+02
1	1	10	24	-3.4613974e+02
1	1	10	25	-3.3579028e+02
1	1	10	26	-3.4367459e+02
1	1	10	27	-5.6088190e+02
1	1	10	28	-4.4541034e+02
1	1	10	29	-3.7998727e+02
1	1	10	30	-3.5905624e+02
1	1	10	31	-4.9962616e+02
1	1	10	32	-4.4660803e+02
1	1	10	33	-4.1260941e+02
1	1	10	34	2.7213184e+02
1	1	10	35	2.0480008e+02
1	1	10	36	2.7687863e+02
1	1	10	37	2.3684033e+02
1	1	10	38	2.7176605e+02
1	1	10	39	2.5443651e+02
1	1	10	40	2.2840263e+02
1	1	10	41	2.0415588e+02
1	1	10	42	3.3926520e+02
1	1	10	43	3.1259320e+02
1	1	10	44	4.4838275e+02
1	1	10	45	3.3881998e+02
1	1	10	46	1.7103404e+02
1	1	10	47	3.3838077e+02
1	1	10	48	4.5397171e+02
1	1	10	49	4.4368985e+02
1	1	10	50	3.4467966e+02
1	1	10	51	9.1360266e+02
1	1	10	52	9.8958942e+02
1	1	10	53	5.7015295e+02
1	1	10	54	4.5545724e+02
1	1	10	55	6.9669464e+02
1	1	10	56	5.9304993e+02
1	1	10	57	7.9602728e+02
1	1	10	58	7.2386566e+02
1	1	10	59	5.0430682e+02
1	1	10	60	6.7563062e+02
1	1	10	61	3.1545328e+02
1	1	10	62	3.7866965e+02
1	1	10	63	5.6955841e+02
1	1	11	0	-1.2011497e+01
1	1	11	1	1.9242994e+01
1	1	11	2	-1.0834965e+02
1	1	11	3	-5.0921890e+01
1	1	11	4	-1.6268994e+02
1	1	11	5	-2.3313550e+02
1	1	11	6	-1.0966962e+02
1	1	11	7	8.0977383e+00
1	1	11	8	-5.2892204e+01
1	1	11	9	-1.2478891e+02
1	1	11	10	-3.0544821e+01
1	1	11	11	-1.7345050e+02
1	1	11	12	-1.0834614e+02
1	1	11	13	-2.3332806e+02
1	1	11	14	-1.7018521e+02
1	1	11	15	-1.2226170e+02
1	1	11	16	-2.2658040e+02
1	1	11	17	-3.3557062e+02
1	1	11	18	-1.8818283e+02
1	1	11	19	-1.0777526e+02
1	1	11	20	-1.2263100e+02
1	1	11	21	-3.2459213e+02
1	1	11	22	-1.9852557e+02
1	1	11	23	-1.9206656e+02
1	1	11	24	-2.2046591e+02
1	1	11	25	-1.3962357e+02
1	1	11	26	-2.6197910e+02
1	1	11	27	-2.9114673e+02
1	1	11	28	-4.7991345e+02
1	1	11	29	-2.5440427e+02
1	1	11	30	-2.3862053e+02
1	1	11	31	-1.3138089e+02
1	1	11	32	-2.1169992e+02
1	1	11	33	-3.7247705e+02
1	1	11	34	4.0913705e+02
1	1	11	35	1.9917027e+02
1	1	11	36	5.0571729e+02
1	1	11	37	5.3084961e+02
1	1	11	38	5.2452460e+02
1	1	11	39	3.0048416e+02
1	1	11	40	4.2435501e+02
1	1	11	41	4.4174100e+02
1	1	11	42	6.3292035e+02
1	1	11	43	5.4682843e+02
1	1	11	44	6.2264667e+02
1	1	11	45	5.4122809e+02
1	1	11	46	5.5318781e+02
1	1	11	47	4.0957416e+02
1	1	11	48	6.2997565e+02
1	1	11	49	5.9874493e+02
1	1	11	50	3.4015918e+02
1	1	11	51	1.0315822e+03
1	1	11	52	1.0480636e+03
1	1	11	53	8.2081836e+02
1	1	11	54	7.6630096e+02
1	1	11	55	7.9169971e+02
1	1	11	56	1.0444662e+03
1	1	11	57	9.8709338e+02
1	1	11	58	7.0243872e+02
1	1	11	59	7.0716003e+02
1	1	11	60	9.0569580e+02
1	1	11	61	4.8234833e+02
1	1	11	62	4.9660907e+02
1	1	11	63	8.8953644e+02
1	1	12	0	-2.5529376e+02
1	1	12	1	-3.2083707e+02
1	1	12	2	-2.2865469e+02
1	1	12	3	-3.1577139e+02
1	1	12	4	-6.0057251e+02
1	1	12	5	-2.3217609e+02
1	1	12	6	-4.4548325e+02
1	1	12	7	-4.8871405e+02
1	1	12	8	-4.5277060e+02
1	1	12	9	-5.6090454e+02
1	1	12	10	-5.5515466e+02
1	1	12	11	-3.2662051e+02
1	1	12	12	-4.8174670e+02
1	1	12	13	-4.1539645e+02
1	1	12	14	-4.0309354e+02
1	1	12	15	-3.7279797e+02
1	1	12	16	-4.9214426e+02
1	1	12	17	-5.5617767e+02
1	1	12	18	-4.8444559e+02
1	1	12	19	-4.7433759e+02
1	1	12	20	-3.7996255e+02
1	1	12	21	-5.0954388e+02
1	1	12	22	-5.3241290e+02
1	1	12	23	-6.9199268e+02
1	1	12	24	-6.5312653e+02
1	1	12	25	-7.2638080e+02
1	1	12	26	-6.7662982e+02
1	1	12	27	-6.5281158e+02
1	1	12	28	-5.0847986e+02
1	1	12	29	-5.7498047e+02
1	1	12	30	-5.2307092e+02
1	1	12	31	-5.5441626e+02
1	1	12	32	-6.3629541e+02
1	1	12	33	-5.3836456e+02
1	1	12	34	9.7523300e+01
1	1	12	35	8.5479271e+01
1	1	12	36	1.2937180e+02
1	1	12	37	7.2593163e+01
1	1	12	38	1.5452853e+02
1	1	12	39	7.0469360e+01
1	1	12	40	1.8452141e+02
1	1	12	41	3.0533892e+01
1	1	12	42	2.0411975e+02
1	1	12	43	1.4404637e+02
1	1	12	44	4.6444778e+02
1	1	12	45	1.2548225e+02
1	1	12	46	1.5808813e+02
1	1	12	47	1.5877249e+02
1	1	12	48	1.7074042e+02
1	1	12	49	6.0337231e+01
1	1	12	50	-3.3593475e+01
1	1	12	51	8.0991290e+02
1	1	12	52	8.6796130e+02
1	1	12	53	4.0653287e+02
1	1	12	54	4.7814880e+02
1	1	12	55	5.4487610e+02
1	1	12	56	5.6549414e+02
1	1	12	57	6.1793915e+02
1	1	12	58	5.9853168e+02
1	1	12	59	4.7994525e+02
1	1	12	60	5.2132397e+02
1	1	12	61	4.4391989e+02
1	1	12	62	3.6291394e+02
1	1	12	63	6.1455249e+02
1	1	13	0	-1.6589195e+02
1	1	13	1	-1.4044511e+02
1	1	13	2	-8.9239510e+01
1	1	13	3	-9.6912895e+01
1	1	13	4	-8.8265114e+01
1	1	13	5	-5.5765110e+01
1	1	13	6	-1.6492409e+02
1	1	13	7	-1.9130887e+02
1	1	13	8	-3.6374142e+02
1	1	13	9	-4.7895035e+01
1	1	13	10	-1.8070465e+02
1	1	13	11	-5.2990055e+01
1	1	13	12	-3.0293234e+02
1	1	13	13	-1.8787602e+02
1	1	13	14	-4.4622803e+02
1	1	13	15	-1.1781344e+02
1	1	13	16	-2.8710904e+02
1	1	13	17	-2.3952138e+02
1	1	13	18	-2.9710385e+02
1	1	13	19	-1.8573840e+02
1	1	13	20	-4.7633932e+02
1	1	13	21	-3.3796872e+02
1	1	13	22	-4.4722565e+02
1	1	13	23	-2.0535669e+02
1	1	13	24	-5.2025391e+02
1	1	13	25	-2.4090775e+02
1	1	13	26	-2.0080975e+02
1	1	13	27	-2.2666408e+02
1	1	13	28	-3.7552597e+02
1	1	13	29	-4.2414679e+02
1	1	13	30	-4.6350345e+02
1	1	13	31	-2.9773383e+02
1	1	13	32	-3.4911130e+02
1	1	13	33	-3.4715674e+02
1	1	13	34	4.4665833e+02
1	1	13	35	3.5559695e+02
1	1	13	36	4.2923651e+02
1	1	13	37	4.3822958e+02
1	1	13	38	4.8261194e+02
1	1	13	39	4.4847302e+02
1	1	13	40	3.0510529e+02
1	1	13	41	4.0991028e+02
1	1	13	42	4.3924500e+02
1	1	13	43	3.0128647e+02
1	1	13	44	1.4272844e+02
1	1	13	45	4.6755634e+02
1	1	13	46	4.6590424e+02
1	1	13	47	4.6926215e+02
1	1	13	48	5.0361462e+02
1	1	13	49	4.6920325e+02
1	1	13	50	4.7991202e+02
1	1	13	51	9.9098584e+02
1	1	13	52	1.2085667e+03
1	1	13	53	6.5451410e+02
1	1	13	54	7.3332617e+02
1	1	13	55	6.8608649e+02
1	1	13	56	8.9214130e+02
1	1	13	57	8.1395941e+02
1	1	13	58	5.8129681e+02
1	1	13	59	7.7278094e+02
1	1	13	60	7.6677332e+02
1	1	13	61	7.2383478e+02
1	1	13	62	7.9076953e+02
1	1	13	63	8.8092542e+02
1	1	14	0	-4.7679498e+02
1	1	14	1	-5.6382404e+02
1	1	14	2	-3.7655203e+02
1	1	14	3	-5.5823334e+02
1	1	14	4	-4.5922086e+02
1	1	14	5	-3.6862598e+02
1	1	14	6	-4.0141409e+02
1	1	14	7	-6.6026465e+02
1	1	14	8	-5.5473108e+02
1	1	14	9	-3.1542746e+02
1	1	14	10	-8.8537665e+02
1	1	14	11	-2.6598288e+02
1	1	14	12	-6.0731958e+02
1	1	14	13	-4.6160126e+02
1	1	14	14	-7.7445233e+02
1	1	14	15	-7.8625330e+02
1	1	14	16	-8.9580597e+02
1	1	14	17	-8.1817957e+02
1	1	14	18	-9.3749963e+02
1	1	14	19	-7.0462494e+02
1	1	14	20	-8.4240692e+02
1	1	14	21	-9.0420862e+02
1	1	14	22	-7.0305914e+02
1	1	14	23	-6.1024670e+02
1	1	14	24	-6.5778778e+02
1	1	14	25	-5.6818573e+02
1	1	14	26	-8.4007208e+02
1	1	14	27	-5.0384714e+02
1	1	14	28	-5.7604041e+02
1	1	14	29	-7.0044171e+02
1	1	14	30	-5.5019159e+02
1	1	14	31	-5.0747214e+02
1	1	14	32	-5.6909338e+02
1	1	14	33	-6.6151398e+02
1	1	14	34	1.9572340e+02
1	1	14	35	2.8062759e+02
1	1	14	36	5.2386131e+01
1	1	14	37	2.5009590e+02
1	1	14	38	2.5901645e+02
1	1	14	39	2.6480655e+02
1	1	14	40	2.3375366e+02
1	1	14	41	3.8264215e+02
1	1	14	42	3.1048367e+02
1	1	14	43	3.3391278e+02
1	1	14	44	4.3109113e+02
1	1	14	45	2.5478590e+02
1	1	14	46	3.6219540e+02
1	1	14	47	4.1670584e+02
1	1	14	48	3.1342493e+02
1	1	14	49	1.5104182e+02
1	1	14	50	3.2036469e+02
1	1	14	51	1.0962751e+03
1	1	14	52	1.0737043e+03
1	1	14	53	5.9466785e+02
1	1	14	54	5.5367206e+02
1	1	14	55	6.3411115e+02
1	1	14	56	8.7809277e+02
1	1	14	57	8.0911481e+02
1	1	14	58	6.2483734e+02
1	1	14	59	7.4665594e+02
1	1	14	60	6.9335791e+02
1	1	14	61	6.1880994e+02
1	1	14	62	6.8276575e+02
1	1	14	63	6.6555017e+02
1	1	15	0	2.3944208e+01
1	1	15	1	-2.7585182e+01
1	1	15	2	-8.0848974e-01
1	1	15	3	3.3338421e+01
1	1	15	4	-7.6510880e+01
1	1	15	5	7.0760560e+00
1	1	15	6	-1.0218232e+01
1	1	15	7	1.6800369e+02
1	1	15	8	2.5584040e+01
1	1	15	9	-6.4485435e+01
1	1	15	10	5.0891155e+01
1	1	15	11	-5.3457081e+01
1	1	15	12	-2.8545319e+02
1	1	15	13	-4.2597470e+00
1	1	15	14	-1.6955591e+02
1	1	15	15	-1.0040468e+02
1	1	15	16	-1.2627779e+02
1	1	15	17	-2.7983370e+01
1	1	15	18	-1.4003076e+02
1	1	15	19	-1.2973941e+02
1	1	15	20	-1.7074931e+02
1	1	15	21	-1.5554700e+02
1	1	15	22	-5.1421768e+01
1	1	15	23	-1.0459889e+02
1	1	15	24	-1.6255904e+02
1	1	15	25	-1.1262739e+02
1	1	15	26	-1.6487512e+02
1	1	15	27	-2.6607382e+02
1	1	15	28	-2.7395645e+02
1	1	15	29	-3.0373495e+02
1	1	15	30	-1.3315811e+02
1	1	15	31	-2.0238190e+02
1	1	15	32	-1.7199197e+02
1	1	15	33	-2.3031436e+02
1	1	15	34	3.4916425e+02
1	1	15	35	4.0730649e+02
1	1	15	36	4.3425659e+02
1	1	15	37	2.6796802e+02
1	1	15	38	5.3493854e+02
1	1	15	39	3.2165463e+02
1	1	15	40	3.8439783e+02
1	1	15	41	2.5426071e+02
1	1	15	42	4.5010010e+02
1	1	15	43	3.0476822e+02
1	1	15	44	2.9146030e+02
1	1	15	45	3.0957410e+02
1	1	15	46	1.9738774e+02
1	1	15	47	1.8900746e+02
1	1	15	48	1.6433562e+02
1	1	15	49	9.6021362e+01
1	1	15	50	3.6874612e+02
1	1	15	51	6.8471857e+02
1	1	15	52	9.3114526e+02
1	1	15	53	4.6541626e+02
1	1	15	54	5.8264532e+02
1	1	15	55	5.1447095e+02
1	1	15	56	6.0160626e+02
1	1	15	57	7.3386108e+02
1	1	15	58	5.8017499e+02
1	1	15	59	4.5550870e+02
1	1	15	60	5.9712225e+02
1	1	15	61	4.6884106e+02
1	1	15	62	4.5512421e+02
1	1	15	63	6.2292780e+02
1	2	0	0	1.9743106e+02
1	2	0	1	1.3106548e+01
1	2	0	2	2.0456534e+02
1	2	0	3	1.3141595e+02
1	2	0	4	1.1723765e+02
1	2	0	5	8.5082001e+01
1	2	0	6	-6.2842598e+01
1	2	0	7	1.5989706e+02
1	2	0	8	3.1669701e+01
1	2	0	9	1.3245268e+02
1	2	0	10	6.4292931e+01
1	2	0	11	6.2606689e+01
1	2	0	12	-2.8998735e+01
1	2	0	13	1.2504247e+02
1	2	0	14	1.2909605e+02
1	2	0	15	3.0901819e+01
1	2	0	16	-8.6018814e+01
1	2	0	17	9.3293371e+00
1	2	0	18	-7.2514099e+01
1	2	0	19	-5.4078423e+01
1	2	0	20	4.7032383e+01
1	2	0	21	3.9848507e+01
1	2	0	22	2.6818972e+01
1	2	0	23	-3.7165920e+01
1	2	0	24	5.1945595e+01
1	2	0	25	6.8378639e+01
1	2	0	26	-9.1344978e+01
1	2	0	27	-1.4560512e+02
1	2	0	28	3.1396334e+01
1	2	0	29	-8.0041382e+01
1	2	0	30	9.9869766e+00
1	2	0	31	-1.1747414e+02
1	2	0	32	-8.6704998e+00
1	2	0	33	-4.1283749e+01
1	2	0	34	4.1006226e+02
1	2	0	35	6.9186572e+02
1	2	0	36	6.9642700e+02
1	2	0	37	6.3458417e+02
1	2	0	38	6.1949982e+02
1	2	0	39	6.5538043e+02
1	2	0	40	7.1418408e+02
1	2	0	41	4.2487497e+02
1	2	0	42	5.6682452e+02
1	2	0	43	7.4037201e+02
1	2	0	44	7.2153259e+02
1	2	0	45	5.7675781e+02
1	2	0	46	6.9963104e+02
1	2	0	47	6.5973547e+02
1	2	0	48	6.5219879e+02
1	2	0	49	7.1253778e+02
1	2	0	50	6.9360553e+02
1	2	0	51	1.2762061e+03
1	2	0	52	1.1743080e+03
1	2	0	53	8.3722211e+02
1	2	0	54	8.0820917e+02
1	2	0	55	9.1538440e+02
1	2	0	56	1.0534987e+03
1	2	0	57	1.0658856e+03
1	2	0	58	8.4777832e+02
1	2	0	59	9.6166156e+02
1	2	0	60	8.8557629e+02
1	2	0	61	7.7817078e+02
1	2	0	62	6.5225208e+02
1	2	0	63	8.0010449e+02
1	2	1	0	2.0683531e+02
1	2	1	1	-1.0932793e+02
1	2	1	2	-6.2590206e+01
1	2	1	3	1.5467427e+02
1	2	1	4	-2.8459051e+01
1	2	1	5	9.6838051e+01
1	2	1	6	-2.7343420e+01
1	2	1	7	1.7086565e+02
1	2	1	8	1.6406105e+02
1	2	1	9	1.9418890e+02
1	2	1	10	1.3498112e+02
1	2	1	11	1.0661095e+02
1	2	1	12	3.0348101e+01
1	2	1	13	1.0011334e+02
1	2	1	14	9.5218819e+01
1	2	1	15	9.3166512e+01
1	2	1	16	-2.2364834e+01
1	2	1	17	-1.3205814e+02
1	2	1	18	-6.4264023e+01
1	2	1	19	-1.0450778e+02
1	2	1	20	-2.8876443e+02
1	2	1	21	-4.9865520e+01
1	2	1	22	-1.9510063e+02
1	2	1	23	-2.4244153e+02
1	2	1	24	-1.3452246e+02
1	2	1	25	4.6348309e+01
1	2	1	26	-6.6487297e+01
1	2	1	27	8.1964235e+00
1	2	1	28	5.4888790e+01
1	2	1	29	-7.1934761e+01
1	2	1	30	-3.0066818e+01
1	2	1	31	-1.7565733e+02
1	2	1	32	-1.4307433e+02
1	2	1	33	-8.0363045e+01
1	2	1	34	5.9211652e+02
1	2	1	35	3.3889612e+02
1	2	1	36	5.1139206e+02
1	2	1	37	3.9541315e+02
1	2	1	38	6.7046320e+02
1	2	1	39	3.6073679e+02
1	2	1	40	6.8887592e+02
1	2	1	41	5.9484387e+02
1	2	1	42	6.9233771e+02
1	2	1	43	5.3382153e+02
1	2	1	44	7.5793762e+02
1	2	1	45	6.3961151e+02
1	2	1	46	7.3823053e+02
1	2	1	47	5.8039764e+02
1	2	1	48	5.9854767e+02
1	2	1	49	6.9739905e+02
1	2	1	50	4.7202969e+02
1	2	1	51	1.2676486e+03
1	2	1	52	1.2464377e+03
1	2	1	53	8.6275604e+02
1	2	1	54	9.0909351e+02
1	2	1	55	1.0247539e+03
1	2	1	56	1.0804711e+03
1	2	1	57	1.0315541e+03
1	2	1	58	1.0232655e+03
1	2	1	59	7.0504492e+02
1	2	1	60	9.5307452e+02
1	2	1	61	8.4234271e+02
1	2	1	62	9.2765399e+02
1	2	1	63	9.5613422e+02
1	2	2	0	4.2533443e+01
1	2	2	1	-3.9974777e+01
1	2	2	2	8.7933533e+01
1	2	2	3	9.8588699e+01
1	2	2	4	-1.5735875e+02
1	2	2	5	4.1787346e+01
1	2	2	6	-2.5495932e+00
1	2	2	7	2.3015814e+02
1	2	2	8	-1.0401099e+02
1	2	2	9	-1.0510307e+02
1	2	2	10	-5.4033524e+01
1	2	2	11	1.6004307e+01
1	2	2	12	-7.9951645e+01
1	2	2	13	-1.1302732e+02
1	2	2	14	-4.8396622e+01
1	2	2	15	-1.7455217e+01
1	2	2	16	-3.2515091e+01
1	2	2	17	-2.9179761e+02
1	2	2	18	-1.9115814e+01
1	2	2	19	-1.2555234e+02
1	2	2	20	-3.4801865e+01
1	2	2	21	-7.7584518e+01
1	2	2	22	-1.0209999e+02
1	2	2	23	-1.0011896e+02
1	2	2	24	-9.5473511e+01
1	2	2	25	-1.2828372e+02
1	2	2	26	-1.5146111e+02
1	2	2	27	-9.0371956e+01
1	2	2	28	-1.4169136e+02
1	2	2	29	-2.1884167e+02
1	2	2	30	-1.1922934e+02
1	2	2	31	-1.7295706e+02
1	2	2	32	-2.4443498e+02
1	2	2	33	-1.7417378e+02
1	2	2	34	4.7328729e+02
1	2	2	35	5.5140912e+02
1	2	2	36	4.6901846e+02
1	2	2	37	4.9560098e+02
1	2	2	38	4.6045352e+02
1	2	2	39	5.0390378e+02
1	2	2	40	5.0426968e+02
1	2	2	41	5.0049667e+02
1	2	2	42	4.4927426e+02
1	2	2	43	5.8305493e+02
1	2	2	44	5.4123285e+02
1	2	2	45	4.9133606e+02
1	2	2	46	5.9497607e+02
1	2	2	47	4.7679636e+02
1	2	2	48	5.1184897e+02
1	2	2	49	4.5205923e+02
1	2	2	50	5.7938922e+02
1	2	2	51	1.4017861e+03
1	2	2	52	1.3748380e+03
1	2	2	53	6.9457611e+02
1	2	2	54	8.7981396e+02
1	2	2	55	1.1007224e+03
1	2	2	56	1.0720443e+03
1	2	2	57	9.6453204e+02
1	2	2	58	8.6770428e+02
1	2	2	59	8.3855450e+02
1	2	2	60	6.0385516e+02
1	2	2	61	8.0479803e+02
1	2	2	62	8.3932239e+02
1	2	2	63	1.0398910e+03
1	2	3	0	2.2489177e+02
1	2	3	1	9.1650314e+01
1	2	3	2	1.3654967e+02
1	2	3	3	1.0649029e+02
1	2	3	4	1.0702356e+02
1	2	3	5	1.1032200e+02
1	2	3	6	-1.8099472e+01
1	2	3	7	6.1662693e+00
1	2	3	8	1.0452493e+02
1	2	3	9	7.9828598e+01
1	2	3	10	3.8072899e+01
1	2	3	11	3.9172100e+01
1	2	3	12	-1.9970586e+02
1	2	3	13	8.4755470e+01
1	2	3	14	1.0341866e+01
1	2	3	15	3.0912356e+00
1	2	3	16	-1.1440379e+02
1	2	3	17	-5.5419188e+00
1	2	3	18	-4.7574051e+01
1	2	3	19	-2.5834620e+01
1	2	3	20	-3.4368997e+02
1	2	3	21	-2.6710345e+02
1	2	3	22	-1.4617372e+02
1	2	3	23	5.6129734e+01
1	2	3	24	-1.7237927e+02
1	2	3	25	-1.2257948e+02
1	2	3	26	-1.3975275e+02
1	2	3	27	-6.7600227e+01
1	2	3	28	-6.0656593e+01
1	2	3	29	-6.9601997e+01
1	2	3	30	-9.2419624e+01
1	2	3	31	-5.7325527e+01
1	2	3	32	-2.4767645e+02
1	2	3	33	-1.7646936e+02
1	2	3	34	5.2630505e+02
1	2	3	35	3.0513968e+02
1	2	3	36	8.3111200e+02
1	2	3	37	7.4020374e+02
1	2	3	38	7.4042358e+02
1	2	3	39	3.4018088e+02
1	2	3	40	7.6524207e+02
1	2	3	41	7.5722559e+02
1	2	3	42	7.9587677e+02
1	2	3	43	6.6491711e+02
1	2	3	44	8.7316260e+02
1	2	3	45	5.1050436e+02
1	2	3	46	8.5972510e+02
1	2	3	47	6.9228485e+02
1	2	3	48	7.8693530e+02
1	2	3	49	5.2659918e+02
1	2	3	50	6.5985315e+02
1	2	3	51	1.1499110e+03
1	2	3	52	1.1771603e+03
1	2	3	53	8.0380554e+02
1	2	3	54	7.9785327e+02
1	2	3	55	9.6886597e+02
1	2	3	56	8.9756927e+02
1	2	3	57	9.6330579e+02
1	2	3	58	8.8225244e+02
1	2	3	59	8.6126294e+02
1	2	3	60	8.5642584e+02
1	2	3	61	7.6022980e+02
1	2	3	62	9.2624554e+02
1	2	3	63	1.0396549e+03
1	2	4	0	3.8657722e+01
1	2	4	1	-1.1631082e+01
1	2	4	2	1.3051334e+02
1	2	4	3	-1.8976057e+01
1	2	4	4	-3.2421299e+01
1	2	4	5	-1.6978907e+01
1	2	4	6	8.4514360e+00
1	2	4	7	-4.1532814e+01
1	2	4	8	-2.4257634e+02
1	2	4	9	9.5637505e+01
1	2	4	10	-1.6587886e+02
1	2	4	11	7.1235666e+00
1	2	4	12	-6.7751366e+01
1	2	4	13	1.8683847e+01
1	2	4	14	-2.3278992e+01
1	2	4	15	-2.1200081e+02
1	2	4	16	-2.1307751e+02
1	2	4	17	-1.6097662e+02
1	2	4	18	-3.4142688e+02
1	2	4	19	-2.4928053e+02
1	2	4	20	-1.0156672e+02
1	2	4	21	-1.1128040e+02
1	2	4	22	-1.6406081e+02
1	2	4	23	-2.6094855e+02
1	2	4	24	-3.0482693e+02
1	2	4	25	-9.1941635e+01
1	2	4	26	-1.2449761e+02
1	2	4	27	-1.5270531e+02
1	2	4	28	-7.3841988e+01
1	2	4	29	-1.9600961e+02
1	2	4	30	-8.2503967e+01
1	2	4	31	-3.0329013e+02
1	2	4	32	-4.3509558e+02
1	2	4	33	-1.1086228e+02
1	2	4	34	2.7852145e+02
1	2	4	35	5.3844965e+02
1	2	4	36	4.0700735e+02
1	2	4	37	3.7079108e+02
1	2	4	38	4.2934641e+02
1	2	4	39	5.1061221e+02
1	2	4	40	5.6751947e+02
1	2	4	41	4.6964877e+02
1	2	4	42	6.4838062e+02
1	2	4	43	4.9635330e+02
1	2	4	44	5.4775800e+02
1	2	4	45	3.4087619e+02
1	2	4	46	5.6012848e+02
1	2	4	47	5.2404132e+02
1	2	4	48	5.5555688e+02
1	2	4	49	4.5467178e+02
1	2	4	50	5.2815662e+02
1	2	4	51	9.9690503e+02
1	2	4	52	1.1186925e+03
1	2	4	53	7.9791278e+02
1	2	4	54	8.3897430e+02
1	2	4	55	6.8592780e+02
1	2	4	56	8.8231500e+02
1	2	4	57	1.0720901e+03
1	2	4	58	9.1202954e+02
1	2	4	59	8.8424542e+02
1	2	4	60	7.6231592e+02
1	2	4	61	7.1985724e+02
1	2	4	62	7.6220709e+02
1	2	4	63	8.3839532e+02
1	2	5	0	-1.0483222e+02
1	2	5	1	7.5303841e+01
1	2	5	2	-8.3279175e+01
1	2	5	3	1.3397470e+02
1	2	5	4	-6.2566228e+00
1	2	5	5	1.3871388e+02
1	2	5	6	-1.0564028e+02
1	2	5	7	-1.1346922e+02
1	2	5	8	3.5362277e+00
1	2	5	9	5.4142559e+01
1	2	5	10	-3.3934601e+01
1	2	5	11	-1.0399493e+01
1	2	5	12	-1.3253080e+00
1	2	5	13	-3.3413921e+01
1	2	5	14	-1.1445711e+01
1	2	5	15	-7.5689880e+01
1	2	5	16	-1.4860417e+02
1	2	5	17	-1.4028693e+02
1	2	5	18	-6.4154518e+01
1	2	5	19	-2.0389441e+02
1	2	5	20	-1.0792092e+02
1	2	5	21	-5.1495026e+01
1	2	5	22	-1.4085661e+02
1	2	5	23	-1.6207336e+01
1	2	5	24	-7.2219414e+01
1	2	5	25	2.0844784e+00
1	2	5	26	-1.1135780e+02
1	2	5	27	-4.4490070e+01
1	2	5	28	-9.2679893e+01
1	2	5	29	-3.9377506e+01
1	2	5	30	-1.1504827e+01
1	2	5	31	-6.0479813e+01
1	2	5	32	-9.2106346e+01
1	2	5	33	-5.9996750e+01
1	2	5	34	3.5765564e+02
1	2	5	35	5.0888852e+02
1	2	5	36	5.8784668e+02
1	2	5	37	4.9898264e+02
1	2	5	38	6.1648242e+02
1	2	5	39	6.0348633e+02
1	2	5	40	5.4194812e+02
1	2	5	41	5.5734448e+02
1	2	5	42	6.2903381e+02
1	2	5	43	4.3286450e+02
1	2	5	44	6.1069421e+02
1	2	5	45	5.8395465e+02
1	2	5	46	5.5796631e+02
1	2	5	47	6.3750824e+02
1	2	5	48	4.8945505e+02
1	2	5	49	5.3120526e+02
1	2	5	50	6.1260645e+02
1	2	5	51	1.1415780e+03
1	2	5	52	1.1657078e+03
1	2	5	53	6.1970142e+02
1	2	5	54	8.6561212e+02
1	2	5	55	7.7726581e+02
1	2	5	56	1.0398302e+03
1	2	5	57	9.9585577e+02
1	2	5	58	8.9215637e+02
1	2	5	59	7.1248450e+02
1	2	5	60	9.1589490e+02
1	2	5	61	7.5134204e+02
1	2	5	62	8.6969855e+02
1	2	5	63	6.5861194e+02
1	2	6	0	1.9352338e+02
1	2	6	1	1.2612625e+02
1	2	6	2	7.5086372e+01
1	2	6	3	6.4306816e+01
1	2	6	4	-1.9507532e+02
1	2	6	5	5.5673290e+01
1	2	6	6	-5.0036629e+01
1	2	6	7	6.9380005e+01
1	2	6	8	1.5022128e+02
1	2	6	9	1.1777578e+02
1	2	6	10	-1.1319682e+01
1	2	6	11	5.6633808e+01
1	2	6	12	-1.0694867e+02
1	2	6	13	2.5059801e+01
1	2	6	14	3.9832420e+01
1	2	6	15	-5.6088228e+00
1	2	6	16	-2.2590240e+01
1	2	6	17	-9.6307190e+01
1	2	6	18	-3.0686087e+02
1	2	6	19	-6.7085652e+00
1	2	6	20	2.2645521e+01
1	2	6	21	-8.2284874e+01
1	2	6	22	-9.2307396e+01
1	2	6	23	-1.5719040e+02
1	2	6	24	-3.5927304e+02
1	2	6	25	-6.4405136e+01
1	2	6	26	-1.4232669e+02
1	2	6	27	-8.3199911e+00
1	2	6	28	-6.9594574e+01
1	2	6	29	-1.9034451e+02
1	2	6	30	-5.0923386e+01
1	2	6	31	-3.0226102e+02
1	2	6	32	-1.5510382e+02
1	2	6	33	-2.8101086e+02
1	2	6	34	5.7074225e+02
1	2	6	35	5.5525305e+02
1	2	6	36	5.5981628e+02
1	2	6	37	6.0883905e+02
1	2	6	38	5.2808472e+02
1	2	6	39	5.9921503e+02
1	2	6	40	5.4525153e+02
1	2	6	41	1.9909566e+02
1	2	6	42	6.1948132e+02
1	2	6	43	5.8823364e+02
1	2	6	44	5.7616272e+02
1	2	6	45	5.5424298e+02
1	2	6	46	6.8579578e+02
1	2	6	47	5.7220612e+02
1	2	6	48	5.3384668e+02
1	2	6	49	6.5419373e+02
1	2	6	50	6.2962726e+02
1	2	6	51	1.1349530e+03
1	2	6	52	1.0729425e+03
1	2	6	53	7.8365747e+02
1	2	6	54	8.5735901e+02
1	2	6	55	9.2884094e+02
1	2	6	56	1.0262795e+03
1	2	6	57	1.0305073e+03
1	2	6	58	8.5964062e+02
1	2	6	59	9.0770355e+02
1	2	6	60	9.3857922e+02
1	2	6	61	7.2244202e+02
1	2	6	62	8.0548041e+02
1	2	6	63	9.5987183e+02
1	2	7	0	4.0509503e+02
1	2	7	1	1.1417577e+02
1	2	7	2	2.6907648e+02
1	2	7	3	2.7595981e+02
1	2	7	4	1.6565385e+02
1	2	7	5	3.6271506e+02
1	2	7	6	3.1758374e+02
1	2	7	7	4.6363004e+02
1	2	7	8	7.4375160e+01
1	2	7	9	2.4185641e+02
1	2	7	10	3.3443655e+02
1	2	7	11	4.8065956e+01
1	2	7	12	4.7235023e+01
1	2	7	13	3.0458517e+02
1	2	7	14	8.4067024e+01
1	2	7	15	3.1252545e+02
1	2	7	16	1.3611732e+02
1	2	7	17	2.5532336e+02
1	2	7	18	1.7775807e+02
1	2	7	19	2.8678122e+02
1	2	7	20	1.7853694e+02
1	2	7	21	4.2748425e+01
1	2	7	22	1.8681284e+02
1	2	7	23	1.6138496e+02
1	2	7	24	8.1056305e+01
1	2	7	25	-2.7183500e+01
1	2	7	26	7.9667892e+01
1	2	7	27	1.1532416e+02
1	2	7	28	1.4406737e+02
1	2	7	29	1.3068393e+02
1	2	7	30	6.6761665e+01
1	2	7	31	2.1003555e+01
1	2	7	32	1.6422353e+02
1	2	7	33	6.7964539e+01
1	2	7	34	6.6525275e+02
1	2	7	35	6.7745337e+02
1	2	7	36	7.2409613e+02
1	2	7	37	6.4876489e+02
1	2	7	38	7.6197845e+02
1	2	7	39	5.4250092e+02
1	2	7	40	7.8528540e+02
1	2	7	41	7.3805914e+02
1	2	7	42	7.1563287e+02
1	2	7	43	7.7910767e+02
1	2	7	44	8.7189276e+02
1	2	7	45	5.8101758e+02
1	2	7	46	8.3853619e+02
1	2	7	47	8.1284735e+02
1	2	7	48	8.7628815e+02
1	2	7	49	7.3709747e+02
1	2	7	50	8.9114368e+02
1	2	7	51	1.2617958e+03
1	2	7	52	1.4438458e+03
1	2	7	53	7.6600104e+02
1	2	7	54	1.0812903e+03
1	2	7	55	1.0700422e+03
1	2	7	56	1.1905507e+03
1	2	7	57	1.0516863e+03
1	2	7	58	1.0430304e+03
1	2	7	59	1.0031585e+03
1	2	7	60	8.6644171e+02
1	2	7	61	8.5665161e+02
1	2	7	62	1.0957422e+03
1	2	7	63	1.1203357e+03
1	2	8	0	-1.5733575e+02
1	2	8	1	-5.1067355e+02
1	2	8	2	-3.3444745e+02
1	2	8	3	-1.9505382e+02
1	2	8	4	-4.5460422e+02
1	2	8	5	-3.1862366e+02
1	2	8	6	-4.1552539e+02
1	2	8	7	-2.8621326e+02
1	2	8	8	-2.5352440e+02
1	2	8	9	-2.0357103e+02
1	2	8	10	-2.8062128e+02
1	2	8	11	-1.7973476e+02
1	2	8	12	-3.6633759e+02
1	2	8	13	-3.3547635e+02
1	2	8	14	-2.5990213e+02
1	2	8	15	-3.0427274e+02
1	2	8	16	-3.5030563e+02
1	2	8	17	-3.8651407e+02
1	2	8	18	-2.4669138e+02
1	2	8	19	-4.5562976e+02
1	2	8	20	-2.7535840e+02
1	2	8	21	-4.1808664e+02
1	2	8	22	-3.6487790e+02
1	2	8	23	-5.3079193e+02
1	2	8	24	-3.7367465e+02
1	2	8	25	-4.4158212e+02
1	2	8	26	-4.5192236e+02
1	2	8	27	-4.1327798e+02
1	2	8	28	-4.3047015e+02
1	2	8	29	-4.5231729e+02
1	2	8	30	-3.1331421e+02
1	2	8	31	-4.6204605e+02
1	2	8	32	-4.7185745e+02
1	2	8	33	-5.3682159e+02
1	2	8	34	2.9239636e+02
1	2	8	35	2.9512448e+02
1	2	8	36	3.2448331e+02
1	2	8	37	3.3004630e+02
1	2	8	38	1.5960947e+02
1	2	8	39	7.0840744e+01
1	2	8	40	3.2768262e+02
1	2	8	41	9.9723633e+01
1	2	8	42	2.6398776e+02
1	2	8	43	2.4231990e+02
1	2	8	44	3.8380624e+02
1	2	8	45	2.6476620e+02
1	2	8	46	1.1427477e+02
1	2	8	47	2.3990823e+02
1	2	8	48	1.2167521e+02
1	2	8	49	3.2490118e+02
1	2	8	50	3.4673917e+02
1	2	8	51	8.7280688e+02
1	2	8	52	1.0005690e+03
1	2	8	53	4.9142432e+02
1	2	8	54	4.3831653e+02
1	2	8	55	6.6457690e+02
1	2	8	56	7.5904236e+02
1	2	8	57	5.6810535e+02
1	2	8	58	5.0964014e+02
1	2	8	59	5.7983081e+02
1	2	8	60	6.6416101e+02
1	2	8	61	4.9971820e+02
1	2	8	62	5.7219666e+02
1	2	8	63	6.8136383e+02
1	2	9	0	1.2762299e+02
1	2	9	1	2.5820483e+02
1	2	9	2	5.8007610e+01
1	2	9	3	2.1857338e+02
1	2	9	4	1.9658174e+02
1	2	9	5	2.1985117e+02
1	2	9	6	1.8749136e+02
1	2	9	7	1.6803355e+02
1	2	9	8	2.0075876e+02
1	2	9	9	1.1451251e+02
1	2	9	10	1.7422964e+02
1	2	9	11	1.2548067e+02
1	2	9	12	2.9056721e+01
1	2	9	13	1.7299146e+02
1	2	9	14	1.0794590e+02
1	2	9	15	1.7206796e+02
1	2	9	16	8.7986931e+01
1	2	9	17	2.7478327e+01
1	2	9	18	-7.6460938e+01
1	2	9	19	1.4239754e+02
1	2	9	20	4.8407410e+01
1	2	9	21	4.9285442e-01
1	2	9	22	-2.0624760e+02
1	2	9	23	2.6526360e+01
1	2	9	24	8.3683098e+01
1	2	9	25	3.4481152e+01
1	2	9	26	-8.2999449e+00
1	2	9	27	1.7084301e+01
1	2	9	28	1.1720196e+02
1	2	9	29	7.0828537e+01
1	2	9	30	1.7176433e+02
1	2	9	31	-1.8368085e+02
1	2	9	32	-9.0339722e+01
1	2	9	33	-2.1042961e+01
1	2	9	34	4.5716351e+02
1	2	9	35	6.1314764e+02
1	2	9	36	7.7884021e+02
1	2	9	37	5.0053076e+02
1	2	9	38	6.8087592e+02
1	2	9	39	4.2812006e+02
1	2	9	40	7.5051361e+02
1	2	9	41	3.7573114e+02
1	2	9	42	5.7761774e+02
1	2	9	43	3.6674164e+02
1	2	9	44	9.0218842e+02
1	2	9	45	6.2677917e+02
1	2	9	46	7.0355273e+02
1	2	9	47	7.4315332e+02
1	2	9	48	6.4385699e+02
1	2	9	49	7.5262402e+02
1	2	9	50	6.4654199e+02
1	2	9	51	1.0202495e+03
1	2	9	52	1.3372727e+03
1	2	9	53	7.7613287e+02
1	2	9	54	9.6593213e+02
1	2	9	55	1.0368124e+03
1	2	9	56	1.1389739e+03
1	2	9	57	8.4531470e+02
1	2	9	58	7.0308673e+02
1	2	9	59	8.0741455e+02
1	2	9	60	8.6363202e+02
1	2	9	61	8.2839325e+02
1	2	9	62	9.3923499e+02
1	2	9	63	8.0278326e+02
1	2	10	0	-1.9214565e+02
1	2	10	1	3.6497974e+01
1	2	10	2	-1.5613702e+02
1	2	10	3	-2.8416956e+01
1	2	10	4	-2.5930552e+01
1	2	10	5	-7.0733070e+00
1	2	10	6	1.0301894e+02
1	2	10	7	2.0002325e+02
1	2	10	8	-5.6963863e+01
1	2	10	9	1.2779115e+02
1	2	10	10	-2.5660223e+02
1	2	10	11	-1.0795816e+01
1	2	10	12	-1.4709276e+02
1	2	10	13	5.3079212e+01
1	2	10	14	-4.8449749e+01
1	2	10	15	1.0087289e+02
1	2	10	16	-2.0814587e+02
1	2	10	17	-2.1993687e+02
1	2	10	18	-1.9837862e+02
1	2	10	19	-2.1502000e+02
1	2	10	20	-2.3693057e+02
1	2	10	21	-1.3812273e+02
1	2	10	22	-2.2975063e+02
1	2	10	23	-1.8130841e+02
1	2	10	24	-3.1158621e+02
1	2	10	25	-1.5463503e+02
1	2	10	26	-1.2672613e+02
1	2	10	27	-1.2155854e+02
1	2	10	28	-1.7279028e+02
1	2	10	29	-1.3555446e+02
1	2	10	30	-2.2043600e+02
1	2	10	31	-9.4584839e+01
1	2	10	32	-1.8547319e+02
1	2	10	33	-1.4479149e+02
1	2	10	34	4.6615198e+02
1	2	10	35	6.1640411e+02
1	2	10	36	4.0950342e+02
1	2	10	37	5.2366357e+02
1	2	10	38	5.4579797e+02
1	2	10	39	4.3741815e+02
1	2	10	40	6.3800421e+02
1	2	10	41	5.4553375e+02
1	2	10	42	4.7629523e+02
1	2	10	43	6.6329144e+02
1	2	10	44	6.3743817e+02
1	2	10	45	4.9702228e+02
1	2	10	46	5.6242523e+02
1	2	10	47	4.9375113e+02
1	2	10	48	5.1253735e+02
1	2	10	49	4.1295090e+02
1	2	10	50	5.8542188e+02
1	2	10	51	1.2931641e+03
1	2	10	52	1.1383817e+03
1	2	10	53	9.1485535e+02
1	2	10	54	8.2359491e+02
1	2	10	55	8.5108661e+02
1	2	10	56	7.1976855e+02
1	2	10	57	8.7212213e+02
1	2	10	58	9.1558746e+02
1	2	10	59	9.2590509e+02
1	2	10	60	9.0267505e+02
1	2	10	61	8.4776440e+02
1	2	10	62	8.7792395e+02
1	2	10	63	8.8468829e+02
1	2	11	0	1.4799945e+02
1	2	11	1	1.6511703e+02
1	2	11	2	7.4876770e+01
1	2	11	3	5.6178032e+01
1	2	11	4	-3.6478352e+01
1	2	11	5	1.3354509e+02
1	2	11	6	9.5443550e+01
1	2	11	7	1.0847067e+02
1	2	11	8	4.3421394e+01
1	2	11	9	-1.2437187e+04
1	2	11	10	1.5609618e+02
1	2	11	11	9.0758896e+01
1	2	11	12	-7.1101837e+01
1	2	11	13	9.3458160e+01
1	2	11	14	-1.6827400e+01
1	2	11	15	4.8571854e+01
1	2	11	16	-2.5308985e+01
1	2	11	17	5.2352986e+00
1	2	11	18	-8.2902139e-01
1	2	11	19	-1.7039194e+01
1	2	11	20	-1.4421254e+02
1	2	11	21	-4.4201859e+01
1	2	11	22	-3.9297131e+01
1	2	11	23	8.4841377e+01
1	2	11	24	-7.2657310e+01
1	2	11	25	-1.7086618e+02
1	2	11	26	-1.3227078e+02
1	2	11	27	-1.6000499e+02
1	2	11	28	-2.8353998e+01
1	2	11	29	4.3477165e+01
1	2	11	30	-1.1882243e+02
1	2	11	31	-1.9579837e+02
1	2	11	32	-7.9749352e+01
1	2	11	33	-9.0026581e+01
1	2	11	34	6.2552985e+02
1	2	11	35	-1.2437187e+04
1	2	11	36	8.0883630e+02
1	2	11	37	6.0805658e+02
1	2	11	38	5.7816266e+02
1	2	11	39	7.3789935e+02
1	2	11	40	4.6256198e+02
1	2	11	41	4.0461050e+02
1	2	11	42	6.4686127e+02
1	2	11	43	4.8701544e+02
1	2	11	44	7.5889313e+02
1	2	11	45	3.1631595e+02
1	2	11	46	4.0765512e+02
1	2	11	47	5.3235938e+02
1	2	11	48	6.2427887e+02
1	2	11	49	5.6229437e+02
1	2	11	50	7.6262097e+02
1	2	11	51	1.1429230e+03
1	2	11	52	1.0767667e+03
1	2	11	53	7.5124817e+02
1	2	11	54	8.1211542e+02
1	2	11	55	8.2100830e+02
1	2	11	56	9.4901544e+02
1	2	11	57	8.7740869e+02
1	2	11	58	7.1007202e+02
1	2	11	59	8.5577142e+02
1	2	11	60	9.6226367e+02
1	2	11	61	5.6338013e+02
1	2	11	62	7.8153394e+02
1	2	11	63	8.8922424e+02
1	2	12	0	-1.7976250e+02
1	2	12	1	-1.3202912e+01
1	2	12	2	-3.2613667e+01
1	2	12	3	1.4907696e+01
1	2	12	4	-5.4016174e+01
1	2	12	5	-3.1456707e+01
1	2	12	6	-7.5079422e+01
1	2	12	7	-1.8044672e+02
1	2	12	8	-6.0665176e+01
1	2	12	9	1.4383868e+01
1	2	12	10	-1.4902995e+02
1	2	12	11	9.9101114e+00
1	2	12	12	-1.1821671e+02
1	2	12	13	-3.5868553e+01
1	2	12	14	-8.1691200e+01
1	2	12	15	-4.6431011e+01
1	2	12	16	-1.0692246e+02
1	2	12	17	-2.2838757e+02
1	2	12	18	-1.8285139e+02
1	2	12	19	-2.6411700e+02
1	2	12	20	-2.3796985e+02
1	2	12	21	-8.5429893e+01
1	2	12	22	-1.3818712e+02
1	2	12	23	-1.9475621e+02
1	2	12	24	-3.1443396e+02
1	2	12	25	-1.7241005e+02
1	2	12	26	-3.3035580e+02
1	2	12	27	-1.3330319e+02
1	2	12	28	-1.5727869e+02
1	2	12	29	-2.1278911e+02
1	2	12	30	-2.6903979e+02
1	2	12	31	-2.4192030e+02
1	2	12	32	-2.1863934e+02
1	2	12	33	-3.5951196e+02
1	2	12	34	4.2603687e+02
1	2	12	35	5.3812054e+02
1	2	12	36	3.1851016e+02
1	2	12	37	3.5996133e+02
1	2	12	38	3.3561658e+02
1	2	12	39	5.9629895e+02
1	2	12	40	4.7906686e+02
1	2	12	41	4.5125876e+02
1	2	12	42	6.3967914e+02
1	2	12	43	4.6919818e+02
1	2	12	44	6.0415356e+02
1	2	12	45	5.8279980e+02
1	2	12	46	6.0133221e+02
1	2	12	47	4.3534784e+02
1	2	12	48	5.3427686e+02
1	2	12	49	5.2174188e+02
1	2	12	50	5.6368402e+02
1	2	12	51	1.0978098e+03
1	2	12	52	1.1238981e+03
1	2	12	53	7.4500507e+02
1	2	12	54	7.0850616e+02
1	2	12	55	5.5819531e+02
1	2	12	56	9.2915833e+02
1	2	12	57	9.9958960e+02
1	2	12	58	8.8409485e+02
1	2	12	59	6.7567102e+02
1	2	12	60	6.2440887e+02
1	2	12	61	7.2646564e+02
1	2	12	62	8.2721661e+02
1	2	12	63	9.1274731e+02
1	2	13	0	3.1126077e+02
1	2	13	1	2.2448532e+02
1	2	13	2	1.7351573e+02
1	2	13	3	1.3607172e+02
1	2	13	4	1.3536575e+02
1	2	13	5	1.7930969e+02
1	2	13	6	1.2654592e+02
1	2	13	7	9.7183495e+01
1	2	13	8	5.5835575e+01
1	2	13	9	7.8875938e+01
1	2	13	10	-3.1217623e+01
1	2	13	11	1.1182859e+02
1	2	13	12	1.3749692e+02
1	2	13	13	4.4872860e+01
1	2	13	14	2.0109489e+01
1	2	13	15	-3.7725594e+01
1	2	13	16	-2.3380856e+02
1	2	13	17	-7.4247505e+01
1	2	13	18	-4.2281063e+01
1	2	13	19	1.7578499e+01
1	2	13	20	-2.8135763e+01
1	2	13	21	-1.3354895e+02
1	2	13	22	8.1730179e+01
1	2	13	23	1.2902446e+02
1	2	13	24	1.4139250e+01
1	2	13	25	6.6241280e+01
1	2	13	26	5.6621937e+01
1	2	13	27	5.2071217e+01
1	2	13	28	-1.8833214e+02
1	2	13	29	3.3829876e+01
1	2	13	30	-2.0861504e+02
1	2	13	31	-6.8135307e+01
1	2	13	32	-2.3063837e+01
1	2	13	33	-1.2752916e+02
1	2	13	34	5.3026483e+02
1	2	13	35	5.1845789e+02
1	2	13	36	4.4258398e+02
1	2	13	37	6.1945819e+02
1	2	13	38	6.2303113e+02
1	2	13	39	5.4899829e+02
1	2	13	40	4.8784415e+02
1	2	13	41	6.5192462e+02
1	2	13	42	5.7816846e+02
1	2	13	43	5.3576514e+02
1	2	13	44	6.9264563e+02
1	2	13	45	3.7924982e+02
1	2	13	46	6.8161792e+02
1	2	13	47	6.0714209e+02
1	2	13	48	4.3563605e+02
1	2	13	49	6.2518939e+02
1	2	13	50	6.9452051e+02
1	2	13	51	1.1854199e+03
1	2	13	52	1.2152483e+03
1	2	13	53	8.6862677e+02
1	2	13	54	6.4931946e+02
1	2	13	55	6.9764539e+02
1	2	13	56	1.0337982e+03
1	2	13	57	7.9274176e+02
1	2	13	58	8.9550879e+02
1	2	13	59	8.8952802e+02
1	2	13	60	8.8997443e+02
1	2	13	61	7.5075055e+02
1	2	13	62	8.9820172e+02
1	2	13	63	9.9838049e+02
1	2	14	0	3.0824694e+01
1	2	14	1	-1.3047986e+02
1	2	14	2	-2.1969477e+01
1	2	14	3	-4.5389862e+01
1	2	14	4	-2.3084378e+02
1	2	14	5	-2.3542636e+02
1	2	14	6	-9.1774139e+01
1	2	14	7	-2.2612558e+01
1	2	14	8	-9.8292870e+01
1	2	14	9	1.9340794e+01
1	2	14	10	-2.0150653e+02
1	2	14	11	-1.3923693e+01
1	2	14	12	-6.7531151e+01
1	2	14	13	-1.4541756e+02
1	2	14	14	-4.9371498e+01
1	2	14	15	-1.4377589e+02
1	2	14	16	-2.4368782e+02
1	2	14	17	-2.6723883e+02
1	2	14	18	-1.5465018e+02
1	2	14	19	-2.7888474e+02
1	2	14	20	-8.1172237e+00
1	2	14	21	-1.5502037e+02
1	2	14	22	-2.4628796e+02
1	2	14	23	-2.0045557e+02
1	2	14	24	-2.1853320e+02
1	2	14	25	-2.3713928e+02
1	2	14	26	-2.0988994e+02
1	2	14	27	-2.7911569e+02
1	2	14	28	-2.2902773e+02
1	2	14	29	-4.7396841e+02
1	2	14	30	-1.9662294e+02
1	2	14	31	-2.5911172e+02
1	2	14	32	-2.6671317e+02
1	2	14	33	-2.2032602e+02
1	2	14	34	2.7398825e+02
1	2	14	35	5.0113998e+02
1	2	14	36	3.1731973e+02
1	2	14	37	5.5950751e+02
1	2	14	38	4.5949939e+02
1	2	14	39	5.6842279e+02
1	2	14	40	4.7943591e+02
1	2	14	41	3.8456689e+02
1	2	14	42	3.5990927e+02
1	2	14	43	4.4767532e+02
1	2	14	44	3.6039178e+02
1	2	14	45	4.6396298e+02
1	2	14	46	5.1363440e+02
1	2	14	47	5.8494031e+02
1	2	14	48	4.6341360e+02
1	2	14	49	4.0767639e+02
1	2	14	50	5.5716461e+02
1	2	14	51	9.6821619e+02
1	2	14	52	1.0910891e+03
1	2	14	53	7.5462659e+02
1	2	14	54	8.4163306e+02
1	2	14	55	7.0650354e+02
1	2	14	56	8.7105048e+02
1	2	14	57	1.0019035e+03
1	2	14	58	9.1675775e+02
1	2	14	59	7.8094763e+02
1	2	14	60	5.8446985e+02
1	2	14	61	6.6268677e+02
1	2	14	62	7.9591644e+02
1	2	14	63	7.2232336e+02
1	2	15	0	1.6296905e+00
1	2	15	1	7.3883179e+01
1	2	15	2	-4.1825043e+01
1	2	15	3	6.4860596e+01
1	2	15	4	-4.8996376e+01
1	2	15	5	8.3071724e+01
1	2	15	6	6.5454491e+01
1	2	15	7	5.6576920e+01
1	2	15	8	1.0602478e+02
1	2	15	9	1.3668005e+02
1	2	15	10	-1.8802641e+01
1	2	15	11	-7.6761299e+01
1	2	15	12	-2.7309149e+02
1	2	15	13	-2.6202026e+01
1	2	15	14	-1.2397227e+02
1	2	15	15	-6.2537930e+01
1	2	15	16	3.5161980e+01
1	2	15	17	-1.7847661e+02
1	2	15	18	-1.9167062e+02
1	2	15	19	-2.7219241e+02
1	2	15	20	-1.5757219e+02
1	2	15	21	-1.4400609e+02
1	2	15	22	-2.8558600e+02
1	2	15	23	-1.2070894e+02
1	2	15	24	-1.7662402e+02
1	2	15	25	-9.3124123e+01
1	2	15	26	-1.6470528e+02
1	2	15	27	-2.5680174e+01
1	2	15	28	-6.3391121e+01
1	2	15	29	4.8864082e+01
1	2	15	30	-3.7876030e+01
1	2	15	31	-1.9042387e+02
1	2	15	32	-1.0013436e+02
1	2	15	33	2.4264244e+01
1	2	15	34	5.9705737e+02
1	2	15	35	3.3232132e+02
1	2	15	36	7.3449512e+02
1	2	15	37	6.9470300e+02
1	2	15	38	6.5443774e+02
1	2	15	39	5.7780865e+02
1	2	15	40	7.3503894e+02
1	2	15	41	6.4267505e+02
1	2	15	42	6.5447485e+02
1	2	15	43	5.4988983e+02
1	2	15	44	7.6784192e+02
1	2	15	45	6.2794476e+02
1	2	15	46	6.9866333e+02
1	2	15	47	7.7996924e+02
1	2	15	48	7.1375281e+02
1	2	15	49	5.2259100e+02
1	2	15	50	6.0650671e+02
1	2	15	51	1.3119597e+03
1	2	15	52	1.3691990e+03
1	2	15	53	8.6219299e+02
1	2	15	54	8.7531628e+02
1	2	15	55	9.6198712e+02
1	2	15	56	1.0864988e+03
1	2	15	57	1.0864846e+03
1	2	15	58	7.5809216e+02
1	2	15	59	9.0582135e+02
1	2	15	60	1.0674644e+03
1	2	15	61	8.6616748e+02
1	2	15	62	7.4406659e+02
1	2	15	63	1.0945610e+03
