0	0	0	0	-4.5506717e+02
0	0	0	1	-5.4468976e+02
0	0	0	2	-3.1264188e+02
0	0	0	3	-5.1805945e+02
0	0	0	4	-5.5881525e+02
0	0	0	5	-5.1622644e+02
0	0	0	6	-4.7898679e+02
0	0	0	7	-5.3344940e+02
0	0	0	8	-5.3067297e+02
0	0	0	9	-3.8837933e+02
0	0	0	10	-6.0194519e+02
0	0	0	11	-4.3075119e+02
0	0	0	12	-6.8246313e+02
0	0	0	13	-5.5214899e+02
0	0	0	14	-5.8839697e+02
0	0	0	15	-5.0284921e+02
0	0	0	16	-6.5805463e+02
0	0	0	17	-7.2706219e+02
0	0	0	18	-6.2766809e+02
0	0	0	19	-7.4702747e+02
0	0	0	20	-6.5677893e+02
0	0	0	21	-6.8806793e+02
0	0	0	22	-7.5167700e+02
0	0	0	23	-6.6373340e+02
0	0	0	24	-6.8222784e+02
0	0	0	25	-6.4740784e+02
0	0	0	26	-7.4380945e+02
0	0	0	27	-7.2971765e+02
0	0	0	28	-6.5235791e+02
0	0	0	29	-6.6935901e+02
0	0	0	30	-6.7591998e+02
0	0	0	31	-6.5382031e+02
0	0	0	32	-6.6766211e+02
0	0	0	33	-7.3335712e+02
0	0	0	34	7.4385445e+01
0	0	0	35	5.9580921e+01
0	0	0	36	5.7182526e+01
0	0	0	37	-4.2192669e+00
0	0	0	38	5.0272964e+01
0	0	0	39	1.6185895e+02
0	0	0	40	4.7950039e+01
0	0	0	41	6.2699387e+01
0	0	0	42	1.8602016e+02
0	0	0	43	2.0898210e+02
0	0	0	44	2.0212959e+02
0	0	0	45	1.0092261e+02
0	0	0	46	2.2105774e+02
0	0	0	47	1.6752667e+02
0	0	0	48	1.3940784e+02
0	0	0	49	7.3722893e+01
0	0	0	50	9.0303139e+01
0	0	0	51	6.8694269e+02
0	0	0	52	7.1706519e+02
0	0	0	53	2.8203809e+02
0	0	0	54	3.1874857e+02
0	0	0	55	4.1337195e+02
0	0	0	56	6.6592694e+02
0	0	0	57	4.7318088e+02
0	0	0	58	4.2492874e+02
0	0	0	59	3.4518634e+02
0	0	0	60	4.3333725e+02
0	0	0	61	1.6848468e+02
0	0	0	62	3.2725702e+02
0	0	0	63	4.9163495e+02
0	0	1	0	-1.2745850e+02
0	0	1	1	-2.3740659e+02
0	0	1	2	-3.0968347e+02
0	0	1	3	-3.0659482e+02
0	0	1	4	-3.8459283e+02
0	0	1	5	-1.3992599e+02
0	0	1	6	-3.1983734e+02
0	0	1	7	-3.0603442e+02
0	0	1	8	-3.1726709e+02
0	0	1	9	-3.0513690e+02
0	0	1	10	-1.9532272e+02
0	0	1	11	-3.5949146e+02
0	0	1	12	-3.8994067e+02
0	0	1	13	-3.0046750e+02
0	0	1	14	-4.5469775e+02
0	0	1	15	-3.6633411e+02
0	0	1	16	-4.0459201e+02
0	0	1	17	-2.3991786e+02
0	0	1	18	-2.0008881e+02
0	0	1	19	-2.6896030e+02
0	0	1	20	-3.7661478e+02
0	0	1	21	-4.0103125e+02
0	0	1	22	-4.2486432e+02
0	0	1	23	-3.9090289e+02
0	0	1	24	-3.7107913e+02
0	0	1	25	-3.7144153e+02
0	0	1	26	-5.1527704e+02
0	0	1	27	-3.8417120e+02
0	0	1	28	-4.5768234e+02
0	0	1	29	-4.6893225e+02
0	0	1	30	-3.5623093e+02
0	0	1	31	-4.7642694e+02
0	0	1	32	-4.6444968e+02
0	0	1	33	-4.6642422e+02
0	0	1	34	1.5821277e+02
0	0	1	35	1.6822414e+02
0	0	1	36	2.1775569e+02
0	0	1	37	1.8512155e+02
0	0	1	38	3.0460242e+02
0	0	1	39	1.6861806e+02
0	0	1	40	2.5266641e+02
0	0	1	41	1.7416753e+02
0	0	1	42	2.1823099e+02
0	0	1	43	1.6394872e+02
0	0	1	44	1.7626585e+02
0	0	1	45	2.1910446e+02
0	0	1	46	1.9788083e+02
0	0	1	47	1.6543672e+02
0	0	1	48	2.1228043e+02
0	0	1	49	1.0808375e+02
0	0	1	50	2.6121829e+02
0	0	1	51	8.5040015e+02
0	0	1	52	8.1193640e+02
0	0	1	53	4.0003128e+02
0	0	1	54	4.6729849e+02
0	0	1	55	4.4783585e+02
0	0	1	56	5.8842535e+02
0	0	1	57	5.8456946e+02
0	0	1	58	5.2617426e+02
0	0	1	59	5.0015387e+02
0	0	1	60	5.0686179e+02
0	0	1	61	5.0320383e+02
0	0	1	62	5.0215875e+02
0	0	1	63	5.9443591e+02
0	0	2	0	-8.2579979e+01
0	0	2	1	-4.0476831e+02
0	0	2	2	-1.0514930e+02
0	0	2	3	-1.0012656e+02
0	0	2	4	-1.5447754e+02
0	0	2	5	-1.7213087e+02
0	0	2	6	-1.1458259e+02
0	0	2	7	-1.9960907e+02
0	0	2	8	-1.7477130e+02
0	0	2	9	-1.8296600e+02
0	0	2	10	-1.7731921e+02
0	0	2	11	-1.3254947e+02
0	0	2	12	-3.3739789e+02
0	0	2	13	-4.6259949e+02
0	0	2	14	-9.5150185e+01
0	0	2	15	-1.4514198e+02
0	0	2	16	-2.5900638e+02
0	0	2	17	-2.9529645e+02
0	0	2	18	-2.5914694e+02
0	0	2	19	-2.8881012e+02
0	0	2	20	-3.9965582e+02
0	0	2	21	-1.6267146e+02
0	0	2	22	-2.6396338e+02
0	0	2	23	-3.4878342e+02
0	0	2	24	-5.0815909e+02
0	0	2	25	-2.3533420e+02
0	0	2	26	-2.8326059e+02
0	0	2	27	-3.5474524e+02
0	0	2	28	-2.9014807e+02
0	0	2	29	-5.0243332e+02
0	0	2	30	-1.9182199e+02
0	0	2	31	-5.4315125e+02
0	0	2	32	-3.0533835e+02
0	0	2	33	-3.1061914e+02
0	0	2	34	3.4306699e+02
0	0	2	35	4.2949176e+02
0	0	2	36	3.7689740e+02
0	0	2	37	3.0595770e+02
0	0	2	38	2.9851877e+02
0	0	2	39	3.1961957e+02
0	0	2	40	3.7701862e+02
0	0	2	41	3.2056335e+02
0	0	2	42	3.5457794e+02
0	0	2	43	4.0851617e+02
0	0	2	44	3.1531763e+02
0	0	2	45	2.6662027e+02
0	0	2	46	3.0187561e+02
0	0	2	47	3.3096423e+02
0	0	2	48	4.4610995e+02
0	0	2	49	2.6710358e+02
0	0	2	50	3.0131778e+02
0	0	2	51	1.0334285e+03
0	0	2	52	1.0186568e+03
0	0	2	53	4.1497125e+02
0	0	2	54	6.6258990e+02
0	0	2	55	6.5996094e+02
0	0	2	56	6.3376471e+02
0	0	2	57	7.3448737e+02
0	0	2	58	7.1647394e+02
0	0	2	59	6.0026471e+02
0	0	2	60	7.3847449e+02
0	0	2	61	5.5634998e+02
0	0	2	62	7.1443250e+02
0	0	2	63	7.7424780e+02
0	0	3	0	-3.3156622e+02
0	0	3	1	-5.2378571e+02
0	0	3	2	-4.1404599e+02
0	0	3	3	-6.4586053e+02
0	0	3	4	-4.4616867e+02
0	0	3	5	-4.8113815e+02
0	0	3	6	-4.6953845e+02
0	0	3	7	-5.3173334e+02
0	0	3	8	-6.4044159e+02
0	0	3	9	-4.8063657e+02
0	0	3	10	-5.2110437e+02
0	0	3	11	-5.1845410e+02
0	0	3	12	-5.5316583e+02
0	0	3	13	-4.8214661e+02
0	0	3	14	-4.9229266e+02
0	0	3	15	-4.3508411e+02
0	0	3	16	-5.6499829e+02
0	0	3	17	-5.1620630e+02
0	0	3	18	-6.5035266e+02
0	0	3	19	-5.7927728e+02
0	0	3	20	-6.7903320e+02
0	0	3	21	-7.2110364e+02
0	0	3	22	-6.2003290e+02
0	0	3	23	-4.6012363e+02
0	0	3	24	-8.4832263e+02
0	0	3	25	-6.5177380e+02
0	0	3	26	-6.4402710e+02
0	0	3	27	-5.9570819e+02
0	0	3	28	-7.3635785e+02
0	0	3	29	-6.9012030e+02
0	0	3	30	-8.2444232e+02
0	0	3	31	-6.5851019e+02
0	0	3	32	-6.6853528e+02
0	0	3	33	-7.5844769e+02
0	0	3	34	-1.2861888e+02
0	0	3	35	-8.7784073e+01
0	0	3	36	-1.9830507e+01
0	0	3	37	-1.1691026e+01
0	0	3	38	7.3988213e+01
0	0	3	39	-5.8934067e+01
0	0	3	40	-8.8940325e+00
0	0	3	41	4.4222351e+01
0	0	3	42	9.4552132e+01
0	0	3	43	-3.8737793e+01
0	0	3	44	5.7692257e+01
0	0	3	45	-1.6830692e+02
0	0	3	46	1.4801851e+01
0	0	3	47	-2.1659512e+02
0	0	3	48	-3.4410690e+01
0	0	3	49	5.9409203e+01
0	0	3	50	-3.6591541e+01
0	0	3	51	5.1187909e+02
0	0	3	52	6.2010059e+02
0	0	3	53	2.4106503e+02
0	0	3	54	3.3553085e+02
0	0	3	55	3.6990305e+02
0	0	3	56	2.6680203e+02
0	0	3	57	3.8974948e+02
0	0	3	58	2.8151865e+02
0	0	3	59	3.2074054e+02
0	0	3	60	2.9138431e+02
0	0	3	61	2.7438882e+02
0	0	3	62	2.4676421e+02
0	0	3	63	4.1348334e+02
0	0	4	0	-1.6570393e+02
0	0	4	1	-3.9997040e+02
0	0	4	2	-1.5245880e+02
0	0	4	3	-2.6652182e+02
0	0	4	4	-2.1180174e+02
0	0	4	5	-2.0981636e+02
0	0	4	6	-1.7995396e+02
0	0	4	7	-2.1674466e+02
0	0	4	8	-3.2640125e+02
0	0	4	9	-1.2924800e+02
0	0	4	10	-4.3272153e+02
0	0	4	11	-2.1204240e+02
0	0	4	12	-4.2614380e+02
0	0	4	13	-2.5694122e+02
0	0	4	14	-2.0935181e+02
0	0	4	15	-2.6903958e+02
0	0	4	16	-3.2872897e+02
0	0	4	17	-4.1331863e+02
0	0	4	18	-3.1282690e+02
0	0	4	19	-4.1480688e+02
0	0	4	20	-4.2611285e+02
0	0	4	21	-4.1242993e+02
0	0	4	22	-4.7792950e+02
0	0	4	23	-3.3919135e+02
0	0	4	24	-3.4700565e+02
0	0	4	25	-2.3918605e+02
0	0	4	26	-3.3374976e+02
0	0	4	27	-2.8482861e+02
0	0	4	28	-2.9162427e+02
0	0	4	29	-4.1614267e+02
0	0	4	30	-4.6254599e+02
0	0	4	31	-3.6666525e+02
0	0	4	32	-3.7723044e+02
0	0	4	33	-6.6341498e+02
0	0	4	34	2.9730438e+02
0	0	4	35	2.9268552e+02
0	0	4	36	1.2759732e+02
0	0	4	37	2.7382083e+02
0	0	4	38	3.1069754e+02
0	0	4	39	1.4055672e+02
0	0	4	40	2.7182382e+02
0	0	4	41	3.2436325e+02
0	0	4	42	3.4263135e+02
0	0	4	43	3.4298032e+02
0	0	4	44	4.1821631e+02
0	0	4	45	3.8013058e+02
0	0	4	46	3.6522791e+02
0	0	4	47	2.6023447e+02
0	0	4	48	4.0116168e+02
0	0	4	49	4.1598914e+02
0	0	4	50	2.9908893e+02
0	0	4	51	8.1081921e+02
0	0	4	52	1.0770433e+03
0	0	4	53	5.5396759e+02
0	0	4	54	6.5972046e+02
0	0	4	55	5.0019623e+02
0	0	4	56	6.3042139e+02
0	0	4	57	8.0224426e+02
0	0	4	58	6.5125775e+02
0	0	4	59	7.1042236e+02
0	0	4	60	6.4059924e+02
0	0	4	61	5.9675153e+02
0	0	4	62	6.1915991e+02
0	0	4	63	4.3751981e+02
0	0	5	0	-7.2120624e+02
0	0	5	1	-7.1591589e+02
0	0	5	2	-7.5894336e+02
0	0	5	3	-7.2381104e+02
0	0	5	4	-8.3870837e+02
0	0	5	5	-7.6148608e+02
0	0	5	6	-7.9234900e+02
0	0	5	7	-7.5254572e+02
0	0	5	8	-8.8208704e+02
0	0	5	9	-7.0708337e+02
0	0	5	10	-7.5029834e+02
0	0	5	11	-7.4803845e+02
0	0	5	12	-7.8792542e+02
0	0	5	13	-7.6967090e+02
0	0	5	14	-7.6398920e+02
0	0	5	15	-9.1538251e+02
0	0	5	16	-6.7286914e+02
0	0	5	17	-9.9380096e+02
0	0	5	18	-9.2142004e+02
0	0	5	19	-7.4750201e+02
0	0	5	20	-1.0863568e+03
0	0	5	21	-8.8183875e+02
0	0	5	22	-8.6621655e+02
0	0	5	23	-8.2237402e+02
0	0	5	24	-8.6723639e+02
0	0	5	25	-1.0171668e+03
0	0	5	26	-8.7376416e+02
0	0	5	27	-1.0219878e+03
0	0	5	28	-9.4354205e+02
0	0	5	29	-9.3186597e+02
0	0	5	30	-8.3613965e+02
0	0	5	31	-9.4334082e+02
0	0	5	32	-9.4102899e+02
0	0	5	33	-8.4792773e+02
0	0	5	34	-2.8628027e+02
0	0	5	35	-2.8803360e+02
0	0	5	36	-1.4519243e+02
0	0	5	37	-2.8669571e+02
0	0	5	38	-1.3419371e+02
0	0	5	39	-2.6640652e+02
0	0	5	40	-2.7911282e+02
0	0	5	41	-2.3404735e+02
0	0	5	42	-1.0959768e+02
0	0	5	43	-2.2178462e+02
0	0	5	44	-1.1717278e+02
0	0	5	45	-1.7236745e+02
0	0	5	46	-1.4797830e+02
0	0	5	47	-2.1211504e+02
0	0	5	48	-3.2007123e+02
0	0	5	49	-1.0180795e+02
0	0	5	50	-2.0415759e+02
0	0	5	51	4.7960303e+02
0	0	5	52	4.0217764e+02
0	0	5	53	1.0715006e+02
0	0	5	54	1.9728729e+02
0	0	5	55	1.4196376e+02
0	0	5	56	2.2253630e+02
0	0	5	57	1.5463300e+02
0	0	5	58	1.4518965e+02
0	0	5	59	1.9184409e+02
0	0	5	60	3.6342846e+01
0	0	5	61	1.1298129e+02
0	0	5	62	1.6425923e+02
0	0	5	63	2.5660034e+02
0	0	6	0	-2.2890565e+02
0	0	6	1	-1.9476837e+02
0	0	6	2	-2.5540894e+02
0	0	6	3	-3.1025690e+02
0	0	6	4	-2.1284097e+02
0	0	6	5	-1.0530145e+02
0	0	6	6	-6.5060051e+01
0	0	6	7	-1.8759758e+02
0	0	6	8	-1.5936528e+02
0	0	6	9	-1.3747575e+02
0	0	6	10	-1.8700323e+02
0	0	6	11	-1.4694969e+02
0	0	6	12	-1.8068990e+02
0	0	6	13	-1.4125719e+02
0	0	6	14	-1.8608623e+02
0	0	6	15	-1.7440752e+02
0	0	6	16	-5.1110901e+02
0	0	6	17	-3.3763217e+02
0	0	6	18	-2.8035544e+02
0	0	6	19	-2.7595724e+02
0	0	6	20	-3.8030008e+02
0	0	6	21	-2.7666669e+02
0	0	6	22	-2.2206091e+02
0	0	6	23	-2.4758122e+02
0	0	6	24	-2.4314838e+02
0	0	6	25	-2.0712251e+02
0	0	6	26	-3.8403159e+02
0	0	6	27	-3.0241022e+02
0	0	6	28	-3.0837158e+02
0	0	6	29	-4.4613425e+02
0	0	6	30	-3.4762726e+02
0	0	6	31	-4.2248077e+02
0	0	6	32	-2.9000656e+02
0	0	6	33	-5.8881915e+02
0	0	6	34	3.7057974e+02
0	0	6	35	2.7169809e+02
0	0	6	36	3.9365775e+02
0	0	6	37	5.0780728e+02
0	0	6	38	3.4620126e+02
0	0	6	39	3.7414700e+02
0	0	6	40	3.0173270e+02
0	0	6	41	2.4592760e+02
0	0	6	42	4.3348431e+02
0	0	6	43	4.0746359e+02
0	0	6	44	5.6572089e+02
0	0	6	45	4.3433377e+02
0	0	6	46	6.4298016e+02
0	0	6	47	2.8743539e+02
0	0	6	48	4.7428162e+02
0	0	6	49	6.3298230e+02
0	0	6	50	3.3572501e+02
0	0	6	51	9.7281183e+02
0	0	6	52	8.9955194e+02
0	0	6	53	5.4075629e+02
0	0	6	54	4.4877112e+02
0	0	6	55	8.3853046e+02
0	0	6	56	7.0002441e+02
0	0	6	57	7.2708252e+02
0	0	6	58	6.2672028e+02
0	0	6	59	6.5705084e+02
0	0	6	60	7.7021704e+02
0	0	6	61	7.7699097e+02
0	0	6	62	7.1796857e+02
0	0	6	63	8.3555261e+02
0	0	7	0	-9.7092361e+01
0	0	7	1	-3.7096960e+02
0	0	7	2	-3.0470972e+02
0	0	7	3	-3.8037973e+02
0	0	7	4	-4.8473975e+02
0	0	7	5	-3.2022662e+02
0	0	7	6	-4.5102112e+02
0	0	7	7	-4.2159360e+02
0	0	7	8	-4.1206381e+02
0	0	7	9	-3.0384009e+02
0	0	7	10	-4.3645157e+02
0	0	7	11	-4.4453290e+02
0	0	7	12	-6.7964996e+02
0	0	7	13	-4.5158640e+02
0	0	7	14	-6.8351959e+02
0	0	7	15	-3.8550012e+02
0	0	7	16	-6.8980035e+02
0	0	7	17	-4.7890057e+02
0	0	7	18	-5.2703925e+02
0	0	7	19	-3.3238052e+02
0	0	7	20	-6.3427985e+02
0	0	7	21	-6.4844147e+02
0	0	7	22	-5.3596106e+02
0	0	7	23	-5.8056909e+02
0	0	7	24	-7.0017889e+02
0	0	7	25	-4.5158429e+02
0	0	7	26	-4.8945901e+02
0	0	7	27	-5.7341394e+02
0	0	7	28	-5.7510309e+02
0	0	7	29	-5.8132922e+02
0	0	7	30	-5.8613940e+02
0	0	7	31	-7.0209967e+02
0	0	7	32	-7.0140198e+02
0	0	7	33	-6.4711334e+02
0	0	7	34	-7.6719810e+01
0	0	7	35	-1.8094073e+02
0	0	7	36	4.7188862e+01
0	0	7	37	1.7738194e+02
0	0	7	38	-1.7187321e+01
0	0	7	39	1.1049873e+02
0	0	7	40	7.1621964e+01
0	0	7	41	-1.8218489e+01
0	0	7	42	1.4317097e+02
0	0	7	43	1.9454512e+01
0	0	7	44	-1.1911052e+00
0	0	7	45	-5.7971008e+01
0	0	7	46	1.7078897e+02
0	0	7	47	1.6102754e+02
0	0	7	48	9.9363281e+01
0	0	7	49	1.5239291e+02
0	0	7	50	1.0664499e+02
0	0	7	51	7.0521667e+02
0	0	7	52	5.3766803e+02
0	0	7	53	2.8466257e+02
0	0	7	54	2.7759583e+02
0	0	7	55	3.3164526e+02
0	0	7	56	4.3524762e+02
0	0	7	57	4.1157352e+02
0	0	7	58	1.8892921e+02
0	0	7	59	4.0324979e+02
0	0	7	60	3.9938004e+02
0	0	7	61	1.8548161e+02
0	0	7	62	3.2517307e+02
0	0	7	63	4.6402600e+02
0	0	8	0	-2.6995496e+02
0	0	8	1	-3.9016064e+02
0	0	8	2	-2.1561372e+02
0	0	8	3	-3.5316519e+02
0	0	8	4	-2.9666550e+02
0	0	8	5	-5.5045203e+02
0	0	8	6	-5.7546375e+02
0	0	8	7	-2.0127502e+02
0	0	8	8	-3.0498154e+02
0	0	8	9	-4.0947495e+02
0	0	8	10	-3.5125317e+02
0	0	8	11	-5.3668536e+02
0	0	8	12	-4.0184174e+02
0	0	8	13	-4.7710043e+02
0	0	8	14	-6.2754901e+02
0	0	8	15	-4.4795844e+02
0	0	8	16	-7.7049072e+02
0	0	8	17	-5.1173831e+02
0	0	8	18	-6.6978784e+02
0	0	8	19	-6.3955060e+02
0	0	8	20	-4.6884781e+02
0	0	8	21	-5.8488031e+02
0	0	8	22	-4.0791913e+02
0	0	8	23	-5.6869110e+02
0	0	8	24	-5.6623938e+02
0	0	8	25	-4.9516891e+02
0	0	8	26	-7.4835400e+02
0	0	8	27	-5.8270764e+02
0	0	8	28	-5.7291345e+02
0	0	8	29	-5.2829602e+02
0	0	8	30	-5.0565472e+02
0	0	8	31	-4.0270779e+02
0	0	8	32	-5.0888693e+02
0	0	8	33	-5.3345764e+02
0	0	8	34	1.8426225e+02
0	0	8	35	2.0289125e+02
0	0	8	36	2.3785803e+02
0	0	8	37	1.4554271e+02
0	0	8	38	-2.7646963e+01
0	0	8	39	1.5225601e+02
0	0	8	40	1.8347533e+02
0	0	8	41	1.2636108e+02
0	0	8	42	2.4371233e+02
0	0	8	43	2.5525569e+02
0	0	8	44	2.5228600e+02
0	0	8	45	1.9889047e+02
0	0	8	46	-1.5478199e+01
0	0	8	47	1.6999451e+02
0	0	8	48	2.1322638e+02
0	0	8	49	1.6041180e+02
0	0	8	50	2.7300394e+02
0	0	8	51	6.6525494e+02
0	0	8	52	7.7797021e+02
0	0	8	53	4.4861823e+02
0	0	8	54	4.6060800e+02
0	0	8	55	4.9523480e+02
0	0	8	56	6.9470258e+02
0	0	8	57	5.7135889e+02
0	0	8	58	4.4674362e+02
0	0	8	59	4.4998090e+02
0	0	8	60	5.1674414e+02
0	0	8	61	2.2124075e+02
0	0	8	62	2.9771698e+02
0	0	8	63	5.0600449e+02
0	0	9	0	-7.5359406e+02
0	0	9	1	-5.7407257e+02
0	0	9	2	-5.9849689e+02
0	0	9	3	-5.3669757e+02
0	0	9	4	-6.5491461e+02
0	0	9	5	-6.5635309e+02
0	0	9	6	-6.7160345e+02
0	0	9	7	-6.3863873e+02
0	0	9	8	-6.6986511e+02
0	0	9	9	-6.4494043e+02
0	0	9	10	-6.5624152e+02
0	0	9	11	-6.1412317e+02
0	0	9	12	-8.7104163e+02
0	0	9	13	-6.4977490e+02
0	0	9	14	-7.1272437e+02
0	0	9	15	-4.8165750e+02
0	0	9	16	-8.5013092e+02
0	0	9	17	-7.5067413e+02
0	0	9	18	-7.1224597e+02
0	0	9	19	-8.7823145e+02
0	0	9	20	-8.8405457e+02
0	0	9	21	-7.8789001e+02
0	0	9	22	-7.3398450e+02
0	0	9	23	-6.9150781e+02
0	0	9	24	-7.8175867e+02
0	0	9	25	-8.7892328e+02
0	0	9	26	-7.5763159e+02
0	0	9	27	-8.2817310e+02
0	0	9	28	-8.4880627e+02
0	0	9	29	-8.7358374e+02
0	0	9	30	-9.0784613e+02
0	0	9	31	-9.1723163e+02
0	0	9	32	-9.2032483e+02
0	0	9	33	-8.4416925e+02
0	0	9	34	-1.9639023e+02
0	0	9	35	-3.2392288e+02
0	0	9	36	-4.5484707e+01
0	0	9	37	-1.7937242e+02
0	0	9	38	-1.0507610e+02
0	0	9	39	-2.4832611e+02
0	0	9	40	1.8187075e+01
0	0	9	41	-2.1697928e+02
0	0	9	42	-1.9532510e+02
0	0	9	43	-3.9034406e+02
0	0	9	44	-5.8568413e+01
0	0	9	45	-2.4312479e+02
0	0	9	46	-7.0064713e+01
0	0	9	47	-1.4115622e+02
0	0	9	48	-1.4967029e+02
0	0	9	49	-3.0383649e+02
0	0	9	50	-1.3484210e+02
0	0	9	51	5.0104895e+02
0	0	9	52	5.1994196e+02
0	0	9	53	1.3018813e+02
0	0	9	54	1.8191165e+02
0	0	9	55	1.0187781e+02
0	0	9	56	1.9324071e+02
0	0	9	57	2.7462625e+02
0	0	9	58	2.4701999e+02
0	0	9	59	5.3524456e+01
0	0	9	60	1.3538486e+02
0	0	9	61	1.0775645e+02
0	0	9	62	1.2045645e+02
0	0	9	63	2.0773758e+02
0	0	10	0	-1.8035463e+02
0	0	10	1	-2.3698134e+02
0	0	10	2	-3.5008488e+01
0	0	10	3	-3.5073615e+02
0	0	10	4	-1.0402962e+02
0	0	10	5	-6.5837425e+01
0	0	10	6	-1.8549985e+02
0	0	10	7	5.3125221e+01
0	0	10	8	-2.0030920e+02
0	0	10	9	-1.5471152e+02
0	0	10	10	-1.4777715e+02
0	0	10	11	-1.5149883e+02
0	0	10	12	-1.8656982e+02
0	0	10	13	-1.4511641e+02
0	0	10	14	-2.1679655e+02
0	0	10	15	-2.2903070e+02
0	0	10	16	-3.2016510e+02
0	0	10	17	-4.9314066e+02
0	0	10	18	-3.5790314e+02
0	0	10	19	-4.0077078e+02
0	0	10	20	-1.9519875e+02
0	0	10	21	-2.9004028e+02
0	0	10	22	-3.8668295e+02
0	0	10	23	-2.7005450e+02
0	0	10	24	-4.6819598e+02
0	0	10	25	-2.5045209e+02
0	0	10	26	-3.4493250e+02
0	0	10	27	9.9497490e+03
0	0	10	28	-3.0595636e+02
0	0	10	29	-4.6529309e+02
0	0	10	30	-4.9891171e+02
0	0	10	31	-2.7210587e+02
0	0	10	32	-3.3192447e+02
0	0	10	33	-3.1006403e+02
0	0	10	34	3.1641125e+02
0	0	10	35	1.9844101e+02
0	0	10	36	4.2906424e+02
0	0	10	37	3.9255664e+02
0	0	10	38	4.3213806e+02
0	0	10	39	4.0070856e+02
0	0	10	40	4.0237314e+02
0	0	10	41	5.0178839e+02
0	0	10	42	2.1812349e+02
0	0	10	43	4.2434729e+02
0	0	10	44	3.4057095e+02
0	0	10	45	3.3836096e+02
0	0	10	46	2.5354041e+02
0	0	10	47	3.4916885e+02
0	0	10	48	3.7052029e+02
0	0	10	49	3.7621399e+02
0	0	10	50	3.3337036e+02
0	0	10	51	9.1155304e+02
0	0	10	52	1.0640615e+03
0	0	10	53	5.8072528e+02
0	0	10	54	6.4155518e+02
0	0	10	55	6.9963721e+02
0	0	10	56	8.5398053e+02
0	0	10	57	8.4398138e+02
0	0	10	58	8.2415643e+02
0	0	10	59	7.3148669e+02
0	0	10	60	7.7109955e+02
0	0	10	61	5.0712955e+02
0	0	10	62	6.2534583e+02
0	0	10	63	6.3711920e+02
0	0	11	0	-2.4489621e+02
0	0	11	1	-5.3254474e+02
0	0	11	2	-3.5559189e+02
0	0	11	3	-3.6456671e+02
0	0	11	4	-3.9403662e+02
0	0	11	5	-4.0051767e+02
0	0	11	6	-3.4554160e+02
0	0	11	7	-4.6739297e+02
0	0	11	8	-4.2264420e+02
0	0	11	9	-5.7153253e+02
0	0	11	10	-4.4701437e+02
0	0	11	11	-3.8517441e+02
0	0	11	12	-6.1569489e+02
0	0	11	13	-5.8091785e+02
0	0	11	14	-5.9736047e+02
0	0	11	15	-3.5452921e+02
0	0	11	16	-8.2659772e+02
0	0	11	17	-5.0674585e+02
0	0	11	18	-6.0612085e+02
0	0	11	19	-5.6151947e+02
0	0	11	20	-5.6082477e+02
0	0	11	21	-5.4966895e+02
0	0	11	22	-4.8083423e+02
0	0	11	23	-5.1676917e+02
0	0	11	24	-5.1757953e+02
0	0	11	25	-8.4588959e+02
0	0	11	26	-7.3702710e+02
0	0	11	27	-5.2043341e+02
0	0	11	28	-6.2554773e+02
0	0	11	29	-6.1940656e+02
0	0	11	30	-5.2902399e+02
0	0	11	31	-5.3844238e+02
0	0	11	32	-5.7644550e+02
0	0	11	33	-5.9129242e+02
0	0	11	34	1.4236838e+02
0	0	11	35	1.5096440e+02
0	0	11	36	3.2639749e+02
0	0	11	37	2.1820566e+02
0	0	11	38	1.3268002e+02
0	0	11	39	1.4155644e+02
0	0	11	40	2.9876181e+02
0	0	11	41	2.0803290e+02
0	0	11	42	9.8513329e+01
0	0	11	43	1.7132796e+02
0	0	11	44	2.3517723e+02
0	0	11	45	1.7148457e+02
0	0	11	46	1.7098608e+02
0	0	11	47	8.7561325e+01
0	0	11	48	1.1212531e+02
0	0	11	49	1.6383057e+02
0	0	11	50	2.2385158e+02
0	0	11	51	5.2742114e+02
0	0	11	52	7.7645624e+02
0	0	11	53	4.0333786e+02
0	0	11	54	3.0641962e+02
0	0	11	55	5.3454053e+02
0	0	11	56	5.5157898e+02
0	0	11	57	5.6813928e+02
0	0	11	58	4.8496179e+02
0	0	11	59	3.1200400e+02
0	0	11	60	4.0668701e+02
0	0	11	61	4.0266913e+02
0	0	11	62	3.6534061e+02
0	0	11	63	4.1788150e+02
0	0	12	0	-7.6628752e+00
0	0	12	1	-1.2633333e+02
0	0	12	2	-6.4076294e+01
0	0	12	3	-3.5806438e+01
0	0	12	4	-1.4209979e+02
0	0	12	5	-1.3820621e+02
0	0	12	6	-1.7215353e+02
0	0	12	7	-1.6930219e+02
0	0	12	8	-1.0575636e+02
0	0	12	9	-1.5263255e+01
0	0	12	10	-2.5133534e+02
0	0	12	11	-1.8596277e+01
0	0	12	12	-2.8696729e+02
0	0	12	13	-1.2814017e+02
0	0	12	14	-1.5594206e+02
0	0	12	15	-7.3080482e+01
0	0	12	16	-3.6720590e+02
0	0	12	17	-3.3374417e+02
0	0	12	18	-9.3549065e+01
0	0	12	19	-4.7091104e+02
0	0	12	20	-3.9246167e+02
0	0	12	21	-3.2605078e+02
0	0	12	22	-2.6759418e+02
0	0	12	23	-2.7664676e+02
0	0	12	24	-4.5094623e+02
0	0	12	25	-1.6263518e+02
0	0	12	26	-3.1951938e+02
0	0	12	27	-3.0682642e+02
0	0	12	28	-2.3875705e+02
0	0	12	29	-4.6460184e+02
0	0	12	30	-3.4109613e+02
0	0	12	31	-4.6375626e+02
0	0	12	32	-4.0393872e+02
0	0	12	33	-3.7007077e+02
0	0	12	34	4.7408484e+02
0	0	12	35	4.0549823e+02
0	0	12	36	3.7111127e+02
0	0	12	37	4.4443323e+02
0	0	12	38	3.7686063e+02
0	0	12	39	3.9307217e+02
0	0	12	40	4.5874222e+02
0	0	12	41	3.1426025e+02
0	0	12	42	4.5462729e+02
0	0	12	43	4.6159561e+02
0	0	12	44	5.8635449e+02
0	0	12	45	3.4702524e+02
0	0	12	46	4.8883490e+02
0	0	12	47	3.6235715e+02
0	0	12	48	4.6629025e+02
0	0	12	49	4.3826242e+02
0	0	12	50	3.6531784e+02
0	0	12	51	1.1285205e+03
0	0	12	52	9.9833203e+02
0	0	12	53	5.6296771e+02
0	0	12	54	7.1403082e+02
0	0	12	55	8.0544647e+02
0	0	12	56	7.1037762e+02
0	0	12	57	8.8211151e+02
0	0	12	58	6.4356506e+02
0	0	12	59	7.6690991e+02
0	0	12	60	7.3405328e+02
0	0	12	61	6.9438440e+02
0	0	12	62	6.7238849e+02
0	0	12	63	7.3834064e+02
0	0	13	0	-4.5175223e+02
0	0	13	1	-7.2049603e+02
0	0	13	2	-4.7414218e+02
0	0	13	3	-4.8955005e+02
0	0	13	4	-4.7737082e+02
0	0	13	5	-4.8035278e+02
0	0	13	6	-5.4889697e+02
0	0	13	7	-4.1186292e+02
0	0	13	8	-5.6916925e+02
0	0	13	9	-4.0707510e+02
0	0	13	10	-4.2939874e+02
0	0	13	11	-6.4251068e+02
0	0	13	12	-5.4994012e+02
0	0	13	13	-4.8425812e+02
0	0	13	14	-7.9951562e+02
0	0	13	15	-4.8969601e+02
0	0	13	16	-6.2986377e+02
0	0	13	17	-6.2470038e+02
0	0	13	18	-7.0044128e+02
0	0	13	19	-6.1738885e+02
0	0	13	20	-8.0407562e+02
0	0	13	21	-5.9428284e+02
0	0	13	22	-6.1233221e+02
0	0	13	23	-6.1433032e+02
0	0	13	24	-6.8413910e+02
0	0	13	25	-5.2975275e+02
0	0	13	26	-7.2708075e+02
0	0	13	27	-8.0757831e+02
0	0	13	28	-5.5652002e+02
0	0	13	29	-6.9354218e+02
0	0	13	30	-6.4128204e+02
0	0	13	31	-9.5534778e+02
0	0	13	32	-6.4261774e+02
0	0	13	33	-5.6929602e+02
0	0	13	34	1.3859631e+02
0	0	13	35	3.9183823e+01
0	0	13	36	-1.0052551e+02
0	0	13	37	1.9927840e+02
0	0	13	38	4.4597137e+01
0	0	13	39	7.0859055e+01
0	0	13	40	8.0043686e+01
0	0	13	41	7.3000021e+00
0	0	13	42	1.0695860e+02
0	0	13	43	1.1319230e+02
0	0	13	44	1.7182347e+02
0	0	13	45	1.0469055e+02
0	0	13	46	1.3820424e+02
0	0	13	47	7.9727783e+01
0	0	13	48	1.4684589e+02
0	0	13	49	1.0094228e+02
0	0	13	50	1.0449134e+01
0	0	13	51	8.1487805e+02
0	0	13	52	8.8055548e+02
0	0	13	53	1.0835549e+02
0	0	13	54	6.6112903e+02
0	0	13	55	4.4091223e+02
0	0	13	56	6.7999371e+02
0	0	13	57	3.8628049e+02
0	0	13	58	5.3443585e+02
0	0	13	59	4.3334485e+02
0	0	13	60	4.0883820e+02
0	0	13	61	4.2975034e+02
0	0	13	62	4.0049075e+02
0	0	13	63	3.6598489e+02
0	0	14	0	-1.3379105e+02
0	0	14	1	-1.6633698e+02
0	0	14	2	-2.3940033e+02
0	0	14	3	-2.5187790e+02
0	0	14	4	-2.4484322e+02
0	0	14	5	-3.7123611e+02
0	0	14	6	-2.6180807e+02
0	0	14	7	-2.3013455e+02
0	0	14	8	-3.6788681e+02
0	0	14	9	-1.3066721e+02
0	0	14	10	-3.9685602e+02
0	0	14	11	-2.3752818e+02
0	0	14	12	-5.0254913e+02
0	0	14	13	-2.9690277e+02
0	0	14	14	-3.7265237e+02
0	0	14	15	-2.6846548e+02
0	0	14	16	-4.2085001e+02
0	0	14	17	-4.0380768e+02
0	0	14	18	-4.5815668e+02
0	0	14	19	-3.2571567e+02
0	0	14	20	-3.9666541e+02
0	0	14	21	-3.6701175e+02
0	0	14	22	-4.1253171e+02
0	0	14	23	-2.9990982e+02
0	0	14	24	-4.5033521e+02
0	0	14	25	-4.2357849e+02
0	0	14	26	-3.4076465e+02
0	0	14	27	-2.7819302e+02
0	0	14	28	-2.9520724e+02
0	0	14	29	-4.1418109e+02
0	0	14	30	-5.1887134e+02
0	0	14	31	-5.4931390e+02
0	0	14	32	-4.1438187e+02
0	0	14	33	-2.7776285e+02
0	0	14	34	1.3475893e+02
0	0	14	35	-8.9965229e+00
0	0	14	36	3.7057654e+02
0	0	14	37	2.1902623e+02
0	0	14	38	1.9994733e+02
0	0	14	39	6.9250969e+01
0	0	14	40	2.2184158e+02
0	0	14	41	1.1233075e+02
0	0	14	42	2.3938115e+02
0	0	14	43	8.4049431e+01
0	0	14	44	3.6519226e+02
0	0	14	45	3.2401794e+02
0	0	14	46	3.5022586e+02
0	0	14	47	1.6548984e+02
0	0	14	48	3.3474396e+02
0	0	14	49	3.0918842e+02
0	0	14	50	1.4857921e+02
0	0	14	51	9.3375214e+02
0	0	14	52	8.5627081e+02
0	0	14	53	5.4544098e+02
0	0	14	54	4.7580139e+02
0	0	14	55	6.0366656e+02
0	0	14	56	7.2518457e+02
0	0	14	57	7.6328394e+02
0	0	14	58	5.4720898e+02
0	0	14	59	5.8036560e+02
0	0	14	60	5.8323584e+02
0	0	14	61	3.1170609e+02
0	0	14	62	4.1557675e+02
0	0	14	63	5.8748358e+02
0	0	15	0	7.1052063e+01
0	0	15	1	-6.6341736e+01
0	0	15	2	-1.8156052e+02
0	0	15	3	-2.4916049e+02
0	0	15	4	-3.3634198e+02
0	0	15	5	-1.1103848e+02
0	0	15	6	-3.4701678e+02
0	0	15	7	-8.0386826e+01
0	0	15	8	-2.2389813e+02
0	0	15	9	-7.0644447e+01
0	0	15	10	-1.3680760e+02
0	0	15	11	-2.6796841e+02
0	0	15	12	-3.1620270e+02
0	0	15	13	-2.7661996e+02
0	0	15	14	-2.3742326e+02
0	0	15	15	-2.0525467e+02
0	0	15	16	-9.9807129e+01
0	0	15	17	-2.2268114e+02
0	0	15	18	-3.4890863e+02
0	0	15	19	9.9497490e+03
0	0	15	20	-2.8472150e+02
0	0	15	21	-3.2942465e+02
0	0	15	22	-3.3804324e+02
0	0	15	23	-3.2198007e+02
0	0	15	24	-2.9735397e+02
0	0	15	25	-3.4003476e+02
0	0	15	26	-5.4421533e+02
0	0	15	27	-5.5553827e+02
0	0	15	28	-1.8537640e+02
0	0	15	29	-3.4259784e+02
0	0	15	30	-3.1942490e+02
0	0	15	31	-4.2930853e+02
0	0	15	32	-3.3613431e+02
0	0	15	33	-5.5178912e+02
0	0	15	34	1.8840892e+02
0	0	15	35	2.3479971e+02
0	0	15	36	3.3954614e+02
0	0	15	37	3.4773535e+02
0	0	15	38	3.1000403e+02
0	0	15	39	2.6856073e+02
0	0	15	40	3.5184839e+02
0	0	15	41	2.9517010e+02
0	0	15	42	2.9374396e+02
0	0	15	43	2.1373633e+02
0	0	15	44	2.5507367e+02
0	0	15	45	1.5001427e+02
0	0	15	46	1.8931541e+02
0	0	15	47	2.6197650e+02
0	0	15	48	3.1134946e+02
0	0	15	49	2.8108017e+02
0	0	15	50	3.8259564e+02
0	0	15	51	1.0243232e+03
0	0	15	52	8.5795142e+02
0	0	15	53	5.8743732e+02
0	0	15	54	4.2144720e+02
0	0	15	55	4.6681573e+02
0	0	15	56	8.7584772e+02
0	0	15	57	8.3754132e+02
0	0	15	58	4.7448520e+02
0	0	15	59	6.5002344e+02
0	0	15	60	6.1036926e+02
0	0	15	61	6.2805396e+02
0	0	15	62	6.8096240e+02
0	0	15	63	7.0926532e+02
0	1	0	0	1.6394663e+01
0	1	0	1	-3.9669701e+01
0	1	0	2	-5.0258926e+01
0	1	0	3	1.5194948e+01
0	1	0	4	-4.5939388e+01
0	1	0	5	-2.0689642e+02
0	1	0	6	-1.1223651e+02
0	1	0	7	1.3815531e+00
0	1	0	8	-2.2603760e+02
0	1	0	9	3.7158375e+01
0	1	0	10	-3.8615196e+01
0	1	0	11	-2.0110782e+02
0	1	0	12	-4.3785309e+01
0	1	0	13	-1.1563609e+02
0	1	0	14	-2.0327995e+01
0	1	0	15	2.3632355e+01
0	1	0	16	-2.3431427e+02
0	1	0	17	-4.0986322e+02
0	1	0	18	-1.4772453e+02
0	1	0	19	-2.3167999e+02
0	1	0	20	-2.0381319e+02
0	1	0	21	-1.3121410e+02
0	1	0	22	-1.6986142e+02
0	1	0	23	-2.0212883e+02
0	1	0	24	-1.9431247e+02
0	1	0	25	-3.2042380e+02
0	1	0	26	-2.4304781e+02
0	1	0	27	-4.7597073e+02
0	1	0	28	-4.8819998e+02
0	1	0	29	-2.6165942e+02
0	1	0	30	-2.7541382e+02
0	1	0	31	-1.6317654e+02
0	1	0	32	-2.3376360e+02
0	1	0	33	-2.8455801e+02
0	1	0	34	2.9075720e+02
0	1	0	35	4.6440555e+02
0	1	0	36	4.1180945e+02
0	1	0	37	4.0594339e+02
0	1	0	38	3.8801773e+02
0	1	0	39	3.2235535e+02
0	1	0	40	2.6355698e+02
0	1	0	41	3.1244153e+02
0	1	0	42	3.4218982e+02
0	1	0	43	3.3453510e+02
0	1	0	44	1.9195560e+02
0	1	0	45	2.6304187e+02
0	1	0	46	3.0951855e+02
0	1	0	47	3.8295288e+02
0	1	0	48	8.9478981e+01
0	1	0	49	2.0235808e+02
0	1	0	50	3.3357245e+02
0	1	0	51	9.0637732e+02
0	1	0	52	7.9047290e+02
0	1	0	53	3.2032458e+02
0	1	0	54	4.7138019e+02
0	1	0	55	5.8878925e+02
0	1	0	56	7.9442505e+02
0	1	0	57	5.9624036e+02
0	1	0	58	7.1373273e+02
0	1	0	59	3.1670505e+02
0	1	0	60	5.2358508e+02
0	1	0	61	5.6559821e+02
0	1	0	62	7.1189777e+02
0	1	0	63	5.9316907e+02
0	1	1	0	-4.1507266e+02
0	1	1	1	-4.9282205e+02
0	1	1	2	-3.5046347e+02
0	1	1	3	-6.4966351e+02
0	1	1	4	-4.5748804e+02
0	1	1	5	-5.5987854e+02
0	1	1	6	-4.5055734e+02
0	1	1	7	-6.5463611e+02
0	1	1	8	-3.9880936e+02
0	1	1	9	-2.2880043e+02
0	1	1	10	-5.3239343e+02
0	1	1	11	-3.9692975e+02
0	1	1	12	-5.7529456e+02
0	1	1	13	-5.5041193e+02
0	1	1	14	-5.4986292e+02
0	1	1	15	-5.3557654e+02
0	1	1	16	-6.8562982e+02
0	1	1	17	-6.0392212e+02
0	1	1	18	-7.1028290e+02
0	1	1	19	-5.7537659e+02
0	1	1	20	-6.5477533e+02
0	1	1	21	-6.0085956e+02
0	1	1	22	-6.2678784e+02
0	1	1	23	-5.7482556e+02
0	1	1	24	-6.3779504e+02
0	1	1	25	-6.0379846e+02
0	1	1	26	-8.8582068e+02
0	1	1	27	-5.2551581e+02
0	1	1	28	-6.2158289e+02
0	1	1	29	-5.1365460e+02
0	1	1	30	-6.7717169e+02
0	1	1	31	-5.6936505e+02
0	1	1	32	-5.9810999e+02
0	1	1	33	-5.2831366e+02
0	1	1	34	1.7391989e+02
0	1	1	35	6.7613106e+01
0	1	1	36	2.3466240e+02
0	1	1	37	1.3132057e+02
0	1	1	38	1.8876521e+02
0	1	1	39	2.4786513e+02
0	1	1	40	3.2074533e+02
0	1	1	41	1.6912614e+02
0	1	1	42	3.3901004e+02
0	1	1	43	2.6754999e+02
0	1	1	44	3.0938788e+02
0	1	1	45	1.1878627e+02
0	1	1	46	3.4258627e+02
0	1	1	47	1.3016193e+02
0	1	1	48	2.5778217e+02
0	1	1	49	3.4210162e+02
0	1	1	50	3.1817029e+02
0	1	1	51	6.0723175e+02
0	1	1	52	6.1080072e+02
0	1	1	53	4.0500476e+02
0	1	1	54	4.1647015e+02
0	1	1	55	4.8018881e+02
0	1	1	56	6.2504254e+02
0	1	1	57	6.0611456e+02
0	1	1	58	4.9811261e+02
0	1	1	59	2.4522090e+02
0	1	1	60	3.6392868e+02
0	1	1	61	3.6578909e+02
0	1	1	62	3.4126407e+02
0	1	1	63	6.7335614e+02
0	1	2	0	-2.3626266e+02
0	1	2	1	-2.7987265e+02
0	1	2	2	-1.9886461e+02
0	1	2	3	-3.1992682e+02
0	1	2	4	-3.8023187e+02
0	1	2	5	-3.3009811e+02
0	1	2	6	-3.0660385e+02
0	1	2	7	-3.2011295e+02
0	1	2	8	-2.4805080e+02
0	1	2	9	-3.0516147e+02
0	1	2	10	-3.8695468e+02
0	1	2	11	-3.0512650e+02
0	1	2	12	-3.9529535e+02
0	1	2	13	-4.0284937e+02
0	1	2	14	-4.4806876e+02
0	1	2	15	-3.0210196e+02
0	1	2	16	-4.8004144e+02
0	1	2	17	-5.1600415e+02
0	1	2	18	-4.7269696e+02
0	1	2	19	-4.3532416e+02
0	1	2	20	-5.5132245e+02
0	1	2	21	-4.7404788e+02
0	1	2	22	-4.2673169e+02
0	1	2	23	-3.1654282e+02
0	1	2	24	-4.8394916e+02
0	1	2	25	-4.2159476e+02
0	1	2	26	-5.0345047e+02
0	1	2	27	-4.7041980e+02
0	1	2	28	-3.6587576e+02
0	1	2	29	-4.4424661e+02
0	1	2	30	-6.1914734e+02
0	1	2	31	-5.7802228e+02
0	1	2	32	-4.3567056e+02
0	1	2	33	-3.4702344e+02
0	1	2	34	2.4986209e+02
0	1	2	35	2.1175974e+02
0	1	2	36	-2.5369728e+01
0	1	2	37	1.5027646e+02
0	1	2	38	2.4151741e+02
0	1	2	39	2.1096863e+02
0	1	2	40	1.9608170e+02
0	1	2	41	2.2573825e+02
0	1	2	42	2.7519208e+02
0	1	2	43	2.9451562e+02
0	1	2	44	3.1846649e+02
0	1	2	45	1.6189450e+02
0	1	2	46	1.8403079e+02
0	1	2	47	2.4648029e+02
0	1	2	48	2.6829236e+02
0	1	2	49	2.1270445e+02
0	1	2	50	1.6868849e+01
0	1	2	51	9.4955621e+02
0	1	2	52	1.0012520e+03
0	1	2	53	5.7234851e+02
0	1	2	54	4.0395242e+02
0	1	2	55	5.8573541e+02
0	1	2	56	7.1096375e+02
0	1	2	57	6.5624170e+02
0	1	2	58	3.9155630e+02
0	1	2	59	4.7355252e+02
0	1	2	60	5.5963098e+02
0	1	2	61	4.1703687e+02
0	1	2	62	3.7741898e+02
0	1	2	63	6.2367773e+02
0	1	3	0	-2.8653729e+02
0	1	3	1	-2.9125562e+02
0	1	3	2	-3.2548477e+02
0	1	3	3	-2.1849039e+02
0	1	3	4	-4.3747333e+02
0	1	3	5	-3.0968341e+02
0	1	3	6	-3.7983096e+02
0	1	3	7	-2.5611609e+02
0	1	3	8	-4.1823904e+02
0	1	3	9	-2.7971112e+02
0	1	3	10	-3.8044757e+02
0	1	3	11	-3.4353815e+02
0	1	3	12	-4.4875009e+02
0	1	3	13	-4.7864514e+02
0	1	3	14	-4.5953775e+02
0	1	3	15	-5.2097961e+02
0	1	3	16	-4.6746851e+02
0	1	3	17	-6.7487390e+02
0	1	3	18	-5.3107202e+02
0	1	3	19	-4.4024109e+02
0	1	3	20	-4.7353314e+02
0	1	3	21	-5.5932025e+02
0	1	3	22	-4.5793469e+02
0	1	3	23	-4.4761142e+02
0	1	3	24	-4.6980325e+02
0	1	3	25	-5.1614514e+02
0	1	3	26	-6.6907410e+02
0	1	3	27	-4.5325455e+02
0	1	3	28	-5.8974146e+02
0	1	3	29	-4.7503989e+02
0	1	3	30	-5.8108868e+02
0	1	3	31	-6.0252856e+02
0	1	3	32	-4.4011520e+02
0	1	3	33	-4.3978586e+02
0	1	3	34	7.3999596e+01
0	1	3	35	1.9836436e+02
0	1	3	36	2.2334308e+02
0	1	3	37	2.6165384e+02
0	1	3	38	1.4626845e+02
0	1	3	39	2.0960307e+02
0	1	3	40	3.0792871e+02
0	1	3	41	5.8315929e+01
0	1	3	42	1.3217166e+02
0	1	3	43	2.6701260e+02
0	1	3	44	2.1365038e+02
0	1	3	45	3.0241721e+02
0	1	3	46	2.6014963e+02
0	1	3	47	1.8179057e+02
0	1	3	48	2.3578304e+02
0	1	3	49	1.9450926e+02
0	1	3	50	3.3427032e+02
0	1	3	51	7.9193860e+02
0	1	3	52	7.6243243e+02
0	1	3	53	3.6561453e+02
0	1	3	54	3.4761218e+02
0	1	3	55	4.8934412e+02
0	1	3	56	7.5354095e+02
0	1	3	57	6.2529230e+02
0	1	3	58	4.8222250e+02
0	1	3	59	5.4380267e+02
0	1	3	60	5.0264978e+02
0	1	3	61	4.9921155e+02
0	1	3	62	3.9829651e+02
0	1	3	63	6.0310553e+02
0	1	4	0	-5.8903918e+02
0	1	4	1	-5.3340399e+02
0	1	4	2	-2.3921382e+02
0	1	4	3	-3.4909692e+02
0	1	4	4	-3.6800165e+02
0	1	4	5	-5.4581366e+02
0	1	4	6	-4.2193341e+02
0	1	4	7	-5.1723175e+02
0	1	4	8	-5.0444644e+02
0	1	4	9	-3.4968213e+02
0	1	4	10	-4.8126617e+02
0	1	4	11	-3.6318286e+02
0	1	4	12	-3.9870969e+02
0	1	4	13	-4.5908652e+02
0	1	4	14	-5.8767291e+02
0	1	4	15	-2.9547394e+02
0	1	4	16	-6.2474384e+02
0	1	4	17	-5.6168591e+02
0	1	4	18	-3.8950388e+02
0	1	4	19	-8.1140796e+02
0	1	4	20	-3.6012991e+02
0	1	4	21	-4.7281622e+02
0	1	4	22	-6.3193719e+02
0	1	4	23	-4.0942017e+02
0	1	4	24	-5.3118579e+02
0	1	4	25	-4.3977295e+02
0	1	4	26	-6.0504156e+02
0	1	4	27	-5.3021204e+02
0	1	4	28	-4.8439398e+02
0	1	4	29	-5.8425092e+02
0	1	4	30	-5.3677087e+02
0	1	4	31	-5.2613403e+02
0	1	4	32	-5.5315259e+02
0	1	4	33	-5.3257239e+02
0	1	4	34	1.8407443e+02
0	1	4	35	2.6831772e+02
0	1	4	36	1.7312987e+02
0	1	4	37	1.0375084e+02
0	1	4	38	3.9297104e+01
0	1	4	39	1.1351121e+02
0	1	4	40	8.8916168e+01
0	1	4	41	1.0378756e+01
0	1	4	42	8.4666435e+01
0	1	4	43	1.5912376e+02
0	1	4	44	1.7498996e+02
0	1	4	45	1.5663294e+01
0	1	4	46	5.1803486e+01
0	1	4	47	1.1215283e+02
0	1	4	48	-7.1086250e+01
0	1	4	49	5.4439003e+01
0	1	4	50	2.1123817e+02
0	1	4	51	6.3740588e+02
0	1	4	52	7.4598792e+02
0	1	4	53	4.6316833e+02
0	1	4	54	4.0874759e+02
0	1	4	55	2.4816849e+02
0	1	4	56	7.4442487e+02
0	1	4	57	6.6517847e+02
0	1	4	58	5.5236212e+02
0	1	4	59	4.3960568e+02
0	1	4	60	5.3044629e+02
0	1	4	61	3.8503552e+02
0	1	4	62	2.8943179e+02
0	1	4	63	4.8934790e+02
0	1	5	0	-2.9262839e+02
0	1	5	1	-2.3587312e+02
0	1	5	2	-4.5812906e+02
0	1	5	3	-1.2599590e+02
0	1	5	4	-3.5578290e+02
0	1	5	5	-2.0058656e+02
0	1	5	6	-2.7847244e+02
0	1	5	7	-3.4265631e+02
0	1	5	8	-2.6141534e+02
0	1	5	9	-2.2330299e+02
0	1	5	10	-4.1427490e+02
0	1	5	11	-3.5024011e+02
0	1	5	12	-4.6737704e+02
0	1	5	13	-3.4409305e+02
0	1	5	14	-3.8312128e+02
0	1	5	15	-3.9960483e+02
0	1	5	16	-3.1093680e+02
0	1	5	17	-4.8252972e+02
0	1	5	18	-4.1839215e+02
0	1	5	19	-6.5162164e+02
0	1	5	20	-6.5728326e+02
0	1	5	21	-5.0033264e+02
0	1	5	22	-6.4578760e+02
0	1	5	23	-4.1046442e+02
0	1	5	24	-4.2692242e+02
0	1	5	25	-3.6347726e+02
0	1	5	26	-3.6433234e+02
0	1	5	27	-4.0394128e+02
0	1	5	28	-5.1932617e+02
0	1	5	29	-3.6590854e+02
0	1	5	30	-3.5483795e+02
0	1	5	31	-4.5602472e+02
0	1	5	32	-4.6686182e+02
0	1	5	33	-5.1624225e+02
0	1	5	34	3.1676291e+02
0	1	5	35	2.6189615e+02
0	1	5	36	2.9977609e+02
0	1	5	37	9.1239372e+01
0	1	5	38	2.6084790e+02
0	1	5	39	2.4370430e+02
0	1	5	40	3.0276401e+02
0	1	5	41	2.3282304e+02
0	1	5	42	2.3725317e+02
0	1	5	43	1.8005969e+02
0	1	5	44	5.0286996e+02
0	1	5	45	1.3541823e+02
0	1	5	46	2.3382040e+02
0	1	5	47	2.9121347e+02
0	1	5	48	4.0505927e+02
0	1	5	49	5.0102991e+02
0	1	5	50	3.7997067e+02
0	1	5	51	7.1550861e+02
0	1	5	52	8.6805743e+02
0	1	5	53	5.2290747e+02
0	1	5	54	5.6382239e+02
0	1	5	55	5.5127484e+02
0	1	5	56	8.2790558e+02
0	1	5	57	7.2807373e+02
0	1	5	58	4.2793558e+02
0	1	5	59	4.6525562e+02
0	1	5	60	8.0200281e+02
0	1	5	61	4.4338803e+02
0	1	5	62	4.9166263e+02
0	1	5	63	8.1727130e+02
0	1	6	0	-3.7348712e+02
0	1	6	1	-3.9115359e+02
0	1	6	2	-3.2393472e+02
0	1	6	3	-4.4427481e+02
0	1	6	4	-4.3704443e+02
0	1	6	5	-3.9955020e+02
0	1	6	6	-3.6900278e+02
0	1	6	7	-3.9394781e+02
0	1	6	8	-3.6908612e+02
0	1	6	9	-3.5253461e+02
0	1	6	10	-4.3022205e+02
0	1	6	11	-5.3331116e+02
0	1	6	12	-5.1555359e+02
0	1	6	13	-3.5882739e+02
0	1	6	14	-4.0479782e+02
0	1	6	15	-3.4225714e+02
0	1	6	16	-6.0247614e+02
0	1	6	17	-6.2015747e+02
0	1	6	18	-5.1934247e+02
0	1	6	19	-5.5472321e+02
0	1	6	20	-7.6487988e+02
0	1	6	21	-5.2118060e+02
0	1	6	22	-5.3014929e+02
0	1	6	23	-5.4291870e+02
0	1	6	24	-4.8780923e+02
0	1	6	25	-5.3849628e+02
0	1	6	26	-7.5033130e+02
0	1	6	27	-6.7061340e+02
0	1	6	28	-5.0184149e+02
0	1	6	29	-3.4174582e+02
0	1	6	30	-4.6583484e+02
0	1	6	31	-5.0839697e+02
0	1	6	32	-5.3335132e+02
0	1	6	33	-4.6777609e+02
0	1	6	34	1.7810837e+02
0	1	6	35	2.6386026e+02
0	1	6	36	2.7704191e+01
0	1	6	37	2.4349284e+02
0	1	6	38	2.3549268e+02
0	1	6	39	1.9043161e+02
0	1	6	40	2.3491231e+02
0	1	6	41	1.9044826e+02
0	1	6	42	3.2200287e+02
0	1	6	43	2.7194681e+02
0	1	6	44	8.8480576e+01
0	1	6	45	1.2396101e+02
0	1	6	46	3.2982483e+02
0	1	6	47	5.6772816e+01
0	1	6	48	2.5892664e+02
0	1	6	49	9.7200394e+01
0	1	6	50	1.6050044e+02
0	1	6	51	9.4355640e+02
0	1	6	52	8.4135822e+02
0	1	6	53	4.2948413e+02
0	1	6	54	2.2664806e+02
0	1	6	55	5.5784259e+02
0	1	6	56	7.0073029e+02
0	1	6	57	6.9118329e+02
0	1	6	58	6.5360529e+02
0	1	6	59	4.9598846e+02
0	1	6	60	5.3413788e+02
0	1	6	61	5.0314545e+02
0	1	6	62	5.0142288e+02
0	1	6	63	4.5412131e+02
0	1	7	0	-3.3443753e+02
0	1	7	1	-4.3445810e+02
0	1	7	2	-4.7868097e+02
0	1	7	3	-4.3472504e+02
0	1	7	4	-6.0777325e+02
0	1	7	5	-4.2955042e+02
0	1	7	6	-5.0147717e+02
0	1	7	7	-4.7477628e+02
0	1	7	8	-6.8573987e+02
0	1	7	9	-4.8027103e+02
0	1	7	10	-6.0649329e+02
0	1	7	11	-5.0659283e+02
0	1	7	12	-6.2233868e+02
0	1	7	13	-5.1361572e+02
0	1	7	14	-6.2061639e+02
0	1	7	15	-5.0345627e+02
0	1	7	16	-8.2215808e+02
0	1	7	17	-6.9038934e+02
0	1	7	18	-6.9225531e+02
0	1	7	19	-8.2058667e+02
0	1	7	20	-8.0096674e+02
0	1	7	21	-7.1388947e+02
0	1	7	22	-7.3905029e+02
0	1	7	23	-5.8388959e+02
0	1	7	24	-7.6527454e+02
0	1	7	25	-6.0289801e+02
0	1	7	26	-6.6849371e+02
0	1	7	27	-7.2360406e+02
0	1	7	28	-5.9032288e+02
0	1	7	29	-7.5947925e+02
0	1	7	30	-6.6123041e+02
0	1	7	31	-8.4786951e+02
0	1	7	32	-7.3165125e+02
0	1	7	33	-7.6150110e+02
0	1	7	34	1.0577166e+02
0	1	7	35	1.5580469e+00
0	1	7	36	1.0598016e+02
0	1	7	37	3.3567745e+01
0	1	7	38	1.6805284e+02
0	1	7	39	3.4508942e+01
0	1	7	40	7.6659927e+01
0	1	7	41	1.3119557e+02
0	1	7	42	8.9361946e+01
0	1	7	43	1.6489393e+01
0	1	7	44	1.5398132e+01
0	1	7	45	7.2226097e+01
0	1	7	46	5.9619644e+01
0	1	7	47	1.4547871e+02
0	1	7	48	1.4028436e+01
0	1	7	49	-1.0448579e+02
0	1	7	50	5.7681564e+01
0	1	7	51	5.4239124e+02
0	1	7	52	6.8852344e+02
0	1	7	53	2.8479160e+02
0	1	7	54	3.0775482e+02
0	1	7	55	2.6164743e+02
0	1	7	56	4.1569916e+02
0	1	7	57	4.2524631e+02
0	1	7	58	4.0523874e+02
0	1	7	59	3.3492300e+02
0	1	7	60	3.3276245e+02
0	1	7	61	9.4029976e+01
0	1	7	62	3.3472482e+02
0	1	7	63	1.9237744e+02
0	1	8	0	-3.8128989e+02
0	1	8	1	-3.9471701e+02
0	1	8	2	-4.2287799e+02
0	1	8	3	-4.1012903e+02
0	1	8	4	-4.6317978e+02
0	1	8	5	-3.6809579e+02
0	1	8	6	-4.0976233e+02
0	1	8	7	-3.7893585e+02
0	1	8	8	-4.5499103e+02
0	1	8	9	-3.4633658e+02
0	1	8	10	-3.9356348e+02
0	1	8	11	-3.3229568e+02
0	1	8	12	-6.2862134e+02
0	1	8	13	-4.1474271e+02
0	1	8	14	-4.3348111e+02
0	1	8	15	-4.6330527e+02
0	1	8	16	-7.1810370e+02
0	1	8	17	-5.5111255e+02
0	1	8	18	-8.0820142e+02
0	1	8	19	-5.7881073e+02
0	1	8	20	-5.5124646e+02
0	1	8	21	-5.4986334e+02
0	1	8	22	-5.5436816e+02
0	1	8	23	-7.8345111e+02
0	1	8	24	-5.4336865e+02
0	1	8	25	-5.6974268e+02
0	1	8	26	-5.5305963e+02
0	1	8	27	-5.9292236e+02
0	1	8	28	-7.3845978e+02
0	1	8	29	-6.3122803e+02
0	1	8	30	-5.2406079e+02
0	1	8	31	-6.2814355e+02
0	1	8	32	-7.5583191e+02
0	1	8	33	-5.8023755e+02
0	1	8	34	1.1098874e+02
0	1	8	35	1.2195412e+02
0	1	8	36	1.6650873e+02
0	1	8	37	1.8086679e+02
0	1	8	38	1.9704501e+02
0	1	8	39	1.7545850e+02
0	1	8	40	1.4319672e+02
0	1	8	41	1.4748892e+02
0	1	8	42	1.4148582e+02
0	1	8	43	2.2050365e+02
0	1	8	44	2.4059477e+02
0	1	8	45	1.7640395e+02
0	1	8	46	2.6176050e+02
0	1	8	47	1.2639188e+02
0	1	8	48	1.8431741e+02
0	1	8	49	9.6715225e+01
0	1	8	50	2.0831531e+02
0	1	8	51	8.2216321e+02
0	1	8	52	8.4429755e+02
0	1	8	53	3.8166516e+02
0	1	8	54	4.2924768e+02
0	1	8	55	5.1051016e+02
0	1	8	56	6.3745264e+02
0	1	8	57	6.2906488e+02
0	1	8	58	4.7138068e+02
0	1	8	59	4.0226328e+02
0	1	8	60	2.2293834e+02
0	1	8	61	3.8242426e+02
0	1	8	62	4.3313892e+02
0	1	8	63	2.9734430e+02
0	1	9	0	-2.8617627e+02
0	1	9	1	-5.4073462e+02
0	1	9	2	-2.9813034e+02
0	1	9	3	-2.8686487e+02
0	1	9	4	-4.6362582e+02
0	1	9	5	-3.5788120e+02
0	1	9	6	-5.5947015e+02
0	1	9	7	-2.5020912e+02
0	1	9	8	-2.9515540e+02
0	1	9	9	-4.1983411e+02
0	1	9	10	-3.0058698e+02
0	1	9	11	-2.7755179e+02
0	1	9	12	-4.5836893e+02
0	1	9	13	-4.9136154e+02
0	1	9	14	-7.3093451e+02
0	1	9	15	-5.6325714e+02
0	1	9	16	-5.0624133e+02
0	1	9	17	-4.9790619e+02
0	1	9	18	-5.8635358e+02
0	1	9	19	-4.5701602e+02
0	1	9	20	-4.9293472e+02
0	1	9	21	-3.5190250e+02
0	1	9	22	-5.1444647e+02
0	1	9	23	-5.4528479e+02
0	1	9	24	-5.8651489e+02
0	1	9	25	-4.6035080e+02
0	1	9	26	-4.5048569e+02
0	1	9	27	-4.9862473e+02
0	1	9	28	-4.7996469e+02
0	1	9	29	-6.3743903e+02
0	1	9	30	-5.1648511e+02
0	1	9	31	-7.1634326e+02
0	1	9	32	-5.2588300e+02
0	1	9	33	-6.7132861e+02
0	1	9	34	1.5996448e+02
0	1	9	35	7.4135857e+01
0	1	9	36	1.1563206e+02
0	1	9	37	-8.0344955e+01
0	1	9	38	2.2421175e+02
0	1	9	39	7.6524025e+01
0	1	9	40	2.3159369e+01
0	1	9	41	-6.2739761e+01
0	1	9	42	2.5930899e+02
0	1	9	43	2.8118988e+02
0	1	9	44	2.1664763e+02
0	1	9	45	-6.6451035e+01
0	1	9	46	2.1713536e+02
0	1	9	47	1.8287186e+02
0	1	9	48	2.0953181e+02
0	1	9	49	1.5748940e+02
0	1	9	50	2.1926172e+02
0	1	9	51	8.3626788e+02
0	1	9	52	7.2160828e+02
0	1	9	53	4.0293942e+02
0	1	9	54	5.1107742e+02
0	1	9	55	3.8833292e+02
0	1	9	56	5.0870129e+02
0	1	9	57	7.1293445e+02
0	1	9	58	4.8478519e+02
0	1	9	59	3.3932172e+02
0	1	9	60	4.2230060e+02
0	1	9	61	3.9844131e+02
0	1	9	62	4.5512552e+02
0	1	9	63	3.4680750e+02
0	1	10	0	-3.4418494e+02
0	1	10	1	-3.6614188e+02
0	1	10	2	-2.8567337e+02
0	1	10	3	-4.1898508e+02
0	1	10	4	-3.9911215e+02
0	1	10	5	-3.6297122e+02
0	1	10	6	-4.3386874e+02
0	1	10	7	-4.4227777e+02
0	1	10	8	-3.5477161e+02
0	1	10	9	-2.9411871e+02
0	1	10	10	-4.6059210e+02
0	1	10	11	-3.2192245e+02
0	1	10	12	-4.5359351e+02
0	1	10	13	-3.9569604e+02
0	1	10	14	-4.8400458e+02
0	1	10	15	-3.4937997e+02
0	1	10	16	-5.3037805e+02
0	1	10	17	-7.9848621e+02
0	1	10	18	-5.1918585e+02
0	1	10	19	-5.6644360e+02
0	1	10	20	-3.7792215e+02
0	1	10	21	-5.9457697e+02
0	1	10	22	-5.1518500e+02
0	1	10	23	-5.8165570e+02
0	1	10	24	-7.6593091e+02
0	1	10	25	-4.7537430e+02
0	1	10	26	-5.5422607e+02
0	1	10	27	-6.1349817e+02
0	1	10	28	-4.9833383e+02
0	1	10	29	-6.2220294e+02
0	1	10	30	-7.1117200e+02
0	1	10	31	-5.7291602e+02
0	1	10	32	-5.7425867e+02
0	1	10	33	-6.5285956e+02
0	1	10	34	-1.2489491e+02
0	1	10	35	-2.6553532e+01
0	1	10	36	1.2533746e+02
0	1	10	37	-8.0340881e+01
0	1	10	38	-5.2862183e+01
0	1	10	39	-4.4106365e+01
0	1	10	40	1.0944826e+02
0	1	10	41	-1.1342581e+02
0	1	10	42	-5.2133736e+01
0	1	10	43	-1.5568631e+02
0	1	10	44	2.3207754e+01
0	1	10	45	1.6809711e+01
0	1	10	46	-3.8364662e+01
0	1	10	47	-1.9853035e+02
0	1	10	48	-5.8840322e+00
0	1	10	49	3.0302866e+00
0	1	10	50	3.4233059e+01
0	1	10	51	5.3266687e+02
0	1	10	52	4.4532812e+02
0	1	10	53	1.5712610e+02
0	1	10	54	2.0631580e+02
0	1	10	55	2.4897054e+02
0	1	10	56	4.5769589e+02
0	1	10	57	5.1539178e+02
0	1	10	58	3.4753683e+02
0	1	10	59	3.2958868e+02
0	1	10	60	3.2205597e+02
0	1	10	61	2.0809750e+02
0	1	10	62	3.6767737e+02
0	1	10	63	4.1018829e+02
0	1	11	0	-1.2219160e+02
0	1	11	1	-2.4379062e+02
0	1	11	2	-1.7903363e+02
0	1	11	3	-1.6740814e+02
0	1	11	4	-3.5681903e+02
0	1	11	5	-2.9507370e+02
0	1	11	6	-1.8072151e+02
0	1	11	7	-2.2209451e+02
0	1	11	8	-2.6330704e+02
0	1	11	9	-9.8235008e+01
0	1	11	10	-1.7698584e+02
0	1	11	11	-5.0205330e+01
0	1	11	12	-2.9072586e+02
0	1	11	13	-2.1638617e+02
0	1	11	14	-3.9952106e+02
0	1	11	15	-2.8354022e+02
0	1	11	16	-3.6399255e+02
0	1	11	17	-6.4849475e+02
0	1	11	18	-3.7393689e+02
0	1	11	19	-5.9438599e+02
0	1	11	20	-4.5110803e+02
0	1	11	21	-4.4226013e+02
0	1	11	22	-3.6186172e+02
0	1	11	23	-3.9233301e+02
0	1	11	24	-4.1215271e+02
0	1	11	25	-4.3509042e+02
0	1	11	26	-3.4066153e+02
0	1	11	27	-2.1606390e+02
0	1	11	28	-4.6189307e+02
0	1	11	29	-4.0220309e+02
0	1	11	30	-4.6927832e+02
0	1	11	31	-4.2226678e+02
0	1	11	32	-4.2702444e+02
0	1	11	33	-5.0239850e+02
0	1	11	34	2.3086984e+02
0	1	11	35	1.9876039e+02
0	1	11	36	2.2207249e+02
0	1	11	37	2.6082797e+02
0	1	11	38	2.8201492e+02
0	1	11	39	2.7226974e+02
0	1	11	40	3.3141290e+02
0	1	11	41	2.4335558e+02
0	1	11	42	1.1432589e+02
0	1	11	43	2.8878357e+02
0	1	11	44	3.7342886e+02
0	1	11	45	3.1193298e+02
0	1	11	46	3.6005432e+02
0	1	11	47	3.5818161e+02
0	1	11	48	4.2204214e+02
0	1	11	49	2.1019545e+02
0	1	11	50	2.7402948e+02
0	1	11	51	8.8688324e+02
0	1	11	52	6.7527490e+02
0	1	11	53	6.3345892e+02
0	1	11	54	5.5138214e+02
0	1	11	55	5.5138123e+02
0	1	11	56	7.7847205e+02
0	1	11	57	6.8732050e+02
0	1	11	58	5.7579541e+02
0	1	11	59	5.0640942e+02
0	1	11	60	3.9483417e+02
0	1	11	61	4.5435223e+02
0	1	11	62	5.2661475e+02
0	1	11	63	3.7084354e+02
0	1	12	0	-1.7973395e+02
0	1	12	1	-2.4068752e+02
0	1	12	2	-1.5735661e+02
0	1	12	3	-2.5524323e+02
0	1	12	4	-3.6995630e+02
0	1	12	5	-2.1170155e+02
0	1	12	6	-2.0048520e+02
0	1	12	7	-2.5082755e+02
0	1	12	8	-3.3439084e+02
0	1	12	9	-3.8719620e+02
0	1	12	10	-2.4352557e+02
0	1	12	11	-1.9288721e+02
0	1	12	12	-4.0590552e+02
0	1	12	13	-3.0131555e+02
0	1	12	14	-5.0954089e+02
0	1	12	15	-2.3073964e+02
0	1	12	16	-4.1454709e+02
0	1	12	17	-4.0978531e+02
0	1	12	18	-3.3357288e+02
0	1	12	19	-3.9951123e+02
0	1	12	20	-3.8867511e+02
0	1	12	21	-3.5021765e+02
0	1	12	22	-3.8367102e+02
0	1	12	23	-2.9205621e+02
0	1	12	24	-3.8915045e+02
0	1	12	25	-2.5183217e+02
0	1	12	26	-4.2757025e+02
0	1	12	27	-4.3244077e+02
0	1	12	28	-6.0203058e+02
0	1	12	29	-3.9630548e+02
0	1	12	30	-4.7049820e+02
0	1	12	31	-4.2454245e+02
0	1	12	32	-3.4784216e+02
0	1	12	33	-4.5180969e+02
0	1	12	34	2.1425342e+02
0	1	12	35	9.8272774e+01
0	1	12	36	3.6283801e+02
0	1	12	37	2.6648318e+02
0	1	12	38	3.3387787e+02
0	1	12	39	3.2918652e+02
0	1	12	40	4.4529251e+01
0	1	12	41	1.6023299e+02
0	1	12	42	3.6756439e+02
0	1	12	43	2.8221976e+02
0	1	12	44	2.3378925e+02
0	1	12	45	2.3037874e+02
0	1	12	46	3.6516321e+02
0	1	12	47	3.2309479e+02
0	1	12	48	2.3910608e+02
0	1	12	49	2.3509525e+02
0	1	12	50	3.8156030e+02
0	1	12	51	9.2789044e+02
0	1	12	52	9.7919708e+02
0	1	12	53	5.5108502e+02
0	1	12	54	4.6919528e+02
0	1	12	55	3.0204456e+02
0	1	12	56	7.0078784e+02
0	1	12	57	7.0578241e+02
0	1	12	58	5.6335236e+02
0	1	12	59	5.6267010e+02
0	1	12	60	4.6587350e+02
0	1	12	61	5.8329419e+02
0	1	12	62	5.9091156e+02
0	1	12	63	5.1978363e+02
0	1	13	0	-3.6914819e+02
0	1	13	1	-2.0753314e+02
0	1	13	2	-3.6237894e+02
0	1	13	3	-3.6252417e+02
0	1	13	4	-3.6247610e+02
0	1	13	5	-2.9946545e+02
0	1	13	6	-3.2757455e+02
0	1	13	7	-3.4007816e+02
0	1	13	8	-2.9959290e+02
0	1	13	9	-1.6189690e+02
0	1	13	10	-3.4842020e+02
0	1	13	11	-3.1807181e+02
0	1	13	12	-3.3334296e+02
0	1	13	13	-4.4792865e+02
0	1	13	14	-3.8989191e+02
0	1	13	15	-2.8730771e+02
0	1	13	16	-5.2785406e+02
0	1	13	17	-3.7514288e+02
0	1	13	18	-6.3753259e+02
0	1	13	19	-7.0124335e+02
0	1	13	20	-4.4732553e+02
0	1	13	21	-4.9039468e+02
0	1	13	22	-5.0449619e+02
0	1	13	23	-4.3169061e+02
0	1	13	24	-3.8947885e+02
0	1	13	25	-4.2137549e+02
0	1	13	26	-4.3077194e+02
0	1	13	27	-5.5228156e+02
0	1	13	28	-3.6992609e+02
0	1	13	29	-4.2900516e+02
0	1	13	30	-4.3035703e+02
0	1	13	31	-5.6201685e+02
0	1	13	32	-5.3439624e+02
0	1	13	33	-4.6176337e+02
0	1	13	34	-1.1750751e+01
0	1	13	35	1.8654614e+02
0	1	13	36	2.2231926e+01
0	1	13	37	2.2085155e+02
0	1	13	38	2.3008046e+02
0	1	13	39	-3.3780838e+01
0	1	13	40	2.1680234e+02
0	1	13	41	1.3606657e+02
0	1	13	42	3.0837689e+02
0	1	13	43	7.5243729e+01
0	1	13	44	2.2425648e+02
0	1	13	45	2.1044843e+02
0	1	13	46	3.3184341e+02
0	1	13	47	1.5955394e+02
0	1	13	48	2.6692255e+02
0	1	13	49	2.6330463e+02
0	1	13	50	3.1770883e+02
0	1	13	51	7.8343353e+02
0	1	13	52	7.8318384e+02
0	1	13	53	2.7918661e+02
0	1	13	54	5.1983636e+02
0	1	13	55	5.9529254e+02
0	1	13	56	6.2463660e+02
0	1	13	57	6.4298517e+02
0	1	13	58	4.3557721e+02
0	1	13	59	4.4728195e+02
0	1	13	60	2.5670724e+02
0	1	13	61	4.5187079e+02
0	1	13	62	4.9823480e+02
0	1	13	63	3.5442542e+02
0	1	14	0	-1.5786818e+02
0	1	14	1	-2.8756790e+02
0	1	14	2	-1.0780259e+02
0	1	14	3	-1.2710066e+02
0	1	14	4	-4.0842148e+02
0	1	14	5	-2.4441347e+02
0	1	14	6	-3.5801718e+02
0	1	14	7	-1.6576501e+02
0	1	14	8	-2.4197986e+02
0	1	14	9	-6.4016098e+01
0	1	14	10	-2.2343631e+02
0	1	14	11	-1.9653241e+02
0	1	14	12	-3.3929849e+02
0	1	14	13	-3.9500662e+02
0	1	14	14	-1.9447670e+02
0	1	14	15	-3.7466290e+02
0	1	14	16	-3.3978027e+02
0	1	14	17	-3.5966910e+02
0	1	14	18	-3.5354449e+02
0	1	14	19	-4.5404166e+02
0	1	14	20	-2.7550571e+02
0	1	14	21	-4.3428922e+02
0	1	14	22	-3.0577917e+02
0	1	14	23	-3.1945889e+02
0	1	14	24	-4.6237851e+02
0	1	14	25	-3.2071646e+02
0	1	14	26	-3.7520569e+02
0	1	14	27	-4.5710233e+02
0	1	14	28	-3.2878995e+02
0	1	14	29	-5.6631018e+02
0	1	14	30	-4.1685617e+02
0	1	14	31	-6.2870093e+02
0	1	14	32	-4.0758524e+02
0	1	14	33	-4.6350882e+02
0	1	14	34	2.5355611e+02
0	1	14	35	5.5324181e+01
0	1	14	36	4.3749103e+02
0	1	14	37	2.8185137e+01
0	1	14	38	3.7078357e+02
0	1	14	39	3.5387057e+02
0	1	14	40	2.7341000e+02
0	1	14	41	2.0089627e+02
0	1	14	42	1.0658519e+02
0	1	14	43	1.6506831e+02
0	1	14	44	1.4188354e+02
0	1	14	45	2.5745172e+02
0	1	14	46	1.2537107e+02
0	1	14	47	1.8739294e+02
0	1	14	48	2.7299939e+02
0	1	14	49	2.6268018e+02
0	1	14	50	4.2284061e+02
0	1	14	51	8.7506024e+02
0	1	14	52	1.0384064e+03
0	1	14	53	5.7369397e+02
0	1	14	54	5.4417859e+02
0	1	14	55	6.0785095e+02
0	1	14	56	7.9009485e+02
0	1	14	57	5.1283795e+02
0	1	14	58	6.2468829e+02
0	1	14	59	4.4684415e+02
0	1	14	60	3.3187906e+02
0	1	14	61	6.6728937e+02
0	1	14	62	5.8851929e+02
0	1	14	63	5.3161041e+02
0	1	15	0	-5.0709125e+02
0	1	15	1	-8.3843372e+02
0	1	15	2	-5.2932977e+02
0	1	15	3	-6.1668115e+02
0	1	15	4	-5.5127533e+02
0	1	15	5	-6.7735352e+02
0	1	15	6	-5.9959790e+02
0	1	15	7	-8.0480463e+02
0	1	15	8	-8.0574762e+02
0	1	15	9	-4.8642200e+02
0	1	15	10	-7.8522278e+02
0	1	15	11	-5.0594528e+02
0	1	15	12	-6.4349420e+02
0	1	15	13	-7.1187018e+02
0	1	15	14	-7.1687817e+02
0	1	15	15	-9.2820642e+02
0	1	15	16	-7.2626685e+02
0	1	15	17	-6.3824060e+02
0	1	15	18	-7.9738312e+02
0	1	15	19	-7.1566840e+02
0	1	15	20	-6.5274927e+02
0	1	15	21	-8.5617780e+02
0	1	15	22	-6.5903986e+02
0	1	15	23	-5.6961884e+02
0	1	15	24	-7.4663245e+02
0	1	15	25	-7.5946655e+02
0	1	15	26	-9.5034808e+02
0	1	15	27	-8.5232355e+02
0	1	15	28	-5.8402002e+02
0	1	15	29	-6.8188586e+02
0	1	15	30	-7.0740295e+02
0	1	15	31	-7.7859723e+02
0	1	15	32	-1.0259430e+03
0	1	15	33	-7.0030438e+02
0	1	15	34	1.6797449e+02
0	1	15	35	-1.7786993e+02
0	1	15	36	1.4814633e+02
0	1	15	37	1.0586506e+02
0	1	15	38	-1.0101974e+01
0	1	15	39	8.7981323e+01
0	1	15	40	-7.7768135e+01
0	1	15	41	1.2011010e+01
0	1	15	42	4.2092159e+01
0	1	15	43	7.7334457e+01
0	1	15	44	-5.7381139e+00
0	1	15	45	5.4035370e+01
0	1	15	46	9.4091133e+01
0	1	15	47	4.1068921e+00
0	1	15	48	6.6101738e+01
0	1	15	49	4.9745415e+01
0	1	15	50	9.2031311e+01
0	1	15	51	7.3691998e+02
0	1	15	52	7.6615741e+02
0	1	15	53	3.8312186e+02
0	1	15	54	3.2780243e+02
0	1	15	55	3.9414880e+02
0	1	15	56	5.6172986e+02
0	1	15	57	3.7112527e+02
0	1	15	58	3.8939294e+02
0	1	15	59	4.5847983e+02
0	1	15	60	4.5517896e+02
0	1	15	61	2.3463309e+02
0	1	15	62	2.3450789e+02
0	1	15	63	4.3993204e+02
0	2	0	0	-3.7830725e+02
0	2	0	1	-3.3054880e+02
0	2	0	2	-1.4784607e+02
0	2	0	3	-4.6083224e+02
0	2	0	4	-3.6747342e+02
0	2	0	5	-3.0906207e+02
0	2	0	6	-2.8468948e+02
0	2	0	7	-1.9860022e+02
0	2	0	8	-2.4313457e+02
0	2	0	9	-9.1121956e+01
0	2	0	10	-3.2783490e+02
0	2	0	11	-3.1555109e+02
0	2	0	12	-4.1583203e+02
0	2	0	13	-3.4462274e+02
0	2	0	14	-4.9944714e+02
0	2	0	15	-3.3838684e+02
0	2	0	16	-4.6993604e+02
0	2	0	17	-5.5125574e+02
0	2	0	18	-6.9226630e+02
0	2	0	19	-4.1077188e+02
0	2	0	20	-3.5473981e+02
0	2	0	21	-4.4207709e+02
0	2	0	22	-4.1848590e+02
0	2	0	23	-4.8025681e+02
0	2	0	24	-4.3645517e+02
0	2	0	25	-4.9103613e+02
0	2	0	26	-6.3378412e+02
0	2	0	27	-4.2689215e+02
0	2	0	28	-4.8775119e+02
0	2	0	29	-4.7075134e+02
0	2	0	30	-4.4832010e+02
0	2	0	31	-5.6520844e+02
0	2	0	32	-5.3576245e+02
0	2	0	33	-4.7045847e+02
0	2	0	34	1.5530998e+02
0	2	0	35	1.4767725e+02
0	2	0	36	1.2941028e+02
0	2	0	37	1.7162471e+02
0	2	0	38	1.6950867e+02
0	2	0	39	2.7403482e+02
0	2	0	40	1.3667674e+02
0	2	0	41	2.3179398e+02
0	2	0	42	3.1889697e+02
0	2	0	43	2.4565010e+02
0	2	0	44	4.3094968e+02
0	2	0	45	2.6198248e+02
0	2	0	46	3.8779968e+02
0	2	0	47	2.2071506e+02
0	2	0	48	3.1146411e+02
0	2	0	49	2.5230727e+02
0	2	0	50	1.7058005e+02
0	2	0	51	8.7403998e+02
0	2	0	52	7.6629572e+02
0	2	0	53	4.6116101e+02
0	2	0	54	7.1398151e+02
0	2	0	55	6.1067639e+02
0	2	0	56	7.9226422e+02
0	2	0	57	6.8019873e+02
0	2	0	58	3.4104294e+02
0	2	0	59	5.6794159e+02
0	2	0	60	6.4896857e+02
0	2	0	61	4.2914368e+02
0	2	0	62	2.9230743e+02
0	2	0	63	7.4785620e+02
0	2	1	0	-1.5183755e+02
0	2	1	1	-2.6384381e+02
0	2	1	2	-4.1192117e+02
0	2	1	3	-3.1815012e+02
0	2	1	4	-5.9372894e+02
0	2	1	5	-4.0713672e+02
0	2	1	6	-4.5125204e+02
0	2	1	7	-4.8655676e+02
0	2	1	8	-4.3077304e+02
0	2	1	9	-4.9946899e+02
0	2	1	10	-3.7212656e+02
0	2	1	11	-4.9802542e+02
0	2	1	12	-4.2575452e+02
0	2	1	13	-3.2221524e+02
0	2	1	14	-6.3818402e+02
0	2	1	15	-4.5240948e+02
0	2	1	16	-6.0316846e+02
0	2	1	17	-3.6003397e+02
0	2	1	18	-4.8865543e+02
0	2	1	19	-4.0015771e+02
0	2	1	20	-6.2525018e+02
0	2	1	21	-4.4220596e+02
0	2	1	22	-4.2858701e+02
0	2	1	23	-4.4214978e+02
0	2	1	24	-5.2343835e+02
0	2	1	25	-4.7999649e+02
0	2	1	26	-5.9983612e+02
0	2	1	27	-6.6820496e+02
0	2	1	28	-5.3513696e+02
0	2	1	29	-5.3356366e+02
0	2	1	30	-7.6842889e+02
0	2	1	31	-7.9089935e+02
0	2	1	32	-7.0348279e+02
0	2	1	33	-8.4123132e+02
0	2	1	34	-1.7179686e+02
0	2	1	35	1.7905613e+01
0	2	1	36	1.6666428e+01
0	2	1	37	8.3865433e+01
0	2	1	38	1.6670034e+01
0	2	1	39	1.9641680e+01
0	2	1	40	9.1311569e+01
0	2	1	41	5.0393448e+01
0	2	1	42	4.1062031e+01
0	2	1	43	-1.1588266e+02
0	2	1	44	7.0525146e+01
0	2	1	45	2.1168806e+01
0	2	1	46	-6.8670685e+01
0	2	1	47	-1.0596994e+02
0	2	1	48	2.7629395e+01
0	2	1	49	-1.2501731e+02
0	2	1	50	1.0629195e+01
0	2	1	51	6.2218549e+02
0	2	1	52	6.8937933e+02
0	2	1	53	1.6842545e+02
0	2	1	54	2.1680408e+02
0	2	1	55	2.4608513e+02
0	2	1	56	3.7321292e+02
0	2	1	57	4.3488333e+02
0	2	1	58	4.0597318e+02
0	2	1	59	2.5145332e+02
0	2	1	60	3.0170306e+02
0	2	1	61	2.0391701e+02
0	2	1	62	3.1468042e+02
0	2	1	63	4.1281622e+02
0	2	2	0	-2.8522095e+02
0	2	2	1	-4.2461850e+02
0	2	2	2	-2.0633871e+02
0	2	2	3	-4.6160071e+02
0	2	2	4	-3.2241635e+02
0	2	2	5	-3.3030588e+02
0	2	2	6	-3.5833786e+02
0	2	2	7	-5.3097852e+02
0	2	2	8	-3.1405331e+02
0	2	2	9	-3.6437076e+02
0	2	2	10	-4.4760172e+02
0	2	2	11	-2.3866609e+02
0	2	2	12	-3.6641882e+02
0	2	2	13	-3.6313898e+02
0	2	2	14	-5.3163318e+02
0	2	2	15	-4.9789688e+02
0	2	2	16	-7.3944177e+02
0	2	2	17	-4.3755124e+02
0	2	2	18	-6.0722858e+02
0	2	2	19	-5.0323700e+02
0	2	2	20	-6.3941266e+02
0	2	2	21	-5.5350983e+02
0	2	2	22	-3.8776868e+02
0	2	2	23	-5.1438153e+02
0	2	2	24	-6.3710040e+02
0	2	2	25	-5.0682217e+02
0	2	2	26	-6.3459009e+02
0	2	2	27	-5.7472778e+02
0	2	2	28	-4.6712210e+02
0	2	2	29	-5.8711407e+02
0	2	2	30	-5.3351306e+02
0	2	2	31	-5.6425391e+02
0	2	2	32	-5.1245282e+02
0	2	2	33	-6.7921600e+02
0	2	2	34	1.2444663e+02
0	2	2	35	-5.7656989e+00
0	2	2	36	-8.0022453e+01
0	2	2	37	2.4094601e+02
0	2	2	38	1.9729091e+02
0	2	2	39	9.3305801e+01
0	2	2	40	1.1722878e+02
0	2	2	41	1.3015886e+02
0	2	2	42	1.0766958e+02
0	2	2	43	3.1274109e+02
0	2	2	44	3.1361044e+02
0	2	2	45	3.1614093e+02
0	2	2	46	1.7598726e+02
0	2	2	47	2.0816521e+02
0	2	2	48	2.4656197e+02
0	2	2	49	1.4237288e+02
0	2	2	50	1.6116093e+02
0	2	2	51	8.5924207e+02
0	2	2	52	9.4527313e+02
0	2	2	53	5.3439148e+02
0	2	2	54	4.9919275e+02
0	2	2	55	3.5907159e+02
0	2	2	56	6.6133691e+02
0	2	2	57	6.3066382e+02
0	2	2	58	5.4712720e+02
0	2	2	59	4.8456854e+02
0	2	2	60	4.8113812e+02
0	2	2	61	5.1332056e+02
0	2	2	62	5.0203363e+02
0	2	2	63	4.0134747e+02
0	2	3	0	-4.9861337e+02
0	2	3	1	-6.7331097e+02
0	2	3	2	-4.4409113e+02
0	2	3	3	-6.0802808e+02
0	2	3	4	-4.5726361e+02
0	2	3	5	-4.8597531e+02
0	2	3	6	-6.7362891e+02
0	2	3	7	-4.7550305e+02
0	2	3	8	-7.1952753e+02
0	2	3	9	-4.6908160e+02
0	2	3	10	-7.0956372e+02
0	2	3	11	-5.5219086e+02
0	2	3	12	-5.7079254e+02
0	2	3	13	-6.0086200e+02
0	2	3	14	-6.8986871e+02
0	2	3	15	-5.7774841e+02
0	2	3	16	-6.4690692e+02
0	2	3	17	-6.0448438e+02
0	2	3	18	-7.9848151e+02
0	2	3	19	-4.9043222e+02
0	2	3	20	-6.7746466e+02
0	2	3	21	-6.9693555e+02
0	2	3	22	-4.4993835e+02
0	2	3	23	-6.8150958e+02
0	2	3	24	-6.5854248e+02
0	2	3	25	-5.6947943e+02
0	2	3	26	-6.5303589e+02
0	2	3	27	-5.9213452e+02
0	2	3	28	-4.6323535e+02
0	2	3	29	-4.9985782e+02
0	2	3	30	-6.5464960e+02
0	2	3	31	-6.3056512e+02
0	2	3	32	-8.1359894e+02
0	2	3	33	-6.4593872e+02
0	2	3	34	2.6247046e+02
0	2	3	35	-2.3685274e+01
0	2	3	36	2.8122732e+01
0	2	3	37	3.0831534e+02
0	2	3	38	1.5223546e+02
0	2	3	39	1.1384411e+02
0	2	3	40	1.7699965e+02
0	2	3	41	7.7136314e+01
0	2	3	42	3.5279272e+02
0	2	3	43	1.5092778e+02
0	2	3	44	1.2465279e+02
0	2	3	45	5.4981743e+01
0	2	3	46	1.3719922e+02
0	2	3	47	-5.6819267e+01
0	2	3	48	1.1115197e+02
0	2	3	49	9.7432983e+01
0	2	3	50	2.1277943e+02
0	2	3	51	6.7956409e+02
0	2	3	52	6.7266614e+02
0	2	3	53	3.8934903e+02
0	2	3	54	2.8889740e+02
0	2	3	55	3.3084708e+02
0	2	3	56	5.3675775e+02
0	2	3	57	5.1158032e+02
0	2	3	58	4.2219125e+02
0	2	3	59	3.7727441e+02
0	2	3	60	3.2047955e+02
0	2	3	61	3.4447760e+02
0	2	3	62	2.0110545e+02
0	2	3	63	3.6471246e+02
0	2	4	0	-4.7032788e+02
0	2	4	1	-3.9264081e+02
0	2	4	2	-3.9594855e+02
0	2	4	3	-5.0688757e+02
0	2	4	4	-5.8403235e+02
0	2	4	5	-6.0630365e+02
0	2	4	6	-4.3302414e+02
0	2	4	7	-3.5633176e+02
0	2	4	8	-4.1629443e+02
0	2	4	9	-4.1812268e+02
0	2	4	10	-6.2890338e+02
0	2	4	11	-3.4114978e+02
0	2	4	12	-4.3693448e+02
0	2	4	13	-3.6329431e+02
0	2	4	14	-5.0559256e+02
0	2	4	15	-3.1356079e+02
0	2	4	16	-5.6417285e+02
0	2	4	17	-4.4738135e+02
0	2	4	18	-4.6819199e+02
0	2	4	19	-5.2804541e+02
0	2	4	20	-4.7190985e+02
0	2	4	21	-5.5450696e+02
0	2	4	22	-4.8805362e+02
0	2	4	23	-5.2475458e+02
0	2	4	24	-6.8490070e+02
0	2	4	25	-4.8508755e+02
0	2	4	26	-6.4500647e+02
0	2	4	27	-6.1920355e+02
0	2	4	28	-5.1728210e+02
0	2	4	29	-4.4990103e+02
0	2	4	30	-5.1512860e+02
0	2	4	31	-4.7704846e+02
0	2	4	32	-6.0447040e+02
0	2	4	33	-5.2803381e+02
0	2	4	34	1.7230080e+01
0	2	4	35	2.8756885e+02
0	2	4	36	2.1049625e+02
0	2	4	37	1.7812518e+02
0	2	4	38	7.5212693e-01
0	2	4	39	1.6774991e+02
0	2	4	40	1.9753197e+02
0	2	4	41	1.3791321e+02
0	2	4	42	1.3250647e+02
0	2	4	43	1.0697554e+02
0	2	4	44	2.0638791e+02
0	2	4	45	5.5852425e+01
0	2	4	46	1.8037045e+02
0	2	4	47	1.2950951e+02
0	2	4	48	1.8062167e+02
0	2	4	49	2.0372662e+01
0	2	4	50	2.2118083e+02
0	2	4	51	7.4088385e+02
0	2	4	52	7.6701129e+02
0	2	4	53	3.1341614e+02
0	2	4	54	1.5365672e+02
0	2	4	55	4.2312860e+02
0	2	4	56	6.3948212e+02
0	2	4	57	5.5383093e+02
0	2	4	58	3.2007361e+02
0	2	4	59	3.9629266e+02
0	2	4	60	4.8464514e+02
0	2	4	61	2.9783130e+02
0	2	4	62	4.0153506e+02
0	2	4	63	3.8544803e+02
0	2	5	0	-1.9502277e+02
0	2	5	1	-4.3764328e+02
0	2	5	2	-2.2185175e+02
0	2	5	3	-3.6052487e+02
0	2	5	4	-4.9655026e+02
0	2	5	5	-2.4923793e+02
0	2	5	6	-4.7041876e+02
0	2	5	7	-2.9921762e+02
0	2	5	8	-5.8700922e+02
0	2	5	9	-3.0822028e+02
0	2	5	10	-3.7674472e+02
0	2	5	11	-4.5170773e+02
0	2	5	12	-4.3402255e+02
0	2	5	13	-3.6970078e+02
0	2	5	14	-6.7481836e+02
0	2	5	15	-3.8767789e+02
0	2	5	16	-6.3644568e+02
0	2	5	17	-4.5346381e+02
0	2	5	18	-5.9113068e+02
0	2	5	19	-5.2463556e+02
0	2	5	20	-5.1565955e+02
0	2	5	21	-4.8927478e+02
0	2	5	22	-4.9212479e+02
0	2	5	23	-6.1698889e+02
0	2	5	24	-5.7831256e+02
0	2	5	25	-5.4737128e+02
0	2	5	26	-5.1006613e+02
0	2	5	27	-5.2668921e+02
0	2	5	28	-4.4707019e+02
0	2	5	29	-5.2263586e+02
0	2	5	30	-5.9018823e+02
0	2	5	31	-5.3909412e+02
0	2	5	32	-5.9249725e+02
0	2	5	33	-3.9274167e+02
0	2	5	34	1.8827710e+02
0	2	5	35	1.6536154e+02
0	2	5	36	2.1613766e+02
0	2	5	37	2.1051680e+02
0	2	5	38	2.2869690e+02
0	2	5	39	1.8671335e+02
0	2	5	40	2.3002975e+02
0	2	5	41	2.0618668e+02
0	2	5	42	2.0603432e+02
0	2	5	43	1.9527225e+02
0	2	5	44	2.7623508e+02
0	2	5	45	2.2226953e+02
0	2	5	46	1.4646849e+02
0	2	5	47	2.4254005e+02
0	2	5	48	1.9055046e+02
0	2	5	49	2.0504732e+02
0	2	5	50	2.3944907e+02
0	2	5	51	6.1251654e+02
0	2	5	52	8.3250800e+02
0	2	5	53	4.5461575e+02
0	2	5	54	4.6574673e+02
0	2	5	55	5.0684857e+02
0	2	5	56	6.2717499e+02
0	2	5	57	6.7263025e+02
0	2	5	58	4.7933557e+02
0	2	5	59	4.0486780e+02
0	2	5	60	4.9505823e+02
0	2	5	61	4.5657297e+02
0	2	5	62	5.7573010e+02
0	2	5	63	4.3578857e+02
0	2	6	0	-3.7884384e+02
0	2	6	1	-4.6222675e+02
0	2	6	2	-3.5401862e+02
0	2	6	3	-4.2751822e+02
0	2	6	4	-5.8064490e+02
0	2	6	5	-4.6497070e+02
0	2	6	6	-3.9786026e+02
0	2	6	7	-3.8665317e+02
0	2	6	8	-5.6795721e+02
0	2	6	9	-3.4220920e+02
0	2	6	10	-5.4976422e+02
0	2	6	11	-3.1684131e+02
0	2	6	12	-5.4401337e+02
0	2	6	13	-4.4407324e+02
0	2	6	14	-2.8111353e+02
0	2	6	15	-4.8224866e+02
0	2	6	16	-4.9951682e+02
0	2	6	17	-5.8989630e+02
0	2	6	18	-3.4109384e+02
0	2	6	19	-5.9289594e+02
0	2	6	20	-4.7883014e+02
0	2	6	21	-4.4317676e+02
0	2	6	22	-6.3352478e+02
0	2	6	23	-6.5686725e+02
0	2	6	24	-6.1529065e+02
0	2	6	25	-5.3765509e+02
0	2	6	26	-6.1929437e+02
0	2	6	27	-5.7550421e+02
0	2	6	28	-5.2342499e+02
0	2	6	29	-5.5967889e+02
0	2	6	30	-5.0497922e+02
0	2	6	31	-6.8537939e+02
0	2	6	32	-7.8218207e+02
0	2	6	33	-6.0852087e+02
0	2	6	34	-3.2521664e+01
0	2	6	35	6.0552593e+01
0	2	6	36	5.5908073e+01
0	2	6	37	1.0514153e+02
0	2	6	38	-1.0268506e+02
0	2	6	39	2.9604448e+01
0	2	6	40	-9.4172409e+01
0	2	6	41	1.0249052e+02
0	2	6	42	1.2315197e+02
0	2	6	43	8.6898209e+01
0	2	6	44	4.8053059e+01
0	2	6	45	4.3491535e+00
0	2	6	46	1.0776237e+02
0	2	6	47	-8.8447433e+01
0	2	6	48	-1.0215135e+02
0	2	6	49	-1.9795264e+02
0	2	6	50	-1.2051053e+02
0	2	6	51	5.6033832e+02
0	2	6	52	4.8833774e+02
0	2	6	53	2.7791357e+02
0	2	6	54	1.6586906e+02
0	2	6	55	2.5796631e+02
0	2	6	56	4.4166693e+02
0	2	6	57	4.9565231e+02
0	2	6	58	3.9134299e+02
0	2	6	59	3.6362885e+02
0	2	6	60	2.1592599e+02
0	2	6	61	1.8067154e+02
0	2	6	62	2.7342377e+02
0	2	6	63	4.0163879e+02
0	2	7	0	-2.2467691e+02
0	2	7	1	-5.5535693e+02
0	2	7	2	-3.7403339e+02
0	2	7	3	-3.1263110e+02
0	2	7	4	-4.0984213e+02
0	2	7	5	-1.5667494e+02
0	2	7	6	-4.9241476e+02
0	2	7	7	-1.7390974e+02
0	2	7	8	-3.7573737e+02
0	2	7	9	-3.1121268e+02
0	2	7	10	-2.3657317e+02
0	2	7	11	-3.6270465e+02
0	2	7	12	-4.8193546e+02
0	2	7	13	-3.0735129e+02
0	2	7	14	-4.8540939e+02
0	2	7	15	-3.0800705e+02
0	2	7	16	-5.0498993e+02
0	2	7	17	-4.2211926e+02
0	2	7	18	-4.6379749e+02
0	2	7	19	-3.6680505e+02
0	2	7	20	-4.3881396e+02
0	2	7	21	-4.8888477e+02
0	2	7	22	-7.1609576e+02
0	2	7	23	-4.4609256e+02
0	2	7	24	-4.3718619e+02
0	2	7	25	-4.4421262e+02
0	2	7	26	-4.7190515e+02
0	2	7	27	-4.1117542e+02
0	2	7	28	-4.0169757e+02
0	2	7	29	-4.2145987e+02
0	2	7	30	-4.3087936e+02
0	2	7	31	-5.2027460e+02
0	2	7	32	-7.0251874e+02
0	2	7	33	-3.7831760e+02
0	2	7	34	2.6153250e+02
0	2	7	35	2.3859204e+02
0	2	7	36	2.3540056e+02
0	2	7	37	2.6197253e+02
0	2	7	38	-2.1512476e+01
0	2	7	39	7.1448257e+01
0	2	7	40	2.9295966e+02
0	2	7	41	-8.8865562e+01
0	2	7	42	2.2719539e+02
0	2	7	43	1.3975256e+02
0	2	7	44	1.8555144e+02
0	2	7	45	1.3334424e+02
0	2	7	46	2.1509894e+02
0	2	7	47	1.3937004e+02
0	2	7	48	3.4752132e+01
0	2	7	49	1.2827151e+02
0	2	7	50	1.7808296e+02
0	2	7	51	7.3558124e+02
0	2	7	52	8.4196423e+02
0	2	7	53	1.3686295e+02
0	2	7	54	4.8148532e+02
0	2	7	55	4.0808685e+02
0	2	7	56	7.2980322e+02
0	2	7	57	6.4772046e+02
0	2	7	58	4.2238239e+02
0	2	7	59	3.8331961e+02
0	2	7	60	4.8441187e+02
0	2	7	61	3.7223749e+02
0	2	7	62	4.5424515e+02
0	2	7	63	4.6699170e+02
0	2	8	0	-4.3362985e+02
0	2	8	1	-4.6809598e+02
0	2	8	2	-3.6325131e+02
0	2	8	3	-4.8730844e+02
0	2	8	4	-7.3091223e+02
0	2	8	5	-5.3186963e+02
0	2	8	6	-5.3863794e+02
0	2	8	7	-7.2689685e+02
0	2	8	8	-7.2105634e+02
0	2	8	9	-6.2566003e+02
0	2	8	10	-7.0570355e+02
0	2	8	11	-4.8734634e+02
0	2	8	12	-6.1975043e+02
0	2	8	13	-5.4188098e+02
0	2	8	14	-5.0497876e+02
0	2	8	15	-6.3507458e+02
0	2	8	16	-6.7608569e+02
0	2	8	17	-6.5389838e+02
0	2	8	18	-7.7599493e+02
0	2	8	19	-6.0098376e+02
0	2	8	20	-5.7249188e+02
0	2	8	21	-6.2525861e+02
0	2	8	22	-6.9390063e+02
0	2	8	23	-5.0039178e+02
0	2	8	24	-6.9277380e+02
0	2	8	25	-8.0455304e+02
0	2	8	26	-6.5301239e+02
0	2	8	27	-7.4066718e+02
0	2	8	28	-6.3947839e+02
0	2	8	29	-7.9179938e+02
0	2	8	30	-7.0207019e+02
0	2	8	31	-6.7825079e+02
0	2	8	32	-7.4766528e+02
0	2	8	33	-7.0970056e+02
0	2	8	34	-7.5212776e+01
0	2	8	35	-6.4826729e+01
0	2	8	36	6.4747543e+01
0	2	8	37	8.6917999e+01
0	2	8	38	-7.5856354e+01
0	2	8	39	9.3219271e+00
0	2	8	40	-1.8939217e+02
0	2	8	41	-3.4949852e+01
0	2	8	42	1.9546301e+01
0	2	8	43	-8.8780853e+01
0	2	8	44	-1.3312114e+02
0	2	8	45	-1.8009053e+02
0	2	8	46	1.8145969e+01
0	2	8	47	-1.4763347e+01
0	2	8	48	6.6700180e+01
0	2	8	49	-1.3260718e+02
0	2	8	50	-3.8916908e+01
0	2	8	51	6.3340063e+02
0	2	8	52	6.2819940e+02
0	2	8	53	2.3684978e+02
0	2	8	54	8.4319038e+01
0	2	8	55	2.0441090e+01
0	2	8	56	3.0894785e+02
0	2	8	57	3.8190356e+02
0	2	8	58	3.1079691e+02
0	2	8	59	1.4027841e+02
0	2	8	60	2.1521785e+02
0	2	8	61	1.8460460e+02
0	2	8	62	1.7922778e+02
0	2	8	63	2.0862422e+02
0	2	9	0	-4.6304800e+02
0	2	9	1	-5.7550378e+02
0	2	9	2	-3.4230261e+02
0	2	9	3	-3.5465271e+02
0	2	9	4	-3.4446527e+02
0	2	9	5	-4.7577261e+02
0	2	9	6	-2.9551474e+02
0	2	9	7	-4.5865292e+02
0	2	9	8	-3.6054178e+02
0	2	9	9	-3.9972409e+02
0	2	9	10	-4.4698285e+02
0	2	9	11	-3.3128906e+02
0	2	9	12	-4.0256857e+02
0	2	9	13	-3.9622607e+02
0	2	9	14	-3.5177219e+02
0	2	9	15	-4.7652362e+02
0	2	9	16	-5.5555969e+02
0	2	9	17	-5.2478748e+02
0	2	9	18	-6.1406281e+02
0	2	9	19	-4.4471051e+02
0	2	9	20	-5.2266956e+02
0	2	9	21	-4.6948578e+02
0	2	9	22	-3.8748492e+02
0	2	9	23	-4.4791681e+02
0	2	9	24	-5.8289160e+02
0	2	9	25	-3.9857526e+02
0	2	9	26	-7.0695190e+02
0	2	9	27	-5.6915210e+02
0	2	9	28	-3.7990338e+02
0	2	9	29	-3.9649347e+02
0	2	9	30	-5.4317194e+02
0	2	9	31	-5.3012030e+02
0	2	9	32	-5.1547668e+02
0	2	9	33	-3.2330420e+02
0	2	9	34	2.2077011e+02
0	2	9	35	2.5220654e+02
0	2	9	36	2.0350755e+02
0	2	9	37	2.1754585e+02
0	2	9	38	7.1379463e+01
0	2	9	39	1.6194859e+02
0	2	9	40	7.6312729e+01
0	2	9	41	8.7416183e+01
0	2	9	42	2.1295778e+02
0	2	9	43	1.4205591e+02
0	2	9	44	9.1003525e+01
0	2	9	45	1.4115596e+02
0	2	9	46	2.5471873e+02
0	2	9	47	9.5964844e+01
0	2	9	48	2.2411269e+02
0	2	9	49	-9.5698881e+00
0	2	9	50	1.9366875e+02
0	2	9	51	7.8899011e+02
0	2	9	52	7.7133734e+02
0	2	9	53	3.7663010e+02
0	2	9	54	4.3007208e+02
0	2	9	55	4.0391577e+02
0	2	9	56	4.9484274e+02
0	2	9	57	4.0062238e+02
0	2	9	58	4.4654440e+02
0	2	9	59	4.9606235e+02
0	2	9	60	3.4158560e+02
0	2	9	61	4.5243619e+02
0	2	9	62	4.0459430e+02
0	2	9	63	3.9744376e+02
0	2	10	0	-4.0554776e+02
0	2	10	1	-4.9871451e+02
0	2	10	2	-3.7851895e+02
0	2	10	3	-4.3001166e+02
0	2	10	4	-7.2171820e+02
0	2	10	5	-4.2527792e+02
0	2	10	6	-6.2366199e+02
0	2	10	7	-3.8275140e+02
0	2	10	8	-4.7403900e+02
0	2	10	9	-3.2977585e+02
0	2	10	10	-5.8612341e+02
0	2	10	11	-4.2417554e+02
0	2	10	12	-6.1108032e+02
0	2	10	13	-5.9334796e+02
0	2	10	14	-4.8507578e+02
0	2	10	15	-4.5474557e+02
0	2	10	16	-8.6230713e+02
0	2	10	17	-5.9601904e+02
0	2	10	18	-5.5523340e+02
0	2	10	19	-6.1659796e+02
0	2	10	20	-5.7270361e+02
0	2	10	21	-5.3742999e+02
0	2	10	22	-5.1897363e+02
0	2	10	23	-6.2396344e+02
0	2	10	24	-6.2012738e+02
0	2	10	25	-4.8850064e+02
0	2	10	26	-6.5485449e+02
0	2	10	27	-5.5483417e+02
0	2	10	28	-5.3909717e+02
0	2	10	29	-6.5420374e+02
0	2	10	30	-7.4889880e+02
0	2	10	31	-5.2856879e+02
0	2	10	32	-6.4328156e+02
0	2	10	33	-7.2458081e+02
0	2	10	34	7.5335770e+01
0	2	10	35	4.4771835e+01
0	2	10	36	7.2515633e+01
0	2	10	37	6.1667755e+01
0	2	10	38	-2.2003103e+01
0	2	10	39	1.3146748e+02
0	2	10	40	2.3630348e+01
0	2	10	41	8.5514969e+01
0	2	10	42	4.3989937e+01
0	2	10	43	2.0403099e+02
0	2	10	44	2.1955946e+02
0	2	10	45	-1.5363397e+02
0	2	10	46	4.3277275e+01
0	2	10	47	-7.0414207e+01
0	2	10	48	-1.2710384e+02
0	2	10	49	7.3421280e+01
0	2	10	50	-5.0351681e+01
0	2	10	51	5.8885339e+02
0	2	10	52	6.3889673e+02
0	2	10	53	3.2996536e+02
0	2	10	54	2.3748483e+02
0	2	10	55	3.7632111e+02
0	2	10	56	5.2250964e+02
0	2	10	57	3.9828226e+02
0	2	10	58	3.9810080e+02
0	2	10	59	2.4904080e+02
0	2	10	60	3.1204016e+02
0	2	10	61	3.2422183e+02
0	2	10	62	3.7955539e+02
0	2	10	63	3.9146918e+02
0	2	11	0	-4.8854941e+02
0	2	11	1	-4.4631042e+02
0	2	11	2	-4.0988202e+02
0	2	11	3	-5.4766565e+02
0	2	11	4	-5.5721460e+02
0	2	11	5	-4.4467911e+02
0	2	11	6	-4.4393237e+02
0	2	11	7	-4.1405890e+02
0	2	11	8	-7.5505914e+02
0	2	11	9	-4.2112454e+02
0	2	11	10	-7.7749017e+02
0	2	11	11	-5.6303650e+02
0	2	11	12	-5.9155225e+02
0	2	11	13	-4.6839944e+02
0	2	11	14	-5.2294281e+02
0	2	11	15	-5.2096820e+02
0	2	11	16	-6.2421796e+02
0	2	11	17	-4.4728818e+02
0	2	11	18	-5.4165558e+02
0	2	11	19	-3.7079254e+02
0	2	11	20	-6.6739496e+02
0	2	11	21	-6.1923022e+02
0	2	11	22	-6.2007111e+02
0	2	11	23	-5.2740228e+02
0	2	11	24	-5.9870630e+02
0	2	11	25	-6.4901764e+02
0	2	11	26	-6.9604968e+02
0	2	11	27	-6.2802594e+02
0	2	11	28	-6.2748615e+02
0	2	11	29	-6.3072809e+02
0	2	11	30	-6.3449695e+02
0	2	11	31	-7.0888373e+02
0	2	11	32	-6.9856024e+02
0	2	11	33	-5.7776166e+02
0	2	11	34	7.4800774e+01
0	2	11	35	-5.0826694e+01
0	2	11	36	7.1389108e+00
0	2	11	37	3.6072018e+01
0	2	11	38	6.4327454e+01
0	2	11	39	2.5026079e+01
0	2	11	40	7.5531532e+01
0	2	11	41	3.3658108e+01
0	2	11	42	4.0479000e+01
0	2	11	43	1.8525024e+01
0	2	11	44	1.8817375e+02
0	2	11	45	1.7031450e+01
0	2	11	46	1.0450816e+02
0	2	11	47	4.7220745e+00
0	2	11	48	5.9662846e+01
0	2	11	49	7.3941742e+01
0	2	11	50	1.2943285e+02
0	2	11	51	6.8720245e+02
0	2	11	52	7.7322028e+02
0	2	11	53	2.3574277e+02
0	2	11	54	3.3348499e+02
0	2	11	55	3.4336597e+02
0	2	11	56	2.6348315e+02
0	2	11	57	3.5050684e+02
0	2	11	58	3.2133740e+02
0	2	11	59	2.4599413e+02
0	2	11	60	6.0129799e+01
0	2	11	61	2.8907428e+02
0	2	11	62	3.7644537e+02
0	2	11	63	1.3985318e+02
0	2	12	0	-3.4695062e+02
0	2	12	1	-4.6689236e+02
0	2	12	2	-2.9216010e+02
0	2	12	3	-5.7124866e+02
0	2	12	4	-4.7107288e+02
0	2	12	5	-5.2944714e+02
0	2	12	6	-4.1992935e+02
0	2	12	7	-6.0720770e+02
0	2	12	8	-5.2575610e+02
0	2	12	9	-3.8769049e+02
0	2	12	10	-6.6884839e+02
0	2	12	11	-4.0104520e+02
0	2	12	12	-6.2560767e+02
0	2	12	13	-4.7567719e+02
0	2	12	14	-5.7098370e+02
0	2	12	15	-6.1818524e+02
0	2	12	16	-6.1112305e+02
0	2	12	17	-6.9938684e+02
0	2	12	18	-7.1517743e+02
0	2	12	19	-7.1051202e+02
0	2	12	20	-7.0359546e+02
0	2	12	21	-5.7025592e+02
0	2	12	22	-5.4090808e+02
0	2	12	23	-5.5447858e+02
0	2	12	24	-8.4073468e+02
0	2	12	25	-6.0719379e+02
0	2	12	26	-6.0894391e+02
0	2	12	27	-6.1706702e+02
0	2	12	28	-5.7093884e+02
0	2	12	29	-6.2789209e+02
0	2	12	30	-6.3402252e+02
0	2	12	31	-5.8789362e+02
0	2	12	32	-8.5701923e+02
0	2	12	33	-7.1115338e+02
0	2	12	34	3.4392475e+01
0	2	12	35	5.3211834e+01
0	2	12	36	1.0558916e+02
0	2	12	37	8.3944412e+01
0	2	12	38	-6.8303123e+01
0	2	12	39	7.1943794e+01
0	2	12	40	5.3408962e+01
0	2	12	41	-2.1003920e+02
0	2	12	42	8.6460289e+01
0	2	12	43	7.5257767e+01
0	2	12	44	9.7911324e+01
0	2	12	45	3.0457291e+01
0	2	12	46	-1.5302522e+02
0	2	12	47	-1.2314561e+02
0	2	12	48	2.5420124e+01
0	2	12	49	-1.0784336e+02
0	2	12	50	-7.6679993e+01
0	2	12	51	5.9659979e+02
0	2	12	52	5.4647882e+02
0	2	12	53	1.6487250e+02
0	2	12	54	1.2291710e+02
0	2	12	55	9.6649796e+01
0	2	12	56	3.9191907e+02
0	2	12	57	4.6489545e+02
0	2	12	58	3.8672867e+02
0	2	12	59	2.7163843e+02
0	2	12	60	3.2506931e+02
0	2	12	61	3.2125177e+02
0	2	12	62	4.0334940e+02
0	2	12	63	4.2890979e+02
0	2	13	0	-4.8078619e+02
0	2	13	1	-2.4594220e+02
0	2	13	2	-2.4818732e+02
0	2	13	3	-4.1021188e+02
0	2	13	4	-4.1331418e+02
0	2	13	5	-2.9640607e+02
0	2	13	6	-3.0016772e+02
0	2	13	7	-5.4040906e+02
0	2	13	8	-5.1987262e+02
0	2	13	9	-4.9536374e+02
0	2	13	10	-5.0448608e+02
0	2	13	11	-3.0573047e+02
0	2	13	12	-5.4278656e+02
0	2	13	13	-2.8265460e+02
0	2	13	14	-5.0913489e+02
0	2	13	15	-4.7257047e+02
0	2	13	16	-4.8581909e+02
0	2	13	17	-4.3958133e+02
0	2	13	18	-6.2543427e+02
0	2	13	19	-5.2023682e+02
0	2	13	20	-6.4185498e+02
0	2	13	21	-7.4688977e+02
0	2	13	22	-5.0177524e+02
0	2	13	23	-7.1648840e+02
0	2	13	24	-5.7860590e+02
0	2	13	25	-6.5868384e+02
0	2	13	26	-5.7179053e+02
0	2	13	27	-6.8879718e+02
0	2	13	28	-6.4522345e+02
0	2	13	29	-4.4752130e+02
0	2	13	30	-4.7292041e+02
0	2	13	31	-4.9584326e+02
0	2	13	32	-6.2268195e+02
0	2	13	33	-5.6169342e+02
0	2	13	34	1.0295518e+02
0	2	13	35	9.5420494e+01
0	2	13	36	-3.5301918e+01
0	2	13	37	9.4491791e+01
0	2	13	38	2.2771584e+02
0	2	13	39	1.8135458e+02
0	2	13	40	1.0591341e+02
0	2	13	41	1.4643126e+02
0	2	13	42	1.8919144e+02
0	2	13	43	7.7331963e+01
0	2	13	44	1.8232822e+02
0	2	13	45	7.7248787e+01
0	2	13	46	1.2779527e+02
0	2	13	47	1.2366447e+02
0	2	13	48	1.4223401e+02
0	2	13	49	3.1279526e+01
0	2	13	50	2.2100351e+02
0	2	13	51	6.5439191e+02
0	2	13	52	7.2287781e+02
0	2	13	53	3.2531326e+02
0	2	13	54	3.6694354e+02
0	2	13	55	4.6958984e+02
0	2	13	56	3.3063907e+02
0	2	13	57	4.1066248e+02
0	2	13	58	4.6655518e+02
0	2	13	59	5.2909528e+02
0	2	13	60	2.5339256e+02
0	2	13	61	6.9461357e+01
0	2	13	62	3.9011023e+02
0	2	13	63	4.2966885e+02
0	2	14	0	-2.0573967e+02
0	2	14	1	-3.3609805e+02
0	2	14	2	-2.9855292e+02
0	2	14	3	-2.3585788e+02
0	2	14	4	-5.5919061e+02
0	2	14	5	-4.0204904e+02
0	2	14	6	-3.4787219e+02
0	2	14	7	-2.7502689e+02
0	2	14	8	-3.3077649e+02
0	2	14	9	-2.4123291e+02
0	2	14	10	-3.6354349e+02
0	2	14	11	-3.0171036e+02
0	2	14	12	-4.1362177e+02
0	2	14	13	-4.4944891e+02
0	2	14	14	-3.0292014e+02
0	2	14	15	-4.4773123e+02
0	2	14	16	-3.9518561e+02
0	2	14	17	-4.8198251e+02
0	2	14	18	-4.9649387e+02
0	2	14	19	-5.6404791e+02
0	2	14	20	-5.0971030e+02
0	2	14	21	-3.2079605e+02
0	2	14	22	-6.5036450e+02
0	2	14	23	-4.5082654e+02
0	2	14	24	-5.4519592e+02
0	2	14	25	-6.5416809e+02
0	2	14	26	-6.6949731e+02
0	2	14	27	-4.8592047e+02
0	2	14	28	-5.5461896e+02
0	2	14	29	-5.8136652e+02
0	2	14	30	-7.2467938e+02
0	2	14	31	-4.6402377e+02
0	2	14	32	-5.7279803e+02
0	2	14	33	-5.5720929e+02
0	2	14	34	1.5368497e+02
0	2	14	35	2.4204680e+02
0	2	14	36	6.1286301e+01
0	2	14	37	2.4046066e+02
0	2	14	38	1.3168481e+02
0	2	14	39	3.4780627e+02
0	2	14	40	2.0867879e+02
0	2	14	41	2.1960219e+02
0	2	14	42	2.1212527e+02
0	2	14	43	1.3545329e+02
0	2	14	44	5.0209790e+02
0	2	14	45	2.1574878e+02
0	2	14	46	3.6047333e+02
0	2	14	47	3.2276364e+02
0	2	14	48	5.2505481e+02
0	2	14	49	1.7729858e+02
0	2	14	50	2.5055289e+02
0	2	14	51	7.8767218e+02
0	2	14	52	9.9301068e+02
0	2	14	53	5.5298059e+02
0	2	14	54	6.5515363e+02
0	2	14	55	6.7410333e+02
0	2	14	56	8.0299945e+02
0	2	14	57	6.9582294e+02
0	2	14	58	5.1493164e+02
0	2	14	59	5.3249634e+02
0	2	14	60	5.4736914e+02
0	2	14	61	5.6208582e+02
0	2	14	62	5.6371552e+02
0	2	14	63	6.3640790e+02
0	2	15	0	-6.3980137e+01
0	2	15	1	-1.4884094e+02
0	2	15	2	-1.6835156e+02
0	2	15	3	-1.8377437e+02
0	2	15	4	-3.4244131e+02
0	2	15	5	-2.1133829e+02
0	2	15	6	-1.3380812e+02
0	2	15	7	-4.8501659e+01
0	2	15	8	-1.2200480e+02
0	2	15	9	-2.2804514e+02
0	2	15	10	-8.6439209e+01
0	2	15	11	-2.6819980e+02
0	2	15	12	-2.9416046e+02
0	2	15	13	-1.1440395e+02
0	2	15	14	-4.1068881e+02
0	2	15	15	-3.3262027e+02
0	2	15	16	-1.0213211e+02
0	2	15	17	-3.4249014e+02
0	2	15	18	-2.6926520e+02
0	2	15	19	-3.5610574e+02
0	2	15	20	-2.9578705e+02
0	2	15	21	-2.9084479e+02
0	2	15	22	-2.8934174e+02
0	2	15	23	-3.2270435e+02
0	2	15	24	-3.4032162e+02
0	2	15	25	-4.4482614e+02
0	2	15	26	-3.3792526e+02
0	2	15	27	-4.8353613e+02
0	2	15	28	-4.3415985e+02
0	2	15	29	-5.1088055e+02
0	2	15	30	-4.1561816e+02
0	2	15	31	-5.7503406e+02
0	2	15	32	-6.6796271e+02
0	2	15	33	-4.1182971e+02
0	2	15	34	1.7447536e+02
0	2	15	35	-1.5166563e+00
0	2	15	36	3.1825516e+02
0	2	15	37	3.3266196e+02
0	2	15	38	2.7669223e+02
0	2	15	39	3.1244131e+02
0	2	15	40	2.7815549e+02
0	2	15	41	1.3816469e+02
0	2	15	42	3.0262524e+02
0	2	15	43	1.3851590e+02
0	2	15	44	4.1869479e+02
0	2	15	45	2.4922316e+02
0	2	15	46	2.6387582e+02
0	2	15	47	-3.2399940e+01
0	2	15	48	4.5997784e+02
0	2	15	49	4.7835037e+02
0	2	15	50	3.1655313e+02
0	2	15	51	8.9602649e+02
0	2	15	52	8.5003040e+02
0	2	15	53	4.5473749e+02
0	2	15	54	4.7539716e+02
0	2	15	55	6.7856946e+02
0	2	15	56	8.3674902e+02
0	2	15	57	7.2294861e+02
0	2	15	58	5.5269684e+02
0	2	15	59	4.0707721e+02
0	2	15	60	6.2205066e+02
0	2	15	61	4.0028253e+02
0	2	15	62	4.6416428e+02
0	2	15	63	3.0577325e+02
1	0	0	0	-2.7221228e+02
1	0	0	1	-1.8502037e+02
1	0	0	2	-1.7269858e+02
1	0	0	3	-3.2180063e+02
1	0	0	4	-2.1200975e+02
1	0	0	5	-3.5350095e+02
1	0	0	6	-3.0102435e+02
1	0	0	7	-1.0344936e+02
1	0	0	8	-2.3780464e+02
1	0	0	9	-1.0993544e+02
1	0	0	10	-2.4935590e+02
1	0	0	11	-2.7437823e+02
1	0	0	12	-4.9315936e+02
1	0	0	13	-2.4709836e+02
1	0	0	14	-2.2773477e+02
1	0	0	15	-2.7601865e+02
1	0	0	16	-5.0010501e+02
1	0	0	17	-4.1190277e+02
1	0	0	18	-2.7933929e+02
1	0	0	19	-4.3748257e+02
1	0	0	20	-3.0443762e+02
1	0	0	21	-3.6032828e+02
1	0	0	22	-4.8220819e+02
1	0	0	23	-5.3749683e+02
1	0	0	24	-4.2213892e+02
1	0	0	25	-5.3570569e+02
1	0	0	26	-3.2965918e+02
1	0	0	27	-4.9231412e+02
1	0	0	28	-3.0826990e+02
1	0	0	29	-4.1768384e+02
1	0	0	30	-4.2191818e+02
1	0	0	31	-4.4082312e+02
1	0	0	32	-3.9462357e+02
1	0	0	33	-5.6002893e+02
1	0	0	34	1.2615659e+02
1	0	0	35	1.3773280e+02
1	0	0	36	2.5504973e+02
1	0	0	37	2.5177650e+02
1	0	0	38	3.0883456e+02
1	0	0	39	1.6333827e+02
1	0	0	40	1.9077060e+02
1	0	0	41	2.8954248e+02
1	0	0	42	4.2111212e+02
1	0	0	43	2.7429800e+02
1	0	0	44	2.5414999e+02
1	0	0	45	9.3779900e+01
1	0	0	46	3.3306625e+02
1	0	0	47	2.6317062e+02
1	0	0	48	3.5218546e+02
1	0	0	49	2.7280441e+02
1	0	0	50	3.7937640e+02
1	0	0	51	8.7987781e+02
1	0	0	52	9.9168787e+02
1	0	0	53	7.2585828e+02
1	0	0	54	4.9060721e+02
1	0	0	55	6.0454218e+02
1	0	0	56	7.8134613e+02
1	0	0	57	7.4390350e+02
1	0	0	58	4.9236911e+02
1	0	0	59	5.2893561e+02
1	0	0	60	5.7745349e+02
1	0	0	61	4.6529895e+02
1	0	0	62	5.2581104e+02
1	0	0	63	5.4104761e+02
1	0	1	0	4.5051666e+01
1	0	1	1	2.0482545e+02
1	0	1	2	-4.2601681e+01
1	0	1	3	3.2526074e+02
1	0	1	4	7.9380539e+01
1	0	1	5	2.6673035e+02
1	0	1	6	1.6121715e+02
1	0	1	7	7.6590240e+01
1	0	1	8	1.6685426e+02
1	0	1	9	1.8030524e+02
1	0	1	10	-8.0205978e+01
1	0	1	11	1.2251470e+02
1	0	1	12	1.3919077e+02
1	0	1	13	4.2766788e+01
1	0	1	14	-1.2393217e+02
1	0	1	15	2.1310985e+02
1	0	1	16	-1.6144908e+02
1	0	1	17	1.1884042e+02
1	0	1	18	1.6843567e+02
1	0	1	19	1.1132059e+02
1	0	1	20	1.0821514e+02
1	0	1	21	2.1892531e+02
1	0	1	22	-4.1240929e+01
1	0	1	23	2.3110783e+02
1	0	1	24	7.2293144e+01
1	0	1	25	1.8902798e+02
1	0	1	26	2.3706216e+02
1	0	1	27	-1.1421023e+02
1	0	1	28	1.5763106e+02
1	0	1	29	3.4312576e+01
1	0	1	30	2.4657824e+01
1	0	1	31	-7.3597878e+01
1	0	1	32	1.8227521e+02
1	0	1	33	1.2732867e+02
1	0	1	34	8.1027173e+02
1	0	1	35	7.7935388e+02
1	0	1	36	6.5108527e+02
1	0	1	37	7.9196307e+02
1	0	1	38	7.6803650e+02
1	0	1	39	7.8193933e+02
1	0	1	40	9.2679950e+02
1	0	1	41	8.0680823e+02
1	0	1	42	8.7295367e+02
1	0	1	43	7.0812677e+02
1	0	1	44	8.0522681e+02
1	0	1	45	7.5784387e+02
1	0	1	46	7.7772241e+02
1	0	1	47	8.4341742e+02
1	0	1	48	5.2950476e+02
1	0	1	49	7.8590216e+02
1	0	1	50	8.2874872e+02
1	0	1	51	1.3653762e+03
1	0	1	52	1.5010488e+03
1	0	1	53	1.0890170e+03
1	0	1	54	1.1547556e+03
1	0	1	55	1.0702798e+03
1	0	1	56	1.2227183e+03
1	0	1	57	9.0607953e+02
1	0	1	58	1.1116051e+03
1	0	1	59	1.0789017e+03
1	0	1	60	1.1256833e+03
1	0	1	61	1.0250659e+03
1	0	1	62	1.0482474e+03
1	0	1	63	1.2600079e+03
1	0	2	0	-1.8529623e+02
1	0	2	1	-1.6017336e+02
1	0	2	2	-1.7116020e+02
1	0	2	3	-1.3803836e+02
1	0	2	4	-1.1294509e+02
1	0	2	5	-1.7924492e+02
1	0	2	6	-1.2100421e+02
1	0	2	7	-1.5010188e+02
1	0	2	8	-2.1751108e+02
1	0	2	9	-1.4199451e+02
1	0	2	10	-2.9082544e+02
1	0	2	11	-2.5225623e+02
1	0	2	12	-2.2134212e+02
1	0	2	13	-1.8002164e+02
1	0	2	14	-2.4530014e+02
1	0	2	15	-3.3770428e+02
1	0	2	16	-3.0917966e+02
1	0	2	17	-3.4570862e+02
1	0	2	18	-2.5043008e+02
1	0	2	19	-4.1475638e+02
1	0	2	20	-3.6920218e+02
1	0	2	21	-3.1804910e+02
1	0	2	22	-3.4956580e+02
1	0	2	23	-4.2195663e+02
1	0	2	24	-3.7377402e+02
1	0	2	25	-2.8380359e+02
1	0	2	26	-4.6765131e+02
1	0	2	27	-2.8645465e+02
1	0	2	28	-3.9667236e+02
1	0	2	29	-2.8211548e+02
1	0	2	30	-4.0530289e+02
1	0	2	31	-3.7185858e+02
1	0	2	32	-2.8520813e+02
1	0	2	33	-2.8970947e+02
1	0	2	34	1.5702316e+02
1	0	2	35	3.4980823e+02
1	0	2	36	4.2555804e+02
1	0	2	37	4.7525119e+02
1	0	2	38	3.7001712e+02
1	0	2	39	3.1951605e+02
1	0	2	40	3.4304907e+02
1	0	2	41	1.4755977e+02
1	0	2	42	5.4225726e+02
1	0	2	43	2.9544983e+02
1	0	2	44	4.1008472e+02
1	0	2	45	3.8738632e+02
1	0	2	46	3.8188965e+02
1	0	2	47	2.9343707e+02
1	0	2	48	5.1180154e+02
1	0	2	49	2.2768503e+02
1	0	2	50	5.0186127e+02
1	0	2	51	1.0541733e+03
1	0	2	52	1.0602389e+03
1	0	2	53	6.4677295e+02
1	0	2	54	6.1906927e+02
1	0	2	55	6.0871570e+02
1	0	2	56	8.4434833e+02
1	0	2	57	8.1820581e+02
1	0	2	58	7.1804120e+02
1	0	2	59	8.3971625e+02
1	0	2	60	7.1106116e+02
1	0	2	61	6.3032819e+02
1	0	2	62	6.7815497e+02
1	0	2	63	7.1463794e+02
1	0	3	0	8.2565620e+01
1	0	3	1	1.2442619e+02
1	0	3	2	-1.8535559e+02
1	0	3	3	-8.1317917e+01
1	0	3	4	-5.6541500e+01
1	0	3	5	-1.8654037e+01
1	0	3	6	5.7385509e+01
1	0	3	7	-1.5866083e+02
1	0	3	8	-1.6065432e+01
1	0	3	9	2.2137833e+01
1	0	3	10	-2.0829122e+00
1	0	3	11	-1.0370065e+02
1	0	3	12	-8.2110329e+01
1	0	3	13	-1.3640486e+02
1	0	3	14	-1.5966942e+02
1	0	3	15	-1.8120555e+02
1	0	3	16	-2.3126581e+02
1	0	3	17	-2.8320694e+01
1	0	3	18	-1.5923000e+02
1	0	3	19	-5.9268494e+01
1	0	3	20	-2.0867491e+02
1	0	3	21	-7.3263290e+01
1	0	3	22	-2.9778256e+02
1	0	3	23	-5.5420071e+01
1	0	3	24	-1.6826019e+02
1	0	3	25	-1.4735695e+02
1	0	3	26	-2.5144849e+02
1	0	3	27	-2.2921426e+02
1	0	3	28	-1.0358866e+02
1	0	3	29	-7.1834076e+01
1	0	3	30	-3.9410599e+02
1	0	3	31	-3.0300644e+02
1	0	3	32	-2.8237607e+02
1	0	3	33	-4.3597528e+02
1	0	3	34	4.0920847e+02
1	0	3	35	2.1116757e+02
1	0	3	36	4.4839740e+02
1	0	3	37	3.6581500e+02
1	0	3	38	5.0619919e+02
1	0	3	39	5.1318762e+02
1	0	3	40	4.7277716e+02
1	0	3	41	6.0505206e+02
1	0	3	42	4.8271637e+02
1	0	3	43	4.1774576e+02
1	0	3	44	5.0631174e+02
1	0	3	45	3.1683145e+02
1	0	3	46	3.5733365e+02
1	0	3	47	4.1115753e+02
1	0	3	48	4.5036865e+02
1	0	3	49	2.5687051e+02
1	0	3	50	5.6060309e+02
1	0	3	51	1.0477576e+03
1	0	3	52	9.9031531e+02
1	0	3	53	4.7444968e+02
1	0	3	54	5.7065253e+02
1	0	3	55	7.6601575e+02
1	0	3	56	8.1003497e+02
1	0	3	57	8.0828040e+02
1	0	3	58	7.4756647e+02
1	0	3	59	6.2844427e+02
1	0	3	60	5.7832990e+02
1	0	3	61	5.3326050e+02
1	0	3	62	6.8540527e+02
1	0	3	63	7.0968481e+02
1	0	4	0	1.0485600e+01
1	0	4	1	-3.3827634e+02
1	0	4	2	-6.0716511e+01
1	0	4	3	-2.7281559e+01
1	0	4	4	-2.1561467e+02
1	0	4	5	-4.9877029e+01
1	0	4	6	-4.4835155e+01
1	0	4	7	-1.3902182e+02
1	0	4	8	-8.9784943e+01
1	0	4	9	-9.9357201e+01
1	0	4	10	-2.8600995e+02
1	0	4	11	-2.4318352e+02
1	0	4	12	-2.3050873e+02
1	0	4	13	-1.7049466e+02
1	0	4	14	4.6341408e+01
1	0	4	15	-8.2451256e+01
1	0	4	16	-2.4631429e+02
1	0	4	17	-2.6160785e+02
1	0	4	18	-3.6546686e+02
1	0	4	19	-1.4713307e+02
1	0	4	20	-2.8349710e+02
1	0	4	21	-1.6680606e+02
1	0	4	22	-1.7068365e+02
1	0	4	23	-2.9451004e+02
1	0	4	24	-2.7809164e+02
1	0	4	25	-2.4507797e+02
1	0	4	26	-3.5649280e+02
1	0	4	27	-3.9114862e+02
1	0	4	28	-4.2630951e+02
1	0	4	29	-2.8405991e+02
1	0	4	30	-2.3901871e+02
1	0	4	31	-2.7613876e+02
1	0	4	32	-3.5015530e+02
1	0	4	33	-3.5544205e+02
1	0	4	34	3.5748468e+02
1	0	4	35	3.9217734e+02
1	0	4	36	3.8838629e+02
1	0	4	37	3.4674286e+02
1	0	4	38	4.0551797e+02
1	0	4	39	4.2115466e+02
1	0	4	40	3.2063406e+02
1	0	4	41	3.4389542e+02
1	0	4	42	4.3188470e+02
1	0	4	43	5.1820013e+02
1	0	4	44	5.4740497e+02
1	0	4	45	1.1003330e+02
1	0	4	46	4.1591965e+02
1	0	4	47	3.0611340e+02
1	0	4	48	3.5473312e+02
1	0	4	49	1.9138147e+02
1	0	4	50	2.9785483e+02
1	0	4	51	9.6414600e+02
1	0	4	52	1.1015470e+03
1	0	4	53	7.3269678e+02
1	0	4	54	4.1700595e+02
1	0	4	55	8.2302063e+02
1	0	4	56	9.1208228e+02
1	0	4	57	1.0168206e+03
1	0	4	58	8.0359711e+02
1	0	4	59	5.6730908e+02
1	0	4	60	6.6599554e+02
1	0	4	61	7.7435468e+02
1	0	4	62	5.7916626e+02
1	0	4	63	5.1637506e+02
1	0	5	0	-1.1545015e+02
1	0	5	1	-1.4882660e+02
1	0	5	2	-2.0268138e+02
1	0	5	3	-1.7561478e+02
1	0	5	4	-3.2994806e+02
1	0	5	5	-1.0277493e+02
1	0	5	6	-1.7415977e+02
1	0	5	7	-1.7094756e+02
1	0	5	8	-7.7814331e+01
1	0	5	9	-1.7465607e+02
1	0	5	10	-1.7966388e+02
1	0	5	11	-1.8228287e+02
1	0	5	12	-4.7490897e+02
1	0	5	13	-2.0154880e+02
1	0	5	14	-5.1285516e+02
1	0	5	15	-1.2343052e+02
1	0	5	16	-3.0283319e+02
1	0	5	17	-3.9253888e+02
1	0	5	18	-3.8197861e+02
1	0	5	19	-3.1934451e+02
1	0	5	20	-4.1967697e+02
1	0	5	21	-2.9644366e+02
1	0	5	22	-5.0718793e+02
1	0	5	23	-3.5673004e+02
1	0	5	24	-2.1029639e+02
1	0	5	25	-3.2369064e+02
1	0	5	26	-4.7725049e+02
1	0	5	27	-3.1690222e+02
1	0	5	28	-2.8310440e+02
1	0	5	29	-3.5540369e+02
1	0	5	30	-3.8265488e+02
1	0	5	31	-4.0573630e+02
1	0	5	32	-3.3924313e+02
1	0	5	33	-4.3696747e+02
1	0	5	34	2.8258704e+02
1	0	5	35	3.6241736e+02
1	0	5	36	2.5012303e+02
1	0	5	37	3.4713058e+02
1	0	5	38	3.6976031e+02
1	0	5	39	4.1460526e+02
1	0	5	40	2.7433990e+02
1	0	5	41	2.8242142e+02
1	0	5	42	4.3715689e+02
1	0	5	43	2.6842474e+02
1	0	5	44	4.6734177e+02
1	0	5	45	1.7191412e+02
1	0	5	46	2.9706937e+02
1	0	5	47	4.4838507e+02
1	0	5	48	2.1934758e+02
1	0	5	49	3.9883914e+02
1	0	5	50	4.9779373e+02
1	0	5	51	9.2562939e+02
1	0	5	52	1.0260228e+03
1	0	5	53	7.9904254e+02
1	0	5	54	6.8457904e+02
1	0	5	55	5.8783466e+02
1	0	5	56	7.6794330e+02
1	0	5	57	7.9359003e+02
1	0	5	58	6.3037207e+02
1	0	5	59	6.6585620e+02
1	0	5	60	7.2558539e+02
1	0	5	61	4.4513998e+02
1	0	5	62	5.9864136e+02
1	0	5	63	7.5173151e+02
1	0	6	0	-1.7875496e+02
1	0	6	1	-2.2177394e+02
1	0	6	2	-3.9730606e+01
1	0	6	3	-2.4448175e+02
1	0	6	4	-1.8198637e+02
1	0	6	5	-2.3293753e+02
1	0	6	6	-2.4009918e+02
1	0	6	7	-2.0539429e+02
1	0	6	8	-2.7832907e+02
1	0	6	9	-8.1617325e+01
1	0	6	10	-2.5308672e+02
1	0	6	11	-8.2404045e+01
1	0	6	12	-3.5180988e+02
1	0	6	13	-2.5478465e+02
1	0	6	14	-2.2457420e+02
1	0	6	15	-1.7242664e+02
1	0	6	16	-3.4721780e+02
1	0	6	17	-3.6789059e+02
1	0	6	18	-2.8990845e+02
1	0	6	19	-4.1382068e+02
1	0	6	20	-2.1476183e+02
1	0	6	21	-3.3449734e+02
1	0	6	22	-3.6067752e+02
1	0	6	23	-3.2644513e+02
1	0	6	24	-3.0731873e+02
1	0	6	25	-2.7458640e+02
1	0	6	26	-3.1854541e+02
1	0	6	27	-3.0610898e+02
1	0	6	28	-3.7138095e+02
1	0	6	29	-2.8895331e+02
1	0	6	30	-3.7003479e+02
1	0	6	31	-3.6718845e+02
1	0	6	32	-3.9885034e+02
1	0	6	33	-3.2746460e+02
1	0	6	34	4.0209119e+02
1	0	6	35	4.6922165e+02
1	0	6	36	4.7019638e+02
1	0	6	37	3.9908163e+02
1	0	6	38	4.8340585e+02
1	0	6	39	4.7105774e+02
1	0	6	40	3.5411191e+02
1	0	6	41	3.6322223e+02
1	0	6	42	4.5468356e+02
1	0	6	43	5.1887323e+02
1	0	6	44	5.8083221e+02
1	0	6	45	4.1469354e+02
1	0	6	46	5.3396075e+02
1	0	6	47	4.1652936e+02
1	0	6	48	5.1035989e+02
1	0	6	49	4.7802188e+02
1	0	6	50	5.5718213e+02
1	0	6	51	1.0390914e+03
1	0	6	52	1.0617136e+03
1	0	6	53	6.8488013e+02
1	0	6	54	6.9267273e+02
1	0	6	55	8.1270038e+02
1	0	6	56	9.2239978e+02
1	0	6	57	9.3287567e+02
1	0	6	58	8.0787903e+02
1	0	6	59	7.3545453e+02
1	0	6	60	6.8331262e+02
1	0	6	61	5.6488708e+02
1	0	6	62	6.2767773e+02
1	0	6	63	7.0936749e+02
1	0	7	0	2.4392563e+01
1	0	7	1	-3.0604626e+01
1	0	7	2	-1.0949912e+02
1	0	7	3	-4.2395164e+01
1	0	7	4	-9.5113159e+01
1	0	7	5	3.3855443e+00
1	0	7	6	-2.7729181e+01
1	0	7	7	5.1290771e+01
1	0	7	8	-6.3841167e+01
1	0	7	9	-1.2823021e+02
1	0	7	10	-1.4355983e+02
1	0	7	11	-9.0871834e+01
1	0	7	12	-1.6908092e+02
1	0	7	13	-2.9276901e+01
1	0	7	14	-1.9508389e+02
1	0	7	15	-1.2090203e+02
1	0	7	16	-1.6649878e+02
1	0	7	17	-2.0044040e+02
1	0	7	18	-1.8356392e+02
1	0	7	19	-1.6158035e+02
1	0	7	20	-1.9245073e+02
1	0	7	21	-1.8499295e+02
1	0	7	22	-1.3878638e+02
1	0	7	23	-1.6211487e+02
1	0	7	24	-1.6393042e+02
1	0	7	25	-2.7141040e+02
1	0	7	26	-2.4991022e+02
1	0	7	27	-2.2717592e+02
1	0	7	28	-1.8091197e+02
1	0	7	29	-3.0098495e+02
1	0	7	30	-2.4392891e+02
1	0	7	31	-2.5663654e+02
1	0	7	32	-2.9740714e+02
1	0	7	33	-2.7188300e+02
1	0	7	34	3.9089084e+02
1	0	7	35	3.6063837e+02
1	0	7	36	4.4916806e+02
1	0	7	37	-9.9497490e+03
1	0	7	38	5.1029227e+02
1	0	7	39	3.8164322e+02
1	0	7	40	3.4144720e+02
1	0	7	41	3.1926953e+02
1	0	7	42	4.2382846e+02
1	0	7	43	3.3149149e+02
1	0	7	44	4.2955786e+02
1	0	7	45	3.3002664e+02
1	0	7	46	2.6599252e+02
1	0	7	47	3.4126816e+02
1	0	7	48	3.3322357e+02
1	0	7	49	2.9718472e+02
1	0	7	50	2.9463303e+02
1	0	7	51	9.4077960e+02
1	0	7	52	8.7714185e+02
1	0	7	53	5.6868347e+02
1	0	7	54	6.3914441e+02
1	0	7	55	8.5692145e+02
1	0	7	56	7.4219788e+02
1	0	7	57	8.0367316e+02
1	0	7	58	7.8307428e+02
1	0	7	59	6.5138641e+02
1	0	7	60	8.2484607e+02
1	0	7	61	7.1263965e+02
1	0	7	62	6.6837604e+02
1	0	7	63	6.5440912e+02
1	0	8	0	-2.4787733e+01
1	0	8	1	-2.0835184e+02
1	0	8	2	-1.5468549e+02
1	0	8	3	-2.9163016e+02
1	0	8	4	-1.5252362e+02
1	0	8	5	-1.8714789e+02
1	0	8	6	-2.2201447e+02
1	0	8	7	-2.5827597e+02
1	0	8	8	-2.6946237e+02
1	0	8	9	-5.3393593e+01
1	0	8	10	-3.6657440e+02
1	0	8	11	1.0006075e+02
1	0	8	12	-1.2907135e+02
1	0	8	13	-3.3858487e+02
1	0	8	14	-2.4528796e+02
1	0	8	15	-3.3895032e+02
1	0	8	16	-3.7131348e+02
1	0	8	17	-3.3824789e+02
1	0	8	18	-5.5121002e+02
1	0	8	19	-3.6687808e+02
1	0	8	20	-2.8493137e+02
1	0	8	21	-4.2295905e+02
1	0	8	22	-2.8821674e+02
1	0	8	23	-1.5191496e+02
1	0	8	24	-4.2285757e+02
1	0	8	25	-3.8336249e+02
1	0	8	26	-3.7683273e+02
1	0	8	27	-2.9906531e+02
1	0	8	28	-4.0688165e+02
1	0	8	29	-4.0600650e+02
1	0	8	30	-3.2332657e+02
1	0	8	31	-3.2851230e+02
1	0	8	32	-3.6546564e+02
1	0	8	33	-5.1191925e+02
1	0	8	34	1.4553778e+02
1	0	8	35	3.0565802e+02
1	0	8	36	2.6600677e+02
1	0	8	37	6.2692041e+02
1	0	8	38	5.0964795e+02
1	0	8	39	4.7062869e+02
1	0	8	40	3.9173645e+02
1	0	8	41	3.8455692e+02
1	0	8	42	4.5290988e+02
1	0	8	43	2.4810193e+02
1	0	8	44	4.9049722e+02
1	0	8	45	4.7721420e+02
1	0	8	46	3.8579865e+02
1	0	8	47	4.1897745e+02
1	0	8	48	4.4744946e+02
1	0	8	49	4.5170551e+02
1	0	8	50	5.6157141e+02
1	0	8	51	1.2144802e+03
1	0	8	52	1.0671405e+03
1	0	8	53	6.4511853e+02
1	0	8	54	5.5155896e+02
1	0	8	55	8.0226697e+02
1	0	8	56	7.8374640e+02
1	0	8	57	9.6313062e+02
1	0	8	58	6.2806067e+02
1	0	8	59	7.2728748e+02
1	0	8	60	8.0268103e+02
1	0	8	61	8.5398425e+02
1	0	8	62	8.4985657e+02
1	0	8	63	7.2630829e+02
1	0	9	0	1.5169209e+02
1	0	9	1	-2.3253416e+02
1	0	9	2	3.5236931e+01
1	0	9	3	4.6285831e+01
1	0	9	4	-1.9602756e+02
1	0	9	5	2.4904633e+02
1	0	9	6	-5.9625134e+01
1	0	9	7	-4.2278286e+01
1	0	9	8	1.4763301e+02
1	0	9	9	-7.4454338e+01
1	0	9	10	-8.7650192e+01
1	0	9	11	-8.0803886e+01
1	0	9	12	-9.5030586e+01
1	0	9	13	-1.1207438e+01
1	0	9	14	-1.3891980e+02
1	0	9	15	-1.0865672e+02
1	0	9	16	-2.8777374e+02
1	0	9	17	-1.7674109e+02
1	0	9	18	-1.4564648e+02
1	0	9	19	-3.4143094e+02
1	0	9	20	-3.3844876e+02
1	0	9	21	-1.9934291e+02
1	0	9	22	-1.3553767e+02
1	0	9	23	-4.3234715e+01
1	0	9	24	-2.6494073e+02
1	0	9	25	-2.1714315e+00
1	0	9	26	-4.0889047e+02
1	0	9	27	-1.3224149e+02
1	0	9	28	-2.3440414e+02
1	0	9	29	-1.9919878e+02
1	0	9	30	-1.7164951e+02
1	0	9	31	-2.7910593e+02
1	0	9	32	-2.2274564e+02
1	0	9	33	-2.3517625e+02
1	0	9	34	5.5701678e+02
1	0	9	35	4.0187241e+02
1	0	9	36	5.7596149e+02
1	0	9	37	4.3615088e+02
1	0	9	38	5.1385150e+02
1	0	9	39	2.2285680e+02
1	0	9	40	6.5493933e+02
1	0	9	41	3.7853677e+02
1	0	9	42	4.9812833e+02
1	0	9	43	5.6713800e+02
1	0	9	44	3.5169312e+02
1	0	9	45	2.2349255e+02
1	0	9	46	4.0382352e+02
1	0	9	47	4.2840836e+02
1	0	9	48	4.3767596e+02
1	0	9	49	3.5652838e+02
1	0	9	50	5.3530463e+02
1	0	9	51	7.0760291e+02
1	0	9	52	1.0902427e+03
1	0	9	53	6.7686774e+02
1	0	9	54	6.8986511e+02
1	0	9	55	6.4055872e+02
1	0	9	56	8.2519836e+02
1	0	9	57	8.5170795e+02
1	0	9	58	8.1544696e+02
1	0	9	59	6.1640765e+02
1	0	9	60	6.7331909e+02
1	0	9	61	6.1522919e+02
1	0	9	62	7.2972632e+02
1	0	9	63	8.9155701e+02
1	0	10	0	1.0180540e+01
1	0	10	1	-1.5903038e+02
1	0	10	2	6.2286049e+01
1	0	10	3	4.2754627e+01
1	0	10	4	-1.2991191e+02
1	0	10	5	-1.1839796e+02
1	0	10	6	-1.4115836e+02
1	0	10	7	-8.6778679e+00
1	0	10	8	-1.7824521e+02
1	0	10	9	-5.8451859e+01
1	0	10	10	-2.1082561e+02
1	0	10	11	-2.6194681e+02
1	0	10	12	-6.1567551e+01
1	0	10	13	-6.6694420e+01
1	0	10	14	-1.0605807e+02
1	0	10	15	-1.0142155e+02
1	0	10	16	-2.0017577e+02
1	0	10	17	-3.0335913e+02
1	0	10	18	-1.4300397e+02
1	0	10	19	-2.2610025e+02
1	0	10	20	-1.1499148e+02
1	0	10	21	-9.5430862e+01
1	0	10	22	-2.1255238e+02
1	0	10	23	-2.6876434e+02
1	0	10	24	-2.2853433e+02
1	0	10	25	-2.0550308e+02
1	0	10	26	-2.5092662e+02
1	0	10	27	-2.6366437e+02
1	0	10	28	-1.1371028e+02
1	0	10	29	-2.1716806e+02
1	0	10	30	-3.1825348e+02
1	0	10	31	-2.4145486e+02
1	0	10	32	-2.9038495e+02
1	0	10	33	-4.0469675e+02
1	0	10	34	3.9735617e+02
1	0	10	35	5.2767200e+02
1	0	10	36	4.7550272e+02
1	0	10	37	4.4431067e+02
1	0	10	38	4.0947287e+02
1	0	10	39	4.6602994e+02
1	0	10	40	4.3751028e+02
1	0	10	41	3.6543283e+02
1	0	10	42	5.9112738e+02
1	0	10	43	5.5144702e+02
1	0	10	44	3.7041037e+02
1	0	10	45	3.2120792e+02
1	0	10	46	4.3903259e+02
1	0	10	47	4.0001462e+02
1	0	10	48	3.8265085e+02
1	0	10	49	5.0827133e+02
1	0	10	50	4.3610345e+02
1	0	10	51	1.0725157e+03
1	0	10	52	1.1992076e+03
1	0	10	53	7.4840662e+02
1	0	10	54	8.9578229e+02
1	0	10	55	7.7505426e+02
1	0	10	56	9.6836053e+02
1	0	10	57	8.8955194e+02
1	0	10	58	8.4719940e+02
1	0	10	59	7.0227802e+02
1	0	10	60	7.7283258e+02
1	0	10	61	6.7057904e+02
1	0	10	62	6.2413507e+02
1	0	10	63	7.8578143e+02
1	0	11	0	-2.6415979e+02
1	0	11	1	-3.3736816e+01
1	0	11	2	-3.5210220e+02
1	0	11	3	-2.9223758e+02
1	0	11	4	-1.6817700e+02
1	0	11	5	-1.5191736e+02
1	0	11	6	-1.6963635e+02
1	0	11	7	-2.6048433e+01
1	0	11	8	-2.1099966e+02
1	0	11	9	-5.8958302e+00
1	0	11	10	-1.0823804e+02
1	0	11	11	-3.1089386e+02
1	0	11	12	-1.8758827e+02
1	0	11	13	-8.3251743e+00
1	0	11	14	-1.6176125e+02
1	0	11	15	-4.4231899e+01
1	0	11	16	-2.5600510e+02
1	0	11	17	-1.7639075e+02
1	0	11	18	-3.3626190e+02
1	0	11	19	-1.6213765e+02
1	0	11	20	-2.2045540e+02
1	0	11	21	-2.5216360e+02
1	0	11	22	-1.9482413e+02
1	0	11	23	-2.0076086e+02
1	0	11	24	-3.1488303e+02
1	0	11	25	-1.5028540e+02
1	0	11	26	-2.2179419e+02
1	0	11	27	-1.9807800e+02
1	0	11	28	-4.6822189e+01
1	0	11	29	-1.9283116e+02
1	0	11	30	-2.4962650e+02
1	0	11	31	-4.6139975e+02
1	0	11	32	-2.0850685e+02
1	0	11	33	-2.4764909e+02
1	0	11	34	4.7512625e+02
1	0	11	35	2.6578708e+02
1	0	11	36	5.5784045e+02
1	0	11	37	6.0917957e+02
1	0	11	38	5.4402325e+02
1	0	11	39	4.7459329e+02
1	0	11	40	6.8475220e+02
1	0	11	41	4.5441220e+02
1	0	11	42	6.0557916e+02
1	0	11	43	5.7544653e+02
1	0	11	44	6.1326569e+02
1	0	11	45	5.9981726e+02
1	0	11	46	6.9846216e+02
1	0	11	47	5.1896606e+02
1	0	11	48	5.9915082e+02
1	0	11	49	5.7898102e+02
1	0	11	50	4.5355389e+02
1	0	11	51	8.8172742e+02
1	0	11	52	1.1344868e+03
1	0	11	53	7.6725909e+02
1	0	11	54	7.7456366e+02
1	0	11	55	8.6657147e+02
1	0	11	56	9.6042432e+02
1	0	11	57	9.4876337e+02
1	0	11	58	6.9562622e+02
1	0	11	59	8.0387091e+02
1	0	11	60	7.5523792e+02
1	0	11	61	5.1374060e+02
1	0	11	62	7.1911688e+02
1	0	11	63	6.0407074e+02
1	0	12	0	-1.5141600e+00
1	0	12	1	-7.4644051e+01
1	0	12	2	-1.3841536e+02
1	0	12	3	-1.9818028e+02
1	0	12	4	-9.9497490e+03
1	0	12	5	-3.7321793e+02
1	0	12	6	-9.9497490e+03
1	0	12	7	-6.1541439e+01
1	0	12	8	-4.1332098e+02
1	0	12	9	-5.3228668e+01
1	0	12	10	-3.2649426e+02
1	0	12	11	-3.4748489e+02
1	0	12	12	-2.7890982e+02
1	0	12	13	-1.9522353e+02
1	0	12	14	-3.2067889e+02
1	0	12	15	-3.1622980e+02
1	0	12	16	-3.1253915e+02
1	0	12	17	-3.3069727e+02
1	0	12	18	-3.2372107e+02
1	0	12	19	-3.6694296e+02
1	0	12	20	-2.6822043e+02
1	0	12	21	-2.5661771e+02
1	0	12	22	-4.3772424e+02
1	0	12	23	-4.7385989e+02
1	0	12	24	-2.2785191e+02
1	0	12	25	-2.5463077e+02
1	0	12	26	-3.3090707e+02
1	0	12	27	-9.9497490e+03
1	0	12	28	-2.4630875e+02
1	0	12	29	-2.9248572e+02
1	0	12	30	-2.0728375e+02
1	0	12	31	-2.2756435e+02
1	0	12	32	-3.7236166e+02
1	0	12	33	-1.3432562e+02
1	0	12	34	3.3638474e+02
1	0	12	35	3.9294882e+02
1	0	12	36	4.1541376e+02
1	0	12	37	4.4427008e+02
1	0	12	38	4.7003217e+02
1	0	12	39	5.4506451e+02
1	0	12	40	4.4973248e+02
1	0	12	41	4.4765237e+02
1	0	12	42	4.0401941e+02
1	0	12	43	5.9020038e+02
1	0	12	44	5.8042096e+02
1	0	12	45	4.0745020e+02
1	0	12	46	3.3818408e+02
1	0	12	47	4.9127359e+02
1	0	12	48	4.8560889e+02
1	0	12	49	3.4519824e+02
1	0	12	50	4.1937244e+02
1	0	12	51	1.1051444e+03
1	0	12	52	1.0011030e+03
1	0	12	53	6.9538171e+02
1	0	12	54	8.1045294e+02
1	0	12	55	5.9890088e+02
1	0	12	56	8.1218634e+02
1	0	12	57	8.3785748e+02
1	0	12	58	7.0911572e+02
1	0	12	59	7.7384668e+02
1	0	12	60	7.0918634e+02
1	0	12	61	8.3842108e+02
1	0	12	62	6.9819922e+02
1	0	12	63	6.4999811e+02
1	0	13	0	7.7857262e+01
1	0	13	1	-6.1845852e+01
1	0	13	2	-1.1467852e+02
1	0	13	3	-4.2764530e+01
1	0	13	4	3.7235912e+01
1	0	13	5	2.7252110e+01
1	0	13	6	-5.8113773e+01
1	0	13	7	-4.1006977e+01
1	0	13	8	-1.1373616e+02
1	0	13	9	-6.6099594e+01
1	0	13	10	-2.3560181e+01
1	0	13	11	-1.5266304e+02
1	0	13	12	-1.3311247e+02
1	0	13	13	-5.5065186e+01
1	0	13	14	-2.1020724e+02
1	0	13	15	-1.7880804e+02
1	0	13	16	-2.4970143e+02
1	0	13	17	-2.5963858e+02
1	0	13	18	-4.8297754e+02
1	0	13	19	-1.6014853e+02
1	0	13	20	-3.2594135e+02
1	0	13	21	-2.5956665e+02
1	0	13	22	-2.5014075e+02
1	0	13	23	-2.1003596e+02
1	0	13	24	-2.4957109e+02
1	0	13	25	-1.5935452e+02
1	0	13	26	-3.9697165e+02
1	0	13	27	-2.8303220e+02
1	0	13	28	-2.8723871e+02
1	0	13	29	-2.4694821e+02
1	0	13	30	-1.9036122e+02
1	0	13	31	-4.8814417e+02
1	0	13	32	-3.4127054e+02
1	0	13	33	-3.9124350e+02
1	0	13	34	4.1252017e+02
1	0	13	35	1.4307175e+02
1	0	13	36	3.0220273e+02
1	0	13	37	3.8727499e+02
1	0	13	38	3.9324988e+02
1	0	13	39	3.6598010e+02
1	0	13	40	4.5831238e+02
1	0	13	41	3.1650125e+02
1	0	13	42	4.2472299e+02
1	0	13	43	2.6654776e+02
1	0	13	44	3.8968823e+02
1	0	13	45	3.3213657e+02
1	0	13	46	4.4944809e+02
1	0	13	47	2.6103766e+02
1	0	13	48	4.1186334e+02
1	0	13	49	3.6597153e+02
1	0	13	50	3.8299866e+02
1	0	13	51	9.9700836e+02
1	0	13	52	1.0191100e+03
1	0	13	53	7.2383990e+02
1	0	13	54	6.1949365e+02
1	0	13	55	6.7207117e+02
1	0	13	56	7.3089221e+02
1	0	13	57	6.9677576e+02
1	0	13	58	5.0789273e+02
1	0	13	59	5.8615387e+02
1	0	13	60	4.8444446e+02
1	0	13	61	6.7684448e+02
1	0	13	62	7.1635687e+02
1	0	13	63	6.0859631e+02
1	0	14	0	-7.7341331e+01
1	0	14	1	-9.0739922e+01
1	0	14	2	-1.9289679e+02
1	0	14	3	-2.8607050e+02
1	0	14	4	-1.7892484e+02
1	0	14	5	-1.3857994e+02
1	0	14	6	-2.0980875e+02
1	0	14	7	-6.6491211e+01
1	0	14	8	-1.7402249e+02
1	0	14	9	-3.0675388e+02
1	0	14	10	-2.0561487e+02
1	0	14	11	-1.7530710e+02
1	0	14	12	-4.4458981e+02
1	0	14	13	-2.0016087e+02
1	0	14	14	-1.8829596e+02
1	0	14	15	-1.6579276e+02
1	0	14	16	-3.0726309e+02
1	0	14	17	-3.4066943e+02
1	0	14	18	-4.5257394e+02
1	0	14	19	-3.0825125e+02
1	0	14	20	-3.1872662e+02
1	0	14	21	-2.3416307e+02
1	0	14	22	-5.0775668e+02
1	0	14	23	-2.5644342e+02
1	0	14	24	-4.9150946e+02
1	0	14	25	-4.9308997e+02
1	0	14	26	-5.7905304e+02
1	0	14	27	-5.5627258e+02
1	0	14	28	-3.1259106e+02
1	0	14	29	-3.5029950e+02
1	0	14	30	-3.0954065e+02
1	0	14	31	-4.3715442e+02
1	0	14	32	-4.0614047e+02
1	0	14	33	-4.2632501e+02
1	0	14	34	2.6736392e+02
1	0	14	35	1.8576530e+02
1	0	14	36	1.3230399e+02
1	0	14	37	3.6563162e+02
1	0	14	38	2.8135208e+02
1	0	14	39	3.1353073e+02
1	0	14	40	3.2580359e+02
1	0	14	41	3.2668555e+02
1	0	14	42	3.8610580e+02
1	0	14	43	4.0883496e+02
1	0	14	44	3.9135962e+02
1	0	14	45	4.4979663e+02
1	0	14	46	2.5775919e+02
1	0	14	47	3.9258105e+02
1	0	14	48	4.4761786e+02
1	0	14	49	4.4741199e+02
1	0	14	50	4.6757028e+02
1	0	14	51	9.8373480e+02
1	0	14	52	7.6659552e+02
1	0	14	53	6.6807104e+02
1	0	14	54	6.8633862e+02
1	0	14	55	7.5678192e+02
1	0	14	56	8.5669537e+02
1	0	14	57	8.3879529e+02
1	0	14	58	7.4324005e+02
1	0	14	59	7.3983197e+02
1	0	14	60	5.3280780e+02
1	0	14	61	4.2423315e+02
1	0	14	62	4.9789636e+02
1	0	14	63	6.9501050e+02
1	0	15	0	-1.0416670e+02
1	0	15	1	-1.4357419e+01
1	0	15	2	-3.2402103e+01
1	0	15	3	-4.4648220e+01
1	0	15	4	-1.0210023e+02
1	0	15	5	1.0499300e+02
1	0	15	6	9.0360710e+01
1	0	15	7	7.8693970e+01
1	0	15	8	-2.0460326e+02
1	0	15	9	-7.4118027e+01
1	0	15	10	-1.1320378e+02
1	0	15	11	-1.2607496e+02
1	0	15	12	3.0307669e+01
1	0	15	13	7.0081612e+01
1	0	15	14	-2.4420670e+01
1	0	15	15	-1.5604330e+02
1	0	15	16	-8.3405403e+01
1	0	15	17	-6.9334816e+01
1	0	15	18	-1.1875990e+02
1	0	15	19	-1.4862361e+02
1	0	15	20	-1.3854274e+02
1	0	15	21	-7.7646904e+01
1	0	15	22	3.0403831e+01
1	0	15	23	4.5176854e+00
1	0	15	24	1.9495308e+01
1	0	15	25	-1.5332378e+02
1	0	15	26	-1.6218646e+02
1	0	15	27	-3.8572324e+02
1	0	15	28	8.4701290e+00
1	0	15	29	3.7824600e+01
1	0	15	30	-8.6645241e+01
1	0	15	31	-1.7134923e+02
1	0	15	32	-1.2203957e+02
1	0	15	33	-1.9987292e+02
1	0	15	34	5.5196991e+02
1	0	15	35	5.0047919e+02
1	0	15	36	6.4716742e+02
1	0	15	37	3.7681311e+02
1	0	15	38	4.3304620e+02
1	0	15	39	5.7598840e+02
1	0	15	40	7.3644525e+02
1	0	15	41	3.2212097e+02
1	0	15	42	5.2225360e+02
1	0	15	43	5.5375153e+02
1	0	15	44	7.2667090e+02
1	0	15	45	5.9430524e+02
1	0	15	46	7.7368964e+02
1	0	15	47	5.9317084e+02
1	0	15	48	7.1986774e+02
1	0	15	49	5.8812280e+02
1	0	15	50	6.2507922e+02
1	0	15	51	1.2078795e+03
1	0	15	52	1.2174103e+03
1	0	15	53	6.9897131e+02
1	0	15	54	9.1192133e+02
1	0	15	55	7.9958752e+02
1	0	15	56	1.0392719e+03
1	0	15	57	1.0104028e+03
1	0	15	58	6.8526678e+02
1	0	15	59	7.5747803e+02
1	0	15	60	9.0214044e+02
1	0	15	61	8.3114862e+02
1	0	15	62	8.2045319e+02
1	0	15	63	1.0443376e+03
1	1	0	0	-3.3986536e+02
1	1	0	1	-4.6179120e+02
1	1	0	2	-2.6993646e+02
1	1	0	3	-5.7245251e+02
1	1	0	4	-2.5711160e+02
1	1	0	5	-3.4952307e+02
1	1	0	6	-5.0098279e+02
1	1	0	7	-6.6298804e+02
1	1	0	8	-4.7815247e+02
1	1	0	9	-1.4820638e+02
1	1	0	10	-6.5855280e+02
1	1	0	11	-3.0118060e+02
1	1	0	12	-3.3081677e+02
1	1	0	13	-5.1142380e+02
1	1	0	14	-4.5551172e+02
1	1	0	15	-4.7303156e+02
1	1	0	16	-7.1803284e+02
1	1	0	17	-6.6750946e+02
1	1	0	18	-5.9073615e+02
1	1	0	19	-6.4088391e+02
1	1	0	20	-5.9918713e+02
1	1	0	21	-6.3448608e+02
1	1	0	22	-6.4206042e+02
1	1	0	23	-8.3213678e+02
1	1	0	24	-5.5851086e+02
1	1	0	25	-4.8237552e+02
1	1	0	26	-5.5318604e+02
1	1	0	27	-4.1419308e+02
1	1	0	28	-5.9743524e+02
1	1	0	29	-5.2502246e+02
1	1	0	30	-3.5344031e+02
1	1	0	31	-3.5302438e+02
1	1	0	32	-4.7159396e+02
1	1	0	33	-5.8138995e+02
1	1	0	34	2.6610831e+02
1	1	0	35	3.7975821e+02
1	1	0	36	3.6455057e+02
1	1	0	37	4.0021936e+02
1	1	0	38	3.1324664e+02
1	1	0	39	4.2467545e+02
1	1	0	40	2.9991479e+02
1	1	0	41	3.0098077e+02
1	1	0	42	4.0874954e+02
1	1	0	43	4.0838220e+02
1	1	0	44	3.2572034e+02
1	1	0	45	4.1561523e+02
1	1	0	46	1.8046490e+02
1	1	0	47	3.7775830e+02
1	1	0	48	4.1640585e+02
1	1	0	49	3.2977148e+02
1	1	0	50	3.4405038e+02
1	1	0	51	1.0290447e+03
1	1	0	52	9.2820813e+02
1	1	0	53	5.5006622e+02
1	1	0	54	6.3532684e+02
1	1	0	55	6.4450604e+02
1	1	0	56	8.3448041e+02
1	1	0	57	8.0191327e+02
1	1	0	58	6.3300562e+02
1	1	0	59	5.9762372e+02
1	1	0	60	7.1088843e+02
1	1	0	61	5.8788037e+02
1	1	0	62	4.7499231e+02
1	1	0	63	7.6115137e+02
1	1	1	0	2.2440044e+02
1	1	1	1	7.6202202e+01
1	1	1	2	4.6712795e+01
1	1	1	3	1.1107569e+02
1	1	1	4	7.7558487e+01
1	1	1	5	2.2091090e+02
1	1	1	6	1.3701512e+02
1	1	1	7	1.9059138e+02
1	1	1	8	2.7089148e+01
1	1	1	9	8.7110329e+01
1	1	1	10	-1.0886315e+02
1	1	1	11	5.4106010e+01
1	1	1	12	5.4089855e+01
1	1	1	13	7.0405693e+01
1	1	1	14	7.0697446e+00
1	1	1	15	1.4032706e+02
1	1	1	16	-3.4699059e+01
1	1	1	17	-3.5956330e+00
1	1	1	18	4.9672455e+01
1	1	1	19	3.7859344e+01
1	1	1	20	-8.7016731e+01
1	1	1	21	3.5052879e+01
1	1	1	22	9.8417229e+01
1	1	1	23	-7.7940826e+01
1	1	1	24	-3.5397433e+02
1	1	1	25	2.9137836e+01
1	1	1	26	-2.5794447e+01
1	1	1	27	-1.1445413e+02
1	1	1	28	-1.4486886e+01
1	1	1	29	-1.0332658e+02
1	1	1	30	-4.0822929e+01
1	1	1	31	-1.5454337e+02
1	1	1	32	-1.4561862e+02
1	1	1	33	-1.3145114e+02
1	1	1	34	5.2701086e+02
1	1	1	35	3.1613205e+02
1	1	1	36	6.1530670e+02
1	1	1	37	5.8788110e+02
1	1	1	38	6.5562561e+02
1	1	1	39	5.1191528e+02
1	1	1	40	4.9547928e+02
1	1	1	41	4.9785217e+02
1	1	1	42	4.9193884e+02
1	1	1	43	4.4236423e+02
1	1	1	44	4.5195929e+02
1	1	1	45	3.2588354e+02
1	1	1	46	3.0479483e+02
1	1	1	47	1.9467984e+02
1	1	1	48	2.2124721e+02
1	1	1	49	3.3653726e+02
1	1	1	50	4.4425507e+02
1	1	1	51	9.0482684e+02
1	1	1	52	1.1039446e+03
1	1	1	53	7.5854688e+02
1	1	1	54	7.0915289e+02
1	1	1	55	5.5710175e+02
1	1	1	56	6.6651898e+02
1	1	1	57	7.3365356e+02
1	1	1	58	9.2723358e+02
1	1	1	59	5.5415302e+02
1	1	1	60	7.9552332e+02
1	1	1	61	6.7997327e+02
1	1	1	62	8.1853723e+02
1	1	1	63	7.3278821e+02
1	1	2	0	-2.7236530e+02
1	1	2	1	-4.6017487e+02
1	1	2	2	-3.4673245e+02
1	1	2	3	-3.3816306e+02
1	1	2	4	-4.1732230e+02
1	1	2	5	-4.7493182e+02
1	1	2	6	-4.6812399e+02
1	1	2	7	-2.9471753e+02
1	1	2	8	-2.7069220e+02
1	1	2	9	-4.6935458e+02
1	1	2	10	-5.5820703e+02
1	1	2	11	-4.6006339e+02
1	1	2	12	-5.7202997e+02
1	1	2	13	-5.8549310e+02
1	1	2	14	-3.4546637e+02
1	1	2	15	-3.3993057e+02
1	1	2	16	-5.0353955e+02
1	1	2	17	-5.9667126e+02
1	1	2	18	-6.2518475e+02
1	1	2	19	-7.3028076e+02
1	1	2	20	-5.4735181e+02
1	1	2	21	-5.2047662e+02
1	1	2	22	-5.3330487e+02
1	1	2	23	-5.6225958e+02
1	1	2	24	-6.8400055e+02
1	1	2	25	-5.8750568e+02
1	1	2	26	-5.5020178e+02
1	1	2	27	-5.8267664e+02
1	1	2	28	-5.5056238e+02
1	1	2	29	-7.3603851e+02
1	1	2	30	-6.6154688e+02
1	1	2	31	-6.3843048e+02
1	1	2	32	-6.7041675e+02
1	1	2	33	-5.0067526e+02
1	1	2	34	9.0504539e+01
1	1	2	35	-5.4934261e+01
1	1	2	36	1.1193967e+02
1	1	2	37	9.9521599e+01
1	1	2	38	2.5578922e+01
1	1	2	39	5.3611542e+01
1	1	2	40	2.3401132e+02
1	1	2	41	-9.5213272e+01
1	1	2	42	1.6486494e+02
1	1	2	43	2.2280984e+02
1	1	2	44	-2.8063330e-01
1	1	2	45	1.2687476e+02
1	1	2	46	-1.7049187e+01
1	1	2	47	4.1244270e+01
1	1	2	48	6.8363144e+01
1	1	2	49	-3.8521404e+01
1	1	2	50	1.0562222e+02
1	1	2	51	7.4873907e+02
1	1	2	52	7.3211603e+02
1	1	2	53	3.1058887e+02
1	1	2	54	3.9921960e+02
1	1	2	55	3.2416763e+02
1	1	2	56	4.1626505e+02
1	1	2	57	4.9149539e+02
1	1	2	58	4.4408566e+02
1	1	2	59	3.2754282e+02
1	1	2	60	3.5932608e+02
1	1	2	61	3.1080112e+02
1	1	2	62	8.1349380e+01
1	1	2	63	3.9937311e+02
1	1	3	0	-2.2131886e+02
1	1	3	1	-1.2667828e+02
1	1	3	2	-1.0504832e+02
1	1	3	3	-1.1906202e+01
1	1	3	4	-1.8818329e+02
1	1	3	5	-1.2470215e+02
1	1	3	6	-3.8593502e+01
1	1	3	7	-6.0409702e+01
1	1	3	8	-6.3907486e+01
1	1	3	9	-3.3376980e+01
1	1	3	10	-7.0888504e+01
1	1	3	11	-8.6805908e+01
1	1	3	12	-1.1295104e+02
1	1	3	13	-8.5870621e+01
1	1	3	14	-2.0718735e+02
1	1	3	15	-6.9626282e+01
1	1	3	16	-1.8827217e+02
1	1	3	17	-1.3754886e+02
1	1	3	18	-2.6105032e+02
1	1	3	19	-3.4786465e+02
1	1	3	20	-1.6306641e+02
1	1	3	21	-1.3704041e+02
1	1	3	22	-1.6231187e+02
1	1	3	23	-5.5905064e+01
1	1	3	24	-1.2371258e+02
1	1	3	25	-1.1229974e+02
1	1	3	26	-1.2454701e+02
1	1	3	27	-1.8592068e+02
1	1	3	28	-6.9577446e+01
1	1	3	29	-1.8669337e+02
1	1	3	30	-1.7876564e+02
1	1	3	31	-3.6137134e+02
1	1	3	32	-1.9999100e+02
1	1	3	33	-1.7951819e+02
1	1	3	34	3.7910916e+02
1	1	3	35	2.9623904e+02
1	1	3	36	4.2375348e+02
1	1	3	37	5.4131323e+02
1	1	3	38	4.7992172e+02
1	1	3	39	4.3700745e+02
1	1	3	40	6.2509052e+02
1	1	3	41	5.5121729e+02
1	1	3	42	6.3921191e+02
1	1	3	43	5.0868286e+02
1	1	3	44	4.5151752e+02
1	1	3	45	4.1676065e+02
1	1	3	46	5.2186823e+02
1	1	3	47	5.5098962e+02
1	1	3	48	4.4472659e+02
1	1	3	49	3.2917319e+02
1	1	3	50	5.4433563e+02
1	1	3	51	1.0068500e+03
1	1	3	52	9.2558630e+02
1	1	3	53	5.6074866e+02
1	1	3	54	7.8970190e+02
1	1	3	55	6.6643378e+02
1	1	3	56	8.9971924e+02
1	1	3	57	9.7723950e+02
1	1	3	58	8.6806348e+02
1	1	3	59	8.7256238e+02
1	1	3	60	7.3873901e+02
1	1	3	61	7.8445953e+02
1	1	3	62	7.6766473e+02
1	1	3	63	8.9654663e+02
1	1	4	0	-2.1695465e+02
1	1	4	1	-3.6332776e+02
1	1	4	2	-3.7633481e+02
1	1	4	3	-2.4011115e+02
1	1	4	4	-4.3358011e+02
1	1	4	5	-3.4283759e+02
1	1	4	6	-3.9697195e+02
1	1	4	7	-3.3625275e+02
1	1	4	8	-4.1634601e+02
1	1	4	9	-4.3348376e+02
1	1	4	10	-5.1673547e+02
1	1	4	11	-3.2973834e+02
1	1	4	12	-4.4725479e+02
1	1	4	13	-4.1552344e+02
1	1	4	14	-2.6054721e+02
1	1	4	15	-4.2232233e+02
1	1	4	16	-5.3445239e+02
1	1	4	17	-5.6542438e+02
1	1	4	18	-3.5897498e+02
1	1	4	19	-4.9408215e+02
1	1	4	20	-4.3600946e+02
1	1	4	21	-4.6645105e+02
1	1	4	22	-4.7134293e+02
1	1	4	23	-4.9782278e+02
1	1	4	24	-5.5974500e+02
1	1	4	25	-5.3838123e+02
1	1	4	26	-5.1858478e+02
1	1	4	27	-5.1120459e+02
1	1	4	28	-4.5393570e+02
1	1	4	29	-5.7781610e+02
1	1	4	30	-5.6229810e+02
1	1	4	31	-6.4001202e+02
1	1	4	32	-5.3562109e+02
1	1	4	33	-6.6483783e+02
1	1	4	34	2.9534807e+01
1	1	4	35	9.0968880e+01
1	1	4	36	-1.4939542e+01
1	1	4	37	1.5572717e+00
1	1	4	38	6.5539207e+00
1	1	4	39	4.2633656e+01
1	1	4	40	5.7810505e+01
1	1	4	41	-6.1818321e+01
1	1	4	42	1.6623372e+02
1	1	4	43	1.8675702e+02
1	1	4	44	9.8854782e+01
1	1	4	45	9.5757370e+01
1	1	4	46	1.1863297e+02
1	1	4	47	1.9420517e+02
1	1	4	48	1.7825012e+02
1	1	4	49	1.3309857e+02
1	1	4	50	2.1037721e+02
1	1	4	51	7.2606110e+02
1	1	4	52	7.0153467e+02
1	1	4	53	4.2513809e+02
1	1	4	54	3.1602820e+02
1	1	4	55	4.5756894e+02
1	1	4	56	6.0746033e+02
1	1	4	57	5.0244290e+02
1	1	4	58	3.9688861e+02
1	1	4	59	3.6926733e+02
1	1	4	60	4.5981625e+02
1	1	4	61	2.0128935e+02
1	1	4	62	3.6927722e+02
1	1	4	63	4.1975446e+02
1	1	5	0	1.8863111e+01
1	1	5	1	-1.7288629e+02
1	1	5	2	-4.0995746e+02
1	1	5	3	-2.8824347e+02
1	1	5	4	-2.0168085e+02
1	1	5	5	-1.4645567e+02
1	1	5	6	-5.9351822e+01
1	1	5	7	-1.1984004e+02
1	1	5	8	-2.7058777e+02
1	1	5	9	-1.3733981e+02
1	1	5	10	-7.3924278e+01
1	1	5	11	-1.3798518e+02
1	1	5	12	-2.7411426e+02
1	1	5	13	-3.0118155e+02
1	1	5	14	-3.8067972e+02
1	1	5	15	-1.7451054e+02
1	1	5	16	-3.1309573e+02
1	1	5	17	-1.1857264e+02
1	1	5	18	-2.3579179e+02
1	1	5	19	-4.3444958e+02
1	1	5	20	-3.1423703e+02
1	1	5	21	-2.4205276e+02
1	1	5	22	-2.0830127e+02
1	1	5	23	-3.6241113e+02
1	1	5	24	-4.1966354e+02
1	1	5	25	-4.4931961e+02
1	1	5	26	-3.0286237e+02
1	1	5	27	-3.3478061e+02
1	1	5	28	-2.8268338e+02
1	1	5	29	-3.8560202e+02
1	1	5	30	-2.3097577e+02
1	1	5	31	-4.1269836e+02
1	1	5	32	-4.0774625e+02
1	1	5	33	-2.9548862e+02
1	1	5	34	3.4775119e+02
1	1	5	35	3.1852515e+02
1	1	5	36	4.7048080e+02
1	1	5	37	4.3970035e+02
1	1	5	38	4.1184247e+02
1	1	5	39	3.1801562e+02
1	1	5	40	4.5437924e+02
1	1	5	41	2.9742108e+02
1	1	5	42	3.4820557e+02
1	1	5	43	3.8937982e+02
1	1	5	44	3.0383423e+02
1	1	5	45	4.3669366e+02
1	1	5	46	4.7709326e+02
1	1	5	47	4.8295966e+02
1	1	5	48	4.9489661e+02
1	1	5	49	4.9432388e+02
1	1	5	50	4.6436279e+02
1	1	5	51	9.5853564e+02
1	1	5	52	1.0318248e+03
1	1	5	53	7.5868848e+02
1	1	5	54	7.2606616e+02
1	1	5	55	7.1117773e+02
1	1	5	56	6.2906683e+02
1	1	5	57	7.8298755e+02
1	1	5	58	7.3032941e+02
1	1	5	59	7.5125592e+02
1	1	5	60	5.5650842e+02
1	1	5	61	6.1865149e+02
1	1	5	62	6.0411542e+02
1	1	5	63	7.6542694e+02
1	1	6	0	-4.2443503e+02
1	1	6	1	-5.5105652e+02
1	1	6	2	-5.8020013e+02
1	1	6	3	-4.2399057e+02
1	1	6	4	-5.9311023e+02
1	1	6	5	-6.2760785e+02
1	1	6	6	-6.4112122e+02
1	1	6	7	-4.4381448e+02
1	1	6	8	-5.2766827e+02
1	1	6	9	-4.7780905e+02
1	1	6	10	-7.3259137e+02
1	1	6	11	-4.3876566e+02
1	1	6	12	-5.8464886e+02
1	1	6	13	-4.8810352e+02
1	1	6	14	-4.5349585e+02
1	1	6	15	-6.5228741e+02
1	1	6	16	-5.1997327e+02
1	1	6	17	-6.2554645e+02
1	1	6	18	-5.9932593e+02
1	1	6	19	-6.3254120e+02
1	1	6	20	-6.0746106e+02
1	1	6	21	-5.5578009e+02
1	1	6	22	-6.5565503e+02
1	1	6	23	-5.3404254e+02
1	1	6	24	-6.7476636e+02
1	1	6	25	-6.9458783e+02
1	1	6	26	-7.0435492e+02
1	1	6	27	-6.6957861e+02
1	1	6	28	-6.3820227e+02
1	1	6	29	-6.1564709e+02
1	1	6	30	-6.5345111e+02
1	1	6	31	-6.6773279e+02
1	1	6	32	-9.0780560e+02
1	1	6	33	-6.7781940e+02
1	1	6	34	4.3134541e+01
1	1	6	35	1.4774170e+02
1	1	6	36	1.7215558e+02
1	1	6	37	8.6938316e+01
1	1	6	38	-6.5336746e+01
1	1	6	39	2.6730495e+01
1	1	6	40	1.4064509e+01
1	1	6	41	-1.2434777e+02
1	1	6	42	3.1263958e+01
1	1	6	43	1.5974538e+02
1	1	6	44	-6.8548225e+01
1	1	6	45	1.2650395e+01
1	1	6	46	1.2809987e+02
1	1	6	47	-4.9022087e+01
1	1	6	48	3.0415636e+01
1	1	6	49	4.1310818e+01
1	1	6	50	9.0925972e+01
1	1	6	51	6.5307483e+02
1	1	6	52	7.0994025e+02
1	1	6	53	9.4641289e+01
1	1	6	54	2.8513962e+02
1	1	6	55	3.5526141e+02
1	1	6	56	4.7566095e+02
1	1	6	57	4.9796671e+02
1	1	6	58	4.6867255e+02
1	1	6	59	3.7378171e+02
1	1	6	60	3.3455960e+02
1	1	6	61	2.5143306e+02
1	1	6	62	3.5402344e+02
1	1	6	63	3.7748981e+02
1	1	7	0	-5.3442345e+01
1	1	7	1	-1.5794125e+02
1	1	7	2	-2.3058661e+02
1	1	7	3	-2.4126810e+02
1	1	7	4	-1.5570088e+02
1	1	7	5	-1.1888078e+02
1	1	7	6	-3.3888531e+02
1	1	7	7	-1.7808783e+02
1	1	7	8	-2.2701085e+02
1	1	7	9	-1.6374699e+02
1	1	7	10	-2.7521219e+02
1	1	7	11	-3.3156345e+02
1	1	7	12	-3.3546872e+02
1	1	7	13	-2.0102966e+02
1	1	7	14	-4.1297363e+02
1	1	7	15	-2.1149335e+02
1	1	7	16	-4.1112894e+02
1	1	7	17	-4.4484625e+02
1	1	7	18	-3.7945590e+02
1	1	7	19	-3.5701196e+02
1	1	7	20	-3.5508493e+02
1	1	7	21	-3.6876331e+02
1	1	7	22	-1.8150620e+02
1	1	7	23	-1.7295065e+02
1	1	7	24	-2.9091782e+02
1	1	7	25	-1.0060661e+02
1	1	7	26	-3.4021408e+02
1	1	7	27	-3.8023831e+02
1	1	7	28	-2.5731409e+02
1	1	7	29	-2.4242456e+02
1	1	7	30	-3.3770541e+02
1	1	7	31	-3.8302979e+02
1	1	7	32	-3.2531900e+02
1	1	7	33	-3.3516934e+02
1	1	7	34	4.5276266e+02
1	1	7	35	3.1095312e+02
1	1	7	36	4.4124680e+02
1	1	7	37	1.5680186e+02
1	1	7	38	4.2738458e+02
1	1	7	39	4.7256616e+02
1	1	7	40	5.2127679e+02
1	1	7	41	3.9144901e+02
1	1	7	42	4.7803220e+02
1	1	7	43	3.6887842e+02
1	1	7	44	5.5270770e+02
1	1	7	45	2.2686702e+02
1	1	7	46	5.3150500e+02
1	1	7	47	3.7708731e+02
1	1	7	48	4.5887180e+02
1	1	7	49	4.5535513e+02
1	1	7	50	3.3971249e+02
1	1	7	51	8.5863892e+02
1	1	7	52	1.0385164e+03
1	1	7	53	7.6211603e+02
1	1	7	54	6.7740308e+02
1	1	7	55	5.9315826e+02
1	1	7	56	9.6079840e+02
1	1	7	57	6.5546844e+02
1	1	7	58	6.7975378e+02
1	1	7	59	5.9086017e+02
1	1	7	60	7.6458887e+02
1	1	7	61	7.0360974e+02
1	1	7	62	8.0022327e+02
1	1	7	63	5.8789111e+02
1	1	8	0	-2.9154129e+02
1	1	8	1	-6.4048438e+02
1	1	8	2	-3.1493222e+02
1	1	8	3	-3.9227942e+02
1	1	8	4	-4.7724988e+02
1	1	8	5	-4.6597113e+02
1	1	8	6	-5.0652448e+02
1	1	8	7	-3.7223923e+02
1	1	8	8	-5.1823993e+02
1	1	8	9	-4.5324146e+02
1	1	8	10	-5.0472769e+02
1	1	8	11	-5.9660162e+02
1	1	8	12	-6.0448779e+02
1	1	8	13	-5.3927399e+02
1	1	8	14	-4.1193622e+02
1	1	8	15	-4.8287659e+02
1	1	8	16	-6.1598987e+02
1	1	8	17	-6.3250732e+02
1	1	8	18	-5.2747870e+02
1	1	8	19	-6.6595074e+02
1	1	8	20	-5.7780377e+02
1	1	8	21	-5.8982727e+02
1	1	8	22	-5.5828326e+02
1	1	8	23	-6.7329431e+02
1	1	8	24	-7.6602234e+02
1	1	8	25	-6.5096423e+02
1	1	8	26	-6.8221887e+02
1	1	8	27	-6.6012860e+02
1	1	8	28	-5.8966681e+02
1	1	8	29	-9.5977856e+02
1	1	8	30	-7.2224750e+02
1	1	8	31	-7.2052039e+02
1	1	8	32	-7.4926868e+02
1	1	8	33	-6.8236169e+02
1	1	8	34	-1.5293443e+02
1	1	8	35	-6.6965706e+01
1	1	8	36	-4.1841969e+01
1	1	8	37	-1.4005914e+02
1	1	8	38	-1.5229576e+02
1	1	8	39	-9.3266754e+01
1	1	8	40	-3.7555542e+01
1	1	8	41	-3.4763546e+01
1	1	8	42	-1.2437952e+02
1	1	8	43	1.5131456e+01
1	1	8	44	-4.2751682e+01
1	1	8	45	-4.1347233e+01
1	1	8	46	-1.8193058e+01
1	1	8	47	-1.0868626e+02
1	1	8	48	-6.5524300e+01
1	1	8	49	-1.8162668e+02
1	1	8	50	8.2521629e+00
1	1	8	51	6.1962415e+02
1	1	8	52	6.0301111e+02
1	1	8	53	7.4527489e+01
1	1	8	54	1.6948708e+02
1	1	8	55	2.9817163e+02
1	1	8	56	5.3093738e+02
1	1	8	57	1.5108595e+02
1	1	8	58	4.0664795e+02
1	1	8	59	2.7424847e+02
1	1	8	60	4.1509390e+02
1	1	8	61	5.3196289e+01
1	1	8	62	2.4559059e+02
1	1	8	63	3.2603909e+01
1	1	9	0	-2.4831876e+02
1	1	9	1	-4.8116324e+02
1	1	9	2	-2.9681107e+02
1	1	9	3	-4.6685544e+02
1	1	9	4	-4.0511432e+02
1	1	9	5	-2.3934322e+02
1	1	9	6	-2.5758298e+02
1	1	9	7	-3.4680069e+02
1	1	9	8	-3.9477930e+02
1	1	9	9	-3.8159143e+02
1	1	9	10	-4.1664008e+02
1	1	9	11	-3.7597504e+02
1	1	9	12	-4.1229385e+02
1	1	9	13	-3.1822641e+02
1	1	9	14	-4.3688684e+02
1	1	9	15	-3.4451682e+02
1	1	9	16	-4.8677454e+02
1	1	9	17	-4.6525150e+02
1	1	9	18	-5.9773914e+02
1	1	9	19	-4.7705688e+02
1	1	9	20	-4.7915118e+02
1	1	9	21	-4.4771573e+02
1	1	9	22	-6.2657910e+02
1	1	9	23	-4.4359341e+02
1	1	9	24	-4.5845233e+02
1	1	9	25	-5.2691602e+02
1	1	9	26	-5.0192181e+02
1	1	9	27	-4.8715625e+02
1	1	9	28	-5.2351538e+02
1	1	9	29	-5.9147638e+02
1	1	9	30	-4.5896933e+02
1	1	9	31	-4.5686725e+02
1	1	9	32	-4.5909488e+02
1	1	9	33	-5.3451776e+02
1	1	9	34	2.0184669e+01
1	1	9	35	2.3505411e+02
1	1	9	36	2.8802170e+02
1	1	9	37	3.4765738e-01
1	1	9	38	1.8493495e+02
1	1	9	39	2.2665564e+02
1	1	9	40	3.3158673e+02
1	1	9	41	2.6995746e+02
1	1	9	42	3.7126379e+02
1	1	9	43	3.4990994e+02
1	1	9	44	3.8425293e+02
1	1	9	45	1.3490952e+02
1	1	9	46	2.9660092e+02
1	1	9	47	3.0845227e+02
1	1	9	48	3.9152936e+02
1	1	9	49	1.0711626e+02
1	1	9	50	4.5967661e+02
1	1	9	51	7.1729419e+02
1	1	9	52	9.1449939e+02
1	1	9	53	5.2478754e+02
1	1	9	54	6.2288013e+02
1	1	9	55	6.1348535e+02
1	1	9	56	5.7179065e+02
1	1	9	57	6.9193268e+02
1	1	9	58	3.7009003e+02
1	1	9	59	4.9992426e+02
1	1	9	60	7.2157648e+02
1	1	9	61	2.9946350e+02
1	1	9	62	4.2736102e+02
1	1	9	63	7.0227887e+02
1	1	10	0	-8.7519028e+01
1	1	10	1	-1.3260449e+02
1	1	10	2	-7.7713600e+01
1	1	10	3	-1.2868602e+02
1	1	10	4	-3.9084528e+02
1	1	10	5	-1.9990375e+02
1	1	10	6	-3.1210181e+02
1	1	10	7	-1.0399106e+02
1	1	10	8	-2.3069687e+02
1	1	10	9	-1.2259233e+02
1	1	10	10	-2.1183238e+02
1	1	10	11	-1.1251395e+02
1	1	10	12	-3.8609003e+02
1	1	10	13	-2.6580283e+02
1	1	10	14	-2.5277895e+02
1	1	10	15	-2.4993961e+02
1	1	10	16	-3.0118436e+02
1	1	10	17	-4.6015195e+02
1	1	10	18	-2.8688574e+02
1	1	10	19	-3.1843207e+02
1	1	10	20	-3.5994589e+02
1	1	10	21	-2.5575227e+02
1	1	10	22	-4.1823505e+02
1	1	10	23	-2.6954523e+02
1	1	10	24	-3.4115848e+02
1	1	10	25	-3.3036841e+02
1	1	10	26	-3.3737241e+02
1	1	10	27	-5.5794086e+02
1	1	10	28	-4.4041434e+02
1	1	10	29	-3.7711584e+02
1	1	10	30	-3.5523105e+02
1	1	10	31	-4.9434409e+02
1	1	10	32	-4.4140271e+02
1	1	10	33	-4.0236844e+02
1	1	10	34	2.7235590e+02
1	1	10	35	2.0704187e+02
1	1	10	36	2.7864304e+02
1	1	10	37	2.3941420e+02
1	1	10	38	2.7249149e+02
1	1	10	39	2.5637180e+02
1	1	10	40	2.2758830e+02
1	1	10	41	2.0309335e+02
1	1	10	42	3.4576715e+02
1	1	10	43	3.1691205e+02
1	1	10	44	4.5478867e+02
1	1	10	45	3.4191104e+02
1	1	10	46	1.8042039e+02
1	1	10	47	3.4215448e+02
1	1	10	48	4.5965051e+02
1	1	10	49	4.5062042e+02
1	1	10	50	3.3927859e+02
1	1	10	51	9.1507532e+02
1	1	10	52	9.8851819e+02
1	1	10	53	5.7324567e+02
1	1	10	54	4.5874216e+02
1	1	10	55	7.0306812e+02
1	1	10	56	5.9936853e+02
1	1	10	57	7.9523444e+02
1	1	10	58	7.2379364e+02
1	1	10	59	5.0352487e+02
1	1	10	60	6.8027173e+02
1	1	10	61	3.1503006e+02
1	1	10	62	3.7811508e+02
1	1	10	63	5.7409143e+02
1	1	11	0	-2.5133359e+00
1	1	11	1	2.1354858e+01
1	1	11	2	-1.0812747e+02
1	1	11	3	-4.7223854e+01
1	1	11	4	-1.6374193e+02
1	1	11	5	-2.1991098e+02
1	1	11	6	-1.1033760e+02
1	1	11	7	1.4023529e+01
1	1	11	8	-4.8906231e+01
1	1	11	9	-1.2492717e+02
1	1	11	10	-2.1530966e+01
1	1	11	11	-1.7338103e+02
1	1	11	12	-1.0915901e+02
1	1	11	13	-2.3144690e+02
1	1	11	14	-1.7069135e+02
1	1	11	15	-1.2021050e+02
1	1	11	16	-2.1953647e+02
1	1	11	17	-3.2526950e+02
1	1	11	18	-1.7800185e+02
1	1	11	19	-9.7681404e+01
1	1	11	20	-1.1992681e+02
1	1	11	21	-3.2131647e+02
1	1	11	22	-1.9673442e+02
1	1	11	23	-1.8250542e+02
1	1	11	24	-2.1790335e+02
1	1	11	25	-1.3984509e+02
1	1	11	26	-2.6233725e+02
1	1	11	27	-2.8439169e+02
1	1	11	28	-4.7732510e+02
1	1	11	29	-2.5292928e+02
1	1	11	30	-2.4064706e+02
1	1	11	31	-1.3394797e+02
1	1	11	32	-2.1276125e+02
1	1	11	33	-3.6910620e+02
1	1	11	34	4.1136511e+02
1	1	11	35	2.0050995e+02
1	1	11	36	5.0670276e+02
1	1	11	37	5.3317560e+02
1	1	11	38	5.2274524e+02
1	1	11	39	3.0209161e+02
1	1	11	40	4.2572183e+02
1	1	11	41	4.4043295e+02
1	1	11	42	6.3186615e+02
1	1	11	43	5.4975372e+02
1	1	11	44	6.2436816e+02
1	1	11	45	5.3972974e+02
1	1	11	46	5.5168231e+02
1	1	11	47	4.0799011e+02
1	1	11	48	6.3039642e+02
1	1	11	49	5.9521796e+02
1	1	11	50	3.4069855e+02
1	1	11	51	1.0201031e+03
1	1	11	52	1.0450975e+03
1	1	11	53	8.1136414e+02
1	1	11	54	7.5982086e+02
1	1	11	55	7.8592389e+02
1	1	11	56	1.0413439e+03
1	1	11	57	9.8569843e+02
1	1	11	58	7.0282336e+02
1	1	11	59	7.0218866e+02
1	1	11	60	9.0391925e+02
1	1	11	61	4.8049762e+02
1	1	11	62	4.9820609e+02
1	1	11	63	8.8389880e+02
1	1	12	0	-2.4496562e+02
1	1	12	1	-3.1095752e+02
1	1	12	2	-2.1980914e+02
1	1	12	3	-3.0640131e+02
1	1	12	4	-5.9438831e+02
1	1	12	5	-2.2451407e+02
1	1	12	6	-4.3858521e+02
1	1	12	7	-4.6832797e+02
1	1	12	8	-4.4330289e+02
1	1	12	9	-5.5528796e+02
1	1	12	10	-5.4178906e+02
1	1	12	11	-3.2203690e+02
1	1	12	12	-4.7257779e+02
1	1	12	13	-4.0937573e+02
1	1	12	14	-3.9880609e+02
1	1	12	15	-3.6355841e+02
1	1	12	16	-4.8343289e+02
1	1	12	17	-5.4240491e+02
1	1	12	18	-4.7217133e+02
1	1	12	19	-4.6376910e+02
1	1	12	20	-3.7058014e+02
1	1	12	21	-4.8894293e+02
1	1	12	22	-5.2135095e+02
1	1	12	23	-6.8082422e+02
1	1	12	24	-6.4316248e+02
1	1	12	25	-7.1639117e+02
1	1	12	26	-6.4562689e+02
1	1	12	27	-6.4479144e+02
1	1	12	28	-4.9826257e+02
1	1	12	29	-5.7147565e+02
1	1	12	30	-5.1127667e+02
1	1	12	31	-5.4771368e+02
1	1	12	32	-6.2938318e+02
1	1	12	33	-5.3278430e+02
1	1	12	34	1.0273053e+02
1	1	12	35	9.4140747e+01
1	1	12	36	1.3420416e+02
1	1	12	37	7.7216667e+01
1	1	12	38	1.5646443e+02
1	1	12	39	7.6556137e+01
1	1	12	40	1.8985701e+02
1	1	12	41	3.6295582e+01
1	1	12	42	2.1394020e+02
1	1	12	43	1.5330611e+02
1	1	12	44	4.7554459e+02
1	1	12	45	1.3702390e+02
1	1	12	46	1.6803789e+02
1	1	12	47	1.6991679e+02
1	1	12	48	1.8453992e+02
1	1	12	49	7.2198723e+01
1	1	12	50	-2.8708473e+01
1	1	12	51	8.1605542e+02
1	1	12	52	8.7242200e+02
1	1	12	53	4.1445413e+02
1	1	12	54	4.8579843e+02
1	1	12	55	5.4854474e+02
1	1	12	56	5.7462335e+02
1	1	12	57	6.2014990e+02
1	1	12	58	6.0083679e+02
1	1	12	59	4.8422476e+02
1	1	12	60	5.3026996e+02
1	1	12	61	4.4531406e+02
1	1	12	62	3.6466165e+02
1	1	12	63	6.2379254e+02
1	1	13	0	-1.5414934e+02
1	1	13	1	-1.3164888e+02
1	1	13	2	-8.6282715e+01
1	1	13	3	-9.0178696e+01
1	1	13	4	-8.5267738e+01
1	1	13	5	-4.4980270e+01
1	1	13	6	-1.5991925e+02
1	1	13	7	-1.8095544e+02
1	1	13	8	-3.5436807e+02
1	1	13	9	-4.5202637e+01
1	1	13	10	-1.6730045e+02
1	1	13	11	-5.0044762e+01
1	1	13	12	-3.0075925e+02
1	1	13	13	-1.8462456e+02
1	1	13	14	-4.4235962e+02
1	1	13	15	-1.0788158e+02
1	1	13	16	-2.7285880e+02
1	1	13	17	-2.1566209e+02
1	1	13	18	-2.8658408e+02
1	1	13	19	-1.7963120e+02
1	1	13	20	-4.6701651e+02
1	1	13	21	-3.3105844e+02
1	1	13	22	-4.3693793e+02
1	1	13	23	-1.9537604e+02
1	1	13	24	-5.1576782e+02
1	1	13	25	-2.4830844e+02
1	1	13	26	-1.9098366e+02
1	1	13	27	-2.2150058e+02
1	1	13	28	-3.6987509e+02
1	1	13	29	-4.1877225e+02
1	1	13	30	-4.6005975e+02
1	1	13	31	-2.9512305e+02
1	1	13	32	-3.4338828e+02
1	1	13	33	-3.4676260e+02
1	1	13	34	4.4631586e+02
1	1	13	35	3.5774631e+02
1	1	13	36	4.3541162e+02
1	1	13	37	4.4450305e+02
1	1	13	38	4.8392090e+02
1	1	13	39	4.5290723e+02
1	1	13	40	3.0334213e+02
1	1	13	41	4.1378366e+02
1	1	13	42	4.5172888e+02
1	1	13	43	3.0413840e+02
1	1	13	44	1.4701617e+02
1	1	13	45	4.7391281e+02
1	1	13	46	4.7050989e+02
1	1	13	47	4.7191647e+02
1	1	13	48	5.1090775e+02
1	1	13	49	4.7590985e+02
1	1	13	50	4.8511676e+02
1	1	13	51	9.9240320e+02
1	1	13	52	1.2130300e+03
1	1	13	53	6.5937897e+02
1	1	13	54	7.3814886e+02
1	1	13	55	6.9229810e+02
1	1	13	56	8.9682141e+02
1	1	13	57	8.1799725e+02
1	1	13	58	5.8242255e+02
1	1	13	59	7.7427344e+02
1	1	13	60	7.6999329e+02
1	1	13	61	7.2675116e+02
1	1	13	62	7.8482959e+02
1	1	13	63	8.8460461e+02
1	1	14	0	-4.7317047e+02
1	1	14	1	-5.6380792e+02
1	1	14	2	-3.7518564e+02
1	1	14	3	-5.5647003e+02
1	1	14	4	-4.4794229e+02
1	1	14	5	-3.6472589e+02
1	1	14	6	-3.8746402e+02
1	1	14	7	-6.5884009e+02
1	1	14	8	-5.5561902e+02
1	1	14	9	-2.9859500e+02
1	1	14	10	-8.8447900e+02
1	1	14	11	-2.5249594e+02
1	1	14	12	-6.0537628e+02
1	1	14	13	-4.6416144e+02
1	1	14	14	-7.7158636e+02
1	1	14	15	-7.8588916e+02
1	1	14	16	-8.9441809e+02
1	1	14	17	-8.1578192e+02
1	1	14	18	-9.3210229e+02
1	1	14	19	-7.0334467e+02
1	1	14	20	-8.4039594e+02
1	1	14	21	-9.0265137e+02
1	1	14	22	-7.0182617e+02
1	1	14	23	-6.1039056e+02
1	1	14	24	-6.4568811e+02
1	1	14	25	-5.6475964e+02
1	1	14	26	-8.3829016e+02
1	1	14	27	-4.9197205e+02
1	1	14	28	-5.6564142e+02
1	1	14	29	-6.8149554e+02
1	1	14	30	-5.3565973e+02
1	1	14	31	-4.9464429e+02
1	1	14	32	-5.5460468e+02
1	1	14	33	-6.5317023e+02
1	1	14	34	2.0160803e+02
1	1	14	35	2.8969073e+02
1	1	14	36	6.2215721e+01
1	1	14	37	2.5934213e+02
1	1	14	38	2.6961514e+02
1	1	14	39	2.6856201e+02
1	1	14	40	2.4111472e+02
1	1	14	41	3.8933713e+02
1	1	14	42	3.1842542e+02
1	1	14	43	3.4150143e+02
1	1	14	44	4.3825931e+02
1	1	14	45	2.6278180e+02
1	1	14	46	3.7002151e+02
1	1	14	47	4.2302805e+02
1	1	14	48	3.1821350e+02
1	1	14	49	1.5757262e+02
1	1	14	50	3.2563843e+02
1	1	14	51	1.0990682e+03
1	1	14	52	1.0751783e+03
1	1	14	53	6.0021313e+02
1	1	14	54	5.5905505e+02
1	1	14	55	6.3821655e+02
1	1	14	56	8.8232544e+02
1	1	14	57	8.1299518e+02
1	1	14	58	6.3336938e+02
1	1	14	59	7.4990222e+02
1	1	14	60	6.9732166e+02
1	1	14	61	6.2585895e+02
1	1	14	62	6.8737415e+02
1	1	14	63	6.7190485e+02
1	1	15	0	3.1903538e+01
1	1	15	1	-2.0093275e+01
1	1	15	2	7.7672467e+00
1	1	15	3	4.1027737e+01
1	1	15	4	-6.9498001e+01
1	1	15	5	1.2744842e+01
1	1	15	6	-4.0550658e-01
1	1	15	7	1.7853941e+02
1	1	15	8	3.8253033e+01
1	1	15	9	-5.0050678e+01
1	1	15	10	5.6253170e+01
1	1	15	11	-4.3651573e+01
1	1	15	12	-2.7837683e+02
1	1	15	13	-4.2597470e+00
1	1	15	14	-1.6193810e+02
1	1	15	15	-9.1675758e+01
1	1	15	16	-1.2121252e+02
1	1	15	17	-2.0696842e+01
1	1	15	18	-1.3440955e+02
1	1	15	19	-1.2291441e+02
1	1	15	20	-1.6795273e+02
1	1	15	21	-1.4926620e+02
1	1	15	22	-4.6063282e+01
1	1	15	23	-9.7032883e+01
1	1	15	24	-1.5450085e+02
1	1	15	25	-1.0552780e+02
1	1	15	26	-1.5699715e+02
1	1	15	27	-2.5356308e+02
1	1	15	28	-2.6945370e+02
1	1	15	29	-2.7763235e+02
1	1	15	30	-1.2725603e+02
1	1	15	31	-1.9293924e+02
1	1	15	32	-1.6274591e+02
1	1	15	33	-2.2473235e+02
1	1	15	34	3.4663812e+02
1	1	15	35	4.1717981e+02
1	1	15	36	4.3807336e+02
1	1	15	37	2.7162299e+02
1	1	15	38	5.4138757e+02
1	1	15	39	3.2392529e+02
1	1	15	40	3.8304541e+02
1	1	15	41	2.5678906e+02
1	1	15	42	4.4847421e+02
1	1	15	43	3.0668048e+02
1	1	15	44	2.8901758e+02
1	1	15	45	3.0730859e+02
1	1	15	46	1.9669138e+02
1	1	15	47	1.8550784e+02
1	1	15	48	1.6298059e+02
1	1	15	49	9.5741745e+01
1	1	15	50	3.7113733e+02
1	1	15	51	6.8074713e+02
1	1	15	52	9.2558252e+02
1	1	15	53	4.6280743e+02
1	1	15	54	5.6513086e+02
1	1	15	55	5.1341827e+02
1	1	15	56	6.0049622e+02
1	1	15	57	7.4435046e+02
1	1	15	58	5.8995526e+02
1	1	15	59	4.5582013e+02
1	1	15	60	5.9473773e+02
1	1	15	61	4.6892044e+02
1	1	15	62	4.6583798e+02
1	1	15	63	6.2069238e+02
1	2	0	0	1.8802890e+02
1	2	0	1	4.4972034e+00
1	2	0	2	1.9592928e+02
1	2	0	3	1.1856522e+02
1	2	0	4	1.1567834e+02
1	2	0	5	8.0588379e+01
1	2	0	6	-6.2212727e+01
1	2	0	7	1.4833347e+02
1	2	0	8	2.0604387e+01
1	2	0	9	1.3215387e+02
1	2	0	10	5.4604939e+01
1	2	0	11	6.3228783e+01
1	2	0	12	-3.5731075e+01
1	2	0	13	1.1929963e+02
1	2	0	14	1.2001968e+02
1	2	0	15	1.9480497e+01
1	2	0	16	-9.3079903e+01
1	2	0	17	-7.0050895e-01
1	2	0	18	-8.5829178e+01
1	2	0	19	-6.4142021e+01
1	2	0	20	3.8677876e+01
1	2	0	21	3.4937992e+01
1	2	0	22	1.5570062e+01
1	2	0	23	-4.4521339e+01
1	2	0	24	4.6099503e+01
1	2	0	25	6.1791122e+01
1	2	0	26	-9.5662636e+01
1	2	0	27	-1.4249886e+02
1	2	0	28	2.3880575e+01
1	2	0	29	-7.8934052e+01
1	2	0	30	8.7666807e+00
1	2	0	31	-1.1737897e+02
1	2	0	32	-8.6154928e+00
1	2	0	33	-3.7346569e+01
1	2	0	34	4.1298792e+02
1	2	0	35	6.9454681e+02
1	2	0	36	6.9752411e+02
1	2	0	37	6.3950391e+02
1	2	0	38	6.2173676e+02
1	2	0	39	6.6152094e+02
1	2	0	40	7.1723193e+02
1	2	0	41	4.2948633e+02
1	2	0	42	5.6777454e+02
1	2	0	43	7.4032391e+02
1	2	0	44	7.1579321e+02
1	2	0	45	5.7803308e+02
1	2	0	46	6.9357648e+02
1	2	0	47	6.6074707e+02
1	2	0	48	6.4763739e+02
1	2	0	49	7.0963831e+02
1	2	0	50	6.9713605e+02
1	2	0	51	1.2745809e+03
1	2	0	52	1.1740258e+03
1	2	0	53	8.3734680e+02
1	2	0	54	8.0769208e+02
1	2	0	55	9.1097034e+02
1	2	0	56	1.0484840e+03
1	2	0	57	1.0687610e+03
1	2	0	58	8.4929761e+02
1	2	0	59	9.6350305e+02
1	2	0	60	8.8138165e+02
1	2	0	61	7.8117609e+02
1	2	0	62	6.5289227e+02
1	2	0	63	7.8986322e+02
1	2	1	0	2.0493559e+02
1	2	1	1	-1.0093050e+02
1	2	1	2	-6.0598980e+01
1	2	1	3	1.5543340e+02
1	2	1	4	-2.4181622e+01
1	2	1	5	9.5214470e+01
1	2	1	6	-2.3607632e+01
1	2	1	7	1.7028506e+02
1	2	1	8	1.6617900e+02
1	2	1	9	1.9340326e+02
1	2	1	10	1.3358688e+02
1	2	1	11	1.0618924e+02
1	2	1	12	3.7588970e+01
1	2	1	13	1.0475238e+02
1	2	1	14	1.0147397e+02
1	2	1	15	9.6305016e+01
1	2	1	16	-2.3370085e+01
1	2	1	17	-1.3240251e+02
1	2	1	18	-6.4248497e+01
1	2	1	19	-1.0482307e+02
1	2	1	20	-2.8250583e+02
1	2	1	21	-4.7438511e+01
1	2	1	22	-1.9035202e+02
1	2	1	23	-2.3674257e+02
1	2	1	24	-1.2687717e+02
1	2	1	25	5.5164967e+01
1	2	1	26	-6.0466534e+01
1	2	1	27	1.3172862e+01
1	2	1	28	5.9769573e+01
1	2	1	29	-5.9303337e+01
1	2	1	30	-2.3320051e+01
1	2	1	31	-1.7141400e+02
1	2	1	32	-1.3702243e+02
1	2	1	33	-7.8993301e+01
1	2	1	34	5.9303387e+02
1	2	1	35	3.3963287e+02
1	2	1	36	5.1165036e+02
1	2	1	37	3.9030661e+02
1	2	1	38	6.7324963e+02
1	2	1	39	3.5547012e+02
1	2	1	40	6.7529132e+02
1	2	1	41	5.8815662e+02
1	2	1	42	6.7980011e+02
1	2	1	43	5.2633423e+02
1	2	1	44	7.4562775e+02
1	2	1	45	6.2509491e+02
1	2	1	46	7.2508588e+02
1	2	1	47	5.6580853e+02
1	2	1	48	5.8721326e+02
1	2	1	49	6.9082739e+02
1	2	1	50	4.6329837e+02
1	2	1	51	1.2517494e+03
1	2	1	52	1.2331803e+03
1	2	1	53	8.4800952e+02
1	2	1	54	8.9385065e+02
1	2	1	55	1.0119721e+03
1	2	1	56	1.0745742e+03
1	2	1	57	1.0210173e+03
1	2	1	58	1.0176425e+03
1	2	1	59	6.9802661e+02
1	2	1	60	9.3960199e+02
1	2	1	61	8.3465118e+02
1	2	1	62	9.2527771e+02
1	2	1	63	9.4018262e+02
1	2	2	0	3.5658398e+01
1	2	2	1	-4.5423275e+01
1	2	2	2	8.6534210e+01
1	2	2	3	9.3041412e+01
1	2	2	4	-1.5833334e+02
1	2	2	5	3.6809673e+01
1	2	2	6	-3.8455362e+00
1	2	2	7	2.2407083e+02
1	2	2	8	-1.0982077e+02
1	2	2	9	-1.0535513e+02
1	2	2	10	-5.8693890e+01
1	2	2	11	1.7423695e+01
1	2	2	12	-8.3040443e+01
1	2	2	13	-1.1509257e+02
1	2	2	14	-5.2478661e+01
1	2	2	15	-2.3369221e+01
1	2	2	16	-3.7515266e+01
1	2	2	17	-2.9596506e+02
1	2	2	18	-2.3837170e+01
1	2	2	19	-1.3091214e+02
1	2	2	20	-3.7513096e+01
1	2	2	21	-7.7584518e+01
1	2	2	22	-1.0715792e+02
1	2	2	23	-1.0299262e+02
1	2	2	24	-9.9684425e+01
1	2	2	25	-1.3013655e+02
1	2	2	26	-1.5549001e+02
1	2	2	27	-8.7603798e+01
1	2	2	28	-1.4566026e+02
1	2	2	29	-2.1807896e+02
1	2	2	30	-1.1938821e+02
1	2	2	31	-1.7258627e+02
1	2	2	32	-2.4534814e+02
1	2	2	33	-1.7085213e+02
1	2	2	34	4.7665808e+02
1	2	2	35	5.5295642e+02
1	2	2	36	4.7033026e+02
1	2	2	37	4.9975934e+02
1	2	2	38	4.5992392e+02
1	2	2	39	5.0780975e+02
1	2	2	40	5.0801993e+02
1	2	2	41	5.0142801e+02
1	2	2	42	4.4849759e+02
1	2	2	43	5.8388953e+02
1	2	2	44	5.4129742e+02
1	2	2	45	4.9267038e+02
1	2	2	46	5.9336987e+02
1	2	2	47	4.7887778e+02
1	2	2	48	5.1041052e+02
1	2	2	49	4.5346609e+02
1	2	2	50	5.8495172e+02
1	2	2	51	1.3995658e+03
1	2	2	52	1.3732330e+03
1	2	2	53	6.9461304e+02
1	2	2	54	8.8031866e+02
1	2	2	55	1.0975322e+03
1	2	2	56	1.0679512e+03
1	2	2	57	9.6581042e+02
1	2	2	58	8.6620233e+02
1	2	2	59	8.4128693e+02
1	2	2	60	6.0107660e+02
1	2	2	61	8.0490155e+02
1	2	2	62	8.3780475e+02
1	2	2	63	1.0323896e+03
1	2	3	0	2.2380608e+02
1	2	3	1	9.3150513e+01
1	2	3	2	1.3765779e+02
1	2	3	3	1.0880367e+02
1	2	3	4	1.0871501e+02
1	2	3	5	1.1069468e+02
1	2	3	6	-1.3144319e+01
1	2	3	7	5.8887262e+00
1	2	3	8	1.0945879e+02
1	2	3	9	7.9321518e+01
1	2	3	10	3.8351315e+01
1	2	3	11	3.4399647e+01
1	2	3	12	-1.9543095e+02
1	2	3	13	8.9891975e+01
1	2	3	14	1.4685156e+01
1	2	3	15	7.1228242e+00
1	2	3	16	-1.1495834e+02
1	2	3	17	-6.4337592e+00
1	2	3	18	-4.8126289e+01
1	2	3	19	-2.6449345e+01
1	2	3	20	-3.4124374e+02
1	2	3	21	-2.6419949e+02
1	2	3	22	-1.4225410e+02
1	2	3	23	5.8409626e+01
1	2	3	24	-1.6783336e+02
1	2	3	25	-1.1741026e+02
1	2	3	26	-1.3214268e+02
1	2	3	27	-6.6248589e+01
1	2	3	28	-5.5915745e+01
1	2	3	29	-6.6187515e+01
1	2	3	30	-9.1330948e+01
1	2	3	31	-5.5672050e+01
1	2	3	32	-2.4451572e+02
1	2	3	33	-1.7650607e+02
1	2	3	34	5.2594617e+02
1	2	3	35	3.0226016e+02
1	2	3	36	8.2511188e+02
1	2	3	37	7.3178644e+02
1	2	3	38	7.3959961e+02
1	2	3	39	3.3493796e+02
1	2	3	40	7.5517963e+02
1	2	3	41	7.4897290e+02
1	2	3	42	7.8484711e+02
1	2	3	43	6.5816858e+02
1	2	3	44	8.6409851e+02
1	2	3	45	5.0513303e+02
1	2	3	46	8.5020679e+02
1	2	3	47	6.8445154e+02
1	2	3	48	7.7689435e+02
1	2	3	49	5.1626508e+02
1	2	3	50	6.5432239e+02
1	2	3	51	1.1404810e+03
1	2	3	52	1.1668060e+03
1	2	3	53	7.8620276e+02
1	2	3	54	7.9410803e+02
1	2	3	55	9.6224176e+02
1	2	3	56	8.9148761e+02
1	2	3	57	9.5674628e+02
1	2	3	58	8.7590234e+02
1	2	3	59	8.5393048e+02
1	2	3	60	8.5044379e+02
1	2	3	61	7.5232227e+02
1	2	3	62	9.2106622e+02
1	2	3	63	1.0246888e+03
1	2	4	0	3.2777592e+01
1	2	4	1	-1.6128111e+01
1	2	4	2	1.3295137e+02
1	2	4	3	-2.0222256e+01
1	2	4	4	-2.9923882e+01
1	2	4	5	-1.7323454e+01
1	2	4	6	9.7824202e+00
1	2	4	7	-4.5191109e+01
1	2	4	8	-2.4479205e+02
1	2	4	9	9.6807297e+01
1	2	4	10	-1.7033766e+02
1	2	4	11	8.0685015e+00
1	2	4	12	-6.7816933e+01
1	2	4	13	2.2409433e+01
1	2	4	14	-2.5552235e+01
1	2	4	15	-2.1501669e+02
1	2	4	16	-2.1422339e+02
1	2	4	17	-1.6507219e+02
1	2	4	18	-3.4511465e+02
1	2	4	19	-2.5158665e+02
1	2	4	20	-1.0473521e+02
1	2	4	21	-1.1490901e+02
1	2	4	22	-1.6201137e+02
1	2	4	23	-2.6484906e+02
1	2	4	24	-3.0381635e+02
1	2	4	25	-9.2155998e+01
1	2	4	26	-1.2430910e+02
1	2	4	27	-1.5042395e+02
1	2	4	28	-7.0997223e+01
1	2	4	29	-1.9461867e+02
1	2	4	30	-8.1143906e+01
1	2	4	31	-3.0002258e+02
1	2	4	32	-4.3204410e+02
1	2	4	33	-1.0855838e+02
1	2	4	34	2.8016467e+02
1	2	4	35	5.3952332e+02
1	2	4	36	4.0722391e+02
1	2	4	37	3.7386780e+02
1	2	4	38	4.3036169e+02
1	2	4	39	5.1265833e+02
1	2	4	40	5.6794226e+02
1	2	4	41	4.7251254e+02
1	2	4	42	6.5176471e+02
1	2	4	43	5.0087933e+02
1	2	4	44	5.4922125e+02
1	2	4	45	3.4582709e+02
1	2	4	46	5.6185547e+02
1	2	4	47	5.2781384e+02
1	2	4	48	5.5720563e+02
1	2	4	49	4.5647757e+02
1	2	4	50	5.3085162e+02
1	2	4	51	9.9956598e+02
1	2	4	52	1.1211571e+03
1	2	4	53	8.0071735e+02
1	2	4	54	8.4222064e+02
1	2	4	55	6.8708575e+02
1	2	4	56	8.8182849e+02
1	2	4	57	1.0720022e+03
1	2	4	58	9.1124963e+02
1	2	4	59	8.8538562e+02
1	2	4	60	7.6344818e+02
1	2	4	61	7.2172308e+02
1	2	4	62	7.6136426e+02
1	2	4	63	8.3793176e+02
1	2	5	0	-1.0134372e+02
1	2	5	1	7.9656006e+01
1	2	5	2	-8.0574608e+01
1	2	5	3	1.4208911e+02
1	2	5	4	-4.6132827e+00
1	2	5	5	1.4296765e+02
1	2	5	6	-1.0077268e+02
1	2	5	7	-1.0937041e+02
1	2	5	8	7.4899225e+00
1	2	5	9	5.4543785e+01
1	2	5	10	-3.0240250e+01
1	2	5	11	-8.0429821e+00
1	2	5	12	2.3058672e+00
1	2	5	13	-2.2883324e+01
1	2	5	14	-7.3925052e+00
1	2	5	15	-7.0822960e+01
1	2	5	16	-1.4459622e+02
1	2	5	17	-1.3117334e+02
1	2	5	18	-6.1371250e+01
1	2	5	19	-2.0130844e+02
1	2	5	20	-1.0233850e+02
1	2	5	21	-4.6153008e+01
1	2	5	22	-1.3387102e+02
1	2	5	23	-9.7926607e+00
1	2	5	24	-6.7654503e+01
1	2	5	25	7.2371712e+00
1	2	5	26	-1.0720448e+02
1	2	5	27	-4.3801796e+01
1	2	5	28	-8.7130707e+01
1	2	5	29	-3.7912636e+01
1	2	5	30	-1.0048731e+01
1	2	5	31	-5.8975327e+01
1	2	5	32	-9.0968193e+01
1	2	5	33	-5.8633629e+01
1	2	5	34	3.5771680e+02
1	2	5	35	5.0807755e+02
1	2	5	36	5.8340936e+02
1	2	5	37	4.9742380e+02
1	2	5	38	6.1664478e+02
1	2	5	39	6.0219611e+02
1	2	5	40	5.3453259e+02
1	2	5	41	5.5581616e+02
1	2	5	42	6.2265082e+02
1	2	5	43	4.3142444e+02
1	2	5	44	6.0464423e+02
1	2	5	45	5.7785498e+02
1	2	5	46	5.5152576e+02
1	2	5	47	6.3136426e+02
1	2	5	48	4.8294293e+02
1	2	5	49	5.2593134e+02
1	2	5	50	6.1033075e+02
1	2	5	51	1.1372230e+03
1	2	5	52	1.1546945e+03
1	2	5	53	6.1321765e+02
1	2	5	54	8.5788599e+02
1	2	5	55	7.6699939e+02
1	2	5	56	1.0323339e+03
1	2	5	57	9.8819489e+02
1	2	5	58	8.9068140e+02
1	2	5	59	7.0937616e+02
1	2	5	60	9.0729102e+02
1	2	5	61	7.5104254e+02
1	2	5	62	8.6829047e+02
1	2	5	63	6.5134308e+02
1	2	6	0	1.8912378e+02
1	2	6	1	1.2058597e+02
1	2	6	2	7.0476578e+01
1	2	6	3	6.0455540e+01
1	2	6	4	-1.9995273e+02
1	2	6	5	5.0422565e+01
1	2	6	6	-5.5479713e+01
1	2	6	7	6.5137093e+01
1	2	6	8	1.4618216e+02
1	2	6	9	1.1246428e+02
1	2	6	10	-1.6836153e+01
1	2	6	11	5.0275688e+01
1	2	6	12	-1.1102567e+02
1	2	6	13	1.9968826e+01
1	2	6	14	3.7520237e+01
1	2	6	15	-9.6101398e+00
1	2	6	16	-2.5914303e+01
1	2	6	17	-1.0022390e+02
1	2	6	18	-3.0863864e+02
1	2	6	19	-1.0267915e+01
1	2	6	20	1.8893093e+01
1	2	6	21	-8.8066513e+01
1	2	6	22	-9.4622917e+01
1	2	6	23	-1.6139401e+02
1	2	6	24	-3.6346039e+02
1	2	6	25	-6.9320229e+01
1	2	6	26	-1.4689441e+02
1	2	6	27	-1.1951902e+01
1	2	6	28	-7.8690155e+01
1	2	6	29	-1.9285359e+02
1	2	6	30	-5.6164146e+01
1	2	6	31	-3.0516061e+02
1	2	6	32	-1.5956506e+02
1	2	6	33	-2.8453912e+02
1	2	6	34	5.6464740e+02
1	2	6	35	5.5148285e+02
1	2	6	36	5.5384668e+02
1	2	6	37	6.0423303e+02
1	2	6	38	5.2487103e+02
1	2	6	39	5.9408020e+02
1	2	6	40	5.3908264e+02
1	2	6	41	1.9360446e+02
1	2	6	42	6.1645618e+02
1	2	6	43	5.8560651e+02
1	2	6	44	5.7037170e+02
1	2	6	45	5.4993506e+02
1	2	6	46	6.8159174e+02
1	2	6	47	5.6807697e+02
1	2	6	48	5.2895752e+02
1	2	6	49	6.4778925e+02
1	2	6	50	6.2411273e+02
1	2	6	51	1.1311022e+03
1	2	6	52	1.0676361e+03
1	2	6	53	7.8010760e+02
1	2	6	54	8.5168250e+02
1	2	6	55	9.1745490e+02
1	2	6	56	1.0215641e+03
1	2	6	57	1.0274050e+03
1	2	6	58	8.4933453e+02
1	2	6	59	9.0163501e+02
1	2	6	60	9.3269763e+02
1	2	6	61	7.1685333e+02
1	2	6	62	7.9808142e+02
1	2	6	63	9.5319635e+02
1	2	7	0	4.0171527e+02
1	2	7	1	1.1296262e+02
1	2	7	2	2.6377942e+02
1	2	7	3	2.7283572e+02
1	2	7	4	1.6288287e+02
1	2	7	5	3.5864508e+02
1	2	7	6	3.0610098e+02
1	2	7	7	4.5814603e+02
1	2	7	8	7.4107094e+01
1	2	7	9	2.4033113e+02
1	2	7	10	3.3014523e+02
1	2	7	11	4.3000454e+01
1	2	7	12	4.5131931e+01
1	2	7	13	3.0034109e+02
1	2	7	14	8.3474991e+01
1	2	7	15	3.0940738e+02
1	2	7	16	1.3294849e+02
1	2	7	17	2.5135097e+02
1	2	7	18	1.7490227e+02
1	2	7	19	2.8678122e+02
1	2	7	20	1.7666394e+02
1	2	7	21	4.0735180e+01
1	2	7	22	1.8698721e+02
1	2	7	23	1.6280428e+02
1	2	7	24	8.1403267e+01
1	2	7	25	-2.7275724e+01
1	2	7	26	7.7834343e+01
1	2	7	27	1.1110708e+02
1	2	7	28	1.4308865e+02
1	2	7	29	1.3045296e+02
1	2	7	30	6.4703049e+01
1	2	7	31	1.7773561e+01
1	2	7	32	1.6154752e+02
1	2	7	33	6.6500488e+01
1	2	7	34	6.6157111e+02
1	2	7	35	6.7422461e+02
1	2	7	36	7.2001532e+02
1	2	7	37	6.3825751e+02
1	2	7	38	7.5370038e+02
1	2	7	39	5.3808801e+02
1	2	7	40	7.7942450e+02
1	2	7	41	7.3251569e+02
1	2	7	42	7.0978149e+02
1	2	7	43	7.7272461e+02
1	2	7	44	8.7019611e+02
1	2	7	45	5.7522302e+02
1	2	7	46	8.3274536e+02
1	2	7	47	8.0349548e+02
1	2	7	48	8.7133514e+02
1	2	7	49	7.3152289e+02
1	2	7	50	8.8418970e+02
1	2	7	51	1.2530793e+03
1	2	7	52	1.4320251e+03
1	2	7	53	7.5749792e+02
1	2	7	54	1.0723580e+03
1	2	7	55	1.0591776e+03
1	2	7	56	1.1846200e+03
1	2	7	57	1.0423402e+03
1	2	7	58	1.0308528e+03
1	2	7	59	9.9258307e+02
1	2	7	60	8.5648950e+02
1	2	7	61	8.4948993e+02
1	2	7	62	1.0899473e+03
1	2	7	63	1.1121904e+03
1	2	8	0	-1.5980577e+02
1	2	8	1	-5.1116647e+02
1	2	8	2	-3.3659631e+02
1	2	8	3	-1.9702748e+02
1	2	8	4	-4.5356845e+02
1	2	8	5	-3.1813330e+02
1	2	8	6	-4.1473645e+02
1	2	8	7	-2.8771878e+02
1	2	8	8	-2.5598468e+02
1	2	8	9	-2.0425352e+02
1	2	8	10	-2.8417059e+02
1	2	8	11	-1.8097292e+02
1	2	8	12	-3.6324316e+02
1	2	8	13	-3.3689786e+02
1	2	8	14	-2.6114160e+02
1	2	8	15	-3.0768115e+02
1	2	8	16	-3.5168399e+02
1	2	8	17	-3.8996320e+02
1	2	8	18	-2.4776495e+02
1	2	8	19	-4.5604550e+02
1	2	8	20	-2.7640701e+02
1	2	8	21	-4.1734265e+02
1	2	8	22	-3.6481302e+02
1	2	8	23	-5.3348145e+02
1	2	8	24	-3.7287213e+02
1	2	8	25	-4.4096948e+02
1	2	8	26	-4.4941144e+02
1	2	8	27	-4.1333484e+02
1	2	8	28	-4.3120837e+02
1	2	8	29	-4.5114700e+02
1	2	8	30	-3.1396683e+02
1	2	8	31	-4.6231558e+02
1	2	8	32	-4.7124225e+02
1	2	8	33	-5.3514044e+02
1	2	8	34	2.8982040e+02
1	2	8	35	2.9274741e+02
1	2	8	36	3.2199100e+02
1	2	8	37	3.2966040e+02
1	2	8	38	1.6032411e+02
1	2	8	39	6.9920898e+01
1	2	8	40	3.2881827e+02
1	2	8	41	9.9015663e+01
1	2	8	42	2.6331430e+02
1	2	8	43	2.4122266e+02
1	2	8	44	3.8273016e+02
1	2	8	45	2.6643823e+02
1	2	8	46	1.1347040e+02
1	2	8	47	2.3908975e+02
1	2	8	48	1.2018823e+02
1	2	8	49	3.2404706e+02
1	2	8	50	3.4347491e+02
1	2	8	51	8.6439386e+02
1	2	8	52	9.9654871e+02
1	2	8	53	4.8997003e+02
1	2	8	54	4.3692679e+02
1	2	8	55	6.6264996e+02
1	2	8	56	7.5492468e+02
1	2	8	57	5.6534595e+02
1	2	8	58	5.0445493e+02
1	2	8	59	5.7772620e+02
1	2	8	60	6.5643689e+02
1	2	8	61	4.9751083e+02
1	2	8	62	5.6744135e+02
1	2	8	63	6.7469318e+02
1	2	9	0	1.2659090e+02
1	2	9	1	2.5460838e+02
1	2	9	2	5.4697418e+01
1	2	9	3	2.1691608e+02
1	2	9	4	1.9140688e+02
1	2	9	5	2.1654994e+02
1	2	9	6	1.8600314e+02
1	2	9	7	1.6713225e+02
1	2	9	8	2.0065292e+02
1	2	9	9	1.1163264e+02
1	2	9	10	1.7189569e+02
1	2	9	11	1.2164130e+02
1	2	9	12	2.6613718e+01
1	2	9	13	1.7188411e+02
1	2	9	14	1.0794590e+02
1	2	9	15	1.7238622e+02
1	2	9	16	8.8445763e+01
1	2	9	17	2.3470610e+01
1	2	9	18	-7.9777161e+01
1	2	9	19	1.3889720e+02
1	2	9	20	4.4257481e+01
1	2	9	21	2.5140846e-01
1	2	9	22	-2.0712367e+02
1	2	9	23	2.2792948e+01
1	2	9	24	8.0471031e+01
1	2	9	25	3.2588806e+01
1	2	9	26	-1.1797708e+01
1	2	9	27	1.4213651e+01
1	2	9	28	1.2422157e+02
1	2	9	29	8.6139503e+01
1	2	9	30	1.6998816e+02
1	2	9	31	-1.8728140e+02
1	2	9	32	-9.9794975e+01
1	2	9	33	-2.7131502e+01
1	2	9	34	4.5209912e+02
1	2	9	35	6.0869843e+02
1	2	9	36	7.7311188e+02
1	2	9	37	5.0124411e+02
1	2	9	38	6.7656335e+02
1	2	9	39	4.2248312e+02
1	2	9	40	7.3033813e+02
1	2	9	41	3.7302594e+02
1	2	9	42	5.7129199e+02
1	2	9	43	3.6207993e+02
1	2	9	44	8.9591937e+02
1	2	9	45	6.2101904e+02
1	2	9	46	6.9561505e+02
1	2	9	47	7.3635602e+02
1	2	9	48	6.3808246e+02
1	2	9	49	7.4642120e+02
1	2	9	50	6.4654199e+02
1	2	9	51	1.0135447e+03
1	2	9	52	1.3238660e+03
1	2	9	53	7.6737512e+02
1	2	9	54	9.5330878e+02
1	2	9	55	1.0282322e+03
1	2	9	56	1.1323953e+03
1	2	9	57	8.4010132e+02
1	2	9	58	6.9916974e+02
1	2	9	59	8.0394196e+02
1	2	9	60	8.5725183e+02
1	2	9	61	8.2258307e+02
1	2	9	62	9.3463391e+02
1	2	9	63	7.9101166e+02
1	2	10	0	-1.9480966e+02
1	2	10	1	3.2688602e+01
1	2	10	2	-1.5861348e+02
1	2	10	3	-3.2123371e+01
1	2	10	4	-2.6001459e+01
1	2	10	5	-8.7025442e+00
1	2	10	6	1.0256884e+02
1	2	10	7	1.9603366e+02
1	2	10	8	-6.2898540e+01
1	2	10	9	1.2677615e+02
1	2	10	10	-2.6054468e+02
1	2	10	11	-1.1341844e+01
1	2	10	12	-1.4730884e+02
1	2	10	13	5.1811146e+01
1	2	10	14	-5.4073044e+01
1	2	10	15	9.5092590e+01
1	2	10	16	-2.0954033e+02
1	2	10	17	-2.2472028e+02
1	2	10	18	-2.0205672e+02
1	2	10	19	-2.1945624e+02
1	2	10	20	-2.4084647e+02
1	2	10	21	-1.3965854e+02
1	2	10	22	-2.3257651e+02
1	2	10	23	-1.8414658e+02
1	2	10	24	-3.1084500e+02
1	2	10	25	-1.5458104e+02
1	2	10	26	-1.2561120e+02
1	2	10	27	-1.1789231e+02
1	2	10	28	-1.7229456e+02
1	2	10	29	-1.3099748e+02
1	2	10	30	-2.1990562e+02
1	2	10	31	-9.4098343e+01
1	2	10	32	-1.8494698e+02
1	2	10	33	-1.4349530e+02
1	2	10	34	4.6235471e+02
1	2	10	35	6.1604785e+02
1	2	10	36	4.0892850e+02
1	2	10	37	5.2590314e+02
1	2	10	38	5.4433777e+02
1	2	10	39	4.3931296e+02
1	2	10	40	6.4008771e+02
1	2	10	41	5.4529785e+02
1	2	10	42	4.8184732e+02
1	2	10	43	6.6820056e+02
1	2	10	44	6.3948499e+02
1	2	10	45	4.9878101e+02
1	2	10	46	5.6454126e+02
1	2	10	47	4.9770459e+02
1	2	10	48	5.1267090e+02
1	2	10	49	4.1780090e+02
1	2	10	50	5.8618188e+02
1	2	10	51	1.2896124e+03
1	2	10	52	1.1328068e+03
1	2	10	53	9.1703723e+02
1	2	10	54	8.2584784e+02
1	2	10	55	8.5334149e+02
1	2	10	56	7.2010992e+02
1	2	10	57	8.7189587e+02
1	2	10	58	9.1272308e+02
1	2	10	59	9.2567126e+02
1	2	10	60	9.0095093e+02
1	2	10	61	8.4816968e+02
1	2	10	62	8.7467169e+02
1	2	10	63	8.8376758e+02
1	2	11	0	1.4722505e+02
1	2	11	1	1.6867909e+02
1	2	11	2	7.2770988e+01
1	2	11	3	6.0774784e+01
1	2	11	4	-3.7148438e+01
1	2	11	5	1.3607523e+02
1	2	11	6	9.7971146e+01
1	2	11	7	1.1367348e+02
1	2	11	8	4.7556004e+01
1	2	11	9	-9.9497490e+03
1	2	11	10	1.5569420e+02
1	2	11	11	8.7196327e+01
1	2	11	12	-6.9520424e+01
1	2	11	13	9.6885178e+01
1	2	11	14	-1.4717429e+01
1	2	11	15	5.4220524e+01
1	2	11	16	-2.2463619e+01
1	2	11	17	4.9109936e+00
1	2	11	18	-9.1311407e-01
1	2	11	19	-2.5931637e+01
1	2	11	20	-1.3816071e+02
1	2	11	21	-4.0956860e+01
1	2	11	22	-3.6677082e+01
1	2	11	23	8.9112450e+01
1	2	11	24	-7.1128990e+01
1	2	11	25	-1.6828432e+02
1	2	11	26	-1.3004340e+02
1	2	11	27	-1.5899783e+02
1	2	11	28	-2.5642063e+01
1	2	11	29	4.3012794e+01
1	2	11	30	-1.2037971e+02
1	2	11	31	-1.9702942e+02
1	2	11	32	-7.8883148e+01
1	2	11	33	-9.3377144e+01
1	2	11	34	6.1939954e+02
1	2	11	35	-9.9497490e+03
1	2	11	36	8.0516162e+02
1	2	11	37	6.0713019e+02
1	2	11	38	5.7635706e+02
1	2	11	39	7.3251904e+02
1	2	11	40	4.6256592e+02
1	2	11	41	4.0700027e+02
1	2	11	42	6.4075562e+02
1	2	11	43	4.8701544e+02
1	2	11	44	7.4579883e+02
1	2	11	45	3.0763058e+02
1	2	11	46	3.7242126e+02
1	2	11	47	5.2427509e+02
1	2	11	48	6.1589722e+02
1	2	11	49	5.5947028e+02
1	2	11	50	7.5588354e+02
1	2	11	51	1.1429230e+03
1	2	11	52	1.0544933e+03
1	2	11	53	7.4471167e+02
1	2	11	54	8.0364734e+02
1	2	11	55	8.1238220e+02
1	2	11	56	9.4060052e+02
1	2	11	57	8.7129596e+02
1	2	11	58	7.0448407e+02
1	2	11	59	8.5150726e+02
1	2	11	60	9.5449249e+02
1	2	11	61	5.5936041e+02
1	2	11	62	7.7438165e+02
1	2	11	63	8.8042908e+02
1	2	12	0	-1.8514812e+02
1	2	12	1	-2.0241650e+01
1	2	12	2	-4.0237404e+01
1	2	12	3	8.0837708e+00
1	2	12	4	-5.7430363e+01
1	2	12	5	-3.7816597e+01
1	2	12	6	-7.8422470e+01
1	2	12	7	-1.8633727e+02
1	2	12	8	-6.7010521e+01
1	2	12	9	9.3366985e+00
1	2	12	10	-1.5694627e+02
1	2	12	11	6.9280868e+00
1	2	12	12	-1.2185604e+02
1	2	12	13	-4.1646721e+01
1	2	12	14	-8.1691200e+01
1	2	12	15	-5.4117195e+01
1	2	12	16	-1.1153648e+02
1	2	12	17	-2.3404106e+02
1	2	12	18	-1.8608893e+02
1	2	12	19	-2.6823096e+02
1	2	12	20	-2.4255209e+02
1	2	12	21	-8.9125008e+01
1	2	12	22	-1.4367513e+02
1	2	12	23	-1.9666553e+02
1	2	12	24	-3.1732553e+02
1	2	12	25	-1.7791696e+02
1	2	12	26	-3.3428000e+02
1	2	12	27	-1.3151511e+02
1	2	12	28	-1.6212598e+02
1	2	12	29	-2.1354790e+02
1	2	12	30	-2.7035635e+02
1	2	12	31	-2.4430670e+02
1	2	12	32	-2.2050264e+02
1	2	12	33	-3.5754672e+02
1	2	12	34	4.2519141e+02
1	2	12	35	5.3650513e+02
1	2	12	36	3.2486969e+02
1	2	12	37	3.6356009e+02
1	2	12	38	3.3401294e+02
1	2	12	39	5.9905444e+02
1	2	12	40	4.8181546e+02
1	2	12	41	4.5451990e+02
1	2	12	42	6.4032257e+02
1	2	12	43	4.7023483e+02
1	2	12	44	5.9880621e+02
1	2	12	45	5.8344617e+02
1	2	12	46	5.9911011e+02
1	2	12	47	4.3653522e+02
1	2	12	48	5.3175201e+02
1	2	12	49	5.1958881e+02
1	2	12	50	5.6523901e+02
1	2	12	51	1.0941847e+03
1	2	12	52	1.1213715e+03
1	2	12	53	7.4195953e+02
1	2	12	54	7.0681500e+02
1	2	12	55	5.5619489e+02
1	2	12	56	9.1608588e+02
1	2	12	57	9.9933240e+02
1	2	12	58	8.8175049e+02
1	2	12	59	6.7708594e+02
1	2	12	60	6.2067352e+02
1	2	12	61	7.2756244e+02
1	2	12	62	8.2601404e+02
1	2	12	63	9.1222229e+02
1	2	13	0	3.0822110e+02
1	2	13	1	2.2095782e+02
1	2	13	2	1.7292339e+02
1	2	13	3	1.3479468e+02
1	2	13	4	1.3278249e+02
1	2	13	5	1.7651860e+02
1	2	13	6	1.2880954e+02
1	2	13	7	9.4799736e+01
1	2	13	8	5.6905174e+01
1	2	13	9	7.4785606e+01
1	2	13	10	-3.3570526e+01
1	2	13	11	1.0959290e+02
1	2	13	12	1.3917667e+02
1	2	13	13	4.7771198e+01
1	2	13	14	2.3641136e+01
1	2	13	15	-3.7549995e+01
1	2	13	16	-2.3749405e+02
1	2	13	17	-7.8005051e+01
1	2	13	18	-4.5142490e+01
1	2	13	19	1.5887805e+01
1	2	13	20	-2.8147535e+01
1	2	13	21	-1.3309654e+02
1	2	13	22	8.1501106e+01
1	2	13	23	1.2944029e+02
1	2	13	24	1.4947211e+01
1	2	13	25	6.8818932e+01
1	2	13	26	5.3090511e+01
1	2	13	27	5.1729893e+01
1	2	13	28	-1.8417014e+02
1	2	13	29	3.2417530e+01
1	2	13	30	-2.0310362e+02
1	2	13	31	-6.9864655e+01
1	2	13	32	-2.9256395e+01
1	2	13	33	-1.3036313e+02
1	2	13	34	5.2314154e+02
1	2	13	35	5.1167627e+02
1	2	13	36	4.4107718e+02
1	2	13	37	6.1181244e+02
1	2	13	38	6.1786694e+02
1	2	13	39	5.3865704e+02
1	2	13	40	4.7904337e+02
1	2	13	41	6.3618353e+02
1	2	13	42	5.6883032e+02
1	2	13	43	5.2499780e+02
1	2	13	44	6.8641010e+02
1	2	13	45	3.7107254e+02
1	2	13	46	6.6657574e+02
1	2	13	47	6.0062628e+02
1	2	13	48	4.3097711e+02
1	2	13	49	6.1548242e+02
1	2	13	50	6.8553735e+02
1	2	13	51	1.1723992e+03
1	2	13	52	1.2042683e+03
1	2	13	53	8.5749646e+02
1	2	13	54	6.4268353e+02
1	2	13	55	6.8806183e+02
1	2	13	56	1.0275133e+03
1	2	13	57	7.8314886e+02
1	2	13	58	8.8539838e+02
1	2	13	59	8.8245319e+02
1	2	13	60	8.7926831e+02
1	2	13	61	7.4000598e+02
1	2	13	62	8.9193060e+02
1	2	13	63	9.8856622e+02
1	2	14	0	1.7086447e+01
1	2	14	1	-1.4090277e+02
1	2	14	2	-2.8115070e+01
1	2	14	3	-5.1429840e+01
1	2	14	4	-2.2912509e+02
1	2	14	5	-2.3593761e+02
1	2	14	6	-8.9171623e+01
1	2	14	7	-3.4780209e+01
1	2	14	8	-1.0887464e+02
1	2	14	9	2.0536093e+01
1	2	14	10	-2.1136455e+02
1	2	14	11	-1.3936301e+01
1	2	14	12	-7.3992523e+01
1	2	14	13	-1.5143765e+02
1	2	14	14	-6.2523239e+01
1	2	14	15	-1.5575694e+02
1	2	14	16	-2.5627582e+02
1	2	14	17	-2.7415372e+02
1	2	14	18	-1.6421251e+02
1	2	14	19	-2.9003922e+02
1	2	14	20	-1.8374420e+01
1	2	14	21	-1.6789287e+02
1	2	14	22	-2.5748019e+02
1	2	14	23	-2.1318698e+02
1	2	14	24	-2.2099519e+02
1	2	14	25	-2.4198882e+02
1	2	14	26	-2.1659593e+02
1	2	14	27	-2.7168716e+02
1	2	14	28	-2.3397223e+02
1	2	14	29	-4.6886359e+02
1	2	14	30	-1.9754089e+02
1	2	14	31	-2.5670370e+02
1	2	14	32	-2.6536063e+02
1	2	14	33	-2.1609355e+02
1	2	14	34	2.8556104e+02
1	2	14	35	5.0475208e+02
1	2	14	36	3.2279260e+02
1	2	14	37	5.6509369e+02
1	2	14	38	4.6194641e+02
1	2	14	39	5.7341846e+02
1	2	14	40	4.8313068e+02
1	2	14	41	3.8964377e+02
1	2	14	42	3.6213071e+02
1	2	14	43	4.5001196e+02
1	2	14	44	3.5868362e+02
1	2	14	45	4.6495316e+02
1	2	14	46	5.1053061e+02
1	2	14	47	5.8530145e+02
1	2	14	48	4.6399844e+02
1	2	14	49	4.0570981e+02
1	2	14	50	5.6300507e+02
1	2	14	51	9.6845587e+02
1	2	14	52	1.0892604e+03
1	2	14	53	7.5349164e+02
1	2	14	54	8.3992651e+02
1	2	14	55	7.0373627e+02
1	2	14	56	8.6816388e+02
1	2	14	57	1.0018490e+03
1	2	14	58	9.1915430e+02
1	2	14	59	7.8515778e+02
1	2	14	60	5.7972253e+02
1	2	14	61	6.6752252e+02
1	2	14	62	7.9871716e+02
1	2	14	63	7.1848975e+02
1	2	15	0	-3.0487365e-01
1	2	15	1	7.3717110e+01
1	2	15	2	-3.5928978e+01
1	2	15	3	6.6678017e+01
1	2	15	4	-4.4388435e+01
1	2	15	5	8.0779449e+01
1	2	15	6	7.0936310e+01
1	2	15	7	5.5217030e+01
1	2	15	8	1.1032124e+02
1	2	15	9	1.3627731e+02
1	2	15	10	-2.0659174e+01
1	2	15	11	-7.6926155e+01
1	2	15	12	-2.6878687e+02
1	2	15	13	-1.9997725e+01
1	2	15	14	-1.2050874e+02
1	2	15	15	-6.0092564e+01
1	2	15	16	3.2934097e+01
1	2	15	17	-1.7991753e+02
1	2	15	18	-1.9388280e+02
1	2	15	19	-2.7445370e+02
1	2	15	20	-1.5617090e+02
1	2	15	21	-1.4143860e+02
1	2	15	22	-2.8360242e+02
1	2	15	23	-1.2098665e+02
1	2	15	24	-1.6893959e+02
1	2	15	25	-8.6932999e+01
1	2	15	26	-1.5472273e+02
1	2	15	27	-2.0134256e+01
1	2	15	28	-5.8327477e+01
1	2	15	29	5.4162758e+01
1	2	15	30	-3.3228863e+01
1	2	15	31	-1.8504788e+02
1	2	15	32	-9.6778320e+01
1	2	15	33	2.4264320e+01
1	2	15	34	5.9755292e+02
1	2	15	35	3.2766373e+02
1	2	15	36	7.3360870e+02
1	2	15	37	6.8926733e+02
1	2	15	38	6.5484698e+02
1	2	15	39	5.6349164e+02
1	2	15	40	7.2109924e+02
1	2	15	41	6.3015857e+02
1	2	15	42	6.3399054e+02
1	2	15	43	5.3897504e+02
1	2	15	44	7.6014838e+02
1	2	15	45	5.9835742e+02
1	2	15	46	6.7628943e+02
1	2	15	47	7.5558240e+02
1	2	15	48	7.0026294e+02
1	2	15	49	5.0551718e+02
1	2	15	50	5.9812671e+02
1	2	15	51	1.2976279e+03
1	2	15	52	1.3517915e+03
1	2	15	53	8.3472748e+02
1	2	15	54	8.6790027e+02
1	2	15	55	9.4495660e+02
1	2	15	56	1.0718422e+03
1	2	15	57	1.0756329e+03
1	2	15	58	7.5638519e+02
1	2	15	59	8.9388995e+02
1	2	15	60	1.0509321e+03
1	2	15	61	8.6200104e+02
1	2	15	62	7.4321411e+02
1	2	15	63	1.0762391e+03
