0	0	0	0	-4.0267545e+02
0	0	0	1	-4.8187430e+02
0	0	0	2	-2.8672028e+02
0	0	0	3	-4.5518097e+02
0	0	0	4	-4.9967618e+02
0	0	0	5	-4.6836395e+02
0	0	0	6	-4.3114771e+02
0	0	0	7	-4.6842807e+02
0	0	0	8	-4.7002823e+02
0	0	0	9	-3.5435449e+02
0	0	0	10	-5.3545551e+02
0	0	0	11	-3.8896082e+02
0	0	0	12	-6.1201239e+02
0	0	0	13	-4.9711450e+02
0	0	0	14	-5.2241235e+02
0	0	0	15	-4.4848129e+02
0	0	0	16	-5.7937329e+02
0	0	0	17	-6.4400677e+02
0	0	0	18	-5.5399078e+02
0	0	0	19	-6.5821704e+02
0	0	0	20	-5.7975958e+02
0	0	0	21	-6.0568262e+02
0	0	0	22	-6.6453656e+02
0	0	0	23	-5.8501672e+02
0	0	0	24	-6.1579120e+02
0	0	0	25	-5.7990759e+02
0	0	0	26	-6.6492590e+02
0	0	0	27	-6.5576410e+02
0	0	0	28	-5.8729822e+02
0	0	0	29	-5.9678949e+02
0	0	0	30	-6.0590955e+02
0	0	0	31	-5.8842969e+02
0	0	0	32	-5.9774255e+02
0	0	0	33	-6.6239777e+02
0	0	0	34	5.5075222e+01
0	0	0	35	3.8979759e+01
0	0	0	36	3.9855198e+01
0	0	0	37	-2.2552523e+01
0	0	0	38	3.7654217e+01
0	0	0	39	1.2445615e+02
0	0	0	40	2.1305090e+01
0	0	0	41	3.6849728e+01
0	0	0	42	1.4788661e+02
0	0	0	43	1.6855095e+02
0	0	0	44	1.7253343e+02
0	0	0	45	7.0981064e+01
0	0	0	46	1.8174258e+02
0	0	0	47	1.4247511e+02
0	0	0	48	1.2481580e+02
0	0	0	49	5.5710476e+01
0	0	0	50	6.3961689e+01
0	0	0	51	5.8831976e+02
0	0	0	52	6.1093488e+02
0	0	0	53	2.1994106e+02
0	0	0	54	2.5231253e+02
0	0	0	55	3.4322284e+02
0	0	0	56	5.7081354e+02
0	0	0	57	3.9452371e+02
0	0	0	58	3.5672482e+02
0	0	0	59	2.8365332e+02
0	0	0	60	3.6757822e+02
0	0	0	61	1.3037025e+02
0	0	0	62	2.7275171e+02
0	0	0	63	4.1771967e+02
0	0	1	0	-1.3036926e+02
0	0	1	1	-2.1950589e+02
0	0	1	2	-2.9155017e+02
0	0	1	3	-2.8917764e+02
0	0	1	4	-3.5038712e+02
0	0	1	5	-1.3548746e+02
0	0	1	6	-3.0383832e+02
0	0	1	7	-2.8316098e+02
0	0	1	8	-2.9283627e+02
0	0	1	9	-2.8058099e+02
0	0	1	10	-1.8026428e+02
0	0	1	11	-3.2953055e+02
0	0	1	12	-3.6697446e+02
0	0	1	13	-2.8370901e+02
0	0	1	14	-4.2272281e+02
0	0	1	15	-3.4384399e+02
0	0	1	16	-3.5943378e+02
0	0	1	17	-2.1719255e+02
0	0	1	18	-1.8154076e+02
0	0	1	19	-2.4222002e+02
0	0	1	20	-3.5035849e+02
0	0	1	21	-3.7308383e+02
0	0	1	22	-3.8701291e+02
0	0	1	23	-3.4539651e+02
0	0	1	24	-3.4835489e+02
0	0	1	25	-3.5078329e+02
0	0	1	26	-4.7459625e+02
0	0	1	27	-3.5882050e+02
0	0	1	28	-4.2297794e+02
0	0	1	29	-4.2985513e+02
0	0	1	30	-3.2737976e+02
0	0	1	31	-4.3720117e+02
0	0	1	32	-4.2622549e+02
0	0	1	33	-4.2234167e+02
0	0	1	34	1.2627719e+02
0	0	1	35	1.3719366e+02
0	0	1	36	1.8133722e+02
0	0	1	37	1.5092210e+02
0	0	1	38	2.4976248e+02
0	0	1	39	1.3337247e+02
0	0	1	40	2.2085672e+02
0	0	1	41	1.3654547e+02
0	0	1	42	1.8557352e+02
0	0	1	43	1.2989809e+02
0	0	1	44	1.5402148e+02
0	0	1	45	1.8846071e+02
0	0	1	46	1.7702219e+02
0	0	1	47	1.4026733e+02
0	0	1	48	1.8435350e+02
0	0	1	49	9.1655624e+01
0	0	1	50	2.1684584e+02
0	0	1	51	7.4171014e+02
0	0	1	52	7.0997754e+02
0	0	1	53	3.4883374e+02
0	0	1	54	4.1142233e+02
0	0	1	55	3.9286304e+02
0	0	1	56	5.1664795e+02
0	0	1	57	4.9798044e+02
0	0	1	58	4.5233524e+02
0	0	1	59	4.2464059e+02
0	0	1	60	4.4651379e+02
0	0	1	61	4.3087759e+02
0	0	1	62	4.2907980e+02
0	0	1	63	5.1992847e+02
0	0	2	0	-8.6967865e+01
0	0	2	1	-3.5907364e+02
0	0	2	2	-1.0579613e+02
0	0	2	3	-1.0376651e+02
0	0	2	4	-1.6337846e+02
0	0	2	5	-1.6975583e+02
0	0	2	6	-1.1891348e+02
0	0	2	7	-1.8403690e+02
0	0	2	8	-1.7062918e+02
0	0	2	9	-1.7799214e+02
0	0	2	10	-1.7094890e+02
0	0	2	11	-1.3436459e+02
0	0	2	12	-3.1491968e+02
0	0	2	13	-4.2497839e+02
0	0	2	14	-9.8041290e+01
0	0	2	15	-1.4357542e+02
0	0	2	16	-2.4287210e+02
0	0	2	17	-2.7680780e+02
0	0	2	18	-2.4108998e+02
0	0	2	19	-2.7092899e+02
0	0	2	20	-3.6787253e+02
0	0	2	21	-1.5753749e+02
0	0	2	22	-2.4656679e+02
0	0	2	23	-3.2413736e+02
0	0	2	24	-4.6493393e+02
0	0	2	25	-2.1959207e+02
0	0	2	26	-2.6487589e+02
0	0	2	27	-3.3381381e+02
0	0	2	28	-2.7167941e+02
0	0	2	29	-4.6031699e+02
0	0	2	30	-1.8544560e+02
0	0	2	31	-4.9490442e+02
0	0	2	32	-2.8541074e+02
0	0	2	33	-2.9329724e+02
0	0	2	34	2.8354193e+02
0	0	2	35	3.5473999e+02
0	0	2	36	3.1030011e+02
0	0	2	37	2.5127646e+02
0	0	2	38	2.3878163e+02
0	0	2	39	2.5775018e+02
0	0	2	40	3.2209891e+02
0	0	2	41	2.6579648e+02
0	0	2	42	2.9187122e+02
0	0	2	43	3.3974130e+02
0	0	2	44	2.5300427e+02
0	0	2	45	2.1377710e+02
0	0	2	46	2.4373421e+02
0	0	2	47	2.7064917e+02
0	0	2	48	3.7225839e+02
0	0	2	49	2.1238162e+02
0	0	2	50	2.4915900e+02
0	0	2	51	8.8580231e+02
0	0	2	52	8.7565948e+02
0	0	2	53	3.4137943e+02
0	0	2	54	5.5952203e+02
0	0	2	55	5.5528900e+02
0	0	2	56	5.3107465e+02
0	0	2	57	6.3214667e+02
0	0	2	58	6.0601508e+02
0	0	2	59	5.1578735e+02
0	0	2	60	6.2720959e+02
0	0	2	61	4.7212238e+02
0	0	2	62	6.0463574e+02
0	0	2	63	6.5560236e+02
0	0	3	0	-3.1965378e+02
0	0	3	1	-4.8500494e+02
0	0	3	2	-3.8406229e+02
0	0	3	3	-5.9282147e+02
0	0	3	4	-4.1376993e+02
0	0	3	5	-4.4938828e+02
0	0	3	6	-4.3310519e+02
0	0	3	7	-4.9369916e+02
0	0	3	8	-5.9029913e+02
0	0	3	9	-4.3639496e+02
0	0	3	10	-4.8372894e+02
0	0	3	11	-4.7196860e+02
0	0	3	12	-5.0243002e+02
0	0	3	13	-4.4571515e+02
0	0	3	14	-4.5136618e+02
0	0	3	15	-4.0476224e+02
0	0	3	16	-5.2431592e+02
0	0	3	17	-4.7750458e+02
0	0	3	18	-5.9905127e+02
0	0	3	19	-5.3265466e+02
0	0	3	20	-6.1924652e+02
0	0	3	21	-6.5735461e+02
0	0	3	22	-5.6584509e+02
0	0	3	23	-4.2549896e+02
0	0	3	24	-7.6215283e+02
0	0	3	25	-5.8901337e+02
0	0	3	26	-5.8687775e+02
0	0	3	27	-5.4580652e+02
0	0	3	28	-6.5969995e+02
0	0	3	29	-6.2043878e+02
0	0	3	30	-7.4047589e+02
0	0	3	31	-5.9912878e+02
0	0	3	32	-6.0524854e+02
0	0	3	33	-6.7787482e+02
0	0	3	34	-1.2157455e+02
0	0	3	35	-8.9845818e+01
0	0	3	36	-3.7161182e+01
0	0	3	37	-1.3241149e+01
0	0	3	38	4.6112881e+01
0	0	3	39	-5.8502781e+01
0	0	3	40	-1.3638241e+01
0	0	3	41	3.6966465e+01
0	0	3	42	7.3256699e+01
0	0	3	43	-3.4062534e+01
0	0	3	44	4.6352974e+01
0	0	3	45	-1.5739095e+02
0	0	3	46	3.5531900e+00
0	0	3	47	-2.0001535e+02
0	0	3	48	-4.6284676e+01
0	0	3	49	4.8527561e+01
0	0	3	50	-4.5861034e+01
0	0	3	51	4.3518027e+02
0	0	3	52	5.3147736e+02
0	0	3	53	2.0002313e+02
0	0	3	54	2.7902658e+02
0	0	3	55	3.1618198e+02
0	0	3	56	2.2711029e+02
0	0	3	57	3.3322296e+02
0	0	3	58	2.2396869e+02
0	0	3	59	2.7168628e+02
0	0	3	60	2.5215903e+02
0	0	3	61	2.2803152e+02
0	0	3	62	1.9226530e+02
0	0	3	63	3.5497809e+02
0	0	4	0	-1.3969312e+02
0	0	4	1	-3.5228552e+02
0	0	4	2	-1.3953664e+02
0	0	4	3	-2.2992772e+02
0	0	4	4	-1.9268233e+02
0	0	4	5	-1.9114558e+02
0	0	4	6	-1.6860564e+02
0	0	4	7	-1.8645755e+02
0	0	4	8	-2.8520871e+02
0	0	4	9	-1.1888418e+02
0	0	4	10	-3.7948096e+02
0	0	4	11	-1.9409512e+02
0	0	4	12	-3.8028683e+02
0	0	4	13	-2.3237276e+02
0	0	4	14	-1.7442903e+02
0	0	4	15	-2.3611143e+02
0	0	4	16	-2.8412943e+02
0	0	4	17	-3.6200729e+02
0	0	4	18	-2.7193164e+02
0	0	4	19	-3.6335760e+02
0	0	4	20	-3.7372375e+02
0	0	4	21	-3.6147467e+02
0	0	4	22	-4.2847293e+02
0	0	4	23	-2.9931403e+02
0	0	4	24	-3.1014145e+02
0	0	4	25	-2.1658975e+02
0	0	4	26	-3.0252118e+02
0	0	4	27	-2.6318106e+02
0	0	4	28	-2.6380078e+02
0	0	4	29	-3.7355899e+02
0	0	4	30	-4.1630240e+02
0	0	4	31	-3.2841220e+02
0	0	4	32	-3.3859882e+02
0	0	4	33	-5.9284497e+02
0	0	4	34	2.5067305e+02
0	0	4	35	2.4750986e+02
0	0	4	36	1.0262640e+02
0	0	4	37	2.3564276e+02
0	0	4	38	2.6496478e+02
0	0	4	39	1.1824124e+02
0	0	4	40	2.3109622e+02
0	0	4	41	2.7986108e+02
0	0	4	42	2.8129007e+02
0	0	4	43	2.9456339e+02
0	0	4	44	3.5898404e+02
0	0	4	45	3.2577344e+02
0	0	4	46	3.1128345e+02
0	0	4	47	2.2216664e+02
0	0	4	48	3.4451492e+02
0	0	4	49	3.5785693e+02
0	0	4	50	2.5836670e+02
0	0	4	51	7.1052863e+02
0	0	4	52	9.4061029e+02
0	0	4	53	4.7964401e+02
0	0	4	54	5.7065875e+02
0	0	4	55	4.3082855e+02
0	0	4	56	5.4660205e+02
0	0	4	57	7.0155548e+02
0	0	4	58	5.6642566e+02
0	0	4	59	6.1785065e+02
0	0	4	60	5.5442395e+02
0	0	4	61	5.1890656e+02
0	0	4	62	5.3678448e+02
0	0	4	63	3.7744479e+02
0	0	5	0	-6.4056763e+02
0	0	5	1	-6.3542480e+02
0	0	5	2	-6.7724939e+02
0	0	5	3	-6.4666138e+02
0	0	5	4	-7.4423450e+02
0	0	5	5	-6.7743945e+02
0	0	5	6	-7.0376825e+02
0	0	5	7	-6.7199994e+02
0	0	5	8	-7.8342487e+02
0	0	5	9	-6.2894855e+02
0	0	5	10	-6.6569519e+02
0	0	5	11	-6.6670428e+02
0	0	5	12	-6.9992853e+02
0	0	5	13	-6.8100385e+02
0	0	5	14	-6.7798059e+02
0	0	5	15	-8.1060004e+02
0	0	5	16	-5.9823920e+02
0	0	5	17	-8.7401910e+02
0	0	5	18	-8.1252972e+02
0	0	5	19	-6.5716498e+02
0	0	5	20	-9.6725586e+02
0	0	5	21	-7.8042157e+02
0	0	5	22	-7.6516516e+02
0	0	5	23	-7.4006854e+02
0	0	5	24	-7.6524292e+02
0	0	5	25	-8.9162994e+02
0	0	5	26	-7.6888556e+02
0	0	5	27	-9.1160699e+02
0	0	5	28	-8.2811377e+02
0	0	5	29	-8.3548877e+02
0	0	5	30	-7.4485059e+02
0	0	5	31	-8.3508142e+02
0	0	5	32	-8.3743823e+02
0	0	5	33	-7.6395282e+02
0	0	5	34	-2.5576889e+02
0	0	5	35	-2.5902036e+02
0	0	5	36	-1.3586911e+02
0	0	5	37	-2.5917648e+02
0	0	5	38	-1.2820807e+02
0	0	5	39	-2.3232164e+02
0	0	5	40	-2.3655208e+02
0	0	5	41	-2.1478181e+02
0	0	5	42	-9.7277191e+01
0	0	5	43	-2.0009319e+02
0	0	5	44	-9.3111588e+01
0	0	5	45	-1.5332246e+02
0	0	5	46	-1.2029057e+02
0	0	5	47	-1.8584985e+02
0	0	5	48	-2.7279785e+02
0	0	5	49	-8.3765228e+01
0	0	5	50	-1.8606566e+02
0	0	5	51	4.2169836e+02
0	0	5	52	3.5410443e+02
0	0	5	53	9.4235542e+01
0	0	5	54	1.7339062e+02
0	0	5	55	1.3522583e+02
0	0	5	56	2.0339635e+02
0	0	5	57	1.2830170e+02
0	0	5	58	1.1951392e+02
0	0	5	59	1.6227559e+02
0	0	5	60	2.6445875e+01
0	0	5	61	9.3641388e+01
0	0	5	62	1.3977121e+02
0	0	5	63	2.3336879e+02
0	0	6	0	-2.0977232e+02
0	0	6	1	-1.9316328e+02
0	0	6	2	-2.5586113e+02
0	0	6	3	-2.8289731e+02
0	0	6	4	-2.1054898e+02
0	0	6	5	-1.2254115e+02
0	0	6	6	-7.9853836e+01
0	0	6	7	-1.7203673e+02
0	0	6	8	-1.5864049e+02
0	0	6	9	-1.3632401e+02
0	0	6	10	-1.8517390e+02
0	0	6	11	-1.5238065e+02
0	0	6	12	-1.8803357e+02
0	0	6	13	-1.5451109e+02
0	0	6	14	-1.6842973e+02
0	0	6	15	-1.7538638e+02
0	0	6	16	-4.5808746e+02
0	0	6	17	-3.1892429e+02
0	0	6	18	-2.5667499e+02
0	0	6	19	-2.6286923e+02
0	0	6	20	-3.4246475e+02
0	0	6	21	-2.5126060e+02
0	0	6	22	-2.1800574e+02
0	0	6	23	-2.3764061e+02
0	0	6	24	-2.3638519e+02
0	0	6	25	-2.0508072e+02
0	0	6	26	-3.6942349e+02
0	0	6	27	-2.8231659e+02
0	0	6	28	-3.0041013e+02
0	0	6	29	-4.1563388e+02
0	0	6	30	-3.2737064e+02
0	0	6	31	-3.9399533e+02
0	0	6	32	-2.7776251e+02
0	0	6	33	-5.3133673e+02
0	0	6	34	3.1387030e+02
0	0	6	35	2.2260062e+02
0	0	6	36	3.3333719e+02
0	0	6	37	4.3341467e+02
0	0	6	38	2.8792786e+02
0	0	6	39	3.1986526e+02
0	0	6	40	2.5580887e+02
0	0	6	41	2.0446706e+02
0	0	6	42	3.6147281e+02
0	0	6	43	3.3814240e+02
0	0	6	44	4.6760394e+02
0	0	6	45	3.6430847e+02
0	0	6	46	5.4773810e+02
0	0	6	47	2.2869684e+02
0	0	6	48	3.8833542e+02
0	0	6	49	5.3478729e+02
0	0	6	50	2.7152469e+02
0	0	6	51	8.3551013e+02
0	0	6	52	7.6935699e+02
0	0	6	53	4.5913016e+02
0	0	6	54	3.7164203e+02
0	0	6	55	7.0817017e+02
0	0	6	56	5.8739655e+02
0	0	6	57	6.2626562e+02
0	0	6	58	5.3617163e+02
0	0	6	59	5.6462909e+02
0	0	6	60	6.4839423e+02
0	0	6	61	6.7031940e+02
0	0	6	62	6.1804468e+02
0	0	6	63	7.0558563e+02
0	0	7	0	-1.1156672e+02
0	0	7	1	-3.4853333e+02
0	0	7	2	-2.7676575e+02
0	0	7	3	-3.5617142e+02
0	0	7	4	-4.3439047e+02
0	0	7	5	-3.0950403e+02
0	0	7	6	-4.0860898e+02
0	0	7	7	-3.9946173e+02
0	0	7	8	-3.8350101e+02
0	0	7	9	-2.8515015e+02
0	0	7	10	-4.1120981e+02
0	0	7	11	-4.0845428e+02
0	0	7	12	-6.0924310e+02
0	0	7	13	-4.1091119e+02
0	0	7	14	-6.1465680e+02
0	0	7	15	-3.5379608e+02
0	0	7	16	-6.3215271e+02
0	0	7	17	-4.4370050e+02
0	0	7	18	-4.8300616e+02
0	0	7	19	-3.1042322e+02
0	0	7	20	-5.7460254e+02
0	0	7	21	-5.9100220e+02
0	0	7	22	-4.8647357e+02
0	0	7	23	-5.2387860e+02
0	0	7	24	-6.2789905e+02
0	0	7	25	-4.0188614e+02
0	0	7	26	-4.3837433e+02
0	0	7	27	-5.1371637e+02
0	0	7	28	-5.1337732e+02
0	0	7	29	-5.1516052e+02
0	0	7	30	-5.2087421e+02
0	0	7	31	-6.2802771e+02
0	0	7	32	-6.2945630e+02
0	0	7	33	-5.8819379e+02
0	0	7	34	-8.7946281e+01
0	0	7	35	-1.7876657e+02
0	0	7	36	2.8316088e+01
0	0	7	37	1.3499866e+02
0	0	7	38	-2.9469122e+01
0	0	7	39	7.0167885e+01
0	0	7	40	4.8913044e+01
0	0	7	41	-4.4747486e+01
0	0	7	42	1.0627869e+02
0	0	7	43	-6.2579546e+00
0	0	7	44	6.1426334e+00
0	0	7	45	-7.2765511e+01
0	0	7	46	1.5624799e+02
0	0	7	47	1.1843092e+02
0	0	7	48	8.8149925e+01
0	0	7	49	1.3549519e+02
0	0	7	50	6.8908890e+01
0	0	7	51	5.9794806e+02
0	0	7	52	4.4936026e+02
0	0	7	53	2.2628580e+02
0	0	7	54	2.1930736e+02
0	0	7	55	2.8948453e+02
0	0	7	56	3.7863098e+02
0	0	7	57	3.3396149e+02
0	0	7	58	1.4860974e+02
0	0	7	59	3.2720026e+02
0	0	7	60	3.4947498e+02
0	0	7	61	1.3465007e+02
0	0	7	62	2.6684073e+02
0	0	7	63	4.0945007e+02
0	0	8	0	-2.3596196e+02
0	0	8	1	-3.5909235e+02
0	0	8	2	-2.0544650e+02
0	0	8	3	-3.1051660e+02
0	0	8	4	-2.7224188e+02
0	0	8	5	-5.0631290e+02
0	0	8	6	-5.1546716e+02
0	0	8	7	-1.7218852e+02
0	0	8	8	-2.8058603e+02
0	0	8	9	-3.6696564e+02
0	0	8	10	-3.2249268e+02
0	0	8	11	-4.7943747e+02
0	0	8	12	-3.7422849e+02
0	0	8	13	-4.4317212e+02
0	0	8	14	-5.5365082e+02
0	0	8	15	-4.0958459e+02
0	0	8	16	-6.7881915e+02
0	0	8	17	-4.6366040e+02
0	0	8	18	-5.8497968e+02
0	0	8	19	-5.7439850e+02
0	0	8	20	-4.0479480e+02
0	0	8	21	-5.0763272e+02
0	0	8	22	-3.7203131e+02
0	0	8	23	-5.1277606e+02
0	0	8	24	-5.1761383e+02
0	0	8	25	-4.5794293e+02
0	0	8	26	-6.8002600e+02
0	0	8	27	-5.0856165e+02
0	0	8	28	-5.2787469e+02
0	0	8	29	-4.7184631e+02
0	0	8	30	-4.5740451e+02
0	0	8	31	-3.6470401e+02
0	0	8	32	-4.5585806e+02
0	0	8	33	-4.6281229e+02
0	0	8	34	1.6501825e+02
0	0	8	35	1.8002055e+02
0	0	8	36	2.1093089e+02
0	0	8	37	1.2531675e+02
0	0	8	38	-3.5546700e+01
0	0	8	39	1.3041560e+02
0	0	8	40	1.5863037e+02
0	0	8	41	1.1134670e+02
0	0	8	42	2.0152419e+02
0	0	8	43	2.1164899e+02
0	0	8	44	1.9798712e+02
0	0	8	45	1.6469345e+02
0	0	8	46	-2.8893009e+01
0	0	8	47	1.3751495e+02
0	0	8	48	1.7133096e+02
0	0	8	49	1.3245695e+02
0	0	8	50	2.3639076e+02
0	0	8	51	5.7650598e+02
0	0	8	52	6.7715881e+02
0	0	8	53	3.8312360e+02
0	0	8	54	3.9438922e+02
0	0	8	55	4.2795374e+02
0	0	8	56	5.9513361e+02
0	0	8	57	5.0413004e+02
0	0	8	58	3.9570245e+02
0	0	8	59	3.9659134e+02
0	0	8	60	4.3536475e+02
0	0	8	61	1.9387187e+02
0	0	8	62	2.6156784e+02
0	0	8	63	4.3036646e+02
0	0	9	0	-6.8503387e+02
0	0	9	1	-5.2792792e+02
0	0	9	2	-5.2259613e+02
0	0	9	3	-4.8961188e+02
0	0	9	4	-5.7614008e+02
0	0	9	5	-5.9692957e+02
0	0	9	6	-5.9459619e+02
0	0	9	7	-5.7936035e+02
0	0	9	8	-6.0475586e+02
0	0	9	9	-5.7867883e+02
0	0	9	10	-6.0609583e+02
0	0	9	11	-5.7096173e+02
0	0	9	12	-7.7612286e+02
0	0	9	13	-5.7444794e+02
0	0	9	14	-6.3550525e+02
0	0	9	15	-4.3678061e+02
0	0	9	16	-7.7496307e+02
0	0	9	17	-6.7802307e+02
0	0	9	18	-6.4783008e+02
0	0	9	19	-7.7674548e+02
0	0	9	20	-8.0449762e+02
0	0	9	21	-7.1367236e+02
0	0	9	22	-6.6095703e+02
0	0	9	23	-5.9850879e+02
0	0	9	24	-6.9959271e+02
0	0	9	25	-7.6970544e+02
0	0	9	26	-6.7293048e+02
0	0	9	27	-7.2120709e+02
0	0	9	28	-7.3105347e+02
0	0	9	29	-7.4111224e+02
0	0	9	30	-7.8996472e+02
0	0	9	31	-8.0166052e+02
0	0	9	32	-7.9839331e+02
0	0	9	33	-7.4713843e+02
0	0	9	34	-1.7798769e+02
0	0	9	35	-2.9502676e+02
0	0	9	36	-2.8489027e+01
0	0	9	37	-1.4415636e+02
0	0	9	38	-8.8475090e+01
0	0	9	39	-2.2777437e+02
0	0	9	40	3.4028107e+01
0	0	9	41	-1.9475195e+02
0	0	9	42	-1.6733588e+02
0	0	9	43	-3.5968610e+02
0	0	9	44	-1.9774399e+01
0	0	9	45	-2.2280508e+02
0	0	9	46	-3.0445101e+01
0	0	9	47	-1.3781102e+02
0	0	9	48	-1.0969922e+02
0	0	9	49	-2.4673265e+02
0	0	9	50	-1.3356750e+02
0	0	9	51	4.3144385e+02
0	0	9	52	4.4764273e+02
0	0	9	53	9.7158974e+01
0	0	9	54	1.4986145e+02
0	0	9	55	9.9976089e+01
0	0	9	56	1.7091376e+02
0	0	9	57	2.2498500e+02
0	0	9	58	2.1026164e+02
0	0	9	59	1.6850737e+01
0	0	9	60	1.3037190e+02
0	0	9	61	6.2057072e+01
0	0	9	62	1.0019829e+02
0	0	9	63	1.9869438e+02
0	0	10	0	-1.4915659e+02
0	0	10	1	-2.0703186e+02
0	0	10	2	-4.1708508e+01
0	0	10	3	-3.0469171e+02
0	0	10	4	-1.0301849e+02
0	0	10	5	-6.4430290e+01
0	0	10	6	-1.7064052e+02
0	0	10	7	5.3978226e+01
0	0	10	8	-1.7754074e+02
0	0	10	9	-1.4710963e+02
0	0	10	10	-1.2908069e+02
0	0	10	11	-1.4577516e+02
0	0	10	12	-1.6952606e+02
0	0	10	13	-1.3897661e+02
0	0	10	14	-1.8430756e+02
0	0	10	15	-2.0178177e+02
0	0	10	16	-2.7484491e+02
0	0	10	17	-4.3248898e+02
0	0	10	18	-3.0444110e+02
0	0	10	19	-3.5127545e+02
0	0	10	20	-1.6139851e+02
0	0	10	21	-2.4026956e+02
0	0	10	22	-3.3815863e+02
0	0	10	23	-2.3298427e+02
0	0	10	24	-4.1803220e+02
0	0	10	25	-2.2411176e+02
0	0	10	26	-3.1089777e+02
0	0	10	27	3.7311558e+03
0	0	10	28	-2.7333301e+02
0	0	10	29	-4.1406509e+02
0	0	10	30	-4.4263428e+02
0	0	10	31	-2.4806380e+02
0	0	10	32	-2.9510907e+02
0	0	10	33	-2.8224182e+02
0	0	10	34	2.7120178e+02
0	0	10	35	1.6658932e+02
0	0	10	36	3.7315302e+02
0	0	10	37	3.4848697e+02
0	0	10	38	3.6747745e+02
0	0	10	39	3.5463742e+02
0	0	10	40	3.5683466e+02
0	0	10	41	4.4495291e+02
0	0	10	42	1.8653261e+02
0	0	10	43	3.7226190e+02
0	0	10	44	3.0186685e+02
0	0	10	45	2.9519308e+02
0	0	10	46	2.2325107e+02
0	0	10	47	3.0708557e+02
0	0	10	48	3.2428024e+02
0	0	10	49	3.1646616e+02
0	0	10	50	2.9250824e+02
0	0	10	51	7.9231018e+02
0	0	10	52	9.3260645e+02
0	0	10	53	5.0544913e+02
0	0	10	54	5.5873029e+02
0	0	10	55	6.1274951e+02
0	0	10	56	7.4558990e+02
0	0	10	57	7.4080328e+02
0	0	10	58	7.0986475e+02
0	0	10	59	6.4141669e+02
0	0	10	60	6.8084424e+02
0	0	10	61	4.4361731e+02
0	0	10	62	5.3791766e+02
0	0	10	63	5.5742084e+02
0	0	11	0	-2.3776280e+02
0	0	11	1	-4.9982239e+02
0	0	11	2	-3.2856174e+02
0	0	11	3	-3.4394614e+02
0	0	11	4	-3.6302112e+02
0	0	11	5	-3.6810641e+02
0	0	11	6	-3.1877930e+02
0	0	11	7	-4.2252368e+02
0	0	11	8	-3.9158234e+02
0	0	11	9	-4.9523279e+02
0	0	11	10	-4.1086874e+02
0	0	11	11	-3.5664893e+02
0	0	11	12	-5.6192859e+02
0	0	11	13	-5.2049695e+02
0	0	11	14	-5.4489453e+02
0	0	11	15	-3.2521573e+02
0	0	11	16	-7.5155560e+02
0	0	11	17	-4.7224908e+02
0	0	11	18	-5.6216394e+02
0	0	11	19	-5.0235046e+02
0	0	11	20	-5.2294312e+02
0	0	11	21	-5.1355872e+02
0	0	11	22	-4.5245352e+02
0	0	11	23	-4.6232315e+02
0	0	11	24	-4.8008533e+02
0	0	11	25	-7.5731982e+02
0	0	11	26	-6.6411346e+02
0	0	11	27	-4.7258136e+02
0	0	11	28	-5.6301465e+02
0	0	11	29	-5.5125232e+02
0	0	11	30	-4.8160657e+02
0	0	11	31	-4.8862195e+02
0	0	11	32	-5.2567120e+02
0	0	11	33	-5.2893683e+02
0	0	11	34	1.2210706e+02
0	0	11	35	1.2074662e+02
0	0	11	36	2.8154346e+02
0	0	11	37	1.8040533e+02
0	0	11	38	1.0353992e+02
0	0	11	39	1.1409399e+02
0	0	11	40	2.2712347e+02
0	0	11	41	1.6645850e+02
0	0	11	42	8.2073898e+01
0	0	11	43	1.3332159e+02
0	0	11	44	2.2051836e+02
0	0	11	45	1.3827812e+02
0	0	11	46	1.4951714e+02
0	0	11	47	5.7380730e+01
0	0	11	48	9.9074905e+01
0	0	11	49	1.3362291e+02
0	0	11	50	1.8422708e+02
0	0	11	51	4.4867371e+02
0	0	11	52	6.7682776e+02
0	0	11	53	3.4181250e+02
0	0	11	54	2.6172018e+02
0	0	11	55	4.7493845e+02
0	0	11	56	4.9301602e+02
0	0	11	57	4.8401038e+02
0	0	11	58	4.1219351e+02
0	0	11	59	2.5601035e+02
0	0	11	60	3.5980374e+02
0	0	11	61	3.3589703e+02
0	0	11	62	3.2019403e+02
0	0	11	63	3.7136621e+02
0	0	12	0	-1.2696637e+01
0	0	12	1	-1.2881242e+02
0	0	12	2	-6.3101215e+01
0	0	12	3	-3.6535362e+01
0	0	12	4	-1.3059109e+02
0	0	12	5	-1.2571666e+02
0	0	12	6	-1.5721503e+02
0	0	12	7	-1.5504698e+02
0	0	12	8	-9.8072029e+01
0	0	12	9	-2.0136528e+01
0	0	12	10	-2.2927217e+02
0	0	12	11	-2.3279278e+01
0	0	12	12	-2.5536943e+02
0	0	12	13	-1.1826658e+02
0	0	12	14	-1.4304851e+02
0	0	12	15	-7.1749588e+01
0	0	12	16	-3.3060492e+02
0	0	12	17	-3.0281146e+02
0	0	12	18	-8.9473877e+01
0	0	12	19	-4.1992242e+02
0	0	12	20	-3.4742145e+02
0	0	12	21	-2.8963730e+02
0	0	12	22	-2.3878918e+02
0	0	12	23	-2.4731635e+02
0	0	12	24	-4.0094803e+02
0	0	12	25	-1.4890477e+02
0	0	12	26	-2.8234912e+02
0	0	12	27	-2.7733084e+02
0	0	12	28	-2.1529056e+02
0	0	12	29	-4.1541428e+02
0	0	12	30	-3.0422018e+02
0	0	12	31	-4.1579388e+02
0	0	12	32	-3.5623718e+02
0	0	12	33	-3.3252472e+02
0	0	12	34	4.1004758e+02
0	0	12	35	3.4747577e+02
0	0	12	36	3.2870087e+02
0	0	12	37	3.7930484e+02
0	0	12	38	3.2946652e+02
0	0	12	39	3.3448206e+02
0	0	12	40	3.9749863e+02
0	0	12	41	2.7021585e+02
0	0	12	42	3.8337775e+02
0	0	12	43	3.9055222e+02
0	0	12	44	4.9094550e+02
0	0	12	45	2.9136127e+02
0	0	12	46	4.0692709e+02
0	0	12	47	2.9985187e+02
0	0	12	48	3.9058011e+02
0	0	12	49	3.6527151e+02
0	0	12	50	3.0570294e+02
0	0	12	51	9.6898413e+02
0	0	12	52	8.6223090e+02
0	0	12	53	4.7793579e+02
0	0	12	54	6.1449811e+02
0	0	12	55	6.8091260e+02
0	0	12	56	5.9710632e+02
0	0	12	57	7.6278918e+02
0	0	12	58	5.5346204e+02
0	0	12	59	6.5975488e+02
0	0	12	60	6.1667664e+02
0	0	12	61	5.9491632e+02
0	0	12	62	5.8186462e+02
0	0	12	63	6.2530878e+02
0	0	13	0	-4.3781735e+02
0	0	13	1	-6.7492059e+02
0	0	13	2	-4.3487653e+02
0	0	13	3	-4.6700806e+02
0	0	13	4	-4.3767975e+02
0	0	13	5	-4.5845578e+02
0	0	13	6	-5.0474280e+02
0	0	13	7	-3.9397760e+02
0	0	13	8	-5.3112988e+02
0	0	13	9	-3.7211420e+02
0	0	13	10	-4.1728024e+02
0	0	13	11	-5.8141351e+02
0	0	13	12	-5.0955124e+02
0	0	13	13	-4.4608173e+02
0	0	13	14	-7.2907538e+02
0	0	13	15	-4.5715085e+02
0	0	13	16	-5.9486633e+02
0	0	13	17	-5.8243707e+02
0	0	13	18	-6.5680597e+02
0	0	13	19	-5.6391327e+02
0	0	13	20	-7.4869965e+02
0	0	13	21	-5.6344196e+02
0	0	13	22	-5.6771643e+02
0	0	13	23	-5.4596027e+02
0	0	13	24	-6.2805792e+02
0	0	13	25	-4.7989777e+02
0	0	13	26	-6.6015283e+02
0	0	13	27	-7.3073615e+02
0	0	13	28	-4.9602335e+02
0	0	13	29	-6.1970520e+02
0	0	13	30	-5.7773279e+02
0	0	13	31	-8.5836475e+02
0	0	13	32	-5.8150092e+02
0	0	13	33	-5.2048077e+02
0	0	13	34	1.1153890e+02
0	0	13	35	1.8707794e+01
0	0	13	36	-1.0336192e+02
0	0	13	37	1.6233929e+02
0	0	13	38	2.5380962e+01
0	0	13	39	5.4699509e+01
0	0	13	40	5.9444386e+01
0	0	13	41	-5.5267835e+00
0	0	13	42	7.1505013e+01
0	0	13	43	8.5902588e+01
0	0	13	44	1.4663379e+02
0	0	13	45	6.3877232e+01
0	0	13	46	1.0363020e+02
0	0	13	47	4.8233845e+01
0	0	13	48	1.0743670e+02
0	0	13	49	6.6261208e+01
0	0	13	50	2.9782789e+00
0	0	13	51	7.1215601e+02
0	0	13	52	7.6503809e+02
0	0	13	53	7.7267288e+01
0	0	13	54	5.6971356e+02
0	0	13	55	3.7676349e+02
0	0	13	56	6.0011719e+02
0	0	13	57	3.3325375e+02
0	0	13	58	4.6161884e+02
0	0	13	59	3.6964642e+02
0	0	13	60	3.4873868e+02
0	0	13	61	3.6931052e+02
0	0	13	62	3.4570862e+02
0	0	13	63	3.0738614e+02
0	0	14	0	-1.2233891e+02
0	0	14	1	-1.5432787e+02
0	0	14	2	-2.2661539e+02
0	0	14	3	-2.2574757e+02
0	0	14	4	-2.3040567e+02
0	0	14	5	-3.4404669e+02
0	0	14	6	-2.3970984e+02
0	0	14	7	-2.0791631e+02
0	0	14	8	-3.3228452e+02
0	0	14	9	-1.3128285e+02
0	0	14	10	-3.5678036e+02
0	0	14	11	-2.2440144e+02
0	0	14	12	-4.5641214e+02
0	0	14	13	-2.7608621e+02
0	0	14	14	-3.3516360e+02
0	0	14	15	-2.3326805e+02
0	0	14	16	-3.7509906e+02
0	0	14	17	-3.4620947e+02
0	0	14	18	-4.0486374e+02
0	0	14	19	-2.8949081e+02
0	0	14	20	-3.4827023e+02
0	0	14	21	-3.2109885e+02
0	0	14	22	-3.6170822e+02
0	0	14	23	-2.6445139e+02
0	0	14	24	-4.0947858e+02
0	0	14	25	-3.8414923e+02
0	0	14	26	-3.0275986e+02
0	0	14	27	-2.6149939e+02
0	0	14	28	-2.7149356e+02
0	0	14	29	-3.7485947e+02
0	0	14	30	-4.6656781e+02
0	0	14	31	-4.9458014e+02
0	0	14	32	-3.7403329e+02
0	0	14	33	-2.6401755e+02
0	0	14	34	1.0506918e+02
0	0	14	35	-2.3339565e+01
0	0	14	36	3.0990286e+02
0	0	14	37	1.7110898e+02
0	0	14	38	1.4613290e+02
0	0	14	39	4.8164169e+01
0	0	14	40	1.7219995e+02
0	0	14	41	7.7052162e+01
0	0	14	42	1.9991057e+02
0	0	14	43	6.0695061e+01
0	0	14	44	3.1254199e+02
0	0	14	45	2.6615729e+02
0	0	14	46	2.9320142e+02
0	0	14	47	1.2568248e+02
0	0	14	48	2.8865665e+02
0	0	14	49	2.5202144e+02
0	0	14	50	1.0521199e+02
0	0	14	51	8.1685388e+02
0	0	14	52	7.7607343e+02
0	0	14	53	4.6438632e+02
0	0	14	54	4.0207092e+02
0	0	14	55	5.0782767e+02
0	0	14	56	6.3723651e+02
0	0	14	57	6.4619354e+02
0	0	14	58	4.6072342e+02
0	0	14	59	4.9063318e+02
0	0	14	60	5.0143536e+02
0	0	14	61	2.4338315e+02
0	0	14	62	3.4312320e+02
0	0	14	63	4.9479971e+02
0	0	15	0	4.9269009e+01
0	0	15	1	-6.4079834e+01
0	0	15	2	-1.8637805e+02
0	0	15	3	-2.4621846e+02
0	0	15	4	-3.2393616e+02
0	0	15	5	-1.0152102e+02
0	0	15	6	-3.3056119e+02
0	0	15	7	-8.3206375e+01
0	0	15	8	-2.0615828e+02
0	0	15	9	-7.1854561e+01
0	0	15	10	-1.2443370e+02
0	0	15	11	-2.5719724e+02
0	0	15	12	-3.0555179e+02
0	0	15	13	-2.7023541e+02
0	0	15	14	-2.3966634e+02
0	0	15	15	-1.8941743e+02
0	0	15	16	-1.3614630e+02
0	0	15	17	-4.2056540e+02
0	0	15	18	-3.3635867e+02
0	0	15	19	3.7311558e+03
0	0	15	20	-2.9151401e+02
0	0	15	21	-3.1548401e+02
0	0	15	22	-3.2967487e+02
0	0	15	23	-2.9418127e+02
0	0	15	24	-2.9626630e+02
0	0	15	25	-3.3299384e+02
0	0	15	26	-5.1265991e+02
0	0	15	27	-5.1093658e+02
0	0	15	28	-1.8561975e+02
0	0	15	29	-3.2091052e+02
0	0	15	30	-3.1129480e+02
0	0	15	31	-4.0479990e+02
0	0	15	32	-3.1619180e+02
0	0	15	33	-5.0719449e+02
0	0	15	34	1.4639026e+02
0	0	15	35	1.8162610e+02
0	0	15	36	2.7999500e+02
0	0	15	37	2.6049405e+02
0	0	15	38	2.5063808e+02
0	0	15	39	2.0850131e+02
0	0	15	40	2.9847723e+02
0	0	15	41	2.3432930e+02
0	0	15	42	2.5461929e+02
0	0	15	43	1.5651474e+02
0	0	15	44	2.1874239e+02
0	0	15	45	1.2152486e+02
0	0	15	46	1.4264049e+02
0	0	15	47	2.1626825e+02
0	0	15	48	2.3666826e+02
0	0	15	49	2.2575977e+02
0	0	15	50	3.1777167e+02
0	0	15	51	8.9253320e+02
0	0	15	52	7.5507758e+02
0	0	15	53	5.0674152e+02
0	0	15	54	3.6193234e+02
0	0	15	55	3.9988504e+02
0	0	15	56	7.6562616e+02
0	0	15	57	7.1861627e+02
0	0	15	58	4.0349911e+02
0	0	15	59	5.4874982e+02
0	0	15	60	5.2015204e+02
0	0	15	61	5.3115070e+02
0	0	15	62	5.8345532e+02
0	0	15	63	6.0554639e+02
0	1	0	0	2.0451401e+01
0	1	0	1	-2.8555664e+01
0	1	0	2	-2.3439899e+01
0	1	0	3	2.0568340e+01
0	1	0	4	-2.0672649e+01
0	1	0	5	-1.6282491e+02
0	1	0	6	-8.1054672e+01
0	1	0	7	1.1158790e+01
0	1	0	8	-1.9456281e+02
0	1	0	9	5.2702091e+01
0	1	0	10	-2.6696001e+01
0	1	0	11	-1.6332469e+02
0	1	0	12	-2.7897936e+01
0	1	0	13	-8.8214165e+01
0	1	0	14	-8.4689283e+00
0	1	0	15	2.5077187e+01
0	1	0	16	-1.9823268e+02
0	1	0	17	-3.5624847e+02
0	1	0	18	-1.2120210e+02
0	1	0	19	-1.9562248e+02
0	1	0	20	-1.6420485e+02
0	1	0	21	-1.0689426e+02
0	1	0	22	-1.4134810e+02
0	1	0	23	-1.7023581e+02
0	1	0	24	-1.5033742e+02
0	1	0	25	-2.6999243e+02
0	1	0	26	-2.0702344e+02
0	1	0	27	-4.1085269e+02
0	1	0	28	-4.1988840e+02
0	1	0	29	-2.0834035e+02
0	1	0	30	-2.2599997e+02
0	1	0	31	-1.2289117e+02
0	1	0	32	-1.8530492e+02
0	1	0	33	-2.2514763e+02
0	1	0	34	2.7095273e+02
0	1	0	35	4.2287900e+02
0	1	0	36	3.7942883e+02
0	1	0	37	3.2092874e+02
0	1	0	38	3.5656403e+02
0	1	0	39	2.4801587e+02
0	1	0	40	1.9780122e+02
0	1	0	41	2.4516708e+02
0	1	0	42	2.7091623e+02
0	1	0	43	2.6296545e+02
0	1	0	44	1.5399336e+02
0	1	0	45	2.0171602e+02
0	1	0	46	2.5071667e+02
0	1	0	47	3.0639877e+02
0	1	0	48	6.1729252e+01
0	1	0	49	1.6010399e+02
0	1	0	50	2.6479648e+02
0	1	0	51	7.6605945e+02
0	1	0	52	6.6506830e+02
0	1	0	53	2.5475070e+02
0	1	0	54	3.8397409e+02
0	1	0	55	5.0036215e+02
0	1	0	56	6.8035254e+02
0	1	0	57	4.9388739e+02
0	1	0	58	6.4160614e+02
0	1	0	59	2.4309911e+02
0	1	0	60	4.4738718e+02
0	1	0	61	4.6292200e+02
0	1	0	62	6.4310101e+02
0	1	0	63	5.0570020e+02
0	1	1	0	-3.8683444e+02
0	1	1	1	-4.7147479e+02
0	1	1	2	-2.9080661e+02
0	1	1	3	-6.0574902e+02
0	1	1	4	-3.9207565e+02
0	1	1	5	-5.1204077e+02
0	1	1	6	-4.2943155e+02
0	1	1	7	-5.9391223e+02
0	1	1	8	-3.8466617e+02
0	1	1	9	-1.8037050e+02
0	1	1	10	-4.8903424e+02
0	1	1	11	-3.2767566e+02
0	1	1	12	-5.4491766e+02
0	1	1	13	-5.2139490e+02
0	1	1	14	-5.2236951e+02
0	1	1	15	-5.0196494e+02
0	1	1	16	-6.3099072e+02
0	1	1	17	-5.5073877e+02
0	1	1	18	-6.4835730e+02
0	1	1	19	-5.2357916e+02
0	1	1	20	-6.1056421e+02
0	1	1	21	-5.6372382e+02
0	1	1	22	-5.8606604e+02
0	1	1	23	-5.4052808e+02
0	1	1	24	-5.9919611e+02
0	1	1	25	-5.6864984e+02
0	1	1	26	-8.1587067e+02
0	1	1	27	-4.4235214e+02
0	1	1	28	-5.7971069e+02
0	1	1	29	-4.2309293e+02
0	1	1	30	-5.6742871e+02
0	1	1	31	-4.7507394e+02
0	1	1	32	-5.0079788e+02
0	1	1	33	-4.4284567e+02
0	1	1	34	1.7499712e+02
0	1	1	35	8.0963913e+01
0	1	1	36	2.2972495e+02
0	1	1	37	1.2897610e+02
0	1	1	38	1.8148181e+02
0	1	1	39	2.2930998e+02
0	1	1	40	2.9187579e+02
0	1	1	41	1.5748253e+02
0	1	1	42	3.0593820e+02
0	1	1	43	2.4444862e+02
0	1	1	44	2.9540527e+02
0	1	1	45	1.0905001e+02
0	1	1	46	3.2003604e+02
0	1	1	47	1.1800253e+02
0	1	1	48	2.3672108e+02
0	1	1	49	3.1269720e+02
0	1	1	50	2.9249597e+02
0	1	1	51	5.3697833e+02
0	1	1	52	5.4125232e+02
0	1	1	53	3.6247018e+02
0	1	1	54	3.6996967e+02
0	1	1	55	4.3553818e+02
0	1	1	56	5.5838391e+02
0	1	1	57	5.4386322e+02
0	1	1	58	4.5795309e+02
0	1	1	59	2.2665666e+02
0	1	1	60	3.3042831e+02
0	1	1	61	3.3558224e+02
0	1	1	62	3.1800717e+02
0	1	1	63	6.0298834e+02
0	1	2	0	-1.9977895e+02
0	1	2	1	-2.4570216e+02
0	1	2	2	-1.8071695e+02
0	1	2	3	-2.7164056e+02
0	1	2	4	-3.3516687e+02
0	1	2	5	-2.8490845e+02
0	1	2	6	-2.7097797e+02
0	1	2	7	-2.5853513e+02
0	1	2	8	-2.1940742e+02
0	1	2	9	-2.7163498e+02
0	1	2	10	-3.4161652e+02
0	1	2	11	-2.6958795e+02
0	1	2	12	-3.5618106e+02
0	1	2	13	-3.6118726e+02
0	1	2	14	-3.9020157e+02
0	1	2	15	-2.6748090e+02
0	1	2	16	-4.1522281e+02
0	1	2	17	-4.5425256e+02
0	1	2	18	-4.1252606e+02
0	1	2	19	-3.8503387e+02
0	1	2	20	-4.7966360e+02
0	1	2	21	-4.0849841e+02
0	1	2	22	-3.7545782e+02
0	1	2	23	-2.7491486e+02
0	1	2	24	-4.2974805e+02
0	1	2	25	-3.7882495e+02
0	1	2	26	-4.4633838e+02
0	1	2	27	-4.0661221e+02
0	1	2	28	-3.2639429e+02
0	1	2	29	-3.8930502e+02
0	1	2	30	-5.5041370e+02
0	1	2	31	-5.0950223e+02
0	1	2	32	-3.6685712e+02
0	1	2	33	-2.9516336e+02
0	1	2	34	2.2788156e+02
0	1	2	35	1.9383629e+02
0	1	2	36	-1.6191380e+01
0	1	2	37	1.5066534e+02
0	1	2	38	2.2099214e+02
0	1	2	39	1.9922554e+02
0	1	2	40	1.8666635e+02
0	1	2	41	2.1357939e+02
0	1	2	42	2.5423494e+02
0	1	2	43	2.7025195e+02
0	1	2	44	2.9320932e+02
0	1	2	45	1.5166339e+02
0	1	2	46	1.7650696e+02
0	1	2	47	2.2815591e+02
0	1	2	48	2.4901727e+02
0	1	2	49	2.0495740e+02
0	1	2	50	2.8103973e+01
0	1	2	51	8.4721997e+02
0	1	2	52	8.9103717e+02
0	1	2	53	5.1463037e+02
0	1	2	54	3.6559341e+02
0	1	2	55	5.2671790e+02
0	1	2	56	6.3733899e+02
0	1	2	57	5.9076697e+02
0	1	2	58	3.5118256e+02
0	1	2	59	4.2797061e+02
0	1	2	60	5.0587723e+02
0	1	2	61	3.7867175e+02
0	1	2	62	3.3880963e+02
0	1	2	63	5.6303955e+02
0	1	3	0	-2.4236623e+02
0	1	3	1	-2.5274446e+02
0	1	3	2	-2.7846381e+02
0	1	3	3	-1.8630847e+02
0	1	3	4	-3.7909634e+02
0	1	3	5	-2.7031677e+02
0	1	3	6	-3.2440753e+02
0	1	3	7	-2.1537164e+02
0	1	3	8	-3.6117178e+02
0	1	3	9	-2.4438448e+02
0	1	3	10	-3.2617529e+02
0	1	3	11	-3.0397858e+02
0	1	3	12	-3.8690463e+02
0	1	3	13	-4.0993491e+02
0	1	3	14	-3.9632791e+02
0	1	3	15	-4.4911572e+02
0	1	3	16	-4.0284747e+02
0	1	3	17	-5.8564233e+02
0	1	3	18	-4.5742618e+02
0	1	3	19	-3.7472452e+02
0	1	3	20	-4.1196988e+02
0	1	3	21	-4.9130933e+02
0	1	3	22	-3.9776010e+02
0	1	3	23	-3.8997522e+02
0	1	3	24	-4.0700568e+02
0	1	3	25	-4.5500848e+02
0	1	3	26	-5.8274170e+02
0	1	3	27	-3.8843420e+02
0	1	3	28	-5.2944104e+02
0	1	3	29	-4.0625729e+02
0	1	3	30	-4.9379938e+02
0	1	3	31	-5.2564172e+02
0	1	3	32	-3.7223889e+02
0	1	3	33	-3.8285922e+02
0	1	3	34	7.2265083e+01
0	1	3	35	1.7564526e+02
0	1	3	36	2.0277647e+02
0	1	3	37	2.3283504e+02
0	1	3	38	1.3374300e+02
0	1	3	39	1.8539238e+02
0	1	3	40	2.8025980e+02
0	1	3	41	5.7395390e+01
0	1	3	42	1.2307198e+02
0	1	3	43	2.3298714e+02
0	1	3	44	2.0920721e+02
0	1	3	45	2.7178372e+02
0	1	3	46	2.2898598e+02
0	1	3	47	1.6168373e+02
0	1	3	48	2.1353845e+02
0	1	3	49	1.7988492e+02
0	1	3	50	2.8740094e+02
0	1	3	51	6.9680365e+02
0	1	3	52	6.6720959e+02
0	1	3	53	3.2447107e+02
0	1	3	54	3.0458228e+02
0	1	3	55	4.4081638e+02
0	1	3	56	6.7393304e+02
0	1	3	57	5.4397949e+02
0	1	3	58	4.2315091e+02
0	1	3	59	4.7472916e+02
0	1	3	60	4.5431808e+02
0	1	3	61	4.3378799e+02
0	1	3	62	3.4784738e+02
0	1	3	63	5.4665948e+02
0	1	4	0	-5.0894736e+02
0	1	4	1	-4.5792487e+02
0	1	4	2	-2.0340363e+02
0	1	4	3	-2.9668008e+02
0	1	4	4	-3.1198584e+02
0	1	4	5	-4.7420859e+02
0	1	4	6	-3.5853226e+02
0	1	4	7	-4.5181253e+02
0	1	4	8	-4.3432669e+02
0	1	4	9	-2.9864331e+02
0	1	4	10	-4.1587122e+02
0	1	4	11	-3.0843338e+02
0	1	4	12	-3.5010687e+02
0	1	4	13	-4.0301443e+02
0	1	4	14	-5.1698273e+02
0	1	4	15	-2.5045377e+02
0	1	4	16	-5.4458673e+02
0	1	4	17	-4.8169516e+02
0	1	4	18	-3.2903760e+02
0	1	4	19	-7.0775061e+02
0	1	4	20	-3.0359253e+02
0	1	4	21	-4.0454834e+02
0	1	4	22	-5.4381854e+02
0	1	4	23	-3.5024753e+02
0	1	4	24	-4.5946432e+02
0	1	4	25	-3.7941296e+02
0	1	4	26	-5.2434656e+02
0	1	4	27	-4.4765057e+02
0	1	4	28	-4.2331210e+02
0	1	4	29	-5.0149326e+02
0	1	4	30	-4.6569153e+02
0	1	4	31	-4.5006302e+02
0	1	4	32	-4.8187616e+02
0	1	4	33	-4.5490097e+02
0	1	4	34	1.7557156e+02
0	1	4	35	2.5301955e+02
0	1	4	36	1.7067679e+02
0	1	4	37	8.1440048e+01
0	1	4	38	5.0312763e+01
0	1	4	39	8.9992859e+01
0	1	4	40	6.6836044e+01
0	1	4	41	-1.4579850e+00
0	1	4	42	6.5113152e+01
0	1	4	43	1.2868556e+02
0	1	4	44	1.5607599e+02
0	1	4	45	4.0968513e+00
0	1	4	46	4.4545635e+01
0	1	4	47	8.8997360e+01
0	1	4	48	-6.3381626e+01
0	1	4	49	4.9195499e+01
0	1	4	50	1.7565549e+02
0	1	4	51	5.4945984e+02
0	1	4	52	6.4706134e+02
0	1	4	53	3.9831726e+02
0	1	4	54	3.5085565e+02
0	1	4	55	2.1580777e+02
0	1	4	56	6.5186316e+02
0	1	4	57	5.7710486e+02
0	1	4	58	5.0528848e+02
0	1	4	59	3.7596594e+02
0	1	4	60	4.6748868e+02
0	1	4	61	3.2899704e+02
0	1	4	62	2.6918622e+02
0	1	4	63	4.3011456e+02
0	1	5	0	-2.6367780e+02
0	1	5	1	-2.1955527e+02
0	1	5	2	-3.8602002e+02
0	1	5	3	-1.2081524e+02
0	1	5	4	-3.0453308e+02
0	1	5	5	-1.7906715e+02
0	1	5	6	-2.5645401e+02
0	1	5	7	-2.9990875e+02
0	1	5	8	-2.4099945e+02
0	1	5	9	-1.8807251e+02
0	1	5	10	-3.6971667e+02
0	1	5	11	-2.9892239e+02
0	1	5	12	-4.1967163e+02
0	1	5	13	-3.1381808e+02
0	1	5	14	-3.4839102e+02
0	1	5	15	-3.6371860e+02
0	1	5	16	-2.7307544e+02
0	1	5	17	-4.2080679e+02
0	1	5	18	-3.6457401e+02
0	1	5	19	-5.7173987e+02
0	1	5	20	-5.8244202e+02
0	1	5	21	-4.5198883e+02
0	1	5	22	-5.7252399e+02
0	1	5	23	-3.5715619e+02
0	1	5	24	-3.8175540e+02
0	1	5	25	-3.1786008e+02
0	1	5	26	-3.2452335e+02
0	1	5	27	-3.3664804e+02
0	1	5	28	-4.5344614e+02
0	1	5	29	-2.9940298e+02
0	1	5	30	-2.8969360e+02
0	1	5	31	-3.8133255e+02
0	1	5	32	-3.9383524e+02
0	1	5	33	-4.4637424e+02
0	1	5	34	2.8841330e+02
0	1	5	35	2.3978316e+02
0	1	5	36	2.7590958e+02
0	1	5	37	8.5734283e+01
0	1	5	38	2.4733853e+02
0	1	5	39	2.1892081e+02
0	1	5	40	2.8184528e+02
0	1	5	41	2.0960388e+02
0	1	5	42	2.2386101e+02
0	1	5	43	1.6293748e+02
0	1	5	44	4.6490192e+02
0	1	5	45	1.3036217e+02
0	1	5	46	2.2523766e+02
0	1	5	47	2.6470584e+02
0	1	5	48	3.7428180e+02
0	1	5	49	4.5396405e+02
0	1	5	50	3.4002295e+02
0	1	5	51	6.3713013e+02
0	1	5	52	7.7046130e+02
0	1	5	53	4.6824933e+02
0	1	5	54	5.0454483e+02
0	1	5	55	4.9829767e+02
0	1	5	56	7.5072662e+02
0	1	5	57	6.4891730e+02
0	1	5	58	3.8462164e+02
0	1	5	59	4.1443881e+02
0	1	5	60	7.1426624e+02
0	1	5	61	3.9570016e+02
0	1	5	62	4.4293930e+02
0	1	5	63	7.3212579e+02
0	1	6	0	-3.0296613e+02
0	1	6	1	-3.2839835e+02
0	1	6	2	-2.8189380e+02
0	1	6	3	-3.6751135e+02
0	1	6	4	-3.9389771e+02
0	1	6	5	-3.5092392e+02
0	1	6	6	-3.2988989e+02
0	1	6	7	-3.2873340e+02
0	1	6	8	-3.1146225e+02
0	1	6	9	-3.0618033e+02
0	1	6	10	-3.6210367e+02
0	1	6	11	-4.7548047e+02
0	1	6	12	-4.5250778e+02
0	1	6	13	-3.1376990e+02
0	1	6	14	-3.1777747e+02
0	1	6	15	-2.8441043e+02
0	1	6	16	-5.0480627e+02
0	1	6	17	-5.2862793e+02
0	1	6	18	-4.3328152e+02
0	1	6	19	-4.7619461e+02
0	1	6	20	-6.4665082e+02
0	1	6	21	-4.3327408e+02
0	1	6	22	-4.4980640e+02
0	1	6	23	-4.6056821e+02
0	1	6	24	-4.2453238e+02
0	1	6	25	-4.7985791e+02
0	1	6	26	-6.5712494e+02
0	1	6	27	-6.0759644e+02
0	1	6	28	-4.4199954e+02
0	1	6	29	-3.1015973e+02
0	1	6	30	-4.1460229e+02
0	1	6	31	-4.5764539e+02
0	1	6	32	-4.7829214e+02
0	1	6	33	-4.2244925e+02
0	1	6	34	1.4861522e+02
0	1	6	35	2.2376268e+02
0	1	6	36	1.7780502e+01
0	1	6	37	2.2335333e+02
0	1	6	38	1.9964108e+02
0	1	6	39	1.7680946e+02
0	1	6	40	2.1460684e+02
0	1	6	41	1.7580508e+02
0	1	6	42	2.9669055e+02
0	1	6	43	2.5358041e+02
0	1	6	44	8.3935875e+01
0	1	6	45	1.2302260e+02
0	1	6	46	3.0404572e+02
0	1	6	47	6.4434387e+01
0	1	6	48	2.3835988e+02
0	1	6	49	9.8282997e+01
0	1	6	50	1.4774075e+02
0	1	6	51	8.4049213e+02
0	1	6	52	7.5158435e+02
0	1	6	53	3.9122839e+02
0	1	6	54	2.1381535e+02
0	1	6	55	5.0245776e+02
0	1	6	56	6.2896088e+02
0	1	6	57	6.1589459e+02
0	1	6	58	5.6545477e+02
0	1	6	59	4.4370450e+02
0	1	6	60	4.8083710e+02
0	1	6	61	4.4894836e+02
0	1	6	62	4.3226688e+02
0	1	6	63	4.1076813e+02
0	1	7	0	-2.9042395e+02
0	1	7	1	-3.8354327e+02
0	1	7	2	-4.3050052e+02
0	1	7	3	-3.7296112e+02
0	1	7	4	-5.4951947e+02
0	1	7	5	-3.6841406e+02
0	1	7	6	-4.3036163e+02
0	1	7	7	-4.0789780e+02
0	1	7	8	-5.9386353e+02
0	1	7	9	-4.2734720e+02
0	1	7	10	-5.2596448e+02
0	1	7	11	-4.5208691e+02
0	1	7	12	-5.4366577e+02
0	1	7	13	-4.4205942e+02
0	1	7	14	-5.3650433e+02
0	1	7	15	-4.3332532e+02
0	1	7	16	-7.1837146e+02
0	1	7	17	-5.9950854e+02
0	1	7	18	-6.0383606e+02
0	1	7	19	-7.0852856e+02
0	1	7	20	-6.9319977e+02
0	1	7	21	-6.2388818e+02
0	1	7	22	-6.3349677e+02
0	1	7	23	-4.9673877e+02
0	1	7	24	-6.5884033e+02
0	1	7	25	-5.1162473e+02
0	1	7	26	-5.7319202e+02
0	1	7	27	-6.5013214e+02
0	1	7	28	-5.0103793e+02
0	1	7	29	-6.7301196e+02
0	1	7	30	-5.8670361e+02
0	1	7	31	-7.5156622e+02
0	1	7	32	-6.5106281e+02
0	1	7	33	-6.7840723e+02
0	1	7	34	8.7153908e+01
0	1	7	35	-4.2495975e+00
0	1	7	36	8.6286407e+01
0	1	7	37	2.7139751e+01
0	1	7	38	1.4053152e+02
0	1	7	39	2.7042145e+01
0	1	7	40	8.5550758e+01
0	1	7	41	1.1762975e+02
0	1	7	42	9.9521622e+01
0	1	7	43	1.2091530e+01
0	1	7	44	4.1292843e+01
0	1	7	45	7.8837639e+01
0	1	7	46	8.0690430e+01
0	1	7	47	1.4450293e+02
0	1	7	48	3.4002949e+01
0	1	7	49	-7.5855927e+01
0	1	7	50	4.5308331e+01
0	1	7	51	4.9279004e+02
0	1	7	52	6.1874866e+02
0	1	7	53	2.6523151e+02
0	1	7	54	2.8724075e+02
0	1	7	55	2.5980157e+02
0	1	7	56	3.9244519e+02
0	1	7	57	3.7516330e+02
0	1	7	58	3.4941074e+02
0	1	7	59	2.9520004e+02
0	1	7	60	3.1519708e+02
0	1	7	61	8.3508308e+01
0	1	7	62	2.8842395e+02
0	1	7	63	1.9511703e+02
0	1	8	0	-3.1351532e+02
0	1	8	1	-3.3369617e+02
0	1	8	2	-3.7860306e+02
0	1	8	3	-3.3894925e+02
0	1	8	4	-4.1443896e+02
0	1	8	5	-3.2878870e+02
0	1	8	6	-3.7337091e+02
0	1	8	7	-3.1915543e+02
0	1	8	8	-3.9008389e+02
0	1	8	9	-3.1279132e+02
0	1	8	10	-3.3596359e+02
0	1	8	11	-2.9496753e+02
0	1	8	12	-5.5098358e+02
0	1	8	13	-3.6648236e+02
0	1	8	14	-3.6262662e+02
0	1	8	15	-4.0260437e+02
0	1	8	16	-6.0668683e+02
0	1	8	17	-4.7024994e+02
0	1	8	18	-6.8353619e+02
0	1	8	19	-4.9057953e+02
0	1	8	20	-4.5935873e+02
0	1	8	21	-4.5667725e+02
0	1	8	22	-4.6242871e+02
0	1	8	23	-6.6896765e+02
0	1	8	24	-4.7342450e+02
0	1	8	25	-5.0079773e+02
0	1	8	26	-4.8094455e+02
0	1	8	27	-5.2868134e+02
0	1	8	28	-6.4809485e+02
0	1	8	29	-5.5871826e+02
0	1	8	30	-4.6149280e+02
0	1	8	31	-5.5638928e+02
0	1	8	32	-6.6659619e+02
0	1	8	33	-5.1253137e+02
0	1	8	34	9.6522209e+01
0	1	8	35	1.0793837e+02
0	1	8	36	1.4392400e+02
0	1	8	37	1.8771750e+02
0	1	8	38	1.6516211e+02
0	1	8	39	1.7511656e+02
0	1	8	40	1.4620766e+02
0	1	8	41	1.5092244e+02
0	1	8	42	1.4118819e+02
0	1	8	43	2.1080048e+02
0	1	8	44	2.2808925e+02
0	1	8	45	1.7236581e+02
0	1	8	46	2.4471379e+02
0	1	8	47	1.3395245e+02
0	1	8	48	1.7762071e+02
0	1	8	49	9.5670837e+01
0	1	8	50	1.9152798e+02
0	1	8	51	7.3691449e+02
0	1	8	52	7.5553613e+02
0	1	8	53	3.5102914e+02
0	1	8	54	3.9055569e+02
0	1	8	55	4.6000436e+02
0	1	8	56	5.7220459e+02
0	1	8	57	5.6279010e+02
0	1	8	58	4.0533606e+02
0	1	8	59	3.6813931e+02
0	1	8	60	2.1141859e+02
0	1	8	61	3.4950525e+02
0	1	8	62	3.7103915e+02
0	1	8	63	2.7464557e+02
0	1	9	0	-2.6710803e+02
0	1	9	1	-4.7705347e+02
0	1	9	2	-2.8461966e+02
0	1	9	3	-2.5220120e+02
0	1	9	4	-4.1982349e+02
0	1	9	5	-3.1026019e+02
0	1	9	6	-4.8894653e+02
0	1	9	7	-2.2173749e+02
0	1	9	8	-2.5853503e+02
0	1	9	9	-3.8501062e+02
0	1	9	10	-2.6744849e+02
0	1	9	11	-2.5891605e+02
0	1	9	12	-3.9523642e+02
0	1	9	13	-4.2437662e+02
0	1	9	14	-6.3620251e+02
0	1	9	15	-4.9053485e+02
0	1	9	16	-4.4955341e+02
0	1	9	17	-4.2324753e+02
0	1	9	18	-5.1214545e+02
0	1	9	19	-3.7769424e+02
0	1	9	20	-4.3482217e+02
0	1	9	21	-3.2105121e+02
0	1	9	22	-4.4587939e+02
0	1	9	23	-4.6280597e+02
0	1	9	24	-5.0907288e+02
0	1	9	25	-3.8735141e+02
0	1	9	26	-3.8481323e+02
0	1	9	27	-4.5049728e+02
0	1	9	28	-3.9177429e+02
0	1	9	29	-5.3383997e+02
0	1	9	30	-4.4174695e+02
0	1	9	31	-6.4035419e+02
0	1	9	32	-4.4606494e+02
0	1	9	33	-6.0361462e+02
0	1	9	34	1.2569808e+02
0	1	9	35	5.7519390e+01
0	1	9	36	1.1171174e+02
0	1	9	37	-6.3452446e+01
0	1	9	38	1.9021794e+02
0	1	9	39	7.2962891e+01
0	1	9	40	6.5661934e+01
0	1	9	41	-6.0625526e+01
0	1	9	42	2.6129056e+02
0	1	9	43	2.3673146e+02
0	1	9	44	2.4284505e+02
0	1	9	45	-4.1511356e+01
0	1	9	46	2.2837862e+02
0	1	9	47	1.6613297e+02
0	1	9	48	1.9238158e+02
0	1	9	49	1.5385107e+02
0	1	9	50	1.8637669e+02
0	1	9	51	7.4502698e+02
0	1	9	52	6.4222882e+02
0	1	9	53	3.5887756e+02
0	1	9	54	4.5652609e+02
0	1	9	55	3.5919202e+02
0	1	9	56	4.6572546e+02
0	1	9	57	6.2137982e+02
0	1	9	58	4.1624561e+02
0	1	9	59	2.8654254e+02
0	1	9	60	3.8671396e+02
0	1	9	61	3.4200351e+02
0	1	9	62	3.9091183e+02
0	1	9	63	3.2058698e+02
0	1	10	0	-2.8449484e+02
0	1	10	1	-3.1267514e+02
0	1	10	2	-2.4929962e+02
0	1	10	3	-3.5956180e+02
0	1	10	4	-3.3757474e+02
0	1	10	5	-3.1435788e+02
0	1	10	6	-3.6483456e+02
0	1	10	7	-3.7076773e+02
0	1	10	8	-3.0309122e+02
0	1	10	9	-2.4617711e+02
0	1	10	10	-3.9276599e+02
0	1	10	11	-2.6963110e+02
0	1	10	12	-3.9042471e+02
0	1	10	13	-3.4351688e+02
0	1	10	14	-4.1044403e+02
0	1	10	15	-2.9735266e+02
0	1	10	16	-4.4509979e+02
0	1	10	17	-6.8855249e+02
0	1	10	18	-4.3659085e+02
0	1	10	19	-4.8266397e+02
0	1	10	20	-3.0520987e+02
0	1	10	21	-5.0947003e+02
0	1	10	22	-4.3578842e+02
0	1	10	23	-4.9085202e+02
0	1	10	24	-6.6458197e+02
0	1	10	25	-4.1168640e+02
0	1	10	26	-4.7828201e+02
0	1	10	27	-5.1037329e+02
0	1	10	28	-4.3838095e+02
0	1	10	29	-5.3043170e+02
0	1	10	30	-6.1367804e+02
0	1	10	31	-4.8595615e+02
0	1	10	32	-4.8762415e+02
0	1	10	33	-5.4158551e+02
0	1	10	34	-8.1344284e+01
0	1	10	35	3.1067717e+00
0	1	10	36	1.2102705e+02
0	1	10	37	-6.7128998e+01
0	1	10	38	-2.7353466e+01
0	1	10	39	-3.7579193e+01
0	1	10	40	1.0714841e+02
0	1	10	41	-9.3791290e+01
0	1	10	42	-4.3882465e+01
0	1	10	43	-1.4444975e+02
0	1	10	44	2.8408047e+01
0	1	10	45	1.9094385e+01
0	1	10	46	-2.2905386e+01
0	1	10	47	-1.7347641e+02
0	1	10	48	6.6767049e+00
0	1	10	49	1.0910000e+01
0	1	10	50	3.6196201e+01
0	1	10	51	4.7274966e+02
0	1	10	52	3.9375958e+02
0	1	10	53	1.4209160e+02
0	1	10	54	1.8576009e+02
0	1	10	55	2.2967247e+02
0	1	10	56	4.1167590e+02
0	1	10	57	4.5753595e+02
0	1	10	58	3.1719095e+02
0	1	10	59	2.9698273e+02
0	1	10	60	2.9507520e+02
0	1	10	61	1.8887152e+02
0	1	10	62	3.5224731e+02
0	1	10	63	3.7347440e+02
0	1	11	0	-1.1255780e+02
0	1	11	1	-2.2886777e+02
0	1	11	2	-1.3210820e+02
0	1	11	3	-1.5729817e+02
0	1	11	4	-2.7243887e+02
0	1	11	5	-2.5690161e+02
0	1	11	6	-1.6048357e+02
0	1	11	7	-1.9592258e+02
0	1	11	8	-2.4168791e+02
0	1	11	9	-7.8268257e+01
0	1	11	10	-1.5943961e+02
0	1	11	11	-3.3924240e+01
0	1	11	12	-2.5961807e+02
0	1	11	13	-1.8784476e+02
0	1	11	14	-3.5375900e+02
0	1	11	15	-2.5151959e+02
0	1	11	16	-3.2302344e+02
0	1	11	17	-5.5811255e+02
0	1	11	18	-3.2371072e+02
0	1	11	19	-4.8659885e+02
0	1	11	20	-4.1287720e+02
0	1	11	21	-3.9432736e+02
0	1	11	22	-3.2153070e+02
0	1	11	23	-3.2093124e+02
0	1	11	24	-3.6240317e+02
0	1	11	25	-3.5402737e+02
0	1	11	26	-2.8147726e+02
0	1	11	27	-1.6380705e+02
0	1	11	28	-3.7374530e+02
0	1	11	29	-3.1191498e+02
0	1	11	30	-3.7292142e+02
0	1	11	31	-3.4186710e+02
0	1	11	32	-3.5296548e+02
0	1	11	33	-4.2921304e+02
0	1	11	34	2.1705748e+02
0	1	11	35	1.8456380e+02
0	1	11	36	2.2623094e+02
0	1	11	37	2.5748569e+02
0	1	11	38	2.6870703e+02
0	1	11	39	2.5012109e+02
0	1	11	40	3.4208447e+02
0	1	11	41	2.1444995e+02
0	1	11	42	1.2947388e+02
0	1	11	43	2.5614777e+02
0	1	11	44	3.8755276e+02
0	1	11	45	2.8661688e+02
0	1	11	46	3.6564719e+02
0	1	11	47	3.2489514e+02
0	1	11	48	4.0997778e+02
0	1	11	49	2.0657637e+02
0	1	11	50	2.4545798e+02
0	1	11	51	7.9228992e+02
0	1	11	52	6.0137250e+02
0	1	11	53	5.6447235e+02
0	1	11	54	4.9706149e+02
0	1	11	55	5.0651514e+02
0	1	11	56	7.0773602e+02
0	1	11	57	6.0868628e+02
0	1	11	58	5.2196307e+02
0	1	11	59	4.4958325e+02
0	1	11	60	3.7030533e+02
0	1	11	61	4.0417325e+02
0	1	11	62	4.7526282e+02
0	1	11	63	3.4637570e+02
0	1	12	0	-1.3869522e+02
0	1	12	1	-2.0126543e+02
0	1	12	2	-1.2863625e+02
0	1	12	3	-2.0665388e+02
0	1	12	4	-3.1348965e+02
0	1	12	5	-1.7697154e+02
0	1	12	6	-1.6030592e+02
0	1	12	7	-1.9793280e+02
0	1	12	8	-2.8180646e+02
0	1	12	9	-3.2852328e+02
0	1	12	10	-1.9990811e+02
0	1	12	11	-1.5378030e+02
0	1	12	12	-3.4787775e+02
0	1	12	13	-2.5935068e+02
0	1	12	14	-4.2733337e+02
0	1	12	15	-1.8769844e+02
0	1	12	16	-3.4450208e+02
0	1	12	17	-3.5014227e+02
0	1	12	18	-2.7202255e+02
0	1	12	19	-3.3854056e+02
0	1	12	20	-3.2253595e+02
0	1	12	21	-2.8483536e+02
0	1	12	22	-3.2601819e+02
0	1	12	23	-2.4456635e+02
0	1	12	24	-3.3213290e+02
0	1	12	25	-2.1623853e+02
0	1	12	26	-3.6668201e+02
0	1	12	27	-3.5946637e+02
0	1	12	28	-5.2451843e+02
0	1	12	29	-3.3410651e+02
0	1	12	30	-4.0346127e+02
0	1	12	31	-3.7112375e+02
0	1	12	32	-2.9514490e+02
0	1	12	33	-3.7554340e+02
0	1	12	34	2.0647388e+02
0	1	12	35	1.0872951e+02
0	1	12	36	3.3609738e+02
0	1	12	37	2.4316966e+02
0	1	12	38	3.1233374e+02
0	1	12	39	3.0090796e+02
0	1	12	40	5.1090435e+01
0	1	12	41	1.5126637e+02
0	1	12	42	3.3158401e+02
0	1	12	43	2.5589293e+02
0	1	12	44	2.1893330e+02
0	1	12	45	2.1273888e+02
0	1	12	46	3.3410092e+02
0	1	12	47	2.9591824e+02
0	1	12	48	2.2446761e+02
0	1	12	49	2.1932138e+02
0	1	12	50	3.4088361e+02
0	1	12	51	8.2284009e+02
0	1	12	52	8.6441418e+02
0	1	12	53	4.9033633e+02
0	1	12	54	4.1622324e+02
0	1	12	55	2.7612277e+02
0	1	12	56	6.2735547e+02
0	1	12	57	6.2464917e+02
0	1	12	58	5.1176422e+02
0	1	12	59	5.0429608e+02
0	1	12	60	4.2244177e+02
0	1	12	61	5.2495642e+02
0	1	12	62	5.3499146e+02
0	1	12	63	4.7013391e+02
0	1	13	0	-3.2253033e+02
0	1	13	1	-1.9089261e+02
0	1	13	2	-3.1388760e+02
0	1	13	3	-3.2722726e+02
0	1	13	4	-2.9648151e+02
0	1	13	5	-2.5504530e+02
0	1	13	6	-2.8892172e+02
0	1	13	7	-2.8997693e+02
0	1	13	8	-2.6788025e+02
0	1	13	9	-1.3050462e+02
0	1	13	10	-3.0156863e+02
0	1	13	11	-2.6968060e+02
0	1	13	12	-2.9892487e+02
0	1	13	13	-3.9331732e+02
0	1	13	14	-3.5018857e+02
0	1	13	15	-2.5381711e+02
0	1	13	16	-4.5228366e+02
0	1	13	17	-3.0948926e+02
0	1	13	18	-5.6104303e+02
0	1	13	19	-5.9908148e+02
0	1	13	20	-4.0855673e+02
0	1	13	21	-4.3757397e+02
0	1	13	22	-4.4334601e+02
0	1	13	23	-3.6263785e+02
0	1	13	24	-3.4766440e+02
0	1	13	25	-3.5813464e+02
0	1	13	26	-3.8965799e+02
0	1	13	27	-4.7233960e+02
0	1	13	28	-2.9371368e+02
0	1	13	29	-3.3629544e+02
0	1	13	30	-3.5797339e+02
0	1	13	31	-4.7522894e+02
0	1	13	32	-4.4137527e+02
0	1	13	33	-3.9220413e+02
0	1	13	34	8.9318056e+00
0	1	13	35	1.7721407e+02
0	1	13	36	4.3459808e+01
0	1	13	37	2.0777557e+02
0	1	13	38	2.1997542e+02
0	1	13	39	-1.7375830e+01
0	1	13	40	2.2440927e+02
0	1	13	41	1.2367408e+02
0	1	13	42	2.8983038e+02
0	1	13	43	7.3940331e+01
0	1	13	44	2.4242770e+02
0	1	13	45	1.7211635e+02
0	1	13	46	3.2704980e+02
0	1	13	47	1.3340396e+02
0	1	13	48	2.5902914e+02
0	1	13	49	2.5713763e+02
0	1	13	50	2.7507745e+02
0	1	13	51	6.9586676e+02
0	1	13	52	7.0152087e+02
0	1	13	53	2.5029657e+02
0	1	13	54	4.7825067e+02
0	1	13	55	5.4364532e+02
0	1	13	56	5.7395197e+02
0	1	13	57	5.7447412e+02
0	1	13	58	3.9436337e+02
0	1	13	59	3.9777603e+02
0	1	13	60	2.4710309e+02
0	1	13	61	4.0537735e+02
0	1	13	62	4.5036063e+02
0	1	13	63	3.2207693e+02
0	1	14	0	-1.2767894e+02
0	1	14	1	-2.4789528e+02
0	1	14	2	-8.4965919e+01
0	1	14	3	-1.0406960e+02
0	1	14	4	-3.3531717e+02
0	1	14	5	-2.0239148e+02
0	1	14	6	-2.9029584e+02
0	1	14	7	-1.3987799e+02
0	1	14	8	-2.0820445e+02
0	1	14	9	-4.1657284e+01
0	1	14	10	-1.8818620e+02
0	1	14	11	-1.4992789e+02
0	1	14	12	-2.8307278e+02
0	1	14	13	-3.3597839e+02
0	1	14	14	-1.6587993e+02
0	1	14	15	-3.2575861e+02
0	1	14	16	-2.8302094e+02
0	1	14	17	-3.1307474e+02
0	1	14	18	-2.9060364e+02
0	1	14	19	-3.8902863e+02
0	1	14	20	-2.2102818e+02
0	1	14	21	-3.6145242e+02
0	1	14	22	-2.5607776e+02
0	1	14	23	-2.7238428e+02
0	1	14	24	-3.9070743e+02
0	1	14	25	-2.7404218e+02
0	1	14	26	-3.1496100e+02
0	1	14	27	-3.7836188e+02
0	1	14	28	-2.7364908e+02
0	1	14	29	-4.7482782e+02
0	1	14	30	-3.4080560e+02
0	1	14	31	-5.2408051e+02
0	1	14	32	-3.3162357e+02
0	1	14	33	-3.8851910e+02
0	1	14	34	2.4390144e+02
0	1	14	35	7.8470505e+01
0	1	14	36	4.1614169e+02
0	1	14	37	-9.5670567e+00
0	1	14	38	3.4403366e+02
0	1	14	39	2.7629034e+02
0	1	14	40	2.0700642e+02
0	1	14	41	1.4162729e+02
0	1	14	42	6.1665802e+01
0	1	14	43	1.1483286e+02
0	1	14	44	1.1130168e+02
0	1	14	45	1.9951944e+02
0	1	14	46	9.6007614e+01
0	1	14	47	1.5003487e+02
0	1	14	48	2.2287767e+02
0	1	14	49	2.1613460e+02
0	1	14	50	3.3967807e+02
0	1	14	51	7.6012177e+02
0	1	14	52	8.8324371e+02
0	1	14	53	4.7363977e+02
0	1	14	54	4.4905322e+02
0	1	14	55	5.1751569e+02
0	1	14	56	6.7647809e+02
0	1	14	57	4.1492636e+02
0	1	14	58	5.6451385e+02
0	1	14	59	3.6272333e+02
0	1	14	60	2.7571274e+02
0	1	14	61	5.5562006e+02
0	1	14	62	5.3306866e+02
0	1	14	63	4.5267459e+02
0	1	15	0	-4.6486795e+02
0	1	15	1	-7.8315851e+02
0	1	15	2	-4.3940668e+02
0	1	15	3	-5.8204102e+02
0	1	15	4	-4.7413266e+02
0	1	15	5	-6.1373840e+02
0	1	15	6	-5.7006720e+02
0	1	15	7	-7.2677008e+02
0	1	15	8	-7.4739435e+02
0	1	15	9	-4.0965228e+02
0	1	15	10	-7.1238702e+02
0	1	15	11	-4.2537567e+02
0	1	15	12	-6.0789392e+02
0	1	15	13	-6.6416547e+02
0	1	15	14	-6.7988098e+02
0	1	15	15	-8.5234479e+02
0	1	15	16	-6.6350049e+02
0	1	15	17	-5.7013458e+02
0	1	15	18	-7.2222198e+02
0	1	15	19	-6.1378638e+02
0	1	15	20	-6.1675928e+02
0	1	15	21	-7.9879340e+02
0	1	15	22	-6.0413531e+02
0	1	15	23	-4.9334778e+02
0	1	15	24	-7.0094141e+02
0	1	15	25	-6.6411395e+02
0	1	15	26	-8.6817657e+02
0	1	15	27	-7.3112140e+02
0	1	15	28	-4.9050110e+02
0	1	15	29	-5.6158942e+02
0	1	15	30	-5.8625964e+02
0	1	15	31	-6.6100482e+02
0	1	15	32	-8.7115942e+02
0	1	15	33	-5.9923334e+02
0	1	15	34	1.6594897e+02
0	1	15	35	-1.3568753e+02
0	1	15	36	1.4539522e+02
0	1	15	37	1.1219536e+02
0	1	15	38	8.7128153e+00
0	1	15	39	8.2437447e+01
0	1	15	40	-3.6846104e+01
0	1	15	41	2.2327303e+01
0	1	15	42	5.3681053e+01
0	1	15	43	7.7100784e+01
0	1	15	44	3.0601921e+01
0	1	15	45	5.0175930e+01
0	1	15	46	1.1469379e+02
0	1	15	47	7.4981961e+00
0	1	15	48	7.3850311e+01
0	1	15	49	5.7227993e+01
0	1	15	50	9.2258904e+01
0	1	15	51	6.5671759e+02
0	1	15	52	6.7922076e+02
0	1	15	53	3.4349249e+02
0	1	15	54	2.9491968e+02
0	1	15	55	3.5642050e+02
0	1	15	56	5.0337970e+02
0	1	15	57	3.3687961e+02
0	1	15	58	3.6270932e+02
0	1	15	59	4.1459180e+02
0	1	15	60	4.1527765e+02
0	1	15	61	2.1840907e+02
0	1	15	62	2.2715782e+02
0	1	15	63	4.0108029e+02
0	2	0	0	-3.4771292e+02
0	2	0	1	-3.0656113e+02
0	2	0	2	-1.5061862e+02
0	2	0	3	-4.2025919e+02
0	2	0	4	-3.4622397e+02
0	2	0	5	-2.9231470e+02
0	2	0	6	-2.7393054e+02
0	2	0	7	-1.8572926e+02
0	2	0	8	-2.2896773e+02
0	2	0	9	-1.0317824e+02
0	2	0	10	-2.9634637e+02
0	2	0	11	-3.0133731e+02
0	2	0	12	-3.6905695e+02
0	2	0	13	-3.2406723e+02
0	2	0	14	-4.5401389e+02
0	2	0	15	-3.1068427e+02
0	2	0	16	-4.2777414e+02
0	2	0	17	-5.0172232e+02
0	2	0	18	-6.2502521e+02
0	2	0	19	-3.7691397e+02
0	2	0	20	-3.2597629e+02
0	2	0	21	-4.0194028e+02
0	2	0	22	-3.8090305e+02
0	2	0	23	-4.3693958e+02
0	2	0	24	-4.0246933e+02
0	2	0	25	-4.5102847e+02
0	2	0	26	-5.7931458e+02
0	2	0	27	-4.0465897e+02
0	2	0	28	-4.4719931e+02
0	2	0	29	-4.3655457e+02
0	2	0	30	-4.1733478e+02
0	2	0	31	-5.1768030e+02
0	2	0	32	-4.9180402e+02
0	2	0	33	-4.4342627e+02
0	2	0	34	1.0922311e+02
0	2	0	35	1.0116759e+02
0	2	0	36	8.7631638e+01
0	2	0	37	1.4275871e+02
0	2	0	38	1.1894054e+02
0	2	0	39	2.3193881e+02
0	2	0	40	1.1049283e+02
0	2	0	41	1.9367493e+02
0	2	0	42	2.9087003e+02
0	2	0	43	2.2513892e+02
0	2	0	44	3.7942416e+02
0	2	0	45	2.4188483e+02
0	2	0	46	3.4136990e+02
0	2	0	47	2.0592612e+02
0	2	0	48	2.7269302e+02
0	2	0	49	2.2134305e+02
0	2	0	50	1.4411740e+02
0	2	0	51	7.8119019e+02
0	2	0	52	6.8542151e+02
0	2	0	53	4.1597107e+02
0	2	0	54	6.3869897e+02
0	2	0	55	5.3868982e+02
0	2	0	56	6.9898279e+02
0	2	0	57	5.9310138e+02
0	2	0	58	2.6662579e+02
0	2	0	59	4.9125778e+02
0	2	0	60	5.7056940e+02
0	2	0	61	3.6820300e+02
0	2	0	62	2.2585332e+02
0	2	0	63	6.5606232e+02
0	2	1	0	-1.4304903e+02
0	2	1	1	-2.3017030e+02
0	2	1	2	-3.9516977e+02
0	2	1	3	-2.7015399e+02
0	2	1	4	-5.5767792e+02
0	2	1	5	-3.6259631e+02
0	2	1	6	-3.9045764e+02
0	2	1	7	-4.3221188e+02
0	2	1	8	-3.7584808e+02
0	2	1	9	-4.6241492e+02
0	2	1	10	-3.3403113e+02
0	2	1	11	-4.5984024e+02
0	2	1	12	-3.7293680e+02
0	2	1	13	-2.8835059e+02
0	2	1	14	-5.7083673e+02
0	2	1	15	-3.8771213e+02
0	2	1	16	-5.4414355e+02
0	2	1	17	-3.2675839e+02
0	2	1	18	-4.3993234e+02
0	2	1	19	-3.6161768e+02
0	2	1	20	-5.4910327e+02
0	2	1	21	-3.8692578e+02
0	2	1	22	-3.7344711e+02
0	2	1	23	-3.8812411e+02
0	2	1	24	-4.6758273e+02
0	2	1	25	-4.2411038e+02
0	2	1	26	-5.3201202e+02
0	2	1	27	-6.2311755e+02
0	2	1	28	-4.7003467e+02
0	2	1	29	-5.0878421e+02
0	2	1	30	-7.1489398e+02
0	2	1	31	-7.2934790e+02
0	2	1	32	-6.5267706e+02
0	2	1	33	-7.6442865e+02
0	2	1	34	-1.7305844e+02
0	2	1	35	-1.0577272e+01
0	2	1	36	-6.6737041e+00
0	2	1	37	3.7465488e+01
0	2	1	38	-2.0983618e+01
0	2	1	39	-8.6569893e-01
0	2	1	40	7.1427666e+01
0	2	1	41	2.8736866e+01
0	2	1	42	2.7324945e+01
0	2	1	43	-1.1157830e+02
0	2	1	44	4.7039299e+01
0	2	1	45	1.0220355e+01
0	2	1	46	-6.5781174e+01
0	2	1	47	-1.0447775e+02
0	2	1	48	6.9000087e+00
0	2	1	49	-1.2923920e+02
0	2	1	50	-9.3253880e+00
0	2	1	51	5.3503503e+02
0	2	1	52	5.9209918e+02
0	2	1	53	1.3353795e+02
0	2	1	54	1.7734016e+02
0	2	1	55	2.0133952e+02
0	2	1	56	3.1359558e+02
0	2	1	57	3.6266870e+02
0	2	1	58	3.3322162e+02
0	2	1	59	2.0027292e+02
0	2	1	60	2.5270279e+02
0	2	1	61	1.6189915e+02
0	2	1	62	2.5363286e+02
0	2	1	63	3.4801440e+02
0	2	2	0	-2.6811612e+02
0	2	2	1	-3.8771960e+02
0	2	2	2	-1.9843222e+02
0	2	2	3	-4.2451675e+02
0	2	2	4	-2.9740601e+02
0	2	2	5	-3.0688525e+02
0	2	2	6	-3.2914847e+02
0	2	2	7	-4.8369839e+02
0	2	2	8	-2.8781497e+02
0	2	2	9	-3.3646530e+02
0	2	2	10	-4.0778711e+02
0	2	2	11	-2.2846349e+02
0	2	2	12	-3.3827295e+02
0	2	2	13	-3.3750140e+02
0	2	2	14	-4.8582394e+02
0	2	2	15	-4.5000208e+02
0	2	2	16	-6.6741284e+02
0	2	2	17	-3.9644116e+02
0	2	2	18	-5.5146747e+02
0	2	2	19	-4.5364545e+02
0	2	2	20	-5.8019989e+02
0	2	2	21	-5.0408478e+02
0	2	2	22	-3.5299612e+02
0	2	2	23	-4.6670969e+02
0	2	2	24	-5.7922235e+02
0	2	2	25	-4.6102649e+02
0	2	2	26	-5.7294830e+02
0	2	2	27	-5.1815253e+02
0	2	2	28	-4.2700665e+02
0	2	2	29	-5.3265723e+02
0	2	2	30	-4.8385904e+02
0	2	2	31	-5.1384882e+02
0	2	2	32	-4.6490933e+02
0	2	2	33	-6.1046149e+02
0	2	2	34	9.7716255e+01
0	2	2	35	-1.1344286e+01
0	2	2	36	-8.2970467e+01
0	2	2	37	1.8855949e+02
0	2	2	38	1.4519035e+02
0	2	2	39	6.5759712e+01
0	2	2	40	8.7764267e+01
0	2	2	41	9.9752419e+01
0	2	2	42	6.9106659e+01
0	2	2	43	2.4560265e+02
0	2	2	44	2.5096898e+02
0	2	2	45	2.5220341e+02
0	2	2	46	1.3555553e+02
0	2	2	47	1.5686890e+02
0	2	2	48	1.9498846e+02
0	2	2	49	9.7977577e+01
0	2	2	50	1.2526585e+02
0	2	2	51	7.2691443e+02
0	2	2	52	8.0683350e+02
0	2	2	53	4.4207251e+02
0	2	2	54	4.1056107e+02
0	2	2	55	2.8952325e+02
0	2	2	56	5.5503259e+02
0	2	2	57	5.3976532e+02
0	2	2	58	4.6713000e+02
0	2	2	59	4.1222452e+02
0	2	2	60	3.9528226e+02
0	2	2	61	4.3960669e+02
0	2	2	62	4.2861340e+02
0	2	2	63	3.2612592e+02
0	2	3	0	-4.7047836e+02
0	2	3	1	-6.2322998e+02
0	2	3	2	-4.0009915e+02
0	2	3	3	-5.6713812e+02
0	2	3	4	-4.1229950e+02
0	2	3	5	-4.5648050e+02
0	2	3	6	-6.0571735e+02
0	2	3	7	-4.4072537e+02
0	2	3	8	-6.6034076e+02
0	2	3	9	-4.2628543e+02
0	2	3	10	-6.5259692e+02
0	2	3	11	-5.0299146e+02
0	2	3	12	-5.1499500e+02
0	2	3	13	-5.4312720e+02
0	2	3	14	-6.1968402e+02
0	2	3	15	-5.3566730e+02
0	2	3	16	-5.9949982e+02
0	2	3	17	-5.6114020e+02
0	2	3	18	-7.3377667e+02
0	2	3	19	-4.5959808e+02
0	2	3	20	-6.2516187e+02
0	2	3	21	-6.4523419e+02
0	2	3	22	-4.2283908e+02
0	2	3	23	-6.2484790e+02
0	2	3	24	-5.9601086e+02
0	2	3	25	-5.0932349e+02
0	2	3	26	-5.8391626e+02
0	2	3	27	-5.3302203e+02
0	2	3	28	-4.1564026e+02
0	2	3	29	-4.4533774e+02
0	2	3	30	-5.8586957e+02
0	2	3	31	-5.6409180e+02
0	2	3	32	-7.2278394e+02
0	2	3	33	-5.7846362e+02
0	2	3	34	2.1911282e+02
0	2	3	35	-3.3959023e+01
0	2	3	36	1.5172224e+01
0	2	3	37	2.6297760e+02
0	2	3	38	1.1737122e+02
0	2	3	39	8.9602707e+01
0	2	3	40	1.5219579e+02
0	2	3	41	5.3521843e+01
0	2	3	42	3.0497369e+02
0	2	3	43	1.1657295e+02
0	2	3	44	9.9283691e+01
0	2	3	45	4.0628105e+01
0	2	3	46	1.0634209e+02
0	2	3	47	-5.9730392e+01
0	2	3	48	8.6583702e+01
0	2	3	49	6.9344048e+01
0	2	3	50	1.7162323e+02
0	2	3	51	5.9575970e+02
0	2	3	52	5.8567737e+02
0	2	3	53	3.3304547e+02
0	2	3	54	2.4715839e+02
0	2	3	55	2.7324936e+02
0	2	3	56	4.5299203e+02
0	2	3	57	4.3255243e+02
0	2	3	58	3.5496564e+02
0	2	3	59	3.1559732e+02
0	2	3	60	2.6216608e+02
0	2	3	61	2.8649539e+02
0	2	3	62	1.6274271e+02
0	2	3	63	3.0400281e+02
0	2	4	0	-4.4814005e+02
0	2	4	1	-3.6781296e+02
0	2	4	2	-3.6131067e+02
0	2	4	3	-4.7950244e+02
0	2	4	4	-5.2755530e+02
0	2	4	5	-5.5005115e+02
0	2	4	6	-3.9172208e+02
0	2	4	7	-3.4860147e+02
0	2	4	8	-3.8712555e+02
0	2	4	9	-3.8308517e+02
0	2	4	10	-5.7896027e+02
0	2	4	11	-3.1154199e+02
0	2	4	12	-3.9944421e+02
0	2	4	13	-3.3781351e+02
0	2	4	14	-4.8077161e+02
0	2	4	15	-2.9817648e+02
0	2	4	16	-5.3027850e+02
0	2	4	17	-4.1491840e+02
0	2	4	18	-4.4633859e+02
0	2	4	19	-4.8331891e+02
0	2	4	20	-4.4749347e+02
0	2	4	21	-5.1916425e+02
0	2	4	22	-4.5149661e+02
0	2	4	23	-4.8265292e+02
0	2	4	24	-6.1978613e+02
0	2	4	25	-4.3956824e+02
0	2	4	26	-5.8227356e+02
0	2	4	27	-5.6746942e+02
0	2	4	28	-4.6773218e+02
0	2	4	29	-4.0812872e+02
0	2	4	30	-4.6766031e+02
0	2	4	31	-4.3067050e+02
0	2	4	32	-5.4375476e+02
0	2	4	33	-4.8564264e+02
0	2	4	34	-6.5149179e+00
0	2	4	35	2.3821635e+02
0	2	4	36	1.6831087e+02
0	2	4	37	1.3023134e+02
0	2	4	38	-2.1103664e+01
0	2	4	39	1.2329514e+02
0	2	4	40	1.4642349e+02
0	2	4	41	9.4071503e+01
0	2	4	42	9.1524330e+01
0	2	4	43	6.8175514e+01
0	2	4	44	1.5284834e+02
0	2	4	45	2.1491484e+01
0	2	4	46	1.2859096e+02
0	2	4	47	9.0676163e+01
0	2	4	48	1.3179977e+02
0	2	4	49	-1.1755031e+01
0	2	4	50	1.6870448e+02
0	2	4	51	6.2066492e+02
0	2	4	52	6.4448962e+02
0	2	4	53	2.4953967e+02
0	2	4	54	1.0405559e+02
0	2	4	55	3.4192963e+02
0	2	4	56	5.3265472e+02
0	2	4	57	4.5822745e+02
0	2	4	58	2.5873419e+02
0	2	4	59	3.2225528e+02
0	2	4	60	3.9687610e+02
0	2	4	61	2.4259409e+02
0	2	4	62	3.3322690e+02
0	2	4	63	3.2008078e+02
0	2	5	0	-2.0488783e+02
0	2	5	1	-4.1476208e+02
0	2	5	2	-2.1728696e+02
0	2	5	3	-3.4693967e+02
0	2	5	4	-4.5588614e+02
0	2	5	5	-2.4952559e+02
0	2	5	6	-4.4089871e+02
0	2	5	7	-2.9404221e+02
0	2	5	8	-5.4723712e+02
0	2	5	9	-2.7956705e+02
0	2	5	10	-3.6448929e+02
0	2	5	11	-4.1101456e+02
0	2	5	12	-4.0772110e+02
0	2	5	13	-3.5272430e+02
0	2	5	14	-6.2082208e+02
0	2	5	15	-3.7145523e+02
0	2	5	16	-5.9198267e+02
0	2	5	17	-4.2526270e+02
0	2	5	18	-5.5217267e+02
0	2	5	19	-4.8517453e+02
0	2	5	20	-4.7913376e+02
0	2	5	21	-4.5672855e+02
0	2	5	22	-4.5630368e+02
0	2	5	23	-5.6387042e+02
0	2	5	24	-5.3352515e+02
0	2	5	25	-5.0658228e+02
0	2	5	26	-4.7207507e+02
0	2	5	27	-4.8484424e+02
0	2	5	28	-4.1391934e+02
0	2	5	29	-4.7437271e+02
0	2	5	30	-5.3484479e+02
0	2	5	31	-4.9038168e+02
0	2	5	32	-5.4036108e+02
0	2	5	33	-3.5214764e+02
0	2	5	34	1.6045093e+02
0	2	5	35	1.3674849e+02
0	2	5	36	1.8712538e+02
0	2	5	37	1.8316768e+02
0	2	5	38	1.8033838e+02
0	2	5	39	1.6212492e+02
0	2	5	40	1.9137254e+02
0	2	5	41	1.7320720e+02
0	2	5	42	1.6497145e+02
0	2	5	43	1.5938553e+02
0	2	5	44	2.1255453e+02
0	2	5	45	1.7334575e+02
0	2	5	46	9.6729378e+01
0	2	5	47	1.9109592e+02
0	2	5	48	1.3493625e+02
0	2	5	49	1.4895085e+02
0	2	5	50	1.9599199e+02
0	2	5	51	5.1624445e+02
0	2	5	52	7.1252429e+02
0	2	5	53	3.7974557e+02
0	2	5	54	3.8680994e+02
0	2	5	55	4.0857758e+02
0	2	5	56	5.1481329e+02
0	2	5	57	5.8307544e+02
0	2	5	58	4.0848703e+02
0	2	5	59	3.4202136e+02
0	2	5	60	3.9810068e+02
0	2	5	61	3.9030356e+02
0	2	5	62	4.9415457e+02
0	2	5	63	3.4479291e+02
0	2	6	0	-3.8528964e+02
0	2	6	1	-4.3076154e+02
0	2	6	2	-3.1330594e+02
0	2	6	3	-4.2868213e+02
0	2	6	4	-5.1563953e+02
0	2	6	5	-4.1419672e+02
0	2	6	6	-3.5177872e+02
0	2	6	7	-3.9310477e+02
0	2	6	8	-5.2477063e+02
0	2	6	9	-3.0098010e+02
0	2	6	10	-5.1158109e+02
0	2	6	11	-2.8216803e+02
0	2	6	12	-4.8034067e+02
0	2	6	13	-3.9055740e+02
0	2	6	14	-3.0010175e+02
0	2	6	15	-4.5009430e+02
0	2	6	16	-4.8933487e+02
0	2	6	17	-5.4362201e+02
0	2	6	18	-3.5148596e+02
0	2	6	19	-5.4828033e+02
0	2	6	20	-4.7310352e+02
0	2	6	21	-4.4255215e+02
0	2	6	22	-5.8324426e+02
0	2	6	23	-6.0483344e+02
0	2	6	24	-5.4382672e+02
0	2	6	25	-4.7336548e+02
0	2	6	26	-5.4302228e+02
0	2	6	27	-5.2041882e+02
0	2	6	28	-4.6016446e+02
0	2	6	29	-4.9445401e+02
0	2	6	30	-4.4964572e+02
0	2	6	31	-6.0238733e+02
0	2	6	32	-6.9106744e+02
0	2	6	33	-5.4325287e+02
0	2	6	34	-3.7515091e+01
0	2	6	35	4.3137684e+01
0	2	6	36	4.5898373e+01
0	2	6	37	7.2272430e+01
0	2	6	38	-1.0056708e+02
0	2	6	39	7.7289000e+00
0	2	6	40	-1.0318751e+02
0	2	6	41	7.0420776e+01
0	2	6	42	8.3344208e+01
0	2	6	43	5.3200275e+01
0	2	6	44	7.2353392e+00
0	2	6	45	-2.1124710e+01
0	2	6	46	6.3550903e+01
0	2	6	47	-1.0323766e+02
0	2	6	48	-1.2655238e+02
0	2	6	49	-2.1363454e+02
0	2	6	50	-1.2520805e+02
0	2	6	51	4.6686374e+02
0	2	6	52	4.0255325e+02
0	2	6	53	2.2044234e+02
0	2	6	54	1.2510963e+02
0	2	6	55	1.9550977e+02
0	2	6	56	3.5349643e+02
0	2	6	57	4.1632986e+02
0	2	6	58	3.3382843e+02
0	2	6	59	3.0031265e+02
0	2	6	60	1.5251120e+02
0	2	6	61	1.3941051e+02
0	2	6	62	2.3006503e+02
0	2	6	63	3.1657953e+02
0	2	7	0	-2.3753461e+02
0	2	7	1	-5.1950177e+02
0	2	7	2	-3.4021762e+02
0	2	7	3	-3.0791663e+02
0	2	7	4	-3.7488965e+02
0	2	7	5	-1.7397475e+02
0	2	7	6	-4.5991296e+02
0	2	7	7	-1.8983578e+02
0	2	7	8	-3.5783490e+02
0	2	7	9	-2.7746902e+02
0	2	7	10	-2.4728802e+02
0	2	7	11	-3.2172653e+02
0	2	7	12	-4.4511755e+02
0	2	7	13	-2.9243240e+02
0	2	7	14	-4.5097992e+02
0	2	7	15	-2.9890140e+02
0	2	7	16	-4.8480225e+02
0	2	7	17	-4.0806586e+02
0	2	7	18	-4.4629279e+02
0	2	7	19	-3.5600403e+02
0	2	7	20	-4.1286932e+02
0	2	7	21	-4.5630872e+02
0	2	7	22	-6.5530011e+02
0	2	7	23	-4.1638055e+02
0	2	7	24	-4.0547714e+02
0	2	7	25	-4.1188922e+02
0	2	7	26	-4.3671991e+02
0	2	7	27	-3.7234818e+02
0	2	7	28	-3.6530481e+02
0	2	7	29	-3.7432086e+02
0	2	7	30	-3.8904025e+02
0	2	7	31	-4.7356262e+02
0	2	7	32	-6.3578131e+02
0	2	7	33	-3.3250208e+02
0	2	7	34	2.1433632e+02
0	2	7	35	2.0708687e+02
0	2	7	36	2.0735211e+02
0	2	7	37	2.3967329e+02
0	2	7	38	-2.8895758e+01
0	2	7	39	6.7108780e+01
0	2	7	40	2.5092712e+02
0	2	7	41	-8.3392509e+01
0	2	7	42	1.8762540e+02
0	2	7	43	1.1893139e+02
0	2	7	44	1.2387070e+02
0	2	7	45	1.0096157e+02
0	2	7	46	1.5570279e+02
0	2	7	47	1.0658183e+02
0	2	7	48	-1.3195175e+01
0	2	7	49	6.3695217e+01
0	2	7	50	1.5912788e+02
0	2	7	51	6.2390308e+02
0	2	7	52	7.1380908e+02
0	2	7	53	9.6297279e+01
0	2	7	54	3.9767538e+02
0	2	7	55	3.0415067e+02
0	2	7	56	5.8760931e+02
0	2	7	57	5.7172815e+02
0	2	7	58	3.6765619e+02
0	2	7	59	3.3936990e+02
0	2	7	60	3.7141638e+02
0	2	7	61	3.2814331e+02
0	2	7	62	3.9744598e+02
0	2	7	63	3.5890967e+02
0	2	8	0	-4.2176575e+02
0	2	8	1	-4.2793118e+02
0	2	8	2	-3.2326074e+02
0	2	8	3	-4.7270300e+02
0	2	8	4	-6.4978448e+02
0	2	8	5	-4.7045749e+02
0	2	8	6	-4.7888324e+02
0	2	8	7	-6.8591736e+02
0	2	8	8	-6.5472565e+02
0	2	8	9	-5.5861963e+02
0	2	8	10	-6.3600745e+02
0	2	8	11	-4.4455209e+02
0	2	8	12	-5.4513342e+02
0	2	8	13	-4.7825882e+02
0	2	8	14	-4.8842780e+02
0	2	8	15	-5.7738287e+02
0	2	8	16	-6.3489618e+02
0	2	8	17	-5.8650519e+02
0	2	8	18	-7.2145117e+02
0	2	8	19	-5.4073779e+02
0	2	8	20	-5.3974957e+02
0	2	8	21	-5.8848242e+02
0	2	8	22	-6.2173248e+02
0	2	8	23	-4.5148236e+02
0	2	8	24	-6.0537988e+02
0	2	8	25	-7.0654047e+02
0	2	8	26	-5.7238037e+02
0	2	8	27	-6.6220905e+02
0	2	8	28	-5.5412976e+02
0	2	8	29	-6.9993219e+02
0	2	8	30	-6.1060583e+02
0	2	8	31	-5.9214551e+02
0	2	8	32	-6.7902911e+02
0	2	8	33	-6.3513495e+02
0	2	8	34	-7.5928810e+01
0	2	8	35	-6.7490509e+01
0	2	8	36	4.8400276e+01
0	2	8	37	5.8163654e+01
0	2	8	38	-8.2010666e+01
0	2	8	39	-9.4519873e+00
0	2	8	40	-1.8669624e+02
0	2	8	41	-5.0314114e+01
0	2	8	42	-3.8726816e+00
0	2	8	43	-1.0184845e+02
0	2	8	44	-1.5046889e+02
0	2	8	45	-1.8657275e+02
0	2	8	46	-1.6986656e+01
0	2	8	47	-3.8266106e+01
0	2	8	48	2.6712433e+01
0	2	8	49	-1.5097684e+02
0	2	8	50	-6.1616619e+01
0	2	8	51	5.3662268e+02
0	2	8	52	5.2127191e+02
0	2	8	53	1.8284480e+02
0	2	8	54	4.1700989e+01
0	2	8	55	-1.5651755e+01
0	2	8	56	2.3968890e+02
0	2	8	57	3.0618936e+02
0	2	8	58	2.5565434e+02
0	2	8	59	1.0320846e+02
0	2	8	60	1.5926466e+02
0	2	8	61	1.3348607e+02
0	2	8	62	1.4028624e+02
0	2	8	63	1.4883441e+02
0	2	9	0	-4.4689191e+02
0	2	9	1	-5.4044934e+02
0	2	9	2	-3.2919772e+02
0	2	9	3	-3.4560898e+02
0	2	9	4	-3.3260468e+02
0	2	9	5	-4.6047125e+02
0	2	9	6	-2.9902509e+02
0	2	9	7	-4.4316098e+02
0	2	9	8	-3.5582483e+02
0	2	9	9	-3.6257858e+02
0	2	9	10	-4.3947101e+02
0	2	9	11	-3.1021017e+02
0	2	9	12	-3.9017401e+02
0	2	9	13	-3.8303967e+02
0	2	9	14	-3.4839352e+02
0	2	9	15	-4.5549045e+02
0	2	9	16	-5.3217279e+02
0	2	9	17	-4.6678940e+02
0	2	9	18	-5.7446509e+02
0	2	9	19	-4.0106155e+02
0	2	9	20	-4.9013379e+02
0	2	9	21	-4.4783392e+02
0	2	9	22	-3.6077078e+02
0	2	9	23	-4.2597095e+02
0	2	9	24	-5.5238641e+02
0	2	9	25	-3.8400113e+02
0	2	9	26	-6.6522589e+02
0	2	9	27	-5.2927747e+02
0	2	9	28	-3.5586105e+02
0	2	9	29	-3.6161160e+02
0	2	9	30	-4.8747842e+02
0	2	9	31	-4.9495053e+02
0	2	9	32	-4.6830740e+02
0	2	9	33	-3.0319220e+02
0	2	9	34	1.8085669e+02
0	2	9	35	2.0354912e+02
0	2	9	36	1.6919955e+02
0	2	9	37	1.9702448e+02
0	2	9	38	3.9724140e+01
0	2	9	39	1.3588857e+02
0	2	9	40	5.8251156e+01
0	2	9	41	6.5948318e+01
0	2	9	42	1.8253357e+02
0	2	9	43	1.0902574e+02
0	2	9	44	6.6987373e+01
0	2	9	45	1.0553953e+02
0	2	9	46	2.0222792e+02
0	2	9	47	4.9280109e+01
0	2	9	48	1.5287080e+02
0	2	9	49	-6.3648808e+01
0	2	9	50	1.6475320e+02
0	2	9	51	6.6235016e+02
0	2	9	52	6.5471600e+02
0	2	9	53	2.9164960e+02
0	2	9	54	3.5106433e+02
0	2	9	55	2.8468033e+02
0	2	9	56	3.8414975e+02
0	2	9	57	3.4429959e+02
0	2	9	58	3.7948480e+02
0	2	9	59	4.2220856e+02
0	2	9	60	2.2065001e+02
0	2	9	61	3.8299612e+02
0	2	9	62	3.4725302e+02
0	2	9	63	2.8729437e+02
0	2	10	0	-3.8870685e+02
0	2	10	1	-4.4964523e+02
0	2	10	2	-3.4199451e+02
0	2	10	3	-4.1036066e+02
0	2	10	4	-6.4001300e+02
0	2	10	5	-3.7784503e+02
0	2	10	6	-5.5002069e+02
0	2	10	7	-3.6804852e+02
0	2	10	8	-4.3012845e+02
0	2	10	9	-3.0155042e+02
0	2	10	10	-5.3236658e+02
0	2	10	11	-3.7469370e+02
0	2	10	12	-5.4292224e+02
0	2	10	13	-5.3501746e+02
0	2	10	14	-4.5637985e+02
0	2	10	15	-4.1218750e+02
0	2	10	16	-7.8665442e+02
0	2	10	17	-5.3435101e+02
0	2	10	18	-5.1858990e+02
0	2	10	19	-5.5024170e+02
0	2	10	20	-5.3551923e+02
0	2	10	21	-5.0093271e+02
0	2	10	22	-4.6574780e+02
0	2	10	23	-5.6103455e+02
0	2	10	24	-5.4836932e+02
0	2	10	25	-4.2734702e+02
0	2	10	26	-5.7724750e+02
0	2	10	27	-4.9817386e+02
0	2	10	28	-4.7111493e+02
0	2	10	29	-5.7823969e+02
0	2	10	30	-6.5928278e+02
0	2	10	31	-4.6678369e+02
0	2	10	32	-5.6259467e+02
0	2	10	33	-6.4684052e+02
0	2	10	34	5.9186443e+01
0	2	10	35	2.9482733e+01
0	2	10	36	5.4785675e+01
0	2	10	37	3.4201115e+01
0	2	10	38	-3.0419279e+01
0	2	10	39	9.7999390e+01
0	2	10	40	3.5338521e+00
0	2	10	41	5.9238228e+01
0	2	10	42	1.9428091e+01
0	2	10	43	1.5445332e+02
0	2	10	44	1.6870129e+02
0	2	10	45	-1.5665436e+02
0	2	10	46	2.0374933e+01
0	2	10	47	-8.1242126e+01
0	2	10	48	-1.3524274e+02
0	2	10	49	4.3033539e+01
0	2	10	50	-6.5962769e+01
0	2	10	51	4.9741223e+02
0	2	10	52	5.4301898e+02
0	2	10	53	2.6768912e+02
0	2	10	54	1.9015916e+02
0	2	10	55	3.0929749e+02
0	2	10	56	4.3691660e+02
0	2	10	57	3.3276898e+02
0	2	10	58	3.3768970e+02
0	2	10	59	1.9954655e+02
0	2	10	60	2.5285048e+02
0	2	10	61	2.6665491e+02
0	2	10	62	3.2260535e+02
0	2	10	63	3.2440759e+02
0	2	11	0	-4.7195346e+02
0	2	11	1	-4.2436526e+02
0	2	11	2	-3.8007812e+02
0	2	11	3	-5.1557190e+02
0	2	11	4	-5.1748767e+02
0	2	11	5	-4.1961502e+02
0	2	11	6	-4.0882874e+02
0	2	11	7	-3.9194092e+02
0	2	11	8	-6.9415509e+02
0	2	11	9	-3.8202380e+02
0	2	11	10	-7.2360193e+02
0	2	11	11	-5.0708810e+02
0	2	11	12	-5.4760480e+02
0	2	11	13	-4.3625449e+02
0	2	11	14	-4.8717566e+02
0	2	11	15	-4.8267023e+02
0	2	11	16	-5.9199591e+02
0	2	11	17	-4.0483270e+02
0	2	11	18	-5.1495923e+02
0	2	11	19	-3.3509283e+02
0	2	11	20	-6.1723395e+02
0	2	11	21	-5.7631635e+02
0	2	11	22	-5.6639441e+02
0	2	11	23	-4.7728116e+02
0	2	11	24	-5.4973462e+02
0	2	11	25	-5.8520099e+02
0	2	11	26	-6.3529858e+02
0	2	11	27	-5.7142676e+02
0	2	11	28	-5.6292847e+02
0	2	11	29	-5.5975281e+02
0	2	11	30	-5.6604718e+02
0	2	11	31	-6.4304681e+02
0	2	11	32	-6.2843396e+02
0	2	11	33	-5.1644641e+02
0	2	11	34	6.2953564e+01
0	2	11	35	-6.0317768e+01
0	2	11	36	1.0006234e+01
0	2	11	37	3.5994534e+01
0	2	11	38	4.2539124e+01
0	2	11	39	2.8464598e+01
0	2	11	40	8.0835815e+01
0	2	11	41	1.4842796e+01
0	2	11	42	3.5574608e+01
0	2	11	43	5.2061262e+00
0	2	11	44	1.6107181e+02
0	2	11	45	9.1467094e+00
0	2	11	46	7.1844620e+01
0	2	11	47	-1.7794605e+01
0	2	11	48	1.6130541e+01
0	2	11	49	2.6219847e+01
0	2	11	50	1.1169582e+02
0	2	11	51	5.9050342e+02
0	2	11	52	6.6985797e+02
0	2	11	53	1.8653206e+02
0	2	11	54	2.8632724e+02
0	2	11	55	2.6437189e+02
0	2	11	56	1.9789893e+02
0	2	11	57	2.9502185e+02
0	2	11	58	2.7422525e+02
0	2	11	59	2.0810538e+02
0	2	11	60	1.3606453e+01
0	2	11	61	2.4717090e+02
0	2	11	62	3.2574030e+02
0	2	11	63	8.3725952e+01
0	2	12	0	-3.1478659e+02
0	2	12	1	-4.1429120e+02
0	2	12	2	-2.6631964e+02
0	2	12	3	-5.1616730e+02
0	2	12	4	-4.2227036e+02
0	2	12	5	-4.7704120e+02
0	2	12	6	-3.8461771e+02
0	2	12	7	-5.5244897e+02
0	2	12	8	-4.6314706e+02
0	2	12	9	-3.5183813e+02
0	2	12	10	-5.9546088e+02
0	2	12	11	-3.5855295e+02
0	2	12	12	-5.6412775e+02
0	2	12	13	-4.3217154e+02
0	2	12	14	-5.1528857e+02
0	2	12	15	-5.4921600e+02
0	2	12	16	-5.4792676e+02
0	2	12	17	-6.1669580e+02
0	2	12	18	-6.3779633e+02
0	2	12	19	-6.2370184e+02
0	2	12	20	-6.4801648e+02
0	2	12	21	-5.0880463e+02
0	2	12	22	-4.7786557e+02
0	2	12	23	-4.8973727e+02
0	2	12	24	-7.4928796e+02
0	2	12	25	-5.3984131e+02
0	2	12	26	-5.4105170e+02
0	2	12	27	-5.4426715e+02
0	2	12	28	-5.0875137e+02
0	2	12	29	-5.5634009e+02
0	2	12	30	-5.6405566e+02
0	2	12	31	-5.2086700e+02
0	2	12	32	-7.5819299e+02
0	2	12	33	-6.2456061e+02
0	2	12	34	3.2465397e+01
0	2	12	35	4.4835789e+01
0	2	12	36	9.2798080e+01
0	2	12	37	6.9278671e+01
0	2	12	38	-6.4460342e+01
0	2	12	39	6.0815483e+01
0	2	12	40	4.3969418e+01
0	2	12	41	-1.9363602e+02
0	2	12	42	5.0161442e+01
0	2	12	43	4.0413212e+01
0	2	12	44	6.2164360e+01
0	2	12	45	-5.5323925e+00
0	2	12	46	-1.5819777e+02
0	2	12	47	-1.3822592e+02
0	2	12	48	-9.5496292e+00
0	2	12	49	-1.2707352e+02
0	2	12	50	-8.9867859e+01
0	2	12	51	4.8798630e+02
0	2	12	52	4.4293701e+02
0	2	12	53	1.0742931e+02
0	2	12	54	7.5689514e+01
0	2	12	55	4.6475067e+01
0	2	12	56	3.0185748e+02
0	2	12	57	3.9577756e+02
0	2	12	58	3.3320221e+02
0	2	12	59	2.3137772e+02
0	2	12	60	2.4833089e+02
0	2	12	61	2.7321875e+02
0	2	12	62	3.5111847e+02
0	2	12	63	3.4106827e+02
0	2	13	0	-4.8734650e+02
0	2	13	1	-2.7356982e+02
0	2	13	2	-2.2954807e+02
0	2	13	3	-4.0774246e+02
0	2	13	4	-3.7458600e+02
0	2	13	5	-3.1558035e+02
0	2	13	6	-2.7283612e+02
0	2	13	7	-5.2389081e+02
0	2	13	8	-5.0002573e+02
0	2	13	9	-4.4979553e+02
0	2	13	10	-4.9477231e+02
0	2	13	11	-2.7989459e+02
0	2	13	12	-4.9476218e+02
0	2	13	13	-2.6140649e+02
0	2	13	14	-4.7028677e+02
0	2	13	15	-4.5933807e+02
0	2	13	16	-4.9203763e+02
0	2	13	17	-4.1646399e+02
0	2	13	18	-6.1086359e+02
0	2	13	19	-4.7409250e+02
0	2	13	20	-6.1417303e+02
0	2	13	21	-7.1173328e+02
0	2	13	22	-4.7029816e+02
0	2	13	23	-6.4008789e+02
0	2	13	24	-5.2759082e+02
0	2	13	25	-6.1016296e+02
0	2	13	26	-5.1889087e+02
0	2	13	27	-6.1719501e+02
0	2	13	28	-5.7787445e+02
0	2	13	29	-3.9577289e+02
0	2	13	30	-4.1352853e+02
0	2	13	31	-4.5634695e+02
0	2	13	32	-5.5164624e+02
0	2	13	33	-5.1772101e+02
0	2	13	34	8.8091652e+01
0	2	13	35	7.3232971e+01
0	2	13	36	-5.0506237e+01
0	2	13	37	8.6220818e+01
0	2	13	38	1.9281429e+02
0	2	13	39	1.4942427e+02
0	2	13	40	1.1061312e+02
0	2	13	41	1.1337108e+02
0	2	13	42	1.7551917e+02
0	2	13	43	5.4333965e+01
0	2	13	44	1.6392975e+02
0	2	13	45	6.7507042e+01
0	2	13	46	1.0230989e+02
0	2	13	47	1.0077139e+02
0	2	13	48	1.0979879e+02
0	2	13	49	3.5187161e+00
0	2	13	50	1.8581021e+02
0	2	13	51	5.7106195e+02
0	2	13	52	6.3523444e+02
0	2	13	53	2.7021738e+02
0	2	13	54	3.1895938e+02
0	2	13	55	3.9491345e+02
0	2	13	56	2.7678937e+02
0	2	13	57	3.5212946e+02
0	2	13	58	4.0072565e+02
0	2	13	59	4.5114059e+02
0	2	13	60	2.0487309e+02
0	2	13	61	4.9817825e+01
0	2	13	62	3.3370526e+02
0	2	13	63	3.5889972e+02
0	2	14	0	-2.0691426e+02
0	2	14	1	-3.1954224e+02
0	2	14	2	-2.9975146e+02
0	2	14	3	-2.3746928e+02
0	2	14	4	-5.2999268e+02
0	2	14	5	-3.8554218e+02
0	2	14	6	-3.3444107e+02
0	2	14	7	-2.7264584e+02
0	2	14	8	-3.2153342e+02
0	2	14	9	-2.5215889e+02
0	2	14	10	-3.3754367e+02
0	2	14	11	-3.0235596e+02
0	2	14	12	-3.9462427e+02
0	2	14	13	-4.3352673e+02
0	2	14	14	-3.0318442e+02
0	2	14	15	-4.2523862e+02
0	2	14	16	-3.7095145e+02
0	2	14	17	-4.4281741e+02
0	2	14	18	-4.5739896e+02
0	2	14	19	-5.1185394e+02
0	2	14	20	-4.6442288e+02
0	2	14	21	-2.9913297e+02
0	2	14	22	-5.7973938e+02
0	2	14	23	-4.0738113e+02
0	2	14	24	-5.0605228e+02
0	2	14	25	-5.9525897e+02
0	2	14	26	-6.0999152e+02
0	2	14	27	-4.6968137e+02
0	2	14	28	-5.0746786e+02
0	2	14	29	-5.3976752e+02
0	2	14	30	-6.6074939e+02
0	2	14	31	-4.2897348e+02
0	2	14	32	-5.2705090e+02
0	2	14	33	-5.2890741e+02
0	2	14	34	1.0648593e+02
0	2	14	35	1.7765790e+02
0	2	14	36	1.8514816e+01
0	2	14	37	2.1707645e+02
0	2	14	38	6.6768784e+01
0	2	14	39	3.0688171e+02
0	2	14	40	1.8838560e+02
0	2	14	41	1.8938087e+02
0	2	14	42	1.8624086e+02
0	2	14	43	1.1942898e+02
0	2	14	44	4.3604327e+02
0	2	14	45	1.8810953e+02
0	2	14	46	3.1084100e+02
0	2	14	47	2.8399222e+02
0	2	14	48	4.5113376e+02
0	2	14	49	1.4618204e+02
0	2	14	50	2.0273160e+02
0	2	14	51	6.8242218e+02
0	2	14	52	8.6100098e+02
0	2	14	53	4.8023206e+02
0	2	14	54	5.7024445e+02
0	2	14	55	5.8223004e+02
0	2	14	56	7.0137183e+02
0	2	14	57	5.8901447e+02
0	2	14	58	3.9992432e+02
0	2	14	59	4.5553302e+02
0	2	14	60	4.7056100e+02
0	2	14	61	4.8052567e+02
0	2	14	62	4.5542334e+02
0	2	14	63	5.4507538e+02
0	2	15	0	-9.6246490e+01
0	2	15	1	-1.6161633e+02
0	2	15	2	-2.0960643e+02
0	2	15	3	-1.9231190e+02
0	2	15	4	-3.5495966e+02
0	2	15	5	-2.1411902e+02
0	2	15	6	-1.3348587e+02
0	2	15	7	-6.2937748e+01
0	2	15	8	-1.3027132e+02
0	2	15	9	-2.4855060e+02
0	2	15	10	-1.1204672e+02
0	2	15	11	-2.8034528e+02
0	2	15	12	-2.7340067e+02
0	2	15	13	-1.1995488e+02
0	2	15	14	-3.7584888e+02
0	2	15	15	-3.0753473e+02
0	2	15	16	-1.2255781e+02
0	2	15	17	-3.1074051e+02
0	2	15	18	-2.7423218e+02
0	2	15	19	-3.0119272e+02
0	2	15	20	-2.7523581e+02
0	2	15	21	-2.7919376e+02
0	2	15	22	-2.6780063e+02
0	2	15	23	-2.8310947e+02
0	2	15	24	-3.1359076e+02
0	2	15	25	-3.9202307e+02
0	2	15	26	-3.2181848e+02
0	2	15	27	-4.8100342e+02
0	2	15	28	-3.8167618e+02
0	2	15	29	-4.4353897e+02
0	2	15	30	-3.7801434e+02
0	2	15	31	-5.7015033e+02
0	2	15	32	-6.3330908e+02
0	2	15	33	-4.0428452e+02
0	2	15	34	1.2839098e+02
0	2	15	35	-4.5920536e+01
0	2	15	36	2.8166339e+02
0	2	15	37	2.2265643e+02
0	2	15	38	1.9571233e+02
0	2	15	39	2.5412427e+02
0	2	15	40	2.2669023e+02
0	2	15	41	7.5557686e+01
0	2	15	42	2.5188593e+02
0	2	15	43	7.1230064e+01
0	2	15	44	3.5733261e+02
0	2	15	45	1.9900903e+02
0	2	15	46	2.1168030e+02
0	2	15	47	-5.4709755e+01
0	2	15	48	3.3574255e+02
0	2	15	49	3.6763779e+02
0	2	15	50	2.3919829e+02
0	2	15	51	7.5222906e+02
0	2	15	52	7.1266003e+02
0	2	15	53	3.6361038e+02
0	2	15	54	3.8214246e+02
0	2	15	55	5.5692114e+02
0	2	15	56	7.0037341e+02
0	2	15	57	5.9956854e+02
0	2	15	58	4.4565555e+02
0	2	15	59	3.1321991e+02
0	2	15	60	5.0081967e+02
0	2	15	61	3.0708246e+02
0	2	15	62	3.7332248e+02
0	2	15	63	2.0934755e+02
1	0	0	0	-2.2434308e+02
1	0	0	1	-1.4407056e+02
1	0	0	2	-1.2879863e+02
1	0	0	3	-2.6510956e+02
1	0	0	4	-1.5439806e+02
1	0	0	5	-2.8823489e+02
1	0	0	6	-2.2596040e+02
1	0	0	7	-7.2594246e+01
1	0	0	8	-1.9009099e+02
1	0	0	9	-6.3970989e+01
1	0	0	10	-1.9964653e+02
1	0	0	11	-2.1015656e+02
1	0	0	12	-4.0667264e+02
1	0	0	13	-1.9387132e+02
1	0	0	14	-1.8152515e+02
1	0	0	15	-2.2473914e+02
1	0	0	16	-4.1938150e+02
1	0	0	17	-3.4578006e+02
1	0	0	18	-2.2998495e+02
1	0	0	19	-3.6529218e+02
1	0	0	20	-2.4946651e+02
1	0	0	21	-2.9564313e+02
1	0	0	22	-4.1321875e+02
1	0	0	23	-4.5319806e+02
1	0	0	24	-3.4611212e+02
1	0	0	25	-4.4724277e+02
1	0	0	26	-2.7228635e+02
1	0	0	27	-4.0835938e+02
1	0	0	28	-2.4496922e+02
1	0	0	29	-3.3682990e+02
1	0	0	30	-3.3681302e+02
1	0	0	31	-3.5328049e+02
1	0	0	32	-3.1565775e+02
1	0	0	33	-4.6825378e+02
1	0	0	34	1.3436348e+02
1	0	0	35	1.4731648e+02
1	0	0	36	2.4935278e+02
1	0	0	37	2.4425037e+02
1	0	0	38	2.9945538e+02
1	0	0	39	1.6705516e+02
1	0	0	40	1.9090012e+02
1	0	0	41	2.7611172e+02
1	0	0	42	4.0941037e+02
1	0	0	43	2.8831973e+02
1	0	0	44	2.8371072e+02
1	0	0	45	1.3321918e+02
1	0	0	46	3.5574356e+02
1	0	0	47	2.8051990e+02
1	0	0	48	3.7260953e+02
1	0	0	49	3.0361633e+02
1	0	0	50	3.5609937e+02
1	0	0	51	8.2337885e+02
1	0	0	52	9.1889624e+02
1	0	0	53	6.8929742e+02
1	0	0	54	4.8017438e+02
1	0	0	55	5.9276837e+02
1	0	0	56	7.4909033e+02
1	0	0	57	6.8663568e+02
1	0	0	58	4.5944736e+02
1	0	0	59	4.8758167e+02
1	0	0	60	5.6733698e+02
1	0	0	61	4.3350311e+02
1	0	0	62	4.8698706e+02
1	0	0	63	5.3593335e+02
1	0	1	0	7.7753548e+01
1	0	1	1	2.0705537e+02
1	0	1	2	-2.7633005e+01
1	0	1	3	3.1700116e+02
1	0	1	4	7.8500748e+01
1	0	1	5	2.8508698e+02
1	0	1	6	1.5451631e+02
1	0	1	7	1.1772753e+02
1	0	1	8	1.8194495e+02
1	0	1	9	1.7594331e+02
1	0	1	10	-2.7758133e+01
1	0	1	11	1.2418449e+02
1	0	1	12	1.3109927e+02
1	0	1	13	5.1647751e+01
1	0	1	14	-1.0520397e+02
1	0	1	15	2.3252972e+02
1	0	1	16	-1.1275457e+02
1	0	1	17	1.3543863e+02
1	0	1	18	1.8224648e+02
1	0	1	19	1.3836382e+02
1	0	1	20	1.2137662e+02
1	0	1	21	2.2873010e+02
1	0	1	22	-1.1377624e+01
1	0	1	23	2.2875133e+02
1	0	1	24	6.9856293e+01
1	0	1	25	1.7134770e+02
1	0	1	26	2.1673964e+02
1	0	1	27	-8.8126808e+01
1	0	1	28	1.4774785e+02
1	0	1	29	3.6055725e+01
1	0	1	30	2.7959354e+01
1	0	1	31	-5.7559589e+01
1	0	1	32	1.6842549e+02
1	0	1	33	1.2449632e+02
1	0	1	34	7.2280841e+02
1	0	1	35	6.9945502e+02
1	0	1	36	5.8217010e+02
1	0	1	37	7.1041412e+02
1	0	1	38	6.9468817e+02
1	0	1	39	7.0494482e+02
1	0	1	40	8.2159570e+02
1	0	1	41	7.2467822e+02
1	0	1	42	7.7224567e+02
1	0	1	43	6.3835352e+02
1	0	1	44	7.1422974e+02
1	0	1	45	6.7309680e+02
1	0	1	46	6.8344891e+02
1	0	1	47	7.5302991e+02
1	0	1	48	4.7614047e+02
1	0	1	49	7.0513104e+02
1	0	1	50	7.4953326e+02
1	0	1	51	1.2264761e+03
1	0	1	52	1.3380267e+03
1	0	1	53	9.6881982e+02
1	0	1	54	1.0334846e+03
1	0	1	55	9.5694580e+02
1	0	1	56	1.0898528e+03
1	0	1	57	8.1933203e+02
1	0	1	58	9.9914545e+02
1	0	1	59	9.7482825e+02
1	0	1	60	1.0003170e+03
1	0	1	61	9.1951324e+02
1	0	1	62	9.5260474e+02
1	0	1	63	1.1204235e+03
1	0	2	0	-1.2969551e+02
1	0	2	1	-1.2934116e+02
1	0	2	2	-1.4778873e+02
1	0	2	3	-8.9873367e+01
1	0	2	4	-8.8128624e+01
1	0	2	5	-1.5807303e+02
1	0	2	6	-8.9672119e+01
1	0	2	7	-9.8079994e+01
1	0	2	8	-1.8054184e+02
1	0	2	9	-1.1093839e+02
1	0	2	10	-2.4352443e+02
1	0	2	11	-2.0698042e+02
1	0	2	12	-1.9195436e+02
1	0	2	13	-1.4995091e+02
1	0	2	14	-1.8245305e+02
1	0	2	15	-2.8942117e+02
1	0	2	16	-2.4240076e+02
1	0	2	17	-2.9211569e+02
1	0	2	18	-1.8647513e+02
1	0	2	19	-3.5520255e+02
1	0	2	20	-2.9107880e+02
1	0	2	21	-2.4605136e+02
1	0	2	22	-2.9538278e+02
1	0	2	23	-3.5758694e+02
1	0	2	24	-3.2620999e+02
1	0	2	25	-2.5077234e+02
1	0	2	26	-4.0942352e+02
1	0	2	27	-2.3659805e+02
1	0	2	28	-3.5049118e+02
1	0	2	29	-2.3428661e+02
1	0	2	30	-3.4168091e+02
1	0	2	31	-3.1033154e+02
1	0	2	32	-2.3444710e+02
1	0	2	33	-2.3843652e+02
1	0	2	34	1.5123523e+02
1	0	2	35	3.2492471e+02
1	0	2	36	3.9172275e+02
1	0	2	37	4.3336441e+02
1	0	2	38	3.3812128e+02
1	0	2	39	2.9098672e+02
1	0	2	40	3.1239554e+02
1	0	2	41	1.4186404e+02
1	0	2	42	5.0765759e+02
1	0	2	43	2.8982474e+02
1	0	2	44	3.9150095e+02
1	0	2	45	3.7259015e+02
1	0	2	46	3.6912384e+02
1	0	2	47	2.8670157e+02
1	0	2	48	4.8259555e+02
1	0	2	49	2.3000533e+02
1	0	2	50	4.5464264e+02
1	0	2	51	9.6544684e+02
1	0	2	52	9.6160559e+02
1	0	2	53	6.0108746e+02
1	0	2	54	5.7562567e+02
1	0	2	55	5.6338739e+02
1	0	2	56	7.7957056e+02
1	0	2	57	7.3247821e+02
1	0	2	58	6.4991345e+02
1	0	2	59	7.5059540e+02
1	0	2	60	6.5364587e+02
1	0	2	61	5.6754047e+02
1	0	2	62	6.1117010e+02
1	0	2	63	6.5925232e+02
1	0	3	0	9.6215996e+01
1	0	3	1	1.4238992e+02
1	0	3	2	-1.4947345e+02
1	0	3	3	-1.3653982e+01
1	0	3	4	-3.9084553e+01
1	0	3	5	1.0848759e+01
1	0	3	6	5.0752434e+01
1	0	3	7	-1.1267087e+02
1	0	3	8	1.9326323e+01
1	0	3	9	2.8924355e+01
1	0	3	10	8.6007061e+00
1	0	3	11	-8.3239136e+01
1	0	3	12	-5.1459938e+01
1	0	3	13	-1.0617305e+02
1	0	3	14	-1.2782561e+02
1	0	3	15	-1.2514684e+02
1	0	3	16	-1.9108890e+02
1	0	3	17	-3.4375103e+01
1	0	3	18	-1.2133780e+02
1	0	3	19	-1.8455391e+01
1	0	3	20	-1.4131152e+02
1	0	3	21	-3.2098190e+01
1	0	3	22	-2.0983575e+02
1	0	3	23	6.7515469e+00
1	0	3	24	-1.2342699e+02
1	0	3	25	-8.7325073e+01
1	0	3	26	-1.9211053e+02
1	0	3	27	-1.8755650e+02
1	0	3	28	-4.9637482e+01
1	0	3	29	-1.9082335e+01
1	0	3	30	-3.0646121e+02
1	0	3	31	-2.5012405e+02
1	0	3	32	-2.1421652e+02
1	0	3	33	-3.6849600e+02
1	0	3	34	3.7919263e+02
1	0	3	35	1.9631035e+02
1	0	3	36	4.2070316e+02
1	0	3	37	3.0666519e+02
1	0	3	38	4.5073093e+02
1	0	3	39	4.2558240e+02
1	0	3	40	4.1137524e+02
1	0	3	41	5.0365921e+02
1	0	3	42	4.2133319e+02
1	0	3	43	3.6521457e+02
1	0	3	44	4.6379456e+02
1	0	3	45	2.7447595e+02
1	0	3	46	3.3226498e+02
1	0	3	47	3.5706665e+02
1	0	3	48	4.1232651e+02
1	0	3	49	2.4082066e+02
1	0	3	50	4.9189499e+02
1	0	3	51	9.2213721e+02
1	0	3	52	8.7437708e+02
1	0	3	53	4.1471130e+02
1	0	3	54	5.0385074e+02
1	0	3	55	7.0474768e+02
1	0	3	56	7.4107166e+02
1	0	3	57	7.1113849e+02
1	0	3	58	6.7341003e+02
1	0	3	59	5.3354364e+02
1	0	3	60	5.3272784e+02
1	0	3	61	4.5867535e+02
1	0	3	62	6.1830969e+02
1	0	3	63	6.4808679e+02
1	0	4	0	3.4498650e+01
1	0	4	1	-2.8760733e+02
1	0	4	2	-4.4062630e+01
1	0	4	3	-4.7070098e+00
1	0	4	4	-2.0233195e+02
1	0	4	5	-3.4228054e+01
1	0	4	6	-5.0967098e+01
1	0	4	7	-9.8173103e+01
1	0	4	8	-6.5738441e+01
1	0	4	9	-9.8612411e+01
1	0	4	10	-2.4751465e+02
1	0	4	11	-2.2185524e+02
1	0	4	12	-1.9417102e+02
1	0	4	13	-1.4197614e+02
1	0	4	14	6.6210144e+01
1	0	4	15	-6.2425114e+01
1	0	4	16	-1.9217625e+02
1	0	4	17	-2.1827428e+02
1	0	4	18	-2.9814438e+02
1	0	4	19	-1.1370985e+02
1	0	4	20	-2.3899538e+02
1	0	4	21	-1.1998579e+02
1	0	4	22	-1.3668402e+02
1	0	4	23	-2.5611343e+02
1	0	4	24	-2.3404065e+02
1	0	4	25	-2.0383485e+02
1	0	4	26	-3.0527695e+02
1	0	4	27	-3.5105026e+02
1	0	4	28	-3.6625760e+02
1	0	4	29	-2.5631851e+02
1	0	4	30	-2.2084792e+02
1	0	4	31	-2.5090585e+02
1	0	4	32	-3.1876147e+02
1	0	4	33	-3.1626910e+02
1	0	4	34	3.0467941e+02
1	0	4	35	3.4088312e+02
1	0	4	36	3.4099023e+02
1	0	4	37	3.1478677e+02
1	0	4	38	3.5215378e+02
1	0	4	39	3.7764493e+02
1	0	4	40	2.8797229e+02
1	0	4	41	3.1159454e+02
1	0	4	42	4.1134320e+02
1	0	4	43	4.8594254e+02
1	0	4	44	5.0769275e+02
1	0	4	45	1.2260534e+02
1	0	4	46	3.9028986e+02
1	0	4	47	3.0025055e+02
1	0	4	48	3.3097733e+02
1	0	4	49	1.8719730e+02
1	0	4	50	2.7003021e+02
1	0	4	51	8.7986646e+02
1	0	4	52	9.9599927e+02
1	0	4	53	6.6967957e+02
1	0	4	54	3.9263254e+02
1	0	4	55	7.4626904e+02
1	0	4	56	8.2282446e+02
1	0	4	57	9.0266895e+02
1	0	4	58	7.0173273e+02
1	0	4	59	5.0417697e+02
1	0	4	60	6.0193140e+02
1	0	4	61	6.9224933e+02
1	0	4	62	5.0186823e+02
1	0	4	63	4.7576083e+02
1	0	5	0	-9.8964432e+01
1	0	5	1	-1.1380251e+02
1	0	5	2	-1.9833475e+02
1	0	5	3	-1.3506360e+02
1	0	5	4	-3.0786630e+02
1	0	5	5	-8.0949753e+01
1	0	5	6	-1.5184103e+02
1	0	5	7	-1.3361082e+02
1	0	5	8	-4.7502594e+01
1	0	5	9	-1.8092789e+02
1	0	5	10	-1.4832208e+02
1	0	5	11	-1.8424597e+02
1	0	5	12	-4.1925284e+02
1	0	5	13	-1.7284941e+02
1	0	5	14	-4.5399869e+02
1	0	5	15	-8.3589355e+01
1	0	5	16	-2.6980914e+02
1	0	5	17	-3.4336520e+02
1	0	5	18	-3.4193665e+02
1	0	5	19	-2.6984546e+02
1	0	5	20	-3.5278592e+02
1	0	5	21	-2.4525606e+02
1	0	5	22	-4.2309109e+02
1	0	5	23	-2.8545718e+02
1	0	5	24	-1.7606076e+02
1	0	5	25	-2.7347479e+02
1	0	5	26	-4.0982025e+02
1	0	5	27	-2.9206168e+02
1	0	5	28	-2.3463487e+02
1	0	5	29	-3.1107211e+02
1	0	5	30	-3.3787558e+02
1	0	5	31	-3.7394907e+02
1	0	5	32	-3.0460632e+02
1	0	5	33	-4.0372980e+02
1	0	5	34	2.3287349e+02
1	0	5	35	3.0296933e+02
1	0	5	36	2.1426703e+02
1	0	5	37	3.3975961e+02
1	0	5	38	3.2017343e+02
1	0	5	39	3.9164395e+02
1	0	5	40	2.8445374e+02
1	0	5	41	2.7023929e+02
1	0	5	42	4.2653790e+02
1	0	5	43	2.5477908e+02
1	0	5	44	4.6637738e+02
1	0	5	45	1.8044998e+02
1	0	5	46	3.0869141e+02
1	0	5	47	4.2540335e+02
1	0	5	48	2.3561563e+02
1	0	5	49	3.9040353e+02
1	0	5	50	4.5658090e+02
1	0	5	51	8.4034589e+02
1	0	5	52	9.1363568e+02
1	0	5	53	7.2507916e+02
1	0	5	54	6.1607080e+02
1	0	5	55	5.4494434e+02
1	0	5	56	6.9578027e+02
1	0	5	57	7.0602106e+02
1	0	5	58	5.3677765e+02
1	0	5	59	5.9953937e+02
1	0	5	60	6.6359424e+02
1	0	5	61	4.0251215e+02
1	0	5	62	5.0788065e+02
1	0	5	63	6.8654321e+02
1	0	6	0	-1.5673470e+02
1	0	6	1	-2.1195563e+02
1	0	6	2	-4.3606491e+01
1	0	6	3	-2.1564333e+02
1	0	6	4	-1.5381140e+02
1	0	6	5	-2.1100317e+02
1	0	6	6	-2.1415184e+02
1	0	6	7	-1.8090659e+02
1	0	6	8	-2.6276016e+02
1	0	6	9	-6.1786350e+01
1	0	6	10	-2.3955354e+02
1	0	6	11	-6.5562378e+01
1	0	6	12	-3.1458359e+02
1	0	6	13	-2.3240514e+02
1	0	6	14	-2.0104637e+02
1	0	6	15	-1.6698215e+02
1	0	6	16	-3.1331107e+02
1	0	6	17	-3.3713776e+02
1	0	6	18	-2.5675885e+02
1	0	6	19	-3.8359399e+02
1	0	6	20	-1.8695628e+02
1	0	6	21	-2.9396793e+02
1	0	6	22	-3.3245624e+02
1	0	6	23	-2.9982486e+02
1	0	6	24	-2.7523941e+02
1	0	6	25	-2.4607722e+02
1	0	6	26	-2.8942926e+02
1	0	6	27	-2.6237546e+02
1	0	6	28	-3.3141782e+02
1	0	6	29	-2.4872234e+02
1	0	6	30	-3.1674173e+02
1	0	6	31	-3.1873633e+02
1	0	6	32	-3.4556985e+02
1	0	6	33	-2.8256421e+02
1	0	6	34	3.5737015e+02
1	0	6	35	4.1691632e+02
1	0	6	36	4.1739767e+02
1	0	6	37	3.6386243e+02
1	0	6	38	4.3067126e+02
1	0	6	39	4.2499530e+02
1	0	6	40	3.3080362e+02
1	0	6	41	3.3222226e+02
1	0	6	42	4.3097403e+02
1	0	6	43	4.8178937e+02
1	0	6	44	5.2453333e+02
1	0	6	45	3.9395090e+02
1	0	6	46	4.8272726e+02
1	0	6	47	3.9466470e+02
1	0	6	48	4.6022128e+02
1	0	6	49	4.3141318e+02
1	0	6	50	5.0128284e+02
1	0	6	51	9.4127393e+02
1	0	6	52	9.6733807e+02
1	0	6	53	6.2823401e+02
1	0	6	54	6.3281580e+02
1	0	6	55	7.2537512e+02
1	0	6	56	8.2340131e+02
1	0	6	57	8.3295819e+02
1	0	6	58	7.1747107e+02
1	0	6	59	6.5958771e+02
1	0	6	60	6.1066949e+02
1	0	6	61	5.0733316e+02
1	0	6	62	5.5556561e+02
1	0	6	63	6.3517584e+02
1	0	7	0	3.9130417e+01
1	0	7	1	2.6189804e+00
1	0	7	2	-1.0142226e+02
1	0	7	3	-1.0931636e+01
1	0	7	4	-8.7378433e+01
1	0	7	5	1.2653014e+01
1	0	7	6	-1.5544702e+01
1	0	7	7	6.2056179e+01
1	0	7	8	-2.5101404e+01
1	0	7	9	-1.1632682e+02
1	0	7	10	-1.1070563e+02
1	0	7	11	-8.4542351e+01
1	0	7	12	-1.4083594e+02
1	0	7	13	-1.5795739e+01
1	0	7	14	-1.6845511e+02
1	0	7	15	-7.4653053e+01
1	0	7	16	-1.2999016e+02
1	0	7	17	-1.5533395e+02
1	0	7	18	-1.4288187e+02
1	0	7	19	-1.1889888e+02
1	0	7	20	-1.4145061e+02
1	0	7	21	-1.3740355e+02
1	0	7	22	-9.5379189e+01
1	0	7	23	-1.0720612e+02
1	0	7	24	-1.3654301e+02
1	0	7	25	-2.2626733e+02
1	0	7	26	-2.1149059e+02
1	0	7	27	-2.0462794e+02
1	0	7	28	-1.4642035e+02
1	0	7	29	-2.6423434e+02
1	0	7	30	-2.0552281e+02
1	0	7	31	-2.2261325e+02
1	0	7	32	-2.5470558e+02
1	0	7	33	-2.3117224e+02
1	0	7	34	3.5469055e+02
1	0	7	35	3.2428629e+02
1	0	7	36	4.0714377e+02
1	0	7	37	-3.7311558e+03
1	0	7	38	4.6267294e+02
1	0	7	39	3.1921548e+02
1	0	7	40	2.8407422e+02
1	0	7	41	2.6337793e+02
1	0	7	42	3.5786505e+02
1	0	7	43	2.7272766e+02
1	0	7	44	3.7757916e+02
1	0	7	45	2.7380643e+02
1	0	7	46	2.3206818e+02
1	0	7	47	2.8404349e+02
1	0	7	48	2.8888446e+02
1	0	7	49	2.6545953e+02
1	0	7	50	2.4306113e+02
1	0	7	51	8.0709705e+02
1	0	7	52	7.5210205e+02
1	0	7	53	4.8071967e+02
1	0	7	54	5.4680829e+02
1	0	7	55	7.5484729e+02
1	0	7	56	6.4967053e+02
1	0	7	57	6.8884863e+02
1	0	7	58	6.8755267e+02
1	0	7	59	5.5087592e+02
1	0	7	60	7.2412531e+02
1	0	7	61	6.0652405e+02
1	0	7	62	5.9177777e+02
1	0	7	63	5.7353174e+02
1	0	8	0	-9.9577694e+00
1	0	8	1	-1.9174342e+02
1	0	8	2	-1.4036299e+02
1	0	8	3	-2.4782896e+02
1	0	8	4	-1.0021160e+02
1	0	8	5	-1.7135454e+02
1	0	8	6	-1.6533830e+02
1	0	8	7	-2.2564861e+02
1	0	8	8	-2.3766667e+02
1	0	8	9	-1.6189352e+01
1	0	8	10	-3.2711725e+02
1	0	8	11	1.2238428e+02
1	0	8	12	-1.1246780e+02
1	0	8	13	-3.0168832e+02
1	0	8	14	-2.0679279e+02
1	0	8	15	-3.0336966e+02
1	0	8	16	-3.1653967e+02
1	0	8	17	-2.9874893e+02
1	0	8	18	-4.7258298e+02
1	0	8	19	-3.2292050e+02
1	0	8	20	-2.4478368e+02
1	0	8	21	-3.5827847e+02
1	0	8	22	-2.5876523e+02
1	0	8	23	-1.3921930e+02
1	0	8	24	-3.7614221e+02
1	0	8	25	-3.4427545e+02
1	0	8	26	-3.3474731e+02
1	0	8	27	-2.3493181e+02
1	0	8	28	-3.7261041e+02
1	0	8	29	-3.2861517e+02
1	0	8	30	-2.7418066e+02
1	0	8	31	-2.7562845e+02
1	0	8	32	-2.9706979e+02
1	0	8	33	-4.2599649e+02
1	0	8	34	1.5161385e+02
1	0	8	35	2.8439169e+02
1	0	8	36	2.6514478e+02
1	0	8	37	5.7259265e+02
1	0	8	38	4.7873743e+02
1	0	8	39	4.3438782e+02
1	0	8	40	3.6690628e+02
1	0	8	41	3.6610214e+02
1	0	8	42	4.4429309e+02
1	0	8	43	2.6347433e+02
1	0	8	44	4.6238034e+02
1	0	8	45	4.6287094e+02
1	0	8	46	3.7163821e+02
1	0	8	47	4.1518906e+02
1	0	8	48	4.1470380e+02
1	0	8	49	4.2041269e+02
1	0	8	50	5.3035107e+02
1	0	8	51	1.1201769e+03
1	0	8	52	9.9194550e+02
1	0	8	53	6.1435089e+02
1	0	8	54	5.3674860e+02
1	0	8	55	7.3595093e+02
1	0	8	56	7.2865387e+02
1	0	8	57	8.8213757e+02
1	0	8	58	5.8059137e+02
1	0	8	59	6.7026331e+02
1	0	8	60	7.3723779e+02
1	0	8	61	7.8799469e+02
1	0	8	62	7.7298169e+02
1	0	8	63	6.6729095e+02
1	0	9	0	1.6065495e+02
1	0	9	1	-1.8886473e+02
1	0	9	2	3.6041695e+01
1	0	9	3	7.8358856e+01
1	0	9	4	-1.7504471e+02
1	0	9	5	2.4558331e+02
1	0	9	6	-3.4020401e+01
1	0	9	7	-1.7568098e+00
1	0	9	8	1.8144183e+02
1	0	9	9	-6.1588802e+01
1	0	9	10	-5.0183865e+01
1	0	9	11	-7.2812050e+01
1	0	9	12	-7.4143692e+01
1	0	9	13	1.6723095e+01
1	0	9	14	-1.1008158e+02
1	0	9	15	-4.2903439e+01
1	0	9	16	-2.0311545e+02
1	0	9	17	-9.0710815e+01
1	0	9	18	-8.6433891e+01
1	0	9	19	-2.1680008e+02
1	0	9	20	-2.5171027e+02
1	0	9	21	-1.5100739e+02
1	0	9	22	-5.5672012e+01
1	0	9	23	4.0788486e+01
1	0	9	24	-2.1860545e+02
1	0	9	25	3.7035603e+01
1	0	9	26	-3.3675784e+02
1	0	9	27	-1.0499847e+02
1	0	9	28	-1.5289546e+02
1	0	9	29	-1.2170742e+02
1	0	9	30	-1.2209956e+02
1	0	9	31	-2.4976471e+02
1	0	9	32	-1.9556345e+02
1	0	9	33	-1.9674591e+02
1	0	9	34	5.0185052e+02
1	0	9	35	3.5778888e+02
1	0	9	36	5.3130133e+02
1	0	9	37	3.9445026e+02
1	0	9	38	4.6787729e+02
1	0	9	39	2.0388744e+02
1	0	9	40	5.7400031e+02
1	0	9	41	3.3630746e+02
1	0	9	42	4.1203882e+02
1	0	9	43	4.9176187e+02
1	0	9	44	3.0244043e+02
1	0	9	45	1.8056512e+02
1	0	9	46	3.7031372e+02
1	0	9	47	3.6725015e+02
1	0	9	48	3.6573233e+02
1	0	9	49	2.9981302e+02
1	0	9	50	4.6824890e+02
1	0	9	51	6.0237189e+02
1	0	9	52	9.5022290e+02
1	0	9	53	5.8265607e+02
1	0	9	54	5.9699323e+02
1	0	9	55	5.7161420e+02
1	0	9	56	7.3226483e+02
1	0	9	57	7.3677197e+02
1	0	9	58	7.2907117e+02
1	0	9	59	5.4053217e+02
1	0	9	60	5.8979028e+02
1	0	9	61	5.2811292e+02
1	0	9	62	6.6311597e+02
1	0	9	63	7.8500854e+02
1	0	10	0	6.9922165e+01
1	0	10	1	-8.8272148e+01
1	0	10	2	9.7875984e+01
1	0	10	3	9.4520493e+01
1	0	10	4	-1.1181170e+02
1	0	10	5	-5.3643204e+01
1	0	10	6	-1.1893429e+02
1	0	10	7	4.6311985e+01
1	0	10	8	-1.2589115e+02
1	0	10	9	-6.4676010e+01
1	0	10	10	-1.5257715e+02
1	0	10	11	-2.3359041e+02
1	0	10	12	-8.9363461e+00
1	0	10	13	-1.4320301e+01
1	0	10	14	-4.0161633e+01
1	0	10	15	-4.6555878e+01
1	0	10	16	-1.2403570e+02
1	0	10	17	-2.0731133e+02
1	0	10	18	-6.3424789e+01
1	0	10	19	-1.4125787e+02
1	0	10	20	-4.3480251e+01
1	0	10	21	-2.9134764e+01
1	0	10	22	-1.3610072e+02
1	0	10	23	-1.8159261e+02
1	0	10	24	-1.6372180e+02
1	0	10	25	-1.3779289e+02
1	0	10	26	-1.7643857e+02
1	0	10	27	-2.2393486e+02
1	0	10	28	-5.8333908e+01
1	0	10	29	-1.8906284e+02
1	0	10	30	-2.8847180e+02
1	0	10	31	-2.1770151e+02
1	0	10	32	-2.5313908e+02
1	0	10	33	-3.4486346e+02
1	0	10	34	3.5888181e+02
1	0	10	35	4.7459897e+02
1	0	10	36	4.2449335e+02
1	0	10	37	4.0475180e+02
1	0	10	38	3.6492664e+02
1	0	10	39	4.2793610e+02
1	0	10	40	3.9919281e+02
1	0	10	41	3.4078397e+02
1	0	10	42	5.5552698e+02
1	0	10	43	5.1755133e+02
1	0	10	44	3.4197827e+02
1	0	10	45	3.1532455e+02
1	0	10	46	4.1215012e+02
1	0	10	47	3.9110175e+02
1	0	10	48	3.4857672e+02
1	0	10	49	4.6603421e+02
1	0	10	50	3.9863702e+02
1	0	10	51	9.8594318e+02
1	0	10	52	1.0950759e+03
1	0	10	53	6.9245911e+02
1	0	10	54	8.2278430e+02
1	0	10	55	7.0889447e+02
1	0	10	56	8.6910187e+02
1	0	10	57	7.9251495e+02
1	0	10	58	7.5394666e+02
1	0	10	59	6.3423132e+02
1	0	10	60	7.1082251e+02
1	0	10	61	6.0884674e+02
1	0	10	62	5.5197894e+02
1	0	10	63	7.1296069e+02
1	0	11	0	-2.6000272e+02
1	0	11	1	-5.4012974e+01
1	0	11	2	-3.4413089e+02
1	0	11	3	-2.5826929e+02
1	0	11	4	-1.8795979e+02
1	0	11	5	-1.4462488e+02
1	0	11	6	-1.5567728e+02
1	0	11	7	-9.7781172e+00
1	0	11	8	-1.5932011e+02
1	0	11	9	-3.9295513e+01
1	0	11	10	-1.1448741e+02
1	0	11	11	-3.0471783e+02
1	0	11	12	-1.8409221e+02
1	0	11	13	-3.5158927e+00
1	0	11	14	-1.5835843e+02
1	0	11	15	-1.1717809e+01
1	0	11	16	-2.5716995e+02
1	0	11	17	-1.8407939e+02
1	0	11	18	-3.3434305e+02
1	0	11	19	-1.8698286e+02
1	0	11	20	-2.0479420e+02
1	0	11	21	-2.2927348e+02
1	0	11	22	-1.9203766e+02
1	0	11	23	-1.5543738e+02
1	0	11	24	-2.9075406e+02
1	0	11	25	-1.6058755e+02
1	0	11	26	-2.0458226e+02
1	0	11	27	-2.0157552e+02
1	0	11	28	-5.5673473e+01
1	0	11	29	-1.9518517e+02
1	0	11	30	-2.5595174e+02
1	0	11	31	-4.4725903e+02
1	0	11	32	-2.2656395e+02
1	0	11	33	-2.6812787e+02
1	0	11	34	3.7190765e+02
1	0	11	35	1.9574643e+02
1	0	11	36	4.5161310e+02
1	0	11	37	5.0119214e+02
1	0	11	38	4.7050430e+02
1	0	11	39	3.7470010e+02
1	0	11	40	5.9514453e+02
1	0	11	41	3.9899417e+02
1	0	11	42	5.4302319e+02
1	0	11	43	5.2105603e+02
1	0	11	44	5.2307910e+02
1	0	11	45	5.7063739e+02
1	0	11	46	6.1366327e+02
1	0	11	47	4.9423889e+02
1	0	11	48	5.6137427e+02
1	0	11	49	5.5275793e+02
1	0	11	50	4.3646698e+02
1	0	11	51	8.1003247e+02
1	0	11	52	1.0258628e+03
1	0	11	53	7.0762988e+02
1	0	11	54	7.2056866e+02
1	0	11	55	8.1052954e+02
1	0	11	56	8.9717712e+02
1	0	11	57	8.6463586e+02
1	0	11	58	5.8870300e+02
1	0	11	59	7.3299750e+02
1	0	11	60	7.1474249e+02
1	0	11	61	4.8458304e+02
1	0	11	62	6.1865778e+02
1	0	11	63	5.6698010e+02
1	0	12	0	9.6849556e+00
1	0	12	1	-7.0955254e+01
1	0	12	2	-1.7117928e+02
1	0	12	3	-1.7186530e+02
1	0	12	4	-3.7311558e+03
1	0	12	5	-3.7047217e+02
1	0	12	6	-3.7311558e+03
1	0	12	7	-5.6688675e+01
1	0	12	8	-3.8446964e+02
1	0	12	9	-1.1772346e+01
1	0	12	10	-3.0275781e+02
1	0	12	11	-2.6721719e+02
1	0	12	12	-2.7150632e+02
1	0	12	13	-2.2243513e+02
1	0	12	14	-2.7967355e+02
1	0	12	15	-3.0459393e+02
1	0	12	16	-2.6443314e+02
1	0	12	17	-2.9324973e+02
1	0	12	18	-2.6601135e+02
1	0	12	19	-3.1986469e+02
1	0	12	20	-2.2926924e+02
1	0	12	21	-2.0691649e+02
1	0	12	22	-3.8748303e+02
1	0	12	23	-4.1857260e+02
1	0	12	24	-2.2196188e+02
1	0	12	25	-2.4369394e+02
1	0	12	26	-3.0954041e+02
1	0	12	27	-3.7311558e+03
1	0	12	28	-2.3572333e+02
1	0	12	29	-2.1310184e+02
1	0	12	30	-1.5078969e+02
1	0	12	31	-1.6348184e+02
1	0	12	32	-2.8639102e+02
1	0	12	33	-6.4331047e+01
1	0	12	34	3.4721762e+02
1	0	12	35	3.9016214e+02
1	0	12	36	4.1328552e+02
1	0	12	37	4.3734274e+02
1	0	12	38	4.6412921e+02
1	0	12	39	5.1772650e+02
1	0	12	40	4.5015817e+02
1	0	12	41	4.4694583e+02
1	0	12	42	4.1570490e+02
1	0	12	43	5.8362146e+02
1	0	12	44	5.5768256e+02
1	0	12	45	4.2534488e+02
1	0	12	46	3.6095697e+02
1	0	12	47	4.8921991e+02
1	0	12	48	4.8205087e+02
1	0	12	49	3.5718069e+02
1	0	12	50	4.2342130e+02
1	0	12	51	1.0416453e+03
1	0	12	52	9.4567407e+02
1	0	12	53	6.7566571e+02
1	0	12	54	7.7971771e+02
1	0	12	55	5.8889111e+02
1	0	12	56	7.9102167e+02
1	0	12	57	7.8779285e+02
1	0	12	58	6.7097754e+02
1	0	12	59	7.3347058e+02
1	0	12	60	6.9102002e+02
1	0	12	61	7.9148663e+02
1	0	12	62	6.6759540e+02
1	0	12	63	6.2511169e+02
1	0	13	0	7.4013374e+01
1	0	13	1	-2.9679789e+01
1	0	13	2	-9.4824028e+01
1	0	13	3	-9.8812513e+00
1	0	13	4	4.5810284e+01
1	0	13	5	6.7384064e+01
1	0	13	6	-2.3188812e+01
1	0	13	7	1.8479811e+01
1	0	13	8	-5.8450413e+01
1	0	13	9	-7.5210876e+01
1	0	13	10	-1.3820002e+01
1	0	13	11	-1.3878319e+02
1	0	13	12	-9.9370743e+01
1	0	13	13	-1.0619375e+01
1	0	13	14	-1.6960216e+02
1	0	13	15	-9.9467499e+01
1	0	13	16	-2.3441170e+02
1	0	13	17	-2.3195564e+02
1	0	13	18	-4.4021564e+02
1	0	13	19	-1.4057726e+02
1	0	13	20	-2.7203006e+02
1	0	13	21	-2.1279402e+02
1	0	13	22	-2.2148613e+02
1	0	13	23	-2.0261417e+02
1	0	13	24	-2.1492288e+02
1	0	13	25	-1.3498155e+02
1	0	13	26	-3.3691397e+02
1	0	13	27	-2.2466551e+02
1	0	13	28	-2.5743982e+02
1	0	13	29	-2.3327805e+02
1	0	13	30	-1.5926785e+02
1	0	13	31	-4.0760611e+02
1	0	13	32	-2.9294971e+02
1	0	13	33	-3.9148245e+02
1	0	13	34	3.1464453e+02
1	0	13	35	1.1321458e+02
1	0	13	36	2.0464217e+02
1	0	13	37	2.7946872e+02
1	0	13	38	3.8143848e+02
1	0	13	39	2.5730341e+02
1	0	13	40	3.7138797e+02
1	0	13	41	2.1828241e+02
1	0	13	42	3.2767068e+02
1	0	13	43	1.7555635e+02
1	0	13	44	3.3045209e+02
1	0	13	45	2.5341484e+02
1	0	13	46	3.7166360e+02
1	0	13	47	1.8916531e+02
1	0	13	48	3.3360016e+02
1	0	13	49	3.0863721e+02
1	0	13	50	2.8481308e+02
1	0	13	51	8.4053888e+02
1	0	13	52	8.6961133e+02
1	0	13	53	5.9560315e+02
1	0	13	54	5.3257611e+02
1	0	13	55	5.8516925e+02
1	0	13	56	6.3774109e+02
1	0	13	57	5.4948181e+02
1	0	13	58	4.5866660e+02
1	0	13	59	4.5136316e+02
1	0	13	60	4.0947934e+02
1	0	13	61	5.3085065e+02
1	0	13	62	6.5027942e+02
1	0	13	63	5.1499933e+02
1	0	14	0	-5.6942112e+01
1	0	14	1	-6.5513817e+01
1	0	14	2	-1.5987024e+02
1	0	14	3	-2.4169884e+02
1	0	14	4	-1.5004935e+02
1	0	14	5	-1.0735191e+02
1	0	14	6	-1.7097002e+02
1	0	14	7	-5.2887131e+01
1	0	14	8	-1.5070418e+02
1	0	14	9	-2.7022089e+02
1	0	14	10	-1.7166516e+02
1	0	14	11	-1.5018657e+02
1	0	14	12	-3.7257355e+02
1	0	14	13	-1.6617851e+02
1	0	14	14	-1.6696863e+02
1	0	14	15	-1.3734930e+02
1	0	14	16	-2.5598347e+02
1	0	14	17	-2.8369382e+02
1	0	14	18	-3.8312524e+02
1	0	14	19	-2.5252429e+02
1	0	14	20	-2.6916107e+02
1	0	14	21	-1.9143144e+02
1	0	14	22	-4.2617960e+02
1	0	14	23	-2.0847745e+02
1	0	14	24	-4.1046152e+02
1	0	14	25	-4.1398788e+02
1	0	14	26	-4.8426044e+02
1	0	14	27	-4.9031854e+02
1	0	14	28	-2.5726788e+02
1	0	14	29	-2.9167676e+02
1	0	14	30	-2.6229581e+02
1	0	14	31	-3.7473102e+02
1	0	14	32	-3.3881195e+02
1	0	14	33	-3.7361780e+02
1	0	14	34	2.4085777e+02
1	0	14	35	1.7155855e+02
1	0	14	36	1.2359695e+02
1	0	14	37	3.2457288e+02
1	0	14	38	2.4602420e+02
1	0	14	39	2.7901270e+02
1	0	14	40	2.8739069e+02
1	0	14	41	2.8507770e+02
1	0	14	42	3.6268707e+02
1	0	14	43	3.8124115e+02
1	0	14	44	3.8046371e+02
1	0	14	45	4.1432800e+02
1	0	14	46	2.6343637e+02
1	0	14	47	3.6592151e+02
1	0	14	48	4.1522668e+02
1	0	14	49	4.2908527e+02
1	0	14	50	3.9741815e+02
1	0	14	51	8.7005945e+02
1	0	14	52	6.7706860e+02
1	0	14	53	6.0075476e+02
1	0	14	54	6.2319153e+02
1	0	14	55	6.9560229e+02
1	0	14	56	7.7723834e+02
1	0	14	57	7.2597064e+02
1	0	14	58	6.4106403e+02
1	0	14	59	6.4762610e+02
1	0	14	60	4.9265347e+02
1	0	14	61	3.6209436e+02
1	0	14	62	4.3011142e+02
1	0	14	63	6.3450708e+02
1	0	15	0	-1.0513909e+02
1	0	15	1	-2.8783663e+01
1	0	15	2	-6.1556793e+01
1	0	15	3	-5.3548527e+01
1	0	15	4	-1.2742068e+02
1	0	15	5	1.0261487e+02
1	0	15	6	5.4710541e+01
1	0	15	7	8.5643852e+01
1	0	15	8	-1.8303775e+02
1	0	15	9	-8.7229538e+01
1	0	15	10	-1.1235036e+02
1	0	15	11	-1.2927936e+02
1	0	15	12	-7.3163209e+00
1	0	15	13	4.4990517e+01
1	0	15	14	-5.4672245e+01
1	0	15	15	-1.3476891e+02
1	0	15	16	-1.0682288e+02
1	0	15	17	-9.5584717e+01
1	0	15	18	-1.3290276e+02
1	0	15	19	-1.5815587e+02
1	0	15	20	-1.4728911e+02
1	0	15	21	-8.7306259e+01
1	0	15	22	1.6002855e+01
1	0	15	23	-6.0234350e-01
1	0	15	24	-1.1760442e+01
1	0	15	25	-1.6174258e+02
1	0	15	26	-1.8435385e+02
1	0	15	27	-3.6695663e+02
1	0	15	28	-3.5072792e+01
1	0	15	29	2.4976795e+01
1	0	15	30	-1.1824685e+02
1	0	15	31	-1.7040234e+02
1	0	15	32	-1.4632103e+02
1	0	15	33	-2.0214139e+02
1	0	15	34	4.5800616e+02
1	0	15	35	4.2665213e+02
1	0	15	36	5.4976459e+02
1	0	15	37	3.1071750e+02
1	0	15	38	3.5953201e+02
1	0	15	39	5.0767548e+02
1	0	15	40	6.3886615e+02
1	0	15	41	2.7749164e+02
1	0	15	42	4.5810464e+02
1	0	15	43	4.9834851e+02
1	0	15	44	6.2732562e+02
1	0	15	45	5.2614075e+02
1	0	15	46	6.6824915e+02
1	0	15	47	5.2107404e+02
1	0	15	48	6.1985596e+02
1	0	15	49	5.0033301e+02
1	0	15	50	5.5614197e+02
1	0	15	51	1.0576069e+03
1	0	15	52	1.0729254e+03
1	0	15	53	6.2309125e+02
1	0	15	54	8.0541016e+02
1	0	15	55	7.0269092e+02
1	0	15	56	9.1820093e+02
1	0	15	57	9.0586719e+02
1	0	15	58	5.9108295e+02
1	0	15	59	6.6933740e+02
1	0	15	60	7.8766211e+02
1	0	15	61	7.3119891e+02
1	0	15	62	7.1344653e+02
1	0	15	63	9.0674756e+02
1	1	0	0	-3.1044699e+02
1	1	0	1	-4.3996420e+02
1	1	0	2	-2.4791853e+02
1	1	0	3	-5.1466705e+02
1	1	0	4	-1.8824713e+02
1	1	0	5	-3.1747943e+02
1	1	0	6	-3.9894693e+02
1	1	0	7	-5.9681049e+02
1	1	0	8	-4.5075760e+02
1	1	0	9	-9.2319916e+01
1	1	0	10	-6.1155060e+02
1	1	0	11	-2.3346825e+02
1	1	0	12	-2.9884116e+02
1	1	0	13	-4.6435123e+02
1	1	0	14	-4.1266324e+02
1	1	0	15	-4.5063062e+02
1	1	0	16	-6.4026166e+02
1	1	0	17	-6.1695044e+02
1	1	0	18	-5.2738910e+02
1	1	0	19	-5.9622913e+02
1	1	0	20	-5.3804413e+02
1	1	0	21	-5.6675568e+02
1	1	0	22	-5.9858929e+02
1	1	0	23	-7.6378278e+02
1	1	0	24	-5.0919073e+02
1	1	0	25	-4.3496368e+02
1	1	0	26	-4.9167300e+02
1	1	0	27	-3.2716531e+02
1	1	0	28	-5.3300262e+02
1	1	0	29	-4.1564490e+02
1	1	0	30	-2.6274902e+02
1	1	0	31	-2.6516760e+02
1	1	0	32	-3.5466458e+02
1	1	0	33	-4.7435471e+02
1	1	0	34	2.6908731e+02
1	1	0	35	3.6965860e+02
1	1	0	36	3.6522040e+02
1	1	0	37	3.9466895e+02
1	1	0	38	3.0930075e+02
1	1	0	39	4.1351297e+02
1	1	0	40	3.0359604e+02
1	1	0	41	3.0044385e+02
1	1	0	42	4.1258453e+02
1	1	0	43	4.0775735e+02
1	1	0	44	3.4095819e+02
1	1	0	45	4.1469623e+02
1	1	0	46	2.0105844e+02
1	1	0	47	3.8034189e+02
1	1	0	48	4.0967853e+02
1	1	0	49	3.3305920e+02
1	1	0	50	3.4022351e+02
1	1	0	51	9.5594592e+02
1	1	0	52	8.6606165e+02
1	1	0	53	5.3416156e+02
1	1	0	54	6.0869012e+02
1	1	0	55	6.1189624e+02
1	1	0	56	7.7804053e+02
1	1	0	57	7.4190356e+02
1	1	0	58	5.8947205e+02
1	1	0	59	5.6525842e+02
1	1	0	60	6.7097852e+02
1	1	0	61	5.6049847e+02
1	1	0	62	4.4579739e+02
1	1	0	63	7.1216583e+02
1	1	1	0	2.3832784e+02
1	1	1	1	1.0435973e+02
1	1	1	2	6.4842247e+01
1	1	1	3	1.3456984e+02
1	1	1	4	9.7450882e+01
1	1	1	5	2.3323358e+02
1	1	1	6	1.5408450e+02
1	1	1	7	2.0917120e+02
1	1	1	8	6.8992561e+01
1	1	1	9	1.1733092e+02
1	1	1	10	-5.9984550e+01
1	1	1	11	8.8395561e+01
1	1	1	12	7.8621910e+01
1	1	1	13	9.5296951e+01
1	1	1	14	3.3728279e+01
1	1	1	15	1.7627400e+02
1	1	1	16	1.3715915e+01
1	1	1	17	4.2331493e+01
1	1	1	18	8.7619560e+01
1	1	1	19	7.7698380e+01
1	1	1	20	-3.3477345e+01
1	1	1	21	6.9558220e+01
1	1	1	22	1.4098615e+02
1	1	1	23	-1.4228209e+01
1	1	1	24	-2.6619919e+02
1	1	1	25	7.3740852e+01
1	1	1	26	1.1578369e+01
1	1	1	27	-7.5606483e+01
1	1	1	28	3.3798710e+01
1	1	1	29	-5.6684761e+01
1	1	1	30	1.0112590e+01
1	1	1	31	-1.0389595e+02
1	1	1	32	-9.7708557e+01
1	1	1	33	-6.2670879e+01
1	1	1	34	5.1962433e+02
1	1	1	35	3.2172607e+02
1	1	1	36	5.8893524e+02
1	1	1	37	5.1796936e+02
1	1	1	38	6.0665692e+02
1	1	1	39	4.4841052e+02
1	1	1	40	4.2606479e+02
1	1	1	41	4.3455185e+02
1	1	1	42	4.1681918e+02
1	1	1	43	3.7802325e+02
1	1	1	44	4.0704584e+02
1	1	1	45	2.6843900e+02
1	1	1	46	2.7292075e+02
1	1	1	47	1.6456723e+02
1	1	1	48	1.9519554e+02
1	1	1	49	2.9495346e+02
1	1	1	50	3.6823749e+02
1	1	1	51	7.6317865e+02
1	1	1	52	9.3427716e+02
1	1	1	53	6.4483356e+02
1	1	1	54	5.9247174e+02
1	1	1	55	4.6819714e+02
1	1	1	56	5.7194592e+02
1	1	1	57	6.2552393e+02
1	1	1	58	8.5449402e+02
1	1	1	59	4.7768777e+02
1	1	1	60	6.9161945e+02
1	1	1	61	5.6885809e+02
1	1	1	62	7.6444592e+02
1	1	1	63	6.3904633e+02
1	1	2	0	-2.0655608e+02
1	1	2	1	-3.8320169e+02
1	1	2	2	-2.8754962e+02
1	1	2	3	-2.7093848e+02
1	1	2	4	-3.5986002e+02
1	1	2	5	-3.9327567e+02
1	1	2	6	-4.0617438e+02
1	1	2	7	-2.2224919e+02
1	1	2	8	-2.1468573e+02
1	1	2	9	-4.0644077e+02
1	1	2	10	-4.7110608e+02
1	1	2	11	-3.9710410e+02
1	1	2	12	-4.8552783e+02
1	1	2	13	-4.9683377e+02
1	1	2	14	-2.7384851e+02
1	1	2	15	-2.7752768e+02
1	1	2	16	-4.0734790e+02
1	1	2	17	-4.9993463e+02
1	1	2	18	-5.1350006e+02
1	1	2	19	-6.1768726e+02
1	1	2	20	-4.4622742e+02
1	1	2	21	-4.2363293e+02
1	1	2	22	-4.5127692e+02
1	1	2	23	-4.6866373e+02
1	1	2	24	-5.8164819e+02
1	1	2	25	-4.9879199e+02
1	1	2	26	-4.7404544e+02
1	1	2	27	-4.9926019e+02
1	1	2	28	-4.6632767e+02
1	1	2	29	-6.3881348e+02
1	1	2	30	-5.7577698e+02
1	1	2	31	-5.5271924e+02
1	1	2	32	-5.8097473e+02
1	1	2	33	-4.2456744e+02
1	1	2	34	8.6375999e+01
1	1	2	35	-3.4431404e+01
1	1	2	36	1.0957106e+02
1	1	2	37	1.0297350e+02
1	1	2	38	3.3950474e+01
1	1	2	39	6.2887100e+01
1	1	2	40	2.1828209e+02
1	1	2	41	-6.6107880e+01
1	1	2	42	1.7464967e+02
1	1	2	43	2.2171809e+02
1	1	2	44	4.4273411e+01
1	1	2	45	1.4262955e+02
1	1	2	46	2.7797205e+01
1	1	2	47	6.9845352e+01
1	1	2	48	1.0494576e+02
1	1	2	49	1.4195148e+01
1	1	2	50	1.0663810e+02
1	1	2	51	6.9138269e+02
1	1	2	52	6.7449817e+02
1	1	2	53	3.0469498e+02
1	1	2	54	3.7453815e+02
1	1	2	55	3.3162671e+02
1	1	2	56	4.0980746e+02
1	1	2	57	4.4614713e+02
1	1	2	58	3.9876547e+02
1	1	2	59	3.0228323e+02
1	1	2	60	3.5982837e+02
1	1	2	61	2.8683002e+02
1	1	2	62	8.3191315e+01
1	1	2	63	3.9404736e+02
1	1	3	0	-1.5957304e+02
1	1	3	1	-8.6301277e+01
1	1	3	2	-9.6581497e+01
1	1	3	3	1.8084881e+01
1	1	3	4	-1.6836136e+02
1	1	3	5	-6.7229027e+01
1	1	3	6	-2.4106459e+01
1	1	3	7	-2.1266640e+01
1	1	3	8	-2.4264750e+01
1	1	3	9	-3.3920441e+01
1	1	3	10	-1.9103964e+01
1	1	3	11	-7.9813202e+01
1	1	3	12	-8.9027939e+01
1	1	3	13	-6.3369152e+01
1	1	3	14	-1.7282976e+02
1	1	3	15	-2.9697254e+01
1	1	3	16	-1.3114301e+02
1	1	3	17	-6.9987030e+01
1	1	3	18	-1.8998082e+02
1	1	3	19	-2.5483894e+02
1	1	3	20	-1.1530618e+02
1	1	3	21	-9.8877380e+01
1	1	3	22	-1.1299228e+02
1	1	3	23	-9.6474619e+00
1	1	3	24	-1.0144606e+02
1	1	3	25	-7.7254013e+01
1	1	3	26	-9.4683601e+01
1	1	3	27	-1.6394090e+02
1	1	3	28	-4.2527275e+01
1	1	3	29	-1.5826070e+02
1	1	3	30	-1.5237718e+02
1	1	3	31	-3.1588635e+02
1	1	3	32	-1.7275945e+02
1	1	3	33	-1.6544754e+02
1	1	3	34	3.4599799e+02
1	1	3	35	2.5604883e+02
1	1	3	36	3.7510516e+02
1	1	3	37	5.1459521e+02
1	1	3	38	4.2676517e+02
1	1	3	39	4.1990076e+02
1	1	3	40	5.9309924e+02
1	1	3	41	5.1334821e+02
1	1	3	42	6.0062549e+02
1	1	3	43	4.7302563e+02
1	1	3	44	4.4440527e+02
1	1	3	45	3.9686087e+02
1	1	3	46	5.0451492e+02
1	1	3	47	5.1993060e+02
1	1	3	48	4.3388556e+02
1	1	3	49	3.2329398e+02
1	1	3	50	4.9760532e+02
1	1	3	51	9.1010803e+02
1	1	3	52	8.3636182e+02
1	1	3	53	5.1451270e+02
1	1	3	54	7.2362701e+02
1	1	3	55	6.2120789e+02
1	1	3	56	8.2732794e+02
1	1	3	57	8.8189417e+02
1	1	3	58	7.6318713e+02
1	1	3	59	7.9195587e+02
1	1	3	60	6.8757898e+02
1	1	3	61	7.1122247e+02
1	1	3	62	6.7798151e+02
1	1	3	63	8.2930365e+02
1	1	4	0	-1.6941986e+02
1	1	4	1	-3.0319821e+02
1	1	4	2	-3.1532111e+02
1	1	4	3	-1.9103455e+02
1	1	4	4	-3.6987674e+02
1	1	4	5	-2.8464462e+02
1	1	4	6	-3.4386353e+02
1	1	4	7	-2.7465234e+02
1	1	4	8	-3.5346567e+02
1	1	4	9	-3.7091544e+02
1	1	4	10	-4.3724246e+02
1	1	4	11	-2.8175323e+02
1	1	4	12	-3.7566428e+02
1	1	4	13	-3.4973639e+02
1	1	4	14	-2.0621434e+02
1	1	4	15	-3.4708698e+02
1	1	4	16	-4.4377451e+02
1	1	4	17	-4.8071140e+02
1	1	4	18	-2.9332767e+02
1	1	4	19	-4.1953104e+02
1	1	4	20	-3.6340198e+02
1	1	4	21	-3.9042465e+02
1	1	4	22	-3.9614981e+02
1	1	4	23	-4.2084619e+02
1	1	4	24	-4.7558685e+02
1	1	4	25	-4.5684711e+02
1	1	4	26	-4.3643445e+02
1	1	4	27	-4.3892654e+02
1	1	4	28	-3.7253775e+02
1	1	4	29	-5.0029013e+02
1	1	4	30	-4.8407043e+02
1	1	4	31	-5.5628802e+02
1	1	4	32	-4.6085480e+02
1	1	4	33	-5.7070959e+02
1	1	4	34	2.5482269e+01
1	1	4	35	8.1577301e+01
1	1	4	36	-1.0187388e+01
1	1	4	37	4.5237975e+00
1	1	4	38	8.5059900e+00
1	1	4	39	3.6568005e+01
1	1	4	40	5.3405392e+01
1	1	4	41	-5.1125305e+01
1	1	4	42	1.6732590e+02
1	1	4	43	1.8806425e+02
1	1	4	44	1.3107884e+02
1	1	4	45	1.0877151e+02
1	1	4	46	1.5873187e+02
1	1	4	47	1.9620659e+02
1	1	4	48	1.9630396e+02
1	1	4	49	1.5558839e+02
1	1	4	50	1.8523128e+02
1	1	4	51	6.6232819e+02
1	1	4	52	6.4281024e+02
1	1	4	53	3.9635477e+02
1	1	4	54	2.9773447e+02
1	1	4	55	4.4381287e+02
1	1	4	56	5.7382861e+02
1	1	4	57	4.4357031e+02
1	1	4	58	3.5117795e+02
1	1	4	59	3.2636707e+02
1	1	4	60	4.4645779e+02
1	1	4	61	1.8933597e+02
1	1	4	62	3.2729385e+02
1	1	4	63	4.0625436e+02
1	1	5	0	4.8192905e+01
1	1	5	1	-1.4090915e+02
1	1	5	2	-3.7025656e+02
1	1	5	3	-2.4611842e+02
1	1	5	4	-1.8532582e+02
1	1	5	5	-9.2622734e+01
1	1	5	6	-5.9639488e+01
1	1	5	7	-6.6509102e+01
1	1	5	8	-2.1874747e+02
1	1	5	9	-1.2346693e+02
1	1	5	10	-3.0294058e+01
1	1	5	11	-1.1768974e+02
1	1	5	12	-2.5293269e+02
1	1	5	13	-2.7609277e+02
1	1	5	14	-3.4095819e+02
1	1	5	15	-1.3423329e+02
1	1	5	16	-2.4394487e+02
1	1	5	17	-6.8138176e+01
1	1	5	18	-1.8002531e+02
1	1	5	19	-3.4343933e+02
1	1	5	20	-2.5795474e+02
1	1	5	21	-2.0252499e+02
1	1	5	22	-1.6359770e+02
1	1	5	23	-3.0082736e+02
1	1	5	24	-3.7827011e+02
1	1	5	25	-3.9120804e+02
1	1	5	26	-2.6750183e+02
1	1	5	27	-2.9983344e+02
1	1	5	28	-2.5217531e+02
1	1	5	29	-3.3871808e+02
1	1	5	30	-2.0066551e+02
1	1	5	31	-3.7378922e+02
1	1	5	32	-3.6269962e+02
1	1	5	33	-2.5794995e+02
1	1	5	34	3.1434198e+02
1	1	5	35	2.7969586e+02
1	1	5	36	4.2256693e+02
1	1	5	37	4.1048279e+02
1	1	5	38	3.5709027e+02
1	1	5	39	3.0323050e+02
1	1	5	40	4.2370013e+02
1	1	5	41	2.8292386e+02
1	1	5	42	3.2322940e+02
1	1	5	43	3.6117935e+02
1	1	5	44	2.9365970e+02
1	1	5	45	3.9917648e+02
1	1	5	46	4.4406195e+02
1	1	5	47	4.4132376e+02
1	1	5	48	4.5644608e+02
1	1	5	49	4.5439319e+02
1	1	5	50	4.2193729e+02
1	1	5	51	8.5353961e+02
1	1	5	52	9.2396722e+02
1	1	5	53	6.8421179e+02
1	1	5	54	6.5394080e+02
1	1	5	55	6.4192188e+02
1	1	5	56	5.7083923e+02
1	1	5	57	7.0451855e+02
1	1	5	58	6.4517889e+02
1	1	5	59	6.8120178e+02
1	1	5	60	5.0761322e+02
1	1	5	61	5.5734039e+02
1	1	5	62	5.3538348e+02
1	1	5	63	6.8940466e+02
1	1	6	0	-3.5668948e+02
1	1	6	1	-4.7144476e+02
1	1	6	2	-5.0972870e+02
1	1	6	3	-3.5412640e+02
1	1	6	4	-5.2956738e+02
1	1	6	5	-5.4691718e+02
1	1	6	6	-5.7537244e+02
1	1	6	7	-3.8168008e+02
1	1	6	8	-4.6498959e+02
1	1	6	9	-4.3035425e+02
1	1	6	10	-6.4467993e+02
1	1	6	11	-3.9770511e+02
1	1	6	12	-5.0692258e+02
1	1	6	13	-4.1769891e+02
1	1	6	14	-3.8430765e+02
1	1	6	15	-5.7566602e+02
1	1	6	16	-4.4116473e+02
1	1	6	17	-5.4972992e+02
1	1	6	18	-5.1601807e+02
1	1	6	19	-5.5394122e+02
1	1	6	20	-5.1992004e+02
1	1	6	21	-4.7307184e+02
1	1	6	22	-5.8085266e+02
1	1	6	23	-4.6563776e+02
1	1	6	24	-5.8888824e+02
1	1	6	25	-6.0783209e+02
1	1	6	26	-6.1463531e+02
1	1	6	27	-5.9685150e+02
1	1	6	28	-5.3975421e+02
1	1	6	29	-5.5232446e+02
1	1	6	30	-5.8323151e+02
1	1	6	31	-5.9764252e+02
1	1	6	32	-8.0973273e+02
1	1	6	33	-6.0362994e+02
1	1	6	34	2.7399412e+01
1	1	6	35	1.2348636e+02
1	1	6	36	1.4336330e+02
1	1	6	37	8.2867958e+01
1	1	6	38	-6.6682159e+01
1	1	6	39	3.0879608e+01
1	1	6	40	1.8005468e+01
1	1	6	41	-1.0501769e+02
1	1	6	42	5.1798840e+01
1	1	6	43	1.6658171e+02
1	1	6	44	-1.0138107e+01
1	1	6	45	2.7401573e+01
1	1	6	46	1.6391278e+02
1	1	6	47	-1.7863190e+01
1	1	6	48	7.7808723e+01
1	1	6	49	8.7014137e+01
1	1	6	50	8.6086678e+01
1	1	6	51	6.0018085e+02
1	1	6	52	6.5185565e+02
1	1	6	53	1.0787326e+02
1	1	6	54	2.7505234e+02
1	1	6	55	3.4008133e+02
1	1	6	56	4.5840973e+02
1	1	6	57	4.4274887e+02
1	1	6	58	4.0149274e+02
1	1	6	59	3.3242255e+02
1	1	6	60	3.3729193e+02
1	1	6	61	2.2778871e+02
1	1	6	62	3.0209097e+02
1	1	6	63	3.6812653e+02
1	1	7	0	-2.1414793e+01
1	1	7	1	-1.2655287e+02
1	1	7	2	-2.2634459e+02
1	1	7	3	-1.9729169e+02
1	1	7	4	-1.6130405e+02
1	1	7	5	-7.6570992e+01
1	1	7	6	-3.0306219e+02
1	1	7	7	-1.0919190e+02
1	1	7	8	-1.8439795e+02
1	1	7	9	-1.7216003e+02
1	1	7	10	-2.0642120e+02
1	1	7	11	-3.1527542e+02
1	1	7	12	-3.0253979e+02
1	1	7	13	-1.7564273e+02
1	1	7	14	-3.6797464e+02
1	1	7	15	-1.6256653e+02
1	1	7	16	-3.4035638e+02
1	1	7	17	-3.7343863e+02
1	1	7	18	-3.1640994e+02
1	1	7	19	-2.8866577e+02
1	1	7	20	-2.9944708e+02
1	1	7	21	-3.1119302e+02
1	1	7	22	-1.4513263e+02
1	1	7	23	-1.3559467e+02
1	1	7	24	-2.6026486e+02
1	1	7	25	-9.3979935e+01
1	1	7	26	-3.0407092e+02
1	1	7	27	-3.5597562e+02
1	1	7	28	-2.3007985e+02
1	1	7	29	-2.3363228e+02
1	1	7	30	-3.1846689e+02
1	1	7	31	-3.5792172e+02
1	1	7	32	-3.0752121e+02
1	1	7	33	-3.1967783e+02
1	1	7	34	3.7645145e+02
1	1	7	35	2.5011295e+02
1	1	7	36	3.7804700e+02
1	1	7	37	1.4238861e+02
1	1	7	38	3.5768036e+02
1	1	7	39	4.1909955e+02
1	1	7	40	4.6840402e+02
1	1	7	41	3.4564307e+02
1	1	7	42	4.2452386e+02
1	1	7	43	3.2449634e+02
1	1	7	44	5.0592203e+02
1	1	7	45	2.0034239e+02
1	1	7	46	4.9082129e+02
1	1	7	47	3.2784885e+02
1	1	7	48	4.2248602e+02
1	1	7	49	4.2143399e+02
1	1	7	50	2.9723669e+02
1	1	7	51	7.5197717e+02
1	1	7	52	9.1472253e+02
1	1	7	53	6.7191504e+02
1	1	7	54	5.9936639e+02
1	1	7	55	5.3631934e+02
1	1	7	56	8.5967084e+02
1	1	7	57	5.7369641e+02
1	1	7	58	5.9084106e+02
1	1	7	59	5.2156982e+02
1	1	7	60	6.8972052e+02
1	1	7	61	6.1977905e+02
1	1	7	62	6.8551276e+02
1	1	7	63	5.3206732e+02
1	1	8	0	-2.3477289e+02
1	1	8	1	-5.4901514e+02
1	1	8	2	-2.7329721e+02
1	1	8	3	-3.0953098e+02
1	1	8	4	-4.4544534e+02
1	1	8	5	-4.1075208e+02
1	1	8	6	-4.6756265e+02
1	1	8	7	-2.9617480e+02
1	1	8	8	-4.4614441e+02
1	1	8	9	-4.3018848e+02
1	1	8	10	-4.2902386e+02
1	1	8	11	-5.5142700e+02
1	1	8	12	-5.2976923e+02
1	1	8	13	-4.6646973e+02
1	1	8	14	-3.3494827e+02
1	1	8	15	-4.2500150e+02
1	1	8	16	-5.0993344e+02
1	1	8	17	-5.3887396e+02
1	1	8	18	-4.2994382e+02
1	1	8	19	-5.7112335e+02
1	1	8	20	-4.8270148e+02
1	1	8	21	-4.8425156e+02
1	1	8	22	-4.7990247e+02
1	1	8	23	-5.7689435e+02
1	1	8	24	-6.6336700e+02
1	1	8	25	-5.4434210e+02
1	1	8	26	-5.8629126e+02
1	1	8	27	-6.0468646e+02
1	1	8	28	-5.1020398e+02
1	1	8	29	-8.6682086e+02
1	1	8	30	-6.5370221e+02
1	1	8	31	-6.5484344e+02
1	1	8	32	-6.7882605e+02
1	1	8	33	-6.2241217e+02
1	1	8	34	-1.5768433e+02
1	1	8	35	-7.5614304e+01
1	1	8	36	-5.4347412e+01
1	1	8	37	-1.2964967e+02
1	1	8	38	-1.6404028e+02
1	1	8	39	-9.0881866e+01
1	1	8	40	-3.9657967e+01
1	1	8	41	-3.8837322e+01
1	1	8	42	-1.0190401e+02
1	1	8	43	2.6790375e+01
1	1	8	44	-6.4760357e-01
1	1	8	45	-2.7886660e+01
1	1	8	46	1.9890663e+01
1	1	8	47	-8.3548729e+01
1	1	8	48	-3.3201775e+01
1	1	8	49	-1.3022916e+02
1	1	8	50	-9.7827587e+00
1	1	8	51	5.4587140e+02
1	1	8	52	5.2891589e+02
1	1	8	53	6.9349419e+01
1	1	8	54	1.5270560e+02
1	1	8	55	2.7825302e+02
1	1	8	56	4.9264478e+02
1	1	8	57	1.1436440e+02
1	1	8	58	3.2458646e+02
1	1	8	59	2.3327359e+02
1	1	8	60	3.9150375e+02
1	1	8	61	3.2518223e+01
1	1	8	62	1.8260063e+02
1	1	8	63	4.8605324e+01
1	1	9	0	-2.3989473e+02
1	1	9	1	-4.4764233e+02
1	1	9	2	-3.1111066e+02
1	1	9	3	-4.3041827e+02
1	1	9	4	-4.1460278e+02
1	1	9	5	-2.1111295e+02
1	1	9	6	-2.5626282e+02
1	1	9	7	-2.8717783e+02
1	1	9	8	-3.5422784e+02
1	1	9	9	-3.8558505e+02
1	1	9	10	-3.8412906e+02
1	1	9	11	-3.7610330e+02
1	1	9	12	-4.0426660e+02
1	1	9	13	-3.0359225e+02
1	1	9	14	-4.2126816e+02
1	1	9	15	-3.0496463e+02
1	1	9	16	-4.5908929e+02
1	1	9	17	-4.4158173e+02
1	1	9	18	-5.5779742e+02
1	1	9	19	-4.4651816e+02
1	1	9	20	-4.4668643e+02
1	1	9	21	-4.2321048e+02
1	1	9	22	-5.6585211e+02
1	1	9	23	-4.0876505e+02
1	1	9	24	-4.4354306e+02
1	1	9	25	-5.0186823e+02
1	1	9	26	-4.7836795e+02
1	1	9	27	-4.7082483e+02
1	1	9	28	-4.8130740e+02
1	1	9	29	-5.5495599e+02
1	1	9	30	-4.4622263e+02
1	1	9	31	-4.6071442e+02
1	1	9	32	-4.6217075e+02
1	1	9	33	-5.2129681e+02
1	1	9	34	-3.8084358e+01
1	1	9	35	1.6029932e+02
1	1	9	36	2.1313298e+02
1	1	9	37	-1.8242294e+01
1	1	9	38	1.2323239e+02
1	1	9	39	1.7928137e+02
1	1	9	40	2.9900110e+02
1	1	9	41	2.1279854e+02
1	1	9	42	3.2849496e+02
1	1	9	43	2.9134357e+02
1	1	9	44	3.5691144e+02
1	1	9	45	1.3057193e+02
1	1	9	46	2.9046222e+02
1	1	9	47	2.7849539e+02
1	1	9	48	3.6552338e+02
1	1	9	49	1.0695428e+02
1	1	9	50	4.0016537e+02
1	1	9	51	6.3140198e+02
1	1	9	52	8.1269153e+02
1	1	9	53	4.5877356e+02
1	1	9	54	5.4851422e+02
1	1	9	55	5.6573340e+02
1	1	9	56	5.2841248e+02
1	1	9	57	6.0803711e+02
1	1	9	58	2.8555899e+02
1	1	9	59	4.3203696e+02
1	1	9	60	6.5719122e+02
1	1	9	61	2.4894460e+02
1	1	9	62	3.4011703e+02
1	1	9	63	6.3855292e+02
1	1	10	0	-5.3922752e+01
1	1	10	1	-9.7573044e+01
1	1	10	2	-5.6395561e+01
1	1	10	3	-9.5187172e+01
1	1	10	4	-3.3486847e+02
1	1	10	5	-1.6504364e+02
1	1	10	6	-2.6129715e+02
1	1	10	7	-8.0796432e+01
1	1	10	8	-1.9937155e+02
1	1	10	9	-1.0559217e+02
1	1	10	10	-1.7481577e+02
1	1	10	11	-8.8457787e+01
1	1	10	12	-3.1942377e+02
1	1	10	13	-2.2189465e+02
1	1	10	14	-2.1347763e+02
1	1	10	15	-2.1380658e+02
1	1	10	16	-2.3614870e+02
1	1	10	17	-3.7616180e+02
1	1	10	18	-2.1979926e+02
1	1	10	19	-2.5447820e+02
1	1	10	20	-2.7995786e+02
1	1	10	21	-1.9340579e+02
1	1	10	22	-3.4132983e+02
1	1	10	23	-2.0550630e+02
1	1	10	24	-2.6904749e+02
1	1	10	25	-2.5749155e+02
1	1	10	26	-2.6269940e+02
1	1	10	27	-4.8544016e+02
1	1	10	28	-3.5862378e+02
1	1	10	29	-3.1656647e+02
1	1	10	30	-3.0444220e+02
1	1	10	31	-4.2204236e+02
1	1	10	32	-3.7389841e+02
1	1	10	33	-3.6223315e+02
1	1	10	34	2.4508289e+02
1	1	10	35	1.8155246e+02
1	1	10	36	2.4891615e+02
1	1	10	37	2.1456435e+02
1	1	10	38	2.4554498e+02
1	1	10	39	2.3161925e+02
1	1	10	40	2.0384824e+02
1	1	10	41	1.8434119e+02
1	1	10	42	3.2292685e+02
1	1	10	43	2.9883948e+02
1	1	10	44	4.4916367e+02
1	1	10	45	3.2469592e+02
1	1	10	46	2.0611444e+02
1	1	10	47	3.2445804e+02
1	1	10	48	4.4694351e+02
1	1	10	49	4.2954834e+02
1	1	10	50	3.0998752e+02
1	1	10	51	8.2750134e+02
1	1	10	52	8.9377734e+02
1	1	10	53	5.1236639e+02
1	1	10	54	4.2723853e+02
1	1	10	55	6.6022900e+02
1	1	10	56	5.7577655e+02
1	1	10	57	7.0104120e+02
1	1	10	58	6.3874463e+02
1	1	10	59	4.4496057e+02
1	1	10	60	6.4825873e+02
1	1	10	61	2.8000012e+02
1	1	10	62	3.3448257e+02
1	1	10	63	5.4516589e+02
1	1	11	0	2.2142637e+01
1	1	11	1	1.2486794e+01
1	1	11	2	-1.1936913e+02
1	1	11	3	-4.0691303e+01
1	1	11	4	-1.7300240e+02
1	1	11	5	-1.6387074e+02
1	1	11	6	-1.1075005e+02
1	1	11	7	5.7931026e+01
1	1	11	8	-3.4399033e+01
1	1	11	9	-1.2560741e+02
1	1	11	10	1.4702456e+01
1	1	11	11	-1.6489606e+02
1	1	11	12	-1.2254664e+02
1	1	11	13	-2.1641498e+02
1	1	11	14	-1.7495282e+02
1	1	11	15	-8.5210640e+01
1	1	11	16	-1.7501411e+02
1	1	11	17	-2.6213519e+02
1	1	11	18	-1.4172989e+02
1	1	11	19	-4.6231998e+01
1	1	11	20	-1.1117884e+02
1	1	11	21	-2.9451022e+02
1	1	11	22	-1.6335388e+02
1	1	11	23	-1.0241154e+02
1	1	11	24	-2.1407057e+02
1	1	11	25	-1.3793068e+02
1	1	11	26	-2.5395952e+02
1	1	11	27	-2.7161948e+02
1	1	11	28	-4.0870438e+02
1	1	11	29	-2.1596010e+02
1	1	11	30	-2.2920863e+02
1	1	11	31	-1.5012173e+02
1	1	11	32	-2.3340663e+02
1	1	11	33	-3.3004260e+02
1	1	11	34	3.7358847e+02
1	1	11	35	1.6541057e+02
1	1	11	36	4.6882788e+02
1	1	11	37	4.9778928e+02
1	1	11	38	4.4434964e+02
1	1	11	39	2.7896683e+02
1	1	11	40	3.8285529e+02
1	1	11	41	3.9856921e+02
1	1	11	42	5.6573126e+02
1	1	11	43	4.8419189e+02
1	1	11	44	5.6807086e+02
1	1	11	45	4.7404807e+02
1	1	11	46	4.9028873e+02
1	1	11	47	3.4841690e+02
1	1	11	48	5.4913770e+02
1	1	11	49	5.2729156e+02
1	1	11	50	3.0799402e+02
1	1	11	51	8.9624799e+02
1	1	11	52	9.1631152e+02
1	1	11	53	7.1093878e+02
1	1	11	54	6.7283600e+02
1	1	11	55	7.0512616e+02
1	1	11	56	9.2637732e+02
1	1	11	57	8.6836316e+02
1	1	11	58	6.1165845e+02
1	1	11	59	6.2398804e+02
1	1	11	60	8.0044745e+02
1	1	11	61	4.2076773e+02
1	1	11	62	4.3591241e+02
1	1	11	63	7.8075208e+02
1	1	12	0	-1.6262532e+02
1	1	12	1	-2.2505582e+02
1	1	12	2	-1.6992694e+02
1	1	12	3	-2.3854295e+02
1	1	12	4	-5.3467554e+02
1	1	12	5	-1.6733157e+02
1	1	12	6	-3.8801733e+02
1	1	12	7	-3.8825891e+02
1	1	12	8	-3.5519568e+02
1	1	12	9	-4.9135657e+02
1	1	12	10	-4.3878552e+02
1	1	12	11	-2.8602454e+02
1	1	12	12	-3.8913794e+02
1	1	12	13	-3.4248749e+02
1	1	12	14	-3.0494931e+02
1	1	12	15	-2.8350656e+02
1	1	12	16	-3.7004095e+02
1	1	12	17	-4.2980826e+02
1	1	12	18	-3.5838028e+02
1	1	12	19	-3.5679758e+02
1	1	12	20	-2.7666147e+02
1	1	12	21	-3.7052161e+02
1	1	12	22	-4.1152768e+02
1	1	12	23	-5.4798126e+02
1	1	12	24	-5.3499213e+02
1	1	12	25	-5.8799518e+02
1	1	12	26	-5.5162738e+02
1	1	12	27	-5.4703674e+02
1	1	12	28	-3.9487561e+02
1	1	12	29	-5.0451456e+02
1	1	12	30	-4.5514706e+02
1	1	12	31	-4.8109576e+02
1	1	12	32	-5.5253833e+02
1	1	12	33	-4.5625766e+02
1	1	12	34	9.7281860e+01
1	1	12	35	8.6627556e+01
1	1	12	36	1.3033098e+02
1	1	12	37	8.9821106e+01
1	1	12	38	1.4876602e+02
1	1	12	39	8.8086090e+01
1	1	12	40	1.9201286e+02
1	1	12	41	5.5780109e+01
1	1	12	42	2.2779552e+02
1	1	12	43	1.7540059e+02
1	1	12	44	4.8310834e+02
1	1	12	45	1.5410844e+02
1	1	12	46	2.0885518e+02
1	1	12	47	1.8272980e+02
1	1	12	48	2.0667793e+02
1	1	12	49	1.1950270e+02
1	1	12	50	-5.4638724e+00
1	1	12	51	7.5054108e+02
1	1	12	52	7.9707935e+02
1	1	12	53	4.0121783e+02
1	1	12	54	4.5836099e+02
1	1	12	55	5.1491156e+02
1	1	12	56	5.4120691e+02
1	1	12	57	5.6454236e+02
1	1	12	58	5.3555121e+02
1	1	12	59	4.4633914e+02
1	1	12	60	5.0453171e+02
1	1	12	61	4.1246155e+02
1	1	12	62	3.3312003e+02
1	1	12	63	5.9284027e+02
1	1	13	0	-1.1090661e+02
1	1	13	1	-9.9355179e+01
1	1	13	2	-9.7588898e+01
1	1	13	3	-5.7377636e+01
1	1	13	4	-9.7275421e+01
1	1	13	5	-1.4386771e+00
1	1	13	6	-1.3584532e+02
1	1	13	7	-1.2155545e+02
1	1	13	8	-2.8355637e+02
1	1	13	9	-6.7603951e+01
1	1	13	10	-1.1667503e+02
1	1	13	11	-7.3459671e+01
1	1	13	12	-2.7373654e+02
1	1	13	13	-1.5195262e+02
1	1	13	14	-4.0065536e+02
1	1	13	15	-6.9406609e+01
1	1	13	16	-2.1705801e+02
1	1	13	17	-1.7624333e+02
1	1	13	18	-2.1731863e+02
1	1	13	19	-1.0317796e+02
1	1	13	20	-3.9876898e+02
1	1	13	21	-2.8439404e+02
1	1	13	22	-3.5928442e+02
1	1	13	23	-1.3538504e+02
1	1	13	24	-4.7430231e+02
1	1	13	25	-2.2065106e+02
1	1	13	26	-1.8966066e+02
1	1	13	27	-2.0759097e+02
1	1	13	28	-3.1359735e+02
1	1	13	29	-3.4349197e+02
1	1	13	30	-4.2115671e+02
1	1	13	31	-2.8991647e+02
1	1	13	32	-3.3924002e+02
1	1	13	33	-3.1995688e+02
1	1	13	34	3.8859863e+02
1	1	13	35	2.9607620e+02
1	1	13	36	4.0793329e+02
1	1	13	37	4.2338132e+02
1	1	13	38	4.2486523e+02
1	1	13	39	4.1570877e+02
1	1	13	40	2.7805124e+02
1	1	13	41	3.7787732e+02
1	1	13	42	4.0876865e+02
1	1	13	43	2.9052899e+02
1	1	13	44	1.3305510e+02
1	1	13	45	4.3360175e+02
1	1	13	46	4.3022244e+02
1	1	13	47	4.3446210e+02
1	1	13	48	4.7461450e+02
1	1	13	49	4.4832349e+02
1	1	13	50	4.4763315e+02
1	1	13	51	8.9222675e+02
1	1	13	52	1.0980876e+03
1	1	13	53	5.9771631e+02
1	1	13	54	6.7614813e+02
1	1	13	55	6.4366431e+02
1	1	13	56	8.2749030e+02
1	1	13	57	7.3157037e+02
1	1	13	58	4.8188611e+02
1	1	13	59	6.9494525e+02
1	1	13	60	7.1086432e+02
1	1	13	61	6.5095496e+02
1	1	13	62	6.8386084e+02
1	1	13	63	8.0353473e+02
1	1	14	0	-4.0026489e+02
1	1	14	1	-4.9644666e+02
1	1	14	2	-3.2881512e+02
1	1	14	3	-4.7381830e+02
1	1	14	4	-3.3230899e+02
1	1	14	5	-3.1581418e+02
1	1	14	6	-2.7456720e+02
1	1	14	7	-5.6783832e+02
1	1	14	8	-4.9674048e+02
1	1	14	9	-2.1173752e+02
1	1	14	10	-7.8477118e+02
1	1	14	11	-1.6315555e+02
1	1	14	12	-5.2692426e+02
1	1	14	13	-4.0410458e+02
1	1	14	14	-6.7065228e+02
1	1	14	15	-6.9973163e+02
1	1	14	16	-7.6864008e+02
1	1	14	17	-7.2050397e+02
1	1	14	18	-8.0736340e+02
1	1	14	19	-6.1969464e+02
1	1	14	20	-7.2600842e+02
1	1	14	21	-7.7720459e+02
1	1	14	22	-6.2156122e+02
1	1	14	23	-5.3648425e+02
1	1	14	24	-5.6404968e+02
1	1	14	25	-4.9057959e+02
1	1	14	26	-7.1773871e+02
1	1	14	27	-3.8643030e+02
1	1	14	28	-4.8537747e+02
1	1	14	29	-5.3675482e+02
1	1	14	30	-4.0692041e+02
1	1	14	31	-3.6656122e+02
1	1	14	32	-4.2391617e+02
1	1	14	33	-5.2554590e+02
1	1	14	34	2.2503537e+02
1	1	14	35	3.0211368e+02
1	1	14	36	1.0271211e+02
1	1	14	37	2.7659644e+02
1	1	14	38	2.8724768e+02
1	1	14	39	2.8514618e+02
1	1	14	40	2.6569641e+02
1	1	14	41	3.9400922e+02
1	1	14	42	3.4007632e+02
1	1	14	43	3.5634125e+02
1	1	14	44	4.4618918e+02
1	1	14	45	2.8319122e+02
1	1	14	46	3.8436224e+02
1	1	14	47	4.3403012e+02
1	1	14	48	3.3729776e+02
1	1	14	49	1.9378485e+02
1	1	14	50	3.3253519e+02
1	1	14	51	1.0222449e+03
1	1	14	52	1.0030044e+03
1	1	14	53	5.8342725e+02
1	1	14	54	5.4360291e+02
1	1	14	55	6.1125330e+02
1	1	14	56	8.2555743e+02
1	1	14	57	7.6083032e+02
1	1	14	58	5.9685193e+02
1	1	14	59	7.0786639e+02
1	1	14	60	6.6240741e+02
1	1	14	61	5.9764404e+02
1	1	14	62	6.4741437e+02
1	1	14	63	6.4138208e+02
1	1	15	0	4.5059986e+01
1	1	15	1	-7.0022815e-01
1	1	15	2	2.2679127e+01
1	1	15	3	6.0444851e+01
1	1	15	4	-7.1678154e+01
1	1	15	5	4.9447796e+01
1	1	15	6	3.1871679e+01
1	1	15	7	1.9533307e+02
1	1	15	8	6.7830452e+01
1	1	15	9	-1.7667662e+01
1	1	15	10	7.9315826e+01
1	1	15	11	-3.6416264e+00
1	1	15	12	-2.2341216e+02
1	1	15	13	3.4115490e+01
1	1	15	14	-1.2601969e+02
1	1	15	15	-2.4906937e+01
1	1	15	16	-9.4159088e+01
1	1	15	17	-1.2440950e+01
1	1	15	18	-1.1463836e+02
1	1	15	19	-9.8199699e+01
1	1	15	20	-1.3622757e+02
1	1	15	21	-1.1916708e+02
1	1	15	22	-2.4895864e+01
1	1	15	23	-6.6779518e+01
1	1	15	24	-1.1444212e+02
1	1	15	25	-7.3559486e+01
1	1	15	26	-1.2106541e+02
1	1	15	27	-1.9890506e+02
1	1	15	28	-1.9580473e+02
1	1	15	29	-2.3818933e+02
1	1	15	30	-1.0982696e+02
1	1	15	31	-1.6343237e+02
1	1	15	32	-1.5539906e+02
1	1	15	33	-1.9696838e+02
1	1	15	34	3.1946255e+02
1	1	15	35	3.9619681e+02
1	1	15	36	4.0218988e+02
1	1	15	37	2.4526410e+02
1	1	15	38	5.0846500e+02
1	1	15	39	2.8617389e+02
1	1	15	40	3.3307983e+02
1	1	15	41	2.3115152e+02
1	1	15	42	3.9641827e+02
1	1	15	43	2.7328198e+02
1	1	15	44	2.1674507e+02
1	1	15	45	2.6487347e+02
1	1	15	46	1.7744606e+02
1	1	15	47	1.5756201e+02
1	1	15	48	1.5540744e+02
1	1	15	49	9.3064224e+01
1	1	15	50	3.3590277e+02
1	1	15	51	5.9062268e+02
1	1	15	52	8.0712378e+02
1	1	15	53	3.9317151e+02
1	1	15	54	5.0348315e+02
1	1	15	55	4.5579630e+02
1	1	15	56	5.3742102e+02
1	1	15	57	6.4333771e+02
1	1	15	58	5.6082080e+02
1	1	15	59	4.0077307e+02
1	1	15	60	5.2636975e+02
1	1	15	61	4.0960657e+02
1	1	15	62	4.5832541e+02
1	1	15	63	5.3862042e+02
1	2	0	0	1.8416858e+02
1	2	0	1	1.5944201e+01
1	2	0	2	1.8701317e+02
1	2	0	3	8.5211113e+01
1	2	0	4	1.3872179e+02
1	2	0	5	8.7941612e+01
1	2	0	6	-2.1675919e+01
1	2	0	7	1.3625613e+02
1	2	0	8	2.1965120e+01
1	2	0	9	1.4849803e+02
1	2	0	10	5.1962017e+01
1	2	0	11	8.6862633e+01
1	2	0	12	-1.4584223e+01
1	2	0	13	1.2200753e+02
1	2	0	14	1.0131150e+02
1	2	0	15	1.7742102e+01
1	2	0	16	-7.3460335e+01
1	2	0	17	5.3137293e+00
1	2	0	18	-6.0786133e+01
1	2	0	19	-5.4176411e+01
1	2	0	20	3.4759651e+01
1	2	0	21	4.3011494e+01
1	2	0	22	1.7671396e+01
1	2	0	23	-3.5258770e+01
1	2	0	24	5.5244030e+01
1	2	0	25	6.8903221e+01
1	2	0	26	-6.7055969e+01
1	2	0	27	-8.0735107e+01
1	2	0	28	3.8394199e+01
1	2	0	29	-3.4450417e+01
1	2	0	30	4.2998550e+01
1	2	0	31	-6.7618195e+01
1	2	0	32	2.7637526e+01
1	2	0	33	1.1071042e+01
1	2	0	34	4.0603049e+02
1	2	0	35	6.5357538e+02
1	2	0	36	6.5906165e+02
1	2	0	37	6.2115649e+02
1	2	0	38	5.9250562e+02
1	2	0	39	6.3763751e+02
1	2	0	40	6.8956622e+02
1	2	0	41	4.3795596e+02
1	2	0	42	5.4246777e+02
1	2	0	43	6.9746948e+02
1	2	0	44	6.6372205e+02
1	2	0	45	5.5136890e+02
1	2	0	46	6.4467310e+02
1	2	0	47	6.2575128e+02
1	2	0	48	6.0209845e+02
1	2	0	49	6.5879156e+02
1	2	0	50	6.7512207e+02
1	2	0	51	1.1676090e+03
1	2	0	52	1.0752649e+03
1	2	0	53	7.7929938e+02
1	2	0	54	7.5478491e+02
1	2	0	55	8.3255145e+02
1	2	0	56	9.5427991e+02
1	2	0	57	9.9887476e+02
1	2	0	58	7.8962067e+02
1	2	0	59	9.0750873e+02
1	2	0	60	8.0652295e+02
1	2	0	61	7.4300110e+02
1	2	0	62	6.2101770e+02
1	2	0	63	7.3592859e+02
1	2	1	0	2.1078423e+02
1	2	1	1	-5.2614841e+01
1	2	1	2	-1.4891284e+01
1	2	1	3	1.8047711e+02
1	2	1	4	1.8783463e+01
1	2	1	5	1.1428885e+02
1	2	1	6	4.1805084e+01
1	2	1	7	1.8064322e+02
1	2	1	8	1.8988097e+02
1	2	1	9	1.9942099e+02
1	2	1	10	1.4636678e+02
1	2	1	11	1.1560057e+02
1	2	1	12	9.3559799e+01
1	2	1	13	1.4808183e+02
1	2	1	14	1.5165617e+02
1	2	1	15	1.3045181e+02
1	2	1	16	1.0097715e+01
1	2	1	17	-8.3499817e+01
1	2	1	18	-2.5160418e+01
1	2	1	19	-5.5767540e+01
1	2	1	20	-2.0945992e+02
1	2	1	21	1.0292913e+00
1	2	1	22	-1.2073263e+02
1	2	1	23	-1.6471191e+02
1	2	1	24	-4.9050781e+01
1	2	1	25	1.1039115e+02
1	2	1	26	1.5803201e+01
1	2	1	27	5.2911633e+01
1	2	1	28	1.2633475e+02
1	2	1	29	-2.4613128e+00
1	2	1	30	3.3127544e+01
1	2	1	31	-1.1265017e+02
1	2	1	32	-7.5440521e+01
1	2	1	33	-2.8949553e+01
1	2	1	34	5.5729456e+02
1	2	1	35	3.3254172e+02
1	2	1	36	4.8998007e+02
1	2	1	37	3.6156760e+02
1	2	1	38	6.2577277e+02
1	2	1	39	3.3531339e+02
1	2	1	40	5.9128729e+02
1	2	1	41	5.3693451e+02
1	2	1	42	6.0142041e+02
1	2	1	43	4.7137012e+02
1	2	1	44	6.5449969e+02
1	2	1	45	5.5327014e+02
1	2	1	46	6.0867474e+02
1	2	1	47	4.9384286e+02
1	2	1	48	5.3487085e+02
1	2	1	49	6.0661652e+02
1	2	1	50	4.1456625e+02
1	2	1	51	1.0920931e+03
1	2	1	52	1.0797249e+03
1	2	1	53	7.3565894e+02
1	2	1	54	7.6057538e+02
1	2	1	55	8.8959265e+02
1	2	1	56	9.4412329e+02
1	2	1	57	9.0175024e+02
1	2	1	58	9.2106378e+02
1	2	1	59	6.1843170e+02
1	2	1	60	8.1182214e+02
1	2	1	61	7.4441101e+02
1	2	1	62	8.4507727e+02
1	2	1	63	8.3028864e+02
1	2	2	0	5.8702995e+01
1	2	2	1	-1.8974585e+01
1	2	2	2	9.5032700e+01
1	2	2	3	1.0337567e+02
1	2	2	4	-1.1581817e+02
1	2	2	5	5.1728260e+01
1	2	2	6	2.4977688e+01
1	2	2	7	2.2145972e+02
1	2	2	8	-7.5828621e+01
1	2	2	9	-7.5239990e+01
1	2	2	10	-3.3748009e+01
1	2	2	11	3.9655102e+01
1	2	2	12	-5.7755001e+01
1	2	2	13	-8.5189636e+01
1	2	2	14	-2.1659575e+01
1	2	2	15	9.9482065e-01
1	2	2	16	-6.7494607e+00
1	2	2	17	-2.3850891e+02
1	2	2	18	3.1861141e+00
1	2	2	19	-9.3280945e+01
1	2	2	20	-9.1815844e+00
1	2	2	21	-4.0869648e+01
1	2	2	22	-7.4380035e+01
1	2	2	23	-7.1672882e+01
1	2	2	24	-6.8566429e+01
1	2	2	25	-9.3248077e+01
1	2	2	26	-1.1808295e+02
1	2	2	27	-4.0275085e+01
1	2	2	28	-1.0523418e+02
1	2	2	29	-1.6632983e+02
1	2	2	30	-7.9640633e+01
1	2	2	31	-1.2899365e+02
1	2	2	32	-1.9520871e+02
1	2	2	33	-1.1191647e+02
1	2	2	34	4.5974448e+02
1	2	2	35	5.2591772e+02
1	2	2	36	4.5290720e+02
1	2	2	37	5.0235449e+02
1	2	2	38	4.4507486e+02
1	2	2	39	5.0838678e+02
1	2	2	40	5.0906149e+02
1	2	2	41	4.9639191e+02
1	2	2	42	4.4441452e+02
1	2	2	43	5.6556830e+02
1	2	2	44	5.1326062e+02
1	2	2	45	4.8125351e+02
1	2	2	46	5.5699677e+02
1	2	2	47	4.7326791e+02
1	2	2	48	4.8448599e+02
1	2	2	49	4.2949011e+02
1	2	2	50	5.7296906e+02
1	2	2	51	1.2843813e+03
1	2	2	52	1.2575192e+03
1	2	2	53	6.5719586e+02
1	2	2	54	8.2293695e+02
1	2	2	55	9.9991437e+02
1	2	2	56	9.7340253e+02
1	2	2	57	9.1050970e+02
1	2	2	58	7.9994080e+02
1	2	2	59	8.0202344e+02
1	2	2	60	5.5924475e+02
1	2	2	61	7.6919312e+02
1	2	2	62	7.8004242e+02
1	2	2	63	9.4762238e+02
1	2	3	0	2.2409439e+02
1	2	3	1	1.2087615e+02
1	2	3	2	1.4587544e+02
1	2	3	3	1.3733214e+02
1	2	3	4	1.2170329e+02
1	2	3	5	1.2551069e+02
1	2	3	6	4.0264717e+01
1	2	3	7	3.5644104e+01
1	2	3	8	1.2872130e+02
1	2	3	9	8.0359238e+01
1	2	3	10	6.2516388e+01
1	2	3	11	4.1342903e+01
1	2	3	12	-1.3221957e+02
1	2	3	13	1.3431584e+02
1	2	3	14	3.8935604e+01
1	2	3	15	5.3213070e+01
1	2	3	16	-7.4888176e+01
1	2	3	17	2.3791113e+01
1	2	3	18	-1.5881004e+01
1	2	3	19	4.8826151e+00
1	2	3	20	-2.6437921e+02
1	2	3	21	-1.9883553e+02
1	2	3	22	-8.2117195e+01
1	2	3	23	9.8963440e+01
1	2	3	24	-1.0700732e+02
1	2	3	25	-4.8776875e+01
1	2	3	26	-7.5841476e+01
1	2	3	27	-2.8819185e+01
1	2	3	28	4.4605408e+00
1	2	3	29	-2.9316387e+01
1	2	3	30	-5.1392685e+01
1	2	3	31	-2.2731853e+01
1	2	3	32	-1.8893861e+02
1	2	3	33	-1.4534573e+02
1	2	3	34	4.7727921e+02
1	2	3	35	2.7298862e+02
1	2	3	36	7.4355304e+02
1	2	3	37	6.4177606e+02
1	2	3	38	6.8733783e+02
1	2	3	39	2.9876553e+02
1	2	3	40	6.8038849e+02
1	2	3	41	6.6113483e+02
1	2	3	42	7.1637140e+02
1	2	3	43	5.8319812e+02
1	2	3	44	7.8219141e+02
1	2	3	45	4.6409186e+02
1	2	3	46	7.6534662e+02
1	2	3	47	6.2039111e+02
1	2	3	48	7.0020490e+02
1	2	3	49	4.7417313e+02
1	2	3	50	5.8480042e+02
1	2	3	51	1.0192584e+03
1	2	3	52	1.0458491e+03
1	2	3	53	7.2175879e+02
1	2	3	54	7.1757617e+02
1	2	3	55	8.6696533e+02
1	2	3	56	8.0244574e+02
1	2	3	57	8.4899475e+02
1	2	3	58	7.8512512e+02
1	2	3	59	7.5460803e+02
1	2	3	60	7.6696625e+02
1	2	3	61	6.6897723e+02
1	2	3	62	8.2647418e+02
1	2	3	63	9.3068024e+02
1	2	4	0	5.3699856e+01
1	2	4	1	-7.8976810e-02
1	2	4	2	1.4797800e+02
1	2	4	3	5.0509539e+00
1	2	4	4	4.7614494e-01
1	2	4	5	1.9200720e+01
1	2	4	6	4.1147617e+01
1	2	4	7	-1.7300613e+01
1	2	4	8	-1.9743233e+02
1	2	4	9	1.1393335e+02
1	2	4	10	-1.3648175e+02
1	2	4	11	3.9289986e+01
1	2	4	12	-2.5412243e+01
1	2	4	13	4.9261543e+01
1	2	4	14	2.7162947e-02
1	2	4	15	-1.7299025e+02
1	2	4	16	-1.6923361e+02
1	2	4	17	-1.2893684e+02
1	2	4	18	-2.7728250e+02
1	2	4	19	-2.0500366e+02
1	2	4	20	-6.9149643e+01
1	2	4	21	-7.8669746e+01
1	2	4	22	-1.3279208e+02
1	2	4	23	-2.1867740e+02
1	2	4	24	-2.3328477e+02
1	2	4	25	-5.3243164e+01
1	2	4	26	-7.3691040e+01
1	2	4	27	-1.0026027e+02
1	2	4	28	-3.4043152e+01
1	2	4	29	-1.4187714e+02
1	2	4	30	-4.0734928e+01
1	2	4	31	-2.3616258e+02
1	2	4	32	-3.3750220e+02
1	2	4	33	-6.3216988e+01
1	2	4	34	2.7719101e+02
1	2	4	35	5.0744025e+02
1	2	4	36	3.9267435e+02
1	2	4	37	3.7021939e+02
1	2	4	38	4.1224802e+02
1	2	4	39	4.9298480e+02
1	2	4	40	5.4376898e+02
1	2	4	41	4.5719928e+02
1	2	4	42	6.3565259e+02
1	2	4	43	4.9227579e+02
1	2	4	44	5.2716144e+02
1	2	4	45	3.6044702e+02
1	2	4	46	5.3943005e+02
1	2	4	47	5.2282916e+02
1	2	4	48	5.3182233e+02
1	2	4	49	4.4430948e+02
1	2	4	50	5.1258929e+02
1	2	4	51	9.3558588e+02
1	2	4	52	1.0468689e+03
1	2	4	53	7.6155591e+02
1	2	4	54	8.0383026e+02
1	2	4	55	6.4589648e+02
1	2	4	56	8.1906268e+02
1	2	4	57	9.8990009e+02
1	2	4	58	8.3082458e+02
1	2	4	59	8.2222949e+02
1	2	4	60	7.1651453e+02
1	2	4	61	6.7667444e+02
1	2	4	62	6.8715613e+02
1	2	4	63	7.7989014e+02
1	2	5	0	-4.6933903e+01
1	2	5	1	1.2215254e+02
1	2	5	2	-5.2609447e+01
1	2	5	3	1.7536038e+02
1	2	5	4	1.8333672e+01
1	2	5	5	1.6596304e+02
1	2	5	6	-5.0124283e+01
1	2	5	7	-5.7096745e+01
1	2	5	8	6.2811195e+01
1	2	5	9	6.4508041e+01
1	2	5	10	1.7436508e+01
1	2	5	11	6.9523497e+00
1	2	5	12	3.7080803e+01
1	2	5	13	1.1118132e+01
1	2	5	14	3.2580433e+01
1	2	5	15	-3.6469228e+00
1	2	5	16	-7.9093208e+01
1	2	5	17	-7.6721451e+01
1	2	5	18	-6.6187615e+00
1	2	5	19	-1.2356088e+02
1	2	5	20	-3.3675598e+01
1	2	5	21	5.5422592e+00
1	2	5	22	-5.7113922e+01
1	2	5	23	6.3508110e+01
1	2	5	24	-2.3530802e+01
1	2	5	25	4.9607811e+01
1	2	5	26	-5.6406693e+01
1	2	5	27	-1.3761477e+01
1	2	5	28	-3.2102730e+01
1	2	5	29	-1.1090410e+01
1	2	5	30	1.8266342e+01
1	2	5	31	-2.6824633e+01
1	2	5	32	-5.2380672e+01
1	2	5	33	-2.5658504e+01
1	2	5	34	3.4202032e+02
1	2	5	35	4.7139523e+02
1	2	5	36	5.4591632e+02
1	2	5	37	4.6975955e+02
1	2	5	38	5.6935498e+02
1	2	5	39	5.5857190e+02
1	2	5	40	4.8387991e+02
1	2	5	41	5.2289642e+02
1	2	5	42	5.5958533e+02
1	2	5	43	4.0678134e+02
1	2	5	44	5.4832776e+02
1	2	5	45	5.2122894e+02
1	2	5	46	4.9678131e+02
1	2	5	47	5.6961102e+02
1	2	5	48	4.3567603e+02
1	2	5	49	4.7955661e+02
1	2	5	50	5.6793225e+02
1	2	5	51	1.0147938e+03
1	2	5	52	1.0357290e+03
1	2	5	53	5.4260034e+02
1	2	5	54	7.6983130e+02
1	2	5	55	6.9662579e+02
1	2	5	56	9.2630786e+02
1	2	5	57	9.0005078e+02
1	2	5	58	8.0032782e+02
1	2	5	59	6.5310541e+02
1	2	5	60	8.1428064e+02
1	2	5	61	6.8732037e+02
1	2	5	62	7.8794708e+02
1	2	5	63	5.8672455e+02
1	2	6	0	1.9390349e+02
1	2	6	1	1.2921361e+02
1	2	6	2	6.9353981e+01
1	2	6	3	7.9493713e+01
1	2	6	4	-1.7801059e+02
1	2	6	5	5.1177971e+01
1	2	6	6	-4.8731476e+01
1	2	6	7	8.3540077e+01
1	2	6	8	1.5001746e+02
1	2	6	9	9.9660751e+01
1	2	6	10	-1.6054087e+00
1	2	6	11	4.0330563e+01
1	2	6	12	-8.7767204e+01
1	2	6	13	2.7011522e+01
1	2	6	14	6.0314156e+01
1	2	6	15	1.4446580e+01
1	2	6	16	7.9488082e+00
1	2	6	17	-6.7214104e+01
1	2	6	18	-2.3843848e+02
1	2	6	19	1.6042223e+01
1	2	6	20	4.3922806e+01
1	2	6	21	-4.6611259e+01
1	2	6	22	-6.3297115e+01
1	2	6	23	-1.2273282e+02
1	2	6	24	-3.1397693e+02
1	2	6	25	-5.1303627e+01
1	2	6	26	-1.1734242e+02
1	2	6	27	-1.0010381e+00
1	2	6	28	-5.3161270e+01
1	2	6	29	-1.7513295e+02
1	2	6	30	-4.9629086e+01
1	2	6	31	-2.7501062e+02
1	2	6	32	-1.3953333e+02
1	2	6	33	-2.4182368e+02
1	2	6	34	5.0651465e+02
1	2	6	35	4.9779837e+02
1	2	6	36	4.9634119e+02
1	2	6	37	5.4882855e+02
1	2	6	38	4.7275421e+02
1	2	6	39	5.4187671e+02
1	2	6	40	4.9619937e+02
1	2	6	41	1.9125285e+02
1	2	6	42	5.7963281e+02
1	2	6	43	5.5500134e+02
1	2	6	44	5.3073401e+02
1	2	6	45	5.2018622e+02
1	2	6	46	6.2729596e+02
1	2	6	47	5.3607507e+02
1	2	6	48	4.8487268e+02
1	2	6	49	5.9635529e+02
1	2	6	50	5.7324115e+02
1	2	6	51	1.0320294e+03
1	2	6	52	9.7254242e+02
1	2	6	53	7.2324854e+02
1	2	6	54	7.8884406e+02
1	2	6	55	8.3714240e+02
1	2	6	56	9.2477728e+02
1	2	6	57	9.2319940e+02
1	2	6	58	7.5654327e+02
1	2	6	59	8.1205719e+02
1	2	6	60	8.4446246e+02
1	2	6	61	6.5167468e+02
1	2	6	62	7.1160791e+02
1	2	6	63	8.6484094e+02
1	2	7	0	3.7303006e+02
1	2	7	1	1.3479077e+02
1	2	7	2	2.4117241e+02
1	2	7	3	2.6357626e+02
1	2	7	4	1.5221909e+02
1	2	7	5	3.3706320e+02
1	2	7	6	2.9812543e+02
1	2	7	7	4.2453998e+02
1	2	7	8	1.0153968e+02
1	2	7	9	2.1316518e+02
1	2	7	10	3.1482056e+02
1	2	7	11	3.3795582e+01
1	2	7	12	5.9595596e+01
1	2	7	13	2.8645529e+02
1	2	7	14	9.2373520e+01
1	2	7	15	3.1090396e+02
1	2	7	16	1.3772038e+02
1	2	7	17	2.5736771e+02
1	2	7	18	1.8280225e+02
1	2	7	19	2.9115128e+02
1	2	7	20	1.8647804e+02
1	2	7	21	6.8878220e+01
1	2	7	22	2.0671738e+02
1	2	7	23	1.9514470e+02
1	2	7	24	9.4271790e+01
1	2	7	25	1.5015233e+01
1	2	7	26	1.0383958e+02
1	2	7	27	1.0359271e+02
1	2	7	28	1.6666978e+02
1	2	7	29	1.4636632e+02
1	2	7	30	8.7792236e+01
1	2	7	31	4.0272247e+01
1	2	7	32	1.6928659e+02
1	2	7	33	7.6229111e+01
1	2	7	34	6.0702155e+02
1	2	7	35	5.9864697e+02
1	2	7	36	6.6248566e+02
1	2	7	37	5.9116980e+02
1	2	7	38	6.7394153e+02
1	2	7	39	4.9565433e+02
1	2	7	40	7.1925885e+02
1	2	7	41	6.6440503e+02
1	2	7	42	6.5780811e+02
1	2	7	43	6.9256927e+02
1	2	7	44	8.0343060e+02
1	2	7	45	5.3234302e+02
1	2	7	46	7.6354474e+02
1	2	7	47	7.4110278e+02
1	2	7	48	8.0308710e+02
1	2	7	49	6.7194781e+02
1	2	7	50	7.8844324e+02
1	2	7	51	1.1196660e+03
1	2	7	52	1.2825569e+03
1	2	7	53	6.9002570e+02
1	2	7	54	9.6384186e+02
1	2	7	55	9.6392035e+02
1	2	7	56	1.0672101e+03
1	2	7	57	9.2667529e+02
1	2	7	58	9.1158075e+02
1	2	7	59	8.8643646e+02
1	2	7	60	7.7735040e+02
1	2	7	61	7.5492828e+02
1	2	7	62	9.5621167e+02
1	2	7	63	1.0059504e+03
1	2	8	0	-1.0829329e+02
1	2	8	1	-4.2401868e+02
1	2	8	2	-2.6668399e+02
1	2	8	3	-1.4764030e+02
1	2	8	4	-3.6914288e+02
1	2	8	5	-2.4673161e+02
1	2	8	6	-3.3551663e+02
1	2	8	7	-2.3724214e+02
1	2	8	8	-2.0746686e+02
1	2	8	9	-1.4551302e+02
1	2	8	10	-2.2500099e+02
1	2	8	11	-1.2714344e+02
1	2	8	12	-2.8753870e+02
1	2	8	13	-2.6467645e+02
1	2	8	14	-2.1778796e+02
1	2	8	15	-2.5504906e+02
1	2	8	16	-2.6954907e+02
1	2	8	17	-3.0714194e+02
1	2	8	18	-1.7463690e+02
1	2	8	19	-3.6025015e+02
1	2	8	20	-2.0310069e+02
1	2	8	21	-3.2247028e+02
1	2	8	22	-2.8509479e+02
1	2	8	23	-4.3714789e+02
1	2	8	24	-2.9587833e+02
1	2	8	25	-3.5863733e+02
1	2	8	26	-3.5933307e+02
1	2	8	27	-3.3296701e+02
1	2	8	28	-3.5237354e+02
1	2	8	29	-3.6571753e+02
1	2	8	30	-2.5150845e+02
1	2	8	31	-3.7623447e+02
1	2	8	32	-3.8367163e+02
1	2	8	33	-4.3692542e+02
1	2	8	34	2.9418149e+02
1	2	8	35	2.9078436e+02
1	2	8	36	3.1872641e+02
1	2	8	37	3.3477921e+02
1	2	8	38	1.7244672e+02
1	2	8	39	1.0310454e+02
1	2	8	40	3.3137317e+02
1	2	8	41	1.3066005e+02
1	2	8	42	2.8430978e+02
1	2	8	43	2.5519748e+02
1	2	8	44	3.8111447e+02
1	2	8	45	2.8312445e+02
1	2	8	46	1.4252994e+02
1	2	8	47	2.6616013e+02
1	2	8	48	1.4448779e+02
1	2	8	49	3.2668799e+02
1	2	8	50	3.4123199e+02
1	2	8	51	8.1966144e+02
1	2	8	52	9.3308606e+02
1	2	8	53	4.7935995e+02
1	2	8	54	4.3309375e+02
1	2	8	55	6.2716565e+02
1	2	8	56	7.1023138e+02
1	2	8	57	5.2795599e+02
1	2	8	58	4.6867249e+02
1	2	8	59	5.4976703e+02
1	2	8	60	6.2472211e+02
1	2	8	61	4.7358252e+02
1	2	8	62	5.2797626e+02
1	2	8	63	6.3453052e+02
1	2	9	0	1.3569089e+02
1	2	9	1	2.1870363e+02
1	2	9	2	5.3628666e+01
1	2	9	3	2.0954405e+02
1	2	9	4	1.6527577e+02
1	2	9	5	2.2433968e+02
1	2	9	6	1.8903517e+02
1	2	9	7	1.8950810e+02
1	2	9	8	2.1173529e+02
1	2	9	9	9.4441719e+01
1	2	9	10	1.7947522e+02
1	2	9	11	1.0947863e+02
1	2	9	12	3.7198616e+01
1	2	9	13	1.8468494e+02
1	2	9	14	1.1003139e+02
1	2	9	15	2.0005652e+02
1	2	9	16	9.3243141e+01
1	2	9	17	1.2231801e+01
1	2	9	18	-5.9764362e+01
1	2	9	19	1.3514185e+02
1	2	9	20	4.9276424e+01
1	2	9	21	6.6673541e+00
1	2	9	22	-1.6031573e+02
1	2	9	23	4.6442600e+01
1	2	9	24	7.7909447e+01
1	2	9	25	5.9095409e+01
1	2	9	26	-2.8216512e+00
1	2	9	27	3.1580770e+01
1	2	9	28	1.2540958e+02
1	2	9	29	9.2540848e+01
1	2	9	30	1.5436896e+02
1	2	9	31	-1.7587428e+02
1	2	9	32	-9.1043495e+01
1	2	9	33	-2.9893984e+01
1	2	9	34	3.8957462e+02
1	2	9	35	5.2103961e+02
1	2	9	36	7.0921765e+02
1	2	9	37	4.4222510e+02
1	2	9	38	6.1464807e+02
1	2	9	39	3.6966699e+02
1	2	9	40	6.5652594e+02
1	2	9	41	3.3210016e+02
1	2	9	42	5.0289697e+02
1	2	9	43	3.2282880e+02
1	2	9	44	7.9296436e+02
1	2	9	45	5.5523425e+02
1	2	9	46	6.1973712e+02
1	2	9	47	6.5557562e+02
1	2	9	48	5.7048877e+02
1	2	9	49	6.6982941e+02
1	2	9	50	5.9868207e+02
1	2	9	51	9.0367377e+02
1	2	9	52	1.1917004e+03
1	2	9	53	6.8945105e+02
1	2	9	54	8.4004626e+02
1	2	9	55	9.2547595e+02
1	2	9	56	1.0122279e+03
1	2	9	57	7.5480634e+02
1	2	9	58	6.3088501e+02
1	2	9	59	7.1467041e+02
1	2	9	60	7.6764319e+02
1	2	9	61	7.3546606e+02
1	2	9	62	8.4208484e+02
1	2	9	63	7.1588934e+02
1	2	10	0	-1.6070029e+02
1	2	10	1	3.6852921e+01
1	2	10	2	-1.1959901e+02
1	2	10	3	-1.1718145e+01
1	2	10	4	-3.4645615e+00
1	2	10	5	2.1963837e+01
1	2	10	6	1.1418077e+02
1	2	10	7	1.8010431e+02
1	2	10	8	-6.4816772e+01
1	2	10	9	1.2473251e+02
1	2	10	10	-2.2784764e+02
1	2	10	11	6.1523781e+00
1	2	10	12	-1.0222060e+02
1	2	10	13	7.0101891e+01
1	2	10	14	-3.7979336e+01
1	2	10	15	8.5316544e+01
1	2	10	16	-1.6820029e+02
1	2	10	17	-1.8748692e+02
1	2	10	18	-1.5524373e+02
1	2	10	19	-1.7369136e+02
1	2	10	20	-1.9238356e+02
1	2	10	21	-1.0457858e+02
1	2	10	22	-1.9457430e+02
1	2	10	23	-1.4688748e+02
1	2	10	24	-2.3962344e+02
1	2	10	25	-1.0111517e+02
1	2	10	26	-7.3071953e+01
1	2	10	27	-8.8600403e+01
1	2	10	28	-1.1586594e+02
1	2	10	29	-9.3917473e+01
1	2	10	30	-1.6780025e+02
1	2	10	31	-5.9520889e+01
1	2	10	32	-1.3638383e+02
1	2	10	33	-1.1338136e+02
1	2	10	34	4.3769644e+02
1	2	10	35	5.6864294e+02
1	2	10	36	3.8808807e+02
1	2	10	37	5.0824561e+02
1	2	10	38	4.9357431e+02
1	2	10	39	4.2859851e+02
1	2	10	40	6.0844263e+02
1	2	10	41	5.1964148e+02
1	2	10	42	4.9255414e+02
1	2	10	43	6.6412341e+02
1	2	10	44	6.1282043e+02
1	2	10	45	4.9373013e+02
1	2	10	46	5.4979572e+02
1	2	10	47	4.9036655e+02
1	2	10	48	4.9880234e+02
1	2	10	49	4.1430615e+02
1	2	10	50	5.4686719e+02
1	2	10	51	1.1944274e+03
1	2	10	52	1.0649601e+03
1	2	10	53	8.6476410e+02
1	2	10	54	7.8600568e+02
1	2	10	55	7.9166760e+02
1	2	10	56	6.7228461e+02
1	2	10	57	7.9759985e+02
1	2	10	58	8.1542542e+02
1	2	10	59	8.5180090e+02
1	2	10	60	8.1569623e+02
1	2	10	61	7.7817291e+02
1	2	10	62	7.8381091e+02
1	2	10	63	8.1994415e+02
1	2	11	0	1.5860229e+02
1	2	11	1	1.8809235e+02
1	2	11	2	6.3153553e+01
1	2	11	3	9.9881302e+01
1	2	11	4	-4.2006481e+01
1	2	11	5	1.6188582e+02
1	2	11	6	1.1808616e+02
1	2	11	7	1.3583846e+02
1	2	11	8	9.6424911e+01
1	2	11	9	-3.7311558e+03
1	2	11	10	1.7293611e+02
1	2	11	11	7.1131279e+01
1	2	11	12	-5.1033474e+01
1	2	11	13	1.1833093e+02
1	2	11	14	9.1126556e+00
1	2	11	15	1.0031615e+02
1	2	11	16	6.4540873e+00
1	2	11	17	1.8460560e+01
1	2	11	18	1.7712788e+01
1	2	11	19	6.9857030e+00
1	2	11	20	-9.8787453e+01
1	2	11	21	-6.1420593e+00
1	2	11	22	-4.4967431e-01
1	2	11	23	1.1686635e+02
1	2	11	24	-5.5698479e+01
1	2	11	25	-1.2568645e+02
1	2	11	26	-1.0784531e+02
1	2	11	27	-1.3775423e+02
1	2	11	28	1.5172305e+01
1	2	11	29	5.2559166e+01
1	2	11	30	-1.1322335e+02
1	2	11	31	-1.8167125e+02
1	2	11	32	-8.4433617e+01
1	2	11	33	-9.8754951e+01
1	2	11	34	5.3887103e+02
1	2	11	35	-3.7311558e+03
1	2	11	36	7.2645898e+02
1	2	11	37	5.4823334e+02
1	2	11	38	5.1748077e+02
1	2	11	39	6.4387030e+02
1	2	11	40	4.1786722e+02
1	2	11	41	3.6153909e+02
1	2	11	42	5.6882703e+02
1	2	11	43	4.2933453e+02
1	2	11	44	6.7479803e+02
1	2	11	45	2.7510599e+02
1	2	11	46	3.5586606e+02
1	2	11	47	4.4726056e+02
1	2	11	48	5.3033643e+02
1	2	11	49	4.8838440e+02
1	2	11	50	6.7490625e+02
1	2	11	51	9.9529486e+02
1	2	11	52	9.4012250e+02
1	2	11	53	6.4236310e+02
1	2	11	54	6.9717871e+02
1	2	11	55	7.1846545e+02
1	2	11	56	8.2972870e+02
1	2	11	57	7.8992468e+02
1	2	11	58	6.2658929e+02
1	2	11	59	7.5229547e+02
1	2	11	60	8.3267200e+02
1	2	11	61	5.0001218e+02
1	2	11	62	6.9504828e+02
1	2	11	63	7.6625427e+02
1	2	12	0	-1.4621442e+02
1	2	12	1	-9.3613424e+00
1	2	12	2	-3.7910686e+01
1	2	12	3	1.9789314e+01
1	2	12	4	-4.2197742e+01
1	2	12	5	-3.1269199e+01
1	2	12	6	-5.9019810e+01
1	2	12	7	-1.5956851e+02
1	2	12	8	-5.5469139e+01
1	2	12	9	1.4922906e+01
1	2	12	10	-1.3444574e+02
1	2	12	11	1.3301476e+01
1	2	12	12	-1.0367490e+02
1	2	12	13	-3.5098785e+01
1	2	12	14	-6.2238953e+01
1	2	12	15	-5.2734509e+01
1	2	12	16	-7.7773506e+01
1	2	12	17	-1.9222002e+02
1	2	12	18	-1.3141228e+02
1	2	12	19	-2.1024675e+02
1	2	12	20	-1.9470827e+02
1	2	12	21	-5.7848454e+01
1	2	12	22	-1.1096810e+02
1	2	12	23	-1.4563280e+02
1	2	12	24	-2.7507114e+02
1	2	12	25	-1.4972250e+02
1	2	12	26	-2.9091992e+02
1	2	12	27	-9.3183990e+01
1	2	12	28	-1.4021785e+02
1	2	12	29	-1.7814307e+02
1	2	12	30	-2.2576468e+02
1	2	12	31	-1.9961713e+02
1	2	12	32	-1.8148656e+02
1	2	12	33	-2.8998648e+02
1	2	12	34	4.0473108e+02
1	2	12	35	4.9664468e+02
1	2	12	36	3.1905667e+02
1	2	12	37	3.7586386e+02
1	2	12	38	3.1446555e+02
1	2	12	39	5.8415283e+02
1	2	12	40	4.7365991e+02
1	2	12	41	4.4645911e+02
1	2	12	42	6.1112170e+02
1	2	12	43	4.6423245e+02
1	2	12	44	5.5890100e+02
1	2	12	45	5.5412122e+02
1	2	12	46	5.5938483e+02
1	2	12	47	4.2709152e+02
1	2	12	48	4.9753583e+02
1	2	12	49	4.8965674e+02
1	2	12	50	5.3477069e+02
1	2	12	51	9.9747614e+02
1	2	12	52	1.0202437e+03
1	2	12	53	6.8986017e+02
1	2	12	54	6.5713391e+02
1	2	12	55	5.0557193e+02
1	2	12	56	8.4122284e+02
1	2	12	57	9.2148804e+02
1	2	12	58	7.9452869e+02
1	2	12	59	6.3661371e+02
1	2	12	60	5.6388361e+02
1	2	12	61	6.8505243e+02
1	2	12	62	7.4916754e+02
1	2	12	63	8.2802448e+02
1	2	13	0	2.8444370e+02
1	2	13	1	2.1015286e+02
1	2	13	2	1.5083269e+02
1	2	13	3	1.3709247e+02
1	2	13	4	1.1296371e+02
1	2	13	5	1.7287717e+02
1	2	13	6	1.5252780e+02
1	2	13	7	1.0111697e+02
1	2	13	8	7.2329987e+01
1	2	13	9	3.5899231e+01
1	2	13	10	-1.5375618e+01
1	2	13	11	7.6511360e+01
1	2	13	12	1.4639305e+02
1	2	13	13	8.8098404e+01
1	2	13	14	5.1159496e+01
1	2	13	15	2.0570223e+00
1	2	13	16	-2.0023831e+02
1	2	13	17	-7.1220543e+01
1	2	13	18	-4.6706699e+01
1	2	13	19	3.0123154e+01
1	2	13	20	-9.7008162e+00
1	2	13	21	-1.0241612e+02
1	2	13	22	7.9784706e+01
1	2	13	23	1.4681195e+02
1	2	13	24	1.8410954e+01
1	2	13	25	7.7601799e+01
1	2	13	26	6.0429394e+01
1	2	13	27	4.9112846e+01
1	2	13	28	-1.2151920e+02
1	2	13	29	4.5082355e+01
1	2	13	30	-1.7762555e+02
1	2	13	31	-7.3217773e+01
1	2	13	32	-2.3571384e+01
1	2	13	33	-1.4446526e+02
1	2	13	34	4.3654977e+02
1	2	13	35	4.2728616e+02
1	2	13	36	4.1349588e+02
1	2	13	37	5.4235724e+02
1	2	13	38	5.5928101e+02
1	2	13	39	4.5037912e+02
1	2	13	40	4.5377975e+02
1	2	13	41	5.1096301e+02
1	2	13	42	5.2027631e+02
1	2	13	43	4.1921518e+02
1	2	13	44	6.2811066e+02
1	2	13	45	3.3457086e+02
1	2	13	46	5.9605420e+02
1	2	13	47	5.2819659e+02
1	2	13	48	3.7024109e+02
1	2	13	49	5.3506342e+02
1	2	13	50	5.9942633e+02
1	2	13	51	1.0360763e+03
1	2	13	52	1.0581512e+03
1	2	13	53	7.4546844e+02
1	2	13	54	5.6785693e+02
1	2	13	55	6.0642963e+02
1	2	13	56	9.0964508e+02
1	2	13	57	6.6833905e+02
1	2	13	58	7.7228186e+02
1	2	13	59	7.4062872e+02
1	2	13	60	7.6758746e+02
1	2	13	61	6.2862366e+02
1	2	13	62	7.8102563e+02
1	2	13	63	8.6579639e+02
1	2	14	0	1.8066172e+01
1	2	14	1	-1.2809029e+02
1	2	14	2	-1.0376749e+01
1	2	14	3	-4.8112270e+01
1	2	14	4	-1.7024933e+02
1	2	14	5	-1.9212970e+02
1	2	14	6	-4.3186634e+01
1	2	14	7	-3.7813862e+01
1	2	14	8	-1.0726366e+02
1	2	14	9	4.7038387e+01
1	2	14	10	-1.9477812e+02
1	2	14	11	6.8757601e+00
1	2	14	12	-5.0220291e+01
1	2	14	13	-1.2056561e+02
1	2	14	14	-6.8906799e+01
1	2	14	15	-1.5605341e+02
1	2	14	16	-2.3431445e+02
1	2	14	17	-2.4473894e+02
1	2	14	18	-1.4464194e+02
1	2	14	19	-2.5700092e+02
1	2	14	20	-2.1135561e+01
1	2	14	21	-1.5251469e+02
1	2	14	22	-2.2979211e+02
1	2	14	23	-1.8794261e+02
1	2	14	24	-1.7928595e+02
1	2	14	25	-1.9671518e+02
1	2	14	26	-1.6614969e+02
1	2	14	27	-1.9458849e+02
1	2	14	28	-1.8570757e+02
1	2	14	29	-3.7954922e+02
1	2	14	30	-1.3460606e+02
1	2	14	31	-1.8371873e+02
1	2	14	32	-1.9468742e+02
1	2	14	33	-1.3901534e+02
1	2	14	34	3.0466992e+02
1	2	14	35	4.9809628e+02
1	2	14	36	3.5066653e+02
1	2	14	37	5.7432812e+02
1	2	14	38	4.5211374e+02
1	2	14	39	5.5858496e+02
1	2	14	40	4.9134491e+02
1	2	14	41	3.9981702e+02
1	2	14	42	3.6539874e+02
1	2	14	43	4.4507111e+02
1	2	14	44	3.5119006e+02
1	2	14	45	4.5365646e+02
1	2	14	46	4.8666068e+02
1	2	14	47	5.6410913e+02
1	2	14	48	4.4343774e+02
1	2	14	49	3.9270169e+02
1	2	14	50	5.3195752e+02
1	2	14	51	8.9105304e+02
1	2	14	52	1.0001880e+03
1	2	14	53	7.0424237e+02
1	2	14	54	7.7869208e+02
1	2	14	55	6.4407153e+02
1	2	14	56	7.8712134e+02
1	2	14	57	9.3944177e+02
1	2	14	58	8.4927252e+02
1	2	14	59	7.4455377e+02
1	2	14	60	5.4290283e+02
1	2	14	61	6.4004114e+02
1	2	14	62	7.4625873e+02
1	2	14	63	6.6644257e+02
1	2	15	0	1.6815771e+01
1	2	15	1	9.6531670e+01
1	2	15	2	-2.0373242e+00
1	2	15	3	8.8233932e+01
1	2	15	4	-1.9946507e+01
1	2	15	5	9.3631454e+01
1	2	15	6	1.1255228e+02
1	2	15	7	7.3242813e+01
1	2	15	8	1.3149950e+02
1	2	15	9	1.2575394e+02
1	2	15	10	1.5718522e+00
1	2	15	11	-5.5729233e+01
1	2	15	12	-1.7465396e+02
1	2	15	13	3.3703449e+01
1	2	15	14	-6.4242371e+01
1	2	15	15	-1.6161676e+01
1	2	15	16	4.2791096e+01
1	2	15	17	-1.4599709e+02
1	2	15	18	-1.6313237e+02
1	2	15	19	-2.0750221e+02
1	2	15	20	-1.1807708e+02
1	2	15	21	-9.7162354e+01
1	2	15	22	-2.2769849e+02
1	2	15	23	-7.5066010e+01
1	2	15	24	-1.0481210e+02
1	2	15	25	-2.3244432e+01
1	2	15	26	-9.5973320e+01
1	2	15	27	2.3740744e+01
1	2	15	28	1.8258825e+01
1	2	15	29	1.0366759e+02
1	2	15	30	7.5646987e+00
1	2	15	31	-1.5474107e+02
1	2	15	32	-6.7502625e+01
1	2	15	33	2.6247044e+01
1	2	15	34	5.4727557e+02
1	2	15	35	2.8844391e+02
1	2	15	36	6.8368030e+02
1	2	15	37	6.3009363e+02
1	2	15	38	6.0911938e+02
1	2	15	39	4.4260205e+02
1	2	15	40	6.5450928e+02
1	2	15	41	5.1718793e+02
1	2	15	42	4.8143692e+02
1	2	15	43	4.3248334e+02
1	2	15	44	6.7544739e+02
1	2	15	45	4.7838739e+02
1	2	15	46	1.5340207e+02
1	2	15	47	6.0703851e+02
1	2	15	48	5.8276233e+02
1	2	15	49	4.1393930e+02
1	2	15	50	5.3119568e+02
1	2	15	51	1.0965880e+03
1	2	15	52	1.1679132e+03
1	2	15	53	7.0136780e+02
1	2	15	54	7.3959369e+02
1	2	15	55	8.0620203e+02
1	2	15	56	9.3063861e+02
1	2	15	57	9.4682166e+02
1	2	15	58	6.8573926e+02
1	2	15	59	7.4953156e+02
1	2	15	60	8.9576068e+02
1	2	15	61	7.4260480e+02
1	2	15	62	6.8079218e+02
1	2	15	63	9.0802332e+02
