0	0	0	0	-2.3702536e+02
0	0	0	1	-2.8609689e+02
0	0	0	2	-1.8353218e+02
0	0	0	3	-2.6454382e+02
0	0	0	4	-3.0697589e+02
0	0	0	5	-2.8691074e+02
0	0	0	6	-2.6958936e+02
0	0	0	7	-2.7097299e+02
0	0	0	8	-2.7806293e+02
0	0	0	9	-2.2553008e+02
0	0	0	10	-3.1683871e+02
0	0	0	11	-2.4482593e+02
0	0	0	12	-3.6929831e+02
0	0	0	13	-3.0385046e+02
0	0	0	14	-3.0331738e+02
0	0	0	15	-2.6726318e+02
0	0	0	16	-3.3600851e+02
0	0	0	17	-3.7720612e+02
0	0	0	18	-3.2124640e+02
0	0	0	19	-3.8519604e+02
0	0	0	20	-3.3742795e+02
0	0	0	21	-3.5157840e+02
0	0	0	22	-3.8901822e+02
0	0	0	23	-3.4272510e+02
0	0	0	24	-3.7179462e+02
0	0	0	25	-3.5089511e+02
0	0	0	26	-3.9826932e+02
0	0	0	27	-3.9872055e+02
0	0	0	28	-3.5500125e+02
0	0	0	29	-3.6262683e+02
0	0	0	30	-3.6842786e+02
0	0	0	31	-3.5942496e+02
0	0	0	32	-3.6414395e+02
0	0	0	33	-4.0348007e+02
0	0	0	34	5.3224840e+00
0	0	0	35	-1.9937884e+00
0	0	0	36	-3.6855481e+00
0	0	0	37	-3.7029316e+01
0	0	0	38	-6.4254732e+00
0	0	0	39	4.6304337e+01
0	0	0	40	-1.3797509e+01
0	0	0	41	-6.8758140e+00
0	0	0	42	6.6635506e+01
0	0	0	43	7.4042580e+01
0	0	0	44	8.7462273e+01
0	0	0	45	2.2304684e+01
0	0	0	46	8.2035400e+01
0	0	0	47	6.7576782e+01
0	0	0	48	6.0135429e+01
0	0	0	49	8.5739946e+00
0	0	0	50	7.5167680e+00
0	0	0	51	3.1601437e+02
0	0	0	52	3.2739374e+02
0	0	0	53	1.1851200e+02
0	0	0	54	1.2635284e+02
0	0	0	55	1.7268918e+02
0	0	0	56	3.0927353e+02
0	0	0	57	1.9881511e+02
0	0	0	58	1.7793967e+02
0	0	0	59	1.1610747e+02
0	0	0	60	1.9189017e+02
0	0	0	61	4.9853054e+01
0	0	0	62	1.3051546e+02
0	0	0	63	2.1763118e+02
0	0	1	0	-8.8051308e+01
0	0	1	1	-1.4224457e+02
0	0	1	2	-1.9242278e+02
0	0	1	3	-1.8595624e+02
0	0	1	4	-2.3094833e+02
0	0	1	5	-9.7618507e+01
0	0	1	6	-1.9948566e+02
0	0	1	7	-1.7708839e+02
0	0	1	8	-1.8827251e+02
0	0	1	9	-1.8315170e+02
0	0	1	10	-1.1723743e+02
0	0	1	11	-2.1199881e+02
0	0	1	12	-2.3611699e+02
0	0	1	13	-1.8799649e+02
0	0	1	14	-2.6839505e+02
0	0	1	15	-2.1774294e+02
0	0	1	16	-2.1664610e+02
0	0	1	17	-1.2902135e+02
0	0	1	18	-1.0249811e+02
0	0	1	19	-1.5630560e+02
0	0	1	20	-2.2228227e+02
0	0	1	21	-2.3404758e+02
0	0	1	22	-2.3588861e+02
0	0	1	23	-2.2292657e+02
0	0	1	24	-2.2479056e+02
0	0	1	25	-2.2360939e+02
0	0	1	26	-2.9658292e+02
0	0	1	27	-2.3286490e+02
0	0	1	28	-2.6570587e+02
0	0	1	29	-2.6863232e+02
0	0	1	30	-2.1411926e+02
0	0	1	31	-2.7528314e+02
0	0	1	32	-2.6795767e+02
0	0	1	33	-2.6277057e+02
0	0	1	34	5.0339027e+01
0	0	1	35	5.5435936e+01
0	0	1	36	8.2810272e+01
0	0	1	37	6.9062462e+01
0	0	1	38	1.1620337e+02
0	0	1	39	6.1844963e+01
0	0	1	40	1.1991980e+02
0	0	1	41	5.9736130e+01
0	0	1	42	8.5429115e+01
0	0	1	43	5.3396683e+01
0	0	1	44	8.4002686e+01
0	0	1	45	9.7367867e+01
0	0	1	46	9.7828590e+01
0	0	1	47	6.9053543e+01
0	0	1	48	9.7831718e+01
0	0	1	49	4.4869846e+01
0	0	1	50	1.0470772e+02
0	0	1	51	4.1265759e+02
0	0	1	52	3.9678400e+02
0	0	1	53	1.9028720e+02
0	0	1	54	2.2464693e+02
0	0	1	55	2.2006190e+02
0	0	1	56	2.9123596e+02
0	0	1	57	2.6356796e+02
0	0	1	58	2.3537721e+02
0	0	1	59	2.2273792e+02
0	0	1	60	2.5051891e+02
0	0	1	61	2.2573660e+02
0	0	1	62	2.2201761e+02
0	0	1	63	2.9018976e+02
0	0	2	0	-5.5188232e+01
0	0	2	1	-2.2516940e+02
0	0	2	2	-7.5342728e+01
0	0	2	3	-6.4993515e+01
0	0	2	4	-1.1027081e+02
0	0	2	5	-1.1345101e+02
0	0	2	6	-9.2809563e+01
0	0	2	7	-1.1234500e+02
0	0	2	8	-1.0901727e+02
0	0	2	9	-1.2449147e+02
0	0	2	10	-1.1015696e+02
0	0	2	11	-9.8933174e+01
0	0	2	12	-1.9694698e+02
0	0	2	13	-2.6006760e+02
0	0	2	14	-6.0981060e+01
0	0	2	15	-9.2403885e+01
0	0	2	16	-1.4515401e+02
0	0	2	17	-1.6954149e+02
0	0	2	18	-1.4227524e+02
0	0	2	19	-1.6587283e+02
0	0	2	20	-2.1668443e+02
0	0	2	21	-9.5306351e+01
0	0	2	22	-1.5122270e+02
0	0	2	23	-1.9673409e+02
0	0	2	24	-2.8254404e+02
0	0	2	25	-1.4065843e+02
0	0	2	26	-1.6749117e+02
0	0	2	27	-2.1332846e+02
0	0	2	28	-1.7112096e+02
0	0	2	29	-2.8607349e+02
0	0	2	30	-1.2660264e+02
0	0	2	31	-3.0449792e+02
0	0	2	32	-1.8416429e+02
0	0	2	33	-1.8891510e+02
0	0	2	34	1.4089760e+02
0	0	2	35	1.8109839e+02
0	0	2	36	1.5557628e+02
0	0	2	37	1.2988040e+02
0	0	2	38	1.1309575e+02
0	0	2	39	1.4079263e+02
0	0	2	40	1.7153180e+02
0	0	2	41	1.3955048e+02
0	0	2	42	1.5587543e+02
0	0	2	43	1.8417932e+02
0	0	2	44	1.3310672e+02
0	0	2	45	1.0902996e+02
0	0	2	46	1.2885083e+02
0	0	2	47	1.4341840e+02
0	0	2	48	2.0129674e+02
0	0	2	49	1.1025439e+02
0	0	2	50	1.2883957e+02
0	0	2	51	4.9558817e+02
0	0	2	52	4.8915765e+02
0	0	2	53	1.8269135e+02
0	0	2	54	3.0712097e+02
0	0	2	55	3.0572238e+02
0	0	2	56	2.9057352e+02
0	0	2	57	3.4795749e+02
0	0	2	58	3.2375494e+02
0	0	2	59	2.8072516e+02
0	0	2	60	3.4752200e+02
0	0	2	61	2.5681082e+02
0	0	2	62	3.2312332e+02
0	0	2	63	3.6312448e+02
0	0	3	0	-1.9623311e+02
0	0	3	1	-2.9119495e+02
0	0	3	2	-2.4110451e+02
0	0	3	3	-3.5381741e+02
0	0	3	4	-2.5769449e+02
0	0	3	5	-2.7163425e+02
0	0	3	6	-2.6301331e+02
0	0	3	7	-2.9477588e+02
0	0	3	8	-3.5255136e+02
0	0	3	9	-2.7068707e+02
0	0	3	10	-2.9053592e+02
0	0	3	11	-2.9129807e+02
0	0	3	12	-3.0074548e+02
0	0	3	13	-2.6846851e+02
0	0	3	14	-2.7303836e+02
0	0	3	15	-2.4275531e+02
0	0	3	16	-3.1193878e+02
0	0	3	17	-2.8206583e+02
0	0	3	18	-3.5446448e+02
0	0	3	19	-3.1391669e+02
0	0	3	20	-3.6557883e+02
0	0	3	21	-3.8882037e+02
0	0	3	22	-3.3354276e+02
0	0	3	23	-2.5354648e+02
0	0	3	24	-4.4931363e+02
0	0	3	25	-3.4762201e+02
0	0	3	26	-3.4767380e+02
0	0	3	27	-3.3515076e+02
0	0	3	28	-3.8728430e+02
0	0	3	29	-3.7203665e+02
0	0	3	30	-4.4274210e+02
0	0	3	31	-3.6365759e+02
0	0	3	32	-3.6739963e+02
0	0	3	33	-4.0755923e+02
0	0	3	34	-8.8987221e+01
0	0	3	35	-7.1961113e+01
0	0	3	36	-2.9604580e+01
0	0	3	37	-1.6265875e+01
0	0	3	38	3.6685297e+00
0	0	3	39	-4.4136360e+01
0	0	3	40	-1.4152887e+01
0	0	3	41	5.8696909e+00
0	0	3	42	3.4389603e+01
0	0	3	43	-4.0055702e+01
0	0	3	44	2.3969912e+01
0	0	3	45	-9.8328438e+01
0	0	3	46	-4.0214381e+00
0	0	3	47	-1.2664949e+02
0	0	3	48	-2.8721985e+01
0	0	3	49	1.9911921e+01
0	0	3	50	-4.0530880e+01
0	0	3	51	2.3743138e+02
0	0	3	52	2.9410321e+02
0	0	3	53	1.0456889e+02
0	0	3	54	1.4975859e+02
0	0	3	55	1.7773251e+02
0	0	3	56	1.2548254e+02
0	0	3	57	1.7538692e+02
0	0	3	58	1.0991005e+02
0	0	3	59	1.4206766e+02
0	0	3	60	1.3886284e+02
0	0	3	61	1.1509270e+02
0	0	3	62	9.5240578e+01
0	0	3	63	1.9621313e+02
0	0	4	0	-8.1191437e+01
0	0	4	1	-2.1504854e+02
0	0	4	2	-1.0126194e+02
0	0	4	3	-1.3671719e+02
0	0	4	4	-1.3435304e+02
0	0	4	5	-1.3049533e+02
0	0	4	6	-1.2113631e+02
0	0	4	7	-1.1112334e+02
0	0	4	8	-1.8313605e+02
0	0	4	9	-9.2095215e+01
0	0	4	10	-2.3028435e+02
0	0	4	11	-1.3509148e+02
0	0	4	12	-2.3883052e+02
0	0	4	13	-1.5398151e+02
0	0	4	14	-8.9989342e+01
0	0	4	15	-1.4939684e+02
0	0	4	16	-1.6702443e+02
0	0	4	17	-2.2025813e+02
0	0	4	18	-1.5872755e+02
0	0	4	19	-2.2026376e+02
0	0	4	20	-2.1838680e+02
0	0	4	21	-2.1128474e+02
0	0	4	22	-2.5775949e+02
0	0	4	23	-1.8426849e+02
0	0	4	24	-1.9804524e+02
0	0	4	25	-1.4341075e+02
0	0	4	26	-1.9347708e+02
0	0	4	27	-1.7421101e+02
0	0	4	28	-1.7090079e+02
0	0	4	29	-2.3895863e+02
0	0	4	30	-2.6289664e+02
0	0	4	31	-2.1095337e+02
0	0	4	32	-2.1844406e+02
0	0	4	33	-3.6270364e+02
0	0	4	34	1.1922596e+02
0	0	4	35	1.1655999e+02
0	0	4	36	3.4420185e+01
0	0	4	37	1.1200423e+02
0	0	4	38	1.2730125e+02
0	0	4	39	4.5019249e+01
0	0	4	40	1.0789596e+02
0	0	4	41	1.3663263e+02
0	0	4	42	1.4599248e+02
0	0	4	43	1.4686371e+02
0	0	4	44	1.8807832e+02
0	0	4	45	1.6427815e+02
0	0	4	46	1.6053564e+02
0	0	4	47	1.0396875e+02
0	0	4	48	1.7984100e+02
0	0	4	49	1.8817757e+02
0	0	4	50	1.2429707e+02
0	0	4	51	3.8589923e+02
0	0	4	52	5.1794446e+02
0	0	4	53	2.5275333e+02
0	0	4	54	3.0397443e+02
0	0	4	55	2.3021779e+02
0	0	4	56	2.9572433e+02
0	0	4	57	3.7722891e+02
0	0	4	58	2.9972476e+02
0	0	4	59	3.2995374e+02
0	0	4	60	2.9986841e+02
0	0	4	61	2.7274100e+02
0	0	4	62	2.8293262e+02
0	0	4	63	1.9887309e+02
0	0	5	0	-3.8191800e+02
0	0	5	1	-3.8452353e+02
0	0	5	2	-4.1338416e+02
0	0	5	3	-3.9199445e+02
0	0	5	4	-4.5105579e+02
0	0	5	5	-4.0392737e+02
0	0	5	6	-4.2597290e+02
0	0	5	7	-4.0079224e+02
0	0	5	8	-4.6953018e+02
0	0	5	9	-3.8602600e+02
0	0	5	10	-3.9699884e+02
0	0	5	11	-4.0803265e+02
0	0	5	12	-4.2426102e+02
0	0	5	13	-4.1233218e+02
0	0	5	14	-4.1188000e+02
0	0	5	15	-4.8476114e+02
0	0	5	16	-3.5689270e+02
0	0	5	17	-5.1024899e+02
0	0	5	18	-4.7649545e+02
0	0	5	19	-3.8513797e+02
0	0	5	20	-5.7127655e+02
0	0	5	21	-4.6511163e+02
0	0	5	22	-4.5234439e+02
0	0	5	23	-4.3821652e+02
0	0	5	24	-4.5821851e+02
0	0	5	25	-5.2555664e+02
0	0	5	26	-4.5876431e+02
0	0	5	27	-5.4656946e+02
0	0	5	28	-4.8995120e+02
0	0	5	29	-5.0121451e+02
0	0	5	30	-4.4867932e+02
0	0	5	31	-5.0142285e+02
0	0	5	32	-5.0289371e+02
0	0	5	33	-4.6413895e+02
0	0	5	34	-1.7388139e+02
0	0	5	35	-1.7455611e+02
0	0	5	36	-1.0439513e+02
0	0	5	37	-1.7043672e+02
0	0	5	38	-9.8559059e+01
0	0	5	39	-1.5876776e+02
0	0	5	40	-1.5154778e+02
0	0	5	41	-1.4635521e+02
0	0	5	42	-7.0232254e+01
0	0	5	43	-1.3732487e+02
0	0	5	44	-5.8318882e+01
0	0	5	45	-1.0323310e+02
0	0	5	46	-7.4865868e+01
0	0	5	47	-1.2034369e+02
0	0	5	48	-1.6354620e+02
0	0	5	49	-5.6319443e+01
0	0	5	50	-1.2876152e+02
0	0	5	51	2.2499797e+02
0	0	5	52	1.8763026e+02
0	0	5	53	3.9348957e+01
0	0	5	54	8.3754089e+01
0	0	5	55	7.3182465e+01
0	0	5	56	1.1236943e+02
0	0	5	57	5.0144775e+01
0	0	5	58	4.1397049e+01
0	0	5	59	6.9549011e+01
0	0	5	60	1.6041349e+01
0	0	5	61	3.0302982e+01
0	0	5	62	6.7034470e+01
0	0	5	63	1.2624129e+02
0	0	6	0	-1.3021524e+02
0	0	6	1	-1.2846077e+02
0	0	6	2	-1.7357541e+02
0	0	6	3	-1.7250262e+02
0	0	6	4	-1.4931137e+02
0	0	6	5	-9.6269279e+01
0	0	6	6	-7.3362305e+01
0	0	6	7	-1.0540269e+02
0	0	6	8	-1.1152251e+02
0	0	6	9	-1.0896014e+02
0	0	6	10	-1.2257651e+02
0	0	6	11	-1.1621471e+02
0	0	6	12	-1.3192741e+02
0	0	6	13	-1.1470718e+02
0	0	6	14	-9.0764160e+01
0	0	6	15	-1.1860133e+02
0	0	6	16	-2.7054758e+02
0	0	6	17	-1.9942995e+02
0	0	6	18	-1.5537239e+02
0	0	6	19	-1.6780624e+02
0	0	6	20	-2.0371999e+02
0	0	6	21	-1.5149817e+02
0	0	6	22	-1.4270699e+02
0	0	6	23	-1.5220856e+02
0	0	6	24	-1.6309172e+02
0	0	6	25	-1.4417764e+02
0	0	6	26	-2.3763025e+02
0	0	6	27	-1.8477919e+02
0	0	6	28	-1.9703563e+02
0	0	6	29	-2.6726376e+02
0	0	6	30	-2.1498834e+02
0	0	6	31	-2.5398766e+02
0	0	6	32	-1.8582817e+02
0	0	6	33	-3.2701883e+02
0	0	6	34	1.5675926e+02
0	0	6	35	1.0253830e+02
0	0	6	36	1.6642094e+02
0	0	6	37	2.3510526e+02
0	0	6	38	1.3986526e+02
0	0	6	39	1.7181709e+02
0	0	6	40	1.3300894e+02
0	0	6	41	1.0393982e+02
0	0	6	42	1.9511491e+02
0	0	6	43	1.8337633e+02
0	0	6	44	2.5534938e+02
0	0	6	45	1.9794370e+02
0	0	6	46	2.9644800e+02
0	0	6	47	1.2309002e+02
0	0	6	48	2.0988330e+02
0	0	6	49	2.9446640e+02
0	0	6	50	1.4737024e+02
0	0	6	51	4.6780276e+02
0	0	6	52	4.2812350e+02
0	0	6	53	2.5210272e+02
0	0	6	54	2.0081747e+02
0	0	6	55	3.9257672e+02
0	0	6	56	3.2271292e+02
0	0	6	57	3.4548126e+02
0	0	6	58	2.8182520e+02
0	0	6	59	3.1047409e+02
0	0	6	60	3.5876379e+02
0	0	6	61	3.6958832e+02
0	0	6	62	3.2877209e+02
0	0	6	63	3.9139560e+02
0	0	7	0	-7.8623619e+01
0	0	7	1	-2.1338643e+02
0	0	7	2	-1.8087166e+02
0	0	7	3	-2.1689073e+02
0	0	7	4	-2.7138260e+02
0	0	7	5	-1.9112955e+02
0	0	7	6	-2.4675830e+02
0	0	7	7	-2.4174568e+02
0	0	7	8	-2.3131900e+02
0	0	7	9	-1.9233115e+02
0	0	7	10	-2.5040794e+02
0	0	7	11	-2.6201944e+02
0	0	7	12	-3.6286334e+02
0	0	7	13	-2.4790562e+02
0	0	7	14	-3.6640802e+02
0	0	7	15	-2.1697269e+02
0	0	7	16	-3.7663263e+02
0	0	7	17	-2.6794843e+02
0	0	7	18	-2.8935736e+02
0	0	7	19	-1.9092963e+02
0	0	7	20	-3.3923718e+02
0	0	7	21	-3.5158698e+02
0	0	7	22	-2.8770813e+02
0	0	7	23	-3.0887894e+02
0	0	7	24	-3.7325217e+02
0	0	7	25	-2.4108699e+02
0	0	7	26	-2.6394952e+02
0	0	7	27	-3.1607281e+02
0	0	7	28	-3.0499503e+02
0	0	7	29	-3.1375119e+02
0	0	7	30	-3.1717114e+02
0	0	7	31	-3.8080991e+02
0	0	7	32	-3.8045395e+02
0	0	7	33	-3.6740503e+02
0	0	7	34	-8.0708199e+01
0	0	7	35	-1.3272290e+02
0	0	7	36	-1.5182634e+01
0	0	7	37	4.7530613e+01
0	0	7	38	-4.2086853e+01
0	0	7	39	9.0592232e+00
0	0	7	40	6.8313336e+00
0	0	7	41	-5.3692780e+01
0	0	7	42	4.0269913e+01
0	0	7	43	-3.3527958e+01
0	0	7	44	3.0485282e+00
0	0	7	45	-6.4545509e+01
0	0	7	46	8.6649529e+01
0	0	7	47	4.0910446e+01
0	0	7	48	4.5701942e+01
0	0	7	49	7.2705566e+01
0	0	7	50	2.7380484e+01
0	0	7	51	3.2275183e+02
0	0	7	52	2.3773477e+02
0	0	7	53	1.0792040e+02
0	0	7	54	1.0486949e+02
0	0	7	55	1.6145300e+02
0	0	7	56	2.1052618e+02
0	0	7	57	1.6370624e+02
0	0	7	58	5.6417217e+01
0	0	7	59	1.5982147e+02
0	0	7	60	1.9559584e+02
0	0	7	61	4.7866806e+01
0	0	7	62	1.2423241e+02
0	0	7	63	2.3169899e+02
0	0	8	0	-1.3970905e+02
0	0	8	1	-2.2489229e+02
0	0	8	2	-1.4349075e+02
0	0	8	3	-1.8675995e+02
0	0	8	4	-1.8415732e+02
0	0	8	5	-3.1843341e+02
0	0	8	6	-3.2203476e+02
0	0	8	7	-8.6466370e+01
0	0	8	8	-1.8079349e+02
0	0	8	9	-2.3865218e+02
0	0	8	10	-2.0383369e+02
0	0	8	11	-3.0339682e+02
0	0	8	12	-2.4202475e+02
0	0	8	13	-2.8200555e+02
0	0	8	14	-3.2734656e+02
0	0	8	15	-2.5389438e+02
0	0	8	16	-3.9385767e+02
0	0	8	17	-2.8229971e+02
0	0	8	18	-3.3859457e+02
0	0	8	19	-3.4625833e+02
0	0	8	20	-2.2986578e+02
0	0	8	21	-2.9125226e+02
0	0	8	22	-2.3154182e+02
0	0	8	23	-3.1065543e+02
0	0	8	24	-3.2258484e+02
0	0	8	25	-2.8999142e+02
0	0	8	26	-4.1613693e+02
0	0	8	27	-3.0832312e+02
0	0	8	28	-3.3072205e+02
0	0	8	29	-2.9657892e+02
0	0	8	30	-2.9035818e+02
0	0	8	31	-2.3589626e+02
0	0	8	32	-2.8689584e+02
0	0	8	33	-2.8045538e+02
0	0	8	34	7.6389336e+01
0	0	8	35	8.2743858e+01
0	0	8	36	1.0247453e+02
0	0	8	37	6.0688808e+01
0	0	8	38	-4.4240715e+01
0	0	8	39	6.2581623e+01
0	0	8	40	7.9895409e+01
0	0	8	41	5.4290585e+01
0	0	8	42	1.0569055e+02
0	0	8	43	1.1052118e+02
0	0	8	44	1.0301216e+02
0	0	8	45	8.5160370e+01
0	0	8	46	-3.0806767e+01
0	0	8	47	6.8994499e+01
0	0	8	48	8.5187164e+01
0	0	8	49	5.9633163e+01
0	0	8	50	1.2597270e+02
0	0	8	51	3.1842322e+02
0	0	8	52	3.7594986e+02
0	0	8	53	2.0937611e+02
0	0	8	54	2.1668053e+02
0	0	8	55	2.3076819e+02
0	0	8	56	3.2537585e+02
0	0	8	57	2.7582452e+02
0	0	8	58	2.0593114e+02
0	0	8	59	2.1634200e+02
0	0	8	60	2.3547961e+02
0	0	8	61	1.0196175e+02
0	0	8	62	1.2840694e+02
0	0	8	63	2.3362827e+02
0	0	9	0	-4.1143048e+02
0	0	9	1	-3.2555850e+02
0	0	9	2	-3.1428604e+02
0	0	9	3	-2.9861679e+02
0	0	9	4	-3.4703497e+02
0	0	9	5	-3.5831931e+02
0	0	9	6	-3.5657236e+02
0	0	9	7	-3.4597125e+02
0	0	9	8	-3.6252319e+02
0	0	9	9	-3.6188855e+02
0	0	9	10	-3.6519116e+02
0	0	9	11	-3.5641779e+02
0	0	9	12	-4.6593256e+02
0	0	9	13	-3.4241296e+02
0	0	9	14	-3.8340848e+02
0	0	9	15	-2.6341394e+02
0	0	9	16	-4.6428571e+02
0	0	9	17	-4.0699341e+02
0	0	9	18	-3.9083112e+02
0	0	9	19	-4.5459335e+02
0	0	9	20	-4.8572473e+02
0	0	9	21	-4.3177930e+02
0	0	9	22	-4.0103412e+02
0	0	9	23	-3.4538208e+02
0	0	9	24	-4.2366473e+02
0	0	9	25	-4.5495154e+02
0	0	9	26	-4.0730777e+02
0	0	9	27	-4.3138510e+02
0	0	9	28	-4.2268933e+02
0	0	9	29	-4.2308447e+02
0	0	9	30	-4.5797464e+02
0	0	9	31	-4.7530887e+02
0	0	9	32	-4.6734225e+02
0	0	9	33	-4.5509653e+02
0	0	9	34	-1.2228598e+02
0	0	9	35	-2.0021280e+02
0	0	9	36	-2.0422052e+01
0	0	9	37	-8.4340347e+01
0	0	9	38	-7.0146423e+01
0	0	9	39	-1.5225681e+02
0	0	9	40	3.5708630e+01
0	0	9	41	-1.3884468e+02
0	0	9	42	-1.0724908e+02
0	0	9	43	-2.3357759e+02
0	0	9	44	4.5058661e+00
0	0	9	45	-1.4197318e+02
0	0	9	46	-1.0923200e+00
0	0	9	47	-9.7656609e+01
0	0	9	48	-5.1395912e+01
0	0	9	49	-1.3414771e+02
0	0	9	50	-1.0616864e+02
0	0	9	51	2.2819397e+02
0	0	9	52	2.3801012e+02
0	0	9	53	4.6383396e+01
0	0	9	54	6.9307175e+01
0	0	9	55	5.6171337e+01
0	0	9	56	9.6112938e+01
0	0	9	57	9.9158554e+01
0	0	9	58	9.1218285e+01
0	0	9	59	-1.2133368e+01
0	0	9	60	7.7254723e+01
0	0	9	61	1.6805613e+01
0	0	9	62	2.8398285e+01
0	0	9	63	1.1706042e+02
0	0	10	0	-8.8378929e+01
0	0	10	1	-1.2813393e+02
0	0	10	2	-4.3847794e+01
0	0	10	3	-1.7974051e+02
0	0	10	4	-8.4108597e+01
0	0	10	5	-5.6184464e+01
0	0	10	6	-1.2052888e+02
0	0	10	7	2.9229988e+01
0	0	10	8	-1.1724989e+02
0	0	10	9	-1.0958410e+02
0	0	10	10	-7.9029037e+01
0	0	10	11	-1.0878841e+02
0	0	10	12	-1.1431425e+02
0	0	10	13	-1.0107043e+02
0	0	10	14	-1.0973888e+02
0	0	10	15	-1.2380332e+02
0	0	10	16	-1.6016606e+02
0	0	10	17	-2.5676669e+02
0	0	10	18	-1.7447612e+02
0	0	10	19	-2.1128174e+02
0	0	10	20	-9.3781693e+01
0	0	10	21	-1.3789296e+02
0	0	10	22	-2.0380258e+02
0	0	10	23	-1.4257773e+02
0	0	10	24	-2.5769916e+02
0	0	10	25	-1.4813780e+02
0	0	10	26	-1.9525484e+02
0	0	10	27	1.2437186e+03
0	0	10	28	-1.7629811e+02
0	0	10	29	-2.5923090e+02
0	0	10	30	-2.7607437e+02
0	0	10	31	-1.6238301e+02
0	0	10	32	-1.8942625e+02
0	0	10	33	-1.8358574e+02
0	0	10	34	1.3390363e+02
0	0	10	35	7.2224068e+01
0	0	10	36	1.9142365e+02
0	0	10	37	1.8312164e+02
0	0	10	38	1.8604285e+02
0	0	10	39	1.8712209e+02
0	0	10	40	1.8882359e+02
0	0	10	41	2.4042091e+02
0	0	10	42	9.4840668e+01
0	0	10	43	1.9767632e+02
0	0	10	44	1.6270966e+02
0	0	10	45	1.5522438e+02
0	0	10	46	1.1849729e+02
0	0	10	47	1.6187785e+02
0	0	10	48	1.7580983e+02
0	0	10	49	1.8046884e+02
0	0	10	50	1.5146404e+02
0	0	10	51	4.3659460e+02
0	0	10	52	5.1791333e+02
0	0	10	53	2.7375720e+02
0	0	10	54	3.0629538e+02
0	0	10	55	3.4062442e+02
0	0	10	56	4.1565482e+02
0	0	10	57	4.0580508e+02
0	0	10	58	3.8144418e+02
0	0	10	59	3.5162653e+02
0	0	10	60	3.8104065e+02
0	0	10	61	2.3851233e+02
0	0	10	62	2.8204950e+02
0	0	10	63	3.0947269e+02
0	0	11	0	-1.5806033e+02
0	0	11	1	-3.1717529e+02
0	0	11	2	-2.1479134e+02
0	0	11	3	-2.2321707e+02
0	0	11	4	-2.3482504e+02
0	0	11	5	-2.2700912e+02
0	0	11	6	-2.0498039e+02
0	0	11	7	-2.5463873e+02
0	0	11	8	-2.4856372e+02
0	0	11	9	-3.2117477e+02
0	0	11	10	-2.5595866e+02
0	0	11	11	-2.3288893e+02
0	0	11	12	-3.4752637e+02
0	0	11	13	-3.1695157e+02
0	0	11	14	-3.3763794e+02
0	0	11	15	-2.0506523e+02
0	0	11	16	-4.5487244e+02
0	0	11	17	-2.9398181e+02
0	0	11	18	-3.4744852e+02
0	0	11	19	-2.9855585e+02
0	0	11	20	-3.2900308e+02
0	0	11	21	-3.2334314e+02
0	0	11	22	-2.8726221e+02
0	0	11	23	-2.8187744e+02
0	0	11	24	-3.0312909e+02
0	0	11	25	-4.5414557e+02
0	0	11	26	-4.0469632e+02
0	0	11	27	-2.9648978e+02
0	0	11	28	-3.4251425e+02
0	0	11	29	-3.3230945e+02
0	0	11	30	-2.9602475e+02
0	0	11	31	-3.0496649e+02
0	0	11	32	-3.2496194e+02
0	0	11	33	-3.2377142e+02
0	0	11	34	7.0866508e+01
0	0	11	35	4.2374207e+01
0	0	11	36	1.4431439e+02
0	0	11	37	9.3061378e+01
0	0	11	38	3.8156033e+01
0	0	11	39	4.8085979e+01
0	0	11	40	1.4703235e+02
0	0	11	41	7.7491486e+01
0	0	11	42	5.0374371e+01
0	0	11	43	5.3304893e+01
0	0	11	44	1.2875182e+02
0	0	11	45	6.4699844e+01
0	0	11	46	8.4374573e+01
0	0	11	47	1.2473170e+01
0	0	11	48	4.9965477e+01
0	0	11	49	7.0782875e+01
0	0	11	50	8.4122452e+01
0	0	11	51	2.3815779e+02
0	0	11	52	3.7373260e+02
0	0	11	53	1.7989380e+02
0	0	11	54	1.3565385e+02
0	0	11	55	2.6847629e+02
0	0	11	56	2.8221844e+02
0	0	11	57	2.5321210e+02
0	0	11	58	2.0764705e+02
0	0	11	59	1.2080065e+02
0	0	11	60	1.9995528e+02
0	0	11	61	1.6674530e+02
0	0	11	62	1.5888475e+02
0	0	11	63	2.0396555e+02
0	0	12	0	-8.5795021e+00
0	0	12	1	-7.5276497e+01
0	0	12	2	-4.0839214e+01
0	0	12	3	-1.9698818e+01
0	0	12	4	-8.6876373e+01
0	0	12	5	-7.8897743e+01
0	0	12	6	-9.8300797e+01
0	0	12	7	-8.7603592e+01
0	0	12	8	-5.7125267e+01
0	0	12	9	-2.4748196e+01
0	0	12	10	-1.3549965e+02
0	0	12	11	-2.7516651e+01
0	0	12	12	-1.5228308e+02
0	0	12	13	-7.4743004e+01
0	0	12	14	-8.0636520e+01
0	0	12	15	-4.4122650e+01
0	0	12	16	-1.9154729e+02
0	0	12	17	-1.7878786e+02
0	0	12	18	-5.0679249e+01
0	0	12	19	-2.4484218e+02
0	0	12	20	-1.9859555e+02
0	0	12	21	-1.6501787e+02
0	0	12	22	-1.3889450e+02
0	0	12	23	-1.4419501e+02
0	0	12	24	-2.3548041e+02
0	0	12	25	-9.2498466e+01
0	0	12	26	-1.6637709e+02
0	0	12	27	-1.7250568e+02
0	0	12	28	-1.3089954e+02
0	0	12	29	-2.5046719e+02
0	0	12	30	-1.8672597e+02
0	0	12	31	-2.4928442e+02
0	0	12	32	-2.1392467e+02
0	0	12	33	-2.0285808e+02
0	0	12	34	2.2140240e+02
0	0	12	35	1.8273914e+02
0	0	12	36	1.7366367e+02
0	0	12	37	2.0665167e+02
0	0	12	38	1.7181445e+02
0	0	12	39	1.8146274e+02
0	0	12	40	2.1976915e+02
0	0	12	41	1.4609085e+02
0	0	12	42	2.0924908e+02
0	0	12	43	2.1335435e+02
0	0	12	44	2.7008896e+02
0	0	12	45	1.5758229e+02
0	0	12	46	2.2445601e+02
0	0	12	47	1.6049867e+02
0	0	12	48	2.1419200e+02
0	0	12	49	2.0026343e+02
0	0	12	50	1.6274889e+02
0	0	12	51	5.4346185e+02
0	0	12	52	4.8168851e+02
0	0	12	53	2.6325815e+02
0	0	12	54	3.4148090e+02
0	0	12	55	3.7944550e+02
0	0	12	56	3.3002121e+02
0	0	12	57	4.2182336e+02
0	0	12	58	2.9827029e+02
0	0	12	59	3.6592575e+02
0	0	12	60	3.4164890e+02
0	0	12	61	3.2779446e+02
0	0	12	62	3.1381174e+02
0	0	12	63	3.4868350e+02
0	0	13	0	-2.7534338e+02
0	0	13	1	-4.1250967e+02
0	0	13	2	-2.7239764e+02
0	0	13	3	-2.9047433e+02
0	0	13	4	-2.7407791e+02
0	0	13	5	-2.7974417e+02
0	0	13	6	-3.0682932e+02
0	0	13	7	-2.3850374e+02
0	0	13	8	-3.2131726e+02
0	0	13	9	-2.3409494e+02
0	0	13	10	-2.6091916e+02
0	0	13	11	-3.5529568e+02
0	0	13	12	-3.1624908e+02
0	0	13	13	-2.6946033e+02
0	0	13	14	-4.3951678e+02
0	0	13	15	-2.7718478e+02
0	0	13	16	-3.6490234e+02
0	0	13	17	-3.5333014e+02
0	0	13	18	-3.9875812e+02
0	0	13	19	-3.3418753e+02
0	0	13	20	-4.5623083e+02
0	0	13	21	-3.5057098e+02
0	0	13	22	-3.4547623e+02
0	0	13	23	-3.2329636e+02
0	0	13	24	-3.8145056e+02
0	0	13	25	-2.8993790e+02
0	0	13	26	-3.9630478e+02
0	0	13	27	-4.3877872e+02
0	0	13	28	-2.9165158e+02
0	0	13	29	-3.7264224e+02
0	0	13	30	-3.4994229e+02
0	0	13	31	-5.1426062e+02
0	0	13	32	-3.5374377e+02
0	0	13	33	-3.1918658e+02
0	0	13	34	4.2950920e+01
0	0	13	35	-1.1437527e+01
0	0	13	36	-7.9371277e+01
0	0	13	37	8.2007416e+01
0	0	13	38	-4.1100464e+00
0	0	13	39	1.7700329e+01
0	0	13	40	2.4255720e+01
0	0	13	41	-1.8285330e+01
0	0	13	42	2.6086107e+01
0	0	13	43	3.5413124e+01
0	0	13	44	7.5419411e+01
0	0	13	45	1.9663206e+01
0	0	13	46	4.6001766e+01
0	0	13	47	1.4556444e+01
0	0	13	48	4.5100159e+01
0	0	13	49	2.2078119e+01
0	0	13	50	-6.4669523e+00
0	0	13	51	3.9942102e+02
0	0	13	52	4.3085614e+02
0	0	13	53	3.2306995e+01
0	0	13	54	3.2052182e+02
0	0	13	55	2.1283850e+02
0	0	13	56	3.4327374e+02
0	0	13	57	1.8056705e+02
0	0	13	58	2.4582849e+02
0	0	13	59	1.9949547e+02
0	0	13	60	1.9533017e+02
0	0	13	61	1.9984853e+02
0	0	13	62	1.8242749e+02
0	0	13	63	1.6705161e+02
0	0	14	0	-7.5297668e+01
0	0	14	1	-9.5678299e+01
0	0	14	2	-1.4780077e+02
0	0	14	3	-1.3297130e+02
0	0	14	4	-1.5367477e+02
0	0	14	5	-2.1374245e+02
0	0	14	6	-1.5943489e+02
0	0	14	7	-1.2211388e+02
0	0	14	8	-1.9936684e+02
0	0	14	9	-9.7446030e+01
0	0	14	10	-2.1194580e+02
0	0	14	11	-1.5019304e+02
0	0	14	12	-2.7741916e+02
0	0	14	13	-1.7526862e+02
0	0	14	14	-1.9507964e+02
0	0	14	15	-1.4662288e+02
0	0	14	16	-2.1675986e+02
0	0	14	17	-2.1458372e+02
0	0	14	18	-2.3353587e+02
0	0	14	19	-1.7051245e+02
0	0	14	20	-1.9978889e+02
0	0	14	21	-1.8395216e+02
0	0	14	22	-2.1016287e+02
0	0	14	23	-1.5263252e+02
0	0	14	24	-2.4896976e+02
0	0	14	25	-2.3510782e+02
0	0	14	26	-1.9326045e+02
0	0	14	27	-1.7381000e+02
0	0	14	28	-1.7234004e+02
0	0	14	29	-2.3443530e+02
0	0	14	30	-2.8565411e+02
0	0	14	31	-3.0229492e+02
0	0	14	32	-2.3157445e+02
0	0	14	33	-1.7313266e+02
0	0	14	34	3.8564617e+01
0	0	14	35	-3.6073059e+01
0	0	14	36	1.5600677e+02
0	0	14	37	7.3863892e+01
0	0	14	38	6.4275536e+01
0	0	14	39	4.9954600e+00
0	0	14	40	7.4541321e+01
0	0	14	41	1.9735245e+01
0	0	14	42	9.8834839e+01
0	0	14	43	1.2846786e+01
0	0	14	44	1.6867827e+02
0	0	14	45	1.3095517e+02
0	0	14	46	1.5060654e+02
0	0	14	47	4.8986214e+01
0	0	14	48	1.6106815e+02
0	0	14	49	1.3676309e+02
0	0	14	50	3.2885509e+01
0	0	14	51	4.5430362e+02
0	0	14	52	4.2037704e+02
0	0	14	53	2.3620201e+02
0	0	14	54	2.1365889e+02
0	0	14	55	2.7006915e+02
0	0	14	56	3.4440353e+02
0	0	14	57	3.4305719e+02
0	0	14	58	2.3704771e+02
0	0	14	59	2.5525128e+02
0	0	14	60	2.7375714e+02
0	0	14	61	1.1887434e+02
0	0	14	62	1.7023209e+02
0	0	14	63	2.6064685e+02
0	0	15	0	1.1959217e+01
0	0	15	1	-6.1566540e+01
0	0	15	2	-1.3612807e+02
0	0	15	3	-1.6341331e+02
0	0	15	4	-2.1570746e+02
0	0	15	5	-7.0771767e+01
0	0	15	6	-2.2144179e+02
0	0	15	7	-6.4543068e+01
0	0	15	8	-1.4076097e+02
0	0	15	9	-7.2922974e+01
0	0	15	10	-8.7775391e+01
0	0	15	11	-1.7306111e+02
0	0	15	12	-2.0755905e+02
0	0	15	13	-1.8212755e+02
0	0	15	14	-1.6752887e+02
0	0	15	15	-1.2775600e+02
0	0	15	16	-9.6721291e+01
0	0	15	17	-9.6693951e+02
0	0	15	18	-2.1004674e+02
0	0	15	19	1.2437186e+03
0	0	15	20	-1.8936435e+02
0	0	15	21	-2.0645700e+02
0	0	15	22	-2.1571661e+02
0	0	15	23	-1.9076450e+02
0	0	15	24	-2.0318518e+02
0	0	15	25	-2.2221265e+02
0	0	15	26	-3.2750851e+02
0	0	15	27	-3.1963354e+02
0	0	15	28	-1.3017451e+02
0	0	15	29	-2.0471768e+02
0	0	15	30	-2.0698859e+02
0	0	15	31	-2.6048306e+02
0	0	15	32	-2.1942180e+02
0	0	15	33	-3.1579401e+02
0	0	15	34	5.9818310e+01
0	0	15	35	7.5829697e+01
0	0	15	36	1.4299222e+02
0	0	15	37	1.5703076e+02
0	0	15	38	1.1616323e+02
0	0	15	39	8.9306168e+01
0	0	15	40	1.7564285e+02
0	0	15	41	1.0672863e+02
0	0	15	42	1.3458232e+02
0	0	15	43	6.7113487e+01
0	0	15	44	1.1759517e+02
0	0	15	45	5.6909798e+01
0	0	15	46	7.1678612e+01
0	0	15	47	1.0832658e+02
0	0	15	48	1.2186338e+02
0	0	15	49	1.0632528e+02
0	0	15	50	1.6333426e+02
0	0	15	51	4.9588617e+02
0	0	15	52	4.2309085e+02
0	0	15	53	2.7633813e+02
0	0	15	54	1.9758755e+02
0	0	15	55	2.2177951e+02
0	0	15	56	4.3227063e+02
0	0	15	57	3.9103525e+02
0	0	15	58	2.0531754e+02
0	0	15	59	2.9080484e+02
0	0	15	60	2.8541373e+02
0	0	15	61	2.8253650e+02
0	0	15	62	3.1200861e+02
0	0	15	63	3.3105716e+02
0	1	0	0	2.9914261e+01
0	1	0	1	-1.9726828e+00
0	1	0	2	-8.8200073e+00
0	1	0	3	3.1898870e+01
0	1	0	4	-3.6926179e+00
0	1	0	5	-8.7943344e+01
0	1	0	6	-4.5064560e+01
0	1	0	7	2.7987341e+01
0	1	0	8	-9.6842743e+01
0	1	0	9	3.9593399e+01
0	1	0	10	-5.1713288e-02
0	1	0	11	-8.6014328e+01
0	1	0	12	-3.4030631e+00
0	1	0	13	-4.1926048e+01
0	1	0	14	1.5539182e+01
0	1	0	15	2.9332842e+01
0	1	0	16	-9.4641411e+01
0	1	0	17	-1.8955063e+02
0	1	0	18	-4.8694855e+01
0	1	0	19	-9.6148949e+01
0	1	0	20	-7.6826965e+01
0	1	0	21	-4.1863712e+01
0	1	0	22	-6.5342049e+01
0	1	0	23	-8.2901825e+01
0	1	0	24	-7.8732132e+01
0	1	0	25	-1.4410408e+02
0	1	0	26	-1.0591938e+02
0	1	0	27	-2.3313132e+02
0	1	0	28	-2.2961099e+02
0	1	0	29	-1.0925546e+02
0	1	0	30	-1.2012406e+02
0	1	0	31	-5.5808758e+01
0	1	0	32	-9.6738625e+01
0	1	0	33	-1.3032478e+02
0	1	0	34	1.5835541e+02
0	1	0	35	2.4524303e+02
0	1	0	36	2.2203368e+02
0	1	0	37	1.5410593e+02
0	1	0	38	2.0705765e+02
0	1	0	39	1.1402702e+02
0	1	0	40	8.3717812e+01
0	1	0	41	1.1150265e+02
0	1	0	42	1.2993622e+02
0	1	0	43	1.2494984e+02
0	1	0	44	6.6750923e+01
0	1	0	45	9.0394646e+01
0	1	0	46	1.2735930e+02
0	1	0	47	1.5015445e+02
0	1	0	48	1.6012194e+01
0	1	0	49	7.2052193e+01
0	1	0	50	1.2304923e+02
0	1	0	51	4.1235495e+02
0	1	0	52	3.5360709e+02
0	1	0	53	1.1811140e+02
0	1	0	54	1.9427284e+02
0	1	0	55	2.6752402e+02
0	1	0	56	3.6923734e+02
0	1	0	57	2.5258797e+02
0	1	0	58	3.6950632e+02
0	1	0	59	1.1004494e+02
0	1	0	60	2.3749460e+02
0	1	0	61	2.3597704e+02
0	1	0	62	3.7079367e+02
0	1	0	63	2.6972400e+02
0	1	1	0	-2.4648581e+02
0	1	1	1	-3.0192200e+02
0	1	1	2	-1.6199561e+02
0	1	1	3	-3.7918829e+02
0	1	1	4	-2.1807521e+02
0	1	1	5	-3.1565466e+02
0	1	1	6	-2.7941306e+02
0	1	1	7	-3.6049652e+02
0	1	1	8	-2.4946327e+02
0	1	1	9	-9.8156395e+01
0	1	1	10	-3.0381149e+02
0	1	1	11	-1.8148169e+02
0	1	1	12	-3.4563849e+02
0	1	1	13	-3.2886276e+02
0	1	1	14	-3.3140527e+02
0	1	1	15	-3.1404465e+02
0	1	1	16	-3.8515479e+02
0	1	1	17	-3.3880911e+02
0	1	1	18	-3.9540799e+02
0	1	1	19	-3.2343579e+02
0	1	1	20	-3.8040649e+02
0	1	1	21	-3.5413553e+02
0	1	1	22	-3.6667130e+02
0	1	1	23	-3.4082690e+02
0	1	1	24	-3.7685849e+02
0	1	1	25	-3.5921704e+02
0	1	1	26	-5.0048065e+02
0	1	1	27	-2.4790408e+02
0	1	1	28	-3.6359134e+02
0	1	1	29	-2.3258850e+02
0	1	1	30	-3.1650543e+02
0	1	1	31	-2.6399982e+02
0	1	1	32	-2.7955328e+02
0	1	1	33	-2.4908334e+02
0	1	1	34	1.0377232e+02
0	1	1	35	5.0063141e+01
0	1	1	36	1.3614651e+02
0	1	1	37	8.1576523e+01
0	1	1	38	1.0618856e+02
0	1	1	39	1.3695508e+02
0	1	1	40	1.7900854e+02
0	1	1	41	9.8338707e+01
0	1	1	42	1.8601056e+02
0	1	1	43	1.4713394e+02
0	1	1	44	1.9703853e+02
0	1	1	45	7.2351433e+01
0	1	1	46	2.0706769e+02
0	1	1	47	7.6879227e+01
0	1	1	48	1.5628517e+02
0	1	1	49	1.9828983e+02
0	1	1	50	1.7764581e+02
0	1	1	51	3.1779984e+02
0	1	1	52	3.2161322e+02
0	1	1	53	2.1813042e+02
0	1	1	54	2.2322971e+02
0	1	1	55	2.7136630e+02
0	1	1	56	3.3926373e+02
0	1	1	57	3.2084454e+02
0	1	1	58	2.6800385e+02
0	1	1	59	1.3717075e+02
0	1	1	60	2.0789471e+02
0	1	1	61	2.0127652e+02
0	1	1	62	1.8952794e+02
0	1	1	63	3.6400916e+02
0	1	2	0	-1.0869350e+02
0	1	2	1	-1.3806650e+02
0	1	2	2	-1.0940216e+02
0	1	2	3	-1.4884508e+02
0	1	2	4	-2.0625652e+02
0	1	2	5	-1.7591533e+02
0	1	2	6	-1.6824207e+02
0	1	2	7	-1.4897514e+02
0	1	2	8	-1.2395538e+02
0	1	2	9	-1.6975214e+02
0	1	2	10	-1.9367705e+02
0	1	2	11	-1.6863765e+02
0	1	2	12	-2.0941547e+02
0	1	2	13	-2.1318646e+02
0	1	2	14	-2.1957196e+02
0	1	2	15	-1.5187135e+02
0	1	2	16	-2.3119409e+02
0	1	2	17	-2.5660214e+02
0	1	2	18	-2.3034181e+02
0	1	2	19	-2.1730573e+02
0	1	2	20	-2.6961032e+02
0	1	2	21	-2.2718085e+02
0	1	2	22	-2.1250912e+02
0	1	2	23	-1.5322902e+02
0	1	2	24	-2.5094992e+02
0	1	2	25	-2.2233937e+02
0	1	2	26	-2.6028687e+02
0	1	2	27	-2.4474503e+02
0	1	2	28	-1.9255315e+02
0	1	2	29	-2.3567400e+02
0	1	2	30	-3.3033420e+02
0	1	2	31	-3.0657199e+02
0	1	2	32	-2.3247501e+02
0	1	2	33	-1.8696729e+02
0	1	2	34	1.1727466e+02
0	1	2	35	9.7571457e+01
0	1	2	36	-2.1803020e+01
0	1	2	37	8.2068817e+01
0	1	2	38	1.1335313e+02
0	1	2	39	1.1382261e+02
0	1	2	40	1.0463030e+02
0	1	2	41	1.2222758e+02
0	1	2	42	1.5102504e+02
0	1	2	43	1.5846815e+02
0	1	2	44	1.7850797e+02
0	1	2	45	9.1488976e+01
0	1	2	46	1.1271613e+02
0	1	2	47	1.3536235e+02
0	1	2	48	1.5303459e+02
0	1	2	49	1.2682905e+02
0	1	2	50	1.6146482e+01
0	1	2	51	4.9012479e+02
0	1	2	52	5.1491772e+02
0	1	2	53	2.9960742e+02
0	1	2	54	2.1373026e+02
0	1	2	55	3.1090988e+02
0	1	2	56	3.7393896e+02
0	1	2	57	3.3769131e+02
0	1	2	58	1.8799756e+02
0	1	2	59	2.4472824e+02
0	1	2	60	3.0078204e+02
0	1	2	61	2.1632048e+02
0	1	2	62	1.8067282e+02
0	1	2	63	3.3248074e+02
0	1	3	0	-1.3365741e+02
0	1	3	1	-1.4654735e+02
0	1	3	2	-1.7170619e+02
0	1	3	3	-1.0737945e+02
0	1	3	4	-2.3024683e+02
0	1	3	5	-1.4887581e+02
0	1	3	6	-1.8864305e+02
0	1	3	7	-1.1627241e+02
0	1	3	8	-2.0568451e+02
0	1	3	9	-1.5326250e+02
0	1	3	10	-1.8525652e+02
0	1	3	11	-1.8841405e+02
0	1	3	12	-2.2519478e+02
0	1	3	13	-2.3614145e+02
0	1	3	14	-2.2961586e+02
0	1	3	15	-2.5394101e+02
0	1	3	16	-2.2486514e+02
0	1	3	17	-3.2807394e+02
0	1	3	18	-2.5539160e+02
0	1	3	19	-2.0662244e+02
0	1	3	20	-2.3581598e+02
0	1	3	21	-2.8294858e+02
0	1	3	22	-2.2723161e+02
0	1	3	23	-2.2203384e+02
0	1	3	24	-2.3644713e+02
0	1	3	25	-2.6352481e+02
0	1	3	26	-3.3492191e+02
0	1	3	27	-2.3386232e+02
0	1	3	28	-3.0490530e+02
0	1	3	29	-2.3850079e+02
0	1	3	30	-2.8973636e+02
0	1	3	31	-3.1082843e+02
0	1	3	32	-2.2187596e+02
0	1	3	33	-2.3058719e+02
0	1	3	34	2.7463028e+01
0	1	3	35	8.6673248e+01
0	1	3	36	1.0605801e+02
0	1	3	37	1.3120476e+02
0	1	3	38	6.2193661e+01
0	1	3	39	1.0342405e+02
0	1	3	40	1.6696046e+02
0	1	3	41	2.7500753e+01
0	1	3	42	7.5506393e+01
0	1	3	43	1.2878287e+02
0	1	3	44	1.3256052e+02
0	1	3	45	1.6088940e+02
0	1	3	46	1.4932458e+02
0	1	3	47	9.5443832e+01
0	1	3	48	1.3286380e+02
0	1	3	49	1.1149870e+02
0	1	3	50	1.5834702e+02
0	1	3	51	4.0030566e+02
0	1	3	52	3.8202322e+02
0	1	3	53	1.8844156e+02
0	1	3	54	1.7589404e+02
0	1	3	55	2.5880881e+02
0	1	3	56	3.9185690e+02
0	1	3	57	3.0550485e+02
0	1	3	58	2.2718069e+02
0	1	3	59	2.6674338e+02
0	1	3	60	2.6720190e+02
0	1	3	61	2.4167181e+02
0	1	3	62	1.8405103e+02
0	1	3	63	3.2034018e+02
0	1	4	0	-2.8428094e+02
0	1	4	1	-2.5600031e+02
0	1	4	2	-1.1937370e+02
0	1	4	3	-1.6043143e+02
0	1	4	4	-1.8731158e+02
0	1	4	5	-2.7558813e+02
0	1	4	6	-2.1244138e+02
0	1	4	7	-2.5175804e+02
0	1	4	8	-2.4272617e+02
0	1	4	9	-1.7994476e+02
0	1	4	10	-2.3306082e+02
0	1	4	11	-1.8480943e+02
0	1	4	12	-2.0173274e+02
0	1	4	13	-2.3286920e+02
0	1	4	14	-2.8876682e+02
0	1	4	15	-1.3764532e+02
0	1	4	16	-3.0370197e+02
0	1	4	17	-2.6787851e+02
0	1	4	18	-1.7804715e+02
0	1	4	19	-3.9774057e+02
0	1	4	20	-1.6361879e+02
0	1	4	21	-2.2323897e+02
0	1	4	22	-3.0503833e+02
0	1	4	23	-1.9212508e+02
0	1	4	24	-2.6371317e+02
0	1	4	25	-2.1779225e+02
0	1	4	26	-3.0261618e+02
0	1	4	27	-2.6329666e+02
0	1	4	28	-2.4444336e+02
0	1	4	29	-2.9556387e+02
0	1	4	30	-2.7572214e+02
0	1	4	31	-2.6636923e+02
0	1	4	32	-2.8396878e+02
0	1	4	33	-2.6729266e+02
0	1	4	34	9.6895683e+01
0	1	4	35	1.3701019e+02
0	1	4	36	8.9558128e+01
0	1	4	37	3.0060377e+01
0	1	4	38	2.0649876e+01
0	1	4	39	3.3562733e+01
0	1	4	40	2.0632185e+01
0	1	4	41	-1.8483475e+01
0	1	4	42	2.3322519e+01
0	1	4	43	5.9662708e+01
0	1	4	44	8.0187485e+01
0	1	4	45	-1.2306936e+01
0	1	4	46	1.8069407e+01
0	1	4	47	3.6640923e+01
0	1	4	48	-4.4616261e+01
0	1	4	49	2.1866150e+01
0	1	4	50	8.1763374e+01
0	1	4	51	2.9855399e+02
0	1	4	52	3.5593533e+02
0	1	4	53	2.1357985e+02
0	1	4	54	1.8631067e+02
0	1	4	55	1.1448110e+02
0	1	4	56	3.6494266e+02
0	1	4	57	3.1207822e+02
0	1	4	58	2.8035458e+02
0	1	4	59	1.9750993e+02
0	1	4	60	2.5996732e+02
0	1	4	61	1.6965225e+02
0	1	4	62	1.4555405e+02
0	1	4	63	2.3859935e+02
0	1	5	0	-1.6044444e+02
0	1	5	1	-1.3822827e+02
0	1	5	2	-2.2936298e+02
0	1	5	3	-8.5762253e+01
0	1	5	4	-1.8177075e+02
0	1	5	5	-1.1225298e+02
0	1	5	6	-1.6467050e+02
0	1	5	7	-1.8228313e+02
0	1	5	8	-1.5446124e+02
0	1	5	9	-1.1934549e+02
0	1	5	10	-2.2138475e+02
0	1	5	11	-1.8240067e+02
0	1	5	12	-2.5721768e+02
0	1	5	13	-1.9750493e+02
0	1	5	14	-2.1776514e+02
0	1	5	15	-2.2355208e+02
0	1	5	16	-1.6362900e+02
0	1	5	17	-2.4592441e+02
0	1	5	18	-2.1363750e+02
0	1	5	19	-3.3228018e+02
0	1	5	20	-3.4575345e+02
0	1	5	21	-2.7466223e+02
0	1	5	22	-3.3865384e+02
0	1	5	23	-2.1898529e+02
0	1	5	24	-2.3291618e+02
0	1	5	25	-1.9226282e+02
0	1	5	26	-1.9749680e+02
0	1	5	27	-2.0006459e+02
0	1	5	28	-2.6859589e+02
0	1	5	29	-1.7631535e+02
0	1	5	30	-1.7179095e+02
0	1	5	31	-2.2574419e+02
0	1	5	32	-2.3213782e+02
0	1	5	33	-2.6829691e+02
0	1	5	34	1.5297513e+02
0	1	5	35	1.2598869e+02
0	1	5	36	1.4616284e+02
0	1	5	37	4.2117252e+01
0	1	5	38	1.3377248e+02
0	1	5	39	1.1706556e+02
0	1	5	40	1.6744507e+02
0	1	5	41	1.1254872e+02
0	1	5	42	1.3328612e+02
0	1	5	43	8.5243393e+01
0	1	5	44	2.8139841e+02
0	1	5	45	7.7771866e+01
0	1	5	46	1.4100981e+02
0	1	5	47	1.5339879e+02
0	1	5	48	2.2529845e+02
0	1	5	49	2.6825122e+02
0	1	5	50	1.9090482e+02
0	1	5	51	3.6636337e+02
0	1	5	52	4.4412479e+02
0	1	5	53	2.7051520e+02
0	1	5	54	2.9197171e+02
0	1	5	55	2.9442487e+02
0	1	5	56	4.4002112e+02
0	1	5	57	3.6622504e+02
0	1	5	58	2.0794446e+02
0	1	5	59	2.3136179e+02
0	1	5	60	4.1579169e+02
0	1	5	61	2.2144307e+02
0	1	5	62	2.4391377e+02
0	1	5	63	4.2628983e+02
0	1	6	0	-1.7326355e+02
0	1	6	1	-1.9813762e+02
0	1	6	2	-1.7983803e+02
0	1	6	3	-2.1234436e+02
0	1	6	4	-2.5323572e+02
0	1	6	5	-2.2022159e+02
0	1	6	6	-2.1508871e+02
0	1	6	7	-1.8684299e+02
0	1	6	8	-1.8738130e+02
0	1	6	9	-2.0835402e+02
0	1	6	10	-2.1637396e+02
0	1	6	11	-3.0024036e+02
0	1	6	12	-2.7816568e+02
0	1	6	13	-1.9897240e+02
0	1	6	14	-1.8861412e+02
0	1	6	15	-1.7303423e+02
0	1	6	16	-2.8951532e+02
0	1	6	17	-3.1114279e+02
0	1	6	18	-2.4716983e+02
0	1	6	19	-2.8237222e+02
0	1	6	20	-3.6842365e+02
0	1	6	21	-2.4783531e+02
0	1	6	22	-2.6693576e+02
0	1	6	23	-2.7198572e+02
0	1	6	24	-2.6077319e+02
0	1	6	25	-2.9272620e+02
0	1	6	26	-3.9488202e+02
0	1	6	27	-3.7664935e+02
0	1	6	28	-2.7143539e+02
0	1	6	29	-2.0510687e+02
0	1	6	30	-2.6345407e+02
0	1	6	31	-2.8829663e+02
0	1	6	32	-3.0066147e+02
0	1	6	33	-2.7102130e+02
0	1	6	34	5.7906883e+01
0	1	6	35	9.8313118e+01
0	1	6	36	-1.8971014e+01
0	1	6	37	1.1580369e+02
0	1	6	38	8.5491219e+01
0	1	6	39	8.9447235e+01
0	1	6	40	1.1404680e+02
0	1	6	41	8.8640961e+01
0	1	6	42	1.6458264e+02
0	1	6	43	1.3929893e+02
0	1	6	44	4.2675587e+01
0	1	6	45	6.4712021e+01
0	1	6	46	1.7025259e+02
0	1	6	47	3.1935795e+01
0	1	6	48	1.3203876e+02
0	1	6	49	5.2147972e+01
0	1	6	50	7.0636482e+01
0	1	6	51	4.7457904e+02
0	1	6	52	4.2305283e+02
0	1	6	53	2.1851152e+02
0	1	6	54	1.1447325e+02
0	1	6	55	2.8303772e+02
0	1	6	56	3.5514658e+02
0	1	6	57	3.4062787e+02
0	1	6	58	2.9350360e+02
0	1	6	59	2.4111690e+02
0	1	6	60	2.7064612e+02
0	1	6	61	2.4323213e+02
0	1	6	62	2.1765991e+02
0	1	6	63	2.3009029e+02
0	1	7	0	-1.7581746e+02
0	1	7	1	-2.3080055e+02
0	1	7	2	-2.7807776e+02
0	1	7	3	-2.2419070e+02
0	1	7	4	-3.4785492e+02
0	1	7	5	-2.1780533e+02
0	1	7	6	-2.5810379e+02
0	1	7	7	-2.3993669e+02
0	1	7	8	-3.5017700e+02
0	1	7	9	-2.7335074e+02
0	1	7	10	-3.0900327e+02
0	1	7	11	-2.8733081e+02
0	1	7	12	-3.2283374e+02
0	1	7	13	-2.6489508e+02
0	1	7	14	-3.1911389e+02
0	1	7	15	-2.5647101e+02
0	1	7	16	-4.1762189e+02
0	1	7	17	-3.4962186e+02
0	1	7	18	-3.5185757e+02
0	1	7	19	-4.0991089e+02
0	1	7	20	-4.0584854e+02
0	1	7	21	-3.6706161e+02
0	1	7	22	-3.6834009e+02
0	1	7	23	-2.8960077e+02
0	1	7	24	-3.8718307e+02
0	1	7	25	-2.9957919e+02
0	1	7	26	-3.3810269e+02
0	1	7	27	-4.0394522e+02
0	1	7	28	-2.9326917e+02
0	1	7	29	-4.1601880e+02
0	1	7	30	-3.6721295e+02
0	1	7	31	-4.6184579e+02
0	1	7	32	-4.0475058e+02
0	1	7	33	-4.1898605e+02
0	1	7	34	1.9176256e+01
0	1	7	35	-3.3366302e+01
0	1	7	36	1.8955784e+01
0	1	7	37	-7.1078615e+00
0	1	7	38	5.0952824e+01
0	1	7	39	-7.8405519e+00
0	1	7	40	3.9744289e+01
0	1	7	41	4.4531719e+01
0	1	7	42	4.7833412e+01
0	1	7	43	-1.5962489e+01
0	1	7	44	2.3391047e+01
0	1	7	45	3.3074253e+01
0	1	7	46	4.3780228e+01
0	1	7	47	7.1078545e+01
0	1	7	48	1.5562932e+01
0	1	7	49	-4.1836201e+01
0	1	7	50	7.9393897e+00
0	1	7	51	2.7117783e+02
0	1	7	52	3.4394623e+02
0	1	7	53	1.3961876e+02
0	1	7	54	1.5475490e+02
0	1	7	55	1.4995691e+02
0	1	7	56	2.2573997e+02
0	1	7	57	1.9449738e+02
0	1	7	58	1.7054553e+02
0	1	7	59	1.4603249e+02
0	1	7	60	1.7734879e+02
0	1	7	61	2.6558086e+01
0	1	7	62	1.3684967e+02
0	1	7	63	1.0867535e+02
0	1	8	0	-1.8311580e+02
0	1	8	1	-2.0115645e+02
0	1	8	2	-2.4118222e+02
0	1	8	3	-2.0006296e+02
0	1	8	4	-2.6806223e+02
0	1	8	5	-2.0999178e+02
0	1	8	6	-2.4172412e+02
0	1	8	7	-1.8922369e+02
0	1	8	8	-2.3740465e+02
0	1	8	9	-2.1029420e+02
0	1	8	10	-2.0683626e+02
0	1	8	11	-2.0306786e+02
0	1	8	12	-3.3397546e+02
0	1	8	13	-2.3294014e+02
0	1	8	14	-2.1366045e+02
0	1	8	15	-2.4674046e+02
0	1	8	16	-3.4944281e+02
0	1	8	17	-2.7832767e+02
0	1	8	18	-3.9382169e+02
0	1	8	19	-2.8860458e+02
0	1	8	20	-2.6289774e+02
0	1	8	21	-2.6183167e+02
0	1	8	22	-2.7130847e+02
0	1	8	23	-3.8894748e+02
0	1	8	24	-2.8990375e+02
0	1	8	25	-3.0616064e+02
0	1	8	26	-2.9432660e+02
0	1	8	27	-3.3229584e+02
0	1	8	28	-3.9219891e+02
0	1	8	29	-3.4610776e+02
0	1	8	30	-2.8914926e+02
0	1	8	31	-3.4364554e+02
0	1	8	32	-4.0713318e+02
0	1	8	33	-3.2014142e+02
0	1	8	34	2.8567957e+01
0	1	8	35	4.4442432e+01
0	1	8	36	5.4749092e+01
0	1	8	37	1.0753499e+02
0	1	8	38	6.3243095e+01
0	1	8	39	9.3725601e+01
0	1	8	40	7.8988998e+01
0	1	8	41	7.8708107e+01
0	1	8	42	7.6257927e+01
0	1	8	43	1.1525663e+02
0	1	8	44	1.3526862e+02
0	1	8	45	9.4104576e+01
0	1	8	46	1.3693195e+02
0	1	8	47	6.8883286e+01
0	1	8	48	9.9719597e+01
0	1	8	49	5.1692295e+01
0	1	8	50	1.0035904e+02
0	1	8	51	4.1629443e+02
0	1	8	52	4.2650253e+02
0	1	8	53	1.9606537e+02
0	1	8	54	2.1747781e+02
0	1	8	55	2.5994360e+02
0	1	8	56	3.2260855e+02
0	1	8	57	3.1050113e+02
0	1	8	58	1.9872838e+02
0	1	8	59	2.0237817e+02
0	1	8	60	1.1549282e+02
0	1	8	61	1.8978799e+02
0	1	8	62	1.7942316e+02
0	1	8	63	1.5388553e+02
0	1	9	0	-1.6531171e+02
0	1	9	1	-2.8999271e+02
0	1	9	2	-2.0004768e+02
0	1	9	3	-1.5935597e+02
0	1	9	4	-2.7533676e+02
0	1	9	5	-1.9121880e+02
0	1	9	6	-2.9398950e+02
0	1	9	7	-1.3993066e+02
0	1	9	8	-1.5854756e+02
0	1	9	9	-2.5361832e+02
0	1	9	10	-1.6932396e+02
0	1	9	11	-1.8287100e+02
0	1	9	12	-2.3890910e+02
0	1	9	13	-2.5379317e+02
0	1	9	14	-3.7786908e+02
0	1	9	15	-2.9043015e+02
0	1	9	16	-2.7043344e+02
0	1	9	17	-2.4274554e+02
0	1	9	18	-3.0153140e+02
0	1	9	19	-2.0638658e+02
0	1	9	20	-2.6463715e+02
0	1	9	21	-2.0223917e+02
0	1	9	22	-2.5677438e+02
0	1	9	23	-2.6093622e+02
0	1	9	24	-3.0226968e+02
0	1	9	25	-2.2238252e+02
0	1	9	26	-2.2834058e+02
0	1	9	27	-2.9195401e+02
0	1	9	28	-2.1865378e+02
0	1	9	29	-3.0378647e+02
0	1	9	30	-2.6349393e+02
0	1	9	31	-4.0235959e+02
0	1	9	32	-2.9479654e+02
0	1	9	33	-3.7859662e+02
0	1	9	34	4.9900158e+01
0	1	9	35	-1.2730500e+00
0	1	9	36	5.5751320e+01
0	1	9	37	-4.2663712e+01
0	1	9	38	7.5942833e+01
0	1	9	39	2.6243126e+01
0	1	9	40	4.4027206e+01
0	1	9	41	-6.2635094e+01
0	1	9	42	1.5020114e+02
0	1	9	43	1.0737564e+02
0	1	9	44	1.5278915e+02
0	1	9	45	-3.3041019e+01
0	1	9	46	1.3359409e+02
0	1	9	47	7.5746727e+01
0	1	9	48	9.8149117e+01
0	1	9	49	7.1847977e+01
0	1	9	50	8.1205399e+01
0	1	9	51	4.0838760e+02
0	1	9	52	3.5154825e+02
0	1	9	53	1.8980470e+02
0	1	9	54	2.4528275e+02
0	1	9	55	1.9795302e+02
0	1	9	56	2.6030231e+02
0	1	9	57	3.2889999e+02
0	1	9	58	2.0549289e+02
0	1	9	59	1.3406798e+02
0	1	9	60	2.0997314e+02
0	1	9	61	1.6841330e+02
0	1	9	62	1.9243640e+02
0	1	9	63	1.7186137e+02
0	1	10	0	-1.4831357e+02
0	1	10	1	-1.7471497e+02
0	1	10	2	-1.4890369e+02
0	1	10	3	-1.9487128e+02
0	1	10	4	-2.0188516e+02
0	1	10	5	-1.8571468e+02
0	1	10	6	-2.1508339e+02
0	1	10	7	-1.9890225e+02
0	1	10	8	-1.7109871e+02
0	1	10	9	-1.4981490e+02
0	1	10	10	-2.2056758e+02
0	1	10	11	-1.6241690e+02
0	1	10	12	-2.2761514e+02
0	1	10	13	-2.0312476e+02
0	1	10	14	-2.2421024e+02
0	1	10	15	-1.6557430e+02
0	1	10	16	-2.3964966e+02
0	1	10	17	-3.8946564e+02
0	1	10	18	-2.3349422e+02
0	1	10	19	-2.6931885e+02
0	1	10	20	-1.5721825e+02
0	1	10	21	-2.7557608e+02
0	1	10	22	-2.4294504e+02
0	1	10	23	-2.7190775e+02
0	1	10	24	-3.8469620e+02
0	1	10	25	-2.4119563e+02
0	1	10	26	-2.7712427e+02
0	1	10	27	-2.9201923e+02
0	1	10	28	-2.5679080e+02
0	1	10	29	-3.0944269e+02
0	1	10	30	-3.6008658e+02
0	1	10	31	-2.8369589e+02
0	1	10	32	-2.8454538e+02
0	1	10	33	-3.0818738e+02
0	1	10	34	-4.4923092e+01
0	1	10	35	-7.6969731e-01
0	1	10	36	7.9271996e+01
0	1	10	37	-4.7256458e+01
0	1	10	38	-1.4204328e+01
0	1	10	39	-2.9568951e+01
0	1	10	40	5.1973663e+01
0	1	10	41	-6.1000957e+01
0	1	10	42	-3.1778084e+01
0	1	10	43	-8.8038818e+01
0	1	10	44	1.3374607e+01
0	1	10	45	5.1317372e+00
0	1	10	46	-1.4904982e+01
0	1	10	47	-1.0685117e+02
0	1	10	48	3.6232729e+00
0	1	10	49	3.6837485e+00
0	1	10	50	1.5481682e+01
0	1	10	51	2.6453967e+02
0	1	10	52	2.1887959e+02
0	1	10	53	7.4799850e+01
0	1	10	54	1.0038666e+02
0	1	10	55	1.3096484e+02
0	1	10	56	2.3371733e+02
0	1	10	57	2.5368144e+02
0	1	10	58	1.8864130e+02
0	1	10	59	1.6322005e+02
0	1	10	60	1.6837883e+02
0	1	10	61	1.0153560e+02
0	1	10	62	2.0071675e+02
0	1	10	63	2.1271228e+02
0	1	11	0	-7.7674622e+01
0	1	11	1	-1.5034015e+02
0	1	11	2	-7.5478218e+01
0	1	11	3	-1.0655653e+02
0	1	11	4	-1.6520056e+02
0	1	11	5	-1.5547247e+02
0	1	11	6	-1.0315395e+02
0	1	11	7	-1.1587910e+02
0	1	11	8	-1.5229739e+02
0	1	11	9	-5.7333790e+01
0	1	11	10	-1.0379345e+02
0	1	11	11	-2.9955477e+01
0	1	11	12	-1.6248643e+02
0	1	11	13	-1.1637326e+02
0	1	11	14	-2.1541537e+02
0	1	11	15	-1.5321774e+02
0	1	11	16	-1.9655020e+02
0	1	11	17	-3.1812930e+02
0	1	11	18	-1.8942400e+02
0	1	11	19	-2.6631406e+02
0	1	11	20	-2.5376392e+02
0	1	11	21	-2.4445958e+02
0	1	11	22	-1.9756075e+02
0	1	11	23	-1.8184546e+02
0	1	11	24	-2.1945872e+02
0	1	11	25	-1.9433998e+02
0	1	11	26	-1.6855356e+02
0	1	11	27	-9.3207016e+01
0	1	11	28	-2.0360066e+02
0	1	11	29	-1.6141281e+02
0	1	11	30	-2.0309830e+02
0	1	11	31	-1.9157985e+02
0	1	11	32	-1.9597223e+02
0	1	11	33	-2.5256151e+02
0	1	11	34	1.2521574e+02
0	1	11	35	9.4715347e+01
0	1	11	36	1.4244275e+02
0	1	11	37	1.6223584e+02
0	1	11	38	1.5251080e+02
0	1	11	39	1.4200261e+02
0	1	11	40	2.2805515e+02
0	1	11	41	1.1566460e+02
0	1	11	42	8.9008347e+01
0	1	11	43	1.3761850e+02
0	1	11	44	2.6344550e+02
0	1	11	45	1.6663515e+02
0	1	11	46	2.4772433e+02
0	1	11	47	1.8694765e+02
0	1	11	48	2.6116068e+02
0	1	11	49	1.3590057e+02
0	1	11	50	1.3336746e+02
0	1	11	51	4.5537109e+02
0	1	11	52	3.4565134e+02
0	1	11	53	3.2265143e+02
0	1	11	54	2.8818890e+02
0	1	11	55	3.0532755e+02
0	1	11	56	4.2430319e+02
0	1	11	57	3.3975552e+02
0	1	11	58	2.9136105e+02
0	1	11	59	2.4875278e+02
0	1	11	60	2.2844876e+02
0	1	11	61	2.2348650e+02
0	1	11	62	2.6392694e+02
0	1	11	63	2.1287479e+02
0	1	12	0	-6.5768883e+01
0	1	12	1	-1.0429760e+02
0	1	12	2	-7.0420349e+01
0	1	12	3	-1.0543152e+02
0	1	12	4	-1.8460674e+02
0	1	12	5	-9.8165535e+01
0	1	12	6	-9.5070129e+01
0	1	12	7	-9.5978989e+01
0	1	12	8	-1.4905769e+02
0	1	12	9	-1.9267363e+02
0	1	12	10	-1.0240028e+02
0	1	12	11	-9.3334183e+01
0	1	12	12	-1.9601608e+02
0	1	12	13	-1.4439844e+02
0	1	12	14	-2.2967267e+02
0	1	12	15	-9.2447128e+01
0	1	12	16	-1.8294942e+02
0	1	12	17	-1.9050699e+02
0	1	12	18	-1.4176399e+02
0	1	12	19	-1.8328618e+02
0	1	12	20	-1.6972891e+02
0	1	12	21	-1.4810609e+02
0	1	12	22	-1.7631158e+02
0	1	12	23	-1.2806520e+02
0	1	12	24	-1.8685855e+02
0	1	12	25	-1.2143419e+02
0	1	12	26	-2.0706029e+02
0	1	12	27	-2.0692763e+02
0	1	12	28	-2.9906564e+02
0	1	12	29	-1.9528580e+02
0	1	12	30	-2.3816455e+02
0	1	12	31	-2.1929439e+02
0	1	12	32	-1.7411946e+02
0	1	12	33	-2.1545189e+02
0	1	12	34	1.1451605e+02
0	1	12	35	5.3484566e+01
0	1	12	36	1.8916490e+02
0	1	12	37	1.3759933e+02
0	1	12	38	1.7412704e+02
0	1	12	39	1.7230138e+02
0	1	12	40	2.8910776e+01
0	1	12	41	8.4799484e+01
0	1	12	42	1.9335959e+02
0	1	12	43	1.4878639e+02
0	1	12	44	1.3412292e+02
0	1	12	45	1.3399619e+02
0	1	12	46	1.9936957e+02
0	1	12	47	1.7324965e+02
0	1	12	48	1.3791055e+02
0	1	12	49	1.3371149e+02
0	1	12	50	1.9114369e+02
0	1	12	51	4.7294983e+02
0	1	12	52	4.9474945e+02
0	1	12	53	2.8277875e+02
0	1	12	54	2.3906839e+02
0	1	12	55	1.6490984e+02
0	1	12	56	3.6594119e+02
0	1	12	57	3.5409265e+02
0	1	12	58	2.8897461e+02
0	1	12	59	2.8749362e+02
0	1	12	60	2.4954358e+02
0	1	12	61	2.9826376e+02
0	1	12	62	3.0079929e+02
0	1	12	63	2.7711151e+02
0	1	13	0	-1.8687428e+02
0	1	13	1	-1.1919675e+02
0	1	13	2	-1.8086064e+02
0	1	13	3	-1.9949951e+02
0	1	13	4	-1.6809889e+02
0	1	13	5	-1.4209262e+02
0	1	13	6	-1.7348862e+02
0	1	13	7	-1.6084775e+02
0	1	13	8	-1.5854915e+02
0	1	13	9	-8.0720207e+01
0	1	13	10	-1.7840617e+02
0	1	13	11	-1.6185847e+02
0	1	13	12	-1.8386900e+02
0	1	13	13	-2.3090596e+02
0	1	13	14	-2.1130853e+02
0	1	13	15	-1.4542400e+02
0	1	13	16	-2.6710922e+02
0	1	13	17	-1.6870276e+02
0	1	13	18	-3.1977170e+02
0	1	13	19	-3.3352927e+02
0	1	13	20	-2.4931516e+02
0	1	13	21	-2.6627377e+02
0	1	13	22	-2.5360655e+02
0	1	13	23	-1.9479550e+02
0	1	13	24	-2.1151839e+02
0	1	13	25	-2.0094554e+02
0	1	13	26	-2.3801239e+02
0	1	13	27	-2.7378079e+02
0	1	13	28	-1.5595586e+02
0	1	13	29	-1.7477159e+02
0	1	13	30	-1.8867998e+02
0	1	13	31	-2.6625082e+02
0	1	13	32	-2.4342650e+02
0	1	13	33	-2.2744623e+02
0	1	13	34	8.1519461e+00
0	1	13	35	9.2980766e+01
0	1	13	36	3.0335287e+01
0	1	13	37	1.3675711e+02
0	1	13	38	1.2300489e+02
0	1	13	39	-2.3647485e+00
0	1	13	40	1.4929361e+02
0	1	13	41	6.3968601e+01
0	1	13	42	1.8106137e+02
0	1	13	43	4.1170769e+01
0	1	13	44	1.6944386e+02
0	1	13	45	1.0853943e+02
0	1	13	46	2.1482567e+02
0	1	13	47	8.8369530e+01
0	1	13	48	1.6878802e+02
0	1	13	49	1.6626514e+02
0	1	13	50	1.6573753e+02
0	1	13	51	4.0531473e+02
0	1	13	52	4.1289792e+02
0	1	13	53	1.4918985e+02
0	1	13	54	2.8307419e+02
0	1	13	55	3.2841602e+02
0	1	13	56	3.4857370e+02
0	1	13	57	3.2967444e+02
0	1	13	58	2.1787936e+02
0	1	13	59	2.2646477e+02
0	1	13	60	1.5889099e+02
0	1	13	61	2.3373138e+02
0	1	13	62	2.5208929e+02
0	1	13	63	2.0696397e+02
0	1	14	0	-5.8543858e+01
0	1	14	1	-1.3284923e+02
0	1	14	2	-4.6166946e+01
0	1	14	3	-4.6411415e+01
0	1	14	4	-1.8856322e+02
0	1	14	5	-1.1164388e+02
0	1	14	6	-1.6061446e+02
0	1	14	7	-6.5552437e+01
0	1	14	8	-1.1348065e+02
0	1	14	9	-2.1934355e+01
0	1	14	10	-9.9318283e+01
0	1	14	11	-8.4298935e+01
0	1	14	12	-1.5480600e+02
0	1	14	13	-1.9117191e+02
0	1	14	14	-8.4339500e+01
0	1	14	15	-1.8120755e+02
0	1	14	16	-1.4120116e+02
0	1	14	17	-1.6952167e+02
0	1	14	18	-1.4279361e+02
0	1	14	19	-2.1043381e+02
0	1	14	20	-9.8931953e+01
0	1	14	21	-1.8154794e+02
0	1	14	22	-1.3236221e+02
0	1	14	23	-1.4247610e+02
0	1	14	24	-2.1616200e+02
0	1	14	25	-1.4810432e+02
0	1	14	26	-1.7057741e+02
0	1	14	27	-2.1148488e+02
0	1	14	28	-1.4828122e+02
0	1	14	29	-2.6569916e+02
0	1	14	30	-1.8707890e+02
0	1	14	31	-2.9114313e+02
0	1	14	32	-1.8107422e+02
0	1	14	33	-2.1076123e+02
0	1	14	34	1.5613081e+02
0	1	14	35	5.4779305e+01
0	1	14	36	2.5114250e+02
0	1	14	37	-3.8174229e+01
0	1	14	38	1.9778574e+02
0	1	14	39	1.2449920e+02
0	1	14	40	8.7139069e+01
0	1	14	41	4.9927944e+01
0	1	14	42	4.6020870e+00
0	1	14	43	3.5836365e+01
0	1	14	44	4.0351036e+01
0	1	14	45	8.6339897e+01
0	1	14	46	3.2890858e+01
0	1	14	47	5.3589199e+01
0	1	14	48	1.0519151e+02
0	1	14	49	1.0188752e+02
0	1	14	50	1.6034660e+02
0	1	14	51	4.0705011e+02
0	1	14	52	4.7498758e+02
0	1	14	53	2.4195135e+02
0	1	14	54	2.2759790e+02
0	1	14	55	2.7171429e+02
0	1	14	56	3.6024860e+02
0	1	14	57	2.0296179e+02
0	1	14	58	3.2150278e+02
0	1	14	59	1.7500365e+02
0	1	14	60	1.3261087e+02
0	1	14	61	2.8649832e+02
0	1	14	62	3.0354980e+02
0	1	14	63	2.3515320e+02
0	1	15	0	-2.9988336e+02
0	1	15	1	-4.9286935e+02
0	1	15	2	-2.4389264e+02
0	1	15	3	-3.7552292e+02
0	1	15	4	-2.6273969e+02
0	1	15	5	-3.7781171e+02
0	1	15	6	-3.6760342e+02
0	1	15	7	-4.4224466e+02
0	1	15	8	-4.6377094e+02
0	1	15	9	-2.3669696e+02
0	1	15	10	-4.3786118e+02
0	1	15	11	-2.4533261e+02
0	1	15	12	-3.9605408e+02
0	1	15	13	-4.1667053e+02
0	1	15	14	-4.3558124e+02
0	1	15	15	-5.1982605e+02
0	1	15	16	-4.0734140e+02
0	1	15	17	-3.3390936e+02
0	1	15	18	-4.4000439e+02
0	1	15	19	-3.4692432e+02
0	1	15	20	-3.9435452e+02
0	1	15	21	-5.0135925e+02
0	1	15	22	-3.7036490e+02
0	1	15	23	-2.8534003e+02
0	1	15	24	-4.4924417e+02
0	1	15	25	-3.8148593e+02
0	1	15	26	-5.3153821e+02
0	1	15	27	-4.1747198e+02
0	1	15	28	-2.7281253e+02
0	1	15	29	-3.0616165e+02
0	1	15	30	-3.2340225e+02
0	1	15	31	-3.6927264e+02
0	1	15	32	-4.8830368e+02
0	1	15	33	-3.4444513e+02
0	1	15	34	9.4746262e+01
0	1	15	35	-8.2505852e+01
0	1	15	36	1.0310878e+02
0	1	15	37	7.4983238e+01
0	1	15	38	5.7338190e+00
0	1	15	39	5.6866642e+01
0	1	15	40	3.8319528e+00
0	1	15	41	1.5017491e+01
0	1	15	42	3.4070438e+01
0	1	15	43	4.8976845e+01
0	1	15	44	4.9671658e+01
0	1	15	45	3.2431408e+01
0	1	15	46	9.3178795e+01
0	1	15	47	9.9363251e+00
0	1	15	48	6.6570290e+01
0	1	15	49	5.9896442e+01
0	1	15	50	5.5159229e+01
0	1	15	51	3.8256049e+02
0	1	15	52	3.9491666e+02
0	1	15	53	2.0156380e+02
0	1	15	54	1.7440274e+02
0	1	15	55	2.1827618e+02
0	1	15	56	3.0462134e+02
0	1	15	57	1.9416656e+02
0	1	15	58	2.0585956e+02
0	1	15	59	2.3814140e+02
0	1	15	60	2.5485991e+02
0	1	15	61	1.2713044e+02
0	1	15	62	1.2864731e+02
0	1	15	63	2.4751170e+02
0	2	0	0	-2.1790790e+02
0	2	0	1	-1.9470824e+02
0	2	0	2	-1.1190073e+02
0	2	0	3	-2.5878186e+02
0	2	0	4	-2.3201970e+02
0	2	0	5	-1.9494023e+02
0	2	0	6	-1.9179268e+02
0	2	0	7	-1.1583428e+02
0	2	0	8	-1.4997643e+02
0	2	0	9	-9.3639091e+01
0	2	0	10	-1.9559486e+02
0	2	0	11	-2.0735423e+02
0	2	0	12	-2.4784566e+02
0	2	0	13	-2.1348648e+02
0	2	0	14	-2.7707016e+02
0	2	0	15	-1.9527376e+02
0	2	0	16	-2.6214114e+02
0	2	0	17	-3.0578067e+02
0	2	0	18	-3.7424500e+02
0	2	0	19	-2.3441783e+02
0	2	0	20	-2.0388428e+02
0	2	0	21	-2.4630716e+02
0	2	0	22	-2.3628027e+02
0	2	0	23	-2.6951105e+02
0	2	0	24	-2.5585104e+02
0	2	0	25	-2.8468872e+02
0	2	0	26	-3.5844574e+02
0	2	0	27	-2.7150690e+02
0	2	0	28	-2.8212872e+02
0	2	0	29	-2.8327713e+02
0	2	0	30	-2.7231290e+02
0	2	0	31	-3.2869147e+02
0	2	0	32	-3.1388596e+02
0	2	0	33	-2.9481674e+02
0	2	0	34	2.1337442e+01
0	2	0	35	1.6086557e+01
0	2	0	36	8.5306349e+00
0	2	0	37	6.7842010e+01
0	2	0	38	2.6183077e+01
0	2	0	39	1.1847385e+02
0	2	0	40	4.7547909e+01
0	2	0	41	9.5969833e+01
0	2	0	42	1.7945447e+02
0	2	0	43	1.4135304e+02
0	2	0	44	2.2435114e+02
0	2	0	45	1.5154094e+02
0	2	0	46	2.0291312e+02
0	2	0	47	1.3569705e+02
0	2	0	48	1.6278546e+02
0	2	0	49	1.3335352e+02
0	2	0	50	6.6579498e+01
0	2	0	51	4.5973517e+02
0	2	0	52	4.0464975e+02
0	2	0	53	2.5080656e+02
0	2	0	54	3.7814624e+02
0	2	0	55	3.1522961e+02
0	2	0	56	4.0740985e+02
0	2	0	57	3.2672308e+02
0	2	0	58	1.0958244e+02
0	2	0	59	2.6566959e+02
0	2	0	60	3.3264853e+02
0	2	0	61	1.9357803e+02
0	2	0	62	8.7152245e+01
0	2	0	63	3.8177805e+02
0	2	1	0	-8.0678833e+01
0	2	1	1	-1.2552797e+02
0	2	1	2	-2.7057889e+02
0	2	1	3	-1.5010962e+02
0	2	1	4	-3.6581903e+02
0	2	1	5	-2.0400520e+02
0	2	1	6	-2.4102130e+02
0	2	1	7	-2.4260066e+02
0	2	1	8	-2.0701234e+02
0	2	1	9	-3.0089496e+02
0	2	1	10	-1.8901103e+02
0	2	1	11	-2.9772443e+02
0	2	1	12	-2.3230087e+02
0	2	1	13	-1.7524190e+02
0	2	1	14	-3.4052023e+02
0	2	1	15	-2.1010181e+02
0	2	1	16	-3.1138116e+02
0	2	1	17	-1.8428911e+02
0	2	1	18	-2.5007417e+02
0	2	1	19	-2.0444617e+02
0	2	1	20	-3.0776099e+02
0	2	1	21	-2.1295796e+02
0	2	1	22	-2.0474733e+02
0	2	1	23	-2.1404906e+02
0	2	1	24	-2.7424890e+02
0	2	1	25	-2.4854672e+02
0	2	1	26	-3.1011905e+02
0	2	1	27	-4.0088141e+02
0	2	1	28	-2.7298343e+02
0	2	1	29	-3.3846823e+02
0	2	1	30	-4.5640829e+02
0	2	1	31	-4.6439392e+02
0	2	1	32	-4.2029602e+02
0	2	1	33	-4.7422440e+02
0	2	1	34	-1.3698503e+02
0	2	1	35	-4.1290001e+01
0	2	1	36	-3.9042511e+01
0	2	1	37	5.4591632e+00
0	2	1	38	-5.3317707e+01
0	2	1	39	-2.9702368e+01
0	2	1	40	2.7445238e+01
0	2	1	41	-1.2772105e+01
0	2	1	42	-1.3868440e+00
0	2	1	43	-7.1173698e+01
0	2	1	44	7.3987556e+00
0	2	1	45	-1.1472665e+01
0	2	1	46	-6.9115417e+01
0	2	1	47	-7.6734589e+01
0	2	1	48	-1.8877588e+01
0	2	1	49	-9.7987427e+01
0	2	1	50	-3.3797562e+01
0	2	1	51	2.9050299e+02
0	2	1	52	3.2108548e+02
0	2	1	53	5.6936703e+01
0	2	1	54	8.3520523e+01
0	2	1	55	9.5987595e+01
0	2	1	56	1.6056880e+02
0	2	1	57	1.8008148e+02
0	2	1	58	1.5551358e+02
0	2	1	59	8.5428894e+01
0	2	1	60	1.2431176e+02
0	2	1	61	6.3084118e+01
0	2	1	62	1.1112682e+02
0	2	1	63	1.7701932e+02
0	2	2	0	-1.7819380e+02
0	2	2	1	-2.4231631e+02
0	2	2	2	-1.3967230e+02
0	2	2	3	-2.6940979e+02
0	2	2	4	-2.0298534e+02
0	2	2	5	-2.0168974e+02
0	2	2	6	-2.2176152e+02
0	2	2	7	-3.0112451e+02
0	2	2	8	-1.8388116e+02
0	2	2	9	-2.2792310e+02
0	2	2	10	-2.5463461e+02
0	2	2	11	-1.6464432e+02
0	2	2	12	-2.1920256e+02
0	2	2	13	-2.1918831e+02
0	2	2	14	-3.0386325e+02
0	2	2	15	-2.7681549e+02
0	2	2	16	-4.0656955e+02
0	2	2	17	-2.4641310e+02
0	2	2	18	-3.4126605e+02
0	2	2	19	-2.7908426e+02
0	2	2	20	-3.5715985e+02
0	2	2	21	-3.1332797e+02
0	2	2	22	-2.2186891e+02
0	2	2	23	-2.8638620e+02
0	2	2	24	-3.5718033e+02
0	2	2	25	-2.8849072e+02
0	2	2	26	-3.5142081e+02
0	2	2	27	-3.3082526e+02
0	2	2	28	-2.6878601e+02
0	2	2	29	-3.3883154e+02
0	2	2	30	-3.1104514e+02
0	2	2	31	-3.2790891e+02
0	2	2	32	-2.9933337e+02
0	2	2	33	-3.8372797e+02
0	2	2	34	2.2432068e+01
0	2	2	35	-4.4712914e+01
0	2	2	36	-8.1905739e+01
0	2	2	37	8.0046494e+01
0	2	2	38	5.7970825e+01
0	2	2	39	6.4473310e+00
0	2	2	40	1.8678040e+01
0	2	2	41	2.6375702e+01
0	2	2	42	5.6844926e+00
0	2	2	43	1.0688593e+02
0	2	2	44	1.1574007e+02
0	2	2	45	1.1096665e+02
0	2	2	46	4.6294189e+01
0	2	2	47	5.6523666e+01
0	2	2	48	8.2066597e+01
0	2	2	49	2.5814541e+01
0	2	2	50	4.0103737e+01
0	2	2	51	3.8259982e+02
0	2	2	52	4.2898694e+02
0	2	2	53	2.2005690e+02
0	2	2	54	2.0211508e+02
0	2	2	55	1.3577672e+02
0	2	2	56	2.8809598e+02
0	2	2	57	2.7780280e+02
0	2	2	58	2.3245226e+02
0	2	2	59	2.0489447e+02
0	2	2	60	1.9578540e+02
0	2	2	61	2.2076515e+02
0	2	2	62	2.1015752e+02
0	2	2	63	1.5667297e+02
0	2	3	0	-3.0286841e+02
0	2	3	1	-3.9284702e+02
0	2	3	2	-2.6195847e+02
0	2	3	3	-3.6014319e+02
0	2	3	4	-2.6938391e+02
0	2	3	5	-2.9235767e+02
0	2	3	6	-3.7593240e+02
0	2	3	7	-2.8591553e+02
0	2	3	8	-4.1133914e+02
0	2	3	9	-2.7916943e+02
0	2	3	10	-4.0560492e+02
0	2	3	11	-3.2325244e+02
0	2	3	12	-3.2416116e+02
0	2	3	13	-3.4082376e+02
0	2	3	14	-3.8419165e+02
0	2	3	15	-3.3892352e+02
0	2	3	16	-3.7676147e+02
0	2	3	17	-3.5373352e+02
0	2	3	18	-4.5464365e+02
0	2	3	19	-2.9403589e+02
0	2	3	20	-3.9321475e+02
0	2	3	21	-4.0693835e+02
0	2	3	22	-2.7646042e+02
0	2	3	23	-3.9121881e+02
0	2	3	24	-3.6971161e+02
0	2	3	25	-3.1842322e+02
0	2	3	26	-3.6137262e+02
0	2	3	27	-3.3852441e+02
0	2	3	28	-2.6346420e+02
0	2	3	29	-2.8563000e+02
0	2	3	30	-3.6760666e+02
0	2	3	31	-3.5492725e+02
0	2	3	32	-4.4536832e+02
0	2	3	33	-3.6503461e+02
0	2	3	34	9.0839188e+01
0	2	3	35	-5.4802170e+01
0	2	3	36	-2.4199183e+01
0	2	3	37	1.2611682e+02
0	2	3	38	3.6872032e+01
0	2	3	39	2.5597240e+01
0	2	3	40	7.1073860e+01
0	2	3	41	3.0444541e+00
0	2	3	42	1.5641026e+02
0	2	3	43	3.8788960e+01
0	2	3	44	3.6448387e+01
0	2	3	45	3.2331781e+00
0	2	3	46	3.8484562e+01
0	2	3	47	-5.4778805e+01
0	2	3	48	2.3344095e+01
0	2	3	49	1.2911241e+01
0	2	3	50	7.0612495e+01
0	2	3	51	3.2177164e+02
0	2	3	52	3.1711737e+02
0	2	3	53	1.6988467e+02
0	2	3	54	1.2390749e+02
0	2	3	55	1.3010957e+02
0	2	3	56	2.3262068e+02
0	2	3	57	2.1814908e+02
0	2	3	58	1.6719467e+02
0	2	3	59	1.5197377e+02
0	2	3	60	1.2209155e+02
0	2	3	61	1.3599507e+02
0	2	3	62	5.8765854e+01
0	2	3	63	1.4637657e+02
0	2	4	0	-2.8514786e+02
0	2	4	1	-2.3083897e+02
0	2	4	2	-2.2673108e+02
0	2	4	3	-3.0245880e+02
0	2	4	4	-3.3316821e+02
0	2	4	5	-3.3694147e+02
0	2	4	6	-2.5380382e+02
0	2	4	7	-2.2803746e+02
0	2	4	8	-2.4021574e+02
0	2	4	9	-2.5039241e+02
0	2	4	10	-3.5258136e+02
0	2	4	11	-2.0837451e+02
0	2	4	12	-2.5062126e+02
0	2	4	13	-2.1384763e+02
0	2	4	14	-3.0273743e+02
0	2	4	15	-1.9085948e+02
0	2	4	16	-3.3163931e+02
0	2	4	17	-2.5657346e+02
0	2	4	18	-2.8375870e+02
0	2	4	19	-2.9400742e+02
0	2	4	20	-2.8331216e+02
0	2	4	21	-3.2480966e+02
0	2	4	22	-2.7844623e+02
0	2	4	23	-2.9573859e+02
0	2	4	24	-3.7704462e+02
0	2	4	25	-2.7115698e+02
0	2	4	26	-3.5460791e+02
0	2	4	27	-3.5905286e+02
0	2	4	28	-2.8823364e+02
0	2	4	29	-2.6454431e+02
0	2	4	30	-2.9786575e+02
0	2	4	31	-2.7610120e+02
0	2	4	32	-3.4129349e+02
0	2	4	33	-3.1078201e+02
0	2	4	34	-3.8653065e+01
0	2	4	35	1.0289792e+02
0	2	4	36	6.9486488e+01
0	2	4	37	4.1759354e+01
0	2	4	38	-4.8095978e+01
0	2	4	39	3.7808979e+01
0	2	4	40	5.4816982e+01
0	2	4	41	2.1235811e+01
0	2	4	42	2.2134502e+01
0	2	4	43	1.0514648e+01
0	2	4	44	6.2056717e+01
0	2	4	45	-1.6833841e+01
0	2	4	46	4.7140892e+01
0	2	4	47	2.1275766e+01
0	2	4	48	4.8647118e+01
0	2	4	49	-3.3394688e+01
0	2	4	50	6.3297951e+01
0	2	4	51	3.2500107e+02
0	2	4	52	3.4025409e+02
0	2	4	53	1.1330144e+02
0	2	4	54	2.8821758e+01
0	2	4	55	1.6934288e+02
0	2	4	56	2.7877298e+02
0	2	4	57	2.2853401e+02
0	2	4	58	1.1193981e+02
0	2	4	59	1.5034041e+02
0	2	4	60	2.0117216e+02
0	2	4	61	1.0686757e+02
0	2	4	62	1.5583177e+02
0	2	4	63	1.5603827e+02
0	2	5	0	-1.4697621e+02
0	2	5	1	-2.6816891e+02
0	2	5	2	-1.5669385e+02
0	2	5	3	-2.2845361e+02
0	2	5	4	-2.9485718e+02
0	2	5	5	-1.7114101e+02
0	2	5	6	-2.8623383e+02
0	2	5	7	-1.9540585e+02
0	2	5	8	-3.4309641e+02
0	2	5	9	-1.8975871e+02
0	2	5	10	-2.3764131e+02
0	2	5	11	-2.6636707e+02
0	2	5	12	-2.6659540e+02
0	2	5	13	-2.3521234e+02
0	2	5	14	-3.8858932e+02
0	2	5	15	-2.4091733e+02
0	2	5	16	-3.6794702e+02
0	2	5	17	-2.6841998e+02
0	2	5	18	-3.4483838e+02
0	2	5	19	-3.0276230e+02
0	2	5	20	-3.0190182e+02
0	2	5	21	-2.9026950e+02
0	2	5	22	-2.8582266e+02
0	2	5	23	-3.4766788e+02
0	2	5	24	-3.3807336e+02
0	2	5	25	-3.2119394e+02
0	2	5	26	-3.0233682e+02
0	2	5	27	-3.1098990e+02
0	2	5	28	-2.6748209e+02
0	2	5	29	-3.0167505e+02
0	2	5	30	-3.3829013e+02
0	2	5	31	-3.1379443e+02
0	2	5	32	-3.4226944e+02
0	2	5	33	-2.3010083e+02
0	2	5	34	6.4075859e+01
0	2	5	35	4.8939350e+01
0	2	5	36	7.9825256e+01
0	2	5	37	8.7602554e+01
0	2	5	38	6.9081093e+01
0	2	5	39	7.6016098e+01
0	2	5	40	9.3322441e+01
0	2	5	41	7.8889328e+01
0	2	5	42	7.4568886e+01
0	2	5	43	6.6058464e+01
0	2	5	44	9.2025871e+01
0	2	5	45	7.2673172e+01
0	2	5	46	2.4414791e+01
0	2	5	47	8.3498779e+01
0	2	5	48	4.5814796e+01
0	2	5	49	5.4474663e+01
0	2	5	50	8.9767921e+01
0	2	5	51	2.7309549e+02
0	2	5	52	3.8634909e+02
0	2	5	53	1.9312769e+02
0	2	5	54	1.9997221e+02
0	2	5	55	2.0211734e+02
0	2	5	56	2.6485501e+02
0	2	5	57	3.1145563e+02
0	2	5	58	2.0167670e+02
0	2	5	59	1.7351476e+02
0	2	5	60	1.9507758e+02
0	2	5	61	2.0031189e+02
0	2	5	62	2.5141360e+02
0	2	5	63	1.6375685e+02
0	2	6	0	-2.5362082e+02
0	2	6	1	-2.7176965e+02
0	2	6	2	-1.9620308e+02
0	2	6	3	-2.7915585e+02
0	2	6	4	-3.2279294e+02
0	2	6	5	-2.5594373e+02
0	2	6	6	-2.2933145e+02
0	2	6	7	-2.5893851e+02
0	2	6	8	-3.2523517e+02
0	2	6	9	-1.9939920e+02
0	2	6	10	-3.2003812e+02
0	2	6	11	-1.8986440e+02
0	2	6	12	-2.9398383e+02
0	2	6	13	-2.4139938e+02
0	2	6	14	-2.0493980e+02
0	2	6	15	-2.8321802e+02
0	2	6	16	-3.1306311e+02
0	2	6	17	-3.3639822e+02
0	2	6	18	-2.3494691e+02
0	2	6	19	-3.3941653e+02
0	2	6	20	-3.0440222e+02
0	2	6	21	-2.8673691e+02
0	2	6	22	-3.5915353e+02
0	2	6	23	-3.7138406e+02
0	2	6	24	-3.2935843e+02
0	2	6	25	-2.8813281e+02
0	2	6	26	-3.2707065e+02
0	2	6	27	-3.2910620e+02
0	2	6	28	-2.8063623e+02
0	2	6	29	-3.1032385e+02
0	2	6	30	-2.8375018e+02
0	2	6	31	-3.7134052e+02
0	2	6	32	-4.2271158e+02
0	2	6	33	-3.4162241e+02
0	2	6	34	-5.2633598e+01
0	2	6	35	-7.1399007e+00
0	2	6	36	-7.0431223e+00
0	2	6	37	8.8939610e+00
0	2	6	38	-9.0518486e+01
0	2	6	39	-2.8448856e+01
0	2	6	40	-9.1502876e+01
0	2	6	41	8.4848175e+00
0	2	6	42	1.6595207e+01
0	2	6	43	-8.8439083e-01
0	2	6	44	-2.8712229e+01
0	2	6	45	-4.2989616e+01
0	2	6	46	1.4419174e+00
0	2	6	47	-9.0244934e+01
0	2	6	48	-1.0693346e+02
0	2	6	49	-1.5470462e+02
0	2	6	50	-1.0391107e+02
0	2	6	51	2.3598181e+02
0	2	6	52	1.9825786e+02
0	2	6	53	9.4523376e+01
0	2	6	54	3.9963509e+01
0	2	6	55	9.3852928e+01
0	2	6	56	1.6771750e+02
0	2	6	57	2.0710146e+02
0	2	6	58	1.5920828e+02
0	2	6	59	1.4030856e+02
0	2	6	60	5.2380787e+01
0	2	6	61	4.7141087e+01
0	2	6	62	9.9895309e+01
0	2	6	63	1.4715578e+02
0	2	7	0	-1.7378224e+02
0	2	7	1	-3.3254742e+02
0	2	7	2	-2.2658994e+02
0	2	7	3	-2.1067311e+02
0	2	7	4	-2.4854907e+02
0	2	7	5	-1.2667770e+02
0	2	7	6	-2.9709860e+02
0	2	7	7	-1.4298383e+02
0	2	7	8	-2.3748091e+02
0	2	7	9	-1.8882082e+02
0	2	7	10	-1.7951070e+02
0	2	7	11	-2.1272701e+02
0	2	7	12	-2.8883252e+02
0	2	7	13	-1.9981168e+02
0	2	7	14	-2.9216846e+02
0	2	7	15	-2.0257289e+02
0	2	7	16	-3.1520566e+02
0	2	7	17	-2.6969681e+02
0	2	7	18	-2.9212509e+02
0	2	7	19	-2.3883377e+02
0	2	7	20	-2.6971921e+02
0	2	7	21	-2.9355569e+02
0	2	7	22	-4.0684955e+02
0	2	7	23	-2.6837918e+02
0	2	7	24	-2.6515939e+02
0	2	7	25	-2.6901715e+02
0	2	7	26	-2.8299023e+02
0	2	7	27	-2.4599890e+02
0	2	7	28	-2.4557246e+02
0	2	7	29	-2.5095860e+02
0	2	7	30	-2.5499963e+02
0	2	7	31	-3.0394543e+02
0	2	7	32	-3.9792142e+02
0	2	7	33	-2.1914447e+02
0	2	7	34	1.0008154e+02
0	2	7	35	8.8208618e+01
0	2	7	36	9.0190201e+01
0	2	7	37	1.2127000e+02
0	2	7	38	-4.9208221e+01
0	2	7	39	2.0046316e+01
0	2	7	40	1.2427897e+02
0	2	7	41	-6.2731945e+01
0	2	7	42	8.7366776e+01
0	2	7	43	4.9593204e+01
0	2	7	44	4.1565594e+01
0	2	7	45	3.5430733e+01
0	2	7	46	6.0336903e+01
0	2	7	47	3.6845425e+01
0	2	7	48	-3.8884914e+01
0	2	7	49	2.1862588e+00
0	2	7	50	7.5559341e+01
0	2	7	51	3.2984625e+02
0	2	7	52	3.8220679e+02
0	2	7	53	2.8747023e+01
0	2	7	54	2.0166591e+02
0	2	7	55	1.3740340e+02
0	2	7	56	3.0132971e+02
0	2	7	57	3.1195163e+02
0	2	7	58	1.8173314e+02
0	2	7	59	1.7418239e+02
0	2	7	60	1.7466167e+02
0	2	7	61	1.7120976e+02
0	2	7	62	1.9932202e+02
0	2	7	63	1.6881633e+02
0	2	8	0	-2.7354581e+02
0	2	8	1	-2.6662704e+02
0	2	8	2	-2.0838924e+02
0	2	8	3	-3.0391196e+02
0	2	8	4	-4.0639740e+02
0	2	8	5	-2.9049496e+02
0	2	8	6	-3.0461807e+02
0	2	8	7	-4.2869009e+02
0	2	8	8	-4.0206152e+02
0	2	8	9	-3.5503848e+02
0	2	8	10	-3.8671146e+02
0	2	8	11	-2.8911496e+02
0	2	8	12	-3.3181326e+02
0	2	8	13	-2.9485654e+02
0	2	8	14	-3.1373798e+02
0	2	8	15	-3.5653482e+02
0	2	8	16	-3.9414578e+02
0	2	8	17	-3.5542599e+02
0	2	8	18	-4.4303049e+02
0	2	8	19	-3.2948029e+02
0	2	8	20	-3.3628574e+02
0	2	8	21	-3.6472516e+02
0	2	8	22	-3.7327994e+02
0	2	8	23	-2.7756870e+02
0	2	8	24	-3.6475290e+02
0	2	8	25	-4.1897952e+02
0	2	8	26	-3.4309412e+02
0	2	8	27	-4.1239233e+02
0	2	8	28	-3.3087378e+02
0	2	8	29	-4.2977759e+02
0	2	8	30	-3.7546286e+02
0	2	8	31	-3.6614600e+02
0	2	8	32	-4.1633206e+02
0	2	8	33	-3.9508530e+02
0	2	8	34	-7.4276161e+01
0	2	8	35	-7.7743683e+01
0	2	8	36	-3.2423201e+00
0	2	8	37	1.2374060e+00
0	2	8	38	-8.4587852e+01
0	2	8	39	-3.6105251e+01
0	2	8	40	-1.3975723e+02
0	2	8	41	-6.1467049e+01
0	2	8	42	-3.2042179e+01
0	2	8	43	-8.9432251e+01
0	2	8	44	-1.2323693e+02
0	2	8	45	-1.4181586e+02
0	2	8	46	-4.5726295e+01
0	2	8	47	-5.3909473e+01
0	2	8	48	-2.3926523e+01
0	2	8	49	-1.2363026e+02
0	2	8	50	-7.5515419e+01
0	2	8	51	2.6643689e+02
0	2	8	52	2.5721005e+02
0	2	8	53	8.2843681e+01
0	2	8	54	-1.5743615e+01
0	2	8	55	-5.2904652e+01
0	2	8	56	9.6925949e+01
0	2	8	57	1.3377582e+02
0	2	8	58	1.0653727e+02
0	2	8	59	2.3326105e+01
0	2	8	60	5.3277538e+01
0	2	8	61	4.3345436e+01
0	2	8	62	4.4017750e+01
0	2	8	63	4.6468498e+01
0	2	9	0	-3.0080933e+02
0	2	9	1	-3.5173517e+02
0	2	9	2	-2.3508884e+02
0	2	9	3	-2.4309821e+02
0	2	9	4	-2.3790471e+02
0	2	9	5	-3.0520895e+02
0	2	9	6	-2.1593013e+02
0	2	9	7	-2.9396729e+02
0	2	9	8	-2.4672221e+02
0	2	9	9	-2.5430539e+02
0	2	9	10	-2.9659091e+02
0	2	9	11	-2.1734981e+02
0	2	9	12	-2.6951639e+02
0	2	9	13	-2.6388986e+02
0	2	9	14	-2.4741641e+02
0	2	9	15	-3.0311975e+02
0	2	9	16	-3.4847961e+02
0	2	9	17	-2.9613788e+02
0	2	9	18	-3.7238147e+02
0	2	9	19	-2.4980048e+02
0	2	9	20	-3.1992578e+02
0	2	9	21	-2.9683334e+02
0	2	9	22	-2.4863193e+02
0	2	9	23	-2.7689764e+02
0	2	9	24	-3.6428137e+02
0	2	9	25	-2.6028448e+02
0	2	9	26	-4.2266965e+02
0	2	9	27	-3.4751154e+02
0	2	9	28	-2.3374866e+02
0	2	9	29	-2.3745155e+02
0	2	9	30	-3.2627545e+02
0	2	9	31	-3.2718045e+02
0	2	9	32	-3.1755563e+02
0	2	9	33	-2.1599910e+02
0	2	9	34	7.0513687e+01
0	2	9	35	7.5013092e+01
0	2	9	36	6.6833466e+01
0	2	9	37	8.9003098e+01
0	2	9	38	-2.0627392e+01
0	2	9	39	5.0650967e+01
0	2	9	40	1.2496459e+01
0	2	9	41	3.2119517e+00
0	2	9	42	8.1099350e+01
0	2	9	43	2.6203661e+01
0	2	9	44	9.0258665e+00
0	2	9	45	2.9127802e+01
0	2	9	46	8.8149956e+01
0	2	9	47	-1.4935929e+01
0	2	9	48	5.6484753e+01
0	2	9	49	-8.2136368e+01
0	2	9	50	6.7228256e+01
0	2	9	51	3.3813013e+02
0	2	9	52	3.4283026e+02
0	2	9	53	1.1030799e+02
0	2	9	54	1.6679861e+02
0	2	9	55	1.2405069e+02
0	2	9	56	1.7933475e+02
0	2	9	57	1.6834003e+02
0	2	9	58	1.7704147e+02
0	2	9	59	2.0806204e+02
0	2	9	60	8.3257401e+01
0	2	9	61	1.8616318e+02
0	2	9	62	1.6202386e+02
0	2	9	63	1.1142432e+02
0	2	10	0	-2.5161530e+02
0	2	10	1	-2.7547726e+02
0	2	10	2	-2.1581509e+02
0	2	10	3	-2.6639987e+02
0	2	10	4	-3.9372855e+02
0	2	10	5	-2.3431892e+02
0	2	10	6	-3.3805988e+02
0	2	10	7	-2.4224350e+02
0	2	10	8	-2.6576971e+02
0	2	10	9	-1.9930641e+02
0	2	10	10	-3.2346533e+02
0	2	10	11	-2.4169363e+02
0	2	10	12	-3.2886945e+02
0	2	10	13	-3.2422968e+02
0	2	10	14	-2.9254037e+02
0	2	10	15	-2.5240479e+02
0	2	10	16	-4.7916409e+02
0	2	10	17	-3.2253387e+02
0	2	10	18	-3.2522369e+02
0	2	10	19	-3.2873810e+02
0	2	10	20	-3.3459445e+02
0	2	10	21	-3.1440372e+02
0	2	10	22	-2.8111987e+02
0	2	10	23	-3.3611478e+02
0	2	10	24	-3.3107199e+02
0	2	10	25	-2.5877255e+02
0	2	10	26	-3.4600284e+02
0	2	10	27	-3.1186371e+02
0	2	10	28	-2.8297220e+02
0	2	10	29	-3.5463901e+02
0	2	10	30	-4.0223123e+02
0	2	10	31	-2.9000226e+02
0	2	10	32	-3.4400397e+02
0	2	10	33	-3.9618030e+02
0	2	10	34	8.6164217e+00
0	2	10	35	-1.1151615e+01
0	2	10	36	6.3499818e+00
0	2	10	37	-9.6023083e+00
0	2	10	38	-4.6443119e+01
0	2	10	39	2.8150225e+01
0	2	10	40	-2.5365475e+01
0	2	10	41	4.0883398e+00
0	2	10	42	-1.2496738e+01
0	2	10	43	6.8295647e+01
0	2	10	44	7.4062790e+01
0	2	10	45	-1.1428134e+02
0	2	10	46	-1.7301739e+01
0	2	10	47	-7.0228287e+01
0	2	10	48	-1.0181360e+02
0	2	10	49	1.9280164e+00
0	2	10	50	-7.0705795e+01
0	2	10	51	2.5847958e+02
0	2	10	52	2.8344464e+02
0	2	10	53	1.2714017e+02
0	2	10	54	8.1916618e+01
0	2	10	55	1.5287134e+02
0	2	10	56	2.2380940e+02
0	2	10	57	1.5671297e+02
0	2	10	58	1.6277620e+02
0	2	10	59	8.3438927e+01
0	2	10	60	1.2131450e+02
0	2	10	61	1.2278691e+02
0	2	10	62	1.5541537e+02
0	2	10	63	1.6267664e+02
0	2	11	0	-3.1258206e+02
0	2	11	1	-2.7919025e+02
0	2	11	2	-2.5250571e+02
0	2	11	3	-3.3215927e+02
0	2	11	4	-3.3322510e+02
0	2	11	5	-2.7601410e+02
0	2	11	6	-2.7721918e+02
0	2	11	7	-2.5275905e+02
0	2	11	8	-4.3120856e+02
0	2	11	9	-2.5177205e+02
0	2	11	10	-4.5399045e+02
0	2	11	11	-3.2480209e+02
0	2	11	12	-3.4995190e+02
0	2	11	13	-2.8267908e+02
0	2	11	14	-3.1466788e+02
0	2	11	15	-3.0421765e+02
0	2	11	16	-3.8350870e+02
0	2	11	17	-2.5000902e+02
0	2	11	18	-3.3664536e+02
0	2	11	19	-2.0826210e+02
0	2	11	20	-3.8463504e+02
0	2	11	21	-3.6806183e+02
0	2	11	22	-3.5010089e+02
0	2	11	23	-2.9376633e+02
0	2	11	24	-3.4788232e+02
0	2	11	25	-3.6024142e+02
0	2	11	26	-3.9431952e+02
0	2	11	27	-3.6106110e+02
0	2	11	28	-3.4090604e+02
0	2	11	29	-3.4198859e+02
0	2	11	30	-3.4583746e+02
0	2	11	31	-4.0269266e+02
0	2	11	32	-3.9363507e+02
0	2	11	33	-3.2605579e+02
0	2	11	34	1.1186830e+01
0	2	11	35	-5.8081295e+01
0	2	11	36	-1.3562296e+01
0	2	11	37	1.3947968e+01
0	2	11	38	-7.8944955e+00
0	2	11	39	1.0744840e+00
0	2	11	40	4.1364346e+01
0	2	11	41	-4.0068607e+00
0	2	11	42	4.6106839e+00
0	2	11	43	-1.9242971e+01
0	2	11	44	7.3132530e+01
0	2	11	45	-1.4988035e+01
0	2	11	46	1.6266796e+01
0	2	11	47	-4.3901100e+01
0	2	11	48	-2.3603092e+01
0	2	11	49	-2.2063131e+01
0	2	11	50	5.1650242e+01
0	2	11	51	3.1362103e+02
0	2	11	52	3.6707397e+02
0	2	11	53	7.5926788e+01
0	2	11	54	1.4442804e+02
0	2	11	55	1.1419649e+02
0	2	11	56	7.9261765e+01
0	2	11	57	1.4259071e+02
0	2	11	58	1.2661133e+02
0	2	11	59	9.7135681e+01
0	2	11	60	-3.0704008e+01
0	2	11	61	1.1599677e+02
0	2	11	62	1.5782486e+02
0	2	11	63	9.1495199e+00
0	2	12	0	-2.0307840e+02
0	2	12	1	-2.5214697e+02
0	2	12	2	-1.7384010e+02
0	2	12	3	-3.1928210e+02
0	2	12	4	-2.7193707e+02
0	2	12	5	-2.9620981e+02
0	2	12	6	-2.4895546e+02
0	2	12	7	-3.4049652e+02
0	2	12	8	-2.7733145e+02
0	2	12	9	-2.3122739e+02
0	2	12	10	-3.5585043e+02
0	2	12	11	-2.3595251e+02
0	2	12	12	-3.4424149e+02
0	2	12	13	-2.7049463e+02
0	2	12	14	-3.1785834e+02
0	2	12	15	-3.2710065e+02
0	2	12	16	-3.3474432e+02
0	2	12	17	-3.6684164e+02
0	2	12	18	-3.8698111e+02
0	2	12	19	-3.6727271e+02
0	2	12	20	-3.9192126e+02
0	2	12	21	-3.1177405e+02
0	2	12	22	-2.8508890e+02
0	2	12	23	-2.9069498e+02
0	2	12	24	-4.4982529e+02
0	2	12	25	-3.2863925e+02
0	2	12	26	-3.2937299e+02
0	2	12	27	-3.3866470e+02
0	2	12	28	-3.1114514e+02
0	2	12	29	-3.4563580e+02
0	2	12	30	-3.5340063e+02
0	2	12	31	-3.2720404e+02
0	2	12	32	-4.6220575e+02
0	2	12	33	-3.8362094e+02
0	2	12	34	-8.4054871e+00
0	2	12	35	-1.7656054e+00
0	2	12	36	2.6686560e+01
0	2	12	37	1.5443197e+01
0	2	12	38	-6.6599579e+01
0	2	12	39	1.3028691e+01
0	2	12	40	3.0500867e+00
0	2	12	41	-1.3561285e+02
0	2	12	42	-6.9574890e+00
0	2	12	43	-1.1955091e+01
0	2	12	44	8.9219904e-01
0	2	12	45	-4.1781845e+01
0	2	12	46	-1.2237315e+02
0	2	12	47	-1.1684630e+02
0	2	12	48	-4.1177219e+01
0	2	12	49	-1.0757312e+02
0	2	12	50	-7.5100769e+01
0	2	12	51	2.3535294e+02
0	2	12	52	2.0703836e+02
0	2	12	53	2.3334734e+01
0	2	12	54	-2.0950499e+00
0	2	12	55	-1.4331442e+01
0	2	12	56	1.2833833e+02
0	2	12	57	1.9642499e+02
0	2	12	58	1.6025108e+02
0	2	12	59	1.0676967e+02
0	2	12	60	1.0211105e+02
0	2	12	61	1.2862877e+02
0	2	12	62	1.7093610e+02
0	2	12	63	1.5693698e+02
0	2	13	0	-3.4012140e+02
0	2	13	1	-2.1474388e+02
0	2	13	2	-1.6556682e+02
0	2	13	3	-2.9238257e+02
0	2	13	4	-2.4672125e+02
0	2	13	5	-2.3213408e+02
0	2	13	6	-1.8952628e+02
0	2	13	7	-3.4677368e+02
0	2	13	8	-3.3591232e+02
0	2	13	9	-2.9122543e+02
0	2	13	10	-3.4172733e+02
0	2	13	11	-1.9244012e+02
0	2	13	12	-3.1415048e+02
0	2	13	13	-1.7812183e+02
0	2	13	14	-2.9948477e+02
0	2	13	15	-3.0993936e+02
0	2	13	16	-3.4257245e+02
0	2	13	17	-2.7126355e+02
0	2	13	18	-4.0690634e+02
0	2	13	19	-2.8831638e+02
0	2	13	20	-4.0299728e+02
0	2	13	21	-4.6377353e+02
0	2	13	22	-2.9908841e+02
0	2	13	23	-3.8696683e+02
0	2	13	24	-3.3147372e+02
0	2	13	25	-3.7904416e+02
0	2	13	26	-3.2538324e+02
0	2	13	27	-3.8587097e+02
0	2	13	28	-3.5666226e+02
0	2	13	29	-2.4630617e+02
0	2	13	30	-2.6671841e+02
0	2	13	31	-2.9113849e+02
0	2	13	32	-3.4356216e+02
0	2	13	33	-3.2501953e+02
0	2	13	34	2.5172707e+01
0	2	13	35	1.3384218e+01
0	2	13	36	-4.5559502e+01
0	2	13	37	3.4878582e+01
0	2	13	38	7.8857063e+01
0	2	13	39	6.7802933e+01
0	2	13	40	6.1202999e+01
0	2	13	41	3.6034367e+01
0	2	13	42	8.9856537e+01
0	2	13	43	7.8069906e+00
0	2	13	44	8.1394547e+01
0	2	13	45	2.1297344e+01
0	2	13	46	3.4331505e+01
0	2	13	47	3.7549057e+01
0	2	13	48	3.2449257e+01
0	2	13	49	-3.4350700e+01
0	2	13	50	8.3819626e+01
0	2	13	51	3.0931198e+02
0	2	13	52	3.5139157e+02
0	2	13	53	1.0609245e+02
0	2	13	54	1.6639360e+02
0	2	13	55	1.9520511e+02
0	2	13	56	1.3199039e+02
0	2	13	57	1.7527269e+02
0	2	13	58	1.9718069e+02
0	2	13	59	2.3394214e+02
0	2	13	60	8.3991638e+01
0	2	13	61	2.1399386e+00
0	2	13	62	1.5880960e+02
0	2	13	63	1.6696574e+02
0	2	14	0	-1.4493410e+02
0	2	14	1	-2.0633867e+02
0	2	14	2	-2.1112102e+02
0	2	14	3	-1.6387433e+02
0	2	14	4	-3.4766077e+02
0	2	14	5	-2.5695493e+02
0	2	14	6	-2.3113388e+02
0	2	14	7	-1.8589874e+02
0	2	14	8	-2.1403725e+02
0	2	14	9	-1.9102141e+02
0	2	14	10	-2.2626555e+02
0	2	14	11	-2.1789490e+02
0	2	14	12	-2.5932712e+02
0	2	14	13	-2.8877145e+02
0	2	14	14	-2.0615683e+02
0	2	14	15	-2.7055487e+02
0	2	14	16	-2.3734279e+02
0	2	14	17	-2.7361484e+02
0	2	14	18	-2.8374704e+02
0	2	14	19	-3.1221854e+02
0	2	14	20	-2.8447858e+02
0	2	14	21	-1.9162343e+02
0	2	14	22	-3.4534952e+02
0	2	14	23	-2.4837787e+02
0	2	14	24	-3.2044028e+02
0	2	14	25	-3.6948138e+02
0	2	14	26	-3.7705276e+02
0	2	14	27	-3.2070514e+02
0	2	14	28	-3.1714853e+02
0	2	14	29	-3.4830884e+02
0	2	14	30	-4.1190689e+02
0	2	14	31	-2.7898224e+02
0	2	14	32	-3.3657230e+02
0	2	14	33	-3.4957187e+02
0	2	14	34	1.4387678e+01
0	2	14	35	5.0105690e+01
0	2	14	36	-3.5110172e+01
0	2	14	37	1.2651665e+02
0	2	14	38	-1.8014328e+01
0	2	14	39	1.7562367e+02
0	2	14	40	1.1398209e+02
0	2	14	41	1.0285160e+02
0	2	14	42	1.1351402e+02
0	2	14	43	7.5624634e+01
0	2	14	44	2.5193530e+02
0	2	14	45	1.1466545e+02
0	2	14	46	1.8100870e+02
0	2	14	47	1.7115051e+02
0	2	14	48	2.6004498e+02
0	2	14	49	8.4589676e+01
0	2	14	50	1.0374156e+02
0	2	14	51	3.9345413e+02
0	2	14	52	4.9401114e+02
0	2	14	53	2.8014340e+02
0	2	14	54	3.3081363e+02
0	2	14	55	3.3296622e+02
0	2	14	56	4.0058572e+02
0	2	14	57	3.1779099e+02
0	2	14	58	1.7102034e+02
0	2	14	59	2.5218359e+02
0	2	14	60	2.6907501e+02
0	2	14	61	2.6280557e+02
0	2	14	62	2.0442075e+02
0	2	14	63	3.1125934e+02
0	2	15	0	-7.0031937e+01
0	2	15	1	-1.0438959e+02
0	2	15	2	-1.8420370e+02
0	2	15	3	-1.2001261e+02
0	2	15	4	-2.6874152e+02
0	2	15	5	-1.3182867e+02
0	2	15	6	-7.9972076e+01
0	2	15	7	-3.9137863e+01
0	2	15	8	-8.0468063e+01
0	2	15	9	-1.8988780e+02
0	2	15	10	-7.7378220e+01
0	2	15	11	-2.0959409e+02
0	2	15	12	-1.6152893e+02
0	2	15	13	-7.9579117e+01
0	2	15	14	-2.2032077e+02
0	2	15	15	-1.7747424e+02
0	2	15	16	-8.0110741e+01
0	2	15	17	-1.7466330e+02
0	2	15	18	-1.6440063e+02
0	2	15	19	-1.5870924e+02
0	2	15	20	-1.6273540e+02
0	2	15	21	-1.7019211e+02
0	2	15	22	-1.5156461e+02
0	2	15	23	-1.5847461e+02
0	2	15	24	-1.8143607e+02
0	2	15	25	-2.3003146e+02
0	2	15	26	-1.9063010e+02
0	2	15	27	-3.3504935e+02
0	2	15	28	-2.2070312e+02
0	2	15	29	-2.7172104e+02
0	2	15	30	-2.4036348e+02
0	2	15	31	-3.9266904e+02
0	2	15	32	-4.1068958e+02
0	2	15	33	-2.8243167e+02
0	2	15	34	4.3658066e+01
0	2	15	35	-8.0065331e+01
0	2	15	36	1.4518307e+02
0	2	15	37	1.3550017e+02
0	2	15	38	5.4095444e+01
0	2	15	39	1.1634255e+02
0	2	15	40	1.1007161e+02
0	2	15	41	-1.6328967e+00
0	2	15	42	1.2460979e+02
0	2	15	43	-9.5960207e+00
0	2	15	44	1.9201505e+02
0	2	15	45	9.1226082e+01
0	2	15	46	1.0250709e+02
0	2	15	47	-6.2482975e+01
0	2	15	48	1.6869557e+02
0	2	15	49	1.6150891e+02
0	2	15	50	9.5934975e+01
0	2	15	51	3.9991876e+02
0	2	15	52	3.7876654e+02
0	2	15	53	1.7776158e+02
0	2	15	54	1.8722992e+02
0	2	15	55	2.8294049e+02
0	2	15	56	3.6923779e+02
0	2	15	57	3.0098724e+02
0	2	15	58	2.0647612e+02
0	2	15	59	1.3317693e+02
0	2	15	60	2.4484044e+02
0	2	15	61	1.3056767e+02
0	2	15	62	1.6698409e+02
0	2	15	63	7.7064804e+01
1	0	0	0	-7.8755608e+01
1	0	0	1	-2.4340975e+01
1	0	0	2	-2.3115278e+01
1	0	0	3	-9.9294388e+01
1	0	0	4	-5.0530838e+01
1	0	0	5	-1.1425689e+02
1	0	0	6	-9.7196106e+01
1	0	0	7	1.2428997e+01
1	0	0	8	-5.0465168e+01
1	0	0	9	1.2923777e-01
1	0	0	10	-5.6272167e+01
1	0	0	11	-8.4760422e+01
1	0	0	12	-1.8172131e+02
1	0	0	13	-5.8438568e+01
1	0	0	14	-5.2127693e+01
1	0	0	15	-7.1909431e+01
1	0	0	16	-1.8847949e+02
1	0	0	17	-1.4167160e+02
1	0	0	18	-7.9384506e+01
1	0	0	19	-1.5175078e+02
1	0	0	20	-8.8400948e+01
1	0	0	21	-1.1379670e+02
1	0	0	22	-1.8189859e+02
1	0	0	23	-2.0171849e+02
1	0	0	24	-1.4802638e+02
1	0	0	25	-2.0271617e+02
1	0	0	26	-9.5206757e+01
1	0	0	27	-1.9971126e+02
1	0	0	28	-8.4695969e+01
1	0	0	29	-1.5587204e+02
1	0	0	30	-1.5556296e+02
1	0	0	31	-1.6537201e+02
1	0	0	32	-1.4454047e+02
1	0	0	33	-2.3564394e+02
1	0	0	34	1.0767293e+02
1	0	0	35	1.2096162e+02
1	0	0	36	1.7554744e+02
1	0	0	37	1.8587906e+02
1	0	0	38	2.0477989e+02
1	0	0	39	1.4128922e+02
1	0	0	40	1.5413522e+02
1	0	0	41	2.0199760e+02
1	0	0	42	3.0940256e+02
1	0	0	43	2.3072330e+02
1	0	0	44	2.3321593e+02
1	0	0	45	1.4446593e+02
1	0	0	46	2.7321606e+02
1	0	0	47	2.2652295e+02
1	0	0	48	2.8214569e+02
1	0	0	49	2.4578137e+02
1	0	0	50	2.4834924e+02
1	0	0	51	5.3710455e+02
1	0	0	52	5.8978088e+02
1	0	0	53	4.6222925e+02
1	0	0	54	3.4082669e+02
1	0	0	55	4.0831210e+02
1	0	0	56	4.9993521e+02
1	0	0	57	4.3733163e+02
1	0	0	58	2.9340472e+02
1	0	0	59	3.2355630e+02
1	0	0	60	3.9194650e+02
1	0	0	61	2.9489166e+02
1	0	0	62	3.0897485e+02
1	0	0	63	3.7603854e+02
1	0	1	0	9.2739128e+01
1	0	1	1	1.6434676e+02
1	0	1	2	5.9415216e+00
1	0	1	3	2.2936700e+02
1	0	1	4	6.6490990e+01
1	0	1	5	2.2553279e+02
1	0	1	6	1.2550401e+02
1	0	1	7	1.3034793e+02
1	0	1	8	1.6146631e+02
1	0	1	9	1.2741887e+02
1	0	1	10	3.9617950e+01
1	0	1	11	9.7864235e+01
1	0	1	12	1.2099354e+02
1	0	1	13	7.0194038e+01
1	0	1	14	-2.7126722e+01
1	0	1	15	1.9450758e+02
1	0	1	16	-2.1457802e+01
1	0	1	17	1.2405910e+02
1	0	1	18	1.5130595e+02
1	0	1	19	1.3629323e+02
1	0	1	20	1.1918745e+02
1	0	1	21	1.7191481e+02
1	0	1	22	4.2861786e+01
1	0	1	23	1.7863799e+02
1	0	1	24	7.4494026e+01
1	0	1	25	1.3318498e+02
1	0	1	26	1.6060057e+02
1	0	1	27	-2.7317410e+01
1	0	1	28	1.1940708e+02
1	0	1	29	4.0012604e+01
1	0	1	30	3.5712189e+01
1	0	1	31	-1.4003145e+01
1	0	1	32	1.1656995e+02
1	0	1	33	9.3407219e+01
1	0	1	34	4.3432614e+02
1	0	1	35	4.2682141e+02
1	0	1	36	3.5243585e+02
1	0	1	37	4.5189148e+02
1	0	1	38	4.2530823e+02
1	0	1	39	4.4824225e+02
1	0	1	40	5.1963684e+02
1	0	1	41	4.5972501e+02
1	0	1	42	4.8972708e+02
1	0	1	43	4.1252014e+02
1	0	1	44	4.5380090e+02
1	0	1	45	4.3515714e+02
1	0	1	46	4.4094626e+02
1	0	1	47	4.8633450e+02
1	0	1	48	3.1803146e+02
1	0	1	49	4.5255945e+02
1	0	1	50	4.8795187e+02
1	0	1	51	7.6004028e+02
1	0	1	52	8.2473846e+02
1	0	1	53	6.1014728e+02
1	0	1	54	6.5077942e+02
1	0	1	55	5.9862720e+02
1	0	1	56	6.7603802e+02
1	0	1	57	5.1855975e+02
1	0	1	58	5.9941412e+02
1	0	1	59	6.0967389e+02
1	0	1	60	6.2135785e+02
1	0	1	61	5.7743878e+02
1	0	1	62	5.7751587e+02
1	0	1	63	6.8905542e+02
1	0	2	0	-2.7714500e+01
1	0	2	1	-4.1811584e+01
1	0	2	2	-6.1432152e+01
1	0	2	3	-6.9733934e+00
1	0	2	4	-3.4861210e+01
1	0	2	5	-6.9941261e+01
1	0	2	6	-3.3967724e+01
1	0	2	7	-9.2106590e+00
1	0	2	8	-7.4822144e+01
1	0	2	9	-5.0329632e+01
1	0	2	10	-1.0915980e+02
1	0	2	11	-1.0207773e+02
1	0	2	12	-8.6536674e+01
1	0	2	13	-6.5599846e+01
1	0	2	14	-5.9296993e+01
1	0	2	15	-1.3509003e+02
1	0	2	16	-9.0418343e+01
1	0	2	17	-1.3516467e+02
1	0	2	18	-5.8133591e+01
1	0	2	19	-1.7220734e+02
1	0	2	20	-1.2062829e+02
1	0	2	21	-9.0940399e+01
1	0	2	22	-1.3697147e+02
1	0	2	23	-1.7352289e+02
1	0	2	24	-1.6326495e+02
1	0	2	25	-1.2152048e+02
1	0	2	26	-2.1050937e+02
1	0	2	27	-1.1590420e+02
1	0	2	28	-1.8077202e+02
1	0	2	29	-1.1893953e+02
1	0	2	30	-1.8201448e+02
1	0	2	31	-1.6144461e+02
1	0	2	32	-1.1459780e+02
1	0	2	33	-1.1496306e+02
1	0	2	34	1.0523498e+02
1	0	2	35	2.0770212e+02
1	0	2	36	2.4556970e+02
1	0	2	37	2.7737466e+02
1	0	2	38	2.1747780e+02
1	0	2	39	1.9178271e+02
1	0	2	40	2.0227380e+02
1	0	2	41	1.0625703e+02
1	0	2	42	3.2895584e+02
1	0	2	43	2.0643909e+02
1	0	2	44	2.5764621e+02
1	0	2	45	2.5439998e+02
1	0	2	46	2.4865363e+02
1	0	2	47	2.0174106e+02
1	0	2	48	3.1112924e+02
1	0	2	49	1.6730875e+02
1	0	2	50	2.8611658e+02
1	0	2	51	5.9269135e+02
1	0	2	52	5.8873163e+02
1	0	2	53	3.8291263e+02
1	0	2	54	3.7025076e+02
1	0	2	55	3.5420340e+02
1	0	2	56	4.8363312e+02
1	0	2	57	4.4554456e+02
1	0	2	58	3.9102719e+02
1	0	2	59	4.5482568e+02
1	0	2	60	4.0350644e+02
1	0	2	61	3.5195981e+02
1	0	2	62	3.6811801e+02
1	0	2	63	4.1193292e+02
1	0	3	0	8.3572678e+01
1	0	3	1	1.2902861e+02
1	0	3	2	-6.6376022e+01
1	0	3	3	2.5937923e+01
1	0	3	4	-2.2967977e-02
1	0	3	5	4.1658817e+01
1	0	3	6	6.8219398e+01
1	0	3	7	-3.0471491e+01
1	0	3	8	5.7535633e+01
1	0	3	9	2.7971308e+01
1	0	3	10	4.2390213e+01
1	0	3	11	-3.7840694e+01
1	0	3	12	6.1380825e+00
1	0	3	13	-3.1937094e+01
1	0	3	14	-4.4283905e+01
1	0	3	15	-2.3472218e+01
1	0	3	16	-8.9652458e+01
1	0	3	17	3.1871803e+01
1	0	3	18	-4.5782772e+01
1	0	3	19	2.7243490e+01
1	0	3	20	-2.6420561e+01
1	0	3	21	2.8933132e+01
1	0	3	22	-5.9608543e+01
1	0	3	23	6.5586723e+01
1	0	3	24	-2.9186537e+01
1	0	3	25	5.3370528e+00
1	0	3	26	-5.9689587e+01
1	0	3	27	-8.7928711e+01
1	0	3	28	2.8929897e+01
1	0	3	29	3.3293221e+01
1	0	3	30	-1.3231648e+02
1	0	3	31	-1.1142828e+02
1	0	3	32	-8.3832077e+01
1	0	3	33	-1.9152086e+02
1	0	3	34	2.4147520e+02
1	0	3	35	1.2395332e+02
1	0	3	36	2.6939764e+02
1	0	3	37	1.7048024e+02
1	0	3	38	2.8539877e+02
1	0	3	39	2.4249239e+02
1	0	3	40	2.5181599e+02
1	0	3	41	2.6674393e+02
1	0	3	42	2.5633994e+02
1	0	3	43	2.1285425e+02
1	0	3	44	2.9866522e+02
1	0	3	45	1.7176752e+02
1	0	3	46	2.2211865e+02
1	0	3	47	2.2255038e+02
1	0	3	48	2.7058539e+02
1	0	3	49	1.7122675e+02
1	0	3	50	3.0112646e+02
1	0	3	51	5.5031622e+02
1	0	3	52	5.2520178e+02
1	0	3	53	2.5651523e+02
1	0	3	54	3.1019446e+02
1	0	3	55	4.4633252e+02
1	0	3	56	4.6838016e+02
1	0	3	57	4.2105231e+02
1	0	3	58	3.9673346e+02
1	0	3	59	3.1816229e+02
1	0	3	60	3.4302728e+02
1	0	3	61	2.7605804e+02
1	0	3	62	3.6622498e+02
1	0	3	63	4.0983002e+02
1	0	4	0	6.7891144e+01
1	0	4	1	-1.3277704e+02
1	0	4	2	5.6332140e+00
1	0	4	3	4.2106915e+01
1	0	4	4	-1.1460631e+02
1	0	4	5	1.1791446e+01
1	0	4	6	-3.0276968e+01
1	0	4	7	-1.0393598e+01
1	0	4	8	-2.0707710e+00
1	0	4	9	-5.5934700e+01
1	0	4	10	-9.9002441e+01
1	0	4	11	-1.2588158e+02
1	0	4	12	-8.2314499e+01
1	0	4	13	-5.0747459e+01
1	0	4	14	8.5288849e+01
1	0	4	15	-1.3602375e+00
1	0	4	16	-6.3641056e+01
1	0	4	17	-8.8824326e+01
1	0	4	18	-1.2635161e+02
1	0	4	19	-2.5723656e+01
1	0	4	20	-8.9067101e+01
1	0	4	21	-2.1530903e+01
1	0	4	22	-4.1921593e+01
1	0	4	23	-1.0623194e+02
1	0	4	24	-1.0515364e+02
1	0	4	25	-8.7281738e+01
1	0	4	26	-1.4589725e+02
1	0	4	27	-1.9070116e+02
1	0	4	28	-1.8326190e+02
1	0	4	29	-1.4426877e+02
1	0	4	30	-1.2581001e+02
1	0	4	31	-1.4272763e+02
1	0	4	32	-1.8163977e+02
1	0	4	33	-1.6724507e+02
1	0	4	34	1.8912004e+02
1	0	4	35	2.1013774e+02
1	0	4	36	2.0940829e+02
1	0	4	37	2.0386374e+02
1	0	4	38	2.1508305e+02
1	0	4	39	2.3918062e+02
1	0	4	40	1.8532541e+02
1	0	4	41	1.9958183e+02
1	0	4	42	2.7429178e+02
1	0	4	43	3.1700864e+02
1	0	4	44	3.2445038e+02
1	0	4	45	1.0373088e+02
1	0	4	46	2.4440776e+02
1	0	4	47	2.1054616e+02
1	0	4	48	2.1036610e+02
1	0	4	49	1.2877057e+02
1	0	4	50	1.7596132e+02
1	0	4	51	5.3857343e+02
1	0	4	52	6.0588696e+02
1	0	4	53	4.1627115e+02
1	0	4	54	2.5818695e+02
1	0	4	55	4.6088321e+02
1	0	4	56	5.0442178e+02
1	0	4	57	5.3898071e+02
1	0	4	58	4.1619006e+02
1	0	4	59	3.0825269e+02
1	0	4	60	3.6393961e+02
1	0	4	61	4.1882382e+02
1	0	4	62	2.9853406e+02
1	0	4	63	3.0117801e+02
1	0	5	0	-5.2035774e+01
1	0	5	1	-3.8720543e+01
1	0	5	2	-1.1566119e+02
1	0	5	3	-4.7195694e+01
1	0	5	4	-1.8174516e+02
1	0	5	5	-3.9352196e+01
1	0	5	6	-7.0389076e+01
1	0	5	7	-4.8720379e+01
1	0	5	8	7.1395640e+00
1	0	5	9	-1.1095443e+02
1	0	5	10	-7.3099411e+01
1	0	5	11	-1.1721136e+02
1	0	5	12	-2.2556827e+02
1	0	5	13	-7.8103020e+01
1	0	5	14	-2.4538240e+02
1	0	5	15	-1.3386694e+01
1	0	5	16	-1.5561925e+02
1	0	5	17	-1.8963126e+02
1	0	5	18	-1.9437415e+02
1	0	5	19	-1.2953806e+02
1	0	5	20	-1.7596085e+02
1	0	5	21	-1.1410625e+02
1	0	5	22	-2.1091437e+02
1	0	5	23	-1.2517368e+02
1	0	5	24	-8.2416061e+01
1	0	5	25	-1.3300882e+02
1	0	5	26	-2.0743060e+02
1	0	5	27	-1.6403795e+02
1	0	5	28	-1.0644186e+02
1	0	5	29	-1.6706569e+02
1	0	5	30	-1.8053055e+02
1	0	5	31	-2.1572038e+02
1	0	5	32	-1.6571605e+02
1	0	5	33	-2.3968260e+02
1	0	5	34	1.3082396e+02
1	0	5	35	1.6314207e+02
1	0	5	36	1.1877223e+02
1	0	5	37	2.4861168e+02
1	0	5	38	1.9201570e+02
1	0	5	39	2.7261530e+02
1	0	5	40	2.2016663e+02
1	0	5	41	1.9565581e+02
1	0	5	42	3.0317053e+02
1	0	5	43	1.8285127e+02
1	0	5	44	3.3293289e+02
1	0	5	45	1.5551120e+02
1	0	5	46	2.4104578e+02
1	0	5	47	2.9404141e+02
1	0	5	48	1.9867419e+02
1	0	5	49	2.8317374e+02
1	0	5	50	2.8793066e+02
1	0	5	51	5.2256226e+02
1	0	5	52	5.6011975e+02
1	0	5	53	4.6082281e+02
1	0	5	54	3.9148831e+02
1	0	5	55	3.5318222e+02
1	0	5	56	4.3921332e+02
1	0	5	57	4.3333948e+02
1	0	5	58	2.9935593e+02
1	0	5	59	3.7586273e+02
1	0	5	60	4.2961469e+02
1	0	5	61	2.6069312e+02
1	0	5	62	2.8351855e+02
1	0	5	63	4.4912595e+02
1	0	6	0	-6.0563702e+01
1	0	6	1	-1.0781782e+02
1	0	6	2	-1.2882457e+01
1	0	6	3	-9.3987938e+01
1	0	6	4	-6.9629669e+01
1	0	6	5	-1.0864037e+02
1	0	6	6	-9.9614105e+01
1	0	6	7	-7.4389061e+01
1	0	6	8	-1.3753558e+02
1	0	6	9	-1.6221201e+01
1	0	6	10	-1.2452281e+02
1	0	6	11	-2.0280243e+01
1	0	6	12	-1.6498929e+02
1	0	6	13	-1.2056930e+02
1	0	6	14	-8.7151794e+01
1	0	6	15	-8.1655746e+01
1	0	6	16	-1.4648116e+02
1	0	6	17	-1.7828279e+02
1	0	6	18	-1.1916309e+02
1	0	6	19	-2.0463628e+02
1	0	6	20	-7.8265930e+01
1	0	6	21	-1.3706375e+02
1	0	6	22	-1.7789117e+02
1	0	6	23	-1.5610117e+02
1	0	6	24	-1.4410027e+02
1	0	6	25	-1.2613220e+02
1	0	6	26	-1.5569800e+02
1	0	6	27	-1.2618087e+02
1	0	6	28	-1.7638283e+02
1	0	6	29	-1.2592735e+02
1	0	6	30	-1.5798842e+02
1	0	6	31	-1.6239059e+02
1	0	6	32	-1.8208908e+02
1	0	6	33	-1.3826071e+02
1	0	6	34	2.2840729e+02
1	0	6	35	2.6309116e+02
1	0	6	36	2.6152249e+02
1	0	6	37	2.3961958e+02
1	0	6	38	2.7139468e+02
1	0	6	39	2.7190771e+02
1	0	6	40	2.1288666e+02
1	0	6	41	2.1906667e+02
1	0	6	42	2.9530881e+02
1	0	6	43	3.2719461e+02
1	0	6	44	3.4062665e+02
1	0	6	45	2.7101450e+02
1	0	6	46	3.1638901e+02
1	0	6	47	2.7307422e+02
1	0	6	48	3.0396936e+02
1	0	6	49	2.8655554e+02
1	0	6	50	3.1613275e+02
1	0	6	51	5.8560986e+02
1	0	6	52	5.9730261e+02
1	0	6	53	4.0325052e+02
1	0	6	54	4.0496011e+02
1	0	6	55	4.5304318e+02
1	0	6	56	5.1095135e+02
1	0	6	57	5.0671637e+02
1	0	6	58	4.3290784e+02
1	0	6	59	4.0732645e+02
1	0	6	60	3.8863086e+02
1	0	6	61	3.1900333e+02
1	0	6	62	3.4112042e+02
1	0	6	63	4.0234683e+02
1	0	7	0	6.6502136e+01
1	0	7	1	5.0177364e+01
1	0	7	2	-4.8125526e+01
1	0	7	3	4.4566307e+01
1	0	7	4	-3.6322102e+01
1	0	7	5	5.3075359e+01
1	0	7	6	1.7991812e+01
1	0	7	7	7.9197922e+01
1	0	7	8	3.5549187e+01
1	0	7	9	-6.2160591e+01
1	0	7	10	-2.0974039e+01
1	0	7	11	-4.3595161e+01
1	0	7	12	-5.6496895e+01
1	0	7	13	1.8165880e+01
1	0	7	14	-7.4350136e+01
1	0	7	15	6.6801295e+00
1	0	7	16	-3.0145908e+01
1	0	7	17	-4.3821289e+01
1	0	7	18	-3.7751476e+01
1	0	7	19	-2.2379642e+01
1	0	7	20	-3.5685936e+01
1	0	7	21	-3.8679596e+01
1	0	7	22	-4.6270871e+00
1	0	7	23	-9.1274872e+00
1	0	7	24	-5.3027225e+01
1	0	7	25	-9.7425255e+01
1	0	7	26	-8.9730598e+01
1	0	7	27	-1.0176278e+02
1	0	7	28	-4.8280525e+01
1	0	7	29	-1.1907974e+02
1	0	7	30	-9.4552322e+01
1	0	7	31	-1.1080384e+02
1	0	7	32	-1.2309240e+02
1	0	7	33	-1.1735081e+02
1	0	7	34	2.1986493e+02
1	0	7	35	1.8924162e+02
1	0	7	36	2.4953297e+02
1	0	7	37	-1.2437186e+03
1	0	7	38	2.8438770e+02
1	0	7	39	1.8218407e+02
1	0	7	40	1.7558389e+02
1	0	7	41	1.5024170e+02
1	0	7	42	2.1306784e+02
1	0	7	43	1.5736505e+02
1	0	7	44	2.4230446e+02
1	0	7	45	1.6818896e+02
1	0	7	46	1.5796161e+02
1	0	7	47	1.7446939e+02
1	0	7	48	1.8976437e+02
1	0	7	49	1.7733047e+02
1	0	7	50	1.4340707e+02
1	0	7	51	4.7114447e+02
1	0	7	52	4.4172980e+02
1	0	7	53	2.8424792e+02
1	0	7	54	3.2291412e+02
1	0	7	55	4.4663123e+02
1	0	7	56	3.9825818e+02
1	0	7	57	3.9542239e+02
1	0	7	58	4.0210620e+02
1	0	7	59	3.1446216e+02
1	0	7	60	4.4273105e+02
1	0	7	61	3.4731073e+02
1	0	7	62	3.5089618e+02
1	0	7	63	3.5291522e+02
1	0	8	0	2.9441998e+01
1	0	8	1	-8.7305420e+01
1	0	8	2	-6.2160851e+01
1	0	8	3	-1.1021239e+02
1	0	8	4	-2.2473022e+01
1	0	8	5	-8.3141121e+01
1	0	8	6	-6.3060612e+01
1	0	8	7	-9.6799797e+01
1	0	8	8	-1.1155855e+02
1	0	8	9	2.2421219e+01
1	0	8	10	-1.6486497e+02
1	0	8	11	1.0576398e+02
1	0	8	12	-4.6634068e+01
1	0	8	13	-1.5618471e+02
1	0	8	14	-8.4617783e+01
1	0	8	15	-1.4866037e+02
1	0	8	16	-1.4686899e+02
1	0	8	17	-1.4599883e+02
1	0	8	18	-2.3674913e+02
1	0	8	19	-1.5955870e+02
1	0	8	20	-1.0987062e+02
1	0	8	21	-1.7265929e+02
1	0	8	22	-1.2895879e+02
1	0	8	23	-5.9447544e+01
1	0	8	24	-1.9948888e+02
1	0	8	25	-1.8627010e+02
1	0	8	26	-1.7844315e+02
1	0	8	27	-9.7168785e+01
1	0	8	28	-2.0197694e+02
1	0	8	29	-1.5641080e+02
1	0	8	30	-1.3100594e+02
1	0	8	31	-1.3580968e+02
1	0	8	32	-1.4189117e+02
1	0	8	33	-2.0509155e+02
1	0	8	34	1.2105140e+02
1	0	8	35	1.9019131e+02
1	0	8	36	1.6813048e+02
1	0	8	37	3.6437701e+02
1	0	8	38	3.1658084e+02
1	0	8	39	2.8566983e+02
1	0	8	40	2.5007774e+02
1	0	8	41	2.5266066e+02
1	0	8	42	3.0694662e+02
1	0	8	43	2.0546881e+02
1	0	8	44	3.1224664e+02
1	0	8	45	3.2630652e+02
1	0	8	46	2.6278101e+02
1	0	8	47	2.9839413e+02
1	0	8	48	2.8676126e+02
1	0	8	49	2.9632843e+02
1	0	8	50	3.5262778e+02
1	0	8	51	7.0030878e+02
1	0	8	52	6.3274976e+02
1	0	8	53	4.0877231e+02
1	0	8	54	3.6765659e+02
1	0	8	55	4.6666193e+02
1	0	8	56	4.6508420e+02
1	0	8	57	5.5107935e+02
1	0	8	58	3.7025076e+02
1	0	8	59	4.2977051e+02
1	0	8	60	4.6870102e+02
1	0	8	61	4.9888547e+02
1	0	8	62	4.9460846e+02
1	0	8	63	4.2870874e+02
1	0	9	0	1.4830112e+02
1	0	9	1	-7.7402061e+01
1	0	9	2	3.4182938e+01
1	0	9	3	9.2286613e+01
1	0	9	4	-9.4465805e+01
1	0	9	5	1.8698390e+02
1	0	9	6	1.1290554e+01
1	0	9	7	4.6841469e+01
1	0	9	8	1.6604152e+02
1	0	9	9	-2.3218264e+01
1	0	9	10	1.4170369e+01
1	0	9	11	-3.0350977e+01
1	0	9	12	-1.5069087e+01
1	0	9	13	4.8879868e+01
1	0	9	14	-3.6716431e+01
1	0	9	15	4.4318203e+01
1	0	9	16	-6.8219666e+01
1	0	9	17	1.1403301e+01
1	0	9	18	1.5403076e+01
1	0	9	19	-5.5291534e+01
1	0	9	20	-9.0926056e+01
1	0	9	21	-5.1145290e+01
1	0	9	22	3.5377171e+01
1	0	9	23	9.1667419e+01
1	0	9	24	-8.8850769e+01
1	0	9	25	6.7515358e+01
1	0	9	26	-1.4609818e+02
1	0	9	27	-4.1308079e+01
1	0	9	28	-3.7825619e+01
1	0	9	29	-1.2049289e+01
1	0	9	30	-3.5488323e+01
1	0	9	31	-1.3561562e+02
1	0	9	32	-1.0504743e+02
1	0	9	33	-1.0142059e+02
1	0	9	34	3.1145633e+02
1	0	9	35	2.1818991e+02
1	0	9	36	3.4269104e+02
1	0	9	37	2.5990329e+02
1	0	9	38	2.9725128e+02
1	0	9	39	1.3048016e+02
1	0	9	40	3.5153812e+02
1	0	9	41	2.0841005e+02
1	0	9	42	2.5002588e+02
1	0	9	43	2.9615820e+02
1	0	9	44	1.9114633e+02
1	0	9	45	1.1386920e+02
1	0	9	46	2.2806183e+02
1	0	9	47	2.2540675e+02
1	0	9	48	2.2535400e+02
1	0	9	49	1.9005975e+02
1	0	9	50	2.8281769e+02
1	0	9	51	3.6671747e+02
1	0	9	52	5.6523895e+02
1	0	9	53	3.5283734e+02
1	0	9	54	3.6252948e+02
1	0	9	55	3.5473553e+02
1	0	9	56	4.5070721e+02
1	0	9	57	4.3307376e+02
1	0	9	58	4.3032629e+02
1	0	9	59	3.2327817e+02
1	0	9	60	3.6316519e+02
1	0	9	61	3.1186057e+02
1	0	9	62	4.0007245e+02
1	0	9	63	4.7330502e+02
1	0	10	0	1.1514568e+02
1	0	10	1	1.8086094e+01
1	0	10	2	1.1362539e+02
1	0	10	3	1.2613451e+02
1	0	10	4	-5.8507713e+01
1	0	10	5	3.1606024e+01
1	0	10	6	-5.9470642e+01
1	0	10	7	9.7484222e+01
1	0	10	8	-7.6877630e-01
1	0	10	9	-3.1516541e+01
1	0	10	10	-1.5354524e+01
1	0	10	11	-1.3038383e+02
1	0	10	12	5.5846447e+01
1	0	10	13	5.0589622e+01
1	0	10	14	4.7500763e+01
1	0	10	15	3.4449337e+01
1	0	10	16	1.2096381e+01
1	0	10	17	-4.8332539e+01
1	0	10	18	3.8877342e+01
1	0	10	19	-1.1171530e+01
1	0	10	20	4.5897877e+01
1	0	10	21	5.5040863e+01
1	0	10	22	-1.3529207e+01
1	0	10	23	-3.6256718e+01
1	0	10	24	-2.7222624e+01
1	0	10	25	-1.9546089e+01
1	0	10	26	-3.9300278e+01
1	0	10	27	-1.0887853e+02
1	0	10	28	2.8394724e+01
1	0	10	29	-1.0014443e+02
1	0	10	30	-1.6556868e+02
1	0	10	31	-1.2134473e+02
1	0	10	32	-1.3785695e+02
1	0	10	33	-1.7601248e+02
1	0	10	34	2.2559961e+02
1	0	10	35	2.9025436e+02
1	0	10	36	2.6028128e+02
1	0	10	37	2.5864795e+02
1	0	10	38	2.2747339e+02
1	0	10	39	2.7711969e+02
1	0	10	40	2.5758780e+02
1	0	10	41	2.2691122e+02
1	0	10	42	3.6141406e+02
1	0	10	43	3.3713391e+02
1	0	10	44	2.2572289e+02
1	0	10	45	2.2230948e+02
1	0	10	46	2.7277063e+02
1	0	10	47	2.6837939e+02
1	0	10	48	2.1944321e+02
1	0	10	49	2.8371680e+02
1	0	10	50	2.5731784e+02
1	0	10	51	6.1270929e+02
1	0	10	52	6.7439520e+02
1	0	10	53	4.3614893e+02
1	0	10	54	5.1367822e+02
1	0	10	55	4.5222067e+02
1	0	10	56	5.2950580e+02
1	0	10	57	4.7843546e+02
1	0	10	58	4.4504706e+02
1	0	10	59	3.9522949e+02
1	0	10	60	4.4857114e+02
1	0	10	61	3.7994235e+02
1	0	10	62	3.3158585e+02
1	0	10	63	4.2643655e+02
1	0	11	0	-1.5284444e+02
1	0	11	1	-2.3960606e+01
1	0	11	2	-2.1226828e+02
1	0	11	3	-1.5215718e+02
1	0	11	4	-1.4043559e+02
1	0	11	5	-7.3234245e+01
1	0	11	6	-7.7344398e+01
1	0	11	7	2.1655863e+01
1	0	11	8	-6.7414886e+01
1	0	11	9	-3.9359531e+01
1	0	11	10	-6.9045723e+01
1	0	11	11	-1.9256403e+02
1	0	11	12	-1.0518611e+02
1	0	11	13	1.7120380e+01
1	0	11	14	-9.0450760e+01
1	0	11	15	3.3483227e+01
1	0	11	16	-1.5928441e+02
1	0	11	17	-1.4742789e+02
1	0	11	18	-2.0968797e+02
1	0	11	19	-1.3792212e+02
1	0	11	20	-1.1720596e+02
1	0	11	21	-1.2377097e+02
1	0	11	22	-1.1684719e+02
1	0	11	23	-1.0077346e+02
1	0	11	24	-1.6278853e+02
1	0	11	25	-9.5980675e+01
1	0	11	26	-1.0425996e+02
1	0	11	27	-1.1906406e+02
1	0	11	28	-2.2607691e+01
1	0	11	29	-1.0900125e+02
1	0	11	30	-1.6643115e+02
1	0	11	31	-2.7418265e+02
1	0	11	32	-1.5573360e+02
1	0	11	33	-1.7768446e+02
1	0	11	34	1.8906581e+02
1	0	11	35	9.1695358e+01
1	0	11	36	2.3622421e+02
1	0	11	37	2.7354507e+02
1	0	11	38	2.6826712e+02
1	0	11	39	2.0732356e+02
1	0	11	40	3.4674612e+02
1	0	11	41	2.4203702e+02
1	0	11	42	3.5268427e+02
1	0	11	43	3.3365607e+02
1	0	11	44	3.0861963e+02
1	0	11	45	3.8484097e+02
1	0	11	46	3.7067905e+02
1	0	11	47	3.4300348e+02
1	0	11	48	3.8378357e+02
1	0	11	49	3.8442856e+02
1	0	11	50	3.0469168e+02
1	0	11	51	5.2056427e+02
1	0	11	52	6.5795105e+02
1	0	11	53	4.6398508e+02
1	0	11	54	4.7117001e+02
1	0	11	55	5.3035632e+02
1	0	11	56	5.7940692e+02
1	0	11	57	5.4738495e+02
1	0	11	58	3.2077963e+02
1	0	11	59	4.6938818e+02
1	0	11	60	4.7336978e+02
1	0	11	61	3.2986404e+02
1	0	11	62	3.4222379e+02
1	0	11	63	3.8428308e+02
1	0	12	0	3.4268890e+01
1	0	12	1	-2.1963295e+01
1	0	12	2	-1.1972098e+02
1	0	12	3	-7.5303581e+01
1	0	12	4	-1.2437186e+03
1	0	12	5	-2.2804572e+02
1	0	12	6	-1.2437186e+03
1	0	12	7	-1.4650956e+01
1	0	12	8	-2.1429590e+02
1	0	12	9	3.2252876e+01
1	0	12	10	-1.6270291e+02
1	0	12	11	-1.0883040e+02
1	0	12	12	-1.6465088e+02
1	0	12	13	-1.4815843e+02
1	0	12	14	-1.4128499e+02
1	0	12	15	-1.7431514e+02
1	0	12	16	-1.1842229e+02
1	0	12	17	-1.4667529e+02
1	0	12	18	-1.1525264e+02
1	0	12	19	-1.5533182e+02
1	0	12	20	-8.6512245e+01
1	0	12	21	-8.2990829e+01
1	0	12	22	-2.0151845e+02
1	0	12	23	-2.1861119e+02
1	0	12	24	-1.2870236e+02
1	0	12	25	-1.3417790e+02
1	0	12	26	-1.7067593e+02
1	0	12	27	-1.2437186e+03
1	0	12	28	-1.3124590e+02
1	0	12	29	-7.7924019e+01
1	0	12	30	-5.1670124e+01
1	0	12	31	-5.7909622e+01
1	0	12	32	-1.2270203e+02
1	0	12	33	1.3867096e+01
1	0	12	34	2.4924814e+02
1	0	12	35	2.6683536e+02
1	0	12	36	2.8902158e+02
1	0	12	37	3.0816058e+02
1	0	12	38	3.1568839e+02
1	0	12	39	3.6205185e+02
1	0	12	40	3.2151025e+02
1	0	12	41	3.1950436e+02
1	0	12	42	3.0821701e+02
1	0	12	43	4.0265860e+02
1	0	12	44	3.6722198e+02
1	0	12	45	3.1468771e+02
1	0	12	46	2.5754196e+02
1	0	12	47	3.5593762e+02
1	0	12	48	3.2891586e+02
1	0	12	49	2.6101337e+02
1	0	12	50	3.0631155e+02
1	0	12	51	6.7022797e+02
1	0	12	52	6.0790875e+02
1	0	12	53	4.5517914e+02
1	0	12	54	5.1785632e+02
1	0	12	55	4.2698441e+02
1	0	12	56	5.3701007e+02
1	0	12	57	5.0791214e+02
1	0	12	58	4.3136530e+02
1	0	12	59	4.8321469e+02
1	0	12	60	4.7332703e+02
1	0	12	61	5.1683197e+02
1	0	12	62	4.3550546e+02
1	0	12	63	4.1891565e+02
1	0	13	0	4.6613625e+01
1	0	13	1	9.3568125e+00
1	0	13	2	-3.0764654e+01
1	0	13	3	1.9499615e+01
1	0	13	4	4.4000832e+01
1	0	13	5	7.9208397e+01
1	0	13	6	2.4475044e+01
1	0	13	7	6.5152985e+01
1	0	13	8	1.3092301e+01
1	0	13	9	-4.2124218e+01
1	0	13	10	1.4194046e+01
1	0	13	11	-6.9806534e+01
1	0	13	12	-3.0316963e+01
1	0	13	13	4.1389523e+01
1	0	13	14	-7.0433098e+01
1	0	13	15	3.4936407e+00
1	0	13	16	-1.3873351e+02
1	0	13	17	-1.2854619e+02
1	0	13	18	-2.5031407e+02
1	0	13	19	-6.5371399e+01
1	0	13	20	-1.2357069e+02
1	0	13	21	-9.1633286e+01
1	0	13	22	-1.1332458e+02
1	0	13	23	-1.0657942e+02
1	0	13	24	-9.4704590e+01
1	0	13	25	-5.6946899e+01
1	0	13	26	-1.6767995e+02
1	0	13	27	-1.0178214e+02
1	0	13	28	-1.3392683e+02
1	0	13	29	-1.3417882e+02
1	0	13	30	-7.2644028e+01
1	0	13	31	-2.2450598e+02
1	0	13	32	-1.5477354e+02
1	0	13	33	-2.5083376e+02
1	0	13	34	1.4026251e+02
1	0	13	35	5.5592197e+01
1	0	13	36	7.8822884e+01
1	0	13	37	1.2526328e+02
1	0	13	38	2.5394174e+02
1	0	13	39	1.0950365e+02
1	0	13	40	2.1053358e+02
1	0	13	41	9.6840416e+01
1	0	13	42	1.7407901e+02
1	0	13	43	6.9961929e+01
1	0	13	44	2.0501004e+02
1	0	13	45	1.3632396e+02
1	0	13	46	2.1407655e+02
1	0	13	47	9.7615570e+01
1	0	13	48	1.9039769e+02
1	0	13	49	1.7828131e+02
1	0	13	50	1.3830739e+02
1	0	13	51	4.7251962e+02
1	0	13	52	4.9763626e+02
1	0	13	53	3.3091769e+02
1	0	13	54	3.0528348e+02
1	0	13	55	3.5067557e+02
1	0	13	56	3.8243167e+02
1	0	13	57	2.8519562e+02
1	0	13	58	2.8324738e+02
1	0	13	59	2.2807039e+02
1	0	13	60	2.4099016e+02
1	0	13	61	2.7437173e+02
1	0	13	62	3.9758493e+02
1	0	13	63	2.9971295e+02
1	0	14	0	1.3108822e+01
1	0	14	1	1.9227617e+01
1	0	14	2	-5.0928699e+01
1	0	14	3	-9.3796638e+01
1	0	14	4	-6.5613426e+01
1	0	14	5	-1.3287283e+01
1	0	14	6	-7.3598106e+01
1	0	14	7	1.4744653e+01
1	0	14	8	-3.6500500e+01
1	0	14	9	-1.4020320e+02
1	0	14	10	-4.5141563e+01
1	0	14	11	-7.0752419e+01
1	0	14	12	-1.6437158e+02
1	0	14	13	-5.4484375e+01
1	0	14	14	-4.6618423e+01
1	0	14	15	-2.6487185e+01
1	0	14	16	-9.7489563e+01
1	0	14	17	-1.0388052e+02
1	0	14	18	-1.6957303e+02
1	0	14	19	-8.5056664e+01
1	0	14	20	-1.0567130e+02
1	0	14	21	-5.9543190e+01
1	0	14	22	-1.9647647e+02
1	0	14	23	-6.1169224e+01
1	0	14	24	-1.8107153e+02
1	0	14	25	-1.8345444e+02
1	0	14	26	-2.2204662e+02
1	0	14	27	-2.6614337e+02
1	0	14	28	-9.7435387e+01
1	0	14	29	-1.4053764e+02
1	0	14	30	-1.2569492e+02
1	0	14	31	-1.9237540e+02
1	0	14	32	-1.7619246e+02
1	0	14	33	-1.9765178e+02
1	0	14	34	1.5693022e+02
1	0	14	35	1.1713506e+02
1	0	14	36	9.0880363e+01
1	0	14	37	2.2040080e+02
1	0	14	38	1.5412981e+02
1	0	14	39	1.9304865e+02
1	0	14	40	1.9454404e+02
1	0	14	41	1.8910512e+02
1	0	14	42	2.5208595e+02
1	0	14	43	2.6377103e+02
1	0	14	44	2.7239691e+02
1	0	14	45	2.7649164e+02
1	0	14	46	2.0424693e+02
1	0	14	47	2.5287679e+02
1	0	14	48	2.8870435e+02
1	0	14	49	2.9716635e+02
1	0	14	50	2.4889386e+02
1	0	14	51	5.2918298e+02
1	0	14	52	4.1854819e+02
1	0	14	53	3.8066949e+02
1	0	14	54	3.9186905e+02
1	0	14	55	4.4532294e+02
1	0	14	56	4.8639075e+02
1	0	14	57	4.3435275e+02
1	0	14	58	3.7304520e+02
1	0	14	59	3.9749554e+02
1	0	14	60	3.2630600e+02
1	0	14	61	2.2965999e+02
1	0	14	62	2.5448274e+02
1	0	14	63	4.0551004e+02
1	0	15	0	-6.6916107e+01
1	0	15	1	-7.1962600e+00
1	0	15	2	-4.4600990e+01
1	0	15	3	-2.4311867e+01
1	0	15	4	-8.6663734e+01
1	0	15	5	8.8419945e+01
1	0	15	6	3.8906502e+01
1	0	15	7	8.6144066e+01
1	0	15	8	-8.9540588e+01
1	0	15	9	-5.4008617e+01
1	0	15	10	-6.7017853e+01
1	0	15	11	-7.6732697e+01
1	0	15	12	-5.6123118e+00
1	0	15	13	4.0523502e+01
1	0	15	14	-3.0387115e+01
1	0	15	15	-4.8403992e+01
1	0	15	16	-6.6394958e+01
1	0	15	17	-7.0305473e+01
1	0	15	18	-8.8903473e+01
1	0	15	19	-1.0109740e+02
1	0	15	20	-7.3828552e+01
1	0	15	21	-3.7592049e+01
1	0	15	22	1.0712381e+01
1	0	15	23	1.3429235e+00
1	0	15	24	-4.1960106e+00
1	0	15	25	-8.9567078e+01
1	0	15	26	-1.0115112e+02
1	0	15	27	-2.1567307e+02
1	0	15	28	-3.2794186e+01
1	0	15	29	1.3186460e+01
1	0	15	30	-7.0043518e+01
1	0	15	31	-1.1087289e+02
1	0	15	32	-1.0082285e+02
1	0	15	33	-1.2419991e+02
1	0	15	34	2.5523500e+02
1	0	15	35	2.4174696e+02
1	0	15	36	3.1750653e+02
1	0	15	37	1.8489482e+02
1	0	15	38	2.0500050e+02
1	0	15	39	3.1004587e+02
1	0	15	40	3.8856772e+02
1	0	15	41	1.8382819e+02
1	0	15	42	2.9660635e+02
1	0	15	43	3.2264288e+02
1	0	15	44	3.7349524e+02
1	0	15	45	3.3944461e+02
1	0	15	46	4.0837799e+02
1	0	15	47	3.3723297e+02
1	0	15	48	3.8991306e+02
1	0	15	49	3.2013971e+02
1	0	15	50	3.5636560e+02
1	0	15	51	6.4695874e+02
1	0	15	52	6.6117505e+02
1	0	15	53	3.9639691e+02
1	0	15	54	5.0477448e+02
1	0	15	55	4.4098270e+02
1	0	15	56	5.6664606e+02
1	0	15	57	5.5488593e+02
1	0	15	58	3.3665186e+02
1	0	15	59	4.1840436e+02
1	0	15	60	4.8850400e+02
1	0	15	61	4.5069495e+02
1	0	15	62	4.1258673e+02
1	0	15	63	5.5351453e+02
1	1	0	0	-1.7503662e+02
1	1	0	1	-2.7345578e+02
1	1	0	2	-1.4601678e+02
1	1	0	3	-2.9651099e+02
1	1	0	4	-7.8808220e+01
1	1	0	5	-1.8626797e+02
1	1	0	6	-1.9994202e+02
1	1	0	7	-3.4464011e+02
1	1	0	8	-2.8095761e+02
1	1	0	9	-2.4022680e+01
1	1	0	10	-3.7128659e+02
1	1	0	11	-1.0482111e+02
1	1	0	12	-1.7388797e+02
1	1	0	13	-2.7333670e+02
1	1	0	14	-2.3565829e+02
1	1	0	15	-2.8059668e+02
1	1	0	16	-3.6739725e+02
1	1	0	17	-3.7363516e+02
1	1	0	18	-2.9921802e+02
1	1	0	19	-3.6260950e+02
1	1	0	20	-3.0759634e+02
1	1	0	21	-3.2273929e+02
1	1	0	22	-3.6489713e+02
1	1	0	23	-4.5875165e+02
1	1	0	24	-2.9438974e+02
1	1	0	25	-2.5136345e+02
1	1	0	26	-2.8196429e+02
1	1	0	27	-1.5034418e+02
1	1	0	28	-3.0604471e+02
1	1	0	29	-2.0872061e+02
1	1	0	30	-1.1900349e+02
1	1	0	31	-1.2100697e+02
1	1	0	32	-1.7897438e+02
1	1	0	33	-2.3773491e+02
1	1	0	34	1.8796996e+02
1	1	0	35	2.4777898e+02
1	1	0	36	2.3899438e+02
1	1	0	37	2.7646487e+02
1	1	0	38	2.0987135e+02
1	1	0	39	2.8725336e+02
1	1	0	40	2.2389807e+02
1	1	0	41	2.2161681e+02
1	1	0	42	2.8609805e+02
1	1	0	43	2.8617984e+02
1	1	0	44	2.3890712e+02
1	1	0	45	2.9103314e+02
1	1	0	46	1.6287372e+02
1	1	0	47	2.6760312e+02
1	1	0	48	2.8208301e+02
1	1	0	49	2.3850929e+02
1	1	0	50	2.4317596e+02
1	1	0	51	6.0270050e+02
1	1	0	52	5.5140784e+02
1	1	0	53	3.5846365e+02
1	1	0	54	4.0148615e+02
1	1	0	55	3.9821558e+02
1	1	0	56	4.9127628e+02
1	1	0	57	4.7098270e+02
1	1	0	58	3.7072055e+02
1	1	0	59	3.7255579e+02
1	1	0	60	4.3149118e+02
1	1	0	61	3.7186649e+02
1	1	0	62	2.8639722e+02
1	1	0	63	4.5424631e+02
1	1	1	0	1.8595691e+02
1	1	1	1	1.0528431e+02
1	1	1	2	6.1586300e+01
1	1	1	3	1.4139197e+02
1	1	1	4	8.4003563e+01
1	1	1	5	1.8117014e+02
1	1	1	6	1.3231920e+02
1	1	1	7	1.6897345e+02
1	1	1	8	9.7065926e+01
1	1	1	9	9.2629005e+01
1	1	1	10	1.2296939e+01
1	1	1	11	7.5259323e+01
1	1	1	12	8.8745125e+01
1	1	1	13	9.7941811e+01
1	1	1	14	6.0884312e+01
1	1	1	15	1.6268889e+02
1	1	1	16	5.9964870e+01
1	1	1	17	7.6345558e+01
1	1	1	18	1.0433214e+02
1	1	1	19	1.0213857e+02
1	1	1	20	2.7001068e+01
1	1	1	21	7.9264481e+01
1	1	1	22	1.3051265e+02
1	1	1	23	4.7222668e+01
1	1	1	24	-1.1090924e+02
1	1	1	25	9.7058067e+01
1	1	1	26	6.3650444e+01
1	1	1	27	-1.7818684e+01
1	1	1	28	7.3367317e+01
1	1	1	29	1.5571083e+01
1	1	1	30	4.8248932e+01
1	1	1	31	-2.8818029e+01
1	1	1	32	-1.5126344e+01
1	1	1	33	-1.2459058e+00
1	1	1	34	3.3402231e+02
1	1	1	35	2.1228667e+02
1	1	1	36	3.7936148e+02
1	1	1	37	2.9663733e+02
1	1	1	38	3.7829242e+02
1	1	1	39	2.5242874e+02
1	1	1	40	2.3497954e+02
1	1	1	41	2.4616476e+02
1	1	1	42	2.2969321e+02
1	1	1	43	2.1305046e+02
1	1	1	44	2.4176184e+02
1	1	1	45	1.4042403e+02
1	1	1	46	1.6297672e+02
1	1	1	47	7.3349556e+01
1	1	1	48	1.1679527e+02
1	1	1	49	1.7242802e+02
1	1	1	50	2.0186276e+02
1	1	1	51	4.1529132e+02
1	1	1	52	5.1086279e+02
1	1	1	53	3.5385883e+02
1	1	1	54	3.1523532e+02
1	1	1	55	2.7347391e+02
1	1	1	56	3.2356393e+02
1	1	1	57	3.4654459e+02
1	1	1	58	5.1199664e+02
1	1	1	59	2.6839871e+02
1	1	1	60	3.9747800e+02
1	1	1	61	3.2710144e+02
1	1	1	62	4.6493829e+02
1	1	1	63	3.6884311e+02
1	1	2	0	-8.1408302e+01
1	1	2	1	-2.0236507e+02
1	1	2	2	-1.5010127e+02
1	1	2	3	-1.1784677e+02
1	1	2	4	-2.1484401e+02
1	1	2	5	-2.1660088e+02
1	1	2	6	-2.4324193e+02
1	1	2	7	-8.8797089e+01
1	1	2	8	-9.7466072e+01
1	1	2	9	-2.4275688e+02
1	1	2	10	-2.4334752e+02
1	1	2	11	-2.3713469e+02
1	1	2	12	-2.6488504e+02
1	1	2	13	-2.6932501e+02
1	1	2	14	-1.2108191e+02
1	1	2	15	-1.3592133e+02
1	1	2	16	-1.9604424e+02
1	1	2	17	-2.5895889e+02
1	1	2	18	-2.5618433e+02
1	1	2	19	-3.2824353e+02
1	1	2	20	-2.1940515e+02
1	1	2	21	-2.0464119e+02
1	1	2	22	-2.3194402e+02
1	1	2	23	-2.4130856e+02
1	1	2	24	-3.1889948e+02
1	1	2	25	-2.7209387e+02
1	1	2	26	-2.5854330e+02
1	1	2	27	-2.8777606e+02
1	1	2	28	-2.5425041e+02
1	1	2	29	-3.7606754e+02
1	1	2	30	-3.3872641e+02
1	1	2	31	-3.2515759e+02
1	1	2	32	-3.4277640e+02
1	1	2	33	-2.4091957e+02
1	1	2	34	4.7095703e+01
1	1	2	35	-2.1007607e+01
1	1	2	36	5.9570297e+01
1	1	2	37	6.9785118e+01
1	1	2	38	1.8350695e+01
1	1	2	39	4.6735043e+01
1	1	2	40	1.3309023e+02
1	1	2	41	-2.7275085e+01
1	1	2	42	1.1551022e+02
1	1	2	43	1.4176277e+02
1	1	2	44	5.3113113e+01
1	1	2	45	9.6937851e+01
1	1	2	46	4.5848587e+01
1	1	2	47	5.8644787e+01
1	1	2	48	8.8123886e+01
1	1	2	49	3.7574154e+01
1	1	2	50	7.0323761e+01
1	1	2	51	4.1148682e+02
1	1	2	52	4.0322610e+02
1	1	2	53	1.9046484e+02
1	1	2	54	2.2877766e+02
1	1	2	55	2.1823993e+02
1	1	2	56	2.6260083e+02
1	1	2	57	2.6376065e+02
1	1	2	58	2.2304721e+02
1	1	2	59	1.8203508e+02
1	1	2	60	2.3423846e+02
1	1	2	61	1.7218906e+02
1	1	2	62	4.5096153e+01
1	1	2	63	2.5216939e+02
1	1	3	0	-6.5026367e+01
1	1	3	1	-3.7116940e+01
1	1	3	2	-6.8885941e+01
1	1	3	3	2.5567978e+01
1	1	3	4	-1.0933852e+02
1	1	3	5	-9.6220493e+00
1	1	3	6	-4.8450875e+00
1	1	3	7	1.9168198e+01
1	1	3	8	4.1644440e+00
1	1	3	9	-3.7218098e+01
1	1	3	10	2.0177662e+01
1	1	3	11	-6.1391106e+01
1	1	3	12	-4.3948063e+01
1	1	3	13	-2.7871866e+01
1	1	3	14	-9.3509117e+01
1	1	3	15	-1.1383464e+00
1	1	3	16	-4.2754383e+01
1	1	3	17	-1.0903815e+01
1	1	3	18	-8.1850830e+01
1	1	3	19	-1.1020082e+02
1	1	3	20	-5.2860119e+01
1	1	3	21	-4.7243237e+01
1	1	3	22	-4.9622341e+01
1	1	3	23	1.4898893e+01
1	1	3	24	-4.8995739e+01
1	1	3	25	-2.8173664e+01
1	1	3	26	-3.9767948e+01
1	1	3	27	-1.0318459e+02
1	1	3	28	-7.5286217e+00
1	1	3	29	-9.4180466e+01
1	1	3	30	-9.2233788e+01
1	1	3	31	-1.9106108e+02
1	1	3	32	-1.0358521e+02
1	1	3	33	-1.1327711e+02
1	1	3	34	1.7513782e+02
1	1	3	35	1.2612811e+02
1	1	3	36	2.0117590e+02
1	1	3	37	3.2343579e+02
1	1	3	38	2.3595015e+02
1	1	3	39	2.6694974e+02
1	1	3	40	3.8011572e+02
1	1	3	41	3.1773303e+02
1	1	3	42	3.8261868e+02
1	1	3	43	2.9285135e+02
1	1	3	44	3.0116000e+02
1	1	3	45	2.6162784e+02
1	1	3	46	3.3525113e+02
1	1	3	47	3.3259232e+02
1	1	3	48	2.8875516e+02
1	1	3	49	2.2701334e+02
1	1	3	50	2.9917303e+02
1	1	3	51	5.4918866e+02
1	1	3	52	5.0152277e+02
1	1	3	53	3.2615915e+02
1	1	3	54	4.4230991e+02
1	1	3	55	3.9296268e+02
1	1	3	56	5.1052124e+02
1	1	3	57	5.1951318e+02
1	1	3	58	4.2240906e+02
1	1	3	59	4.7228854e+02
1	1	3	60	4.3338367e+02
1	1	3	61	4.2380692e+02
1	1	3	62	3.7486081e+02
1	1	3	63	5.1616846e+02
1	1	4	0	-6.8247032e+01
1	1	4	1	-1.4904729e+02
1	1	4	2	-1.6273747e+02
1	1	4	3	-8.1049240e+01
1	1	4	4	-2.1860674e+02
1	1	4	5	-1.4625391e+02
1	1	4	6	-2.0007437e+02
1	1	4	7	-1.2662389e+02
1	1	4	8	-1.7737083e+02
1	1	4	9	-2.1466933e+02
1	1	4	10	-2.2483591e+02
1	1	4	11	-1.6175917e+02
1	1	4	12	-1.9694235e+02
1	1	4	13	-1.8088516e+02
1	1	4	14	-9.0030067e+01
1	1	4	15	-1.8261240e+02
1	1	4	16	-2.2151694e+02
1	1	4	17	-2.4951764e+02
1	1	4	18	-1.3707143e+02
1	1	4	19	-2.1696165e+02
1	1	4	20	-1.7893842e+02
1	1	4	21	-1.9145651e+02
1	1	4	22	-2.0174489e+02
1	1	4	23	-2.1641162e+02
1	1	4	24	-2.5277003e+02
1	1	4	25	-2.4244937e+02
1	1	4	26	-2.3009180e+02
1	1	4	27	-2.6140961e+02
1	1	4	28	-2.0117229e+02
1	1	4	29	-2.9243161e+02
1	1	4	30	-2.8055597e+02
1	1	4	31	-3.2237054e+02
1	1	4	32	-2.6802679e+02
1	1	4	33	-3.4383640e+02
1	1	4	34	8.3777952e+00
1	1	4	35	3.9977005e+01
1	1	4	36	-1.2210752e+01
1	1	4	37	2.6859677e+00
1	1	4	38	-2.0624957e+00
1	1	4	39	2.1405500e+01
1	1	4	40	3.0466997e+01
1	1	4	41	-2.7971937e+01
1	1	4	42	1.1059798e+02
1	1	4	43	1.2252572e+02
1	1	4	44	1.0954368e+02
1	1	4	45	7.8724640e+01
1	1	4	46	1.1318749e+02
1	1	4	47	1.2915273e+02
1	1	4	48	1.4596082e+02
1	1	4	49	1.2090639e+02
1	1	4	50	1.0694181e+02
1	1	4	51	3.9431714e+02
1	1	4	52	3.8473434e+02
1	1	4	53	2.4207544e+02
1	1	4	54	1.7095148e+02
1	1	4	55	2.8577359e+02
1	1	4	56	3.5974072e+02
1	1	4	57	2.5303683e+02
1	1	4	58	1.9296619e+02
1	1	4	59	1.8614047e+02
1	1	4	60	2.8736276e+02
1	1	4	61	1.3948090e+02
1	1	4	62	1.7999744e+02
1	1	4	63	2.6199380e+02
1	1	5	0	5.1573898e+01
1	1	5	1	-7.7848602e+01
1	1	5	2	-2.2616437e+02
1	1	5	3	-1.3623891e+02
1	1	5	4	-1.2272587e+02
1	1	5	5	-2.5322432e+01
1	1	5	6	-4.1165508e+01
1	1	5	7	-7.4438214e+00
1	1	5	8	-1.1531962e+02
1	1	5	9	-8.1095116e+01
1	1	5	10	1.0604205e+01
1	1	5	11	-7.5547592e+01
1	1	5	12	-1.5626027e+02
1	1	5	13	-1.5811754e+02
1	1	5	14	-2.0212761e+02
1	1	5	15	-6.3755596e+01
1	1	5	16	-1.1872994e+02
1	1	5	17	-1.3363092e+01
1	1	5	18	-8.5599136e+01
1	1	5	19	-1.6524959e+02
1	1	5	20	-1.4150621e+02
1	1	5	21	-1.1403442e+02
1	1	5	22	-8.1952881e+01
1	1	5	23	-1.5973924e+02
1	1	5	24	-2.2438516e+02
1	1	5	25	-2.2620309e+02
1	1	5	26	-1.5267041e+02
1	1	5	27	-1.8473410e+02
1	1	5	28	-1.3877901e+02
1	1	5	29	-1.9689156e+02
1	1	5	30	-1.1961488e+02
1	1	5	31	-2.3061667e+02
1	1	5	32	-2.1732654e+02
1	1	5	33	-1.4888165e+02
1	1	5	34	1.7577043e+02
1	1	5	35	1.5103023e+02
1	1	5	36	2.4042216e+02
1	1	5	37	2.5997101e+02
1	1	5	38	1.9803505e+02
1	1	5	39	1.9680092e+02
1	1	5	40	2.7526541e+02
1	1	5	41	1.8365770e+02
1	1	5	42	2.1126421e+02
1	1	5	43	2.2747406e+02
1	1	5	44	2.0476138e+02
1	1	5	45	2.5748361e+02
1	1	5	46	2.9033200e+02
1	1	5	47	2.7858463e+02
1	1	5	48	2.9323950e+02
1	1	5	49	2.9189005e+02
1	1	5	50	2.5826556e+02
1	1	5	51	5.0851093e+02
1	1	5	52	5.5340424e+02
1	1	5	53	4.1603671e+02
1	1	5	54	3.9553778e+02
1	1	5	55	3.9641263e+02
1	1	5	56	3.5300171e+02
1	1	5	57	4.1901456e+02
1	1	5	58	3.6027832e+02
1	1	5	59	4.0847952e+02
1	1	5	60	3.1930194e+02
1	1	5	61	3.3565887e+02
1	1	5	62	2.9719357e+02
1	1	5	63	4.2256482e+02
1	1	6	0	-1.9302438e+02
1	1	6	1	-2.6970267e+02
1	1	6	2	-2.9501410e+02
1	1	6	3	-1.9113170e+02
1	1	6	4	-3.3033371e+02
1	1	6	5	-3.1540527e+02
1	1	6	6	-3.5878296e+02
1	1	6	7	-2.0372537e+02
1	1	6	8	-2.6190344e+02
1	1	6	9	-2.7389804e+02
1	1	6	10	-3.6705719e+02
1	1	6	11	-2.5673730e+02
1	1	6	12	-2.9046310e+02
1	1	6	13	-2.4213657e+02
1	1	6	14	-2.0673346e+02
1	1	6	15	-3.2782837e+02
1	1	6	16	-2.3705260e+02
1	1	6	17	-3.0789240e+02
1	1	6	18	-2.8204852e+02
1	1	6	19	-3.1156531e+02
1	1	6	20	-2.8494312e+02
1	1	6	21	-2.5484943e+02
1	1	6	22	-3.2833383e+02
1	1	6	23	-2.5969553e+02
1	1	6	24	-3.3746457e+02
1	1	6	25	-3.4892896e+02
1	1	6	26	-3.5252289e+02
1	1	6	27	-3.6299591e+02
1	1	6	28	-3.1783847e+02
1	1	6	29	-3.4558282e+02
1	1	6	30	-3.6180533e+02
1	1	6	31	-3.7076163e+02
1	1	6	32	-4.9158774e+02
1	1	6	33	-3.6804462e+02
1	1	6	34	-6.3552670e+00
1	1	6	35	4.9449829e+01
1	1	6	36	5.9767685e+01
1	1	6	37	4.3203438e+01
1	1	6	38	-6.3969200e+01
1	1	6	39	1.3577804e+01
1	1	6	40	6.8208394e+00
1	1	6	41	-6.5492386e+01
1	1	6	42	2.6181543e+01
1	1	6	43	9.3689682e+01
1	1	6	44	1.7620323e+01
1	1	6	45	1.5127697e+01
1	1	6	46	1.1638892e+02
1	1	6	47	-1.2444492e+01
1	1	6	48	6.6043724e+01
1	1	6	49	7.2514915e+01
1	1	6	50	4.5248150e+01
1	1	6	51	3.4282242e+02
1	1	6	52	3.7142032e+02
1	1	6	53	6.1273594e+01
1	1	6	54	1.5573766e+02
1	1	6	55	1.9125397e+02
1	1	6	56	2.7999994e+02
1	1	6	57	2.4817947e+02
1	1	6	58	2.0370406e+02
1	1	6	59	1.8535318e+02
1	1	6	60	2.1323810e+02
1	1	6	61	1.2690275e+02
1	1	6	62	1.4842436e+02
1	1	6	63	2.3852199e+02
1	1	7	0	-2.0674580e+01
1	1	7	1	-8.3507957e+01
1	1	7	2	-1.6057014e+02
1	1	7	3	-1.2514900e+02
1	1	7	4	-1.2643463e+02
1	1	7	5	-2.7534435e+01
1	1	7	6	-1.8585487e+02
1	1	7	7	-4.2821903e+01
1	1	7	8	-1.1546128e+02
1	1	7	9	-1.3736891e+02
1	1	7	10	-1.0847765e+02
1	1	7	11	-2.1783914e+02
1	1	7	12	-1.8683159e+02
1	1	7	13	-1.0875803e+02
1	1	7	14	-2.2807848e+02
1	1	7	15	-9.7744827e+01
1	1	7	16	-2.0406335e+02
1	1	7	17	-2.1805508e+02
1	1	7	18	-1.9272327e+02
1	1	7	19	-1.6495796e+02
1	1	7	20	-1.8110728e+02
1	1	7	21	-1.8993648e+02
1	1	7	22	-9.1620926e+01
1	1	7	23	-8.5892860e+01
1	1	7	24	-1.5564005e+02
1	1	7	25	-6.5828285e+01
1	1	7	26	-1.8434485e+02
1	1	7	27	-2.3790085e+02
1	1	7	28	-1.4670908e+02
1	1	7	29	-1.6641243e+02
1	1	7	30	-2.1485719e+02
1	1	7	31	-2.3987685e+02
1	1	7	32	-2.0857506e+02
1	1	7	33	-2.2061731e+02
1	1	7	34	1.7889061e+02
1	1	7	35	1.0406714e+02
1	1	7	36	1.8078871e+02
1	1	7	37	7.8809975e+01
1	1	7	38	1.7400024e+02
1	1	7	39	2.3567200e+02
1	1	7	40	2.7743536e+02
1	1	7	41	1.9488974e+02
1	1	7	42	2.4823834e+02
1	1	7	43	1.8024295e+02
1	1	7	44	3.1508777e+02
1	1	7	45	1.1842243e+02
1	1	7	46	3.0222122e+02
1	1	7	47	1.8735925e+02
1	1	7	48	2.6006055e+02
1	1	7	49	2.6149017e+02
1	1	7	50	1.6304985e+02
1	1	7	51	4.2988901e+02
1	1	7	52	5.2710425e+02
1	1	7	53	3.8745856e+02
1	1	7	54	3.4627634e+02
1	1	7	55	3.1918481e+02
1	1	7	56	5.0515842e+02
1	1	7	57	3.1959213e+02
1	1	7	58	3.0367078e+02
1	1	7	59	2.9306628e+02
1	1	7	60	4.0980463e+02
1	1	7	61	3.4917291e+02
1	1	7	62	3.5819531e+02
1	1	7	63	3.1749619e+02
1	1	8	0	-1.0584820e+02
1	1	8	1	-2.9794583e+02
1	1	8	2	-1.6140416e+02
1	1	8	3	-1.4681296e+02
1	1	8	4	-2.9483780e+02
1	1	8	5	-2.4405421e+02
1	1	8	6	-3.0440564e+02
1	1	8	7	-1.4312700e+02
1	1	8	8	-2.4199808e+02
1	1	8	9	-2.9229364e+02
1	1	8	10	-2.2872403e+02
1	1	8	11	-3.5586331e+02
1	1	8	12	-3.0258493e+02
1	1	8	13	-2.6878461e+02
1	1	8	14	-1.7651892e+02
1	1	8	15	-2.3278606e+02
1	1	8	16	-2.6085956e+02
1	1	8	17	-2.8768155e+02
1	1	8	18	-2.1666368e+02
1	1	8	19	-3.0661099e+02
1	1	8	20	-2.5202634e+02
1	1	8	21	-2.4921091e+02
1	1	8	22	-2.6155389e+02
1	1	8	23	-3.1368250e+02
1	1	8	24	-3.7577100e+02
1	1	8	25	-3.1859869e+02
1	1	8	26	-3.2998206e+02
1	1	8	27	-3.8461963e+02
1	1	8	28	-2.9019888e+02
1	1	8	29	-5.3212128e+02
1	1	8	30	-4.0553687e+02
1	1	8	31	-4.0841678e+02
1	1	8	32	-4.2206259e+02
1	1	8	33	-3.9022809e+02
1	1	8	34	-1.2522655e+02
1	1	8	35	-7.5937958e+01
1	1	8	36	-6.2198425e+01
1	1	8	37	-9.2730911e+01
1	1	8	38	-1.3620412e+02
1	1	8	39	-7.0641968e+01
1	1	8	40	-3.8875881e+01
1	1	8	41	-4.0097221e+01
1	1	8	42	-6.9313507e+01
1	1	8	43	5.2189250e+00
1	1	8	44	1.0992896e+01
1	1	8	45	-3.0633213e+01
1	1	8	46	2.1986254e+01
1	1	8	47	-5.8453705e+01
1	1	8	48	-1.9061640e+01
1	1	8	49	-7.1016701e+01
1	1	8	50	-3.3183918e+01
1	1	8	51	2.8960571e+02
1	1	8	52	2.7569772e+02
1	1	8	53	2.4090275e+01
1	1	8	54	6.9298470e+01
1	1	8	55	1.5674815e+02
1	1	8	56	2.8466653e+02
1	1	8	57	3.4894325e+01
1	1	8	58	1.3879143e+02
1	1	8	59	1.1234476e+02
1	1	8	60	2.2687854e+02
1	1	8	61	-5.8378634e+00
1	1	8	62	5.8376289e+01
1	1	8	63	2.3366179e+01
1	1	9	0	-1.8074321e+02
1	1	9	1	-2.9979944e+02
1	1	9	2	-2.3904161e+02
1	1	9	3	-2.8561624e+02
1	1	9	4	-2.9870306e+02
1	1	9	5	-1.3765091e+02
1	1	9	6	-1.8485202e+02
1	1	9	7	-1.6757875e+02
1	1	9	8	-2.3704817e+02
1	1	9	9	-2.8150778e+02
1	1	9	10	-2.6477240e+02
1	1	9	11	-2.7270135e+02
1	1	9	12	-2.7959039e+02
1	1	9	13	-2.0369081e+02
1	1	9	14	-2.8513486e+02
1	1	9	15	-2.0365306e+02
1	1	9	16	-3.0985687e+02
1	1	9	17	-3.0006445e+02
1	1	9	18	-3.7046274e+02
1	1	9	19	-3.0281467e+02
1	1	9	20	-2.8984827e+02
1	1	9	21	-2.8332623e+02
1	1	9	22	-3.5704608e+02
1	1	9	23	-2.7198639e+02
1	1	9	24	-3.0123193e+02
1	1	9	25	-3.2908273e+02
1	1	9	26	-3.1827826e+02
1	1	9	27	-3.2515231e+02
1	1	9	28	-3.0025415e+02
1	1	9	29	-3.4948941e+02
1	1	9	30	-3.1258334e+02
1	1	9	31	-3.2935684e+02
1	1	9	32	-3.3331961e+02
1	1	9	33	-3.5923386e+02
1	1	9	34	-1.0180522e+02
1	1	9	35	3.1711082e+01
1	1	9	36	7.3266579e+01
1	1	9	37	-2.7677410e+01
1	1	9	38	1.8587717e+01
1	1	9	39	7.9455574e+01
1	1	9	40	1.8515811e+02
1	1	9	41	1.0316525e+02
1	1	9	42	2.0456740e+02
1	1	9	43	1.4768581e+02
1	1	9	44	2.2983025e+02
1	1	9	45	9.0689102e+01
1	1	9	46	1.8783504e+02
1	1	9	47	1.6688391e+02
1	1	9	48	2.3563048e+02
1	1	9	49	8.0047951e+01
1	1	9	50	2.1995540e+02
1	1	9	51	3.6200320e+02
1	1	9	52	4.7655469e+02
1	1	9	53	2.6390311e+02
1	1	9	54	3.1930753e+02
1	1	9	55	3.4906653e+02
1	1	9	56	3.2517007e+02
1	1	9	57	3.3305539e+02
1	1	9	58	1.0939086e+02
1	1	9	59	2.2683878e+02
1	1	9	60	3.9832562e+02
1	1	9	61	1.2279038e+02
1	1	9	62	1.4383984e+02
1	1	9	63	3.8518268e+02
1	1	10	0	8.2519102e+00
1	1	10	1	-2.1782610e+01
1	1	10	2	-1.7601542e+01
1	1	10	3	-2.1225897e+01
1	1	10	4	-1.9347440e+02
1	1	10	5	-6.5735680e+01
1	1	10	6	-1.4390855e+02
1	1	10	7	-1.4850710e+01
1	1	10	8	-8.8711838e+01
1	1	10	9	-5.8878048e+01
1	1	10	10	-6.9200821e+01
1	1	10	11	-4.5506390e+01
1	1	10	12	-1.5293454e+02
1	1	10	13	-1.0505520e+02
1	1	10	14	-9.0234268e+01
1	1	10	15	-9.8307205e+01
1	1	10	16	-8.8210106e+01
1	1	10	17	-1.7489178e+02
1	1	10	18	-7.8545517e+01
1	1	10	19	-1.0103883e+02
1	1	10	20	-1.2421682e+02
1	1	10	21	-6.5451340e+01
1	1	10	22	-1.5623389e+02
1	1	10	23	-7.3641083e+01
1	1	10	24	-1.1652283e+02
1	1	10	25	-1.0956582e+02
1	1	10	26	-1.0714572e+02
1	1	10	27	-2.7502792e+02
1	1	10	28	-1.7236006e+02
1	1	10	29	-1.7616614e+02
1	1	10	30	-1.7446895e+02
1	1	10	31	-2.3861235e+02
1	1	10	32	-2.0913428e+02
1	1	10	33	-2.0865875e+02
1	1	10	34	1.4089496e+02
1	1	10	35	9.9751839e+01
1	1	10	36	1.4288710e+02
1	1	10	37	1.2777040e+02
1	1	10	38	1.4296565e+02
1	1	10	39	1.5870760e+02
1	1	10	40	1.2165007e+02
1	1	10	41	1.1251757e+02
1	1	10	42	2.0088080e+02
1	1	10	43	1.8242850e+02
1	1	10	44	2.9646774e+02
1	1	10	45	2.0227060e+02
1	1	10	46	1.5657237e+02
1	1	10	47	2.0360204e+02
1	1	10	48	2.8467691e+02
1	1	10	49	2.8430637e+02
1	1	10	50	1.8538263e+02
1	1	10	51	4.9018304e+02
1	1	10	52	5.2762128e+02
1	1	10	53	3.1683536e+02
1	1	10	54	2.6405759e+02
1	1	10	55	4.1359753e+02
1	1	10	56	3.6995395e+02
1	1	10	57	4.0470450e+02
1	1	10	58	3.6802286e+02
1	1	10	59	2.6101910e+02
1	1	10	60	4.1358023e+02
1	1	10	61	1.7344194e+02
1	1	10	62	1.9022191e+02
1	1	10	63	3.4165570e+02
1	1	11	0	3.1613571e+01
1	1	11	1	-1.9333656e+00
1	1	11	2	-9.1989006e+01
1	1	11	3	-3.1077257e+01
1	1	11	4	-1.2912280e+02
1	1	11	5	-6.1558182e+01
1	1	11	6	-7.0623016e+01
1	1	11	7	7.4741982e+01
1	1	11	8	-2.6115925e+01
1	1	11	9	-9.1961731e+01
1	1	11	10	3.8918045e+01
1	1	11	11	-1.1491089e+02
1	1	11	12	-8.6652611e+01
1	1	11	13	-1.1888769e+02
1	1	11	14	-1.1375733e+02
1	1	11	15	-3.4828766e+01
1	1	11	16	-8.7074760e+01
1	1	11	17	-1.3196176e+02
1	1	11	18	-7.0153122e+01
1	1	11	19	-4.8938241e+00
1	1	11	20	-5.8358269e+01
1	1	11	21	-1.7304852e+02
1	1	11	22	-8.4326332e+01
1	1	11	23	-5.7688976e+01
1	1	11	24	-1.3762410e+02
1	1	11	25	-8.0673660e+01
1	1	11	26	-1.5337311e+02
1	1	11	27	-1.7029753e+02
1	1	11	28	-2.1735112e+02
1	1	11	29	-1.1687314e+02
1	1	11	30	-1.5079013e+02
1	1	11	31	-1.1338382e+02
1	1	11	32	-1.7386215e+02
1	1	11	33	-1.9797079e+02
1	1	11	34	2.2303560e+02
1	1	11	35	7.6583885e+01
1	1	11	36	2.9220349e+02
1	1	11	37	3.1494034e+02
1	1	11	38	2.4968459e+02
1	1	11	39	1.7581230e+02
1	1	11	40	2.4286687e+02
1	1	11	41	2.4427969e+02
1	1	11	42	3.4638809e+02
1	1	11	43	2.8805933e+02
1	1	11	44	3.6520410e+02
1	1	11	45	2.8513855e+02
1	1	11	46	3.0574265e+02
1	1	11	47	2.1446463e+02
1	1	11	48	3.3379611e+02
1	1	11	49	3.2733411e+02
1	1	11	50	1.9092480e+02
1	1	11	51	5.2100342e+02
1	1	11	52	5.3869299e+02
1	1	11	53	4.1655899e+02
1	1	11	54	4.0217474e+02
1	1	11	55	4.3089362e+02
1	1	11	56	5.5857361e+02
1	1	11	57	5.0978024e+02
1	1	11	58	3.3664136e+02
1	1	11	59	3.6773599e+02
1	1	11	60	4.8383499e+02
1	1	11	61	2.4831595e+02
1	1	11	62	2.4226654e+02
1	1	11	63	4.7147983e+02
1	1	12	0	-3.6041798e+01
1	1	12	1	-8.0185104e+01
1	1	12	2	-7.8546745e+01
1	1	12	3	-8.2861092e+01
1	1	12	4	-3.2159100e+02
1	1	12	5	-7.2897011e+01
1	1	12	6	-2.3680589e+02
1	1	12	7	-1.7819441e+02
1	1	12	8	-1.6920206e+02
1	1	12	9	-2.9377173e+02
1	1	12	10	-2.1146872e+02
1	1	12	11	-1.7815196e+02
1	1	12	12	-2.1617503e+02
1	1	12	13	-1.7484793e+02
1	1	12	14	-1.2617422e+02
1	1	12	15	-1.2647196e+02
1	1	12	16	-1.5594286e+02
1	1	12	17	-1.9751324e+02
1	1	12	18	-1.4988396e+02
1	1	12	19	-1.5491931e+02
1	1	12	20	-1.0877898e+02
1	1	12	21	-1.6641420e+02
1	1	12	22	-1.9308720e+02
1	1	12	23	-2.6441824e+02
1	1	12	24	-2.8090768e+02
1	1	12	25	-3.0421500e+02
1	1	12	26	-2.8257260e+02
1	1	12	27	-3.1469360e+02
1	1	12	28	-1.9141354e+02
1	1	12	29	-2.9882053e+02
1	1	12	30	-2.7375134e+02
1	1	12	31	-2.8706665e+02
1	1	12	32	-3.2979529e+02
1	1	12	33	-2.5870532e+02
1	1	12	34	5.7296577e+01
1	1	12	35	4.6728008e+01
1	1	12	36	7.5117905e+01
1	1	12	37	6.9012085e+01
1	1	12	38	8.8105919e+01
1	1	12	39	6.8830116e+01
1	1	12	40	1.3112180e+02
1	1	12	41	5.2338337e+01
1	1	12	42	1.5110457e+02
1	1	12	43	1.1931039e+02
1	1	12	44	3.2597351e+02
1	1	12	45	1.0688467e+02
1	1	12	46	1.6114134e+02
1	1	12	47	1.2350658e+02
1	1	12	48	1.4777348e+02
1	1	12	49	1.0516536e+02
1	1	12	50	1.2190577e+01
1	1	12	51	4.4731061e+02
1	1	12	52	4.6582657e+02
1	1	12	53	2.4818169e+02
1	1	12	54	2.7694357e+02
1	1	12	55	3.0941473e+02
1	1	12	56	3.2304733e+02
1	1	12	57	3.3840320e+02
1	1	12	58	3.0434814e+02
1	1	12	59	2.7525003e+02
1	1	12	60	3.1037561e+02
1	1	12	61	2.5742651e+02
1	1	12	62	1.9064810e+02
1	1	12	63	3.6860934e+02
1	1	13	0	-4.3376011e+01
1	1	13	1	-6.0609055e+01
1	1	13	2	-8.1065399e+01
1	1	13	3	-3.4863846e+01
1	1	13	4	-8.6115555e+01
1	1	13	5	2.3414410e+01
1	1	13	6	-7.6641220e+01
1	1	13	7	-4.8412151e+01
1	1	13	8	-1.5407307e+02
1	1	13	9	-7.4156715e+01
1	1	13	10	-4.5430302e+01
1	1	13	11	-7.7976166e+01
1	1	13	12	-1.6841824e+02
1	1	13	13	-7.9327789e+01
1	1	13	14	-2.3718907e+02
1	1	13	15	-3.3364689e+01
1	1	13	16	-1.0486179e+02
1	1	13	17	-7.4561493e+01
1	1	13	18	-1.0122965e+02
1	1	13	19	-3.2292233e+01
1	1	13	20	-2.2461400e+02
1	1	13	21	-1.6324998e+02
1	1	13	22	-1.9713724e+02
1	1	13	23	-5.4458313e+01
1	1	13	24	-2.8798447e+02
1	1	13	25	-1.1444095e+02
1	1	13	26	-1.1555614e+02
1	1	13	27	-1.3893649e+02
1	1	13	28	-1.5262123e+02
1	1	13	29	-1.7271158e+02
1	1	13	30	-2.5985913e+02
1	1	13	31	-1.9622501e+02
1	1	13	32	-2.3037207e+02
1	1	13	33	-2.1065143e+02
1	1	13	34	2.1098595e+02
1	1	13	35	1.4051387e+02
1	1	13	36	2.3195224e+02
1	1	13	37	2.5691351e+02
1	1	13	38	2.3052420e+02
1	1	13	39	2.4758139e+02
1	1	13	40	1.7836887e+02
1	1	13	41	2.2915823e+02
1	1	13	42	2.5560954e+02
1	1	13	43	1.7055045e+02
1	1	13	44	9.5506432e+01
1	1	13	45	2.7232309e+02
1	1	13	46	2.7994772e+02
1	1	13	47	2.7133844e+02
1	1	13	48	3.0440814e+02
1	1	13	49	2.9211292e+02
1	1	13	50	2.7263968e+02
1	1	13	51	5.3220764e+02
1	1	13	52	6.6053845e+02
1	1	13	53	3.6330304e+02
1	1	13	54	4.1604340e+02
1	1	13	55	4.0651208e+02
1	1	13	56	5.1719501e+02
1	1	13	57	4.2576590e+02
1	1	13	58	2.5133734e+02
1	1	13	59	4.0656467e+02
1	1	13	60	4.4324954e+02
1	1	13	61	3.7963556e+02
1	1	13	62	3.6925089e+02
1	1	13	63	4.9252051e+02
1	1	14	0	-2.0928661e+02
1	1	14	1	-2.8373572e+02
1	1	14	2	-1.8589043e+02
1	1	14	3	-2.5434720e+02
1	1	14	4	-1.4971036e+02
1	1	14	5	-1.7639986e+02
1	1	14	6	-1.1395168e+02
1	1	14	7	-3.1220032e+02
1	1	14	8	-2.9270667e+02
1	1	14	9	-8.2860077e+01
1	1	14	10	-4.5680933e+02
1	1	14	11	-5.4454243e+01
1	1	14	12	-2.9769189e+02
1	1	14	13	-2.2805685e+02
1	1	14	14	-3.7489255e+02
1	1	14	15	-4.0780984e+02
1	1	14	16	-4.2034177e+02
1	1	14	17	-4.1127490e+02
1	1	14	18	-4.4332788e+02
1	1	14	19	-3.5241074e+02
1	1	14	20	-4.0240475e+02
1	1	14	21	-4.2760184e+02
1	1	14	22	-3.5787521e+02
1	1	14	23	-3.0595584e+02
1	1	14	24	-3.1318140e+02
1	1	14	25	-2.7802826e+02
1	1	14	26	-4.0139825e+02
1	1	14	27	-1.7563753e+02
1	1	14	28	-2.7070901e+02
1	1	14	29	-2.6368555e+02
1	1	14	30	-1.9027419e+02
1	1	14	31	-1.6399423e+02
1	1	14	32	-1.9972398e+02
1	1	14	33	-2.5919513e+02
1	1	14	34	1.7208228e+02
1	1	14	35	2.1425581e+02
1	1	14	36	1.0086481e+02
1	1	14	37	2.1190355e+02
1	1	14	38	2.0782048e+02
1	1	14	39	2.1891335e+02
1	1	14	40	2.1053568e+02
1	1	14	41	2.8199826e+02
1	1	14	42	2.5354321e+02
1	1	14	43	2.5654547e+02
1	1	14	44	3.1414828e+02
1	1	14	45	2.1284367e+02
1	1	14	46	2.7875760e+02
1	1	14	47	3.0755460e+02
1	1	14	48	2.5921194e+02
1	1	14	49	1.7444377e+02
1	1	14	50	2.4265019e+02
1	1	14	51	6.3904553e+02
1	1	14	52	6.2967926e+02
1	1	14	53	3.8493597e+02
1	1	14	54	3.6168863e+02
1	1	14	55	4.0150238e+02
1	1	14	56	5.2414075e+02
1	1	14	57	4.8440445e+02
1	1	14	58	3.7897571e+02
1	1	14	59	4.6036377e+02
1	1	14	60	4.3652472e+02
1	1	14	61	3.9481503e+02
1	1	14	62	4.0951495e+02
1	1	14	63	4.2559604e+02
1	1	15	0	5.8284153e+01
1	1	15	1	1.5457294e+01
1	1	15	2	2.8387852e+01
1	1	15	3	5.3780849e+01
1	1	15	4	-1.9788984e+01
1	1	15	5	7.5469658e+01
1	1	15	6	5.5660694e+01
1	1	15	7	1.6111797e+02
1	1	15	8	1.0046455e+02
1	1	15	9	4.3178797e+00
1	1	15	10	8.1178940e+01
1	1	15	11	1.6268465e+01
1	1	15	12	-1.0009599e+02
1	1	15	13	6.1791946e+01
1	1	15	14	-3.9015713e+01
1	1	15	15	4.3801403e+01
1	1	15	16	-2.2307615e+01
1	1	15	17	1.8671112e+01
1	1	15	18	-3.4978134e+01
1	1	15	19	-2.5266418e+01
1	1	15	20	-5.2605068e+01
1	1	15	21	-4.4447208e+01
1	1	15	22	1.1082265e+01
1	1	15	23	-1.2934643e+01
1	1	15	24	-3.4873848e+01
1	1	15	25	-1.2252527e+01
1	1	15	26	-4.0193569e+01
1	1	15	27	-9.0870949e+01
1	1	15	28	-7.1177704e+01
1	1	15	29	-1.1924276e+02
1	1	15	30	-7.2889893e+01
1	1	15	31	-8.7955116e+01
1	1	15	32	-8.9600685e+01
1	1	15	33	-9.9073662e+01
1	1	15	34	1.8796051e+02
1	1	15	35	2.3958221e+02
1	1	15	36	2.4016208e+02
1	1	15	37	1.3941260e+02
1	1	15	38	3.2082028e+02
1	1	15	39	1.5787035e+02
1	1	15	40	1.8703378e+02
1	1	15	41	1.3162175e+02
1	1	15	42	2.1937416e+02
1	1	15	43	1.5407109e+02
1	1	15	44	1.6848064e+02
1	1	15	45	1.4433691e+02
1	1	15	46	1.1210547e+02
1	1	15	47	8.0592735e+01
1	1	15	48	9.6090813e+01
1	1	15	49	5.8627037e+01
1	1	15	50	1.9557104e+02
1	1	15	51	3.2646289e+02
1	1	15	52	4.5315714e+02
1	1	15	53	2.1259778e+02
1	1	15	54	2.7872720e+02
1	1	15	55	2.6901355e+02
1	1	15	56	3.1842963e+02
1	1	15	57	3.7564856e+02
1	1	15	58	3.4324146e+02
1	1	15	59	2.2001068e+02
1	1	15	60	3.1058566e+02
1	1	15	61	2.3085841e+02
1	1	15	62	2.9030731e+02
1	1	15	63	3.2088364e+02
1	2	0	0	1.5596118e+02
1	2	0	1	6.4079292e+01
1	2	0	2	1.6431697e+02
1	2	0	3	1.0981949e+02
1	2	0	4	1.4017554e+02
1	2	0	5	1.1194147e+02
1	2	0	6	4.5720505e+01
1	2	0	7	1.2712070e+02
1	2	0	8	6.5959274e+01
1	2	0	9	1.4276207e+02
1	2	0	10	8.3980141e+01
1	2	0	11	1.0669422e+02
1	2	0	12	5.0893021e+01
1	2	0	13	1.2845381e+02
1	2	0	14	1.0511367e+02
1	2	0	15	6.3409523e+01
1	2	0	16	1.1321801e+01
1	2	0	17	5.7275730e+01
1	2	0	18	1.8652897e+01
1	2	0	19	2.2486801e+01
1	2	0	20	8.3902321e+01
1	2	0	21	7.9244049e+01
1	2	0	22	6.5138458e+01
1	2	0	23	3.4873699e+01
1	2	0	24	9.0161705e+01
1	2	0	25	9.8596191e+01
1	2	0	26	2.1030113e+01
1	2	0	27	5.6114073e+00
1	2	0	28	8.2329147e+01
1	2	0	29	4.0566639e+01
1	2	0	30	8.5664268e+01
1	2	0	31	2.2283394e+01
1	2	0	32	7.7331856e+01
1	2	0	33	5.8645992e+01
1	2	0	34	2.8396469e+02
1	2	0	35	4.2672330e+02
1	2	0	36	4.3037259e+02
1	2	0	37	4.2784698e+02
1	2	0	38	3.9090161e+02
1	2	0	39	4.3436685e+02
1	2	0	40	4.6710324e+02
1	2	0	41	3.1598093e+02
1	2	0	42	3.7506552e+02
1	2	0	43	4.6541934e+02
1	2	0	44	4.4829657e+02
1	2	0	45	3.8115445e+02
1	2	0	46	4.3729156e+02
1	2	0	47	4.2462863e+02
1	2	0	48	4.1455457e+02
1	2	0	49	4.4750177e+02
1	2	0	50	4.6190448e+02
1	2	0	51	7.3443536e+02
1	2	0	52	6.8083777e+02
1	2	0	53	5.1125546e+02
1	2	0	54	4.9697858e+02
1	2	0	55	5.4636188e+02
1	2	0	56	6.1678613e+02
1	2	0	57	6.4685352e+02
1	2	0	58	5.0049698e+02
1	2	0	59	5.9092761e+02
1	2	0	60	5.2943774e+02
1	2	0	61	4.9426486e+02
1	2	0	62	4.0657797e+02
1	2	0	63	4.9070306e+02
1	2	1	0	1.8817770e+02
1	2	1	1	3.5647400e+01
1	2	1	2	3.5566387e+01
1	2	1	3	1.6736143e+02
1	2	1	4	5.8236423e+01
1	2	1	5	1.3375412e+02
1	2	1	6	9.9267708e+01
1	2	1	7	1.7353107e+02
1	2	1	8	1.7522212e+02
1	2	1	9	1.6502664e+02
1	2	1	10	1.5216585e+02
1	2	1	11	1.1431113e+02
1	2	1	12	1.2521476e+02
1	2	1	13	1.6848409e+02
1	2	1	14	1.6166185e+02
1	2	1	15	1.3656924e+02
1	2	1	16	7.3828018e+01
1	2	1	17	2.0898834e+01
1	2	1	18	5.5151852e+01
1	2	1	19	3.9844902e+01
1	2	1	20	-5.4005001e+01
1	2	1	21	6.7242447e+01
1	2	1	22	-3.1645608e+00
1	2	1	23	-2.8819925e+01
1	2	1	24	4.5731777e+01
1	2	1	25	1.4258029e+02
1	2	1	26	8.6573929e+01
1	2	1	27	7.3670128e+01
1	2	1	28	1.5731491e+02
1	2	1	29	5.9782276e+01
1	2	1	30	7.5927971e+01
1	2	1	31	-1.3498402e+01
1	2	1	32	8.7705879e+00
1	2	1	33	4.2565235e+01
1	2	1	34	3.7534448e+02
1	2	1	35	2.4344821e+02
1	2	1	36	3.3632364e+02
1	2	1	37	2.6210269e+02
1	2	1	38	4.1133432e+02
1	2	1	39	2.4954785e+02
1	2	1	40	3.8565067e+02
1	2	1	41	3.6486642e+02
1	2	1	42	3.9414972e+02
1	2	1	43	3.1852991e+02
1	2	1	44	4.1981931e+02
1	2	1	45	3.6610184e+02
1	2	1	46	4.1554266e+02
1	2	1	47	3.2926001e+02
1	2	1	48	3.5337622e+02
1	2	1	49	3.8907013e+02
1	2	1	50	2.8922388e+02
1	2	1	51	6.7008636e+02
1	2	1	52	6.6570660e+02
1	2	1	53	4.6367593e+02
1	2	1	54	4.9100473e+02
1	2	1	55	5.5466632e+02
1	2	1	56	5.8645374e+02
1	2	1	57	5.6493555e+02
1	2	1	58	5.7598218e+02
1	2	1	59	4.0038452e+02
1	2	1	60	5.0510294e+02
1	2	1	61	4.7500406e+02
1	2	1	62	5.3679791e+02
1	2	1	63	5.2386444e+02
1	2	2	0	1.0175201e+02
1	2	2	1	5.0288872e+01
1	2	2	2	1.0839578e+02
1	2	2	3	1.2705179e+02
1	2	2	4	-1.7737734e+01
1	2	2	5	8.4567146e+01
1	2	2	6	6.7171310e+01
1	2	2	7	1.9801495e+02
1	2	2	8	1.8781157e+01
1	2	2	9	2.4522629e+00
1	2	2	10	4.2259731e+01
1	2	2	11	7.2701828e+01
1	2	2	12	2.6462381e+01
1	2	2	13	5.7685452e+00
1	2	2	14	5.8205677e+01
1	2	2	15	6.2534863e+01
1	2	2	16	6.7146965e+01
1	2	2	17	-7.4657539e+01
1	2	2	18	7.1873894e+01
1	2	2	19	9.2825890e+00
1	2	2	20	6.4642189e+01
1	2	2	21	4.5854553e+01
1	2	2	22	1.9452877e+01
1	2	2	23	2.1245440e+01
1	2	2	24	1.6133669e+01
1	2	2	25	3.6856618e+00
1	2	2	26	-1.2729589e+01
1	2	2	27	3.4624916e+01
1	2	2	28	-3.6326475e+00
1	2	2	29	-4.4694855e+01
1	2	2	30	5.5567751e+00
1	2	2	31	-2.1688696e+01
1	2	2	32	-5.8246685e+01
1	2	2	33	-1.1769417e+01
1	2	2	34	3.1404703e+02
1	2	2	35	3.5408829e+02
1	2	2	36	3.1116052e+02
1	2	2	37	3.5947791e+02
1	2	2	38	3.0973608e+02
1	2	2	39	3.6059314e+02
1	2	2	40	3.6337662e+02
1	2	2	41	3.6286078e+02
1	2	2	42	3.1826669e+02
1	2	2	43	3.8855219e+02
1	2	2	44	3.6212375e+02
1	2	2	45	3.3967441e+02
1	2	2	46	3.8653256e+02
1	2	2	47	3.3592386e+02
1	2	2	48	3.4443805e+02
1	2	2	49	3.1143091e+02
1	2	2	50	3.9999741e+02
1	2	2	51	8.0007166e+02
1	2	2	52	7.8347937e+02
1	2	2	53	4.4129584e+02
1	2	2	54	5.3542841e+02
1	2	2	55	6.3885730e+02
1	2	2	56	6.2151453e+02
1	2	2	57	5.9135297e+02
1	2	2	58	5.0771179e+02
1	2	2	59	5.2963263e+02
1	2	2	60	3.8417548e+02
1	2	2	61	5.1043164e+02
1	2	2	62	4.9839267e+02
1	2	2	63	6.0835767e+02
1	2	3	0	1.8979590e+02
1	2	3	1	1.2822789e+02
1	2	3	2	1.2689423e+02
1	2	3	3	1.3529469e+02
1	2	3	4	1.1453535e+02
1	2	3	5	1.3373653e+02
1	2	3	6	8.6008209e+01
1	2	3	7	8.3282738e+01
1	2	3	8	1.3901492e+02
1	2	3	9	8.4727638e+01
1	2	3	10	9.7612465e+01
1	2	3	11	6.0648540e+01
1	2	3	12	-2.7157938e+01
1	2	3	13	1.4844963e+02
1	2	3	14	0.0000000e+00
1	2	3	15	9.0828133e+01
1	2	3	16	1.8029547e+01
1	2	3	17	7.4873627e+01
1	2	3	18	5.2999905e+01
1	2	3	19	6.9824783e+01
1	2	3	20	-9.5711403e+01
1	2	3	21	-5.8172474e+01
1	2	3	22	1.2756159e+01
1	2	3	23	1.1909026e+02
1	2	3	24	-1.2743550e+01
1	2	3	25	3.5612175e+01
1	2	3	26	7.0766993e+00
1	2	3	27	2.8499413e+01
1	2	3	28	6.5814056e+01
1	2	3	29	2.9895592e+01
1	2	3	30	1.6695410e+01
1	2	3	31	3.0087664e+01
1	2	3	32	-6.5228912e+01
1	2	3	33	-4.2562317e+01
1	2	3	34	3.1437949e+02
1	2	3	35	1.9204015e+02
1	2	3	36	4.6734564e+02
1	2	3	37	4.1105469e+02
1	2	3	38	4.3961453e+02
1	2	3	39	2.0921886e+02
1	2	3	40	4.4436282e+02
1	2	3	41	4.1744312e+02
1	2	3	42	4.6966528e+02
1	2	3	43	3.7644125e+02
1	2	3	44	5.1060062e+02
1	2	3	45	3.2110864e+02
1	2	3	46	4.9811682e+02
1	2	3	47	4.1302252e+02
1	2	3	48	4.6144617e+02
1	2	3	49	3.3384726e+02
1	2	3	50	3.8200424e+02
1	2	3	51	6.4090790e+02
1	2	3	52	6.5785211e+02
1	2	3	53	4.7064642e+02
1	2	3	54	4.6826929e+02
1	2	3	55	5.6143396e+02
1	2	3	56	5.2443390e+02
1	2	3	57	5.3279919e+02
1	2	3	58	4.8844675e+02
1	2	3	59	4.7307556e+02
1	2	3	60	5.0403128e+02
1	2	3	61	4.2719153e+02
1	2	3	62	5.1669366e+02
1	2	3	63	5.9872052e+02
1	2	4	0	9.0174210e+01
1	2	4	1	4.7930477e+01
1	2	4	2	1.4272961e+02
1	2	4	3	6.1747711e+01
1	2	4	4	4.9567307e+01
1	2	4	5	6.8822884e+01
1	2	4	6	7.5126122e+01
1	2	4	7	4.7144173e+01
1	2	4	8	-6.6498917e+01
1	2	4	9	1.1519300e+02
1	2	4	10	-2.9347229e+01
1	2	4	11	7.3013786e+01
1	2	4	12	4.4281113e+01
1	2	4	13	8.5814690e+01
1	2	4	14	5.7547104e+01
1	2	4	15	-4.8438423e+01
1	2	4	16	-4.0884308e+01
1	2	4	17	-2.3947927e+01
1	2	4	18	-1.0426526e+02
1	2	4	19	-6.6696114e+01
1	2	4	20	1.9709364e+01
1	2	4	21	1.3375463e+01
1	2	4	22	-2.5920967e+01
1	2	4	23	-7.7916298e+01
1	2	4	24	-7.5187836e+01
1	2	4	25	3.2617279e+01
1	2	4	26	1.8078209e+01
1	2	4	27	-5.8949590e+00
1	2	4	28	4.5139267e+01
1	2	4	29	-2.8527411e+01
1	2	4	30	2.7949352e+01
1	2	4	31	-8.5826500e+01
1	2	4	32	-1.4984201e+02
1	2	4	33	1.6953184e+01
1	2	4	34	2.0854161e+02
1	2	4	35	3.4280048e+02
1	2	4	36	2.7400241e+02
1	2	4	37	2.6250620e+02
1	2	4	38	2.8848776e+02
1	2	4	39	3.3254630e+02
1	2	4	40	3.6087354e+02
1	2	4	41	3.1242648e+02
1	2	4	42	4.4028223e+02
1	2	4	43	3.6685068e+02
1	2	4	44	3.6589603e+02
1	2	4	45	2.7955530e+02
1	2	4	46	3.7695020e+02
1	2	4	47	3.7200623e+02
1	2	4	48	3.6914279e+02
1	2	4	49	3.1902960e+02
1	2	4	50	3.4454776e+02
1	2	4	51	6.0622803e+02
1	2	4	52	6.7492749e+02
1	2	4	53	5.0652036e+02
1	2	4	54	5.3727246e+02
1	2	4	55	4.3254047e+02
1	2	4	56	5.3431329e+02
1	2	4	57	6.1658252e+02
1	2	4	58	5.2532074e+02
1	2	4	59	5.2133795e+02
1	2	4	60	4.7626813e+02
1	2	4	61	4.3687421e+02
1	2	4	62	4.5088678e+02
1	2	4	63	5.1191559e+02
1	2	5	0	4.0166012e+01
1	2	5	1	1.3821378e+02
1	2	5	2	1.1155183e+01
1	2	5	3	1.6316631e+02
1	2	5	4	5.4667336e+01
1	2	5	5	1.5954442e+02
1	2	5	6	1.8980410e+01
1	2	5	7	3.1397127e+01
1	2	5	8	1.1117223e+02
1	2	5	9	7.6314316e+01
1	2	5	10	7.6934708e+01
1	2	5	11	4.2709763e+01
1	2	5	12	6.4271355e+01
1	2	5	13	5.1685242e+01
1	2	5	14	6.1512131e+01
1	2	5	15	7.2716919e+01
1	2	5	16	2.3053938e+01
1	2	5	17	2.6953003e+01
1	2	5	18	6.6730247e+01
1	2	5	19	3.9544940e-01
1	2	5	20	4.9452435e+01
1	2	5	21	6.5588531e+01
1	2	5	22	4.1664764e+01
1	2	5	23	1.1822672e+02
1	2	5	24	2.7017971e+01
1	2	5	25	7.3413330e+01
1	2	5	26	1.1307548e+01
1	2	5	27	3.7469616e+01
1	2	5	28	2.8343071e+01
1	2	5	29	4.0653889e+01
1	2	5	30	5.9105801e+01
1	2	5	31	3.0910339e+01
1	2	5	32	1.9689222e+01
1	2	5	33	3.1611826e+01
1	2	5	34	2.4140273e+02
1	2	5	35	3.1386130e+02
1	2	5	36	3.6052225e+02
1	2	5	37	3.2469376e+02
1	2	5	38	3.7322629e+02
1	2	5	39	3.7682684e+02
1	2	5	40	3.2455692e+02
1	2	5	41	3.5688724e+02
1	2	5	42	3.6524365e+02
1	2	5	43	2.8601355e+02
1	2	5	44	3.6599820e+02
1	2	5	45	3.4460104e+02
1	2	5	46	3.3315524e+02
1	2	5	47	3.7348093e+02
1	2	5	48	2.9870523e+02
1	2	5	49	3.2568359e+02
1	2	5	50	3.7854196e+02
1	2	5	51	6.2753119e+02
1	2	5	52	6.4405713e+02
1	2	5	53	3.6117178e+02
1	2	5	54	4.8886700e+02
1	2	5	55	4.5196561e+02
1	2	5	56	5.8628613e+02
1	2	5	57	5.6612256e+02
1	2	5	58	4.9669809e+02
1	2	5	59	4.2350885e+02
1	2	5	60	5.1728473e+02
1	2	5	61	4.4604617e+02
1	2	5	62	4.9653275e+02
1	2	5	63	3.8514102e+02
1	2	6	0	1.8407886e+02
1	2	6	1	1.4037299e+02
1	2	6	2	8.6833282e+01
1	2	6	3	1.1692020e+02
1	2	6	4	-7.2826141e+01
1	2	6	5	7.2002892e+01
1	2	6	6	2.5742054e+00
1	2	6	7	1.1980271e+02
1	2	6	8	1.5210687e+02
1	2	6	9	8.9427269e+01
1	2	6	10	6.8556374e+01
1	2	6	11	5.0704338e+01
1	2	6	12	-4.8414083e+00
1	2	6	13	6.0092068e+01
1	2	6	14	1.0676138e+02
1	2	6	15	7.5424309e+01
1	2	6	16	7.9567467e+01
1	2	6	17	2.7929035e+01
1	2	6	18	-7.2205261e+01
1	2	6	19	7.6363457e+01
1	2	6	20	9.7120354e+01
1	2	6	21	4.6049694e+01
1	2	6	22	2.9514284e+01
1	2	6	23	-4.4650846e+00
1	2	6	24	-1.3806647e+02
1	2	6	25	1.5211633e+01
1	2	6	26	-2.1426144e+01
1	2	6	27	4.3979691e+01
1	2	6	28	1.5072079e+01
1	2	6	29	-7.3203217e+01
1	2	6	30	2.4798596e+00
1	2	6	31	-1.3139516e+02
1	2	6	32	-4.9233448e+01
1	2	6	33	-9.6531296e+01
1	2	6	34	3.3450635e+02
1	2	6	35	3.2945813e+02
1	2	6	36	3.3076181e+02
1	2	6	37	3.6559348e+02
1	2	6	38	3.1673645e+02
1	2	6	39	3.6240631e+02
1	2	6	40	3.3612930e+02
1	2	6	41	1.6014343e+02
1	2	6	42	4.0206372e+02
1	2	6	43	3.9104340e+02
1	2	6	44	3.5816599e+02
1	2	6	45	3.7191168e+02
1	2	6	46	4.1438467e+02
1	2	6	47	3.7756696e+02
1	2	6	48	3.2926227e+02
1	2	6	49	3.9419049e+02
1	2	6	50	3.8217676e+02
1	2	6	51	6.6229987e+02
1	2	6	52	6.2828705e+02
1	2	6	53	4.8375531e+02
1	2	6	54	5.2444263e+02
1	2	6	55	5.3119318e+02
1	2	6	56	5.8423987e+02
1	2	6	57	5.8304480e+02
1	2	6	58	4.7641241e+02
1	2	6	59	5.1705017e+02
1	2	6	60	5.3699982e+02
1	2	6	61	4.2505551e+02
1	2	6	62	4.5216653e+02
1	2	6	63	5.4983081e+02
1	2	7	0	2.6813959e+02
1	2	7	1	1.4628900e+02
1	2	7	2	1.8209674e+02
1	2	7	3	1.8495419e+02
1	2	7	4	1.3098727e+02
1	2	7	5	2.4800916e+02
1	2	7	6	2.2600011e+02
1	2	7	7	2.9457297e+02
1	2	7	8	1.3257712e+02
1	2	7	9	1.5524078e+02
1	2	7	10	2.3495509e+02
1	2	7	11	4.6966137e+01
1	2	7	12	8.5615929e+01
1	2	7	13	2.2010698e+02
1	2	7	14	1.0515266e+02
1	2	7	15	2.5518910e+02
1	2	7	16	1.3307649e+02
1	2	7	17	2.0725040e+02
1	2	7	18	1.6351578e+02
1	2	7	19	2.2834209e+02
1	2	7	20	1.5992549e+02
1	2	7	21	1.0370271e+02
1	2	7	22	1.9301750e+02
1	2	7	23	1.8782837e+02
1	2	7	24	1.1081068e+02
1	2	7	25	6.9898674e+01
1	2	7	26	1.2154582e+02
1	2	7	27	1.0311585e+02
1	2	7	28	1.5950882e+02
1	2	7	29	1.4079332e+02
1	2	7	30	1.1016466e+02
1	2	7	31	8.2120720e+01
1	2	7	32	1.5680460e+02
1	2	7	33	9.1775856e+01
1	2	7	34	3.9765167e+02
1	2	7	35	3.7878619e+02
1	2	7	36	4.2790051e+02
1	2	7	37	3.8874152e+02
1	2	7	38	4.3186615e+02
1	2	7	39	3.3204620e+02
1	2	7	40	4.8027628e+02
1	2	7	41	4.2811670e+02
1	2	7	42	4.4603125e+02
1	2	7	43	4.4171210e+02
1	2	7	44	5.3680994e+02
1	2	7	45	3.6914481e+02
1	2	7	46	5.1872876e+02
1	2	7	47	4.9277655e+02
1	2	7	48	5.3384778e+02
1	2	7	49	4.5577444e+02
1	2	7	50	4.9468100e+02
1	2	7	51	7.0333704e+02
1	2	7	52	7.9847791e+02
1	2	7	53	4.5910773e+02
1	2	7	54	6.1654114e+02
1	2	7	55	6.1991577e+02
1	2	7	56	6.8117224e+02
1	2	7	57	5.7030420e+02
1	2	7	58	5.5225281e+02
1	2	7	59	5.5013446e+02
1	2	7	60	5.1103302e+02
1	2	7	61	4.7357422e+02
1	2	7	62	5.7825409e+02
1	2	7	63	6.4611011e+02
1	2	8	0	1.0214773e+01
1	2	8	1	-1.8019917e+02
1	2	8	2	-1.0073758e+02
1	2	8	3	-1.8707846e+01
1	2	8	4	-1.5928966e+02
1	2	8	5	-8.7982315e+01
1	2	8	6	-1.4131395e+02
1	2	8	7	-7.5651299e+01
1	2	8	8	-5.9381222e+01
1	2	8	9	-3.7296387e+01
1	2	8	10	-6.8646057e+01
1	2	8	11	-2.1026300e+01
1	2	8	12	-1.0631743e+02
1	2	8	13	-9.7247360e+01
1	2	8	14	-6.2983822e+01
1	2	8	15	-9.0923286e+01
1	2	8	16	-7.5118179e+01
1	2	8	17	-1.0513484e+02
1	2	8	18	-1.7341431e+01
1	2	8	19	-1.3207687e+02
1	2	8	20	-3.4928726e+01
1	2	8	21	-1.0970561e+02
1	2	8	22	-9.1932350e+01
1	2	8	23	-1.8994739e+02
1	2	8	24	-1.1403053e+02
1	2	8	25	-1.5574507e+02
1	2	8	26	-1.4451704e+02
1	2	8	27	-1.3335231e+02
1	2	8	28	-1.5161919e+02
1	2	8	29	-1.5492053e+02
1	2	8	30	-9.5689453e+01
1	2	8	31	-1.6570490e+02
1	2	8	32	-1.6834090e+02
1	2	8	33	-1.8973697e+02
1	2	8	34	2.3424048e+02
1	2	8	35	2.2654539e+02
1	2	8	36	2.4256699e+02
1	2	8	37	2.5609256e+02
1	2	8	38	1.5607932e+02
1	2	8	39	1.2334925e+02
1	2	8	40	2.5685190e+02
1	2	8	41	1.4204729e+02
1	2	8	42	2.4116426e+02
1	2	8	43	1.8146504e+02
1	2	8	44	2.7947745e+02
1	2	8	45	2.3203302e+02
1	2	8	46	1.4467178e+02
1	2	8	47	2.3002722e+02
1	2	8	48	1.4760301e+02
1	2	8	49	2.5206668e+02
1	2	8	50	2.5215863e+02
1	2	8	51	5.4407117e+02
1	2	8	52	6.0741315e+02
1	2	8	53	3.4663132e+02
1	2	8	54	3.2066708e+02
1	2	8	55	4.2184402e+02
1	2	8	56	4.7031436e+02
1	2	8	57	3.5590762e+02
1	2	8	58	3.1874966e+02
1	2	8	59	3.7993930e+02
1	2	8	60	4.2160037e+02
1	2	8	61	3.3185464e+02
1	2	8	62	3.5600607e+02
1	2	8	63	4.2811111e+02
1	2	9	0	1.2694677e+02
1	2	9	1	1.7005281e+02
1	2	9	2	6.4516930e+01
1	2	9	3	1.9216403e+02
1	2	9	4	1.1759948e+02
1	2	9	5	1.8470802e+02
1	2	9	6	1.5590356e+02
1	2	9	7	1.7029463e+02
1	2	9	8	1.8846672e+02
1	2	9	9	7.6841362e+01
1	2	9	10	1.5466272e+02
1	2	9	11	8.6306099e+01
1	2	9	12	5.8181774e+01
1	2	9	13	1.5844662e+02
1	2	9	14	1.0210762e+02
1	2	9	15	1.8924504e+02
1	2	9	16	9.7479233e+01
1	2	9	17	4.0414215e+01
1	2	9	18	4.7137270e+00
1	2	9	19	1.1818231e+02
1	2	9	20	6.2092609e+01
1	2	9	21	3.5588413e+01
1	2	9	22	-4.9825233e+01
1	2	9	23	7.2609894e+01
1	2	9	24	7.9363373e+01
1	2	9	25	1.0722758e+02
1	2	9	26	3.6693810e+01
1	2	9	27	5.9905788e+01
1	2	9	28	1.2708688e+02
1	2	9	29	8.6501923e+01
1	2	9	30	9.4241127e+01
1	2	9	31	-8.4177048e+01
1	2	9	32	-3.2158237e+01
1	2	9	33	2.8495107e+00
1	2	9	34	2.3990144e+02
1	2	9	35	3.2428741e+02
1	2	9	36	4.3330118e+02
1	2	9	37	2.8388989e+02
1	2	9	38	3.9971826e+02
1	2	9	39	2.4260806e+02
1	2	9	40	4.1807889e+02
1	2	9	41	2.1937958e+02
1	2	9	42	3.2418924e+02
1	2	9	43	2.1588797e+02
1	2	9	44	4.9717465e+02
1	2	9	45	3.6496085e+02
1	2	9	46	4.0333652e+02
1	2	9	47	4.2377417e+02
1	2	9	48	3.7822363e+02
1	2	9	49	4.4039001e+02
1	2	9	50	3.8896320e+02
1	2	9	51	5.6744232e+02
1	2	9	52	7.4044354e+02
1	2	9	53	4.4334958e+02
1	2	9	54	5.4824109e+02
1	2	9	55	5.8928827e+02
1	2	9	56	6.3931677e+02
1	2	9	57	4.6952243e+02
1	2	9	58	3.9439258e+02
1	2	9	59	4.4181314e+02
1	2	9	60	4.9540787e+02
1	2	9	61	4.5646835e+02
1	2	9	62	5.2351660e+02
1	2	9	63	4.6650125e+02
1	2	10	0	-3.7450699e+01
1	2	10	1	6.7878410e+01
1	2	10	2	-1.5847680e+01
1	2	10	3	4.7668217e+01
1	2	10	4	3.8651741e+01
1	2	10	5	6.8320290e+01
1	2	10	6	1.1005589e+02
1	2	10	7	1.5373926e+02
1	2	10	8	7.1720600e+00
1	2	10	9	1.0822655e+02
1	2	10	10	-9.2467926e+01
1	2	10	11	4.3628571e+01
1	2	10	12	6.9735539e-01
1	2	10	13	9.3375534e+01
1	2	10	14	2.8535406e+01
1	2	10	15	8.9336868e+01
1	2	10	16	-3.6193279e+01
1	2	10	17	-5.9679050e+01
1	2	10	18	-2.7653791e+01
1	2	10	19	-4.5345932e+01
1	2	10	20	-5.5413342e+01
1	2	10	21	-2.8431048e+00
1	2	10	22	-6.2751209e+01
1	2	10	23	-3.3767815e+01
1	2	10	24	-7.8800209e+01
1	2	10	25	1.1804943e+00
1	2	10	26	1.8101395e+01
1	2	10	27	-7.4835324e+00
1	2	10	28	-7.4523520e+00
1	2	10	29	-7.8731365e+00
1	2	10	30	-5.2525440e+01
1	2	10	31	9.3061638e+00
1	2	10	32	-3.1938860e+01
1	2	10	33	-1.7979162e+01
1	2	10	34	2.9725653e+02
1	2	10	35	3.7353488e+02
1	2	10	36	2.7009985e+02
1	2	10	37	3.3935699e+02
1	2	10	38	3.2235178e+02
1	2	10	39	2.9372903e+02
1	2	10	40	3.9714169e+02
1	2	10	41	3.4619046e+02
1	2	10	42	3.6314890e+02
1	2	10	43	4.6865979e+02
1	2	10	44	4.2067596e+02
1	2	10	45	3.5326852e+02
1	2	10	46	3.8747162e+02
1	2	10	47	3.6021588e+02
1	2	10	48	3.5878381e+02
1	2	10	49	3.0865741e+02
1	2	10	50	3.5085416e+02
1	2	10	51	7.6018683e+02
1	2	10	52	6.8913940e+02
1	2	10	53	5.6698682e+02
1	2	10	54	5.2485492e+02
1	2	10	55	5.1698511e+02
1	2	10	56	4.4635806e+02
1	2	10	57	4.9501999e+02
1	2	10	58	5.0281305e+02
1	2	10	59	5.3294128e+02
1	2	10	60	5.4352197e+02
1	2	10	61	4.8590860e+02
1	2	10	62	4.8773618e+02
1	2	10	63	5.3756342e+02
1	2	11	0	1.5027837e+02
1	2	11	1	1.6917831e+02
1	2	11	2	6.1292419e+01
1	2	11	3	1.3030742e+02
1	2	11	4	-4.2509208e+00
1	2	11	5	1.5688557e+02
1	2	11	6	1.0871378e+02
1	2	11	7	1.4252357e+02
1	2	11	8	1.3394458e+02
1	2	11	9	-1.2437186e+03
1	2	11	10	1.6183891e+02
1	2	11	11	5.9307716e+01
1	2	11	12	1.4363214e-01
1	2	11	13	1.0982553e+02
1	2	11	14	3.3651382e+01
1	2	11	15	1.3486415e+02
1	2	11	16	6.7869926e+01
1	2	11	17	7.0377312e+01
1	2	11	18	7.3425850e+01
1	2	11	19	4.9346523e+01
1	2	11	20	-8.4768715e+00
1	2	11	21	4.6249153e+01
1	2	11	22	5.3824036e+01
1	2	11	23	1.2503716e+02
1	2	11	24	-2.7800426e+00
1	2	11	25	-3.1391582e+01
1	2	11	26	-2.2973152e+01
1	2	11	27	-4.2771069e+01
1	2	11	28	5.7792141e+01
1	2	11	29	7.1834412e+01
1	2	11	30	-3.0836449e+01
1	2	11	31	-8.1754883e+01
1	2	11	32	-2.9796671e+01
1	2	11	33	-4.4380955e+01
1	2	11	34	3.2413806e+02
1	2	11	35	-1.2437186e+03
1	2	11	36	4.5196518e+02
1	2	11	37	3.5841901e+02
1	2	11	38	3.3345575e+02
1	2	11	39	4.0030493e+02
1	2	11	40	2.8999826e+02
1	2	11	41	2.3782692e+02
1	2	11	42	3.6555743e+02
1	2	11	43	2.7736810e+02
1	2	11	44	4.3711459e+02
1	2	11	45	1.8988464e+02
1	2	11	46	2.4097195e+02
1	2	11	47	2.8169147e+02
1	2	11	48	3.4419397e+02
1	2	11	49	3.1588126e+02
1	2	11	50	4.4124609e+02
1	2	11	51	5.9696777e+02
1	2	11	52	5.7318823e+02
1	2	11	53	3.9542764e+02
1	2	11	54	4.3153931e+02
1	2	11	55	4.5568066e+02
1	2	11	56	5.2132971e+02
1	2	11	57	4.9474625e+02
1	2	11	58	3.8902570e+02
1	2	11	59	4.6285635e+02
1	2	11	60	5.1695892e+02
1	2	11	61	3.2410614e+02
1	2	11	62	4.3251996e+02
1	2	11	63	4.7385883e+02
1	2	12	0	-2.4421593e+01
1	2	12	1	4.6496620e+01
1	2	12	2	1.4076070e+01
1	2	12	3	6.4793694e+01
1	2	12	4	1.3223295e+01
1	2	12	5	2.4679667e+01
1	2	12	6	5.6463509e+00
1	2	12	7	-4.7386696e+01
1	2	12	8	1.3710501e+01
1	2	12	9	4.3548382e+01
1	2	12	10	-2.9657595e+01
1	2	12	11	4.5421909e+01
1	2	12	12	-1.6589222e+01
1	2	12	13	2.1340260e+01
1	2	12	14	1.3627062e+01
1	2	12	15	1.1217431e+01
1	2	12	16	2.1650318e+01
1	2	12	17	-5.3983570e+01
1	2	12	18	-1.7712372e+01
1	2	12	19	-6.7175232e+01
1	2	12	20	-4.9181614e+01
1	2	12	21	2.9609001e+01
1	2	12	22	-7.1413455e+00
1	2	12	23	-2.5686605e+01
1	2	12	24	-1.1520280e+02
1	2	12	25	-4.0971127e+01
1	2	12	26	-1.2507940e+02
1	2	12	27	-1.0899879e+01
1	2	12	28	-3.9382519e+01
1	2	12	29	-6.2845657e+01
1	2	12	30	-8.8069374e+01
1	2	12	31	-7.2489822e+01
1	2	12	32	-6.2113476e+01
1	2	12	33	-1.2455022e+02
1	2	12	34	2.7555508e+02
1	2	12	35	3.3089307e+02
1	2	12	36	2.1709998e+02
1	2	12	37	2.8152188e+02
1	2	12	38	2.1890202e+02
1	2	12	39	4.0039578e+02
1	2	12	40	3.3143024e+02
1	2	12	41	3.1328134e+02
1	2	12	42	4.0894461e+02
1	2	12	43	3.2734805e+02
1	2	12	44	3.8194208e+02
1	2	12	45	3.8027921e+02
1	2	12	46	3.8564322e+02
1	2	12	47	3.0683282e+02
1	2	12	48	3.5030096e+02
1	2	12	49	3.4620090e+02
1	2	12	50	3.6710065e+02
1	2	12	51	6.2208478e+02
1	2	12	52	6.3921930e+02
1	2	12	53	4.5449606e+02
1	2	12	54	4.3277094e+02
1	2	12	55	3.4365210e+02
1	2	12	56	5.3871332e+02
1	2	12	57	5.8556964e+02
1	2	12	58	4.9391626e+02
1	2	12	59	4.1920294e+02
1	2	12	60	3.8352017e+02
1	2	12	61	4.4964673e+02
1	2	12	62	4.7031534e+02
1	2	12	63	5.3563470e+02
1	2	13	0	2.1735641e+02
1	2	13	1	1.6426959e+02
1	2	13	2	1.0671359e+02
1	2	13	3	1.2486131e+02
1	2	13	4	8.1678726e+01
1	2	13	5	1.5551187e+02
1	2	13	6	1.4417108e+02
1	2	13	7	1.1370563e+02
1	2	13	8	8.9840836e+01
1	2	13	9	2.6928221e+01
1	2	13	10	4.4532944e+01
1	2	13	11	5.6468475e+01
1	2	13	12	1.2299444e+02
1	2	13	13	1.1355684e+02
1	2	13	14	7.8429230e+01
1	2	13	15	5.3306194e+01
1	2	13	16	-6.2539619e+01
1	2	13	17	5.7246890e+00
1	2	13	18	2.9315430e+01
1	2	13	19	7.0062386e+01
1	2	13	20	4.4245171e+01
1	2	13	21	-1.2074381e+01
1	2	13	22	1.0340971e+02
1	2	13	23	1.3221092e+02
1	2	13	24	3.1496668e+01
1	2	13	25	7.9367615e+01
1	2	13	26	5.9169384e+01
1	2	13	27	5.5791714e+01
1	2	13	28	-1.7790218e+01
1	2	13	29	6.6047798e+01
1	2	13	30	-6.8074745e+01
1	2	13	31	-2.5184092e+01
1	2	13	32	1.4687531e+01
1	2	13	33	-8.3019249e+01
1	2	13	34	2.6354684e+02
1	2	13	35	2.4565897e+02
1	2	13	36	2.8397983e+02
1	2	13	37	3.6007312e+02
1	2	13	38	3.5264581e+02
1	2	13	39	2.7189417e+02
1	2	13	40	3.2798141e+02
1	2	13	41	3.0115613e+02
1	2	13	42	3.6063654e+02
1	2	13	43	2.4254808e+02
1	2	13	44	4.2774304e+02
1	2	13	45	2.4331110e+02
1	2	13	46	3.8782220e+02
1	2	13	47	3.4385724e+02
1	2	13	48	2.4338640e+02
1	2	13	49	3.4015430e+02
1	2	13	50	3.7295627e+02
1	2	13	51	6.2674194e+02
1	2	13	52	6.4821350e+02
1	2	13	53	4.6164688e+02
1	2	13	54	3.6024103e+02
1	2	13	55	3.8956201e+02
1	2	13	56	5.6620795e+02
1	2	13	57	4.0243912e+02
1	2	13	58	4.6325336e+02
1	2	13	59	4.3321866e+02
1	2	13	60	4.7612390e+02
1	2	13	61	3.7628506e+02
1	2	13	62	4.7568457e+02
1	2	13	63	5.2526752e+02
1	2	14	0	5.6005817e+01
1	2	14	1	-2.3988932e+01
1	2	14	2	5.0211334e+01
1	2	14	3	2.2191290e+01
1	2	14	4	-4.6939011e+01
1	2	14	5	-5.3952969e+01
1	2	14	6	2.8381523e+01
1	2	14	7	2.3171726e+01
1	2	14	8	-1.9944921e+01
1	2	14	9	7.6405167e+01
1	2	14	10	-6.3968590e+01
1	2	14	11	6.1323078e+01
1	2	14	12	2.7475828e+01
1	2	14	13	-1.4006505e+01
1	2	14	14	1.3765337e+00
1	2	14	15	-4.5209301e+01
1	2	14	16	-8.8493385e+01
1	2	14	17	-9.5676949e+01
1	2	14	18	-3.7012440e+01
1	2	14	19	-9.6819000e+01
1	2	14	20	3.1784035e+01
1	2	14	21	-4.3863277e+01
1	2	14	22	-8.4070457e+01
1	2	14	23	-5.6114494e+01
1	2	14	24	-4.4373615e+01
1	2	14	25	-5.5272564e+01
1	2	14	26	-3.4847694e+01
1	2	14	27	-5.8583519e+01
1	2	14	28	-4.8543678e+01
1	2	14	29	-1.6463097e+02
1	2	14	30	-2.0519175e+01
1	2	14	31	-4.7134628e+01
1	2	14	32	-5.4887058e+01
1	2	14	33	-2.6735571e+01
1	2	14	34	2.2282249e+02
1	2	14	35	3.4181213e+02
1	2	14	36	2.4853726e+02
1	2	14	37	4.1381613e+02
1	2	14	38	3.0550616e+02
1	2	14	39	4.0793408e+02
1	2	14	40	3.5860370e+02
1	2	14	41	2.9671854e+02
1	2	14	42	2.7403198e+02
1	2	14	43	3.1970667e+02
1	2	14	44	2.6868274e+02
1	2	14	45	3.2744876e+02
1	2	14	46	3.4929675e+02
1	2	14	47	3.9132050e+02
1	2	14	48	3.2346149e+02
1	2	14	49	2.9544873e+02
1	2	14	50	3.7833914e+02
1	2	14	51	5.7034967e+02
1	2	14	52	6.3404529e+02
1	2	14	53	4.6896277e+02
1	2	14	54	5.0666055e+02
1	2	14	55	4.2975467e+02
1	2	14	56	5.1028418e+02
1	2	14	57	6.0205762e+02
1	2	14	58	5.3010150e+02
1	2	14	59	4.9019540e+02
1	2	14	60	3.7380505e+02
1	2	14	61	4.3277411e+02
1	2	14	62	4.7466949e+02
1	2	14	63	4.4755637e+02
1	2	15	0	6.4137016e+01
1	2	15	1	1.2081889e+02
1	2	15	2	2.6360430e+01
1	2	15	3	1.1013248e+02
1	2	15	4	7.9640131e+00
1	2	15	5	1.1286832e+02
1	2	15	6	1.2936333e+02
1	2	15	7	1.0208958e+02
1	2	15	8	1.3487364e+02
1	2	15	9	9.4933411e+01
1	2	15	10	5.7778778e+01
1	2	15	11	-1.7686865e+00
1	2	15	12	-4.4630142e+01
1	2	15	13	8.7863998e+01
1	2	15	14	2.6620005e+01
1	2	15	15	5.2490917e+01
1	2	15	16	7.5821320e+01
1	2	15	17	-3.5320240e+01
1	2	15	18	-4.8420326e+01
1	2	15	19	-5.9547714e+01
1	2	15	20	-1.9579384e+01
1	2	15	21	-1.7407663e+00
1	2	15	22	-8.2527222e+01
1	2	15	23	1.9560059e+01
1	2	15	24	-2.6535382e+00
1	2	15	25	4.9385700e+01
1	2	15	26	3.4767244e+00
1	2	15	27	5.7789913e+01
1	2	15	28	8.8553932e+01
1	2	15	29	1.2534940e+02
1	2	15	30	4.4379772e+01
1	2	15	31	-6.2545776e+01
1	2	15	32	-9.1983604e+00
1	2	15	33	3.9471588e+01
1	2	15	34	3.5660065e+02
1	2	15	35	1.8162590e+02
1	2	15	36	4.4211169e+02
1	2	15	37	4.1140588e+02
1	2	15	38	4.0580118e+02
1	2	15	39	2.2330907e+02
1	2	15	40	4.3969983e+02
1	2	15	41	2.9449731e+02
1	2	15	42	2.6145523e+02
1	2	15	43	2.5045079e+02
1	2	15	44	4.1769952e+02
1	2	15	45	2.7416498e+02
1	2	15	46	-1.7454550e+02
1	2	15	47	3.6028531e+02
1	2	15	48	3.7331241e+02
1	2	15	49	2.6312866e+02
1	2	15	50	3.4812540e+02
1	2	15	51	6.4281445e+02
1	2	15	52	7.0179626e+02
1	2	15	53	4.1365601e+02
1	2	15	54	4.4929794e+02
1	2	15	55	4.8862256e+02
1	2	15	56	5.7263434e+02
1	2	15	57	5.7834650e+02
1	2	15	58	4.2884326e+02
1	2	15	59	4.3485785e+02
1	2	15	60	5.3845770e+02
1	2	15	61	4.4829868e+02
1	2	15	62	4.3439981e+02
1	2	15	63	5.2952081e+02
