0	0	0	0	-3.4808521e+02
0	0	0	1	-4.1763007e+02
0	0	0	2	-2.5588454e+02
0	0	0	3	-3.9156393e+02
0	0	0	4	-4.3904965e+02
0	0	0	5	-4.1134952e+02
0	0	0	6	-3.8125189e+02
0	0	0	7	-4.0236273e+02
0	0	0	8	-4.0715356e+02
0	0	0	9	-3.1558194e+02
0	0	0	10	-4.6402081e+02
0	0	0	11	-3.4478992e+02
0	0	0	12	-5.3457349e+02
0	0	0	13	-4.3612509e+02
0	0	0	14	-4.4949295e+02
0	0	0	15	-3.8953592e+02
0	0	0	16	-4.9842151e+02
0	0	0	17	-5.5615857e+02
0	0	0	18	-4.7658618e+02
0	0	0	19	-5.6797406e+02
0	0	0	20	-4.9947775e+02
0	0	0	21	-5.2148212e+02
0	0	0	22	-5.7359210e+02
0	0	0	23	-5.0497638e+02
0	0	0	24	-5.3796838e+02
0	0	0	25	-5.0684283e+02
0	0	0	26	-5.7918262e+02
0	0	0	27	-5.7431256e+02
0	0	0	28	-5.1297424e+02
0	0	0	29	-5.2226434e+02
0	0	0	30	-5.3035510e+02
0	0	0	31	-5.1602576e+02
0	0	0	32	-5.2378625e+02
0	0	0	33	-5.8059924e+02
0	0	0	34	3.2302307e+01
0	0	0	35	2.0956266e+01
0	0	0	36	1.9030561e+01
0	0	0	37	-3.2145145e+01
0	0	0	38	2.7639381e+01
0	0	0	39	9.3820061e+01
0	0	0	40	4.3247933e+00
0	0	0	41	1.5435051e+01
0	0	0	42	1.1729803e+02
0	0	0	43	1.3277234e+02
0	0	0	44	1.4326332e+02
0	0	0	45	5.1471134e+01
0	0	0	46	1.4531833e+02
0	0	0	47	1.1611387e+02
0	0	0	48	1.0404319e+02
0	0	0	49	4.0368515e+01
0	0	0	50	4.5912163e+01
0	0	0	51	4.9308350e+02
0	0	0	52	5.1249292e+02
0	0	0	53	1.8176939e+02
0	0	0	54	2.1280153e+02
0	0	0	55	2.8218100e+02
0	0	0	56	4.8045126e+02
0	0	0	57	3.2381619e+02
0	0	0	58	2.9213022e+02
0	0	0	59	2.2273007e+02
0	0	0	60	3.0554749e+02
0	0	0	61	9.8961075e+01
0	0	0	62	2.2069193e+02
0	0	0	63	3.4620370e+02
0	0	1	0	-1.1810903e+02
0	0	1	1	-1.9667126e+02
0	0	1	2	-2.6353036e+02
0	0	1	3	-2.5936722e+02
0	0	1	4	-3.2117780e+02
0	0	1	5	-1.2596632e+02
0	0	1	6	-2.7423318e+02
0	0	1	7	-2.5052969e+02
0	0	1	8	-2.6189417e+02
0	0	1	9	-2.5227390e+02
0	0	1	10	-1.6126619e+02
0	0	1	11	-2.9474194e+02
0	0	1	12	-3.2882318e+02
0	0	1	13	-2.5719394e+02
0	0	1	14	-3.7659381e+02
0	0	1	15	-3.0554849e+02
0	0	1	16	-3.1277017e+02
0	0	1	17	-1.8907146e+02
0	0	1	18	-1.5687787e+02
0	0	1	19	-2.0253404e+02
0	0	1	20	-3.1305643e+02
0	0	1	21	-3.3079987e+02
0	0	1	22	-3.3942999e+02
0	0	1	23	-3.1195685e+02
0	0	1	24	-3.1205432e+02
0	0	1	25	-3.1294382e+02
0	0	1	26	-4.2007056e+02
0	0	1	27	-3.2240106e+02
0	0	1	28	-3.7483536e+02
0	0	1	29	-3.8036606e+02
0	0	1	30	-2.9778204e+02
0	0	1	31	-3.8808316e+02
0	0	1	32	-3.7789832e+02
0	0	1	33	-3.7321088e+02
0	0	1	34	9.6936829e+01
0	0	1	35	1.0578485e+02
0	0	1	36	1.4465617e+02
0	0	1	37	1.2069488e+02
0	0	1	38	2.0001868e+02
0	0	1	39	1.0975901e+02
0	0	1	40	1.8701884e+02
0	0	1	41	1.0427142e+02
0	0	1	42	1.5163577e+02
0	0	1	43	1.0016453e+02
0	0	1	44	1.3056895e+02
0	0	1	45	1.5692725e+02
0	0	1	46	1.5122302e+02
0	0	1	47	1.1486991e+02
0	0	1	48	1.5465224e+02
0	0	1	49	7.5140190e+01
0	0	1	50	1.7599348e+02
0	0	1	51	6.3043176e+02
0	0	1	52	6.0441589e+02
0	0	1	53	2.9491003e+02
0	0	1	54	3.4769470e+02
0	0	1	55	3.3521194e+02
0	0	1	56	4.4164310e+02
0	0	1	57	4.1567160e+02
0	0	1	58	3.7580438e+02
0	0	1	59	3.5349756e+02
0	0	1	60	3.8101782e+02
0	0	1	61	3.5843997e+02
0	0	1	62	3.5574164e+02
0	0	1	63	4.4259583e+02
0	0	2	0	-7.7846802e+01
0	0	2	1	-3.2720584e+02
0	0	2	2	-9.8865768e+01
0	0	2	3	-9.2683304e+01
0	0	2	4	-1.4963516e+02
0	0	2	5	-1.5601668e+02
0	0	2	6	-1.1532845e+02
0	0	2	7	-1.6404102e+02
0	0	2	8	-1.5338904e+02
0	0	2	9	-1.6486064e+02
0	0	2	10	-1.4981783e+02
0	0	2	11	-1.2733363e+02
0	0	2	12	-2.7951300e+02
0	0	2	13	-3.7392487e+02
0	0	2	14	-8.7023674e+01
0	0	2	15	-1.2884113e+02
0	0	2	16	-2.1210162e+02
0	0	2	17	-2.4361723e+02
0	0	2	18	-2.0947009e+02
0	0	2	19	-2.3857579e+02
0	0	2	20	-3.1918286e+02
0	0	2	21	-1.3834639e+02
0	0	2	22	-2.1694690e+02
0	0	2	23	-2.8447174e+02
0	0	2	24	-4.0798138e+02
0	0	2	25	-1.9668520e+02
0	0	2	26	-2.3619623e+02
0	0	2	27	-2.9903046e+02
0	0	2	28	-2.4189203e+02
0	0	2	29	-4.0739767e+02
0	0	2	30	-1.7002644e+02
0	0	2	31	-4.3622513e+02
0	0	2	32	-2.5621286e+02
0	0	2	33	-2.6358304e+02
0	0	2	34	2.3098532e+02
0	0	2	35	2.9182144e+02
0	0	2	36	2.5367628e+02
0	0	2	37	2.0795981e+02
0	0	2	38	1.9144705e+02
0	0	2	39	2.2323849e+02
0	0	2	40	2.6956467e+02
0	0	2	41	2.2153580e+02
0	0	2	42	2.4410243e+02
0	0	2	43	2.8598059e+02
0	0	2	44	2.0985574e+02
0	0	2	45	1.7619220e+02
0	0	2	46	2.0260129e+02
0	0	2	47	2.2576503e+02
0	0	2	48	3.1205670e+02
0	0	2	49	1.7531181e+02
0	0	2	50	2.0618098e+02
0	0	2	51	7.5322235e+02
0	0	2	52	7.4426788e+02
0	0	2	53	2.8569327e+02
0	0	2	54	4.7255045e+02
0	0	2	55	4.6890259e+02
0	0	2	56	4.4752579e+02
0	0	2	57	5.3466089e+02
0	0	2	58	5.0649753e+02
0	0	2	59	4.3441943e+02
0	0	2	60	5.3091357e+02
0	0	2	61	3.9780118e+02
0	0	2	62	5.0552905e+02
0	0	2	63	5.5492975e+02
0	0	3	0	-2.8224252e+02
0	0	3	1	-4.2357675e+02
0	0	3	2	-3.4088260e+02
0	0	3	3	-5.1665759e+02
0	0	3	4	-3.6625522e+02
0	0	3	5	-3.9426068e+02
0	0	3	6	-3.7958057e+02
0	0	3	7	-4.3089734e+02
0	0	3	8	-5.1457953e+02
0	0	3	9	-3.8518802e+02
0	0	3	10	-4.2319562e+02
0	0	3	11	-4.1598883e+02
0	0	3	12	-4.3779816e+02
0	0	3	13	-3.8943597e+02
0	0	3	14	-3.9485349e+02
0	0	3	15	-3.5331924e+02
0	0	3	16	-4.5710638e+02
0	0	3	17	-4.1526846e+02
0	0	3	18	-5.2118372e+02
0	0	3	19	-4.6267807e+02
0	0	3	20	-5.3748029e+02
0	0	3	21	-5.7091772e+02
0	0	3	22	-4.9064539e+02
0	0	3	23	-3.7058142e+02
0	0	3	24	-6.6005090e+02
0	0	3	25	-5.1042468e+02
0	0	3	26	-5.0925064e+02
0	0	3	27	-4.8084848e+02
0	0	3	28	-5.7037793e+02
0	0	3	29	-5.4104694e+02
0	0	3	30	-6.4518512e+02
0	0	3	31	-5.2513824e+02
0	0	3	32	-5.3034576e+02
0	0	3	33	-5.9154956e+02
0	0	3	34	-1.1404856e+02
0	0	3	35	-8.7653084e+01
0	0	3	36	-2.7585236e+01
0	0	3	37	-1.5507305e+01
0	0	3	38	2.6881903e+01
0	0	3	39	-5.5521431e+01
0	0	3	40	-1.4514747e+01
0	0	3	41	1.9973932e+01
0	0	3	42	5.9203644e+01
0	0	3	43	-4.6522236e+01
0	0	3	44	3.9106663e+01
0	0	3	45	-1.3966280e+02
0	0	3	46	1.4298040e-01
0	0	3	47	-1.7240521e+02
0	0	3	48	-3.7019550e+01
0	0	3	49	3.7525738e+01
0	0	3	50	-4.7120934e+01
0	0	3	51	3.6677451e+02
0	0	3	52	4.5041064e+02
0	0	3	53	1.6595792e+02
0	0	3	54	2.3382228e+02
0	0	3	55	2.6972742e+02
0	0	3	56	1.9200534e+02
0	0	3	57	2.7744434e+02
0	0	3	58	1.7097899e+02
0	0	3	59	2.2583118e+02
0	0	3	60	2.1325443e+02
0	0	3	61	1.8718034e+02
0	0	3	62	1.6274098e+02
0	0	3	63	3.0070721e+02
0	0	4	0	-1.1979414e+02
0	0	4	1	-3.0800018e+02
0	0	4	2	-1.2998497e+02
0	0	4	3	-1.9867543e+02
0	0	4	4	-1.7712692e+02
0	0	4	5	-1.7404622e+02
0	0	4	6	-1.5698830e+02
0	0	4	7	-1.6086159e+02
0	0	4	8	-2.5918057e+02
0	0	4	9	-1.1397020e+02
0	0	4	10	-3.3103497e+02
0	0	4	11	-1.7795386e+02
0	0	4	12	-3.3641739e+02
0	0	4	13	-2.0954221e+02
0	0	4	14	-1.4573688e+02
0	0	4	15	-2.0861005e+02
0	0	4	16	-2.4471712e+02
0	0	4	17	-3.1593961e+02
0	0	4	18	-2.3327660e+02
0	0	4	19	-3.1684027e+02
0	0	4	20	-3.2162567e+02
0	0	4	21	-3.1093457e+02
0	0	4	22	-3.7298465e+02
0	0	4	23	-2.6221317e+02
0	0	4	24	-2.7581165e+02
0	0	4	25	-1.9496957e+02
0	0	4	26	-2.6913181e+02
0	0	4	27	-2.3752539e+02
0	0	4	28	-2.3589345e+02
0	0	4	29	-3.3302634e+02
0	0	4	30	-3.6922318e+02
0	0	4	31	-2.9292661e+02
0	0	4	32	-3.0265881e+02
0	0	4	33	-5.2029388e+02
0	0	4	34	2.0264452e+02
0	0	4	35	1.9962341e+02
0	0	4	36	7.5785599e+01
0	0	4	37	1.9149500e+02
0	0	4	38	2.1511281e+02
0	0	4	39	9.0849968e+01
0	0	4	40	1.8648068e+02
0	0	4	41	2.2915529e+02
0	0	4	42	2.4196451e+02
0	0	4	43	2.4266783e+02
0	0	4	44	2.9968240e+02
0	0	4	45	2.6912393e+02
0	0	4	46	2.5874561e+02
0	0	4	47	1.7980721e+02
0	0	4	48	2.8742505e+02
0	0	4	49	2.9920227e+02
0	0	4	50	2.1055528e+02
0	0	4	51	5.9987659e+02
0	0	4	52	7.9748999e+02
0	0	4	53	4.0129489e+02
0	0	4	54	4.7879993e+02
0	0	4	55	3.6188763e+02
0	0	4	56	4.6100974e+02
0	0	4	57	5.9035303e+02
0	0	4	58	4.7353079e+02
0	0	4	59	5.1874463e+02
0	0	4	60	4.6715210e+02
0	0	4	61	4.3360876e+02
0	0	4	62	4.4822617e+02
0	0	4	63	3.1567383e+02
0	0	5	0	-5.5608118e+02
0	0	5	1	-5.5430054e+02
0	0	5	2	-5.9364893e+02
0	0	5	3	-5.6452893e+02
0	0	5	4	-6.5061096e+02
0	0	5	5	-5.8836481e+02
0	0	5	6	-6.1423901e+02
0	0	5	7	-5.8366504e+02
0	0	5	8	-6.8145990e+02
0	0	5	9	-5.5216266e+02
0	0	5	10	-5.7809479e+02
0	0	5	11	-5.8508917e+02
0	0	5	12	-6.1129767e+02
0	0	5	13	-5.9428430e+02
0	0	5	14	-5.9246661e+02
0	0	5	15	-7.0443231e+02
0	0	5	16	-5.1937524e+02
0	0	5	17	-7.5339868e+02
0	0	5	18	-7.0171460e+02
0	0	5	19	-5.6695197e+02
0	0	5	20	-8.3715295e+02
0	0	5	21	-6.7739526e+02
0	0	5	22	-6.6209253e+02
0	0	5	23	-6.4066101e+02
0	0	5	24	-6.6524243e+02
0	0	5	25	-7.7070380e+02
0	0	5	26	-6.6741650e+02
0	0	5	27	-7.9424805e+02
0	0	5	28	-7.1648584e+02
0	0	5	29	-7.2787299e+02
0	0	5	30	-6.4978302e+02
0	0	5	31	-7.2768121e+02
0	0	5	32	-7.2972620e+02
0	0	5	33	-6.6879688e+02
0	0	5	34	-2.3486461e+02
0	0	5	35	-2.3522768e+02
0	0	5	36	-1.2995406e+02
0	0	5	37	-2.3291228e+02
0	0	5	38	-1.2268476e+02
0	0	5	39	-2.0814438e+02
0	0	5	40	-1.9963127e+02
0	0	5	41	-1.9550162e+02
0	0	5	42	-8.9548477e+01
0	0	5	43	-1.8245317e+02
0	0	5	44	-8.0522491e+01
0	0	5	45	-1.3824248e+02
0	0	5	46	-1.0438883e+02
0	0	5	47	-1.6545544e+02
0	0	5	48	-2.3601994e+02
0	0	5	49	-7.4564934e+01
0	0	5	50	-1.7023454e+02
0	0	5	51	3.5441138e+02
0	0	5	52	2.9695624e+02
0	0	5	53	7.4470123e+01
0	0	5	54	1.4202878e+02
0	0	5	55	1.1555170e+02
0	0	5	56	1.7387210e+02
0	0	5	57	9.8726120e+01
0	0	5	58	8.8928871e+01
0	0	5	59	1.2803908e+02
0	0	5	60	3.1673588e+01
0	0	5	61	6.9177269e+01
0	0	5	62	1.1116628e+02
0	0	5	63	1.9788243e+02
0	0	6	0	-1.8545290e+02
0	0	6	1	-1.7549467e+02
0	0	6	2	-2.3489908e+02
0	0	6	3	-2.4810622e+02
0	0	6	4	-1.9638536e+02
0	0	6	5	-1.2000500e+02
0	0	6	6	-8.3552040e+01
0	0	6	7	-1.5120398e+02
0	0	6	8	-1.4960715e+02
0	0	6	9	-1.3736691e+02
0	0	6	10	-1.6774976e+02
0	0	6	11	-1.4656313e+02
0	0	6	12	-1.7528444e+02
0	0	6	13	-1.4753659e+02
0	0	6	14	-1.4411433e+02
0	0	6	15	-1.6050269e+02
0	0	6	16	-3.9730219e+02
0	0	6	17	-2.8271744e+02
0	0	6	18	-2.2469308e+02
0	0	6	19	-2.3496902e+02
0	0	6	20	-2.9780069e+02
0	0	6	21	-2.1955641e+02
0	0	6	22	-1.9684474e+02
0	0	6	23	-2.1245190e+02
0	0	6	24	-2.2189288e+02
0	0	6	25	-1.9336186e+02
0	0	6	26	-3.3183441e+02
0	0	6	27	-2.5411497e+02
0	0	6	28	-2.7198755e+02
0	0	6	29	-3.7256705e+02
0	0	6	30	-2.9581250e+02
0	0	6	31	-3.5350620e+02
0	0	6	32	-2.5295201e+02
0	0	6	33	-4.6762518e+02
0	0	6	34	2.5753488e+02
0	0	6	35	1.7763100e+02
0	0	6	36	2.7325711e+02
0	0	6	37	3.6474039e+02
0	0	6	38	2.3378929e+02
0	0	6	39	2.6860718e+02
0	0	6	40	2.1209789e+02
0	0	6	41	1.6858806e+02
0	0	6	42	3.0290872e+02
0	0	6	43	2.8369547e+02
0	0	6	44	3.9296747e+02
0	0	6	45	3.0581644e+02
0	0	6	46	4.6034387e+02
0	0	6	47	1.9312085e+02
0	0	6	48	3.2493329e+02
0	0	6	49	4.5114493e+02
0	0	6	50	2.3422856e+02
0	0	6	51	7.1010443e+02
0	0	6	52	6.5242175e+02
0	0	6	53	3.8730093e+02
0	0	6	54	3.1141681e+02
0	0	6	55	5.9911023e+02
0	0	6	56	4.9508063e+02
0	0	6	57	5.3024194e+02
0	0	6	58	4.4675891e+02
0	0	6	59	4.7753217e+02
0	0	6	60	5.4809637e+02
0	0	6	61	5.6735016e+02
0	0	6	62	5.1681769e+02
0	0	6	63	5.9695221e+02
0	0	7	0	-1.0455135e+02
0	0	7	1	-3.0708331e+02
0	0	7	2	-2.4851210e+02
0	0	7	3	-3.1313623e+02
0	0	7	4	-3.8359363e+02
0	0	7	5	-2.7417780e+02
0	0	7	6	-3.5715607e+02
0	0	7	7	-3.5102377e+02
0	0	7	8	-3.3598132e+02
0	0	7	9	-2.5971350e+02
0	0	7	10	-3.6179922e+02
0	0	7	11	-3.6508655e+02
0	0	7	12	-5.2975220e+02
0	0	7	13	-3.5931003e+02
0	0	7	14	-5.3473865e+02
0	0	7	15	-3.1539114e+02
0	0	7	16	-5.5112640e+02
0	0	7	17	-3.8877774e+02
0	0	7	18	-4.2198752e+02
0	0	7	19	-2.7374081e+02
0	0	7	20	-4.9877341e+02
0	0	7	21	-5.1435718e+02
0	0	7	22	-4.2257196e+02
0	0	7	23	-4.5425174e+02
0	0	7	24	-5.4533789e+02
0	0	7	25	-3.4987579e+02
0	0	7	26	-3.8243512e+02
0	0	7	27	-4.5136807e+02
0	0	7	28	-4.4553372e+02
0	0	7	29	-4.5036560e+02
0	0	7	30	-4.5541919e+02
0	0	7	31	-5.4879724e+02
0	0	7	32	-5.4919226e+02
0	0	7	33	-5.2057849e+02
0	0	7	34	-9.7184845e+01
0	0	7	35	-1.6812656e+02
0	0	7	36	8.1715193e+00
0	0	7	37	9.9627739e+01
0	0	7	38	-3.8159863e+01
0	0	7	39	4.2984222e+01
0	0	7	40	3.1148132e+01
0	0	7	41	-4.2510002e+01
0	0	7	42	8.0177948e+01
0	0	7	43	-1.7851347e+01
0	0	7	44	6.4630899e+00
0	0	7	45	-7.4885765e+01
0	0	7	46	1.3416435e+02
0	0	7	47	8.8437569e+01
0	0	7	48	7.4086365e+01
0	0	7	49	1.1458027e+02
0	0	7	50	4.9233780e+01
0	0	7	51	5.0227039e+02
0	0	7	52	3.7450366e+02
0	0	7	53	1.8224405e+02
0	0	7	54	1.7636786e+02
0	0	7	55	2.4671181e+02
0	0	7	56	3.2166589e+02
0	0	7	57	2.7098779e+02
0	0	7	58	1.1216236e+02
0	0	7	59	2.6540024e+02
0	0	7	60	2.9809576e+02
0	0	7	61	9.9002953e+01
0	0	7	62	2.1353061e+02
0	0	7	63	3.5068661e+02
0	0	8	0	-2.0421184e+02
0	0	8	1	-3.1770587e+02
0	0	8	2	-1.8948329e+02
0	0	8	3	-2.7005786e+02
0	0	8	4	-2.4736961e+02
0	0	8	5	-4.4935315e+02
0	0	8	6	-4.5518863e+02
0	0	8	7	-1.4436281e+02
0	0	8	8	-2.5041898e+02
0	0	8	9	-3.2857220e+02
0	0	8	10	-2.8610355e+02
0	0	8	11	-4.2538419e+02
0	0	8	12	-3.3553729e+02
0	0	8	13	-3.9472458e+02
0	0	8	14	-4.7982690e+02
0	0	8	15	-3.6106766e+02
0	0	8	16	-5.8466150e+02
0	0	8	17	-4.0637503e+02
0	0	8	18	-5.0278308e+02
0	0	8	19	-5.0141885e+02
0	0	8	20	-3.4468436e+02
0	0	8	21	-4.3451865e+02
0	0	8	22	-3.2825296e+02
0	0	8	23	-4.4826312e+02
0	0	8	24	-4.5805936e+02
0	0	8	25	-4.0752026e+02
0	0	8	26	-5.9739465e+02
0	0	8	27	-4.4302148e+02
0	0	8	28	-4.6803806e+02
0	0	8	29	-4.1758530e+02
0	0	8	30	-4.0670279e+02
0	0	8	31	-3.2628882e+02
0	0	8	32	-4.0373657e+02
0	0	8	33	-4.0314655e+02
0	0	8	34	1.3395485e+02
0	0	8	35	1.4524579e+02
0	0	8	36	1.7299170e+02
0	0	8	37	1.0281280e+02
0	0	8	38	-3.4211239e+01
0	0	8	39	1.0641272e+02
0	0	8	40	1.3196826e+02
0	0	8	41	9.1867760e+01
0	0	8	42	1.6766420e+02
0	0	8	43	1.7578722e+02
0	0	8	44	1.6632901e+02
0	0	8	45	1.3683324e+02
0	0	8	46	-3.2881882e+01
0	0	8	47	1.1287343e+02
0	0	8	48	1.3982857e+02
0	0	8	49	1.0776972e+02
0	0	8	50	2.0157318e+02
0	0	8	51	4.8850061e+02
0	0	8	52	5.7472473e+02
0	0	8	53	3.2356155e+02
0	0	8	54	3.3347153e+02
0	0	8	55	3.5913852e+02
0	0	8	56	5.0201300e+02
0	0	8	57	4.2711563e+02
0	0	8	58	3.3061798e+02
0	0	8	59	3.3573969e+02
0	0	8	60	3.6579700e+02
0	0	8	61	1.6223001e+02
0	0	8	62	2.1488905e+02
0	0	8	63	3.6235510e+02
0	0	9	0	-5.9828027e+02
0	0	9	1	-4.6559366e+02
0	0	9	2	-4.5366483e+02
0	0	9	3	-4.2975800e+02
0	0	9	4	-5.0063611e+02
0	0	9	5	-5.2114795e+02
0	0	9	6	-5.1711060e+02
0	0	9	7	-5.0457111e+02
0	0	9	8	-5.2710699e+02
0	0	9	9	-5.1140674e+02
0	0	9	10	-5.2997028e+02
0	0	9	11	-5.0410306e+02
0	0	9	12	-6.7605090e+02
0	0	9	13	-4.9867603e+02
0	0	9	14	-5.5408362e+02
0	0	9	15	-3.8135782e+02
0	0	9	16	-6.7636841e+02
0	0	9	17	-5.9122510e+02
0	0	9	18	-5.6705029e+02
0	0	9	19	-6.6989514e+02
0	0	9	20	-7.0356006e+02
0	0	9	21	-6.2473206e+02
0	0	9	22	-5.7865057e+02
0	0	9	23	-5.1359393e+02
0	0	9	24	-6.1140356e+02
0	0	9	25	-6.6487915e+02
0	0	9	26	-5.8727051e+02
0	0	9	27	-6.2609930e+02
0	0	9	28	-6.2651910e+02
0	0	9	29	-6.3066260e+02
0	0	9	30	-6.7718823e+02
0	0	9	31	-6.9377863e+02
0	0	9	32	-6.8712793e+02
0	0	9	33	-6.5340698e+02
0	0	9	34	-1.6120747e+02
0	0	9	35	-2.6832874e+02
0	0	9	36	-2.4418402e+01
0	0	9	37	-1.2244335e+02
0	0	9	38	-8.3837769e+01
0	0	9	39	-2.0579643e+02
0	0	9	40	4.8018616e+01
0	0	9	41	-1.7145830e+02
0	0	9	42	-1.4127335e+02
0	0	9	43	-3.2269437e+02
0	0	9	44	-3.3534145e+00
0	0	9	45	-1.9858733e+02
0	0	9	46	-1.2674691e+01
0	0	9	47	-1.2837750e+02
0	0	9	48	-8.4771973e+01
0	0	9	49	-2.0531259e+02
0	0	9	50	-1.2574788e+02
0	0	9	51	3.6059744e+02
0	0	9	52	3.7477679e+02
0	0	9	53	8.4072571e+01
0	0	9	54	1.2014806e+02
0	0	9	55	8.6604630e+01
0	0	9	56	1.3825803e+02
0	0	9	57	1.7750684e+02
0	0	9	58	1.6639897e+02
0	0	9	59	1.0544999e+01
0	0	9	60	1.1292149e+02
0	0	9	61	4.3479805e+01
0	0	9	62	7.2145340e+01
0	0	9	63	1.7360602e+02
0	0	10	0	-1.2794894e+02
0	0	10	1	-1.8095584e+02
0	0	10	2	-4.6044273e+01
0	0	10	3	-2.6303793e+02
0	0	10	4	-1.0148843e+02
0	0	10	5	-6.4668495e+01
0	0	10	6	-1.5815289e+02
0	0	10	7	4.6711536e+01
0	0	10	8	-1.5796974e+02
0	0	10	9	-1.3945316e+02
0	0	10	10	-1.1286070e+02
0	0	10	11	-1.3847336e+02
0	0	10	12	-1.5561082e+02
0	0	10	13	-1.3020308e+02
0	0	10	14	-1.5880016e+02
0	0	10	15	-1.7624596e+02
0	0	10	16	-2.3556691e+02
0	0	10	17	-3.7434778e+02
0	0	10	18	-2.5909518e+02
0	0	10	19	-3.0511041e+02
0	0	10	20	-1.3731569e+02
0	0	10	21	-2.0393365e+02
0	0	10	22	-2.9380658e+02
0	0	10	23	-2.0289621e+02
0	0	10	24	-3.6742444e+02
0	0	10	25	-2.0260031e+02
0	0	10	26	-2.7437598e+02
0	0	10	27	2.4874373e+03
0	0	10	28	-2.4380457e+02
0	0	10	29	-3.6613300e+02
0	0	10	30	-3.9076984e+02
0	0	10	31	-2.2261710e+02
0	0	10	32	-2.6301224e+02
0	0	10	33	-2.5305118e+02
0	0	10	34	2.2210165e+02
0	0	10	35	1.3152827e+02
0	0	10	36	3.0935529e+02
0	0	10	37	2.9242993e+02
0	0	10	38	3.0291696e+02
0	0	10	39	2.9781726e+02
0	0	10	40	2.9959265e+02
0	0	10	41	3.7582355e+02
0	0	10	42	1.5816333e+02
0	0	10	43	3.1266803e+02
0	0	10	44	2.5488423e+02
0	0	10	45	2.4725838e+02
0	0	10	46	1.8796039e+02
0	0	10	47	2.5759241e+02
0	0	10	48	2.7406396e+02
0	0	10	49	2.8019211e+02
0	0	10	50	2.4338574e+02
0	0	10	51	6.7128937e+02
0	0	10	52	7.9240326e+02
0	0	10	53	4.2627026e+02
0	0	10	54	4.7325693e+02
0	0	10	55	5.2092395e+02
0	0	10	56	6.3400146e+02
0	0	10	57	6.2682092e+02
0	0	10	58	5.9598499e+02
0	0	10	59	5.4327490e+02
0	0	10	60	5.8041650e+02
0	0	10	61	3.7384552e+02
0	0	10	62	4.4777200e+02
0	0	10	63	4.7391547e+02
0	0	11	0	-2.1616479e+02
0	0	11	1	-4.4620438e+02
0	0	11	2	-2.9549130e+02
0	0	11	3	-3.0928415e+02
0	0	11	4	-3.2548279e+02
0	0	11	5	-3.2438434e+02
0	0	11	6	-2.8495911e+02
0	0	11	7	-3.6873569e+02
0	0	11	8	-3.4885086e+02
0	0	11	9	-4.5659628e+02
0	0	11	10	-3.6351843e+02
0	0	11	11	-3.2185413e+02
0	0	11	12	-4.9579248e+02
0	0	11	13	-4.5582990e+02
0	0	11	14	-4.8118570e+02
0	0	11	15	-2.8848447e+02
0	0	11	16	-6.5856500e+02
0	0	11	17	-4.1872391e+02
0	0	11	18	-4.9732874e+02
0	0	11	19	-4.3634241e+02
0	0	11	20	-4.6524353e+02
0	0	11	21	-4.5706024e+02
0	0	11	22	-4.0384995e+02
0	0	11	23	-4.0450537e+02
0	0	11	24	-4.2718906e+02
0	0	11	25	-6.6046967e+02
0	0	11	26	-5.8221661e+02
0	0	11	27	-4.1887057e+02
0	0	11	28	-4.9288547e+02
0	0	11	29	-4.8061093e+02
0	0	11	30	-4.2341592e+02
0	0	11	31	-4.3181326e+02
0	0	11	32	-4.6342093e+02
0	0	11	33	-4.6425708e+02
0	0	11	34	1.0192192e+02
0	0	11	35	8.9445961e+01
0	0	11	36	2.3324089e+02
0	0	11	37	1.4221703e+02
0	0	11	38	8.1668777e+01
0	0	11	39	8.8738213e+01
0	0	11	40	2.2712347e+02
0	0	11	41	1.2791363e+02
0	0	11	42	6.9423874e+01
0	0	11	43	1.0205568e+02
0	0	11	44	1.9255791e+02
0	0	11	45	1.1086204e+02
0	0	11	46	1.3265685e+02
0	0	11	47	3.7502003e+01
0	0	11	48	8.3095413e+01
0	0	11	49	1.1165063e+02
0	0	11	50	1.4682664e+02
0	0	11	51	3.7486246e+02
0	0	11	52	5.7405023e+02
0	0	11	53	2.8490851e+02
0	0	11	54	2.1722095e+02
0	0	11	55	4.0639441e+02
0	0	11	56	4.2428772e+02
0	0	11	57	4.0223688e+02
0	0	11	58	3.3830856e+02
0	0	11	59	2.0556541e+02
0	0	11	60	3.0591891e+02
0	0	11	61	2.7399832e+02
0	0	11	62	2.6174908e+02
0	0	11	63	3.1454694e+02
0	0	12	0	-1.1377966e+01
0	0	12	1	-1.1251064e+02
0	0	12	2	-5.6294292e+01
0	0	12	3	-3.0177792e+01
0	0	12	4	-1.1764317e+02
0	0	12	5	-1.1089838e+02
0	0	12	6	-1.3772151e+02
0	0	12	7	-1.3226503e+02
0	0	12	8	-8.4066483e+01
0	0	12	9	-2.3865734e+01
0	0	12	10	-1.9855386e+02
0	0	12	11	-2.6998274e+01
0	0	12	12	-2.2177425e+02
0	0	12	13	-1.0495240e+02
0	0	12	14	-1.2162148e+02
0	0	12	15	-6.2773952e+01
0	0	12	16	-2.8430127e+02
0	0	12	17	-2.6250104e+02
0	0	12	18	-7.8826530e+01
0	0	12	19	-3.6207425e+02
0	0	12	20	-2.9697180e+02
0	0	12	21	-2.4712737e+02
0	0	12	22	-2.0511932e+02
0	0	12	23	-2.1273546e+02
0	0	12	24	-3.4639526e+02
0	0	12	25	-1.2866751e+02
0	0	12	26	-2.4414597e+02
0	0	12	27	-2.4474582e+02
0	0	12	28	-1.8834421e+02
0	0	12	29	-3.6237857e+02
0	0	12	30	-2.6703397e+02
0	0	12	31	-3.6161798e+02
0	0	12	32	-3.0985196e+02
0	0	12	33	-2.9135065e+02
0	0	12	34	3.4503900e+02
0	0	12	35	2.8969040e+02
0	0	12	36	2.7454010e+02
0	0	12	37	3.2021619e+02
0	0	12	38	2.7378439e+02
0	0	12	39	2.8210358e+02
0	0	12	40	3.3753186e+02
0	0	12	41	2.2795142e+02
0	0	12	42	3.2318311e+02
0	0	12	43	3.2954425e+02
0	0	12	44	4.1415460e+02
0	0	12	45	2.4490009e+02
0	0	12	46	3.4352362e+02
0	0	12	47	2.5105951e+02
0	0	12	48	3.2875372e+02
0	0	12	49	3.0752200e+02
0	0	12	50	2.5554439e+02
0	0	12	51	8.2490045e+02
0	0	12	52	7.3294403e+02
0	0	12	53	4.0408463e+02
0	0	12	54	5.2130170e+02
0	0	12	55	5.7735193e+02
0	0	12	56	5.0467117e+02
0	0	12	57	6.4645282e+02
0	0	12	58	4.6508795e+02
0	0	12	59	5.5997534e+02
0	0	12	60	5.2145728e+02
0	0	12	61	5.0349686e+02
0	0	12	62	4.8877301e+02
0	0	12	63	5.3018524e+02
0	0	13	0	-3.9062698e+02
0	0	13	1	-5.9452271e+02
0	0	13	2	-3.8568427e+02
0	0	13	3	-4.1386679e+02
0	0	13	4	-3.8820789e+02
0	0	13	5	-4.0408716e+02
0	0	13	6	-4.4266180e+02
0	0	13	7	-3.4635004e+02
0	0	13	8	-4.6550766e+02
0	0	13	9	-3.3038391e+02
0	0	13	10	-3.7170285e+02
0	0	13	11	-5.1087610e+02
0	0	13	12	-4.5056253e+02
0	0	13	13	-3.8993146e+02
0	0	13	14	-6.3736102e+02
0	0	13	15	-4.0096716e+02
0	0	13	16	-5.2533081e+02
0	0	13	17	-5.1135660e+02
0	0	13	18	-5.7760687e+02
0	0	13	19	-4.9089713e+02
0	0	13	20	-6.5840985e+02
0	0	13	21	-4.9989502e+02
0	0	13	22	-4.9848663e+02
0	0	13	23	-4.7246896e+02
0	0	13	24	-5.5049298e+02
0	0	13	25	-4.1865265e+02
0	0	13	26	-5.7565137e+02
0	0	13	27	-6.3761725e+02
0	0	13	28	-4.2818344e+02
0	0	13	29	-5.4050519e+02
0	0	13	30	-5.0515485e+02
0	0	13	31	-7.4842914e+02
0	0	13	32	-5.0996027e+02
0	0	13	33	-4.5772388e+02
0	0	13	34	8.5077545e+01
0	0	13	35	3.9748755e+00
0	0	13	36	-9.9749382e+01
0	0	13	37	1.3331976e+02
0	0	13	38	1.1768929e+01
0	0	13	39	3.9259449e+01
0	0	13	40	4.5979050e+01
0	0	13	41	-1.3134712e+01
0	0	13	42	5.2675289e+01
0	0	13	43	6.6065948e+01
0	0	13	44	1.2263577e+02
0	0	13	45	4.5142849e+01
0	0	13	46	8.2097763e+01
0	0	13	47	3.3070694e+01
0	0	13	48	8.3363701e+01
0	0	13	49	4.7900936e+01
0	0	13	50	-1.4945716e+00
0	0	13	51	6.0600323e+02
0	0	13	52	6.5224628e+02
0	0	13	53	5.9175442e+01
0	0	13	54	4.8526956e+02
0	0	13	55	3.2178754e+02
0	0	13	56	5.1464526e+02
0	0	13	57	2.8068832e+02
0	0	13	58	3.8634515e+02
0	0	13	59	3.1046332e+02
0	0	13	60	2.9660138e+02
0	0	13	61	3.1049155e+02
0	0	13	62	2.8884628e+02
0	0	13	63	2.5873865e+02
0	0	14	0	-1.0684125e+02
0	0	14	1	-1.3595323e+02
0	0	14	2	-2.0414706e+02
0	0	14	3	-1.9516789e+02
0	0	14	4	-2.0914340e+02
0	0	14	5	-3.0418811e+02
0	0	14	6	-2.1131540e+02
0	0	14	7	-1.7905379e+02
0	0	14	8	-2.8943863e+02
0	0	14	9	-1.2434858e+02
0	0	14	10	-3.0947009e+02
0	0	14	11	-2.0399860e+02
0	0	14	12	-4.0011032e+02
0	0	14	13	-2.4583186e+02
0	0	14	14	-2.8880298e+02
0	0	14	15	-2.1188385e+02
0	0	14	16	-3.2241565e+02
0	0	14	17	-3.1476910e+02
0	0	14	18	-3.4756345e+02
0	0	14	19	-2.5029716e+02
0	0	14	20	-2.9813721e+02
0	0	14	21	-2.7467499e+02
0	0	14	22	-3.1092667e+02
0	0	14	23	-2.2625368e+02
0	0	14	24	-3.5879282e+02
0	0	14	25	-3.3725537e+02
0	0	14	26	-2.7533826e+02
0	0	14	27	-2.3761569e+02
0	0	14	28	-2.4154788e+02
0	0	14	29	-3.3171136e+02
0	0	14	30	-4.0953091e+02
0	0	14	31	-4.3398801e+02
0	0	14	32	-3.2964310e+02
0	0	14	33	-2.3789893e+02
0	0	14	34	8.0397591e+01
0	0	14	35	-3.1788206e+01
0	0	14	36	2.5493921e+02
0	0	14	37	1.3418877e+02
0	0	14	38	1.1563840e+02
0	0	14	39	2.9536757e+01
0	0	14	40	1.3457339e+02
0	0	14	41	5.2983582e+01
0	0	14	42	1.6304066e+02
0	0	14	43	4.0705273e+01
0	0	14	44	2.6290250e+02
0	0	14	45	2.1686627e+02
0	0	14	46	2.4243608e+02
0	0	14	47	9.6111115e+01
0	0	14	48	2.4546925e+02
0	0	14	49	2.1894244e+02
0	0	14	50	7.5569199e+01
0	0	14	51	6.9463403e+02
0	0	14	52	6.5517627e+02
0	0	14	53	3.8170596e+02
0	0	14	54	3.3638055e+02
0	0	14	55	4.2216849e+02
0	0	14	56	5.3808173e+02
0	0	14	57	5.3973395e+02
0	0	14	58	3.8100616e+02
0	0	14	59	4.0690015e+02
0	0	14	60	4.2379343e+02
0	0	14	61	1.8691403e+02
0	0	14	62	2.8030939e+02
0	0	14	63	4.1089551e+02
0	0	15	0	3.3400604e+01
0	0	15	1	-6.9353020e+01
0	0	15	2	-1.7584747e+02
0	0	15	3	-2.2433434e+02
0	0	15	4	-2.9408527e+02
0	0	15	5	-9.1391396e+01
0	0	15	6	-3.0418582e+02
0	0	15	7	-7.9532822e+01
0	0	15	8	-1.8732632e+02
0	0	15	9	-8.4824646e+01
0	0	15	10	-1.1376355e+02
0	0	15	11	-2.3425928e+02
0	0	15	12	-2.8336630e+02
0	0	15	13	-2.4662312e+02
0	0	15	14	-2.2205400e+02
0	0	15	15	-1.7147273e+02
0	0	15	16	-1.2498869e+02
0	0	15	17	-6.0657953e+02
0	0	15	18	-3.0076120e+02
0	0	15	19	2.4874373e+03
0	0	15	20	-2.6221725e+02
0	0	15	21	-2.8262851e+02
0	0	15	22	-2.9946310e+02
0	0	15	23	-2.6356577e+02
0	0	15	24	-2.7255334e+02
0	0	15	25	-3.0359320e+02
0	0	15	26	-4.5937085e+02
0	0	15	27	-4.5257382e+02
0	0	15	28	-1.7242825e+02
0	0	15	29	-2.8654358e+02
0	0	15	30	-2.8242429e+02
0	0	15	31	-3.6273096e+02
0	0	15	32	-2.7809998e+02
0	0	15	33	-4.4891498e+02
0	0	15	34	1.1247150e+02
0	0	15	35	1.4034486e+02
0	0	15	36	2.3108878e+02
0	0	15	37	2.4885837e+02
0	0	15	38	2.0041064e+02
0	0	15	39	1.6303186e+02
0	0	15	40	2.6964969e+02
0	0	15	41	1.8523184e+02
0	0	15	42	2.1338329e+02
0	0	15	43	1.1386523e+02
0	0	15	44	1.8488794e+02
0	0	15	45	9.7563019e+01
0	0	15	46	1.1785738e+02
0	0	15	47	1.7745158e+02
0	0	15	48	2.0347720e+02
0	0	15	49	1.8179463e+02
0	0	15	50	2.6258633e+02
0	0	15	51	7.5717004e+02
0	0	15	52	6.4271674e+02
0	0	15	53	4.2714615e+02
0	0	15	54	3.0536627e+02
0	0	15	55	3.3904544e+02
0	0	15	56	6.5370074e+02
0	0	15	57	6.0519348e+02
0	0	15	58	3.3242789e+02
0	0	15	59	4.5744757e+02
0	0	15	60	4.3921643e+02
0	0	15	61	4.4363248e+02
0	0	15	62	4.8883344e+02
0	0	15	63	5.1105487e+02
0	1	0	0	2.6194361e+01
0	1	0	1	-1.7511839e+01
0	1	0	2	-2.3577171e+01
0	1	0	3	2.7417089e+01
0	1	0	4	-1.3123522e+01
0	1	0	5	-1.4241936e+02
0	1	0	6	-6.7141891e+01
0	1	0	7	2.0201439e+01
0	1	0	8	-1.5952466e+02
0	1	0	9	5.0448158e+01
0	1	0	10	-1.5312538e+01
0	1	0	11	-1.3581575e+02
0	1	0	12	-1.7616049e+01
0	1	0	13	-7.3767151e+01
0	1	0	14	2.7531419e+00
0	1	0	15	2.9642603e+01
0	1	0	16	-1.6085477e+02
0	1	0	17	-2.9821347e+02
0	1	0	18	-9.3432297e+01
0	1	0	19	-1.5966310e+02
0	1	0	20	-1.2346978e+02
0	1	0	21	-8.2152725e+01
0	1	0	22	-1.1339901e+02
0	1	0	23	-1.3869179e+02
0	1	0	24	-1.3041917e+02
0	1	0	25	-2.2633624e+02
0	1	0	26	-1.7115376e+02
0	1	0	27	-3.5074774e+02
0	1	0	28	-3.5476666e+02
0	1	0	29	-1.7302818e+02
0	1	0	30	-1.8884619e+02
0	1	0	31	-9.8096581e+01
0	1	0	32	-1.5370815e+02
0	1	0	33	-1.9872002e+02
0	1	0	34	2.3471233e+02
0	1	0	35	3.6494632e+02
0	1	0	36	3.2890311e+02
0	1	0	37	2.5871524e+02
0	1	0	38	3.0809369e+02
0	1	0	39	1.9724245e+02
0	1	0	40	1.5335356e+02
0	1	0	41	1.9445709e+02
0	1	0	42	2.1889047e+02
0	1	0	43	2.1184254e+02
0	1	0	44	1.1978370e+02
0	1	0	45	1.5966704e+02
0	1	0	46	2.0979695e+02
0	1	0	47	2.4923932e+02
0	1	0	48	4.3601562e+01
0	1	0	49	1.2746573e+02
0	1	0	50	2.1142645e+02
0	1	0	51	6.4306689e+02
0	1	0	52	5.5596783e+02
0	1	0	53	2.0346060e+02
0	1	0	54	3.1565710e+02
0	1	0	55	4.1983112e+02
0	1	0	56	5.7341388e+02
0	1	0	57	4.0717935e+02
0	1	0	58	5.5200165e+02
0	1	0	59	1.9251956e+02
0	1	0	60	3.7461469e+02
0	1	0	61	3.8107089e+02
0	1	0	62	5.5389111e+02
0	1	0	63	4.2402890e+02
0	1	1	0	-3.4480228e+02
0	1	1	1	-4.2203610e+02
0	1	1	2	-2.4568715e+02
0	1	1	3	-5.3744055e+02
0	1	1	4	-3.3142670e+02
0	1	1	5	-4.5045914e+02
0	1	1	6	-3.8812247e+02
0	1	1	7	-5.1982318e+02
0	1	1	8	-3.4569336e+02
0	1	1	9	-1.5169167e+02
0	1	1	10	-4.3179065e+02
0	1	1	11	-2.7727161e+02
0	1	1	12	-4.8592044e+02
0	1	1	13	-4.6389511e+02
0	1	1	14	-4.6594394e+02
0	1	1	15	-4.4493243e+02
0	1	1	16	-5.5359625e+02
0	1	1	17	-4.8426465e+02
0	1	1	18	-5.6852789e+02
0	1	1	19	-4.6075281e+02
0	1	1	20	-5.4032513e+02
0	1	1	21	-5.0058713e+02
0	1	1	22	-5.1945953e+02
0	1	1	23	-4.8055240e+02
0	1	1	24	-5.3244049e+02
0	1	1	25	-5.0623663e+02
0	1	1	26	-7.1793762e+02
0	1	1	27	-3.7525690e+02
0	1	1	28	-5.1418616e+02
0	1	1	29	-3.5567273e+02
0	1	1	30	-4.8018857e+02
0	1	1	31	-4.0161835e+02
0	1	1	32	-4.2391553e+02
0	1	1	33	-3.7690186e+02
0	1	1	34	1.5271947e+02
0	1	1	35	7.2734406e+01
0	1	1	36	2.0038095e+02
0	1	1	37	1.1460908e+02
0	1	1	38	1.5771596e+02
0	1	1	39	1.9921736e+02
0	1	1	40	2.5682385e+02
0	1	1	41	1.4139566e+02
0	1	1	42	2.6804431e+02
0	1	1	43	2.1296965e+02
0	1	1	44	2.6878070e+02
0	1	1	45	9.8097572e+01
0	1	1	46	2.8744241e+02
0	1	1	47	1.0539515e+02
0	1	1	48	2.1552013e+02
0	1	1	49	2.7798288e+02
0	1	1	50	2.5580824e+02
0	1	1	51	4.6517404e+02
0	1	1	52	4.6971927e+02
0	1	1	53	3.1567365e+02
0	1	1	54	3.2271100e+02
0	1	1	55	3.8472388e+02
0	1	1	56	4.8831824e+02
0	1	1	57	4.7115833e+02
0	1	1	58	3.9622794e+02
0	1	1	59	1.9792729e+02
0	1	1	60	2.9266196e+02
0	1	1	61	2.9218793e+02
0	1	1	62	2.7689246e+02
0	1	1	63	5.2678790e+02
0	1	2	0	-1.6783406e+02
0	1	2	1	-2.0946840e+02
0	1	2	2	-1.5885420e+02
0	1	2	3	-2.2865312e+02
0	1	2	4	-2.9492551e+02
0	1	2	5	-2.5872504e+02
0	1	2	6	-2.3899170e+02
0	1	2	7	-2.2965727e+02
0	1	2	8	-1.8752419e+02
0	1	2	9	-2.4046913e+02
0	1	2	10	-2.9242273e+02
0	1	2	11	-2.3860464e+02
0	1	2	12	-3.0873874e+02
0	1	2	13	-3.1366476e+02
0	1	2	14	-3.3239377e+02
0	1	2	15	-2.2924388e+02
0	1	2	16	-3.5242072e+02
0	1	2	17	-3.8783835e+02
0	1	2	18	-3.5052368e+02
0	1	2	19	-3.2889166e+02
0	1	2	20	-4.0850839e+02
0	1	2	21	-3.4629541e+02
0	1	2	22	-3.2089954e+02
0	1	2	23	-2.3355396e+02
0	1	2	24	-3.7162234e+02
0	1	2	25	-3.2836087e+02
0	1	2	26	-3.8562451e+02
0	1	2	27	-3.5388773e+02
0	1	2	28	-2.8343298e+02
0	1	2	29	-3.4029559e+02
0	1	2	30	-4.7995255e+02
0	1	2	31	-4.4453741e+02
0	1	2	32	-3.3498819e+02
0	1	2	33	-2.6696024e+02
0	1	2	34	1.8967389e+02
0	1	2	35	1.6033542e+02
0	1	2	36	-1.9388968e+01
0	1	2	37	1.2412302e+02
0	1	2	38	1.8384201e+02
0	1	2	39	1.7227229e+02
0	1	2	40	1.5780843e+02
0	1	2	41	1.8453073e+02
0	1	2	42	2.2172054e+02
0	1	2	43	2.3410948e+02
0	1	2	44	2.5770346e+02
0	1	2	45	1.3319489e+02
0	1	2	46	1.5811366e+02
0	1	2	47	1.9896422e+02
0	1	2	48	2.1961594e+02
0	1	2	49	1.8671039e+02
0	1	2	50	2.5642815e+01
0	1	2	51	7.3007214e+02
0	1	2	52	7.6746381e+02
0	1	2	53	4.4475830e+02
0	1	2	54	3.1674109e+02
0	1	2	55	4.5708911e+02
0	1	2	56	5.5177191e+02
0	1	2	57	5.0786484e+02
0	1	2	58	2.9559241e+02
0	1	2	59	3.6841196e+02
0	1	2	60	4.4030408e+02
0	1	2	61	3.2588156e+02
0	1	2	62	2.8466028e+02
0	1	2	63	4.8871970e+02
0	1	3	0	-2.0554990e+02
0	1	3	1	-2.1769316e+02
0	1	3	2	-2.4413651e+02
0	1	3	3	-1.6010802e+02
0	1	3	4	-3.3098178e+02
0	1	3	5	-2.2847444e+02
0	1	3	6	-2.7858154e+02
0	1	3	7	-1.8100591e+02
0	1	3	8	-3.0881799e+02
0	1	3	9	-2.1652182e+02
0	1	3	10	-2.8304150e+02
0	1	3	11	-2.6819528e+02
0	1	3	12	-3.3293329e+02
0	1	3	13	-3.5083633e+02
0	1	3	14	-3.4044693e+02
0	1	3	15	-3.8293759e+02
0	1	3	16	-3.4239560e+02
0	1	3	17	-4.9830655e+02
0	1	3	18	-3.8891013e+02
0	1	3	19	-3.1689380e+02
0	1	3	20	-3.5326257e+02
0	1	3	21	-4.2223709e+02
0	1	3	22	-3.4087170e+02
0	1	3	23	-3.3357751e+02
0	1	3	24	-3.5004279e+02
0	1	3	25	-3.9097253e+02
0	1	3	26	-4.9956732e+02
0	1	3	27	-3.3780383e+02
0	1	3	28	-4.5392624e+02
0	1	3	29	-3.4984949e+02
0	1	3	30	-4.2543100e+02
0	1	3	31	-4.5460712e+02
0	1	3	32	-3.2214429e+02
0	1	3	33	-3.3391666e+02
0	1	3	34	5.9267971e+01
0	1	3	35	1.4363026e+02
0	1	3	36	1.6929008e+02
0	1	3	37	1.9876971e+02
0	1	3	38	1.0815432e+02
0	1	3	39	1.5751970e+02
0	1	3	40	2.4452113e+02
0	1	3	41	5.3054901e+01
0	1	3	42	1.0843470e+02
0	1	3	43	1.9707768e+02
0	1	3	44	1.8785674e+02
0	1	3	45	2.3599535e+02
0	1	3	46	2.0117899e+02
0	1	3	47	1.4007069e+02
0	1	3	48	1.8195778e+02
0	1	3	49	1.5501324e+02
0	1	3	50	2.4262204e+02
0	1	3	51	5.9794672e+02
0	1	3	52	5.7182690e+02
0	1	3	53	2.7949115e+02
0	1	3	54	2.6160928e+02
0	1	3	55	3.8183856e+02
0	1	3	56	5.8156110e+02
0	1	3	57	4.6275800e+02
0	1	3	58	3.5495135e+02
0	1	3	59	4.0403564e+02
0	1	3	60	3.9393936e+02
0	1	3	61	3.6779102e+02
0	1	3	62	2.9042130e+02
0	1	3	63	4.7338382e+02
0	1	4	0	-4.3279312e+02
0	1	4	1	-3.8938034e+02
0	1	4	2	-1.7589047e+02
0	1	4	3	-2.4938077e+02
0	1	4	4	-2.7147052e+02
0	1	4	5	-4.0887241e+02
0	1	4	6	-3.1032471e+02
0	1	4	7	-3.8394397e+02
0	1	4	8	-3.6923447e+02
0	1	4	9	-2.6023367e+02
0	1	4	10	-3.5405869e+02
0	1	4	11	-2.6821121e+02
0	1	4	12	-3.0099304e+02
0	1	4	13	-3.4663574e+02
0	1	4	14	-4.3971841e+02
0	1	4	15	-2.1163292e+02
0	1	4	16	-4.6297574e+02
0	1	4	17	-4.0845572e+02
0	1	4	18	-2.7638177e+02
0	1	4	19	-6.0290723e+02
0	1	4	20	-2.5476003e+02
0	1	4	21	-3.4258554e+02
0	1	4	22	-4.6277527e+02
0	1	4	23	-2.9545325e+02
0	1	4	24	-3.9420731e+02
0	1	4	25	-3.2542874e+02
0	1	4	26	-4.5083295e+02
0	1	4	27	-3.8577844e+02
0	1	4	28	-3.6391998e+02
0	1	4	29	-4.3369153e+02
0	1	4	30	-4.0349323e+02
0	1	4	31	-3.8987479e+02
0	1	4	32	-4.1678598e+02
0	1	4	33	-3.9189960e+02
0	1	4	34	1.5405511e+02
0	1	4	35	2.1482092e+02
0	1	4	36	1.4401830e+02
0	1	4	37	6.1147995e+01
0	1	4	38	4.0629459e+01
0	1	4	39	6.7618652e+01
0	1	4	40	4.7939663e+01
0	1	4	41	-1.0495166e+01
0	1	4	42	4.8556335e+01
0	1	4	43	1.0287893e+02
0	1	4	44	1.3374159e+02
0	1	4	45	-4.2621961e+00
0	1	4	46	3.4747723e+01
0	1	4	47	6.8850418e+01
0	1	4	48	-5.8206474e+01
0	1	4	49	3.9588428e+01
0	1	4	50	1.4060484e+02
0	1	4	51	4.6273798e+02
0	1	4	52	5.4703186e+02
0	1	4	53	3.3387912e+02
0	1	4	54	2.9341507e+02
0	1	4	55	1.8062213e+02
0	1	4	56	5.5492365e+02
0	1	4	57	4.8515527e+02
0	1	4	58	4.3062717e+02
0	1	4	59	3.1325092e+02
0	1	4	60	3.9745969e+02
0	1	4	61	2.7226965e+02
0	1	4	62	2.2821992e+02
0	1	4	63	3.6550092e+02
0	1	5	0	-2.3081212e+02
0	1	5	1	-1.9619485e+02
0	1	5	2	-3.3366138e+02
0	1	5	3	-1.1253391e+02
0	1	5	4	-2.6324878e+02
0	1	5	5	-1.5847676e+02
0	1	5	6	-2.2932339e+02
0	1	5	7	-2.6485596e+02
0	1	5	8	-2.1560431e+02
0	1	5	9	-1.6675511e+02
0	1	5	10	-3.2202618e+02
0	1	5	11	-2.6173251e+02
0	1	5	12	-3.6874149e+02
0	1	5	13	-2.7868356e+02
0	1	5	14	-3.0842017e+02
0	1	5	15	-3.2036420e+02
0	1	5	16	-2.3749857e+02
0	1	5	17	-3.6268100e+02
0	1	5	18	-3.1465503e+02
0	1	5	19	-4.9210486e+02
0	1	5	20	-5.0554657e+02
0	1	5	21	-3.9629453e+02
0	1	5	22	-4.9635623e+02
0	1	5	23	-3.1752319e+02
0	1	5	24	-3.3449307e+02
0	1	5	25	-2.7698459e+02
0	1	5	26	-2.8378934e+02
0	1	5	27	-2.9064392e+02
0	1	5	28	-3.9242630e+02
0	1	5	29	-2.5720703e+02
0	1	5	30	-2.4936559e+02
0	1	5	31	-3.2912769e+02
0	1	5	32	-3.3921127e+02
0	1	5	33	-3.8901410e+02
0	1	5	34	2.4162029e+02
0	1	5	35	2.0042992e+02
0	1	5	36	2.3139439e+02
0	1	5	37	6.9832909e+01
0	1	5	38	2.1019907e+02
0	1	5	39	1.8348250e+02
0	1	5	40	2.4612692e+02
0	1	5	41	1.7607315e+02
0	1	5	42	1.9589653e+02
0	1	5	43	1.3565434e+02
0	1	5	44	4.0776184e+02
0	1	5	45	1.1368218e+02
0	1	5	46	2.0059340e+02
0	1	5	47	2.2828870e+02
0	1	5	48	3.2754410e+02
0	1	5	49	3.9404919e+02
0	1	5	50	2.8973450e+02
0	1	5	51	5.4731360e+02
0	1	5	52	6.6252039e+02
0	1	5	53	4.0308905e+02
0	1	5	54	4.3472906e+02
0	1	5	55	4.3257999e+02
0	1	5	56	6.4931256e+02
0	1	5	57	5.5385754e+02
0	1	5	58	3.2388348e+02
0	1	5	59	3.5254736e+02
0	1	5	60	6.1623499e+02
0	1	5	61	3.3690640e+02
0	1	5	62	3.7559503e+02
0	1	5	63	6.3174255e+02
0	1	6	0	-2.5750342e+02
0	1	6	1	-2.8529135e+02
0	1	6	2	-2.5023785e+02
0	1	6	3	-3.1412036e+02
0	1	6	4	-3.5170963e+02
0	1	6	5	-3.0991000e+02
0	1	6	6	-2.9625436e+02
0	1	6	7	-2.7868381e+02
0	1	6	8	-2.6984760e+02
0	1	6	9	-2.8492279e+02
0	1	6	10	-3.1339877e+02
0	1	6	11	-4.2193579e+02
0	1	6	12	-3.9688672e+02
0	1	6	13	-2.7827383e+02
0	1	6	14	-2.8013968e+02
0	1	6	15	-2.4717003e+02
0	1	6	16	-4.3114270e+02
0	1	6	17	-4.5589978e+02
0	1	6	18	-3.6898373e+02
0	1	6	19	-4.1183884e+02
0	1	6	20	-5.5119598e+02
0	1	6	21	-3.6920502e+02
0	1	6	22	-3.8887292e+02
0	1	6	23	-3.9736673e+02
0	1	6	24	-3.7220255e+02
0	1	6	25	-4.1974966e+02
0	1	6	26	-5.7194250e+02
0	1	6	27	-5.3573309e+02
0	1	6	28	-3.8743051e+02
0	1	6	29	-2.7986142e+02
0	1	6	30	-3.6861786e+02
0	1	6	31	-4.0553683e+02
0	1	6	32	-4.2368988e+02
0	1	6	33	-3.7703763e+02
0	1	6	34	1.1311396e+02
0	1	6	35	1.7688307e+02
0	1	6	36	4.3986197e+00
0	1	6	37	1.8654558e+02
0	1	6	38	1.5676772e+02
0	1	6	39	1.4680261e+02
0	1	6	40	1.8280956e+02
0	1	6	41	1.4553889e+02
0	1	6	42	2.5298601e+02
0	1	6	43	2.1523811e+02
0	1	6	44	7.0147758e+01
0	1	6	45	1.0403212e+02
0	1	6	46	2.6004321e+02
0	1	6	47	5.4153198e+01
0	1	6	48	2.0325826e+02
0	1	6	49	8.3383263e+01
0	1	6	50	1.2061189e+02
0	1	6	51	7.1869458e+02
0	1	6	52	6.4209418e+02
0	1	6	53	3.3409525e+02
0	1	6	54	1.8304884e+02
0	1	6	55	4.2955521e+02
0	1	6	56	5.3796686e+02
0	1	6	57	5.2301306e+02
0	1	6	58	4.6977859e+02
0	1	6	59	3.7478195e+02
0	1	6	60	4.1109363e+02
0	1	6	61	3.7879742e+02
0	1	6	62	3.5577188e+02
0	1	6	63	3.5074045e+02
0	1	7	0	-2.5356203e+02
0	1	7	1	-3.3369003e+02
0	1	7	2	-3.8493808e+02
0	1	7	3	-3.2436353e+02
0	1	7	4	-4.8790582e+02
0	1	7	5	-3.1852005e+02
0	1	7	6	-3.7371054e+02
0	1	7	7	-3.5220746e+02
0	1	7	8	-5.1385278e+02
0	1	7	9	-3.8078784e+02
0	1	7	10	-4.5441986e+02
0	1	7	11	-4.0180911e+02
0	1	7	12	-4.7090775e+02
0	1	7	13	-3.8403650e+02
0	1	7	14	-4.6511923e+02
0	1	7	15	-3.7471432e+02
0	1	7	16	-6.1863300e+02
0	1	7	17	-5.1677490e+02
0	1	7	18	-5.2022723e+02
0	1	7	19	-6.0860114e+02
0	1	7	20	-5.9801746e+02
0	1	7	21	-5.3916516e+02
0	1	7	22	-5.4455865e+02
0	1	7	23	-4.2707932e+02
0	1	7	24	-5.6838153e+02
0	1	7	25	-4.4042389e+02
0	1	7	26	-4.9524408e+02
0	1	7	27	-5.7361865e+02
0	1	7	28	-4.3117120e+02
0	1	7	29	-5.9220166e+02
0	1	7	30	-5.1860022e+02
0	1	7	31	-6.5997919e+02
0	1	7	32	-5.7417725e+02
0	1	7	33	-5.9709338e+02
0	1	7	34	5.9458164e+01
0	1	7	35	-1.8689301e+01
0	1	7	36	5.8760174e+01
0	1	7	37	1.2741471e+01
0	1	7	38	1.0592668e+02
0	1	7	39	1.1996995e+01
0	1	7	40	7.1124550e+01
0	1	7	41	9.0456001e+01
0	1	7	42	8.3208138e+01
0	1	7	43	-4.6075094e-01
0	1	7	44	3.7969387e+01
0	1	7	45	6.3294678e+01
0	1	7	46	7.0667633e+01
0	1	7	47	1.1985726e+02
0	1	7	48	2.9292864e+01
0	1	7	49	-5.8004082e+01
0	1	7	50	3.2135010e+01
0	1	7	51	4.1890292e+02
0	1	7	52	5.2724060e+02
0	1	7	53	2.2313939e+02
0	1	7	54	2.4343033e+02
0	1	7	55	2.2620322e+02
0	1	7	56	3.3971039e+02
0	1	7	57	3.1233725e+02
0	1	7	58	2.8495294e+02
0	1	7	59	2.4220876e+02
0	1	7	60	2.7107559e+02
0	1	7	61	6.1665459e+01
0	1	7	62	2.3333446e+02
0	1	7	63	1.6817685e+02
0	1	8	0	-2.6867969e+02
0	1	8	1	-2.8923035e+02
0	1	8	2	-3.3657117e+02
0	1	8	3	-2.9193768e+02
0	1	8	4	-3.7103574e+02
0	1	8	5	-2.9219785e+02
0	1	8	6	-3.3402045e+02
0	1	8	7	-2.7545569e+02
0	1	8	8	-3.4010815e+02
0	1	8	9	-2.8405798e+02
0	1	8	10	-2.9389767e+02
0	1	8	11	-2.7344629e+02
0	1	8	12	-4.8077554e+02
0	1	8	13	-3.2539902e+02
0	1	8	14	-3.1212186e+02
0	1	8	15	-3.5211417e+02
0	1	8	16	-5.1904919e+02
0	1	8	17	-4.0593408e+02
0	1	8	18	-5.8535120e+02
0	1	8	19	-4.2206003e+02
0	1	8	20	-3.9111871e+02
0	1	8	21	-3.8912308e+02
0	1	8	22	-3.9688046e+02
0	1	8	23	-5.7400476e+02
0	1	8	24	-4.1438364e+02
0	1	8	25	-4.3798010e+02
0	1	8	26	-4.2093839e+02
0	1	8	27	-4.6822253e+02
0	1	8	28	-5.6540326e+02
0	1	8	29	-4.9169125e+02
0	1	8	30	-4.0739099e+02
0	1	8	31	-4.8920706e+02
0	1	8	32	-5.8373395e+02
0	1	8	33	-4.5251175e+02
0	1	8	34	7.0235184e+01
0	1	8	35	8.2904510e+01
0	1	8	36	1.1030463e+02
0	1	8	37	1.6199606e+02
0	1	8	38	1.2573299e+02
0	1	8	39	1.4904688e+02
0	1	8	40	1.2504820e+02
0	1	8	41	1.3133638e+02
0	1	8	42	1.2049057e+02
0	1	8	43	1.7974356e+02
0	1	8	44	1.9779543e+02
0	1	8	45	1.4688063e+02
0	1	8	46	2.0948184e+02
0	1	8	47	1.2399940e+02
0	1	8	48	1.5269397e+02
0	1	8	49	8.1848969e+01
0	1	8	50	1.5983917e+02
0	1	8	51	6.3042548e+02
0	1	8	52	6.4635870e+02
0	1	8	53	3.0012595e+02
0	1	8	54	3.3296255e+02
0	1	8	55	3.9377832e+02
0	1	8	56	4.8897162e+02
0	1	8	57	4.7787909e+02
0	1	8	58	3.3058939e+02
0	1	8	59	3.1317963e+02
0	1	8	60	1.8080135e+02
0	1	8	61	2.9581555e+02
0	1	8	62	3.0149600e+02
0	1	8	63	2.3506935e+02
0	1	9	0	-2.3244861e+02
0	1	9	1	-4.1767630e+02
0	1	9	2	-2.6637213e+02
0	1	9	3	-2.2415813e+02
0	1	9	4	-3.7751083e+02
0	1	9	5	-2.7149951e+02
0	1	9	6	-4.2551492e+02
0	1	9	7	-1.9532841e+02
0	1	9	8	-2.2511551e+02
0	1	9	9	-3.4714304e+02
0	1	9	10	-2.3801195e+02
0	1	9	11	-2.4087080e+02
0	1	9	12	-3.4446008e+02
0	1	9	13	-3.6858487e+02
0	1	9	14	-5.5168604e+02
0	1	9	15	-4.2487582e+02
0	1	9	16	-3.9293469e+02
0	1	9	17	-3.6223224e+02
0	1	9	18	-4.4328210e+02
0	1	9	19	-3.1551840e+02
0	1	9	20	-3.8127942e+02
0	1	9	21	-2.8479895e+02
0	1	9	22	-3.8131445e+02
0	1	9	23	-3.9159711e+02
0	1	9	24	-4.4059558e+02
0	1	9	25	-3.2977527e+02
0	1	9	26	-3.3279846e+02
0	1	9	27	-4.0382626e+02
0	1	9	28	-3.2994376e+02
0	1	9	29	-4.5428448e+02
0	1	9	30	-3.8279401e+02
0	1	9	31	-5.6713794e+02
0	1	9	32	-4.1391995e+02
0	1	9	33	-5.3482819e+02
0	1	9	34	9.7606598e+01
0	1	9	35	3.1733244e+01
0	1	9	36	9.2748734e+01
0	1	9	37	-5.6663342e+01
0	1	9	38	1.4629211e+02
0	1	9	39	5.5428261e+01
0	1	9	40	6.5316589e+01
0	1	9	41	-6.2635094e+01
0	1	9	42	2.2752438e+02
0	1	9	43	1.8818921e+02
0	1	9	44	2.2078525e+02
0	1	9	45	-3.8919151e+01
0	1	9	46	2.0179886e+02
0	1	9	47	1.3337650e+02
0	1	9	48	1.6042377e+02
0	1	9	49	1.2532115e+02
0	1	9	50	1.4721512e+02
0	1	9	51	6.3053882e+02
0	1	9	52	5.4382440e+02
0	1	9	53	3.0092508e+02
0	1	9	54	3.8421805e+02
0	1	9	55	3.0514410e+02
0	1	9	56	3.9724039e+02
0	1	9	57	5.1958679e+02
0	1	9	58	3.4025024e+02
0	1	9	59	2.3023869e+02
0	1	9	60	3.2680820e+02
0	1	9	61	2.7946213e+02
0	1	9	62	3.1952792e+02
0	1	9	63	2.7008875e+02
0	1	10	0	-2.3578325e+02
0	1	10	1	-2.6548505e+02
0	1	10	2	-2.1697490e+02
0	1	10	3	-3.0226807e+02
0	1	10	4	-2.9300931e+02
0	1	10	5	-2.7241418e+02
0	1	10	6	-3.1478976e+02
0	1	10	7	-3.1101660e+02
0	1	10	8	-2.5853732e+02
0	1	10	9	-2.1487642e+02
0	1	10	10	-3.3372964e+02
0	1	10	11	-2.3449451e+02
0	1	10	12	-3.3668274e+02
0	1	10	13	-2.9790628e+02
0	1	10	14	-3.4607654e+02
0	1	10	15	-2.5198686e+02
0	1	10	16	-3.7320822e+02
0	1	10	17	-5.8740698e+02
0	1	10	18	-3.6494617e+02
0	1	10	19	-4.0917603e+02
0	1	10	20	-2.5121916e+02
0	1	10	21	-4.2755063e+02
0	1	10	22	-3.6926657e+02
0	1	10	23	-4.1470447e+02
0	1	10	24	-5.7173010e+02
0	1	10	25	-3.5540973e+02
0	1	10	26	-4.1148386e+02
0	1	10	27	-4.3486221e+02
0	1	10	28	-3.7864102e+02
0	1	10	29	-4.5667395e+02
0	1	10	30	-5.2979022e+02
0	1	10	31	-4.1826981e+02
0	1	10	32	-4.1954108e+02
0	1	10	33	-4.6052347e+02
0	1	10	34	-6.7504623e+01
0	1	10	35	3.9971876e+00
0	1	10	36	1.2102705e+02
0	1	10	37	-6.0763626e+01
0	1	10	38	-3.0909731e+01
0	1	10	39	-3.5050880e+01
0	1	10	40	8.6184593e+01
0	1	10	41	-8.2806641e+01
0	1	10	42	-4.0264900e+01
0	1	10	43	-1.3615115e+02
0	1	10	44	2.4104036e+01
0	1	10	45	1.4451326e+01
0	1	10	46	-1.9220663e+01
0	1	10	47	-1.5160425e+02
0	1	10	48	7.0761042e+00
0	1	10	49	9.5622635e+00
0	1	10	50	2.9545010e+01
0	1	10	51	4.0310428e+02
0	1	10	52	3.3494122e+02
0	1	10	53	1.1946381e+02
0	1	10	54	1.5703506e+02
0	1	10	55	1.9811792e+02
0	1	10	56	3.5325928e+02
0	1	10	57	3.8913873e+02
0	1	10	58	2.8630865e+02
0	1	10	59	2.5260805e+02
0	1	10	60	2.5421544e+02
0	1	10	61	1.5925250e+02
0	1	10	62	3.0411032e+02
0	1	10	63	3.2142023e+02
0	1	11	0	-1.0296880e+02
0	1	11	1	-2.0720772e+02
0	1	11	2	-1.1081831e+02
0	1	11	3	-1.4411278e+02
0	1	11	4	-2.4602138e+02
0	1	11	5	-2.2370045e+02
0	1	11	6	-1.4316383e+02
0	1	11	7	-1.7346950e+02
0	1	11	8	-2.1464229e+02
0	1	11	9	-7.3021034e+01
0	1	11	10	-1.4310155e+02
0	1	11	11	-3.3854897e+01
0	1	11	12	-2.2970644e+02
0	1	11	13	-1.6484302e+02
0	1	11	14	-3.0979501e+02
0	1	11	15	-2.2045782e+02
0	1	11	16	-2.8360141e+02
0	1	11	17	-4.7693463e+02
0	1	11	18	-2.7903479e+02
0	1	11	19	-4.0624933e+02
0	1	11	20	-3.6309683e+02
0	1	11	21	-3.5099536e+02
0	1	11	22	-2.8396463e+02
0	1	11	23	-2.7103748e+02
0	1	11	24	-3.1655734e+02
0	1	11	25	-2.9617993e+02
0	1	11	26	-2.4752516e+02
0	1	11	27	-1.3777151e+02
0	1	11	28	-3.1198523e+02
0	1	11	29	-2.5476093e+02
0	1	11	30	-3.1117661e+02
0	1	11	31	-2.8813187e+02
0	1	11	32	-2.9624777e+02
0	1	11	33	-3.7041187e+02
0	1	11	34	1.8833820e+02
0	1	11	35	1.5320886e+02
0	1	11	36	2.0389864e+02
0	1	11	37	2.3076166e+02
0	1	11	38	2.3179707e+02
0	1	11	39	2.1420952e+02
0	1	11	40	3.1419080e+02
0	1	11	41	1.8039566e+02
0	1	11	42	1.2063109e+02
0	1	11	43	2.1478839e+02
0	1	11	44	3.5866275e+02
0	1	11	45	2.4769475e+02
0	1	11	46	3.4063614e+02
0	1	11	47	2.7955627e+02
0	1	11	48	3.6821408e+02
0	1	11	49	1.8735153e+02
0	1	11	50	2.0679384e+02
0	1	11	51	6.8093750e+02
0	1	11	52	5.1661218e+02
0	1	11	53	4.8423505e+02
0	1	11	54	4.2858273e+02
0	1	11	55	4.4288541e+02
0	1	11	56	6.1790338e+02
0	1	11	57	5.1737396e+02
0	1	11	58	4.4465543e+02
0	1	11	59	3.8078259e+02
0	1	11	60	3.2655609e+02
0	1	11	61	3.4218835e+02
0	1	11	62	4.0416937e+02
0	1	11	63	3.0503232e+02
0	1	12	0	-1.1048625e+02
0	1	12	1	-1.6629559e+02
0	1	12	2	-1.0802733e+02
0	1	12	3	-1.6952821e+02
0	1	12	4	-2.7028793e+02
0	1	12	5	-1.4939828e+02
0	1	12	6	-1.3788647e+02
0	1	12	7	-1.5978119e+02
0	1	12	8	-2.3437012e+02
0	1	12	9	-2.8317963e+02
0	1	12	10	-1.6436763e+02
0	1	12	11	-1.3017393e+02
0	1	12	12	-2.9598495e+02
0	1	12	13	-2.1972054e+02
0	1	12	14	-3.5754916e+02
0	1	12	15	-1.5233011e+02
0	1	12	16	-2.8683026e+02
0	1	12	17	-2.9437781e+02
0	1	12	18	-2.2461826e+02
0	1	12	19	-2.8388873e+02
0	1	12	20	-2.6723618e+02
0	1	12	21	-2.3483136e+02
0	1	12	22	-2.7355649e+02
0	1	12	23	-2.0223503e+02
0	1	12	24	-2.8251694e+02
0	1	12	25	-1.8369704e+02
0	1	12	26	-3.1243344e+02
0	1	12	27	-3.0692007e+02
0	1	12	28	-4.4869113e+02
0	1	12	29	-2.8776007e+02
0	1	12	30	-3.4875983e+02
0	1	12	31	-3.2113394e+02
0	1	12	32	-2.5474757e+02
0	1	12	33	-3.2055576e+02
0	1	12	34	1.7688026e+02
0	1	12	35	9.1673050e+01
0	1	12	36	2.8842719e+02
0	1	12	37	2.0786140e+02
0	1	12	38	2.6686505e+02
0	1	12	39	2.5934854e+02
0	1	12	40	4.4917091e+01
0	1	12	41	1.2966489e+02
0	1	12	42	2.8668521e+02
0	1	12	43	2.2121071e+02
0	1	12	44	1.9311906e+02
0	1	12	45	1.8735939e+02
0	1	12	46	2.9146277e+02
0	1	12	47	2.5636752e+02
0	1	12	48	1.9808327e+02
0	1	12	49	1.9277472e+02
0	1	12	50	2.9101373e+02
0	1	12	51	7.0699915e+02
0	1	12	52	7.4111780e+02
0	1	12	53	4.2174631e+02
0	1	12	54	3.5745096e+02
0	1	12	55	2.4061615e+02
0	1	12	56	5.4208673e+02
0	1	12	57	5.3420673e+02
0	1	12	58	4.3834537e+02
0	1	12	59	4.3268112e+02
0	1	12	60	3.6673880e+02
0	1	12	61	4.4980481e+02
0	1	12	62	4.5744559e+02
0	1	12	63	4.0785208e+02
0	1	13	0	-2.7811746e+02
0	1	13	1	-1.7023669e+02
0	1	13	2	-2.6845218e+02
0	1	13	3	-2.8587067e+02
0	1	13	4	-2.5149802e+02
0	1	13	5	-2.1640695e+02
0	1	13	6	-2.5185706e+02
0	1	13	7	-2.4571140e+02
0	1	13	8	-2.3302589e+02
0	1	13	9	-1.1417224e+02
0	1	13	10	-2.5933228e+02
0	1	13	11	-2.3454166e+02
0	1	13	12	-2.6328406e+02
0	1	13	13	-3.4038342e+02
0	1	13	14	-3.0613696e+02
0	1	13	15	-2.1750497e+02
0	1	13	16	-3.9944461e+02
0	1	13	17	-2.5285005e+02
0	1	13	18	-4.8152060e+02
0	1	13	19	-5.0794455e+02
0	1	13	20	-3.5998575e+02
0	1	13	21	-3.8770944e+02
0	1	13	22	-3.8140793e+02
0	1	13	23	-3.0181308e+02
0	1	13	24	-3.0475220e+02
0	1	13	25	-3.0410025e+02
0	1	13	26	-3.4400470e+02
0	1	13	27	-4.0548254e+02
0	1	13	28	-2.4263591e+02
0	1	13	29	-2.7539633e+02
0	1	13	30	-2.9564536e+02
0	1	13	31	-4.0250381e+02
0	1	13	32	-3.7116962e+02
0	1	13	33	-3.3660519e+02
0	1	13	34	1.1165657e+01
0	1	13	35	1.4866872e+02
0	1	13	36	4.2384808e+01
0	1	13	37	1.6076886e+02
0	1	13	38	1.8861066e+02
0	1	13	39	-9.5755072e+00
0	1	13	40	2.0634523e+02
0	1	13	41	1.0435331e+02
0	1	13	42	2.5828668e+02
0	1	13	43	6.5409607e+01
0	1	13	44	2.2719250e+02
0	1	13	45	1.6198898e+02
0	1	13	46	2.9757361e+02
0	1	13	47	1.2744220e+02
0	1	13	48	2.3437576e+02
0	1	13	49	2.3149095e+02
0	1	13	50	2.4694994e+02
0	1	13	51	6.0034052e+02
0	1	13	52	6.0806348e+02
0	1	13	53	2.1765656e+02
0	1	13	54	4.1543347e+02
0	1	13	55	4.7601059e+02
0	1	13	56	5.0421338e+02
0	1	13	57	4.9337808e+02
0	1	13	58	3.3488269e+02
0	1	13	59	3.4094058e+02
0	1	13	60	2.2166995e+02
0	1	13	61	3.4922601e+02
0	1	13	62	3.8411594e+02
0	1	13	63	2.9507156e+02
0	1	14	0	-1.0223964e+02
0	1	14	1	-2.0811000e+02
0	1	14	2	-7.2124519e+01
0	1	14	3	-8.2733215e+01
0	1	14	4	-2.8475473e+02
0	1	14	5	-1.7127554e+02
0	1	14	6	-2.4488315e+02
0	1	14	7	-1.1293803e+02
0	1	14	8	-1.7562582e+02
0	1	14	9	-3.2058548e+01
0	1	14	10	-1.5683064e+02
0	1	14	11	-1.2676224e+02
0	1	14	12	-2.3891446e+02
0	1	14	13	-2.8745184e+02
0	1	14	14	-1.3716278e+02
0	1	14	15	-2.7684802e+02
0	1	14	16	-2.3185182e+02
0	1	14	17	-2.6375845e+02
0	1	14	18	-2.3641759e+02
0	1	14	19	-3.2691635e+02
0	1	14	20	-1.7436684e+02
0	1	14	21	-2.9627887e+02
0	1	14	22	-2.1149707e+02
0	1	14	23	-2.2630220e+02
0	1	14	24	-3.3103412e+02
0	1	14	25	-2.3028796e+02
0	1	14	26	-2.6467059e+02
0	1	14	27	-3.2025021e+02
0	1	14	28	-2.3015271e+02
0	1	14	29	-4.0279340e+02
0	1	14	30	-2.8688245e+02
0	1	14	31	-4.4345282e+02
0	1	14	32	-2.7851959e+02
0	1	14	33	-3.2526642e+02
0	1	14	34	2.2450790e+02
0	1	14	35	7.3530006e+01
0	1	14	36	3.6578311e+02
0	1	14	37	-2.5615904e+01
0	1	14	38	2.9700092e+02
0	1	14	39	2.1876457e+02
0	1	14	40	1.6090439e+02
0	1	14	41	1.0466137e+02
0	1	14	42	3.6549332e+01
0	1	14	43	8.2467522e+01
0	1	14	44	8.4099533e+01
0	1	14	45	1.5652464e+02
0	1	14	46	7.1743866e+01
0	1	14	47	1.0875350e+02
0	1	14	48	1.8010114e+02
0	1	14	49	1.7479546e+02
0	1	14	50	2.7350372e+02
0	1	14	51	6.3697662e+02
0	1	14	52	7.4141193e+02
0	1	14	53	3.9070740e+02
0	1	14	54	3.6953207e+02
0	1	14	55	4.3156879e+02
0	1	14	56	5.6691870e+02
0	1	14	57	3.3722543e+02
0	1	14	58	4.8457822e+02
0	1	14	59	2.9380701e+02
0	1	14	60	2.2389095e+02
0	1	14	61	4.5946225e+02
0	1	14	62	4.5766895e+02
0	1	14	63	3.7640274e+02
0	1	15	0	-4.1822198e+02
0	1	15	1	-6.9621484e+02
0	1	15	2	-3.7145773e+02
0	1	15	3	-5.2247711e+02
0	1	15	4	-3.9971808e+02
0	1	15	5	-5.3958533e+02
0	1	15	6	-5.1158566e+02
0	1	15	7	-6.3657904e+02
0	1	15	8	-6.6052203e+02
0	1	15	9	-3.5174774e+02
0	1	15	10	-6.2654578e+02
0	1	15	11	-3.6508347e+02
0	1	15	12	-5.4868390e+02
0	1	15	13	-5.8964868e+02
0	1	15	14	-6.0898810e+02
0	1	15	15	-7.4783862e+02
0	1	15	16	-5.8307159e+02
0	1	15	17	-4.9139377e+02
0	1	15	18	-6.3264746e+02
0	1	15	19	-5.2191516e+02
0	1	15	20	-5.5123682e+02
0	1	15	21	-7.0904962e+02
0	1	15	22	-5.3150989e+02
0	1	15	23	-4.2224054e+02
0	1	15	24	-6.2666577e+02
0	1	15	25	-5.6915137e+02
0	1	15	26	-7.6322858e+02
0	1	15	27	-6.2537732e+02
0	1	15	28	-4.1318900e+02
0	1	15	29	-4.6957608e+02
0	1	15	30	-4.9292511e+02
0	1	15	31	-5.5907489e+02
0	1	15	32	-7.3842334e+02
0	1	15	33	-5.1375720e+02
0	1	15	34	1.4318365e+02
0	1	15	35	-1.1941895e+02
0	1	15	36	1.1553916e+02
0	1	15	37	9.9742065e+01
0	1	15	38	9.0436211e+00
0	1	15	39	7.9398491e+01
0	1	15	40	-1.6262690e+01
0	1	15	41	2.0277849e+01
0	1	15	42	4.9290623e+01
0	1	15	43	6.7662415e+01
0	1	15	44	4.7601910e+01
0	1	15	45	4.4423702e+01
0	1	15	46	1.1521719e+02
0	1	15	47	8.5532818e+00
0	1	15	48	7.7546013e+01
0	1	15	49	6.8340851e+01
0	1	15	50	8.0713020e+01
0	1	15	51	5.6641510e+02
0	1	15	52	5.8561188e+02
0	1	15	53	2.9673584e+02
0	1	15	54	2.5573932e+02
0	1	15	55	3.1262271e+02
0	1	15	56	4.3978952e+02
0	1	15	57	2.8974274e+02
0	1	15	58	3.1091928e+02
0	1	15	59	3.5599371e+02
0	1	15	60	3.6500424e+02
0	1	15	61	1.8850922e+02
0	1	15	62	1.9506256e+02
0	1	15	63	3.5321265e+02
0	2	0	0	-3.0734378e+02
0	2	0	1	-2.7259927e+02
0	2	0	2	-1.4165741e+02
0	2	0	3	-3.6918555e+02
0	2	0	4	-3.1407458e+02
0	2	0	5	-2.6477432e+02
0	2	0	6	-2.5269691e+02
0	2	0	7	-1.6471121e+02
0	2	0	8	-2.0581795e+02
0	2	0	9	-1.0589581e+02
0	2	0	10	-2.7266074e+02
0	2	0	11	-2.7616971e+02
0	2	0	12	-3.4462720e+02
0	2	0	13	-2.9231525e+02
0	2	0	14	-3.9753018e+02
0	2	0	15	-2.7499014e+02
0	2	0	16	-3.7518970e+02
0	2	0	17	-4.3947049e+02
0	2	0	18	-5.4404272e+02
0	2	0	19	-3.3240695e+02
0	2	0	20	-2.8788315e+02
0	2	0	21	-3.5236557e+02
0	2	0	22	-3.3537897e+02
0	2	0	23	-3.8416772e+02
0	2	0	24	-3.5795920e+02
0	2	0	25	-3.9997742e+02
0	2	0	26	-5.1041327e+02
0	2	0	27	-3.6765274e+02
0	2	0	28	-3.9665863e+02
0	2	0	29	-3.9124323e+02
0	2	0	30	-3.7468781e+02
0	2	0	31	-4.6015887e+02
0	2	0	32	-4.3802197e+02
0	2	0	33	-4.0174124e+02
0	2	0	34	7.2255547e+01
0	2	0	35	6.5051834e+01
0	2	0	36	5.3539848e+01
0	2	0	37	1.1618588e+02
0	2	0	38	8.0088364e+01
0	2	0	39	1.9223222e+02
0	2	0	40	8.7275681e+01
0	2	0	41	1.5921880e+02
0	2	0	42	2.5761047e+02
0	2	0	43	2.0063605e+02
0	2	0	44	3.2897452e+02
0	2	0	45	2.1573357e+02
0	2	0	46	2.9652313e+02
0	2	0	47	1.8615550e+02
0	2	0	48	2.3718391e+02
0	2	0	49	1.9314005e+02
0	2	0	50	1.1602417e+02
0	2	0	51	6.7788519e+02
0	2	0	52	5.9554169e+02
0	2	0	53	3.6472556e+02
0	2	0	54	5.5563824e+02
0	2	0	55	4.6551114e+02
0	2	0	56	6.0327661e+02
0	2	0	57	5.0271628e+02
0	2	0	58	2.0603954e+02
0	2	0	59	4.1384827e+02
0	2	0	60	4.9223459e+02
0	2	0	61	3.0755215e+02
0	2	0	62	1.7192235e+02
0	2	0	63	5.6586206e+02
0	2	1	0	-1.2295521e+02
0	2	1	1	-1.9390201e+02
0	2	1	2	-3.6217560e+02
0	2	1	3	-2.2849878e+02
0	2	1	4	-5.0284900e+02
0	2	1	5	-3.0952878e+02
0	2	1	6	-3.5071576e+02
0	2	1	7	-3.6865594e+02
0	2	1	8	-3.1752762e+02
0	2	1	9	-4.1493091e+02
0	2	1	10	-2.8595950e+02
0	2	1	11	-4.1158212e+02
0	2	1	12	-3.3519354e+02
0	2	1	13	-2.5173775e+02
0	2	1	14	-4.9651282e+02
0	2	1	15	-3.2530591e+02
0	2	1	16	-4.6768347e+02
0	2	1	17	-2.7979135e+02
0	2	1	18	-3.7735931e+02
0	2	1	19	-3.0991336e+02
0	2	1	20	-4.6732843e+02
0	2	1	21	-3.2701987e+02
0	2	1	22	-3.1508887e+02
0	2	1	23	-3.2859088e+02
0	2	1	24	-4.0356717e+02
0	2	1	25	-3.6587415e+02
0	2	1	26	-4.5846344e+02
0	2	1	27	-5.5767389e+02
0	2	1	28	-4.0401797e+02
0	2	1	29	-4.6159583e+02
0	2	1	30	-6.3814337e+02
0	2	1	31	-6.5031854e+02
0	2	1	32	-5.8433521e+02
0	2	1	33	-6.7433734e+02
0	2	1	34	-1.6547946e+02
0	2	1	35	-2.5372610e+01
0	2	1	36	-2.3468172e+01
0	2	1	37	2.9152580e+01
0	2	1	38	-3.6849556e+01
0	2	1	39	-1.5549106e+01
0	2	1	40	5.4058411e+01
0	2	1	41	9.8994122e+00
0	2	1	42	1.5471778e+01
0	2	1	43	-9.7912056e+01
0	2	1	44	3.1183004e+01
0	2	1	45	7.9826325e-01
0	2	1	46	-8.0527710e+01
0	2	1	47	-9.7567085e+01
0	2	1	48	-5.2061353e+00
0	2	1	49	-1.2281016e+02
0	2	1	50	-2.2565294e+01
0	2	1	51	4.5154007e+02
0	2	1	52	4.9918066e+02
0	2	1	53	1.0482327e+02
0	2	1	54	1.4336726e+02
0	2	1	55	1.6326454e+02
0	2	1	56	2.5984457e+02
0	2	1	57	2.9732294e+02
0	2	1	58	2.6808151e+02
0	2	1	59	1.5696370e+02
0	2	1	60	2.0697760e+02
0	2	1	61	1.2363232e+02
0	2	1	62	2.0024367e+02
0	2	1	63	2.8781183e+02
0	2	2	0	-2.4235976e+02
0	2	2	1	-3.4258167e+02
0	2	2	2	-1.8351591e+02
0	2	2	3	-3.7725366e+02
0	2	2	4	-2.7173483e+02
0	2	2	5	-2.7654071e+02
0	2	2	6	-2.9929559e+02
0	2	2	7	-4.2696072e+02
0	2	2	8	-2.5621326e+02
0	2	2	9	-3.0664111e+02
0	2	2	10	-3.6041629e+02
0	2	2	11	-2.1314943e+02
0	2	2	12	-3.0295593e+02
0	2	2	13	-3.0268967e+02
0	2	2	14	-4.2961044e+02
0	2	2	15	-3.9534937e+02
0	2	2	16	-5.8468274e+02
0	2	2	17	-3.4957806e+02
0	2	2	18	-4.8573538e+02
0	2	2	19	-3.9854181e+02
0	2	2	20	-5.1010867e+02
0	2	2	21	-4.4469034e+02
0	2	2	22	-3.1253461e+02
0	2	2	23	-4.0952820e+02
0	2	2	24	-5.0987030e+02
0	2	2	25	-4.0773224e+02
0	2	2	26	-5.0308405e+02
0	2	2	27	-4.6124194e+02
0	2	2	28	-3.7855957e+02
0	2	2	29	-4.7427603e+02
0	2	2	30	-4.3229077e+02
0	2	2	31	-4.5789468e+02
0	2	2	32	-4.1565872e+02
0	2	2	33	-5.4050275e+02
0	2	2	34	6.7379234e+01
0	2	2	35	-1.9002882e+01
0	2	2	36	-8.8140190e+01
0	2	2	37	1.3893584e+02
0	2	2	38	1.1176265e+02
0	2	2	39	4.1173286e+01
0	2	2	40	5.9643124e+01
0	2	2	41	7.0396278e+01
0	2	2	42	4.2023266e+01
0	2	2	43	1.9336659e+02
0	2	2	44	2.0113390e+02
0	2	2	45	1.9931255e+02
0	2	2	46	1.0657816e+02
0	2	2	47	1.1752341e+02
0	2	2	48	1.5210039e+02
0	2	2	49	6.8504883e+01
0	2	2	50	9.1764412e+01
0	2	2	51	6.0639160e+02
0	2	2	52	6.7524658e+02
0	2	2	53	3.6228040e+02
0	2	2	54	3.3542542e+02
0	2	2	55	2.3317361e+02
0	2	2	56	4.6093555e+02
0	2	2	57	4.4774265e+02
0	2	2	58	3.8321011e+02
0	2	2	59	3.3833029e+02
0	2	2	60	3.2322711e+02
0	2	2	61	3.6184167e+02
0	2	2	62	3.5009854e+02
0	2	2	63	2.6442691e+02
0	2	3	0	-4.2104532e+02
0	2	3	1	-5.5306665e+02
0	2	3	2	-3.5903500e+02
0	2	3	3	-5.0484467e+02
0	2	3	4	-3.6974411e+02
0	2	3	5	-4.0756766e+02
0	2	3	6	-5.3339307e+02
0	2	3	7	-3.9930719e+02
0	2	3	8	-5.8318738e+02
0	2	3	9	-3.8350488e+02
0	2	3	10	-5.7616931e+02
0	2	3	11	-4.4922006e+02
0	2	3	12	-4.5577402e+02
0	2	3	13	-4.8036020e+02
0	2	3	14	-5.4556787e+02
0	2	3	15	-4.7588403e+02
0	2	3	16	-5.3170117e+02
0	2	3	17	-4.9824881e+02
0	2	3	18	-6.4742981e+02
0	2	3	19	-4.1009082e+02
0	2	3	20	-5.5437482e+02
0	2	3	21	-5.7280420e+02
0	2	3	22	-3.8006015e+02
0	2	3	23	-5.5258606e+02
0	2	3	24	-5.2471069e+02
0	2	3	25	-4.4912854e+02
0	2	3	26	-5.1334912e+02
0	2	3	27	-4.7348779e+02
0	2	3	28	-3.6806918e+02
0	2	3	29	-3.9642978e+02
0	2	3	30	-5.1781946e+02
0	2	3	31	-4.9928464e+02
0	2	3	32	-6.3516949e+02
0	2	3	33	-5.1297626e+02
0	2	3	34	1.7062630e+02
0	2	3	35	-4.6864159e+01
0	2	3	36	-3.2947125e+00
0	2	3	37	2.1376289e+02
0	2	3	38	8.9370995e+01
0	2	3	39	6.4053108e+01
0	2	3	40	1.2374072e+02
0	2	3	41	3.1745798e+01
0	2	3	42	2.5299672e+02
0	2	3	43	8.5640671e+01
0	2	3	44	7.7511452e+01
0	2	3	45	2.5655394e+01
0	2	3	46	8.2140839e+01
0	2	3	47	-6.1255871e+01
0	2	3	48	6.5106987e+01
0	2	3	49	4.6333958e+01
0	2	3	50	1.3310260e+02
0	2	3	51	5.0180005e+02
0	2	3	52	4.9362167e+02
0	2	3	53	2.7565829e+02
0	2	3	54	2.0371323e+02
0	2	3	55	2.2128365e+02
0	2	3	56	3.7505939e+02
0	2	3	57	3.5560925e+02
0	2	3	58	2.8597101e+02
0	2	3	59	2.5587952e+02
0	2	3	60	2.1067332e+02
0	2	3	61	2.3145819e+02
0	2	3	62	1.2222198e+02
0	2	3	63	2.4691179e+02
0	2	4	0	-3.9983566e+02
0	2	4	1	-3.2616721e+02
0	2	4	2	-3.2002118e+02
0	2	4	3	-4.2649225e+02
0	2	4	4	-4.6810818e+02
0	2	4	5	-4.8349628e+02
0	2	4	6	-3.5055365e+02
0	2	4	7	-3.1453326e+02
0	2	4	8	-3.4154950e+02
0	2	4	9	-3.4420453e+02
0	2	4	10	-5.0787698e+02
0	2	4	11	-2.8209189e+02
0	2	4	12	-3.5427612e+02
0	2	4	13	-3.0031372e+02
0	2	4	14	-4.2729541e+02
0	2	4	15	-2.6614819e+02
0	2	4	16	-4.6992603e+02
0	2	4	17	-3.6558514e+02
0	2	4	18	-3.9823871e+02
0	2	4	19	-4.2322418e+02
0	2	4	20	-3.9853058e+02
0	2	4	21	-4.6027121e+02
0	2	4	22	-3.9760327e+02
0	2	4	23	-4.2401547e+02
0	2	4	24	-5.4354834e+02
0	2	4	25	-3.8706049e+02
0	2	4	26	-5.1063507e+02
0	2	4	27	-5.0439459e+02
0	2	4	28	-4.1156604e+02
0	2	4	29	-3.6558151e+02
0	2	4	30	-4.1614883e+02
0	2	4	31	-3.8390192e+02
0	2	4	32	-4.8141257e+02
0	2	4	33	-4.3362866e+02
0	2	4	34	-2.3801889e+01
0	2	4	35	1.8712502e+02
0	2	4	36	1.2931985e+02
0	2	4	37	9.4158699e+01
0	2	4	38	-3.6732544e+01
0	2	4	39	8.8316002e+01
0	2	4	40	1.0276196e+02
0	2	4	41	6.3348286e+01
0	2	4	42	6.6801125e+01
0	2	4	43	4.3576794e+01
0	2	4	44	1.1742041e+02
0	2	4	45	3.0103095e+00
0	2	4	46	9.5930801e+01
0	2	4	47	6.5618286e+01
0	2	4	48	9.8513443e+01
0	2	4	49	-2.4364679e+01
0	2	4	50	1.2733348e+02
0	2	4	51	5.1612830e+02
0	2	4	52	5.3758130e+02
0	2	4	53	1.9832607e+02
0	2	4	54	7.2828911e+01
0	2	4	55	2.7896317e+02
0	2	4	56	4.4275021e+02
0	2	4	57	3.7495950e+02
0	2	4	58	2.0284642e+02
0	2	4	59	2.5816171e+02
0	2	4	60	3.2631479e+02
0	2	4	61	1.9112021e+02
0	2	4	62	2.6773047e+02
0	2	4	63	2.5989883e+02
0	2	5	0	-1.9196049e+02
0	2	5	1	-3.7189706e+02
0	2	5	2	-2.0145322e+02
0	2	5	3	-3.1339911e+02
0	2	5	4	-4.0838184e+02
0	2	5	5	-2.2938963e+02
0	2	5	6	-3.9606503e+02
0	2	5	7	-2.6688306e+02
0	2	5	8	-4.8512469e+02
0	2	5	9	-2.5422098e+02
0	2	5	10	-3.2852817e+02
0	2	5	11	-3.6815811e+02
0	2	5	12	-3.6702652e+02
0	2	5	13	-3.2027975e+02
0	2	5	14	-5.5013446e+02
0	2	5	15	-3.3343271e+02
0	2	5	16	-5.2353601e+02
0	2	5	17	-3.7825143e+02
0	2	5	18	-4.8927945e+02
0	2	5	19	-4.2939337e+02
0	2	5	20	-4.2512061e+02
0	2	5	21	-4.0667133e+02
0	2	5	22	-4.0402771e+02
0	2	5	23	-4.9612030e+02
0	2	5	24	-4.7458688e+02
0	2	5	25	-4.5066400e+02
0	2	5	26	-4.2149435e+02
0	2	5	27	-4.3331760e+02
0	2	5	28	-3.7034848e+02
0	2	5	29	-4.2173453e+02
0	2	5	30	-4.7489404e+02
0	2	5	31	-4.3750439e+02
0	2	5	32	-4.8024557e+02
0	2	5	33	-3.1582062e+02
0	2	5	34	1.2444935e+02
0	2	5	35	1.0294112e+02
0	2	5	36	1.4832806e+02
0	2	5	37	1.4954185e+02
0	2	5	38	1.3688580e+02
0	2	5	39	1.3152580e+02
0	2	5	40	1.5661610e+02
0	2	5	41	1.3857553e+02
0	2	5	42	1.3164128e+02
0	2	5	43	1.2480537e+02
0	2	5	44	1.6682428e+02
0	2	5	45	1.3497548e+02
0	2	5	46	6.6465057e+01
0	2	5	47	1.5084332e+02
0	2	5	48	9.8743378e+01
0	2	5	49	1.1093676e+02
0	2	5	50	1.5637180e+02
0	2	5	51	4.3122388e+02
0	2	5	52	6.0004034e+02
0	2	5	53	3.1298630e+02
0	2	5	54	3.2059103e+02
0	2	5	55	3.3298215e+02
0	2	5	56	4.2517334e+02
0	2	5	57	4.8845300e+02
0	2	5	58	3.3409964e+02
0	2	5	59	2.8168353e+02
0	2	5	60	3.2322293e+02
0	2	5	61	3.2261841e+02
0	2	5	62	4.0806366e+02
0	2	5	63	2.7726398e+02
0	2	6	0	-3.4949872e+02
0	2	6	1	-3.8258426e+02
0	2	6	2	-2.7584650e+02
0	2	6	3	-3.8729095e+02
0	2	6	4	-4.5523688e+02
0	2	6	5	-3.6363684e+02
0	2	6	6	-3.1495490e+02
0	2	6	7	-3.5685345e+02
0	2	6	8	-4.6294214e+02
0	2	6	9	-2.7068387e+02
0	2	6	10	-4.5305627e+02
0	2	6	11	-2.5536935e+02
0	2	6	12	-4.2046796e+02
0	2	6	13	-3.4259009e+02
0	2	6	14	-2.7647903e+02
0	2	6	15	-3.9926483e+02
0	2	6	16	-4.3874216e+02
0	2	6	17	-4.7918225e+02
0	2	6	18	-3.2100046e+02
0	2	6	19	-4.8361771e+02
0	2	6	20	-4.2514059e+02
0	2	6	21	-3.9898230e+02
0	2	6	22	-5.1339880e+02
0	2	6	23	-5.3185419e+02
0	2	6	24	-4.7418451e+02
0	2	6	25	-4.1345438e+02
0	2	6	26	-4.7237796e+02
0	2	6	27	-4.6188348e+02
0	2	6	28	-4.0204233e+02
0	2	6	29	-4.3678540e+02
0	2	6	30	-3.9793085e+02
0	2	6	31	-5.2896100e+02
0	2	6	32	-6.0544049e+02
0	2	6	33	-4.8118716e+02
0	2	6	34	-4.7709709e+01
0	2	6	35	2.1312063e+01
0	2	6	36	2.9354603e+01
0	2	6	37	4.5473316e+01
0	2	6	38	-1.0266103e+02
0	2	6	39	-1.0113070e+01
0	2	6	40	-1.0499001e+02
0	2	6	41	4.4254662e+01
0	2	6	42	5.5549751e+01
0	2	6	43	2.9642004e+01
0	2	6	44	-1.1188210e+01
0	2	6	45	-3.3956440e+01
0	2	6	46	3.5426640e+01
0	2	6	47	-1.0455249e+02
0	2	6	48	-1.2698967e+02
0	2	6	49	-2.0553435e+02
0	2	6	50	-1.2354889e+02
0	2	6	51	3.8449875e+02
0	2	6	52	3.2855338e+02
0	2	6	53	1.7282735e+02
0	2	6	54	9.1284821e+01
0	2	6	55	1.5467764e+02
0	2	6	56	2.8447345e+02
0	2	6	57	3.4126727e+02
0	2	6	58	2.7034756e+02
0	2	6	59	2.4160387e+02
0	2	6	60	1.1211118e+02
0	2	6	61	1.0295961e+02
0	2	6	62	1.8141127e+02
0	2	6	63	2.5331824e+02
0	2	7	0	-2.2424815e+02
0	2	7	1	-4.6392319e+02
0	2	7	2	-3.0768182e+02
0	2	7	3	-2.8211453e+02
0	2	7	4	-3.3863474e+02
0	2	7	5	-1.6569080e+02
0	2	7	6	-4.1173792e+02
0	2	7	7	-1.8116435e+02
0	2	7	8	-3.2375916e+02
0	2	7	9	-2.5252988e+02
0	2	7	10	-2.3263513e+02
0	2	7	11	-2.8971631e+02
0	2	7	12	-3.9914600e+02
0	2	7	13	-2.6739948e+02
0	2	7	14	-4.0435443e+02
0	2	7	15	-2.7240393e+02
0	2	7	16	-4.3606717e+02
0	2	7	17	-3.6930228e+02
0	2	7	18	-4.0241202e+02
0	2	7	19	-3.2375412e+02
0	2	7	20	-3.7123074e+02
0	2	7	21	-4.0776138e+02
0	2	7	22	-5.7816406e+02
0	2	7	23	-3.7233469e+02
0	2	7	24	-3.6467395e+02
0	2	7	25	-3.7019397e+02
0	2	7	26	-3.9132648e+02
0	2	7	27	-3.3574411e+02
0	2	7	28	-3.3605350e+02
0	2	7	29	-3.4336246e+02
0	2	7	30	-3.4959589e+02
0	2	7	31	-4.2263293e+02
0	2	7	32	-5.6224622e+02
0	2	7	33	-2.9847498e+02
0	2	7	34	1.8148920e+02
0	2	7	35	1.6326759e+02
0	2	7	36	1.6501115e+02
0	2	7	37	1.9959041e+02
0	2	7	38	-4.0930279e+01
0	2	7	39	5.0188026e+01
0	2	7	40	2.0647070e+02
0	2	7	41	-8.3392509e+01
0	2	7	42	1.5157893e+02
0	2	7	43	8.8941612e+01
0	2	7	44	9.0564186e+01
0	2	7	45	7.5834824e+01
0	2	7	46	1.1770533e+02
0	2	7	47	8.0484024e+01
0	2	7	48	-2.8697220e+01
0	2	7	49	3.5349545e+01
0	2	7	50	1.3023973e+02
0	2	7	51	5.2094525e+02
0	2	7	52	5.9832434e+02
0	2	7	53	6.9298225e+01
0	2	7	54	3.2759143e+02
0	2	7	55	2.3970311e+02
0	2	7	56	4.8365051e+02
0	2	7	57	4.8411969e+02
0	2	7	58	3.0146683e+02
0	2	7	59	2.8229782e+02
0	2	7	60	2.9709341e+02
0	2	7	61	2.7446619e+02
0	2	7	62	3.2732285e+02
0	2	7	63	2.8705981e+02
0	2	8	0	-3.7907861e+02
0	2	8	1	-3.7728470e+02
0	2	8	2	-2.8814337e+02
0	2	8	3	-4.2367950e+02
0	2	8	4	-5.7376074e+02
0	2	8	5	-4.1292099e+02
0	2	8	6	-4.2498560e+02
0	2	8	7	-6.0836798e+02
0	2	8	8	-5.7553815e+02
0	2	8	9	-4.9615576e+02
0	2	8	10	-5.5652332e+02
0	2	8	11	-3.9747461e+02
0	2	8	12	-4.7603894e+02
0	2	8	13	-4.1977686e+02
0	2	8	14	-4.3773569e+02
0	2	8	15	-5.0810681e+02
0	2	8	16	-5.6107037e+02
0	2	8	17	-5.1215540e+02
0	2	8	18	-6.3478613e+02
0	2	8	19	-4.7297400e+02
0	2	8	20	-4.7757654e+02
0	2	8	21	-5.1968799e+02
0	2	8	22	-5.4078986e+02
0	2	8	23	-3.9588235e+02
0	2	8	24	-5.2685278e+02
0	2	8	25	-6.1157074e+02
0	2	8	26	-4.9673474e+02
0	2	8	27	-5.8458392e+02
0	2	8	28	-4.8007358e+02
0	2	8	29	-6.1364752e+02
0	2	8	30	-5.3448651e+02
0	2	8	31	-5.1955725e+02
0	2	8	32	-5.9471783e+02
0	2	8	33	-5.6025598e+02
0	2	8	34	-8.0182808e+01
0	2	8	35	-7.5384209e+01
0	2	8	36	2.6461050e+01
0	2	8	37	3.3842209e+01
0	2	8	38	-8.9323906e+01
0	2	8	39	-2.3435312e+01
0	2	8	40	-1.7680453e+02
0	2	8	41	-5.9592754e+01
0	2	8	42	-1.8158434e+01
0	2	8	43	-1.0321501e+02
0	2	8	44	-1.4868721e+02
0	2	8	45	-1.7797350e+02
0	2	8	46	-3.3392872e+01
0	2	8	47	-4.8874771e+01
0	2	8	48	3.4243593e-01
0	2	8	49	-1.4932771e+02
0	2	8	50	-7.3917381e+01
0	2	8	51	4.3887277e+02
0	2	8	52	4.2511841e+02
0	2	8	53	1.4279260e+02
0	2	8	54	1.5183272e+01
0	2	8	55	-3.9755161e+01
0	2	8	56	1.8413914e+02
0	2	8	57	2.4052490e+02
0	2	8	58	1.9872023e+02
0	2	8	59	7.0168434e+01
0	2	8	60	1.1660179e+02
0	2	8	61	1.0155567e+02
0	2	8	62	9.9182686e+01
0	2	8	63	1.0708803e+02
0	2	9	0	-4.0768268e+02
0	2	9	1	-4.8607883e+02
0	2	9	2	-3.0707889e+02
0	2	9	3	-3.2281375e+02
0	2	9	4	-3.1062744e+02
0	2	9	5	-4.1711597e+02
0	2	9	6	-2.7919736e+02
0	2	9	7	-4.0128766e+02
0	2	9	8	-3.2830783e+02
0	2	9	9	-3.1759955e+02
0	2	9	10	-4.0126889e+02
0	2	9	11	-2.8619775e+02
0	2	9	12	-3.5962341e+02
0	2	9	13	-3.5225998e+02
0	2	9	14	-3.2476813e+02
0	2	9	15	-4.1333997e+02
0	2	9	16	-4.8048288e+02
0	2	9	17	-4.1355801e+02
0	2	9	18	-5.1622205e+02
0	2	9	19	-3.5279861e+02
0	2	9	20	-4.4131909e+02
0	2	9	21	-4.0522073e+02
0	2	9	22	-3.3716257e+02
0	2	9	23	-3.8171329e+02
0	2	9	24	-4.9991678e+02
0	2	9	25	-3.5094000e+02
0	2	9	26	-5.9309174e+02
0	2	9	27	-4.7754706e+02
0	2	9	28	-3.2062042e+02
0	2	9	29	-3.2876126e+02
0	2	9	30	-4.5255573e+02
0	2	9	31	-4.4793652e+02
0	2	9	32	-4.3372314e+02
0	2	9	33	-2.8181555e+02
0	2	9	34	1.3752644e+02
0	2	9	35	1.5375140e+02
0	2	9	36	1.3135974e+02
0	2	9	37	1.5899358e+02
0	2	9	38	1.1449700e+01
0	2	9	39	1.0408997e+02
0	2	9	40	3.1575562e+01
0	2	9	41	3.9815510e+01
0	2	9	42	1.4615012e+02
0	2	9	43	7.5082855e+01
0	2	9	44	4.1066135e+01
0	2	9	45	7.5096756e+01
0	2	9	46	1.5930318e+02
0	2	9	47	1.8929386e+01
0	2	9	48	1.1279106e+02
0	2	9	49	-7.9720444e+01
0	2	9	50	1.2803804e+02
0	2	9	51	5.4632910e+02
0	2	9	52	5.4491058e+02
0	2	9	53	2.2187613e+02
0	2	9	54	2.8340863e+02
0	2	9	55	2.0415764e+02
0	2	9	56	3.0696643e+02
0	2	9	57	2.8116385e+02
0	2	9	58	3.0493954e+02
0	2	9	59	3.4507153e+02
0	2	9	60	1.7329971e+02
0	2	9	61	3.1127911e+02
0	2	9	62	2.7982870e+02
0	2	9	63	2.1632719e+02
0	2	10	0	-3.4848950e+02
0	2	10	1	-3.9397031e+02
0	2	10	2	-3.0290668e+02
0	2	10	3	-3.6850964e+02
0	2	10	4	-5.6166736e+02
0	2	10	5	-3.3223874e+02
0	2	10	6	-4.8207053e+02
0	2	10	7	-3.3196249e+02
0	2	10	8	-3.7812384e+02
0	2	10	9	-2.7080447e+02
0	2	10	10	-4.6567474e+02
0	2	10	11	-3.3392169e+02
0	2	10	12	-4.7390195e+02
0	2	10	13	-4.6706927e+02
0	2	10	14	-4.0756827e+02
0	2	10	15	-3.6116113e+02
0	2	10	16	-6.8958112e+02
0	2	10	17	-4.6568869e+02
0	2	10	18	-4.5950717e+02
0	2	10	19	-4.7782669e+02
0	2	10	20	-4.7394250e+02
0	2	10	21	-4.4417328e+02
0	2	10	22	-4.0590280e+02
0	2	10	23	-4.8800458e+02
0	2	10	24	-4.7827487e+02
0	2	10	25	-3.7202896e+02
0	2	10	26	-5.0180435e+02
0	2	10	27	-4.4043103e+02
0	2	10	28	-4.0916733e+02
0	2	10	29	-5.0687021e+02
0	2	10	30	-5.7669745e+02
0	2	10	31	-4.1034988e+02
0	2	10	32	-4.9212735e+02
0	2	10	33	-5.6762714e+02
0	2	10	34	3.8782555e+01
0	2	10	35	1.1623699e+01
0	2	10	36	3.5731491e+01
0	2	10	37	1.4354322e+01
0	2	10	38	-4.0565975e+01
0	2	10	39	7.0274147e+01
0	2	10	40	-1.0618228e+01
0	2	10	41	4.0063503e+01
0	2	10	42	5.0050735e+00
0	2	10	43	1.2628999e+02
0	2	10	44	1.3091101e+02
0	2	10	45	-1.4678351e+02
0	2	10	46	-2.1224337e+00
0	2	10	47	-8.1422104e+01
0	2	10	48	-1.2885747e+02
0	2	10	49	2.4839342e+01
0	2	10	50	-7.3247475e+01
0	2	10	51	4.1319427e+02
0	2	10	52	4.5185696e+02
0	2	10	53	2.1631520e+02
0	2	10	54	1.4923178e+02
0	2	10	55	2.5258617e+02
0	2	10	56	3.6074115e+02
0	2	10	57	2.6798383e+02
0	2	10	58	2.7451282e+02
0	2	10	59	1.5554669e+02
0	2	10	60	2.0454517e+02
0	2	10	61	2.1361537e+02
0	2	10	62	2.6210245e+02
0	2	10	63	2.6621045e+02
0	2	11	0	-4.2817007e+02
0	2	11	1	-3.8321603e+02
0	2	11	2	-3.4384839e+02
0	2	11	3	-4.6222195e+02
0	2	11	4	-4.6269565e+02
0	2	11	5	-3.8210480e+02
0	2	11	6	-3.7985059e+02
0	2	11	7	-3.5157864e+02
0	2	11	8	-6.1349042e+02
0	2	11	9	-3.4408798e+02
0	2	11	10	-6.4254926e+02
0	2	11	11	-4.5247214e+02
0	2	11	12	-4.8877130e+02
0	2	11	13	-3.9125858e+02
0	2	11	14	-4.3675327e+02
0	2	11	15	-4.2854578e+02
0	2	11	16	-5.3194366e+02
0	2	11	17	-3.5541943e+02
0	2	11	18	-4.6414914e+02
0	2	11	19	-2.9553220e+02
0	2	11	20	-5.4567487e+02
0	2	11	21	-5.1437317e+02
0	2	11	22	-4.9852753e+02
0	2	11	23	-4.1833456e+02
0	2	11	24	-4.8850830e+02
0	2	11	25	-5.1415863e+02
0	2	11	26	-5.5992047e+02
0	2	11	27	-5.0753983e+02
0	2	11	28	-4.9156158e+02
0	2	11	29	-4.8907022e+02
0	2	11	30	-4.9658066e+02
0	2	11	31	-5.6906000e+02
0	2	11	32	-5.5606030e+02
0	2	11	33	-4.5768625e+02
0	2	11	34	4.2367321e+01
0	2	11	35	-5.5719887e+01
0	2	11	36	-1.1450554e-01
0	2	11	37	3.5133759e+01
0	2	11	38	2.0198400e+01
0	2	11	39	2.2841942e+01
0	2	11	40	7.0000679e+01
0	2	11	41	1.3073318e+01
0	2	11	42	2.7753366e+01
0	2	11	43	-7.3202825e+00
0	2	11	44	1.2963910e+02
0	2	11	45	-1.0844420e+00
0	2	11	46	4.8850075e+01
0	2	11	47	-3.2670750e+01
0	2	11	48	-3.6101153e+00
0	2	11	49	2.0742011e+00
0	2	11	50	8.8459457e+01
0	2	11	51	4.9457425e+02
0	2	11	52	5.6726105e+02
0	2	11	53	1.4399077e+02
0	2	11	54	2.3640555e+02
0	2	11	55	2.0661021e+02
0	2	11	56	1.5183824e+02
0	2	11	57	2.3916292e+02
0	2	11	58	2.2047412e+02
0	2	11	59	1.6756564e+02
0	2	11	60	-9.1148548e+00
0	2	11	61	1.9873318e+02
0	2	11	62	2.6560605e+02
0	2	11	63	5.0866001e+01
0	2	12	0	-2.8066980e+02
0	2	12	1	-3.6201910e+02
0	2	12	2	-2.3870042e+02
0	2	12	3	-4.5395096e+02
0	2	12	4	-3.7665790e+02
0	2	12	5	-4.1997311e+02
0	2	12	6	-3.4358041e+02
0	2	12	7	-4.8520193e+02
0	2	12	8	-4.0199026e+02
0	2	12	9	-3.1609549e+02
0	2	12	10	-5.1721692e+02
0	2	12	11	-3.2209042e+02
0	2	12	12	-4.9360165e+02
0	2	12	13	-3.8175488e+02
0	2	12	14	-4.5264319e+02
0	2	12	15	-4.7625137e+02
0	2	12	16	-4.7962643e+02
0	2	12	17	-5.3450635e+02
0	2	12	18	-5.5717639e+02
0	2	12	19	-5.3850623e+02
0	2	12	20	-5.6566217e+02
0	2	12	21	-4.4557632e+02
0	2	12	22	-4.1404733e+02
0	2	12	23	-4.2352399e+02
0	2	12	24	-6.5259760e+02
0	2	12	25	-4.7189987e+02
0	2	12	26	-4.7292053e+02
0	2	12	27	-4.7913214e+02
0	2	12	28	-4.4570465e+02
0	2	12	29	-4.8995166e+02
0	2	12	30	-4.9855005e+02
0	2	12	31	-4.6062436e+02
0	2	12	32	-6.6389240e+02
0	2	12	33	-5.4736761e+02
0	2	12	34	1.4050519e+01
0	2	12	35	2.5908716e+01
0	2	12	36	6.7625526e+01
0	2	12	37	4.8726246e+01
0	2	12	38	-6.9062729e+01
0	2	12	39	4.2778027e+01
0	2	12	40	2.8201460e+01
0	2	12	41	-1.7722972e+02
0	2	12	42	2.4976669e+01
0	2	12	43	1.7061140e+01
0	2	12	44	3.2436207e+01
0	2	12	45	-2.4917788e+01
0	2	12	46	-1.5195068e+02
0	2	12	47	-1.3762288e+02
0	2	12	48	-2.6760263e+01
0	2	12	49	-1.2709200e+02
0	2	12	50	-1.0273680e+02
0	2	12	51	3.9520496e+02
0	2	12	52	3.5495828e+02
0	2	12	53	7.4621376e+01
0	2	12	54	4.7643753e+01
0	2	12	55	1.7849077e+01
0	2	12	56	2.3441406e+02
0	2	12	57	3.2487778e+02
0	2	12	58	2.7153210e+02
0	2	12	59	1.8657442e+02
0	2	12	60	1.9154634e+02
0	2	12	61	2.2116106e+02
0	2	12	62	2.8707349e+02
0	2	12	63	2.7222891e+02
0	2	13	0	-4.5294733e+02
0	2	13	1	-2.6697552e+02
0	2	13	2	-2.1368439e+02
0	2	13	3	-3.7229834e+02
0	2	13	4	-3.3678342e+02
0	2	13	5	-2.9944614e+02
0	2	13	6	-2.4137299e+02
0	2	13	7	-4.7512762e+02
0	2	13	8	-4.5591132e+02
0	2	13	9	-4.0241174e+02
0	2	13	10	-4.5903549e+02
0	2	13	11	-2.5614069e+02
0	2	13	12	-4.3987445e+02
0	2	13	13	-2.3793753e+02
0	2	13	14	-4.1857031e+02
0	2	13	15	-4.1926291e+02
0	2	13	16	-4.5637558e+02
0	2	13	17	-3.7487650e+02
0	2	13	18	-5.5572461e+02
0	2	13	19	-4.1434760e+02
0	2	13	20	-5.5469012e+02
0	2	13	21	-6.4158014e+02
0	2	13	22	-4.1955728e+02
0	2	13	23	-5.5720514e+02
0	2	13	24	-4.6685229e+02
0	2	13	25	-5.3767798e+02
0	2	13	26	-4.5918494e+02
0	2	13	27	-5.4516498e+02
0	2	13	28	-5.0772662e+02
0	2	13	29	-3.4875681e+02
0	2	13	30	-3.7500214e+02
0	2	13	31	-4.0563129e+02
0	2	13	32	-4.8619315e+02
0	2	13	33	-4.5817331e+02
0	2	13	34	6.3414028e+01
0	2	13	35	5.0391621e+01
0	2	13	36	-7.0418449e+01
0	2	13	37	6.8717705e+01
0	2	13	38	1.5021939e+02
0	2	13	39	1.1076212e+02
0	2	13	40	9.7398087e+01
0	2	13	41	8.2438835e+01
0	2	13	42	1.4767075e+02
0	2	13	43	3.7189335e+01
0	2	13	44	1.3705038e+02
0	2	13	45	5.1319038e+01
0	2	13	46	7.7066933e+01
0	2	13	47	7.7005852e+01
0	2	13	48	7.8354683e+01
0	2	13	49	-1.6344534e+01
0	2	13	50	1.4840712e+02
0	2	13	51	4.8223218e+02
0	2	13	52	5.3998718e+02
0	2	13	53	2.1285800e+02
0	2	13	54	2.6595010e+02
0	2	13	55	3.2328882e+02
0	2	13	56	2.2451208e+02
0	2	13	57	2.8889120e+02
0	2	13	58	3.2793271e+02
0	2	13	59	3.7433102e+02
0	2	13	60	1.5907048e+02
0	2	13	61	2.9191332e+01
0	2	13	62	2.7042682e+02
0	2	13	63	2.8804703e+02
0	2	14	0	-1.9144231e+02
0	2	14	1	-2.8613272e+02
0	2	14	2	-2.7872614e+02
0	2	14	3	-2.1849893e+02
0	2	14	4	-4.7809488e+02
0	2	14	5	-3.4996854e+02
0	2	14	6	-3.0742453e+02
0	2	14	7	-2.5008125e+02
0	2	14	8	-2.9199899e+02
0	2	14	9	-2.4157790e+02
0	2	14	10	-3.1346783e+02
0	2	14	11	-2.8329599e+02
0	2	14	12	-3.5621097e+02
0	2	14	13	-3.9387064e+02
0	2	14	14	-2.7781885e+02
0	2	14	15	-3.7939169e+02
0	2	14	16	-3.3124710e+02
0	2	14	17	-3.8983337e+02
0	2	14	18	-4.0330804e+02
0	2	14	19	-4.4807251e+02
0	2	14	20	-4.0708075e+02
0	2	14	21	-2.6632999e+02
0	2	14	22	-5.0292151e+02
0	2	14	23	-3.5576764e+02
0	2	14	24	-4.4998679e+02
0	2	14	25	-5.2489050e+02
0	2	14	26	-5.3731189e+02
0	2	14	27	-4.3079974e+02
0	2	14	28	-4.4832962e+02
0	2	14	29	-4.8313147e+02
0	2	14	30	-5.8360309e+02
0	2	14	31	-3.8450183e+02
0	2	14	32	-4.6963568e+02
0	2	14	33	-4.7884503e+02
0	2	14	34	6.6544159e+01
0	2	14	35	1.2633836e+02
0	2	14	36	-8.4269714e+00
0	2	14	37	1.8848561e+02
0	2	14	38	2.6595074e+01
0	2	14	39	2.6415643e+02
0	2	14	40	1.6203941e+02
0	2	14	41	1.6053546e+02
0	2	14	42	1.6358128e+02
0	2	14	43	1.0631403e+02
0	2	14	44	3.7424210e+02
0	2	14	45	1.6458058e+02
0	2	14	46	2.6730118e+02
0	2	14	47	2.4827092e+02
0	2	14	48	3.8672116e+02
0	2	14	49	1.2484758e+02
0	2	14	50	1.6693271e+02
0	2	14	51	5.8601324e+02
0	2	14	52	7.3798389e+02
0	2	14	53	4.1426013e+02
0	2	14	54	4.9078781e+02
0	2	14	55	4.9756561e+02
0	2	14	56	5.9929022e+02
0	2	14	57	4.9422742e+02
0	2	14	58	3.1102518e+02
0	2	14	59	3.8582104e+02
0	2	14	60	4.0175278e+02
0	2	14	61	4.0518820e+02
0	2	14	62	3.5960355e+02
0	2	14	63	4.6576324e+02
0	2	15	0	-9.3578903e+01
0	2	15	1	-1.4716269e+02
0	2	15	2	-2.1564507e+02
0	2	15	3	-1.7240192e+02
0	2	15	4	-3.4128763e+02
0	2	15	5	-1.9077954e+02
0	2	15	6	-1.1776322e+02
0	2	15	7	-5.7650318e+01
0	2	15	8	-1.1645719e+02
0	2	15	9	-2.3669522e+02
0	2	15	10	-1.0580837e+02
0	2	15	11	-2.6743350e+02
0	2	15	12	-2.3841699e+02
0	2	15	13	-1.0954649e+02
0	2	15	14	-3.2634012e+02
0	2	15	15	-2.6567859e+02
0	2	15	16	-1.1305254e+02
0	2	15	17	-2.6622385e+02
0	2	15	18	-2.3900929e+02
0	2	15	19	-2.5023813e+02
0	2	15	20	-2.3933734e+02
0	2	15	21	-2.4765575e+02
0	2	15	22	-2.2892735e+02
0	2	15	23	-2.3988751e+02
0	2	15	24	-2.6954291e+02
0	2	15	25	-3.4019888e+02
0	2	15	26	-2.7578513e+02
0	2	15	27	-4.4567844e+02
0	2	15	28	-3.2727551e+02
0	2	15	29	-3.7560312e+02
0	2	15	30	-3.3592490e+02
0	2	15	31	-5.2538257e+02
0	2	15	32	-5.7030603e+02
0	2	15	33	-3.7396896e+02
0	2	15	34	9.5093918e+01
0	2	15	35	-6.8511436e+01
0	2	15	36	2.3504779e+02
0	2	15	37	2.2659877e+02
0	2	15	38	1.3578511e+02
0	2	15	39	2.0202901e+02
0	2	15	40	1.8547775e+02
0	2	15	41	4.0388855e+01
0	2	15	42	2.0599611e+02
0	2	15	43	3.2357929e+01
0	2	15	44	3.0160062e+02
0	2	15	45	1.5840785e+02
0	2	15	46	1.7257367e+02
0	2	15	47	-6.4192787e+01
0	2	15	48	2.8905609e+02
0	2	15	49	2.8736194e+02
0	2	15	50	1.8275507e+02
0	2	15	51	6.2764105e+02
0	2	15	52	5.9524524e+02
0	2	15	53	2.9506619e+02
0	2	15	54	3.1030811e+02
0	2	15	55	4.5780695e+02
0	2	15	56	5.8312689e+02
0	2	15	57	4.9100446e+02
0	2	15	58	3.5565219e+02
0	2	15	59	2.4315005e+02
0	2	15	60	4.0615576e+02
0	2	15	61	2.3798456e+02
0	2	15	62	2.9524829e+02
0	2	15	63	1.4539029e+02
1	0	0	0	-1.6831480e+02
1	0	0	1	-9.5264755e+01
1	0	0	2	-8.5817070e+01
1	0	0	3	-2.0214149e+02
1	0	0	4	-1.1117091e+02
1	0	0	5	-2.2256343e+02
1	0	0	6	-1.7945561e+02
1	0	0	7	-3.6198658e+01
1	0	0	8	-1.3459459e+02
1	0	0	9	-3.4321835e+01
1	0	0	10	-1.4299876e+02
1	0	0	11	-1.6092006e+02
1	0	0	12	-3.1759781e+02
1	0	0	13	-1.4051097e+02
1	0	0	14	-1.3040533e+02
1	0	0	15	-1.6557439e+02
1	0	0	16	-3.3461984e+02
1	0	0	17	-2.6952313e+02
1	0	0	18	-1.7170541e+02
1	0	0	19	-2.8406494e+02
1	0	0	20	-1.8711421e+02
1	0	0	21	-2.2620691e+02
1	0	0	22	-3.2842105e+02
1	0	0	23	-3.6052457e+02
1	0	0	24	-2.7590073e+02
1	0	0	25	-3.5716452e+02
1	0	0	26	-2.1074649e+02
1	0	0	27	-3.3177573e+02
1	0	0	28	-1.8210802e+02
1	0	0	29	-2.6760654e+02
1	0	0	30	-2.6750293e+02
1	0	0	31	-2.8222958e+02
1	0	0	32	-2.5077411e+02
1	0	0	33	-3.8396561e+02
1	0	0	34	1.3164217e+02
1	0	0	35	1.4522429e+02
1	0	0	36	2.3147696e+02
1	0	0	37	2.3248172e+02
1	0	0	38	2.7546054e+02
1	0	0	39	1.6638559e+02
1	0	0	40	1.8605235e+02
1	0	0	41	2.5898303e+02
1	0	0	42	3.7460022e+02
1	0	0	43	2.8273224e+02
1	0	0	44	2.8212717e+02
1	0	0	45	1.5116533e+02
1	0	0	46	3.4344858e+02
1	0	0	47	2.7616479e+02
1	0	0	48	3.5781168e+02
1	0	0	49	2.9998737e+02
1	0	0	50	3.2799289e+02
1	0	0	51	7.4177582e+02
1	0	0	52	8.2205560e+02
1	0	0	53	6.2779071e+02
1	0	0	54	4.4732416e+02
1	0	0	55	5.4611127e+02
1	0	0	56	6.8123041e+02
1	0	0	57	6.1121802e+02
1	0	0	58	4.1088870e+02
1	0	0	59	4.4059387e+02
1	0	0	60	5.2328821e+02
1	0	0	61	3.9562891e+02
1	0	0	62	4.3430710e+02
1	0	0	63	4.9768320e+02
1	0	1	0	9.2126289e+01
1	0	1	1	2.0135155e+02
1	0	1	2	-1.3113552e+01
1	0	1	3	2.9726010e+02
1	0	1	4	7.7979164e+01
1	0	1	5	2.7786047e+02
1	0	1	6	1.5064314e+02
1	0	1	7	1.3484634e+02
1	0	1	8	1.8696854e+02
1	0	1	9	1.6506059e+02
1	0	1	10	5.4994226e+00
1	0	1	11	1.2027410e+02
1	0	1	12	1.3196619e+02
1	0	1	13	6.4219894e+01
1	0	1	14	-7.5312096e+01
1	0	1	15	2.3274707e+02
1	0	1	16	-7.4366051e+01
1	0	1	17	1.3991081e+02
1	0	1	18	1.8087932e+02
1	0	1	19	1.4859952e+02
1	0	1	20	1.2910143e+02
1	0	1	21	2.1153694e+02
1	0	1	22	1.5241155e+01
1	0	1	23	2.2044888e+02
1	0	1	24	7.6118301e+01
1	0	1	25	1.6308968e+02
1	0	1	26	2.0257549e+02
1	0	1	27	-6.3975574e+01
1	0	1	28	1.4258127e+02
1	0	1	29	4.0315399e+01
1	0	1	30	3.3490940e+01
1	0	1	31	-4.0230053e+01
1	0	1	32	1.5465434e+02
1	0	1	33	1.1809100e+02
1	0	1	34	6.3022632e+02
1	0	1	35	6.1366394e+02
1	0	1	36	5.0854199e+02
1	0	1	37	6.3099316e+02
1	0	1	38	6.1078766e+02
1	0	1	39	6.2573926e+02
1	0	1	40	7.2755890e+02
1	0	1	41	6.4246143e+02
1	0	1	42	6.8401208e+02
1	0	1	43	5.7015784e+02
1	0	1	44	6.3320374e+02
1	0	1	45	6.0042816e+02
1	0	1	46	6.1448065e+02
1	0	1	47	6.7211682e+02
1	0	1	48	4.2928479e+02
1	0	1	49	6.2768170e+02
1	0	1	50	6.7711139e+02
1	0	1	51	1.0795038e+03
1	0	1	52	1.1762074e+03
1	0	1	53	8.5718164e+02
1	0	1	54	9.1504163e+02
1	0	1	55	8.4477197e+02
1	0	1	56	9.5952576e+02
1	0	1	57	7.2675116e+02
1	0	1	58	8.7139362e+02
1	0	1	59	8.6169995e+02
1	0	1	60	8.8046411e+02
1	0	1	61	8.1342090e+02
1	0	1	62	8.3486426e+02
1	0	1	63	9.8336255e+02
1	0	2	0	-8.6866165e+01
1	0	2	1	-9.4583290e+01
1	0	2	2	-1.1612074e+02
1	0	2	3	-5.3635216e+01
1	0	2	4	-6.7325539e+01
1	0	2	5	-1.2591834e+02
1	0	2	6	-6.7511406e+01
1	0	2	7	-5.9335411e+01
1	0	2	8	-1.4099416e+02
1	0	2	9	-8.7953003e+01
1	0	2	10	-1.9362894e+02
1	0	2	11	-1.7001488e+02
1	0	2	12	-1.5349773e+02
1	0	2	13	-1.1899329e+02
1	0	2	14	-1.3281454e+02
1	0	2	15	-2.3303993e+02
1	0	2	16	-1.8187001e+02
1	0	2	17	-2.3447794e+02
1	0	2	18	-1.3424724e+02
1	0	2	19	-2.8888992e+02
1	0	2	20	-2.2553253e+02
1	0	2	21	-1.8371834e+02
1	0	2	22	-2.3718373e+02
1	0	2	23	-2.9144739e+02
1	0	2	24	-2.6860205e+02
1	0	2	25	-2.0476688e+02
1	0	2	26	-3.3985678e+02
1	0	2	27	-1.9321371e+02
1	0	2	28	-2.9190750e+02
1	0	2	29	-1.9284593e+02
1	0	2	30	-2.8563965e+02
1	0	2	31	-2.5709549e+02
1	0	2	32	-1.8993727e+02
1	0	2	33	-1.9369495e+02
1	0	2	34	1.3844881e+02
1	0	2	35	2.8958194e+02
1	0	2	36	3.4660864e+02
1	0	2	37	3.8575824e+02
1	0	2	38	3.0358350e+02
1	0	2	39	2.6205508e+02
1	0	2	40	2.7897504e+02
1	0	2	41	1.3314868e+02
1	0	2	42	4.5606467e+02
1	0	2	43	2.7003040e+02
1	0	2	44	3.5456363e+02
1	0	2	45	3.4142508e+02
1	0	2	46	3.3758954e+02
1	0	2	47	2.6592145e+02
1	0	2	48	4.3383215e+02
1	0	2	49	2.1690472e+02
1	0	2	50	4.0228207e+02
1	0	2	51	8.4979620e+02
1	0	2	52	8.4448279e+02
1	0	2	53	5.3620123e+02
1	0	2	54	5.1532495e+02
1	0	2	55	5.0070084e+02
1	0	2	56	6.8926196e+02
1	0	2	57	6.4045764e+02
1	0	2	58	5.6673260e+02
1	0	2	59	6.5549182e+02
1	0	2	60	5.7758936e+02
1	0	2	61	4.9963922e+02
1	0	2	62	5.3286066e+02
1	0	2	63	5.8479675e+02
1	0	3	0	9.7779259e+01
1	0	3	1	1.4744980e+02
1	0	3	2	-1.1928266e+02
1	0	3	3	-8.0767565e+00
1	0	3	4	-2.2644981e+01
1	0	3	5	2.8165268e+01
1	0	3	6	6.9048363e+01
1	0	3	7	-7.8594307e+01
1	0	3	8	4.0721146e+01
1	0	3	9	3.0388647e+01
1	0	3	10	3.4547989e+01
1	0	3	11	-6.6436562e+01
1	0	3	12	-2.6342655e+01
1	0	3	13	-7.7711594e+01
1	0	3	14	-9.7439911e+01
1	0	3	15	-8.2067131e+01
1	0	3	16	-1.5360989e+02
1	0	3	17	-1.4986507e+01
1	0	3	18	-9.1476028e+01
1	0	3	19	4.6550927e+00
1	0	3	20	-9.2137520e+01
1	0	3	21	-2.6311777e+00
1	0	3	22	-1.4658932e+02
1	0	3	23	4.0154545e+01
1	0	3	24	-8.5372795e+01
1	0	3	25	-4.5866741e+01
1	0	3	26	-1.3883376e+02
1	0	3	27	-1.5128117e+02
1	0	3	28	-1.2193590e+01
1	0	3	29	8.0101395e+00
1	0	3	30	-2.3926663e+02
1	0	3	31	-1.9911250e+02
1	0	3	32	-1.6283818e+02
1	0	3	33	-3.0602039e+02
1	0	3	34	3.3816016e+02
1	0	3	35	1.7389677e+02
1	0	3	36	3.7673483e+02
1	0	3	37	2.5446498e+02
1	0	3	38	4.0616989e+02
1	0	3	39	3.6133893e+02
1	0	3	40	3.5954202e+02
1	0	3	41	4.2245966e+02
1	0	3	42	3.6581439e+02
1	0	3	43	3.2144061e+02
1	0	3	44	4.1436548e+02
1	0	3	45	2.4108568e+02
1	0	3	46	3.0060602e+02
1	0	3	47	3.1391797e+02
1	0	3	48	3.7089178e+02
1	0	3	49	2.2294081e+02
1	0	3	50	4.3106177e+02
1	0	3	51	8.0138379e+02
1	0	3	52	7.6157245e+02
1	0	3	53	3.6407092e+02
1	0	3	54	4.4147925e+02
1	0	3	55	6.2680109e+02
1	0	3	56	6.5828040e+02
1	0	3	57	6.1543243e+02
1	0	3	58	5.8373700e+02
1	0	3	59	4.6582108e+02
1	0	3	60	4.7649673e+02
1	0	3	61	3.9842859e+02
1	0	3	62	5.3681140e+02
1	0	3	63	5.7556830e+02
1	0	4	0	5.2748123e+01
1	0	4	1	-2.3298868e+02
1	0	4	2	-2.3250204e+01
1	0	4	3	1.7154280e+01
1	0	4	4	-1.7293817e+02
1	0	4	5	-1.4908200e+01
1	0	4	6	-4.5734806e+01
1	0	4	7	-6.2237564e+01
1	0	4	8	-4.0016792e+01
1	0	4	9	-8.5694298e+01
1	0	4	10	-1.8721730e+02
1	0	4	11	-1.9000418e+02
1	0	4	12	-1.5363176e+02
1	0	4	13	-1.0775494e+02
1	0	4	14	7.9525543e+01
1	0	4	15	-3.8317833e+01
1	0	4	16	-1.4271700e+02
1	0	4	17	-1.7114429e+02
1	0	4	18	-2.3477438e+02
1	0	4	19	-7.8942612e+01
1	0	4	20	-1.7753246e+02
1	0	4	21	-8.0429871e+01
1	0	4	22	-1.0021010e+02
1	0	4	23	-1.9618358e+02
1	0	4	24	-1.8762701e+02
1	0	4	25	-1.6123645e+02
1	0	4	26	-2.4900606e+02
1	0	4	27	-2.9775348e+02
1	0	4	28	-3.0251251e+02
1	0	4	29	-2.1977948e+02
1	0	4	30	-1.9056841e+02
1	0	4	31	-2.1645229e+02
1	0	4	32	-2.7458771e+02
1	0	4	33	-2.6556638e+02
1	0	4	34	2.6963281e+02
1	0	4	35	2.9860052e+02
1	0	4	36	2.9826208e+02
1	0	4	37	2.8187134e+02
1	0	4	38	3.0753308e+02
1	0	4	39	3.3476932e+02
1	0	4	40	2.5667804e+02
1	0	4	41	2.7711484e+02
1	0	4	42	3.7449646e+02
1	0	4	43	4.3814572e+02
1	0	4	44	4.5414902e+02
1	0	4	45	1.2342622e+02
1	0	4	46	3.4794934e+02
1	0	4	47	2.7899078e+02
1	0	4	48	2.9820425e+02
1	0	4	49	1.7295183e+02
1	0	4	50	2.4151070e+02
1	0	4	51	7.7447687e+02
1	0	4	52	8.7408057e+02
1	0	4	53	5.9254211e+02
1	0	4	54	3.5516925e+02
1	0	4	55	6.5824353e+02
1	0	4	56	7.2376257e+02
1	0	4	57	7.8500995e+02
1	0	4	58	6.0772083e+02
1	0	4	59	4.4140308e+02
1	0	4	60	5.2915045e+02
1	0	4	61	6.0459662e+02
1	0	4	62	4.3453912e+02
1	0	4	63	4.2344925e+02
1	0	5	0	-8.0515678e+01
1	0	5	1	-8.3504227e+01
1	0	5	2	-1.7748578e+02
1	0	5	3	-9.9985046e+01
1	0	5	4	-2.6930435e+02
1	0	5	5	-6.2425179e+01
1	0	5	6	-1.2278279e+02
1	0	5	7	-9.9117584e+01
1	0	5	8	-2.2109278e+01
1	0	5	9	-1.5613226e+02
1	0	5	10	-1.1895742e+02
1	0	5	11	-1.6616853e+02
1	0	5	12	-3.5350012e+02
1	0	5	13	-1.3816295e+02
1	0	5	14	-3.8365195e+02
1	0	5	15	-5.3108456e+01
1	0	5	16	-2.3092290e+02
1	0	5	17	-2.8903030e+02
1	0	5	18	-2.9215915e+02
1	0	5	19	-2.1885143e+02
1	0	5	20	-2.8870114e+02
1	0	5	21	-1.9605988e+02
1	0	5	22	-3.4602191e+02
1	0	5	23	-2.2335925e+02
1	0	5	24	-1.4479056e+02
1	0	5	25	-2.2287282e+02
1	0	5	26	-3.3805127e+02
1	0	5	27	-2.5106958e+02
1	0	5	28	-1.8664146e+02
1	0	5	29	-2.6166382e+02
1	0	5	30	-2.8381732e+02
1	0	5	31	-3.2360815e+02
1	0	5	32	-2.5865198e+02
1	0	5	33	-3.5258731e+02
1	0	5	34	1.9867729e+02
1	0	5	35	2.5227527e+02
1	0	5	36	1.8067938e+02
1	0	5	37	3.1867703e+02
1	0	5	38	2.7753098e+02
1	0	5	39	3.5932272e+02
1	0	5	40	2.7387433e+02
1	0	5	41	2.5143365e+02
1	0	5	42	3.9662775e+02
1	0	5	43	2.3606180e+02
1	0	5	44	4.3473779e+02
1	0	5	45	1.8047266e+02
1	0	5	46	2.9788348e+02
1	0	5	47	3.8952737e+02
1	0	5	48	2.3416092e+02
1	0	5	49	3.6460028e+02
1	0	5	50	3.9878250e+02
1	0	5	51	7.4004956e+02
1	0	5	52	8.0031427e+02
1	0	5	53	6.4381055e+02
1	0	5	54	5.4620709e+02
1	0	5	55	4.8243207e+02
1	0	5	56	6.1527319e+02
1	0	5	57	6.1825330e+02
1	0	5	58	4.5462286e+02
1	0	5	59	5.2963049e+02
1	0	5	60	5.9311804e+02
1	0	5	61	3.5926617e+02
1	0	5	62	4.2993085e+02
1	0	5	63	6.0885541e+02
1	0	6	0	-1.2114228e+02
1	0	6	1	-1.7695406e+02
1	0	6	2	-3.3071453e+01
1	0	6	3	-1.7169246e+02
1	0	6	4	-1.2351818e+02
1	0	6	5	-1.7618112e+02
1	0	6	6	-1.6746948e+02
1	0	6	7	-1.4196452e+02
1	0	6	8	-2.2066971e+02
1	0	6	9	-4.3680763e+01
1	0	6	10	-2.0098561e+02
1	0	6	11	-4.8514591e+01
1	0	6	12	-2.6349091e+02
1	0	6	13	-1.9474104e+02
1	0	6	14	-1.6023552e+02
1	0	6	15	-1.3797813e+02
1	0	6	16	-2.4967342e+02
1	0	6	17	-2.8342444e+02
1	0	6	18	-2.0774335e+02
1	0	6	19	-3.3122968e+02
1	0	6	20	-1.4752858e+02
1	0	6	21	-2.3784720e+02
1	0	6	22	-2.8094516e+02
1	0	6	23	-2.5113831e+02
1	0	6	24	-2.3029799e+02
1	0	6	25	-2.0479306e+02
1	0	6	26	-2.4453059e+02
1	0	6	27	-2.1430984e+02
1	0	6	28	-2.7872086e+02
1	0	6	29	-2.0592010e+02
1	0	6	30	-2.6015540e+02
1	0	6	31	-2.6368207e+02
1	0	6	32	-2.8933844e+02
1	0	6	33	-2.3221503e+02
1	0	6	34	3.1694199e+02
1	0	6	35	3.6854132e+02
1	0	6	36	3.6773288e+02
1	0	6	37	3.2721384e+02
1	0	6	38	3.8045221e+02
1	0	6	39	3.7809570e+02
1	0	6	40	2.9021127e+02
1	0	6	41	2.9889951e+02
1	0	6	42	3.9505478e+02
1	0	6	43	4.4319470e+02
1	0	6	44	4.6894788e+02
1	0	6	45	3.6146930e+02
1	0	6	46	4.3319064e+02
1	0	6	47	3.6338931e+02
1	0	6	48	4.1363358e+02
1	0	6	49	3.8849347e+02
1	0	6	50	4.4381720e+02
1	0	6	51	8.3177240e+02
1	0	6	52	8.5216211e+02
1	0	6	53	5.6136676e+02
1	0	6	54	5.6459540e+02
1	0	6	55	6.3940906e+02
1	0	6	56	7.2478973e+02
1	0	6	57	7.2889130e+02
1	0	6	58	6.2501324e+02
1	0	6	59	5.8005206e+02
1	0	6	60	5.4208850e+02
1	0	6	61	4.4866141e+02
1	0	6	62	4.8654706e+02
1	0	6	63	5.6269409e+02
1	0	7	0	5.5121075e+01
1	0	7	1	2.7685194e+01
1	0	7	2	-8.3821869e+01
1	0	7	3	1.9282118e+01
1	0	7	4	-7.0139130e+01
1	0	7	5	3.6171696e+01
1	0	7	6	-6.9152957e-01
1	0	7	7	7.4417007e+01
1	0	7	8	4.2192373e+00
1	0	7	9	-9.9100418e+01
1	0	7	10	-7.4985275e+01
1	0	7	11	-7.1589066e+01
1	0	7	12	-1.0988157e+02
1	0	7	13	-7.4857938e-01
1	0	7	14	-1.3485054e+02
1	0	7	15	-3.8110558e+01
1	0	7	16	-8.9659615e+01
1	0	7	17	-1.1095807e+02
1	0	7	18	-1.0074461e+02
1	0	7	19	-7.8632942e+01
1	0	7	20	-9.8018539e+01
1	0	7	21	-9.7470161e+01
1	0	7	22	-6.5566902e+01
1	0	7	23	-7.1406075e+01
1	0	7	24	-1.0559689e+02
1	0	7	25	-1.7855811e+02
1	0	7	26	-1.6484595e+02
1	0	7	27	-1.6981313e+02
1	0	7	28	-1.0483682e+02
1	0	7	29	-2.1616606e+02
1	0	7	30	-1.6595345e+02
1	0	7	31	-1.8429233e+02
1	0	7	32	-2.0797401e+02
1	0	7	33	-1.9102312e+02
1	0	7	34	3.1247778e+02
1	0	7	35	2.7458359e+02
1	0	7	36	3.5729111e+02
1	0	7	37	-2.4874373e+03
1	0	7	38	4.0486392e+02
1	0	7	39	2.7138211e+02
1	0	7	40	2.4808548e+02
1	0	7	41	2.2347107e+02
1	0	7	42	3.0857861e+02
1	0	7	43	2.3226311e+02
1	0	7	44	3.3573505e+02
1	0	7	45	2.3865387e+02
1	0	7	46	2.1031352e+02
1	0	7	47	2.4764738e+02
1	0	7	48	2.5779153e+02
1	0	7	49	2.3886482e+02
1	0	7	50	2.0882338e+02
1	0	7	51	6.9446869e+02
1	0	7	52	6.4842377e+02
1	0	7	53	4.1467850e+02
1	0	7	54	4.7191446e+02
1	0	7	55	6.5875500e+02
1	0	7	56	5.6882904e+02
1	0	7	57	5.8920050e+02
1	0	7	58	5.9290668e+02
1	0	7	59	4.6960687e+02
1	0	7	60	6.3360095e+02
1	0	7	61	5.1800952e+02
1	0	7	62	5.1248450e+02
1	0	7	63	5.0274124e+02
1	0	8	0	9.0768013e+00
1	0	8	1	-1.5465810e+02
1	0	8	2	-1.1199916e+02
1	0	8	3	-1.9730891e+02
1	0	8	4	-6.6327538e+01
1	0	8	5	-1.4020688e+02
1	0	8	6	-1.2425213e+02
1	0	8	7	-1.7814856e+02
1	0	8	8	-1.9273735e+02
1	0	8	9	4.1344466e+00
1	0	8	10	-2.7042667e+02
1	0	8	11	1.2527398e+02
1	0	8	12	-8.8312492e+01
1	0	8	13	-2.5111835e+02
1	0	8	14	-1.6088358e+02
1	0	8	15	-2.4905118e+02
1	0	8	16	-2.5467590e+02
1	0	8	17	-2.4450323e+02
1	0	8	18	-3.8846753e+02
1	0	8	19	-2.6499191e+02
1	0	8	20	-1.9534291e+02
1	0	8	21	-2.9120325e+02
1	0	8	22	-2.1367557e+02
1	0	8	23	-1.1056615e+02
1	0	8	24	-3.1555423e+02
1	0	8	25	-2.9123578e+02
1	0	8	26	-2.8127893e+02
1	0	8	27	-1.8211780e+02
1	0	8	28	-3.2159219e+02
1	0	8	29	-2.6595547e+02
1	0	8	30	-2.3140475e+02
1	0	8	31	-2.2482361e+02
1	0	8	32	-2.3960622e+02
1	0	8	33	-3.4522723e+02
1	0	8	34	1.4748790e+02
1	0	8	35	2.5726736e+02
1	0	8	36	2.2408310e+02
1	0	8	37	5.0971146e+02
1	0	8	38	4.3259027e+02
1	0	8	39	3.9065302e+02
1	0	8	40	3.3508362e+02
1	0	8	41	3.3625925e+02
1	0	8	42	4.0848563e+02
1	0	8	43	2.5632718e+02
1	0	8	44	4.2149466e+02
1	0	8	45	4.2174063e+02
1	0	8	46	3.4500406e+02
1	0	8	47	3.8402490e+02
1	0	8	48	3.8413000e+02
1	0	8	49	3.7800259e+02
1	0	8	50	4.8087140e+02
1	0	8	51	9.9389880e+02
1	0	8	52	8.8711938e+02
1	0	8	53	5.5843585e+02
1	0	8	54	4.9405026e+02
1	0	8	55	6.5527625e+02
1	0	8	56	6.5146234e+02
1	0	8	57	7.8088910e+02
1	0	8	58	5.1771368e+02
1	0	8	59	5.9878918e+02
1	0	8	60	6.5668518e+02
1	0	8	61	7.0041467e+02
1	0	8	62	6.9714307e+02
1	0	8	63	5.9593054e+02
1	0	9	0	1.6460678e+02
1	0	9	1	-1.4167398e+02
1	0	9	2	3.6267467e+01
1	0	9	3	9.3106361e+01
1	0	9	4	-1.4957411e+02
1	0	9	5	2.3396335e+02
1	0	9	6	-1.4142898e+01
1	0	9	7	2.4695536e+01
1	0	9	8	1.8934911e+02
1	0	9	9	-4.7612411e+01
1	0	9	10	-2.3592758e+01
1	0	9	11	-5.7225975e+01
1	0	9	12	-5.1189495e+01
1	0	9	13	3.4493885e+01
1	0	9	14	-8.2521690e+01
1	0	9	15	7.5042117e-01
1	0	9	16	-1.5867728e+02
1	0	9	17	-4.1222382e+01
1	0	9	18	-4.6289013e+01
1	0	9	19	-1.4368463e+02
1	0	9	20	-1.8637619e+02
1	0	9	21	-1.1158398e+02
1	0	9	22	-9.1273146e+00
1	0	9	23	7.8804222e+01
1	0	9	24	-1.7096323e+02
1	0	9	25	5.6901840e+01
1	0	9	26	-2.6671326e+02
1	0	9	27	-8.1089859e+01
1	0	9	28	-1.0051484e+02
1	0	9	29	-7.1302849e+01
1	0	9	30	-8.5841759e+01
1	0	9	31	-2.1279073e+02
1	0	9	32	-1.6478589e+02
1	0	9	33	-1.6263937e+02
1	0	9	34	4.4181818e+02
1	0	9	35	3.1250989e+02
1	0	9	36	4.7652121e+02
1	0	9	37	3.5055405e+02
1	0	9	38	4.1619095e+02
1	0	9	39	1.8062743e+02
1	0	9	40	5.0206058e+02
1	0	9	41	2.9573819e+02
1	0	9	42	3.5712070e+02
1	0	9	43	4.2788571e+02
1	0	9	44	2.7378467e+02
1	0	9	45	1.5763235e+02
1	0	9	46	3.2313586e+02
1	0	9	47	3.2015762e+02
1	0	9	48	3.1806995e+02
1	0	9	49	2.6374942e+02
1	0	9	50	4.0821353e+02
1	0	9	51	5.2927924e+02
1	0	9	52	8.2396100e+02
1	0	9	53	5.0733145e+02
1	0	9	54	5.2042621e+02
1	0	9	55	5.0270258e+02
1	0	9	56	6.4320178e+02
1	0	9	57	6.3588916e+02
1	0	9	58	6.3212811e+02
1	0	9	59	4.7067700e+02
1	0	9	60	5.1715814e+02
1	0	9	61	4.5589313e+02
1	0	9	62	5.7964667e+02
1	0	9	63	6.8357550e+02
1	0	10	0	9.9978165e+01
1	0	10	1	-3.8763168e+01
1	0	10	2	1.1463918e+02
1	0	10	3	1.1916514e+02
1	0	10	4	-9.2483643e+01
1	0	10	5	-1.1997967e+01
1	0	10	6	-9.6629929e+01
1	0	10	7	7.6501404e+01
1	0	10	8	-6.0897285e+01
1	0	10	9	-4.7783775e+01
1	0	10	10	-8.4698975e+01
1	0	10	11	-1.9867982e+02
1	0	10	12	2.5480558e+01
1	0	10	13	1.8710176e+01
1	0	10	14	2.1788282e+00
1	0	10	15	-8.4568939e+00
1	0	10	16	-5.5610928e+01
1	0	10	17	-1.3951585e+02
1	0	10	18	-1.3914638e+01
1	0	10	19	-8.3421928e+01
1	0	10	20	7.5669676e-01
1	0	10	21	1.2834352e+01
1	0	10	22	-8.2254494e+01
1	0	10	23	-1.1935777e+02
1	0	10	24	-9.9988876e+01
1	0	10	25	-8.7256218e+01
1	0	10	26	-1.1837595e+02
1	0	10	27	-1.8172163e+02
1	0	10	28	-1.7547846e+01
1	0	10	29	-1.5797162e+02
1	0	10	30	-2.4856490e+02
1	0	10	31	-1.8560402e+02
1	0	10	32	-2.1333859e+02
1	0	10	33	-2.8411026e+02
1	0	10	34	3.1876678e+02
1	0	10	35	4.1681223e+02
1	0	10	36	3.7285651e+02
1	0	10	37	3.6118027e+02
1	0	10	38	3.2254211e+02
1	0	10	39	3.8418933e+02
1	0	10	40	3.5719824e+02
1	0	10	41	3.0930182e+02
1	0	10	42	5.0121323e+02
1	0	10	43	4.6675955e+02
1	0	10	44	3.0891138e+02
1	0	10	45	2.9457852e+02
1	0	10	46	3.7368015e+02
1	0	10	47	3.6064276e+02
1	0	10	48	3.1037601e+02
1	0	10	49	4.1201529e+02
1	0	10	50	3.5716016e+02
1	0	10	51	8.7361829e+02
1	0	10	52	9.6672418e+02
1	0	10	53	6.1622479e+02
1	0	10	54	7.3036627e+02
1	0	10	55	6.3272296e+02
1	0	10	56	7.6265509e+02
1	0	10	57	6.9232190e+02
1	0	10	58	6.5320398e+02
1	0	10	59	5.6065564e+02
1	0	10	60	6.3306665e+02
1	0	10	61	5.3840240e+02
1	0	10	62	4.8137091e+02
1	0	10	63	6.2336536e+02
1	0	11	0	-2.3070030e+02
1	0	11	1	-3.6694702e+01
1	0	11	2	-3.0689215e+02
1	0	11	3	-2.1906288e+02
1	0	11	4	-1.7840370e+02
1	0	11	5	-1.1953406e+02
1	0	11	6	-1.2716924e+02
1	0	11	7	6.5868268e+00
1	0	11	8	-1.2874469e+02
1	0	11	9	-4.6503277e+01
1	0	11	10	-1.0158661e+02
1	0	11	11	-2.7405008e+02
1	0	11	12	-1.6028165e+02
1	0	11	13	6.3183455e+00
1	0	11	14	-1.3793939e+02
1	0	11	15	1.2537114e+01
1	0	11	16	-2.3086874e+02
1	0	11	17	-1.7751300e+02
1	0	11	18	-2.9994424e+02
1	0	11	19	-1.9186555e+02
1	0	11	20	-1.7593716e+02
1	0	11	21	-1.9431032e+02
1	0	11	22	-1.6735207e+02
1	0	11	23	-1.5536734e+02
1	0	11	24	-2.4965030e+02
1	0	11	25	-1.4395567e+02
1	0	11	26	-1.6989749e+02
1	0	11	27	-1.7344791e+02
1	0	11	28	-4.7046623e+01
1	0	11	29	-1.6866876e+02
1	0	11	30	-2.3337903e+02
1	0	11	31	-3.9783142e+02
1	0	11	32	-2.1146574e+02
1	0	11	33	-2.4842613e+02
1	0	11	34	3.0150162e+02
1	0	11	35	1.5291431e+02
1	0	11	36	3.7111469e+02
1	0	11	37	4.1870804e+02
1	0	11	38	4.0205103e+02
1	0	11	39	3.1942719e+02
1	0	11	40	5.1128662e+02
1	0	11	41	3.4739542e+02
1	0	11	42	4.8580093e+02
1	0	11	43	4.6317569e+02
1	0	11	44	4.4869592e+02
1	0	11	45	5.1764032e+02
1	0	11	46	5.3199573e+02
1	0	11	47	4.5438141e+02
1	0	11	48	5.1193713e+02
1	0	11	49	5.0896573e+02
1	0	11	50	4.0249069e+02
1	0	11	51	7.2367328e+02
1	0	11	52	9.2561523e+02
1	0	11	53	6.3690662e+02
1	0	11	54	6.4820844e+02
1	0	11	55	7.3000897e+02
1	0	11	56	8.0345190e+02
1	0	11	57	7.6762915e+02
1	0	11	58	4.9418716e+02
1	0	11	59	6.5254645e+02
1	0	11	60	6.4643610e+02
1	0	11	61	4.4167889e+02
1	0	11	62	5.2309601e+02
1	0	11	63	5.1507184e+02
1	0	12	0	2.1871704e+01
1	0	12	1	-5.2787746e+01
1	0	12	2	-1.6307722e+02
1	0	12	3	-1.3763354e+02
1	0	12	4	-2.4874373e+03
1	0	12	5	-3.3020279e+02
1	0	12	6	-2.4874373e+03
1	0	12	7	-4.1384003e+01
1	0	12	8	-3.2977011e+02
1	0	12	9	1.2865908e+01
1	0	12	10	-2.5643011e+02
1	0	12	11	-2.0411865e+02
1	0	12	12	-2.4075237e+02
1	0	12	13	-2.0643147e+02
1	0	12	14	-2.3228906e+02
1	0	12	15	-2.6456033e+02
1	0	12	16	-2.0913382e+02
1	0	12	17	-2.4182115e+02
1	0	12	18	-2.0986462e+02
1	0	12	19	-2.6082019e+02
1	0	12	20	-1.8153200e+02
1	0	12	21	-1.5991841e+02
1	0	12	22	-3.2316248e+02
1	0	12	23	-3.4958380e+02
1	0	12	24	-1.9399832e+02
1	0	12	25	-2.0860765e+02
1	0	12	26	-2.6450272e+02
1	0	12	27	-2.4874373e+03
1	0	12	28	-2.0235583e+02
1	0	12	29	-1.5711823e+02
1	0	12	30	-1.0881256e+02
1	0	12	31	-1.1681986e+02
1	0	12	32	-2.2178299e+02
1	0	12	33	-2.6427706e+01
1	0	12	34	3.2644467e+02
1	0	12	35	3.5893115e+02
1	0	12	36	3.8591446e+02
1	0	12	37	4.0578140e+02
1	0	12	38	4.2611859e+02
1	0	12	39	4.8586523e+02
1	0	12	40	4.2051202e+02
1	0	12	41	4.1774811e+02
1	0	12	42	3.9989386e+02
1	0	12	43	5.3954083e+02
1	0	12	44	5.0584570e+02
1	0	12	45	4.0492517e+02
1	0	12	46	3.3233667e+02
1	0	12	47	4.6785434e+02
1	0	12	48	4.4440552e+02
1	0	12	49	3.3834372e+02
1	0	12	50	3.9778464e+02
1	0	12	51	9.3548395e+02
1	0	12	52	8.4883844e+02
1	0	12	53	6.1825439e+02
1	0	12	54	7.0965558e+02
1	0	12	55	5.3459589e+02
1	0	12	56	7.2641498e+02
1	0	12	57	7.0655304e+02
1	0	12	58	6.0194562e+02
1	0	12	59	6.6303387e+02
1	0	12	60	6.3668646e+02
1	0	12	61	7.1355121e+02
1	0	12	62	6.0289185e+02
1	0	12	63	5.7047308e+02
1	0	13	0	6.5265793e+01
1	0	13	1	-1.0772878e+01
1	0	13	2	-6.5451439e+01
1	0	13	3	7.3872046e+00
1	0	13	4	4.7458023e+01
1	0	13	5	8.1665497e+01
1	0	13	6	-5.3709185e-01
1	0	13	7	4.6644268e+01
1	0	13	8	-2.3564363e+01
1	0	13	9	-6.6724121e+01
1	0	13	10	8.5291395e+00
1	0	13	11	-1.1609103e+02
1	0	13	12	-7.2313278e+01
1	0	13	13	1.6181446e+01
1	0	13	14	-1.3271556e+02
1	0	13	15	-5.1178284e+01
1	0	13	16	-2.0262137e+02
1	0	13	17	-1.9840884e+02
1	0	13	18	-3.7974976e+02
1	0	13	19	-1.2136922e+02
1	0	13	20	-2.1765688e+02
1	0	13	21	-1.6820747e+02
1	0	13	22	-1.8595381e+02
1	0	13	23	-1.7401768e+02
1	0	13	24	-1.7128175e+02
1	0	13	25	-1.1232123e+02
1	0	13	26	-2.7709067e+02
1	0	13	27	-1.7855884e+02
1	0	13	28	-2.1713400e+02
1	0	13	29	-2.0198389e+02
1	0	13	30	-1.2759627e+02
1	0	13	31	-3.5350336e+02
1	0	13	32	-2.4571956e+02
1	0	13	33	-3.5394266e+02
1	0	13	34	2.4288202e+02
1	0	13	35	8.8707893e+01
1	0	13	36	1.5042203e+02
1	0	13	37	2.1686110e+02
1	0	13	38	3.4674835e+02
1	0	13	39	1.9531883e+02
1	0	13	40	3.1441299e+02
1	0	13	41	1.6683932e+02
1	0	13	42	2.6865356e+02
1	0	13	43	1.2930066e+02
1	0	13	44	2.8842990e+02
1	0	13	45	2.0834700e+02
1	0	13	46	3.1502148e+02
1	0	13	47	1.5196207e+02
1	0	13	48	2.8027017e+02
1	0	13	49	2.6139352e+02
1	0	13	50	2.2620073e+02
1	0	13	51	7.1222351e+02
1	0	13	52	7.4192316e+02
1	0	13	53	5.0084665e+02
1	0	13	54	4.5367722e+02
1	0	13	55	5.0760971e+02
1	0	13	56	5.5341864e+02
1	0	13	57	4.5026541e+02
1	0	13	58	4.0376343e+02
1	0	13	59	3.6569977e+02
1	0	13	60	3.5130615e+02
1	0	13	61	4.3389297e+02
1	0	13	62	5.7145239e+02
1	0	13	63	4.4073260e+02
1	0	14	0	-2.7119743e+01
1	0	14	1	-2.8667686e+01
1	0	14	2	-1.1867245e+02
1	0	14	3	-1.8618234e+02
1	0	14	4	-1.1838412e+02
1	0	14	5	-6.8975075e+01
1	0	14	6	-1.3387532e+02
1	0	14	7	-2.4765772e+01
1	0	14	8	-1.0669644e+02
1	0	14	9	-2.2537129e+02
1	0	14	10	-1.2260591e+02
1	0	14	11	-1.2136140e+02
1	0	14	12	-2.9594833e+02
1	0	14	13	-1.2400499e+02
1	0	14	14	-1.1584360e+02
1	0	14	15	-9.3564079e+01
1	0	14	16	-1.9570982e+02
1	0	14	17	-2.1485631e+02
1	0	14	18	-3.0466174e+02
1	0	14	19	-1.8756805e+02
1	0	14	20	-2.0766957e+02
1	0	14	21	-1.4023827e+02
1	0	14	22	-3.3034286e+02
1	0	14	23	-1.5034424e+02
1	0	14	24	-3.2572830e+02
1	0	14	25	-3.2891583e+02
1	0	14	26	-3.8811609e+02
1	0	14	27	-4.1438370e+02
1	0	14	28	-1.9871411e+02
1	0	14	29	-2.3628871e+02
1	0	14	30	-2.1411971e+02
1	0	14	31	-3.1059857e+02
1	0	14	32	-2.8656094e+02
1	0	14	33	-3.1289682e+02
1	0	14	34	2.1573083e+02
1	0	14	35	1.5586354e+02
1	0	14	36	1.1587692e+02
1	0	14	37	2.9406741e+02
1	0	14	38	2.1635619e+02
1	0	14	39	2.5388988e+02
1	0	14	40	2.5978210e+02
1	0	14	41	2.5422878e+02
1	0	14	42	3.3353961e+02
1	0	14	43	3.4976349e+02
1	0	14	44	3.5493964e+02
1	0	14	45	3.7524252e+02
1	0	14	46	2.5384747e+02
1	0	14	47	3.3584073e+02
1	0	14	48	3.6987448e+02
1	0	14	49	3.9506653e+02
1	0	14	50	3.4819183e+02
1	0	14	51	7.5997705e+02
1	0	14	52	5.9437311e+02
1	0	14	53	5.3286853e+02
1	0	14	54	5.5190985e+02
1	0	14	55	6.2110846e+02
1	0	14	56	6.8768518e+02
1	0	14	57	6.2874103e+02
1	0	14	58	5.5071838e+02
1	0	14	59	5.6647992e+02
1	0	14	60	4.4467731e+02
1	0	14	61	3.1905038e+02
1	0	14	62	3.7145291e+02
1	0	14	63	5.6575403e+02
1	0	15	0	-9.6057632e+01
1	0	15	1	-2.2329983e+01
1	0	15	2	-6.2029816e+01
1	0	15	3	-4.4724892e+01
1	0	15	4	-1.2067281e+02
1	0	15	5	1.0154403e+02
1	0	15	6	4.6205795e+01
1	0	15	7	9.1169594e+01
1	0	15	8	-1.4882948e+02
1	0	15	9	-7.9709404e+01
1	0	15	10	-9.8435074e+01
1	0	15	11	-1.1461027e+02
1	0	15	12	-1.2431148e+01
1	0	15	13	4.2001068e+01
1	0	15	14	-5.1279449e+01
1	0	15	15	-1.0284274e+02
1	0	15	16	-1.0128831e+02
1	0	15	17	-9.4878113e+01
1	0	15	18	-1.2772721e+02
1	0	15	19	-1.4454977e+02
1	0	15	20	-1.2544563e+02
1	0	15	21	-7.2577644e+01
1	0	15	22	9.9718485e+00
1	0	15	23	-1.3607125e+00
1	0	15	24	-1.3574883e+01
1	0	15	25	-1.4029581e+02
1	0	15	26	-1.5637177e+02
1	0	15	27	-3.2107037e+02
1	0	15	28	-4.2172474e+01
1	0	15	29	2.0565973e+01
1	0	15	30	-9.6427933e+01
1	0	15	31	-1.5746094e+02
1	0	15	32	-1.3881107e+02
1	0	15	33	-1.8024652e+02
1	0	15	34	3.8486618e+02
1	0	15	35	3.6207614e+02
1	0	15	36	4.6957812e+02
1	0	15	37	2.6674393e+02
1	0	15	38	3.0506577e+02
1	0	15	39	4.4351468e+02
1	0	15	40	5.5656323e+02
1	0	15	41	2.4768663e+02
1	0	15	42	4.0797806e+02
1	0	15	43	4.4473526e+02
1	0	15	44	5.4147125e+02
1	0	15	45	4.6745816e+02
1	0	15	46	5.8124872e+02
1	0	15	47	4.6268735e+02
1	0	15	48	5.4287994e+02
1	0	15	49	4.4281653e+02
1	0	15	50	4.9453754e+02
1	0	15	51	9.2489227e+02
1	0	15	52	9.4076422e+02
1	0	15	53	5.5081464e+02
1	0	15	54	7.0999725e+02
1	0	15	55	6.1870862e+02
1	0	15	56	8.0560413e+02
1	0	15	57	7.9333899e+02
1	0	15	58	5.0428381e+02
1	0	15	59	5.8978845e+02
1	0	15	60	6.9059570e+02
1	0	15	61	6.4100934e+02
1	0	15	62	6.1269714e+02
1	0	15	63	7.9078198e+02
1	1	0	0	-2.6555927e+02
1	1	0	1	-3.9068741e+02
1	1	0	2	-2.1617436e+02
1	1	0	3	-4.4418823e+02
1	1	0	4	-1.4370953e+02
1	1	0	5	-2.7568781e+02
1	1	0	6	-3.2624878e+02
1	1	0	7	-5.1515912e+02
1	1	0	8	-4.0198956e+02
1	1	0	9	-6.2557472e+01
1	1	0	10	-5.3788403e+02
1	1	0	11	-1.8372751e+02
1	1	0	12	-2.5877002e+02
1	1	0	13	-4.0377097e+02
1	1	0	14	-3.5497562e+02
1	1	0	15	-4.0029935e+02
1	1	0	16	-5.5085687e+02
1	1	0	17	-5.4161444e+02
1	1	0	18	-4.5211960e+02
1	1	0	19	-5.2440063e+02
1	1	0	20	-4.6251404e+02
1	1	0	21	-4.8642514e+02
1	1	0	22	-5.2723041e+02
1	1	0	23	-6.6829620e+02
1	1	0	24	-4.3954590e+02
1	1	0	25	-3.7522571e+02
1	1	0	26	-4.2287363e+02
1	1	0	27	-2.6180554e+02
1	1	0	28	-4.5874036e+02
1	1	0	29	-3.3999780e+02
1	1	0	30	-2.0710814e+02
1	1	0	31	-2.1233032e+02
1	1	0	32	-2.9665674e+02
1	1	0	33	-3.8948477e+02
1	1	0	34	2.4831796e+02
1	1	0	35	3.3885339e+02
1	1	0	36	3.2402274e+02
1	1	0	37	3.6419128e+02
1	1	0	38	2.8160165e+02
1	1	0	39	3.8057159e+02
1	1	0	40	2.8594266e+02
1	1	0	41	2.8301401e+02
1	1	0	42	3.7902731e+02
1	1	0	43	3.7924988e+02
1	1	0	44	3.1170273e+02
1	1	0	45	3.8546329e+02
1	1	0	46	1.9878506e+02
1	1	0	47	3.5425378e+02
1	1	0	48	3.7748260e+02
1	1	0	49	3.1187924e+02
1	1	0	50	3.1616953e+02
1	1	0	51	8.5067340e+02
1	1	0	52	7.7287317e+02
1	1	0	53	4.8775452e+02
1	1	0	54	5.5165326e+02
1	1	0	55	5.5161182e+02
1	1	0	56	6.9325385e+02
1	1	0	57	6.5936951e+02
1	1	0	58	5.2251050e+02
1	1	0	59	5.1022708e+02
1	1	0	60	6.0241016e+02
1	1	0	61	5.0718738e+02
1	1	0	62	3.9813889e+02
1	1	0	63	6.3634888e+02
1	1	1	0	2.3146651e+02
1	1	1	1	1.1405750e+02
1	1	1	2	6.7162384e+01
1	1	1	3	1.5746642e+02
1	1	1	4	9.7729195e+01
1	1	1	5	2.2641371e+02
1	1	1	6	1.5411658e+02
1	1	1	7	2.0674547e+02
1	1	1	8	9.0101692e+01
1	1	1	9	1.1502331e+02
1	1	1	10	-2.6309437e+01
1	1	1	11	9.0106247e+01
1	1	1	12	8.8468040e+01
1	1	1	13	1.0333533e+02
1	1	1	14	4.9614086e+01
1	1	1	15	1.8446391e+02
1	1	1	16	4.0010536e+01
1	1	1	17	6.4222504e+01
1	1	1	18	1.0412490e+02
1	1	1	19	9.8847855e+01
1	1	1	20	-2.1683702e+00
1	1	1	21	8.1959549e+01
1	1	1	22	1.5016573e+02
1	1	1	23	1.9207441e+01
1	1	1	24	-2.1244270e+02
1	1	1	25	9.1914505e+01
1	1	1	26	4.4229145e+01
1	1	1	27	-5.2406601e+01
1	1	1	28	5.6765602e+01
1	1	1	29	-1.8097004e+01
1	1	1	30	3.1286388e+01
1	1	1	31	-7.3568245e+01
1	1	1	32	-5.8356667e+01
1	1	1	33	-3.3473335e+01
1	1	1	34	4.6722583e+02
1	1	1	35	2.9177759e+02
1	1	1	36	5.3497772e+02
1	1	1	37	4.4427951e+02
1	1	1	38	5.3574847e+02
1	1	1	39	3.8158115e+02
1	1	1	40	3.6060251e+02
1	1	1	41	3.7057568e+02
1	1	1	42	3.4885309e+02
1	1	1	43	3.2114871e+02
1	1	1	44	3.5411899e+02
1	1	1	45	2.2252229e+02
1	1	1	46	2.3761664e+02
1	1	1	47	1.2174726e+02
1	1	1	48	1.6921721e+02
1	1	1	49	2.5391087e+02
1	1	1	50	3.0876703e+02
1	1	1	51	6.4111035e+02
1	1	1	52	7.8655157e+02
1	1	1	53	5.4377289e+02
1	1	1	54	4.9350497e+02
1	1	1	55	4.0851947e+02
1	1	1	56	4.8672031e+02
1	1	1	57	5.2859650e+02
1	1	1	58	7.4584546e+02
1	1	1	59	4.0606876e+02
1	1	1	60	5.9286316e+02
1	1	1	61	4.9551392e+02
1	1	1	62	6.7152228e+02
1	1	1	63	5.4865582e+02
1	1	2	0	-1.5872997e+02
1	1	2	1	-3.1933240e+02
1	1	2	2	-2.3894217e+02
1	1	2	3	-2.1948889e+02
1	1	2	4	-3.1234866e+02
1	1	2	5	-3.3660504e+02
1	1	2	6	-3.5272232e+02
1	1	2	7	-1.7065323e+02
1	1	2	8	-1.7181917e+02
1	1	2	9	-3.5299524e+02
1	1	2	10	-3.9118787e+02
1	1	2	11	-3.4487875e+02
1	1	2	12	-4.0940588e+02
1	1	2	13	-4.1805768e+02
1	1	2	14	-2.1681398e+02
1	1	2	15	-2.2703294e+02
1	1	2	16	-3.3051324e+02
1	1	2	17	-4.1551266e+02
1	1	2	18	-4.2105145e+02
1	1	2	19	-5.1730872e+02
1	1	2	20	-3.6443042e+02
1	1	2	21	-3.4411670e+02
1	1	2	22	-3.7406503e+02
1	1	2	23	-3.8865176e+02
1	1	2	24	-4.9122403e+02
1	1	2	25	-4.2085526e+02
1	1	2	26	-3.9986945e+02
1	1	2	27	-4.2804401e+02
1	1	2	28	-3.9314331e+02
1	1	2	29	-5.5181702e+02
1	1	2	30	-4.9705118e+02
1	1	2	31	-4.7735428e+02
1	1	2	32	-5.0253870e+02
1	1	2	33	-3.6405588e+02
1	1	2	34	7.3882515e+01
1	1	2	35	-2.8895111e+01
1	1	2	36	9.3280731e+01
1	1	2	37	9.4062378e+01
1	1	2	38	2.9548082e+01
1	1	2	39	5.9412342e+01
1	1	2	40	1.9135564e+02
1	1	2	41	-5.0837128e+01
1	1	2	42	1.5920306e+02
1	1	2	43	1.9964818e+02
1	1	2	44	5.4518822e+01
1	1	2	45	1.3250983e+02
1	1	2	46	4.1346500e+01
1	1	2	47	7.1879128e+01
1	1	2	48	1.0674437e+02
1	1	2	49	2.9991323e+01
1	1	2	50	9.6470413e+01
1	1	2	51	6.0337000e+02
1	1	2	52	5.8885449e+02
1	1	2	53	2.7190417e+02
1	1	2	54	3.3055853e+02
1	1	2	55	3.0121420e+02
1	1	2	56	3.6773312e+02
1	1	2	57	3.8688904e+02
1	1	2	58	3.3999207e+02
1	1	2	59	2.6416574e+02
1	1	2	60	3.2670523e+02
1	1	2	61	2.5013895e+02
1	1	2	62	7.1031464e+01
1	1	2	63	3.5365222e+02
1	1	3	0	-1.2221971e+02
1	1	3	1	-6.6433380e+01
1	1	3	2	-9.0026924e+01
1	1	3	3	2.5044420e+01
1	1	3	4	-1.5125099e+02
1	1	3	5	-4.1073494e+01
1	1	3	6	-1.6131258e+01
1	1	3	7	3.5178211e+00
1	1	3	8	-9.5914955e+00
1	1	3	9	-3.8263985e+01
1	1	3	10	1.6119666e+00
1	1	3	11	-7.6502380e+01
1	1	3	12	-7.2945847e+01
1	1	3	13	-5.0199017e+01
1	1	3	14	-1.4569035e+02
1	1	3	15	-1.5328756e+01
1	1	3	16	-1.0019952e+02
1	1	3	17	-4.1003532e+01
1	1	3	18	-1.4693269e+02
1	1	3	19	-1.9669592e+02
1	1	3	20	-8.9999397e+01
1	1	3	21	-7.8385353e+01
1	1	3	22	-8.6275513e+01
1	1	3	23	5.7668204e+00
1	1	3	24	-8.2452347e+01
1	1	3	25	-5.7322369e+01
1	1	3	26	-7.3705452e+01
1	1	3	27	-1.4555148e+02
1	1	3	28	-2.7076899e+01
1	1	3	29	-1.3717848e+02
1	1	3	30	-1.3288564e+02
1	1	3	31	-2.7611417e+02
1	1	3	32	-1.5021181e+02
1	1	3	33	-1.5151305e+02
1	1	3	34	2.8985327e+02
1	1	3	35	2.0881093e+02
1	1	3	36	3.1497964e+02
1	1	3	37	4.5784958e+02
1	1	3	38	3.6200375e+02
1	1	3	39	3.7550690e+02
1	1	3	40	5.3063782e+02
1	1	3	41	4.5361554e+02
1	1	3	42	5.3608545e+02
1	1	3	43	4.1792142e+02
1	1	3	44	4.0586487e+02
1	1	3	45	3.5841434e+02
1	1	3	46	4.5717294e+02
1	1	3	47	4.6408127e+02
1	1	3	48	3.9710178e+02
1	1	3	49	2.9886044e+02
1	1	3	50	4.3440369e+02
1	1	3	51	7.9452295e+02
1	1	3	52	7.2808508e+02
1	1	3	53	4.4802844e+02
1	1	3	54	6.3454663e+02
1	1	3	55	5.5146704e+02
1	1	3	56	7.2810889e+02
1	1	3	57	7.6410748e+02
1	1	3	58	6.4769922e+02
1	1	3	59	6.8969434e+02
1	1	3	60	6.0981378e+02
1	1	3	61	6.1900500e+02
1	1	3	62	5.7529230e+02
1	1	3	63	7.3232751e+02
1	1	4	0	-1.3107706e+02
1	1	4	1	-2.4774663e+02
1	1	4	2	-2.6126236e+02
1	1	4	3	-1.4972339e+02
1	1	4	4	-3.2188116e+02
1	1	4	5	-2.3550902e+02
1	1	4	6	-2.9537872e+02
1	1	4	7	-2.2017487e+02
1	1	4	8	-2.9085397e+02
1	1	4	9	-3.1805362e+02
1	1	4	10	-3.6237109e+02
1	1	4	11	-2.4501695e+02
1	1	4	12	-3.1287885e+02
1	1	4	13	-2.8996094e+02
1	1	4	14	-1.6199619e+02
1	1	4	15	-2.9704837e+02
1	1	4	16	-3.6401456e+02
1	1	4	17	-3.9932477e+02
1	1	4	18	-2.3628099e+02
1	1	4	19	-3.4831311e+02
1	1	4	20	-2.9759482e+02
1	1	4	21	-3.1880225e+02
1	1	4	22	-3.2699182e+02
1	1	4	23	-3.4876468e+02
1	1	4	24	-3.9776639e+02
1	1	4	25	-3.8166357e+02
1	1	4	26	-3.6371838e+02
1	1	4	27	-3.8550681e+02
1	1	4	28	-2.9752063e+02
1	1	4	29	-4.3124799e+02
1	1	4	30	-4.1573145e+02
1	1	4	31	-4.7798340e+02
1	1	4	32	-3.9617371e+02
1	1	4	33	-5.0725012e+02
1	1	4	34	1.9236914e+01
1	1	4	35	6.6845726e+01
1	1	4	36	-1.1590355e+01
1	1	4	37	3.8579445e+00
1	1	4	38	3.9578497e+00
1	1	4	39	3.1321825e+01
1	1	4	40	4.5809502e+01
1	1	4	41	-4.3312653e+01
1	1	4	42	1.5262726e+02
1	1	4	43	1.7016945e+02
1	1	4	44	1.3227840e+02
1	1	4	45	1.0290609e+02
1	1	4	46	1.4091151e+02
1	1	4	47	1.7847887e+02
1	1	4	48	1.8770905e+02
1	1	4	49	1.5134435e+02
1	1	4	50	1.5908630e+02
1	1	4	51	5.7730322e+02
1	1	4	52	5.6167523e+02
1	1	4	53	3.4932660e+02
1	1	4	54	2.6027701e+02
1	1	4	55	3.9893198e+02
1	1	4	56	5.0964349e+02
1	1	4	57	3.7971225e+02
1	1	4	58	2.9727850e+02
1	1	4	59	2.7941443e+02
1	1	4	60	4.0103400e+02
1	1	4	61	1.7301056e+02
1	1	4	62	2.7767035e+02
1	1	4	63	3.6513834e+02
1	1	5	0	5.4925140e+01
1	1	5	1	-1.1843006e+02
1	1	5	2	-3.2560480e+02
1	1	5	3	-2.0804646e+02
1	1	5	4	-1.6798628e+02
1	1	5	5	-6.4033531e+01
1	1	5	6	-5.6050148e+01
1	1	5	7	-3.9879032e+01
1	1	5	8	-1.8115558e+02
1	1	5	9	-1.1089484e+02
1	1	5	10	-1.0151433e+01
1	1	5	11	-1.0422495e+02
1	1	5	12	-2.2426378e+02
1	1	5	13	-2.3448674e+02
1	1	5	14	-2.9699026e+02
1	1	5	15	-1.0723633e+02
1	1	5	16	-1.9546915e+02
1	1	5	17	-4.3387203e+01
1	1	5	18	-1.4484407e+02
1	1	5	19	-2.7664404e+02
1	1	5	20	-2.1857162e+02
1	1	5	21	-1.7198100e+02
1	1	5	22	-1.3294893e+02
1	1	5	23	-2.5045351e+02
1	1	5	24	-3.2995273e+02
1	1	5	25	-3.4039594e+02
1	1	5	26	-2.2988852e+02
1	1	5	27	-2.6405786e+02
1	1	5	28	-2.1039328e+02
1	1	5	29	-2.9235617e+02
1	1	5	30	-1.7450728e+02
1	1	5	31	-3.2978375e+02
1	1	5	32	-3.1644305e+02
1	1	5	33	-2.1681041e+02
1	1	5	34	2.6927893e+02
1	1	5	35	2.3573547e+02
1	1	5	36	3.6258344e+02
1	1	5	37	3.6596506e+02
1	1	5	38	3.0514713e+02
1	1	5	39	2.7284439e+02
1	1	5	40	3.8076068e+02
1	1	5	41	2.5429120e+02
1	1	5	42	2.9047372e+02
1	1	5	43	3.2085507e+02
1	1	5	44	2.7056122e+02
1	1	5	45	3.5929837e+02
1	1	5	46	3.9916403e+02
1	1	5	47	3.9199835e+02
1	1	5	48	4.0724023e+02
1	1	5	49	4.0540240e+02
1	1	5	50	3.7031671e+02
1	1	5	51	7.4169403e+02
1	1	5	52	8.0506726e+02
1	1	5	53	5.9922644e+02
1	1	5	54	5.7130249e+02
1	1	5	55	5.6441107e+02
1	1	5	56	5.0229858e+02
1	1	5	57	6.1214667e+02
1	1	5	58	5.4936877e+02
1	1	5	59	5.9439795e+02
1	1	5	60	4.4928247e+02
1	1	5	61	4.8650601e+02
1	1	5	62	4.5494989e+02
1	1	5	63	6.0436743e+02
1	1	6	0	-2.9587817e+02
1	1	6	1	-4.1207071e+02
1	1	6	2	-4.3901312e+02
1	1	6	3	-2.9331503e+02
1	1	6	4	-4.6744324e+02
1	1	6	5	-4.6991299e+02
1	1	6	6	-5.0785574e+02
1	1	6	7	-3.2003473e+02
1	1	6	8	-3.9839053e+02
1	1	6	9	-3.8246912e+02
1	1	6	10	-5.5355035e+02
1	1	6	11	-3.5544839e+02
1	1	6	12	-4.3438705e+02
1	1	6	13	-3.6261835e+02
1	1	6	14	-3.2281195e+02
1	1	6	15	-4.9465176e+02
1	1	6	16	-3.7050931e+02
1	1	6	17	-4.6929773e+02
1	1	6	18	-4.3576584e+02
1	1	6	19	-4.7321625e+02
1	1	6	20	-4.3965497e+02
1	1	6	21	-3.9754028e+02
1	1	6	22	-4.9728052e+02
1	1	6	23	-3.9671915e+02
1	1	6	24	-5.0502802e+02
1	1	6	25	-5.2119910e+02
1	1	6	26	-5.2719910e+02
1	1	6	27	-5.2199243e+02
1	1	6	28	-4.7625266e+02
1	1	6	29	-4.8825220e+02
1	1	6	30	-5.1383008e+02
1	1	6	31	-5.2638953e+02
1	1	6	32	-7.0814935e+02
1	1	6	33	-5.2859369e+02
1	1	6	34	1.3094196e+01
1	1	6	35	9.6208565e+01
1	1	6	36	1.1226530e+02
1	1	6	37	6.9642578e+01
1	1	6	38	-6.9852104e+01
1	1	6	39	2.5147606e+01
1	1	6	40	1.4759727e+01
1	1	6	41	-9.2173859e+01
1	1	6	42	4.5724003e+01
1	1	6	43	1.4538551e+02
1	1	6	44	7.3957539e+00
1	1	6	45	2.6193466e+01
1	1	6	46	1.5641608e+02
1	1	6	47	-1.3233866e+01
1	1	6	48	8.1886337e+01
1	1	6	49	9.0269577e+01
1	1	6	50	7.2626907e+01
1	1	6	51	5.1751282e+02
1	1	6	52	5.6138953e+02
1	1	6	53	9.5551048e+01
1	1	6	54	2.3810194e+02
1	1	6	55	2.8469696e+02
1	1	6	56	4.0561456e+02
1	1	6	57	3.7805286e+02
1	1	6	58	3.3150153e+02
1	1	6	59	2.8344095e+02
1	1	6	60	3.0393130e+02
1	1	6	61	1.9477211e+02
1	1	6	62	2.4711119e+02
1	1	6	63	3.2721857e+02
1	1	7	0	-1.8323277e+01
1	1	7	1	-1.1276823e+02
1	1	7	2	-2.1102715e+02
1	1	7	3	-1.7256776e+02
1	1	7	4	-1.5639128e+02
1	1	7	5	-5.4029945e+01
1	1	7	6	-2.6634564e+02
1	1	7	7	-8.0160599e+01
1	1	7	8	-1.5895425e+02
1	1	7	9	-1.6854442e+02
1	1	7	10	-1.6919655e+02
1	1	7	11	-2.9018048e+02
1	1	7	12	-2.6646774e+02
1	1	7	13	-1.5433171e+02
1	1	7	14	-3.2648514e+02
1	1	7	15	-1.3830301e+02
1	1	7	16	-2.9351431e+02
1	1	7	17	-3.2062503e+02
1	1	7	18	-2.7460056e+02
1	1	7	19	-2.4252873e+02
1	1	7	20	-2.6025223e+02
1	1	7	21	-2.7147681e+02
1	1	7	22	-1.2743127e+02
1	1	7	23	-1.1821271e+02
1	1	7	24	-2.2820461e+02
1	1	7	25	-8.6554611e+01
1	1	7	26	-2.6617285e+02
1	1	7	27	-3.2313995e+02
1	1	7	28	-2.0477956e+02
1	1	7	29	-2.1726656e+02
1	1	7	30	-2.9005945e+02
1	1	7	31	-3.2282767e+02
1	1	7	32	-2.8075024e+02
1	1	7	33	-2.9382843e+02
1	1	7	34	3.0365295e+02
1	1	7	35	1.9400543e+02
1	1	7	36	3.0495859e+02
1	1	7	37	1.2082758e+02
1	1	7	38	2.9078372e+02
1	1	7	39	3.5752554e+02
1	1	7	40	4.0597015e+02
1	1	7	41	2.9545004e+02
1	1	7	42	3.6582639e+02
1	1	7	43	2.7559201e+02
1	1	7	44	4.5149826e+02
1	1	7	45	1.7252901e+02
1	1	7	46	4.3256421e+02
1	1	7	47	2.7922849e+02
1	1	7	48	3.7181683e+02
1	1	7	49	3.7215637e+02
1	1	7	50	2.5095587e+02
1	1	7	51	6.4260028e+02
1	1	7	52	7.8531909e+02
1	1	7	53	5.7657635e+02
1	1	7	54	5.1440009e+02
1	1	7	55	4.6585602e+02
1	1	7	56	7.4385547e+02
1	1	7	57	4.8688803e+02
1	1	7	58	4.8884897e+02
1	1	7	59	4.4437201e+02
1	1	7	60	5.9934698e+02
1	1	7	61	5.2858398e+02
1	1	7	62	5.7031146e+02
1	1	7	63	4.6265222e+02
1	1	8	0	-1.8489278e+02
1	1	8	1	-4.6286203e+02
1	1	8	2	-2.3695279e+02
1	1	8	3	-2.4798956e+02
1	1	8	4	-4.0301089e+02
1	1	8	5	-3.5295447e+02
1	1	8	6	-4.2023996e+02
1	1	8	7	-2.3917657e+02
1	1	8	8	-3.7624048e+02
1	1	8	9	-3.9391217e+02
1	1	8	10	-3.5919513e+02
1	1	8	11	-4.9489658e+02
1	1	8	12	-4.5375888e+02
1	1	8	13	-4.0040909e+02
1	1	8	14	-2.8059024e+02
1	1	8	15	-3.5965546e+02
1	1	8	16	-4.1937146e+02
1	1	8	17	-4.5096649e+02
1	1	8	18	-3.5188190e+02
1	1	8	19	-4.7909738e+02
1	1	8	20	-4.0031018e+02
1	1	8	21	-3.9923093e+02
1	1	8	22	-4.0472549e+02
1	1	8	23	-4.8578516e+02
1	1	8	24	-5.6606512e+02
1	1	8	25	-4.7951324e+02
1	1	8	26	-4.9887384e+02
1	1	8	27	-5.3842969e+02
1	1	8	28	-4.3581339e+02
1	1	8	29	-7.6275146e+02
1	1	8	30	-5.7704694e+02
1	1	8	31	-5.7929688e+02
1	1	8	32	-5.9949640e+02
1	1	8	33	-5.5131805e+02
1	1	8	34	-1.5348676e+02
1	1	8	35	-8.2148109e+01
1	1	8	36	-6.2612282e+01
1	1	8	37	-1.2007347e+02
1	1	8	38	-1.6328529e+02
1	1	8	39	-8.7794548e+01
1	1	8	40	-4.1993317e+01
1	1	8	41	-4.2399551e+01
1	1	8	42	-9.1442841e+01
1	1	8	43	1.9384048e+01
1	1	8	44	8.0269957e+00
1	1	8	45	-2.9708284e+01
1	1	8	46	2.5291159e+01
1	1	8	47	-7.5368538e+01
1	1	8	48	-2.5407999e+01
1	1	8	49	-1.0720375e+02
1	1	8	50	-2.2977167e+01
1	1	8	51	4.5736142e+02
1	1	8	52	4.4119522e+02
1	1	8	53	5.2560268e+01
1	1	8	54	1.2240381e+02
1	1	8	55	2.3936142e+02
1	1	8	56	4.2642743e+02
1	1	8	57	8.2117027e+01
1	1	8	58	2.5337859e+02
1	1	8	59	1.8902217e+02
1	1	8	60	3.3964124e+02
1	1	8	61	1.4929154e+01
1	1	8	62	1.3212396e+02
1	1	8	63	4.1158638e+01
1	1	9	0	-2.2950276e+02
1	1	9	1	-4.0754462e+02
1	1	9	2	-3.0072995e+02
1	1	9	3	-3.8984509e+02
1	1	9	4	-3.8211954e+02
1	1	9	5	-1.8928120e+02
1	1	9	6	-2.4050491e+02
1	1	9	7	-2.4673737e+02
1	1	9	8	-3.2249960e+02
1	1	9	9	-3.6406342e+02
1	1	9	10	-3.5078149e+02
1	1	9	11	-3.5409592e+02
1	1	9	12	-3.7306427e+02
1	1	9	13	-2.7650418e+02
1	1	9	14	-3.8580814e+02
1	1	9	15	-2.7475229e+02
1	1	9	16	-4.2095328e+02
1	1	9	17	-4.0812180e+02
1	1	9	18	-5.1209747e+02
1	1	9	19	-4.1052698e+02
1	1	9	20	-4.0271451e+02
1	1	9	21	-3.8692172e+02
1	1	9	22	-5.0288821e+02
1	1	9	23	-3.6268753e+02
1	1	9	24	-4.0693085e+02
1	1	9	25	-4.5325305e+02
1	1	9	26	-4.3512244e+02
1	1	9	27	-4.3464056e+02
1	1	9	28	-4.2708896e+02
1	1	9	29	-4.9468484e+02
1	1	9	30	-4.1533209e+02
1	1	9	31	-4.3237848e+02
1	1	9	32	-4.3523212e+02
1	1	9	33	-4.8192542e+02
1	1	9	34	-7.2314919e+01
1	1	9	35	1.0445781e+02
1	1	9	36	1.5508316e+02
1	1	9	37	-2.6876381e+01
1	1	9	38	7.7720535e+01
1	1	9	39	1.3933124e+02
1	1	9	40	2.6213986e+02
1	1	9	41	1.7409770e+02
1	1	9	42	2.8807748e+02
1	1	9	43	2.3842343e+02
1	1	9	44	3.2330939e+02
1	1	9	45	1.1961879e+02
1	1	9	46	2.6461447e+02
1	1	9	47	2.4170335e+02
1	1	9	48	3.2702032e+02
1	1	9	49	1.0095985e+02
1	1	9	50	3.3826730e+02
1	1	9	51	5.4019104e+02
1	1	9	52	7.0209344e+02
1	1	9	53	3.9216669e+02
1	1	9	54	4.7180096e+02
1	1	9	55	4.9909122e+02
1	1	9	56	4.6531659e+02
1	1	9	57	5.1305634e+02
1	1	9	58	2.1532631e+02
1	1	9	59	3.5897205e+02
1	1	9	60	5.7496570e+02
1	1	9	61	2.0183913e+02
1	1	9	62	2.6389935e+02
1	1	9	63	5.5796326e+02
1	1	10	0	-2.6824806e+01
1	1	10	1	-6.5876236e+01
1	1	10	2	-4.1282635e+01
1	1	10	3	-6.5593727e+01
1	1	10	4	-2.8621124e+02
1	1	10	5	-1.3554686e+02
1	1	10	6	-2.1974370e+02
1	1	10	7	-5.4696754e+01
1	1	10	8	-1.5712514e+02
1	1	10	9	-8.9166374e+01
1	1	10	10	-1.4066377e+02
1	1	10	11	-7.1966125e+01
1	1	10	12	-2.5806381e+02
1	1	10	13	-1.7960088e+02
1	1	10	14	-1.6869791e+02
1	1	10	15	-1.7202242e+02
1	1	10	16	-1.7840608e+02
1	1	10	17	-3.0110254e+02
1	1	10	18	-1.6420930e+02
1	1	10	19	-1.9454161e+02
1	1	10	20	-2.0979236e+02
1	1	10	21	-1.3955704e+02
1	1	10	22	-2.7225909e+02
1	1	10	23	-1.5309116e+02
1	1	10	24	-2.1027855e+02
1	1	10	25	-2.0025714e+02
1	1	10	26	-2.0173625e+02
1	1	10	27	-4.1464413e+02
1	1	10	28	-2.8942178e+02
1	1	10	29	-2.6698398e+02
1	1	10	30	-2.6038232e+02
1	1	10	31	-3.5928827e+02
1	1	10	32	-3.1640305e+02
1	1	10	33	-3.1127966e+02
1	1	10	34	2.1108458e+02
1	1	10	35	1.5359441e+02
1	1	10	36	2.1420679e+02
1	1	10	37	1.8671986e+02
1	1	10	38	2.1223431e+02
1	1	10	39	2.0788751e+02
1	1	10	40	1.7672878e+02
1	1	10	41	1.6138306e+02
1	1	10	42	2.8711230e+02
1	1	10	43	2.6399146e+02
1	1	10	44	4.0831534e+02
1	1	10	45	2.8876624e+02
1	1	10	46	1.9924092e+02
1	1	10	47	2.8936694e+02
1	1	10	48	4.0208664e+02
1	1	10	49	3.7505228e+02
1	1	10	50	2.6965866e+02
1	1	10	51	7.1988800e+02
1	1	10	52	7.7654724e+02
1	1	10	53	4.6048090e+02
1	1	10	54	3.7821396e+02
1	1	10	55	5.8761462e+02
1	1	10	56	5.1740131e+02
1	1	10	57	6.0219800e+02
1	1	10	58	5.4957263e+02
1	1	10	59	3.8447409e+02
1	1	10	60	5.8113538e+02
1	1	10	61	2.4494966e+02
1	1	10	62	2.8624478e+02
1	1	10	63	4.8541095e+02
1	1	11	0	3.1651789e+01
1	1	11	1	4.4472699e+00
1	1	11	2	-1.1631676e+02
1	1	11	3	-3.7671192e+01
1	1	11	4	-1.6696111e+02
1	1	11	5	-1.2277560e+02
1	1	11	6	-1.0043546e+02
1	1	11	7	7.3798332e+01
1	1	11	8	-2.9942930e+01
1	1	11	9	-1.1945274e+02
1	1	11	10	3.0504326e+01
1	1	11	11	-1.5254164e+02
1	1	11	12	-1.1631150e+02
1	1	11	13	-1.7906923e+02
1	1	11	14	-1.5969914e+02
1	1	11	15	-6.3965485e+01
1	1	11	16	-1.4239720e+02
1	1	11	17	-2.1298767e+02
1	1	11	18	-1.1459425e+02
1	1	11	19	-2.3733427e+01
1	1	11	20	-9.5445450e+01
1	1	11	21	-2.5756134e+02
1	1	11	22	-1.3553262e+02
1	1	11	23	-4.1073345e+01
1	1	11	24	-1.9417052e+02
1	1	11	25	-1.2288245e+02
1	1	11	26	-2.2572343e+02
1	1	11	27	-2.4172726e+02
1	1	11	28	-3.4310876e+02
1	1	11	29	-1.8212733e+02
1	1	11	30	-2.0945436e+02
1	1	11	31	-1.4534279e+02
1	1	11	32	-2.2501088e+02
1	1	11	33	-2.8939444e+02
1	1	11	34	3.2539594e+02
1	1	11	35	1.3191840e+02
1	1	11	36	4.1597989e+02
1	1	11	37	4.4368771e+02
1	1	11	38	3.6702429e+02
1	1	11	39	2.5176279e+02
1	1	11	40	3.3984579e+02
1	1	11	41	3.4938611e+02
1	1	11	42	4.9574191e+02
1	1	11	43	4.1945193e+02
1	1	11	44	5.0605640e+02
1	1	11	45	4.1160297e+02
1	1	11	46	4.2978616e+02
1	1	11	47	3.0694327e+02
1	1	11	48	4.7719189e+02
1	1	11	49	4.6226437e+02
1	1	11	50	2.7014005e+02
1	1	11	51	7.7009363e+02
1	1	11	52	7.9098389e+02
1	1	11	53	6.1193207e+02
1	1	11	54	5.8407654e+02
1	1	11	55	6.1648694e+02
1	1	11	56	8.0722870e+02
1	1	11	57	7.4980481e+02
1	1	11	58	5.1757379e+02
1	1	11	59	5.3892462e+02
1	1	11	60	6.9705585e+02
1	1	11	61	3.6272327e+02
1	1	11	62	3.7033328e+02
1	1	11	63	6.7896826e+02
1	1	12	0	-1.0776932e+02
1	1	12	1	-1.6677753e+02
1	1	12	2	-1.3547270e+02
1	1	12	3	-1.8473195e+02
1	1	12	4	-4.6681738e+02
1	1	12	5	-1.3043857e+02
1	1	12	6	-3.4001389e+02
1	1	12	7	-3.1047739e+02
1	1	12	8	-2.8676089e+02
1	1	12	9	-4.2777533e+02
1	1	12	10	-3.5516031e+02
1	1	12	11	-2.5256384e+02
1	1	12	12	-3.2557901e+02
1	1	12	13	-2.8154065e+02
1	1	12	14	-2.3601984e+02
1	1	12	15	-2.2392278e+02
1	1	12	16	-2.8724463e+02
1	1	12	17	-3.4217114e+02
1	1	12	18	-2.7742783e+02
1	1	12	19	-2.7876779e+02
1	1	12	20	-2.1044144e+02
1	1	12	21	-3.0112320e+02
1	1	12	22	-3.2975488e+02
1	1	12	23	-4.4281613e+02
1	1	12	24	-4.4423691e+02
1	1	12	25	-4.8542148e+02
1	1	12	26	-4.5414447e+02
1	1	12	27	-4.7454855e+02
1	1	12	28	-3.1830075e+02
1	1	12	29	-4.3755951e+02
1	1	12	30	-3.9678564e+02
1	1	12	31	-4.1783173e+02
1	1	12	32	-4.8038025e+02
1	1	12	33	-3.8857620e+02
1	1	12	34	8.5490112e+01
1	1	12	35	7.3708199e+01
1	1	12	36	1.1304261e+02
1	1	12	37	8.6539497e+01
1	1	12	38	1.3010324e+02
1	1	12	39	8.5624161e+01
1	1	12	40	1.7645633e+02
1	1	12	41	5.9011452e+01
1	1	12	42	2.0983392e+02
1	1	12	43	1.6421242e+02
1	1	12	44	4.4408438e+02
1	1	12	45	1.4493228e+02
1	1	12	46	2.0479968e+02
1	1	12	47	1.6995511e+02
1	1	12	48	1.9579572e+02
1	1	12	49	1.2533016e+02
1	1	12	50	3.4817395e+00
1	1	12	51	6.5570135e+02
1	1	12	52	6.9192365e+02
1	1	12	53	3.5688382e+02
1	1	12	54	4.0292838e+02
1	1	12	55	4.5280753e+02
1	1	12	56	4.7415808e+02
1	1	12	57	4.9212595e+02
1	1	12	58	4.5898618e+02
1	1	12	59	3.9331927e+02
1	1	12	60	4.4624973e+02
1	1	12	61	3.6278293e+02
1	1	12	62	2.8636777e+02
1	1	12	63	5.2615839e+02
1	1	13	0	-8.3799057e+01
1	1	13	1	-8.5263680e+01
1	1	13	2	-9.8769012e+01
1	1	13	3	-4.6385452e+01
1	1	13	4	-1.0114251e+02
1	1	13	5	1.3319749e+01
1	1	13	6	-1.1682679e+02
1	1	13	7	-8.9384872e+01
1	1	13	8	-2.3741745e+02
1	1	13	9	-7.8438904e+01
1	1	13	10	-8.4197441e+01
1	1	13	11	-8.3578484e+01
1	1	13	12	-2.4370680e+02
1	1	13	13	-1.2664262e+02
1	1	13	14	-3.5548135e+02
1	1	13	15	-5.2731884e+01
1	1	13	16	-1.7511586e+02
1	1	13	17	-1.3520087e+02
1	1	13	18	-1.7264214e+02
1	1	13	19	-7.0413094e+01
1	1	13	20	-3.4196317e+02
1	1	13	21	-2.4588652e+02
1	1	13	22	-3.0414102e+02
1	1	13	23	-1.0404484e+02
1	1	13	24	-4.2216611e+02
1	1	13	25	-1.8632153e+02
1	1	13	26	-1.6925563e+02
1	1	13	27	-1.8934537e+02
1	1	13	28	-2.7052487e+02
1	1	13	29	-2.8286877e+02
1	1	13	30	-3.7244559e+02
1	1	13	31	-2.6662854e+02
1	1	13	32	-3.1282343e+02
1	1	13	33	-2.8999997e+02
1	1	13	34	3.2568851e+02
1	1	13	35	2.3757265e+02
1	1	13	36	3.5178967e+02
1	1	13	37	3.7235089e+02
1	1	13	38	3.5818576e+02
1	1	13	39	3.6181174e+02
1	1	13	40	2.4642731e+02
1	1	13	41	3.3132425e+02
1	1	13	42	3.6064160e+02
1	1	13	43	2.6343872e+02
1	1	13	44	1.2038022e+02
1	1	13	45	3.7973718e+02
1	1	13	46	3.7996921e+02
1	1	13	47	3.8296024e+02
1	1	13	48	4.2336365e+02
1	1	13	49	4.0182657e+02
1	1	13	50	3.9314111e+02
1	1	13	51	7.7549530e+02
1	1	13	52	9.5855524e+02
1	1	13	53	5.2261774e+02
1	1	13	54	5.9492053e+02
1	1	13	55	5.7126379e+02
1	1	13	56	7.3203986e+02
1	1	13	57	6.3089746e+02
1	1	13	58	4.0396359e+02
1	1	13	59	5.9994165e+02
1	1	13	60	6.2796173e+02
1	1	13	61	5.6150391e+02
1	1	13	62	5.7412372e+02
1	1	13	63	7.0516357e+02
1	1	14	0	-3.3266422e+02
1	1	14	1	-4.2513312e+02
1	1	14	2	-2.8044858e+02
1	1	14	3	-3.9726517e+02
1	1	14	4	-2.6112778e+02
1	1	14	5	-2.6859207e+02
1	1	14	6	-2.0967670e+02
1	1	14	7	-4.8038730e+02
1	1	14	8	-4.3061798e+02
1	1	14	9	-1.6171677e+02
1	1	14	10	-6.7711731e+02
1	1	14	11	-1.1722501e+02
1	1	14	12	-4.4973004e+02
1	1	14	13	-3.4454034e+02
1	1	14	14	-5.7058240e+02
1	1	14	15	-6.0451892e+02
1	1	14	16	-6.4873517e+02
1	1	14	17	-6.1707666e+02
1	1	14	18	-6.8211035e+02
1	1	14	19	-5.2980072e+02
1	1	14	20	-6.1545154e+02
1	1	14	21	-6.5701520e+02
1	1	14	22	-5.3393201e+02
1	1	14	23	-4.5895132e+02
1	1	14	24	-4.7784293e+02
1	1	14	25	-4.1916190e+02
1	1	14	26	-6.1019049e+02
1	1	14	27	-3.0750452e+02
1	1	14	28	-4.1176343e+02
1	1	14	29	-4.3426447e+02
1	1	14	30	-3.2389758e+02
1	1	14	31	-2.8699484e+02
1	1	14	32	-3.3812708e+02
1	1	14	33	-4.2835580e+02
1	1	14	34	2.1608592e+02
1	1	14	35	2.8145901e+02
1	1	14	36	1.1076628e+02
1	1	14	37	2.6537305e+02
1	1	14	38	2.7000821e+02
1	1	14	39	2.7348041e+02
1	1	14	40	2.5920758e+02
1	1	14	41	3.6732379e+02
1	1	14	42	3.2558923e+02
1	1	14	43	3.3699387e+02
1	1	14	44	4.1751996e+02
1	1	14	45	2.7253732e+02
1	1	14	46	3.6408087e+02
1	1	14	47	4.0678265e+02
1	1	14	48	3.2497626e+02
1	1	14	49	2.0169583e+02
1	1	14	50	3.1204910e+02
1	1	14	51	9.0721637e+02
1	1	14	52	8.9137610e+02
1	1	14	53	5.3053925e+02
1	1	14	54	4.9568185e+02
1	1	14	55	5.5414825e+02
1	1	14	56	7.3752893e+02
1	1	14	57	6.7797052e+02
1	1	14	58	5.3187988e+02
1	1	14	59	6.3642810e+02
1	1	14	60	6.0009772e+02
1	1	14	61	5.4020959e+02
1	1	14	62	5.7617297e+02
1	1	14	63	5.8162061e+02
1	1	15	0	5.3471920e+01
1	1	15	1	9.3557444e+00
1	1	15	2	2.6383034e+01
1	1	15	3	6.5585152e+01
1	1	15	4	-3.9973976e+01
1	1	15	5	6.9257828e+01
1	1	15	6	4.6232811e+01
1	1	15	7	1.9528780e+02
1	1	15	8	9.3833168e+01
1	1	15	9	-7.1544209e+00
1	1	15	10	8.7915535e+01
1	1	15	11	7.4579682e+00
1	1	15	12	-1.7845540e+02
1	1	15	13	5.0728596e+01
1	1	15	14	-9.1700623e+01
1	1	15	15	1.1095551e+01
1	1	15	16	-6.7226448e+01
1	1	15	17	-1.1017849e+00
1	1	15	18	-8.8564682e+01
1	1	15	19	-8.2850166e+01
1	1	15	20	-1.0740665e+02
1	1	15	21	-9.2747368e+01
1	1	15	22	-1.0040554e+01
1	1	15	23	-4.4305916e+01
1	1	15	24	-8.3649803e+01
1	1	15	25	-4.9545620e+01
1	1	15	26	-9.1076942e+01
1	1	15	27	-1.5940428e+02
1	1	15	28	-1.4613170e+02
1	1	15	29	-1.9441280e+02
1	1	15	30	-1.0296195e+02
1	1	15	31	-1.3966727e+02
1	1	15	32	-1.3587184e+02
1	1	15	33	-1.5292699e+02
1	1	15	34	2.7593198e+02
1	1	15	35	3.4684183e+02
1	1	15	36	3.4974377e+02
1	1	15	37	2.0954126e+02
1	1	15	38	4.5121655e+02
1	1	15	39	2.4194110e+02
1	1	15	40	2.8298502e+02
1	1	15	41	1.9806366e+02
1	1	15	42	3.3707632e+02
1	1	15	43	2.3335782e+02
1	1	15	44	2.3289651e+02
1	1	15	45	2.2347884e+02
1	1	15	46	1.5673723e+02
1	1	15	47	1.3029610e+02
1	1	15	48	1.3674008e+02
1	1	15	49	8.2369286e+01
1	1	15	50	2.8990546e+02
1	1	15	51	4.9920688e+02
1	1	15	52	6.8728516e+02
1	1	15	53	3.2998056e+02
1	1	15	54	4.2674130e+02
1	1	15	55	3.9453693e+02
1	1	15	56	4.6630118e+02
1	1	15	57	5.6220361e+02
1	1	15	58	4.9449500e+02
1	1	15	59	3.4432370e+02
1	1	15	60	4.5554715e+02
1	1	15	61	3.4873550e+02
1	1	15	62	4.0932587e+02
1	1	15	63	4.7468198e+02
1	2	0	0	1.8336395e+02
1	2	0	1	4.0158138e+01
1	2	0	2	1.8798506e+02
1	2	0	3	1.1617143e+02
1	2	0	4	1.4930667e+02
1	2	0	5	1.0557133e+02
1	2	0	6	1.0280829e+01
1	2	0	7	1.3975108e+02
1	2	0	8	4.4451710e+01
1	2	0	9	1.5611377e+02
1	2	0	10	7.0470512e+01
1	2	0	11	1.0256977e+02
1	2	0	12	1.6060658e+01
1	2	0	13	1.3302698e+02
1	2	0	14	1.0842541e+02
1	2	0	15	4.0534561e+01
1	2	0	16	-3.6452522e+01
1	2	0	17	3.0822130e+01
1	2	0	18	-2.6016336e+01
1	2	0	19	-2.0826912e+01
1	2	0	20	7.1377144e+01
1	2	0	21	6.2760456e+01
1	2	0	22	4.1435463e+01
1	2	0	23	-3.7739878e+00
1	2	0	24	7.5698959e+01
1	2	0	25	8.7783546e+01
1	2	0	26	-2.8941200e+01
1	2	0	27	-4.2045277e+01
1	2	0	28	6.2500790e+01
1	2	0	29	5.9438962e-01
1	2	0	30	6.7444099e+01
1	2	0	31	-2.7504890e+01
1	2	0	32	5.4517059e+01
1	2	0	33	3.6852840e+01
1	2	0	34	3.7491064e+02
1	2	0	35	5.8779779e+02
1	2	0	36	5.9333026e+02
1	2	0	37	5.7085718e+02
1	2	0	38	5.3571240e+02
1	2	0	39	5.8327094e+02
1	2	0	40	6.2928308e+02
1	2	0	41	4.0622662e+02
1	2	0	42	4.9836707e+02
1	2	0	43	6.3216455e+02
1	2	0	44	6.0260321e+02
1	2	0	45	5.0587381e+02
1	2	0	46	5.8656000e+02
1	2	0	47	5.7057550e+02
1	2	0	48	5.5085608e+02
1	2	0	49	5.9967523e+02
1	2	0	50	6.1902032e+02
1	2	0	51	1.0355760e+03
1	2	0	52	9.5530890e+02
1	2	0	53	7.0095789e+02
1	2	0	54	6.8050922e+02
1	2	0	55	7.4836676e+02
1	2	0	56	8.5335065e+02
1	2	0	57	8.9590149e+02
1	2	0	58	7.0274786e+02
1	2	0	59	8.1613116e+02
1	2	0	60	7.2495898e+02
1	2	0	61	6.7351862e+02
1	2	0	62	5.5947858e+02
1	2	0	63	6.6540143e+02
1	2	1	0	2.1395177e+02
1	2	1	1	-1.1807946e+01
1	2	1	2	1.0775562e+01
1	2	1	3	1.8779922e+02
1	2	1	4	4.0955956e+01
1	2	1	5	1.3128809e+02
1	2	1	6	7.5678764e+01
1	2	1	7	1.8924725e+02
1	2	1	8	1.9653128e+02
1	2	1	9	1.9606841e+02
1	2	1	10	1.5868353e+02
1	2	1	11	1.2239030e+02
1	2	1	12	1.1855712e+02
1	2	1	13	1.7577370e+02
1	2	1	14	1.6971930e+02
1	2	1	15	1.4463615e+02
1	2	1	16	4.1764206e+01
1	2	1	17	-3.7535358e+01
1	2	1	18	1.2507715e+01
1	2	1	19	-1.2081006e+01
1	2	1	20	-1.4598135e+02
1	2	1	21	3.4074306e+01
1	2	1	22	-6.7503517e+01
1	2	1	23	-1.0775109e+02
1	2	1	24	-2.1281841e+00
1	2	1	25	1.4064374e+02
1	2	1	26	5.5350636e+01
1	2	1	27	6.8858734e+01
1	2	1	28	1.5556056e+02
1	2	1	29	3.1466890e+01
1	2	1	30	5.9691624e+01
1	2	1	31	-6.7762070e+01
1	2	1	32	-3.6448318e+01
1	2	1	33	5.6306496e+00
1	2	1	34	5.0495096e+02
1	2	1	35	3.1212247e+02
1	2	1	36	4.4894540e+02
1	2	1	37	3.3675739e+02
1	2	1	38	5.6968268e+02
1	2	1	39	3.1568411e+02
1	2	1	40	5.2870697e+02
1	2	1	41	4.8865543e+02
1	2	1	42	5.3936041e+02
1	2	1	43	4.2705283e+02
1	2	1	44	5.8188776e+02
1	2	1	45	4.9805563e+02
1	2	1	46	5.4263385e+02
1	2	1	47	4.4492996e+02
1	2	1	48	4.8152496e+02
1	2	1	49	5.3805994e+02
1	2	1	50	3.7964523e+02
1	2	1	51	9.5696545e+02
1	2	1	52	9.4793866e+02
1	2	1	53	6.5000098e+02
1	2	1	54	6.8808228e+02
1	2	1	55	7.8415979e+02
1	2	1	56	8.3098389e+02
1	2	1	57	7.9583429e+02
1	2	1	58	8.1358258e+02
1	2	1	59	5.5173688e+02
1	2	1	60	7.1331952e+02
1	2	1	61	6.6104254e+02
1	2	1	62	7.5072058e+02
1	2	1	63	7.3441693e+02
1	2	2	0	8.3553841e+01
1	2	2	1	1.4253117e+01
1	2	2	2	1.0768024e+02
1	2	2	3	1.2169423e+02
1	2	2	4	-7.5824768e+01
1	2	2	5	7.1384796e+01
1	2	2	6	4.7735008e+01
1	2	2	7	2.2481801e+02
1	2	2	8	-3.4249203e+01
1	2	2	9	-4.2663975e+01
1	2	2	10	9.7902781e-01
1	2	2	11	5.8568939e+01
1	2	2	12	-1.7520765e+01
1	2	2	13	-4.6439499e+01
1	2	2	14	1.6049809e+01
1	2	2	15	3.1465763e+01
1	2	2	16	2.9386082e+01
1	2	2	17	-1.7382152e+02
1	2	2	18	3.7011902e+01
1	2	2	19	-4.8873528e+01
1	2	2	20	2.6287790e+01
1	2	2	21	-1.0879936e+00
1	2	2	22	-3.1961319e+01
1	2	2	23	-3.0858747e+01
1	2	2	24	-3.1717798e+01
1	2	2	25	-5.1926018e+01
1	2	2	26	-7.4591911e+01
1	2	2	27	-1.3967192e+00
1	2	2	28	-6.2269466e+01
1	2	2	29	-1.1753596e+02
1	2	2	30	-4.3039204e+01
1	2	2	31	-8.3008194e+01
1	2	2	32	-1.4860689e+02
1	2	2	33	-6.9031715e+01
1	2	2	34	4.1880981e+02
1	2	2	35	4.7878299e+02
1	2	2	36	4.1543781e+02
1	2	2	37	4.7058093e+02
1	2	2	38	4.0727713e+02
1	2	2	39	4.7460782e+02
1	2	2	40	4.7636008e+02
1	2	2	41	4.5531158e+02
1	2	2	42	4.1570486e+02
1	2	2	43	5.2084430e+02
1	2	2	44	4.7470529e+02
1	2	2	45	4.4730225e+02
1	2	2	46	5.1180264e+02
1	2	2	47	4.4196350e+02
1	2	2	48	4.4936853e+02
1	2	2	49	4.0122528e+02
1	2	2	50	5.3055103e+02
1	2	2	51	1.1377246e+03
1	2	2	52	1.1136898e+03
1	2	2	53	5.9812347e+02
1	2	2	54	7.4094104e+02
1	2	2	55	8.9096411e+02
1	2	2	56	8.6692749e+02
1	2	2	57	8.1919940e+02
1	2	2	58	7.1153326e+02
1	2	2	59	7.2678577e+02
1	2	2	60	5.1266022e+02
1	2	2	61	6.9802960e+02
1	2	2	62	6.9623718e+02
1	2	2	63	8.4592847e+02
1	2	3	0	2.2203804e+02
1	2	3	1	1.3426167e+02
1	2	3	2	1.4594714e+02
1	2	3	3	1.4829951e+02
1	2	3	4	1.2615414e+02
1	2	3	5	1.3813507e+02
1	2	3	6	6.8085152e+01
1	2	3	7	6.1627869e+01
1	2	3	8	1.5123856e+02
1	2	3	9	8.6515099e+01
1	2	3	10	8.3905197e+01
1	2	3	11	5.2096615e+01
1	2	3	12	-8.6839676e+01
1	2	3	13	1.5393254e+02
1	2	3	14	3.7980595e+01
1	2	3	15	7.9164116e+01
1	2	3	16	-3.4614925e+01
1	2	3	17	5.0599098e+01
1	2	3	18	1.6680851e+01
1	2	3	19	4.0465889e+01
1	2	3	20	-1.9836966e+02
1	2	3	21	-1.4268878e+02
1	2	3	22	-3.8355259e+01
1	2	3	23	1.1894729e+02
1	2	3	24	-6.5174271e+01
1	2	3	25	-6.8860207e+00
1	2	3	26	-3.6374950e+01
1	2	3	27	-2.2988219e+00
1	2	3	28	3.8306656e+01
1	2	3	29	-1.9460219e+00
1	2	3	30	-2.1246536e+01
1	2	3	31	1.6835401e+00
1	2	3	32	-1.4044212e+02
1	2	3	33	-1.0604688e+02
1	2	3	34	4.2880978e+02
1	2	3	35	2.4984982e+02
1	2	3	36	6.5752289e+02
1	2	3	37	5.7532050e+02
1	2	3	38	6.1296069e+02
1	2	3	39	2.7335413e+02
1	2	3	40	6.1003815e+02
1	2	3	41	5.8435101e+02
1	2	3	42	6.4406799e+02
1	2	3	43	5.1920428e+02
1	2	3	44	7.0154810e+02
1	2	3	45	4.2477374e+02
1	2	3	46	6.8556091e+02
1	2	3	47	5.6031262e+02
1	2	3	48	6.2957971e+02
1	2	3	49	4.3660565e+02
1	2	3	50	5.2367651e+02
1	2	3	51	9.0228595e+02
1	2	3	52	9.2618811e+02
1	2	3	53	6.4717590e+02
1	2	3	54	6.4331567e+02
1	2	3	55	7.7507446e+02
1	2	3	56	7.1947394e+02
1	2	3	57	7.4992773e+02
1	2	3	58	6.9128076e+02
1	2	3	59	6.6579211e+02
1	2	3	60	6.8918445e+02
1	2	3	61	5.9402319e+02
1	2	3	62	7.2963251e+02
1	2	3	63	8.3021295e+02
1	2	4	0	7.5428276e+01
1	2	4	1	2.3186708e+01
1	2	4	2	1.5606499e+02
1	2	4	3	3.3383362e+01
1	2	4	4	2.4757862e+01
1	2	4	5	4.5386349e+01
1	2	4	6	6.0983036e+01
1	2	4	7	1.2947062e+01
1	2	4	8	-1.4825209e+02
1	2	4	9	1.2223415e+02
1	2	4	10	-9.3664856e+01
1	2	4	11	5.8906807e+01
1	2	4	12	7.7602897e+00
1	2	4	13	7.1113586e+01
1	2	4	14	2.8539261e+01
1	2	4	15	-1.2356682e+02
1	2	4	16	-1.1780869e+02
1	2	4	17	-8.6306358e+01
1	2	4	18	-2.0594243e+02
1	2	4	19	-1.5063927e+02
1	2	4	20	-2.9663710e+01
1	2	4	21	-3.8633034e+01
1	2	4	22	-8.9591957e+01
1	2	4	23	-1.6480174e+02
1	2	4	24	-1.7096167e+02
1	2	4	25	-1.0066749e+01
1	2	4	26	-3.2864326e+01
1	2	4	27	-6.0414085e+01
1	2	4	28	7.3324375e+00
1	2	4	29	-9.3605835e+01
1	2	4	30	-9.5871487e+00
1	2	4	31	-1.7808890e+02
1	2	4	32	-2.7468030e+02
1	2	4	33	-2.7768879e+01
1	2	4	34	2.6239911e+02
1	2	4	35	4.6148907e+02
1	2	4	36	3.6467084e+02
1	2	4	37	3.4507977e+02
1	2	4	38	3.8016873e+02
1	2	4	39	4.5012268e+02
1	2	4	40	4.9382559e+02
1	2	4	41	4.1983563e+02
1	2	4	42	5.8717737e+02
1	2	4	43	4.5216394e+02
1	2	4	44	4.8478598e+02
1	2	4	45	3.4833966e+02
1	2	4	46	4.9723328e+02
1	2	4	47	4.8812231e+02
1	2	4	48	4.8871420e+02
1	2	4	49	4.1393423e+02
1	2	4	50	4.6831979e+02
1	2	4	51	8.4049670e+02
1	2	4	52	9.3927557e+02
1	2	4	53	6.9160553e+02
1	2	4	54	7.3132703e+02
1	2	4	55	5.8569971e+02
1	2	4	56	7.3552271e+02
1	2	4	57	8.7750812e+02
1	2	4	58	7.3722516e+02
1	2	4	59	7.3320020e+02
1	2	4	60	6.4824237e+02
1	2	4	61	6.0778271e+02
1	2	4	62	6.2490253e+02
1	2	4	63	7.0188892e+02
1	2	5	0	-7.0023041e+00
1	2	5	1	1.4150488e+02
1	2	5	2	-2.6059595e+01
1	2	5	3	1.8552501e+02
1	2	5	4	3.6770164e+01
1	2	5	5	1.7477875e+02
1	2	5	6	-1.5965610e+01
1	2	5	7	-1.6972504e+01
1	2	5	8	9.4251595e+01
1	2	5	9	7.3933411e+01
1	2	5	10	4.8715813e+01
1	2	5	11	2.3624279e+01
1	2	5	12	5.4643646e+01
1	2	5	13	3.4804665e+01
1	2	5	14	5.2248924e+01
1	2	5	15	3.7003948e+01
1	2	5	16	-3.5862514e+01
1	2	5	17	-2.8852262e+01
1	2	5	18	3.0558378e+01
1	2	5	19	-6.9009178e+01
1	2	5	20	8.6171913e+00
1	2	5	21	3.9074524e+01
1	2	5	22	-8.4535503e+00
1	2	5	23	9.9727135e+01
1	2	5	24	1.9687514e+00
1	2	5	25	6.8495346e+01
1	2	5	26	-2.4501043e+01
1	2	5	27	9.9497118e+00
1	2	5	28	-7.9209328e-01
1	2	5	29	1.3143583e+01
1	2	5	30	3.9704552e+01
1	2	5	31	-7.4427778e-01
1	2	5	32	-2.0385075e+01
1	2	5	33	8.0046505e-01
1	2	5	34	3.1586902e+02
1	2	5	35	4.2495786e+02
1	2	5	36	4.9231500e+02
1	2	5	37	4.3085394e+02
1	2	5	38	5.1143671e+02
1	2	5	39	5.0774603e+02
1	2	5	40	4.3826453e+02
1	2	5	41	4.7762357e+02
1	2	5	42	5.0152975e+02
1	2	5	43	3.7535577e+02
1	2	5	44	4.9524698e+02
1	2	5	45	4.6920804e+02
1	2	5	46	4.4900320e+02
1	2	5	47	5.1168402e+02
1	2	5	48	3.9667429e+02
1	2	5	49	4.3603949e+02
1	2	5	50	5.1377350e+02
1	2	5	51	8.9290631e+02
1	2	5	52	9.1310046e+02
1	2	5	53	4.7574255e+02
1	2	5	54	6.8348431e+02
1	2	5	55	6.2303986e+02
1	2	5	56	8.2186414e+02
1	2	5	57	7.9685303e+02
1	2	5	58	7.0417554e+02
1	2	5	59	5.8476654e+02
1	2	5	60	7.2293835e+02
1	2	5	61	6.1545453e+02
1	2	5	62	6.9778778e+02
1	2	5	63	5.2648059e+02
1	2	6	0	2.0190755e+02
1	2	6	1	1.4362868e+02
1	2	6	2	8.1694969e+01
1	2	6	3	1.0273209e+02
1	2	6	4	-1.4060056e+02
1	2	6	5	6.3839260e+01
1	2	6	6	-2.8421909e+01
1	2	6	7	1.0655523e+02
1	2	6	8	1.6118028e+02
1	2	6	9	9.9794769e+01
1	2	6	10	3.6848305e+01
1	2	6	11	4.5914413e+01
1	2	6	12	-5.3721561e+01
1	2	6	13	4.4012306e+01
1	2	6	14	8.6947914e+01
1	2	6	15	4.5143749e+01
1	2	6	16	4.4035362e+01
1	2	6	17	-2.5168209e+01
1	2	6	18	-1.7736426e+02
1	2	6	19	4.6802883e+01
1	2	6	20	7.2989937e+01
1	2	6	21	-4.3547540e+00
1	2	6	22	-2.2019537e+01
1	2	6	23	-7.3312248e+01
1	2	6	24	-2.5047951e+02
1	2	6	25	-2.2853075e+01
1	2	6	26	-7.8558266e+01
1	2	6	27	2.0134426e+01
1	2	6	28	-2.3632387e+01
1	2	6	29	-1.3911484e+02
1	2	6	30	-2.9099487e+01
1	2	6	31	-2.2581927e+02
1	2	6	32	-1.0622454e+02
1	2	6	33	-1.8815305e+02
1	2	6	34	4.5544675e+02
1	2	6	35	4.4767139e+02
1	2	6	36	4.4850623e+02
1	2	6	37	4.9531281e+02
1	2	6	38	4.2730301e+02
1	2	6	39	4.9017346e+02
1	2	6	40	4.5107016e+02
1	2	6	41	1.8850684e+02
1	2	6	42	5.3291724e+02
1	2	6	43	5.1385059e+02
1	2	6	44	4.8348926e+02
1	2	6	45	4.8635147e+02
1	2	6	46	5.6756482e+02
1	2	6	47	4.9586014e+02
1	2	6	48	4.4216916e+02
1	2	6	49	5.3918286e+02
1	2	6	50	5.1789478e+02
1	2	6	51	9.2188922e+02
1	2	6	52	8.7001654e+02
1	2	6	53	6.5564941e+02
1	2	6	54	7.1400531e+02
1	2	6	55	7.4542578e+02
1	2	6	56	8.2253052e+02
1	2	6	57	8.1794147e+02
1	2	6	58	6.6856488e+02
1	2	6	59	7.2171094e+02
1	2	6	60	7.5252942e+02
1	2	6	61	5.8419110e+02
1	2	6	62	6.3108716e+02
1	2	6	63	7.7031885e+02
1	2	7	0	3.4728140e+02
1	2	7	1	1.5071307e+02
1	2	7	2	2.2734399e+02
1	2	7	3	2.4965309e+02
1	2	7	4	1.5090819e+02
1	2	7	5	3.1748376e+02
1	2	7	6	2.8293347e+02
1	2	7	7	3.8955209e+02
1	2	7	8	1.2490936e+02
1	2	7	9	1.9779933e+02
1	2	7	10	2.9847485e+02
1	2	7	11	4.0201847e+01
1	2	7	12	7.5447113e+01
1	2	7	13	2.7316214e+02
1	2	7	14	1.0449330e+02
1	2	7	15	3.0613208e+02
1	2	7	16	1.4511623e+02
1	2	7	17	2.5228560e+02
1	2	7	18	1.8729948e+02
1	2	7	19	2.8260388e+02
1	2	7	20	1.8981227e+02
1	2	7	21	9.1930298e+01
1	2	7	22	2.1612152e+02
1	2	7	23	2.0856265e+02
1	2	7	24	1.0887273e+02
1	2	7	25	4.4643978e+01
1	2	7	26	1.2074755e+02
1	2	7	27	1.0884022e+02
1	2	7	28	1.7597205e+02
1	2	7	29	1.5553432e+02
1	2	7	30	1.0512441e+02
1	2	7	31	6.3383835e+01
1	2	7	32	1.7504939e+02
1	2	7	33	8.8934471e+01
1	2	7	34	5.4576038e+02
1	2	7	35	5.3019116e+02
1	2	7	36	5.9332440e+02
1	2	7	37	5.3245312e+02
1	2	7	38	5.9941156e+02
1	2	7	39	4.4955679e+02
1	2	7	40	6.5159387e+02
1	2	7	41	5.9405042e+02
1	2	7	42	5.9931024e+02
1	2	7	43	6.1584436e+02
1	2	7	44	7.2775983e+02
1	2	7	45	4.8850943e+02
1	2	7	46	7.0029108e+02
1	2	7	47	6.7013708e+02
1	2	7	48	7.2554266e+02
1	2	7	49	6.1098413e+02
1	2	7	50	6.9676459e+02
1	2	7	51	9.9019440e+02
1	2	7	52	1.1315122e+03
1	2	7	53	6.2312000e+02
1	2	7	54	8.5834869e+02
1	2	7	55	8.5906299e+02
1	2	7	56	9.4923407e+02
1	2	7	57	8.1324634e+02
1	2	7	58	7.9478711e+02
1	2	7	59	7.8054688e+02
1	2	7	60	6.9774329e+02
1	2	7	61	6.6699292e+02
1	2	7	62	8.3353217e+02
1	2	7	63	8.9690393e+02
1	2	8	0	-5.7411125e+01
1	2	8	1	-3.3242395e+02
1	2	8	2	-2.0187476e+02
1	2	8	3	-9.4977966e+01
1	2	8	4	-2.8974435e+02
1	2	8	5	-1.8050351e+02
1	2	8	6	-2.6172223e+02
1	2	8	7	-1.7491750e+02
1	2	8	8	-1.4958525e+02
1	2	8	9	-1.0405911e+02
1	2	8	10	-1.6476500e+02
1	2	8	11	-8.1865845e+01
1	2	8	12	-2.1589348e+02
1	2	8	13	-1.9886870e+02
1	2	8	14	-1.5623396e+02
1	2	8	15	-1.9272804e+02
1	2	8	16	-1.9149596e+02
1	2	8	17	-2.2662466e+02
1	2	8	18	-1.0796632e+02
1	2	8	19	-2.7044101e+02
1	2	8	20	-1.3630936e+02
1	2	8	21	-2.3030435e+02
1	2	8	22	-2.0796623e+02
1	2	8	23	-3.4185254e+02
1	2	8	24	-2.2484471e+02
1	2	8	25	-2.8119446e+02
1	2	8	26	-2.7604977e+02
1	2	8	27	-2.5602917e+02
1	2	8	28	-2.7634988e+02
1	2	8	29	-2.8527560e+02
1	2	8	30	-1.9134358e+02
1	2	8	31	-2.9693478e+02
1	2	8	32	-3.0271506e+02
1	2	8	33	-3.4397556e+02
1	2	8	34	2.8596204e+02
1	2	8	35	2.7985211e+02
1	2	8	36	3.0400681e+02
1	2	8	37	3.2239200e+02
1	2	8	38	1.7661682e+02
1	2	8	39	1.2200948e+02
1	2	8	40	3.1966904e+02
1	2	8	41	1.4678993e+02
1	2	8	42	2.8520718e+02
1	2	8	43	2.4737927e+02
1	2	8	44	3.6151001e+02
1	2	8	45	2.8079919e+02
1	2	8	46	1.5676662e+02
1	2	8	47	2.7015735e+02
1	2	8	48	1.5752600e+02
1	2	8	49	3.1533911e+02
1	2	8	50	3.2161258e+02
1	2	8	51	7.4277631e+02
1	2	8	52	8.3928040e+02
1	2	8	53	4.4910190e+02
1	2	8	54	4.0951508e+02
1	2	8	55	5.7240387e+02
1	2	8	56	6.4420117e+02
1	2	8	57	4.7972705e+02
1	2	8	58	4.2627414e+02
1	2	8	59	5.0515442e+02
1	2	8	60	5.6916986e+02
1	2	8	61	4.3680020e+02
1	2	8	62	4.7924023e+02
1	2	8	63	5.7793616e+02
1	2	9	0	1.4132149e+02
1	2	9	1	2.2453815e+02
1	2	9	2	6.1090454e+01
1	2	9	3	2.2393318e+02
1	2	9	4	1.5016539e+02
1	2	9	5	2.2135942e+02
1	2	9	6	1.8616486e+02
1	2	9	7	1.9600723e+02
1	2	9	8	2.1529921e+02
1	2	9	9	8.9268684e+01
1	2	9	10	1.8069269e+02
1	2	9	11	1.0409223e+02
1	2	9	12	4.9412285e+01
1	2	9	13	1.8579402e+02
1	2	9	14	1.1278732e+02
1	2	9	15	2.1116679e+02
1	2	9	16	1.0120598e+02
1	2	9	17	2.8583336e+01
1	2	9	18	-3.1320780e+01
1	2	9	19	1.3458139e+02
1	2	9	20	5.7529175e+01
1	2	9	21	2.0321598e+01
1	2	9	22	-1.1305634e+02
1	2	9	23	6.3070030e+01
1	2	9	24	8.1904854e+01
1	2	9	25	8.3496719e+01
1	2	9	26	1.4476553e+01
1	2	9	27	4.7114910e+01
1	2	9	28	1.3734351e+02
1	2	9	29	9.5546371e+01
1	2	9	30	1.2352037e+02
1	2	9	31	-1.4585826e+02
1	2	9	32	-7.1227936e+01
1	2	9	33	-1.9047573e+01
1	2	9	34	3.3936160e+02
1	2	9	35	4.6252975e+02
1	2	9	36	6.2303296e+02
1	2	9	37	3.9251526e+02
1	2	9	38	5.5000134e+02
1	2	9	39	3.2978290e+02
1	2	9	40	5.8200891e+02
1	2	9	41	2.9696353e+02
1	2	9	42	4.4449307e+02
1	2	9	43	2.9064499e+02
1	2	9	44	7.0016278e+02
1	2	9	45	4.9769656e+02
1	2	9	46	5.5318463e+02
1	2	9	47	5.8433728e+02
1	2	9	48	5.1251819e+02
1	2	9	49	6.0083929e+02
1	2	9	50	5.3757776e+02
1	2	9	51	7.9819012e+02
1	2	9	52	1.0503613e+03
1	2	9	53	6.1350330e+02
1	2	9	54	7.6447882e+02
1	2	9	55	8.2149786e+02
1	2	9	56	8.9621948e+02
1	2	9	57	6.6561517e+02
1	2	9	58	5.5734753e+02
1	2	9	59	6.2758282e+02
1	2	9	60	6.8381195e+02
1	2	9	61	6.4752026e+02
1	2	9	62	7.4290460e+02
1	2	9	63	6.3969318e+02
1	2	10	0	-1.1268272e+02
1	2	10	1	5.3337891e+01
1	2	10	2	-7.3688591e+01
1	2	10	3	1.5381783e+01
1	2	10	4	1.6236549e+01
1	2	10	5	4.6416492e+01
1	2	10	6	1.1987522e+02
1	2	10	7	1.7733423e+02
1	2	10	8	-3.0646019e+01
1	2	10	9	1.2369431e+02
1	2	10	10	-1.7849933e+02
1	2	10	11	2.3839666e+01
1	2	10	12	-5.5826679e+01
1	2	10	13	8.6096107e+01
1	2	10	14	-9.8073778e+00
1	2	10	15	9.1195534e+01
1	2	10	16	-1.1513001e+02
1	2	10	17	-1.3835637e+02
1	2	10	18	-1.0321259e+02
1	2	10	19	-1.2776986e+02
1	2	10	20	-1.3825085e+02
1	2	10	21	-6.2695225e+01
1	2	10	22	-1.4757877e+02
1	2	10	23	-1.0143468e+02
1	2	10	24	-1.7608949e+02
1	2	10	25	-5.6782230e+01
1	2	10	26	-3.1899445e+01
1	2	10	27	-5.5338028e+01
1	2	10	28	-6.9494797e+01
1	2	10	29	-5.7902443e+01
1	2	10	30	-1.2273442e+02
1	2	10	31	-3.0202919e+01
1	2	10	32	-9.4183022e+01
1	2	10	33	-7.0638802e+01
1	2	10	34	3.9862311e+02
1	2	10	35	5.1147739e+02
1	2	10	36	3.5658884e+02
1	2	10	37	4.6355151e+02
1	2	10	38	4.4162393e+02
1	2	10	39	3.9441159e+02
1	2	10	40	5.4950116e+02
1	2	10	41	4.7224326e+02
1	2	10	42	4.6652841e+02
1	2	10	43	6.1827832e+02
1	2	10	44	5.6196283e+02
1	2	10	45	4.6192337e+02
1	2	10	46	5.0943240e+02
1	2	10	47	4.4984119e+02
1	2	10	48	4.6509686e+02
1	2	10	49	3.9135550e+02
1	2	10	50	4.8988971e+02
1	2	10	51	1.0654585e+03
1	2	10	52	9.5576135e+02
1	2	10	53	7.8049188e+02
1	2	10	54	7.1435175e+02
1	2	10	55	7.1134656e+02
1	2	10	56	6.0743921e+02
1	2	10	57	7.0507788e+02
1	2	10	58	7.1550214e+02
1	2	10	59	7.5564301e+02
1	2	10	60	7.4891046e+02
1	2	10	61	6.8956378e+02
1	2	10	62	6.9019714e+02
1	2	10	63	7.3678357e+02
1	2	11	0	1.6446066e+02
1	2	11	1	1.9325298e+02
1	2	11	2	6.3031681e+01
1	2	11	3	1.2338979e+02
1	2	11	4	-3.0380165e+01
1	2	11	5	1.7187418e+02
1	2	11	6	1.2394670e+02
1	2	11	7	1.4906123e+02
1	2	11	8	1.2376580e+02
1	2	11	9	-2.4874373e+03
1	2	11	10	1.7950911e+02
1	2	11	11	6.6909164e+01
1	2	11	12	-2.2801092e+01
1	2	11	13	1.2475994e+02
1	2	11	14	2.4082523e+01
1	2	11	15	1.2684248e+02
1	2	11	16	3.5414127e+01
1	2	11	17	4.0782528e+01
1	2	11	18	4.3075272e+01
1	2	11	19	2.7149652e+01
1	2	11	20	-6.3506405e+01
1	2	11	21	2.0685469e+01
1	2	11	22	2.6898434e+01
1	2	11	23	1.3094295e+02
1	2	11	24	-3.5468990e+01
1	2	11	25	-8.9041832e+01
1	2	11	26	-7.5800224e+01
1	2	11	27	-9.9249092e+01
1	2	11	28	4.0468521e+01
1	2	11	29	6.4700989e+01
1	2	11	30	-7.8644409e+01
1	2	11	31	-1.4835454e+02
1	2	11	32	-6.7919281e+01
1	2	11	33	-8.3612167e+01
1	2	11	34	4.6666385e+02
1	2	11	35	-2.4874373e+03
1	2	11	36	6.4025244e+02
1	2	11	37	4.9018219e+02
1	2	11	38	4.6063370e+02
1	2	11	39	5.6481653e+02
1	2	11	40	3.8220529e+02
1	2	11	41	3.2321863e+02
1	2	11	42	5.0640530e+02
1	2	11	43	3.8180557e+02
1	2	11	44	6.0366919e+02
1	2	11	45	2.4909895e+02
1	2	11	46	3.2037439e+02
1	2	11	47	3.9259473e+02
1	2	11	48	4.7587796e+02
1	2	11	49	4.3346713e+02
1	2	11	50	6.1269672e+02
1	2	11	51	8.6421979e+02
1	2	11	52	8.2139288e+02
1	2	11	53	5.6130066e+02
1	2	11	54	6.1080621e+02
1	2	11	55	6.3547205e+02
1	2	11	56	7.3233673e+02
1	2	11	57	6.9755933e+02
1	2	11	58	5.5032172e+02
1	2	11	59	6.5842792e+02
1	2	11	60	7.3130219e+02
1	2	11	61	4.4554413e+02
1	2	11	62	6.1157062e+02
1	2	11	63	6.7078674e+02
1	2	12	0	-9.6612030e+01
1	2	12	1	1.6573183e+01
1	2	12	2	-1.6947315e+01
1	2	12	3	4.2679737e+01
1	2	12	4	-1.9014948e+01
1	2	12	5	-7.6400604e+00
1	2	12	6	-3.2412708e+01
1	2	12	7	-1.1438555e+02
1	2	12	8	-2.6498434e+01
1	2	12	9	2.8201429e+01
1	2	12	10	-9.2848251e+01
1	2	12	11	2.8543306e+01
1	2	12	12	-6.9171921e+01
1	2	12	13	-1.1553613e+01
1	2	12	14	-3.0339251e+01
1	2	12	15	-2.7281025e+01
1	2	12	16	-3.5290894e+01
1	2	12	17	-1.3770067e+02
1	2	12	18	-9.1189392e+01
1	2	12	19	-1.5889357e+02
1	2	12	20	-1.3652826e+02
1	2	12	21	-1.9034651e+01
1	2	12	22	-6.7163132e+01
1	2	12	23	-9.9140236e+01
1	2	12	24	-2.1651836e+02
1	2	12	25	-1.0728512e+02
1	2	12	26	-2.3039120e+02
1	2	12	27	-5.9475677e+01
1	2	12	28	-1.0155348e+02
1	2	12	29	-1.3479233e+02
1	2	12	30	-1.7441380e+02
1	2	12	31	-1.5135173e+02
1	2	12	32	-1.3591473e+02
1	2	12	33	-2.2841808e+02
1	2	12	34	3.7262827e+02
1	2	12	35	4.4357062e+02
1	2	12	36	2.8112711e+02
1	2	12	37	3.5879477e+02
1	2	12	38	2.8848764e+02
1	2	12	39	5.3731329e+02
1	2	12	40	4.3925049e+02
1	2	12	41	4.1421512e+02
1	2	12	42	5.5767139e+02
1	2	12	43	4.3308185e+02
1	2	12	44	5.0994443e+02
1	2	12	45	5.0826257e+02
1	2	12	46	5.1235809e+02
1	2	12	47	3.9923013e+02
1	2	12	48	4.5940118e+02
1	2	12	49	4.5288654e+02
1	2	12	50	4.9449347e+02
1	2	12	51	8.8282172e+02
1	2	12	52	9.0501581e+02
1	2	12	53	6.2223608e+02
1	2	12	54	5.9345343e+02
1	2	12	55	4.5909561e+02
1	2	12	56	7.4855579e+02
1	2	12	57	8.2126825e+02
1	2	12	58	6.9986243e+02
1	2	12	59	5.7526678e+02
1	2	12	60	5.1499628e+02
1	2	12	61	6.1827258e+02
1	2	12	62	6.6258514e+02
1	2	12	63	7.4049060e+02
1	2	13	0	2.6955283e+02
1	2	13	1	2.0056709e+02
1	2	13	2	1.3625340e+02
1	2	13	3	1.4026019e+02
1	2	13	4	1.0249320e+02
1	2	13	5	1.7506956e+02
1	2	13	6	1.6063783e+02
1	2	13	7	1.1278397e+02
1	2	13	8	8.6776779e+01
1	2	13	9	2.8537840e+01
1	2	13	10	1.1510547e+01
1	2	13	11	6.7862106e+01
1	2	13	12	1.4543051e+02
1	2	13	13	1.0892075e+02
1	2	13	14	6.9173462e+01
1	2	13	15	2.9888941e+01
1	2	13	16	-1.4842345e+02
1	2	13	17	-4.1689945e+01
1	2	13	18	-3.2827576e+01
1	2	13	19	5.0529160e+01
1	2	13	20	1.3956790e+01
1	2	13	21	-6.6007362e+01
1	2	13	22	1.0400677e+02
1	2	13	23	1.5171484e+02
1	2	13	24	2.4703104e+01
1	2	13	25	8.3703560e+01
1	2	13	26	6.2586960e+01
1	2	13	27	5.3391052e+01
1	2	13	28	-7.4132889e+01
1	2	13	29	5.7627384e+01
1	2	13	30	-1.3519016e+02
1	2	13	31	-5.9052147e+01
1	2	13	32	-9.7676411e+00
1	2	13	33	-1.2912834e+02
1	2	13	34	3.7700195e+02
1	2	13	35	3.6650366e+02
1	2	13	36	3.7885144e+02
1	2	13	37	4.9517627e+02
1	2	13	38	4.9457571e+02
1	2	13	39	3.8895810e+02
1	2	13	40	4.2436063e+02
1	2	13	41	4.3780499e+02
1	2	13	42	4.7942337e+02
1	2	13	43	3.5395123e+02
1	2	13	44	5.7486456e+02
1	2	13	45	3.1196936e+02
1	2	13	46	5.3330048e+02
1	2	13	47	4.7182227e+02
1	2	13	48	3.3036240e+02
1	2	13	49	4.7376309e+02
1	2	13	50	5.2582990e+02
1	2	13	51	9.0338550e+02
1	2	13	52	9.2691681e+02
1	2	13	53	6.5408624e+02
1	2	13	54	5.0217755e+02
1	2	13	55	5.3969824e+02
1	2	13	56	8.0124957e+02
1	2	13	57	5.7922009e+02
1	2	13	58	6.7003223e+02
1	2	13	59	6.3404626e+02
1	2	13	60	6.7428845e+02
1	2	13	61	5.4292548e+02
1	2	13	62	6.8161719e+02
1	2	13	63	7.5451379e+02
1	2	14	0	3.8464653e+01
1	2	14	1	-8.6825874e+01
1	2	14	2	1.8359690e+01
1	2	14	3	-1.2163844e+01
1	2	14	4	-1.1983684e+02
1	2	14	5	-1.3774013e+02
1	2	14	6	-9.5386238e+00
1	2	14	7	-1.1757920e+01
1	2	14	8	-7.4163551e+01
1	2	14	9	6.4744888e+01
1	2	14	10	-1.5030441e+02
1	2	14	11	4.2044098e+01
1	2	14	12	-1.6037481e+01
1	2	14	13	-7.7559418e+01
1	2	14	14	-4.1603436e+01
1	2	14	15	-1.1131886e+02
1	2	14	16	-1.8154848e+02
1	2	14	17	-1.9074040e+02
1	2	14	18	-1.0361384e+02
1	2	14	19	-1.9844780e+02
1	2	14	20	2.0618181e+00
1	2	14	21	-1.1156110e+02
1	2	14	22	-1.7528719e+02
1	2	14	23	-1.3541116e+02
1	2	14	24	-1.2564962e+02
1	2	14	25	-1.3981433e+02
1	2	14	26	-1.1279003e+02
1	2	14	27	-1.4093571e+02
1	2	14	28	-1.3088699e+02
1	2	14	29	-2.9888461e+02
1	2	14	30	-8.6523849e+01
1	2	14	31	-1.2737297e+02
1	2	14	32	-1.3807683e+02
1	2	14	33	-9.1469727e+01
1	2	14	34	3.0019244e+02
1	2	14	35	4.5801300e+02
1	2	14	36	3.1907825e+02
1	2	14	37	5.3897681e+02
1	2	14	38	4.1262146e+02
1	2	14	39	5.0517673e+02
1	2	14	40	4.6275238e+02
1	2	14	41	3.7857629e+02
1	2	14	42	3.4659970e+02
1	2	14	43	4.1599185e+02
1	2	14	44	3.3480002e+02
1	2	14	45	4.2322766e+02
1	2	14	46	4.5267664e+02
1	2	14	47	5.1877051e+02
1	2	14	48	4.1495618e+02
1	2	14	49	3.7204706e+02
1	2	14	50	4.7395700e+02
1	2	14	51	7.9427808e+02
1	2	14	52	8.8895923e+02
1	2	14	53	6.3667267e+02
1	2	14	54	6.9797791e+02
1	2	14	55	5.8172882e+02
1	2	14	56	7.0372455e+02
1	2	14	57	8.3968427e+02
1	2	14	58	7.5183508e+02
1	2	14	59	6.7240851e+02
1	2	14	60	4.9636441e+02
1	2	14	61	5.8385175e+02
1	2	14	62	6.6539050e+02
1	2	14	63	6.0404041e+02
1	2	15	0	3.9774345e+01
1	2	15	1	1.1343051e+02
1	2	15	2	1.3848465e+01
1	2	15	3	1.0391097e+02
1	2	15	4	-6.8962831e+00
1	2	15	5	1.0896436e+02
1	2	15	6	1.3004523e+02
1	2	15	7	9.1792114e+01
1	2	15	8	1.4206781e+02
1	2	15	9	1.1694244e+02
1	2	15	10	2.7959362e+01
1	2	15	11	-3.4785816e+01
1	2	15	12	-1.2959312e+02
1	2	15	13	6.4369080e+01
1	2	15	14	-2.2416279e+01
1	2	15	15	1.6793655e+01
1	2	15	16	6.0071724e+01
1	2	15	17	-1.0310317e+02
1	2	15	18	-1.2034196e+02
1	2	15	19	-1.4804205e+02
1	2	15	20	-7.9556061e+01
1	2	15	21	-5.7915428e+01
1	2	15	22	-1.7317598e+02
1	2	15	23	-3.1837530e+01
1	2	15	24	-6.0745296e+01
1	2	15	25	1.3042591e+01
1	2	15	26	-5.2042976e+01
1	2	15	27	4.3520988e+01
1	2	15	28	5.9025822e+01
1	2	15	29	1.2444693e+02
1	2	15	30	2.6087076e+01
1	2	15	31	-1.1466261e+02
1	2	15	32	-4.5157402e+01
1	2	15	33	3.2267967e+01
1	2	15	34	4.9113513e+02
1	2	15	35	2.5227032e+02
1	2	15	36	6.1553088e+02
1	2	15	37	5.6576208e+02
1	2	15	38	5.5842987e+02
1	2	15	39	3.5971600e+02
1	2	15	40	5.9463867e+02
1	2	15	41	4.3666132e+02
1	2	15	42	3.9069998e+02
1	2	15	43	3.6626871e+02
1	2	15	44	5.9444897e+02
1	2	15	45	4.0241660e+02
1	2	15	46	-3.6247873e+02
1	2	15	47	5.0588074e+02
1	2	15	48	4.9174008e+02
1	2	15	49	3.6178333e+02
1	2	15	50	4.7578302e+02
1	2	15	51	9.4184637e+02
1	2	15	52	1.0150775e+03
1	2	15	53	6.0089313e+02
1	2	15	54	6.4305292e+02
1	2	15	55	7.0088367e+02
1	2	15	56	8.1473456e+02
1	2	15	57	8.2768359e+02
1	2	15	58	6.0525763e+02
1	2	15	59	6.3956519e+02
1	2	15	60	7.7783313e+02
1	2	15	61	6.4509259e+02
1	2	15	62	6.0548053e+02
1	2	15	63	7.7990790e+02
