27.48239517211914	32.7357292175293
25.6461124420166	29.41458511352539
23.61751937866211	28.220115661621094
25.469013214111328	30.053972244262695
23.894451141357422	27.4152889251709
26.047441482543945	30.110031127929688
25.244731903076172	29.419597625732422
26.65838623046875	31.512008666992188
25.509859085083008	29.56032943725586
26.7595272064209	30.896728515625
26.67611312866211	30.269895553588867
25.352914810180664	29.344045639038086
24.620393753051758	28.49541664123535
27.364273071289062	31.113502502441406
26.784034729003906	31.89780044555664
25.94548988342285	29.827985763549805
25.658357620239258	30.15664291381836
25.725757598876953	30.16827964782715
27.06659507751465	31.662395477294922
25.655683517456055	29.670915603637695
25.665014266967773	31.143884658813477
25.175647735595703	30.105064392089844
25.672868728637695	30.266393661499023
24.888071060180664	29.380443572998047
25.005495071411133	28.67331314086914
25.7065486907959	29.834718704223633
25.970582962036133	29.717687606811523
24.731290817260742	28.452625274658203
23.677507400512695	27.7314510345459
24.099321365356445	28.121896743774414
24.566312789916992	29.241783142089844
23.72677230834961	27.81324005126953
27.348417282104492	31.64716339111328
24.568552017211914	27.887989044189453
25.38400650024414	29.518714904785156
23.545068740844727	28.224071502685547
26.693254470825195	30.747079849243164
24.487960815429688	28.8182373046875
26.00623321533203	29.728879928588867
24.73120880126953	28.71247100830078
24.356679916381836	28.097999572753906
24.050369262695312	27.836488723754883
24.386072158813477	28.444353103637695
28.110124588012695	33.23079299926758
14.960853576660156	28.29485511779785
25.348459243774414	30.575637817382812
20.683462142944336	25.652935028076172
25.502107620239258	29.697126388549805
-0.1050814837217331	25.994482040405273
22.675212860107422	29.2652530670166
27.267993927001953	31.455408096313477
25.971181869506836	29.66046905517578
27.102195739746094	31.879823684692383
25.053728103637695	28.719881057739258
23.957904815673828	28.875316619873047
0.0	0.0
26.104087829589844	33.41606140136719
26.012800216674805	30.028409957885742
25.481037139892578	29.75290298461914
24.840166091918945	28.44884490966797
17.461057662963867	24.501256942749023
26.03864288330078	30.57952117919922
26.464679718017578	30.361980438232422
24.267040252685547	32.18183135986328
17.256437301635742	22.51348876953125
24.589065551757812	30.191944122314453
26.93637466430664	30.687355041503906
27.04082489013672	30.779844284057617
25.16891098022461	29.060771942138672
16.515480041503906	24.057985305786133
24.683786392211914	28.736461639404297
25.167306900024414	31.270944595336914
26.058534622192383	30.611242294311523
24.791728973388672	28.885873794555664
15.358057022094727	25.974014282226562
23.300094604492188	26.541318893432617
24.7320613861084	28.279830932617188
22.549577713012695	26.319311141967773
27.094135284423828	31.575668334960938
24.435558319091797	28.669532775878906
16.926246643066406	22.712440490722656
15.11230182647705	25.81139373779297
18.191852569580078	23.53692626953125
15.535299301147461	24.363386154174805
22.830289840698242	26.990283966064453
23.349199295043945	26.8056640625
23.111536026000977	28.012231826782227
24.368173599243164	30.298086166381836
24.772720336914062	28.889259338378906
23.66214370727539	27.088298797607422
23.282564163208008	26.681251525878906
25.009326934814453	29.1541690826416
23.75954818725586	27.959144592285156
25.697338104248047	29.82347869873047
22.456632614135742	26.304603576660156
24.207456588745117	28.18634796142578
22.177751541137695	26.150556564331055
24.37078285217285	27.908714294433594
24.617761611938477	28.812910079956055
22.139474868774414	25.845680236816406
24.801729202270508	28.63764190673828
23.9482421875	27.579484939575195
25.570894241333008	30.380361557006836
23.734983444213867	27.131977081298828
23.797266006469727	27.937623977661133
24.750574111938477	28.578594207763672
24.305177688598633	28.9368953704834
25.856338500976562	29.721267700195312
26.875232696533203	31.141836166381836
22.77566909790039	27.265243530273438
22.652320861816406	26.50481414794922
25.39090347290039	28.7662410736084
23.978899002075195	28.309555053710938
26.401321411132812	30.974985122680664
25.2984676361084	29.402610778808594
25.337411880493164	29.275146484375
25.241783142089844	29.16022300720215
24.73086166381836	28.717363357543945
24.814821243286133	28.377958297729492
26.055614471435547	30.27777671813965
23.943031311035156	27.582996368408203
23.761751174926758	27.682783126831055
23.33492660522461	26.976160049438477
24.7360782623291	28.12963104248047
25.151988983154297	29.794511795043945
26.19906234741211	29.8870906829834
23.44353675842285	28.04254722595215
23.17333984375	27.02572250366211
17.485511779785156	19.512651443481445
17.400136947631836	19.67931365966797
17.968067169189453	21.002456665039062
17.539329528808594	19.885547637939453
17.582735061645508	20.280641555786133
17.499704360961914	19.71016502380371
19.064918518066406	22.732463836669922
17.569438934326172	19.537267684936523
17.815025329589844	21.46652603149414
18.038436889648438	22.44951820373535
17.601749420166016	20.953350067138672
18.3885555267334	22.175363540649414
18.865230560302734	22.01226043701172
17.680212020874023	21.38779067993164
17.49807357788086	20.085460662841797
17.85771942138672	21.699281692504883
17.503366470336914	19.88560676574707
17.715845108032227	18.948101043701172
17.6392879486084	20.103300094604492
17.51585578918457	19.41071319580078
18.932756423950195	22.014265060424805
17.56950569152832	19.561016082763672
18.508651733398438	22.310565948486328
18.756210327148438	22.205581665039062
17.83762550354004	21.144071578979492
18.084922790527344	21.830703735351562
17.96556854248047	22.007349014282227
18.39317512512207	21.773061752319336
17.733057022094727	21.197458267211914
17.366432189941406	20.633371353149414
19.004005432128906	22.684213638305664
17.830209732055664	21.095075607299805
17.582195281982422	20.50543212890625
17.903423309326172	21.6094913482666
17.31757926940918	20.665447235107422
19.756195068359375	23.29930877685547
17.640012741088867	20.244691848754883
19.551136016845703	23.056825637817383
18.422855377197266	21.76761245727539
17.474634170532227	20.057775497436523
17.794147491455078	21.121252059936523
17.778648376464844	21.381633758544922
18.544574737548828	22.2850399017334
17.636072158813477	21.915576934814453
18.50629425048828	22.44802474975586
17.57034683227539	20.405614852905273
18.99357795715332	22.34954261779785
17.58245277404785	20.369277954101562
17.494123458862305	19.743932723999023
17.559301376342773	19.411706924438477
18.003948211669922	21.153362274169922
18.884143829345703	22.971433639526367
17.7936954498291	21.067113876342773
18.18035125732422	21.380632400512695
17.585779190063477	21.75702667236328
18.699562072753906	22.836130142211914
19.083921432495117	22.712757110595703
19.228574752807617	22.969301223754883
18.621238708496094	22.069032669067383
17.76899528503418	21.094282150268555
17.872610092163086	21.781816482543945
17.757965087890625	21.16845703125
17.620540618896484	20.643552780151367
18.460569381713867	21.737428665161133
19.445871353149414	23.342226028442383
19.917036056518555	23.453994750976562
21.307077407836914	25.029584884643555
20.025320053100586	23.563617706298828
20.32076644897461	23.46799087524414
18.931974411010742	22.600317001342773
19.302722930908203	22.808156967163086
21.055011749267578	24.760272979736328
18.671215057373047	22.289777755737305
19.602890014648438	23.399213790893555
20.303842544555664	23.9697208404541
19.22728729248047	22.430679321289062
20.103538513183594	23.520273208618164
19.205692291259766	23.218852996826172
17.8757266998291	22.507431030273438
19.74806022644043	23.02585220336914
20.014114379882812	24.035478591918945
18.75979995727539	22.089126586914062
20.714824676513672	24.285676956176758
21.601781845092773	25.629222869873047
19.874849319458008	23.10344886779785
19.088315963745117	23.304746627807617
18.661357879638672	22.74814224243164
21.434425354003906	24.537378311157227
19.866239547729492	23.445600509643555
20.748760223388672	24.125520706176758
19.842662811279297	23.66036605834961
18.400192260742188	21.79193878173828
21.01093101501465	24.65908432006836
20.125423431396484	23.741220474243164
20.761510848999023	24.173297882080078
20.876081466674805	24.024883270263672
19.3480167388916	22.59795379638672
20.161598205566406	23.673612594604492
19.921768188476562	23.691545486450195
18.675554275512695	22.650434494018555
20.59597396850586	23.77513885498047
19.278518676757812	23.170759201049805
20.818445205688477	23.894798278808594
20.147748947143555	23.557844161987305
19.621082305908203	23.302326202392578
19.384994506835938	23.317636489868164
18.986207962036133	22.014917373657227
19.27660369873047	23.150854110717773
20.00764274597168	22.898286819458008
18.464393615722656	22.30777359008789
19.998031616210938	23.562246322631836
19.464448928833008	22.747953414916992
19.61762237548828	23.606698989868164
18.84880828857422	22.89270782470703
20.400409698486328	24.589384078979492
18.002853393554688	21.066242218017578
18.828969955444336	22.64410972595215
19.67078971862793	23.419450759887695
17.76166343688965	20.718969345092773
17.394990921020508	20.03473663330078
17.783727645874023	18.791723251342773
19.24521827697754	22.068647384643555
19.171096801757812	22.062000274658203
20.32122230529785	23.59640884399414
17.8453311920166	21.530250549316406
18.863971710205078	22.14173126220703
20.836576461791992	24.349559783935547
17.59821319580078	20.823827743530273
24.502111434936523	28.306791305541992
24.350666046142578	27.98452377319336
27.029399871826172	30.820472717285156
26.422636032104492	30.818744659423828
24.775550842285156	28.44036293029785
25.216360092163086	29.049013137817383
23.972312927246094	27.95122718811035
26.7932071685791	31.11178207397461
24.709444046020508	29.138038635253906
26.26856231689453	30.586320877075195
24.54220199584961	28.258085250854492
25.948810577392578	29.48504638671875
25.746719360351562	29.417617797851562
23.876052856445312	27.96808624267578
24.327842712402344	28.34366226196289
25.801280975341797	29.641586303710938
25.540590286254883	29.361583709716797
25.237707138061523	29.018878936767578
26.381624221801758	30.286521911621094
25.37166976928711	29.844284057617188
26.564260482788086	30.957252502441406
26.166257858276367	30.106645584106445
25.28264617919922	29.36821937561035
25.072614669799805	28.735923767089844
25.8996639251709	29.735912322998047
26.6160888671875	30.044397354125977
23.678728103637695	27.237842559814453
24.11874771118164	28.654584884643555
24.175195693969727	27.431474685668945
24.732328414916992	28.341270446777344
25.033409118652344	29.062795639038086
27.036550521850586	30.222412109375
26.874004364013672	30.502260208129883
24.835865020751953	28.7323055267334
23.733314514160156	27.594654083251953
26.439245223999023	31.135080337524414
23.519670486450195	27.14496612548828
26.007282257080078	30.08761215209961
24.684362411499023	28.856157302856445
24.74688148498535	27.7673282623291
24.353229522705078	27.858539581298828
24.949779510498047	28.497690200805664
23.8448543548584	27.473752975463867
27.241046905517578	31.302732467651367
24.157392501831055	28.010154724121094
25.118478775024414	28.901561737060547
25.095788955688477	28.72607421875
26.126596450805664	29.935331344604492
20.78070640563965	24.740612030029297
22.372028350830078	26.038766860961914
25.839683532714844	29.845653533935547
23.71310806274414	27.143714904785156
25.748106002807617	29.602502822875977
24.806354522705078	28.251419067382812
24.39618492126465	28.377477645874023
24.206886291503906	29.489648818969727
25.71459197998047	29.67508316040039
24.473920822143555	29.381696701049805
24.960988998413086	29.743637084960938
23.939138412475586	27.58336639404297
23.813213348388672	28.357616424560547
23.084583282470703	26.53130531311035
22.967300415039062	26.856531143188477
21.31640625	25.964277267456055
26.936996459960938	31.142972946166992
25.703994750976562	30.234914779663086
25.02410125732422	28.45157241821289
24.986648559570312	28.88861846923828
24.843717575073242	28.48257064819336
27.53591537475586	31.392595291137695
25.664033889770508	29.616113662719727
25.981674194335938	30.002912521362305
24.71689224243164	28.837251663208008
25.279579162597656	28.907094955444336
24.510543823242188	28.394977569580078
25.617212295532227	29.790847778320312
24.278297424316406	28.234128952026367
26.405126571655273	30.525653839111328
23.978858947753906	28.169992446899414
24.97415542602539	28.559913635253906
19.696840286254883	23.52729034423828
24.493986129760742	28.872316360473633
22.409021377563477	25.779386520385742
18.20718765258789	22.394882202148438
23.34033203125	27.802980422973633
26.12491226196289	30.173349380493164
25.23418426513672	28.349227905273438
25.440654754638672	29.80115509033203
26.7101993560791	30.5826358795166
25.116243362426758	28.824621200561523
25.009824752807617	28.896930694580078
26.350967407226562	30.634965896606445
25.693056106567383	29.392776489257812
25.878273010253906	29.682701110839844
25.709760665893555	29.411849975585938
25.90953826904297	29.54332733154297
26.129289627075195	30.025087356567383
26.454021453857422	30.883745193481445
26.532106399536133	30.26958465576172
24.071086883544922	27.45821762084961
26.007490158081055	30.14593505859375
27.3537540435791	32.574745178222656
25.490591049194336	29.340402603149414
24.774538040161133	29.214582443237305
25.266698837280273	29.688440322875977
26.174537658691406	30.395362854003906
25.744413375854492	29.82341766357422
24.8264102935791	28.879030227661133
27.389692306518555	31.822458267211914
24.807458877563477	28.83236312866211
25.35289764404297	29.366596221923828
22.864992141723633	26.819679260253906
25.521909713745117	29.662569046020508
27.159337997436523	31.411725997924805
25.795133590698242	29.541231155395508
24.643056869506836	28.20067596435547
25.271177291870117	28.881906509399414
24.32114028930664	28.099267959594727
25.13104820251465	28.846607208251953
23.833654403686523	27.714576721191406
25.94549560546875	30.169397354125977
23.465465545654297	27.203256607055664
25.1630859375	29.31682586669922
24.607948303222656	28.690113067626953
24.9497013092041	28.829513549804688
25.441896438598633	29.334253311157227
24.082124710083008	27.700952529907227
25.36501693725586	29.169954299926758
19.255287170410156	22.928606033325195
18.20620346069336	21.417402267456055
20.04986572265625	23.426652908325195
18.20546531677246	21.794553756713867
18.868070602416992	22.532426834106445
18.743724822998047	21.676071166992188
17.78822135925293	20.792287826538086
19.683870315551758	23.148696899414062
18.240684509277344	21.806346893310547
19.354246139526367	22.30490493774414
17.578842163085938	20.403783798217773
18.389057159423828	20.981342315673828
18.971389770507812	22.16936683654785
18.212966918945312	21.043596267700195
18.9191951751709	22.131847381591797
20.171035766601562	23.906553268432617
18.60860252380371	22.558181762695312
17.950206756591797	20.460451126098633
18.790075302124023	22.457740783691406
17.765174865722656	20.283300399780273
18.560813903808594	22.046865463256836
19.708833694458008	22.777175903320312
19.695018768310547	23.490989685058594
19.441370010375977	22.288402557373047
19.18230438232422	22.270164489746094
17.841716766357422	20.548381805419922
18.078611373901367	21.08767318725586
18.420455932617188	21.739721298217773
19.055950164794922	22.790996551513672
19.134279251098633	22.308460235595703
20.021089553833008	23.729778289794922
20.163524627685547	23.822368621826172
18.0910587310791	21.275739669799805
17.7158203125	20.951492309570312
18.83956527709961	22.566396713256836
18.826030731201172	22.32025909423828
18.1484432220459	21.33270263671875
17.582578659057617	19.985458374023438
18.772659301757812	21.839181900024414
19.973546981811523	23.349380493164062
17.99346160888672	21.035362243652344
18.554994583129883	21.949905395507812
17.50860023498535	19.896799087524414
18.293739318847656	21.965866088867188
17.361814498901367	19.422548294067383
18.966617584228516	23.345840454101562
0.0	0.0
18.700977325439453	21.353839874267578
17.90503692626953	22.007911682128906
0.0	0.0
17.906034469604492	20.821640014648438
18.325361251831055	22.335529327392578
18.307523727416992	21.972204208374023
18.04132843017578	20.740428924560547
18.37596321105957	21.781709671020508
17.61481475830078	20.70138931274414
18.340801239013672	22.257972717285156
17.57526969909668	20.527179718017578
20.056293487548828	23.234413146972656
18.171226501464844	20.900339126586914
17.543750762939453	19.3485164642334
17.726062774658203	20.659101486206055
18.233360290527344	21.220083236694336
17.940902709960938	20.877378463745117
0.0	0.0
19.403385162353516	22.61905288696289
17.573383331298828	19.207365036010742
17.782188415527344	20.45041275024414
18.874963760375977	21.83399200439453
18.042247772216797	20.779253005981445
18.51050567626953	21.355810165405273
18.48744010925293	21.918642044067383
17.619510650634766	20.127586364746094
18.798351287841797	21.763608932495117
20.049345016479492	23.076017379760742
18.81509017944336	22.04560089111328
18.109970092773438	20.967039108276367
18.705530166625977	21.761999130249023
18.795238494873047	22.22500991821289
18.000864028930664	21.482988357543945
17.515884399414062	21.223651885986328
17.66153335571289	21.634971618652344
17.489255905151367	20.506797790527344
0.0	0.0
17.56647491455078	19.425491333007812
18.095733642578125	21.428848266601562
17.514305114746094	20.028217315673828
17.504732131958008	19.735990524291992
17.868694305419922	20.72317123413086
17.609664916992188	19.439516067504883
20.025907516479492	23.027503967285156
18.23889923095703	21.375099182128906
17.524761199951172	19.595518112182617
17.459985733032227	20.730918884277344
18.80392837524414	22.049875259399414
18.749923706054688	21.997055053710938
18.296005249023438	22.095674514770508
17.892118453979492	20.96759033203125
18.231775283813477	21.454574584960938
19.101457595825195	22.563013076782227
17.715190887451172	21.376018524169922
18.91338348388672	22.628925323486328
19.673660278320312	22.672109603881836
19.063173294067383	21.778278350830078
18.115327835083008	21.28046417236328
18.478187561035156	21.27859115600586
18.5263729095459	22.012866973876953
20.033723831176758	22.714906692504883
17.871295928955078	20.9753360748291
18.52117919921875	21.79540252685547
19.06244468688965	22.605270385742188
18.312423706054688	21.665388107299805
18.37572479248047	21.28083038330078
18.129837036132812	21.64893341064453
17.900390625	21.069761276245117
18.63035774230957	21.307451248168945
18.4446964263916	21.723237991333008
18.075504302978516	21.091602325439453
17.936805725097656	20.899188995361328
18.36968231201172	21.759727478027344
18.490877151489258	21.889209747314453
19.057592391967773	22.523841857910156
17.79053497314453	20.681623458862305
18.951400756835938	21.962326049804688
18.300870895385742	21.45596694946289
19.206443786621094	22.699899673461914
18.786706924438477	21.646554946899414
18.4273624420166	21.738828659057617
23.95258140563965	27.823511123657227
23.468618392944336	27.922574996948242
24.058727264404297	28.19183921813965
22.868249893188477	27.460363388061523
23.02707290649414	26.508142471313477
21.315698623657227	24.664297103881836
22.236448287963867	25.604393005371094
22.331748962402344	26.999431610107422
22.912614822387695	26.701772689819336
25.63758087158203	29.27666664123535
23.176353454589844	26.69540023803711
24.658823013305664	28.717233657836914
22.935121536254883	26.53887367248535
23.167638778686523	27.10665512084961
23.647136688232422	28.382108688354492
22.709230422973633	26.996431350708008
22.347122192382812	25.717079162597656
21.57339096069336	25.435461044311523
21.986425399780273	26.778953552246094
22.566736221313477	25.764719009399414
23.25678062438965	27.711145401000977
22.618247985839844	27.36124038696289
21.957622528076172	26.317428588867188
25.078296661376953	28.651002883911133
21.761962890625	26.013521194458008
23.738380432128906	27.254873275756836
22.887130737304688	26.397920608520508
23.77495765686035	27.196474075317383
22.61566734313965	27.15524673461914
21.129650115966797	24.860698699951172
23.581436157226562	28.241897583007812
23.241004943847656	26.90591049194336
22.565420150756836	26.869157791137695
20.164581298828125	23.15790367126465
21.459430694580078	24.633481979370117
23.976728439331055	27.964157104492188
24.235776901245117	27.902620315551758
21.65988540649414	25.077146530151367
25.096694946289062	28.265390396118164
21.830183029174805	24.913318634033203
23.325847625732422	27.64592933654785
21.423673629760742	24.980365753173828
22.23349380493164	26.851682662963867
24.63249969482422	29.63275146484375
21.577587127685547	26.33761978149414
23.028846740722656	26.652910232543945
23.809221267700195	28.218141555786133
22.237634658813477	26.17082977294922
21.61766815185547	25.887042999267578
24.438962936401367	28.857776641845703
24.26852035522461	28.226282119750977
22.910839080810547	26.730588912963867
24.237184524536133	27.91965103149414
22.4133358001709	26.821596145629883
22.836706161499023	26.58002471923828
25.52895736694336	30.11559295654297
24.26138687133789	28.839740753173828
23.962779998779297	27.995628356933594
25.084571838378906	29.03264617919922
21.97197914123535	25.05844497680664
22.22787857055664	26.53958511352539
23.167320251464844	27.161317825317383
21.915725708007812	25.352882385253906
20.552444458007812	24.550493240356445
24.419870376586914	28.688825607299805
17.653396606445312	19.142763137817383
22.223318099975586	25.623029708862305
17.62935447692871	20.969388961791992
23.20928382873535	26.957082748413086
23.629716873168945	28.424816131591797
23.001018524169922	26.879934310913086
24.142911911010742	29.307353973388672
22.85928726196289	26.481199264526367
23.381250381469727	27.30615997314453
25.451927185058594	29.163911819458008
23.530620574951172	27.661020278930664
22.32903289794922	26.771896362304688
21.995649337768555	26.779125213623047
22.773822784423828	27.079404830932617
17.58884620666504	21.64645004272461
22.640226364135742	27.23843002319336
23.896852493286133	27.68480682373047
24.452407836914062	29.741777420043945
22.088472366333008	26.59058380126953
23.060976028442383	27.287397384643555
25.472766876220703	29.21990966796875
23.419574737548828	27.003662109375
21.76264190673828	27.017152786254883
22.65521240234375	26.105470657348633
23.2520694732666	27.34253692626953
24.191377639770508	28.7806396484375
23.95911407470703	27.44961166381836
24.42481231689453	28.719642639160156
22.708498001098633	27.684389114379883
24.011178970336914	27.931344985961914
24.0220947265625	27.85092544555664
22.842012405395508	26.845691680908203
23.507343292236328	27.226205825805664
22.725473403930664	26.599260330200195
22.205934524536133	26.204208374023438
23.351795196533203	28.528528213500977
22.223102569580078	26.407140731811523
20.730018615722656	24.457923889160156
24.684621810913086	28.739482879638672
23.71176528930664	27.929092407226562
23.404447555541992	27.439760208129883
22.3774471282959	25.786300659179688
24.111797332763672	28.499479293823242
25.141921997070312	29.388160705566406
21.470457077026367	25.181013107299805
23.656455993652344	27.333045959472656
22.51694107055664	26.044109344482422
22.364118576049805	25.768381118774414
23.21829605102539	27.111618041992188
23.965988159179688	28.437023162841797
22.692323684692383	26.133281707763672
22.1492862701416	27.40070343017578
22.590221405029297	26.345558166503906
22.72772979736328	26.298200607299805
23.584897994995117	27.8445987701416
24.076744079589844	28.022602081298828
23.021047592163086	28.12873077392578
23.788429260253906	27.954944610595703
23.465993881225586	27.578264236450195
23.425498962402344	27.390127182006836
24.002695083618164	27.402158737182617
20.237041473388672	24.72207260131836
24.147668838500977	27.769493103027344
22.636215209960938	25.906089782714844
21.20537757873535	23.901025772094727
22.498502731323242	26.950912475585938
23.159423828125	26.988927841186523
21.629016876220703	25.034940719604492
22.24134063720703	25.58654022216797
24.02336883544922	28.070039749145508
20.386924743652344	23.950040817260742
23.479015350341797	27.486404418945312
21.25811004638672	25.478723526000977
22.304039001464844	25.645496368408203
21.945106506347656	24.992773056030273
22.077695846557617	25.143625259399414
22.63271713256836	25.865026473999023
21.843320846557617	25.567790985107422
23.533113479614258	27.251325607299805
24.008264541625977	28.3459415435791
22.3275089263916	26.098615646362305
22.139320373535156	26.33592987060547
23.676759719848633	27.540857315063477
19.35247802734375	22.887361526489258
23.232088088989258	27.017433166503906
18.56719207763672	23.025794982910156
23.706300735473633	27.240991592407227
23.018518447875977	26.431638717651367
22.63898277282715	25.723310470581055
22.967256546020508	26.164087295532227
0.0	0.0
22.251543045043945	26.66454315185547
22.064102172851562	25.61627769470215
20.584060668945312	24.12635040283203
22.457178115844727	25.717256546020508
23.545459747314453	26.698040008544922
20.5201473236084	24.309104919433594
23.5242919921875	26.473840713500977
22.55789566040039	26.671737670898438
24.669200897216797	28.576337814331055
19.169591903686523	22.421167373657227
21.924962997436523	25.30388641357422
21.858549118041992	25.642738342285156
22.236936569213867	25.360431671142578
19.214994430541992	22.932199478149414
21.626976013183594	25.036266326904297
21.27324867248535	24.847970962524414
19.4945011138916	23.7482967376709
21.791423797607422	24.984792709350586
20.666149139404297	24.453554153442383
23.405763626098633	26.695585250854492
22.177413940429688	26.198204040527344
21.50082015991211	25.204103469848633
21.340436935424805	24.56316566467285
19.837196350097656	23.593116760253906
18.577943801879883	22.337718963623047
21.67767906188965	25.861221313476562
22.481735229492188	26.044384002685547
21.562307357788086	25.57941246032715
21.86713218688965	25.61113929748535
22.005111694335938	25.70612144470215
21.88054847717285	25.641437530517578
21.3411865234375	24.6330509185791
20.29591941833496	24.661802291870117
21.829139709472656	24.554670333862305
23.15631866455078	26.993915557861328
20.77544593811035	24.567153930664062
22.8799991607666	27.34918975830078
20.921464920043945	24.395784378051758
21.109331130981445	24.398141860961914
21.399089813232422	25.404905319213867
21.776390075683594	25.193078994750977
23.069005966186523	26.116228103637695
22.190757751464844	25.869728088378906
21.757705688476562	25.307546615600586
22.65871810913086	26.33783721923828
21.460962295532227	25.00259017944336
21.81705093383789	25.649150848388672
21.178489685058594	24.741971969604492
22.22966766357422	25.500102996826172
23.159719467163086	27.099912643432617
21.823862075805664	24.49883270263672
18.472055435180664	21.7528076171875
21.265966415405273	24.88515853881836
23.86518096923828	27.199655532836914
22.658241271972656	26.305742263793945
22.310213088989258	25.935205459594727
20.660167694091797	24.316360473632812
21.685152053833008	25.36996078491211
20.350187301635742	24.090272903442383
21.030746459960938	25.394689559936523
21.41600799560547	24.469799041748047
22.710643768310547	25.80596351623535
21.735973358154297	25.580459594726562
20.5788631439209	23.578554153442383
20.657939910888672	24.772628784179688
21.904769897460938	25.936174392700195
23.170122146606445	26.14141845703125
22.05388641357422	26.278182983398438
21.219970703125	24.56814193725586
21.151334762573242	24.923418045043945
20.955459594726562	24.96202850341797
21.87102508544922	26.263029098510742
20.643827438354492	24.3608455657959
21.00074005126953	24.409961700439453
19.95513916015625	23.295225143432617
21.74530029296875	24.835424423217773
21.60726547241211	25.70303726196289
22.548215866088867	26.720735549926758
22.53473472595215	26.325035095214844
20.7181453704834	24.348669052124023
21.084917068481445	25.884811401367188
21.251331329345703	24.12653160095215
22.081396102905273	26.099380493164062
22.912391662597656	26.274423599243164
22.984233856201172	26.680809020996094
22.27251434326172	26.072765350341797
18.689136505126953	22.63263511657715
23.349342346191406	26.936655044555664
21.351158142089844	24.805192947387695
21.894620895385742	24.583297729492188
21.810161590576172	25.496479034423828
22.14051055908203	26.101816177368164
21.351806640625	25.001638412475586
22.2941951751709	26.14605140686035
20.027851104736328	23.483327865600586
21.753416061401367	25.284738540649414
21.073287963867188	24.780799865722656
20.39440155029297	24.191879272460938
21.8646297454834	26.577329635620117
21.840681076049805	25.6752986907959
17.594507217407227	19.864818572998047
17.843461990356445	18.5606746673584
17.651464462280273	18.888408660888672
17.535829544067383	19.344079971313477
17.5008487701416	20.40283966064453
18.192577362060547	21.61005401611328
18.19296646118164	21.18960189819336
17.47415542602539	19.233259201049805
17.603864669799805	18.975263595581055
17.69228172302246	20.586660385131836
17.497955322265625	19.3316650390625
17.835824966430664	20.02561378479004
17.549793243408203	19.322341918945312
18.007221221923828	21.127281188964844
17.625024795532227	20.093429565429688
17.520292282104492	19.696273803710938
18.169004440307617	21.35260581970215
17.542808532714844	20.26348114013672
17.423980712890625	20.480735778808594
18.08980941772461	20.980424880981445
18.972087860107422	22.16729164123535
17.675765991210938	19.982177734375
17.575191497802734	19.38788604736328
17.998512268066406	20.935199737548828
17.8481388092041	20.815689086914062
17.70439910888672	20.886728286743164
17.959285736083984	21.076650619506836
18.100080490112305	21.3782901763916
17.95752716064453	21.247520446777344
18.00103187561035	21.03302001953125
17.68079376220703	21.027441024780273
17.609703063964844	20.0845890045166
18.02381134033203	20.60549545288086
17.570764541625977	20.337129592895508
17.63391876220703	19.175647735595703
17.76397132873535	20.628992080688477
18.504539489746094	22.17373275756836
17.583158493041992	19.332931518554688
17.61870574951172	20.924898147583008
17.649635314941406	19.679655075073242
17.770971298217773	18.687490463256836
17.662599563598633	19.02778434753418
17.891895294189453	18.216766357421875
17.67898178100586	21.259288787841797
0.0	0.0
17.448772430419922	19.709901809692383
17.950096130371094	21.08843231201172
17.6369686126709	20.141883850097656
17.489526748657227	19.83762550354004
17.547954559326172	20.877399444580078
17.585172653198242	20.548748016357422
17.60720443725586	19.133739471435547
17.779560089111328	18.731189727783203
17.617956161499023	19.0870418548584
17.86297035217285	18.604442596435547
17.827190399169922	18.607009887695312
19.180335998535156	22.645742416381836
18.647563934326172	22.092504501342773
18.87506866455078	22.339008331298828
17.77933120727539	18.649887084960938
17.4024600982666	20.065288543701172
18.103906631469727	21.281221389770508
18.78814125061035	22.308889389038086
17.620576858520508	20.157115936279297
18.688331604003906	22.236234664916992
18.234094619750977	21.081581115722656
18.177879333496094	21.527009963989258
18.113719940185547	22.152423858642578
17.64385223388672	20.02193832397461
18.529508590698242	22.114051818847656
18.879796981811523	22.19394302368164
19.240781784057617	23.087404251098633
17.759077072143555	21.44400405883789
17.564613342285156	19.310216903686523
17.933290481567383	21.051645278930664
17.675350189208984	19.145362854003906
18.006065368652344	21.532615661621094
18.1893310546875	21.768205642700195
17.957805633544922	21.928783416748047
18.267375946044922	21.772754669189453
19.65127182006836	23.227903366088867
18.433494567871094	22.019786834716797
19.009931564331055	22.250648498535156
18.526399612426758	22.436203002929688
17.95784568786621	20.973388671875
18.097932815551758	20.942052841186523
17.730182647705078	20.042165756225586
17.608322143554688	21.165468215942383
17.816320419311523	21.76988983154297
17.85683250427246	21.76142120361328
18.022966384887695	20.882497787475586
17.836719512939453	21.231767654418945
17.72403335571289	21.104055404663086
17.5753231048584	21.19815444946289
18.954336166381836	21.728548049926758
17.600278854370117	19.841957092285156
18.072921752929688	21.309682846069336
17.55321502685547	19.34356117248535
17.69927406311035	18.845020294189453
17.507442474365234	20.180482864379883
18.745725631713867	22.766324996948242
17.564722061157227	19.970561981201172
17.60034942626953	21.79623794555664
17.920495986938477	21.686067581176758
18.940458297729492	22.581398010253906
17.755205154418945	21.581300735473633
18.226476669311523	21.323171615600586
17.985986709594727	20.985559463500977
17.405254364013672	19.74922752380371
18.960468292236328	22.283376693725586
17.581470489501953	19.352487564086914
17.709138870239258	21.076190948486328
17.402952194213867	19.682226181030273
17.841899871826172	21.446744918823242
17.796998977661133	18.7094669342041
0.0	0.0
0.0	0.0
17.776836395263672	21.707786560058594
0.0	0.0
0.0	0.0
17.712419509887695	18.696983337402344
17.737163543701172	18.687463760375977
17.53508949279785	19.429027557373047
17.90064239501953	20.528898239135742
17.629676818847656	20.5827579498291
17.776412963867188	18.709566116333008
17.75588607788086	20.40117073059082
17.696229934692383	20.904014587402344
20.401268005371094	24.230722427368164
19.07489013671875	22.75631332397461
23.519214630126953	27.979736328125
18.183788299560547	22.477806091308594
23.377578735351562	27.297901153564453
23.407550811767578	27.47719955444336
24.884233474731445	29.170124053955078
19.381752014160156	23.214689254760742
22.654739379882812	26.684480667114258
20.992324829101562	25.239295959472656
23.108169555664062	26.732995986938477
20.93729019165039	25.650253295898438
25.895038604736328	30.555618286132812
20.53972625732422	24.192296981811523
22.723411560058594	27.575542449951172
21.831249237060547	26.108875274658203
21.364103317260742	25.611364364624023
22.04207992553711	25.689313888549805
25.036874771118164	29.688251495361328
21.461158752441406	25.827289581298828
22.274858474731445	26.634841918945312
22.26183319091797	26.737598419189453
21.54242706298828	24.921798706054688
22.698867797851562	26.51239013671875
23.798606872558594	27.543874740600586
25.014638900756836	29.078384399414062
21.98174476623535	25.80402183532715
21.3099422454834	24.860761642456055
22.851585388183594	26.86434555053711
23.195600509643555	27.579936981201172
23.74969482421875	27.701967239379883
22.666423797607422	26.322223663330078
21.838672637939453	25.882665634155273
23.28569984436035	27.822437286376953
22.70615005493164	26.466991424560547
25.581636428833008	29.534250259399414
25.261110305786133	29.824296951293945
25.121994018554688	28.970619201660156
22.60126304626465	26.65485191345215
24.929983139038086	29.49898910522461
22.07268714904785	26.2592716217041
23.71359634399414	28.590749740600586
24.594953536987305	28.572187423706055
23.743144989013672	29.327136993408203
19.04889678955078	29.731355667114258
19.474716186523438	22.814498901367188
0.0	0.0
24.883039474487305	27.05660629272461
15.557851791381836	27.575119018554688
10.729474067687988	29.719331741333008
24.21894073486328	28.136486053466797
23.328479766845703	28.888277053833008
24.628612518310547	30.112682342529297
21.884140014648438	27.297697067260742
23.924297332763672	28.341577529907227
18.06888198852539	27.900989532470703
17.841018676757812	19.211305618286133
20.602872848510742	25.412824630737305
21.852434158325195	26.22854995727539
22.281147003173828	26.226573944091797
17.567764282226562	31.958412170410156
22.91559410095215	26.68950843811035
25.39978790283203	29.329404830932617
0.0	0.0
19.757427215576172	31.25051498413086
23.266708374023438	28.349863052368164
22.52014923095703	25.96527099609375
25.020349502563477	29.806283950805664
23.244535446166992	26.47216796875
22.488784790039062	29.578601837158203
23.27475357055664	26.6717586517334
21.155141830444336	31.097585678100586
24.203275680541992	27.863374710083008
25.314321517944336	29.671449661254883
18.99787139892578	32.376182556152344
21.467571258544922	25.733034133911133
24.253036499023438	27.955486297607422
25.20879554748535	31.69873046875
24.594507217407227	28.457748413085938
23.956815719604492	28.425148010253906
21.541271209716797	33.432186126708984
15.148090362548828	24.903541564941406
20.597267150878906	32.808563232421875
0.0	0.0
25.743608474731445	29.476476669311523
25.254077911376953	29.384492874145508
22.7836971282959	28.56705093383789
24.335264205932617	29.444974899291992
24.080263137817383	27.573183059692383
26.722322463989258	30.624807357788086
24.022201538085938	27.713586807250977
24.32037925720215	28.174882888793945
22.469886779785156	26.721731185913086
24.333906173706055	28.768207550048828
23.711261749267578	27.26348876953125
24.249177932739258	28.46652603149414
24.393922805786133	28.4125919342041
26.047443389892578	30.158559799194336
23.2994327545166	26.973098754882812
24.974153518676758	28.67803192138672
23.52166175842285	27.902488708496094
24.479572296142578	29.192251205444336
23.26653289794922	28.62731170654297
22.553422927856445	26.567060470581055
20.749074935913086	24.76797103881836
24.348817825317383	28.270986557006836
23.656108856201172	27.983545303344727
20.987119674682617	24.811586380004883
29.082229614257812	33.68732833862305
25.876047134399414	29.698659896850586
22.8178653717041	26.378524780273438
22.479629516601562	26.111562728881836
24.2779598236084	29.856233596801758
24.707130432128906	28.829057693481445
23.927715301513672	28.97418975830078
22.870283126831055	27.18195152282715
23.844301223754883	28.43543243408203
24.910175323486328	28.411897659301758
27.151098251342773	30.86456871032715
26.467571258544922	30.492189407348633
19.351835250854492	23.975412368774414
24.75643539428711	29.049907684326172
27.837844848632812	32.07453536987305
25.035463333129883	28.241682052612305
23.151840209960938	27.34325408935547
24.079029083251953	27.847570419311523
22.58609390258789	27.502452850341797
22.245868682861328	26.3149356842041
18.595848083496094	22.03933334350586
18.198898315429688	21.670400619506836
19.127403259277344	22.901731491088867
18.530601501464844	21.765230178833008
19.146495819091797	22.583480834960938
17.831806182861328	21.032255172729492
18.880565643310547	22.428302764892578
17.645490646362305	21.019268035888672
18.024999618530273	21.291423797607422
19.25403594970703	22.427648544311523
19.117881774902344	22.910364151000977
18.202295303344727	21.329164505004883
18.0723876953125	20.971162796020508
18.559778213500977	21.574323654174805
17.60767364501953	19.285808563232422
18.706462860107422	22.07232666015625
18.103212356567383	22.014822006225586
18.687610626220703	22.598094940185547
18.94951629638672	22.512178421020508
18.281553268432617	21.672069549560547
0.0	0.0
17.565162658691406	20.469196319580078
17.607751846313477	21.324644088745117
18.102590560913086	20.971269607543945
18.549484252929688	22.14004898071289
19.89735221862793	23.200109481811523
18.294279098510742	21.523395538330078
19.366239547729492	22.554649353027344
17.938125610351562	21.556211471557617
19.05568504333496	22.52674102783203
19.41887664794922	22.893648147583008
20.159215927124023	23.380224227905273
19.31519317626953	22.209421157836914
17.668703079223633	20.92278480529785
18.805845260620117	21.941606521606445
20.324949264526367	24.763822555541992
17.867023468017578	20.984508514404297
18.749330520629883	22.5383243560791
18.702777862548828	21.60041046142578
20.343355178833008	23.512136459350586
19.023958206176758	22.356239318847656
17.877012252807617	21.244407653808594
19.9099178314209	23.357481002807617
18.774030685424805	23.36471939086914
18.653261184692383	22.34124755859375
19.37236785888672	23.2642822265625
18.950288772583008	22.89883041381836
18.334793090820312	21.558488845825195
18.85041046142578	22.533937454223633
19.23331642150879	22.880104064941406
18.666793823242188	21.609130859375
18.506078720092773	21.98345947265625
19.14669418334961	22.60593032836914
18.69607162475586	21.953163146972656
18.139934539794922	21.6420841217041
18.87592315673828	21.877920150756836
18.400545120239258	22.514606475830078
18.09083366394043	21.49211883544922
18.990129470825195	22.031808853149414
19.072650909423828	22.83637237548828
18.256498336791992	21.552919387817383
18.230260848999023	21.626432418823242
18.878908157348633	22.32489585876465
18.80816078186035	21.896596908569336
18.111408233642578	21.16482162475586
17.690637588500977	19.004247665405273
17.529848098754883	19.834735870361328
17.824968338012695	18.64889144897461
17.586755752563477	19.52788734436035
17.575416564941406	20.018598556518555
17.892654418945312	20.669696807861328
17.501850128173828	19.501359939575195
17.61382293701172	19.410686492919922
17.972808837890625	21.0219669342041
18.2484188079834	21.229726791381836
17.555065155029297	19.596574783325195
17.587923049926758	20.089859008789062
17.655139923095703	19.907970428466797
17.648767471313477	18.92852020263672
17.79474639892578	20.750192642211914
17.696840286254883	20.205699920654297
17.835025787353516	18.614356994628906
17.632396697998047	20.15262794494629
17.409717559814453	19.6497859954834
17.513484954833984	19.970888137817383
17.654447555541992	19.161832809448242
17.612890243530273	19.0540714263916
17.52989959716797	19.707178115844727
17.806568145751953	20.775192260742188
17.648170471191406	20.355297088623047
17.751911163330078	18.815614700317383
18.326356887817383	21.3741455078125
17.55167007446289	20.213733673095703
18.518205642700195	21.544031143188477
18.838485717773438	21.398221969604492
17.905384063720703	21.215036392211914
18.382558822631836	21.353296279907227
17.637563705444336	20.694189071655273
17.647748947143555	20.812110900878906
17.59679412841797	19.16620445251465
17.700496673583984	20.708168029785156
17.481348037719727	19.965055465698242
17.545635223388672	19.46004295349121
17.517250061035156	19.93350601196289
17.692466735839844	18.90568733215332
17.830162048339844	18.606529235839844
17.55221176147461	18.808170318603516
17.831491470336914	18.59645652770996
17.473379135131836	19.540834426879883
17.85737419128418	20.505470275878906
17.492246627807617	19.79119300842285
17.528545379638672	20.677265167236328
17.408464431762695	19.45240592956543
17.536964416503906	19.8230037689209
17.549409866333008	20.216333389282227
17.621374130249023	20.0033016204834
17.479957580566406	19.889789581298828
17.644550323486328	19.95492935180664
15.436107635498047	22.4108943939209
17.637500762939453	20.60511016845703
17.58739471435547	19.75688934326172
17.76342010498047	20.4180850982666
18.254596710205078	20.730714797973633
17.603652954101562	20.7495059967041
17.634265899658203	20.20651626586914
17.58623695373535	19.923419952392578
17.592256546020508	19.51237678527832
17.333873748779297	20.365583419799805
16.267681121826172	25.134727478027344
22.1125431060791	25.242137908935547
23.3426456451416	26.75366973876953
20.830787658691406	25.334423065185547
22.251726150512695	26.182077407836914
21.95653533935547	25.19317054748535
21.026504516601562	24.389333724975586
19.664342880249023	23.211383819580078
21.116859436035156	24.82175064086914
22.557411193847656	25.877538681030273
20.811914443969727	24.31930923461914
21.338178634643555	25.742433547973633
21.615819931030273	25.098350524902344
20.25033950805664	23.983396530151367
21.574377059936523	25.619234085083008
24.32360076904297	28.26901626586914
20.447036743164062	24.34331703186035
21.77367401123047	24.761608123779297
21.143476486206055	24.393648147583008
21.721878051757812	25.026805877685547
20.807477951049805	25.044958114624023
22.827682495117188	27.16915512084961
21.450620651245117	24.934316635131836
19.80039405822754	22.971599578857422
22.311952590942383	25.566394805908203
21.240890502929688	24.90326690673828
23.17911148071289	26.71832847595215
21.36477279663086	25.004440307617188
20.664283752441406	24.645092010498047
21.315950393676758	25.015214920043945
19.45868492126465	23.79375457763672
19.56918716430664	23.014667510986328
19.147432327270508	23.1324520111084
22.297100067138672	26.265148162841797
20.42329216003418	24.567947387695312
21.174915313720703	25.744121551513672
22.258384704589844	26.17247772216797
20.359817504882812	24.131364822387695
21.469167709350586	25.07099151611328
20.340845108032227	23.740734100341797
21.649118423461914	25.055463790893555
22.578453063964844	26.741830825805664
23.04763412475586	26.43166732788086
21.712257385253906	26.127979278564453
22.957780838012695	27.850069046020508
22.095178604125977	25.68148422241211
19.110567092895508	23.126771926879883
20.86785888671875	24.64122772216797
20.306678771972656	23.969284057617188
20.945703506469727	24.963512420654297
20.483665466308594	23.761524200439453
22.655942916870117	26.554914474487305
21.303747177124023	24.820009231567383
22.827268600463867	26.866676330566406
21.714702606201172	25.292356491088867
22.277568817138672	25.754798889160156
21.091840744018555	24.7022705078125
23.341745376586914	26.80365562438965
23.406471252441406	27.388694763183594
20.51541519165039	23.77130889892578
20.40384292602539	23.646411895751953
21.320505142211914	25.451757431030273
20.653783798217773	23.79501724243164
20.68170928955078	25.065900802612305
22.216943740844727	25.836538314819336
20.821359634399414	24.240623474121094
22.302309036254883	25.790771484375
20.326541900634766	23.415842056274414
22.482210159301758	26.563800811767578
21.21161460876465	24.776653289794922
21.09381866455078	24.180370330810547
22.565574645996094	26.627683639526367
19.457212448120117	22.642366409301758
19.50282859802246	22.362503051757812
21.2296085357666	25.336381912231445
22.077232360839844	25.115991592407227
22.262432098388672	25.347524642944336
21.7645263671875	25.56153106689453
20.685291290283203	24.494434356689453
21.36359214782715	24.904752731323242
20.218225479125977	24.031126022338867
20.234359741210938	23.235708236694336
21.482450485229492	25.078447341918945
19.726245880126953	24.46713638305664
20.82745933532715	24.256650924682617
20.627531051635742	23.81755828857422
21.742626190185547	25.12316131591797
22.89645004272461	26.594736099243164
22.056196212768555	25.38739585876465
22.445104598999023	25.84088134765625
22.588537216186523	26.253721237182617
22.69147491455078	26.928424835205078
20.754182815551758	24.081501007080078
20.716197967529297	24.055437088012695
21.295215606689453	24.291522979736328
22.61495590209961	25.945585250854492
22.863052368164062	26.571691513061523
21.044025421142578	24.748645782470703
21.533021926879883	24.76199722290039
22.20218276977539	25.89633560180664
20.87240982055664	24.424001693725586
21.4937744140625	25.410551071166992
22.173118591308594	25.527158737182617
21.55278778076172	25.044225692749023
21.000709533691406	24.126319885253906
24.03676986694336	27.6073055267334
22.747133255004883	26.330873489379883
23.010828018188477	26.675012588500977
21.69940185546875	26.095924377441406
22.14691925048828	25.5870418548584
19.557044982910156	23.207324981689453
20.672834396362305	23.843469619750977
20.66637420654297	24.001998901367188
19.363746643066406	23.283628463745117
21.555295944213867	25.481782913208008
18.57117462158203	23.857351303100586
21.123369216918945	24.066268920898438
20.960466384887695	24.295602798461914
20.138858795166016	23.582603454589844
19.516016006469727	22.94782257080078
17.406660079956055	20.70598602294922
22.350543975830078	25.93942642211914
21.938743591308594	25.847858428955078
20.697471618652344	24.27420425415039
21.474197387695312	24.888826370239258
21.886201858520508	25.168441772460938
21.9801082611084	25.675546646118164
21.1060733795166	24.72747039794922
19.823265075683594	23.84640884399414
22.67157554626465	25.928743362426758
20.832971572875977	24.627561569213867
21.059036254882812	26.264162063598633
20.663976669311523	24.621362686157227
19.8995304107666	23.502511978149414
20.9537410736084	24.218210220336914
21.222288131713867	25.681764602661133
21.41149139404297	24.974937438964844
20.8419189453125	24.436443328857422
21.28624725341797	24.24747085571289
21.927255630493164	25.785749435424805
21.586326599121094	25.441865921020508
20.26775360107422	24.238618850708008
20.554224014282227	24.935758590698242
19.856287002563477	23.19797134399414
18.501169204711914	22.548965454101562
21.090665817260742	24.211776733398438
20.662206649780273	24.541025161743164
19.904935836791992	23.171981811523438
17.836647033691406	22.435401916503906
19.157390594482422	23.181385040283203
19.93732452392578	24.06793975830078
22.025903701782227	25.099990844726562
19.226938247680664	22.565732955932617
21.238222122192383	25.23381805419922
20.916475296020508	24.489870071411133
20.99355697631836	24.382143020629883
21.97577476501465	26.356159210205078
22.081066131591797	25.812253952026367
20.40390396118164	24.262605667114258
20.789533615112305	24.213035583496094
21.391521453857422	24.407014846801758
22.747638702392578	26.23696517944336
20.83414077758789	24.1746883392334
21.820030212402344	25.884634017944336
22.502565383911133	26.15118408203125
19.7076358795166	23.287199020385742
20.647483825683594	23.68319320678711
20.54084014892578	24.06927490234375
21.470726013183594	24.747644424438477
22.457395553588867	25.966394424438477
19.732465744018555	22.955568313598633
22.495018005371094	26.1743106842041
21.488731384277344	25.451677322387695
21.025415420532227	24.856220245361328
20.09465980529785	23.243881225585938
22.688886642456055	25.96310043334961
20.632530212402344	23.77570152282715
21.487470626831055	25.035873413085938
21.196557998657227	24.462726593017578
20.310117721557617	23.8592472076416
20.803268432617188	25.005956649780273
22.264890670776367	25.63457679748535
21.331680297851562	24.843772888183594
22.021215438842773	25.601511001586914
20.35672950744629	23.61773681640625
20.901317596435547	24.521137237548828
20.802820205688477	24.400928497314453
22.708959579467773	26.976638793945312
22.02487564086914	26.095542907714844
23.039426803588867	26.688154220581055
19.661706924438477	22.879526138305664
20.898195266723633	24.378828048706055
19.705076217651367	23.3995361328125
18.706008911132812	22.907804489135742
19.15057945251465	22.81610679626465
19.533647537231445	23.277040481567383
19.36607551574707	22.332487106323242
20.313814163208008	24.539745330810547
21.677078247070312	25.071369171142578
20.483806610107422	24.27707290649414
20.01630401611328	23.862998962402344
19.644718170166016	23.43444061279297
20.29684829711914	23.727270126342773
19.832544326782227	23.459428787231445
21.870222091674805	25.822669982910156
20.570056915283203	23.851852416992188
20.758899688720703	24.671812057495117
21.163185119628906	25.316394805908203
20.2064151763916	23.907712936401367
18.795331954956055	22.501354217529297
20.366958618164062	23.946006774902344
20.485322952270508	24.39177703857422
20.349092483520508	23.7293758392334
20.586362838745117	23.7519588470459
20.724336624145508	24.22663116455078
20.323427200317383	23.848546981811523
20.895822525024414	24.87759017944336
21.49432945251465	24.949573516845703
21.498157501220703	24.773183822631836
20.935087203979492	24.482803344726562
19.653322219848633	23.35956573486328
20.05074691772461	23.297212600708008
20.5241756439209	24.171466827392578
20.825305938720703	23.877086639404297
19.34699058532715	22.42328453063965
19.884811401367188	23.553171157836914
20.384098052978516	24.265161514282227
19.83681297302246	22.862863540649414
19.909465789794922	24.003314971923828
21.030466079711914	24.88660430908203
21.39755630493164	24.804685592651367
19.620464324951172	23.05328369140625
23.935800552368164	27.573997497558594
20.50249481201172	24.006515502929688
20.882286071777344	23.968547821044922
21.16118621826172	24.411754608154297
17.4271183013916	21.009204864501953
20.454639434814453	23.7927188873291
17.714746475219727	18.836278915405273
20.139841079711914	23.350666046142578
17.819490432739258	18.533544540405273
0.0	0.0
21.79703140258789	25.79852867126465
20.05005645751953	23.673795700073242
22.443561553955078	26.230443954467773
20.060949325561523	23.205516815185547
19.768163681030273	23.084949493408203
0.0	0.0
0.0	0.0
21.74761390686035	25.537050247192383
20.840837478637695	24.623197555541992
20.044132232666016	23.37847137451172
18.139875411987305	18.458824157714844
20.15867805480957	23.527223587036133
20.769371032714844	24.307329177856445
17.690366744995117	18.70567512512207
24.588233947753906	28.896923065185547
24.438127517700195	28.471982955932617
25.091707229614258	29.131227493286133
23.2944278717041	27.025915145874023
25.241613388061523	29.162500381469727
26.211380004882812	29.599489212036133
23.02039337158203	27.197372436523438
25.961183547973633	29.721540451049805
23.272659301757812	26.79867172241211
29.346694946289062	33.3842887878418
24.40081024169922	28.37527847290039
26.56342124938965	30.233808517456055
25.770889282226562	29.370288848876953
25.33120346069336	28.868688583374023
24.69461441040039	28.401805877685547
25.215286254882812	29.499052047729492
25.43191909790039	29.456335067749023
26.113849639892578	29.75603675842285
25.786846160888672	29.7828369140625
24.630168914794922	28.922014236450195
24.7437686920166	29.33252716064453
26.268699645996094	29.774599075317383
25.394887924194336	29.277814865112305
25.386056900024414	29.388513565063477
25.898937225341797	29.568681716918945
27.82907485961914	32.377071380615234
25.878671646118164	29.478466033935547
24.11724281311035	27.956928253173828
24.551136016845703	28.788732528686523
26.233854293823242	30.268468856811523
24.111669540405273	28.80860137939453
25.102455139160156	29.559978485107422
25.225618362426758	29.41114044189453
26.077861785888672	29.965604782104492
24.620258331298828	28.600231170654297
23.030017852783203	25.991680145263672
27.189044952392578	30.978914260864258
26.482860565185547	29.99559783935547
27.642656326293945	31.852088928222656
24.070701599121094	27.912647247314453
24.811925888061523	28.412954330444336
25.896434783935547	28.87847328186035
24.730527877807617	28.094581604003906
24.643877029418945	28.553382873535156
26.002363204956055	29.262008666992188
23.73526382446289	27.130983352661133
24.131637573242188	27.510881423950195
25.639362335205078	29.168128967285156
23.92847442626953	27.733556747436523
25.265771865844727	28.613990783691406
22.885244369506836	26.088756561279297
25.708803176879883	29.53020477294922
25.218460083007812	29.10506820678711
26.78594970703125	30.28496742248535
24.07648277282715	27.93143081665039
24.170637130737305	27.869131088256836
23.95221710205078	27.692502975463867
26.765039443969727	30.678403854370117
24.878732681274414	29.49579620361328
24.404294967651367	28.319185256958008
26.662179946899414	30.76519012451172
24.268369674682617	28.187850952148438
24.882923126220703	28.40062713623047
25.31783676147461	29.247886657714844
25.641633987426758	30.309934616088867
25.723979949951172	29.41155433654785
25.912710189819336	29.97136878967285
25.427566528320312	29.4111328125
25.21208953857422	29.199525833129883
23.495834350585938	27.572044372558594
23.986047744750977	27.250988006591797
26.741596221923828	31.067001342773438
24.529563903808594	28.17229652404785
24.51465606689453	28.17505645751953
25.983152389526367	30.676708221435547
25.336288452148438	28.904146194458008
23.986738204956055	27.509361267089844
24.651134490966797	28.291614532470703
27.10003662109375	31.570589065551758
25.473777770996094	29.488012313842773
24.796916961669922	29.619184494018555
25.18213653564453	28.93050765991211
25.35027313232422	30.054460525512695
27.084169387817383	31.139558792114258
22.939281463623047	26.27239990234375
25.383272171020508	29.248971939086914
26.550094604492188	30.281349182128906
24.911115646362305	28.835874557495117
26.40851593017578	30.384567260742188
25.754680633544922	29.355737686157227
25.727313995361328	28.954538345336914
26.107681274414062	29.650920867919922
27.217111587524414	30.86803436279297
26.635026931762695	29.783973693847656
24.41944122314453	27.720788955688477
25.872068405151367	29.721332550048828
25.89609146118164	30.506065368652344
24.914813995361328	28.488557815551758
28.651935577392578	32.60203170776367
27.52289581298828	31.781265258789062
27.862184524536133	32.60029220581055
28.178878784179688	32.217010498046875
27.33737564086914	31.788301467895508
24.821672439575195	27.965078353881836
26.2111873626709	30.563152313232422
25.972021102905273	30.19281578063965
28.300975799560547	32.35951232910156
27.12188720703125	31.001052856445312
24.971593856811523	30.391429901123047
26.03377914428711	29.860942840576172
25.286672592163086	29.816091537475586
25.433635711669922	29.631059646606445
25.35236167907715	29.81078338623047
26.350963592529297	30.567399978637695
27.631383895874023	31.607933044433594
25.176633834838867	29.105058670043945
25.493684768676758	28.99274253845215
24.88473129272461	29.250694274902344
23.386085510253906	26.870071411132812
26.3203125	30.608606338500977
25.830371856689453	28.936866760253906
27.359201431274414	31.122966766357422
27.21820640563965	31.051109313964844
25.84027671813965	29.931413650512695
26.536296844482422	31.4477481842041
25.858179092407227	29.38785171508789
26.739910125732422	29.903348922729492
26.06119155883789	29.88888168334961
18.820110321044922	23.57634735107422
19.756731033325195	23.160419464111328
20.13801383972168	23.292444229125977
18.271574020385742	21.510374069213867
19.102270126342773	21.882373809814453
20.697484970092773	23.44266128540039
20.593162536621094	24.218822479248047
18.398345947265625	21.866594314575195
18.298786163330078	21.17061996459961
20.224515914916992	23.88552474975586
17.804054260253906	20.494613647460938
18.49726104736328	21.807950973510742
17.625030517578125	20.252700805664062
19.183988571166992	22.117124557495117
20.291135787963867	23.491165161132812
19.693143844604492	22.67896270751953
20.233102798461914	24.166032791137695
19.731157302856445	23.595077514648438
20.305927276611328	24.658374786376953
17.5543270111084	19.983840942382812
20.34612274169922	24.04159164428711
18.800701141357422	22.97557830810547
20.018762588500977	23.192411422729492
20.626558303833008	23.714906692504883
19.555248260498047	22.847949981689453
18.735368728637695	21.68256378173828
19.900636672973633	23.5091552734375
20.056350708007812	23.802812576293945
19.74094581604004	22.7513370513916
18.690370559692383	22.218482971191406
20.137569427490234	23.418977737426758
18.337697982788086	20.949600219726562
19.029054641723633	22.951414108276367
18.588254928588867	22.387502670288086
17.76653289794922	20.92563247680664
18.054113388061523	21.325681686401367
19.355876922607422	21.95357894897461
17.69817352294922	21.024398803710938
18.595975875854492	22.09262466430664
18.465421676635742	22.15380859375
19.067440032958984	22.04937171936035
18.271411895751953	21.838769912719727
19.352523803710938	22.135339736938477
17.426158905029297	20.273456573486328
18.735431671142578	22.548839569091797
17.670679092407227	20.427845001220703
18.172353744506836	22.053861618041992
18.841079711914062	22.295860290527344
17.841796875	18.601469039916992
18.063573837280273	21.35430908203125
18.213115692138672	21.45382308959961
19.6091365814209	23.219581604003906
18.155061721801758	21.310914993286133
18.733211517333984	22.159711837768555
19.081867218017578	22.165651321411133
18.30156707763672	22.095069885253906
18.130739212036133	21.842763900756836
17.669235229492188	19.05613136291504
18.493432998657227	21.49728012084961
19.993654251098633	23.040998458862305
17.79054832458496	21.43975830078125
18.265661239624023	21.608312606811523
18.708778381347656	22.158893585205078
17.577844619750977	21.020414352416992
19.1673526763916	22.360361099243164
19.2158145904541	22.120519638061523
17.73647117614746	20.135103225708008
17.892192840576172	20.509597778320312
18.094200134277344	21.609663009643555
17.98471450805664	20.74453353881836
18.927698135375977	21.882980346679688
18.61322021484375	22.3040771484375
18.006114959716797	20.831113815307617
19.193971633911133	22.215150833129883
19.129039764404297	22.721803665161133
19.23126792907715	22.474061965942383
18.33570098876953	21.742612838745117
18.3520450592041	21.860252380371094
19.631895065307617	23.437040328979492
19.415884017944336	22.453140258789062
20.2568302154541	23.511064529418945
19.800939559936523	23.35192108154297
20.026954650878906	23.465559005737305
18.958778381347656	22.599943161010742
18.034086227416992	21.022584915161133
18.701181411743164	22.62835693359375
18.862459182739258	21.913442611694336
18.248674392700195	21.870040893554688
18.38315773010254	22.38959312438965
19.473848342895508	22.726213455200195
19.187715530395508	22.314186096191406
18.39493179321289	21.713848114013672
20.333988189697266	23.345064163208008
18.03929901123047	22.009267807006836
19.648283004760742	23.209856033325195
18.384483337402344	21.515623092651367
20.813091278076172	24.65784454345703
19.186941146850586	22.738649368286133
18.148767471313477	20.822954177856445
19.28716278076172	23.339702606201172
17.909517288208008	21.409194946289062
20.998117446899414	24.853832244873047
17.902555465698242	21.03430938720703
20.835622787475586	24.825523376464844
18.962953567504883	22.41982650756836
18.9785099029541	22.038318634033203
18.18675994873047	21.117084503173828
21.527851104736328	24.991138458251953
18.69255256652832	21.65609359741211
19.020938873291016	22.576387405395508
18.69244956970215	21.620750427246094
18.589853286743164	21.884471893310547
19.47867202758789	22.91546058654785
19.475540161132812	22.958738327026367
19.858789443969727	23.07176971435547
19.50811195373535	22.988054275512695
17.725439071655273	20.731800079345703
19.712989807128906	22.884798049926758
19.517871856689453	23.292724609375
19.381845474243164	22.665489196777344
20.827592849731445	24.299467086791992
18.538856506347656	21.490318298339844
18.556650161743164	21.804086685180664
22.240392684936523	25.739946365356445
21.599191665649414	24.758943557739258
19.18673324584961	21.92801284790039
21.345109939575195	24.653879165649414
19.377588272094727	22.81928062438965
20.76691246032715	23.37192153930664
20.263065338134766	23.71099853515625
20.689603805541992	24.034521102905273
21.573389053344727	25.11186981201172
18.53319549560547	21.90032196044922
19.722755432128906	22.984296798706055
18.466720581054688	21.647174835205078
19.141860961914062	22.376745223999023
19.056476593017578	22.09734344482422
20.136205673217773	24.132272720336914
20.979089736938477	24.485197067260742
18.55673599243164	21.700977325439453
18.927122116088867	22.105974197387695
20.54515838623047	24.071943283081055
20.163373947143555	23.592226028442383
20.78264617919922	23.8643741607666
20.24776268005371	23.294055938720703
19.917194366455078	23.132080078125
20.61278533935547	24.64602279663086
20.185596466064453	23.811260223388672
19.69080352783203	23.841205596923828
20.117809295654297	23.433500289916992
20.665266036987305	24.488000869750977
19.969667434692383	23.403345108032227
18.92286491394043	22.278661727905273
21.08985137939453	24.466764450073242
18.145164489746094	20.939159393310547
19.315166473388672	22.585203170776367
18.090696334838867	20.9808292388916
19.639612197875977	23.052682876586914
19.954994201660156	23.63009262084961
18.67190933227539	21.869142532348633
19.858539581298828	23.088605880737305
17.809234619140625	20.35995101928711
18.399568557739258	21.719907760620117
21.14519691467285	24.630281448364258
18.043933868408203	20.79629898071289
18.268146514892578	21.731185913085938
19.741804122924805	22.779813766479492
18.808300018310547	22.010374069213867
17.701129913330078	20.041006088256836
19.720224380493164	22.53197479248047
19.30805015563965	22.908227920532227
17.640396118164062	20.937063217163086
18.425073623657227	21.98535919189453
19.105314254760742	22.20909881591797
18.862857818603516	21.755762100219727
19.32422637939453	22.421161651611328
19.847082138061523	23.43299102783203
19.647668838500977	22.861976623535156
19.100696563720703	22.3602352142334
19.717601776123047	22.241130828857422
21.42776870727539	24.87957191467285
17.847400665283203	20.825712203979492
18.699180603027344	21.89618492126465
20.575149536132812	23.969125747680664
19.140762329101562	22.579936981201172
20.364330291748047	23.981199264526367
19.685258865356445	22.902515411376953
18.617738723754883	21.583017349243164
21.010709762573242	23.917505264282227
19.68523597717285	23.53937339782715
20.07628059387207	23.353483200073242
22.041336059570312	25.543190002441406
20.274032592773438	23.49951171875
20.414846420288086	23.765701293945312
19.474027633666992	22.689313888549805
20.305633544921875	23.811689376831055
19.153339385986328	22.149620056152344
18.331565856933594	21.173175811767578
20.196910858154297	23.270858764648438
20.867971420288086	24.91390609741211
20.754549026489258	23.94565200805664
20.4040584564209	23.797502517700195
19.4177303314209	22.66849136352539
18.806474685668945	21.76288604736328
19.3818416595459	22.389135360717773
20.438779830932617	23.7377986907959
18.518522262573242	21.654001235961914
19.1840763092041	22.67987632751465
19.6283016204834	23.1817626953125
19.27768898010254	22.313365936279297
19.8355655670166	22.589614868164062
19.91787338256836	23.584938049316406
19.230205535888672	22.345251083374023
18.308382034301758	21.212783813476562
18.663562774658203	22.089326858520508
19.160865783691406	22.612512588500977
18.176036834716797	21.429641723632812
19.00486183166504	22.00967788696289
18.15493392944336	20.622398376464844
20.554954528808594	23.965747833251953
18.597393035888672	21.879314422607422
19.23586654663086	22.75836753845215
18.25360679626465	21.186479568481445
18.3710880279541	21.11932373046875
18.740711212158203	21.505203247070312
18.967580795288086	22.188241958618164
19.25255012512207	22.575891494750977
18.800283432006836	22.3072566986084
18.47894287109375	21.877634048461914
19.370580673217773	21.976621627807617
19.847257614135742	23.372140884399414
19.132959365844727	22.647653579711914
19.37546157836914	22.847875595092773
18.48731231689453	21.680702209472656
19.364980697631836	22.65241050720215
18.4822940826416	22.203271865844727
18.200490951538086	21.34156036376953
19.017419815063477	22.380725860595703
18.26972007751465	21.571701049804688
17.68783950805664	19.5279483795166
18.963407516479492	22.551786422729492
19.00504493713379	22.758085250854492
18.134733200073242	21.681983947753906
18.929536819458008	22.182750701904297
18.06309700012207	21.546308517456055
19.088726043701172	22.170757293701172
18.985912322998047	21.682533264160156
18.116939544677734	22.484519958496094
17.752687454223633	21.576026916503906
19.47869300842285	22.555696487426758
18.8048038482666	21.31737518310547
19.059234619140625	22.030580520629883
18.371681213378906	21.83639907836914
19.147851943969727	21.984695434570312
19.842708587646484	23.155189514160156
18.32863426208496	21.03280258178711
17.80223846435547	20.976573944091797
18.475929260253906	21.449443817138672
18.832738876342773	22.121137619018555
17.667293548583984	21.000219345092773
18.244840621948242	21.672353744506836
19.25347328186035	22.02080535888672
17.812541961669922	20.876028060913086
18.786418914794922	22.258264541625977
18.832290649414062	22.198881149291992
18.964296340942383	22.268461227416992
19.58757781982422	22.777088165283203
18.07406234741211	21.471969604492188
18.586156845092773	21.901987075805664
18.85719871520996	21.903493881225586
18.70987319946289	22.579870223999023
19.48188591003418	22.603464126586914
18.479881286621094	22.047849655151367
18.609081268310547	21.925756454467773
18.26094627380371	21.473283767700195
18.31416893005371	21.554563522338867
18.300146102905273	22.127948760986328
18.47395896911621	22.277536392211914
18.246746063232422	21.636850357055664
17.87795639038086	20.847362518310547
17.672582626342773	20.5084285736084
17.753957748413086	19.999420166015625
18.036727905273438	20.929607391357422
17.88664436340332	20.770263671875
18.4138126373291	21.72738265991211
17.931293487548828	20.879070281982422
20.517101287841797	23.50420379638672
18.553007125854492	21.67737579345703
19.50632667541504	22.769084930419922
17.69393539428711	20.56975746154785
18.013389587402344	21.017969131469727
19.26561164855957	23.08550262451172
18.096155166625977	21.3516902923584
19.384632110595703	23.220966339111328
19.132564544677734	22.085283279418945
17.67888069152832	20.334270477294922
19.18744468688965	22.399324417114258
17.735837936401367	20.729623794555664
17.73423957824707	18.84348487854004
19.433574676513672	22.675039291381836
17.629274368286133	21.584619522094727
17.904542922973633	20.67013168334961
18.949888229370117	21.97809410095215
19.276254653930664	22.675142288208008
18.136642456054688	21.598735809326172
18.061580657958984	21.213035583496094
17.948986053466797	20.238113403320312
17.813997268676758	20.746309280395508
19.299623489379883	22.27910804748535
18.103914260864258	20.947998046875
17.974571228027344	20.862138748168945
19.103002548217773	22.2371826171875
18.161161422729492	21.6862735748291
18.587547302246094	21.466779708862305
18.742115020751953	22.005409240722656
17.66472625732422	20.266530990600586
17.436187744140625	21.170429229736328
18.434154510498047	21.677064895629883
18.2812557220459	20.89948081970215
18.302818298339844	21.683677673339844
19.538867950439453	23.031227111816406
18.116331100463867	21.192279815673828
19.319290161132812	22.69464874267578
20.305578231811523	23.06389808654785
20.11800193786621	23.993288040161133
18.245471954345703	21.884695053100586
18.392963409423828	21.666486740112305
19.566444396972656	23.209583282470703
18.33498764038086	21.23678207397461
19.358457565307617	22.994949340820312
18.87763786315918	22.194927215576172
18.307924270629883	21.55398178100586
18.52825164794922	21.905540466308594
19.48955726623535	22.880353927612305
18.299901962280273	21.8284969329834
21.080890655517578	24.293371200561523
20.151758193969727	23.637575149536133
19.11565399169922	22.915660858154297
20.34267807006836	24.064523696899414
17.444751739501953	19.607589721679688
18.017839431762695	21.36676025390625
19.552412033081055	23.005464553833008
20.200708389282227	22.800132751464844
19.156169891357422	22.340351104736328
19.123905181884766	21.5582218170166
18.83710289001465	22.361364364624023
18.140649795532227	21.1743106842041
18.73269271850586	21.658384323120117
19.736736297607422	23.130342483520508
18.955188751220703	22.802997589111328
20.920434951782227	23.98786163330078
19.868467330932617	22.814836502075195
20.412952423095703	23.217090606689453
19.78632164001465	23.62820816040039
20.502304077148438	23.757139205932617
19.59503746032715	22.95348358154297
19.4019832611084	23.169574737548828
18.70811653137207	22.32168197631836
20.9051570892334	24.604747772216797
19.773653030395508	22.97235870361328
17.962865829467773	21.441232681274414
20.16008186340332	23.59930992126465
18.9256649017334	21.93573760986328
19.77146339416504	22.984277725219727
18.489967346191406	22.654186248779297
19.43303680419922	23.03958511352539
18.242277145385742	21.52509307861328
19.639423370361328	22.748170852661133
18.336374282836914	22.213014602661133
18.926929473876953	22.5170955657959
19.193086624145508	22.349851608276367
18.663162231445312	22.066774368286133
18.4337158203125	22.173656463623047
19.913515090942383	23.14344024658203
19.127986907958984	22.630918502807617
18.76016616821289	22.25232696533203
18.910005569458008	23.545913696289062
18.477964401245117	21.73239517211914
19.562599182128906	22.911497116088867
19.516515731811523	22.40042495727539
18.776290893554688	22.265180587768555
20.387096405029297	23.30914878845215
20.208127975463867	23.608808517456055
20.364463806152344	24.26797103881836
18.61846160888672	22.301645278930664
20.86478042602539	23.934053421020508
18.806032180786133	22.32561492919922
20.151466369628906	24.066572189331055
19.009611129760742	22.147233963012695
17.622825622558594	20.532712936401367
20.89053726196289	24.572290420532227
20.132509231567383	24.148761749267578
19.159679412841797	23.047956466674805
19.2097225189209	23.749095916748047
19.207077026367188	23.538597106933594
18.78961944580078	22.352502822875977
19.284542083740234	22.637834548950195
18.913169860839844	22.544723510742188
18.757152557373047	22.04339027404785
19.197128295898438	22.58576202392578
21.87753677368164	25.010089874267578
20.524314880371094	24.172460556030273
18.338794708251953	22.4371280670166
19.643800735473633	22.713682174682617
19.511463165283203	22.868268966674805
17.248558044433594	23.702674865722656
19.709304809570312	23.680185317993164
20.704069137573242	24.332294464111328
21.226154327392578	24.55819320678711
20.14284324645996	23.82577896118164
20.031452178955078	24.025022506713867
18.26031494140625	21.867992401123047
19.787595748901367	23.727506637573242
20.311338424682617	23.357460021972656
19.038785934448242	22.860681533813477
16.205921173095703	24.030017852783203
19.04083251953125	22.84143829345703
18.731647491455078	22.434675216674805
19.199159622192383	23.381277084350586
17.46595001220703	19.641700744628906
19.122323989868164	22.770296096801758
18.57470703125	23.333383560180664
18.571332931518555	21.984773635864258
18.550121307373047	21.91274642944336
19.217992782592773	22.666139602661133
18.003759384155273	20.796628952026367
19.081396102905273	22.462228775024414
17.7153377532959	20.839818954467773
19.323759078979492	23.497459411621094
17.68353843688965	20.5178165435791
19.815412521362305	23.1079044342041
18.416839599609375	21.680381774902344
17.869535446166992	21.59807777404785
20.073331832885742	23.023324966430664
19.081035614013672	22.877405166625977
18.720796585083008	22.053388595581055
18.827495574951172	22.535930633544922
19.34043312072754	22.82248306274414
18.18505096435547	21.71172523498535
17.913589477539062	21.825639724731445
20.84332275390625	24.871828079223633
18.207923889160156	22.157958984375
19.000139236450195	22.1658935546875
18.293994903564453	21.042861938476562
19.126914978027344	23.376502990722656
18.922027587890625	22.344270706176758
20.028671264648438	23.216697692871094
18.96295928955078	22.71198081970215
19.38889503479004	23.499143600463867
19.32439422607422	22.600414276123047
19.279863357543945	23.329151153564453
19.65123748779297	23.208032608032227
20.41135597229004	24.101640701293945
17.7559814453125	21.149669647216797
18.641572952270508	22.535316467285156
20.043594360351562	24.080129623413086
19.828018188476562	23.3372802734375
19.91469383239746	23.052471160888672
20.105968475341797	24.128984451293945
18.6928653717041	21.894041061401367
19.245586395263672	22.359689712524414
19.235992431640625	23.70063018798828
19.682167053222656	23.74264907836914
19.116962432861328	22.314857482910156
21.025060653686523	24.712257385253906
17.539783477783203	20.611597061157227
18.55665397644043	23.536544799804688
17.871166229248047	21.2119197845459
18.542264938354492	21.467735290527344
19.326744079589844	23.520465850830078
19.142044067382812	22.277315139770508
18.489198684692383	22.602346420288086
20.242528915405273	23.52753448486328
17.638757705688477	19.215473175048828
18.796602249145508	22.10137939453125
20.172704696655273	23.274497985839844
18.348709106445312	21.964374542236328
18.630481719970703	21.786943435668945
18.751060485839844	21.6458683013916
18.896818161010742	22.584138870239258
18.090391159057617	22.469743728637695
20.539392471313477	24.45574951171875
17.540428161621094	20.860595703125
17.999717712402344	20.92511558532715
18.100534439086914	21.514381408691406
18.207862854003906	21.641530990600586
19.16985321044922	22.735031127929688
19.039234161376953	22.478567123413086
20.310401916503906	24.800424575805664
18.86991310119629	21.435474395751953
18.291296005249023	21.7149600982666
20.0972900390625	23.808759689331055
19.306907653808594	23.465099334716797
20.70217514038086	24.474653244018555
17.869882583618164	21.428190231323242
18.85839080810547	22.564146041870117
18.928606033325195	22.267004013061523
20.004392623901367	23.58279037475586
17.88443946838379	21.47174644470215
18.855409622192383	22.70453643798828
19.81679344177246	23.599374771118164
19.187700271606445	22.860092163085938
21.095355987548828	24.648488998413086
18.765769958496094	23.03066635131836
17.74440574645996	21.190996170043945
19.42337417602539	23.064748764038086
19.576740264892578	23.05352210998535
18.89899444580078	23.166505813598633
18.226673126220703	21.377748489379883
21.073223114013672	24.282705307006836
19.222850799560547	23.22632598876953
19.266138076782227	22.97027587890625
20.364206314086914	23.444019317626953
18.755971908569336	21.901662826538086
21.341890335083008	24.869224548339844
19.85582160949707	24.139863967895508
19.264738082885742	22.613637924194336
19.038101196289062	22.729143142700195
19.680099487304688	23.223854064941406
18.769411087036133	22.25971221923828
18.65389060974121	21.489309310913086
19.53875732421875	23.54617691040039
19.295249938964844	22.110153198242188
19.332143783569336	23.25960922241211
19.42072105407715	22.9295654296875
18.554885864257812	21.957868576049805
19.441160202026367	22.86194610595703
18.50716209411621	21.769550323486328
19.219785690307617	22.62958526611328
18.85790252685547	22.442270278930664
18.63019371032715	22.33355140686035
18.793663024902344	22.076549530029297
19.018062591552734	22.73281478881836
18.16391944885254	21.918725967407227
18.061649322509766	22.734455108642578
18.065330505371094	21.341276168823242
20.966527938842773	23.999277114868164
20.467422485351562	24.121145248413086
19.507387161254883	22.978376388549805
17.39548683166504	20.70909881591797
18.608999252319336	21.887062072753906
19.31340980529785	23.002727508544922
17.99152183532715	21.653854370117188
18.369237899780273	22.099775314331055
19.231536865234375	22.904062271118164
18.733264923095703	21.963369369506836
18.152999877929688	21.911840438842773
18.28095245361328	22.445785522460938
18.544591903686523	21.95589828491211
18.88625717163086	22.152074813842773
18.874109268188477	22.296098709106445
17.481578826904297	20.44062042236328
18.604555130004883	21.878520965576172
17.549537658691406	20.790132522583008
18.100690841674805	21.465120315551758
17.9310359954834	21.492830276489258
19.289213180541992	23.136682510375977
19.243427276611328	22.188648223876953
18.01041603088379	21.342138290405273
18.832103729248047	21.967920303344727
19.947172164916992	23.245708465576172
19.44219398498535	22.946256637573242
18.57964324951172	21.723894119262695
19.9532413482666	23.45787811279297
18.38871955871582	21.779129028320312
19.862171173095703	23.62360191345215
19.00111961364746	23.38051986694336
18.893150329589844	22.05376625061035
18.99456024169922	22.64472007751465
19.991683959960938	23.819263458251953
20.796125411987305	25.1299991607666
19.616666793823242	22.89020347595215
20.66940689086914	24.098255157470703
20.50600814819336	23.425722122192383
18.06711769104004	21.297607421875
18.713409423828125	22.50255584716797
20.086084365844727	23.265575408935547
20.563833236694336	23.47283935546875
21.566028594970703	24.568395614624023
20.131790161132812	22.929658889770508
22.131166458129883	25.22806167602539
21.975330352783203	25.0883846282959
20.772262573242188	24.333972930908203
20.942567825317383	24.195646286010742
20.13817596435547	23.905174255371094
21.103235244750977	24.129179000854492
20.551307678222656	23.888757705688477
22.152603149414062	25.772615432739258
18.655654907226562	22.307397842407227
21.438161849975586	25.15456771850586
20.310501098632812	23.7721004486084
21.14154052734375	24.56112289428711
21.4232234954834	25.429039001464844
19.41898536682129	22.941896438598633
21.841411590576172	25.153913497924805
20.403608322143555	23.889854431152344
20.185346603393555	23.602706909179688
20.783021926879883	24.194448471069336
19.860870361328125	23.186473846435547
20.50684356689453	24.41866683959961
19.568023681640625	23.330888748168945
22.218914031982422	25.678388595581055
18.53115463256836	21.951255798339844
20.869321823120117	23.71918296813965
18.879596710205078	22.39496612548828
19.769001007080078	23.467424392700195
20.032438278198242	22.884790420532227
21.322731018066406	24.822959899902344
20.65790557861328	24.55658531188965
21.028257369995117	24.610788345336914
19.903223037719727	22.99652862548828
19.482603073120117	22.280900955200195
19.14009666442871	22.577749252319336
21.358564376831055	25.089374542236328
20.629289627075195	24.83881378173828
20.719463348388672	24.203964233398438
20.489662170410156	24.318222045898438
20.5441837310791	23.96965789794922
21.396074295043945	24.579832077026367
19.55381965637207	23.012876510620117
21.25695037841797	25.404558181762695
20.958322525024414	24.722028732299805
21.65732192993164	24.88745880126953
21.503408432006836	25.354698181152344
20.474424362182617	24.074247360229492
20.194828033447266	23.409067153930664
21.18010711669922	24.1649169921875
22.55731964111328	27.155153274536133
20.27228546142578	24.450302124023438
20.95871353149414	24.564054489135742
19.89605140686035	22.616474151611328
20.08155059814453	24.29648208618164
21.951644897460938	25.714384078979492
22.372949600219727	25.441293716430664
21.633129119873047	25.577552795410156
20.714231491088867	23.863048553466797
20.047828674316406	23.725610733032227
20.719017028808594	24.348711013793945
19.967527389526367	23.682395935058594
20.758438110351562	24.792320251464844
24.862497329711914	28.7452335357666
23.97930908203125	27.736875534057617
25.399980545043945	28.931657791137695
25.359447479248047	29.18189239501953
27.245447158813477	31.393199920654297
24.474451065063477	27.669540405273438
25.807968139648438	29.32516098022461
26.04906463623047	29.872358322143555
24.684059143066406	28.394914627075195
26.925952911376953	31.203784942626953
22.87997817993164	27.360797882080078
26.550037384033203	31.254322052001953
27.908424377441406	32.343292236328125
24.9129695892334	28.128219604492188
25.293603897094727	29.33856773376465
26.56631851196289	31.391921997070312
26.990455627441406	30.758991241455078
23.122602462768555	26.56804656982422
23.881145477294922	28.503129959106445
25.632762908935547	29.191871643066406
25.257761001586914	28.437152862548828
25.3356990814209	28.64910888671875
23.002050399780273	27.495359420776367
24.222333908081055	28.261037826538086
24.327260971069336	27.995031356811523
26.949724197387695	31.594005584716797
26.058483123779297	29.671552658081055
24.490802764892578	27.937786102294922
25.606698989868164	30.479759216308594
25.015745162963867	28.43297576904297
24.285564422607422	29.002222061157227
25.68484115600586	28.966140747070312
25.269811630249023	28.99376678466797
25.593076705932617	29.14806365966797
24.52511978149414	27.66571044921875
23.765329360961914	28.40607261657715
24.735759735107422	28.251483917236328
18.920495986938477	22.990835189819336
26.44256591796875	30.511638641357422
25.23198699951172	28.75774383544922
23.717775344848633	27.447528839111328
26.641305923461914	30.902427673339844
22.794462203979492	27.08838653564453
19.503007888793945	23.75023651123047
18.59476089477539	22.293842315673828
17.95090103149414	21.687271118164062
17.967161178588867	21.613874435424805
20.102697372436523	24.211572647094727
19.969301223754883	24.343612670898438
19.83789825439453	23.706724166870117
25.266090393066406	29.038843154907227
23.4564266204834	27.172853469848633
20.349184036254883	24.281208038330078
20.262706756591797	24.15332794189453
19.12529945373535	23.383127212524414
20.352527618408203	23.910776138305664
20.368005752563477	25.225374221801758
24.18358612060547	28.158784866333008
26.53711700439453	30.15762710571289
26.382543563842773	30.658489227294922
20.861021041870117	24.960752487182617
23.93885040283203	27.877103805541992
25.05606460571289	28.611486434936523
19.11888885498047	22.827537536621094
23.794700622558594	28.459352493286133
26.614606857299805	30.26288604736328
24.857004165649414	29.782913208007812
24.20624542236328	27.735681533813477
24.127504348754883	27.818342208862305
24.262300491333008	28.140609741210938
24.830245971679688	28.659669876098633
26.669408798217773	31.132408142089844
23.729814529418945	27.739171981811523
24.357629776000977	28.27776336669922
23.942598342895508	29.44417953491211
21.284395217895508	25.284812927246094
25.175935745239258	28.96795082092285
26.56554412841797	30.485244750976562
23.528362274169922	27.957660675048828
24.198129653930664	27.320209503173828
20.68243980407715	24.74181365966797
18.5789852142334	22.72628402709961
18.951730728149414	22.94599151611328
19.08102035522461	23.001256942749023
25.240854263305664	29.165761947631836
25.05587387084961	28.512344360351562
17.860614776611328	21.128520965576172
20.860563278198242	24.905324935913086
24.905839920043945	28.82941246032715
19.46477699279785	23.389238357543945
24.387453079223633	27.9332275390625
24.581506729125977	28.80677032470703
19.76419448852539	24.000356674194336
19.45414924621582	24.051408767700195
18.868032455444336	22.86371421813965
25.111164093017578	29.308198928833008
24.09905242919922	27.376657485961914
24.833335876464844	28.93569564819336
17.434202194213867	21.40087127685547
26.706592559814453	31.290443420410156
18.57597541809082	22.561119079589844
21.607769012451172	25.830678939819336
25.496110916137695	29.710477828979492
18.21351432800293	22.04345703125
19.250150680541992	23.64422035217285
26.858434677124023	30.406776428222656
19.721609115600586	23.376873016357422
26.37377166748047	30.326711654663086
20.420372009277344	24.88892364501953
26.664854049682617	30.573057174682617
24.352388381958008	27.353857040405273
22.8922119140625	26.84762954711914
23.835325241088867	27.819351196289062
18.310405731201172	22.972246170043945
26.248029708862305	30.517864227294922
22.011945724487305	26.18000030517578
24.965713500976562	29.290721893310547
23.82019805908203	27.995859146118164
19.128639221191406	23.43981170654297
22.210790634155273	26.91360092163086
23.097923278808594	29.350811004638672
23.435562133789062	27.505674362182617
24.01288414001465	27.455249786376953
24.821557998657227	28.576566696166992
22.21744155883789	27.550535202026367
17.629674911499023	20.716440200805664
25.985271453857422	30.398693084716797
24.74660873413086	28.713401794433594
21.986255645751953	26.18933868408203
20.458385467529297	24.293663024902344
21.145505905151367	25.00720977783203
19.575271606445312	24.983779907226562
21.162282943725586	24.845726013183594
22.46966552734375	26.612102508544922
21.552824020385742	25.37347412109375
20.143596649169922	25.386507034301758
23.234485626220703	25.786100387573242
20.271799087524414	23.968103408813477
21.93716049194336	26.49469757080078
20.86159896850586	24.728822708129883
20.029541015625	23.088176727294922
22.496044158935547	25.755075454711914
22.183910369873047	26.323596954345703
20.687101364135742	24.76811981201172
20.749862670898438	25.280366897583008
19.910995483398438	24.343469619750977
19.879074096679688	23.53185272216797
19.131969451904297	23.221054077148438
19.791481018066406	24.596847534179688
21.673025131225586	25.929941177368164
20.377517700195312	25.201828002929688
20.11014747619629	24.171205520629883
21.113168716430664	24.69473648071289
21.512920379638672	25.789011001586914
20.05286407470703	23.785444259643555
19.23992919921875	23.52874755859375
20.172706604003906	24.343263626098633
23.122697830200195	26.634899139404297
21.20110321044922	25.176830291748047
20.73906898498535	25.462095260620117
21.34676742553711	24.936288833618164
20.360599517822266	23.965320587158203
20.117799758911133	23.621685028076172
18.689943313598633	22.909259796142578
22.819263458251953	26.21957778930664
18.726871490478516	23.060426712036133
21.097454071044922	24.7941951751709
21.734580993652344	25.5197811126709
21.253063201904297	25.013254165649414
19.936481475830078	23.82355308532715
18.983491897583008	23.24642562866211
20.10106086730957	24.08035659790039
19.556360244750977	24.529970169067383
20.143102645874023	23.314496994018555
18.147357940673828	21.74498748779297
18.719371795654297	22.447458267211914
19.70213508605957	24.118858337402344
21.212316513061523	25.644399642944336
19.78933334350586	23.320276260375977
20.623132705688477	23.88562774658203
20.390472412109375	23.770429611206055
19.903701782226562	23.49370765686035
20.824989318847656	24.36260986328125
21.445602416992188	24.440488815307617
17.897663116455078	22.111631393432617
18.20357322692871	23.73037338256836
20.521982192993164	25.33145523071289
19.482030868530273	23.48351287841797
18.82183265686035	22.496726989746094
21.892841339111328	25.60080337524414
20.36465835571289	23.399246215820312
18.555145263671875	22.02618980407715
20.004148483276367	23.998432159423828
22.061620712280273	25.60028648376465
23.024131774902344	27.302194595336914
22.349477767944336	25.800640106201172
22.475448608398438	25.901714324951172
21.995569229125977	26.708301544189453
22.606000900268555	26.514089584350586
20.550649642944336	24.84246253967285
23.089305877685547	26.325937271118164
21.979570388793945	25.671367645263672
21.955764770507812	26.189708709716797
21.813888549804688	25.397808074951172
21.332509994506836	24.901752471923828
21.799612045288086	25.93619155883789
23.087587356567383	26.680885314941406
22.6519832611084	27.511302947998047
20.59062957763672	25.066631317138672
21.496747970581055	25.205015182495117
21.311172485351562	25.207792282104492
19.65775489807129	23.91910171508789
21.785741806030273	25.565568923950195
20.80466079711914	24.532644271850586
20.84649085998535	24.7222900390625
20.89226722717285	25.253488540649414
21.956281661987305	25.775659561157227
22.93944549560547	27.146080017089844
21.582115173339844	25.48761749267578
22.27509117126465	25.90682601928711
19.697067260742188	23.919105529785156
21.427837371826172	26.071022033691406
23.629934310913086	27.323801040649414
23.11266326904297	26.911571502685547
22.308439254760742	25.981740951538086
20.229639053344727	26.142127990722656
21.498624801635742	25.329191207885742
21.343120574951172	25.556264877319336
20.864547729492188	25.051795959472656
20.102922439575195	24.62722396850586
19.71647071838379	25.240720748901367
23.6763973236084	28.173828125
20.919029235839844	26.034744262695312
21.06232261657715	24.39438247680664
22.388023376464844	26.513750076293945
22.377582550048828	26.559402465820312
20.771028518676758	24.793336868286133
20.669416427612305	24.414968490600586
20.892087936401367	25.01331329345703
21.889856338500977	25.183948516845703
22.48322296142578	26.355484008789062
22.666337966918945	26.756025314331055
19.86260414123535	24.285926818847656
21.443885803222656	25.555654525756836
19.733720779418945	24.756017684936523
22.317487716674805	25.62969207763672
21.033308029174805	24.41672134399414
21.7702579498291	25.269275665283203
19.857053756713867	24.633651733398438
22.798141479492188	26.907289505004883
21.615619659423828	25.661897659301758
21.009326934814453	24.378150939941406
20.63119888305664	24.357275009155273
21.506126403808594	25.521642684936523
20.09446144104004	24.257335662841797
20.31737518310547	24.919967651367188
18.202510833740234	24.931838989257812
22.11520767211914	25.174787521362305
19.617109298706055	23.484342575073242
17.570837020874023	19.37139129638672
22.114412307739258	26.377769470214844
20.379566192626953	24.13243865966797
23.266530990600586	27.183313369750977
19.447887420654297	26.794200897216797
19.1623477935791	22.6904296875
21.1289119720459	25.550376892089844
21.833974838256836	26.065645217895508
19.368513107299805	22.371076583862305
21.344594955444336	25.113065719604492
19.764846801757812	23.66091537475586
0.0	0.0
18.9307918548584	22.587278366088867
16.58456039428711	21.97553062438965
21.33978271484375	25.667617797851562
16.724943161010742	23.94124984741211
19.294313430786133	23.758934020996094
0.0	0.0
19.011259078979492	30.125165939331055
19.8055419921875	23.720386505126953
19.146730422973633	23.835582733154297
21.47274398803711	25.179758071899414
20.096162796020508	23.305044174194336
19.474668502807617	22.841407775878906
21.306537628173828	24.757102966308594
20.4897518157959	23.75365447998047
19.766023635864258	23.156532287597656
20.00218963623047	23.88961410522461
18.695911407470703	21.9062557220459
21.27545928955078	24.778419494628906
20.65108871459961	24.743505477905273
19.820674896240234	23.563793182373047
18.785612106323242	22.371234893798828
19.734874725341797	23.864301681518555
21.6191349029541	25.37523651123047
22.392309188842773	26.916921615600586
21.836021423339844	25.33702850341797
20.6385555267334	24.27557373046875
19.866518020629883	24.28191375732422
20.7102108001709	25.561655044555664
17.562366485595703	19.050060272216797
21.549705505371094	25.407459259033203
21.818147659301758	25.602502822875977
0.0	0.0
18.56683349609375	21.881967544555664
19.925203323364258	23.73345375061035
18.438444137573242	22.19622230529785
20.072484970092773	23.6938533782959
20.349836349487305	25.03411293029785
23.090778350830078	26.926000595092773
21.141584396362305	23.808412551879883
20.070171356201172	23.4633846282959
17.770139694213867	21.513349533081055
19.743600845336914	23.971054077148438
21.6297607421875	25.0476016998291
21.910200119018555	25.618759155273438
19.361600875854492	23.1676082611084
17.379106521606445	19.228504180908203
20.535194396972656	23.987930297851562
20.230087280273438	24.321548461914062
21.459308624267578	25.60800552368164
8.699338912963867	24.949665069580078
20.564258575439453	25.011762619018555
18.782190322875977	22.643878936767578
20.241605758666992	23.693838119506836
18.26804542541504	21.671293258666992
17.339881896972656	19.851953506469727
19.362056732177734	22.772706985473633
0.0	0.0
21.536569595336914	25.084688186645508
20.83942222595215	24.27814292907715
0.0	0.0
20.888704299926758	24.928298950195312
20.931692123413086	24.64521026611328
21.694255828857422	25.459667205810547
20.272947311401367	23.854270935058594
17.466386795043945	19.799480438232422
19.102863311767578	23.886398315429688
19.682714462280273	23.483144760131836
19.137514114379883	23.411148071289062
18.33298683166504	22.594751358032227
19.7518253326416	24.082801818847656
22.269392013549805	25.992023468017578
22.80025863647461	27.60944366455078
18.885622024536133	23.047704696655273
20.165058135986328	23.695972442626953
20.575132369995117	23.57233238220215
20.40484046936035	24.252714157104492
20.691160202026367	24.803306579589844
20.966062545776367	24.873300552368164
19.97107696533203	24.087800979614258
21.77001953125	26.037073135375977
18.996490478515625	23.266529083251953
20.793989181518555	24.362844467163086
21.701217651367188	25.152568817138672
19.855667114257812	23.598499298095703
20.43084144592285	23.949941635131836
19.794218063354492	24.790544509887695
21.720857620239258	25.801902770996094
21.336088180541992	25.3614444732666
21.208555221557617	25.641159057617188
18.00993537902832	22.28717613220215
21.967153549194336	25.46600341796875
18.27219581604004	21.379362106323242
20.453128814697266	24.245140075683594
0.0	0.0
20.904191970825195	26.745309829711914
18.456663131713867	25.0900821685791
18.677024841308594	22.554895401000977
15.048048973083496	25.29529571533203
15.728654861450195	25.696935653686523
18.76956558227539	22.736082077026367
17.884523391723633	21.188919067382812
17.851091384887695	18.775819778442383
20.033754348754883	23.172029495239258
18.421520233154297	21.966062545776367
14.826455116271973	25.158693313598633
0.0	0.0
20.153486251831055	23.632568359375
21.192113876342773	24.776805877685547
21.555360794067383	26.418954849243164
14.411925315856934	24.006105422973633
20.467247009277344	24.483755111694336
21.610090255737305	25.643596649169922
20.617393493652344	25.318674087524414
19.391084671020508	30.389432907104492
21.10204315185547	26.032594680786133
21.886369705200195	26.254629135131836
22.555557250976562	30.65692710876465
22.443374633789062	26.146163940429688
22.689128875732422	26.879348754882812
21.443132400512695	25.323232650756836
18.089805603027344	19.414875030517578
21.552133560180664	25.904821395874023
22.060495376586914	25.824939727783203
21.164783477783203	24.830747604370117
21.411169052124023	24.697669982910156
22.166250228881836	25.805038452148438
22.310331344604492	25.548540115356445
20.547395706176758	25.98501205444336
21.591520309448242	26.307626724243164
17.518396377563477	19.887741088867188
23.255212783813477	27.452110290527344
0.0	0.0
23.431406021118164	26.583175659179688
21.531787872314453	27.31238555908203
16.543197631835938	21.199562072753906
21.59662628173828	25.724515914916992
24.449951171875	28.96929931640625
23.307458877563477	26.548219680786133
21.381376266479492	25.0718936920166
21.755565643310547	25.58153533935547
22.527233123779297	25.94738006591797
20.532495498657227	24.797544479370117
22.129785537719727	26.05615997314453
20.097919464111328	23.553085327148438
21.93390655517578	25.785310745239258
21.013925552368164	24.677867889404297
20.999671936035156	24.967226028442383
23.335405349731445	27.22284507751465
22.458782196044922	26.321388244628906
21.52649688720703	24.944059371948242
19.104829788208008	22.274795532226562
24.1230411529541	28.36813735961914
20.01034164428711	23.31778335571289
22.492082595825195	26.258323669433594
20.089597702026367	23.528226852416992
21.709043502807617	25.178056716918945
22.896482467651367	26.93103790283203
20.43272590637207	24.434001922607422
22.520763397216797	25.810216903686523
19.78069305419922	23.593931198120117
22.221513748168945	25.444046020507812
22.053415298461914	26.385784149169922
20.79964828491211	24.769811630249023
20.33713722229004	24.008625030517578
21.187131881713867	25.073471069335938
20.850051879882812	24.72478675842285
22.180971145629883	26.114761352539062
22.344953536987305	26.276338577270508
22.366750717163086	25.929244995117188
22.758747100830078	25.812353134155273
22.440631866455078	25.94634437561035
22.006574630737305	26.137990951538086
21.882953643798828	25.73700714111328
20.550195693969727	23.84705352783203
21.390501022338867	25.04076385498047
22.248027801513672	26.2891902923584
23.18570327758789	27.10891342163086
22.494548797607422	26.0961971282959
21.326875686645508	24.918350219726562
22.474306106567383	26.720497131347656
24.02133560180664	27.905649185180664
25.322359085083008	29.176773071289062
21.016380310058594	24.887290954589844
22.372814178466797	26.638263702392578
19.16354751586914	22.722455978393555
21.3120174407959	25.155921936035156
22.681419372558594	26.260244369506836
22.725290298461914	26.32781410217285
23.91827392578125	27.891592025756836
21.411184310913086	25.11408233642578
23.286943435668945	27.171043395996094
22.335641860961914	25.523269653320312
22.123506546020508	25.8134822845459
22.6163387298584	26.126516342163086
22.450895309448242	25.782054901123047
20.769784927368164	25.072729110717773
20.561931610107422	24.957971572875977
21.22821044921875	24.411325454711914
21.618154525756836	24.813528060913086
21.380186080932617	25.06671142578125
20.559877395629883	26.090768814086914
23.062416076660156	26.380403518676758
21.924606323242188	25.284744262695312
21.538145065307617	24.823318481445312
22.18416976928711	26.314594268798828
22.41649627685547	26.030540466308594
22.107145309448242	26.234107971191406
23.499330520629883	27.13455581665039
23.208454132080078	27.312816619873047
22.121849060058594	25.186323165893555
21.730113983154297	25.845335006713867
22.0382080078125	26.093111038208008
21.87039566040039	25.152362823486328
21.427019119262695	24.53183364868164
22.90444564819336	26.714031219482422
26.026782989501953	29.679584503173828
21.462865829467773	24.752338409423828
22.517263412475586	26.504840850830078
21.855884552001953	25.576030731201172
23.56121063232422	29.609813690185547
23.741971969604492	27.47229766845703
0.0	0.0
22.6793212890625	27.229394912719727
16.711647033691406	27.478893280029297
22.99734878540039	28.108291625976562
20.368450164794922	27.461742401123047
15.390308380126953	26.703046798706055
21.888689041137695	26.440290451049805
21.385316848754883	26.480287551879883
19.873817443847656	25.9383544921875
19.87990379333496	25.550642013549805
21.404827117919922	26.606645584106445
19.646018981933594	29.152589797973633
19.703567504882812	26.576156616210938
23.579954147338867	27.188505172729492
24.35999298095703	28.137924194335938
22.552949905395508	26.71670913696289
16.12327766418457	29.741411209106445
22.389638900756836	26.632862091064453
21.680971145629883	26.09496307373047
20.9544620513916	25.390329360961914
20.133411407470703	23.5036563873291
20.391902923583984	23.355688095092773
20.47020721435547	23.605268478393555
18.981220245361328	22.310937881469727
20.774709701538086	24.575523376464844
22.772462844848633	25.671279907226562
21.31686019897461	24.800537109375
19.704181671142578	23.491716384887695
19.006689071655273	22.469202041625977
20.669578552246094	24.154558181762695
17.920207977294922	20.500463485717773
20.70549774169922	24.42316246032715
19.569564819335938	23.13039779663086
20.769922256469727	24.316125869750977
20.02040672302246	23.944246292114258
19.800704956054688	24.176610946655273
19.149717330932617	22.82830047607422
21.635534286499023	24.89639663696289
20.56839370727539	24.07494354248047
21.144601821899414	24.68054962158203
19.43478775024414	24.002025604248047
20.490537643432617	23.992847442626953
19.506032943725586	22.643564224243164
20.095823287963867	22.95089340209961
20.324230194091797	23.851787567138672
19.59938621520996	23.91985321044922
20.72372055053711	23.661792755126953
19.26178550720215	22.261213302612305
19.707319259643555	23.534555435180664
18.731470108032227	22.691957473754883
20.3864688873291	23.843303680419922
20.771873474121094	24.30364227294922
19.36241912841797	22.715444564819336
19.77684783935547	23.08444595336914
20.7269287109375	24.20709228515625
20.264760971069336	23.561079025268555
18.9860782623291	22.638717651367188
20.178695678710938	24.201658248901367
20.457836151123047	23.172842025756836
18.981000900268555	22.67061996459961
20.42975616455078	24.465967178344727
18.718629837036133	22.184677124023438
17.44771957397461	19.522092819213867
0.0	0.0
17.764009475708008	18.76665496826172
18.01925277709961	20.675308227539062
0.0	0.0
19.08310890197754	22.351831436157227
20.495256423950195	23.537578582763672
19.98897361755371	23.378883361816406
19.751548767089844	22.987316131591797
19.80819320678711	22.936548233032227
18.298484802246094	21.561155319213867
20.81231117248535	24.18463897705078
20.011707305908203	23.04895782470703
17.82087516784668	18.62021255493164
17.577425003051758	20.529237747192383
18.641029357910156	22.628461837768555
19.634397506713867	22.7408447265625
21.415630340576172	25.218103408813477
20.65439224243164	24.344257354736328
19.206544876098633	21.780534744262695
20.342510223388672	23.61362075805664
21.460582733154297	24.804183959960938
19.820344924926758	23.349075317382812
19.766939163208008	23.13457489013672
20.60980987548828	23.603181838989258
17.75862693786621	19.579368591308594
18.251298904418945	21.488994598388672
17.82868003845215	21.706703186035156
18.2907657623291	21.2351016998291
17.655550003051758	20.620704650878906
20.148805618286133	23.258695602416992
19.213153839111328	21.823022842407227
19.673315048217773	23.05199432373047
20.260974884033203	22.92786407470703
18.75078773498535	23.0357608795166
18.297683715820312	21.671031951904297
19.158462524414062	22.491422653198242
18.580175399780273	21.5731258392334
17.72732162475586	18.729984283447266
17.447790145874023	19.83698081970215
19.17573356628418	22.683120727539062
17.753145217895508	18.696828842163086
19.445959091186523	22.789030075073242
18.841859817504883	21.541122436523438
20.238941192626953	23.612947463989258
0.0	0.0
18.403003692626953	21.11107635498047
18.752464294433594	21.235780715942383
17.862154006958008	20.455341339111328
18.957155227661133	22.474472045898438
18.484033584594727	21.986421585083008
18.59331703186035	21.6102294921875
18.68825912475586	22.001619338989258
19.50935935974121	22.929140090942383
19.661895751953125	22.656484603881836
19.086702346801758	22.181432723999023
19.065935134887695	22.622547149658203
20.768142700195312	25.424510955810547
17.551856994628906	19.940963745117188
19.187786102294922	23.304338455200195
18.182525634765625	22.42804527282715
19.565017700195312	23.64389419555664
19.892175674438477	23.892333984375
19.33203887939453	22.600482940673828
20.091001510620117	23.460948944091797
18.765926361083984	21.895231246948242
18.39968490600586	21.806562423706055
17.691177368164062	20.613744735717773
18.724321365356445	22.96657943725586
19.912214279174805	23.90131187438965
18.68634605407715	22.138137817382812
19.303329467773438	22.452293395996094
18.726442337036133	22.331254959106445
19.4072322845459	22.53228187561035
17.777507781982422	22.441526412963867
18.809036254882812	22.0540771484375
19.192974090576172	22.421255111694336
19.829147338867188	23.546171188354492
19.450040817260742	23.1967716217041
18.162446975708008	22.321697235107422
19.794475555419922	23.187955856323242
19.97075653076172	23.215944290161133
20.924789428710938	24.832250595092773
20.02605438232422	23.44806671142578
20.360498428344727	23.122474670410156
18.1971492767334	21.200088500976562
20.205005645751953	24.039592742919922
19.023441314697266	22.216354370117188
18.551502227783203	22.841249465942383
19.224458694458008	23.384428024291992
19.475431442260742	23.122529983520508
18.776653289794922	22.22069549560547
18.58116912841797	21.608182907104492
20.606252670288086	24.278770446777344
19.67643928527832	23.77370834350586
18.667898178100586	22.301616668701172
18.259584426879883	22.172361373901367
17.932693481445312	22.207443237304688
20.806625366210938	23.993999481201172
18.02983283996582	21.06804847717285
19.13427734375	22.155561447143555
18.928691864013672	22.163076400756836
19.348793029785156	22.767192840576172
18.808069229125977	21.80669403076172
19.071868896484375	23.430164337158203
18.89333152770996	21.91510581970215
18.286462783813477	21.649621963500977
18.29430389404297	21.414743423461914
19.193740844726562	22.86895751953125
18.847816467285156	22.927980422973633
20.704578399658203	23.753171920776367
18.420270919799805	21.115968704223633
18.319873809814453	21.543807983398438
18.64754295349121	22.177288055419922
19.351306915283203	23.18014144897461
19.581972122192383	22.9440975189209
19.934436798095703	23.270519256591797
18.748924255371094	22.17104721069336
19.005712509155273	22.219520568847656
19.987823486328125	23.465007781982422
19.681455612182617	22.554088592529297
19.89545440673828	23.018409729003906
19.152557373046875	22.139904022216797
18.307994842529297	21.485633850097656
19.330354690551758	23.200056076049805
18.352611541748047	21.543781280517578
17.903179168701172	21.258264541625977
18.834375381469727	21.897563934326172
18.810447692871094	22.101238250732422
19.346391677856445	23.23470687866211
20.006431579589844	23.585302352905273
19.887588500976562	23.996318817138672
18.987363815307617	22.784212112426758
19.27763557434082	22.211803436279297
18.945558547973633	23.35016632080078
18.839584350585938	22.545061111450195
17.85283851623535	21.509553909301758
19.4405460357666	22.742612838745117
17.97319984436035	21.758825302124023
19.266633987426758	21.929075241088867
18.0391845703125	21.120529174804688
19.922637939453125	22.982440948486328
18.748815536499023	22.382675170898438
18.26326560974121	22.5218448638916
19.194082260131836	22.604494094848633
18.877885818481445	22.908164978027344
18.124309539794922	22.547868728637695
19.088226318359375	22.63656234741211
19.3339900970459	22.613014221191406
20.353858947753906	23.542131423950195
21.833444595336914	24.95157241821289
21.374717712402344	24.501171112060547
19.34174346923828	23.331876754760742
20.123424530029297	23.705284118652344
19.865161895751953	23.7535400390625
20.446544647216797	23.762048721313477
22.1867733001709	25.688692092895508
19.99895477294922	23.974952697753906
20.1286678314209	23.5339412689209
19.862546920776367	23.41248321533203
21.50139808654785	25.468820571899414
19.94605255126953	23.368921279907227
19.685983657836914	23.227956771850586
20.27422332763672	23.403736114501953
20.883197784423828	24.064556121826172
21.180618286132812	24.993894577026367
21.993118286132812	25.847394943237305
21.484973907470703	25.082439422607422
22.39010238647461	26.633588790893555
18.152462005615234	21.642658233642578
19.79753875732422	23.221113204956055
19.563705444335938	22.541030883789062
21.131418228149414	24.83810806274414
18.797819137573242	22.816993713378906
21.092039108276367	24.603425979614258
19.77425193786621	22.75551986694336
20.55025863647461	23.695791244506836
19.364412307739258	22.168312072753906
18.8566951751709	22.480796813964844
21.960769653320312	25.661033630371094
19.31673812866211	22.839405059814453
21.944643020629883	25.6286563873291
20.237733840942383	22.911640167236328
19.862844467163086	23.291608810424805
19.606298446655273	22.875364303588867
20.822799682617188	24.510692596435547
22.341543197631836	26.573963165283203
20.209558486938477	24.072490692138672
20.889211654663086	24.076026916503906
19.918609619140625	23.256101608276367
19.571325302124023	23.0181941986084
18.94146156311035	24.08452796936035
20.08917999267578	23.465368270874023
20.66625213623047	24.394880294799805
19.972660064697266	23.53924560546875
19.754074096679688	23.015422821044922
20.46599578857422	24.223642349243164
19.926923751831055	24.522016525268555
20.796220779418945	25.383142471313477
21.757801055908203	25.04660415649414
20.603191375732422	24.234573364257812
22.2055721282959	25.224050521850586
20.12413215637207	23.98394775390625
20.368680953979492	24.043373107910156
22.689966201782227	25.667194366455078
20.363079071044922	24.37696075439453
20.61977767944336	24.684432983398438
19.37590980529785	22.799909591674805
19.415781021118164	22.57500648498535
19.615432739257812	23.269786834716797
20.540952682495117	23.619129180908203
20.247568130493164	24.242992401123047
20.448461532592773	24.19582748413086
20.89379119873047	24.30609703063965
0.0	0.0
17.657011032104492	19.750865936279297
17.535673141479492	19.695507049560547
0.0	0.0
17.502155303955078	19.620952606201172
17.54196548461914	19.750263214111328
17.490642547607422	19.793846130371094
17.557476043701172	19.5125789642334
17.8382568359375	18.608264923095703
17.88747787475586	20.755170822143555
17.45783042907715	19.898670196533203
17.689834594726562	18.952560424804688
17.62364387512207	19.613113403320312
17.566328048706055	19.267541885375977
16.622838973999023	21.14739990234375
17.79120445251465	18.638639450073242
0.0	0.0
17.579029083251953	20.637739181518555
17.48235321044922	19.348207473754883
17.799291610717773	18.479188919067383
17.62114715576172	19.280803680419922
0.0	0.0
17.394407272338867	19.946348190307617
17.619352340698242	20.278806686401367
18.418292999267578	22.20620346069336
17.588008880615234	19.481285095214844
17.69861602783203	18.779052734375
17.966604232788086	21.024843215942383
17.460289001464844	19.338014602661133
17.745084762573242	18.804140090942383
17.670129776000977	18.857784271240234
17.821147918701172	18.594938278198242
17.66407012939453	19.034202575683594
17.677095413208008	18.97633934020996
17.583887100219727	19.338682174682617
17.498493194580078	20.085145950317383
17.734718322753906	18.73166275024414
17.675474166870117	18.917089462280273
17.90123176574707	20.390169143676758
17.514759063720703	19.48308753967285
17.680419921875	18.804821014404297
17.63772201538086	19.926084518432617
17.790164947509766	19.9975528717041
17.48288917541504	19.5218448638916
17.4741153717041	19.369203567504883
17.663015365600586	19.624486923217773
17.523229598999023	19.73993682861328
17.72992706298828	18.731042861938477
0.0	0.0
17.53607749938965	19.652667999267578
17.841217041015625	18.620176315307617
17.67693519592285	18.62626075744629
17.814891815185547	18.626890182495117
17.705249786376953	18.914936065673828
17.550628662109375	19.779834747314453
17.68053436279297	20.89035415649414
17.47016143798828	19.932100296020508
17.57579803466797	19.142784118652344
17.721826553344727	20.332443237304688
17.771100997924805	20.439390182495117
17.631649017333984	19.863943099975586
17.500652313232422	20.0231876373291
17.567100524902344	19.558115005493164
0.0	0.0
17.592370986938477	19.71507453918457
18.654552459716797	21.726591110229492
17.457965850830078	19.649019241333008
18.635215759277344	22.338876724243164
18.746387481689453	21.87244415283203
17.803586959838867	20.824682235717773
17.821144104003906	20.7890682220459
18.620018005371094	21.987812042236328
17.857234954833984	18.54592514038086
17.785903930664062	21.42822265625
17.905447006225586	20.802509307861328
18.584749221801758	21.431617736816406
17.510475158691406	20.042652130126953
17.508806228637695	19.914453506469727
17.579395294189453	20.017841339111328
18.98932456970215	21.944622039794922
17.745147705078125	20.701379776000977
17.97087860107422	21.043989181518555
17.728744506835938	20.636737823486328
18.052576065063477	21.290037155151367
17.801124572753906	20.768888473510742
17.565773010253906	19.393003463745117
17.595979690551758	20.641672134399414
18.00494956970215	21.251758575439453
17.545753479003906	20.253814697265625
18.00252342224121	21.034650802612305
17.558574676513672	19.629549026489258
17.97979164123535	21.989540100097656
19.593050003051758	23.405168533325195
18.561716079711914	22.42559242248535
18.919456481933594	22.07598876953125
18.87241554260254	22.150938034057617
17.70244598388672	20.201065063476562
19.208446502685547	22.623964309692383
19.240955352783203	22.21135711669922
17.856657028198242	20.892414093017578
18.99933624267578	22.244125366210938
19.55483055114746	22.207841873168945
19.122272491455078	22.594961166381836
17.508140563964844	20.155445098876953
17.983556747436523	20.733013153076172
17.94083595275879	20.974458694458008
17.592037200927734	21.134204864501953
18.415447235107422	21.537473678588867
17.805004119873047	19.949508666992188
17.82096290588379	20.518354415893555
17.8302001953125	21.329296112060547
17.66922378540039	20.58095932006836
0.0	0.0
0.0	0.0
19.747577667236328	23.018980026245117
17.55645179748535	21.013568878173828
19.173171997070312	22.267114639282227
18.169153213500977	21.434886932373047
17.546619415283203	20.122804641723633
0.0	0.0
17.434593200683594	20.644020080566406
18.1749267578125	21.320152282714844
18.941307067871094	22.873695373535156
17.671297073364258	20.097640991210938
0.0	0.0
18.3083553314209	20.986787796020508
17.5173282623291	19.495336532592773
17.67314910888672	20.34040641784668
17.451900482177734	20.362146377563477
18.45342254638672	22.100751876831055
20.604799270629883	25.002670288085938
20.513219833374023	23.904586791992188
20.99494171142578	24.861766815185547
20.22905731201172	24.347797393798828
20.644485473632812	23.37183380126953
19.40673828125	23.217130661010742
20.658815383911133	24.667926788330078
20.052221298217773	23.608686447143555
18.31124496459961	22.30826187133789
20.955215454101562	24.485673904418945
18.406251907348633	21.835081100463867
21.877599716186523	25.11530113220215
20.014341354370117	24.384326934814453
19.965421676635742	23.502470016479492
18.417804718017578	22.097671508789062
18.16400909423828	21.816936492919922
17.589019775390625	21.589113235473633
18.21097183227539	21.741172790527344
21.466293334960938	25.45749282836914
19.620317459106445	22.928062438964844
19.566099166870117	22.799806594848633
19.237457275390625	22.6843204498291
18.342281341552734	21.485605239868164
21.400495529174805	25.016624450683594
19.53997802734375	23.736034393310547
15.609688758850098	24.30054473876953
19.844343185424805	24.439102172851562
19.141422271728516	23.049331665039062
21.431285858154297	25.807636260986328
19.232486724853516	23.130781173706055
13.709434509277344	24.66153335571289
20.094226837158203	23.914012908935547
20.34929847717285	24.00948715209961
20.468809127807617	24.383869171142578
20.93416976928711	24.054040908813477
19.50218963623047	23.638952255249023
19.155752182006836	22.811185836791992
21.334495544433594	24.640100479125977
21.61382484436035	25.01818084716797
20.753128051757812	24.798809051513672
19.63422966003418	23.732223510742188
20.07366180419922	23.543071746826172
19.982067108154297	24.40955352783203
17.843570709228516	21.470680236816406
18.913440704345703	23.182395935058594
17.850082397460938	21.050344467163086
17.2399959564209	21.385129928588867
20.358051300048828	24.532264709472656
21.29532241821289	25.267841339111328
20.27182388305664	23.830028533935547
19.186460494995117	22.570966720581055
18.466299057006836	22.010957717895508
18.025184631347656	22.017070770263672
18.210044860839844	21.798616409301758
19.822113037109375	23.850881576538086
19.79648780822754	22.63019371032715
21.259565353393555	24.923112869262695
19.717571258544922	23.2758846282959
18.334674835205078	21.91846466064453
19.226280212402344	22.85430908203125
21.834877014160156	25.133180618286133
19.481435775756836	23.511194229125977
19.87969970703125	22.945995330810547
21.76337432861328	25.316722869873047
22.14654541015625	25.909074783325195
20.817358016967773	24.12778091430664
20.43251609802246	23.987844467163086
20.813425064086914	24.35645294189453
20.596939086914062	23.923444747924805
24.360017776489258	28.99645233154297
19.648944854736328	23.914390563964844
22.57730484008789	26.11477279663086
20.24483299255371	24.048301696777344
20.833192825317383	24.173681259155273
19.54943084716797	23.405832290649414
21.54412269592285	24.9317569732666
21.036365509033203	24.461261749267578
20.610816955566406	26.172286987304688
20.129789352416992	24.471330642700195
19.289691925048828	22.855253219604492
22.21363067626953	26.431550979614258
20.734968185424805	24.845294952392578
20.26232147216797	24.232194900512695
17.40797233581543	24.45363998413086
21.016864776611328	24.450454711914062
18.2866268157959	23.409809112548828
20.48736572265625	23.84270668029785
19.707626342773438	23.791824340820312
20.592321395874023	24.484220504760742
20.648027420043945	24.026670455932617
19.596105575561523	23.259384155273438
20.104455947875977	24.383752822875977
20.858232498168945	24.462139129638672
21.271974563598633	25.02984046936035
21.551435470581055	25.465856552124023
21.070085525512695	25.680313110351562
21.543455123901367	24.853195190429688
21.664365768432617	25.71184539794922
19.969449996948242	24.109540939331055
20.450321197509766	24.456254959106445
21.544771194458008	25.344337463378906
21.54132843017578	25.127155303955078
19.907197952270508	23.634933471679688
20.389095306396484	23.859498977661133
20.560962677001953	23.853477478027344
21.2618408203125	24.697795867919922
19.82887077331543	23.567371368408203
21.474157333374023	24.660078048706055
22.516103744506836	26.425188064575195
20.97784996032715	24.28900718688965
20.412811279296875	24.352224349975586
19.707239151000977	23.884035110473633
21.24724769592285	25.472658157348633
21.557397842407227	25.261186599731445
20.680646896362305	24.536977767944336
21.069377899169922	24.801525115966797
22.188695907592773	25.570100784301758
22.739774703979492	26.0125675201416
21.295900344848633	25.301610946655273
21.338584899902344	24.56381607055664
20.220916748046875	23.87316131591797
21.415884017944336	24.569658279418945
20.013158798217773	24.135391235351562
18.983766555786133	22.848413467407227
20.8143310546875	25.16436195373535
19.92998504638672	24.888898849487305
20.434829711914062	24.725709915161133
18.148515701293945	21.68114471435547
20.541616439819336	24.672657012939453
17.668167114257812	24.950525283813477
19.136625289916992	22.57756805419922
18.375072479248047	21.208688735961914
18.6176815032959	21.91183853149414
16.019472122192383	23.297372817993164
19.578941345214844	23.887680053710938
18.904861450195312	22.008350372314453
19.307842254638672	22.600522994995117
18.838302612304688	22.76323699951172
18.221094131469727	21.410175323486328
18.069564819335938	21.446104049682617
20.312440872192383	24.710304260253906
20.756946563720703	24.370254516601562
18.312000274658203	21.62457847595215
18.342374801635742	21.933332443237305
18.869291305541992	22.429336547851562
18.34014892578125	21.483142852783203
18.580459594726562	22.952428817749023
19.036375045776367	22.540870666503906
19.718931198120117	23.150440216064453
19.124937057495117	22.131174087524414
18.3214168548584	21.672609329223633
18.51123046875	21.40444564819336
19.66634750366211	23.042522430419922
16.80532455444336	21.480934143066406
20.301998138427734	24.19378089904785
18.74538230895996	21.89986801147461
20.406879425048828	23.694011688232422
18.069063186645508	21.267457962036133
18.67240333557129	22.072105407714844
18.15053939819336	21.479782104492188
17.744836807250977	20.747760772705078
19.515155792236328	23.12350082397461
17.964563369750977	21.39667510986328
19.596275329589844	23.66376304626465
18.090599060058594	21.423337936401367
18.959379196166992	22.783069610595703
17.481767654418945	20.001245498657227
19.875516891479492	23.114294052124023
18.782590866088867	22.380943298339844
19.5450382232666	23.569530487060547
19.273557662963867	23.177013397216797
18.612802505493164	22.447481155395508
18.360448837280273	22.314682006835938
20.550867080688477	24.283157348632812
17.607540130615234	21.232379913330078
19.681032180786133	23.74823570251465
16.699384689331055	22.44948959350586
18.9130802154541	22.4229793548584
19.576417922973633	23.169984817504883
19.156723022460938	22.836423873901367
20.528047561645508	24.0555419921875
18.28292465209961	21.816617965698242
21.439786911010742	24.923105239868164
19.212265014648438	22.403287887573242
20.511072158813477	24.2158203125
16.74095916748047	22.046934127807617
18.62335205078125	22.748193740844727
19.215309143066406	23.23150634765625
18.36503028869629	21.97801971435547
18.21030044555664	21.93126678466797
19.16998863220215	22.363367080688477
17.586854934692383	20.366832733154297
18.910694122314453	22.653825759887695
18.491548538208008	21.5148868560791
18.966753005981445	22.172534942626953
20.469911575317383	23.96526336669922
18.895179748535156	22.383136749267578
18.113283157348633	21.3975830078125
18.07072639465332	21.419662475585938
18.338542938232422	21.905153274536133
19.746349334716797	23.215370178222656
18.97574806213379	22.305749893188477
18.265962600708008	21.98122787475586
19.192276000976562	22.79358673095703
19.516220092773438	22.784353256225586
19.01898956298828	21.926721572875977
17.833221435546875	20.418859481811523
18.624248504638672	21.985979080200195
18.667190551757812	21.390512466430664
18.4971923828125	22.155838012695312
17.66974639892578	20.96185874938965
18.149765014648438	21.65644073486328
18.057634353637695	21.120729446411133
17.993553161621094	21.490676879882812
18.592580795288086	21.991514205932617
18.655109405517578	22.412755966186523
18.898571014404297	22.280288696289062
18.284894943237305	21.023090362548828
19.137371063232422	22.737594604492188
17.583812713623047	20.316373825073242
18.211084365844727	21.431455612182617
19.294836044311523	22.525775909423828
19.224956512451172	22.508350372314453
18.588109970092773	21.733400344848633
18.42798614501953	21.652013778686523
20.481853485107422	23.865215301513672
20.918535232543945	24.709999084472656
18.838211059570312	22.51763916015625
19.36288070678711	23.117372512817383
17.737104415893555	21.014413833618164
19.339946746826172	22.762042999267578
18.84355926513672	22.310142517089844
18.91288948059082	21.870920181274414
19.258819580078125	22.71495819091797
21.216394424438477	25.150920867919922
18.400224685668945	21.77271270751953
19.65970802307129	22.81757164001465
19.109785079956055	23.1971492767334
19.961315155029297	24.11038589477539
18.734752655029297	22.181764602661133
17.9392147064209	20.886558532714844
20.620630264282227	23.624486923217773
17.791366577148438	21.279827117919922
20.042434692382812	23.938087463378906
19.083023071289062	22.305614471435547
19.84093475341797	23.662431716918945
18.875232696533203	22.388776779174805
18.3571720123291	21.756732940673828
18.453126907348633	21.735464096069336
18.088924407958984	21.33576202392578
18.08112144470215	21.40768051147461
18.40021514892578	21.517698287963867
17.993209838867188	21.605924606323242
18.32623863220215	21.698118209838867
18.725486755371094	22.746807098388672
19.795276641845703	23.568805694580078
19.750303268432617	24.062475204467773
17.32329750061035	20.064672470092773
20.06629753112793	23.240385055541992
19.5720157623291	23.543109893798828
19.872573852539062	24.085962295532227
17.00670051574707	21.709321975708008
19.526140213012695	23.054401397705078
18.759593963623047	21.62276840209961
18.41631507873535	21.87200355529785
19.673913955688477	22.8137264251709
18.592065811157227	22.405302047729492
20.790987014770508	25.059738159179688
0.0	0.0
20.174776077270508	23.864402770996094
18.271467208862305	21.391000747680664
18.773984909057617	22.53036117553711
18.173683166503906	21.581911087036133
18.70633316040039	22.049610137939453
17.305089950561523	21.956727981567383
18.815706253051758	22.385696411132812
17.866424560546875	21.26241683959961
17.719547271728516	21.327234268188477
18.118635177612305	23.222532272338867
17.596582412719727	21.131196975708008
19.002138137817383	22.043296813964844
17.807497024536133	21.728004455566406
17.32798194885254	22.596643447875977
18.633209228515625	21.569721221923828
18.88660430908203	22.542400360107422
19.848581314086914	23.581613540649414
17.763404846191406	22.304773330688477
19.58295249938965	23.26116180419922
16.855262756347656	22.862407684326172
17.4654598236084	20.992286682128906
18.945228576660156	22.52145004272461
17.734495162963867	21.478796005249023
19.4248104095459	22.669801712036133
18.26956558227539	21.978593826293945
17.457918167114258	21.139785766601562
20.299528121948242	23.795564651489258
17.3623104095459	19.88153648376465
18.37299919128418	22.224346160888672
0.0	0.0
17.850608825683594	22.183568954467773
20.066246032714844	23.728395462036133
18.7933292388916	22.126903533935547
20.197202682495117	23.957338333129883
18.45693588256836	22.81299591064453
20.037586212158203	23.507518768310547
20.4367618560791	24.325902938842773
20.94300079345703	25.01877212524414
18.5864315032959	22.12561798095703
19.688535690307617	22.90552520751953
18.854223251342773	22.573894500732422
18.109094619750977	22.02481460571289
18.295747756958008	22.041635513305664
17.767820358276367	21.435033798217773
18.654874801635742	22.320253372192383
20.269535064697266	24.140382766723633
20.353168487548828	24.310068130493164
19.839269638061523	23.50396156311035
19.573867797851562	23.5135555267334
20.19084930419922	24.34052085876465
20.43009376525879	24.446561813354492
20.449525833129883	23.824295043945312
17.768531799316406	20.423616409301758
20.60242462158203	24.062084197998047
18.462942123413086	21.302499771118164
17.71096420288086	18.79705047607422
20.03921890258789	23.908729553222656
17.658294677734375	20.6366024017334
18.029945373535156	21.45301055908203
20.235763549804688	23.46518325805664
17.600921630859375	19.258913040161133
18.447357177734375	22.252487182617188
19.97918701171875	23.477880477905273
18.194456100463867	21.558612823486328
19.290346145629883	23.42874526977539
18.760211944580078	22.458803176879883
18.832414627075195	21.838041305541992
20.68419647216797	23.89914321899414
18.881223678588867	22.882299423217773
17.56809425354004	20.594566345214844
19.87579917907715	23.772859573364258
18.46538543701172	22.257638931274414
17.83501625061035	21.465147018432617
18.452526092529297	22.052234649658203
19.186506271362305	23.036945343017578
18.846817016601562	22.132863998413086
19.17791175842285	21.60976791381836
17.95608901977539	20.861167907714844
18.887083053588867	22.476346969604492
17.610679626464844	20.467689514160156
21.006189346313477	24.367164611816406
18.683298110961914	22.0218563079834
17.69812774658203	20.874845504760742
19.64935302734375	22.607358932495117
17.70987892150879	20.660072326660156
18.097238540649414	21.467782974243164
18.176971435546875	21.959192276000977
19.177082061767578	22.72397232055664
17.98409652709961	20.918485641479492
19.45538902282715	22.927396774291992
19.16676902770996	23.722827911376953
17.661943435668945	21.005361557006836
18.348159790039062	21.917692184448242
18.786651611328125	22.086830139160156
17.519432067871094	21.114057540893555
20.258628845214844	24.160741806030273
20.76184844970703	24.485301971435547
19.54815101623535	22.995752334594727
21.458036422729492	24.749555587768555
19.100439071655273	22.774580001831055
19.12746810913086	23.36052703857422
17.789234161376953	22.942529678344727
17.495656967163086	19.423622131347656
18.528148651123047	21.811840057373047
18.187501907348633	21.486600875854492
20.072172164916992	23.998750686645508
18.500396728515625	21.77733612060547
17.77783966064453	20.858558654785156
18.973403930664062	22.343921661376953
18.51651954650879	22.536605834960938
19.31093978881836	23.946863174438477
17.729246139526367	21.133773803710938
17.685388565063477	20.256282806396484
21.851306915283203	24.59380531311035
21.72519302368164	25.287399291992188
21.137649536132812	25.873830795288086
21.233823776245117	25.895702362060547
21.108369827270508	24.697465896606445
21.671266555786133	25.141176223754883
23.332740783691406	26.834325790405273
22.383045196533203	27.085498809814453
21.599241256713867	25.31149673461914
22.629430770874023	26.250255584716797
21.944622039794922	25.025239944458008
22.115888595581055	25.564098358154297
22.197511672973633	25.30142593383789
21.05086898803711	24.582176208496094
21.630578994750977	25.270658493041992
22.51382064819336	27.14087677001953
21.91916275024414	26.77252769470215
22.17736053466797	26.178922653198242
19.691207885742188	23.785551071166992
22.637826919555664	25.90801429748535
17.341197967529297	21.999940872192383
19.771360397338867	23.75005340576172
20.501483917236328	24.710033416748047
22.426620483398438	25.995962142944336
22.15123748779297	25.556684494018555
20.78015899658203	23.89504623413086
23.617769241333008	27.203367233276367
22.910816192626953	26.242511749267578
20.7844295501709	24.196735382080078
24.02545738220215	27.681865692138672
22.677881240844727	27.242725372314453
21.805335998535156	25.28778839111328
22.867691040039062	26.703369140625
22.305191040039062	25.423686981201172
21.86847686767578	25.714828491210938
18.786401748657227	22.596036911010742
23.3913516998291	26.775283813476562
20.055265426635742	23.75579261779785
22.239473342895508	25.375934600830078
22.93438148498535	26.599998474121094
22.753429412841797	26.582843780517578
21.248964309692383	24.533369064331055
22.01947021484375	25.817686080932617
20.412731170654297	24.931154251098633
18.489316940307617	22.652315139770508
21.369558334350586	24.52033042907715
22.410398483276367	26.385332107543945
21.502151489257812	24.612829208374023
23.2733154296875	27.447755813598633
22.783479690551758	27.6697998046875
22.982431411743164	26.42508316040039
22.869653701782227	26.568689346313477
23.651681900024414	27.428190231323242
20.92788314819336	24.918554306030273
23.70147132873535	27.26373291015625
21.890172958374023	26.141992568969727
19.33685302734375	23.604656219482422
21.406566619873047	24.85247230529785
22.376300811767578	26.314943313598633
20.96389389038086	24.52816390991211
21.08950424194336	24.729934692382812
23.12767791748047	26.991445541381836
20.40447235107422	23.610654830932617
21.498010635375977	25.345090866088867
21.964012145996094	26.098859786987305
23.023231506347656	26.93182945251465
22.302658081054688	26.485200881958008
23.159748077392578	27.1091365814209
23.405231475830078	27.091751098632812
22.99639892578125	27.16236114501953
23.313501358032227	26.9912166595459
21.6909236907959	28.433673858642578
24.747148513793945	29.110214233398438
21.301685333251953	24.92401695251465
25.207984924316406	28.860715866088867
23.492231369018555	27.245777130126953
21.27685546875	25.799776077270508
22.215980529785156	26.611064910888672
21.791109085083008	26.11505889892578
21.22311019897461	25.648696899414062
22.820720672607422	26.498090744018555
22.257688522338867	25.863780975341797
22.452871322631836	26.826251983642578
20.527009963989258	24.6883487701416
22.418701171875	25.77324676513672
22.336074829101562	25.918771743774414
21.956336975097656	25.643339157104492
22.308794021606445	26.522388458251953
23.937299728393555	27.469655990600586
21.979562759399414	25.689929962158203
24.2749080657959	27.716449737548828
25.328161239624023	29.572433471679688
22.51211929321289	26.2001953125
23.299659729003906	27.89017105102539
20.976560592651367	24.5909481048584
21.83258056640625	26.141752243041992
22.711549758911133	26.85968017578125
20.958324432373047	25.06104278564453
22.40621566772461	26.547321319580078
21.646163940429688	27.79144287109375
22.384401321411133	26.722566604614258
0.0	0.0
23.69626235961914	27.776782989501953
22.90252113342285	26.556480407714844
21.322446823120117	26.545785903930664
23.597654342651367	27.404600143432617
22.085596084594727	26.66231918334961
23.142568588256836	26.827070236206055
20.960243225097656	25.03902816772461
20.005373001098633	23.557966232299805
20.081707000732422	23.889108657836914
21.622774124145508	26.14013671875
21.682477951049805	25.644224166870117
22.290224075317383	26.519380569458008
23.264808654785156	27.880640029907227
21.906147003173828	25.719980239868164
20.301042556762695	24.555448532104492
21.917587280273438	25.498567581176758
22.785757064819336	26.53189468383789
0.0	0.0
24.071430206298828	28.988290786743164
22.123201370239258	26.001665115356445
23.245040893554688	26.835187911987305
24.229843139648438	28.194257736206055
17.55864715576172	19.17046546936035
17.777368545532227	18.729310989379883
23.28791046142578	27.705127716064453
22.087186813354492	26.205652236938477
18.135622024536133	22.173389434814453
17.61163330078125	19.153369903564453
21.770967483520508	25.085268020629883
20.717018127441406	23.97718048095703
21.179109573364258	24.871597290039062
22.042339324951172	24.957786560058594
22.890296936035156	26.65239715576172
22.77495574951172	27.103778839111328
22.504859924316406	26.616426467895508
18.8425350189209	22.32516860961914
22.7965087890625	27.437091827392578
17.42864227294922	20.444984436035156
19.567893981933594	23.374242782592773
20.25812530517578	23.988513946533203
22.743947982788086	27.661760330200195
21.583728790283203	25.823484420776367
20.941797256469727	24.88683319091797
18.26699447631836	22.294038772583008
20.134567260742188	24.906435012817383
20.871896743774414	26.200817108154297
20.570703506469727	24.619897842407227
20.408761978149414	24.691015243530273
22.28909683227539	26.321943283081055
19.291671752929688	23.166006088256836
22.165491104125977	25.801494598388672
21.607019424438477	25.571533203125
22.32916831970215	26.785017013549805
22.396522521972656	26.186464309692383
21.126842498779297	25.063966751098633
21.78118896484375	25.258710861206055
22.897968292236328	26.3238582611084
17.84467315673828	21.12796401977539
22.08612823486328	25.855697631835938
22.883634567260742	26.352462768554688
19.793121337890625	23.48471450805664
21.523109436035156	25.536638259887695
20.989246368408203	24.703140258789062
17.649076461791992	19.016712188720703
19.915393829345703	24.112878799438477
20.480670928955078	24.570634841918945
22.192703247070312	25.699193954467773
21.249235153198242	24.7761287689209
21.209453582763672	24.827255249023438
22.90310287475586	26.47185516357422
22.35677719116211	26.710094451904297
21.302854537963867	24.41073226928711
20.56622886657715	24.8880672454834
22.787073135375977	26.242341995239258
17.523466110229492	19.907068252563477
21.032804489135742	24.888383865356445
0.0	0.0
18.09426498413086	21.512645721435547
17.523096084594727	20.783517837524414
23.888626098632812	27.401308059692383
23.459882736206055	26.798805236816406
17.56886100769043	19.055862426757812
17.724882125854492	21.361921310424805
17.4630069732666	20.0388126373291
22.12912368774414	26.159822463989258
24.758703231811523	28.411888122558594
18.647918701171875	22.25555419921875
18.212200164794922	22.599092483520508
17.630495071411133	20.875246047973633
22.533218383789062	26.534099578857422
20.722148895263672	25.954946517944336
24.179519653320312	27.577085494995117
26.181306838989258	29.236745834350586
22.11712646484375	25.31528091430664
22.168712615966797	25.658344268798828
19.582822799682617	23.334043502807617
24.650041580200195	28.161428451538086
25.453073501586914	29.606000900268555
18.885250091552734	22.343544006347656
21.84231185913086	25.225942611694336
25.821107864379883	29.594470977783203
25.200937271118164	28.529115676879883
22.85285186767578	26.17059898376465
23.72800064086914	27.603317260742188
24.352785110473633	28.150833129882812
22.61679458618164	26.45372772216797
20.580310821533203	24.949607849121094
23.363916397094727	27.156972885131836
24.543014526367188	29.06509780883789
22.87848472595215	26.859375
23.09650230407715	27.107484817504883
22.79302406311035	26.37708282470703
17.36333465576172	21.072402954101562
23.380661010742188	27.667665481567383
23.587068557739258	27.656108856201172
19.31481170654297	23.84677505493164
21.736940383911133	25.372547149658203
25.153661727905273	29.011953353881836
21.17129898071289	25.77871322631836
21.911884307861328	25.83291244506836
19.747093200683594	23.521163940429688
24.677322387695312	28.64350128173828
24.16305160522461	27.59033966064453
23.258554458618164	27.009672164916992
21.661001205444336	24.3111572265625
21.551912307739258	24.5131778717041
20.925460815429688	25.052173614501953
20.536996841430664	25.939573287963867
22.790910720825195	26.462072372436523
23.067060470581055	27.124988555908203
18.89117431640625	24.478469848632812
22.578384399414062	25.851835250854492
22.394479751586914	26.240976333618164
17.428924560546875	19.93953514099121
21.53667640686035	26.64345932006836
21.332284927368164	25.093948364257812
17.909399032592773	20.74710464477539
20.151142120361328	23.44794273376465
19.7222957611084	23.518295288085938
22.584482192993164	26.31045150756836
22.015478134155273	25.71091079711914
26.28664779663086	29.880144119262695
23.345998764038086	26.998193740844727
21.746715545654297	26.105762481689453
24.76443862915039	28.59955406188965
23.733701705932617	27.94833755493164
24.564287185668945	28.600141525268555
24.383607864379883	28.504749298095703
23.089881896972656	26.7742862701416
21.650279998779297	25.408376693725586
25.286195755004883	29.301912307739258
25.13351058959961	28.062488555908203
25.642499923706055	29.99579429626465
25.277292251586914	29.6457462310791
18.356321334838867	21.703407287597656
17.92626190185547	20.989194869995117
17.562572479248047	19.30493927001953
17.756134033203125	21.424726486206055
17.683565139770508	20.76569366455078
18.204565048217773	21.621183395385742
18.064842224121094	21.737497329711914
19.015684127807617	22.61734390258789
16.274396896362305	21.90573501586914
17.545944213867188	20.48088836669922
17.541528701782227	19.8250789642334
17.544445037841797	19.948665618896484
17.753015518188477	20.7474365234375
18.2979793548584	21.866472244262695
17.571014404296875	19.340045928955078
17.524333953857422	19.318113327026367
17.632816314697266	20.542123794555664
17.569908142089844	19.500200271606445
18.529743194580078	21.434043884277344
17.441696166992188	20.097755432128906
17.472976684570312	20.009103775024414
17.422151565551758	19.963712692260742
17.57948112487793	20.695302963256836
18.019777297973633	21.565786361694336
17.600242614746094	19.34662437438965
0.0	0.0
17.826902389526367	18.624086380004883
18.077606201171875	20.590715408325195
17.663225173950195	19.081907272338867
17.459985733032227	19.6452579498291
18.558311462402344	21.941749572753906
17.68471336364746	20.283689498901367
17.75806427001953	20.442705154418945
18.35120391845703	22.0391902923584
19.102983474731445	22.371814727783203
18.232013702392578	22.04489517211914
17.760221481323242	18.686532974243164
17.808317184448242	18.699670791625977
18.6451358795166	21.920656204223633
18.372840881347656	21.176658630371094
17.561359405517578	20.748926162719727
17.761638641357422	20.220325469970703
17.526382446289062	19.01667022705078
17.24307632446289	19.986669540405273
17.568166732788086	19.224088668823242
18.7062931060791	21.692214965820312
18.035175323486328	21.06385040283203
18.37543487548828	21.31170654296875
18.74842643737793	21.517087936401367
17.466733932495117	19.381200790405273
18.075382232666016	21.42382049560547
18.114347457885742	21.03400421142578
17.868431091308594	21.148263931274414
0.0	0.0
0.0	0.0
17.481985092163086	20.198156356811523
17.464271545410156	20.34295654296875
17.535808563232422	19.41370391845703
17.698427200317383	18.879255294799805
18.147851943969727	21.598159790039062
17.7352294921875	18.749422073364258
18.04602813720703	20.838598251342773
18.888154983520508	21.80615997314453
18.148651123046875	21.46999740600586
18.69188117980957	22.424945831298828
18.9406795501709	22.729021072387695
17.571945190429688	19.25825309753418
17.637346267700195	20.089839935302734
18.762426376342773	22.221921920776367
19.175411224365234	23.2338924407959
17.886682510375977	20.14198875427246
19.16497039794922	22.69866371154785
17.66039276123047	19.51239585876465
17.590513229370117	19.665979385375977
18.575103759765625	21.89078140258789
17.70163917541504	20.568927764892578
17.570497512817383	20.740880966186523
18.43653678894043	22.136384963989258
17.562297821044922	19.439014434814453
17.74410629272461	20.624372482299805
19.28963279724121	23.093652725219727
18.202043533325195	21.548877716064453
17.587787628173828	20.621549606323242
17.52520179748535	19.797208786010742
18.36673355102539	21.599952697753906
19.342763900756836	22.15078353881836
17.7292423248291	20.714887619018555
17.585554122924805	19.115402221679688
17.793556213378906	20.61418914794922
19.00278091430664	22.674379348754883
17.676780700683594	20.340280532836914
18.868637084960938	21.757667541503906
17.661762237548828	20.95355796813965
17.521596908569336	19.333415985107422
17.839885711669922	20.837106704711914
17.863994598388672	20.893949508666992
17.599519729614258	20.472835540771484
17.491493225097656	20.645265579223633
17.77845573425293	18.619600296020508
17.475948333740234	19.268110275268555
17.49665069580078	20.102575302124023
17.587562561035156	20.09008026123047
18.36900520324707	21.982189178466797
18.0413818359375	21.0775146484375
0.0	0.0
17.7419376373291	18.831127166748047
18.557079315185547	21.329137802124023
18.356664657592773	20.894075393676758
17.497539520263672	20.5961856842041
17.83366584777832	18.568971633911133
17.812925338745117	20.991342544555664
17.481857299804688	19.69142723083496
17.679712295532227	20.462129592895508
18.041736602783203	21.01284408569336
18.02669906616211	20.6416072845459
17.675071716308594	20.202524185180664
17.629810333251953	22.5832576751709
17.757768630981445	21.017498016357422
18.28376007080078	21.153636932373047
17.610746383666992	20.583127975463867
19.012216567993164	22.229633331298828
18.40751838684082	21.972200393676758
18.230762481689453	21.4022216796875
17.59615707397461	19.111379623413086
17.47088050842285	20.41044044494629
18.28458595275879	22.427942276000977
18.240951538085938	21.857501983642578
17.480144500732422	20.2664737701416
19.131927490234375	23.210355758666992
20.966753005981445	24.676923751831055
19.505645751953125	23.494178771972656
20.064617156982422	24.305089950561523
0.0	0.0
19.52496910095215	22.975309371948242
0.0	0.0
21.195972442626953	25.22429847717285
22.082956314086914	25.5235538482666
19.60451316833496	22.85500717163086
20.673419952392578	24.228036880493164
19.388141632080078	22.849252700805664
19.27678871154785	23.288368225097656
21.336591720581055	25.26498031616211
20.759754180908203	24.454906463623047
20.285856246948242	23.704870223999023
20.895580291748047	25.450820922851562
22.156862258911133	26.230398178100586
19.960752487182617	23.782838821411133
20.293519973754883	23.582033157348633
17.719650268554688	20.722654342651367
20.499649047851562	25.037004470825195
22.002479553222656	25.770858764648438
20.590322494506836	24.860973358154297
21.47900390625	24.72867202758789
22.51500701904297	26.442859649658203
18.622608184814453	22.210050582885742
0.0	0.0
20.38159942626953	24.247705459594727
22.75409698486328	26.069080352783203
20.484298706054688	24.734664916992188
21.234329223632812	24.584524154663086
20.82062530517578	24.596168518066406
20.818683624267578	24.825803756713867
22.52315902709961	26.416423797607422
18.656993865966797	23.385927200317383
19.672971725463867	23.322099685668945
18.92544174194336	22.847698211669922
21.119565963745117	24.575157165527344
21.228612899780273	25.351408004760742
21.458351135253906	25.354454040527344
19.963953018188477	23.7244930267334
20.679502487182617	24.233531951904297
19.842660903930664	24.375232696533203
19.654537200927734	23.863908767700195
20.920330047607422	24.93890953063965
17.916484832763672	22.360292434692383
21.432870864868164	24.479063034057617
19.50452423095703	23.691917419433594
18.783044815063477	23.018787384033203
21.666452407836914	25.432584762573242
21.1623477935791	24.80278968811035
20.59967803955078	24.14569664001465
19.44912338256836	23.022499084472656
19.948593139648438	23.28786849975586
19.165210723876953	23.22128677368164
19.56278419494629	23.746313095092773
21.806596755981445	24.953523635864258
20.89354705810547	24.715787887573242
19.527162551879883	22.761999130249023
17.422204971313477	19.991729736328125
19.46355438232422	22.560453414916992
21.078208923339844	24.685087203979492
18.798559188842773	23.317333221435547
19.784151077270508	24.193471908569336
20.072847366333008	23.917823791503906
21.811450958251953	24.74295425415039
21.4575252532959	24.82294273376465
21.874879837036133	25.325990676879883
18.85125732421875	22.26388931274414
21.60346221923828	24.84671401977539
22.838729858398438	27.425596237182617
22.00796127319336	25.080026626586914
20.151796340942383	22.974428176879883
19.48470115661621	23.457679748535156
22.393169403076172	25.984996795654297
20.671621322631836	24.158714294433594
23.372207641601562	27.548816680908203
21.47657012939453	24.769702911376953
22.061586380004883	25.493812561035156
19.287025451660156	23.34178924560547
20.12010955810547	24.62140464782715
19.78668975830078	23.800233840942383
22.491348266601562	27.80002212524414
21.01419448852539	24.572402954101562
20.70220947265625	24.562105178833008
21.792203903198242	25.776538848876953
21.067829132080078	25.942340850830078
20.45573616027832	24.04405975341797
20.508588790893555	24.293184280395508
20.357685089111328	23.5830135345459
22.457979202270508	26.49783706665039
21.892335891723633	26.662424087524414
22.048873901367188	25.533775329589844
20.038379669189453	23.750925064086914
21.542804718017578	25.52471160888672
22.040870666503906	25.77457046508789
21.07672882080078	24.820091247558594
20.644062042236328	24.020957946777344
20.667043685913086	24.299476623535156
22.89643096923828	26.334064483642578
20.797697067260742	24.473857879638672
21.839574813842773	26.412878036499023
20.76116371154785	24.552143096923828
21.856618881225586	26.088275909423828
19.772117614746094	23.10614776611328
21.733379364013672	25.553117752075195
21.87973403930664	25.264692306518555
19.964780807495117	24.261974334716797
19.402502059936523	22.772520065307617
20.15741729736328	24.36459732055664
21.362831115722656	25.7054443359375
20.689254760742188	24.41960906982422
19.776119232177734	23.889925003051758
21.728525161743164	25.68700408935547
21.658079147338867	25.508525848388672
21.047470092773438	24.620126724243164
20.223281860351562	23.961347579956055
21.115642547607422	24.532264709472656
21.72234344482422	25.589990615844727
20.33858871459961	24.892240524291992
21.71686363220215	25.532785415649414
21.37744903564453	25.460268020629883
20.657312393188477	24.396137237548828
19.878028869628906	24.415884017944336
20.737337112426758	24.84101104736328
21.506481170654297	24.951181411743164
22.247713088989258	26.580705642700195
18.027647018432617	20.976041793823242
20.7656307220459	24.057945251464844
19.5845890045166	23.233983993530273
18.781883239746094	23.567323684692383
20.78670883178711	24.117456436157227
19.188549041748047	22.667348861694336
17.67551040649414	20.572107315063477
19.665307998657227	23.20437240600586
19.002164840698242	22.539094924926758
20.379722595214844	23.938304901123047
18.698579788208008	22.176410675048828
19.222354888916016	22.394001007080078
18.896913528442383	22.133623123168945
19.390968322753906	22.7502384185791
18.538185119628906	22.834543228149414
20.265443801879883	23.683271408081055
18.147411346435547	21.533113479614258
19.111204147338867	22.811141967773438
17.410276412963867	19.660789489746094
17.65969467163086	21.054746627807617
19.583358764648438	23.799959182739258
17.43095588684082	20.00111198425293
17.480880737304688	20.761186599731445
17.527124404907227	19.7589168548584
18.89128303527832	22.237472534179688
18.55269432067871	22.13378143310547
18.93235969543457	22.90054702758789
17.889524459838867	20.92139434814453
18.73617172241211	22.618864059448242
19.26364517211914	22.63253402709961
17.522886276245117	20.935747146606445
18.090513229370117	21.430130004882812
17.851045608520508	20.842966079711914
18.195659637451172	21.502103805541992
17.95281982421875	21.08230972290039
17.735143661499023	21.368942260742188
19.169288635253906	23.018081665039062
17.43500328063965	20.05243492126465
18.571142196655273	21.491981506347656
17.910917282104492	20.91655921936035
17.603633880615234	20.557697296142578
17.506772994995117	19.93429183959961
18.008968353271484	21.15108871459961
18.241493225097656	21.325336456298828
17.95107650756836	22.06048583984375
17.457733154296875	20.346357345581055
19.596210479736328	23.189193725585938
17.73505401611328	21.129610061645508
17.7131290435791	18.913969039916992
0.0	0.0
18.65413475036621	22.210302352905273
19.253055572509766	22.17375946044922
19.563573837280273	23.122373580932617
17.902498245239258	21.061967849731445
19.218379974365234	23.13359832763672
18.511566162109375	21.98421859741211
18.394174575805664	21.662857055664062
20.658864974975586	24.63973617553711
18.961036682128906	22.643505096435547
17.470834732055664	20.051054000854492
18.696796417236328	21.89043426513672
18.279712677001953	21.43640899658203
17.50687599182129	19.658632278442383
17.408245086669922	19.95038604736328
20.223461151123047	23.613265991210938
19.25807762145996	22.69052505493164
18.601768493652344	22.0052547454834
19.913349151611328	23.958711624145508
20.296667098999023	24.07684326171875
19.158763885498047	23.199935913085938
19.190338134765625	22.352794647216797
19.688005447387695	23.007841110229492
18.171600341796875	21.304121017456055
18.775882720947266	22.628437042236328
18.655303955078125	22.187265396118164
18.677520751953125	22.54351234436035
19.178207397460938	21.8618221282959
19.40028190612793	22.660276412963867
20.452281951904297	24.391752243041992
19.136659622192383	23.43474769592285
21.470067977905273	25.632192611694336
18.412883758544922	22.022180557250977
20.469242095947266	23.96295166015625
18.717138290405273	22.277023315429688
18.821805953979492	21.949209213256836
19.236814498901367	22.531557083129883
18.368026733398438	21.907245635986328
18.025497436523438	21.159780502319336
19.9906063079834	23.40142250061035
18.181711196899414	21.174365997314453
19.127979278564453	22.080961227416992
18.79781150817871	22.078184127807617
17.59873390197754	20.619958877563477
18.582843780517578	22.55386734008789
19.884498596191406	23.232154846191406
18.988000869750977	22.339431762695312
18.077804565429688	21.508066177368164
18.033288955688477	20.92831802368164
18.61422348022461	22.130964279174805
18.000036239624023	20.820354461669922
19.673582077026367	23.503454208374023
18.900653839111328	23.097341537475586
18.720163345336914	22.582469940185547
18.274133682250977	21.75875473022461
17.588228225708008	19.072839736938477
19.26439094543457	22.537216186523438
18.468992233276367	21.97246551513672
18.354326248168945	21.643627166748047
17.338993072509766	19.630046844482422
18.060091018676758	21.940340042114258
18.416946411132812	21.900903701782227
17.707725524902344	20.920665740966797
18.15180778503418	22.223644256591797
18.38429069519043	21.904054641723633
18.888385772705078	22.050853729248047
17.507293701171875	19.498886108398438
19.357101440429688	23.141246795654297
19.683635711669922	22.800580978393555
18.808881759643555	23.222707748413086
19.159080505371094	23.246807098388672
19.303783416748047	23.532739639282227
18.447031021118164	21.572223663330078
17.905168533325195	21.130369186401367
19.202638626098633	22.096424102783203
19.804750442504883	23.128883361816406
18.648191452026367	21.887258529663086
20.188907623291016	24.420534133911133
20.120664596557617	23.662782669067383
18.478113174438477	22.236377716064453
17.697111129760742	20.417400360107422
18.051307678222656	21.066265106201172
18.764820098876953	22.454011917114258
18.2910099029541	21.350557327270508
17.8356990814209	20.480003356933594
18.192235946655273	20.942615509033203
18.58465003967285	21.976530075073242
19.518165588378906	22.512775421142578
19.323122024536133	22.76203155517578
19.191774368286133	22.678831100463867
18.383275985717773	21.734235763549805
17.873783111572266	21.0870418548584
18.231792449951172	21.310325622558594
19.40222930908203	22.750329971313477
18.39032745361328	22.14828872680664
18.332927703857422	21.69330406188965
19.250032424926758	22.724285125732422
17.612281799316406	20.278173446655273
19.77228355407715	22.4936466217041
18.158668518066406	21.498027801513672
19.50052261352539	23.01907730102539
18.884153366088867	22.237354278564453
17.645816802978516	20.197851181030273
19.821083068847656	22.941503524780273
18.184200286865234	21.198205947875977
18.496728897094727	21.473352432250977
18.505416870117188	21.715543746948242
18.89251136779785	22.57357406616211
18.646142959594727	22.10064697265625
18.02257537841797	21.700117111206055
18.631256103515625	22.180503845214844
18.069490432739258	21.111255645751953
17.510438919067383	20.037206649780273
18.04564094543457	21.062238693237305
17.62939453125	18.759971618652344
18.874067306518555	22.370248794555664
18.235828399658203	21.839929580688477
18.853605270385742	21.672956466674805
17.841533660888672	20.418996810913086
18.639432907104492	21.179237365722656
18.619796752929688	22.371477127075195
20.076725006103516	23.21377944946289
17.9180965423584	21.44365882873535
19.664676666259766	23.558637619018555
17.32914161682129	20.02152442932129
19.258155822753906	22.74920654296875
18.346498489379883	21.448314666748047
17.57330322265625	21.293455123901367
18.24846649169922	21.487215042114258
17.643592834472656	20.4646053314209
19.297731399536133	22.802885055541992
20.155771255493164	23.615026473999023
18.571229934692383	21.290199279785156
19.008167266845703	22.203353881835938
18.748653411865234	22.620647430419922
19.149559020996094	23.035306930541992
18.62171745300293	22.070781707763672
19.610797882080078	22.729995727539062
19.321491241455078	22.178760528564453
17.488481521606445	19.84087562561035
19.799375534057617	22.897659301757812
17.667457580566406	18.904342651367188
17.603294372558594	21.140256881713867
22.591352462768555	26.123577117919922
20.75228500366211	24.409812927246094
21.663114547729492	25.308332443237305
20.41783905029297	23.472881317138672
20.003223419189453	23.91107940673828
20.158950805664062	24.046001434326172
20.900453567504883	24.46094512939453
19.352256774902344	24.017885208129883
20.347736358642578	23.701980590820312
19.584850311279297	22.899341583251953
21.03204345703125	24.58954429626465
20.535371780395508	23.947397232055664
21.910654067993164	25.05691909790039
19.564861297607422	23.63399887084961
20.13016700744629	24.17477798461914
17.964143753051758	21.42733383178711
20.548107147216797	24.371864318847656
18.361371994018555	21.98956298828125
19.61980438232422	23.864824295043945
19.913602828979492	24.218006134033203
20.194076538085938	23.332717895507812
19.348146438598633	23.19845199584961
20.10062599182129	23.274038314819336
19.42523193359375	22.637310028076172
20.07756805419922	23.18471908569336
20.18547821044922	23.459383010864258
21.758167266845703	25.237197875976562
19.078323364257812	23.271059036254883
19.214746475219727	22.7270450592041
19.08039093017578	23.48796844482422
19.75116729736328	22.845458984375
20.439422607421875	24.187824249267578
22.13521957397461	25.370771408081055
22.134443283081055	25.45119857788086
20.264816284179688	23.658998489379883
20.654895782470703	24.166580200195312
19.915008544921875	24.189088821411133
19.989107131958008	23.83864974975586
20.877901077270508	25.016517639160156
21.495729446411133	24.972412109375
19.111099243164062	23.04001235961914
21.29161834716797	24.632761001586914
18.895801544189453	22.53314208984375
20.88410186767578	24.375865936279297
20.12470245361328	23.955577850341797
19.379192352294922	23.050182342529297
20.216888427734375	23.877174377441406
18.85102653503418	22.459959030151367
20.149032592773438	24.071361541748047
19.561738967895508	23.2392635345459
18.7560977935791	23.2199764251709
20.155424118041992	24.354684829711914
19.6727237701416	23.720626831054688
19.836170196533203	23.631399154663086
21.41472816467285	24.81555938720703
19.425579071044922	22.80768585205078
20.338714599609375	23.872661590576172
19.838624954223633	23.107744216918945
19.133573532104492	22.173803329467773
20.940235137939453	24.1208553314209
18.961685180664062	21.935707092285156
21.685049057006836	24.93182373046875
19.143468856811523	23.198972702026367
20.481582641601562	23.89224624633789
25.451126098632812	29.283226013183594
25.886598587036133	29.8994083404541
24.8250675201416	28.770978927612305
26.264385223388672	30.71428871154785
24.950302124023438	29.075746536254883
24.840375900268555	28.406360626220703
23.755613327026367	27.343687057495117
27.514799118041992	30.669580459594727
23.255126953125	27.127641677856445
24.0824031829834	28.13062286376953
26.150634765625	29.731914520263672
23.262371063232422	27.086057662963867
24.885881423950195	28.721107482910156
24.757719039916992	28.772436141967773
25.436330795288086	29.295316696166992
18.824495315551758	22.77298355102539
28.796249389648438	33.392478942871094
24.86408042907715	28.60723114013672
26.777265548706055	30.69321060180664
25.469118118286133	29.188068389892578
24.539836883544922	29.284154891967773
25.526103973388672	29.066749572753906
25.099565505981445	29.47174072265625
24.730205535888672	28.579313278198242
25.7658748626709	30.007051467895508
26.853551864624023	31.185720443725586
24.530132293701172	27.971899032592773
26.369909286499023	30.837512969970703
26.328767776489258	31.432279586791992
24.739395141601562	28.838151931762695
26.031885147094727	30.619714736938477
25.196653366088867	29.145030975341797
26.828594207763672	30.974401473999023
25.0008602142334	28.125185012817383
25.268651962280273	29.1228084564209
26.120088577270508	30.747835159301758
25.28339195251465	29.721847534179688
26.912792205810547	31.303041458129883
25.307435989379883	28.762470245361328
27.88357162475586	32.0121955871582
27.126296997070312	31.306894302368164
25.900678634643555	30.10100746154785
26.56588363647461	30.28504180908203
25.595834732055664	29.399415969848633
25.305248260498047	29.321090698242188
24.719955444335938	28.033550262451172
26.883678436279297	31.003917694091797
27.006389617919922	31.151866912841797
28.14514923095703	33.311031341552734
27.291587829589844	31.180313110351562
23.905902862548828	27.526674270629883
25.765127182006836	29.720399856567383
26.913904190063477	30.9235897064209
26.297164916992188	30.282087326049805
25.297895431518555	29.784435272216797
26.134782791137695	30.80389404296875
26.62789535522461	31.274158477783203
25.305465698242188	29.308940887451172
26.870832443237305	31.016319274902344
25.547788619995117	30.237382888793945
26.048362731933594	30.396682739257812
24.277799606323242	28.223735809326172
26.18401527404785	30.091615676879883
26.779054641723633	30.690279006958008
21.12862777709961	26.988330841064453
28.463102340698242	31.983659744262695
24.90123748779297	29.1151065826416
27.234596252441406	31.293113708496094
25.696550369262695	30.020322799682617
25.889175415039062	30.6375675201416
26.912389755249023	30.392427444458008
24.93990707397461	29.649805068969727
26.869606018066406	30.829729080200195
24.822912216186523	29.497282028198242
21.28451156616211	26.10907554626465
23.406597137451172	27.98138427734375
27.940832138061523	31.810108184814453
24.990478515625	29.340181350708008
25.713075637817383	28.62024688720703
23.861486434936523	28.781782150268555
17.280927658081055	21.822206497192383
22.93319320678711	27.765169143676758
23.284730911254883	28.61882781982422
21.352449417114258	27.819753646850586
21.46717071533203	25.43362808227539
26.077470779418945	30.13861846923828
22.215744018554688	26.49852752685547
22.58856773376465	27.04339599609375
25.533470153808594	29.449729919433594
22.673707962036133	27.414356231689453
23.48126220703125	27.596263885498047
26.4383602142334	30.40973472595215
24.473434448242188	29.0440731048584
24.355918884277344	28.829221725463867
22.92365264892578	27.472667694091797
25.277063369750977	28.98003387451172
22.810361862182617	27.076377868652344
23.703691482543945	28.02001190185547
23.901853561401367	27.987716674804688
26.585948944091797	30.672870635986328
25.211435317993164	29.42145347595215
23.107986450195312	28.049692153930664
23.0533447265625	27.763471603393555
24.214975357055664	28.50824737548828
25.165512084960938	29.788354873657227
22.362594604492188	26.442115783691406
24.149917602539062	27.90772247314453
27.61508560180664	31.648670196533203
22.830673217773438	28.162355422973633
22.658967971801758	26.059581756591797
24.407773971557617	28.41065216064453
27.20427894592285	31.1691837310791
17.759830474853516	18.762195587158203
24.735734939575195	28.626428604125977
26.30950355529785	30.19384765625
26.390714645385742	29.999601364135742
23.6868953704834	28.609725952148438
25.8806209564209	29.925870895385742
27.413145065307617	31.292016983032227
22.698070526123047	27.953611373901367
25.164718627929688	29.860506057739258
26.4957275390625	30.01708984375
25.212486267089844	30.662607192993164
27.47376251220703	31.418296813964844
21.927932739257812	25.934589385986328
27.5422306060791	31.005508422851562
26.430498123168945	30.678813934326172
20.248519897460938	24.83013343811035
18.480995178222656	23.080589294433594
25.990537643432617	29.984664916992188
24.832508087158203	29.144268035888672
20.027442932128906	24.494949340820312
26.270837783813477	29.763500213623047
27.321016311645508	32.077877044677734
26.802318572998047	30.448204040527344
25.4637508392334	30.486522674560547
26.071496963500977	30.42449951171875
25.257028579711914	29.577678680419922
23.40542984008789	27.187427520751953
25.015321731567383	28.99187469482422
25.909250259399414	30.00518226623535
26.084627151489258	30.083189010620117
19.548179626464844	24.140640258789062
26.524030685424805	30.20714569091797
22.781343460083008	26.1009521484375
25.924650192260742	29.951597213745117
23.87799644470215	28.21288299560547
26.737415313720703	30.447912216186523
25.5253963470459	30.544532775878906
25.88143539428711	29.70831871032715
25.427465438842773	29.890092849731445
26.08612632751465	30.267498016357422
23.209087371826172	26.417625427246094
26.606529235839844	31.1910343170166
24.507038116455078	28.07742691040039
25.816221237182617	30.336149215698242
25.208175659179688	30.06716537475586
27.0223331451416	30.9588565826416
25.758136749267578	30.707469940185547
25.76831817626953	29.80640411376953
25.571544647216797	28.987573623657227
26.207534790039062	30.554250717163086
25.822694778442383	29.740257263183594
26.375110626220703	30.5881404876709
25.439912796020508	29.27611541748047
24.721881866455078	28.7076358795166
26.346240997314453	30.079721450805664
25.097227096557617	29.59014320373535
25.21477508544922	29.256242752075195
26.771961212158203	30.505102157592773
25.332435607910156	29.315980911254883
25.351842880249023	30.207738876342773
25.345582962036133	29.964706420898438
23.0919246673584	26.774282455444336
23.450725555419922	27.912033081054688
26.98339080810547	30.676740646362305
25.409360885620117	29.222026824951172
26.17901039123535	30.943269729614258
24.669885635375977	28.65349769592285
23.69458770751953	27.678730010986328
24.0689640045166	29.303089141845703
26.363889694213867	30.820606231689453
25.353330612182617	29.077924728393555
25.748205184936523	30.552967071533203
26.387937545776367	30.287158966064453
23.055574417114258	27.0321044921875
23.521669387817383	27.548627853393555
26.186426162719727	30.3653621673584
24.04083251953125	28.012636184692383
25.683996200561523	29.178308486938477
23.94122886657715	27.52203941345215
25.609834671020508	29.978984832763672
24.657140731811523	28.418289184570312
25.6220703125	29.055444717407227
25.8577880859375	29.707372665405273
26.29705810546875	30.060989379882812
25.723115921020508	28.664138793945312
26.465564727783203	29.74120330810547
25.656217575073242	29.649736404418945
26.713544845581055	30.367589950561523
26.76385498046875	31.04608917236328
24.306596755981445	27.74264144897461
23.0738582611084	26.697185516357422
25.19042205810547	29.056955337524414
24.49776840209961	28.058185577392578
25.673362731933594	29.242046356201172
23.25665855407715	26.9353084564209
26.72368812561035	30.755460739135742
27.34588050842285	30.89250946044922
27.129758834838867	31.3264217376709
25.476089477539062	29.978221893310547
26.435712814331055	30.56207275390625
25.881671905517578	29.25945472717285
24.66683578491211	28.39714813232422
25.79143714904785	28.98358917236328
25.201988220214844	30.35944175720215
25.051164627075195	28.788284301757812
27.21886444091797	31.771709442138672
27.253129959106445	31.708845138549805
24.545276641845703	29.050378799438477
26.104534149169922	29.590259552001953
25.047597885131836	29.401979446411133
25.880887985229492	29.053781509399414
25.153209686279297	28.84683609008789
27.008808135986328	30.114320755004883
25.002939224243164	28.204204559326172
26.44501495361328	30.218366622924805
24.83460235595703	28.26806640625
23.298898696899414	28.497926712036133
24.059654235839844	29.083524703979492
25.303264617919922	29.343765258789062
25.471603393554688	28.850637435913086
24.94365692138672	29.092180252075195
25.534900665283203	28.814865112304688
25.57076644897461	29.222314834594727
25.748310089111328	29.347566604614258
28.251916885375977	31.865766525268555
26.890304565429688	30.644067764282227
25.57306671142578	28.578218460083008
25.498878479003906	29.05731773376465
27.664836883544922	31.686059951782227
26.452619552612305	30.690383911132812
25.52408218383789	29.323942184448242
25.725404739379883	28.943105697631836
26.317058563232422	30.842126846313477
25.72565269470215	29.284761428833008
26.43993377685547	30.085535049438477
27.70001983642578	32.14839172363281
25.313634872436523	29.215822219848633
25.623577117919922	29.36168670654297
24.377845764160156	28.350984573364258
26.020313262939453	29.432680130004883
24.4403076171875	28.91205596923828
25.484487533569336	29.741107940673828
26.80233383178711	30.89373016357422
25.60382080078125	29.830039978027344
18.973609924316406	22.947769165039062
18.44354820251465	21.344697952270508
17.92777442932129	20.964733123779297
19.1567325592041	22.393022537231445
18.468341827392578	22.348215103149414
18.507186889648438	21.488697052001953
18.935911178588867	22.296890258789062
19.933578491210938	23.359018325805664
20.08429527282715	22.886489868164062
18.251388549804688	21.824989318847656
18.45822525024414	22.028963088989258
18.86976432800293	21.811656951904297
17.647905349731445	20.036930084228516
17.562782287597656	20.262229919433594
20.369945526123047	23.875871658325195
17.883968353271484	21.202983856201172
19.105762481689453	22.184202194213867
19.235158920288086	22.64727020263672
18.459514617919922	21.870622634887695
17.975025177001953	20.667753219604492
18.399524688720703	21.92098617553711
18.43229103088379	21.680578231811523
19.45627212524414	23.241182327270508
18.377822875976562	21.57105255126953
17.97534942626953	20.72149085998535
19.06932830810547	22.127500534057617
17.945571899414062	21.329702377319336
17.54326629638672	19.91565704345703
20.419050216674805	24.241029739379883
18.21753692626953	21.198623657226562
19.4495906829834	23.095108032226562
18.397811889648438	22.19122314453125
18.409046173095703	21.88237953186035
17.609825134277344	20.224212646484375
18.773130416870117	21.88799476623535
19.08983612060547	22.7202091217041
18.702104568481445	22.003297805786133
18.927658081054688	22.40018081665039
18.331741333007812	21.32140350341797
18.749229431152344	22.03973960876465
19.798175811767578	23.28204345703125
19.12067985534668	22.4354305267334
18.79941177368164	21.88378143310547
19.6200008392334	23.127187728881836
18.275779724121094	21.56707191467285
18.660554885864258	21.653230667114258
17.97040557861328	21.50912857055664
18.768630981445312	21.71611976623535
19.89335823059082	23.229578018188477
18.176708221435547	22.257713317871094
17.557083129882812	19.575366973876953
18.689115524291992	22.001100540161133
17.49666976928711	20.27544593811035
18.9858455657959	22.310720443725586
18.28627586364746	21.969554901123047
18.391847610473633	22.501117706298828
20.054553985595703	24.853740692138672
18.099287033081055	21.042442321777344
18.958572387695312	22.851028442382812
18.473102569580078	21.077486038208008
18.188535690307617	21.660306930541992
18.411340713500977	21.046598434448242
17.809953689575195	21.175397872924805
18.131731033325195	20.811796188354492
20.317401885986328	23.774160385131836
18.720352172851562	21.874521255493164
18.170534133911133	20.867631912231445
19.432268142700195	22.815168380737305
18.03204917907715	21.327943801879883
20.287702560424805	22.811494827270508
19.982023239135742	23.287826538085938
19.425539016723633	23.536659240722656
19.3281192779541	22.20157241821289
18.157264709472656	20.942182540893555
18.867582321166992	23.021127700805664
18.160194396972656	21.240995407104492
18.7786808013916	22.185819625854492
17.9268741607666	20.882177352905273
19.38487434387207	22.755878448486328
20.612070083618164	24.023252487182617
19.021514892578125	22.454214096069336
20.455699920654297	24.40548324584961
19.36197280883789	22.789125442504883
18.515304565429688	22.471914291381836
20.582019805908203	23.5264892578125
19.394977569580078	22.60509490966797
18.785625457763672	22.312685012817383
18.14145851135254	21.56716537475586
18.099576950073242	21.664907455444336
19.272672653198242	22.228923797607422
19.16887855529785	22.223539352416992
17.652297973632812	19.432188034057617
17.8046817779541	21.111003875732422
18.535547256469727	21.76998519897461
19.021995544433594	22.2652530670166
19.056753158569336	22.705154418945312
18.259138107299805	22.356447219848633
17.86359977722168	21.14826202392578
20.653196334838867	24.18906021118164
17.79090118408203	20.956077575683594
18.882061004638672	22.230939865112305
17.761184692382812	21.020151138305664
17.831449508666992	21.115598678588867
20.123552322387695	23.318735122680664
17.637454986572266	20.2242374420166
19.63604736328125	22.74264907836914
18.702274322509766	22.045734405517578
17.658987045288086	20.039342880249023
17.60896873474121	20.559141159057617
17.762184143066406	20.74835968017578
18.346370697021484	22.039623260498047
19.3455867767334	22.224445343017578
18.37366485595703	22.018678665161133
19.261133193969727	23.348207473754883
19.2379150390625	23.33028793334961
17.81667709350586	20.6397705078125
18.304767608642578	21.908401489257812
18.971267700195312	22.258630752563477
17.5797176361084	19.66088104248047
19.02834701538086	23.35769271850586
18.241029739379883	23.02698516845703
19.702749252319336	23.225786209106445
18.675785064697266	22.4897518157959
19.37476921081543	22.902833938598633
18.725299835205078	21.6751766204834
18.71466827392578	21.747081756591797
19.000490188598633	22.577104568481445
18.81977081298828	22.996519088745117
17.86602020263672	22.805753707885742
17.955509185791016	20.815534591674805
17.4887752532959	19.237577438354492
17.909435272216797	22.020221710205078
18.127918243408203	21.153301239013672
17.868959426879883	20.633703231811523
18.824623107910156	22.116718292236328
18.407943725585938	21.706846237182617
17.763490676879883	20.681913375854492
17.714014053344727	20.7161865234375
17.590980529785156	19.35546112060547
18.685224533081055	21.674074172973633
19.302526473999023	22.12994956970215
18.802648544311523	22.094358444213867
18.352127075195312	21.37505531311035
17.632041931152344	20.29878807067871
17.67299461364746	20.535566329956055
17.62506103515625	20.1009464263916
18.17752456665039	21.67300796508789
17.721664428710938	20.399690628051758
18.709016799926758	22.688600540161133
17.825664520263672	21.66659164428711
18.125513076782227	21.423479080200195
17.615053176879883	20.19013214111328
17.992992401123047	21.40235137939453
18.458019256591797	21.737760543823242
18.993057250976562	22.273099899291992
19.511680603027344	22.969205856323242
17.380834579467773	21.435277938842773
18.37338638305664	21.011533737182617
17.50701141357422	19.26383399963379
19.83640480041504	23.1699275970459
18.776504516601562	21.922914505004883
18.455562591552734	21.686635971069336
19.04881477355957	22.425615310668945
17.566308975219727	20.43744659423828
18.31712532043457	21.69088363647461
18.261615753173828	21.1071834564209
17.96963882446289	21.848371505737305
17.601350784301758	20.458335876464844
17.741518020629883	20.0322322845459
19.142314910888672	22.4025936126709
18.122724533081055	21.102088928222656
18.26896095275879	22.24300765991211
19.121116638183594	22.498254776000977
19.135391235351562	22.553415298461914
18.972936630249023	21.923900604248047
18.98412322998047	22.171194076538086
18.272563934326172	22.109092712402344
18.137893676757812	21.786630630493164
17.702674865722656	19.887889862060547
18.127452850341797	22.11859130859375
18.535926818847656	22.249351501464844
18.678634643554688	22.60052490234375
18.619192123413086	22.061378479003906
17.568405151367188	19.32382583618164
17.4938907623291	20.51129913330078
18.932958602905273	22.622671127319336
18.85565185546875	22.02564239501953
19.853775024414062	23.32421875
17.845956802368164	21.361827850341797
19.196443557739258	22.196916580200195
18.258148193359375	21.737016677856445
18.726226806640625	22.40654754638672
18.324193954467773	21.79271697998047
17.621850967407227	20.017044067382812
18.092159271240234	21.037721633911133
17.525571823120117	20.104347229003906
17.584735870361328	20.099275588989258
17.50971794128418	19.85098648071289
17.586183547973633	19.883153915405273
18.27420425415039	22.218639373779297
18.050148010253906	21.418466567993164
17.558631896972656	19.612382888793945
17.821792602539062	18.5257511138916
18.550077438354492	21.998323440551758
18.39031410217285	22.291400909423828
18.091154098510742	21.409225463867188
18.58738899230957	22.11182403564453
18.172204971313477	22.067964553833008
17.56963539123535	20.122434616088867
18.10977554321289	21.45096206665039
17.752275466918945	20.814363479614258
17.73863983154297	19.976110458374023
17.614910125732422	20.175989151000977
17.7407283782959	18.834264755249023
17.86907196044922	20.967981338500977
17.448904037475586	20.062307357788086
17.844425201416016	21.359573364257812
17.80417823791504	20.9125919342041
17.572946548461914	20.3765926361084
17.648052215576172	20.788240432739258
17.483291625976562	20.635883331298828
17.566967010498047	21.201984405517578
17.634998321533203	20.829355239868164
17.595123291015625	20.830419540405273
17.769451141357422	18.753026962280273
17.748455047607422	20.664779663085938
18.345321655273438	21.838693618774414
17.846128463745117	20.871755599975586
18.440898895263672	22.040538787841797
17.42267417907715	20.714445114135742
17.541954040527344	20.37554168701172
17.56873893737793	20.09177589416504
17.75664710998535	18.708839416503906
17.67679786682129	18.652450561523438
17.481836318969727	19.541950225830078
17.813644409179688	18.658023834228516
17.502578735351562	20.26485252380371
17.707813262939453	18.788551330566406
18.102617263793945	21.25347900390625
17.574527740478516	19.768333435058594
0.0	0.0
0.0	0.0
17.48979949951172	19.907346725463867
17.729799270629883	18.7740421295166
18.655458450317383	22.148792266845703
18.4716739654541	22.019428253173828
17.626220703125	20.24702262878418
17.72861099243164	21.047826766967773
18.44733238220215	21.954973220825195
18.094263076782227	21.619274139404297
18.024938583374023	20.983051300048828
17.66741371154785	20.63538360595703
0.0	0.0
18.383914947509766	21.897199630737305
17.914318084716797	21.140459060668945
17.656641006469727	18.845727920532227
19.14276695251465	22.633420944213867
18.725509643554688	21.889728546142578
17.523563385009766	20.074790954589844
18.997163772583008	22.733930587768555
19.43018341064453	22.432086944580078
18.52376937866211	21.755352020263672
17.514118194580078	19.392366409301758
19.5031681060791	23.15289306640625
17.90105438232422	20.964563369750977
19.214000701904297	22.629257202148438
18.237716674804688	22.043712615966797
18.14020347595215	21.246967315673828
17.682275772094727	20.586809158325195
18.419923782348633	21.746437072753906
18.271419525146484	21.403776168823242
17.640235900878906	20.503860473632812
20.452939987182617	24.083772659301758
18.10938835144043	21.062057495117188
19.267614364624023	22.488218307495117
17.7733211517334	20.77118492126465
18.534557342529297	22.120746612548828
18.138465881347656	21.3786678314209
18.5677547454834	22.073152542114258
17.977705001831055	20.695556640625
17.66358184814453	20.562101364135742
17.808801651000977	20.761676788330078
17.468250274658203	19.829206466674805
18.75102996826172	22.192367553710938
17.837352752685547	21.218490600585938
17.809093475341797	20.828245162963867
18.399429321289062	21.78970718383789
17.80925941467285	18.67116355895996
17.394271850585938	19.80286979675293
18.888004302978516	22.336549758911133
18.17804718017578	21.3050537109375
17.89996910095215	21.201766967773438
17.50994110107422	19.964275360107422
17.59134864807129	20.93341827392578
20.419395446777344	23.466951370239258
17.792856216430664	21.070093154907227
17.688751220703125	20.815784454345703
18.224285125732422	21.409353256225586
18.059080123901367	20.717809677124023
17.7387752532959	21.395122528076172
17.58098030090332	20.966215133666992
19.001361846923828	21.755348205566406
17.998199462890625	21.8546085357666
18.349720001220703	22.059904098510742
17.994600296020508	21.560626983642578
17.6219425201416	20.11515235900879
18.355432510375977	21.161121368408203
19.463886260986328	22.594003677368164
19.067167282104492	22.146421432495117
18.21453285217285	21.095226287841797
17.721033096313477	20.098730087280273
18.250905990600586	20.749473571777344
18.9256534576416	22.292922973632812
18.785120010375977	22.28438949584961
21.250808715820312	24.51323890686035
18.10614585876465	21.389680862426758
18.58570671081543	21.863567352294922
19.039209365844727	22.303199768066406
18.55898666381836	21.365564346313477
17.7598934173584	20.879684448242188
18.097015380859375	21.880178451538086
19.628984451293945	22.59111976623535
18.97336769104004	22.080121994018555
17.650409698486328	20.390230178833008
19.465198516845703	23.1932373046875
18.794048309326172	21.586931228637695
18.148338317871094	21.257457733154297
19.05960464477539	22.89336585998535
18.368175506591797	21.765390396118164
18.773515701293945	22.10068130493164
17.831586837768555	21.02288246154785
18.905784606933594	21.535234451293945
18.234466552734375	21.424428939819336
18.500154495239258	21.946134567260742
18.017858505249023	20.816791534423828
18.24002456665039	20.868450164794922
18.884016036987305	22.01608657836914
18.72869300842285	22.77857208251953
17.752798080444336	20.53863525390625
17.784826278686523	21.262802124023438
20.199111938476562	23.386674880981445
19.011611938476562	22.25542640686035
18.632925033569336	21.828920364379883
18.159074783325195	21.279443740844727
18.57434844970703	21.86989974975586
19.476274490356445	23.005769729614258
17.634899139404297	19.706275939941406
18.13595199584961	20.814729690551758
17.874357223510742	21.56151580810547
17.638134002685547	19.094362258911133
18.35835838317871	21.471302032470703
18.343040466308594	21.043535232543945
18.046037673950195	21.123014450073242
19.618751525878906	22.83770751953125
18.504535675048828	22.356679916381836
18.373340606689453	21.534334182739258
17.591575622558594	20.790321350097656
18.071678161621094	21.150981903076172
18.75461196899414	21.606164932250977
17.842893600463867	20.878721237182617
18.990089416503906	22.789655685424805
18.33754539489746	21.987741470336914
18.601842880249023	22.05853843688965
17.720993041992188	21.12881088256836
17.601760864257812	21.060571670532227
18.580904006958008	21.73919677734375
17.612733840942383	18.881792068481445
18.69318199157715	21.588544845581055
18.018535614013672	21.354005813598633
18.407371520996094	21.811922073364258
18.396451950073242	21.633527755737305
18.157833099365234	21.304983139038086
18.791994094848633	22.807958602905273
17.9974422454834	21.142004013061523
18.902633666992188	22.06438636779785
19.426193237304688	22.693395614624023
17.793264389038086	20.311656951904297
19.230127334594727	22.523338317871094
18.039030075073242	21.237834930419922
19.006135940551758	22.274065017700195
19.161205291748047	22.674850463867188
18.953262329101562	21.893020629882812
17.77808952331543	21.009096145629883
19.141136169433594	22.516508102416992
18.657381057739258	23.252717971801758
18.841794967651367	21.756244659423828
17.505905151367188	19.421062469482422
18.94296646118164	23.222658157348633
18.73505401611328	21.993093490600586
18.61176300048828	22.782114028930664
18.84834861755371	22.482526779174805
20.379070281982422	23.945178985595703
17.309772491455078	21.112077713012695
17.568462371826172	21.660856246948242
18.326398849487305	22.555191040039062
18.715221405029297	22.0272216796875
17.64373207092285	20.648954391479492
17.79999351501465	18.640933990478516
18.987096786499023	23.381271362304688
17.94356918334961	22.291358947753906
19.102941513061523	22.884122848510742
17.596660614013672	19.17913246154785
19.111591339111328	22.529386520385742
18.049259185791016	21.56177520751953
19.459321975708008	23.536846160888672
19.257862091064453	22.79863739013672
20.42995262145996	24.397764205932617
19.424922943115234	22.770893096923828
18.96230125427246	22.22934341430664
19.121196746826172	22.799055099487305
17.67334747314453	21.230236053466797
18.11894989013672	21.993104934692383
17.66407012939453	20.812856674194336
17.78540802001953	18.6726016998291
17.231779098510742	20.715370178222656
17.462743759155273	21.398744583129883
18.403047561645508	21.826208114624023
17.503225326538086	19.543777465820312
19.800941467285156	23.35076904296875
18.17864990234375	22.174333572387695
17.4771671295166	20.438411712646484
17.673057556152344	20.79555892944336
18.69237518310547	22.36993980407715
18.218996047973633	21.850603103637695
17.466188430786133	20.508169174194336
17.60057258605957	20.86170196533203
18.84099769592285	22.35150909423828
17.042991638183594	20.994482040405273
18.719497680664062	19.622684478759766
17.795455932617188	20.947193145751953
19.273754119873047	23.355506896972656
17.5371150970459	21.203941345214844
18.874378204345703	22.260526657104492
18.468379974365234	22.376432418823242
17.39451789855957	20.094058990478516
19.995771408081055	23.862897872924805
17.662996292114258	21.195606231689453
17.55619239807129	20.400407791137695
17.723936080932617	21.05633544921875
18.07279396057129	21.994831085205078
17.546911239624023	20.532636642456055
18.360620498657227	21.953752517700195
17.724931716918945	22.310583114624023
19.550830841064453	22.530200958251953
17.451688766479492	19.466550827026367
19.14878273010254	22.43389320373535
18.824169158935547	22.080114364624023
17.711524963378906	18.839027404785156
20.377405166625977	24.142595291137695
20.38589859008789	24.667461395263672
20.295106887817383	23.79253387451172
20.350358963012695	24.0376033782959
19.47730255126953	23.043622970581055
21.742534637451172	25.470752716064453
20.464107513427734	24.22763442993164
21.451330184936523	25.350488662719727
21.1270751953125	25.269983291625977
21.706928253173828	25.672988891601562
20.838733673095703	24.783525466918945
21.342849731445312	25.332868576049805
20.833955764770508	24.49859046936035
21.58596420288086	25.712038040161133
20.926496505737305	24.44318389892578
21.961362838745117	25.023366928100586
20.945363998413086	25.88947296142578
19.487720489501953	23.182348251342773
18.76609230041504	23.382966995239258
20.5831241607666	25.071239471435547
20.713096618652344	24.305198669433594
21.980487823486328	25.779645919799805
18.51197052001953	22.03957748413086
19.367835998535156	23.4110107421875
21.626785278320312	25.3186092376709
19.783527374267578	22.978286743164062
20.727750778198242	24.599763870239258
19.998310089111328	23.45677947998047
21.284507751464844	25.252592086791992
19.46508026123047	22.582460403442383
19.92156219482422	24.1285457611084
20.652305603027344	24.101163864135742
20.161378860473633	24.158987045288086
18.368040084838867	21.967918395996094
21.119770050048828	24.43069076538086
20.219568252563477	24.308094024658203
20.489948272705078	24.588275909423828
18.024202346801758	21.487995147705078
21.217729568481445	24.779245376586914
20.052772521972656	23.693527221679688
19.820558547973633	23.77395248413086
19.20183753967285	23.109804153442383
21.43770980834961	24.749290466308594
20.970413208007812	24.208101272583008
18.721956253051758	23.723365783691406
20.52452850341797	24.52846908569336
19.81048583984375	23.79400634765625
21.12200164794922	24.671588897705078
20.160009384155273	24.032800674438477
19.45360565185547	22.662761688232422
21.92108726501465	26.1403865814209
19.483591079711914	22.839815139770508
20.57745361328125	24.151124954223633
19.892414093017578	23.302942276000977
20.09923553466797	23.742595672607422
18.58853530883789	21.93791961669922
19.736522674560547	23.920917510986328
21.737146377563477	25.52240753173828
21.13577651977539	25.05826187133789
20.871719360351562	24.059293746948242
18.93940544128418	23.099470138549805
20.662946701049805	24.31336212158203
19.09539222717285	22.94841766357422
19.978185653686523	24.13290786743164
17.670574188232422	20.972822189331055
17.673118591308594	18.89476203918457
17.81267738342285	20.78121566772461
17.489187240600586	19.6124324798584
18.87303352355957	21.883516311645508
17.740087509155273	18.746841430664062
17.621477127075195	20.314516067504883
17.605348587036133	19.001981735229492
19.046728134155273	22.351154327392578
19.750900268554688	23.077808380126953
17.580955505371094	21.310203552246094
16.20269203186035	22.3175048828125
19.254188537597656	22.111562728881836
17.726200103759766	20.59515380859375
17.584617614746094	19.557846069335938
17.745637893676758	20.470869064331055
17.60999870300293	20.36320686340332
17.8172664642334	18.588882446289062
17.45930290222168	19.8448543548584
19.694608688354492	22.967090606689453
17.779817581176758	20.91269302368164
17.631437301635742	18.918163299560547
18.1718807220459	21.720888137817383
18.454322814941406	21.855819702148438
17.70985984802246	20.941783905029297
17.69888687133789	18.69741439819336
18.874591827392578	22.582307815551758
17.54058074951172	19.921735763549805
17.709819793701172	21.542993545532227
18.52667808532715	21.45124053955078
17.99193000793457	21.49420738220215
17.659658432006836	20.45801544189453
17.56645965576172	20.063615798950195
17.761581420898438	18.694229125976562
17.798006057739258	18.682640075683594
18.516210556030273	21.71753692626953
17.714536666870117	18.754196166992188
17.599525451660156	21.130348205566406
17.643232345581055	20.63263511657715
18.6186580657959	21.28145980834961
17.5805606842041	20.01905059814453
17.68474578857422	18.9235897064209
17.550460815429688	20.1629581451416
18.28848648071289	21.385812759399414
17.373538970947266	20.794593811035156
17.707630157470703	20.331907272338867
18.86827850341797	22.079307556152344
0.0	0.0
17.439897537231445	19.94957160949707
17.63953971862793	19.245454788208008
17.658912658691406	19.923797607421875
17.693862915039062	20.105159759521484
18.561115264892578	21.748802185058594
17.612531661987305	19.27225685119629
19.311750411987305	22.59656524658203
17.856050491333008	21.682100296020508
17.35968780517578	20.378324508666992
18.92717170715332	22.04986000061035
18.250486373901367	21.855283737182617
18.0312557220459	21.444110870361328
17.622655868530273	18.992231369018555
17.80805015563965	18.675865173339844
17.682798385620117	19.202678680419922
17.436948776245117	19.36370277404785
17.869050979614258	21.888599395751953
20.18213653564453	23.65204429626465
18.499937057495117	21.536001205444336
19.21245765686035	22.97089385986328
19.256685256958008	22.146160125732422
18.899023056030273	22.384838104248047
18.9593563079834	22.29928207397461
17.72626495361328	18.7884464263916
18.569368362426758	21.905345916748047
18.40802574157715	21.631755828857422
18.239587783813477	21.022249221801758
18.514549255371094	21.52935218811035
19.571033477783203	22.539133071899414
18.73830795288086	22.391254425048828
17.873628616333008	21.373258590698242
18.60356903076172	22.203908920288086
18.03554344177246	21.240947723388672
17.597593307495117	21.6612548828125
17.684490203857422	20.930471420288086
19.2681827545166	22.944982528686523
18.418243408203125	21.645225524902344
18.407066345214844	22.931983947753906
17.986299514770508	21.006200790405273
19.864086151123047	23.022653579711914
19.080276489257812	22.128583908081055
19.815967559814453	22.996248245239258
17.882810592651367	20.675525665283203
19.669567108154297	22.758136749267578
19.911514282226562	23.05474853515625
19.717735290527344	22.872926712036133
18.6851806640625	21.995166778564453
18.28722381591797	21.804458618164062
19.12632942199707	22.32817840576172
19.574867248535156	22.660207748413086
19.64379119873047	22.947965621948242
18.550382614135742	21.89311981201172
19.414413452148438	22.40645980834961
20.4205379486084	23.8327693939209
18.384170532226562	21.386484146118164
18.496566772460938	21.381864547729492
18.7849063873291	22.027420043945312
19.9099063873291	23.78105926513672
20.015634536743164	23.07315444946289
20.32432746887207	23.44544219970703
19.5820369720459	23.629322052001953
19.222806930541992	22.32840347290039
19.6318359375	22.834253311157227
19.55721664428711	23.325637817382812
20.42975425720215	24.470491409301758
19.260313034057617	22.56195640563965
19.351076126098633	22.346925735473633
19.258447647094727	23.099048614501953
18.70488929748535	21.918140411376953
18.511964797973633	21.490196228027344
19.255126953125	22.873350143432617
18.564069747924805	22.1953125
18.604080200195312	22.00054931640625
19.21904754638672	22.41338539123535
18.659889221191406	21.504121780395508
20.20339012145996	23.594188690185547
17.719032287597656	21.057199478149414
19.461528778076172	22.553699493408203
19.43736457824707	22.512840270996094
18.52119255065918	21.610910415649414
19.504581451416016	22.42837905883789
17.913911819458008	20.55561065673828
17.783397674560547	20.70758628845215
19.863235473632812	23.078786849975586
18.46257972717285	21.53302574157715
20.537744522094727	23.808401107788086
19.718482971191406	22.798677444458008
19.632373809814453	23.327245712280273
18.70952796936035	21.822582244873047
20.246152877807617	23.654436111450195
20.68326187133789	23.901599884033203
19.172405242919922	22.075233459472656
18.359207153320312	20.99897003173828
17.885196685791016	21.17159652709961
19.114273071289062	22.47492027282715
19.53649139404297	23.080171585083008
20.411060333251953	23.325054168701172
18.41604232788086	21.65872573852539
18.920743942260742	21.945106506347656
19.481679916381836	22.273632049560547
18.709270477294922	22.537487030029297
19.763046264648438	22.378015518188477
18.889476776123047	22.248506546020508
20.16065216064453	22.829303741455078
17.946178436279297	20.685344696044922
18.171092987060547	20.604719161987305
18.87287712097168	22.286785125732422
18.256010055541992	21.564611434936523
17.571372985839844	19.982654571533203
18.978418350219727	22.48699951171875
20.171491622924805	23.290132522583008
18.341691970825195	21.267724990844727
17.872230529785156	20.813127517700195
18.058696746826172	20.907346725463867
19.336816787719727	22.166017532348633
18.7197265625	22.290006637573242
18.0142822265625	20.96710968017578
17.743518829345703	21.052593231201172
20.301685333251953	23.970996856689453
18.499181747436523	21.476665496826172
18.798913955688477	21.950603485107422
19.068519592285156	22.47317886352539
18.769155502319336	21.903913497924805
17.760305404663086	20.802780151367188
17.59117317199707	20.4260196685791
19.147504806518555	22.537086486816406
17.97248077392578	21.213716506958008
17.919694900512695	20.647390365600586
18.559005737304688	21.724077224731445
17.668987274169922	20.45868682861328
19.221651077270508	22.104490280151367
18.128562927246094	20.95520782470703
21.541423797607422	25.078899383544922
17.915973663330078	20.870187759399414
18.227758407592773	20.745485305786133
19.0307559967041	22.218412399291992
18.317338943481445	21.887096405029297
17.87002944946289	20.634571075439453
18.394182205200195	21.440967559814453
18.562341690063477	21.747882843017578
18.627168655395508	22.11176300048828
18.719009399414062	21.503345489501953
18.087839126586914	21.207338333129883
20.57077407836914	24.420814514160156
20.209199905395508	24.025432586669922
18.234054565429688	21.3304443359375
19.003650665283203	22.086410522460938
18.963661193847656	23.11260223388672
18.930511474609375	21.893211364746094
18.2578067779541	21.706445693969727
17.62653160095215	20.31629180908203
19.472238540649414	22.745141983032227
18.221498489379883	21.174219131469727
18.324115753173828	21.455589294433594
19.65384864807129	23.14566421508789
18.179943084716797	21.113971710205078
19.983539581298828	23.122303009033203
19.118539810180664	22.411605834960938
17.67138671875	20.498756408691406
18.787464141845703	22.614112854003906
18.851852416992188	21.978654861450195
18.7453556060791	22.164772033691406
19.01703453063965	22.342723846435547
20.183019638061523	24.319414138793945
18.54866600036621	21.303117752075195
18.83606719970703	21.89398193359375
17.98927879333496	21.443349838256836
18.428129196166992	22.01773452758789
20.073040008544922	23.649282455444336
19.45037078857422	22.54241371154785
19.437278747558594	22.651390075683594
20.990089416503906	24.136180877685547
18.253826141357422	21.742097854614258
18.07439613342285	21.33837127685547
19.161340713500977	22.50873565673828
18.31578826904297	21.546621322631836
18.689010620117188	21.718915939331055
19.596532821655273	22.955537796020508
18.731836318969727	22.016315460205078
19.404272079467773	22.722700119018555
17.477785110473633	19.621322631835938
18.839208602905273	22.487932205200195
19.10042381286621	22.495441436767578
21.108421325683594	24.092256546020508
18.44466781616211	22.3779354095459
18.466257095336914	21.122642517089844
18.95825958251953	22.687280654907227
19.153278350830078	22.459583282470703
21.71379852294922	25.163084030151367
18.806804656982422	22.015043258666992
19.79689598083496	23.410722732543945
17.555572509765625	19.851503372192383
19.483154296875	22.6866455078125
19.409442901611328	22.3253116607666
20.66269302368164	24.196157455444336
19.17312240600586	22.293903350830078
20.37932777404785	23.802186965942383
19.129301071166992	22.71609878540039
19.921659469604492	23.259965896606445
19.313806533813477	22.704469680786133
19.363201141357422	23.090787887573242
18.3271484375	21.36553192138672
18.449472427368164	21.823997497558594
18.50916290283203	21.750864028930664
18.939119338989258	22.430490493774414
20.70749282836914	23.76458168029785
21.0439510345459	24.523571014404297
20.592382431030273	24.630922317504883
17.959980010986328	21.5471134185791
20.120725631713867	23.270090103149414
19.321470260620117	22.768577575683594
18.597000122070312	21.938339233398438
17.694843292236328	20.167516708374023
18.134584426879883	21.234716415405273
18.589601516723633	21.694055557250977
17.639835357666016	18.888866424560547
17.946779251098633	20.881481170654297
19.133190155029297	22.269153594970703
20.021739959716797	22.961750030517578
18.563087463378906	21.59600830078125
20.416419982910156	23.99512481689453
19.966354370117188	23.0211181640625
0.0	0.0
18.588787078857422	22.333662033081055
17.758451461791992	20.912199020385742
17.4143009185791	19.903705596923828
17.5362606048584	20.521137237548828
17.513795852661133	19.458755493164062
17.45219612121582	20.770479202270508
17.474895477294922	19.523151397705078
17.463163375854492	19.6306209564209
17.684505462646484	21.053747177124023
17.550914764404297	19.390615463256836
17.935569763183594	21.133325576782227
18.146018981933594	21.468637466430664
17.542308807373047	19.52094841003418
18.153911590576172	21.541215896606445
17.80156707763672	20.655744552612305
17.866397857666016	20.839250564575195
17.56700897216797	19.0773983001709
18.058185577392578	21.383018493652344
17.828269958496094	21.134563446044922
17.64673614501953	19.25464630126953
18.055587768554688	21.59697914123535
18.480730056762695	21.401565551757812
17.62894630432129	20.45840072631836
18.51190948486328	21.361379623413086
17.549423217773438	19.92449378967285
17.69508934020996	20.680356979370117
17.887283325195312	20.57233238220215
17.74778938293457	18.486387252807617
17.5450496673584	19.25933074951172
17.532655715942383	20.589895248413086
17.466176986694336	20.98074722290039
17.705018997192383	18.808225631713867
19.14760398864746	23.008506774902344
17.835765838623047	18.54853057861328
17.53110694885254	20.0540714263916
19.554471969604492	22.930646896362305
0.0	0.0
0.0	0.0
17.415184020996094	20.012920379638672
18.403614044189453	22.43829345703125
0.0	0.0
0.0	0.0
18.287132263183594	21.157663345336914
17.821369171142578	20.862525939941406
17.559375762939453	19.65415382385254
17.604358673095703	20.35530662536621
17.618305206298828	19.538604736328125
19.26520347595215	22.401103973388672
17.787342071533203	21.19556427001953
17.61865997314453	20.143964767456055
17.471385955810547	19.307947158813477
17.476293563842773	19.60043716430664
18.932405471801758	22.106122970581055
18.136676788330078	21.29849624633789
17.866811752319336	18.58893585205078
18.725175857543945	22.209810256958008
19.224231719970703	22.512744903564453
17.546367645263672	19.866161346435547
17.776281356811523	20.97250747680664
17.428848266601562	19.5471248626709
17.711833953857422	19.015535354614258
17.860200881958008	20.9853572845459
18.959823608398438	22.14582061767578
17.838302612304688	20.81472396850586
18.876543045043945	23.052705764770508
18.185575485229492	21.369775772094727
17.75391960144043	20.6472110748291
17.6341609954834	20.906753540039062
17.533306121826172	19.268611907958984
17.48004913330078	19.748458862304688
18.21206283569336	21.280988693237305
18.111696243286133	21.054824829101562
18.661745071411133	22.107236862182617
17.873262405395508	21.623855590820312
17.567913055419922	19.053176879882812
17.841562271118164	18.581375122070312
17.55465316772461	19.920303344726562
18.408845901489258	21.473474502563477
17.4763240814209	19.670738220214844
17.57831573486328	19.379243850708008
17.919696807861328	21.050939559936523
17.621360778808594	20.182350158691406
17.72995948791504	18.816577911376953
17.471982955932617	19.741392135620117
17.638853073120117	20.519014358520508
0.0	0.0
0.0	0.0
17.678300857543945	18.620792388916016
17.651411056518555	19.873218536376953
0.0	0.0
0.0	0.0
0.0	0.0
17.60131072998047	19.65398597717285
17.644508361816406	18.685983657836914
0.0	0.0
0.0	0.0
17.70624542236328	18.80209732055664
0.0	0.0
17.805130004882812	18.63741683959961
18.732759475708008	21.944929122924805
18.28677749633789	21.52294921875
18.910133361816406	22.349838256835938
17.483196258544922	20.264650344848633
17.692752838134766	20.659067153930664
17.556316375732422	20.726320266723633
20.26206398010254	23.72186279296875
17.485105514526367	20.061704635620117
17.355087280273438	20.653589248657227
17.68419075012207	20.07183837890625
17.903852462768555	21.465280532836914
17.674137115478516	19.741605758666992
20.13628387451172	23.06072998046875
17.830533981323242	21.415058135986328
17.580280303955078	20.149791717529297
17.621583938598633	19.10284423828125
17.653522491455078	18.895397186279297
18.341102600097656	21.044235229492188
17.511049270629883	19.829177856445312
17.584877014160156	19.8842830657959
17.923368453979492	20.606672286987305
17.946308135986328	20.896900177001953
17.789159774780273	18.51832389831543
17.654407501220703	20.491313934326172
17.66350746154785	19.93166732788086
18.82808494567871	22.007837295532227
17.800296783447266	20.827560424804688
17.815778732299805	18.605201721191406
19.139911651611328	22.257444381713867
17.954750061035156	18.518342971801758
17.497154235839844	20.051555633544922
17.555910110473633	19.823898315429688
17.559606552124023	19.361780166625977
17.666728973388672	19.329782485961914
17.581106185913086	19.44826316833496
17.564647674560547	19.40241050720215
18.889892578125	22.382753372192383
17.793180465698242	20.817190170288086
17.608617782592773	20.30876350402832
17.933542251586914	20.459997177124023
17.724769592285156	18.692642211914062
18.573118209838867	21.503433227539062
17.618932723999023	19.102710723876953
17.628156661987305	20.41564178466797
17.503307342529297	19.548450469970703
17.874759674072266	20.30988311767578
17.540687561035156	19.72492027282715
18.44354820251465	21.511924743652344
17.584087371826172	19.685222625732422
17.71607780456543	18.816116333007812
17.67284393310547	20.44655990600586
17.664775848388672	18.965778350830078
17.829622268676758	20.766138076782227
18.070951461791992	21.167081832885742
17.844615936279297	20.447587966918945
17.702375411987305	20.116649627685547
17.669811248779297	18.980451583862305
17.686952590942383	18.778736114501953
19.074840545654297	21.690038681030273
17.663429260253906	19.630470275878906
17.664875030517578	18.942459106445312
18.503599166870117	21.901647567749023
19.160568237304688	22.368183135986328
17.534164428710938	20.16681480407715
17.818159103393555	18.572460174560547
17.90172004699707	20.857603073120117
17.87131690979004	20.510019302368164
18.71353530883789	22.149404525756836
18.126731872558594	20.85430335998535
18.541210174560547	22.08759117126465
18.205690383911133	21.67725372314453
17.527301788330078	19.770532608032227
17.517915725708008	19.866077423095703
17.83332061767578	20.591846466064453
18.436620712280273	21.773134231567383
17.744766235351562	20.122695922851562
17.71886444091797	19.898983001708984
17.95050048828125	20.323667526245117
18.021671295166016	21.617860794067383
18.368865966796875	21.16275405883789
19.952884674072266	23.34878158569336
17.632516860961914	19.204444885253906
18.882770538330078	22.08545684814453
17.717161178588867	18.985624313354492
18.25282096862793	21.425405502319336
18.12201499938965	21.566757202148438
17.62962532043457	19.892362594604492
17.68183708190918	19.611677169799805
18.186058044433594	21.18927574157715
17.992263793945312	21.011337280273438
17.71088218688965	20.276865005493164
17.553668975830078	20.244213104248047
18.693317413330078	22.095775604248047
17.559423446655273	19.80573081970215
17.458030700683594	19.419567108154297
18.289283752441406	21.2576961517334
17.519956588745117	20.179946899414062
17.663972854614258	18.77373504638672
17.597942352294922	19.43317413330078
17.454683303833008	19.411195755004883
17.929887771606445	20.85654067993164
17.56842613220215	20.062175750732422
17.67827033996582	19.029373168945312
17.78116798400879	20.657548904418945
18.46162223815918	21.611106872558594
17.952491760253906	20.90146255493164
17.745250701904297	18.844743728637695
18.291606903076172	21.437376022338867
17.78171730041504	18.616849899291992
17.639488220214844	20.68073272705078
17.648033142089844	18.987638473510742
17.706605911254883	20.384883880615234
17.716169357299805	20.013832092285156
17.5871639251709	20.394466400146484
17.811676025390625	18.47043228149414
17.89520835876465	18.470073699951172
17.865633010864258	21.0771541595459
17.538850784301758	19.77570343017578
17.906131744384766	18.559961318969727
17.553264617919922	19.470273971557617
17.408884048461914	20.562040328979492
17.903165817260742	21.04257583618164
17.490623474121094	19.84290313720703
17.461933135986328	19.67633628845215
17.47551727294922	19.562429428100586
17.692609786987305	20.371740341186523
18.04277992248535	21.212749481201172
17.693092346191406	20.43636131286621
17.573822021484375	20.227529525756836
17.667816162109375	20.5517635345459
17.529726028442383	20.075023651123047
17.73542594909668	20.434602737426758
17.583335876464844	19.938081741333008
17.86810874938965	20.898313522338867
18.152883529663086	20.822568893432617
17.978836059570312	20.76097869873047
17.756532669067383	18.66836166381836
17.562549591064453	20.16453742980957
18.30801773071289	21.302854537963867
17.495912551879883	19.616865158081055
17.559194564819336	19.995445251464844
17.584020614624023	20.920753479003906
19.794721603393555	22.73230743408203
18.918359756469727	22.372314453125
20.439516067504883	23.414270401000977
19.360532760620117	22.616989135742188
18.5936222076416	22.1994686126709
20.461408615112305	24.359331130981445
19.85064697265625	23.096717834472656
19.835432052612305	23.73632049560547
19.030502319335938	22.343852996826172
18.817623138427734	22.24798583984375
20.913259506225586	24.487642288208008
20.141311645507812	23.276948928833008
19.39174461364746	22.762086868286133
20.079416275024414	23.06743621826172
21.555015563964844	24.817153930664062
19.650522232055664	22.940649032592773
20.506132125854492	24.235736846923828
18.797632217407227	21.99832534790039
19.681970596313477	23.13030242919922
18.43246078491211	21.850236892700195
19.504701614379883	22.855703353881836
19.020462036132812	22.670940399169922
19.478485107421875	22.977270126342773
19.875770568847656	22.76288414001465
18.340045928955078	21.417774200439453
18.301233291625977	21.7845516204834
17.746110916137695	20.969141006469727
18.608972549438477	22.435937881469727
18.983909606933594	23.135852813720703
18.94744110107422	22.213336944580078
18.858291625976562	22.839191436767578
19.166210174560547	21.829931259155273
19.46277618408203	22.52747344970703
18.474750518798828	22.31912612915039
19.801801681518555	22.629985809326172
19.04801368713379	23.777151107788086
19.58389663696289	22.567136764526367
19.186246871948242	22.97455596923828
19.36058235168457	23.045005798339844
18.445859909057617	20.858930587768555
18.763378143310547	22.412891387939453
18.318702697753906	21.352272033691406
18.994762420654297	22.072303771972656
19.80402374267578	24.020090103149414
18.808813095092773	23.038414001464844
19.909137725830078	23.120710372924805
18.016950607299805	21.738004684448242
19.229354858398438	22.502748489379883
19.86334800720215	23.221206665039062
19.2739315032959	22.519155502319336
17.919416427612305	20.816055297851562
19.0167293548584	22.655309677124023
18.544775009155273	21.629209518432617
19.128755569458008	22.490381240844727
18.98967742919922	21.930131912231445
21.11109161376953	24.866626739501953
19.09066390991211	22.170921325683594
18.91510772705078	21.712167739868164
20.13170623779297	22.992048263549805
18.421110153198242	21.71051597595215
20.68378448486328	24.306669235229492
18.274192810058594	21.681608200073242
21.18010711669922	24.8068904876709
18.696182250976562	22.546855926513672
18.37615394592285	21.698022842407227
19.522584915161133	22.349706649780273
18.151735305786133	21.227771759033203
18.727930068969727	22.457239151000977
17.68986701965332	20.409835815429688
18.723464965820312	22.302783966064453
18.9086971282959	22.239124298095703
18.179855346679688	22.403078079223633
18.34899139404297	21.594472885131836
19.1686954498291	22.373889923095703
19.720779418945312	23.33594512939453
19.208662033081055	22.701904296875
18.298261642456055	21.689546585083008
18.410009384155273	22.318763732910156
18.249340057373047	21.028112411499023
18.77776527404785	22.349681854248047
18.807098388671875	22.014938354492188
19.388669967651367	22.81175994873047
20.364830017089844	23.65084457397461
17.98587417602539	21.981943130493164
17.843643188476562	21.290672302246094
17.98785972595215	21.30764389038086
18.469249725341797	21.502941131591797
17.806753158569336	21.455026626586914
18.557880401611328	22.164621353149414
18.415813446044922	21.602989196777344
17.784191131591797	20.87518310546875
17.624900817871094	20.188764572143555
17.420385360717773	19.904033660888672
17.516433715820312	20.00299835205078
17.964282989501953	21.39834213256836
18.382816314697266	21.202499389648438
18.494949340820312	21.650222778320312
18.4287166595459	21.903892517089844
18.48523712158203	21.25983428955078
19.291147232055664	21.911518096923828
18.047712326049805	21.82971954345703
17.88170051574707	22.050722122192383
18.20408058166504	21.838335037231445
18.454416275024414	21.442707061767578
17.355531692504883	20.808452606201172
17.56549644470215	21.230058670043945
17.651378631591797	18.921892166137695
18.880674362182617	22.176313400268555
17.535673141479492	19.885831832885742
18.174522399902344	20.960111618041992
17.995403289794922	21.04412078857422
18.70470428466797	21.836444854736328
17.67495346069336	20.775833129882812
17.86254119873047	21.151174545288086
17.81360626220703	21.225000381469727
17.77310562133789	20.032228469848633
17.98308753967285	21.41269302368164
19.88283920288086	22.995742797851562
19.361583709716797	23.319307327270508
18.686660766601562	22.13780975341797
18.175695419311523	21.580636978149414
19.365516662597656	23.138999938964844
18.181886672973633	21.859750747680664
18.080020904541016	20.92282485961914
17.47574806213379	19.844646453857422
17.782873153686523	20.731142044067383
18.406414031982422	21.576631546020508
18.481857299804688	21.695449829101562
17.97865104675293	21.841629028320312
20.98629379272461	24.842201232910156
21.322668075561523	26.310041427612305
20.755348205566406	23.711965560913086
17.732154846191406	20.992815017700195
18.969802856445312	22.697336196899414
18.5626163482666	22.00783920288086
19.783706665039062	24.10546112060547
19.021221160888672	22.088289260864258
17.456605911254883	20.3919620513916
20.8190975189209	24.442462921142578
20.484086990356445	24.337617874145508
21.083608627319336	24.51599884033203
20.448883056640625	23.74256134033203
18.39932632446289	21.988012313842773
19.430665969848633	22.733118057250977
20.3251953125	24.669166564941406
19.91969871520996	23.685279846191406
18.800901412963867	22.85428237915039
18.088176727294922	21.29875946044922
20.442371368408203	24.541885375976562
18.49521827697754	22.166278839111328
20.00293731689453	24.24808120727539
19.441150665283203	23.03322982788086
19.894641876220703	23.74981689453125
19.790922164916992	23.384496688842773
17.724655151367188	20.86919593811035
17.827356338500977	21.929357528686523
18.72487449645996	22.54773712158203
19.995698928833008	23.212980270385742
18.834875106811523	22.32918930053711
19.13758087158203	23.061838150024414
18.974618911743164	22.848848342895508
20.462438583374023	23.763874053955078
19.030559539794922	22.747821807861328
19.24427032470703	22.577922821044922
18.719623565673828	22.673412322998047
19.84807586669922	23.331418991088867
20.297178268432617	24.67721176147461
20.00957679748535	24.31264877319336
19.542125701904297	23.04922103881836
21.351913452148438	24.519390106201172
20.148332595825195	24.377574920654297
19.510400772094727	22.6868839263916
19.284364700317383	23.774023056030273
19.76862335205078	22.746448516845703
18.61383819580078	22.163724899291992
20.858964920043945	24.793617248535156
20.805936813354492	25.190448760986328
19.643789291381836	23.765851974487305
21.444580078125	24.775056838989258
18.789749145507812	22.171554565429688
18.715038299560547	22.609336853027344
21.451128005981445	25.072555541992188
19.709135055541992	23.730876922607422
19.53301239013672	23.477306365966797
18.92738151550293	22.719802856445312
18.139986038208008	21.621417999267578
20.1512393951416	24.07437515258789
20.311948776245117	23.9965877532959
18.454978942871094	22.256088256835938
20.196475982666016	23.939075469970703
18.938961029052734	22.50000762939453
19.964475631713867	24.18780517578125
20.760147094726562	24.725601196289062
18.255741119384766	22.578231811523438
19.532915115356445	23.575462341308594
21.307024002075195	24.62697982788086
18.510725021362305	22.153425216674805
20.777626037597656	24.187955856323242
18.944124221801758	22.02564239501953
18.505125045776367	21.93856430053711
19.948715209960938	23.197202682495117
19.709575653076172	23.925495147705078
20.424659729003906	24.355243682861328
19.658340454101562	24.0693416595459
19.409101486206055	22.817821502685547
21.109394073486328	25.25033187866211
19.91913414001465	23.907316207885742
21.95342254638672	25.3099365234375
19.485689163208008	22.933086395263672
19.42713165283203	23.087779998779297
19.475820541381836	24.035158157348633
18.721338272094727	22.878297805786133
18.50337028503418	22.969392776489258
20.05333709716797	24.87456512451172
19.66150665283203	23.187280654907227
18.820348739624023	22.711711883544922
18.787376403808594	22.76848793029785
19.14175796508789	23.400636672973633
19.319276809692383	22.766809463500977
20.830810546875	24.093290328979492
20.625818252563477	24.647743225097656
18.323566436767578	22.82583999633789
20.018945693969727	23.999624252319336
20.276580810546875	24.484540939331055
20.30022430419922	24.251012802124023
19.834062576293945	23.0426025390625
19.349254608154297	22.701709747314453
18.85271453857422	22.744367599487305
19.14199447631836	23.021760940551758
18.922269821166992	22.652036666870117
20.239198684692383	24.436216354370117
19.37150764465332	22.974679946899414
19.288436889648438	23.268714904785156
18.407577514648438	22.646953582763672
18.723543167114258	22.855113983154297
20.390188217163086	23.513338088989258
19.379674911499023	23.05609703063965
18.829944610595703	22.460918426513672
18.563749313354492	22.348926544189453
18.445457458496094	22.328954696655273
18.88800621032715	22.954652786254883
18.836048126220703	22.864194869995117
19.544309616088867	23.6467227935791
19.783824920654297	23.175546646118164
19.229196548461914	22.718355178833008
19.427539825439453	23.047279357910156
20.484169006347656	23.718040466308594
19.790328979492188	23.79412078857422
21.094789505004883	24.91195297241211
18.965341567993164	22.785202026367188
19.132766723632812	22.794267654418945
19.255290985107422	22.78110122680664
19.450756072998047	23.126638412475586
19.822166442871094	23.803937911987305
19.7205753326416	23.515724182128906
21.561742782592773	25.90047836303711
20.275829315185547	23.692808151245117
17.823060989379883	21.242258071899414
18.369157791137695	22.018115997314453
19.070703506469727	22.377248764038086
18.620149612426758	22.257566452026367
20.1882266998291	23.41012954711914
20.03833770751953	23.683372497558594
18.090787887573242	21.912132263183594
18.91634750366211	21.947338104248047
19.956636428833008	23.332107543945312
17.847013473510742	20.890300750732422
19.416717529296875	22.57598114013672
20.389442443847656	23.99402618408203
19.396535873413086	23.298738479614258
20.135116577148438	23.065895080566406
19.511207580566406	23.096721649169922
20.008451461791992	23.46341323852539
17.836759567260742	20.93059730529785
20.13530731201172	23.444114685058594
18.6739559173584	22.07863998413086
19.479541778564453	23.244369506835938
19.487030029296875	22.760215759277344
19.252592086791992	22.585275650024414
18.752901077270508	22.605850219726562
19.853544235229492	23.098861694335938
22.052629470825195	25.122474670410156
19.21356964111328	21.993589401245117
20.570362091064453	24.255826950073242
18.612764358520508	22.06183624267578
20.427303314208984	24.102825164794922
20.643102645874023	24.144834518432617
19.6782169342041	22.97323989868164
20.372970581054688	23.771940231323242
20.718116760253906	24.574552536010742
19.839492797851562	23.665969848632812
18.399765014648438	21.988576889038086
20.60894203186035	24.0400333404541
19.968774795532227	23.714963912963867
18.659034729003906	22.930709838867188
19.355836868286133	22.625350952148438
21.047035217285156	24.490259170532227
20.343652725219727	24.35256576538086
21.01154327392578	24.40314292907715
17.768596649169922	21.901350021362305
19.521133422851562	23.546615600585938
18.542997360229492	21.863332748413086
19.68697738647461	24.079872131347656
20.058631896972656	23.729171752929688
19.92780876159668	24.301294326782227
21.68994903564453	25.717575073242188
20.91143226623535	24.777053833007812
18.90237808227539	22.094196319580078
20.8095703125	25.051576614379883
18.401500701904297	21.832120895385742
20.26221466064453	23.85068130493164
20.2681941986084	23.386510848999023
21.42962074279785	25.975961685180664
20.485797882080078	24.243356704711914
19.81641960144043	23.841440200805664
22.499868392944336	25.459959030151367
22.157724380493164	25.74264144897461
21.14712142944336	24.95077896118164
19.837749481201172	23.832902908325195
20.089025497436523	24.619169235229492
17.574378967285156	20.383495330810547
19.1790771484375	22.92617416381836
18.907285690307617	22.70458221435547
21.884567260742188	25.68024444580078
19.650423049926758	23.289085388183594
22.12982177734375	27.143692016601562
19.6205997467041	23.493576049804688
20.380489349365234	24.993532180786133
19.943422317504883	23.240198135375977
0.0	0.0
20.22484588623047	25.65050506591797
18.843250274658203	23.858802795410156
20.527204513549805	24.315290451049805
19.831153869628906	24.304088592529297
21.837007522583008	25.312463760375977
20.313095092773438	24.684396743774414
19.526865005493164	24.188661575317383
19.614015579223633	23.1975154876709
17.897991180419922	22.688074111938477
17.836206436157227	22.546180725097656
20.426559448242188	24.82378387451172
18.336135864257812	22.792343139648438
18.506010055541992	21.745338439941406
19.207204818725586	23.783126831054688
23.326929092407227	27.000730514526367
21.194202423095703	24.70465850830078
18.714948654174805	23.028549194335938
21.456436157226562	24.458995819091797
17.846872329711914	21.038606643676758
18.91063690185547	23.484621047973633
20.182043075561523	23.659387588500977
19.61481285095215	23.063072204589844
20.251420974731445	24.250364303588867
18.091917037963867	21.47027587890625
18.423297882080078	21.955286026000977
0.0	0.0
17.46465301513672	19.767148971557617
18.76361846923828	22.742332458496094
21.914409637451172	25.541746139526367
18.796510696411133	22.764314651489258
18.31168556213379	22.1000919342041
21.325794219970703	24.492116928100586
19.071697235107422	22.422447204589844
22.474365234375	26.42565155029297
17.947412490844727	22.002792358398438
19.684234619140625	22.989646911621094
21.316883087158203	25.3159236907959
19.902769088745117	23.35694122314453
17.711017608642578	21.674705505371094
22.170595169067383	26.02874755859375
18.632280349731445	23.082298278808594
21.524215698242188	25.07623291015625
19.28165626525879	24.190214157104492
19.576242446899414	23.41501235961914
20.02796173095703	23.73651695251465
21.790040969848633	25.45364761352539
20.50847625732422	24.766925811767578
22.771081924438477	25.97869300842285
23.307043075561523	26.628286361694336
20.464397430419922	23.244117736816406
24.0185489654541	28.773889541625977
20.71446990966797	25.021711349487305
20.952573776245117	24.79846954345703
23.384035110473633	27.3882999420166
18.504575729370117	21.5855770111084
17.920202255249023	20.957365036010742
17.626928329467773	19.83025360107422
18.981616973876953	22.0416202545166
17.474382400512695	19.22649383544922
17.514663696289062	19.896358489990234
17.73728370666504	20.79328155517578
18.012908935546875	21.51136016845703
18.069168090820312	21.236658096313477
18.042926788330078	20.743234634399414
17.998348236083984	20.668848037719727
17.434946060180664	19.77819061279297
17.571983337402344	20.591533660888672
17.815929412841797	18.528812408447266
18.38907814025879	21.336332321166992
18.329896926879883	21.79391860961914
17.551513671875	19.221630096435547
17.54625701904297	19.798892974853516
17.71030044555664	18.842466354370117
18.259145736694336	21.660219192504883
17.716585159301758	21.045106887817383
17.410825729370117	19.942184448242188
18.31072998046875	21.878068923950195
17.738588333129883	18.756488800048828
17.57394027709961	19.402585983276367
17.807308197021484	18.568876266479492
18.056135177612305	20.973859786987305
17.81764030456543	20.73162078857422
0.0	0.0
17.465391159057617	20.38671112060547
17.514307022094727	19.80315589904785
17.636198043823242	19.321739196777344
17.67243194580078	18.863513946533203
18.28636360168457	21.843904495239258
17.474384307861328	19.89099884033203
17.559938430786133	20.530927658081055
17.5996150970459	20.312952041625977
17.671340942382812	20.6119384765625
17.673873901367188	20.408567428588867
17.826379776000977	18.584840774536133
17.659610748291016	18.97112274169922
17.779132843017578	20.921714782714844
17.637126922607422	18.609102249145508
17.595670700073242	21.350534439086914
17.492019653320312	19.495742797851562
17.54658317565918	20.200050354003906
0.0	0.0
17.43621253967285	21.00216293334961
17.786022186279297	20.797168731689453
17.85276222229004	18.662494659423828
17.51160430908203	19.366100311279297
17.360132217407227	20.981590270996094
17.63225746154785	20.464733123779297
17.53983497619629	19.282468795776367
17.822063446044922	18.66239356994629
17.720504760742188	18.844684600830078
17.628053665161133	20.234996795654297
17.885089874267578	18.444068908691406
17.6397762298584	20.302919387817383
17.81366539001465	20.88519287109375
17.650297164916992	18.978918075561523
17.780887603759766	20.4805908203125
17.421646118164062	19.712879180908203
17.674150466918945	18.89061737060547
18.145381927490234	21.687427520751953
18.5467586517334	22.13235855102539
17.595813751220703	20.13396644592285
17.495529174804688	19.545480728149414
18.14665412902832	21.436220169067383
17.665687561035156	20.82415771484375
17.71485137939453	18.842924118041992
18.291784286499023	22.36292266845703
20.016616821289062	23.987882614135742
17.65137481689453	20.506336212158203
17.965211868286133	19.13426399230957
18.51262664794922	21.593463897705078
17.76050567626953	20.244279861450195
17.573640823364258	19.2978458404541
17.65380096435547	18.736892700195312
17.93709945678711	21.757741928100586
17.671998977661133	18.798351287841797
17.795812606811523	21.152658462524414
17.75749397277832	21.746566772460938
17.618101119995117	21.049095153808594
18.29405975341797	21.350208282470703
17.571409225463867	19.130661010742188
17.51289939880371	20.03057289123535
17.350404739379883	20.30122184753418
18.475696563720703	21.972047805786133
17.447927474975586	20.07867431640625
17.438913345336914	19.4351863861084
17.881759643554688	20.5620059967041
17.59718132019043	19.09760093688965
19.006977081298828	22.214834213256836
17.527835845947266	19.96355628967285
17.844131469726562	21.277345657348633
18.979469299316406	22.29046058654785
17.65103530883789	20.48162269592285
17.59617042541504	20.04222297668457
19.546375274658203	23.124773025512695
18.53938102722168	21.644948959350586
18.372026443481445	22.267637252807617
18.471384048461914	22.246715545654297
17.593608856201172	19.310161590576172
17.367549896240234	21.126073837280273
18.478551864624023	22.006006240844727
17.529521942138672	19.352624893188477
17.533966064453125	20.578475952148438
19.547325134277344	23.468259811401367
17.69505500793457	18.860427856445312
0.0	0.0
17.6666202545166	19.98853302001953
17.613691329956055	19.044506072998047
17.595266342163086	19.243688583374023
19.057771682739258	22.296289443969727
17.72959327697754	20.032852172851562
17.611852645874023	19.84546661376953
17.473867416381836	20.633859634399414
18.794191360473633	21.54587173461914
17.653139114379883	19.195070266723633
19.89451789855957	23.552885055541992
18.126863479614258	21.047718048095703
18.1790828704834	21.460439682006836
18.033462524414062	21.451745986938477
17.666797637939453	18.962223052978516
18.020774841308594	21.20815658569336
17.520170211791992	19.627838134765625
17.709243774414062	21.228864669799805
21.5246524810791	25.670381546020508
20.92890167236328	24.820266723632812
20.610212326049805	24.26703453063965
20.997888565063477	24.804410934448242
20.696819305419922	24.427705764770508
21.369844436645508	25.155813217163086
20.211715698242188	23.412525177001953
21.286584854125977	25.8267879486084
20.481975555419922	24.291791915893555
21.321090698242188	25.18448257446289
19.316930770874023	23.280014038085938
18.009071350097656	21.755626678466797
19.816791534423828	23.326574325561523
21.004505157470703	24.395055770874023
19.731487274169922	23.24405288696289
20.184040069580078	23.309467315673828
23.086172103881836	27.272789001464844
20.637117385864258	23.597558975219727
20.203571319580078	24.40631675720215
20.75118637084961	23.473615646362305
21.36382484436035	25.503477096557617
20.631242752075195	24.368139266967773
18.865650177001953	22.604354858398438
21.397296905517578	25.242237091064453
24.250364303588867	28.338159561157227
21.961942672729492	25.402233123779297
21.79879379272461	25.419221878051758
20.92304039001465	24.165298461914062
20.468259811401367	23.988567352294922
22.155214309692383	25.8231143951416
20.98516845703125	24.456193923950195
21.515880584716797	25.842971801757812
20.449180603027344	23.811826705932617
23.229177474975586	27.321313858032227
21.732192993164062	24.79332733154297
23.1824893951416	27.837202072143555
19.04090118408203	22.86099624633789
18.628021240234375	22.355863571166992
21.775672912597656	25.342199325561523
21.01572036743164	24.421894073486328
20.887224197387695	24.55963706970215
20.796987533569336	25.071626663208008
23.772926330566406	28.432100296020508
20.491456985473633	24.48040008544922
21.340930938720703	24.505910873413086
20.286352157592773	23.484827041625977
18.040620803833008	21.1420841217041
21.027536392211914	25.603622436523438
20.368101119995117	23.85940170288086
22.02460289001465	26.208335876464844
22.84662437438965	26.847455978393555
23.07904052734375	27.413890838623047
21.355754852294922	25.281984329223633
18.240922927856445	23.57015609741211
19.594018936157227	23.144304275512695
20.989965438842773	24.608505249023438
20.813833236694336	24.758316040039062
20.054044723510742	24.54165267944336
20.356781005859375	24.307466506958008
21.501445770263672	25.16854476928711
20.699296951293945	24.693693161010742
21.417156219482422	24.725263595581055
21.902416229248047	26.039649963378906
21.740278244018555	25.51931381225586
20.521240234375	24.75261878967285
18.98575210571289	23.214879989624023
20.037588119506836	23.197778701782227
19.995689392089844	23.6518611907959
20.69475555419922	24.09204864501953
20.570802688598633	25.368419647216797
20.382064819335938	23.426189422607422
20.725627899169922	24.549165725708008
19.724328994750977	23.028553009033203
21.173240661621094	25.512998580932617
20.903928756713867	24.924396514892578
22.70276641845703	25.56928062438965
17.70315170288086	21.772972106933594
20.689672470092773	24.763595581054688
19.253698348999023	23.385156631469727
19.593219757080078	22.934621810913086
20.460962295532227	24.026811599731445
21.388330459594727	25.11199378967285
20.33844566345215	23.470949172973633
19.330745697021484	23.79471206665039
20.388887405395508	23.972332000732422
19.155611038208008	22.9373836517334
21.117076873779297	25.487815856933594
18.326452255249023	21.847253799438477
19.66299057006836	23.579633712768555
20.01523208618164	23.95113754272461
20.348121643066406	24.2925968170166
20.389917373657227	23.392011642456055
19.085006713867188	23.179025650024414
19.054065704345703	22.855792999267578
20.034360885620117	23.23476791381836
21.614286422729492	26.0047550201416
18.334909439086914	21.46985626220703
19.14666175842285	22.233749389648438
21.00672149658203	24.44922637939453
21.860694885253906	25.144569396972656
19.488370895385742	23.549415588378906
21.044445037841797	24.87420082092285
19.003990173339844	23.311262130737305
21.947608947753906	25.83298110961914
21.574108123779297	25.225730895996094
22.410531997680664	26.4997615814209
19.661237716674805	23.071208953857422
20.85629653930664	23.90155029296875
21.192646026611328	24.959606170654297
21.25705337524414	24.824316024780273
22.719202041625977	26.257856369018555
22.126789093017578	26.08666229248047
21.65241241455078	26.803071975708008
21.946592330932617	25.993846893310547
20.908161163330078	25.46869659423828
20.98090171813965	24.321792602539062
20.115575790405273	24.475881576538086
21.64786148071289	25.50476837158203
20.11041831970215	23.475439071655273
22.30417251586914	26.373281478881836
19.55484962463379	23.35065269470215
18.760040283203125	22.493667602539062
21.085729598999023	24.913612365722656
21.542600631713867	24.898887634277344
19.528060913085938	24.101167678833008
20.03680992126465	23.41808319091797
20.55615234375	24.687406539916992
21.623462677001953	25.403457641601562
