0	0	0	0	6.0218693e+01
0	0	0	1	-7.2062950e+01
0	0	0	2	1.4041914e+02
0	0	0	3	-4.3110790e+01
0	0	0	4	-2.5746078e+01
0	0	0	5	-3.4033062e+01
0	0	0	6	2.1022152e+01
0	0	0	7	-1.2702420e+00
0	0	0	8	-2.9281229e+01
0	0	0	9	1.2987878e+02
0	0	0	10	-3.4478622e+01
0	0	0	11	6.7404213e+01
0	0	0	12	-1.6385956e+02
0	0	0	13	-7.1783058e+01
0	0	0	14	-7.4383644e+01
0	0	0	15	8.2198677e+00
0	0	0	16	-1.6274142e+02
0	0	0	17	-2.3262651e+02
0	0	0	18	-9.0494965e+01
0	0	0	19	-2.3432742e+02
0	0	0	20	-1.6471443e+02
0	0	0	21	-1.4486113e+02
0	0	0	22	-2.2377025e+02
0	0	0	23	-1.3728552e+02
0	0	0	24	-1.7270045e+02
0	0	0	25	-1.1759811e+02
0	0	0	26	-2.0041945e+02
0	0	0	27	-1.7899698e+02
0	0	0	28	-1.3562793e+02
0	0	0	29	-1.7256010e+02
0	0	0	30	-1.3863022e+02
0	0	0	31	-1.0657272e+02
0	0	0	32	-1.4152675e+02
0	0	0	33	-2.0457294e+02
0	0	0	34	6.4113483e+02
0	0	0	35	5.9091107e+02
0	0	0	36	5.9685681e+02
0	0	0	37	5.6730066e+02
0	0	0	38	5.6087811e+02
0	0	0	39	6.9509662e+02
0	0	0	40	5.5394720e+02
0	0	0	41	6.1407550e+02
0	0	0	42	7.0834552e+02
0	0	0	43	6.8378003e+02
0	0	0	44	7.1896869e+02
0	0	0	45	6.4423053e+02
0	0	0	46	7.4788129e+02
0	0	0	47	6.8066986e+02
0	0	0	48	7.0399176e+02
0	0	0	49	5.8588916e+02
0	0	0	50	6.3689661e+02
0	0	0	51	1.2368669e+03
0	0	0	52	1.2865205e+03
0	0	0	53	8.1837573e+02
0	0	0	54	8.7286133e+02
0	0	0	55	9.2702094e+02
0	0	0	56	1.1490332e+03
0	0	0	57	1.0369529e+03
0	0	0	58	9.3965112e+02
0	0	0	59	8.5525421e+02
0	0	0	60	9.6757617e+02
0	0	0	61	7.4908197e+02
0	0	0	62	8.4060968e+02
0	0	0	63	9.7549268e+02
0	0	1	0	3.2444296e+02
0	0	1	1	2.2897804e+02
0	0	1	2	1.5434967e+02
0	0	1	3	1.4845442e+02
0	0	1	4	1.1432892e+02
0	0	1	5	3.1398703e+02
0	0	1	6	1.4463303e+02
0	0	1	7	2.1320369e+02
0	0	1	8	1.1071349e+02
0	0	1	9	1.7176125e+02
0	0	1	10	2.5420471e+02
0	0	1	11	1.1437913e+02
0	0	1	12	1.1024847e+02
0	0	1	13	1.9198344e+02
0	0	1	14	5.6389549e+01
0	0	1	15	1.0676846e+02
0	0	1	16	9.8529716e+01
0	0	1	17	1.9874501e+02
0	0	1	18	2.0573743e+02
0	0	1	19	1.9653699e+02
0	0	1	20	7.8391197e+01
0	0	1	21	7.8582481e+01
0	0	1	22	7.6885132e+01
0	0	1	23	9.3574348e+01
0	0	1	24	1.2612849e+02
0	0	1	25	1.2230054e+02
0	0	1	26	-1.9520094e+01
0	0	1	27	9.7236214e+01
0	0	1	28	6.6884300e+01
0	0	1	29	2.0151115e+01
0	0	1	30	1.3445779e+02
0	0	1	31	2.2562487e+01
0	0	1	32	2.7786301e+01
0	0	1	33	2.0072130e+01
0	0	1	34	6.7020435e+02
0	0	1	35	6.3957489e+02
0	0	1	36	6.9628406e+02
0	0	1	37	6.6482812e+02
0	0	1	38	8.2602814e+02
0	0	1	39	6.3138196e+02
0	0	1	40	7.3400958e+02
0	0	1	41	6.3559784e+02
0	0	1	42	7.0987976e+02
0	0	1	43	6.6510571e+02
0	0	1	44	6.6749536e+02
0	0	1	45	7.0202814e+02
0	0	1	46	7.1200391e+02
0	0	1	47	6.2693359e+02
0	0	1	48	6.7882147e+02
0	0	1	49	5.7989471e+02
0	0	1	50	7.2391718e+02
0	0	1	51	1.3493204e+03
0	0	1	52	1.3087662e+03
0	0	1	53	8.8855829e+02
0	0	1	54	9.5975659e+02
0	0	1	55	9.0204346e+02
0	0	1	56	1.0857080e+03
0	0	1	57	1.0702485e+03
0	0	1	58	1.0242253e+03
0	0	1	59	9.6677704e+02
0	0	1	60	9.9636194e+02
0	0	1	61	9.9324127e+02
0	0	1	62	1.0152520e+03
0	0	1	63	1.0537953e+03
0	0	2	0	2.9747485e+02
0	0	2	1	1.7357948e+02
0	0	2	2	2.5363783e+02
0	0	2	3	2.6355447e+02
0	0	2	4	2.1573584e+02
0	0	2	5	2.3407364e+02
0	0	2	6	2.6767947e+02
0	0	2	7	2.7030328e+02
0	0	2	8	2.1706593e+02
0	0	2	9	4.3173978e+02
0	0	2	10	1.6489755e+02
0	0	2	11	2.2728217e+02
0	0	2	12	8.8830368e+01
0	0	2	13	1.4376039e+02
0	0	2	14	2.1355611e+02
0	0	2	15	2.3178448e+02
0	0	2	16	1.2373672e+02
0	0	2	17	7.4806061e+01
0	0	2	18	3.0160128e+01
0	0	2	19	5.1790310e+01
0	0	2	20	5.9919399e+01
0	0	2	21	1.2944162e+02
0	0	2	22	1.4275700e+02
0	0	2	23	1.2232887e+02
0	0	2	24	-5.2168827e+00
0	0	2	25	1.2636295e+02
0	0	2	26	2.3700833e+02
0	0	2	27	1.1829345e+02
0	0	2	28	7.7834625e+01
0	0	2	29	1.4359579e+02
0	0	2	30	1.7431129e+02
0	0	2	31	9.6358513e+01
0	0	2	32	7.9650345e+01
0	0	2	33	1.0116015e+02
0	0	2	34	7.2712781e+02
0	0	2	35	8.0286920e+02
0	0	2	36	8.4771027e+02
0	0	2	37	8.0629816e+02
0	0	2	38	7.5948376e+02
0	0	2	39	7.6191681e+02
0	0	2	40	8.1043488e+02
0	0	2	41	7.4631946e+02
0	0	2	42	8.3792670e+02
0	0	2	43	8.5239587e+02
0	0	2	44	7.7554694e+02
0	0	2	45	7.8386389e+02
0	0	2	46	8.2094830e+02
0	0	2	47	8.1101172e+02
0	0	2	48	8.8603113e+02
0	0	2	49	8.9075922e+02
0	0	2	50	7.9486267e+02
0	0	2	51	1.5006412e+03
0	0	2	52	1.4807319e+03
0	0	2	53	1.0980824e+03
0	0	2	54	1.2558699e+03
0	0	2	55	1.1139222e+03
0	0	2	56	1.3354349e+03
0	0	2	57	1.1984445e+03
0	0	2	58	1.1388275e+03
0	0	2	59	1.1038800e+03
0	0	2	60	1.2281234e+03
0	0	2	61	1.0689639e+03
0	0	2	62	1.0872085e+03
0	0	2	63	1.2059485e+03
0	0	3	0	2.3718263e+02
0	0	3	1	4.3322529e+01
0	0	3	2	1.0716488e+01
0	0	3	3	-2.6545052e+01
0	0	3	4	-2.1546307e+01
0	0	3	5	6.4545532e+01
0	0	3	6	-1.9185717e+01
0	0	3	7	1.2108912e+01
0	0	3	8	1.5694257e+00
0	0	3	9	-4.9119973e+00
0	0	3	10	2.8644680e+01
0	0	3	11	-3.3008953e+01
0	0	3	12	-5.5148930e+01
0	0	3	13	-3.4185513e+01
0	0	3	14	-4.4215736e+01
0	0	3	15	3.2580631e+01
0	0	3	16	-4.1724190e+01
0	0	3	17	4.3706470e+00
0	0	3	18	-9.3322311e+01
0	0	3	19	-2.2484308e+01
0	0	3	20	-1.7676830e+02
0	0	3	21	-1.6206648e+02
0	0	3	22	-7.1475334e+01
0	0	3	23	-6.4199133e+00
0	0	3	24	-2.3989343e+02
0	0	3	25	-1.6933835e+02
0	0	3	26	-1.7944510e+02
0	0	3	27	-1.1183340e+02
0	0	3	28	-2.0243460e+02
0	0	3	29	-2.3807817e+02
0	0	3	30	-2.4941760e+02
0	0	3	31	-2.0795476e+02
0	0	3	32	-1.8729543e+02
0	0	3	33	-2.6600922e+02
0	0	3	34	5.1706396e+02
0	0	3	35	4.1152875e+02
0	0	3	36	4.3733783e+02
0	0	3	37	3.9746393e+02
0	0	3	38	5.2328687e+02
0	0	3	39	4.2305338e+02
0	0	3	40	4.6212778e+02
0	0	3	41	4.4990707e+02
0	0	3	42	4.7514435e+02
0	0	3	43	4.4270032e+02
0	0	3	44	4.9476712e+02
0	0	3	45	3.7110266e+02
0	0	3	46	4.3209244e+02
0	0	3	47	3.3022174e+02
0	0	3	48	3.4908502e+02
0	0	3	49	4.4677783e+02
0	0	3	50	4.2843979e+02
0	0	3	51	9.3035065e+02
0	0	3	52	1.0158123e+03
0	0	3	53	6.8517322e+02
0	0	3	54	7.3428137e+02
0	0	3	55	7.3525763e+02
0	0	3	56	8.7794537e+02
0	0	3	57	8.6482245e+02
0	0	3	58	7.4969336e+02
0	0	3	59	7.5089905e+02
0	0	3	60	6.8437823e+02
0	0	3	61	6.8311279e+02
0	0	3	62	6.6855579e+02
0	0	3	63	7.2796484e+02
0	0	4	0	-1.3722929e+02
0	0	4	1	-1.8645651e+02
0	0	4	2	-8.4066017e+01
0	0	4	3	-1.9537158e+02
0	0	4	4	-1.5800502e+02
0	0	4	5	-1.0731039e+02
0	0	4	6	-7.1615929e+01
0	0	4	7	-1.8611090e+02
0	0	4	8	-2.3254622e+02
0	0	4	9	-1.0967523e+02
0	0	4	10	-1.9821318e+02
0	0	4	11	-1.1906908e+02
0	0	4	12	-2.5943802e+02
0	0	4	13	-1.8751550e+02
0	0	4	14	-1.8138411e+02
0	0	4	15	-2.1968134e+02
0	0	4	16	-3.1145850e+02
0	0	4	17	-3.8719785e+02
0	0	4	18	-3.0861380e+02
0	0	4	19	-3.6906168e+02
0	0	4	20	-3.3044144e+02
0	0	4	21	-3.8384305e+02
0	0	4	22	-2.5749411e+02
0	0	4	23	-3.4175583e+02
0	0	4	24	-3.2968402e+02
0	0	4	25	-2.7010187e+02
0	0	4	26	-2.7905179e+02
0	0	4	27	-1.8044463e+02
0	0	4	28	-2.9605154e+02
0	0	4	29	-3.3704562e+02
0	0	4	30	-3.0158978e+02
0	0	4	31	-2.9504330e+02
0	0	4	32	-3.0804303e+02
0	0	4	33	-3.5087534e+02
0	0	4	34	4.5758032e+02
0	0	4	35	4.1451776e+02
0	0	4	36	4.3480667e+02
0	0	4	37	3.9577444e+02
0	0	4	38	4.1486850e+02
0	0	4	39	4.5103152e+02
0	0	4	40	4.3331778e+02
0	0	4	41	4.2276971e+02
0	0	4	42	4.8053607e+02
0	0	4	43	4.7143616e+02
0	0	4	44	5.9857147e+02
0	0	4	45	4.9775766e+02
0	0	4	46	5.5575433e+02
0	0	4	47	4.5134186e+02
0	0	4	48	6.3904395e+02
0	0	4	49	5.6936566e+02
0	0	4	50	4.5318106e+02
0	0	4	51	1.1972413e+03
0	0	4	52	1.1712802e+03
0	0	4	53	7.2879755e+02
0	0	4	54	7.9912170e+02
0	0	4	55	8.7946747e+02
0	0	4	56	9.4131604e+02
0	0	4	57	9.2976031e+02
0	0	4	58	8.0443768e+02
0	0	4	59	7.9046942e+02
0	0	4	60	8.1248065e+02
0	0	4	61	7.0307935e+02
0	0	4	62	6.8709039e+02
0	0	4	63	8.2307867e+02
0	0	5	0	-1.6510020e+02
0	0	5	1	-2.6141110e+02
0	0	5	2	-3.8533148e+02
0	0	5	3	-2.9634454e+02
0	0	5	4	-3.7672794e+02
0	0	5	5	-2.7786365e+02
0	0	5	6	-3.3791824e+02
0	0	5	7	-1.9532439e+02
0	0	5	8	-2.6444736e+02
0	0	5	9	-3.2698886e+02
0	0	5	10	-2.4531236e+02
0	0	5	11	-3.7154816e+02
0	0	5	12	-4.1451154e+02
0	0	5	13	-3.4526288e+02
0	0	5	14	-3.4689230e+02
0	0	5	15	-2.6623145e+02
0	0	5	16	-2.2202034e+02
0	0	5	17	-3.9862555e+02
0	0	5	18	-4.3881659e+02
0	0	5	19	-2.4065627e+02
0	0	5	20	-4.4664767e+02
0	0	5	21	-4.5543961e+02
0	0	5	22	-3.6698062e+02
0	0	5	23	-4.4722192e+02
0	0	5	24	-4.6955707e+02
0	0	5	25	-4.2044745e+02
0	0	5	26	-4.4355078e+02
0	0	5	27	-4.6992108e+02
0	0	5	28	-4.6883920e+02
0	0	5	29	-5.6710571e+02
0	0	5	30	-4.6198761e+02
0	0	5	31	-5.2545624e+02
0	0	5	32	-5.3259277e+02
0	0	5	33	-5.4905090e+02
0	0	5	34	1.0985036e+02
0	0	5	35	9.8743462e+01
0	0	5	36	1.9538242e+02
0	0	5	37	1.7480151e+02
0	0	5	38	2.1877541e+02
0	0	5	39	1.0030518e+02
0	0	5	40	1.9796350e+02
0	0	5	41	1.4143489e+02
0	0	5	42	2.2372600e+02
0	0	5	43	1.1063354e+02
0	0	5	44	2.2924034e+02
0	0	5	45	1.1967516e+02
0	0	5	46	1.4765701e+02
0	0	5	47	1.0297439e+02
0	0	5	48	1.0619715e+02
0	0	5	49	1.8328796e+02
0	0	5	50	1.8671062e+02
0	0	5	51	7.7751990e+02
0	0	5	52	8.2930579e+02
0	0	5	53	4.1646307e+02
0	0	5	54	4.5788522e+02
0	0	5	55	4.8487076e+02
0	0	5	56	6.2271558e+02
0	0	5	57	6.4596246e+02
0	0	5	58	5.3356848e+02
0	0	5	59	5.1444495e+02
0	0	5	60	4.7993497e+02
0	0	5	61	4.1066446e+02
0	0	5	62	5.4259924e+02
0	0	5	63	4.8222650e+02
0	0	6	0	-9.1171387e+01
0	0	6	1	-1.9864792e+02
0	0	6	2	-1.6455045e+02
0	0	6	3	-1.5792332e+02
0	0	6	4	-1.0722949e+02
0	0	6	5	-1.5960062e+02
0	0	6	6	-1.1592905e+02
0	0	6	7	-1.8481229e+02
0	0	6	8	-2.0762051e+02
0	0	6	9	-1.4662747e+02
0	0	6	10	-2.6072644e+02
0	0	6	11	-1.4788499e+02
0	0	6	12	-2.4804652e+02
0	0	6	13	-1.4531416e+02
0	0	6	14	-2.0661865e+02
0	0	6	15	-2.3409209e+02
0	0	6	16	-3.6794775e+02
0	0	6	17	-3.9305075e+02
0	0	6	18	-3.4981531e+02
0	0	6	19	-3.1211151e+02
0	0	6	20	-4.5671027e+02
0	0	6	21	-3.4854666e+02
0	0	6	22	-2.9711212e+02
0	0	6	23	-3.0899365e+02
0	0	6	24	-2.7987073e+02
0	0	6	25	-2.4631744e+02
0	0	6	26	-2.8270630e+02
0	0	6	27	-2.4754871e+02
0	0	6	28	-2.9217975e+02
0	0	6	29	-3.4981488e+02
0	0	6	30	-3.1482181e+02
0	0	6	31	-3.6712491e+02
0	0	6	32	-3.0634009e+02
0	0	6	33	-3.3435388e+02
0	0	6	34	3.9082071e+02
0	0	6	35	4.2589520e+02
0	0	6	36	4.5529706e+02
0	0	6	37	5.6954346e+02
0	0	6	38	4.7824969e+02
0	0	6	39	4.5869943e+02
0	0	6	40	4.2791080e+02
0	0	6	41	4.2961246e+02
0	0	6	42	6.6862463e+02
0	0	6	43	4.8329962e+02
0	0	6	44	6.6597784e+02
0	0	6	45	4.9127783e+02
0	0	6	46	1.3278070e+03
0	0	6	47	4.4864795e+02
0	0	6	48	5.4595874e+02
0	0	6	49	1.3313988e+03
0	0	6	50	5.5468384e+02
0	0	6	51	1.0659548e+03
0	0	6	52	1.1325571e+03
0	0	6	53	7.5356830e+02
0	0	6	54	7.6272229e+02
0	0	6	55	9.0849103e+02
0	0	6	56	9.6379175e+02
0	0	6	57	9.1406274e+02
0	0	6	58	7.9601410e+02
0	0	6	59	7.3030573e+02
0	0	6	60	8.6572833e+02
0	0	6	61	8.0787396e+02
0	0	6	62	7.4522699e+02
0	0	6	63	9.0794122e+02
0	0	7	0	9.1124084e+01
0	0	7	1	-1.8477780e+02
0	0	7	2	-1.8844522e+02
0	0	7	3	-1.8214366e+02
0	0	7	4	-2.5445035e+02
0	0	7	5	-8.1399483e+01
0	0	7	6	-2.4747466e+02
0	0	7	7	-1.1752833e+02
0	0	7	8	-2.3541428e+02
0	0	7	9	-2.0060237e+02
0	0	7	10	-1.1786652e+02
0	0	7	11	-3.0516443e+02
0	0	7	12	-3.5259921e+02
0	0	7	13	-1.9859995e+02
0	0	7	14	-2.6329901e+02
0	0	7	15	-1.7530165e+02
0	0	7	16	-3.2933124e+02
0	0	7	17	-2.0863947e+02
0	0	7	18	-2.8278378e+02
0	0	7	19	2.0914670e+03
0	0	7	20	-3.8297855e+02
0	0	7	21	-2.9525272e+02
0	0	7	22	-2.9528516e+02
0	0	7	23	-3.0649326e+02
0	0	7	24	-4.6830173e+02
0	0	7	25	-3.0365765e+02
0	0	7	26	-3.1841241e+02
0	0	7	27	-3.8006079e+02
0	0	7	28	-3.4640894e+02
0	0	7	29	-3.7956516e+02
0	0	7	30	-4.0912003e+02
0	0	7	31	-4.0948157e+02
0	0	7	32	-4.8948077e+02
0	0	7	33	-5.2724615e+02
0	0	7	34	1.8667612e+02
0	0	7	35	1.9077612e+02
0	0	7	36	2.3011897e+02
0	0	7	37	3.0013150e+02
0	0	7	38	2.8418420e+02
0	0	7	39	2.5093672e+02
0	0	7	40	1.5724663e+02
0	0	7	41	1.6359113e+02
0	0	7	42	2.1297926e+02
0	0	7	43	1.4903210e+02
0	0	7	44	1.9120131e+02
0	0	7	45	1.8819948e+02
0	0	7	46	2.0465869e+02
0	0	7	47	2.3539822e+02
0	0	7	48	1.2188205e+02
0	0	7	49	1.8833127e+02
0	0	7	50	2.3484656e+02
0	0	7	51	7.7938611e+02
0	0	7	52	7.0664667e+02
0	0	7	53	3.6595184e+02
0	0	7	54	4.7809305e+02
0	0	7	55	4.2253882e+02
0	0	7	56	5.3553265e+02
0	0	7	57	5.4774133e+02
0	0	7	58	4.9750140e+02
0	0	7	59	4.8425314e+02
0	0	7	60	4.2243454e+02
0	0	7	61	4.3866937e+02
0	0	7	62	4.5527396e+02
0	0	7	63	4.5011523e+02
0	0	8	0	-3.4786459e+02
0	0	8	1	-3.2114130e+02
0	0	8	2	-1.8490744e+02
0	0	8	3	-3.9457614e+02
0	0	8	4	-3.5008072e+02
0	0	8	5	-3.3588049e+02
0	0	8	6	-3.6066980e+02
0	0	8	7	-2.9728900e+02
0	0	8	8	-3.8985364e+02
0	0	8	9	-2.9971329e+02
0	0	8	10	-4.4158517e+02
0	0	8	11	-3.1592719e+02
0	0	8	12	-3.8521262e+02
0	0	8	13	-2.9808121e+02
0	0	8	14	-4.8109195e+02
0	0	8	15	-2.7145020e+02
0	0	8	16	-6.1637524e+02
0	0	8	17	-5.6760376e+02
0	0	8	18	-5.1809753e+02
0	0	8	19	-6.2098315e+02
0	0	8	20	-5.0558002e+02
0	0	8	21	-6.1412140e+02
0	0	8	22	-4.9961148e+02
0	0	8	23	-5.8142090e+02
0	0	8	24	-5.3891339e+02
0	0	8	25	-4.4833322e+02
0	0	8	26	-5.5355615e+02
0	0	8	27	-4.3007019e+02
0	0	8	28	-4.5835974e+02
0	0	8	29	-4.7121344e+02
0	0	8	30	-4.8710504e+02
0	0	8	31	-4.1616345e+02
0	0	8	32	-4.9547260e+02
0	0	8	33	-4.6151874e+02
0	0	8	34	2.5618338e+02
0	0	8	35	2.7858997e+02
0	0	8	36	2.3166905e+02
0	0	8	37	2.6754620e+02
0	0	8	38	2.2846919e+02
0	0	8	39	3.5477759e+02
0	0	8	40	2.9588406e+02
0	0	8	41	2.4231943e+02
0	0	8	42	3.3687274e+02
0	0	8	43	3.5895609e+02
0	0	8	44	3.6959586e+02
0	0	8	45	2.6740900e+02
0	0	8	46	3.3915536e+02
0	0	8	47	2.6964240e+02
0	0	8	48	3.1299094e+02
0	0	8	49	2.7731427e+02
0	0	8	50	3.3376083e+02
0	0	8	51	9.8859656e+02
0	0	8	52	8.9794525e+02
0	0	8	53	6.5726331e+02
0	0	8	54	5.4175293e+02
0	0	8	55	6.6880573e+02
0	0	8	56	7.6998358e+02
0	0	8	57	8.7172449e+02
0	0	8	58	5.3236316e+02
0	0	8	59	5.5560004e+02
0	0	8	60	6.7256049e+02
0	0	8	61	4.9996124e+02
0	0	8	62	5.3718243e+02
0	0	8	63	7.3010052e+02
0	0	9	0	-2.2006856e+02
0	0	9	1	-2.6164197e+02
0	0	9	2	-3.7426126e+02
0	0	9	3	-2.3532268e+02
0	0	9	4	-4.5279007e+02
0	0	9	5	-3.6252893e+02
0	0	9	6	-3.4524652e+02
0	0	9	7	-3.1138559e+02
0	0	9	8	-3.1541562e+02
0	0	9	9	-4.0931174e+02
0	0	9	10	-3.2610870e+02
0	0	9	11	-4.0230350e+02
0	0	9	12	-4.2421606e+02
0	0	9	13	-3.6504776e+02
0	0	9	14	-4.3309586e+02
0	0	9	15	-2.3563080e+02
0	0	9	16	-4.5741882e+02
0	0	9	17	-4.0093948e+02
0	0	9	18	-4.1067453e+02
0	0	9	19	-3.8094092e+02
0	0	9	20	-5.5679993e+02
0	0	9	21	-4.5026572e+02
0	0	9	22	-4.8066037e+02
0	0	9	23	-4.1835129e+02
0	0	9	24	-5.0630478e+02
0	0	9	25	-4.7247565e+02
0	0	9	26	-4.8687000e+02
0	0	9	27	-5.7989215e+02
0	0	9	28	-5.2395825e+02
0	0	9	29	-6.1362238e+02
0	0	9	30	-5.7471930e+02
0	0	9	31	-6.3308722e+02
0	0	9	32	-5.6600739e+02
0	0	9	33	-6.3574524e+02
0	0	9	34	9.0888504e+01
0	0	9	35	8.5112333e+00
0	0	9	36	1.2776849e+02
0	0	9	37	5.1344864e+01
0	0	9	38	1.0906989e+02
0	0	9	39	-2.2386606e+01
0	0	9	40	1.1938242e+02
0	0	9	41	-3.5875233e+01
0	0	9	42	1.0044723e+01
0	0	9	43	1.3931015e+01
0	0	9	44	7.2033417e+01
0	0	9	45	-6.3106351e+00
0	0	9	46	3.5659771e+01
0	0	9	47	7.8679161e+01
0	0	9	48	2.6729805e+01
0	0	9	49	-5.2896152e+01
0	0	9	50	1.3231493e+02
0	0	9	51	6.8313403e+02
0	0	9	52	7.0532141e+02
0	0	9	53	3.0458920e+02
0	0	9	54	3.1648535e+02
0	0	9	55	2.4956702e+02
0	0	9	56	4.7046448e+02
0	0	9	57	4.6938699e+02
0	0	9	58	4.1047397e+02
0	0	9	59	3.6921637e+02
0	0	9	60	3.0536957e+02
0	0	9	61	3.2624786e+02
0	0	9	62	3.8775909e+02
0	0	9	63	3.5180350e+02
0	0	10	0	6.9418945e+01
0	0	10	1	-3.7599106e+01
0	0	10	2	1.2607808e+02
0	0	10	3	-7.7007399e+00
0	0	10	4	8.9837357e+01
0	0	10	5	4.8007362e+01
0	0	10	6	6.2950134e+01
0	0	10	7	1.3322113e+02
0	0	10	8	4.5371250e+01
0	0	10	9	1.4804739e+02
0	0	10	10	8.6796455e+00
0	0	10	11	7.5107994e+01
0	0	10	12	-3.3205517e+01
0	0	10	13	8.5835648e+00
0	0	10	14	-7.1246643e+01
0	0	10	15	-7.1994667e+01
0	0	10	16	-1.7683044e+02
0	0	10	17	-1.4852541e+02
0	0	10	18	-8.2659142e+01
0	0	10	19	-1.2585406e+02
0	0	10	20	-1.9618963e+01
0	0	10	21	-1.8429694e+02
0	0	10	22	-2.4569906e+01
0	0	10	23	-7.9034142e+01
0	0	10	24	-1.1064589e+02
0	0	10	25	-3.4713585e+01
0	0	10	26	-1.5687573e+02
0	0	10	27	1.2437187e+04
0	0	10	28	-2.5005611e+01
0	0	10	29	-8.5750114e+01
0	0	10	30	-1.0417480e+02
0	0	10	31	-6.9803070e+01
0	0	10	32	-1.1112115e+02
0	0	10	33	-1.5834450e+02
0	0	10	34	5.7439282e+02
0	0	10	35	6.0274054e+02
0	0	10	36	6.8427283e+02
0	0	10	37	6.5906317e+02
0	0	10	38	6.0335645e+02
0	0	10	39	6.9000397e+02
0	0	10	40	6.8136121e+02
0	0	10	41	7.2049152e+02
0	0	10	42	6.9337500e+02
0	0	10	43	7.0957843e+02
0	0	10	44	7.8062860e+02
0	0	10	45	6.5357275e+02
0	0	10	46	7.4873810e+02
0	0	10	47	6.1298334e+02
0	0	10	48	6.9585229e+02
0	0	10	49	7.1588757e+02
0	0	10	50	7.7228320e+02
0	0	10	51	1.3729637e+03
0	0	10	52	1.3129973e+03
0	0	10	53	9.0957227e+02
0	0	10	54	8.5893250e+02
0	0	10	55	1.0109254e+03
0	0	10	56	1.1266320e+03
0	0	10	57	1.0567130e+03
0	0	10	58	1.0392629e+03
0	0	10	59	9.4654523e+02
0	0	10	60	1.0065276e+03
0	0	10	61	8.2550629e+02
0	0	10	62	8.6352393e+02
0	0	10	63	1.0015906e+03
0	0	11	0	1.3407585e+02
0	0	11	1	-7.2820549e+01
0	0	11	2	-3.3599392e+01
0	0	11	3	4.6964233e+01
0	0	11	4	-3.5797897e+01
0	0	11	5	6.0181763e+01
0	0	11	6	3.0676741e+01
0	0	11	7	1.0359811e+02
0	0	11	8	-1.5732862e+01
0	0	11	9	-7.3178459e+01
0	0	11	10	-3.2091042e+01
0	0	11	11	-6.1226841e+01
0	0	11	12	-1.7742490e+02
0	0	11	13	-9.5450706e+01
0	0	11	14	-1.8572221e+02
0	0	11	15	-1.0648726e+01
0	0	11	16	-1.4647701e+02
0	0	11	17	-1.2408854e+02
0	0	11	18	-1.2382692e+02
0	0	11	19	-1.2085519e+02
0	0	11	20	-1.8279730e+02
0	0	11	21	-1.5327966e+02
0	0	11	22	-9.8660141e+01
0	0	11	23	-1.6293050e+02
0	0	11	24	-1.7778410e+02
0	0	11	25	-2.3752603e+02
0	0	11	26	-2.2070111e+02
0	0	11	27	-1.4558733e+02
0	0	11	28	-1.2446019e+02
0	0	11	29	-2.0540802e+02
0	0	11	30	-2.0173903e+02
0	0	11	31	-1.9000333e+02
0	0	11	32	-2.0876204e+02
0	0	11	33	-2.6637241e+02
0	0	11	34	5.1665106e+02
0	0	11	35	4.8959250e+02
0	0	11	36	6.1211487e+02
0	0	11	37	5.0620850e+02
0	0	11	38	6.3079504e+02
0	0	11	39	4.6564572e+02
0	0	11	40	5.7006982e+02
0	0	11	41	5.6080664e+02
0	0	11	42	4.9486801e+02
0	0	11	43	5.2917731e+02
0	0	11	44	5.1339325e+02
0	0	11	45	4.7846536e+02
0	0	11	46	4.3524460e+02
0	0	11	47	4.1886902e+02
0	0	11	48	3.9167944e+02
0	0	11	49	4.2873221e+02
0	0	11	50	5.3043787e+02
0	0	11	51	1.0369896e+03
0	0	11	52	1.1375743e+03
0	0	11	53	6.8894928e+02
0	0	11	54	6.5427130e+02
0	0	11	55	7.9786816e+02
0	0	11	56	8.4280249e+02
0	0	11	57	8.8261432e+02
0	0	11	58	8.3279688e+02
0	0	11	59	7.5641992e+02
0	0	11	60	7.0785315e+02
0	0	11	61	6.7705920e+02
0	0	11	62	7.5320447e+02
0	0	11	63	7.0422137e+02
0	0	12	0	2.9797198e+02
0	0	12	1	1.8388321e+02
0	0	12	2	2.3506531e+02
0	0	12	3	2.5328494e+02
0	0	12	4	2.0176968e+02
0	0	12	5	2.3980495e+02
0	0	12	6	1.6592053e+02
0	0	12	7	2.6107037e+02
0	0	12	8	1.9669183e+02
0	0	12	9	3.2414694e+02
0	0	12	10	1.1261334e+02
0	0	12	11	2.9953754e+02
0	0	12	12	1.3042525e+02
0	0	12	13	2.1016228e+02
0	0	12	14	1.4514226e+02
0	0	12	15	2.3618011e+02
0	0	12	16	-5.0095501e+01
0	0	12	17	2.6488594e+01
0	0	12	18	1.8342854e+02
0	0	12	19	9.5119637e+01
0	0	12	20	-2.4497187e+01
0	0	12	21	-1.6922840e+01
0	0	12	22	4.4959446e+01
0	0	12	23	7.1799850e+01
0	0	12	24	4.7415253e+01
0	0	12	25	2.1450058e+02
0	0	12	26	5.1016937e+01
0	0	12	27	1.2721606e+02
0	0	12	28	7.0965111e+01
0	0	12	29	4.3070961e+01
0	0	12	30	2.0329195e+01
0	0	12	31	5.3170570e+01
0	0	12	32	2.5848257e+01
0	0	12	33	-3.8758626e+00
0	0	12	34	8.4543445e+02
0	0	12	35	7.9488232e+02
0	0	12	36	7.8220544e+02
0	0	12	37	8.8980286e+02
0	0	12	38	8.4289532e+02
0	0	12	39	7.9936908e+02
0	0	12	40	9.0648065e+02
0	0	12	41	7.8053284e+02
0	0	12	42	9.8296521e+02
0	0	12	43	9.2066333e+02
0	0	12	44	1.0774078e+03
0	0	12	45	8.3604224e+02
0	0	12	46	9.2180249e+02
0	0	12	47	8.6900128e+02
0	0	12	48	9.2882642e+02
0	0	12	49	9.0055109e+02
0	0	12	50	9.2196002e+02
0	0	12	51	1.5687122e+03
0	0	12	52	1.5943103e+03
0	0	12	53	1.1513994e+03
0	0	12	54	1.1660317e+03
0	0	12	55	1.2780992e+03
0	0	12	56	1.3084764e+03
0	0	12	57	1.3832754e+03
0	0	12	58	1.1669998e+03
0	0	12	59	1.1901132e+03
0	0	12	60	1.2594703e+03
0	0	12	61	1.1219160e+03
0	0	12	62	1.1527294e+03
0	0	12	63	1.3234664e+03
0	0	13	0	1.9300098e+02
0	0	13	1	8.0985985e+01
0	0	13	2	1.8465273e+01
0	0	13	3	4.5507046e+01
0	0	13	4	3.8055317e+01
0	0	13	5	1.2127151e+02
0	0	13	6	4.6486168e+01
0	0	13	7	1.8517949e+02
0	0	13	8	4.8068649e+01
0	0	13	9	9.9621689e+01
0	0	13	10	1.5088132e+02
0	0	13	11	7.6239754e+01
0	0	13	12	4.0127869e+01
0	0	13	13	1.1898819e+02
0	0	13	14	-1.2542790e+00
0	0	13	15	1.2377056e+02
0	0	13	16	-5.1217785e+01
0	0	13	17	-4.3177052e+01
0	0	13	18	-7.0340385e+01
0	0	13	19	-1.3880647e+01
0	0	13	20	-1.8850592e+02
0	0	13	21	-7.0948753e+01
0	0	13	22	-2.8878899e+01
0	0	13	23	-3.9897133e+01
0	0	13	24	-7.9244629e+01
0	0	13	25	5.5042987e+00
0	0	13	26	-1.3544998e+02
0	0	13	27	-5.1967274e+01
0	0	13	28	8.3803577e+00
0	0	13	29	-7.9653366e+01
0	0	13	30	-9.0887566e+01
0	0	13	31	-1.8513666e+02
0	0	13	32	-1.4552727e+02
0	0	13	33	-1.0089434e+02
0	0	13	34	6.1537531e+02
0	0	13	35	5.6296704e+02
0	0	13	36	5.1728577e+02
0	0	13	37	6.0578650e+02
0	0	13	38	6.2589148e+02
0	0	13	39	6.0201550e+02
0	0	13	40	6.6166870e+02
0	0	13	41	5.1743829e+02
0	0	13	42	6.0965741e+02
0	0	13	43	6.0643854e+02
0	0	13	44	6.3307593e+02
0	0	13	45	6.0376013e+02
0	0	13	46	6.1163440e+02
0	0	13	47	5.3070276e+02
0	0	13	48	5.6256104e+02
0	0	13	49	5.4613519e+02
0	0	13	50	7.3984711e+02
0	0	13	51	1.2332092e+03
0	0	13	52	5.2561493e+02
0	0	13	53	8.1046722e+02
0	0	13	54	7.0940009e+02
0	0	13	55	1.2063538e+03
0	0	13	56	1.1144159e+03
0	0	13	57	1.0630381e+03
0	0	13	58	1.0229472e+03
0	0	13	59	9.2259290e+02
0	0	13	60	8.6667334e+02
0	0	13	61	8.8192957e+02
0	0	13	62	8.8251801e+02
0	0	13	63	8.4218158e+02
0	0	14	0	3.4950577e+02
0	0	14	1	2.8696558e+02
0	0	14	2	2.2240709e+02
0	0	14	3	3.5195285e+02
0	0	14	4	2.2941135e+02
0	0	14	5	2.1178838e+02
0	0	14	6	1.9827081e+02
0	0	14	7	2.1669115e+02
0	0	14	8	1.5234242e+02
0	0	14	9	2.9055725e+02
0	0	14	10	1.1193000e+02
0	0	14	11	2.2889912e+02
0	0	14	12	9.7267113e+01
0	0	14	13	1.7648723e+02
0	0	14	14	1.0470950e+02
0	0	14	15	2.0149217e+02
0	0	14	16	6.6539795e+01
0	0	14	17	1.0299872e+02
0	0	14	18	4.4502117e+01
0	0	14	19	1.5217807e+02
0	0	14	20	9.4368561e+01
0	0	14	21	1.6651114e+02
0	0	14	22	9.6178337e+01
0	0	14	23	1.7463586e+02
0	0	14	24	5.6660183e+01
0	0	14	25	4.6189259e+01
0	0	14	26	1.0895242e+02
0	0	14	27	1.8050717e+02
0	0	14	28	1.6294058e+02
0	0	14	29	1.6440417e+02
0	0	14	30	1.5198878e+02
0	0	14	31	1.1285760e+02
0	0	14	32	4.4445953e+01
0	0	14	33	1.8732956e+02
0	0	14	34	6.6260272e+02
0	0	14	35	6.8986499e+02
0	0	14	36	8.2794263e+02
0	0	14	37	6.8426373e+02
0	0	14	38	6.8136829e+02
0	0	14	39	7.6280475e+02
0	0	14	40	7.4166309e+02
0	0	14	41	8.2263519e+02
0	0	14	42	7.7183533e+02
0	0	14	43	7.6149817e+02
0	0	14	44	8.6076648e+02
0	0	14	45	8.0415521e+02
0	0	14	46	7.7025696e+02
0	0	14	47	8.4871454e+02
0	0	14	48	8.0466852e+02
0	0	14	49	7.9781836e+02
0	0	14	50	7.6425500e+02
0	0	14	51	1.3836348e+03
0	0	14	52	1.3693981e+03
0	0	14	53	1.0371221e+03
0	0	14	54	9.6422485e+02
0	0	14	55	1.0818293e+03
0	0	14	56	1.1962523e+03
0	0	14	57	1.2115135e+03
0	0	14	58	1.0401353e+03
0	0	14	59	1.1023442e+03
0	0	14	60	1.0199164e+03
0	0	14	61	9.8604846e+02
0	0	14	62	9.1647321e+02
0	0	14	63	1.0647235e+03
0	0	15	0	4.7042969e+02
0	0	15	1	4.2626941e+02
0	0	15	2	3.4202692e+02
0	0	15	3	2.6503500e+02
0	0	15	4	2.2817400e+02
0	0	15	5	4.0152960e+02
0	0	15	6	2.5895013e+02
0	0	15	7	4.0918414e+02
0	0	15	8	3.1592087e+02
0	0	15	9	3.8648825e+02
0	0	15	10	3.5110358e+02
0	0	15	11	3.0031082e+02
0	0	15	12	2.1756754e+02
0	0	15	13	2.5621561e+02
0	0	15	14	2.9402283e+02
0	0	15	15	3.5463168e+02
0	0	15	16	2.8633139e+02
0	0	15	17	2.5715387e+02
0	0	15	18	1.3381767e+02
0	0	15	19	1.2437187e+04
0	0	15	20	1.6415952e+02
0	0	15	21	1.6912944e+02
0	0	15	22	2.2776996e+02
0	0	15	23	2.1689594e+02
0	0	15	24	2.2470241e+02
0	0	15	25	2.0078331e+02
0	0	15	26	1.0474718e+02
0	0	15	27	1.4164641e+02
0	0	15	28	2.9080807e+02
0	0	15	29	1.7881993e+02
0	0	15	30	1.6342122e+02
0	0	15	31	1.3522881e+02
0	0	15	32	2.3371507e+02
0	0	15	33	1.6737041e+02
0	0	15	34	8.0748248e+02
0	0	15	35	7.2659644e+02
0	0	15	36	8.4008679e+02
0	0	15	37	8.3759027e+02
0	0	15	38	8.6511469e+02
0	0	15	39	8.4532947e+02
0	0	15	40	9.2618939e+02
0	0	15	41	7.9982068e+02
0	0	15	42	8.6392303e+02
0	0	15	43	7.7311768e+02
0	0	15	44	8.3507812e+02
0	0	15	45	6.7945428e+02
0	0	15	46	7.4266980e+02
0	0	15	47	8.0757678e+02
0	0	15	48	8.4321637e+02
0	0	15	49	7.5840863e+02
0	0	15	50	9.3850745e+02
0	0	15	51	1.5897020e+03
0	0	15	52	1.5381057e+03
0	0	15	53	1.1417878e+03
0	0	15	54	1.1235692e+03
0	0	15	55	1.1467888e+03
0	0	15	56	1.4309467e+03
0	0	15	57	1.3436348e+03
0	0	15	58	1.2082573e+03
0	0	15	59	1.1639390e+03
0	0	15	60	1.1549667e+03
0	0	15	61	1.2050292e+03
0	0	15	62	1.1924146e+03
0	0	15	63	1.1833661e+03
0	1	0	0	-6.0909705e+02
0	1	0	1	-5.6248749e+02
0	1	0	2	-4.3801907e+02
0	1	0	3	-5.9856390e+02
0	1	0	4	-5.0446741e+02
0	1	0	5	-4.9133160e+02
0	1	0	6	-5.6345056e+02
0	1	0	7	-6.0832562e+02
0	1	0	8	-5.5720972e+02
0	1	0	9	-4.7877582e+02
0	1	0	10	-6.1597009e+02
0	1	0	11	-4.5541315e+02
0	1	0	12	-5.8276318e+02
0	1	0	13	-5.2670856e+02
0	1	0	14	-6.1014276e+02
0	1	0	15	-5.2940881e+02
0	1	0	16	-8.8232062e+02
0	1	0	17	-7.5384497e+02
0	1	0	18	-7.8574005e+02
0	1	0	19	-8.2893402e+02
0	1	0	20	-8.1361774e+02
0	1	0	21	-7.6122931e+02
0	1	0	22	-7.0783643e+02
0	1	0	23	-7.7938135e+02
0	1	0	24	-7.0772400e+02
0	1	0	25	-7.2119049e+02
0	1	0	26	-7.6672998e+02
0	1	0	27	-6.4203522e+02
0	1	0	28	-7.9637927e+02
0	1	0	29	-7.3264606e+02
0	1	0	30	-6.6514954e+02
0	1	0	31	-6.6558472e+02
0	1	0	32	-7.0996680e+02
0	1	0	33	-6.6526404e+02
0	1	0	34	-4.4782246e+01
0	1	0	35	6.8108887e+01
0	1	0	36	3.6871326e+01
0	1	0	37	1.5709869e+02
0	1	0	38	-1.4918263e+01
0	1	0	39	2.9127472e+01
0	1	0	40	-4.8322477e+00
0	1	0	41	3.2991119e+01
0	1	0	42	1.5061890e+02
0	1	0	43	1.5288152e+02
0	1	0	44	1.6248718e+02
0	1	0	45	5.4140686e+01
0	1	0	46	1.8920888e+02
0	1	0	47	1.7498546e+02
0	1	0	48	5.4380306e+01
0	1	0	49	1.6515573e+02
0	1	0	50	1.3100931e+02
0	1	0	51	7.1135364e+02
0	1	0	52	7.2982556e+02
0	1	0	53	3.6645593e+02
0	1	0	54	2.9970886e+02
0	1	0	55	4.3765076e+02
0	1	0	56	6.1993494e+02
0	1	0	57	5.5310590e+02
0	1	0	58	3.7448013e+02
0	1	0	59	2.7088693e+02
0	1	0	60	3.7819788e+02
0	1	0	61	2.9463748e+02
0	1	0	62	2.9328799e+02
0	1	0	63	4.6025778e+02
0	1	1	0	-4.8070630e+02
0	1	1	1	-6.0762811e+02
0	1	1	2	-6.8935547e+02
0	1	1	3	-6.1717841e+02
0	1	1	4	-7.2997827e+02
0	1	1	5	-5.7957654e+02
0	1	1	6	-6.6914520e+02
0	1	1	7	-5.9073273e+02
0	1	1	8	-5.5224371e+02
0	1	1	9	-6.3020227e+02
0	1	1	10	-5.7272308e+02
0	1	1	11	-7.3547754e+02
0	1	1	12	-7.6151562e+02
0	1	1	13	-6.8127679e+02
0	1	1	14	-7.3510181e+02
0	1	1	15	-6.6298700e+02
0	1	1	16	-7.1845905e+02
0	1	1	17	-6.7648700e+02
0	1	1	18	-7.6045844e+02
0	1	1	19	-6.0287958e+02
0	1	1	20	-7.8327594e+02
0	1	1	21	-7.3450415e+02
0	1	1	22	-7.7062976e+02
0	1	1	23	-7.0537866e+02
0	1	1	24	-8.1121344e+02
0	1	1	25	-7.2812744e+02
0	1	1	26	-8.1264374e+02
0	1	1	27	-8.3533386e+02
0	1	1	28	-7.9482404e+02
0	1	1	29	-8.2843140e+02
0	1	1	30	-9.2892621e+02
0	1	1	31	-8.7141071e+02
0	1	1	32	-9.1552911e+02
0	1	1	33	-9.1282666e+02
0	1	1	34	-1.6682620e+02
0	1	1	35	-1.8331548e+02
0	1	1	36	-1.1675800e+02
0	1	1	37	-2.3905725e+02
0	1	1	38	-6.3600388e+01
0	1	1	39	-1.1396251e+02
0	1	1	40	-2.0206914e+02
0	1	1	41	-2.3564098e+02
0	1	1	42	-1.7795442e+02
0	1	1	43	-1.6714322e+02
0	1	1	44	-1.8315671e+02
0	1	1	45	-2.8964853e+02
0	1	1	46	-2.0466570e+02
0	1	1	47	-1.9722591e+02
0	1	1	48	-2.7013260e+02
0	1	1	49	-1.7353163e+02
0	1	1	50	-1.1773433e+02
0	1	1	51	2.7956763e+02
0	1	1	52	3.7622510e+02
0	1	1	53	-5.7437168e+01
0	1	1	54	-1.9657804e+01
0	1	1	55	-5.9205921e+01
0	1	1	56	1.6428178e+02
0	1	1	57	2.3084660e+02
0	1	1	58	1.7937889e+02
0	1	1	59	5.9579712e+01
0	1	1	60	-2.3852903e+01
0	1	1	61	-1.2719625e+01
0	1	1	62	1.7697433e+01
0	1	1	63	1.0490363e+02
0	1	2	0	-2.0740046e+03
0	1	2	1	-1.7940096e+03
0	1	2	2	-1.5082289e+03
0	1	2	3	-2.2053784e+03
0	1	2	4	-1.4449502e+03
0	1	2	5	-1.6080071e+03
0	1	2	6	-1.4531143e+03
0	1	2	7	-2.1675359e+03
0	1	2	8	-1.8354237e+03
0	1	2	9	-1.3045012e+03
0	1	2	10	-1.8241249e+03
0	1	2	11	-1.4202731e+03
0	1	2	12	-1.6656702e+03
0	1	2	13	-1.5497001e+03
0	1	2	14	-2.2237046e+03
0	1	2	15	-1.8625857e+03
0	1	2	16	-2.2993828e+03
0	1	2	17	-2.0609241e+03
0	1	2	18	-2.3212173e+03
0	1	2	19	-1.9543247e+03
0	1	2	20	-2.1789070e+03
0	1	2	21	-2.3073931e+03
0	1	2	22	-1.9417887e+03
0	1	2	23	-1.8976139e+03
0	1	2	24	-1.7230304e+03
0	1	2	25	-1.6448414e+03
0	1	2	26	-1.7730350e+03
0	1	2	27	-1.3974464e+03
0	1	2	28	-1.6482831e+03
0	1	2	29	-1.5987454e+03
0	1	2	30	-1.4951130e+03
0	1	2	31	-1.5584066e+03
0	1	2	32	-1.5572102e+03
0	1	2	33	-1.4124995e+03
0	1	2	34	-7.4836743e+02
0	1	2	35	-7.2156189e+02
0	1	2	36	-7.8552551e+02
0	1	2	37	-6.3284644e+02
0	1	2	38	-7.5919714e+02
0	1	2	39	-6.4947827e+02
0	1	2	40	-6.8677783e+02
0	1	2	41	-6.4946814e+02
0	1	2	42	-5.1919305e+02
0	1	2	43	-4.7627310e+02
0	1	2	44	-3.8963623e+02
0	1	2	45	-6.2282245e+02
0	1	2	46	-4.6022995e+02
0	1	2	47	-4.8264923e+02
0	1	2	48	-4.4415518e+02
0	1	2	49	-4.8437247e+02
0	1	2	50	-6.2026758e+02
0	1	2	51	1.6427493e+02
0	1	2	52	2.1892628e+02
0	1	2	53	-2.2095689e+02
0	1	2	54	-2.3309343e+02
0	1	2	55	-1.1164495e+02
0	1	2	56	1.8079817e+01
0	1	2	57	-1.5151378e+02
0	1	2	58	-3.5439435e+02
0	1	2	59	-3.3170056e+02
0	1	2	60	-1.8948709e+02
0	1	2	61	-4.2135635e+02
0	1	2	62	-4.0283734e+02
0	1	2	63	-8.6755455e+01
0	1	3	0	-9.3025195e+02
0	1	3	1	-1.0175377e+03
0	1	3	2	-1.2699594e+03
0	1	3	3	-9.5530621e+02
0	1	3	4	-1.3361016e+03
0	1	3	5	-9.0770056e+02
0	1	3	6	-1.1539949e+03
0	1	3	7	-9.0439093e+02
0	1	3	8	-1.1327625e+03
0	1	3	9	-1.3465901e+03
0	1	3	10	-9.8599127e+02
0	1	3	11	-1.3956686e+03
0	1	3	12	-1.2768446e+03
0	1	3	13	-1.1906193e+03
0	1	3	14	-1.2577997e+03
0	1	3	15	-1.0562118e+03
0	1	3	16	-1.0783274e+03
0	1	3	17	-1.1172216e+03
0	1	3	18	-1.1304410e+03
0	1	3	19	-1.0719979e+03
0	1	3	20	-1.2423430e+03
0	1	3	21	-1.2595453e+03
0	1	3	22	-1.1357070e+03
0	1	3	23	-1.1324473e+03
0	1	3	24	-1.2809001e+03
0	1	3	25	-1.3194871e+03
0	1	3	26	-1.3720574e+03
0	1	3	27	-1.3482192e+03
0	1	3	28	-1.3181716e+03
0	1	3	29	-1.3936929e+03
0	1	3	30	-1.3691802e+03
0	1	3	31	-1.4906073e+03
0	1	3	32	-1.3988810e+03
0	1	3	33	-1.5040702e+03
0	1	3	34	-9.2231390e+02
0	1	3	35	-8.5140106e+02
0	1	3	36	-7.7560181e+02
0	1	3	37	-8.7871075e+02
0	1	3	38	-7.1630103e+02
0	1	3	39	-9.0598291e+02
0	1	3	40	-1.1320649e+03
0	1	3	41	-1.0292841e+03
0	1	3	42	-1.1810530e+03
0	1	3	43	-9.2471045e+02
0	1	3	44	-1.4723428e+03
0	1	3	45	-1.1257848e+03
0	1	3	46	-1.5395988e+03
0	1	3	47	-1.1961324e+03
0	1	3	48	-1.5513179e+03
0	1	3	49	-1.5096532e+03
0	1	3	50	-9.0041998e+02
0	1	3	51	-6.5217206e+02
0	1	3	52	-6.3538354e+02
0	1	3	53	-9.6630237e+02
0	1	3	54	-9.8929822e+02
0	1	3	55	-1.2902722e+03
0	1	3	56	-1.1228031e+03
0	1	3	57	-5.7806049e+02
0	1	3	58	-5.3132544e+02
0	1	3	59	-6.6235999e+02
0	1	3	60	-1.3431071e+03
0	1	3	61	-7.3046283e+02
0	1	3	62	-5.3054285e+02
0	1	3	63	-1.2289928e+03
0	1	4	0	-1.1510798e+03
0	1	4	1	-1.1352695e+03
0	1	4	2	-1.1834821e+03
0	1	4	3	-1.1226412e+03
0	1	4	4	-1.3778008e+03
0	1	4	5	-1.2237628e+03
0	1	4	6	-1.4064896e+03
0	1	4	7	-1.0706190e+03
0	1	4	8	-1.2013142e+03
0	1	4	9	-1.2691792e+03
0	1	4	10	-1.1828088e+03
0	1	4	11	-1.3567618e+03
0	1	4	12	-1.3235682e+03
0	1	4	13	-1.2330571e+03
0	1	4	14	-1.1358522e+03
0	1	4	15	-1.1488307e+03
0	1	4	16	-1.2623253e+03
0	1	4	17	-1.3853510e+03
0	1	4	18	-1.1665503e+03
0	1	4	19	-1.4152074e+03
0	1	4	20	-1.1794247e+03
0	1	4	21	-1.1998275e+03
0	1	4	22	-1.2329202e+03
0	1	4	23	-1.2677401e+03
0	1	4	24	-1.4462559e+03
0	1	4	25	-1.3539622e+03
0	1	4	26	-1.3857795e+03
0	1	4	27	-1.6094691e+03
0	1	4	28	-1.3818683e+03
0	1	4	29	-1.5138677e+03
0	1	4	30	-1.4619467e+03
0	1	4	31	-1.4480431e+03
0	1	4	32	-1.4852571e+03
0	1	4	33	-1.6041361e+03
0	1	4	34	-9.3915717e+02
0	1	4	35	-8.6455078e+02
0	1	4	36	-9.2692834e+02
0	1	4	37	-1.0799226e+03
0	1	4	38	-9.0826965e+02
0	1	4	39	-9.6889246e+02
0	1	4	40	-1.0481934e+03
0	1	4	41	-1.0751879e+03
0	1	4	42	-1.2119506e+03
0	1	4	43	-1.1250629e+03
0	1	4	44	-1.3824968e+03
0	1	4	45	-1.2390485e+03
0	1	4	46	-1.4222015e+03
0	1	4	47	-1.1861674e+03
0	1	4	48	-1.4760828e+03
0	1	4	49	-1.4695664e+03
0	1	4	50	-8.6378662e+02
0	1	4	51	-4.2108084e+02
0	1	4	52	-5.3213501e+02
0	1	4	53	-8.6617987e+02
0	1	4	54	-8.2529633e+02
0	1	4	55	-1.0287136e+03
0	1	4	56	-8.3155981e+02
0	1	4	57	-4.7581436e+02
0	1	4	58	-4.6864108e+02
0	1	4	59	-7.1879150e+02
0	1	4	60	-1.0284225e+03
0	1	4	61	-6.8426300e+02
0	1	4	62	-6.5266003e+02
0	1	4	63	-1.0534833e+03
0	1	5	0	-1.7354535e+03
0	1	5	1	-1.4847048e+03
0	1	5	2	-1.2882755e+03
0	1	5	3	-1.3788094e+03
0	1	5	4	-1.4018419e+03
0	1	5	5	-1.6964087e+03
0	1	5	6	-1.3499056e+03
0	1	5	7	-1.7417991e+03
0	1	5	8	-1.4984955e+03
0	1	5	9	-1.1112186e+03
0	1	5	10	-1.7803068e+03
0	1	5	11	-1.2565179e+03
0	1	5	12	-1.5575591e+03
0	1	5	13	-1.4045862e+03
0	1	5	14	-1.4360656e+03
0	1	5	15	-1.5887612e+03
0	1	5	16	-1.8182770e+03
0	1	5	17	-1.8362773e+03
0	1	5	18	-1.9106359e+03
0	1	5	19	-1.9230409e+03
0	1	5	20	-1.6997673e+03
0	1	5	21	-1.6955348e+03
0	1	5	22	-1.7008451e+03
0	1	5	23	-1.6539459e+03
0	1	5	24	-1.5240868e+03
0	1	5	25	-1.4785321e+03
0	1	5	26	-1.4785243e+03
0	1	5	27	-1.3968972e+03
0	1	5	28	-1.4977822e+03
0	1	5	29	-1.3690251e+03
0	1	5	30	-1.3787698e+03
0	1	5	31	-1.4368765e+03
0	1	5	32	-1.4493157e+03
0	1	5	33	-1.2215542e+03
0	1	5	34	-6.2446997e+02
0	1	5	35	-6.9302777e+02
0	1	5	36	-6.3099561e+02
0	1	5	37	-5.5498340e+02
0	1	5	38	-6.6028363e+02
0	1	5	39	-5.8188330e+02
0	1	5	40	-4.5303519e+02
0	1	5	41	-6.1855963e+02
0	1	5	42	-4.9788138e+02
0	1	5	43	-6.0990790e+02
0	1	5	44	-2.4968964e+02
0	1	5	45	-5.0358981e+02
0	1	5	46	-2.7082474e+02
0	1	5	47	-4.5803528e+02
0	1	5	48	-2.7607300e+02
0	1	5	49	1.0882014e+03
0	1	5	50	-4.7302612e+02
0	1	5	51	1.4319501e+02
0	1	5	52	8.3170876e+01
0	1	5	53	-2.1916328e+02
0	1	5	54	-2.0710233e+02
0	1	5	55	3.9284180e+03
0	1	5	56	1.4641850e+02
0	1	5	57	-1.0583662e+02
0	1	5	58	-3.8778616e+02
0	1	5	59	-2.6910596e+02
0	1	5	60	-1.7821057e+00
0	1	5	61	-3.4439078e+02
0	1	5	62	-4.2271371e+02
0	1	5	63	1.8248243e+01
0	1	6	0	-7.6345270e+02
0	1	6	1	-9.0751349e+02
0	1	6	2	-8.7630273e+02
0	1	6	3	-7.9114490e+02
0	1	6	4	-9.5530994e+02
0	1	6	5	-9.4235431e+02
0	1	6	6	-9.2299274e+02
0	1	6	7	-7.4506372e+02
0	1	6	8	-8.8765985e+02
0	1	6	9	-8.9670020e+02
0	1	6	10	-9.1982391e+02
0	1	6	11	-8.9743988e+02
0	1	6	12	-9.1399487e+02
0	1	6	13	-9.0979663e+02
0	1	6	14	-8.0666254e+02
0	1	6	15	-8.5434698e+02
0	1	6	16	-1.0135203e+03
0	1	6	17	-1.0396804e+03
0	1	6	18	-9.3382111e+02
0	1	6	19	-9.8019189e+02
0	1	6	20	-9.4880042e+02
0	1	6	21	-9.4306293e+02
0	1	6	22	-9.5768365e+02
0	1	6	23	-9.7725360e+02
0	1	6	24	-1.0128939e+03
0	1	6	25	-1.0230016e+03
0	1	6	26	-1.0844120e+03
0	1	6	27	-1.0955992e+03
0	1	6	28	-1.0328738e+03
0	1	6	29	-9.4214905e+02
0	1	6	30	-1.0884243e+03
0	1	6	31	-1.0506980e+03
0	1	6	32	-1.1201929e+03
0	1	6	33	-1.1283309e+03
0	1	6	34	-3.9532492e+02
0	1	6	35	-3.2786832e+02
0	1	6	36	-3.6760788e+02
0	1	6	37	-3.9842673e+02
0	1	6	38	-3.7472910e+02
0	1	6	39	-4.8360779e+02
0	1	6	40	-4.4242877e+02
0	1	6	41	-4.7039017e+02
0	1	6	42	-3.5781573e+02
0	1	6	43	-4.5126645e+02
0	1	6	44	-4.3757428e+02
0	1	6	45	-4.6435660e+02
0	1	6	46	-4.3918088e+02
0	1	6	47	-4.2540155e+02
0	1	6	48	-4.5101807e+02
0	1	6	49	-5.0273563e+02
0	1	6	50	-3.9915710e+02
0	1	6	51	2.6766937e+02
0	1	6	52	1.5650966e+02
0	1	6	53	-2.5343669e+02
0	1	6	54	-2.5849149e+02
0	1	6	55	-1.6256088e+02
0	1	6	56	-3.5823505e+01
0	1	6	57	1.4671353e+01
0	1	6	58	1.0903853e+01
0	1	6	59	-1.5144870e+02
0	1	6	60	-2.1850552e+02
0	1	6	61	-9.9071182e+01
0	1	6	62	-1.3154108e+02
0	1	6	63	-1.7050810e+02
0	1	7	0	-1.0425009e+03
0	1	7	1	-1.1181178e+03
0	1	7	2	-1.0664547e+03
0	1	7	3	-1.0773821e+03
0	1	7	4	-1.1403700e+03
0	1	7	5	-1.1205847e+03
0	1	7	6	-1.0977111e+03
0	1	7	7	-1.0966844e+03
0	1	7	8	-1.1543142e+03
0	1	7	9	-1.0582598e+03
0	1	7	10	-1.1571215e+03
0	1	7	11	-1.0055403e+03
0	1	7	12	-1.1660341e+03
0	1	7	13	-1.1334445e+03
0	1	7	14	-1.2381151e+03
0	1	7	15	-1.1116012e+03
0	1	7	16	-1.3139132e+03
0	1	7	17	-1.3788093e+03
0	1	7	18	-1.3342922e+03
0	1	7	19	-1.3086686e+03
0	1	7	20	-1.2527992e+03
0	1	7	21	-1.3403259e+03
0	1	7	22	-1.3422178e+03
0	1	7	23	-1.2323766e+03
0	1	7	24	-1.2802067e+03
0	1	7	25	-1.1754161e+03
0	1	7	26	-1.2509827e+03
0	1	7	27	-1.1872789e+03
0	1	7	28	-1.2131222e+03
0	1	7	29	-1.2957777e+03
0	1	7	30	-1.1791938e+03
0	1	7	31	-1.2831748e+03
0	1	7	32	-1.2451376e+03
0	1	7	33	-1.2389122e+03
0	1	7	34	-4.3553247e+02
0	1	7	35	-4.7521423e+02
0	1	7	36	-4.3119186e+02
0	1	7	37	-3.5558417e+02
0	1	7	38	-3.9642786e+02
0	1	7	39	-4.1739749e+02
0	1	7	40	-3.4906308e+02
0	1	7	41	-3.4428696e+02
0	1	7	42	-3.4751804e+02
0	1	7	43	-4.2430774e+02
0	1	7	44	-3.0100980e+02
0	1	7	45	-3.7637360e+02
0	1	7	46	-3.0924231e+02
0	1	7	47	-2.9014145e+02
0	1	7	48	-3.0358704e+02
0	1	7	49	-3.3752820e+02
0	1	7	50	-3.1126031e+02
0	1	7	51	1.6204573e+02
0	1	7	52	2.8155667e+02
0	1	7	53	-1.0137209e+02
0	1	7	54	-7.3072784e+01
0	1	7	55	-6.6496704e+01
0	1	7	56	5.8895756e+01
0	1	7	57	-3.7422489e+01
0	1	7	58	-1.5998401e+02
0	1	7	59	-1.0848145e+02
0	1	7	60	-1.8050558e+01
0	1	7	61	-1.7763049e+02
0	1	7	62	-1.8992607e+02
0	1	7	63	-6.6297058e+01
0	1	8	0	-6.7850787e+02
0	1	8	1	-8.5093274e+02
0	1	8	2	-7.9168005e+02
0	1	8	3	-7.6329956e+02
0	1	8	4	-9.3280359e+02
0	1	8	5	-8.7578735e+02
0	1	8	6	-9.5378235e+02
0	1	8	7	-7.3873999e+02
0	1	8	8	-8.4851196e+02
0	1	8	9	-8.0853931e+02
0	1	8	10	-8.0823798e+02
0	1	8	11	-8.2594446e+02
0	1	8	12	-9.5228021e+02
0	1	8	13	-8.7596741e+02
0	1	8	14	-8.3268726e+02
0	1	8	15	-8.7412439e+02
0	1	8	16	-1.0247832e+03
0	1	8	17	-9.9591101e+02
0	1	8	18	-9.3954272e+02
0	1	8	19	-9.4772992e+02
0	1	8	20	-8.7755664e+02
0	1	8	21	-8.9772931e+02
0	1	8	22	-9.9473132e+02
0	1	8	23	-9.9612134e+02
0	1	8	24	-9.9339978e+02
0	1	8	25	-9.8262506e+02
0	1	8	26	-1.0218413e+03
0	1	8	27	-1.1147490e+03
0	1	8	28	-1.0864447e+03
0	1	8	29	-1.0779836e+03
0	1	8	30	-1.0341443e+03
0	1	8	31	-1.1418134e+03
0	1	8	32	-1.0491652e+03
0	1	8	33	-1.1384220e+03
0	1	8	34	-4.5240042e+02
0	1	8	35	-4.4409363e+02
0	1	8	36	-4.0987097e+02
0	1	8	37	-4.2520010e+02
0	1	8	38	-3.2117145e+02
0	1	8	39	-4.3887909e+02
0	1	8	40	-4.6954599e+02
0	1	8	41	-4.6056644e+02
0	1	8	42	-4.8881866e+02
0	1	8	43	-4.2066327e+02
0	1	8	44	-4.3199445e+02
0	1	8	45	-4.1067056e+02
0	1	8	46	-4.7699762e+02
0	1	8	47	-5.0777850e+02
0	1	8	48	-5.2815784e+02
0	1	8	49	-5.7186481e+02
0	1	8	50	-4.3043063e+02
0	1	8	51	3.0406635e+02
0	1	8	52	2.2219014e+02
0	1	8	53	-2.0231004e+02
0	1	8	54	-1.8788390e+02
0	1	8	55	-1.8294379e+02
0	1	8	56	-3.9642578e+01
0	1	8	57	8.6377716e+01
0	1	8	58	-1.4879498e+01
0	1	8	59	-1.2584166e+02
0	1	8	60	-2.3786250e+02
0	1	8	61	-1.4366925e+02
0	1	8	62	-5.4517410e+01
0	1	8	63	-1.5755492e+02
0	1	9	0	-1.0036191e+03
0	1	9	1	-9.6374176e+02
0	1	9	2	-9.2806262e+02
0	1	9	3	-9.1692841e+02
0	1	9	4	-9.8750177e+02
0	1	9	5	-1.0047574e+03
0	1	9	6	-9.6749329e+02
0	1	9	7	-9.5641791e+02
0	1	9	8	-9.7641321e+02
0	1	9	9	-9.1348383e+02
0	1	9	10	-1.0206001e+03
0	1	9	11	-8.5555096e+02
0	1	9	12	-1.0366539e+03
0	1	9	13	-9.5729858e+02
0	1	9	14	-1.1149783e+03
0	1	9	15	-9.9179810e+02
0	1	9	16	-1.1759209e+03
0	1	9	17	-1.1688025e+03
0	1	9	18	-1.1290514e+03
0	1	9	19	-1.0755901e+03
0	1	9	20	-1.0201096e+03
0	1	9	21	-1.0349272e+03
0	1	9	22	-1.0685475e+03
0	1	9	23	-1.1152632e+03
0	1	9	24	-1.1596494e+03
0	1	9	25	-1.0199102e+03
0	1	9	26	-1.0399950e+03
0	1	9	27	-9.9671899e+02
0	1	9	28	-1.0649177e+03
0	1	9	29	-1.0333413e+03
0	1	9	30	-1.0424337e+03
0	1	9	31	-1.1363937e+03
0	1	9	32	-1.0931655e+03
0	1	9	33	-9.6866382e+02
0	1	9	34	-3.4495279e+02
0	1	9	35	-3.8813116e+02
0	1	9	36	-3.0748608e+02
0	1	9	37	-2.2741431e+02
0	1	9	38	-3.3293082e+02
0	1	9	39	-3.0639963e+02
0	1	9	40	-1.7670531e+02
0	1	9	41	-4.0598691e+02
0	1	9	42	-1.8628909e+02
0	1	9	43	-2.3734477e+02
0	1	9	44	-1.2913095e+02
0	1	9	45	-2.5896198e+02
0	1	9	46	-9.4909271e+01
0	1	9	47	-2.6619147e+02
0	1	9	48	-2.0696692e+02
0	1	9	49	-2.1613121e+02
0	1	9	50	-2.1818520e+02
0	1	9	51	3.6723181e+02
0	1	9	52	4.1369711e+02
0	1	9	53	-2.5816530e+01
0	1	9	54	4.2758991e+01
0	1	9	55	8.2629913e+01
0	1	9	56	2.4766824e+02
0	1	9	57	2.1424344e+02
0	1	9	58	8.0982094e+00
0	1	9	59	-1.2568383e+01
0	1	9	60	1.2276014e+02
0	1	9	61	-1.0185498e+02
0	1	9	62	-8.3821678e+01
0	1	9	63	9.1729973e+01
0	1	10	0	-1.0716307e+03
0	1	10	1	-1.1843492e+03
0	1	10	2	-1.1562048e+03
0	1	10	3	-1.0584846e+03
0	1	10	4	-1.3136818e+03
0	1	10	5	-1.2079725e+03
0	1	10	6	-1.3833293e+03
0	1	10	7	-1.0589569e+03
0	1	10	8	-1.1525828e+03
0	1	10	9	-1.2331195e+03
0	1	10	10	-1.2430333e+03
0	1	10	11	-1.2496613e+03
0	1	10	12	-1.3379032e+03
0	1	10	13	-1.2494675e+03
0	1	10	14	-1.1052241e+03
0	1	10	15	-1.1807043e+03
0	1	10	16	-1.2757965e+03
0	1	10	17	-1.4128221e+03
0	1	10	18	-1.2218947e+03
0	1	10	19	-1.3704294e+03
0	1	10	20	-1.1293715e+03
0	1	10	21	-1.2133522e+03
0	1	10	22	-1.3206165e+03
0	1	10	23	-1.3538391e+03
0	1	10	24	-1.4380839e+03
0	1	10	25	-1.3436296e+03
0	1	10	26	-1.3887391e+03
0	1	10	27	-1.6200645e+03
0	1	10	28	-1.4103898e+03
0	1	10	29	-1.5257450e+03
0	1	10	30	-1.5464727e+03
0	1	10	31	-1.5288635e+03
0	1	10	32	-1.5591742e+03
0	1	10	33	-1.6534781e+03
0	1	10	34	-1.0485349e+03
0	1	10	35	-9.2880743e+02
0	1	10	36	-9.3355664e+02
0	1	10	37	-1.0763558e+03
0	1	10	38	-9.6835022e+02
0	1	10	39	-1.1478190e+03
0	1	10	40	-9.9706403e+02
0	1	10	41	-1.1270773e+03
0	1	10	42	-1.2592617e+03
0	1	10	43	-1.2304509e+03
0	1	10	44	-1.4966537e+03
0	1	10	45	-1.2462029e+03
0	1	10	46	-1.4879126e+03
0	1	10	47	-1.2564083e+03
0	1	10	48	-1.5276177e+03
0	1	10	49	-1.5353820e+03
0	1	10	50	-1.1045746e+03
0	1	10	51	-6.6784094e+02
0	1	10	52	-5.9606512e+02
0	1	10	53	-9.9939081e+02
0	1	10	54	-1.0133829e+03
0	1	10	55	-1.2420979e+03
0	1	10	56	-1.0397971e+03
0	1	10	57	-5.9183234e+02
0	1	10	58	-6.5295599e+02
0	1	10	59	-8.0589990e+02
0	1	10	60	-1.2271064e+03
0	1	10	61	-9.0852618e+02
0	1	10	62	-7.0296759e+02
0	1	10	63	-1.1555499e+03
0	1	11	0	-1.6844373e+03
0	1	11	1	-1.5344323e+03
0	1	11	2	-1.2108047e+03
0	1	11	3	-1.5158298e+03
0	1	11	4	-1.2093307e+03
0	1	11	5	-1.7420494e+03
0	1	11	6	-1.3457982e+03
0	1	11	7	-1.7411661e+03
0	1	11	8	-1.5956512e+03
0	1	11	9	-1.0970928e+03
0	1	11	10	-1.7320839e+03
0	1	11	11	-1.0769806e+03
0	1	11	12	-1.4310173e+03
0	1	11	13	-1.3744453e+03
0	1	11	14	-1.5069198e+03
0	1	11	15	-1.5881074e+03
0	1	11	16	-1.9452489e+03
0	1	11	17	-1.9708523e+03
0	1	11	18	-1.9326196e+03
0	1	11	19	-1.9646963e+03
0	1	11	20	-1.7663928e+03
0	1	11	21	-1.7655679e+03
0	1	11	22	-1.6565768e+03
0	1	11	23	-1.6072365e+03
0	1	11	24	-1.5995105e+03
0	1	11	25	-1.5757804e+03
0	1	11	26	-1.5051171e+03
0	1	11	27	-1.3729307e+03
0	1	11	28	-1.5870312e+03
0	1	11	29	-1.4530360e+03
0	1	11	30	-1.4625734e+03
0	1	11	31	-1.4392477e+03
0	1	11	32	-1.4862302e+03
0	1	11	33	-1.4293304e+03
0	1	11	34	-7.4430438e+02
0	1	11	35	-7.2250568e+02
0	1	11	36	-6.1776514e+02
0	1	11	37	-6.1178229e+02
0	1	11	38	-8.0561523e+02
0	1	11	39	-6.1009711e+02
0	1	11	40	-4.9730179e+02
0	1	11	41	-6.5485699e+02
0	1	11	42	-4.5942294e+02
0	1	11	43	-6.4603589e+02
0	1	11	44	-4.1249985e+02
0	1	11	45	-5.3885352e+02
0	1	11	46	-4.1185034e+02
0	1	11	47	-4.6598666e+02
0	1	11	48	-3.9762689e+02
0	1	11	49	-4.3748175e+02
0	1	11	50	-5.8881421e+02
0	1	11	51	5.3433109e+01
0	1	11	52	5.9633205e+01
0	1	11	53	-2.4846582e+02
0	1	11	54	-2.3782672e+02
0	1	11	55	-1.0275500e+02
0	1	11	56	-3.5388500e+01
0	1	11	57	-1.7123581e+02
0	1	11	58	-3.8086310e+02
0	1	11	59	-3.4455591e+02
0	1	11	60	-1.7596143e+02
0	1	11	61	-4.0732355e+02
0	1	11	62	-4.8925537e+02
0	1	11	63	-1.7094168e+02
0	1	12	0	-2.0649883e+03
0	1	12	1	-1.7306632e+03
0	1	12	2	-1.3558522e+03
0	1	12	3	-2.0647820e+03
0	1	12	4	-1.4202092e+03
0	1	12	5	-1.4613970e+03
0	1	12	6	-1.3130994e+03
0	1	12	7	-2.0694561e+03
0	1	12	8	-1.8024290e+03
0	1	12	9	-1.2375829e+03
0	1	12	10	-1.7405016e+03
0	1	12	11	-1.3033020e+03
0	1	12	12	-1.6055850e+03
0	1	12	13	-1.5997395e+03
0	1	12	14	-2.1511177e+03
0	1	12	15	-1.7109667e+03
0	1	12	16	-2.2508157e+03
0	1	12	17	-1.8647416e+03
0	1	12	18	-2.2236199e+03
0	1	12	19	-1.8994152e+03
0	1	12	20	-2.1817510e+03
0	1	12	21	-2.1765535e+03
0	1	12	22	-1.8645490e+03
0	1	12	23	-1.8016456e+03
0	1	12	24	-1.5932664e+03
0	1	12	25	-1.5265732e+03
0	1	12	26	-1.7132325e+03
0	1	12	27	-1.3816642e+03
0	1	12	28	-1.6128979e+03
0	1	12	29	-1.5094312e+03
0	1	12	30	-1.5713956e+03
0	1	12	31	-1.4923872e+03
0	1	12	32	-1.4510642e+03
0	1	12	33	-1.4136853e+03
0	1	12	34	-7.1256903e+02
0	1	12	35	-6.4201141e+02
0	1	12	36	-6.1281763e+02
0	1	12	37	-5.5870795e+02
0	1	12	38	-5.7503223e+02
0	1	12	39	-5.2527521e+02
0	1	12	40	-5.8741193e+02
0	1	12	41	-5.4909668e+02
0	1	12	42	-4.1287482e+02
0	1	12	43	-4.1467645e+02
0	1	12	44	-3.1744672e+02
0	1	12	45	-4.5733600e+02
0	1	12	46	-2.9419577e+02
0	1	12	47	-4.3685809e+02
0	1	12	48	-3.6579074e+02
0	1	12	49	-4.0251440e+02
0	1	12	50	-4.3704520e+02
0	1	12	51	2.0665077e+02
0	1	12	52	2.6349475e+02
0	1	12	53	-1.7332965e+02
0	1	12	54	-1.7416960e+02
0	1	12	55	-1.5088348e+02
0	1	12	56	7.0270638e+01
0	1	12	57	-9.8909431e+01
0	1	12	58	-3.9147723e+02
0	1	12	59	-2.7791882e+02
0	1	12	60	-1.7984059e+02
0	1	12	61	-2.6447137e+02
0	1	12	62	-3.8951062e+02
0	1	12	63	-4.8454845e+01
0	1	13	0	-9.0413330e+02
0	1	13	1	-9.6082983e+02
0	1	13	2	-1.2663528e+03
0	1	13	3	-1.1056779e+03
0	1	13	4	-1.2316378e+03
0	1	13	5	-9.0640955e+02
0	1	13	6	-1.1510558e+03
0	1	13	7	-9.2051129e+02
0	1	13	8	-1.0748740e+03
0	1	13	9	-1.3017212e+03
0	1	13	10	-9.9725385e+02
0	1	13	11	-1.3580648e+03
0	1	13	12	-1.1487231e+03
0	1	13	13	-1.1501705e+03
0	1	13	14	-1.2855914e+03
0	1	13	15	-1.0368833e+03
0	1	13	16	-1.1330005e+03
0	1	13	17	-1.0470590e+03
0	1	13	18	-1.0770787e+03
0	1	13	19	-1.0879518e+03
0	1	13	20	-1.1958628e+03
0	1	13	21	-1.2139840e+03
0	1	13	22	-1.0939133e+03
0	1	13	23	-1.1726647e+03
0	1	13	24	-1.1969760e+03
0	1	13	25	-1.1798719e+03
0	1	13	26	-1.2865253e+03
0	1	13	27	-1.3527581e+03
0	1	13	28	-1.2062935e+03
0	1	13	29	-1.3393549e+03
0	1	13	30	-1.4393784e+03
0	1	13	31	-1.5211616e+03
0	1	13	32	-1.3608694e+03
0	1	13	33	-1.5050580e+03
0	1	13	34	-9.1084778e+02
0	1	13	35	-8.6874115e+02
0	1	13	36	-8.6389410e+02
0	1	13	37	-9.6360150e+02
0	1	13	38	-6.3467065e+02
0	1	13	39	-9.8678778e+02
0	1	13	40	-1.1731044e+03
0	1	13	41	-1.0491089e+03
0	1	13	42	-1.1110027e+03
0	1	13	43	-1.0258125e+03
0	1	13	44	-1.4506106e+03
0	1	13	45	-1.2296172e+03
0	1	13	46	-1.4785682e+03
0	1	13	47	-1.2403992e+03
0	1	13	48	-1.5671547e+03
0	1	13	49	-1.5022717e+03
0	1	13	50	-9.0129388e+02
0	1	13	51	-6.0631049e+02
0	1	13	52	-6.3070056e+02
0	1	13	53	-9.3027863e+02
0	1	13	54	-8.7155219e+02
0	1	13	55	-1.2318251e+03
0	1	13	56	-1.1776290e+03
0	1	13	57	-5.7840063e+02
0	1	13	58	-5.7956622e+02
0	1	13	59	-7.2307068e+02
0	1	13	60	-1.3449226e+03
0	1	13	61	-7.7988361e+02
0	1	13	62	-5.4427783e+02
0	1	13	63	-1.2685654e+03
0	1	14	0	-6.9376331e+02
0	1	14	1	-7.8981470e+02
0	1	14	2	-6.5758771e+02
0	1	14	3	-7.4417883e+02
0	1	14	4	-7.3012085e+02
0	1	14	5	-7.0476733e+02
0	1	14	6	-6.7867188e+02
0	1	14	7	-7.1622083e+02
0	1	14	8	-7.4725623e+02
0	1	14	9	-5.7057837e+02
0	1	14	10	-7.7965900e+02
0	1	14	11	-6.0136462e+02
0	1	14	12	-8.6741724e+02
0	1	14	13	-7.4612488e+02
0	1	14	14	-8.2761774e+02
0	1	14	15	-8.6755756e+02
0	1	14	16	-9.3935309e+02
0	1	14	17	-9.2044360e+02
0	1	14	18	-8.9121338e+02
0	1	14	19	-9.3984589e+02
0	1	14	20	-8.9345917e+02
0	1	14	21	-8.8010229e+02
0	1	14	22	-8.5223914e+02
0	1	14	23	-8.9066803e+02
0	1	14	24	-9.5027686e+02
0	1	14	25	-7.7513385e+02
0	1	14	26	-8.8555890e+02
0	1	14	27	-7.6000830e+02
0	1	14	28	-8.5153778e+02
0	1	14	29	-7.9366272e+02
0	1	14	30	-8.7086322e+02
0	1	14	31	-8.4536346e+02
0	1	14	32	-8.6406787e+02
0	1	14	33	-7.8635547e+02
0	1	14	34	-5.1635742e+01
0	1	14	35	-7.4015945e+01
0	1	14	36	2.5474794e+01
0	1	14	37	5.8274292e+01
0	1	14	38	1.7356497e-01
0	1	14	39	9.9487640e+01
0	1	14	40	2.5859594e+01
0	1	14	41	2.3332989e+01
0	1	14	42	6.1643089e+01
0	1	14	43	5.2311874e+01
0	1	14	44	2.3777971e+02
0	1	14	45	6.3530094e+01
0	1	14	46	2.2271733e+02
0	1	14	47	7.9293266e+01
0	1	14	48	1.2471791e+02
0	1	14	49	1.0920058e+02
0	1	14	50	1.8963155e+02
0	1	14	51	7.3067053e+02
0	1	14	52	8.2322229e+02
0	1	14	53	3.7731717e+02
0	1	14	54	3.4959341e+02
0	1	14	55	4.4686746e+02
0	1	14	56	6.2392877e+02
0	1	14	57	5.3368811e+02
0	1	14	58	3.0670572e+02
0	1	14	59	3.6482581e+02
0	1	14	60	4.4168158e+02
0	1	14	61	3.7572241e+02
0	1	14	62	2.7901822e+02
0	1	14	63	4.2355206e+02
0	1	15	0	-5.3932245e+02
0	1	15	1	-7.3957123e+02
0	1	15	2	-7.9077570e+02
0	1	15	3	-7.5299329e+02
0	1	15	4	-8.9064539e+02
0	1	15	5	-6.4026343e+02
0	1	15	6	-7.1375977e+02
0	1	15	7	-6.5913837e+02
0	1	15	8	-8.0301770e+02
0	1	15	9	-8.8105286e+02
0	1	15	10	-7.3045471e+02
0	1	15	11	-9.2188501e+02
0	1	15	12	-8.1996741e+02
0	1	15	13	-7.7692883e+02
0	1	15	14	-8.9576532e+02
0	1	15	15	-8.2459949e+02
0	1	15	16	-7.9216205e+02
0	1	15	17	-7.2689368e+02
0	1	15	18	-8.6909766e+02
0	1	15	19	-8.2208691e+02
0	1	15	20	-8.2161346e+02
0	1	15	21	-8.3685687e+02
0	1	15	22	-7.9001172e+02
0	1	15	23	-7.5662830e+02
0	1	15	24	-8.8070190e+02
0	1	15	25	-8.4445129e+02
0	1	15	26	-1.0148456e+03
0	1	15	27	-9.0019263e+02
0	1	15	28	-8.3435699e+02
0	1	15	29	-9.7239441e+02
0	1	15	30	-9.9239227e+02
0	1	15	31	-9.5404089e+02
0	1	15	32	-1.0813602e+03
0	1	15	33	-1.0654371e+03
0	1	15	34	-2.5408099e+02
0	1	15	35	-4.1202191e+02
0	1	15	36	-2.5948233e+02
0	1	15	37	-3.2461026e+02
0	1	15	38	-3.0100272e+02
0	1	15	39	-3.4353528e+02
0	1	15	40	-3.6204236e+02
0	1	15	41	-4.3902045e+02
0	1	15	42	-3.8890707e+02
0	1	15	43	-3.7280789e+02
0	1	15	44	-4.1648572e+02
0	1	15	45	-4.6418579e+02
0	1	15	46	-4.1841266e+02
0	1	15	47	-4.4421658e+02
0	1	15	48	-4.0128888e+02
0	1	15	49	-4.3824295e+02
0	1	15	50	-3.0266187e+02
0	1	15	51	3.0692453e+02
0	1	15	52	2.3561313e+02
0	1	15	53	-1.0180155e+02
0	1	15	54	-1.0593977e+02
0	1	15	55	-1.3010808e+02
0	1	15	56	5.9221020e+00
0	1	15	57	5.7194965e+01
0	1	15	58	6.0743003e+00
0	1	15	59	2.0922771e+00
0	1	15	60	-1.0874771e+02
0	1	15	61	-2.0220181e+02
0	1	15	62	-9.7224319e+01
0	1	15	63	-1.3463219e+02
0	2	0	0	-1.0628133e+02
0	2	0	1	-1.8905978e+02
0	2	0	2	-8.9632744e+01
0	2	0	3	-8.4847717e+01
0	2	0	4	-2.5865863e+02
0	2	0	5	-1.8041263e+02
0	2	0	6	-2.3445921e+02
0	2	0	7	-5.9205158e+01
0	2	0	8	-1.0552380e+02
0	2	0	9	-3.2897873e+01
0	2	0	10	-1.7724718e+02
0	2	0	11	-1.8937294e+02
0	2	0	12	-2.7798816e+02
0	2	0	13	-1.9599188e+02
0	2	0	14	-1.3032718e+02
0	2	0	15	-1.4555061e+02
0	2	0	16	-2.8298749e+02
0	2	0	17	-3.6670865e+02
0	2	0	18	-3.2688132e+02
0	2	0	19	-2.5698923e+02
0	2	0	20	-1.5067593e+02
0	2	0	21	-2.8697540e+02
0	2	0	22	-2.9436673e+02
0	2	0	23	-2.2281070e+02
0	2	0	24	-3.5383493e+02
0	2	0	25	-3.7182724e+02
0	2	0	26	-4.5613257e+02
0	2	0	27	-4.1101883e+02
0	2	0	28	-3.6451068e+02
0	2	0	29	-3.4748450e+02
0	2	0	30	-3.4821582e+02
0	2	0	31	-4.1893845e+02
0	2	0	32	-4.4104971e+02
0	2	0	33	-4.4249518e+02
0	2	0	34	2.5875357e+02
0	2	0	35	2.3798006e+02
0	2	0	36	1.9987355e+02
0	2	0	37	1.8364111e+02
0	2	0	38	2.2721754e+02
0	2	0	39	2.1407217e+02
0	2	0	40	1.3641383e+02
0	2	0	41	1.8013245e+02
0	2	0	42	2.6149884e+02
0	2	0	43	1.6137148e+02
0	2	0	44	2.1061902e+02
0	2	0	45	1.4590933e+02
0	2	0	46	1.7394272e+02
0	2	0	47	1.5535992e+02
0	2	0	48	1.8262350e+02
0	2	0	49	1.0827915e+02
0	2	0	50	2.6054309e+02
0	2	0	51	7.7135944e+02
0	2	0	52	7.8225702e+02
0	2	0	53	3.9000534e+02
0	2	0	54	5.5499603e+02
0	2	0	55	4.6324045e+02
0	2	0	56	6.1621326e+02
0	2	0	57	6.5057220e+02
0	2	0	58	5.6208533e+02
0	2	0	59	5.1720367e+02
0	2	0	60	4.9185483e+02
0	2	0	61	3.7883099e+02
0	2	0	62	5.4293268e+02
0	2	0	63	4.8081979e+02
0	2	1	0	-3.1799844e+02
0	2	1	1	-3.5364078e+02
0	2	1	2	-3.7486932e+02
0	2	1	3	-3.4376495e+02
0	2	1	4	-4.1339871e+02
0	2	1	5	-3.7443744e+02
0	2	1	6	-4.3319339e+02
0	2	1	7	-4.3840909e+02
0	2	1	8	-3.9738556e+02
0	2	1	9	-2.8871429e+02
0	2	1	10	-5.2330035e+02
0	2	1	11	-3.6143225e+02
0	2	1	12	-4.4980515e+02
0	2	1	13	-3.6037494e+02
0	2	1	14	-5.4493896e+02
0	2	1	15	-5.3338043e+02
0	2	1	16	-5.6495667e+02
0	2	1	17	-5.2481567e+02
0	2	1	18	-5.2550836e+02
0	2	1	19	-5.1800525e+02
0	2	1	20	-5.9704901e+02
0	2	1	21	-5.4037128e+02
0	2	1	22	-5.1469525e+02
0	2	1	23	-4.7301276e+02
0	2	1	24	-5.4475641e+02
0	2	1	25	-4.8359113e+02
0	2	1	26	-5.7064209e+02
0	2	1	27	-4.9330615e+02
0	2	1	28	-5.1750586e+02
0	2	1	29	-4.9444116e+02
0	2	1	30	-4.9585956e+02
0	2	1	31	-5.2169464e+02
0	2	1	32	-5.8328302e+02
0	2	1	33	-5.1224359e+02
0	2	1	34	1.6562119e+02
0	2	1	35	7.6238350e+01
0	2	1	36	1.5536607e+02
0	2	1	37	1.7246275e+02
0	2	1	38	1.9080768e+02
0	2	1	39	1.9870322e+02
0	2	1	40	2.5459048e+02
0	2	1	41	2.0732013e+02
0	2	1	42	2.3653648e+02
0	2	1	43	2.2627934e+02
0	2	1	44	2.6668124e+02
0	2	1	45	1.8900633e+02
0	2	1	46	2.5321407e+02
0	2	1	47	1.1800821e+02
0	2	1	48	1.9890828e+02
0	2	1	49	2.8259750e+02
0	2	1	50	2.1301518e+02
0	2	1	51	7.8034979e+02
0	2	1	52	8.3149792e+02
0	2	1	53	4.4224136e+02
0	2	1	54	4.4312512e+02
0	2	1	55	4.8192816e+02
0	2	1	56	6.7750525e+02
0	2	1	57	6.2144684e+02
0	2	1	58	4.6988327e+02
0	2	1	59	5.0308865e+02
0	2	1	60	4.9927695e+02
0	2	1	61	3.8887357e+02
0	2	1	62	3.8519412e+02
0	2	1	63	5.7843805e+02
0	2	2	0	-5.0622719e+01
0	2	2	1	-1.8782333e+02
0	2	2	2	-4.0799534e+01
0	2	2	3	-1.7263522e+02
0	2	2	4	-1.9818478e+02
0	2	2	5	-1.6204710e+02
0	2	2	6	-2.0049483e+02
0	2	2	7	-8.7816528e+01
0	2	2	8	-1.2723087e+02
0	2	2	9	-9.7060982e+01
0	2	2	10	-2.2709581e+02
0	2	2	11	-9.8011642e+01
0	2	2	12	-2.0181247e+02
0	2	2	13	-1.7677950e+02
0	2	2	14	-1.5437949e+02
0	2	2	15	-9.0617630e+01
0	2	2	16	-2.7519043e+02
0	2	2	17	-2.4199710e+02
0	2	2	18	-3.0572482e+02
0	2	2	19	-2.9031387e+02
0	2	2	20	-1.9532097e+02
0	2	2	21	-2.3672499e+02
0	2	2	22	-1.8359012e+02
0	2	2	23	-2.7474753e+02
0	2	2	24	-3.2148041e+02
0	2	2	25	-2.8419836e+02
0	2	2	26	-3.9877582e+02
0	2	2	27	-4.2614786e+02
0	2	2	28	-2.7997101e+02
0	2	2	29	-4.1377731e+02
0	2	2	30	-3.0808047e+02
0	2	2	31	-3.4265277e+02
0	2	2	32	-3.6744247e+02
0	2	2	33	-4.3556000e+02
0	2	2	34	2.8619675e+02
0	2	2	35	3.4612915e+02
0	2	2	36	2.6865930e+02
0	2	2	37	3.6623550e+02
0	2	2	38	3.2649146e+02
0	2	2	39	2.9344821e+02
0	2	2	40	3.1179382e+02
0	2	2	41	2.9042508e+02
0	2	2	42	3.2990930e+02
0	2	2	43	4.8054724e+02
0	2	2	44	4.8828925e+02
0	2	2	45	4.8522220e+02
0	2	2	46	4.0127682e+02
0	2	2	47	4.2264017e+02
0	2	2	48	4.4962216e+02
0	2	2	49	4.1899771e+02
0	2	2	50	3.6347162e+02
0	2	2	51	1.0313534e+03
0	2	2	52	1.1198928e+03
0	2	2	53	6.9805145e+02
0	2	2	54	7.1123804e+02
0	2	2	55	7.2954340e+02
0	2	2	56	8.7694397e+02
0	2	2	57	7.6255292e+02
0	2	2	58	6.8991980e+02
0	2	2	59	6.2008484e+02
0	2	2	60	6.9411267e+02
0	2	2	61	6.5476855e+02
0	2	2	62	6.3293335e+02
0	2	2	63	7.7043024e+02
0	2	3	0	-3.0961630e+02
0	2	3	1	-2.6316391e+02
0	2	3	2	-2.5704880e+02
0	2	3	3	-3.2611508e+02
0	2	3	4	-2.4855191e+02
0	2	3	5	-2.7892841e+02
0	2	3	6	-2.9782315e+02
0	2	3	7	-2.4163918e+02
0	2	3	8	-3.0522278e+02
0	2	3	9	-2.4519339e+02
0	2	3	10	-3.6611493e+02
0	2	3	11	-2.9905005e+02
0	2	3	12	-3.5737469e+02
0	2	3	13	-3.7093076e+02
0	2	3	14	-4.5981290e+02
0	2	3	15	-3.4796622e+02
0	2	3	16	-3.8623438e+02
0	2	3	17	-3.3197452e+02
0	2	3	18	-4.6466043e+02
0	2	3	19	-2.4760211e+02
0	2	3	20	-4.5305658e+02
0	2	3	21	-4.0263647e+02
0	2	3	22	-2.2350935e+02
0	2	3	23	-2.5752847e+02
0	2	3	24	-4.6923621e+02
0	2	3	25	-2.6133032e+02
0	2	3	26	-3.9850870e+02
0	2	3	27	-3.9526871e+02
0	2	3	28	-2.6506787e+02
0	2	3	29	-2.7376410e+02
0	2	3	30	-2.8783502e+02
0	2	3	31	-4.3870572e+02
0	2	3	32	-4.3002863e+02
0	2	3	33	-4.0335275e+02
0	2	3	34	4.5459964e+02
0	2	3	35	3.0700128e+02
0	2	3	36	4.2545642e+02
0	2	3	37	5.5687762e+02
0	2	3	38	3.4077359e+02
0	2	3	39	4.7145428e+02
0	2	3	40	5.5460138e+02
0	2	3	41	3.3780872e+02
0	2	3	42	6.4925140e+02
0	2	3	43	3.8280988e+02
0	2	3	44	4.8218338e+02
0	2	3	45	3.5285025e+02
0	2	3	46	4.7074158e+02
0	2	3	47	4.2404883e+02
0	2	3	48	4.5771884e+02
0	2	3	49	5.4246625e+02
0	2	3	50	4.6504974e+02
0	2	3	51	9.7206689e+02
0	2	3	52	9.7365411e+02
0	2	3	53	6.7410364e+02
0	2	3	54	7.3765686e+02
0	2	3	55	6.7490228e+02
0	2	3	56	8.6273187e+02
0	2	3	57	7.9638062e+02
0	2	3	58	6.2988495e+02
0	2	3	59	6.4331323e+02
0	2	3	60	6.4002570e+02
0	2	3	61	6.7755658e+02
0	2	3	62	5.2693335e+02
0	2	3	63	6.8150433e+02
0	2	4	0	7.8513725e+01
0	2	4	1	5.0672626e+01
0	2	4	2	8.4172134e+01
0	2	4	3	1.1756583e+02
0	2	4	4	-8.2388863e+01
0	2	4	5	2.8207193e+01
0	2	4	6	-4.1868141e+01
0	2	4	7	1.8975000e+02
0	2	4	8	3.8941006e+01
0	2	4	9	1.1796557e+02
0	2	4	10	-8.5993052e+00
0	2	4	11	5.4240791e+01
0	2	4	12	9.6494931e-01
0	2	4	13	2.3073599e+01
0	2	4	14	1.0259188e+02
0	2	4	15	2.0081456e+02
0	2	4	16	6.0848875e+00
0	2	4	17	-4.6665787e+01
0	2	4	18	3.2852741e+01
0	2	4	19	-8.1654137e+01
0	2	4	20	1.0268232e+01
0	2	4	21	6.7898933e+01
0	2	4	22	2.2045712e+01
0	2	4	23	-6.1381424e+01
0	2	4	24	-1.4461969e+02
0	2	4	25	-7.2633430e+01
0	2	4	26	-7.9922638e+01
0	2	4	27	-2.0235464e+02
0	2	4	28	-7.7899033e+01
0	2	4	29	-4.8733418e+01
0	2	4	30	9.0030815e+01
0	2	4	31	-6.9493454e+01
0	2	4	32	-2.1049260e+02
0	2	4	33	-1.3873251e+02
0	2	4	34	4.5210300e+02
0	2	4	35	6.5992157e+02
0	2	4	36	6.8262982e+02
0	2	4	37	5.8462823e+02
0	2	4	38	5.0914523e+02
0	2	4	39	6.7728107e+02
0	2	4	40	5.6141510e+02
0	2	4	41	5.1776685e+02
0	2	4	42	5.6472131e+02
0	2	4	43	5.3989294e+02
0	2	4	44	6.0382166e+02
0	2	4	45	4.9490826e+02
0	2	4	46	5.7955109e+02
0	2	4	47	5.1394055e+02
0	2	4	48	5.5026300e+02
0	2	4	49	5.2516565e+02
0	2	4	50	6.2687567e+02
0	2	4	51	1.1625936e+03
0	2	4	52	1.1697072e+03
0	2	4	53	7.7613391e+02
0	2	4	54	7.7577399e+02
0	2	4	55	8.3973755e+02
0	2	4	56	9.9290112e+02
0	2	4	57	9.8412134e+02
0	2	4	58	8.3164569e+02
0	2	4	59	8.4599335e+02
0	2	4	60	8.5516302e+02
0	2	4	61	7.1761780e+02
0	2	4	62	7.9766357e+02
0	2	4	63	7.7016913e+02
0	2	5	0	1.2276668e+02
0	2	5	1	8.9626831e+01
0	2	5	2	1.2093922e+02
0	2	5	3	-4.8810406e+01
0	2	5	4	4.8837807e+01
0	2	5	5	7.8458290e+01
0	2	5	6	6.0520008e+01
0	2	5	7	8.6290207e+01
0	2	5	8	-3.0318678e+01
0	2	5	9	7.8256149e+01
0	2	5	10	-2.9659880e+01
0	2	5	11	1.2433121e+00
0	2	5	12	-8.7279404e+01
0	2	5	13	1.2871496e+01
0	2	5	14	-1.3232350e+02
0	2	5	15	-3.2588165e+01
0	2	5	16	-2.3908150e+02
0	2	5	17	-1.4645976e+02
0	2	5	18	-2.0644737e+02
0	2	5	19	-1.2853911e+02
0	2	5	20	-1.5900298e+02
0	2	5	21	-1.2323822e+02
0	2	5	22	-1.0562841e+02
0	2	5	23	-6.6239120e+01
0	2	5	24	-1.7167155e+02
0	2	5	25	-1.6056502e+02
0	2	5	26	-2.1312737e+02
0	2	5	27	-1.2092044e+02
0	2	5	28	-1.2167984e+02
0	2	5	29	-1.2698885e+02
0	2	5	30	-1.1589452e+02
0	2	5	31	-1.5493707e+02
0	2	5	32	-1.7863438e+02
0	2	5	33	-4.9092178e+01
0	2	5	34	6.0590997e+02
0	2	5	35	5.6332898e+02
0	2	5	36	5.8405902e+02
0	2	5	37	6.2047559e+02
0	2	5	38	5.5900592e+02
0	2	5	39	5.6793390e+02
0	2	5	40	6.4296844e+02
0	2	5	41	6.1823383e+02
0	2	5	42	7.5182355e+02
0	2	5	43	6.2080939e+02
0	2	5	44	7.2241052e+02
0	2	5	45	7.0377570e+02
0	2	5	46	6.5190289e+02
0	2	5	47	6.6051874e+02
0	2	5	48	6.6818835e+02
0	2	5	49	6.6531299e+02
0	2	5	50	6.7043030e+02
0	2	5	51	1.2233688e+03
0	2	5	52	1.2715386e+03
0	2	5	53	8.7714502e+02
0	2	5	54	9.4738788e+02
0	2	5	55	9.8197565e+02
0	2	5	56	1.0350569e+03
0	2	5	57	1.0097278e+03
0	2	5	58	8.8063214e+02
0	2	5	59	8.4657538e+02
0	2	5	60	9.9057739e+02
0	2	5	61	8.4998468e+02
0	2	5	62	9.3466248e+02
0	2	5	63	9.2520184e+02
0	2	6	0	1.8129202e+02
0	2	6	1	8.0424316e+01
0	2	6	2	1.5213783e+02
0	2	6	3	1.2795128e+02
0	2	6	4	6.4605080e+01
0	2	6	5	8.6419518e+01
0	2	6	6	1.8156631e+01
0	2	6	7	2.4724030e+02
0	2	6	8	8.6527649e+01
0	2	6	9	9.9280663e+01
0	2	6	10	1.3864034e+01
0	2	6	11	1.2106790e+02
0	2	6	12	-3.5837795e+01
0	2	6	13	7.2732506e+01
0	2	6	14	2.6697195e+02
0	2	6	15	5.5711723e+01
0	2	6	16	6.7937851e+01
0	2	6	17	-4.8319077e+01
0	2	6	18	1.8126036e+02
0	2	6	19	-4.9681824e+01
0	2	6	20	8.7286211e+03
0	2	6	21	1.2430454e+02
0	2	6	22	-8.2559464e+01
0	2	6	23	-4.3083332e+01
0	2	6	24	-1.2748025e+02
0	2	6	25	-1.2572501e+00
0	2	6	26	-1.3658505e+02
0	2	6	27	-1.2301682e+02
0	2	6	28	-6.7142838e+01
0	2	6	29	-1.1493672e+02
0	2	6	30	-6.2100647e+01
0	2	6	31	-1.3381674e+02
0	2	6	32	-2.2174829e+02
0	2	6	33	-1.7886020e+02
0	2	6	34	4.4869836e+02
0	2	6	35	5.3167224e+02
0	2	6	36	4.9807214e+02
0	2	6	37	5.9962738e+02
0	2	6	38	5.4793176e+02
0	2	6	39	5.4572675e+02
0	2	6	40	4.7121783e+02
0	2	6	41	5.4797015e+02
0	2	6	42	5.6596710e+02
0	2	6	43	5.7425159e+02
0	2	6	44	5.4122345e+02
0	2	6	45	4.4979861e+02
0	2	6	46	2.2590097e+02
0	2	6	47	4.4298590e+02
0	2	6	48	5.0230209e+02
0	2	6	49	4.0815149e+02
0	2	6	50	5.2811682e+02
0	2	6	51	1.1507434e+03
0	2	6	52	1.0217363e+03
0	2	6	53	7.5440344e+02
0	2	6	54	6.8662988e+02
0	2	6	55	7.7253455e+02
0	2	6	56	9.1833472e+02
0	2	6	57	9.5556042e+02
0	2	6	58	8.2545996e+02
0	2	6	59	8.1916522e+02
0	2	6	60	8.7398450e+02
0	2	6	61	6.7517853e+02
0	2	6	62	7.2570728e+02
0	2	6	63	8.3680511e+02
0	2	7	0	1.8154471e+02
0	2	7	1	1.2007198e+02
0	2	7	2	5.2968567e+01
0	2	7	3	1.3684436e+02
0	2	7	4	8.1186119e+01
0	2	7	5	3.7044403e+02
0	2	7	6	1.6329684e+02
0	2	7	7	2.9234575e+03
0	2	7	8	6.3636181e+01
0	2	7	9	1.6894470e+02
0	2	7	10	-4.6455746e+02
0	2	7	11	2.1120435e+02
0	2	7	12	-1.9104622e+01
0	2	7	13	1.4820065e+02
0	2	7	14	2.1665905e+00
0	2	7	15	1.6199791e+02
0	2	7	16	2.6931446e+01
0	2	7	17	4.5245792e+01
0	2	7	18	5.6095455e+01
0	2	7	19	7.0031471e+01
0	2	7	20	9.5065819e+01
0	2	7	21	6.2042966e+00
0	2	7	22	-1.9909929e+01
0	2	7	23	6.6744339e+01
0	2	7	24	3.9640865e+00
0	2	7	25	1.0013316e+01
0	2	7	26	-2.8776307e+00
0	2	7	27	1.0288571e+01
0	2	7	28	2.6539492e+01
0	2	7	29	6.0499352e+01
0	2	7	30	1.4282277e+01
0	2	7	31	-8.9540588e+01
0	2	7	32	-5.2310375e+01
0	2	7	33	5.3385403e+01
0	2	7	34	7.2023450e+02
0	2	7	35	6.7665247e+02
0	2	7	36	7.2096515e+02
0	2	7	37	7.4139301e+02
0	2	7	38	6.4758423e+02
0	2	7	39	6.6781995e+02
0	2	7	40	8.1080389e+02
0	2	7	41	6.1903894e+02
0	2	7	42	7.7553711e+02
0	2	7	43	6.7515692e+02
0	2	7	44	1.7465485e+03
0	2	7	45	6.7169757e+02
0	2	7	46	7.9464142e+02
0	2	7	47	7.0871051e+02
0	2	7	48	6.7390344e+02
0	2	7	49	7.1129504e+02
0	2	7	50	7.0985516e+02
0	2	7	51	1.2888389e+03
0	2	7	52	1.3439962e+03
0	2	7	53	8.8744183e+02
0	2	7	54	1.0060369e+03
0	2	7	55	1.0073979e+03
0	2	7	56	1.2710966e+03
0	2	7	57	1.1109216e+03
0	2	7	58	9.1664288e+02
0	2	7	59	9.8303625e+02
0	2	7	60	1.0238953e+03
0	2	7	61	8.4321545e+02
0	2	7	62	8.6582965e+02
0	2	7	63	1.0783562e+03
0	2	8	0	1.7341498e+02
0	2	8	1	3.5872185e+01
0	2	8	2	1.1480939e+02
0	2	8	3	6.4227646e+01
0	2	8	4	-8.3830231e+01
0	2	8	5	1.4820020e+00
0	2	8	6	-1.0442225e+02
0	2	8	7	6.5413933e+01
0	2	8	8	6.7097149e+00
0	2	8	9	3.8091736e+00
0	2	8	10	-1.6067699e+02
0	2	8	11	9.1201706e+01
0	2	8	12	-1.3863452e+02
0	2	8	13	5.3906631e+00
0	2	8	14	8.3876816e+01
0	2	8	15	-5.5803757e+01
0	2	8	16	-3.8317894e+01
0	2	8	17	-1.4097937e+02
0	2	8	18	-1.5382334e+01
0	2	8	19	-3.5266399e+01
0	2	8	20	-4.6397862e+00
0	2	8	21	-4.1486771e+01
0	2	8	22	-1.1440639e+02
0	2	8	23	3.0549591e+01
0	2	8	24	-1.8949698e+02
0	2	8	25	-1.2750593e+02
0	2	8	26	-1.4438269e+02
0	2	8	27	-2.3485150e+02
0	2	8	28	-1.3466060e+02
0	2	8	29	-2.8309790e+02
0	2	8	30	-2.6267862e+02
0	2	8	31	-1.5551137e+02
0	2	8	32	-1.8243188e+02
0	2	8	33	-2.9150961e+02
0	2	8	34	3.5708533e+02
0	2	8	35	4.4539523e+02
0	2	8	36	4.5082886e+02
0	2	8	37	5.4136011e+02
0	2	8	38	5.1397455e+02
0	2	8	39	4.5221738e+02
0	2	8	40	3.9653970e+02
0	2	8	41	4.8629330e+02
0	2	8	42	4.8975989e+02
0	2	8	43	4.0773062e+02
0	2	8	44	4.0117139e+02
0	2	8	45	4.2615189e+02
0	2	8	46	5.1984058e+02
0	2	8	47	4.5337781e+02
0	2	8	48	5.6028082e+02
0	2	8	49	4.7797137e+02
0	2	8	50	4.6851352e+02
0	2	8	51	1.0967434e+03
0	2	8	52	1.1178770e+03
0	2	8	53	7.1285431e+02
0	2	8	54	6.8768976e+02
0	2	8	55	6.5827631e+02
0	2	8	56	8.0920862e+02
0	2	8	57	8.9254309e+02
0	2	8	58	8.8805151e+02
0	2	8	59	8.0777454e+02
0	2	8	60	6.7458203e+02
0	2	8	61	6.6279120e+02
0	2	8	62	6.9166614e+02
0	2	8	63	7.3440479e+02
0	2	9	0	1.1577467e+02
0	2	9	1	1.6122316e+02
0	2	9	2	1.6338782e+02
0	2	9	3	8.5075584e+01
0	2	9	4	2.1430884e+02
0	2	9	5	8.4199783e+01
0	2	9	6	1.5030280e+02
0	2	9	7	1.8338631e+02
0	2	9	8	9.2380249e+01
0	2	9	9	1.5764848e+02
0	2	9	10	7.0767326e+01
0	2	9	11	2.0418050e+02
0	2	9	12	1.1276532e+01
0	2	9	13	8.6009911e+01
0	2	9	14	1.6527367e+02
0	2	9	15	7.5622887e+01
0	2	9	16	2.7295843e+01
0	2	9	17	3.7593731e+01
0	2	9	18	-5.0495090e+01
0	2	9	19	-6.7556281e+00
0	2	9	20	-1.1006480e+01
0	2	9	21	6.5017776e+01
0	2	9	22	1.4118683e+02
0	2	9	23	1.5505142e+01
0	2	9	24	-3.6981022e+01
0	2	9	25	8.4058624e+01
0	2	9	26	-1.0036825e+02
0	2	9	27	4.0446133e+01
0	2	9	28	1.0122063e+02
0	2	9	29	2.8862103e+01
0	2	9	30	-6.6569473e+01
0	2	9	31	1.0786831e+01
0	2	9	32	-1.0947563e+01
0	2	9	33	1.5442429e+02
0	2	9	34	7.4173163e+02
0	2	9	35	7.0278235e+02
0	2	9	36	7.0673792e+02
0	2	9	37	7.5657831e+02
0	2	9	38	6.8649316e+02
0	2	9	39	8.3636609e+02
0	2	9	40	7.2825854e+02
0	2	9	41	6.2992181e+02
0	2	9	42	8.1849017e+02
0	2	9	43	6.8335431e+02
0	2	9	44	8.1216571e+02
0	2	9	45	7.6001080e+02
0	2	9	46	8.0879407e+02
0	2	9	47	7.1958850e+02
0	2	9	48	8.5861932e+02
0	2	9	49	6.9079083e+02
0	2	9	50	8.3000842e+02
0	2	9	51	1.3564833e+03
0	2	9	52	1.3518760e+03
0	2	9	53	9.8260321e+02
0	2	9	54	1.0343252e+03
0	2	9	55	1.0344380e+03
0	2	9	56	1.1294458e+03
0	2	9	57	1.1250514e+03
0	2	9	58	1.0617369e+03
0	2	9	59	1.0207144e+03
0	2	9	60	1.0566757e+03
0	2	9	61	9.2705688e+02
0	2	9	62	9.0403552e+02
0	2	9	63	9.9802380e+02
0	2	10	0	4.3580480e+00
0	2	10	1	-5.6602097e+00
0	2	10	2	6.8792412e+01
0	2	10	3	2.4981684e+01
0	2	10	4	-1.2610869e+02
0	2	10	5	-2.4635210e+01
0	2	10	6	-1.7921913e+02
0	2	10	7	1.0531420e+02
0	2	10	8	2.8278751e+01
0	2	10	9	3.7269043e+01
0	2	10	10	-9.5472733e+01
0	2	10	11	-6.1353195e+01
0	2	10	12	-1.7079974e+02
0	2	10	13	-5.7465912e+01
0	2	10	14	-3.2238619e+00
0	2	10	15	-1.9638788e+01
0	2	10	16	-1.7078795e+02
0	2	10	17	-1.4879510e+02
0	2	10	18	-8.8072502e+01
0	2	10	19	-1.7486859e+02
0	2	10	20	-1.2481934e+02
0	2	10	21	-4.4658745e+01
0	2	10	22	-1.1819923e+02
0	2	10	23	-1.2221563e+02
0	2	10	24	-1.6048576e+02
0	2	10	25	-7.6314339e+01
0	2	10	26	-2.2499876e+02
0	2	10	27	-1.9940865e+02
0	2	10	28	-1.5230911e+02
0	2	10	29	-2.1273666e+02
0	2	10	30	-1.5967499e+02
0	2	10	31	-1.6525560e+02
0	2	10	32	-2.7355716e+02
0	2	10	33	-2.8793756e+02
0	2	10	34	4.5202527e+02
0	2	10	35	4.5846915e+02
0	2	10	36	4.4567831e+02
0	2	10	37	4.5395593e+02
0	2	10	38	3.5378247e+02
0	2	10	39	5.0022220e+02
0	2	10	40	4.1487479e+02
0	2	10	41	4.4347516e+02
0	2	10	42	5.2362897e+02
0	2	10	43	5.7356738e+02
0	2	10	44	5.0817419e+02
0	2	10	45	3.5603775e+02
0	2	10	46	1.9066909e+03
0	2	10	47	4.3015842e+02
0	2	10	48	4.6268863e+02
0	2	10	49	4.2684549e+02
0	2	10	50	5.5154852e+02
0	2	10	51	9.7645184e+02
0	2	10	52	1.0140980e+03
0	2	10	53	7.1244086e+02
0	2	10	54	6.4393469e+02
0	2	10	55	7.0787109e+02
0	2	10	56	9.0425739e+02
0	2	10	57	8.9310828e+02
0	2	10	58	7.6774799e+02
0	2	10	59	6.9041864e+02
0	2	10	60	7.2756818e+02
0	2	10	61	7.1475671e+02
0	2	10	62	7.3907507e+02
0	2	10	63	7.3348126e+02
0	2	11	0	-1.2994527e+02
0	2	11	1	-7.2505600e+01
0	2	11	2	-4.3364151e+01
0	2	11	3	-1.3845142e+02
0	2	11	4	-1.2961302e+02
0	2	11	5	-9.6290382e+01
0	2	11	6	-6.5843315e+01
0	2	11	7	-1.5534134e+01
0	2	11	8	-1.4234770e+02
0	2	11	9	-2.3067869e+01
0	2	11	10	-1.6671519e+02
0	2	11	11	-1.1834686e+02
0	2	11	12	-1.5352039e+02
0	2	11	13	-9.1573555e+01
0	2	11	14	-1.4374356e+02
0	2	11	15	-1.0880276e+02
0	2	11	16	-2.3986134e+02
0	2	11	17	-1.1751593e+02
0	2	11	18	-1.8100745e+02
0	2	11	19	-9.6923866e+01
0	2	11	20	-2.9071750e+02
0	2	11	21	-2.2010695e+02
0	2	11	22	-1.9699675e+02
0	2	11	23	1.6235161e+03
0	2	11	24	-2.4334262e+02
0	2	11	25	-2.3423781e+02
0	2	11	26	-2.5841992e+02
0	2	11	27	-1.8158734e+02
0	2	11	28	-2.5587520e+02
0	2	11	29	-2.1507164e+02
0	2	11	30	-2.7996997e+02
0	2	11	31	-2.8931760e+02
0	2	11	32	-3.2149826e+02
0	2	11	33	-2.1518425e+02
0	2	11	34	4.9933206e+02
0	2	11	35	4.0285101e+02
0	2	11	36	4.3426767e+02
0	2	11	37	4.5204181e+02
0	2	11	38	4.9346356e+02
0	2	11	39	4.8485287e+02
0	2	11	40	5.3159558e+02
0	2	11	41	4.1751654e+02
0	2	11	42	4.7307465e+02
0	2	11	43	4.8711707e+02
0	2	11	44	6.2229010e+02
0	2	11	45	4.6095166e+02
0	2	11	46	5.4387683e+02
0	2	11	47	4.9099838e+02
0	2	11	48	5.4983850e+02
0	2	11	49	5.6241321e+02
0	2	11	50	5.1905920e+02
0	2	11	51	1.1412762e+03
0	2	11	52	1.1611869e+03
0	2	11	53	8.4717133e+02
0	2	11	54	7.8350916e+02
0	2	11	55	7.9054938e+02
0	2	11	56	9.0374060e+02
0	2	11	57	9.0397711e+02
0	2	11	58	7.0454224e+02
0	2	11	59	7.8854468e+02
0	2	11	60	7.6111462e+02
0	2	11	61	7.0842542e+02
0	2	11	62	7.5143524e+02
0	2	11	63	8.4870514e+02
0	2	12	0	-1.0356841e+02
0	2	12	1	-1.9094707e+02
0	2	12	2	-1.3106459e+02
0	2	12	3	-1.6853989e+02
0	2	12	4	-2.5452518e+02
0	2	12	5	-2.9659628e+02
0	2	12	6	-2.9857553e+02
0	2	12	7	-1.3528445e+02
0	2	12	8	-2.5864346e+02
0	2	12	9	-2.2925629e+02
0	2	12	10	-3.0144949e+02
0	2	12	11	-2.3094925e+02
0	2	12	12	-3.8422870e+02
0	2	12	13	-2.8903979e+02
0	2	12	14	-2.4730576e+02
0	2	12	15	-2.6172623e+02
0	2	12	16	-3.4716571e+02
0	2	12	17	-4.2741943e+02
0	2	12	18	-3.1693353e+02
0	2	12	19	-4.4051028e+02
0	2	12	20	-2.5315256e+02
0	2	12	21	-3.2127902e+02
0	2	12	22	-2.9755814e+02
0	2	12	23	-3.7369193e+02
0	2	12	24	-5.0765030e+02
0	2	12	25	-3.6618668e+02
0	2	12	26	-4.1325714e+02
0	2	12	27	-4.4687662e+02
0	2	12	28	-3.3541788e+02
0	2	12	29	-4.5200797e+02
0	2	12	30	-4.3991611e+02
0	2	12	31	-4.1645221e+02
0	2	12	32	-4.4961185e+02
0	2	12	33	-4.1300662e+02
0	2	12	34	2.2769807e+02
0	2	12	35	2.4470447e+02
0	2	12	36	2.9387921e+02
0	2	12	37	2.3133690e+02
0	2	12	38	2.3899101e+02
0	2	12	39	2.5725391e+02
0	2	12	40	2.4895461e+02
0	2	12	41	1.8854095e+02
0	2	12	42	3.3453033e+02
0	2	12	43	2.5672900e+02
0	2	12	44	3.0589359e+02
0	2	12	45	2.5807730e+02
0	2	12	46	1.8309830e+02
0	2	12	47	2.0000618e+02
0	2	12	48	2.1502982e+02
0	2	12	49	1.9365715e+02
0	2	12	50	3.1825497e+02
0	2	12	51	8.0236652e+02
0	2	12	52	8.0793933e+02
0	2	12	53	3.8861371e+02
0	2	12	54	4.5849506e+02
0	2	12	55	4.1457663e+02
0	2	12	56	5.7747235e+02
0	2	12	57	6.4117328e+02
0	2	12	58	6.1591400e+02
0	2	12	59	4.6986511e+02
0	2	12	60	5.1581921e+02
0	2	12	61	4.6163440e+02
0	2	12	62	5.4222974e+02
0	2	12	63	5.7253198e+02
0	2	13	0	-1.5660365e+02
0	2	13	1	-4.1051319e+01
0	2	13	2	-4.9802265e+01
0	2	13	3	-1.4414090e+02
0	2	13	4	-1.8298216e+02
0	2	13	5	-1.3901822e+02
0	2	13	6	-1.1071066e+02
0	2	13	7	-9.6868988e+01
0	2	13	8	-2.0816101e+02
0	2	13	9	-7.4350494e+01
0	2	13	10	-1.4438853e+02
0	2	13	11	-1.0987160e+02
0	2	13	12	-2.0875021e+02
0	2	13	13	-1.3339240e+02
0	2	13	14	-3.0988684e+02
0	2	13	15	-2.1656705e+02
0	2	13	16	-3.0172397e+02
0	2	13	17	-2.5889935e+02
0	2	13	18	-3.4704196e+02
0	2	13	19	-3.3404510e+02
0	2	13	20	-3.4514154e+02
0	2	13	21	-3.1913623e+02
0	2	13	22	-2.1533401e+02
0	2	13	23	-3.0372348e+02
0	2	13	24	-3.3744168e+02
0	2	13	25	-2.4873045e+02
0	2	13	26	-3.7158511e+02
0	2	13	27	-3.0458569e+02
0	2	13	28	-2.2110165e+02
0	2	13	29	-2.4335001e+02
0	2	13	30	-2.3967273e+02
0	2	13	31	-3.0047818e+02
0	2	13	32	-3.1267609e+02
0	2	13	33	-3.2599072e+02
0	2	13	34	3.1149097e+02
0	2	13	35	3.7363547e+02
0	2	13	36	3.6958530e+02
0	2	13	37	3.8608585e+02
0	2	13	38	4.1883884e+02
0	2	13	39	4.0296194e+02
0	2	13	40	4.2620914e+02
0	2	13	41	4.2549387e+02
0	2	13	42	4.2115823e+02
0	2	13	43	3.7013065e+02
0	2	13	44	4.4907629e+02
0	2	13	45	3.4445703e+02
0	2	13	46	4.2498914e+02
0	2	13	47	4.0496783e+02
0	2	13	48	4.5395627e+02
0	2	13	49	3.8450592e+02
0	2	13	50	4.5316330e+02
0	2	13	51	9.3080231e+02
0	2	13	52	9.9922107e+02
0	2	13	53	6.2448077e+02
0	2	13	54	6.8571173e+02
0	2	13	55	7.6675641e+02
0	2	13	56	8.4723163e+02
0	2	13	57	8.5420825e+02
0	2	13	58	6.4859070e+02
0	2	13	59	7.3172516e+02
0	2	13	60	7.5464862e+02
0	2	13	61	5.0599756e+02
0	2	13	62	6.0511969e+02
0	2	13	63	7.3382739e+02
0	2	14	0	-5.5542370e+01
0	2	14	1	-1.4610201e+02
0	2	14	2	-9.8720680e+01
0	2	14	3	2.7700205e+03
0	2	14	4	-2.4244273e+02
0	2	14	5	-2.2561221e+02
0	2	14	6	-2.1755801e+02
0	2	14	7	-6.5677223e+01
0	2	14	8	-1.6369182e+02
0	2	14	9	-1.3322487e+02
0	2	14	10	-1.7243806e+02
0	2	14	11	-1.7723553e+02
0	2	14	12	-3.0464194e+02
0	2	14	13	-7.7047897e+01
0	2	14	14	-1.9552055e+02
0	2	14	15	-1.4662703e+02
0	2	14	16	-2.0441850e+02
0	2	14	17	-3.1761575e+02
0	2	14	18	-2.1782751e+02
0	2	14	19	-3.4392667e+02
0	2	14	20	-2.5148662e+02
0	2	14	21	2.9170347e+03
0	2	14	22	-2.4315726e+02
0	2	14	23	-2.6549298e+02
0	2	14	24	-3.7520047e+02
0	2	14	25	-2.8326639e+02
0	2	14	26	-5.2858246e+02
0	2	14	27	-4.6113010e+02
0	2	14	28	-3.6625397e+02
0	2	14	29	-4.3584863e+02
0	2	14	30	-4.0561862e+02
0	2	14	31	-4.0233786e+02
0	2	14	32	-4.8723502e+02
0	2	14	33	-4.4323618e+02
0	2	14	34	2.5140643e+02
0	2	14	35	3.1113147e+02
0	2	14	36	2.5942001e+02
0	2	14	37	2.5303572e+02
0	2	14	38	3.4972516e+02
0	2	14	39	2.9293759e+02
0	2	14	40	3.3524921e+02
0	2	14	41	2.1575804e+02
0	2	14	42	3.5415921e+02
0	2	14	43	2.5953870e+02
0	2	14	44	3.6246320e+02
0	2	14	45	2.9419791e+02
0	2	14	46	2.3311255e+02
0	2	14	47	2.3444620e+02
0	2	14	48	2.2490091e+02
0	2	14	49	2.3737186e+02
0	2	14	50	3.6323239e+02
0	2	14	51	9.1074658e+02
0	2	14	52	9.1644891e+02
0	2	14	53	4.6968286e+02
0	2	14	54	5.5651160e+02
0	2	14	55	4.9885834e+02
0	2	14	56	7.1015472e+02
0	2	14	57	6.7762048e+02
0	2	14	58	6.8129034e+02
0	2	14	59	5.3216132e+02
0	2	14	60	5.1327386e+02
0	2	14	61	5.3247345e+02
0	2	14	62	6.3550659e+02
0	2	14	63	5.9116669e+02
0	2	15	0	-2.2778879e+02
0	2	15	1	-2.4762119e+02
0	2	15	2	-1.5101526e+02
0	2	15	3	-1.6081572e+02
0	2	15	4	-2.5537569e+02
0	2	15	5	-1.9465718e+02
0	2	15	6	-1.9971689e+02
0	2	15	7	-1.9499529e+02
0	2	15	8	-2.5820767e+02
0	2	15	9	-1.6093968e+02
0	2	15	10	-2.8646411e+02
0	2	15	11	-2.3616624e+02
0	2	15	12	-3.0440024e+02
0	2	15	13	-1.7218831e+02
0	2	15	14	-2.3011812e+02
0	2	15	15	-2.9198999e+02
0	2	15	16	-3.1529514e+02
0	2	15	17	-4.5829181e+02
0	2	15	18	-4.0931418e+02
0	2	15	19	-4.4676447e+02
0	2	15	20	-3.8187247e+02
0	2	15	21	-3.9426328e+02
0	2	15	22	-3.5293521e+02
0	2	15	23	-3.7904593e+02
0	2	15	24	-3.7672296e+02
0	2	15	25	-4.2304095e+02
0	2	15	26	-3.8733310e+02
0	2	15	27	-3.7633487e+02
0	2	15	28	-4.1208749e+02
0	2	15	29	-4.0016098e+02
0	2	15	30	-3.9250919e+02
0	2	15	31	-4.1619550e+02
0	2	15	32	-4.0302039e+02
0	2	15	33	-3.6767291e+02
0	2	15	34	3.4851935e+02
0	2	15	35	3.0603534e+02
0	2	15	36	3.7639291e+02
0	2	15	37	3.9632913e+02
0	2	15	38	3.2835312e+02
0	2	15	39	4.2744910e+02
0	2	15	40	5.5525256e+02
0	2	15	41	3.0700427e+02
0	2	15	42	4.8892188e+02
0	2	15	43	3.3635535e+02
0	2	15	44	5.5330432e+02
0	2	15	45	4.7304486e+02
0	2	15	46	4.7127826e+02
0	2	15	47	3.8791812e+02
0	2	15	48	0.0000000e+00
0	2	15	49	5.3748145e+02
0	2	15	50	4.3630582e+02
0	2	15	51	1.0337812e+03
0	2	15	52	1.0284834e+03
0	2	15	53	6.6114825e+02
0	2	15	54	7.0222650e+02
0	2	15	55	1.8255952e+03
0	2	15	56	1.0580076e+03
0	2	15	57	8.6917554e+02
0	2	15	58	6.4348608e+02
0	2	15	59	5.8456512e+02
0	2	15	60	2.2010242e+03
0	2	15	61	5.8476062e+02
0	2	15	62	5.7865875e+02
0	2	15	63	6.9763660e+02
1	0	0	0	-2.3560283e+02
1	0	0	1	-2.7618362e+02
1	0	0	2	-1.7821123e+02
1	0	0	3	-3.3568161e+02
1	0	0	4	-1.7434619e+02
1	0	0	5	-2.5059584e+02
1	0	0	6	-3.0002243e+02
1	0	0	7	-2.3122556e+02
1	0	0	8	-3.1976910e+02
1	0	0	9	-1.1147191e+02
1	0	0	10	-3.4589188e+02
1	0	0	11	-1.5304688e+02
1	0	0	12	-3.2135913e+02
1	0	0	13	-2.4263707e+02
1	0	0	14	-3.4413617e+02
1	0	0	15	-3.0229126e+02
1	0	0	16	-4.3035443e+02
1	0	0	17	-4.2380460e+02
1	0	0	18	-3.3700067e+02
1	0	0	19	-4.5777429e+02
1	0	0	20	-4.1304846e+02
1	0	0	21	-4.7880984e+02
1	0	0	22	-4.2662946e+02
1	0	0	23	-4.0527951e+02
1	0	0	24	-3.9026727e+02
1	0	0	25	-3.7821863e+02
1	0	0	26	-3.5370837e+02
1	0	0	27	-3.0905560e+02
1	0	0	28	-3.7810007e+02
1	0	0	29	-4.1182532e+02
1	0	0	30	-4.0549319e+02
1	0	0	31	-3.7347522e+02
1	0	0	32	-4.0046408e+02
1	0	0	33	-4.1842099e+02
1	0	0	34	2.6369919e+02
1	0	0	35	2.7062482e+02
1	0	0	36	2.9636270e+02
1	0	0	37	3.5028732e+02
1	0	0	38	3.1722372e+02
1	0	0	39	3.3211536e+02
1	0	0	40	2.8123242e+02
1	0	0	41	3.5149463e+02
1	0	0	42	4.7039172e+02
1	0	0	43	3.8468912e+02
1	0	0	44	4.4389288e+02
1	0	0	45	3.5240164e+02
1	0	0	46	3.6447433e+02
1	0	0	47	3.5360947e+02
1	0	0	48	4.5843350e+02
1	0	0	49	3.8323874e+02
1	0	0	50	3.8304007e+02
1	0	0	51	9.2253467e+02
1	0	0	52	1.0901068e+03
1	0	0	53	7.6695679e+02
1	0	0	54	6.6760406e+02
1	0	0	55	7.8430048e+02
1	0	0	56	8.4689697e+02
1	0	0	57	8.1336688e+02
1	0	0	58	6.2239636e+02
1	0	0	59	5.7985645e+02
1	0	0	60	6.9031543e+02
1	0	0	61	5.3320972e+02
1	0	0	62	5.9824127e+02
1	0	0	63	7.0557697e+02
1	0	1	0	2.5307976e+02
1	0	1	1	1.5871924e+02
1	0	1	2	1.0123759e+02
1	0	1	3	2.3141646e+02
1	0	1	4	4.1913116e+01
1	0	1	5	3.0070816e+02
1	0	1	6	1.2524384e+02
1	0	1	7	2.7435382e+02
1	0	1	8	1.6482857e+02
1	0	1	9	1.9088335e+01
1	0	1	10	1.2350072e+02
1	0	1	11	5.5584396e+01
1	0	1	12	1.1542493e+02
1	0	1	13	1.1588451e+02
1	0	1	14	5.6266926e+01
1	0	1	15	1.3779715e+02
1	0	1	16	4.9220863e+01
1	0	1	17	1.4661690e+02
1	0	1	18	1.1594466e+02
1	0	1	19	1.5721838e+02
1	0	1	20	5.0483368e+01
1	0	1	21	1.3778709e+02
1	0	1	22	6.7642937e+01
1	0	1	23	1.2979063e+02
1	0	1	24	3.1638405e+01
1	0	1	25	1.1574583e+02
1	0	1	26	1.5948090e+02
1	0	1	27	4.7146626e+01
1	0	1	28	9.9530205e+01
1	0	1	29	-3.4673771e+01
1	0	1	30	3.0721264e+00
1	0	1	31	-9.5386307e+01
1	0	1	32	3.3441055e+01
1	0	1	33	-2.4457920e+01
1	0	1	34	6.4330359e+02
1	0	1	35	6.1921991e+02
1	0	1	36	6.7876233e+02
1	0	1	37	6.2816010e+02
1	0	1	38	7.2226398e+02
1	0	1	39	6.3774927e+02
1	0	1	40	7.1475708e+02
1	0	1	41	6.4730524e+02
1	0	1	42	7.5391577e+02
1	0	1	43	6.2334540e+02
1	0	1	44	5.9963623e+02
1	0	1	45	6.3289880e+02
1	0	1	46	5.9378998e+02
1	0	1	47	6.4027844e+02
1	0	1	48	5.3792480e+02
1	0	1	49	5.5484760e+02
1	0	1	50	6.9015747e+02
1	0	1	51	1.1771754e+03
1	0	1	52	1.3186807e+03
1	0	1	53	8.8429156e+02
1	0	1	54	9.6079163e+02
1	0	1	55	8.8226135e+02
1	0	1	56	9.8297125e+02
1	0	1	57	1.0049477e+03
1	0	1	58	1.1314197e+03
1	0	1	59	9.1444464e+02
1	0	1	60	9.3513843e+02
1	0	1	61	8.4719244e+02
1	0	1	62	9.8862579e+02
1	0	1	63	9.6719482e+02
1	0	2	0	3.2016796e+01
1	0	2	1	-2.7968966e+01
1	0	2	2	-1.8809992e+01
1	0	2	3	-2.3215282e+00
1	0	2	4	-2.2946634e+01
1	0	2	5	-4.3549870e+01
1	0	2	6	4.5149958e-01
1	0	2	7	-2.2125141e+01
1	0	2	8	-3.3662361e+01
1	0	2	9	8.7247559e+01
1	0	2	10	-1.2637568e+02
1	0	2	11	6.7538376e+01
1	0	2	12	-9.0577065e+01
1	0	2	13	-2.3839066e+01
1	0	2	14	-8.4350548e+01
1	0	2	15	-1.6309622e+02
1	0	2	16	-2.1940773e+02
1	0	2	17	-2.1233588e+02
1	0	2	18	-1.4184258e+02
1	0	2	19	-2.3004214e+02
1	0	2	20	-2.0721045e+02
1	0	2	21	-2.3026312e+02
1	0	2	22	-1.9658911e+02
1	0	2	23	-2.4482095e+02
1	0	2	24	-2.0566954e+02
1	0	2	25	-1.4091583e+02
1	0	2	26	-2.5496324e+02
1	0	2	27	-1.7074232e+02
1	0	2	28	-2.0539084e+02
1	0	2	29	-1.7619740e+02
1	0	2	30	-2.4618553e+02
1	0	2	31	-2.5540109e+02
1	0	2	32	-2.0272664e+02
1	0	2	33	-1.7020093e+02
1	0	2	34	4.9372992e+02
1	0	2	35	5.2689636e+02
1	0	2	36	5.3087115e+02
1	0	2	37	5.8562622e+02
1	0	2	38	5.2567841e+02
1	0	2	39	5.6207422e+02
1	0	2	40	5.8372565e+02
1	0	2	41	4.9595911e+02
1	0	2	42	7.0119269e+02
1	0	2	43	4.9994653e+02
1	0	2	44	6.0040753e+02
1	0	2	45	5.2087640e+02
1	0	2	46	5.6164166e+02
1	0	2	47	5.7656323e+02
1	0	2	48	7.1815314e+02
1	0	2	49	5.7997437e+02
1	0	2	50	6.4814154e+02
1	0	2	51	1.1972955e+03
1	0	2	52	1.2348298e+03
1	0	2	53	7.4298352e+02
1	0	2	54	7.6306696e+02
1	0	2	55	9.5575934e+02
1	0	2	56	1.0049633e+03
1	0	2	57	9.8425305e+02
1	0	2	58	8.2299738e+02
1	0	2	59	8.4205377e+02
1	0	2	60	8.6370441e+02
1	0	2	61	7.6196338e+02
1	0	2	62	8.2600934e+02
1	0	2	63	9.5046411e+02
1	0	3	0	2.2525316e+02
1	0	3	1	2.2192070e+02
1	0	3	2	9.4912811e+01
1	0	3	3	1.3190543e+02
1	0	3	4	7.7248405e+01
1	0	3	5	1.5890169e+02
1	0	3	6	8.4261185e+01
1	0	3	7	1.7568127e+02
1	0	3	8	9.0564537e+01
1	0	3	9	9.4771729e+01
1	0	3	10	1.6899095e+02
1	0	3	11	1.8255187e+00
1	0	3	12	1.2897248e+01
1	0	3	13	8.7900566e+01
1	0	3	14	6.0316780e+01
1	0	3	15	1.2787449e+02
1	0	3	16	-6.4039963e+01
1	0	3	17	6.5040123e+01
1	0	3	18	-1.6527813e+01
1	0	3	19	1.8545335e+02
1	0	3	20	7.6980076e+00
1	0	3	21	2.2186810e+01
1	0	3	22	1.1059850e+01
1	0	3	23	2.5101208e+01
1	0	3	24	-6.5184326e+01
1	0	3	25	9.7244368e+00
1	0	3	26	-1.4825275e+02
1	0	3	27	-1.6032568e+01
1	0	3	28	-1.6849327e+01
1	0	3	29	7.4509768e+00
1	0	3	30	-9.8186096e+01
1	0	3	31	-1.3449231e+02
1	0	3	32	-1.5564159e+02
1	0	3	33	-1.1996512e+02
1	0	3	34	5.3192102e+02
1	0	3	35	5.2286359e+02
1	0	3	36	5.8767053e+02
1	0	3	37	5.2061316e+02
1	0	3	38	7.3836279e+02
1	0	3	39	6.2115125e+02
1	0	3	40	6.3431897e+02
1	0	3	41	6.7848419e+02
1	0	3	42	5.8843402e+02
1	0	3	43	5.0420401e+02
1	0	3	44	5.8359460e+02
1	0	3	45	5.4331134e+02
1	0	3	46	6.4163721e+02
1	0	3	47	5.5965491e+02
1	0	3	48	5.1836682e+02
1	0	3	49	5.3985791e+02
1	0	3	50	6.6336011e+02
1	0	3	51	1.2077546e+03
1	0	3	52	1.2147675e+03
1	0	3	53	8.0744940e+02
1	0	3	54	7.9113800e+02
1	0	3	55	8.3700256e+02
1	0	3	56	9.4193268e+02
1	0	3	57	9.8935474e+02
1	0	3	58	8.4164789e+02
1	0	3	59	7.5482648e+02
1	0	3	60	7.7169171e+02
1	0	3	61	7.0946600e+02
1	0	3	62	7.7737097e+02
1	0	3	63	7.2751178e+02
1	0	4	0	1.8507404e+02
1	0	4	1	9.9032318e+01
1	0	4	2	1.6799532e+02
1	0	4	3	2.1358321e+02
1	0	4	4	1.5208992e+02
1	0	4	5	2.1001585e+02
1	0	4	6	2.4600583e+02
1	0	4	7	9.1871124e+01
1	0	4	8	1.2539804e+02
1	0	4	9	1.9080136e+02
1	0	4	10	-4.9584152e+01
1	0	4	11	1.3054526e+02
1	0	4	12	5.6666195e+01
1	0	4	13	9.1418800e+01
1	0	4	14	2.0195215e+02
1	0	4	15	1.1842960e+02
1	0	4	16	-2.2591381e+01
1	0	4	17	-1.0728140e+01
1	0	4	18	4.7020252e+01
1	0	4	19	7.3572456e+01
1	0	4	20	4.0498623e+01
1	0	4	21	3.0997002e+01
1	0	4	22	5.4700974e+01
1	0	4	23	-3.2296295e+01
1	0	4	24	-1.6804407e+01
1	0	4	25	1.1245797e+01
1	0	4	26	-3.3884384e+01
1	0	4	27	1.4923660e+02
1	0	4	28	4.5191669e+01
1	0	4	29	1.2134733e+01
1	0	4	30	6.8084328e+01
1	0	4	31	5.6304184e+01
1	0	4	32	-3.0030188e+01
1	0	4	33	-2.3472334e+01
1	0	4	34	6.8391736e+02
1	0	4	35	6.9931708e+02
1	0	4	36	6.9371448e+02
1	0	4	37	7.1704535e+02
1	0	4	38	7.2013507e+02
1	0	4	39	7.6748267e+02
1	0	4	40	7.2136969e+02
1	0	4	41	7.1654559e+02
1	0	4	42	8.0050067e+02
1	0	4	43	8.5872534e+02
1	0	4	44	-9.2129883e+02
1	0	4	45	6.8139655e+02
1	0	4	46	8.0094067e+02
1	0	4	47	7.1519482e+02
1	0	4	48	7.5529272e+02
1	0	4	49	7.8884363e+02
1	0	4	50	7.7342908e+02
1	0	4	51	1.3672491e+03
1	0	4	52	1.4559033e+03
1	0	4	53	1.0939904e+03
1	0	4	54	9.9061151e+02
1	0	4	55	1.1851021e+03
1	0	4	56	1.2891237e+03
1	0	4	57	1.3142856e+03
1	0	4	58	1.1110104e+03
1	0	4	59	1.1527205e+03
1	0	4	60	1.0361476e+03
1	0	4	61	1.1033196e+03
1	0	4	62	9.8282544e+02
1	0	4	63	1.1061726e+03
1	0	5	0	2.1666760e+02
1	0	5	1	1.7017033e+02
1	0	5	2	1.3243156e+02
1	0	5	3	1.4332695e+02
1	0	5	4	3.4338444e+01
1	0	5	5	2.3217294e+02
1	0	5	6	1.7166823e+02
1	0	5	7	1.6790204e+02
1	0	5	8	2.5326399e+02
1	0	5	9	7.7894073e+01
1	0	5	10	1.8516805e+02
1	0	5	11	4.7919415e+01
1	0	5	12	5.7500408e+01
1	0	5	13	1.0999851e+02
1	0	5	14	-2.0064256e+00
1	0	5	15	2.4868845e+02
1	0	5	16	5.4936165e+01
1	0	5	17	1.5128953e+01
1	0	5	18	-1.3243537e+00
1	0	5	19	4.8459557e+01
1	0	5	20	-7.2751244e+01
1	0	5	21	4.8148396e+01
1	0	5	22	3.4034851e+01
1	0	5	23	9.2027397e+01
1	0	5	24	1.2782504e+02
1	0	5	25	-3.5797906e+00
1	0	5	26	-9.6878090e+01
1	0	5	27	-3.5643295e+01
1	0	5	28	-1.5102416e+01
1	0	5	29	-5.6315866e+00
1	0	5	30	-8.7716064e+01
1	0	5	31	-7.3554802e+01
1	0	5	32	2.9317068e+01
1	0	5	33	-1.2087755e+02
1	0	5	34	6.9288702e+02
1	0	5	35	6.9989453e+02
1	0	5	36	6.1765979e+02
1	0	5	37	6.1380579e+02
1	0	5	38	6.6923126e+02
1	0	5	39	6.5449646e+02
1	0	5	40	6.7104108e+02
1	0	5	41	6.2295264e+02
1	0	5	42	6.5459998e+02
1	0	5	43	5.4316119e+02
1	0	5	44	6.5783844e+02
1	0	5	45	5.6921613e+02
1	0	5	46	5.8523505e+02
1	0	5	47	6.6420026e+02
1	0	5	48	5.1920618e+02
1	0	5	49	5.7706311e+02
1	0	5	50	7.4850354e+02
1	0	5	51	1.1938309e+03
1	0	5	52	1.2423033e+03
1	0	5	53	9.8026764e+02
1	0	5	54	8.5818182e+02
1	0	5	55	8.9429425e+02
1	0	5	56	1.0451381e+03
1	0	5	57	1.0645110e+03
1	0	5	58	9.2450116e+02
1	0	5	59	8.6725977e+02
1	0	5	60	9.0337000e+02
1	0	5	61	7.3869690e+02
1	0	5	62	9.2648370e+02
1	0	5	63	9.6190588e+02
1	0	6	0	2.3909300e+02
1	0	6	1	2.4568741e+02
1	0	6	2	3.9394501e+02
1	0	6	3	2.1808270e+02
1	0	6	4	2.3312431e+02
1	0	6	5	1.9956631e+02
1	0	6	6	1.6491975e+02
1	0	6	7	2.2128076e+02
1	0	6	8	1.7543039e+02
1	0	6	9	3.4468716e+02
1	0	6	10	2.0327090e+02
1	0	6	11	3.1258783e+02
1	0	6	12	1.1602776e+02
1	0	6	13	2.0198058e+02
1	0	6	14	1.8127568e+02
1	0	6	15	2.6938306e+02
1	0	6	16	1.1926365e+02
1	0	6	17	8.3986992e+01
1	0	6	18	1.5642746e+02
1	0	6	19	6.6051109e+01
1	0	6	20	1.7550491e+02
1	0	6	21	1.2648705e+02
1	0	6	22	9.3294746e+01
1	0	6	23	1.4170354e+02
1	0	6	24	1.3369508e+02
1	0	6	25	1.4792569e+02
1	0	6	26	1.2285436e+02
1	0	6	27	1.3711270e+02
1	0	6	28	9.6908699e+01
1	0	6	29	1.2513062e+02
1	0	6	30	8.1738014e+01
1	0	6	31	3.4699825e+01
1	0	6	32	2.4153391e+01
1	0	6	33	7.5081001e+01
1	0	6	34	8.2531775e+02
1	0	6	35	8.8251837e+02
1	0	6	36	9.0423987e+02
1	0	6	37	8.5816840e+02
1	0	6	38	9.0253619e+02
1	0	6	39	8.5953992e+02
1	0	6	40	7.8251801e+02
1	0	6	41	8.2758752e+02
1	0	6	42	8.9288403e+02
1	0	6	43	9.4575092e+02
1	0	6	44	1.0137958e+03
1	0	6	45	8.4608960e+02
1	0	6	46	1.0005271e+03
1	0	6	47	8.3692621e+02
1	0	6	48	9.4349725e+02
1	0	6	49	8.8473505e+02
1	0	6	50	9.8152612e+02
1	0	6	51	1.4698917e+03
1	0	6	52	1.4723365e+03
1	0	6	53	1.0990994e+03
1	0	6	54	1.1145055e+03
1	0	6	55	1.2241754e+03
1	0	6	56	1.3511511e+03
1	0	6	57	1.3437225e+03
1	0	6	58	1.2210421e+03
1	0	6	59	1.1480612e+03
1	0	6	60	1.1125610e+03
1	0	6	61	9.5628088e+02
1	0	6	62	1.0437649e+03
1	0	6	63	1.0904003e+03
1	0	7	0	4.3036438e+02
1	0	7	1	3.2762927e+02
1	0	7	2	2.9642627e+02
1	0	7	3	3.7795862e+02
1	0	7	4	3.1300507e+02
1	0	7	5	4.1344821e+02
1	0	7	6	3.6546082e+02
1	0	7	7	4.5974411e+02
1	0	7	8	3.1453165e+02
1	0	7	9	3.2140533e+02
1	0	7	10	2.8412946e+02
1	0	7	11	3.3106937e+02
1	0	7	12	2.3141064e+02
1	0	7	13	3.0977341e+02
1	0	7	14	2.2090651e+02
1	0	7	15	2.6137527e+02
1	0	7	16	2.3008310e+02
1	0	7	17	2.1999486e+02
1	0	7	18	2.3710472e+02
1	0	7	19	2.6230634e+02
1	0	7	20	1.9376772e+02
1	0	7	21	1.8381210e+02
1	0	7	22	2.7189975e+02
1	0	7	23	2.4657259e+02
1	0	7	24	2.4738397e+02
1	0	7	25	1.5792361e+02
1	0	7	26	1.6918140e+02
1	0	7	27	1.8815405e+02
1	0	7	28	2.3159250e+02
1	0	7	29	1.3067480e+02
1	0	7	30	1.8598831e+02
1	0	7	31	1.6235587e+02
1	0	7	32	8.9990936e+01
1	0	7	33	1.6919601e+02
1	0	7	34	8.3826349e+02
1	0	7	35	8.0596063e+02
1	0	7	36	8.5355237e+02
1	0	7	37	-1.2437187e+04
1	0	7	38	9.2126648e+02
1	0	7	39	8.7451459e+02
1	0	7	40	8.4547803e+02
1	0	7	41	7.8157867e+02
1	0	7	42	8.6767487e+02
1	0	7	43	7.8223102e+02
1	0	7	44	8.8385010e+02
1	0	7	45	7.9338831e+02
1	0	7	46	7.2902930e+02
1	0	7	47	7.7183948e+02
1	0	7	48	7.7019745e+02
1	0	7	49	7.5943030e+02
1	0	7	50	7.5975000e+02
1	0	7	51	1.3576512e+03
1	0	7	52	1.3246777e+03
1	0	7	53	1.0520198e+03
1	0	7	54	1.1022755e+03
1	0	7	55	-1.2437187e+04
1	0	7	56	1.1972308e+03
1	0	7	57	1.2439686e+03
1	0	7	58	1.1767609e+03
1	0	7	59	1.1118593e+03
1	0	7	60	1.2098231e+03
1	0	7	61	1.1066254e+03
1	0	7	62	1.1067607e+03
1	0	7	63	1.0948424e+03
1	0	8	0	3.7937628e+02
1	0	8	1	4.1821487e+02
1	0	8	2	2.9781985e+02
1	0	8	3	2.3188855e+02
1	0	8	4	2.6173471e+02
1	0	8	5	2.7166483e+02
1	0	8	6	2.3166365e+02
1	0	8	7	2.4009305e+02
1	0	8	8	2.2367856e+02
1	0	8	9	3.4169113e+02
1	0	8	10	9.4378845e+01
1	0	8	11	4.8785114e+02
1	0	8	12	3.0058557e+02
1	0	8	13	2.7962637e+02
1	0	8	14	1.8836081e+02
1	0	8	15	1.9029593e+02
1	0	8	16	1.1944274e+02
1	0	8	17	1.5358835e+02
1	0	8	18	5.7947277e+01
1	0	8	19	1.0117338e+02
1	0	8	20	1.4056642e+02
1	0	8	21	6.9481163e+01
1	0	8	22	1.9857640e+02
1	0	8	23	3.6163577e+02
1	0	8	24	9.6501678e+01
1	0	8	25	1.0650017e+02
1	0	8	26	1.1973405e+02
1	0	8	27	1.0825207e+02
1	0	8	28	1.0225084e+02
1	0	8	29	4.6920212e+01
1	0	8	30	1.5365378e+02
1	0	8	31	2.6509631e+02
1	0	8	32	7.7950912e+01
1	0	8	33	1.0669222e+02
1	0	8	34	7.3598541e+02
1	0	8	35	8.5395715e+02
1	0	8	36	8.1742542e+02
1	0	8	37	9.8748059e+02
1	0	8	38	8.9071442e+02
1	0	8	39	8.8933337e+02
1	0	8	40	9.0046716e+02
1	0	8	41	8.2257129e+02
1	0	8	42	8.8897876e+02
1	0	8	43	8.4096185e+02
1	0	8	44	9.4578522e+02
1	0	8	45	8.9169373e+02
1	0	8	46	8.5891077e+02
1	0	8	47	8.7874231e+02
1	0	8	48	1.0690027e+03
1	0	8	49	8.7325110e+02
1	0	8	50	3.1948944e+02
1	0	8	51	1.6755662e+03
1	0	8	52	1.5837333e+03
1	0	8	53	1.0423468e+03
1	0	8	54	1.0772256e+03
1	0	8	55	1.2412146e+03
1	0	8	56	1.3884457e+03
1	0	8	57	1.3916246e+03
1	0	8	58	1.2140415e+03
1	0	8	59	1.1192112e+03
1	0	8	60	1.2530454e+03
1	0	8	61	1.2520204e+03
1	0	8	62	1.2041099e+03
1	0	8	63	1.1857856e+03
1	0	9	0	5.4753680e+02
1	0	9	1	3.6881427e+02
1	0	9	2	4.4894595e+02
1	0	9	3	4.6179929e+02
1	0	9	4	3.2853427e+02
1	0	9	5	6.5022375e+02
1	0	9	6	3.9661517e+02
1	0	9	7	4.2426559e+02
1	0	9	8	5.4808484e+02
1	0	9	9	3.3504089e+02
1	0	9	10	4.8653204e+02
1	0	9	11	3.1591275e+02
1	0	9	12	3.1357492e+02
1	0	9	13	4.4794885e+02
1	0	9	14	2.9530319e+02
1	0	9	15	3.9608890e+02
1	0	9	16	3.3642752e+02
1	0	9	17	2.9740027e+02
1	0	9	18	2.8486728e+02
1	0	9	19	2.7732498e+02
1	0	9	20	2.6883542e+02
1	0	9	21	2.3076678e+02
1	0	9	22	3.8189981e+02
1	0	9	23	3.4751517e+02
1	0	9	24	1.9153871e+02
1	0	9	25	3.6750208e+02
1	0	9	26	1.7588377e+02
1	0	9	27	2.5113380e+02
1	0	9	28	1.7867421e+02
1	0	9	29	1.7471918e+02
1	0	9	30	2.2139838e+02
1	0	9	31	1.2758016e+02
1	0	9	32	1.8971803e+02
1	0	9	33	1.7917799e+02
1	0	9	34	9.7557849e+02
1	0	9	35	8.8671741e+02
1	0	9	36	1.0080206e+03
1	0	9	37	9.4882477e+02
1	0	9	38	1.0585468e+03
1	0	9	39	8.6059521e+02
1	0	9	40	1.0197626e+03
1	0	9	41	8.8105927e+02
1	0	9	42	9.5681805e+02
1	0	9	43	9.8132959e+02
1	0	9	44	9.4431342e+02
1	0	9	45	8.6040240e+02
1	0	9	46	9.8139130e+02
1	0	9	47	9.0697101e+02
1	0	9	48	9.0540643e+02
1	0	9	49	8.1736212e+02
1	0	9	50	1.0177162e+03
1	0	9	51	1.3748405e+03
1	0	9	52	1.5753942e+03
1	0	9	53	1.0992430e+03
1	0	9	54	1.1542848e+03
1	0	9	55	1.0844001e+03
1	0	9	56	1.2764741e+03
1	0	9	57	1.3058502e+03
1	0	9	58	1.2559414e+03
1	0	9	59	1.1301499e+03
1	0	9	60	1.0893540e+03
1	0	9	61	1.0635093e+03
1	0	9	62	1.1808616e+03
1	0	9	63	1.3127671e+03
1	0	10	0	1.6821028e+02
1	0	10	1	6.6873085e+01
1	0	10	2	2.3745805e+02
1	0	10	3	1.8500175e+02
1	0	10	4	1.5003055e+02
1	0	10	5	1.5978307e+02
1	0	10	6	1.9514745e+02
1	0	10	7	1.7101176e+02
1	0	10	8	-2.4028029e+02
1	0	10	9	2.2346896e+02
1	0	10	10	3.6905281e+01
1	0	10	11	2.6167355e+02
1	0	10	12	1.2955815e+02
1	0	10	13	1.8142302e+02
1	0	10	14	6.4777473e+01
1	0	10	15	2.2652910e+02
1	0	10	16	-5.9925247e+01
1	0	10	17	-5.9725403e+01
1	0	10	18	3.7817863e+01
1	0	10	19	3.2189751e+01
1	0	10	20	3.8519432e+01
1	0	10	21	3.9635220e+01
1	0	10	22	3.5530060e+01
1	0	10	23	-6.3201833e+00
1	0	10	24	4.6085819e+01
1	0	10	25	-3.8383086e+00
1	0	10	26	4.1152454e+01
1	0	10	27	1.1503658e+02
1	0	10	28	9.1863281e+01
1	0	10	29	5.2255356e+01
1	0	10	30	3.7182667e+01
1	0	10	31	4.3006897e+01
1	0	10	32	1.8337801e+01
1	0	10	33	-5.4709824e+01
1	0	10	34	6.9822528e+02
1	0	10	35	7.6624780e+02
1	0	10	36	7.8058820e+02
1	0	10	37	8.1351874e+02
1	0	10	38	7.6803387e+02
1	0	10	39	7.3071924e+02
1	0	10	40	7.3620685e+02
1	0	10	41	7.5100049e+02
1	0	10	42	8.9092737e+02
1	0	10	43	8.6566779e+02
1	0	10	44	9.5337549e+02
1	0	10	45	7.8130872e+02
1	0	10	46	7.9658234e+02
1	0	10	47	7.9011188e+02
1	0	10	48	8.0157324e+02
1	0	10	49	8.4779742e+02
1	0	10	50	7.7492310e+02
1	0	10	51	1.4574741e+03
1	0	10	52	1.4839640e+03
1	0	10	53	8.1586060e+02
1	0	10	54	-4.2145957e+03
1	0	10	55	1.1638915e+03
1	0	10	56	1.2915164e+03
1	0	10	57	1.2016632e+03
1	0	10	58	1.1280048e+03
1	0	10	59	9.9755743e+02
1	0	10	60	1.1375002e+03
1	0	10	61	1.0205380e+03
1	0	10	62	1.0011964e+03
1	0	10	63	1.1134404e+03
1	0	11	0	3.4128656e+02
1	0	11	1	3.1036563e+02
1	0	11	2	2.0865858e+02
1	0	11	3	3.0116290e+02
1	0	11	4	2.2119641e+02
1	0	11	5	2.8714230e+02
1	0	11	6	2.3235246e+02
1	0	11	7	3.4663632e+02
1	0	11	8	2.9022180e+02
1	0	11	9	2.9893863e+02
1	0	11	10	2.9816489e+02
1	0	11	11	2.2196588e+02
1	0	11	12	1.5148886e+02
1	0	11	13	3.2539865e+02
1	0	11	14	1.4072488e+02
1	0	11	15	2.8631662e+02
1	0	11	16	1.6242569e+02
1	0	11	17	2.2288445e+02
1	0	11	18	1.9978151e+02
1	0	11	19	2.0932445e+02
1	0	11	20	1.7408015e+02
1	0	11	21	1.5772653e+02
1	0	11	22	2.1333485e+02
1	0	11	23	2.1884283e+02
1	0	11	24	7.7363632e+01
1	0	11	25	1.7356361e+02
1	0	11	26	9.8529228e+01
1	0	11	27	1.3665437e+02
1	0	11	28	1.9367740e+02
1	0	11	29	7.8090233e+01
1	0	11	30	1.1917333e+02
1	0	11	31	1.1994755e+02
1	0	11	32	1.3115836e+02
1	0	11	33	8.6563622e+01
1	0	11	34	7.7301239e+02
1	0	11	35	7.7891626e+02
1	0	11	36	8.1349548e+02
1	0	11	37	8.5298633e+02
1	0	11	38	8.5296539e+02
1	0	11	39	8.1907550e+02
1	0	11	40	-6.1411880e+03
1	0	11	41	7.7833301e+02
1	0	11	42	8.1756317e+02
1	0	11	43	8.1960760e+02
1	0	11	44	8.0206122e+02
1	0	11	45	8.2088727e+02
1	0	11	46	8.6507190e+02
1	0	11	47	7.4181732e+02
1	0	11	48	7.5993982e+02
1	0	11	49	7.8091785e+02
1	0	11	50	9.4712726e+02
1	0	11	51	1.3282139e+03
1	0	11	52	1.3825746e+03
1	0	11	53	9.9046167e+02
1	0	11	54	1.0835095e+03
1	0	11	55	1.0503229e+03
1	0	11	56	1.1461235e+03
1	0	11	57	1.2050076e+03
1	0	11	58	1.0984670e+03
1	0	11	59	1.1111729e+03
1	0	11	60	9.9224213e+02
1	0	11	61	1.0195145e+03
1	0	11	62	1.0340669e+03
1	0	11	63	1.0344253e+03
1	0	12	0	6.4563850e+01
1	0	12	1	-5.9637470e+01
1	0	12	2	-2.2799572e+01
1	0	12	3	-1.4938791e+02
1	0	12	4	-1.2437187e+04
1	0	12	5	-6.5763283e+01
1	0	12	6	-1.2437187e+04
1	0	12	7	2.7174885e+01
1	0	12	8	-1.0418865e+02
1	0	12	9	7.5313711e-01
1	0	12	10	-2.4180588e+02
1	0	12	11	-4.8924076e+01
1	0	12	12	-1.3600908e+02
1	0	12	13	-5.9833408e+01
1	0	12	14	-1.2848816e+02
1	0	12	15	-1.2174873e+02
1	0	12	16	-2.1127815e+02
1	0	12	17	-2.0097086e+02
1	0	12	18	-2.2347752e+02
1	0	12	19	-2.6479755e+02
1	0	12	20	-2.2750734e+02
1	0	12	21	-2.1302351e+02
1	0	12	22	-2.2698232e+02
1	0	12	23	-1.6332697e+02
1	0	12	24	-1.3188692e+02
1	0	12	25	-1.6360487e+02
1	0	12	26	-1.8550017e+02
1	0	12	27	-1.2437187e+04
1	0	12	28	-9.3966614e+01
1	0	12	29	-2.3409435e+02
1	0	12	30	-1.5977373e+02
1	0	12	31	-1.1857582e+02
1	0	12	32	-2.4213924e+02
1	0	12	33	-7.3028862e+01
1	0	12	34	4.4700919e+02
1	0	12	35	5.6623181e+02
1	0	12	36	5.0465912e+02
1	0	12	37	5.6986163e+02
1	0	12	38	5.3672241e+02
1	0	12	39	6.1204327e+02
1	0	12	40	4.9295209e+02
1	0	12	41	5.1572186e+02
1	0	12	42	5.3264240e+02
1	0	12	43	6.1328241e+02
1	0	12	44	6.8143951e+02
1	0	12	45	5.2226520e+02
1	0	12	46	6.5713458e+02
1	0	12	47	5.5809399e+02
1	0	12	48	5.5377679e+02
1	0	12	49	5.4765924e+02
1	0	12	50	5.4236426e+02
1	0	12	51	1.2583442e+03
1	0	12	52	1.1825269e+03
1	0	12	53	8.3405591e+02
1	0	12	54	8.5848529e+02
1	0	12	55	9.1971539e+02
1	0	12	56	1.0151089e+03
1	0	12	57	9.1496802e+02
1	0	12	58	8.8106427e+02
1	0	12	59	7.9019171e+02
1	0	12	60	9.3693896e+02
1	0	12	61	8.8960016e+02
1	0	12	62	8.2666943e+02
1	0	12	63	9.7741223e+02
1	0	13	0	2.1821094e+02
1	0	13	1	1.0700445e+02
1	0	13	2	2.2035898e+01
1	0	13	3	1.4214497e+02
1	0	13	4	1.1453189e+02
1	0	13	5	1.7319373e+02
1	0	13	6	9.9987442e+01
1	0	13	7	1.3138531e+02
1	0	13	8	6.6653740e+01
1	0	13	9	3.9953114e+01
1	0	13	10	1.2114448e+02
1	0	13	11	-3.4407017e+01
1	0	13	12	2.1823111e+01
1	0	13	13	4.0431438e+01
1	0	13	14	2.8755442e+01
1	0	13	15	-1.7874113e+01
1	0	13	16	-3.4580227e+01
1	0	13	17	-8.2878693e+01
1	0	13	18	-1.8285689e+02
1	0	13	19	-1.0779446e+01
1	0	13	20	-1.0371233e+02
1	0	13	21	-1.3015309e+02
1	0	13	22	-9.3057922e+01
1	0	13	23	-1.7330212e+01
1	0	13	24	-6.2702110e+01
1	0	13	25	-4.7892159e+01
1	0	13	26	-1.2903587e+02
1	0	13	27	-1.0310338e+02
1	0	13	28	-1.3323087e+02
1	0	13	29	-1.0830170e+02
1	0	13	30	-8.1776993e+01
1	0	13	31	-1.2874425e+02
1	0	13	32	-1.6631573e+02
1	0	13	33	-1.9885786e+02
1	0	13	34	5.2946613e+02
1	0	13	35	5.1567291e+02
1	0	13	36	5.1744946e+02
1	0	13	37	5.0679623e+02
1	0	13	38	6.2013904e+02
1	0	13	39	5.6216003e+02
1	0	13	40	5.4566876e+02
1	0	13	41	4.5452823e+02
1	0	13	42	5.8563409e+02
1	0	13	43	4.5338763e+02
1	0	13	44	4.8949670e+02
1	0	13	45	4.6494193e+02
1	0	13	46	5.7983667e+02
1	0	13	47	5.9414142e+02
1	0	13	48	5.9959363e+02
1	0	13	49	4.9285773e+02
1	0	13	50	5.9517639e+02
1	0	13	51	1.1342607e+03
1	0	13	52	1.1799816e+03
1	0	13	53	8.5188593e+02
1	0	13	54	7.9348120e+02
1	0	13	55	7.9377979e+02
1	0	13	56	9.6829077e+02
1	0	13	57	9.6948798e+02
1	0	13	58	8.4035638e+02
1	0	13	59	7.7478088e+02
1	0	13	60	7.7079529e+02
1	0	13	61	8.3086646e+02
1	0	13	62	8.7343518e+02
1	0	13	63	7.3150824e+02
1	0	14	0	-2.5520461e+02
1	0	14	1	-2.2010892e+02
1	0	14	2	-1.5275374e+02
1	0	14	3	-2.5849673e+02
1	0	14	4	-2.4839323e+02
1	0	14	5	-2.3518216e+02
1	0	14	6	-2.3908426e+02
1	0	14	7	-2.4642299e+02
1	0	14	8	-2.6320251e+02
1	0	14	9	-1.4598834e+02
1	0	14	10	-3.2585788e+02
1	0	14	11	-2.0469209e+02
1	0	14	12	-3.4319400e+02
1	0	14	13	-3.1665170e+02
1	0	14	14	-3.6799911e+02
1	0	14	15	-2.8302945e+02
1	0	14	16	-4.7801013e+02
1	0	14	17	-4.8173679e+02
1	0	14	18	-4.3194000e+02
1	0	14	19	-4.3254388e+02
1	0	14	20	-4.6933295e+02
1	0	14	21	-4.1461679e+02
1	0	14	22	-4.2056775e+02
1	0	14	23	-3.6020279e+02
1	0	14	24	-4.6593872e+02
1	0	14	25	-3.4937341e+02
1	0	14	26	-5.3496002e+02
1	0	14	27	-3.4529532e+02
1	0	14	28	-3.7438812e+02
1	0	14	29	-4.2144955e+02
1	0	14	30	-3.9010141e+02
1	0	14	31	-3.9314609e+02
1	0	14	32	-4.3407901e+02
1	0	14	33	-4.3203082e+02
1	0	14	34	2.4015488e+02
1	0	14	35	2.8463828e+02
1	0	14	36	2.8613364e+02
1	0	14	37	3.8379492e+02
1	0	14	38	2.5820587e+02
1	0	14	39	4.4576715e+02
1	0	14	40	3.6010083e+02
1	0	14	41	3.0044327e+02
1	0	14	42	4.4137692e+02
1	0	14	43	4.2689886e+02
1	0	14	44	5.5224628e+02
1	0	14	45	4.2910764e+02
1	0	14	46	5.0601770e+02
1	0	14	47	3.9402383e+02
1	0	14	48	5.0417422e+02
1	0	14	49	2.3472815e+02
1	0	14	50	4.6748425e+02
1	0	14	51	1.0400327e+03
1	0	14	52	9.6733002e+02
1	0	14	53	6.9061145e+02
1	0	14	54	6.8962006e+02
1	0	14	55	7.6646155e+02
1	0	14	56	9.2886719e+02
1	0	14	57	8.4063440e+02
1	0	14	58	7.0613538e+02
1	0	14	59	7.1874469e+02
1	0	14	60	7.6843237e+02
1	0	14	61	4.6242554e+02
1	0	14	62	5.9909741e+02
1	0	14	63	6.7972577e+02
1	0	15	0	1.1485800e+02
1	0	15	1	8.5729965e+01
1	0	15	2	-4.6739872e+01
1	0	15	3	4.0703629e+01
1	0	15	4	-1.1752728e+02
1	0	15	5	5.7994598e+01
1	0	15	6	5.0018391e+01
1	0	15	7	1.8497833e+02
1	0	15	8	-1.6209553e+01
1	0	15	9	-5.2822578e+01
1	0	15	10	6.8111444e+00
1	0	15	11	9.1385202e+00
1	0	15	12	-2.0197752e+01
1	0	15	13	5.2068748e+00
1	0	15	14	-1.5486108e+01
1	0	15	15	4.3243530e+01
1	0	15	16	-9.6941078e+01
1	0	15	17	-4.1735664e+01
1	0	15	18	-9.8514893e+01
1	0	15	19	-8.2597923e+01
1	0	15	20	-1.4815099e+02
1	0	15	21	-4.0750740e+01
1	0	15	22	-5.1884544e+01
1	0	15	23	-5.8246895e+01
1	0	15	24	-4.6534550e+01
1	0	15	25	-8.4479485e+01
1	0	15	26	-1.4853751e+02
1	0	15	27	-2.1580280e+02
1	0	15	28	-8.1855118e+01
1	0	15	29	-1.0062922e+02
1	0	15	30	-1.5339058e+02
1	0	15	31	-2.0944498e+02
1	0	15	32	-2.2092116e+02
1	0	15	33	-2.6669598e+02
1	0	15	34	4.5075363e+02
1	0	15	35	3.8750519e+02
1	0	15	36	5.4369684e+02
1	0	15	37	4.5053857e+02
1	0	15	38	5.8963501e+02
1	0	15	39	5.0757150e+02
1	0	15	40	5.5191895e+02
1	0	15	41	4.2724448e+02
1	0	15	42	4.9656018e+02
1	0	15	43	4.1739627e+02
1	0	15	44	4.8054282e+02
1	0	15	45	4.0307590e+02
1	0	15	46	5.0742706e+02
1	0	15	47	4.6096603e+02
1	0	15	48	4.5385574e+02
1	0	15	49	4.1229160e+02
1	0	15	50	5.4023602e+02
1	0	15	51	1.0043664e+03
1	0	15	52	1.0530729e+03
1	0	15	53	6.9032336e+02
1	0	15	54	7.6186780e+02
1	0	15	55	7.1806610e+02
1	0	15	56	8.4643628e+02
1	0	15	57	8.5171930e+02
1	0	15	58	8.2903204e+02
1	0	15	59	6.8527014e+02
1	0	15	60	6.5517596e+02
1	0	15	61	6.6917175e+02
1	0	15	62	7.2689862e+02
1	0	15	63	7.5549072e+02
1	1	0	0	-3.6642880e+02
1	1	0	1	-5.3828937e+02
1	1	0	2	-4.7241443e+02
1	1	0	3	-4.6473520e+02
1	1	0	4	-6.4845526e+02
1	1	0	5	-5.0967062e+02
1	1	0	6	-6.2888007e+02
1	1	0	7	-4.2717044e+02
1	1	0	8	-4.7558051e+02
1	1	0	9	-5.4081653e+02
1	1	0	10	-5.9212726e+02
1	1	0	11	-6.2936938e+02
1	1	0	12	-5.3464282e+02
1	1	0	13	-5.4922681e+02
1	1	0	14	-4.9409241e+02
1	1	0	15	-5.5268799e+02
1	1	0	16	-6.6076868e+02
1	1	0	17	-7.7088867e+02
1	1	0	18	-6.0356921e+02
1	1	0	19	-6.6248438e+02
1	1	0	20	-6.3243042e+02
1	1	0	21	-6.6315009e+02
1	1	0	22	-6.6875586e+02
1	1	0	23	-6.7726776e+02
1	1	0	24	-7.4412848e+02
1	1	0	25	-6.5711487e+02
1	1	0	26	-7.5829077e+02
1	1	0	27	-8.8194629e+02
1	1	0	28	-7.2102472e+02
1	1	0	29	-7.9469116e+02
1	1	0	30	-7.4031293e+02
1	1	0	31	-7.3808221e+02
1	1	0	32	-8.3945685e+02
1	1	0	33	-8.6846381e+02
1	1	0	34	-1.1707307e+02
1	1	0	35	-1.3849762e+02
1	1	0	36	-9.0416298e+01
1	1	0	37	-1.3240120e+02
1	1	0	38	-5.7297134e+01
1	1	0	39	-1.0167684e+02
1	1	0	40	-1.1967702e+02
1	1	0	41	-1.4143401e+02
1	1	0	42	-8.6227814e+01
1	1	0	43	-6.4736465e+01
1	1	0	44	-1.1824509e+02
1	1	0	45	-9.6022369e+01
1	1	0	46	-2.1168497e+02
1	1	0	47	-1.6267802e+02
1	1	0	48	-1.8001974e+02
1	1	0	49	-2.1944109e+02
1	1	0	50	-1.2201011e+02
1	1	0	51	4.4236072e+02
1	1	0	52	4.2163577e+02
1	1	0	53	6.1018150e+01
1	1	0	54	2.0496771e+01
1	1	0	55	4.2504246e+01
1	1	0	56	2.3119614e+02
1	1	0	57	2.9293066e+02
1	1	0	58	2.0818474e+02
1	1	0	59	8.9248146e+01
1	1	0	60	1.1769474e+02
1	1	0	61	1.3890187e+02
1	1	0	62	1.6318370e+02
1	1	0	63	1.2321079e+02
1	1	1	0	-6.8075104e+02
1	1	1	1	-7.3625323e+02
1	1	1	2	-5.6467578e+02
1	1	1	3	-7.2893896e+02
1	1	1	4	-6.2676447e+02
1	1	1	5	-6.4160455e+02
1	1	1	6	-6.0796454e+02
1	1	1	7	-6.8959735e+02
1	1	1	8	-6.8795068e+02
1	1	1	9	-5.4864771e+02
1	1	1	10	-7.1766730e+02
1	1	1	11	-5.9163391e+02
1	1	1	12	-7.0572144e+02
1	1	1	13	-6.7656964e+02
1	1	1	14	-7.0969922e+02
1	1	1	15	-6.4359692e+02
1	1	1	16	-9.0817297e+02
1	1	1	17	-7.7371368e+02
1	1	1	18	-7.2145081e+02
1	1	1	19	-7.9229596e+02
1	1	1	20	-8.3568188e+02
1	1	1	21	-7.5839856e+02
1	1	1	22	-7.1515936e+02
1	1	1	23	-8.1618018e+02
1	1	1	24	-8.6062524e+02
1	1	1	25	-6.8877081e+02
1	1	1	26	-7.7526495e+02
1	1	1	27	-7.3327991e+02
1	1	1	28	-7.5964624e+02
1	1	1	29	-7.9394104e+02
1	1	1	30	-7.0917609e+02
1	1	1	31	-8.4838074e+02
1	1	1	32	-7.9001465e+02
1	1	1	33	-7.3016766e+02
1	1	1	34	-2.0922091e+01
1	1	1	35	-4.5866806e+01
1	1	1	36	4.9547512e+01
1	1	1	37	1.4941838e+02
1	1	1	38	3.3883527e-01
1	1	1	39	5.9513332e+01
1	1	1	40	1.9955058e+02
1	1	1	41	6.0864365e+01
1	1	1	42	1.2507273e+02
1	1	1	43	8.0204010e+00
1	1	1	44	1.8916455e+02
1	1	1	45	5.1116302e+01
1	1	1	46	7.7967094e+01
1	1	1	47	9.8343559e+01
1	1	1	48	2.0248912e+02
1	1	1	49	1.0633656e+02
1	1	1	50	1.4387479e+02
1	1	1	51	7.1408008e+02
1	1	1	52	7.9746210e+02
1	1	1	53	4.2237720e+02
1	1	1	54	4.3463953e+02
1	1	1	55	3.4598004e+02
1	1	1	56	6.1905701e+02
1	1	1	57	5.4238696e+02
1	1	1	58	3.7888614e+02
1	1	1	59	3.7635809e+02
1	1	1	60	5.1666840e+02
1	1	1	61	3.2311789e+02
1	1	1	62	2.0330376e+02
1	1	1	63	4.3115042e+02
1	1	2	0	-1.0155560e+03
1	1	2	1	-1.1533389e+03
1	1	2	2	-1.0766320e+03
1	1	2	3	-1.0777172e+03
1	1	2	4	-1.3625835e+03
1	1	2	5	-1.2222413e+03
1	1	2	6	-1.3453108e+03
1	1	2	7	-1.0393329e+03
1	1	2	8	-1.0893799e+03
1	1	2	9	-1.2252726e+03
1	1	2	10	-1.2811055e+03
1	1	2	11	-1.3634590e+03
1	1	2	12	-1.2468457e+03
1	1	2	13	-1.2798236e+03
1	1	2	14	-1.0949365e+03
1	1	2	15	-1.0131564e+03
1	1	2	16	-1.2272045e+03
1	1	2	17	-1.4077899e+03
1	1	2	18	-1.1685875e+03
1	1	2	19	-1.3250626e+03
1	1	2	20	-1.2326846e+03
1	1	2	21	-1.2095366e+03
1	1	2	22	-1.2918446e+03
1	1	2	23	-1.3010812e+03
1	1	2	24	-1.3369384e+03
1	1	2	25	-1.4406515e+03
1	1	2	26	-1.4207018e+03
1	1	2	27	-1.5796011e+03
1	1	2	28	-1.3966794e+03
1	1	2	29	-1.5721465e+03
1	1	2	30	-1.4585533e+03
1	1	2	31	-1.5412178e+03
1	1	2	32	-1.5213850e+03
1	1	2	33	-1.5051833e+03
1	1	2	34	-9.4644855e+02
1	1	2	35	-9.3038159e+02
1	1	2	36	-8.9328796e+02
1	1	2	37	-1.0374551e+03
1	1	2	38	-8.4193622e+02
1	1	2	39	-1.0267297e+03
1	1	2	40	-8.8830658e+02
1	1	2	41	-1.0485941e+03
1	1	2	42	-1.1269780e+03
1	1	2	43	-1.0925886e+03
1	1	2	44	-1.3122982e+03
1	1	2	45	-1.1277130e+03
1	1	2	46	-1.3472454e+03
1	1	2	47	-1.1612584e+03
1	1	2	48	-1.3885319e+03
1	1	2	49	-1.4184608e+03
1	1	2	50	-9.1880157e+02
1	1	2	51	-5.4323517e+02
1	1	2	52	-5.7382312e+02
1	1	2	53	-9.2421527e+02
1	1	2	54	-9.1673975e+02
1	1	2	55	-1.1280889e+03
1	1	2	56	-9.3524615e+02
1	1	2	57	-5.8801886e+02
1	1	2	58	-5.0817471e+02
1	1	2	59	-7.9032098e+02
1	1	2	60	-1.1621663e+03
1	1	2	61	-7.8581885e+02
1	1	2	62	-7.3154297e+02
1	1	2	63	-1.1354656e+03
1	1	3	0	-1.6481466e+03
1	1	3	1	-1.4751653e+03
1	1	3	2	-1.1516875e+03
1	1	3	3	-1.3934458e+03
1	1	3	4	-1.2450042e+03
1	1	3	5	-1.6041011e+03
1	1	3	6	-1.2804161e+03
1	1	3	7	-1.6779661e+03
1	1	3	8	-1.4661813e+03
1	1	3	9	-1.0614707e+03
1	1	3	10	-1.6279760e+03
1	1	3	11	-1.0844562e+03
1	1	3	12	-1.3332727e+03
1	1	3	13	-1.2882482e+03
1	1	3	14	-1.3857780e+03
1	1	3	15	-1.4461689e+03
1	1	3	16	-1.5923782e+03
1	1	3	17	-1.7175751e+03
1	1	3	18	-1.7502892e+03
1	1	3	19	-1.7207631e+03
1	1	3	20	-1.5352275e+03
1	1	3	21	-1.4615594e+03
1	1	3	22	-1.4923445e+03
1	1	3	23	-1.4441724e+03
1	1	3	24	-1.4032905e+03
1	1	3	25	-1.3173248e+03
1	1	3	26	-1.3430984e+03
1	1	3	27	-1.2182474e+03
1	1	3	28	-1.2951577e+03
1	1	3	29	-1.2878423e+03
1	1	3	30	-1.2964000e+03
1	1	3	31	-1.3888560e+03
1	1	3	32	-1.2829424e+03
1	1	3	33	-1.2055654e+03
1	1	3	34	-4.8876999e+02
1	1	3	35	-5.6562689e+02
1	1	3	36	-4.8124042e+02
1	1	3	37	-3.8878326e+02
1	1	3	38	-5.4714313e+02
1	1	3	39	-4.7594498e+02
1	1	3	40	-2.4046669e+02
1	1	3	41	-3.7105310e+02
1	1	3	42	-2.6064127e+02
1	1	3	43	-3.9759680e+02
1	1	3	44	-1.6356392e+02
1	1	3	45	-3.4922879e+02
1	1	3	46	-2.4140572e+02
1	1	3	47	-3.2053186e+02
1	1	3	48	-1.7458180e+02
1	1	3	49	-2.7857492e+02
1	1	3	50	-4.0340228e+02
1	1	3	51	1.9085144e+02
1	1	3	52	2.7639902e+02
1	1	3	53	-1.0530492e+02
1	1	3	54	-8.2553642e+01
1	1	3	55	5.8801502e+01
1	1	3	56	1.9753314e+02
1	1	3	57	6.2513824e+01
1	1	3	58	-1.6195105e+02
1	1	3	59	-6.0982151e+01
1	1	3	60	5.8895493e+01
1	1	3	61	-1.6642712e+02
1	1	3	62	-2.5310458e+02
1	1	3	63	1.0570686e+02
1	1	4	0	-2.0264618e+03
1	1	4	1	-1.8568944e+03
1	1	4	2	-1.6178024e+03
1	1	4	3	-2.1009172e+03
1	1	4	4	-1.5124930e+03
1	1	4	5	-1.6314719e+03
1	1	4	6	-1.4293302e+03
1	1	4	7	-2.0811484e+03
1	1	4	8	-1.8900991e+03
1	1	4	9	-1.4644591e+03
1	1	4	10	-1.9067769e+03
1	1	4	11	-1.3872845e+03
1	1	4	12	-1.6594825e+03
1	1	4	13	-1.6601367e+03
1	1	4	14	-2.1569709e+03
1	1	4	15	-1.8829883e+03
1	1	4	16	-2.3002820e+03
1	1	4	17	-2.0636135e+03
1	1	4	18	-2.2402747e+03
1	1	4	19	-1.9752798e+03
1	1	4	20	-2.2418604e+03
1	1	4	21	-2.3453894e+03
1	1	4	22	-1.9249004e+03
1	1	4	23	-1.9336924e+03
1	1	4	24	-1.7568652e+03
1	1	4	25	-1.7244701e+03
1	1	4	26	-1.7200032e+03
1	1	4	27	-1.4286490e+03
1	1	4	28	-1.6966077e+03
1	1	4	29	-1.5792885e+03
1	1	4	30	-1.6001677e+03
1	1	4	31	-1.6019181e+03
1	1	4	32	-1.5646771e+03
1	1	4	33	-1.4813402e+03
1	1	4	34	-8.8797955e+02
1	1	4	35	-8.1231519e+02
1	1	4	36	-8.4506927e+02
1	1	4	37	-7.1234961e+02
1	1	4	38	-8.8639294e+02
1	1	4	39	-7.4624451e+02
1	1	4	40	-7.3462402e+02
1	1	4	41	-7.1735767e+02
1	1	4	42	-6.0075403e+02
1	1	4	43	-5.9523224e+02
1	1	4	44	-4.6136639e+02
1	1	4	45	-6.0842133e+02
1	1	4	46	-5.3535992e+02
1	1	4	47	-5.5528955e+02
1	1	4	48	-4.8642767e+02
1	1	4	49	-5.1237714e+02
1	1	4	50	-5.7918488e+02
1	1	4	51	-1.7239610e+00
1	1	4	52	9.1626301e+00
1	1	4	53	-3.3270361e+02
1	1	4	54	-3.9534482e+02
1	1	4	55	-2.4386429e+02
1	1	4	56	-2.2131676e+01
1	1	4	57	-2.6424170e+02
1	1	4	58	-4.9600201e+02
1	1	4	59	-4.4600055e+02
1	1	4	60	-2.2100578e+02
1	1	4	61	-4.5261050e+02
1	1	4	62	-5.8349542e+02
1	1	4	63	-2.5053009e+02
1	1	5	0	-7.6956934e+02
1	1	5	1	-9.4936591e+02
1	1	5	2	-1.2108646e+03
1	1	5	3	-9.3892407e+02
1	1	5	4	-1.2394540e+03
1	1	5	5	-8.7236359e+02
1	1	5	6	-9.9059680e+02
1	1	5	7	-7.7769141e+02
1	1	5	8	-8.9967841e+02
1	1	5	9	-1.2937601e+03
1	1	5	10	-8.5703772e+02
1	1	5	11	-1.2742415e+03
1	1	5	12	-1.0797528e+03
1	1	5	13	-1.0852345e+03
1	1	5	14	-1.1570792e+03
1	1	5	15	-1.0113052e+03
1	1	5	16	-1.0269198e+03
1	1	5	17	-9.2643817e+02
1	1	5	18	-1.0128616e+03
1	1	5	19	-9.7645880e+02
1	1	5	20	-1.1631091e+03
1	1	5	21	-1.1178079e+03
1	1	5	22	-1.0741499e+03
1	1	5	23	-1.0999554e+03
1	1	5	24	-1.1931882e+03
1	1	5	25	-1.1564452e+03
1	1	5	26	-1.1947338e+03
1	1	5	27	-1.2928010e+03
1	1	5	28	-1.1387885e+03
1	1	5	29	-1.3828007e+03
1	1	5	30	-1.2521779e+03
1	1	5	31	-1.2970104e+03
1	1	5	32	-1.3584572e+03
1	1	5	33	-1.4352411e+03
1	1	5	34	-7.5515601e+02
1	1	5	35	-7.5200183e+02
1	1	5	36	-6.8874744e+02
1	1	5	37	-8.8228210e+02
1	1	5	38	-6.0104260e+02
1	1	5	39	-9.5269458e+02
1	1	5	40	-1.1297881e+03
1	1	5	41	-9.8054388e+02
1	1	5	42	-1.1219999e+03
1	1	5	43	-9.0253088e+02
1	1	5	44	-1.4421346e+03
1	1	5	45	-1.1809277e+03
1	1	5	46	-1.5062601e+03
1	1	5	47	-1.0974628e+03
1	1	5	48	-1.5272227e+03
1	1	5	49	-1.4790895e+03
1	1	5	50	-8.6160541e+02
1	1	5	51	-6.3248260e+02
1	1	5	52	-5.7231677e+02
1	1	5	53	-8.3629645e+02
1	1	5	54	-8.6423859e+02
1	1	5	55	-1.2163312e+03
1	1	5	56	-1.1197150e+03
1	1	5	57	-5.2465552e+02
1	1	5	58	-3.9235364e+02
1	1	5	59	-5.5903369e+02
1	1	5	60	-1.1668539e+03
1	1	5	61	-7.1124530e+02
1	1	5	62	-4.7121732e+02
1	1	5	63	-1.1762257e+03
1	1	6	0	-9.5536798e+02
1	1	6	1	-1.0079942e+03
1	1	6	2	-8.2126050e+02
1	1	6	3	-9.7119781e+02
1	1	6	4	-9.4081696e+02
1	1	6	5	-9.4435901e+02
1	1	6	6	-8.9422467e+02
1	1	6	7	-9.8533435e+02
1	1	6	8	-9.8201007e+02
1	1	6	9	-8.4982581e+02
1	1	6	10	-1.0231803e+03
1	1	6	11	-8.2912506e+02
1	1	6	12	-1.0197818e+03
1	1	6	13	-9.4047150e+02
1	1	6	14	-1.0181035e+03
1	1	6	15	-9.6283936e+02
1	1	6	16	-1.0926506e+03
1	1	6	17	-1.1380203e+03
1	1	6	18	-1.0917950e+03
1	1	6	19	-1.1095962e+03
1	1	6	20	-1.1163212e+03
1	1	6	21	-1.1360746e+03
1	1	6	22	-1.0891068e+03
1	1	6	23	-1.0273806e+03
1	1	6	24	-1.0955253e+03
1	1	6	25	-1.1112284e+03
1	1	6	26	-1.1438928e+03
1	1	6	27	-1.0073033e+03
1	1	6	28	-1.0733202e+03
1	1	6	29	-9.8675690e+02
1	1	6	30	-1.0087652e+03
1	1	6	31	-9.9044757e+02
1	1	6	32	-1.0749974e+03
1	1	6	33	-1.0235602e+03
1	1	6	34	-2.9440381e+02
1	1	6	35	-2.0427899e+02
1	1	6	36	-1.8762454e+02
1	1	6	37	-1.9933559e+02
1	1	6	38	-2.7536539e+02
1	1	6	39	-2.3007301e+02
1	1	6	40	-2.4833757e+02
1	1	6	41	-1.9825392e+02
1	1	6	42	-2.3885428e+02
1	1	6	43	-9.4854973e+01
1	1	6	44	-5.4742634e+01
1	1	6	45	-2.1608772e+02
1	1	6	46	-1.0203442e+02
1	1	6	47	-1.8672633e+02
1	1	6	48	-1.4699733e+02
1	1	6	49	-1.9368391e+02
1	1	6	50	-9.3542648e+01
1	1	6	51	3.9094510e+02
1	1	6	52	4.7539813e+02
1	1	6	53	2.9844433e+01
1	1	6	54	1.9820160e+01
1	1	6	55	1.8084370e+02
1	1	6	56	2.9545935e+02
1	1	6	57	1.9226796e+02
1	1	6	58	1.1340972e+02
1	1	6	59	6.2132088e+01
1	1	6	60	1.1553384e+02
1	1	6	61	-4.8698311e+00
1	1	6	62	5.1406094e+01
1	1	6	63	1.2255172e+02
1	1	7	0	-4.0323184e+02
1	1	7	1	-5.5515131e+02
1	1	7	2	-7.1015912e+02
1	1	7	3	-6.2787646e+02
1	1	7	4	-6.1959686e+02
1	1	7	5	-4.6292786e+02
1	1	7	6	-5.2253687e+02
1	1	7	7	-5.0899469e+02
1	1	7	8	-5.5370642e+02
1	1	7	9	-6.0943127e+02
1	1	7	10	-5.4418298e+02
1	1	7	11	-6.8212366e+02
1	1	7	12	-7.5310590e+02
1	1	7	13	-6.3890295e+02
1	1	7	14	-7.4397931e+02
1	1	7	15	-5.3872827e+02
1	1	7	16	-6.6338837e+02
1	1	7	17	-6.2617731e+02
1	1	7	18	-7.1304077e+02
1	1	7	19	-6.2388629e+02
1	1	7	20	-6.6606189e+02
1	1	7	21	-6.8464838e+02
1	1	7	22	-5.6619696e+02
1	1	7	23	-5.4941925e+02
1	1	7	24	-6.3339398e+02
1	1	7	25	-5.8477271e+02
1	1	7	26	-7.4525067e+02
1	1	7	27	-6.8515393e+02
1	1	7	28	-6.6618469e+02
1	1	7	29	-6.9236884e+02
1	1	7	30	-7.1996027e+02
1	1	7	31	-7.5872900e+02
1	1	7	32	-7.5709882e+02
1	1	7	33	-8.2364825e+02
1	1	7	34	-2.2443882e+01
1	1	7	35	-7.2191971e+01
1	1	7	36	-3.1645370e+01
1	1	7	37	-1.5049216e+02
1	1	7	38	3.8131763e+01
1	1	7	39	-5.9699783e+01
1	1	7	40	-9.5084427e+01
1	1	7	41	-1.3762381e+02
1	1	7	42	-1.1851334e+02
1	1	7	43	-1.3756932e+02
1	1	7	44	-1.4087680e+02
1	1	7	45	-1.3286371e+02
1	1	7	46	-1.6546385e+02
1	1	7	47	-9.3014091e+01
1	1	7	48	-1.5403969e+02
1	1	7	49	-1.6790628e+02
1	1	7	50	-7.2501633e+01
1	1	7	51	4.8850214e+02
1	1	7	52	4.3232281e+02
1	1	7	53	1.8972871e+02
1	1	7	54	8.4916176e+01
1	1	7	55	6.9728104e+01
1	1	7	56	3.0748996e+02
1	1	7	57	3.5182248e+02
1	1	7	58	2.1115041e+02
1	1	7	59	1.7055980e+02
1	1	7	60	6.3755516e+01
1	1	7	61	1.4069678e+02
1	1	7	62	2.7990567e+02
1	1	7	63	1.3845300e+02
1	1	8	0	-9.1891931e+02
1	1	8	1	-9.7592987e+02
1	1	8	2	-8.1772083e+02
1	1	8	3	-1.0240751e+03
1	1	8	4	-9.2631812e+02
1	1	8	5	-9.4060339e+02
1	1	8	6	-9.1157220e+02
1	1	8	7	-1.0139388e+03
1	1	8	8	-1.0840371e+03
1	1	8	9	-8.9248535e+02
1	1	8	10	-1.0842417e+03
1	1	8	11	-9.5288086e+02
1	1	8	12	-1.1078807e+03
1	1	8	13	-1.0313871e+03
1	1	8	14	-1.0857288e+03
1	1	8	15	-1.0009781e+03
1	1	8	16	-1.2743177e+03
1	1	8	17	-1.1690055e+03
1	1	8	18	-1.1592358e+03
1	1	8	19	-1.1700763e+03
1	1	8	20	-1.1505521e+03
1	1	8	21	-1.1610330e+03
1	1	8	22	-1.0671901e+03
1	1	8	23	-1.2251125e+03
1	1	8	24	-1.1900696e+03
1	1	8	25	-1.1397544e+03
1	1	8	26	-1.1531654e+03
1	1	8	27	-1.0341968e+03
1	1	8	28	-1.0708496e+03
1	1	8	29	-1.1587050e+03
1	1	8	30	-1.0872073e+03
1	1	8	31	-1.1370902e+03
1	1	8	32	-1.1912804e+03
1	1	8	33	-1.0541775e+03
1	1	8	34	-5.2253925e+02
1	1	8	35	-4.3400482e+02
1	1	8	36	-4.2134116e+02
1	1	8	37	-3.6374091e+02
1	1	8	38	-4.7689084e+02
1	1	8	39	-3.2236887e+02
1	1	8	40	-3.2575534e+02
1	1	8	41	-3.5630676e+02
1	1	8	42	-3.2315933e+02
1	1	8	43	-2.8834940e+02
1	1	8	44	-2.1435963e+02
1	1	8	45	-3.5155441e+02
1	1	8	46	-2.7824399e+02
1	1	8	47	-3.4887744e+02
1	1	8	48	-3.1012106e+02
1	1	8	49	-3.0226511e+02
1	1	8	50	-2.6603726e+02
1	1	8	51	3.1630881e+02
1	1	8	52	3.4535800e+02
1	1	8	53	-1.3754189e+01
1	1	8	54	-1.3106497e+02
1	1	8	55	3.4003212e+01
1	1	8	56	2.4239519e+02
1	1	8	57	4.7833065e+01
1	1	8	58	2.6562817e+01
1	1	8	59	-6.0022728e+01
1	1	8	60	1.0466498e+02
1	1	8	61	-2.3620955e+02
1	1	8	62	-1.7309877e+02
1	1	8	63	3.0043934e+01
1	1	9	0	-5.0059998e+02
1	1	9	1	-5.9398999e+02
1	1	9	2	-6.8620099e+02
1	1	9	3	-6.5773230e+02
1	1	9	4	-8.1442163e+02
1	1	9	5	-4.9599359e+02
1	1	9	6	-6.4309271e+02
1	1	9	7	-6.3328070e+02
1	1	9	8	-6.7527966e+02
1	1	9	9	-8.0900293e+02
1	1	9	10	-5.7798889e+02
1	1	9	11	-7.6249988e+02
1	1	9	12	-7.9193170e+02
1	1	9	13	-6.8056378e+02
1	1	9	14	-7.3856061e+02
1	1	9	15	-6.9639868e+02
1	1	9	16	-7.4025983e+02
1	1	9	17	-6.9010663e+02
1	1	9	18	-7.1770038e+02
1	1	9	19	-7.8144562e+02
1	1	9	20	-7.8053864e+02
1	1	9	21	-7.5577283e+02
1	1	9	22	-7.7620966e+02
1	1	9	23	-6.8745435e+02
1	1	9	24	-8.2703302e+02
1	1	9	25	-8.6992212e+02
1	1	9	26	-8.5477405e+02
1	1	9	27	-8.2738538e+02
1	1	9	28	-8.2804236e+02
1	1	9	29	-8.6744946e+02
1	1	9	30	-8.5951184e+02
1	1	9	31	-8.7569244e+02
1	1	9	32	-8.4360730e+02
1	1	9	33	-9.4381891e+02
1	1	9	34	-1.8801483e+02
1	1	9	35	-2.5755573e+02
1	1	9	36	-1.5868848e+02
1	1	9	37	-2.2550681e+02
1	1	9	38	-1.4922299e+02
1	1	9	39	-2.0387892e+02
1	1	9	40	-1.7544304e+02
1	1	9	41	-2.5140315e+02
1	1	9	42	-1.9032315e+02
1	1	9	43	-2.2421191e+02
1	1	9	44	-2.2486359e+02
1	1	9	45	-3.7721014e+02
1	1	9	46	-3.3160828e+02
1	1	9	47	-2.5948993e+02
1	1	9	48	-9.4726141e+02
1	1	9	49	-7.1951706e+01
1	1	9	50	-8.1519615e+01
1	1	9	51	3.5191449e+02
1	1	9	52	3.3232288e+02
1	1	9	53	3.1829600e+00
1	1	9	54	3.5373661e+01
1	1	9	55	-2.5656845e+01
1	1	9	56	8.0162224e+01
1	1	9	57	2.0015250e+02
1	1	9	58	7.3528473e+01
1	1	9	59	6.8190628e+01
1	1	9	60	-2.4722920e+03
1	1	9	61	5.4953030e+01
1	1	9	62	1.2527285e+02
1	1	9	63	9.3484550e+01
1	1	10	0	-2.1023328e+03
1	1	10	1	-1.7528418e+03
1	1	10	2	-1.4099171e+03
1	1	10	3	-2.0474359e+03
1	1	10	4	-1.3233436e+03
1	1	10	5	-1.5359399e+03
1	1	10	6	-1.3519861e+03
1	1	10	7	-2.0643645e+03
1	1	10	8	-1.8527517e+03
1	1	10	9	-1.2667429e+03
1	1	10	10	-1.7918278e+03
1	1	10	11	-1.2492715e+03
1	1	10	12	-1.5913462e+03
1	1	10	13	-1.6023922e+03
1	1	10	14	-2.1485391e+03
1	1	10	15	-1.8537916e+03
1	1	10	16	-2.2750410e+03
1	1	10	17	-1.9236096e+03
1	1	10	18	-2.2335303e+03
1	1	10	19	-1.9126416e+03
1	1	10	20	-2.1797593e+03
1	1	10	21	-2.2140964e+03
1	1	10	22	-1.8606691e+03
1	1	10	23	-1.8144893e+03
1	1	10	24	-1.6412125e+03
1	1	10	25	-1.6005916e+03
1	1	10	26	-1.6660287e+03
1	1	10	27	-1.3437697e+03
1	1	10	28	-1.6902278e+03
1	1	10	29	-1.5326132e+03
1	1	10	30	-1.5179594e+03
1	1	10	31	-1.4979742e+03
1	1	10	32	-1.5199313e+03
1	1	10	33	-1.4350453e+03
1	1	10	34	-7.3433545e+02
1	1	10	35	-6.5719263e+02
1	1	10	36	-7.0169440e+02
1	1	10	37	-6.5716956e+02
1	1	10	38	-7.2336786e+02
1	1	10	39	-5.7956531e+02
1	1	10	40	-5.3369275e+02
1	1	10	41	-6.5186292e+02
1	1	10	42	-4.8506049e+02
1	1	10	43	-4.3983578e+02
1	1	10	44	-3.2441739e+02
1	1	10	45	-4.8915054e+02
1	1	10	46	-3.6858670e+02
1	1	10	47	-4.7242520e+02
1	1	10	48	-3.1730170e+02
1	1	10	49	-3.5468295e+02
1	1	10	50	-5.1955731e+02
1	1	10	51	1.5725005e+02
1	1	10	52	1.7352139e+02
1	1	10	53	-2.1762175e+02
1	1	10	54	-1.3823351e+02
1	1	10	55	-2.9622822e+01
1	1	10	56	6.3638538e+01
1	1	10	57	-8.2355629e+01
1	1	10	58	-2.9304001e+02
1	1	10	59	-2.7361429e+02
1	1	10	60	-6.9114624e+01
1	1	10	61	-3.8594733e+02
1	1	10	62	-4.0001984e+02
1	1	10	63	-7.4039474e+01
1	1	11	0	-7.0697321e+02
1	1	11	1	-7.6286053e+02
1	1	11	2	-1.0231216e+03
1	1	11	3	-8.0498419e+02
1	1	11	4	-1.1247379e+03
1	1	11	5	-7.2476715e+02
1	1	11	6	-9.0958160e+02
1	1	11	7	-7.1098767e+02
1	1	11	8	-8.3717462e+02
1	1	11	9	-1.1746945e+03
1	1	11	10	-6.8013879e+02
1	1	11	11	-1.1979213e+03
1	1	11	12	-9.3158862e+02
1	1	11	13	-8.6144812e+02
1	1	11	14	-1.0325476e+03
1	1	11	15	-8.3400024e+02
1	1	11	16	-9.4361401e+02
1	1	11	17	-8.2752222e+02
1	1	11	18	-9.1822217e+02
1	1	11	19	-8.1623352e+02
1	1	11	20	-8.7759235e+02
1	1	11	21	-9.7065881e+02
1	1	11	22	-9.4053204e+02
1	1	11	23	-8.9219885e+02
1	1	11	24	-1.0564042e+03
1	1	11	25	-1.0146058e+03
1	1	11	26	-1.0332042e+03
1	1	11	27	-1.1610906e+03
1	1	11	28	-1.0580531e+03
1	1	11	29	-1.1636316e+03
1	1	11	30	-1.2021716e+03
1	1	11	31	-1.0959821e+03
1	1	11	32	-1.1562795e+03
1	1	11	33	-1.4472152e+03
1	1	11	34	-6.4743658e+02
1	1	11	35	-6.5707477e+02
1	1	11	36	-5.7941205e+02
1	1	11	37	-7.1179791e+02
1	1	11	38	-3.8031647e+02
1	1	11	39	-7.1858740e+02
1	1	11	40	-8.9678363e+02
1	1	11	41	-7.5612018e+02
1	1	11	42	-8.5796344e+02
1	1	11	43	-7.0359375e+02
1	1	11	44	-1.1614719e+03
1	1	11	45	-1.0098536e+03
1	1	11	46	-1.2620032e+03
1	1	11	47	-1.0243822e+03
1	1	11	48	-1.3485284e+03
1	1	11	49	-1.3413557e+03
1	1	11	50	-6.8514246e+02
1	1	11	51	-4.1098557e+02
1	1	11	52	-3.4062561e+02
1	1	11	53	-6.8296130e+02
1	1	11	54	-7.3926526e+02
1	1	11	55	-1.0939685e+03
1	1	11	56	-8.4944244e+02
1	1	11	57	-2.6731226e+02
1	1	11	58	-1.2956667e+02
1	1	11	59	-5.1840332e+02
1	1	11	60	-1.0401680e+03
1	1	11	61	-5.6273877e+02
1	1	11	62	-3.2035876e+02
1	1	11	63	-9.4751910e+02
1	1	12	0	-1.0176647e+03
1	1	12	1	-1.1664598e+03
1	1	12	2	-1.1204402e+03
1	1	12	3	-9.6526080e+02
1	1	12	4	-1.3173124e+03
1	1	12	5	-1.1523618e+03
1	1	12	6	-1.2906351e+03
1	1	12	7	-1.0594646e+03
1	1	12	8	-1.1628115e+03
1	1	12	9	-1.3175594e+03
1	1	12	10	-1.1654834e+03
1	1	12	11	-1.2879081e+03
1	1	12	12	-1.3211033e+03
1	1	12	13	-1.2382529e+03
1	1	12	14	-1.1268497e+03
1	1	12	15	-1.0449388e+03
1	1	12	16	-1.3053588e+03
1	1	12	17	-1.3488073e+03
1	1	12	18	-1.2019928e+03
1	1	12	19	-1.3264491e+03
1	1	12	20	-1.0726960e+03
1	1	12	21	-1.2562146e+03
1	1	12	22	-1.2283804e+03
1	1	12	23	-1.3828024e+03
1	1	12	24	-1.4028381e+03
1	1	12	25	-1.3442053e+03
1	1	12	26	-1.4286267e+03
1	1	12	27	-1.6456348e+03
1	1	12	28	-1.3822937e+03
1	1	12	29	-1.5375358e+03
1	1	12	30	-1.4784659e+03
1	1	12	31	-1.4296230e+03
1	1	12	32	-1.5189255e+03
1	1	12	33	-1.6193536e+03
1	1	12	34	-9.6411884e+02
1	1	12	35	-9.0275916e+02
1	1	12	36	-8.5836017e+02
1	1	12	37	-1.1226663e+03
1	1	12	38	-8.7686523e+02
1	1	12	39	-9.4212018e+02
1	1	12	40	-9.7900366e+02
1	1	12	41	-1.1215269e+03
1	1	12	42	-1.1228502e+03
1	1	12	43	-1.1681328e+03
1	1	12	44	-3.5869824e+03
1	1	12	45	-1.1558459e+03
1	1	12	46	-1.4064656e+03
1	1	12	47	-1.1569688e+03
1	1	12	48	-1.4187805e+03
1	1	12	49	-1.4164796e+03
1	1	12	50	-9.8242175e+02
1	1	12	51	-3.8465567e+02
1	1	12	52	-4.8045148e+02
1	1	12	53	-9.7029993e+02
1	1	12	54	-9.0435553e+02
1	1	12	55	-1.0134456e+03
1	1	12	56	-9.8015485e+02
1	1	12	57	-5.5776471e+02
1	1	12	58	-4.4733926e+02
1	1	12	59	-7.2286877e+02
1	1	12	60	-1.0630863e+03
1	1	12	61	-7.6143536e+02
1	1	12	62	-6.1994281e+02
1	1	12	63	-8.6443640e+02
1	1	13	0	-1.6197532e+03
1	1	13	1	-1.3641666e+03
1	1	13	2	-1.1715544e+03
1	1	13	3	-1.4544916e+03
1	1	13	4	-1.1688265e+03
1	1	13	5	-1.5778202e+03
1	1	13	6	-1.3643525e+03
1	1	13	7	-1.7414176e+03
1	1	13	8	-1.4678197e+03
1	1	13	9	-1.0098633e+03
1	1	13	10	-1.7105234e+03
1	1	13	11	-1.0765697e+03
1	1	13	12	-1.4113073e+03
1	1	13	13	-1.3129603e+03
1	1	13	14	-1.3830552e+03
1	1	13	15	-1.4532406e+03
1	1	13	16	-1.8155219e+03
1	1	13	17	-1.7598047e+03
1	1	13	18	-1.8164551e+03
1	1	13	19	-1.7364786e+03
1	1	13	20	-1.5801254e+03
1	1	13	21	-1.6492861e+03
1	1	13	22	-1.6458055e+03
1	1	13	23	-1.5157872e+03
1	1	13	24	-1.4594962e+03
1	1	13	25	-1.4283469e+03
1	1	13	26	-1.4233470e+03
1	1	13	27	-1.2703849e+03
1	1	13	28	-1.4474441e+03
1	1	13	29	-1.3487106e+03
1	1	13	30	-1.3329836e+03
1	1	13	31	-1.3256293e+03
1	1	13	32	-1.3396699e+03
1	1	13	33	-1.2358561e+03
1	1	13	34	-5.2937183e+02
1	1	13	35	-6.2737445e+02
1	1	13	36	-5.4326691e+02
1	1	13	37	-4.1223358e+02
1	1	13	38	-5.7759656e+02
1	1	13	39	-4.2874655e+02
1	1	13	40	-3.5052740e+02
1	1	13	41	-4.5588016e+02
1	1	13	42	-3.5890579e+02
1	1	13	43	-4.5370142e+02
1	1	13	44	-3.3421826e+02
1	1	13	45	-4.0874628e+02
1	1	13	46	-3.0013895e+02
1	1	13	47	-3.8837900e+02
1	1	13	48	-2.9150009e+02
1	1	13	49	-3.1512103e+02
1	1	13	50	-4.2921875e+02
1	1	13	51	2.2370227e+02
1	1	13	52	3.5481198e+02
1	1	13	53	-1.1079621e+02
1	1	13	54	-4.4215309e+01
1	1	13	55	-4.8216351e+01
1	1	13	56	1.6799098e+02
1	1	13	57	-1.8610922e+01
1	1	13	58	-2.2496494e+02
1	1	13	59	-1.4923318e+02
1	1	13	60	6.6011152e+00
1	1	13	61	-1.9228244e+02
1	1	13	62	-2.1193362e+02
1	1	13	63	5.9187809e+01
1	1	14	0	-5.9059900e+02
1	1	14	1	-6.8052374e+02
1	1	14	2	-6.2297607e+02
1	1	14	3	-6.4943030e+02
1	1	14	4	-8.3775317e+02
1	1	14	5	-6.6884943e+02
1	1	14	6	-8.1615869e+02
1	1	14	7	-5.1549567e+02
1	1	14	8	-6.3935565e+02
1	1	14	9	-7.4281921e+02
1	1	14	10	-7.9360883e+02
1	1	14	11	-6.8250610e+02
1	1	14	12	-8.2696497e+02
1	1	14	13	-7.1333392e+02
1	1	14	14	-6.3093280e+02
1	1	14	15	-7.1491156e+02
1	1	14	16	-7.6992871e+02
1	1	14	17	-8.5147015e+02
1	1	14	18	-8.3562750e+02
1	1	14	19	-8.6100244e+02
1	1	14	20	-7.9068945e+02
1	1	14	21	-7.7166406e+02
1	1	14	22	-8.2759338e+02
1	1	14	23	-7.7182465e+02
1	1	14	24	-9.2588879e+02
1	1	14	25	-7.9164801e+02
1	1	14	26	-8.7020380e+02
1	1	14	27	-9.1809186e+02
1	1	14	28	-8.4658826e+02
1	1	14	29	-9.6504889e+02
1	1	14	30	-8.9643927e+02
1	1	14	31	-9.1791998e+02
1	1	14	32	-9.2298523e+02
1	1	14	33	-9.2535400e+02
1	1	14	34	-2.2879187e+02
1	1	14	35	-1.4087881e+02
1	1	14	36	-2.0714151e+02
1	1	14	37	-2.6580283e+02
1	1	14	38	-2.0874977e+02
1	1	14	39	-2.6838025e+02
1	1	14	40	-2.5992075e+02
1	1	14	41	-2.2471187e+02
1	1	14	42	-1.4575008e+02
1	1	14	43	-2.8561118e+02
1	1	14	44	-2.2983015e+02
1	1	14	45	-2.6896283e+02
1	1	14	46	-2.2895543e+02
1	1	14	47	-2.4179541e+02
1	1	14	48	-3.3828973e+02
1	1	14	49	-2.4742712e+02
1	1	14	50	-2.5294321e+02
1	1	14	51	4.9699194e+02
1	1	14	52	4.4527448e+02
1	1	14	53	-4.3527908e+01
1	1	14	54	3.3011349e+01
1	1	14	55	-5.7329488e+00
1	1	14	56	2.0185239e+02
1	1	14	57	3.1644464e+02
1	1	14	58	1.8531976e+02
1	1	14	59	1.4515630e+02
1	1	14	60	9.5059692e+01
1	1	14	61	4.6741055e+01
1	1	14	62	1.6557843e+02
1	1	14	63	1.1566475e+02
1	1	15	0	-6.8104425e+02
1	1	15	1	-6.9068909e+02
1	1	15	2	-6.2640613e+02
1	1	15	3	-7.0753003e+02
1	1	15	4	-6.2579974e+02
1	1	15	5	-6.8703821e+02
1	1	15	6	-6.0276263e+02
1	1	15	7	-5.6024988e+02
1	1	15	8	-6.8003510e+02
1	1	15	9	-5.3545148e+02
1	1	15	10	-7.0090839e+02
1	1	15	11	-6.0415436e+02
1	1	15	12	-8.0177637e+02
1	1	15	13	-6.7927911e+02
1	1	15	14	-7.8491821e+02
1	1	15	15	-7.3839404e+02
1	1	15	16	-8.2384363e+02
1	1	15	17	-7.7720074e+02
1	1	15	18	-8.3798541e+02
1	1	15	19	-8.2954309e+02
1	1	15	20	-8.3201617e+02
1	1	15	21	-8.8088751e+02
1	1	15	22	-7.6616785e+02
1	1	15	23	-7.5602997e+02
1	1	15	24	-8.0685553e+02
1	1	15	25	-7.3174841e+02
1	1	15	26	-8.2367700e+02
1	1	15	27	-7.8534662e+02
1	1	15	28	-7.8940845e+02
1	1	15	29	-7.3599689e+02
1	1	15	30	-6.8460614e+02
1	1	15	31	-8.0747052e+02
1	1	15	32	-7.0842590e+02
1	1	15	33	-7.3871362e+02
1	1	15	34	-7.0768456e+01
1	1	15	35	-9.8644440e+01
1	1	15	36	4.2574821e+01
1	1	15	37	3.3107475e+01
1	1	15	38	-1.3764609e+01
1	1	15	39	7.9803400e+00
1	1	15	40	8.6665230e+01
1	1	15	41	-8.1795609e+01
1	1	15	42	1.7369232e+02
1	1	15	43	-5.4794418e+01
1	1	15	44	1.0746468e+02
1	1	15	45	4.1586254e+01
1	1	15	46	7.2496330e+01
1	1	15	47	-2.8007532e+01
1	1	15	48	1.3560573e+02
1	1	15	49	5.3637199e+01
1	1	15	50	1.5575649e+01
1	1	15	51	5.7029028e+02
1	1	15	52	6.4569611e+02
1	1	15	53	2.7258008e+02
1	1	15	54	3.3238199e+02
1	1	15	55	3.0766638e+02
1	1	15	56	5.0199628e+02
1	1	15	57	3.6210526e+02
1	1	15	58	2.1869131e+02
1	1	15	59	2.2921236e+02
1	1	15	60	3.7598865e+02
1	1	15	61	1.1699917e+02
1	1	15	62	1.6910797e+02
1	1	15	63	4.1408029e+02
1	2	0	0	7.6102960e+02
1	2	0	1	6.0964069e+02
1	2	0	2	7.5074139e+02
1	2	0	3	7.4169690e+02
1	2	0	4	6.1701080e+02
1	2	0	5	6.5112421e+02
1	2	0	6	6.0342651e+02
1	2	0	7	7.3202002e+02
1	2	0	8	6.5132520e+02
1	2	0	9	6.7787903e+02
1	2	0	10	6.6362939e+02
1	2	0	11	6.9900446e+02
1	2	0	12	5.9362341e+02
1	2	0	13	7.3311804e+02
1	2	0	14	7.1245966e+02
1	2	0	15	6.0890271e+02
1	2	0	16	5.0174744e+02
1	2	0	17	5.9734100e+02
1	2	0	18	5.2397491e+02
1	2	0	19	5.5944482e+02
1	2	0	20	6.0195667e+02
1	2	0	21	6.1000732e+02
1	2	0	22	6.3775714e+02
1	2	0	23	5.9340753e+02
1	2	0	24	6.1476544e+02
1	2	0	25	6.6916809e+02
1	2	0	26	4.6311792e+02
1	2	0	27	4.6083081e+02
1	2	0	28	6.0698999e+02
1	2	0	29	4.7430093e+02
1	2	0	30	5.4085345e+02
1	2	0	31	4.5861108e+02
1	2	0	32	5.3532440e+02
1	2	0	33	4.9876987e+02
1	2	0	34	1.1379803e+03
1	2	0	35	1.1597100e+03
1	2	0	36	1.1610303e+03
1	2	0	37	1.1660782e+03
1	2	0	38	1.1609841e+03
1	2	0	39	1.1600643e+03
1	2	0	40	1.2126769e+03
1	2	0	41	1.1311335e+03
1	2	0	42	1.1763224e+03
1	2	0	43	1.2166371e+03
1	2	0	44	1.2388134e+03
1	2	0	45	1.0752649e+03
1	2	0	46	1.2354872e+03
1	2	0	47	1.1482614e+03
1	2	0	48	1.1395227e+03
1	2	0	49	1.1476117e+03
1	2	0	50	1.1605472e+03
1	2	0	51	1.7547009e+03
1	2	0	52	1.6750125e+03
1	2	0	53	1.2976746e+03
1	2	0	54	1.3847587e+03
1	2	0	55	1.4185367e+03
1	2	0	56	1.5425548e+03
1	2	0	57	1.5718643e+03
1	2	0	58	1.5360236e+03
1	2	0	59	1.4018973e+03
1	2	0	60	1.4296008e+03
1	2	0	61	1.2895195e+03
1	2	0	62	1.3430734e+03
1	2	0	63	1.3102633e+03
1	2	1	0	6.6257135e+02
1	2	1	1	5.8537488e+02
1	2	1	2	6.3817493e+02
1	2	1	3	5.8015192e+02
1	2	1	4	5.5886401e+02
1	2	1	5	6.0867371e+02
1	2	1	6	6.4214355e+02
1	2	1	7	6.3104266e+02
1	2	1	8	5.7913336e+02
1	2	1	9	6.4818640e+02
1	2	1	10	5.6906396e+02
1	2	1	11	6.2190454e+02
1	2	1	12	4.7550903e+02
1	2	1	13	5.6187366e+02
1	2	1	14	5.3890137e+02
1	2	1	15	5.3771973e+02
1	2	1	16	4.3328113e+02
1	2	1	17	4.6915198e+02
1	2	1	18	4.2901083e+02
1	2	1	19	3.8456064e+02
1	2	1	20	4.2019656e+02
1	2	1	21	3.8000720e+02
1	2	1	22	4.0213632e+02
1	2	1	23	4.5165051e+02
1	2	1	24	3.8942633e+02
1	2	1	25	4.6116150e+02
1	2	1	26	4.4090775e+02
1	2	1	27	4.5975076e+02
1	2	1	28	4.8478448e+02
1	2	1	29	3.9804675e+02
1	2	1	30	4.6299503e+02
1	2	1	31	4.2398083e+02
1	2	1	32	4.3274356e+02
1	2	1	33	3.9663214e+02
1	2	1	34	1.0911791e+03
1	2	1	35	1.0736675e+03
1	2	1	36	1.1406406e+03
1	2	1	37	1.1900110e+03
1	2	1	38	1.1118322e+03
1	2	1	39	1.1470144e+03
1	2	1	40	1.2675460e+03
1	2	1	41	1.2099607e+03
1	2	1	42	1.2365010e+03
1	2	1	43	1.1290037e+03
1	2	1	44	1.3067356e+03
1	2	1	45	1.2133610e+03
1	2	1	46	1.3051305e+03
1	2	1	47	1.1824966e+03
1	2	1	48	1.1827930e+03
1	2	1	49	1.2696091e+03
1	2	1	50	1.2397405e+03
1	2	1	51	1.8554692e+03
1	2	1	52	1.8509979e+03
1	2	1	53	1.4403046e+03
1	2	1	54	1.5024871e+03
1	2	1	55	1.5842811e+03
1	2	1	56	1.6453621e+03
1	2	1	57	1.6427537e+03
1	2	1	58	1.5481575e+03
1	2	1	59	1.4899529e+03
1	2	1	60	1.5240981e+03
1	2	1	61	1.3791370e+03
1	2	1	62	1.4318901e+03
1	2	1	63	1.5022655e+03
1	2	2	0	5.9464307e+02
1	2	2	1	4.4382303e+02
1	2	2	2	5.8473291e+02
1	2	2	3	6.3172260e+02
1	2	2	4	4.7553690e+02
1	2	2	5	5.6975342e+02
1	2	2	6	4.4572653e+02
1	2	2	7	7.2717523e+02
1	2	2	8	4.8914526e+02
1	2	2	9	6.2183618e+02
1	2	2	10	4.6289496e+02
1	2	2	11	5.1341144e+02
1	2	2	12	3.9097101e+02
1	2	2	13	4.3397702e+02
1	2	2	14	-1.2437187e+04
1	2	2	15	5.0937408e+02
1	2	2	16	4.9379752e+02
1	2	2	17	3.3971933e+02
1	2	2	18	4.9915540e+02
1	2	2	19	3.8770779e+02
1	2	2	20	5.0275220e+02
1	2	2	21	4.4821185e+02
1	2	2	22	4.3927585e+02
1	2	2	23	4.1417963e+02
1	2	2	24	3.7342630e+02
1	2	2	25	3.4924274e+02
1	2	2	26	3.8084225e+02
1	2	2	27	3.2070975e+02
1	2	2	28	3.6154123e+02
1	2	2	29	2.6199167e+02
1	2	2	30	4.0747375e+02
1	2	2	31	3.3793765e+02
1	2	2	32	3.1886163e+02
1	2	2	33	3.0294861e+02
1	2	2	34	8.9974109e+02
1	2	2	35	1.0061744e+03
1	2	2	36	9.8132019e+02
1	2	2	37	9.1454382e+02
1	2	2	38	9.0874969e+02
1	2	2	39	9.1780133e+02
1	2	2	40	9.4393481e+02
1	2	2	41	9.3401660e+02
1	2	2	42	9.1293683e+02
1	2	2	43	9.9620862e+02
1	2	2	44	9.5441223e+02
1	2	2	45	9.0789069e+02
1	2	2	46	9.7499835e+02
1	2	2	47	8.4550305e+02
1	2	2	48	9.1988861e+02
1	2	2	49	9.1941602e+02
1	2	2	50	1.0039254e+03
1	2	2	51	-5.5946552e+02
1	2	2	52	1.4089224e+03
1	2	2	53	1.2485447e+03
1	2	2	54	1.2802268e+03
1	2	2	55	-2.5662721e+04
1	2	2	56	1.3688431e+03
1	2	2	57	1.3552300e+03
1	2	2	58	1.3231136e+03
1	2	2	59	1.2425636e+03
1	2	2	60	1.2542360e+03
1	2	2	61	1.2474786e+03
1	2	2	62	1.2821733e+03
1	2	2	63	6.7567432e+02
1	2	3	0	6.0121820e+02
1	2	3	1	5.3018658e+02
1	2	3	2	5.5953925e+02
1	2	3	3	5.2310303e+02
1	2	3	4	4.9757291e+02
1	2	3	5	5.1242401e+02
1	2	3	6	5.1582922e+02
1	2	3	7	4.6973090e+02
1	2	3	8	4.4222589e+02
1	2	3	9	5.6409436e+02
1	2	3	10	4.3854810e+02
1	2	3	11	5.7149011e+02
1	2	3	12	4.7448367e+02
1	2	3	13	4.9789117e+02
1	2	3	14	4.1621707e+02
1	2	3	15	4.2195496e+02
1	2	3	16	3.1488544e+02
1	2	3	17	4.0341367e+02
1	2	3	18	3.7375961e+02
1	2	3	19	3.8807956e+02
1	2	3	20	2.8463919e+02
1	2	3	21	3.5780942e+02
1	2	3	22	3.3389087e+02
1	2	3	23	4.1646909e+02
1	2	3	24	2.9239560e+02
1	2	3	25	3.4039621e+02
1	2	3	26	2.6861026e+02
1	2	3	27	4.4281369e+02
1	2	3	28	4.2362930e+02
1	2	3	29	3.8635449e+02
1	2	3	30	3.2233917e+02
1	2	3	31	3.6369510e+02
1	2	3	32	2.6423407e+02
1	2	3	33	3.5398203e+02
1	2	3	34	9.8440265e+02
1	2	3	35	1.0139713e+03
1	2	3	36	-2.5034315e+02
1	2	3	37	-3.7156198e+02
1	2	3	38	1.1729441e+03
1	2	3	39	1.0687306e+03
1	2	3	40	-3.8762690e+03
1	2	3	41	8.8526129e+02
1	2	3	42	-8.1625116e+02
1	2	3	43	1.1864938e+03
1	2	3	44	-2.4536021e+03
1	2	3	45	-2.0317949e+03
1	2	3	46	8.7440356e+02
1	2	3	47	1.1897709e+03
1	2	3	48	-7.0899664e+02
1	2	3	49	1.1921129e+03
1	2	3	50	1.2217236e+03
1	2	3	51	1.7572981e+03
1	2	3	52	1.7386071e+03
1	2	3	53	1.3324113e+03
1	2	3	54	1.4730643e+03
1	2	3	55	1.4955436e+03
1	2	3	56	1.5657616e+03
1	2	3	57	1.5244954e+03
1	2	3	58	1.4019103e+03
1	2	3	59	1.3566848e+03
1	2	3	60	1.3787395e+03
1	2	3	61	1.3334280e+03
1	2	3	62	1.3801204e+03
1	2	3	63	1.5005728e+03
1	2	4	0	4.6516690e+02
1	2	4	1	3.5148480e+02
1	2	4	2	4.5095044e+02
1	2	4	3	4.1989923e+02
1	2	4	4	3.0879288e+02
1	2	4	5	3.7942178e+02
1	2	4	6	3.1355624e+02
1	2	4	7	4.7731946e+02
1	2	4	8	3.3700061e+02
1	2	4	9	3.7351477e+02
1	2	4	10	2.6568341e+02
1	2	4	11	3.3136835e+02
1	2	4	12	2.8194955e+02
1	2	4	13	3.7395215e+02
1	2	4	14	3.7600272e+02
1	2	4	15	3.6617932e+02
1	2	4	16	2.4112863e+02
1	2	4	17	2.2482632e+02
1	2	4	18	2.6384586e+02
1	2	4	19	1.9790198e+02
1	2	4	20	3.7952206e+02
1	2	4	21	2.8934253e+02
1	2	4	22	2.6600952e+02
1	2	4	23	2.6472092e+02
1	2	4	24	1.4500134e+02
1	2	4	25	2.5799216e+02
1	2	4	26	1.8295454e+02
1	2	4	27	1.3449599e+02
1	2	4	28	2.3546329e+02
1	2	4	29	1.0580823e+02
1	2	4	30	2.2709164e+02
1	2	4	31	1.1601457e+02
1	2	4	32	8.0355804e+01
1	2	4	33	1.3337909e+02
1	2	4	34	7.5550098e+02
1	2	4	35	7.7567316e+02
1	2	4	36	8.2317725e+02
1	2	4	37	6.5807983e+02
1	2	4	38	7.4938928e+02
1	2	4	39	7.6105707e+02
1	2	4	40	8.1202728e+02
1	2	4	41	7.1989978e+02
1	2	4	42	8.4251611e+02
1	2	4	43	7.5379431e+02
1	2	4	44	7.8757428e+02
1	2	4	45	7.8645673e+02
1	2	4	46	7.6033020e+02
1	2	4	47	8.1495544e+02
1	2	4	48	7.5229431e+02
1	2	4	49	7.1689777e+02
1	2	4	50	8.8542395e+02
1	2	4	51	1.2698938e+03
1	2	4	52	1.4173082e+03
1	2	4	53	9.9825854e+02
1	2	4	54	1.0638281e+03
1	2	4	55	1.0359668e+03
1	2	4	56	1.1349113e+03
1	2	4	57	1.2817960e+03
1	2	4	58	1.1811315e+03
1	2	4	59	1.1022137e+03
1	2	4	60	9.8693689e+02
1	2	4	61	1.0081619e+03
1	2	4	62	1.0839331e+03
1	2	4	63	9.8231372e+02
1	2	5	0	3.3793796e+02
1	2	5	1	3.4345132e+02
1	2	5	2	3.0126385e+02
1	2	5	3	3.4807324e+02
1	2	5	4	3.2441519e+02
1	2	5	5	3.3868149e+02
1	2	5	6	3.4752539e+02
1	2	5	7	3.4832071e+02
1	2	5	8	2.4249847e+02
1	2	5	9	3.7230011e+02
1	2	5	10	1.8568091e+02
1	2	5	11	3.1742639e+02
1	2	5	12	2.1733012e+02
1	2	5	13	2.5519347e+02
1	2	5	14	2.2864793e+02
1	2	5	15	3.0599893e+02
1	2	5	16	9.8576530e+01
1	2	5	17	1.0866488e+02
1	2	5	18	1.4313583e+02
1	2	5	19	1.5059535e+02
1	2	5	20	1.1886447e+02
1	2	5	21	1.5315044e+02
1	2	5	22	1.5435832e+02
1	2	5	23	2.1799438e+02
1	2	5	24	1.9113779e+02
1	2	5	25	2.2865585e+02
1	2	5	26	1.2928590e+02
1	2	5	27	1.9298347e+02
1	2	5	28	1.8663072e+02
1	2	5	29	2.2567989e+02
1	2	5	30	2.2118796e+02
1	2	5	31	1.8617937e+02
1	2	5	32	1.6323991e+02
1	2	5	33	2.1650313e+02
1	2	5	34	8.9972083e+02
1	2	5	35	8.5535181e+02
1	2	5	36	9.1061554e+02
1	2	5	37	9.4828033e+02
1	2	5	38	8.8921729e+02
1	2	5	39	9.2202399e+02
1	2	5	40	9.5866876e+02
1	2	5	41	8.6373395e+02
1	2	5	42	9.9127631e+02
1	2	5	43	8.9464032e+02
1	2	5	44	1.0617987e+03
1	2	5	45	9.4683124e+02
1	2	5	46	1.0033819e+03
1	2	5	47	9.9795312e+02
1	2	5	48	8.9328821e+02
1	2	5	49	9.3387653e+02
1	2	5	50	1.0001637e+03
1	2	5	51	1.5194103e+03
1	2	5	52	1.5396666e+03
1	2	5	53	1.2373785e+03
1	2	5	54	1.2326006e+03
1	2	5	55	1.2409254e+03
1	2	5	56	1.4267681e+03
1	2	5	57	1.3607605e+03
1	2	5	58	1.1948702e+03
1	2	5	59	1.2868954e+03
1	2	5	60	1.3585959e+03
1	2	5	61	1.0961156e+03
1	2	5	62	1.1601140e+03
1	2	5	63	1.2957411e+03
1	2	6	0	3.9659540e+02
1	2	6	1	3.0912878e+02
1	2	6	2	2.3099748e+02
1	2	6	3	3.1710599e+02
1	2	6	4	2.1047964e+02
1	2	6	5	2.8682956e+02
1	2	6	6	1.7421538e+02
1	2	6	7	3.0760205e+02
1	2	6	8	3.1994809e+02
1	2	6	9	2.8565439e+02
1	2	6	10	1.8895232e+02
1	2	6	11	3.6749710e+02
1	2	6	12	8.9774796e+01
1	2	6	13	2.1235075e+02
1	2	6	14	2.7005450e+02
1	2	6	15	2.0013254e+02
1	2	6	16	1.4794341e+02
1	2	6	17	1.1344643e+02
1	2	6	18	1.2997348e+02
1	2	6	19	1.6869817e+02
1	2	6	20	2.2103020e+02
1	2	6	21	1.2305146e+02
1	2	6	22	1.1057037e+02
1	2	6	23	1.9459074e+02
1	2	6	24	5.3969574e+01
1	2	6	25	1.1273402e+02
1	2	6	26	5.1569496e+01
1	2	6	27	1.0251395e+02
1	2	6	28	1.1771610e+02
1	2	6	29	1.6121863e+00
1	2	6	30	9.3694099e+01
1	2	6	31	1.3710583e+01
1	2	6	32	9.2974501e+00
1	2	6	33	-8.2296629e+00
1	2	6	34	6.8250415e+02
1	2	6	35	6.8711505e+02
1	2	6	36	6.9174170e+02
1	2	6	37	7.3666711e+02
1	2	6	38	6.5331177e+02
1	2	6	39	6.9397839e+02
1	2	6	40	6.9949500e+02
1	2	6	41	5.2231500e+02
1	2	6	42	7.1267322e+02
1	2	6	43	6.8255853e+02
1	2	6	44	7.1610974e+02
1	2	6	45	6.7469641e+02
1	2	6	46	6.9037512e+02
1	2	6	47	6.5036609e+02
1	2	6	48	6.7218518e+02
1	2	6	49	6.6890009e+02
1	2	6	50	7.2662811e+02
1	2	6	51	1.2162629e+03
1	2	6	52	1.3543224e+03
1	2	6	53	9.7327301e+02
1	2	6	54	9.3105334e+02
1	2	6	55	9.2142645e+02
1	2	6	56	1.0378179e+03
1	2	6	57	1.1217919e+03
1	2	6	58	1.1247933e+03
1	2	6	59	1.0070834e+03
1	2	6	60	9.3753613e+02
1	2	6	61	8.9506866e+02
1	2	6	62	9.6283685e+02
1	2	6	63	9.3821167e+02
1	2	7	0	4.1696341e+02
1	2	7	1	4.1674387e+02
1	2	7	2	4.4071091e+02
1	2	7	3	3.6267340e+02
1	2	7	4	4.2907153e+02
1	2	7	5	4.0456131e+02
1	2	7	6	4.0032492e+02
1	2	7	7	4.5234024e+02
1	2	7	8	3.6424860e+02
1	2	7	9	4.5770694e+02
1	2	7	10	3.4419208e+02
1	2	7	11	4.6600937e+02
1	2	7	12	3.9269891e+02
1	2	7	13	3.8391095e+02
1	2	7	14	2.4336653e+02
1	2	7	15	3.6251227e+02
1	2	7	16	2.0871918e+02
1	2	7	17	2.6370972e+02
1	2	7	18	2.2908878e+02
1	2	7	19	2.8629050e+02
1	2	7	20	2.3680247e+02
1	2	7	21	1.6033487e+02
1	2	7	22	2.9885101e+02
1	2	7	23	2.4114067e+02
1	2	7	24	2.1556158e+02
1	2	7	25	3.1819635e+02
1	2	7	26	2.1294504e+02
1	2	7	27	2.4120522e+02
1	2	7	28	2.7580603e+02
1	2	7	29	3.1456366e+02
1	2	7	30	3.4338068e+02
1	2	7	31	2.0972588e+02
1	2	7	32	2.5588945e+02
1	2	7	33	2.3457135e+02
1	2	7	34	9.0340234e+02
1	2	7	35	9.1298645e+02
1	2	7	36	9.5364392e+02
1	2	7	37	9.0306903e+02
1	2	7	38	9.2954425e+02
1	2	7	39	9.8662500e+02
1	2	7	40	1.0317987e+03
1	2	7	41	1.0169559e+03
1	2	7	42	1.0353724e+03
1	2	7	43	9.4633167e+02
1	2	7	44	1.0794663e+03
1	2	7	45	1.0257197e+03
1	2	7	46	1.0421820e+03
1	2	7	47	1.0130889e+03
1	2	7	48	1.0969407e+03
1	2	7	49	9.9151782e+02
1	2	7	50	1.0748810e+03
1	2	7	51	1.5933057e+03
1	2	7	52	1.6207465e+03
1	2	7	53	1.2005066e+03
1	2	7	54	1.2391953e+03
1	2	7	55	1.2848188e+03
1	2	7	56	1.4172947e+03
1	2	7	57	1.3129459e+03
1	2	7	58	1.2247639e+03
1	2	7	59	1.2630737e+03
1	2	7	60	1.2982755e+03
1	2	7	61	1.1689602e+03
1	2	7	62	1.2452217e+03
1	2	7	63	1.3707551e+03
1	2	8	0	2.1232821e+01
1	2	8	1	-9.5655983e+01
1	2	8	2	-3.3534248e+01
1	2	8	3	3.5328175e+01
1	2	8	4	-1.5491692e+02
1	2	8	5	-4.5785709e+01
1	2	8	6	-2.3510977e+02
1	2	8	7	-1.0504175e+01
1	2	8	8	-2.7387665e+01
1	2	8	9	-4.4568283e+01
1	2	8	10	-6.6243088e+01
1	2	8	11	6.3483934e+00
1	2	8	12	-1.5299576e+02
1	2	8	13	-1.0734237e+02
1	2	8	14	-4.9039722e+01
1	2	8	15	-6.7137146e+01
1	2	8	16	-1.3633170e+02
1	2	8	17	-1.4325719e+02
1	2	8	18	-8.0512886e+01
1	2	8	19	-1.8349161e+02
1	2	8	20	-6.3111530e+01
1	2	8	21	-9.4296669e+01
1	2	8	22	-1.7356725e+02
1	2	8	23	-2.0815852e+02
1	2	8	24	-1.6570517e+02
1	2	8	25	-1.9591447e+02
1	2	8	26	-2.5672180e+02
1	2	8	27	-2.3488689e+02
1	2	8	28	-1.8596577e+02
1	2	8	29	-2.4933325e+02
1	2	8	30	-1.5487839e+02
1	2	8	31	-2.8510272e+02
1	2	8	32	-3.0367212e+02
1	2	8	33	-3.3318698e+02
1	2	8	34	4.1773474e+02
1	2	8	35	4.5250021e+02
1	2	8	36	4.6792191e+02
1	2	8	37	4.3457925e+02
1	2	8	38	3.4721951e+02
1	2	8	39	3.7219019e+02
1	2	8	40	4.0722125e+02
1	2	8	41	2.7617163e+02
1	2	8	42	3.5828726e+02
1	2	8	43	3.6804526e+02
1	2	8	44	4.5056036e+02
1	2	8	45	3.1941739e+02
1	2	8	46	3.3916898e+02
1	2	8	47	3.0245477e+02
1	2	8	48	3.5868945e+02
1	2	8	49	3.6021506e+02
1	2	8	50	4.7036237e+02
1	2	8	51	9.9714264e+02
1	2	8	52	1.0527009e+03
1	2	8	53	5.3549835e+02
1	2	8	54	6.3416071e+02
1	2	8	55	6.6506653e+02
1	2	8	56	8.0684851e+02
1	2	8	57	9.0786096e+02
1	2	8	58	8.0571765e+02
1	2	8	59	6.6095898e+02
1	2	8	60	6.9018042e+02
1	2	8	61	6.3524854e+02
1	2	8	62	7.0458105e+02
1	2	8	63	7.3063269e+02
1	2	9	0	3.5557819e+02
1	2	9	1	3.1365665e+02
1	2	9	2	3.1876398e+02
1	2	9	3	3.1317163e+02
1	2	9	4	3.1217044e+02
1	2	9	5	1.9684349e+02
1	2	9	6	3.1998779e+02
1	2	9	7	2.4615486e+02
1	2	9	8	2.4184189e+02
1	2	9	9	3.1198340e+02
1	2	9	10	1.8526082e+02
1	2	9	11	3.4665808e+02
1	2	9	12	1.1623698e+02
1	2	9	13	2.8207147e+02
1	2	9	14	2.2236769e+02
1	2	9	15	2.3621330e+02
1	2	9	16	1.2434807e+02
1	2	9	17	1.0888862e+02
1	2	9	18	1.5504144e+02
1	2	9	19	1.5285573e+02
1	2	9	20	1.9430043e+02
1	2	9	21	1.1811790e+02
1	2	9	22	8.0441765e+01
1	2	9	23	2.1075101e+02
1	2	9	24	1.6772987e+02
1	2	9	25	1.1457755e+02
1	2	9	26	8.1647522e+01
1	2	9	27	2.3916200e+02
1	2	9	28	1.9670003e+02
1	2	9	29	1.6366408e+02
1	2	9	30	2.8596741e+02
1	2	9	31	1.9962744e+02
1	2	9	32	1.2013497e+02
1	2	9	33	1.6454907e+02
1	2	9	34	8.5305444e+02
1	2	9	35	7.7675751e+02
1	2	9	36	8.8419482e+02
1	2	9	37	9.0070563e+02
1	2	9	38	8.2909296e+02
1	2	9	39	8.2902423e+02
1	2	9	40	9.1876978e+02
1	2	9	41	7.9850146e+02
1	2	9	42	9.7860181e+02
1	2	9	43	7.6382214e+02
1	2	9	44	1.0397812e+03
1	2	9	45	8.7834991e+02
1	2	9	46	9.1626593e+02
1	2	9	47	9.4102600e+02
1	2	9	48	8.6372101e+02
1	2	9	49	9.4400049e+02
1	2	9	50	8.9509979e+02
1	2	9	51	1.4543975e+03
1	2	9	52	1.5298746e+03
1	2	9	53	1.1169694e+03
1	2	9	54	1.1391735e+03
1	2	9	55	1.2318978e+03
1	2	9	56	1.3384718e+03
1	2	9	57	1.2489286e+03
1	2	9	58	1.1002758e+03
1	2	9	59	1.0640956e+03
1	2	9	60	1.2058885e+03
1	2	9	61	1.0594482e+03
1	2	9	62	1.1134178e+03
1	2	9	63	1.2320229e+03
1	2	10	0	4.0968442e+02
1	2	10	1	3.8225610e+02
1	2	10	2	3.5249332e+02
1	2	10	3	3.7029987e+02
1	2	10	4	2.3405080e+02
1	2	10	5	3.4470453e+02
1	2	10	6	3.5974112e+02
1	2	10	7	5.9797119e+02
1	2	10	8	3.3891187e+02
1	2	10	9	4.4951920e+02
1	2	10	10	3.2388739e+02
1	2	10	11	2.5917551e+02
1	2	10	12	2.1132431e+02
1	2	10	13	3.3632364e+02
1	2	10	14	3.7070636e+02
1	2	10	15	4.3645428e+02
1	2	10	16	1.6258231e+02
1	2	10	17	1.6591098e+02
1	2	10	18	2.2147025e+02
1	2	10	19	1.7669179e+02
1	2	10	20	2.5230084e+02
1	2	10	21	2.9813144e+02
1	2	10	22	2.5472260e+02
1	2	10	23	2.4011836e+02
1	2	10	24	5.4171562e+01
1	2	10	25	2.1465688e+02
1	2	10	26	1.0397865e+02
1	2	10	27	1.4630081e+02
1	2	10	28	1.8671822e+02
1	2	10	29	1.7700316e+02
1	2	10	30	1.6907898e+02
1	2	10	31	1.5976402e+02
1	2	10	32	1.0166486e+02
1	2	10	33	5.9923836e+01
1	2	10	34	7.1476892e+02
1	2	10	35	8.4088837e+02
1	2	10	36	6.8692529e+02
1	2	10	37	7.1637177e+02
1	2	10	38	7.9754797e+02
1	2	10	39	7.0788086e+02
1	2	10	40	8.4576624e+02
1	2	10	41	7.5277557e+02
1	2	10	42	8.0096674e+02
1	2	10	43	8.0849432e+02
1	2	10	44	8.4978394e+02
1	2	10	45	7.0021533e+02
1	2	10	46	8.1190234e+02
1	2	10	47	7.0778247e+02
1	2	10	48	7.7577856e+02
1	2	10	49	8.1983759e+02
1	2	10	50	8.4601599e+02
1	2	10	51	1.4680557e+03
1	2	10	52	1.3769851e+03
1	2	10	53	1.0980674e+03
1	2	10	54	1.0177958e+03
1	2	10	55	1.0391266e+03
1	2	10	56	1.1119785e+03
1	2	10	57	1.1911447e+03
1	2	10	58	1.1647635e+03
1	2	10	59	1.1011532e+03
1	2	10	60	1.1015635e+03
1	2	10	61	1.0470996e+03
1	2	10	62	1.0868232e+03
1	2	10	63	1.1295485e+03
1	2	11	0	3.9958807e+02
1	2	11	1	4.2135309e+02
1	2	11	2	3.8545486e+02
1	2	11	3	3.7682809e+02
1	2	11	4	3.8843268e+02
1	2	11	5	3.5712946e+02
1	2	11	6	3.4565344e+02
1	2	11	7	3.9417700e+02
1	2	11	8	3.4412378e+02
1	2	11	9	-1.2437187e+04
1	2	11	10	3.4510574e+02
1	2	11	11	4.8343195e+02
1	2	11	12	2.2335504e+02
1	2	11	13	3.9785263e+02
1	2	11	14	2.7868127e+02
1	2	11	15	3.3772595e+02
1	2	11	16	1.7094908e+02
1	2	11	17	2.8938367e+02
1	2	11	18	2.8087408e+02
1	2	11	19	3.9910257e+02
1	2	11	20	2.4653165e+02
1	2	11	21	2.7791165e+02
1	2	11	22	2.7670953e+02
1	2	11	23	3.4649890e+02
1	2	11	24	2.1838268e+02
1	2	11	25	2.2737956e+02
1	2	11	26	3.5681464e+02
1	2	11	27	2.4369179e+02
1	2	11	28	2.6546201e+02
1	2	11	29	3.1155280e+02
1	2	11	30	2.3185944e+02
1	2	11	31	1.7702650e+02
1	2	11	32	1.9022511e+02
1	2	11	33	3.1971509e+02
1	2	11	34	9.9120093e+02
1	2	11	35	-1.2437187e+04
1	2	11	36	9.8165308e+02
1	2	11	37	9.6674652e+02
1	2	11	38	9.4365070e+02
1	2	11	39	1.1424330e+03
1	2	11	40	1.0779260e+03
1	2	11	41	9.9999146e+02
1	2	11	42	1.0705894e+03
1	2	11	43	9.7042114e+02
1	2	11	44	1.1896295e+03
1	2	11	45	9.3937610e+02
1	2	11	46	1.0397915e+03
1	2	11	47	1.0032325e+03
1	2	11	48	1.0039356e+03
1	2	11	49	1.1041234e+03
1	2	11	50	1.1581239e+03
1	2	11	51	1.5713925e+03
1	2	11	52	1.6919637e+03
1	2	11	53	1.1990320e+03
1	2	11	54	1.2316046e+03
1	2	11	55	1.2386482e+03
1	2	11	56	1.3856042e+03
1	2	11	57	1.3124653e+03
1	2	11	58	1.2619606e+03
1	2	11	59	1.1969086e+03
1	2	11	60	1.3838339e+03
1	2	11	61	1.1688818e+03
1	2	11	62	1.1491194e+03
1	2	11	63	1.3826560e+03
1	2	12	0	5.6208966e+02
1	2	12	1	4.9258722e+02
1	2	12	2	5.2051672e+02
1	2	12	3	5.2967328e+02
1	2	12	4	4.3750436e+02
1	2	12	5	4.5338708e+02
1	2	12	6	3.9040619e+02
1	2	12	7	5.5573376e+02
1	2	12	8	4.3662802e+02
1	2	12	9	4.9198047e+02
1	2	12	10	3.4912006e+02
1	2	12	11	4.4457974e+02
1	2	12	12	3.8760559e+02
1	2	12	13	4.4354327e+02
1	2	12	14	4.4720093e+02
1	2	12	15	4.7986115e+02
1	2	12	16	3.8513776e+02
1	2	12	17	3.3132092e+02
1	2	12	18	3.3792401e+02
1	2	12	19	3.0927188e+02
1	2	12	20	3.4900858e+02
1	2	12	21	4.5354947e+02
1	2	12	22	4.5972394e+02
1	2	12	23	3.4080081e+02
1	2	12	24	2.7119608e+02
1	2	12	25	3.7998328e+02
1	2	12	26	3.1201303e+02
1	2	12	27	2.9627765e+02
1	2	12	28	-4.3053638e+03
1	2	12	29	2.9651477e+02
1	2	12	30	1.9309274e+02
1	2	12	31	1.9473193e+02
1	2	12	32	2.1611514e+02
1	2	12	33	2.0889040e+02
1	2	12	34	9.2973175e+02
1	2	12	35	9.4785693e+02
1	2	12	36	9.6312231e+02
1	2	12	37	9.0709558e+02
1	2	12	38	9.0215222e+02
1	2	12	39	9.7583527e+02
1	2	12	40	8.9428430e+02
1	2	12	41	8.2838348e+02
1	2	12	42	9.4719922e+02
1	2	12	43	9.3830194e+02
1	2	12	44	9.7251709e+02
1	2	12	45	9.6335321e+02
1	2	12	46	-1.2437187e+04
1	2	12	47	8.3103632e+02
1	2	12	48	9.5862463e+02
1	2	12	49	9.1134888e+02
1	2	12	50	9.5806812e+02
1	2	12	51	1.5322291e+03
1	2	12	52	1.5279763e+03
1	2	12	53	1.1273743e+03
1	2	12	54	1.1526503e+03
1	2	12	55	1.1763271e+03
1	2	12	56	1.3284531e+03
1	2	12	57	1.3872667e+03
1	2	12	58	1.3316877e+03
1	2	12	59	1.1365497e+03
1	2	12	60	1.2362837e+03
1	2	12	61	1.1502209e+03
1	2	12	62	1.2469656e+03
1	2	12	63	1.2575082e+03
1	2	13	0	6.9669513e+02
1	2	13	1	6.3289844e+02
1	2	13	2	6.2152094e+02
1	2	13	3	6.0800134e+02
1	2	13	4	5.8399408e+02
1	2	13	5	6.6714526e+02
1	2	13	6	6.0477740e+02
1	2	13	7	5.4210010e+02
1	2	13	8	5.7749670e+02
1	2	13	9	6.0763348e+02
1	2	13	10	-1.7021571e+03
1	2	13	11	6.2103943e+02
1	2	13	12	5.4239313e+02
1	2	13	13	5.1536792e+02
1	2	13	14	4.3620160e+02
1	2	13	15	5.1117758e+02
1	2	13	16	3.7163345e+02
1	2	13	17	3.3382126e+02
1	2	13	18	3.7261011e+02
1	2	13	19	4.1555136e+02
1	2	13	20	4.5861136e+02
1	2	13	21	4.3303214e+02
1	2	13	22	4.5892587e+02
1	2	13	23	5.3963708e+02
1	2	13	24	4.2598007e+02
1	2	13	25	5.3254205e+02
1	2	13	26	4.7949960e+02
1	2	13	27	5.0312186e+02
1	2	13	28	4.5923242e+02
1	2	13	29	4.9560617e+02
1	2	13	30	4.6852997e+02
1	2	13	31	3.6994366e+02
1	2	13	32	3.9016132e+02
1	2	13	33	4.1935379e+02
1	2	13	34	1.0539257e+03
1	2	13	35	1.0549606e+03
1	2	13	36	1.1041055e+03
1	2	13	37	1.1081243e+03
1	2	13	38	1.0534236e+03
1	2	13	39	1.1287626e+03
1	2	13	40	1.1292550e+03
1	2	13	41	1.1588539e+03
1	2	13	42	1.1546208e+03
1	2	13	43	1.0430951e+03
1	2	13	44	1.1782621e+03
1	2	13	45	1.1408533e+03
1	2	13	46	1.1783546e+03
1	2	13	47	1.1823279e+03
1	2	13	48	1.2159794e+03
1	2	13	49	1.1315443e+03
1	2	13	50	1.2395359e+03
1	2	13	51	1.7181007e+03
1	2	13	52	1.7122792e+03
1	2	13	53	1.3925863e+03
1	2	13	54	1.4403567e+03
1	2	13	55	1.4511389e+03
1	2	13	56	1.5729449e+03
1	2	13	57	1.5387755e+03
1	2	13	58	1.3669325e+03
1	2	13	59	1.3751941e+03
1	2	13	60	1.4048792e+03
1	2	13	61	1.2844904e+03
1	2	13	62	1.3688965e+03
1	2	13	63	1.5132036e+03
1	2	14	0	6.0499744e+02
1	2	14	1	4.1348108e+02
1	2	14	2	5.3644617e+02
1	2	14	3	5.4439136e+02
1	2	14	4	3.9836478e+02
1	2	14	5	3.4799869e+02
1	2	14	6	4.3411188e+02
1	2	14	7	5.3394037e+02
1	2	14	8	4.9961615e+02
1	2	14	9	6.4279773e+02
1	2	14	10	3.8944489e+02
1	2	14	11	5.1967126e+02
1	2	14	12	4.9672256e+02
1	2	14	13	4.2483307e+02
1	2	14	14	4.8433838e+02
1	2	14	15	4.5892935e+02
1	2	14	16	3.1361227e+02
1	2	14	17	3.2358124e+02
1	2	14	18	4.0643170e+02
1	2	14	19	3.3629160e+02
1	2	14	20	5.6112115e+02
1	2	14	21	4.1498059e+02
1	2	14	22	3.5290955e+02
1	2	14	23	3.6697961e+02
1	2	14	24	2.8348978e+02
1	2	14	25	3.1643283e+02
1	2	14	26	3.4772559e+02
1	2	14	27	2.9569287e+02
1	2	14	28	3.0365616e+02
1	2	14	29	2.6519186e+02
1	2	14	30	3.3276010e+02
1	2	14	31	2.8678671e+02
1	2	14	32	2.5452487e+02
1	2	14	33	2.4795389e+02
1	2	14	34	8.8114191e+02
1	2	14	35	1.0276680e+03
1	2	14	36	1.0332784e+03
1	2	14	37	1.0086168e+03
1	2	14	38	9.8008136e+02
1	2	14	39	9.7230438e+02
1	2	14	40	9.9217896e+02
1	2	14	41	8.8998181e+02
1	2	14	42	9.4254248e+02
1	2	14	43	1.0468467e+03
1	2	14	44	1.0481533e+03
1	2	14	45	9.1336829e+02
1	2	14	46	9.8429492e+02
1	2	14	47	9.7748389e+02
1	2	14	48	9.4129938e+02
1	2	14	49	1.0192854e+03
1	2	14	50	1.0545253e+03
1	2	14	51	1.6476954e+03
1	2	14	52	1.5225493e+03
1	2	14	53	1.1894213e+03
1	2	14	54	1.2808121e+03
1	2	14	55	1.1843987e+03
1	2	14	56	1.3132458e+03
1	2	14	57	1.4273103e+03
1	2	14	58	1.3920972e+03
1	2	14	59	1.2989226e+03
1	2	14	60	1.1690557e+03
1	2	14	61	1.1819895e+03
1	2	14	62	1.3680095e+03
1	2	14	63	1.2387144e+03
1	2	15	0	6.3428955e+02
1	2	15	1	6.2378558e+02
1	2	15	2	5.9078925e+02
1	2	15	3	5.7884479e+02
1	2	15	4	6.1389960e+02
1	2	15	5	6.5473804e+02
1	2	15	6	5.5499341e+02
1	2	15	7	5.5038214e+02
1	2	15	8	5.7249280e+02
1	2	15	9	6.4709253e+02
1	2	15	10	5.3238275e+02
1	2	15	11	6.0950061e+02
1	2	15	12	4.4942892e+02
1	2	15	13	5.3065021e+02
1	2	15	14	6.1024683e+02
1	2	15	15	4.7688858e+02
1	2	15	16	5.4200439e+02
1	2	15	17	4.5318683e+02
1	2	15	18	3.8035410e+02
1	2	15	19	4.8116953e+02
1	2	15	20	3.9519241e+02
1	2	15	21	4.9164377e+02
1	2	15	22	4.3240042e+02
1	2	15	23	6.0552673e+02
1	2	15	24	4.4938245e+02
1	2	15	25	5.5988635e+02
1	2	15	26	4.6179193e+02
1	2	15	27	4.5793961e+02
1	2	15	28	4.8423230e+02
1	2	15	29	5.1738757e+02
1	2	15	30	4.7299536e+02
1	2	15	31	4.0221783e+02
1	2	15	32	3.8034564e+02
1	2	15	33	5.5239996e+02
1	2	15	34	1.1218730e+03
1	2	15	35	1.1044377e+03
1	2	15	36	1.2925887e+03
1	2	15	37	1.2726299e+03
1	2	15	38	1.1923875e+03
1	2	15	39	1.1614058e+03
1	2	15	40	1.2820416e+03
1	2	15	41	1.2074918e+03
1	2	15	42	1.2383022e+03
1	2	15	43	1.1697765e+03
1	2	15	44	1.2758167e+03
1	2	15	45	1.2605742e+03
1	2	15	46	1.3124055e+03
1	2	15	47	1.3851425e+03
1	2	15	48	1.2902175e+03
1	2	15	49	1.1524391e+03
1	2	15	50	1.2038335e+03
1	2	15	51	1.9239221e+03
1	2	15	52	1.9639380e+03
1	2	15	53	1.4812485e+03
1	2	15	54	1.5035044e+03
1	2	15	55	1.5685892e+03
1	2	15	56	1.6903800e+03
1	2	15	57	1.6808440e+03
1	2	15	58	1.5273143e+03
1	2	15	59	1.4915515e+03
1	2	15	60	1.6526599e+03
1	2	15	61	1.4331555e+03
1	2	15	62	1.5573480e+03
1	2	15	63	1.6721921e+03
