0	0	0	0	1.4752268e+01
0	0	0	1	-1.0025765e+02
0	0	0	2	1.0985293e+02
0	0	0	3	-6.9371788e+01
0	0	0	4	-4.5573780e+01
0	0	0	5	-4.2542366e+01
0	0	0	6	-1.5506875e+01
0	0	0	7	-3.3039738e+01
0	0	0	8	-5.0152264e+01
0	0	0	9	8.3828354e+01
0	0	0	10	-6.4088020e+01
0	0	0	11	4.3665504e+01
0	0	0	12	-1.7984413e+02
0	0	0	13	-9.6387794e+01
0	0	0	14	-9.1760361e+01
0	0	0	15	-1.8085718e+01
0	0	0	16	-1.8400137e+02
0	0	0	17	-2.3865584e+02
0	0	0	18	-1.0404896e+02
0	0	0	19	-2.4950941e+02
0	0	0	20	-1.9006454e+02
0	0	0	21	-1.6568979e+02
0	0	0	22	-2.3647765e+02
0	0	0	23	-1.5007301e+02
0	0	0	24	-1.8892522e+02
0	0	0	25	-1.2293481e+02
0	0	0	26	-2.1696249e+02
0	0	0	27	-1.9626262e+02
0	0	0	28	-1.5393539e+02
0	0	0	29	-1.8885687e+02
0	0	0	30	-1.7251755e+02
0	0	0	31	-1.2885449e+02
0	0	0	32	-1.5783189e+02
0	0	0	33	-2.1489447e+02
0	0	0	34	5.6903674e+02
0	0	0	35	5.3630768e+02
0	0	0	36	5.2639490e+02
0	0	0	37	4.9992599e+02
0	0	0	38	5.1008145e+02
0	0	0	39	6.2008484e+02
0	0	0	40	4.8274493e+02
0	0	0	41	5.4291437e+02
0	0	0	42	6.3834222e+02
0	0	0	43	6.1521204e+02
0	0	0	44	6.4234314e+02
0	0	0	45	5.7190753e+02
0	0	0	46	6.7848663e+02
0	0	0	47	6.0939948e+02
0	0	0	48	6.3350549e+02
0	0	0	49	5.2012250e+02
0	0	0	50	5.6747754e+02
0	0	0	51	1.1274196e+03
0	0	0	52	1.1795372e+03
0	0	0	53	7.3187933e+02
0	0	0	54	7.8696234e+02
0	0	0	55	8.3729034e+02
0	0	0	56	1.0519089e+03
0	0	0	57	9.4179364e+02
0	0	0	58	8.5370789e+02
0	0	0	59	7.9402295e+02
0	0	0	60	8.7449524e+02
0	0	0	61	6.7292059e+02
0	0	0	62	7.5945081e+02
0	0	0	63	8.8258398e+02
0	0	1	0	2.6676941e+02
0	0	1	1	1.7751251e+02
0	0	1	2	1.2034665e+02
0	0	1	3	1.1720144e+02
0	0	1	4	7.7860893e+01
0	0	1	5	2.6005298e+02
0	0	1	6	1.1132190e+02
0	0	1	7	1.5800177e+02
0	0	1	8	8.5021378e+01
0	0	1	9	1.2888698e+02
0	0	1	10	2.0048198e+02
0	0	1	11	6.8521301e+01
0	0	1	12	7.4211334e+01
0	0	1	13	1.4456430e+02
0	0	1	14	1.4089316e+01
0	0	1	15	7.4450378e+01
0	0	1	16	5.5459141e+01
0	0	1	17	1.6552985e+02
0	0	1	18	1.6369574e+02
0	0	1	19	1.5426782e+02
0	0	1	20	4.1861664e+01
0	0	1	21	4.0615780e+01
0	0	1	22	3.9814167e+01
0	0	1	23	5.0710850e+01
0	0	1	24	8.2546051e+01
0	0	1	25	7.9693100e+01
0	0	1	26	-4.4909481e+01
0	0	1	27	6.1906250e+01
0	0	1	28	3.2188824e+01
0	0	1	29	-1.1992411e+01
0	0	1	30	9.2146164e+01
0	0	1	31	-2.0994541e+01
0	0	1	32	-2.5367301e+00
0	0	1	33	-1.5321861e+01
0	0	1	34	5.9241376e+02
0	0	1	35	5.7870941e+02
0	0	1	36	6.2580267e+02
0	0	1	37	5.9741382e+02
0	0	1	38	7.4484454e+02
0	0	1	39	5.7262482e+02
0	0	1	40	6.6030334e+02
0	0	1	41	5.7350293e+02
0	0	1	42	6.3282440e+02
0	0	1	43	5.9925800e+02
0	0	1	44	6.0035370e+02
0	0	1	45	6.3435559e+02
0	0	1	46	6.4771674e+02
0	0	1	47	5.7478979e+02
0	0	1	48	6.1428192e+02
0	0	1	49	5.1810376e+02
0	0	1	50	6.4538971e+02
0	0	1	51	1.2415876e+03
0	0	1	52	1.2082034e+03
0	0	1	53	8.0603961e+02
0	0	1	54	8.7275781e+02
0	0	1	55	8.2358167e+02
0	0	1	56	9.8944061e+02
0	0	1	57	9.7694122e+02
0	0	1	58	9.4041846e+02
0	0	1	59	8.8280450e+02
0	0	1	60	9.2182086e+02
0	0	1	61	9.1022675e+02
0	0	1	62	9.1994751e+02
0	0	1	63	9.5997144e+02
0	0	2	0	2.5676831e+02
0	0	2	1	1.4141739e+02
0	0	2	2	2.1949088e+02
0	0	2	3	2.2609523e+02
0	0	2	4	1.8148590e+02
0	0	2	5	1.9545515e+02
0	0	2	6	2.4333675e+02
0	0	2	7	2.3634888e+02
0	0	2	8	1.7248511e+02
0	0	2	9	3.8505099e+02
0	0	2	10	1.3223233e+02
0	0	2	11	1.9244646e+02
0	0	2	12	5.0722820e+01
0	0	2	13	1.1821148e+02
0	0	2	14	1.8022949e+02
0	0	2	15	2.0873575e+02
0	0	2	16	8.9464233e+01
0	0	2	17	5.5220387e+01
0	0	2	18	6.8145170e+00
0	0	2	19	4.3885387e+01
0	0	2	20	3.7530491e+01
0	0	2	21	1.0696480e+02
0	0	2	22	1.1043271e+02
0	0	2	23	8.3346458e+01
0	0	2	24	-1.9594271e+01
0	0	2	25	9.6985527e+01
0	0	2	26	2.0068510e+02
0	0	2	27	9.3564316e+01
0	0	2	28	5.5967396e+01
0	0	2	29	1.1141930e+02
0	0	2	30	1.3728520e+02
0	0	2	31	6.7098335e+01
0	0	2	32	5.0733673e+01
0	0	2	33	8.0840607e+01
0	0	2	34	6.5775000e+02
0	0	2	35	7.3374664e+02
0	0	2	36	7.7902136e+02
0	0	2	37	7.3257654e+02
0	0	2	38	6.9061603e+02
0	0	2	39	6.9925873e+02
0	0	2	40	7.4692224e+02
0	0	2	41	6.7686560e+02
0	0	2	42	7.6518909e+02
0	0	2	43	7.8299371e+02
0	0	2	44	7.0806488e+02
0	0	2	45	7.1699072e+02
0	0	2	46	7.5597687e+02
0	0	2	47	7.4486676e+02
0	0	2	48	8.1995905e+02
0	0	2	49	8.1748572e+02
0	0	2	50	7.1866699e+02
0	0	2	51	1.3910997e+03
0	0	2	52	1.3633103e+03
0	0	2	53	1.0123255e+03
0	0	2	54	1.1569208e+03
0	0	2	55	1.0363656e+03
0	0	2	56	1.2295951e+03
0	0	2	57	1.1015798e+03
0	0	2	58	1.0476926e+03
0	0	2	59	1.0180826e+03
0	0	2	60	1.1363143e+03
0	0	2	61	9.8845959e+02
0	0	2	62	1.0008819e+03
0	0	2	63	1.1239294e+03
0	0	3	0	1.9478728e+02
0	0	3	1	2.5726866e+01
0	0	3	2	-1.5708780e+01
0	0	3	3	-5.6970493e+01
0	0	3	4	-4.3162159e+01
0	0	3	5	4.2301113e+01
0	0	3	6	-5.9479328e+01
0	0	3	7	-6.0186058e-01
0	0	3	8	-2.2271997e+01
0	0	3	9	-1.8914494e+01
0	0	3	10	8.2517385e+00
0	0	3	11	-4.6051945e+01
0	0	3	12	-7.5173462e+01
0	0	3	13	-5.3826778e+01
0	0	3	14	-7.9100868e+01
0	0	3	15	5.9765539e+00
0	0	3	16	-6.6573738e+01
0	0	3	17	-1.5582359e+01
0	0	3	18	-1.0702648e+02
0	0	3	19	-5.0556522e+01
0	0	3	20	-1.8452251e+02
0	0	3	21	-1.6982672e+02
0	0	3	22	-8.9221382e+01
0	0	3	23	-4.0994823e+01
0	0	3	24	-2.5329051e+02
0	0	3	25	-1.7979286e+02
0	0	3	26	-1.7958359e+02
0	0	3	27	-1.1436955e+02
0	0	3	28	-2.1659160e+02
0	0	3	29	-2.5141443e+02
0	0	3	30	-2.5618329e+02
0	0	3	31	-2.1679160e+02
0	0	3	32	-1.8951520e+02
0	0	3	33	-2.6946088e+02
0	0	3	34	4.6157870e+02
0	0	3	35	3.6330121e+02
0	0	3	36	3.6858066e+02
0	0	3	37	3.4657806e+02
0	0	3	38	4.6668063e+02
0	0	3	39	3.7419595e+02
0	0	3	40	4.1036810e+02
0	0	3	41	3.9729538e+02
0	0	3	42	4.2205905e+02
0	0	3	43	3.9457138e+02
0	0	3	44	4.3032446e+02
0	0	3	45	3.1772211e+02
0	0	3	46	3.9145828e+02
0	0	3	47	2.9333224e+02
0	0	3	48	3.0331064e+02
0	0	3	49	3.9530170e+02
0	0	3	50	3.7937418e+02
0	0	3	51	8.5312988e+02
0	0	3	52	9.3592023e+02
0	0	3	53	6.2244244e+02
0	0	3	54	6.6595532e+02
0	0	3	55	6.7418689e+02
0	0	3	56	8.0081110e+02
0	0	3	57	7.9490735e+02
0	0	3	58	6.8826703e+02
0	0	3	59	6.8244788e+02
0	0	3	60	6.3021503e+02
0	0	3	61	6.2202600e+02
0	0	3	62	6.0979138e+02
0	0	3	63	6.6043097e+02
0	0	4	0	-1.3871867e+02
0	0	4	1	-1.8221059e+02
0	0	4	2	-9.3336998e+01
0	0	4	3	-1.9513651e+02
0	0	4	4	-1.6001755e+02
0	0	4	5	-1.0819553e+02
0	0	4	6	-8.6632179e+01
0	0	4	7	-1.8167482e+02
0	0	4	8	-2.3021677e+02
0	0	4	9	-1.0183231e+02
0	0	4	10	-1.8458287e+02
0	0	4	11	-1.2664178e+02
0	0	4	12	-2.5242664e+02
0	0	4	13	-1.9083653e+02
0	0	4	14	-1.8202220e+02
0	0	4	15	-2.1164162e+02
0	0	4	16	-3.0574200e+02
0	0	4	17	-3.7843280e+02
0	0	4	18	-3.0765091e+02
0	0	4	19	-3.6094116e+02
0	0	4	20	-3.0504660e+02
0	0	4	21	-3.7724002e+02
0	0	4	22	-2.5302315e+02
0	0	4	23	-3.2903781e+02
0	0	4	24	-3.1983609e+02
0	0	4	25	-2.6488535e+02
0	0	4	26	-2.6904694e+02
0	0	4	27	-1.7302272e+02
0	0	4	28	-2.8824637e+02
0	0	4	29	-3.2716690e+02
0	0	4	30	-2.9392484e+02
0	0	4	31	-2.8980539e+02
0	0	4	32	-2.8956238e+02
0	0	4	33	-3.4760281e+02
0	0	4	34	4.1559747e+02
0	0	4	35	3.7447043e+02
0	0	4	36	3.9173932e+02
0	0	4	37	3.5784760e+02
0	0	4	38	3.7136633e+02
0	0	4	39	3.9773108e+02
0	0	4	40	3.9479031e+02
0	0	4	41	3.9976602e+02
0	0	4	42	4.2198026e+02
0	0	4	43	4.2671628e+02
0	0	4	44	5.4884271e+02
0	0	4	45	4.5673013e+02
0	0	4	46	5.1328314e+02
0	0	4	47	4.1636517e+02
0	0	4	48	5.8808319e+02
0	0	4	49	5.2082965e+02
0	0	4	50	4.2190662e+02
0	0	4	51	1.1061821e+03
0	0	4	52	1.0964554e+03
0	0	4	53	6.6033600e+02
0	0	4	54	7.3274127e+02
0	0	4	55	8.1221716e+02
0	0	4	56	8.6520728e+02
0	0	4	57	8.5703052e+02
0	0	4	58	7.3724127e+02
0	0	4	59	7.3097101e+02
0	0	4	60	7.4993427e+02
0	0	4	61	6.5496527e+02
0	0	4	62	6.2888617e+02
0	0	4	63	7.5835126e+02
0	0	5	0	-1.6551224e+02
0	0	5	1	-2.6347220e+02
0	0	5	2	-3.7384088e+02
0	0	5	3	-2.9575339e+02
0	0	5	4	-3.6380878e+02
0	0	5	5	-2.7995218e+02
0	0	5	6	-3.2630066e+02
0	0	5	7	-1.9682343e+02
0	0	5	8	-2.7150699e+02
0	0	5	9	-3.0739551e+02
0	0	5	10	-2.4403522e+02
0	0	5	11	-3.6216721e+02
0	0	5	12	-4.0639771e+02
0	0	5	13	-3.3101007e+02
0	0	5	14	-3.4606967e+02
0	0	5	15	-2.6024753e+02
0	0	5	16	-2.1925940e+02
0	0	5	17	-3.9368747e+02
0	0	5	18	-4.2951215e+02
0	0	5	19	-2.4423108e+02
0	0	5	20	-4.3166925e+02
0	0	5	21	-4.4458047e+02
0	0	5	22	-3.5940970e+02
0	0	5	23	-4.3309106e+02
0	0	5	24	-4.5903873e+02
0	0	5	25	-4.0495737e+02
0	0	5	26	-4.3296585e+02
0	0	5	27	-4.5794910e+02
0	0	5	28	-4.5817297e+02
0	0	5	29	-5.5199164e+02
0	0	5	30	-4.4245288e+02
0	0	5	31	-5.0927121e+02
0	0	5	32	-5.1461725e+02
0	0	5	33	-5.2753064e+02
0	0	5	34	9.1327599e+01
0	0	5	35	7.8701057e+01
0	0	5	36	1.6537512e+02
0	0	5	37	1.5099757e+02
0	0	5	38	1.9166158e+02
0	0	5	39	7.0942421e+01
0	0	5	40	1.6323218e+02
0	0	5	41	1.1422712e+02
0	0	5	42	1.9713850e+02
0	0	5	43	1.0522124e+02
0	0	5	44	2.0715414e+02
0	0	5	45	1.0846906e+02
0	0	5	46	1.3323845e+02
0	0	5	47	7.2735413e+01
0	0	5	48	7.9819824e+01
0	0	5	49	1.3969289e+02
0	0	5	50	1.5064427e+02
0	0	5	51	7.2418695e+02
0	0	5	52	7.6591370e+02
0	0	5	53	3.7535355e+02
0	0	5	54	4.2393622e+02
0	0	5	55	4.4584628e+02
0	0	5	56	5.7441711e+02
0	0	5	57	5.8981342e+02
0	0	5	58	4.8811359e+02
0	0	5	59	4.6688062e+02
0	0	5	60	4.4238141e+02
0	0	5	61	3.6282547e+02
0	0	5	62	4.9216599e+02
0	0	5	63	4.3322992e+02
0	0	6	0	-1.0313316e+02
0	0	6	1	-1.8751987e+02
0	0	6	2	-1.6715977e+02
0	0	6	3	-1.5970735e+02
0	0	6	4	-1.0976201e+02
0	0	6	5	-1.5694066e+02
0	0	6	6	-1.2412579e+02
0	0	6	7	-1.8871423e+02
0	0	6	8	-2.0445360e+02
0	0	6	9	-1.5147133e+02
0	0	6	10	-2.4438083e+02
0	0	6	11	-1.4793147e+02
0	0	6	12	-2.3843477e+02
0	0	6	13	-1.4194566e+02
0	0	6	14	-1.9872578e+02
0	0	6	15	-2.3657112e+02
0	0	6	16	-3.5558981e+02
0	0	6	17	-3.7553891e+02
0	0	6	18	-3.3669211e+02
0	0	6	19	-3.0209824e+02
0	0	6	20	-4.4945447e+02
0	0	6	21	-3.4009113e+02
0	0	6	22	-2.8528308e+02
0	0	6	23	-2.9501587e+02
0	0	6	24	-2.7567111e+02
0	0	6	25	-2.3993182e+02
0	0	6	26	-2.7360327e+02
0	0	6	27	-2.3977135e+02
0	0	6	28	-2.7796747e+02
0	0	6	29	-3.3653622e+02
0	0	6	30	-3.0521240e+02
0	0	6	31	-3.4917862e+02
0	0	6	32	-2.7877109e+02
0	0	6	33	-3.1750433e+02
0	0	6	34	3.5216705e+02
0	0	6	35	3.8501016e+02
0	0	6	36	4.1270428e+02
0	0	6	37	5.2344586e+02
0	0	6	38	4.2915625e+02
0	0	6	39	4.1980212e+02
0	0	6	40	3.9215741e+02
0	0	6	41	3.9920721e+02
0	0	6	42	6.1879999e+02
0	0	6	43	4.3946201e+02
0	0	6	44	6.2163599e+02
0	0	6	45	4.5709668e+02
0	0	6	46	8.4654358e+02
0	0	6	47	4.1289154e+02
0	0	6	48	5.0649234e+02
0	0	6	49	7.6802087e+02
0	0	6	50	5.1380249e+02
0	0	6	51	9.8608362e+02
0	0	6	52	1.0553572e+03
0	0	6	53	6.9687262e+02
0	0	6	54	7.1147742e+02
0	0	6	55	8.4678937e+02
0	0	6	56	8.9273859e+02
0	0	6	57	8.4586725e+02
0	0	6	58	7.3960175e+02
0	0	6	59	6.8650867e+02
0	0	6	60	8.0690924e+02
0	0	6	61	7.5704907e+02
0	0	6	62	6.9588184e+02
0	0	6	63	8.4196436e+02
0	0	7	0	6.5756638e+01
0	0	7	1	-1.8919659e+02
0	0	7	2	-1.8098505e+02
0	0	7	3	-1.8389511e+02
0	0	7	4	-2.5264958e+02
0	0	7	5	-9.5587006e+01
0	0	7	6	-2.3886781e+02
0	0	7	7	-1.2233385e+02
0	0	7	8	-2.3593324e+02
0	0	7	9	-1.7270435e+02
0	0	7	10	-1.2822295e+02
0	0	7	11	-2.9825082e+02
0	0	7	12	-3.4323511e+02
0	0	7	13	-1.9181853e+02
0	0	7	14	-2.5618036e+02
0	0	7	15	-1.8338248e+02
0	0	7	16	-3.1417270e+02
0	0	7	17	-2.0316815e+02
0	0	7	18	-2.7297760e+02
0	0	7	19	1.5483911e+03
0	0	7	20	-3.6875183e+02
0	0	7	21	-2.8803619e+02
0	0	7	22	-2.9607492e+02
0	0	7	23	-2.9626947e+02
0	0	7	24	-4.5074915e+02
0	0	7	25	-2.9033759e+02
0	0	7	26	-3.1303897e+02
0	0	7	27	-3.6745511e+02
0	0	7	28	-3.3683887e+02
0	0	7	29	-3.6552988e+02
0	0	7	30	-3.9563800e+02
0	0	7	31	-3.9348270e+02
0	0	7	32	-4.7386850e+02
0	0	7	33	-5.1187189e+02
0	0	7	34	1.7182394e+02
0	0	7	35	1.5929845e+02
0	0	7	36	2.0131084e+02
0	0	7	37	2.7181494e+02
0	0	7	38	2.6302942e+02
0	0	7	39	2.2937823e+02
0	0	7	40	1.4057039e+02
0	0	7	41	1.4683536e+02
0	0	7	42	1.9210863e+02
0	0	7	43	1.2082314e+02
0	0	7	44	1.6611230e+02
0	0	7	45	1.7679871e+02
0	0	7	46	1.8032593e+02
0	0	7	47	2.1795049e+02
0	0	7	48	1.0241953e+02
0	0	7	49	1.6484093e+02
0	0	7	50	2.1349220e+02
0	0	7	51	7.2913580e+02
0	0	7	52	6.5475043e+02
0	0	7	53	3.3371924e+02
0	0	7	54	4.3065735e+02
0	0	7	55	3.8730295e+02
0	0	7	56	4.7622195e+02
0	0	7	57	5.0597360e+02
0	0	7	58	4.6110471e+02
0	0	7	59	4.5708994e+02
0	0	7	60	3.7882285e+02
0	0	7	61	3.8903021e+02
0	0	7	62	4.1353070e+02
0	0	7	63	4.1752451e+02
0	0	8	0	-3.3237888e+02
0	0	8	1	-3.1049323e+02
0	0	8	2	-1.8583344e+02
0	0	8	3	-3.8231174e+02
0	0	8	4	-3.4136761e+02
0	0	8	5	-3.2262674e+02
0	0	8	6	-3.5090512e+02
0	0	8	7	-2.9089594e+02
0	0	8	8	-3.7234998e+02
0	0	8	9	-2.8613504e+02
0	0	8	10	-4.3034979e+02
0	0	8	11	-3.0488092e+02
0	0	8	12	-3.7199359e+02
0	0	8	13	-2.8721716e+02
0	0	8	14	-4.6484341e+02
0	0	8	15	-2.6262985e+02
0	0	8	16	-5.9218243e+02
0	0	8	17	-5.4543658e+02
0	0	8	18	-4.9973340e+02
0	0	8	19	-5.9596582e+02
0	0	8	20	-4.9068396e+02
0	0	8	21	-5.9802618e+02
0	0	8	22	-4.7941364e+02
0	0	8	23	-5.5398016e+02
0	0	8	24	-5.1443390e+02
0	0	8	25	-4.2930670e+02
0	0	8	26	-5.2181647e+02
0	0	8	27	-4.1353592e+02
0	0	8	28	-4.3885056e+02
0	0	8	29	-4.5800937e+02
0	0	8	30	-4.6942941e+02
0	0	8	31	-4.0535211e+02
0	0	8	32	-4.6876114e+02
0	0	8	33	-4.4176627e+02
0	0	8	34	2.3314003e+02
0	0	8	35	2.5270370e+02
0	0	8	36	2.0574106e+02
0	0	8	37	2.4129269e+02
0	0	8	38	2.0928923e+02
0	0	8	39	3.1018369e+02
0	0	8	40	2.6808102e+02
0	0	8	41	2.1733884e+02
0	0	8	42	3.0663110e+02
0	0	8	43	3.1616348e+02
0	0	8	44	3.3611649e+02
0	0	8	45	2.3923553e+02
0	0	8	46	3.0551010e+02
0	0	8	47	2.2858006e+02
0	0	8	48	2.7055869e+02
0	0	8	49	2.4184270e+02
0	0	8	50	2.9783618e+02
0	0	8	51	9.2442267e+02
0	0	8	52	8.2749591e+02
0	0	8	53	6.0859973e+02
0	0	8	54	4.9659552e+02
0	0	8	55	6.2543457e+02
0	0	8	56	7.1493079e+02
0	0	8	57	8.1002954e+02
0	0	8	58	4.8831738e+02
0	0	8	59	5.1335657e+02
0	0	8	60	6.1835638e+02
0	0	8	61	4.6028690e+02
0	0	8	62	4.9714661e+02
0	0	8	63	6.7957062e+02
0	0	9	0	-2.0956335e+02
0	0	9	1	-2.4198871e+02
0	0	9	2	-3.5952194e+02
0	0	9	3	-2.3247540e+02
0	0	9	4	-4.3911411e+02
0	0	9	5	-3.5153555e+02
0	0	9	6	-3.3690048e+02
0	0	9	7	-3.0133990e+02
0	0	9	8	-2.9958878e+02
0	0	9	9	-3.9015506e+02
0	0	9	10	-3.1417325e+02
0	0	9	11	-3.8545352e+02
0	0	9	12	-4.1276556e+02
0	0	9	13	-3.5307040e+02
0	0	9	14	-4.1687766e+02
0	0	9	15	-2.3371152e+02
0	0	9	16	-4.4748447e+02
0	0	9	17	-3.7901764e+02
0	0	9	18	-3.9235333e+02
0	0	9	19	-3.6585526e+02
0	0	9	20	-5.3506909e+02
0	0	9	21	-4.3252521e+02
0	0	9	22	-4.6487518e+02
0	0	9	23	-3.9470551e+02
0	0	9	24	-4.9021585e+02
0	0	9	25	-4.5174927e+02
0	0	9	26	-4.6432639e+02
0	0	9	27	-5.5651453e+02
0	0	9	28	-4.9839758e+02
0	0	9	29	-5.8679858e+02
0	0	9	30	-5.5041559e+02
0	0	9	31	-6.0917938e+02
0	0	9	32	-5.4755487e+02
0	0	9	33	-6.0313800e+02
0	0	9	34	7.7662094e+01
0	0	9	35	-5.5960832e+00
0	0	9	36	8.9760498e+01
0	0	9	37	4.4751350e+01
0	0	9	38	8.4567230e+01
0	0	9	39	-2.1804895e+01
0	0	9	40	9.4256210e+01
0	0	9	41	-4.0523029e+01
0	0	9	42	1.3405630e-01
0	0	9	43	9.7960871e-01
0	0	9	44	5.6479485e+01
0	0	9	45	-2.2367979e+01
0	0	9	46	2.4427868e+01
0	0	9	47	4.6053585e+01
0	0	9	48	9.0798426e+00
0	0	9	49	-5.9356777e+01
0	0	9	50	1.0992144e+02
0	0	9	51	6.3231525e+02
0	0	9	52	6.5554376e+02
0	0	9	53	2.7637021e+02
0	0	9	54	2.8819873e+02
0	0	9	55	2.2852025e+02
0	0	9	56	4.3055560e+02
0	0	9	57	4.3946768e+02
0	0	9	58	3.6968259e+02
0	0	9	59	3.3396658e+02
0	0	9	60	2.7114615e+02
0	0	9	61	3.0191080e+02
0	0	9	62	3.5592270e+02
0	0	9	63	3.1151675e+02
0	0	10	0	4.0909534e+01
0	0	10	1	-4.3062809e+01
0	0	10	2	1.1098906e+02
0	0	10	3	-1.2957537e+01
0	0	10	4	7.8560692e+01
0	0	10	5	2.5769369e+01
0	0	10	6	4.9800674e+01
0	0	10	7	1.1843636e+02
0	0	10	8	2.6291636e+01
0	0	10	9	1.2931177e+02
0	0	10	10	3.4825206e-01
0	0	10	11	4.4864811e+01
0	0	10	12	-4.2705837e+01
0	0	10	13	-5.5105891e+00
0	0	10	14	-7.5108131e+01
0	0	10	15	-8.2049988e+01
0	0	10	16	-1.7638358e+02
0	0	10	17	-1.4202870e+02
0	0	10	18	-9.0685638e+01
0	0	10	19	-1.2882477e+02
0	0	10	20	-2.2821508e+01
0	0	10	21	-1.8647009e+02
0	0	10	22	-4.2934105e+01
0	0	10	23	-8.4852234e+01
0	0	10	24	-1.2163010e+02
0	0	10	25	-4.4243034e+01
0	0	10	26	-1.5755591e+02
0	0	10	27	4.9748745e+03
0	0	10	28	-3.6993225e+01
0	0	10	29	-8.6957077e+01
0	0	10	30	-1.1466867e+02
0	0	10	31	-8.2740845e+01
0	0	10	32	-1.1051984e+02
0	0	10	33	-1.6320445e+02
0	0	10	34	5.1626971e+02
0	0	10	35	5.4918323e+02
0	0	10	36	6.3521857e+02
0	0	10	37	6.1079492e+02
0	0	10	38	5.6420056e+02
0	0	10	39	6.3377869e+02
0	0	10	40	6.2827063e+02
0	0	10	41	6.6240460e+02
0	0	10	42	6.3643414e+02
0	0	10	43	6.5158734e+02
0	0	10	44	7.1455908e+02
0	0	10	45	5.9694116e+02
0	0	10	46	6.9564227e+02
0	0	10	47	5.6654810e+02
0	0	10	48	6.3939465e+02
0	0	10	49	6.5341016e+02
0	0	10	50	7.0539630e+02
0	0	10	51	1.2834452e+03
0	0	10	52	1.2208386e+03
0	0	10	53	8.4128900e+02
0	0	10	54	7.9304285e+02
0	0	10	55	9.3002283e+02
0	0	10	56	1.0475195e+03
0	0	10	57	9.9265131e+02
0	0	10	58	9.5651453e+02
0	0	10	59	8.7479248e+02
0	0	10	60	9.3626813e+02
0	0	10	61	7.6067651e+02
0	0	10	62	7.9946533e+02
0	0	10	63	9.2448413e+02
0	0	11	0	1.2098937e+02
0	0	11	1	-8.6707687e+01
0	0	11	2	-4.5309029e+01
0	0	11	3	3.8428246e+01
0	0	11	4	-5.3099560e+01
0	0	11	5	3.1311213e+01
0	0	11	6	1.7547758e+01
0	0	11	7	8.0510956e+01
0	0	11	8	-2.8134668e+01
0	0	11	9	-8.1103638e+01
0	0	11	10	-4.4886105e+01
0	0	11	11	-6.7214134e+01
0	0	11	12	-1.8038017e+02
0	0	11	13	-1.0687062e+02
0	0	11	14	-1.9758261e+02
0	0	11	15	-2.7207008e+01
0	0	11	16	-1.5679062e+02
0	0	11	17	-1.3126349e+02
0	0	11	18	-1.2938759e+02
0	0	11	19	-1.2425839e+02
0	0	11	20	-1.7830992e+02
0	0	11	21	-1.6202431e+02
0	0	11	22	-1.1155412e+02
0	0	11	23	-1.7045265e+02
0	0	11	24	-1.8102402e+02
0	0	11	25	-2.4313531e+02
0	0	11	26	-2.1919295e+02
0	0	11	27	-1.6352538e+02
0	0	11	28	-1.3188791e+02
0	0	11	29	-2.0142021e+02
0	0	11	30	-2.0561084e+02
0	0	11	31	-1.9592685e+02
0	0	11	32	-2.1900348e+02
0	0	11	33	-2.5172308e+02
0	0	11	34	4.7303448e+02
0	0	11	35	4.3940240e+02
0	0	11	36	5.6277924e+02
0	0	11	37	4.7180951e+02
0	0	11	38	5.7228949e+02
0	0	11	39	4.3413962e+02
0	0	11	40	5.2747650e+02
0	0	11	41	5.1404828e+02
0	0	11	42	4.5265836e+02
0	0	11	43	4.8996036e+02
0	0	11	44	4.7314532e+02
0	0	11	45	4.3502249e+02
0	0	11	46	3.9438892e+02
0	0	11	47	3.8045578e+02
0	0	11	48	3.4638181e+02
0	0	11	49	3.9016248e+02
0	0	11	50	4.8558148e+02
0	0	11	51	9.5839917e+02
0	0	11	52	1.0556453e+03
0	0	11	53	6.3310077e+02
0	0	11	54	6.0821698e+02
0	0	11	55	7.3986487e+02
0	0	11	56	7.8141077e+02
0	0	11	57	8.1602838e+02
0	0	11	58	7.7454688e+02
0	0	11	59	6.9383557e+02
0	0	11	60	6.5167432e+02
0	0	11	61	6.1666022e+02
0	0	11	62	6.9322455e+02
0	0	11	63	6.5382776e+02
0	0	12	0	2.5161462e+02
0	0	12	1	1.5224620e+02
0	0	12	2	1.9174989e+02
0	0	12	3	2.1069420e+02
0	0	12	4	1.6643686e+02
0	0	12	5	1.9278473e+02
0	0	12	6	1.3224254e+02
0	0	12	7	2.0659808e+02
0	0	12	8	1.5903894e+02
0	0	12	9	2.7459360e+02
0	0	12	10	9.7677124e+01
0	0	12	11	2.6173001e+02
0	0	12	12	9.8816170e+01
0	0	12	13	1.7113753e+02
0	0	12	14	1.1285345e+02
0	0	12	15	2.0016344e+02
0	0	12	16	-5.6744598e+01
0	0	12	17	-6.4251333e-01
0	0	12	18	1.5444406e+02
0	0	12	19	7.2814880e+01
0	0	12	20	-5.4788177e+01
0	0	12	21	-4.8403103e+01
0	0	12	22	2.2042267e+01
0	0	12	23	4.3842808e+01
0	0	12	24	1.7732891e+01
0	0	12	25	1.7991312e+02
0	0	12	26	1.2979949e+01
0	0	12	27	9.3147156e+01
0	0	12	28	3.0674467e+01
0	0	12	29	2.1746061e+01
0	0	12	30	-5.0173883e+00
0	0	12	31	2.6149521e+01
0	0	12	32	5.1224332e+00
0	0	12	33	-2.7840876e+01
0	0	12	34	7.7671069e+02
0	0	12	35	7.2091669e+02
0	0	12	36	7.0924323e+02
0	0	12	37	8.1028839e+02
0	0	12	38	7.7216699e+02
0	0	12	39	7.2599707e+02
0	0	12	40	8.2709888e+02
0	0	12	41	7.2786340e+02
0	0	12	42	9.0883002e+02
0	0	12	43	8.3673914e+02
0	0	12	44	9.9867084e+02
0	0	12	45	7.6027313e+02
0	0	12	46	8.4939868e+02
0	0	12	47	7.9163721e+02
0	0	12	48	8.6175281e+02
0	0	12	49	8.2881689e+02
0	0	12	50	8.4474811e+02
0	0	12	51	1.4474514e+03
0	0	12	52	1.4778357e+03
0	0	12	53	1.0636069e+03
0	0	12	54	1.0729862e+03
0	0	12	55	1.1771775e+03
0	0	12	56	1.2059172e+03
0	0	12	57	1.2767076e+03
0	0	12	58	1.0751936e+03
0	0	12	59	1.0910776e+03
0	0	12	60	1.1598511e+03
0	0	12	61	1.0281626e+03
0	0	12	62	1.0641794e+03
0	0	12	63	1.2216903e+03
0	0	13	0	1.5703223e+02
0	0	13	1	4.9346375e+01
0	0	13	2	-1.3711605e+01
0	0	13	3	2.4731680e+01
0	0	13	4	1.7658651e+01
0	0	13	5	9.5401634e+01
0	0	13	6	2.3937456e+01
0	0	13	7	1.5131325e+02
0	0	13	8	2.0135672e+01
0	0	13	9	7.1137611e+01
0	0	13	10	1.1590816e+02
0	0	13	11	4.3025959e+01
0	0	13	12	5.6625237e+00
0	0	13	13	8.4150597e+01
0	0	13	14	-2.7506914e+01
0	0	13	15	9.9311073e+01
0	0	13	16	-7.5764359e+01
0	0	13	17	-5.6568405e+01
0	0	13	18	-7.6647385e+01
0	0	13	19	-2.7412712e+01
0	0	13	20	-1.9277985e+02
0	0	13	21	-9.5723442e+01
0	0	13	22	-4.8736473e+01
0	0	13	23	-4.5780025e+01
0	0	13	24	-9.7366959e+01
0	0	13	25	-2.0705698e+01
0	0	13	26	-1.5151755e+02
0	0	13	27	-7.2038879e+01
0	0	13	28	-3.8646557e+00
0	0	13	29	-9.2978622e+01
0	0	13	30	-9.1542442e+01
0	0	13	31	-1.8940607e+02
0	0	13	32	-1.5661105e+02
0	0	13	33	-1.1909502e+02
0	0	13	34	5.7292615e+02
0	0	13	35	5.0796472e+02
0	0	13	36	4.6039819e+02
0	0	13	37	5.5296820e+02
0	0	13	38	5.7209650e+02
0	0	13	39	5.4450708e+02
0	0	13	40	6.1619586e+02
0	0	13	41	4.7590918e+02
0	0	13	42	5.5292487e+02
0	0	13	43	5.5249591e+02
0	0	13	44	5.7973822e+02
0	0	13	45	5.5310114e+02
0	0	13	46	5.5364648e+02
0	0	13	47	4.7759354e+02
0	0	13	48	5.1500049e+02
0	0	13	49	4.9702850e+02
0	0	13	50	6.7393286e+02
0	0	13	51	1.1121694e+03
0	0	13	52	5.2561493e+02
0	0	13	53	7.3894910e+02
0	0	13	54	1.4587419e+03
0	0	13	55	4.8247827e+02
0	0	13	56	1.0247643e+03
0	0	13	57	9.8678479e+02
0	0	13	58	9.3644434e+02
0	0	13	59	8.4324359e+02
0	0	13	60	8.0160590e+02
0	0	13	61	8.0535187e+02
0	0	13	62	8.1044965e+02
0	0	13	63	7.7690918e+02
0	0	14	0	3.0256586e+02
0	0	14	1	2.4079253e+02
0	0	14	2	1.8072102e+02
0	0	14	3	3.0432785e+02
0	0	14	4	1.8078140e+02
0	0	14	5	1.7973718e+02
0	0	14	6	1.5763251e+02
0	0	14	7	1.7772934e+02
0	0	14	8	1.1567529e+02
0	0	14	9	2.4661197e+02
0	0	14	10	7.3438232e+01
0	0	14	11	1.7616882e+02
0	0	14	12	6.2114368e+01
0	0	14	13	1.4860184e+02
0	0	14	14	7.4151726e+01
0	0	14	15	1.5590114e+02
0	0	14	16	3.5929821e+01
0	0	14	17	6.5729507e+01
0	0	14	18	1.7702242e+01
0	0	14	19	1.1440414e+02
0	0	14	20	5.5660347e+01
0	0	14	21	1.3183450e+02
0	0	14	22	6.2893688e+01
0	0	14	23	1.3972249e+02
0	0	14	24	2.5595572e+01
0	0	14	25	3.2127793e+00
0	0	14	26	7.6940407e+01
0	0	14	27	1.4570052e+02
0	0	14	28	1.2154979e+02
0	0	14	29	1.2637164e+02
0	0	14	30	1.1461355e+02
0	0	14	31	7.7700119e+01
0	0	14	32	1.5169480e+01
0	0	14	33	1.3802432e+02
0	0	14	34	5.9055865e+02
0	0	14	35	6.2050714e+02
0	0	14	36	7.4786920e+02
0	0	14	37	6.3360339e+02
0	0	14	38	6.1060541e+02
0	0	14	39	6.8355341e+02
0	0	14	40	6.7108154e+02
0	0	14	41	7.4138965e+02
0	0	14	42	6.8838123e+02
0	0	14	43	6.8001697e+02
0	0	14	44	7.8520532e+02
0	0	14	45	7.2795953e+02
0	0	14	46	6.9747937e+02
0	0	14	47	7.6706091e+02
0	0	14	48	7.2569623e+02
0	0	14	49	7.2216901e+02
0	0	14	50	6.9059418e+02
0	0	14	51	1.2785908e+03
0	0	14	52	1.2555565e+03
0	0	14	53	9.4285315e+02
0	0	14	54	8.7252716e+02
0	0	14	55	9.8688202e+02
0	0	14	56	1.0973490e+03
0	0	14	57	1.1031359e+03
0	0	14	58	9.4632776e+02
0	0	14	59	1.0031261e+03
0	0	14	60	9.2575409e+02
0	0	14	61	8.9258331e+02
0	0	14	62	8.2692560e+02
0	0	14	63	9.7339917e+02
0	0	15	0	4.0947260e+02
0	0	15	1	3.5193198e+02
0	0	15	2	2.8170569e+02
0	0	15	3	2.1929738e+02
0	0	15	4	1.7826947e+02
0	0	15	5	3.5129044e+02
0	0	15	6	2.2607938e+02
0	0	15	7	3.5824896e+02
0	0	15	8	2.6303656e+02
0	0	15	9	3.3742841e+02
0	0	15	10	3.0626077e+02
0	0	15	11	2.5999808e+02
0	0	15	12	1.5693214e+02
0	0	15	13	1.9862572e+02
0	0	15	14	2.4630994e+02
0	0	15	15	2.9906351e+02
0	0	15	16	2.4110130e+02
0	0	15	17	2.2365276e+02
0	0	15	18	1.0124629e+02
0	0	15	19	4.9748745e+03
0	0	15	20	1.2663729e+02
0	0	15	21	1.2821465e+02
0	0	15	22	1.8359724e+02
0	0	15	23	1.7656125e+02
0	0	15	24	1.7579294e+02
0	0	15	25	1.5530852e+02
0	0	15	26	7.2514320e+01
0	0	15	27	1.0880663e+02
0	0	15	28	2.4030457e+02
0	0	15	29	1.4024501e+02
0	0	15	30	1.4401857e+02
0	0	15	31	9.6017441e+01
0	0	15	32	1.9107448e+02
0	0	15	33	1.2780099e+02
0	0	15	34	7.3460730e+02
0	0	15	35	6.5512268e+02
0	0	15	36	7.6333728e+02
0	0	15	37	7.5817169e+02
0	0	15	38	7.8473834e+02
0	0	15	39	7.6308038e+02
0	0	15	40	8.4329889e+02
0	0	15	41	7.2393066e+02
0	0	15	42	7.8172046e+02
0	0	15	43	6.9768726e+02
0	0	15	44	7.6310577e+02
0	0	15	45	6.1557990e+02
0	0	15	46	6.8366888e+02
0	0	15	47	7.3363159e+02
0	0	15	48	7.7026172e+02
0	0	15	49	6.7423999e+02
0	0	15	50	8.5084698e+02
0	0	15	51	1.4627517e+03
0	0	15	52	1.4145952e+03
0	0	15	53	1.0401707e+03
0	0	15	54	1.0243173e+03
0	0	15	55	1.0538595e+03
0	0	15	56	1.3195527e+03
0	0	15	57	1.2286354e+03
0	0	15	58	1.1037705e+03
0	0	15	59	1.0625292e+03
0	0	15	60	1.0683940e+03
0	0	15	61	1.1071371e+03
0	0	15	62	1.0972639e+03
0	0	15	63	1.0829097e+03
0	1	0	0	-5.9536035e+02
0	1	0	1	-5.5527063e+02
0	1	0	2	-4.3630475e+02
0	1	0	3	-5.8123816e+02
0	1	0	4	-4.9053690e+02
0	1	0	5	-4.7892075e+02
0	1	0	6	-5.4455389e+02
0	1	0	7	-5.8927637e+02
0	1	0	8	-5.4143066e+02
0	1	0	9	-4.6694815e+02
0	1	0	10	-5.9954828e+02
0	1	0	11	-4.4086145e+02
0	1	0	12	-5.4719281e+02
0	1	0	13	-5.0470294e+02
0	1	0	14	-5.8605811e+02
0	1	0	15	-5.2029138e+02
0	1	0	16	-8.5348773e+02
0	1	0	17	-7.2547388e+02
0	1	0	18	-7.6891547e+02
0	1	0	19	-7.8880072e+02
0	1	0	20	-7.8566351e+02
0	1	0	21	-7.3169135e+02
0	1	0	22	-6.8167517e+02
0	1	0	23	-7.4036121e+02
0	1	0	24	-6.8006396e+02
0	1	0	25	-6.9525269e+02
0	1	0	26	-7.4518127e+02
0	1	0	27	-6.2103241e+02
0	1	0	28	-7.6633301e+02
0	1	0	29	-7.0322516e+02
0	1	0	30	-6.3601819e+02
0	1	0	31	-6.4166943e+02
0	1	0	32	-6.7628674e+02
0	1	0	33	-6.3193634e+02
0	1	0	34	-5.0768265e+01
0	1	0	35	5.3333042e+01
0	1	0	36	2.6643579e+00
0	1	0	37	1.3621680e+02
0	1	0	38	-5.0090324e+01
0	1	0	39	2.2147551e+01
0	1	0	40	-3.4736408e+01
0	1	0	41	2.0259623e+01
0	1	0	42	1.1926154e+02
0	1	0	43	1.3731369e+02
0	1	0	44	1.4187257e+02
0	1	0	45	2.9465075e+01
0	1	0	46	1.6827065e+02
0	1	0	47	1.5672615e+02
0	1	0	48	3.9959057e+01
0	1	0	49	1.3456204e+02
0	1	0	50	1.0467584e+02
0	1	0	51	6.5059314e+02
0	1	0	52	6.7321710e+02
0	1	0	53	3.3476617e+02
0	1	0	54	2.6583102e+02
0	1	0	55	3.9408435e+02
0	1	0	56	5.7134381e+02
0	1	0	57	5.0556964e+02
0	1	0	58	3.3880276e+02
0	1	0	59	2.4465132e+02
0	1	0	60	3.4162109e+02
0	1	0	61	2.6976846e+02
0	1	0	62	2.6248047e+02
0	1	0	63	4.2944952e+02
0	1	1	0	-4.5390042e+02
0	1	1	1	-5.8055304e+02
0	1	1	2	-6.6256702e+02
0	1	1	3	-6.0046930e+02
0	1	1	4	-7.0075134e+02
0	1	1	5	-5.4610333e+02
0	1	1	6	-6.4167285e+02
0	1	1	7	-5.6334381e+02
0	1	1	8	-5.2497571e+02
0	1	1	9	-6.2025128e+02
0	1	1	10	-5.4684686e+02
0	1	1	11	-6.9932092e+02
0	1	1	12	-7.2321930e+02
0	1	1	13	-6.5079718e+02
0	1	1	14	-7.0989825e+02
0	1	1	15	-6.3605017e+02
0	1	1	16	-6.8909906e+02
0	1	1	17	-6.4713031e+02
0	1	1	18	-7.3073975e+02
0	1	1	19	-5.8357715e+02
0	1	1	20	-7.4021936e+02
0	1	1	21	-7.0521118e+02
0	1	1	22	-7.3447589e+02
0	1	1	23	-6.7715979e+02
0	1	1	24	-7.8086005e+02
0	1	1	25	-6.9519891e+02
0	1	1	26	-7.7808948e+02
0	1	1	27	-7.9064996e+02
0	1	1	28	-7.6296252e+02
0	1	1	29	-7.8576978e+02
0	1	1	30	-8.8534900e+02
0	1	1	31	-8.2806036e+02
0	1	1	32	-8.7166284e+02
0	1	1	33	-8.7190594e+02
0	1	1	34	-1.7169710e+02
0	1	1	35	-1.8643686e+02
0	1	1	36	-1.2237222e+02
0	1	1	37	-2.3923238e+02
0	1	1	38	-7.2375259e+01
0	1	1	39	-1.1631611e+02
0	1	1	40	-2.0353806e+02
0	1	1	41	-2.2682837e+02
0	1	1	42	-1.8995757e+02
0	1	1	43	-1.6958031e+02
0	1	1	44	-1.8679587e+02
0	1	1	45	-2.8094171e+02
0	1	1	46	-2.0450298e+02
0	1	1	47	-1.9236804e+02
0	1	1	48	-2.6896350e+02
0	1	1	49	-1.7718138e+02
0	1	1	50	-1.2276553e+02
0	1	1	51	2.5188417e+02
0	1	1	52	3.3318933e+02
0	1	1	53	-5.3260548e+01
0	1	1	54	-2.7705103e+01
0	1	1	55	-6.7002220e+01
0	1	1	56	1.3392192e+02
0	1	1	57	2.0995509e+02
0	1	1	58	1.5499757e+02
0	1	1	59	2.0959642e+01
0	1	1	60	-3.6476471e+01
0	1	1	61	-2.1754202e+01
0	1	1	62	7.7086859e+00
0	1	1	63	8.0922340e+01
0	1	2	0	-1.3406711e+03
0	1	2	1	-1.3770398e+03
0	1	2	2	-1.2822056e+03
0	1	2	3	-1.4630051e+03
0	1	2	4	-1.2890653e+03
0	1	2	5	-1.3661742e+03
0	1	2	6	-1.3070366e+03
0	1	2	7	-1.4246876e+03
0	1	2	8	-1.3989384e+03
0	1	2	9	-1.1489683e+03
0	1	2	10	-1.3948813e+03
0	1	2	11	-1.2661742e+03
0	1	2	12	-1.4273278e+03
0	1	2	13	-1.3089198e+03
0	1	2	14	-1.5172974e+03
0	1	2	15	-1.4518495e+03
0	1	2	16	-1.5720787e+03
0	1	2	17	-1.6013430e+03
0	1	2	18	-1.5750388e+03
0	1	2	19	-1.5382473e+03
0	1	2	20	-1.4687389e+03
0	1	2	21	-1.5841343e+03
0	1	2	22	-1.5109509e+03
0	1	2	23	-1.4552219e+03
0	1	2	24	-1.4894340e+03
0	1	2	25	-1.4018024e+03
0	1	2	26	-1.5399149e+03
0	1	2	27	-1.2751407e+03
0	1	2	28	-1.4192914e+03
0	1	2	29	-1.4200800e+03
0	1	2	30	-1.3330405e+03
0	1	2	31	-1.3962341e+03
0	1	2	32	-1.3974165e+03
0	1	2	33	-1.2800492e+03
0	1	2	34	-6.6752515e+02
0	1	2	35	-6.4336310e+02
0	1	2	36	-6.9732025e+02
0	1	2	37	-5.8830383e+02
0	1	2	38	-6.7130743e+02
0	1	2	39	-6.0027765e+02
0	1	2	40	-6.2458105e+02
0	1	2	41	-5.8977014e+02
0	1	2	42	-4.8639032e+02
0	1	2	43	-4.4519489e+02
0	1	2	44	-3.6825000e+02
0	1	2	45	-5.8279968e+02
0	1	2	46	-4.4016592e+02
0	1	2	47	-4.4259702e+02
0	1	2	48	-4.2186954e+02
0	1	2	49	-4.5495108e+02
0	1	2	50	-5.7182269e+02
0	1	2	51	1.5751971e+02
0	1	2	52	2.0994568e+02
0	1	2	53	-1.9592030e+02
0	1	2	54	-2.0978708e+02
0	1	2	55	-1.1486248e+02
0	1	2	56	1.4205967e+01
0	1	2	57	-1.1950413e+02
0	1	2	58	-2.9417194e+02
0	1	2	59	-2.8840082e+02
0	1	2	60	-1.8081122e+02
0	1	2	61	-3.7221561e+02
0	1	2	62	-3.3055975e+02
0	1	2	63	-9.6765755e+01
0	1	3	0	-8.8022668e+02
0	1	3	1	-9.5784650e+02
0	1	3	2	-1.1612599e+03
0	1	3	3	-8.9825201e+02
0	1	3	4	-1.2072097e+03
0	1	3	5	-8.5475812e+02
0	1	3	6	-1.0636533e+03
0	1	3	7	-8.5777130e+02
0	1	3	8	-1.0591299e+03
0	1	3	9	-1.1958137e+03
0	1	3	10	-9.3525244e+02
0	1	3	11	-1.2391743e+03
0	1	3	12	-1.1801509e+03
0	1	3	13	-1.1017687e+03
0	1	3	14	-1.1669054e+03
0	1	3	15	-9.9521558e+02
0	1	3	16	-1.0213961e+03
0	1	3	17	-1.0504698e+03
0	1	3	18	-1.0753018e+03
0	1	3	19	-9.9779688e+02
0	1	3	20	-1.1601747e+03
0	1	3	21	-1.1826067e+03
0	1	3	22	-1.0645663e+03
0	1	3	23	-1.0514458e+03
0	1	3	24	-1.1848899e+03
0	1	3	25	-1.2230438e+03
0	1	3	26	-1.2673262e+03
0	1	3	27	-1.2288232e+03
0	1	3	28	-1.2195526e+03
0	1	3	29	-1.2717799e+03
0	1	3	30	-1.2517030e+03
0	1	3	31	-1.3591111e+03
0	1	3	32	-1.2733381e+03
0	1	3	33	-1.3446433e+03
0	1	3	34	-7.9610657e+02
0	1	3	35	-7.2927167e+02
0	1	3	36	-6.6444806e+02
0	1	3	37	-6.8434668e+02
0	1	3	38	-6.3280420e+02
0	1	3	39	-7.3945447e+02
0	1	3	40	-7.6023901e+02
0	1	3	41	-8.4079150e+02
0	1	3	42	-8.0557788e+02
0	1	3	43	-7.3485870e+02
0	1	3	44	-7.7970447e+02
0	1	3	45	-7.5532788e+02
0	1	3	46	-8.5087872e+02
0	1	3	47	-8.2003406e+02
0	1	3	48	-8.6175214e+02
0	1	3	49	-8.4629468e+02
0	1	3	50	-6.9626617e+02
0	1	3	51	-2.8269342e+02
0	1	3	52	-2.7117258e+02
0	1	3	53	-6.1771301e+02
0	1	3	54	-6.1438098e+02
0	1	3	55	-6.1228931e+02
0	1	3	56	-4.4298111e+02
0	1	3	57	-4.1844400e+02
0	1	3	58	-4.2765286e+02
0	1	3	59	-4.8345312e+02
0	1	3	60	-7.2472144e+02
0	1	3	61	-5.5690851e+02
0	1	3	62	-4.2391138e+02
0	1	3	63	-5.3602173e+02
0	1	4	0	-1.1190247e+03
0	1	4	1	-1.0743503e+03
0	1	4	2	-1.1063748e+03
0	1	4	3	-1.0688075e+03
0	1	4	4	-1.2580383e+03
0	1	4	5	-1.1403666e+03
0	1	4	6	-1.2876199e+03
0	1	4	7	-1.0223803e+03
0	1	4	8	-1.1362236e+03
0	1	4	9	-1.1597111e+03
0	1	4	10	-1.1246093e+03
0	1	4	11	-1.2486276e+03
0	1	4	12	-1.2354399e+03
0	1	4	13	-1.1609137e+03
0	1	4	14	-1.0785087e+03
0	1	4	15	-1.0860267e+03
0	1	4	16	-1.2019731e+03
0	1	4	17	-1.3109174e+03
0	1	4	18	-1.1296136e+03
0	1	4	19	-1.3356676e+03
0	1	4	20	-1.1309977e+03
0	1	4	21	-1.1415314e+03
0	1	4	22	-1.1638878e+03
0	1	4	23	-1.1944427e+03
0	1	4	24	-1.3548739e+03
0	1	4	25	-1.2531874e+03
0	1	4	26	-1.2902825e+03
0	1	4	27	-1.4523925e+03
0	1	4	28	-1.2870377e+03
0	1	4	29	-1.3928481e+03
0	1	4	30	-1.3505245e+03
0	1	4	31	-1.3210909e+03
0	1	4	32	-1.3633546e+03
0	1	4	33	-1.4509161e+03
0	1	4	34	-8.1022150e+02
0	1	4	35	-7.4804694e+02
0	1	4	36	-8.1395203e+02
0	1	4	37	-8.9069012e+02
0	1	4	38	-8.0240588e+02
0	1	4	39	-7.9843848e+02
0	1	4	40	-8.7165204e+02
0	1	4	41	-8.7813562e+02
0	1	4	42	-9.1323077e+02
0	1	4	43	-8.4678870e+02
0	1	4	44	-9.8495154e+02
0	1	4	45	-9.4581824e+02
0	1	4	46	-1.0090914e+03
0	1	4	47	-9.1001526e+02
0	1	4	48	-1.0782615e+03
0	1	4	49	-1.0750227e+03
0	1	4	50	-6.9426318e+02
0	1	4	51	-1.9519904e+02
0	1	4	52	-2.9628110e+02
0	1	4	53	-5.9505188e+02
0	1	4	54	-5.6250531e+02
0	1	4	55	-6.6978888e+02
0	1	4	56	-4.7109482e+02
0	1	4	57	-3.2871359e+02
0	1	4	58	-3.7490250e+02
0	1	4	59	-5.3527362e+02
0	1	4	60	-6.6882471e+02
0	1	4	61	-5.1723102e+02
0	1	4	62	-5.4895068e+02
0	1	4	63	-6.7515601e+02
0	1	5	0	-1.3180865e+03
0	1	5	1	-1.1849825e+03
0	1	5	2	-1.1304941e+03
0	1	5	3	-1.0909220e+03
0	1	5	4	-1.2542295e+03
0	1	5	5	-1.2847627e+03
0	1	5	6	-1.1415753e+03
0	1	5	7	-1.3301687e+03
0	1	5	8	-1.2095891e+03
0	1	5	9	-1.0059163e+03
0	1	5	10	-1.3516298e+03
0	1	5	11	-1.1432515e+03
0	1	5	12	-1.3608190e+03
0	1	5	13	-1.2022236e+03
0	1	5	14	-1.2244857e+03
0	1	5	15	-1.2817423e+03
0	1	5	16	-1.3788712e+03
0	1	5	17	-1.4128662e+03
0	1	5	18	-1.4770400e+03
0	1	5	19	-1.4843995e+03
0	1	5	20	-1.3711019e+03
0	1	5	21	-1.3826725e+03
0	1	5	22	-1.3818048e+03
0	1	5	23	-1.3391708e+03
0	1	5	24	-1.2986799e+03
0	1	5	25	-1.2482147e+03
0	1	5	26	-1.2551748e+03
0	1	5	27	-1.2471388e+03
0	1	5	28	-1.2865199e+03
0	1	5	29	-1.2281842e+03
0	1	5	30	-1.2378961e+03
0	1	5	31	-1.2702296e+03
0	1	5	32	-1.2957736e+03
0	1	5	33	-1.1144696e+03
0	1	5	34	-5.4862451e+02
0	1	5	35	-6.0887909e+02
0	1	5	36	-5.6341583e+02
0	1	5	37	-5.2046735e+02
0	1	5	38	-5.5386060e+02
0	1	5	39	-5.4695325e+02
0	1	5	40	-4.3082788e+02
0	1	5	41	-5.8267218e+02
0	1	5	42	-4.7640994e+02
0	1	5	43	-5.6652173e+02
0	1	5	44	-2.7291653e+02
0	1	5	45	-4.8021378e+02
0	1	5	46	-2.9559091e+02
0	1	5	47	-4.3590213e+02
0	1	5	48	-2.6530316e+02
0	1	5	49	-1.9795439e+02
0	1	5	50	-4.3406119e+02
0	1	5	51	1.1786763e+02
0	1	5	52	6.6453369e+01
0	1	5	53	-2.1542863e+02
0	1	5	54	-2.0082220e+02
0	1	5	55	2.3985889e+03
0	1	5	56	1.5132425e+02
0	1	5	57	-9.7960068e+01
0	1	5	58	-3.3135269e+02
0	1	5	59	-2.4299858e+02
0	1	5	60	1.0673082e+01
0	1	5	61	-3.2556564e+02
0	1	5	62	-3.6679996e+02
0	1	5	63	9.1181870e+00
0	1	6	0	-7.3519116e+02
0	1	6	1	-8.7269861e+02
0	1	6	2	-8.0512012e+02
0	1	6	3	-7.6977222e+02
0	1	6	4	-9.2266602e+02
0	1	6	5	-9.0398114e+02
0	1	6	6	-8.8515466e+02
0	1	6	7	-7.4002484e+02
0	1	6	8	-8.6083429e+02
0	1	6	9	-8.7089490e+02
0	1	6	10	-8.7800525e+02
0	1	6	11	-8.6378552e+02
0	1	6	12	-8.8315161e+02
0	1	6	13	-8.6725934e+02
0	1	6	14	-7.7053564e+02
0	1	6	15	-8.1010962e+02
0	1	6	16	-9.6944812e+02
0	1	6	17	-9.9513513e+02
0	1	6	18	-8.9189453e+02
0	1	6	19	-9.4068286e+02
0	1	6	20	-8.9742114e+02
0	1	6	21	-9.0348450e+02
0	1	6	22	-9.1204840e+02
0	1	6	23	-9.3947150e+02
0	1	6	24	-9.6424640e+02
0	1	6	25	-9.7847583e+02
0	1	6	26	-1.0508013e+03
0	1	6	27	-1.0504279e+03
0	1	6	28	-1.0045372e+03
0	1	6	29	-9.0963550e+02
0	1	6	30	-1.0391069e+03
0	1	6	31	-1.0288560e+03
0	1	6	32	-1.0729426e+03
0	1	6	33	-1.0858740e+03
0	1	6	34	-4.0229901e+02
0	1	6	35	-3.2060135e+02
0	1	6	36	-3.5940884e+02
0	1	6	37	-4.0296445e+02
0	1	6	38	-3.7039563e+02
0	1	6	39	-4.7712888e+02
0	1	6	40	-4.3776309e+02
0	1	6	41	-4.7350482e+02
0	1	6	42	-3.6136969e+02
0	1	6	43	-4.4963663e+02
0	1	6	44	-4.5327859e+02
0	1	6	45	-4.6072723e+02
0	1	6	46	-4.5101450e+02
0	1	6	47	-4.2586667e+02
0	1	6	48	-4.6012125e+02
0	1	6	49	-5.2632379e+02
0	1	6	50	-3.8728326e+02
0	1	6	51	2.3169923e+02
0	1	6	52	1.0056828e+02
0	1	6	53	-2.7200842e+02
0	1	6	54	-2.5997144e+02
0	1	6	55	-1.9979623e+02
0	1	6	56	-7.5985115e+01
0	1	6	57	-2.5781218e+01
0	1	6	58	-2.7292587e+01
0	1	6	59	-1.6432420e+02
0	1	6	60	-2.4569215e+02
0	1	6	61	-1.1077579e+02
0	1	6	62	-1.4335582e+02
0	1	6	63	-1.9831651e+02
0	1	7	0	-1.0174373e+03
0	1	7	1	-1.0727035e+03
0	1	7	2	-1.0433275e+03
0	1	7	3	-1.0418328e+03
0	1	7	4	-1.0864384e+03
0	1	7	5	-1.0938920e+03
0	1	7	6	-1.0507816e+03
0	1	7	7	-1.0741066e+03
0	1	7	8	-1.1209189e+03
0	1	7	9	-1.0236108e+03
0	1	7	10	-1.1166133e+03
0	1	7	11	-9.7296796e+02
0	1	7	12	-1.1314147e+03
0	1	7	13	-1.0935781e+03
0	1	7	14	-1.1918942e+03
0	1	7	15	-1.0659110e+03
0	1	7	16	-1.2605272e+03
0	1	7	17	-1.3390876e+03
0	1	7	18	-1.2977974e+03
0	1	7	19	-1.2722703e+03
0	1	7	20	-1.2045055e+03
0	1	7	21	-1.2966558e+03
0	1	7	22	-1.2775098e+03
0	1	7	23	-1.1856616e+03
0	1	7	24	-1.2246562e+03
0	1	7	25	-1.1424608e+03
0	1	7	26	-1.2007915e+03
0	1	7	27	-1.1484664e+03
0	1	7	28	-1.1588607e+03
0	1	7	29	-1.2539375e+03
0	1	7	30	-1.1313295e+03
0	1	7	31	-1.2266344e+03
0	1	7	32	-1.1069908e+03
0	1	7	33	-1.1748948e+03
0	1	7	34	-4.4501224e+02
0	1	7	35	-4.7049078e+02
0	1	7	36	-4.2119812e+02
0	1	7	37	-3.8392657e+02
0	1	7	38	-4.0409180e+02
0	1	7	39	-4.0827206e+02
0	1	7	40	-3.3880988e+02
0	1	7	41	-3.6644458e+02
0	1	7	42	-3.6233270e+02
0	1	7	43	-4.1901779e+02
0	1	7	44	-2.9268536e+02
0	1	7	45	-3.7145224e+02
0	1	7	46	-3.1276260e+02
0	1	7	47	-2.9046695e+02
0	1	7	48	-2.9916995e+02
0	1	7	49	-3.2776596e+02
0	1	7	50	-3.1203207e+02
0	1	7	51	1.2152526e+02
0	1	7	52	2.4092235e+02
0	1	7	53	-1.1064442e+02
0	1	7	54	-9.6955482e+01
0	1	7	55	-7.8535408e+01
0	1	7	56	3.1995365e+01
0	1	7	57	-6.5678398e+01
0	1	7	58	-2.0504550e+02
0	1	7	59	-1.4179985e+02
0	1	7	60	-5.5075691e+01
0	1	7	61	-2.0283656e+02
0	1	7	62	-2.2013634e+02
0	1	7	63	-8.4206917e+01
0	1	8	0	-6.4211932e+02
0	1	8	1	-8.2125970e+02
0	1	8	2	-7.7567145e+02
0	1	8	3	-7.2436969e+02
0	1	8	4	-9.0741864e+02
0	1	8	5	-8.4161804e+02
0	1	8	6	-9.1978912e+02
0	1	8	7	-7.0538763e+02
0	1	8	8	-8.0618597e+02
0	1	8	9	-7.8066223e+02
0	1	8	10	-7.7882867e+02
0	1	8	11	-8.1372577e+02
0	1	8	12	-9.2220441e+02
0	1	8	13	-8.4588031e+02
0	1	8	14	-8.0254523e+02
0	1	8	15	-8.3568475e+02
0	1	8	16	-9.8067542e+02
0	1	8	17	-9.5157233e+02
0	1	8	18	-8.8754749e+02
0	1	8	19	-9.0355896e+02
0	1	8	20	-8.5134766e+02
0	1	8	21	-8.6584076e+02
0	1	8	22	-9.5150635e+02
0	1	8	23	-9.6432782e+02
0	1	8	24	-9.6133044e+02
0	1	8	25	-9.4148291e+02
0	1	8	26	-9.7757190e+02
0	1	8	27	-1.0597820e+03
0	1	8	28	-1.0377634e+03
0	1	8	29	-1.0495350e+03
0	1	8	30	-1.0068151e+03
0	1	8	31	-1.0945759e+03
0	1	8	32	-1.0034616e+03
0	1	8	33	-1.0968425e+03
0	1	8	34	-4.3871060e+02
0	1	8	35	-4.4705917e+02
0	1	8	36	-4.1487445e+02
0	1	8	37	-4.4012570e+02
0	1	8	38	-3.1681912e+02
0	1	8	39	-4.3649844e+02
0	1	8	40	-4.7448196e+02
0	1	8	41	-4.5784616e+02
0	1	8	42	-4.9760300e+02
0	1	8	43	-4.4542953e+02
0	1	8	44	-4.3744632e+02
0	1	8	45	-4.3303500e+02
0	1	8	46	-4.9564572e+02
0	1	8	47	-4.9381210e+02
0	1	8	48	-5.3345447e+02
0	1	8	49	-5.6114056e+02
0	1	8	50	-4.3163330e+02
0	1	8	51	2.7110278e+02
0	1	8	52	1.7438777e+02
0	1	8	53	-2.2728792e+02
0	1	8	54	-1.9576918e+02
0	1	8	55	-2.1696599e+02
0	1	8	56	-6.9291260e+01
0	1	8	57	3.7500538e+01
0	1	8	58	-4.3722584e+01
0	1	8	59	-1.2881999e+02
0	1	8	60	-2.7577151e+02
0	1	8	61	-1.5459567e+02
0	1	8	62	-1.0303601e+02
0	1	8	63	-2.0074187e+02
0	1	9	0	-9.8521716e+02
0	1	9	1	-9.2657861e+02
0	1	9	2	-9.0521796e+02
0	1	9	3	-8.8455933e+02
0	1	9	4	-9.4590454e+02
0	1	9	5	-9.9054138e+02
0	1	9	6	-9.5022742e+02
0	1	9	7	-9.4136053e+02
0	1	9	8	-9.5715424e+02
0	1	9	9	-8.9805560e+02
0	1	9	10	-1.0029435e+03
0	1	9	11	-8.5460352e+02
0	1	9	12	-1.0150148e+03
0	1	9	13	-9.3777625e+02
0	1	9	14	-1.0831995e+03
0	1	9	15	-9.6522852e+02
0	1	9	16	-1.1497502e+03
0	1	9	17	-1.1235098e+03
0	1	9	18	-1.0930282e+03
0	1	9	19	-1.0296063e+03
0	1	9	20	-9.7889478e+02
0	1	9	21	-1.0189683e+03
0	1	9	22	-1.0121508e+03
0	1	9	23	-1.0417504e+03
0	1	9	24	-1.1124460e+03
0	1	9	25	-9.7028265e+02
0	1	9	26	-1.0035304e+03
0	1	9	27	-9.6347943e+02
0	1	9	28	-1.0022356e+03
0	1	9	29	-9.7680725e+02
0	1	9	30	-9.8911523e+02
0	1	9	31	-1.1078729e+03
0	1	9	32	-1.0486775e+03
0	1	9	33	-9.4887500e+02
0	1	9	34	-3.3381241e+02
0	1	9	35	-3.8503006e+02
0	1	9	36	-3.0769489e+02
0	1	9	37	-2.1813872e+02
0	1	9	38	-3.3499231e+02
0	1	9	39	-2.9594849e+02
0	1	9	40	-1.6252411e+02
0	1	9	41	-4.1870013e+02
0	1	9	42	-1.8404214e+02
0	1	9	43	-2.4847917e+02
0	1	9	44	-1.2282158e+02
0	1	9	45	-2.5549042e+02
0	1	9	46	-9.0634567e+01
0	1	9	47	-2.7022940e+02
0	1	9	48	-2.0767078e+02
0	1	9	49	-2.4637323e+02
0	1	9	50	-2.3162292e+02
0	1	9	51	3.1332446e+02
0	1	9	52	3.5656985e+02
0	1	9	53	-4.9126236e+01
0	1	9	54	7.2059965e+00
0	1	9	55	6.1927094e+01
0	1	9	56	2.1745792e+02
0	1	9	57	1.8469896e+02
0	1	9	58	-2.7140379e+00
0	1	9	59	-4.3011665e+01
0	1	9	60	1.0590784e+02
0	1	9	61	-1.2207129e+02
0	1	9	62	-9.3696472e+01
0	1	9	63	5.4351151e+01
0	1	10	0	-1.0292467e+03
0	1	10	1	-1.1245524e+03
0	1	10	2	-1.0729575e+03
0	1	10	3	-1.0281323e+03
0	1	10	4	-1.2003129e+03
0	1	10	5	-1.1232903e+03
0	1	10	6	-1.2636097e+03
0	1	10	7	-1.0181908e+03
0	1	10	8	-1.0966566e+03
0	1	10	9	-1.1326871e+03
0	1	10	10	-1.1736702e+03
0	1	10	11	-1.1421271e+03
0	1	10	12	-1.2428578e+03
0	1	10	13	-1.1765984e+03
0	1	10	14	-1.0589637e+03
0	1	10	15	-1.1272563e+03
0	1	10	16	-1.2187561e+03
0	1	10	17	-1.3383566e+03
0	1	10	18	-1.1670544e+03
0	1	10	19	-1.2979137e+03
0	1	10	20	-1.0659451e+03
0	1	10	21	-1.1549135e+03
0	1	10	22	-1.2420366e+03
0	1	10	23	-1.2826769e+03
0	1	10	24	-1.3442374e+03
0	1	10	25	-1.2531648e+03
0	1	10	26	-1.3001941e+03
0	1	10	27	-1.4632208e+03
0	1	10	28	-1.3140092e+03
0	1	10	29	-1.4000216e+03
0	1	10	30	-1.4157469e+03
0	1	10	31	-1.4037987e+03
0	1	10	32	-1.4315464e+03
0	1	10	33	-1.5000986e+03
0	1	10	34	-9.1496002e+02
0	1	10	35	-7.8281189e+02
0	1	10	36	-8.0461627e+02
0	1	10	37	-8.7829498e+02
0	1	10	38	-8.3957990e+02
0	1	10	39	-9.4441791e+02
0	1	10	40	-8.1145892e+02
0	1	10	41	-9.3465735e+02
0	1	10	42	-9.5998499e+02
0	1	10	43	-9.3749652e+02
0	1	10	44	-1.0704094e+03
0	1	10	45	-9.7304266e+02
0	1	10	46	-1.0811674e+03
0	1	10	47	-9.4962732e+02
0	1	10	48	-1.1151705e+03
0	1	10	49	-1.1258627e+03
0	1	10	50	-9.1276691e+02
0	1	10	51	-4.1914877e+02
0	1	10	52	-3.5906021e+02
0	1	10	53	-7.3264923e+02
0	1	10	54	-7.4513501e+02
0	1	10	55	-8.8301208e+02
0	1	10	56	-6.5712585e+02
0	1	10	57	-4.1920975e+02
0	1	10	58	-5.5464215e+02
0	1	10	59	-6.4022986e+02
0	1	10	60	-8.3456677e+02
0	1	10	61	-7.2188745e+02
0	1	10	62	-5.9647998e+02
0	1	10	63	-7.6689062e+02
0	1	11	0	-1.2743883e+03
0	1	11	1	-1.2143031e+03
0	1	11	2	-1.0771570e+03
0	1	11	3	-1.2236228e+03
0	1	11	4	-1.0585121e+03
0	1	11	5	-1.3232104e+03
0	1	11	6	-1.1420259e+03
0	1	11	7	-1.3230204e+03
0	1	11	8	-1.2824600e+03
0	1	11	9	-1.0000532e+03
0	1	11	10	-1.3054294e+03
0	1	11	11	-9.8389703e+02
0	1	11	12	-1.2097501e+03
0	1	11	13	-1.1631678e+03
0	1	11	14	-1.2816201e+03
0	1	11	15	-1.2733811e+03
0	1	11	16	-1.5141646e+03
0	1	11	17	-1.5067272e+03
0	1	11	18	-1.4941155e+03
0	1	11	19	-1.4991815e+03
0	1	11	20	-1.4364058e+03
0	1	11	21	-1.4599941e+03
0	1	11	22	-1.3246027e+03
0	1	11	23	-1.2465956e+03
0	1	11	24	-1.3775934e+03
0	1	11	25	-1.3166685e+03
0	1	11	26	-1.2723472e+03
0	1	11	27	-1.2301090e+03
0	1	11	28	-1.3230159e+03
0	1	11	29	-1.2496481e+03
0	1	11	30	-1.2760264e+03
0	1	11	31	-1.2731549e+03
0	1	11	32	-1.3212523e+03
0	1	11	33	-1.3156422e+03
0	1	11	34	-6.3368463e+02
0	1	11	35	-6.5228601e+02
0	1	11	36	-5.2389246e+02
0	1	11	37	-5.0789352e+02
0	1	11	38	-7.0493353e+02
0	1	11	39	-5.5719684e+02
0	1	11	40	-4.6187946e+02
0	1	11	41	-6.0908105e+02
0	1	11	42	-4.3907834e+02
0	1	11	43	-6.0785651e+02
0	1	11	44	-3.9270102e+02
0	1	11	45	-5.1153635e+02
0	1	11	46	-3.8738422e+02
0	1	11	47	-4.4603235e+02
0	1	11	48	-4.1153281e+02
0	1	11	49	-4.4632544e+02
0	1	11	50	-5.4953644e+02
0	1	11	51	3.5308399e+01
0	1	11	52	4.7680511e+01
0	1	11	53	-2.4461746e+02
0	1	11	54	-2.2890761e+02
0	1	11	55	-1.2283054e+02
0	1	11	56	-5.1599812e+01
0	1	11	57	-1.5222426e+02
0	1	11	58	-3.2616241e+02
0	1	11	59	-3.2109695e+02
0	1	11	60	-1.8956056e+02
0	1	11	61	-3.8035199e+02
0	1	11	62	-4.1544339e+02
0	1	11	63	-1.7724356e+02
0	1	12	0	-1.3927222e+03
0	1	12	1	-1.3235221e+03
0	1	12	2	-1.1266305e+03
0	1	12	3	-1.3509792e+03
0	1	12	4	-1.2683467e+03
0	1	12	5	-1.2476146e+03
0	1	12	6	-1.1676804e+03
0	1	12	7	-1.4034631e+03
0	1	12	8	-1.3837350e+03
0	1	12	9	-1.0881854e+03
0	1	12	10	-1.3116489e+03
0	1	12	11	-1.1653784e+03
0	1	12	12	-1.3702767e+03
0	1	12	13	-1.3625802e+03
0	1	12	14	-1.4098446e+03
0	1	12	15	-1.3161953e+03
0	1	12	16	-1.5695522e+03
0	1	12	17	-1.4738711e+03
0	1	12	18	-1.5161410e+03
0	1	12	19	-1.4648782e+03
0	1	12	20	-1.4765361e+03
0	1	12	21	-1.4381558e+03
0	1	12	22	-1.4539500e+03
0	1	12	23	-1.3712573e+03
0	1	12	24	-1.3537212e+03
0	1	12	25	-1.2829504e+03
0	1	12	26	-1.4681486e+03
0	1	12	27	-1.2588379e+03
0	1	12	28	-1.3655508e+03
0	1	12	29	-1.3536611e+03
0	1	12	30	-1.4087578e+03
0	1	12	31	-1.3295312e+03
0	1	12	32	-1.3000214e+03
0	1	12	33	-1.2915316e+03
0	1	12	34	-6.2987720e+02
0	1	12	35	-5.5683978e+02
0	1	12	36	-5.2984607e+02
0	1	12	37	-5.1023984e+02
0	1	12	38	-5.0097327e+02
0	1	12	39	-4.7033865e+02
0	1	12	40	-5.3113068e+02
0	1	12	41	-5.0757938e+02
0	1	12	42	-3.8478387e+02
0	1	12	43	-3.8880792e+02
0	1	12	44	-2.9437466e+02
0	1	12	45	-4.2905356e+02
0	1	12	46	-2.8092633e+02
0	1	12	47	-4.1386218e+02
0	1	12	48	-3.5617499e+02
0	1	12	49	-3.8541565e+02
0	1	12	50	-4.0131247e+02
0	1	12	51	1.9711852e+02
0	1	12	52	2.4975186e+02
0	1	12	53	-1.5911415e+02
0	1	12	54	-1.5937041e+02
0	1	12	55	-1.4956856e+02
0	1	12	56	5.7164398e+01
0	1	12	57	-9.0341225e+01
0	1	12	58	-3.2998904e+02
0	1	12	59	-2.2216228e+02
0	1	12	60	-1.7895543e+02
0	1	12	61	-2.2824347e+02
0	1	12	62	-3.2849475e+02
0	1	12	63	-5.9544033e+01
0	1	13	0	-8.5490063e+02
0	1	13	1	-8.9953943e+02
0	1	13	2	-1.1486373e+03
0	1	13	3	-1.0397017e+03
0	1	13	4	-1.1370005e+03
0	1	13	5	-8.5396161e+02
0	1	13	6	-1.0630873e+03
0	1	13	7	-8.7114771e+02
0	1	13	8	-1.0029512e+03
0	1	13	9	-1.1542997e+03
0	1	13	10	-9.4473859e+02
0	1	13	11	-1.2052467e+03
0	1	13	12	-1.0585697e+03
0	1	13	13	-1.0602422e+03
0	1	13	14	-1.1873456e+03
0	1	13	15	-9.7249469e+02
0	1	13	16	-1.0706230e+03
0	1	13	17	-9.8203760e+02
0	1	13	18	-1.0365419e+03
0	1	13	19	-1.0109033e+03
0	1	13	20	-1.1190917e+03
0	1	13	21	-1.1480520e+03
0	1	13	22	-1.0187720e+03
0	1	13	23	-1.0802568e+03
0	1	13	24	-1.1196138e+03
0	1	13	25	-1.0852389e+03
0	1	13	26	-1.1878124e+03
0	1	13	27	-1.2319702e+03
0	1	13	28	-1.0989226e+03
0	1	13	29	-1.1966497e+03
0	1	13	30	-1.2971257e+03
0	1	13	31	-1.3948228e+03
0	1	13	32	-1.2408123e+03
0	1	13	33	-1.3567661e+03
0	1	13	34	-7.9552618e+02
0	1	13	35	-7.5261932e+02
0	1	13	36	-6.7319647e+02
0	1	13	37	-6.9210693e+02
0	1	13	38	-5.6330536e+02
0	1	13	39	-7.6586444e+02
0	1	13	40	-7.0375189e+02
0	1	13	41	-8.3308838e+02
0	1	13	42	-7.0350256e+02
0	1	13	43	-8.2760425e+02
0	1	13	44	-7.3235486e+02
0	1	13	45	-8.5189838e+02
0	1	13	46	-7.8093091e+02
0	1	13	47	-8.5615454e+02
0	1	13	48	-9.2770514e+02
0	1	13	49	-8.8451874e+02
0	1	13	50	-7.1791541e+02
0	1	13	51	-2.7537833e+02
0	1	13	52	-3.0842719e+02
0	1	13	53	-6.0260870e+02
0	1	13	54	-4.9085587e+02
0	1	13	55	-6.0191528e+02
0	1	13	56	-5.7422418e+02
0	1	13	57	-4.1529144e+02
0	1	13	58	-4.7533255e+02
0	1	13	59	-5.5917938e+02
0	1	13	60	-7.1178967e+02
0	1	13	61	-6.0166864e+02
0	1	13	62	-4.4540659e+02
0	1	13	63	-6.2179388e+02
0	1	14	0	-6.6869611e+02
0	1	14	1	-7.5130823e+02
0	1	14	2	-6.1976300e+02
0	1	14	3	-7.1965881e+02
0	1	14	4	-7.0650714e+02
0	1	14	5	-6.7442230e+02
0	1	14	6	-6.5089221e+02
0	1	14	7	-6.9606848e+02
0	1	14	8	-7.2600769e+02
0	1	14	9	-5.4844519e+02
0	1	14	10	-7.5059534e+02
0	1	14	11	-5.7115381e+02
0	1	14	12	-8.2676630e+02
0	1	14	13	-7.0975049e+02
0	1	14	14	-7.9075781e+02
0	1	14	15	-8.3521808e+02
0	1	14	16	-8.9763635e+02
0	1	14	17	-8.8978326e+02
0	1	14	18	-8.5482599e+02
0	1	14	19	-8.9357648e+02
0	1	14	20	-8.6296246e+02
0	1	14	21	-8.4852997e+02
0	1	14	22	-8.1264288e+02
0	1	14	23	-8.5093268e+02
0	1	14	24	-9.0814990e+02
0	1	14	25	-7.3767224e+02
0	1	14	26	-8.4892828e+02
0	1	14	27	-7.2971753e+02
0	1	14	28	-8.0477704e+02
0	1	14	29	-7.6324768e+02
0	1	14	30	-8.3330536e+02
0	1	14	31	-8.0853833e+02
0	1	14	32	-8.2698413e+02
0	1	14	33	-7.5048700e+02
0	1	14	34	-6.9746994e+01
0	1	14	35	-8.2136780e+01
0	1	14	36	1.1749573e+01
0	1	14	37	4.5434673e+01
0	1	14	38	-2.0385731e+01
0	1	14	39	8.6726830e+01
0	1	14	40	2.9436719e+00
0	1	14	41	1.2851761e+01
0	1	14	42	3.6739872e+01
0	1	14	43	3.1704569e+01
0	1	14	44	2.1665479e+02
0	1	14	45	4.4391018e+01
0	1	14	46	1.9428946e+02
0	1	14	47	6.7874496e+01
0	1	14	48	9.5541206e+01
0	1	14	49	9.6656235e+01
0	1	14	50	1.6674776e+02
0	1	14	51	6.7684985e+02
0	1	14	52	7.6862549e+02
0	1	14	53	3.4579007e+02
0	1	14	54	3.0968466e+02
0	1	14	55	4.0646359e+02
0	1	14	56	5.8029547e+02
0	1	14	57	4.8722412e+02
0	1	14	58	2.8415790e+02
0	1	14	59	3.3805960e+02
0	1	14	60	3.9224857e+02
0	1	14	61	3.4161459e+02
0	1	14	62	2.4459485e+02
0	1	14	63	3.8534238e+02
0	1	15	0	-5.2225714e+02
0	1	15	1	-7.1128394e+02
0	1	15	2	-7.5012555e+02
0	1	15	3	-7.2990637e+02
0	1	15	4	-8.5774683e+02
0	1	15	5	-6.1705975e+02
0	1	15	6	-6.8089929e+02
0	1	15	7	-6.2781451e+02
0	1	15	8	-7.7639838e+02
0	1	15	9	-8.4631207e+02
0	1	15	10	-7.0003387e+02
0	1	15	11	-8.9247833e+02
0	1	15	12	-7.8696204e+02
0	1	15	13	-7.3833154e+02
0	1	15	14	-8.5902026e+02
0	1	15	15	-7.8064484e+02
0	1	15	16	-7.5811768e+02
0	1	15	17	-6.8810187e+02
0	1	15	18	-8.3076123e+02
0	1	15	19	-7.7393158e+02
0	1	15	20	-7.8673053e+02
0	1	15	21	-7.9707507e+02
0	1	15	22	-7.4878064e+02
0	1	15	23	-7.1245142e+02
0	1	15	24	-8.4181244e+02
0	1	15	25	-7.9895117e+02
0	1	15	26	-9.6241333e+02
0	1	15	27	-8.6431305e+02
0	1	15	28	-7.8855090e+02
0	1	15	29	-9.1149146e+02
0	1	15	30	-9.3541913e+02
0	1	15	31	-9.2284100e+02
0	1	15	32	-1.0325309e+03
0	1	15	33	-1.0171708e+03
0	1	15	34	-2.4181683e+02
0	1	15	35	-3.9927573e+02
0	1	15	36	-2.5133830e+02
0	1	15	37	-3.0704218e+02
0	1	15	38	-2.9897778e+02
0	1	15	39	-3.2658636e+02
0	1	15	40	-3.4467749e+02
0	1	15	41	-4.2647476e+02
0	1	15	42	-3.7428433e+02
0	1	15	43	-3.7007294e+02
0	1	15	44	-3.9528503e+02
0	1	15	45	-4.4930222e+02
0	1	15	46	-4.0388187e+02
0	1	15	47	-4.3008569e+02
0	1	15	48	-4.0089420e+02
0	1	15	49	-4.4175906e+02
0	1	15	50	-2.9813083e+02
0	1	15	51	2.7496481e+02
0	1	15	52	2.0029453e+02
0	1	15	53	-1.2176133e+02
0	1	15	54	-1.1933267e+02
0	1	15	55	-1.4282152e+02
0	1	15	56	-1.3463452e+01
0	1	15	57	3.3493797e+01
0	1	15	58	-2.8717379e+01
0	1	15	59	-2.1178015e+01
0	1	15	60	-1.2502191e+02
0	1	15	61	-2.0532950e+02
0	1	15	62	-1.1182281e+02
0	1	15	63	-1.4614938e+02
0	2	0	0	-1.1752872e+02
0	2	0	1	-1.9639008e+02
0	2	0	2	-1.1327592e+02
0	2	0	3	-8.7009804e+01
0	2	0	4	-2.5599551e+02
0	2	0	5	-1.8703246e+02
0	2	0	6	-2.2757091e+02
0	2	0	7	-8.5423271e+01
0	2	0	8	-1.1148900e+02
0	2	0	9	-4.7626740e+01
0	2	0	10	-1.7370572e+02
0	2	0	11	-2.1223927e+02
0	2	0	12	-2.7427817e+02
0	2	0	13	-2.0199573e+02
0	2	0	14	-1.3403467e+02
0	2	0	15	-1.5426492e+02
0	2	0	16	-2.7695450e+02
0	2	0	17	-3.6303229e+02
0	2	0	18	-3.2457645e+02
0	2	0	19	-2.5845984e+02
0	2	0	20	-1.5636743e+02
0	2	0	21	-2.9017001e+02
0	2	0	22	-2.8474033e+02
0	2	0	23	-2.3088051e+02
0	2	0	24	-3.4409302e+02
0	2	0	25	-3.6324731e+02
0	2	0	26	-4.4601428e+02
0	2	0	27	-3.9928171e+02
0	2	0	28	-3.6108197e+02
0	2	0	29	-3.4524625e+02
0	2	0	30	-3.3430145e+02
0	2	0	31	-4.0247897e+02
0	2	0	32	-4.4121866e+02
0	2	0	33	-4.1316299e+02
0	2	0	34	2.2850714e+02
0	2	0	35	1.8781454e+02
0	2	0	36	1.6097876e+02
0	2	0	37	1.6173409e+02
0	2	0	38	1.8952756e+02
0	2	0	39	1.7883226e+02
0	2	0	40	9.8889572e+01
0	2	0	41	1.4446700e+02
0	2	0	42	2.2339032e+02
0	2	0	43	1.2406081e+02
0	2	0	44	1.8033032e+02
0	2	0	45	1.1201488e+02
0	2	0	46	1.4161656e+02
0	2	0	47	1.2927980e+02
0	2	0	48	1.5309464e+02
0	2	0	49	5.8003510e+01
0	2	0	50	2.3052487e+02
0	2	0	51	6.9964539e+02
0	2	0	52	7.1185040e+02
0	2	0	53	3.3644949e+02
0	2	0	54	5.0214551e+02
0	2	0	55	4.0299271e+02
0	2	0	56	5.4571484e+02
0	2	0	57	5.9537549e+02
0	2	0	58	5.2371509e+02
0	2	0	59	4.5858395e+02
0	2	0	60	4.2985599e+02
0	2	0	61	3.2261185e+02
0	2	0	62	4.8442871e+02
0	2	0	63	4.0778192e+02
0	2	1	0	-3.1723392e+02
0	2	1	1	-3.2683038e+02
0	2	1	2	-3.6839600e+02
0	2	1	3	-3.3245425e+02
0	2	1	4	-4.0048520e+02
0	2	1	5	-3.6718243e+02
0	2	1	6	-4.2338361e+02
0	2	1	7	-4.2992145e+02
0	2	1	8	-3.8514725e+02
0	2	1	9	-2.9360535e+02
0	2	1	10	-5.2109967e+02
0	2	1	11	-3.6567575e+02
0	2	1	12	-4.4647015e+02
0	2	1	13	-3.4582123e+02
0	2	1	14	-5.3878717e+02
0	2	1	15	-5.1648932e+02
0	2	1	16	-5.5381494e+02
0	2	1	17	-5.0669525e+02
0	2	1	18	-5.0332846e+02
0	2	1	19	-4.9381824e+02
0	2	1	20	-5.6746936e+02
0	2	1	21	-5.0368420e+02
0	2	1	22	-4.9788522e+02
0	2	1	23	-4.6679721e+02
0	2	1	24	-5.3582587e+02
0	2	1	25	-4.7952463e+02
0	2	1	26	-5.4956421e+02
0	2	1	27	-4.7776215e+02
0	2	1	28	-4.9983566e+02
0	2	1	29	-4.9565738e+02
0	2	1	30	-4.8526703e+02
0	2	1	31	-5.0293314e+02
0	2	1	32	-5.6711890e+02
0	2	1	33	-5.1126364e+02
0	2	1	34	1.3657098e+02
0	2	1	35	4.0612621e+01
0	2	1	36	1.2716482e+02
0	2	1	37	1.5334996e+02
0	2	1	38	1.5957973e+02
0	2	1	39	1.7056139e+02
0	2	1	40	2.0073897e+02
0	2	1	41	1.7952333e+02
0	2	1	42	1.9350073e+02
0	2	1	43	1.8797580e+02
0	2	1	44	2.3374031e+02
0	2	1	45	1.5614470e+02
0	2	1	46	1.9166881e+02
0	2	1	47	9.4313728e+01
0	2	1	48	1.5802603e+02
0	2	1	49	2.5278624e+02
0	2	1	50	1.7340157e+02
0	2	1	51	7.1590973e+02
0	2	1	52	7.6416699e+02
0	2	1	53	3.8573203e+02
0	2	1	54	3.9998138e+02
0	2	1	55	4.4317151e+02
0	2	1	56	6.2222461e+02
0	2	1	57	5.7325330e+02
0	2	1	58	4.2174487e+02
0	2	1	59	4.4011176e+02
0	2	1	60	4.5431314e+02
0	2	1	61	3.2507767e+02
0	2	1	62	3.6416541e+02
0	2	1	63	5.3954999e+02
0	2	2	0	-6.8654518e+01
0	2	2	1	-2.1032568e+02
0	2	2	2	-6.0117874e+01
0	2	2	3	-1.7904362e+02
0	2	2	4	-2.0058701e+02
0	2	2	5	-1.6586209e+02
0	2	2	6	-2.0381087e+02
0	2	2	7	-1.0668727e+02
0	2	2	8	-1.5404131e+02
0	2	2	9	-1.1672708e+02
0	2	2	10	-2.3816382e+02
0	2	2	11	-1.1521655e+02
0	2	2	12	-2.2332692e+02
0	2	2	13	-1.8836034e+02
0	2	2	14	-1.6282605e+02
0	2	2	15	-1.1888566e+02
0	2	2	16	-2.7780344e+02
0	2	2	17	-2.4679204e+02
0	2	2	18	-3.1285056e+02
0	2	2	19	-3.0968097e+02
0	2	2	20	-2.0859532e+02
0	2	2	21	-2.4638904e+02
0	2	2	22	-2.0972287e+02
0	2	2	23	-2.8481143e+02
0	2	2	24	-3.2901465e+02
0	2	2	25	-2.8477185e+02
0	2	2	26	-3.9846698e+02
0	2	2	27	-4.2135477e+02
0	2	2	28	-2.8293298e+02
0	2	2	29	-4.1786774e+02
0	2	2	30	-3.1109903e+02
0	2	2	31	-3.4700751e+02
0	2	2	32	-3.7469595e+02
0	2	2	33	-4.3172052e+02
0	2	2	34	2.5056084e+02
0	2	2	35	2.8880286e+02
0	2	2	36	2.1895593e+02
0	2	2	37	3.1884570e+02
0	2	2	38	2.7133670e+02
0	2	2	39	2.6309760e+02
0	2	2	40	2.5983545e+02
0	2	2	41	2.5357790e+02
0	2	2	42	2.8525659e+02
0	2	2	43	4.2400204e+02
0	2	2	44	4.3371786e+02
0	2	2	45	4.3727618e+02
0	2	2	46	3.5670984e+02
0	2	2	47	3.7289041e+02
0	2	2	48	3.9687537e+02
0	2	2	49	3.6993646e+02
0	2	2	50	3.2028015e+02
0	2	2	51	9.3761719e+02
0	2	2	52	1.0370123e+03
0	2	2	53	6.4331018e+02
0	2	2	54	6.4711353e+02
0	2	2	55	6.6327972e+02
0	2	2	56	8.0275128e+02
0	2	2	57	6.8165796e+02
0	2	2	58	6.2048505e+02
0	2	2	59	5.5990833e+02
0	2	2	60	6.2652112e+02
0	2	2	61	6.0439709e+02
0	2	2	62	5.7450464e+02
0	2	2	63	7.0258057e+02
0	2	3	0	-3.2382254e+02
0	2	3	1	-2.6153339e+02
0	2	3	2	-2.6051511e+02
0	2	3	3	-3.2361429e+02
0	2	3	4	-2.5402333e+02
0	2	3	5	-2.5539479e+02
0	2	3	6	-2.9792560e+02
0	2	3	7	-2.4665144e+02
0	2	3	8	-3.2213620e+02
0	2	3	9	-2.4990651e+02
0	2	3	10	-3.7063177e+02
0	2	3	11	-2.8428580e+02
0	2	3	12	-3.5333600e+02
0	2	3	13	-3.7205722e+02
0	2	3	14	-4.5061792e+02
0	2	3	15	-3.4033463e+02
0	2	3	16	-3.8332846e+02
0	2	3	17	-3.3235214e+02
0	2	3	18	-4.4705008e+02
0	2	3	19	-2.5321135e+02
0	2	3	20	-4.5072583e+02
0	2	3	21	-3.9755344e+02
0	2	3	22	-2.2936801e+02
0	2	3	23	-2.6161288e+02
0	2	3	24	-4.6722269e+02
0	2	3	25	-2.6300931e+02
0	2	3	26	-3.9499890e+02
0	2	3	27	-3.9456519e+02
0	2	3	28	-2.5521397e+02
0	2	3	29	-2.7687210e+02
0	2	3	30	-3.1011682e+02
0	2	3	31	-4.2999408e+02
0	2	3	32	-4.2166470e+02
0	2	3	33	-3.9232516e+02
0	2	3	34	4.0960950e+02
0	2	3	35	2.6266959e+02
0	2	3	36	3.7520105e+02
0	2	3	37	4.8820685e+02
0	2	3	38	3.1761884e+02
0	2	3	39	4.1962073e+02
0	2	3	40	4.9652124e+02
0	2	3	41	2.9351248e+02
0	2	3	42	5.9164563e+02
0	2	3	43	3.4333835e+02
0	2	3	44	4.1942944e+02
0	2	3	45	2.9958777e+02
0	2	3	46	4.2279114e+02
0	2	3	47	3.5918631e+02
0	2	3	48	4.1241693e+02
0	2	3	49	4.8778793e+02
0	2	3	50	4.0059454e+02
0	2	3	51	8.9091333e+02
0	2	3	52	8.7618372e+02
0	2	3	53	5.9754755e+02
0	2	3	54	6.7874207e+02
0	2	3	55	6.0748798e+02
0	2	3	56	7.9387152e+02
0	2	3	57	7.2952869e+02
0	2	3	58	5.7460315e+02
0	2	3	59	5.8337952e+02
0	2	3	60	5.7736963e+02
0	2	3	61	6.1425830e+02
0	2	3	62	4.7030673e+02
0	2	3	63	6.1658789e+02
0	2	4	0	5.6163128e+01
0	2	4	1	1.3566912e+01
0	2	4	2	4.8651043e+01
0	2	4	3	7.1703560e+01
0	2	4	4	-9.0997276e+01
0	2	4	5	9.7997179e+00
0	2	4	6	-7.8921539e+01
0	2	4	7	1.5631406e+02
0	2	4	8	-4.5459433e+00
0	2	4	9	7.6924095e+01
0	2	4	10	-4.7136597e+01
0	2	4	11	1.4204924e+01
0	2	4	12	-3.7746414e+01
0	2	4	13	-2.0907162e+01
0	2	4	14	7.3589142e+01
0	2	4	15	1.5036581e+02
0	2	4	16	-1.9991749e+01
0	2	4	17	-6.2000008e+01
0	2	4	18	7.0349741e+00
0	2	4	19	-1.1383595e+02
0	2	4	20	-2.3202496e+01
0	2	4	21	5.3195019e+01
0	2	4	22	-9.2349854e+00
0	2	4	23	-8.7328842e+01
0	2	4	24	-1.6380267e+02
0	2	4	25	-9.4656197e+01
0	2	4	26	-1.0307423e+02
0	2	4	27	-2.2276776e+02
0	2	4	28	-1.0132421e+02
0	2	4	29	-7.1693924e+01
0	2	4	30	4.5839310e+01
0	2	4	31	-1.0067509e+02
0	2	4	32	-2.2025224e+02
0	2	4	33	-1.5565550e+02
0	2	4	34	4.0628909e+02
0	2	4	35	5.9463531e+02
0	2	4	36	6.1432672e+02
0	2	4	37	5.1449738e+02
0	2	4	38	4.4556512e+02
0	2	4	39	6.1240057e+02
0	2	4	40	5.0188580e+02
0	2	4	41	4.5384180e+02
0	2	4	42	5.0732883e+02
0	2	4	43	4.8108548e+02
0	2	4	44	5.3848907e+02
0	2	4	45	4.2959607e+02
0	2	4	46	5.2399011e+02
0	2	4	47	4.6424619e+02
0	2	4	48	4.8328949e+02
0	2	4	49	4.7064102e+02
0	2	4	50	5.5943170e+02
0	2	4	51	1.0681732e+03
0	2	4	52	1.0662867e+03
0	2	4	53	6.8968396e+02
0	2	4	54	6.9746259e+02
0	2	4	55	7.5989520e+02
0	2	4	56	9.0717688e+02
0	2	4	57	8.9547351e+02
0	2	4	58	7.5947137e+02
0	2	4	59	7.7042560e+02
0	2	4	60	7.7651691e+02
0	2	4	61	6.4531183e+02
0	2	4	62	7.2374591e+02
0	2	4	63	6.8842273e+02
0	2	5	0	9.4438202e+01
0	2	5	1	5.1528004e+01
0	2	5	2	7.9254562e+01
0	2	5	3	-8.0433365e+01
0	2	5	4	2.1230824e+01
0	2	5	5	4.0673500e+01
0	2	5	6	2.3245403e+01
0	2	5	7	3.6093353e+01
0	2	5	8	-5.8816296e+01
0	2	5	9	5.0647144e+01
0	2	5	10	-5.6872074e+01
0	2	5	11	-2.4677988e+01
0	2	5	12	-1.2976097e+02
0	2	5	13	-1.3068116e+01
0	2	5	14	-1.4833925e+02
0	2	5	15	-6.2532158e+01
0	2	5	16	-2.4197440e+02
0	2	5	17	-1.7209543e+02
0	2	5	18	-2.1708438e+02
0	2	5	19	-1.4819347e+02
0	2	5	20	-1.8387599e+02
0	2	5	21	-1.6025046e+02
0	2	5	22	-1.2762038e+02
0	2	5	23	-1.1091415e+02
0	2	5	24	-1.8558147e+02
0	2	5	25	-1.8227510e+02
0	2	5	26	-2.3656975e+02
0	2	5	27	-1.4139359e+02
0	2	5	28	-1.4457570e+02
0	2	5	29	-1.4963330e+02
0	2	5	30	-1.3816472e+02
0	2	5	31	-1.7171613e+02
0	2	5	32	-1.9989049e+02
0	2	5	33	-6.4965027e+01
0	2	5	34	5.3896326e+02
0	2	5	35	4.9818826e+02
0	2	5	36	5.1599768e+02
0	2	5	37	5.5023889e+02
0	2	5	38	4.8547333e+02
0	2	5	39	5.0389990e+02
0	2	5	40	5.7597797e+02
0	2	5	41	5.5595197e+02
0	2	5	42	6.8497937e+02
0	2	5	43	5.4993512e+02
0	2	5	44	6.3896655e+02
0	2	5	45	6.2212610e+02
0	2	5	46	5.8330542e+02
0	2	5	47	5.8909290e+02
0	2	5	48	5.9827271e+02
0	2	5	49	5.9281146e+02
0	2	5	50	5.9225049e+02
0	2	5	51	1.1223442e+03
0	2	5	52	1.1695776e+03
0	2	5	53	7.8535156e+02
0	2	5	54	8.5290314e+02
0	2	5	55	8.9168054e+02
0	2	5	56	9.4076666e+02
0	2	5	57	9.1370001e+02
0	2	5	58	7.8830255e+02
0	2	5	59	7.6802057e+02
0	2	5	60	9.0518610e+02
0	2	5	61	7.7427600e+02
0	2	5	62	8.4678046e+02
0	2	5	63	8.3289374e+02
0	2	6	0	1.2743197e+02
0	2	6	1	3.3760818e+01
0	2	6	2	1.0031021e+02
0	2	6	3	8.0282295e+01
0	2	6	4	2.1435566e+01
0	2	6	5	3.4915154e+01
0	2	6	6	-1.5422365e+01
0	2	6	7	1.9402890e+02
0	2	6	8	4.5856785e+01
0	2	6	9	5.1705597e+01
0	2	6	10	-2.1743427e+01
0	2	6	11	8.5662445e+01
0	2	6	12	-8.4342926e+01
0	2	6	13	3.1342989e+01
0	2	6	14	2.2227625e+02
0	2	6	15	3.5137269e+00
0	2	6	16	2.4231495e+01
0	2	6	17	-9.2645348e+01
0	2	6	18	1.4632880e+02
0	2	6	19	-8.8344765e+01
0	2	6	20	-5.1736420e+02
0	2	6	21	7.4247551e+01
0	2	6	22	-1.3299712e+02
0	2	6	23	-9.1515709e+01
0	2	6	24	-1.4915924e+02
0	2	6	25	-4.2632786e+01
0	2	6	26	-1.7418549e+02
0	2	6	27	-1.5282515e+02
0	2	6	28	-9.2671234e+01
0	2	6	29	-1.5419528e+02
0	2	6	30	-8.6120155e+01
0	2	6	31	-1.5980779e+02
0	2	6	32	-2.5045279e+02
0	2	6	33	-2.0664935e+02
0	2	6	34	3.8075467e+02
0	2	6	35	4.6845917e+02
0	2	6	36	4.2820486e+02
0	2	6	37	5.2579889e+02
0	2	6	38	4.7256012e+02
0	2	6	39	4.7575299e+02
0	2	6	40	3.8212643e+02
0	2	6	41	4.8207614e+02
0	2	6	42	4.9138083e+02
0	2	6	43	4.8064087e+02
0	2	6	44	4.7863397e+02
0	2	6	45	3.9830075e+02
0	2	6	46	1.5367006e+02
0	2	6	47	3.7536334e+02
0	2	6	48	4.3488348e+02
0	2	6	49	3.5493106e+02
0	2	6	50	4.5500806e+02
0	2	6	51	1.0447755e+03
0	2	6	52	9.2547009e+02
0	2	6	53	6.7043427e+02
0	2	6	54	6.1094348e+02
0	2	6	55	6.8928265e+02
0	2	6	56	8.1831281e+02
0	2	6	57	8.6345721e+02
0	2	6	58	7.4282153e+02
0	2	6	59	7.2573547e+02
0	2	6	60	7.5501190e+02
0	2	6	61	5.9610895e+02
0	2	6	62	6.4185046e+02
0	2	6	63	7.4888379e+02
0	2	7	0	1.0240167e+02
0	2	7	1	6.6481255e+01
0	2	7	2	-8.5937634e+00
0	2	7	3	9.0859367e+01
0	2	7	4	2.4769691e+01
0	2	7	5	3.0619775e+02
0	2	7	6	1.1495499e+02
0	2	7	7	1.7992405e+03
0	2	7	8	1.7152437e+01
0	2	7	9	1.1164268e+02
0	2	7	10	2.0775725e+02
0	2	7	11	1.5984793e+02
0	2	7	12	-6.7884583e+01
0	2	7	13	9.3452599e+01
0	2	7	14	-4.6657574e+01
0	2	7	15	1.1395901e+02
0	2	7	16	-2.2822176e+01
0	2	7	17	7.6624427e+00
0	2	7	18	4.9670911e+00
0	2	7	19	2.4010817e+01
0	2	7	20	4.0835270e+01
0	2	7	21	-2.6040956e+01
0	2	7	22	-6.1461075e+01
0	2	7	23	1.8535965e+01
0	2	7	24	-4.9201492e+01
0	2	7	25	-2.9586788e+01
0	2	7	26	-5.0765709e+01
0	2	7	27	-2.6298126e+01
0	2	7	28	-1.2751595e+01
0	2	7	29	2.3642124e+01
0	2	7	30	-3.4885658e+01
0	2	7	31	-1.2872137e+02
0	2	7	32	-8.9171455e+01
0	2	7	33	7.8995705e-01
0	2	7	34	6.3855115e+02
0	2	7	35	5.9579065e+02
0	2	7	36	6.3063593e+02
0	2	7	37	6.5635553e+02
0	2	7	38	5.7524481e+02
0	2	7	39	5.8197638e+02
0	2	7	40	7.1692010e+02
0	2	7	41	5.4012433e+02
0	2	7	42	6.8737787e+02
0	2	7	43	5.8191345e+02
0	2	7	44	6.1910645e+02
0	2	7	45	5.8701849e+02
0	2	7	46	7.0166571e+02
0	2	7	47	6.2208905e+02
0	2	7	48	5.9750299e+02
0	2	7	49	6.2581097e+02
0	2	7	50	6.2376312e+02
0	2	7	51	1.1641040e+03
0	2	7	52	1.2141239e+03
0	2	7	53	7.8461621e+02
0	2	7	54	9.0499841e+02
0	2	7	55	9.1538458e+02
0	2	7	56	1.1684048e+03
0	2	7	57	1.0074769e+03
0	2	7	58	8.2533484e+02
0	2	7	59	8.7642596e+02
0	2	7	60	9.2267230e+02
0	2	7	61	7.5799097e+02
0	2	7	62	7.7735510e+02
0	2	7	63	9.6554053e+02
0	2	8	0	1.2972629e+02
0	2	8	1	-4.7590346e+00
0	2	8	2	5.8967163e+01
0	2	8	3	3.1706831e+01
0	2	8	4	-1.0640262e+02
0	2	8	5	-4.5142540e+01
0	2	8	6	-1.4286162e+02
0	2	8	7	2.0202501e+01
0	2	8	8	-3.6908791e+01
0	2	8	9	-4.5029800e+01
0	2	8	10	-1.9318623e+02
0	2	8	11	4.3581905e+01
0	2	8	12	-1.6590736e+02
0	2	8	13	-4.3200592e+01
0	2	8	14	3.4458038e+01
0	2	8	15	-7.9710808e+01
0	2	8	16	-8.6195122e+01
0	2	8	17	-1.8342633e+02
0	2	8	18	-6.0341866e+01
0	2	8	19	-8.1789688e+01
0	2	8	20	-4.4277069e+01
0	2	8	21	-7.1489464e+01
0	2	8	22	-1.6032266e+02
0	2	8	23	-1.9351377e+01
0	2	8	24	-2.2221675e+02
0	2	8	25	-1.6227960e+02
0	2	8	26	-1.6913484e+02
0	2	8	27	-2.6267560e+02
0	2	8	28	-1.7790346e+02
0	2	8	29	-3.0323349e+02
0	2	8	30	-2.9147687e+02
0	2	8	31	-1.9593793e+02
0	2	8	32	-2.1386044e+02
0	2	8	33	-3.1024173e+02
0	2	8	34	3.0001346e+02
0	2	8	35	3.7666785e+02
0	2	8	36	3.8721860e+02
0	2	8	37	4.8182712e+02
0	2	8	38	4.4223926e+02
0	2	8	39	3.8304565e+02
0	2	8	40	3.3731226e+02
0	2	8	41	4.1358664e+02
0	2	8	42	4.1982785e+02
0	2	8	43	3.3837704e+02
0	2	8	44	3.5160403e+02
0	2	8	45	3.5988406e+02
0	2	8	46	4.4965607e+02
0	2	8	47	3.8052335e+02
0	2	8	48	4.8392416e+02
0	2	8	49	4.1116483e+02
0	2	8	50	4.0712939e+02
0	2	8	51	9.9435663e+02
0	2	8	52	1.0283066e+03
0	2	8	53	6.3512488e+02
0	2	8	54	6.1665717e+02
0	2	8	55	5.8071747e+02
0	2	8	56	7.2927966e+02
0	2	8	57	7.9873273e+02
0	2	8	58	7.9773615e+02
0	2	8	59	7.2585736e+02
0	2	8	60	5.9873572e+02
0	2	8	61	5.7971759e+02
0	2	8	62	6.1366742e+02
0	2	8	63	6.5798584e+02
0	2	9	0	7.4715279e+01
0	2	9	1	1.2840134e+02
0	2	9	2	1.1454856e+02
0	2	9	3	3.5054192e+01
0	2	9	4	1.6042923e+02
0	2	9	5	3.7227074e+01
0	2	9	6	1.0819640e+02
0	2	9	7	1.3442693e+02
0	2	9	8	3.7722866e+01
0	2	9	9	1.1289806e+02
0	2	9	10	2.2451973e+01
0	2	9	11	1.5849197e+02
0	2	9	12	-3.1707140e+01
0	2	9	13	5.9959938e+01
0	2	9	14	1.1723367e+02
0	2	9	15	3.5455818e+01
0	2	9	16	-1.3319692e+01
0	2	9	17	6.9340668e+00
0	2	9	18	-8.6975983e+01
0	2	9	19	-4.2985626e+01
0	2	9	20	-5.0556656e+01
0	2	9	21	3.0753815e+01
0	2	9	22	1.1235981e+02
0	2	9	23	-1.7883606e+01
0	2	9	24	-7.5734955e+01
0	2	9	25	3.7781826e+01
0	2	9	26	-1.3195361e+02
0	2	9	27	-1.3709401e+00
0	2	9	28	6.0024872e+01
0	2	9	29	-2.2524471e+01
0	2	9	30	-9.6721054e+01
0	2	9	31	-1.9626337e+01
0	2	9	32	-5.1477692e+01
0	2	9	33	9.3169327e+01
0	2	9	34	6.5035162e+02
0	2	9	35	6.2083636e+02
0	2	9	36	6.3121893e+02
0	2	9	37	6.7310144e+02
0	2	9	38	6.0871674e+02
0	2	9	39	7.4309332e+02
0	2	9	40	6.4631757e+02
0	2	9	41	5.5951282e+02
0	2	9	42	7.4025372e+02
0	2	9	43	5.8920697e+02
0	2	9	44	7.2468781e+02
0	2	9	45	6.7232648e+02
0	2	9	46	7.3106958e+02
0	2	9	47	6.3697577e+02
0	2	9	48	7.7909308e+02
0	2	9	49	6.0455182e+02
0	2	9	50	7.3851324e+02
0	2	9	51	1.2319252e+03
0	2	9	52	1.2266490e+03
0	2	9	53	8.7795410e+02
0	2	9	54	9.3485675e+02
0	2	9	55	9.3560864e+02
0	2	9	56	1.0295750e+03
0	2	9	57	1.0208743e+03
0	2	9	58	9.5359131e+02
0	2	9	59	9.2423468e+02
0	2	9	60	9.5477332e+02
0	2	9	61	8.3552094e+02
0	2	9	62	8.0639685e+02
0	2	9	63	8.9918964e+02
0	2	10	0	-2.7718609e+01
0	2	10	1	-3.9206940e+01
0	2	10	2	2.9653481e+01
0	2	10	3	-2.5844908e+00
0	2	10	4	-1.4470073e+02
0	2	10	5	-5.3205025e+01
0	2	10	6	-2.0640073e+02
0	2	10	7	6.1500637e+01
0	2	10	8	-9.4284029e+00
0	2	10	9	-1.1621529e+00
0	2	10	10	-1.2801608e+02
0	2	10	11	-8.7799080e+01
0	2	10	12	-1.9291855e+02
0	2	10	13	-9.9604095e+01
0	2	10	14	-2.9710682e+01
0	2	10	15	-5.4457764e+01
0	2	10	16	-1.7830624e+02
0	2	10	17	-1.6751013e+02
0	2	10	18	-1.1060941e+02
0	2	10	19	-2.0254828e+02
0	2	10	20	-1.4445779e+02
0	2	10	21	-7.5073837e+01
0	2	10	22	-1.4430112e+02
0	2	10	23	-1.5299327e+02
0	2	10	24	-1.8658231e+02
0	2	10	25	-1.1031715e+02
0	2	10	26	-2.4660272e+02
0	2	10	27	-2.2068321e+02
0	2	10	28	-1.8841081e+02
0	2	10	29	-2.3624072e+02
0	2	10	30	-1.7650095e+02
0	2	10	31	-1.8495578e+02
0	2	10	32	-2.8851627e+02
0	2	10	33	-2.9463202e+02
0	2	10	34	4.0141806e+02
0	2	10	35	4.1090829e+02
0	2	10	36	3.8907559e+02
0	2	10	37	4.0008890e+02
0	2	10	38	2.8115952e+02
0	2	10	39	4.4369504e+02
0	2	10	40	3.6671768e+02
0	2	10	41	3.8996011e+02
0	2	10	42	4.7544556e+02
0	2	10	43	8.9141144e+02
0	2	10	44	4.5637961e+02
0	2	10	45	3.0503488e+02
0	2	10	46	1.3810215e+03
0	2	10	47	3.7535739e+02
0	2	10	48	4.0770966e+02
0	2	10	49	3.6244714e+02
0	2	10	50	4.8512372e+02
0	2	10	51	8.8189435e+02
0	2	10	52	9.3368042e+02
0	2	10	53	6.4140546e+02
0	2	10	54	5.8349353e+02
0	2	10	55	6.4056726e+02
0	2	10	56	8.2058105e+02
0	2	10	57	8.0839282e+02
0	2	10	58	6.7815881e+02
0	2	10	59	6.1362964e+02
0	2	10	60	6.6241956e+02
0	2	10	61	6.3990240e+02
0	2	10	62	6.6050250e+02
0	2	10	63	6.5500012e+02
0	2	11	0	-1.5677306e+02
0	2	11	1	-9.4629753e+01
0	2	11	2	-6.9628654e+01
0	2	11	3	-1.6468694e+02
0	2	11	4	-1.6112903e+02
0	2	11	5	-1.0562361e+02
0	2	11	6	-9.6527077e+01
0	2	11	7	-4.5588280e+01
0	2	11	8	-1.5824820e+02
0	2	11	9	-5.3890610e+01
0	2	11	10	-1.9634216e+02
0	2	11	11	-1.4507819e+02
0	2	11	12	-1.7083287e+02
0	2	11	13	-1.3202191e+02
0	2	11	14	-1.7830629e+02
0	2	11	15	-1.3267317e+02
0	2	11	16	-2.5264273e+02
0	2	11	17	-1.5518929e+02
0	2	11	18	-2.0573772e+02
0	2	11	19	-1.0935400e+02
0	2	11	20	-3.1403915e+02
0	2	11	21	-2.4050395e+02
0	2	11	22	-2.1107307e+02
0	2	11	23	4.3696017e+02
0	2	11	24	-2.6830859e+02
0	2	11	25	-2.4367793e+02
0	2	11	26	-2.6478073e+02
0	2	11	27	-1.9946646e+02
0	2	11	28	-2.5356154e+02
0	2	11	29	-2.3809750e+02
0	2	11	30	-2.9200946e+02
0	2	11	31	-3.0976428e+02
0	2	11	32	-3.2685611e+02
0	2	11	33	-2.3209120e+02
0	2	11	34	4.3142740e+02
0	2	11	35	3.4113034e+02
0	2	11	36	3.8060696e+02
0	2	11	37	4.0819327e+02
0	2	11	38	4.2849445e+02
0	2	11	39	4.1903543e+02
0	2	11	40	4.7674820e+02
0	2	11	41	3.5347818e+02
0	2	11	42	4.0794223e+02
0	2	11	43	4.1883936e+02
0	2	11	44	5.5736774e+02
0	2	11	45	3.9444476e+02
0	2	11	46	4.7949991e+02
0	2	11	47	4.2725854e+02
0	2	11	48	4.9481665e+02
0	2	11	49	4.9998126e+02
0	2	11	50	4.6168979e+02
0	2	11	51	1.0418005e+03
0	2	11	52	1.0494413e+03
0	2	11	53	7.5860297e+02
0	2	11	54	7.0773834e+02
0	2	11	55	7.0544025e+02
0	2	11	56	8.1957104e+02
0	2	11	57	8.1099261e+02
0	2	11	58	6.3158160e+02
0	2	11	59	7.0853741e+02
0	2	11	60	6.8540881e+02
0	2	11	61	6.3178430e+02
0	2	11	62	6.7134888e+02
0	2	11	63	7.6199738e+02
0	2	12	0	-1.3872928e+02
0	2	12	1	-2.0183411e+02
0	2	12	2	-1.4021091e+02
0	2	12	3	-1.8299269e+02
0	2	12	4	-2.6075336e+02
0	2	12	5	-2.9428949e+02
0	2	12	6	-3.0359470e+02
0	2	12	7	-1.4943478e+02
0	2	12	8	-2.6334683e+02
0	2	12	9	-2.3267247e+02
0	2	12	10	-3.0207547e+02
0	2	12	11	-2.3704298e+02
0	2	12	12	-3.9127997e+02
0	2	12	13	-2.8116837e+02
0	2	12	14	-2.5645816e+02
0	2	12	15	-2.7005042e+02
0	2	12	16	-3.4680740e+02
0	2	12	17	-4.3366318e+02
0	2	12	18	-3.1242999e+02
0	2	12	19	-4.2260135e+02
0	2	12	20	-2.5505495e+02
0	2	12	21	-3.2907254e+02
0	2	12	22	-3.2367914e+02
0	2	12	23	-3.7846237e+02
0	2	12	24	-5.0092725e+02
0	2	12	25	-3.6017880e+02
0	2	12	26	-4.2824368e+02
0	2	12	27	-4.5157422e+02
0	2	12	28	-3.3741553e+02
0	2	12	29	-4.5417294e+02
0	2	12	30	-4.3580090e+02
0	2	12	31	-4.1432477e+02
0	2	12	32	-4.4298459e+02
0	2	12	33	-4.0810916e+02
0	2	12	34	1.9258064e+02
0	2	12	35	2.1148935e+02
0	2	12	36	2.3029555e+02
0	2	12	37	2.0463406e+02
0	2	12	38	1.9202750e+02
0	2	12	39	2.1086375e+02
0	2	12	40	2.1032509e+02
0	2	12	41	1.5030092e+02
0	2	12	42	2.9360349e+02
0	2	12	43	2.2541525e+02
0	2	12	44	2.6789713e+02
0	2	12	45	2.3112833e+02
0	2	12	46	1.3689626e+02
0	2	12	47	1.8021420e+02
0	2	12	48	1.8105591e+02
0	2	12	49	1.3089572e+02
0	2	12	50	2.7967426e+02
0	2	12	51	7.3746179e+02
0	2	12	52	7.4990540e+02
0	2	12	53	3.3570053e+02
0	2	12	54	4.1065378e+02
0	2	12	55	3.5973331e+02
0	2	12	56	5.0913226e+02
0	2	12	57	5.7688519e+02
0	2	12	58	5.5278888e+02
0	2	12	59	4.1843411e+02
0	2	12	60	4.7098373e+02
0	2	12	61	4.0259454e+02
0	2	12	62	4.8960593e+02
0	2	12	63	4.9611008e+02
0	2	13	0	-1.8200520e+02
0	2	13	1	-5.5795658e+01
0	2	13	2	-7.5097252e+01
0	2	13	3	-1.5267950e+02
0	2	13	4	-1.8482500e+02
0	2	13	5	-1.6075981e+02
0	2	13	6	-1.2236504e+02
0	2	13	7	-1.0993623e+02
0	2	13	8	-2.2564890e+02
0	2	13	9	-9.6020958e+01
0	2	13	10	-1.6422331e+02
0	2	13	11	-1.3503040e+02
0	2	13	12	-2.3356174e+02
0	2	13	13	-1.5227919e+02
0	2	13	14	-3.2167776e+02
0	2	13	15	-2.2371786e+02
0	2	13	16	-2.9522946e+02
0	2	13	17	-2.6468207e+02
0	2	13	18	-3.4960797e+02
0	2	13	19	-3.3391556e+02
0	2	13	20	-3.4505194e+02
0	2	13	21	-3.0607812e+02
0	2	13	22	-2.0599495e+02
0	2	13	23	-2.9543945e+02
0	2	13	24	-3.4821872e+02
0	2	13	25	-2.5214072e+02
0	2	13	26	-3.6527304e+02
0	2	13	27	-3.0927350e+02
0	2	13	28	-2.2139653e+02
0	2	13	29	-2.3261093e+02
0	2	13	30	-2.4037003e+02
0	2	13	31	-3.0280475e+02
0	2	13	32	-3.1437872e+02
0	2	13	33	-3.0719879e+02
0	2	13	34	2.6869757e+02
0	2	13	35	3.2296103e+02
0	2	13	36	3.2877356e+02
0	2	13	37	3.4474567e+02
0	2	13	38	3.6946597e+02
0	2	13	39	3.4398538e+02
0	2	13	40	3.7990378e+02
0	2	13	41	3.8539029e+02
0	2	13	42	3.7319052e+02
0	2	13	43	3.2162695e+02
0	2	13	44	4.1832455e+02
0	2	13	45	2.9083813e+02
0	2	13	46	3.8527557e+02
0	2	13	47	3.6214987e+02
0	2	13	48	4.0179309e+02
0	2	13	49	3.3303055e+02
0	2	13	50	4.0124789e+02
0	2	13	51	8.5271497e+02
0	2	13	52	9.1620612e+02
0	2	13	53	5.6203558e+02
0	2	13	54	6.1983875e+02
0	2	13	55	7.0921283e+02
0	2	13	56	7.7234186e+02
0	2	13	57	7.7231049e+02
0	2	13	58	5.8740521e+02
0	2	13	59	6.5242041e+02
0	2	13	60	6.8322504e+02
0	2	13	61	4.5478973e+02
0	2	13	62	5.4828784e+02
0	2	13	63	6.7377576e+02
0	2	14	0	8.8615853e-01
0	2	14	1	-1.5464810e+02
0	2	14	2	-1.2149908e+02
0	2	14	3	-1.4087041e+02
0	2	14	4	-2.4411589e+02
0	2	14	5	-2.2534688e+02
0	2	14	6	-2.3170901e+02
0	2	14	7	-8.1050995e+01
0	2	14	8	-1.8241484e+02
0	2	14	9	-1.3581770e+02
0	2	14	10	-1.8710332e+02
0	2	14	11	-1.8766783e+02
0	2	14	12	-3.1224341e+02
0	2	14	13	-8.9182121e+01
0	2	14	14	-3.8696171e+01
0	2	14	15	-1.4959152e+02
0	2	14	16	-1.8580685e+02
0	2	14	17	-3.0526328e+02
0	2	14	18	-2.2273100e+02
0	2	14	19	-3.5246448e+02
0	2	14	20	-2.4750127e+02
0	2	14	21	-3.6482491e+01
0	2	14	22	-2.4832571e+02
0	2	14	23	-2.7452097e+02
0	2	14	24	-3.7311343e+02
0	2	14	25	-2.8386823e+02
0	2	14	26	-5.1160709e+02
0	2	14	27	-4.4445779e+02
0	2	14	28	-3.5771146e+02
0	2	14	29	-4.3324219e+02
0	2	14	30	-4.1511444e+02
0	2	14	31	-3.7267975e+02
0	2	14	32	-4.7978967e+02
0	2	14	33	-4.3670685e+02
0	2	14	34	2.1941364e+02
0	2	14	35	2.8110135e+02
0	2	14	36	2.3146883e+02
0	2	14	37	2.0303581e+02
0	2	14	38	3.1746509e+02
0	2	14	39	2.4798416e+02
0	2	14	40	2.8345331e+02
0	2	14	41	1.8445483e+02
0	2	14	42	3.3040234e+02
0	2	14	43	2.2984897e+02
0	2	14	44	3.2763425e+02
0	2	14	45	2.6934915e+02
0	2	14	46	1.9549294e+02
0	2	14	47	2.0381706e+02
0	2	14	48	2.5204288e+02
0	2	14	49	1.9957249e+02
0	2	14	50	3.1882962e+02
0	2	14	51	8.4575574e+02
0	2	14	52	8.3342126e+02
0	2	14	53	4.1975018e+02
0	2	14	54	5.1585077e+02
0	2	14	55	4.4019955e+02
0	2	14	56	6.6129565e+02
0	2	14	57	6.1330499e+02
0	2	14	58	6.1785583e+02
0	2	14	59	4.8712296e+02
0	2	14	60	4.6693414e+02
0	2	14	61	4.6365475e+02
0	2	14	62	5.6352881e+02
0	2	14	63	4.9814874e+02
0	2	15	0	-2.4174551e+02
0	2	15	1	-2.5208263e+02
0	2	15	2	-1.5438014e+02
0	2	15	3	-1.6438367e+02
0	2	15	4	-2.5905576e+02
0	2	15	5	-2.1327292e+02
0	2	15	6	-2.0420602e+02
0	2	15	7	-2.1909241e+02
0	2	15	8	-2.6000647e+02
0	2	15	9	-1.7114389e+02
0	2	15	10	-2.9596365e+02
0	2	15	11	-2.4023036e+02
0	2	15	12	-3.2726163e+02
0	2	15	13	-1.8314795e+02
0	2	15	14	-2.3346616e+02
0	2	15	15	-2.7593997e+02
0	2	15	16	-3.1508240e+02
0	2	15	17	-4.4016486e+02
0	2	15	18	-4.0676413e+02
0	2	15	19	-4.2934979e+02
0	2	15	20	-3.6846622e+02
0	2	15	21	-4.0152527e+02
0	2	15	22	-3.4583051e+02
0	2	15	23	-3.6562897e+02
0	2	15	24	-3.6769357e+02
0	2	15	25	-4.2221048e+02
0	2	15	26	-3.8172253e+02
0	2	15	27	-3.8122061e+02
0	2	15	28	-3.9558365e+02
0	2	15	29	-3.7924887e+02
0	2	15	30	-3.7934750e+02
0	2	15	31	-4.1268668e+02
0	2	15	32	-3.9303668e+02
0	2	15	33	-3.6189566e+02
0	2	15	34	3.1487534e+02
0	2	15	35	2.7320139e+02
0	2	15	36	3.4122778e+02
0	2	15	37	3.5434723e+02
0	2	15	38	2.7041406e+02
0	2	15	39	3.8314157e+02
0	2	15	40	5.0771997e+02
0	2	15	41	2.5826303e+02
0	2	15	42	4.3827167e+02
0	2	15	43	3.0911612e+02
0	2	15	44	5.1291113e+02
0	2	15	45	4.3561432e+02
0	2	15	46	4.2490637e+02
0	2	15	47	3.4312476e+02
0	2	15	48	0.0000000e+00
0	2	15	49	4.7819400e+02
0	2	15	50	3.8937354e+02
0	2	15	51	9.4190881e+02
0	2	15	52	9.4666321e+02
0	2	15	53	5.9258398e+02
0	2	15	54	6.3068378e+02
0	2	15	55	8.8602612e+02
0	2	15	56	8.3672125e+02
0	2	15	57	7.9799701e+02
0	2	15	58	6.0455481e+02
0	2	15	59	5.2520447e+02
0	2	15	60	7.8084827e+02
0	2	15	61	5.1997455e+02
0	2	15	62	5.2837781e+02
0	2	15	63	6.4089911e+02
1	0	0	0	-2.2307259e+02
1	0	0	1	-2.5466486e+02
1	0	0	2	-1.6500446e+02
1	0	0	3	-3.2098041e+02
1	0	0	4	-1.6916078e+02
1	0	0	5	-2.3835037e+02
1	0	0	6	-2.8259131e+02
1	0	0	7	-2.3388797e+02
1	0	0	8	-3.1350302e+02
1	0	0	9	-1.0417668e+02
1	0	0	10	-3.2683636e+02
1	0	0	11	-1.3627199e+02
1	0	0	12	-2.9960068e+02
1	0	0	13	-2.1515842e+02
1	0	0	14	-3.2655521e+02
1	0	0	15	-2.8455057e+02
1	0	0	16	-4.1668954e+02
1	0	0	17	-4.0228564e+02
1	0	0	18	-3.2696823e+02
1	0	0	19	-4.3740067e+02
1	0	0	20	-3.9666827e+02
1	0	0	21	-4.6180716e+02
1	0	0	22	-4.0659485e+02
1	0	0	23	-3.8754782e+02
1	0	0	24	-3.6921072e+02
1	0	0	25	-3.6290906e+02
1	0	0	26	-3.3657709e+02
1	0	0	27	-2.7870242e+02
1	0	0	28	-3.6506616e+02
1	0	0	29	-3.8571976e+02
1	0	0	30	-3.8779269e+02
1	0	0	31	-3.5778149e+02
1	0	0	32	-3.8168497e+02
1	0	0	33	-4.0374368e+02
1	0	0	34	2.2819208e+02
1	0	0	35	2.2696637e+02
1	0	0	36	2.7641046e+02
1	0	0	37	3.2972498e+02
1	0	0	38	3.0427859e+02
1	0	0	39	3.0956955e+02
1	0	0	40	2.6056967e+02
1	0	0	41	3.2969107e+02
1	0	0	42	4.4281796e+02
1	0	0	43	3.5294937e+02
1	0	0	44	4.1162955e+02
1	0	0	45	3.2123773e+02
1	0	0	46	3.2223199e+02
1	0	0	47	3.2392456e+02
1	0	0	48	4.2660873e+02
1	0	0	49	3.6283966e+02
1	0	0	50	3.5452997e+02
1	0	0	51	8.7039087e+02
1	0	0	52	1.0209059e+03
1	0	0	53	7.1931720e+02
1	0	0	54	6.2530103e+02
1	0	0	55	7.3044775e+02
1	0	0	56	7.6999255e+02
1	0	0	57	7.4515546e+02
1	0	0	58	5.7773669e+02
1	0	0	59	5.3848785e+02
1	0	0	60	6.4035144e+02
1	0	0	61	4.9268954e+02
1	0	0	62	5.5267468e+02
1	0	0	63	6.5919800e+02
1	0	1	0	2.3434299e+02
1	0	1	1	1.4017567e+02
1	0	1	2	9.4922272e+01
1	0	1	3	2.0569957e+02
1	0	1	4	2.5919094e+01
1	0	1	5	2.8309579e+02
1	0	1	6	1.0235530e+02
1	0	1	7	2.5204871e+02
1	0	1	8	1.4792598e+02
1	0	1	9	-2.9616938e+00
1	0	1	10	9.3309547e+01
1	0	1	11	3.8251644e+01
1	0	1	12	1.0755389e+02
1	0	1	13	9.2658829e+01
1	0	1	14	3.8669727e+01
1	0	1	15	1.1504327e+02
1	0	1	16	4.7649517e+01
1	0	1	17	1.1652751e+02
1	0	1	18	9.9330162e+01
1	0	1	19	1.6920242e+02
1	0	1	20	4.1911842e+01
1	0	1	21	1.2957591e+02
1	0	1	22	6.5301308e+01
1	0	1	23	1.1994500e+02
1	0	1	24	2.8845306e+01
1	0	1	25	8.0908638e+01
1	0	1	26	1.5091032e+02
1	0	1	27	3.4776085e+01
1	0	1	28	8.3109558e+01
1	0	1	29	-3.0393936e+01
1	0	1	30	-1.4097816e+01
1	0	1	31	-1.0186149e+02
1	0	1	32	2.0840321e+01
1	0	1	33	-2.8880426e+01
1	0	1	34	6.0125775e+02
1	0	1	35	5.7746246e+02
1	0	1	36	6.3076740e+02
1	0	1	37	5.7121057e+02
1	0	1	38	6.6498590e+02
1	0	1	39	5.9792651e+02
1	0	1	40	6.5018652e+02
1	0	1	41	5.7375256e+02
1	0	1	42	6.9709644e+02
1	0	1	43	5.8520685e+02
1	0	1	44	5.5258435e+02
1	0	1	45	5.8531598e+02
1	0	1	46	5.4705450e+02
1	0	1	47	6.0317566e+02
1	0	1	48	5.0751291e+02
1	0	1	49	5.0373801e+02
1	0	1	50	6.4084595e+02
1	0	1	51	1.1030382e+03
1	0	1	52	1.2260367e+03
1	0	1	53	8.0926202e+02
1	0	1	54	8.9188196e+02
1	0	1	55	8.3492377e+02
1	0	1	56	9.1829028e+02
1	0	1	57	9.4536749e+02
1	0	1	58	1.0413812e+03
1	0	1	59	8.3646545e+02
1	0	1	60	8.8015668e+02
1	0	1	61	7.7953790e+02
1	0	1	62	9.0687201e+02
1	0	1	63	8.9519940e+02
1	0	2	0	7.2254105e+00
1	0	2	1	-3.7401474e+01
1	0	2	2	-1.2231592e+01
1	0	2	3	-1.3709617e+01
1	0	2	4	-4.1412472e+01
1	0	2	5	-4.0401463e+01
1	0	2	6	-2.3380365e+00
1	0	2	7	-4.4040817e+01
1	0	2	8	-3.8950478e+01
1	0	2	9	7.6787773e+01
1	0	2	10	-1.2900954e+02
1	0	2	11	5.1206074e+01
1	0	2	12	-9.8015724e+01
1	0	2	13	-3.6526215e+01
1	0	2	14	-8.4833733e+01
1	0	2	15	-1.6343159e+02
1	0	2	16	-2.2826788e+02
1	0	2	17	-2.1216026e+02
1	0	2	18	-1.3426324e+02
1	0	2	19	-2.2942871e+02
1	0	2	20	-2.0070703e+02
1	0	2	21	-2.3479724e+02
1	0	2	22	-1.9514542e+02
1	0	2	23	-2.3189104e+02
1	0	2	24	-2.0376897e+02
1	0	2	25	-1.4202679e+02
1	0	2	26	-2.4438495e+02
1	0	2	27	-1.7103352e+02
1	0	2	28	-2.0687804e+02
1	0	2	29	-1.7784622e+02
1	0	2	30	-2.2080037e+02
1	0	2	31	-2.5068094e+02
1	0	2	32	-2.0132140e+02
1	0	2	33	-1.7123447e+02
1	0	2	34	4.4679080e+02
1	0	2	35	4.8493036e+02
1	0	2	36	4.8241949e+02
1	0	2	37	5.3764911e+02
1	0	2	38	4.8875003e+02
1	0	2	39	5.1720361e+02
1	0	2	40	5.3465698e+02
1	0	2	41	4.5542575e+02
1	0	2	42	6.5003369e+02
1	0	2	43	4.5488696e+02
1	0	2	44	5.5306421e+02
1	0	2	45	4.7829672e+02
1	0	2	46	5.1763873e+02
1	0	2	47	5.0324976e+02
1	0	2	48	6.5148169e+02
1	0	2	49	5.4236230e+02
1	0	2	50	6.0524622e+02
1	0	2	51	1.1136963e+03
1	0	2	52	1.1605170e+03
1	0	2	53	6.8712170e+02
1	0	2	54	7.0520636e+02
1	0	2	55	8.9145007e+02
1	0	2	56	9.3266644e+02
1	0	2	57	9.1896564e+02
1	0	2	58	7.6041980e+02
1	0	2	59	7.9160059e+02
1	0	2	60	8.0148438e+02
1	0	2	61	7.0944208e+02
1	0	2	62	7.5660065e+02
1	0	2	63	8.8538831e+02
1	0	3	0	2.0337059e+02
1	0	3	1	1.9995273e+02
1	0	3	2	8.2637352e+01
1	0	3	3	1.2033704e+02
1	0	3	4	4.3642853e+01
1	0	3	5	1.4673090e+02
1	0	3	6	6.8625137e+01
1	0	3	7	1.5892712e+02
1	0	3	8	7.7735001e+01
1	0	3	9	7.5533661e+01
1	0	3	10	1.4569890e+02
1	0	3	11	-8.6676531e+00
1	0	3	12	-2.9260240e+00
1	0	3	13	5.4928715e+01
1	0	3	14	4.8016521e+01
1	0	3	15	8.7807068e+01
1	0	3	16	-7.9442154e+01
1	0	3	17	6.0746716e+01
1	0	3	18	-2.8854404e+01
1	0	3	19	1.6494897e+02
1	0	3	20	-7.3160481e+00
1	0	3	21	-1.1815892e+01
1	0	3	22	-1.3890109e+01
1	0	3	23	1.3552152e+01
1	0	3	24	-7.5371529e+01
1	0	3	25	-4.8698120e+00
1	0	3	26	-1.5658781e+02
1	0	3	27	-2.2156996e+01
1	0	3	28	-2.7793701e+01
1	0	3	29	-2.8794580e+00
1	0	3	30	-1.0237199e+02
1	0	3	31	-1.2002312e+02
1	0	3	32	-1.5577417e+02
1	0	3	33	-1.2521448e+02
1	0	3	34	5.1213525e+02
1	0	3	35	4.8349301e+02
1	0	3	36	5.4238104e+02
1	0	3	37	4.8701913e+02
1	0	3	38	6.6256818e+02
1	0	3	39	5.9018085e+02
1	0	3	40	5.7334027e+02
1	0	3	41	6.3343860e+02
1	0	3	42	5.3731750e+02
1	0	3	43	4.6564285e+02
1	0	3	44	5.2720728e+02
1	0	3	45	4.9185632e+02
1	0	3	46	5.9015637e+02
1	0	3	47	5.1956793e+02
1	0	3	48	4.8712152e+02
1	0	3	49	5.0582571e+02
1	0	3	50	6.1718060e+02
1	0	3	51	1.1344640e+03
1	0	3	52	1.1298864e+03
1	0	3	53	7.1432782e+02
1	0	3	54	7.1700702e+02
1	0	3	55	7.7183356e+02
1	0	3	56	8.8980688e+02
1	0	3	57	9.1648828e+02
1	0	3	58	7.7891083e+02
1	0	3	59	7.0750024e+02
1	0	3	60	7.0687323e+02
1	0	3	61	6.4998572e+02
1	0	3	62	7.2834900e+02
1	0	3	63	6.6142480e+02
1	0	4	0	1.4844110e+02
1	0	4	1	7.8108597e+01
1	0	4	2	1.3871877e+02
1	0	4	3	1.8701512e+02
1	0	4	4	1.2115008e+02
1	0	4	5	1.8895592e+02
1	0	4	6	2.1925462e+02
1	0	4	7	7.6931641e+01
1	0	4	8	1.0955761e+02
1	0	4	9	1.5890782e+02
1	0	4	10	-6.7351631e+01
1	0	4	11	1.0172460e+02
1	0	4	12	4.5087753e+01
1	0	4	13	6.7296272e+01
1	0	4	14	2.0447676e+02
1	0	4	15	8.0357582e+01
1	0	4	16	-4.2204845e+01
1	0	4	17	-3.3405506e+01
1	0	4	18	4.0050877e+01
1	0	4	19	6.5287979e+01
1	0	4	20	1.7878220e+01
1	0	4	21	-9.6592832e-01
1	0	4	22	2.9875626e+01
1	0	4	23	-5.1923737e+01
1	0	4	24	-3.0867952e+01
1	0	4	25	-1.0332820e+01
1	0	4	26	-5.4618599e+01
1	0	4	27	1.1779390e+02
1	0	4	28	2.8717962e+01
1	0	4	29	-1.2350614e+01
1	0	4	30	4.6484051e+01
1	0	4	31	4.9930332e+01
1	0	4	32	-5.8041286e+01
1	0	4	33	-5.0801464e+01
1	0	4	34	6.2543396e+02
1	0	4	35	6.2945142e+02
1	0	4	36	6.3551855e+02
1	0	4	37	6.5285199e+02
1	0	4	38	6.6255316e+02
1	0	4	39	7.0915295e+02
1	0	4	40	6.4934265e+02
1	0	4	41	6.4360815e+02
1	0	4	42	7.3285645e+02
1	0	4	43	7.8247095e+02
1	0	4	44	4.2284058e+02
1	0	4	45	6.1640320e+02
1	0	4	46	7.3327777e+02
1	0	4	47	6.3566022e+02
1	0	4	48	6.9363458e+02
1	0	4	49	7.1632611e+02
1	0	4	50	7.0299329e+02
1	0	4	51	1.2568198e+03
1	0	4	52	1.3513329e+03
1	0	4	53	1.0051464e+03
1	0	4	54	9.0808447e+02
1	0	4	55	1.0950669e+03
1	0	4	56	1.1957563e+03
1	0	4	57	1.2234098e+03
1	0	4	58	1.0311488e+03
1	0	4	59	1.0555579e+03
1	0	4	60	9.5782709e+02
1	0	4	61	1.0109190e+03
1	0	4	62	9.1062671e+02
1	0	4	63	1.0061640e+03
1	0	5	0	1.9186635e+02
1	0	5	1	1.3355110e+02
1	0	5	2	1.1002280e+02
1	0	5	3	1.2526370e+02
1	0	5	4	1.3422608e+01
1	0	5	5	2.0206877e+02
1	0	5	6	1.4468796e+02
1	0	5	7	1.4394289e+02
1	0	5	8	2.2023694e+02
1	0	5	9	6.6984596e+01
1	0	5	10	1.6625751e+02
1	0	5	11	2.6944796e+01
1	0	5	12	7.8301740e+00
1	0	5	13	8.4438660e+01
1	0	5	14	-2.8093088e+01
1	0	5	15	2.0962897e+02
1	0	5	16	2.6658169e+01
1	0	5	17	1.0163204e+01
1	0	5	18	-2.0272713e+01
1	0	5	19	3.2262306e+01
1	0	5	20	-1.0160132e+02
1	0	5	21	1.1020870e+01
1	0	5	22	2.3688564e+00
1	0	5	23	6.2795509e+01
1	0	5	24	9.6547470e+01
1	0	5	25	-2.3587563e+01
1	0	5	26	-1.1791301e+02
1	0	5	27	-4.6003860e+01
1	0	5	28	-4.3726360e+01
1	0	5	29	-7.0408936e+00
1	0	5	30	-1.1744644e+02
1	0	5	31	-8.1976532e+01
1	0	5	32	7.1033654e+00
1	0	5	33	-1.3275864e+02
1	0	5	34	6.3201666e+02
1	0	5	35	6.4169324e+02
1	0	5	36	5.4964801e+02
1	0	5	37	5.5619745e+02
1	0	5	38	6.1389355e+02
1	0	5	39	5.9771368e+02
1	0	5	40	6.1283575e+02
1	0	5	41	5.6287518e+02
1	0	5	42	5.8493616e+02
1	0	5	43	4.9064999e+02
1	0	5	44	5.9829639e+02
1	0	5	45	5.1926233e+02
1	0	5	46	5.3279913e+02
1	0	5	47	6.0008435e+02
1	0	5	48	4.7695099e+02
1	0	5	49	5.3219147e+02
1	0	5	50	6.8324011e+02
1	0	5	51	1.1016437e+03
1	0	5	52	1.1609205e+03
1	0	5	53	9.0980426e+02
1	0	5	54	7.8984717e+02
1	0	5	55	8.2628571e+02
1	0	5	56	9.6562531e+02
1	0	5	57	9.8039258e+02
1	0	5	58	8.4970001e+02
1	0	5	59	8.0317194e+02
1	0	5	60	8.2666724e+02
1	0	5	61	6.6119275e+02
1	0	5	62	8.6287341e+02
1	0	5	63	8.8551514e+02
1	0	6	0	1.9890390e+02
1	0	6	1	2.0679282e+02
1	0	6	2	3.3567130e+02
1	0	6	3	1.7713907e+02
1	0	6	4	1.9744081e+02
1	0	6	5	1.6834276e+02
1	0	6	6	1.2713696e+02
1	0	6	7	1.8012743e+02
1	0	6	8	1.4174295e+02
1	0	6	9	2.9195010e+02
1	0	6	10	1.6146274e+02
1	0	6	11	2.5524718e+02
1	0	6	12	7.5526543e+01
1	0	6	13	1.5504282e+02
1	0	6	14	1.4056128e+02
1	0	6	15	2.1687082e+02
1	0	6	16	8.8508507e+01
1	0	6	17	5.8235409e+01
1	0	6	18	1.0611356e+02
1	0	6	19	3.2654762e+01
1	0	6	20	1.4432140e+02
1	0	6	21	8.5894943e+01
1	0	6	22	3.7217800e+01
1	0	6	23	1.0302743e+02
1	0	6	24	9.6108841e+01
1	0	6	25	1.1902181e+02
1	0	6	26	8.0883186e+01
1	0	6	27	1.0198944e+02
1	0	6	28	6.1458447e+01
1	0	6	29	8.0283409e+01
1	0	6	30	5.3705921e+01
1	0	6	31	-5.2661972e+00
1	0	6	32	-1.2406724e+01
1	0	6	33	3.2687267e+01
1	0	6	34	7.4630792e+02
1	0	6	35	7.9685858e+02
1	0	6	36	8.2121838e+02
1	0	6	37	7.7298700e+02
1	0	6	38	8.2920331e+02
1	0	6	39	7.8013586e+02
1	0	6	40	6.9862048e+02
1	0	6	41	7.4159412e+02
1	0	6	42	8.0409796e+02
1	0	6	43	8.5328729e+02
1	0	6	44	9.2742670e+02
1	0	6	45	7.5667664e+02
1	0	6	46	9.0158044e+02
1	0	6	47	7.4860687e+02
1	0	6	48	8.4924506e+02
1	0	6	49	7.9958551e+02
1	0	6	50	9.0097815e+02
1	0	6	51	1.3372737e+03
1	0	6	52	1.3649491e+03
1	0	6	53	1.0052905e+03
1	0	6	54	1.0183151e+03
1	0	6	55	1.1276167e+03
1	0	6	56	1.2433948e+03
1	0	6	57	1.2263195e+03
1	0	6	58	1.1130347e+03
1	0	6	59	1.0588434e+03
1	0	6	60	1.0174482e+03
1	0	6	61	8.7214398e+02
1	0	6	62	9.4977948e+02
1	0	6	63	9.9826575e+02
1	0	7	0	3.6400525e+02
1	0	7	1	2.7846207e+02
1	0	7	2	2.4639224e+02
1	0	7	3	3.0950754e+02
1	0	7	4	2.6073666e+02
1	0	7	5	3.6013379e+02
1	0	7	6	3.1585968e+02
1	0	7	7	4.0240118e+02
1	0	7	8	2.5088057e+02
1	0	7	9	2.6355759e+02
1	0	7	10	2.3423445e+02
1	0	7	11	2.7325620e+02
1	0	7	12	1.8118045e+02
1	0	7	13	2.6647269e+02
1	0	7	14	1.7408815e+02
1	0	7	15	2.1038499e+02
1	0	7	16	1.9917322e+02
1	0	7	17	1.7348741e+02
1	0	7	18	1.9475452e+02
1	0	7	19	2.1305177e+02
1	0	7	20	1.4551772e+02
1	0	7	21	1.3895621e+02
1	0	7	22	2.2992929e+02
1	0	7	23	1.9444875e+02
1	0	7	24	1.9810266e+02
1	0	7	25	1.1210522e+02
1	0	7	26	1.2588000e+02
1	0	7	27	1.1878264e+02
1	0	7	28	1.6646783e+02
1	0	7	29	8.5701012e+01
1	0	7	30	1.4636267e+02
1	0	7	31	1.1911263e+02
1	0	7	32	5.3609497e+01
1	0	7	33	1.3666412e+02
1	0	7	34	7.4962311e+02
1	0	7	35	7.3284448e+02
1	0	7	36	7.9355011e+02
1	0	7	37	-4.9748745e+03
1	0	7	38	8.3275513e+02
1	0	7	39	7.7381213e+02
1	0	7	40	7.5299915e+02
1	0	7	41	7.0754968e+02
1	0	7	42	7.7641626e+02
1	0	7	43	7.0672809e+02
1	0	7	44	7.9164667e+02
1	0	7	45	7.0310205e+02
1	0	7	46	6.6116138e+02
1	0	7	47	6.9346155e+02
1	0	7	48	6.9354962e+02
1	0	7	49	6.6588922e+02
1	0	7	50	6.8359113e+02
1	0	7	51	1.2489697e+03
1	0	7	52	1.2155251e+03
1	0	7	53	9.5297589e+02
1	0	7	54	1.0152712e+03
1	0	7	55	-4.9748745e+03
1	0	7	56	1.0951033e+03
1	0	7	57	1.1370107e+03
1	0	7	58	1.0812723e+03
1	0	7	59	1.0134923e+03
1	0	7	60	1.1015476e+03
1	0	7	61	1.0135659e+03
1	0	7	62	1.0070876e+03
1	0	7	63	9.9313037e+02
1	0	8	0	3.2310361e+02
1	0	8	1	3.6591122e+02
1	0	8	2	2.4011928e+02
1	0	8	3	1.9583235e+02
1	0	8	4	2.1752098e+02
1	0	8	5	2.2035045e+02
1	0	8	6	1.7784752e+02
1	0	8	7	2.0121472e+02
1	0	8	8	1.8418372e+02
1	0	8	9	2.8734128e+02
1	0	8	10	5.0188824e+01
1	0	8	11	4.2563260e+02
1	0	8	12	2.5242744e+02
1	0	8	13	2.3848378e+02
1	0	8	14	1.5253842e+02
1	0	8	15	1.5745079e+02
1	0	8	16	9.4136780e+01
1	0	8	17	1.0661916e+02
1	0	8	18	3.5379379e+01
1	0	8	19	7.2807373e+01
1	0	8	20	1.0231857e+02
1	0	8	21	3.6222984e+01
1	0	8	22	1.5337756e+02
1	0	8	23	3.1482901e+02
1	0	8	24	5.6934578e+01
1	0	8	25	8.0703835e+01
1	0	8	26	8.4843971e+01
1	0	8	27	7.7067329e+01
1	0	8	28	5.8344387e+01
1	0	8	29	8.1007509e+00
1	0	8	30	1.0144003e+02
1	0	8	31	2.2554004e+02
1	0	8	32	4.9334873e+01
1	0	8	33	7.4356728e+01
1	0	8	34	6.6640356e+02
1	0	8	35	7.5797192e+02
1	0	8	36	7.3232959e+02
1	0	8	37	8.9115332e+02
1	0	8	38	7.9153564e+02
1	0	8	39	7.9404688e+02
1	0	8	40	8.0046307e+02
1	0	8	41	7.3758179e+02
1	0	8	42	8.0634760e+02
1	0	8	43	7.5502142e+02
1	0	8	44	8.5441492e+02
1	0	8	45	7.9960486e+02
1	0	8	46	7.7312592e+02
1	0	8	47	7.8853015e+02
1	0	8	48	9.7684412e+02
1	0	8	49	7.8927832e+02
1	0	8	50	8.3869934e+02
1	0	8	51	1.5350773e+03
1	0	8	52	1.4526763e+03
1	0	8	53	9.4052637e+02
1	0	8	54	9.7601947e+02
1	0	8	55	1.1399988e+03
1	0	8	56	1.2838065e+03
1	0	8	57	1.2700961e+03
1	0	8	58	1.1063746e+03
1	0	8	59	1.0113125e+03
1	0	8	60	1.1467408e+03
1	0	8	61	1.1400184e+03
1	0	8	62	1.0903600e+03
1	0	8	63	1.0780786e+03
1	0	9	0	4.9268549e+02
1	0	9	1	3.0291861e+02
1	0	9	2	3.9991782e+02
1	0	9	3	3.9713016e+02
1	0	9	4	2.6457925e+02
1	0	9	5	5.7325671e+02
1	0	9	6	3.3341971e+02
1	0	9	7	3.6309122e+02
1	0	9	8	4.8078329e+02
1	0	9	9	2.8916229e+02
1	0	9	10	4.2306119e+02
1	0	9	11	2.6716837e+02
1	0	9	12	2.5647351e+02
1	0	9	13	3.8197220e+02
1	0	9	14	2.3682562e+02
1	0	9	15	3.3045422e+02
1	0	9	16	2.8099695e+02
1	0	9	17	2.5039938e+02
1	0	9	18	2.4727991e+02
1	0	9	19	2.3053833e+02
1	0	9	20	2.2636951e+02
1	0	9	21	1.9436139e+02
1	0	9	22	3.2803348e+02
1	0	9	23	2.9749838e+02
1	0	9	24	1.4029448e+02
1	0	9	25	3.0610614e+02
1	0	9	26	1.2937572e+02
1	0	9	27	2.0459744e+02
1	0	9	28	1.2551740e+02
1	0	9	29	1.3468951e+02
1	0	9	30	1.6707806e+02
1	0	9	31	1.1327785e+02
1	0	9	32	1.5318477e+02
1	0	9	33	1.3467885e+02
1	0	9	34	8.9433447e+02
1	0	9	35	7.9720697e+02
1	0	9	36	9.0975836e+02
1	0	9	37	8.5255707e+02
1	0	9	38	9.5757227e+02
1	0	9	39	7.7097681e+02
1	0	9	40	9.2629938e+02
1	0	9	41	7.9143994e+02
1	0	9	42	8.7170160e+02
1	0	9	43	9.1533771e+02
1	0	9	44	8.6099353e+02
1	0	9	45	7.8841125e+02
1	0	9	46	9.0011737e+02
1	0	9	47	8.3271173e+02
1	0	9	48	7.9781079e+02
1	0	9	49	7.4305493e+02
1	0	9	50	9.2597015e+02
1	0	9	51	1.2566567e+03
1	0	9	52	1.4515449e+03
1	0	9	53	1.0101938e+03
1	0	9	54	1.0542919e+03
1	0	9	55	1.0003954e+03
1	0	9	56	1.1714326e+03
1	0	9	57	1.1841830e+03
1	0	9	58	1.1524869e+03
1	0	9	59	1.0284860e+03
1	0	9	60	9.8502710e+02
1	0	9	61	9.6762842e+02
1	0	9	62	1.0872787e+03
1	0	9	63	1.2031674e+03
1	0	10	0	1.4014218e+02
1	0	10	1	5.5839615e+01
1	0	10	2	2.0563138e+02
1	0	10	3	1.6012321e+02
1	0	10	4	1.1917574e+02
1	0	10	5	1.3847162e+02
1	0	10	6	1.7296399e+02
1	0	10	7	1.3388567e+02
1	0	10	8	-1.4535982e+02
1	0	10	9	2.0492981e+02
1	0	10	10	1.4237848e+01
1	0	10	11	2.2008652e+02
1	0	10	12	1.0388249e+02
1	0	10	13	1.6746558e+02
1	0	10	14	5.0342628e+01
1	0	10	15	1.9558351e+02
1	0	10	16	-7.2218582e+01
1	0	10	17	-6.8504288e+01
1	0	10	18	1.6057034e+01
1	0	10	19	1.6547638e+01
1	0	10	20	3.4450481e+01
1	0	10	21	2.5186415e+01
1	0	10	22	2.2732859e+01
1	0	10	23	-4.1268047e+01
1	0	10	24	1.0325423e+01
1	0	10	25	-5.4088837e+01
1	0	10	26	1.7732399e+01
1	0	10	27	7.8651520e+01
1	0	10	28	5.8094013e+01
1	0	10	29	2.9483948e+01
1	0	10	30	6.1276488e+00
1	0	10	31	1.8092840e+01
1	0	10	32	-6.5805168e+00
1	0	10	33	-7.5925819e+01
1	0	10	34	6.3387091e+02
1	0	10	35	6.9339685e+02
1	0	10	36	7.0151416e+02
1	0	10	37	7.4273846e+02
1	0	10	38	6.9601813e+02
1	0	10	39	6.5061383e+02
1	0	10	40	6.7843903e+02
1	0	10	41	6.8151135e+02
1	0	10	42	8.3286871e+02
1	0	10	43	7.8168066e+02
1	0	10	44	8.6695203e+02
1	0	10	45	7.1168402e+02
1	0	10	46	7.1416235e+02
1	0	10	47	7.1945856e+02
1	0	10	48	7.3534009e+02
1	0	10	49	7.8731830e+02
1	0	10	50	7.0633673e+02
1	0	10	51	1.3492052e+03
1	0	10	52	1.3624392e+03
1	0	10	53	-8.6189728e+01
1	0	10	54	6.6262964e+02
1	0	10	55	1.0747017e+03
1	0	10	56	1.1956606e+03
1	0	10	57	1.1073842e+03
1	0	10	58	1.0442308e+03
1	0	10	59	9.1734045e+02
1	0	10	60	1.0500895e+03
1	0	10	61	9.2754102e+02
1	0	10	62	9.2393402e+02
1	0	10	63	1.0274147e+03
1	0	11	0	2.9749872e+02
1	0	11	1	2.6293857e+02
1	0	11	2	1.6952072e+02
1	0	11	3	2.6273138e+02
1	0	11	4	1.9395734e+02
1	0	11	5	2.4120592e+02
1	0	11	6	1.8300833e+02
1	0	11	7	2.9478305e+02
1	0	11	8	2.1571738e+02
1	0	11	9	2.6711871e+02
1	0	11	10	2.5765195e+02
1	0	11	11	1.9458429e+02
1	0	11	12	1.1721392e+02
1	0	11	13	2.8763156e+02
1	0	11	14	1.0799606e+02
1	0	11	15	2.5609225e+02
1	0	11	16	1.3235631e+02
1	0	11	17	1.8653081e+02
1	0	11	18	1.5131705e+02
1	0	11	19	1.8763370e+02
1	0	11	20	1.4150719e+02
1	0	11	21	1.3217293e+02
1	0	11	22	1.8920750e+02
1	0	11	23	1.7058226e+02
1	0	11	24	3.9302677e+01
1	0	11	25	1.3850705e+02
1	0	11	26	8.0967598e+01
1	0	11	27	1.2656315e+02
1	0	11	28	1.5569637e+02
1	0	11	29	5.0381561e+01
1	0	11	30	8.3956886e+01
1	0	11	31	9.5405930e+01
1	0	11	32	9.8287056e+01
1	0	11	33	6.1605930e+01
1	0	11	34	7.2060089e+02
1	0	11	35	7.0312476e+02
1	0	11	36	7.3118066e+02
1	0	11	37	7.7377655e+02
1	0	11	38	7.9505615e+02
1	0	11	39	7.4343365e+02
1	0	11	40	-5.4991914e+03
1	0	11	41	7.0599731e+02
1	0	11	42	7.4526141e+02
1	0	11	43	7.5454321e+02
1	0	11	44	7.3273706e+02
1	0	11	45	7.5205072e+02
1	0	11	46	7.9700928e+02
1	0	11	47	6.7406458e+02
1	0	11	48	6.9295081e+02
1	0	11	49	7.1778162e+02
1	0	11	50	8.6591327e+02
1	0	11	51	1.2429602e+03
1	0	11	52	1.2832781e+03
1	0	11	53	9.1738593e+02
1	0	11	54	9.9088837e+02
1	0	11	55	9.7925861e+02
1	0	11	56	1.0541184e+03
1	0	11	57	1.1158325e+03
1	0	11	58	1.0058734e+03
1	0	11	59	1.0314039e+03
1	0	11	60	9.1125330e+02
1	0	11	61	9.3532220e+02
1	0	11	62	9.5582855e+02
1	0	11	63	9.6601166e+02
1	0	12	0	4.4332279e+01
1	0	12	1	-7.5741936e+01
1	0	12	2	-3.3480621e+01
1	0	12	3	-1.5136281e+02
1	0	12	4	-4.9748745e+03
1	0	12	5	-7.5051620e+01
1	0	12	6	-4.9748745e+03
1	0	12	7	2.4785320e+01
1	0	12	8	-1.3974655e+02
1	0	12	9	3.9411743e+00
1	0	12	10	-2.4347624e+02
1	0	12	11	-6.2520687e+01
1	0	12	12	-1.3399081e+02
1	0	12	13	-6.7312630e+01
1	0	12	14	-1.2474664e+02
1	0	12	15	-1.2956084e+02
1	0	12	16	-2.0791939e+02
1	0	12	17	-1.8088303e+02
1	0	12	18	-2.1779778e+02
1	0	12	19	-2.4620621e+02
1	0	12	20	-2.0459789e+02
1	0	12	21	-2.2121098e+02
1	0	12	22	-2.2265985e+02
1	0	12	23	-1.6397214e+02
1	0	12	24	-1.3201704e+02
1	0	12	25	-1.7896875e+02
1	0	12	26	-1.8230511e+02
1	0	12	27	-4.9748745e+03
1	0	12	28	-1.0487944e+02
1	0	12	29	-2.3264247e+02
1	0	12	30	-1.6818103e+02
1	0	12	31	-1.2163161e+02
1	0	12	32	-2.3245403e+02
1	0	12	33	-8.5025925e+01
1	0	12	34	4.0159372e+02
1	0	12	35	5.2780127e+02
1	0	12	36	4.4878812e+02
1	0	12	37	5.1892236e+02
1	0	12	38	4.9059872e+02
1	0	12	39	5.5837708e+02
1	0	12	40	4.5460626e+02
1	0	12	41	4.8034702e+02
1	0	12	42	4.9178073e+02
1	0	12	43	5.4915930e+02
1	0	12	44	6.1101501e+02
1	0	12	45	4.6899481e+02
1	0	12	46	6.1107373e+02
1	0	12	47	5.1397583e+02
1	0	12	48	5.1093753e+02
1	0	12	49	5.0320871e+02
1	0	12	50	4.9155292e+02
1	0	12	51	1.1778296e+03
1	0	12	52	1.1066742e+03
1	0	12	53	7.4859369e+02
1	0	12	54	7.9196265e+02
1	0	12	55	8.5511279e+02
1	0	12	56	9.4069556e+02
1	0	12	57	8.5388239e+02
1	0	12	58	8.1371570e+02
1	0	12	59	7.1926093e+02
1	0	12	60	8.6926410e+02
1	0	12	61	8.2544568e+02
1	0	12	62	7.6569537e+02
1	0	12	63	9.0692426e+02
1	0	13	0	1.7424501e+02
1	0	13	1	1.0335371e+02
1	0	13	2	-1.4075177e+01
1	0	13	3	1.2297615e+02
1	0	13	4	9.3550629e+01
1	0	13	5	1.3753908e+02
1	0	13	6	8.9670036e+01
1	0	13	7	1.1467171e+02
1	0	13	8	5.3136436e+01
1	0	13	9	3.7557655e+01
1	0	13	10	9.7762878e+01
1	0	13	11	-3.6724251e+01
1	0	13	12	1.1499710e+00
1	0	13	13	3.5614517e+01
1	0	13	14	1.0954798e+01
1	0	13	15	-3.3001595e+01
1	0	13	16	-3.9036629e+01
1	0	13	17	-8.1326157e+01
1	0	13	18	-1.8566075e+02
1	0	13	19	-1.0314277e+01
1	0	13	20	-1.2433181e+02
1	0	13	21	-1.3881299e+02
1	0	13	22	-9.4245796e+01
1	0	13	23	-3.1866573e+01
1	0	13	24	-8.4032715e+01
1	0	13	25	-5.5154663e+01
1	0	13	26	-1.3750302e+02
1	0	13	27	-1.1023614e+02
1	0	13	28	-1.4230280e+02
1	0	13	29	-1.0638322e+02
1	0	13	30	-7.1587387e+01
1	0	13	31	-1.3656035e+02
1	0	13	32	-1.7599915e+02
1	0	13	33	-1.9990761e+02
1	0	13	34	4.9911868e+02
1	0	13	35	4.6587881e+02
1	0	13	36	4.7265375e+02
1	0	13	37	4.7332425e+02
1	0	13	38	5.7352533e+02
1	0	13	39	5.1496674e+02
1	0	13	40	5.0377036e+02
1	0	13	41	4.2238925e+02
1	0	13	42	5.5268219e+02
1	0	13	43	4.1727774e+02
1	0	13	44	4.6023090e+02
1	0	13	45	4.2784262e+02
1	0	13	46	5.3430414e+02
1	0	13	47	5.4861896e+02
1	0	13	48	5.5046307e+02
1	0	13	49	4.5002643e+02
1	0	13	50	5.5782336e+02
1	0	13	51	1.0521101e+03
1	0	13	52	1.1025173e+03
1	0	13	53	7.7996002e+02
1	0	13	54	7.2235016e+02
1	0	13	55	7.3495789e+02
1	0	13	56	9.0255078e+02
1	0	13	57	8.7850305e+02
1	0	13	58	7.7978857e+02
1	0	13	59	7.2374011e+02
1	0	13	60	7.1436627e+02
1	0	13	61	7.6217651e+02
1	0	13	62	8.1693469e+02
1	0	13	63	6.7559766e+02
1	0	14	0	-2.4761398e+02
1	0	14	1	-2.1302780e+02
1	0	14	2	-1.4487526e+02
1	0	14	3	-2.5508008e+02
1	0	14	4	-2.4303717e+02
1	0	14	5	-2.2886729e+02
1	0	14	6	-2.2524207e+02
1	0	14	7	-2.4101015e+02
1	0	14	8	-2.3551265e+02
1	0	14	9	-1.3935890e+02
1	0	14	10	-3.1671994e+02
1	0	14	11	-1.9329045e+02
1	0	14	12	-3.2606494e+02
1	0	14	13	-3.0713907e+02
1	0	14	14	-3.6527960e+02
1	0	14	15	-2.7257571e+02
1	0	14	16	-4.5314743e+02
1	0	14	17	-4.5659372e+02
1	0	14	18	-4.1869775e+02
1	0	14	19	-4.1240359e+02
1	0	14	20	-4.5101801e+02
1	0	14	21	-4.0123688e+02
1	0	14	22	-4.1040784e+02
1	0	14	23	-3.4454272e+02
1	0	14	24	-4.4339731e+02
1	0	14	25	-3.3098907e+02
1	0	14	26	-5.0993344e+02
1	0	14	27	-3.3203448e+02
1	0	14	28	-3.5829074e+02
1	0	14	29	-4.0316534e+02
1	0	14	30	-3.7892776e+02
1	0	14	31	-3.7986429e+02
1	0	14	32	-4.1912228e+02
1	0	14	33	-4.1488217e+02
1	0	14	34	2.2718552e+02
1	0	14	35	2.7360229e+02
1	0	14	36	2.7317038e+02
1	0	14	37	3.5444586e+02
1	0	14	38	2.3841606e+02
1	0	14	39	4.1561777e+02
1	0	14	40	3.4742255e+02
1	0	14	41	2.7324939e+02
1	0	14	42	4.1561786e+02
1	0	14	43	3.9168427e+02
1	0	14	44	4.9986078e+02
1	0	14	45	3.8863934e+02
1	0	14	46	4.7305002e+02
1	0	14	47	3.6537692e+02
1	0	14	48	4.6482495e+02
1	0	14	49	2.4955516e+02
1	0	14	50	4.3792142e+02
1	0	14	51	9.6986407e+02
1	0	14	52	9.0054248e+02
1	0	14	53	6.4477594e+02
1	0	14	54	6.4337042e+02
1	0	14	55	7.1004138e+02
1	0	14	56	8.6591479e+02
1	0	14	57	7.8859204e+02
1	0	14	58	6.5146063e+02
1	0	14	59	6.6509839e+02
1	0	14	60	6.9360797e+02
1	0	14	61	4.2457111e+02
1	0	14	62	5.5839856e+02
1	0	14	63	6.3704535e+02
1	0	15	0	1.0059892e+02
1	0	15	1	7.1135635e+01
1	0	15	2	-5.2563572e+01
1	0	15	3	3.9724232e+01
1	0	15	4	-1.1880633e+02
1	0	15	5	3.1512711e+01
1	0	15	6	4.6872894e+01
1	0	15	7	1.7443636e+02
1	0	15	8	-3.1602570e+01
1	0	15	9	-6.3506668e+01
1	0	15	10	-5.4115911e+00
1	0	15	11	-9.8483014e-01
1	0	15	12	-2.3713282e+01
1	0	15	13	-6.6679749e+00
1	0	15	14	-2.6168438e+01
1	0	15	15	3.9405392e+01
1	0	15	16	-8.7816795e+01
1	0	15	17	-5.1135380e+01
1	0	15	18	-1.0203012e+02
1	0	15	19	-8.0416801e+01
1	0	15	20	-1.4771638e+02
1	0	15	21	-4.4149940e+01
1	0	15	22	-5.5190388e+01
1	0	15	23	-5.7412151e+01
1	0	15	24	-5.7708195e+01
1	0	15	25	-9.6455040e+01
1	0	15	26	-1.5285071e+02
1	0	15	27	-2.1087012e+02
1	0	15	28	-7.3442032e+01
1	0	15	29	-9.9064133e+01
1	0	15	30	-1.6127847e+02
1	0	15	31	-2.0247226e+02
1	0	15	32	-2.0940994e+02
1	0	15	33	-2.5896777e+02
1	0	15	34	4.2180765e+02
1	0	15	35	3.6864896e+02
1	0	15	36	5.1869489e+02
1	0	15	37	4.2635330e+02
1	0	15	38	5.4825531e+02
1	0	15	39	4.7145349e+02
1	0	15	40	5.2268079e+02
1	0	15	41	3.9250778e+02
1	0	15	42	4.7624854e+02
1	0	15	43	3.8447141e+02
1	0	15	44	4.6540161e+02
1	0	15	45	3.6961908e+02
1	0	15	46	4.7619516e+02
1	0	15	47	4.2366864e+02
1	0	15	48	4.0995282e+02
1	0	15	49	3.7383545e+02
1	0	15	50	5.0298810e+02
1	0	15	51	9.3525250e+02
1	0	15	52	9.9767670e+02
1	0	15	53	6.3380658e+02
1	0	15	54	7.1194867e+02
1	0	15	55	6.6020172e+02
1	0	15	56	7.9039764e+02
1	0	15	57	7.9107495e+02
1	0	15	58	7.8358557e+02
1	0	15	59	6.2949408e+02
1	0	15	60	6.0347449e+02
1	0	15	61	6.1426697e+02
1	0	15	62	6.7504169e+02
1	0	15	63	6.9401727e+02
1	1	0	0	-3.2675897e+02
1	1	0	1	-5.0237500e+02
1	1	0	2	-4.5319186e+02
1	1	0	3	-4.3603268e+02
1	1	0	4	-6.3253961e+02
1	1	0	5	-4.8895639e+02
1	1	0	6	-5.9616632e+02
1	1	0	7	-4.1031137e+02
1	1	0	8	-4.4049390e+02
1	1	0	9	-4.8927542e+02
1	1	0	10	-5.4370209e+02
1	1	0	11	-5.8577026e+02
1	1	0	12	-4.9347009e+02
1	1	0	13	-5.0917078e+02
1	1	0	14	-4.5727490e+02
1	1	0	15	-5.1418024e+02
1	1	0	16	-6.0702362e+02
1	1	0	17	-7.3214050e+02
1	1	0	18	-5.5721802e+02
1	1	0	19	-6.4036688e+02
1	1	0	20	-5.8726947e+02
1	1	0	21	-6.1954108e+02
1	1	0	22	-6.2260504e+02
1	1	0	23	-6.2593585e+02
1	1	0	24	-7.0469385e+02
1	1	0	25	-6.3324115e+02
1	1	0	26	-7.0137091e+02
1	1	0	27	-8.1906042e+02
1	1	0	28	-6.7215106e+02
1	1	0	29	-7.5067169e+02
1	1	0	30	-6.7766266e+02
1	1	0	31	-6.8031134e+02
1	1	0	32	-7.8207141e+02
1	1	0	33	-8.0630579e+02
1	1	0	34	-1.0113701e+02
1	1	0	35	-1.3945839e+02
1	1	0	36	-8.0733650e+01
1	1	0	37	-1.3123921e+02
1	1	0	38	-6.2125389e+01
1	1	0	39	-9.0644615e+01
1	1	0	40	-1.0900523e+02
1	1	0	41	-1.4722424e+02
1	1	0	42	-6.7395668e+01
1	1	0	43	-7.2714973e+01
1	1	0	44	-1.3287343e+02
1	1	0	45	-9.4599197e+01
1	1	0	46	-2.0850842e+02
1	1	0	47	-1.6824539e+02
1	1	0	48	-1.7671327e+02
1	1	0	49	-2.2902913e+02
1	1	0	50	-1.2213876e+02
1	1	0	51	4.1320142e+02
1	1	0	52	4.1021225e+02
1	1	0	53	8.0682808e+01
1	1	0	54	-9.3285141e+00
1	1	0	55	3.9138432e+01
1	1	0	56	2.1647911e+02
1	1	0	57	2.3806102e+02
1	1	0	58	1.9914134e+02
1	1	0	59	8.2899193e+01
1	1	0	60	1.2742892e+02
1	1	0	61	1.2651477e+02
1	1	0	62	1.4551979e+02
1	1	0	63	1.0529883e+02
1	1	1	0	-6.4016144e+02
1	1	1	1	-6.8495972e+02
1	1	1	2	-5.3963470e+02
1	1	1	3	-6.9276038e+02
1	1	1	4	-5.8374176e+02
1	1	1	5	-6.1894501e+02
1	1	1	6	-5.8716144e+02
1	1	1	7	-6.6337775e+02
1	1	1	8	-6.3428436e+02
1	1	1	9	-5.1068924e+02
1	1	1	10	-6.9224908e+02
1	1	1	11	-5.7745251e+02
1	1	1	12	-6.7459656e+02
1	1	1	13	-6.4484668e+02
1	1	1	14	-6.7306549e+02
1	1	1	15	-5.9454749e+02
1	1	1	16	-8.5041431e+02
1	1	1	17	-7.2882562e+02
1	1	1	18	-6.7101184e+02
1	1	1	19	-7.4000427e+02
1	1	1	20	-7.8889337e+02
1	1	1	21	-7.0667938e+02
1	1	1	22	-6.6393408e+02
1	1	1	23	-7.6634918e+02
1	1	1	24	-8.0712329e+02
1	1	1	25	-6.3849414e+02
1	1	1	26	-7.1579694e+02
1	1	1	27	-6.7154144e+02
1	1	1	28	-7.1111713e+02
1	1	1	29	-7.2832404e+02
1	1	1	30	-6.9170215e+02
1	1	1	31	-7.8610297e+02
1	1	1	32	-7.3270508e+02
1	1	1	33	-6.9244781e+02
1	1	1	34	-2.6542943e+00
1	1	1	35	-2.9807339e+01
1	1	1	36	5.1480881e+01
1	1	1	37	1.4734698e+02
1	1	1	38	1.0894017e+01
1	1	1	39	4.8593227e+01
1	1	1	40	1.8347562e+02
1	1	1	41	5.2058510e+01
1	1	1	42	1.2395633e+02
1	1	1	43	-9.3225896e-01
1	1	1	44	1.7683307e+02
1	1	1	45	6.9954544e+01
1	1	1	46	7.7688377e+01
1	1	1	47	6.4082664e+01
1	1	1	48	1.9561108e+02
1	1	1	49	8.1429420e+01
1	1	1	50	1.1797255e+02
1	1	1	51	6.7130139e+02
1	1	1	52	7.4598486e+02
1	1	1	53	4.1415683e+02
1	1	1	54	4.0739685e+02
1	1	1	55	3.3828177e+02
1	1	1	56	5.8208142e+02
1	1	1	57	4.9981882e+02
1	1	1	58	3.5786929e+02
1	1	1	59	3.4154285e+02
1	1	1	60	4.7598053e+02
1	1	1	61	2.9422760e+02
1	1	1	62	1.7474089e+02
1	1	1	63	4.0422342e+02
1	1	2	0	-9.4076068e+02
1	1	2	1	-1.0474929e+03
1	1	2	2	-9.6189227e+02
1	1	2	3	-9.8573810e+02
1	1	2	4	-1.1999114e+03
1	1	2	5	-1.1123625e+03
1	1	2	6	-1.1874862e+03
1	1	2	7	-9.6879962e+02
1	1	2	8	-9.9437506e+02
1	1	2	9	-1.0661320e+03
1	1	2	10	-1.1755977e+03
1	1	2	11	-1.2091975e+03
1	1	2	12	-1.1229886e+03
1	1	2	13	-1.1581870e+03
1	1	2	14	-1.0198130e+03
1	1	2	15	-9.1428772e+02
1	1	2	16	-1.1384497e+03
1	1	2	17	-1.3005647e+03
1	1	2	18	-1.0870031e+03
1	1	2	19	-1.2208411e+03
1	1	2	20	-1.1552283e+03
1	1	2	21	-1.1327738e+03
1	1	2	22	-1.1827435e+03
1	1	2	23	-1.1883005e+03
1	1	2	24	-1.2084114e+03
1	1	2	25	-1.3089789e+03
1	1	2	26	-1.2814413e+03
1	1	2	27	-1.3604773e+03
1	1	2	28	-1.2639124e+03
1	1	2	29	-1.3950587e+03
1	1	2	30	-1.2940691e+03
1	1	2	31	-1.3674703e+03
1	1	2	32	-1.3479724e+03
1	1	2	33	-1.2956162e+03
1	1	2	34	-7.6862488e+02
1	1	2	35	-7.5630396e+02
1	1	2	36	-7.2248517e+02
1	1	2	37	-7.7512537e+02
1	1	2	38	-6.7281116e+02
1	1	2	39	-7.9691919e+02
1	1	2	40	-6.6968408e+02
1	1	2	41	-8.1164978e+02
1	1	2	42	-7.6441980e+02
1	1	2	43	-7.4209290e+02
1	1	2	44	-8.3054541e+02
1	1	2	45	-7.7450787e+02
1	1	2	46	-8.5177875e+02
1	1	2	47	-8.1160303e+02
1	1	2	48	-8.8920319e+02
1	1	2	49	-9.3736108e+02
1	1	2	50	-6.7600580e+02
1	1	2	51	-2.2771877e+02
1	1	2	52	-2.3809576e+02
1	1	2	53	-6.1088776e+02
1	1	2	54	-5.7871765e+02
1	1	2	55	-6.4465399e+02
1	1	2	56	-4.7219724e+02
1	1	2	57	-3.5902954e+02
1	1	2	58	-3.4696396e+02
1	1	2	59	-5.5018115e+02
1	1	2	60	-6.9611151e+02
1	1	2	61	-5.6638434e+02
1	1	2	62	-5.5909839e+02
1	1	2	63	-6.6117944e+02
1	1	3	0	-1.1196176e+03
1	1	3	1	-1.0943715e+03
1	1	3	2	-9.7182220e+02
1	1	3	3	-1.0197598e+03
1	1	3	4	-1.0471364e+03
1	1	3	5	-1.0921702e+03
1	1	3	6	-9.9960114e+02
1	1	3	7	-1.1598778e+03
1	1	3	8	-1.0858351e+03
1	1	3	9	-9.1520746e+02
1	1	3	10	-1.1321493e+03
1	1	3	11	-9.3844690e+02
1	1	3	12	-1.0725377e+03
1	1	3	13	-1.0365436e+03
1	1	3	14	-1.1255155e+03
1	1	3	15	-1.0763131e+03
1	1	3	16	-1.1001609e+03
1	1	3	17	-1.1994067e+03
1	1	3	18	-1.2338293e+03
1	1	3	19	-1.2017966e+03
1	1	3	20	-1.1656293e+03
1	1	3	21	-1.0676487e+03
1	1	3	22	-1.1117788e+03
1	1	3	23	-1.0619836e+03
1	1	3	24	-1.1318971e+03
1	1	3	25	-1.0637683e+03
1	1	3	26	-1.0832882e+03
1	1	3	27	-1.0229235e+03
1	1	3	28	-1.0138715e+03
1	1	3	29	-1.0790428e+03
1	1	3	30	-1.0929999e+03
1	1	3	31	-1.1945774e+03
1	1	3	32	-1.0854955e+03
1	1	3	33	-1.0399973e+03
1	1	3	34	-3.8306903e+02
1	1	3	35	-4.5056735e+02
1	1	3	36	-3.7424222e+02
1	1	3	37	-3.0747180e+02
1	1	3	38	-3.9275943e+02
1	1	3	39	-3.9328882e+02
1	1	3	40	-1.9362144e+02
1	1	3	41	-3.0201898e+02
1	1	3	42	-2.2323361e+02
1	1	3	43	-3.2800046e+02
1	1	3	44	-1.4343547e+02
1	1	3	45	-3.0576401e+02
1	1	3	46	-2.1932518e+02
1	1	3	47	-2.7587534e+02
1	1	3	48	-1.4143520e+02
1	1	3	49	-2.5112201e+02
1	1	3	50	-3.3676318e+02
1	1	3	51	2.0649849e+02
1	1	3	52	2.8172980e+02
1	1	3	53	-6.8214684e+01
1	1	3	54	-5.6989899e+01
1	1	3	55	6.9396828e+01
1	1	3	56	2.0149806e+02
1	1	3	57	9.4391144e+01
1	1	3	58	-6.7904472e+01
1	1	3	59	-1.2203200e+01
1	1	3	60	6.6227997e+01
1	1	3	61	-1.1552826e+02
1	1	3	62	-1.6123514e+02
1	1	3	63	1.1415574e+02
1	1	4	0	-1.1635803e+03
1	1	4	1	-1.2862842e+03
1	1	4	2	-1.2781162e+03
1	1	4	3	-1.2614749e+03
1	1	4	4	-1.2728389e+03
1	1	4	5	-1.2909379e+03
1	1	4	6	-1.1977916e+03
1	1	4	7	-1.2394766e+03
1	1	4	8	-1.3301906e+03
1	1	4	9	-1.2301243e+03
1	1	4	10	-1.2974886e+03
1	1	4	11	-1.1625889e+03
1	1	4	12	-1.3024535e+03
1	1	4	13	-1.3124103e+03
1	1	4	14	-1.3158749e+03
1	1	4	15	-1.2705569e+03
1	1	4	16	-1.4372977e+03
1	1	4	17	-1.4852672e+03
1	1	4	18	-1.3867937e+03
1	1	4	19	-1.3733994e+03
1	1	4	20	-1.3885264e+03
1	1	4	21	-1.4912188e+03
1	1	4	22	-1.3671841e+03
1	1	4	23	-1.3918542e+03
1	1	4	24	-1.3886318e+03
1	1	4	25	-1.3657103e+03
1	1	4	26	-1.3796755e+03
1	1	4	27	-1.2564203e+03
1	1	4	28	-1.3344746e+03
1	1	4	29	-1.3359274e+03
1	1	4	30	-1.2676532e+03
1	1	4	31	-1.3725831e+03
1	1	4	32	-1.3253730e+03
1	1	4	33	-1.3019874e+03
1	1	4	34	-7.4308704e+02
1	1	4	35	-6.7840649e+02
1	1	4	36	-6.9903595e+02
1	1	4	37	-6.1654041e+02
1	1	4	38	-7.4481439e+02
1	1	4	39	-6.5885437e+02
1	1	4	40	-6.4027533e+02
1	1	4	41	-6.2467432e+02
1	1	4	42	-5.3526776e+02
1	1	4	43	-5.3271710e+02
1	1	4	44	-4.2449744e+02
1	1	4	45	-5.4740277e+02
1	1	4	46	-4.9201651e+02
1	1	4	47	-4.9474875e+02
1	1	4	48	-4.4604517e+02
1	1	4	49	-4.7517395e+02
1	1	4	50	-4.8781305e+02
1	1	4	51	2.3185116e+01
1	1	4	52	3.9033905e+01
1	1	4	53	-2.8931339e+02
1	1	4	54	-3.4626343e+02
1	1	4	55	-2.1819344e+02
1	1	4	56	-1.0099342e+01
1	1	4	57	-1.9000473e+02
1	1	4	58	-3.6623895e+02
1	1	4	59	-3.5254865e+02
1	1	4	60	-2.0108070e+02
1	1	4	61	-3.7458826e+02
1	1	4	62	-4.5486682e+02
1	1	4	63	-2.2429114e+02
1	1	5	0	-7.0802942e+02
1	1	5	1	-8.5551544e+02
1	1	5	2	-1.0503992e+03
1	1	5	3	-8.4987897e+02
1	1	5	4	-1.0928857e+03
1	1	5	5	-8.0543555e+02
1	1	5	6	-8.8125763e+02
1	1	5	7	-7.2121503e+02
1	1	5	8	-8.2236755e+02
1	1	5	9	-1.0592633e+03
1	1	5	10	-7.9519373e+02
1	1	5	11	-1.0528445e+03
1	1	5	12	-9.6552148e+02
1	1	5	13	-9.7820648e+02
1	1	5	14	-1.0207125e+03
1	1	5	15	-9.3190771e+02
1	1	5	16	-9.5722473e+02
1	1	5	17	-8.6262915e+02
1	1	5	18	-9.4269727e+02
1	1	5	19	-9.0849994e+02
1	1	5	20	-1.0609666e+03
1	1	5	21	-1.0290638e+03
1	1	5	22	-9.7335693e+02
1	1	5	23	-1.0002708e+03
1	1	5	24	-1.0629706e+03
1	1	5	25	-1.0368490e+03
1	1	5	26	-1.0585303e+03
1	1	5	27	-1.1287560e+03
1	1	5	28	-1.0161885e+03
1	1	5	29	-1.2046754e+03
1	1	5	30	-1.0767529e+03
1	1	5	31	-1.1312085e+03
1	1	5	32	-1.1829180e+03
1	1	5	33	-1.1848134e+03
1	1	5	34	-5.6060126e+02
1	1	5	35	-5.5817358e+02
1	1	5	36	-4.9280466e+02
1	1	5	37	-5.6396570e+02
1	1	5	38	-4.8388800e+02
1	1	5	39	-6.6144281e+02
1	1	5	40	-5.8173395e+02
1	1	5	41	-6.6712952e+02
1	1	5	42	-6.1132233e+02
1	1	5	43	-6.2899756e+02
1	1	5	44	-6.4190546e+02
1	1	5	45	-6.7167004e+02
1	1	5	46	-7.0586621e+02
1	1	5	47	-5.6805951e+02
1	1	5	48	-7.3438000e+02
1	1	5	49	-6.6477753e+02
1	1	5	50	-5.8064594e+02
1	1	5	51	-1.1957680e+02
1	1	5	52	-1.0584203e+02
1	1	5	53	-3.0521689e+02
1	1	5	54	-3.9307877e+02
1	1	5	55	-4.8893561e+02
1	1	5	56	-3.3723639e+02
1	1	5	57	-2.5678262e+02
1	1	5	58	-2.1381473e+02
1	1	5	59	-2.7556323e+02
1	1	5	60	-3.7025436e+02
1	1	5	61	-4.3744556e+02
1	1	5	62	-2.7803137e+02
1	1	5	63	-3.8587122e+02
1	1	6	0	-9.0492090e+02
1	1	6	1	-9.5346210e+02
1	1	6	2	-7.7812030e+02
1	1	6	3	-9.4060449e+02
1	1	6	4	-8.9307831e+02
1	1	6	5	-9.0185541e+02
1	1	6	6	-8.5165076e+02
1	1	6	7	-9.4469080e+02
1	1	6	8	-9.3009045e+02
1	1	6	9	-8.0017340e+02
1	1	6	10	-9.6517340e+02
1	1	6	11	-7.8587408e+02
1	1	6	12	-9.6762811e+02
1	1	6	13	-8.9210211e+02
1	1	6	14	-9.7029230e+02
1	1	6	15	-9.1006274e+02
1	1	6	16	-1.0371168e+03
1	1	6	17	-1.0770527e+03
1	1	6	18	-1.0410260e+03
1	1	6	19	-1.0532737e+03
1	1	6	20	-1.0726716e+03
1	1	6	21	-1.0903348e+03
1	1	6	22	-1.0494236e+03
1	1	6	23	-9.8144391e+02
1	1	6	24	-1.0427179e+03
1	1	6	25	-1.0512723e+03
1	1	6	26	-1.0844994e+03
1	1	6	27	-9.6377234e+02
1	1	6	28	-1.0259220e+03
1	1	6	29	-9.3222253e+02
1	1	6	30	-9.6217181e+02
1	1	6	31	-9.3312378e+02
1	1	6	32	-1.0176285e+03
1	1	6	33	-9.6382043e+02
1	1	6	34	-2.8621265e+02
1	1	6	35	-1.8887457e+02
1	1	6	36	-1.8625986e+02
1	1	6	37	-2.0221175e+02
1	1	6	38	-2.7196274e+02
1	1	6	39	-2.1783064e+02
1	1	6	40	-2.3632100e+02
1	1	6	41	-1.9284074e+02
1	1	6	42	-2.3912231e+02
1	1	6	43	-9.5215309e+01
1	1	6	44	-5.8902504e+01
1	1	6	45	-2.0977382e+02
1	1	6	46	-9.6976311e+01
1	1	6	47	-1.8983722e+02
1	1	6	48	-1.3311057e+02
1	1	6	49	-1.8440871e+02
1	1	6	50	-1.0223269e+02
1	1	6	51	3.6361758e+02
1	1	6	52	4.3901572e+02
1	1	6	53	2.3129988e+01
1	1	6	54	7.1440291e+00
1	1	6	55	1.7173203e+02
1	1	6	56	2.6707834e+02
1	1	6	57	1.6758101e+02
1	1	6	58	1.1657195e+02
1	1	6	59	3.1452982e+01
1	1	6	60	1.0985347e+02
1	1	6	61	-1.3712677e+01
1	1	6	62	3.0302156e+01
1	1	6	63	9.3303482e+01
1	1	7	0	-3.8256168e+02
1	1	7	1	-5.2319275e+02
1	1	7	2	-6.6314819e+02
1	1	7	3	-5.8660468e+02
1	1	7	4	-5.8419537e+02
1	1	7	5	-4.4455081e+02
1	1	7	6	-4.9663043e+02
1	1	7	7	-4.8409668e+02
1	1	7	8	-5.1811353e+02
1	1	7	9	-5.7302869e+02
1	1	7	10	-5.1184787e+02
1	1	7	11	-6.5000653e+02
1	1	7	12	-7.1463171e+02
1	1	7	13	-6.0905890e+02
1	1	7	14	-6.9612042e+02
1	1	7	15	-5.1454413e+02
1	1	7	16	-6.2580035e+02
1	1	7	17	-5.9456189e+02
1	1	7	18	-6.9016797e+02
1	1	7	19	-5.9099445e+02
1	1	7	20	-6.2916333e+02
1	1	7	21	-6.4606750e+02
1	1	7	22	-5.4034058e+02
1	1	7	23	-5.0974484e+02
1	1	7	24	-6.0232709e+02
1	1	7	25	-5.5408527e+02
1	1	7	26	-7.2243250e+02
1	1	7	27	-6.5351239e+02
1	1	7	28	-6.3455725e+02
1	1	7	29	-6.6130249e+02
1	1	7	30	-6.8216650e+02
1	1	7	31	-7.1612549e+02
1	1	7	32	-7.2037115e+02
1	1	7	33	-7.7979047e+02
1	1	7	34	-4.8331463e+01
1	1	7	35	-8.1614754e+01
1	1	7	36	-3.9020260e+01
1	1	7	37	-1.6094183e+02
1	1	7	38	3.0173347e+01
1	1	7	39	-6.4925354e+01
1	1	7	40	-9.4057022e+01
1	1	7	41	-1.4981429e+02
1	1	7	42	-1.2735177e+02
1	1	7	43	-1.4276003e+02
1	1	7	44	-1.3792261e+02
1	1	7	45	-1.2984302e+02
1	1	7	46	-1.5801949e+02
1	1	7	47	-9.6327911e+01
1	1	7	48	-1.5866531e+02
1	1	7	49	-1.6833611e+02
1	1	7	50	-7.4622734e+01
1	1	7	51	4.4517868e+02
1	1	7	52	3.9249063e+02
1	1	7	53	1.6956693e+02
1	1	7	54	5.2356007e+01
1	1	7	55	4.8875240e+01
1	1	7	56	2.7845105e+02
1	1	7	57	3.2447559e+02
1	1	7	58	1.8927608e+02
1	1	7	59	1.5352251e+02
1	1	7	60	4.5425621e+01
1	1	7	61	1.2194759e+02
1	1	7	62	2.4393488e+02
1	1	7	63	1.0871539e+02
1	1	8	0	-8.8077014e+02
1	1	8	1	-9.2295770e+02
1	1	8	2	-7.8878131e+02
1	1	8	3	-9.8409308e+02
1	1	8	4	-8.7039301e+02
1	1	8	5	-8.9817157e+02
1	1	8	6	-8.7867285e+02
1	1	8	7	-9.7118140e+02
1	1	8	8	-1.0328472e+03
1	1	8	9	-8.5054584e+02
1	1	8	10	-1.0363995e+03
1	1	8	11	-9.1235364e+02
1	1	8	12	-1.0578007e+03
1	1	8	13	-9.7096820e+02
1	1	8	14	-1.0323591e+03
1	1	8	15	-9.5074316e+02
1	1	8	16	-1.2220714e+03
1	1	8	17	-1.1096472e+03
1	1	8	18	-1.1045127e+03
1	1	8	19	-1.1208184e+03
1	1	8	20	-1.1043162e+03
1	1	8	21	-1.1037870e+03
1	1	8	22	-1.0202706e+03
1	1	8	23	-1.1614948e+03
1	1	8	24	-1.1314296e+03
1	1	8	25	-1.0867177e+03
1	1	8	26	-1.0964319e+03
1	1	8	27	-9.8560938e+02
1	1	8	28	-1.0166166e+03
1	1	8	29	-1.0977302e+03
1	1	8	30	-1.0357207e+03
1	1	8	31	-1.0799382e+03
1	1	8	32	-1.1361914e+03
1	1	8	33	-9.9217725e+02
1	1	8	34	-4.9842349e+02
1	1	8	35	-4.1208051e+02
1	1	8	36	-3.9798584e+02
1	1	8	37	-3.4710483e+02
1	1	8	38	-4.5997638e+02
1	1	8	39	-3.0569797e+02
1	1	8	40	-3.0792783e+02
1	1	8	41	-3.4199283e+02
1	1	8	42	-3.1943500e+02
1	1	8	43	-2.8271323e+02
1	1	8	44	-2.1300774e+02
1	1	8	45	-3.3186612e+02
1	1	8	46	-2.5996442e+02
1	1	8	47	-3.3568402e+02
1	1	8	48	-2.9385822e+02
1	1	8	49	-2.9510504e+02
1	1	8	50	-2.5158981e+02
1	1	8	51	2.8049649e+02
1	1	8	52	3.1136993e+02
1	1	8	53	-2.2043488e+01
1	1	8	54	-1.4401701e+02
1	1	8	55	1.7083896e+00
1	1	8	56	2.1280095e+02
1	1	8	57	-2.9210200e+00
1	1	8	58	1.3992171e+01
1	1	8	59	-7.9864258e+01
1	1	8	60	9.3286591e+01
1	1	8	61	-2.3008493e+02
1	1	8	62	-1.7266945e+02
1	1	8	63	2.2834501e+01
1	1	9	0	-4.6955685e+02
1	1	9	1	-5.6271808e+02
1	1	9	2	-6.5780371e+02
1	1	9	3	-6.2166504e+02
1	1	9	4	-7.6928400e+02
1	1	9	5	-4.7405447e+02
1	1	9	6	-6.1659161e+02
1	1	9	7	-6.0340692e+02
1	1	9	8	-6.3368713e+02
1	1	9	9	-7.7717792e+02
1	1	9	10	-5.4069641e+02
1	1	9	11	-7.2637018e+02
1	1	9	12	-7.6104382e+02
1	1	9	13	-6.5081207e+02
1	1	9	14	-6.9760999e+02
1	1	9	15	-6.6739392e+02
1	1	9	16	-6.9851917e+02
1	1	9	17	-6.4904596e+02
1	1	9	18	-6.8026544e+02
1	1	9	19	-7.3910156e+02
1	1	9	20	-7.3673071e+02
1	1	9	21	-7.1745996e+02
1	1	9	22	-7.3414862e+02
1	1	9	23	-6.4845093e+02
1	1	9	24	-7.8194495e+02
1	1	9	25	-8.2920374e+02
1	1	9	26	-8.0149445e+02
1	1	9	27	-7.8680310e+02
1	1	9	28	-7.7860968e+02
1	1	9	29	-8.2397687e+02
1	1	9	30	-8.1552051e+02
1	1	9	31	-8.3017773e+02
1	1	9	32	-7.9462372e+02
1	1	9	33	-8.7549658e+02
1	1	9	34	-1.7967484e+02
1	1	9	35	-2.6204236e+02
1	1	9	36	-1.4593967e+02
1	1	9	37	-2.0189247e+02
1	1	9	38	-1.5477875e+02
1	1	9	39	-2.0321353e+02
1	1	9	40	-1.5561447e+02
1	1	9	41	-2.4000401e+02
1	1	9	42	-1.7664067e+02
1	1	9	43	-2.3145807e+02
1	1	9	44	-2.1127481e+02
1	1	9	45	-3.6660773e+02
1	1	9	46	-3.3066574e+02
1	1	9	47	-2.5533830e+02
1	1	9	48	-1.8973502e+02
1	1	9	49	-3.4196994e+02
1	1	9	50	-9.3085777e+01
1	1	9	51	3.2215015e+02
1	1	9	52	3.0853336e+02
1	1	9	53	-1.1201801e+01
1	1	9	54	2.1183676e+01
1	1	9	55	-5.5581207e+01
1	1	9	56	6.2592426e+01
1	1	9	57	1.7835406e+02
1	1	9	58	5.7581470e+01
1	1	9	59	5.7771671e+01
1	1	9	60	-2.4722920e+03
1	1	9	61	3.0547180e+01
1	1	9	62	1.1155434e+02
1	1	9	63	8.1828865e+01
1	1	10	0	-1.2936396e+03
1	1	10	1	-1.2026237e+03
1	1	10	2	-1.0855166e+03
1	1	10	3	-1.1862312e+03
1	1	10	4	-1.0971542e+03
1	1	10	5	-1.2043071e+03
1	1	10	6	-1.1357692e+03
1	1	10	7	-1.2204033e+03
1	1	10	8	-1.2856415e+03
1	1	10	9	-1.0429268e+03
1	1	10	10	-1.2415768e+03
1	1	10	11	-1.0211522e+03
1	1	10	12	-1.2529624e+03
1	1	10	13	-1.2523983e+03
1	1	10	14	-1.2726606e+03
1	1	10	15	-1.3191843e+03
1	1	10	16	-1.4213569e+03
1	1	10	17	-1.3587810e+03
1	1	10	18	-1.3785139e+03
1	1	10	19	-1.3672048e+03
1	1	10	20	-1.3284371e+03
1	1	10	21	-1.3650737e+03
1	1	10	22	-1.2982325e+03
1	1	10	23	-1.2483572e+03
1	1	10	24	-1.3006333e+03
1	1	10	25	-1.2601884e+03
1	1	10	26	-1.3089829e+03
1	1	10	27	-1.1712397e+03
1	1	10	28	-1.3328295e+03
1	1	10	29	-1.2921350e+03
1	1	10	30	-1.2807926e+03
1	1	10	31	-1.2622549e+03
1	1	10	32	-1.2835499e+03
1	1	10	33	-1.2553118e+03
1	1	10	34	-5.9845929e+02
1	1	10	35	-5.4055939e+02
1	1	10	36	-5.8296985e+02
1	1	10	37	-5.5463568e+02
1	1	10	38	-5.8161951e+02
1	1	10	39	-4.9276306e+02
1	1	10	40	-4.4365182e+02
1	1	10	41	-5.5909998e+02
1	1	10	42	-4.2434967e+02
1	1	10	43	-3.7893341e+02
1	1	10	44	-2.9060632e+02
1	1	10	45	-4.3107288e+02
1	1	10	46	-3.3491547e+02
1	1	10	47	-4.1589047e+02
1	1	10	48	-2.8908957e+02
1	1	10	49	-3.3176901e+02
1	1	10	50	-4.4129041e+02
1	1	10	51	1.6869872e+02
1	1	10	52	1.8393637e+02
1	1	10	53	-1.8958125e+02
1	1	10	54	-1.0201333e+02
1	1	10	55	-2.3717817e+01
1	1	10	56	5.9031639e+01
1	1	10	57	-1.4587361e+01
1	1	10	58	-1.8114264e+02
1	1	10	59	-2.0884935e+02
1	1	10	60	-5.5727215e+01
1	1	10	61	-2.9891833e+02
1	1	10	62	-2.8323819e+02
1	1	10	63	-8.4223572e+01
1	1	11	0	-6.5873236e+02
1	1	11	1	-6.8828644e+02
1	1	11	2	-8.7004956e+02
1	1	11	3	-7.2511902e+02
1	1	11	4	-9.7095258e+02
1	1	11	5	-6.6468884e+02
1	1	11	6	-7.9825232e+02
1	1	11	7	-6.4613080e+02
1	1	11	8	-7.5741174e+02
1	1	11	9	-9.3750354e+02
1	1	11	10	-6.3987927e+02
1	1	11	11	-9.7120416e+02
1	1	11	12	-8.1734955e+02
1	1	11	13	-7.4859125e+02
1	1	11	14	-9.1144781e+02
1	1	11	15	-7.5253485e+02
1	1	11	16	-8.7798132e+02
1	1	11	17	-7.5876703e+02
1	1	11	18	-8.5322180e+02
1	1	11	19	-7.4495837e+02
1	1	11	20	-7.9499542e+02
1	1	11	21	-8.9672577e+02
1	1	11	22	-8.6441125e+02
1	1	11	23	-7.8100964e+02
1	1	11	24	-9.4481470e+02
1	1	11	25	-8.9530951e+02
1	1	11	26	-9.3258972e+02
1	1	11	27	-1.0018736e+03
1	1	11	28	-9.3184619e+02
1	1	11	29	-9.5725079e+02
1	1	11	30	-1.0420625e+03
1	1	11	31	-9.4686639e+02
1	1	11	32	-1.0056974e+03
1	1	11	33	-1.1971541e+03
1	1	11	34	-4.3393054e+02
1	1	11	35	-4.6481277e+02
1	1	11	36	-3.3351575e+02
1	1	11	37	-3.6270694e+02
1	1	11	38	-2.5188275e+02
1	1	11	39	-3.8484448e+02
1	1	11	40	-2.7397159e+02
1	1	11	41	-4.3840109e+02
1	1	11	42	-3.0020270e+02
1	1	11	43	-4.3649442e+02
1	1	11	44	-2.9925369e+02
1	1	11	45	-4.7877530e+02
1	1	11	46	-4.5312393e+02
1	1	11	47	-5.3291742e+02
1	1	11	48	-5.9311047e+02
1	1	11	49	-5.4696692e+02
1	1	11	50	-4.1267474e+02
1	1	11	51	6.7712761e+01
1	1	11	52	1.2645351e+02
1	1	11	53	-2.1449472e+02
1	1	11	54	-2.7735745e+02
1	1	11	55	-3.0472360e+02
1	1	11	56	-1.0515838e+02
1	1	11	57	-1.2014356e+01
1	1	11	58	1.1971004e+01
1	1	11	59	-2.3893977e+02
1	1	11	60	-2.6944241e+02
1	1	11	61	-2.9708966e+02
1	1	11	62	-1.6830231e+02
1	1	11	63	-2.2939748e+02
1	1	12	0	-9.3640607e+02
1	1	12	1	-1.0711255e+03
1	1	12	2	-9.9974933e+02
1	1	12	3	-8.7530493e+02
1	1	12	4	-1.1607017e+03
1	1	12	5	-1.0232219e+03
1	1	12	6	-1.1226434e+03
1	1	12	7	-9.7309113e+02
1	1	12	8	-1.0614066e+03
1	1	12	9	-1.1598320e+03
1	1	12	10	-1.0635613e+03
1	1	12	11	-1.1458256e+03
1	1	12	12	-1.1842627e+03
1	1	12	13	-1.1253073e+03
1	1	12	14	-1.0511055e+03
1	1	12	15	-9.4093872e+02
1	1	12	16	-1.2181372e+03
1	1	12	17	-1.2407360e+03
1	1	12	18	-1.1133428e+03
1	1	12	19	-1.2093112e+03
1	1	12	20	-9.8417096e+02
1	1	12	21	-1.1593698e+03
1	1	12	22	-1.1156042e+03
1	1	12	23	-1.2813856e+03
1	1	12	24	-1.2752806e+03
1	1	12	25	-1.2217064e+03
1	1	12	26	-1.2884889e+03
1	1	12	27	-1.4263533e+03
1	1	12	28	-1.2433641e+03
1	1	12	29	-1.3637544e+03
1	1	12	30	-1.3051570e+03
1	1	12	31	-1.2651411e+03
1	1	12	32	-1.3563276e+03
1	1	12	33	-1.3881080e+03
1	1	12	34	-7.9290607e+02
1	1	12	35	-7.1766290e+02
1	1	12	36	-6.7411804e+02
1	1	12	37	-8.5545056e+02
1	1	12	38	-7.0299701e+02
1	1	12	39	-6.9085907e+02
1	1	12	40	-7.3377533e+02
1	1	12	41	-8.5835773e+02
1	1	12	42	-7.5591791e+02
1	1	12	43	-8.1589612e+02
1	1	12	44	-1.9818218e+03
1	1	12	45	-8.0600226e+02
1	1	12	46	-9.0165576e+02
1	1	12	47	-8.0317804e+02
1	1	12	48	-9.3665637e+02
1	1	12	49	-9.1319873e+02
1	1	12	50	-7.3310175e+02
1	1	12	51	-6.1758057e+01
1	1	12	52	-1.4950082e+02
1	1	12	53	-6.1147156e+02
1	1	12	54	-5.5357690e+02
1	1	12	55	-5.4795618e+02
1	1	12	56	-4.9783643e+02
1	1	12	57	-3.3707956e+02
1	1	12	58	-2.9835593e+02
1	1	12	59	-4.9738641e+02
1	1	12	60	-5.8414240e+02
1	1	12	61	-5.3030029e+02
1	1	12	62	-4.5932867e+02
1	1	12	63	-3.9603436e+02
1	1	13	0	-1.1053053e+03
1	1	13	1	-1.0080056e+03
1	1	13	2	-9.9738818e+02
1	1	13	3	-1.0707767e+03
1	1	13	4	-9.7674976e+02
1	1	13	5	-1.0702015e+03
1	1	13	6	-1.1030132e+03
1	1	13	7	-1.2393334e+03
1	1	13	8	-1.0930013e+03
1	1	13	9	-8.6691650e+02
1	1	13	10	-1.2052018e+03
1	1	13	11	-9.2307458e+02
1	1	13	12	-1.1185485e+03
1	1	13	13	-1.0534301e+03
1	1	13	14	-1.1135143e+03
1	1	13	15	-1.0940039e+03
1	1	13	16	-1.2896504e+03
1	1	13	17	-1.2228394e+03
1	1	13	18	-1.2935773e+03
1	1	13	19	-1.1736086e+03
1	1	13	20	-1.1977339e+03
1	1	13	21	-1.2669543e+03
1	1	13	22	-1.2113246e+03
1	1	13	23	-1.0888185e+03
1	1	13	24	-1.1804513e+03
1	1	13	25	-1.1065425e+03
1	1	13	26	-1.1325643e+03
1	1	13	27	-1.0742373e+03
1	1	13	28	-1.0870400e+03
1	1	13	29	-1.1040970e+03
1	1	13	30	-1.1136274e+03
1	1	13	31	-1.1261023e+03
1	1	13	32	-1.1333793e+03
1	1	13	33	-1.0674255e+03
1	1	13	34	-3.9496915e+02
1	1	13	35	-5.0588232e+02
1	1	13	36	-4.0072076e+02
1	1	13	37	-3.0168790e+02
1	1	13	38	-4.2370337e+02
1	1	13	39	-3.4554388e+02
1	1	13	40	-2.6233389e+02
1	1	13	41	-3.6739548e+02
1	1	13	42	-2.9466278e+02
1	1	13	43	-3.6686191e+02
1	1	13	44	-2.7232413e+02
1	1	13	45	-3.6172940e+02
1	1	13	46	-2.5820526e+02
1	1	13	47	-3.2929318e+02
1	1	13	48	-2.5842719e+02
1	1	13	49	-2.8588480e+02
1	1	13	50	-3.5307626e+02
1	1	13	51	2.3835916e+02
1	1	13	52	3.5370828e+02
1	1	13	53	-8.6734085e+01
1	1	13	54	-7.4481196e+00
1	1	13	55	-3.8857292e+01
1	1	13	56	1.7287373e+02
1	1	13	57	2.5094339e+01
1	1	13	58	-1.3847063e+02
1	1	13	59	-9.8536179e+01
1	1	13	60	1.1360806e+01
1	1	13	61	-1.3260405e+02
1	1	13	62	-1.1722426e+02
1	1	13	63	7.3012955e+01
1	1	14	0	-5.4023755e+02
1	1	14	1	-6.2751184e+02
1	1	14	2	-5.7650024e+02
1	1	14	3	-5.8766437e+02
1	1	14	4	-7.8816223e+02
1	1	14	5	-6.3250305e+02
1	1	14	6	-7.5171857e+02
1	1	14	7	-4.9963382e+02
1	1	14	8	-6.1858386e+02
1	1	14	9	-7.1163470e+02
1	1	14	10	-7.3993250e+02
1	1	14	11	-6.2466614e+02
1	1	14	12	-7.8617798e+02
1	1	14	13	-6.6184937e+02
1	1	14	14	-5.7773462e+02
1	1	14	15	-6.7137024e+02
1	1	14	16	-7.2793085e+02
1	1	14	17	-7.9442950e+02
1	1	14	18	-7.8876306e+02
1	1	14	19	-8.0374780e+02
1	1	14	20	-7.3512653e+02
1	1	14	21	-7.4023608e+02
1	1	14	22	-7.9505963e+02
1	1	14	23	-7.2488483e+02
1	1	14	24	-8.6556653e+02
1	1	14	25	-7.5253278e+02
1	1	14	26	-8.1625049e+02
1	1	14	27	-8.6375238e+02
1	1	14	28	-7.9354407e+02
1	1	14	29	-9.2344379e+02
1	1	14	30	-8.5558252e+02
1	1	14	31	-8.6883228e+02
1	1	14	32	-8.7560785e+02
1	1	14	33	-8.6334509e+02
1	1	14	34	-1.9510445e+02
1	1	14	35	-1.4730478e+02
1	1	14	36	-1.7882191e+02
1	1	14	37	-2.6707349e+02
1	1	14	38	-2.0020882e+02
1	1	14	39	-2.4712802e+02
1	1	14	40	-2.4107855e+02
1	1	14	41	-2.3332465e+02
1	1	14	42	-1.3146169e+02
1	1	14	43	-2.6187183e+02
1	1	14	44	-2.2862215e+02
1	1	14	45	-2.5371645e+02
1	1	14	46	-2.4189398e+02
1	1	14	47	-6.3903912e+02
1	1	14	48	-3.6033768e+02
1	1	14	49	-2.4155301e+02
1	1	14	50	-2.6125858e+02
1	1	14	51	4.6779926e+02
1	1	14	52	4.0353177e+02
1	1	14	53	-3.6916470e+01
1	1	14	54	3.3626362e+01
1	1	14	55	-2.3240196e+01
1	1	14	56	1.6593126e+02
1	1	14	57	2.9640646e+02
1	1	14	58	1.9139337e+02
1	1	14	59	1.4360365e+02
1	1	14	60	9.5503815e+01
1	1	14	61	3.6713123e+01
1	1	14	62	1.6465379e+02
1	1	14	63	8.7921638e+01
1	1	15	0	-6.4291138e+02
1	1	15	1	-6.6096283e+02
1	1	15	2	-5.8735327e+02
1	1	15	3	-6.7106958e+02
1	1	15	4	-5.9360608e+02
1	1	15	5	-6.6820319e+02
1	1	15	6	-5.5606659e+02
1	1	15	7	-5.6267883e+02
1	1	15	8	-6.2797693e+02
1	1	15	9	-5.0234689e+02
1	1	15	10	-6.8438623e+02
1	1	15	11	-5.4317621e+02
1	1	15	12	-7.5659802e+02
1	1	15	13	-6.2929974e+02
1	1	15	14	-7.3321783e+02
1	1	15	15	-7.1016644e+02
1	1	15	16	-7.8553241e+02
1	1	15	17	-7.3241266e+02
1	1	15	18	-7.8643762e+02
1	1	15	19	-7.5477618e+02
1	1	15	20	-7.7568921e+02
1	1	15	21	-8.4682715e+02
1	1	15	22	-7.1506525e+02
1	1	15	23	-6.8823907e+02
1	1	15	24	-7.5282471e+02
1	1	15	25	-6.7800928e+02
1	1	15	26	-7.7079297e+02
1	1	15	27	-7.4288837e+02
1	1	15	28	-7.1321234e+02
1	1	15	29	-6.5363727e+02
1	1	15	30	-6.4747375e+02
1	1	15	31	-7.8382483e+02
1	1	15	32	-6.6675812e+02
1	1	15	33	-6.8750836e+02
1	1	15	34	-6.4863113e+01
1	1	15	35	-8.9003967e+01
1	1	15	36	7.2874657e+01
1	1	15	37	5.3962563e+01
1	1	15	38	3.5052414e+00
1	1	15	39	1.7550232e+01
1	1	15	40	1.0778204e+02
1	1	15	41	-8.0743835e+01
1	1	15	42	1.8381027e+02
1	1	15	43	-7.6568214e+01
1	1	15	44	1.1303185e+02
1	1	15	45	3.5371380e+01
1	1	15	46	9.6741180e+01
1	1	15	47	-2.7126921e+01
1	1	15	48	1.0677637e+02
1	1	15	49	3.7042656e+01
1	1	15	50	7.1252961e+00
1	1	15	51	5.4036743e+02
1	1	15	52	5.9382617e+02
1	1	15	53	2.4676013e+02
1	1	15	54	2.9038116e+02
1	1	15	55	2.8402200e+02
1	1	15	56	4.6501083e+02
1	1	15	57	3.2802408e+02
1	1	15	58	2.0798123e+02
1	1	15	59	2.1198735e+02
1	1	15	60	3.2575125e+02
1	1	15	61	8.8412636e+01
1	1	15	62	1.6245345e+02
1	1	15	63	3.7218369e+02
1	2	0	0	6.8385510e+02
1	2	0	1	5.3242657e+02
1	2	0	2	6.7845520e+02
1	2	0	3	6.6343207e+02
1	2	0	4	5.5618079e+02
1	2	0	5	5.7831000e+02
1	2	0	6	5.1416321e+02
1	2	0	7	6.7076917e+02
1	2	0	8	5.7513007e+02
1	2	0	9	6.0882391e+02
1	2	0	10	5.9405835e+02
1	2	0	11	6.2789307e+02
1	2	0	12	5.2159058e+02
1	2	0	13	6.5900146e+02
1	2	0	14	6.5757227e+02
1	2	0	15	5.4526581e+02
1	2	0	16	4.4562158e+02
1	2	0	17	5.2359100e+02
1	2	0	18	4.6616772e+02
1	2	0	19	4.7664297e+02
1	2	0	20	5.3427277e+02
1	2	0	21	5.5024658e+02
1	2	0	22	5.5538586e+02
1	2	0	23	5.1227246e+02
1	2	0	24	5.3847131e+02
1	2	0	25	5.9708185e+02
1	2	0	26	3.9950397e+02
1	2	0	27	4.1944098e+02
1	2	0	28	5.4290753e+02
1	2	0	29	4.2270059e+02
1	2	0	30	4.6723602e+02
1	2	0	31	4.1394946e+02
1	2	0	32	4.5678903e+02
1	2	0	33	4.4824832e+02
1	2	0	34	1.0323210e+03
1	2	0	35	1.0642990e+03
1	2	0	36	1.0563438e+03
1	2	0	37	1.0672064e+03
1	2	0	38	1.0556040e+03
1	2	0	39	1.0680352e+03
1	2	0	40	1.1103824e+03
1	2	0	41	1.0292571e+03
1	2	0	42	1.0793783e+03
1	2	0	43	1.1213156e+03
1	2	0	44	1.1269041e+03
1	2	0	45	9.8518231e+02
1	2	0	46	1.1399557e+03
1	2	0	47	1.0597209e+03
1	2	0	48	1.0558517e+03
1	2	0	49	1.0487239e+03
1	2	0	50	1.0763369e+03
1	2	0	51	1.6331707e+03
1	2	0	52	1.5529098e+03
1	2	0	53	1.2108164e+03
1	2	0	54	1.2846680e+03
1	2	0	55	1.3110131e+03
1	2	0	56	1.4163506e+03
1	2	0	57	1.4445123e+03
1	2	0	58	1.4164900e+03
1	2	0	59	1.2856940e+03
1	2	0	60	1.3140294e+03
1	2	0	61	1.1788779e+03
1	2	0	62	1.2343849e+03
1	2	0	63	1.2078472e+03
1	2	1	0	5.9260962e+02
1	2	1	1	5.2159265e+02
1	2	1	2	5.5410425e+02
1	2	1	3	5.3861267e+02
1	2	1	4	5.1940430e+02
1	2	1	5	5.5574280e+02
1	2	1	6	5.6930823e+02
1	2	1	7	5.6233038e+02
1	2	1	8	5.1260999e+02
1	2	1	9	5.8823907e+02
1	2	1	10	5.1395532e+02
1	2	1	11	5.5687988e+02
1	2	1	12	4.2511026e+02
1	2	1	13	5.0110553e+02
1	2	1	14	4.6117487e+02
1	2	1	15	4.7211951e+02
1	2	1	16	3.7085162e+02
1	2	1	17	4.1841757e+02
1	2	1	18	3.8039166e+02
1	2	1	19	3.3330267e+02
1	2	1	20	3.7424893e+02
1	2	1	21	3.3869125e+02
1	2	1	22	3.5565585e+02
1	2	1	23	4.0647318e+02
1	2	1	24	3.3886224e+02
1	2	1	25	4.0875934e+02
1	2	1	26	3.9817279e+02
1	2	1	27	4.1506314e+02
1	2	1	28	4.3871143e+02
1	2	1	29	3.4857394e+02
1	2	1	30	4.0882745e+02
1	2	1	31	3.7334656e+02
1	2	1	32	3.7155676e+02
1	2	1	33	3.4695947e+02
1	2	1	34	1.0005739e+03
1	2	1	35	9.7012909e+02
1	2	1	36	1.0430614e+03
1	2	1	37	1.0872537e+03
1	2	1	38	1.0329586e+03
1	2	1	39	1.0559337e+03
1	2	1	40	1.1583217e+03
1	2	1	41	1.1050024e+03
1	2	1	42	1.1275911e+03
1	2	1	43	1.0433142e+03
1	2	1	44	1.1968027e+03
1	2	1	45	1.1018396e+03
1	2	1	46	1.1918309e+03
1	2	1	47	1.0916498e+03
1	2	1	48	1.0987991e+03
1	2	1	49	1.1698071e+03
1	2	1	50	1.1368372e+03
1	2	1	51	1.7031179e+03
1	2	1	52	1.7008430e+03
1	2	1	53	1.3246495e+03
1	2	1	54	1.3886036e+03
1	2	1	55	1.4627441e+03
1	2	1	56	1.5285568e+03
1	2	1	57	1.5200250e+03
1	2	1	58	1.4239052e+03
1	2	1	59	1.3713868e+03
1	2	1	60	1.4065569e+03
1	2	1	61	1.2667197e+03
1	2	1	62	1.3112615e+03
1	2	1	63	1.3829392e+03
1	2	2	0	5.2918622e+02
1	2	2	1	4.0753156e+02
1	2	2	2	5.3522266e+02
1	2	2	3	5.8900116e+02
1	2	2	4	4.2824423e+02
1	2	2	5	5.0176617e+02
1	2	2	6	4.0647598e+02
1	2	2	7	6.6681891e+02
1	2	2	8	4.3580414e+02
1	2	2	9	5.6447504e+02
1	2	2	10	4.1637274e+02
1	2	2	11	4.6321231e+02
1	2	2	12	3.5591159e+02
1	2	2	13	3.7530569e+02
1	2	2	14	-4.9748745e+03
1	2	2	15	4.6022870e+02
1	2	2	16	4.5012766e+02
1	2	2	17	3.1963303e+02
1	2	2	18	4.5471094e+02
1	2	2	19	3.5890289e+02
1	2	2	20	4.5839651e+02
1	2	2	21	4.0597009e+02
1	2	2	22	3.9067255e+02
1	2	2	23	3.7081024e+02
1	2	2	24	3.1010898e+02
1	2	2	25	3.2012625e+02
1	2	2	26	3.3508365e+02
1	2	2	27	2.8826285e+02
1	2	2	28	3.1392371e+02
1	2	2	29	2.3471013e+02
1	2	2	30	3.6518854e+02
1	2	2	31	2.9108472e+02
1	2	2	32	2.9354980e+02
1	2	2	33	2.8202634e+02
1	2	2	34	8.1187134e+02
1	2	2	35	9.3823962e+02
1	2	2	36	9.1333301e+02
1	2	2	37	8.5103601e+02
1	2	2	38	8.5005328e+02
1	2	2	39	8.6256232e+02
1	2	2	40	8.7256213e+02
1	2	2	41	8.8181183e+02
1	2	2	42	8.4481335e+02
1	2	2	43	9.1613428e+02
1	2	2	44	8.8199072e+02
1	2	2	45	8.3649786e+02
1	2	2	46	9.0583972e+02
1	2	2	47	7.9346613e+02
1	2	2	48	8.5270459e+02
1	2	2	49	8.6756537e+02
1	2	2	50	9.0280280e+02
1	2	2	51	8.8868054e+02
1	2	2	52	9.2023065e+02
1	2	2	53	1.1523698e+03
1	2	2	54	1.1896479e+03
1	2	2	55	-1.8200408e+04
1	2	2	56	1.2956844e+03
1	2	2	57	1.2577588e+03
1	2	2	58	1.2265901e+03
1	2	2	59	1.1447667e+03
1	2	2	60	1.1651260e+03
1	2	2	61	1.1594742e+03
1	2	2	62	1.1871022e+03
1	2	2	63	5.6478906e+02
1	2	3	0	5.6469159e+02
1	2	3	1	4.9793811e+02
1	2	3	2	5.1181799e+02
1	2	3	3	4.7825909e+02
1	2	3	4	4.4571063e+02
1	2	3	5	4.6883771e+02
1	2	3	6	4.6521503e+02
1	2	3	7	4.3119501e+02
1	2	3	8	4.0412634e+02
1	2	3	9	5.1090738e+02
1	2	3	10	4.0292603e+02
1	2	3	11	5.2207428e+02
1	2	3	12	4.3706555e+02
1	2	3	13	4.6183533e+02
1	2	3	14	3.9616907e+02
1	2	3	15	3.8896860e+02
1	2	3	16	2.8879376e+02
1	2	3	17	3.7418466e+02
1	2	3	18	3.5029324e+02
1	2	3	19	3.6012823e+02
1	2	3	20	2.6648969e+02
1	2	3	21	3.3164435e+02
1	2	3	22	3.0802487e+02
1	2	3	23	3.8521411e+02
1	2	3	24	2.6405569e+02
1	2	3	25	3.2192432e+02
1	2	3	26	2.3265179e+02
1	2	3	27	4.0338947e+02
1	2	3	28	3.8162338e+02
1	2	3	29	3.3397260e+02
1	2	3	30	2.8786890e+02
1	2	3	31	3.3660272e+02
1	2	3	32	2.2700346e+02
1	2	3	33	3.1571176e+02
1	2	3	34	9.0174591e+02
1	2	3	35	9.2772491e+02
1	2	3	36	-1.9202846e+02
1	2	3	37	-7.1474426e+02
1	2	3	38	1.1267629e+03
1	2	3	39	9.8814587e+02
1	2	3	40	-3.5474573e+02
1	2	3	41	7.5473145e+02
1	2	3	42	-3.4968765e+02
1	2	3	43	1.0996644e+03
1	2	3	44	6.3037659e+02
1	2	3	45	5.4041315e+02
1	2	3	46	7.5665308e+02
1	2	3	47	1.0891331e+03
1	2	3	48	-7.0899664e+02
1	2	3	49	1.1037845e+03
1	2	3	50	1.1237661e+03
1	2	3	51	1.6348298e+03
1	2	3	52	1.6152308e+03
1	2	3	53	1.2315881e+03
1	2	3	54	1.3614320e+03
1	2	3	55	1.3920336e+03
1	2	3	56	1.4500247e+03
1	2	3	57	1.4102834e+03
1	2	3	58	1.2980181e+03
1	2	3	59	1.2509550e+03
1	2	3	60	1.2743033e+03
1	2	3	61	1.2386488e+03
1	2	3	62	1.2824623e+03
1	2	3	63	1.3893842e+03
1	2	4	0	4.3023636e+02
1	2	4	1	3.2640335e+02
1	2	4	2	4.2052072e+02
1	2	4	3	4.0091486e+02
1	2	4	4	2.6674411e+02
1	2	4	5	3.6826587e+02
1	2	4	6	2.5500171e+02
1	2	4	7	4.5406958e+02
1	2	4	8	3.0841193e+02
1	2	4	9	3.6091348e+02
1	2	4	10	2.4086960e+02
1	2	4	11	3.1710825e+02
1	2	4	12	2.6813751e+02
1	2	4	13	3.2738873e+02
1	2	4	14	3.6055545e+02
1	2	4	15	3.2133798e+02
1	2	4	16	2.3956030e+02
1	2	4	17	1.9869373e+02
1	2	4	18	2.4799910e+02
1	2	4	19	1.7279869e+02
1	2	4	20	3.4069846e+02
1	2	4	21	2.6019980e+02
1	2	4	22	2.4107831e+02
1	2	4	23	2.4305362e+02
1	2	4	24	1.3055226e+02
1	2	4	25	2.3700629e+02
1	2	4	26	1.7408473e+02
1	2	4	27	1.1819125e+02
1	2	4	28	2.1825696e+02
1	2	4	29	8.0864166e+01
1	2	4	30	2.0508429e+02
1	2	4	31	9.5140060e+01
1	2	4	32	3.1683571e+01
1	2	4	33	1.1036430e+02
1	2	4	34	6.9926190e+02
1	2	4	35	7.2098993e+02
1	2	4	36	7.7384888e+02
1	2	4	37	6.0754199e+02
1	2	4	38	6.9963098e+02
1	2	4	39	7.2878204e+02
1	2	4	40	7.6572491e+02
1	2	4	41	6.8738037e+02
1	2	4	42	8.0473364e+02
1	2	4	43	7.1849683e+02
1	2	4	44	7.4061017e+02
1	2	4	45	7.3490210e+02
1	2	4	46	6.9810791e+02
1	2	4	47	7.6462433e+02
1	2	4	48	7.0762140e+02
1	2	4	49	6.8695160e+02
1	2	4	50	8.5842102e+02
1	2	4	51	1.1821877e+03
1	2	4	52	1.3274744e+03
1	2	4	53	9.5493298e+02
1	2	4	54	9.7965869e+02
1	2	4	55	9.7744177e+02
1	2	4	56	1.0546285e+03
1	2	4	57	1.1969510e+03
1	2	4	58	1.1025994e+03
1	2	4	59	1.0418423e+03
1	2	4	60	9.1679010e+02
1	2	4	61	9.5509021e+02
1	2	4	62	1.0211718e+03
1	2	4	63	9.3782428e+02
1	2	5	0	3.1851529e+02
1	2	5	1	3.0235983e+02
1	2	5	2	2.7810355e+02
1	2	5	3	3.3519763e+02
1	2	5	4	3.0413962e+02
1	2	5	5	3.1495480e+02
1	2	5	6	3.2509912e+02
1	2	5	7	3.3408023e+02
1	2	5	8	2.4797450e+02
1	2	5	9	3.4986374e+02
1	2	5	10	1.7590115e+02
1	2	5	11	2.9811139e+02
1	2	5	12	1.8885521e+02
1	2	5	13	2.3764133e+02
1	2	5	14	2.0266684e+02
1	2	5	15	3.0097919e+02
1	2	5	16	7.9327255e+01
1	2	5	17	9.2705292e+01
1	2	5	18	1.1773857e+02
1	2	5	19	1.4615230e+02
1	2	5	20	1.1483456e+02
1	2	5	21	1.5700671e+02
1	2	5	22	1.3032793e+02
1	2	5	23	2.1296675e+02
1	2	5	24	1.8462256e+02
1	2	5	25	1.9625325e+02
1	2	5	26	1.1903196e+02
1	2	5	27	1.8800386e+02
1	2	5	28	1.5951123e+02
1	2	5	29	2.0776280e+02
1	2	5	30	1.9245630e+02
1	2	5	31	1.5006081e+02
1	2	5	32	1.5962451e+02
1	2	5	33	2.0816934e+02
1	2	5	34	8.5462646e+02
1	2	5	35	8.1615344e+02
1	2	5	36	8.3534668e+02
1	2	5	37	8.8795709e+02
1	2	5	38	8.0918793e+02
1	2	5	39	8.6752594e+02
1	2	5	40	8.9741937e+02
1	2	5	41	8.0337939e+02
1	2	5	42	9.2261426e+02
1	2	5	43	8.1654230e+02
1	2	5	44	9.9615155e+02
1	2	5	45	8.7550995e+02
1	2	5	46	9.4044806e+02
1	2	5	47	9.3407263e+02
1	2	5	48	8.3664990e+02
1	2	5	49	8.8006213e+02
1	2	5	50	9.2512903e+02
1	2	5	51	1.4144240e+03
1	2	5	52	1.4399700e+03
1	2	5	53	1.1423253e+03
1	2	5	54	1.1608063e+03
1	2	5	55	1.1749617e+03
1	2	5	56	1.3301188e+03
1	2	5	57	1.2580128e+03
1	2	5	58	1.1080402e+03
1	2	5	59	1.2108989e+03
1	2	5	60	1.2783345e+03
1	2	5	61	1.0333488e+03
1	2	5	62	1.0716964e+03
1	2	5	63	1.2272939e+03
1	2	6	0	3.7259988e+02
1	2	6	1	3.0509210e+02
1	2	6	2	2.1842163e+02
1	2	6	3	3.1806735e+02
1	2	6	4	2.1165660e+02
1	2	6	5	2.7055777e+02
1	2	6	6	1.6331853e+02
1	2	6	7	3.0690576e+02
1	2	6	8	2.9740350e+02
1	2	6	9	2.6809949e+02
1	2	6	10	1.7698351e+02
1	2	6	11	3.3797681e+02
1	2	6	12	7.0577034e+01
1	2	6	13	2.2075655e+02
1	2	6	14	2.2717764e+02
1	2	6	15	1.7986215e+02
1	2	6	16	1.2670993e+02
1	2	6	17	1.0073708e+02
1	2	6	18	1.2106300e+02
1	2	6	19	1.7102493e+02
1	2	6	20	2.0031079e+02
1	2	6	21	1.2705040e+02
1	2	6	22	1.0989351e+02
1	2	6	23	1.9071779e+02
1	2	6	24	5.7488331e+01
1	2	6	25	1.1164258e+02
1	2	6	26	5.1089725e+01
1	2	6	27	9.6598312e+01
1	2	6	28	1.1205511e+02
1	2	6	29	8.4275513e+00
1	2	6	30	1.0311072e+02
1	2	6	31	2.0504259e+01
1	2	6	32	1.3816691e+01
1	2	6	33	-2.2851050e-01
1	2	6	34	6.5691266e+02
1	2	6	35	6.4826868e+02
1	2	6	36	6.5604266e+02
1	2	6	37	6.8259448e+02
1	2	6	38	6.3161963e+02
1	2	6	39	6.3163953e+02
1	2	6	40	6.6642340e+02
1	2	6	41	4.9857034e+02
1	2	6	42	6.7249701e+02
1	2	6	43	6.6228259e+02
1	2	6	44	6.7664270e+02
1	2	6	45	6.4606348e+02
1	2	6	46	6.6062372e+02
1	2	6	47	6.0684393e+02
1	2	6	48	6.2186664e+02
1	2	6	49	6.3960797e+02
1	2	6	50	6.6058698e+02
1	2	6	51	1.1339250e+03
1	2	6	52	1.2666154e+03
1	2	6	53	9.1359027e+02
1	2	6	54	8.9464484e+02
1	2	6	55	8.7730914e+02
1	2	6	56	9.8572253e+02
1	2	6	57	1.0527587e+03
1	2	6	58	1.0740236e+03
1	2	6	59	9.4769659e+02
1	2	6	60	8.7618817e+02
1	2	6	61	8.3497974e+02
1	2	6	62	9.0817682e+02
1	2	6	63	8.8212811e+02
1	2	7	0	4.0191730e+02
1	2	7	1	3.8599692e+02
1	2	7	2	4.2169879e+02
1	2	7	3	3.4122208e+02
1	2	7	4	3.9000192e+02
1	2	7	5	3.9440109e+02
1	2	7	6	3.7511545e+02
1	2	7	7	4.3120493e+02
1	2	7	8	3.5446619e+02
1	2	7	9	4.4548392e+02
1	2	7	10	3.3109375e+02
1	2	7	11	4.3970096e+02
1	2	7	12	3.7586414e+02
1	2	7	13	3.6637061e+02
1	2	7	14	2.4005780e+02
1	2	7	15	3.4275827e+02
1	2	7	16	2.0452774e+02
1	2	7	17	2.4459436e+02
1	2	7	18	2.0199973e+02
1	2	7	19	2.7032327e+02
1	2	7	20	2.3993021e+02
1	2	7	21	1.4993939e+02
1	2	7	22	2.7868384e+02
1	2	7	23	2.3145526e+02
1	2	7	24	2.0972682e+02
1	2	7	25	3.1983801e+02
1	2	7	26	1.9091824e+02
1	2	7	27	2.0815503e+02
1	2	7	28	2.7581561e+02
1	2	7	29	3.0344110e+02
1	2	7	30	3.2755035e+02
1	2	7	31	2.0499446e+02
1	2	7	32	2.1925888e+02
1	2	7	33	2.3705415e+02
1	2	7	34	8.6751025e+02
1	2	7	35	8.6831305e+02
1	2	7	36	8.7821039e+02
1	2	7	37	8.2868317e+02
1	2	7	38	8.7389380e+02
1	2	7	39	9.0400592e+02
1	2	7	40	9.6214600e+02
1	2	7	41	9.7254907e+02
1	2	7	42	9.7564954e+02
1	2	7	43	9.0286707e+02
1	2	7	44	1.0257891e+03
1	2	7	45	9.5755664e+02
1	2	7	46	9.8636853e+02
1	2	7	47	9.4286603e+02
1	2	7	48	1.0297909e+03
1	2	7	49	9.2723480e+02
1	2	7	50	1.0125486e+03
1	2	7	51	1.4957235e+03
1	2	7	52	1.5202714e+03
1	2	7	53	1.1350565e+03
1	2	7	54	1.1648740e+03
1	2	7	55	1.1992831e+03
1	2	7	56	1.3462159e+03
1	2	7	57	1.2003354e+03
1	2	7	58	1.1624805e+03
1	2	7	59	1.1863474e+03
1	2	7	60	1.2178632e+03
1	2	7	61	1.1071357e+03
1	2	7	62	1.1861565e+03
1	2	7	63	1.2891636e+03
1	2	8	0	2.8549738e+01
1	2	8	1	-1.0160630e+02
1	2	8	2	-2.3644529e+01
1	2	8	3	3.7136356e+01
1	2	8	4	-1.3746964e+02
1	2	8	5	-2.6036312e+01
1	2	8	6	-2.1135858e+02
1	2	8	7	4.6334629e+00
1	2	8	8	-2.1379595e+01
1	2	8	9	-3.4941010e+01
1	2	8	10	-5.0463268e+01
1	2	8	11	-1.4600075e+01
1	2	8	12	-1.3569724e+02
1	2	8	13	-8.2009727e+01
1	2	8	14	-3.2269840e+01
1	2	8	15	-5.0079144e+01
1	2	8	16	-1.1863155e+02
1	2	8	17	-1.1629646e+02
1	2	8	18	-5.7999649e+01
1	2	8	19	-1.9157809e+02
1	2	8	20	-5.2934078e+01
1	2	8	21	-8.2832962e+01
1	2	8	22	-1.3220525e+02
1	2	8	23	-2.0733565e+02
1	2	8	24	-1.3217451e+02
1	2	8	25	-1.8527963e+02
1	2	8	26	-2.4142268e+02
1	2	8	27	-2.2320697e+02
1	2	8	28	-1.6597734e+02
1	2	8	29	-2.2129938e+02
1	2	8	30	-1.3981857e+02
1	2	8	31	-2.7908661e+02
1	2	8	32	-2.7607724e+02
1	2	8	33	-3.0481345e+02
1	2	8	34	3.9345178e+02
1	2	8	35	4.3734259e+02
1	2	8	36	4.4774454e+02
1	2	8	37	4.1741794e+02
1	2	8	38	3.1065149e+02
1	2	8	39	3.6484802e+02
1	2	8	40	3.7980722e+02
1	2	8	41	2.3883469e+02
1	2	8	42	3.4424109e+02
1	2	8	43	3.3687881e+02
1	2	8	44	4.2050558e+02
1	2	8	45	3.1230984e+02
1	2	8	46	2.9747043e+02
1	2	8	47	2.8993283e+02
1	2	8	48	3.1719971e+02
1	2	8	49	3.3636362e+02
1	2	8	50	4.3802841e+02
1	2	8	51	9.4712439e+02
1	2	8	52	9.8707080e+02
1	2	8	53	4.8692374e+02
1	2	8	54	5.9859497e+02
1	2	8	55	6.1285406e+02
1	2	8	56	7.5548779e+02
1	2	8	57	8.6505817e+02
1	2	8	58	7.6969031e+02
1	2	8	59	6.3952899e+02
1	2	8	60	6.4469891e+02
1	2	8	61	6.1692499e+02
1	2	8	62	6.7427533e+02
1	2	8	63	6.5042090e+02
1	2	9	0	3.3747757e+02
1	2	9	1	3.0273450e+02
1	2	9	2	3.1291986e+02
1	2	9	3	2.7671054e+02
1	2	9	4	2.7539062e+02
1	2	9	5	1.7061954e+02
1	2	9	6	2.9626074e+02
1	2	9	7	2.4591850e+02
1	2	9	8	2.3168315e+02
1	2	9	9	2.9517474e+02
1	2	9	10	1.3490080e+02
1	2	9	11	2.9755341e+02
1	2	9	12	1.1483747e+02
1	2	9	13	2.7408932e+02
1	2	9	14	1.9866748e+02
1	2	9	15	2.3533032e+02
1	2	9	16	9.6472137e+01
1	2	9	17	1.1481183e+02
1	2	9	18	1.6325375e+02
1	2	9	19	1.8386716e+02
1	2	9	20	1.6223065e+02
1	2	9	21	1.1410506e+02
1	2	9	22	1.0087089e+02
1	2	9	23	2.1071414e+02
1	2	9	24	1.5176056e+02
1	2	9	25	9.7029976e+01
1	2	9	26	8.2813683e+01
1	2	9	27	1.9325159e+02
1	2	9	28	1.9813460e+02
1	2	9	29	1.6681615e+02
1	2	9	30	2.8574472e+02
1	2	9	31	1.7983772e+02
1	2	9	32	1.2040154e+02
1	2	9	33	1.5576740e+02
1	2	9	34	8.3063379e+02
1	2	9	35	7.4150458e+02
1	2	9	36	8.5266742e+02
1	2	9	37	8.7370721e+02
1	2	9	38	7.9147913e+02
1	2	9	39	7.7890857e+02
1	2	9	40	8.8034698e+02
1	2	9	41	7.3445630e+02
1	2	9	42	9.3171527e+02
1	2	9	43	6.9537646e+02
1	2	9	44	9.9739825e+02
1	2	9	45	7.9802814e+02
1	2	9	46	8.7751624e+02
1	2	9	47	8.9184290e+02
1	2	9	48	8.2005957e+02
1	2	9	49	9.1792834e+02
1	2	9	50	8.3527533e+02
1	2	9	51	1.3689286e+03
1	2	9	52	1.4343551e+03
1	2	9	53	1.0334752e+03
1	2	9	54	1.0659729e+03
1	2	9	55	1.1596995e+03
1	2	9	56	1.2612001e+03
1	2	9	57	1.1682826e+03
1	2	9	58	1.0259304e+03
1	2	9	59	9.9654657e+02
1	2	9	60	1.1158228e+03
1	2	9	61	1.0003986e+03
1	2	9	62	1.0318047e+03
1	2	9	63	1.1635580e+03
1	2	10	0	3.9045685e+02
1	2	10	1	3.5813245e+02
1	2	10	2	3.3606604e+02
1	2	10	3	3.5237418e+02
1	2	10	4	2.1855339e+02
1	2	10	5	3.2993271e+02
1	2	10	6	3.3060501e+02
1	2	10	7	5.8027570e+02
1	2	10	8	3.2453625e+02
1	2	10	9	4.1458801e+02
1	2	10	10	3.0598434e+02
1	2	10	11	2.3981889e+02
1	2	10	12	2.0274591e+02
1	2	10	13	3.1334973e+02
1	2	10	14	3.4952032e+02
1	2	10	15	4.0096548e+02
1	2	10	16	1.3149573e+02
1	2	10	17	1.5280267e+02
1	2	10	18	2.0198215e+02
1	2	10	19	1.5607410e+02
1	2	10	20	2.5583914e+02
1	2	10	21	2.7238803e+02
1	2	10	22	2.2323717e+02
1	2	10	23	2.1686719e+02
1	2	10	24	5.1687485e+01
1	2	10	25	2.1041325e+02
1	2	10	26	9.9339493e+01
1	2	10	27	1.2565217e+02
1	2	10	28	1.5505663e+02
1	2	10	29	1.6190959e+02
1	2	10	30	1.5751205e+02
1	2	10	31	1.5851836e+02
1	2	10	32	1.0549076e+02
1	2	10	33	4.4449158e+01
1	2	10	34	6.3785883e+02
1	2	10	35	7.8752350e+02
1	2	10	36	6.3067041e+02
1	2	10	37	6.5175378e+02
1	2	10	38	7.4237115e+02
1	2	10	39	6.5889600e+02
1	2	10	40	8.0175922e+02
1	2	10	41	7.1487970e+02
1	2	10	42	7.4091693e+02
1	2	10	43	7.5897961e+02
1	2	10	44	7.9830725e+02
1	2	10	45	6.6188641e+02
1	2	10	46	7.7560229e+02
1	2	10	47	6.6505109e+02
1	2	10	48	7.2028986e+02
1	2	10	49	7.5956927e+02
1	2	10	50	7.8446356e+02
1	2	10	51	1.3729587e+03
1	2	10	52	1.2885380e+03
1	2	10	53	1.0370045e+03
1	2	10	54	9.6271301e+02
1	2	10	55	9.6862946e+02
1	2	10	56	1.0429150e+03
1	2	10	57	1.1207450e+03
1	2	10	58	1.0903157e+03
1	2	10	59	1.0327635e+03
1	2	10	60	1.0454573e+03
1	2	10	61	9.9025134e+02
1	2	10	62	1.0360244e+03
1	2	10	63	1.0670701e+03
1	2	11	0	3.5437076e+02
1	2	11	1	4.0660336e+02
1	2	11	2	3.6673920e+02
1	2	11	3	3.4993353e+02
1	2	11	4	3.6505084e+02
1	2	11	5	3.4117233e+02
1	2	11	6	3.1734583e+02
1	2	11	7	3.6180127e+02
1	2	11	8	3.1589630e+02
1	2	11	9	-4.9748745e+03
1	2	11	10	3.0752271e+02
1	2	11	11	4.3503030e+02
1	2	11	12	1.9859233e+02
1	2	11	13	3.7912836e+02
1	2	11	14	2.6580417e+02
1	2	11	15	3.1763318e+02
1	2	11	16	1.6084727e+02
1	2	11	17	2.6847885e+02
1	2	11	18	2.7287497e+02
1	2	11	19	3.8608728e+02
1	2	11	20	2.3233318e+02
1	2	11	21	2.7487762e+02
1	2	11	22	2.7528757e+02
1	2	11	23	3.2669849e+02
1	2	11	24	1.8932365e+02
1	2	11	25	1.9959233e+02
1	2	11	26	3.4446744e+02
1	2	11	27	2.1383397e+02
1	2	11	28	2.6236871e+02
1	2	11	29	2.9780252e+02
1	2	11	30	2.1520378e+02
1	2	11	31	1.5595125e+02
1	2	11	32	1.9999593e+02
1	2	11	33	2.8949390e+02
1	2	11	34	9.3245044e+02
1	2	11	35	-4.9748745e+03
1	2	11	36	9.1709955e+02
1	2	11	37	9.0607660e+02
1	2	11	38	8.7164331e+02
1	2	11	39	1.0817821e+03
1	2	11	40	1.0189906e+03
1	2	11	41	9.5005737e+02
1	2	11	42	9.8422668e+02
1	2	11	43	9.1931409e+02
1	2	11	44	1.1208424e+03
1	2	11	45	8.6320795e+02
1	2	11	46	9.8095306e+02
1	2	11	47	9.2675891e+02
1	2	11	48	9.2689014e+02
1	2	11	49	1.0487548e+03
1	2	11	50	1.0779500e+03
1	2	11	51	1.4556821e+03
1	2	11	52	1.5885535e+03
1	2	11	53	1.1216348e+03
1	2	11	54	1.1552936e+03
1	2	11	55	1.1566377e+03
1	2	11	56	1.3022006e+03
1	2	11	57	1.2219950e+03
1	2	11	58	1.1780748e+03
1	2	11	59	1.1179695e+03
1	2	11	60	1.2817460e+03
1	2	11	61	1.0953040e+03
1	2	11	62	1.0702659e+03
1	2	11	63	1.2837260e+03
1	2	12	0	5.1560315e+02
1	2	12	1	4.4769064e+02
1	2	12	2	4.8052573e+02
1	2	12	3	4.8634024e+02
1	2	12	4	3.9175879e+02
1	2	12	5	4.1876660e+02
1	2	12	6	3.5350528e+02
1	2	12	7	5.0845319e+02
1	2	12	8	4.0053473e+02
1	2	12	9	4.6153467e+02
1	2	12	10	3.0182330e+02
1	2	12	11	4.0640808e+02
1	2	12	12	3.4645291e+02
1	2	12	13	3.9638498e+02
1	2	12	14	4.0606213e+02
1	2	12	15	4.2446155e+02
1	2	12	16	3.3654877e+02
1	2	12	17	2.9792361e+02
1	2	12	18	2.9657681e+02
1	2	12	19	2.6477689e+02
1	2	12	20	3.2804819e+02
1	2	12	21	4.1598532e+02
1	2	12	22	4.2195166e+02
1	2	12	23	3.0435391e+02
1	2	12	24	2.3029338e+02
1	2	12	25	3.3749197e+02
1	2	12	26	2.7706143e+02
1	2	12	27	2.7825308e+02
1	2	12	28	-4.3053638e+03
1	2	12	29	2.6719022e+02
1	2	12	30	1.7400443e+02
1	2	12	31	1.6683386e+02
1	2	12	32	2.0884483e+02
1	2	12	33	1.7139238e+02
1	2	12	34	8.4378308e+02
1	2	12	35	8.8176044e+02
1	2	12	36	8.8004150e+02
1	2	12	37	8.3900629e+02
1	2	12	38	8.4383362e+02
1	2	12	39	9.2074677e+02
1	2	12	40	8.1996716e+02
1	2	12	41	7.6000098e+02
1	2	12	42	8.8886151e+02
1	2	12	43	8.8579773e+02
1	2	12	44	8.9215515e+02
1	2	12	45	8.9176373e+02
1	2	12	46	-4.9748745e+03
1	2	12	47	7.7680627e+02
1	2	12	48	8.9701178e+02
1	2	12	49	8.1619275e+02
1	2	12	50	8.7877338e+02
1	2	12	51	1.4164666e+03
1	2	12	52	1.4177463e+03
1	2	12	53	1.0398433e+03
1	2	12	54	1.0725249e+03
1	2	12	55	1.0879263e+03
1	2	12	56	1.2418660e+03
1	2	12	57	1.2892140e+03
1	2	12	58	1.2276362e+03
1	2	12	59	1.0621359e+03
1	2	12	60	1.1521539e+03
1	2	12	61	1.0703247e+03
1	2	12	62	1.1660995e+03
1	2	12	63	1.1777310e+03
1	2	13	0	6.3449359e+02
1	2	13	1	5.6524945e+02
1	2	13	2	5.9328522e+02
1	2	13	3	5.5772656e+02
1	2	13	4	5.3845837e+02
1	2	13	5	6.2977350e+02
1	2	13	6	5.4684924e+02
1	2	13	7	5.1291589e+02
1	2	13	8	5.3276880e+02
1	2	13	9	5.4940039e+02
1	2	13	10	1.4511958e+02
1	2	13	11	5.5801746e+02
1	2	13	12	4.8784714e+02
1	2	13	13	4.7410693e+02
1	2	13	14	3.6370609e+02
1	2	13	15	4.7068234e+02
1	2	13	16	3.3530151e+02
1	2	13	17	3.2120398e+02
1	2	13	18	3.3454297e+02
1	2	13	19	3.9319138e+02
1	2	13	20	4.1730280e+02
1	2	13	21	4.1190067e+02
1	2	13	22	4.2349139e+02
1	2	13	23	4.9969870e+02
1	2	13	24	3.9226462e+02
1	2	13	25	4.9472372e+02
1	2	13	26	4.4637219e+02
1	2	13	27	4.6562823e+02
1	2	13	28	4.3048999e+02
1	2	13	29	4.4850269e+02
1	2	13	30	4.3232257e+02
1	2	13	31	3.3087256e+02
1	2	13	32	3.5659995e+02
1	2	13	33	3.8210544e+02
1	2	13	34	9.7874158e+02
1	2	13	35	9.6670715e+02
1	2	13	36	1.0263240e+03
1	2	13	37	1.0368439e+03
1	2	13	38	9.7361145e+02
1	2	13	39	1.0220417e+03
1	2	13	40	1.0460327e+03
1	2	13	41	1.0737272e+03
1	2	13	42	1.0745383e+03
1	2	13	43	9.6584186e+02
1	2	13	44	1.0970908e+03
1	2	13	45	1.0581368e+03
1	2	13	46	7.4398236e+02
1	2	13	47	1.0990062e+03
1	2	13	48	1.1319680e+03
1	2	13	49	1.0565817e+03
1	2	13	50	1.1438324e+03
1	2	13	51	1.5909919e+03
1	2	13	52	1.5755157e+03
1	2	13	53	1.2884135e+03
1	2	13	54	1.3250964e+03
1	2	13	55	1.3382185e+03
1	2	13	56	1.4603884e+03
1	2	13	57	1.4162128e+03
1	2	13	58	1.2559875e+03
1	2	13	59	1.2644541e+03
1	2	13	60	1.2973738e+03
1	2	13	61	1.1920909e+03
1	2	13	62	1.2782809e+03
1	2	13	63	1.3971182e+03
1	2	14	0	5.4754462e+02
1	2	14	1	3.4615311e+02
1	2	14	2	4.7523035e+02
1	2	14	3	4.9055981e+02
1	2	14	4	3.3302591e+02
1	2	14	5	2.8704889e+02
1	2	14	6	3.7932520e+02
1	2	14	7	4.6583466e+02
1	2	14	8	4.2606879e+02
1	2	14	9	5.7210748e+02
1	2	14	10	3.2234781e+02
1	2	14	11	4.4963431e+02
1	2	14	12	4.3719080e+02
1	2	14	13	3.5934641e+02
1	2	14	14	4.3939401e+02
1	2	14	15	3.9073148e+02
1	2	14	16	2.6522552e+02
1	2	14	17	2.5861038e+02
1	2	14	18	3.5027527e+02
1	2	14	19	2.8005145e+02
1	2	14	20	5.0903757e+02
1	2	14	21	3.4992194e+02
1	2	14	22	3.0630145e+02
1	2	14	23	3.1137595e+02
1	2	14	24	2.3442619e+02
1	2	14	25	2.5331590e+02
1	2	14	26	2.9011038e+02
1	2	14	27	2.4777306e+02
1	2	14	28	2.4856772e+02
1	2	14	29	2.1923183e+02
1	2	14	30	2.8587067e+02
1	2	14	31	2.4184311e+02
1	2	14	32	2.0671564e+02
1	2	14	33	2.0015840e+02
1	2	14	34	8.0623993e+02
1	2	14	35	9.4065826e+02
1	2	14	36	9.5012988e+02
1	2	14	37	9.2295349e+02
1	2	14	38	8.9098517e+02
1	2	14	39	8.9524597e+02
1	2	14	40	9.0861554e+02
1	2	14	41	8.1673169e+02
1	2	14	42	8.5741370e+02
1	2	14	43	9.5704407e+02
1	2	14	44	9.6237842e+02
1	2	14	45	8.3720294e+02
1	2	14	46	8.9721802e+02
1	2	14	47	9.0958514e+02
1	2	14	48	8.4933569e+02
1	2	14	49	9.3707434e+02
1	2	14	50	9.5545514e+02
1	2	14	51	1.5156417e+03
1	2	14	52	1.3960673e+03
1	2	14	53	1.0943734e+03
1	2	14	54	1.1852057e+03
1	2	14	55	1.0888145e+03
1	2	14	56	1.2142124e+03
1	2	14	57	1.3263953e+03
1	2	14	58	1.2803167e+03
1	2	14	59	1.1937076e+03
1	2	14	60	1.0909323e+03
1	2	14	61	1.0759659e+03
1	2	14	62	1.2670846e+03
1	2	14	63	1.1484088e+03
1	2	15	0	5.6059167e+02
1	2	15	1	5.5482269e+02
1	2	15	2	4.9979822e+02
1	2	15	3	5.3058490e+02
1	2	15	4	5.4685876e+02
1	2	15	5	5.7517767e+02
1	2	15	6	5.0514438e+02
1	2	15	7	4.9425400e+02
1	2	15	8	5.1458728e+02
1	2	15	9	5.7487360e+02
1	2	15	10	4.6045996e+02
1	2	15	11	5.4703815e+02
1	2	15	12	3.9060699e+02
1	2	15	13	4.6208426e+02
1	2	15	14	5.3031610e+02
1	2	15	15	4.0439206e+02
1	2	15	16	4.9468796e+02
1	2	15	17	4.1360779e+02
1	2	15	18	3.3735925e+02
1	2	15	19	4.3420404e+02
1	2	15	20	3.5441180e+02
1	2	15	21	4.3406082e+02
1	2	15	22	3.8210342e+02
1	2	15	23	5.6316425e+02
1	2	15	24	3.8840070e+02
1	2	15	25	4.9806287e+02
1	2	15	26	4.0725488e+02
1	2	15	27	3.8186459e+02
1	2	15	28	4.3812750e+02
1	2	15	29	4.5944739e+02
1	2	15	30	4.3070953e+02
1	2	15	31	3.6349353e+02
1	2	15	32	3.2762439e+02
1	2	15	33	4.9078372e+02
1	2	15	34	1.0078400e+03
1	2	15	35	1.0158320e+03
1	2	15	36	1.1979785e+03
1	2	15	37	1.1768301e+03
1	2	15	38	1.0943597e+03
1	2	15	39	1.0663121e+03
1	2	15	40	1.1727809e+03
1	2	15	41	1.1080907e+03
1	2	15	42	1.1317894e+03
1	2	15	43	1.0753829e+03
1	2	15	44	1.1765663e+03
1	2	15	45	1.1535797e+03
1	2	15	46	1.2144491e+03
1	2	15	47	1.2627876e+03
1	2	15	48	1.1973745e+03
1	2	15	49	1.0576823e+03
1	2	15	50	1.1052202e+03
1	2	15	51	1.7653048e+03
1	2	15	52	1.8029160e+03
1	2	15	53	1.3610278e+03
1	2	15	54	1.3817860e+03
1	2	15	55	1.4441981e+03
1	2	15	56	1.5621636e+03
1	2	15	57	1.5383160e+03
1	2	15	58	1.4013859e+03
1	2	15	59	1.3710833e+03
1	2	15	60	1.5255808e+03
1	2	15	61	1.3454705e+03
1	2	15	62	1.4327460e+03
1	2	15	63	1.5378839e+03
