0	0	0	0	3.9096527e+01
0	0	0	1	-8.5952774e+01
0	0	0	2	1.2414683e+02
0	0	0	3	-5.5709137e+01
0	0	0	4	-3.3634418e+01
0	0	0	5	-4.1111370e+01
0	0	0	6	4.4960642e+00
0	0	0	7	-2.0615889e+01
0	0	0	8	-3.9660385e+01
0	0	0	9	1.1080802e+02
0	0	0	10	-4.8569675e+01
0	0	0	11	5.5859413e+01
0	0	0	12	-1.7354195e+02
0	0	0	13	-8.5284142e+01
0	0	0	14	-8.3046768e+01
0	0	0	15	-5.1520977e+00
0	0	0	16	-1.7615231e+02
0	0	0	17	-2.3418518e+02
0	0	0	18	-9.6709587e+01
0	0	0	19	-2.4572031e+02
0	0	0	20	-1.7718826e+02
0	0	0	21	-1.5654428e+02
0	0	0	22	-2.3707961e+02
0	0	0	23	-1.4344630e+02
0	0	0	24	-1.8517902e+02
0	0	0	25	-1.1759811e+02
0	0	0	26	-2.1326189e+02
0	0	0	27	-1.9179562e+02
0	0	0	28	-1.4522418e+02
0	0	0	29	-1.7984508e+02
0	0	0	30	-1.6203186e+02
0	0	0	31	-1.1937096e+02
0	0	0	32	-1.4709450e+02
0	0	0	33	-2.1329785e+02
0	0	0	34	6.1580347e+02
0	0	0	35	5.5626428e+02
0	0	0	36	5.6633545e+02
0	0	0	37	5.4550647e+02
0	0	0	38	5.5250525e+02
0	0	0	39	6.7001776e+02
0	0	0	40	5.2849744e+02
0	0	0	41	5.8212567e+02
0	0	0	42	6.9188269e+02
0	0	0	43	6.5870062e+02
0	0	0	44	6.8164215e+02
0	0	0	45	6.1968481e+02
0	0	0	46	7.2946948e+02
0	0	0	47	6.6095038e+02
0	0	0	48	6.8343884e+02
0	0	0	49	5.6517560e+02
0	0	0	50	6.1993146e+02
0	0	0	51	1.2036863e+03
0	0	0	52	1.2565383e+03
0	0	0	53	7.8978625e+02
0	0	0	54	8.4506885e+02
0	0	0	55	8.9837933e+02
0	0	0	56	1.1236221e+03
0	0	0	57	9.9767664e+02
0	0	0	58	9.1403479e+02
0	0	0	59	8.4945569e+02
0	0	0	60	9.3829370e+02
0	0	0	61	7.1339435e+02
0	0	0	62	8.0555713e+02
0	0	0	63	9.4681549e+02
0	0	1	0	3.0318930e+02
0	0	1	1	2.0503671e+02
0	0	1	2	1.3309067e+02
0	0	1	3	1.2981390e+02
0	0	1	4	1.0036995e+02
0	0	1	5	2.8841040e+02
0	0	1	6	1.2965071e+02
0	0	1	7	1.9351659e+02
0	0	1	8	9.3012787e+01
0	0	1	9	1.5434616e+02
0	0	1	10	2.2746358e+02
0	0	1	11	9.0394264e+01
0	0	1	12	8.9407196e+01
0	0	1	13	1.6989474e+02
0	0	1	14	3.0189978e+01
0	0	1	15	9.2950806e+01
0	0	1	16	8.0063576e+01
0	0	1	17	1.8653606e+02
0	0	1	18	1.9088225e+02
0	0	1	19	1.7903772e+02
0	0	1	20	6.4670479e+01
0	0	1	21	6.2215698e+01
0	0	1	22	5.2084480e+01
0	0	1	23	7.2082138e+01
0	0	1	24	1.0483002e+02
0	0	1	25	1.0701541e+02
0	0	1	26	-3.7754475e+01
0	0	1	27	8.1497742e+01
0	0	1	28	5.1740112e+01
0	0	1	29	7.0769496e+00
0	0	1	30	1.1676890e+02
0	0	1	31	1.4113154e+00
0	0	1	32	7.2202339e+00
0	0	1	33	4.7865348e+00
0	0	1	34	6.4510449e+02
0	0	1	35	6.1721716e+02
0	0	1	36	6.7358765e+02
0	0	1	37	6.4288940e+02
0	0	1	38	7.9364276e+02
0	0	1	39	6.1377295e+02
0	0	1	40	7.0437518e+02
0	0	1	41	6.2038129e+02
0	0	1	42	6.8327460e+02
0	0	1	43	6.3910950e+02
0	0	1	44	6.3516663e+02
0	0	1	45	6.7936090e+02
0	0	1	46	6.9566302e+02
0	0	1	47	6.1925024e+02
0	0	1	48	6.5070557e+02
0	0	1	49	5.6079932e+02
0	0	1	50	6.9707635e+02
0	0	1	51	1.3215159e+03
0	0	1	52	1.2814517e+03
0	0	1	53	8.6241119e+02
0	0	1	54	9.3391083e+02
0	0	1	55	8.7857483e+02
0	0	1	56	1.0563569e+03
0	0	1	57	1.0435233e+03
0	0	1	58	1.0055934e+03
0	0	1	59	9.4569708e+02
0	0	1	60	9.8037927e+02
0	0	1	61	9.6042218e+02
0	0	1	62	9.8571918e+02
0	0	1	63	1.0253793e+03
0	0	2	0	2.8165442e+02
0	0	2	1	1.5787875e+02
0	0	2	2	2.3953893e+02
0	0	2	3	2.4410791e+02
0	0	2	4	1.9330070e+02
0	0	2	5	2.1704167e+02
0	0	2	6	2.5754306e+02
0	0	2	7	2.5762796e+02
0	0	2	8	1.8389661e+02
0	0	2	9	4.1705408e+02
0	0	2	10	1.5155890e+02
0	0	2	11	2.1226198e+02
0	0	2	12	7.1123466e+01
0	0	2	13	1.3275024e+02
0	0	2	14	2.0064697e+02
0	0	2	15	2.3178448e+02
0	0	2	16	1.0407679e+02
0	0	2	17	6.0380268e+01
0	0	2	18	1.8592360e+01
0	0	2	19	4.5182621e+01
0	0	2	20	4.9456478e+01
0	0	2	21	1.1908416e+02
0	0	2	22	1.3009886e+02
0	0	2	23	1.0735677e+02
0	0	2	24	-1.5986138e+01
0	0	2	25	9.6985527e+01
0	0	2	26	2.2203040e+02
0	0	2	27	1.0755329e+02
0	0	2	28	6.1077847e+01
0	0	2	29	1.1573097e+02
0	0	2	30	1.5861517e+02
0	0	2	31	8.0561890e+01
0	0	2	32	6.7420876e+01
0	0	2	33	9.4584686e+01
0	0	2	34	7.0430438e+02
0	0	2	35	7.7223853e+02
0	0	2	36	8.1147876e+02
0	0	2	37	7.8299976e+02
0	0	2	38	7.3738953e+02
0	0	2	39	7.4568158e+02
0	0	2	40	7.9703900e+02
0	0	2	41	7.2374518e+02
0	0	2	42	8.1174353e+02
0	0	2	43	8.3417920e+02
0	0	2	44	7.4827118e+02
0	0	2	45	7.6086188e+02
0	0	2	46	8.0374811e+02
0	0	2	47	7.9002069e+02
0	0	2	48	8.7329333e+02
0	0	2	49	8.5879907e+02
0	0	2	50	7.7005829e+02
0	0	2	51	1.4726785e+03
0	0	2	52	1.4458739e+03
0	0	2	53	1.0772524e+03
0	0	2	54	1.2281271e+03
0	0	2	55	1.1009742e+03
0	0	2	56	1.3050020e+03
0	0	2	57	1.1704524e+03
0	0	2	58	1.1123853e+03
0	0	2	59	1.0688550e+03
0	0	2	60	1.1931740e+03
0	0	2	61	1.0476526e+03
0	0	2	62	1.0483571e+03
0	0	2	63	1.1898279e+03
0	0	3	0	2.2020392e+02
0	0	3	1	3.3721783e+01
0	0	3	2	-2.5271013e+00
0	0	3	3	-4.4913845e+01
0	0	3	4	-3.4213375e+01
0	0	3	5	5.3572575e+01
0	0	3	6	-3.8420116e+01
0	0	3	7	8.6665373e+00
0	0	3	8	-9.1209707e+00
0	0	3	9	-1.2301874e+01
0	0	3	10	2.0484419e+01
0	0	3	11	-4.0505772e+01
0	0	3	12	-6.6945946e+01
0	0	3	13	-4.5724991e+01
0	0	3	14	-5.9089340e+01
0	0	3	15	1.8204798e+01
0	0	3	16	-5.4428780e+01
0	0	3	17	-6.5002723e+00
0	0	3	18	-1.0230025e+02
0	0	3	19	-4.2916172e+01
0	0	3	20	-1.8478859e+02
0	0	3	21	-1.6864473e+02
0	0	3	22	-8.1745392e+01
0	0	3	23	-2.1397951e+01
0	0	3	24	-2.5099773e+02
0	0	3	25	-1.7853288e+02
0	0	3	26	-1.8375620e+02
0	0	3	27	-1.1781033e+02
0	0	3	28	-2.1252834e+02
0	0	3	29	-2.5007364e+02
0	0	3	30	-2.5703540e+02
0	0	3	31	-2.1591125e+02
0	0	3	32	-1.8729543e+02
0	0	3	33	-2.7148633e+02
0	0	3	34	4.9693195e+02
0	0	3	35	3.9415482e+02
0	0	3	36	4.1392252e+02
0	0	3	37	3.7599081e+02
0	0	3	38	5.0385236e+02
0	0	3	39	4.0673227e+02
0	0	3	40	4.4114151e+02
0	0	3	41	4.2744232e+02
0	0	3	42	4.5772421e+02
0	0	3	43	4.2565411e+02
0	0	3	44	4.7491348e+02
0	0	3	45	3.5127924e+02
0	0	3	46	4.0318637e+02
0	0	3	47	3.1619836e+02
0	0	3	48	3.3267496e+02
0	0	3	49	4.2912555e+02
0	0	3	50	4.1218909e+02
0	0	3	51	9.0693048e+02
0	0	3	52	9.9504156e+02
0	0	3	53	6.6569983e+02
0	0	3	54	7.1208423e+02
0	0	3	55	7.0842542e+02
0	0	3	56	8.4696332e+02
0	0	3	57	8.3649200e+02
0	0	3	58	7.2753595e+02
0	0	3	59	7.1934369e+02
0	0	3	60	6.6323193e+02
0	0	3	61	6.6321173e+02
0	0	3	62	6.5187207e+02
0	0	3	63	6.9713495e+02
0	0	4	0	-1.4118054e+02
0	0	4	1	-1.8897406e+02
0	0	4	2	-8.9323921e+01
0	0	4	3	-1.9923232e+02
0	0	4	4	-1.5919984e+02
0	0	4	5	-1.1165872e+02
0	0	4	6	-7.7561523e+01
0	0	4	7	-1.8508916e+02
0	0	4	8	-2.3341365e+02
0	0	4	9	-1.0589339e+02
0	0	4	10	-1.9245546e+02
0	0	4	11	-1.2629723e+02
0	0	4	12	-2.6082523e+02
0	0	4	13	-1.9256354e+02
0	0	4	14	-1.8587032e+02
0	0	4	15	-2.1981218e+02
0	0	4	16	-3.1067395e+02
0	0	4	17	-3.8904706e+02
0	0	4	18	-3.1057135e+02
0	0	4	19	-3.6883615e+02
0	0	4	20	-3.2179333e+02
0	0	4	21	-3.8629578e+02
0	0	4	22	-2.5994177e+02
0	0	4	23	-3.3811148e+02
0	0	4	24	-3.3047638e+02
0	0	4	25	-2.7261554e+02
0	0	4	26	-2.7449353e+02
0	0	4	27	-1.8332594e+02
0	0	4	28	-2.9222772e+02
0	0	4	29	-3.3668582e+02
0	0	4	30	-3.0060825e+02
0	0	4	31	-2.9473804e+02
0	0	4	32	-3.0895395e+02
0	0	4	33	-3.5620062e+02
0	0	4	34	4.4138669e+02
0	0	4	35	4.0071283e+02
0	0	4	36	4.1418173e+02
0	0	4	37	3.8392102e+02
0	0	4	38	3.9375787e+02
0	0	4	39	4.3493893e+02
0	0	4	40	4.1671918e+02
0	0	4	41	4.2276971e+02
0	0	4	42	4.5714114e+02
0	0	4	43	4.5558011e+02
0	0	4	44	5.8117627e+02
0	0	4	45	4.8160818e+02
0	0	4	46	5.3639569e+02
0	0	4	47	4.3430688e+02
0	0	4	48	6.1973682e+02
0	0	4	49	5.5508154e+02
0	0	4	50	4.4685873e+02
0	0	4	51	1.1703623e+03
0	0	4	52	1.1513170e+03
0	0	4	53	7.0691132e+02
0	0	4	54	7.7252905e+02
0	0	4	55	8.6136517e+02
0	0	4	56	9.1862207e+02
0	0	4	57	9.0743445e+02
0	0	4	58	7.7770953e+02
0	0	4	59	7.7436853e+02
0	0	4	60	7.9240002e+02
0	0	4	61	6.9132788e+02
0	0	4	62	6.6577563e+02
0	0	4	63	8.0397327e+02
0	0	5	0	-1.6911235e+02
0	0	5	1	-2.6745212e+02
0	0	5	2	-3.8536148e+02
0	0	5	3	-3.0269797e+02
0	0	5	4	-3.7711832e+02
0	0	5	5	-2.8334998e+02
0	0	5	6	-3.3428818e+02
0	0	5	7	-2.0043024e+02
0	0	5	8	-2.7245798e+02
0	0	5	9	-3.1921600e+02
0	0	5	10	-2.4685950e+02
0	0	5	11	-3.7040475e+02
0	0	5	12	-4.1402924e+02
0	0	5	13	-3.4664346e+02
0	0	5	14	-3.4571341e+02
0	0	5	15	-2.6808896e+02
0	0	5	16	-2.2096373e+02
0	0	5	17	-4.0120465e+02
0	0	5	18	-4.4183759e+02
0	0	5	19	-2.4732167e+02
0	0	5	20	-4.4506174e+02
0	0	5	21	-4.5124005e+02
0	0	5	22	-3.6405829e+02
0	0	5	23	-4.4588770e+02
0	0	5	24	-4.6544940e+02
0	0	5	25	-4.1464252e+02
0	0	5	26	-4.4595151e+02
0	0	5	27	-4.7181445e+02
0	0	5	28	-4.6403989e+02
0	0	5	29	-5.6818854e+02
0	0	5	30	-4.6203778e+02
0	0	5	31	-5.2592407e+02
0	0	5	32	-5.1791064e+02
0	0	5	33	-5.4868622e+02
0	0	5	34	1.0209821e+02
0	0	5	35	8.8747505e+01
0	0	5	36	1.8104741e+02
0	0	5	37	1.6749120e+02
0	0	5	38	2.0556696e+02
0	0	5	39	8.9554825e+01
0	0	5	40	1.8366257e+02
0	0	5	41	1.2353615e+02
0	0	5	42	2.0832224e+02
0	0	5	43	1.0506274e+02
0	0	5	44	2.1724094e+02
0	0	5	45	1.1419503e+02
0	0	5	46	1.4206760e+02
0	0	5	47	9.1330803e+01
0	0	5	48	9.7235703e+01
0	0	5	49	1.7145880e+02
0	0	5	50	1.7573936e+02
0	0	5	51	7.6190656e+02
0	0	5	52	8.1093878e+02
0	0	5	53	3.9726511e+02
0	0	5	54	4.4211407e+02
0	0	5	55	4.7324643e+02
0	0	5	56	6.0512128e+02
0	0	5	57	6.2716040e+02
0	0	5	58	5.2048322e+02
0	0	5	59	4.9844177e+02
0	0	5	60	4.6843100e+02
0	0	5	61	3.8885657e+02
0	0	5	62	5.2887384e+02
0	0	5	63	4.6817755e+02
0	0	6	0	-9.6848518e+01
0	0	6	1	-1.9712418e+02
0	0	6	2	-1.6729868e+02
0	0	6	3	-1.5976826e+02
0	0	6	4	-1.0549535e+02
0	0	6	5	-1.5797151e+02
0	0	6	6	-1.1914582e+02
0	0	6	7	-1.8403310e+02
0	0	6	8	-2.0777463e+02
0	0	6	9	-1.4979987e+02
0	0	6	10	-2.5738281e+02
0	0	6	11	-1.4903018e+02
0	0	6	12	-2.4670064e+02
0	0	6	13	-1.4321452e+02
0	0	6	14	-2.0643645e+02
0	0	6	15	-2.3711554e+02
0	0	6	16	-3.6302353e+02
0	0	6	17	-3.9045633e+02
0	0	6	18	-3.4807175e+02
0	0	6	19	-3.0895206e+02
0	0	6	20	-4.5688669e+02
0	0	6	21	-3.4824567e+02
0	0	6	22	-2.9538763e+02
0	0	6	23	-3.0177344e+02
0	0	6	24	-2.8227307e+02
0	0	6	25	-2.3748236e+02
0	0	6	26	-2.7926007e+02
0	0	6	27	-2.4659494e+02
0	0	6	28	-2.8940906e+02
0	0	6	29	-3.4873349e+02
0	0	6	30	-3.1441721e+02
0	0	6	31	-3.6244684e+02
0	0	6	32	-3.0179987e+02
0	0	6	33	-3.3075232e+02
0	0	6	34	3.7547418e+02
0	0	6	35	4.1580286e+02
0	0	6	36	4.4251190e+02
0	0	6	37	5.5716644e+02
0	0	6	38	4.6441019e+02
0	0	6	39	4.4162888e+02
0	0	6	40	4.1402939e+02
0	0	6	41	4.2188815e+02
0	0	6	42	6.5440125e+02
0	0	6	43	4.6968228e+02
0	0	6	44	6.5358087e+02
0	0	6	45	4.8077734e+02
0	0	6	46	1.2945675e+03
0	0	6	47	4.3581232e+02
0	0	6	48	5.2841901e+02
0	0	6	49	9.9175781e+02
0	0	6	50	5.4265222e+02
0	0	6	51	1.0434442e+03
0	0	6	52	1.1116808e+03
0	0	6	53	7.2543652e+02
0	0	6	54	7.4762128e+02
0	0	6	55	8.9091852e+02
0	0	6	56	9.4400635e+02
0	0	6	57	8.9623303e+02
0	0	6	58	7.8009735e+02
0	0	6	59	7.1980139e+02
0	0	6	60	8.4187128e+02
0	0	6	61	7.9351801e+02
0	0	6	62	7.1724060e+02
0	0	6	63	8.9014111e+02
0	0	7	0	8.3735092e+01
0	0	7	1	-1.8734352e+02
0	0	7	2	-1.8849454e+02
0	0	7	3	-1.8632367e+02
0	0	7	4	-2.5707269e+02
0	0	7	5	-8.8025314e+01
0	0	7	6	-2.4744534e+02
0	0	7	7	-1.2195087e+02
0	0	7	8	-2.3901556e+02
0	0	7	9	-1.9400281e+02
0	0	7	10	-1.2488974e+02
0	0	7	11	-3.0597952e+02
0	0	7	12	-3.5408640e+02
0	0	7	13	-1.9745581e+02
0	0	7	14	-2.6409674e+02
0	0	7	15	-1.8834004e+02
0	0	7	16	-3.2640961e+02
0	0	7	17	-2.0937740e+02
0	0	7	18	-2.8049405e+02
0	0	7	19	2.0914670e+03
0	0	7	20	-3.8009311e+02
0	0	7	21	-2.9592374e+02
0	0	7	22	-2.9356503e+02
0	0	7	23	-3.0384796e+02
0	0	7	24	-4.6686899e+02
0	0	7	25	-3.0217029e+02
0	0	7	26	-3.1845993e+02
0	0	7	27	-3.7891812e+02
0	0	7	28	-3.4672043e+02
0	0	7	29	-3.7836603e+02
0	0	7	30	-4.0561932e+02
0	0	7	31	-4.0361725e+02
0	0	7	32	-4.8854797e+02
0	0	7	33	-5.3079498e+02
0	0	7	34	1.7814963e+02
0	0	7	35	1.7706378e+02
0	0	7	36	2.2132164e+02
0	0	7	37	2.9256146e+02
0	0	7	38	2.7787802e+02
0	0	7	39	2.4191048e+02
0	0	7	40	1.4356352e+02
0	0	7	41	1.5862187e+02
0	0	7	42	1.9561194e+02
0	0	7	43	1.3676118e+02
0	0	7	44	1.8388847e+02
0	0	7	45	1.8600145e+02
0	0	7	46	1.9292647e+02
0	0	7	47	2.3150179e+02
0	0	7	48	1.1868462e+02
0	0	7	49	1.8071509e+02
0	0	7	50	2.2821617e+02
0	0	7	51	7.6753882e+02
0	0	7	52	6.8671057e+02
0	0	7	53	3.5618283e+02
0	0	7	54	4.6562357e+02
0	0	7	55	4.1135760e+02
0	0	7	56	5.1319244e+02
0	0	7	57	5.3565863e+02
0	0	7	58	4.8379996e+02
0	0	7	59	4.7454462e+02
0	0	7	60	4.1205234e+02
0	0	7	61	4.2486044e+02
0	0	7	62	4.4893692e+02
0	0	7	63	4.4182227e+02
0	0	8	0	-3.4161923e+02
0	0	8	1	-3.1620517e+02
0	0	8	2	-1.8551999e+02
0	0	8	3	-3.9370123e+02
0	0	8	4	-3.5008072e+02
0	0	8	5	-3.2918295e+02
0	0	8	6	-3.5814709e+02
0	0	8	7	-2.9882498e+02
0	0	8	8	-3.8747003e+02
0	0	8	9	-2.9779587e+02
0	0	8	10	-4.4098254e+02
0	0	8	11	-3.1245679e+02
0	0	8	12	-3.8195438e+02
0	0	8	13	-2.9539401e+02
0	0	8	14	-4.7124023e+02
0	0	8	15	-2.7042987e+02
0	0	8	16	-6.1638556e+02
0	0	8	17	-5.5799060e+02
0	0	8	18	-5.1473767e+02
0	0	8	19	-6.1748016e+02
0	0	8	20	-5.0153445e+02
0	0	8	21	-6.1357812e+02
0	0	8	22	-4.9538605e+02
0	0	8	23	-5.7525848e+02
0	0	8	24	-5.3283740e+02
0	0	8	25	-4.4681168e+02
0	0	8	26	-5.4649268e+02
0	0	8	27	-4.2920840e+02
0	0	8	28	-4.5601593e+02
0	0	8	29	-4.7283029e+02
0	0	8	30	-4.8411990e+02
0	0	8	31	-4.0797266e+02
0	0	8	32	-4.8856250e+02
0	0	8	33	-4.5804309e+02
0	0	8	34	2.4550525e+02
0	0	8	35	2.6973309e+02
0	0	8	36	2.2280743e+02
0	0	8	37	2.5554428e+02
0	0	8	38	2.2270329e+02
0	0	8	39	3.3660526e+02
0	0	8	40	2.8630127e+02
0	0	8	41	2.2923965e+02
0	0	8	42	3.2700833e+02
0	0	8	43	3.4486066e+02
0	0	8	44	3.5706079e+02
0	0	8	45	2.5763925e+02
0	0	8	46	3.2871417e+02
0	0	8	47	2.4967220e+02
0	0	8	48	2.9410507e+02
0	0	8	49	2.6623148e+02
0	0	8	50	3.2192343e+02
0	0	8	51	9.7473187e+02
0	0	8	52	8.7811914e+02
0	0	8	53	6.4124268e+02
0	0	8	54	5.2393298e+02
0	0	8	55	6.5644568e+02
0	0	8	56	7.5633356e+02
0	0	8	57	8.5523193e+02
0	0	8	58	5.1908807e+02
0	0	8	59	5.4731354e+02
0	0	8	60	6.5803033e+02
0	0	8	61	4.8992477e+02
0	0	8	62	5.2007355e+02
0	0	8	63	7.0374335e+02
0	0	9	0	-2.2032684e+02
0	0	9	1	-2.5574190e+02
0	0	9	2	-3.7028342e+02
0	0	9	3	-2.3809918e+02
0	0	9	4	-4.5207809e+02
0	0	9	5	-3.6282288e+02
0	0	9	6	-3.4619073e+02
0	0	9	7	-3.1030853e+02
0	0	9	8	-3.1436722e+02
0	0	9	9	-4.0663434e+02
0	0	9	10	-3.2581024e+02
0	0	9	11	-3.9959262e+02
0	0	9	12	-4.2402924e+02
0	0	9	13	-3.6398618e+02
0	0	9	14	-4.2566800e+02
0	0	9	15	-2.3760495e+02
0	0	9	16	-4.5713477e+02
0	0	9	17	-3.9738080e+02
0	0	9	18	-4.0501120e+02
0	0	9	19	-3.8004807e+02
0	0	9	20	-5.5237842e+02
0	0	9	21	-4.3252521e+02
0	0	9	22	-4.6766589e+02
0	0	9	23	-4.0288211e+02
0	0	9	24	-4.9296393e+02
0	0	9	25	-4.6658154e+02
0	0	9	26	-4.8375452e+02
0	0	9	27	-5.7688367e+02
0	0	9	28	-5.1700647e+02
0	0	9	29	-6.1002899e+02
0	0	9	30	-5.6668134e+02
0	0	9	31	-6.2774152e+02
0	0	9	32	-5.5951318e+02
0	0	9	33	-6.2675452e+02
0	0	9	34	8.7355225e+01
0	0	9	35	-4.7071095e+00
0	0	9	36	1.1354171e+02
0	0	9	37	5.0528156e+01
0	0	9	38	9.7696030e+01
0	0	9	39	-2.2734997e+01
0	0	9	40	1.0979182e+02
0	0	9	41	-3.8526329e+01
0	0	9	42	5.1317325e+00
0	0	9	43	1.0728389e+01
0	0	9	44	6.7129578e+01
0	0	9	45	-1.7091696e+01
0	0	9	46	3.0316917e+01
0	0	9	47	6.2571495e+01
0	0	9	48	2.0586525e+01
0	0	9	49	-5.5392727e+01
0	0	9	50	1.2153050e+02
0	0	9	51	6.7043500e+02
0	0	9	52	6.8554968e+02
0	0	9	53	2.9813272e+02
0	0	9	54	3.0698416e+02
0	0	9	55	2.4724873e+02
0	0	9	56	4.5292691e+02
0	0	9	57	4.6137372e+02
0	0	9	58	3.9855981e+02
0	0	9	59	3.5751288e+02
0	0	9	60	2.8692322e+02
0	0	9	61	3.1946945e+02
0	0	9	62	3.7060980e+02
0	0	9	63	3.3716025e+02
0	0	10	0	5.7952606e+01
0	0	10	1	-4.3565792e+01
0	0	10	2	1.2121910e+02
0	0	10	3	-1.1997514e+01
0	0	10	4	8.5576614e+01
0	0	10	5	3.7177284e+01
0	0	10	6	5.7266891e+01
0	0	10	7	1.2445689e+02
0	0	10	8	3.6281750e+01
0	0	10	9	1.3880719e+02
0	0	10	10	4.5293288e+00
0	0	10	11	6.1612633e+01
0	0	10	12	-4.5509811e+01
0	0	10	13	1.2348261e-01
0	0	10	14	-7.5194107e+01
0	0	10	15	-7.9173058e+01
0	0	10	16	-1.8220345e+02
0	0	10	17	-1.5157330e+02
0	0	10	18	-8.8822983e+01
0	0	10	19	-1.2898550e+02
0	0	10	20	-2.4420872e+01
0	0	10	21	-1.8681491e+02
0	0	10	22	-3.2400238e+01
0	0	10	23	-8.1174080e+01
0	0	10	24	-1.1813867e+02
0	0	10	25	-4.4286743e+01
0	0	10	26	-1.5912398e+02
0	0	10	27	7.4623120e+03
0	0	10	28	-3.5415024e+01
0	0	10	29	-9.0279739e+01
0	0	10	30	-1.1138033e+02
0	0	10	31	-7.6684021e+01
0	0	10	32	-1.1435717e+02
0	0	10	33	-1.6243655e+02
0	0	10	34	5.4959619e+02
0	0	10	35	5.8652936e+02
0	0	10	36	6.5838037e+02
0	0	10	37	6.4807928e+02
0	0	10	38	5.9130927e+02
0	0	10	39	6.7567480e+02
0	0	10	40	6.6430078e+02
0	0	10	41	6.9598041e+02
0	0	10	42	6.7178998e+02
0	0	10	43	6.8701483e+02
0	0	10	44	7.5868347e+02
0	0	10	45	6.3159833e+02
0	0	10	46	7.2589630e+02
0	0	10	47	5.9698090e+02
0	0	10	48	6.7864459e+02
0	0	10	49	6.9568915e+02
0	0	10	50	7.5288971e+02
0	0	10	51	1.3558378e+03
0	0	10	52	1.2897319e+03
0	0	10	53	8.9042297e+02
0	0	10	54	8.4190839e+02
0	0	10	55	9.8567249e+02
0	0	10	56	1.1045057e+03
0	0	10	57	1.0403059e+03
0	0	10	58	1.0154601e+03
0	0	10	59	9.2078900e+02
0	0	10	60	9.9080048e+02
0	0	10	61	8.0835315e+02
0	0	10	62	8.4588330e+02
0	0	10	63	9.7845239e+02
0	0	11	0	1.2775195e+02
0	0	11	1	-8.7782494e+01
0	0	11	2	-3.9161098e+01
0	0	11	3	4.5438725e+01
0	0	11	4	-4.4836540e+01
0	0	11	5	3.8731068e+01
0	0	11	6	2.2892000e+01
0	0	11	7	9.0417007e+01
0	0	11	8	-2.0225101e+01
0	0	11	9	-7.6445099e+01
0	0	11	10	-3.8327728e+01
0	0	11	11	-6.3717659e+01
0	0	11	12	-1.8299573e+02
0	0	11	13	-1.0308654e+02
0	0	11	14	-1.9405836e+02
0	0	11	15	-1.6485191e+01
0	0	11	16	-1.5379405e+02
0	0	11	17	-1.3102884e+02
0	0	11	18	-1.2907776e+02
0	0	11	19	-1.2820111e+02
0	0	11	20	-1.8455254e+02
0	0	11	21	-1.5848502e+02
0	0	11	22	-1.0578838e+02
0	0	11	23	-1.6904810e+02
0	0	11	24	-1.8058784e+02
0	0	11	25	-2.3798924e+02
0	0	11	26	-2.2197520e+02
0	0	11	27	-1.5395793e+02
0	0	11	28	-1.3055884e+02
0	0	11	29	-2.0768320e+02
0	0	11	30	-2.0557529e+02
0	0	11	31	-1.9942456e+02
0	0	11	32	-2.2045197e+02
0	0	11	33	-2.6286429e+02
0	0	11	34	4.9905579e+02
0	0	11	35	4.7324945e+02
0	0	11	36	5.9192401e+02
0	0	11	37	4.9715918e+02
0	0	11	38	6.1166754e+02
0	0	11	39	4.4892426e+02
0	0	11	40	5.5931812e+02
0	0	11	41	5.4882263e+02
0	0	11	42	4.8113406e+02
0	0	11	43	5.1368970e+02
0	0	11	44	5.0298853e+02
0	0	11	45	4.6389636e+02
0	0	11	46	4.1791214e+02
0	0	11	47	3.9966153e+02
0	0	11	48	3.7532889e+02
0	0	11	49	4.1344516e+02
0	0	11	50	5.0944131e+02
0	0	11	51	1.0137719e+03
0	0	11	52	1.1151489e+03
0	0	11	53	6.7285046e+02
0	0	11	54	6.3506018e+02
0	0	11	55	7.7796399e+02
0	0	11	56	8.1046454e+02
0	0	11	57	8.5927661e+02
0	0	11	58	8.1020514e+02
0	0	11	59	7.2824438e+02
0	0	11	60	6.8523932e+02
0	0	11	61	6.5363129e+02
0	0	11	62	7.3480054e+02
0	0	11	63	6.9041962e+02
0	0	12	0	2.6326804e+02
0	0	12	1	1.6974474e+02
0	0	12	2	2.1742706e+02
0	0	12	3	2.3865788e+02
0	0	12	4	1.8386139e+02
0	0	12	5	2.2824210e+02
0	0	12	6	1.4857301e+02
0	0	12	7	2.4200598e+02
0	0	12	8	1.7555782e+02
0	0	12	9	3.0347839e+02
0	0	12	10	1.0906785e+02
0	0	12	11	2.8498578e+02
0	0	12	12	1.1696403e+02
0	0	12	13	1.9494736e+02
0	0	12	14	1.3161479e+02
0	0	12	15	2.1132126e+02
0	0	12	16	-6.0842430e+01
0	0	12	17	1.2623851e+01
0	0	12	18	1.6072694e+02
0	0	12	19	8.4795418e+01
0	0	12	20	-3.6956520e+01
0	0	12	21	-3.0144793e+01
0	0	12	22	3.2521614e+01
0	0	12	23	5.3091660e+01
0	0	12	24	3.5107349e+01
0	0	12	25	1.9795654e+02
0	0	12	26	3.7425003e+01
0	0	12	27	1.1229479e+02
0	0	12	28	5.5858055e+01
0	0	12	29	2.4581705e+01
0	0	12	30	5.3544989e+00
0	0	12	31	4.0129818e+01
0	0	12	32	9.5092144e+00
0	0	12	33	-2.4058128e+01
0	0	12	34	8.2805597e+02
0	0	12	35	7.7101599e+02
0	0	12	36	7.5860010e+02
0	0	12	37	8.6623633e+02
0	0	12	38	8.2122388e+02
0	0	12	39	7.6939984e+02
0	0	12	40	8.8167169e+02
0	0	12	41	7.6794879e+02
0	0	12	42	9.5443738e+02
0	0	12	43	8.9428827e+02
0	0	12	44	1.0461891e+03
0	0	12	45	8.1160388e+02
0	0	12	46	8.9230902e+02
0	0	12	47	8.3612891e+02
0	0	12	48	9.1945532e+02
0	0	12	49	8.8246429e+02
0	0	12	50	9.0218146e+02
0	0	12	51	1.5326653e+03
0	0	12	52	1.5656442e+03
0	0	12	53	1.1299814e+03
0	0	12	54	1.1325638e+03
0	0	12	55	1.2507639e+03
0	0	12	56	1.2791115e+03
0	0	12	57	1.3513511e+03
0	0	12	58	1.1426654e+03
0	0	12	59	1.1609806e+03
0	0	12	60	1.2289341e+03
0	0	12	61	1.0925370e+03
0	0	12	62	1.1289808e+03
0	0	12	63	1.2938184e+03
0	0	13	0	1.7734549e+02
0	0	13	1	5.1067051e+01
0	0	13	2	4.4125104e+00
0	0	13	3	3.2785267e+01
0	0	13	4	2.0234503e+01
0	0	13	5	1.0938895e+02
0	0	13	6	3.5255375e+01
0	0	13	7	1.6922078e+02
0	0	13	8	3.7051987e+01
0	0	13	9	8.6556923e+01
0	0	13	10	1.3333643e+02
0	0	13	11	6.2125362e+01
0	0	13	12	2.5554365e+01
0	0	13	13	1.0474508e+02
0	0	13	14	-1.6223150e+01
0	0	13	15	1.1348690e+02
0	0	13	16	-6.6808708e+01
0	0	13	17	-5.5141998e+01
0	0	13	18	-7.2796707e+01
0	0	13	19	-2.3625782e+01
0	0	13	20	-1.9129602e+02
0	0	13	21	-9.2532082e+01
0	0	13	22	-4.1506760e+01
0	0	13	23	-4.3505810e+01
0	0	13	24	-9.0028763e+01
0	0	13	25	-8.5977659e+00
0	0	13	26	-1.4151447e+02
0	0	13	27	-6.4851868e+01
0	0	13	28	-4.3717866e+00
0	0	13	29	-9.1175949e+01
0	0	13	30	-9.6002640e+01
0	0	13	31	-1.8847249e+02
0	0	13	32	-1.5743703e+02
0	0	13	33	-1.1196793e+02
0	0	13	34	5.9691370e+02
0	0	13	35	5.4682513e+02
0	0	13	36	4.9695938e+02
0	0	13	37	5.8328052e+02
0	0	13	38	6.1179877e+02
0	0	13	39	5.7835699e+02
0	0	13	40	6.4835876e+02
0	0	13	41	5.1392151e+02
0	0	13	42	5.9220026e+02
0	0	13	43	5.8561835e+02
0	0	13	44	6.1237201e+02
0	0	13	45	5.8048596e+02
0	0	13	46	5.9201831e+02
0	0	13	47	5.1470050e+02
0	0	13	48	5.3495691e+02
0	0	13	49	5.1992853e+02
0	0	13	50	7.1857275e+02
0	0	13	51	1.1949376e+03
0	0	13	52	5.2561493e+02
0	0	13	53	7.9087433e+02
0	0	13	54	1.6115293e+03
0	0	13	55	1.3248557e+03
0	0	13	56	1.0878665e+03
0	0	13	57	1.0386285e+03
0	0	13	58	9.9603601e+02
0	0	13	59	8.9214087e+02
0	0	13	60	8.4396704e+02
0	0	13	61	8.4911609e+02
0	0	13	62	8.6223108e+02
0	0	13	63	8.2350104e+02
0	0	14	0	3.2953314e+02
0	0	14	1	2.6847293e+02
0	0	14	2	1.9493842e+02
0	0	14	3	3.3341302e+02
0	0	14	4	2.0998398e+02
0	0	14	5	2.0536443e+02
0	0	14	6	1.8050098e+02
0	0	14	7	2.0426854e+02
0	0	14	8	1.3549252e+02
0	0	14	9	2.7598642e+02
0	0	14	10	8.7381996e+01
0	0	14	11	2.0724867e+02
0	0	14	12	7.8804993e+01
0	0	14	13	1.6779819e+02
0	0	14	14	8.6043434e+01
0	0	14	15	1.6964833e+02
0	0	14	16	5.2017570e+01
0	0	14	17	9.1980461e+01
0	0	14	18	3.4075874e+01
0	0	14	19	1.3693211e+02
0	0	14	20	7.8278816e+01
0	0	14	21	1.4392087e+02
0	0	14	22	8.2705345e+01
0	0	14	23	1.5838228e+02
0	0	14	24	4.1074646e+01
0	0	14	25	3.0679228e+01
0	0	14	26	8.8463997e+01
0	0	14	27	1.6678023e+02
0	0	14	28	1.4571971e+02
0	0	14	29	1.5170747e+02
0	0	14	30	1.3954126e+02
0	0	14	31	9.7256874e+01
0	0	14	32	3.1245163e+01
0	0	14	33	1.6885184e+02
0	0	14	34	6.3865912e+02
0	0	14	35	6.6739862e+02
0	0	14	36	7.9872083e+02
0	0	14	37	6.7566766e+02
0	0	14	38	6.5857416e+02
0	0	14	39	7.2955804e+02
0	0	14	40	7.1276208e+02
0	0	14	41	7.9706134e+02
0	0	14	42	7.4355664e+02
0	0	14	43	7.3382904e+02
0	0	14	44	8.4018250e+02
0	0	14	45	7.8419055e+02
0	0	14	46	7.3952533e+02
0	0	14	47	8.2296942e+02
0	0	14	48	7.8104858e+02
0	0	14	49	7.6715991e+02
0	0	14	50	7.4302454e+02
0	0	14	51	1.3585720e+03
0	0	14	52	1.3380262e+03
0	0	14	53	1.0097114e+03
0	0	14	54	9.3370325e+02
0	0	14	55	1.0406868e+03
0	0	14	56	1.1700979e+03
0	0	14	57	1.1773934e+03
0	0	14	58	1.0146174e+03
0	0	14	59	1.0717198e+03
0	0	14	60	9.8984882e+02
0	0	14	61	9.5718970e+02
0	0	14	62	8.8859210e+02
0	0	14	63	1.0389010e+03
0	0	15	0	4.4904980e+02
0	0	15	1	4.0025665e+02
0	0	15	2	3.1292224e+02
0	0	15	3	2.4923302e+02
0	0	15	4	2.0358328e+02
0	0	15	5	3.7739868e+02
0	0	15	6	2.5126591e+02
0	0	15	7	3.9208951e+02
0	0	15	8	2.9528201e+02
0	0	15	9	3.7100354e+02
0	0	15	10	3.3535812e+02
0	0	15	11	2.8830521e+02
0	0	15	12	1.8841217e+02
0	0	15	13	2.2797787e+02
0	0	15	14	2.6339014e+02
0	0	15	15	3.2905585e+02
0	0	15	16	2.6387936e+02
0	0	15	17	2.4584686e+02
0	0	15	18	1.2150080e+02
0	0	15	19	7.4623120e+03
0	0	15	20	1.4323743e+02
0	0	15	21	1.4640437e+02
0	0	15	22	2.1049989e+02
0	0	15	23	2.0410628e+02
0	0	15	24	2.0106075e+02
0	0	15	25	1.8196089e+02
0	0	15	26	9.2332809e+01
0	0	15	27	1.2503544e+02
0	0	15	28	2.6595343e+02
0	0	15	29	1.6441437e+02
0	0	15	30	1.6342122e+02
0	0	15	31	1.1249684e+02
0	0	15	32	2.0321667e+02
0	0	15	33	1.4647534e+02
0	0	15	34	7.7891980e+02
0	0	15	35	7.0644397e+02
0	0	15	36	8.1908246e+02
0	0	15	37	8.1357306e+02
0	0	15	38	8.4143665e+02
0	0	15	39	8.1247375e+02
0	0	15	40	9.0108331e+02
0	0	15	41	7.7586285e+02
0	0	15	42	8.3179742e+02
0	0	15	43	7.5188989e+02
0	0	15	44	8.0825830e+02
0	0	15	45	6.5182404e+02
0	0	15	46	7.2618921e+02
0	0	15	47	7.7499609e+02
0	0	15	48	8.2241223e+02
0	0	15	49	7.3015552e+02
0	0	15	50	9.1080170e+02
0	0	15	51	1.5518306e+03
0	0	15	52	1.5035219e+03
0	0	15	53	1.1107351e+03
0	0	15	54	1.0928549e+03
0	0	15	55	1.1079736e+03
0	0	15	56	1.4015304e+03
0	0	15	57	1.3107938e+03
0	0	15	58	1.1756022e+03
0	0	15	59	1.1333475e+03
0	0	15	60	1.1409454e+03
0	0	15	61	1.1835914e+03
0	0	15	62	1.1688699e+03
0	0	15	63	1.1542673e+03
0	1	0	0	-6.0294269e+02
0	1	0	1	-5.6301874e+02
0	1	0	2	-4.3868842e+02
0	1	0	3	-5.9419293e+02
0	1	0	4	-5.0066943e+02
0	1	0	5	-4.8161517e+02
0	1	0	6	-5.5592139e+02
0	1	0	7	-6.0258038e+02
0	1	0	8	-5.5113251e+02
0	1	0	9	-4.7345511e+02
0	1	0	10	-6.1185004e+02
0	1	0	11	-4.5237885e+02
0	1	0	12	-5.6886371e+02
0	1	0	13	-5.1954956e+02
0	1	0	14	-5.9847491e+02
0	1	0	15	-5.2852026e+02
0	1	0	16	-8.7569537e+02
0	1	0	17	-7.4299835e+02
0	1	0	18	-7.8288428e+02
0	1	0	19	-8.1933752e+02
0	1	0	20	-8.3631140e+02
0	1	0	21	-7.4809631e+02
0	1	0	22	-7.0676733e+02
0	1	0	23	-7.7036078e+02
0	1	0	24	-6.9835895e+02
0	1	0	25	-7.1299292e+02
0	1	0	26	-7.6286353e+02
0	1	0	27	-6.3339740e+02
0	1	0	28	-7.8766394e+02
0	1	0	29	-7.2673071e+02
0	1	0	30	-6.4514838e+02
0	1	0	31	-6.5680231e+02
0	1	0	32	-6.9746753e+02
0	1	0	33	-6.5632660e+02
0	1	0	34	-4.5554050e+01
0	1	0	35	6.5278900e+01
0	1	0	36	1.9417711e+01
0	1	0	37	1.4818646e+02
0	1	0	38	-2.8244143e+01
0	1	0	39	2.8771843e+01
0	1	0	40	-1.0406754e+01
0	1	0	41	2.9196735e+01
0	1	0	42	1.4305209e+02
0	1	0	43	1.4943666e+02
0	1	0	44	1.5316887e+02
0	1	0	45	4.3046276e+01
0	1	0	46	1.8122266e+02
0	1	0	47	1.7324460e+02
0	1	0	48	4.8280838e+01
0	1	0	49	1.5391150e+02
0	1	0	50	1.1395628e+02
0	1	0	51	6.9632068e+02
0	1	0	52	7.1642065e+02
0	1	0	53	3.5202185e+02
0	1	0	54	2.9234549e+02
0	1	0	55	4.2768457e+02
0	1	0	56	6.0764484e+02
0	1	0	57	5.3040118e+02
0	1	0	58	3.6079434e+02
0	1	0	59	2.6138177e+02
0	1	0	60	3.6983371e+02
0	1	0	61	2.9116907e+02
0	1	0	62	2.9025928e+02
0	1	0	63	4.5708386e+02
0	1	1	0	-4.7503271e+02
0	1	1	1	-6.0023138e+02
0	1	1	2	-6.8020770e+02
0	1	1	3	-6.1385315e+02
0	1	1	4	-7.2087457e+02
0	1	1	5	-5.6888507e+02
0	1	1	6	-6.6097595e+02
0	1	1	7	-5.8148883e+02
0	1	1	8	-5.4396790e+02
0	1	1	9	-6.2594946e+02
0	1	1	10	-5.6737152e+02
0	1	1	11	-7.2305292e+02
0	1	1	12	-7.4109381e+02
0	1	1	13	-6.7128961e+02
0	1	1	14	-7.2045398e+02
0	1	1	15	-6.5761182e+02
0	1	1	16	-7.0056757e+02
0	1	1	17	-6.6906500e+02
0	1	1	18	-7.5581073e+02
0	1	1	19	-6.0027502e+02
0	1	1	20	-7.6240002e+02
0	1	1	21	-7.1981647e+02
0	1	1	22	-7.6150549e+02
0	1	1	23	-7.0175940e+02
0	1	1	24	-8.0299298e+02
0	1	1	25	-7.1922992e+02
0	1	1	26	-7.9184637e+02
0	1	1	27	-8.2440289e+02
0	1	1	28	-7.8555536e+02
0	1	1	29	-8.1656714e+02
0	1	1	30	-9.1603107e+02
0	1	1	31	-8.5705750e+02
0	1	1	32	-9.0714008e+02
0	1	1	33	-9.0286670e+02
0	1	1	34	-1.6971698e+02
0	1	1	35	-1.8444698e+02
0	1	1	36	-1.1794898e+02
0	1	1	37	-2.3862820e+02
0	1	1	38	-6.7406837e+01
0	1	1	39	-1.1335437e+02
0	1	1	40	-2.0253828e+02
0	1	1	41	-2.3047926e+02
0	1	1	42	-1.8701929e+02
0	1	1	43	-1.6501273e+02
0	1	1	44	-1.8156587e+02
0	1	1	45	-2.8597897e+02
0	1	1	46	-1.9945630e+02
0	1	1	47	-1.9395622e+02
0	1	1	48	-2.6891867e+02
0	1	1	49	-1.7065990e+02
0	1	1	50	-1.1994754e+02
0	1	1	51	2.7093542e+02
0	1	1	52	3.6924860e+02
0	1	1	53	-5.3833683e+01
0	1	1	54	-2.0512960e+01
0	1	1	55	-5.9213242e+01
0	1	1	56	1.5949715e+02
0	1	1	57	2.1479424e+02
0	1	1	58	1.7332812e+02
0	1	1	59	3.7080307e+01
0	1	1	60	-2.5518192e+01
0	1	1	61	-1.2656868e+01
0	1	1	62	1.2788239e+01
0	1	1	63	1.0401489e+02
0	1	2	0	-1.7529712e+03
0	1	2	1	-1.6412455e+03
0	1	2	2	-1.4299600e+03
0	1	2	3	-1.8819180e+03
0	1	2	4	-1.3902345e+03
0	1	2	5	-1.5234723e+03
0	1	2	6	-1.4028951e+03
0	1	2	7	-1.8423003e+03
0	1	2	8	-1.6780569e+03
0	1	2	9	-1.2488279e+03
0	1	2	10	-1.6687825e+03
0	1	2	11	-1.3637681e+03
0	1	2	12	-1.5913846e+03
0	1	2	13	-1.4663905e+03
0	1	2	14	-1.9278949e+03
0	1	2	15	-1.7178193e+03
0	1	2	16	-1.9874692e+03
0	1	2	17	-1.8979003e+03
0	1	2	18	-2.0053101e+03
0	1	2	19	-1.8046873e+03
0	1	2	20	-1.8720283e+03
0	1	2	21	-1.9980083e+03
0	1	2	22	-1.7971243e+03
0	1	2	23	-1.7372864e+03
0	1	2	24	-1.6441505e+03
0	1	2	25	-1.5598958e+03
0	1	2	26	-1.6997185e+03
0	1	2	27	-1.3569579e+03
0	1	2	28	-1.5686664e+03
0	1	2	29	-1.5358082e+03
0	1	2	30	-1.4425010e+03
0	1	2	31	-1.5068948e+03
0	1	2	32	-1.5028942e+03
0	1	2	33	-1.3673575e+03
0	1	2	34	-7.1963867e+02
0	1	2	35	-6.9525464e+02
0	1	2	36	-7.5194562e+02
0	1	2	37	-6.2482074e+02
0	1	2	38	-7.2727026e+02
0	1	2	39	-6.2525812e+02
0	1	2	40	-6.6423505e+02
0	1	2	41	-6.2521655e+02
0	1	2	42	-5.0252063e+02
0	1	2	43	-4.6395929e+02
0	1	2	44	-3.7988318e+02
0	1	2	45	-6.1009967e+02
0	1	2	46	-4.5084961e+02
0	1	2	47	-4.6519928e+02
0	1	2	48	-4.3425229e+02
0	1	2	49	-4.6892728e+02
0	1	2	50	-5.9906482e+02
0	1	2	51	1.6508929e+02
0	1	2	52	2.2323883e+02
0	1	2	53	-2.0787605e+02
0	1	2	54	-2.2037756e+02
0	1	2	55	-1.0879253e+02
0	1	2	56	1.9245338e+01
0	1	2	57	-1.3461363e+02
0	1	2	58	-3.2983698e+02
0	1	2	59	-3.1220483e+02
0	1	2	60	-1.8060555e+02
0	1	2	61	-3.9550873e+02
0	1	2	62	-3.7273218e+02
0	1	2	63	-8.6440361e+01
0	1	3	0	-9.1506323e+02
0	1	3	1	-1.0006804e+03
0	1	3	2	-1.2365204e+03
0	1	3	3	-9.3870471e+02
0	1	3	4	-1.2895869e+03
0	1	3	5	-8.9097156e+02
0	1	3	6	-1.1158054e+03
0	1	3	7	-8.9136639e+02
0	1	3	8	-1.1016826e+03
0	1	3	9	-1.2913516e+03
0	1	3	10	-9.6868964e+02
0	1	3	11	-1.3399736e+03
0	1	3	12	-1.2463258e+03
0	1	3	13	-1.1548644e+03
0	1	3	14	-1.2204331e+03
0	1	3	15	-1.0390328e+03
0	1	3	16	-1.0590911e+03
0	1	3	17	-1.0948488e+03
0	1	3	18	-1.1164127e+03
0	1	3	19	-1.0472637e+03
0	1	3	20	-1.2151537e+03
0	1	3	21	-1.2375330e+03
0	1	3	22	-1.1146868e+03
0	1	3	23	-1.1054052e+03
0	1	3	24	-1.2546964e+03
0	1	3	25	-1.2897720e+03
0	1	3	26	-1.3381777e+03
0	1	3	27	-1.3143450e+03
0	1	3	28	-1.2862448e+03
0	1	3	29	-1.3541317e+03
0	1	3	30	-1.3307828e+03
0	1	3	31	-1.4487041e+03
0	1	3	32	-1.3570347e+03
0	1	3	33	-1.4514866e+03
0	1	3	34	-8.7482434e+02
0	1	3	35	-7.9326685e+02
0	1	3	36	-7.3476447e+02
0	1	3	37	-8.1150537e+02
0	1	3	38	-6.8581158e+02
0	1	3	39	-8.4972070e+02
0	1	3	40	-9.9480884e+02
0	1	3	41	-9.6715570e+02
0	1	3	42	-1.0457953e+03
0	1	3	43	-8.6124072e+02
0	1	3	44	-1.1653866e+03
0	1	3	45	-9.9379108e+02
0	1	3	46	-1.2364850e+03
0	1	3	47	-1.0578656e+03
0	1	3	48	-1.2484741e+03
0	1	3	49	-1.2215557e+03
0	1	3	50	-8.2126819e+02
0	1	3	51	-5.0881461e+02
0	1	3	52	-4.9901236e+02
0	1	3	53	-8.3572925e+02
0	1	3	54	-8.5066034e+02
0	1	3	55	-9.8230701e+02
0	1	3	56	-8.1574207e+02
0	1	3	57	-5.2113074e+02
0	1	3	58	-4.9018765e+02
0	1	3	59	-5.9254797e+02
0	1	3	60	-1.0721212e+03
0	1	3	61	-6.4670886e+02
0	1	3	62	-4.8655099e+02
0	1	3	63	-9.1081512e+02
0	1	4	0	-1.1389789e+03
0	1	4	1	-1.1097953e+03
0	1	4	2	-1.1595233e+03
0	1	4	3	-1.1067228e+03
0	1	4	4	-1.3357087e+03
0	1	4	5	-1.1936115e+03
0	1	4	6	-1.3670836e+03
0	1	4	7	-1.0548346e+03
0	1	4	8	-1.1821655e+03
0	1	4	9	-1.2331963e+03
0	1	4	10	-1.1680062e+03
0	1	4	11	-1.3202628e+03
0	1	4	12	-1.2945814e+03
0	1	4	13	-1.2170970e+03
0	1	4	14	-1.1102288e+03
0	1	4	15	-1.1296732e+03
0	1	4	16	-1.2421832e+03
0	1	4	17	-1.3626294e+03
0	1	4	18	-1.1544128e+03
0	1	4	19	-1.3915303e+03
0	1	4	20	-1.1633716e+03
0	1	4	21	-1.1804374e+03
0	1	4	22	-1.2052931e+03
0	1	4	23	-1.2428071e+03
0	1	4	24	-1.4208479e+03
0	1	4	25	-1.3197924e+03
0	1	4	26	-1.3555603e+03
0	1	4	27	-1.5619476e+03
0	1	4	28	-1.3508173e+03
0	1	4	29	-1.4758333e+03
0	1	4	30	-1.4329604e+03
0	1	4	31	-1.4085747e+03
0	1	4	32	-1.4447545e+03
0	1	4	33	-1.5569377e+03
0	1	4	34	-8.9489679e+02
0	1	4	35	-8.2118030e+02
0	1	4	36	-8.8640869e+02
0	1	4	37	-1.0162849e+03
0	1	4	38	-8.7759662e+02
0	1	4	39	-9.1557349e+02
0	1	4	40	-9.9188818e+02
0	1	4	41	-1.0020199e+03
0	1	4	42	-1.1086696e+03
0	1	4	43	-1.0326024e+03
0	1	4	44	-1.2361881e+03
0	1	4	45	-1.1361927e+03
0	1	4	46	-1.2686492e+03
0	1	4	47	-1.0877722e+03
0	1	4	48	-1.3314854e+03
0	1	4	49	-1.3253090e+03
0	1	4	50	-8.0283325e+02
0	1	4	51	-3.3456113e+02
0	1	4	52	-4.4468622e+02
0	1	4	53	-7.6739307e+02
0	1	4	54	-7.3172809e+02
0	1	4	55	-8.9847101e+02
0	1	4	56	-6.9394452e+02
0	1	4	57	-4.2585852e+02
0	1	4	58	-4.3282651e+02
0	1	4	59	-6.4974677e+02
0	1	4	60	-9.0063098e+02
0	1	4	61	-6.2526801e+02
0	1	4	62	-6.1603607e+02
0	1	4	63	-9.1044806e+02
0	1	5	0	-1.5839583e+03
0	1	5	1	-1.3798345e+03
0	1	5	2	-1.2363646e+03
0	1	5	3	-1.2861635e+03
0	1	5	4	-1.3503091e+03
0	1	5	5	-1.5477986e+03
0	1	5	6	-1.2771827e+03
0	1	5	7	-1.5940033e+03
0	1	5	8	-1.4009967e+03
0	1	5	9	-1.0771315e+03
0	1	5	10	-1.6251151e+03
0	1	5	11	-1.2170502e+03
0	1	5	12	-1.4958414e+03
0	1	5	13	-1.3407358e+03
0	1	5	14	-1.3621423e+03
0	1	5	15	-1.4840186e+03
0	1	5	16	-1.6580840e+03
0	1	5	17	-1.6881704e+03
0	1	5	18	-1.7558641e+03
0	1	5	19	-1.7646339e+03
0	1	5	20	-1.5866478e+03
0	1	5	21	-1.5982252e+03
0	1	5	22	-1.5912628e+03
0	1	5	23	-1.5453224e+03
0	1	5	24	-1.4460601e+03
0	1	5	25	-1.3997664e+03
0	1	5	26	-1.4006738e+03
0	1	5	27	-1.3449006e+03
0	1	5	28	-1.4275846e+03
0	1	5	29	-1.3305382e+03
0	1	5	30	-1.3375162e+03
0	1	5	31	-1.3818987e+03
0	1	5	32	-1.3999564e+03
0	1	5	33	-1.1935187e+03
0	1	5	34	-5.9708282e+02
0	1	5	35	-6.6158453e+02
0	1	5	36	-6.0717499e+02
0	1	5	37	-5.3660297e+02
0	1	5	38	-6.2296216e+02
0	1	5	39	-5.6917596e+02
0	1	5	40	-4.4148877e+02
0	1	5	41	-6.0390881e+02
0	1	5	42	-4.8698935e+02
0	1	5	43	-5.9092877e+02
0	1	5	44	-2.4921490e+02
0	1	5	45	-4.9241412e+02
0	1	5	46	-2.7715463e+02
0	1	5	47	-4.4446143e+02
0	1	5	48	-2.6996054e+02
0	1	5	49	1.9593500e+02
0	1	5	50	-4.5530829e+02
0	1	5	51	1.4369746e+02
0	1	5	52	7.8490311e+01
0	1	5	53	-2.1331198e+02
0	1	5	54	-1.9778442e+02
0	1	5	55	1.5147279e+03
0	1	5	56	1.5961223e+02
0	1	5	57	-9.8404152e+01
0	1	5	58	-3.6081812e+02
0	1	5	59	-2.5621750e+02
0	1	5	60	8.6920729e+00
0	1	5	61	-3.3765613e+02
0	1	5	62	-3.9798495e+02
0	1	5	63	1.9247118e+01
0	1	6	0	-7.5636060e+02
0	1	6	1	-9.0006042e+02
0	1	6	2	-8.6127362e+02
0	1	6	3	-7.9059216e+02
0	1	6	4	-9.4931311e+02
0	1	6	5	-9.3166559e+02
0	1	6	6	-9.1393823e+02
0	1	6	7	-7.3924792e+02
0	1	6	8	-8.7931238e+02
0	1	6	9	-8.8647479e+02
0	1	6	10	-9.0126440e+02
0	1	6	11	-8.8895398e+02
0	1	6	12	-9.0497748e+02
0	1	6	13	-8.9793500e+02
0	1	6	14	-7.9618634e+02
0	1	6	15	-8.3845532e+02
0	1	6	16	-1.0046705e+03
0	1	6	17	-1.0306750e+03
0	1	6	18	-9.2014819e+02
0	1	6	19	-9.6749866e+02
0	1	6	20	-9.3488196e+02
0	1	6	21	-9.3444958e+02
0	1	6	22	-9.4627869e+02
0	1	6	23	-9.7080707e+02
0	1	6	24	-9.9950317e+02
0	1	6	25	-1.0065890e+03
0	1	6	26	-1.0732850e+03
0	1	6	27	-1.0852715e+03
0	1	6	28	-1.0278358e+03
0	1	6	29	-9.3305304e+02
0	1	6	30	-1.0710718e+03
0	1	6	31	-1.0482332e+03
0	1	6	32	-1.1110533e+03
0	1	6	33	-1.1171709e+03
0	1	6	34	-3.9529105e+02
0	1	6	35	-3.2217892e+02
0	1	6	36	-3.6514752e+02
0	1	6	37	-4.0069312e+02
0	1	6	38	-3.7172168e+02
0	1	6	39	-4.8152719e+02
0	1	6	40	-4.4241406e+02
0	1	6	41	-4.6926846e+02
0	1	6	42	-3.5950369e+02
0	1	6	43	-4.5008487e+02
0	1	6	44	-4.3979498e+02
0	1	6	45	-4.6255710e+02
0	1	6	46	-4.4221527e+02
0	1	6	47	-4.2600809e+02
0	1	6	48	-4.4934323e+02
0	1	6	49	-5.1739740e+02
0	1	6	50	-3.9553119e+02
0	1	6	51	2.6277203e+02
0	1	6	52	1.4252505e+02
0	1	6	53	-2.6173413e+02
0	1	6	54	-2.5790680e+02
0	1	6	55	-1.8081685e+02
0	1	6	56	-4.2897942e+01
0	1	6	57	4.4784346e+00
0	1	6	58	1.8304226e+00
0	1	6	59	-1.5698279e+02
0	1	6	60	-2.3118884e+02
0	1	6	61	-1.0167426e+02
0	1	6	62	-1.3554489e+02
0	1	6	63	-1.7979031e+02
0	1	7	0	-1.0344438e+03
0	1	7	1	-1.1055317e+03
0	1	7	2	-1.0611429e+03
0	1	7	3	-1.0623490e+03
0	1	7	4	-1.1271145e+03
0	1	7	5	-1.1088481e+03
0	1	7	6	-1.0866267e+03
0	1	7	7	-1.0899327e+03
0	1	7	8	-1.1412614e+03
0	1	7	9	-1.0435192e+03
0	1	7	10	-1.1450754e+03
0	1	7	11	-9.9180518e+02
0	1	7	12	-1.1566879e+03
0	1	7	13	-1.1216627e+03
0	1	7	14	-1.2239554e+03
0	1	7	15	-1.0998887e+03
0	1	7	16	-1.3018102e+03
0	1	7	17	-1.3685753e+03
0	1	7	18	-1.3241385e+03
0	1	7	19	-1.2919462e+03
0	1	7	20	-1.2349113e+03
0	1	7	21	-1.3349202e+03
0	1	7	22	-1.3233156e+03
0	1	7	23	-1.2187654e+03
0	1	7	24	-1.2611891e+03
0	1	7	25	-1.1649934e+03
0	1	7	26	-1.2418013e+03
0	1	7	27	-1.1789573e+03
0	1	7	28	-1.1991707e+03
0	1	7	29	-1.2851704e+03
0	1	7	30	-1.1721993e+03
0	1	7	31	-1.2686840e+03
0	1	7	32	-1.2119623e+03
0	1	7	33	-1.2245536e+03
0	1	7	34	-4.3739706e+02
0	1	7	35	-4.7401379e+02
0	1	7	36	-4.2138956e+02
0	1	7	37	-3.6776245e+02
0	1	7	38	-4.0124338e+02
0	1	7	39	-4.1767212e+02
0	1	7	40	-3.4696530e+02
0	1	7	41	-3.5913452e+02
0	1	7	42	-3.5375977e+02
0	1	7	43	-4.2151352e+02
0	1	7	44	-2.9906033e+02
0	1	7	45	-3.7219910e+02
0	1	7	46	-3.1010184e+02
0	1	7	47	-2.8960907e+02
0	1	7	48	-3.0354816e+02
0	1	7	49	-3.3542416e+02
0	1	7	50	-3.1029099e+02
0	1	7	51	1.4714137e+02
0	1	7	52	2.6415152e+02
0	1	7	53	-1.0277271e+02
0	1	7	54	-7.8661652e+01
0	1	7	55	-6.7845299e+01
0	1	7	56	5.2486267e+01
0	1	7	57	-4.1036003e+01
0	1	7	58	-1.7045164e+02
0	1	7	59	-1.2788328e+02
0	1	7	60	-2.1515383e+01
0	1	7	61	-1.8645056e+02
0	1	7	62	-2.0199330e+02
0	1	7	63	-6.8395996e+01
0	1	8	0	-6.5772491e+02
0	1	8	1	-8.4502307e+02
0	1	8	2	-7.8702710e+02
0	1	8	3	-7.5350586e+02
0	1	8	4	-9.2422369e+02
0	1	8	5	-8.6817328e+02
0	1	8	6	-9.4609979e+02
0	1	8	7	-7.2961359e+02
0	1	8	8	-8.3812537e+02
0	1	8	9	-8.0056824e+02
0	1	8	10	-8.0186975e+02
0	1	8	11	-8.2410406e+02
0	1	8	12	-9.4536639e+02
0	1	8	13	-8.6878729e+02
0	1	8	14	-8.2719336e+02
0	1	8	15	-8.6471606e+02
0	1	8	16	-1.0060559e+03
0	1	8	17	-9.8485779e+02
0	1	8	18	-9.1883405e+02
0	1	8	19	-9.3581567e+02
0	1	8	20	-8.7101154e+02
0	1	8	21	-8.8423901e+02
0	1	8	22	-9.8630255e+02
0	1	8	23	-9.8853516e+02
0	1	8	24	-9.8555768e+02
0	1	8	25	-9.7035345e+02
0	1	8	26	-1.0124682e+03
0	1	8	27	-1.1005790e+03
0	1	8	28	-1.0716415e+03
0	1	8	29	-1.0720275e+03
0	1	8	30	-1.0268848e+03
0	1	8	31	-1.1297118e+03
0	1	8	32	-1.0354033e+03
0	1	8	33	-1.1253109e+03
0	1	8	34	-4.4810394e+02
0	1	8	35	-4.4597659e+02
0	1	8	36	-4.0953992e+02
0	1	8	37	-4.4012570e+02
0	1	8	38	-3.1817056e+02
0	1	8	39	-4.3818475e+02
0	1	8	40	-4.6940924e+02
0	1	8	41	-4.6196674e+02
0	1	8	42	-4.9237299e+02
0	1	8	43	-4.2983450e+02
0	1	8	44	-4.3122266e+02
0	1	8	45	-4.1535364e+02
0	1	8	46	-4.7989539e+02
0	1	8	47	-5.0239035e+02
0	1	8	48	-5.2911975e+02
0	1	8	49	-5.6637158e+02
0	1	8	50	-4.2968027e+02
0	1	8	51	2.8417609e+02
0	1	8	52	1.8415877e+02
0	1	8	53	-2.0694788e+02
0	1	8	54	-1.8664616e+02
0	1	8	55	-1.8969379e+02
0	1	8	56	-4.6517925e+01
0	1	8	57	7.1084404e+01
0	1	8	58	-1.7289637e+01
0	1	8	59	-1.2281303e+02
0	1	8	60	-2.4653860e+02
0	1	8	61	-1.4467995e+02
0	1	8	62	-6.9579063e+01
0	1	8	63	-1.6238426e+02
0	1	9	0	-9.9692957e+02
0	1	9	1	-9.5426355e+02
0	1	9	2	-9.1990961e+02
0	1	9	3	-9.0485626e+02
0	1	9	4	-9.6910968e+02
0	1	9	5	-1.0031044e+03
0	1	9	6	-9.6230048e+02
0	1	9	7	-9.5163263e+02
0	1	9	8	-9.6844727e+02
0	1	9	9	-9.1065039e+02
0	1	9	10	-1.0163724e+03
0	1	9	11	-8.5814502e+02
0	1	9	12	-1.0355084e+03
0	1	9	13	-9.5355670e+02
0	1	9	14	-1.1087599e+03
0	1	9	15	-9.8659729e+02
0	1	9	16	-1.1676755e+03
0	1	9	17	-1.1600084e+03
0	1	9	18	-1.1207201e+03
0	1	9	19	-1.0577252e+03
0	1	9	20	-1.0053794e+03
0	1	9	21	-1.0308926e+03
0	1	9	22	-1.0517418e+03
0	1	9	23	-1.0965741e+03
0	1	9	24	-1.1456561e+03
0	1	9	25	-1.0089944e+03
0	1	9	26	-1.0315228e+03
0	1	9	27	-9.8850562e+02
0	1	9	28	-1.0481730e+03
0	1	9	29	-1.0120819e+03
0	1	9	30	-1.0262943e+03
0	1	9	31	-1.1315802e+03
0	1	9	32	-1.0820632e+03
0	1	9	33	-9.6283429e+02
0	1	9	34	-3.3951276e+02
0	1	9	35	-3.8715048e+02
0	1	9	36	-3.1100116e+02
0	1	9	37	-2.2433974e+02
0	1	9	38	-3.3374667e+02
0	1	9	39	-3.0344672e+02
0	1	9	40	-1.7079958e+02
0	1	9	41	-4.0866028e+02
0	1	9	42	-1.8538176e+02
0	1	9	43	-2.3847986e+02
0	1	9	44	-1.2566321e+02
0	1	9	45	-2.5851041e+02
0	1	9	46	-9.1869919e+01
0	1	9	47	-2.6702240e+02
0	1	9	48	-2.0891800e+02
0	1	9	49	-2.2486452e+02
0	1	9	50	-2.2198883e+02
0	1	9	51	3.4652322e+02
0	1	9	52	3.9303293e+02
0	1	9	53	-3.0176220e+01
0	1	9	54	2.4639835e+01
0	1	9	55	7.7156914e+01
0	1	9	56	2.3168944e+02
0	1	9	57	2.0048140e+02
0	1	9	58	7.3982477e+00
0	1	9	59	-1.9766079e+01
0	1	9	60	1.2033897e+02
0	1	9	61	-1.1028464e+02
0	1	9	62	-8.7686821e+01
0	1	9	63	6.6169327e+01
0	1	10	0	-1.0600824e+03
0	1	10	1	-1.1648781e+03
0	1	10	2	-1.1269836e+03
0	1	10	3	-1.0489763e+03
0	1	10	4	-1.2774875e+03
0	1	10	5	-1.1794641e+03
0	1	10	6	-1.3430311e+03
0	1	10	7	-1.0398650e+03
0	1	10	8	-1.1356914e+03
0	1	10	9	-1.1996681e+03
0	1	10	10	-1.2200255e+03
0	1	10	11	-1.2154407e+03
0	1	10	12	-1.3062537e+03
0	1	10	13	-1.2290884e+03
0	1	10	14	-1.0890748e+03
0	1	10	15	-1.1644049e+03
0	1	10	16	-1.2583253e+03
0	1	10	17	-1.3919750e+03
0	1	10	18	-1.2062758e+03
0	1	10	19	-1.3480372e+03
0	1	10	20	-1.1079209e+03
0	1	10	21	-1.1964862e+03
0	1	10	22	-1.2970558e+03
0	1	10	23	-1.3300804e+03
0	1	10	24	-1.3992668e+03
0	1	10	25	-1.3149767e+03
0	1	10	26	-1.3607820e+03
0	1	10	27	-1.5775520e+03
0	1	10	28	-1.3799740e+03
0	1	10	29	-1.4874846e+03
0	1	10	30	-1.5014355e+03
0	1	10	31	-1.4883102e+03
0	1	10	32	-1.5159265e+03
0	1	10	33	-1.6032833e+03
0	1	10	34	-1.0006559e+03
0	1	10	35	-8.7662695e+02
0	1	10	36	-8.8720544e+02
0	1	10	37	-1.0092344e+03
0	1	10	38	-9.2025690e+02
0	1	10	39	-1.0759821e+03
0	1	10	40	-9.3076349e+02
0	1	10	41	-1.0591016e+03
0	1	10	42	-1.1537094e+03
0	1	10	43	-1.1270194e+03
0	1	10	44	-1.3360712e+03
0	1	10	45	-1.1506820e+03
0	1	10	46	-1.3374855e+03
0	1	10	47	-1.1475773e+03
0	1	10	48	-1.3770547e+03
0	1	10	49	-1.3855127e+03
0	1	10	50	-1.0359344e+03
0	1	10	51	-5.7672937e+02
0	1	10	52	-5.1117181e+02
0	1	10	53	-9.0935718e+02
0	1	10	54	-9.1435168e+02
0	1	10	55	-1.1205132e+03
0	1	10	56	-8.9611621e+02
0	1	10	57	-5.2620502e+02
0	1	10	58	-6.1531323e+02
0	1	10	59	-7.4605603e+02
0	1	10	60	-1.0856746e+03
0	1	10	61	-8.3981750e+02
0	1	10	62	-6.6157532e+02
0	1	10	63	-1.0068317e+03
0	1	11	0	-1.5337606e+03
0	1	11	1	-1.4205448e+03
0	1	11	2	-1.1638856e+03
0	1	11	3	-1.4226219e+03
0	1	11	4	-1.1594729e+03
0	1	11	5	-1.5915187e+03
0	1	11	6	-1.2759340e+03
0	1	11	7	-1.5889921e+03
0	1	11	8	-1.4868436e+03
0	1	11	9	-1.0682709e+03
0	1	11	10	-1.5780001e+03
0	1	11	11	-1.0500486e+03
0	1	11	12	-1.3576416e+03
0	1	11	13	-1.3037396e+03
0	1	11	14	-1.4295558e+03
0	1	11	15	-1.4762849e+03
0	1	11	16	-1.7932452e+03
0	1	11	17	-1.8031396e+03
0	1	11	18	-1.7743259e+03
0	1	11	19	-1.7962738e+03
0	1	11	20	-1.6533822e+03
0	1	11	21	-1.6638344e+03
0	1	11	22	-1.5459789e+03
0	1	11	23	-1.4868809e+03
0	1	11	24	-1.5257703e+03
0	1	11	25	-1.4899420e+03
0	1	11	26	-1.4308856e+03
0	1	11	27	-1.3246118e+03
0	1	11	28	-1.5016249e+03
0	1	11	29	-1.3861786e+03
0	1	11	30	-1.4008199e+03
0	1	11	31	-1.3855707e+03
0	1	11	32	-1.4314460e+03
0	1	11	33	-1.3964077e+03
0	1	11	34	-7.0539752e+02
0	1	11	35	-7.0002490e+02
0	1	11	36	-5.9376532e+02
0	1	11	37	-5.7496765e+02
0	1	11	38	-7.7198126e+02
0	1	11	39	-5.9463458e+02
0	1	11	40	-4.8254669e+02
0	1	11	41	-6.3608575e+02
0	1	11	42	-4.4967569e+02
0	1	11	43	-6.3281689e+02
0	1	11	44	-4.0258002e+02
0	1	11	45	-5.2830383e+02
0	1	11	46	-3.9860733e+02
0	1	11	47	-4.5749551e+02
0	1	11	48	-4.0075620e+02
0	1	11	49	-4.3943845e+02
0	1	11	50	-5.7430634e+02
0	1	11	51	5.0641148e+01
0	1	11	52	5.5577122e+01
0	1	11	53	-2.4382082e+02
0	1	11	54	-2.3150058e+02
0	1	11	55	-1.1101957e+02
0	1	11	56	-4.7467022e+01
0	1	11	57	-1.5930394e+02
0	1	11	58	-3.6048157e+02
0	1	11	59	-3.3357147e+02
0	1	11	60	-1.7766101e+02
0	1	11	61	-3.9505148e+02
0	1	11	62	-4.5660919e+02
0	1	11	63	-1.6804172e+02
0	1	12	0	-1.7793070e+03
0	1	12	1	-1.5872275e+03
0	1	12	2	-1.2756134e+03
0	1	12	3	-1.7518744e+03
0	1	12	4	-1.3712216e+03
0	1	12	5	-1.3857421e+03
0	1	12	6	-1.2630684e+03
0	1	12	7	-1.7879010e+03
0	1	12	8	-1.6526868e+03
0	1	12	9	-1.1926373e+03
0	1	12	10	-1.5837168e+03
0	1	12	11	-1.2585098e+03
0	1	12	12	-1.5213544e+03
0	1	12	13	-1.5187776e+03
0	1	12	14	-1.8288143e+03
0	1	12	15	-1.5678582e+03
0	1	12	16	-1.9649454e+03
0	1	12	17	-1.7328730e+03
0	1	12	18	-1.9222484e+03
0	1	12	19	-1.7427186e+03
0	1	12	20	-1.8780687e+03
0	1	12	21	-1.8546749e+03
0	1	12	22	-1.7225079e+03
0	1	12	23	-1.6473940e+03
0	1	12	24	-1.5077295e+03
0	1	12	25	-1.4393894e+03
0	1	12	26	-1.6292841e+03
0	1	12	27	-1.3418373e+03
0	1	12	28	-1.5253297e+03
0	1	12	29	-1.4574187e+03
0	1	12	30	-1.5166853e+03
0	1	12	31	-1.4347723e+03
0	1	12	32	-1.3987484e+03
0	1	12	33	-1.3745122e+03
0	1	12	34	-6.8542590e+02
0	1	12	35	-6.0940070e+02
0	1	12	36	-5.8019745e+02
0	1	12	37	-5.3718427e+02
0	1	12	38	-5.4957495e+02
0	1	12	39	-4.9955408e+02
0	1	12	40	-5.6517151e+02
0	1	12	41	-5.3250012e+02
0	1	12	42	-3.9892636e+02
0	1	12	43	-4.0372513e+02
0	1	12	44	-3.0660165e+02
0	1	12	45	-4.4506848e+02
0	1	12	46	-2.8534134e+02
0	1	12	47	-4.3066565e+02
0	1	12	48	-3.5861148e+02
0	1	12	49	-3.9378589e+02
0	1	12	50	-4.2379388e+02
0	1	12	51	2.1072240e+02
0	1	12	52	2.6776843e+02
0	1	12	53	-1.6250143e+02
0	1	12	54	-1.6347604e+02
0	1	12	55	-1.4338496e+02
0	1	12	56	6.6468674e+01
0	1	12	57	-8.9802902e+01
0	1	12	58	-3.6722568e+02
0	1	12	59	-2.5648337e+02
0	1	12	60	-1.7343982e+02
0	1	12	61	-2.4833350e+02
0	1	12	62	-3.6525647e+02
0	1	12	63	-4.8197121e+01
0	1	13	0	-8.8368329e+02
0	1	13	1	-9.4191235e+02
0	1	13	2	-1.2266802e+03
0	1	13	3	-1.0851853e+03
0	1	13	4	-1.2144744e+03
0	1	13	5	-8.8994012e+02
0	1	13	6	-1.1134900e+03
0	1	13	7	-9.0546680e+02
0	1	13	8	-1.0514288e+03
0	1	13	9	-1.2535192e+03
0	1	13	10	-9.8231909e+02
0	1	13	11	-1.3039160e+03
0	1	13	12	-1.1207506e+03
0	1	13	13	-1.1191715e+03
0	1	13	14	-1.2549510e+03
0	1	13	15	-1.0180948e+03
0	1	13	16	-1.1139429e+03
0	1	13	17	-1.0257201e+03
0	1	13	18	-1.0770787e+03
0	1	13	19	-1.0628239e+03
0	1	13	20	-1.1706035e+03
0	1	13	21	-1.1931125e+03
0	1	13	22	-1.0725115e+03
0	1	13	23	-1.1429764e+03
0	1	13	24	-1.1833026e+03
0	1	13	25	-1.1493105e+03
0	1	13	26	-1.2533613e+03
0	1	13	27	-1.3183622e+03
0	1	13	28	-1.1737634e+03
0	1	13	29	-1.2947244e+03
0	1	13	30	-1.3913932e+03
0	1	13	31	-1.4816246e+03
0	1	13	32	-1.3234196e+03
0	1	13	33	-1.4608954e+03
0	1	13	34	-8.7150745e+02
0	1	13	35	-8.2943127e+02
0	1	13	36	-7.9026367e+02
0	1	13	37	-8.6419824e+02
0	1	13	38	-6.0604413e+02
0	1	13	39	-9.0632666e+02
0	1	13	40	-9.8781592e+02
0	1	13	41	-9.7328931e+02
0	1	13	42	-9.6005701e+02
0	1	13	43	-9.5449933e+02
0	1	13	44	-1.1233324e+03
0	1	13	45	-1.0989587e+03
0	1	13	46	-1.1658375e+03
0	1	13	47	-1.0989448e+03
0	1	13	48	-1.2889983e+03
0	1	13	49	-1.2361132e+03
0	1	13	50	-8.3541943e+02
0	1	13	51	-4.8204858e+02
0	1	13	52	-5.1185800e+02
0	1	13	53	-8.2540485e+02
0	1	13	54	-7.2480261e+02
0	1	13	55	-9.5493799e+02
0	1	13	56	-9.1307556e+02
0	1	13	57	-5.1550342e+02
0	1	13	58	-5.3699756e+02
0	1	13	59	-6.5816797e+02
0	1	13	60	-1.0605383e+03
0	1	13	61	-7.1362708e+02
0	1	13	62	-5.0377808e+02
0	1	13	63	-9.7969214e+02
0	1	14	0	-6.8675281e+02
0	1	14	1	-7.7616425e+02
0	1	14	2	-6.4320734e+02
0	1	14	3	-7.3791772e+02
0	1	14	4	-7.2000067e+02
0	1	14	5	-6.9530182e+02
0	1	14	6	-6.7202948e+02
0	1	14	7	-7.0986334e+02
0	1	14	8	-7.4153235e+02
0	1	14	9	-5.6627228e+02
0	1	14	10	-7.7106726e+02
0	1	14	11	-5.9252045e+02
0	1	14	12	-8.5662311e+02
0	1	14	13	-7.3043811e+02
0	1	14	14	-8.1611133e+02
0	1	14	15	-8.6007275e+02
0	1	14	16	-9.2842242e+02
0	1	14	17	-9.1133087e+02
0	1	14	18	-8.8090674e+02
0	1	14	19	-9.2705804e+02
0	1	14	20	-8.8307758e+02
0	1	14	21	-8.7293707e+02
0	1	14	22	-8.4067633e+02
0	1	14	23	-8.7363025e+02
0	1	14	24	-9.4031952e+02
0	1	14	25	-7.6169647e+02
0	1	14	26	-8.7432935e+02
0	1	14	27	-7.4867780e+02
0	1	14	28	-8.3517047e+02
0	1	14	29	-7.8675250e+02
0	1	14	30	-8.5739203e+02
0	1	14	31	-8.3722656e+02
0	1	14	32	-8.5613049e+02
0	1	14	33	-7.7564362e+02
0	1	14	34	-5.8228230e+01
0	1	14	35	-7.5052208e+01
0	1	14	36	2.1638306e+01
0	1	14	37	5.5409790e+01
0	1	14	38	-4.6784153e+00
0	1	14	39	9.5734879e+01
0	1	14	40	1.9583559e+01
0	1	14	41	2.0693481e+01
0	1	14	42	5.0740860e+01
0	1	14	43	4.7147839e+01
0	1	14	44	2.3260452e+02
0	1	14	45	5.9894398e+01
0	1	14	46	2.1505020e+02
0	1	14	47	7.6935745e+01
0	1	14	48	1.1993501e+02
0	1	14	49	1.0491284e+02
0	1	14	50	1.8431274e+02
0	1	14	51	7.1779181e+02
0	1	14	52	8.0814868e+02
0	1	14	53	3.6372363e+02
0	1	14	54	3.3980984e+02
0	1	14	55	4.4099216e+02
0	1	14	56	6.1406256e+02
0	1	14	57	5.2285107e+02
0	1	14	58	3.0325943e+02
0	1	14	59	3.5564050e+02
0	1	14	60	4.3161856e+02
0	1	14	61	3.6234201e+02
0	1	14	62	2.6916357e+02
0	1	14	63	4.1015457e+02
0	1	15	0	-5.3831586e+02
0	1	15	1	-7.3120038e+02
0	1	15	2	-7.8011548e+02
0	1	15	3	-7.4085431e+02
0	1	15	4	-8.8434039e+02
0	1	15	5	-6.3017401e+02
0	1	15	6	-7.0883673e+02
0	1	15	7	-6.4946082e+02
0	1	15	8	-7.9633319e+02
0	1	15	9	-8.7318231e+02
0	1	15	10	-7.1913464e+02
0	1	15	11	-9.1514093e+02
0	1	15	12	-8.0843738e+02
0	1	15	13	-7.6832935e+02
0	1	15	14	-8.9113745e+02
0	1	15	15	-8.1389685e+02
0	1	15	16	-7.8056018e+02
0	1	15	17	-7.1809784e+02
0	1	15	18	-8.6365027e+02
0	1	15	19	-8.0262567e+02
0	1	15	20	-8.1390228e+02
0	1	15	21	-8.2291675e+02
0	1	15	22	-7.7748883e+02
0	1	15	23	-7.4549597e+02
0	1	15	24	-8.7305878e+02
0	1	15	25	-8.2096417e+02
0	1	15	26	-1.0038428e+03
0	1	15	27	-8.8991876e+02
0	1	15	28	-8.2341644e+02
0	1	15	29	-9.5549622e+02
0	1	15	30	-9.7864349e+02
0	1	15	31	-9.4839349e+02
0	1	15	32	-1.0750024e+03
0	1	15	33	-1.0477759e+03
0	1	15	34	-2.5001201e+02
0	1	15	35	-4.0214410e+02
0	1	15	36	-2.5681705e+02
0	1	15	37	-3.1618674e+02
0	1	15	38	-3.0285745e+02
0	1	15	39	-3.3774338e+02
0	1	15	40	-3.5638428e+02
0	1	15	41	-4.3749768e+02
0	1	15	42	-3.8176413e+02
0	1	15	43	-3.6864499e+02
0	1	15	44	-4.0654874e+02
0	1	15	45	-4.5986493e+02
0	1	15	46	-4.1160184e+02
0	1	15	47	-4.4080087e+02
0	1	15	48	-3.9919275e+02
0	1	15	49	-4.3898734e+02
0	1	15	50	-3.0006848e+02
0	1	15	51	3.0131589e+02
0	1	15	52	2.2866814e+02
0	1	15	53	-1.1276154e+02
0	1	15	54	-1.1136942e+02
0	1	15	55	-1.3099608e+02
0	1	15	56	2.2492321e+00
0	1	15	57	5.3718185e+01
0	1	15	58	-1.9691250e+01
0	1	15	59	-4.3958592e+00
0	1	15	60	-1.1206771e+02
0	1	15	61	-2.0336046e+02
0	1	15	62	-1.0059248e+02
0	1	15	63	-1.3889890e+02
0	2	0	0	-1.1421079e+02
0	2	0	1	-1.9401654e+02
0	2	0	2	-9.8671631e+01
0	2	0	3	-8.5762413e+01
0	2	0	4	-2.5957593e+02
0	2	0	5	-1.8603874e+02
0	2	0	6	-2.3432748e+02
0	2	0	7	-6.6245903e+01
0	2	0	8	-1.0796465e+02
0	2	0	9	-3.8207607e+01
0	2	0	10	-1.7883154e+02
0	2	0	11	-1.9496536e+02
0	2	0	12	-2.7648148e+02
0	2	0	13	-1.9705557e+02
0	2	0	14	-1.3181708e+02
0	2	0	15	-1.4979718e+02
0	2	0	16	-2.8317694e+02
0	2	0	17	-3.6815402e+02
0	2	0	18	-3.2742667e+02
0	2	0	19	-2.5812933e+02
0	2	0	20	-1.5423235e+02
0	2	0	21	-2.9088687e+02
0	2	0	22	-2.9423706e+02
0	2	0	23	-2.3130087e+02
0	2	0	24	-3.5274817e+02
0	2	0	25	-3.7259625e+02
0	2	0	26	-4.5062183e+02
0	2	0	27	-4.0748151e+02
0	2	0	28	-3.6331836e+02
0	2	0	29	-3.4746603e+02
0	2	0	30	-3.4521323e+02
0	2	0	31	-4.1545795e+02
0	2	0	32	-4.4186243e+02
0	2	0	33	-4.3533737e+02
0	2	0	34	2.5290009e+02
0	2	0	35	2.1814406e+02
0	2	0	36	1.9294267e+02
0	2	0	37	1.7379900e+02
0	2	0	38	2.1762218e+02
0	2	0	39	1.9860666e+02
0	2	0	40	1.2577492e+02
0	2	0	41	1.7038196e+02
0	2	0	42	2.5326161e+02
0	2	0	43	1.4695244e+02
0	2	0	44	1.9818277e+02
0	2	0	45	1.3604033e+02
0	2	0	46	1.6272856e+02
0	2	0	47	1.4453812e+02
0	2	0	48	1.7482370e+02
0	2	0	49	8.8897087e+01
0	2	0	50	2.4846405e+02
0	2	0	51	7.4803925e+02
0	2	0	52	7.5633997e+02
0	2	0	53	3.6991998e+02
0	2	0	54	5.3022101e+02
0	2	0	55	4.4761554e+02
0	2	0	56	5.9989954e+02
0	2	0	57	6.3818860e+02
0	2	0	58	5.5665363e+02
0	2	0	59	4.9493411e+02
0	2	0	60	4.7609189e+02
0	2	0	61	3.6648926e+02
0	2	0	62	5.2881610e+02
0	2	0	63	4.6492392e+02
0	2	1	0	-3.1919769e+02
0	2	1	1	-3.4785001e+02
0	2	1	2	-3.7537418e+02
0	2	1	3	-3.3388092e+02
0	2	1	4	-4.1042325e+02
0	2	1	5	-3.7362817e+02
0	2	1	6	-4.3341806e+02
0	2	1	7	-4.3666177e+02
0	2	1	8	-3.9491541e+02
0	2	1	9	-2.9282770e+02
0	2	1	10	-5.2296198e+02
0	2	1	11	-3.6459537e+02
0	2	1	12	-4.5023932e+02
0	2	1	13	-3.5761426e+02
0	2	1	14	-5.4566162e+02
0	2	1	15	-5.2658905e+02
0	2	1	16	-5.6145795e+02
0	2	1	17	-5.0669525e+02
0	2	1	18	-5.1872815e+02
0	2	1	19	-5.0952927e+02
0	2	1	20	-5.9053943e+02
0	2	1	21	-5.3025970e+02
0	2	1	22	-5.1092029e+02
0	2	1	23	-4.7232642e+02
0	2	1	24	-5.4562720e+02
0	2	1	25	-4.8463882e+02
0	2	1	26	-5.6235168e+02
0	2	1	27	-4.9145605e+02
0	2	1	28	-5.1513452e+02
0	2	1	29	-4.9499127e+02
0	2	1	30	-4.9329291e+02
0	2	1	31	-5.1885364e+02
0	2	1	32	-5.7706091e+02
0	2	1	33	-5.1629095e+02
0	2	1	34	1.5298276e+02
0	2	1	35	6.5854836e+01
0	2	1	36	1.4639125e+02
0	2	1	37	1.6455702e+02
0	2	1	38	1.8410931e+02
0	2	1	39	1.8846446e+02
0	2	1	40	2.3285791e+02
0	2	1	41	1.9642612e+02
0	2	1	42	2.3116125e+02
0	2	1	43	2.1752794e+02
0	2	1	44	2.5750357e+02
0	2	1	45	1.7907674e+02
0	2	1	46	2.2713489e+02
0	2	1	47	1.1086861e+02
0	2	1	48	1.8732233e+02
0	2	1	49	2.7133850e+02
0	2	1	50	2.0089262e+02
0	2	1	51	7.6329053e+02
0	2	1	52	8.1536853e+02
0	2	1	53	4.2670276e+02
0	2	1	54	4.2955441e+02
0	2	1	55	4.7465442e+02
0	2	1	56	6.6219513e+02
0	2	1	57	6.1072913e+02
0	2	1	58	4.5908121e+02
0	2	1	59	4.8541431e+02
0	2	1	60	4.8770337e+02
0	2	1	61	3.7100739e+02
0	2	1	62	3.7992596e+02
0	2	1	63	5.6312372e+02
0	2	2	0	-5.9360443e+01
0	2	2	1	-1.9786426e+02
0	2	2	2	-5.2617065e+01
0	2	2	3	-1.7730894e+02
0	2	2	4	-2.0497916e+02
0	2	2	5	-1.6460854e+02
0	2	2	6	-2.0397365e+02
0	2	2	7	-9.7938530e+01
0	2	2	8	-1.4273219e+02
0	2	2	9	-1.0680096e+02
0	2	2	10	-2.3076579e+02
0	2	2	11	-1.1211062e+02
0	2	2	12	-2.1208337e+02
0	2	2	13	-1.8299628e+02
0	2	2	14	-1.6033934e+02
0	2	2	15	-1.0256954e+02
0	2	2	16	-2.7570132e+02
0	2	2	17	-2.4640744e+02
0	2	2	18	-3.1048602e+02
0	2	2	19	-3.0409271e+02
0	2	2	20	-2.0473425e+02
0	2	2	21	-2.4638904e+02
0	2	2	22	-1.9451949e+02
0	2	2	23	-2.8129477e+02
0	2	2	24	-3.2504874e+02
0	2	2	25	-2.8886520e+02
0	2	2	26	-4.0406863e+02
0	2	2	27	-4.2869211e+02
0	2	2	28	-2.8442227e+02
0	2	2	29	-4.1803207e+02
0	2	2	30	-3.0686087e+02
0	2	2	31	-3.4987430e+02
0	2	2	32	-3.7416083e+02
0	2	2	33	-4.3574872e+02
0	2	2	34	2.6371429e+02
0	2	2	35	3.2787811e+02
0	2	2	36	2.4728008e+02
0	2	2	37	3.3624731e+02
0	2	2	38	3.0863373e+02
0	2	2	39	2.8635361e+02
0	2	2	40	2.9277527e+02
0	2	2	41	2.7914981e+02
0	2	2	42	3.0972171e+02
0	2	2	43	4.5265909e+02
0	2	2	44	4.6996252e+02
0	2	2	45	4.6848883e+02
0	2	2	46	3.7453867e+02
0	2	2	47	4.0793713e+02
0	2	2	48	4.3471939e+02
0	2	2	49	3.9603629e+02
0	2	2	50	3.5000723e+02
0	2	2	51	1.0044267e+03
0	2	2	52	1.0992391e+03
0	2	2	53	6.8284015e+02
0	2	2	54	6.9266290e+02
0	2	2	55	7.1240082e+02
0	2	2	56	8.5563708e+02
0	2	2	57	7.3954742e+02
0	2	2	58	6.6986322e+02
0	2	2	59	6.0469147e+02
0	2	2	60	6.7520917e+02
0	2	2	61	6.4136963e+02
0	2	2	62	6.1600421e+02
0	2	2	63	7.5203485e+02
0	2	3	0	-3.1920123e+02
0	2	3	1	-2.6514005e+02
0	2	3	2	-2.6119168e+02
0	2	3	3	-3.3016626e+02
0	2	3	4	-2.5179968e+02
0	2	3	5	-2.7587491e+02
0	2	3	6	-3.0327518e+02
0	2	3	7	-2.4619511e+02
0	2	3	8	-3.1275949e+02
0	2	3	9	-2.5036099e+02
0	2	3	10	-3.7453479e+02
0	2	3	11	-2.9928351e+02
0	2	3	12	-3.5813599e+02
0	2	3	13	-3.7303436e+02
0	2	3	14	-4.5918048e+02
0	2	3	15	-3.4986398e+02
0	2	3	16	-3.8885309e+02
0	2	3	17	-3.3493597e+02
0	2	3	18	-4.5705670e+02
0	2	3	19	-2.5360271e+02
0	2	3	20	-4.5696765e+02
0	2	3	21	-4.0589471e+02
0	2	3	22	-2.2777124e+02
0	2	3	23	-2.6069714e+02
0	2	3	24	-4.6963068e+02
0	2	3	25	-2.6499277e+02
0	2	3	26	-4.0134491e+02
0	2	3	27	-4.0045468e+02
0	2	3	28	-2.6372653e+02
0	2	3	29	-2.7652142e+02
0	2	3	30	-2.9886435e+02
0	2	3	31	-4.3871225e+02
0	2	3	32	-4.3446802e+02
0	2	3	33	-4.0153986e+02
0	2	3	34	4.4739856e+02
0	2	3	35	2.8712827e+02
0	2	3	36	4.0622882e+02
0	2	3	37	5.3577362e+02
0	2	3	38	3.2619629e+02
0	2	3	39	4.5698563e+02
0	2	3	40	5.3691797e+02
0	2	3	41	3.1281873e+02
0	2	3	42	6.3864624e+02
0	2	3	43	3.7130975e+02
0	2	3	44	4.6240732e+02
0	2	3	45	3.3811099e+02
0	2	3	46	4.4786292e+02
0	2	3	47	4.0328784e+02
0	2	3	48	4.4214252e+02
0	2	3	49	5.2628119e+02
0	2	3	50	4.4670227e+02
0	2	3	51	9.5169470e+02
0	2	3	52	9.4425275e+02
0	2	3	53	6.5038391e+02
0	2	3	54	7.1186401e+02
0	2	3	55	6.5407745e+02
0	2	3	56	8.2600787e+02
0	2	3	57	7.6831677e+02
0	2	3	58	6.1696600e+02
0	2	3	59	6.2616046e+02
0	2	3	60	6.1718591e+02
0	2	3	61	6.5921863e+02
0	2	3	62	5.0471997e+02
0	2	3	63	6.6149640e+02
0	2	4	0	7.3482674e+01
0	2	4	1	3.5646305e+01
0	2	4	2	6.9071648e+01
0	2	4	3	8.4606102e+01
0	2	4	4	-8.8050919e+01
0	2	4	5	2.0231585e+01
0	2	4	6	-6.0819389e+01
0	2	4	7	1.7520412e+02
0	2	4	8	1.8473860e+01
0	2	4	9	1.0385407e+02
0	2	4	10	-3.9179649e+01
0	2	4	11	3.7365814e+01
0	2	4	12	-1.6622587e+01
0	2	4	13	4.0112681e+00
0	2	4	14	9.3237846e+01
0	2	4	15	1.8155951e+02
0	2	4	16	-6.1706238e+00
0	2	4	17	-6.2000008e+01
0	2	4	18	2.0205652e+01
0	2	4	19	-9.6882118e+01
0	2	4	20	-1.0834424e+01
0	2	4	21	5.7045170e+01
0	2	4	22	5.8939514e+00
0	2	4	23	-7.5838013e+01
0	2	4	24	-1.5157191e+02
0	2	4	25	-8.3160843e+01
0	2	4	26	-9.3229233e+01
0	2	4	27	-2.1693756e+02
0	2	4	28	-9.0500542e+01
0	2	4	29	-6.0472672e+01
0	2	4	30	6.8352028e+01
0	2	4	31	-8.6541985e+01
0	2	4	32	-2.1935684e+02
0	2	4	33	-1.5363455e+02
0	2	4	34	4.3552560e+02
0	2	4	35	6.4103107e+02
0	2	4	36	6.5407111e+02
0	2	4	37	5.6170001e+02
0	2	4	38	4.8576379e+02
0	2	4	39	6.5755896e+02
0	2	4	40	5.3408032e+02
0	2	4	41	4.9613626e+02
0	2	4	42	5.4816736e+02
0	2	4	43	5.1514471e+02
0	2	4	44	5.8238422e+02
0	2	4	45	4.5916122e+02
0	2	4	46	5.5767548e+02
0	2	4	47	4.9835580e+02
0	2	4	48	5.2849286e+02
0	2	4	49	5.0334131e+02
0	2	4	50	6.0797687e+02
0	2	4	51	1.1347192e+03
0	2	4	52	1.1399563e+03
0	2	4	53	7.4961194e+02
0	2	4	54	7.5298993e+02
0	2	4	55	8.1588287e+02
0	2	4	56	9.6738513e+02
0	2	4	57	9.5926691e+02
0	2	4	58	8.1475476e+02
0	2	4	59	8.2547656e+02
0	2	4	60	8.3030444e+02
0	2	4	61	6.8391705e+02
0	2	4	62	7.7363336e+02
0	2	4	63	7.4352045e+02
0	2	5	0	1.1057432e+02
0	2	5	1	7.6059158e+01
0	2	5	2	1.0153213e+02
0	2	5	3	-5.9575878e+01
0	2	5	4	3.5378574e+01
0	2	5	5	5.1706009e+01
0	2	5	6	3.9998775e+01
0	2	5	7	6.3024067e+01
0	2	5	8	-4.3168465e+01
0	2	5	9	6.3050865e+01
0	2	5	10	-4.5442955e+01
0	2	5	11	-1.1005765e+01
0	2	5	12	-1.1059500e+02
0	2	5	13	5.7935233e+00
0	2	5	14	-1.4612286e+02
0	2	5	15	-4.2402409e+01
0	2	5	16	-2.4532373e+02
0	2	5	17	-1.5665279e+02
0	2	5	18	-2.1323479e+02
0	2	5	19	-1.3872345e+02
0	2	5	20	-1.7375734e+02
0	2	5	21	-1.3868761e+02
0	2	5	22	-1.1397614e+02
0	2	5	23	-8.2910522e+01
0	2	5	24	-1.7966092e+02
0	2	5	25	-1.7441006e+02
0	2	5	26	-2.2871619e+02
0	2	5	27	-1.3178691e+02
0	2	5	28	-1.3719519e+02
0	2	5	29	-1.3769861e+02
0	2	5	30	-1.2793342e+02
0	2	5	31	-1.6502515e+02
0	2	5	32	-1.9389873e+02
0	2	5	33	-5.7679031e+01
0	2	5	34	5.8412238e+02
0	2	5	35	5.4146301e+02
0	2	5	36	5.6597052e+02
0	2	5	37	5.9241058e+02
0	2	5	38	5.3446222e+02
0	2	5	39	5.4605841e+02
0	2	5	40	6.2342474e+02
0	2	5	41	5.9903259e+02
0	2	5	42	7.3030469e+02
0	2	5	43	5.9826007e+02
0	2	5	44	6.9445844e+02
0	2	5	45	6.7789539e+02
0	2	5	46	6.2340717e+02
0	2	5	47	6.2946143e+02
0	2	5	48	6.4477228e+02
0	2	5	49	6.3621478e+02
0	2	5	50	6.4471204e+02
0	2	5	51	1.1925527e+03
0	2	5	52	1.2330806e+03
0	2	5	53	8.4789270e+02
0	2	5	54	9.0437671e+02
0	2	5	55	9.4386115e+02
0	2	5	56	1.0084994e+03
0	2	5	57	9.8318488e+02
0	2	5	58	8.4307916e+02
0	2	5	59	8.1038989e+02
0	2	5	60	9.6730493e+02
0	2	5	61	8.0920447e+02
0	2	5	62	9.0749139e+02
0	2	5	63	8.9712329e+02
0	2	6	0	1.5709451e+02
0	2	6	1	6.4483177e+01
0	2	6	2	1.3244820e+02
0	2	6	3	1.0911616e+02
0	2	6	4	4.0027267e+01
0	2	6	5	7.0589233e+01
0	2	6	6	-4.8826013e+00
0	2	6	7	2.3133354e+02
0	2	6	8	7.2701500e+01
0	2	6	9	7.9240562e+01
0	2	6	10	-1.2633590e+01
0	2	6	11	9.7522354e+01
0	2	6	12	-6.0263672e+01
0	2	6	13	5.5349323e+01
0	2	6	14	2.4699512e+02
0	2	6	15	2.3945440e+01
0	2	6	16	4.7142292e+01
0	2	6	17	-7.2762383e+01
0	2	6	18	1.6885188e+02
0	2	6	19	-6.4614510e+01
0	2	6	20	8.7286211e+03
0	2	6	21	1.0031221e+02
0	2	6	22	-1.0644823e+02
0	2	6	23	-7.2001884e+01
0	2	6	24	-1.4123097e+02
0	2	6	25	-1.9604851e+01
0	2	6	26	-1.5572653e+02
0	2	6	27	-1.3888965e+02
0	2	6	28	-9.2671234e+01
0	2	6	29	-1.3499699e+02
0	2	6	30	-7.9295982e+01
0	2	6	31	-1.4630916e+02
0	2	6	32	-2.3541133e+02
0	2	6	33	-1.9182895e+02
0	2	6	34	4.2813449e+02
0	2	6	35	5.0696265e+02
0	2	6	36	4.6524261e+02
0	2	6	37	5.7384845e+02
0	2	6	38	5.2336481e+02
0	2	6	39	5.1305627e+02
0	2	6	40	4.4128009e+02
0	2	6	41	5.2740076e+02
0	2	6	42	5.3580286e+02
0	2	6	43	5.4624841e+02
0	2	6	44	5.1952362e+02
0	2	6	45	4.3344907e+02
0	2	6	46	2.1333815e+02
0	2	6	47	4.1959393e+02
0	2	6	48	4.6242923e+02
0	2	6	49	3.8869583e+02
0	2	6	50	5.0193268e+02
0	2	6	51	1.1201068e+03
0	2	6	52	9.9436694e+02
0	2	6	53	7.2633411e+02
0	2	6	54	6.5621655e+02
0	2	6	55	7.4554907e+02
0	2	6	56	8.8582733e+02
0	2	6	57	9.3133411e+02
0	2	6	58	7.9581927e+02
0	2	6	59	7.7931415e+02
0	2	6	60	8.3183936e+02
0	2	6	61	6.4075256e+02
0	2	6	62	6.9848157e+02
0	2	6	63	8.0764191e+02
0	2	7	0	1.5069675e+02
0	2	7	1	1.0012014e+02
0	2	7	2	2.9975012e+01
0	2	7	3	1.1889322e+02
0	2	7	4	5.9420082e+01
0	2	7	5	3.4987146e+02
0	2	7	6	1.4875374e+02
0	2	7	7	2.9234575e+03
0	2	7	8	4.7604874e+01
0	2	7	9	1.4780029e+02
0	2	7	10	-2.9924176e+02
0	2	7	11	1.9436015e+02
0	2	7	12	-4.3296429e+01
0	2	7	13	1.2633469e+02
0	2	7	14	-1.7419983e+01
0	2	7	15	1.4257208e+02
0	2	7	16	5.8761330e+00
0	2	7	17	2.8935665e+01
0	2	7	18	3.0059938e+01
0	2	7	19	5.2939613e+01
0	2	7	20	6.1732044e+01
0	2	7	21	-1.1043826e+01
0	2	7	22	-4.0689171e+01
0	2	7	23	4.9621513e+01
0	2	7	24	-2.2222836e+01
0	2	7	25	-8.7146730e+00
0	2	7	26	-2.2915833e+01
0	2	7	27	-6.2590418e+00
0	2	7	28	1.3439097e+01
0	2	7	29	4.0896507e+01
0	2	7	30	-6.4996152e+00
0	2	7	31	-1.0607263e+02
0	2	7	32	-6.9276268e+01
0	2	7	33	1.7151411e+01
0	2	7	34	6.9303577e+02
0	2	7	35	6.4842029e+02
0	2	7	36	6.9408746e+02
0	2	7	37	7.1593054e+02
0	2	7	38	6.1599280e+02
0	2	7	39	6.3996124e+02
0	2	7	40	7.8049005e+02
0	2	7	41	5.7430548e+02
0	2	7	42	7.4810016e+02
0	2	7	43	6.4339783e+02
0	2	7	44	1.3152798e+03
0	2	7	45	6.4577917e+02
0	2	7	46	7.6500439e+02
0	2	7	47	6.7887897e+02
0	2	7	48	6.5127722e+02
0	2	7	49	6.8347015e+02
0	2	7	50	6.6888782e+02
0	2	7	51	1.2526859e+03
0	2	7	52	1.3059510e+03
0	2	7	53	8.5390912e+02
0	2	7	54	9.7980334e+02
0	2	7	55	9.8220740e+02
0	2	7	56	1.2513438e+03
0	2	7	57	1.0719241e+03
0	2	7	58	8.9579358e+02
0	2	7	59	9.4875916e+02
0	2	7	60	9.9294159e+02
0	2	7	61	8.2250867e+02
0	2	7	62	8.3922687e+02
0	2	7	63	1.0419604e+03
0	2	8	0	1.5914508e+02
0	2	8	1	1.7821283e+01
0	2	8	2	9.3058922e+01
0	2	8	3	5.9022469e+01
0	2	8	4	-1.0149413e+02
0	2	8	5	-1.8922819e+01
0	2	8	6	-1.3137642e+02
0	2	8	7	5.0742607e+01
0	2	8	8	-1.3865878e+01
0	2	8	9	-1.6987282e+01
0	2	8	10	-1.8008034e+02
0	2	8	11	6.9297134e+01
0	2	8	12	-1.5258881e+02
0	2	8	13	-1.5512981e+01
0	2	8	14	5.4499378e+01
0	2	8	15	-6.1308216e+01
0	2	8	16	-5.9210495e+01
0	2	8	17	-1.6060611e+02
0	2	8	18	-4.0303310e+01
0	2	8	19	-5.3844463e+01
0	2	8	20	-2.2903748e+01
0	2	8	21	-5.7161671e+01
0	2	8	22	-1.3751651e+02
0	2	8	23	1.3115472e+01
0	2	8	24	-2.1453241e+02
0	2	8	25	-1.4619130e+02
0	2	8	26	-1.6364386e+02
0	2	8	27	-2.5580995e+02
0	2	8	28	-1.5347830e+02
0	2	8	29	-2.9461002e+02
0	2	8	30	-2.8042725e+02
0	2	8	31	-1.7319156e+02
0	2	8	32	-1.9886086e+02
0	2	8	33	-3.0721194e+02
0	2	8	34	3.1440720e+02
0	2	8	35	4.2163925e+02
0	2	8	36	4.2506561e+02
0	2	8	37	5.0949121e+02
0	2	8	38	4.8993787e+02
0	2	8	39	4.2754791e+02
0	2	8	40	3.6744351e+02
0	2	8	41	4.6028879e+02
0	2	8	42	4.5823706e+02
0	2	8	43	3.8351178e+02
0	2	8	44	3.9129120e+02
0	2	8	45	3.9838971e+02
0	2	8	46	4.8278247e+02
0	2	8	47	4.2682095e+02
0	2	8	48	5.3390009e+02
0	2	8	49	4.5844937e+02
0	2	8	50	4.5675681e+02
0	2	8	51	1.0664672e+03
0	2	8	52	1.1021455e+03
0	2	8	53	6.8985175e+02
0	2	8	54	6.6723938e+02
0	2	8	55	6.3287537e+02
0	2	8	56	7.8323016e+02
0	2	8	57	8.6409528e+02
0	2	8	58	8.5846191e+02
0	2	8	59	7.8307776e+02
0	2	8	60	6.4975592e+02
0	2	8	61	6.3516046e+02
0	2	8	62	6.7098053e+02
0	2	8	63	7.1286664e+02
0	2	9	0	1.0468401e+02
0	2	9	1	1.4902785e+02
0	2	9	2	1.4432292e+02
0	2	9	3	6.7516441e+01
0	2	9	4	1.9025645e+02
0	2	9	5	6.3987011e+01
0	2	9	6	1.3383154e+02
0	2	9	7	1.6356567e+02
0	2	9	8	7.1532295e+01
0	2	9	9	1.4086081e+02
0	2	9	10	5.0994377e+01
0	2	9	11	1.8400558e+02
0	2	9	12	-6.1560678e+00
0	2	9	13	7.0426125e+01
0	2	9	14	1.2999843e+02
0	2	9	15	5.4837582e+01
0	2	9	16	1.3221426e+01
0	2	9	17	2.3382193e+01
0	2	9	18	-6.8054459e+01
0	2	9	19	-2.7841413e+01
0	2	9	20	-3.2046970e+01
0	2	9	21	4.9262604e+01
0	2	9	22	1.2449133e+02
0	2	9	23	-5.5455704e+00
0	2	9	24	-5.9705330e+01
0	2	9	25	6.6617699e+01
0	2	9	26	-1.1445087e+02
0	2	9	27	2.2333092e+01
0	2	9	28	9.0172318e+01
0	2	9	29	2.7276366e+00
0	2	9	30	-8.4879395e+01
0	2	9	31	2.4682797e-01
0	2	9	32	-3.1776115e+01
0	2	9	33	1.2977467e+02
0	2	9	34	7.1022693e+02
0	2	9	35	6.7464130e+02
0	2	9	36	6.7844867e+02
0	2	9	37	7.2375177e+02
0	2	9	38	6.6436414e+02
0	2	9	39	7.9823871e+02
0	2	9	40	7.0147083e+02
0	2	9	41	6.1653223e+02
0	2	9	42	7.9814368e+02
0	2	9	43	6.5011639e+02
0	2	9	44	7.7332520e+02
0	2	9	45	7.2075415e+02
0	2	9	46	7.8814087e+02
0	2	9	47	6.9805688e+02
0	2	9	48	8.3728406e+02
0	2	9	49	6.6058325e+02
0	2	9	50	8.0326837e+02
0	2	9	51	1.3191682e+03
0	2	9	52	1.3152819e+03
0	2	9	53	9.4939380e+02
0	2	9	54	1.0072678e+03
0	2	9	55	1.0050932e+03
0	2	9	56	1.1017041e+03
0	2	9	57	1.1035048e+03
0	2	9	58	1.0285316e+03
0	2	9	59	9.9970605e+02
0	2	9	60	1.0287629e+03
0	2	9	61	9.0030328e+02
0	2	9	62	8.7251489e+02
0	2	9	63	9.5319220e+02
0	2	10	0	-1.0222004e+01
0	2	10	1	-2.1570255e+01
0	2	10	2	4.4009815e+01
0	2	10	3	1.0291788e+01
0	2	10	4	-1.3200499e+02
0	2	10	5	-3.9802841e+01
0	2	10	6	-1.9710443e+02
0	2	10	7	8.3127876e+01
0	2	10	8	1.2965633e+01
0	2	10	9	1.5612871e+01
0	2	10	10	-1.1464668e+02
0	2	10	11	-7.1069756e+01
0	2	10	12	-1.8157375e+02
0	2	10	13	-7.4077805e+01
0	2	10	14	-1.9269613e+01
0	2	10	15	-3.1241825e+01
0	2	10	16	-1.7478130e+02
0	2	10	17	-1.6181784e+02
0	2	10	18	-9.7042870e+01
0	2	10	19	-1.8556767e+02
0	2	10	20	-1.4445779e+02
0	2	10	21	-5.9751064e+01
0	2	10	22	-1.3178526e+02
0	2	10	23	-1.4144722e+02
0	2	10	24	-1.7616718e+02
0	2	10	25	-9.3679237e+01
0	2	10	26	-2.3674939e+02
0	2	10	27	-2.1009691e+02
0	2	10	28	-1.7186028e+02
0	2	10	29	-2.2378557e+02
0	2	10	30	-1.7191426e+02
0	2	10	31	-1.7583916e+02
0	2	10	32	-2.8336371e+02
0	2	10	33	-2.9539673e+02
0	2	10	34	4.3468295e+02
0	2	10	35	4.4757626e+02
0	2	10	36	4.2031766e+02
0	2	10	37	4.3430469e+02
0	2	10	38	3.2985641e+02
0	2	10	39	4.8100317e+02
0	2	10	40	3.9605170e+02
0	2	10	41	4.2753790e+02
0	2	10	42	5.0541119e+02
0	2	10	43	6.4507977e+02
0	2	10	44	4.8329907e+02
0	2	10	45	3.3735358e+02
0	2	10	46	1.4628790e+03
0	2	10	47	4.0911594e+02
0	2	10	48	4.3092752e+02
0	2	10	49	4.0558997e+02
0	2	10	50	5.3246234e+02
0	2	10	51	9.4717798e+02
0	2	10	52	9.8596167e+02
0	2	10	53	6.9019128e+02
0	2	10	54	6.2965350e+02
0	2	10	55	6.6791956e+02
0	2	10	56	8.7960461e+02
0	2	10	57	8.6756281e+02
0	2	10	58	7.3890881e+02
0	2	10	59	6.6614832e+02
0	2	10	60	7.0263361e+02
0	2	10	61	6.9030664e+02
0	2	10	62	7.0580591e+02
0	2	10	63	7.0871143e+02
0	2	11	0	-1.4397180e+02
0	2	11	1	-8.1762909e+01
0	2	11	2	-5.5756523e+01
0	2	11	3	-1.5149142e+02
0	2	11	4	-1.4558543e+02
0	2	11	5	-9.9816086e+01
0	2	11	6	-8.0331772e+01
0	2	11	7	-3.1108986e+01
0	2	11	8	-1.5208116e+02
0	2	11	9	-3.6378407e+01
0	2	11	10	-1.8026611e+02
0	2	11	11	-1.4439142e+02
0	2	11	12	-1.6335715e+02
0	2	11	13	-1.0824011e+02
0	2	11	14	-1.5930116e+02
0	2	11	15	-1.2067001e+02
0	2	11	16	-2.5025928e+02
0	2	11	17	-1.3166071e+02
0	2	11	18	-2.0085303e+02
0	2	11	19	-1.0267716e+02
0	2	11	20	-3.0173419e+02
0	2	11	21	-2.3020442e+02
0	2	11	22	-2.0304918e+02
0	2	11	23	1.6235161e+03
0	2	11	24	-2.5995682e+02
0	2	11	25	-2.4144563e+02
0	2	11	26	-2.6450757e+02
0	2	11	27	-1.9581996e+02
0	2	11	28	-2.5782471e+02
0	2	11	29	-2.3087639e+02
0	2	11	30	-2.8780545e+02
0	2	11	31	-3.0113065e+02
0	2	11	32	-3.3137314e+02
0	2	11	33	-2.2530234e+02
0	2	11	34	4.7479398e+02
0	2	11	35	3.8221582e+02
0	2	11	36	4.1380350e+02
0	2	11	37	4.3981036e+02
0	2	11	38	4.7082941e+02
0	2	11	39	4.5593167e+02
0	2	11	40	5.0407407e+02
0	2	11	41	3.9242163e+02
0	2	11	42	4.5054846e+02
0	2	11	43	4.6329672e+02
0	2	11	44	5.8692053e+02
0	2	11	45	4.3885678e+02
0	2	11	46	5.1886603e+02
0	2	11	47	4.5882550e+02
0	2	11	48	5.3393353e+02
0	2	11	49	5.4173480e+02
0	2	11	50	4.9961111e+02
0	2	11	51	1.1149293e+03
0	2	11	52	1.1276742e+03
0	2	11	53	8.1889990e+02
0	2	11	54	7.6279596e+02
0	2	11	55	7.6269824e+02
0	2	11	56	8.7859186e+02
0	2	11	57	8.5280505e+02
0	2	11	58	6.7194690e+02
0	2	11	59	7.6273572e+02
0	2	11	60	7.4136517e+02
0	2	11	61	6.8322754e+02
0	2	11	62	7.1549811e+02
0	2	11	63	8.2155286e+02
0	2	12	0	-1.1962066e+02
0	2	12	1	-2.0054057e+02
0	2	12	2	-1.3782420e+02
0	2	12	3	-1.7600836e+02
0	2	12	4	-2.6278333e+02
0	2	12	5	-2.9880795e+02
0	2	12	6	-3.0345483e+02
0	2	12	7	-1.4618680e+02
0	2	12	8	-2.6573865e+02
0	2	12	9	-2.3202112e+02
0	2	12	10	-3.0447354e+02
0	2	12	11	-2.3573740e+02
0	2	12	12	-3.9032599e+02
0	2	12	13	-2.8791379e+02
0	2	12	14	-2.5342496e+02
0	2	12	15	-2.7595926e+02
0	2	12	16	-3.4953345e+02
0	2	12	17	-4.3123376e+02
0	2	12	18	-3.2015479e+02
0	2	12	19	-4.4046771e+02
0	2	12	20	-2.5908853e+02
0	2	12	21	-3.3138464e+02
0	2	12	22	-3.1023535e+02
0	2	12	23	-3.8258124e+02
0	2	12	24	-5.1114017e+02
0	2	12	25	-3.6935016e+02
0	2	12	26	-4.2343967e+02
0	2	12	27	-4.5393054e+02
0	2	12	28	-3.3905258e+02
0	2	12	29	-4.5643936e+02
0	2	12	30	-4.4366077e+02
0	2	12	31	-4.2054355e+02
0	2	12	32	-4.5171719e+02
0	2	12	33	-4.1562198e+02
0	2	12	34	2.1532272e+02
0	2	12	35	2.3652565e+02
0	2	12	36	2.7012225e+02
0	2	12	37	2.2046797e+02
0	2	12	38	2.2421211e+02
0	2	12	39	2.3800713e+02
0	2	12	40	2.3297578e+02
0	2	12	41	1.7471271e+02
0	2	12	42	3.1747546e+02
0	2	12	43	2.4726926e+02
0	2	12	44	2.9054730e+02
0	2	12	45	2.4959972e+02
0	2	12	46	1.6816653e+02
0	2	12	47	1.9067583e+02
0	2	12	48	1.9828593e+02
0	2	12	49	1.6914470e+02
0	2	12	50	3.0921036e+02
0	2	12	51	7.8455774e+02
0	2	12	52	7.8970276e+02
0	2	12	53	3.7413583e+02
0	2	12	54	4.4283322e+02
0	2	12	55	3.9293619e+02
0	2	12	56	5.5959137e+02
0	2	12	57	6.2133136e+02
0	2	12	58	5.8829724e+02
0	2	12	59	4.5387509e+02
0	2	12	60	4.9730563e+02
0	2	12	61	4.3676849e+02
0	2	12	62	5.1359583e+02
0	2	12	63	5.5306671e+02
0	2	13	0	-1.6710077e+02
0	2	13	1	-4.7130886e+01
0	2	13	2	-6.2087955e+01
0	2	13	3	-1.4847733e+02
0	2	13	4	-1.8702931e+02
0	2	13	5	-1.5398668e+02
0	2	13	6	-1.2236504e+02
0	2	13	7	-1.0339352e+02
0	2	13	8	-2.1535789e+02
0	2	13	9	-8.3587982e+01
0	2	13	10	-1.5734390e+02
0	2	13	11	-1.2083294e+02
0	2	13	12	-2.2025255e+02
0	2	13	13	-1.4463470e+02
0	2	13	14	-3.1861832e+02
0	2	13	15	-2.1899266e+02
0	2	13	16	-3.0110565e+02
0	2	13	17	-2.6073215e+02
0	2	13	18	-3.5633463e+02
0	2	13	19	-3.3525562e+02
0	2	13	20	-3.4680652e+02
0	2	13	21	-3.1909564e+02
0	2	13	22	-2.0804228e+02
0	2	13	23	-3.0241791e+02
0	2	13	24	-3.4580396e+02
0	2	13	25	-2.5278352e+02
0	2	13	26	-3.7012552e+02
0	2	13	27	-3.0999069e+02
0	2	13	28	-2.1936041e+02
0	2	13	29	-2.3945773e+02
0	2	13	30	-2.4324017e+02
0	2	13	31	-3.0838309e+02
0	2	13	32	-3.1055103e+02
0	2	13	33	-3.2382663e+02
0	2	13	34	2.9395291e+02
0	2	13	35	3.5558081e+02
0	2	13	36	3.5986304e+02
0	2	13	37	3.7122614e+02
0	2	13	38	4.0204132e+02
0	2	13	39	3.8019479e+02
0	2	13	40	4.1212073e+02
0	2	13	41	4.0793674e+02
0	2	13	42	4.0499271e+02
0	2	13	43	3.5340213e+02
0	2	13	44	4.4285022e+02
0	2	13	45	3.2420438e+02
0	2	13	46	4.1412250e+02
0	2	13	47	3.8968591e+02
0	2	13	48	4.3628909e+02
0	2	13	49	3.5956619e+02
0	2	13	50	4.2889856e+02
0	2	13	51	9.1038263e+02
0	2	13	52	9.7519086e+02
0	2	13	53	5.9161487e+02
0	2	13	54	6.5647046e+02
0	2	13	55	7.6093591e+02
0	2	13	56	8.1491876e+02
0	2	13	57	8.2827435e+02
0	2	13	58	6.2758575e+02
0	2	13	59	7.0692145e+02
0	2	13	60	7.3378406e+02
0	2	13	61	4.7778421e+02
0	2	13	62	5.8863812e+02
0	2	13	63	7.1305377e+02
0	2	14	0	-3.9612152e+01
0	2	14	1	-1.5089272e+02
0	2	14	2	-1.1116644e+02
0	2	14	3	4.8347827e+02
0	2	14	4	-2.4180603e+02
0	2	14	5	-2.2797395e+02
0	2	14	6	-2.2451408e+02
0	2	14	7	-7.1425064e+01
0	2	14	8	-1.7061108e+02
0	2	14	9	-1.3590584e+02
0	2	14	10	-1.7884349e+02
0	2	14	11	-1.8845280e+02
0	2	14	12	-3.1097919e+02
0	2	14	13	-8.3297523e+01
0	2	14	14	-1.8691603e+02
0	2	14	15	-1.4805731e+02
0	2	14	16	-2.0034631e+02
0	2	14	17	-3.1096347e+02
0	2	14	18	-2.2221713e+02
0	2	14	19	-3.4662198e+02
0	2	14	20	-2.5110419e+02
0	2	14	21	2.9170347e+03
0	2	14	22	-2.4769382e+02
0	2	14	23	-2.7073038e+02
0	2	14	24	-3.7754236e+02
0	2	14	25	-2.8677634e+02
0	2	14	26	-5.2151239e+02
0	2	14	27	-4.5401910e+02
0	2	14	28	-3.6453561e+02
0	2	14	29	-4.3757745e+02
0	2	14	30	-4.1043024e+02
0	2	14	31	-3.9268155e+02
0	2	14	32	-4.8912274e+02
0	2	14	33	-4.4090189e+02
0	2	14	34	2.4289374e+02
0	2	14	35	3.0365442e+02
0	2	14	36	2.4541548e+02
0	2	14	37	2.3546848e+02
0	2	14	38	3.4305124e+02
0	2	14	39	2.8396210e+02
0	2	14	40	3.0856497e+02
0	2	14	41	2.0669785e+02
0	2	14	42	3.4915591e+02
0	2	14	43	2.5602579e+02
0	2	14	44	3.4560071e+02
0	2	14	45	2.8166229e+02
0	2	14	46	2.2271207e+02
0	2	14	47	2.2688747e+02
0	2	14	48	2.2153815e+02
0	2	14	49	2.2560428e+02
0	2	14	50	3.5059372e+02
0	2	14	51	8.8327490e+02
0	2	14	52	8.9708954e+02
0	2	14	53	4.5745789e+02
0	2	14	54	5.3265387e+02
0	2	14	55	4.8495670e+02
0	2	14	56	7.1015472e+02
0	2	14	57	6.5208612e+02
0	2	14	58	6.6370172e+02
0	2	14	59	5.2084296e+02
0	2	14	60	4.9890494e+02
0	2	14	61	5.1430652e+02
0	2	14	62	6.1764648e+02
0	2	14	63	5.4888422e+02
0	2	15	0	-2.3384018e+02
0	2	15	1	-2.5000610e+02
0	2	15	2	-1.5274698e+02
0	2	15	3	-1.6462314e+02
0	2	15	4	-2.5687225e+02
0	2	15	5	-2.0109814e+02
0	2	15	6	-2.0050539e+02
0	2	15	7	-2.0450594e+02
0	2	15	8	-2.5989874e+02
0	2	15	9	-1.6354813e+02
0	2	15	10	-2.9387616e+02
0	2	15	11	-2.3671074e+02
0	2	15	12	-3.1265155e+02
0	2	15	13	-1.7969389e+02
0	2	15	14	-2.3178113e+02
0	2	15	15	-2.8798508e+02
0	2	15	16	-3.1458356e+02
0	2	15	17	-4.5701392e+02
0	2	15	18	-4.0831213e+02
0	2	15	19	-4.4389828e+02
0	2	15	20	-3.7841934e+02
0	2	15	21	-3.9759567e+02
0	2	15	22	-3.5010181e+02
0	2	15	23	-3.7531256e+02
0	2	15	24	-3.7595657e+02
0	2	15	25	-4.2450003e+02
0	2	15	26	-3.8807367e+02
0	2	15	27	-3.8112347e+02
0	2	15	28	-4.0600015e+02
0	2	15	29	-3.9293033e+02
0	2	15	30	-3.8601089e+02
0	2	15	31	-4.1930389e+02
0	2	15	32	-3.9835788e+02
0	2	15	33	-3.6707513e+02
0	2	15	34	3.4115610e+02
0	2	15	35	2.9902429e+02
0	2	15	36	3.6664020e+02
0	2	15	37	3.8351859e+02
0	2	15	38	3.0270657e+02
0	2	15	39	4.0742792e+02
0	2	15	40	5.3823492e+02
0	2	15	41	2.8855838e+02
0	2	15	42	4.7658517e+02
0	2	15	43	3.2931174e+02
0	2	15	44	5.3789862e+02
0	2	15	45	4.5659982e+02
0	2	15	46	4.5744583e+02
0	2	15	47	3.6907333e+02
0	2	15	48	0.0000000e+00
0	2	15	49	5.6749139e+02
0	2	15	50	4.1552548e+02
0	2	15	51	1.0094959e+03
0	2	15	52	9.9598523e+02
0	2	15	53	6.3376984e+02
0	2	15	54	6.8494849e+02
0	2	15	55	1.4082770e+03
0	2	15	56	9.0459943e+02
0	2	15	57	8.5325354e+02
0	2	15	58	6.3881219e+02
0	2	15	59	5.7123889e+02
0	2	15	60	6.8785168e+02
0	2	15	61	5.6647510e+02
0	2	15	62	5.5310382e+02
0	2	15	63	6.7109991e+02
1	0	0	0	-2.3447371e+02
1	0	0	1	-2.7166495e+02
1	0	0	2	-1.7573114e+02
1	0	0	3	-3.3316721e+02
1	0	0	4	-1.7627789e+02
1	0	0	5	-2.4931203e+02
1	0	0	6	-2.9871695e+02
1	0	0	7	-2.3656276e+02
1	0	0	8	-3.2315018e+02
1	0	0	9	-1.1196722e+02
1	0	0	10	-3.4288080e+02
1	0	0	11	-1.4994032e+02
1	0	0	12	-3.1205966e+02
1	0	0	13	-2.3214920e+02
1	0	0	14	-3.4579877e+02
1	0	0	15	-2.9891553e+02
1	0	0	16	-4.3086072e+02
1	0	0	17	-4.1673996e+02
1	0	0	18	-3.3915387e+02
1	0	0	19	-4.5600964e+02
1	0	0	20	-4.1151163e+02
1	0	0	21	-4.7777441e+02
1	0	0	22	-4.2636459e+02
1	0	0	23	-4.0297021e+02
1	0	0	24	-3.8235291e+02
1	0	0	25	-3.7531818e+02
1	0	0	26	-3.5124966e+02
1	0	0	27	-3.0161438e+02
1	0	0	28	-3.7647650e+02
1	0	0	29	-4.0703900e+02
1	0	0	30	-3.9987616e+02
1	0	0	31	-3.7349292e+02
1	0	0	32	-3.9847379e+02
1	0	0	33	-4.1695380e+02
1	0	0	34	2.3972052e+02
1	0	0	35	2.5063858e+02
1	0	0	36	2.8410892e+02
1	0	0	37	3.4430273e+02
1	0	0	38	3.1437177e+02
1	0	0	39	3.2460687e+02
1	0	0	40	2.7540094e+02
1	0	0	41	3.4512103e+02
1	0	0	42	4.5691647e+02
1	0	0	43	3.7492606e+02
1	0	0	44	4.3255927e+02
1	0	0	45	3.4254849e+02
1	0	0	46	3.5255359e+02
1	0	0	47	3.4432947e+02
1	0	0	48	4.4746295e+02
1	0	0	49	3.7579364e+02
1	0	0	50	3.7566003e+02
1	0	0	51	9.0266974e+02
1	0	0	52	1.0731807e+03
1	0	0	53	7.4748743e+02
1	0	0	54	6.4246680e+02
1	0	0	55	7.6803778e+02
1	0	0	56	8.2585516e+02
1	0	0	57	7.9556512e+02
1	0	0	58	6.0929443e+02
1	0	0	59	5.6004803e+02
1	0	0	60	6.7094226e+02
1	0	0	61	5.1905334e+02
1	0	0	62	5.8501111e+02
1	0	0	63	6.9246350e+02
1	0	1	0	2.4887897e+02
1	0	1	1	1.4904861e+02
1	0	1	2	9.9309326e+01
1	0	1	3	2.1762100e+02
1	0	1	4	3.2099098e+01
1	0	1	5	2.8278571e+02
1	0	1	6	1.1626475e+02
1	0	1	7	2.5923578e+02
1	0	1	8	1.5781154e+02
1	0	1	9	1.4088447e+01
1	0	1	10	1.1390613e+02
1	0	1	11	4.9595913e+01
1	0	1	12	1.0945860e+02
1	0	1	13	1.0307168e+02
1	0	1	14	5.0676422e+01
1	0	1	15	1.2601569e+02
1	0	1	16	4.6508133e+01
1	0	1	17	1.3639186e+02
1	0	1	18	1.0574110e+02
1	0	1	19	1.6272128e+02
1	0	1	20	4.3910641e+01
1	0	1	21	1.2679774e+02
1	0	1	22	6.3621098e+01
1	0	1	23	1.2247070e+02
1	0	1	24	2.9519249e+01
1	0	1	25	8.8864494e+01
1	0	1	26	1.5860420e+02
1	0	1	27	4.3013676e+01
1	0	1	28	9.3352127e+01
1	0	1	29	-3.3984440e+01
1	0	1	30	-2.3864572e+00
1	0	1	31	-1.0645071e+02
1	0	1	32	2.7925497e+01
1	0	1	33	-2.6606138e+01
1	0	1	34	6.3482855e+02
1	0	1	35	6.0566986e+02
1	0	1	36	6.6621582e+02
1	0	1	37	6.1205432e+02
1	0	1	38	7.0814062e+02
1	0	1	39	6.2261768e+02
1	0	1	40	6.9582178e+02
1	0	1	41	6.2615985e+02
1	0	1	42	7.3874530e+02
1	0	1	43	6.1272662e+02
1	0	1	44	5.7466815e+02
1	0	1	45	6.2034674e+02
1	0	1	46	5.7768298e+02
1	0	1	47	6.2847205e+02
1	0	1	48	5.3130865e+02
1	0	1	49	5.4157117e+02
1	0	1	50	6.7746881e+02
1	0	1	51	1.1582970e+03
1	0	1	52	1.2990221e+03
1	0	1	53	8.7133612e+02
1	0	1	54	9.3711450e+02
1	0	1	55	8.7144849e+02
1	0	1	56	9.6848083e+02
1	0	1	57	9.9268835e+02
1	0	1	58	1.1101891e+03
1	0	1	59	8.8058844e+02
1	0	1	60	9.0880109e+02
1	0	1	61	8.3162860e+02
1	0	1	62	9.6742212e+02
1	0	1	63	9.4906519e+02
1	0	2	0	2.3231417e+01
1	0	2	1	-3.1251905e+01
1	0	2	2	-2.4235872e+01
1	0	2	3	-1.0931895e+01
1	0	2	4	-2.9679388e+01
1	0	2	5	-4.2990627e+01
1	0	2	6	-4.3296404e+00
1	0	2	7	-3.0047985e+01
1	0	2	8	-4.0941071e+01
1	0	2	9	8.3824936e+01
1	0	2	10	-1.3130978e+02
1	0	2	11	6.1010853e+01
1	0	2	12	-9.9188492e+01
1	0	2	13	-3.1175312e+01
1	0	2	14	-8.7479401e+01
1	0	2	15	-1.6628676e+02
1	0	2	16	-2.2264899e+02
1	0	2	17	-2.1843773e+02
1	0	2	18	-1.4238586e+02
1	0	2	19	-2.3493184e+02
1	0	2	20	-1.9632845e+02
1	0	2	21	-2.3552069e+02
1	0	2	22	-2.0102173e+02
1	0	2	23	-2.4533510e+02
1	0	2	24	-2.1124617e+02
1	0	2	25	-1.4196339e+02
1	0	2	26	-2.5745694e+02
1	0	2	27	-1.7360837e+02
1	0	2	28	-2.0860297e+02
1	0	2	29	-1.8087421e+02
1	0	2	30	-2.3356906e+02
1	0	2	31	-2.5956909e+02
1	0	2	32	-2.0769031e+02
1	0	2	33	-1.7526808e+02
1	0	2	34	4.7524695e+02
1	0	2	35	5.1242340e+02
1	0	2	36	5.1744800e+02
1	0	2	37	5.7420831e+02
1	0	2	38	5.1633167e+02
1	0	2	39	5.3148047e+02
1	0	2	40	5.6385815e+02
1	0	2	41	4.8047916e+02
1	0	2	42	6.7476733e+02
1	0	2	43	4.8577484e+02
1	0	2	44	5.8451483e+02
1	0	2	45	5.0574301e+02
1	0	2	46	5.4521283e+02
1	0	2	47	5.4768903e+02
1	0	2	48	6.9683801e+02
1	0	2	49	5.6240448e+02
1	0	2	50	6.2603583e+02
1	0	2	51	1.1668849e+03
1	0	2	52	1.2235280e+03
1	0	2	53	7.2163812e+02
1	0	2	54	7.4216034e+02
1	0	2	55	9.3738361e+02
1	0	2	56	9.7969757e+02
1	0	2	57	9.6353748e+02
1	0	2	58	8.0322693e+02
1	0	2	59	8.1922479e+02
1	0	2	60	8.4392633e+02
1	0	2	61	7.5213086e+02
1	0	2	62	8.0714746e+02
1	0	2	63	9.2219403e+02
1	0	3	0	2.1289980e+02
1	0	3	1	1.9935509e+02
1	0	3	2	8.7959297e+01
1	0	3	3	1.2831078e+02
1	0	3	4	5.9723629e+01
1	0	3	5	1.5449539e+02
1	0	3	6	6.5653587e+01
1	0	3	7	1.7008621e+02
1	0	3	8	8.2711258e+01
1	0	3	9	8.5618599e+01
1	0	3	10	1.5421591e+02
1	0	3	11	-9.5146471e-01
1	0	3	12	5.0809798e+00
1	0	3	13	7.3693573e+01
1	0	3	14	5.1072498e+01
1	0	3	15	1.1231490e+02
1	0	3	16	-7.6198250e+01
1	0	3	17	5.9381306e+01
1	0	3	18	-2.4638544e+01
1	0	3	19	1.7549715e+02
1	0	3	20	-4.9680734e+00
1	0	3	21	7.8766246e+00
1	0	3	22	1.1013214e-01
1	0	3	23	1.6668158e+01
1	0	3	24	-7.1465302e+01
1	0	3	25	4.0547562e+00
1	0	3	26	-1.5599693e+02
1	0	3	27	-1.9634605e+01
1	0	3	28	-2.4253405e+01
1	0	3	29	-1.3553177e+00
1	0	3	30	-1.0473859e+02
1	0	3	31	-1.3155978e+02
1	0	3	32	-1.5691370e+02
1	0	3	33	-1.1814045e+02
1	0	3	34	5.3192102e+02
1	0	3	35	5.0927490e+02
1	0	3	36	5.7337988e+02
1	0	3	37	5.0409686e+02
1	0	3	38	7.0971417e+02
1	0	3	39	6.1438263e+02
1	0	3	40	6.1095380e+02
1	0	3	41	6.4754565e+02
1	0	3	42	5.7028180e+02
1	0	3	43	4.9410141e+02
1	0	3	44	5.6662231e+02
1	0	3	45	5.2168738e+02
1	0	3	46	6.2554517e+02
1	0	3	47	5.4794897e+02
1	0	3	48	5.1347522e+02
1	0	3	49	5.2818958e+02
1	0	3	50	6.4073846e+02
1	0	3	51	1.1915507e+03
1	0	3	52	1.1926227e+03
1	0	3	53	7.7319275e+02
1	0	3	54	7.7040741e+02
1	0	3	55	8.1725140e+02
1	0	3	56	9.3254102e+02
1	0	3	57	9.6128876e+02
1	0	3	58	8.2454645e+02
1	0	3	59	7.2951392e+02
1	0	3	60	7.5268134e+02
1	0	3	61	6.8987006e+02
1	0	3	62	7.6213458e+02
1	0	3	63	7.0359125e+02
1	0	4	0	1.6869382e+02
1	0	4	1	8.9406738e+01
1	0	4	2	1.5680455e+02
1	0	4	3	1.9606906e+02
1	0	4	4	1.3802664e+02
1	0	4	5	2.0226112e+02
1	0	4	6	2.3520335e+02
1	0	4	7	8.4772575e+01
1	0	4	8	1.1659879e+02
1	0	4	9	1.7604129e+02
1	0	4	10	-5.7904644e+01
1	0	4	11	1.1575464e+02
1	0	4	12	4.6000149e+01
1	0	4	13	7.1346222e+01
1	0	4	14	1.9812257e+02
1	0	4	15	1.0293743e+02
1	0	4	16	-3.5158829e+01
1	0	4	17	-2.3044636e+01
1	0	4	18	3.7341255e+01
1	0	4	19	6.8569962e+01
1	0	4	20	3.0972828e+01
1	0	4	21	1.3332399e+01
1	0	4	22	3.9461998e+01
1	0	4	23	-3.9179039e+01
1	0	4	24	-2.5334394e+01
1	0	4	25	2.0803132e+00
1	0	4	26	-4.5042461e+01
1	0	4	27	1.3415669e+02
1	0	4	28	3.7734684e+01
1	0	4	29	2.5200006e-01
1	0	4	30	5.3466316e+01
1	0	4	31	5.6154423e+01
1	0	4	32	-4.3813965e+01
1	0	4	33	-3.7651482e+01
1	0	4	34	6.6820618e+02
1	0	4	35	6.7634747e+02
1	0	4	36	6.7247028e+02
1	0	4	37	6.9547650e+02
1	0	4	38	6.9047253e+02
1	0	4	39	7.4856659e+02
1	0	4	40	6.9720044e+02
1	0	4	41	6.9364508e+02
1	0	4	42	7.8230847e+02
1	0	4	43	8.3345477e+02
1	0	4	44	-6.8009631e+02
1	0	4	45	6.5501166e+02
1	0	4	46	7.7834338e+02
1	0	4	47	6.8899670e+02
1	0	4	48	7.3355267e+02
1	0	4	49	7.6346356e+02
1	0	4	50	7.3662097e+02
1	0	4	51	1.3324838e+03
1	0	4	52	1.4284280e+03
1	0	4	53	1.0657025e+03
1	0	4	54	9.5701501e+02
1	0	4	55	1.1529396e+03
1	0	4	56	1.2631825e+03
1	0	4	57	1.2862594e+03
1	0	4	58	1.0901633e+03
1	0	4	59	1.1220764e+03
1	0	4	60	1.0153920e+03
1	0	4	61	1.0778451e+03
1	0	4	62	9.6097198e+02
1	0	4	63	1.0733204e+03
1	0	5	0	2.0235400e+02
1	0	5	1	1.4861139e+02
1	0	5	2	1.2248016e+02
1	0	5	3	1.2655985e+02
1	0	5	4	1.9960535e+01
1	0	5	5	2.2457199e+02
1	0	5	6	1.6245462e+02
1	0	5	7	1.5859622e+02
1	0	5	8	2.3981198e+02
1	0	5	9	7.2220581e+01
1	0	5	10	1.8381779e+02
1	0	5	11	4.1217049e+01
1	0	5	12	3.9437702e+01
1	0	5	13	1.0050952e+02
1	0	5	14	-1.5466858e+01
1	0	5	15	2.2859685e+02
1	0	5	16	4.0951855e+01
1	0	5	17	1.0630936e+01
1	0	5	18	-1.4018057e+01
1	0	5	19	3.7452881e+01
1	0	5	20	-8.6349060e+01
1	0	5	21	3.0461246e+01
1	0	5	22	1.8196817e+01
1	0	5	23	7.7407997e+01
1	0	5	24	1.1403975e+02
1	0	5	25	-1.2798676e+01
1	0	5	26	-1.1138907e+02
1	0	5	27	-4.4552937e+01
1	0	5	28	-3.0410498e+01
1	0	5	29	-1.6914240e+01
1	0	5	30	-1.0098180e+02
1	0	5	31	-8.4352043e+01
1	0	5	32	1.3029797e+01
1	0	5	33	-1.2816875e+02
1	0	5	34	6.7162579e+02
1	0	5	35	6.7873267e+02
1	0	5	36	5.9522260e+02
1	0	5	37	5.9477795e+02
1	0	5	38	6.5181860e+02
1	0	5	39	6.3722449e+02
1	0	5	40	6.5472211e+02
1	0	5	41	6.0140027e+02
1	0	5	42	6.3243396e+02
1	0	5	43	5.1524451e+02
1	0	5	44	6.4009625e+02
1	0	5	45	5.5056250e+02
1	0	5	46	5.6545844e+02
1	0	5	47	6.4343365e+02
1	0	5	48	5.0234625e+02
1	0	5	49	5.5598450e+02
1	0	5	50	7.1913135e+02
1	0	5	51	1.1691583e+03
1	0	5	52	1.2222312e+03
1	0	5	53	9.6460034e+02
1	0	5	54	8.3592670e+02
1	0	5	55	8.6777734e+02
1	0	5	56	1.0224661e+03
1	0	5	57	1.0377302e+03
1	0	5	58	9.0125311e+02
1	0	5	59	8.3855243e+02
1	0	5	60	8.7695026e+02
1	0	5	61	7.1392877e+02
1	0	5	62	9.1514124e+02
1	0	5	63	9.1744836e+02
1	0	6	0	2.0230812e+02
1	0	6	1	2.2900302e+02
1	0	6	2	3.7016788e+02
1	0	6	3	2.0088289e+02
1	0	6	4	2.2187843e+02
1	0	6	5	1.8318108e+02
1	0	6	6	1.4211279e+02
1	0	6	7	2.0295938e+02
1	0	6	8	1.6353363e+02
1	0	6	9	3.2253928e+02
1	0	6	10	1.8383354e+02
1	0	6	11	2.9108774e+02
1	0	6	12	9.9091347e+01
1	0	6	13	1.7446025e+02
1	0	6	14	1.6397491e+02
1	0	6	15	2.4820653e+02
1	0	6	16	1.0460063e+02
1	0	6	17	6.8931465e+01
1	0	6	18	1.3387035e+02
1	0	6	19	4.3531181e+01
1	0	6	20	1.6508148e+02
1	0	6	21	1.0732287e+02
1	0	6	22	6.1383678e+01
1	0	6	23	1.0946481e+02
1	0	6	24	1.1463535e+02
1	0	6	25	1.2940051e+02
1	0	6	26	9.6490051e+01
1	0	6	27	1.1998661e+02
1	0	6	28	7.3941772e+01
1	0	6	29	9.6202934e+01
1	0	6	30	7.0625015e+01
1	0	6	31	1.4488709e+01
1	0	6	32	9.0339432e+00
1	0	6	33	5.5993958e+01
1	0	6	34	8.0177466e+02
1	0	6	35	8.5737878e+02
1	0	6	36	8.7785486e+02
1	0	6	37	8.2940118e+02
1	0	6	38	8.7567999e+02
1	0	6	39	8.3834399e+02
1	0	6	40	7.6055261e+02
1	0	6	41	8.0027332e+02
1	0	6	42	8.6268500e+02
1	0	6	43	9.1769226e+02
1	0	6	44	9.8565082e+02
1	0	6	45	8.1491260e+02
1	0	6	46	9.6791547e+02
1	0	6	47	8.0788208e+02
1	0	6	48	9.1187604e+02
1	0	6	49	8.4984985e+02
1	0	6	50	9.5562256e+02
1	0	6	51	1.4277986e+03
1	0	6	52	1.4521603e+03
1	0	6	53	1.0616667e+03
1	0	6	54	1.0846661e+03
1	0	6	55	1.1997435e+03
1	0	6	56	1.3224226e+03
1	0	6	57	1.2979808e+03
1	0	6	58	1.1879204e+03
1	0	6	59	1.1277004e+03
1	0	6	60	1.0669716e+03
1	0	6	61	9.2497321e+02
1	0	6	62	1.0147458e+03
1	0	6	63	1.0636062e+03
1	0	7	0	4.0348584e+02
1	0	7	1	3.1409143e+02
1	0	7	2	2.6005133e+02
1	0	7	3	3.5169415e+02
1	0	7	4	2.9060815e+02
1	0	7	5	3.9596371e+02
1	0	7	6	3.4811642e+02
1	0	7	7	4.3975604e+02
1	0	7	8	2.8511307e+02
1	0	7	9	2.9896194e+02
1	0	7	10	2.6446487e+02
1	0	7	11	3.0782135e+02
1	0	7	12	2.1180733e+02
1	0	7	13	2.8913327e+02
1	0	7	14	1.9961362e+02
1	0	7	15	2.4369542e+02
1	0	7	16	2.1790421e+02
1	0	7	17	2.0043501e+02
1	0	7	18	2.1012131e+02
1	0	7	19	2.4735542e+02
1	0	7	20	1.6678374e+02
1	0	7	21	1.5556390e+02
1	0	7	22	2.5055774e+02
1	0	7	23	2.1333015e+02
1	0	7	24	2.3585628e+02
1	0	7	25	1.3573532e+02
1	0	7	26	1.4977440e+02
1	0	7	27	1.6467326e+02
1	0	7	28	2.0524173e+02
1	0	7	29	1.1032872e+02
1	0	7	30	1.6439886e+02
1	0	7	31	1.4345158e+02
1	0	7	32	7.7021622e+01
1	0	7	33	1.5504515e+02
1	0	7	34	8.0842438e+02
1	0	7	35	7.7117194e+02
1	0	7	36	8.3720813e+02
1	0	7	37	-7.4623120e+03
1	0	7	38	8.9384491e+02
1	0	7	39	8.3609863e+02
1	0	7	40	8.0703900e+02
1	0	7	41	7.5423645e+02
1	0	7	42	8.3074237e+02
1	0	7	43	7.6002789e+02
1	0	7	44	8.4622858e+02
1	0	7	45	7.6257196e+02
1	0	7	46	6.9512042e+02
1	0	7	47	7.4792267e+02
1	0	7	48	7.3952826e+02
1	0	7	49	7.3231274e+02
1	0	7	50	7.3380212e+02
1	0	7	51	1.3291030e+03
1	0	7	52	1.2946444e+03
1	0	7	53	1.0228138e+03
1	0	7	54	1.0578682e+03
1	0	7	55	-7.4623120e+03
1	0	7	56	1.1712218e+03
1	0	7	57	1.2118574e+03
1	0	7	58	1.1474335e+03
1	0	7	59	1.0818966e+03
1	0	7	60	1.1645682e+03
1	0	7	61	1.0607925e+03
1	0	7	62	1.0760421e+03
1	0	7	63	1.0626975e+03
1	0	8	0	3.5794644e+02
1	0	8	1	3.9748029e+02
1	0	8	2	2.7527972e+02
1	0	8	3	2.1851738e+02
1	0	8	4	2.4083264e+02
1	0	8	5	2.4977423e+02
1	0	8	6	2.0932535e+02
1	0	8	7	2.2300705e+02
1	0	8	8	2.0865024e+02
1	0	8	9	3.1553708e+02
1	0	8	10	7.4097878e+01
1	0	8	11	4.6868060e+02
1	0	8	12	2.8168253e+02
1	0	8	13	2.5857962e+02
1	0	8	14	1.7960716e+02
1	0	8	15	1.7504758e+02
1	0	8	16	1.0617603e+02
1	0	8	17	1.1990656e+02
1	0	8	18	5.1548885e+01
1	0	8	19	9.2108299e+01
1	0	8	20	1.2443940e+02
1	0	8	21	5.6439167e+01
1	0	8	22	1.7526727e+02
1	0	8	23	3.3070370e+02
1	0	8	24	7.8498161e+01
1	0	8	25	1.0650017e+02
1	0	8	26	1.0369471e+02
1	0	8	27	9.3231369e+01
1	0	8	28	7.9349014e+01
1	0	8	29	2.8722841e+01
1	0	8	30	1.3188921e+02
1	0	8	31	2.4100008e+02
1	0	8	32	6.6332024e+01
1	0	8	33	9.1758621e+01
1	0	8	34	7.2253064e+02
1	0	8	35	8.2273059e+02
1	0	8	36	7.8765057e+02
1	0	8	37	9.3736609e+02
1	0	8	38	8.5720496e+02
1	0	8	39	8.4751593e+02
1	0	8	40	8.6527142e+02
1	0	8	41	7.9770032e+02
1	0	8	42	8.6761230e+02
1	0	8	43	8.1115869e+02
1	0	8	44	9.1514417e+02
1	0	8	45	8.5360651e+02
1	0	8	46	8.3005200e+02
1	0	8	47	8.4493231e+02
1	0	8	48	1.0408445e+03
1	0	8	49	8.4003857e+02
1	0	8	50	9.0152106e+02
1	0	8	51	1.6313978e+03
1	0	8	52	1.5435205e+03
1	0	8	53	1.0082307e+03
1	0	8	54	1.0482307e+03
1	0	8	55	1.2116027e+03
1	0	8	56	1.3627422e+03
1	0	8	57	1.3455032e+03
1	0	8	58	1.1694000e+03
1	0	8	59	1.0825822e+03
1	0	8	60	1.2193289e+03
1	0	8	61	1.2176594e+03
1	0	8	62	1.1584673e+03
1	0	8	63	1.1512229e+03
1	0	9	0	5.2554980e+02
1	0	9	1	3.3515576e+02
1	0	9	2	4.3380444e+02
1	0	9	3	4.4067334e+02
1	0	9	4	3.0360663e+02
1	0	9	5	6.2774554e+02
1	0	9	6	3.8006955e+02
1	0	9	7	3.9279880e+02
1	0	9	8	5.1942023e+02
1	0	9	9	3.2029831e+02
1	0	9	10	4.6344153e+02
1	0	9	11	2.9048929e+02
1	0	9	12	2.9536789e+02
1	0	9	13	4.1826709e+02
1	0	9	14	2.7111847e+02
1	0	9	15	3.7433737e+02
1	0	9	16	3.1006418e+02
1	0	9	17	2.7689868e+02
1	0	9	18	2.7170538e+02
1	0	9	19	2.5387048e+02
1	0	9	20	2.4950507e+02
1	0	9	21	2.1284259e+02
1	0	9	22	3.6040881e+02
1	0	9	23	3.2846829e+02
1	0	9	24	1.6863387e+02
1	0	9	25	3.3419312e+02
1	0	9	26	1.5415286e+02
1	0	9	27	2.3307797e+02
1	0	9	28	1.4835522e+02
1	0	9	29	1.5848524e+02
1	0	9	30	1.9119623e+02
1	0	9	31	1.1234028e+02
1	0	9	32	1.6653323e+02
1	0	9	33	1.4249611e+02
1	0	9	34	9.4902429e+02
1	0	9	35	8.5908258e+02
1	0	9	36	9.7543488e+02
1	0	9	37	9.1597528e+02
1	0	9	38	1.0257424e+03
1	0	9	39	8.3024054e+02
1	0	9	40	9.8007764e+02
1	0	9	41	8.5283386e+02
1	0	9	42	9.3213666e+02
1	0	9	43	9.7391980e+02
1	0	9	44	9.1712469e+02
1	0	9	45	8.4291193e+02
1	0	9	46	9.4607104e+02
1	0	9	47	8.8861969e+02
1	0	9	48	8.7133844e+02
1	0	9	49	7.9364789e+02
1	0	9	50	9.8715906e+02
1	0	9	51	1.3383585e+03
1	0	9	52	1.5394449e+03
1	0	9	53	1.0748513e+03
1	0	9	54	1.1214742e+03
1	0	9	55	1.0662769e+03
1	0	9	56	1.2460347e+03
1	0	9	57	1.2680472e+03
1	0	9	58	1.2234053e+03
1	0	9	59	1.1007640e+03
1	0	9	60	1.0550535e+03
1	0	9	61	1.0325044e+03
1	0	9	62	1.1578259e+03
1	0	9	63	1.2788064e+03
1	0	10	0	1.5107899e+02
1	0	10	1	6.0281849e+01
1	0	10	2	2.2864462e+02
1	0	10	3	1.7449469e+02
1	0	10	4	1.3470311e+02
1	0	10	5	1.5010391e+02
1	0	10	6	1.7904671e+02
1	0	10	7	1.5298293e+02
1	0	10	8	-1.5716992e+02
1	0	10	9	2.1161850e+02
1	0	10	10	2.6553061e+01
1	0	10	11	2.4215042e+02
1	0	10	12	1.1740961e+02
1	0	10	13	1.7293661e+02
1	0	10	14	5.8469559e+01
1	0	10	15	2.0706522e+02
1	0	10	16	-7.1193542e+01
1	0	10	17	-6.9770981e+01
1	0	10	18	2.5880615e+01
1	0	10	19	2.2022366e+01
1	0	10	20	4.0552452e+01
1	0	10	21	3.1821629e+01
1	0	10	22	2.5726166e+01
1	0	10	23	-1.9753714e+01
1	0	10	24	2.9798569e+01
1	0	10	25	-2.5199551e+01
1	0	10	26	3.1673428e+01
1	0	10	27	9.9199944e+01
1	0	10	28	7.7245522e+01
1	0	10	29	4.0604565e+01
1	0	10	30	2.6128851e+01
1	0	10	31	2.3306467e+01
1	0	10	32	7.8386078e+00
1	0	10	33	-7.0674980e+01
1	0	10	34	6.6953522e+02
1	0	10	35	7.3111243e+02
1	0	10	36	7.5469495e+02
1	0	10	37	7.9196484e+02
1	0	10	38	7.4229053e+02
1	0	10	39	7.0659460e+02
1	0	10	40	7.1093170e+02
1	0	10	41	7.2688654e+02
1	0	10	42	8.7433087e+02
1	0	10	43	8.3709894e+02
1	0	10	44	9.1874872e+02
1	0	10	45	7.5462952e+02
1	0	10	46	7.5623950e+02
1	0	10	47	7.6818890e+02
1	0	10	48	7.8188684e+02
1	0	10	49	8.3399542e+02
1	0	10	50	7.5673450e+02
1	0	10	51	1.4328424e+03
1	0	10	52	1.4454338e+03
1	0	10	53	2.6104181e+02
1	0	10	54	-3.0054250e+03
1	0	10	55	1.1148345e+03
1	0	10	56	1.2563972e+03
1	0	10	57	1.1728519e+03
1	0	10	58	1.1037902e+03
1	0	10	59	9.6727686e+02
1	0	10	60	1.1091467e+03
1	0	10	61	9.8229700e+02
1	0	10	62	9.7093903e+02
1	0	10	63	1.0932502e+03
1	0	11	0	3.2273386e+02
1	0	11	1	2.7227390e+02
1	0	11	2	1.9125511e+02
1	0	11	3	2.8909943e+02
1	0	11	4	2.0969981e+02
1	0	11	5	2.7106610e+02
1	0	11	6	2.0836850e+02
1	0	11	7	3.2423917e+02
1	0	11	8	2.6367828e+02
1	0	11	9	2.8972665e+02
1	0	11	10	2.7430307e+02
1	0	11	11	2.0869113e+02
1	0	11	12	1.3649025e+02
1	0	11	13	3.0975809e+02
1	0	11	14	1.2944923e+02
1	0	11	15	2.8043539e+02
1	0	11	16	1.4917201e+02
1	0	11	17	1.9910718e+02
1	0	11	18	1.7157906e+02
1	0	11	19	1.9329509e+02
1	0	11	20	1.5804068e+02
1	0	11	21	1.5079727e+02
1	0	11	22	2.0256296e+02
1	0	11	23	1.9812325e+02
1	0	11	24	6.1980419e+01
1	0	11	25	1.5270946e+02
1	0	11	26	8.5968582e+01
1	0	11	27	1.2959860e+02
1	0	11	28	1.7901801e+02
1	0	11	29	6.3996944e+01
1	0	11	30	9.8083771e+01
1	0	11	31	1.0528727e+02
1	0	11	32	1.1644086e+02
1	0	11	33	7.4010277e+01
1	0	11	34	7.5956628e+02
1	0	11	35	7.5375891e+02
1	0	11	36	7.8816528e+02
1	0	11	37	8.0839490e+02
1	0	11	38	8.3837457e+02
1	0	11	39	7.9370972e+02
1	0	11	40	-5.9357339e+03
1	0	11	41	7.5353986e+02
1	0	11	42	7.9511804e+02
1	0	11	43	7.9866974e+02
1	0	11	44	7.8222003e+02
1	0	11	45	7.9836646e+02
1	0	11	46	8.4453564e+02
1	0	11	47	7.1074921e+02
1	0	11	48	7.3802490e+02
1	0	11	49	7.4871490e+02
1	0	11	50	9.1525488e+02
1	0	11	51	1.2969303e+03
1	0	11	52	1.3543934e+03
1	0	11	53	9.6124231e+02
1	0	11	54	1.0542311e+03
1	0	11	55	1.0135750e+03
1	0	11	56	1.1189899e+03
1	0	11	57	1.1713336e+03
1	0	11	58	1.0692526e+03
1	0	11	59	1.0903632e+03
1	0	11	60	9.6936792e+02
1	0	11	61	9.8925775e+02
1	0	11	62	1.0039910e+03
1	0	11	63	1.0181312e+03
1	0	12	0	5.6356987e+01
1	0	12	1	-6.5783089e+01
1	0	12	2	-3.5062698e+01
1	0	12	3	-1.5145023e+02
1	0	12	4	-7.4623120e+03
1	0	12	5	-6.8548492e+01
1	0	12	6	-7.4623120e+03
1	0	12	7	2.6907541e+01
1	0	12	8	-1.3275999e+02
1	0	12	9	-2.5638874e+00
1	0	12	10	-2.4955096e+02
1	0	12	11	-5.5526192e+01
1	0	12	12	-1.3564772e+02
1	0	12	13	-6.1952374e+01
1	0	12	14	-1.2631835e+02
1	0	12	15	-1.2533796e+02
1	0	12	16	-2.1587907e+02
1	0	12	17	-1.9927109e+02
1	0	12	18	-2.2094984e+02
1	0	12	19	-2.6088486e+02
1	0	12	20	-2.2571420e+02
1	0	12	21	-2.1805072e+02
1	0	12	22	-2.2686078e+02
1	0	12	23	-1.6924423e+02
1	0	12	24	-1.3685114e+02
1	0	12	25	-1.7248381e+02
1	0	12	26	-1.8959985e+02
1	0	12	27	-7.4623120e+03
1	0	12	28	-9.7966545e+01
1	0	12	29	-2.3841705e+02
1	0	12	30	-1.6906721e+02
1	0	12	31	-1.2458728e+02
1	0	12	32	-2.4407895e+02
1	0	12	33	-8.3146080e+01
1	0	12	34	4.2986011e+02
1	0	12	35	5.5843756e+02
1	0	12	36	4.8602371e+02
1	0	12	37	5.5475195e+02
1	0	12	38	5.1426910e+02
1	0	12	39	5.9399530e+02
1	0	12	40	4.8316995e+02
1	0	12	41	5.0444388e+02
1	0	12	42	5.1703174e+02
1	0	12	43	5.8799432e+02
1	0	12	44	6.5872583e+02
1	0	12	45	5.0611719e+02
1	0	12	46	6.4008478e+02
1	0	12	47	5.4043805e+02
1	0	12	48	5.3873718e+02
1	0	12	49	5.2820306e+02
1	0	12	50	5.2570667e+02
1	0	12	51	1.2350576e+03
1	0	12	52	1.1599089e+03
1	0	12	53	8.0149005e+02
1	0	12	54	8.4285229e+02
1	0	12	55	9.0007703e+02
1	0	12	56	9.9282239e+02
1	0	12	57	8.9809705e+02
1	0	12	58	8.6183173e+02
1	0	12	59	7.6762079e+02
1	0	12	60	9.1824744e+02
1	0	12	61	8.7144452e+02
1	0	12	62	8.0755304e+02
1	0	12	63	9.5539862e+02
1	0	13	0	2.0163676e+02
1	0	13	1	1.0176278e+02
1	0	13	2	-3.2489288e+00
1	0	13	3	1.3147173e+02
1	0	13	4	9.9660683e+01
1	0	13	5	1.5951646e+02
1	0	13	6	9.6769897e+01
1	0	13	7	1.2271246e+02
1	0	13	8	6.3564159e+01
1	0	13	9	3.6801815e+01
1	0	13	10	1.0889758e+02
1	0	13	11	-3.8547764e+01
1	0	13	12	1.1139633e+01
1	0	13	13	3.7261375e+01
1	0	13	14	1.8006054e+01
1	0	13	15	-2.9409054e+01
1	0	13	16	-4.1042530e+01
1	0	13	17	-8.9072235e+01
1	0	13	18	-1.9149170e+02
1	0	13	19	-1.2812568e+01
1	0	13	20	-1.1435054e+02
1	0	13	21	-1.3412373e+02
1	0	13	22	-9.8714317e+01
1	0	13	23	-2.4313406e+01
1	0	13	24	-7.4978333e+01
1	0	13	25	-5.7875046e+01
1	0	13	26	-1.3258955e+02
1	0	13	27	-1.1138139e+02
1	0	13	28	-1.3972374e+02
1	0	13	29	-1.1147433e+02
1	0	13	30	-8.2573494e+01
1	0	13	31	-1.3765038e+02
1	0	13	32	-1.6767801e+02
1	0	13	33	-2.0273082e+02
1	0	13	34	5.2020233e+02
1	0	13	35	4.9938986e+02
1	0	13	36	5.0243594e+02
1	0	13	37	4.9772446e+02
1	0	13	38	5.9936542e+02
1	0	13	39	5.4553619e+02
1	0	13	40	5.2386255e+02
1	0	13	41	4.4505853e+02
1	0	13	42	5.7995233e+02
1	0	13	43	4.4123709e+02
1	0	13	44	4.7440097e+02
1	0	13	45	4.5242435e+02
1	0	13	46	5.6568909e+02
1	0	13	47	5.8409753e+02
1	0	13	48	5.8353900e+02
1	0	13	49	4.7132126e+02
1	0	13	50	5.8446393e+02
1	0	13	51	1.1154247e+03
1	0	13	52	1.1579193e+03
1	0	13	53	8.3013776e+02
1	0	13	54	7.6769281e+02
1	0	13	55	7.6859680e+02
1	0	13	56	9.5836713e+02
1	0	13	57	9.4218658e+02
1	0	13	58	8.2018323e+02
1	0	13	59	7.6055756e+02
1	0	13	60	7.5922223e+02
1	0	13	61	8.1003278e+02
1	0	13	62	8.5887805e+02
1	0	13	63	7.2013947e+02
1	0	14	0	-2.5586781e+02
1	0	14	1	-2.1864751e+02
1	0	14	2	-1.5039169e+02
1	0	14	3	-2.5975375e+02
1	0	14	4	-2.4919566e+02
1	0	14	5	-2.3327359e+02
1	0	14	6	-2.3979951e+02
1	0	14	7	-2.4773111e+02
1	0	14	8	-2.5070236e+02
1	0	14	9	-1.4568214e+02
1	0	14	10	-3.2426251e+02
1	0	14	11	-2.0187093e+02
1	0	14	12	-3.4111847e+02
1	0	14	13	-3.1742328e+02
1	0	14	14	-3.7250974e+02
1	0	14	15	-2.8484421e+02
1	0	14	16	-4.7417413e+02
1	0	14	17	-4.7710391e+02
1	0	14	18	-4.3333054e+02
1	0	14	19	-4.3136102e+02
1	0	14	20	-4.6809482e+02
1	0	14	21	-4.1254190e+02
1	0	14	22	-4.2233737e+02
1	0	14	23	-3.5888367e+02
1	0	14	24	-4.6311829e+02
1	0	14	25	-3.4575015e+02
1	0	14	26	-5.2957538e+02
1	0	14	27	-3.4506451e+02
1	0	14	28	-3.7268506e+02
1	0	14	29	-4.1835831e+02
1	0	14	30	-3.9032443e+02
1	0	14	31	-3.9266119e+02
1	0	14	32	-4.2882974e+02
1	0	14	33	-4.3060205e+02
1	0	14	34	2.3262370e+02
1	0	14	35	2.8205975e+02
1	0	14	36	2.7424799e+02
1	0	14	37	3.7450967e+02
1	0	14	38	2.5372453e+02
1	0	14	39	4.3721606e+02
1	0	14	40	3.5632983e+02
1	0	14	41	2.9185681e+02
1	0	14	42	4.3350623e+02
1	0	14	43	4.0925528e+02
1	0	14	44	5.3573914e+02
1	0	14	45	4.1695361e+02
1	0	14	46	4.9517328e+02
1	0	14	47	3.8482486e+02
1	0	14	48	4.9198965e+02
1	0	14	49	-1.5945396e+02
1	0	14	50	4.5449890e+02
1	0	14	51	1.0208425e+03
1	0	14	52	9.5452441e+02
1	0	14	53	6.8263580e+02
1	0	14	54	6.6939801e+02
1	0	14	55	7.4929431e+02
1	0	14	56	9.0903558e+02
1	0	14	57	8.2662982e+02
1	0	14	58	6.9193201e+02
1	0	14	59	6.9959070e+02
1	0	14	60	7.4698456e+02
1	0	14	61	4.3816275e+02
1	0	14	62	5.8719098e+02
1	0	14	63	6.7046234e+02
1	0	15	0	9.8375389e+01
1	0	15	1	8.0279503e+01
1	0	15	2	-5.1116150e+01
1	0	15	3	3.5700291e+01
1	0	15	4	-1.2036520e+02
1	0	15	5	4.2881920e+01
1	0	15	6	4.5241394e+01
1	0	15	7	1.7344693e+02
1	0	15	8	-2.4210995e+01
1	0	15	9	-5.6254398e+01
1	0	15	10	5.3061666e+00
1	0	15	11	5.1338787e+00
1	0	15	12	-2.3325224e+01
1	0	15	13	2.9424784e+00
1	0	15	14	-2.0701761e+01
1	0	15	15	4.0153080e+01
1	0	15	16	-9.4650307e+01
1	0	15	17	-4.4901947e+01
1	0	15	18	-1.0160252e+02
1	0	15	19	-8.3175514e+01
1	0	15	20	-1.5289410e+02
1	0	15	21	-4.4601303e+01
1	0	15	22	-5.7175922e+01
1	0	15	23	-5.6829048e+01
1	0	15	24	-4.7849922e+01
1	0	15	25	-8.7254257e+01
1	0	15	26	-1.4833632e+02
1	0	15	27	-2.1583176e+02
1	0	15	28	-8.0737732e+01
1	0	15	29	-1.0315804e+02
1	0	15	30	-1.5817693e+02
1	0	15	31	-2.1088951e+02
1	0	15	32	-2.1770697e+02
1	0	15	33	-2.6882986e+02
1	0	15	34	4.3487070e+02
1	0	15	35	3.8528705e+02
1	0	15	36	5.3720435e+02
1	0	15	37	4.4477692e+02
1	0	15	38	5.7623724e+02
1	0	15	39	4.9815460e+02
1	0	15	40	5.4072266e+02
1	0	15	41	4.1696979e+02
1	0	15	42	4.8677615e+02
1	0	15	43	4.0884045e+02
1	0	15	44	4.6980994e+02
1	0	15	45	3.9146701e+02
1	0	15	46	4.9888239e+02
1	0	15	47	4.5068011e+02
1	0	15	48	4.2774472e+02
1	0	15	49	4.0244595e+02
1	0	15	50	5.2419940e+02
1	0	15	51	9.9045868e+02
1	0	15	52	1.0451107e+03
1	0	15	53	6.6793396e+02
1	0	15	54	7.4001740e+02
1	0	15	55	7.0286841e+02
1	0	15	56	8.1944482e+02
1	0	15	57	8.3505493e+02
1	0	15	58	8.1661243e+02
1	0	15	59	6.6713458e+02
1	0	15	60	6.4454315e+02
1	0	15	61	6.5333606e+02
1	0	15	62	7.1212000e+02
1	0	15	63	7.4272571e+02
1	1	0	0	-3.5817865e+02
1	1	0	1	-5.3119623e+02
1	1	0	2	-4.6996567e+02
1	1	0	3	-4.5740030e+02
1	1	0	4	-6.4846063e+02
1	1	0	5	-5.0681781e+02
1	1	0	6	-6.1588574e+02
1	1	0	7	-4.2052805e+02
1	1	0	8	-4.7099222e+02
1	1	0	9	-5.2838232e+02
1	1	0	10	-5.8062512e+02
1	1	0	11	-6.1761786e+02
1	1	0	12	-5.2486444e+02
1	1	0	13	-5.4231342e+02
1	1	0	14	-4.7839810e+02
1	1	0	15	-5.4575714e+02
1	1	0	16	-6.5083575e+02
1	1	0	17	-7.6476324e+02
1	1	0	18	-5.9221484e+02
1	1	0	19	-6.6186285e+02
1	1	0	20	-6.2279504e+02
1	1	0	21	-6.5465894e+02
1	1	0	22	-6.4990430e+02
1	1	0	23	-6.6607269e+02
1	1	0	24	-7.2711743e+02
1	1	0	25	-6.5255878e+02
1	1	0	26	-7.4635748e+02
1	1	0	27	-8.6824133e+02
1	1	0	28	-7.1292432e+02
1	1	0	29	-7.8635419e+02
1	1	0	30	-7.2793811e+02
1	1	0	31	-7.2440741e+02
1	1	0	32	-8.2646826e+02
1	1	0	33	-8.5635132e+02
1	1	0	34	-1.1339350e+02
1	1	0	35	-1.3893979e+02
1	1	0	36	-8.8905243e+01
1	1	0	37	-1.3074274e+02
1	1	0	38	-5.7881065e+01
1	1	0	39	-9.8595154e+01
1	1	0	40	-1.1670797e+02
1	1	0	41	-1.4453477e+02
1	1	0	42	-8.2995140e+01
1	1	0	43	-7.0737206e+01
1	1	0	44	-1.3560214e+02
1	1	0	45	-9.7561249e+01
1	1	0	46	-2.1649020e+02
1	1	0	47	-1.6401297e+02
1	1	0	48	-1.8764566e+02
1	1	0	49	-2.2252039e+02
1	1	0	50	-1.2538873e+02
1	1	0	51	4.2691745e+02
1	1	0	52	4.2104108e+02
1	1	0	53	6.6862717e+01
1	1	0	54	1.1837875e+01
1	1	0	55	4.1094330e+01
1	1	0	56	2.2711505e+02
1	1	0	57	2.7776920e+02
1	1	0	58	2.0412502e+02
1	1	0	59	8.4504166e+01
1	1	0	60	1.2612311e+02
1	1	0	61	1.3547847e+02
1	1	0	62	1.6189288e+02
1	1	0	63	1.0727723e+02
1	1	1	0	-6.7126465e+02
1	1	1	1	-7.2398413e+02
1	1	1	2	-5.5926013e+02
1	1	1	3	-7.1971564e+02
1	1	1	4	-6.1569281e+02
1	1	1	5	-6.3933459e+02
1	1	1	6	-5.9894293e+02
1	1	1	7	-6.8580396e+02
1	1	1	8	-6.7380743e+02
1	1	1	9	-5.4131787e+02
1	1	1	10	-7.1214868e+02
1	1	1	11	-5.9302600e+02
1	1	1	12	-6.9339984e+02
1	1	1	13	-6.7016949e+02
1	1	1	14	-7.0152081e+02
1	1	1	15	-6.3121600e+02
1	1	1	16	-8.9428058e+02
1	1	1	17	-7.6375049e+02
1	1	1	18	-7.0750037e+02
1	1	1	19	-7.7971527e+02
1	1	1	20	-8.2415845e+02
1	1	1	21	-7.4475812e+02
1	1	1	22	-7.0516705e+02
1	1	1	23	-8.0505670e+02
1	1	1	24	-8.4984875e+02
1	1	1	25	-6.7714355e+02
1	1	1	26	-7.5732776e+02
1	1	1	27	-7.1794299e+02
1	1	1	28	-7.4920264e+02
1	1	1	29	-7.8042603e+02
1	1	1	30	-7.0854608e+02
1	1	1	31	-8.3555566e+02
1	1	1	32	-7.7579181e+02
1	1	1	33	-7.2627069e+02
1	1	1	34	-1.7346630e+01
1	1	1	35	-4.2197964e+01
1	1	1	36	5.1424496e+01
1	1	1	37	1.4701108e+02
1	1	1	38	2.6605570e+00
1	1	1	39	4.9251396e+01
1	1	1	40	1.9621223e+02
1	1	1	41	6.1552944e+01
1	1	1	42	1.2502649e+02
1	1	1	43	9.0185738e+00
1	1	1	44	1.8086946e+02
1	1	1	45	5.6785721e+01
1	1	1	46	7.8761162e+01
1	1	1	47	8.8947784e+01
1	1	1	48	2.0016440e+02
1	1	1	49	8.5455704e+01
1	1	1	50	1.3737982e+02
1	1	1	51	7.0664142e+02
1	1	1	52	7.8485931e+02
1	1	1	53	4.2264267e+02
1	1	1	54	4.2627335e+02
1	1	1	55	3.4300168e+02
1	1	1	56	5.9638086e+02
1	1	1	57	5.3493335e+02
1	1	1	58	3.7332971e+02
1	1	1	59	3.6779324e+02
1	1	1	60	5.0669818e+02
1	1	1	61	3.1597833e+02
1	1	1	62	1.9396677e+02
1	1	1	63	4.1717264e+02
1	1	2	0	-9.9573206e+02
1	1	2	1	-1.1259384e+03
1	1	2	2	-1.0446476e+03
1	1	2	3	-1.0560410e+03
1	1	2	4	-1.3140747e+03
1	1	2	5	-1.1961495e+03
1	1	2	6	-1.3046779e+03
1	1	2	7	-1.0188961e+03
1	1	2	8	-1.0622446e+03
1	1	2	9	-1.1747458e+03
1	1	2	10	-1.2520066e+03
1	1	2	11	-1.3207310e+03
1	1	2	12	-1.2103704e+03
1	1	2	13	-1.2460518e+03
1	1	2	14	-1.0770815e+03
1	1	2	15	-9.8385870e+02
1	1	2	16	-1.2025054e+03
1	1	2	17	-1.3799783e+03
1	1	2	18	-1.1489709e+03
1	1	2	19	-1.3027998e+03
1	1	2	20	-1.2145975e+03
1	1	2	21	-1.1966261e+03
1	1	2	22	-1.2631163e+03
1	1	2	23	-1.2721260e+03
1	1	2	24	-1.3000837e+03
1	1	2	25	-1.4063296e+03
1	1	2	26	-1.3814165e+03
1	1	2	27	-1.5136869e+03
1	1	2	28	-1.3601438e+03
1	1	2	29	-1.5218528e+03
1	1	2	30	-1.4118151e+03
1	1	2	31	-1.4915941e+03
1	1	2	32	-1.4708319e+03
1	1	2	33	-1.4391600e+03
1	1	2	34	-8.8882562e+02
1	1	2	35	-8.7279688e+02
1	1	2	36	-8.4107788e+02
1	1	2	37	-9.5012433e+02
1	1	2	38	-7.9243158e+02
1	1	2	39	-9.5665790e+02
1	1	2	40	-8.2304480e+02
1	1	2	41	-9.7088422e+02
1	1	2	42	-9.9948724e+02
1	1	2	43	-9.6989136e+02
1	1	2	44	-1.1367767e+03
1	1	2	45	-1.0057723e+03
1	1	2	46	-1.1673131e+03
1	1	2	47	-1.0380071e+03
1	1	2	48	-1.2080995e+03
1	1	2	49	-1.2470789e+03
1	1	2	50	-8.3685785e+02
1	1	2	51	-4.2793768e+02
1	1	2	52	-4.5128018e+02
1	1	2	53	-8.1261072e+02
1	1	2	54	-7.9628113e+02
1	1	2	55	-9.5027155e+02
1	1	2	56	-7.6127924e+02
1	1	2	57	-5.0688770e+02
1	1	2	58	-4.5328482e+02
1	1	2	59	-7.0932941e+02
1	1	2	60	-9.9220453e+02
1	1	2	61	-7.1052148e+02
1	1	2	62	-6.7293048e+02
1	1	2	63	-9.6469983e+02
1	1	3	0	-1.4528103e+03
1	1	3	1	-1.3455428e+03
1	1	3	2	-1.1022367e+03
1	1	3	3	-1.2696227e+03
1	1	3	4	-1.1820776e+03
1	1	3	5	-1.4197212e+03
1	1	3	6	-1.1872515e+03
1	1	3	7	-1.4894705e+03
1	1	3	8	-1.3383833e+03
1	1	3	9	-1.0156027e+03
1	1	3	10	-1.4551405e+03
1	1	3	11	-1.0393763e+03
1	1	3	12	-1.2518267e+03
1	1	3	13	-1.2114999e+03
1	1	3	14	-1.3065828e+03
1	1	3	15	-1.3193645e+03
1	1	3	16	-1.4240491e+03
1	1	3	17	-1.5355516e+03
1	1	3	18	-1.5639225e+03
1	1	3	19	-1.5347677e+03
1	1	3	20	-1.4100840e+03
1	1	3	21	-1.3240723e+03
1	1	3	22	-1.3702549e+03
1	1	3	23	-1.3120245e+03
1	1	3	24	-1.3172227e+03
1	1	3	25	-1.2361854e+03
1	1	3	26	-1.2610248e+03
1	1	3	27	-1.1580609e+03
1	1	3	28	-1.2027529e+03
1	1	3	29	-1.2204377e+03
1	1	3	30	-1.2322770e+03
1	1	3	31	-1.3279871e+03
1	1	3	32	-1.2216361e+03
1	1	3	33	-1.1536022e+03
1	1	3	34	-4.5741605e+02
1	1	3	35	-5.2948358e+02
1	1	3	36	-4.4398434e+02
1	1	3	37	-3.6391754e+02
1	1	3	38	-4.9794775e+02
1	1	3	39	-4.5243643e+02
1	1	3	40	-2.2357686e+02
1	1	3	41	-3.5232724e+02
1	1	3	42	-2.4903545e+02
1	1	3	43	-3.7492944e+02
1	1	3	44	-1.5879671e+02
1	1	3	45	-3.3683710e+02
1	1	3	46	-2.3711200e+02
1	1	3	47	-3.0827866e+02
1	1	3	48	-1.6581381e+02
1	1	3	49	-2.7211624e+02
1	1	3	50	-3.8245947e+02
1	1	3	51	1.9805606e+02
1	1	3	52	2.7787320e+02
1	1	3	53	-9.4227325e+01
1	1	3	54	-7.4913422e+01
1	1	3	55	5.9840115e+01
1	1	3	56	2.0185081e+02
1	1	3	57	7.3092819e+01
1	1	3	58	-1.3199921e+02
1	1	3	59	-3.9100803e+01
1	1	3	60	6.2961369e+01
1	1	3	61	-1.5217760e+02
1	1	3	62	-2.2338080e+02
1	1	3	63	1.1489784e+02
1	1	4	0	-1.6262982e+03
1	1	4	1	-1.6596464e+03
1	1	4	2	-1.5094696e+03
1	1	4	3	-1.7238481e+03
1	1	4	4	-1.4362438e+03
1	1	4	5	-1.5191290e+03
1	1	4	6	-1.3582114e+03
1	1	4	7	-1.7060508e+03
1	1	4	8	-1.6837035e+03
1	1	4	9	-1.3915155e+03
1	1	4	10	-1.6913358e+03
1	1	4	11	-1.3210193e+03
1	1	4	12	-1.5420596e+03
1	1	4	13	-1.5438822e+03
1	1	4	14	-1.7870951e+03
1	1	4	15	-1.6574713e+03
1	1	4	16	-1.9358361e+03
1	1	4	17	-1.8519395e+03
1	1	4	18	-1.8651047e+03
1	1	4	19	-1.7631669e+03
1	1	4	20	-1.8636680e+03
1	1	4	21	-1.9699938e+03
1	1	4	22	-1.7267820e+03
1	1	4	23	-1.7394453e+03
1	1	4	24	-1.6363834e+03
1	1	4	25	-1.6071298e+03
1	1	4	26	-1.6141744e+03
1	1	4	27	-1.3779347e+03
1	1	4	28	-1.5795835e+03
1	1	4	29	-1.5082328e+03
1	1	4	30	-1.5044078e+03
1	1	4	31	-1.5330590e+03
1	1	4	32	-1.4929498e+03
1	1	4	33	-1.4257926e+03
1	1	4	34	-8.4034790e+02
1	1	4	35	-7.7705493e+02
1	1	4	36	-7.9775616e+02
1	1	4	37	-6.8119177e+02
1	1	4	38	-8.3998401e+02
1	1	4	39	-7.1770032e+02
1	1	4	40	-7.0580200e+02
1	1	4	41	-6.8711542e+02
1	1	4	42	-5.8163281e+02
1	1	4	43	-5.7645013e+02
1	1	4	44	-4.4855261e+02
1	1	4	45	-5.9076721e+02
1	1	4	46	-5.2173218e+02
1	1	4	47	-5.3644342e+02
1	1	4	48	-4.6803101e+02
1	1	4	49	-5.0255832e+02
1	1	4	50	-5.4635693e+02
1	1	4	51	1.2090060e+01
1	1	4	52	2.7411474e+01
1	1	4	53	-3.2212079e+02
1	1	4	54	-3.8004120e+02
1	1	4	55	-2.3449660e+02
1	1	4	56	-1.1251390e+01
1	1	4	57	-2.3763875e+02
1	1	4	58	-4.5032657e+02
1	1	4	59	-4.1353384e+02
1	1	4	60	-2.1365276e+02
1	1	4	61	-4.2884760e+02
1	1	4	62	-5.3828229e+02
1	1	4	63	-2.4100975e+02
1	1	5	0	-7.5003534e+02
1	1	5	1	-9.2422894e+02
1	1	5	2	-1.1625691e+03
1	1	5	3	-9.1146490e+02
1	1	5	4	-1.1989862e+03
1	1	5	5	-8.5399176e+02
1	1	5	6	-9.5796503e+02
1	1	5	7	-7.6082666e+02
1	1	5	8	-8.7663397e+02
1	1	5	9	-1.2194720e+03
1	1	5	10	-8.3927264e+02
1	1	5	11	-1.2049827e+03
1	1	5	12	-1.0368856e+03
1	1	5	13	-1.0579155e+03
1	1	5	14	-1.1141232e+03
1	1	5	15	-9.9482379e+02
1	1	5	16	-1.0077072e+03
1	1	5	17	-9.0870795e+02
1	1	5	18	-9.9711401e+02
1	1	5	19	-9.5551660e+02
1	1	5	20	-1.1331471e+03
1	1	5	21	-1.0920090e+03
1	1	5	22	-1.0439592e+03
1	1	5	23	-1.0707324e+03
1	1	5	24	-1.1567181e+03
1	1	5	25	-1.1228365e+03
1	1	5	26	-1.1553994e+03
1	1	5	27	-1.2462413e+03
1	1	5	28	-1.1038005e+03
1	1	5	29	-1.3293358e+03
1	1	5	30	-1.1954664e+03
1	1	5	31	-1.2489778e+03
1	1	5	32	-1.3051609e+03
1	1	5	33	-1.3544731e+03
1	1	5	34	-6.9267676e+02
1	1	5	35	-6.8698602e+02
1	1	5	36	-6.2206982e+02
1	1	5	37	-7.7224066e+02
1	1	5	38	-5.6646582e+02
1	1	5	39	-8.5357733e+02
1	1	5	40	-9.1996362e+02
1	1	5	41	-8.7285797e+02
1	1	5	42	-9.2854645e+02
1	1	5	43	-8.1457275e+02
1	1	5	44	-1.0848689e+03
1	1	5	45	-9.9130640e+02
1	1	5	46	-1.1536301e+03
1	1	5	47	-8.9878717e+02
1	1	5	48	-1.1732026e+03
1	1	5	49	-1.1086882e+03
1	1	5	50	-7.6279443e+02
1	1	5	51	-4.3954135e+02
1	1	5	52	-3.9354285e+02
1	1	5	53	-6.3353802e+02
1	1	5	54	-6.8677826e+02
1	1	5	55	-8.9788452e+02
1	1	5	56	-7.6706183e+02
1	1	5	57	-4.3013733e+02
1	1	5	58	-3.3060980e+02
1	1	5	59	-4.5898254e+02
1	1	5	60	-8.1879358e+02
1	1	5	61	-6.2149597e+02
1	1	5	62	-4.0420859e+02
1	1	5	63	-8.1432324e+02
1	1	6	0	-9.4207483e+02
1	1	6	1	-9.9262683e+02
1	1	6	2	-8.1063525e+02
1	1	6	3	-9.6781586e+02
1	1	6	4	-9.2911267e+02
1	1	6	5	-9.3294080e+02
1	1	6	6	-8.8660449e+02
1	1	6	7	-9.7502258e+02
1	1	6	8	-9.6750494e+02
1	1	6	9	-8.2886224e+02
1	1	6	10	-1.0045372e+03
1	1	6	11	-8.1749188e+02
1	1	6	12	-1.0022740e+03
1	1	6	13	-9.2527130e+02
1	1	6	14	-1.0071226e+03
1	1	6	15	-9.5002325e+02
1	1	6	16	-1.0683727e+03
1	1	6	17	-1.1139910e+03
1	1	6	18	-1.0822206e+03
1	1	6	19	-1.0963196e+03
1	1	6	20	-1.1072799e+03
1	1	6	21	-1.1282588e+03
1	1	6	22	-1.0752374e+03
1	1	6	23	-1.0181654e+03
1	1	6	24	-1.0846562e+03
1	1	6	25	-1.0956508e+03
1	1	6	26	-1.1304728e+03
1	1	6	27	-9.9970563e+02
1	1	6	28	-1.0626528e+03
1	1	6	29	-9.7877631e+02
1	1	6	30	-1.0023403e+03
1	1	6	31	-9.7705066e+02
1	1	6	32	-1.0589879e+03
1	1	6	33	-1.0098132e+03
1	1	6	34	-2.9447989e+02
1	1	6	35	-1.9660335e+02
1	1	6	36	-1.8854613e+02
1	1	6	37	-1.9389456e+02
1	1	6	38	-2.7499069e+02
1	1	6	39	-2.2644469e+02
1	1	6	40	-2.4603506e+02
1	1	6	41	-2.0081522e+02
1	1	6	42	-2.4071800e+02
1	1	6	43	-9.4543228e+01
1	1	6	44	-6.4626625e+01
1	1	6	45	-2.1529314e+02
1	1	6	46	-1.0081187e+02
1	1	6	47	-1.8860390e+02
1	1	6	48	-1.4040991e+02
1	1	6	49	-1.9078999e+02
1	1	6	50	-9.9165169e+01
1	1	6	51	3.8390967e+02
1	1	6	52	4.5913779e+02
1	1	6	53	2.6716204e+01
1	1	6	54	1.7492723e+01
1	1	6	55	1.7518158e+02
1	1	6	56	2.8747772e+02
1	1	6	57	1.8474301e+02
1	1	6	58	1.1721079e+02
1	1	6	59	5.1095215e+01
1	1	6	60	1.1309364e+02
1	1	6	61	-8.0674887e+00
1	1	6	62	4.3734772e+01
1	1	6	63	1.1487714e+02
1	1	7	0	-3.9925266e+02
1	1	7	1	-5.4883612e+02
1	1	7	2	-6.9802203e+02
1	1	7	3	-6.1855524e+02
1	1	7	4	-6.1016040e+02
1	1	7	5	-4.5986023e+02
1	1	7	6	-5.1821783e+02
1	1	7	7	-5.0200537e+02
1	1	7	8	-5.4304974e+02
1	1	7	9	-6.0011438e+02
1	1	7	10	-5.3964709e+02
1	1	7	11	-6.7274884e+02
1	1	7	12	-7.4074402e+02
1	1	7	13	-6.2603802e+02
1	1	7	14	-7.3318878e+02
1	1	7	15	-5.3493121e+02
1	1	7	16	-6.5821765e+02
1	1	7	17	-6.1983319e+02
1	1	7	18	-7.1304077e+02
1	1	7	19	-6.1666492e+02
1	1	7	20	-6.5689075e+02
1	1	7	21	-6.6245770e+02
1	1	7	22	-5.6088177e+02
1	1	7	23	-5.3398364e+02
1	1	7	24	-6.2651697e+02
1	1	7	25	-5.8072980e+02
1	1	7	26	-7.3507068e+02
1	1	7	27	-6.7927240e+02
1	1	7	28	-6.5232031e+02
1	1	7	29	-6.8822900e+02
1	1	7	30	-7.1050610e+02
1	1	7	31	-7.4889203e+02
1	1	7	32	-7.4956824e+02
1	1	7	33	-8.1364850e+02
1	1	7	34	-3.0253759e+01
1	1	7	35	-7.5528427e+01
1	1	7	36	-3.6219746e+01
1	1	7	37	-1.5262274e+02
1	1	7	38	3.2865131e+01
1	1	7	39	-7.2063972e+01
1	1	7	40	-9.9494003e+01
1	1	7	41	-1.4544612e+02
1	1	7	42	-1.1846816e+02
1	1	7	43	-1.3873189e+02
1	1	7	44	-1.3975574e+02
1	1	7	45	-1.3281543e+02
1	1	7	46	-1.6233389e+02
1	1	7	47	-9.2244514e+01
1	1	7	48	-1.5805069e+02
1	1	7	49	-1.6958197e+02
1	1	7	50	-7.6208427e+01
1	1	7	51	4.7052838e+02
1	1	7	52	4.2469803e+02
1	1	7	53	1.8581828e+02
1	1	7	54	7.3253792e+01
1	1	7	55	6.6629288e+01
1	1	7	56	3.0109256e+02
1	1	7	57	3.4487070e+02
1	1	7	58	2.0645602e+02
1	1	7	59	1.6685997e+02
1	1	7	60	6.2601349e+01
1	1	7	61	1.3162494e+02
1	1	7	62	2.5996320e+02
1	1	7	63	1.3006526e+02
1	1	8	0	-9.1166919e+02
1	1	8	1	-9.6213147e+02
1	1	8	2	-8.1201300e+02
1	1	8	3	-1.0176187e+03
1	1	8	4	-9.1303503e+02
1	1	8	5	-9.2916412e+02
1	1	8	6	-9.0577942e+02
1	1	8	7	-9.9896704e+02
1	1	8	8	-1.0707346e+03
1	1	8	9	-8.8562274e+02
1	1	8	10	-1.0656503e+03
1	1	8	11	-9.4532965e+02
1	1	8	12	-1.0957378e+03
1	1	8	13	-1.0169982e+03
1	1	8	14	-1.0718293e+03
1	1	8	15	-9.8304822e+02
1	1	8	16	-1.2629427e+03
1	1	8	17	-1.1579536e+03
1	1	8	18	-1.1463702e+03
1	1	8	19	-1.1569486e+03
1	1	8	20	-1.1416849e+03
1	1	8	21	-1.1450171e+03
1	1	8	22	-1.0567175e+03
1	1	8	23	-1.2100990e+03
1	1	8	24	-1.1753235e+03
1	1	8	25	-1.1278608e+03
1	1	8	26	-1.1404482e+03
1	1	8	27	-1.0240555e+03
1	1	8	28	-1.0566648e+03
1	1	8	29	-1.1445081e+03
1	1	8	30	-1.0727189e+03
1	1	8	31	-1.1237999e+03
1	1	8	32	-1.1794049e+03
1	1	8	33	-1.0406119e+03
1	1	8	34	-5.1793604e+02
1	1	8	35	-4.2768393e+02
1	1	8	36	-4.1537427e+02
1	1	8	37	-3.5982675e+02
1	1	8	38	-4.7442221e+02
1	1	8	39	-3.1827682e+02
1	1	8	40	-3.2226016e+02
1	1	8	41	-3.5287048e+02
1	1	8	42	-3.2327612e+02
1	1	8	43	-2.8780594e+02
1	1	8	44	-2.1602382e+02
1	1	8	45	-3.4701788e+02
1	1	8	46	-2.6983344e+02
1	1	8	47	-3.4194138e+02
1	1	8	48	-2.9425601e+02
1	1	8	49	-3.0007858e+02
1	1	8	50	-2.6363651e+02
1	1	8	51	3.0635040e+02
1	1	8	52	3.3749612e+02
1	1	8	53	-1.5075519e+01
1	1	8	54	-1.3692751e+02
1	1	8	55	2.6819857e+01
1	1	8	56	2.3307021e+02
1	1	8	57	3.1871811e+01
1	1	8	58	1.8160192e+01
1	1	8	59	-6.5589371e+01
1	1	8	60	9.8830414e+01
1	1	8	61	-2.2910539e+02
1	1	8	62	-1.7412181e+02
1	1	8	63	2.2834501e+01
1	1	9	0	-4.9039566e+02
1	1	9	1	-5.8716321e+02
1	1	9	2	-6.8327161e+02
1	1	9	3	-6.4911700e+02
1	1	9	4	-8.0541260e+02
1	1	9	5	-4.8648361e+02
1	1	9	6	-6.3891553e+02
1	1	9	7	-6.2653729e+02
1	1	9	8	-6.6572162e+02
1	1	9	9	-8.0325751e+02
1	1	9	10	-5.6296918e+02
1	1	9	11	-7.5348669e+02
1	1	9	12	-7.8757562e+02
1	1	9	13	-6.7339917e+02
1	1	9	14	-7.2943695e+02
1	1	9	15	-6.9094342e+02
1	1	9	16	-7.2981879e+02
1	1	9	17	-6.8095801e+02
1	1	9	18	-7.0870856e+02
1	1	9	19	-7.7443231e+02
1	1	9	20	-7.6894659e+02
1	1	9	21	-7.4343463e+02
1	1	9	22	-7.6099353e+02
1	1	9	23	-6.7911279e+02
1	1	9	24	-8.1593030e+02
1	1	9	25	-8.6231921e+02
1	1	9	26	-8.4154492e+02
1	1	9	27	-8.1851923e+02
1	1	9	28	-8.1707770e+02
1	1	9	29	-8.5780145e+02
1	1	9	30	-8.5116632e+02
1	1	9	31	-8.6856354e+02
1	1	9	32	-8.3007697e+02
1	1	9	33	-9.2447784e+02
1	1	9	34	-1.8751714e+02
1	1	9	35	-2.6052402e+02
1	1	9	36	-1.5305307e+02
1	1	9	37	-2.1803308e+02
1	1	9	38	-1.5433890e+02
1	1	9	39	-2.0234927e+02
1	1	9	40	-1.6759537e+02
1	1	9	41	-2.4572935e+02
1	1	9	42	-1.8626196e+02
1	1	9	43	-2.3053224e+02
1	1	9	44	-2.2096475e+02
1	1	9	45	-3.7105908e+02
1	1	9	46	-3.3324344e+02
1	1	9	47	-2.5519249e+02
1	1	9	48	-7.8491644e+02
1	1	9	49	3.7880466e+02
1	1	9	50	-8.4655380e+01
1	1	9	51	3.4622330e+02
1	1	9	52	3.2318747e+02
1	1	9	53	-4.4545798e+00
1	1	9	54	3.2797359e+01
1	1	9	55	-4.9531357e+01
1	1	9	56	7.7633492e+01
1	1	9	57	1.9471263e+02
1	1	9	58	7.1013786e+01
1	1	9	59	6.4162636e+01
1	1	9	60	-2.4722920e+03
1	1	9	61	4.8476070e+01
1	1	9	62	1.2228866e+02
1	1	9	63	9.0151413e+01
1	1	10	0	-1.7609105e+03
1	1	10	1	-1.5587777e+03
1	1	10	2	-1.3010388e+03
1	1	10	3	-1.6564283e+03
1	1	10	4	-1.2563098e+03
1	1	10	5	-1.4256626e+03
1	1	10	6	-1.2861752e+03
1	1	10	7	-1.6961062e+03
1	1	10	8	-1.6466207e+03
1	1	10	9	-1.1990428e+03
1	1	10	10	-1.5940815e+03
1	1	10	11	-1.1745875e+03
1	1	10	12	-1.4809944e+03
1	1	10	13	-1.4837980e+03
1	1	10	14	-1.7500348e+03
1	1	10	15	-1.6620795e+03
1	1	10	16	-1.9085219e+03
1	1	10	17	-1.7247896e+03
1	1	10	18	-1.8576794e+03
1	1	10	19	-1.7255300e+03
1	1	10	20	-1.7980327e+03
1	1	10	21	-1.8407860e+03
1	1	10	22	-1.6580708e+03
1	1	10	23	-1.6071735e+03
1	1	10	24	-1.5290895e+03
1	1	10	25	-1.4863346e+03
1	1	10	26	-1.5466548e+03
1	1	10	27	-1.2933760e+03
1	1	10	28	-1.5699253e+03
1	1	10	29	-1.4584945e+03
1	1	10	30	-1.4442278e+03
1	1	10	31	-1.4214578e+03
1	1	10	32	-1.4480662e+03
1	1	10	33	-1.3816053e+03
1	1	10	34	-6.8966492e+02
1	1	10	35	-6.2280096e+02
1	1	10	36	-6.6473346e+02
1	1	10	37	-6.2369092e+02
1	1	10	38	-6.7486072e+02
1	1	10	39	-5.4313007e+02
1	1	10	40	-5.0314496e+02
1	1	10	41	-6.2161377e+02
1	1	10	42	-4.6492560e+02
1	1	10	43	-4.2058783e+02
1	1	10	44	-3.1257761e+02
1	1	10	45	-4.6892514e+02
1	1	10	46	-3.5584842e+02
1	1	10	47	-4.5085709e+02
1	1	10	48	-3.0803192e+02
1	1	10	49	-3.4677454e+02
1	1	10	50	-4.9720352e+02
1	1	10	51	1.6252499e+02
1	1	10	52	1.7736069e+02
1	1	10	53	-2.0682845e+02
1	1	10	54	-1.1801393e+02
1	1	10	55	-2.5248777e+01
1	1	10	56	6.7953270e+01
1	1	10	57	-5.5108425e+01
1	1	10	58	-2.5207178e+02
1	1	10	59	-2.5522653e+02
1	1	10	60	-5.4986053e+01
1	1	10	61	-3.5633353e+02
1	1	10	62	-3.4907925e+02
1	1	10	63	-7.7650223e+01
1	1	11	0	-6.9538995e+02
1	1	11	1	-7.3777289e+02
1	1	11	2	-9.7294049e+02
1	1	11	3	-7.8036493e+02
1	1	11	4	-1.0792203e+03
1	1	11	5	-6.9579095e+02
1	1	11	6	-8.7483868e+02
1	1	11	7	-6.9134363e+02
1	1	11	8	-8.1310834e+02
1	1	11	9	-1.0976710e+03
1	1	11	10	-6.7598895e+02
1	1	11	11	-1.1262140e+03
1	1	11	12	-8.9411499e+02
1	1	11	13	-8.2645575e+02
1	1	11	14	-9.9643591e+02
1	1	11	15	-8.0979138e+02
1	1	11	16	-9.2558807e+02
1	1	11	17	-8.0903766e+02
1	1	11	18	-9.0170599e+02
1	1	11	19	-7.9125714e+02
1	1	11	20	-8.5713000e+02
1	1	11	21	-9.4793890e+02
1	1	11	22	-9.2086682e+02
1	1	11	23	-8.5610077e+02
1	1	11	24	-1.0238019e+03
1	1	11	25	-9.7686285e+02
1	1	11	26	-1.0120201e+03
1	1	11	27	-1.1095092e+03
1	1	11	28	-1.0190893e+03
1	1	11	29	-1.0955912e+03
1	1	11	30	-1.1570858e+03
1	1	11	31	-1.0510956e+03
1	1	11	32	-1.1089945e+03
1	1	11	33	-1.3702239e+03
1	1	11	34	-5.7983545e+02
1	1	11	35	-5.9696735e+02
1	1	11	36	-4.9833835e+02
1	1	11	37	-5.9120569e+02
1	1	11	38	-3.3508688e+02
1	1	11	39	-6.0845428e+02
1	1	11	40	-6.4466058e+02
1	1	11	41	-6.4373816e+02
1	1	11	42	-6.4095972e+02
1	1	11	43	-6.1236981e+02
1	1	11	44	-7.3335089e+02
1	1	11	45	-8.0874945e+02
1	1	11	46	-8.9339679e+02
1	1	11	47	-8.6177277e+02
1	1	11	48	-1.0190681e+03
1	1	11	49	-9.8971008e+02
1	1	11	50	-5.9236676e+02
1	1	11	51	-2.2615813e+02
1	1	11	52	-1.5735822e+02
1	1	11	53	-5.1848132e+02
1	1	11	54	-5.6417847e+02
1	1	11	55	-7.4849786e+02
1	1	11	56	-5.0566479e+02
1	1	11	57	-1.7436996e+02
1	1	11	58	-7.7301842e+01
1	1	11	59	-4.1703345e+02
1	1	11	60	-6.8914886e+02
1	1	11	61	-4.6978769e+02
1	1	11	62	-2.6925040e+02
1	1	11	63	-6.4090967e+02
1	1	12	0	-9.9622168e+02
1	1	12	1	-1.1400256e+03
1	1	12	2	-1.0910334e+03
1	1	12	3	-9.3892419e+02
1	1	12	4	-1.2731237e+03
1	1	12	5	-1.1133982e+03
1	1	12	6	-1.2387916e+03
1	1	12	7	-1.0372845e+03
1	1	12	8	-1.1343372e+03
1	1	12	9	-1.2738751e+03
1	1	12	10	-1.1366312e+03
1	1	12	11	-1.2519257e+03
1	1	12	12	-1.2816141e+03
1	1	12	13	-1.2071661e+03
1	1	12	14	-1.1072343e+03
1	1	12	15	-1.0144224e+03
1	1	12	16	-1.2858843e+03
1	1	12	17	-1.3190981e+03
1	1	12	18	-1.1789891e+03
1	1	12	19	-1.2925674e+03
1	1	12	20	-1.0513281e+03
1	1	12	21	-1.2288018e+03
1	1	12	22	-1.1965968e+03
1	1	12	23	-1.3612853e+03
1	1	12	24	-1.3710164e+03
1	1	12	25	-1.3142708e+03
1	1	12	26	-1.3898761e+03
1	1	12	27	-1.5814226e+03
1	1	12	28	-1.3446469e+03
1	1	12	29	-1.4884282e+03
1	1	12	30	-1.4269708e+03
1	1	12	31	-1.3873250e+03
1	1	12	32	-1.4726426e+03
1	1	12	33	-1.5456393e+03
1	1	12	34	-9.1249542e+02
1	1	12	35	-8.4360284e+02
1	1	12	36	-7.9616370e+02
1	1	12	37	-1.0310885e+03
1	1	12	38	-8.0446741e+02
1	1	12	39	-8.5728369e+02
1	1	12	40	-9.0051917e+02
1	1	12	41	-1.0358259e+03
1	1	12	42	-9.9378772e+02
1	1	12	43	-1.0484397e+03
1	1	12	44	-3.0544983e+03
1	1	12	45	-1.0337419e+03
1	1	12	46	-1.2186370e+03
1	1	12	47	-1.0356311e+03
1	1	12	48	-1.2478368e+03
1	1	12	49	-1.2304121e+03
1	1	12	50	-8.9711951e+02
1	1	12	51	-2.6134091e+02
1	1	12	52	-3.5743280e+02
1	1	12	53	-8.4213300e+02
1	1	12	54	-7.7982178e+02
1	1	12	55	-8.3780505e+02
1	1	12	56	-7.9872168e+02
1	1	12	57	-4.8337711e+02
1	1	12	58	-3.9839020e+02
1	1	12	59	-6.4511395e+02
1	1	12	60	-8.8424670e+02
1	1	12	61	-6.8551691e+02
1	1	12	62	-5.6639008e+02
1	1	12	63	-6.8222217e+02
1	1	13	0	-1.4306238e+03
1	1	13	1	-1.2419437e+03
1	1	13	2	-1.1250837e+03
1	1	13	3	-1.3230283e+03
1	1	13	4	-1.1140526e+03
1	1	13	5	-1.3915552e+03
1	1	13	6	-1.2772866e+03
1	1	13	7	-1.5615393e+03
1	1	13	8	-1.3408210e+03
1	1	13	9	-9.7075970e+02
1	1	13	10	-1.5341523e+03
1	1	13	11	-1.0301552e+03
1	1	13	12	-1.3141841e+03
1	1	13	13	-1.2295427e+03
1	1	13	14	-1.2942461e+03
1	1	13	15	-1.3343936e+03
1	1	13	16	-1.6236290e+03
1	1	13	17	-1.5621084e+03
1	1	13	18	-1.6293004e+03
1	1	13	19	-1.5301705e+03
1	1	13	20	-1.4520562e+03
1	1	13	21	-1.5188667e+03
1	1	13	22	-1.4958956e+03
1	1	13	23	-1.3646838e+03
1	1	13	24	-1.3767531e+03
1	1	13	25	-1.3205790e+03
1	1	13	26	-1.3336514e+03
1	1	13	27	-1.2158368e+03
1	1	13	28	-1.3251663e+03
1	1	13	29	-1.2787858e+03
1	1	13	30	-1.2693265e+03
1	1	13	31	-1.2645658e+03
1	1	13	32	-1.2762501e+03
1	1	13	33	-1.1863652e+03
1	1	13	34	-4.8628540e+02
1	1	13	35	-5.9085931e+02
1	1	13	36	-4.9675806e+02
1	1	13	37	-3.7685852e+02
1	1	13	38	-5.3213562e+02
1	1	13	39	-4.0847986e+02
1	1	13	40	-3.1897452e+02
1	1	13	41	-4.2211459e+02
1	1	13	42	-3.4120007e+02
1	1	13	43	-4.2550983e+02
1	1	13	44	-3.1603033e+02
1	1	13	45	-3.9698383e+02
1	1	13	46	-2.8798770e+02
1	1	13	47	-3.7276175e+02
1	1	13	48	-2.8147705e+02
1	1	13	49	-3.0857996e+02
1	1	13	50	-4.0541556e+02
1	1	13	51	2.2951648e+02
1	1	13	52	3.5589139e+02
1	1	13	53	-1.0671735e+02
1	1	13	54	-2.9413460e+01
1	1	13	55	-4.5997486e+01
1	1	13	56	1.6969913e+02
1	1	13	57	2.5918663e-01
1	1	13	58	-2.0362000e+02
1	1	13	59	-1.3536139e+02
1	1	13	60	4.9944797e+00
1	1	13	61	-1.7287248e+02
1	1	13	62	-1.8293192e+02
1	1	13	63	6.4784592e+01
1	1	14	0	-5.7807196e+02
1	1	14	1	-6.6677234e+02
1	1	14	2	-6.0640228e+02
1	1	14	3	-6.3348334e+02
1	1	14	4	-8.2885077e+02
1	1	14	5	-6.6303143e+02
1	1	14	6	-8.0402698e+02
1	1	14	7	-5.1444952e+02
1	1	14	8	-6.4043909e+02
1	1	14	9	-7.3506982e+02
1	1	14	10	-7.8173615e+02
1	1	14	11	-6.7314508e+02
1	1	14	12	-8.1190460e+02
1	1	14	13	-6.9577350e+02
1	1	14	14	-6.1742914e+02
1	1	14	15	-7.0467279e+02
1	1	14	16	-7.6227563e+02
1	1	14	17	-8.3772809e+02
1	1	14	18	-8.2385638e+02
1	1	14	19	-8.5051056e+02
1	1	14	20	-7.7851880e+02
1	1	14	21	-7.6508301e+02
1	1	14	22	-8.2447662e+02
1	1	14	23	-7.5960779e+02
1	1	14	24	-9.1520020e+02
1	1	14	25	-7.8560376e+02
1	1	14	26	-8.6109106e+02
1	1	14	27	-9.0820764e+02
1	1	14	28	-8.3540918e+02
1	1	14	29	-9.5890625e+02
1	1	14	30	-8.8560126e+02
1	1	14	31	-9.0933746e+02
1	1	14	32	-9.1431189e+02
1	1	14	33	-9.1083868e+02
1	1	14	34	-2.1770651e+02
1	1	14	35	-1.4381683e+02
1	1	14	36	-1.9257555e+02
1	1	14	37	-2.6707349e+02
1	1	14	38	-2.0833771e+02
1	1	14	39	-2.6421350e+02
1	1	14	40	-2.5705505e+02
1	1	14	41	-2.2904489e+02
1	1	14	42	-1.4110533e+02
1	1	14	43	-2.8071558e+02
1	1	14	44	-2.3231493e+02
1	1	14	45	-2.6708691e+02
1	1	14	46	-2.3368179e+02
1	1	14	47	-3.5471170e+02
1	1	14	48	-3.4312238e+02
1	1	14	49	-2.4702888e+02
1	1	14	50	-2.5809195e+02
1	1	14	51	4.8527060e+02
1	1	14	52	4.3462897e+02
1	1	14	53	-4.3546822e+01
1	1	14	54	3.4491844e+01
1	1	14	55	-9.2715998e+00
1	1	14	56	1.9176392e+02
1	1	14	57	3.1235101e+02
1	1	14	58	1.8581184e+02
1	1	14	59	1.4490182e+02
1	1	14	60	9.2221230e+01
1	1	14	61	3.9746696e+01
1	1	14	62	1.6371021e+02
1	1	14	63	1.0944130e+02
1	1	15	0	-6.6929535e+02
1	1	15	1	-6.8377557e+02
1	1	15	2	-6.1901776e+02
1	1	15	3	-7.0005573e+02
1	1	15	4	-6.2270428e+02
1	1	15	5	-6.8526227e+02
1	1	15	6	-5.9055829e+02
1	1	15	7	-5.6581335e+02
1	1	15	8	-6.6816614e+02
1	1	15	9	-5.2313818e+02
1	1	15	10	-7.0018597e+02
1	1	15	11	-5.8259283e+02
1	1	15	12	-7.9008435e+02
1	1	15	13	-6.6880646e+02
1	1	15	14	-7.7459137e+02
1	1	15	15	-7.3188757e+02
1	1	15	16	-8.1818408e+02
1	1	15	17	-7.6597156e+02
1	1	15	18	-8.2847577e+02
1	1	15	19	-8.0861664e+02
1	1	15	20	-8.2019019e+02
1	1	15	21	-8.7674390e+02
1	1	15	22	-7.5746930e+02
1	1	15	23	-7.3864954e+02
1	1	15	24	-7.9408185e+02
1	1	15	25	-7.1929779e+02
1	1	15	26	-8.1313367e+02
1	1	15	27	-7.7680353e+02
1	1	15	28	-7.6969061e+02
1	1	15	29	-7.1573193e+02
1	1	15	30	-6.7789240e+02
1	1	15	31	-8.0466907e+02
1	1	15	32	-7.0045020e+02
1	1	15	33	-7.2667511e+02
1	1	15	34	-7.4011238e+01
1	1	15	35	-9.5069160e+01
1	1	15	36	5.2754772e+01
1	1	15	37	3.7705399e+01
1	1	15	38	-9.3749676e+00
1	1	15	39	1.2848463e+01
1	1	15	40	9.0732391e+01
1	1	15	41	-7.8403397e+01
1	1	15	42	1.8050145e+02
1	1	15	43	-6.0935616e+01
1	1	15	44	1.0913557e+02
1	1	15	45	3.8405315e+01
1	1	15	46	8.1762154e+01
1	1	15	47	-3.3793091e+01
1	1	15	48	1.2703523e+02
1	1	15	49	4.7812370e+01
1	1	15	50	1.1549047e+01
1	1	15	51	5.6205249e+02
1	1	15	52	6.3316168e+02
1	1	15	53	2.6034113e+02
1	1	15	54	3.1789731e+02
1	1	15	55	3.0102820e+02
1	1	15	56	4.9165198e+02
1	1	15	57	3.4756955e+02
1	1	15	58	2.1599341e+02
1	1	15	59	2.2538397e+02
1	1	15	60	3.6730109e+02
1	1	15	61	1.0890022e+02
1	1	15	62	1.6685616e+02
1	1	15	63	4.0260791e+02
1	2	0	0	7.1400952e+02
1	2	0	1	5.8063702e+02
1	2	0	2	7.2977582e+02
1	2	0	3	7.1959271e+02
1	2	0	4	5.9499408e+02
1	2	0	5	6.1159888e+02
1	2	0	6	5.5264471e+02
1	2	0	7	7.1500751e+02
1	2	0	8	6.1795789e+02
1	2	0	9	6.5400995e+02
1	2	0	10	6.3780493e+02
1	2	0	11	6.7008844e+02
1	2	0	12	5.6261243e+02
1	2	0	13	7.0486530e+02
1	2	0	14	6.8806219e+02
1	2	0	15	5.8120697e+02
1	2	0	16	4.7917926e+02
1	2	0	17	5.5129120e+02
1	2	0	18	5.0352039e+02
1	2	0	19	5.2935193e+02
1	2	0	20	5.6577045e+02
1	2	0	21	5.8967914e+02
1	2	0	22	6.0028259e+02
1	2	0	23	5.6249597e+02
1	2	0	24	5.8569257e+02
1	2	0	25	6.2651776e+02
1	2	0	26	4.3919577e+02
1	2	0	27	4.4570639e+02
1	2	0	28	5.8272296e+02
1	2	0	29	4.5116138e+02
1	2	0	30	5.1340979e+02
1	2	0	31	4.4073779e+02
1	2	0	32	5.0600156e+02
1	2	0	33	4.8023157e+02
1	2	0	34	1.1020308e+03
1	2	0	35	1.1279381e+03
1	2	0	36	1.1320760e+03
1	2	0	37	1.1328583e+03
1	2	0	38	1.1269659e+03
1	2	0	39	1.1318444e+03
1	2	0	40	1.1781821e+03
1	2	0	41	1.0901887e+03
1	2	0	42	1.1445386e+03
1	2	0	43	1.1937758e+03
1	2	0	44	1.2036204e+03
1	2	0	45	1.0525331e+03
1	2	0	46	1.1954885e+03
1	2	0	47	1.1205721e+03
1	2	0	48	1.1006638e+03
1	2	0	49	1.1193243e+03
1	2	0	50	1.1305020e+03
1	2	0	51	1.7224578e+03
1	2	0	52	1.6445837e+03
1	2	0	53	1.2703245e+03
1	2	0	54	1.3502495e+03
1	2	0	55	1.3769452e+03
1	2	0	56	1.5029427e+03
1	2	0	57	1.5323495e+03
1	2	0	58	1.5021323e+03
1	2	0	59	1.3655737e+03
1	2	0	60	1.3936232e+03
1	2	0	61	1.2536682e+03
1	2	0	62	1.2981000e+03
1	2	0	63	1.2839471e+03
1	2	1	0	6.3502783e+02
1	2	1	1	5.5606348e+02
1	2	1	2	6.0657391e+02
1	2	1	3	5.7398401e+02
1	2	1	4	5.4883618e+02
1	2	1	5	5.8715875e+02
1	2	1	6	6.1348517e+02
1	2	1	7	6.0871735e+02
1	2	1	8	5.5622406e+02
1	2	1	9	6.2424750e+02
1	2	1	10	5.5452649e+02
1	2	1	11	5.9676538e+02
1	2	1	12	4.4399548e+02
1	2	1	13	5.0807181e+02
1	2	1	14	5.0751443e+02
1	2	1	15	5.1773334e+02
1	2	1	16	4.1193094e+02
1	2	1	17	4.3799896e+02
1	2	1	18	4.0829120e+02
1	2	1	19	3.6087387e+02
1	2	1	20	4.0273926e+02
1	2	1	21	3.6146365e+02
1	2	1	22	3.8094901e+02
1	2	1	23	4.3182898e+02
1	2	1	24	3.6690436e+02
1	2	1	25	4.4534006e+02
1	2	1	26	4.2013116e+02
1	2	1	27	4.5124329e+02
1	2	1	28	4.6824948e+02
1	2	1	29	3.8133383e+02
1	2	1	30	4.3133847e+02
1	2	1	31	4.0382434e+02
1	2	1	32	4.0998511e+02
1	2	1	33	3.7234821e+02
1	2	1	34	1.0663396e+03
1	2	1	35	1.0374756e+03
1	2	1	36	1.1112659e+03
1	2	1	37	1.1588406e+03
1	2	1	38	1.0950188e+03
1	2	1	39	1.1234231e+03
1	2	1	40	1.2342882e+03
1	2	1	41	1.1756959e+03
1	2	1	42	1.2038990e+03
1	2	1	43	1.1128766e+03
1	2	1	44	1.2717634e+03
1	2	1	45	1.1767428e+03
1	2	1	46	1.2700472e+03
1	2	1	47	1.1525591e+03
1	2	1	48	1.1621042e+03
1	2	1	49	1.2386321e+03
1	2	1	50	1.2070983e+03
1	2	1	51	1.8081200e+03
1	2	1	52	1.8055995e+03
1	2	1	53	1.4126425e+03
1	2	1	54	1.4573292e+03
1	2	1	55	1.5522509e+03
1	2	1	56	1.6021257e+03
1	2	1	57	1.6112783e+03
1	2	1	58	1.4975996e+03
1	2	1	59	1.4571666e+03
1	2	1	60	1.4891880e+03
1	2	1	61	1.3463572e+03
1	2	1	62	1.3952145e+03
1	2	1	63	1.4684517e+03
1	2	2	0	5.6881891e+02
1	2	2	1	4.2254919e+02
1	2	2	2	5.6293396e+02
1	2	2	3	6.1152136e+02
1	2	2	4	4.5709399e+02
1	2	2	5	5.4818762e+02
1	2	2	6	4.2970825e+02
1	2	2	7	7.0027466e+02
1	2	2	8	4.6943668e+02
1	2	2	9	6.0709662e+02
1	2	2	10	4.3769971e+02
1	2	2	11	4.9106262e+02
1	2	2	12	3.7494476e+02
1	2	2	13	4.1252655e+02
1	2	2	14	-7.4623120e+03
1	2	2	15	4.8992072e+02
1	2	2	16	4.7601404e+02
1	2	2	17	3.2877188e+02
1	2	2	18	4.8016162e+02
1	2	2	19	3.7140555e+02
1	2	2	20	4.8353448e+02
1	2	2	21	4.1202780e+02
1	2	2	22	4.1758450e+02
1	2	2	23	3.9413226e+02
1	2	2	24	3.4410336e+02
1	2	2	25	3.3539935e+02
1	2	2	26	3.5860828e+02
1	2	2	27	3.0999707e+02
1	2	2	28	3.4251016e+02
1	2	2	29	2.5298022e+02
1	2	2	30	3.8935184e+02
1	2	2	31	3.1521854e+02
1	2	2	32	3.0583798e+02
1	2	2	33	2.9565854e+02
1	2	2	34	8.7108661e+02
1	2	2	35	9.8634717e+02
1	2	2	36	9.5734094e+02
1	2	2	37	8.9184912e+02
1	2	2	38	8.9043250e+02
1	2	2	39	9.0002606e+02
1	2	2	40	9.1909717e+02
1	2	2	41	9.1313806e+02
1	2	2	42	8.8000323e+02
1	2	2	43	9.6990015e+02
1	2	2	44	9.3232922e+02
1	2	2	45	8.8198639e+02
1	2	2	46	9.3854736e+02
1	2	2	47	8.2730457e+02
1	2	2	48	8.9878088e+02
1	2	2	49	9.0311279e+02
1	2	2	50	9.7317603e+02
1	2	2	51	-5.5946552e+02
1	2	2	52	1.2791995e+03
1	2	2	53	1.2194052e+03
1	2	2	54	1.2413441e+03
1	2	2	55	-2.0687846e+04
1	2	2	56	1.3598889e+03
1	2	2	57	1.3302887e+03
1	2	2	58	1.2953020e+03
1	2	2	59	1.2106526e+03
1	2	2	60	1.2204489e+03
1	2	2	61	1.2280100e+03
1	2	2	62	1.2516980e+03
1	2	2	63	9.5102615e+01
1	2	3	0	5.8229987e+02
1	2	3	1	5.1953143e+02
1	2	3	2	5.4168005e+02
1	2	3	3	5.0359268e+02
1	2	3	4	4.8091235e+02
1	2	3	5	4.9621509e+02
1	2	3	6	4.9494684e+02
1	2	3	7	4.5420804e+02
1	2	3	8	4.2875424e+02
1	2	3	9	5.4100470e+02
1	2	3	10	4.1486761e+02
1	2	3	11	5.5194989e+02
1	2	3	12	4.6023322e+02
1	2	3	13	4.8452393e+02
1	2	3	14	4.0934961e+02
1	2	3	15	4.0803641e+02
1	2	3	16	2.9939795e+02
1	2	3	17	3.8848065e+02
1	2	3	18	3.4848499e+02
1	2	3	19	3.7149438e+02
1	2	3	20	2.7580679e+02
1	2	3	21	3.5230386e+02
1	2	3	22	3.2001849e+02
1	2	3	23	4.0031265e+02
1	2	3	24	2.7891965e+02
1	2	3	25	3.3243393e+02
1	2	3	26	2.5106116e+02
1	2	3	27	4.1706393e+02
1	2	3	28	4.0444565e+02
1	2	3	29	3.6549673e+02
1	2	3	30	3.0832162e+02
1	2	3	31	3.4439212e+02
1	2	3	32	2.4408917e+02
1	2	3	33	3.3831860e+02
1	2	3	34	9.5676276e+02
1	2	3	35	9.8645721e+02
1	2	3	36	-3.4699460e+02
1	2	3	37	-5.6096265e+02
1	2	3	38	1.1510531e+03
1	2	3	39	1.0504056e+03
1	2	3	40	-2.8806917e+03
1	2	3	41	8.2317029e+02
1	2	3	42	-5.5501813e+02
1	2	3	43	1.1514283e+03
1	2	3	44	-2.4536021e+03
1	2	3	45	-8.5581873e+02
1	2	3	46	7.7820111e+02
1	2	3	47	1.1562716e+03
1	2	3	48	-7.0899664e+02
1	2	3	49	1.1671237e+03
1	2	3	50	1.1906246e+03
1	2	3	51	1.7219480e+03
1	2	3	52	1.7071649e+03
1	2	3	53	1.3013455e+03
1	2	3	54	1.4375485e+03
1	2	3	55	1.4632926e+03
1	2	3	56	1.5299321e+03
1	2	3	57	1.4924036e+03
1	2	3	58	1.3694305e+03
1	2	3	59	1.3301302e+03
1	2	3	60	1.3452084e+03
1	2	3	61	1.3075364e+03
1	2	3	62	1.3444969e+03
1	2	3	63	1.4675020e+03
1	2	4	0	4.4846979e+02
1	2	4	1	3.4092511e+02
1	2	4	2	4.3209860e+02
1	2	4	3	4.1167004e+02
1	2	4	4	2.9615451e+02
1	2	4	5	3.7346597e+02
1	2	4	6	2.7113412e+02
1	2	4	7	4.6800949e+02
1	2	4	8	3.2639880e+02
1	2	4	9	3.6553693e+02
1	2	4	10	2.5643607e+02
1	2	4	11	3.2623462e+02
1	2	4	12	2.7484763e+02
1	2	4	13	3.5623254e+02
1	2	4	14	3.6196710e+02
1	2	4	15	3.3928922e+02
1	2	4	16	2.3236287e+02
1	2	4	17	2.0870744e+02
1	2	4	18	2.5410513e+02
1	2	4	19	1.8771078e+02
1	2	4	20	3.5355179e+02
1	2	4	21	2.8165860e+02
1	2	4	22	2.5892361e+02
1	2	4	23	2.5353581e+02
1	2	4	24	1.4220016e+02
1	2	4	25	2.4732707e+02
1	2	4	26	1.7177119e+02
1	2	4	27	1.2064852e+02
1	2	4	28	2.2229814e+02
1	2	4	29	8.9319580e+01
1	2	4	30	2.1380655e+02
1	2	4	31	1.0923903e+02
1	2	4	32	5.3882557e+01
1	2	4	33	1.2169499e+02
1	2	4	34	7.3557568e+02
1	2	4	35	7.5904498e+02
1	2	4	36	8.0680511e+02
1	2	4	37	6.3791406e+02
1	2	4	38	7.3347290e+02
1	2	4	39	7.5183801e+02
1	2	4	40	7.9254547e+02
1	2	4	41	7.1072046e+02
1	2	4	42	8.2423346e+02
1	2	4	43	7.4631635e+02
1	2	4	44	7.7522754e+02
1	2	4	45	7.7039917e+02
1	2	4	46	7.3986121e+02
1	2	4	47	7.9657648e+02
1	2	4	48	7.3903735e+02
1	2	4	49	7.0753204e+02
1	2	4	50	8.8400769e+02
1	2	4	51	1.2458510e+03
1	2	4	52	1.3846904e+03
1	2	4	53	9.8655188e+02
1	2	4	54	1.0396208e+03
1	2	4	55	1.0206024e+03
1	2	4	56	1.1132625e+03
1	2	4	57	1.2577195e+03
1	2	4	58	1.1616525e+03
1	2	4	59	1.0856771e+03
1	2	4	60	9.6085864e+02
1	2	4	61	9.9017358e+02
1	2	4	62	1.0647341e+03
1	2	4	63	9.6900201e+02
1	2	5	0	3.2003140e+02
1	2	5	1	3.2436514e+02
1	2	5	2	2.9078265e+02
1	2	5	3	3.4128165e+02
1	2	5	4	3.1484406e+02
1	2	5	5	3.3129944e+02
1	2	5	6	3.4063983e+02
1	2	5	7	3.4439487e+02
1	2	5	8	2.4469717e+02
1	2	5	9	3.6631158e+02
1	2	5	10	1.8729065e+02
1	2	5	11	3.1060556e+02
1	2	5	12	2.0376636e+02
1	2	5	13	2.5002170e+02
1	2	5	14	2.1863327e+02
1	2	5	15	3.0196347e+02
1	2	5	16	9.1974220e+01
1	2	5	17	1.0312595e+02
1	2	5	18	1.3151889e+02
1	2	5	19	1.4309596e+02
1	2	5	20	1.1681887e+02
1	2	5	21	1.5205751e+02
1	2	5	22	1.4319128e+02
1	2	5	23	2.1315323e+02
1	2	5	24	1.8711389e+02
1	2	5	25	2.1064067e+02
1	2	5	26	1.2451555e+02
1	2	5	27	1.9197969e+02
1	2	5	28	1.7738097e+02
1	2	5	29	2.1725731e+02
1	2	5	30	2.0567032e+02
1	2	5	31	1.6658916e+02
1	2	5	32	1.6244431e+02
1	2	5	33	2.1177058e+02
1	2	5	34	8.7262378e+02
1	2	5	35	8.4387958e+02
1	2	5	36	8.9177057e+02
1	2	5	37	9.2696912e+02
1	2	5	38	8.6832239e+02
1	2	5	39	9.0226788e+02
1	2	5	40	9.4367255e+02
1	2	5	41	8.4352673e+02
1	2	5	42	9.6836853e+02
1	2	5	43	8.7071558e+02
1	2	5	44	1.0317579e+03
1	2	5	45	9.2102228e+02
1	2	5	46	9.8223352e+02
1	2	5	47	9.7556128e+02
1	2	5	48	8.7361609e+02
1	2	5	49	9.0740118e+02
1	2	5	50	9.7124677e+02
1	2	5	51	1.4916902e+03
1	2	5	52	1.5093829e+03
1	2	5	53	1.2080092e+03
1	2	5	54	1.1954458e+03
1	2	5	55	1.2206537e+03
1	2	5	56	1.3981555e+03
1	2	5	57	1.3315376e+03
1	2	5	58	1.1717356e+03
1	2	5	59	1.2510138e+03
1	2	5	60	1.3412297e+03
1	2	5	61	1.0771768e+03
1	2	5	62	1.1363610e+03
1	2	5	63	1.2761639e+03
1	2	6	0	3.8870270e+02
1	2	6	1	3.0376782e+02
1	2	6	2	2.2624178e+02
1	2	6	3	3.1591953e+02
1	2	6	4	2.1326973e+02
1	2	6	5	2.8014435e+02
1	2	6	6	1.7291512e+02
1	2	6	7	3.0452878e+02
1	2	6	8	3.1615717e+02
1	2	6	9	2.7725626e+02
1	2	6	10	1.8573322e+02
1	2	6	11	3.5805365e+02
1	2	6	12	7.8268661e+01
1	2	6	13	2.1170349e+02
1	2	6	14	2.5010504e+02
1	2	6	15	1.9742896e+02
1	2	6	16	1.2695375e+02
1	2	6	17	1.0861758e+02
1	2	6	18	1.2842357e+02
1	2	6	19	1.6880362e+02
1	2	6	20	2.1403909e+02
1	2	6	21	1.2323712e+02
1	2	6	22	1.0591305e+02
1	2	6	23	1.9108145e+02
1	2	6	24	5.3059589e+01
1	2	6	25	1.1211954e+02
1	2	6	26	4.9269474e+01
1	2	6	27	9.6633362e+01
1	2	6	28	1.1426112e+02
1	2	6	29	1.0747672e+00
1	2	6	30	9.4179123e+01
1	2	6	31	1.4484331e+01
1	2	6	32	8.5236330e+00
1	2	6	33	-1.0939623e+01
1	2	6	34	6.7587341e+02
1	2	6	35	6.6048651e+02
1	2	6	36	6.8075275e+02
1	2	6	37	7.2269666e+02
1	2	6	38	6.4803906e+02
1	2	6	39	6.7860675e+02
1	2	6	40	6.8941791e+02
1	2	6	41	5.1374280e+02
1	2	6	42	7.0330945e+02
1	2	6	43	6.8120734e+02
1	2	6	44	7.0671045e+02
1	2	6	45	6.6820074e+02
1	2	6	46	6.7724707e+02
1	2	6	47	6.3645764e+02
1	2	6	48	6.6114087e+02
1	2	6	49	6.6174847e+02
1	2	6	50	7.0237573e+02
1	2	6	51	1.1954702e+03
1	2	6	52	1.3328618e+03
1	2	6	53	9.5678406e+02
1	2	6	54	9.2297998e+02
1	2	6	55	9.1073792e+02
1	2	6	56	1.0243124e+03
1	2	6	57	1.1073925e+03
1	2	6	58	1.1059673e+03
1	2	6	59	9.8608972e+02
1	2	6	60	9.2158508e+02
1	2	6	61	8.7546118e+02
1	2	6	62	9.3906580e+02
1	2	6	63	9.2132043e+02
1	2	7	0	4.0830994e+02
1	2	7	1	4.0389224e+02
1	2	7	2	4.3597894e+02
1	2	7	3	3.5907886e+02
1	2	7	4	4.1608807e+02
1	2	7	5	3.9424002e+02
1	2	7	6	3.9346661e+02
1	2	7	7	4.4358990e+02
1	2	7	8	3.5916559e+02
1	2	7	9	4.5380975e+02
1	2	7	10	3.4090631e+02
1	2	7	11	4.5237567e+02
1	2	7	12	3.8708563e+02
1	2	7	13	3.7887625e+02
1	2	7	14	2.3559045e+02
1	2	7	15	3.5499506e+02
1	2	7	16	2.0728848e+02
1	2	7	17	2.5708377e+02
1	2	7	18	2.2035625e+02
1	2	7	19	2.8212863e+02
1	2	7	20	2.3709575e+02
1	2	7	21	1.5513068e+02
1	2	7	22	2.8927457e+02
1	2	7	23	2.3460341e+02
1	2	7	24	2.0499092e+02
1	2	7	25	3.1958746e+02
1	2	7	26	2.0641859e+02
1	2	7	27	2.2616345e+02
1	2	7	28	2.6729443e+02
1	2	7	29	3.1232825e+02
1	2	7	30	3.3900443e+02
1	2	7	31	2.0910342e+02
1	2	7	32	2.4696060e+02
1	2	7	33	2.3788983e+02
1	2	7	34	8.8743353e+02
1	2	7	35	8.9233575e+02
1	2	7	36	9.3536615e+02
1	2	7	37	8.7845947e+02
1	2	7	38	9.1641327e+02
1	2	7	39	9.5695032e+02
1	2	7	40	1.0113151e+03
1	2	7	41	1.0051091e+03
1	2	7	42	1.0252948e+03
1	2	7	43	9.3071613e+02
1	2	7	44	1.0609054e+03
1	2	7	45	1.0074251e+03
1	2	7	46	1.0219134e+03
1	2	7	47	9.8388330e+02
1	2	7	48	1.0808828e+03
1	2	7	49	9.7294452e+02
1	2	7	50	1.0563405e+03
1	2	7	51	1.5723153e+03
1	2	7	52	1.5975220e+03
1	2	7	53	1.1845662e+03
1	2	7	54	1.2136432e+03
1	2	7	55	1.2430708e+03
1	2	7	56	1.4039080e+03
1	2	7	57	1.2870712e+03
1	2	7	58	1.2040796e+03
1	2	7	59	1.2284491e+03
1	2	7	60	1.2771389e+03
1	2	7	61	1.1612916e+03
1	2	7	62	1.2331051e+03
1	2	7	63	1.3367152e+03
1	2	8	0	2.0019670e+01
1	2	8	1	-1.0318106e+02
1	2	8	2	-3.5201916e+01
1	2	8	3	3.2819607e+01
1	2	8	4	-1.5203154e+02
1	2	8	5	-4.3394356e+01
1	2	8	6	-2.3146910e+02
1	2	8	7	3.0715719e-01
1	2	8	8	-2.8252026e+01
1	2	8	9	-3.9460716e+01
1	2	8	10	-6.0332275e+01
1	2	8	11	4.6274856e-01
1	2	8	12	-1.5098726e+02
1	2	8	13	-9.4738792e+01
1	2	8	14	-4.7770435e+01
1	2	8	15	-6.4184105e+01
1	2	8	16	-1.3451584e+02
1	2	8	17	-1.3865794e+02
1	2	8	18	-7.5251999e+01
1	2	8	19	-1.8838300e+02
1	2	8	20	-6.6225494e+01
1	2	8	21	-8.8871002e+01
1	2	8	22	-1.6718837e+02
1	2	8	23	-2.1006764e+02
1	2	8	24	-1.5803162e+02
1	2	8	25	-1.9612929e+02
1	2	8	26	-2.6025568e+02
1	2	8	27	-2.3690260e+02
1	2	8	28	-1.7808011e+02
1	2	8	29	-2.4387227e+02
1	2	8	30	-1.5258244e+02
1	2	8	31	-2.8922205e+02
1	2	8	32	-2.9965717e+02
1	2	8	33	-3.2204355e+02
1	2	8	34	4.1329550e+02
1	2	8	35	4.4836285e+02
1	2	8	36	4.6010239e+02
1	2	8	37	4.2574255e+02
1	2	8	38	3.3609726e+02
1	2	8	39	3.7044855e+02
1	2	8	40	3.9772632e+02
1	2	8	41	2.6187680e+02
1	2	8	42	3.5489609e+02
1	2	8	43	3.6252194e+02
1	2	8	44	4.4389453e+02
1	2	8	45	3.1429553e+02
1	2	8	46	3.2346521e+02
1	2	8	47	2.9429227e+02
1	2	8	48	3.4827609e+02
1	2	8	49	3.5413834e+02
1	2	8	50	4.6230347e+02
1	2	8	51	9.8572839e+02
1	2	8	52	1.0354075e+03
1	2	8	53	5.2398157e+02
1	2	8	54	6.2370081e+02
1	2	8	55	6.5189789e+02
1	2	8	56	8.0015582e+02
1	2	8	57	8.9599799e+02
1	2	8	58	7.9728943e+02
1	2	8	59	6.5233032e+02
1	2	8	60	6.7933575e+02
1	2	8	61	6.2639069e+02
1	2	8	62	6.9646973e+02
1	2	8	63	7.1179041e+02
1	2	9	0	3.5079434e+02
1	2	9	1	3.0867114e+02
1	2	9	2	3.1488321e+02
1	2	9	3	3.0239972e+02
1	2	9	4	2.9222607e+02
1	2	9	5	1.8606242e+02
1	2	9	6	3.1406827e+02
1	2	9	7	2.4596130e+02
1	2	9	8	2.3759456e+02
1	2	9	9	3.0101862e+02
1	2	9	10	1.6219255e+02
1	2	9	11	3.2984067e+02
1	2	9	12	1.1802826e+02
1	2	9	13	2.8090213e+02
1	2	9	14	2.1888567e+02
1	2	9	15	2.3454871e+02
1	2	9	16	1.1458137e+02
1	2	9	17	1.0671639e+02
1	2	9	18	1.5580089e+02
1	2	9	19	1.6504033e+02
1	2	9	20	1.8167148e+02
1	2	9	21	1.1765529e+02
1	2	9	22	8.5820694e+01
1	2	9	23	2.1212051e+02
1	2	9	24	1.6273941e+02
1	2	9	25	1.0747632e+02
1	2	9	26	8.2131256e+01
1	2	9	27	2.2549474e+02
1	2	9	28	1.9796227e+02
1	2	9	29	1.6720131e+02
1	2	9	30	2.8913031e+02
1	2	9	31	1.8593175e+02
1	2	9	32	1.2216416e+02
1	2	9	33	1.6089711e+02
1	2	9	34	8.4867871e+02
1	2	9	35	7.6933020e+02
1	2	9	36	8.7770544e+02
1	2	9	37	8.8941724e+02
1	2	9	38	8.1878259e+02
1	2	9	39	8.1199713e+02
1	2	9	40	9.0391443e+02
1	2	9	41	7.7773975e+02
1	2	9	42	9.6474426e+02
1	2	9	43	7.4650055e+02
1	2	9	44	1.0289867e+03
1	2	9	45	8.5771674e+02
1	2	9	46	9.0498474e+02
1	2	9	47	9.2581842e+02
1	2	9	48	8.5112158e+02
1	2	9	49	9.2653668e+02
1	2	9	50	8.7910992e+02
1	2	9	51	1.4276885e+03
1	2	9	52	1.5039608e+03
1	2	9	53	1.0873307e+03
1	2	9	54	1.1264668e+03
1	2	9	55	1.2137926e+03
1	2	9	56	1.3166783e+03
1	2	9	57	1.2329271e+03
1	2	9	58	1.0696290e+03
1	2	9	59	1.0407616e+03
1	2	9	60	1.1734565e+03
1	2	9	61	1.0457498e+03
1	2	9	62	1.0936516e+03
1	2	9	63	1.2139218e+03
1	2	10	0	3.9620737e+02
1	2	10	1	3.7234964e+02
1	2	10	2	3.4608868e+02
1	2	10	3	3.6876041e+02
1	2	10	4	2.2503133e+02
1	2	10	5	3.3896899e+02
1	2	10	6	3.4868613e+02
1	2	10	7	5.8419641e+02
1	2	10	8	3.3891187e+02
1	2	10	9	4.3537659e+02
1	2	10	10	3.1490335e+02
1	2	10	11	2.4970616e+02
1	2	10	12	2.0473595e+02
1	2	10	13	3.2854794e+02
1	2	10	14	3.5491470e+02
1	2	10	15	4.2214600e+02
1	2	10	16	1.5191399e+02
1	2	10	17	1.5916985e+02
1	2	10	18	2.1270604e+02
1	2	10	19	1.6627377e+02
1	2	10	20	2.4869609e+02
1	2	10	21	2.8824121e+02
1	2	10	22	2.3372264e+02
1	2	10	23	2.2978040e+02
1	2	10	24	4.8047039e+01
1	2	10	25	2.0972820e+02
1	2	10	26	1.0143777e+02
1	2	10	27	1.3720610e+02
1	2	10	28	1.6802278e+02
1	2	10	29	1.7066359e+02
1	2	10	30	1.5634296e+02
1	2	10	31	1.5879504e+02
1	2	10	32	1.0756440e+02
1	2	10	33	5.1343857e+01
1	2	10	34	6.8522668e+02
1	2	10	35	8.2355237e+02
1	2	10	36	6.6602875e+02
1	2	10	37	6.9665900e+02
1	2	10	38	7.7991290e+02
1	2	10	39	6.9123456e+02
1	2	10	40	8.3087225e+02
1	2	10	41	7.3201642e+02
1	2	10	42	7.8124451e+02
1	2	10	43	7.8379968e+02
1	2	10	44	8.2910840e+02
1	2	10	45	6.8824994e+02
1	2	10	46	8.0110962e+02
1	2	10	47	6.8633221e+02
1	2	10	48	7.5929871e+02
1	2	10	49	8.0132074e+02
1	2	10	50	8.3068994e+02
1	2	10	51	1.4419220e+03
1	2	10	52	1.3471516e+03
1	2	10	53	1.0745400e+03
1	2	10	54	1.0016398e+03
1	2	10	55	1.0173801e+03
1	2	10	56	1.0913068e+03
1	2	10	57	1.1701719e+03
1	2	10	58	1.1438019e+03
1	2	10	59	1.0812339e+03
1	2	10	60	1.0856544e+03
1	2	10	61	1.0311630e+03
1	2	10	62	1.0824458e+03
1	2	10	63	1.1124611e+03
1	2	11	0	3.8918039e+02
1	2	11	1	4.1764868e+02
1	2	11	2	3.7595459e+02
1	2	11	3	3.7085196e+02
1	2	11	4	3.7816434e+02
1	2	11	5	3.5433740e+02
1	2	11	6	3.3592456e+02
1	2	11	7	3.8301178e+02
1	2	11	8	3.2653174e+02
1	2	11	9	-7.4623120e+03
1	2	11	10	3.3254614e+02
1	2	11	11	4.5866800e+02
1	2	11	12	2.1955017e+02
1	2	11	13	3.8701038e+02
1	2	11	14	2.7557065e+02
1	2	11	15	3.2883472e+02
1	2	11	16	1.5881581e+02
1	2	11	17	2.7672491e+02
1	2	11	18	2.7522311e+02
1	2	11	19	3.9083945e+02
1	2	11	20	2.4151840e+02
1	2	11	21	2.7465201e+02
1	2	11	22	2.7534811e+02
1	2	11	23	3.2827264e+02
1	2	11	24	2.0919597e+02
1	2	11	25	2.1628253e+02
1	2	11	26	3.4659668e+02
1	2	11	27	2.3443303e+02
1	2	11	28	2.5729721e+02
1	2	11	29	3.0489108e+02
1	2	11	30	2.2430986e+02
1	2	11	31	1.6552412e+02
1	2	11	32	1.8892073e+02
1	2	11	33	3.0787372e+02
1	2	11	34	9.7253009e+02
1	2	11	35	-7.4623120e+03
1	2	11	36	9.5955518e+02
1	2	11	37	9.3377032e+02
1	2	11	38	9.2094525e+02
1	2	11	39	1.1155649e+03
1	2	11	40	1.0675651e+03
1	2	11	41	9.8616180e+02
1	2	11	42	1.0447280e+03
1	2	11	43	9.5996606e+02
1	2	11	44	1.1669230e+03
1	2	11	45	9.1976538e+02
1	2	11	46	1.0113814e+03
1	2	11	47	9.7658417e+02
1	2	11	48	9.8004108e+02
1	2	11	49	1.0832760e+03
1	2	11	50	1.1306062e+03
1	2	11	51	1.5372606e+03
1	2	11	52	1.6686061e+03
1	2	11	53	1.1753612e+03
1	2	11	54	1.2090725e+03
1	2	11	55	1.2135656e+03
1	2	11	56	1.3572086e+03
1	2	11	57	1.2922124e+03
1	2	11	58	1.2391361e+03
1	2	11	59	1.1846431e+03
1	2	11	60	1.3538500e+03
1	2	11	61	1.1475375e+03
1	2	11	62	1.1154302e+03
1	2	11	63	1.3518843e+03
1	2	12	0	5.4331921e+02
1	2	12	1	4.7531116e+02
1	2	12	2	5.0867517e+02
1	2	12	3	5.1431445e+02
1	2	12	4	4.1863547e+02
1	2	12	5	4.3858038e+02
1	2	12	6	3.7212180e+02
1	2	12	7	5.3761926e+02
1	2	12	8	4.2466153e+02
1	2	12	9	4.8173959e+02
1	2	12	10	3.2873560e+02
1	2	12	11	4.2777460e+02
1	2	12	12	3.7006848e+02
1	2	12	13	4.2031235e+02
1	2	12	14	4.2868381e+02
1	2	12	15	4.5708923e+02
1	2	12	16	3.6395151e+02
1	2	12	17	3.1589963e+02
1	2	12	18	3.1450101e+02
1	2	12	19	2.8747202e+02
1	2	12	20	3.3796442e+02
1	2	12	21	4.4144296e+02
1	2	12	22	4.4375116e+02
1	2	12	23	3.2451270e+02
1	2	12	24	2.5304825e+02
1	2	12	25	3.6167865e+02
1	2	12	26	2.9732892e+02
1	2	12	27	2.8694785e+02
1	2	12	28	-4.3053638e+03
1	2	12	29	2.8464545e+02
1	2	12	30	1.8053606e+02
1	2	12	31	1.8083449e+02
1	2	12	32	2.1611514e+02
1	2	12	33	1.9129816e+02
1	2	12	34	8.9388806e+02
1	2	12	35	9.3246289e+02
1	2	12	36	9.3627832e+02
1	2	12	37	8.8304059e+02
1	2	12	38	8.8349597e+02
1	2	12	39	9.5091058e+02
1	2	12	40	8.6981506e+02
1	2	12	41	8.0857043e+02
1	2	12	42	9.2806696e+02
1	2	12	43	9.1346448e+02
1	2	12	44	9.4037976e+02
1	2	12	45	9.3928680e+02
1	2	12	46	-7.4623120e+03
1	2	12	47	8.1066882e+02
1	2	12	48	9.3320642e+02
1	2	12	49	8.8741815e+02
1	2	12	50	9.3163977e+02
1	2	12	51	1.4978293e+03
1	2	12	52	1.4866459e+03
1	2	12	53	1.0958716e+03
1	2	12	54	1.1263784e+03
1	2	12	55	1.1335605e+03
1	2	12	56	1.3103508e+03
1	2	12	57	1.3678358e+03
1	2	12	58	1.3006396e+03
1	2	12	59	1.1133976e+03
1	2	12	60	1.2004517e+03
1	2	12	61	1.1179979e+03
1	2	12	62	1.2164199e+03
1	2	12	63	1.2357968e+03
1	2	13	0	6.7325519e+02
1	2	13	1	6.1227380e+02
1	2	13	2	5.9850031e+02
1	2	13	3	5.8786792e+02
1	2	13	4	5.6615808e+02
1	2	13	5	6.5617926e+02
1	2	13	6	5.8359686e+02
1	2	13	7	5.3230664e+02
1	2	13	8	5.5461151e+02
1	2	13	9	5.8245673e+02
1	2	13	10	1.9970444e+02
1	2	13	11	5.9527509e+02
1	2	13	12	5.2317896e+02
1	2	13	13	4.9780273e+02
1	2	13	14	4.0916791e+02
1	2	13	15	4.9403107e+02
1	2	13	16	3.5679050e+02
1	2	13	17	3.3238297e+02
1	2	13	18	3.5160736e+02
1	2	13	19	4.0653555e+02
1	2	13	20	4.4048178e+02
1	2	13	21	4.1890509e+02
1	2	13	22	4.4674710e+02
1	2	13	23	5.2371497e+02
1	2	13	24	4.1891068e+02
1	2	13	25	5.0894138e+02
1	2	13	26	4.6581561e+02
1	2	13	27	4.8979907e+02
1	2	13	28	4.4647845e+02
1	2	13	29	4.7579001e+02
1	2	13	30	4.5289075e+02
1	2	13	31	3.5487259e+02
1	2	13	32	3.8002765e+02
1	2	13	33	4.0586981e+02
1	2	13	34	1.0328153e+03
1	2	13	35	1.0260928e+03
1	2	13	36	1.0805289e+03
1	2	13	37	1.0865531e+03
1	2	13	38	1.0292048e+03
1	2	13	39	1.0953430e+03
1	2	13	40	1.1073080e+03
1	2	13	41	1.1352040e+03
1	2	13	42	1.1240918e+03
1	2	13	43	1.0136782e+03
1	2	13	44	1.1566167e+03
1	2	13	45	1.1138284e+03
1	2	13	46	1.0826642e+03
1	2	13	47	1.1493450e+03
1	2	13	48	1.1905588e+03
1	2	13	49	1.0997170e+03
1	2	13	50	1.2104008e+03
1	2	13	51	1.6827661e+03
1	2	13	52	1.6703185e+03
1	2	13	53	1.3648707e+03
1	2	13	54	1.4031305e+03
1	2	13	55	1.4150525e+03
1	2	13	56	1.5384623e+03
1	2	13	57	1.5022279e+03
1	2	13	58	1.3308901e+03
1	2	13	59	1.3417888e+03
1	2	13	60	1.3713323e+03
1	2	13	61	1.2536632e+03
1	2	13	62	1.3466893e+03
1	2	13	63	1.4790419e+03
1	2	14	0	5.8529181e+02
1	2	14	1	3.8470892e+02
1	2	14	2	5.1426917e+02
1	2	14	3	5.1645868e+02
1	2	14	4	3.7347894e+02
1	2	14	5	3.1223215e+02
1	2	14	6	4.1833185e+02
1	2	14	7	5.1152988e+02
1	2	14	8	4.7121707e+02
1	2	14	9	6.1714447e+02
1	2	14	10	3.6492889e+02
1	2	14	11	4.9379297e+02
1	2	14	12	4.7032416e+02
1	2	14	13	3.9761554e+02
1	2	14	14	4.7267764e+02
1	2	14	15	4.3592728e+02
1	2	14	16	2.9163626e+02
1	2	14	17	2.9632224e+02
1	2	14	18	3.8303534e+02
1	2	14	19	3.1134744e+02
1	2	14	20	5.4280878e+02
1	2	14	21	3.7899500e+02
1	2	14	22	3.2659238e+02
1	2	14	23	3.4304010e+02
1	2	14	24	2.6032114e+02
1	2	14	25	2.8892065e+02
1	2	14	26	3.2381790e+02
1	2	14	27	2.7868527e+02
1	2	14	28	2.8005081e+02
1	2	14	29	2.4344420e+02
1	2	14	30	3.0567996e+02
1	2	14	31	2.6797626e+02
1	2	14	32	2.3174896e+02
1	2	14	33	2.2501730e+02
1	2	14	34	8.5335773e+02
1	2	14	35	9.9761108e+02
1	2	14	36	1.0077924e+03
1	2	14	37	9.8429547e+02
1	2	14	38	9.4886511e+02
1	2	14	39	9.4636603e+02
1	2	14	40	9.6715173e+02
1	2	14	41	8.6291681e+02
1	2	14	42	9.1456268e+02
1	2	14	43	1.0130836e+03
1	2	14	44	1.0192742e+03
1	2	14	45	8.8476294e+02
1	2	14	46	9.4973914e+02
1	2	14	47	9.5317358e+02
1	2	14	48	9.1217853e+02
1	2	14	49	9.9191437e+02
1	2	14	50	1.0205009e+03
1	2	14	51	1.6084922e+03
1	2	14	52	1.4831936e+03
1	2	14	53	1.1520209e+03
1	2	14	54	1.2627509e+03
1	2	14	55	1.1597928e+03
1	2	14	56	1.2915392e+03
1	2	14	57	1.4042020e+03
1	2	14	58	1.3620675e+03
1	2	14	59	1.2568369e+03
1	2	14	60	1.1321470e+03
1	2	14	61	1.1477493e+03
1	2	14	62	1.3558120e+03
1	2	14	63	1.1958016e+03
1	2	15	0	6.0735815e+02
1	2	15	1	5.8792377e+02
1	2	15	2	5.6584119e+02
1	2	15	3	5.5849500e+02
1	2	15	4	5.8955164e+02
1	2	15	5	6.2007977e+02
1	2	15	6	5.4271423e+02
1	2	15	7	5.0758020e+02
1	2	15	8	5.4999652e+02
1	2	15	9	6.1496185e+02
1	2	15	10	5.0157324e+02
1	2	15	11	5.7669739e+02
1	2	15	12	4.2258109e+02
1	2	15	13	5.0065375e+02
1	2	15	14	5.8093079e+02
1	2	15	15	4.4873129e+02
1	2	15	16	5.2030377e+02
1	2	15	17	4.3945819e+02
1	2	15	18	3.6238156e+02
1	2	15	19	4.5974570e+02
1	2	15	20	3.6853516e+02
1	2	15	21	4.5710959e+02
1	2	15	22	4.1128891e+02
1	2	15	23	5.9281348e+02
1	2	15	24	4.1897043e+02
1	2	15	25	5.3201740e+02
1	2	15	26	4.3941037e+02
1	2	15	27	4.3949274e+02
1	2	15	28	4.6250134e+02
1	2	15	29	5.0624554e+02
1	2	15	30	4.5243326e+02
1	2	15	31	3.8449673e+02
1	2	15	32	3.6150247e+02
1	2	15	33	5.2743011e+02
1	2	15	34	1.0831853e+03
1	2	15	35	1.0596532e+03
1	2	15	36	1.2689193e+03
1	2	15	37	1.2474016e+03
1	2	15	38	1.1641971e+03
1	2	15	39	1.1312192e+03
1	2	15	40	1.2518075e+03
1	2	15	41	1.1761039e+03
1	2	15	42	1.2036298e+03
1	2	15	43	1.1306206e+03
1	2	15	44	1.2189159e+03
1	2	15	45	1.2264094e+03
1	2	15	46	1.2799158e+03
1	2	15	47	1.3549287e+03
1	2	15	48	1.2699005e+03
1	2	15	49	1.1206428e+03
1	2	15	50	1.1753831e+03
1	2	15	51	1.8747528e+03
1	2	15	52	1.9143298e+03
1	2	15	53	1.4438538e+03
1	2	15	54	1.4685334e+03
1	2	15	55	1.5334485e+03
1	2	15	56	1.6558118e+03
1	2	15	57	1.6376420e+03
1	2	15	58	1.4881774e+03
1	2	15	59	1.4559702e+03
1	2	15	60	1.6176233e+03
1	2	15	61	1.4117773e+03
1	2	15	62	1.5196932e+03
1	2	15	63	1.6294734e+03
