0	0	0	0	5.3015366e+01
0	0	0	1	-7.6939980e+01
0	0	0	2	1.3303511e+02
0	0	0	3	-4.9586418e+01
0	0	0	4	-2.5836700e+01
0	0	0	5	-3.4033062e+01
0	0	0	6	1.6039906e+01
0	0	0	7	-1.0830486e+01
0	0	0	8	-3.2477028e+01
0	0	0	9	1.2261496e+02
0	0	0	10	-3.8770744e+01
0	0	0	11	6.5540482e+01
0	0	0	12	-1.6827814e+02
0	0	0	13	-7.6552193e+01
0	0	0	14	-7.5888947e+01
0	0	0	15	2.3032186e+00
0	0	0	16	-1.7099002e+02
0	0	0	17	-2.3262651e+02
0	0	0	18	-9.3345573e+01
0	0	0	19	-2.3892915e+02
0	0	0	20	-1.7039062e+02
0	0	0	21	-1.4804817e+02
0	0	0	22	-2.3037614e+02
0	0	0	23	-1.3996016e+02
0	0	0	24	-1.7924734e+02
0	0	0	25	-1.1759811e+02
0	0	0	26	-2.0727011e+02
0	0	0	27	-1.8471626e+02
0	0	0	28	-1.3864655e+02
0	0	0	29	-1.7759825e+02
0	0	0	30	-1.4349567e+02
0	0	0	31	-1.1162460e+02
0	0	0	32	-1.4152675e+02
0	0	0	33	-2.0963646e+02
0	0	0	34	6.3312738e+02
0	0	0	35	5.7635205e+02
0	0	0	36	5.8777374e+02
0	0	0	37	5.5028601e+02
0	0	0	38	5.5622968e+02
0	0	0	39	6.8817981e+02
0	0	0	40	5.4646619e+02
0	0	0	41	6.0336780e+02
0	0	0	42	7.0834552e+02
0	0	0	43	6.7932300e+02
0	0	0	44	7.0887799e+02
0	0	0	45	6.3716852e+02
0	0	0	46	7.4788129e+02
0	0	0	47	6.7649963e+02
0	0	0	48	6.9235016e+02
0	0	0	49	5.7773328e+02
0	0	0	50	6.3383820e+02
0	0	0	51	1.2261311e+03
0	0	0	52	1.2813517e+03
0	0	0	53	8.0880627e+02
0	0	0	54	8.6539160e+02
0	0	0	55	9.1944806e+02
0	0	0	56	1.1472030e+03
0	0	0	57	1.0269896e+03
0	0	0	58	9.3105731e+02
0	0	0	59	8.5525421e+02
0	0	0	60	9.5965686e+02
0	0	0	61	7.2708234e+02
0	0	0	62	8.3132318e+02
0	0	0	63	9.6300647e+02
0	0	1	0	3.1789722e+02
0	0	1	1	2.2159933e+02
0	0	1	2	1.4153616e+02
0	0	1	3	1.4471347e+02
0	0	1	4	1.0720555e+02
0	0	1	5	3.0460916e+02
0	0	1	6	1.3719379e+02
0	0	1	7	2.0817268e+02
0	0	1	8	9.3012787e+01
0	0	1	9	1.6672316e+02
0	0	1	10	2.4400444e+02
0	0	1	11	1.0573069e+02
0	0	1	12	9.6437683e+01
0	0	1	13	1.8822089e+02
0	0	1	14	4.8963741e+01
0	0	1	15	1.0076701e+02
0	0	1	16	9.1918007e+01
0	0	1	17	1.8653606e+02
0	0	1	18	1.9935477e+02
0	0	1	19	1.9114087e+02
0	0	1	20	6.9001694e+01
0	0	1	21	7.4164139e+01
0	0	1	22	6.9978294e+01
0	0	1	23	8.6042778e+01
0	0	1	24	1.2011610e+02
0	0	1	25	1.1596972e+02
0	0	1	26	-2.7583881e+01
0	0	1	27	9.1693314e+01
0	0	1	28	5.9857311e+01
0	0	1	29	1.7412270e+01
0	0	1	30	1.2843106e+02
0	0	1	31	1.5386179e+01
0	0	1	32	2.2480038e+01
0	0	1	33	1.5216456e+01
0	0	1	34	6.5356226e+02
0	0	1	35	6.3192090e+02
0	0	1	36	6.9024231e+02
0	0	1	37	6.5789392e+02
0	0	1	38	8.1334955e+02
0	0	1	39	6.2687030e+02
0	0	1	40	7.2605682e+02
0	0	1	41	6.3156732e+02
0	0	1	42	7.0177765e+02
0	0	1	43	6.6224005e+02
0	0	1	44	6.5495734e+02
0	0	1	45	6.9553552e+02
0	0	1	46	6.9566302e+02
0	0	1	47	6.2693359e+02
0	0	1	48	6.6409192e+02
0	0	1	49	5.7140070e+02
0	0	1	50	7.1583069e+02
0	0	1	51	1.3429104e+03
0	0	1	52	1.2965992e+03
0	0	1	53	8.8118176e+02
0	0	1	54	9.5149213e+02
0	0	1	55	8.9371912e+02
0	0	1	56	1.0699033e+03
0	0	1	57	1.0629651e+03
0	0	1	58	1.0158311e+03
0	0	1	59	9.5380157e+02
0	0	1	60	9.9636194e+02
0	0	1	61	9.8795819e+02
0	0	1	62	1.0085137e+03
0	0	1	63	1.0376604e+03
0	0	2	0	2.9100845e+02
0	0	2	1	1.6801714e+02
0	0	2	2	2.4821721e+02
0	0	2	3	2.5802145e+02
0	0	2	4	2.0925061e+02
0	0	2	5	2.2876335e+02
0	0	2	6	2.6767947e+02
0	0	2	7	2.6723285e+02
0	0	2	8	2.0835092e+02
0	0	2	9	4.2136804e+02
0	0	2	10	1.6145520e+02
0	0	2	11	2.2160002e+02
0	0	2	12	8.3727425e+01
0	0	2	13	1.3832188e+02
0	0	2	14	2.0734109e+02
0	0	2	15	2.3178448e+02
0	0	2	16	1.1837949e+02
0	0	2	17	6.8311401e+01
0	0	2	18	2.5659407e+01
0	0	2	19	4.9657360e+01
0	0	2	20	5.4424034e+01
0	0	2	21	1.2578169e+02
0	0	2	22	1.3976953e+02
0	0	2	23	1.1755872e+02
0	0	2	24	-1.3903038e+01
0	0	2	25	1.2320987e+02
0	0	2	26	2.3183771e+02
0	0	2	27	1.1392715e+02
0	0	2	28	7.0379066e+01
0	0	2	29	1.3666069e+02
0	0	2	30	1.6951694e+02
0	0	2	31	8.8745529e+01
0	0	2	32	7.4375015e+01
0	0	2	33	9.8175476e+01
0	0	2	34	7.2095142e+02
0	0	2	35	7.7867126e+02
0	0	2	36	8.3588788e+02
0	0	2	37	7.9878796e+02
0	0	2	38	7.5120703e+02
0	0	2	39	7.5547058e+02
0	0	2	40	7.9703900e+02
0	0	2	41	7.3982574e+02
0	0	2	42	8.2793549e+02
0	0	2	43	8.4739044e+02
0	0	2	44	7.6211768e+02
0	0	2	45	7.8386389e+02
0	0	2	46	8.1755164e+02
0	0	2	47	8.0656287e+02
0	0	2	48	8.7997211e+02
0	0	2	49	8.8224994e+02
0	0	2	50	7.8793878e+02
0	0	2	51	1.4936727e+03
0	0	2	52	1.4720142e+03
0	0	2	53	1.0888634e+03
0	0	2	54	1.2469376e+03
0	0	2	55	1.1081868e+03
0	0	2	56	1.3252633e+03
0	0	2	57	1.1921002e+03
0	0	2	58	1.1300731e+03
0	0	2	59	1.0906545e+03
0	0	2	60	1.2219299e+03
0	0	2	61	1.0650359e+03
0	0	2	62	1.0728433e+03
0	0	2	63	1.1996516e+03
0	0	3	0	2.3214034e+02
0	0	3	1	3.9613091e+01
0	0	3	2	5.9348936e+00
0	0	3	3	-3.3635273e+01
0	0	3	4	-2.9057108e+01
0	0	3	5	5.9975235e+01
0	0	3	6	-2.4952034e+01
0	0	3	7	1.0580689e+01
0	0	3	8	-1.0418507e+00
0	0	3	9	-7.3511662e+00
0	0	3	10	2.4046829e+01
0	0	3	11	-3.4352646e+01
0	0	3	12	-5.9644112e+01
0	0	3	13	-3.8865276e+01
0	0	3	14	-4.9049458e+01
0	0	3	15	2.8001070e+01
0	0	3	16	-4.6335155e+01
0	0	3	17	9.0282583e-01
0	0	3	18	-9.7565079e+01
0	0	3	19	-3.2063129e+01
0	0	3	20	-1.7984836e+02
0	0	3	21	-1.6731560e+02
0	0	3	22	-7.5484764e+01
0	0	3	23	-1.1814545e+01
0	0	3	24	-2.4400298e+02
0	0	3	25	-1.7345476e+02
0	0	3	26	-1.8246916e+02
0	0	3	27	-1.1512693e+02
0	0	3	28	-2.0973552e+02
0	0	3	29	-2.4249203e+02
0	0	3	30	-2.5301326e+02
0	0	3	31	-2.1167944e+02
0	0	3	32	-1.8729543e+02
0	0	3	33	-2.6978784e+02
0	0	3	34	5.1098984e+02
0	0	3	35	4.0579810e+02
0	0	3	36	4.3055084e+02
0	0	3	37	3.8802835e+02
0	0	3	38	5.1733063e+02
0	0	3	39	4.1918201e+02
0	0	3	40	4.5467270e+02
0	0	3	41	4.4182986e+02
0	0	3	42	4.7146143e+02
0	0	3	43	4.3810742e+02
0	0	3	44	4.8300525e+02
0	0	3	45	3.6493790e+02
0	0	3	46	4.1875677e+02
0	0	3	47	3.2600983e+02
0	0	3	48	3.4409933e+02
0	0	3	49	4.4248236e+02
0	0	3	50	4.2314905e+02
0	0	3	51	9.2434180e+02
0	0	3	52	1.0079676e+03
0	0	3	53	6.7580817e+02
0	0	3	54	7.2531952e+02
0	0	3	55	7.2585059e+02
0	0	3	56	8.6962012e+02
0	0	3	57	8.5957489e+02
0	0	3	58	7.4184338e+02
0	0	3	59	7.3964850e+02
0	0	3	60	6.6323193e+02
0	0	3	61	6.7732404e+02
0	0	3	62	6.6353375e+02
0	0	3	63	7.1988153e+02
0	0	4	0	-1.3912032e+02
0	0	4	1	-1.8948447e+02
0	0	4	2	-8.6316307e+01
0	0	4	3	-1.9738750e+02
0	0	4	4	-1.5869070e+02
0	0	4	5	-1.0998326e+02
0	0	4	6	-7.4321426e+01
0	0	4	7	-1.8647057e+02
0	0	4	8	-2.3358051e+02
0	0	4	9	-1.0928185e+02
0	0	4	10	-1.9658624e+02
0	0	4	11	-1.2233375e+02
0	0	4	12	-2.5837473e+02
0	0	4	13	-1.8975131e+02
0	0	4	14	-1.8822122e+02
0	0	4	15	-2.2031718e+02
0	0	4	16	-3.1185031e+02
0	0	4	17	-3.8870657e+02
0	0	4	18	-3.1000024e+02
0	0	4	19	-3.6866824e+02
0	0	4	20	-3.2940060e+02
0	0	4	21	-3.8565408e+02
0	0	4	22	-2.5912006e+02
0	0	4	23	-3.4147775e+02
0	0	4	24	-3.3103482e+02
0	0	4	25	-2.7076276e+02
0	0	4	26	-2.7801758e+02
0	0	4	27	-1.8227208e+02
0	0	4	28	-2.9611459e+02
0	0	4	29	-3.3819925e+02
0	0	4	30	-3.0197327e+02
0	0	4	31	-2.9660791e+02
0	0	4	32	-3.0895395e+02
0	0	4	33	-3.5350562e+02
0	0	4	34	4.5291965e+02
0	0	4	35	4.0918964e+02
0	0	4	36	4.2932941e+02
0	0	4	37	3.9191110e+02
0	0	4	38	4.0784723e+02
0	0	4	39	4.4396793e+02
0	0	4	40	4.2769824e+02
0	0	4	41	4.2276971e+02
0	0	4	42	4.7385706e+02
0	0	4	43	4.6641104e+02
0	0	4	44	5.9337073e+02
0	0	4	45	4.9064572e+02
0	0	4	46	5.4737909e+02
0	0	4	47	4.4547006e+02
0	0	4	48	6.3376801e+02
0	0	4	49	5.6754230e+02
0	0	4	50	4.4685873e+02
0	0	4	51	1.1902972e+03
0	0	4	52	1.1614078e+03
0	0	4	53	7.2307483e+02
0	0	4	54	7.8539429e+02
0	0	4	55	8.7459613e+02
0	0	4	56	9.3197882e+02
0	0	4	57	9.2345001e+02
0	0	4	58	7.9744165e+02
0	0	4	59	7.8259320e+02
0	0	4	60	8.0566754e+02
0	0	4	61	6.9788361e+02
0	0	4	62	6.7778674e+02
0	0	4	63	8.1585034e+02
0	0	5	0	-1.6737143e+02
0	0	5	1	-2.6745212e+02
0	0	5	2	-3.8595129e+02
0	0	5	3	-2.9958774e+02
0	0	5	4	-3.7672794e+02
0	0	5	5	-2.8119473e+02
0	0	5	6	-3.3753687e+02
0	0	5	7	-1.9903328e+02
0	0	5	8	-2.6801294e+02
0	0	5	9	-3.2063336e+02
0	0	5	10	-2.4617657e+02
0	0	5	11	-3.7154816e+02
0	0	5	12	-4.1560770e+02
0	0	5	13	-3.4653421e+02
0	0	5	14	-3.4610339e+02
0	0	5	15	-2.6777023e+02
0	0	5	16	-2.2508035e+02
0	0	5	17	-4.0150076e+02
0	0	5	18	-4.4108044e+02
0	0	5	19	-2.4489394e+02
0	0	5	20	-4.4645981e+02
0	0	5	21	-4.5468625e+02
0	0	5	22	-3.6557709e+02
0	0	5	23	-4.4746329e+02
0	0	5	24	-4.6791470e+02
0	0	5	25	-4.1854971e+02
0	0	5	26	-4.4655896e+02
0	0	5	27	-4.7181717e+02
0	0	5	28	-4.6954871e+02
0	0	5	29	-5.6852057e+02
0	0	5	30	-4.6326602e+02
0	0	5	31	-5.2659863e+02
0	0	5	32	-5.2958313e+02
0	0	5	33	-5.5050830e+02
0	0	5	34	1.0691358e+02
0	0	5	35	9.5048828e+01
0	0	5	36	1.8708347e+02
0	0	5	37	1.7263454e+02
0	0	5	38	2.1477928e+02
0	0	5	39	9.7054825e+01
0	0	5	40	1.9378528e+02
0	0	5	41	1.3655519e+02
0	0	5	42	2.1846809e+02
0	0	5	43	1.1063354e+02
0	0	5	44	2.2147345e+02
0	0	5	45	1.1663306e+02
0	0	5	46	1.4601016e+02
0	0	5	47	9.9167397e+01
0	0	5	48	1.0441446e+02
0	0	5	49	1.7984514e+02
0	0	5	50	1.8256297e+02
0	0	5	51	7.6872534e+02
0	0	5	52	8.1816113e+02
0	0	5	53	4.1196466e+02
0	0	5	54	4.5151846e+02
0	0	5	55	4.8055624e+02
0	0	5	56	6.1462738e+02
0	0	5	57	6.4059595e+02
0	0	5	58	5.2881512e+02
0	0	5	59	5.0719608e+02
0	0	5	60	4.7733420e+02
0	0	5	61	4.0101495e+02
0	0	5	62	5.3975189e+02
0	0	5	63	4.7694006e+02
0	0	6	0	-9.4727203e+01
0	0	6	1	-1.9926630e+02
0	0	6	2	-1.6665015e+02
0	0	6	3	-1.5813071e+02
0	0	6	4	-1.0657492e+02
0	0	6	5	-1.5853166e+02
0	0	6	6	-1.1703925e+02
0	0	6	7	-1.8437204e+02
0	0	6	8	-2.0748174e+02
0	0	6	9	-1.4770395e+02
0	0	6	10	-2.6067764e+02
0	0	6	11	-1.4896182e+02
0	0	6	12	-2.4804652e+02
0	0	6	13	-1.4417125e+02
0	0	6	14	-2.0716765e+02
0	0	6	15	-2.3542079e+02
0	0	6	16	-3.6609985e+02
0	0	6	17	-3.9045633e+02
0	0	6	18	-3.4999292e+02
0	0	6	19	-3.1133917e+02
0	0	6	20	-4.5644644e+02
0	0	6	21	-3.4830890e+02
0	0	6	22	-2.9722757e+02
0	0	6	23	-3.0466580e+02
0	0	6	24	-2.8100183e+02
0	0	6	25	-2.4190974e+02
0	0	6	26	-2.8284454e+02
0	0	6	27	-2.4807071e+02
0	0	6	28	-2.9150247e+02
0	0	6	29	-3.5131387e+02
0	0	6	30	-3.1482181e+02
0	0	6	31	-3.6616321e+02
0	0	6	32	-3.0619800e+02
0	0	6	33	-3.3497043e+02
0	0	6	34	3.8364804e+02
0	0	6	35	4.2102054e+02
0	0	6	36	4.5165860e+02
0	0	6	37	5.6261676e+02
0	0	6	38	4.7486127e+02
0	0	6	39	4.4970633e+02
0	0	6	40	4.2091190e+02
0	0	6	41	4.2713605e+02
0	0	6	42	6.6478693e+02
0	0	6	43	4.8025363e+02
0	0	6	44	6.6254657e+02
0	0	6	45	4.8815738e+02
0	0	6	46	8.9612616e+02
0	0	6	47	4.4178131e+02
0	0	6	48	5.4252136e+02
0	0	6	49	1.1112902e+03
0	0	6	50	5.5136108e+02
0	0	6	51	1.0599510e+03
0	0	6	52	1.1274946e+03
0	0	6	53	7.3225934e+02
0	0	6	54	7.5876868e+02
0	0	6	55	9.0359949e+02
0	0	6	56	9.5864557e+02
0	0	6	57	9.1067706e+02
0	0	6	58	7.9168182e+02
0	0	6	59	7.2648505e+02
0	0	6	60	8.6014124e+02
0	0	6	61	7.9351801e+02
0	0	6	62	7.3050488e+02
0	0	6	63	9.0418683e+02
0	0	7	0	9.0073029e+01
0	0	7	1	-1.8712051e+02
0	0	7	2	-1.8926320e+02
0	0	7	3	-1.8308734e+02
0	0	7	4	-2.5570825e+02
0	0	7	5	-8.3801338e+01
0	0	7	6	-2.4716730e+02
0	0	7	7	-1.1943790e+02
0	0	7	8	-2.3813416e+02
0	0	7	9	-2.0017001e+02
0	0	7	10	-1.1999847e+02
0	0	7	11	-3.0599899e+02
0	0	7	12	-3.5378445e+02
0	0	7	13	-1.9859995e+02
0	0	7	14	-2.6401276e+02
0	0	7	15	-1.7833878e+02
0	0	7	16	-3.2801953e+02
0	0	7	17	-2.1020193e+02
0	0	7	18	-2.8215967e+02
0	0	7	19	2.0914670e+03
0	0	7	20	-3.8245682e+02
0	0	7	21	-2.9496439e+02
0	0	7	22	-2.9580542e+02
0	0	7	23	-3.0557794e+02
0	0	7	24	-4.6812912e+02
0	0	7	25	-3.0283456e+02
0	0	7	26	-3.1921347e+02
0	0	7	27	-3.8039206e+02
0	0	7	28	-3.4717230e+02
0	0	7	29	-3.7945901e+02
0	0	7	30	-4.0999084e+02
0	0	7	31	-4.0861588e+02
0	0	7	32	-4.9002078e+02
0	0	7	33	-5.2910828e+02
0	0	7	34	1.8436514e+02
0	0	7	35	1.8819200e+02
0	0	7	36	2.2786060e+02
0	0	7	37	2.9821051e+02
0	0	7	38	2.8474695e+02
0	0	7	39	2.5139450e+02
0	0	7	40	1.4769679e+02
0	0	7	41	1.6392386e+02
0	0	7	42	2.1007309e+02
0	0	7	43	1.4373985e+02
0	0	7	44	1.8935275e+02
0	0	7	45	1.8739125e+02
0	0	7	46	2.0187350e+02
0	0	7	47	2.3539822e+02
0	0	7	48	1.2366017e+02
0	0	7	49	1.8613933e+02
0	0	7	50	2.3256581e+02
0	0	7	51	7.7532104e+02
0	0	7	52	7.0062274e+02
0	0	7	53	3.6379910e+02
0	0	7	54	4.7506598e+02
0	0	7	55	4.1943924e+02
0	0	7	56	5.3052063e+02
0	0	7	57	5.4459009e+02
0	0	7	58	4.9452905e+02
0	0	7	59	4.8272198e+02
0	0	7	60	4.1948804e+02
0	0	7	61	4.3500836e+02
0	0	7	62	4.5209518e+02
0	0	7	63	4.4182227e+02
0	0	8	0	-3.4680695e+02
0	0	8	1	-3.2033588e+02
0	0	8	2	-1.8582066e+02
0	0	8	3	-3.9474982e+02
0	0	8	4	-3.5008072e+02
0	0	8	5	-3.3318619e+02
0	0	8	6	-3.5977115e+02
0	0	8	7	-2.9859341e+02
0	0	8	8	-3.8992142e+02
0	0	8	9	-2.9973184e+02
0	0	8	10	-4.4179523e+02
0	0	8	11	-3.1431213e+02
0	0	8	12	-3.8409109e+02
0	0	8	13	-2.9758200e+02
0	0	8	14	-4.7854776e+02
0	0	8	15	-2.7171341e+02
0	0	8	16	-6.1615314e+02
0	0	8	17	-5.6534259e+02
0	0	8	18	-5.1755377e+02
0	0	8	19	-6.1949152e+02
0	0	8	20	-5.0327414e+02
0	0	8	21	-6.1512415e+02
0	0	8	22	-4.9715494e+02
0	0	8	23	-5.8047064e+02
0	0	8	24	-5.3807373e+02
0	0	8	25	-4.4681168e+02
0	0	8	26	-5.5194769e+02
0	0	8	27	-4.3115970e+02
0	0	8	28	-4.5834866e+02
0	0	8	29	-4.7303516e+02
0	0	8	30	-4.8705743e+02
0	0	8	31	-4.1454938e+02
0	0	8	32	-4.9263419e+02
0	0	8	33	-4.6127899e+02
0	0	8	34	2.5331555e+02
0	0	8	35	2.7617999e+02
0	0	8	36	2.2899455e+02
0	0	8	37	2.6336844e+02
0	0	8	38	2.2702156e+02
0	0	8	39	3.5030814e+02
0	0	8	40	2.9312704e+02
0	0	8	41	2.3728308e+02
0	0	8	42	3.3370627e+02
0	0	8	43	3.5472754e+02
0	0	8	44	3.6412210e+02
0	0	8	45	2.6404684e+02
0	0	8	46	3.3703854e+02
0	0	8	47	2.6354807e+02
0	0	8	48	3.0788861e+02
0	0	8	49	2.7434552e+02
0	0	8	50	3.3005399e+02
0	0	8	51	9.8001013e+02
0	0	8	52	8.9276996e+02
0	0	8	53	6.5494342e+02
0	0	8	54	5.3672443e+02
0	0	8	55	6.6279523e+02
0	0	8	56	7.6565442e+02
0	0	8	57	8.6829248e+02
0	0	8	58	5.2883228e+02
0	0	8	59	5.4935284e+02
0	0	8	60	6.6767572e+02
0	0	8	61	4.9862198e+02
0	0	8	62	5.3195355e+02
0	0	8	63	7.2220154e+02
0	0	9	0	-2.2053844e+02
0	0	9	1	-2.6182840e+02
0	0	9	2	-3.7064258e+02
0	0	9	3	-2.3690349e+02
0	0	9	4	-4.5358514e+02
0	0	9	5	-3.6318158e+02
0	0	9	6	-3.4456070e+02
0	0	9	7	-3.1242334e+02
0	0	9	8	-3.1596844e+02
0	0	9	9	-4.0951575e+02
0	0	9	10	-3.2758762e+02
0	0	9	11	-4.0210519e+02
0	0	9	12	-4.2567953e+02
0	0	9	13	-3.6561530e+02
0	0	9	14	-4.3169351e+02
0	0	9	15	-2.3734470e+02
0	0	9	16	-4.5838361e+02
0	0	9	17	-4.0020609e+02
0	0	9	18	-4.0708417e+02
0	0	9	19	-3.8101987e+02
0	0	9	20	-5.5664612e+02
0	0	9	21	-4.4475592e+02
0	0	9	22	-4.7913812e+02
0	0	9	23	-4.1396542e+02
0	0	9	24	-5.0196890e+02
0	0	9	25	-4.7161292e+02
0	0	9	26	-4.8620114e+02
0	0	9	27	-5.8027789e+02
0	0	9	28	-5.2139813e+02
0	0	9	29	-6.1291876e+02
0	0	9	30	-5.7296637e+02
0	0	9	31	-6.3164557e+02
0	0	9	32	-5.6490692e+02
0	0	9	33	-6.3369135e+02
0	0	9	34	8.9595261e+01
0	0	9	35	5.6587124e-01
0	0	9	36	1.2408839e+02
0	0	9	37	5.2813488e+01
0	0	9	38	1.0336039e+02
0	0	9	39	-2.3382811e+01
0	0	9	40	1.1587162e+02
0	0	9	41	-3.6443386e+01
0	0	9	42	7.2796741e+00
0	0	9	43	1.3206445e+01
0	0	9	44	7.1554199e+01
0	0	9	45	-9.9868746e+00
0	0	9	46	3.3688637e+01
0	0	9	47	7.1619110e+01
0	0	9	48	2.4901960e+01
0	0	9	49	-5.4172131e+01
0	0	9	50	1.2801593e+02
0	0	9	51	6.7974957e+02
0	0	9	52	7.0002368e+02
0	0	9	53	3.0529141e+02
0	0	9	54	3.1192114e+02
0	0	9	55	2.5021819e+02
0	0	9	56	4.6601324e+02
0	0	9	57	4.6938699e+02
0	0	9	58	4.0740808e+02
0	0	9	59	3.6482355e+02
0	0	9	60	3.0091776e+02
0	0	9	61	3.2404196e+02
0	0	9	62	3.8226392e+02
0	0	9	63	3.4773901e+02
0	0	10	0	6.6032036e+01
0	0	10	1	-4.0267548e+01
0	0	10	2	1.2563142e+02
0	0	10	3	-9.2768440e+00
0	0	10	4	8.7877121e+01
0	0	10	5	4.2910961e+01
0	0	10	6	6.0775761e+01
0	0	10	7	1.3341528e+02
0	0	10	8	4.2010063e+01
0	0	10	9	1.4338470e+02
0	0	10	10	7.2241707e+00
0	0	10	11	7.1119957e+01
0	0	10	12	-4.0142834e+01
0	0	10	13	5.4320211e+00
0	0	10	14	-7.3476379e+01
0	0	10	15	-7.5271774e+01
0	0	10	16	-1.7950516e+02
0	0	10	17	-1.5055746e+02
0	0	10	18	-8.5332069e+01
0	0	10	19	-1.2821059e+02
0	0	10	20	-2.1785971e+01
0	0	10	21	-1.8587746e+02
0	0	10	22	-2.7375603e+01
0	0	10	23	-8.0207230e+01
0	0	10	24	-1.1394106e+02
0	0	10	25	-4.0757561e+01
0	0	10	26	-1.5977133e+02
0	0	10	27	9.9497490e+03
0	0	10	28	-2.9869764e+01
0	0	10	29	-8.8474579e+01
0	0	10	30	-1.0999404e+02
0	0	10	31	-7.2269028e+01
0	0	10	32	-1.1435717e+02
0	0	10	33	-1.5905669e+02
0	0	10	34	5.6646252e+02
0	0	10	35	5.9317047e+02
0	0	10	36	6.7872137e+02
0	0	10	37	6.5662964e+02
0	0	10	38	5.9872083e+02
0	0	10	39	6.8386591e+02
0	0	10	40	6.7689038e+02
0	0	10	41	7.1481097e+02
0	0	10	42	6.8463330e+02
0	0	10	43	7.0523700e+02
0	0	10	44	7.7425806e+02
0	0	10	45	6.4780890e+02
0	0	10	46	7.4032996e+02
0	0	10	47	6.0160803e+02
0	0	10	48	6.9232562e+02
0	0	10	49	7.1011823e+02
0	0	10	50	7.5288971e+02
0	0	10	51	1.3729637e+03
0	0	10	52	1.3050236e+03
0	0	10	53	9.0611047e+02
0	0	10	54	8.5208704e+02
0	0	10	55	1.0040416e+03
0	0	10	56	1.1226885e+03
0	0	10	57	1.0403059e+03
0	0	10	58	1.0268125e+03
0	0	10	59	9.3795239e+02
0	0	10	60	1.0015674e+03
0	0	10	61	8.2407971e+02
0	0	10	62	8.5528223e+02
0	0	10	63	9.9571606e+02
0	0	11	0	1.2775195e+02
0	0	11	1	-7.8209435e+01
0	0	11	2	-3.5769512e+01
0	0	11	3	4.4791019e+01
0	0	11	4	-3.9382565e+01
0	0	11	5	5.3960243e+01
0	0	11	6	2.4582651e+01
0	0	11	7	9.4857170e+01
0	0	11	8	-1.9014456e+01
0	0	11	9	-7.3178459e+01
0	0	11	10	-3.4618324e+01
0	0	11	11	-6.2179371e+01
0	0	11	12	-1.7976875e+02
0	0	11	13	-9.9088066e+01
0	0	11	14	-1.9259746e+02
0	0	11	15	-9.9021454e+00
0	0	11	16	-1.4962326e+02
0	0	11	17	-1.2530564e+02
0	0	11	18	-1.2638322e+02
0	0	11	19	-1.2784502e+02
0	0	11	20	-1.8477216e+02
0	0	11	21	-1.5599677e+02
0	0	11	22	-1.0670997e+02
0	0	11	23	-1.6658105e+02
0	0	11	24	-1.7997772e+02
0	0	11	25	-2.3628810e+02
0	0	11	26	-2.2197520e+02
0	0	11	27	-1.4875397e+02
0	0	11	28	-1.2707966e+02
0	0	11	29	-2.0647707e+02
0	0	11	30	-2.0622581e+02
0	0	11	31	-1.9405325e+02
0	0	11	32	-2.1251422e+02
0	0	11	33	-2.6590610e+02
0	0	11	34	5.1202521e+02
0	0	11	35	4.8486618e+02
0	0	11	36	6.0195563e+02
0	0	11	37	5.0036169e+02
0	0	11	38	6.2374420e+02
0	0	11	39	4.5601593e+02
0	0	11	40	5.6706665e+02
0	0	11	41	5.5378149e+02
0	0	11	42	4.8921317e+02
0	0	11	43	5.2122406e+02
0	0	11	44	5.1293903e+02
0	0	11	45	4.7478281e+02
0	0	11	46	4.3024301e+02
0	0	11	47	4.1142065e+02
0	0	11	48	3.8287848e+02
0	0	11	49	4.2316492e+02
0	0	11	50	5.2525977e+02
0	0	11	51	1.0309261e+03
0	0	11	52	1.1304229e+03
0	0	11	53	6.8498224e+02
0	0	11	54	6.4790924e+02
0	0	11	55	7.7796399e+02
0	0	11	56	8.3604779e+02
0	0	11	57	8.7840497e+02
0	0	11	58	8.2003821e+02
0	0	11	59	7.4987958e+02
0	0	11	60	7.0205609e+02
0	0	11	61	6.7110596e+02
0	0	11	62	7.4816370e+02
0	0	11	63	7.0023639e+02
0	0	12	0	2.8924081e+02
0	0	12	1	1.7929796e+02
0	0	12	2	2.2855745e+02
0	0	12	3	2.5031631e+02
0	0	12	4	1.9361716e+02
0	0	12	5	2.3980495e+02
0	0	12	6	1.5962299e+02
0	0	12	7	2.5415109e+02
0	0	12	8	1.9112958e+02
0	0	12	9	3.2055969e+02
0	0	12	10	1.1086020e+02
0	0	12	11	2.9454605e+02
0	0	12	12	1.2712614e+02
0	0	12	13	2.0646298e+02
0	0	12	14	1.3994528e+02
0	0	12	15	2.2698994e+02
0	0	12	16	-5.3816402e+01
0	0	12	17	2.3704824e+01
0	0	12	18	1.7692039e+02
0	0	12	19	9.2540558e+01
0	0	12	20	-2.7364264e+01
0	0	12	21	-1.6922840e+01
0	0	12	22	3.5155842e+01
0	0	12	23	6.5885147e+01
0	0	12	24	4.2780277e+01
0	0	12	25	2.0929732e+02
0	0	12	26	4.5470779e+01
0	0	12	27	1.2242464e+02
0	0	12	28	6.5154045e+01
0	0	12	29	3.1689579e+01
0	0	12	30	1.4059304e+01
0	0	12	31	4.8543667e+01
0	0	12	32	2.0699371e+01
0	0	12	33	-1.1046209e+01
0	0	12	34	8.4138232e+02
0	0	12	35	7.8528741e+02
0	0	12	36	7.7503082e+02
0	0	12	37	8.8538684e+02
0	0	12	38	8.3488806e+02
0	0	12	39	7.9053894e+02
0	0	12	40	8.9637720e+02
0	0	12	41	7.8053284e+02
0	0	12	42	9.7796844e+02
0	0	12	43	9.1474744e+02
0	0	12	44	1.0673606e+03
0	0	12	45	8.2937512e+02
0	0	12	46	9.1966296e+02
0	0	12	47	8.6110046e+02
0	0	12	48	9.1945532e+02
0	0	12	49	8.9346936e+02
0	0	12	50	9.1372766e+02
0	0	12	51	1.5594407e+03
0	0	12	52	1.5869230e+03
0	0	12	53	1.1478528e+03
0	0	12	54	1.1578942e+03
0	0	12	55	1.2684489e+03
0	0	12	56	1.2988617e+03
0	0	12	57	1.3746118e+03
0	0	12	58	1.1537097e+03
0	0	12	59	1.1831455e+03
0	0	12	60	1.2508191e+03
0	0	12	61	1.1116782e+03
0	0	12	62	1.1410767e+03
0	0	12	63	1.3169301e+03
0	0	13	0	1.8790335e+02
0	0	13	1	6.9242775e+01
0	0	13	2	1.0505851e+01
0	0	13	3	4.1916771e+01
0	0	13	4	3.2451870e+01
0	0	13	5	1.1666469e+02
0	0	13	6	4.0996674e+01
0	0	13	7	1.7961046e+02
0	0	13	8	4.5783676e+01
0	0	13	9	9.5328224e+01
0	0	13	10	1.4383243e+02
0	0	13	11	7.1481201e+01
0	0	13	12	3.5432281e+01
0	0	13	13	1.1218987e+02
0	0	13	14	-6.3568406e+00
0	0	13	15	1.1880884e+02
0	0	13	16	-5.6231571e+01
0	0	13	17	-4.9780510e+01
0	0	13	18	-7.2796707e+01
0	0	13	19	-1.7704344e+01
0	0	13	20	-1.8850592e+02
0	0	13	21	-8.0069702e+01
0	0	13	22	-3.4236134e+01
0	0	13	23	-4.3505810e+01
0	0	13	24	-8.2587608e+01
0	0	13	25	-7.6155014e-02
0	0	13	26	-1.3704166e+02
0	0	13	27	-5.9462372e+01
0	0	13	28	-7.9693705e-01
0	0	13	29	-8.5141808e+01
0	0	13	30	-9.3823593e+01
0	0	13	31	-1.8639597e+02
0	0	13	32	-1.5016643e+02
0	0	13	33	-1.0644888e+02
0	0	13	34	6.0426807e+02
0	0	13	35	5.5867542e+02
0	0	13	36	5.1049603e+02
0	0	13	37	6.0353485e+02
0	0	13	38	6.1811774e+02
0	0	13	39	5.9376605e+02
0	0	13	40	6.5830872e+02
0	0	13	41	5.1743829e+02
0	0	13	42	6.0626306e+02
0	0	13	43	5.9843921e+02
0	0	13	44	6.2623370e+02
0	0	13	45	5.9993329e+02
0	0	13	46	6.0516248e+02
0	0	13	47	5.2278009e+02
0	0	13	48	5.5982855e+02
0	0	13	49	5.3630389e+02
0	0	13	50	7.3346545e+02
0	0	13	51	1.2237526e+03
0	0	13	52	5.2561493e+02
0	0	13	53	8.0527582e+02
0	0	13	54	8.5813953e+02
0	0	13	55	1.6991257e+03
0	0	13	56	1.1051268e+03
0	0	13	57	1.0598400e+03
0	0	13	58	1.0155906e+03
0	0	13	59	9.0182874e+02
0	0	13	60	8.6106268e+02
0	0	13	61	8.6983887e+02
0	0	13	62	8.7396741e+02
0	0	13	63	8.3884613e+02
0	0	14	0	3.4148355e+02
0	0	14	1	2.8094516e+02
0	0	14	2	2.1601587e+02
0	0	14	3	3.4620505e+02
0	0	14	4	2.2192920e+02
0	0	14	5	2.1178838e+02
0	0	14	6	1.9468797e+02
0	0	14	7	2.1318045e+02
0	0	14	8	1.4772971e+02
0	0	14	9	2.8097702e+02
0	0	14	10	1.0333092e+02
0	0	14	11	2.2043489e+02
0	0	14	12	9.2598099e+01
0	0	14	13	1.7240524e+02
0	0	14	14	9.8907127e+01
0	0	14	15	1.8955760e+02
0	0	14	16	6.1380157e+01
0	0	14	17	9.9999184e+01
0	0	14	18	4.2956230e+01
0	0	14	19	1.4364090e+02
0	0	14	20	8.3920914e+01
0	0	14	21	1.5451828e+02
0	0	14	22	9.1173347e+01
0	0	14	23	1.6725916e+02
0	0	14	24	5.1188816e+01
0	0	14	25	4.4842270e+01
0	0	14	26	1.0044610e+02
0	0	14	27	1.7767177e+02
0	0	14	28	1.5693175e+02
0	0	14	29	1.5907266e+02
0	0	14	30	1.4969511e+02
0	0	14	31	1.0376959e+02
0	0	14	32	3.8065804e+01
0	0	14	33	1.8022621e+02
0	0	14	34	6.5619495e+02
0	0	14	35	6.8446759e+02
0	0	14	36	8.2254865e+02
0	0	14	37	6.8426373e+02
0	0	14	38	6.7575519e+02
0	0	14	39	7.5623303e+02
0	0	14	40	7.3113507e+02
0	0	14	41	8.1700439e+02
0	0	14	42	7.6311322e+02
0	0	14	43	7.5426855e+02
0	0	14	44	8.5871222e+02
0	0	14	45	7.8419055e+02
0	0	14	46	7.6002734e+02
0	0	14	47	8.4296997e+02
0	0	14	48	7.9765637e+02
0	0	14	49	7.8398468e+02
0	0	14	50	7.5596942e+02
0	0	14	51	1.3739396e+03
0	0	14	52	1.3610033e+03
0	0	14	53	1.0322626e+03
0	0	14	54	9.5490216e+02
0	0	14	55	1.0709728e+03
0	0	14	56	1.1896824e+03
0	0	14	57	1.2018248e+03
0	0	14	58	1.0377800e+03
0	0	14	59	1.0948835e+03
0	0	14	60	1.0114221e+03
0	0	14	61	9.7559894e+02
0	0	14	62	9.0396210e+02
0	0	14	63	1.0604409e+03
0	0	15	0	4.6227219e+02
0	0	15	1	4.1840118e+02
0	0	15	2	3.3359500e+02
0	0	15	3	2.6538583e+02
0	0	15	4	2.2337785e+02
0	0	15	5	3.8875388e+02
0	0	15	6	2.5895013e+02
0	0	15	7	3.9570978e+02
0	0	15	8	3.0947369e+02
0	0	15	9	3.7847824e+02
0	0	15	10	3.3953171e+02
0	0	15	11	2.9791751e+02
0	0	15	12	2.1121832e+02
0	0	15	13	2.4829628e+02
0	0	15	14	2.8730396e+02
0	0	15	15	3.4799930e+02
0	0	15	16	2.7234436e+02
0	0	15	17	2.5212828e+02
0	0	15	18	1.2889160e+02
0	0	15	19	9.9497490e+03
0	0	15	20	1.5092865e+02
0	0	15	21	1.6252016e+02
0	0	15	22	2.1726256e+02
0	0	15	23	2.0658075e+02
0	0	15	24	2.1595753e+02
0	0	15	25	1.9242448e+02
0	0	15	26	1.0014433e+02
0	0	15	27	1.3729303e+02
0	0	15	28	2.8242221e+02
0	0	15	29	1.7012941e+02
0	0	15	30	1.6342122e+02
0	0	15	31	1.2674924e+02
0	0	15	32	2.2643768e+02
0	0	15	33	1.5997322e+02
0	0	15	34	7.9507544e+02
0	0	15	35	7.1808716e+02
0	0	15	36	8.3903870e+02
0	0	15	37	8.2857153e+02
0	0	15	38	8.5276996e+02
0	0	15	39	8.3530548e+02
0	0	15	40	9.1756836e+02
0	0	15	41	7.9129620e+02
0	0	15	42	8.5148401e+02
0	0	15	43	7.6747858e+02
0	0	15	44	8.2963416e+02
0	0	15	45	6.6432166e+02
0	0	15	46	7.3522791e+02
0	0	15	47	8.0448987e+02
0	0	15	48	8.3560895e+02
0	0	15	49	7.5048932e+02
0	0	15	50	9.3147473e+02
0	0	15	51	1.5796774e+03
0	0	15	52	1.5312498e+03
0	0	15	53	1.1344377e+03
0	0	15	54	1.1148795e+03
0	0	15	55	1.1345188e+03
0	0	15	56	1.4272589e+03
0	0	15	57	1.3379802e+03
0	0	15	58	1.1995345e+03
0	0	15	59	1.1569749e+03
0	0	15	60	1.1549667e+03
0	0	15	61	1.2050292e+03
0	0	15	62	1.1924146e+03
0	0	15	63	1.1745034e+03
0	1	0	0	-6.0510992e+02
0	1	0	1	-5.6406134e+02
0	1	0	2	-4.3670627e+02
0	1	0	3	-5.9666107e+02
0	1	0	4	-5.0323288e+02
0	1	0	5	-4.8799182e+02
0	1	0	6	-5.6304413e+02
0	1	0	7	-6.0617474e+02
0	1	0	8	-5.5354706e+02
0	1	0	9	-4.7782318e+02
0	1	0	10	-6.1377637e+02
0	1	0	11	-4.5520010e+02
0	1	0	12	-5.7942773e+02
0	1	0	13	-5.2508234e+02
0	1	0	14	-6.0684473e+02
0	1	0	15	-5.2980188e+02
0	1	0	16	-8.8050262e+02
0	1	0	17	-7.5266620e+02
0	1	0	18	-7.8525293e+02
0	1	0	19	-8.2539929e+02
0	1	0	20	-8.3055273e+02
0	1	0	21	-7.5374854e+02
0	1	0	22	-7.0676733e+02
0	1	0	23	-7.7871106e+02
0	1	0	24	-7.0286505e+02
0	1	0	25	-7.1918634e+02
0	1	0	26	-7.6561438e+02
0	1	0	27	-6.3871039e+02
0	1	0	28	-7.8766394e+02
0	1	0	29	-7.3017487e+02
0	1	0	30	-6.5927649e+02
0	1	0	31	-6.6215192e+02
0	1	0	32	-7.0842767e+02
0	1	0	33	-6.6263623e+02
0	1	0	34	-4.4887821e+01
0	1	0	35	6.7022797e+01
0	1	0	36	3.2429241e+01
0	1	0	37	1.5529608e+02
0	1	0	38	-1.8694614e+01
0	1	0	39	2.9780024e+01
0	1	0	40	-7.6768465e+00
0	1	0	41	3.2026150e+01
0	1	0	42	1.4800378e+02
0	1	0	43	1.5111864e+02
0	1	0	44	1.6004086e+02
0	1	0	45	5.1005276e+01
0	1	0	46	1.8679842e+02
0	1	0	47	1.7388737e+02
0	1	0	48	4.9224392e+01
0	1	0	49	1.6304147e+02
0	1	0	50	1.2616035e+02
0	1	0	51	7.0659802e+02
0	1	0	52	7.2735931e+02
0	1	0	53	3.6413528e+02
0	1	0	54	2.9702396e+02
0	1	0	55	4.3583139e+02
0	1	0	56	6.1720911e+02
0	1	0	57	5.4658118e+02
0	1	0	58	3.7187357e+02
0	1	0	59	2.6602374e+02
0	1	0	60	3.7626202e+02
0	1	0	61	2.9463748e+02
0	1	0	62	2.9186951e+02
0	1	0	63	4.5708386e+02
0	1	1	0	-4.7968057e+02
0	1	1	1	-6.0580518e+02
0	1	1	2	-6.8482361e+02
0	1	1	3	-6.1581018e+02
0	1	1	4	-7.2437061e+02
0	1	1	5	-5.7679950e+02
0	1	1	6	-6.6603180e+02
0	1	1	7	-5.8744189e+02
0	1	1	8	-5.5144751e+02
0	1	1	9	-6.2657330e+02
0	1	1	10	-5.7223187e+02
0	1	1	11	-7.3331470e+02
0	1	1	12	-7.5464520e+02
0	1	1	13	-6.7801874e+02
0	1	1	14	-7.2982410e+02
0	1	1	15	-6.6230225e+02
0	1	1	16	-7.1227075e+02
0	1	1	17	-6.7423230e+02
0	1	1	18	-7.6147754e+02
0	1	1	19	-6.0280054e+02
0	1	1	20	-7.7928381e+02
0	1	1	21	-7.3190308e+02
0	1	1	22	-7.6909381e+02
0	1	1	23	-7.0537866e+02
0	1	1	24	-8.0595569e+02
0	1	1	25	-7.2586365e+02
0	1	1	26	-8.0855109e+02
0	1	1	27	-8.3180951e+02
0	1	1	28	-7.9214941e+02
0	1	1	29	-8.2531860e+02
0	1	1	30	-9.2086554e+02
0	1	1	31	-8.6187897e+02
0	1	1	32	-9.1274713e+02
0	1	1	33	-9.1007794e+02
0	1	1	34	-1.6747894e+02
0	1	1	35	-1.8317636e+02
0	1	1	36	-1.1730283e+02
0	1	1	37	-2.3806775e+02
0	1	1	38	-6.5089920e+01
0	1	1	39	-1.1288406e+02
0	1	1	40	-2.0106871e+02
0	1	1	41	-2.3202417e+02
0	1	1	42	-1.8040572e+02
0	1	1	43	-1.6639192e+02
0	1	1	44	-1.8237642e+02
0	1	1	45	-2.8705798e+02
0	1	1	46	-2.0160390e+02
0	1	1	47	-1.9520868e+02
0	1	1	48	-2.7002448e+02
0	1	1	49	-1.7158406e+02
0	1	1	50	-1.1779430e+02
0	1	1	51	2.7916299e+02
0	1	1	52	3.7649667e+02
0	1	1	53	-5.7473244e+01
0	1	1	54	-2.1160881e+01
0	1	1	55	-5.9213551e+01
0	1	1	56	1.6350447e+02
0	1	1	57	2.2706296e+02
0	1	1	58	1.7860245e+02
0	1	1	59	4.8757584e+01
0	1	1	60	-2.3093157e+01
0	1	1	61	-1.1854066e+01
0	1	1	62	1.7025183e+01
0	1	1	63	1.0648679e+02
0	1	2	0	-1.9700325e+03
0	1	2	1	-1.7461803e+03
0	1	2	2	-1.4833966e+03
0	1	2	3	-2.1002754e+03
0	1	2	4	-1.4222277e+03
0	1	2	5	-1.5846895e+03
0	1	2	6	-1.4359078e+03
0	1	2	7	-2.0616055e+03
0	1	2	8	-1.7876021e+03
0	1	2	9	-1.2857603e+03
0	1	2	10	-1.7770785e+03
0	1	2	11	-1.4011780e+03
0	1	2	12	-1.6273276e+03
0	1	2	13	-1.5254526e+03
0	1	2	14	-2.1281943e+03
0	1	2	15	-1.8179016e+03
0	1	2	16	-2.1983845e+03
0	1	2	17	-2.0123761e+03
0	1	2	18	-2.2198633e+03
0	1	2	19	-1.9087450e+03
0	1	2	20	-2.0791238e+03
0	1	2	21	-2.2072395e+03
0	1	2	22	-1.9095018e+03
0	1	2	23	-1.8485410e+03
0	1	2	24	-1.7008517e+03
0	1	2	25	-1.6177020e+03
0	1	2	26	-1.7556080e+03
0	1	2	27	-1.3853279e+03
0	1	2	28	-1.6227927e+03
0	1	2	29	-1.5784067e+03
0	1	2	30	-1.4831542e+03
0	1	2	31	-1.5440231e+03
0	1	2	32	-1.5407296e+03
0	1	2	33	-1.3980853e+03
0	1	2	34	-7.3575677e+02
0	1	2	35	-7.1460278e+02
0	1	2	36	-7.7364484e+02
0	1	2	37	-6.2727020e+02
0	1	2	38	-7.4635712e+02
0	1	2	39	-6.3961517e+02
0	1	2	40	-6.7615375e+02
0	1	2	41	-6.3612378e+02
0	1	2	42	-5.1204987e+02
0	1	2	43	-4.7203757e+02
0	1	2	44	-3.8520389e+02
0	1	2	45	-6.1979016e+02
0	1	2	46	-4.5500403e+02
0	1	2	47	-4.7598294e+02
0	1	2	48	-4.4005969e+02
0	1	2	49	-4.7832013e+02
0	1	2	50	-6.0574725e+02
0	1	2	51	1.6787444e+02
0	1	2	52	2.2377666e+02
0	1	2	53	-2.1561903e+02
0	1	2	54	-2.2839273e+02
0	1	2	55	-1.0875660e+02
0	1	2	56	1.9567200e+01
0	1	2	57	-1.4406987e+02
0	1	2	58	-3.4451736e+02
0	1	2	59	-3.2330835e+02
0	1	2	60	-1.8444646e+02
0	1	2	61	-4.0864380e+02
0	1	2	62	-3.9183633e+02
0	1	2	63	-8.5920914e+01
0	1	3	0	-9.2335846e+02
0	1	3	1	-1.0137084e+03
0	1	3	2	-1.2616249e+03
0	1	3	3	-9.4772290e+02
0	1	3	4	-1.3208970e+03
0	1	3	5	-8.9863239e+02
0	1	3	6	-1.1437371e+03
0	1	3	7	-9.0193365e+02
0	1	3	8	-1.1205409e+03
0	1	3	9	-1.3279601e+03
0	1	3	10	-9.8024298e+02
0	1	3	11	-1.3764181e+03
0	1	3	12	-1.2631715e+03
0	1	3	13	-1.1771689e+03
0	1	3	14	-1.2431711e+03
0	1	3	15	-1.0471779e+03
0	1	3	16	-1.0670708e+03
0	1	3	17	-1.1097792e+03
0	1	3	18	-1.1275253e+03
0	1	3	19	-1.0643146e+03
0	1	3	20	-1.2343650e+03
0	1	3	21	-1.2528645e+03
0	1	3	22	-1.1312692e+03
0	1	3	23	-1.1234738e+03
0	1	3	24	-1.2663606e+03
0	1	3	25	-1.3110836e+03
0	1	3	26	-1.3610887e+03
0	1	3	27	-1.3378596e+03
0	1	3	28	-1.3080519e+03
0	1	3	29	-1.3755135e+03
0	1	3	30	-1.3581230e+03
0	1	3	31	-1.4772471e+03
0	1	3	32	-1.3855326e+03
0	1	3	33	-1.4851952e+03
0	1	3	34	-9.0497052e+02
0	1	3	35	-8.3302710e+02
0	1	3	36	-7.6297479e+02
0	1	3	37	-8.6144489e+02
0	1	3	38	-7.0428625e+02
0	1	3	39	-8.9272772e+02
0	1	3	40	-1.0887877e+03
0	1	3	41	-1.0151967e+03
0	1	3	42	-1.1227604e+03
0	1	3	43	-9.1169897e+02
0	1	3	44	-1.3723729e+03
0	1	3	45	-1.0886096e+03
0	1	3	46	-1.4411292e+03
0	1	3	47	-1.1567194e+03
0	1	3	48	-1.4530830e+03
0	1	3	49	-1.4142103e+03
0	1	3	50	-8.7375525e+02
0	1	3	51	-6.0705450e+02
0	1	3	52	-5.9631433e+02
0	1	3	53	-9.2502258e+02
0	1	3	54	-9.4560400e+02
0	1	3	55	-1.1887637e+03
0	1	3	56	-1.0217923e+03
0	1	3	57	-5.6040765e+02
0	1	3	58	-5.1728333e+02
0	1	3	59	-6.3784235e+02
0	1	3	60	-1.2531769e+03
0	1	3	61	-7.0443201e+02
0	1	3	62	-5.1388599e+02
0	1	3	63	-1.1235112e+03
0	1	4	0	-1.1450020e+03
0	1	4	1	-1.1274395e+03
0	1	4	2	-1.1737805e+03
0	1	4	3	-1.1180154e+03
0	1	4	4	-1.3652638e+03
0	1	4	5	-1.2136571e+03
0	1	4	6	-1.3956237e+03
0	1	4	7	-1.0649261e+03
0	1	4	8	-1.1929690e+03
0	1	4	9	-1.2562625e+03
0	1	4	10	-1.1794313e+03
0	1	4	11	-1.3421482e+03
0	1	4	12	-1.3149034e+03
0	1	4	13	-1.2306151e+03
0	1	4	14	-1.1278737e+03
0	1	4	15	-1.1438130e+03
0	1	4	16	-1.2555303e+03
0	1	4	17	-1.3776381e+03
0	1	4	18	-1.1595963e+03
0	1	4	19	-1.4091122e+03
0	1	4	20	-1.1767128e+03
0	1	4	21	-1.1920803e+03
0	1	4	22	-1.2245107e+03
0	1	4	23	-1.2587596e+03
0	1	4	24	-1.4410370e+03
0	1	4	25	-1.3426665e+03
0	1	4	26	-1.3769336e+03
0	1	4	27	-1.5995470e+03
0	1	4	28	-1.3699810e+03
0	1	4	29	-1.5003503e+03
0	1	4	30	-1.4560493e+03
0	1	4	31	-1.4386772e+03
0	1	4	32	-1.4727157e+03
0	1	4	33	-1.5894221e+03
0	1	4	34	-9.2752673e+02
0	1	4	35	-8.4985938e+02
0	1	4	36	-9.1446063e+02
0	1	4	37	-1.0630403e+03
0	1	4	38	-9.0141351e+02
0	1	4	39	-9.5236426e+02
0	1	4	40	-1.0323621e+03
0	1	4	41	-1.0518337e+03
0	1	4	42	-1.1840635e+03
0	1	4	43	-1.0908225e+03
0	1	4	44	-1.3392435e+03
0	1	4	45	-1.2085112e+03
0	1	4	46	-1.3768588e+03
0	1	4	47	-1.1568849e+03
0	1	4	48	-1.4331396e+03
0	1	4	49	-1.4267117e+03
0	1	4	50	-8.4646484e+02
0	1	4	51	-3.9350916e+02
0	1	4	52	-4.9629309e+02
0	1	4	53	-8.3655493e+02
0	1	4	54	-8.0059283e+02
0	1	4	55	-9.9375574e+02
0	1	4	56	-7.8974774e+02
0	1	4	57	-4.6135013e+02
0	1	4	58	-4.5894556e+02
0	1	4	59	-6.8635193e+02
0	1	4	60	-9.7942102e+02
0	1	4	61	-6.6949323e+02
0	1	4	62	-6.4208173e+02
0	1	4	63	-1.0104025e+03
0	1	5	0	-1.6907950e+03
0	1	5	1	-1.4537695e+03
0	1	5	2	-1.2750428e+03
0	1	5	3	-1.3601667e+03
0	1	5	4	-1.3855378e+03
0	1	5	5	-1.6522439e+03
0	1	5	6	-1.3278860e+03
0	1	5	7	-1.6982700e+03
0	1	5	8	-1.4726235e+03
0	1	5	9	-1.1018457e+03
0	1	5	10	-1.7351198e+03
0	1	5	11	-1.2440028e+03
0	1	5	12	-1.5453790e+03
0	1	5	13	-1.3903496e+03
0	1	5	14	-1.4138031e+03
0	1	5	15	-1.5587162e+03
0	1	5	16	-1.7713190e+03
0	1	5	17	-1.7773962e+03
0	1	5	18	-1.8653362e+03
0	1	5	19	-1.8767809e+03
0	1	5	20	-1.6666552e+03
0	1	5	21	-1.6780962e+03
0	1	5	22	-1.6684430e+03
0	1	5	23	-1.6221138e+03
0	1	5	24	-1.5005571e+03
0	1	5	25	-1.4552032e+03
0	1	5	26	-1.4550267e+03
0	1	5	27	-1.3811394e+03
0	1	5	28	-1.4784788e+03
0	1	5	29	-1.3519652e+03
0	1	5	30	-1.3718710e+03
0	1	5	31	-1.4222156e+03
0	1	5	32	-1.4371061e+03
0	1	5	33	-1.2071876e+03
0	1	5	34	-6.1348322e+02
0	1	5	35	-6.6954138e+02
0	1	5	36	-6.2385785e+02
0	1	5	37	-5.4592834e+02
0	1	5	38	-6.5176465e+02
0	1	5	39	-5.7837305e+02
0	1	5	40	-4.4798035e+02
0	1	5	41	-6.0948932e+02
0	1	5	42	-4.9251492e+02
0	1	5	43	-6.0073248e+02
0	1	5	44	-2.4702354e+02
0	1	5	45	-4.9814694e+02
0	1	5	46	-2.7068790e+02
0	1	5	47	-4.5168420e+02
0	1	5	48	-2.7506924e+02
0	1	5	49	9.2445337e+02
0	1	5	50	-4.6467969e+02
0	1	5	51	1.4580769e+02
0	1	5	52	8.4805161e+01
0	1	5	53	-2.1507201e+02
0	1	5	54	-1.9988205e+02
0	1	5	55	3.5727524e+03
0	1	5	56	1.5539450e+02
0	1	5	57	-1.0172906e+02
0	1	5	58	-3.7067584e+02
0	1	5	59	-2.6306427e+02
0	1	5	60	3.2257230e+00
0	1	5	61	-3.4239612e+02
0	1	5	62	-4.1309454e+02
0	1	5	63	2.0333675e+01
0	1	6	0	-7.6262299e+02
0	1	6	1	-9.0777307e+02
0	1	6	2	-8.6851440e+02
0	1	6	3	-7.9114490e+02
0	1	6	4	-9.5415253e+02
0	1	6	5	-9.3802863e+02
0	1	6	6	-9.2107489e+02
0	1	6	7	-7.4461206e+02
0	1	6	8	-8.8483191e+02
0	1	6	9	-8.8972192e+02
0	1	6	10	-9.0738489e+02
0	1	6	11	-8.9376770e+02
0	1	6	12	-9.1139612e+02
0	1	6	13	-9.0710254e+02
0	1	6	14	-8.0383844e+02
0	1	6	15	-8.4862000e+02
0	1	6	16	-1.0123130e+03
0	1	6	17	-1.0389487e+03
0	1	6	18	-9.2973871e+02
0	1	6	19	-9.7420123e+02
0	1	6	20	-9.4546967e+02
0	1	6	21	-9.4119098e+02
0	1	6	22	-9.5520850e+02
0	1	6	23	-9.7455304e+02
0	1	6	24	-1.0086080e+03
0	1	6	25	-1.0173418e+03
0	1	6	26	-1.0824482e+03
0	1	6	27	-1.0935066e+03
0	1	6	28	-1.0328738e+03
0	1	6	29	-9.3917755e+02
0	1	6	30	-1.0833174e+03
0	1	6	31	-1.0497797e+03
0	1	6	32	-1.1170250e+03
0	1	6	33	-1.1244283e+03
0	1	6	34	-3.9446008e+02
0	1	6	35	-3.2498337e+02
0	1	6	36	-3.6602942e+02
0	1	6	37	-3.9896198e+02
0	1	6	38	-3.7213794e+02
0	1	6	39	-4.8256268e+02
0	1	6	40	-4.4219522e+02
0	1	6	41	-4.6961517e+02
0	1	6	42	-3.5808755e+02
0	1	6	43	-4.4997949e+02
0	1	6	44	-4.3662451e+02
0	1	6	45	-4.6331662e+02
0	1	6	46	-4.4160156e+02
0	1	6	47	-4.2490717e+02
0	1	6	48	-4.4855847e+02
0	1	6	49	-5.0476288e+02
0	1	6	50	-3.9617325e+02
0	1	6	51	2.6503702e+02
0	1	6	52	1.5314293e+02
0	1	6	53	-2.5404558e+02
0	1	6	54	-2.5886337e+02
0	1	6	55	-1.6431934e+02
0	1	6	56	-3.7452099e+01
0	1	6	57	1.4671353e+01
0	1	6	58	9.7108679e+00
0	1	6	59	-1.5278168e+02
0	1	6	60	-2.2320499e+02
0	1	6	61	-9.9208000e+01
0	1	6	62	-1.3152084e+02
0	1	6	63	-1.7444655e+02
0	1	7	0	-1.0400896e+03
0	1	7	1	-1.1138568e+03
0	1	7	2	-1.0618718e+03
0	1	7	3	-1.0713929e+03
0	1	7	4	-1.1368064e+03
0	1	7	5	-1.1147230e+03
0	1	7	6	-1.0940614e+03
0	1	7	7	-1.0944014e+03
0	1	7	8	-1.1497627e+03
0	1	7	9	-1.0501342e+03
0	1	7	10	-1.1523667e+03
0	1	7	11	-1.0055403e+03
0	1	7	12	-1.1608723e+03
0	1	7	13	-1.1302878e+03
0	1	7	14	-1.2365426e+03
0	1	7	15	-1.1080640e+03
0	1	7	16	-1.3091866e+03
0	1	7	17	-1.3757052e+03
0	1	7	18	-1.3313444e+03
0	1	7	19	-1.3028992e+03
0	1	7	20	-1.2462590e+03
0	1	7	21	-1.3403259e+03
0	1	7	22	-1.3368199e+03
0	1	7	23	-1.2269534e+03
0	1	7	24	-1.2755687e+03
0	1	7	25	-1.1718832e+03
0	1	7	26	-1.2509827e+03
0	1	7	27	-1.1847675e+03
0	1	7	28	-1.2094238e+03
0	1	7	29	-1.2925259e+03
0	1	7	30	-1.1772646e+03
0	1	7	31	-1.2760552e+03
0	1	7	32	-1.2378341e+03
0	1	7	33	-1.2358580e+03
0	1	7	34	-4.3551959e+02
0	1	7	35	-4.7440366e+02
0	1	7	36	-4.2862772e+02
0	1	7	37	-3.6049088e+02
0	1	7	38	-4.0072284e+02
0	1	7	39	-4.1765588e+02
0	1	7	40	-3.4934055e+02
0	1	7	41	-3.4861761e+02
0	1	7	42	-3.4940768e+02
0	1	7	43	-4.2321634e+02
0	1	7	44	-2.9903107e+02
0	1	7	45	-3.7510519e+02
0	1	7	46	-3.0978143e+02
0	1	7	47	-2.8842029e+02
0	1	7	48	-3.0532394e+02
0	1	7	49	-3.3676102e+02
0	1	7	50	-3.1052460e+02
0	1	7	51	1.5766068e+02
0	1	7	52	2.8124069e+02
0	1	7	53	-1.0222178e+02
0	1	7	54	-7.5471970e+01
0	1	7	55	-6.6053467e+01
0	1	7	56	5.7761669e+01
0	1	7	57	-3.7455303e+01
0	1	7	58	-1.6162001e+02
0	1	7	59	-1.2205017e+02
0	1	7	60	-1.8050558e+01
0	1	7	61	-1.7839818e+02
0	1	7	62	-1.9288422e+02
0	1	7	63	-6.8544777e+01
0	1	8	0	-6.7454321e+02
0	1	8	1	-8.5004407e+02
0	1	8	2	-7.8975903e+02
0	1	8	3	-7.5909137e+02
0	1	8	4	-9.3150824e+02
0	1	8	5	-8.7356653e+02
0	1	8	6	-9.4979651e+02
0	1	8	7	-7.3625500e+02
0	1	8	8	-8.4523969e+02
0	1	8	9	-8.0566760e+02
0	1	8	10	-8.0560120e+02
0	1	8	11	-8.2542352e+02
0	1	8	12	-9.5080817e+02
0	1	8	13	-8.7380627e+02
0	1	8	14	-8.3268726e+02
0	1	8	15	-8.7233392e+02
0	1	8	16	-1.0221284e+03
0	1	8	17	-9.9185864e+02
0	1	8	18	-9.3303058e+02
0	1	8	19	-9.4319861e+02
0	1	8	20	-8.7522211e+02
0	1	8	21	-8.9476379e+02
0	1	8	22	-9.9067413e+02
0	1	8	23	-9.9337085e+02
0	1	8	24	-9.8918726e+02
0	1	8	25	-9.7850537e+02
0	1	8	26	-1.0196057e+03
0	1	8	27	-1.1116741e+03
0	1	8	28	-1.0826226e+03
0	1	8	29	-1.0773231e+03
0	1	8	30	-1.0312665e+03
0	1	8	31	-1.1381210e+03
0	1	8	32	-1.0454485e+03
0	1	8	33	-1.1350234e+03
0	1	8	34	-4.5103333e+02
0	1	8	35	-4.4389325e+02
0	1	8	36	-4.0938440e+02
0	1	8	37	-4.2964902e+02
0	1	8	38	-3.1915472e+02
0	1	8	39	-4.3775623e+02
0	1	8	40	-4.6868277e+02
0	1	8	41	-4.5973987e+02
0	1	8	42	-4.8873587e+02
0	1	8	43	-4.2198761e+02
0	1	8	44	-4.3043579e+02
0	1	8	45	-4.1096527e+02
0	1	8	46	-4.7693512e+02
0	1	8	47	-5.0571829e+02
0	1	8	48	-5.2696277e+02
0	1	8	49	-5.7039893e+02
0	1	8	50	-4.3030112e+02
0	1	8	51	2.8972894e+02
0	1	8	52	2.1756320e+02
0	1	8	53	-2.0322939e+02
0	1	8	54	-1.8649927e+02
0	1	8	55	-1.8412842e+02
0	1	8	56	-4.0518810e+01
0	1	8	57	8.0755356e+01
0	1	8	58	-1.5170103e+01
0	1	8	59	-1.2364843e+02
0	1	8	60	-2.3851289e+02
0	1	8	61	-1.4366925e+02
0	1	8	62	-5.6494553e+01
0	1	8	63	-1.5685049e+02
0	1	9	0	-1.0008718e+03
0	1	9	1	-9.5967657e+02
0	1	9	2	-9.2554803e+02
0	1	9	3	-9.1123157e+02
0	1	9	4	-9.8337231e+02
0	1	9	5	-1.0048463e+03
0	1	9	6	-9.6645746e+02
0	1	9	7	-9.5410193e+02
0	1	9	8	-9.7336737e+02
0	1	9	9	-9.1254169e+02
0	1	9	10	-1.0198228e+03
0	1	9	11	-8.5794470e+02
0	1	9	12	-1.0360555e+03
0	1	9	13	-9.5564587e+02
0	1	9	14	-1.1135457e+03
0	1	9	15	-9.9022028e+02
0	1	9	16	-1.1724312e+03
0	1	9	17	-1.1664658e+03
0	1	9	18	-1.1229091e+03
0	1	9	19	-1.0708151e+03
0	1	9	20	-1.0151586e+03
0	1	9	21	-1.0330851e+03
0	1	9	22	-1.0628136e+03
0	1	9	23	-1.1122031e+03
0	1	9	24	-1.1554711e+03
0	1	9	25	-1.0167986e+03
0	1	9	26	-1.0378448e+03
0	1	9	27	-9.9272308e+02
0	1	9	28	-1.0618865e+03
0	1	9	29	-1.0302473e+03
0	1	9	30	-1.0379910e+03
0	1	9	31	-1.1357375e+03
0	1	9	32	-1.0900178e+03
0	1	9	33	-9.6283429e+02
0	1	9	34	-3.4160992e+02
0	1	9	35	-3.8735559e+02
0	1	9	36	-3.0840457e+02
0	1	9	37	-2.2524982e+02
0	1	9	38	-3.3194318e+02
0	1	9	39	-3.0619208e+02
0	1	9	40	-1.7355721e+02
0	1	9	41	-4.0560822e+02
0	1	9	42	-1.8601564e+02
0	1	9	43	-2.3722264e+02
0	1	9	44	-1.2775030e+02
0	1	9	45	-2.5896786e+02
0	1	9	46	-9.4619537e+01
0	1	9	47	-2.6636823e+02
0	1	9	48	-2.0755130e+02
0	1	9	49	-2.1932481e+02
0	1	9	50	-2.1818520e+02
0	1	9	51	3.5682544e+02
0	1	9	52	4.0746085e+02
0	1	9	53	-2.6677860e+01
0	1	9	54	4.0110420e+01
0	1	9	55	8.1864151e+01
0	1	9	56	2.3853381e+02
0	1	9	57	2.0872301e+02
0	1	9	58	8.1818457e+00
0	1	9	59	-1.6184101e+01
0	1	9	60	1.2251722e+02
0	1	9	61	-1.0364538e+02
0	1	9	62	-8.6409027e+01
0	1	9	63	8.4330704e+01
0	1	10	0	-1.0669980e+03
0	1	10	1	-1.1766293e+03
0	1	10	2	-1.1465428e+03
0	1	10	3	-1.0550698e+03
0	1	10	4	-1.3009775e+03
0	1	10	5	-1.1985177e+03
0	1	10	6	-1.3724869e+03
0	1	10	7	-1.0543210e+03
0	1	10	8	-1.1458998e+03
0	1	10	9	-1.2226305e+03
0	1	10	10	-1.2356100e+03
0	1	10	11	-1.2366083e+03
0	1	10	12	-1.3250535e+03
0	1	10	13	-1.2455175e+03
0	1	10	14	-1.0999590e+03
0	1	10	15	-1.1780316e+03
0	1	10	16	-1.2687499e+03
0	1	10	17	-1.4082708e+03
0	1	10	18	-1.2170334e+03
0	1	10	19	-1.3632336e+03
0	1	10	20	-1.1201798e+03
0	1	10	21	-1.2064248e+03
0	1	10	22	-1.3154827e+03
0	1	10	23	-1.3454645e+03
0	1	10	24	-1.4282556e+03
0	1	10	25	-1.3362639e+03
0	1	10	26	-1.3714233e+03
0	1	10	27	-1.6007793e+03
0	1	10	28	-1.3995442e+03
0	1	10	29	-1.5110264e+03
0	1	10	30	-1.5322974e+03
0	1	10	31	-1.5167107e+03
0	1	10	32	-1.5458147e+03
0	1	10	33	-1.6382452e+03
0	1	10	34	-1.0347354e+03
0	1	10	35	-9.1404193e+02
0	1	10	36	-9.1529150e+02
0	1	10	37	-1.0586683e+03
0	1	10	38	-9.5262976e+02
0	1	10	39	-1.1256658e+03
0	1	10	40	-9.7627826e+02
0	1	10	41	-1.1058729e+03
0	1	10	42	-1.2286415e+03
0	1	10	43	-1.2025563e+03
0	1	10	44	-1.4476702e+03
0	1	10	45	-1.2178451e+03
0	1	10	46	-1.4426250e+03
0	1	10	47	-1.2242107e+03
0	1	10	48	-1.4824290e+03
0	1	10	49	-1.4916416e+03
0	1	10	50	-1.0836309e+03
0	1	10	51	-6.4010101e+02
0	1	10	52	-5.7320874e+02
0	1	10	53	-9.7709198e+02
0	1	10	54	-9.8336749e+02
0	1	10	55	-1.2012142e+03
0	1	10	56	-9.9687164e+02
0	1	10	57	-5.7121051e+02
0	1	10	58	-6.3986780e+02
0	1	10	59	-7.7939893e+02
0	1	10	60	-1.1746317e+03
0	1	10	61	-8.8691278e+02
0	1	10	62	-6.8616541e+02
0	1	10	63	-1.1099139e+03
0	1	11	0	-1.6389430e+03
0	1	11	1	-1.5007273e+03
0	1	11	2	-1.1956532e+03
0	1	11	3	-1.4959421e+03
0	1	11	4	-1.1963306e+03
0	1	11	5	-1.6980487e+03
0	1	11	6	-1.3249618e+03
0	1	11	7	-1.6966022e+03
0	1	11	8	-1.5640913e+03
0	1	11	9	-1.0907712e+03
0	1	11	10	-1.6685103e+03
0	1	11	11	-1.0684167e+03
0	1	11	12	-1.4128898e+03
0	1	11	13	-1.3558630e+03
0	1	11	14	-1.4839586e+03
0	1	11	15	-1.5545850e+03
0	1	11	16	-1.8835883e+03
0	1	11	17	-1.9222025e+03
0	1	11	18	-1.8867615e+03
0	1	11	19	-1.9147793e+03
0	1	11	20	-1.7338573e+03
0	1	11	21	-1.7390624e+03
0	1	11	22	-1.6278304e+03
0	1	11	23	-1.5784006e+03
0	1	11	24	-1.5779788e+03
0	1	11	25	-1.5513348e+03
0	1	11	26	-1.4881577e+03
0	1	11	27	-1.3579471e+03
0	1	11	28	-1.5552755e+03
0	1	11	29	-1.4358604e+03
0	1	11	30	-1.4375192e+03
0	1	11	31	-1.4196976e+03
0	1	11	32	-1.4697026e+03
0	1	11	33	-1.4123088e+03
0	1	11	34	-7.3301239e+02
0	1	11	35	-7.1959631e+02
0	1	11	36	-6.1776514e+02
0	1	11	37	-6.0031268e+02
0	1	11	38	-7.9107794e+02
0	1	11	39	-5.9960870e+02
0	1	11	40	-4.9028394e+02
0	1	11	41	-6.4739618e+02
0	1	11	42	-4.5425467e+02
0	1	11	43	-6.4251093e+02
0	1	11	44	-4.0754279e+02
0	1	11	45	-5.3300128e+02
0	1	11	46	-4.0508981e+02
0	1	11	47	-4.6064807e+02
0	1	11	48	-3.9711658e+02
0	1	11	49	-4.3603885e+02
0	1	11	50	-5.7896307e+02
0	1	11	51	5.5093430e+01
0	1	11	52	6.0744537e+01
0	1	11	53	-2.4527538e+02
0	1	11	54	-2.3499251e+02
0	1	11	55	-1.0378654e+02
0	1	11	56	-4.2071148e+01
0	1	11	57	-1.6495767e+02
0	1	11	58	-3.7529977e+02
0	1	11	59	-3.4073715e+02
0	1	11	60	-1.7470683e+02
0	1	11	61	-4.0232996e+02
0	1	11	62	-4.8068399e+02
0	1	11	63	-1.6826047e+02
0	1	12	0	-1.9718583e+03
0	1	12	1	-1.6876523e+03
0	1	12	2	-1.3300823e+03
0	1	12	3	-1.9634147e+03
0	1	12	4	-1.3957159e+03
0	1	12	5	-1.4260398e+03
0	1	12	6	-1.2977670e+03
0	1	12	7	-1.9774244e+03
0	1	12	8	-1.7563389e+03
0	1	12	9	-1.2162740e+03
0	1	12	10	-1.6920116e+03
0	1	12	11	-1.2920354e+03
0	1	12	12	-1.5784480e+03
0	1	12	13	-1.5736353e+03
0	1	12	14	-2.0473269e+03
0	1	12	15	-1.6665704e+03
0	1	12	16	-2.1577791e+03
0	1	12	17	-1.8290708e+03
0	1	12	18	-2.1257349e+03
0	1	12	19	-1.8515586e+03
0	1	12	20	-2.0836062e+03
0	1	12	21	-2.0720938e+03
0	1	12	22	-1.8274058e+03
0	1	12	23	-1.7544735e+03
0	1	12	24	-1.5656589e+03
0	1	12	25	-1.4993638e+03
0	1	12	26	-1.6871747e+03
0	1	12	27	-1.3667319e+03
0	1	12	28	-1.5844419e+03
0	1	12	29	-1.4935627e+03
0	1	12	30	-1.5552133e+03
0	1	12	31	-1.4731213e+03
0	1	12	32	-1.4337457e+03
0	1	12	33	-1.3964377e+03
0	1	12	34	-7.0716748e+02
0	1	12	35	-6.2710803e+02
0	1	12	36	-5.9787122e+02
0	1	12	37	-5.5197980e+02
0	1	12	38	-5.6878375e+02
0	1	12	39	-5.1604047e+02
0	1	12	40	-5.7898407e+02
0	1	12	41	-5.3706738e+02
0	1	12	42	-4.0607281e+02
0	1	12	43	-4.1001648e+02
0	1	12	44	-3.1353912e+02
0	1	12	45	-4.5162387e+02
0	1	12	46	-2.9050177e+02
0	1	12	47	-4.3518683e+02
0	1	12	48	-3.6258453e+02
0	1	12	49	-3.9868762e+02
0	1	12	50	-4.3167862e+02
0	1	12	51	2.0991011e+02
0	1	12	52	2.6773050e+02
0	1	12	53	-1.6636671e+02
0	1	12	54	-1.6920445e+02
0	1	12	55	-1.4846405e+02
0	1	12	56	6.9713348e+01
0	1	12	57	-9.3550583e+01
0	1	12	58	-3.8213330e+02
0	1	12	59	-2.6466568e+02
0	1	12	60	-1.7583394e+02
0	1	12	61	-2.5872046e+02
0	1	12	62	-3.8075430e+02
0	1	12	63	-4.7412144e+01
0	1	13	0	-8.9660175e+02
0	1	13	1	-9.5301770e+02
0	1	13	2	-1.2536306e+03
0	1	13	3	-1.0973557e+03
0	1	13	4	-1.2316378e+03
0	1	13	5	-9.0282617e+02
0	1	13	6	-1.1417343e+03
0	1	13	7	-9.1607812e+02
0	1	13	8	-1.0650695e+03
0	1	13	9	-1.2892461e+03
0	1	13	10	-9.9323535e+02
0	1	13	11	-1.3396979e+03
0	1	13	12	-1.1408542e+03
0	1	13	13	-1.1370098e+03
0	1	13	14	-1.2742280e+03
0	1	13	15	-1.0259744e+03
0	1	13	16	-1.1269032e+03
0	1	13	17	-1.0398608e+03
0	1	13	18	-1.0770787e+03
0	1	13	19	-1.0803743e+03
0	1	13	20	-1.1845488e+03
0	1	13	21	-1.2079576e+03
0	1	13	22	-1.0862494e+03
0	1	13	23	-1.1626813e+03
0	1	13	24	-1.1942185e+03
0	1	13	25	-1.1716747e+03
0	1	13	26	-1.2759001e+03
0	1	13	27	-1.3413776e+03
0	1	13	28	-1.1951738e+03
0	1	13	29	-1.3295704e+03
0	1	13	30	-1.4183984e+03
0	1	13	31	-1.5065638e+03
0	1	13	32	-1.3499774e+03
0	1	13	33	-1.4953472e+03
0	1	13	34	-9.0150006e+02
0	1	13	35	-8.5153394e+02
0	1	13	36	-8.4054327e+02
0	1	13	37	-9.3148517e+02
0	1	13	38	-6.1865485e+02
0	1	13	39	-9.5903534e+02
0	1	13	40	-1.1149822e+03
0	1	13	41	-1.0242046e+03
0	1	13	42	-1.0645728e+03
0	1	13	43	-9.9274091e+02
0	1	13	44	-1.3426874e+03
0	1	13	45	-1.1932393e+03
0	1	13	46	-1.3762805e+03
0	1	13	47	-1.1966975e+03
0	1	13	48	-1.4755192e+03
0	1	13	49	-1.4149254e+03
0	1	13	50	-8.8228662e+02
0	1	13	51	-5.7091400e+02
0	1	13	52	-5.9561841e+02
0	1	13	53	-8.9806036e+02
0	1	13	54	-8.2462360e+02
0	1	13	55	-1.1402234e+03
0	1	13	56	-1.0905371e+03
0	1	13	57	-5.5588293e+02
0	1	13	58	-5.5852631e+02
0	1	13	59	-7.0061328e+02
0	1	13	60	-1.2500428e+03
0	1	13	61	-7.5768921e+02
0	1	13	62	-5.2900867e+02
0	1	13	63	-1.1732932e+03
0	1	14	0	-6.8860510e+02
0	1	14	1	-7.8154761e+02
0	1	14	2	-6.5382690e+02
0	1	14	3	-7.4137054e+02
0	1	14	4	-7.2402185e+02
0	1	14	5	-7.0195551e+02
0	1	14	6	-6.7655859e+02
0	1	14	7	-7.1278705e+02
0	1	14	8	-7.4561084e+02
0	1	14	9	-5.7131726e+02
0	1	14	10	-7.7204620e+02
0	1	14	11	-5.9895062e+02
0	1	14	12	-8.6488910e+02
0	1	14	13	-7.4003729e+02
0	1	14	14	-8.2312177e+02
0	1	14	15	-8.6481604e+02
0	1	14	16	-9.3612311e+02
0	1	14	17	-9.1777905e+02
0	1	14	18	-8.8741211e+02
0	1	14	19	-9.3648016e+02
0	1	14	20	-8.9096265e+02
0	1	14	21	-8.7790765e+02
0	1	14	22	-8.4875531e+02
0	1	14	23	-8.8675049e+02
0	1	14	24	-9.4667902e+02
0	1	14	25	-7.6947736e+02
0	1	14	26	-8.8215424e+02
0	1	14	27	-7.5510126e+02
0	1	14	28	-8.4742731e+02
0	1	14	29	-7.9171649e+02
0	1	14	30	-8.6607721e+02
0	1	14	31	-8.4112689e+02
0	1	14	32	-8.6080786e+02
0	1	14	33	-7.8269379e+02
0	1	14	34	-5.4131664e+01
0	1	14	35	-7.3541176e+01
0	1	14	36	2.5917675e+01
0	1	14	37	5.6647755e+01
0	1	14	38	-4.5556223e-01
0	1	14	39	9.9242882e+01
0	1	14	40	2.4673189e+01
0	1	14	41	2.3466270e+01
0	1	14	42	5.9626236e+01
0	1	14	43	5.1719234e+01
0	1	14	44	2.3689915e+02
0	1	14	45	6.2154675e+01
0	1	14	46	2.1886852e+02
0	1	14	47	7.9049393e+01
0	1	14	48	1.2345475e+02
0	1	14	49	1.0920058e+02
0	1	14	50	1.8841731e+02
0	1	14	51	7.2834314e+02
0	1	14	52	8.1878278e+02
0	1	14	53	3.7635052e+02
0	1	14	54	3.4446674e+02
0	1	14	55	4.4614569e+02
0	1	14	56	6.2190002e+02
0	1	14	57	5.2935010e+02
0	1	14	58	3.0524063e+02
0	1	14	59	3.6091507e+02
0	1	14	60	4.3842932e+02
0	1	14	61	3.7086346e+02
0	1	14	62	2.7650092e+02
0	1	14	63	4.2041479e+02
0	1	15	0	-5.3902631e+02
0	1	15	1	-7.3765387e+02
0	1	15	2	-7.8883038e+02
0	1	15	3	-7.4646765e+02
0	1	15	4	-8.8998090e+02
0	1	15	5	-6.3864447e+02
0	1	15	6	-7.0988361e+02
0	1	15	7	-6.5631537e+02
0	1	15	8	-8.0250281e+02
0	1	15	9	-8.7724915e+02
0	1	15	10	-7.2959003e+02
0	1	15	11	-9.2047888e+02
0	1	15	12	-8.1085382e+02
0	1	15	13	-7.7501825e+02
0	1	15	14	-8.9113745e+02
0	1	15	15	-8.2081677e+02
0	1	15	16	-7.9011334e+02
0	1	15	17	-7.2526129e+02
0	1	15	18	-8.6909766e+02
0	1	15	19	-8.1530072e+02
0	1	15	20	-8.2033722e+02
0	1	15	21	-8.3367444e+02
0	1	15	22	-7.8793134e+02
0	1	15	23	-7.5180579e+02
0	1	15	24	-8.7906177e+02
0	1	15	25	-8.3723419e+02
0	1	15	26	-1.0147482e+03
0	1	15	27	-8.9718933e+02
0	1	15	28	-8.3202997e+02
0	1	15	29	-9.6713007e+02
0	1	15	30	-9.9044183e+02
0	1	15	31	-9.5279504e+02
0	1	15	32	-1.0795393e+03
0	1	15	33	-1.0600411e+03
0	1	15	34	-2.5334163e+02
0	1	15	35	-4.0781158e+02
0	1	15	36	-2.5801978e+02
0	1	15	37	-3.2262164e+02
0	1	15	38	-3.0125839e+02
0	1	15	39	-3.4210785e+02
0	1	15	40	-3.6126920e+02
0	1	15	41	-4.3967621e+02
0	1	15	42	-3.8590710e+02
0	1	15	43	-3.6864499e+02
0	1	15	44	-4.1431451e+02
0	1	15	45	-4.6310565e+02
0	1	15	46	-4.1556302e+02
0	1	15	47	-4.4326602e+02
0	1	15	48	-3.9968350e+02
0	1	15	49	-4.3824295e+02
0	1	15	50	-3.0140500e+02
0	1	15	51	3.0478430e+02
0	1	15	52	2.3542509e+02
0	1	15	53	-1.0533862e+02
0	1	15	54	-1.0745473e+02
0	1	15	55	-1.3039479e+02
0	1	15	56	5.1857829e+00
0	1	15	57	5.6686695e+01
0	1	15	58	-1.0177794e+01
0	1	15	59	6.0394162e-01
0	1	15	60	-1.0952271e+02
0	1	15	61	-2.0345424e+02
0	1	15	62	-9.7959091e+01
0	1	15	63	-1.3449678e+02
0	2	0	0	-1.0895914e+02
0	2	0	1	-1.9091080e+02
0	2	0	2	-9.1338486e+01
0	2	0	3	-8.5292374e+01
0	2	0	4	-2.5879395e+02
0	2	0	5	-1.8251443e+02
0	2	0	6	-2.3480894e+02
0	2	0	7	-5.9205158e+01
0	2	0	8	-1.0607539e+02
0	2	0	9	-3.5025719e+01
0	2	0	10	-1.7925917e+02
0	2	0	11	-1.9557909e+02
0	2	0	12	-2.7800409e+02
0	2	0	13	-1.9793539e+02
0	2	0	14	-1.2995955e+02
0	2	0	15	-1.4673778e+02
0	2	0	16	-2.8368988e+02
0	2	0	17	-3.6819455e+02
0	2	0	18	-3.2667273e+02
0	2	0	19	-2.5805502e+02
0	2	0	20	-1.5218651e+02
0	2	0	21	-2.8860764e+02
0	2	0	22	-2.9494489e+02
0	2	0	23	-2.2564072e+02
0	2	0	24	-3.5402844e+02
0	2	0	25	-3.7233804e+02
0	2	0	26	-4.5627744e+02
0	2	0	27	-4.1169855e+02
0	2	0	28	-3.6379514e+02
0	2	0	29	-3.4790988e+02
0	2	0	30	-3.4759702e+02
0	2	0	31	-4.1816718e+02
0	2	0	32	-4.4097794e+02
0	2	0	33	-4.3989606e+02
0	2	0	34	2.5383215e+02
0	2	0	35	2.2995598e+02
0	2	0	36	1.9294267e+02
0	2	0	37	1.7379900e+02
0	2	0	38	2.2432112e+02
0	2	0	39	2.1039732e+02
0	2	0	40	1.3411266e+02
0	2	0	41	1.7783551e+02
0	2	0	42	2.5985001e+02
0	2	0	43	1.5477843e+02
0	2	0	44	2.0636966e+02
0	2	0	45	1.4413914e+02
0	2	0	46	1.7195532e+02
0	2	0	47	1.5140234e+02
0	2	0	48	1.8051654e+02
0	2	0	49	9.7999435e+01
0	2	0	50	2.5540048e+02
0	2	0	51	7.6667896e+02
0	2	0	52	7.7650916e+02
0	2	0	53	3.8550079e+02
0	2	0	54	5.4720691e+02
0	2	0	55	4.5975162e+02
0	2	0	56	6.0604187e+02
0	2	0	57	6.4805273e+02
0	2	0	58	5.6208533e+02
0	2	0	59	5.1005670e+02
0	2	0	60	4.8689890e+02
0	2	0	61	3.7627966e+02
0	2	0	62	5.3763324e+02
0	2	0	63	4.7837839e+02
0	2	1	0	-3.1816327e+02
0	2	1	1	-3.5375394e+02
0	2	1	2	-3.7579514e+02
0	2	1	3	-3.4136606e+02
0	2	1	4	-4.1255362e+02
0	2	1	5	-3.7429953e+02
0	2	1	6	-4.3402658e+02
0	2	1	7	-4.3842844e+02
0	2	1	8	-3.9669766e+02
0	2	1	9	-2.9143527e+02
0	2	1	10	-5.2423755e+02
0	2	1	11	-3.6322272e+02
0	2	1	12	-4.4980515e+02
0	2	1	13	-3.5985214e+02
0	2	1	14	-5.4543237e+02
0	2	1	15	-5.3088879e+02
0	2	1	16	-5.6279016e+02
0	2	1	17	-5.1356598e+02
0	2	1	18	-5.2399591e+02
0	2	1	19	-5.1659906e+02
0	2	1	20	-5.9517706e+02
0	2	1	21	-5.3808588e+02
0	2	1	22	-5.1491992e+02
0	2	1	23	-4.7266547e+02
0	2	1	24	-5.4541125e+02
0	2	1	25	-4.8406110e+02
0	2	1	26	-5.6897064e+02
0	2	1	27	-4.9356781e+02
0	2	1	28	-5.1758496e+02
0	2	1	29	-4.9499127e+02
0	2	1	30	-4.9560605e+02
0	2	1	31	-5.2187396e+02
0	2	1	32	-5.8214539e+02
0	2	1	33	-5.1322534e+02
0	2	1	34	1.6336861e+02
0	2	1	35	7.3815659e+01
0	2	1	36	1.5262242e+02
0	2	1	37	1.7246275e+02
0	2	1	38	1.8757195e+02
0	2	1	39	1.9590041e+02
0	2	1	40	2.4920731e+02
0	2	1	41	2.0372684e+02
0	2	1	42	2.3116125e+02
0	2	1	43	2.2627934e+02
0	2	1	44	2.6435986e+02
0	2	1	45	1.8712947e+02
0	2	1	46	2.4683714e+02
0	2	1	47	1.1600269e+02
0	2	1	48	1.9489514e+02
0	2	1	49	2.7767868e+02
0	2	1	50	2.0711459e+02
0	2	1	51	7.7457935e+02
0	2	1	52	8.2939807e+02
0	2	1	53	4.3878641e+02
0	2	1	54	4.3949149e+02
0	2	1	55	4.8059973e+02
0	2	1	56	6.7178125e+02
0	2	1	57	6.1561224e+02
0	2	1	58	4.6632065e+02
0	2	1	59	4.9852390e+02
0	2	1	60	4.9794263e+02
0	2	1	61	3.8517804e+02
0	2	1	62	3.8325150e+02
0	2	1	63	5.7115747e+02
0	2	2	0	-5.4462467e+01
0	2	2	1	-1.9099455e+02
0	2	2	2	-4.6360451e+01
0	2	2	3	-1.7334160e+02
0	2	2	4	-2.0454405e+02
0	2	2	5	-1.6301625e+02
0	2	2	6	-2.0286383e+02
0	2	2	7	-9.1651703e+01
0	2	2	8	-1.3205919e+02
0	2	2	9	-1.0009229e+02
0	2	2	10	-2.3007039e+02
0	2	2	11	-1.0275036e+02
0	2	2	12	-2.0543654e+02
0	2	2	13	-1.7970007e+02
0	2	2	14	-1.5827345e+02
0	2	2	15	-9.4425804e+01
0	2	2	16	-2.7641388e+02
0	2	2	17	-2.4354214e+02
0	2	2	18	-3.0852069e+02
0	2	2	19	-2.9536063e+02
0	2	2	20	-1.9893816e+02
0	2	2	21	-2.4320529e+02
0	2	2	22	-1.8662746e+02
0	2	2	23	-2.7802191e+02
0	2	2	24	-3.2295804e+02
0	2	2	25	-2.8807257e+02
0	2	2	26	-4.0296786e+02
0	2	2	27	-4.2832788e+02
0	2	2	28	-2.8238522e+02
0	2	2	29	-4.1538434e+02
0	2	2	30	-3.0878909e+02
0	2	2	31	-3.4575494e+02
0	2	2	32	-3.7146097e+02
0	2	2	33	-4.3594186e+02
0	2	2	34	2.7744702e+02
0	2	2	35	3.4180234e+02
0	2	2	36	2.6161301e+02
0	2	2	37	3.5346890e+02
0	2	2	38	3.2184509e+02
0	2	2	39	2.8952908e+02
0	2	2	40	3.0847470e+02
0	2	2	41	2.8749173e+02
0	2	2	42	3.2417691e+02
0	2	2	43	4.7179327e+02
0	2	2	44	4.8697379e+02
0	2	2	45	4.8126004e+02
0	2	2	46	3.9458667e+02
0	2	2	47	4.1888522e+02
0	2	2	48	4.4225897e+02
0	2	2	49	4.1034241e+02
0	2	2	50	3.6071741e+02
0	2	2	51	1.0252294e+03
0	2	2	52	1.1125990e+03
0	2	2	53	6.9442163e+02
0	2	2	54	7.0658710e+02
0	2	2	55	7.2459912e+02
0	2	2	56	8.7210596e+02
0	2	2	57	7.5327441e+02
0	2	2	58	6.8540894e+02
0	2	2	59	6.1341772e+02
0	2	2	60	6.8930011e+02
0	2	2	61	6.5260455e+02
0	2	2	62	6.2891943e+02
0	2	2	63	7.6577997e+02
0	2	3	0	-3.1158643e+02
0	2	3	1	-2.6431100e+02
0	2	3	2	-2.5860422e+02
0	2	3	3	-3.2810126e+02
0	2	3	4	-2.4996211e+02
0	2	3	5	-2.7892877e+02
0	2	3	6	-3.0327518e+02
0	2	3	7	-2.4347345e+02
0	2	3	8	-3.0763080e+02
0	2	3	9	-2.5094836e+02
0	2	3	10	-3.6879865e+02
0	2	3	11	-3.0033200e+02
0	2	3	12	-3.5742892e+02
0	2	3	13	-3.7244363e+02
0	2	3	14	-4.6068619e+02
0	2	3	15	-3.4949817e+02
0	2	3	16	-3.8751678e+02
0	2	3	17	-3.3389349e+02
0	2	3	18	-4.6206754e+02
0	2	3	19	-2.5000395e+02
0	2	3	20	-4.5485349e+02
0	2	3	21	-4.0367252e+02
0	2	3	22	-2.2460025e+02
0	2	3	23	-2.6084396e+02
0	2	3	24	-4.6923621e+02
0	2	3	25	-2.6330756e+02
0	2	3	26	-4.0029587e+02
0	2	3	27	-3.9853119e+02
0	2	3	28	-2.6634698e+02
0	2	3	29	-2.7519989e+02
0	2	3	30	-2.9409537e+02
0	2	3	31	-4.3876730e+02
0	2	3	32	-4.3179257e+02
0	2	3	33	-4.0381876e+02
0	2	3	34	4.5031912e+02
0	2	3	35	3.0022733e+02
0	2	3	36	4.1796991e+02
0	2	3	37	5.5017102e+02
0	2	3	38	3.3404282e+02
0	2	3	39	4.6761865e+02
0	2	3	40	5.5057581e+02
0	2	3	41	3.2925870e+02
0	2	3	42	6.3864624e+02
0	2	3	43	3.7954697e+02
0	2	3	44	4.7689713e+02
0	2	3	45	3.5017032e+02
0	2	3	46	4.6216541e+02
0	2	3	47	4.1950763e+02
0	2	3	48	4.5207660e+02
0	2	3	49	5.3293909e+02
0	2	3	50	4.6289087e+02
0	2	3	51	9.6776605e+02
0	2	3	52	9.6616290e+02
0	2	3	53	6.6740991e+02
0	2	3	54	7.2832159e+02
0	2	3	55	6.6326508e+02
0	2	3	56	8.5090698e+02
0	2	3	57	7.9109009e+02
0	2	3	58	6.2763049e+02
0	2	3	59	6.3751605e+02
0	2	3	60	6.3466821e+02
0	2	3	61	6.7224677e+02
0	2	3	62	5.2148169e+02
0	2	3	63	6.7606226e+02
0	2	4	0	7.3482674e+01
0	2	4	1	4.5946156e+01
0	2	4	2	7.8955307e+01
0	2	4	3	1.0161331e+02
0	2	4	4	-8.8050919e+01
0	2	4	5	2.7040966e+01
0	2	4	6	-4.6988960e+01
0	2	4	7	1.8598532e+02
0	2	4	8	2.3286854e+01
0	2	4	9	1.1303230e+02
0	2	4	10	-1.2180454e+01
0	2	4	11	4.9408573e+01
0	2	4	12	-5.0566020e+00
0	2	4	13	1.6530020e+01
0	2	4	14	9.9731407e+01
0	2	4	15	1.9509595e+02
0	2	4	16	2.0462539e+00
0	2	4	17	-5.3331306e+01
0	2	4	18	2.5252626e+01
0	2	4	19	-8.6269966e+01
0	2	4	20	3.5400202e+00
0	2	4	21	6.3250515e+01
0	2	4	22	1.5663756e+01
0	2	4	23	-6.6234787e+01
0	2	4	24	-1.4652626e+02
0	2	4	25	-7.6639420e+01
0	2	4	26	-8.5449951e+01
0	2	4	27	-2.0735352e+02
0	2	4	28	-8.2442505e+01
0	2	4	29	-5.1164665e+01
0	2	4	30	8.3824356e+01
0	2	4	31	-7.7481728e+01
0	2	4	32	-2.1049260e+02
0	2	4	33	-1.4331831e+02
0	2	4	34	4.5210300e+02
0	2	4	35	6.5464417e+02
0	2	4	36	6.7688867e+02
0	2	4	37	5.7861804e+02
0	2	4	38	5.0545776e+02
0	2	4	39	6.6862976e+02
0	2	4	40	5.5530212e+02
0	2	4	41	5.1071417e+02
0	2	4	42	5.5964569e+02
0	2	4	43	5.3100159e+02
0	2	4	44	5.9830939e+02
0	2	4	45	4.8248569e+02
0	2	4	46	5.7271295e+02
0	2	4	47	5.1117297e+02
0	2	4	48	5.4355090e+02
0	2	4	49	5.1392316e+02
0	2	4	50	6.2263904e+02
0	2	4	51	1.1551418e+03
0	2	4	52	1.1591359e+03
0	2	4	53	7.6646570e+02
0	2	4	54	7.7174933e+02
0	2	4	55	8.3128668e+02
0	2	4	56	9.8608881e+02
0	2	4	57	9.7203156e+02
0	2	4	58	8.2449725e+02
0	2	4	59	8.4148315e+02
0	2	4	60	8.4635706e+02
0	2	4	61	7.0872192e+02
0	2	4	62	7.8853796e+02
0	2	4	63	7.6039795e+02
0	2	5	0	1.1786794e+02
0	2	5	1	8.6552834e+01
0	2	5	2	1.1512202e+02
0	2	5	3	-5.2701427e+01
0	2	5	4	4.7873264e+01
0	2	5	5	7.1202103e+01
0	2	5	6	5.4111156e+01
0	2	5	7	8.0809044e+01
0	2	5	8	-3.4097767e+01
0	2	5	9	6.8381149e+01
0	2	5	10	-3.4684002e+01
0	2	5	11	-1.1005765e+01
0	2	5	12	-9.5448097e+01
0	2	5	13	1.1632975e+01
0	2	5	14	-1.4215645e+02
0	2	5	15	-3.8698395e+01
0	2	5	16	-2.4200844e+02
0	2	5	17	-1.5174397e+02
0	2	5	18	-2.1323479e+02
0	2	5	19	-1.3240239e+02
0	2	5	20	-1.6451889e+02
0	2	5	21	-1.2969476e+02
0	2	5	22	-1.0815641e+02
0	2	5	23	-7.2232803e+01
0	2	5	24	-1.7546785e+02
0	2	5	25	-1.6058711e+02
0	2	5	26	-2.1788350e+02
0	2	5	27	-1.2560746e+02
0	2	5	28	-1.2684546e+02
0	2	5	29	-1.3149185e+02
0	2	5	30	-1.1989497e+02
0	2	5	31	-1.5885573e+02
0	2	5	32	-1.8498599e+02
0	2	5	33	-4.9092178e+01
0	2	5	34	5.9727209e+02
0	2	5	35	5.5767865e+02
0	2	5	36	5.7264392e+02
0	2	5	37	6.1120294e+02
0	2	5	38	5.5183240e+02
0	2	5	39	5.5860181e+02
0	2	5	40	6.3416345e+02
0	2	5	41	6.0848407e+02
0	2	5	42	7.4606775e+02
0	2	5	43	6.1127313e+02
0	2	5	44	7.1474274e+02
0	2	5	45	6.9872668e+02
0	2	5	46	6.4419922e+02
0	2	5	47	6.5565137e+02
0	2	5	48	6.6157324e+02
0	2	5	49	6.5222791e+02
0	2	5	50	6.6114069e+02
0	2	5	51	1.2127253e+03
0	2	5	52	1.2615319e+03
0	2	5	53	8.6751556e+02
0	2	5	54	9.3635266e+02
0	2	5	55	9.7221613e+02
0	2	5	56	1.0275468e+03
0	2	5	57	1.0069280e+03
0	2	5	58	8.7084045e+02
0	2	5	59	8.3319287e+02
0	2	5	60	9.8781830e+02
0	2	5	61	8.3997021e+02
0	2	5	62	9.2849390e+02
0	2	5	63	9.1988727e+02
0	2	6	0	1.7326530e+02
0	2	6	1	7.5443298e+01
0	2	6	2	1.4692087e+02
0	2	6	3	1.2180663e+02
0	2	6	4	5.6892441e+01
0	2	6	5	7.9605827e+01
0	2	6	6	7.7578382e+00
0	2	6	7	2.4323427e+02
0	2	6	8	8.2303391e+01
0	2	6	9	9.2700996e+01
0	2	6	10	-5.4450035e+00
0	2	6	11	1.1084920e+02
0	2	6	12	-4.3657356e+01
0	2	6	13	6.7027237e+01
0	2	6	14	2.6028403e+02
0	2	6	15	4.4002823e+01
0	2	6	16	6.1453667e+01
0	2	6	17	-5.7798832e+01
0	2	6	18	1.7659901e+02
0	2	6	19	-5.6838753e+01
0	2	6	20	8.7286211e+03
0	2	6	21	1.1358624e+02
0	2	6	22	-9.0488602e+01
0	2	6	23	-5.2704884e+01
0	2	6	24	-1.3283006e+02
0	2	6	25	-7.5627122e+00
0	2	6	26	-1.4329987e+02
0	2	6	27	-1.2861067e+02
0	2	6	28	-7.5004593e+01
0	2	6	29	-1.2232891e+02
0	2	6	30	-6.4179504e+01
0	2	6	31	-1.4033832e+02
0	2	6	32	-2.3134216e+02
0	2	6	33	-1.8226315e+02
0	2	6	34	4.4291647e+02
0	2	6	35	5.2615356e+02
0	2	6	36	4.7988129e+02
0	2	6	37	5.9278461e+02
0	2	6	38	5.3749744e+02
0	2	6	39	5.3389130e+02
0	2	6	40	4.6284500e+02
0	2	6	41	5.4167041e+02
0	2	6	42	5.5953198e+02
0	2	6	43	5.6398401e+02
0	2	6	44	5.3533588e+02
0	2	6	45	4.4979861e+02
0	2	6	46	2.1333815e+02
0	2	6	47	4.3700955e+02
0	2	6	48	4.9575500e+02
0	2	6	49	3.9643921e+02
0	2	6	50	5.2042896e+02
0	2	6	51	1.1448500e+03
0	2	6	52	1.0124315e+03
0	2	6	53	7.4455682e+02
0	2	6	54	6.8338116e+02
0	2	6	55	7.6485059e+02
0	2	6	56	9.0949255e+02
0	2	6	57	9.4988910e+02
0	2	6	58	8.1498413e+02
0	2	6	59	8.0854333e+02
0	2	6	60	8.6197644e+02
0	2	6	61	6.6677344e+02
0	2	6	62	7.2004333e+02
0	2	6	63	8.2832648e+02
0	2	7	0	1.7300171e+02
0	2	7	1	1.1581482e+02
0	2	7	2	4.5467674e+01
0	2	7	3	1.2887283e+02
0	2	7	4	7.4177361e+01
0	2	7	5	3.6606784e+02
0	2	7	6	1.4875374e+02
0	2	7	7	2.9234575e+03
0	2	7	8	5.1363209e+01
0	2	7	9	1.5687331e+02
0	2	7	10	-4.3154800e+02
0	2	7	11	2.0950682e+02
0	2	7	12	-2.5980659e+01
0	2	7	13	1.4123982e+02
0	2	7	14	-4.1610737e+00
0	2	7	15	1.5404669e+02
0	2	7	16	2.0494070e+01
0	2	7	17	3.8612286e+01
0	2	7	18	4.1427254e+01
0	2	7	19	6.3858971e+01
0	2	7	20	8.3466042e+01
0	2	7	21	-6.5390199e-01
0	2	7	22	-2.6242340e+01
0	2	7	23	6.1380348e+01
0	2	7	24	-5.0257940e+00
0	2	7	25	-1.4334041e+00
0	2	7	26	-1.1298273e+01
0	2	7	27	4.3570709e+00
0	2	7	28	2.2921988e+01
0	2	7	29	4.8603024e+01
0	2	7	30	7.7070327e+00
0	2	7	31	-9.2431282e+01
0	2	7	32	-5.8433811e+01
0	2	7	33	4.3197926e+01
0	2	7	34	7.1205560e+02
0	2	7	35	6.6866254e+02
0	2	7	36	7.1138312e+02
0	2	7	37	7.3335004e+02
0	2	7	38	6.3980688e+02
0	2	7	39	6.6065967e+02
0	2	7	40	7.9639380e+02
0	2	7	41	6.1018420e+02
0	2	7	42	7.6307764e+02
0	2	7	43	6.6631708e+02
0	2	7	44	1.6165205e+03
0	2	7	45	6.6392212e+02
0	2	7	46	7.8841205e+02
0	2	7	47	7.0056488e+02
0	2	7	48	6.6530231e+02
0	2	7	49	7.0509424e+02
0	2	7	50	6.9872705e+02
0	2	7	51	1.2759407e+03
0	2	7	52	1.3294467e+03
0	2	7	53	8.7820197e+02
0	2	7	54	9.9561450e+02
0	2	7	55	1.0013826e+03
0	2	7	56	1.2681549e+03
0	2	7	57	1.1020122e+03
0	2	7	58	9.0828485e+02
0	2	7	59	9.7495679e+02
0	2	7	60	1.0091202e+03
0	2	7	61	8.3678033e+02
0	2	7	62	8.5608270e+02
0	2	7	63	1.0686849e+03
0	2	8	0	1.6639601e+02
0	2	8	1	3.0297121e+01
0	2	8	2	1.0553074e+02
0	2	8	3	6.4227646e+01
0	2	8	4	-9.2181503e+01
0	2	8	5	-6.4302254e+00
0	2	8	6	-1.1419254e+02
0	2	8	7	5.9308754e+01
0	2	8	8	-2.4258525e+00
0	2	8	9	-4.2858081e+00
0	2	8	10	-1.6919583e+02
0	2	8	11	8.4776855e+01
0	2	8	12	-1.4689345e+02
0	2	8	13	-1.8186399e+00
0	2	8	14	6.7333855e+01
0	2	8	15	-5.5803757e+01
0	2	8	16	-4.8725746e+01
0	2	8	17	-1.4788203e+02
0	2	8	18	-2.3143679e+01
0	2	8	19	-4.5414749e+01
0	2	8	20	-1.1008383e+01
0	2	8	21	-4.7146950e+01
0	2	8	22	-1.2282746e+02
0	2	8	23	2.5526218e+01
0	2	8	24	-1.9651619e+02
0	2	8	25	-1.3425650e+02
0	2	8	26	-1.5027773e+02
0	2	8	27	-2.4197975e+02
0	2	8	28	-1.3964424e+02
0	2	8	29	-2.8642056e+02
0	2	8	30	-2.6676389e+02
0	2	8	31	-1.5933951e+02
0	2	8	32	-1.8818996e+02
0	2	8	33	-2.9572147e+02
0	2	8	34	3.4261154e+02
0	2	8	35	4.3934109e+02
0	2	8	36	4.4174841e+02
0	2	8	37	5.3530457e+02
0	2	8	38	5.0975168e+02
0	2	8	39	4.4323398e+02
0	2	8	40	3.8581815e+02
0	2	8	41	4.7865176e+02
0	2	8	42	4.8278412e+02
0	2	8	43	3.9852881e+02
0	2	8	44	4.0117139e+02
0	2	8	45	4.1097665e+02
0	2	8	46	5.1178369e+02
0	2	8	47	4.4338016e+02
0	2	8	48	5.5298364e+02
0	2	8	49	4.6945453e+02
0	2	8	50	4.6415643e+02
0	2	8	51	1.0921721e+03
0	2	8	52	1.1178770e+03
0	2	8	53	7.1010107e+02
0	2	8	54	6.7405585e+02
0	2	8	55	6.5226282e+02
0	2	8	56	8.0258209e+02
0	2	8	57	8.8737262e+02
0	2	8	58	8.7970612e+02
0	2	8	59	8.0021692e+02
0	2	8	60	6.6570563e+02
0	2	8	61	6.5181592e+02
0	2	8	62	6.8374835e+02
0	2	8	63	7.2631384e+02
0	2	9	0	1.0744290e+02
0	2	9	1	1.6122316e+02
0	2	9	2	1.5761021e+02
0	2	9	3	8.1654716e+01
0	2	9	4	2.0701675e+02
0	2	9	5	7.7528191e+01
0	2	9	6	1.3859229e+02
0	2	9	7	1.7645708e+02
0	2	9	8	8.3978508e+01
0	2	9	9	1.4743309e+02
0	2	9	10	6.4441040e+01
0	2	9	11	1.9638828e+02
0	2	9	12	4.4143977e+00
0	2	9	13	7.9185486e+01
0	2	9	14	1.5560739e+02
0	2	9	15	6.9847916e+01
0	2	9	16	2.2930241e+01
0	2	9	17	2.8529362e+01
0	2	9	18	-5.8719818e+01
0	2	9	19	-1.7694836e+01
0	2	9	20	-1.7217140e+01
0	2	9	21	5.4434868e+01
0	2	9	22	1.4118683e+02
0	2	9	23	8.0819154e-01
0	2	9	24	-4.3101498e+01
0	2	9	25	7.7345337e+01
0	2	9	26	-1.0393802e+02
0	2	9	27	3.0260138e+01
0	2	9	28	9.5596100e+01
0	2	9	29	1.7601795e+01
0	2	9	30	-7.5208069e+01
0	2	9	31	7.4572053e+00
0	2	9	32	-1.8341263e+01
0	2	9	33	1.4523761e+02
0	2	9	34	7.3212823e+02
0	2	9	35	6.9434479e+02
0	2	9	36	6.9590875e+02
0	2	9	37	7.4957312e+02
0	2	9	38	6.7643964e+02
0	2	9	39	8.1782153e+02
0	2	9	40	7.2242542e+02
0	2	9	41	6.2992181e+02
0	2	9	42	8.1849017e+02
0	2	9	43	6.7380835e+02
0	2	9	44	7.9929419e+02
0	2	9	45	7.5023840e+02
0	2	9	46	8.0343634e+02
0	2	9	47	7.1473340e+02
0	2	9	48	8.5059338e+02
0	2	9	49	6.8182227e+02
0	2	9	50	8.2686346e+02
0	2	9	51	1.3442324e+03
0	2	9	52	1.3437599e+03
0	2	9	53	9.7438196e+02
0	2	9	54	1.0282532e+03
0	2	9	55	1.0220394e+03
0	2	9	56	1.1258293e+03
0	2	9	57	1.1250514e+03
0	2	9	58	1.0544194e+03
0	2	9	59	1.0207144e+03
0	2	9	60	1.0487375e+03
0	2	9	61	9.2261041e+02
0	2	9	62	8.9522791e+02
0	2	9	63	9.8628418e+02
0	2	10	0	7.1708095e-01
0	2	10	1	-1.1070258e+01
0	2	10	2	5.7923531e+01
0	2	10	3	1.9451824e+01
0	2	10	4	-1.2853027e+02
0	2	10	5	-2.8927479e+01
0	2	10	6	-1.8521327e+02
0	2	10	7	9.9305962e+01
0	2	10	8	2.2955355e+01
0	2	10	9	3.1678490e+01
0	2	10	10	-1.0208012e+02
0	2	10	11	-6.3907497e+01
0	2	10	12	-1.7502025e+02
0	2	10	13	-6.3121815e+01
0	2	10	14	-8.2989626e+00
0	2	10	15	-2.7222263e+01
0	2	10	16	-1.7282959e+02
0	2	10	17	-1.5797226e+02
0	2	10	18	-9.3480156e+01
0	2	10	19	-1.7720906e+02
0	2	10	20	-1.3112120e+02
0	2	10	21	-5.0975750e+01
0	2	10	22	-1.2388937e+02
0	2	10	23	-1.3012050e+02
0	2	10	24	-1.6985643e+02
0	2	10	25	-8.2557793e+01
0	2	10	26	-2.3195624e+02
0	2	10	27	-2.0275121e+02
0	2	10	28	-1.5759837e+02
0	2	10	29	-2.1838478e+02
0	2	10	30	-1.6880559e+02
0	2	10	31	-1.6807628e+02
0	2	10	32	-2.7988968e+02
0	2	10	33	-2.9165958e+02
0	2	10	34	4.4277408e+02
0	2	10	35	4.4757626e+02
0	2	10	36	4.3848529e+02
0	2	10	37	4.4816519e+02
0	2	10	38	3.4525537e+02
0	2	10	39	4.9558075e+02
0	2	10	40	4.0674683e+02
0	2	10	41	4.3631720e+02
0	2	10	42	5.1057870e+02
0	2	10	43	5.8455017e+02
0	2	10	44	4.9595114e+02
0	2	10	45	3.5059946e+02
0	2	10	46	1.4196591e+03
0	2	10	47	4.2454718e+02
0	2	10	48	4.5467596e+02
0	2	10	49	4.2084360e+02
0	2	10	50	5.4092926e+02
0	2	10	51	9.6822046e+02
0	2	10	52	1.0072890e+03
0	2	10	53	7.0631976e+02
0	2	10	54	6.4117523e+02
0	2	10	55	7.0315247e+02
0	2	10	56	8.9498077e+02
0	2	10	57	8.8427832e+02
0	2	10	58	7.6002258e+02
0	2	10	59	6.7988123e+02
0	2	10	60	7.1728900e+02
0	2	10	61	7.0805634e+02
0	2	10	62	7.3024219e+02
0	2	10	63	7.2718555e+02
0	2	11	0	-1.3584435e+02
0	2	11	1	-7.8708885e+01
0	2	11	2	-4.6941978e+01
0	2	11	3	-1.4438191e+02
0	2	11	4	-1.3553371e+02
0	2	11	5	-9.6290382e+01
0	2	11	6	-7.1072685e+01
0	2	11	7	-2.1234169e+01
0	2	11	8	-1.4661105e+02
0	2	11	9	-2.6214478e+01
0	2	11	10	-1.7175090e+02
0	2	11	11	-1.2952414e+02
0	2	11	12	-1.5720338e+02
0	2	11	13	-9.7056236e+01
0	2	11	14	-1.4877324e+02
0	2	11	15	-1.1198351e+02
0	2	11	16	-2.4303772e+02
0	2	11	17	-1.2177186e+02
0	2	11	18	-1.8668913e+02
0	2	11	19	-1.0268825e+02
0	2	11	20	-2.9670947e+02
0	2	11	21	-2.2357637e+02
0	2	11	22	-1.9833939e+02
0	2	11	23	1.6235161e+03
0	2	11	24	-2.5251993e+02
0	2	11	25	-2.3826503e+02
0	2	11	26	-2.5841992e+02
0	2	11	27	-1.8939796e+02
0	2	11	28	-2.5722189e+02
0	2	11	29	-2.2087952e+02
0	2	11	30	-2.8277359e+02
0	2	11	31	-2.9349710e+02
0	2	11	32	-3.2564938e+02
0	2	11	33	-2.2306021e+02
0	2	11	34	4.9226608e+02
0	2	11	35	3.9515228e+02
0	2	11	36	4.2457504e+02
0	2	11	37	4.3981036e+02
0	2	11	38	4.8685495e+02
0	2	11	39	4.6992941e+02
0	2	11	40	5.2267834e+02
0	2	11	41	4.0085620e+02
0	2	11	42	4.6351553e+02
0	2	11	43	4.7861069e+02
0	2	11	44	6.1459088e+02
0	2	11	45	4.5407220e+02
0	2	11	46	5.4024768e+02
0	2	11	47	4.8356403e+02
0	2	11	48	5.4558270e+02
0	2	11	49	5.5796063e+02
0	2	11	50	5.1268518e+02
0	2	11	51	1.1386627e+03
0	2	11	52	1.1539702e+03
0	2	11	53	8.3965717e+02
0	2	11	54	7.7816821e+02
0	2	11	55	7.8375024e+02
0	2	11	56	8.9368286e+02
0	2	11	57	8.8056244e+02
0	2	11	58	6.9732239e+02
0	2	11	59	7.8143677e+02
0	2	11	60	7.5620239e+02
0	2	11	61	6.9936462e+02
0	2	11	62	7.4005176e+02
0	2	11	63	8.4208984e+02
0	2	12	0	-1.0716299e+02
0	2	12	1	-1.9563057e+02
0	2	12	2	-1.3569682e+02
0	2	12	3	-1.7350690e+02
0	2	12	4	-2.5761304e+02
0	2	12	5	-2.9880795e+02
0	2	12	6	-3.0147357e+02
0	2	12	7	-1.3951616e+02
0	2	12	8	-2.6092255e+02
0	2	12	9	-2.3008238e+02
0	2	12	10	-3.0549316e+02
0	2	12	11	-2.3326895e+02
0	2	12	12	-3.8590982e+02
0	2	12	13	-2.8967203e+02
0	2	12	14	-2.5066646e+02
0	2	12	15	-2.6642020e+02
0	2	12	16	-3.4861603e+02
0	2	12	17	-4.2741943e+02
0	2	12	18	-3.1844168e+02
0	2	12	19	-4.4201163e+02
0	2	12	20	-2.5583272e+02
0	2	12	21	-3.2514148e+02
0	2	12	22	-3.0170090e+02
0	2	12	23	-3.7844037e+02
0	2	12	24	-5.1122595e+02
0	2	12	25	-3.6847443e+02
0	2	12	26	-4.1794772e+02
0	2	12	27	-4.5007745e+02
0	2	12	28	-3.3947128e+02
0	2	12	29	-4.5414767e+02
0	2	12	30	-4.4309644e+02
0	2	12	31	-4.1879361e+02
0	2	12	32	-4.5119934e+02
0	2	12	33	-4.1538150e+02
0	2	12	34	2.2400323e+02
0	2	12	35	2.4172101e+02
0	2	12	36	2.8603494e+02
0	2	12	37	2.2646538e+02
0	2	12	38	2.3510159e+02
0	2	12	39	2.5481505e+02
0	2	12	40	2.4086772e+02
0	2	12	41	1.8373376e+02
0	2	12	42	3.2908179e+02
0	2	12	43	2.5229605e+02
0	2	12	44	3.0060049e+02
0	2	12	45	2.5549197e+02
0	2	12	46	1.7866293e+02
0	2	12	47	1.9578773e+02
0	2	12	48	2.0658105e+02
0	2	12	49	1.8786427e+02
0	2	12	50	3.1932928e+02
0	2	12	51	7.9828668e+02
0	2	12	52	8.0355603e+02
0	2	12	53	3.8146909e+02
0	2	12	54	4.5306735e+02
0	2	12	55	4.0744141e+02
0	2	12	56	5.7083765e+02
0	2	12	57	6.3595422e+02
0	2	12	58	6.0921301e+02
0	2	12	59	4.6257806e+02
0	2	12	60	5.0610190e+02
0	2	12	61	4.5307489e+02
0	2	12	62	5.3632227e+02
0	2	12	63	5.6620721e+02
0	2	13	0	-1.5991415e+02
0	2	13	1	-4.2931656e+01
0	2	13	2	-5.8123814e+01
0	2	13	3	-1.4615500e+02
0	2	13	4	-1.8497746e+02
0	2	13	5	-1.4492068e+02
0	2	13	6	-1.1071066e+02
0	2	13	7	-1.0081799e+02
0	2	13	8	-2.1053568e+02
0	2	13	9	-7.7469933e+01
0	2	13	10	-1.4783908e+02
0	2	13	11	-1.1362369e+02
0	2	13	12	-2.1314833e+02
0	2	13	13	-1.3747647e+02
0	2	13	14	-3.1319061e+02
0	2	13	15	-2.1729729e+02
0	2	13	16	-3.0197015e+02
0	2	13	17	-2.5985742e+02
0	2	13	18	-3.5138159e+02
0	2	13	19	-3.3578250e+02
0	2	13	20	-3.4690817e+02
0	2	13	21	-3.2005179e+02
0	2	13	22	-2.1421890e+02
0	2	13	23	-3.0422379e+02
0	2	13	24	-3.4065625e+02
0	2	13	25	-2.5120273e+02
0	2	13	26	-3.7196725e+02
0	2	13	27	-3.0645505e+02
0	2	13	28	-2.2027856e+02
0	2	13	29	-2.4129347e+02
0	2	13	30	-2.4113794e+02
0	2	13	31	-3.0197235e+02
0	2	13	32	-3.0893207e+02
0	2	13	33	-3.2695117e+02
0	2	13	34	3.0782358e+02
0	2	13	35	3.6869189e+02
0	2	13	36	3.6532205e+02
0	2	13	37	3.8155405e+02
0	2	13	38	4.1054916e+02
0	2	13	39	3.9078079e+02
0	2	13	40	4.2032611e+02
0	2	13	41	4.2070444e+02
0	2	13	42	4.1681982e+02
0	2	13	43	3.6480200e+02
0	2	13	44	4.4907629e+02
0	2	13	45	3.3489044e+02
0	2	13	46	4.2188617e+02
0	2	13	47	3.9247064e+02
0	2	13	48	4.4912247e+02
0	2	13	49	3.7831442e+02
0	2	13	50	4.4422299e+02
0	2	13	51	9.2818121e+02
0	2	13	52	9.9347791e+02
0	2	13	53	6.1472864e+02
0	2	13	54	6.7553973e+02
0	2	13	55	7.6675641e+02
0	2	13	56	8.4020251e+02
0	2	13	57	8.4689288e+02
0	2	13	58	6.4431848e+02
0	2	13	59	7.2242700e+02
0	2	13	60	7.4800018e+02
0	2	13	61	4.9163583e+02
0	2	13	62	6.0205286e+02
0	2	13	63	7.2927734e+02
0	2	14	0	-5.3125118e+01
0	2	14	1	-1.4777625e+02
0	2	14	2	-1.0393502e+02
0	2	14	3	1.4265759e+03
0	2	14	4	-2.4168932e+02
0	2	14	5	-2.2765518e+02
0	2	14	6	-2.2032024e+02
0	2	14	7	-6.7910896e+01
0	2	14	8	-1.6575879e+02
0	2	14	9	-1.3420976e+02
0	2	14	10	-1.7445160e+02
0	2	14	11	-1.8165982e+02
0	2	14	12	-3.0679272e+02
0	2	14	13	-7.8854355e+01
0	2	14	14	-2.1515965e+02
0	2	14	15	-1.4734988e+02
0	2	14	16	-2.0410789e+02
0	2	14	17	-3.1496344e+02
0	2	14	18	-2.1971461e+02
0	2	14	19	-3.4520050e+02
0	2	14	20	-2.5044832e+02
0	2	14	21	2.9170347e+03
0	2	14	22	-2.4416852e+02
0	2	14	23	-2.6721469e+02
0	2	14	24	-3.7667035e+02
0	2	14	25	-2.8496844e+02
0	2	14	26	-5.2640314e+02
0	2	14	27	-4.6030600e+02
0	2	14	28	-3.6665414e+02
0	2	14	29	-4.3586938e+02
0	2	14	30	-4.0776031e+02
0	2	14	31	-3.9932895e+02
0	2	14	32	-4.8843442e+02
0	2	14	33	-4.4348428e+02
0	2	14	34	2.4902927e+02
0	2	14	35	3.0899515e+02
0	2	14	36	2.5661728e+02
0	2	14	37	2.4964894e+02
0	2	14	38	3.4733575e+02
0	2	14	39	2.8811734e+02
0	2	14	40	3.3218509e+02
0	2	14	41	2.1333389e+02
0	2	14	42	3.5339874e+02
0	2	14	43	2.5953870e+02
0	2	14	44	3.6193832e+02
0	2	14	45	2.9147354e+02
0	2	14	46	2.3040872e+02
0	2	14	47	2.3294377e+02
0	2	14	48	2.1574080e+02
0	2	14	49	2.3425850e+02
0	2	14	50	3.5985443e+02
0	2	14	51	8.9992548e+02
0	2	14	52	9.0553070e+02
0	2	14	53	4.6595636e+02
0	2	14	54	5.4428961e+02
0	2	14	55	4.9177673e+02
0	2	14	56	7.1015472e+02
0	2	14	57	6.7149097e+02
0	2	14	58	6.7731573e+02
0	2	14	59	5.2974225e+02
0	2	14	60	5.0816156e+02
0	2	14	61	5.2704590e+02
0	2	14	62	6.3001593e+02
0	2	14	63	5.8418176e+02
0	2	15	0	-2.2952890e+02
0	2	15	1	-2.4848804e+02
0	2	15	2	-1.5214229e+02
0	2	15	3	-1.6264645e+02
0	2	15	4	-2.5572359e+02
0	2	15	5	-1.9631253e+02
0	2	15	6	-2.0038554e+02
0	2	15	7	-1.9924303e+02
0	2	15	8	-2.5989874e+02
0	2	15	9	-1.6049330e+02
0	2	15	10	-2.9175192e+02
0	2	15	11	-2.3735905e+02
0	2	15	12	-3.0712827e+02
0	2	15	13	-1.7510638e+02
0	2	15	14	-2.3067705e+02
0	2	15	15	-2.9146964e+02
0	2	15	16	-3.1538858e+02
0	2	15	17	-4.5550952e+02
0	2	15	18	-4.0931418e+02
0	2	15	19	-4.4796835e+02
0	2	15	20	-3.8153564e+02
0	2	15	21	-3.9711908e+02
0	2	15	22	-3.5161542e+02
0	2	15	23	-3.7791486e+02
0	2	15	24	-3.7744324e+02
0	2	15	25	-4.2244116e+02
0	2	15	26	-3.8740894e+02
0	2	15	27	-3.7889148e+02
0	2	15	28	-4.1016428e+02
0	2	15	29	-3.9648181e+02
0	2	15	30	-3.9107968e+02
0	2	15	31	-4.1778702e+02
0	2	15	32	-4.0197394e+02
0	2	15	33	-3.6821570e+02
0	2	15	34	3.4728021e+02
0	2	15	35	3.0416980e+02
0	2	15	36	3.7426050e+02
0	2	15	37	3.9174179e+02
0	2	15	38	3.1273410e+02
0	2	15	39	4.2280835e+02
0	2	15	40	5.5062885e+02
0	2	15	41	3.0341467e+02
0	2	15	42	4.8290259e+02
0	2	15	43	3.3404453e+02
0	2	15	44	5.4970807e+02
0	2	15	45	4.6201807e+02
0	2	15	46	4.6738062e+02
0	2	15	47	3.8320416e+02
0	2	15	48	0.0000000e+00
0	2	15	49	6.0434729e+02
0	2	15	50	4.3326306e+02
0	2	15	51	1.0267250e+03
0	2	15	52	1.0210942e+03
0	2	15	53	6.5441870e+02
0	2	15	54	6.9990601e+02
0	2	15	55	1.6979781e+03
0	2	15	56	1.4176609e+03
0	2	15	57	8.6802893e+02
0	2	15	58	6.3881219e+02
0	2	15	59	5.7653857e+02
0	2	15	60	1.2308927e+03
0	2	15	61	5.7895892e+02
0	2	15	62	5.6959357e+02
0	2	15	63	6.9356067e+02
1	0	0	0	-2.3582678e+02
1	0	0	1	-2.7521387e+02
1	0	0	2	-1.7803841e+02
1	0	0	3	-3.3528540e+02
1	0	0	4	-1.7487241e+02
1	0	0	5	-2.5087552e+02
1	0	0	6	-3.0058383e+02
1	0	0	7	-2.3290045e+02
1	0	0	8	-3.2163870e+02
1	0	0	9	-1.1199964e+02
1	0	0	10	-3.4573547e+02
1	0	0	11	-1.5162379e+02
1	0	0	12	-3.2017645e+02
1	0	0	13	-2.4046368e+02
1	0	0	14	-3.4758331e+02
1	0	0	15	-3.0130273e+02
1	0	0	16	-4.3035443e+02
1	0	0	17	-4.1941040e+02
1	0	0	18	-3.3834720e+02
1	0	0	19	-4.5842578e+02
1	0	0	20	-4.1699072e+02
1	0	0	21	-4.7954199e+02
1	0	0	22	-4.2985532e+02
1	0	0	23	-4.0695773e+02
1	0	0	24	-3.8755145e+02
1	0	0	25	-3.7743213e+02
1	0	0	26	-3.5322809e+02
1	0	0	27	-3.0755170e+02
1	0	0	28	-3.7798978e+02
1	0	0	29	-4.1029315e+02
1	0	0	30	-4.0401822e+02
1	0	0	31	-3.7425620e+02
1	0	0	32	-4.0089606e+02
1	0	0	33	-4.2003247e+02
1	0	0	34	2.5654636e+02
1	0	0	35	2.6557047e+02
1	0	0	36	2.9270236e+02
1	0	0	37	3.4816104e+02
1	0	0	38	3.1437177e+02
1	0	0	39	3.2994348e+02
1	0	0	40	2.7999115e+02
1	0	0	41	3.4756067e+02
1	0	0	42	4.6180386e+02
1	0	0	43	3.8168237e+02
1	0	0	44	4.4059912e+02
1	0	0	45	3.4965280e+02
1	0	0	46	3.5840295e+02
1	0	0	47	3.5096320e+02
1	0	0	48	4.5606403e+02
1	0	0	49	3.8323874e+02
1	0	0	50	3.7635284e+02
1	0	0	51	9.1734485e+02
1	0	0	52	1.0840929e+03
1	0	0	53	7.6110986e+02
1	0	0	54	6.5766327e+02
1	0	0	55	7.7852020e+02
1	0	0	56	8.3998413e+02
1	0	0	57	8.0745856e+02
1	0	0	58	6.1902887e+02
1	0	0	59	5.7279846e+02
1	0	0	60	6.8524121e+02
1	0	0	61	5.2816718e+02
1	0	0	62	5.9462451e+02
1	0	0	63	7.0168512e+02
1	0	1	0	2.5127174e+02
1	0	1	1	1.5315471e+02
1	0	1	2	1.0015611e+02
1	0	1	3	2.2659802e+02
1	0	1	4	3.7394321e+01
1	0	1	5	2.9601950e+02
1	0	1	6	1.2195221e+02
1	0	1	7	2.6920084e+02
1	0	1	8	1.6080284e+02
1	0	1	9	1.4142243e+01
1	0	1	10	1.2070805e+02
1	0	1	11	5.4474648e+01
1	0	1	12	1.1392991e+02
1	0	1	13	1.1245618e+02
1	0	1	14	5.4444450e+01
1	0	1	15	1.3163429e+02
1	0	1	16	4.8237556e+01
1	0	1	17	1.4275957e+02
1	0	1	18	1.1293362e+02
1	0	1	19	1.5736232e+02
1	0	1	20	4.9293655e+01
1	0	1	21	1.3113831e+02
1	0	1	22	6.6013802e+01
1	0	1	23	1.2806349e+02
1	0	1	24	2.9919807e+01
1	0	1	25	1.0585452e+02
1	0	1	26	1.5976196e+02
1	0	1	27	4.5856487e+01
1	0	1	28	9.5581451e+01
1	0	1	29	-3.3435432e+01
1	0	1	30	7.6170850e-01
1	0	1	31	-9.8285721e+01
1	0	1	32	3.0939354e+01
1	0	1	33	-2.6412659e+01
1	0	1	34	6.4135840e+02
1	0	1	35	6.1512268e+02
1	0	1	36	6.7487219e+02
1	0	1	37	6.2764490e+02
1	0	1	38	7.1877753e+02
1	0	1	39	6.3218494e+02
1	0	1	40	7.0989343e+02
1	0	1	41	6.3918878e+02
1	0	1	42	7.5055676e+02
1	0	1	43	6.2014563e+02
1	0	1	44	5.9148560e+02
1	0	1	45	6.2177625e+02
1	0	1	46	5.8939673e+02
1	0	1	47	6.3403784e+02
1	0	1	48	5.3769592e+02
1	0	1	49	5.4895337e+02
1	0	1	50	6.8721375e+02
1	0	1	51	1.1731918e+03
1	0	1	52	1.3155591e+03
1	0	1	53	8.8429156e+02
1	0	1	54	9.4844208e+02
1	0	1	55	8.7711951e+02
1	0	1	56	9.8160205e+02
1	0	1	57	1.0048541e+03
1	0	1	58	1.1281729e+03
1	0	1	59	9.0720770e+02
1	0	1	60	9.2440637e+02
1	0	1	61	8.4238812e+02
1	0	1	62	9.8348273e+02
1	0	1	63	9.6394757e+02
1	0	2	0	3.0284843e+01
1	0	2	1	-3.0096235e+01
1	0	2	2	-2.4171438e+01
1	0	2	3	-5.3053417e+00
1	0	2	4	-2.5407219e+01
1	0	2	5	-4.4326454e+01
1	0	2	6	-1.4532253e+00
1	0	2	7	-2.5121058e+01
1	0	2	8	-3.6687244e+01
1	0	2	9	8.2679024e+01
1	0	2	10	-1.3104433e+02
1	0	2	11	6.5589905e+01
1	0	2	12	-9.4378342e+01
1	0	2	13	-2.7402065e+01
1	0	2	14	-8.6506416e+01
1	0	2	15	-1.6364290e+02
1	0	2	16	-2.2125473e+02
1	0	2	17	-2.1526910e+02
1	0	2	18	-1.4372725e+02
1	0	2	19	-2.3274902e+02
1	0	2	20	-2.0551273e+02
1	0	2	21	-2.3342772e+02
1	0	2	22	-2.0012663e+02
1	0	2	23	-2.4568903e+02
1	0	2	24	-2.0760663e+02
1	0	2	25	-1.4091583e+02
1	0	2	26	-2.5720584e+02
1	0	2	27	-1.7351617e+02
1	0	2	28	-2.1189481e+02
1	0	2	29	-1.7864670e+02
1	0	2	30	-2.4429021e+02
1	0	2	31	-2.5605023e+02
1	0	2	32	-2.0456102e+02
1	0	2	33	-1.7402451e+02
1	0	2	34	4.8755499e+02
1	0	2	35	5.1900665e+02
1	0	2	36	5.2731750e+02
1	0	2	37	5.8135028e+02
1	0	2	38	5.2188586e+02
1	0	2	39	5.5812000e+02
1	0	2	40	5.7781683e+02
1	0	2	41	4.9035080e+02
1	0	2	42	6.9461115e+02
1	0	2	43	4.8991891e+02
1	0	2	44	5.9372327e+02
1	0	2	45	5.1604974e+02
1	0	2	46	5.5620837e+02
1	0	2	47	5.6925861e+02
1	0	2	48	7.1016162e+02
1	0	2	49	5.7537701e+02
1	0	2	50	6.4491394e+02
1	0	2	51	1.1889810e+03
1	0	2	52	1.2348298e+03
1	0	2	53	7.3651874e+02
1	0	2	54	7.5862006e+02
1	0	2	55	9.4761078e+02
1	0	2	56	9.8742865e+02
1	0	2	57	9.7867206e+02
1	0	2	58	8.1497308e+02
1	0	2	59	8.3463586e+02
1	0	2	60	8.5821704e+02
1	0	2	61	7.5794806e+02
1	0	2	62	8.2102325e+02
1	0	2	63	9.3399146e+02
1	0	3	0	2.1721559e+02
1	0	3	1	2.1310571e+02
1	0	3	2	9.1856400e+01
1	0	3	3	1.2872328e+02
1	0	3	4	7.2423157e+01
1	0	3	5	1.5647008e+02
1	0	3	6	8.0002052e+01
1	0	3	7	1.7492801e+02
1	0	3	8	8.5212784e+01
1	0	3	9	9.0514565e+01
1	0	3	10	1.5960413e+02
1	0	3	11	1.8255187e+00
1	0	3	12	9.8898840e+00
1	0	3	13	8.2412666e+01
1	0	3	14	5.7538067e+01
1	0	3	15	1.2292255e+02
1	0	3	16	-7.0121460e+01
1	0	3	17	5.8437874e+01
1	0	3	18	-1.9822630e+01
1	0	3	19	1.7960027e+02
1	0	3	20	-3.3098862e+00
1	0	3	21	1.7701963e+01
1	0	3	22	7.5282550e+00
1	0	3	23	2.3539457e+01
1	0	3	24	-6.8442558e+01
1	0	3	25	7.0698400e+00
1	0	3	26	-1.5151776e+02
1	0	3	27	-1.8460829e+01
1	0	3	28	-2.0960199e+01
1	0	3	29	3.6189516e+00
1	0	3	30	-1.0093852e+02
1	0	3	31	-1.3603873e+02
1	0	3	32	-1.5704120e+02
1	0	3	33	-1.1955624e+02
1	0	3	34	5.3192102e+02
1	0	3	35	5.1878033e+02
1	0	3	36	5.8307935e+02
1	0	3	37	5.1220184e+02
1	0	3	38	7.3116748e+02
1	0	3	39	6.1438263e+02
1	0	3	40	6.2820770e+02
1	0	3	41	6.7026447e+02
1	0	3	42	5.8126251e+02
1	0	3	43	4.9922165e+02
1	0	3	44	5.7842560e+02
1	0	3	45	5.3761029e+02
1	0	3	46	6.3731848e+02
1	0	3	47	5.5675671e+02
1	0	3	48	5.1797882e+02
1	0	3	49	5.3538727e+02
1	0	3	50	6.5527747e+02
1	0	3	51	1.2077546e+03
1	0	3	52	1.2092611e+03
1	0	3	53	7.9528900e+02
1	0	3	54	7.8500085e+02
1	0	3	55	8.3156812e+02
1	0	3	56	9.3925580e+02
1	0	3	57	9.8241138e+02
1	0	3	58	8.2876605e+02
1	0	3	59	7.4920331e+02
1	0	3	60	7.6064447e+02
1	0	3	61	7.0366705e+02
1	0	3	62	7.7438995e+02
1	0	3	63	7.2148059e+02
1	0	4	0	1.7833289e+02
1	0	4	1	9.4364548e+01
1	0	4	2	1.6133771e+02
1	0	4	3	2.0631879e+02
1	0	4	4	1.4775302e+02
1	0	4	5	2.0712332e+02
1	0	4	6	2.4035587e+02
1	0	4	7	8.5134697e+01
1	0	4	8	1.1977565e+02
1	0	4	9	1.8335751e+02
1	0	4	10	-5.2925896e+01
1	0	4	11	1.2583932e+02
1	0	4	12	5.5941208e+01
1	0	4	13	8.4297462e+01
1	0	4	14	1.9742725e+02
1	0	4	15	1.1043430e+02
1	0	4	16	-2.8333202e+01
1	0	4	17	-1.5362604e+01
1	0	4	18	4.1732361e+01
1	0	4	19	7.0984009e+01
1	0	4	20	3.9877506e+01
1	0	4	21	2.2378469e+01
1	0	4	22	4.8937546e+01
1	0	4	23	-3.4944145e+01
1	0	4	24	-2.4007730e+01
1	0	4	25	6.6302509e+00
1	0	4	26	-3.8056225e+01
1	0	4	27	1.4352489e+02
1	0	4	28	4.5940445e+01
1	0	4	29	7.6566954e+00
1	0	4	30	5.9454712e+01
1	0	4	31	5.5369762e+01
1	0	4	32	-3.5523518e+01
1	0	4	33	-2.9664585e+01
1	0	4	34	6.7412506e+02
1	0	4	35	6.9236182e+02
1	0	4	36	6.8523688e+02
1	0	4	37	7.1242114e+02
1	0	4	38	7.0479901e+02
1	0	4	39	7.6195459e+02
1	0	4	40	7.1448132e+02
1	0	4	41	7.0806213e+02
1	0	4	42	7.9390247e+02
1	0	4	43	8.4826306e+02
1	0	4	44	-8.4611798e+02
1	0	4	45	6.7499078e+02
1	0	4	46	7.9461407e+02
1	0	4	47	7.0608984e+02
1	0	4	48	7.4640375e+02
1	0	4	49	7.8157251e+02
1	0	4	50	7.5855994e+02
1	0	4	51	1.3561368e+03
1	0	4	52	1.4530046e+03
1	0	4	53	1.0839146e+03
1	0	4	54	9.7887750e+02
1	0	4	55	1.1737109e+03
1	0	4	56	1.2781659e+03
1	0	4	57	1.3069087e+03
1	0	4	58	1.1071294e+03
1	0	4	59	1.1427018e+03
1	0	4	60	1.0215851e+03
1	0	4	61	1.0967030e+03
1	0	4	62	9.6782855e+02
1	0	4	63	1.0974961e+03
1	0	5	0	2.1525494e+02
1	0	5	1	1.6434378e+02
1	0	5	2	1.2878555e+02
1	0	5	3	1.3078650e+02
1	0	5	4	2.9309315e+01
1	0	5	5	2.2985669e+02
1	0	5	6	1.7166823e+02
1	0	5	7	1.6720248e+02
1	0	5	8	2.4818845e+02
1	0	5	9	7.7894073e+01
1	0	5	10	1.8516805e+02
1	0	5	11	4.6469830e+01
1	0	5	12	5.4638596e+01
1	0	5	13	1.1067784e+02
1	0	5	14	-7.1281443e+00
1	0	5	15	2.3842952e+02
1	0	5	16	5.0963879e+01
1	0	5	17	1.3588715e+01
1	0	5	18	-5.2367764e+00
1	0	5	19	4.3904991e+01
1	0	5	20	-7.9500862e+01
1	0	5	21	4.1385754e+01
1	0	5	22	2.8403587e+01
1	0	5	23	8.5543526e+01
1	0	5	24	1.2429315e+02
1	0	5	25	-1.1940244e+01
1	0	5	26	-9.9933815e+01
1	0	5	27	-4.1035255e+01
1	0	5	28	-2.3586655e+01
1	0	5	29	-1.0071246e+01
1	0	5	30	-9.2634247e+01
1	0	5	31	-7.8516510e+01
1	0	5	32	2.3746735e+01
1	0	5	33	-1.2367937e+02
1	0	5	34	6.8715295e+02
1	0	5	35	6.9132245e+02
1	0	5	36	6.1080261e+02
1	0	5	37	6.0253326e+02
1	0	5	38	6.5181860e+02
1	0	5	39	6.4411060e+02
1	0	5	40	6.6787061e+02
1	0	5	41	6.1696625e+02
1	0	5	42	6.4036432e+02
1	0	5	43	5.3534662e+02
1	0	5	44	6.4856537e+02
1	0	5	45	5.6183826e+02
1	0	5	46	5.7701141e+02
1	0	5	47	6.5980817e+02
1	0	5	48	5.1385297e+02
1	0	5	49	5.7244720e+02
1	0	5	50	7.3300830e+02
1	0	5	51	1.1875803e+03
1	0	5	52	1.2346188e+03
1	0	5	53	9.7251105e+02
1	0	5	54	8.5217035e+02
1	0	5	55	8.8624463e+02
1	0	5	56	1.0390482e+03
1	0	5	57	1.0568102e+03
1	0	5	58	9.1997406e+02
1	0	5	59	8.5552643e+02
1	0	5	60	8.9354724e+02
1	0	5	61	7.2851300e+02
1	0	5	62	9.2648370e+02
1	0	5	63	9.4526404e+02
1	0	6	0	2.2935770e+02
1	0	6	1	2.4338614e+02
1	0	6	2	3.8342874e+02
1	0	6	3	2.1256810e+02
1	0	6	4	2.2730763e+02
1	0	6	5	1.8695815e+02
1	0	6	6	1.5006111e+02
1	0	6	7	2.1722701e+02
1	0	6	8	1.7254460e+02
1	0	6	9	3.3774957e+02
1	0	6	10	1.9733405e+02
1	0	6	11	3.0693259e+02
1	0	6	12	1.1232893e+02
1	0	6	13	1.9399313e+02
1	0	6	14	1.7428734e+02
1	0	6	15	2.6008887e+02
1	0	6	16	1.1404623e+02
1	0	6	17	7.4051590e+01
1	0	6	18	1.4793985e+02
1	0	6	19	5.8865196e+01
1	0	6	20	1.7550491e+02
1	0	6	21	1.2055719e+02
1	0	6	22	8.4329292e+01
1	0	6	23	1.2979210e+02
1	0	6	24	1.2718848e+02
1	0	6	25	1.4190619e+02
1	0	6	26	1.1202364e+02
1	0	6	27	1.3108141e+02
1	0	6	28	8.9830833e+01
1	0	6	29	1.1563704e+02
1	0	6	30	7.6869827e+01
1	0	6	31	2.7805534e+01
1	0	6	32	1.9608398e+01
1	0	6	33	6.8968369e+01
1	0	6	34	8.1916040e+02
1	0	6	35	8.7947675e+02
1	0	6	36	8.8837866e+02
1	0	6	37	8.4839716e+02
1	0	6	38	8.8816687e+02
1	0	6	39	8.5526599e+02
1	0	6	40	7.7031879e+02
1	0	6	41	8.1566736e+02
1	0	6	42	8.8466040e+02
1	0	6	43	9.3779102e+02
1	0	6	44	1.0059661e+03
1	0	6	45	8.3296429e+02
1	0	6	46	9.9128485e+02
1	0	6	47	8.2752698e+02
1	0	6	48	9.2991949e+02
1	0	6	49	8.7486432e+02
1	0	6	50	9.7957745e+02
1	0	6	51	1.4590189e+03
1	0	6	52	1.4634615e+03
1	0	6	53	1.0833740e+03
1	0	6	54	1.1083854e+03
1	0	6	55	1.2203229e+03
1	0	6	56	1.3432821e+03
1	0	6	57	1.3347179e+03
1	0	6	58	1.2078546e+03
1	0	6	59	1.1422760e+03
1	0	6	60	1.1011001e+03
1	0	6	61	9.4383423e+02
1	0	6	62	1.0280741e+03
1	0	6	63	1.0830125e+03
1	0	7	0	4.2091299e+02
1	0	7	1	3.2387265e+02
1	0	7	2	2.8404437e+02
1	0	7	3	3.6938409e+02
1	0	7	4	3.0465659e+02
1	0	7	5	4.0989221e+02
1	0	7	6	3.5692728e+02
1	0	7	7	4.5565250e+02
1	0	7	8	3.0411432e+02
1	0	7	9	3.1466748e+02
1	0	7	10	2.7611224e+02
1	0	7	11	3.2377924e+02
1	0	7	12	2.2514636e+02
1	0	7	13	2.9983624e+02
1	0	7	14	2.1143057e+02
1	0	7	15	2.5294458e+02
1	0	7	16	2.2528914e+02
1	0	7	17	2.1334210e+02
1	0	7	18	2.2012970e+02
1	0	7	19	2.5728610e+02
1	0	7	20	1.8624805e+02
1	0	7	21	1.7340314e+02
1	0	7	22	2.5942972e+02
1	0	7	23	2.3473665e+02
1	0	7	24	2.4738397e+02
1	0	7	25	1.4785974e+02
1	0	7	26	1.6315933e+02
1	0	7	27	1.8410995e+02
1	0	7	28	2.2321065e+02
1	0	7	29	1.2477145e+02
1	0	7	30	1.7529424e+02
1	0	7	31	1.5613785e+02
1	0	7	32	8.3741867e+01
1	0	7	33	1.6730280e+02
1	0	7	34	8.2981091e+02
1	0	7	35	7.9546753e+02
1	0	7	36	8.4575787e+02
1	0	7	37	-9.9497490e+03
1	0	7	38	9.1077429e+02
1	0	7	39	8.6691437e+02
1	0	7	40	8.3557416e+02
1	0	7	41	7.7128302e+02
1	0	7	42	8.5610193e+02
1	0	7	43	7.7288306e+02
1	0	7	44	8.7269354e+02
1	0	7	45	7.8063361e+02
1	0	7	46	7.1567139e+02
1	0	7	47	7.6803436e+02
1	0	7	48	7.4886694e+02
1	0	7	49	7.5199933e+02
1	0	7	50	7.5293469e+02
1	0	7	51	1.3412167e+03
1	0	7	52	1.3155964e+03
1	0	7	53	1.0437004e+03
1	0	7	54	1.0862356e+03
1	0	7	55	-9.9497490e+03
1	0	7	56	1.1921265e+03
1	0	7	57	1.2345591e+03
1	0	7	58	1.1639435e+03
1	0	7	59	1.1012603e+03
1	0	7	60	1.1977051e+03
1	0	7	61	1.0918469e+03
1	0	7	62	1.0940251e+03
1	0	7	63	1.0803022e+03
1	0	8	0	3.7050131e+02
1	0	8	1	4.0916891e+02
1	0	8	2	2.9084668e+02
1	0	8	3	2.3188855e+02
1	0	8	4	2.5671124e+02
1	0	8	5	2.6338626e+02
1	0	8	6	2.2520132e+02
1	0	8	7	2.2924792e+02
1	0	8	8	2.2016223e+02
1	0	8	9	3.3555649e+02
1	0	8	10	8.4757401e+01
1	0	8	11	4.7878345e+02
1	0	8	12	2.9322006e+02
1	0	8	13	2.7468967e+02
1	0	8	14	1.8322688e+02
1	0	8	15	1.8530946e+02
1	0	8	16	1.1437801e+02
1	0	8	17	1.4225464e+02
1	0	8	18	5.7138664e+01
1	0	8	19	9.5628006e+01
1	0	8	20	1.3657826e+02
1	0	8	21	6.8602623e+01
1	0	8	22	1.8081488e+02
1	0	8	23	3.4984982e+02
1	0	8	24	9.0013336e+01
1	0	8	25	1.0650017e+02
1	0	8	26	1.1455629e+02
1	0	8	27	9.9049660e+01
1	0	8	28	9.2762917e+01
1	0	8	29	3.5661987e+01
1	0	8	30	1.4673624e+02
1	0	8	31	2.5512468e+02
1	0	8	32	7.7369385e+01
1	0	8	33	9.6808426e+01
1	0	8	34	7.2983301e+02
1	0	8	35	8.4419946e+02
1	0	8	36	8.0814343e+02
1	0	8	37	9.7428900e+02
1	0	8	38	8.8078296e+02
1	0	8	39	8.7766455e+02
1	0	8	40	8.8976575e+02
1	0	8	41	8.0540918e+02
1	0	8	42	8.8497430e+02
1	0	8	43	8.3199536e+02
1	0	8	44	9.3550824e+02
1	0	8	45	8.7401343e+02
1	0	8	46	8.5185492e+02
1	0	8	47	8.6947943e+02
1	0	8	48	1.0640812e+03
1	0	8	49	8.5856171e+02
1	0	8	50	-1.6886875e+01
1	0	8	51	1.6634218e+03
1	0	8	52	1.5744988e+03
1	0	8	53	1.0330417e+03
1	0	8	54	1.0696876e+03
1	0	8	55	1.2320720e+03
1	0	8	56	1.3811388e+03
1	0	8	57	1.3742070e+03
1	0	8	58	1.1986733e+03
1	0	8	59	1.1084861e+03
1	0	8	60	1.2440087e+03
1	0	8	61	1.2409160e+03
1	0	8	62	1.1887098e+03
1	0	8	63	1.1761678e+03
1	0	9	0	5.3834430e+02
1	0	9	1	3.5935873e+02
1	0	9	2	4.5070605e+02
1	0	9	3	4.5596475e+02
1	0	9	4	3.2542770e+02
1	0	9	5	6.4245636e+02
1	0	9	6	3.9661517e+02
1	0	9	7	4.2049683e+02
1	0	9	8	5.4065460e+02
1	0	9	9	3.2470703e+02
1	0	9	10	4.8083499e+02
1	0	9	11	3.1331693e+02
1	0	9	12	3.1357492e+02
1	0	9	13	4.3387695e+02
1	0	9	14	2.8751968e+02
1	0	9	15	3.9063043e+02
1	0	9	16	3.2927084e+02
1	0	9	17	2.9077658e+02
1	0	9	18	2.7228009e+02
1	0	9	19	2.6572803e+02
1	0	9	20	2.6154980e+02
1	0	9	21	2.2036070e+02
1	0	9	22	3.7530316e+02
1	0	9	23	3.4663474e+02
1	0	9	24	1.7995818e+02
1	0	9	25	3.5804230e+02
1	0	9	26	1.6917776e+02
1	0	9	27	2.4756058e+02
1	0	9	28	1.6962422e+02
1	0	9	29	1.7057779e+02
1	0	9	30	2.1050166e+02
1	0	9	31	1.2399762e+02
1	0	9	32	1.7829204e+02
1	0	9	33	1.6576392e+02
1	0	9	34	9.6503119e+02
1	0	9	35	8.7604431e+02
1	0	9	36	1.0000929e+03
1	0	9	37	9.3986810e+02
1	0	9	38	1.0498945e+03
1	0	9	39	8.5034918e+02
1	0	9	40	1.0116201e+03
1	0	9	41	8.7212988e+02
1	0	9	42	9.4555627e+02
1	0	9	43	9.8132959e+02
1	0	9	44	9.3249683e+02
1	0	9	45	8.4808136e+02
1	0	9	46	9.7693030e+02
1	0	9	47	9.0465558e+02
1	0	9	48	8.9731818e+02
1	0	9	49	7.9962976e+02
1	0	9	50	1.0087643e+03
1	0	9	51	1.3656392e+03
1	0	9	52	1.5581775e+03
1	0	9	53	1.0949589e+03
1	0	9	54	1.1447877e+03
1	0	9	55	1.0766232e+03
1	0	9	56	1.2658798e+03
1	0	9	57	1.2911399e+03
1	0	9	58	1.2472378e+03
1	0	9	59	1.1195305e+03
1	0	9	60	1.0799933e+03
1	0	9	61	1.0558180e+03
1	0	9	62	1.1701552e+03
1	0	9	63	1.2993636e+03
1	0	10	0	1.6418871e+02
1	0	10	1	6.0897537e+01
1	0	10	2	2.3745805e+02
1	0	10	3	1.8156656e+02
1	0	10	4	1.4488574e+02
1	0	10	5	1.5010391e+02
1	0	10	6	1.8826414e+02
1	0	10	7	1.6810030e+02
1	0	10	8	-1.8502873e+02
1	0	10	9	2.1717267e+02
1	0	10	10	3.4922428e+01
1	0	10	11	2.5465170e+02
1	0	10	12	1.2506487e+02
1	0	10	13	1.7488637e+02
1	0	10	14	6.2155376e+01
1	0	10	15	2.1339281e+02
1	0	10	16	-6.8439293e+01
1	0	10	17	-6.9505005e+01
1	0	10	18	3.0629528e+01
1	0	10	19	2.8485451e+01
1	0	10	20	3.8328175e+01
1	0	10	21	3.9136917e+01
1	0	10	22	2.5726166e+01
1	0	10	23	-1.4577370e+01
1	0	10	24	4.6213696e+01
1	0	10	25	-1.1205253e+01
1	0	10	26	3.7102665e+01
1	0	10	27	1.0823862e+02
1	0	10	28	8.7553986e+01
1	0	10	29	4.8379246e+01
1	0	10	30	3.7041183e+01
1	0	10	31	3.6652412e+01
1	0	10	32	1.5494639e+01
1	0	10	33	-6.0198902e+01
1	0	10	34	6.9052832e+02
1	0	10	35	7.5483038e+02
1	0	10	36	7.6700189e+02
1	0	10	37	8.0658295e+02
1	0	10	38	7.6017603e+02
1	0	10	39	7.2312091e+02
1	0	10	40	7.2669513e+02
1	0	10	41	7.4425110e+02
1	0	10	42	8.8535773e+02
1	0	10	43	8.5719055e+02
1	0	10	44	9.4432764e+02
1	0	10	45	7.7727765e+02
1	0	10	46	7.8843005e+02
1	0	10	47	7.8277106e+02
1	0	10	48	7.9706256e+02
1	0	10	49	8.4427039e+02
1	0	10	50	7.6825476e+02
1	0	10	51	1.4491599e+03
1	0	10	52	1.4733973e+03
1	0	10	53	7.0031635e+02
1	0	10	54	-4.2145957e+03
1	0	10	55	1.1463591e+03
1	0	10	56	1.2717277e+03
1	0	10	57	1.1933820e+03
1	0	10	58	1.1214631e+03
1	0	10	59	9.9040552e+02
1	0	10	60	1.1292610e+03
1	0	10	61	1.0104730e+03
1	0	10	62	9.9592938e+02
1	0	10	63	1.1085753e+03
1	0	11	0	3.3525909e+02
1	0	11	1	3.0486292e+02
1	0	11	2	2.0393358e+02
1	0	11	3	3.0116290e+02
1	0	11	4	2.1537195e+02
1	0	11	5	2.8091428e+02
1	0	11	6	2.2618408e+02
1	0	11	7	3.3939117e+02
1	0	11	8	2.8237793e+02
1	0	11	9	2.9997177e+02
1	0	11	10	2.8797198e+02
1	0	11	11	2.1698138e+02
1	0	11	12	1.4418933e+02
1	0	11	13	3.2071957e+02
1	0	11	14	1.3475696e+02
1	0	11	15	2.8631662e+02
1	0	11	16	1.5477565e+02
1	0	11	17	2.1551550e+02
1	0	11	18	1.9576045e+02
1	0	11	19	1.9329509e+02
1	0	11	20	1.6812694e+02
1	0	11	21	1.5589748e+02
1	0	11	22	2.0774033e+02
1	0	11	23	2.1158965e+02
1	0	11	24	7.2549599e+01
1	0	11	25	1.6907352e+02
1	0	11	26	9.2816971e+01
1	0	11	27	1.3451991e+02
1	0	11	28	1.9138617e+02
1	0	11	29	7.3309860e+01
1	0	11	30	1.0852976e+02
1	0	11	31	1.1467357e+02
1	0	11	32	1.2405035e+02
1	0	11	33	8.1949928e+01
1	0	11	34	7.6721503e+02
1	0	11	35	7.6649548e+02
1	0	11	36	8.0747211e+02
1	0	11	37	8.3826862e+02
1	0	11	38	8.4684692e+02
1	0	11	39	8.1172833e+02
1	0	11	40	-6.0849517e+03
1	0	11	41	7.7082306e+02
1	0	11	42	8.1123425e+02
1	0	11	43	8.0990417e+02
1	0	11	44	7.9601929e+02
1	0	11	45	8.1020844e+02
1	0	11	46	8.6088867e+02
1	0	11	47	7.3087799e+02
1	0	11	48	7.5353711e+02
1	0	11	49	7.6419727e+02
1	0	11	50	9.3617999e+02
1	0	11	51	1.3200770e+03
1	0	11	52	1.3766301e+03
1	0	11	53	9.8119299e+02
1	0	11	54	1.0754741e+03
1	0	11	55	1.0374421e+03
1	0	11	56	1.1409963e+03
1	0	11	57	1.1930243e+03
1	0	11	58	1.0910068e+03
1	0	11	59	1.1030260e+03
1	0	11	60	9.7977557e+02
1	0	11	61	9.9877277e+02
1	0	11	62	1.0230165e+03
1	0	11	63	1.0266099e+03
1	0	12	0	6.3036301e+01
1	0	12	1	-6.1043293e+01
1	0	12	2	-2.5208055e+01
1	0	12	3	-1.5280670e+02
1	0	12	4	-9.9497490e+03
1	0	12	5	-6.6206642e+01
1	0	12	6	-9.9497490e+03
1	0	12	7	2.6521130e+01
1	0	12	8	-1.1486935e+02
1	0	12	9	-8.3942914e-01
1	0	12	10	-2.4399927e+02
1	0	12	11	-4.9978336e+01
1	0	12	12	-1.3752357e+02
1	0	12	13	-6.1241337e+01
1	0	12	14	-1.2952446e+02
1	0	12	15	-1.2383543e+02
1	0	12	16	-2.1389200e+02
1	0	12	17	-2.0070647e+02
1	0	12	18	-2.2539536e+02
1	0	12	19	-2.6565979e+02
1	0	12	20	-2.2814128e+02
1	0	12	21	-2.1427541e+02
1	0	12	22	-2.2713867e+02
1	0	12	23	-1.6578232e+02
1	0	12	24	-1.3499588e+02
1	0	12	25	-1.6724893e+02
1	0	12	26	-1.8743164e+02
1	0	12	27	-9.9497490e+03
1	0	12	28	-9.8278099e+01
1	0	12	29	-2.3681158e+02
1	0	12	30	-1.6320039e+02
1	0	12	31	-1.2119961e+02
1	0	12	32	-2.4474936e+02
1	0	12	33	-7.5653389e+01
1	0	12	34	4.4016687e+02
1	0	12	35	5.6582526e+02
1	0	12	36	5.0032742e+02
1	0	12	37	5.6541626e+02
1	0	12	38	5.3163354e+02
1	0	12	39	6.0659869e+02
1	0	12	40	4.8316995e+02
1	0	12	41	5.1028650e+02
1	0	12	42	5.2969434e+02
1	0	12	43	6.0644781e+02
1	0	12	44	6.7534607e+02
1	0	12	45	5.1610022e+02
1	0	12	46	6.5235626e+02
1	0	12	47	5.5066455e+02
1	0	12	48	5.4779169e+02
1	0	12	49	5.3479401e+02
1	0	12	50	5.3835541e+02
1	0	12	51	1.2511978e+03
1	0	12	52	1.1697316e+03
1	0	12	53	8.2392828e+02
1	0	12	54	8.5628448e+02
1	0	12	55	9.1455841e+02
1	0	12	56	1.0103231e+03
1	0	12	57	9.0079382e+02
1	0	12	58	8.7418707e+02
1	0	12	59	7.8261957e+02
1	0	12	60	9.3152051e+02
1	0	12	61	8.8401520e+02
1	0	12	62	8.2079980e+02
1	0	12	63	9.7120972e+02
1	0	13	0	2.1478163e+02
1	0	13	1	1.0445151e+02
1	0	13	2	7.2307663e+00
1	0	13	3	1.3824240e+02
1	0	13	4	1.0921266e+02
1	0	13	5	1.6440236e+02
1	0	13	6	9.9987442e+01
1	0	13	7	1.2747117e+02
1	0	13	8	6.4366631e+01
1	0	13	9	3.9095909e+01
1	0	13	10	1.1699364e+02
1	0	13	11	-3.6028416e+01
1	0	13	12	1.5899862e+01
1	0	13	13	3.7492805e+01
1	0	13	14	2.4260178e+01
1	0	13	15	-2.2429218e+01
1	0	13	16	-3.6178936e+01
1	0	13	17	-8.5560661e+01
1	0	13	18	-1.8567607e+02
1	0	13	19	-1.1071852e+01
1	0	13	20	-1.0731593e+02
1	0	13	21	-1.3156250e+02
1	0	13	22	-9.6850494e+01
1	0	13	23	-2.0629412e+01
1	0	13	24	-6.8444923e+01
1	0	13	25	-5.0552853e+01
1	0	13	26	-1.3069635e+02
1	0	13	27	-1.0839552e+02
1	0	13	28	-1.3571268e+02
1	0	13	29	-1.1115212e+02
1	0	13	30	-8.0404472e+01
1	0	13	31	-1.3521483e+02
1	0	13	32	-1.6563376e+02
1	0	13	33	-2.0055695e+02
1	0	13	34	5.2761188e+02
1	0	13	35	5.1090088e+02
1	0	13	36	5.1192792e+02
1	0	13	37	5.0586191e+02
1	0	13	38	6.0957086e+02
1	0	13	39	5.5603333e+02
1	0	13	40	5.3981238e+02
1	0	13	41	4.5421286e+02
1	0	13	42	5.8497369e+02
1	0	13	43	4.4954004e+02
1	0	13	44	4.8210724e+02
1	0	13	45	4.5794730e+02
1	0	13	46	5.7406451e+02
1	0	13	47	5.8854297e+02
1	0	13	48	5.9483569e+02
1	0	13	49	4.8619696e+02
1	0	13	50	5.8795264e+02
1	0	13	51	1.1308823e+03
1	0	13	52	1.1737173e+03
1	0	13	53	8.4384637e+02
1	0	13	54	7.8532501e+02
1	0	13	55	7.8642767e+02
1	0	13	56	9.6829077e+02
1	0	13	57	9.6174030e+02
1	0	13	58	8.3332941e+02
1	0	13	59	7.6230396e+02
1	0	13	60	7.7079529e+02
1	0	13	61	8.2538257e+02
1	0	13	62	8.6839594e+02
1	0	13	63	7.3018152e+02
1	0	14	0	-2.5547914e+02
1	0	14	1	-2.2042668e+02
1	0	14	2	-1.5120369e+02
1	0	14	3	-2.5951801e+02
1	0	14	4	-2.4915948e+02
1	0	14	5	-2.3485147e+02
1	0	14	6	-2.3940619e+02
1	0	14	7	-2.4704279e+02
1	0	14	8	-2.5746405e+02
1	0	14	9	-1.4601311e+02
1	0	14	10	-3.2509222e+02
1	0	14	11	-2.0399236e+02
1	0	14	12	-3.4320209e+02
1	0	14	13	-3.1762183e+02
1	0	14	14	-3.6992935e+02
1	0	14	15	-2.8468228e+02
1	0	14	16	-4.7867569e+02
1	0	14	17	-4.8147131e+02
1	0	14	18	-4.3220370e+02
1	0	14	19	-4.3054047e+02
1	0	14	20	-4.6933295e+02
1	0	14	21	-4.1417316e+02
1	0	14	22	-4.2401077e+02
1	0	14	23	-3.5947635e+02
1	0	14	24	-4.6469867e+02
1	0	14	25	-3.4803885e+02
1	0	14	26	-5.3400275e+02
1	0	14	27	-3.4623038e+02
1	0	14	28	-3.7447577e+02
1	0	14	29	-4.2108423e+02
1	0	14	30	-3.9053690e+02
1	0	14	31	-3.9353473e+02
1	0	14	32	-4.3352835e+02
1	0	14	33	-4.3291595e+02
1	0	14	34	2.3739662e+02
1	0	14	35	2.8425366e+02
1	0	14	36	2.8063010e+02
1	0	14	37	3.8088434e+02
1	0	14	38	2.5646088e+02
1	0	14	39	4.4356580e+02
1	0	14	40	3.5801486e+02
1	0	14	41	2.9890179e+02
1	0	14	42	4.3913727e+02
1	0	14	43	4.1716629e+02
1	0	14	44	5.4791437e+02
1	0	14	45	4.2360684e+02
1	0	14	46	5.0266492e+02
1	0	14	47	3.9204727e+02
1	0	14	48	5.0052756e+02
1	0	14	49	-3.3422644e+02
1	0	14	50	4.5926645e+02
1	0	14	51	1.0323047e+03
1	0	14	52	9.6345679e+02
1	0	14	53	6.8991931e+02
1	0	14	54	6.8272516e+02
1	0	14	55	7.6147632e+02
1	0	14	56	9.2292108e+02
1	0	14	57	8.3698926e+02
1	0	14	58	7.0207794e+02
1	0	14	59	7.1506287e+02
1	0	14	60	7.6451416e+02
1	0	14	61	4.6037720e+02
1	0	14	62	5.9575323e+02
1	0	14	63	6.7764258e+02
1	0	15	0	1.0844086e+02
1	0	15	1	8.2710587e+01
1	0	15	2	-4.9264420e+01
1	0	15	3	3.8773495e+01
1	0	15	4	-1.1842282e+02
1	0	15	5	5.3721626e+01
1	0	15	6	4.5643867e+01
1	0	15	7	1.7967076e+02
1	0	15	8	-1.9135950e+01
1	0	15	9	-5.2237297e+01
1	0	15	10	6.7855430e+00
1	0	15	11	5.2574902e+00
1	0	15	12	-2.1283432e+01
1	0	15	13	4.6465464e+00
1	0	15	14	-1.7407160e+01
1	0	15	15	4.2137779e+01
1	0	15	16	-9.8781876e+01
1	0	15	17	-4.3488571e+01
1	0	15	18	-1.0209061e+02
1	0	15	19	-8.3764999e+01
1	0	15	20	-1.5376158e+02
1	0	15	21	-4.2562519e+01
1	0	15	22	-5.6044590e+01
1	0	15	23	-5.5520348e+01
1	0	15	24	-4.6557796e+01
1	0	15	25	-8.5372932e+01
1	0	15	26	-1.5036963e+02
1	0	15	27	-2.1636293e+02
1	0	15	28	-8.2629066e+01
1	0	15	29	-1.0163828e+02
1	0	15	30	-1.5484087e+02
1	0	15	31	-2.1054074e+02
1	0	15	32	-2.2034447e+02
1	0	15	33	-2.6717767e+02
1	0	15	34	4.4437991e+02
1	0	15	35	3.8750519e+02
1	0	15	36	5.4219513e+02
1	0	15	37	4.4749155e+02
1	0	15	38	5.8631232e+02
1	0	15	39	5.0569626e+02
1	0	15	40	5.4329608e+02
1	0	15	41	4.2462369e+02
1	0	15	42	4.9488232e+02
1	0	15	43	4.1403534e+02
1	0	15	44	4.6980994e+02
1	0	15	45	3.9881107e+02
1	0	15	46	5.0323038e+02
1	0	15	47	4.5657178e+02
1	0	15	48	4.4607147e+02
1	0	15	49	4.1073969e+02
1	0	15	50	5.3835437e+02
1	0	15	51	1.0022168e+03
1	0	15	52	1.0509463e+03
1	0	15	53	6.7882367e+02
1	0	15	54	7.5688763e+02
1	0	15	55	7.1415778e+02
1	0	15	56	8.4447748e+02
1	0	15	57	8.4739099e+02
1	0	15	58	8.2649005e+02
1	0	15	59	6.7998163e+02
1	0	15	60	6.5246790e+02
1	0	15	61	6.6506097e+02
1	0	15	62	7.2303119e+02
1	0	15	63	7.4576562e+02
1	1	0	0	-3.5817865e+02
1	1	0	1	-5.3638391e+02
1	1	0	2	-4.7165881e+02
1	1	0	3	-4.6205841e+02
1	1	0	4	-6.4853705e+02
1	1	0	5	-5.0862967e+02
1	1	0	6	-6.2535529e+02
1	1	0	7	-4.2589590e+02
1	1	0	8	-4.7099222e+02
1	1	0	9	-5.3705585e+02
1	1	0	10	-5.8984198e+02
1	1	0	11	-6.2739465e+02
1	1	0	12	-5.3207104e+02
1	1	0	13	-5.4617938e+02
1	1	0	14	-4.8981287e+02
1	1	0	15	-5.5015485e+02
1	1	0	16	-6.6076868e+02
1	1	0	17	-7.6944617e+02
1	1	0	18	-6.0303424e+02
1	1	0	19	-6.6264685e+02
1	1	0	20	-6.3243201e+02
1	1	0	21	-6.6466431e+02
1	1	0	22	-6.6472467e+02
1	1	0	23	-6.7463440e+02
1	1	0	24	-7.4169293e+02
1	1	0	25	-6.5542419e+02
1	1	0	26	-7.5676587e+02
1	1	0	27	-8.7959497e+02
1	1	0	28	-7.1800482e+02
1	1	0	29	-7.9325305e+02
1	1	0	30	-7.3765955e+02
1	1	0	31	-7.3466901e+02
1	1	0	32	-8.3582050e+02
1	1	0	33	-8.6581567e+02
1	1	0	34	-1.1566552e+02
1	1	0	35	-1.4023941e+02
1	1	0	36	-8.9616661e+01
1	1	0	37	-1.3067642e+02
1	1	0	38	-5.6610058e+01
1	1	0	39	-9.8956215e+01
1	1	0	40	-1.1774957e+02
1	1	0	41	-1.4303386e+02
1	1	0	42	-8.6227814e+01
1	1	0	43	-6.4631744e+01
1	1	0	44	-1.2397429e+02
1	1	0	45	-9.5357124e+01
1	1	0	46	-2.1266278e+02
1	1	0	47	-1.6183168e+02
1	1	0	48	-1.8005617e+02
1	1	0	49	-2.2019312e+02
1	1	0	50	-1.2293089e+02
1	1	0	51	4.4148575e+02
1	1	0	52	4.2353033e+02
1	1	0	53	6.4337166e+01
1	1	0	54	1.9443466e+01
1	1	0	55	4.4415295e+01
1	1	0	56	2.3172870e+02
1	1	0	57	2.9096582e+02
1	1	0	58	2.0556316e+02
1	1	0	59	8.7710732e+01
1	1	0	60	1.1973898e+02
1	1	0	61	1.3890419e+02
1	1	0	62	1.6045157e+02
1	1	0	63	1.1200238e+02
1	1	1	0	-6.7785059e+02
1	1	1	1	-7.3316650e+02
1	1	1	2	-5.6300262e+02
1	1	1	3	-7.2644836e+02
1	1	1	4	-6.2385962e+02
1	1	1	5	-6.4169135e+02
1	1	1	6	-6.0415387e+02
1	1	1	7	-6.8764130e+02
1	1	1	8	-6.8400635e+02
1	1	1	9	-5.4665094e+02
1	1	1	10	-7.1512085e+02
1	1	1	11	-5.9272284e+02
1	1	1	12	-7.0293634e+02
1	1	1	13	-6.7607343e+02
1	1	1	14	-7.0631561e+02
1	1	1	15	-6.4031763e+02
1	1	1	16	-9.0256683e+02
1	1	1	17	-7.7002704e+02
1	1	1	18	-7.1256799e+02
1	1	1	19	-7.8101343e+02
1	1	1	20	-8.3200433e+02
1	1	1	21	-7.5418488e+02
1	1	1	22	-7.1379987e+02
1	1	1	23	-8.1283130e+02
1	1	1	24	-8.5696692e+02
1	1	1	25	-6.8615533e+02
1	1	1	26	-7.7056342e+02
1	1	1	27	-7.2934412e+02
1	1	1	28	-7.5547638e+02
1	1	1	29	-7.8909283e+02
1	1	1	30	-7.0846655e+02
1	1	1	31	-8.4424420e+02
1	1	1	32	-7.8282489e+02
1	1	1	33	-7.2999579e+02
1	1	1	34	-2.0351278e+01
1	1	1	35	-4.3713161e+01
1	1	1	36	5.0092506e+01
1	1	1	37	1.4840996e+02
1	1	1	38	-4.3994182e-01
1	1	1	39	5.7356533e+01
1	1	1	40	2.0150516e+02
1	1	1	41	6.0729820e+01
1	1	1	42	1.2498998e+02
1	1	1	43	6.9116435e+00
1	1	1	44	1.8782402e+02
1	1	1	45	5.2946827e+01
1	1	1	46	7.8338310e+01
1	1	1	47	9.7022644e+01
1	1	1	48	2.0164989e+02
1	1	1	49	1.0246819e+02
1	1	1	50	1.4174321e+02
1	1	1	51	7.0990729e+02
1	1	1	52	7.9267621e+02
1	1	1	53	4.2406274e+02
1	1	1	54	4.3308545e+02
1	1	1	55	3.4551202e+02
1	1	1	56	6.1799469e+02
1	1	1	57	5.4146405e+02
1	1	1	58	3.7675922e+02
1	1	1	59	3.7327841e+02
1	1	1	60	5.1470923e+02
1	1	1	61	3.2177811e+02
1	1	1	62	2.0152280e+02
1	1	1	63	4.2776260e+02
1	1	2	0	-1.0106331e+03
1	1	2	1	-1.1456479e+03
1	1	2	2	-1.0664928e+03
1	1	2	3	-1.0708282e+03
1	1	2	4	-1.3473102e+03
1	1	2	5	-1.2152977e+03
1	1	2	6	-1.3272167e+03
1	1	2	7	-1.0315012e+03
1	1	2	8	-1.0803733e+03
1	1	2	9	-1.2097578e+03
1	1	2	10	-1.2719819e+03
1	1	2	11	-1.3534031e+03
1	1	2	12	-1.2320996e+03
1	1	2	13	-1.2693197e+03
1	1	2	14	-1.0908427e+03
1	1	2	15	-1.0018042e+03
1	1	2	16	-1.2201995e+03
1	1	2	17	-1.3989630e+03
1	1	2	18	-1.1640190e+03
1	1	2	19	-1.3209160e+03
1	1	2	20	-1.2202201e+03
1	1	2	21	-1.1981982e+03
1	1	2	22	-1.2712886e+03
1	1	2	23	-1.2917330e+03
1	1	2	24	-1.3254705e+03
1	1	2	25	-1.4316687e+03
1	1	2	26	-1.4105236e+03
1	1	2	27	-1.5618461e+03
1	1	2	28	-1.3852399e+03
1	1	2	29	-1.5571552e+03
1	1	2	30	-1.4453580e+03
1	1	2	31	-1.5271102e+03
1	1	2	32	-1.5075514e+03
1	1	2	33	-1.4853981e+03
1	1	2	34	-9.3017859e+02
1	1	2	35	-9.1183929e+02
1	1	2	36	-8.8177948e+02
1	1	2	37	-1.0117568e+03
1	1	2	38	-8.2468079e+02
1	1	2	39	-1.0124327e+03
1	1	2	40	-8.7607947e+02
1	1	2	41	-1.0292640e+03
1	1	2	42	-1.0908771e+03
1	1	2	43	-1.0571365e+03
1	1	2	44	-1.2619192e+03
1	1	2	45	-1.0930059e+03
1	1	2	46	-1.3012040e+03
1	1	2	47	-1.1258665e+03
1	1	2	48	-1.3368807e+03
1	1	2	49	-1.3763811e+03
1	1	2	50	-8.9473987e+02
1	1	2	51	-5.0938239e+02
1	1	2	52	-5.3824115e+02
1	1	2	53	-8.9175049e+02
1	1	2	54	-8.8163330e+02
1	1	2	55	-1.0764410e+03
1	1	2	56	-8.8380957e+02
1	1	2	57	-5.6333368e+02
1	1	2	58	-4.9196527e+02
1	1	2	59	-7.6669897e+02
1	1	2	60	-1.1135134e+03
1	1	2	61	-7.6300299e+02
1	1	2	62	-7.1291528e+02
1	1	2	63	-1.0913059e+03
1	1	3	0	-1.5915726e+03
1	1	3	1	-1.4387083e+03
1	1	3	2	-1.1425521e+03
1	1	3	3	-1.3589636e+03
1	1	3	4	-1.2255328e+03
1	1	3	5	-1.5519979e+03
1	1	3	6	-1.2530851e+03
1	1	3	7	-1.6242089e+03
1	1	3	8	-1.4302017e+03
1	1	3	9	-1.0472188e+03
1	1	3	10	-1.5857986e+03
1	1	3	11	-1.0698867e+03
1	1	3	12	-1.3132150e+03
1	1	3	13	-1.2736458e+03
1	1	3	14	-1.3566290e+03
1	1	3	15	-1.4103406e+03
1	1	3	16	-1.5592858e+03
1	1	3	17	-1.6752209e+03
1	1	3	18	-1.6973463e+03
1	1	3	19	-1.6736044e+03
1	1	3	20	-1.5002107e+03
1	1	3	21	-1.4230687e+03
1	1	3	22	-1.4664823e+03
1	1	3	23	-1.4069045e+03
1	1	3	24	-1.3784327e+03
1	1	3	25	-1.2957953e+03
1	1	3	26	-1.3214717e+03
1	1	3	27	-1.2004526e+03
1	1	3	28	-1.2722003e+03
1	1	3	29	-1.2675192e+03
1	1	3	30	-1.2775590e+03
1	1	3	31	-1.3707318e+03
1	1	3	32	-1.2570441e+03
1	1	3	33	-1.1896475e+03
1	1	3	34	-4.7811502e+02
1	1	3	35	-5.5347833e+02
1	1	3	36	-4.6653290e+02
1	1	3	37	-3.8268350e+02
1	1	3	38	-5.3616479e+02
1	1	3	39	-4.6804031e+02
1	1	3	40	-2.3302896e+02
1	1	3	41	-3.6313162e+02
1	1	3	42	-2.5478801e+02
1	1	3	43	-3.8872159e+02
1	1	3	44	-1.6096138e+02
1	1	3	45	-3.4203528e+02
1	1	3	46	-2.3706804e+02
1	1	3	47	-3.1079932e+02
1	1	3	48	-1.6871877e+02
1	1	3	49	-2.7572552e+02
1	1	3	50	-3.9731488e+02
1	1	3	51	1.9548111e+02
1	1	3	52	2.7920609e+02
1	1	3	53	-9.9669159e+01
1	1	3	54	-7.8281662e+01
1	1	3	55	6.1199207e+01
1	1	3	56	1.9945477e+02
1	1	3	57	7.2425766e+01
1	1	3	58	-1.5248990e+02
1	1	3	59	-5.2104671e+01
1	1	3	60	6.1155697e+01
1	1	3	61	-1.5703131e+02
1	1	3	62	-2.4237364e+02
1	1	3	63	1.1083483e+02
1	1	4	0	-1.8950858e+03
1	1	4	1	-1.8074264e+03
1	1	4	2	-1.5881168e+03
1	1	4	3	-1.9779930e+03
1	1	4	4	-1.4883196e+03
1	1	4	5	-1.5968477e+03
1	1	4	6	-1.4031384e+03
1	1	4	7	-1.9581548e+03
1	1	4	8	-1.8271835e+03
1	1	4	9	-1.4418052e+03
1	1	4	10	-1.8425347e+03
1	1	4	11	-1.3714432e+03
1	1	4	12	-1.6280492e+03
1	1	4	13	-1.6255763e+03
1	1	4	14	-2.0358842e+03
1	1	4	15	-1.8147911e+03
1	1	4	16	-2.1832749e+03
1	1	4	17	-1.9987478e+03
1	1	4	18	-2.1177307e+03
1	1	4	19	-1.9207437e+03
1	1	4	20	-2.1188025e+03
1	1	4	21	-2.2249622e+03
1	1	4	22	-1.8664602e+03
1	1	4	23	-1.8757819e+03
1	1	4	24	-1.7236294e+03
1	1	4	25	-1.6886683e+03
1	1	4	26	-1.6929639e+03
1	1	4	27	-1.4085411e+03
1	1	4	28	-1.6627180e+03
1	1	4	29	-1.5517748e+03
1	1	4	30	-1.5757156e+03
1	1	4	31	-1.5832356e+03
1	1	4	32	-1.5464469e+03
1	1	4	33	-1.4636136e+03
1	1	4	34	-8.7171271e+02
1	1	4	35	-8.0122144e+02
1	1	4	36	-8.2793604e+02
1	1	4	37	-7.0281647e+02
1	1	4	38	-8.7095782e+02
1	1	4	39	-7.3715833e+02
1	1	4	40	-7.2649164e+02
1	1	4	41	-7.0692810e+02
1	1	4	42	-5.9500323e+02
1	1	4	43	-5.8981635e+02
1	1	4	44	-4.5582602e+02
1	1	4	45	-6.0378381e+02
1	1	4	46	-5.3013489e+02
1	1	4	47	-5.4819946e+02
1	1	4	48	-4.8070511e+02
1	1	4	49	-5.0926270e+02
1	1	4	50	-5.6809625e+02
1	1	4	51	2.2236345e+00
1	1	4	52	1.5912002e+01
1	1	4	53	-3.3141473e+02
1	1	4	54	-3.8395822e+02
1	1	4	55	-2.3947646e+02
1	1	4	56	-1.6951065e+01
1	1	4	57	-2.4865962e+02
1	1	4	58	-4.7903470e+02
1	1	4	59	-4.3364590e+02
1	1	4	60	-2.1869681e+02
1	1	4	61	-4.4437186e+02
1	1	4	62	-5.6455652e+02
1	1	4	63	-2.4579143e+02
1	1	5	0	-7.6048199e+02
1	1	5	1	-9.3445654e+02
1	1	5	2	-1.1928010e+03
1	1	5	3	-9.3030493e+02
1	1	5	4	-1.2302146e+03
1	1	5	5	-8.6499695e+02
1	1	5	6	-9.7989917e+02
1	1	5	7	-7.7141199e+02
1	1	5	8	-8.8960211e+02
1	1	5	9	-1.2713301e+03
1	1	5	10	-8.5123346e+02
1	1	5	11	-1.2554218e+03
1	1	5	12	-1.0683619e+03
1	1	5	13	-1.0770594e+03
1	1	5	14	-1.1432202e+03
1	1	5	15	-9.9941138e+02
1	1	5	16	-1.0202325e+03
1	1	5	17	-9.2048505e+02
1	1	5	18	-1.0081486e+03
1	1	5	19	-9.6932074e+02
1	1	5	20	-1.1544720e+03
1	1	5	21	-1.1089500e+03
1	1	5	22	-1.0654045e+03
1	1	5	23	-1.0870996e+03
1	1	5	24	-1.1782856e+03
1	1	5	25	-1.1434480e+03
1	1	5	26	-1.1818861e+03
1	1	5	27	-1.2833430e+03
1	1	5	28	-1.1238553e+03
1	1	5	29	-1.3689595e+03
1	1	5	30	-1.2274539e+03
1	1	5	31	-1.2771490e+03
1	1	5	32	-1.3346046e+03
1	1	5	33	-1.4107903e+03
1	1	5	34	-7.3862402e+02
1	1	5	35	-7.3017041e+02
1	1	5	36	-6.5935535e+02
1	1	5	37	-8.4589044e+02
1	1	5	38	-5.8981183e+02
1	1	5	39	-9.2175659e+02
1	1	5	40	-1.0644752e+03
1	1	5	41	-9.4832550e+02
1	1	5	42	-1.0636271e+03
1	1	5	43	-8.8251636e+02
1	1	5	44	-1.3242976e+03
1	1	5	45	-1.1231571e+03
1	1	5	46	-1.3909780e+03
1	1	5	47	-1.0361609e+03
1	1	5	48	-1.4133636e+03
1	1	5	49	-1.3568101e+03
1	1	5	50	-8.3045520e+02
1	1	5	51	-5.7309729e+02
1	1	5	52	-5.1416687e+02
1	1	5	53	-7.7388037e+02
1	1	5	54	-8.1015930e+02
1	1	5	55	-1.1106951e+03
1	1	5	56	-1.0031048e+03
1	1	5	57	-4.9469427e+02
1	1	5	58	-3.7098788e+02
1	1	5	59	-5.2695825e+02
1	1	5	60	-1.0518391e+03
1	1	5	61	-6.8862067e+02
1	1	5	62	-4.4904547e+02
1	1	5	63	-1.0580439e+03
1	1	6	0	-9.5121460e+02
1	1	6	1	-1.0050984e+03
1	1	6	2	-8.1799353e+02
1	1	6	3	-9.6989667e+02
1	1	6	4	-9.3798590e+02
1	1	6	5	-9.4030243e+02
1	1	6	6	-8.8829327e+02
1	1	6	7	-9.8185284e+02
1	1	6	8	-9.7696436e+02
1	1	6	9	-8.4586963e+02
1	1	6	10	-1.0177678e+03
1	1	6	11	-8.2574194e+02
1	1	6	12	-1.0141008e+03
1	1	6	13	-9.3610083e+02
1	1	6	14	-1.0138923e+03
1	1	6	15	-9.5768011e+02
1	1	6	16	-1.0857114e+03
1	1	6	17	-1.1313617e+03
1	1	6	18	-1.0898925e+03
1	1	6	19	-1.1036313e+03
1	1	6	20	-1.1110918e+03
1	1	6	21	-1.1343057e+03
1	1	6	22	-1.0868411e+03
1	1	6	23	-1.0235546e+03
1	1	6	24	-1.0921455e+03
1	1	6	25	-1.1060431e+03
1	1	6	26	-1.1409857e+03
1	1	6	27	-1.0060673e+03
1	1	6	28	-1.0705583e+03
1	1	6	29	-9.8155634e+02
1	1	6	30	-1.0072302e+03
1	1	6	31	-9.8457672e+02
1	1	6	32	-1.0709312e+03
1	1	6	33	-1.0210942e+03
1	1	6	34	-2.9494800e+02
1	1	6	35	-2.0101575e+02
1	1	6	36	-1.8824940e+02
1	1	6	37	-1.9716782e+02
1	1	6	38	-2.7465875e+02
1	1	6	39	-2.2886801e+02
1	1	6	40	-2.4777998e+02
1	1	6	41	-1.9979556e+02
1	1	6	42	-2.3976392e+02
1	1	6	43	-9.5692673e+01
1	1	6	44	-5.5764256e+01
1	1	6	45	-2.1581255e+02
1	1	6	46	-1.0236546e+02
1	1	6	47	-1.8905669e+02
1	1	6	48	-1.4518347e+02
1	1	6	49	-1.9227498e+02
1	1	6	50	-9.7465958e+01
1	1	6	51	3.8988214e+02
1	1	6	52	4.7234418e+02
1	1	6	53	2.8693941e+01
1	1	6	54	1.9116405e+01
1	1	6	55	1.7811491e+02
1	1	6	56	2.9356485e+02
1	1	6	57	1.9111203e+02
1	1	6	58	1.1500771e+02
1	1	6	59	5.9139053e+01
1	1	6	60	1.1478223e+02
1	1	6	61	-6.3281507e+00
1	1	6	62	4.8872295e+01
1	1	6	63	1.2255172e+02
1	1	7	0	-4.0313602e+02
1	1	7	1	-5.5331610e+02
1	1	7	2	-7.0435956e+02
1	1	7	3	-6.2601343e+02
1	1	7	4	-6.1707404e+02
1	1	7	5	-4.6238504e+02
1	1	7	6	-5.2092590e+02
1	1	7	7	-5.0668814e+02
1	1	7	8	-5.5014044e+02
1	1	7	9	-6.0514069e+02
1	1	7	10	-5.4418298e+02
1	1	7	11	-6.8066785e+02
1	1	7	12	-7.4956714e+02
1	1	7	13	-6.3597211e+02
1	1	7	14	-7.4158203e+02
1	1	7	15	-5.3741663e+02
1	1	7	16	-6.6338837e+02
1	1	7	17	-6.2504169e+02
1	1	7	18	-7.1304077e+02
1	1	7	19	-6.2271375e+02
1	1	7	20	-6.6311334e+02
1	1	7	21	-6.7891003e+02
1	1	7	22	-5.6455347e+02
1	1	7	23	-5.3978455e+02
1	1	7	24	-6.3070001e+02
1	1	7	25	-5.8601239e+02
1	1	7	26	-7.4199622e+02
1	1	7	27	-6.8354254e+02
1	1	7	28	-6.6336798e+02
1	1	7	29	-6.9219995e+02
1	1	7	30	-7.1793347e+02
1	1	7	31	-7.5665625e+02
1	1	7	32	-7.5624200e+02
1	1	7	33	-8.2216699e+02
1	1	7	34	-2.3572069e+01
1	1	7	35	-7.2662521e+01
1	1	7	36	-3.1645370e+01
1	1	7	37	-1.5046228e+02
1	1	7	38	3.7705315e+01
1	1	7	39	-6.4177231e+01
1	1	7	40	-9.5503639e+01
1	1	7	41	-1.3887816e+02
1	1	7	42	-1.1617749e+02
1	1	7	43	-1.3690144e+02
1	1	7	44	-1.3822183e+02
1	1	7	45	-1.3093285e+02
1	1	7	46	-1.6310956e+02
1	1	7	47	-9.1285400e+01
1	1	7	48	-1.5315576e+02
1	1	7	49	-1.6744536e+02
1	1	7	50	-7.2244591e+01
1	1	7	51	4.8316501e+02
1	1	7	52	4.3288815e+02
1	1	7	53	1.8987825e+02
1	1	7	54	8.2909698e+01
1	1	7	55	7.0854721e+01
1	1	7	56	3.0854300e+02
1	1	7	57	3.4919144e+02
1	1	7	58	2.1112648e+02
1	1	7	59	1.6965578e+02
1	1	7	60	6.4830444e+01
1	1	7	61	1.3875226e+02
1	1	7	62	2.7539929e+02
1	1	7	63	1.3644003e+02
1	1	8	0	-9.1513684e+02
1	1	8	1	-9.7158856e+02
1	1	8	2	-8.1665228e+02
1	1	8	3	-1.0218723e+03
1	1	8	4	-9.2452576e+02
1	1	8	5	-9.3736664e+02
1	1	8	6	-9.1037567e+02
1	1	8	7	-1.0078031e+03
1	1	8	8	-1.0799904e+03
1	1	8	9	-8.9248535e+02
1	1	8	10	-1.0779000e+03
1	1	8	11	-9.5092670e+02
1	1	8	12	-1.1043718e+03
1	1	8	13	-1.0198656e+03
1	1	8	14	-1.0787291e+03
1	1	8	15	-9.9524005e+02
1	1	8	16	-1.2660060e+03
1	1	8	17	-1.1636353e+03
1	1	8	18	-1.1541093e+03
1	1	8	19	-1.1653481e+03
1	1	8	20	-1.1486189e+03
1	1	8	21	-1.1530447e+03
1	1	8	22	-1.0635188e+03
1	1	8	23	-1.2203771e+03
1	1	8	24	-1.1860139e+03
1	1	8	25	-1.1366332e+03
1	1	8	26	-1.1503319e+03
1	1	8	27	-1.0287455e+03
1	1	8	28	-1.0708496e+03
1	1	8	29	-1.1551394e+03
1	1	8	30	-1.0872073e+03
1	1	8	31	-1.1338688e+03
1	1	8	32	-1.1864548e+03
1	1	8	33	-1.0530881e+03
1	1	8	34	-5.2114014e+02
1	1	8	35	-4.3231506e+02
1	1	8	36	-4.2000702e+02
1	1	8	37	-3.6186511e+02
1	1	8	38	-4.7679712e+02
1	1	8	39	-3.2113586e+02
1	1	8	40	-3.2428394e+02
1	1	8	41	-3.5664822e+02
1	1	8	42	-3.2123013e+02
1	1	8	43	-2.8821521e+02
1	1	8	44	-2.1485637e+02
1	1	8	45	-3.5098911e+02
1	1	8	46	-2.7548813e+02
1	1	8	47	-3.4642709e+02
1	1	8	48	-3.0397198e+02
1	1	8	49	-3.0158612e+02
1	1	8	50	-2.6458450e+02
1	1	8	51	3.1225378e+02
1	1	8	52	3.4337695e+02
1	1	8	53	-1.2478333e+01
1	1	8	54	-1.3238013e+02
1	1	8	55	3.1482819e+01
1	1	8	56	2.3964189e+02
1	1	8	57	4.4731789e+01
1	1	8	58	2.4478878e+01
1	1	8	59	-6.0867523e+01
1	1	8	60	1.0309412e+02
1	1	8	61	-2.3438402e+02
1	1	8	62	-1.7224724e+02
1	1	8	63	2.5110609e+01
1	1	9	0	-4.9923138e+02
1	1	9	1	-5.9322644e+02
1	1	9	2	-6.8337140e+02
1	1	9	3	-6.5524597e+02
1	1	9	4	-8.1243280e+02
1	1	9	5	-4.9421918e+02
1	1	9	6	-6.4174457e+02
1	1	9	7	-6.3186481e+02
1	1	9	8	-6.7349445e+02
1	1	9	9	-8.0720294e+02
1	1	9	10	-5.7497717e+02
1	1	9	11	-7.6062396e+02
1	1	9	12	-7.8999030e+02
1	1	9	13	-6.7712262e+02
1	1	9	14	-7.3622510e+02
1	1	9	15	-6.9541187e+02
1	1	9	16	-7.3774579e+02
1	1	9	17	-6.8857581e+02
1	1	9	18	-7.1575201e+02
1	1	9	19	-7.7560938e+02
1	1	9	20	-7.7241766e+02
1	1	9	21	-7.5219537e+02
1	1	9	22	-7.6825146e+02
1	1	9	23	-6.8588898e+02
1	1	9	24	-8.2498230e+02
1	1	9	25	-8.6704059e+02
1	1	9	26	-8.5175250e+02
1	1	9	27	-8.2565558e+02
1	1	9	28	-8.2202454e+02
1	1	9	29	-8.6496191e+02
1	1	9	30	-8.5646527e+02
1	1	9	31	-8.7101947e+02
1	1	9	32	-8.4008600e+02
1	1	9	33	-9.3850555e+02
1	1	9	34	-1.8751726e+02
1	1	9	35	-2.5859430e+02
1	1	9	36	-1.5590013e+02
1	1	9	37	-2.2240105e+02
1	1	9	38	-1.5097882e+02
1	1	9	39	-2.0313580e+02
1	1	9	40	-1.7320457e+02
1	1	9	41	-2.4830511e+02
1	1	9	42	-1.8876872e+02
1	1	9	43	-2.2488255e+02
1	1	9	44	-2.2230099e+02
1	1	9	45	-3.7534677e+02
1	1	9	46	-3.3020029e+02
1	1	9	47	-2.5591768e+02
1	1	9	48	-1.2120801e+03
1	1	9	49	-1.7467218e+02
1	1	9	50	-8.2404343e+01
1	1	9	51	3.5301575e+02
1	1	9	52	3.3279654e+02
1	1	9	53	2.9983776e+00
1	1	9	54	3.6053780e+01
1	1	9	55	-3.5368698e+01
1	1	9	56	7.8834335e+01
1	1	9	57	1.9843974e+02
1	1	9	58	7.3220932e+01
1	1	9	59	6.7221931e+01
1	1	9	60	-2.4722920e+03
1	1	9	61	5.4676292e+01
1	1	9	62	1.2488737e+02
1	1	9	63	9.2976784e+01
1	1	10	0	-1.9970361e+03
1	1	10	1	-1.6997416e+03
1	1	10	2	-1.3761223e+03
1	1	10	3	-1.9194872e+03
1	1	10	4	-1.3057388e+03
1	1	10	5	-1.4892166e+03
1	1	10	6	-1.3313911e+03
1	1	10	7	-1.9447401e+03
1	1	10	8	-1.7918098e+03
1	1	10	9	-1.2494800e+03
1	1	10	10	-1.7316174e+03
1	1	10	11	-1.2252474e+03
1	1	10	12	-1.5576489e+03
1	1	10	13	-1.5666271e+03
1	1	10	14	-2.0189370e+03
1	1	10	15	-1.7946061e+03
1	1	10	16	-2.1579346e+03
1	1	10	17	-1.8644225e+03
1	1	10	18	-2.1144055e+03
1	1	10	19	-1.8635405e+03
1	1	10	20	-2.0551084e+03
1	1	10	21	-2.0926372e+03
1	1	10	22	-1.8006349e+03
1	1	10	23	-1.7522555e+03
1	1	10	24	-1.6073854e+03
1	1	10	25	-1.5670330e+03
1	1	10	26	-1.6300547e+03
1	1	10	27	-1.3317450e+03
1	1	10	28	-1.6537816e+03
1	1	10	29	-1.5109424e+03
1	1	10	30	-1.4880132e+03
1	1	10	31	-1.4724435e+03
1	1	10	32	-1.5001765e+03
1	1	10	33	-1.4198739e+03
1	1	10	34	-7.1474829e+02
1	1	10	35	-6.4453864e+02
1	1	10	36	-6.9071631e+02
1	1	10	37	-6.4604474e+02
1	1	10	38	-7.0775775e+02
1	1	10	39	-5.6808978e+02
1	1	10	40	-5.2354486e+02
1	1	10	41	-6.4004218e+02
1	1	10	42	-4.7760739e+02
1	1	10	43	-4.3157739e+02
1	1	10	44	-3.2097577e+02
1	1	10	45	-4.8244424e+02
1	1	10	46	-3.6277792e+02
1	1	10	47	-4.6376276e+02
1	1	10	48	-3.1228152e+02
1	1	10	49	-3.5029764e+02
1	1	10	50	-5.1543036e+02
1	1	10	51	1.6159023e+02
1	1	10	52	1.7459747e+02
1	1	10	53	-2.1357716e+02
1	1	10	54	-1.2654341e+02
1	1	10	55	-2.6139112e+01
1	1	10	56	6.7473389e+01
1	1	10	57	-7.2149742e+01
1	1	10	58	-2.7772076e+02
1	1	10	59	-2.6380594e+02
1	1	10	60	-6.2800606e+01
1	1	10	61	-3.7726077e+02
1	1	10	62	-3.8243552e+02
1	1	10	63	-7.2484779e+01
1	1	11	0	-7.0234857e+02
1	1	11	1	-7.5692108e+02
1	1	11	2	-1.0015861e+03
1	1	11	3	-7.9770746e+02
1	1	11	4	-1.1026647e+03
1	1	11	5	-7.1636572e+02
1	1	11	6	-8.9433246e+02
1	1	11	7	-7.0403571e+02
1	1	11	8	-8.2908496e+02
1	1	11	9	-1.1509376e+03
1	1	11	10	-6.7666742e+02
1	1	11	11	-1.1753542e+03
1	1	11	12	-9.1867975e+02
1	1	11	13	-8.4987402e+02
1	1	11	14	-1.0201353e+03
1	1	11	15	-8.2603790e+02
1	1	11	16	-9.3746301e+02
1	1	11	17	-8.2037439e+02
1	1	11	18	-9.1277960e+02
1	1	11	19	-8.0714124e+02
1	1	11	20	-8.6535052e+02
1	1	11	21	-9.6101727e+02
1	1	11	22	-9.3420807e+02
1	1	11	23	-8.8102197e+02
1	1	11	24	-1.0388040e+03
1	1	11	25	-9.9634650e+02
1	1	11	26	-1.0259901e+03
1	1	11	27	-1.1439998e+03
1	1	11	28	-1.0400211e+03
1	1	11	29	-1.1412728e+03
1	1	11	30	-1.1916886e+03
1	1	11	31	-1.0825833e+03
1	1	11	32	-1.1383783e+03
1	1	11	33	-1.4238190e+03
1	1	11	34	-6.2989282e+02
1	1	11	35	-6.4120709e+02
1	1	11	36	-5.4845306e+02
1	1	11	37	-6.7330609e+02
1	1	11	38	-3.6546622e+02
1	1	11	39	-6.8917432e+02
1	1	11	40	-8.1865051e+02
1	1	11	41	-7.2416357e+02
1	1	11	42	-7.9296857e+02
1	1	11	43	-6.7553027e+02
1	1	11	44	-1.0172949e+03
1	1	11	45	-9.4962708e+02
1	1	11	46	-1.1407311e+03
1	1	11	47	-9.9669324e+02
1	1	11	48	-1.2419496e+03
1	1	11	49	-1.2271129e+03
1	1	11	50	-6.4622736e+02
1	1	11	51	-3.5254999e+02
1	1	11	52	-2.8275284e+02
1	1	11	53	-6.4699896e+02
1	1	11	54	-6.8450769e+02
1	1	11	55	-9.8295508e+02
1	1	11	56	-7.3579382e+02
1	1	11	57	-2.3612637e+02
1	1	11	58	-1.0768856e+02
1	1	11	59	-4.8587729e+02
1	1	11	60	-9.2547589e+02
1	1	11	61	-5.3400519e+02
1	1	11	62	-3.0113837e+02
1	1	11	63	-8.6185468e+02
1	1	12	0	-1.0115969e+03
1	1	12	1	-1.1554838e+03
1	1	12	2	-1.1090679e+03
1	1	12	3	-9.5707306e+02
1	1	12	4	-1.3018777e+03
1	1	12	5	-1.1350238e+03
1	1	12	6	-1.2752655e+03
1	1	12	7	-1.0525302e+03
1	1	12	8	-1.1532240e+03
1	1	12	9	-1.3083153e+03
1	1	12	10	-1.1559304e+03
1	1	12	11	-1.2768262e+03
1	1	12	12	-1.3050736e+03
1	1	12	13	-1.2285746e+03
1	1	12	14	-1.1177609e+03
1	1	12	15	-1.0353496e+03
1	1	12	16	-1.2963693e+03
1	1	12	17	-1.3407123e+03
1	1	12	18	-1.1927853e+03
1	1	12	19	-1.3158778e+03
1	1	12	20	-1.0668617e+03
1	1	12	21	-1.2457780e+03
1	1	12	22	-1.2164106e+03
1	1	12	23	-1.3764663e+03
1	1	12	24	-1.3954651e+03
1	1	12	25	-1.3353879e+03
1	1	12	26	-1.4175166e+03
1	1	12	27	-1.6291558e+03
1	1	12	28	-1.3719283e+03
1	1	12	29	-1.5260773e+03
1	1	12	30	-1.4651881e+03
1	1	12	31	-1.4170114e+03
1	1	12	32	-1.5005751e+03
1	1	12	33	-1.5993966e+03
1	1	12	34	-9.4070404e+02
1	1	12	35	-8.8648907e+02
1	1	12	36	-8.3889740e+02
1	1	12	37	-1.0954402e+03
1	1	12	38	-8.5837250e+02
1	1	12	39	-9.1731506e+02
1	1	12	40	-9.4802734e+02
1	1	12	41	-1.0878134e+03
1	1	12	42	-1.0856025e+03
1	1	12	43	-1.1377660e+03
1	1	12	44	-3.2257510e+03
1	1	12	45	-1.1211973e+03
1	1	12	46	-1.3525243e+03
1	1	12	47	-1.1221876e+03
1	1	12	48	-1.3754102e+03
1	1	12	49	-1.3626989e+03
1	1	12	50	-9.5696344e+02
1	1	12	51	-3.4719382e+02
1	1	12	52	-4.4379535e+02
1	1	12	53	-9.3263141e+02
1	1	12	54	-8.6822180e+02
1	1	12	55	-9.6192651e+02
1	1	12	56	-9.2701172e+02
1	1	12	57	-5.3778351e+02
1	1	12	58	-4.3346890e+02
1	1	12	59	-6.9915460e+02
1	1	12	60	-1.0110511e+03
1	1	12	61	-7.4211475e+02
1	1	12	62	-6.0315021e+02
1	1	12	63	-8.1058411e+02
1	1	13	0	-1.5652953e+03
1	1	13	1	-1.3288403e+03
1	1	13	2	-1.1624980e+03
1	1	13	3	-1.4171996e+03
1	1	13	4	-1.1502886e+03
1	1	13	5	-1.5241841e+03
1	1	13	6	-1.3387043e+03
1	1	13	7	-1.6897001e+03
1	1	13	8	-1.4328567e+03
1	1	13	9	-9.9552966e+02
1	1	13	10	-1.6673300e+03
1	1	13	11	-1.0623650e+03
1	1	13	12	-1.3825820e+03
1	1	13	13	-1.2911454e+03
1	1	13	14	-1.3566095e+03
1	1	13	15	-1.4232449e+03
1	1	13	16	-1.7607545e+03
1	1	13	17	-1.7025236e+03
1	1	13	18	-1.7640017e+03
1	1	13	19	-1.6778309e+03
1	1	13	20	-1.5445828e+03
1	1	13	21	-1.6125023e+03
1	1	13	22	-1.6038794e+03
1	1	13	23	-1.4727083e+03
1	1	13	24	-1.4430638e+03
1	1	13	25	-1.3975006e+03
1	1	13	26	-1.4022357e+03
1	1	13	27	-1.2589824e+03
1	1	13	28	-1.4124724e+03
1	1	13	29	-1.3350546e+03
1	1	13	30	-1.3203909e+03
1	1	13	31	-1.3094349e+03
1	1	13	32	-1.3232662e+03
1	1	13	33	-1.2207775e+03
1	1	13	34	-5.0981152e+02
1	1	13	35	-6.1651086e+02
1	1	13	36	-5.2847559e+02
1	1	13	37	-4.0025089e+02
1	1	13	38	-5.6879291e+02
1	1	13	39	-4.2688321e+02
1	1	13	40	-3.3587894e+02
1	1	13	41	-4.4699738e+02
1	1	13	42	-3.4825266e+02
1	1	13	43	-4.4121323e+02
1	1	13	44	-3.2804111e+02
1	1	13	45	-4.0169043e+02
1	1	13	46	-2.9466190e+02
1	1	13	47	-3.8151004e+02
1	1	13	48	-2.8843643e+02
1	1	13	49	-3.1182080e+02
1	1	13	50	-4.1804660e+02
1	1	13	51	2.2736890e+02
1	1	13	52	3.5849792e+02
1	1	13	53	-1.0845770e+02
1	1	13	54	-3.6337162e+01
1	1	13	55	-4.6406002e+01
1	1	13	56	1.6957135e+02
1	1	13	57	-1.0704584e+01
1	1	13	58	-2.1564752e+02
1	1	13	59	-1.4245653e+02
1	1	13	60	5.9806399e+00
1	1	13	61	-1.8454582e+02
1	1	13	62	-2.0506924e+02
1	1	13	63	6.2634029e+01
1	1	14	0	-5.8674731e+02
1	1	14	1	-6.7662854e+02
1	1	14	2	-6.1897675e+02
1	1	14	3	-6.4371240e+02
1	1	14	4	-8.3646460e+02
1	1	14	5	-6.6687598e+02
1	1	14	6	-8.1203955e+02
1	1	14	7	-5.1572290e+02
1	1	14	8	-6.3906750e+02
1	1	14	9	-7.3999823e+02
1	1	14	10	-7.8995917e+02
1	1	14	11	-6.8263208e+02
1	1	14	12	-8.2386353e+02
1	1	14	13	-7.0948749e+02
1	1	14	14	-6.2794415e+02
1	1	14	15	-7.1313977e+02
1	1	14	16	-7.6728693e+02
1	1	14	17	-8.4839233e+02
1	1	14	18	-8.3333264e+02
1	1	14	19	-8.5991565e+02
1	1	14	20	-7.8866931e+02
1	1	14	21	-7.6925500e+02
1	1	14	22	-8.2759338e+02
1	1	14	23	-7.6390546e+02
1	1	14	24	-9.2454749e+02
1	1	14	25	-7.8975934e+02
1	1	14	26	-8.6911267e+02
1	1	14	27	-9.1625348e+02
1	1	14	28	-8.4473041e+02
1	1	14	29	-9.6165314e+02
1	1	14	30	-8.9359998e+02
1	1	14	31	-9.1335150e+02
1	1	14	32	-9.2364703e+02
1	1	14	33	-9.1770654e+02
1	1	14	34	-2.2540872e+02
1	1	14	35	-1.4108887e+02
1	1	14	36	-2.0363715e+02
1	1	14	37	-2.6676804e+02
1	1	14	38	-2.0874977e+02
1	1	14	39	-2.6518951e+02
1	1	14	40	-2.6000363e+02
1	1	14	41	-2.2645602e+02
1	1	14	42	-1.4406215e+02
1	1	14	43	-2.8332297e+02
1	1	14	44	-2.3060812e+02
1	1	14	45	-2.6813272e+02
1	1	14	46	-2.2889243e+02
1	1	14	47	-2.5682159e+02
1	1	14	48	-3.3846500e+02
1	1	14	49	-2.4624046e+02
1	1	14	50	-2.5344409e+02
1	1	14	51	4.9562604e+02
1	1	14	52	4.4183908e+02
1	1	14	53	-4.2760586e+01
1	1	14	54	3.3625530e+01
1	1	14	55	-5.7329488e+00
1	1	14	56	1.9707349e+02
1	1	14	57	3.1549506e+02
1	1	14	58	1.8528148e+02
1	1	14	59	1.4592464e+02
1	1	14	60	9.5059692e+01
1	1	14	61	4.6048218e+01
1	1	14	62	1.6636147e+02
1	1	14	63	1.1519865e+02
1	1	15	0	-6.7683246e+02
1	1	15	1	-6.8845221e+02
1	1	15	2	-6.2296918e+02
1	1	15	3	-7.0460059e+02
1	1	15	4	-6.2242706e+02
1	1	15	5	-6.8708929e+02
1	1	15	6	-5.9639673e+02
1	1	15	7	-5.6224042e+02
1	1	15	8	-6.7461896e+02
1	1	15	9	-5.3121667e+02
1	1	15	10	-6.9973322e+02
1	1	15	11	-5.9850220e+02
1	1	15	12	-7.9621527e+02
1	1	15	13	-6.7576276e+02
1	1	15	14	-7.8268335e+02
1	1	15	15	-7.3601495e+02
1	1	15	16	-8.2224518e+02
1	1	15	17	-7.7304016e+02
1	1	15	18	-8.3566681e+02
1	1	15	19	-8.2269336e+02
1	1	15	20	-8.2767822e+02
1	1	15	21	-8.7833289e+02
1	1	15	22	-7.6094458e+02
1	1	15	23	-7.5228931e+02
1	1	15	24	-8.0401227e+02
1	1	15	25	-7.2665308e+02
1	1	15	26	-8.1664368e+02
1	1	15	27	-7.8379907e+02
1	1	15	28	-7.8443640e+02
1	1	15	29	-7.3016907e+02
1	1	15	30	-6.8376971e+02
1	1	15	31	-8.0675751e+02
1	1	15	32	-7.0847076e+02
1	1	15	33	-7.3538348e+02
1	1	15	34	-7.1405945e+01
1	1	15	35	-9.7137161e+01
1	1	15	36	4.6098495e+01
1	1	15	37	3.4997169e+01
1	1	15	38	-1.0844569e+01
1	1	15	39	1.0633965e+01
1	1	15	40	8.9071800e+01
1	1	15	41	-7.9673965e+01
1	1	15	42	1.7528436e+02
1	1	15	43	-5.5653332e+01
1	1	15	44	1.0921433e+02
1	1	15	45	4.2375927e+01
1	1	15	46	7.5508469e+01
1	1	15	47	-3.0327606e+01
1	1	15	48	1.3413156e+02
1	1	15	49	5.3637199e+01
1	1	15	50	1.4821301e+01
1	1	15	51	5.6905701e+02
1	1	15	52	6.4167706e+02
1	1	15	53	2.6984775e+02
1	1	15	54	3.2885034e+02
1	1	15	55	3.0797662e+02
1	1	15	56	4.9946222e+02
1	1	15	57	3.6033914e+02
1	1	15	58	2.1894412e+02
1	1	15	59	2.3121912e+02
1	1	15	60	3.7297141e+02
1	1	15	61	1.1577162e+02
1	1	15	62	1.6849092e+02
1	1	15	63	4.1147440e+02
1	2	0	0	7.5107086e+02
1	2	0	1	5.9711823e+02
1	2	0	2	7.4864868e+02
1	2	0	3	7.3589612e+02
1	2	0	4	6.1112225e+02
1	2	0	5	6.3898236e+02
1	2	0	6	5.9086450e+02
1	2	0	7	7.2181506e+02
1	2	0	8	6.4170312e+02
1	2	0	9	6.7277600e+02
1	2	0	10	6.4912885e+02
1	2	0	11	6.8957965e+02
1	2	0	12	5.8610992e+02
1	2	0	13	7.2502100e+02
1	2	0	14	7.0156995e+02
1	2	0	15	5.9629407e+02
1	2	0	16	4.9437091e+02
1	2	0	17	5.8018280e+02
1	2	0	18	5.1809888e+02
1	2	0	19	5.5074847e+02
1	2	0	20	5.8286377e+02
1	2	0	21	6.0641016e+02
1	2	0	22	6.2352960e+02
1	2	0	23	5.8183832e+02
1	2	0	24	6.0617261e+02
1	2	0	25	6.6178436e+02
1	2	0	26	4.5679523e+02
1	2	0	27	4.5056558e+02
1	2	0	28	5.9156445e+02
1	2	0	29	4.6621942e+02
1	2	0	30	5.3338171e+02
1	2	0	31	4.5363077e+02
1	2	0	32	5.2665619e+02
1	2	0	33	4.9404556e+02
1	2	0	34	1.1285327e+03
1	2	0	35	1.1504717e+03
1	2	0	36	1.1580385e+03
1	2	0	37	1.1568455e+03
1	2	0	38	1.1525399e+03
1	2	0	39	1.1474714e+03
1	2	0	40	1.2031357e+03
1	2	0	41	1.1168450e+03
1	2	0	42	1.1677999e+03
1	2	0	43	1.2130154e+03
1	2	0	44	1.2279274e+03
1	2	0	45	1.0676835e+03
1	2	0	46	1.2304077e+03
1	2	0	47	1.1431865e+03
1	2	0	48	1.1248981e+03
1	2	0	49	1.1440623e+03
1	2	0	50	1.1523031e+03
1	2	0	51	1.7463877e+03
1	2	0	52	1.6750125e+03
1	2	0	53	1.2818651e+03
1	2	0	54	1.3714464e+03
1	2	0	55	1.4122716e+03
1	2	0	56	1.5279298e+03
1	2	0	57	1.5615914e+03
1	2	0	58	1.5239633e+03
1	2	0	59	1.3901462e+03
1	2	0	60	1.4163395e+03
1	2	0	61	1.2801772e+03
1	2	0	62	1.3190048e+03
1	2	0	63	1.3034591e+03
1	2	1	0	6.5469812e+02
1	2	1	1	5.7661115e+02
1	2	1	2	6.2821423e+02
1	2	1	3	5.7398401e+02
1	2	1	4	5.5886401e+02
1	2	1	5	5.9510938e+02
1	2	1	6	6.3297186e+02
1	2	1	7	6.2024231e+02
1	2	1	8	5.7406610e+02
1	2	1	9	6.4169562e+02
1	2	1	10	5.6521210e+02
1	2	1	11	6.1426636e+02
1	2	1	12	4.6012634e+02
1	2	1	13	5.4442810e+02
1	2	1	14	5.2990259e+02
1	2	1	15	5.2840460e+02
1	2	1	16	4.2995105e+02
1	2	1	17	4.5936453e+02
1	2	1	18	4.2233469e+02
1	2	1	19	3.7596338e+02
1	2	1	20	4.1125989e+02
1	2	1	21	3.7496506e+02
1	2	1	22	3.9579367e+02
1	2	1	23	4.4476190e+02
1	2	1	24	3.8097180e+02
1	2	1	25	4.5393869e+02
1	2	1	26	4.3376743e+02
1	2	1	27	4.5975076e+02
1	2	1	28	4.8073972e+02
1	2	1	29	3.9476941e+02
1	2	1	30	4.5176877e+02
1	2	1	31	4.1454913e+02
1	2	1	32	4.2421054e+02
1	2	1	33	3.8724017e+02
1	2	1	34	1.0867869e+03
1	2	1	35	1.0635765e+03
1	2	1	36	1.1274443e+03
1	2	1	37	1.1860992e+03
1	2	1	38	1.1075809e+03
1	2	1	39	1.1421622e+03
1	2	1	40	1.2545709e+03
1	2	1	41	1.2003354e+03
1	2	1	42	1.2206509e+03
1	2	1	43	1.1216349e+03
1	2	1	44	1.2994358e+03
1	2	1	45	1.1927811e+03
1	2	1	46	1.2973492e+03
1	2	1	47	1.1720659e+03
1	2	1	48	1.1827930e+03
1	2	1	49	1.2572512e+03
1	2	1	50	1.2262766e+03
1	2	1	51	1.8430706e+03
1	2	1	52	1.8344039e+03
1	2	1	53	1.4355674e+03
1	2	1	54	1.4889824e+03
1	2	1	55	1.5757557e+03
1	2	1	56	1.6398638e+03
1	2	1	57	1.6309675e+03
1	2	1	58	1.5360768e+03
1	2	1	59	1.4755098e+03
1	2	1	60	1.5164246e+03
1	2	1	61	1.3671449e+03
1	2	1	62	1.4205121e+03
1	2	1	63	1.4935223e+03
1	2	2	0	5.8654620e+02
1	2	2	1	4.3622098e+02
1	2	2	2	5.7498969e+02
1	2	2	3	6.3172260e+02
1	2	2	4	4.7092209e+02
1	2	2	5	5.6322388e+02
1	2	2	6	4.3859344e+02
1	2	2	7	7.1839716e+02
1	2	2	8	4.7654492e+02
1	2	2	9	6.1711981e+02
1	2	2	10	4.5541156e+02
1	2	2	11	5.0633948e+02
1	2	2	12	3.8435208e+02
1	2	2	13	4.2957086e+02
1	2	2	14	-9.9497490e+03
1	2	2	15	5.0505139e+02
1	2	2	16	4.8953372e+02
1	2	2	17	3.3407880e+02
1	2	2	18	4.9279797e+02
1	2	2	19	3.7984064e+02
1	2	2	20	4.9605835e+02
1	2	2	21	4.3946268e+02
1	2	2	22	4.3195633e+02
1	2	2	23	4.0581683e+02
1	2	2	24	3.6509219e+02
1	2	2	25	3.4330154e+02
1	2	2	26	3.7234399e+02
1	2	2	27	3.2070975e+02
1	2	2	28	3.5198868e+02
1	2	2	29	2.6112497e+02
1	2	2	30	4.0187119e+02
1	2	2	31	3.2662750e+02
1	2	2	32	3.1398709e+02
1	2	2	33	3.0293201e+02
1	2	2	34	8.8879022e+02
1	2	2	35	1.0008008e+03
1	2	2	36	9.7393359e+02
1	2	2	37	9.0693542e+02
1	2	2	38	9.0591425e+02
1	2	2	39	9.1390063e+02
1	2	2	40	9.3658545e+02
1	2	2	41	9.2854407e+02
1	2	2	42	9.0000281e+02
1	2	2	43	9.8728009e+02
1	2	2	44	9.4747711e+02
1	2	2	45	9.0046222e+02
1	2	2	46	9.5648993e+02
1	2	2	47	8.3984009e+02
1	2	2	48	9.0808917e+02
1	2	2	49	9.1306866e+02
1	2	2	50	9.9510138e+02
1	2	2	51	-5.5946552e+02
1	2	2	52	1.3786993e+03
1	2	2	53	1.2418740e+03
1	2	2	54	1.2591106e+03
1	2	2	55	-2.3175283e+04
1	2	2	56	1.3818553e+03
1	2	2	57	1.3508855e+03
1	2	2	58	1.3160051e+03
1	2	2	59	1.2345323e+03
1	2	2	60	1.2399921e+03
1	2	2	61	1.2419597e+03
1	2	2	62	1.2708707e+03
1	2	2	63	4.1826416e+02
1	2	3	0	5.9397803e+02
1	2	3	1	5.1953143e+02
1	2	3	2	5.5563849e+02
1	2	3	3	5.1666797e+02
1	2	3	4	4.8952029e+02
1	2	3	5	5.0611575e+02
1	2	3	6	5.0904666e+02
1	2	3	7	4.6345517e+02
1	2	3	8	4.3613815e+02
1	2	3	9	5.5573480e+02
1	2	3	10	4.3006210e+02
1	2	3	11	5.6303333e+02
1	2	3	12	4.7220151e+02
1	2	3	13	4.9053568e+02
1	2	3	14	4.1202454e+02
1	2	3	15	4.1670441e+02
1	2	3	16	3.1051770e+02
1	2	3	17	3.9727167e+02
1	2	3	18	3.6859717e+02
1	2	3	19	3.7447638e+02
1	2	3	20	2.7992017e+02
1	2	3	21	3.5780942e+02
1	2	3	22	3.2752829e+02
1	2	3	23	4.0921716e+02
1	2	3	24	2.8611246e+02
1	2	3	25	3.4039621e+02
1	2	3	26	2.5853711e+02
1	2	3	27	4.3133765e+02
1	2	3	28	4.1680630e+02
1	2	3	29	3.7923361e+02
1	2	3	30	3.1384262e+02
1	2	3	31	3.5587103e+02
1	2	3	32	2.5578102e+02
1	2	3	33	3.4981134e+02
1	2	3	34	9.8408453e+02
1	2	3	35	1.0039004e+03
1	2	3	36	-1.0707070e+03
1	2	3	37	-3.7156198e+02
1	2	3	38	1.1658153e+03
1	2	3	39	1.0595603e+03
1	2	3	40	-2.8806917e+03
1	2	3	41	8.5818561e+02
1	2	3	42	-3.3672244e+02
1	2	3	43	1.1776581e+03
1	2	3	44	-2.4536021e+03
1	2	3	45	-2.0317949e+03
1	2	3	46	8.3957330e+02
1	2	3	47	1.1808973e+03
1	2	3	48	-7.0899664e+02
1	2	3	49	1.1772294e+03
1	2	3	50	1.2093435e+03
1	2	3	51	1.7381093e+03
1	2	3	52	1.7333477e+03
1	2	3	53	1.3252412e+03
1	2	3	54	1.4635542e+03
1	2	3	55	1.4876479e+03
1	2	3	56	1.5571206e+03
1	2	3	57	1.5148633e+03
1	2	3	58	1.3887250e+03
1	2	3	59	1.3522649e+03
1	2	3	60	1.3698326e+03
1	2	3	61	1.3213579e+03
1	2	3	62	1.3761437e+03
1	2	3	63	1.4889199e+03
1	2	4	0	4.6007916e+02
1	2	4	1	3.4804257e+02
1	2	4	2	4.4144345e+02
1	2	4	3	4.1720251e+02
1	2	4	4	3.0169458e+02
1	2	4	5	3.7649680e+02
1	2	4	6	2.9772180e+02
1	2	4	7	4.7153983e+02
1	2	4	8	3.3389182e+02
1	2	4	9	3.6580145e+02
1	2	4	10	2.6293054e+02
1	2	4	11	3.3103433e+02
1	2	4	12	2.7727350e+02
1	2	4	13	3.6844702e+02
1	2	4	14	3.6913727e+02
1	2	4	15	3.5396997e+02
1	2	4	16	2.3435223e+02
1	2	4	17	2.1837006e+02
1	2	4	18	2.6103784e+02
1	2	4	19	1.9526459e+02
1	2	4	20	3.7453586e+02
1	2	4	21	2.8137485e+02
1	2	4	22	2.6300443e+02
1	2	4	23	2.6055911e+02
1	2	4	24	1.4220016e+02
1	2	4	25	2.5395895e+02
1	2	4	26	1.7977724e+02
1	2	4	27	1.3019824e+02
1	2	4	28	2.3085677e+02
1	2	4	29	9.9753128e+01
1	2	4	30	2.2361772e+02
1	2	4	31	1.1222855e+02
1	2	4	32	6.9199898e+01
1	2	4	33	1.2453301e+02
1	2	4	34	7.5147345e+02
1	2	4	35	7.7038110e+02
1	2	4	36	8.1745972e+02
1	2	4	37	6.5227539e+02
1	2	4	38	7.4460657e+02
1	2	4	39	7.5991962e+02
1	2	4	40	8.0637079e+02
1	2	4	41	7.1809332e+02
1	2	4	42	8.3614880e+02
1	2	4	43	7.5755023e+02
1	2	4	44	7.8450659e+02
1	2	4	45	7.8198450e+02
1	2	4	46	7.5263678e+02
1	2	4	47	8.1047784e+02
1	2	4	48	7.4163232e+02
1	2	4	49	7.1270630e+02
1	2	4	50	8.8542395e+02
1	2	4	51	1.2637880e+03
1	2	4	52	1.4092257e+03
1	2	4	53	9.9825854e+02
1	2	4	54	1.0578104e+03
1	2	4	55	1.0288577e+03
1	2	4	56	1.1297900e+03
1	2	4	57	1.2719535e+03
1	2	4	58	1.1696476e+03
1	2	4	59	1.0891644e+03
1	2	4	60	9.8167102e+02
1	2	4	61	9.9634662e+02
1	2	4	62	1.0791200e+03
1	2	4	63	9.7861493e+02
1	2	5	0	3.3793796e+02
1	2	5	1	3.3667047e+02
1	2	5	2	2.9078265e+02
1	2	5	3	3.4545227e+02
1	2	5	4	3.2074106e+02
1	2	5	5	3.3420999e+02
1	2	5	6	3.4570676e+02
1	2	5	7	3.4708658e+02
1	2	5	8	2.4197177e+02
1	2	5	9	3.7423016e+02
1	2	5	10	1.8682433e+02
1	2	5	11	3.1346194e+02
1	2	5	12	2.1323653e+02
1	2	5	13	2.5282591e+02
1	2	5	14	2.2623022e+02
1	2	5	15	3.0467282e+02
1	2	5	16	9.5986687e+01
1	2	5	17	1.0665824e+02
1	2	5	18	1.3974945e+02
1	2	5	19	1.4629156e+02
1	2	5	20	1.1800908e+02
1	2	5	21	1.5209727e+02
1	2	5	22	1.4650183e+02
1	2	5	23	2.1487976e+02
1	2	5	24	1.8731180e+02
1	2	5	25	2.2381635e+02
1	2	5	26	1.2563690e+02
1	2	5	27	1.9298347e+02
1	2	5	28	1.7846701e+02
1	2	5	29	2.2291600e+02
1	2	5	30	2.1036322e+02
1	2	5	31	1.7487383e+02
1	2	5	32	1.5941814e+02
1	2	5	33	2.1486703e+02
1	2	5	34	8.8113837e+02
1	2	5	35	8.5306256e+02
1	2	5	36	9.0831909e+02
1	2	5	37	9.3599780e+02
1	2	5	38	8.8363910e+02
1	2	5	39	9.1468317e+02
1	2	5	40	9.5866876e+02
1	2	5	41	8.5784601e+02
1	2	5	42	9.8315698e+02
1	2	5	43	8.8911438e+02
1	2	5	44	1.0531978e+03
1	2	5	45	9.3993848e+02
1	2	5	46	9.9728027e+02
1	2	5	47	9.8576813e+02
1	2	5	48	8.8601019e+02
1	2	5	49	9.2658838e+02
1	2	5	50	9.8873364e+02
1	2	5	51	1.5023250e+03
1	2	5	52	1.5309869e+03
1	2	5	53	1.2303676e+03
1	2	5	54	1.2213927e+03
1	2	5	55	1.2356334e+03
1	2	5	56	1.4192378e+03
1	2	5	57	1.3450522e+03
1	2	5	58	1.1916199e+03
1	2	5	59	1.2785468e+03
1	2	5	60	1.3452128e+03
1	2	5	61	1.0951572e+03
1	2	5	62	1.1544177e+03
1	2	5	63	1.2902491e+03
1	2	6	0	3.9312927e+02
1	2	6	1	3.0772232e+02
1	2	6	2	2.2954686e+02
1	2	6	3	3.1623779e+02
1	2	6	4	2.1069563e+02
1	2	6	5	2.8488144e+02
1	2	6	6	1.7364561e+02
1	2	6	7	3.0799039e+02
1	2	6	8	3.1994809e+02
1	2	6	9	2.7894321e+02
1	2	6	10	1.8734167e+02
1	2	6	11	3.6142511e+02
1	2	6	12	8.3482697e+01
1	2	6	13	2.1128893e+02
1	2	6	14	2.5999750e+02
1	2	6	15	1.9742236e+02
1	2	6	16	1.4210985e+02
1	2	6	17	1.1060191e+02
1	2	6	18	1.2884512e+02
1	2	6	19	1.6721443e+02
1	2	6	20	2.1774962e+02
1	2	6	21	1.2305146e+02
1	2	6	22	1.0878185e+02
1	2	6	23	1.9226472e+02
1	2	6	24	5.4712551e+01
1	2	6	25	1.1234573e+02
1	2	6	26	5.0674366e+01
1	2	6	27	9.9545593e+01
1	2	6	28	1.1803216e+02
1	2	6	29	1.5392206e+00
1	2	6	30	9.2394463e+01
1	2	6	31	1.2557128e+01
1	2	6	32	8.6772270e+00
1	2	6	33	-9.4554958e+00
1	2	6	34	6.8122546e+02
1	2	6	35	6.8119757e+02
1	2	6	36	6.8901410e+02
1	2	6	37	7.3055377e+02
1	2	6	38	6.5224750e+02
1	2	6	39	6.9074713e+02
1	2	6	40	6.9714270e+02
1	2	6	41	5.1960229e+02
1	2	6	42	7.1122601e+02
1	2	6	43	6.8338269e+02
1	2	6	44	7.1502008e+02
1	2	6	45	6.7469641e+02
1	2	6	46	6.8955847e+02
1	2	6	47	6.4662445e+02
1	2	6	48	6.7125171e+02
1	2	6	49	6.6898480e+02
1	2	6	50	7.1785272e+02
1	2	6	51	1.2092468e+03
1	2	6	52	1.3501208e+03
1	2	6	53	9.6907172e+02
1	2	6	54	9.3060626e+02
1	2	6	55	9.1931079e+02
1	2	6	56	1.0325226e+03
1	2	6	57	1.1170966e+03
1	2	6	58	1.1192502e+03
1	2	6	59	9.9877148e+02
1	2	6	60	9.3040552e+02
1	2	6	61	8.9082483e+02
1	2	6	62	9.5732513e+02
1	2	6	63	9.3534515e+02
1	2	7	0	4.1464417e+02
1	2	7	1	4.1445264e+02
1	2	7	2	4.4068259e+02
1	2	7	3	3.6215570e+02
1	2	7	4	4.2436075e+02
1	2	7	5	4.0133432e+02
1	2	7	6	3.9885669e+02
1	2	7	7	4.4934128e+02
1	2	7	8	3.6277466e+02
1	2	7	9	4.5848465e+02
1	2	7	10	3.4183115e+02
1	2	7	11	4.6274057e+02
1	2	7	12	3.9027161e+02
1	2	7	13	3.8275223e+02
1	2	7	14	2.4036604e+02
1	2	7	15	3.6150809e+02
1	2	7	16	2.0509850e+02
1	2	7	17	2.6152603e+02
1	2	7	18	2.2671451e+02
1	2	7	19	2.8447235e+02
1	2	7	20	2.3585046e+02
1	2	7	21	1.5885555e+02
1	2	7	22	2.9668289e+02
1	2	7	23	2.3912039e+02
1	2	7	24	2.1280568e+02
1	2	7	25	3.1838431e+02
1	2	7	26	2.1104164e+02
1	2	7	27	2.3618901e+02
1	2	7	28	2.6889993e+02
1	2	7	29	3.1399667e+02
1	2	7	30	3.4132422e+02
1	2	7	31	2.0895483e+02
1	2	7	32	2.5433507e+02
1	2	7	33	2.3687634e+02
1	2	7	34	9.0038788e+02
1	2	7	35	9.0824713e+02
1	2	7	36	9.4971820e+02
1	2	7	37	8.9392206e+02
1	2	7	38	9.2655164e+02
1	2	7	39	9.7970099e+02
1	2	7	40	1.0284752e+03
1	2	7	41	1.0140350e+03
1	2	7	42	1.0343147e+03
1	2	7	43	9.4219965e+02
1	2	7	44	1.0737030e+03
1	2	7	45	1.0201429e+03
1	2	7	46	1.0359498e+03
1	2	7	47	9.9605432e+02
1	2	7	48	1.0949158e+03
1	2	7	49	9.8662128e+02
1	2	7	50	1.0693181e+03
1	2	7	51	1.5923856e+03
1	2	7	52	1.6193525e+03
1	2	7	53	1.1916456e+03
1	2	7	54	1.2306476e+03
1	2	7	55	1.2755219e+03
1	2	7	56	1.4134423e+03
1	2	7	57	1.3018605e+03
1	2	7	58	1.2192369e+03
1	2	7	59	1.2556267e+03
1	2	7	60	1.2933241e+03
1	2	7	61	1.1612916e+03
1	2	7	62	1.2452217e+03
1	2	7	63	1.3637947e+03
1	2	8	0	1.9976440e+01
1	2	8	1	-1.0134862e+02
1	2	8	2	-3.2713261e+01
1	2	8	3	3.4115002e+01
1	2	8	4	-1.5371132e+02
1	2	8	5	-4.6081837e+01
1	2	8	6	-2.3524435e+02
1	2	8	7	-1.0697026e+01
1	2	8	8	-2.7568184e+01
1	2	8	9	-4.2570137e+01
1	2	8	10	-6.4443161e+01
1	2	8	11	4.2114820e+00
1	2	8	12	-1.5284682e+02
1	2	8	13	-1.0534897e+02
1	2	8	14	-5.0097702e+01
1	2	8	15	-6.6844498e+01
1	2	8	16	-1.3630289e+02
1	2	8	17	-1.4353787e+02
1	2	8	18	-7.8709984e+01
1	2	8	19	-1.8641367e+02
1	2	8	20	-6.6041939e+01
1	2	8	21	-9.4315048e+01
1	2	8	22	-1.7446332e+02
1	2	8	23	-2.0935855e+02
1	2	8	24	-1.6446573e+02
1	2	8	25	-1.9668517e+02
1	2	8	26	-2.6053674e+02
1	2	8	27	-2.3802989e+02
1	2	8	28	-1.8503691e+02
1	2	8	29	-2.4875453e+02
1	2	8	30	-1.5521587e+02
1	2	8	31	-2.8827777e+02
1	2	8	32	-3.0361716e+02
1	2	8	33	-3.3169440e+02
1	2	8	34	4.1773474e+02
1	2	8	35	4.5017053e+02
1	2	8	36	4.6555518e+02
1	2	8	37	4.3236789e+02
1	2	8	38	3.4270233e+02
1	2	8	39	3.7237668e+02
1	2	8	40	4.0722125e+02
1	2	8	41	2.7038571e+02
1	2	8	42	3.5332715e+02
1	2	8	43	3.6738916e+02
1	2	8	44	4.4754221e+02
1	2	8	45	3.1856662e+02
1	2	8	46	3.2955093e+02
1	2	8	47	3.0035272e+02
1	2	8	48	3.5592334e+02
1	2	8	49	3.5804639e+02
1	2	8	50	4.6785934e+02
1	2	8	51	9.9260571e+02
1	2	8	52	1.0451265e+03
1	2	8	53	5.3286957e+02
1	2	8	54	6.3130975e+02
1	2	8	55	6.6216205e+02
1	2	8	56	8.0271893e+02
1	2	8	57	9.0423596e+02
1	2	8	58	8.0394507e+02
1	2	8	59	6.5756464e+02
1	2	8	60	6.8892773e+02
1	2	8	61	6.3245215e+02
1	2	8	62	7.0261945e+02
1	2	8	63	7.2195697e+02
1	2	9	0	3.5398236e+02
1	2	9	1	3.1068832e+02
1	2	9	2	3.2039487e+02
1	2	9	3	3.0962094e+02
1	2	9	4	3.0974115e+02
1	2	9	5	1.9355745e+02
1	2	9	6	3.1861655e+02
1	2	9	7	2.4715118e+02
1	2	9	8	2.3905882e+02
1	2	9	9	3.0739856e+02
1	2	9	10	1.7993285e+02
1	2	9	11	3.4258078e+02
1	2	9	12	1.1623698e+02
1	2	9	13	2.8144727e+02
1	2	9	14	2.2092996e+02
1	2	9	15	2.3431789e+02
1	2	9	16	1.2170286e+02
1	2	9	17	1.0749674e+02
1	2	9	18	1.5487425e+02
1	2	9	19	1.5663916e+02
1	2	9	20	1.8955144e+02
1	2	9	21	1.1847688e+02
1	2	9	22	8.2189072e+01
1	2	9	23	2.1116103e+02
1	2	9	24	1.6721500e+02
1	2	9	25	1.1214857e+02
1	2	9	26	8.1641602e+01
1	2	9	27	2.3536388e+02
1	2	9	28	1.9639616e+02
1	2	9	29	1.6407758e+02
1	2	9	30	2.8773264e+02
1	2	9	31	1.9598708e+02
1	2	9	32	1.2073898e+02
1	2	9	33	1.6331334e+02
1	2	9	34	8.5217188e+02
1	2	9	35	7.7675751e+02
1	2	9	36	8.8328979e+02
1	2	9	37	8.9799384e+02
1	2	9	38	8.2634363e+02
1	2	9	39	8.2377905e+02
1	2	9	40	9.1478436e+02
1	2	9	41	7.8981641e+02
1	2	9	42	9.7593677e+02
1	2	9	43	7.5588336e+02
1	2	9	44	1.0378296e+03
1	2	9	45	8.7498114e+02
1	2	9	46	9.1164117e+02
1	2	9	47	9.3479645e+02
1	2	9	48	8.6008221e+02
1	2	9	49	9.3706982e+02
1	2	9	50	8.9160278e+02
1	2	9	51	1.4488042e+03
1	2	9	52	1.5236821e+03
1	2	9	53	1.1052913e+03
1	2	9	54	1.1313455e+03
1	2	9	55	1.2291852e+03
1	2	9	56	1.3309459e+03
1	2	9	57	1.2462860e+03
1	2	9	58	1.0947203e+03
1	2	9	59	1.0587251e+03
1	2	9	60	1.1984949e+03
1	2	9	61	1.0523750e+03
1	2	9	62	1.1108833e+03
1	2	9	63	1.2275248e+03
1	2	10	0	4.0621906e+02
1	2	10	1	3.8021381e+02
1	2	10	2	3.4919351e+02
1	2	10	3	3.6550302e+02
1	2	10	4	2.2789650e+02
1	2	10	5	3.4305060e+02
1	2	10	6	3.5628812e+02
1	2	10	7	5.9199451e+02
1	2	10	8	3.3891187e+02
1	2	10	9	4.4332822e+02
1	2	10	10	3.1490335e+02
1	2	10	11	2.5551178e+02
1	2	10	12	2.0662959e+02
1	2	10	13	3.2994186e+02
1	2	10	14	3.6499936e+02
1	2	10	15	4.3142252e+02
1	2	10	16	1.5709433e+02
1	2	10	17	1.6591098e+02
1	2	10	18	2.1905893e+02
1	2	10	19	1.7290448e+02
1	2	10	20	2.5024763e+02
1	2	10	21	2.9448572e+02
1	2	10	22	2.4863536e+02
1	2	10	23	2.3605499e+02
1	2	10	24	5.1584984e+01
1	2	10	25	2.1361726e+02
1	2	10	26	1.0326858e+02
1	2	10	27	1.4241565e+02
1	2	10	28	1.7756543e+02
1	2	10	29	1.7255664e+02
1	2	10	30	1.6436520e+02
1	2	10	31	1.5959232e+02
1	2	10	32	1.0143478e+02
1	2	10	33	5.6800320e+01
1	2	10	34	7.0675012e+02
1	2	10	35	8.3646350e+02
1	2	10	36	6.8098987e+02
1	2	10	37	7.1211066e+02
1	2	10	38	7.9077045e+02
1	2	10	39	7.0082941e+02
1	2	10	40	8.4206708e+02
1	2	10	41	7.4530609e+02
1	2	10	42	7.9526843e+02
1	2	10	43	8.0160168e+02
1	2	10	44	8.4393762e+02
1	2	10	45	6.9704138e+02
1	2	10	46	8.1016748e+02
1	2	10	47	7.0005847e+02
1	2	10	48	7.7181427e+02
1	2	10	49	8.1381500e+02
1	2	10	50	8.4350702e+02
1	2	10	51	1.4593743e+03
1	2	10	52	1.3747209e+03
1	2	10	53	1.0925236e+03
1	2	10	54	1.0130338e+03
1	2	10	55	1.0332605e+03
1	2	10	56	1.1065532e+03
1	2	10	57	1.1858422e+03
1	2	10	58	1.1604712e+03
1	2	10	59	1.0965800e+03
1	2	10	60	1.0975118e+03
1	2	10	61	1.0447756e+03
1	2	10	62	1.0824458e+03
1	2	10	63	1.1262651e+03
1	2	11	0	3.9755115e+02
1	2	11	1	4.1764868e+02
1	2	11	2	3.8112674e+02
1	2	11	3	3.7588815e+02
1	2	11	4	3.8531717e+02
1	2	11	5	3.5815640e+02
1	2	11	6	3.4225952e+02
1	2	11	7	3.9069189e+02
1	2	11	8	3.4071548e+02
1	2	11	9	-9.9497490e+03
1	2	11	10	3.4093784e+02
1	2	11	11	4.7857669e+02
1	2	11	12	2.2033176e+02
1	2	11	13	3.9317905e+02
1	2	11	14	2.7502167e+02
1	2	11	15	3.3519589e+02
1	2	11	16	1.6649431e+02
1	2	11	17	2.8496469e+02
1	2	11	18	2.7827805e+02
1	2	11	19	3.9852887e+02
1	2	11	20	2.4464589e+02
1	2	11	21	2.7588589e+02
1	2	11	22	2.7543781e+02
1	2	11	23	3.3597977e+02
1	2	11	24	2.1436436e+02
1	2	11	25	2.2421161e+02
1	2	11	26	3.5442102e+02
1	2	11	27	2.4302229e+02
1	2	11	28	2.6258255e+02
1	2	11	29	3.0868372e+02
1	2	11	30	2.3082620e+02
1	2	11	31	1.6810703e+02
1	2	11	32	1.9035651e+02
1	2	11	33	3.1585361e+02
1	2	11	34	9.8335657e+02
1	2	11	35	-9.9497490e+03
1	2	11	36	9.7395251e+02
1	2	11	37	9.6222717e+02
1	2	11	38	9.3750793e+02
1	2	11	39	1.1326565e+03
1	2	11	40	1.0745472e+03
1	2	11	41	9.9344928e+02
1	2	11	42	1.0643607e+03
1	2	11	43	9.6883435e+02
1	2	11	44	1.1821283e+03
1	2	11	45	9.3020477e+02
1	2	11	46	1.0348014e+03
1	2	11	47	9.9148163e+02
1	2	11	48	9.9291553e+02
1	2	11	49	1.0985417e+03
1	2	11	50	1.1452141e+03
1	2	11	51	1.5620200e+03
1	2	11	52	1.6836133e+03
1	2	11	53	1.1926239e+03
1	2	11	54	1.2236412e+03
1	2	11	55	1.2315211e+03
1	2	11	56	1.3754144e+03
1	2	11	57	1.3084944e+03
1	2	11	58	1.2511843e+03
1	2	11	59	1.1969086e+03
1	2	11	60	1.3723744e+03
1	2	11	61	1.1614379e+03
1	2	11	62	1.1441323e+03
1	2	11	63	1.3742789e+03
1	2	12	0	5.5379810e+02
1	2	12	1	4.8634879e+02
1	2	12	2	5.1606207e+02
1	2	12	3	5.2804883e+02
1	2	12	4	4.3115735e+02
1	2	12	5	4.4813269e+02
1	2	12	6	3.8428497e+02
1	2	12	7	5.3761926e+02
1	2	12	8	4.3184518e+02
1	2	12	9	4.8826102e+02
1	2	12	10	3.4411465e+02
1	2	12	11	4.3920892e+02
1	2	12	12	3.8008734e+02
1	2	12	13	4.3300305e+02
1	2	12	14	4.4130084e+02
1	2	12	15	4.6435770e+02
1	2	12	16	3.7851105e+02
1	2	12	17	3.2514398e+02
1	2	12	18	3.3293008e+02
1	2	12	19	3.0143933e+02
1	2	12	20	3.4440601e+02
1	2	12	21	4.4962494e+02
1	2	12	22	4.5479190e+02
1	2	12	23	3.3690298e+02
1	2	12	24	2.6716556e+02
1	2	12	25	3.7351083e+02
1	2	12	26	3.0620456e+02
1	2	12	27	2.9324509e+02
1	2	12	28	-4.3053638e+03
1	2	12	29	2.9548242e+02
1	2	12	30	1.8815187e+02
1	2	12	31	1.9018910e+02
1	2	12	32	2.1611514e+02
1	2	12	33	2.0271190e+02
1	2	12	34	9.0982404e+02
1	2	12	35	9.4489099e+02
1	2	12	36	9.5348242e+02
1	2	12	37	9.0092651e+02
1	2	12	38	9.0215222e+02
1	2	12	39	9.6471912e+02
1	2	12	40	8.8695544e+02
1	2	12	41	8.2474597e+02
1	2	12	42	9.4163135e+02
1	2	12	43	9.2946967e+02
1	2	12	44	9.6187659e+02
1	2	12	45	9.5389722e+02
1	2	12	46	-9.9497490e+03
1	2	12	47	8.2958252e+02
1	2	12	48	9.5414667e+02
1	2	12	49	8.9570624e+02
1	2	12	50	9.5054865e+02
1	2	12	51	1.5241033e+03
1	2	12	52	1.5151285e+03
1	2	12	53	1.1223452e+03
1	2	12	54	1.1451874e+03
1	2	12	55	1.1655818e+03
1	2	12	56	1.3179823e+03
1	2	12	57	1.3872667e+03
1	2	12	58	1.3249620e+03
1	2	12	59	1.1313932e+03
1	2	12	60	1.2180739e+03
1	2	12	61	1.1419624e+03
1	2	12	62	1.2337589e+03
1	2	12	63	1.2491938e+03
1	2	13	0	6.8924457e+02
1	2	13	1	6.2697528e+02
1	2	13	2	6.1276727e+02
1	2	13	3	6.0202728e+02
1	2	13	4	5.7503265e+02
1	2	13	5	6.6337274e+02
1	2	13	6	5.9812451e+02
1	2	13	7	5.3832373e+02
1	2	13	8	5.7065576e+02
1	2	13	9	6.0033295e+02
1	2	13	10	-1.7021571e+03
1	2	13	11	6.1451721e+02
1	2	13	12	5.3735577e+02
1	2	13	13	5.0716940e+02
1	2	13	14	4.2808618e+02
1	2	13	15	5.0289188e+02
1	2	13	16	3.6732657e+02
1	2	13	17	3.3164740e+02
1	2	13	18	3.6891647e+02
1	2	13	19	4.1157056e+02
1	2	13	20	4.5242282e+02
1	2	13	21	4.3162637e+02
1	2	13	22	4.4872794e+02
1	2	13	23	5.3426483e+02
1	2	13	24	4.2598007e+02
1	2	13	25	5.2496136e+02
1	2	13	26	4.7466721e+02
1	2	13	27	4.9753708e+02
1	2	13	28	4.5592664e+02
1	2	13	29	4.8930759e+02
1	2	13	30	4.6310175e+02
1	2	13	31	3.6487701e+02
1	2	13	32	3.8421811e+02
1	2	13	33	4.1444958e+02
1	2	13	34	1.0488636e+03
1	2	13	35	1.0471680e+03
1	2	13	36	1.0953199e+03
1	2	13	37	1.1059781e+03
1	2	13	38	1.0435133e+03
1	2	13	39	1.1173990e+03
1	2	13	40	1.1210504e+03
1	2	13	41	1.1514312e+03
1	2	13	42	1.1435385e+03
1	2	13	43	1.0350255e+03
1	2	13	44	1.1743091e+03
1	2	13	45	1.1331832e+03
1	2	13	46	1.1668253e+03
1	2	13	47	1.1754231e+03
1	2	13	48	1.2120581e+03
1	2	13	49	1.1248441e+03
1	2	13	50	1.2335687e+03
1	2	13	51	1.7014410e+03
1	2	13	52	1.7015865e+03
1	2	13	53	1.3823348e+03
1	2	13	54	1.4300536e+03
1	2	13	55	1.4354237e+03
1	2	13	56	1.5598983e+03
1	2	13	57	1.5304152e+03
1	2	13	58	1.3569279e+03
1	2	13	59	1.3654740e+03
1	2	13	60	1.3941145e+03
1	2	13	61	1.2751575e+03
1	2	13	62	1.3560702e+03
1	2	13	63	1.5035223e+03
1	2	14	0	6.0232074e+02
1	2	14	1	4.0767242e+02
1	2	14	2	5.3174969e+02
1	2	14	3	5.3618024e+02
1	2	14	4	3.8932306e+02
1	2	14	5	3.3450702e+02
1	2	14	6	4.3103534e+02
1	2	14	7	5.2772473e+02
1	2	14	8	4.8641309e+02
1	2	14	9	6.3363965e+02
1	2	14	10	3.8503745e+02
1	2	14	11	5.0910574e+02
1	2	14	12	4.8571259e+02
1	2	14	13	4.1578778e+02
1	2	14	14	4.7529642e+02
1	2	14	15	4.4799197e+02
1	2	14	16	3.0406015e+02
1	2	14	17	3.1484076e+02
1	2	14	18	3.9737128e+02
1	2	14	19	3.2962112e+02
1	2	14	20	5.5877655e+02
1	2	14	21	4.0034030e+02
1	2	14	22	3.4317633e+02
1	2	14	23	3.5536685e+02
1	2	14	24	2.7611377e+02
1	2	14	25	3.0712704e+02
1	2	14	26	3.3722778e+02
1	2	14	27	2.8593192e+02
1	2	14	28	2.9582327e+02
1	2	14	29	2.5871396e+02
1	2	14	30	3.1723926e+02
1	2	14	31	2.7580383e+02
1	2	14	32	2.4439709e+02
1	2	14	33	2.4014330e+02
1	2	14	34	8.7303540e+02
1	2	14	35	1.0129359e+03
1	2	14	36	1.0201075e+03
1	2	14	37	9.9891364e+02
1	2	14	38	9.6957007e+02
1	2	14	39	9.6373242e+02
1	2	14	40	9.7728638e+02
1	2	14	41	8.8511310e+02
1	2	14	42	9.3075415e+02
1	2	14	43	1.0385857e+03
1	2	14	44	1.0403141e+03
1	2	14	45	8.9753772e+02
1	2	14	46	9.6968158e+02
1	2	14	47	9.7748389e+02
1	2	14	48	9.3655145e+02
1	2	14	49	1.0127435e+03
1	2	14	50	1.0449576e+03
1	2	14	51	1.6411058e+03
1	2	14	52	1.5136399e+03
1	2	14	53	1.1846418e+03
1	2	14	54	1.2737511e+03
1	2	14	55	1.1782058e+03
1	2	14	56	1.3031458e+03
1	2	14	57	1.4140059e+03
1	2	14	58	1.3858177e+03
1	2	14	59	1.2884054e+03
1	2	14	60	1.1562555e+03
1	2	14	61	1.1734255e+03
1	2	14	62	1.3680095e+03
1	2	14	63	1.2275994e+03
1	2	15	0	6.2771448e+02
1	2	15	1	6.1378833e+02
1	2	15	2	5.8419208e+02
1	2	15	3	5.7347992e+02
1	2	15	4	6.0475562e+02
1	2	15	5	6.4480994e+02
1	2	15	6	5.5036877e+02
1	2	15	7	5.3437396e+02
1	2	15	8	5.7249280e+02
1	2	15	9	6.3770270e+02
1	2	15	10	5.2340302e+02
1	2	15	11	5.9783502e+02
1	2	15	12	4.3867880e+02
1	2	15	13	5.1849011e+02
1	2	15	14	6.0174536e+02
1	2	15	15	4.6843881e+02
1	2	15	16	5.3276300e+02
1	2	15	17	4.5318683e+02
1	2	15	18	3.6913663e+02
1	2	15	19	4.7462787e+02
1	2	15	20	3.8534860e+02
1	2	15	21	4.7740106e+02
1	2	15	22	4.2733987e+02
1	2	15	23	6.0552673e+02
1	2	15	24	4.3907788e+02
1	2	15	25	5.5131860e+02
1	2	15	26	4.5837207e+02
1	2	15	27	4.5092282e+02
1	2	15	28	4.7359885e+02
1	2	15	29	5.0624554e+02
1	2	15	30	4.6889264e+02
1	2	15	31	3.9562766e+02
1	2	15	32	3.7689578e+02
1	2	15	33	5.4480371e+02
1	2	15	34	1.1064315e+03
1	2	15	35	1.0886577e+03
1	2	15	36	1.2864729e+03
1	2	15	37	1.2661630e+03
1	2	15	38	1.1815830e+03
1	2	15	39	1.1555725e+03
1	2	15	40	1.2761033e+03
1	2	15	41	1.1939186e+03
1	2	15	42	1.2171587e+03
1	2	15	43	1.1559264e+03
1	2	15	44	1.2568456e+03
1	2	15	45	1.2524617e+03
1	2	15	46	1.3010365e+03
1	2	15	47	1.3549287e+03
1	2	15	48	1.2810137e+03
1	2	15	49	1.1445309e+03
1	2	15	50	1.1951012e+03
1	2	15	51	1.9110544e+03
1	2	15	52	1.9523533e+03
1	2	15	53	1.4726237e+03
1	2	15	54	1.4990032e+03
1	2	15	55	1.5536183e+03
1	2	15	56	1.6806433e+03
1	2	15	57	1.6710088e+03
1	2	15	58	1.5180256e+03
1	2	15	59	1.4745109e+03
1	2	15	60	1.6396658e+03
1	2	15	61	1.4237880e+03
1	2	15	62	1.5384388e+03
1	2	15	63	1.6605820e+03
