0	0	0	0	3.1061478e+01
0	0	0	1	-9.2382553e+01
0	0	0	2	1.2314931e+02
0	0	0	3	-6.2004662e+01
0	0	0	4	-3.9301456e+01
0	0	0	5	-4.1111370e+01
0	0	0	6	-3.9197659e+00
0	0	0	7	-3.2387653e+01
0	0	0	8	-4.5310520e+01
0	0	0	9	9.9941536e+01
0	0	0	10	-5.5429642e+01
0	0	0	11	4.4334175e+01
0	0	0	12	-1.7694960e+02
0	0	0	13	-9.0817169e+01
0	0	0	14	-8.6739754e+01
0	0	0	15	-1.6162762e+01
0	0	0	16	-1.7936064e+02
0	0	0	17	-2.3603197e+02
0	0	0	18	-9.9870995e+01
0	0	0	19	-2.4900789e+02
0	0	0	20	-1.8340414e+02
0	0	0	21	-1.6161069e+02
0	0	0	22	-2.3570593e+02
0	0	0	23	-1.4574146e+02
0	0	0	24	-1.8517902e+02
0	0	0	25	-1.2177474e+02
0	0	0	26	-2.1326189e+02
0	0	0	27	-1.9626262e+02
0	0	0	28	-1.4998128e+02
0	0	0	29	-1.8354907e+02
0	0	0	30	-1.7174747e+02
0	0	0	31	-1.2366744e+02
0	0	0	32	-1.5270837e+02
0	0	0	33	-2.1531284e+02
0	0	0	34	5.9809467e+02
0	0	0	35	5.4612500e+02
0	0	0	36	5.5669440e+02
0	0	0	37	5.2840961e+02
0	0	0	38	5.3633557e+02
0	0	0	39	6.5122211e+02
0	0	0	40	5.1120999e+02
0	0	0	41	5.7287268e+02
0	0	0	42	6.7157263e+02
0	0	0	43	6.4746167e+02
0	0	0	44	6.7387012e+02
0	0	0	45	6.0184656e+02
0	0	0	46	7.1018030e+02
0	0	0	47	6.4162439e+02
0	0	0	48	6.6483398e+02
0	0	0	49	5.4814313e+02
0	0	0	50	6.0009137e+02
0	0	0	51	1.1764766e+03
0	0	0	52	1.2288982e+03
0	0	0	53	7.6857587e+02
0	0	0	54	8.2369513e+02
0	0	0	55	8.7661041e+02
0	0	0	56	1.0976805e+03
0	0	0	57	9.8307471e+02
0	0	0	58	8.9173065e+02
0	0	0	59	8.2913068e+02
0	0	0	60	9.1522729e+02
0	0	0	61	7.0627039e+02
0	0	0	62	7.9485156e+02
0	0	0	63	9.2334155e+02
0	0	1	0	2.8938742e+02
0	0	1	1	1.8893666e+02
0	0	1	2	1.2761885e+02
0	0	1	3	1.2981390e+02
0	0	1	4	9.1259186e+01
0	0	1	5	2.8146271e+02
0	0	1	6	1.2693562e+02
0	0	1	7	1.7950951e+02
0	0	1	8	8.7714096e+01
0	0	1	9	1.4417763e+02
0	0	1	10	2.2185744e+02
0	0	1	11	8.4602509e+01
0	0	1	12	8.9407196e+01
0	0	1	13	1.5108267e+02
0	0	1	14	2.3159441e+01
0	0	1	15	8.4956390e+01
0	0	1	16	7.0527580e+01
0	0	1	17	1.8112666e+02
0	0	1	18	1.7954002e+02
0	0	1	19	1.6892477e+02
0	0	1	20	5.5188728e+01
0	0	1	21	5.2716007e+01
0	0	1	22	4.5205597e+01
0	0	1	23	6.2723511e+01
0	0	1	24	9.5304634e+01
0	0	1	25	9.5953918e+01
0	0	1	26	-4.2333942e+01
0	0	1	27	7.2786079e+01
0	0	1	28	4.3254585e+01
0	0	1	29	-1.7419842e+00
0	0	1	30	1.0632960e+02
0	0	1	31	-1.0965676e+01
0	0	1	32	4.7078080e+00
0	0	1	33	-3.6630676e+00
0	0	1	34	6.2518781e+02
0	0	1	35	6.0707336e+02
0	0	1	36	6.5544305e+02
0	0	1	37	6.2593011e+02
0	0	1	38	7.6630585e+02
0	0	1	39	6.0137384e+02
0	0	1	40	6.9293408e+02
0	0	1	41	6.0283777e+02
0	0	1	42	6.6428894e+02
0	0	1	43	6.2865857e+02
0	0	1	44	6.2946991e+02
0	0	1	45	6.6257233e+02
0	0	1	46	6.7795923e+02
0	0	1	47	6.0288562e+02
0	0	1	48	6.4374493e+02
0	0	1	49	5.4452509e+02
0	0	1	50	6.7804694e+02
0	0	1	51	1.2926105e+03
0	0	1	52	1.2547751e+03
0	0	1	53	8.4141748e+02
0	0	1	54	9.1180164e+02
0	0	1	55	8.5880707e+02
0	0	1	56	1.0321078e+03
0	0	1	57	1.0194042e+03
0	0	1	58	9.8169879e+02
0	0	1	59	9.2211462e+02
0	0	1	60	9.5920490e+02
0	0	1	61	9.4855237e+02
0	0	1	62	9.6164783e+02
0	0	1	63	1.0020726e+03
0	0	2	0	2.7199454e+02
0	0	2	1	1.4919559e+02
0	0	2	2	2.3354599e+02
0	0	2	3	2.3935904e+02
0	0	2	4	1.9056015e+02
0	0	2	5	2.0602504e+02
0	0	2	6	2.5218362e+02
0	0	2	7	2.4950294e+02
0	0	2	8	1.7784879e+02
0	0	2	9	4.0479724e+02
0	0	2	10	1.4360472e+02
0	0	2	11	2.0435132e+02
0	0	2	12	5.9654312e+01
0	0	2	13	1.2646423e+02
0	0	2	14	1.9244789e+02
0	0	2	15	2.2422186e+02
0	0	2	16	8.9464233e+01
0	0	2	17	6.0091614e+01
0	0	2	18	1.3332193e+01
0	0	2	19	4.3488998e+01
0	0	2	20	4.4182102e+01
0	0	2	21	1.1369096e+02
0	0	2	22	1.2176961e+02
0	0	2	23	9.7923317e+01
0	0	2	24	-1.8025732e+01
0	0	2	25	9.6985527e+01
0	0	2	26	2.1308337e+02
0	0	2	27	1.0267892e+02
0	0	2	28	5.7415657e+01
0	0	2	29	1.1224396e+02
0	0	2	30	1.4973846e+02
0	0	2	31	7.6946281e+01
0	0	2	32	6.0512272e+01
0	0	2	33	8.8654381e+01
0	0	2	34	6.8737640e+02
0	0	2	35	7.6550018e+02
0	0	2	36	7.9770361e+02
0	0	2	37	7.6479034e+02
0	0	2	38	7.2017963e+02
0	0	2	39	7.2872491e+02
0	0	2	40	7.7873120e+02
0	0	2	41	7.0648853e+02
0	0	2	42	7.9912164e+02
0	0	2	43	8.1539240e+02
0	0	2	44	7.3848047e+02
0	0	2	45	7.4897095e+02
0	0	2	46	7.8631519e+02
0	0	2	47	7.7375653e+02
0	0	2	48	8.5394025e+02
0	0	2	49	8.5002155e+02
0	0	2	50	7.5130219e+02
0	0	2	51	1.4438314e+03
0	0	2	52	1.4166409e+03
0	0	2	53	1.0539089e+03
0	0	2	54	1.2030282e+03
0	0	2	55	1.0775825e+03
0	0	2	56	1.2780216e+03
0	0	2	57	1.1455984e+03
0	0	2	58	1.0892571e+03
0	0	2	59	1.0574736e+03
0	0	2	60	1.1788188e+03
0	0	2	61	1.0267693e+03
0	0	2	62	1.0409646e+03
0	0	2	63	1.1661685e+03
0	0	3	0	2.1012509e+02
0	0	3	1	2.9604027e+01
0	0	3	2	-8.8511209e+00
0	0	3	3	-5.6970493e+01
0	0	3	4	-3.7565895e+01
0	0	3	5	4.8831528e+01
0	0	3	6	-5.0561340e+01
0	0	3	7	4.2746029e+00
0	0	3	8	-1.5261067e+01
0	0	3	9	-1.5114665e+01
0	0	3	10	1.4546323e+01
0	0	3	11	-4.3874531e+01
0	0	3	12	-7.1625481e+01
0	0	3	13	-5.0446762e+01
0	0	3	14	-6.7475914e+01
0	0	3	15	7.6426363e+00
0	0	3	16	-6.0165623e+01
0	0	3	17	-1.5582359e+01
0	0	3	18	-1.0505637e+02
0	0	3	19	-4.2916172e+01
0	0	3	20	-1.8646664e+02
0	0	3	21	-1.7301720e+02
0	0	3	22	-8.5601158e+01
0	0	3	23	-2.9792183e+01
0	0	3	24	-2.5129355e+02
0	0	3	25	-1.8078139e+02
0	0	3	26	-1.8557684e+02
0	0	3	27	-1.1704170e+02
0	0	3	28	-2.1652242e+02
0	0	3	29	-2.5482150e+02
0	0	3	30	-2.5847360e+02
0	0	3	31	-2.1762383e+02
0	0	3	32	-1.9293576e+02
0	0	3	33	-2.7148633e+02
0	0	3	34	4.8371744e+02
0	0	3	35	3.8298477e+02
0	0	3	36	3.9720874e+02
0	0	3	37	3.5955902e+02
0	0	3	38	4.8986636e+02
0	0	3	39	3.9457663e+02
0	0	3	40	4.3140652e+02
0	0	3	41	4.1078748e+02
0	0	3	42	4.4422003e+02
0	0	3	43	4.1392203e+02
0	0	3	44	4.5865741e+02
0	0	3	45	3.3836551e+02
0	0	3	46	4.0318637e+02
0	0	3	47	3.0750842e+02
0	0	3	48	3.2133545e+02
0	0	3	49	4.1665182e+02
0	0	3	50	3.9933356e+02
0	0	3	51	8.8756226e+02
0	0	3	52	9.7352673e+02
0	0	3	53	6.4973578e+02
0	0	3	54	6.9514465e+02
0	0	3	55	7.0187933e+02
0	0	3	56	8.2013409e+02
0	0	3	57	8.2687201e+02
0	0	3	58	7.1809778e+02
0	0	3	59	7.1211389e+02
0	0	3	60	6.5741956e+02
0	0	3	61	6.4843567e+02
0	0	3	62	6.3642975e+02
0	0	3	63	6.7176404e+02
0	0	4	0	-1.4120918e+02
0	0	4	1	-1.8676677e+02
0	0	4	2	-9.2505821e+01
0	0	4	3	-1.9795389e+02
0	0	4	4	-1.5777724e+02
0	0	4	5	-1.1191092e+02
0	0	4	6	-8.1540642e+01
0	0	4	7	-1.8664709e+02
0	0	4	8	-2.3020840e+02
0	0	4	9	-1.0128519e+02
0	0	4	10	-1.9404036e+02
0	0	4	11	-1.2735815e+02
0	0	4	12	-2.6066821e+02
0	0	4	13	-1.9288559e+02
0	0	4	14	-1.8760835e+02
0	0	4	15	-2.1577129e+02
0	0	4	16	-3.0594446e+02
0	0	4	17	-3.8644489e+02
0	0	4	18	-3.0765091e+02
0	0	4	19	-3.6712646e+02
0	0	4	20	-3.2179333e+02
0	0	4	21	-3.8410675e+02
0	0	4	22	-2.5891681e+02
0	0	4	23	-3.3811148e+02
0	0	4	24	-3.2783304e+02
0	0	4	25	-2.7094083e+02
0	0	4	26	-2.7449353e+02
0	0	4	27	-1.8025278e+02
0	0	4	28	-2.8824637e+02
0	0	4	29	-3.3378845e+02
0	0	4	30	-2.9902438e+02
0	0	4	31	-2.8942236e+02
0	0	4	32	-3.0354044e+02
0	0	4	33	-3.5454416e+02
0	0	4	34	4.3447318e+02
0	0	4	35	3.9131369e+02
0	0	4	36	4.0952386e+02
0	0	4	37	3.7432510e+02
0	0	4	38	3.8975916e+02
0	0	4	39	4.2135110e+02
0	0	4	40	4.1102594e+02
0	0	4	41	4.1653671e+02
0	0	4	42	4.3860696e+02
0	0	4	43	4.4477164e+02
0	0	4	44	5.6920380e+02
0	0	4	45	4.7661917e+02
0	0	4	46	5.3230151e+02
0	0	4	47	4.3171423e+02
0	0	4	48	6.0205402e+02
0	0	4	49	5.4239508e+02
0	0	4	50	4.3223218e+02
0	0	4	51	1.1478341e+03
0	0	4	52	1.1378142e+03
0	0	4	53	6.9006189e+02
0	0	4	54	7.6343909e+02
0	0	4	55	8.4412671e+02
0	0	4	56	8.9942377e+02
0	0	4	57	8.8946863e+02
0	0	4	58	7.5490247e+02
0	0	4	59	7.5911810e+02
0	0	4	60	7.7011096e+02
0	0	4	61	6.7070795e+02
0	0	4	62	6.5456683e+02
0	0	4	63	7.8797247e+02
0	0	5	0	-1.6976497e+02
0	0	5	1	-2.6347220e+02
0	0	5	2	-3.8044040e+02
0	0	5	3	-3.0101300e+02
0	0	5	4	-3.7389209e+02
0	0	5	5	-2.8605942e+02
0	0	5	6	-3.2630066e+02
0	0	5	7	-2.0055492e+02
0	0	5	8	-2.7353146e+02
0	0	5	9	-3.1827386e+02
0	0	5	10	-2.4924283e+02
0	0	5	11	-3.6729663e+02
0	0	5	12	-4.0785257e+02
0	0	5	13	-3.4203122e+02
0	0	5	14	-3.4537189e+02
0	0	5	15	-2.6652722e+02
0	0	5	16	-2.1592014e+02
0	0	5	17	-3.9642892e+02
0	0	5	18	-4.3941986e+02
0	0	5	19	-2.4779768e+02
0	0	5	20	-4.4390805e+02
0	0	5	21	-4.4458047e+02
0	0	5	22	-3.6198645e+02
0	0	5	23	-4.3724359e+02
0	0	5	24	-4.6238574e+02
0	0	5	25	-4.1464252e+02
0	0	5	26	-4.4279306e+02
0	0	5	27	-4.6817874e+02
0	0	5	28	-4.6118066e+02
0	0	5	29	-5.6401288e+02
0	0	5	30	-4.5646313e+02
0	0	5	31	-5.2178583e+02
0	0	5	32	-5.1461725e+02
0	0	5	33	-5.4238690e+02
0	0	5	34	9.7146713e+01
0	0	5	35	8.4661240e+01
0	0	5	36	1.6967145e+02
0	0	5	37	1.6082326e+02
0	0	5	38	1.9996869e+02
0	0	5	39	8.2923996e+01
0	0	5	40	1.7923917e+02
0	0	5	41	1.2336512e+02
0	0	5	42	2.0832224e+02
0	0	5	43	1.0419926e+02
0	0	5	44	2.1606100e+02
0	0	5	45	1.1416836e+02
0	0	5	46	1.3795782e+02
0	0	5	47	8.4397034e+01
0	0	5	48	9.0642700e+01
0	0	5	49	1.5978975e+02
0	0	5	50	1.6662813e+02
0	0	5	51	7.5173761e+02
0	0	5	52	7.9509973e+02
0	0	5	53	3.9338770e+02
0	0	5	54	4.2920770e+02
0	0	5	55	4.6329126e+02
0	0	5	56	5.8846820e+02
0	0	5	57	6.1382501e+02
0	0	5	58	5.0885376e+02
0	0	5	59	4.8672321e+02
0	0	5	60	4.5917139e+02
0	0	5	61	3.8447479e+02
0	0	5	62	5.1554004e+02
0	0	5	63	4.5565085e+02
0	0	6	0	-9.7019836e+01
0	0	6	1	-1.9484459e+02
0	0	6	2	-1.6754027e+02
0	0	6	3	-1.6021938e+02
0	0	6	4	-1.0661322e+02
0	0	6	5	-1.5481314e+02
0	0	6	6	-1.2220299e+02
0	0	6	7	-1.8871423e+02
0	0	6	8	-2.0776396e+02
0	0	6	9	-1.5085263e+02
0	0	6	10	-2.5289818e+02
0	0	6	11	-1.4796605e+02
0	0	6	12	-2.4426479e+02
0	0	6	13	-1.4498663e+02
0	0	6	14	-2.0552789e+02
0	0	6	15	-2.3761725e+02
0	0	6	16	-3.6302353e+02
0	0	6	17	-3.8625977e+02
0	0	6	18	-3.4450488e+02
0	0	6	19	-3.0820322e+02
0	0	6	20	-4.5471616e+02
0	0	6	21	-3.4544171e+02
0	0	6	22	-2.9242987e+02
0	0	6	23	-3.0177344e+02
0	0	6	24	-2.8111847e+02
0	0	6	25	-2.3785834e+02
0	0	6	26	-2.8006845e+02
0	0	6	27	-2.4470528e+02
0	0	6	28	-2.8533047e+02
0	0	6	29	-3.4455182e+02
0	0	6	30	-3.1132019e+02
0	0	6	31	-3.5924368e+02
0	0	6	32	-2.9412305e+02
0	0	6	33	-3.2595319e+02
0	0	6	34	3.5877869e+02
0	0	6	35	4.0519168e+02
0	0	6	36	4.3206680e+02
0	0	6	37	5.4536560e+02
0	0	6	38	4.5213403e+02
0	0	6	39	4.3282483e+02
0	0	6	40	3.9878189e+02
0	0	6	41	4.1395493e+02
0	0	6	42	6.4198724e+02
0	0	6	43	4.5869815e+02
0	0	6	44	6.4317822e+02
0	0	6	45	4.7252359e+02
0	0	6	46	8.4654358e+02
0	0	6	47	4.2470032e+02
0	0	6	48	5.1243549e+02
0	0	6	49	9.3275287e+02
0	0	6	50	5.3213721e+02
0	0	6	51	1.0238645e+03
0	0	6	52	1.0925248e+03
0	0	6	53	7.2543652e+02
0	0	6	54	7.3516296e+02
0	0	6	55	8.7579150e+02
0	0	6	56	9.2612671e+02
0	0	6	57	8.7903766e+02
0	0	6	58	7.6600757e+02
0	0	6	59	7.0830438e+02
0	0	6	60	8.3441553e+02
0	0	6	61	7.7399261e+02
0	0	6	62	7.0588794e+02
0	0	6	63	8.7332239e+02
0	0	7	0	7.8132889e+01
0	0	7	1	-1.8698233e+02
0	0	7	2	-1.8647560e+02
0	0	7	3	-1.8636725e+02
0	0	7	4	-2.5632120e+02
0	0	7	5	-9.1003189e+01
0	0	7	6	-2.4484105e+02
0	0	7	7	-1.2135748e+02
0	0	7	8	-2.3888739e+02
0	0	7	9	-1.8429369e+02
0	0	7	10	-1.2330010e+02
0	0	7	11	-3.0399576e+02
0	0	7	12	-3.5237427e+02
0	0	7	13	-1.9581104e+02
0	0	7	14	-2.6187848e+02
0	0	7	15	-1.8750302e+02
0	0	7	16	-3.2185663e+02
0	0	7	17	-2.0842891e+02
0	0	7	18	-2.7977573e+02
0	0	7	19	2.0914670e+03
0	0	7	20	-3.7597546e+02
0	0	7	21	-2.9413593e+02
0	0	7	22	-2.9406528e+02
0	0	7	23	-3.0168176e+02
0	0	7	24	-4.6202963e+02
0	0	7	25	-2.9782404e+02
0	0	7	26	-3.1438712e+02
0	0	7	27	-3.7560846e+02
0	0	7	28	-3.4388715e+02
0	0	7	29	-3.7446472e+02
0	0	7	30	-4.0572183e+02
0	0	7	31	-4.0004340e+02
0	0	7	32	-4.8405307e+02
0	0	7	33	-5.2483838e+02
0	0	7	34	1.7895856e+02
0	0	7	35	1.6406721e+02
0	0	7	36	2.1388052e+02
0	0	7	37	2.8547119e+02
0	0	7	38	2.7170169e+02
0	0	7	39	2.4150723e+02
0	0	7	40	1.4356352e+02
0	0	7	41	1.5420209e+02
0	0	7	42	1.9561194e+02
0	0	7	43	1.2448989e+02
0	0	7	44	1.7753766e+02
0	0	7	45	1.8286752e+02
0	0	7	46	1.8255542e+02
0	0	7	47	2.2683330e+02
0	0	7	48	1.1259185e+02
0	0	7	49	1.7495677e+02
0	0	7	50	2.2309787e+02
0	0	7	51	7.5494275e+02
0	0	7	52	6.6584668e+02
0	0	7	53	3.4543710e+02
0	0	7	54	4.5356769e+02
0	0	7	55	3.9885385e+02
0	0	7	56	5.0504910e+02
0	0	7	57	5.2549207e+02
0	0	7	58	4.7967859e+02
0	0	7	59	4.7273340e+02
0	0	7	60	4.0052902e+02
0	0	7	61	4.1241449e+02
0	0	7	62	4.3648978e+02
0	0	7	63	4.3503894e+02
0	0	8	0	-3.4009576e+02
0	0	8	1	-3.1665469e+02
0	0	8	2	-1.8394135e+02
0	0	8	3	-3.9020276e+02
0	0	8	4	-3.4929895e+02
0	0	8	5	-3.2262674e+02
0	0	8	6	-3.5563763e+02
0	0	8	7	-2.9647943e+02
0	0	8	8	-3.8258020e+02
0	0	8	9	-2.9370444e+02
0	0	8	10	-4.3787018e+02
0	0	8	11	-3.1245679e+02
0	0	8	12	-3.8195438e+02
0	0	8	13	-2.9443417e+02
0	0	8	14	-4.6484341e+02
0	0	8	15	-2.6796152e+02
0	0	8	16	-6.0893591e+02
0	0	8	17	-5.5799060e+02
0	0	8	18	-5.0773633e+02
0	0	8	19	-6.1211127e+02
0	0	8	20	-5.0070297e+02
0	0	8	21	-6.0942786e+02
0	0	8	22	-4.9155353e+02
0	0	8	23	-5.6826685e+02
0	0	8	24	-5.2370404e+02
0	0	8	25	-4.4255576e+02
0	0	8	26	-5.3855060e+02
0	0	8	27	-4.2454855e+02
0	0	8	28	-4.5071622e+02
0	0	8	29	-4.6803610e+02
0	0	8	30	-4.7884775e+02
0	0	8	31	-4.0633963e+02
0	0	8	32	-4.8324866e+02
0	0	8	33	-4.5265726e+02
0	0	8	34	2.3658296e+02
0	0	8	35	2.6193692e+02
0	0	8	36	2.1671642e+02
0	0	8	37	2.5263387e+02
0	0	8	38	2.1777328e+02
0	0	8	39	3.3106155e+02
0	0	8	40	2.7987323e+02
0	0	8	41	2.2819424e+02
0	0	8	42	3.2009879e+02
0	0	8	43	3.3457211e+02
0	0	8	44	3.4625705e+02
0	0	8	45	2.5100656e+02
0	0	8	46	3.2014859e+02
0	0	8	47	2.4108078e+02
0	0	8	48	2.8894092e+02
0	0	8	49	2.5738028e+02
0	0	8	50	3.1316345e+02
0	0	8	51	9.5745886e+02
0	0	8	52	8.6045435e+02
0	0	8	53	6.3291974e+02
0	0	8	54	5.1667865e+02
0	0	8	55	6.4537280e+02
0	0	8	56	7.4180896e+02
0	0	8	57	8.3975592e+02
0	0	8	58	5.0841635e+02
0	0	8	59	5.3558832e+02
0	0	8	60	6.4412073e+02
0	0	8	61	4.7922220e+02
0	0	8	62	5.1643555e+02
0	0	8	63	6.9389752e+02
0	0	9	0	-2.1688876e+02
0	0	9	1	-2.4592955e+02
0	0	9	2	-3.7013879e+02
0	0	9	3	-2.3683557e+02
0	0	9	4	-4.4831595e+02
0	0	9	5	-3.5969904e+02
0	0	9	6	-3.4322263e+02
0	0	9	7	-3.0930753e+02
0	0	9	8	-3.0964487e+02
0	0	9	9	-3.9944241e+02
0	0	9	10	-3.2276013e+02
0	0	9	11	-3.9608691e+02
0	0	9	12	-4.2059000e+02
0	0	9	13	-3.6104233e+02
0	0	9	14	-4.1978427e+02
0	0	9	15	-2.3418431e+02
0	0	9	16	-4.5713477e+02
0	0	9	17	-3.9180902e+02
0	0	9	18	-4.0424121e+02
0	0	9	19	-3.7587631e+02
0	0	9	20	-5.4332886e+02
0	0	9	21	-4.3252521e+02
0	0	9	22	-4.6766589e+02
0	0	9	23	-3.9470551e+02
0	0	9	24	-4.9021585e+02
0	0	9	25	-4.6146619e+02
0	0	9	26	-4.7782077e+02
0	0	9	27	-5.7078241e+02
0	0	9	28	-5.0777197e+02
0	0	9	29	-6.0281525e+02
0	0	9	30	-5.6493604e+02
0	0	9	31	-6.2245380e+02
0	0	9	32	-5.5707721e+02
0	0	9	33	-6.1608710e+02
0	0	9	34	8.3745941e+01
0	0	9	35	-5.5960832e+00
0	0	9	36	1.0918427e+02
0	0	9	37	4.8137684e+01
0	0	9	38	9.5346283e+01
0	0	9	39	-2.0134441e+01
0	0	9	40	1.0375916e+02
0	0	9	41	-3.9320080e+01
0	0	9	42	3.3683283e+00
0	0	9	43	7.1423149e+00
0	0	9	44	6.3360638e+01
0	0	9	45	-1.6756798e+01
0	0	9	46	3.0580915e+01
0	0	9	47	4.6053585e+01
0	0	9	48	1.6398212e+01
0	0	9	49	-5.4962257e+01
0	0	9	50	1.1179378e+02
0	0	9	51	6.5756030e+02
0	0	9	52	6.8054730e+02
0	0	9	53	2.9156210e+02
0	0	9	54	2.9746371e+02
0	0	9	55	2.4103505e+02
0	0	9	56	4.4968433e+02
0	0	9	57	4.5659650e+02
0	0	9	58	3.8854953e+02
0	0	9	59	3.4929654e+02
0	0	9	60	2.8576578e+02
0	0	9	61	3.1330798e+02
0	0	9	62	3.6681152e+02
0	0	9	63	3.3010928e+02
0	0	10	0	5.1148727e+01
0	0	10	1	-4.4478554e+01
0	0	10	2	1.1730387e+02
0	0	10	3	-1.3187390e+01
0	0	10	4	8.2386749e+01
0	0	10	5	2.8027733e+01
0	0	10	6	5.4393185e+01
0	0	10	7	1.1737843e+02
0	0	10	8	3.2293972e+01
0	0	10	9	1.3727316e+02
0	0	10	10	2.6850488e+00
0	0	10	11	5.6294003e+01
0	0	10	12	-4.5509811e+01
0	0	10	13	-2.3672040e+00
0	0	10	14	-7.3983299e+01
0	0	10	15	-8.4164848e+01
0	0	10	16	-1.7992261e+02
0	0	10	17	-1.4902892e+02
0	0	10	18	-9.0007347e+01
0	0	10	19	-1.2758602e+02
0	0	10	20	-2.5020586e+01
0	0	10	21	-1.8427068e+02
0	0	10	22	-3.6710476e+01
0	0	10	23	-8.2395164e+01
0	0	10	24	-1.2040050e+02
0	0	10	25	-4.2499367e+01
0	0	10	26	-1.5911160e+02
0	0	10	27	6.2185933e+03
0	0	10	28	-3.6993225e+01
0	0	10	29	-8.9841873e+01
0	0	10	30	-1.1361224e+02
0	0	10	31	-7.8237244e+01
0	0	10	32	-1.1279803e+02
0	0	10	33	-1.6372728e+02
0	0	10	34	5.4078595e+02
0	0	10	35	5.7350159e+02
0	0	10	36	6.5077509e+02
0	0	10	37	6.3474561e+02
0	0	10	38	5.8590015e+02
0	0	10	39	6.6038550e+02
0	0	10	40	6.5180652e+02
0	0	10	41	6.7362854e+02
0	0	10	42	6.6273499e+02
0	0	10	43	6.7823096e+02
0	0	10	44	7.4254242e+02
0	0	10	45	6.2262921e+02
0	0	10	46	7.1983984e+02
0	0	10	47	5.8058008e+02
0	0	10	48	6.6427258e+02
0	0	10	49	6.8009302e+02
0	0	10	50	7.3545374e+02
0	0	10	51	1.3302915e+03
0	0	10	52	1.2659512e+03
0	0	10	53	8.7324713e+02
0	0	10	54	8.2448920e+02
0	0	10	55	9.6568573e+02
0	0	10	56	1.0845667e+03
0	0	10	57	1.0287667e+03
0	0	10	58	9.9454327e+02
0	0	10	59	8.9562518e+02
0	0	10	60	9.7111670e+02
0	0	10	61	7.9141577e+02
0	0	10	62	8.2940686e+02
0	0	10	63	9.5968738e+02
0	0	11	0	1.2524326e+02
0	0	11	1	-8.8687569e+01
0	0	11	2	-4.1422745e+01
0	0	11	3	4.1854233e+01
0	0	11	4	-4.8856937e+01
0	0	11	5	3.8731068e+01
0	0	11	6	1.5889802e+01
0	0	11	7	8.1865906e+01
0	0	11	8	-2.3317446e+01
0	0	11	9	-7.8807114e+01
0	0	11	10	-3.8468586e+01
0	0	11	11	-6.5975388e+01
0	0	11	12	-1.8372691e+02
0	0	11	13	-1.0530258e+02
0	0	11	14	-1.9483183e+02
0	0	11	15	-2.1381643e+01
0	0	11	16	-1.5645741e+02
0	0	11	17	-1.3126349e+02
0	0	11	18	-1.2863637e+02
0	0	11	19	-1.2635706e+02
0	0	11	20	-1.8455254e+02
0	0	11	21	-1.5963205e+02
0	0	11	22	-1.0923688e+02
0	0	11	23	-1.7038737e+02
0	0	11	24	-1.8058784e+02
0	0	11	25	-2.4017149e+02
0	0	11	26	-2.2264630e+02
0	0	11	27	-1.5643828e+02
0	0	11	28	-1.3214630e+02
0	0	11	29	-2.0553084e+02
0	0	11	30	-2.0687975e+02
0	0	11	31	-1.9816008e+02
0	0	11	32	-2.2135782e+02
0	0	11	33	-2.5867969e+02
0	0	11	34	4.8499725e+02
0	0	11	35	4.6106674e+02
0	0	11	36	5.8556439e+02
0	0	11	37	4.8829449e+02
0	0	11	38	5.9728131e+02
0	0	11	39	4.4147113e+02
0	0	11	40	5.4803961e+02
0	0	11	41	5.3634595e+02
0	0	11	42	4.7092169e+02
0	0	11	43	5.0932495e+02
0	0	11	44	4.9215771e+02
0	0	11	45	4.5316458e+02
0	0	11	46	4.1200647e+02
0	0	11	47	3.9689322e+02
0	0	11	48	3.5989514e+02
0	0	11	49	4.0994278e+02
0	0	11	50	4.9163141e+02
0	0	11	51	9.9435400e+02
0	0	11	52	1.0942825e+03
0	0	11	53	6.5877234e+02
0	0	11	54	6.2976068e+02
0	0	11	55	7.6863293e+02
0	0	11	56	8.1046454e+02
0	0	11	57	8.4729578e+02
0	0	11	58	8.0487372e+02
0	0	11	59	7.2156274e+02
0	0	11	60	6.7650952e+02
0	0	11	61	6.3346637e+02
0	0	11	62	7.1981488e+02
0	0	11	63	6.7761224e+02
0	0	12	0	2.6326804e+02
0	0	12	1	1.6153220e+02
0	0	12	2	2.0730896e+02
0	0	12	3	2.2763802e+02
0	0	12	4	1.7636829e+02
0	0	12	5	2.1883014e+02
0	0	12	6	1.3520668e+02
0	0	12	7	2.2844679e+02
0	0	12	8	1.7289915e+02
0	0	12	9	2.9775186e+02
0	0	12	10	1.0428944e+02
0	0	12	11	2.7602692e+02
0	0	12	12	1.0940280e+02
0	0	12	13	1.8535619e+02
0	0	12	14	1.2410654e+02
0	0	12	15	2.0530270e+02
0	0	12	16	-5.8512962e+01
0	0	12	17	7.8676643e+00
0	0	12	18	1.5662199e+02
0	0	12	19	7.9782967e+01
0	0	12	20	-5.4788177e+01
0	0	12	21	-3.7902363e+01
0	0	12	22	2.2042267e+01
0	0	12	23	4.9712803e+01
0	0	12	24	2.7688456e+01
0	0	12	25	1.8724942e+02
0	0	12	26	2.7482092e+01
0	0	12	27	1.0412933e+02
0	0	12	28	4.5570663e+01
0	0	12	29	2.1921947e+01
0	0	12	30	2.9029362e+00
0	0	12	31	3.3919857e+01
0	0	12	32	9.5092144e+00
0	0	12	33	-2.7084826e+01
0	0	12	34	8.0934741e+02
0	0	12	35	7.5242078e+02
0	0	12	36	7.4069519e+02
0	0	12	37	8.4552142e+02
0	0	12	38	8.0344800e+02
0	0	12	39	7.5943231e+02
0	0	12	40	8.6153668e+02
0	0	12	41	7.6096558e+02
0	0	12	42	9.4351978e+02
0	0	12	43	8.7301276e+02
0	0	12	44	1.0345129e+03
0	0	12	45	7.9330115e+02
0	0	12	46	8.8474982e+02
0	0	12	47	8.2537970e+02
0	0	12	48	8.9863910e+02
0	0	12	49	8.6299121e+02
0	0	12	50	8.8124963e+02
0	0	12	51	1.5027703e+03
0	0	12	52	1.5347388e+03
0	0	12	53	1.1061455e+03
0	0	12	54	1.1169957e+03
0	0	12	55	1.2245686e+03
0	0	12	56	1.2531884e+03
0	0	12	57	1.3251837e+03
0	0	12	58	1.1184999e+03
0	0	12	59	1.1361115e+03
0	0	12	60	1.2044542e+03
0	0	12	61	1.0693715e+03
0	0	12	62	1.1060433e+03
0	0	12	63	1.2680042e+03
0	0	13	0	1.6881784e+02
0	0	13	1	5.1067051e+01
0	0	13	2	-6.8985629e+00
0	0	13	3	3.1534027e+01
0	0	13	4	2.2036938e+01
0	0	13	5	1.0314439e+02
0	0	13	6	3.2069321e+01
0	0	13	7	1.6282112e+02
0	0	13	8	2.9494604e+01
0	0	13	9	7.9788269e+01
0	0	13	10	1.2575139e+02
0	0	13	11	5.4043625e+01
0	0	13	12	1.7216560e+01
0	0	13	13	9.6013527e+01
0	0	13	14	-2.2973307e+01
0	0	13	15	1.0157602e+02
0	0	13	16	-7.6042030e+01
0	0	13	17	-5.7341137e+01
0	0	13	18	-7.9053223e+01
0	0	13	19	-2.7412712e+01
0	0	13	20	-1.9129602e+02
0	0	13	21	-9.2532082e+01
0	0	13	22	-4.8736473e+01
0	0	13	23	-4.3505810e+01
0	0	13	24	-9.2776375e+01
0	0	13	25	-1.4387989e+01
0	0	13	26	-1.4649564e+02
0	0	13	27	-6.5466454e+01
0	0	13	28	-4.3717866e+00
0	0	13	29	-9.2978622e+01
0	0	13	30	-9.5644028e+01
0	0	13	31	-1.8847249e+02
0	0	13	32	-1.5717053e+02
0	0	13	33	-1.1482685e+02
0	0	13	34	5.9389679e+02
0	0	13	35	5.3220605e+02
0	0	13	36	4.8315131e+02
0	0	13	37	5.7738672e+02
0	0	13	38	5.9735077e+02
0	0	13	39	5.6777393e+02
0	0	13	40	6.4068463e+02
0	0	13	41	4.9975235e+02
0	0	13	42	5.7777374e+02
0	0	13	43	5.7618219e+02
0	0	13	44	6.0461615e+02
0	0	13	45	5.6909631e+02
0	0	13	46	5.7753821e+02
0	0	13	47	5.0066998e+02
0	0	13	48	5.2524408e+02
0	0	13	49	5.1992853e+02
0	0	13	50	7.0201355e+02
0	0	13	51	1.1660992e+03
0	0	13	52	5.2561493e+02
0	0	13	53	7.7213275e+02
0	0	13	54	1.0617886e+03
0	0	13	55	1.1975071e+03
0	0	13	56	1.0645701e+03
0	0	13	57	1.0242537e+03
0	0	13	58	9.7441522e+02
0	0	13	59	8.8025067e+02
0	0	13	60	8.3328998e+02
0	0	13	61	8.3935474e+02
0	0	13	62	8.4379651e+02
0	0	13	63	8.0612238e+02
0	0	14	0	3.2146692e+02
0	0	14	1	2.5738086e+02
0	0	14	2	1.8754832e+02
0	0	14	3	3.2197058e+02
0	0	14	4	1.9786214e+02
0	0	14	5	1.9527888e+02
0	0	14	6	1.7514371e+02
0	0	14	7	1.9345764e+02
0	0	14	8	1.2453763e+02
0	0	14	9	2.6447974e+02
0	0	14	10	8.3294884e+01
0	0	14	11	1.9455841e+02
0	0	14	12	7.4016403e+01
0	0	14	13	1.6133551e+02
0	0	14	14	7.4151726e+01
0	0	14	15	1.6202092e+02
0	0	14	16	4.5030666e+01
0	0	14	17	8.1423759e+01
0	0	14	18	2.6571196e+01
0	0	14	19	1.2796210e+02
0	0	14	20	6.6178474e+01
0	0	14	21	1.3698959e+02
0	0	14	22	7.4156441e+01
0	0	14	23	1.4832761e+02
0	0	14	24	3.4367714e+01
0	0	14	25	1.6500357e+01
0	0	14	26	8.6602394e+01
0	0	14	27	1.6147105e+02
0	0	14	28	1.3557103e+02
0	0	14	29	1.4133209e+02
0	0	14	30	1.2910367e+02
0	0	14	31	9.1073845e+01
0	0	14	32	2.3696962e+01
0	0	14	33	1.4760786e+02
0	0	14	34	6.2027716e+02
0	0	14	35	6.5023602e+02
0	0	14	36	7.8504944e+02
0	0	14	37	6.6471039e+02
0	0	14	38	6.4049158e+02
0	0	14	39	7.1851959e+02
0	0	14	40	7.0493634e+02
0	0	14	41	7.7663580e+02
0	0	14	42	7.2296265e+02
0	0	14	43	7.1391980e+02
0	0	14	44	8.2023682e+02
0	0	14	45	7.6315729e+02
0	0	14	46	7.2919904e+02
0	0	14	47	8.0225995e+02
0	0	14	48	7.6071179e+02
0	0	14	49	7.5693079e+02
0	0	14	50	7.2368182e+02
0	0	14	51	1.3300398e+03
0	0	14	52	1.3086504e+03
0	0	14	53	9.8555621e+02
0	0	14	54	9.1143274e+02
0	0	14	55	1.0281277e+03
0	0	14	56	1.1439050e+03
0	0	14	57	1.1507870e+03
0	0	14	58	9.8987469e+02
0	0	14	59	1.0470779e+03
0	0	14	60	9.6651111e+02
0	0	14	61	9.3353650e+02
0	0	14	62	8.6565656e+02
0	0	14	63	1.0150244e+03
0	0	15	0	4.3401407e+02
0	0	15	1	3.8220557e+02
0	0	15	2	3.0500323e+02
0	0	15	3	2.3881723e+02
0	0	15	4	1.9806937e+02
0	0	15	5	3.7201791e+02
0	0	15	6	2.4456639e+02
0	0	15	7	3.7866171e+02
0	0	15	8	2.8231265e+02
0	0	15	9	3.5790659e+02
0	0	15	10	3.2380865e+02
0	0	15	11	2.7690408e+02
0	0	15	12	1.8206956e+02
0	0	15	13	2.2129146e+02
0	0	15	14	2.5451862e+02
0	0	15	15	3.2014062e+02
0	0	15	16	2.6087167e+02
0	0	15	17	2.3730611e+02
0	0	15	18	1.1261325e+02
0	0	15	19	6.2185933e+03
0	0	15	20	1.4050816e+02
0	0	15	21	1.3882645e+02
0	0	15	22	1.9678439e+02
0	0	15	23	1.9292787e+02
0	0	15	24	1.9018007e+02
0	0	15	25	1.7089304e+02
0	0	15	26	8.4131096e+01
0	0	15	27	1.2230243e+02
0	0	15	28	2.5864743e+02
0	0	15	29	1.5421780e+02
0	0	15	30	1.6017432e+02
0	0	15	31	1.0947370e+02
0	0	15	32	1.9626778e+02
0	0	15	33	1.3848987e+02
0	0	15	34	7.6994879e+02
0	0	15	35	6.8748431e+02
0	0	15	36	7.9850916e+02
0	0	15	37	7.9337482e+02
0	0	15	38	8.2064203e+02
0	0	15	39	7.9820782e+02
0	0	15	40	8.7993134e+02
0	0	15	41	7.5658569e+02
0	0	15	42	8.1758978e+02
0	0	15	43	7.3184991e+02
0	0	15	44	7.9664050e+02
0	0	15	45	6.4474512e+02
0	0	15	46	7.1516937e+02
0	0	15	47	7.6817291e+02
0	0	15	48	8.0351672e+02
0	0	15	49	7.0939343e+02
0	0	15	50	8.8851959e+02
0	0	15	51	1.5200138e+03
0	0	15	52	1.4719917e+03
0	0	15	53	1.0856265e+03
0	0	15	54	1.0683522e+03
0	0	15	55	1.0975225e+03
0	0	15	56	1.3723406e+03
0	0	15	57	1.2811671e+03
0	0	15	58	1.1500229e+03
0	0	15	59	1.1075736e+03
0	0	15	60	1.1148995e+03
0	0	15	61	1.1557177e+03
0	0	15	62	1.1430865e+03
0	0	15	63	1.1284827e+03
0	1	0	0	-5.9952625e+02
0	1	0	1	-5.6124652e+02
0	1	0	2	-4.3868842e+02
0	1	0	3	-5.9089093e+02
0	1	0	4	-4.9744522e+02
0	1	0	5	-4.7998633e+02
0	1	0	6	-5.5592139e+02
0	1	0	7	-5.9885736e+02
0	1	0	8	-5.4811194e+02
0	1	0	9	-4.6776114e+02
0	1	0	10	-6.0836450e+02
0	1	0	11	-4.4856638e+02
0	1	0	12	-5.6500201e+02
0	1	0	13	-5.1448315e+02
0	1	0	14	-5.9715686e+02
0	1	0	15	-5.2694000e+02
0	1	0	16	-8.6911053e+02
0	1	0	17	-7.3657245e+02
0	1	0	18	-7.7902716e+02
0	1	0	19	-8.0943860e+02
0	1	0	20	-8.1378357e+02
0	1	0	21	-7.4178180e+02
0	1	0	22	-6.9834369e+02
0	1	0	23	-7.6062201e+02
0	1	0	24	-6.9617114e+02
0	1	0	25	-7.0528558e+02
0	1	0	26	-7.5743817e+02
0	1	0	27	-6.2350146e+02
0	1	0	28	-7.8277765e+02
0	1	0	29	-7.1934369e+02
0	1	0	30	-6.3601819e+02
0	1	0	31	-6.5593695e+02
0	1	0	32	-6.9462323e+02
0	1	0	33	-6.4842102e+02
0	1	0	34	-4.7580566e+01
0	1	0	35	6.0993748e+01
0	1	0	36	1.5635122e+01
0	1	0	37	1.4818646e+02
0	1	0	38	-4.3968143e+01
0	1	0	39	2.6353056e+01
0	1	0	40	-1.8712252e+01
0	1	0	41	2.5884251e+01
0	1	0	42	1.3483525e+02
0	1	0	43	1.4543857e+02
0	1	0	44	1.5144208e+02
0	1	0	45	2.9465075e+01
0	1	0	46	1.7885556e+02
0	1	0	47	1.6734517e+02
0	1	0	48	4.8164852e+01
0	1	0	49	1.5057019e+02
0	1	0	50	1.0467584e+02
0	1	0	51	6.8028381e+02
0	1	0	52	7.0167542e+02
0	1	0	53	3.4524966e+02
0	1	0	54	2.8322968e+02
0	1	0	55	4.1677643e+02
0	1	0	56	5.9514771e+02
0	1	0	57	5.2020654e+02
0	1	0	58	3.5726401e+02
0	1	0	59	2.5899994e+02
0	1	0	60	3.6021753e+02
0	1	0	61	2.8415640e+02
0	1	0	62	2.8040628e+02
0	1	0	63	4.4808411e+02
0	1	1	0	-4.6838635e+02
0	1	1	1	-5.9447620e+02
0	1	1	2	-6.7783484e+02
0	1	1	3	-6.1332288e+02
0	1	1	4	-7.1684045e+02
0	1	1	5	-5.6198248e+02
0	1	1	6	-6.5672424e+02
0	1	1	7	-5.7786597e+02
0	1	1	8	-5.3928223e+02
0	1	1	9	-6.2728320e+02
0	1	1	10	-5.6100012e+02
0	1	1	11	-7.1079364e+02
0	1	1	12	-7.3648694e+02
0	1	1	13	-6.6180078e+02
0	1	1	14	-7.2045398e+02
0	1	1	15	-6.5107050e+02
0	1	1	16	-7.0056757e+02
0	1	1	17	-6.5896942e+02
0	1	1	18	-7.4735651e+02
0	1	1	19	-5.9554565e+02
0	1	1	20	-7.5362256e+02
0	1	1	21	-7.1430188e+02
0	1	1	22	-7.5462646e+02
0	1	1	23	-6.9474640e+02
0	1	1	24	-7.9158850e+02
0	1	1	25	-7.1135083e+02
0	1	1	26	-7.9184637e+02
0	1	1	27	-8.1333447e+02
0	1	1	28	-7.7549341e+02
0	1	1	29	-8.0644861e+02
0	1	1	30	-9.0893292e+02
0	1	1	31	-8.5013690e+02
0	1	1	32	-8.9558728e+02
0	1	1	33	-8.9512701e+02
0	1	1	34	-1.7044240e+02
0	1	1	35	-1.8568962e+02
0	1	1	36	-1.2008688e+02
0	1	1	37	-2.3862820e+02
0	1	1	38	-6.8108345e+01
0	1	1	39	-1.1264622e+02
0	1	1	40	-2.0647922e+02
0	1	1	41	-2.2879723e+02
0	1	1	42	-1.8942038e+02
0	1	1	43	-1.6671240e+02
0	1	1	44	-1.8297249e+02
0	1	1	45	-2.8429449e+02
0	1	1	46	-2.0252802e+02
0	1	1	47	-1.9502434e+02
0	1	1	48	-2.7170978e+02
0	1	1	49	-1.7244550e+02
0	1	1	50	-1.2276553e+02
0	1	1	51	2.6847113e+02
0	1	1	52	3.5717087e+02
0	1	1	53	-5.3448666e+01
0	1	1	54	-2.0512960e+01
0	1	1	55	-6.2506004e+01
0	1	1	56	1.5029245e+02
0	1	1	57	2.1479424e+02
0	1	1	58	1.6810046e+02
0	1	1	59	2.9370380e+01
0	1	1	60	-2.9985771e+01
0	1	1	61	-1.5896301e+01
0	1	1	62	1.3214956e+01
0	1	1	63	9.5818832e+01
0	1	2	0	-1.5745616e+03
0	1	2	1	-1.5406198e+03
0	1	2	2	-1.3755460e+03
0	1	2	3	-1.7022159e+03
0	1	2	4	-1.3550187e+03
0	1	2	5	-1.4642749e+03
0	1	2	6	-1.3696893e+03
0	1	2	7	-1.6622761e+03
0	1	2	8	-1.5713442e+03
0	1	2	9	-1.2133805e+03
0	1	2	10	-1.5642662e+03
0	1	2	11	-1.3288911e+03
0	1	2	12	-1.5312267e+03
0	1	2	13	-1.4081104e+03
0	1	2	14	-1.7571586e+03
0	1	2	15	-1.6180400e+03
0	1	2	16	-1.8107581e+03
0	1	2	17	-1.7845265e+03
0	1	2	18	-1.8233134e+03
0	1	2	19	-1.7036920e+03
0	1	2	20	-1.7003309e+03
0	1	2	21	-1.8235258e+03
0	1	2	22	-1.6875850e+03
0	1	2	23	-1.6294496e+03
0	1	2	24	-1.5879915e+03
0	1	2	25	-1.5017469e+03
0	1	2	26	-1.6418218e+03
0	1	2	27	-1.3285636e+03
0	1	2	28	-1.5143895e+03
0	1	2	29	-1.4946143e+03
0	1	2	30	-1.4035219e+03
0	1	2	31	-1.4683590e+03
0	1	2	32	-1.4660376e+03
0	1	2	33	-1.3369928e+03
0	1	2	34	-7.0146301e+02
0	1	2	35	-6.7751190e+02
0	1	2	36	-7.3232214e+02
0	1	2	37	-6.1232971e+02
0	1	2	38	-7.0681110e+02
0	1	2	39	-6.1525958e+02
0	1	2	40	-6.5089923e+02
0	1	2	41	-6.1335706e+02
0	1	2	42	-4.9150281e+02
0	1	2	43	-4.5823294e+02
0	1	2	44	-3.7632831e+02
0	1	2	45	-6.0132831e+02
0	1	2	46	-4.4762036e+02
0	1	2	47	-4.5692270e+02
0	1	2	48	-4.3044565e+02
0	1	2	49	-4.6283057e+02
0	1	2	50	-5.9344373e+02
0	1	2	51	1.6560022e+02
0	1	2	52	2.1832397e+02
0	1	2	53	-2.0311293e+02
0	1	2	54	-2.1540672e+02
0	1	2	55	-1.1169410e+02
0	1	2	56	1.9245338e+01
0	1	2	57	-1.2897626e+02
0	1	2	58	-3.1768558e+02
0	1	2	59	-3.0385703e+02
0	1	2	60	-1.8180568e+02
0	1	2	61	-3.9021100e+02
0	1	2	62	-3.5722385e+02
0	1	2	63	-9.0615265e+01
0	1	3	0	-9.0375897e+02
0	1	3	1	-9.8711884e+02
0	1	3	2	-1.2110898e+03
0	1	3	3	-9.2576740e+02
0	1	3	4	-1.2598542e+03
0	1	3	5	-8.7864795e+02
0	1	3	6	-1.1044224e+03
0	1	3	7	-8.8076770e+02
0	1	3	8	-1.0920450e+03
0	1	3	9	-1.2569906e+03
0	1	3	10	-9.5769073e+02
0	1	3	11	-1.3044160e+03
0	1	3	12	-1.2238748e+03
0	1	3	13	-1.1425753e+03
0	1	3	14	-1.2092277e+03
0	1	3	15	-1.0249651e+03
0	1	3	16	-1.0466312e+03
0	1	3	17	-1.0802571e+03
0	1	3	18	-1.1035792e+03
0	1	3	19	-1.0302365e+03
0	1	3	20	-1.1963163e+03
0	1	3	21	-1.2196202e+03
0	1	3	22	-1.0982456e+03
0	1	3	23	-1.0873367e+03
0	1	3	24	-1.2313669e+03
0	1	3	25	-1.2676951e+03
0	1	3	26	-1.3142823e+03
0	1	3	27	-1.2853551e+03
0	1	3	28	-1.2638455e+03
0	1	3	29	-1.3269857e+03
0	1	3	30	-1.3035793e+03
0	1	3	31	-1.4179124e+03
0	1	3	32	-1.3280721e+03
0	1	3	33	-1.4130294e+03
0	1	3	34	-8.4714972e+02
0	1	3	35	-7.7814764e+02
0	1	3	36	-7.0995380e+02
0	1	3	37	-7.6360669e+02
0	1	3	38	-6.6690131e+02
0	1	3	39	-8.0942566e+02
0	1	3	40	-9.0477332e+02
0	1	3	41	-9.2038464e+02
0	1	3	42	-9.5332513e+02
0	1	3	43	-8.1475958e+02
0	1	3	44	-9.9702448e+02
0	1	3	45	-9.0226135e+02
0	1	3	46	-1.0684163e+03
0	1	3	47	-9.6605530e+02
0	1	3	48	-1.0809038e+03
0	1	3	49	-1.0623417e+03
0	1	3	50	-7.7382916e+02
0	1	3	51	-4.1920456e+02
0	1	3	52	-4.0940607e+02
0	1	3	53	-7.5146344e+02
0	1	3	54	-7.5990479e+02
0	1	3	55	-8.1873328e+02
0	1	3	56	-6.5054498e+02
0	1	3	57	-4.8322205e+02
0	1	3	58	-4.6760522e+02
0	1	3	59	-5.5191589e+02
0	1	3	60	-9.2474139e+02
0	1	3	61	-6.2547498e+02
0	1	3	62	-4.6364612e+02
0	1	3	63	-7.4310437e+02
0	1	4	0	-1.1332576e+03
0	1	4	1	-1.0916873e+03
0	1	4	2	-1.1419583e+03
0	1	4	3	-1.0953638e+03
0	1	4	4	-1.3083376e+03
0	1	4	5	-1.1752413e+03
0	1	4	6	-1.3391200e+03
0	1	4	7	-1.0451138e+03
0	1	4	8	-1.1676084e+03
0	1	4	9	-1.2079908e+03
0	1	4	10	-1.1540499e+03
0	1	4	11	-1.2953490e+03
0	1	4	12	-1.2748129e+03
0	1	4	13	-1.1980790e+03
0	1	4	14	-1.1061816e+03
0	1	4	15	-1.1160068e+03
0	1	4	16	-1.2292850e+03
0	1	4	17	-1.3467842e+03
0	1	4	18	-1.1471993e+03
0	1	4	19	-1.3732761e+03
0	1	4	20	-1.1565172e+03
0	1	4	21	-1.1680909e+03
0	1	4	22	-1.1839974e+03
0	1	4	23	-1.2264227e+03
0	1	4	24	-1.3992467e+03
0	1	4	25	-1.2969819e+03
0	1	4	26	-1.3338986e+03
0	1	4	27	-1.5236420e+03
0	1	4	28	-1.3293442e+03
0	1	4	29	-1.4474763e+03
0	1	4	30	-1.4043420e+03
0	1	4	31	-1.3778871e+03
0	1	4	32	-1.4168315e+03
0	1	4	33	-1.5191675e+03
0	1	4	34	-8.6375757e+02
0	1	4	35	-7.9469781e+02
0	1	4	36	-8.6050531e+02
0	1	4	37	-9.6998773e+02
0	1	4	38	-8.5041974e+02
0	1	4	39	-8.7205548e+02
0	1	4	40	-9.4730927e+02
0	1	4	41	-9.5503589e+02
0	1	4	42	-1.0341090e+03
0	1	4	43	-9.6222754e+02
0	1	4	44	-1.1376121e+03
0	1	4	45	-1.0641067e+03
0	1	4	46	-1.1659958e+03
0	1	4	47	-1.0200861e+03
0	1	4	48	-1.2328879e+03
0	1	4	49	-1.2278914e+03
0	1	4	50	-7.6268066e+02
0	1	4	51	-2.8041107e+02
0	1	4	52	-3.8694135e+02
0	1	4	53	-7.0090704e+02
0	1	4	54	-6.6650031e+02
0	1	4	55	-8.0830255e+02
0	1	4	56	-6.0502863e+02
0	1	4	57	-3.8857465e+02
0	1	4	58	-4.1105548e+02
0	1	4	59	-6.0627509e+02
0	1	4	60	-8.1026703e+02
0	1	4	61	-5.8418097e+02
0	1	4	62	-5.9023358e+02
0	1	4	63	-8.1682526e+02
0	1	5	0	-1.4806147e+03
0	1	5	1	-1.3063806e+03
0	1	5	2	-1.1979207e+03
0	1	5	3	-1.2124270e+03
0	1	5	4	-1.3161820e+03
0	1	5	5	-1.4458726e+03
0	1	5	6	-1.2273618e+03
0	1	5	7	-1.4922350e+03
0	1	5	8	-1.3293049e+03
0	1	5	9	-1.0526967e+03
0	1	5	10	-1.5185959e+03
0	1	5	11	-1.1913378e+03
0	1	5	12	-1.4468065e+03
0	1	5	13	-1.2902828e+03
0	1	5	14	-1.3114388e+03
0	1	5	15	-1.4081389e+03
0	1	5	16	-1.5490312e+03
0	1	5	17	-1.5816295e+03
0	1	5	18	-1.6480089e+03
0	1	5	19	-1.6556471e+03
0	1	5	20	-1.5051115e+03
0	1	5	21	-1.5172893e+03
0	1	5	22	-1.5129078e+03
0	1	5	23	-1.4680392e+03
0	1	5	24	-1.3924585e+03
0	1	5	25	-1.3436499e+03
0	1	5	26	-1.3477952e+03
0	1	5	27	-1.3097347e+03
0	1	5	28	-1.3765718e+03
0	1	5	29	-1.2938768e+03
0	1	5	30	-1.3023778e+03
0	1	5	31	-1.3418250e+03
0	1	5	32	-1.3633646e+03
0	1	5	33	-1.1666609e+03
0	1	5	34	-5.8048340e+02
0	1	5	35	-6.4180347e+02
0	1	5	36	-5.9130377e+02
0	1	5	37	-5.3480438e+02
0	1	5	38	-5.9763025e+02
0	1	5	39	-5.6225690e+02
0	1	5	40	-4.3824924e+02
0	1	5	41	-5.9721631e+02
0	1	5	42	-4.8394437e+02
0	1	5	43	-5.8281793e+02
0	1	5	44	-2.5762976e+02
0	1	5	45	-4.8927701e+02
0	1	5	46	-2.8786307e+02
0	1	5	47	-4.4255115e+02
0	1	5	48	-2.6885828e+02
0	1	5	49	-1.8604619e+02
0	1	5	50	-4.4764145e+02
0	1	5	51	1.3465466e+02
0	1	5	52	6.5879501e+01
0	1	5	53	-2.1292647e+02
0	1	5	54	-1.9913867e+02
0	1	5	55	1.4023396e+03
0	1	5	56	1.5653683e+02
0	1	5	57	-9.8727638e+01
0	1	5	58	-3.5239001e+02
0	1	5	59	-2.5221330e+02
0	1	5	60	9.4805603e+00
0	1	5	61	-3.3409454e+02
0	1	5	62	-3.8698309e+02
0	1	5	63	1.5274472e+01
0	1	6	0	-7.4961469e+02
0	1	6	1	-8.9328857e+02
0	1	6	2	-8.4313287e+02
0	1	6	3	-7.8381372e+02
0	1	6	4	-9.4120581e+02
0	1	6	5	-9.2520734e+02
0	1	6	6	-9.0476196e+02
0	1	6	7	-7.4002484e+02
0	1	6	8	-8.7359192e+02
0	1	6	9	-8.8600177e+02
0	1	6	10	-9.0126440e+02
0	1	6	11	-8.8131018e+02
0	1	6	12	-9.0188715e+02
0	1	6	13	-8.8805695e+02
0	1	6	14	-7.8946173e+02
0	1	6	15	-8.3224548e+02
0	1	6	16	-9.9314246e+02
0	1	6	17	-1.0196193e+03
0	1	6	18	-9.0533325e+02
0	1	6	19	-9.6305188e+02
0	1	6	20	-9.2222394e+02
0	1	6	21	-9.2509729e+02
0	1	6	22	-9.3530127e+02
0	1	6	23	-9.6069434e+02
0	1	6	24	-9.8783533e+02
0	1	6	25	-1.0017849e+03
0	1	6	26	-1.0689630e+03
0	1	6	27	-1.0745020e+03
0	1	6	28	-1.0208790e+03
0	1	6	29	-9.2608783e+02
0	1	6	30	-1.0659658e+03
0	1	6	31	-1.0432504e+03
0	1	6	32	-1.0994529e+03
0	1	6	33	-1.1069866e+03
0	1	6	34	-3.9748154e+02
0	1	6	35	-3.1949945e+02
0	1	6	36	-3.6346243e+02
0	1	6	37	-4.0379373e+02
0	1	6	38	-3.7153903e+02
0	1	6	39	-4.8237482e+02
0	1	6	40	-4.4241406e+02
0	1	6	41	-4.7163123e+02
0	1	6	42	-3.6136969e+02
0	1	6	43	-4.5084305e+02
0	1	6	44	-4.4607742e+02
0	1	6	45	-4.6304333e+02
0	1	6	46	-4.4466104e+02
0	1	6	47	-4.2558667e+02
0	1	6	48	-4.5414175e+02
0	1	6	49	-5.1739740e+02
0	1	6	50	-3.9336017e+02
0	1	6	51	2.5177466e+02
0	1	6	52	1.2669440e+02
0	1	6	53	-2.6173413e+02
0	1	6	54	-2.5950580e+02
0	1	6	55	-1.8643314e+02
0	1	6	56	-5.5033573e+01
0	1	6	57	-2.5131695e+00
0	1	6	58	-9.1771784e+00
0	1	6	59	-1.5912242e+02
0	1	6	60	-2.3118884e+02
0	1	6	61	-1.0505651e+02
0	1	6	62	-1.3713879e+02
0	1	6	63	-1.8336902e+02
0	1	7	0	-1.0301680e+03
0	1	7	1	-1.0948986e+03
0	1	7	2	-1.0562356e+03
0	1	7	3	-1.0605571e+03
0	1	7	4	-1.1139512e+03
0	1	7	5	-1.0991520e+03
0	1	7	6	-1.0751504e+03
0	1	7	7	-1.0862257e+03
0	1	7	8	-1.1382046e+03
0	1	7	9	-1.0363450e+03
0	1	7	10	-1.1369272e+03
0	1	7	11	-9.8177435e+02
0	1	7	12	-1.1441805e+03
0	1	7	13	-1.1128687e+03
0	1	7	14	-1.2169581e+03
0	1	7	15	-1.0895403e+03
0	1	7	16	-1.2890970e+03
0	1	7	17	-1.3603248e+03
0	1	7	18	-1.3187214e+03
0	1	7	19	-1.2919462e+03
0	1	7	20	-1.2309446e+03
0	1	7	21	-1.3272357e+03
0	1	7	22	-1.3084683e+03
0	1	7	23	-1.2116836e+03
0	1	7	24	-1.2518103e+03
0	1	7	25	-1.1591022e+03
0	1	7	26	-1.2306687e+03
0	1	7	27	-1.1696967e+03
0	1	7	28	-1.1869667e+03
0	1	7	29	-1.2756852e+03
0	1	7	30	-1.1592885e+03
0	1	7	31	-1.2554464e+03
0	1	7	32	-1.1777296e+03
0	1	7	33	-1.2083788e+03
0	1	7	34	-4.4081595e+02
0	1	7	35	-4.7356015e+02
0	1	7	36	-4.2070023e+02
0	1	7	37	-3.7462994e+02
0	1	7	38	-4.0079962e+02
0	1	7	39	-4.1472031e+02
0	1	7	40	-3.4462796e+02
0	1	7	41	-3.6379013e+02
0	1	7	42	-3.5459247e+02
0	1	7	43	-4.2096085e+02
0	1	7	44	-2.9733667e+02
0	1	7	45	-3.6913266e+02
0	1	7	46	-3.1192767e+02
0	1	7	47	-2.9158380e+02
0	1	7	48	-3.0056622e+02
0	1	7	49	-3.3288150e+02
0	1	7	50	-3.1225745e+02
0	1	7	51	1.4264362e+02
0	1	7	52	2.6415152e+02
0	1	7	53	-1.0593230e+02
0	1	7	54	-8.5805405e+01
0	1	7	55	-7.1594864e+01
0	1	7	56	4.4997749e+01
0	1	7	57	-4.9389751e+01
0	1	7	58	-1.8313562e+02
0	1	7	59	-1.3508916e+02
0	1	7	60	-3.3163921e+01
0	1	7	61	-1.9109677e+02
0	1	7	62	-2.0939362e+02
0	1	7	63	-7.3656319e+01
0	1	8	0	-6.4988831e+02
0	1	8	1	-8.3768292e+02
0	1	8	2	-7.8397089e+02
0	1	8	3	-7.4377490e+02
0	1	8	4	-9.1732837e+02
0	1	8	5	-8.5994849e+02
0	1	8	6	-9.3808148e+02
0	1	8	7	-7.2181061e+02
0	1	8	8	-8.2790021e+02
0	1	8	9	-7.9478503e+02
0	1	8	10	-7.9475220e+02
0	1	8	11	-8.2169592e+02
0	1	8	12	-9.3391876e+02
0	1	8	13	-8.6368286e+02
0	1	8	14	-8.1975732e+02
0	1	8	15	-8.5492670e+02
0	1	8	16	-1.0060559e+03
0	1	8	17	-9.7357043e+02
0	1	8	18	-9.1289929e+02
0	1	8	19	-9.2538971e+02
0	1	8	20	-8.6470227e+02
0	1	8	21	-8.8423901e+02
0	1	8	22	-9.7527209e+02
0	1	8	23	-9.8126147e+02
0	1	8	24	-9.7806323e+02
0	1	8	25	-9.6135217e+02
0	1	8	26	-1.0013827e+03
0	1	8	27	-1.0874001e+03
0	1	8	28	-1.0629269e+03
0	1	8	29	-1.0650032e+03
0	1	8	30	-1.0208861e+03
0	1	8	31	-1.1184613e+03
0	1	8	32	-1.0251755e+03
0	1	8	33	-1.1200237e+03
0	1	8	34	-4.4577805e+02
0	1	8	35	-4.4962018e+02
0	1	8	36	-4.1044138e+02
0	1	8	37	-4.4012570e+02
0	1	8	38	-3.1804257e+02
0	1	8	39	-4.3967059e+02
0	1	8	40	-4.7155472e+02
0	1	8	41	-4.6026532e+02
0	1	8	42	-4.9237299e+02
0	1	8	43	-4.4155402e+02
0	1	8	44	-4.3424313e+02
0	1	8	45	-4.2275595e+02
0	1	8	46	-4.8623157e+02
0	1	8	47	-5.0013342e+02
0	1	8	48	-5.3345447e+02
0	1	8	49	-5.6666187e+02
0	1	8	50	-4.3075766e+02
0	1	8	51	2.7753662e+02
0	1	8	52	1.8415877e+02
0	1	8	53	-2.1253271e+02
0	1	8	54	-1.9052202e+02
0	1	8	55	-2.0068541e+02
0	1	8	56	-5.5606419e+01
0	1	8	57	5.2703026e+01
0	1	8	58	-2.6003273e+01
0	1	8	59	-1.2457848e+02
0	1	8	60	-2.5799985e+02
0	1	8	61	-1.4855072e+02
0	1	8	62	-7.6972862e+01
0	1	8	63	-1.7596039e+02
0	1	9	0	-9.9576752e+02
0	1	9	1	-9.4605988e+02
0	1	9	2	-9.1990961e+02
0	1	9	3	-9.0130487e+02
0	1	9	4	-9.6013507e+02
0	1	9	5	-1.0007919e+03
0	1	9	6	-9.6092468e+02
0	1	9	7	-9.4968103e+02
0	1	9	8	-9.6844727e+02
0	1	9	9	-9.0744550e+02
0	1	9	10	-1.0132981e+03
0	1	9	11	-8.5813409e+02
0	1	9	12	-1.0299924e+03
0	1	9	13	-9.4898755e+02
0	1	9	14	-1.1017168e+03
0	1	9	15	-9.8147797e+02
0	1	9	16	-1.1630054e+03
0	1	9	17	-1.1494916e+03
0	1	9	18	-1.1126899e+03
0	1	9	19	-1.0528794e+03
0	1	9	20	-9.9224744e+02
0	1	9	21	-1.0287279e+03
0	1	9	22	-1.0391696e+03
0	1	9	23	-1.0776971e+03
0	1	9	24	-1.1351646e+03
0	1	9	25	-9.9674982e+02
0	1	9	26	-1.0231592e+03
0	1	9	27	-9.8097449e+02
0	1	9	28	-1.0334503e+03
0	1	9	29	-1.0049064e+03
0	1	9	30	-1.0188823e+03
0	1	9	31	-1.1247877e+03
0	1	9	32	-1.0719232e+03
0	1	9	33	-9.6283429e+02
0	1	9	34	-3.3951276e+02
0	1	9	35	-3.8747290e+02
0	1	9	36	-3.1095740e+02
0	1	9	37	-2.2336644e+02
0	1	9	38	-3.3515958e+02
0	1	9	39	-3.0110965e+02
0	1	9	40	-1.6835835e+02
0	1	9	41	-4.1342859e+02
0	1	9	42	-1.8538176e+02
0	1	9	43	-2.4302756e+02
0	1	9	44	-1.2467284e+02
0	1	9	45	-2.5807101e+02
0	1	9	46	-8.8059990e+01
0	1	9	47	-2.6876068e+02
0	1	9	48	-2.1052715e+02
0	1	9	49	-2.3336140e+02
0	1	9	50	-2.2633530e+02
0	1	9	51	3.4133496e+02
0	1	9	52	3.8619220e+02
0	1	9	53	-3.7370548e+01
0	1	9	54	2.4639835e+01
0	1	9	55	6.9387405e+01
0	1	9	56	2.2461278e+02
0	1	9	57	1.9686821e+02
0	1	9	58	3.7171581e+00
0	1	9	59	-3.2836819e+01
0	1	9	60	1.1495567e+02
0	1	9	61	-1.2207129e+02
0	1	9	62	-8.7686821e+01
0	1	9	63	5.4351151e+01
0	1	10	0	-1.0505466e+03
0	1	10	1	-1.1522095e+03
0	1	10	2	-1.1084382e+03
0	1	10	3	-1.0431405e+03
0	1	10	4	-1.2500475e+03
0	1	10	5	-1.1607368e+03
0	1	10	6	-1.3150291e+03
0	1	10	7	-1.0379760e+03
0	1	10	8	-1.1237328e+03
0	1	10	9	-1.1765142e+03
0	1	10	10	-1.2049811e+03
0	1	10	11	-1.1898472e+03
0	1	10	12	-1.2848031e+03
0	1	10	13	-1.2121312e+03
0	1	10	14	-1.0823040e+03
0	1	10	15	-1.1571316e+03
0	1	10	16	-1.2459670e+03
0	1	10	17	-1.3747865e+03
0	1	10	18	-1.1941715e+03
0	1	10	19	-1.3323481e+03
0	1	10	20	-1.0941654e+03
0	1	10	21	-1.1836331e+03
0	1	10	22	-1.2790471e+03
0	1	10	23	-1.3153136e+03
0	1	10	24	-1.3866625e+03
0	1	10	25	-1.2939221e+03
0	1	10	26	-1.3407749e+03
0	1	10	27	-1.5369988e+03
0	1	10	28	-1.3576069e+03
0	1	10	29	-1.4573171e+03
0	1	10	30	-1.4717207e+03
0	1	10	31	-1.4590114e+03
0	1	10	32	-1.4861462e+03
0	1	10	33	-1.5675161e+03
0	1	10	34	-9.6898566e+02
0	1	10	35	-8.4201410e+02
0	1	10	36	-8.5714539e+02
0	1	10	37	-9.6115839e+02
0	1	10	38	-8.9049939e+02
0	1	10	39	-1.0273458e+03
0	1	10	40	-8.8655841e+02
0	1	10	41	-1.0134957e+03
0	1	10	42	-1.0794330e+03
0	1	10	43	-1.0542759e+03
0	1	10	44	-1.2316962e+03
0	1	10	45	-1.0837423e+03
0	1	10	46	-1.2372426e+03
0	1	10	47	-1.0722402e+03
0	1	10	48	-1.2750480e+03
0	1	10	49	-1.2836115e+03
0	1	10	50	-9.8967676e+02
0	1	10	51	-5.1609778e+02
0	1	10	52	-4.5233780e+02
0	1	10	53	-8.4153729e+02
0	1	10	54	-8.4936774e+02
0	1	10	55	-1.0278402e+03
0	1	10	56	-8.0127081e+02
0	1	10	57	-4.8518228e+02
0	1	10	58	-5.9344678e+02
0	1	10	59	-7.0711072e+02
0	1	10	60	-9.8649225e+02
0	1	10	61	-7.9550842e+02
0	1	10	62	-6.3757397e+02
0	1	10	63	-9.1179608e+02
0	1	11	0	-1.4328447e+03
0	1	11	1	-1.3419781e+03
0	1	11	2	-1.1330972e+03
0	1	11	3	-1.3479172e+03
0	1	11	4	-1.1222731e+03
0	1	11	5	-1.4876930e+03
0	1	11	6	-1.2272992e+03
0	1	11	7	-1.4850355e+03
0	1	11	8	-1.4099598e+03
0	1	11	9	-1.0447748e+03
0	1	11	10	-1.4719189e+03
0	1	11	11	-1.0273187e+03
0	1	11	12	-1.3024137e+03
0	1	11	13	-1.2516520e+03
0	1	11	14	-1.3752086e+03
0	1	11	15	-1.3997170e+03
0	1	11	16	-1.6847372e+03
0	1	11	17	-1.6875339e+03
0	1	11	18	-1.6653060e+03
0	1	11	19	-1.6812778e+03
0	1	11	20	-1.5712379e+03
0	1	11	21	-1.5879932e+03
0	1	11	22	-1.4621040e+03
0	1	11	23	-1.3949214e+03
0	1	11	24	-1.4726409e+03
0	1	11	25	-1.4263507e+03
0	1	11	26	-1.3731202e+03
0	1	11	27	-1.2914193e+03
0	1	11	28	-1.4365110e+03
0	1	11	29	-1.3364310e+03
0	1	11	30	-1.3562219e+03
0	1	11	31	-1.3450431e+03
0	1	11	32	-1.3921921e+03
0	1	11	33	-1.3686497e+03
0	1	11	34	-6.7980566e+02
0	1	11	35	-6.8359296e+02
0	1	11	36	-5.6828497e+02
0	1	11	37	-5.5098047e+02
0	1	11	38	-7.4809125e+02
0	1	11	39	-5.8214606e+02
0	1	11	40	-4.7602905e+02
0	1	11	41	-6.2748029e+02
0	1	11	42	-4.4636969e+02
0	1	11	43	-6.2475970e+02
0	1	11	44	-3.9923706e+02
0	1	11	45	-5.2343854e+02
0	1	11	46	-3.9520300e+02
0	1	11	47	-4.5490298e+02
0	1	11	48	-4.0494220e+02
0	1	11	49	-4.4557764e+02
0	1	11	50	-5.6656744e+02
0	1	11	51	4.4674896e+01
0	1	11	52	4.9920246e+01
0	1	11	53	-2.4523717e+02
0	1	11	54	-2.3091316e+02
0	1	11	55	-1.1998808e+02
0	1	11	56	-4.7467022e+01
0	1	11	57	-1.5711964e+02
0	1	11	58	-3.4833615e+02
0	1	11	59	-3.2854324e+02
0	1	11	60	-1.8300920e+02
0	1	11	61	-3.9071616e+02
0	1	11	62	-4.3349100e+02
0	1	11	63	-1.7185143e+02
0	1	12	0	-1.6175953e+03
0	1	12	1	-1.4878624e+03
0	1	12	2	-1.2208392e+03
0	1	12	3	-1.5787179e+03
0	1	12	4	-1.3340477e+03
0	1	12	5	-1.3351960e+03
0	1	12	6	-1.2291899e+03
0	1	12	7	-1.6288588e+03
0	1	12	8	-1.5504016e+03
0	1	12	9	-1.1551250e+03
0	1	12	10	-1.4796366e+03
0	1	12	11	-1.2261191e+03
0	1	12	12	-1.4662784e+03
0	1	12	13	-1.4629480e+03
0	1	12	14	-1.6480229e+03
0	1	12	15	-1.4721168e+03
0	1	12	16	-1.8016333e+03
0	1	12	17	-1.6357747e+03
0	1	12	18	-1.7518387e+03
0	1	12	19	-1.6370945e+03
0	1	12	20	-1.7068320e+03
0	1	12	21	-1.6744230e+03
0	1	12	22	-1.6205085e+03
0	1	12	23	-1.5427799e+03
0	1	12	24	-1.4508840e+03
0	1	12	25	-1.3806594e+03
0	1	12	26	-1.5702135e+03
0	1	12	27	-1.3131713e+03
0	1	12	28	-1.4668070e+03
0	1	12	29	-1.4212548e+03
0	1	12	30	-1.4790315e+03
0	1	12	31	-1.3978938e+03
0	1	12	32	-1.3643977e+03
0	1	12	33	-1.3456239e+03
0	1	12	34	-6.6581128e+02
0	1	12	35	-5.9059735e+02
0	1	12	36	-5.6211603e+02
0	1	12	37	-5.2945221e+02
0	1	12	38	-5.3210040e+02
0	1	12	39	-4.9301523e+02
0	1	12	40	-5.5372644e+02
0	1	12	41	-5.2723700e+02
0	1	12	42	-3.9423788e+02
0	1	12	43	-4.0146732e+02
0	1	12	44	-3.0206015e+02
0	1	12	45	-4.4000272e+02
0	1	12	46	-2.8393033e+02
0	1	12	47	-4.2583264e+02
0	1	12	48	-3.6010880e+02
0	1	12	49	-3.9158316e+02
0	1	12	50	-4.1478693e+02
0	1	12	51	2.0588181e+02
0	1	12	52	2.6184357e+02
0	1	12	53	-1.5935635e+02
0	1	12	54	-1.6211681e+02
0	1	12	55	-1.4548859e+02
0	1	12	56	6.7269913e+01
0	1	12	57	-8.9777374e+01
0	1	12	58	-3.5467719e+02
0	1	12	59	-2.4415376e+02
0	1	12	60	-1.7563869e+02
0	1	12	61	-2.4110120e+02
0	1	12	62	-3.5302985e+02
0	1	12	63	-5.2288357e+01
0	1	13	0	-8.7619092e+02
0	1	13	1	-9.2769989e+02
0	1	13	2	-1.1996027e+03
0	1	13	3	-1.0703805e+03
0	1	13	4	-1.1875531e+03
0	1	13	5	-8.7815222e+02
0	1	13	6	-1.1026421e+03
0	1	13	7	-8.9465552e+02
0	1	13	8	-1.0355380e+03
0	1	13	9	-1.2180928e+03
0	1	13	10	-9.7042426e+02
0	1	13	11	-1.2688668e+03
0	1	13	12	-1.0996071e+03
0	1	13	13	-1.0988594e+03
0	1	13	14	-1.2320709e+03
0	1	13	15	-1.0031605e+03
0	1	13	16	-1.1002987e+03
0	1	13	17	-1.0119488e+03
0	1	13	18	-1.0640059e+03
0	1	13	19	-1.0454583e+03
0	1	13	20	-1.1535422e+03
0	1	13	21	-1.1826351e+03
0	1	13	22	-1.0548407e+03
0	1	13	23	-1.1216693e+03
0	1	13	24	-1.1624338e+03
0	1	13	25	-1.1278979e+03
0	1	13	26	-1.2311335e+03
0	1	13	27	-1.2875544e+03
0	1	13	28	-1.1478752e+03
0	1	13	29	-1.2604086e+03
0	1	13	30	-1.3589937e+03
0	1	13	31	-1.4524707e+03
0	1	13	32	-1.2947258e+03
0	1	13	33	-1.4244087e+03
0	1	13	34	-8.4451434e+02
0	1	13	35	-8.0245294e+02
0	1	13	36	-7.4596588e+02
0	1	13	37	-8.0065118e+02
0	1	13	38	-5.9097961e+02
0	1	13	39	-8.5583667e+02
0	1	13	40	-8.7245355e+02
0	1	13	41	-9.2128772e+02
0	1	13	42	-8.6005914e+02
0	1	13	43	-9.0741309e+02
0	1	13	44	-9.4998962e+02
0	1	13	45	-1.0054703e+03
0	1	13	46	-9.9636633e+02
0	1	13	47	-1.0055005e+03
0	1	13	48	-1.1363944e+03
0	1	13	49	-1.0883386e+03
0	1	13	50	-7.9070947e+02
0	1	13	51	-4.0032834e+02
0	1	13	52	-4.3270245e+02
0	1	13	53	-7.4013550e+02
0	1	13	54	-6.3247461e+02
0	1	13	55	-8.0458429e+02
0	1	13	56	-7.6921808e+02
0	1	13	57	-4.7784360e+02
0	1	13	58	-5.1444116e+02
0	1	13	59	-6.2027014e+02
0	1	13	60	-9.0968933e+02
0	1	13	61	-6.7093604e+02
0	1	13	62	-4.8258377e+02
0	1	13	63	-8.2394373e+02
0	1	14	0	-6.8133411e+02
0	1	14	1	-7.7032611e+02
0	1	14	2	-6.3062134e+02
0	1	14	3	-7.3303857e+02
0	1	14	4	-7.1844446e+02
0	1	14	5	-6.8870966e+02
0	1	14	6	-6.6510339e+02
0	1	14	7	-7.0706555e+02
0	1	14	8	-7.3753192e+02
0	1	14	9	-5.6039752e+02
0	1	14	10	-7.6255859e+02
0	1	14	11	-5.8525641e+02
0	1	14	12	-8.4686365e+02
0	1	14	13	-7.2799097e+02
0	1	14	14	-8.0792157e+02
0	1	14	15	-8.5243256e+02
0	1	14	16	-9.1905951e+02
0	1	14	17	-9.0456421e+02
0	1	14	18	-8.7290582e+02
0	1	14	19	-9.1596130e+02
0	1	14	20	-8.7415332e+02
0	1	14	21	-8.6574628e+02
0	1	14	22	-8.3172034e+02
0	1	14	23	-8.7123315e+02
0	1	14	24	-9.3028723e+02
0	1	14	25	-7.4987653e+02
0	1	14	26	-8.6585071e+02
0	1	14	27	-7.4685956e+02
0	1	14	28	-8.2732990e+02
0	1	14	29	-7.7949475e+02
0	1	14	30	-8.5412329e+02
0	1	14	31	-8.2792615e+02
0	1	14	32	-8.4685370e+02
0	1	14	33	-7.6750586e+02
0	1	14	34	-5.9848679e+01
0	1	14	35	-7.7724976e+01
0	1	14	36	1.2985504e+01
0	1	14	37	5.1833130e+01
0	1	14	38	-1.1566607e+01
0	1	14	39	9.3929337e+01
0	1	14	40	1.3512793e+01
0	1	14	41	1.7752905e+01
0	1	14	42	3.9570465e+01
0	1	14	43	4.1203053e+01
0	1	14	44	2.2749942e+02
0	1	14	45	5.4807011e+01
0	1	14	46	2.0760896e+02
0	1	14	47	7.4030846e+01
0	1	14	48	1.1192413e+02
0	1	14	49	9.6740562e+01
0	1	14	50	1.7847009e+02
0	1	14	51	7.0419104e+02
0	1	14	52	7.9904279e+02
0	1	14	53	3.6372363e+02
0	1	14	54	3.3299619e+02
0	1	14	55	4.2931076e+02
0	1	14	56	6.0299231e+02
0	1	14	57	5.1070883e+02
0	1	14	58	2.9734653e+02
0	1	14	59	3.5350452e+02
0	1	14	60	4.1827402e+02
0	1	14	61	3.4623798e+02
0	1	14	62	2.6056906e+02
0	1	14	63	3.9757358e+02
0	1	15	0	-5.3359326e+02
0	1	15	1	-7.2865485e+02
0	1	15	2	-7.6980548e+02
0	1	15	3	-7.3519757e+02
0	1	15	4	-8.7599829e+02
0	1	15	5	-6.3017401e+02
0	1	15	6	-6.9969147e+02
0	1	15	7	-6.4451251e+02
0	1	15	8	-7.8799152e+02
0	1	15	9	-8.6464233e+02
0	1	15	10	-7.0552887e+02
0	1	15	11	-9.0873346e+02
0	1	15	12	-8.0576819e+02
0	1	15	13	-7.5864618e+02
0	1	15	14	-8.8097626e+02
0	1	15	15	-8.0309351e+02
0	1	15	16	-7.6616211e+02
0	1	15	17	-7.0830566e+02
0	1	15	18	-8.5295734e+02
0	1	15	19	-7.9887872e+02
0	1	15	20	-8.0521991e+02
0	1	15	21	-8.1840912e+02
0	1	15	22	-7.6349774e+02
0	1	15	23	-7.3418970e+02
0	1	15	24	-8.6312244e+02
0	1	15	25	-8.1366449e+02
0	1	15	26	-9.9025836e+02
0	1	15	27	-8.8350208e+02
0	1	15	28	-8.1223901e+02
0	1	15	29	-9.4042273e+02
0	1	15	30	-9.6446082e+02
0	1	15	31	-9.4055078e+02
0	1	15	32	-1.0613701e+03
0	1	15	33	-1.0431891e+03
0	1	15	34	-2.4716908e+02
0	1	15	35	-4.0043503e+02
0	1	15	36	-2.5607581e+02
0	1	15	37	-3.1547028e+02
0	1	15	38	-3.0072702e+02
0	1	15	39	-3.3401843e+02
0	1	15	40	-3.5195358e+02
0	1	15	41	-4.3374786e+02
0	1	15	42	-3.7955429e+02
0	1	15	43	-3.6864499e+02
0	1	15	44	-3.9855548e+02
0	1	15	45	-4.5642010e+02
0	1	15	46	-4.0930627e+02
0	1	15	47	-4.3824673e+02
0	1	15	48	-4.0062320e+02
0	1	15	49	-4.3877264e+02
0	1	15	50	-2.9948294e+02
0	1	15	51	2.9268573e+02
0	1	15	52	2.1855649e+02
0	1	15	53	-1.2176133e+02
0	1	15	54	-1.1933267e+02
0	1	15	55	-1.3591928e+02
0	1	15	56	-5.2440143e+00
0	1	15	57	4.6312218e+01
0	1	15	58	-1.9691250e+01
0	1	15	59	-1.2800959e+01
0	1	15	60	-1.1720833e+02
0	1	15	61	-2.0429291e+02
0	1	15	62	-1.0497145e+02
0	1	15	63	-1.4557755e+02
0	2	0	0	-1.1913188e+02
0	2	0	1	-1.9566890e+02
0	2	0	2	-1.0114105e+02
0	2	0	3	-8.2688293e+01
0	2	0	4	-2.5997079e+02
0	2	0	5	-1.8913014e+02
0	2	0	6	-2.3345528e+02
0	2	0	7	-7.3531876e+01
0	2	0	8	-1.0989756e+02
0	2	0	9	-4.1868244e+01
0	2	0	10	-1.7782245e+02
0	2	0	11	-2.0102315e+02
0	2	0	12	-2.7857281e+02
0	2	0	13	-1.9868254e+02
0	2	0	14	-1.3323317e+02
0	2	0	15	-1.5174687e+02
0	2	0	16	-2.8317694e+02
0	2	0	17	-3.6654517e+02
0	2	0	18	-3.2345618e+02
0	2	0	19	-2.5976489e+02
0	2	0	20	-1.5531052e+02
0	2	0	21	-2.9272736e+02
0	2	0	22	-2.9135306e+02
0	2	0	23	-2.2965437e+02
0	2	0	24	-3.5176782e+02
0	2	0	25	-3.7028284e+02
0	2	0	26	-4.4791934e+02
0	2	0	27	-4.0109079e+02
0	2	0	28	-3.6405264e+02
0	2	0	29	-3.4720795e+02
0	2	0	30	-3.4025629e+02
0	2	0	31	-4.0974127e+02
0	2	0	32	-4.4253165e+02
0	2	0	33	-4.2780130e+02
0	2	0	34	2.4446895e+02
0	2	0	35	1.9598007e+02
0	2	0	36	1.8153871e+02
0	2	0	37	1.6457381e+02
0	2	0	38	2.0801033e+02
0	2	0	39	1.9562234e+02
0	2	0	40	1.1638450e+02
0	2	0	41	1.6107417e+02
0	2	0	42	2.4316272e+02
0	2	0	43	1.4268053e+02
0	2	0	44	1.8494286e+02
0	2	0	45	1.2331840e+02
0	2	0	46	1.4840088e+02
0	2	0	47	1.4095483e+02
0	2	0	48	1.6713901e+02
0	2	0	49	6.8195282e+01
0	2	0	50	2.4588147e+02
0	2	0	51	7.3778357e+02
0	2	0	52	7.3113733e+02
0	2	0	53	3.6046820e+02
0	2	0	54	5.1919025e+02
0	2	0	55	4.3212274e+02
0	2	0	56	5.8128973e+02
0	2	0	57	6.2373376e+02
0	2	0	58	5.4537738e+02
0	2	0	59	4.8725818e+02
0	2	0	60	4.5998834e+02
0	2	0	61	3.5149707e+02
0	2	0	62	5.1346533e+02
0	2	0	63	4.4494031e+02
0	2	1	0	-3.1814865e+02
0	2	1	1	-3.4078052e+02
0	2	1	2	-3.7335129e+02
0	2	1	3	-3.3286996e+02
0	2	1	4	-4.0728281e+02
0	2	1	5	-3.7225278e+02
0	2	1	6	-4.3028873e+02
0	2	1	7	-4.3491080e+02
0	2	1	8	-3.9217148e+02
0	2	1	9	-2.9282770e+02
0	2	1	10	-5.1969965e+02
0	2	1	11	-3.6399097e+02
0	2	1	12	-4.4954065e+02
0	2	1	13	-3.5395239e+02
0	2	1	14	-5.4453540e+02
0	2	1	15	-5.1903674e+02
0	2	1	16	-5.5931329e+02
0	2	1	17	-5.0669525e+02
0	2	1	18	-5.1348163e+02
0	2	1	19	-5.0207132e+02
0	2	1	20	-5.8364240e+02
0	2	1	21	-5.2462000e+02
0	2	1	22	-5.0651645e+02
0	2	1	23	-4.7087485e+02
0	2	1	24	-5.4321332e+02
0	2	1	25	-4.8386398e+02
0	2	1	26	-5.5240234e+02
0	2	1	27	-4.8712308e+02
0	2	1	28	-5.1066083e+02
0	2	1	29	-4.9352728e+02
0	2	1	30	-4.9066068e+02
0	2	1	31	-5.1404590e+02
0	2	1	32	-5.7681287e+02
0	2	1	33	-5.1546802e+02
0	2	1	34	1.5298276e+02
0	2	1	35	5.7036194e+01
0	2	1	36	1.3919182e+02
0	2	1	37	1.6455702e+02
0	2	1	38	1.7606224e+02
0	2	1	39	1.8301393e+02
0	2	1	40	2.2600627e+02
0	2	1	41	1.9222285e+02
0	2	1	42	2.1809798e+02
0	2	1	43	2.0689662e+02
0	2	1	44	2.4882314e+02
0	2	1	45	1.7094141e+02
0	2	1	46	2.1994229e+02
0	2	1	47	1.0468456e+02
0	2	1	48	1.7665364e+02
0	2	1	49	2.6879800e+02
0	2	1	50	1.9077277e+02
0	2	1	51	7.4696021e+02
0	2	1	52	7.9782159e+02
0	2	1	53	4.1228702e+02
0	2	1	54	4.1902707e+02
0	2	1	55	4.6344412e+02
0	2	1	56	6.4863464e+02
0	2	1	57	5.9767786e+02
0	2	1	58	4.4587997e+02
0	2	1	59	4.6940195e+02
0	2	1	60	4.7615100e+02
0	2	1	61	3.5474411e+02
0	2	1	62	3.7845056e+02
0	2	1	63	5.5929474e+02
0	2	2	0	-6.3359535e+01
0	2	2	1	-2.0344839e+02
0	2	2	2	-5.9420483e+01
0	2	2	3	-1.7900311e+02
0	2	2	4	-2.0256854e+02
0	2	2	5	-1.6612860e+02
0	2	2	6	-2.0381087e+02
0	2	2	7	-1.0230692e+02
0	2	2	8	-1.5238155e+02
0	2	2	9	-1.1078336e+02
0	2	2	10	-2.3366153e+02
0	2	2	11	-1.1477429e+02
0	2	2	12	-2.1729526e+02
0	2	2	13	-1.8508144e+02
0	2	2	14	-1.6245161e+02
0	2	2	15	-1.0923344e+02
0	2	2	16	-2.7622223e+02
0	2	2	17	-2.4772607e+02
0	2	2	18	-3.1286963e+02
0	2	2	19	-3.0505209e+02
0	2	2	20	-2.0786824e+02
0	2	2	21	-2.4638904e+02
0	2	2	22	-2.0145401e+02
0	2	2	23	-2.8392108e+02
0	2	2	24	-3.2617014e+02
0	2	2	25	-2.8756772e+02
0	2	2	26	-4.0254486e+02
0	2	2	27	-4.2696512e+02
0	2	2	28	-2.8472601e+02
0	2	2	29	-4.1825555e+02
0	2	2	30	-3.0822791e+02
0	2	2	31	-3.4984555e+02
0	2	2	32	-3.7772629e+02
0	2	2	33	-4.3576620e+02
0	2	2	34	2.5497844e+02
0	2	2	35	3.1328345e+02
0	2	2	36	2.4067935e+02
0	2	2	37	3.2763809e+02
0	2	2	38	2.9477377e+02
0	2	2	39	2.7774399e+02
0	2	2	40	2.8605978e+02
0	2	2	41	2.7014682e+02
0	2	2	42	3.0469327e+02
0	2	2	43	4.4062842e+02
0	2	2	44	4.5016815e+02
0	2	2	45	4.5059415e+02
0	2	2	46	3.7057596e+02
0	2	2	47	3.9496637e+02
0	2	2	48	4.2093927e+02
0	2	2	49	3.9152686e+02
0	2	2	50	3.3897177e+02
0	2	2	51	9.8097333e+02
0	2	2	52	1.0779694e+03
0	2	2	53	6.6896295e+02
0	2	2	54	6.7636835e+02
0	2	2	55	6.9497809e+02
0	2	2	56	8.3712646e+02
0	2	2	57	7.1896112e+02
0	2	2	58	6.5230109e+02
0	2	2	59	5.8842828e+02
0	2	2	60	6.5845123e+02
0	2	2	61	6.2842065e+02
0	2	2	62	6.0130841e+02
0	2	2	63	7.3514197e+02
0	2	3	0	-3.2569809e+02
0	2	3	1	-2.6452930e+02
0	2	3	2	-2.6178262e+02
0	2	3	3	-3.2914203e+02
0	2	3	4	-2.5329633e+02
0	2	3	5	-2.6981812e+02
0	2	3	6	-3.0229825e+02
0	2	3	7	-2.4859421e+02
0	2	3	8	-3.1697803e+02
0	2	3	9	-2.5383885e+02
0	2	3	10	-3.7431293e+02
0	2	3	11	-2.9498950e+02
0	2	3	12	-3.5813599e+02
0	2	3	13	-3.7112677e+02
0	2	3	14	-4.5860980e+02
0	2	3	15	-3.4722800e+02
0	2	3	16	-3.8799420e+02
0	2	3	17	-3.3534988e+02
0	2	3	18	-4.5216708e+02
0	2	3	19	-2.5417001e+02
0	2	3	20	-4.5602081e+02
0	2	3	21	-4.0335745e+02
0	2	3	22	-2.2944836e+02
0	2	3	23	-2.6222919e+02
0	2	3	24	-4.6722269e+02
0	2	3	25	-2.6557651e+02
0	2	3	26	-4.0134491e+02
0	2	3	27	-4.0050021e+02
0	2	3	28	-2.6395749e+02
0	2	3	29	-2.7567334e+02
0	2	3	30	-3.0347876e+02
0	2	3	31	-4.3661786e+02
0	2	3	32	-4.3119827e+02
0	2	3	33	-3.9577167e+02
0	2	3	34	4.3337491e+02
0	2	3	35	2.8239899e+02
0	2	3	36	3.9732568e+02
0	2	3	37	5.1856940e+02
0	2	3	38	3.1761884e+02
0	2	3	39	4.4343439e+02
0	2	3	40	5.2169684e+02
0	2	3	41	3.0458356e+02
0	2	3	42	6.2186499e+02
0	2	3	43	3.6115573e+02
0	2	3	44	4.4717697e+02
0	2	3	45	3.2390735e+02
0	2	3	46	4.4333871e+02
0	2	3	47	3.8693933e+02
0	2	3	48	4.3340668e+02
0	2	3	49	5.1243427e+02
0	2	3	50	4.2986520e+02
0	2	3	51	9.3046167e+02
0	2	3	52	9.1976886e+02
0	2	3	53	6.3153876e+02
0	2	3	54	7.0651337e+02
0	2	3	55	6.3709387e+02
0	2	3	56	8.1251776e+02
0	2	3	57	7.6156824e+02
0	2	3	58	6.0155780e+02
0	2	3	59	6.1066235e+02
0	2	3	60	6.0583246e+02
0	2	3	61	6.4276105e+02
0	2	3	62	4.9537125e+02
0	2	3	63	6.4540808e+02
0	2	4	0	6.7784470e+01
0	2	4	1	2.6586498e+01
0	2	4	2	6.0596210e+01
0	2	4	3	8.4606102e+01
0	2	4	4	-8.8050919e+01
0	2	4	5	8.3149462e+00
0	2	4	6	-6.6103859e+01
0	2	4	7	1.6743481e+02
0	2	4	8	1.2606103e+01
0	2	4	9	9.3154099e+01
0	2	4	10	-3.9179649e+01
0	2	4	11	2.7862360e+01
0	2	4	12	-2.3887428e+01
0	2	4	13	-6.3196321e+00
0	2	4	14	8.4885353e+01
0	2	4	15	1.6905885e+02
0	2	4	16	-1.1932886e+01
0	2	4	17	-6.2000008e+01
0	2	4	18	1.4416703e+01
0	2	4	19	-1.0436940e+02
0	2	4	20	-1.0834424e+01
0	2	4	21	5.3708401e+01
0	2	4	22	-6.8166608e-01
0	2	4	23	-8.0786034e+01
0	2	4	24	-1.5759004e+02
0	2	4	25	-8.7712723e+01
0	2	4	26	-9.8349152e+01
0	2	4	27	-2.2466530e+02
0	2	4	28	-9.4602280e+01
0	2	4	29	-7.1693924e+01
0	2	4	30	6.1736462e+01
0	2	4	31	-9.2662819e+01
0	2	4	32	-2.2025224e+02
0	2	4	33	-1.5565550e+02
0	2	4	34	4.2938486e+02
0	2	4	35	6.2348792e+02
0	2	4	36	6.4483380e+02
0	2	4	37	5.4405237e+02
0	2	4	38	4.7476221e+02
0	2	4	39	6.4114215e+02
0	2	4	40	5.3408032e+02
0	2	4	41	4.8012463e+02
0	2	4	42	5.3308771e+02
0	2	4	43	5.0600552e+02
0	2	4	44	5.6614539e+02
0	2	4	45	4.5916122e+02
0	2	4	46	5.3981671e+02
0	2	4	47	4.8577927e+02
0	2	4	48	5.1157874e+02
0	2	4	49	4.9524994e+02
0	2	4	50	5.8965228e+02
0	2	4	51	1.1108960e+03
0	2	4	52	1.1138815e+03
0	2	4	53	7.2787805e+02
0	2	4	54	7.3290997e+02
0	2	4	55	7.9566144e+02
0	2	4	56	9.4650769e+02
0	2	4	57	9.3621326e+02
0	2	4	58	7.9464862e+02
0	2	4	59	8.0606598e+02
0	2	4	60	8.1055542e+02
0	2	4	61	6.7651465e+02
0	2	4	62	7.5559967e+02
0	2	4	63	7.2336023e+02
0	2	5	0	1.0386438e+02
0	2	5	1	6.6599342e+01
0	2	5	2	8.8887115e+01
0	2	5	3	-6.8204247e+01
0	2	5	4	3.2048626e+01
0	2	5	5	5.1706009e+01
0	2	5	6	3.3146931e+01
0	2	5	7	5.6991570e+01
0	2	5	8	-4.6422073e+01
0	2	5	9	6.1554916e+01
0	2	5	10	-5.5246529e+01
0	2	5	11	-1.1005765e+01
0	2	5	12	-1.1888017e+02
0	2	5	13	-2.3153298e+00
0	2	5	14	-1.4833925e+02
0	2	5	15	-5.1085659e+01
0	2	5	16	-2.4533372e+02
0	2	5	17	-1.6318776e+02
0	2	5	18	-2.1323479e+02
0	2	5	19	-1.4318263e+02
0	2	5	20	-1.7786989e+02
0	2	5	21	-1.4780115e+02
0	2	5	22	-1.2055202e+02
0	2	5	23	-9.3824265e+01
0	2	5	24	-1.8321999e+02
0	2	5	25	-1.7464609e+02
0	2	5	26	-2.2971269e+02
0	2	5	27	-1.3581471e+02
0	2	5	28	-1.3861563e+02
0	2	5	29	-1.4331570e+02
0	2	5	30	-1.3299512e+02
0	2	5	31	-1.6885196e+02
0	2	5	32	-1.9989049e+02
0	2	5	33	-6.3299938e+01
0	2	5	34	5.6749231e+02
0	2	5	35	5.2551385e+02
0	2	5	36	5.4700635e+02
0	2	5	37	5.6922864e+02
0	2	5	38	5.1611572e+02
0	2	5	39	5.3010059e+02
0	2	5	40	6.0574963e+02
0	2	5	41	5.8281525e+02
0	2	5	42	7.1387939e+02
0	2	5	43	5.8048364e+02
0	2	5	44	6.7375391e+02
0	2	5	45	6.5672363e+02
0	2	5	46	6.0086877e+02
0	2	5	47	6.2098816e+02
0	2	5	48	6.2743005e+02
0	2	5	49	6.2452002e+02
0	2	5	50	6.2534766e+02
0	2	5	51	1.1677751e+03
0	2	5	52	1.2173777e+03
0	2	5	53	8.2528235e+02
0	2	5	54	8.9398663e+02
0	2	5	55	9.3124640e+02
0	2	5	56	9.8389758e+02
0	2	5	57	9.5813220e+02
0	2	5	58	8.2854309e+02
0	2	5	59	8.0224811e+02
0	2	5	60	9.4453644e+02
0	2	5	61	7.9420044e+02
0	2	5	62	8.8550079e+02
0	2	5	63	8.7356012e+02
0	2	6	0	1.4734804e+02
0	2	6	1	5.1924141e+01
0	2	6	2	1.1926781e+02
0	2	6	3	9.7391335e+01
0	2	6	4	3.5321720e+01
0	2	6	5	6.0579201e+01
0	2	6	6	-1.1252719e+01
0	2	6	7	2.1657721e+02
0	2	6	8	6.1306545e+01
0	2	6	9	6.8212578e+01
0	2	6	10	-1.8524607e+01
0	2	6	11	9.0523232e+01
0	2	6	12	-6.8192375e+01
0	2	6	13	4.5719143e+01
0	2	6	14	2.3628285e+02
0	2	6	15	1.4839543e+01
0	2	6	16	3.8611099e+01
0	2	6	17	-7.8150749e+01
0	2	6	18	1.6463187e+02
0	2	6	19	-7.5396210e+01
0	2	6	20	8.7286211e+03
0	2	6	21	9.2287323e+01
0	2	6	22	-1.2043604e+02
0	2	6	23	-9.1515709e+01
0	2	6	24	-1.4666621e+02
0	2	6	25	-2.9909399e+01
0	2	6	26	-1.6468292e+02
0	2	6	27	-1.4586742e+02
0	2	6	28	-9.2671234e+01
0	2	6	29	-1.4310368e+02
0	2	6	30	-8.6428642e+01
0	2	6	31	-1.5326282e+02
0	2	6	32	-2.3819682e+02
0	2	6	33	-2.0047211e+02
0	2	6	34	4.0982050e+02
0	2	6	35	4.9745016e+02
0	2	6	36	4.5729544e+02
0	2	6	37	5.5556757e+02
0	2	6	38	5.0362637e+02
0	2	6	39	5.0459247e+02
0	2	6	40	4.1932617e+02
0	2	6	41	5.0978711e+02
0	2	6	42	5.1066422e+02
0	2	6	43	5.2226508e+02
0	2	6	44	5.0417169e+02
0	2	6	45	4.1297104e+02
0	2	6	46	2.1333815e+02
0	2	6	47	4.0262451e+02
0	2	6	48	4.5196121e+02
0	2	6	49	3.7885379e+02
0	2	6	50	4.8391306e+02
0	2	6	51	1.0928547e+03
0	2	6	52	9.6959216e+02
0	2	6	53	7.0589038e+02
0	2	6	54	6.4487903e+02
0	2	6	55	7.2465369e+02
0	2	6	56	8.6108514e+02
0	2	6	57	9.0641827e+02
0	2	6	58	7.8223810e+02
0	2	6	59	7.6501514e+02
0	2	6	60	8.0433954e+02
0	2	6	61	6.2943353e+02
0	2	6	62	6.7684064e+02
0	2	6	63	7.8594238e+02
0	2	7	0	1.3155077e+02
0	2	7	1	8.6268578e+01
0	2	7	2	1.4594644e+01
0	2	7	3	1.0748842e+02
0	2	7	4	4.5186871e+01
0	2	7	5	3.3317307e+02
0	2	7	6	1.3516826e+02
0	2	7	7	2.3972717e+03
0	2	7	8	3.5826443e+01
0	2	7	9	1.3322845e+02
0	2	7	10	-1.2936287e+02
0	2	7	11	1.8049744e+02
0	2	7	12	-5.1808212e+01
0	2	7	13	1.1294289e+02
0	2	7	14	-2.9652222e+01
0	2	7	15	1.3072925e+02
0	2	7	16	-5.9840288e+00
0	2	7	17	1.9772058e+01
0	2	7	18	2.4328352e+01
0	2	7	19	4.1088230e+01
0	2	7	20	6.1732044e+01
0	2	7	21	-1.6540224e+01
0	2	7	22	-4.6158417e+01
0	2	7	23	2.8099977e+01
0	2	7	24	-2.9582819e+01
0	2	7	25	-1.6097881e+01
0	2	7	26	-3.4643761e+01
0	2	7	27	-1.5287902e+01
0	2	7	28	2.6192670e+00
0	2	7	29	3.8243198e+01
0	2	7	30	-1.8469231e+01
0	2	7	31	-1.1728492e+02
0	2	7	32	-7.8323685e+01
0	2	7	33	8.4801531e+00
0	2	7	34	6.7264703e+02
0	2	7	35	6.2854858e+02
0	2	7	36	6.7021973e+02
0	2	7	37	6.9360608e+02
0	2	7	38	6.0572668e+02
0	2	7	39	6.1808386e+02
0	2	7	40	7.5676117e+02
0	2	7	41	5.7430548e+02
0	2	7	42	7.2532379e+02
0	2	7	43	6.2026642e+02
0	2	7	44	1.0371786e+03
0	2	7	45	6.2372845e+02
0	2	7	46	7.4083997e+02
0	2	7	47	6.5753925e+02
0	2	7	48	6.3103088e+02
0	2	7	49	6.6201910e+02
0	2	7	50	6.5869977e+02
0	2	7	51	1.2204270e+03
0	2	7	52	1.2726727e+03
0	2	7	53	8.2805487e+02
0	2	7	54	9.5223102e+02
0	2	7	55	9.5795361e+02
0	2	7	56	1.2248080e+03
0	2	7	57	1.0555740e+03
0	2	7	58	8.6961353e+02
0	2	7	59	9.2206464e+02
0	2	7	60	9.6721210e+02
0	2	7	61	7.9846204e+02
0	2	7	62	8.1652716e+02
0	2	7	63	1.0137513e+03
0	2	8	0	1.4737660e+02
0	2	8	1	4.9003181e+00
0	2	8	2	7.9043175e+01
0	2	8	3	4.7248531e+01
0	2	8	4	-1.0149413e+02
0	2	8	5	-3.1019869e+01
0	2	8	6	-1.3137642e+02
0	2	8	7	3.7841873e+01
0	2	8	8	-2.4772562e+01
0	2	8	9	-2.9070053e+01
0	2	8	10	-1.9241351e+02
0	2	8	11	5.4730804e+01
0	2	8	12	-1.5864285e+02
0	2	8	13	-2.7685318e+01
0	2	8	14	4.5482887e+01
0	2	8	15	-7.2690849e+01
0	2	8	16	-7.0917053e+01
0	2	8	17	-1.7072740e+02
0	2	8	18	-5.6295063e+01
0	2	8	19	-6.6134293e+01
0	2	8	20	-3.2253674e+01
0	2	8	21	-6.3898182e+01
0	2	8	22	-1.5358411e+02
0	2	8	23	-1.5030307e-01
0	2	8	24	-2.1976305e+02
0	2	8	25	-1.5417519e+02
0	2	8	26	-1.6489948e+02
0	2	8	27	-2.5734622e+02
0	2	8	28	-1.6468707e+02
0	2	8	29	-2.9864630e+02
0	2	8	30	-2.8389896e+02
0	2	8	31	-1.8354597e+02
0	2	8	32	-2.0602286e+02
0	2	8	33	-3.0731293e+02
0	2	8	34	3.1440720e+02
0	2	8	35	4.0410910e+02
0	2	8	36	4.0207037e+02
0	2	8	37	4.9762366e+02
0	2	8	38	4.7159747e+02
0	2	8	39	4.0999164e+02
0	2	8	40	3.5435373e+02
0	2	8	41	4.4213071e+02
0	2	8	42	4.3203589e+02
0	2	8	43	3.6652563e+02
0	2	8	44	3.7848309e+02
0	2	8	45	3.7667786e+02
0	2	8	46	4.6864285e+02
0	2	8	47	4.0906592e+02
0	2	8	48	5.1483624e+02
0	2	8	49	4.4059268e+02
0	2	8	50	4.3764679e+02
0	2	8	51	1.0403848e+03
0	2	8	52	1.0753621e+03
0	2	8	53	6.6915411e+02
0	2	8	54	6.4874213e+02
0	2	8	55	6.1312286e+02
0	2	8	56	7.6358734e+02
0	2	8	57	8.3986945e+02
0	2	8	58	8.3584161e+02
0	2	8	59	7.6195929e+02
0	2	8	60	6.3085315e+02
0	2	8	61	6.1418250e+02
0	2	8	62	6.4921576e+02
0	2	8	63	6.9268115e+02
0	2	9	0	9.2602242e+01
0	2	9	1	1.2840134e+02
0	2	9	2	1.3217595e+02
0	2	9	3	5.4733025e+01
0	2	9	4	1.7385039e+02
0	2	9	5	5.2444351e+01
0	2	9	6	1.2309054e+02
0	2	9	7	1.5199834e+02
0	2	9	8	5.8159996e+01
0	2	9	9	1.3298888e+02
0	2	9	10	3.8833519e+01
0	2	9	11	1.7803893e+02
0	2	9	12	-2.0465136e+01
0	2	9	13	7.0426125e+01
0	2	9	14	1.2284071e+02
0	2	9	15	4.8722790e+01
0	2	9	16	2.0620587e+00
0	2	9	17	1.5437642e+01
0	2	9	18	-7.4323433e+01
0	2	9	19	-3.0861809e+01
0	2	9	20	-4.5683525e+01
0	2	9	21	3.9460098e+01
0	2	9	22	1.2449133e+02
0	2	9	23	-7.2718339e+00
0	2	9	24	-6.4106903e+01
0	2	9	25	5.4476452e+01
0	2	9	26	-1.2280762e+02
0	2	9	27	8.3329487e+00
0	2	9	28	7.7867386e+01
0	2	9	29	-3.9661219e+00
0	2	9	30	-8.8496834e+01
0	2	9	31	-8.3552074e+00
0	2	9	32	-4.0580791e+01
0	2	9	33	1.1479610e+02
0	2	9	34	6.8786786e+02
0	2	9	35	6.5450476e+02
0	2	9	36	6.6588660e+02
0	2	9	37	7.1095770e+02
0	2	9	38	6.4354681e+02
0	2	9	39	7.8464301e+02
0	2	9	40	6.8035205e+02
0	2	9	41	5.9460193e+02
0	2	9	42	7.7648285e+02
0	2	9	43	6.2667230e+02
0	2	9	44	7.6182953e+02
0	2	9	45	7.0933679e+02
0	2	9	46	7.6698706e+02
0	2	9	47	6.7520911e+02
0	2	9	48	8.1545618e+02
0	2	9	49	6.3948346e+02
0	2	9	50	7.7871655e+02
0	2	9	51	1.2873927e+03
0	2	9	52	1.2834005e+03
0	2	9	53	9.2273804e+02
0	2	9	54	9.8070245e+02
0	2	9	55	9.7952338e+02
0	2	9	56	1.0753763e+03
0	2	9	57	1.0730653e+03
0	2	9	58	1.0010712e+03
0	2	9	59	9.7171722e+02
0	2	9	60	1.0015924e+03
0	2	9	61	8.7669202e+02
0	2	9	62	8.4856586e+02
0	2	9	63	9.4141602e+02
0	2	10	0	-1.7831711e+01
0	2	10	1	-2.9469469e+01
0	2	10	2	4.4009815e+01
0	2	10	3	4.9057188e+00
0	2	10	4	-1.3788849e+02
0	2	10	5	-4.5483589e+01
0	2	10	6	-2.0640073e+02
0	2	10	7	7.8209740e+01
0	2	10	8	3.6051955e+00
0	2	10	9	1.2434608e+01
0	2	10	10	-1.2052229e+02
0	2	10	11	-7.6705063e+01
0	2	10	12	-1.8641515e+02
0	2	10	13	-8.4514091e+01
0	2	10	14	-2.8139521e+01
0	2	10	15	-4.1165623e+01
0	2	10	16	-1.7600450e+02
0	2	10	17	-1.6914279e+02
0	2	10	18	-1.0402682e+02
0	2	10	19	-1.9385789e+02
0	2	10	20	-1.4445779e+02
0	2	10	21	-6.6871552e+01
0	2	10	22	-1.3811467e+02
0	2	10	23	-1.4644960e+02
0	2	10	24	-1.8572874e+02
0	2	10	25	-1.0181618e+02
0	2	10	26	-2.4100647e+02
0	2	10	27	-2.1495981e+02
0	2	10	28	-1.7690709e+02
0	2	10	29	-2.2971176e+02
0	2	10	30	-1.7134869e+02
0	2	10	31	-1.8093266e+02
0	2	10	32	-2.8682919e+02
0	2	10	33	-2.9639441e+02
0	2	10	34	4.2206656e+02
0	2	10	35	4.3364453e+02
0	2	10	36	4.1194046e+02
0	2	10	37	4.2127023e+02
0	2	10	38	3.1125119e+02
0	2	10	39	4.6713141e+02
0	2	10	40	3.9605170e+02
0	2	10	41	4.1355643e+02
0	2	10	42	5.0033670e+02
0	2	10	43	7.2801404e+02
0	2	10	44	4.7651746e+02
0	2	10	45	3.2489844e+02
0	2	10	46	1.4478762e+03
0	2	10	47	3.9063351e+02
0	2	10	48	4.2100583e+02
0	2	10	49	3.8969427e+02
0	2	10	50	5.1517053e+02
0	2	10	51	9.2367987e+02
0	2	10	52	9.7237311e+02
0	2	10	53	6.7203833e+02
0	2	10	54	6.1247662e+02
0	2	10	55	6.5535327e+02
0	2	10	56	8.5781134e+02
0	2	10	57	8.4595361e+02
0	2	10	58	7.1650031e+02
0	2	10	59	6.4663568e+02
0	2	10	60	6.9403430e+02
0	2	10	61	6.7190479e+02
0	2	10	62	6.9327039e+02
0	2	10	63	6.8922449e+02
0	2	11	0	-1.4993176e+02
0	2	11	1	-8.7745041e+01
0	2	11	2	-6.2076958e+01
0	2	11	3	-1.5651700e+02
0	2	11	4	-1.5177441e+02
0	2	11	5	-1.0562361e+02
0	2	11	6	-8.7571266e+01
0	2	11	7	-4.0675728e+01
0	2	11	8	-1.5582126e+02
0	2	11	9	-4.4021431e+01
0	2	11	10	-1.8759984e+02
0	2	11	11	-1.4439142e+02
0	2	11	12	-1.6672200e+02
0	2	11	13	-1.1793504e+02
0	2	11	14	-1.6756665e+02
0	2	11	15	-1.2603289e+02
0	2	11	16	-2.5297414e+02
0	2	11	17	-1.4125056e+02
0	2	11	18	-2.0573772e+02
0	2	11	19	-1.0615150e+02
0	2	11	20	-3.0831516e+02
0	2	11	21	-2.3518639e+02
0	2	11	22	-2.0636726e+02
0	2	11	23	1.1156235e+03
0	2	11	24	-2.5995682e+02
0	2	11	25	-2.4352800e+02
0	2	11	26	-2.6677170e+02
0	2	11	27	-1.9581996e+02
0	2	11	28	-2.5833069e+02
0	2	11	29	-2.3351041e+02
0	2	11	30	-2.9145654e+02
0	2	11	31	-3.0594492e+02
0	2	11	32	-3.3015250e+02
0	2	11	33	-2.2764803e+02
0	2	11	34	4.5828043e+02
0	2	11	35	3.6637930e+02
0	2	11	36	3.9622266e+02
0	2	11	37	4.3177844e+02
0	2	11	38	4.5507193e+02
0	2	11	39	4.4839175e+02
0	2	11	40	5.0407407e+02
0	2	11	41	3.8181699e+02
0	2	11	42	4.3409906e+02
0	2	11	43	4.4620053e+02
0	2	11	44	5.7455286e+02
0	2	11	45	4.2159985e+02
0	2	11	46	4.9679297e+02
0	2	11	47	4.5314731e+02
0	2	11	48	5.1931506e+02
0	2	11	49	5.2581104e+02
0	2	11	50	4.8477151e+02
0	2	11	51	1.0882162e+03
0	2	11	52	1.0992754e+03
0	2	11	53	7.9688947e+02
0	2	11	54	7.4321991e+02
0	2	11	55	7.4169781e+02
0	2	11	56	8.5719128e+02
0	2	11	57	8.5280505e+02
0	2	11	58	6.6263983e+02
0	2	11	59	7.4265765e+02
0	2	11	60	7.2104846e+02
0	2	11	61	6.6429382e+02
0	2	11	62	7.0674579e+02
0	2	11	63	7.9964160e+02
0	2	12	0	-1.2214532e+02
0	2	12	1	-2.0147511e+02
0	2	12	2	-1.4021091e+02
0	2	12	3	-1.7969524e+02
0	2	12	4	-2.6536975e+02
0	2	12	5	-2.9822287e+02
0	2	12	6	-3.0447858e+02
0	2	12	7	-1.4729828e+02
0	2	12	8	-2.6551038e+02
0	2	12	9	-2.3121269e+02
0	2	12	10	-3.0465894e+02
0	2	12	11	-2.3964600e+02
0	2	12	12	-3.9195639e+02
0	2	12	13	-2.8883121e+02
0	2	12	14	-2.5614716e+02
0	2	12	15	-2.7455093e+02
0	2	12	16	-3.4680740e+02
0	2	12	17	-4.3373682e+02
0	2	12	18	-3.1892584e+02
0	2	12	19	-4.3661868e+02
0	2	12	20	-2.5951556e+02
0	2	12	21	-3.3138464e+02
0	2	12	22	-3.1629279e+02
0	2	12	23	-3.8258124e+02
0	2	12	24	-5.0830777e+02
0	2	12	25	-3.6745071e+02
0	2	12	26	-4.2691861e+02
0	2	12	27	-4.5483112e+02
0	2	12	28	-3.3828900e+02
0	2	12	29	-4.5789920e+02
0	2	12	30	-4.4199042e+02
0	2	12	31	-4.1944330e+02
0	2	12	32	-4.4944214e+02
0	2	12	33	-4.1414844e+02
0	2	12	34	2.0662755e+02
0	2	12	35	2.2752521e+02
0	2	12	36	2.4763585e+02
0	2	12	37	2.2046797e+02
0	2	12	38	2.1221999e+02
0	2	12	39	2.1902202e+02
0	2	12	40	2.2733809e+02
0	2	12	41	1.6535985e+02
0	2	12	42	3.1247336e+02
0	2	12	43	2.3943372e+02
0	2	12	44	2.8292743e+02
0	2	12	45	2.4303098e+02
0	2	12	46	1.5707666e+02
0	2	12	47	1.8319417e+02
0	2	12	48	1.8105591e+02
0	2	12	49	1.4830855e+02
0	2	12	50	2.9875955e+02
0	2	12	51	7.6782202e+02
0	2	12	52	7.8032788e+02
0	2	12	53	3.6054968e+02
0	2	12	54	4.3100488e+02
0	2	12	55	3.7513553e+02
0	2	12	56	5.4119434e+02
0	2	12	57	6.0585480e+02
0	2	12	58	5.8124066e+02
0	2	12	59	4.4098959e+02
0	2	12	60	4.9287332e+02
0	2	12	61	4.2931900e+02
0	2	12	62	5.1359583e+02
0	2	12	63	5.3291058e+02
0	2	13	0	-1.7324402e+02
0	2	13	1	-5.0587196e+01
0	2	13	2	-7.5097252e+01
0	2	13	3	-1.5095485e+02
0	2	13	4	-1.8698871e+02
0	2	13	5	-1.5398668e+02
0	2	13	6	-1.2236504e+02
0	2	13	7	-1.0664867e+02
0	2	13	8	-2.1986862e+02
0	2	13	9	-8.8049896e+01
0	2	13	10	-1.5766002e+02
0	2	13	11	-1.2697687e+02
0	2	13	12	-2.2598779e+02
0	2	13	13	-1.4463470e+02
0	2	13	14	-3.2116193e+02
0	2	13	15	-2.2076266e+02
0	2	13	16	-2.9734143e+02
0	2	13	17	-2.6032291e+02
0	2	13	18	-3.5506006e+02
0	2	13	19	-3.3209146e+02
0	2	13	20	-3.4505194e+02
0	2	13	21	-3.1531628e+02
0	2	13	22	-2.0599495e+02
0	2	13	23	-3.0090411e+02
0	2	13	24	-3.4821872e+02
0	2	13	25	-2.5396178e+02
0	2	13	26	-3.7105884e+02
0	2	13	27	-3.1094955e+02
0	2	13	28	-2.1942651e+02
0	2	13	29	-2.3945773e+02
0	2	13	30	-2.4335361e+02
0	2	13	31	-3.0709064e+02
0	2	13	32	-3.1203229e+02
0	2	13	33	-3.1730875e+02
0	2	13	34	2.8335394e+02
0	2	13	35	3.3852536e+02
0	2	13	36	3.4802060e+02
0	2	13	37	3.6157953e+02
0	2	13	38	3.9405917e+02
0	2	13	39	3.5596463e+02
0	2	13	40	4.0058560e+02
0	2	13	41	4.0392538e+02
0	2	13	42	3.9348444e+02
0	2	13	43	3.4155441e+02
0	2	13	44	4.1832455e+02
0	2	13	45	3.1492435e+02
0	2	13	46	4.0350073e+02
0	2	13	47	3.7545941e+02
0	2	13	48	4.2295212e+02
0	2	13	49	3.5540128e+02
0	2	13	50	4.2446121e+02
0	2	13	51	8.8970081e+02
0	2	13	52	9.5460150e+02
0	2	13	53	5.7899713e+02
0	2	13	54	6.4923669e+02
0	2	13	55	7.4243805e+02
0	2	13	56	8.0643402e+02
0	2	13	57	8.0796698e+02
0	2	13	58	6.1830377e+02
0	2	13	59	6.8753485e+02
0	2	13	60	7.1562482e+02
0	2	13	61	4.7778421e+02
0	2	13	62	5.7419653e+02
0	2	13	63	7.0323199e+02
0	2	14	0	-3.3407234e+01
0	2	14	1	-1.5256950e+02
0	2	14	2	-1.2149908e+02
0	2	14	3	2.8096979e+02
0	2	14	4	-2.4178763e+02
0	2	14	5	-2.2743718e+02
0	2	14	6	-2.3132901e+02
0	2	14	7	-7.5412590e+01
0	2	14	8	-1.7493602e+02
0	2	14	9	-1.3516801e+02
0	2	14	10	-1.8273505e+02
0	2	14	11	-1.8950662e+02
0	2	14	12	-3.1404871e+02
0	2	14	13	-8.4802200e+01
0	2	14	14	-1.3265556e+02
0	2	14	15	-1.4874341e+02
0	2	14	16	-1.9464323e+02
0	2	14	17	-3.0484290e+02
0	2	14	18	-2.2310938e+02
0	2	14	19	-3.5101511e+02
0	2	14	20	-2.5038644e+02
0	2	14	21	2.9170347e+03
0	2	14	22	-2.4856024e+02
0	2	14	23	-2.7283328e+02
0	2	14	24	-3.7686780e+02
0	2	14	25	-2.8624509e+02
0	2	14	26	-5.2151239e+02
0	2	14	27	-4.4512820e+02
0	2	14	28	-3.6429306e+02
0	2	14	29	-4.3705136e+02
0	2	14	30	-4.1242673e+02
0	2	14	31	-3.8569437e+02
0	2	14	32	-4.8662234e+02
0	2	14	33	-4.3730835e+02
0	2	14	34	2.3493739e+02
0	2	14	35	2.9833267e+02
0	2	14	36	2.4140036e+02
0	2	14	37	2.1772841e+02
0	2	14	38	3.3374606e+02
0	2	14	39	2.7126907e+02
0	2	14	40	2.9852023e+02
0	2	14	41	1.9843996e+02
0	2	14	42	3.4272821e+02
0	2	14	43	2.4675365e+02
0	2	14	44	3.3825204e+02
0	2	14	45	2.8166229e+02
0	2	14	46	2.1306276e+02
0	2	14	47	2.1864268e+02
0	2	14	48	2.2821533e+02
0	2	14	49	2.1141499e+02
0	2	14	50	3.3898901e+02
0	2	14	51	8.7885327e+02
0	2	14	52	8.7481537e+02
0	2	14	53	4.4434595e+02
0	2	14	54	5.2478186e+02
0	2	14	55	4.6936404e+02
0	2	14	56	6.9324359e+02
0	2	14	57	6.4350580e+02
0	2	14	58	6.4732819e+02
0	2	14	59	5.0898892e+02
0	2	14	60	4.9247778e+02
0	2	14	61	4.9694678e+02
0	2	14	62	5.9862451e+02
0	2	14	63	5.1337683e+02
0	2	15	0	-2.3735225e+02
0	2	15	1	-2.5131525e+02
0	2	15	2	-1.5355231e+02
0	2	15	3	-1.6342229e+02
0	2	15	4	-2.5674854e+02
0	2	15	5	-2.0589157e+02
0	2	15	6	-2.0080875e+02
0	2	15	7	-2.1005664e+02
0	2	15	8	-2.6088855e+02
0	2	15	9	-1.6650992e+02
0	2	15	10	-2.9596365e+02
0	2	15	11	-2.3770369e+02
0	2	15	12	-3.1866122e+02
0	2	15	13	-1.7937984e+02
0	2	15	14	-2.3299309e+02
0	2	15	15	-2.8393530e+02
0	2	15	16	-3.1298325e+02
0	2	15	17	-4.5057440e+02
0	2	15	18	-4.0976163e+02
0	2	15	19	-4.3927722e+02
0	2	15	20	-3.7749496e+02
0	2	15	21	-3.9875583e+02
0	2	15	22	-3.5010181e+02
0	2	15	23	-3.7259210e+02
0	2	15	24	-3.7379654e+02
0	2	15	25	-4.2476529e+02
0	2	15	26	-3.8672372e+02
0	2	15	27	-3.8168579e+02
0	2	15	28	-4.0610394e+02
0	2	15	29	-3.8975339e+02
0	2	15	30	-3.8601089e+02
0	2	15	31	-4.1723077e+02
0	2	15	32	-3.9869321e+02
0	2	15	33	-3.6703329e+02
0	2	15	34	3.3225760e+02
0	2	15	35	2.9016724e+02
0	2	15	36	3.5780991e+02
0	2	15	37	3.7568005e+02
0	2	15	38	3.0270657e+02
0	2	15	39	3.9769568e+02
0	2	15	40	5.2350684e+02
0	2	15	41	2.8084192e+02
0	2	15	42	4.6302838e+02
0	2	15	43	3.2248834e+02
0	2	15	44	5.2824237e+02
0	2	15	45	4.4855347e+02
0	2	15	46	4.4572952e+02
0	2	15	47	3.5201657e+02
0	2	15	48	0.0000000e+00
0	2	15	49	5.3381665e+02
0	2	15	50	4.0497537e+02
0	2	15	51	9.8625781e+02
0	2	15	52	9.8575977e+02
0	2	15	53	6.0986780e+02
0	2	15	54	6.6602032e+02
0	2	15	55	1.1707058e+03
0	2	15	56	8.7948712e+02
0	2	15	57	8.3407397e+02
0	2	15	58	6.3029132e+02
0	2	15	59	5.5547925e+02
0	2	15	60	7.0696069e+02
0	2	15	61	5.4980981e+02
0	2	15	62	5.4337738e+02
0	2	15	63	6.7109991e+02
1	0	0	0	-2.3130034e+02
1	0	0	1	-2.6580338e+02
1	0	0	2	-1.7244482e+02
1	0	0	3	-3.2983185e+02
1	0	0	4	-1.7304164e+02
1	0	0	5	-2.4615508e+02
1	0	0	6	-2.9380695e+02
1	0	0	7	-2.3957944e+02
1	0	0	8	-3.2040350e+02
1	0	0	9	-1.1205743e+02
1	0	0	10	-3.3803299e+02
1	0	0	11	-1.4535805e+02
1	0	0	12	-3.0115652e+02
1	0	0	13	-2.3042256e+02
1	0	0	14	-3.3921661e+02
1	0	0	15	-2.9512350e+02
1	0	0	16	-4.2617780e+02
1	0	0	17	-4.1481644e+02
1	0	0	18	-3.3525940e+02
1	0	0	19	-4.5065433e+02
1	0	0	20	-4.0726233e+02
1	0	0	21	-4.7339426e+02
1	0	0	22	-4.2024603e+02
1	0	0	23	-3.9863925e+02
1	0	0	24	-3.8234879e+02
1	0	0	25	-3.7221185e+02
1	0	0	26	-3.4733887e+02
1	0	0	27	-2.9307089e+02
1	0	0	28	-3.7211951e+02
1	0	0	29	-3.9991489e+02
1	0	0	30	-3.9987616e+02
1	0	0	31	-3.6859012e+02
1	0	0	32	-3.9326343e+02
1	0	0	33	-4.1209613e+02
1	0	0	34	2.2819208e+02
1	0	0	35	2.3259811e+02
1	0	0	36	2.8410892e+02
1	0	0	37	3.3803549e+02
1	0	0	38	3.1383273e+02
1	0	0	39	3.1926706e+02
1	0	0	40	2.7044739e+02
1	0	0	41	3.3961053e+02
1	0	0	42	4.5691647e+02
1	0	0	43	3.6662622e+02
1	0	0	44	4.2524652e+02
1	0	0	45	3.3470380e+02
1	0	0	46	3.3831625e+02
1	0	0	47	3.3701578e+02
1	0	0	48	4.4006866e+02
1	0	0	49	3.6283966e+02
1	0	0	50	3.6854471e+02
1	0	0	51	8.9728485e+02
1	0	0	52	1.0550740e+03
1	0	0	53	7.3697479e+02
1	0	0	54	6.2926465e+02
1	0	0	55	7.5463983e+02
1	0	0	56	8.0639838e+02
1	0	0	57	7.7845721e+02
1	0	0	58	5.9834039e+02
1	0	0	59	5.4263348e+02
1	0	0	60	6.6267651e+02
1	0	0	61	5.1075266e+02
1	0	0	62	5.7364612e+02
1	0	0	63	6.8099103e+02
1	0	1	0	2.4256947e+02
1	0	1	1	1.4872643e+02
1	0	1	2	9.7296333e+01
1	0	1	3	2.1664746e+02
1	0	1	4	3.2099098e+01
1	0	1	5	2.8083340e+02
1	0	1	6	1.1132557e+02
1	0	1	7	2.5204871e+02
1	0	1	8	1.5400412e+02
1	0	1	9	8.0678596e+00
1	0	1	10	1.0602239e+02
1	0	1	11	4.5243919e+01
1	0	1	12	1.0811607e+02
1	0	1	13	1.0307168e+02
1	0	1	14	4.7180134e+01
1	0	1	15	1.1491000e+02
1	0	1	16	4.6701324e+01
1	0	1	17	1.3007225e+02
1	0	1	18	1.0724629e+02
1	0	1	19	1.6132635e+02
1	0	1	20	4.4997715e+01
1	0	1	21	1.2619412e+02
1	0	1	22	6.3476063e+01
1	0	1	23	1.2358593e+02
1	0	1	24	2.8948584e+01
1	0	1	25	8.3466507e+01
1	0	1	26	1.5346001e+02
1	0	1	27	3.8329861e+01
1	0	1	28	9.1916260e+01
1	0	1	29	-3.2462097e+01
1	0	1	30	-6.7938714e+00
1	0	1	31	-1.0645071e+02
1	0	1	32	2.4508038e+01
1	0	1	33	-2.7637764e+01
1	0	1	34	6.2296545e+02
1	0	1	35	5.9752094e+02
1	0	1	36	6.5430676e+02
1	0	1	37	5.9149976e+02
1	0	1	38	6.9308868e+02
1	0	1	39	6.1928754e+02
1	0	1	40	6.7976831e+02
1	0	1	41	6.0753851e+02
1	0	1	42	7.2428735e+02
1	0	1	43	6.0280164e+02
1	0	1	44	5.6759778e+02
1	0	1	45	6.0784753e+02
1	0	1	46	5.6927069e+02
1	0	1	47	6.2201495e+02
1	0	1	48	5.2308081e+02
1	0	1	49	5.2779065e+02
1	0	1	50	6.6476392e+02
1	0	1	51	1.1394287e+03
1	0	1	52	1.2739744e+03
1	0	1	53	8.5005042e+02
1	0	1	54	9.1328607e+02
1	0	1	55	8.4559961e+02
1	0	1	56	9.5117560e+02
1	0	1	57	9.7678131e+02
1	0	1	58	1.0866542e+03
1	0	1	59	8.7403467e+02
1	0	1	60	9.0880109e+02
1	0	1	61	8.1384021e+02
1	0	1	62	9.4716913e+02
1	0	1	63	9.3051227e+02
1	0	2	0	1.6619379e+01
1	0	2	1	-3.0122221e+01
1	0	2	2	-2.3022261e+01
1	0	2	3	-1.3709617e+01
1	0	2	4	-3.3569141e+01
1	0	2	5	-3.8680607e+01
1	0	2	6	-5.1431146e+00
1	0	2	7	-3.4913567e+01
1	0	2	8	-3.8598606e+01
1	0	2	9	8.4217422e+01
1	0	2	10	-1.3553235e+02
1	0	2	11	5.5071159e+01
1	0	2	12	-1.0264462e+02
1	0	2	13	-3.3928654e+01
1	0	2	14	-8.6612671e+01
1	0	2	15	-1.6630832e+02
1	0	2	16	-2.2156425e+02
1	0	2	17	-2.1781709e+02
1	0	2	18	-1.3792506e+02
1	0	2	19	-2.3388518e+02
1	0	2	20	-1.9691968e+02
1	0	2	21	-2.3660645e+02
1	0	2	22	-1.9989265e+02
1	0	2	23	-2.4034067e+02
1	0	2	24	-2.1215887e+02
1	0	2	25	-1.3775287e+02
1	0	2	26	-2.5404095e+02
1	0	2	27	-1.7103352e+02
1	0	2	28	-2.0910994e+02
1	0	2	29	-1.8097641e+02
1	0	2	30	-2.2275757e+02
1	0	2	31	-2.6041690e+02
1	0	2	32	-2.0854480e+02
1	0	2	33	-1.7493648e+02
1	0	2	34	4.6619370e+02
1	0	2	35	4.9976236e+02
1	0	2	36	5.0463016e+02
1	0	2	37	5.6131738e+02
1	0	2	38	5.0601706e+02
1	0	2	39	5.2358740e+02
1	0	2	40	5.4884247e+02
1	0	2	41	4.7015408e+02
1	0	2	42	6.7188458e+02
1	0	2	43	4.7368549e+02
1	0	2	44	5.7307471e+02
1	0	2	45	4.9578183e+02
1	0	2	46	5.3341022e+02
1	0	2	47	5.3546814e+02
1	0	2	48	6.8042090e+02
1	0	2	49	5.6041302e+02
1	0	2	50	6.2603583e+02
1	0	2	51	1.1397906e+03
1	0	2	52	1.2014220e+03
1	0	2	53	7.1197131e+02
1	0	2	54	7.3220898e+02
1	0	2	55	9.2100134e+02
1	0	2	56	9.6736951e+02
1	0	2	57	9.4790350e+02
1	0	2	58	7.8796930e+02
1	0	2	59	7.9816559e+02
1	0	2	60	8.2896021e+02
1	0	2	61	7.3681824e+02
1	0	2	62	7.9404651e+02
1	0	2	63	9.1711017e+02
1	0	3	0	2.0223796e+02
1	0	3	1	1.9765102e+02
1	0	3	2	8.5286568e+01
1	0	3	3	1.2449968e+02
1	0	3	4	5.7371754e+01
1	0	3	5	1.5461526e+02
1	0	3	6	6.4998756e+01
1	0	3	7	1.6487679e+02
1	0	3	8	8.0095551e+01
1	0	3	9	8.1454414e+01
1	0	3	10	1.4367517e+02
1	0	3	11	-4.4982972e+00
1	0	3	12	-2.5319585e-01
1	0	3	13	6.6269211e+01
1	0	3	14	5.1747501e+01
1	0	3	15	1.0239968e+02
1	0	3	16	-8.4407318e+01
1	0	3	17	5.3592392e+01
1	0	3	18	-2.6928411e+01
1	0	3	19	1.7065556e+02
1	0	3	20	-1.2409058e+01
1	0	3	21	-4.4954121e-01
1	0	3	22	-4.8887134e+00
1	0	3	23	1.7793978e+01
1	0	3	24	-7.0303185e+01
1	0	3	25	1.0933235e+00
1	0	3	26	-1.5769638e+02
1	0	3	27	-1.7772520e+01
1	0	3	28	-2.7112606e+01
1	0	3	29	-3.2840085e+00
1	0	3	30	-1.0508750e+02
1	0	3	31	-1.3155978e+02
1	0	3	32	-1.5307768e+02
1	0	3	33	-1.1997729e+02
1	0	3	34	5.3192102e+02
1	0	3	35	5.0006985e+02
1	0	3	36	5.6243115e+02
1	0	3	37	5.0409686e+02
1	0	3	38	6.8530981e+02
1	0	3	39	6.1099115e+02
1	0	3	40	5.9996973e+02
1	0	3	41	6.3974213e+02
1	0	3	42	5.5813013e+02
1	0	3	43	4.8377930e+02
1	0	3	44	5.5290320e+02
1	0	3	45	5.1442065e+02
1	0	3	46	6.1274237e+02
1	0	3	47	5.3471466e+02
1	0	3	48	5.0439423e+02
1	0	3	49	5.2007190e+02
1	0	3	50	6.4073846e+02
1	0	3	51	1.1720754e+03
1	0	3	52	1.1711207e+03
1	0	3	53	7.4132556e+02
1	0	3	54	7.5129755e+02
1	0	3	55	8.0092426e+02
1	0	3	56	9.1798334e+02
1	0	3	57	9.4937756e+02
1	0	3	58	8.0812085e+02
1	0	3	59	7.2951392e+02
1	0	3	60	7.3589874e+02
1	0	3	61	6.7513361e+02
1	0	3	62	7.4529688e+02
1	0	3	63	6.8248602e+02
1	0	4	0	1.6005157e+02
1	0	4	1	8.6021614e+01
1	0	4	2	1.4924469e+02
1	0	4	3	1.9498509e+02
1	0	4	4	1.3063716e+02
1	0	4	5	1.9938660e+02
1	0	4	6	2.2857185e+02
1	0	4	7	8.1038254e+01
1	0	4	8	1.1295444e+02
1	0	4	9	1.6801874e+02
1	0	4	10	-5.9480629e+01
1	0	4	11	1.0920726e+02
1	0	4	12	4.8017834e+01
1	0	4	13	7.3284737e+01
1	0	4	14	2.0318097e+02
1	0	4	15	9.3689636e+01
1	0	4	16	-3.5158829e+01
1	0	4	17	-2.8592869e+01
1	0	4	18	4.0255222e+01
1	0	4	19	7.0626198e+01
1	0	4	20	2.4906071e+01
1	0	4	21	1.0213143e+01
1	0	4	22	3.5730415e+01
1	0	4	23	-4.4825653e+01
1	0	4	24	-2.8816046e+01
1	0	4	25	-4.5946045e+00
1	0	4	26	-4.9459171e+01
1	0	4	27	1.2648707e+02
1	0	4	28	3.2872051e+01
1	0	4	29	-3.6190341e+00
1	0	4	30	5.2459660e+01
1	0	4	31	5.4433048e+01
1	0	4	32	-4.8998672e+01
1	0	4	33	-4.3116440e+01
1	0	4	34	6.5193237e+02
1	0	4	35	6.5861646e+02
1	0	4	36	6.5815991e+02
1	0	4	37	6.7927502e+02
1	0	4	38	6.7933215e+02
1	0	4	39	7.3407892e+02
1	0	4	40	6.7897791e+02
1	0	4	41	6.7544354e+02
1	0	4	42	7.6377277e+02
1	0	4	43	8.1470282e+02
1	0	4	44	4.2232254e+02
1	0	4	45	6.3466333e+02
1	0	4	46	7.6130713e+02
1	0	4	47	6.6862488e+02
1	0	4	48	7.1861768e+02
1	0	4	49	7.4551587e+02
1	0	4	50	7.3178253e+02
1	0	4	51	1.3048457e+03
1	0	4	52	1.4009978e+03
1	0	4	53	1.0434990e+03
1	0	4	54	9.4418994e+02
1	0	4	55	1.1366045e+03
1	0	4	56	1.2387905e+03
1	0	4	57	1.2638594e+03
1	0	4	58	1.0691099e+03
1	0	4	59	1.0976205e+03
1	0	4	60	9.9463165e+02
1	0	4	61	1.0533558e+03
1	0	4	62	9.3353540e+02
1	0	4	63	1.0482675e+03
1	0	5	0	1.9035371e+02
1	0	5	1	1.4516016e+02
1	0	5	2	1.1699776e+02
1	0	5	3	1.2379925e+02
1	0	5	4	2.2632206e+01
1	0	5	5	2.1497916e+02
1	0	5	6	1.5451115e+02
1	0	5	7	1.5172548e+02
1	0	5	8	2.3184862e+02
1	0	5	9	7.0675529e+01
1	0	5	10	1.7563335e+02
1	0	5	11	3.6225807e+01
1	0	5	12	2.6419746e+01
1	0	5	13	9.3070091e+01
1	0	5	14	-2.2083447e+01
1	0	5	15	2.1257654e+02
1	0	5	16	3.4174107e+01
1	0	5	17	7.7471108e+00
1	0	5	18	-2.2066658e+01
1	0	5	19	3.4057892e+01
1	0	5	20	-9.3321892e+01
1	0	5	21	2.1394474e+01
1	0	5	22	1.0100384e+01
1	0	5	23	7.0787537e+01
1	0	5	24	1.0601723e+02
1	0	5	25	-1.5512992e+01
1	0	5	26	-1.1207403e+02
1	0	5	27	-5.0488049e+01
1	0	5	28	-3.6331108e+01
1	0	5	29	-1.6914240e+01
1	0	5	30	-1.0651474e+02
1	0	5	31	-8.6262650e+01
1	0	5	32	7.1033654e+00
1	0	5	33	-1.3196794e+02
1	0	5	34	6.5692261e+02
1	0	5	35	6.6071991e+02
1	0	5	36	5.7792175e+02
1	0	5	37	5.7970532e+02
1	0	5	38	6.4471332e+02
1	0	5	39	6.1620868e+02
1	0	5	40	6.3929675e+02
1	0	5	41	5.8664069e+02
1	0	5	42	6.1480768e+02
1	0	5	43	5.1153384e+02
1	0	5	44	6.2477142e+02
1	0	5	45	5.4025818e+02
1	0	5	46	5.4935437e+02
1	0	5	47	6.2116608e+02
1	0	5	48	4.9057196e+02
1	0	5	49	5.5290076e+02
1	0	5	50	7.1268457e+02
1	0	5	51	1.1447993e+03
1	0	5	52	1.2004639e+03
1	0	5	53	9.4465302e+02
1	0	5	54	8.1887463e+02
1	0	5	55	8.5609210e+02
1	0	5	56	1.0018860e+03
1	0	5	57	1.0168771e+03
1	0	5	58	8.8212274e+02
1	0	5	59	8.2433240e+02
1	0	5	60	8.4956024e+02
1	0	5	61	6.9458679e+02
1	0	5	62	8.9607758e+02
1	0	5	63	9.0995135e+02
1	0	6	0	1.9815120e+02
1	0	6	1	2.2024171e+02
1	0	6	2	3.5601044e+02
1	0	6	3	1.9062225e+02
1	0	6	4	2.1125592e+02
1	0	6	5	1.6793732e+02
1	0	6	6	1.4211279e+02
1	0	6	7	1.9564613e+02
1	0	6	8	1.5462259e+02
1	0	6	9	3.0966714e+02
1	0	6	10	1.7314301e+02
1	0	6	11	2.7661020e+02
1	0	6	12	8.8294365e+01
1	0	6	13	1.5504282e+02
1	0	6	14	1.5352026e+02
1	0	6	15	2.3515094e+02
1	0	6	16	9.7729378e+01
1	0	6	17	6.8916534e+01
1	0	6	18	1.2020825e+02
1	0	6	19	4.4891487e+01
1	0	6	20	1.5671544e+02
1	0	6	21	9.7517906e+01
1	0	6	22	5.1536526e+01
1	0	6	23	1.0392745e+02
1	0	6	24	1.0659865e+02
1	0	6	25	1.2940051e+02
1	0	6	26	9.3883873e+01
1	0	6	27	1.1196015e+02
1	0	6	28	7.2542702e+01
1	0	6	29	9.5234238e+01
1	0	6	30	6.2750481e+01
1	0	6	31	4.3003893e+00
1	0	6	32	-1.1256056e+00
1	0	6	33	4.5961472e+01
1	0	6	34	7.8085864e+02
1	0	6	35	8.3454169e+02
1	0	6	36	8.5669745e+02
1	0	6	37	8.0820959e+02
1	0	6	38	8.6310608e+02
1	0	6	39	8.1615228e+02
1	0	6	40	7.3704602e+02
1	0	6	41	7.7799677e+02
1	0	6	42	8.4072223e+02
1	0	6	43	8.9367090e+02
1	0	6	44	9.6425671e+02
1	0	6	45	7.9276428e+02
1	0	6	46	9.4317535e+02
1	0	6	47	7.8566425e+02
1	0	6	48	8.8822845e+02
1	0	6	49	8.3467029e+02
1	0	6	50	9.2728857e+02
1	0	6	51	1.3944568e+03
1	0	6	52	1.4205044e+03
1	0	6	53	1.0501680e+03
1	0	6	54	1.0603887e+03
1	0	6	55	1.1734238e+03
1	0	6	56	1.2935039e+03
1	0	6	57	1.2789150e+03
1	0	6	58	1.1604072e+03
1	0	6	59	1.1027555e+03
1	0	6	60	1.0577239e+03
1	0	6	61	9.1168134e+02
1	0	6	62	9.9091766e+02
1	0	6	63	1.0393005e+03
1	0	7	0	3.8191779e+02
1	0	7	1	3.0149399e+02
1	0	7	2	2.6005133e+02
1	0	7	3	3.3489365e+02
1	0	7	4	2.7545197e+02
1	0	7	5	3.8175711e+02
1	0	7	6	3.3450699e+02
1	0	7	7	4.2447232e+02
1	0	7	8	2.7376831e+02
1	0	7	9	2.8474002e+02
1	0	7	10	2.5186517e+02
1	0	7	11	2.9373059e+02
1	0	7	12	1.9895082e+02
1	0	7	13	2.8508456e+02
1	0	7	14	1.9225989e+02
1	0	7	15	2.2964340e+02
1	0	7	16	2.1057721e+02
1	0	7	17	1.8892351e+02
1	0	7	18	2.1012131e+02
1	0	7	19	2.3326991e+02
1	0	7	20	1.4915796e+02
1	0	7	21	1.5141347e+02
1	0	7	22	2.4781572e+02
1	0	7	23	2.1333015e+02
1	0	7	24	2.1998685e+02
1	0	7	25	1.3126529e+02
1	0	7	26	1.3917125e+02
1	0	7	27	1.4638150e+02
1	0	7	28	1.8898236e+02
1	0	7	29	9.7669563e+01
1	0	7	30	1.6083202e+02
1	0	7	31	1.3339983e+02
1	0	7	32	6.7347961e+01
1	0	7	33	1.4951242e+02
1	0	7	34	7.8669836e+02
1	0	7	35	7.6597644e+02
1	0	7	36	8.3057391e+02
1	0	7	37	-6.2185933e+03
1	0	7	38	8.7146881e+02
1	0	7	39	8.0314679e+02
1	0	7	40	7.9058771e+02
1	0	7	41	7.4147992e+02
1	0	7	42	8.1595282e+02
1	0	7	43	7.4008228e+02
1	0	7	44	8.2976239e+02
1	0	7	45	7.3954535e+02
1	0	7	46	6.8990973e+02
1	0	7	47	7.2738745e+02
1	0	7	48	7.2767029e+02
1	0	7	49	7.0787671e+02
1	0	7	50	7.1489246e+02
1	0	7	51	1.3002634e+03
1	0	7	52	1.2656935e+03
1	0	7	53	9.9758295e+02
1	0	7	54	1.0578682e+03
1	0	7	55	-6.2185933e+03
1	0	7	56	1.1432697e+03
1	0	7	57	1.1845383e+03
1	0	7	58	1.1298639e+03
1	0	7	59	1.0562004e+03
1	0	7	60	1.1486025e+03
1	0	7	61	1.0410869e+03
1	0	7	62	1.0503468e+03
1	0	7	63	1.0375435e+03
1	0	8	0	3.4416711e+02
1	0	8	1	3.8441241e+02
1	0	8	2	2.6061862e+02
1	0	8	3	2.0999002e+02
1	0	8	4	2.3289565e+02
1	0	8	5	2.3650906e+02
1	0	8	6	1.9610963e+02
1	0	8	7	2.1371204e+02
1	0	8	8	2.0110275e+02
1	0	8	9	3.0422321e+02
1	0	8	10	6.4139732e+01
1	0	8	11	4.5192145e+02
1	0	8	12	2.6974652e+02
1	0	8	13	2.5047925e+02
1	0	8	14	1.6810768e+02
1	0	8	15	1.6800497e+02
1	0	8	16	1.0004713e+02
1	0	8	17	1.1990656e+02
1	0	8	18	4.3846729e+01
1	0	8	19	8.4653030e+01
1	0	8	20	1.1487729e+02
1	0	8	21	4.7155773e+01
1	0	8	22	1.7122668e+02
1	0	8	23	3.3070370e+02
1	0	8	24	6.8714554e+01
1	0	8	25	9.5438370e+01
1	0	8	26	9.5091599e+01
1	0	8	27	7.8846359e+01
1	0	8	28	6.2457081e+01
1	0	8	29	2.0205397e+01
1	0	8	30	1.1897491e+02
1	0	8	31	2.3958336e+02
1	0	8	32	5.8162125e+01
1	0	8	33	8.4850235e+01
1	0	8	34	7.0114960e+02
1	0	8	35	7.9849213e+02
1	0	8	36	7.6684113e+02
1	0	8	37	9.1781909e+02
1	0	8	38	8.3246942e+02
1	0	8	39	8.3342609e+02
1	0	8	40	8.4069043e+02
1	0	8	41	7.7474579e+02
1	0	8	42	8.4458539e+02
1	0	8	43	7.8962360e+02
1	0	8	44	8.9214685e+02
1	0	8	45	8.3856519e+02
1	0	8	46	8.0849878e+02
1	0	8	47	8.1300983e+02
1	0	8	48	1.0172244e+03
1	0	8	49	8.2580566e+02
1	0	8	50	8.7737567e+02
1	0	8	51	1.5964276e+03
1	0	8	52	1.5103949e+03
1	0	8	53	9.8323596e+02
1	0	8	54	1.0214901e+03
1	0	8	55	1.1849020e+03
1	0	8	56	1.3342411e+03
1	0	8	57	1.3241222e+03
1	0	8	58	1.1530691e+03
1	0	8	59	1.0555868e+03
1	0	8	60	1.1923702e+03
1	0	8	61	1.1888101e+03
1	0	8	62	1.1398866e+03
1	0	8	63	1.1248804e+03
1	0	9	0	5.1573816e+02
1	0	9	1	3.2143637e+02
1	0	9	2	4.1870050e+02
1	0	9	3	4.2321652e+02
1	0	9	4	2.8250504e+02
1	0	9	5	6.0749182e+02
1	0	9	6	3.6130835e+02
1	0	9	7	3.8731845e+02
1	0	9	8	4.9812216e+02
1	0	9	9	3.0792499e+02
1	0	9	10	4.4746014e+02
1	0	9	11	2.8690167e+02
1	0	9	12	2.7902390e+02
1	0	9	13	4.0663165e+02
1	0	9	14	2.5722922e+02
1	0	9	15	3.5703638e+02
1	0	9	16	3.0083679e+02
1	0	9	17	2.6555325e+02
1	0	9	18	2.6088116e+02
1	0	9	19	2.4579211e+02
1	0	9	20	2.4025879e+02
1	0	9	21	1.9535066e+02
1	0	9	22	3.4750156e+02
1	0	9	23	3.1762094e+02
1	0	9	24	1.5460431e+02
1	0	9	25	3.2819751e+02
1	0	9	26	1.4471338e+02
1	0	9	27	2.2132329e+02
1	0	9	28	1.2859946e+02
1	0	9	29	1.5011000e+02
1	0	9	30	1.8123903e+02
1	0	9	31	1.1010732e+02
1	0	9	32	1.5216161e+02
1	0	9	33	1.3467885e+02
1	0	9	34	9.2895660e+02
1	0	9	35	8.3589526e+02
1	0	9	36	9.5104230e+02
1	0	9	37	8.9225079e+02
1	0	9	38	1.0005272e+03
1	0	9	39	8.0754779e+02
1	0	9	40	9.6602209e+02
1	0	9	41	8.2933783e+02
1	0	9	42	9.0977960e+02
1	0	9	43	9.4184308e+02
1	0	9	44	8.9638391e+02
1	0	9	45	8.2263098e+02
1	0	9	46	9.3683484e+02
1	0	9	47	8.6756653e+02
1	0	9	48	8.4440326e+02
1	0	9	49	7.7435089e+02
1	0	9	50	9.6450641e+02
1	0	9	51	1.3088613e+03
1	0	9	52	1.5077473e+03
1	0	9	53	1.0509286e+03
1	0	9	54	1.0968478e+03
1	0	9	55	1.0416150e+03
1	0	9	56	1.2188146e+03
1	0	9	57	1.2373413e+03
1	0	9	58	1.1975624e+03
1	0	9	59	1.0740839e+03
1	0	9	60	1.0290432e+03
1	0	9	61	1.0082607e+03
1	0	9	62	1.1314771e+03
1	0	9	63	1.2510988e+03
1	0	10	0	1.5019017e+02
1	0	10	1	6.0281849e+01
1	0	10	2	2.1917239e+02
1	0	10	3	1.6871936e+02
1	0	10	4	1.2883774e+02
1	0	10	5	1.4861479e+02
1	0	10	6	1.8025401e+02
1	0	10	7	1.5015303e+02
1	0	10	8	-1.3404305e+02
1	0	10	9	2.0752251e+02
1	0	10	10	2.1580669e+01
1	0	10	11	2.3424031e+02
1	0	10	12	1.1148974e+02
1	0	10	13	1.7306364e+02
1	0	10	14	5.9667065e+01
1	0	10	15	2.0706522e+02
1	0	10	16	-7.6352516e+01
1	0	10	17	-7.5250908e+01
1	0	10	18	2.0711376e+01
1	0	10	19	1.8369030e+01
1	0	10	20	3.8650539e+01
1	0	10	21	2.7794647e+01
1	0	10	22	2.5726166e+01
1	0	10	23	-2.9685299e+01
1	0	10	24	1.5376401e+01
1	0	10	25	-3.7122429e+01
1	0	10	26	2.5918711e+01
1	0	10	27	9.0173622e+01
1	0	10	28	6.9005157e+01
1	0	10	29	3.5601868e+01
1	0	10	30	1.7796387e+01
1	0	10	31	2.3828722e+01
1	0	10	32	2.0656633e+00
1	0	10	33	-7.8195412e+01
1	0	10	34	6.6004822e+02
1	0	10	35	7.1567145e+02
1	0	10	36	7.3477985e+02
1	0	10	37	7.7335162e+02
1	0	10	38	7.2476727e+02
1	0	10	39	6.8611633e+02
1	0	10	40	7.0516296e+02
1	0	10	41	7.0994623e+02
1	0	10	42	8.6320801e+02
1	0	10	43	8.1638513e+02
1	0	10	44	8.9077026e+02
1	0	10	45	7.4216028e+02
1	0	10	46	7.3884406e+02
1	0	10	47	7.5011627e+02
1	0	10	48	7.6446436e+02
1	0	10	49	8.1658466e+02
1	0	10	50	7.3803522e+02
1	0	10	51	1.4025045e+03
1	0	10	52	1.4154229e+03
1	0	10	53	-2.9246899e+02
1	0	10	54	7.1172107e+02
1	0	10	55	1.1148345e+03
1	0	10	56	1.2404243e+03
1	0	10	57	1.1491191e+03
1	0	10	58	1.0821432e+03
1	0	10	59	9.5459869e+02
1	0	10	60	1.0877141e+03
1	0	10	61	9.6787164e+02
1	0	10	62	9.5847406e+02
1	0	10	63	1.0691420e+03
1	0	11	0	3.1096786e+02
1	0	11	1	2.6293857e+02
1	0	11	2	1.8033319e+02
1	0	11	3	2.7799829e+02
1	0	11	4	2.0230835e+02
1	0	11	5	2.5881772e+02
1	0	11	6	1.9964348e+02
1	0	11	7	3.1071631e+02
1	0	11	8	2.4505949e+02
1	0	11	9	2.8103467e+02
1	0	11	10	2.7163263e+02
1	0	11	11	2.0235019e+02
1	0	11	12	1.2804253e+02
1	0	11	13	3.0067645e+02
1	0	11	14	1.2008998e+02
1	0	11	15	2.7015176e+02
1	0	11	16	1.4150464e+02
1	0	11	17	1.9731906e+02
1	0	11	18	1.6532718e+02
1	0	11	19	1.8848586e+02
1	0	11	20	1.5008658e+02
1	0	11	21	1.4335806e+02
1	0	11	22	1.9796790e+02
1	0	11	23	1.8526204e+02
1	0	11	24	5.0932003e+01
1	0	11	25	1.3685266e+02
1	0	11	26	7.6399643e+01
1	0	11	27	1.2721118e+02
1	0	11	28	1.6882486e+02
1	0	11	29	5.7869698e+01
1	0	11	30	9.4799644e+01
1	0	11	31	9.9878563e+01
1	0	11	32	1.0901460e+02
1	0	11	33	6.7494217e+01
1	0	11	34	7.4479755e+02
1	0	11	35	7.3490625e+02
1	0	11	36	7.7383447e+02
1	0	11	37	8.0839490e+02
1	0	11	38	8.2300323e+02
1	0	11	39	7.7532269e+02
1	0	11	40	-5.7328633e+03
1	0	11	41	7.3606061e+02
1	0	11	42	7.7731116e+02
1	0	11	43	7.8223322e+02
1	0	11	44	7.6409296e+02
1	0	11	45	7.8122937e+02
1	0	11	46	8.2767578e+02
1	0	11	47	7.0278845e+02
1	0	11	48	7.2134424e+02
1	0	11	49	7.3632196e+02
1	0	11	50	8.8932056e+02
1	0	11	51	1.2881710e+03
1	0	11	52	1.3293828e+03
1	0	11	53	9.5017517e+02
1	0	11	54	1.0310090e+03
1	0	11	55	9.9998315e+02
1	0	11	56	1.0953790e+03
1	0	11	57	1.1577345e+03
1	0	11	58	1.0463088e+03
1	0	11	59	1.0691428e+03
1	0	11	60	9.4835339e+02
1	0	11	61	9.7353467e+02
1	0	11	62	9.8936133e+02
1	0	11	63	1.0029750e+03
1	0	12	0	5.0862923e+01
1	0	12	1	-7.0472084e+01
1	0	12	2	-3.1950947e+01
1	0	12	3	-1.5205156e+02
1	0	12	4	-6.2185933e+03
1	0	12	5	-7.2027519e+01
1	0	12	6	-6.2185933e+03
1	0	12	7	2.9770298e+01
1	0	12	8	-1.3793513e+02
1	0	12	9	-1.4773730e+00
1	0	12	10	-2.4858409e+02
1	0	12	11	-5.9278713e+01
1	0	12	12	-1.3844403e+02
1	0	12	13	-6.3298882e+01
1	0	12	14	-1.2122946e+02
1	0	12	15	-1.2435414e+02
1	0	12	16	-2.1252130e+02
1	0	12	17	-1.9317572e+02
1	0	12	18	-2.1771487e+02
1	0	12	19	-2.5587106e+02
1	0	12	20	-2.1954791e+02
1	0	12	21	-2.2014113e+02
1	0	12	22	-2.2846332e+02
1	0	12	23	-1.6924423e+02
1	0	12	24	-1.3635725e+02
1	0	12	25	-1.7634332e+02
1	0	12	26	-1.8817224e+02
1	0	12	27	-6.2185933e+03
1	0	12	28	-9.8369690e+01
1	0	12	29	-2.3737860e+02
1	0	12	30	-1.7271735e+02
1	0	12	31	-1.2163161e+02
1	0	12	32	-2.4216693e+02
1	0	12	33	-8.3146080e+01
1	0	12	34	4.1637515e+02
1	0	12	35	5.4737061e+02
1	0	12	36	4.7211560e+02
1	0	12	37	5.4165210e+02
1	0	12	38	5.1071683e+02
1	0	12	39	5.8088574e+02
1	0	12	40	4.6997446e+02
1	0	12	41	4.9549866e+02
1	0	12	42	5.0432315e+02
1	0	12	43	5.6871802e+02
1	0	12	44	6.4115338e+02
1	0	12	45	4.9281860e+02
1	0	12	46	6.3191815e+02
1	0	12	47	5.3242609e+02
1	0	12	48	5.1663293e+02
1	0	12	49	5.1862152e+02
1	0	12	50	5.1319983e+02
1	0	12	51	1.2155192e+03
1	0	12	52	1.1460526e+03
1	0	12	53	7.7505823e+02
1	0	12	54	8.2390887e+02
1	0	12	55	8.8405707e+02
1	0	12	56	9.7414948e+02
1	0	12	57	8.8255096e+02
1	0	12	58	8.4397156e+02
1	0	12	59	7.4974640e+02
1	0	12	60	9.0069409e+02
1	0	12	61	8.5484003e+02
1	0	12	62	7.9270123e+02
1	0	12	63	9.3806146e+02
1	0	13	0	1.9241216e+02
1	0	13	1	1.0125433e+02
1	0	13	2	-1.4075177e+01
1	0	13	3	1.2740974e+02
1	0	13	4	9.1455528e+01
1	0	13	5	1.5065808e+02
1	0	13	6	9.2987167e+01
1	0	13	7	1.1787518e+02
1	0	13	8	6.0191639e+01
1	0	13	9	3.6040798e+01
1	0	13	10	1.0343063e+02
1	0	13	11	-3.6303341e+01
1	0	13	12	6.1587133e+00
1	0	13	13	4.2074722e+01
1	0	13	14	1.4485492e+01
1	0	13	15	-2.8579350e+01
1	0	13	16	-4.1042530e+01
1	0	13	17	-8.7718491e+01
1	0	13	18	-1.9350818e+02
1	0	13	19	-1.3322199e+01
1	0	13	20	-1.1895348e+02
1	0	13	21	-1.3814575e+02
1	0	13	22	-9.4245796e+01
1	0	13	23	-2.4579161e+01
1	0	13	24	-7.9779976e+01
1	0	13	25	-5.5594574e+01
1	0	13	26	-1.3274622e+02
1	0	13	27	-1.0975003e+02
1	0	13	28	-1.4168430e+02
1	0	13	29	-1.1078880e+02
1	0	13	30	-8.0187149e+01
1	0	13	31	-1.3560480e+02
1	0	13	32	-1.7015953e+02
1	0	13	33	-2.0262628e+02
1	0	13	34	5.1289062e+02
1	0	13	35	4.8749426e+02
1	0	13	36	4.9156229e+02
1	0	13	37	4.8844009e+02
1	0	13	38	5.9502191e+02
1	0	13	39	5.3398480e+02
1	0	13	40	5.2174866e+02
1	0	13	41	4.3675305e+02
1	0	13	42	5.7007458e+02
1	0	13	43	4.2981284e+02
1	0	13	44	4.7440097e+02
1	0	13	45	4.4311285e+02
1	0	13	46	5.5468750e+02
1	0	13	47	5.7172644e+02
1	0	13	48	5.7172668e+02
1	0	13	49	4.5002643e+02
1	0	13	50	5.7484131e+02
1	0	13	51	1.0928700e+03
1	0	13	52	1.1384443e+03
1	0	13	53	8.1234143e+02
1	0	13	54	7.5644379e+02
1	0	13	55	7.5508765e+02
1	0	13	56	9.3829407e+02
1	0	13	57	9.1998993e+02
1	0	13	58	8.0936444e+02
1	0	13	59	7.4330121e+02
1	0	13	60	7.4730701e+02
1	0	13	61	7.9301025e+02
1	0	13	62	8.4416888e+02
1	0	13	63	7.0413318e+02
1	0	14	0	-2.5581615e+02
1	0	14	1	-2.1875616e+02
1	0	14	2	-1.5133846e+02
1	0	14	3	-2.5888626e+02
1	0	14	4	-2.4823871e+02
1	0	14	5	-2.3495189e+02
1	0	14	6	-2.3538327e+02
1	0	14	7	-2.4629916e+02
1	0	14	8	-2.4905000e+02
1	0	14	9	-1.4447841e+02
1	0	14	10	-3.2523157e+02
1	0	14	11	-2.0187093e+02
1	0	14	12	-3.3670688e+02
1	0	14	13	-3.1525284e+02
1	0	14	14	-3.6908337e+02
1	0	14	15	-2.8082700e+02
1	0	14	16	-4.6759000e+02
1	0	14	17	-4.7066571e+02
1	0	14	18	-4.2829532e+02
1	0	14	19	-4.2529068e+02
1	0	14	20	-4.6315433e+02
1	0	14	21	-4.0940591e+02
1	0	14	22	-4.1776288e+02
1	0	14	23	-3.5403598e+02
1	0	14	24	-4.5650806e+02
1	0	14	25	-3.4129285e+02
1	0	14	26	-5.2354047e+02
1	0	14	27	-3.4118018e+02
1	0	14	28	-3.6828860e+02
1	0	14	29	-4.1398010e+02
1	0	14	30	-3.8645984e+02
1	0	14	31	-3.8949243e+02
1	0	14	32	-4.2934882e+02
1	0	14	33	-4.2679456e+02
1	0	14	34	2.3368571e+02
1	0	14	35	2.7867551e+02
1	0	14	36	2.7195667e+02
1	0	14	37	3.6740186e+02
1	0	14	38	2.4715483e+02
1	0	14	39	4.3096619e+02
1	0	14	40	3.5626004e+02
1	0	14	41	2.8487296e+02
1	0	14	42	4.2714926e+02
1	0	14	43	4.0776752e+02
1	0	14	44	5.2280072e+02
1	0	14	45	4.0641888e+02
1	0	14	46	4.8738342e+02
1	0	14	47	3.7753903e+02
1	0	14	48	4.8256235e+02
1	0	14	49	3.3418625e+02
1	0	14	50	4.5341052e+02
1	0	14	51	1.0033081e+03
1	0	14	52	9.3570618e+02
1	0	14	53	6.6925171e+02
1	0	14	54	6.6660565e+02
1	0	14	55	7.3557434e+02
1	0	14	56	8.9720880e+02
1	0	14	57	8.1355859e+02
1	0	14	58	6.7796448e+02
1	0	14	59	6.9006299e+02
1	0	14	60	7.2804675e+02
1	0	14	61	4.3064261e+02
1	0	14	62	5.7689349e+02
1	0	14	63	6.5887756e+02
1	0	15	0	9.8375389e+01
1	0	15	1	7.8532082e+01
1	0	15	2	-5.2748760e+01
1	0	15	3	3.2924603e+01
1	0	15	4	-1.2042850e+02
1	0	15	5	4.2881920e+01
1	0	15	6	4.7695690e+01
1	0	15	7	1.7210570e+02
1	0	15	8	-2.7702570e+01
1	0	15	9	-5.6926407e+01
1	0	15	10	2.1093853e+00
1	0	15	11	2.3109572e+00
1	0	15	12	-2.3713282e+01
1	0	15	13	-6.3664383e-01
1	0	15	14	-2.3097471e+01
1	0	15	15	3.9831242e+01
1	0	15	16	-9.4650307e+01
1	0	15	17	-4.9824848e+01
1	0	15	18	-1.0243540e+02
1	0	15	19	-8.3030342e+01
1	0	15	20	-1.5469048e+02
1	0	15	21	-4.4924286e+01
1	0	15	22	-5.7273647e+01
1	0	15	23	-6.0266678e+01
1	0	15	24	-5.3895138e+01
1	0	15	25	-8.9274933e+01
1	0	15	26	-1.5285071e+02
1	0	15	27	-2.1484409e+02
1	0	15	28	-7.8559784e+01
1	0	15	29	-1.0563630e+02
1	0	15	30	-1.5538185e+02
1	0	15	31	-2.0841162e+02
1	0	15	32	-2.1766878e+02
1	0	15	33	-2.6659708e+02
1	0	15	34	4.3492612e+02
1	0	15	35	3.8480429e+02
1	0	15	36	5.3028674e+02
1	0	15	37	4.3844855e+02
1	0	15	38	5.6341833e+02
1	0	15	39	4.8875580e+02
1	0	15	40	5.3926654e+02
1	0	15	41	4.0831326e+02
1	0	15	42	4.8698544e+02
1	0	15	43	4.0018546e+02
1	0	15	44	4.6540161e+02
1	0	15	45	3.8338931e+02
1	0	15	46	4.8866852e+02
1	0	15	47	4.4108594e+02
1	0	15	48	4.1645490e+02
1	0	15	49	3.9233380e+02
1	0	15	50	5.0674011e+02
1	0	15	51	9.7153320e+02
1	0	15	52	1.0291984e+03
1	0	15	53	6.6212854e+02
1	0	15	54	7.3624445e+02
1	0	15	55	6.8772186e+02
1	0	15	56	8.1944482e+02
1	0	15	57	8.1993634e+02
1	0	15	58	8.0542542e+02
1	0	15	59	6.5658429e+02
1	0	15	60	6.2974634e+02
1	0	15	61	6.3969934e+02
1	0	15	62	6.9889819e+02
1	0	15	63	7.2522894e+02
1	1	0	0	-3.4825476e+02
1	1	0	1	-5.2263165e+02
1	1	0	2	-4.6479080e+02
1	1	0	3	-4.5152695e+02
1	1	0	4	-6.4505286e+02
1	1	0	5	-5.0190936e+02
1	1	0	6	-6.1364575e+02
1	1	0	7	-4.2080185e+02
1	1	0	8	-4.6162708e+02
1	1	0	9	-5.1647028e+02
1	1	0	10	-5.6917175e+02
1	1	0	11	-6.0411285e+02
1	1	0	12	-5.1585211e+02
1	1	0	13	-5.3283063e+02
1	1	0	14	-4.7839810e+02
1	1	0	15	-5.3650647e+02
1	1	0	16	-6.3703668e+02
1	1	0	17	-7.5537067e+02
1	1	0	18	-5.8278375e+02
1	1	0	19	-6.5533856e+02
1	1	0	20	-6.0908765e+02
1	1	0	21	-6.4448840e+02
1	1	0	22	-6.4788434e+02
1	1	0	23	-6.5376654e+02
1	1	0	24	-7.2711743e+02
1	1	0	25	-6.4822675e+02
1	1	0	26	-7.3295142e+02
1	1	0	27	-8.5352148e+02
1	1	0	28	-7.0038025e+02
1	1	0	29	-7.7652423e+02
1	1	0	30	-7.1213867e+02
1	1	0	31	-7.1084949e+02
1	1	0	32	-8.1354712e+02
1	1	0	33	-8.4143335e+02
1	1	0	34	-1.1155774e+02
1	1	0	35	-1.4373788e+02
1	1	0	36	-8.8532852e+01
1	1	0	37	-1.3507970e+02
1	1	0	38	-5.8037827e+01
1	1	0	39	-9.8049461e+01
1	1	0	40	-1.1670158e+02
1	1	0	41	-1.4453477e+02
1	1	0	42	-7.9892334e+01
1	1	0	43	-7.7403618e+01
1	1	0	44	-1.3818495e+02
1	1	0	45	-9.8273613e+01
1	1	0	46	-2.1649020e+02
1	1	0	47	-1.6863896e+02
1	1	0	48	-1.8596426e+02
1	1	0	49	-2.2752026e+02
1	1	0	50	-1.2965134e+02
1	1	0	51	4.2683389e+02
1	1	0	52	4.1445627e+02
1	1	0	53	7.0412056e+01
1	1	0	54	1.8524804e+00
1	1	0	55	3.2235493e+01
1	1	0	56	2.2071399e+02
1	1	0	57	2.6133859e+02
1	1	0	58	1.9532106e+02
1	1	0	59	7.8400475e+01
1	1	0	60	1.3273700e+02
1	1	0	61	1.3076083e+02
1	1	0	62	1.5588232e+02
1	1	0	63	1.0343155e+02
1	1	1	0	-6.6348749e+02
1	1	1	1	-7.1381409e+02
1	1	1	2	-5.5477563e+02
1	1	1	3	-7.1268622e+02
1	1	1	4	-6.0596881e+02
1	1	1	5	-6.3561206e+02
1	1	1	6	-5.9882831e+02
1	1	1	7	-6.8110181e+02
1	1	1	8	-6.6197852e+02
1	1	1	9	-5.3287708e+02
1	1	1	10	-7.0847235e+02
1	1	1	11	-5.8815979e+02
1	1	1	12	-6.9339984e+02
1	1	1	13	-6.6353107e+02
1	1	1	14	-6.9401514e+02
1	1	1	15	-6.2210144e+02
1	1	1	16	-8.8223755e+02
1	1	1	17	-7.5429944e+02
1	1	1	18	-6.9984369e+02
1	1	1	19	-7.6869751e+02
1	1	1	20	-8.0761749e+02
1	1	1	21	-7.3430768e+02
1	1	1	22	-6.9400049e+02
1	1	1	23	-7.9466461e+02
1	1	1	24	-8.3808099e+02
1	1	1	25	-6.6549994e+02
1	1	1	26	-7.4760352e+02
1	1	1	27	-7.0343323e+02
1	1	1	28	-7.3858685e+02
1	1	1	29	-7.6391180e+02
1	1	1	30	-7.0564087e+02
1	1	1	31	-8.2034485e+02
1	1	1	32	-7.6282855e+02
1	1	1	33	-7.1781653e+02
1	1	1	34	-1.3279933e+01
1	1	1	35	-3.9575928e+01
1	1	1	36	4.9224075e+01
1	1	1	37	1.4701108e+02
1	1	1	38	4.1056266e+00
1	1	1	39	4.7036297e+01
1	1	1	40	1.9133611e+02
1	1	1	41	5.8393211e+01
1	1	1	42	1.2204478e+02
1	1	1	43	4.6640005e+00
1	1	1	44	1.7281630e+02
1	1	1	45	6.1823219e+01
1	1	1	46	8.2956253e+01
1	1	1	47	7.7591080e+01
1	1	1	48	1.9744029e+02
1	1	1	49	8.2104240e+01
1	1	1	50	1.2980495e+02
1	1	1	51	6.9637140e+02
1	1	1	52	7.7108179e+02
1	1	1	53	4.1924298e+02
1	1	1	54	4.1825211e+02
1	1	1	55	3.3828177e+02
1	1	1	56	5.8208142e+02
1	1	1	57	5.2192804e+02
1	1	1	58	3.6653589e+02
1	1	1	59	3.5754672e+02
1	1	1	60	4.9534665e+02
1	1	1	61	3.0757068e+02
1	1	1	62	1.8666547e+02
1	1	1	63	4.0422342e+02
1	1	2	0	-9.7944025e+02
1	1	2	1	-1.1019368e+03
1	1	2	2	-1.0179721e+03
1	1	2	3	-1.0347925e+03
1	1	2	4	-1.2774397e+03
1	1	2	5	-1.1710635e+03
1	1	2	6	-1.2652433e+03
1	1	2	7	-1.0078125e+03
1	1	2	8	-1.0420105e+03
1	1	2	9	-1.1382634e+03
1	1	2	10	-1.2289154e+03
1	1	2	11	-1.2842240e+03
1	1	2	12	-1.1836897e+03
1	1	2	13	-1.2190493e+03
1	1	2	14	-1.0615161e+03
1	1	2	15	-9.6190186e+02
1	1	2	16	-1.1830171e+03
1	1	2	17	-1.3570326e+03
1	1	2	18	-1.1302965e+03
1	1	2	19	-1.2785326e+03
1	1	2	20	-1.2016735e+03
1	1	2	21	-1.1785441e+03
1	1	2	22	-1.2385201e+03
1	1	2	23	-1.2459615e+03
1	1	2	24	-1.2710121e+03
1	1	2	25	-1.3764132e+03
1	1	2	26	-1.3492056e+03
1	1	2	27	-1.4612795e+03
1	1	2	28	-1.3301451e+03
1	1	2	29	-1.4805170e+03
1	1	2	30	-1.3731165e+03
1	1	2	31	-1.4509070e+03
1	1	2	32	-1.4302499e+03
1	1	2	33	-1.3901094e+03
1	1	2	34	-8.4740753e+02
1	1	2	35	-8.3299432e+02
1	1	2	36	-7.9976111e+02
1	1	2	37	-8.8652423e+02
1	1	2	38	-7.5069171e+02
1	1	2	39	-8.9893707e+02
1	1	2	40	-7.6794843e+02
1	1	2	41	-9.1301764e+02
1	1	2	42	-9.0859247e+02
1	1	2	43	-8.8255334e+02
1	1	2	44	-1.0154142e+03
1	1	2	45	-9.1751642e+02
1	1	2	46	-1.0405846e+03
1	1	2	47	-9.5060217e+02
1	1	2	48	-1.0823173e+03
1	1	2	49	-1.1237085e+03
1	1	2	50	-7.7807550e+02
1	1	2	51	-3.4999655e+02
1	1	2	52	-3.6755960e+02
1	1	2	53	-7.3562128e+02
1	1	2	54	-7.1244519e+02
1	1	2	55	-8.2771680e+02
1	1	2	56	-6.4544727e+02
1	1	2	57	-4.5196808e+02
1	1	2	58	-4.1609436e+02
1	1	2	59	-6.5072668e+02
1	1	2	60	-8.7454840e+02
1	1	2	61	-6.5779828e+02
1	1	2	62	-6.3270355e+02
1	1	2	63	-8.4264899e+02
1	1	3	0	-1.3197271e+03
1	1	3	1	-1.2503790e+03
1	1	3	2	-1.0577109e+03
1	1	3	3	-1.1757805e+03
1	1	3	4	-1.1359017e+03
1	1	3	5	-1.2896965e+03
1	1	3	6	-1.1185942e+03
1	1	3	7	-1.3584711e+03
1	1	3	8	-1.2436985e+03
1	1	3	9	-9.8291138e+02
1	1	3	10	-1.3277787e+03
1	1	3	11	-1.0066501e+03
1	1	3	12	-1.1868427e+03
1	1	3	13	-1.1484305e+03
1	1	3	14	-1.2412938e+03
1	1	3	15	-1.2272830e+03
1	1	3	16	-1.2946240e+03
1	1	3	17	-1.4013788e+03
1	1	3	18	-1.4337833e+03
1	1	3	19	-1.4020736e+03
1	1	3	20	-1.3178413e+03
1	1	3	21	-1.2255443e+03
1	1	3	22	-1.2718113e+03
1	1	3	23	-1.2169640e+03
1	1	3	24	-1.2518154e+03
1	1	3	25	-1.1744407e+03
1	1	3	26	-1.1979467e+03
1	1	3	27	-1.1112484e+03
1	1	3	28	-1.1327366e+03
1	1	3	29	-1.1713358e+03
1	1	3	30	-1.1846273e+03
1	1	3	31	-1.2824662e+03
1	1	3	32	-1.1743910e+03
1	1	3	33	-1.1152362e+03
1	1	3	34	-4.3423383e+02
1	1	3	35	-5.0415982e+02
1	1	3	36	-4.2667297e+02
1	1	3	37	-3.4634732e+02
1	1	3	38	-4.6110797e+02
1	1	3	39	-4.3389648e+02
1	1	3	40	-2.1702423e+02
1	1	3	41	-3.3852005e+02
1	1	3	42	-2.4336856e+02
1	1	3	43	-3.6152045e+02
1	1	3	44	-1.5689658e+02
1	1	3	45	-3.2935855e+02
1	1	3	46	-2.3342441e+02
1	1	3	47	-3.0007166e+02
1	1	3	48	-1.5981410e+02
1	1	3	49	-2.6783548e+02
1	1	3	50	-3.7228308e+02
1	1	3	51	1.9782936e+02
1	1	3	52	2.7479218e+02
1	1	3	53	-8.8990227e+01
1	1	3	54	-7.1414246e+01
1	1	3	55	6.1002487e+01
1	1	3	56	1.9911694e+02
1	1	3	57	7.7481232e+01
1	1	3	58	-1.1166537e+02
1	1	3	59	-3.6362309e+01
1	1	3	60	6.1193909e+01
1	1	3	61	-1.4199564e+02
1	1	3	62	-2.0428101e+02
1	1	3	63	1.1771859e+02
1	1	4	0	-1.4150424e+03
1	1	4	1	-1.5142112e+03
1	1	4	2	-1.4249564e+03
1	1	4	3	-1.5186918e+03
1	1	4	4	-1.3788821e+03
1	1	4	5	-1.4365327e+03
1	1	4	6	-1.3016130e+03
1	1	4	7	-1.5004854e+03
1	1	4	8	-1.5462964e+03
1	1	4	9	-1.3348094e+03
1	1	4	10	-1.5399257e+03
1	1	4	11	-1.2660784e+03
1	1	4	12	-1.4534348e+03
1	1	4	13	-1.4592297e+03
1	1	4	14	-1.5815345e+03
1	1	4	15	-1.5060116e+03
1	1	4	16	-1.7232675e+03
1	1	4	17	-1.7115884e+03
1	1	4	18	-1.6550389e+03
1	1	4	19	-1.6126282e+03
1	1	4	20	-1.6542628e+03
1	1	4	21	-1.7602560e+03
1	1	4	22	-1.5878203e+03
1	1	4	23	-1.6059948e+03
1	1	4	24	-1.5462340e+03
1	1	4	25	-1.5195167e+03
1	1	4	26	-1.5294709e+03
1	1	4	27	-1.3362256e+03
1	1	4	28	-1.4896389e+03
1	1	4	29	-1.4484034e+03
1	1	4	30	-1.4225638e+03
1	1	4	31	-1.4774552e+03
1	1	4	32	-1.4332329e+03
1	1	4	33	-1.3843040e+03
1	1	4	34	-8.0695239e+02
1	1	4	35	-7.4402112e+02
1	1	4	36	-7.6393646e+02
1	1	4	37	-6.5964240e+02
1	1	4	38	-8.0665540e+02
1	1	4	39	-6.9859625e+02
1	1	4	40	-6.8432617e+02
1	1	4	41	-6.6668646e+02
1	1	4	42	-5.6729602e+02
1	1	4	43	-5.6260864e+02
1	1	4	44	-4.4056647e+02
1	1	4	45	-5.7693707e+02
1	1	4	46	-5.1306573e+02
1	1	4	47	-5.2381366e+02
1	1	4	48	-4.6646902e+02
1	1	4	49	-4.9506772e+02
1	1	4	50	-5.2618945e+02
1	1	4	51	1.2090060e+01
1	1	4	52	2.6461399e+01
1	1	4	53	-3.1242697e+02
1	1	4	54	-3.6986310e+02
1	1	4	55	-2.2960881e+02
1	1	4	56	-1.5254653e+01
1	1	4	57	-2.2192738e+02
1	1	4	58	-4.2093600e+02
1	1	4	59	-3.9325809e+02
1	1	4	60	-2.1088493e+02
1	1	4	61	-4.1039594e+02
1	1	4	62	-5.0905862e+02
1	1	4	63	-2.3704034e+02
1	1	5	0	-7.3717584e+02
1	1	5	1	-9.0169226e+02
1	1	5	2	-1.1234110e+03
1	1	5	3	-8.9152820e+02
1	1	5	4	-1.1634957e+03
1	1	5	5	-8.3877075e+02
1	1	5	6	-9.3297546e+02
1	1	5	7	-7.4880524e+02
1	1	5	8	-8.5961169e+02
1	1	5	9	-1.1621146e+03
1	1	5	10	-8.2634772e+02
1	1	5	11	-1.1510115e+03
1	1	5	12	-1.0207812e+03
1	1	5	13	-1.0315948e+03
1	1	5	14	-1.0829009e+03
1	1	5	15	-9.7531622e+02
1	1	5	16	-9.9267798e+02
1	1	5	17	-8.9552606e+02
1	1	5	18	-9.8002069e+02
1	1	5	19	-9.4109991e+02
1	1	5	20	-1.1098088e+03
1	1	5	21	-1.0724442e+03
1	1	5	22	-1.0209707e+03
1	1	5	23	-1.0482469e+03
1	1	5	24	-1.1253444e+03
1	1	5	25	-1.0943760e+03
1	1	5	26	-1.1230466e+03
1	1	5	27	-1.2054565e+03
1	1	5	28	-1.0745559e+03
1	1	5	29	-1.2871040e+03
1	1	5	30	-1.1544006e+03
1	1	5	31	-1.2090319e+03
1	1	5	32	-1.2625162e+03
1	1	5	33	-1.2936788e+03
1	1	5	34	-6.4567139e+02
1	1	5	35	-6.4089941e+02
1	1	5	36	-5.7558405e+02
1	1	5	37	-6.9832898e+02
1	1	5	38	-5.3869299e+02
1	1	5	39	-7.8395111e+02
1	1	5	40	-7.8524359e+02
1	1	5	41	-7.9630078e+02
1	1	5	42	-8.0202832e+02
1	1	5	43	-7.4712476e+02
1	1	5	44	-8.9102228e+02
1	1	5	45	-8.6588574e+02
1	1	5	46	-9.5827606e+02
1	1	5	47	-7.6862152e+02
1	1	5	48	-9.7831116e+02
1	1	5	49	-9.0884045e+02
1	1	5	50	-6.9590234e+02
1	1	5	51	-3.1287570e+02
1	1	5	52	-2.8237128e+02
1	1	5	53	-5.0235446e+02
1	1	5	54	-5.6918634e+02
1	1	5	55	-7.1937177e+02
1	1	5	56	-5.7622595e+02
1	1	5	57	-3.6474716e+02
1	1	5	58	-2.8868991e+02
1	1	5	59	-3.9065320e+02
1	1	5	60	-6.2392200e+02
1	1	5	61	-5.5265826e+02
1	1	5	62	-3.5901218e+02
1	1	5	63	-6.1877710e+02
1	1	6	0	-9.3103650e+02
1	1	6	1	-9.8350903e+02
1	1	6	2	-8.0163971e+02
1	1	6	3	-9.6156390e+02
1	1	6	4	-9.1806738e+02
1	1	6	5	-9.1953876e+02
1	1	6	6	-8.7632477e+02
1	1	6	7	-9.6778052e+02
1	1	6	8	-9.5693250e+02
1	1	6	9	-8.2614014e+02
1	1	6	10	-9.9416364e+02
1	1	6	11	-8.0817822e+02
1	1	6	12	-9.8679315e+02
1	1	6	13	-9.1051367e+02
1	1	6	14	-9.9735938e+02
1	1	6	15	-9.3834625e+02
1	1	6	16	-1.0659706e+03
1	1	6	17	-1.1095919e+03
1	1	6	18	-1.0708566e+03
1	1	6	19	-1.0834723e+03
1	1	6	20	-1.0983696e+03
1	1	6	21	-1.1185758e+03
1	1	6	22	-1.0752374e+03
1	1	6	23	-1.0077342e+03
1	1	6	24	-1.0723362e+03
1	1	6	25	-1.0824103e+03
1	1	6	26	-1.1169232e+03
1	1	6	27	-9.8943787e+02
1	1	6	28	-1.0527261e+03
1	1	6	29	-9.6446576e+02
1	1	6	30	-9.9048273e+02
1	1	6	31	-9.6327600e+02
1	1	6	32	-1.0484392e+03
1	1	6	33	-9.9528998e+02
1	1	6	34	-2.9326498e+02
1	1	6	35	-1.9741112e+02
1	1	6	36	-1.8866367e+02
1	1	6	37	-1.9628722e+02
1	1	6	38	-2.7503729e+02
1	1	6	39	-2.2421730e+02
1	1	6	40	-2.4349493e+02
1	1	6	41	-1.9925262e+02
1	1	6	42	-2.4121057e+02
1	1	6	43	-9.1241997e+01
1	1	6	44	-6.4626625e+01
1	1	6	45	-2.1404271e+02
1	1	6	46	-9.9811073e+01
1	1	6	47	-1.9010329e+02
1	1	6	48	-1.4075221e+02
1	1	6	49	-1.8922047e+02
1	1	6	50	-9.8220833e+01
1	1	6	51	3.7647290e+02
1	1	6	52	4.5667169e+02
1	1	6	53	2.4626852e+01
1	1	6	54	1.4691596e+01
1	1	6	55	1.6774634e+02
1	1	6	56	2.7988196e+02
1	1	6	57	1.7790848e+02
1	1	6	58	1.1687952e+02
1	1	6	59	4.3429855e+01
1	1	6	60	1.1148403e+02
1	1	6	61	-1.1205114e+01
1	1	6	62	3.9408825e+01
1	1	6	63	1.0716623e+02
1	1	7	0	-3.9454892e+02
1	1	7	1	-5.4110962e+02
1	1	7	2	-6.8633154e+02
1	1	7	3	-6.0845410e+02
1	1	7	4	-6.0346753e+02
1	1	7	5	-4.5562125e+02
1	1	7	6	-5.1154602e+02
1	1	7	7	-4.9694562e+02
1	1	7	8	-5.3563171e+02
1	1	7	9	-5.9218097e+02
1	1	7	10	-5.3075891e+02
1	1	7	11	-6.6487756e+02
1	1	7	12	-7.3129437e+02
1	1	7	13	-6.2587537e+02
1	1	7	14	-7.2121790e+02
1	1	7	15	-5.2901196e+02
1	1	7	16	-6.4768829e+02
1	1	7	17	-6.1227124e+02
1	1	7	18	-7.0656256e+02
1	1	7	19	-6.0878253e+02
1	1	7	20	-6.4843201e+02
1	1	7	21	-6.6245770e+02
1	1	7	22	-5.5495441e+02
1	1	7	23	-5.2493872e+02
1	1	7	24	-6.1914319e+02
1	1	7	25	-5.7274432e+02
1	1	7	26	-7.3507068e+02
1	1	7	27	-6.7210803e+02
1	1	7	28	-6.5146265e+02
1	1	7	29	-6.8010559e+02
1	1	7	30	-7.0213013e+02
1	1	7	31	-7.3878204e+02
1	1	7	32	-7.4102820e+02
1	1	7	33	-8.0323804e+02
1	1	7	34	-3.7822113e+01
1	1	7	35	-7.8780098e+01
1	1	7	36	-3.5190327e+01
1	1	7	37	-1.5751257e+02
1	1	7	38	2.6139580e+01
1	1	7	39	-7.1143440e+01
1	1	7	40	-9.9494003e+01
1	1	7	41	-1.4664066e+02
1	1	7	42	-1.2350629e+02
1	1	7	43	-1.4121547e+02
1	1	7	44	-1.4420724e+02
1	1	7	45	-1.3693642e+02
1	1	7	46	-1.6574963e+02
1	1	7	47	-9.6327911e+01
1	1	7	48	-1.6361089e+02
1	1	7	49	-1.7594453e+02
1	1	7	50	-7.4002396e+01
1	1	7	51	4.6676083e+02
1	1	7	52	4.1237360e+02
1	1	7	53	1.7902171e+02
1	1	7	54	6.4784157e+01
1	1	7	55	5.9756733e+01
1	1	7	56	2.9363519e+02
1	1	7	57	3.3680151e+02
1	1	7	58	1.9944511e+02
1	1	7	59	1.6089673e+02
1	1	7	60	5.5044422e+01
1	1	7	61	1.3218340e+02
1	1	7	62	2.4854213e+02
1	1	7	63	1.2216531e+02
1	1	8	0	-9.0342053e+02
1	1	8	1	-9.5042676e+02
1	1	8	2	-8.0565356e+02
1	1	8	3	-1.0089817e+03
1	1	8	4	-8.9980066e+02
1	1	8	5	-9.2099225e+02
1	1	8	6	-8.9866992e+02
1	1	8	7	-9.9690338e+02
1	1	8	8	-1.0595831e+03
1	1	8	9	-8.7524957e+02
1	1	8	10	-1.0625808e+03
1	1	8	11	-9.3615533e+02
1	1	8	12	-1.0852023e+03
1	1	8	13	-1.0026423e+03
1	1	8	14	-1.0624158e+03
1	1	8	15	-9.6943207e+02
1	1	8	16	-1.2514799e+03
1	1	8	17	-1.1439058e+03
1	1	8	18	-1.1347831e+03
1	1	8	19	-1.1409187e+03
1	1	8	20	-1.1322479e+03
1	1	8	21	-1.1352478e+03
1	1	8	22	-1.0455337e+03
1	1	8	23	-1.1956974e+03
1	1	8	24	-1.1623962e+03
1	1	8	25	-1.1158682e+03
1	1	8	26	-1.1273564e+03
1	1	8	27	-1.0124539e+03
1	1	8	28	-1.0467449e+03
1	1	8	29	-1.1306333e+03
1	1	8	30	-1.0681401e+03
1	1	8	31	-1.1106746e+03
1	1	8	32	-1.1660403e+03
1	1	8	33	-1.0245110e+03
1	1	8	34	-5.1234845e+02
1	1	8	35	-4.2329279e+02
1	1	8	36	-4.1033289e+02
1	1	8	37	-3.5624271e+02
1	1	8	38	-4.7104904e+02
1	1	8	39	-3.1467883e+02
1	1	8	40	-3.1799612e+02
1	1	8	41	-3.4942191e+02
1	1	8	42	-3.2280850e+02
1	1	8	43	-2.8724054e+02
1	1	8	44	-2.1561142e+02
1	1	8	45	-3.4293509e+02
1	1	8	46	-2.6939386e+02
1	1	8	47	-3.3619446e+02
1	1	8	48	-2.9281348e+02
1	1	8	49	-3.0080960e+02
1	1	8	50	-2.6082288e+02
1	1	8	51	2.9589935e+02
1	1	8	52	3.2720789e+02
1	1	8	53	-1.8182837e+01
1	1	8	54	-1.4037424e+02
1	1	8	55	1.8152349e+01
1	1	8	56	2.2528360e+02
1	1	8	57	2.1338707e+01
1	1	8	58	1.8160192e+01
1	1	8	59	-7.0927231e+01
1	1	8	60	9.1577393e+01
1	1	8	61	-2.3386308e+02
1	1	8	62	-1.7493417e+02
1	1	8	63	2.2834501e+01
1	1	9	0	-4.8296027e+02
1	1	9	1	-5.8002417e+02
1	1	9	2	-6.7592554e+02
1	1	9	3	-6.4086914e+02
1	1	9	4	-7.9414325e+02
1	1	9	5	-4.7567029e+02
1	1	9	6	-6.3221851e+02
1	1	9	7	-6.1907318e+02
1	1	9	8	-6.5552893e+02
1	1	9	9	-7.9578485e+02
1	1	9	10	-5.6004785e+02
1	1	9	11	-7.4657318e+02
1	1	9	12	-7.8146600e+02
1	1	9	13	-6.6750793e+02
1	1	9	14	-7.1961993e+02
1	1	9	15	-6.8423395e+02
1	1	9	16	-7.1984296e+02
1	1	9	17	-6.7271783e+02
1	1	9	18	-6.9984729e+02
1	1	9	19	-7.6354474e+02
1	1	9	20	-7.5410181e+02
1	1	9	21	-7.3683057e+02
1	1	9	22	-7.5714154e+02
1	1	9	23	-6.6928229e+02
1	1	9	24	-8.0485583e+02
1	1	9	25	-8.5279895e+02
1	1	9	26	-8.2863104e+02
1	1	9	27	-8.0891479e+02
1	1	9	28	-8.0484338e+02
1	1	9	29	-8.4751691e+02
1	1	9	30	-8.4016785e+02
1	1	9	31	-8.5670862e+02
1	1	9	32	-8.1930157e+02
1	1	9	33	-9.0829675e+02
1	1	9	34	-1.8458890e+02
1	1	9	35	-2.6280862e+02
1	1	9	36	-1.5142273e+02
1	1	9	37	-2.1320399e+02
1	1	9	38	-1.6041731e+02
1	1	9	39	-2.0413390e+02
1	1	9	40	-1.6432507e+02
1	1	9	41	-2.4523399e+02
1	1	9	42	-1.8445549e+02
1	1	9	43	-2.3768718e+02
1	1	9	44	-2.2110834e+02
1	1	9	45	-3.6481372e+02
1	1	9	46	-3.3560165e+02
1	1	9	47	-2.5533830e+02
1	1	9	48	-1.8608920e+02
1	1	9	49	1.1581889e+02
1	1	9	50	-8.9421387e+01
1	1	9	51	3.3663626e+02
1	1	9	52	3.0896680e+02
1	1	9	53	-5.0947647e+00
1	1	9	54	2.9109173e+01
1	1	9	55	-5.4552456e+01
1	1	9	56	7.0489700e+01
1	1	9	57	1.8866820e+02
1	1	9	58	6.5191803e+01
1	1	9	59	5.5757240e+01
1	1	9	60	-2.4722920e+03
1	1	9	61	4.0665150e+01
1	1	9	62	1.1725508e+02
1	1	9	63	8.1828865e+01
1	1	10	0	-1.5600509e+03
1	1	10	1	-1.4230800e+03
1	1	10	2	-1.2228875e+03
1	1	10	3	-1.4459948e+03
1	1	10	4	-1.2001824e+03
1	1	10	5	-1.3447677e+03
1	1	10	6	-1.2336914e+03
1	1	10	7	-1.4893810e+03
1	1	10	8	-1.5055756e+03
1	1	10	9	-1.1430945e+03
1	1	10	10	-1.4594009e+03
1	1	10	11	-1.1203972e+03
1	1	10	12	-1.3976389e+03
1	1	10	13	-1.3990861e+03
1	1	10	14	-1.5355426e+03
1	1	10	15	-1.5315125e+03
1	1	10	16	-1.6986118e+03
1	1	10	17	-1.5840018e+03
1	1	10	18	-1.6462815e+03
1	1	10	19	-1.5873214e+03
1	1	10	20	-1.5907998e+03
1	1	10	21	-1.6321681e+03
1	1	10	22	-1.5176300e+03
1	1	10	23	-1.4668877e+03
1	1	10	24	-1.4459702e+03
1	1	10	25	-1.4033413e+03
1	1	10	26	-1.4585959e+03
1	1	10	27	-1.2508081e+03
1	1	10	28	-1.4826869e+03
1	1	10	29	-1.4005951e+03
1	1	10	30	-1.3859050e+03
1	1	10	31	-1.3668673e+03
1	1	10	32	-1.3902097e+03
1	1	10	33	-1.3381584e+03
1	1	10	34	-6.5845319e+02
1	1	10	35	-5.9427014e+02
1	1	10	36	-6.3723535e+02
1	1	10	37	-6.0077179e+02
1	1	10	38	-6.4242194e+02
1	1	10	39	-5.3176697e+02
1	1	10	40	-4.8331445e+02
1	1	10	41	-6.0041101e+02
1	1	10	42	-4.5225558e+02
1	1	10	43	-4.0647815e+02
1	1	10	44	-3.0587689e+02
1	1	10	45	-4.5736667e+02
1	1	10	46	-3.4981561e+02
1	1	10	47	-4.3957367e+02
1	1	10	48	-3.0342303e+02
1	1	10	49	-3.4374985e+02
1	1	10	50	-4.7834277e+02
1	1	10	51	1.6510924e+02
1	1	10	52	1.8052094e+02
1	1	10	53	-2.0204807e+02
1	1	10	54	-1.1888862e+02
1	1	10	55	-2.6764479e+01
1	1	10	56	6.3788418e+01
1	1	10	57	-4.0919601e+01
1	1	10	58	-2.2641264e+02
1	1	10	59	-2.3973993e+02
1	1	10	60	-5.4064938e+01
1	1	10	61	-3.3637064e+02
1	1	10	62	-3.3265759e+02
1	1	10	63	-7.7650223e+01
1	1	11	0	-6.8451282e+02
1	1	11	1	-7.2581146e+02
1	1	11	2	-9.3751318e+02
1	1	11	3	-7.6227344e+02
1	1	11	4	-1.0425188e+03
1	1	11	5	-6.9332147e+02
1	1	11	6	-8.4887543e+02
1	1	11	7	-6.7724451e+02
1	1	11	8	-7.9571149e+02
1	1	11	9	-1.0407681e+03
1	1	11	10	-6.6561377e+02
1	1	11	11	-1.0710765e+03
1	1	11	12	-8.6872504e+02
1	1	11	13	-8.0101770e+02
1	1	11	14	-9.6773993e+02
1	1	11	15	-7.9113373e+02
1	1	11	16	-9.1181104e+02
1	1	11	17	-7.9351099e+02
1	1	11	18	-8.8747998e+02
1	1	11	19	-7.7643256e+02
1	1	11	20	-8.3732849e+02
1	1	11	21	-9.3550537e+02
1	1	11	22	-9.0402472e+02
1	1	11	23	-8.3061591e+02
1	1	11	24	-9.9801782e+02
1	1	11	25	-9.4940857e+02
1	1	11	26	-9.8598083e+02
1	1	11	27	-1.0720222e+03
1	1	11	28	-9.9051154e+02
1	1	11	29	-1.0472754e+03
1	1	11	30	-1.1181167e+03
1	1	11	31	-1.0153211e+03
1	1	11	32	-1.0729349e+03
1	1	11	33	-1.3084681e+03
1	1	11	34	-5.2725427e+02
1	1	11	35	-5.5012268e+02
1	1	11	36	-4.3819479e+02
1	1	11	37	-5.0611679e+02
1	1	11	38	-3.0571649e+02
1	1	11	39	-5.2503455e+02
1	1	11	40	-4.8719910e+02
1	1	11	41	-5.6611829e+02
1	1	11	42	-4.9989407e+02
1	1	11	43	-5.4690240e+02
1	1	11	44	-5.2726086e+02
1	1	11	45	-6.7599640e+02
1	1	11	46	-6.9530139e+02
1	1	11	47	-7.3262854e+02
1	1	11	48	-8.3471521e+02
1	1	11	49	-7.9454156e+02
1	1	11	50	-5.2484241e+02
1	1	11	51	-1.0906891e+02
1	1	11	52	-4.3453007e+01
1	1	11	53	-3.9826031e+02
1	1	11	54	-4.5126212e+02
1	1	11	55	-5.5220691e+02
1	1	11	56	-3.2487372e+02
1	1	11	57	-1.1400901e+02
1	1	11	58	-4.4617290e+01
1	1	11	59	-3.5093463e+02
1	1	11	60	-4.9994604e+02
1	1	11	61	-4.0454645e+02
1	1	11	62	-2.3235445e+02
1	1	11	63	-4.5879453e+02
1	1	12	0	-9.7840576e+02
1	1	12	1	-1.1189124e+03
1	1	12	2	-1.0616271e+03
1	1	12	3	-9.1909186e+02
1	1	12	4	-1.2365973e+03
1	1	12	5	-1.0843030e+03
1	1	12	6	-1.1996539e+03
1	1	12	7	-1.0185997e+03
1	1	12	8	-1.1124155e+03
1	1	12	9	-1.2360226e+03
1	1	12	10	-1.1143132e+03
1	1	12	11	-1.2180490e+03
1	1	12	12	-1.2508442e+03
1	1	12	13	-1.1817037e+03
1	1	12	14	-1.0915704e+03
1	1	12	15	-9.9128436e+02
1	1	12	16	-1.2667074e+03
1	1	12	17	-1.2954054e+03
1	1	12	18	-1.1590697e+03
1	1	12	19	-1.2665410e+03
1	1	12	20	-1.0304396e+03
1	1	12	21	-1.2076599e+03
1	1	12	22	-1.1710865e+03
1	1	12	23	-1.3375675e+03
1	1	12	24	-1.3413116e+03
1	1	12	25	-1.2849572e+03
1	1	12	26	-1.3577671e+03
1	1	12	27	-1.5284999e+03
1	1	12	28	-1.3130426e+03
1	1	12	29	-1.4471533e+03
1	1	12	30	-1.3864174e+03
1	1	12	31	-1.3459406e+03
1	1	12	32	-1.4354249e+03
1	1	12	33	-1.4900630e+03
1	1	12	34	-8.7218970e+02
1	1	12	35	-7.9942596e+02
1	1	12	36	-7.5303033e+02
1	1	12	37	-9.6654980e+02
1	1	12	38	-7.8253027e+02
1	1	12	39	-7.9603888e+02
1	1	12	40	-8.3933392e+02
1	1	12	41	-9.7168359e+02
1	1	12	42	-9.0223218e+02
1	1	12	43	-9.5951233e+02
1	1	12	44	-2.9491584e+03
1	1	12	45	-9.4661102e+02
1	1	12	46	-1.0913326e+03
1	1	12	47	-9.4755737e+02
1	1	12	48	-1.1244556e+03
1	1	12	49	-1.1040748e+03
1	1	12	50	-8.3742542e+02
1	1	12	51	-1.8196387e+02
1	1	12	52	-2.7529617e+02
1	1	12	53	-7.5334045e+02
1	1	12	54	-6.9235980e+02
1	1	12	55	-7.2119568e+02
1	1	12	56	-6.7724164e+02
1	1	12	57	-4.3009610e+02
1	1	12	58	-3.6330969e+02
1	1	12	59	-5.9103473e+02
1	1	12	60	-7.6413672e+02
1	1	12	61	-6.2933490e+02
1	1	12	62	-5.2947772e+02
1	1	12	63	-5.6490839e+02
1	1	13	0	-1.3013353e+03
1	1	13	1	-1.1535883e+03
1	1	13	2	-1.0827122e+03
1	1	13	3	-1.2271857e+03
1	1	13	4	-1.0670801e+03
1	1	13	5	-1.2641166e+03
1	1	13	6	-1.2144972e+03
1	1	13	7	-1.4360725e+03
1	1	13	8	-1.2469268e+03
1	1	13	9	-9.3670691e+02
1	1	13	10	-1.4043510e+03
1	1	13	11	-9.9479492e+02
1	1	13	12	-1.2430575e+03
1	1	13	13	-1.1658700e+03
1	1	13	14	-1.2296365e+03
1	1	13	15	-1.2444144e+03
1	1	13	16	-1.4912307e+03
1	1	13	17	-1.4268807e+03
1	1	13	18	-1.4966918e+03
1	1	13	19	-1.3877007e+03
1	1	13	20	-1.3564607e+03
1	1	13	21	-1.4236068e+03
1	1	13	22	-1.3855267e+03
1	1	13	23	-1.2577417e+03
1	1	13	24	-1.3062600e+03
1	1	13	25	-1.2418843e+03
1	1	13	26	-1.2606594e+03
1	1	13	27	-1.1670209e+03
1	1	13	28	-1.2353115e+03
1	1	13	29	-1.2185763e+03
1	1	13	30	-1.2149667e+03
1	1	13	31	-1.2171783e+03
1	1	13	32	-1.2273228e+03
1	1	13	33	-1.1477340e+03
1	1	13	34	-4.5594849e+02
1	1	13	35	-5.6265607e+02
1	1	13	36	-4.6466956e+02
1	1	13	37	-3.5265097e+02
1	1	13	38	-4.9410239e+02
1	1	13	39	-3.8946219e+02
1	1	13	40	-2.9998038e+02
1	1	13	41	-4.0905142e+02
1	1	13	42	-3.2924588e+02
1	1	13	43	-4.0732706e+02
1	1	13	44	-3.0330548e+02
1	1	13	45	-3.8791806e+02
1	1	13	46	-2.8126291e+02
1	1	13	47	-3.6090720e+02
1	1	13	48	-2.7672888e+02
1	1	13	49	-3.0359192e+02
1	1	13	50	-3.8983023e+02
1	1	13	51	2.2922798e+02
1	1	13	52	3.4876907e+02
1	1	13	53	-1.0263242e+02
1	1	13	54	-2.3733923e+01
1	1	13	55	-4.6181889e+01
1	1	13	56	1.6720274e+02
1	1	13	57	9.8971815e+00
1	1	13	58	-1.8273131e+02
1	1	13	59	-1.2574982e+02
1	1	13	60	1.7749918e+00
1	1	13	61	-1.6198560e+02
1	1	13	62	-1.6183241e+02
1	1	13	63	6.4781570e+01
1	1	14	0	-5.6587646e+02
1	1	14	1	-6.5461688e+02
1	1	14	2	-6.0314246e+02
1	1	14	3	-6.1870941e+02
1	1	14	4	-8.1689893e+02
1	1	14	5	-6.5426959e+02
1	1	14	6	-7.8794623e+02
1	1	14	7	-5.0960309e+02
1	1	14	8	-6.3499463e+02
1	1	14	9	-7.2898944e+02
1	1	14	10	-7.6930200e+02
1	1	14	11	-6.5871051e+02
1	1	14	12	-8.0316144e+02
1	1	14	13	-6.9077527e+02
1	1	14	14	-6.0437885e+02
1	1	14	15	-6.9426086e+02
1	1	14	16	-7.5210675e+02
1	1	14	17	-8.2445068e+02
1	1	14	18	-8.1255579e+02
1	1	14	19	-8.3637384e+02
1	1	14	20	-7.6491180e+02
1	1	14	21	-7.5718420e+02
1	1	14	22	-8.1636017e+02
1	1	14	23	-7.5083496e+02
1	1	14	24	-8.9966718e+02
1	1	14	25	-7.7715356e+02
1	1	14	26	-8.4755389e+02
1	1	14	27	-8.9687408e+02
1	1	14	28	-8.2291113e+02
1	1	14	29	-9.4908112e+02
1	1	14	30	-8.7890063e+02
1	1	14	31	-8.9725580e+02
1	1	14	32	-9.0412598e+02
1	1	14	33	-8.9628802e+02
1	1	14	34	-2.1099060e+02
1	1	14	35	-1.4696877e+02
1	1	14	36	-1.9365439e+02
1	1	14	37	-2.6707349e+02
1	1	14	38	-2.0964853e+02
1	1	14	39	-2.6074481e+02
1	1	14	40	-2.5345477e+02
1	1	14	41	-2.2598349e+02
1	1	14	42	-1.3957405e+02
1	1	14	43	-2.7682474e+02
1	1	14	44	-2.3643326e+02
1	1	14	45	-2.6483905e+02
1	1	14	46	-2.3979034e+02
1	1	14	47	-4.5156100e+02
1	1	14	48	-3.5164368e+02
1	1	14	49	-2.4850319e+02
1	1	14	50	-2.6228720e+02
1	1	14	51	4.6831854e+02
1	1	14	52	4.1811304e+02
1	1	14	53	-4.4923088e+01
1	1	14	54	3.0757504e+01
1	1	14	55	-2.3240196e+01
1	1	14	56	1.7779126e+02
1	1	14	57	3.0588010e+02
1	1	14	58	1.8272986e+02
1	1	14	59	1.4275061e+02
1	1	14	60	8.7582741e+01
1	1	14	61	3.9723793e+01
1	1	14	62	1.6598111e+02
1	1	14	63	9.9001137e+01
1	1	15	0	-6.6033630e+02
1	1	15	1	-6.7866254e+02
1	1	15	2	-6.1033728e+02
1	1	15	3	-6.9471906e+02
1	1	15	4	-6.1570636e+02
1	1	15	5	-6.8311902e+02
1	1	15	6	-5.8185101e+02
1	1	15	7	-5.7125238e+02
1	1	15	8	-6.5689929e+02
1	1	15	9	-5.2330237e+02
1	1	15	10	-6.9676996e+02
1	1	15	11	-5.7298755e+02
1	1	15	12	-7.7778918e+02
1	1	15	13	-6.5735217e+02
1	1	15	14	-7.6262506e+02
1	1	15	15	-7.2712372e+02
1	1	15	16	-8.1057092e+02
1	1	15	17	-7.5818756e+02
1	1	15	18	-8.1743811e+02
1	1	15	19	-7.9293457e+02
1	1	15	20	-8.0794830e+02
1	1	15	21	-8.6918225e+02
1	1	15	22	-7.4569836e+02
1	1	15	23	-7.2371460e+02
1	1	15	24	-7.8223895e+02
1	1	15	25	-7.0736871e+02
1	1	15	26	-8.0137842e+02
1	1	15	27	-7.6839410e+02
1	1	15	28	-7.5125824e+02
1	1	15	29	-6.9507599e+02
1	1	15	30	-6.6720190e+02
1	1	15	31	-8.0036584e+02
1	1	15	32	-6.9198846e+02
1	1	15	33	-7.1499707e+02
1	1	15	34	-7.2528336e+01
1	1	15	35	-9.3764572e+01
1	1	15	36	5.8881390e+01
1	1	15	37	4.3349361e+01
1	1	15	38	-6.3142276e+00
1	1	15	39	1.3461118e+01
1	1	15	40	9.6837479e+01
1	1	15	41	-8.2222702e+01
1	1	15	42	1.7852733e+02
1	1	15	43	-6.7540787e+01
1	1	15	44	1.0568179e+02
1	1	15	45	3.5292896e+01
1	1	15	46	8.6524979e+01
1	1	15	47	-3.0370361e+01
1	1	15	48	1.1895233e+02
1	1	15	49	4.6878777e+01
1	1	15	50	8.4197779e+00
1	1	15	51	5.5346381e+02
1	1	15	52	6.1889886e+02
1	1	15	53	2.5861014e+02
1	1	15	54	3.0737683e+02
1	1	15	55	2.9472061e+02
1	1	15	56	4.8193393e+02
1	1	15	57	3.3985861e+02
1	1	15	58	2.1129659e+02
1	1	15	59	2.1909566e+02
1	1	15	60	3.5185889e+02
1	1	15	61	1.0089268e+02
1	1	15	62	1.6405939e+02
1	1	15	63	3.9114914e+02
1	2	0	0	7.0598560e+02
1	2	0	1	5.6141272e+02
1	2	0	2	7.0994330e+02
1	2	0	3	6.9812097e+02
1	2	0	4	5.8311908e+02
1	2	0	5	6.0701105e+02
1	2	0	6	5.3641302e+02
1	2	0	7	6.9773962e+02
1	2	0	8	5.9576312e+02
1	2	0	9	6.3622791e+02
1	2	0	10	6.2057788e+02
1	2	0	11	6.4668787e+02
1	2	0	12	5.4072357e+02
1	2	0	13	6.8671442e+02
1	2	0	14	6.8239569e+02
1	2	0	15	5.6985779e+02
1	2	0	16	4.6571161e+02
1	2	0	17	5.5129120e+02
1	2	0	18	4.8767889e+02
1	2	0	19	5.0907306e+02
1	2	0	20	5.5270166e+02
1	2	0	21	5.7425372e+02
1	2	0	22	5.8744965e+02
1	2	0	23	5.4252600e+02
1	2	0	24	5.6667188e+02
1	2	0	25	6.2651776e+02
1	2	0	26	4.2355225e+02
1	2	0	27	4.3466656e+02
1	2	0	28	5.6681238e+02
1	2	0	29	4.4098468e+02
1	2	0	30	4.9511450e+02
1	2	0	31	4.2794370e+02
1	2	0	32	4.8681668e+02
1	2	0	33	4.7000958e+02
1	2	0	34	1.0757284e+03
1	2	0	35	1.1043040e+03
1	2	0	36	1.1042585e+03
1	2	0	37	1.1084125e+03
1	2	0	38	1.1009308e+03
1	2	0	39	1.1140681e+03
1	2	0	40	1.1529669e+03
1	2	0	41	1.0565245e+03
1	2	0	42	1.1208409e+03
1	2	0	43	1.1671356e+03
1	2	0	44	1.1756146e+03
1	2	0	45	1.0272457e+03
1	2	0	46	1.1840315e+03
1	2	0	47	1.0978677e+03
1	2	0	48	1.0914219e+03
1	2	0	49	1.0934186e+03
1	2	0	50	1.1011801e+03
1	2	0	51	1.6907474e+03
1	2	0	52	1.6118815e+03
1	2	0	53	1.2545134e+03
1	2	0	54	1.3347148e+03
1	2	0	55	1.3599146e+03
1	2	0	56	1.4712474e+03
1	2	0	57	1.5006993e+03
1	2	0	58	1.4709639e+03
1	2	0	59	1.3363630e+03
1	2	0	60	1.3645404e+03
1	2	0	61	1.2261233e+03
1	2	0	62	1.2820927e+03
1	2	0	63	1.2565627e+03
1	2	1	0	6.1200305e+02
1	2	1	1	5.4523334e+02
1	2	1	2	5.8610193e+02
1	2	1	3	5.5672028e+02
1	2	1	4	5.3713660e+02
1	2	1	5	5.7636871e+02
1	2	1	6	5.9584705e+02
1	2	1	7	5.9040857e+02
1	2	1	8	5.3892719e+02
1	2	1	9	6.1315613e+02
1	2	1	10	5.3848651e+02
1	2	1	11	5.8116577e+02
1	2	1	12	4.4399548e+02
1	2	1	13	5.0807181e+02
1	2	1	14	4.8300131e+02
1	2	1	15	5.0052887e+02
1	2	1	16	3.9557355e+02
1	2	1	17	4.3391449e+02
1	2	1	18	3.9695187e+02
1	2	1	19	3.5183679e+02
1	2	1	20	3.9070856e+02
1	2	1	21	3.5210785e+02
1	2	1	22	3.6995685e+02
1	2	1	23	4.2094330e+02
1	2	1	24	3.5354272e+02
1	2	1	25	4.3471634e+02
1	2	1	26	4.1014685e+02
1	2	1	27	4.3955185e+02
1	2	1	28	4.5619293e+02
1	2	1	29	3.6780643e+02
1	2	1	30	4.2829120e+02
1	2	1	31	3.9079092e+02
1	2	1	32	3.9007776e+02
1	2	1	33	3.6338443e+02
1	2	1	34	1.0419912e+03
1	2	1	35	1.0119276e+03
1	2	1	36	1.0852021e+03
1	2	1	37	1.1315411e+03
1	2	1	38	1.0717456e+03
1	2	1	39	1.0986472e+03
1	2	1	40	1.2056819e+03
1	2	1	41	1.1490159e+03
1	2	1	42	1.1756135e+03
1	2	1	43	1.0868395e+03
1	2	1	44	1.2439646e+03
1	2	1	45	1.1489940e+03
1	2	1	46	1.2410321e+03
1	2	1	47	1.1300428e+03
1	2	1	48	1.1383448e+03
1	2	1	49	1.2131191e+03
1	2	1	50	1.1809792e+03
1	2	1	51	1.7701064e+03
1	2	1	52	1.7684298e+03
1	2	1	53	1.3801595e+03
1	2	1	54	1.4402921e+03
1	2	1	55	1.5193579e+03
1	2	1	56	1.5830792e+03
1	2	1	57	1.5780231e+03
1	2	1	58	1.4787858e+03
1	2	1	59	1.4258274e+03
1	2	1	60	1.4589561e+03
1	2	1	61	1.3168015e+03
1	2	1	62	1.3641798e+03
1	2	1	63	1.4364965e+03
1	2	2	0	5.5299274e+02
1	2	2	1	4.2254919e+02
1	2	2	2	5.5400604e+02
1	2	2	3	5.9201898e+02
1	2	2	4	4.4555698e+02
1	2	2	5	5.3053784e+02
1	2	2	6	4.1958524e+02
1	2	2	7	6.8917590e+02
1	2	2	8	4.5311404e+02
1	2	2	9	5.9092053e+02
1	2	2	10	4.2929895e+02
1	2	2	11	4.8011014e+02
1	2	2	12	3.6679303e+02
1	2	2	13	3.9800293e+02
1	2	2	14	-6.2185933e+03
1	2	2	15	4.7749503e+02
1	2	2	16	4.6542044e+02
1	2	2	17	3.2877188e+02
1	2	2	18	4.6950638e+02
1	2	2	19	3.6918744e+02
1	2	2	20	4.7302374e+02
1	2	2	21	4.0597009e+02
1	2	2	22	4.0600052e+02
1	2	2	23	3.8199698e+02
1	2	2	24	3.3720914e+02
1	2	2	25	3.2988620e+02
1	2	2	26	3.4822968e+02
1	2	2	27	3.0147821e+02
1	2	2	28	3.2953534e+02
1	2	2	29	2.4517534e+02
1	2	2	30	3.7909796e+02
1	2	2	31	3.0603702e+02
1	2	2	32	3.0024680e+02
1	2	2	33	2.8929523e+02
1	2	2	34	8.4918573e+02
1	2	2	35	9.6854181e+02
1	2	2	36	9.4097992e+02
1	2	2	37	8.7663654e+02
1	2	2	38	8.7545642e+02
1	2	2	39	8.8653345e+02
1	2	2	40	9.0176892e+02
1	2	2	41	8.9767468e+02
1	2	2	42	8.7454254e+02
1	2	2	43	9.4983014e+02
1	2	2	44	9.1369611e+02
1	2	2	45	8.6456238e+02
1	2	2	46	9.2488898e+02
1	2	2	47	8.1485962e+02
1	2	2	48	8.8164673e+02
1	2	2	49	8.8564661e+02
1	2	2	50	9.4847986e+02
1	2	2	51	4.1223254e+02
1	2	2	52	1.1571058e+03
1	2	2	53	1.1954653e+03
1	2	2	54	1.2317233e+03
1	2	2	55	-1.9444127e+04
1	2	2	56	1.3389214e+03
1	2	2	57	1.3043661e+03
1	2	2	58	1.2703372e+03
1	2	2	59	1.1866588e+03
1	2	2	60	1.2048933e+03
1	2	2	61	1.2032402e+03
1	2	2	62	1.2282991e+03
1	2	2	63	9.5102615e+01
1	2	3	0	5.7969696e+02
1	2	3	1	5.1133963e+02
1	2	3	2	5.2995642e+02
1	2	3	3	4.9524429e+02
1	2	3	4	4.6736911e+02
1	2	3	5	4.8516306e+02
1	2	3	6	4.8277859e+02
1	2	3	7	4.4473831e+02
1	2	3	8	4.1709143e+02
1	2	3	9	5.2635278e+02
1	2	3	10	4.1398184e+02
1	2	3	11	5.3798767e+02
1	2	3	12	4.5120172e+02
1	2	3	13	4.7544986e+02
1	2	3	14	4.0934961e+02
1	2	3	15	4.0005042e+02
1	2	3	16	2.9939795e+02
1	2	3	17	3.8335431e+02
1	2	3	18	3.4848499e+02
1	2	3	19	3.7022180e+02
1	2	3	20	2.7097516e+02
1	2	3	21	3.4456799e+02
1	2	3	22	3.1418246e+02
1	2	3	23	3.9734015e+02
1	2	3	24	2.7219870e+02
1	2	3	25	3.2718866e+02
1	2	3	26	2.4206264e+02
1	2	3	27	4.1706393e+02
1	2	3	28	3.9557428e+02
1	2	3	29	3.5307779e+02
1	2	3	30	3.0005618e+02
1	2	3	31	3.4508997e+02
1	2	3	32	2.3734454e+02
1	2	3	33	3.2916565e+02
1	2	3	34	9.2904987e+02
1	2	3	35	9.6451349e+02
1	2	3	36	-1.9202846e+02
1	2	3	37	-4.1963098e+02
1	2	3	38	1.1352217e+03
1	2	3	39	1.0270743e+03
1	2	3	40	-2.8806917e+03
1	2	3	41	8.0164722e+02
1	2	3	42	-5.5501813e+02
1	2	3	43	1.1246995e+03
1	2	3	44	6.3037659e+02
1	2	3	45	5.0431793e+01
1	2	3	46	7.3743347e+02
1	2	3	47	1.1316859e+03
1	2	3	48	-7.0899664e+02
1	2	3	49	1.1436473e+03
1	2	3	50	1.1665587e+03
1	2	3	51	1.6913076e+03
1	2	3	52	1.6747467e+03
1	2	3	53	1.2762397e+03
1	2	3	54	1.4102269e+03
1	2	3	55	1.4377830e+03
1	2	3	56	1.5009894e+03
1	2	3	57	1.4627521e+03
1	2	3	58	1.3439641e+03
1	2	3	59	1.3010608e+03
1	2	3	60	1.3199375e+03
1	2	3	61	1.2827563e+03
1	2	3	62	1.3284712e+03
1	2	3	63	1.4393752e+03
1	2	4	0	4.4170432e+02
1	2	4	1	3.3568054e+02
1	2	4	2	4.3341794e+02
1	2	4	3	4.0899622e+02
1	2	4	4	2.8632693e+02
1	2	4	5	3.6818274e+02
1	2	4	6	2.6212885e+02
1	2	4	7	4.6241290e+02
1	2	4	8	3.1936807e+02
1	2	4	9	3.6718704e+02
1	2	4	10	2.5102774e+02
1	2	4	11	3.2265033e+02
1	2	4	12	2.6974951e+02
1	2	4	13	3.4502267e+02
1	2	4	14	3.6442108e+02
1	2	4	15	3.3712546e+02
1	2	4	16	2.2967198e+02
1	2	4	17	1.9897787e+02
1	2	4	18	2.5094734e+02
1	2	4	19	1.8109071e+02
1	2	4	20	3.4482071e+02
1	2	4	21	2.7340811e+02
1	2	4	22	2.5212117e+02
1	2	4	23	2.5048149e+02
1	2	4	24	1.3830251e+02
1	2	4	25	2.4320076e+02
1	2	4	26	1.7082758e+02
1	2	4	27	1.1217541e+02
1	2	4	28	2.1458948e+02
1	2	4	29	8.9853622e+01
1	2	4	30	2.0434502e+02
1	2	4	31	1.0216120e+02
1	2	4	32	3.9306561e+01
1	2	4	33	1.1076243e+02
1	2	4	34	7.1832129e+02
1	2	4	35	7.4528467e+02
1	2	4	36	7.9788354e+02
1	2	4	37	6.2816467e+02
1	2	4	38	7.2134180e+02
1	2	4	39	7.4372406e+02
1	2	4	40	7.8241327e+02
1	2	4	41	7.0251685e+02
1	2	4	42	8.2310577e+02
1	2	4	43	7.3673303e+02
1	2	4	44	7.6515442e+02
1	2	4	45	7.5815259e+02
1	2	4	46	7.1817493e+02
1	2	4	47	7.8110211e+02
1	2	4	48	7.2768298e+02
1	2	4	49	7.0071045e+02
1	2	4	50	8.7624670e+02
1	2	4	51	1.2240903e+03
1	2	4	52	1.3550897e+03
1	2	4	53	9.7750446e+02
1	2	4	54	1.0185154e+03
1	2	4	55	1.0059598e+03
1	2	4	56	1.0932548e+03
1	2	4	57	1.2366569e+03
1	2	4	58	1.1406729e+03
1	2	4	59	1.0701295e+03
1	2	4	60	9.4969135e+02
1	2	4	61	9.7389612e+02
1	2	4	62	1.0492118e+03
1	2	4	63	9.5811084e+02
1	2	5	0	3.1851529e+02
1	2	5	1	3.1605969e+02
1	2	5	2	2.9058328e+02
1	2	5	3	3.4157739e+02
1	2	5	4	3.1063956e+02
1	2	5	5	3.2565317e+02
1	2	5	6	3.3414780e+02
1	2	5	7	3.4073871e+02
1	2	5	8	2.5086891e+02
1	2	5	9	3.5984766e+02
1	2	5	10	1.8388113e+02
1	2	5	11	3.0583667e+02
1	2	5	12	1.8988121e+02
1	2	5	13	2.4624634e+02
1	2	5	14	2.1242058e+02
1	2	5	15	3.0100989e+02
1	2	5	16	8.6704361e+01
1	2	5	17	9.8106705e+01
1	2	5	18	1.2553709e+02
1	2	5	19	1.4561345e+02
1	2	5	20	1.1369769e+02
1	2	5	21	1.5700671e+02
1	2	5	22	1.3929100e+02
1	2	5	23	2.1250769e+02
1	2	5	24	1.8591960e+02
1	2	5	25	2.0927213e+02
1	2	5	26	1.1971915e+02
1	2	5	27	1.9477504e+02
1	2	5	28	1.7022234e+02
1	2	5	29	2.1351161e+02
1	2	5	30	2.0567032e+02
1	2	5	31	1.6658916e+02
1	2	5	32	1.6102391e+02
1	2	5	33	2.0988188e+02
1	2	5	34	8.7262378e+02
1	2	5	35	8.3446259e+02
1	2	5	36	8.7054926e+02
1	2	5	37	9.1427527e+02
1	2	5	38	8.4818231e+02
1	2	5	39	8.9193011e+02
1	2	5	40	9.3160559e+02
1	2	5	41	8.2903418e+02
1	2	5	42	9.5128204e+02
1	2	5	43	8.5155310e+02
1	2	5	44	1.0177430e+03
1	2	5	45	9.0930603e+02
1	2	5	46	9.6747687e+02
1	2	5	47	9.5573907e+02
1	2	5	48	8.6014197e+02
1	2	5	49	8.9673920e+02
1	2	5	50	9.4652985e+02
1	2	5	51	1.4646414e+03
1	2	5	52	1.4856117e+03
1	2	5	53	1.1846501e+03
1	2	5	54	1.1954458e+03
1	2	5	55	1.2049753e+03
1	2	5	56	1.3748679e+03
1	2	5	57	1.3052891e+03
1	2	5	58	1.1497032e+03
1	2	5	59	1.2352472e+03
1	2	5	60	1.3193733e+03
1	2	5	61	1.0642450e+03
1	2	5	62	1.1135137e+03
1	2	5	63	1.2594978e+03
1	2	6	0	3.8383633e+02
1	2	6	1	2.9989697e+02
1	2	6	2	2.2305695e+02
1	2	6	3	3.1692606e+02
1	2	6	4	2.1140233e+02
1	2	6	5	2.7653629e+02
1	2	6	6	1.7309566e+02
1	2	6	7	3.0748401e+02
1	2	6	8	3.1010788e+02
1	2	6	9	2.7901123e+02
1	2	6	10	1.8569337e+02
1	2	6	11	3.4933096e+02
1	2	6	12	7.8573227e+01
1	2	6	13	2.1538799e+02
1	2	6	14	2.4687175e+02
1	2	6	15	1.9141472e+02
1	2	6	16	1.2488709e+02
1	2	6	17	1.0740253e+02
1	2	6	18	1.2332001e+02
1	2	6	19	1.6925386e+02
1	2	6	20	2.0864183e+02
1	2	6	21	1.2323712e+02
1	2	6	22	1.0847184e+02
1	2	6	23	1.9066176e+02
1	2	6	24	5.4552147e+01
1	2	6	25	1.1178499e+02
1	2	6	26	4.9732113e+01
1	2	6	27	9.1400978e+01
1	2	6	28	1.1257732e+02
1	2	6	29	2.8149178e+00
1	2	6	30	9.7028122e+01
1	2	6	31	1.5457969e+01
1	2	6	32	9.7240267e+00
1	2	6	33	-8.4831076e+00
1	2	6	34	6.6937903e+02
1	2	6	35	6.4826868e+02
1	2	6	36	6.7174658e+02
1	2	6	37	7.0894147e+02
1	2	6	38	6.4214856e+02
1	2	6	39	6.6281659e+02
1	2	6	40	6.8136981e+02
1	2	6	41	5.0799121e+02
1	2	6	42	6.9248407e+02
1	2	6	43	6.7457062e+02
1	2	6	44	6.9572638e+02
1	2	6	45	6.6078613e+02
1	2	6	46	6.7590778e+02
1	2	6	47	6.2545392e+02
1	2	6	48	6.4750763e+02
1	2	6	49	6.5419116e+02
1	2	6	50	6.9141248e+02
1	2	6	51	1.1742468e+03
1	2	6	52	1.3099546e+03
1	2	6	53	9.4205676e+02
1	2	6	54	9.1299847e+02
1	2	6	55	8.9886237e+02
1	2	6	56	1.0109225e+03
1	2	6	57	1.0887139e+03
1	2	6	58	1.1015515e+03
1	2	6	59	9.6704626e+02
1	2	6	60	9.0530542e+02
1	2	6	61	8.5636420e+02
1	2	6	62	9.1647205e+02
1	2	6	63	9.1034784e+02
1	2	7	0	4.0830994e+02
1	2	7	1	4.0184052e+02
1	2	7	2	4.3089655e+02
1	2	7	3	3.5284335e+02
1	2	7	4	4.0724731e+02
1	2	7	5	3.9279544e+02
1	2	7	6	3.8659503e+02
1	2	7	7	4.4407550e+02
1	2	7	8	3.5988425e+02
1	2	7	9	4.5107867e+02
1	2	7	10	3.3754550e+02
1	2	7	11	4.3979059e+02
1	2	7	12	3.8299173e+02
1	2	7	13	3.7545950e+02
1	2	7	14	2.3559045e+02
1	2	7	15	3.4999081e+02
1	2	7	16	2.0560750e+02
1	2	7	17	2.5234294e+02
1	2	7	18	2.1336377e+02
1	2	7	19	2.7722235e+02
1	2	7	20	2.3797382e+02
1	2	7	21	1.4993939e+02
1	2	7	22	2.7834109e+02
1	2	7	23	2.3632594e+02
1	2	7	24	2.0548689e+02
1	2	7	25	3.1986346e+02
1	2	7	26	2.0052106e+02
1	2	7	27	2.1119122e+02
1	2	7	28	2.6849182e+02
1	2	7	29	3.0958545e+02
1	2	7	30	3.3468982e+02
1	2	7	31	2.1247556e+02
1	2	7	32	2.3736827e+02
1	2	7	33	2.3442888e+02
1	2	7	34	8.8527661e+02
1	2	7	35	8.7260071e+02
1	2	7	36	9.1658453e+02
1	2	7	37	8.6522583e+02
1	2	7	38	9.0262012e+02
1	2	7	39	9.2874194e+02
1	2	7	40	9.9870300e+02
1	2	7	41	9.9389288e+02
1	2	7	42	1.0089183e+03
1	2	7	43	9.2029559e+02
1	2	7	44	1.0449907e+03
1	2	7	45	9.9031970e+02
1	2	7	46	1.0134481e+03
1	2	7	47	9.7745520e+02
1	2	7	48	1.0634335e+03
1	2	7	49	9.5728320e+02
1	2	7	50	1.0445763e+03
1	2	7	51	1.5461094e+03
1	2	7	52	1.5707792e+03
1	2	7	53	1.1726514e+03
1	2	7	54	1.1882917e+03
1	2	7	55	1.2256849e+03
1	2	7	56	1.3848003e+03
1	2	7	57	1.2581149e+03
1	2	7	58	1.1930100e+03
1	2	7	59	1.2118835e+03
1	2	7	60	1.2568090e+03
1	2	7	61	1.1419883e+03
1	2	7	62	1.2176698e+03
1	2	7	63	1.3297305e+03
1	2	8	0	2.2690058e+01
1	2	8	1	-1.0133513e+02
1	2	8	2	-2.9989304e+01
1	2	8	3	3.3608215e+01
1	2	8	4	-1.4748637e+02
1	2	8	5	-3.7758286e+01
1	2	8	6	-2.2470314e+02
1	2	8	7	3.5204952e+00
1	2	8	8	-2.6867886e+01
1	2	8	9	-3.2538631e+01
1	2	8	10	-5.7475006e+01
1	2	8	11	-4.6810594e+00
1	2	8	12	-1.4629404e+02
1	2	8	13	-9.2674355e+01
1	2	8	14	-4.2665203e+01
1	2	8	15	-5.9571102e+01
1	2	8	16	-1.2968311e+02
1	2	8	17	-1.3096382e+02
1	2	8	18	-6.9464622e+01
1	2	8	19	-1.9029199e+02
1	2	8	20	-6.1137432e+01
1	2	8	21	-8.1124588e+01
1	2	8	22	-1.5583582e+02
1	2	8	23	-2.0967227e+02
1	2	8	24	-1.4916313e+02
1	2	8	25	-1.9285426e+02
1	2	8	26	-2.5289973e+02
1	2	8	27	-2.3455695e+02
1	2	8	28	-1.7866141e+02
1	2	8	29	-2.3641458e+02
1	2	8	30	-1.4817694e+02
1	2	8	31	-2.8450513e+02
1	2	8	32	-2.9260114e+02
1	2	8	33	-3.2061398e+02
1	2	8	34	4.0584839e+02
1	2	8	35	4.4452155e+02
1	2	8	36	4.5539709e+02
1	2	8	37	4.1628397e+02
1	2	8	38	3.2601157e+02
1	2	8	39	3.6838754e+02
1	2	8	40	3.9581824e+02
1	2	8	41	2.5340225e+02
1	2	8	42	3.5054507e+02
1	2	8	43	3.5447824e+02
1	2	8	44	4.3546091e+02
1	2	8	45	3.0731345e+02
1	2	8	46	3.1307037e+02
1	2	8	47	2.8671759e+02
1	2	8	48	3.3731116e+02
1	2	8	49	3.4767181e+02
1	2	8	50	4.5218875e+02
1	2	8	51	9.7273041e+02
1	2	8	52	1.0181685e+03
1	2	8	53	5.1174362e+02
1	2	8	54	6.1456439e+02
1	2	8	55	6.3825964e+02
1	2	8	56	7.8349109e+02
1	2	8	57	8.8537872e+02
1	2	8	58	7.8795929e+02
1	2	8	59	6.5233032e+02
1	2	8	60	6.6721588e+02
1	2	8	61	6.2705908e+02
1	2	8	62	6.8915387e+02
1	2	8	63	6.9080511e+02
1	2	9	0	3.4496756e+02
1	2	9	1	3.0075815e+02
1	2	9	2	3.0742050e+02
1	2	9	3	2.9272806e+02
1	2	9	4	2.9222607e+02
1	2	9	5	1.7950758e+02
1	2	9	6	3.0751184e+02
1	2	9	7	2.4558855e+02
1	2	9	8	2.3769426e+02
1	2	9	9	3.0101862e+02
1	2	9	10	1.4101367e+02
1	2	9	11	3.1736057e+02
1	2	9	12	1.1602052e+02
1	2	9	13	2.7625562e+02
1	2	9	14	2.1097289e+02
1	2	9	15	2.2934558e+02
1	2	9	16	1.0638182e+02
1	2	9	17	1.1113155e+02
1	2	9	18	1.5791733e+02
1	2	9	19	1.7079771e+02
1	2	9	20	1.7597908e+02
1	2	9	21	1.1529118e+02
1	2	9	22	9.1208580e+01
1	2	9	23	2.0995467e+02
1	2	9	24	1.5780258e+02
1	2	9	25	1.0303098e+02
1	2	9	26	8.1723503e+01
1	2	9	27	2.1369141e+02
1	2	9	28	2.0133339e+02
1	2	9	29	1.7169711e+02
1	2	9	30	2.8623767e+02
1	2	9	31	1.7727142e+02
1	2	9	32	1.2514225e+02
1	2	9	33	1.5831487e+02
1	2	9	34	8.4260901e+02
1	2	9	35	7.5920465e+02
1	2	9	36	8.6930206e+02
1	2	9	37	8.8875629e+02
1	2	9	38	8.0935529e+02
1	2	9	39	8.0321442e+02
1	2	9	40	8.9534631e+02
1	2	9	41	7.6727692e+02
1	2	9	42	9.5347833e+02
1	2	9	43	7.2846295e+02
1	2	9	44	1.0181608e+03
1	2	9	45	8.3721289e+02
1	2	9	46	8.9558807e+02
1	2	9	47	9.1355499e+02
1	2	9	48	8.4023651e+02
1	2	9	49	9.2142859e+02
1	2	9	50	8.6396838e+02
1	2	9	51	1.4121569e+03
1	2	9	52	1.4799470e+03
1	2	9	53	1.0599814e+03
1	2	9	54	1.1054098e+03
1	2	9	55	1.1952693e+03
1	2	9	56	1.2870830e+03
1	2	9	57	1.2106793e+03
1	2	9	58	1.0625074e+03
1	2	9	59	1.0188177e+03
1	2	9	60	1.1437495e+03
1	2	9	61	1.0309073e+03
1	2	9	62	1.0722892e+03
1	2	9	63	1.1968074e+03
1	2	10	0	3.8757593e+02
1	2	10	1	3.6657648e+02
1	2	10	2	3.4152286e+02
1	2	10	3	3.6269510e+02
1	2	10	4	2.2203514e+02
1	2	10	5	3.3834702e+02
1	2	10	6	3.4229761e+02
1	2	10	7	5.8039075e+02
1	2	10	8	3.3303860e+02
1	2	10	9	4.2686945e+02
1	2	10	10	3.1061697e+02
1	2	10	11	2.4519734e+02
1	2	10	12	2.0989751e+02
1	2	10	13	3.2332434e+02
1	2	10	14	3.4625043e+02
1	2	10	15	4.1398407e+02
1	2	10	16	1.4303891e+02
1	2	10	17	1.5984183e+02
1	2	10	18	2.1019440e+02
1	2	10	19	1.6145166e+02
1	2	10	20	2.5058452e+02
1	2	10	21	2.8237146e+02
1	2	10	22	2.3362802e+02
1	2	10	23	2.2587175e+02
1	2	10	24	4.8327251e+01
1	2	10	25	2.0926660e+02
1	2	10	26	1.0611703e+02
1	2	10	27	1.3248926e+02
1	2	10	28	1.6739772e+02
1	2	10	29	1.6930997e+02
1	2	10	30	1.5060349e+02
1	2	10	31	1.6428191e+02
1	2	10	32	1.0756440e+02
1	2	10	33	4.8094398e+01
1	2	10	34	6.6180750e+02
1	2	10	35	8.1061652e+02
1	2	10	36	6.5218414e+02
1	2	10	37	6.8004327e+02
1	2	10	38	7.6621344e+02
1	2	10	39	6.8012720e+02
1	2	10	40	8.2214185e+02
1	2	10	41	7.2934924e+02
1	2	10	42	7.6707739e+02
1	2	10	43	7.8022229e+02
1	2	10	44	8.2079272e+02
1	2	10	45	6.7792279e+02
1	2	10	46	7.9194348e+02
1	2	10	47	6.8350818e+02
1	2	10	48	7.4541162e+02
1	2	10	49	7.8652643e+02
1	2	10	50	8.1452753e+02
1	2	10	51	1.4177490e+03
1	2	10	52	1.3326812e+03
1	2	10	53	1.0659105e+03
1	2	10	54	9.8800537e+02
1	2	10	55	1.0002303e+03
1	2	10	56	1.0743453e+03
1	2	10	57	1.1527889e+03
1	2	10	58	1.1251959e+03
1	2	10	59	1.0637675e+03
1	2	10	60	1.0717225e+03
1	2	10	61	1.0198803e+03
1	2	10	62	1.0662799e+03
1	2	10	63	1.0968842e+03
1	2	11	0	3.7584357e+02
1	2	11	1	4.1558633e+02
1	2	11	2	3.6673920e+02
1	2	11	3	3.6284402e+02
1	2	11	4	3.7277982e+02
1	2	11	5	3.5117694e+02
1	2	11	6	3.2950586e+02
1	2	11	7	3.7552618e+02
1	2	11	8	3.1589630e+02
1	2	11	9	-6.2185933e+03
1	2	11	10	3.2343488e+02
1	2	11	11	4.3734842e+02
1	2	11	12	2.1213976e+02
1	2	11	13	3.7802167e+02
1	2	11	14	2.7441107e+02
1	2	11	15	3.2426685e+02
1	2	11	16	1.5807245e+02
1	2	11	17	2.7672491e+02
1	2	11	18	2.7403549e+02
1	2	11	19	3.9176837e+02
1	2	11	20	2.3747632e+02
1	2	11	21	2.7487762e+02
1	2	11	22	2.7299335e+02
1	2	11	23	3.2556561e+02
1	2	11	24	2.0180688e+02
1	2	11	25	2.0949135e+02
1	2	11	26	3.3998831e+02
1	2	11	27	2.2729163e+02
1	2	11	28	2.5994946e+02
1	2	11	29	3.0078668e+02
1	2	11	30	2.2430986e+02
1	2	11	31	1.6552412e+02
1	2	11	32	1.9098795e+02
1	2	11	33	3.0085745e+02
1	2	11	34	9.5833942e+02
1	2	11	35	-6.2185933e+03
1	2	11	36	9.4359363e+02
1	2	11	37	9.1696674e+02
1	2	11	38	9.0343665e+02
1	2	11	39	1.1090582e+03
1	2	11	40	1.0504694e+03
1	2	11	41	9.7371417e+02
1	2	11	42	1.0231705e+03
1	2	11	43	9.4509094e+02
1	2	11	44	1.1500986e+03
1	2	11	45	8.9961841e+02
1	2	11	46	1.0073190e+03
1	2	11	47	9.6211121e+02
1	2	11	48	9.6083514e+02
1	2	11	49	1.0724606e+03
1	2	11	50	1.1169397e+03
1	2	11	51	1.5086642e+03
1	2	11	52	1.6407467e+03
1	2	11	53	1.1566538e+03
1	2	11	54	1.1899985e+03
1	2	11	55	1.1936207e+03
1	2	11	56	1.3427717e+03
1	2	11	57	1.2680557e+03
1	2	11	58	1.2181836e+03
1	2	11	59	1.1607318e+03
1	2	11	60	1.3281123e+03
1	2	11	61	1.1288169e+03
1	2	11	62	1.1082014e+03
1	2	11	63	1.3275350e+03
1	2	12	0	5.3184363e+02
1	2	12	1	4.6172049e+02
1	2	12	2	4.9753821e+02
1	2	12	3	5.0280090e+02
1	2	12	4	4.1317770e+02
1	2	12	5	4.3121774e+02
1	2	12	6	3.6487262e+02
1	2	12	7	5.2546484e+02
1	2	12	8	4.1447830e+02
1	2	12	9	4.7339865e+02
1	2	12	10	3.1489435e+02
1	2	12	11	4.1985941e+02
1	2	12	12	3.5996313e+02
1	2	12	13	4.1082217e+02
1	2	12	14	4.1891122e+02
1	2	12	15	4.4140314e+02
1	2	12	16	3.5228677e+02
1	2	12	17	3.0876114e+02
1	2	12	18	2.9870660e+02
1	2	12	19	2.7816119e+02
1	2	12	20	3.3267987e+02
1	2	12	21	4.3053625e+02
1	2	12	22	4.3473758e+02
1	2	12	23	3.1613971e+02
1	2	12	24	2.4337303e+02
1	2	12	25	3.5175742e+02
1	2	12	26	2.8847467e+02
1	2	12	27	2.8151663e+02
1	2	12	28	-4.3053638e+03
1	2	12	29	2.7698413e+02
1	2	12	30	1.8053606e+02
1	2	12	31	1.7577255e+02
1	2	12	32	2.1611514e+02
1	2	12	33	1.8229915e+02
1	2	12	34	8.8119183e+02
1	2	12	35	9.1369629e+02
1	2	12	36	9.1574969e+02
1	2	12	37	8.6655267e+02
1	2	12	38	8.7248065e+02
1	2	12	39	9.4496521e+02
1	2	12	40	8.5179926e+02
1	2	12	41	7.9036707e+02
1	2	12	42	9.1836035e+02
1	2	12	43	9.0944849e+02
1	2	12	44	9.2676953e+02
1	2	12	45	9.2201276e+02
1	2	12	46	-6.2185933e+03
1	2	12	47	7.9711578e+02
1	2	12	48	9.2584125e+02
1	2	12	49	8.6205853e+02
1	2	12	50	9.1212439e+02
1	2	12	51	1.4694307e+03
1	2	12	52	1.4688163e+03
1	2	12	53	1.0814951e+03
1	2	12	54	1.1064130e+03
1	2	12	55	1.1150054e+03
1	2	12	56	1.2860767e+03
1	2	12	57	1.3396078e+03
1	2	12	58	1.2748271e+03
1	2	12	59	1.0949036e+03
1	2	12	60	1.1911926e+03
1	2	12	61	1.1055426e+03
1	2	12	62	1.2025344e+03
1	2	12	63	1.2153179e+03
1	2	13	0	6.5852356e+02
1	2	13	1	5.9458154e+02
1	2	13	2	5.9392444e+02
1	2	13	3	5.7771460e+02
1	2	13	4	5.5485742e+02
1	2	13	5	6.4451349e+02
1	2	13	6	5.6398041e+02
1	2	13	7	5.2468085e+02
1	2	13	8	5.5037439e+02
1	2	13	9	5.6571045e+02
1	2	13	10	1.8388286e+02
1	2	13	11	5.8269922e+02
1	2	13	12	5.0939270e+02
1	2	13	13	4.9509262e+02
1	2	13	14	3.9033313e+02
1	2	13	15	4.8441357e+02
1	2	13	16	3.4820468e+02
1	2	13	17	3.2756168e+02
1	2	13	18	3.4943835e+02
1	2	13	19	4.0407944e+02
1	2	13	20	4.2991208e+02
1	2	13	21	4.1190067e+02
1	2	13	22	4.3756421e+02
1	2	13	23	5.1354688e+02
1	2	13	24	4.0771405e+02
1	2	13	25	5.0894138e+02
1	2	13	26	4.5829904e+02
1	2	13	27	4.8020389e+02
1	2	13	28	4.3957864e+02
1	2	13	29	4.6464758e+02
1	2	13	30	4.4447006e+02
1	2	13	31	3.4507809e+02
1	2	13	32	3.7028650e+02
1	2	13	33	3.9627432e+02
1	2	13	34	1.0125775e+03
1	2	13	35	1.0048811e+03
1	2	13	36	1.0605153e+03
1	2	13	37	1.0677263e+03
1	2	13	38	1.0089751e+03
1	2	13	39	1.0692015e+03
1	2	13	40	1.0847653e+03
1	2	13	41	1.1123110e+03
1	2	13	42	1.1084446e+03
1	2	13	43	1.0006605e+03
1	2	13	44	1.1346671e+03
1	2	13	45	1.0936663e+03
1	2	13	46	9.6835175e+02
1	2	13	47	1.1345479e+03
1	2	13	48	1.1684165e+03
1	2	13	49	1.0907192e+03
1	2	13	50	1.1864512e+03
1	2	13	51	1.6498069e+03
1	2	13	52	1.6363524e+03
1	2	13	53	1.3373026e+03
1	2	13	54	1.3748608e+03
1	2	13	55	1.3868907e+03
1	2	13	56	1.5106515e+03
1	2	13	57	1.4714429e+03
1	2	13	58	1.3031965e+03
1	2	13	59	1.3132584e+03
1	2	13	60	1.3448644e+03
1	2	13	61	1.2315121e+03
1	2	13	62	1.3222657e+03
1	2	13	63	1.4490601e+03
1	2	14	0	5.7020276e+02
1	2	14	1	3.6371912e+02
1	2	14	2	4.9905530e+02
1	2	14	3	5.0584766e+02
1	2	14	4	3.5719757e+02
1	2	14	5	3.0175848e+02
1	2	14	6	4.0234225e+02
1	2	14	7	4.9304803e+02
1	2	14	8	4.5277396e+02
1	2	14	9	5.9987952e+02
1	2	14	10	3.4761090e+02
1	2	14	11	4.7630786e+02
1	2	14	12	4.4584171e+02
1	2	14	13	3.8184055e+02
1	2	14	14	4.5910092e+02
1	2	14	15	4.1778214e+02
1	2	14	16	2.7972586e+02
1	2	14	17	2.8048608e+02
1	2	14	18	3.6931226e+02
1	2	14	19	2.9521640e+02
1	2	14	20	5.2894855e+02
1	2	14	21	3.7359421e+02
1	2	14	22	3.2355573e+02
1	2	14	23	3.2926794e+02
1	2	14	24	2.4746150e+02
1	2	14	25	2.7098013e+02
1	2	14	26	3.0963681e+02
1	2	14	27	2.6571652e+02
1	2	14	28	2.6696838e+02
1	2	14	29	2.3235603e+02
1	2	14	30	2.8678397e+02
1	2	14	31	2.5663046e+02
1	2	14	32	2.2319592e+02
1	2	14	33	2.1462369e+02
1	2	14	34	8.3536310e+02
1	2	14	35	9.7638257e+02
1	2	14	36	9.8617157e+02
1	2	14	37	9.6165741e+02
1	2	14	38	9.2705438e+02
1	2	14	39	9.2677222e+02
1	2	14	40	9.4582019e+02
1	2	14	41	8.4970941e+02
1	2	14	42	8.9269794e+02
1	2	14	43	9.9687415e+02
1	2	14	44	9.9804590e+02
1	2	14	45	8.5920782e+02
1	2	14	46	9.3539630e+02
1	2	14	47	9.3489380e+02
1	2	14	48	8.8780664e+02
1	2	14	49	9.7116724e+02
1	2	14	50	9.9587189e+02
1	2	14	51	1.5746653e+03
1	2	14	52	1.4511390e+03
1	2	14	53	1.1373923e+03
1	2	14	54	1.2341375e+03
1	2	14	55	1.1333406e+03
1	2	14	56	1.2638096e+03
1	2	14	57	1.3759369e+03
1	2	14	58	1.3316322e+03
1	2	14	59	1.2397106e+03
1	2	14	60	1.1150791e+03
1	2	14	61	1.1213401e+03
1	2	14	62	1.3228518e+03
1	2	14	63	1.1869321e+03
1	2	15	0	5.8889954e+02
1	2	15	1	5.8080151e+02
1	2	15	2	5.4091138e+02
1	2	15	3	5.4707959e+02
1	2	15	4	5.7265094e+02
1	2	15	5	5.9578870e+02
1	2	15	6	5.3023767e+02
1	2	15	7	4.9934613e+02
1	2	15	8	5.3984070e+02
1	2	15	9	6.0209808e+02
1	2	15	10	4.7996735e+02
1	2	15	11	5.6455157e+02
1	2	15	12	4.0607104e+02
1	2	15	13	4.8063574e+02
1	2	15	14	5.6132104e+02
1	2	15	15	4.3095737e+02
1	2	15	16	5.0679050e+02
1	2	15	17	4.2903287e+02
1	2	15	18	3.5331577e+02
1	2	15	19	4.4763797e+02
1	2	15	20	3.6698770e+02
1	2	15	21	4.5481473e+02
1	2	15	22	4.0177914e+02
1	2	15	23	5.8314618e+02
1	2	15	24	4.0597015e+02
1	2	15	25	5.1442291e+02
1	2	15	26	4.2943896e+02
1	2	15	27	4.1763950e+02
1	2	15	28	4.5441241e+02
1	2	15	29	4.8829059e+02
1	2	15	30	4.4388284e+02
1	2	15	31	3.7620175e+02
1	2	15	32	3.4739124e+02
1	2	15	33	5.1274133e+02
1	2	15	34	1.0547764e+03
1	2	15	35	1.0411147e+03
1	2	15	36	1.2429342e+03
1	2	15	37	1.2210228e+03
1	2	15	38	1.1377731e+03
1	2	15	39	1.1064747e+03
1	2	15	40	1.2222656e+03
1	2	15	41	1.1506514e+03
1	2	15	42	1.1763992e+03
1	2	15	43	1.0999116e+03
1	2	15	44	1.2189159e+03
1	2	15	45	1.1997644e+03
1	2	15	46	1.2555292e+03
1	2	15	47	1.3204038e+03
1	2	15	48	1.2428409e+03
1	2	15	49	1.0971141e+03
1	2	15	50	1.1497128e+03
1	2	15	51	1.8349644e+03
1	2	15	52	1.8734219e+03
1	2	15	53	1.4131384e+03
1	2	15	54	1.4366273e+03
1	2	15	55	1.5011779e+03
1	2	15	56	1.6221207e+03
1	2	15	57	1.6011686e+03
1	2	15	58	1.4559348e+03
1	2	15	59	1.4244786e+03
1	2	15	60	1.5840157e+03
1	2	15	61	1.3959814e+03
1	2	15	62	1.4882886e+03
1	2	15	63	1.5961844e+03
