0	0	0	0	4.5715965e+01
0	0	0	1	-8.0895828e+01
0	0	0	2	1.2414683e+02
0	0	0	3	-5.0730156e+01
0	0	0	4	-2.9296505e+01
0	0	0	5	-3.4033062e+01
0	0	0	6	1.1343511e+01
0	0	0	7	-1.2196613e+01
0	0	0	8	-3.5379623e+01
0	0	0	9	1.1840674e+02
0	0	0	10	-4.3172642e+01
0	0	0	11	5.5859413e+01
0	0	0	12	-1.7078844e+02
0	0	0	13	-8.0067436e+01
0	0	0	14	-7.5888947e+01
0	0	0	15	-5.4990923e-01
0	0	0	16	-1.7330983e+02
0	0	0	17	-2.3262651e+02
0	0	0	18	-9.5776268e+01
0	0	0	19	-2.4202197e+02
0	0	0	20	-1.7220543e+02
0	0	0	21	-1.5161522e+02
0	0	0	22	-2.3654044e+02
0	0	0	23	-1.4162210e+02
0	0	0	24	-1.8249338e+02
0	0	0	25	-1.1759811e+02
0	0	0	26	-2.1326189e+02
0	0	0	27	-1.8583757e+02
0	0	0	28	-1.4181087e+02
0	0	0	29	-1.7984508e+02
0	0	0	30	-1.5100296e+02
0	0	0	31	-1.1522519e+02
0	0	0	32	-1.4857448e+02
0	0	0	33	-2.1126282e+02
0	0	0	34	6.2644904e+02
0	0	0	35	5.6570038e+02
0	0	0	36	5.8238861e+02
0	0	0	37	5.4768701e+02
0	0	0	38	5.5622968e+02
0	0	0	39	6.8124042e+02
0	0	0	40	5.3926929e+02
0	0	0	41	5.9775574e+02
0	0	0	42	7.0392023e+02
0	0	0	43	6.7384338e+02
0	0	0	44	6.9861395e+02
0	0	0	45	6.3044366e+02
0	0	0	46	7.4102661e+02
0	0	0	47	6.6532629e+02
0	0	0	48	6.8835651e+02
0	0	0	49	5.7219550e+02
0	0	0	50	6.2751599e+02
0	0	0	51	1.2194161e+03
0	0	0	52	1.2723228e+03
0	0	0	53	8.0228784e+02
0	0	0	54	8.5775037e+02
0	0	0	55	9.1206488e+02
0	0	0	56	1.1385897e+03
0	0	0	57	1.0160002e+03
0	0	0	58	9.2000690e+02
0	0	0	59	8.5525421e+02
0	0	0	60	9.5168402e+02
0	0	0	61	7.2048712e+02
0	0	0	62	8.2186145e+02
0	0	0	63	9.6022296e+02
0	0	1	0	3.1173001e+02
0	0	1	1	2.1528450e+02
0	0	1	2	1.3769171e+02
0	0	1	3	1.4046066e+02
0	0	1	4	1.0720555e+02
0	0	1	5	2.9496979e+02
0	0	1	6	1.3337312e+02
0	0	1	7	2.0223004e+02
0	0	1	8	9.3012787e+01
0	0	1	9	1.6145160e+02
0	0	1	10	2.3324361e+02
0	0	1	11	9.6457596e+01
0	0	1	12	8.9407196e+01
0	0	1	13	1.8163809e+02
0	0	1	14	4.1558937e+01
0	0	1	15	9.5250244e+01
0	0	1	16	8.6994743e+01
0	0	1	17	1.8653606e+02
0	0	1	18	1.9828888e+02
0	0	1	19	1.8624078e+02
0	0	1	20	6.9001694e+01
0	0	1	21	6.9057686e+01
0	0	1	22	6.2950150e+01
0	0	1	23	8.0308830e+01
0	0	1	24	1.1230925e+02
0	0	1	25	1.1189125e+02
0	0	1	26	-3.2634167e+01
0	0	1	27	8.7577385e+01
0	0	1	28	5.8101185e+01
0	0	1	29	1.3049180e+01
0	0	1	30	1.2366309e+02
0	0	1	31	9.7456236e+00
0	0	1	32	1.6508207e+01
0	0	1	33	1.1054323e+01
0	0	1	34	6.4919897e+02
0	0	1	35	6.2546088e+02
0	0	1	36	6.8376263e+02
0	0	1	37	6.5300787e+02
0	0	1	38	7.9970435e+02
0	0	1	39	6.2687030e+02
0	0	1	40	7.1311584e+02
0	0	1	41	6.2665289e+02
0	0	1	42	6.9501215e+02
0	0	1	43	6.5345703e+02
0	0	1	44	6.4109607e+02
0	0	1	45	6.8899744e+02
0	0	1	46	6.9566302e+02
0	0	1	47	6.2693359e+02
0	0	1	48	6.5768652e+02
0	0	1	49	5.6628986e+02
0	0	1	50	7.0884589e+02
0	0	1	51	1.3295923e+03
0	0	1	52	1.2900519e+03
0	0	1	53	8.7392834e+02
0	0	1	54	9.4675403e+02
0	0	1	55	8.8429498e+02
0	0	1	56	1.0635765e+03
0	0	1	57	1.0578259e+03
0	0	1	58	1.0110035e+03
0	0	1	59	9.4569708e+02
0	0	1	60	9.8496423e+02
0	0	1	61	9.7784082e+02
0	0	1	62	9.9978143e+02
0	0	1	63	1.0323329e+03
0	0	2	0	2.8501617e+02
0	0	2	1	1.6374950e+02
0	0	2	2	2.4427269e+02
0	0	2	3	2.5265668e+02
0	0	2	4	2.0303215e+02
0	0	2	5	2.2419907e+02
0	0	2	6	2.6285864e+02
0	0	2	7	2.6361798e+02
0	0	2	8	1.9935922e+02
0	0	2	9	4.2136804e+02
0	0	2	10	1.5718230e+02
0	0	2	11	2.1774274e+02
0	0	2	12	7.8812141e+01
0	0	2	13	1.3315602e+02
0	0	2	14	2.0064697e+02
0	0	2	15	2.3178448e+02
0	0	2	16	1.1311821e+02
0	0	2	17	6.7275085e+01
0	0	2	18	2.2897877e+01
0	0	2	19	4.8306946e+01
0	0	2	20	5.1699688e+01
0	0	2	21	1.2320235e+02
0	0	2	22	1.3560237e+02
0	0	2	23	1.1339367e+02
0	0	2	24	-1.5986138e+01
0	0	2	25	1.1331628e+02
0	0	2	26	2.2764645e+02
0	0	2	27	1.1173859e+02
0	0	2	28	6.5754951e+01
0	0	2	29	1.2868457e+02
0	0	2	30	1.6472293e+02
0	0	2	31	8.4711937e+01
0	0	2	32	7.2460724e+01
0	0	2	33	9.6453789e+01
0	0	2	34	7.1448651e+02
0	0	2	35	7.7867126e+02
0	0	2	36	8.3100378e+02
0	0	2	37	7.9393237e+02
0	0	2	38	7.4240625e+02
0	0	2	39	7.5101843e+02
0	0	2	40	7.9703900e+02
0	0	2	41	7.3391638e+02
0	0	2	42	8.2086969e+02
0	0	2	43	8.4166345e+02
0	0	2	44	7.5597107e+02
0	0	2	45	7.7581519e+02
0	0	2	46	8.1392407e+02
0	0	2	47	7.9982886e+02
0	0	2	48	8.7329333e+02
0	0	2	49	8.7391663e+02
0	0	2	50	7.8090991e+02
0	0	2	51	1.4807644e+03
0	0	2	52	1.4621251e+03
0	0	2	53	1.0833923e+03
0	0	2	54	1.2353379e+03
0	0	2	55	1.1009742e+03
0	0	2	56	1.3202982e+03
0	0	2	57	1.1844167e+03
0	0	2	58	1.1254445e+03
0	0	2	59	1.0764752e+03
0	0	2	60	1.2116077e+03
0	0	2	61	1.0597827e+03
0	0	2	62	1.0553734e+03
0	0	2	63	1.1948811e+03
0	0	3	0	2.2743863e+02
0	0	3	1	3.7042690e+01
0	0	3	2	2.2259681e+00
0	0	3	3	-4.0456730e+01
0	0	3	4	-3.1905899e+01
0	0	3	5	5.6972500e+01
0	0	3	6	-3.0122921e+01
0	0	3	7	9.1090889e+00
0	0	3	8	-4.5703411e+00
0	0	3	9	-9.6588287e+00
0	0	3	10	2.1852381e+01
0	0	3	11	-3.7168087e+01
0	0	3	12	-6.2836773e+01
0	0	3	13	-4.1957340e+01
0	0	3	14	-5.3231895e+01
0	0	3	15	2.5123434e+01
0	0	3	16	-4.9945503e+01
0	0	3	17	-5.5574501e-01
0	0	3	18	-9.9222893e+01
0	0	3	19	-3.6772942e+01
0	0	3	20	-1.8244983e+02
0	0	3	21	-1.6837791e+02
0	0	3	22	-7.8418816e+01
0	0	3	23	-1.5685328e+01
0	0	3	24	-2.4720950e+02
0	0	3	25	-1.7590366e+02
0	0	3	26	-1.8354321e+02
0	0	3	27	-1.1713734e+02
0	0	3	28	-2.0973552e+02
0	0	3	29	-2.4586255e+02
0	0	3	30	-2.5493925e+02
0	0	3	31	-2.1365619e+02
0	0	3	32	-1.8729543e+02
0	0	3	33	-2.7235721e+02
0	0	3	34	5.0541074e+02
0	0	3	35	4.0122900e+02
0	0	3	36	4.2473621e+02
0	0	3	37	3.8532275e+02
0	0	3	38	5.1268494e+02
0	0	3	39	4.1455179e+02
0	0	3	40	4.4812555e+02
0	0	3	41	4.3378207e+02
0	0	3	42	4.6582416e+02
0	0	3	43	4.3322839e+02
0	0	3	44	4.7943677e+02
0	0	3	45	3.5930765e+02
0	0	3	46	4.1204819e+02
0	0	3	47	3.2206824e+02
0	0	3	48	3.3984546e+02
0	0	3	49	4.3723975e+02
0	0	3	50	4.1745831e+02
0	0	3	51	9.1776129e+02
0	0	3	52	1.0022026e+03
0	0	3	53	6.7580817e+02
0	0	3	54	7.1571246e+02
0	0	3	55	7.2189160e+02
0	0	3	56	8.6165308e+02
0	0	3	57	8.5163940e+02
0	0	3	58	7.4184338e+02
0	0	3	59	7.2657336e+02
0	0	3	60	6.6323193e+02
0	0	3	61	6.7208606e+02
0	0	3	62	6.5543317e+02
0	0	3	63	7.1151099e+02
0	0	4	0	-1.4050060e+02
0	0	4	1	-1.8967247e+02
0	0	4	2	-8.8015945e+01
0	0	4	3	-1.9847021e+02
0	0	4	4	-1.5821925e+02
0	0	4	5	-1.0998326e+02
0	0	4	6	-7.6702614e+01
0	0	4	7	-1.8625021e+02
0	0	4	8	-2.3419812e+02
0	0	4	9	-1.0815990e+02
0	0	4	10	-1.9245546e+02
0	0	4	11	-1.2447067e+02
0	0	4	12	-2.5973795e+02
0	0	4	13	-1.9106377e+02
0	0	4	14	-1.8771648e+02
0	0	4	15	-2.2077464e+02
0	0	4	16	-3.1182001e+02
0	0	4	17	-3.8949246e+02
0	0	4	18	-3.0958472e+02
0	0	4	19	-3.6866824e+02
0	0	4	20	-3.2759564e+02
0	0	4	21	-3.8655359e+02
0	0	4	22	-2.6002463e+02
0	0	4	23	-3.4038025e+02
0	0	4	24	-3.3099539e+02
0	0	4	25	-2.7195557e+02
0	0	4	26	-2.7654645e+02
0	0	4	27	-1.8321097e+02
0	0	4	28	-2.9416333e+02
0	0	4	29	-3.3821948e+02
0	0	4	30	-3.0112674e+02
0	0	4	31	-2.9663730e+02
0	0	4	32	-3.0895395e+02
0	0	4	33	-3.5513409e+02
0	0	4	34	4.4984024e+02
0	0	4	35	4.0398395e+02
0	0	4	36	4.2384360e+02
0	0	4	37	3.8581320e+02
0	0	4	38	3.9822598e+02
0	0	4	39	4.3493893e+02
0	0	4	40	4.2111157e+02
0	0	4	41	4.2276971e+02
0	0	4	42	4.6741724e+02
0	0	4	43	4.6206870e+02
0	0	4	44	5.8832495e+02
0	0	4	45	4.8633707e+02
0	0	4	46	5.3639569e+02
0	0	4	47	4.3772977e+02
0	0	4	48	6.2582245e+02
0	0	4	49	5.6269513e+02
0	0	4	50	4.4685873e+02
0	0	4	51	1.1831429e+03
0	0	4	52	1.1614078e+03
0	0	4	53	7.1679675e+02
0	0	4	54	7.7939069e+02
0	0	4	55	8.6576331e+02
0	0	4	56	9.2990460e+02
0	0	4	57	9.1731342e+02
0	0	4	58	7.9063092e+02
0	0	4	59	7.7906024e+02
0	0	4	60	8.0458722e+02
0	0	4	61	6.9132788e+02
0	0	4	62	6.6788220e+02
0	0	4	63	8.0774066e+02
0	0	5	0	-1.6849446e+02
0	0	5	1	-2.6745212e+02
0	0	5	2	-3.8601385e+02
0	0	5	3	-3.0248083e+02
0	0	5	4	-3.7709671e+02
0	0	5	5	-2.8311844e+02
0	0	5	6	-3.3732462e+02
0	0	5	7	-2.0029082e+02
0	0	5	8	-2.7032651e+02
0	0	5	9	-3.2010495e+02
0	0	5	10	-2.4504623e+02
0	0	5	11	-3.7153693e+02
0	0	5	12	-4.1592056e+02
0	0	5	13	-3.4653180e+02
0	0	5	14	-3.4610339e+02
0	0	5	15	-2.6788300e+02
0	0	5	16	-2.2508035e+02
0	0	5	17	-4.0219574e+02
0	0	5	18	-4.4163785e+02
0	0	5	19	-2.4540437e+02
0	0	5	20	-4.4595508e+02
0	0	5	21	-4.5480136e+02
0	0	5	22	-3.6557709e+02
0	0	5	23	-4.4733258e+02
0	0	5	24	-4.6736966e+02
0	0	5	25	-4.1854971e+02
0	0	5	26	-4.4618283e+02
0	0	5	27	-4.7195749e+02
0	0	5	28	-4.6855371e+02
0	0	5	29	-5.6919049e+02
0	0	5	30	-4.6351608e+02
0	0	5	31	-5.2717163e+02
0	0	5	32	-5.2509918e+02
0	0	5	33	-5.5041937e+02
0	0	5	34	1.0499220e+02
0	0	5	35	9.2903778e+01
0	0	5	36	1.8438927e+02
0	0	5	37	1.7178676e+02
0	0	5	38	2.1093127e+02
0	0	5	39	9.4161079e+01
0	0	5	40	1.8692236e+02
0	0	5	41	1.3153500e+02
0	0	5	42	2.1325584e+02
0	0	5	43	1.0506274e+02
0	0	5	44	2.1927306e+02
0	0	5	45	1.1522097e+02
0	0	5	46	1.4448463e+02
0	0	5	47	9.6022438e+01
0	0	5	48	1.0046322e+02
0	0	5	49	1.7798888e+02
0	0	5	50	1.7792879e+02
0	0	5	51	7.6527844e+02
0	0	5	52	8.1460309e+02
0	0	5	53	4.0659918e+02
0	0	5	54	4.4969092e+02
0	0	5	55	4.7883310e+02
0	0	5	56	6.1060449e+02
0	0	5	57	6.3522614e+02
0	0	5	58	5.2512402e+02
0	0	5	59	5.0008859e+02
0	0	5	60	4.7377945e+02
0	0	5	61	3.9570935e+02
0	0	5	62	5.3654309e+02
0	0	5	63	4.7537509e+02
0	0	6	0	-9.5950233e+01
0	0	6	1	-1.9887984e+02
0	0	6	2	-1.6665015e+02
0	0	6	3	-1.5888588e+02
0	0	6	4	-1.0734141e+02
0	0	6	5	-1.5797151e+02
0	0	6	6	-1.1714289e+02
0	0	6	7	-1.8271140e+02
0	0	6	8	-2.0748174e+02
0	0	6	9	-1.4861205e+02
0	0	6	10	-2.5954364e+02
0	0	6	11	-1.4915450e+02
0	0	6	12	-2.4772992e+02
0	0	6	13	-1.4221617e+02
0	0	6	14	-2.0692133e+02
0	0	6	15	-2.3621870e+02
0	0	6	16	-3.6505124e+02
0	0	6	17	-3.9045633e+02
0	0	6	18	-3.4960260e+02
0	0	6	19	-3.1029376e+02
0	0	6	20	-4.5587103e+02
0	0	6	21	-3.4838455e+02
0	0	6	22	-2.9676279e+02
0	0	6	23	-3.0177344e+02
0	0	6	24	-2.8176572e+02
0	0	6	25	-2.3748236e+02
0	0	6	26	-2.8157437e+02
0	0	6	27	-2.4659494e+02
0	0	6	28	-2.9111206e+02
0	0	6	29	-3.5058145e+02
0	0	6	30	-3.1593637e+02
0	0	6	31	-3.6374911e+02
0	0	6	32	-3.0500504e+02
0	0	6	33	-3.3287161e+02
0	0	6	34	3.7869937e+02
0	0	6	35	4.1799258e+02
0	0	6	36	4.4841705e+02
0	0	6	37	5.6048273e+02
0	0	6	38	4.7103387e+02
0	0	6	39	4.4757941e+02
0	0	6	40	4.1762268e+02
0	0	6	41	4.2491928e+02
0	0	6	42	6.6083337e+02
0	0	6	43	4.7617291e+02
0	0	6	44	6.5923151e+02
0	0	6	45	4.8556549e+02
0	0	6	46	1.5915055e+03
0	0	6	47	4.4203955e+02
0	0	6	48	5.3713953e+02
0	0	6	49	9.3450055e+02
0	0	6	50	5.4818604e+02
0	0	6	51	1.0540220e+03
0	0	6	52	1.1219052e+03
0	0	6	53	7.2543652e+02
0	0	6	54	7.5499921e+02
0	0	6	55	8.9921912e+02
0	0	6	56	9.5346088e+02
0	0	6	57	9.0577191e+02
0	0	6	58	7.8736212e+02
0	0	6	59	7.2563873e+02
0	0	6	60	8.5413989e+02
0	0	6	61	7.9351801e+02
0	0	6	62	7.2453857e+02
0	0	6	63	8.9916095e+02
0	0	7	0	8.9131470e+01
0	0	7	1	-1.8699309e+02
0	0	7	2	-1.8985434e+02
0	0	7	3	-1.8447676e+02
0	0	7	4	-2.5657584e+02
0	0	7	5	-8.5550423e+01
0	0	7	6	-2.4690599e+02
0	0	7	7	-1.2086461e+02
0	0	7	8	-2.3823016e+02
0	0	7	9	-1.9834375e+02
0	0	7	10	-1.2211373e+02
0	0	7	11	-3.0631158e+02
0	0	7	12	-3.5408640e+02
0	0	7	13	-1.9746657e+02
0	0	7	14	-2.6416864e+02
0	0	7	15	-1.8229106e+02
0	0	7	16	-3.2850333e+02
0	0	7	17	-2.0950400e+02
0	0	7	18	-2.8136642e+02
0	0	7	19	2.0914670e+03
0	0	7	20	-3.8140396e+02
0	0	7	21	-2.9644922e+02
0	0	7	22	-2.9693954e+02
0	0	7	23	-3.0557794e+02
0	0	7	24	-4.6695935e+02
0	0	7	25	-3.0373340e+02
0	0	7	26	-3.1936298e+02
0	0	7	27	-3.8028168e+02
0	0	7	28	-3.4707608e+02
0	0	7	29	-3.7837198e+02
0	0	7	30	-4.0610059e+02
0	0	7	31	-4.0784500e+02
0	0	7	32	-4.9002930e+02
0	0	7	33	-5.2910828e+02
0	0	7	34	1.8184070e+02
0	0	7	35	1.8428867e+02
0	0	7	36	2.2560484e+02
0	0	7	37	2.9616895e+02
0	0	7	38	2.8195038e+02
0	0	7	39	2.4745625e+02
0	0	7	40	1.4356352e+02
0	0	7	41	1.6184879e+02
0	0	7	42	2.0521519e+02
0	0	7	43	1.3676118e+02
0	0	7	44	1.8716928e+02
0	0	7	45	1.8756906e+02
0	0	7	46	1.9852339e+02
0	0	7	47	2.3401656e+02
0	0	7	48	1.2171989e+02
0	0	7	49	1.8415529e+02
0	0	7	50	2.3113293e+02
0	0	7	51	7.7038116e+02
0	0	7	52	6.9225446e+02
0	0	7	53	3.6122668e+02
0	0	7	54	4.7165158e+02
0	0	7	55	4.1446310e+02
0	0	7	56	5.2468317e+02
0	0	7	57	5.4125909e+02
0	0	7	58	4.9211874e+02
0	0	7	59	4.8203427e+02
0	0	7	60	4.1795810e+02
0	0	7	61	4.3158002e+02
0	0	7	62	4.5042554e+02
0	0	7	63	4.4182227e+02
0	0	8	0	-3.4493134e+02
0	0	8	1	-3.1884741e+02
0	0	8	2	-1.8599248e+02
0	0	8	3	-3.9455371e+02
0	0	8	4	-3.5008072e+02
0	0	8	5	-3.2918295e+02
0	0	8	6	-3.5963171e+02
0	0	8	7	-2.9905716e+02
0	0	8	8	-3.8928171e+02
0	0	8	9	-2.9942441e+02
0	0	8	10	-4.4225952e+02
0	0	8	11	-3.1358899e+02
0	0	8	12	-3.8312643e+02
0	0	8	13	-2.9627243e+02
0	0	8	14	-4.7528540e+02
0	0	8	15	-2.7138461e+02
0	0	8	16	-6.1618304e+02
0	0	8	17	-5.6323425e+02
0	0	8	18	-5.1660144e+02
0	0	8	19	-6.1748016e+02
0	0	8	20	-5.0242722e+02
0	0	8	21	-6.1501923e+02
0	0	8	22	-4.9538605e+02
0	0	8	23	-5.7869586e+02
0	0	8	24	-5.3710107e+02
0	0	8	25	-4.4681168e+02
0	0	8	26	-5.5049036e+02
0	0	8	27	-4.3081372e+02
0	0	8	28	-4.5791650e+02
0	0	8	29	-4.7465985e+02
0	0	8	30	-4.8705743e+02
0	0	8	31	-4.0937054e+02
0	0	8	32	-4.8856250e+02
0	0	8	33	-4.5998242e+02
0	0	8	34	2.5036357e+02
0	0	8	35	2.7377063e+02
0	0	8	36	2.2645448e+02
0	0	8	37	2.6138947e+02
0	0	8	38	2.2526007e+02
0	0	8	39	3.4558603e+02
0	0	8	40	2.9036475e+02
0	0	8	41	2.3109839e+02
0	0	8	42	3.3077310e+02
0	0	8	43	3.5082312e+02
0	0	8	44	3.6099695e+02
0	0	8	45	2.6156708e+02
0	0	8	46	3.3373630e+02
0	0	8	47	2.5952869e+02
0	0	8	48	3.0301840e+02
0	0	8	49	2.7124783e+02
0	0	8	50	3.2680414e+02
0	0	8	51	9.7473187e+02
0	0	8	52	8.8733356e+02
0	0	8	53	6.4741388e+02
0	0	8	54	5.3207208e+02
0	0	8	55	6.6235284e+02
0	0	8	56	7.5839264e+02
0	0	8	57	8.6354547e+02
0	0	8	58	5.2511530e+02
0	0	8	59	5.4935284e+02
0	0	8	60	6.6577264e+02
0	0	8	61	4.9548422e+02
0	0	8	62	5.2539044e+02
0	0	8	63	7.1108838e+02
0	0	9	0	-2.2150308e+02
0	0	9	1	-2.6002002e+02
0	0	9	2	-3.7064258e+02
0	0	9	3	-2.3771861e+02
0	0	9	4	-4.5293411e+02
0	0	9	5	-3.6403018e+02
0	0	9	6	-3.4751147e+02
0	0	9	7	-3.1207678e+02
0	0	9	8	-3.1601465e+02
0	0	9	9	-4.0967444e+02
0	0	9	10	-3.2758762e+02
0	0	9	11	-4.0152008e+02
0	0	9	12	-4.2567953e+02
0	0	9	13	-3.6542905e+02
0	0	9	14	-4.2919186e+02
0	0	9	15	-2.3787422e+02
0	0	9	16	-4.5852881e+02
0	0	9	17	-3.9958884e+02
0	0	9	18	-4.0616934e+02
0	0	9	19	-3.8009906e+02
0	0	9	20	-5.5546198e+02
0	0	9	21	-4.4322095e+02
0	0	9	22	-4.7469818e+02
0	0	9	23	-4.1191544e+02
0	0	9	24	-4.9521152e+02
0	0	9	25	-4.6968036e+02
0	0	9	26	-4.8628842e+02
0	0	9	27	-5.7942804e+02
0	0	9	28	-5.1930554e+02
0	0	9	29	-6.1108453e+02
0	0	9	30	-5.7229089e+02
0	0	9	31	-6.3046893e+02
0	0	9	32	-5.5951318e+02
0	0	9	33	-6.3161749e+02
0	0	9	34	8.9335152e+01
0	0	9	35	5.6587124e-01
0	0	9	36	1.2180633e+02
0	0	9	37	5.2195698e+01
0	0	9	38	1.0059601e+02
0	0	9	39	-2.2734997e+01
0	0	9	40	1.1393699e+02
0	0	9	41	-3.7881344e+01
0	0	9	42	7.6947026e+00
0	0	9	43	1.3023411e+01
0	0	9	44	7.0916924e+01
0	0	9	45	-1.2753506e+01
0	0	9	46	3.3688637e+01
0	0	9	47	6.7770363e+01
0	0	9	48	2.3396872e+01
0	0	9	49	-5.5064991e+01
0	0	9	50	1.2325656e+02
0	0	9	51	6.7719165e+02
0	0	9	52	6.9650372e+02
0	0	9	53	3.0241492e+02
0	0	9	54	3.0979572e+02
0	0	9	55	2.5134358e+02
0	0	9	56	4.6138049e+02
0	0	9	57	4.6572974e+02
0	0	9	58	4.0392697e+02
0	0	9	59	3.6175421e+02
0	0	9	60	2.9590530e+02
0	0	9	61	3.2289105e+02
0	0	9	62	3.8041110e+02
0	0	9	63	3.4490338e+02
0	0	10	0	6.2771114e+01
0	0	10	1	-4.1971069e+01
0	0	10	2	1.2379037e+02
0	0	10	3	-1.0158244e+01
0	0	10	4	8.7877121e+01
0	0	10	5	4.0010513e+01
0	0	10	6	5.9243965e+01
0	0	10	7	1.2944168e+02
0	0	10	8	3.9299900e+01
0	0	10	9	1.4101401e+02
0	0	10	10	5.8755493e+00
0	0	10	11	6.7618546e+01
0	0	10	12	-4.5509811e+01
0	0	10	13	3.1561561e+00
0	0	10	14	-7.5030289e+01
0	0	10	15	-7.9606674e+01
0	0	10	16	-1.8081665e+02
0	0	10	17	-1.5065889e+02
0	0	10	18	-8.7003067e+01
0	0	10	19	-1.2900682e+02
0	0	10	20	-2.3195778e+01
0	0	10	21	-1.8512198e+02
0	0	10	22	-3.0456253e+01
0	0	10	23	-8.0869423e+01
0	0	10	24	-1.1618330e+02
0	0	10	25	-4.0059509e+01
0	0	10	26	-1.5977133e+02
0	0	10	27	8.7060303e+03
0	0	10	28	-3.2570004e+01
0	0	10	29	-8.9718742e+01
0	0	10	30	-1.1117522e+02
0	0	10	31	-7.4205620e+01
0	0	10	32	-1.1435717e+02
0	0	10	33	-1.6052588e+02
0	0	10	34	5.5677490e+02
0	0	10	35	5.9001031e+02
0	0	10	36	6.6525232e+02
0	0	10	37	6.5570258e+02
0	0	10	38	5.9549646e+02
0	0	10	39	6.8042688e+02
0	0	10	40	6.7239362e+02
0	0	10	41	7.0774829e+02
0	0	10	42	6.7178998e+02
0	0	10	43	6.9866980e+02
0	0	10	44	7.6843933e+02
0	0	10	45	6.4149194e+02
0	0	10	46	7.3156665e+02
0	0	10	47	5.9698090e+02
0	0	10	48	6.8708875e+02
0	0	10	49	7.0471289e+02
0	0	10	50	7.5288971e+02
0	0	10	51	1.3598792e+03
0	0	10	52	1.3027314e+03
0	0	10	53	9.0009747e+02
0	0	10	54	8.5208704e+02
0	0	10	55	9.9740631e+02
0	0	10	56	1.1158032e+03
0	0	10	57	1.0403059e+03
0	0	10	58	1.0221195e+03
0	0	10	59	9.2576013e+02
0	0	10	60	1.0015674e+03
0	0	10	61	8.1819287e+02
0	0	10	62	8.5104486e+02
0	0	10	63	9.8987152e+02
0	0	11	0	1.2775195e+02
0	0	11	1	-8.3503181e+01
0	0	11	2	-3.7295982e+01
0	0	11	3	4.4545860e+01
0	0	11	4	-4.1969524e+01
0	0	11	5	4.8119167e+01
0	0	11	6	2.3418247e+01
0	0	11	7	9.2386314e+01
0	0	11	8	-1.8106159e+01
0	0	11	9	-7.4118813e+01
0	0	11	10	-3.6679298e+01
0	0	11	11	-6.2346546e+01
0	0	11	12	-1.8139909e+02
0	0	11	13	-1.0158978e+02
0	0	11	14	-1.9259746e+02
0	0	11	15	-1.2548716e+01
0	0	11	16	-1.5148567e+02
0	0	11	17	-1.2774885e+02
0	0	11	18	-1.2780253e+02
0	0	11	19	-1.2853615e+02
0	0	11	20	-1.8455254e+02
0	0	11	21	-1.5724738e+02
0	0	11	22	-1.0682258e+02
0	0	11	23	-1.6806516e+02
0	0	11	24	-1.8072720e+02
0	0	11	25	-2.3798924e+02
0	0	11	26	-2.2197520e+02
0	0	11	27	-1.5130000e+02
0	0	11	28	-1.2874753e+02
0	0	11	29	-2.0723306e+02
0	0	11	30	-2.0641649e+02
0	0	11	31	-1.9659666e+02
0	0	11	32	-2.1570085e+02
0	0	11	33	-2.6493414e+02
0	0	11	34	5.0758258e+02
0	0	11	35	4.8071222e+02
0	0	11	36	5.9736981e+02
0	0	11	37	4.9874039e+02
0	0	11	38	6.1665320e+02
0	0	11	39	4.4892426e+02
0	0	11	40	5.6621960e+02
0	0	11	41	5.5142902e+02
0	0	11	42	4.8736905e+02
0	0	11	43	5.1769061e+02
0	0	11	44	5.0919067e+02
0	0	11	45	4.7044336e+02
0	0	11	46	4.2539709e+02
0	0	11	47	4.0313580e+02
0	0	11	48	3.7929141e+02
0	0	11	49	4.2023917e+02
0	0	11	50	5.1942010e+02
0	0	11	51	1.0249487e+03
0	0	11	52	1.1209214e+03
0	0	11	53	6.8072668e+02
0	0	11	54	6.4478894e+02
0	0	11	55	7.7796399e+02
0	0	11	56	8.2675629e+02
0	0	11	57	8.7114026e+02
0	0	11	58	8.1543127e+02
0	0	11	59	7.4208130e+02
0	0	11	60	6.9567316e+02
0	0	11	61	6.6501202e+02
0	0	11	62	7.4325500e+02
0	0	11	63	6.9761438e+02
0	0	12	0	2.7963519e+02
0	0	12	1	1.7585857e+02
0	0	12	2	2.2340131e+02
0	0	12	3	2.4505193e+02
0	0	12	4	1.8561610e+02
0	0	12	5	2.3563893e+02
0	0	12	6	1.5142145e+02
0	0	12	7	2.4992296e+02
0	0	12	8	1.8507657e+02
0	0	12	9	3.1713104e+02
0	0	12	10	1.1086020e+02
0	0	12	11	2.9062378e+02
0	0	12	12	1.2281045e+02
0	0	12	13	2.0215359e+02
0	0	12	14	1.3680861e+02
0	0	12	15	2.1714053e+02
0	0	12	16	-5.6886555e+01
0	0	12	17	1.9380602e+01
0	0	12	18	1.7087045e+02
0	0	12	19	8.9334213e+01
0	0	12	20	-3.3144123e+01
0	0	12	21	-2.3981110e+01
0	0	12	22	3.5155842e+01
0	0	12	23	6.1038914e+01
0	0	12	24	4.0070251e+01
0	0	12	25	2.0518863e+02
0	0	12	26	4.1795475e+01
0	0	12	27	1.1807878e+02
0	0	12	28	6.2369480e+01
0	0	12	29	2.8207916e+01
0	0	12	30	1.1530658e+01
0	0	12	31	4.4709309e+01
0	0	12	32	1.6071182e+01
0	0	12	33	-2.0257969e+01
0	0	12	34	8.3956409e+02
0	0	12	35	7.8188123e+02
0	0	12	36	7.6858472e+02
0	0	12	37	8.7836670e+02
0	0	12	38	8.3201324e+02
0	0	12	39	7.7726935e+02
0	0	12	40	8.9334320e+02
0	0	12	41	7.7448706e+02
0	0	12	42	9.6964636e+02
0	0	12	43	9.0696619e+02
0	0	12	44	1.0559368e+03
0	0	12	45	8.2292316e+02
0	0	12	46	9.0969818e+02
0	0	12	47	8.5197113e+02
0	0	12	48	9.1945532e+02
0	0	12	49	8.8869244e+02
0	0	12	50	9.0898560e+02
0	0	12	51	1.5493838e+03
0	0	12	52	1.5832493e+03
0	0	12	53	1.1356667e+03
0	0	12	54	1.1442346e+03
0	0	12	55	1.2652996e+03
0	0	12	56	1.2871635e+03
0	0	12	57	1.3664294e+03
0	0	12	58	1.1484619e+03
0	0	12	59	1.1749237e+03
0	0	12	60	1.2429968e+03
0	0	12	61	1.1010197e+03
0	0	12	62	1.1357916e+03
0	0	12	63	1.3084926e+03
0	0	13	0	1.8338933e+02
0	0	13	1	5.7165928e+01
0	0	13	2	8.5065098e+00
0	0	13	3	3.5297428e+01
0	0	13	4	2.7465014e+01
0	0	13	5	1.1404375e+02
0	0	13	6	3.5255375e+01
0	0	13	7	1.7384737e+02
0	0	13	8	4.2091679e+01
0	0	13	9	9.1745193e+01
0	0	13	10	1.3923697e+02
0	0	13	11	6.7273315e+01
0	0	13	12	3.1524490e+01
0	0	13	13	1.0555376e+02
0	0	13	14	-1.0500735e+01
0	0	13	15	1.1607895e+02
0	0	13	16	-6.0462841e+01
0	0	13	17	-5.5141998e+01
0	0	13	18	-7.2796707e+01
0	0	13	19	-2.2267359e+01
0	0	13	20	-1.9129602e+02
0	0	13	21	-8.6066307e+01
0	0	13	22	-3.6027802e+01
0	0	13	23	-4.3505810e+01
0	0	13	24	-8.5823944e+01
0	0	13	25	-3.8942947e+00
0	0	13	26	-1.3747313e+02
0	0	13	27	-6.4851868e+01
0	0	13	28	-7.9693705e-01
0	0	13	29	-8.8136635e+01
0	0	13	30	-9.4986160e+01
0	0	13	31	-1.8748401e+02
0	0	13	32	-1.5365334e+02
0	0	13	33	-1.0816255e+02
0	0	13	34	6.0062659e+02
0	0	13	35	5.5589679e+02
0	0	13	36	5.0399637e+02
0	0	13	37	5.9627588e+02
0	0	13	38	6.1483942e+02
0	0	13	39	5.8802075e+02
0	0	13	40	6.5403027e+02
0	0	13	41	5.1392151e+02
0	0	13	42	6.0054102e+02
0	0	13	43	5.9278333e+02
0	0	13	44	6.2456903e+02
0	0	13	45	5.9490424e+02
0	0	13	46	6.0068341e+02
0	0	13	47	5.1922064e+02
0	0	13	48	5.5085559e+02
0	0	13	49	5.2915204e+02
0	0	13	50	7.2769885e+02
0	0	13	51	1.2127792e+03
0	0	13	52	5.2561493e+02
0	0	13	53	7.9894141e+02
0	0	13	54	1.1470842e+03
0	0	13	55	1.5652574e+03
0	0	13	56	1.1010034e+03
0	0	13	57	1.0520168e+03
0	0	13	58	1.0083010e+03
0	0	13	59	8.9214087e+02
0	0	13	60	8.5768457e+02
0	0	13	61	8.5668738e+02
0	0	13	62	8.7296600e+02
0	0	13	63	8.3325922e+02
0	0	14	0	3.3602359e+02
0	0	14	1	2.7564987e+02
0	0	14	2	2.0197162e+02
0	0	14	3	3.4131390e+02
0	0	14	4	2.1456566e+02
0	0	14	5	2.1178838e+02
0	0	14	6	1.8489798e+02
0	0	14	7	2.0595229e+02
0	0	14	8	1.4274484e+02
0	0	14	9	2.7822446e+02
0	0	14	10	9.3992416e+01
0	0	14	11	2.1452110e+02
0	0	14	12	8.7193436e+01
0	0	14	13	1.7240524e+02
0	0	14	14	9.3613571e+01
0	0	14	15	1.8450525e+02
0	0	14	16	5.7468781e+01
0	0	14	17	9.6409767e+01
0	0	14	18	3.9414742e+01
0	0	14	19	1.4064052e+02
0	0	14	20	8.3920914e+01
0	0	14	21	1.5039362e+02
0	0	14	22	8.9161415e+01
0	0	14	23	1.6488632e+02
0	0	14	24	4.7186649e+01
0	0	14	25	3.9790119e+01
0	0	14	26	9.8966682e+01
0	0	14	27	1.6678023e+02
0	0	14	28	1.5213544e+02
0	0	14	29	1.5860945e+02
0	0	14	30	1.4333324e+02
0	0	14	31	1.0055176e+02
0	0	14	32	3.7062962e+01
0	0	14	33	1.7529143e+02
0	0	14	34	6.4910834e+02
0	0	14	35	6.7819470e+02
0	0	14	36	8.0948938e+02
0	0	14	37	6.8426373e+02
0	0	14	38	6.6947510e+02
0	0	14	39	7.4667352e+02
0	0	14	40	7.2306696e+02
0	0	14	41	8.0869244e+02
0	0	14	42	7.5571472e+02
0	0	14	43	7.4598016e+02
0	0	14	44	8.5198584e+02
0	0	14	45	7.8419055e+02
0	0	14	46	7.5532062e+02
0	0	14	47	8.3487695e+02
0	0	14	48	7.9355957e+02
0	0	14	49	7.7612677e+02
0	0	14	50	7.5443304e+02
0	0	14	51	1.3672512e+03
0	0	14	52	1.3547063e+03
0	0	14	53	1.0241842e+03
0	0	14	54	9.4680566e+02
0	0	14	55	1.0599615e+03
0	0	14	56	1.1852791e+03
0	0	14	57	1.1928458e+03
0	0	14	58	1.0293605e+03
0	0	14	59	1.0860520e+03
0	0	14	60	1.0030458e+03
0	0	14	61	9.7150421e+02
0	0	14	62	8.9736041e+02
0	0	14	63	1.0524470e+03
0	0	15	0	4.5346771e+02
0	0	15	1	4.1108252e+02
0	0	15	2	3.2549219e+02
0	0	15	3	2.5866306e+02
0	0	15	4	2.1563988e+02
0	0	15	5	3.8323233e+02
0	0	15	6	2.5126591e+02
0	0	15	7	3.9570978e+02
0	0	15	8	3.0403180e+02
0	0	15	9	3.7528253e+02
0	0	15	10	3.3535812e+02
0	0	15	11	2.9021576e+02
0	0	15	12	2.0233658e+02
0	0	15	13	2.4067407e+02
0	0	15	14	2.7840176e+02
0	0	15	15	3.4027011e+02
0	0	15	16	2.6813593e+02
0	0	15	17	2.5183548e+02
0	0	15	18	1.2150080e+02
0	0	15	19	8.7060303e+03
0	0	15	20	1.4699670e+02
0	0	15	21	1.5635992e+02
0	0	15	22	2.1726256e+02
0	0	15	23	2.0497180e+02
0	0	15	24	2.1381946e+02
0	0	15	25	1.8762073e+02
0	0	15	26	9.8314735e+01
0	0	15	27	1.3541516e+02
0	0	15	28	2.7619614e+02
0	0	15	29	1.6716185e+02
0	0	15	30	1.6342122e+02
0	0	15	31	1.2282566e+02
0	0	15	32	2.1763588e+02
0	0	15	33	1.5272742e+02
0	0	15	34	7.8749768e+02
0	0	15	35	7.1808716e+02
0	0	15	36	8.3156641e+02
0	0	15	37	8.2563885e+02
0	0	15	38	8.4767957e+02
0	0	15	39	8.2789807e+02
0	0	15	40	9.0696265e+02
0	0	15	41	7.8100684e+02
0	0	15	42	8.4263977e+02
0	0	15	43	7.6390057e+02
0	0	15	44	8.1732495e+02
0	0	15	45	6.5827167e+02
0	0	15	46	7.2618921e+02
0	0	15	47	7.9352734e+02
0	0	15	48	8.2965265e+02
0	0	15	49	7.4288013e+02
0	0	15	50	9.2376904e+02
0	0	15	51	1.5691058e+03
0	0	15	52	1.5211570e+03
0	0	15	53	1.1253087e+03
0	0	15	54	1.1066843e+03
0	0	15	55	1.1169679e+03
0	0	15	56	1.4176016e+03
0	0	15	57	1.3277845e+03
0	0	15	58	1.1902361e+03
0	0	15	59	1.1481371e+03
0	0	15	60	1.1487441e+03
0	0	15	61	1.1924475e+03
0	0	15	62	1.1836770e+03
0	0	15	63	1.1629940e+03
0	1	0	0	-6.0499237e+02
0	1	0	1	-5.6351526e+02
0	1	0	2	-4.3775641e+02
0	1	0	3	-5.9654407e+02
0	1	0	4	-5.0231320e+02
0	1	0	5	-4.8360837e+02
0	1	0	6	-5.6052710e+02
0	1	0	7	-6.0494104e+02
0	1	0	8	-5.5122467e+02
0	1	0	9	-4.7654352e+02
0	1	0	10	-6.1128394e+02
0	1	0	11	-4.5390237e+02
0	1	0	12	-5.7274237e+02
0	1	0	13	-5.2315283e+02
0	1	0	14	-6.0351538e+02
0	1	0	15	-5.2936902e+02
0	1	0	16	-8.7871344e+02
0	1	0	17	-7.4893768e+02
0	1	0	18	-7.8525720e+02
0	1	0	19	-8.2459845e+02
0	1	0	20	-8.4156024e+02
0	1	0	21	-7.5250812e+02
0	1	0	22	-7.0676733e+02
0	1	0	23	-7.7573407e+02
0	1	0	24	-7.0060236e+02
0	1	0	25	-7.1708032e+02
0	1	0	26	-7.6383893e+02
0	1	0	27	-6.3819562e+02
0	1	0	28	-7.8766394e+02
0	1	0	29	-7.3041235e+02
0	1	0	30	-6.5529401e+02
0	1	0	31	-6.5809369e+02
0	1	0	32	-7.0471021e+02
0	1	0	33	-6.6051935e+02
0	1	0	34	-4.4756310e+01
0	1	0	35	6.7140488e+01
0	1	0	36	2.6158136e+01
0	1	0	37	1.5186064e+02
0	1	0	38	-2.0421719e+01
0	1	0	39	2.9696943e+01
0	1	0	40	-7.6768465e+00
0	1	0	41	3.1051550e+01
0	1	0	42	1.4742776e+02
0	1	0	43	1.5021626e+02
0	1	0	44	1.5741518e+02
0	1	0	45	4.9386799e+01
0	1	0	46	1.8587640e+02
0	1	0	47	1.7357965e+02
0	1	0	48	4.9224392e+01
0	1	0	49	1.6004303e+02
0	1	0	50	1.2030478e+02
0	1	0	51	6.9978302e+02
0	1	0	52	7.2381952e+02
0	1	0	53	3.6000369e+02
0	1	0	54	2.9511423e+02
0	1	0	55	4.3321039e+02
0	1	0	56	6.1408313e+02
0	1	0	57	5.3739984e+02
0	1	0	58	3.6816528e+02
0	1	0	59	2.6390585e+02
0	1	0	60	3.7457025e+02
0	1	0	61	2.9349274e+02
0	1	0	62	2.9113101e+02
0	1	0	63	4.5708386e+02
0	1	1	0	-4.7798236e+02
0	1	1	1	-6.0376746e+02
0	1	1	2	-6.8260968e+02
0	1	1	3	-6.1481818e+02
0	1	1	4	-7.2087457e+02
0	1	1	5	-5.7382458e+02
0	1	1	6	-6.6097595e+02
0	1	1	7	-5.8480457e+02
0	1	1	8	-5.4898798e+02
0	1	1	9	-6.2596814e+02
0	1	1	10	-5.7069434e+02
0	1	1	11	-7.2965735e+02
0	1	1	12	-7.4555109e+02
0	1	1	13	-6.7525458e+02
0	1	1	14	-7.2529523e+02
0	1	1	15	-6.6101715e+02
0	1	1	16	-7.0748761e+02
0	1	1	17	-6.7405212e+02
0	1	1	18	-7.5946735e+02
0	1	1	19	-6.0211682e+02
0	1	1	20	-7.7352063e+02
0	1	1	21	-7.2783698e+02
0	1	1	22	-7.6615057e+02
0	1	1	23	-7.0175940e+02
0	1	1	24	-8.0595569e+02
0	1	1	25	-7.2354126e+02
0	1	1	26	-8.0295355e+02
0	1	1	27	-8.2779816e+02
0	1	1	28	-7.8951355e+02
0	1	1	29	-8.2222797e+02
0	1	1	30	-9.2086554e+02
0	1	1	31	-8.6187897e+02
0	1	1	32	-9.1274713e+02
0	1	1	33	-9.0822003e+02
0	1	1	34	-1.6747894e+02
0	1	1	35	-1.8346887e+02
0	1	1	36	-1.1737362e+02
0	1	1	37	-2.3816035e+02
0	1	1	38	-6.6162117e+01
0	1	1	39	-1.1274757e+02
0	1	1	40	-2.0118846e+02
0	1	1	41	-2.3038200e+02
0	1	1	42	-1.8040572e+02
0	1	1	43	-1.6541171e+02
0	1	1	44	-1.8134967e+02
0	1	1	45	-2.8629916e+02
0	1	1	46	-2.0010164e+02
0	1	1	47	-1.9450580e+02
0	1	1	48	-2.6949350e+02
0	1	1	49	-1.7060123e+02
0	1	1	50	-1.1867011e+02
0	1	1	51	2.7674738e+02
0	1	1	52	3.7462888e+02
0	1	1	53	-5.4750294e+01
0	1	1	54	-2.0512960e+01
0	1	1	55	-5.8950207e+01
0	1	1	56	1.6060597e+02
0	1	1	57	2.2527052e+02
0	1	1	58	1.7642615e+02
0	1	1	59	4.3372097e+01
0	1	1	60	-2.3636087e+01
0	1	1	61	-1.1978448e+01
0	1	1	62	1.5485267e+01
0	1	1	63	1.0568886e+02
0	1	2	0	-1.8810111e+03
0	1	2	1	-1.7048533e+03
0	1	2	2	-1.4623478e+03
0	1	2	3	-2.0103589e+03
0	1	2	4	-1.4022493e+03
0	1	2	5	-1.5605275e+03
0	1	2	6	-1.4227067e+03
0	1	2	7	-1.9712687e+03
0	1	2	8	-1.7444119e+03
0	1	2	9	-1.2708663e+03
0	1	2	10	-1.7343842e+03
0	1	2	11	-1.3860929e+03
0	1	2	12	-1.6273276e+03
0	1	2	13	-1.5021862e+03
0	1	2	14	-2.0462583e+03
0	1	2	15	-1.7790271e+03
0	1	2	16	-2.1120801e+03
0	1	2	17	-1.9679680e+03
0	1	2	18	-2.1322302e+03
0	1	2	19	-1.8678428e+03
0	1	2	20	-1.9939666e+03
0	1	2	21	-2.1213997e+03
0	1	2	22	-1.8656078e+03
0	1	2	23	-1.8051122e+03
0	1	2	24	-1.6783231e+03
0	1	2	25	-1.5947898e+03
0	1	2	26	-1.7337307e+03
0	1	2	27	-1.3742375e+03
0	1	2	28	-1.6016387e+03
0	1	2	29	-1.5612323e+03
0	1	2	30	-1.4666576e+03
0	1	2	31	-1.5291882e+03
0	1	2	32	-1.5253726e+03
0	1	2	33	-1.3855262e+03
0	1	2	34	-7.3159613e+02
0	1	2	35	-7.0660443e+02
0	1	2	36	-7.6467230e+02
0	1	2	37	-6.2727020e+02
0	1	2	38	-7.4046497e+02
0	1	2	39	-6.3309167e+02
0	1	2	40	-6.6694971e+02
0	1	2	41	-6.3354303e+02
0	1	2	42	-5.0594800e+02
0	1	2	43	-4.6814636e+02
0	1	2	44	-3.8268875e+02
0	1	2	45	-6.1565466e+02
0	1	2	46	-4.5084961e+02
0	1	2	47	-4.7124585e+02
0	1	2	48	-4.3732416e+02
0	1	2	49	-4.7391553e+02
0	1	2	50	-5.9906482e+02
0	1	2	51	1.6795480e+02
0	1	2	52	2.2413132e+02
0	1	2	53	-2.1174352e+02
0	1	2	54	-2.2442070e+02
0	1	2	55	-1.0801421e+02
0	1	2	56	1.9787556e+01
0	1	2	57	-1.3963298e+02
0	1	2	58	-3.3788278e+02
0	1	2	59	-3.1819678e+02
0	1	2	60	-1.8076839e+02
0	1	2	61	-4.0548233e+02
0	1	2	62	-3.8369009e+02
0	1	2	63	-8.5280815e+01
0	1	3	0	-9.1680170e+02
0	1	3	1	-1.0084308e+03
0	1	3	2	-1.2514722e+03
0	1	3	3	-9.4622223e+02
0	1	3	4	-1.3085262e+03
0	1	3	5	-8.9641241e+02
0	1	3	6	-1.1329036e+03
0	1	3	7	-8.9749207e+02
0	1	3	8	-1.1092417e+03
0	1	3	9	-1.3130153e+03
0	1	3	10	-9.7558014e+02
0	1	3	11	-1.3614207e+03
0	1	3	12	-1.2596168e+03
0	1	3	13	-1.1641865e+03
0	1	3	14	-1.2290610e+03
0	1	3	15	-1.0471779e+03
0	1	3	16	-1.0629172e+03
0	1	3	17	-1.1037625e+03
0	1	3	18	-1.1238243e+03
0	1	3	19	-1.0576403e+03
0	1	3	20	-1.2265336e+03
0	1	3	21	-1.2440826e+03
0	1	3	22	-1.1244545e+03
0	1	3	23	-1.1162954e+03
0	1	3	24	-1.2606760e+03
0	1	3	25	-1.3024532e+03
0	1	3	26	-1.3520575e+03
0	1	3	27	-1.3316179e+03
0	1	3	28	-1.2994879e+03
0	1	3	29	-1.3700919e+03
0	1	3	30	-1.3472485e+03
0	1	3	31	-1.4662939e+03
0	1	3	32	-1.3742100e+03
0	1	3	33	-1.4626628e+03
0	1	3	34	-8.9227216e+02
0	1	3	35	-8.1750702e+02
0	1	3	36	-7.5087250e+02
0	1	3	37	-8.4141022e+02
0	1	3	38	-6.9229315e+02
0	1	3	39	-8.7485101e+02
0	1	3	40	-1.0514238e+03
0	1	3	41	-9.9568884e+02
0	1	3	42	-1.1042412e+03
0	1	3	43	-8.9105267e+02
0	1	3	44	-1.2870983e+03
0	1	3	45	-1.0513586e+03
0	1	3	46	-1.3572458e+03
0	1	3	47	-1.1173448e+03
0	1	3	48	-1.3688181e+03
0	1	3	49	-1.3344769e+03
0	1	3	50	-8.5210175e+02
0	1	3	51	-5.6783136e+02
0	1	3	52	-5.5748035e+02
0	1	3	53	-8.8949683e+02
0	1	3	54	-9.0793213e+02
0	1	3	55	-1.1031305e+03
0	1	3	56	-9.3632996e+02
0	1	3	57	-5.4412360e+02
0	1	3	58	-5.0559595e+02
0	1	3	59	-6.1907495e+02
0	1	3	60	-1.1777863e+03
0	1	3	61	-6.8221814e+02
0	1	3	62	-5.0192938e+02
0	1	3	63	-1.0346123e+03
0	1	4	0	-1.1406854e+03
0	1	4	1	-1.1201532e+03
0	1	4	2	-1.1692301e+03
0	1	4	3	-1.1133157e+03
0	1	4	4	-1.3532668e+03
0	1	4	5	-1.2053914e+03
0	1	4	6	-1.3843145e+03
0	1	4	7	-1.0607412e+03
0	1	4	8	-1.1901741e+03
0	1	4	9	-1.2443918e+03
0	1	4	10	-1.1770542e+03
0	1	4	11	-1.3361937e+03
0	1	4	12	-1.3066833e+03
0	1	4	13	-1.2286898e+03
0	1	4	14	-1.1212446e+03
0	1	4	15	-1.1378098e+03
0	1	4	16	-1.2501125e+03
0	1	4	17	-1.3715023e+03
0	1	4	18	-1.1589482e+03
0	1	4	19	-1.4022802e+03
0	1	4	20	-1.1715443e+03
0	1	4	21	-1.1851132e+03
0	1	4	22	-1.2170099e+03
0	1	4	23	-1.2494360e+03
0	1	4	24	-1.4330854e+03
0	1	4	25	-1.3333734e+03
0	1	4	26	-1.3684365e+03
0	1	4	27	-1.5851135e+03
0	1	4	28	-1.3636230e+03
0	1	4	29	-1.4933151e+03
0	1	4	30	-1.4500881e+03
0	1	4	31	-1.4268884e+03
0	1	4	32	-1.4617115e+03
0	1	4	33	-1.5798053e+03
0	1	4	34	-9.1439087e+02
0	1	4	35	-8.3799915e+02
0	1	4	36	-9.0320807e+02
0	1	4	37	-1.0448292e+03
0	1	4	38	-8.8602026e+02
0	1	4	39	-9.4345972e+02
0	1	4	40	-1.0081544e+03
0	1	4	41	-1.0320790e+03
0	1	4	42	-1.1549188e+03
0	1	4	43	-1.0768995e+03
0	1	4	44	-1.2986769e+03
0	1	4	45	-1.1806140e+03
0	1	4	46	-1.3346272e+03
0	1	4	47	-1.1301729e+03
0	1	4	48	-1.3936123e+03
0	1	4	49	-1.3869872e+03
0	1	4	50	-8.2885870e+02
0	1	4	51	-3.6997165e+02
0	1	4	52	-4.8238492e+02
0	1	4	53	-8.0975842e+02
0	1	4	54	-7.7335925e+02
0	1	4	55	-9.5629993e+02
0	1	4	56	-7.5194604e+02
0	1	4	57	-4.3929221e+02
0	1	4	58	-4.4803827e+02
0	1	4	59	-6.7853949e+02
0	1	4	60	-9.3006299e+02
0	1	4	61	-6.5196661e+02
0	1	4	62	-6.2573157e+02
0	1	4	63	-9.7135016e+02
0	1	5	0	-1.6491345e+03
0	1	5	1	-1.4253207e+03
0	1	5	2	-1.2600579e+03
0	1	5	3	-1.3316841e+03
0	1	5	4	-1.3713702e+03
0	1	5	5	-1.6118708e+03
0	1	5	6	-1.3078923e+03
0	1	5	7	-1.6578820e+03
0	1	5	8	-1.4446920e+03
0	1	5	9	-1.0920067e+03
0	1	5	10	-1.6923873e+03
0	1	5	11	-1.2329604e+03
0	1	5	12	-1.5261060e+03
0	1	5	13	-1.3712318e+03
0	1	5	14	-1.3935640e+03
0	1	5	15	-1.5301891e+03
0	1	5	16	-1.7273677e+03
0	1	5	17	-1.7547186e+03
0	1	5	18	-1.8227139e+03
0	1	5	19	-1.8331462e+03
0	1	5	20	-1.6360074e+03
0	1	5	21	-1.6475234e+03
0	1	5	22	-1.6388955e+03
0	1	5	23	-1.5923809e+03
0	1	5	24	-1.4792719e+03
0	1	5	25	-1.4339043e+03
0	1	5	26	-1.4334843e+03
0	1	5	27	-1.3669895e+03
0	1	5	28	-1.4586492e+03
0	1	5	29	-1.3408926e+03
0	1	5	30	-1.3586284e+03
0	1	5	31	-1.4064531e+03
0	1	5	32	-1.4224189e+03
0	1	5	33	-1.2002916e+03
0	1	5	34	-6.0798492e+02
0	1	5	35	-6.6158453e+02
0	1	5	36	-6.1870142e+02
0	1	5	37	-5.3660297e+02
0	1	5	38	-6.4001221e+02
0	1	5	39	-5.7384802e+02
0	1	5	40	-4.4484396e+02
0	1	5	41	-6.0459045e+02
0	1	5	42	-4.8989890e+02
0	1	5	43	-5.9374847e+02
0	1	5	44	-2.4664287e+02
0	1	5	45	-4.9519516e+02
0	1	5	46	-2.7258997e+02
0	1	5	47	-4.4817001e+02
0	1	5	48	-2.7319202e+02
0	1	5	49	6.7052252e+02
0	1	5	50	-4.5862723e+02
0	1	5	51	1.4651779e+02
0	1	5	52	8.3658577e+01
0	1	5	53	-2.1317963e+02
0	1	5	54	-1.9758533e+02
0	1	5	55	3.2195129e+03
0	1	5	56	1.5850768e+02
0	1	5	57	-9.9452484e+01
0	1	5	58	-3.6536621e+02
0	1	5	59	-2.5984244e+02
0	1	5	60	5.5764847e+00
0	1	5	61	-3.4103006e+02
0	1	5	62	-4.0621170e+02
0	1	5	63	2.0474592e+01
0	1	6	0	-7.6025531e+02
0	1	6	1	-9.0540277e+02
0	1	6	2	-8.6555182e+02
0	1	6	3	-7.9059216e+02
0	1	6	4	-9.5044135e+02
0	1	6	5	-9.3166559e+02
0	1	6	6	-9.1714972e+02
0	1	6	7	-7.4299921e+02
0	1	6	8	-8.8251086e+02
0	1	6	9	-8.8794482e+02
0	1	6	10	-9.0126440e+02
0	1	6	11	-8.9343579e+02
0	1	6	12	-9.0786133e+02
0	1	6	13	-9.0359509e+02
0	1	6	14	-8.0114520e+02
0	1	6	15	-8.4669604e+02
0	1	6	16	-1.0090736e+03
0	1	6	17	-1.0359723e+03
0	1	6	18	-9.2780487e+02
0	1	6	19	-9.7106653e+02
0	1	6	20	-9.4179773e+02
0	1	6	21	-9.3891553e+02
0	1	6	22	-9.5209216e+02
0	1	6	23	-9.7263770e+02
0	1	6	24	-1.0045546e+03
0	1	6	25	-1.0154540e+03
0	1	6	26	-1.0792592e+03
0	1	6	27	-1.0906056e+03
0	1	6	28	-1.0306808e+03
0	1	6	29	-9.3670300e+02
0	1	6	30	-1.0804224e+03
0	1	6	31	-1.0488400e+03
0	1	6	32	-1.1130309e+03
0	1	6	33	-1.1198615e+03
0	1	6	34	-3.9424792e+02
0	1	6	35	-3.2251007e+02
0	1	6	36	-3.6503284e+02
0	1	6	37	-3.9886404e+02
0	1	6	38	-3.7256622e+02
0	1	6	39	-4.8156448e+02
0	1	6	40	-4.4241406e+02
0	1	6	41	-4.6879398e+02
0	1	6	42	-3.5924973e+02
0	1	6	43	-4.4970032e+02
0	1	6	44	-4.3713461e+02
0	1	6	45	-4.6275079e+02
0	1	6	46	-4.4221527e+02
0	1	6	47	-4.2467239e+02
0	1	6	48	-4.4814059e+02
0	1	6	49	-5.0864404e+02
0	1	6	50	-3.9539584e+02
0	1	6	51	2.6277203e+02
0	1	6	52	1.4793158e+02
0	1	6	53	-2.5630505e+02
0	1	6	54	-2.5790680e+02
0	1	6	55	-1.6901309e+02
0	1	6	56	-3.7452099e+01
0	1	6	57	8.6829338e+00
0	1	6	58	7.2008452e+00
0	1	6	59	-1.5391866e+02
0	1	6	60	-2.3118884e+02
0	1	6	61	-1.0086539e+02
0	1	6	62	-1.3236729e+02
0	1	6	63	-1.7674367e+02
0	1	7	0	-1.0376014e+03
0	1	7	1	-1.1120693e+03
0	1	7	2	-1.0611429e+03
0	1	7	3	-1.0648375e+03
0	1	7	4	-1.1340680e+03
0	1	7	5	-1.1117604e+03
0	1	7	6	-1.0898866e+03
0	1	7	7	-1.0922723e+03
0	1	7	8	-1.1477789e+03
0	1	7	9	-1.0470151e+03
0	1	7	10	-1.1481970e+03
0	1	7	11	-1.0055403e+03
0	1	7	12	-1.1608723e+03
0	1	7	13	-1.1268005e+03
0	1	7	14	-1.2321783e+03
0	1	7	15	-1.1035995e+03
0	1	7	16	-1.3059404e+03
0	1	7	17	-1.3730358e+03
0	1	7	18	-1.3276364e+03
0	1	7	19	-1.2957200e+03
0	1	7	20	-1.2462590e+03
0	1	7	21	-1.3403259e+03
0	1	7	22	-1.3317606e+03
0	1	7	23	-1.2235186e+03
0	1	7	24	-1.2702755e+03
0	1	7	25	-1.1688967e+03
0	1	7	26	-1.2509827e+03
0	1	7	27	-1.1801475e+03
0	1	7	28	-1.2054147e+03
0	1	7	29	-1.2905657e+03
0	1	7	30	-1.1772646e+03
0	1	7	31	-1.2730100e+03
0	1	7	32	-1.2291753e+03
0	1	7	33	-1.2330288e+03
0	1	7	34	-4.3585217e+02
0	1	7	35	-4.7411292e+02
0	1	7	36	-4.2597516e+02
0	1	7	37	-3.6776245e+02
0	1	7	38	-4.0124338e+02
0	1	7	39	-4.1875693e+02
0	1	7	40	-3.4855042e+02
0	1	7	41	-3.5471420e+02
0	1	7	42	-3.5375977e+02
0	1	7	43	-4.2231476e+02
0	1	7	44	-3.0005307e+02
0	1	7	45	-3.7381454e+02
0	1	7	46	-3.1055313e+02
0	1	7	47	-2.8865826e+02
0	1	7	48	-3.0532394e+02
0	1	7	49	-3.3676102e+02
0	1	7	50	-3.1017798e+02
0	1	7	51	1.5556599e+02
0	1	7	52	2.7305222e+02
0	1	7	53	-1.0228718e+02
0	1	7	54	-7.6640381e+01
0	1	7	55	-6.6265251e+01
0	1	7	56	5.6130081e+01
0	1	7	57	-3.9094791e+01
0	1	7	58	-1.6452058e+02
0	1	7	59	-1.2205017e+02
0	1	7	60	-1.8050558e+01
0	1	7	61	-1.8101227e+02
0	1	7	62	-1.9696397e+02
0	1	7	63	-6.8395996e+01
0	1	8	0	-6.6871619e+02
0	1	8	1	-8.4825281e+02
0	1	8	2	-7.8775128e+02
0	1	8	3	-7.5463409e+02
0	1	8	4	-9.2849066e+02
0	1	8	5	-8.7246857e+02
0	1	8	6	-9.5001007e+02
0	1	8	7	-7.3369690e+02
0	1	8	8	-8.4366479e+02
0	1	8	9	-8.0263397e+02
0	1	8	10	-8.0186975e+02
0	1	8	11	-8.2542352e+02
0	1	8	12	-9.4834528e+02
0	1	8	13	-8.7195941e+02
0	1	8	14	-8.3087665e+02
0	1	8	15	-8.6962286e+02
0	1	8	16	-1.0183580e+03
0	1	8	17	-9.9078265e+02
0	1	8	18	-9.2951306e+02
0	1	8	19	-9.4140729e+02
0	1	8	20	-8.7323273e+02
0	1	8	21	-8.8910327e+02
0	1	8	22	-9.8865460e+02
0	1	8	23	-9.9256561e+02
0	1	8	24	-9.8926324e+02
0	1	8	25	-9.7549725e+02
0	1	8	26	-1.0184815e+03
0	1	8	27	-1.1077640e+03
0	1	8	28	-1.0774441e+03
0	1	8	29	-1.0743656e+03
0	1	8	30	-1.0287965e+03
0	1	8	31	-1.1352560e+03
0	1	8	32	-1.0413395e+03
0	1	8	33	-1.1336584e+03
0	1	8	34	-4.5012210e+02
0	1	8	35	-4.4437762e+02
0	1	8	36	-4.0903870e+02
0	1	8	37	-4.3658273e+02
0	1	8	38	-3.1833463e+02
0	1	8	39	-4.3757516e+02
0	1	8	40	-4.6874203e+02
0	1	8	41	-4.6036868e+02
0	1	8	42	-4.8873587e+02
0	1	8	43	-4.2434961e+02
0	1	8	44	-4.3018668e+02
0	1	8	45	-4.1204584e+02
0	1	8	46	-4.7727469e+02
0	1	8	47	-5.0423257e+02
0	1	8	48	-5.2648035e+02
0	1	8	49	-5.6775409e+02
0	1	8	50	-4.2982056e+02
0	1	8	51	2.8972894e+02
0	1	8	52	2.0691504e+02
0	1	8	53	-2.0479898e+02
0	1	8	54	-1.8660847e+02
0	1	8	55	-1.8758932e+02
0	1	8	56	-4.2179882e+01
0	1	8	57	7.6888367e+01
0	1	8	58	-1.4175230e+01
0	1	8	59	-1.2287127e+02
0	1	8	60	-2.4093581e+02
0	1	8	61	-1.4366925e+02
0	1	8	62	-6.0240913e+01
0	1	8	63	-1.5640947e+02
0	1	9	0	-9.9738226e+02
0	1	9	1	-9.5887793e+02
0	1	9	2	-9.2473401e+02
0	1	9	3	-9.0819678e+02
0	1	9	4	-9.7830286e+02
0	1	9	5	-1.0038556e+03
0	1	9	6	-9.6414111e+02
0	1	9	7	-9.5306323e+02
0	1	9	8	-9.6955219e+02
0	1	9	9	-9.1204333e+02
0	1	9	10	-1.0182906e+03
0	1	9	11	-8.5864386e+02
0	1	9	12	-1.0355084e+03
0	1	9	13	-9.5355670e+02
0	1	9	14	-1.1119688e+03
0	1	9	15	-9.8659729e+02
0	1	9	16	-1.1706362e+03
0	1	9	17	-1.1600084e+03
0	1	9	18	-1.1229091e+03
0	1	9	19	-1.0659283e+03
0	1	9	20	-1.0122601e+03
0	1	9	21	-1.0318853e+03
0	1	9	22	-1.0568967e+03
0	1	9	23	-1.1078314e+03
0	1	9	24	-1.1516766e+03
0	1	9	25	-1.0154570e+03
0	1	9	26	-1.0356121e+03
0	1	9	27	-9.8853632e+02
0	1	9	28	-1.0565072e+03
0	1	9	29	-1.0237473e+03
0	1	9	30	-1.0262943e+03
0	1	9	31	-1.1332144e+03
0	1	9	32	-1.0871108e+03
0	1	9	33	-9.6283429e+02
0	1	9	34	-3.3951276e+02
0	1	9	35	-3.8695822e+02
0	1	9	36	-3.0840457e+02
0	1	9	37	-2.2433974e+02
0	1	9	38	-3.3194318e+02
0	1	9	39	-3.0497684e+02
0	1	9	40	-1.7236623e+02
0	1	9	41	-4.0656549e+02
0	1	9	42	-1.8570245e+02
0	1	9	43	-2.3941678e+02
0	1	9	44	-1.2658566e+02
0	1	9	45	-2.5886819e+02
0	1	9	46	-9.4860878e+01
0	1	9	47	-2.6623984e+02
0	1	9	48	-2.0833955e+02
0	1	9	49	-2.2368690e+02
0	1	9	50	-2.1941577e+02
0	1	9	51	3.5470493e+02
0	1	9	52	3.9847299e+02
0	1	9	53	-2.6677860e+01
0	1	9	54	3.4697399e+01
0	1	9	55	8.0553963e+01
0	1	9	56	2.3853381e+02
0	1	9	57	2.0713509e+02
0	1	9	58	7.8101044e+00
0	1	9	59	-1.6184101e+01
0	1	9	60	1.2294251e+02
0	1	9	61	-1.0754703e+02
0	1	9	62	-8.6409027e+01
0	1	9	63	7.4513382e+01
0	1	10	0	-1.0638499e+03
0	1	10	1	-1.1682683e+03
0	1	10	2	-1.1387399e+03
0	1	10	3	-1.0510836e+03
0	1	10	4	-1.2945369e+03
0	1	10	5	-1.1907256e+03
0	1	10	6	-1.3607823e+03
0	1	10	7	-1.0487407e+03
0	1	10	8	-1.1389308e+03
0	1	10	9	-1.2133492e+03
0	1	10	10	-1.2292576e+03
0	1	10	11	-1.2311295e+03
0	1	10	12	-1.3193735e+03
0	1	10	13	-1.2389928e+03
0	1	10	14	-1.0921852e+03
0	1	10	15	-1.1750957e+03
0	1	10	16	-1.2625951e+03
0	1	10	17	-1.4018038e+03
0	1	10	18	-1.2107305e+03
0	1	10	19	-1.3570156e+03
0	1	10	20	-1.1116543e+03
0	1	10	21	-1.2035723e+03
0	1	10	22	-1.3081907e+03
0	1	10	23	-1.3391687e+03
0	1	10	24	-1.4172252e+03
0	1	10	25	-1.3275139e+03
0	1	10	26	-1.3662897e+03
0	1	10	27	-1.5894480e+03
0	1	10	28	-1.3893007e+03
0	1	10	29	-1.5054929e+03
0	1	10	30	-1.5200901e+03
0	1	10	31	-1.5057887e+03
0	1	10	32	-1.5341427e+03
0	1	10	33	-1.6245295e+03
0	1	10	34	-1.0211685e+03
0	1	10	35	-8.9889948e+02
0	1	10	36	-8.9841211e+02
0	1	10	37	-1.0393036e+03
0	1	10	38	-9.3970465e+02
0	1	10	39	-1.1062571e+03
0	1	10	40	-9.5837427e+02
0	1	10	41	-1.0875165e+03
0	1	10	42	-1.1999572e+03
0	1	10	43	-1.1731222e+03
0	1	10	44	-1.4034080e+03
0	1	10	45	-1.1916635e+03
0	1	10	46	-1.4013562e+03
0	1	10	47	-1.1944445e+03
0	1	10	48	-1.4416730e+03
0	1	10	49	-1.4503180e+03
0	1	10	50	-1.0647889e+03
0	1	10	51	-6.1501935e+02
0	1	10	52	-5.4856409e+02
0	1	10	53	-9.5098663e+02
0	1	10	54	-9.5606470e+02
0	1	10	55	-1.1797505e+03
0	1	10	56	-9.5731561e+02
0	1	10	57	-5.5309741e+02
0	1	10	58	-6.2966827e+02
0	1	10	59	-7.7097388e+02
0	1	10	60	-1.1205537e+03
0	1	10	61	-8.6828052e+02
0	1	10	62	-6.7131842e+02
0	1	10	63	-1.0691855e+03
0	1	11	0	-1.5975927e+03
0	1	11	1	-1.4693690e+03
0	1	11	2	-1.1828285e+03
0	1	11	3	-1.4677395e+03
0	1	11	4	-1.1816898e+03
0	1	11	5	-1.6568654e+03
0	1	11	6	-1.3058712e+03
0	1	11	7	-1.6550332e+03
0	1	11	8	-1.5343737e+03
0	1	11	9	-1.0818041e+03
0	1	11	10	-1.6458798e+03
0	1	11	11	-1.0641936e+03
0	1	11	12	-1.3914421e+03
0	1	11	13	-1.3355096e+03
0	1	11	14	-1.4630721e+03
0	1	11	15	-1.5241936e+03
0	1	11	16	-1.8617308e+03
0	1	11	17	-1.8759409e+03
0	1	11	18	-1.8430520e+03
0	1	11	19	-1.8684919e+03
0	1	11	20	-1.7030297e+03
0	1	11	21	-1.7100118e+03
0	1	11	22	-1.5966940e+03
0	1	11	23	-1.5433994e+03
0	1	11	24	-1.5577881e+03
0	1	11	25	-1.5280457e+03
0	1	11	26	-1.4658818e+03
0	1	11	27	-1.3447435e+03
0	1	11	28	-1.5226910e+03
0	1	11	29	-1.4164642e+03
0	1	11	30	-1.4282617e+03
0	1	11	31	-1.4104448e+03
0	1	11	32	-1.4549778e+03
0	1	11	33	-1.4046023e+03
0	1	11	34	-7.2192023e+02
0	1	11	35	-7.1127142e+02
0	1	11	36	-6.1075812e+02
0	1	11	37	-5.8998749e+02
0	1	11	38	-7.8724799e+02
0	1	11	39	-5.9960870e+02
0	1	11	40	-4.8715179e+02
0	1	11	41	-6.4202429e+02
0	1	11	42	-4.5203778e+02
0	1	11	43	-6.3834937e+02
0	1	11	44	-4.0639655e+02
0	1	11	45	-5.3178723e+02
0	1	11	46	-4.0245947e+02
0	1	11	47	-4.5870428e+02
0	1	11	48	-3.9743161e+02
0	1	11	49	-4.3712701e+02
0	1	11	50	-5.7633612e+02
0	1	11	51	5.3575516e+01
0	1	11	52	5.8366493e+01
0	1	11	53	-2.4403075e+02
0	1	11	54	-2.3269963e+02
0	1	11	55	-1.0599345e+02
0	1	11	56	-4.7467022e+01
0	1	11	57	-1.6219878e+02
0	1	11	58	-3.6894785e+02
0	1	11	59	-3.3444012e+02
0	1	11	60	-1.7572537e+02
0	1	11	61	-3.9878360e+02
0	1	11	62	-4.7094928e+02
0	1	11	63	-1.6767256e+02
0	1	12	0	-1.8927666e+03
0	1	12	1	-1.6485592e+03
0	1	12	2	-1.3084596e+03
0	1	12	3	-1.8761477e+03
0	1	12	4	-1.3843646e+03
0	1	12	5	-1.4169109e+03
0	1	12	6	-1.2834785e+03
0	1	12	7	-1.8996947e+03
0	1	12	8	-1.7158398e+03
0	1	12	9	-1.2051335e+03
0	1	12	10	-1.6494200e+03
0	1	12	11	-1.2785620e+03
0	1	12	12	-1.5555502e+03
0	1	12	13	-1.5518568e+03
0	1	12	14	-1.9579713e+03
0	1	12	15	-1.6275674e+03
0	1	12	16	-2.0788325e+03
0	1	12	17	-1.7921362e+03
0	1	12	18	-2.0422845e+03
0	1	12	19	-1.8090172e+03
0	1	12	20	-1.9992725e+03
0	1	12	21	-1.9829271e+03
0	1	12	22	-1.7862531e+03
0	1	12	23	-1.7126650e+03
0	1	12	24	-1.5427079e+03
0	1	12	25	-1.4757367e+03
0	1	12	26	-1.6646310e+03
0	1	12	27	-1.3523746e+03
0	1	12	28	-1.5608440e+03
0	1	12	29	-1.4791442e+03
0	1	12	30	-1.5396079e+03
0	1	12	31	-1.4576392e+03
0	1	12	32	-1.4197086e+03
0	1	12	33	-1.3914749e+03
0	1	12	34	-6.9796143e+02
0	1	12	35	-6.2186560e+02
0	1	12	36	-5.8583990e+02
0	1	12	37	-5.4532037e+02
0	1	12	38	-5.6038312e+02
0	1	12	39	-5.0919467e+02
0	1	12	40	-5.7294403e+02
0	1	12	41	-5.3706738e+02
0	1	12	42	-4.0095242e+02
0	1	12	43	-4.0662695e+02
0	1	12	44	-3.1037808e+02
0	1	12	45	-4.4831342e+02
0	1	12	46	-2.8680792e+02
0	1	12	47	-4.3399747e+02
0	1	12	48	-3.6258453e+02
0	1	12	49	-3.9609671e+02
0	1	12	50	-4.2494174e+02
0	1	12	51	2.1148643e+02
0	1	12	52	2.6919125e+02
0	1	12	53	-1.6409142e+02
0	1	12	54	-1.6638077e+02
0	1	12	55	-1.4600485e+02
0	1	12	56	6.6043831e+01
0	1	12	57	-9.1211723e+01
0	1	12	58	-3.7559195e+02
0	1	12	59	-2.6057382e+02
0	1	12	60	-1.7378651e+02
0	1	12	61	-2.5403098e+02
0	1	12	62	-3.7378152e+02
0	1	12	63	-4.7255486e+01
0	1	13	0	-8.9253156e+02
0	1	13	1	-9.5054413e+02
0	1	13	2	-1.2429497e+03
0	1	13	3	-1.0896377e+03
0	1	13	4	-1.2234849e+03
0	1	13	5	-8.9770514e+02
0	1	13	6	-1.1308162e+03
0	1	13	7	-9.1115277e+02
0	1	13	8	-1.0606813e+03
0	1	13	9	-1.2750709e+03
0	1	13	10	-9.8886407e+02
0	1	13	11	-1.3254946e+03
0	1	13	12	-1.1328689e+03
0	1	13	13	-1.1319548e+03
0	1	13	14	-1.2687882e+03
0	1	13	15	-1.0219453e+03
0	1	13	16	-1.1220580e+03
0	1	13	17	-1.0342274e+03
0	1	13	18	-1.0770787e+03
0	1	13	19	-1.0736034e+03
0	1	13	20	-1.1808263e+03
0	1	13	21	-1.2013038e+03
0	1	13	22	-1.0771765e+03
0	1	13	23	-1.1565916e+03
0	1	13	24	-1.1916167e+03
0	1	13	25	-1.1626228e+03
0	1	13	26	-1.2666284e+03
0	1	13	27	-1.3365469e+03
0	1	13	28	-1.1802709e+03
0	1	13	29	-1.3158557e+03
0	1	13	30	-1.4111595e+03
0	1	13	31	-1.4934335e+03
0	1	13	32	-1.3397754e+03
0	1	13	33	-1.4818674e+03
0	1	13	34	-8.8899268e+02
0	1	13	35	-8.3699152e+02
0	1	13	36	-8.1966803e+02
0	1	13	37	-9.0450793e+02
0	1	13	38	-6.1656335e+02
0	1	13	39	-9.3760065e+02
0	1	13	40	-1.0641824e+03
0	1	13	41	-1.0042582e+03
0	1	13	42	-1.0236130e+03
0	1	13	43	-9.8416052e+02
0	1	13	44	-1.2517661e+03
0	1	13	45	-1.1565295e+03
0	1	13	46	-1.2892590e+03
0	1	13	47	-1.1582726e+03
0	1	13	48	-1.3983510e+03
0	1	13	49	-1.3410385e+03
0	1	13	50	-8.6340302e+02
0	1	13	51	-5.3566785e+02
0	1	13	52	-5.6221649e+02
0	1	13	53	-8.7913519e+02
0	1	13	54	-7.8461090e+02
0	1	13	55	-1.0632777e+03
0	1	13	56	-1.0171417e+03
0	1	13	57	-5.3935022e+02
0	1	13	58	-5.5235455e+02
0	1	13	59	-6.8306219e+02
0	1	13	60	-1.1710220e+03
0	1	13	61	-7.3978467e+02
0	1	13	62	-5.1798737e+02
0	1	13	63	-1.0931068e+03
0	1	14	0	-6.8746796e+02
0	1	14	1	-7.7882501e+02
0	1	14	2	-6.4986694e+02
0	1	14	3	-7.4137054e+02
0	1	14	4	-7.2197931e+02
0	1	14	5	-6.9937622e+02
0	1	14	6	-6.7249078e+02
0	1	14	7	-7.1278705e+02
0	1	14	8	-7.4423480e+02
0	1	14	9	-5.6949481e+02
0	1	14	10	-7.7133722e+02
0	1	14	11	-5.9652527e+02
0	1	14	12	-8.6168781e+02
0	1	14	13	-7.3299689e+02
0	1	14	14	-8.2069946e+02
0	1	14	15	-8.6166888e+02
0	1	14	16	-9.3078265e+02
0	1	14	17	-9.1568262e+02
0	1	14	18	-8.8580872e+02
0	1	14	19	-9.3299890e+02
0	1	14	20	-8.8785620e+02
0	1	14	21	-8.7703296e+02
0	1	14	22	-8.4571942e+02
0	1	14	23	-8.8194159e+02
0	1	14	24	-9.4221039e+02
0	1	14	25	-7.6816309e+02
0	1	14	26	-8.7929779e+02
0	1	14	27	-7.5510126e+02
0	1	14	28	-8.4315765e+02
0	1	14	29	-7.8986469e+02
0	1	14	30	-8.6253027e+02
0	1	14	31	-8.3922449e+02
0	1	14	32	-8.6085596e+02
0	1	14	33	-7.7974921e+02
0	1	14	34	-5.5656101e+01
0	1	14	35	-7.3852280e+01
0	1	14	36	2.6246021e+01
0	1	14	37	5.5409790e+01
0	1	14	38	-1.6800314e+00
0	1	14	39	9.7538498e+01
0	1	14	40	2.2642090e+01
0	1	14	41	2.2412430e+01
0	1	14	42	5.6552959e+01
0	1	14	43	5.0763432e+01
0	1	14	44	2.3529411e+02
0	1	14	45	6.1539284e+01
0	1	14	46	2.1840143e+02
0	1	14	47	7.8321053e+01
0	1	14	48	1.2218989e+02
0	1	14	49	1.0920058e+02
0	1	14	50	1.8702469e+02
0	1	14	51	7.2485840e+02
0	1	14	52	8.1445410e+02
0	1	14	53	3.7218732e+02
0	1	14	54	3.4446674e+02
0	1	14	55	4.4614569e+02
0	1	14	56	6.1938617e+02
0	1	14	57	5.2686475e+02
0	1	14	58	3.0524063e+02
0	1	14	59	3.5964175e+02
0	1	14	60	4.3564517e+02
0	1	14	61	3.7030881e+02
0	1	14	62	2.7392581e+02
0	1	14	63	4.1669696e+02
0	1	15	0	-5.3831586e+02
0	1	15	1	-7.3120038e+02
0	1	15	2	-7.8585364e+02
0	1	15	3	-7.4430920e+02
0	1	15	4	-8.8831683e+02
0	1	15	5	-6.3596069e+02
0	1	15	6	-7.0988361e+02
0	1	15	7	-6.5473273e+02
0	1	15	8	-8.0002954e+02
0	1	15	9	-8.7764563e+02
0	1	15	10	-7.2608954e+02
0	1	15	11	-9.1837628e+02
0	1	15	12	-8.1085382e+02
0	1	15	13	-7.7298022e+02
0	1	15	14	-8.9113745e+02
0	1	15	15	-8.1925323e+02
0	1	15	16	-7.8808673e+02
0	1	15	17	-7.2206042e+02
0	1	15	18	-8.6909766e+02
0	1	15	19	-8.0628534e+02
0	1	15	20	-8.1812805e+02
0	1	15	21	-8.2723639e+02
0	1	15	22	-7.8462610e+02
0	1	15	23	-7.5149585e+02
0	1	15	24	-8.7795679e+02
0	1	15	25	-8.3406494e+02
0	1	15	26	-1.0109686e+03
0	1	15	27	-8.9418542e+02
0	1	15	28	-8.2928345e+02
0	1	15	29	-9.6383472e+02
0	1	15	30	-9.8630658e+02
0	1	15	31	-9.5208417e+02
0	1	15	32	-1.0774082e+03
0	1	15	33	-1.0579402e+03
0	1	15	34	-2.5179512e+02
0	1	15	35	-4.0547733e+02
0	1	15	36	-2.5759393e+02
0	1	15	37	-3.2168863e+02
0	1	15	38	-3.0158786e+02
0	1	15	39	-3.3990851e+02
0	1	15	40	-3.5934750e+02
0	1	15	41	-4.3967621e+02
0	1	15	42	-3.8380267e+02
0	1	15	43	-3.6864499e+02
0	1	15	44	-4.1170398e+02
0	1	15	45	-4.6184451e+02
0	1	15	46	-4.1353369e+02
0	1	15	47	-4.4326602e+02
0	1	15	48	-3.9906415e+02
0	1	15	49	-4.3911777e+02
0	1	15	50	-3.0075372e+02
0	1	15	51	3.0131589e+02
0	1	15	52	2.3315549e+02
0	1	15	53	-1.0518914e+02
0	1	15	54	-1.0992806e+02
0	1	15	55	-1.3099608e+02
0	1	15	56	4.9642019e+00
0	1	15	57	5.6321953e+01
0	1	15	58	-1.9691250e+01
0	1	15	59	-2.3874426e+00
0	1	15	60	-1.1001943e+02
0	1	15	61	-2.0316628e+02
0	1	15	62	-9.8720314e+01
0	1	15	63	-1.3562842e+02
0	2	0	0	-1.1125664e+02
0	2	0	1	-1.9214516e+02
0	2	0	2	-9.8671631e+01
0	2	0	3	-8.7312576e+01
0	2	0	4	-2.5959885e+02
0	2	0	5	-1.8401489e+02
0	2	0	6	-2.3609067e+02
0	2	0	7	-6.2040237e+01
0	2	0	8	-1.0698589e+02
0	2	0	9	-3.7137859e+01
0	2	0	10	-1.7916707e+02
0	2	0	11	-1.9559920e+02
0	2	0	12	-2.7758234e+02
0	2	0	13	-1.9738632e+02
0	2	0	14	-1.3077060e+02
0	2	0	15	-1.4828566e+02
0	2	0	16	-2.8402057e+02
0	2	0	17	-3.6858127e+02
0	2	0	18	-3.2687411e+02
0	2	0	19	-2.5845258e+02
0	2	0	20	-1.5331537e+02
0	2	0	21	-2.8906561e+02
0	2	0	22	-2.9500784e+02
0	2	0	23	-2.2791199e+02
0	2	0	24	-3.5274817e+02
0	2	0	25	-3.7282898e+02
0	2	0	26	-4.5561075e+02
0	2	0	27	-4.1012802e+02
0	2	0	28	-3.6404758e+02
0	2	0	29	-3.4721661e+02
0	2	0	30	-3.4603851e+02
0	2	0	31	-4.1737442e+02
0	2	0	32	-4.4097794e+02
0	2	0	33	-4.3604596e+02
0	2	0	34	2.5316734e+02
0	2	0	35	2.2948369e+02
0	2	0	36	1.9294267e+02
0	2	0	37	1.7379900e+02
0	2	0	38	2.2266237e+02
0	2	0	39	2.0627002e+02
0	2	0	40	1.3112132e+02
0	2	0	41	1.7498561e+02
0	2	0	42	2.5841580e+02
0	2	0	43	1.5111234e+02
0	2	0	44	2.0091829e+02
0	2	0	45	1.4154645e+02
0	2	0	46	1.6902765e+02
0	2	0	47	1.4820567e+02
0	2	0	48	1.7908673e+02
0	2	0	49	9.4644234e+01
0	2	0	50	2.5365236e+02
0	2	0	51	7.5547540e+02
0	2	0	52	7.6965350e+02
0	2	0	53	3.7995343e+02
0	2	0	54	5.3769592e+02
0	2	0	55	4.5530585e+02
0	2	0	56	6.0324475e+02
0	2	0	57	6.4232391e+02
0	2	0	58	5.5987366e+02
0	2	0	59	5.0134500e+02
0	2	0	60	4.8419229e+02
0	2	0	61	3.7413565e+02
0	2	0	62	5.3629633e+02
0	2	0	63	4.7500153e+02
0	2	1	0	-3.1923901e+02
0	2	1	1	-3.5119617e+02
0	2	1	2	-3.7586087e+02
0	2	1	3	-3.3852338e+02
0	2	1	4	-4.1157117e+02
0	2	1	5	-3.7416095e+02
0	2	1	6	-4.3407938e+02
0	2	1	7	-4.3763339e+02
0	2	1	8	-3.9615448e+02
0	2	1	9	-2.9282770e+02
0	2	1	10	-5.2410626e+02
0	2	1	11	-3.6400952e+02
0	2	1	12	-4.4980515e+02
0	2	1	13	-3.5792859e+02
0	2	1	14	-5.4566162e+02
0	2	1	15	-5.2812354e+02
0	2	1	16	-5.6232159e+02
0	2	1	17	-5.1036392e+02
0	2	1	18	-5.2179303e+02
0	2	1	19	-5.1401447e+02
0	2	1	20	-5.9366205e+02
0	2	1	21	-5.3808588e+02
0	2	1	22	-5.1306848e+02
0	2	1	23	-4.7266547e+02
0	2	1	24	-5.4527594e+02
0	2	1	25	-4.8455615e+02
0	2	1	26	-5.6738330e+02
0	2	1	27	-4.9314563e+02
0	2	1	28	-5.1691846e+02
0	2	1	29	-4.9499127e+02
0	2	1	30	-4.9477802e+02
0	2	1	31	-5.2109509e+02
0	2	1	32	-5.8075317e+02
0	2	1	33	-5.1429022e+02
0	2	1	34	1.6183865e+02
0	2	1	35	7.0711525e+01
0	2	1	36	1.5017285e+02
0	2	1	37	1.6582111e+02
0	2	1	38	1.8740546e+02
0	2	1	39	1.9296223e+02
0	2	1	40	2.4356424e+02
0	2	1	41	2.0225905e+02
0	2	1	42	2.3116125e+02
0	2	1	43	2.2298779e+02
0	2	1	44	2.6170016e+02
0	2	1	45	1.8417567e+02
0	2	1	46	2.4010669e+02
0	2	1	47	1.1311298e+02
0	2	1	48	1.9163654e+02
0	2	1	49	2.7458667e+02
0	2	1	50	2.0440263e+02
0	2	1	51	7.6987579e+02
0	2	1	52	8.2450592e+02
0	2	1	53	4.3440741e+02
0	2	1	54	4.3572885e+02
0	2	1	55	4.8059973e+02
0	2	1	56	6.6563110e+02
0	2	1	57	6.1561224e+02
0	2	1	58	4.6574216e+02
0	2	1	59	4.9396753e+02
0	2	1	60	4.9421375e+02
0	2	1	61	3.8013412e+02
0	2	1	62	3.8172162e+02
0	2	1	63	5.6312372e+02
0	2	2	0	-5.6639091e+01
0	2	2	1	-1.9378598e+02
0	2	2	2	-4.9529140e+01
0	2	2	3	-1.7616158e+02
0	2	2	4	-2.0515526e+02
0	2	2	5	-1.6369641e+02
0	2	2	6	-2.0286383e+02
0	2	2	7	-9.4117905e+01
0	2	2	8	-1.3649228e+02
0	2	2	9	-1.0385841e+02
0	2	2	10	-2.2909789e+02
0	2	2	11	-1.1211062e+02
0	2	2	12	-2.0825954e+02
0	2	2	13	-1.8160687e+02
0	2	2	14	-1.5967976e+02
0	2	2	15	-9.7789444e+01
0	2	2	16	-2.7539777e+02
0	2	2	17	-2.4484506e+02
0	2	2	18	-3.0812210e+02
0	2	2	19	-3.0212744e+02
0	2	2	20	-2.0175587e+02
0	2	2	21	-2.4638904e+02
0	2	2	22	-1.9158043e+02
0	2	2	23	-2.8171735e+02
0	2	2	24	-3.2348486e+02
0	2	2	25	-2.8912900e+02
0	2	2	26	-4.0409256e+02
0	2	2	27	-4.2879214e+02
0	2	2	28	-2.8340277e+02
0	2	2	29	-4.1689014e+02
0	2	2	30	-3.0871036e+02
0	2	2	31	-3.4692438e+02
0	2	2	32	-3.7160733e+02
0	2	2	33	-4.3579990e+02
0	2	2	34	2.7478705e+02
0	2	2	35	3.3664136e+02
0	2	2	36	2.5322789e+02
0	2	2	37	3.4603275e+02
0	2	2	38	3.1701697e+02
0	2	2	39	2.8635361e+02
0	2	2	40	3.0456009e+02
0	2	2	41	2.8455768e+02
0	2	2	42	3.1862900e+02
0	2	2	43	4.6182504e+02
0	2	2	44	4.8101270e+02
0	2	2	45	4.7828967e+02
0	2	2	46	3.8733405e+02
0	2	2	47	4.1472131e+02
0	2	2	48	4.3889963e+02
0	2	2	49	4.0044080e+02
0	2	2	50	3.5657373e+02
0	2	2	51	1.0176265e+03
0	2	2	52	1.1101125e+03
0	2	2	53	6.9013641e+02
0	2	2	54	7.0133398e+02
0	2	2	55	7.1533862e+02
0	2	2	56	8.6621283e+02
0	2	2	57	7.5095270e+02
0	2	2	58	6.7943347e+02
0	2	2	59	6.0906219e+02
0	2	2	60	6.8435327e+02
0	2	2	61	6.4848016e+02
0	2	2	62	6.2402576e+02
0	2	2	63	7.6084247e+02
0	2	3	0	-3.1476083e+02
0	2	3	1	-2.6470483e+02
0	2	3	2	-2.5997794e+02
0	2	3	3	-3.2930273e+02
0	2	3	4	-2.5071312e+02
0	2	3	5	-2.7768201e+02
0	2	3	6	-3.0327518e+02
0	2	3	7	-2.4537973e+02
0	2	3	8	-3.0996640e+02
0	2	3	9	-2.5094836e+02
0	2	3	10	-3.7108722e+02
0	2	3	11	-3.0051080e+02
0	2	3	12	-3.5766068e+02
0	2	3	13	-3.7306104e+02
0	2	3	14	-4.6060831e+02
0	2	3	15	-3.5003796e+02
0	2	3	16	-3.8819788e+02
0	2	3	17	-3.3482257e+02
0	2	3	18	-4.6226349e+02
0	2	3	19	-2.5241327e+02
0	2	3	20	-4.5531555e+02
0	2	3	21	-4.0519006e+02
0	2	3	22	-2.2640891e+02
0	2	3	23	-2.6084396e+02
0	2	3	24	-4.6866885e+02
0	2	3	25	-2.6427512e+02
0	2	3	26	-4.0129211e+02
0	2	3	27	-3.9941132e+02
0	2	3	28	-2.6587531e+02
0	2	3	29	-2.7673123e+02
0	2	3	30	-2.9765707e+02
0	2	3	31	-4.3908322e+02
0	2	3	32	-4.3262442e+02
0	2	3	33	-4.0370248e+02
0	2	3	34	4.5031912e+02
0	2	3	35	2.9725592e+02
0	2	3	36	4.1633289e+02
0	2	3	37	5.4345215e+02
0	2	3	38	3.2619629e+02
0	2	3	39	4.6518649e+02
0	2	3	40	5.4551562e+02
0	2	3	41	3.2541766e+02
0	2	3	42	6.3864624e+02
0	2	3	43	3.7732666e+02
0	2	3	44	4.7135464e+02
0	2	3	45	3.4663013e+02
0	2	3	46	4.5875400e+02
0	2	3	47	4.1313199e+02
0	2	3	48	4.5106528e+02
0	2	3	49	5.3013855e+02
0	2	3	50	4.5684991e+02
0	2	3	51	9.5953717e+02
0	2	3	52	9.5790912e+02
0	2	3	53	6.6095428e+02
0	2	3	54	7.2561133e+02
0	2	3	55	6.5900055e+02
0	2	3	56	8.4582532e+02
0	2	3	57	7.8321271e+02
0	2	3	58	6.2561249e+02
0	2	3	59	6.3530212e+02
0	2	3	60	6.2619580e+02
0	2	3	61	6.6872803e+02
0	2	3	62	5.1525745e+02
0	2	3	63	6.7097986e+02
0	2	4	0	7.3482674e+01
0	2	4	1	4.1912380e+01
0	2	4	2	7.4986572e+01
0	2	4	3	9.4475609e+01
0	2	4	4	-8.8050919e+01
0	2	4	5	2.7308117e+01
0	2	4	6	-5.2525265e+01
0	2	4	7	1.8136613e+02
0	2	4	8	2.3286854e+01
0	2	4	9	1.0591708e+02
0	2	4	10	-1.8980764e+01
0	2	4	11	4.4569874e+01
0	2	4	12	-1.0851296e+01
0	2	4	13	1.0041244e+01
0	2	4	14	9.9216537e+01
0	2	4	15	1.8939760e+02
0	2	4	16	-1.4937966e+00
0	2	4	17	-5.3331306e+01
0	2	4	18	2.5252626e+01
0	2	4	19	-9.1092232e+01
0	2	4	20	5.0267982e-01
0	2	4	21	5.7045170e+01
0	2	4	22	1.1091078e+01
0	2	4	23	-6.9917465e+01
0	2	4	24	-1.4652626e+02
0	2	4	25	-7.9531059e+01
0	2	4	26	-8.8282921e+01
0	2	4	27	-2.1228873e+02
0	2	4	28	-8.7088104e+01
0	2	4	29	-5.3122032e+01
0	2	4	30	7.7899231e+01
0	2	4	31	-8.1541229e+01
0	2	4	32	-2.1572922e+02
0	2	4	33	-1.4770285e+02
0	2	4	34	4.4144537e+02
0	2	4	35	6.5187817e+02
0	2	4	36	6.6858240e+02
0	2	4	37	5.7197235e+02
0	2	4	38	4.9436237e+02
0	2	4	39	6.5755896e+02
0	2	4	40	5.5530212e+02
0	2	4	41	5.0614008e+02
0	2	4	42	5.5676166e+02
0	2	4	43	5.2699414e+02
0	2	4	44	5.9199976e+02
0	2	4	45	4.7843988e+02
0	2	4	46	5.6823553e+02
0	2	4	47	5.0595233e+02
0	2	4	48	5.3838086e+02
0	2	4	49	5.0940094e+02
0	2	4	50	6.1325781e+02
0	2	4	51	1.1478634e+03
0	2	4	52	1.1545480e+03
0	2	4	53	7.6208441e+02
0	2	4	54	7.6436407e+02
0	2	4	55	8.2835181e+02
0	2	4	56	9.7953705e+02
0	2	4	57	9.6593658e+02
0	2	4	58	8.1962048e+02
0	2	4	59	8.3329218e+02
0	2	4	60	8.3646893e+02
0	2	4	61	7.0003070e+02
0	2	4	62	7.8457880e+02
0	2	4	63	7.5305304e+02
0	2	5	0	1.1481226e+02
0	2	5	1	8.2493874e+01
0	2	5	2	1.0975360e+02
0	2	5	3	-5.5764629e+01
0	2	5	4	4.2961010e+01
0	2	5	5	6.5903191e+01
0	2	5	6	4.8547653e+01
0	2	5	7	7.4217567e+01
0	2	5	8	-3.4097767e+01
0	2	5	9	6.5755585e+01
0	2	5	10	-3.8541603e+01
0	2	5	11	-1.1005765e+01
0	2	5	12	-1.0038432e+02
0	2	5	13	1.1077177e+01
0	2	5	14	-1.4612286e+02
0	2	5	15	-4.2402409e+01
0	2	5	16	-2.4368932e+02
0	2	5	17	-1.5202997e+02
0	2	5	18	-2.1323479e+02
0	2	5	19	-1.3523192e+02
0	2	5	20	-1.6697966e+02
0	2	5	21	-1.3363667e+02
0	2	5	22	-1.1076289e+02
0	2	5	23	-7.8478287e+01
0	2	5	24	-1.8001866e+02
0	2	5	25	-1.6600174e+02
0	2	5	26	-2.2200607e+02
0	2	5	27	-1.3051935e+02
0	2	5	28	-1.3275551e+02
0	2	5	29	-1.3305249e+02
0	2	5	30	-1.2319459e+02
0	2	5	31	-1.6150761e+02
0	2	5	32	-1.8903833e+02
0	2	5	33	-5.3231998e+01
0	2	5	34	5.9466223e+02
0	2	5	35	5.5127856e+02
0	2	5	36	5.6597052e+02
0	2	5	37	6.0569104e+02
0	2	5	38	5.4524884e+02
0	2	5	39	5.4912390e+02
0	2	5	40	6.2902710e+02
0	2	5	41	6.0441864e+02
0	2	5	42	7.4008868e+02
0	2	5	43	6.0541077e+02
0	2	5	44	7.0727277e+02
0	2	5	45	6.9100745e+02
0	2	5	46	6.3655994e+02
0	2	5	47	6.4598090e+02
0	2	5	48	6.5501398e+02
0	2	5	49	6.5222791e+02
0	2	5	50	6.5610126e+02
0	2	5	51	1.2004452e+03
0	2	5	52	1.2450293e+03
0	2	5	53	8.6102606e+02
0	2	5	54	9.2473956e+02
0	2	5	55	9.6183722e+02
0	2	5	56	1.0147502e+03
0	2	5	57	9.9773846e+02
0	2	5	58	8.6075769e+02
0	2	5	59	8.1792853e+02
0	2	5	60	9.7992865e+02
0	2	5	61	8.2105090e+02
0	2	5	62	9.2054401e+02
0	2	5	63	9.1108368e+02
0	2	6	0	1.6488322e+02
0	2	6	1	7.2797707e+01
0	2	6	2	1.4098425e+02
0	2	6	3	1.1635165e+02
0	2	6	4	5.0347805e+01
0	2	6	5	7.0589233e+01
0	2	6	6	1.5693516e+00
0	2	6	7	2.4145909e+02
0	2	6	8	8.0534569e+01
0	2	6	9	8.6804115e+01
0	2	6	10	-1.2633590e+01
0	2	6	11	1.0464214e+02
0	2	6	12	-5.0480358e+01
0	2	6	13	6.2054970e+01
0	2	6	14	2.5687265e+02
0	2	6	15	3.1799660e+01
0	2	6	16	5.5374779e+01
0	2	6	17	-6.7085793e+01
0	2	6	18	1.7659901e+02
0	2	6	19	-6.0839706e+01
0	2	6	20	8.7286211e+03
0	2	6	21	1.1075449e+02
0	2	6	22	-9.7194054e+01
0	2	6	23	-5.9649078e+01
0	2	6	24	-1.3804825e+02
0	2	6	25	-1.2661318e+01
0	2	6	26	-1.4890198e+02
0	2	6	27	-1.3302792e+02
0	2	6	28	-8.5229813e+01
0	2	6	29	-1.2729837e+02
0	2	6	30	-7.0599861e+01
0	2	6	31	-1.4032278e+02
0	2	6	32	-2.3134216e+02
0	2	6	33	-1.8832811e+02
0	2	6	34	4.3982935e+02
0	2	6	35	5.2228540e+02
0	2	6	36	4.7294519e+02
0	2	6	37	5.8517053e+02
0	2	6	38	5.3536353e+02
0	2	6	39	5.2076440e+02
0	2	6	40	4.5474704e+02
0	2	6	41	5.3826617e+02
0	2	6	42	5.5071478e+02
0	2	6	43	5.5363367e+02
0	2	6	44	5.2888177e+02
0	2	6	45	4.3963855e+02
0	2	6	46	2.1333815e+02
0	2	6	47	4.3029523e+02
0	2	6	48	4.8338379e+02
0	2	6	49	3.9643921e+02
0	2	6	50	5.1345300e+02
0	2	6	51	1.1357246e+03
0	2	6	52	1.0082550e+03
0	2	6	53	7.3457947e+02
0	2	6	54	6.7282642e+02
0	2	6	55	7.5755988e+02
0	2	6	56	9.0060352e+02
0	2	6	57	9.4630743e+02
0	2	6	58	8.0649969e+02
0	2	6	59	7.9793451e+02
0	2	6	60	8.5145996e+02
0	2	6	61	6.5697388e+02
0	2	6	62	7.1171826e+02
0	2	6	63	8.2086871e+02
0	2	7	0	1.6600652e+02
0	2	7	1	1.0954164e+02
0	2	7	2	3.9325924e+01
0	2	7	3	1.2668188e+02
0	2	7	4	6.8120010e+01
0	2	7	5	3.6023795e+02
0	2	7	6	1.4875374e+02
0	2	7	7	2.9234575e+03
0	2	7	8	4.7604874e+01
0	2	7	9	1.5687331e+02
0	2	7	10	-3.8539334e+02
0	2	7	11	2.0348299e+02
0	2	7	12	-3.3215408e+01
0	2	7	13	1.3513408e+02
0	2	7	14	-9.7110004e+00
0	2	7	15	1.4626659e+02
0	2	7	16	1.4462043e+01
0	2	7	17	3.2035088e+01
0	2	7	18	3.6071854e+01
0	2	7	19	6.0408409e+01
0	2	7	20	7.0607956e+01
0	2	7	21	-6.6455812e+00
0	2	7	22	-3.6112885e+01
0	2	7	23	5.5665661e+01
0	2	7	24	-9.7753878e+00
0	2	7	25	-5.2421360e+00
0	2	7	26	-1.4794751e+01
0	2	7	27	5.3170621e-01
0	2	7	28	2.0798923e+01
0	2	7	29	4.8603024e+01
0	2	7	30	1.8720820e+00
0	2	7	31	-9.8106224e+01
0	2	7	32	-6.3107693e+01
0	2	7	33	3.3589451e+01
0	2	7	34	7.0475293e+02
0	2	7	35	6.6090173e+02
0	2	7	36	7.0351318e+02
0	2	7	37	7.2876147e+02
0	2	7	38	6.3081757e+02
0	2	7	39	6.5288025e+02
0	2	7	40	7.8049005e+02
0	2	7	41	5.9733563e+02
0	2	7	42	7.5631915e+02
0	2	7	43	6.5741992e+02
0	2	7	44	1.4952950e+03
0	2	7	45	6.5263873e+02
0	2	7	46	7.7930048e+02
0	2	7	47	6.9193445e+02
0	2	7	48	6.5921820e+02
0	2	7	49	6.9690814e+02
0	2	7	50	6.8797943e+02
0	2	7	51	1.2709312e+03
0	2	7	52	1.3195804e+03
0	2	7	53	8.6898376e+02
0	2	7	54	9.8844342e+02
0	2	7	55	9.9699243e+02
0	2	7	56	1.2699202e+03
0	2	7	57	1.0842910e+03
0	2	7	58	9.0261646e+02
0	2	7	59	9.6496674e+02
0	2	7	60	1.0019670e+03
0	2	7	61	8.3678033e+02
0	2	7	62	8.5297955e+02
0	2	7	63	1.0583052e+03
0	2	8	0	1.6275581e+02
0	2	8	1	2.6668461e+01
0	2	8	2	9.9687462e+01
0	2	8	3	5.9022469e+01
0	2	8	4	-9.4271278e+01
0	2	8	5	-1.4436474e+01
0	2	8	6	-1.2375440e+02
0	2	8	7	5.5409416e+01
0	2	8	8	-5.9189801e+00
0	2	8	9	-1.1449707e+01
0	2	8	10	-1.7110356e+02
0	2	8	11	7.8539940e+01
0	2	8	12	-1.4689345e+02
0	2	8	13	-7.6761351e+00
0	2	8	14	6.1521507e+01
0	2	8	15	-6.1308216e+01
0	2	8	16	-5.1070419e+01
0	2	8	17	-1.5327618e+02
0	2	8	18	-2.9975878e+01
0	2	8	19	-5.0543396e+01
0	2	8	20	-1.6076319e+01
0	2	8	21	-5.1488472e+01
0	2	8	22	-1.3176743e+02
0	2	8	23	2.2308523e+01
0	2	8	24	-2.0367250e+02
0	2	8	25	-1.3955777e+02
0	2	8	26	-1.5610612e+02
0	2	8	27	-2.4760097e+02
0	2	8	28	-1.4540749e+02
0	2	8	29	-2.9013013e+02
0	2	8	30	-2.7570117e+02
0	2	8	31	-1.6533855e+02
0	2	8	32	-1.9254979e+02
0	2	8	33	-3.0051797e+02
0	2	8	34	3.2554480e+02
0	2	8	35	4.3249390e+02
0	2	8	36	4.3863675e+02
0	2	8	37	5.1865521e+02
0	2	8	38	5.0169202e+02
0	2	8	39	4.3379889e+02
0	2	8	40	3.7756305e+02
0	2	8	41	4.7133530e+02
0	2	8	42	4.7366534e+02
0	2	8	43	3.9441870e+02
0	2	8	44	4.0117139e+02
0	2	8	45	4.0599411e+02
0	2	8	46	5.0114444e+02
0	2	8	47	4.3336011e+02
0	2	8	48	5.4582544e+02
0	2	8	49	4.6912994e+02
0	2	8	50	4.6415643e+02
0	2	8	51	1.0821470e+03
0	2	8	52	1.1178770e+03
0	2	8	53	7.0245630e+02
0	2	8	54	6.7405585e+02
0	2	8	55	6.4508813e+02
0	2	8	56	7.9535779e+02
0	2	8	57	8.7852203e+02
0	2	8	58	8.7141937e+02
0	2	8	59	7.9579303e+02
0	2	8	60	6.6118732e+02
0	2	8	61	6.4004163e+02
0	2	8	62	6.8374835e+02
0	2	8	63	7.2024811e+02
0	2	9	0	1.0744290e+02
0	2	9	1	1.5568629e+02
0	2	9	2	1.5236357e+02
0	2	9	3	7.6444923e+01
0	2	9	4	2.0032291e+02
0	2	9	5	7.2083412e+01
0	2	9	6	1.3595140e+02
0	2	9	7	1.7138013e+02
0	2	9	8	8.0645515e+01
0	2	9	9	1.4086081e+02
0	2	9	10	5.9081295e+01
0	2	9	11	1.9041731e+02
0	2	9	12	-6.1560678e+00
0	2	9	13	7.4874001e+01
0	2	9	14	1.4631439e+02
0	2	9	15	6.3890022e+01
0	2	9	16	2.0687838e+01
0	2	9	17	2.5789764e+01
0	2	9	18	-6.2918571e+01
0	2	9	19	-2.2409357e+01
0	2	9	20	-2.2830866e+01
0	2	9	21	5.1477039e+01
0	2	9	22	1.4118683e+02
0	2	9	23	-2.5792723e+00
0	2	9	24	-4.9997917e+01
0	2	9	25	7.2376724e+01
0	2	9	26	-1.0829128e+02
0	2	9	27	2.6627151e+01
0	2	9	28	9.2632973e+01
0	2	9	29	1.4585885e+01
0	2	9	30	-7.9987877e+01
0	2	9	31	7.4572053e+00
0	2	9	32	-2.4772560e+01
0	2	9	33	1.3624361e+02
0	2	9	34	7.2354083e+02
0	2	9	35	6.8678040e+02
0	2	9	36	6.8836108e+02
0	2	9	37	7.3414667e+02
0	2	9	38	6.7069214e+02
0	2	9	39	8.0929681e+02
0	2	9	40	7.1432751e+02
0	2	9	41	6.2326532e+02
0	2	9	42	8.1074316e+02
0	2	9	43	6.6415869e+02
0	2	9	44	7.8379150e+02
0	2	9	45	7.3946216e+02
0	2	9	46	7.9677069e+02
0	2	9	47	7.1154138e+02
0	2	9	48	8.5059338e+02
0	2	9	49	6.7394739e+02
0	2	9	50	8.1771289e+02
0	2	9	51	1.3370515e+03
0	2	9	52	1.3330161e+03
0	2	9	53	9.6495203e+02
0	2	9	54	1.0226765e+03
0	2	9	55	1.0145638e+03
0	2	9	56	1.1167828e+03
0	2	9	57	1.1209937e+03
0	2	9	58	1.0446581e+03
0	2	9	59	1.0161146e+03
0	2	9	60	1.0439873e+03
0	2	9	61	9.1386676e+02
0	2	9	62	8.8591687e+02
0	2	9	63	9.7385876e+02
0	2	10	0	-4.1194787e+00
0	2	10	1	-1.6156374e+01
0	2	10	2	4.4009815e+01
0	2	10	3	1.6398905e+01
0	2	10	4	-1.2993277e+02
0	2	10	5	-3.3570190e+01
0	2	10	6	-1.9016939e+02
0	2	10	7	8.8341393e+01
0	2	10	8	1.6869316e+01
0	2	10	9	2.5416708e+01
0	2	10	10	-1.0714908e+02
0	2	10	11	-6.6317917e+01
0	2	10	12	-1.7777905e+02
0	2	10	13	-6.7603806e+01
0	2	10	14	-1.2960636e+01
0	2	10	15	-3.1241825e+01
0	2	10	16	-1.7377196e+02
0	2	10	17	-1.6001941e+02
0	2	10	18	-9.3480156e+01
0	2	10	19	-1.8417007e+02
0	2	10	20	-1.3495387e+02
0	2	10	21	-5.5515125e+01
0	2	10	22	-1.2858755e+02
0	2	10	23	-1.3298193e+02
0	2	10	24	-1.7313774e+02
0	2	10	25	-8.7574966e+01
0	2	10	26	-2.3463603e+02
0	2	10	27	-2.0593428e+02
0	2	10	28	-1.6366264e+02
0	2	10	29	-2.2123125e+02
0	2	10	30	-1.7099297e+02
0	2	10	31	-1.7165405e+02
0	2	10	32	-2.7988968e+02
0	2	10	33	-2.9333972e+02
0	2	10	34	4.4277408e+02
0	2	10	35	4.4757626e+02
0	2	10	36	4.3179852e+02
0	2	10	37	4.4266721e+02
0	2	10	38	3.4088022e+02
0	2	10	39	4.8977332e+02
0	2	10	40	4.0674683e+02
0	2	10	41	4.3211664e+02
0	2	10	42	5.1057870e+02
0	2	10	43	6.0306354e+02
0	2	10	44	4.8996216e+02
0	2	10	45	3.4533173e+02
0	2	10	46	1.4196591e+03
0	2	10	47	4.2040308e+02
0	2	10	48	4.4585040e+02
0	2	10	49	4.1498203e+02
0	2	10	50	5.3707819e+02
0	2	10	51	9.6056030e+02
0	2	10	52	9.9593256e+02
0	2	10	53	7.0035199e+02
0	2	10	54	6.4007025e+02
0	2	10	55	6.8950220e+02
0	2	10	56	8.8815436e+02
0	2	10	57	8.7415253e+02
0	2	10	58	7.5231531e+02
0	2	10	59	6.7365082e+02
0	2	10	60	7.1037024e+02
0	2	10	61	7.0120233e+02
0	2	10	62	7.2116833e+02
0	2	10	63	7.1999207e+02
0	2	11	0	-1.4037018e+02
0	2	11	1	-8.0573067e+01
0	2	11	2	-5.0523594e+01
0	2	11	3	-1.4758186e+02
0	2	11	4	-1.4075899e+02
0	2	11	5	-9.8293884e+01
0	2	11	6	-7.5125702e+01
0	2	11	7	-2.5562981e+01
0	2	11	8	-1.4978577e+02
0	2	11	9	-3.0496151e+01
0	2	11	10	-1.7675444e+02
0	2	11	11	-1.2952414e+02
0	2	11	12	-1.5995049e+02
0	2	11	13	-1.0174993e+02
0	2	11	14	-1.5318913e+02
0	2	11	15	-1.1591354e+02
0	2	11	16	-2.4695714e+02
0	2	11	17	-1.2626967e+02
0	2	11	18	-1.9549628e+02
0	2	11	19	-1.0309011e+02
0	2	11	20	-2.9670947e+02
0	2	11	21	-2.2648245e+02
0	2	11	22	-2.0037990e+02
0	2	11	23	1.6235161e+03
0	2	11	24	-2.5596611e+02
0	2	11	25	-2.4115788e+02
0	2	11	26	-2.6100491e+02
0	2	11	27	-1.9288268e+02
0	2	11	28	-2.5762299e+02
0	2	11	29	-2.2447639e+02
0	2	11	30	-2.8438510e+02
0	2	11	31	-2.9699496e+02
0	2	11	32	-3.2833255e+02
0	2	11	33	-2.2530234e+02
0	2	11	34	4.8545810e+02
0	2	11	35	3.9178513e+02
0	2	11	36	4.2457504e+02
0	2	11	37	4.3981036e+02
0	2	11	38	4.8050040e+02
0	2	11	39	4.6331299e+02
0	2	11	40	5.1451392e+02
0	2	11	41	4.0085620e+02
0	2	11	42	4.5734814e+02
0	2	11	43	4.7371835e+02
0	2	11	44	6.0417596e+02
0	2	11	45	4.4967590e+02
0	2	11	46	5.3238843e+02
0	2	11	47	4.7404373e+02
0	2	11	48	5.3767017e+02
0	2	11	49	5.5142731e+02
0	2	11	50	5.0534079e+02
0	2	11	51	1.1299225e+03
0	2	11	52	1.1439640e+03
0	2	11	53	8.3167041e+02
0	2	11	54	7.7504956e+02
0	2	11	55	7.7560846e+02
0	2	11	56	8.9085162e+02
0	2	11	57	8.5280505e+02
0	2	11	58	6.8781915e+02
0	2	11	59	7.7449835e+02
0	2	11	60	7.5366876e+02
0	2	11	61	6.9030750e+02
0	2	11	62	7.2394507e+02
0	2	11	63	8.3418951e+02
0	2	12	0	-1.0863721e+02
0	2	12	1	-1.9827988e+02
0	2	12	2	-1.3682538e+02
0	2	12	3	-1.7620119e+02
0	2	12	4	-2.6013660e+02
0	2	12	5	-2.9880795e+02
0	2	12	6	-3.0193655e+02
0	2	12	7	-1.4257368e+02
0	2	12	8	-2.6271381e+02
0	2	12	9	-2.3156914e+02
0	2	12	10	-3.0566843e+02
0	2	12	11	-2.3326895e+02
0	2	12	12	-3.8822293e+02
0	2	12	13	-2.8962784e+02
0	2	12	14	-2.5233978e+02
0	2	12	15	-2.7019012e+02
0	2	12	16	-3.4891885e+02
0	2	12	17	-4.2929208e+02
0	2	12	18	-3.1980460e+02
0	2	12	19	-4.4201163e+02
0	2	12	20	-2.5762271e+02
0	2	12	21	-3.2795865e+02
0	2	12	22	-3.0520544e+02
0	2	12	23	-3.7877985e+02
0	2	12	24	-5.1171802e+02
0	2	12	25	-3.6942841e+02
0	2	12	26	-4.2172113e+02
0	2	12	27	-4.5215500e+02
0	2	12	28	-3.3947128e+02
0	2	12	29	-4.5554449e+02
0	2	12	30	-4.4324445e+02
0	2	12	31	-4.2054492e+02
0	2	12	32	-4.5190744e+02
0	2	12	33	-4.1687738e+02
0	2	12	34	2.2064453e+02
0	2	12	35	2.4168460e+02
0	2	12	36	2.8209692e+02
0	2	12	37	2.2046797e+02
0	2	12	38	2.3087685e+02
0	2	12	39	2.4851796e+02
0	2	12	40	2.3738454e+02
0	2	12	41	1.7900740e+02
0	2	12	42	3.2610910e+02
0	2	12	43	2.4973923e+02
0	2	12	44	2.9618475e+02
0	2	12	45	2.5313414e+02
0	2	12	46	1.7474263e+02
0	2	12	47	1.9067583e+02
0	2	12	48	2.0261520e+02
0	2	12	49	1.8077968e+02
0	2	12	50	3.1513568e+02
0	2	12	51	7.9312390e+02
0	2	12	52	8.0114233e+02
0	2	12	53	3.7797534e+02
0	2	12	54	4.4976367e+02
0	2	12	55	3.9945874e+02
0	2	12	56	5.6930780e+02
0	2	12	57	6.3039191e+02
0	2	12	58	6.0168591e+02
0	2	12	59	4.5882785e+02
0	2	12	60	5.0191016e+02
0	2	12	61	4.4365488e+02
0	2	12	62	5.2807184e+02
0	2	12	63	5.6448474e+02
0	2	13	0	-1.6266879e+02
0	2	13	1	-4.4578384e+01
0	2	13	2	-5.8123814e+01
0	2	13	3	-1.4717928e+02
0	2	13	4	-1.8642879e+02
0	2	13	5	-1.4492068e+02
0	2	13	6	-1.1931400e+02
0	2	13	7	-1.0081799e+02
0	2	13	8	-2.1248981e+02
0	2	13	9	-7.9883011e+01
0	2	13	10	-1.5145020e+02
0	2	13	11	-1.1681217e+02
0	2	13	12	-2.1585338e+02
0	2	13	13	-1.3747647e+02
0	2	13	14	-3.1564871e+02
0	2	13	15	-2.1807042e+02
0	2	13	16	-3.0228995e+02
0	2	13	17	-2.6036771e+02
0	2	13	18	-3.5143268e+02
0	2	13	19	-3.3636835e+02
0	2	13	20	-3.4723367e+02
0	2	13	21	-3.1909564e+02
0	2	13	22	-2.1257576e+02
0	2	13	23	-3.0383536e+02
0	2	13	24	-3.4293198e+02
0	2	13	25	-2.5234943e+02
0	2	13	26	-3.7196725e+02
0	2	13	27	-3.0827042e+02
0	2	13	28	-2.1973476e+02
0	2	13	29	-2.4340729e+02
0	2	13	30	-2.4245930e+02
0	2	13	31	-3.0433112e+02
0	2	13	32	-3.0948880e+02
0	2	13	33	-3.2629248e+02
0	2	13	34	3.0193903e+02
0	2	13	35	3.5951343e+02
0	2	13	36	3.6532205e+02
0	2	13	37	3.7743808e+02
0	2	13	38	4.0652011e+02
0	2	13	39	3.8635141e+02
0	2	13	40	4.1881958e+02
0	2	13	41	4.1781683e+02
0	2	13	42	4.1238019e+02
0	2	13	43	3.6041156e+02
0	2	13	44	4.4907629e+02
0	2	13	45	3.3031738e+02
0	2	13	46	4.1612964e+02
0	2	13	47	3.8968591e+02
0	2	13	48	4.4391403e+02
0	2	13	49	3.7120068e+02
0	2	13	50	4.4237683e+02
0	2	13	51	9.2171295e+02
0	2	13	52	9.8638409e+02
0	2	13	53	6.0111139e+02
0	2	13	54	6.6334534e+02
0	2	13	55	7.6093591e+02
0	2	13	56	8.3153931e+02
0	2	13	57	8.4043018e+02
0	2	13	58	6.4120789e+02
0	2	13	59	7.1219885e+02
0	2	13	60	7.4437946e+02
0	2	13	61	4.8552112e+02
0	2	13	62	5.9728754e+02
0	2	13	63	7.2480475e+02
0	2	14	0	-4.9382534e+01
0	2	14	1	-1.4911099e+02
0	2	14	2	-1.0713790e+02
0	2	14	3	6.2191522e+02
0	2	14	4	-2.4176204e+02
0	2	14	5	-2.2728879e+02
0	2	14	6	-2.2218266e+02
0	2	14	7	-6.9300591e+01
0	2	14	8	-1.6771156e+02
0	2	14	9	-1.3573793e+02
0	2	14	10	-1.7640150e+02
0	2	14	11	-1.8654529e+02
0	2	14	12	-3.0869720e+02
0	2	14	13	-8.0986290e+01
0	2	14	14	-2.0559531e+02
0	2	14	15	-1.4764848e+02
0	2	14	16	-2.0338695e+02
0	2	14	17	-3.1393912e+02
0	2	14	18	-2.2149031e+02
0	2	14	19	-3.4585159e+02
0	2	14	20	-2.5151131e+02
0	2	14	21	2.9170347e+03
0	2	14	22	-2.4571858e+02
0	2	14	23	-2.6913800e+02
0	2	14	24	-3.7673923e+02
0	2	14	25	-2.8619421e+02
0	2	14	26	-5.2494525e+02
0	2	14	27	-4.5835907e+02
0	2	14	28	-3.6697940e+02
0	2	14	29	-4.3740314e+02
0	2	14	30	-4.0877219e+02
0	2	14	31	-3.9651123e+02
0	2	14	32	-4.8966058e+02
0	2	14	33	-4.4242755e+02
0	2	14	34	2.4701572e+02
0	2	14	35	3.0682043e+02
0	2	14	36	2.5283145e+02
0	2	14	37	2.4476199e+02
0	2	14	38	3.4839377e+02
0	2	14	39	2.8610989e+02
0	2	14	40	3.2430286e+02
0	2	14	41	2.1060381e+02
0	2	14	42	3.5191580e+02
0	2	14	43	2.5953870e+02
0	2	14	44	3.5628406e+02
0	2	14	45	2.8790259e+02
0	2	14	46	2.2738965e+02
0	2	14	47	2.3096663e+02
0	2	14	48	2.1834702e+02
0	2	14	49	2.3283434e+02
0	2	14	50	3.5681305e+02
0	2	14	51	8.9850812e+02
0	2	14	52	9.0206128e+02
0	2	14	53	4.6125101e+02
0	2	14	54	5.3905823e+02
0	2	14	55	4.8865070e+02
0	2	14	56	7.1015472e+02
0	2	14	57	6.6466449e+02
0	2	14	58	6.7235785e+02
0	2	14	59	5.2649219e+02
0	2	14	60	5.0422198e+02
0	2	14	61	5.2043506e+02
0	2	14	62	6.2759540e+02
0	2	14	63	5.7001056e+02
0	2	15	0	-2.3130247e+02
0	2	15	1	-2.4885713e+02
0	2	15	2	-1.5243279e+02
0	2	15	3	-1.6242874e+02
0	2	15	4	-2.5609106e+02
0	2	15	5	-1.9821602e+02
0	2	15	6	-2.0050539e+02
0	2	15	7	-2.0110675e+02
0	2	15	8	-2.5989874e+02
0	2	15	9	-1.6187514e+02
0	2	15	10	-2.9387616e+02
0	2	15	11	-2.3726711e+02
0	2	15	12	-3.1047974e+02
0	2	15	13	-1.7571741e+02
0	2	15	14	-2.3130066e+02
0	2	15	15	-2.9022006e+02
0	2	15	16	-3.1512012e+02
0	2	15	17	-4.5850677e+02
0	2	15	18	-4.0831213e+02
0	2	15	19	-4.4627625e+02
0	2	15	20	-3.7954071e+02
0	2	15	21	-3.9711908e+02
0	2	15	22	-3.5010181e+02
0	2	15	23	-3.7711212e+02
0	2	15	24	-3.7718256e+02
0	2	15	25	-4.2359567e+02
0	2	15	26	-3.8834146e+02
0	2	15	27	-3.8029355e+02
0	2	15	28	-4.0663141e+02
0	2	15	29	-3.9498575e+02
0	2	15	30	-3.8934961e+02
0	2	15	31	-4.1930389e+02
0	2	15	32	-4.0069678e+02
0	2	15	33	-3.6793115e+02
0	2	15	34	3.4505783e+02
0	2	15	35	3.0361862e+02
0	2	15	36	3.7152426e+02
0	2	15	37	3.8351859e+02
0	2	15	38	3.0270657e+02
0	2	15	39	4.1416983e+02
0	2	15	40	5.4637781e+02
0	2	15	41	2.9803488e+02
0	2	15	42	4.8000851e+02
0	2	15	43	3.3226300e+02
0	2	15	44	5.4476794e+02
0	2	15	45	4.5659982e+02
0	2	15	46	4.6370352e+02
0	2	15	47	3.7823300e+02
0	2	15	48	0.0000000e+00
0	2	15	49	5.9075488e+02
0	2	15	50	4.2954376e+02
0	2	15	51	1.0219914e+03
0	2	15	52	1.0122925e+03
0	2	15	53	6.4658551e+02
0	2	15	54	6.9447412e+02
0	2	15	55	1.5791947e+03
0	2	15	56	9.1685394e+02
0	2	15	57	8.6291235e+02
0	2	15	58	6.3881219e+02
0	2	15	59	5.7123889e+02
0	2	15	60	6.8153534e+02
0	2	15	61	5.7594324e+02
0	2	15	62	5.6660931e+02
0	2	15	63	6.8026996e+02
1	0	0	0	-2.3570479e+02
1	0	0	1	-2.7430084e+02
1	0	0	2	-1.7738823e+02
1	0	0	3	-3.3522571e+02
1	0	0	4	-1.7573520e+02
1	0	0	5	-2.5053481e+02
1	0	0	6	-3.0013873e+02
1	0	0	7	-2.3436343e+02
1	0	0	8	-3.2226300e+02
1	0	0	9	-1.1199964e+02
1	0	0	10	-3.4488242e+02
1	0	0	11	-1.5054587e+02
1	0	0	12	-3.1744254e+02
1	0	0	13	-2.3450957e+02
1	0	0	14	-3.4720227e+02
1	0	0	15	-2.9962576e+02
1	0	0	16	-4.2863269e+02
1	0	0	17	-4.1673996e+02
1	0	0	18	-3.4041837e+02
1	0	0	19	-4.5784970e+02
1	0	0	20	-4.1516278e+02
1	0	0	21	-4.7933310e+02
1	0	0	22	-4.2899014e+02
1	0	0	23	-4.0564502e+02
1	0	0	24	-3.8325323e+02
1	0	0	25	-3.7677631e+02
1	0	0	26	-3.5336948e+02
1	0	0	27	-3.0540891e+02
1	0	0	28	-3.7701123e+02
1	0	0	29	-4.0705594e+02
1	0	0	30	-4.0260699e+02
1	0	0	31	-3.7433032e+02
1	0	0	32	-4.0079483e+02
1	0	0	33	-4.1915985e+02
1	0	0	34	2.4711548e+02
1	0	0	35	2.6016150e+02
1	0	0	36	2.8927737e+02
1	0	0	37	3.4652710e+02
1	0	0	38	3.1437177e+02
1	0	0	39	3.2788754e+02
1	0	0	40	2.7809265e+02
1	0	0	41	3.4570654e+02
1	0	0	42	4.5917661e+02
1	0	0	43	3.7940030e+02
1	0	0	44	4.3750897e+02
1	0	0	45	3.4703754e+02
1	0	0	46	3.5535297e+02
1	0	0	47	3.4872995e+02
1	0	0	48	4.5286285e+02
1	0	0	49	3.8013754e+02
1	0	0	50	3.7635284e+02
1	0	0	51	9.1425964e+02
1	0	0	52	1.0827469e+03
1	0	0	53	7.5457794e+02
1	0	0	54	6.5119818e+02
1	0	0	55	7.7611542e+02
1	0	0	56	8.3184662e+02
1	0	0	57	7.9950330e+02
1	0	0	58	6.1548938e+02
1	0	0	59	5.6969135e+02
1	0	0	60	6.8033801e+02
1	0	0	61	5.2444916e+02
1	0	0	62	5.9116840e+02
1	0	0	63	6.9890259e+02
1	0	1	0	2.5024765e+02
1	0	1	1	1.4904861e+02
1	0	1	2	9.8081657e+01
1	0	1	3	2.1993517e+02
1	0	1	4	3.5415985e+01
1	0	1	5	2.9133249e+02
1	0	1	6	1.2018765e+02
1	0	1	7	2.6417804e+02
1	0	1	8	1.5695894e+02
1	0	1	9	1.4142243e+01
1	0	1	10	1.1843909e+02
1	0	1	11	5.3002270e+01
1	0	1	12	1.1242150e+02
1	0	1	13	1.0799472e+02
1	0	1	14	5.3083820e+01
1	0	1	15	1.2865414e+02
1	0	1	16	4.7390289e+01
1	0	1	17	1.4010619e+02
1	0	1	18	1.1014160e+02
1	0	1	19	1.5878896e+02
1	0	1	20	4.5093853e+01
1	0	1	21	1.2886270e+02
1	0	1	22	6.5225243e+01
1	0	1	23	1.2589144e+02
1	0	1	24	3.0312080e+01
1	0	1	25	9.4578407e+01
1	0	1	26	1.5730852e+02
1	0	1	27	4.3959110e+01
1	0	1	28	9.4694801e+01
1	0	1	29	-3.4562145e+01
1	0	1	30	-3.5758274e+00
1	0	1	31	-1.0226955e+02
1	0	1	32	2.9794117e+01
1	0	1	33	-2.5828194e+01
1	0	1	34	6.4107147e+02
1	0	1	35	6.1041541e+02
1	0	1	36	6.7089990e+02
1	0	1	37	6.2258423e+02
1	0	1	38	7.1588745e+02
1	0	1	39	6.3218494e+02
1	0	1	40	7.0497504e+02
1	0	1	41	6.3371661e+02
1	0	1	42	7.4626044e+02
1	0	1	43	6.1778284e+02
1	0	1	44	5.8138696e+02
1	0	1	45	6.2177625e+02
1	0	1	46	5.8318921e+02
1	0	1	47	6.3207837e+02
1	0	1	48	5.3582129e+02
1	0	1	49	5.4895337e+02
1	0	1	50	6.8384583e+02
1	0	1	51	1.1682351e+03
1	0	1	52	1.3058198e+03
1	0	1	53	8.8242096e+02
1	0	1	54	9.4315210e+02
1	0	1	55	8.7711951e+02
1	0	1	56	9.7723547e+02
1	0	1	57	1.0008503e+03
1	0	1	58	1.1221023e+03
1	0	1	59	8.9789966e+02
1	0	1	60	9.2440637e+02
1	0	1	61	8.4080676e+02
1	0	1	62	9.7797748e+02
1	0	1	63	9.5895673e+02
1	0	2	0	2.7487871e+01
1	0	2	1	-3.1097410e+01
1	0	2	2	-2.6839743e+01
1	0	2	3	-6.8797970e+00
1	0	2	4	-2.6816439e+01
1	0	2	5	-4.4082291e+01
1	0	2	6	-2.8905613e+00
1	0	2	7	-2.7265711e+01
1	0	2	8	-4.0941071e+01
1	0	2	9	8.2679024e+01
1	0	2	10	-1.3130978e+02
1	0	2	11	6.4455353e+01
1	0	2	12	-9.6961388e+01
1	0	2	13	-2.8410975e+01
1	0	2	14	-8.7189095e+01
1	0	2	15	-1.6589293e+02
1	0	2	16	-2.2399316e+02
1	0	2	17	-2.1713786e+02
1	0	2	18	-1.4378996e+02
1	0	2	19	-2.3418230e+02
1	0	2	20	-2.0272017e+02
1	0	2	21	-2.3718216e+02
1	0	2	22	-2.0234373e+02
1	0	2	23	-2.4730003e+02
1	0	2	24	-2.0894894e+02
1	0	2	25	-1.4091583e+02
1	0	2	26	-2.5777869e+02
1	0	2	27	-1.7406781e+02
1	0	2	28	-2.1101764e+02
1	0	2	29	-1.7983043e+02
1	0	2	30	-2.3979269e+02
1	0	2	31	-2.5770352e+02
1	0	2	32	-2.0599446e+02
1	0	2	33	-1.7402451e+02
1	0	2	34	4.8133063e+02
1	0	2	35	5.1426398e+02
1	0	2	36	5.1957288e+02
1	0	2	37	5.7453741e+02
1	0	2	38	5.1633167e+02
1	0	2	39	5.4852307e+02
1	0	2	40	5.7251105e+02
1	0	2	41	4.8644458e+02
1	0	2	42	6.8728351e+02
1	0	2	43	4.8739624e+02
1	0	2	44	5.8652679e+02
1	0	2	45	5.1215466e+02
1	0	2	46	5.5211218e+02
1	0	2	47	5.6131531e+02
1	0	2	48	7.0448865e+02
1	0	2	49	5.7314801e+02
1	0	2	50	6.3999915e+02
1	0	2	51	1.1825341e+03
1	0	2	52	1.2320957e+03
1	0	2	53	7.2818085e+02
1	0	2	54	7.4895380e+02
1	0	2	55	9.4326306e+02
1	0	2	56	9.7969757e+02
1	0	2	57	9.7319666e+02
1	0	2	58	8.0678424e+02
1	0	2	59	8.3034613e+02
1	0	2	60	8.5273688e+02
1	0	2	61	7.5794806e+02
1	0	2	62	8.1370319e+02
1	0	2	63	9.2799323e+02
1	0	3	0	2.1478877e+02
1	0	3	1	2.0260384e+02
1	0	3	2	9.0295425e+01
1	0	3	3	1.2787228e+02
1	0	3	4	6.3548328e+01
1	0	3	5	1.5509634e+02
1	0	3	6	7.2756950e+01
1	0	3	7	1.7484785e+02
1	0	3	8	8.5690895e+01
1	0	3	9	8.6675995e+01
1	0	3	10	1.5421591e+02
1	0	3	11	2.4759319e+00
1	0	3	12	8.5075779e+00
1	0	3	13	7.8631378e+01
1	0	3	14	5.2240902e+01
1	0	3	15	1.1865968e+02
1	0	3	16	-7.0017738e+01
1	0	3	17	5.8065670e+01
1	0	3	18	-2.1923195e+01
1	0	3	19	1.7960027e+02
1	0	3	20	-4.9680734e+00
1	0	3	21	1.3642954e+01
1	0	3	22	4.3280673e+00
1	0	3	23	1.6668158e+01
1	0	3	24	-7.0256859e+01
1	0	3	25	5.7895031e+00
1	0	3	26	-1.5365611e+02
1	0	3	27	-1.9630939e+01
1	0	3	28	-2.4253405e+01
1	0	3	29	1.3742601e+00
1	0	3	30	-1.0303613e+02
1	0	3	31	-1.3479968e+02
1	0	3	32	-1.5758517e+02
1	0	3	33	-1.1734585e+02
1	0	3	34	5.3192102e+02
1	0	3	35	5.1474298e+02
1	0	3	36	5.8041742e+02
1	0	3	37	5.0409686e+02
1	0	3	38	7.2319269e+02
1	0	3	39	6.1438263e+02
1	0	3	40	6.2180078e+02
1	0	3	41	6.5566943e+02
1	0	3	42	5.7830475e+02
1	0	3	43	4.9645883e+02
1	0	3	44	5.7486768e+02
1	0	3	45	5.3186340e+02
1	0	3	46	6.3305511e+02
1	0	3	47	5.5563354e+02
1	0	3	48	5.1841846e+02
1	0	3	49	5.3039111e+02
1	0	3	50	6.4905316e+02
1	0	3	51	1.2015764e+03
1	0	3	52	1.2043824e+03
1	0	3	53	7.9046930e+02
1	0	3	54	7.8148987e+02
1	0	3	55	8.2633282e+02
1	0	3	56	9.3542664e+02
1	0	3	57	9.7495105e+02
1	0	3	58	8.2454645e+02
1	0	3	59	7.4220026e+02
1	0	3	60	7.5670966e+02
1	0	3	61	6.9859607e+02
1	0	3	62	7.7154761e+02
1	0	3	63	7.1512292e+02
1	0	4	0	1.7521675e+02
1	0	4	1	9.2115486e+01
1	0	4	2	1.5680455e+02
1	0	4	3	1.9902118e+02
1	0	4	4	1.4385110e+02
1	0	4	5	2.0712332e+02
1	0	4	6	2.3630525e+02
1	0	4	7	8.4314995e+01
1	0	4	8	1.1966256e+02
1	0	4	9	1.7619437e+02
1	0	4	10	-5.5306686e+01
1	0	4	11	1.2096894e+02
1	0	4	12	5.1492687e+01
1	0	4	13	7.8781540e+01
1	0	4	14	1.9700380e+02
1	0	4	15	1.0720386e+02
1	0	4	16	-3.4497784e+01
1	0	4	17	-1.8533617e+01
1	0	4	18	4.1597801e+01
1	0	4	19	6.9424515e+01
1	0	4	20	3.5967327e+01
1	0	4	21	1.7792719e+01
1	0	4	22	4.4760647e+01
1	0	4	23	-3.8381317e+01
1	0	4	24	-2.5160423e+01
1	0	4	25	6.6302509e+00
1	0	4	26	-4.1317345e+01
1	0	4	27	1.4033267e+02
1	0	4	28	4.2916523e+01
1	0	4	29	4.4559975e+00
1	0	4	30	5.6207264e+01
1	0	4	31	5.7210136e+01
1	0	4	32	-3.9352901e+01
1	0	4	33	-3.3152588e+01
1	0	4	34	6.6820618e+02
1	0	4	35	6.8433911e+02
1	0	4	36	6.7972131e+02
1	0	4	37	7.0582831e+02
1	0	4	38	6.9870972e+02
1	0	4	39	7.5815741e+02
1	0	4	40	7.0798724e+02
1	0	4	41	7.0549896e+02
1	0	4	42	7.9390247e+02
1	0	4	43	8.4534845e+02
1	0	4	44	-7.7573633e+02
1	0	4	45	6.6735535e+02
1	0	4	46	7.8825421e+02
1	0	4	47	7.0122363e+02
1	0	4	48	7.3689398e+02
1	0	4	49	7.7446179e+02
1	0	4	50	7.4248907e+02
1	0	4	51	1.3485283e+03
1	0	4	52	1.4440214e+03
1	0	4	53	1.0737910e+03
1	0	4	54	9.6635748e+02
1	0	4	55	1.1648629e+03
1	0	4	56	1.2717607e+03
1	0	4	57	1.2991243e+03
1	0	4	58	1.1022595e+03
1	0	4	59	1.1361810e+03
1	0	4	60	1.0153920e+03
1	0	4	61	1.0831759e+03
1	0	4	62	9.6782855e+02
1	0	4	63	1.0879344e+03
1	0	5	0	2.0982562e+02
1	0	5	1	1.5798441e+02
1	0	5	2	1.2617867e+02
1	0	5	3	1.3078650e+02
1	0	5	4	2.5503231e+01
1	0	5	5	2.2985669e+02
1	0	5	6	1.6860904e+02
1	0	5	7	1.6328165e+02
1	0	5	8	2.4593890e+02
1	0	5	9	7.7288742e+01
1	0	5	10	1.8516805e+02
1	0	5	11	4.5870785e+01
1	0	5	12	4.8563515e+01
1	0	5	13	1.0649870e+02
1	0	5	14	-1.0789115e+01
1	0	5	15	2.3842952e+02
1	0	5	16	4.6950989e+01
1	0	5	17	1.1911540e+01
1	0	5	18	-1.1010185e+01
1	0	5	19	4.0849091e+01
1	0	5	20	-8.0425400e+01
1	0	5	21	3.6514004e+01
1	0	5	22	2.4016693e+01
1	0	5	23	8.1924080e+01
1	0	5	24	1.1992555e+02
1	0	5	25	-1.2798676e+01
1	0	5	26	-1.0470862e+02
1	0	5	27	-4.4552937e+01
1	0	5	28	-2.6174101e+01
1	0	5	29	-1.2977858e+01
1	0	5	30	-9.6310547e+01
1	0	5	31	-8.1201653e+01
1	0	5	32	1.9253220e+01
1	0	5	33	-1.2367937e+02
1	0	5	34	6.8110968e+02
1	0	5	35	6.8983130e+02
1	0	5	36	6.0311542e+02
1	0	5	37	5.9858765e+02
1	0	5	38	6.5181860e+02
1	0	5	39	6.3722449e+02
1	0	5	40	6.6368982e+02
1	0	5	41	6.1085211e+02
1	0	5	42	6.3622101e+02
1	0	5	43	5.2777509e+02
1	0	5	44	6.4388324e+02
1	0	5	45	5.6032440e+02
1	0	5	46	5.7196204e+02
1	0	5	47	6.5669232e+02
1	0	5	48	5.0932401e+02
1	0	5	49	5.6063287e+02
1	0	5	50	7.2641638e+02
1	0	5	51	1.1832438e+03
1	0	5	52	1.2346188e+03
1	0	5	53	9.6842517e+02
1	0	5	54	8.4607080e+02
1	0	5	55	8.7583868e+02
1	0	5	56	1.0342563e+03
1	0	5	57	1.0498948e+03
1	0	5	58	9.1291620e+02
1	0	5	59	8.4817999e+02
1	0	5	60	8.8621442e+02
1	0	5	61	7.2537701e+02
1	0	5	62	9.2648370e+02
1	0	5	63	9.2559564e+02
1	0	6	0	2.1938693e+02
1	0	6	1	2.3769279e+02
1	0	6	2	3.7310086e+02
1	0	6	3	2.0782234e+02
1	0	6	4	2.2424364e+02
1	0	6	5	1.8318108e+02
1	0	6	6	1.4211279e+02
1	0	6	7	2.0798035e+02
1	0	6	8	1.7254460e+02
1	0	6	9	3.3186209e+02
1	0	6	10	1.9174641e+02
1	0	6	11	3.0016330e+02
1	0	6	12	1.0703483e+02
1	0	6	13	1.8631786e+02
1	0	6	14	1.7001129e+02
1	0	6	15	2.5056970e+02
1	0	6	16	1.1043578e+02
1	0	6	17	7.1114922e+01
1	0	6	18	1.4347667e+02
1	0	6	19	5.3037563e+01
1	0	6	20	1.7083708e+02
1	0	6	21	1.1500551e+02
1	0	6	22	7.5644684e+01
1	0	6	23	1.2529733e+02
1	0	6	24	1.2168789e+02
1	0	6	25	1.3206723e+02
1	0	6	26	1.0083293e+02
1	0	6	27	1.2640903e+02
1	0	6	28	8.3664505e+01
1	0	6	29	1.0905602e+02
1	0	6	30	6.9901245e+01
1	0	6	31	2.2578562e+01
1	0	6	32	1.6557306e+01
1	0	6	33	6.3546257e+01
1	0	6	34	8.1456219e+02
1	0	6	35	8.7125409e+02
1	0	6	36	8.8291711e+02
1	0	6	37	8.4233606e+02
1	0	6	38	8.8191595e+02
1	0	6	39	8.5221625e+02
1	0	6	40	7.6055261e+02
1	0	6	41	8.0893420e+02
1	0	6	42	8.7647711e+02
1	0	6	43	9.3211163e+02
1	0	6	44	9.9869434e+02
1	0	6	45	8.1981818e+02
1	0	6	46	9.8230615e+02
1	0	6	47	8.2185718e+02
1	0	6	48	9.1594641e+02
1	0	6	49	8.6539886e+02
1	0	6	50	9.6719244e+02
1	0	6	51	1.4473673e+03
1	0	6	52	1.4521603e+03
1	0	6	53	1.0732606e+03
1	0	6	54	1.0993467e+03
1	0	6	55	1.2151166e+03
1	0	6	56	1.3391555e+03
1	0	6	57	1.3216520e+03
1	0	6	58	1.2045454e+03
1	0	6	59	1.1422760e+03
1	0	6	60	1.0884270e+03
1	0	6	61	9.4383423e+02
1	0	6	62	1.0230083e+03
1	0	6	63	1.0784456e+03
1	0	7	0	4.1633685e+02
1	0	7	1	3.2387265e+02
1	0	7	2	2.7903464e+02
1	0	7	3	3.6294467e+02
1	0	7	4	2.9985886e+02
1	0	7	5	4.0574112e+02
1	0	7	6	3.5225546e+02
1	0	7	7	4.4960577e+02
1	0	7	8	2.9379227e+02
1	0	7	9	3.0850107e+02
1	0	7	10	2.7305777e+02
1	0	7	11	3.1730762e+02
1	0	7	12	2.2117186e+02
1	0	7	13	2.9457291e+02
1	0	7	14	2.0535782e+02
1	0	7	15	2.4822334e+02
1	0	7	16	2.2332828e+02
1	0	7	17	2.0858189e+02
1	0	7	18	2.1012131e+02
1	0	7	19	2.5728610e+02
1	0	7	20	1.7872926e+02
1	0	7	21	1.6895857e+02
1	0	7	22	2.5055774e+02
1	0	7	23	2.2561980e+02
1	0	7	24	2.4738397e+02
1	0	7	25	1.4183577e+02
1	0	7	26	1.5770483e+02
1	0	7	27	1.7669388e+02
1	0	7	28	2.1586237e+02
1	0	7	29	1.1875645e+02
1	0	7	30	1.6991864e+02
1	0	7	31	1.5093697e+02
1	0	7	32	8.4234856e+01
1	0	7	33	1.5905280e+02
1	0	7	34	8.2177301e+02
1	0	7	35	7.7747076e+02
1	0	7	36	8.3720813e+02
1	0	7	37	-8.7060303e+03
1	0	7	38	9.0785419e+02
1	0	7	39	8.5582507e+02
1	0	7	40	8.2488196e+02
1	0	7	41	7.6386694e+02
1	0	7	42	8.4954810e+02
1	0	7	43	7.7235547e+02
1	0	7	44	8.6450519e+02
1	0	7	45	7.6767755e+02
1	0	7	46	7.0107141e+02
1	0	7	47	7.6022681e+02
1	0	7	48	7.4886694e+02
1	0	7	49	7.4645697e+02
1	0	7	50	7.4548706e+02
1	0	7	51	1.3352396e+03
1	0	7	52	1.3066038e+03
1	0	7	53	1.0377476e+03
1	0	7	54	1.0578682e+03
1	0	7	55	-8.7060303e+03
1	0	7	56	1.1774391e+03
1	0	7	57	1.2277349e+03
1	0	7	58	1.1561614e+03
1	0	7	59	1.0972869e+03
1	0	7	60	1.1853595e+03
1	0	7	61	1.0752865e+03
1	0	7	62	1.0862413e+03
1	0	7	63	1.0725781e+03
1	0	8	0	3.6166788e+02
1	0	8	1	4.0332339e+02
1	0	8	2	2.8457605e+02
1	0	8	3	2.2647330e+02
1	0	8	4	2.5085878e+02
1	0	8	5	2.5747641e+02
1	0	8	6	2.1867552e+02
1	0	8	7	2.2543028e+02
1	0	8	8	2.2016223e+02
1	0	8	9	3.2754416e+02
1	0	8	10	7.4961990e+01
1	0	8	11	4.7362454e+02
1	0	8	12	2.8455197e+02
1	0	8	13	2.6431439e+02
1	0	8	14	1.8089253e+02
1	0	8	15	1.7971260e+02
1	0	8	16	1.1072899e+02
1	0	8	17	1.3656670e+02
1	0	8	18	5.7973286e+01
1	0	8	19	9.3294273e+01
1	0	8	20	1.3196965e+02
1	0	8	21	6.3688408e+01
1	0	8	22	1.8081488e+02
1	0	8	23	3.4165717e+02
1	0	8	24	8.5470047e+01
1	0	8	25	1.0650017e+02
1	0	8	26	1.1012721e+02
1	0	8	27	9.3231369e+01
1	0	8	28	8.9910065e+01
1	0	8	29	3.1943439e+01
1	0	8	30	1.4099400e+02
1	0	8	31	2.5329831e+02
1	0	8	32	7.2683159e+01
1	0	8	33	9.4073624e+01
1	0	8	34	7.2983301e+02
1	0	8	35	8.3766962e+02
1	0	8	36	8.0088727e+02
1	0	8	37	9.6074359e+02
1	0	8	38	8.7187341e+02
1	0	8	39	8.6646027e+02
1	0	8	40	8.8021564e+02
1	0	8	41	7.9770032e+02
1	0	8	42	8.8159241e+02
1	0	8	43	8.2416455e+02
1	0	8	44	9.2935095e+02
1	0	8	45	8.6534961e+02
1	0	8	46	8.4322626e+02
1	0	8	47	8.6374493e+02
1	0	8	48	1.0553250e+03
1	0	8	49	8.5049774e+02
1	0	8	50	2.9673553e+02
1	0	8	51	1.6518394e+03
1	0	8	52	1.5631567e+03
1	0	8	53	1.0238643e+03
1	0	8	54	1.0645038e+03
1	0	8	55	1.2203914e+03
1	0	8	56	1.3729607e+03
1	0	8	57	1.3618643e+03
1	0	8	58	1.1820281e+03
1	0	8	59	1.0988601e+03
1	0	8	60	1.2346461e+03
1	0	8	61	1.2273954e+03
1	0	8	62	1.1723217e+03
1	0	8	63	1.1670751e+03
1	0	9	0	5.3281018e+02
1	0	9	1	3.5023761e+02
1	0	9	2	4.4396201e+02
1	0	9	3	4.5250128e+02
1	0	9	4	3.1680118e+02
1	0	9	5	6.3972003e+02
1	0	9	6	3.9297626e+02
1	0	9	7	4.0992181e+02
1	0	9	8	5.3237720e+02
1	0	9	9	3.2470703e+02
1	0	9	10	4.7396713e+02
1	0	9	11	3.0466122e+02
1	0	9	12	3.0640179e+02
1	0	9	13	4.2711624e+02
1	0	9	14	2.8093594e+02
1	0	9	15	3.8346338e+02
1	0	9	16	3.2181299e+02
1	0	9	17	2.8522482e+02
1	0	9	18	2.7228009e+02
1	0	9	19	2.5387048e+02
1	0	9	20	2.5622522e+02
1	0	9	21	2.1284259e+02
1	0	9	22	3.6905078e+02
1	0	9	23	3.3930475e+02
1	0	9	24	1.7830040e+02
1	0	9	25	3.4863757e+02
1	0	9	26	1.6433612e+02
1	0	9	27	2.4149486e+02
1	0	9	28	1.6144682e+02
1	0	9	29	1.6502003e+02
1	0	9	30	1.9909140e+02
1	0	9	31	1.2087282e+02
1	0	9	32	1.7606175e+02
1	0	9	33	1.5148087e+02
1	0	9	34	9.5408264e+02
1	0	9	35	8.7309882e+02
1	0	9	36	9.9045288e+02
1	0	9	37	9.3057367e+02
1	0	9	38	1.0406786e+03
1	0	9	39	8.4458392e+02
1	0	9	40	1.0002579e+03
1	0	9	41	8.6739026e+02
1	0	9	42	9.3872821e+02
1	0	9	43	9.8132959e+02
1	0	9	44	9.2038855e+02
1	0	9	45	8.4291193e+02
1	0	9	46	9.6594489e+02
1	0	9	47	9.0139008e+02
1	0	9	48	8.8737964e+02
1	0	9	49	7.9364789e+02
1	0	9	50	1.0006172e+03
1	0	9	51	1.3558966e+03
1	0	9	52	1.5498571e+03
1	0	9	53	1.0891511e+03
1	0	9	54	1.1362985e+03
1	0	9	55	1.0766232e+03
1	0	9	56	1.2621163e+03
1	0	9	57	1.2754470e+03
1	0	9	58	1.2383833e+03
1	0	9	59	1.1173076e+03
1	0	9	60	1.0707000e+03
1	0	9	61	1.0469600e+03
1	0	9	62	1.1639396e+03
1	0	9	63	1.2951606e+03
1	0	10	0	1.5884178e+02
1	0	10	1	6.0897537e+01
1	0	10	2	2.3556018e+02
1	0	10	3	1.7862648e+02
1	0	10	4	1.4078896e+02
1	0	10	5	1.5010391e+02
1	0	10	6	1.8793408e+02
1	0	10	7	1.5951227e+02
1	0	10	8	-1.8502873e+02
1	0	10	9	2.1202855e+02
1	0	10	10	3.1099358e+01
1	0	10	11	2.4800789e+02
1	0	10	12	1.2170776e+02
1	0	10	13	1.7488637e+02
1	0	10	14	5.9987812e+01
1	0	10	15	2.1005498e+02
1	0	10	16	-7.1193542e+01
1	0	10	17	-6.9770981e+01
1	0	10	18	3.0651470e+01
1	0	10	19	2.5582327e+01
1	0	10	20	4.0552452e+01
1	0	10	21	3.5895649e+01
1	0	10	22	2.5726166e+01
1	0	10	23	-1.7475088e+01
1	0	10	24	4.0621372e+01
1	0	10	25	-1.5882622e+01
1	0	10	26	3.5463360e+01
1	0	10	27	1.0089293e+02
1	0	10	28	8.3275810e+01
1	0	10	29	4.5199856e+01
1	0	10	30	3.2624886e+01
1	0	10	31	3.1082972e+01
1	0	10	32	1.2120049e+01
1	0	10	33	-6.4128510e+01
1	0	10	34	6.8243103e+02
1	0	10	35	7.4263660e+02
1	0	10	36	7.6078833e+02
1	0	10	37	8.0328491e+02
1	0	10	38	7.5322388e+02
1	0	10	39	7.1209021e+02
1	0	10	40	7.2669513e+02
1	0	10	41	7.3765863e+02
1	0	10	42	8.8011835e+02
1	0	10	43	8.4921368e+02
1	0	10	44	9.3467883e+02
1	0	10	45	7.6892554e+02
1	0	10	46	7.7643695e+02
1	0	10	47	7.7212762e+02
1	0	10	48	7.8824963e+02
1	0	10	49	8.3921375e+02
1	0	10	50	7.6321161e+02
1	0	10	51	1.4446169e+03
1	0	10	52	1.4632031e+03
1	0	10	53	5.4634912e+02
1	0	10	54	-4.2145957e+03
1	0	10	55	1.1252552e+03
1	0	10	56	1.2642611e+03
1	0	10	57	1.1823458e+03
1	0	10	58	1.1165466e+03
1	0	10	59	9.8544452e+02
1	0	10	60	1.1217034e+03
1	0	10	61	9.9977631e+02
1	0	10	62	9.8653143e+02
1	0	10	63	1.1019990e+03
1	0	11	0	3.3031412e+02
1	0	11	1	2.9258847e+02
1	0	11	2	1.9875816e+02
1	0	11	3	2.9494669e+02
1	0	11	4	2.1223991e+02
1	0	11	5	2.7643320e+02
1	0	11	6	2.1928062e+02
1	0	11	7	3.3302921e+02
1	0	11	8	2.7498172e+02
1	0	11	9	2.9596844e+02
1	0	11	10	2.7811267e+02
1	0	11	11	2.1353693e+02
1	0	11	12	1.3821254e+02
1	0	11	13	3.1613913e+02
1	0	11	14	1.3161353e+02
1	0	11	15	2.8631662e+02
1	0	11	16	1.5229906e+02
1	0	11	17	2.0895753e+02
1	0	11	18	1.8628096e+02
1	0	11	19	1.9329509e+02
1	0	11	20	1.6381631e+02
1	0	11	21	1.5577257e+02
1	0	11	22	2.0663417e+02
1	0	11	23	2.0495201e+02
1	0	11	24	6.4993645e+01
1	0	11	25	1.6308730e+02
1	0	11	26	9.2816971e+01
1	0	11	27	1.3060020e+02
1	0	11	28	1.8596338e+02
1	0	11	29	6.9351440e+01
1	0	11	30	1.0315899e+02
1	0	11	31	1.1067511e+02
1	0	11	32	1.1715703e+02
1	0	11	33	7.8663528e+01
1	0	11	34	7.6824872e+02
1	0	11	35	7.6498328e+02
1	0	11	36	8.0747211e+02
1	0	11	37	8.2155585e+02
1	0	11	38	8.4250403e+02
1	0	11	39	8.0474280e+02
1	0	11	40	-6.0849517e+03
1	0	11	41	7.6408545e+02
1	0	11	42	8.0530103e+02
1	0	11	43	8.0427771e+02
1	0	11	44	7.8619269e+02
1	0	11	45	7.9836646e+02
1	0	11	46	8.5461261e+02
1	0	11	47	7.2510248e+02
1	0	11	48	7.4741656e+02
1	0	11	49	7.5754095e+02
1	0	11	50	9.2455255e+02
1	0	11	51	1.2969303e+03
1	0	11	52	1.3684049e+03
1	0	11	53	9.6900201e+02
1	0	11	54	1.0676392e+03
1	0	11	55	1.0230553e+03
1	0	11	56	1.1327657e+03
1	0	11	57	1.1788872e+03
1	0	11	58	1.0830568e+03
1	0	11	59	1.1030260e+03
1	0	11	60	9.7460394e+02
1	0	11	61	9.9379749e+02
1	0	11	62	1.0147377e+03
1	0	11	63	1.0223334e+03
1	0	12	0	5.9424137e+01
1	0	12	1	-6.2810768e+01
1	0	12	2	-2.9396820e+01
1	0	12	3	-1.5280670e+02
1	0	12	4	-8.7060303e+03
1	0	12	5	-6.6896538e+01
1	0	12	6	-8.7060303e+03
1	0	12	7	2.5247892e+01
1	0	12	8	-1.1897798e+02
1	0	12	9	-2.1680136e+00
1	0	12	10	-2.4617586e+02
1	0	12	11	-5.3629135e+01
1	0	12	12	-1.3752614e+02
1	0	12	13	-6.1241337e+01
1	0	12	14	-1.2876782e+02
1	0	12	15	-1.2510315e+02
1	0	12	16	-2.1587907e+02
1	0	12	17	-1.9927109e+02
1	0	12	18	-2.2431741e+02
1	0	12	19	-2.6290518e+02
1	0	12	20	-2.2787387e+02
1	0	12	21	-2.1805072e+02
1	0	12	22	-2.2634024e+02
1	0	12	23	-1.6737326e+02
1	0	12	24	-1.3606180e+02
1	0	12	25	-1.6949376e+02
1	0	12	26	-1.8959985e+02
1	0	12	27	-8.7060303e+03
1	0	12	28	-9.8697289e+01
1	0	12	29	-2.3650999e+02
1	0	12	30	-1.6561615e+02
1	0	12	31	-1.2319298e+02
1	0	12	32	-2.4417593e+02
1	0	12	33	-7.8881401e+01
1	0	12	34	4.3252036e+02
1	0	12	35	5.5846924e+02
1	0	12	36	4.9466995e+02
1	0	12	37	5.5786792e+02
1	0	12	38	5.2571857e+02
1	0	12	39	6.0192444e+02
1	0	12	40	4.8316995e+02
1	0	12	41	5.0879074e+02
1	0	12	42	5.2489594e+02
1	0	12	43	5.9957361e+02
1	0	12	44	6.6916370e+02
1	0	12	45	5.1183255e+02
1	0	12	46	6.4934973e+02
1	0	12	47	5.4641187e+02
1	0	12	48	5.4311389e+02
1	0	12	49	5.3479401e+02
1	0	12	50	5.3335529e+02
1	0	12	51	1.2439214e+03
1	0	12	52	1.1697316e+03
1	0	12	53	8.1618890e+02
1	0	12	54	8.5073907e+02
1	0	12	55	9.0936688e+02
1	0	12	56	1.0041583e+03
1	0	12	57	8.9899823e+02
1	0	12	58	8.7215808e+02
1	0	12	59	7.7799548e+02
1	0	12	60	9.2589514e+02
1	0	12	61	8.8112103e+02
1	0	12	62	8.1621545e+02
1	0	12	63	9.6544568e+02
1	0	13	0	2.1003802e+02
1	0	13	1	1.0314765e+02
1	0	13	2	2.3200445e+00
1	0	13	3	1.3507817e+02
1	0	13	4	1.0513786e+02
1	0	13	5	1.6160999e+02
1	0	13	6	9.9987442e+01
1	0	13	7	1.2271246e+02
1	0	13	8	6.4305618e+01
1	0	13	9	3.9545486e+01
1	0	13	10	1.1359405e+02
1	0	13	11	-3.8439331e+01
1	0	13	12	1.5438107e+01
1	0	13	13	3.8806931e+01
1	0	13	14	2.1196007e+01
1	0	13	15	-2.8390295e+01
1	0	13	16	-3.7802231e+01
1	0	13	17	-8.9072235e+01
1	0	13	18	-1.8808292e+02
1	0	13	19	-1.1189911e+01
1	0	13	20	-1.1031462e+02
1	0	13	21	-1.3362662e+02
1	0	13	22	-1.0029741e+02
1	0	13	23	-2.1363064e+01
1	0	13	24	-7.3184959e+01
1	0	13	25	-5.3277935e+01
1	0	13	26	-1.3069635e+02
1	0	13	27	-1.1039571e+02
1	0	13	28	-1.3754213e+02
1	0	13	29	-1.1026650e+02
1	0	13	30	-8.2573494e+01
1	0	13	31	-1.3702649e+02
1	0	13	32	-1.6632594e+02
1	0	13	33	-2.0182062e+02
1	0	13	34	5.2458917e+02
1	0	13	35	5.0695557e+02
1	0	13	36	5.0921503e+02
1	0	13	37	5.0300931e+02
1	0	13	38	6.0455328e+02
1	0	13	39	5.4995154e+02
1	0	13	40	5.3381378e+02
1	0	13	41	4.5054556e+02
1	0	13	42	5.8603973e+02
1	0	13	43	4.4772931e+02
1	0	13	44	4.7841016e+02
1	0	13	45	4.5728946e+02
1	0	13	46	5.7064697e+02
1	0	13	47	5.8624884e+02
1	0	13	48	5.9082391e+02
1	0	13	49	4.8236868e+02
1	0	13	50	5.8446393e+02
1	0	13	51	1.1279556e+03
1	0	13	52	1.1689027e+03
1	0	13	53	8.3811987e+02
1	0	13	54	7.8123761e+02
1	0	13	55	7.7799536e+02
1	0	13	56	9.6340186e+02
1	0	13	57	9.5467395e+02
1	0	13	58	8.2768768e+02
1	0	13	59	7.6230396e+02
1	0	13	60	7.7079529e+02
1	0	13	61	8.1981891e+02
1	0	13	62	8.6448871e+02
1	0	13	63	7.2949072e+02
1	0	14	0	-2.5702869e+02
1	0	14	1	-2.2013043e+02
1	0	14	2	-1.5061197e+02
1	0	14	3	-2.5986273e+02
1	0	14	4	-2.5026981e+02
1	0	14	5	-2.3299074e+02
1	0	14	6	-2.3943152e+02
1	0	14	7	-2.4764662e+02
1	0	14	8	-2.5311700e+02
1	0	14	9	-1.4590459e+02
1	0	14	10	-3.2460364e+02
1	0	14	11	-2.0457437e+02
1	0	14	12	-3.4272644e+02
1	0	14	13	-3.1803052e+02
1	0	14	14	-3.7074762e+02
1	0	14	15	-2.8499973e+02
1	0	14	16	-4.7684024e+02
1	0	14	17	-4.8011646e+02
1	0	14	18	-4.3360721e+02
1	0	14	19	-4.3136102e+02
1	0	14	20	-4.7018579e+02
1	0	14	21	-4.1423886e+02
1	0	14	22	-4.2397888e+02
1	0	14	23	-3.6117340e+02
1	0	14	24	-4.6547546e+02
1	0	14	25	-3.4747531e+02
1	0	14	26	-5.3253821e+02
1	0	14	27	-3.4623038e+02
1	0	14	28	-3.7479266e+02
1	0	14	29	-4.2045883e+02
1	0	14	30	-3.9064029e+02
1	0	14	31	-3.9345795e+02
1	0	14	32	-4.3218164e+02
1	0	14	33	-4.3401016e+02
1	0	14	34	2.3664001e+02
1	0	14	35	2.8369165e+02
1	0	14	36	2.7742194e+02
1	0	14	37	3.7849994e+02
1	0	14	38	2.5534616e+02
1	0	14	39	4.4095468e+02
1	0	14	40	3.5801486e+02
1	0	14	41	2.9608545e+02
1	0	14	42	4.3645090e+02
1	0	14	43	4.1189429e+02
1	0	14	44	5.4314972e+02
1	0	14	45	4.1691360e+02
1	0	14	46	4.9955185e+02
1	0	14	47	3.8923309e+02
1	0	14	48	4.9757239e+02
1	0	14	49	-1.3265723e+03
1	0	14	50	4.5686023e+02
1	0	14	51	1.0303306e+03
1	0	14	52	9.6005261e+02
1	0	14	53	6.8960394e+02
1	0	14	54	6.8086304e+02
1	0	14	55	7.5693555e+02
1	0	14	56	9.1714703e+02
1	0	14	57	8.3367249e+02
1	0	14	58	6.9688745e+02
1	0	14	59	7.0927673e+02
1	0	14	60	7.5825854e+02
1	0	14	61	4.5214862e+02
1	0	14	62	5.9251056e+02
1	0	14	63	6.7675934e+02
1	0	15	0	1.0158519e+02
1	0	15	1	8.2198792e+01
1	0	15	2	-4.9475334e+01
1	0	15	3	3.7538738e+01
1	0	15	4	-1.1923337e+02
1	0	15	5	4.9509918e+01
1	0	15	6	4.4932247e+01
1	0	15	7	1.7675899e+02
1	0	15	8	-2.1204447e+01
1	0	15	9	-5.3761715e+01
1	0	15	10	6.5624962e+00
1	0	15	11	5.1338787e+00
1	0	15	12	-2.2595247e+01
1	0	15	13	3.7285280e+00
1	0	15	14	-1.9050507e+01
1	0	15	15	4.0972832e+01
1	0	15	16	-9.8061462e+01
1	0	15	17	-4.4277695e+01
1	0	15	18	-1.0160252e+02
1	0	15	19	-8.2437195e+01
1	0	15	20	-1.5389708e+02
1	0	15	21	-4.3752563e+01
1	0	15	22	-5.9509075e+01
1	0	15	23	-5.6829048e+01
1	0	15	24	-4.7056023e+01
1	0	15	25	-8.5902939e+01
1	0	15	26	-1.5181996e+02
1	0	15	27	-2.1583176e+02
1	0	15	28	-8.1835991e+01
1	0	15	29	-1.0172284e+02
1	0	15	30	-1.5633005e+02
1	0	15	31	-2.1133638e+02
1	0	15	32	-2.1972058e+02
1	0	15	33	-2.6909680e+02
1	0	15	34	4.3656189e+02
1	0	15	35	3.8750519e+02
1	0	15	36	5.4060699e+02
1	0	15	37	4.4374411e+02
1	0	15	38	5.8287164e+02
1	0	15	39	5.0312341e+02
1	0	15	40	5.4072266e+02
1	0	15	41	4.2184634e+02
1	0	15	42	4.9216904e+02
1	0	15	43	4.0975110e+02
1	0	15	44	4.6980994e+02
1	0	15	45	3.9586502e+02
1	0	15	46	5.0036478e+02
1	0	15	47	4.5131052e+02
1	0	15	48	4.4230963e+02
1	0	15	49	4.0791293e+02
1	0	15	50	5.3354791e+02
1	0	15	51	1.0000703e+03
1	0	15	52	1.0451107e+03
1	0	15	53	6.7368842e+02
1	0	15	54	7.5097571e+02
1	0	15	55	7.1096545e+02
1	0	15	56	8.3595374e+02
1	0	15	57	8.4268604e+02
1	0	15	58	8.2267285e+02
1	0	15	59	6.7350256e+02
1	0	15	60	6.5005060e+02
1	0	15	61	6.6086743e+02
1	0	15	62	7.1904474e+02
1	0	15	63	7.4576562e+02
1	1	0	0	-3.5817865e+02
1	1	0	1	-5.3515936e+02
1	1	0	2	-4.7014313e+02
1	1	0	3	-4.6037424e+02
1	1	0	4	-6.4892798e+02
1	1	0	5	-5.0714014e+02
1	1	0	6	-6.2208423e+02
1	1	0	7	-4.2415607e+02
1	1	0	8	-4.7099222e+02
1	1	0	9	-5.3376471e+02
1	1	0	10	-5.8625439e+02
1	1	0	11	-6.2429425e+02
1	1	0	12	-5.2932959e+02
1	1	0	13	-5.4194720e+02
1	1	0	14	-4.8558459e+02
1	1	0	15	-5.4582440e+02
1	1	0	16	-6.5784753e+02
1	1	0	17	-7.6765808e+02
1	1	0	18	-5.9918115e+02
1	1	0	19	-6.6249005e+02
1	1	0	20	-6.2919849e+02
1	1	0	21	-6.6100214e+02
1	1	0	22	-6.5979663e+02
1	1	0	23	-6.7242810e+02
1	1	0	24	-7.3681232e+02
1	1	0	25	-6.5432178e+02
1	1	0	26	-7.5303198e+02
1	1	0	27	-8.7565881e+02
1	1	0	28	-7.1928467e+02
1	1	0	29	-7.9091705e+02
1	1	0	30	-7.3390924e+02
1	1	0	31	-7.3077148e+02
1	1	0	32	-8.3281201e+02
1	1	0	33	-8.6366577e+02
1	1	0	34	-1.1517531e+02
1	1	0	35	-1.4164972e+02
1	1	0	36	-8.8624428e+01
1	1	0	37	-1.3032176e+02
1	1	0	38	-5.6925896e+01
1	1	0	39	-9.9460335e+01
1	1	0	40	-1.1678272e+02
1	1	0	41	-1.4453477e+02
1	1	0	42	-8.4435135e+01
1	1	0	43	-6.6935715e+01
1	1	0	44	-1.3189606e+02
1	1	0	45	-9.6369507e+01
1	1	0	46	-2.1204527e+02
1	1	0	47	-1.6154849e+02
1	1	0	48	-1.8213899e+02
1	1	0	49	-2.2045793e+02
1	1	0	50	-1.2538873e+02
1	1	0	51	4.3678308e+02
1	1	0	52	4.2452286e+02
1	1	0	53	6.6135300e+01
1	1	0	54	1.6902716e+01
1	1	0	55	4.4306374e+01
1	1	0	56	2.3061710e+02
1	1	0	57	2.8671567e+02
1	1	0	58	2.0469385e+02
1	1	0	59	8.6974983e+01
1	1	0	60	1.2234403e+02
1	1	0	61	1.3797636e+02
1	1	0	62	1.6045088e+02
1	1	0	63	1.0727723e+02
1	1	1	0	-6.7543463e+02
1	1	1	1	-7.2957684e+02
1	1	1	2	-5.6133685e+02
1	1	1	3	-7.2377496e+02
1	1	1	4	-6.2088098e+02
1	1	1	5	-6.4169135e+02
1	1	1	6	-5.9995398e+02
1	1	1	7	-6.8580396e+02
1	1	1	8	-6.7996893e+02
1	1	1	9	-5.4507672e+02
1	1	1	10	-7.1362231e+02
1	1	1	11	-5.9497614e+02
1	1	1	12	-6.9954889e+02
1	1	1	13	-6.7440338e+02
1	1	1	14	-7.0498608e+02
1	1	1	15	-6.3690546e+02
1	1	1	16	-9.0058472e+02
1	1	1	17	-7.6660193e+02
1	1	1	18	-7.0981714e+02
1	1	1	19	-7.8101343e+02
1	1	1	20	-8.3200433e+02
1	1	1	21	-7.5042468e+02
1	1	1	22	-7.1060046e+02
1	1	1	23	-8.0968597e+02
1	1	1	24	-8.5432465e+02
1	1	1	25	-6.8296124e+02
1	1	1	26	-7.6610785e+02
1	1	1	27	-7.2547052e+02
1	1	1	28	-7.5418109e+02
1	1	1	29	-7.8656091e+02
1	1	1	30	-7.0885309e+02
1	1	1	31	-8.4267511e+02
1	1	1	32	-7.8282489e+02
1	1	1	33	-7.3067371e+02
1	1	1	34	-1.9568222e+01
1	1	1	35	-4.3713161e+01
1	1	1	36	5.0092506e+01
1	1	1	37	1.4580174e+02
1	1	1	38	8.3682332e-03
1	1	1	39	5.1985752e+01
1	1	1	40	1.9864236e+02
1	1	1	41	6.2877567e+01
1	1	1	42	1.2590954e+02
1	1	1	43	7.5913815e+00
1	1	1	44	1.8515530e+02
1	1	1	45	5.3839436e+01
1	1	1	46	7.9203499e+01
1	1	1	47	9.4548592e+01
1	1	1	48	2.0112946e+02
1	1	1	49	9.6879120e+01
1	1	1	50	1.4174321e+02
1	1	1	51	7.0990729e+02
1	1	1	52	7.8678662e+02
1	1	1	53	4.2391882e+02
1	1	1	54	4.3088669e+02
1	1	1	55	3.4495908e+02
1	1	1	56	6.1120374e+02
1	1	1	57	5.4081219e+02
1	1	1	58	3.7489386e+02
1	1	1	59	3.6779324e+02
1	1	1	60	5.1203326e+02
1	1	1	61	3.2008777e+02
1	1	1	62	1.9947577e+02
1	1	1	63	4.2417365e+02
1	1	2	0	-1.0047999e+03
1	1	2	1	-1.1382670e+03
1	1	2	2	-1.0599500e+03
1	1	2	3	-1.0676539e+03
1	1	2	4	-1.3342181e+03
1	1	2	5	-1.2081608e+03
1	1	2	6	-1.3272167e+03
1	1	2	7	-1.0292350e+03
1	1	2	8	-1.0730618e+03
1	1	2	9	-1.1960479e+03
1	1	2	10	-1.2642863e+03
1	1	2	11	-1.3409889e+03
1	1	2	12	-1.2253947e+03
1	1	2	13	-1.2603287e+03
1	1	2	14	-1.0852230e+03
1	1	2	15	-9.9635364e+02
1	1	2	16	-1.2132936e+03
1	1	2	17	-1.3918231e+03
1	1	2	18	-1.1584454e+03
1	1	2	19	-1.3112279e+03
1	1	2	20	-1.2145975e+03
1	1	2	21	-1.1981982e+03
1	1	2	22	-1.2668010e+03
1	1	2	23	-1.2809161e+03
1	1	2	24	-1.3158076e+03
1	1	2	25	-1.4221906e+03
1	1	2	26	-1.3993618e+03
1	1	2	27	-1.5433080e+03
1	1	2	28	-1.3756533e+03
1	1	2	29	-1.5438907e+03
1	1	2	30	-1.4329171e+03
1	1	2	31	-1.5135610e+03
1	1	2	32	-1.4932977e+03
1	1	2	33	-1.4674907e+03
1	1	2	34	-9.1369818e+02
1	1	2	35	-8.9642975e+02
1	1	2	36	-8.6595490e+02
1	1	2	37	-9.8827338e+02
1	1	2	38	-8.1660693e+02
1	1	2	39	-9.9116980e+02
1	1	2	40	-8.5580823e+02
1	1	2	41	-1.0064409e+03
1	1	2	42	-1.0558821e+03
1	1	2	43	-1.0238204e+03
1	1	2	44	-1.2134462e+03
1	1	2	45	-1.0597192e+03
1	1	2	46	-1.2491360e+03
1	1	2	47	-1.0918948e+03
1	1	2	48	-1.2871582e+03
1	1	2	49	-1.3262844e+03
1	1	2	50	-8.7241364e+02
1	1	2	51	-4.7769431e+02
1	1	2	52	-5.0408777e+02
1	1	2	53	-8.6099866e+02
1	1	2	54	-8.4894287e+02
1	1	2	55	-1.0278525e+03
1	1	2	56	-8.3593646e+02
1	1	2	57	-5.4121100e+02
1	1	2	58	-4.7644791e+02
1	1	2	59	-7.4473456e+02
1	1	2	60	-1.0668254e+03
1	1	2	61	-7.4280676e+02
1	1	2	62	-6.9685748e+02
1	1	2	63	-1.0422859e+03
1	1	3	0	-1.5377997e+03
1	1	3	1	-1.4035980e+03
1	1	3	2	-1.1270576e+03
1	1	3	3	-1.3252300e+03
1	1	3	4	-1.2085808e+03
1	1	3	5	-1.5015173e+03
1	1	3	6	-1.2281586e+03
1	1	3	7	-1.5725615e+03
1	1	3	8	-1.3953967e+03
1	1	3	9	-1.0345818e+03
1	1	3	10	-1.5356852e+03
1	1	3	11	-1.0578943e+03
1	1	3	12	-1.2897881e+03
1	1	3	13	-1.2494659e+03
1	1	3	14	-1.3448448e+03
1	1	3	15	-1.3757079e+03
1	1	3	16	-1.5070817e+03
1	1	3	17	-1.6211703e+03
1	1	3	18	-1.6460443e+03
1	1	3	19	-1.6197861e+03
1	1	3	20	-1.4659478e+03
1	1	3	21	-1.3853004e+03
1	1	3	22	-1.4299429e+03
1	1	3	23	-1.3705020e+03
1	1	3	24	-1.3552358e+03
1	1	3	25	-1.2730195e+03
1	1	3	26	-1.2983077e+03
1	1	3	27	-1.1844431e+03
1	1	3	28	-1.2453522e+03
1	1	3	29	-1.2495314e+03
1	1	3	30	-1.2601670e+03
1	1	3	31	-1.3540166e+03
1	1	3	32	-1.2492433e+03
1	1	3	33	-1.1755177e+03
1	1	3	34	-4.6655563e+02
1	1	3	35	-5.4383954e+02
1	1	3	36	-4.5650171e+02
1	1	3	37	-3.7472714e+02
1	1	3	38	-5.2082935e+02
1	1	3	39	-4.6324213e+02
1	1	3	40	-2.3013667e+02
1	1	3	41	-3.5582101e+02
1	1	3	42	-2.5196687e+02
1	1	3	43	-3.8254150e+02
1	1	3	44	-1.5968544e+02
1	1	3	45	-3.3683710e+02
1	1	3	46	-2.3711200e+02
1	1	3	47	-3.1079932e+02
1	1	3	48	-1.6907318e+02
1	1	3	49	-2.7393347e+02
1	1	3	50	-3.8868301e+02
1	1	3	51	1.9663881e+02
1	1	3	52	2.7954703e+02
1	1	3	53	-9.6841927e+01
1	1	3	54	-7.6479012e+01
1	1	3	55	6.1889328e+01
1	1	3	56	2.0037073e+02
1	1	3	57	7.3645073e+01
1	1	3	58	-1.4418668e+02
1	1	3	59	-4.8695560e+01
1	1	3	60	6.2703159e+01
1	1	3	61	-1.5390399e+02
1	1	3	62	-2.3434523e+02
1	1	3	63	1.1219747e+02
1	1	4	0	-1.7835723e+03
1	1	4	1	-1.7499960e+03
1	1	4	2	-1.5577651e+03
1	1	4	3	-1.8731255e+03
1	1	4	4	-1.4683224e+03
1	1	4	5	-1.5670789e+03
1	1	4	6	-1.3901827e+03
1	1	4	7	-1.8542572e+03
1	1	4	8	-1.7705702e+03
1	1	4	9	-1.4227421e+03
1	1	4	10	-1.7844137e+03
1	1	4	11	-1.3516206e+03
1	1	4	12	-1.5948435e+03
1	1	4	13	-1.5941367e+03
1	1	4	14	-1.9332698e+03
1	1	4	15	-1.7529277e+03
1	1	4	16	-2.0822620e+03
1	1	4	17	-1.9408257e+03
1	1	4	18	-2.0133982e+03
1	1	4	19	-1.8589131e+03
1	1	4	20	-2.0139468e+03
1	1	4	21	-2.1204949e+03
1	1	4	22	-1.8124730e+03
1	1	4	23	-1.8224764e+03
1	1	4	24	-1.6899515e+03
1	1	4	25	-1.6574661e+03
1	1	4	26	-1.6626083e+03
1	1	4	27	-1.3999448e+03
1	1	4	28	-1.6315942e+03
1	1	4	29	-1.5417722e+03
1	1	4	30	-1.5491504e+03
1	1	4	31	-1.5641254e+03
1	1	4	32	-1.5260986e+03
1	1	4	33	-1.4485475e+03
1	1	4	34	-8.5908319e+02
1	1	4	35	-7.9472894e+02
1	1	4	36	-8.1579657e+02
1	1	4	37	-6.9387427e+02
1	1	4	38	-8.5869946e+02
1	1	4	39	-7.2886798e+02
1	1	4	40	-7.1800958e+02
1	1	4	41	-6.9869629e+02
1	1	4	42	-5.8952625e+02
1	1	4	43	-5.8433167e+02
1	1	4	44	-4.5279901e+02
1	1	4	45	-5.9831696e+02
1	1	4	46	-5.2642120e+02
1	1	4	47	-5.4333856e+02
1	1	4	48	-4.7532101e+02
1	1	4	49	-5.0631342e+02
1	1	4	50	-5.5873444e+02
1	1	4	51	6.7932525e+00
1	1	4	52	2.1026211e+01
1	1	4	53	-3.2726254e+02
1	1	4	54	-3.8395822e+02
1	1	4	55	-2.3740544e+02
1	1	4	56	-1.4764121e+01
1	1	4	57	-2.4696138e+02
1	1	4	58	-4.6726010e+02
1	1	4	59	-4.2537735e+02
1	1	4	60	-2.1646841e+02
1	1	4	61	-4.3199109e+02
1	1	4	62	-5.4908563e+02
1	1	4	63	-2.4346147e+02
1	1	5	0	-7.5742316e+02
1	1	5	1	-9.2920416e+02
1	1	5	2	-1.1842202e+03
1	1	5	3	-9.2261896e+02
1	1	5	4	-1.2178870e+03
1	1	5	5	-8.5693542e+02
1	1	5	6	-9.7141626e+02
1	1	5	7	-7.6697852e+02
1	1	5	8	-8.7941449e+02
1	1	5	9	-1.2519628e+03
1	1	5	10	-8.4626086e+02
1	1	5	11	-1.2357321e+03
1	1	5	12	-1.0563037e+03
1	1	5	13	-1.0635271e+03
1	1	5	14	-1.1317477e+03
1	1	5	15	-9.9941138e+02
1	1	5	16	-1.0161453e+03
1	1	5	17	-9.1587231e+02
1	1	5	18	-1.0060007e+03
1	1	5	19	-9.6351575e+02
1	1	5	20	-1.1459709e+03
1	1	5	21	-1.1028657e+03
1	1	5	22	-1.0567025e+03
1	1	5	23	-1.0829595e+03
1	1	5	24	-1.1744091e+03
1	1	5	25	-1.1377288e+03
1	1	5	26	-1.1735863e+03
1	1	5	27	-1.2689640e+03
1	1	5	28	-1.1198571e+03
1	1	5	29	-1.3530598e+03
1	1	5	30	-1.2188480e+03
1	1	5	31	-1.2711049e+03
1	1	5	32	-1.3285837e+03
1	1	5	33	-1.3895465e+03
1	1	5	34	-7.2041382e+02
1	1	5	35	-7.1310278e+02
1	1	5	36	-6.5019678e+02
1	1	5	37	-8.1635455e+02
1	1	5	38	-5.8287756e+02
1	1	5	39	-8.9513354e+02
1	1	5	40	-1.0072228e+03
1	1	5	41	-9.1899872e+02
1	1	5	42	-1.0108322e+03
1	1	5	43	-8.5568866e+02
1	1	5	44	-1.2256735e+03
1	1	5	45	-1.0714656e+03
1	1	5	46	-1.2930022e+03
1	1	5	47	-9.8191711e+02
1	1	5	48	-1.3146133e+03
1	1	5	49	-1.2536692e+03
1	1	5	50	-8.0381018e+02
1	1	5	51	-5.2066687e+02
1	1	5	52	-4.6537201e+02
1	1	5	53	-7.1836993e+02
1	1	5	54	-7.6164850e+02
1	1	5	55	-1.0230302e+03
1	1	5	56	-9.0499359e+02
1	1	5	57	-4.6973135e+02
1	1	5	58	-3.5485022e+02
1	1	5	59	-4.9997543e+02
1	1	5	60	-9.5569733e+02
1	1	5	61	-6.6262732e+02
1	1	5	62	-4.3108881e+02
1	1	5	63	-9.5746271e+02
1	1	6	0	-9.4770056e+02
1	1	6	1	-9.9833472e+02
1	1	6	2	-8.1516656e+02
1	1	6	3	-9.7024359e+02
1	1	6	4	-9.3496564e+02
1	1	6	5	-9.3745044e+02
1	1	6	6	-8.8722357e+02
1	1	6	7	-9.7908624e+02
1	1	6	8	-9.7330511e+02
1	1	6	9	-8.3994360e+02
1	1	6	10	-1.0124868e+03
1	1	6	11	-8.2242798e+02
1	1	6	12	-1.0103101e+03
1	1	6	13	-9.3085803e+02
1	1	6	14	-1.0094852e+03
1	1	6	15	-9.5252997e+02
1	1	6	16	-1.0790493e+03
1	1	6	17	-1.1250713e+03
1	1	6	18	-1.0872821e+03
1	1	6	19	-1.0976079e+03
1	1	6	20	-1.1114059e+03
1	1	6	21	-1.1321210e+03
1	1	6	22	-1.0822233e+03
1	1	6	23	-1.0196437e+03
1	1	6	24	-1.0883846e+03
1	1	6	25	-1.1003914e+03
1	1	6	26	-1.1372920e+03
1	1	6	27	-1.0037328e+03
1	1	6	28	-1.0678298e+03
1	1	6	29	-9.7877631e+02
1	1	6	30	-1.0072302e+03
1	1	6	31	-9.8457672e+02
1	1	6	32	-1.0671643e+03
1	1	6	33	-1.0171923e+03
1	1	6	34	-2.9474216e+02
1	1	6	35	-1.9765263e+02
1	1	6	36	-1.8950410e+02
1	1	6	37	-1.9338788e+02
1	1	6	38	-2.7487286e+02
1	1	6	39	-2.2811723e+02
1	1	6	40	-2.4740182e+02
1	1	6	41	-2.0049094e+02
1	1	6	42	-2.3976392e+02
1	1	6	43	-9.5692673e+01
1	1	6	44	-5.8782043e+01
1	1	6	45	-2.1582726e+02
1	1	6	46	-1.0128326e+02
1	1	6	47	-1.8805183e+02
1	1	6	48	-1.4445819e+02
1	1	6	49	-1.9176144e+02
1	1	6	50	-9.8629128e+01
1	1	6	51	3.8805261e+02
1	1	6	52	4.6796341e+02
1	1	6	53	2.8521544e+01
1	1	6	54	1.7492723e+01
1	1	6	55	1.7884811e+02
1	1	6	56	2.9148386e+02
1	1	6	57	1.8959923e+02
1	1	6	58	1.1525111e+02
1	1	6	59	5.6320061e+01
1	1	6	60	1.1428310e+02
1	1	6	61	-8.1147060e+00
1	1	6	62	4.8158035e+01
1	1	6	63	1.1998383e+02
1	1	7	0	-4.0159946e+02
1	1	7	1	-5.5224469e+02
1	1	7	2	-7.0428015e+02
1	1	7	3	-6.2359406e+02
1	1	7	4	-6.1416534e+02
1	1	7	5	-4.6203049e+02
1	1	7	6	-5.1771161e+02
1	1	7	7	-5.0413913e+02
1	1	7	8	-5.4703839e+02
1	1	7	9	-6.0002106e+02
1	1	7	10	-5.4199164e+02
1	1	7	11	-6.7776941e+02
1	1	7	12	-7.4605859e+02
1	1	7	13	-6.3270813e+02
1	1	7	14	-7.3827234e+02
1	1	7	15	-5.3422906e+02
1	1	7	16	-6.6338837e+02
1	1	7	17	-6.2336218e+02
1	1	7	18	-7.1304077e+02
1	1	7	19	-6.2064276e+02
1	1	7	20	-6.6099994e+02
1	1	7	21	-6.7567047e+02
1	1	7	22	-5.6334863e+02
1	1	7	23	-5.3978455e+02
1	1	7	24	-6.2702631e+02
1	1	7	25	-5.8439594e+02
1	1	7	26	-7.3989001e+02
1	1	7	27	-6.8265515e+02
1	1	7	28	-6.5941052e+02
1	1	7	29	-6.9263812e+02
1	1	7	30	-7.1508850e+02
1	1	7	31	-7.5379224e+02
1	1	7	32	-7.5418353e+02
1	1	7	33	-8.1862872e+02
1	1	7	34	-2.5869143e+01
1	1	7	35	-7.3628517e+01
1	1	7	36	-3.1804874e+01
1	1	7	37	-1.4984998e+02
1	1	7	38	3.6912941e+01
1	1	7	39	-7.1395538e+01
1	1	7	40	-9.8298187e+01
1	1	7	41	-1.4093340e+02
1	1	7	42	-1.1621587e+02
1	1	7	43	-1.3732692e+02
1	1	7	44	-1.3784003e+02
1	1	7	45	-1.3100330e+02
1	1	7	46	-1.6376230e+02
1	1	7	47	-9.2806206e+01
1	1	7	48	-1.5414790e+02
1	1	7	49	-1.6749785e+02
1	1	7	50	-7.2244591e+01
1	1	7	51	4.7445187e+02
1	1	7	52	4.3001419e+02
1	1	7	53	1.8875046e+02
1	1	7	54	8.0887878e+01
1	1	7	55	7.0854721e+01
1	1	7	56	3.0681268e+02
1	1	7	57	3.4919144e+02
1	1	7	58	2.0976799e+02
1	1	7	59	1.6757732e+02
1	1	7	60	6.5937988e+01
1	1	7	61	1.3240273e+02
1	1	7	62	2.7236667e+02
1	1	7	63	1.3644003e+02
1	1	8	0	-9.1242493e+02
1	1	8	1	-9.6664990e+02
1	1	8	2	-8.1542365e+02
1	1	8	3	-1.0176187e+03
1	1	8	4	-9.2019196e+02
1	1	8	5	-9.3440863e+02
1	1	8	6	-9.0861816e+02
1	1	8	7	-1.0013438e+03
1	1	8	8	-1.0764482e+03
1	1	8	9	-8.8920068e+02
1	1	8	10	-1.0691895e+03
1	1	8	11	-9.4833289e+02
1	1	8	12	-1.1011829e+03
1	1	8	13	-1.0180704e+03
1	1	8	14	-1.0785715e+03
1	1	8	15	-9.9036511e+02
1	1	8	16	-1.2660060e+03
1	1	8	17	-1.1607004e+03
1	1	8	18	-1.1495662e+03
1	1	8	19	-1.1646885e+03
1	1	8	20	-1.1468516e+03
1	1	8	21	-1.1450171e+03
1	1	8	22	-1.0572853e+03
1	1	8	23	-1.2174993e+03
1	1	8	24	-1.1821877e+03
1	1	8	25	-1.1334170e+03
1	1	8	26	-1.1467230e+03
1	1	8	27	-1.0289565e+03
1	1	8	28	-1.0657153e+03
1	1	8	29	-1.1512484e+03
1	1	8	30	-1.0776771e+03
1	1	8	31	-1.1302738e+03
1	1	8	32	-1.1805083e+03
1	1	8	33	-1.0487368e+03
1	1	8	34	-5.1898346e+02
1	1	8	35	-4.3037082e+02
1	1	8	36	-4.1796185e+02
1	1	8	37	-3.6145926e+02
1	1	8	38	-4.7625119e+02
1	1	8	39	-3.2004333e+02
1	1	8	40	-3.2428394e+02
1	1	8	41	-3.5510217e+02
1	1	8	42	-3.2165048e+02
1	1	8	43	-2.9025180e+02
1	1	8	44	-2.1539330e+02
1	1	8	45	-3.4969196e+02
1	1	8	46	-2.7442526e+02
1	1	8	47	-3.4474969e+02
1	1	8	48	-3.0360892e+02
1	1	8	49	-3.0069370e+02
1	1	8	50	-2.6319077e+02
1	1	8	51	3.1279092e+02
1	1	8	52	3.4337695e+02
1	1	8	53	-1.3314359e+01
1	1	8	54	-1.3417256e+02
1	1	8	55	2.7684263e+01
1	1	8	56	2.3710719e+02
1	1	8	57	4.0507015e+01
1	1	8	58	2.2113209e+01
1	1	8	59	-6.2054775e+01
1	1	8	60	1.0152886e+02
1	1	8	61	-2.3240674e+02
1	1	8	62	-1.7123918e+02
1	1	8	63	2.5110609e+01
1	1	9	0	-4.9614908e+02
1	1	9	1	-5.9102002e+02
1	1	9	2	-6.8304932e+02
1	1	9	3	-6.5336694e+02
1	1	9	4	-8.0998602e+02
1	1	9	5	-4.9154483e+02
1	1	9	6	-6.4174457e+02
1	1	9	7	-6.3029736e+02
1	1	9	8	-6.7093060e+02
1	1	9	9	-8.0325751e+02
1	1	9	10	-5.7121729e+02
1	1	9	11	-7.5794629e+02
1	1	9	12	-7.8757562e+02
1	1	9	13	-6.7634137e+02
1	1	9	14	-7.3387573e+02
1	1	9	15	-6.9420844e+02
1	1	9	16	-7.3518927e+02
1	1	9	17	-6.8567029e+02
1	1	9	18	-7.1320966e+02
1	1	9	19	-7.7483344e+02
1	1	9	20	-7.6894659e+02
1	1	9	21	-7.4718958e+02
1	1	9	22	-7.6467944e+02
1	1	9	23	-6.8389813e+02
1	1	9	24	-8.2115417e+02
1	1	9	25	-8.6290930e+02
1	1	9	26	-8.4800623e+02
1	1	9	27	-8.2299872e+02
1	1	9	28	-8.1935602e+02
1	1	9	29	-8.6256287e+02
1	1	9	30	-8.5116632e+02
1	1	9	31	-8.6968176e+02
1	1	9	32	-8.3605267e+02
1	1	9	33	-9.3332513e+02
1	1	9	34	-1.8734018e+02
1	1	9	35	-2.5983499e+02
1	1	9	36	-1.5421474e+02
1	1	9	37	-2.2104272e+02
1	1	9	38	-1.5097882e+02
1	1	9	39	-2.0481639e+02
1	1	9	40	-1.7035199e+02
1	1	9	41	-2.4685593e+02
1	1	9	42	-1.8782594e+02
1	1	9	43	-2.2644540e+02
1	1	9	44	-2.2109052e+02
1	1	9	45	-3.7375708e+02
1	1	9	46	-3.3006085e+02
1	1	9	47	-2.5516280e+02
1	1	9	48	-1.1286217e+03
1	1	9	49	8.1428185e+00
1	1	9	50	-8.4503212e+01
1	1	9	51	3.5096805e+02
1	1	9	52	3.3019641e+02
1	1	9	53	1.0852371e+00
1	1	9	54	3.5244171e+01
1	1	9	55	-4.0889439e+01
1	1	9	56	7.8238770e+01
1	1	9	57	1.9843974e+02
1	1	9	58	7.4563034e+01
1	1	9	59	6.4561668e+01
1	1	9	60	-2.4722920e+03
1	1	9	61	5.2837029e+01
1	1	9	62	1.2228866e+02
1	1	9	63	8.9600380e+01
1	1	10	0	-1.9019802e+03
1	1	10	1	-1.6440190e+03
1	1	10	2	-1.3468538e+03
1	1	10	3	-1.8107058e+03
1	1	10	4	-1.2868594e+03
1	1	10	5	-1.4744309e+03
1	1	10	6	-1.3143165e+03
1	1	10	7	-1.8429280e+03
1	1	10	8	-1.7355972e+03
1	1	10	9	-1.2303154e+03
1	1	10	10	-1.6775708e+03
1	1	10	11	-1.2052832e+03
1	1	10	12	-1.5281488e+03
1	1	10	13	-1.5347991e+03
1	1	10	14	-1.9075966e+03
1	1	10	15	-1.7425327e+03
1	1	10	16	-2.0559958e+03
1	1	10	17	-1.8104644e+03
1	1	10	18	-2.0099751e+03
1	1	10	19	-1.8101132e+03
1	1	10	20	-1.9492340e+03
1	1	10	21	-1.9889840e+03
1	1	10	22	-1.7456810e+03
1	1	10	23	-1.6957926e+03
1	1	10	24	-1.5774254e+03
1	1	10	25	-1.5362288e+03
1	1	10	26	-1.5982714e+03
1	1	10	27	-1.3168461e+03
1	1	10	28	-1.6214293e+03
1	1	10	29	-1.4907820e+03
1	1	10	30	-1.4769359e+03
1	1	10	31	-1.4522971e+03
1	1	10	32	-1.4801697e+03
1	1	10	33	-1.4050458e+03
1	1	10	34	-7.0712018e+02
1	1	10	35	-6.3951587e+02
1	1	10	36	-6.8023236e+02
1	1	10	37	-6.3670996e+02
1	1	10	38	-6.9421106e+02
1	1	10	39	-5.5800696e+02
1	1	10	40	-5.1489001e+02
1	1	10	41	-6.3399536e+02
1	1	10	42	-4.7208340e+02
1	1	10	43	-4.2933276e+02
1	1	10	44	-3.1690475e+02
1	1	10	45	-4.7656195e+02
1	1	10	46	-3.5960443e+02
1	1	10	47	-4.5819101e+02
1	1	10	48	-3.0711932e+02
1	1	10	49	-3.4853506e+02
1	1	10	50	-5.0799875e+02
1	1	10	51	1.6273189e+02
1	1	10	52	1.7589806e+02
1	1	10	53	-2.1027231e+02
1	1	10	54	-1.2549031e+02
1	1	10	55	-2.5011435e+01
1	1	10	56	6.8750008e+01
1	1	10	57	-6.4816452e+01
1	1	10	58	-2.6721466e+02
1	1	10	59	-2.5752670e+02
1	1	10	60	-6.0137856e+01
1	1	10	61	-3.6851349e+02
1	1	10	62	-3.6896628e+02
1	1	10	63	-7.3270103e+01
1	1	11	0	-7.0135767e+02
1	1	11	1	-7.4939331e+02
1	1	11	2	-9.9291687e+02
1	1	11	3	-7.9071680e+02
1	1	11	4	-1.0984828e+03
1	1	11	5	-7.0872699e+02
1	1	11	6	-8.8940802e+02
1	1	11	7	-6.9837579e+02
1	1	11	8	-8.2218085e+02
1	1	11	9	-1.1305820e+03
1	1	11	10	-6.7598895e+02
1	1	11	11	-1.1566711e+03
1	1	11	12	-9.0859430e+02
1	1	11	13	-8.4037439e+02
1	1	11	14	-1.0120000e+03
1	1	11	15	-8.1981171e+02
1	1	11	16	-9.3273761e+02
1	1	11	17	-8.1553937e+02
1	1	11	18	-9.0786176e+02
1	1	11	19	-8.0071301e+02
1	1	11	20	-8.6096472e+02
1	1	11	21	-9.4793890e+02
1	1	11	22	-9.3006970e+02
1	1	11	23	-8.7085785e+02
1	1	11	24	-1.0321244e+03
1	1	11	25	-9.8767981e+02
1	1	11	26	-1.0208186e+03
1	1	11	27	-1.1306230e+03
1	1	11	28	-1.0238841e+03
1	1	11	29	-1.1232787e+03
1	1	11	30	-1.1780165e+03
1	1	11	31	-1.0705435e+03
1	1	11	32	-1.1302887e+03
1	1	11	33	-1.4038610e+03
1	1	11	34	-6.1032074e+02
1	1	11	35	-6.2399469e+02
1	1	11	36	-5.3353058e+02
1	1	11	37	-6.4125061e+02
1	1	11	38	-3.5262259e+02
1	1	11	39	-6.5770123e+02
1	1	11	40	-7.4953973e+02
1	1	11	41	-6.9238605e+02
1	1	11	42	-7.3360480e+02
1	1	11	43	-6.5110199e+02
1	1	11	44	-8.9696362e+02
1	1	11	45	-8.9454449e+02
1	1	11	46	-1.0384355e+03
1	1	11	47	-9.4355115e+02
1	1	11	48	-1.1503907e+03
1	1	11	49	-1.1301787e+03
1	1	11	50	-6.3295648e+02
1	1	11	51	-3.0209875e+02
1	1	11	52	-2.3249052e+02
1	1	11	53	-5.9644849e+02
1	1	11	54	-6.3664563e+02
1	1	11	55	-8.8750360e+02
1	1	11	56	-6.4001471e+02
1	1	11	57	-2.1137477e+02
1	1	11	58	-9.0257553e+01
1	1	11	59	-4.5833301e+02
1	1	11	60	-8.2793024e+02
1	1	11	61	-5.0945892e+02
1	1	11	62	-2.7940399e+02
1	1	11	63	-7.7155066e+02
1	1	12	0	-1.0056628e+03
1	1	12	1	-1.1447565e+03
1	1	12	2	-1.1011451e+03
1	1	12	3	-9.4994440e+02
1	1	12	4	-1.2845688e+03
1	1	12	5	-1.1301238e+03
1	1	12	6	-1.2611156e+03
1	1	12	7	-1.0465883e+03
1	1	12	8	-1.1457076e+03
1	1	12	9	-1.2950192e+03
1	1	12	10	-1.1484464e+03
1	1	12	11	-1.2697185e+03
1	1	12	12	-1.2987797e+03
1	1	12	13	-1.2206516e+03
1	1	12	14	-1.1153817e+03
1	1	12	15	-1.0272496e+03
1	1	12	16	-1.2858843e+03
1	1	12	17	-1.3322537e+03
1	1	12	18	-1.1901893e+03
1	1	12	19	-1.3066661e+03
1	1	12	20	-1.0548674e+03
1	1	12	21	-1.2366937e+03
1	1	12	22	-1.2053279e+03
1	1	12	23	-1.3739042e+03
1	1	12	24	-1.3860005e+03
1	1	12	25	-1.3298511e+03
1	1	12	26	-1.4070623e+03
1	1	12	27	-1.6110836e+03
1	1	12	28	-1.3616135e+03
1	1	12	29	-1.5116534e+03
1	1	12	30	-1.4502196e+03
1	1	12	31	-1.4102559e+03
1	1	12	32	-1.4929612e+03
1	1	12	33	-1.5787655e+03
1	1	12	34	-9.3557245e+02
1	1	12	35	-8.6944617e+02
1	1	12	36	-8.2199902e+02
1	1	12	37	-1.0704873e+03
1	1	12	38	-8.3792426e+02
1	1	12	39	-8.9421167e+02
1	1	12	40	-9.3780573e+02
1	1	12	41	-1.0742346e+03
1	1	12	42	-1.0502434e+03
1	1	12	43	-1.1035565e+03
1	1	12	44	-3.0544983e+03
1	1	12	45	-1.0877955e+03
1	1	12	46	-1.3008240e+03
1	1	12	47	-1.0891199e+03
1	1	12	48	-1.3261494e+03
1	1	12	49	-1.3114138e+03
1	1	12	50	-9.3372748e+02
1	1	12	51	-3.1325336e+02
1	1	12	52	-4.1007523e+02
1	1	12	53	-8.9763080e+02
1	1	12	54	-8.3429944e+02
1	1	12	55	-9.1356854e+02
1	1	12	56	-8.7723724e+02
1	1	12	57	-5.1643469e+02
1	1	12	58	-4.1949265e+02
1	1	12	59	-6.7807526e+02
1	1	12	60	-9.6187921e+02
1	1	12	61	-7.1989197e+02
1	1	12	62	-5.8856018e+02
1	1	12	63	-7.6035962e+02
1	1	13	0	-1.5133339e+03
1	1	13	1	-1.2959821e+03
1	1	13	2	-1.1482633e+03
1	1	13	3	-1.3815251e+03
1	1	13	4	-1.1281552e+03
1	1	13	5	-1.4726147e+03
1	1	13	6	-1.3152230e+03
1	1	13	7	-1.6404507e+03
1	1	13	8	-1.3980607e+03
1	1	13	9	-9.8943665e+02
1	1	13	10	-1.6160702e+03
1	1	13	11	-1.0498792e+03
1	1	13	12	-1.3562358e+03
1	1	13	13	-1.2674387e+03
1	1	13	14	-1.3328081e+03
1	1	13	15	-1.3891702e+03
1	1	13	16	-1.7077104e+03
1	1	13	17	-1.6481121e+03
1	1	13	18	-1.7126462e+03
1	1	13	19	-1.6209269e+03
1	1	13	20	-1.5093611e+03
1	1	13	21	-1.5769860e+03
1	1	13	22	-1.5628242e+03
1	1	13	23	-1.4314349e+03
1	1	13	24	-1.4176970e+03
1	1	13	25	-1.3681639e+03
1	1	13	26	-1.3764052e+03
1	1	13	27	-1.2427831e+03
1	1	13	28	-1.3790198e+03
1	1	13	29	-1.3137283e+03
1	1	13	30	-1.3008776e+03
1	1	13	31	-1.2920746e+03
1	1	13	32	-1.3050653e+03
1	1	13	33	-1.2078059e+03
1	1	13	34	-5.0401282e+02
1	1	13	35	-6.0669568e+02
1	1	13	36	-5.1554620e+02
1	1	13	37	-3.9090958e+02
1	1	13	38	-5.5442664e+02
1	1	13	39	-4.1943082e+02
1	1	13	40	-3.3087341e+02
1	1	13	41	-4.3694781e+02
1	1	13	42	-3.4733063e+02
1	1	13	43	-4.3047208e+02
1	1	13	44	-3.2069724e+02
1	1	13	45	-3.9962354e+02
1	1	13	46	-2.9152994e+02
1	1	13	47	-3.7896582e+02
1	1	13	48	-2.8482028e+02
1	1	13	49	-3.1022409e+02
1	1	13	50	-4.1454962e+02
1	1	13	51	2.2930048e+02
1	1	13	52	3.5925803e+02
1	1	13	53	-1.0758437e+02
1	1	13	54	-3.3619518e+01
1	1	13	55	-4.6485420e+01
1	1	13	56	1.6969913e+02
1	1	13	57	-5.6033921e+00
1	1	13	58	-2.1564752e+02
1	1	13	59	-1.4059218e+02
1	1	13	60	4.0068989e+00
1	1	13	61	-1.7942320e+02
1	1	13	62	-1.9583188e+02
1	1	13	63	6.4303566e+01
1	1	14	0	-5.8325238e+02
1	1	14	1	-6.7170935e+02
1	1	14	2	-6.1694708e+02
1	1	14	3	-6.4120306e+02
1	1	14	4	-8.3292627e+02
1	1	14	5	-6.6464795e+02
1	1	14	6	-8.1160358e+02
1	1	14	7	-5.1643842e+02
1	1	14	8	-6.3906750e+02
1	1	14	9	-7.3827576e+02
1	1	14	10	-7.8553540e+02
1	1	14	11	-6.7931079e+02
1	1	14	12	-8.1985815e+02
1	1	14	13	-7.0639880e+02
1	1	14	14	-6.2418866e+02
1	1	14	15	-7.1018414e+02
1	1	14	16	-7.6728693e+02
1	1	14	17	-8.4484723e+02
1	1	14	18	-8.2985272e+02
1	1	14	19	-8.5691211e+02
1	1	14	20	-7.8520282e+02
1	1	14	21	-7.6925500e+02
1	1	14	22	-8.2759338e+02
1	1	14	23	-7.6164423e+02
1	1	14	24	-9.2321558e+02
1	1	14	25	-7.8848242e+02
1	1	14	26	-8.6792218e+02
1	1	14	27	-9.1610345e+02
1	1	14	28	-8.4142798e+02
1	1	14	29	-9.6006775e+02
1	1	14	30	-8.8970038e+02
1	1	14	31	-9.1099341e+02
1	1	14	32	-9.2039905e+02
1	1	14	33	-9.1114734e+02
1	1	14	34	-2.2241312e+02
1	1	14	35	-1.4184402e+02
1	1	14	36	-1.9977036e+02
1	1	14	37	-2.6720218e+02
1	1	14	38	-2.0874977e+02
1	1	14	39	-2.6589938e+02
1	1	14	40	-2.6000363e+02
1	1	14	41	-2.2999507e+02
1	1	14	42	-1.4257613e+02
1	1	14	43	-2.8112009e+02
1	1	14	44	-2.3212720e+02
1	1	14	45	-2.6765622e+02
1	1	14	46	-2.3012502e+02
1	1	14	47	-3.0477066e+02
1	1	14	48	-3.4023138e+02
1	1	14	49	-2.4623489e+02
1	1	14	50	-2.5497357e+02
1	1	14	51	4.9442911e+02
1	1	14	52	4.3826096e+02
1	1	14	53	-4.2654976e+01
1	1	14	54	3.2982250e+01
1	1	14	55	-5.7329488e+00
1	1	14	56	1.9494495e+02
1	1	14	57	3.1218365e+02
1	1	14	58	1.8665100e+02
1	1	14	59	1.4586476e+02
1	1	14	60	9.2745705e+01
1	1	14	61	4.1052753e+01
1	1	14	62	1.6608260e+02
1	1	14	63	1.1289661e+02
1	1	15	0	-6.7385272e+02
1	1	15	1	-6.8690381e+02
1	1	15	2	-6.1903552e+02
1	1	15	3	-7.0173621e+02
1	1	15	4	-6.2194116e+02
1	1	15	5	-6.8679797e+02
1	1	15	6	-5.9610718e+02
1	1	15	7	-5.6609570e+02
1	1	15	8	-6.6816614e+02
1	1	15	9	-5.3075214e+02
1	1	15	10	-6.9938354e+02
1	1	15	11	-5.9273950e+02
1	1	15	12	-7.8962531e+02
1	1	15	13	-6.7418823e+02
1	1	15	14	-7.7994012e+02
1	1	15	15	-7.3400580e+02
1	1	15	16	-8.2105554e+02
1	1	15	17	-7.7019287e+02
1	1	15	18	-8.3302100e+02
1	1	15	19	-8.1707867e+02
1	1	15	20	-8.2627216e+02
1	1	15	21	-8.7536383e+02
1	1	15	22	-7.5746930e+02
1	1	15	23	-7.4680035e+02
1	1	15	24	-8.0047638e+02
1	1	15	25	-7.2554297e+02
1	1	15	26	-8.1468585e+02
1	1	15	27	-7.8140326e+02
1	1	15	28	-7.7936951e+02
1	1	15	29	-7.2051483e+02
1	1	15	30	-6.8205389e+02
1	1	15	31	-8.0610553e+02
1	1	15	32	-7.0549603e+02
1	1	15	33	-7.3188116e+02
1	1	15	34	-7.3456863e+01
1	1	15	35	-9.6701721e+01
1	1	15	36	4.8792839e+01
1	1	15	37	3.6620838e+01
1	1	15	38	-1.0844569e+01
1	1	15	39	1.1862234e+01
1	1	15	40	8.8464485e+01
1	1	15	41	-7.8403397e+01
1	1	15	42	1.7714984e+02
1	1	15	43	-5.7209713e+01
1	1	15	44	1.0720036e+02
1	1	15	45	4.1050835e+01
1	1	15	46	7.7904457e+01
1	1	15	47	-3.3793091e+01
1	1	15	48	1.3166457e+02
1	1	15	49	5.3637199e+01
1	1	15	50	1.3797096e+01
1	1	15	51	5.6650409e+02
1	1	15	52	6.3537732e+02
1	1	15	53	2.6300287e+02
1	1	15	54	3.2452026e+02
1	1	15	55	3.0473322e+02
1	1	15	56	4.9665485e+02
1	1	15	57	3.5623236e+02
1	1	15	58	2.1599341e+02
1	1	15	59	2.2919649e+02
1	1	15	60	3.7297141e+02
1	1	15	61	1.1367989e+02
1	1	15	62	1.6819917e+02
1	1	15	63	4.0851395e+02
1	2	0	0	7.3722699e+02
1	2	0	1	5.8504895e+02
1	2	0	2	7.4260461e+02
1	2	0	3	7.3315497e+02
1	2	0	4	6.0416882e+02
1	2	0	5	6.3046295e+02
1	2	0	6	5.7692291e+02
1	2	0	7	7.2181506e+02
1	2	0	8	6.3262750e+02
1	2	0	9	6.6515985e+02
1	2	0	10	6.4341620e+02
1	2	0	11	6.7696899e+02
1	2	0	12	5.7678589e+02
1	2	0	13	7.1686060e+02
1	2	0	14	6.9484534e+02
1	2	0	15	5.8975909e+02
1	2	0	16	4.8841016e+02
1	2	0	17	5.7305542e+02
1	2	0	18	5.1436206e+02
1	2	0	19	5.4219385e+02
1	2	0	20	5.7546088e+02
1	2	0	21	5.9965948e+02
1	2	0	22	6.1746545e+02
1	2	0	23	5.7534607e+02
1	2	0	24	5.9747601e+02
1	2	0	25	6.4840704e+02
1	2	0	26	4.4981760e+02
1	2	0	27	4.4763211e+02
1	2	0	28	5.8693280e+02
1	2	0	29	4.5870679e+02
1	2	0	30	5.2530035e+02
1	2	0	31	4.4405161e+02
1	2	0	32	5.1837695e+02
1	2	0	33	4.8807419e+02
1	2	0	34	1.1185281e+03
1	2	0	35	1.1420632e+03
1	2	0	36	1.1482928e+03
1	2	0	37	1.1479243e+03
1	2	0	38	1.1431935e+03
1	2	0	39	1.1400822e+03
1	2	0	40	1.1939301e+03
1	2	0	41	1.1008798e+03
1	2	0	42	1.1590472e+03
1	2	0	43	1.2095403e+03
1	2	0	44	1.2207327e+03
1	2	0	45	1.0676835e+03
1	2	0	46	1.2177412e+03
1	2	0	47	1.1344739e+03
1	2	0	48	1.1100824e+03
1	2	0	49	1.1347493e+03
1	2	0	50	1.1479849e+03
1	2	0	51	1.7403335e+03
1	2	0	52	1.6639232e+03
1	2	0	53	1.2703245e+03
1	2	0	54	1.3623754e+03
1	2	0	55	1.3992269e+03
1	2	0	56	1.5125756e+03
1	2	0	57	1.5508262e+03
1	2	0	58	1.5143872e+03
1	2	0	59	1.3832235e+03
1	2	0	60	1.4105327e+03
1	2	0	61	1.2701910e+03
1	2	0	62	1.3098660e+03
1	2	0	63	1.3001704e+03
1	2	1	0	6.4933942e+02
1	2	1	1	5.6832922e+02
1	2	1	2	6.1972699e+02
1	2	1	3	5.7398401e+02
1	2	1	4	5.4883618e+02
1	2	1	5	5.8715875e+02
1	2	1	6	6.2514600e+02
1	2	1	7	6.1521442e+02
1	2	1	8	5.6465387e+02
1	2	1	9	6.2903174e+02
1	2	1	10	5.6521210e+02
1	2	1	11	6.0750769e+02
1	2	1	12	4.5242560e+02
1	2	1	13	5.2073364e+02
1	2	1	14	5.1728479e+02
1	2	1	15	5.2056616e+02
1	2	1	16	4.2258295e+02
1	2	1	17	4.4741400e+02
1	2	1	18	4.1634628e+02
1	2	1	19	3.7184741e+02
1	2	1	20	4.1114645e+02
1	2	1	21	3.6930408e+02
1	2	1	22	3.8947842e+02
1	2	1	23	4.3929694e+02
1	2	1	24	3.7641428e+02
1	2	1	25	4.4534006e+02
1	2	1	26	4.2833765e+02
1	2	1	27	4.5975076e+02
1	2	1	28	4.7933853e+02
1	2	1	29	3.9085425e+02
1	2	1	30	4.4057446e+02
1	2	1	31	4.0910440e+02
1	2	1	32	4.1818277e+02
1	2	1	33	3.7929340e+02
1	2	1	34	1.0809774e+03
1	2	1	35	1.0530652e+03
1	2	1	36	1.1274443e+03
1	2	1	37	1.1755330e+03
1	2	1	38	1.1020875e+03
1	2	1	39	1.1385599e+03
1	2	1	40	1.2342882e+03
1	2	1	41	1.1912966e+03
1	2	1	42	1.2136807e+03
1	2	1	43	1.1216349e+03
1	2	1	44	1.2884768e+03
1	2	1	45	1.1850913e+03
1	2	1	46	1.2870237e+03
1	2	1	47	1.1616489e+03
1	2	1	48	1.1715439e+03
1	2	1	49	1.2491039e+03
1	2	1	50	1.2231018e+03
1	2	1	51	1.8299497e+03
1	2	1	52	1.8269053e+03
1	2	1	53	1.4315862e+03
1	2	1	54	1.4701041e+03
1	2	1	55	1.5713628e+03
1	2	1	56	1.6261714e+03
1	2	1	57	1.6222159e+03
1	2	1	58	1.5221775e+03
1	2	1	59	1.4755098e+03
1	2	1	60	1.5063036e+03
1	2	1	61	1.3580554e+03
1	2	1	62	1.4057334e+03
1	2	1	63	1.4767198e+03
1	2	2	0	5.7914471e+02
1	2	2	1	4.3045667e+02
1	2	2	2	5.6293396e+02
1	2	2	3	6.2386847e+02
1	2	2	4	4.6502625e+02
1	2	2	5	5.5991241e+02
1	2	2	6	4.3706201e+02
1	2	2	7	7.0915759e+02
1	2	2	8	4.7262677e+02
1	2	2	9	6.1711981e+02
1	2	2	10	4.4398477e+02
1	2	2	11	4.9995050e+02
1	2	2	12	3.7724802e+02
1	2	2	13	4.2266614e+02
1	2	2	14	-8.7060303e+03
1	2	2	15	4.9937442e+02
1	2	2	16	4.8374759e+02
1	2	2	17	3.2877188e+02
1	2	2	18	4.8768365e+02
1	2	2	19	3.7518137e+02
1	2	2	20	4.9083743e+02
1	2	2	21	4.2965298e+02
1	2	2	22	4.2632941e+02
1	2	2	23	3.9770923e+02
1	2	2	24	3.5173178e+02
1	2	2	25	3.4115286e+02
1	2	2	26	3.6650272e+02
1	2	2	27	3.1685733e+02
1	2	2	28	3.5198868e+02
1	2	2	29	2.5659860e+02
1	2	2	30	3.9676651e+02
1	2	2	31	3.2190256e+02
1	2	2	32	3.1012469e+02
1	2	2	33	2.9565854e+02
1	2	2	34	8.8444611e+02
1	2	2	35	9.9006781e+02
1	2	2	36	9.6776959e+02
1	2	2	37	8.9915002e+02
1	2	2	38	8.9993439e+02
1	2	2	39	9.0823706e+02
1	2	2	40	9.2977307e+02
1	2	2	41	9.2242572e+02
1	2	2	42	8.9562634e+02
1	2	2	43	9.8224170e+02
1	2	2	44	9.4343066e+02
1	2	2	45	8.9328918e+02
1	2	2	46	9.4856836e+02
1	2	2	47	8.3501367e+02
1	2	2	48	9.0932172e+02
1	2	2	49	9.1306866e+02
1	2	2	50	9.8724646e+02
1	2	2	51	-5.5946552e+02
1	2	2	52	1.3416499e+03
1	2	2	53	1.2332209e+03
1	2	2	54	1.2505260e+03
1	2	2	55	-2.1931564e+04
1	2	2	56	1.3733962e+03
1	2	2	57	1.3453262e+03
1	2	2	58	1.3040443e+03
1	2	2	59	1.2250801e+03
1	2	2	60	1.2317926e+03
1	2	2	61	1.2366517e+03
1	2	2	62	1.2656945e+03
1	2	2	63	4.1826416e+02
1	2	3	0	5.9106042e+02
1	2	3	1	5.1953143e+02
1	2	3	2	5.4976190e+02
1	2	3	3	5.0910413e+02
1	2	3	4	4.8952029e+02
1	2	3	5	5.0176981e+02
1	2	3	6	5.0327832e+02
1	2	3	7	4.5554559e+02
1	2	3	8	4.3216315e+02
1	2	3	9	5.5076947e+02
1	2	3	10	4.2167056e+02
1	2	3	11	5.5808740e+02
1	2	3	12	4.6753122e+02
1	2	3	13	4.8524927e+02
1	2	3	14	4.1202454e+02
1	2	3	15	4.1400748e+02
1	2	3	16	3.0583221e+02
1	2	3	17	3.9197311e+02
1	2	3	18	3.6094101e+02
1	2	3	19	3.7447638e+02
1	2	3	20	2.7894284e+02
1	2	3	21	3.5780942e+02
1	2	3	22	3.2514438e+02
1	2	3	23	4.0453665e+02
1	2	3	24	2.8403174e+02
1	2	3	25	3.3721231e+02
1	2	3	26	2.5519661e+02
1	2	3	27	4.2530234e+02
1	2	3	28	4.1156570e+02
1	2	3	29	3.7294653e+02
1	2	3	30	3.1384262e+02
1	2	3	31	3.5087741e+02
1	2	3	32	2.4909962e+02
1	2	3	33	3.4502460e+02
1	2	3	34	9.7322406e+02
1	2	3	35	9.9976575e+02
1	2	3	36	-4.2994659e+02
1	2	3	37	-6.2617993e+02
1	2	3	38	1.1599811e+03
1	2	3	39	1.0546097e+03
1	2	3	40	-2.8806917e+03
1	2	3	41	8.4297345e+02
1	2	3	42	1.9276187e+02
1	2	3	43	1.1677198e+03
1	2	3	44	-2.4536021e+03
1	2	3	45	-1.4797119e+03
1	2	3	46	8.1318597e+02
1	2	3	47	1.1715450e+03
1	2	3	48	-7.0899664e+02
1	2	3	49	1.1671237e+03
1	2	3	50	1.1965780e+03
1	2	3	51	1.7286313e+03
1	2	3	52	1.7261500e+03
1	2	3	53	1.3163497e+03
1	2	3	54	1.4541090e+03
1	2	3	55	1.4784254e+03
1	2	3	56	1.5467944e+03
1	2	3	57	1.5095347e+03
1	2	3	58	1.3846125e+03
1	2	3	59	1.3476659e+03
1	2	3	60	1.3603497e+03
1	2	3	61	1.3128828e+03
1	2	3	62	1.3642767e+03
1	2	3	63	1.4737930e+03
1	2	4	0	4.5550208e+02
1	2	4	1	3.4501999e+02
1	2	4	2	4.4135492e+02
1	2	4	3	4.1506873e+02
1	2	4	4	2.9864343e+02
1	2	4	5	3.7668082e+02
1	2	4	6	2.8000119e+02
1	2	4	7	4.7153983e+02
1	2	4	8	3.3107513e+02
1	2	4	9	3.6580145e+02
1	2	4	10	2.6019684e+02
1	2	4	11	3.2886398e+02
1	2	4	12	2.7389240e+02
1	2	4	13	3.6354037e+02
1	2	4	14	3.6212665e+02
1	2	4	15	3.5131836e+02
1	2	4	16	2.3513956e+02
1	2	4	17	2.1160475e+02
1	2	4	18	2.5967856e+02
1	2	4	19	1.9208110e+02
1	2	4	20	3.6689243e+02
1	2	4	21	2.8137485e+02
1	2	4	22	2.6300443e+02
1	2	4	23	2.5737753e+02
1	2	4	24	1.4220016e+02
1	2	4	25	2.5102629e+02
1	2	4	26	1.7848766e+02
1	2	4	27	1.2637578e+02
1	2	4	28	2.2636487e+02
1	2	4	29	9.5324341e+01
1	2	4	30	2.1786594e+02
1	2	4	31	1.1271912e+02
1	2	4	32	6.1683407e+01
1	2	4	33	1.2453301e+02
1	2	4	34	7.4558112e+02
1	2	4	35	7.6671283e+02
1	2	4	36	8.1293738e+02
1	2	4	37	6.4656818e+02
1	2	4	38	7.4072858e+02
1	2	4	39	7.5667224e+02
1	2	4	40	8.0213409e+02
1	2	4	41	7.1538873e+02
1	2	4	42	8.3121710e+02
1	2	4	43	7.5229382e+02
1	2	4	44	7.8352985e+02
1	2	4	45	7.7743024e+02
1	2	4	46	7.4720709e+02
1	2	4	47	8.0524280e+02
1	2	4	48	7.3903735e+02
1	2	4	49	7.0851215e+02
1	2	4	50	8.8662341e+02
1	2	4	51	1.2573613e+03
1	2	4	52	1.4005382e+03
1	2	4	53	9.9252228e+02
1	2	4	54	1.0509906e+03
1	2	4	55	1.0247095e+03
1	2	4	56	1.1238390e+03
1	2	4	57	1.2658260e+03
1	2	4	58	1.1655559e+03
1	2	4	59	1.0856771e+03
1	2	4	60	9.7416681e+02
1	2	4	61	9.9634662e+02
1	2	4	62	1.0740217e+03
1	2	4	63	9.7475433e+02
1	2	5	0	3.3151193e+02
1	2	5	1	3.3346613e+02
1	2	5	2	2.9078265e+02
1	2	5	3	3.4295840e+02
1	2	5	4	3.1789017e+02
1	2	5	5	3.3129944e+02
1	2	5	6	3.4570197e+02
1	2	5	7	3.4719928e+02
1	2	5	8	2.4207823e+02
1	2	5	9	3.7079996e+02
1	2	5	10	1.8870300e+02
1	2	5	11	3.1060556e+02
1	2	5	12	2.0929901e+02
1	2	5	13	2.5167175e+02
1	2	5	14	2.2298643e+02
1	2	5	15	3.0375769e+02
1	2	5	16	9.0303253e+01
1	2	5	17	1.0277462e+02
1	2	5	18	1.3566304e+02
1	2	5	19	1.4309596e+02
1	2	5	20	1.1687441e+02
1	2	5	21	1.4986658e+02
1	2	5	22	1.4518590e+02
1	2	5	23	2.1148781e+02
1	2	5	24	1.8666508e+02
1	2	5	25	2.1998071e+02
1	2	5	26	1.2563690e+02
1	2	5	27	1.9160339e+02
1	2	5	28	1.7737500e+02
1	2	5	29	2.2038670e+02
1	2	5	30	2.0567032e+02
1	2	5	31	1.7072020e+02
1	2	5	32	1.6003534e+02
1	2	5	33	2.1319762e+02
1	2	5	34	8.7262378e+02
1	2	5	35	8.4958948e+02
1	2	5	36	8.9546564e+02
1	2	5	37	9.3599780e+02
1	2	5	38	8.7565784e+02
1	2	5	39	9.0946167e+02
1	2	5	40	9.5247180e+02
1	2	5	41	8.5198792e+02
1	2	5	42	9.7697906e+02
1	2	5	43	8.8204840e+02
1	2	5	44	1.0475199e+03
1	2	5	45	9.2733038e+02
1	2	5	46	9.9153888e+02
1	2	5	47	9.8406177e+02
1	2	5	48	8.7942755e+02
1	2	5	49	9.1963385e+02
1	2	5	50	9.8527472e+02
1	2	5	51	1.4916902e+03
1	2	5	52	1.5229833e+03
1	2	5	53	1.2218942e+03
1	2	5	54	1.2147748e+03
1	2	5	55	1.2297360e+03
1	2	5	56	1.4112157e+03
1	2	5	57	1.3384343e+03
1	2	5	58	1.1845447e+03
1	2	5	59	1.2689399e+03
1	2	5	60	1.3452128e+03
1	2	5	61	1.0885541e+03
1	2	5	62	1.1439655e+03
1	2	5	63	1.2854146e+03
1	2	6	0	3.9126227e+02
1	2	6	1	3.0656772e+02
1	2	6	2	2.2954686e+02
1	2	6	3	3.1568283e+02
1	2	6	4	2.1171173e+02
1	2	6	5	2.8303998e+02
1	2	6	6	1.7328314e+02
1	2	6	7	3.0672250e+02
1	2	6	8	3.1994809e+02
1	2	6	9	2.7751782e+02
1	2	6	10	1.8645290e+02
1	2	6	11	3.5923920e+02
1	2	6	12	8.3482697e+01
1	2	6	13	2.1117439e+02
1	2	6	14	2.5601089e+02
1	2	6	15	1.9742236e+02
1	2	6	16	1.3633432e+02
1	2	6	17	1.1000287e+02
1	2	6	18	1.2817899e+02
1	2	6	19	1.6730818e+02
1	2	6	20	2.1412384e+02
1	2	6	21	1.2228055e+02
1	2	6	22	1.0761117e+02
1	2	6	23	1.9149033e+02
1	2	6	24	5.4596851e+01
1	2	6	25	1.1212476e+02
1	2	6	26	4.9714287e+01
1	2	6	27	9.9713753e+01
1	2	6	28	1.1556751e+02
1	2	6	29	1.1089692e+00
1	2	6	30	9.2727722e+01
1	2	6	31	1.3975277e+01
1	2	6	32	8.6772270e+00
1	2	6	33	-1.1091847e+01
1	2	6	34	6.7918591e+02
1	2	6	35	6.7402655e+02
1	2	6	36	6.8621649e+02
1	2	6	37	7.2419946e+02
1	2	6	38	6.5055316e+02
1	2	6	39	6.8680109e+02
1	2	6	40	6.9406500e+02
1	2	6	41	5.1675452e+02
1	2	6	42	7.0836194e+02
1	2	6	43	6.8412488e+02
1	2	6	44	7.1197052e+02
1	2	6	45	6.7233618e+02
1	2	6	46	6.8556519e+02
1	2	6	47	6.4276263e+02
1	2	6	48	6.6794531e+02
1	2	6	49	6.6620667e+02
1	2	6	50	7.0781360e+02
1	2	6	51	1.1991858e+03
1	2	6	52	1.3444137e+03
1	2	6	53	9.6499792e+02
1	2	6	54	9.2809540e+02
1	2	6	55	9.1640381e+02
1	2	6	56	1.0253188e+03
1	2	6	57	1.1132488e+03
1	2	6	58	1.1171862e+03
1	2	6	59	9.8930969e+02
1	2	6	60	9.2994135e+02
1	2	6	61	8.8564587e+02
1	2	6	62	9.5080768e+02
1	2	6	63	9.2846198e+02
1	2	7	0	4.1281485e+02
1	2	7	1	4.1238721e+02
1	2	7	2	4.3850818e+02
1	2	7	3	3.6103723e+02
1	2	7	4	4.2048422e+02
1	2	7	5	3.9424002e+02
1	2	7	6	3.9717673e+02
1	2	7	7	4.4914185e+02
1	2	7	8	3.6262946e+02
1	2	7	9	4.5682077e+02
1	2	7	10	3.4090631e+02
1	2	7	11	4.5897144e+02
1	2	7	12	3.8935162e+02
1	2	7	13	3.8102716e+02
1	2	7	14	2.3559045e+02
1	2	7	15	3.5907449e+02
1	2	7	16	2.0509850e+02
1	2	7	17	2.5970834e+02
1	2	7	18	2.2451436e+02
1	2	7	19	2.8460062e+02
1	2	7	20	2.3613705e+02
1	2	7	21	1.5708427e+02
1	2	7	22	2.9431927e+02
1	2	7	23	2.3912039e+02
1	2	7	24	2.1004552e+02
1	2	7	25	3.1918250e+02
1	2	7	26	2.0954536e+02
1	2	7	27	2.3419496e+02
1	2	7	28	2.6729443e+02
1	2	7	29	3.1560477e+02
1	2	7	30	3.4178271e+02
1	2	7	31	2.0743762e+02
1	2	7	32	2.5188850e+02
1	2	7	33	2.3514656e+02
1	2	7	34	8.9604608e+02
1	2	7	35	9.0249762e+02
1	2	7	36	9.4482990e+02
1	2	7	37	8.8771313e+02
1	2	7	38	9.2292291e+02
1	2	7	39	9.7157111e+02
1	2	7	40	1.0166381e+03
1	2	7	41	1.0109975e+03
1	2	7	42	1.0338586e+03
1	2	7	43	9.3718219e+02
1	2	7	44	1.0676515e+03
1	2	7	45	1.0161713e+03
1	2	7	46	1.0322716e+03
1	2	7	47	9.9035522e+02
1	2	7	48	1.0900054e+03
1	2	7	49	9.8156451e+02
1	2	7	50	1.0675281e+03
1	2	7	51	1.5854611e+03
1	2	7	52	1.6115480e+03
1	2	7	53	1.1845662e+03
1	2	7	54	1.2211140e+03
1	2	7	55	1.2643467e+03
1	2	7	56	1.4096071e+03
1	2	7	57	1.2870712e+03
1	2	7	58	1.2117369e+03
1	2	7	59	1.2460879e+03
1	2	7	60	1.2875137e+03
1	2	7	61	1.1612916e+03
1	2	7	62	1.2412349e+03
1	2	7	63	1.3541660e+03
1	2	8	0	1.9348253e+01
1	2	8	1	-1.0268166e+02
1	2	8	2	-3.4956657e+01
1	2	8	3	3.3304859e+01
1	2	8	4	-1.5271277e+02
1	2	8	5	-4.4466263e+01
1	2	8	6	-2.3152031e+02
1	2	8	7	-7.2974997e+00
1	2	8	8	-2.7748941e+01
1	2	8	9	-3.9460716e+01
1	2	8	10	-6.0967812e+01
1	2	8	11	2.6523845e+00
1	2	8	12	-1.5181989e+02
1	2	8	13	-1.0175423e+02
1	2	8	14	-4.9796375e+01
1	2	8	15	-6.6286613e+01
1	2	8	16	-1.3639215e+02
1	2	8	17	-1.4211441e+02
1	2	8	18	-7.8325836e+01
1	2	8	19	-1.8641367e+02
1	2	8	20	-6.3915138e+01
1	2	8	21	-9.2909554e+01
1	2	8	22	-1.7245750e+02
1	2	8	23	-2.1019777e+02
1	2	8	24	-1.6240717e+02
1	2	8	25	-1.9686230e+02
1	2	8	26	-2.6025568e+02
1	2	8	27	-2.4074829e+02
1	2	8	28	-1.8297060e+02
1	2	8	29	-2.4726523e+02
1	2	8	30	-1.5435594e+02
1	2	8	31	-2.9111264e+02
1	2	8	32	-3.0260388e+02
1	2	8	33	-3.2854749e+02
1	2	8	34	4.1773474e+02
1	2	8	35	4.5033264e+02
1	2	8	36	4.6346558e+02
1	2	8	37	4.3011752e+02
1	2	8	38	3.4270233e+02
1	2	8	39	3.7140671e+02
1	2	8	40	3.9772632e+02
1	2	8	41	2.6915939e+02
1	2	8	42	3.5347964e+02
1	2	8	43	3.6766208e+02
1	2	8	44	4.4384055e+02
1	2	8	45	3.1706976e+02
1	2	8	46	3.2634262e+02
1	2	8	47	2.9792386e+02
1	2	8	48	3.5204074e+02
1	2	8	49	3.5804639e+02
1	2	8	50	4.6304080e+02
1	2	8	51	9.9260571e+02
1	2	8	52	1.0354075e+03
1	2	8	53	5.2986896e+02
1	2	8	54	6.2854401e+02
1	2	8	55	6.5878467e+02
1	2	8	56	8.0271893e+02
1	2	8	57	9.0174603e+02
1	2	8	58	8.0169617e+02
1	2	8	59	6.5303052e+02
1	2	8	60	6.8583307e+02
1	2	8	61	6.3245215e+02
1	2	8	62	7.0025537e+02
1	2	8	63	7.1793713e+02
1	2	9	0	3.5121475e+02
1	2	9	1	3.0941327e+02
1	2	9	2	3.1841635e+02
1	2	9	3	3.0422708e+02
1	2	9	4	3.0368179e+02
1	2	9	5	1.9059839e+02
1	2	9	6	3.1722452e+02
1	2	9	7	2.4833730e+02
1	2	9	8	2.3759456e+02
1	2	9	9	3.0101862e+02
1	2	9	10	1.7362967e+02
1	2	9	11	3.2984067e+02
1	2	9	12	1.1623698e+02
1	2	9	13	2.8124829e+02
1	2	9	14	2.1969576e+02
1	2	9	15	2.3222101e+02
1	2	9	16	1.1916601e+02
1	2	9	17	1.0671639e+02
1	2	9	18	1.5495782e+02
1	2	9	19	1.5992984e+02
1	2	9	20	1.8461452e+02
1	2	9	21	1.1651810e+02
1	2	9	22	8.2675980e+01
1	2	9	23	2.1118900e+02
1	2	9	24	1.6578264e+02
1	2	9	25	1.1033235e+02
1	2	9	26	8.2131256e+01
1	2	9	27	2.3142351e+02
1	2	9	28	1.9666554e+02
1	2	9	29	1.6505168e+02
1	2	9	30	2.8913031e+02
1	2	9	31	1.9267113e+02
1	2	9	32	1.2216416e+02
1	2	9	33	1.6235533e+02
1	2	9	34	8.5093561e+02
1	2	9	35	7.7675751e+02
1	2	9	36	8.8134277e+02
1	2	9	37	8.9686316e+02
1	2	9	38	8.2349902e+02
1	2	9	39	8.2076544e+02
1	2	9	40	9.1070844e+02
1	2	9	41	7.8479462e+02
1	2	9	42	9.7138916e+02
1	2	9	43	7.5363788e+02
1	2	9	44	1.0345103e+03
1	2	9	45	8.6884216e+02
1	2	9	46	9.0920264e+02
1	2	9	47	9.2833710e+02
1	2	9	48	8.5719855e+02
1	2	9	49	9.3221387e+02
1	2	9	50	8.8674634e+02
1	2	9	51	1.4385328e+03
1	2	9	52	1.5166302e+03
1	2	9	53	1.0978743e+03
1	2	9	54	1.1264668e+03
1	2	9	55	1.2237544e+03
1	2	9	56	1.3249744e+03
1	2	9	57	1.2442686e+03
1	2	9	58	1.0861405e+03
1	2	9	59	1.0521337e+03
1	2	9	60	1.1894395e+03
1	2	9	61	1.0522584e+03
1	2	9	62	1.1050651e+03
1	2	9	63	1.2205741e+03
1	2	10	0	4.0194507e+02
1	2	10	1	3.7672144e+02
1	2	10	2	3.4333224e+02
1	2	10	3	3.6607709e+02
1	2	10	4	2.2216534e+02
1	2	10	5	3.4160532e+02
1	2	10	6	3.5363745e+02
1	2	10	7	5.9199451e+02
1	2	10	8	3.3891187e+02
1	2	10	9	4.4060605e+02
1	2	10	10	3.1490335e+02
1	2	10	11	2.5296001e+02
1	2	10	12	2.0662959e+02
1	2	10	13	3.2856863e+02
1	2	10	14	3.6094049e+02
1	2	10	15	4.2748047e+02
1	2	10	16	1.5422005e+02
1	2	10	17	1.6591098e+02
1	2	10	18	2.1584036e+02
1	2	10	19	1.6987506e+02
1	2	10	20	2.4890044e+02
1	2	10	21	2.9114752e+02
1	2	10	22	2.4295467e+02
1	2	10	23	2.3322533e+02
1	2	10	24	4.9520466e+01
1	2	10	25	2.1228291e+02
1	2	10	26	9.9742027e+01
1	2	10	27	1.4108801e+02
1	2	10	28	1.7095847e+02
1	2	10	29	1.7245340e+02
1	2	10	30	1.6111728e+02
1	2	10	31	1.6088054e+02
1	2	10	32	1.0275232e+02
1	2	10	33	5.4520355e+01
1	2	10	34	6.9819232e+02
1	2	10	35	8.3162830e+02
1	2	10	36	6.7525513e+02
1	2	10	37	7.0619788e+02
1	2	10	38	7.8626154e+02
1	2	10	39	6.9731049e+02
1	2	10	40	8.3786011e+02
1	2	10	41	7.4305725e+02
1	2	10	42	7.8962762e+02
1	2	10	43	7.9505768e+02
1	2	10	44	8.3833093e+02
1	2	10	45	6.9349310e+02
1	2	10	46	8.0654382e+02
1	2	10	47	6.9717157e+02
1	2	10	48	7.6703284e+02
1	2	10	49	8.0973505e+02
1	2	10	50	8.3594611e+02
1	2	10	51	1.4554320e+03
1	2	10	52	1.3650656e+03
1	2	10	53	1.0859781e+03
1	2	10	54	1.0090111e+03
1	2	10	55	1.0274197e+03
1	2	10	56	1.1009368e+03
1	2	10	57	1.1798464e+03
1	2	10	58	1.1536998e+03
1	2	10	59	1.0907495e+03
1	2	10	60	1.0929597e+03
1	2	10	61	1.0390841e+03
1	2	10	62	1.0824458e+03
1	2	10	63	1.1212090e+03
1	2	11	0	3.9755115e+02
1	2	11	1	4.1764868e+02
1	2	11	2	3.7908899e+02
1	2	11	3	3.7614578e+02
1	2	11	4	3.8232281e+02
1	2	11	5	3.5728604e+02
1	2	11	6	3.3720691e+02
1	2	11	7	3.8740402e+02
1	2	11	8	3.3539108e+02
1	2	11	9	-8.7060303e+03
1	2	11	10	3.3764273e+02
1	2	11	11	4.7107053e+02
1	2	11	12	2.1932712e+02
1	2	11	13	3.9317905e+02
1	2	11	14	2.7557065e+02
1	2	11	15	3.3237439e+02
1	2	11	16	1.6649431e+02
1	2	11	17	2.8163242e+02
1	2	11	18	2.7682401e+02
1	2	11	19	3.9568469e+02
1	2	11	20	2.4364607e+02
1	2	11	21	2.7478662e+02
1	2	11	22	2.7428433e+02
1	2	11	23	3.3195242e+02
1	2	11	24	2.1456322e+02
1	2	11	25	2.2090039e+02
1	2	11	26	3.5102963e+02
1	2	11	27	2.4014046e+02
1	2	11	28	2.6020355e+02
1	2	11	29	3.0726556e+02
1	2	11	30	2.3046442e+02
1	2	11	31	1.6626784e+02
1	2	11	32	1.8946312e+02
1	2	11	33	3.1238531e+02
1	2	11	34	9.7493854e+02
1	2	11	35	-8.7060303e+03
1	2	11	36	9.6974847e+02
1	2	11	37	9.4590424e+02
1	2	11	38	9.3141895e+02
1	2	11	39	1.1217140e+03
1	2	11	40	1.0708759e+03
1	2	11	41	9.9344928e+02
1	2	11	42	1.0568097e+03
1	2	11	43	9.6167950e+02
1	2	11	44	1.1771320e+03
1	2	11	45	9.2493451e+02
1	2	11	46	1.0261649e+03
1	2	11	47	9.8983575e+02
1	2	11	48	9.8743457e+02
1	2	11	49	1.0926421e+03
1	2	11	50	1.1403962e+03
1	2	11	51	1.5528708e+03
1	2	11	52	1.6836133e+03
1	2	11	53	1.1861348e+03
1	2	11	54	1.2127981e+03
1	2	11	55	1.2246423e+03
1	2	11	56	1.3675593e+03
1	2	11	57	1.3047693e+03
1	2	11	58	1.2511843e+03
1	2	11	59	1.1919066e+03
1	2	11	60	1.3679185e+03
1	2	11	61	1.1581147e+03
1	2	11	62	1.1338915e+03
1	2	11	63	1.3661432e+03
1	2	12	0	5.5146301e+02
1	2	12	1	4.7531116e+02
1	2	12	2	5.1606207e+02
1	2	12	3	5.2246271e+02
1	2	12	4	4.2506006e+02
1	2	12	5	4.4593161e+02
1	2	12	6	3.7904599e+02
1	2	12	7	5.3761926e+02
1	2	12	8	4.2865097e+02
1	2	12	9	4.8727975e+02
1	2	12	10	3.3804251e+02
1	2	12	11	4.3540598e+02
1	2	12	12	3.7725604e+02
1	2	12	13	4.2729053e+02
1	2	12	14	4.3582788e+02
1	2	12	15	4.6018527e+02
1	2	12	16	3.7207748e+02
1	2	12	17	3.2109381e+02
1	2	12	18	3.2533047e+02
1	2	12	19	2.9424255e+02
1	2	12	20	3.4165396e+02
1	2	12	21	4.4671854e+02
1	2	12	22	4.5001331e+02
1	2	12	23	3.3152399e+02
1	2	12	24	2.6095300e+02
1	2	12	25	3.6861530e+02
1	2	12	26	3.0252573e+02
1	2	12	27	2.9023856e+02
1	2	12	28	-4.3053638e+03
1	2	12	29	2.9107150e+02
1	2	12	30	1.8402023e+02
1	2	12	31	1.8463927e+02
1	2	12	32	2.1611514e+02
1	2	12	33	1.9789320e+02
1	2	12	34	9.0168262e+02
1	2	12	35	9.3246289e+02
1	2	12	36	9.4311194e+02
1	2	12	37	8.9415381e+02
1	2	12	38	8.9159979e+02
1	2	12	39	9.5791400e+02
1	2	12	40	8.8076703e+02
1	2	12	41	8.1614551e+02
1	2	12	42	9.4163135e+02
1	2	12	43	9.1830524e+02
1	2	12	44	9.5517621e+02
1	2	12	45	9.5031927e+02
1	2	12	46	-8.7060303e+03
1	2	12	47	8.2047699e+02
1	2	12	48	9.4119110e+02
1	2	12	49	8.8741815e+02
1	2	12	50	9.4332068e+02
1	2	12	51	1.5140439e+03
1	2	12	52	1.5078340e+03
1	2	12	53	1.1160294e+03
1	2	12	54	1.1377450e+03
1	2	12	55	1.1575381e+03
1	2	12	56	1.3179823e+03
1	2	12	57	1.3784708e+03
1	2	12	58	1.3160309e+03
1	2	12	59	1.1245105e+03
1	2	12	60	1.2096047e+03
1	2	12	61	1.1332489e+03
1	2	12	62	1.2265439e+03
1	2	12	63	1.2467157e+03
1	2	13	0	6.8274066e+02
1	2	13	1	6.2353058e+02
1	2	13	2	6.0803552e+02
1	2	13	3	5.9506805e+02
1	2	13	4	5.7341125e+02
1	2	13	5	6.6337274e+02
1	2	13	6	5.9518121e+02
1	2	13	7	5.3731293e+02
1	2	13	8	5.7065576e+02
1	2	13	9	5.9324255e+02
1	2	13	10	-4.9166467e+02
1	2	13	11	6.0438660e+02
1	2	13	12	5.2887549e+02
1	2	13	13	5.0230981e+02
1	2	13	14	4.2106174e+02
1	2	13	15	4.9491031e+02
1	2	13	16	3.6322256e+02
1	2	13	17	3.3164740e+02
1	2	13	18	3.6228488e+02
1	2	13	19	4.0918951e+02
1	2	13	20	4.4769699e+02
1	2	13	21	4.2339548e+02
1	2	13	22	4.4697083e+02
1	2	13	23	5.3102466e+02
1	2	13	24	4.2067487e+02
1	2	13	25	5.2027875e+02
1	2	13	26	4.7091968e+02
1	2	13	27	4.9118243e+02
1	2	13	28	4.5152850e+02
1	2	13	29	4.8391525e+02
1	2	13	30	4.5868707e+02
1	2	13	31	3.6225333e+02
1	2	13	32	3.8173972e+02
1	2	13	33	4.1270996e+02
1	2	13	34	1.0421348e+03
1	2	13	35	1.0390288e+03
1	2	13	36	1.0892676e+03
1	2	13	37	1.0983705e+03
1	2	13	38	1.0412665e+03
1	2	13	39	1.1056705e+03
1	2	13	40	1.1152510e+03
1	2	13	41	1.1443928e+03
1	2	13	42	1.1352251e+03
1	2	13	43	1.0302781e+03
1	2	13	44	1.1696115e+03
1	2	13	45	1.1257644e+03
1	2	13	46	1.1394296e+03
1	2	13	47	1.1655006e+03
1	2	13	48	1.2034893e+03
1	2	13	49	1.1089600e+03
1	2	13	50	1.2250939e+03
1	2	13	51	1.7014410e+03
1	2	13	52	1.6905100e+03
1	2	13	53	1.3746156e+03
1	2	13	54	1.4199739e+03
1	2	13	55	1.4323058e+03
1	2	13	56	1.5549675e+03
1	2	13	57	1.5201044e+03
1	2	13	58	1.3471958e+03
1	2	13	59	1.3583478e+03
1	2	13	60	1.3817186e+03
1	2	13	61	1.2670352e+03
1	2	13	62	1.3466893e+03
1	2	13	63	1.4883408e+03
1	2	14	0	5.9581714e+02
1	2	14	1	3.9881812e+02
1	2	14	2	5.2471490e+02
1	2	14	3	5.2866956e+02
1	2	14	4	3.8449323e+02
1	2	14	5	3.2015280e+02
1	2	14	6	4.1833185e+02
1	2	14	7	5.1558160e+02
1	2	14	8	4.8272250e+02
1	2	14	9	6.2850031e+02
1	2	14	10	3.7647232e+02
1	2	14	11	4.9861868e+02
1	2	14	12	4.7807822e+02
1	2	14	13	4.0858743e+02
1	2	14	14	4.7529642e+02
1	2	14	15	4.4799197e+02
1	2	14	16	2.9843179e+02
1	2	14	17	3.0739316e+02
1	2	14	18	3.9100208e+02
1	2	14	19	3.2224750e+02
1	2	14	20	5.5249390e+02
1	2	14	21	3.9547955e+02
1	2	14	22	3.3605524e+02
1	2	14	23	3.5277631e+02
1	2	14	24	2.6949915e+02
1	2	14	25	3.0117841e+02
1	2	14	26	3.3144699e+02
1	2	14	27	2.7868527e+02
1	2	14	28	2.8897769e+02
1	2	14	29	2.5243239e+02
1	2	14	30	3.1424329e+02
1	2	14	31	2.7152219e+02
1	2	14	32	2.3174896e+02
1	2	14	33	2.3397816e+02
1	2	14	34	8.6530884e+02
1	2	14	35	9.9761108e+02
1	2	14	36	1.0148821e+03
1	2	14	37	9.9245898e+02
1	2	14	38	9.6269220e+02
1	2	14	39	9.5334821e+02
1	2	14	40	9.7208551e+02
1	2	14	41	8.7908954e+02
1	2	14	42	9.2853522e+02
1	2	14	43	1.0314745e+03
1	2	14	44	1.0321422e+03
1	2	14	45	8.9117749e+02
1	2	14	46	9.6087262e+02
1	2	14	47	9.6722388e+02
1	2	14	48	9.2699329e+02
1	2	14	49	1.0046639e+03
1	2	14	50	1.0355305e+03
1	2	14	51	1.6287858e+03
1	2	14	52	1.5018560e+03
1	2	14	53	1.1723529e+03
1	2	14	54	1.2737511e+03
1	2	14	55	1.1754263e+03
1	2	14	56	1.2972883e+03
1	2	14	57	1.4140059e+03
1	2	14	58	1.3805688e+03
1	2	14	59	1.2765458e+03
1	2	14	60	1.1562555e+03
1	2	14	61	1.1636235e+03
1	2	14	62	1.3558120e+03
1	2	14	63	1.2157570e+03
1	2	15	0	6.1969202e+02
1	2	15	1	6.0403674e+02
1	2	15	2	5.7599426e+02
1	2	15	3	5.6675592e+02
1	2	15	4	5.9372198e+02
1	2	15	5	6.3525293e+02
1	2	15	6	5.4599310e+02
1	2	15	7	5.1634186e+02
1	2	15	8	5.6392261e+02
1	2	15	9	6.2473553e+02
1	2	15	10	5.1480029e+02
1	2	15	11	5.8352423e+02
1	2	15	12	4.2951114e+02
1	2	15	13	5.1341394e+02
1	2	15	14	5.9336719e+02
1	2	15	15	4.6023981e+02
1	2	15	16	5.2947681e+02
1	2	15	17	4.4714676e+02
1	2	15	18	3.6238156e+02
1	2	15	19	4.6826166e+02
1	2	15	20	3.7641565e+02
1	2	15	21	4.6809702e+02
1	2	15	22	4.1835870e+02
1	2	15	23	6.0010999e+02
1	2	15	24	4.2886575e+02
1	2	15	25	5.4350970e+02
1	2	15	26	4.4730945e+02
1	2	15	27	4.4600787e+02
1	2	15	28	4.6864386e+02
1	2	15	29	5.0624554e+02
1	2	15	30	4.6258447e+02
1	2	15	31	3.9061237e+02
1	2	15	32	3.6771848e+02
1	2	15	33	5.3756104e+02
1	2	15	34	1.0900487e+03
1	2	15	35	1.0829719e+03
1	2	15	36	1.2787926e+03
1	2	15	37	1.2630410e+03
1	2	15	38	1.1742281e+03
1	2	15	39	1.1458923e+03
1	2	15	40	1.2689275e+03
1	2	15	41	1.1863372e+03
1	2	15	42	1.2099730e+03
1	2	15	43	1.1413335e+03
1	2	15	44	1.2348715e+03
1	2	15	45	1.2426261e+03
1	2	15	46	1.2901910e+03
1	2	15	47	1.3549287e+03
1	2	15	48	1.2810137e+03
1	2	15	49	1.1353367e+03
1	2	15	50	1.1909214e+03
1	2	15	51	1.8975063e+03
1	2	15	52	1.9382054e+03
1	2	15	53	1.4618118e+03
1	2	15	54	1.4874248e+03
1	2	15	55	1.5448079e+03
1	2	15	56	1.6649561e+03
1	2	15	57	1.6585736e+03
1	2	15	58	1.5068899e+03
1	2	15	59	1.4745109e+03
1	2	15	60	1.6302822e+03
1	2	15	61	1.4237880e+03
1	2	15	62	1.5302164e+03
1	2	15	63	1.6491000e+03
