0	0	0	0	-5.1998606e+00
0	0	0	1	-1.1537563e+02
0	0	0	2	6.2292294e+01
0	0	0	3	-8.4030060e+01
0	0	0	4	-6.0893047e+01
0	0	0	5	-5.7834717e+01
0	0	0	6	-4.8887379e+01
0	0	0	7	-5.4732719e+01
0	0	0	8	-6.7778381e+01
0	0	0	9	4.0471764e+01
0	0	0	10	-7.5939026e+01
0	0	0	11	1.2785848e+01
0	0	0	12	-1.6495702e+02
0	0	0	13	-9.7763863e+01
0	0	0	14	-8.8391914e+01
0	0	0	15	-3.7618999e+01
0	0	0	16	-1.6515779e+02
0	0	0	17	-2.1084814e+02
0	0	0	18	-1.0989399e+02
0	0	0	19	-2.1951910e+02
0	0	0	20	-1.7208607e+02
0	0	0	21	-1.5616043e+02
0	0	0	22	-2.1189394e+02
0	0	0	23	-1.4345973e+02
0	0	0	24	-1.7756754e+02
0	0	0	25	-1.2178757e+02
0	0	0	26	-2.0298048e+02
0	0	0	27	-1.8001443e+02
0	0	0	28	-1.4907362e+02
0	0	0	29	-1.7910680e+02
0	0	0	30	-1.5937709e+02
0	0	0	31	-1.3317886e+02
0	0	0	32	-1.5669717e+02
0	0	0	33	-1.9911365e+02
0	0	0	34	4.2640170e+02
0	0	0	35	4.0689517e+02
0	0	0	36	3.8650977e+02
0	0	0	37	3.6866757e+02
0	0	0	38	3.8555005e+02
0	0	0	39	4.7018622e+02
0	0	0	40	3.5503873e+02
0	0	0	41	4.0146475e+02
0	0	0	42	4.8379175e+02
0	0	0	43	4.6018945e+02
0	0	0	44	4.9383105e+02
0	0	0	45	4.2986847e+02
0	0	0	46	5.1952606e+02
0	0	0	47	4.5630313e+02
0	0	0	48	4.8337714e+02
0	0	0	49	3.8909222e+02
0	0	0	50	4.1580344e+02
0	0	0	51	8.7568250e+02
0	0	0	52	9.1445770e+02
0	0	0	53	5.5100073e+02
0	0	0	54	6.0274188e+02
0	0	0	55	6.4081464e+02
0	0	0	56	8.1630774e+02
0	0	0	57	7.2825684e+02
0	0	0	58	6.5671552e+02
0	0	0	59	6.1141272e+02
0	0	0	60	6.7191656e+02
0	0	0	61	5.1164047e+02
0	0	0	62	5.8009680e+02
0	0	0	63	6.7810706e+02
0	0	1	0	1.9527824e+02
0	0	1	1	1.2970039e+02
0	0	1	2	7.3327682e+01
0	0	1	3	6.8479881e+01
0	0	1	4	3.4553265e+01
0	0	1	5	1.9519006e+02
0	0	1	6	5.7272671e+01
0	0	1	7	1.0803677e+02
0	0	1	8	3.8850235e+01
0	0	1	9	7.4904205e+01
0	0	1	10	1.3124025e+02
0	0	1	11	2.1015627e+01
0	0	1	12	3.3992645e+01
0	0	1	13	8.4142426e+01
0	0	1	14	-1.8218517e+01
0	0	1	15	4.0089493e+01
0	0	1	16	9.0277929e+00
0	0	1	17	1.0869746e+02
0	0	1	18	1.0458423e+02
0	0	1	19	9.8097740e+01
0	0	1	20	2.6276383e+00
0	0	1	21	3.6061108e+00
0	0	1	22	-1.1240047e+00
0	0	1	23	1.0411519e+01
0	0	1	24	3.5980644e+01
0	0	1	25	3.8498840e+01
0	0	1	26	-6.6877167e+01
0	0	1	27	2.1639984e+01
0	0	1	28	5.1294460e+00
0	0	1	29	-3.7948608e+01
0	0	1	30	4.4775780e+01
0	0	1	31	-5.4236961e+01
0	0	1	32	-2.7733494e+01
0	0	1	33	-5.1132282e+01
0	0	1	34	4.4386490e+02
0	0	1	35	4.3903311e+02
0	0	1	36	4.7478021e+02
0	0	1	37	4.5733704e+02
0	0	1	38	5.6382086e+02
0	0	1	39	4.3695892e+02
0	0	1	40	5.0119211e+02
0	0	1	41	4.3325449e+02
0	0	1	42	4.8147638e+02
0	0	1	43	4.5661798e+02
0	0	1	44	4.5704205e+02
0	0	1	45	4.9389609e+02
0	0	1	46	4.9507263e+02
0	0	1	47	4.3743811e+02
0	0	1	48	4.6689175e+02
0	0	1	49	3.9071109e+02
0	0	1	50	4.8546307e+02
0	0	1	51	9.6867072e+02
0	0	1	52	9.4835382e+02
0	0	1	53	6.2014844e+02
0	0	1	54	6.7522534e+02
0	0	1	55	6.3992938e+02
0	0	1	56	7.6760559e+02
0	0	1	57	7.5600934e+02
0	0	1	58	7.2738647e+02
0	0	1	59	6.8045508e+02
0	0	1	60	7.2091296e+02
0	0	1	61	7.0822174e+02
0	0	1	62	7.0802435e+02
0	0	1	63	7.4417328e+02
0	0	2	0	1.9007607e+02
0	0	2	1	1.0052741e+02
0	0	2	2	1.5778464e+02
0	0	2	3	1.6190154e+02
0	0	2	4	1.3183269e+02
0	0	2	5	1.3499695e+02
0	0	2	6	1.7767549e+02
0	0	2	7	1.7435538e+02
0	0	2	8	1.3861377e+02
0	0	2	9	2.8731885e+02
0	0	2	10	8.8663979e+01
0	0	2	11	1.4095673e+02
0	0	2	12	-7.8031769e+00
0	0	2	13	8.3001038e+01
0	0	2	14	1.2094440e+02
0	0	2	15	1.6117293e+02
0	0	2	16	7.2393303e+01
0	0	2	17	2.5991680e+01
0	0	2	18	-1.6294292e+01
0	0	2	19	1.8339069e+01
0	0	2	20	1.3596405e+01
0	0	2	21	7.8238503e+01
0	0	2	22	6.9050629e+01
0	0	2	23	6.0319637e+01
0	0	2	24	-2.0119572e+01
0	0	2	25	5.3384785e+01
0	0	2	26	1.4668365e+02
0	0	2	27	5.8959221e+01
0	0	2	28	2.0246885e+01
0	0	2	29	7.1094627e+01
0	0	2	30	8.8971581e+01
0	0	2	31	3.3206627e+01
0	0	2	32	1.8161339e+01
0	0	2	33	5.2011692e+01
0	0	2	34	5.0683542e+02
0	0	2	35	5.6640326e+02
0	0	2	36	6.0855237e+02
0	0	2	37	5.6644897e+02
0	0	2	38	5.3660040e+02
0	0	2	39	5.4345135e+02
0	0	2	40	5.8144287e+02
0	0	2	41	5.2364117e+02
0	0	2	42	5.9058966e+02
0	0	2	43	6.0924408e+02
0	0	2	44	5.4971027e+02
0	0	2	45	5.4908984e+02
0	0	2	46	5.9304803e+02
0	0	2	47	5.8451654e+02
0	0	2	48	6.3932715e+02
0	0	2	49	6.4131940e+02
0	0	2	50	5.5287573e+02
0	0	2	51	1.0950485e+03
0	0	2	52	1.0707853e+03
0	0	2	53	7.9223267e+02
0	0	2	54	9.0864581e+02
0	0	2	55	8.1222565e+02
0	0	2	56	9.6894025e+02
0	0	2	57	8.6179999e+02
0	0	2	58	8.2063910e+02
0	0	2	59	7.9924792e+02
0	0	2	60	8.9954028e+02
0	0	2	61	7.7949646e+02
0	0	2	62	7.8393152e+02
0	0	2	63	8.8528760e+02
0	0	3	0	1.3102458e+02
0	0	3	1	7.6015272e+00
0	0	3	2	-3.2038197e+01
0	0	3	3	-6.3558109e+01
0	0	3	4	-6.5818428e+01
0	0	3	5	2.4888594e+01
0	0	3	6	-6.6046524e+01
0	0	3	7	-1.0797952e+01
0	0	3	8	-3.6552845e+01
0	0	3	9	-9.0034199e+00
0	0	3	10	-8.7828436e+00
0	0	3	11	-5.4081837e+01
0	0	3	12	-7.8673447e+01
0	0	3	13	-5.5199760e+01
0	0	3	14	-8.5022568e+01
0	0	3	15	-1.5545903e+01
0	0	3	16	-7.6916412e+01
0	0	3	17	-3.0649624e+01
0	0	3	18	-1.1328989e+02
0	0	3	19	-7.6972366e+01
0	0	3	20	-1.7514296e+02
0	0	3	21	-1.6742036e+02
0	0	3	22	-9.6698929e+01
0	0	3	23	-7.7601448e+01
0	0	3	24	-2.2614917e+02
0	0	3	25	-1.6946730e+02
0	0	3	26	-1.6456122e+02
0	0	3	27	-1.1773125e+02
0	0	3	28	-1.9495447e+02
0	0	3	29	-2.2005594e+02
0	0	3	30	-2.2247583e+02
0	0	3	31	-1.9123434e+02
0	0	3	32	-1.7426595e+02
0	0	3	33	-2.3321579e+02
0	0	3	34	3.5505615e+02
0	0	3	35	2.7161243e+02
0	0	3	36	2.8005502e+02
0	0	3	37	2.4917058e+02
0	0	3	38	3.5452121e+02
0	0	3	39	2.7637885e+02
0	0	3	40	3.0514941e+02
0	0	3	41	2.9859329e+02
0	0	3	42	3.1411337e+02
0	0	3	43	3.0086795e+02
0	0	3	44	3.3471259e+02
0	0	3	45	2.1827769e+02
0	0	3	46	2.9661023e+02
0	0	3	47	2.2265894e+02
0	0	3	48	2.1890123e+02
0	0	3	49	2.9373877e+02
0	0	3	50	2.8380457e+02
0	0	3	51	6.6585352e+02
0	0	3	52	7.3146063e+02
0	0	3	53	4.7618607e+02
0	0	3	54	5.1570117e+02
0	0	3	55	5.2531842e+02
0	0	3	56	6.1742188e+02
0	0	3	57	6.1888300e+02
0	0	3	58	5.3501367e+02
0	0	3	59	5.2658313e+02
0	0	3	60	4.8891971e+02
0	0	3	61	4.8093628e+02
0	0	3	62	4.7080185e+02
0	0	3	63	5.1093118e+02
0	0	4	0	-1.3154268e+02
0	0	4	1	-1.5411644e+02
0	0	4	2	-8.3698868e+01
0	0	4	3	-1.6552115e+02
0	0	4	4	-1.3436600e+02
0	0	4	5	-1.0379283e+02
0	0	4	6	-8.0063545e+01
0	0	4	7	-1.5369958e+02
0	0	4	8	-1.9587651e+02
0	0	4	9	-9.6686127e+01
0	0	4	10	-1.6717334e+02
0	0	4	11	-1.1155994e+02
0	0	4	12	-2.1177980e+02
0	0	4	13	-1.6948370e+02
0	0	4	14	-1.6046689e+02
0	0	4	15	-1.7486389e+02
0	0	4	16	-2.6353311e+02
0	0	4	17	-3.1368442e+02
0	0	4	18	-2.6584930e+02
0	0	4	19	-3.0927191e+02
0	0	4	20	-2.6608362e+02
0	0	4	21	-3.2011456e+02
0	0	4	22	-2.2752582e+02
0	0	4	23	-2.7825586e+02
0	0	4	24	-2.6514771e+02
0	0	4	25	-2.2487056e+02
0	0	4	26	-2.2623372e+02
0	0	4	27	-1.5948085e+02
0	0	4	28	-2.3646503e+02
0	0	4	29	-2.7439041e+02
0	0	4	30	-2.4699792e+02
0	0	4	31	-2.4425743e+02
0	0	4	32	-2.6048801e+02
0	0	4	33	-2.9275500e+02
0	0	4	34	3.1316187e+02
0	0	4	35	2.8582706e+02
0	0	4	36	3.0024872e+02
0	0	4	37	2.7048059e+02
0	0	4	38	2.8311215e+02
0	0	4	39	2.7863022e+02
0	0	4	40	3.0891364e+02
0	0	4	41	3.0682016e+02
0	0	4	42	2.9290488e+02
0	0	4	43	3.2886230e+02
0	0	4	44	4.3359113e+02
0	0	4	45	3.5238333e+02
0	0	4	46	4.0334494e+02
0	0	4	47	3.2791238e+02
0	0	4	48	4.5916101e+02
0	0	4	49	4.0716864e+02
0	0	4	50	3.2477991e+02
0	0	4	51	8.6688007e+02
0	0	4	52	8.6304358e+02
0	0	4	53	5.0769409e+02
0	0	4	54	5.6951855e+02
0	0	4	55	6.3706982e+02
0	0	4	56	6.7650464e+02
0	0	4	57	6.7496118e+02
0	0	4	58	5.7724872e+02
0	0	4	59	5.7466571e+02
0	0	4	60	5.8569934e+02
0	0	4	61	5.0966473e+02
0	0	4	62	4.8855960e+02
0	0	4	63	5.9290674e+02
0	0	5	0	-1.5257472e+02
0	0	5	1	-2.2245638e+02
0	0	5	2	-3.1776755e+02
0	0	5	3	-2.5021089e+02
0	0	5	4	-3.0723312e+02
0	0	5	5	-2.3500691e+02
0	0	5	6	-2.6919659e+02
0	0	5	7	-1.6221332e+02
0	0	5	8	-2.3536679e+02
0	0	5	9	-2.7345514e+02
0	0	5	10	-2.0294380e+02
0	0	5	11	-3.0814288e+02
0	0	5	12	-3.4099588e+02
0	0	5	13	-2.7581595e+02
0	0	5	14	-2.9651627e+02
0	0	5	15	-2.1950195e+02
0	0	5	16	-1.8233795e+02
0	0	5	17	-3.2474182e+02
0	0	5	18	-3.5502994e+02
0	0	5	19	-2.0476678e+02
0	0	5	20	-3.6305344e+02
0	0	5	21	-3.7911633e+02
0	0	5	22	-3.2042358e+02
0	0	5	23	-3.6480130e+02
0	0	5	24	-3.8219138e+02
0	0	5	25	-3.3871552e+02
0	0	5	26	-3.5922247e+02
0	0	5	27	-3.8321066e+02
0	0	5	28	-3.8235712e+02
0	0	5	29	-4.6034244e+02
0	0	5	30	-3.7225647e+02
0	0	5	31	-4.2247949e+02
0	0	5	32	-4.2012689e+02
0	0	5	33	-4.3284906e+02
0	0	5	34	6.0075790e+01
0	0	5	35	5.0512596e+01
0	0	5	36	1.1234151e+02
0	0	5	37	1.0799114e+02
0	0	5	38	1.4906331e+02
0	0	5	39	1.0935426e+01
0	0	5	40	1.2481200e+02
0	0	5	41	7.4704079e+01
0	0	5	42	1.4350185e+02
0	0	5	43	7.3444534e+01
0	0	5	44	1.5654695e+02
0	0	5	45	7.8895607e+01
0	0	5	46	1.0011745e+02
0	0	5	47	5.6966976e+01
0	0	5	48	2.7831057e+01
0	0	5	49	1.0369374e+02
0	0	5	50	1.1683768e+02
0	0	5	51	5.6679816e+02
0	0	5	52	6.0184735e+02
0	0	5	53	2.8424152e+02
0	0	5	54	3.3514008e+02
0	0	5	55	3.4259390e+02
0	0	5	56	4.5042685e+02
0	0	5	57	4.6112573e+02
0	0	5	58	3.7571310e+02
0	0	5	59	3.6101273e+02
0	0	5	60	3.4911694e+02
0	0	5	61	2.8330414e+02
0	0	5	62	3.7241867e+02
0	0	5	63	3.0621796e+02
0	0	6	0	-9.7178436e+01
0	0	6	1	-1.6877733e+02
0	0	6	2	-1.5040411e+02
0	0	6	3	-1.3956789e+02
0	0	6	4	-1.0055997e+02
0	0	6	5	-1.2922232e+02
0	0	6	6	-1.0524662e+02
0	0	6	7	-1.6173119e+02
0	0	6	8	-1.7227391e+02
0	0	6	9	-1.3323360e+02
0	0	6	10	-1.9157693e+02
0	0	6	11	-1.2155986e+02
0	0	6	12	-1.9695410e+02
0	0	6	13	-1.1685207e+02
0	0	6	14	-1.6151012e+02
0	0	6	15	-2.0139137e+02
0	0	6	16	-2.9441315e+02
0	0	6	17	-3.1504865e+02
0	0	6	18	-2.7314337e+02
0	0	6	19	-2.5188368e+02
0	0	6	20	-3.9098102e+02
0	0	6	21	-2.8563266e+02
0	0	6	22	-2.3077744e+02
0	0	6	23	-2.4481816e+02
0	0	6	24	-2.3309483e+02
0	0	6	25	-1.9964456e+02
0	0	6	26	-2.3170036e+02
0	0	6	27	-2.0410243e+02
0	0	6	28	-2.2628395e+02
0	0	6	29	-2.7851764e+02
0	0	6	30	-2.5375771e+02
0	0	6	31	-2.8604141e+02
0	0	6	32	-2.4742842e+02
0	0	6	33	-2.6021686e+02
0	0	6	34	2.4793076e+02
0	0	6	35	3.0604443e+02
0	0	6	36	3.0976486e+02
0	0	6	37	4.0523242e+02
0	0	6	38	3.4586478e+02
0	0	6	39	3.2028821e+02
0	0	6	40	3.0087399e+02
0	0	6	41	3.1127927e+02
0	0	6	42	4.8394202e+02
0	0	6	43	3.3654486e+02
0	0	6	44	4.8892004e+02
0	0	6	45	3.6184109e+02
0	0	6	46	4.8831371e+01
0	0	6	47	3.2196741e+02
0	0	6	48	4.0330865e+02
0	0	6	49	1.3069902e+02
0	0	6	50	4.0467108e+02
0	0	6	51	7.7466486e+02
0	0	6	52	8.3757379e+02
0	0	6	53	5.4395258e+02
0	0	6	54	5.7006122e+02
0	0	6	55	6.7486652e+02
0	0	6	56	7.0263190e+02
0	0	6	57	6.6333569e+02
0	0	6	58	5.8610553e+02
0	0	6	59	5.5032172e+02
0	0	6	60	6.4728485e+02
0	0	6	61	6.0020911e+02
0	0	6	62	5.4840442e+02
0	0	6	63	6.6275006e+02
0	0	7	0	1.7763401e+01
0	0	7	1	-1.7044812e+02
0	0	7	2	-1.4529332e+02
0	0	7	3	-1.5930302e+02
0	0	7	4	-2.1842110e+02
0	0	7	5	-9.1012291e+01
0	0	7	6	-2.0037082e+02
0	0	7	7	-1.0941457e+02
0	0	7	8	-2.0077028e+02
0	0	7	9	-1.7027817e+02
0	0	7	10	-1.1417593e+02
0	0	7	11	-2.5067903e+02
0	0	7	12	-2.9512689e+02
0	0	7	13	-1.6339598e+02
0	0	7	14	-2.1410823e+02
0	0	7	15	-1.5810095e+02
0	0	7	16	-2.5906277e+02
0	0	7	17	-1.6883998e+02
0	0	7	18	-2.2573061e+02
0	0	7	19	5.4908936e+01
0	0	7	20	-3.0704382e+02
0	0	7	21	-2.4185443e+02
0	0	7	22	-2.6077716e+02
0	0	7	23	-2.5165071e+02
0	0	7	24	-3.7322696e+02
0	0	7	25	-2.4191312e+02
0	0	7	26	-2.6897290e+02
0	0	7	27	-3.0485141e+02
0	0	7	28	-2.8347992e+02
0	0	7	29	-3.0168762e+02
0	0	7	30	-3.2615176e+02
0	0	7	31	-3.2317267e+02
0	0	7	32	-3.9630847e+02
0	0	7	33	-4.3161435e+02
0	0	7	34	1.3140164e+02
0	0	7	35	1.2977579e+02
0	0	7	36	1.4650388e+02
0	0	7	37	2.0403149e+02
0	0	7	38	2.0552849e+02
0	0	7	39	1.7456897e+02
0	0	7	40	1.1875204e+02
0	0	7	41	1.0985988e+02
0	0	7	42	1.4723866e+02
0	0	7	43	9.9077713e+01
0	0	7	44	1.1620407e+02
0	0	7	45	1.3980334e+02
0	0	7	46	1.3223779e+02
0	0	7	47	1.6863739e+02
0	0	7	48	6.5905464e+01
0	0	7	49	1.1978641e+02
0	0	7	50	1.6019160e+02
0	0	7	51	5.7853558e+02
0	0	7	52	5.1446326e+02
0	0	7	53	2.4413969e+02
0	0	7	54	3.4229202e+02
0	0	7	55	3.1479614e+02
0	0	7	56	3.7810501e+02
0	0	7	57	3.9929660e+02
0	0	7	58	3.5871603e+02
0	0	7	59	3.6601358e+02
0	0	7	60	3.0325714e+02
0	0	7	61	2.7136234e+02
0	0	7	62	3.2800269e+02
0	0	7	63	3.2605521e+02
0	0	8	0	-2.7554779e+02
0	0	8	1	-2.6113690e+02
0	0	8	2	-1.6070891e+02
0	0	8	3	-3.1654041e+02
0	0	8	4	-2.8012335e+02
0	0	8	5	-2.6624072e+02
0	0	8	6	-2.9776154e+02
0	0	8	7	-2.3970920e+02
0	0	8	8	-3.0332999e+02
0	0	8	9	-2.3416322e+02
0	0	8	10	-3.6036389e+02
0	0	8	11	-2.5030226e+02
0	0	8	12	-3.0599454e+02
0	0	8	13	-2.3880980e+02
0	0	8	14	-3.8716031e+02
0	0	8	15	-2.1752783e+02
0	0	8	16	-4.7928134e+02
0	0	8	17	-4.5301172e+02
0	0	8	18	-4.1381668e+02
0	0	8	19	-4.8847107e+02
0	0	8	20	-4.1497998e+02
0	0	8	21	-5.0053207e+02
0	0	8	22	-3.9346078e+02
0	0	8	23	-4.5561572e+02
0	0	8	24	-4.1845935e+02
0	0	8	25	-3.4293091e+02
0	0	8	26	-4.1912610e+02
0	0	8	27	-3.4036609e+02
0	0	8	28	-3.5701733e+02
0	0	8	29	-3.8172141e+02
0	0	8	30	-3.8248972e+02
0	0	8	31	-3.3673300e+02
0	0	8	32	-3.8418161e+02
0	0	8	33	-3.6650034e+02
0	0	8	34	1.7851387e+02
0	0	8	35	1.8832965e+02
0	0	8	36	1.5374001e+02
0	0	8	37	1.8581410e+02
0	0	8	38	1.6273552e+02
0	0	8	39	2.3389214e+02
0	0	8	40	2.0681801e+02
0	0	8	41	1.6879045e+02
0	0	8	42	2.3163419e+02
0	0	8	43	2.2630800e+02
0	0	8	44	2.5745322e+02
0	0	8	45	1.7783931e+02
0	0	8	46	2.3007350e+02
0	0	8	47	1.8620996e+02
0	0	8	48	2.0443199e+02
0	0	8	49	1.8408397e+02
0	0	8	50	2.1837601e+02
0	0	8	51	7.3297424e+02
0	0	8	52	6.4744116e+02
0	0	8	53	4.7475589e+02
0	0	8	54	3.8749832e+02
0	0	8	55	5.0093265e+02
0	0	8	56	5.6436407e+02
0	0	8	57	6.4123352e+02
0	0	8	58	3.7870364e+02
0	0	8	59	3.8970084e+02
0	0	8	60	4.7546652e+02
0	0	8	61	3.5893188e+02
0	0	8	62	3.9110757e+02
0	0	8	63	5.3951440e+02
0	0	9	0	-1.7095723e+02
0	0	9	1	-2.1121977e+02
0	0	9	2	-3.0407285e+02
0	0	9	3	-1.9571344e+02
0	0	9	4	-3.6822531e+02
0	0	9	5	-2.9529697e+02
0	0	9	6	-2.8386813e+02
0	0	9	7	-2.4535173e+02
0	0	9	8	-2.4563692e+02
0	0	9	9	-3.1891458e+02
0	0	9	10	-2.5247852e+02
0	0	9	11	-3.1593103e+02
0	0	9	12	-3.4814148e+02
0	0	9	13	-2.9178482e+02
0	0	9	14	-3.4038263e+02
0	0	9	15	-1.9828336e+02
0	0	9	16	-3.7260449e+02
0	0	9	17	-3.0254340e+02
0	0	9	18	-3.1856073e+02
0	0	9	19	-3.0236316e+02
0	0	9	20	-4.3793744e+02
0	0	9	21	-3.4953339e+02
0	0	9	22	-3.8066867e+02
0	0	9	23	-3.2730814e+02
0	0	9	24	-4.0547589e+02
0	0	9	25	-3.6596039e+02
0	0	9	26	-3.7693512e+02
0	0	9	27	-4.5590457e+02
0	0	9	28	-4.0554977e+02
0	0	9	29	-4.7720499e+02
0	0	9	30	-4.5178867e+02
0	0	9	31	-5.1019394e+02
0	0	9	32	-4.5201825e+02
0	0	9	33	-4.9130441e+02
0	0	9	34	5.4707718e+01
0	0	9	35	-1.6472130e+01
0	0	9	36	7.1636589e+01
0	0	9	37	2.9945623e+01
0	0	9	38	3.0883877e+01
0	0	9	39	-2.2571651e+01
0	0	9	40	8.4990875e+01
0	0	9	41	-3.7851871e+01
0	0	9	42	3.3207241e-02
0	0	9	43	-2.9839834e+01
0	0	9	44	5.3964653e+01
0	0	9	45	-3.5582043e+01
0	0	9	46	-3.4504266e+00
0	0	9	47	2.7511017e+01
0	0	9	48	-1.2201470e+01
0	0	9	49	-6.1942379e+01
0	0	9	50	8.8510620e+01
0	0	9	51	4.9548444e+02
0	0	9	52	5.1790552e+02
0	0	9	53	2.0970619e+02
0	0	9	54	2.2207639e+02
0	0	9	55	1.6844345e+02
0	0	9	56	3.3517801e+02
0	0	9	57	3.4829590e+02
0	0	9	58	2.7425006e+02
0	0	9	59	2.4758908e+02
0	0	9	60	2.0255267e+02
0	0	9	61	2.3987199e+02
0	0	9	62	2.7272681e+02
0	0	9	63	2.1844403e+02
0	0	10	0	-9.7588043e+00
0	0	10	1	-4.7659809e+01
0	0	10	2	7.7517471e+01
0	0	10	3	-2.0052139e+01
0	0	10	4	5.2553074e+01
0	0	10	5	-9.5719404e+00
0	0	10	6	2.8296509e+01
0	0	10	7	8.0164299e+01
0	0	10	8	1.9265058e+00
0	0	10	9	9.1041977e+01
0	0	10	10	-7.9207592e+00
0	0	10	11	2.0388873e+00
0	0	10	12	-5.4494305e+01
0	0	10	13	-2.0597513e+01
0	0	10	14	-7.6580193e+01
0	0	10	15	-8.1492378e+01
0	0	10	16	-1.5180540e+02
0	0	10	17	-1.3076804e+02
0	0	10	18	-8.5880081e+01
0	0	10	19	-1.2608173e+02
0	0	10	20	-4.2654160e+01
0	0	10	21	-1.6438736e+02
0	0	10	22	-5.7437862e+01
0	0	10	23	-7.8795036e+01
0	0	10	24	-1.1326681e+02
0	0	10	25	-6.2706841e+01
0	0	10	26	-1.3948485e+02
0	0	10	27	2.4874373e+03
0	0	10	28	-3.9234936e+01
0	0	10	29	-8.5305573e+01
0	0	10	30	-9.8952248e+01
0	0	10	31	-8.7156364e+01
0	0	10	32	-1.0164178e+02
0	0	10	33	-1.4771834e+02
0	0	10	34	3.9081989e+02
0	0	10	35	4.2224493e+02
0	0	10	36	4.9656781e+02
0	0	10	37	4.7867776e+02
0	0	10	38	4.4243353e+02
0	0	10	39	4.9186035e+02
0	0	10	40	4.9484128e+02
0	0	10	41	5.1675519e+02
0	0	10	42	4.9324426e+02
0	0	10	43	5.0277057e+02
0	0	10	44	5.6147137e+02
0	0	10	45	4.5497806e+02
0	0	10	46	5.5481683e+02
0	0	10	47	4.4210828e+02
0	0	10	48	5.0131003e+02
0	0	10	49	5.1079456e+02
0	0	10	50	5.4675049e+02
0	0	10	51	1.0165365e+03
0	0	10	52	9.6057507e+02
0	0	10	53	6.6233997e+02
0	0	10	54	6.2008130e+02
0	0	10	55	7.3096619e+02
0	0	10	56	8.3086591e+02
0	0	10	57	7.8623798e+02
0	0	10	58	7.4738391e+02
0	0	10	59	6.8550592e+02
0	0	10	60	7.3466333e+02
0	0	10	61	5.9313086e+02
0	0	10	62	6.3064954e+02
0	0	10	63	7.2761963e+02
0	0	11	0	9.3847748e+01
0	0	11	1	-9.6281326e+01
0	0	11	2	-4.7582558e+01
0	0	11	3	1.5762925e+01
0	0	11	4	-6.0912582e+01
0	0	11	5	2.0815199e+01
0	0	11	6	-6.1759419e+00
0	0	11	7	5.1070438e+01
0	0	11	8	-4.1859501e+01
0	0	11	9	-8.2444160e+01
0	0	11	10	-6.9299431e+01
0	0	11	11	-6.4171318e+01
0	0	11	12	-1.7163617e+02
0	0	11	13	-1.0644485e+02
0	0	11	14	-1.7766087e+02
0	0	11	15	-4.6829739e+01
0	0	11	16	-1.3924438e+02
0	0	11	17	-1.1137302e+02
0	0	11	18	-1.0470191e+02
0	0	11	19	-1.0509769e+02
0	0	11	20	-1.6284773e+02
0	0	11	21	-1.4751178e+02
0	0	11	22	-1.0650726e+02
0	0	11	23	-1.4767140e+02
0	0	11	24	-1.5062228e+02
0	0	11	25	-2.0607059e+02
0	0	11	26	-1.8711717e+02
0	0	11	27	-1.4133057e+02
0	0	11	28	-1.0980975e+02
0	0	11	29	-1.6559274e+02
0	0	11	30	-1.7468301e+02
0	0	11	31	-1.6610214e+02
0	0	11	32	-1.9294708e+02
0	0	11	33	-2.1221024e+02
0	0	11	34	3.7039706e+02
0	0	11	35	3.3206818e+02
0	0	11	36	4.3821921e+02
0	0	11	37	3.7537192e+02
0	0	11	38	4.4342792e+02
0	0	11	39	3.3613876e+02
0	0	11	40	4.1230917e+02
0	0	11	41	3.9582605e+02
0	0	11	42	3.5363217e+02
0	0	11	43	3.8397885e+02
0	0	11	44	3.6879691e+02
0	0	11	45	3.3623450e+02
0	0	11	46	3.0156763e+02
0	0	11	47	2.9380972e+02
0	0	11	48	2.6846936e+02
0	0	11	49	2.8841055e+02
0	0	11	50	3.7697736e+02
0	0	11	51	7.5981195e+02
0	0	11	52	8.3163715e+02
0	0	11	53	4.9090228e+02
0	0	11	54	4.8129819e+02
0	0	11	55	5.7850537e+02
0	0	11	56	6.1540778e+02
0	0	11	57	6.4168005e+02
0	0	11	58	6.1047357e+02
0	0	11	59	5.4142206e+02
0	0	11	60	5.1219409e+02
0	0	11	61	4.7267432e+02
0	0	11	62	5.4294958e+02
0	0	11	63	5.1431183e+02
0	0	12	0	1.6956683e+02
0	0	12	1	1.0923662e+02
0	0	12	2	1.3636411e+02
0	0	12	3	1.5166496e+02
0	0	12	4	1.1940578e+02
0	0	12	5	1.5079088e+02
0	0	12	6	8.1038010e+01
0	0	12	7	1.6373256e+02
0	0	12	8	9.9503181e+01
0	0	12	9	2.0340477e+02
0	0	12	10	6.8964706e+01
0	0	12	11	1.9262482e+02
0	0	12	12	6.0389324e+01
0	0	12	13	1.1735314e+02
0	0	12	14	6.9439644e+01
0	0	12	15	1.3919604e+02
0	0	12	16	-7.7296974e+01
0	0	12	17	-2.2059298e+01
0	0	12	18	1.1356980e+02
0	0	12	19	4.2883327e+01
0	0	12	20	-5.0153297e+01
0	0	12	21	-7.0672737e+01
0	0	12	22	9.9999928e-01
0	0	12	23	1.6860365e+01
0	0	12	24	-1.7889050e+01
0	0	12	25	1.2358720e+02
0	0	12	26	-3.9996631e+00
0	0	12	27	5.1140961e+01
0	0	12	28	2.0109396e+01
0	0	12	29	1.6834747e+00
0	0	12	30	-3.4753803e+01
0	0	12	31	-3.3751824e+00
0	0	12	32	-1.1868758e+01
0	0	12	33	-4.5419765e+01
0	0	12	34	5.9992230e+02
0	0	12	35	5.5774231e+02
0	0	12	36	5.4619189e+02
0	0	12	37	6.2729755e+02
0	0	12	38	6.0569421e+02
0	0	12	39	5.5254535e+02
0	0	12	40	6.4586121e+02
0	0	12	41	5.5952692e+02
0	0	12	42	7.1036908e+02
0	0	12	43	6.5216223e+02
0	0	12	44	8.0077216e+02
0	0	12	45	5.8568756e+02
0	0	12	46	6.6117944e+02
0	0	12	47	6.1213531e+02
0	0	12	48	6.7047595e+02
0	0	12	49	6.4652496e+02
0	0	12	50	6.5345001e+02
0	0	12	51	1.1405850e+03
0	0	12	52	1.1626282e+03
0	0	12	53	8.3434027e+02
0	0	12	54	8.4067261e+02
0	0	12	55	9.2375006e+02
0	0	12	56	9.4944836e+02
0	0	12	57	1.0076373e+03
0	0	12	58	8.3737744e+02
0	0	12	59	8.4781830e+02
0	0	12	60	9.1822150e+02
0	0	12	61	8.0640039e+02
0	0	12	62	8.3246606e+02
0	0	12	63	9.6556525e+02
0	0	13	0	1.0953754e+02
0	0	13	1	2.5683571e+01
0	0	13	2	-5.5852295e+01
0	0	13	3	6.4978576e+00
0	0	13	4	-3.5088646e+00
0	0	13	5	7.0122986e+01
0	0	13	6	1.0617591e+00
0	0	13	7	1.0531676e+02
0	0	13	8	-6.8080297e+00
0	0	13	9	3.7545277e+01
0	0	13	10	9.1999123e+01
0	0	13	11	8.4713898e+00
0	0	13	12	-9.1712132e+00
0	0	13	13	4.6683475e+01
0	0	13	14	-4.7225952e+01
0	0	13	15	5.8064816e+01
0	0	13	16	-8.8982353e+01
0	0	13	17	-5.8965099e+01
0	0	13	18	-8.5474915e+01
0	0	13	19	-2.8774181e+01
0	0	13	20	-1.7878017e+02
0	0	13	21	-1.1082125e+02
0	0	13	22	-5.1029484e+01
0	0	13	23	-4.6229336e+01
0	0	13	24	-8.9092766e+01
0	0	13	25	-3.7101864e+01
0	0	13	26	-1.3824170e+02
0	0	13	27	-7.8268639e+01
0	0	13	28	-9.3888712e+00
0	0	13	29	-9.0627502e+01
0	0	13	30	-8.7199493e+01
0	0	13	31	-1.7348488e+02
0	0	13	32	-1.5609166e+02
0	0	13	33	-1.1743074e+02
0	0	13	34	4.5006805e+02
0	0	13	35	3.8663632e+02
0	0	13	36	3.4736697e+02
0	0	13	37	4.2375815e+02
0	0	13	38	4.4475995e+02
0	0	13	39	4.1932327e+02
0	0	13	40	4.8213223e+02
0	0	13	41	3.5704224e+02
0	0	13	42	4.2702264e+02
0	0	13	43	4.2823254e+02
0	0	13	44	4.4833936e+02
0	0	13	45	4.2160721e+02
0	0	13	46	4.2548718e+02
0	0	13	47	3.5781091e+02
0	0	13	48	3.9863000e+02
0	0	13	49	3.7872977e+02
0	0	13	50	5.2429126e+02
0	0	13	51	8.5211584e+02
0	0	13	52	7.9827484e+01
0	0	13	53	5.6523254e+02
0	0	13	54	9.3736554e+02
0	0	13	55	5.0710461e+02
0	0	13	56	8.0274597e+02
0	0	13	57	7.7689734e+02
0	0	13	58	7.3350024e+02
0	0	13	59	6.5039093e+02
0	0	13	60	6.2859778e+02
0	0	13	61	6.2963904e+02
0	0	13	62	6.3010052e+02
0	0	13	63	6.1731213e+02
0	0	14	0	2.2293645e+02
0	0	14	1	1.7305724e+02
0	0	14	2	1.2247677e+02
0	0	14	3	2.2643478e+02
0	0	14	4	1.1513477e+02
0	0	14	5	1.1880647e+02
0	0	14	6	9.5573097e+01
0	0	14	7	1.2661716e+02
0	0	14	8	6.7310623e+01
0	0	14	9	1.7322472e+02
0	0	14	10	3.1677353e+01
0	0	14	11	1.1319611e+02
0	0	14	12	2.5013092e+01
0	0	14	13	1.0023280e+02
0	0	14	14	4.2467518e+01
0	0	14	15	9.7248665e+01
0	0	14	16	5.3050423e+00
0	0	14	17	4.4319328e+01
0	0	14	18	-5.1766376e+00
0	0	14	19	7.1574623e+01
0	0	14	20	1.9163351e+01
0	0	14	21	8.5483208e+01
0	0	14	22	2.7910185e+01
0	0	14	23	9.6425003e+01
0	0	14	24	1.2795095e-01
0	0	14	25	-1.5461226e+01
0	0	14	26	3.6872375e+01
0	0	14	27	8.7625923e+01
0	0	14	28	7.2011543e+01
0	0	14	29	8.1909523e+01
0	0	14	30	6.3459019e+01
0	0	14	31	3.6273659e+01
0	0	14	32	-8.8187065e+00
0	0	14	33	9.7918671e+01
0	0	14	34	4.4665964e+02
0	0	14	35	4.7264963e+02
0	0	14	36	5.6352625e+02
0	0	14	37	4.8108664e+02
0	0	14	38	4.6444400e+02
0	0	14	39	5.1247803e+02
0	0	14	40	5.0648203e+02
0	0	14	41	5.6365472e+02
0	0	14	42	5.2198053e+02
0	0	14	43	5.1434595e+02
0	0	14	44	6.0481525e+02
0	0	14	45	5.5663037e+02
0	0	14	46	5.3983618e+02
0	0	14	47	5.9250189e+02
0	0	14	48	5.5521198e+02
0	0	14	49	5.5121478e+02
0	0	14	50	5.3039423e+02
0	0	14	51	9.9943207e+02
0	0	14	52	9.7556604e+02
0	0	14	53	7.2618268e+02
0	0	14	54	6.7085425e+02
0	0	14	55	7.7232538e+02
0	0	14	56	8.5160278e+02
0	0	14	57	8.5437854e+02
0	0	14	58	7.2544440e+02
0	0	14	59	7.7902411e+02
0	0	14	60	7.1611383e+02
0	0	14	61	6.8622852e+02
0	0	14	62	6.3111932e+02
0	0	14	63	7.5581226e+02
0	0	15	0	3.0013641e+02
0	0	15	1	2.6563617e+02
0	0	15	2	1.8314699e+02
0	0	15	3	1.4532872e+02
0	0	15	4	1.1488448e+02
0	0	15	5	2.6007028e+02
0	0	15	6	1.5560545e+02
0	0	15	7	2.6503397e+02
0	0	15	8	1.8305408e+02
0	0	15	9	2.4845964e+02
0	0	15	10	2.3077216e+02
0	0	15	11	1.8920193e+02
0	0	15	12	1.1183958e+02
0	0	15	13	1.2757393e+02
0	0	15	14	1.6843018e+02
0	0	15	15	2.1121652e+02
0	0	15	16	1.5729306e+02
0	0	15	17	1.6685167e+02
0	0	15	18	6.3153202e+01
0	0	15	19	2.4874373e+03
0	0	15	20	7.4345695e+01
0	0	15	21	8.4120361e+01
0	0	15	22	1.1818664e+02
0	0	15	23	1.1293342e+02
0	0	15	24	1.1557456e+02
0	0	15	25	9.7088043e+01
0	0	15	26	3.6293167e+01
0	0	15	27	6.3657524e+01
0	0	15	28	1.6514395e+02
0	0	15	29	8.7851715e+01
0	0	15	30	9.1667747e+01
0	0	15	31	5.5557621e+01
0	0	15	32	1.2803990e+02
0	0	15	33	8.0028526e+01
0	0	15	34	5.5601672e+02
0	0	15	35	4.9567508e+02
0	0	15	36	5.8106927e+02
0	0	15	37	5.7934479e+02
0	0	15	38	6.0428503e+02
0	0	15	39	5.8390332e+02
0	0	15	40	6.5414880e+02
0	0	15	41	5.5840930e+02
0	0	15	42	5.9632520e+02
0	0	15	43	5.3072363e+02
0	0	15	44	5.8667053e+02
0	0	15	45	4.7064200e+02
0	0	15	46	5.2490930e+02
0	0	15	47	5.5823651e+02
0	0	15	48	5.9273615e+02
0	0	15	49	5.0620444e+02
0	0	15	50	6.5841956e+02
0	0	15	51	1.1496079e+03
0	0	15	52	1.1072856e+03
0	0	15	53	8.0527832e+02
0	0	15	54	7.9548572e+02
0	0	15	55	8.2025220e+02
0	0	15	56	1.0314133e+03
0	0	15	57	9.5562958e+02
0	0	15	58	8.5641071e+02
0	0	15	59	8.2623053e+02
0	0	15	60	8.2658960e+02
0	0	15	61	8.5559692e+02
0	0	15	62	8.5272778e+02
0	0	15	63	8.4090186e+02
0	1	0	0	-5.0985284e+02
0	1	0	1	-4.6923087e+02
0	1	0	2	-3.7464252e+02
0	1	0	3	-4.7723105e+02
0	1	0	4	-4.1786151e+02
0	1	0	5	-3.9685538e+02
0	1	0	6	-4.4430865e+02
0	1	0	7	-4.8853812e+02
0	1	0	8	-4.5466766e+02
0	1	0	9	-3.8973050e+02
0	1	0	10	-4.9876309e+02
0	1	0	11	-3.6127060e+02
0	1	0	12	-4.5057700e+02
0	1	0	13	-4.1182507e+02
0	1	0	14	-4.7824313e+02
0	1	0	15	-4.3924374e+02
0	1	0	16	-7.1403979e+02
0	1	0	17	-5.8806287e+02
0	1	0	18	-6.5078949e+02
0	1	0	19	-6.2802783e+02
0	1	0	20	-6.2103381e+02
0	1	0	21	-6.1230414e+02
0	1	0	22	-5.4369232e+02
0	1	0	23	-5.9200269e+02
0	1	0	24	-5.5039972e+02
0	1	0	25	-5.6890179e+02
0	1	0	26	-6.1877454e+02
0	1	0	27	-5.1490704e+02
0	1	0	28	-6.2555139e+02
0	1	0	29	-5.7312598e+02
0	1	0	30	-5.1675281e+02
0	1	0	31	-5.1771069e+02
0	1	0	32	-5.4052313e+02
0	1	0	33	-5.1399957e+02
0	1	0	34	-4.4865623e+01
0	1	0	35	3.5750961e+01
0	1	0	36	-1.5915878e+01
0	1	0	37	9.3216354e+01
0	1	0	38	-4.0796371e+01
0	1	0	39	1.6889477e+01
0	1	0	40	-2.4251627e+01
0	1	0	41	9.0148735e+00
0	1	0	42	9.2284996e+01
0	1	0	43	1.0786609e+02
0	1	0	44	1.0655086e+02
0	1	0	45	1.3848991e+01
0	1	0	46	1.2365037e+02
0	1	0	47	1.1853766e+02
0	1	0	48	4.9452806e+00
0	1	0	49	9.0437469e+01
0	1	0	50	9.2904457e+01
0	1	0	51	5.0530972e+02
0	1	0	52	5.2606171e+02
0	1	0	53	2.6394308e+02
0	1	0	54	1.9460391e+02
0	1	0	55	2.7943552e+02
0	1	0	56	4.4647723e+02
0	1	0	57	3.9187225e+02
0	1	0	58	2.6378229e+02
0	1	0	59	1.8473979e+02
0	1	0	60	2.5895276e+02
0	1	0	61	2.0848805e+02
0	1	0	62	2.0293401e+02
0	1	0	63	3.3360617e+02
0	1	1	0	-3.7468942e+02
0	1	1	1	-4.7432468e+02
0	1	1	2	-5.4171832e+02
0	1	1	3	-4.9396021e+02
0	1	1	4	-5.7474506e+02
0	1	1	5	-4.3954474e+02
0	1	1	6	-5.2410089e+02
0	1	1	7	-4.5703809e+02
0	1	1	8	-4.2149969e+02
0	1	1	9	-5.3879370e+02
0	1	1	10	-4.4602802e+02
0	1	1	11	-5.5912909e+02
0	1	1	12	-5.8519098e+02
0	1	1	13	-5.3271899e+02
0	1	1	14	-5.7968005e+02
0	1	1	15	-5.2082507e+02
0	1	1	16	-5.6725897e+02
0	1	1	17	-5.2935199e+02
0	1	1	18	-6.1003534e+02
0	1	1	19	-4.8386230e+02
0	1	1	20	-5.9176471e+02
0	1	1	21	-5.8269757e+02
0	1	1	22	-5.9255933e+02
0	1	1	23	-5.5284692e+02
0	1	1	24	-6.4044244e+02
0	1	1	25	-5.6693927e+02
0	1	1	26	-6.3553979e+02
0	1	1	27	-6.2999738e+02
0	1	1	28	-6.2744940e+02
0	1	1	29	-6.3545587e+02
0	1	1	30	-7.1666724e+02
0	1	1	31	-6.6781616e+02
0	1	1	32	-7.0454779e+02
0	1	1	33	-7.0114526e+02
0	1	1	34	-1.4535507e+02
0	1	1	35	-1.5675488e+02
0	1	1	36	-1.0792785e+02
0	1	1	37	-2.0181824e+02
0	1	1	38	-6.9220238e+01
0	1	1	39	-9.7706085e+01
0	1	1	40	-1.6732727e+02
0	1	1	41	-1.7871535e+02
0	1	1	42	-1.7102390e+02
0	1	1	43	-1.4515002e+02
0	1	1	44	-1.6129620e+02
0	1	1	45	-2.3559294e+02
0	1	1	46	-1.7110085e+02
0	1	1	47	-1.5459998e+02
0	1	1	48	-2.2854097e+02
0	1	1	49	-1.5225932e+02
0	1	1	50	-1.0501742e+02
0	1	1	51	1.9950005e+02
0	1	1	52	2.3293454e+02
0	1	1	53	-4.8830364e+01
0	1	1	54	-1.2756873e+01
0	1	1	55	-6.1296867e+01
0	1	1	56	8.6944542e+01
0	1	1	57	1.7247807e+02
0	1	1	58	1.1612154e+02
0	1	1	59	-6.8538756e+00
0	1	1	60	-3.7865059e+01
0	1	1	61	-2.3822498e+01
0	1	1	62	5.5117993e+00
0	1	1	63	2.9970261e+01
0	1	2	0	-7.8700995e+02
0	1	2	1	-8.0532996e+02
0	1	2	2	-8.4784143e+02
0	1	2	3	-8.8093195e+02
0	1	2	4	-9.2865320e+02
0	1	2	5	-9.2334210e+02
0	1	2	6	-9.5099493e+02
0	1	2	7	-8.4457983e+02
0	1	2	8	-8.1424121e+02
0	1	2	9	-8.0911145e+02
0	1	2	10	-8.0954944e+02
0	1	2	11	-9.1362927e+02
0	1	2	12	-9.5891345e+02
0	1	2	13	-8.5284039e+02
0	1	2	14	-9.0765643e+02
0	1	2	15	-8.4069025e+02
0	1	2	16	-9.7342432e+02
0	1	2	17	-9.7799091e+02
0	1	2	18	-9.6890204e+02
0	1	2	19	-9.1976215e+02
0	1	2	20	-8.7932483e+02
0	1	2	21	-9.6749036e+02
0	1	2	22	-9.0707324e+02
0	1	2	23	-8.5707178e+02
0	1	2	24	-9.9743365e+02
0	1	2	25	-9.2221271e+02
0	1	2	26	-1.0521720e+03
0	1	2	27	-9.4613599e+02
0	1	2	28	-9.5746240e+02
0	1	2	29	-1.0375203e+03
0	1	2	30	-9.3960187e+02
0	1	2	31	-1.0111025e+03
0	1	2	32	-1.0200770e+03
0	1	2	33	-9.5013977e+02
0	1	2	34	-4.6452350e+02
0	1	2	35	-4.4911523e+02
0	1	2	36	-4.8709213e+02
0	1	2	37	-4.3182355e+02
0	1	2	38	-4.6540689e+02
0	1	2	39	-4.4279669e+02
0	1	2	40	-4.5643237e+02
0	1	2	41	-4.2720953e+02
0	1	2	42	-3.7253546e+02
0	1	2	43	-3.3678912e+02
0	1	2	44	-2.8626807e+02
0	1	2	45	-4.4442624e+02
0	1	2	46	-3.5814481e+02
0	1	2	47	-3.3057089e+02
0	1	2	48	-3.3143216e+02
0	1	2	49	-3.6434058e+02
0	1	2	50	-4.2096011e+02
0	1	2	51	1.4037372e+02
0	1	2	52	1.9304973e+02
0	1	2	53	-1.2886610e+02
0	1	2	54	-1.5372826e+02
0	1	2	55	-9.4179718e+01
0	1	2	56	2.0071678e+01
0	1	2	57	-5.1924137e+01
0	1	2	58	-1.6394705e+02
0	1	2	59	-1.8724065e+02
0	1	2	60	-1.3895836e+02
0	1	2	61	-2.5116302e+02
0	1	2	62	-1.8641858e+02
0	1	2	63	-7.4903870e+01
0	1	3	0	-7.0058820e+02
0	1	3	1	-7.5475598e+02
0	1	3	2	-8.6611566e+02
0	1	3	3	-7.0856702e+02
0	1	3	4	-8.9975940e+02
0	1	3	5	-6.7954340e+02
0	1	3	6	-8.1192261e+02
0	1	3	7	-6.8464478e+02
0	1	3	8	-8.2983771e+02
0	1	3	9	-8.6559583e+02
0	1	3	10	-7.5375562e+02
0	1	3	11	-8.9417987e+02
0	1	3	12	-9.0833203e+02
0	1	3	13	-8.4872260e+02
0	1	3	14	-8.9246930e+02
0	1	3	15	-7.8397394e+02
0	1	3	16	-8.2461841e+02
0	1	3	17	-8.3759875e+02
0	1	3	18	-8.6324792e+02
0	1	3	19	-7.8021674e+02
0	1	3	20	-9.1333191e+02
0	1	3	21	-9.3165894e+02
0	1	3	22	-8.2951788e+02
0	1	3	23	-8.1472797e+02
0	1	3	24	-9.0452539e+02
0	1	3	25	-9.3728448e+02
0	1	3	26	-9.7634332e+02
0	1	3	27	-9.0824774e+02
0	1	3	28	-9.4382312e+02
0	1	3	29	-9.4402240e+02
0	1	3	30	-9.3467157e+02
0	1	3	31	-1.0213212e+03
0	1	3	32	-9.5423230e+02
0	1	3	33	-9.7719806e+02
0	1	3	34	-5.3246692e+02
0	1	3	35	-4.8056259e+02
0	1	3	36	-4.2960333e+02
0	1	3	37	-3.4046063e+02
0	1	3	38	-4.3346292e+02
0	1	3	39	-4.1532443e+02
0	1	3	40	-3.0172366e+02
0	1	3	41	-4.9594070e+02
0	1	3	42	-3.3837219e+02
0	1	3	43	-3.8726706e+02
0	1	3	44	-3.3228329e+02
0	1	3	45	-2.9672818e+02
0	1	3	46	-3.9489099e+02
0	1	3	47	-3.5078339e+02
0	1	3	48	-3.9407867e+02
0	1	3	49	-3.6877515e+02
0	1	3	50	-3.6472336e+02
0	1	3	51	7.4373848e+01
0	1	3	52	8.4163406e+01
0	1	3	53	-1.8147292e+02
0	1	3	54	-1.7688191e+02
0	1	3	55	-1.9899170e+02
0	1	3	56	-6.1616463e+01
0	1	3	57	-1.5460803e+02
0	1	3	58	-2.3954486e+02
0	1	3	59	-1.9936572e+02
0	1	3	60	-2.7571295e+02
0	1	3	61	-2.7283737e+02
0	1	3	62	-2.3263795e+02
0	1	3	63	-1.4169534e+02
0	1	4	0	-9.5423657e+02
0	1	4	1	-8.5443451e+02
0	1	4	2	-8.6295123e+02
0	1	4	3	-8.5293018e+02
0	1	4	4	-9.4607526e+02
0	1	4	5	-8.8288635e+02
0	1	4	6	-9.6813812e+02
0	1	4	7	-8.2418909e+02
0	1	4	8	-8.9654810e+02
0	1	4	9	-8.6364575e+02
0	1	4	10	-8.9052588e+02
0	1	4	11	-9.4285095e+02
0	1	4	12	-9.5577032e+02
0	1	4	13	-9.0547015e+02
0	1	4	14	-8.5915662e+02
0	1	4	15	-8.5660303e+02
0	1	4	16	-9.5962079e+02
0	1	4	17	-1.0382571e+03
0	1	4	18	-9.5470032e+02
0	1	4	19	-1.0571672e+03
0	1	4	20	-9.0781909e+02
0	1	4	21	-9.1566455e+02
0	1	4	22	-9.1174402e+02
0	1	4	23	-9.4739325e+02
0	1	4	24	-1.0546606e+03
0	1	4	25	-9.6052338e+02
0	1	4	26	-9.9973932e+02
0	1	4	27	-1.0441501e+03
0	1	4	28	-9.9525983e+02
0	1	4	29	-1.0474758e+03
0	1	4	30	-1.0222162e+03
0	1	4	31	-9.8140497e+02
0	1	4	32	-1.0284055e+03
0	1	4	33	-1.0472240e+03
0	1	4	34	-5.2870270e+02
0	1	4	35	-4.8694980e+02
0	1	4	36	-5.5959894e+02
0	1	4	37	-5.0980444e+02
0	1	4	38	-5.3630811e+02
0	1	4	39	-4.4309744e+02
0	1	4	40	-5.0747894e+02
0	1	4	41	-5.0015430e+02
0	1	4	42	-4.7470056e+02
0	1	4	43	-4.2414807e+02
0	1	4	44	-4.9683289e+02
0	1	4	45	-5.0182907e+02
0	1	4	46	-5.1978241e+02
0	1	4	47	-4.8429544e+02
0	1	4	48	-5.7795636e+02
0	1	4	49	-5.6682556e+02
0	1	4	50	-3.5500800e+02
0	1	4	51	8.9754944e+01
0	1	4	52	8.2894115e+00
0	1	4	53	-2.2721204e+02
0	1	4	54	-2.0101717e+02
0	1	4	55	-2.4109599e+02
0	1	4	56	-8.7845947e+01
0	1	4	57	-6.7322121e+01
0	1	4	58	-1.7276942e+02
0	1	4	59	-2.2676538e+02
0	1	4	60	-2.4163416e+02
0	1	4	61	-2.2000888e+02
0	1	4	62	-3.2020819e+02
0	1	4	63	-2.5063310e+02
0	1	5	0	-7.6557184e+02
0	1	5	1	-6.9513202e+02
0	1	5	2	-7.7258966e+02
0	1	5	3	-6.2758215e+02
0	1	5	4	-9.0307159e+02
0	1	5	5	-7.3802460e+02
0	1	5	6	-7.2117017e+02
0	1	5	7	-7.7087305e+02
0	1	5	8	-7.1523901e+02
0	1	5	9	-7.3147241e+02
0	1	5	10	-7.8631036e+02
0	1	5	11	-8.3789154e+02
0	1	5	12	-9.2072705e+02
0	1	5	13	-7.6078290e+02
0	1	5	14	-7.7876404e+02
0	1	5	15	-7.7532471e+02
0	1	5	16	-8.1080579e+02
0	1	5	17	-8.3640009e+02
0	1	5	18	-8.8960303e+02
0	1	5	19	-8.9549683e+02
0	1	5	20	-8.4559973e+02
0	1	5	21	-8.5043457e+02
0	1	5	22	-8.5452545e+02
0	1	5	23	-8.1772266e+02
0	1	5	24	-8.3478003e+02
0	1	5	25	-8.0839880e+02
0	1	5	26	-7.8616858e+02
0	1	5	27	-8.8367535e+02
0	1	5	28	-8.3691748e+02
0	1	5	29	-8.6125073e+02
0	1	5	30	-8.7833386e+02
0	1	5	31	-8.6216614e+02
0	1	5	32	-9.1170929e+02
0	1	5	33	-8.1136157e+02
0	1	5	34	-3.4825452e+02
0	1	5	35	-4.0573911e+02
0	1	5	36	-3.9111151e+02
0	1	5	37	-3.8746655e+02
0	1	5	38	-3.2989835e+02
0	1	5	39	-4.0454047e+02
0	1	5	40	-3.3359354e+02
0	1	5	41	-4.5245792e+02
0	1	5	42	-3.7752539e+02
0	1	5	43	-4.2332394e+02
0	1	5	44	-2.5466795e+02
0	1	5	45	-3.6843066e+02
0	1	5	46	-2.9996802e+02
0	1	5	47	-3.4298672e+02
0	1	5	48	-2.1468730e+02
0	1	5	49	-1.4444588e+02
0	1	5	50	-3.1845456e+02
0	1	5	51	1.1424681e+02
0	1	5	52	5.8720928e+01
0	1	5	53	-1.5360378e+02
0	1	5	54	-1.4864986e+02
0	1	5	55	1.1624066e+02
0	1	5	56	1.7604253e+02
0	1	5	57	-5.3190460e+01
0	1	5	58	-2.0238623e+02
0	1	5	59	-1.6280481e+02
0	1	5	60	1.0283253e+01
0	1	5	61	-2.2937384e+02
0	1	5	62	-2.3018044e+02
0	1	5	63	1.1683749e+01
0	1	6	0	-6.1242102e+02
0	1	6	1	-7.1077045e+02
0	1	6	2	-5.2993317e+02
0	1	6	3	-6.3794519e+02
0	1	6	4	-7.6227295e+02
0	1	6	5	-7.4009692e+02
0	1	6	6	-7.2233850e+02
0	1	6	7	-6.5958356e+02
0	1	6	8	-7.4454541e+02
0	1	6	9	-7.2506818e+02
0	1	6	10	-7.1072009e+02
0	1	6	11	-7.0197833e+02
0	1	6	12	-7.2167102e+02
0	1	6	13	-7.0956604e+02
0	1	6	14	-6.3079932e+02
0	1	6	15	-6.4907050e+02
0	1	6	16	-7.9155554e+02
0	1	6	17	-8.1054504e+02
0	1	6	18	-7.2942444e+02
0	1	6	19	-7.6471857e+02
0	1	6	20	-7.2587958e+02
0	1	6	21	-7.3486761e+02
0	1	6	22	-7.3982239e+02
0	1	6	23	-7.7344647e+02
0	1	6	24	-7.7999622e+02
0	1	6	25	-7.9880475e+02
0	1	6	26	-8.9365656e+02
0	1	6	27	-8.5370386e+02
0	1	6	28	-8.5633325e+02
0	1	6	29	-7.5815021e+02
0	1	6	30	-8.3661151e+02
0	1	6	31	-8.7760901e+02
0	1	6	32	-8.6556726e+02
0	1	6	33	-9.1886224e+02
0	1	6	34	-3.7296426e+02
0	1	6	35	-2.6312140e+02
0	1	6	36	-2.9877567e+02
0	1	6	37	-3.3422455e+02
0	1	6	38	-3.1618668e+02
0	1	6	39	-3.8927939e+02
0	1	6	40	-3.5378629e+02
0	1	6	41	-4.2845438e+02
0	1	6	42	-3.0531226e+02
0	1	6	43	-3.7577124e+02
0	1	6	44	-4.2089346e+02
0	1	6	45	-3.7754291e+02
0	1	6	46	-4.1417871e+02
0	1	6	47	-3.5875787e+02
0	1	6	48	-4.2094141e+02
0	1	6	49	-4.8521368e+02
0	1	6	50	-2.9345758e+02
0	1	6	51	1.7618027e+02
0	1	6	52	1.8008358e+01
0	1	6	53	-2.6117389e+02
0	1	6	54	-2.0956587e+02
0	1	6	55	-2.2359450e+02
0	1	6	56	-1.2677681e+02
0	1	6	57	-5.9986885e+01
0	1	6	58	-7.3412544e+01
0	1	6	59	-1.3727174e+02
0	1	6	60	-2.5458061e+02
0	1	6	61	-8.9155739e+01
0	1	6	62	-1.2638558e+02
0	1	6	63	-2.0788965e+02
0	1	7	0	-8.6592682e+02
0	1	7	1	-8.7961615e+02
0	1	7	2	-8.9764941e+02
0	1	7	3	-8.5325977e+02
0	1	7	4	-8.7757074e+02
0	1	7	5	-9.3073450e+02
0	1	7	6	-8.5800104e+02
0	1	7	7	-9.2402631e+02
0	1	7	8	-9.5264551e+02
0	1	7	9	-8.4598798e+02
0	1	7	10	-9.1979736e+02
0	1	7	11	-7.9279889e+02
0	1	7	12	-9.5160193e+02
0	1	7	13	-9.2132794e+02
0	1	7	14	-9.7831586e+02
0	1	7	15	-8.6825208e+02
0	1	7	16	-1.0283163e+03
0	1	7	17	-1.1318724e+03
0	1	7	18	-1.0921862e+03
0	1	7	19	-1.0744337e+03
0	1	7	20	-9.8493652e+02
0	1	7	21	-1.0532644e+03
0	1	7	22	-1.0321598e+03
0	1	7	23	-9.6760742e+02
0	1	7	24	-1.0006821e+03
0	1	7	25	-9.8739331e+02
0	1	7	26	-9.7136084e+02
0	1	7	27	-9.6753796e+02
0	1	7	28	-9.3420514e+02
0	1	7	29	-1.0562462e+03
0	1	7	30	-9.1965710e+02
0	1	7	31	-9.9807837e+02
0	1	7	32	-6.2906653e+02
0	1	7	33	-9.3977032e+02
0	1	7	34	-4.1596634e+02
0	1	7	35	-3.9515106e+02
0	1	7	36	-3.4861356e+02
0	1	7	37	-3.6053903e+02
0	1	7	38	-3.8340121e+02
0	1	7	39	-3.6539581e+02
0	1	7	40	-2.8271463e+02
0	1	7	41	-3.5095441e+02
0	1	7	42	-3.5641290e+02
0	1	7	43	-3.6278543e+02
0	1	7	44	-2.4694566e+02
0	1	7	45	-3.1267636e+02
0	1	7	46	-2.7242072e+02
0	1	7	47	-2.4915935e+02
0	1	7	48	-2.5820361e+02
0	1	7	49	-2.6862720e+02
0	1	7	50	-2.6218246e+02
0	1	7	51	9.2988945e+01
0	1	7	52	1.6816399e+02
0	1	7	53	-1.0030490e+02
0	1	7	54	-9.7186966e+01
0	1	7	55	-8.1528000e+01
0	1	7	56	1.5483694e+01
0	1	7	57	-1.2339032e+02
0	1	7	58	-2.3350035e+02
0	1	7	59	-1.7946356e+02
0	1	7	60	-8.5127922e+01
0	1	7	61	-2.2683990e+02
0	1	7	62	-2.2595677e+02
0	1	7	63	-7.6400208e+01
0	1	8	0	-5.1964502e+02
0	1	8	1	-6.8014264e+02
0	1	8	2	-6.7324646e+02
0	1	8	3	-5.8658148e+02
0	1	8	4	-7.8357434e+02
0	1	8	5	-6.8788538e+02
0	1	8	6	-7.5829462e+02
0	1	8	7	-5.7281476e+02
0	1	8	8	-6.5174896e+02
0	1	8	9	-6.4322961e+02
0	1	8	10	-6.4026691e+02
0	1	8	11	-6.9872260e+02
0	1	8	12	-7.5859320e+02
0	1	8	13	-6.9051544e+02
0	1	8	14	-6.6293414e+02
0	1	8	15	-6.8528589e+02
0	1	8	16	-8.0453058e+02
0	1	8	17	-7.8406061e+02
0	1	8	18	-7.1490704e+02
0	1	8	19	-7.3857788e+02
0	1	8	20	-7.3426764e+02
0	1	8	21	-7.2101782e+02
0	1	8	22	-7.7459479e+02
0	1	8	23	-8.2617474e+02
0	1	8	24	-8.1181525e+02
0	1	8	25	-7.6994635e+02
0	1	8	26	-7.9110492e+02
0	1	8	27	-8.5079431e+02
0	1	8	28	-8.4685724e+02
0	1	8	29	-8.9695135e+02
0	1	8	30	-8.6999225e+02
0	1	8	31	-9.0179681e+02
0	1	8	32	-8.2324744e+02
0	1	8	33	-8.9985193e+02
0	1	8	34	-3.4874515e+02
0	1	8	35	-4.1211545e+02
0	1	8	36	-3.5742416e+02
0	1	8	37	-4.0918692e+02
0	1	8	38	-2.6331146e+02
0	1	8	39	-3.6228534e+02
0	1	8	40	-4.3305829e+02
0	1	8	41	-3.8194089e+02
0	1	8	42	-4.6033871e+02
0	1	8	43	-4.3073291e+02
0	1	8	44	-3.9803485e+02
0	1	8	45	-3.9705969e+02
0	1	8	46	-4.7051398e+02
0	1	8	47	-3.9766565e+02
0	1	8	48	-4.8080508e+02
0	1	8	49	-4.6690363e+02
0	1	8	50	-3.6986438e+02
0	1	8	51	2.0933330e+02
0	1	8	52	8.7360901e+01
0	1	8	53	-2.0611905e+02
0	1	8	54	-1.6665028e+02
0	1	8	55	-2.2753596e+02
0	1	8	56	-8.0038307e+01
0	1	8	57	-2.9512812e+01
0	1	8	58	-7.2191307e+01
0	1	8	59	-1.1561935e+02
0	1	8	60	-2.9207715e+02
0	1	8	61	-1.2859563e+02
0	1	8	62	-1.3514658e+02
0	1	8	63	-2.0973213e+02
0	1	9	0	-8.3939703e+02
0	1	9	1	-7.4485547e+02
0	1	9	2	-7.5096118e+02
0	1	9	3	-7.2603711e+02
0	1	9	4	-7.6697217e+02
0	1	9	5	-8.5532623e+02
0	1	9	6	-8.1744080e+02
0	1	9	7	-8.1664197e+02
0	1	9	8	-8.1793744e+02
0	1	9	9	-7.7952661e+02
0	1	9	10	-8.6323358e+02
0	1	9	11	-7.5747125e+02
0	1	9	12	-8.6153748e+02
0	1	9	13	-8.0691913e+02
0	1	9	14	-9.1702637e+02
0	1	9	15	-8.0001099e+02
0	1	9	16	-9.8989569e+02
0	1	9	17	-9.0481689e+02
0	1	9	18	-9.0102344e+02
0	1	9	19	-8.2051526e+02
0	1	9	20	-7.8763177e+02
0	1	9	21	-8.6513281e+02
0	1	9	22	-7.8997607e+02
0	1	9	23	-7.9240790e+02
0	1	9	24	-9.1438959e+02
0	1	9	25	-7.6509888e+02
0	1	9	26	-8.1846759e+02
0	1	9	27	-7.9554974e+02
0	1	9	28	-7.6955768e+02
0	1	9	29	-7.7455023e+02
0	1	9	30	-7.7617828e+02
0	1	9	31	-9.3788586e+02
0	1	9	32	-8.5179749e+02
0	1	9	33	-8.1146265e+02
0	1	9	34	-2.7072290e+02
0	1	9	35	-3.2179291e+02
0	1	9	36	-2.5357620e+02
0	1	9	37	-1.6062573e+02
0	1	9	38	-2.8240848e+02
0	1	9	39	-2.3166309e+02
0	1	9	40	-1.0988017e+02
0	1	9	41	-3.9047226e+02
0	1	9	42	-1.4838745e+02
0	1	9	43	-2.0966208e+02
0	1	9	44	-9.1197258e+01
0	1	9	45	-2.1414459e+02
0	1	9	46	-6.3919849e+01
0	1	9	47	-2.3851254e+02
0	1	9	48	-1.7501057e+02
0	1	9	49	-2.6417438e+02
0	1	9	50	-2.0735767e+02
0	1	9	51	1.9445003e+02
0	1	9	52	2.2758290e+02
0	1	9	53	-7.4181213e+01
0	1	9	54	-5.5095348e+01
0	1	9	55	3.5688515e+01
0	1	9	56	1.4282318e+02
0	1	9	57	1.2669894e+02
0	1	9	58	-3.9991379e+00
0	1	9	59	-9.1769104e+01
0	1	9	60	7.9475868e+01
0	1	9	61	-1.2441513e+02
0	1	9	62	-8.9198349e+01
0	1	9	63	-6.9227123e+00
0	1	10	0	-8.3776471e+02
0	1	10	1	-8.9685748e+02
0	1	10	2	-8.2563440e+02
0	1	10	3	-8.6638843e+02
0	1	10	4	-8.9488855e+02
0	1	10	5	-8.6942957e+02
0	1	10	6	-9.3745880e+02
0	1	10	7	-8.2856628e+02
0	1	10	8	-8.7376215e+02
0	1	10	9	-8.5243658e+02
0	1	10	10	-9.3068378e+02
0	1	10	11	-8.4914600e+02
0	1	10	12	-9.5115961e+02
0	1	10	13	-9.1866827e+02
0	1	10	14	-8.5736871e+02
0	1	10	15	-8.9250165e+02
0	1	10	16	-9.9487335e+02
0	1	10	17	-1.0597593e+03
0	1	10	18	-9.3873444e+02
0	1	10	19	-1.0388026e+03
0	1	10	20	-8.4728937e+02
0	1	10	21	-9.1944476e+02
0	1	10	22	-9.7636731e+02
0	1	10	23	-1.0208016e+03
0	1	10	24	-1.0500311e+03
0	1	10	25	-9.7181543e+02
0	1	10	26	-1.0136193e+03
0	1	10	27	-1.0502650e+03
0	1	10	28	-1.0157203e+03
0	1	10	29	-1.0578379e+03
0	1	10	30	-1.0662294e+03
0	1	10	31	-1.0680104e+03
0	1	10	32	-1.0874930e+03
0	1	10	33	-1.1167069e+03
0	1	10	34	-6.0836957e+02
0	1	10	35	-4.6141830e+02
0	1	10	36	-5.1903229e+02
0	1	10	37	-4.9189285e+02
0	1	10	38	-5.5592566e+02
0	1	10	39	-5.4670404e+02
0	1	10	40	-4.4114685e+02
0	1	10	41	-5.4414429e+02
0	1	10	42	-5.1583624e+02
0	1	10	43	-5.0377490e+02
0	1	10	44	-5.6299048e+02
0	1	10	45	-5.3336908e+02
0	1	10	46	-5.7431506e+02
0	1	10	47	-5.0526813e+02
0	1	10	48	-5.9679541e+02
0	1	10	49	-6.0618237e+02
0	1	10	50	-5.3685144e+02
0	1	10	51	-8.6903618e+01
0	1	10	52	-3.8411583e+01
0	1	10	53	-3.3590491e+02
0	1	10	54	-3.4594516e+02
0	1	10	55	-4.1498596e+02
0	1	10	56	-2.3412799e+02
0	1	10	57	-1.3719568e+02
0	1	10	58	-3.3114371e+02
0	1	10	59	-3.2128839e+02
0	1	10	60	-3.7005038e+02
0	1	10	61	-3.7862714e+02
0	1	10	62	-3.7537427e+02
0	1	10	63	-3.2374530e+02
0	1	11	0	-7.2765277e+02
0	1	11	1	-7.2591754e+02
0	1	11	2	-7.6227039e+02
0	1	11	3	-7.1516718e+02
0	1	11	4	-7.2528174e+02
0	1	11	5	-7.6528345e+02
0	1	11	6	-7.1983282e+02
0	1	11	7	-7.6746722e+02
0	1	11	8	-7.7106799e+02
0	1	11	9	-7.1821796e+02
0	1	11	10	-7.4870001e+02
0	1	11	11	-7.1822876e+02
0	1	11	12	-7.6927563e+02
0	1	11	13	-7.2558136e+02
0	1	11	14	-8.2627490e+02
0	1	11	15	-7.6532501e+02
0	1	11	16	-9.1714301e+02
0	1	11	17	-9.0354688e+02
0	1	11	18	-9.0616632e+02
0	1	11	19	-8.9147089e+02
0	1	11	20	-8.9871893e+02
0	1	11	21	-9.2126965e+02
0	1	11	22	-7.9844141e+02
0	1	11	23	-7.2375250e+02
0	1	11	24	-9.0711023e+02
0	1	11	25	-8.3259143e+02
0	1	11	26	-8.0604608e+02
0	1	11	27	-8.8825653e+02
0	1	11	28	-8.2566431e+02
0	1	11	29	-7.8235443e+02
0	1	11	30	-8.3330255e+02
0	1	11	31	-8.6440070e+02
0	1	11	32	-9.3460736e+02
0	1	11	33	-9.8057764e+02
0	1	11	34	-3.5152670e+02
0	1	11	35	-4.4962332e+02
0	1	11	36	-2.5624826e+02
0	1	11	37	-2.5702545e+02
0	1	11	38	-4.6094641e+02
0	1	11	39	-3.7184616e+02
0	1	11	40	-3.2113300e+02
0	1	11	41	-4.5375864e+02
0	1	11	42	-3.3660910e+02
0	1	11	43	-4.5521130e+02
0	1	11	44	-2.7823740e+02
0	1	11	45	-3.9221432e+02
0	1	11	46	-2.8343152e+02
0	1	11	47	-3.4603873e+02
0	1	11	48	-3.7596616e+02
0	1	11	49	-4.0213428e+02
0	1	11	50	-4.0823828e+02
0	1	11	51	1.3307626e+01
0	1	11	52	4.0331013e+01
0	1	11	53	-1.8543831e+02
0	1	11	54	-1.7118387e+02
0	1	11	55	-9.6168304e+01
0	1	11	56	-6.0709934e+01
0	1	11	57	-8.9186775e+01
0	1	11	58	-1.8508922e+02
0	1	11	59	-2.2294487e+02
0	1	11	60	-1.6110588e+02
0	1	11	61	-2.7489825e+02
0	1	11	62	-2.4864107e+02
0	1	11	63	-1.5460817e+02
0	1	12	0	-8.0765753e+02
0	1	12	1	-7.4976691e+02
0	1	12	2	-7.1789423e+02
0	1	12	3	-7.9157428e+02
0	1	12	4	-9.1635931e+02
0	1	12	5	-8.3140723e+02
0	1	12	6	-8.3801636e+02
0	1	12	7	-8.0751666e+02
0	1	12	8	-7.9921649e+02
0	1	12	9	-7.5579987e+02
0	1	12	10	-7.4849036e+02
0	1	12	11	-8.3452032e+02
0	1	12	12	-9.1748468e+02
0	1	12	13	-8.9054901e+02
0	1	12	14	-8.3432782e+02
0	1	12	15	-7.4062823e+02
0	1	12	16	-9.3313416e+02
0	1	12	17	-8.6102057e+02
0	1	12	18	-9.1555786e+02
0	1	12	19	-8.6506158e+02
0	1	12	20	-8.8549060e+02
0	1	12	21	-8.6197388e+02
0	1	12	22	-8.5923254e+02
0	1	12	23	-7.8570374e+02
0	1	12	24	-8.8435480e+02
0	1	12	25	-8.3582111e+02
0	1	12	26	-9.8345856e+02
0	1	12	27	-9.4383606e+02
0	1	12	28	-8.9655145e+02
0	1	12	29	-9.9087103e+02
0	1	12	30	-1.0264303e+03
0	1	12	31	-9.5740588e+02
0	1	12	32	-9.4121301e+02
0	1	12	33	-9.7210590e+02
0	1	12	34	-4.3473230e+02
0	1	12	35	-3.7141330e+02
0	1	12	36	-3.4787146e+02
0	1	12	37	-3.7638861e+02
0	1	12	38	-3.3299271e+02
0	1	12	39	-3.2784882e+02
0	1	12	40	-3.8320306e+02
0	1	12	41	-3.7139423e+02
0	1	12	42	-2.9686856e+02
0	1	12	43	-2.8596106e+02
0	1	12	44	-2.2120270e+02
0	1	12	45	-3.2963293e+02
0	1	12	46	-2.2422787e+02
0	1	12	47	-3.0659195e+02
0	1	12	48	-2.9431427e+02
0	1	12	49	-3.1186621e+02
0	1	12	50	-2.8557529e+02
0	1	12	51	1.7189153e+02
0	1	12	52	2.0926784e+02
0	1	12	53	-1.1462888e+02
0	1	12	54	-1.1786962e+02
0	1	12	55	-1.2149405e+02
0	1	12	56	3.5029015e+01
0	1	12	57	-6.3713284e+01
0	1	12	58	-1.9473444e+02
0	1	12	59	-1.0381989e+02
0	1	12	60	-1.5255789e+02
0	1	12	61	-1.4446420e+02
0	1	12	62	-1.9043980e+02
0	1	12	63	-5.9598484e+01
0	1	13	0	-6.8697369e+02
0	1	13	1	-6.9417133e+02
0	1	13	2	-8.5485980e+02
0	1	13	3	-8.1579846e+02
0	1	13	4	-8.3968286e+02
0	1	13	5	-6.7799988e+02
0	1	13	6	-8.1407751e+02
0	1	13	7	-6.9351929e+02
0	1	13	8	-7.8532666e+02
0	1	13	9	-8.1487665e+02
0	1	13	10	-7.5450262e+02
0	1	13	11	-8.6372229e+02
0	1	13	12	-8.0771985e+02
0	1	13	13	-8.0979205e+02
0	1	13	14	-9.1122913e+02
0	1	13	15	-7.5825452e+02
0	1	13	16	-8.5139783e+02
0	1	13	17	-7.6447620e+02
0	1	13	18	-8.2811041e+02
0	1	13	19	-7.7878204e+02
0	1	13	20	-8.7224109e+02
0	1	13	21	-9.0367914e+02
0	1	13	22	-7.7984662e+02
0	1	13	23	-8.1049097e+02
0	1	13	24	-8.5352136e+02
0	1	13	25	-8.1021277e+02
0	1	13	26	-9.0865723e+02
0	1	13	27	-9.1411407e+02
0	1	13	28	-8.0145715e+02
0	1	13	29	-8.4143469e+02
0	1	13	30	-9.4110480e+02
0	1	13	31	-1.0543204e+03
0	1	13	32	-9.3382635e+02
0	1	13	33	-9.8972992e+02
0	1	13	34	-5.3674469e+02
0	1	13	35	-5.0190982e+02
0	1	13	36	-3.1527313e+02
0	1	13	37	-2.6211288e+02
0	1	13	38	-3.9034845e+02
0	1	13	39	-3.4209637e+02
0	1	13	40	-2.6416852e+02
0	1	13	41	-4.3253314e+02
0	1	13	42	-2.4603584e+02
0	1	13	43	-4.5699823e+02
0	1	13	44	-2.9449533e+02
0	1	13	45	-3.6289511e+02
0	1	13	46	-3.2865192e+02
0	1	13	47	-3.7997369e+02
0	1	13	48	-4.3770145e+02
0	1	13	49	-4.0268292e+02
0	1	13	50	-4.0482364e+02
0	1	13	51	8.4895851e+01
0	1	13	52	6.3154331e+01
0	1	13	53	-1.7700732e+02
0	1	13	54	-9.4217644e+01
0	1	13	55	-1.7606813e+02
0	1	13	56	-1.5150836e+02
0	1	13	57	-1.6328604e+02
0	1	13	58	-2.8163217e+02
0	1	13	59	-2.8429077e+02
0	1	13	60	-2.6226413e+02
0	1	13	61	-3.0809363e+02
0	1	13	62	-2.5686392e+02
0	1	13	63	-1.9251662e+02
0	1	14	0	-5.5113300e+02
0	1	14	1	-6.0302570e+02
0	1	14	2	-4.9338577e+02
0	1	14	3	-5.9527631e+02
0	1	14	4	-5.9533936e+02
0	1	14	5	-5.4849872e+02
0	1	14	6	-5.3159668e+02
0	1	14	7	-5.7598230e+02
0	1	14	8	-6.1221198e+02
0	1	14	9	-4.5003656e+02
0	1	14	10	-6.1384253e+02
0	1	14	11	-4.5962991e+02
0	1	14	12	-6.6637512e+02
0	1	14	13	-5.7249213e+02
0	1	14	14	-6.4602032e+02
0	1	14	15	-6.8215997e+02
0	1	14	16	-7.2585791e+02
0	1	14	17	-7.4805969e+02
0	1	14	18	-6.9905267e+02
0	1	14	19	-7.2139856e+02
0	1	14	20	-7.1932635e+02
0	1	14	21	-6.9224512e+02
0	1	14	22	-6.5465576e+02
0	1	14	23	-6.8894299e+02
0	1	14	24	-7.3464117e+02
0	1	14	25	-5.9510266e+02
0	1	14	26	-7.0309735e+02
0	1	14	27	-5.9476270e+02
0	1	14	28	-6.4362988e+02
0	1	14	29	-6.2403369e+02
0	1	14	30	-6.7777295e+02
0	1	14	31	-6.5765247e+02
0	1	14	32	-6.7341418e+02
0	1	14	33	-6.1696826e+02
0	1	14	34	-5.0622974e+01
0	1	14	35	-7.9636971e+01
0	1	14	36	-1.5455274e+01
0	1	14	37	2.7307899e+01
0	1	14	38	-1.7602179e+01
0	1	14	39	5.9340988e+01
0	1	14	40	-2.9488720e+01
0	1	14	41	7.1059799e+00
0	1	14	42	-7.8801066e-01
0	1	14	43	-5.0260401e+00
0	1	14	44	1.6564104e+02
0	1	14	45	6.3689399e+00
0	1	14	46	1.4019687e+02
0	1	14	47	4.8775066e+01
0	1	14	48	6.4419518e+01
0	1	14	49	6.7866547e+01
0	1	14	50	1.2312654e+02
0	1	14	51	5.3610168e+02
0	1	14	52	6.0554260e+02
0	1	14	53	2.5173895e+02
0	1	14	54	2.6136139e+02
0	1	14	55	2.8888147e+02
0	1	14	56	4.5558835e+02
0	1	14	57	3.7566943e+02
0	1	14	58	2.2289906e+02
0	1	14	59	2.6598483e+02
0	1	14	60	3.0576636e+02
0	1	14	61	2.5585698e+02
0	1	14	62	1.8596385e+02
0	1	14	63	2.9919290e+02
0	1	15	0	-4.3277853e+02
0	1	15	1	-5.8210730e+02
0	1	15	2	-6.0767029e+02
0	1	15	3	-6.1044885e+02
0	1	15	4	-7.0693665e+02
0	1	15	5	-5.1413843e+02
0	1	15	6	-5.4611926e+02
0	1	15	7	-5.0749106e+02
0	1	15	8	-6.5054315e+02
0	1	15	9	-6.9472620e+02
0	1	15	10	-5.7630798e+02
0	1	15	11	-7.5002991e+02
0	1	15	12	-6.4165912e+02
0	1	15	13	-5.9478015e+02
0	1	15	14	-7.0043353e+02
0	1	15	15	-6.3105518e+02
0	1	15	16	-6.1841534e+02
0	1	15	17	-5.5364105e+02
0	1	15	18	-6.7860229e+02
0	1	15	19	-6.1922760e+02
0	1	15	20	-6.4417523e+02
0	1	15	21	-6.4935846e+02
0	1	15	22	-5.9896619e+02
0	1	15	23	-5.6694293e+02
0	1	15	24	-6.8364471e+02
0	1	15	25	-6.3834039e+02
0	1	15	26	-7.7463483e+02
0	1	15	27	-7.1097113e+02
0	1	15	28	-6.2954388e+02
0	1	15	29	-7.2078552e+02
0	1	15	30	-7.4487408e+02
0	1	15	31	-7.7609161e+02
0	1	15	32	-8.3262897e+02
0	1	15	33	-8.2348901e+02
0	1	15	34	-1.8689581e+02
0	1	15	35	-3.2402090e+02
0	1	15	36	-2.0154494e+02
0	1	15	37	-2.3165196e+02
0	1	15	38	-2.5326851e+02
0	1	15	39	-2.5254274e+02
0	1	15	40	-2.6283810e+02
0	1	15	41	-3.4423373e+02
0	1	15	42	-2.9989471e+02
0	1	15	43	-3.0717807e+02
0	1	15	44	-2.9333081e+02
0	1	15	45	-3.6450821e+02
0	1	15	46	-3.2630582e+02
0	1	15	47	-3.4475391e+02
0	1	15	48	-3.5012827e+02
0	1	15	49	-3.7959366e+02
0	1	15	50	-2.4847734e+02
0	1	15	51	2.1608186e+02
0	1	15	52	1.4426067e+02
0	1	15	53	-1.0966597e+02
0	1	15	54	-1.2052825e+02
0	1	15	55	-1.4492050e+02
0	1	15	56	-2.6613995e+01
0	1	15	57	-3.8433678e+00
0	1	15	58	-5.2910908e+01
0	1	15	59	-2.4900236e+01
0	1	15	60	-1.1603810e+02
0	1	15	61	-1.6700552e+02
0	1	15	62	-1.0879150e+02
0	1	15	63	-1.3223218e+02
0	2	0	0	-1.2315068e+02
0	2	0	1	-1.9644374e+02
0	2	0	2	-1.4550294e+02
0	2	0	3	-8.2004570e+01
0	2	0	4	-2.2192412e+02
0	2	0	5	-1.7348434e+02
0	2	0	6	-1.8966467e+02
0	2	0	7	-9.4903755e+01
0	2	0	8	-1.0864041e+02
0	2	0	9	-6.3163471e+01
0	2	0	10	-1.6402374e+02
0	2	0	11	-2.2246762e+02
0	2	0	12	-2.4453693e+02
0	2	0	13	-1.8238181e+02
0	2	0	14	-1.2691344e+02
0	2	0	15	-1.5093898e+02
0	2	0	16	-2.3808867e+02
0	2	0	17	-3.1719983e+02
0	2	0	18	-2.8391510e+02
0	2	0	19	-2.3353882e+02
0	2	0	20	-1.4089267e+02
0	2	0	21	-2.6013602e+02
0	2	0	22	-2.4229294e+02
0	2	0	23	-2.1828078e+02
0	2	0	24	-2.8787390e+02
0	2	0	25	-3.3506659e+02
0	2	0	26	-3.7976447e+02
0	2	0	27	-3.3545389e+02
0	2	0	28	-3.1971445e+02
0	2	0	29	-3.0636316e+02
0	2	0	30	-2.7974469e+02
0	2	0	31	-3.4426199e+02
0	2	0	32	-4.0423431e+02
0	2	0	33	-3.4690381e+02
0	2	0	34	1.5174469e+02
0	2	0	35	1.4672760e+02
0	2	0	36	1.2318395e+02
0	2	0	37	1.0630048e+02
0	2	0	38	9.6619911e+01
0	2	0	39	1.4340521e+02
0	2	0	40	1.9867079e+01
0	2	0	41	6.6593979e+01
0	2	0	42	1.7887549e+02
0	2	0	43	5.8415695e+01
0	2	0	44	1.2442131e+02
0	2	0	45	5.1773251e+01
0	2	0	46	9.3631767e+01
0	2	0	47	8.7545235e+01
0	2	0	48	9.9932831e+01
0	2	0	49	-5.2200837e+00
0	2	0	50	1.6128522e+02
0	2	0	51	5.0366403e+02
0	2	0	52	5.4147125e+02
0	2	0	53	2.5449945e+02
0	2	0	54	3.4937515e+02
0	2	0	55	3.0625397e+02
0	2	0	56	3.7640607e+02
0	2	0	57	4.5266452e+02
0	2	0	58	4.0344913e+02
0	2	0	59	3.2029071e+02
0	2	0	60	3.3510657e+02
0	2	0	61	2.5344458e+02
0	2	0	62	3.8304602e+02
0	2	0	63	2.8710138e+02
0	2	1	0	-2.8495099e+02
0	2	1	1	-2.7680905e+02
0	2	1	2	-3.1501123e+02
0	2	1	3	-2.9824918e+02
0	2	1	4	-3.4015573e+02
0	2	1	5	-3.1650540e+02
0	2	1	6	-3.5810629e+02
0	2	1	7	-3.6676865e+02
0	2	1	8	-3.2350024e+02
0	2	1	9	-2.6815067e+02
0	2	1	10	-4.5473709e+02
0	2	1	11	-3.2863284e+02
0	2	1	12	-4.1134000e+02
0	2	1	13	-2.8632574e+02
0	2	1	14	-4.6327670e+02
0	2	1	15	-4.3493286e+02
0	2	1	16	-4.9389966e+02
0	2	1	17	-4.1934955e+02
0	2	1	18	-4.2092850e+02
0	2	1	19	-4.1073996e+02
0	2	1	20	-4.9636279e+02
0	2	1	21	-4.3778598e+02
0	2	1	22	-4.2282220e+02
0	2	1	23	-4.0745148e+02
0	2	1	24	-4.6188995e+02
0	2	1	25	-4.1982053e+02
0	2	1	26	-4.5503329e+02
0	2	1	27	-4.0082065e+02
0	2	1	28	-4.1397513e+02
0	2	1	29	-4.5674283e+02
0	2	1	30	-4.3415598e+02
0	2	1	31	-4.3363586e+02
0	2	1	32	-4.8427332e+02
0	2	1	33	-4.6640100e+02
0	2	1	34	1.0575774e+02
0	2	1	35	1.3132114e+01
0	2	1	36	7.4672516e+01
0	2	1	37	1.0313387e+02
0	2	1	38	1.2225638e+02
0	2	1	39	1.1302121e+02
0	2	1	40	1.4636356e+02
0	2	1	41	1.2236633e+02
0	2	1	42	1.5200267e+02
0	2	1	43	9.8756378e+01
0	2	1	44	1.6079889e+02
0	2	1	45	9.2394112e+01
0	2	1	46	1.0799506e+02
0	2	1	47	5.5646427e+01
0	2	1	48	7.0987762e+01
0	2	1	49	1.7540367e+02
0	2	1	50	1.0176039e+02
0	2	1	51	5.4837610e+02
0	2	1	52	5.8175269e+02
0	2	1	53	2.5324104e+02
0	2	1	54	2.9959012e+02
0	2	1	55	3.3193716e+02
0	2	1	56	4.7426294e+02
0	2	1	57	4.4069510e+02
0	2	1	58	3.0674661e+02
0	2	1	59	2.8950031e+02
0	2	1	60	3.3962027e+02
0	2	1	61	2.3103360e+02
0	2	1	62	2.8644034e+02
0	2	1	63	4.1868011e+02
0	2	2	0	-8.0996048e+01
0	2	2	1	-2.2606270e+02
0	2	2	2	-7.9670761e+01
0	2	2	3	-1.6942955e+02
0	2	2	4	-1.8289255e+02
0	2	2	5	-1.5899695e+02
0	2	2	6	-1.9752475e+02
0	2	2	7	-1.1539091e+02
0	2	2	8	-1.7741940e+02
0	2	2	9	-1.3816899e+02
0	2	2	10	-2.2796223e+02
0	2	2	11	-1.1729298e+02
0	2	2	12	-2.3312964e+02
0	2	2	13	-1.7445432e+02
0	2	2	14	-1.5285960e+02
0	2	2	15	-1.2458160e+02
0	2	2	16	-2.4333803e+02
0	2	2	17	-2.2345270e+02
0	2	2	18	-2.8607440e+02
0	2	2	19	-3.0261786e+02
0	2	2	20	-1.9516167e+02
0	2	2	21	-2.2689235e+02
0	2	2	22	-1.9314314e+02
0	2	2	23	-2.5755435e+02
0	2	2	24	-2.9481488e+02
0	2	2	25	-2.5430470e+02
0	2	2	26	-3.5681519e+02
0	2	2	27	-3.9350296e+02
0	2	2	28	-2.5897449e+02
0	2	2	29	-3.7158585e+02
0	2	2	30	-2.8074698e+02
0	2	2	31	-3.1604697e+02
0	2	2	32	-3.5375394e+02
0	2	2	33	-3.9347260e+02
0	2	2	34	1.7311024e+02
0	2	2	35	2.0637068e+02
0	2	2	36	1.4632181e+02
0	2	2	37	1.9709401e+02
0	2	2	38	1.9279636e+02
0	2	2	39	1.8806412e+02
0	2	2	40	1.9670551e+02
0	2	2	41	1.7413478e+02
0	2	2	42	1.8575246e+02
0	2	2	43	3.0330627e+02
0	2	2	44	2.9599582e+02
0	2	2	45	3.1810388e+02
0	2	2	46	2.6070990e+02
0	2	2	47	2.6396851e+02
0	2	2	48	2.8026166e+02
0	2	2	49	2.5906161e+02
0	2	2	50	2.2457529e+02
0	2	2	51	6.9944299e+02
0	2	2	52	8.0231689e+02
0	2	2	53	4.9693530e+02
0	2	2	54	4.8703363e+02
0	2	2	55	4.9310529e+02
0	2	2	56	6.1334149e+02
0	2	2	57	4.9029813e+02
0	2	2	58	4.4962570e+02
0	2	2	59	4.1823801e+02
0	2	2	60	4.5253748e+02
0	2	2	61	4.6412247e+02
0	2	2	62	4.3228525e+02
0	2	2	63	5.1800116e+02
0	2	3	0	-3.1021429e+02
0	2	3	1	-2.3067931e+02
0	2	3	2	-2.3813019e+02
0	2	3	3	-2.7709189e+02
0	2	3	4	-2.4083475e+02
0	2	3	5	-2.5268860e+02
0	2	3	6	-2.6533557e+02
0	2	3	7	-2.2317963e+02
0	2	3	8	-3.1636108e+02
0	2	3	9	-2.3259341e+02
0	2	3	10	-3.3119531e+02
0	2	3	11	-2.7032532e+02
0	2	3	12	-3.0917001e+02
0	2	3	13	-3.3291428e+02
0	2	3	14	-3.9618781e+02
0	2	3	15	-2.9864883e+02
0	2	3	16	-3.3946698e+02
0	2	3	17	-2.9865842e+02
0	2	3	18	-3.9149033e+02
0	2	3	19	-2.3836885e+02
0	2	3	20	-3.9733539e+02
0	2	3	21	-3.7395880e+02
0	2	3	22	-2.0936992e+02
0	2	3	23	-2.3783618e+02
0	2	3	24	-4.2536368e+02
0	2	3	25	-2.3609097e+02
0	2	3	26	-3.4454025e+02
0	2	3	27	-3.4857153e+02
0	2	3	28	-2.3749536e+02
0	2	3	29	-2.5213658e+02
0	2	3	30	-3.0347000e+02
0	2	3	31	-3.8148260e+02
0	2	3	32	-3.8833801e+02
0	2	3	33	-3.3543564e+02
0	2	3	34	2.9157309e+02
0	2	3	35	1.6636339e+02
0	2	3	36	2.6322861e+02
0	2	3	37	3.2204752e+02
0	2	3	38	2.3061514e+02
0	2	3	39	2.9984860e+02
0	2	3	40	3.6826379e+02
0	2	3	41	1.9989459e+02
0	2	3	42	4.3578387e+02
0	2	3	43	2.4863785e+02
0	2	3	44	2.6474026e+02
0	2	3	45	1.8216417e+02
0	2	3	46	3.1228220e+02
0	2	3	47	2.6813297e+02
0	2	3	48	3.0584143e+02
0	2	3	49	3.5549084e+02
0	2	3	50	2.5177773e+02
0	2	3	51	6.7700256e+02
0	2	3	52	6.5317700e+02
0	2	3	53	4.2607443e+02
0	2	3	54	5.1735596e+02
0	2	3	55	4.5346405e+02
0	2	3	56	6.0828339e+02
0	2	3	57	5.5346973e+02
0	2	3	58	4.3172141e+02
0	2	3	59	4.3516119e+02
0	2	3	60	4.2678690e+02
0	2	3	61	4.6255325e+02
0	2	3	62	3.4161893e+02
0	2	3	63	4.6223120e+02
0	2	4	0	1.2097601e+01
0	2	4	1	-3.0649666e+01
0	2	4	2	3.7286036e+00
0	2	4	3	4.1901398e+01
0	2	4	4	-1.1898965e+02
0	2	4	5	-2.6299170e+01
0	2	4	6	-1.1653448e+02
0	2	4	7	1.0715245e+02
0	2	4	8	-2.0296715e+01
0	2	4	9	3.8768351e+00
0	2	4	10	-8.4106522e+01
0	2	4	11	-4.1751987e+01
0	2	4	12	-8.0460266e+01
0	2	4	13	-6.3932518e+01
0	2	4	14	3.3509464e+01
0	2	4	15	8.5157608e+01
0	2	4	16	-4.7127777e+01
0	2	4	17	-9.3288643e+01
0	2	4	18	-1.6198040e+01
0	2	4	19	-1.4336804e+02
0	2	4	20	-7.1750557e+01
0	2	4	21	2.8932055e+01
0	2	4	22	-5.2321049e+01
0	2	4	23	-1.0481698e+02
0	2	4	24	-1.5824341e+02
0	2	4	25	-1.1937015e+02
0	2	4	26	-1.0709747e+02
0	2	4	27	-2.1664607e+02
0	2	4	28	-1.1392757e+02
0	2	4	29	-1.0057726e+02
0	2	4	30	-1.7005178e+01
0	2	4	31	-1.3598865e+02
0	2	4	32	-2.0325681e+02
0	2	4	33	-1.5510907e+02
0	2	4	34	2.8851114e+02
0	2	4	35	4.4339664e+02
0	2	4	36	4.5638940e+02
0	2	4	37	3.7123181e+02
0	2	4	38	3.0401370e+02
0	2	4	39	4.5848328e+02
0	2	4	40	3.4699863e+02
0	2	4	41	3.2332547e+02
0	2	4	42	3.6856549e+02
0	2	4	43	3.5280920e+02
0	2	4	44	3.9853741e+02
0	2	4	45	2.8975620e+02
0	2	4	46	3.9232947e+02
0	2	4	47	3.4726614e+02
0	2	4	48	3.4258145e+02
0	2	4	49	3.4357941e+02
0	2	4	50	4.1314740e+02
0	2	4	51	8.2625006e+02
0	2	4	52	8.0581714e+02
0	2	4	53	4.9525772e+02
0	2	4	54	5.1802783e+02
0	2	4	55	5.7069263e+02
0	2	4	56	6.8964758e+02
0	2	4	57	6.7109460e+02
0	2	4	58	5.7189435e+02
0	2	4	59	5.7706152e+02
0	2	4	60	5.9178931e+02
0	2	4	61	4.8477692e+02
0	2	4	62	5.5480170e+02
0	2	4	63	5.0372681e+02
0	2	5	0	5.0823219e+01
0	2	5	1	-1.1541206e+00
0	2	5	2	2.4087751e+01
0	2	5	3	-1.2042095e+02
0	2	5	4	1.8694299e+00
0	2	5	5	-1.5290331e+01
0	2	5	6	-2.6978958e+01
0	2	5	7	-9.4805231e+00
0	2	5	8	-1.0053427e+02
0	2	5	9	2.8371093e+00
0	2	5	10	-8.6810692e+01
0	2	5	11	-7.5955627e+01
0	2	5	12	-1.6609978e+02
0	2	5	13	-5.0918751e+01
0	2	5	14	-1.4016472e+02
0	2	5	15	-1.0418073e+02
0	2	5	16	-2.2919812e+02
0	2	5	17	-1.9899004e+02
0	2	5	18	-2.0604582e+02
0	2	5	19	-1.5837473e+02
0	2	5	20	-1.9609943e+02
0	2	5	21	-1.5902135e+02
0	2	5	22	-1.3633171e+02
0	2	5	23	-1.2671531e+02
0	2	5	24	-1.8267143e+02
0	2	5	25	-1.9645709e+02
0	2	5	26	-2.2510631e+02
0	2	5	27	-1.5180090e+02
0	2	5	28	-1.6000233e+02
0	2	5	29	-1.5842673e+02
0	2	5	30	-1.4384666e+02
0	2	5	31	-1.8224313e+02
0	2	5	32	-2.0045297e+02
0	2	5	33	-8.8269882e+01
0	2	5	34	3.9417422e+02
0	2	5	35	3.6114438e+02
0	2	5	36	3.5888617e+02
0	2	5	37	4.0349673e+02
0	2	5	38	3.3486673e+02
0	2	5	39	3.6763708e+02
0	2	5	40	4.2551767e+02
0	2	5	41	4.1518469e+02
0	2	5	42	5.2335724e+02
0	2	5	43	3.9426981e+02
0	2	5	44	4.6391632e+02
0	2	5	45	4.4778186e+02
0	2	5	46	4.3527432e+02
0	2	5	47	4.2830975e+02
0	2	5	48	4.4753839e+02
0	2	5	49	4.3905792e+02
0	2	5	50	4.2455200e+02
0	2	5	51	8.6869183e+02
0	2	5	52	9.0389337e+02
0	2	5	53	5.7952448e+02
0	2	5	54	6.3646991e+02
0	2	5	55	6.8200391e+02
0	2	5	56	7.1319592e+02
0	2	5	57	6.7915515e+02
0	2	5	58	5.8333673e+02
0	2	5	59	5.8306091e+02
0	2	5	60	6.8984271e+02
0	2	5	61	5.8127148e+02
0	2	5	62	6.3877185e+02
0	2	5	63	6.1987433e+02
0	2	6	0	6.8638855e+01
0	2	6	1	-2.0610695e+01
0	2	6	2	2.8394810e+01
0	2	6	3	2.3079369e+01
0	2	6	4	-2.3907536e+01
0	2	6	5	-1.8595747e+01
0	2	6	6	-5.7210350e+01
0	2	6	7	1.0974411e+02
0	2	6	8	-9.9076090e+00
0	2	6	9	-6.8873388e-01
0	2	6	10	-6.2861683e+01
0	2	6	11	2.4740097e+01
0	2	6	12	-1.2203177e+02
0	2	6	13	-1.1472222e+01
0	2	6	14	1.6697766e+02
0	2	6	15	-5.6396790e+01
0	2	6	16	-2.2728716e+01
0	2	6	17	-1.3576897e+02
0	2	6	18	7.6555733e+01
0	2	6	19	-1.1903651e+02
0	2	6	20	-3.4769791e+02
0	2	6	21	7.4354982e+00
0	2	6	22	-1.7341376e+02
0	2	6	23	-1.2843593e+02
0	2	6	24	-1.6221465e+02
0	2	6	25	-8.1648026e+01
0	2	6	26	-1.9053682e+02
0	2	6	27	-1.6514990e+02
0	2	6	28	-9.6068634e+01
0	2	6	29	-1.7500664e+02
0	2	6	30	-1.0175880e+02
0	2	6	31	-1.6424092e+02
0	2	6	32	-2.4212688e+02
0	2	6	33	-2.1391368e+02
0	2	6	34	2.5643951e+02
0	2	6	35	3.3186554e+02
0	2	6	36	2.9462766e+02
0	2	6	37	3.7879620e+02
0	2	6	38	3.2976297e+02
0	2	6	39	3.3631018e+02
0	2	6	40	1.9905460e+02
0	2	6	41	3.5035043e+02
0	2	6	42	3.4547751e+02
0	2	6	43	2.6440616e+02
0	2	6	44	3.5198831e+02
0	2	6	45	2.8001492e+02
0	2	6	46	0.0000000e+00
0	2	6	47	2.4634790e+02
0	2	6	48	3.0241492e+02
0	2	6	49	2.4728375e+02
0	2	6	50	3.1983041e+02
0	2	6	51	7.9686877e+02
0	2	6	52	6.9085913e+02
0	2	6	53	4.9057721e+02
0	2	6	54	4.4700995e+02
0	2	6	55	5.1012833e+02
0	2	6	56	6.0561499e+02
0	2	6	57	6.4163702e+02
0	2	6	58	5.4090472e+02
0	2	6	59	5.3286499e+02
0	2	6	60	5.2517902e+02
0	2	6	61	4.3600443e+02
0	2	6	62	4.7073291e+02
0	2	6	63	5.5963696e+02
0	2	7	0	5.9722891e+00
0	2	7	1	-8.4863720e+00
0	2	7	2	-3.7978085e+01
0	2	7	3	2.8133005e+01
0	2	7	4	-2.1689892e+01
0	2	7	5	2.1794333e+02
0	2	7	6	5.9804928e+01
0	2	7	7	6.9629901e+02
0	2	7	8	-5.5370930e+01
0	2	7	9	4.7249275e+01
0	2	7	10	8.8542847e+02
0	2	7	11	7.7950981e+01
0	2	7	12	-1.1147562e+02
0	2	7	13	3.9511093e+01
0	2	7	14	-1.0502857e+02
0	2	7	15	5.5991768e+01
0	2	7	16	-7.2306114e+01
0	2	7	17	-3.0593321e+01
0	2	7	18	-3.2622051e+01
0	2	7	19	-1.6733183e+01
0	2	7	20	-1.5399856e+01
0	2	7	21	-5.5431820e+01
0	2	7	22	-1.0770922e+02
0	2	7	23	-1.5644011e+01
0	2	7	24	-9.1908195e+01
0	2	7	25	-7.1238541e+01
0	2	7	26	-9.9569229e+01
0	2	7	27	-6.1628857e+01
0	2	7	28	-6.6438057e+01
0	2	7	29	-2.4215660e+01
0	2	7	30	-7.6391060e+01
0	2	7	31	-1.6932805e+02
0	2	7	32	-1.1428055e+02
0	2	7	33	-2.4312239e+01
0	2	7	34	4.6909186e+02
0	2	7	35	4.3598572e+02
0	2	7	36	4.4763293e+02
0	2	7	37	4.7542160e+02
0	2	7	38	4.2085489e+02
0	2	7	39	4.1508301e+02
0	2	7	40	5.2771899e+02
0	2	7	41	3.8178745e+02
0	2	7	42	5.0570605e+02
0	2	7	43	4.0830243e+02
0	2	7	44	3.4896573e+02
0	2	7	45	4.1954889e+02
0	2	7	46	5.1894373e+02
0	2	7	47	4.5184366e+02
0	2	7	48	4.3739734e+02
0	2	7	49	4.5779483e+02
0	2	7	50	4.5439539e+02
0	2	7	51	8.7520398e+02
0	2	7	52	9.1526917e+02
0	2	7	53	5.7961487e+02
0	2	7	54	6.7478912e+02
0	2	7	55	6.9682281e+02
0	2	7	56	8.6511957e+02
0	2	7	57	7.5656891e+02
0	2	7	58	6.0596729e+02
0	2	7	59	6.5490979e+02
0	2	7	60	6.9781750e+02
0	2	7	61	5.6428302e+02
0	2	7	62	5.7858099e+02
0	2	7	63	7.2217969e+02
0	2	8	0	6.5270401e+01
0	2	8	1	-4.9870419e+01
0	2	8	2	5.7397027e+00
0	2	8	3	-1.5321382e+01
0	2	8	4	-1.2667338e+02
0	2	8	5	-8.5602394e+01
0	2	8	6	-1.7394879e+02
0	2	8	7	-3.0839653e+01
0	2	8	8	-5.5985706e+01
0	2	8	9	-8.5007301e+01
0	2	8	10	-1.9808209e+02
0	2	8	11	-1.2917806e+01
0	2	8	12	-1.8766835e+02
0	2	8	13	-8.8442474e+01
0	2	8	14	-1.4867157e+01
0	2	8	15	-1.0818449e+02
0	2	8	16	-1.1954975e+02
0	2	8	17	-2.0112151e+02
0	2	8	18	-9.0196808e+01
0	2	8	19	-1.2009117e+02
0	2	8	20	-7.8401306e+01
0	2	8	21	-8.4172272e+01
0	2	8	22	-1.6915533e+02
0	2	8	23	-8.1322517e+01
0	2	8	24	-2.2608990e+02
0	2	8	25	-1.7399947e+02
0	2	8	26	-1.7660091e+02
0	2	8	27	-2.6554764e+02
0	2	8	28	-2.0240662e+02
0	2	8	29	-2.8055423e+02
0	2	8	30	-2.8941931e+02
0	2	8	31	-1.9635571e+02
0	2	8	32	-2.1472835e+02
0	2	8	33	-2.8616235e+02
0	2	8	34	1.9928413e+02
0	2	8	35	2.5418727e+02
0	2	8	36	2.5946130e+02
0	2	8	37	3.4703372e+02
0	2	8	38	3.0838354e+02
0	2	8	39	2.6193192e+02
0	2	8	40	2.1686151e+02
0	2	8	41	2.8519193e+02
0	2	8	42	2.9086542e+02
0	2	8	43	2.1157274e+02
0	2	8	44	2.3179660e+02
0	2	8	45	2.3440825e+02
0	2	8	46	3.1241837e+02
0	2	8	47	2.5954968e+02
0	2	8	48	3.3995581e+02
0	2	8	49	3.1002155e+02
0	2	8	50	2.6848532e+02
0	2	8	51	7.5361768e+02
0	2	8	52	7.8628320e+02
0	2	8	53	4.7115079e+02
0	2	8	54	4.5635178e+02
0	2	8	55	4.1643283e+02
0	2	8	56	5.4961157e+02
0	2	8	57	5.8512683e+02
0	2	8	58	5.9984949e+02
0	2	8	59	5.4721143e+02
0	2	8	60	4.3941769e+02
0	2	8	61	4.0783020e+02
0	2	8	62	4.4277103e+02
0	2	8	63	4.7899771e+02
0	2	9	0	1.8256441e+01
0	2	9	1	6.2987713e+01
0	2	9	2	5.1430294e+01
0	2	9	3	-1.5686459e+01
0	2	9	4	8.1808876e+01
0	2	9	5	-1.7413576e+01
0	2	9	6	6.2274544e+01
0	2	9	7	6.5975807e+01
0	2	9	8	-5.8346629e+00
0	2	9	9	5.0847641e+01
0	2	9	10	-3.6953545e+01
0	2	9	11	8.1042892e+01
0	2	9	12	-5.5472260e+01
0	2	9	13	1.0283208e+01
0	2	9	14	4.9774914e+01
0	2	9	15	-9.3869791e+00
0	2	9	16	-5.1883415e+01
0	2	9	17	-2.2651337e+01
0	2	9	18	-1.1475825e+02
0	2	9	19	-8.2872581e+01
0	2	9	20	-9.0973839e+01
0	2	9	21	-1.1075274e+01
0	2	9	22	5.4442528e+01
0	2	9	23	-5.1020206e+01
0	2	9	24	-1.0258884e+02
0	2	9	25	-1.9998049e+01
0	2	9	26	-1.3739886e+02
0	2	9	27	-4.9500282e+01
0	2	9	28	1.3460120e+01
0	2	9	29	-5.5719967e+01
0	2	9	30	-1.1100401e+02
0	2	9	31	-5.6793217e+01
0	2	9	32	-8.5953865e+01
0	2	9	33	2.0868256e+01
0	2	9	34	4.6769272e+02
0	2	9	35	4.5939709e+02
0	2	9	36	4.6263971e+02
0	2	9	37	4.9061987e+02
0	2	9	38	4.3532367e+02
0	2	9	39	5.4327313e+02
0	2	9	40	4.8064188e+02
0	2	9	41	4.0002563e+02
0	2	9	42	5.5617584e+02
0	2	9	43	4.1977298e+02
0	2	9	44	5.4435431e+02
0	2	9	45	4.9159531e+02
0	2	9	46	5.5069550e+02
0	2	9	47	4.5816104e+02
0	2	9	48	5.9552692e+02
0	2	9	49	4.4023993e+02
0	2	9	50	5.4232916e+02
0	2	9	51	9.4229102e+02
0	2	9	52	9.3077515e+02
0	2	9	53	6.5504297e+02
0	2	9	54	7.0298950e+02
0	2	9	55	7.1265393e+02
0	2	9	56	7.8946002e+02
0	2	9	57	7.6141748e+02
0	2	9	58	7.1620447e+02
0	2	9	59	6.9039899e+02
0	2	9	60	7.1705664e+02
0	2	9	61	6.2643719e+02
0	2	9	62	5.9813007e+02
0	2	9	63	6.8403375e+02
0	2	10	0	-5.7747253e+01
0	2	10	1	-7.3146805e+01
0	2	10	2	-2.2744804e+01
0	2	10	3	-2.7789145e+01
0	2	10	4	-1.6212694e+02
0	2	10	5	-7.8338585e+01
0	2	10	6	-2.1230592e+02
0	2	10	7	1.6325045e+01
0	2	10	8	-5.7629841e+01
0	2	10	9	-4.8602058e+01
0	2	10	10	-1.4321471e+02
0	2	10	11	-1.2066446e+02
0	2	10	12	-1.8919513e+02
0	2	10	13	-1.1919382e+02
0	2	10	14	-2.9012220e+01
0	2	10	15	-9.3259979e+01
0	2	10	16	-1.7822313e+02
0	2	10	17	-1.7282414e+02
0	2	10	18	-1.2574351e+02
0	2	10	19	-2.1148602e+02
0	2	10	20	-1.4623621e+02
0	2	10	21	-8.3125824e+01
0	2	10	22	-1.6435620e+02
0	2	10	23	-1.7072481e+02
0	2	10	24	-1.8486919e+02
0	2	10	25	-1.4003972e+02
0	2	10	26	-2.3097574e+02
0	2	10	27	-2.2516978e+02
0	2	10	28	-1.9541093e+02
0	2	10	29	-2.3660109e+02
0	2	10	30	-1.7189099e+02
0	2	10	31	-1.9988193e+02
0	2	10	32	-2.7128217e+02
0	2	10	33	-2.6539178e+02
0	2	10	34	2.9159061e+02
0	2	10	35	2.9959610e+02
0	2	10	36	2.7470999e+02
0	2	10	37	2.9359027e+02
0	2	10	38	1.8831371e+02
0	2	10	39	3.2348511e+02
0	2	10	40	2.1810931e+02
0	2	10	41	2.7365906e+02
0	2	10	42	3.4653146e+02
0	2	10	43	2.6754257e+02
0	2	10	44	3.4847943e+02
0	2	10	45	2.1060788e+02
0	2	10	46	4.1754306e+02
0	2	10	47	2.5935016e+02
0	2	10	48	2.9367001e+02
0	2	10	49	2.3355130e+02
0	2	10	50	3.3401947e+02
0	2	10	51	6.5799298e+02
0	2	10	52	7.1925714e+02
0	2	10	53	4.7993625e+02
0	2	10	54	4.3371826e+02
0	2	10	55	4.6968887e+02
0	2	10	56	6.2640796e+02
0	2	10	57	6.0809607e+02
0	2	10	58	4.8595035e+02
0	2	10	59	4.4571649e+02
0	2	10	60	4.9472812e+02
0	2	10	61	4.7334180e+02
0	2	10	62	4.8942581e+02
0	2	10	63	4.7154617e+02
0	2	11	0	-1.6631090e+02
0	2	11	1	-1.1594275e+02
0	2	11	2	-9.0256409e+01
0	2	11	3	-1.6359547e+02
0	2	11	4	-1.8477159e+02
0	2	11	5	-1.1320009e+02
0	2	11	6	-1.2270930e+02
0	2	11	7	-5.8442421e+01
0	2	11	8	-1.6781238e+02
0	2	11	9	-7.9340973e+01
0	2	11	10	-2.1336931e+02
0	2	11	11	-1.4748129e+02
0	2	11	12	-1.8099652e+02
0	2	11	13	-1.5004202e+02
0	2	11	14	-1.8649312e+02
0	2	11	15	-1.4175328e+02
0	2	11	16	-2.4609392e+02
0	2	11	17	-1.7508615e+02
0	2	11	18	-2.1654285e+02
0	2	11	19	-1.1706268e+02
0	2	11	20	-3.0671756e+02
0	2	11	21	-2.4374767e+02
0	2	11	22	-2.1061063e+02
0	2	11	23	4.2898416e+02
0	2	11	24	-2.8054929e+02
0	2	11	25	-2.2742393e+02
0	2	11	26	-2.5413422e+02
0	2	11	27	-1.9793575e+02
0	2	11	28	-2.3746475e+02
0	2	11	29	-2.3482518e+02
0	2	11	30	-2.6654974e+02
0	2	11	31	-2.8555368e+02
0	2	11	32	-2.9117734e+02
0	2	11	33	-2.2839838e+02
0	2	11	34	3.0030164e+02
0	2	11	35	2.2207692e+02
0	2	11	36	2.6722284e+02
0	2	11	37	2.9039655e+02
0	2	11	38	2.9727081e+02
0	2	11	39	2.8936917e+02
0	2	11	40	3.4591519e+02
0	2	11	41	2.2591272e+02
0	2	11	42	2.8841486e+02
0	2	11	43	2.9357166e+02
0	2	11	44	4.2103958e+02
0	2	11	45	2.6677420e+02
0	2	11	46	3.4992529e+02
0	2	11	47	3.0561664e+02
0	2	11	48	3.6615677e+02
0	2	11	49	3.7370712e+02
0	2	11	50	3.4257593e+02
0	2	11	51	7.9815442e+02
0	2	11	52	7.9136017e+02
0	2	11	53	5.6183325e+02
0	2	11	54	5.2100128e+02
0	2	11	55	5.3090076e+02
0	2	11	56	6.2086914e+02
0	2	11	57	5.9509241e+02
0	2	11	58	4.7103665e+02
0	2	11	59	5.3293311e+02
0	2	11	60	5.0259055e+02
0	2	11	61	4.6579590e+02
0	2	11	62	4.9644870e+02
0	2	11	63	5.7287183e+02
0	2	12	0	-1.2953407e+02
0	2	12	1	-1.9727332e+02
0	2	12	2	-1.3529536e+02
0	2	12	3	-1.7006203e+02
0	2	12	4	-2.3125359e+02
0	2	12	5	-2.5785483e+02
0	2	12	6	-2.7267966e+02
0	2	12	7	-1.4689749e+02
0	2	12	8	-2.4569092e+02
0	2	12	9	-2.1354211e+02
0	2	12	10	-2.6923752e+02
0	2	12	11	-2.1171431e+02
0	2	12	12	-3.6191519e+02
0	2	12	13	-2.6162274e+02
0	2	12	14	-2.5598267e+02
0	2	12	15	-2.5311748e+02
0	2	12	16	-3.0695401e+02
0	2	12	17	-4.0463516e+02
0	2	12	18	-2.8812146e+02
0	2	12	19	-3.7777301e+02
0	2	12	20	-2.3867221e+02
0	2	12	21	-2.9943771e+02
0	2	12	22	-3.1130936e+02
0	2	12	23	-3.5947787e+02
0	2	12	24	-4.3453784e+02
0	2	12	25	-3.1415826e+02
0	2	12	26	-3.9908447e+02
0	2	12	27	-4.0096759e+02
0	2	12	28	-3.1570602e+02
0	2	12	29	-4.1597653e+02
0	2	12	30	-3.8065924e+02
0	2	12	31	-3.6464059e+02
0	2	12	32	-3.8721127e+02
0	2	12	33	-3.5503131e+02
0	2	12	34	1.2548397e+02
0	2	12	35	1.2976059e+02
0	2	12	36	1.3840616e+02
0	2	12	37	1.3240904e+02
0	2	12	38	1.4747594e+02
0	2	12	39	1.1564802e+02
0	2	12	40	1.3092763e+02
0	2	12	41	8.4850838e+01
0	2	12	42	1.9677950e+02
0	2	12	43	1.5469611e+02
0	2	12	44	1.8887946e+02
0	2	12	45	1.6527197e+02
0	2	12	46	9.3703537e+01
0	2	12	47	1.1818041e+02
0	2	12	48	9.2207626e+01
0	2	12	49	5.0586552e+01
0	2	12	50	1.8679495e+02
0	2	12	51	5.6584198e+02
0	2	12	52	5.7746362e+02
0	2	12	53	2.0653105e+02
0	2	12	54	3.0609415e+02
0	2	12	55	2.5030276e+02
0	2	12	56	3.5037494e+02
0	2	12	57	4.2514328e+02
0	2	12	58	4.0634030e+02
0	2	12	59	2.9802811e+02
0	2	12	60	3.5011987e+02
0	2	12	61	2.5892200e+02
0	2	12	62	3.5982712e+02
0	2	12	63	3.7463190e+02
0	2	13	0	-2.0175694e+02
0	2	13	1	-7.1312935e+01
0	2	13	2	-8.3961418e+01
0	2	13	3	-1.4807292e+02
0	2	13	4	-1.6916235e+02
0	2	13	5	-1.6040344e+02
0	2	13	6	-1.3251683e+02
0	2	13	7	-1.1388514e+02
0	2	13	8	-2.1201077e+02
0	2	13	9	-1.1336951e+02
0	2	13	10	-1.6271342e+02
0	2	13	11	-1.5946632e+02
0	2	13	12	-2.4494458e+02
0	2	13	13	-1.6905571e+02
0	2	13	14	-2.8921393e+02
0	2	13	15	-2.0675146e+02
0	2	13	16	-2.7434729e+02
0	2	13	17	-2.2959703e+02
0	2	13	18	-3.1913824e+02
0	2	13	19	-2.9886722e+02
0	2	13	20	-3.0845215e+02
0	2	13	21	-2.7655783e+02
0	2	13	22	-2.0838501e+02
0	2	13	23	-2.5459608e+02
0	2	13	24	-3.2149582e+02
0	2	13	25	-2.2459332e+02
0	2	13	26	-3.1555444e+02
0	2	13	27	-2.8774945e+02
0	2	13	28	-1.9066663e+02
0	2	13	29	-1.9956346e+02
0	2	13	30	-2.1409850e+02
0	2	13	31	-2.6905032e+02
0	2	13	32	-2.7325485e+02
0	2	13	33	-2.7539398e+02
0	2	13	34	1.7897496e+02
0	2	13	35	2.3593893e+02
0	2	13	36	2.3872096e+02
0	2	13	37	2.5454919e+02
0	2	13	38	2.7602524e+02
0	2	13	39	2.7129639e+02
0	2	13	40	2.7976331e+02
0	2	13	41	2.8204562e+02
0	2	13	42	2.6899393e+02
0	2	13	43	2.2389177e+02
0	2	13	44	3.3111996e+02
0	2	13	45	2.0486821e+02
0	2	13	46	2.8206796e+02
0	2	13	47	2.6507999e+02
0	2	13	48	2.9221408e+02
0	2	13	49	2.4979041e+02
0	2	13	50	2.8663354e+02
0	2	13	51	6.5000922e+02
0	2	13	52	7.0339093e+02
0	2	13	53	4.1750159e+02
0	2	13	54	4.6402692e+02
0	2	13	55	5.2673114e+02
0	2	13	56	5.8512451e+02
0	2	13	57	5.8292871e+02
0	2	13	58	4.2594785e+02
0	2	13	59	4.6893802e+02
0	2	13	60	5.1248505e+02
0	2	13	61	3.3533783e+02
0	2	13	62	4.1097842e+02
0	2	13	63	5.0984250e+02
0	2	14	0	2.2445685e+02
0	2	14	1	-1.4914830e+02
0	2	14	2	-1.5267746e+02
0	2	14	3	6.7491235e+02
0	2	14	4	-2.2164987e+02
0	2	14	5	-2.1660905e+02
0	2	14	6	-2.2003357e+02
0	2	14	7	-8.1866600e+01
0	2	14	8	-1.6276143e+02
0	2	14	9	-1.2834108e+02
0	2	14	10	-1.7015913e+02
0	2	14	11	-1.8342252e+02
0	2	14	12	-2.8170520e+02
0	2	14	13	-9.4982300e+01
0	2	14	14	4.3467062e+02
0	2	14	15	-1.4150537e+02
0	2	14	16	-1.4597212e+02
0	2	14	17	-2.8426349e+02
0	2	14	18	-1.9874048e+02
0	2	14	19	-3.3162009e+02
0	2	14	20	-2.1507278e+02
0	2	14	21	-1.9259944e+02
0	2	14	22	-2.3543901e+02
0	2	14	23	-2.5123454e+02
0	2	14	24	-3.3115005e+02
0	2	14	25	-2.5318359e+02
0	2	14	26	-4.3347379e+02
0	2	14	27	-3.7210602e+02
0	2	14	28	-3.0277148e+02
0	2	14	29	-3.7926962e+02
0	2	14	30	-3.8881750e+02
0	2	14	31	-3.1816132e+02
0	2	14	32	-4.1420850e+02
0	2	14	33	-3.7494577e+02
0	2	14	34	1.4807889e+02
0	2	14	35	1.9900963e+02
0	2	14	36	1.7605353e+02
0	2	14	37	1.3165489e+02
0	2	14	38	2.3995729e+02
0	2	14	39	1.7650653e+02
0	2	14	40	2.2953769e+02
0	2	14	41	1.2498374e+02
0	2	14	42	2.6452490e+02
0	2	14	43	1.6138629e+02
0	2	14	44	2.4142285e+02
0	2	14	45	2.0891336e+02
0	2	14	46	1.2758324e+02
0	2	14	47	1.3842357e+02
0	2	14	48	4.0484811e+02
0	2	14	49	1.4236681e+02
0	2	14	50	2.3233762e+02
0	2	14	51	6.6155988e+02
0	2	14	52	6.1688257e+02
0	2	14	53	2.9171472e+02
0	2	14	54	3.9616119e+02
0	2	14	55	2.9810510e+02
0	2	14	56	4.9934805e+02
0	2	14	57	4.6959839e+02
0	2	14	58	4.6766504e+02
0	2	14	59	3.7328009e+02
0	2	14	60	3.4972021e+02
0	2	14	61	3.4864407e+02
0	2	14	62	3.8877246e+02
0	2	14	63	4.1803442e+02
0	2	15	0	-2.3716080e+02
0	2	15	1	-2.2765536e+02
0	2	15	2	-1.4290714e+02
0	2	15	3	-1.4599217e+02
0	2	15	4	-2.3256297e+02
0	2	15	5	-1.9333847e+02
0	2	15	6	-1.9009198e+02
0	2	15	7	-2.3291679e+02
0	2	15	8	-2.3374709e+02
0	2	15	9	-1.5480321e+02
0	2	15	10	-2.8991931e+02
0	2	15	11	-2.1642982e+02
0	2	15	12	-3.1366217e+02
0	2	15	13	-1.7657143e+02
0	2	15	14	-2.0332019e+02
0	2	15	15	-2.2043015e+02
0	2	15	16	-2.7663373e+02
0	2	15	17	-3.5608688e+02
0	2	15	18	-3.5227258e+02
0	2	15	19	-3.5219919e+02
0	2	15	20	-2.9925760e+02
0	2	15	21	-3.7985355e+02
0	2	15	22	-2.9227148e+02
0	2	15	23	-3.0441656e+02
0	2	15	24	-3.1367319e+02
0	2	15	25	-3.6847830e+02
0	2	15	26	-3.2492603e+02
0	2	15	27	-3.5247028e+02
0	2	15	28	-3.2953821e+02
0	2	15	29	-3.0949380e+02
0	2	15	30	-3.1801620e+02
0	2	15	31	-3.5738614e+02
0	2	15	32	-3.4154434e+02
0	2	15	33	-3.0805438e+02
0	2	15	34	2.3249702e+02
0	2	15	35	1.9252522e+02
0	2	15	36	2.5715707e+02
0	2	15	37	2.7402048e+02
0	2	15	38	1.9818137e+02
0	2	15	39	3.0138419e+02
0	2	15	40	3.8884085e+02
0	2	15	41	1.5822639e+02
0	2	15	42	3.2031573e+02
0	2	15	43	2.3319441e+02
0	2	15	44	3.9327451e+02
0	2	15	45	3.3253220e+02
0	2	15	46	3.1783521e+02
0	2	15	47	2.4597310e+02
0	2	15	48	0.0000000e+00
0	2	15	49	2.2830528e+02
0	2	15	50	2.5311162e+02
0	2	15	51	6.9852222e+02
0	2	15	52	7.3004803e+02
0	2	15	53	4.4082785e+02
0	2	15	54	4.4420459e+02
0	2	15	55	4.1632120e+02
0	2	15	56	6.5812720e+02
0	2	15	57	6.0936597e+02
0	2	15	58	4.6516904e+02
0	2	15	59	3.6414618e+02
0	2	15	60	4.6204910e+02
0	2	15	61	3.6617960e+02
0	2	15	62	4.0277863e+02
0	2	15	63	4.8215179e+02
1	0	0	0	-1.6636505e+02
1	0	0	1	-1.8423296e+02
1	0	0	2	-1.1240887e+02
1	0	0	3	-2.4744508e+02
1	0	0	4	-1.1960728e+02
1	0	0	5	-1.7582622e+02
1	0	0	6	-2.1056845e+02
1	0	0	7	-1.7688940e+02
1	0	0	8	-2.4353098e+02
1	0	0	9	-5.8884766e+01
1	0	0	10	-2.4356146e+02
1	0	0	11	-8.5749077e+01
1	0	0	12	-2.2757965e+02
1	0	0	13	-1.4180998e+02
1	0	0	14	-2.3826210e+02
1	0	0	15	-2.0980296e+02
1	0	0	16	-3.2746045e+02
1	0	0	17	-3.0846460e+02
1	0	0	18	-2.5913611e+02
1	0	0	19	-3.4200229e+02
1	0	0	20	-3.0706546e+02
1	0	0	21	-3.5579568e+02
1	0	0	22	-3.1409171e+02
1	0	0	23	-3.0461371e+02
1	0	0	24	-2.8078015e+02
1	0	0	25	-2.8510400e+02
1	0	0	26	-2.6201236e+02
1	0	0	27	-1.9884230e+02
1	0	0	28	-2.9647021e+02
1	0	0	29	-3.0064813e+02
1	0	0	30	-3.0052020e+02
1	0	0	31	-2.7774161e+02
1	0	0	32	-2.9845425e+02
1	0	0	33	-3.2553540e+02
1	0	0	34	2.1377513e+02
1	0	0	35	1.9886064e+02
1	0	0	36	2.2716866e+02
1	0	0	37	2.7737964e+02
1	0	0	38	2.5221498e+02
1	0	0	39	2.5730530e+02
1	0	0	40	2.1235573e+02
1	0	0	41	2.7613028e+02
1	0	0	42	3.6289136e+02
1	0	0	43	2.8585910e+02
1	0	0	44	3.3797119e+02
1	0	0	45	2.5685690e+02
1	0	0	46	2.8637509e+02
1	0	0	47	2.5488869e+02
1	0	0	48	3.5160199e+02
1	0	0	49	2.9678302e+02
1	0	0	50	2.8593552e+02
1	0	0	51	7.1099023e+02
1	0	0	52	8.2130713e+02
1	0	0	53	5.8910883e+02
1	0	0	54	5.0821722e+02
1	0	0	55	5.9309357e+02
1	0	0	56	6.2729785e+02
1	0	0	57	5.5767017e+02
1	0	0	58	4.6772455e+02
1	0	0	59	4.3736075e+02
1	0	0	60	5.1805035e+02
1	0	0	61	3.9760556e+02
1	0	0	62	4.5958478e+02
1	0	0	63	5.3498322e+02
1	0	1	0	1.9449086e+02
1	0	1	1	1.0542802e+02
1	0	1	2	8.9382408e+01
1	0	1	3	1.6412119e+02
1	0	1	4	4.0772671e+01
1	0	1	5	2.4783099e+02
1	0	1	6	7.4205795e+01
1	0	1	7	2.1194664e+02
1	0	1	8	1.2200306e+02
1	0	1	9	-8.7663946e+00
1	0	1	10	8.7477516e+01
1	0	1	11	6.8652964e+00
1	0	1	12	8.5349731e+01
1	0	1	13	9.4338669e+01
1	0	1	14	5.1524837e+01
1	0	1	15	8.3718826e+01
1	0	1	16	5.1445393e+01
1	0	1	17	5.2129436e+01
1	0	1	18	1.0239413e+02
1	0	1	19	1.3262746e+02
1	0	1	20	3.8009541e+01
1	0	1	21	1.0229092e+02
1	0	1	22	5.1147385e+01
1	0	1	23	1.0195139e+02
1	0	1	24	3.3921776e+01
1	0	1	25	7.6114449e+01
1	0	1	26	1.2947588e+02
1	0	1	27	3.0872503e+01
1	0	1	28	7.1017464e+01
1	0	1	29	-1.1213294e+01
1	0	1	30	2.5503561e-01
1	0	1	31	-6.6593605e+01
1	0	1	32	2.2481693e+01
1	0	1	33	-2.2848518e+01
1	0	1	34	4.8736719e+02
1	0	1	35	4.8112756e+02
1	0	1	36	5.0999454e+02
1	0	1	37	4.8349905e+02
1	0	1	38	5.4520551e+02
1	0	1	39	4.8620947e+02
1	0	1	40	5.3934741e+02
1	0	1	41	4.5905078e+02
1	0	1	42	5.6278290e+02
1	0	1	43	4.8944852e+02
1	0	1	44	4.4955298e+02
1	0	1	45	4.7874960e+02
1	0	1	46	4.4289566e+02
1	0	1	47	4.9751923e+02
1	0	1	48	4.2615500e+02
1	0	1	49	4.0246939e+02
1	0	1	50	5.1908331e+02
1	0	1	51	8.9608386e+02
1	0	1	52	9.6809454e+02
1	0	1	53	6.6581067e+02
1	0	1	54	7.1700897e+02
1	0	1	55	6.7393738e+02
1	0	1	56	7.4539740e+02
1	0	1	57	7.6920996e+02
1	0	1	58	8.6131830e+02
1	0	1	59	6.3247980e+02
1	0	1	60	7.2358899e+02
1	0	1	61	6.4732397e+02
1	0	1	62	7.5002722e+02
1	0	1	63	7.1671161e+02
1	0	2	0	1.6609842e+01
1	0	2	1	-3.3465611e+01
1	0	2	2	-1.5739415e+01
1	0	2	3	-1.2333410e+01
1	0	2	4	-2.6986570e+01
1	0	2	5	-2.2876966e+01
1	0	2	6	-1.2874800e+01
1	0	2	7	-2.0159452e+01
1	0	2	8	-3.0554749e+01
1	0	2	9	4.8843842e+01
1	0	2	10	-9.9838570e+01
1	0	2	11	3.9522125e+01
1	0	2	12	-7.7013443e+01
1	0	2	13	-3.5393745e+01
1	0	2	14	-5.6125736e+01
1	0	2	15	-1.3194591e+02
1	0	2	16	-1.8421803e+02
1	0	2	17	-1.6957542e+02
1	0	2	18	-1.0371486e+02
1	0	2	19	-1.8826308e+02
1	0	2	20	-1.5799115e+02
1	0	2	21	-1.9669943e+02
1	0	2	22	-1.5693774e+02
1	0	2	23	-1.7805344e+02
1	0	2	24	-1.6043233e+02
1	0	2	25	-1.1025390e+02
1	0	2	26	-1.8694113e+02
1	0	2	27	-1.2809070e+02
1	0	2	28	-1.8108179e+02
1	0	2	29	-1.4478680e+02
1	0	2	30	-1.8776402e+02
1	0	2	31	-2.0218903e+02
1	0	2	32	-1.6632492e+02
1	0	2	33	-1.3605083e+02
1	0	2	34	3.5552432e+02
1	0	2	35	3.9554117e+02
1	0	2	36	3.8473035e+02
1	0	2	37	4.3343369e+02
1	0	2	38	3.9349634e+02
1	0	2	39	4.1046146e+02
1	0	2	40	4.2118658e+02
1	0	2	41	3.6648309e+02
1	0	2	42	5.2124127e+02
1	0	2	43	3.5930554e+02
1	0	2	44	4.4159811e+02
1	0	2	45	3.9795438e+02
1	0	2	46	4.1521097e+02
1	0	2	47	4.0820004e+02
1	0	2	48	5.2830902e+02
1	0	2	49	4.3740585e+02
1	0	2	50	4.8289038e+02
1	0	2	51	8.8884174e+02
1	0	2	52	9.2642828e+02
1	0	2	53	5.4430774e+02
1	0	2	54	5.5997656e+02
1	0	2	55	7.1676117e+02
1	0	2	56	7.3979315e+02
1	0	2	57	7.4526740e+02
1	0	2	58	6.0775012e+02
1	0	2	59	6.4348730e+02
1	0	2	60	6.4491864e+02
1	0	2	61	5.6255841e+02
1	0	2	62	6.1521832e+02
1	0	2	63	7.0639252e+02
1	0	3	0	1.6538229e+02
1	0	3	1	1.6656540e+02
1	0	3	2	7.2325645e+01
1	0	3	3	9.6947090e+01
1	0	3	4	3.5664257e+01
1	0	3	5	1.1414091e+02
1	0	3	6	5.0516747e+01
1	0	3	7	1.3244212e+02
1	0	3	8	6.9230942e+01
1	0	3	9	5.2456947e+01
1	0	3	10	1.2355502e+02
1	0	3	11	-3.3051785e+01
1	0	3	12	-4.6563711e+00
1	0	3	13	1.5659955e+00
1	0	3	14	3.7301933e+01
1	0	3	15	2.0047379e+01
1	0	3	16	-5.6591938e+01
1	0	3	17	5.4973801e+01
1	0	3	18	-2.6173361e+01
1	0	3	19	1.3457687e+02
1	0	3	20	-1.0762328e+01
1	0	3	21	-3.3601191e+00
1	0	3	22	-2.7239399e+01
1	0	3	23	5.6951699e+00
1	0	3	24	-8.3483704e+01
1	0	3	25	-3.8590324e+00
1	0	3	26	-1.2981657e+02
1	0	3	27	-9.9561253e+00
1	0	3	28	-2.0621296e+01
1	0	3	29	-1.6015839e+01
1	0	3	30	-8.7729546e+01
1	0	3	31	-1.0662964e+02
1	0	3	32	-1.2940654e+02
1	0	3	33	-1.0302554e+02
1	0	3	34	4.0550253e+02
1	0	3	35	3.8747070e+02
1	0	3	36	4.2908575e+02
1	0	3	37	3.9448160e+02
1	0	3	38	5.3310089e+02
1	0	3	39	4.7395456e+02
1	0	3	40	4.3295389e+02
1	0	3	41	5.0948404e+02
1	0	3	42	4.2937549e+02
1	0	3	43	3.7247220e+02
1	0	3	44	4.2766754e+02
1	0	3	45	3.9372900e+02
1	0	3	46	4.6938177e+02
1	0	3	47	4.1350888e+02
1	0	3	48	3.9112939e+02
1	0	3	49	4.1749551e+02
1	0	3	50	5.1101700e+02
1	0	3	51	9.0978912e+02
1	0	3	52	9.0272845e+02
1	0	3	53	5.9911871e+02
1	0	3	54	5.8174548e+02
1	0	3	55	6.1414508e+02
1	0	3	56	7.2010339e+02
1	0	3	57	7.2955609e+02
1	0	3	58	6.2166779e+02
1	0	3	59	5.7330121e+02
1	0	3	60	5.5530988e+02
1	0	3	61	5.1995386e+02
1	0	3	62	5.8443726e+02
1	0	3	63	5.3655408e+02
1	0	4	0	1.0287544e+02
1	0	4	1	6.1496563e+01
1	0	4	2	9.5436424e+01
1	0	4	3	1.5058977e+02
1	0	4	4	8.4512909e+01
1	0	4	5	1.4070114e+02
1	0	4	6	1.7005125e+02
1	0	4	7	6.3102879e+01
1	0	4	8	7.2765678e+01
1	0	4	9	1.2510870e+02
1	0	4	10	-6.7806770e+01
1	0	4	11	7.4795715e+01
1	0	4	12	3.5473915e+01
1	0	4	13	4.8104752e+01
1	0	4	14	2.1201385e+02
1	0	4	15	7.4742897e+01
1	0	4	16	-4.3365978e+01
1	0	4	17	-3.5362934e+01
1	0	4	18	3.5939362e+01
1	0	4	19	4.6514580e+01
1	0	4	20	2.2987113e+00
1	0	4	21	-1.6782373e+00
1	0	4	22	1.7868834e+01
1	0	4	23	-4.0343643e+01
1	0	4	24	-2.5914347e+01
1	0	4	25	-1.8327656e+01
1	0	4	26	-7.2097298e+01
1	0	4	27	8.2577011e+01
1	0	4	28	2.0083191e+01
1	0	4	29	-1.8277826e+01
1	0	4	30	2.6514500e+01
1	0	4	31	2.9639730e+01
1	0	4	32	-6.3252949e+01
1	0	4	33	-5.1237381e+01
1	0	4	34	4.9045837e+02
1	0	4	35	4.8784793e+02
1	0	4	36	5.1199081e+02
1	0	4	37	5.1475452e+02
1	0	4	38	5.2757312e+02
1	0	4	39	5.7090002e+02
1	0	4	40	5.0241339e+02
1	0	4	41	5.1521381e+02
1	0	4	42	5.7575000e+02
1	0	4	43	6.1608490e+02
1	0	4	44	1.3539355e+02
1	0	4	45	4.8521368e+02
1	0	4	46	5.8621246e+02
1	0	4	47	4.6570102e+02
1	0	4	48	5.5973358e+02
1	0	4	49	5.6935229e+02
1	0	4	50	5.5332721e+02
1	0	4	51	1.0001589e+03
1	0	4	52	1.0764054e+03
1	0	4	53	7.9759460e+02
1	0	4	54	7.1714374e+02
1	0	4	55	8.6904047e+02
1	0	4	56	9.5582568e+02
1	0	4	57	9.8986566e+02
1	0	4	58	8.1730975e+02
1	0	4	59	8.3500409e+02
1	0	4	60	7.5911151e+02
1	0	4	61	7.9330334e+02
1	0	4	62	7.1638208e+02
1	0	4	63	7.9007404e+02
1	0	5	0	1.5675890e+02
1	0	5	1	9.5547234e+01
1	0	5	2	8.2699051e+01
1	0	5	3	9.2609543e+01
1	0	5	4	1.4846481e+00
1	0	5	5	1.4767989e+02
1	0	5	6	1.0801766e+02
1	0	5	7	1.0417295e+02
1	0	5	8	1.6635246e+02
1	0	5	9	5.9155132e+01
1	0	5	10	1.3026910e+02
1	0	5	11	1.0021867e+01
1	0	5	12	-4.5477859e+01
1	0	5	13	5.8525597e+01
1	0	5	14	-3.3586803e+01
1	0	5	15	1.5216400e+02
1	0	5	16	1.1431631e+01
1	0	5	17	4.3693214e+01
1	0	5	18	-2.2375504e+01
1	0	5	19	8.4674902e+00
1	0	5	20	-7.9070274e+01
1	0	5	21	-1.2411796e+01
1	0	5	22	-1.3816824e+01
1	0	5	23	4.3311031e+01
1	0	5	24	6.6474602e+01
1	0	5	25	-2.1732758e+01
1	0	5	26	-9.9970062e+01
1	0	5	27	-4.2653988e+01
1	0	5	28	-5.8016670e+01
1	0	5	29	-4.0902138e+01
1	0	5	30	-1.0050038e+02
1	0	5	31	-7.1444504e+01
1	0	5	32	-1.8234140e+00
1	0	5	33	-1.1237122e+02
1	0	5	34	4.9805829e+02
1	0	5	35	5.0960199e+02
1	0	5	36	4.0339825e+02
1	0	5	37	4.3608850e+02
1	0	5	38	4.9449164e+02
1	0	5	39	4.6454123e+02
1	0	5	40	4.9644479e+02
1	0	5	41	4.4416492e+02
1	0	5	42	4.6777292e+02
1	0	5	43	3.8758063e+02
1	0	5	44	4.8336914e+02
1	0	5	45	4.1248376e+02
1	0	5	46	4.1851981e+02
1	0	5	47	4.8441843e+02
1	0	5	48	3.8742941e+02
1	0	5	49	4.2424869e+02
1	0	5	50	5.3273694e+02
1	0	5	51	8.6649072e+02
1	0	5	52	9.3002466e+02
1	0	5	53	7.1962225e+02
1	0	5	54	6.3126825e+02
1	0	5	55	6.5876495e+02
1	0	5	56	7.6530255e+02
1	0	5	57	7.8022876e+02
1	0	5	58	6.7650208e+02
1	0	5	59	6.3517535e+02
1	0	5	60	6.4291937e+02
1	0	5	61	4.8433066e+02
1	0	5	62	6.8429443e+02
1	0	5	63	7.0246344e+02
1	0	6	0	1.4389294e+02
1	0	6	1	1.5531636e+02
1	0	6	2	2.5841791e+02
1	0	6	3	1.2896657e+02
1	0	6	4	1.3821881e+02
1	0	6	5	1.1988564e+02
1	0	6	6	7.8713303e+01
1	0	6	7	1.2460702e+02
1	0	6	8	9.6664719e+01
1	0	6	9	2.2325787e+02
1	0	6	10	1.1324590e+02
1	0	6	11	1.8482675e+02
1	0	6	12	4.0536694e+01
1	0	6	13	1.0242468e+02
1	0	6	14	9.5853241e+01
1	0	6	15	1.5475124e+02
1	0	6	16	5.7578995e+01
1	0	6	17	3.0056381e+01
1	0	6	18	6.0032242e+01
1	0	6	19	1.1710306e+01
1	0	6	20	9.5821739e+01
1	0	6	21	6.0699608e+01
1	0	6	22	2.8214458e+01
1	0	6	23	6.6070236e+01
1	0	6	24	6.8085175e+01
1	0	6	25	8.0004143e+01
1	0	6	26	4.9474373e+01
1	0	6	27	6.6809250e+01
1	0	6	28	3.3124809e+01
1	0	6	29	3.5551697e+01
1	0	6	30	2.6696527e+01
1	0	6	31	-1.9312429e+01
1	0	6	32	-3.5097328e+01
1	0	6	33	1.2781763e+00
1	0	6	34	5.7580072e+02
1	0	6	35	6.1835126e+02
1	0	6	36	6.4661310e+02
1	0	6	37	6.0104803e+02
1	0	6	38	6.5305414e+02
1	0	6	39	6.0520416e+02
1	0	6	40	5.2792596e+02
1	0	6	41	5.6578375e+02
1	0	6	42	6.2997736e+02
1	0	6	43	6.5754480e+02
1	0	6	44	7.3781372e+02
1	0	6	45	5.8553772e+02
1	0	6	46	7.0125073e+02
1	0	6	47	5.7249030e+02
1	0	6	48	6.5516736e+02
1	0	6	49	6.2892706e+02
1	0	6	50	7.0731042e+02
1	0	6	51	1.0492029e+03
1	0	6	52	1.0722408e+03
1	0	6	53	7.8427008e+02
1	0	6	54	8.0392438e+02
1	0	6	55	8.9471802e+02
1	0	6	56	9.8379919e+02
1	0	6	57	9.6051282e+02
1	0	6	58	8.7139557e+02
1	0	6	59	8.3037341e+02
1	0	6	60	8.0891113e+02
1	0	6	61	6.7635815e+02
1	0	6	62	7.4395856e+02
1	0	6	63	7.9173218e+02
1	0	7	0	2.7802206e+02
1	0	7	1	1.9459430e+02
1	0	7	2	1.7732808e+02
1	0	7	3	2.3164508e+02
1	0	7	4	1.8711560e+02
1	0	7	5	2.6909146e+02
1	0	7	6	2.3953619e+02
1	0	7	7	3.1220221e+02
1	0	7	8	1.7987215e+02
1	0	7	9	1.9143372e+02
1	0	7	10	1.6817850e+02
1	0	7	11	1.9436124e+02
1	0	7	12	1.1385088e+02
1	0	7	13	1.9809181e+02
1	0	7	14	1.1232066e+02
1	0	7	15	1.4304860e+02
1	0	7	16	1.4999603e+02
1	0	7	17	1.1354129e+02
1	0	7	18	1.4245920e+02
1	0	7	19	1.4793617e+02
1	0	7	20	9.9874893e+01
1	0	7	21	9.0828880e+01
1	0	7	22	1.6369937e+02
1	0	7	23	1.2987967e+02
1	0	7	24	1.3162279e+02
1	0	7	25	4.6480492e+01
1	0	7	26	8.6897766e+01
1	0	7	27	8.7080048e+01
1	0	7	28	1.0178382e+02
1	0	7	29	3.7653824e+01
1	0	7	30	8.8184296e+01
1	0	7	31	8.1389763e+01
1	0	7	32	2.0973375e+01
1	0	7	33	9.7026070e+01
1	0	7	34	5.7897369e+02
1	0	7	35	5.6540588e+02
1	0	7	36	6.1576147e+02
1	0	7	37	-2.4874373e+03
1	0	7	38	6.4464429e+02
1	0	7	39	5.8142432e+02
1	0	7	40	5.7596063e+02
1	0	7	41	5.4418835e+02
1	0	7	42	5.9117096e+02
1	0	7	43	5.4697339e+02
1	0	7	44	6.1816376e+02
1	0	7	45	5.3662927e+02
1	0	7	46	5.1849261e+02
1	0	7	47	5.2982440e+02
1	0	7	48	5.3405261e+02
1	0	7	49	5.1854407e+02
1	0	7	50	5.3034912e+02
1	0	7	51	9.7776074e+02
1	0	7	52	9.5736041e+02
1	0	7	53	7.3187347e+02
1	0	7	54	7.9538135e+02
1	0	7	55	-2.4874373e+03
1	0	7	56	8.5565778e+02
1	0	7	57	8.9484869e+02
1	0	7	58	8.3802472e+02
1	0	7	59	7.9948877e+02
1	0	7	60	8.5746472e+02
1	0	7	61	7.9468890e+02
1	0	7	62	7.8663263e+02
1	0	7	63	7.6753491e+02
1	0	8	0	2.3633067e+02
1	0	8	1	2.8633762e+02
1	0	8	2	1.7178012e+02
1	0	8	3	1.4393739e+02
1	0	8	4	1.5736885e+02
1	0	8	5	1.5685216e+02
1	0	8	6	1.1741283e+02
1	0	8	7	1.4474239e+02
1	0	8	8	1.2647266e+02
1	0	8	9	2.0544922e+02
1	0	8	10	1.3954778e+01
1	0	8	11	3.1569736e+02
1	0	8	12	1.8769106e+02
1	0	8	13	1.6769342e+02
1	0	8	14	9.9335747e+01
1	0	8	15	1.0012368e+02
1	0	8	16	4.7048645e+01
1	0	8	17	8.0364410e+01
1	0	8	18	1.5006706e+01
1	0	8	19	3.7195980e+01
1	0	8	20	6.5278549e+01
1	0	8	21	1.0464805e+01
1	0	8	22	9.6955345e+01
1	0	8	23	2.3931966e+02
1	0	8	24	1.9611063e+01
1	0	8	25	4.2133659e+01
1	0	8	26	5.4895927e+01
1	0	8	27	4.1356384e+01
1	0	8	28	2.3969988e+01
1	0	8	29	-2.0303171e+01
1	0	8	30	5.5611568e+01
1	0	8	31	1.7265927e+02
1	0	8	32	7.1506281e+00
1	0	8	33	5.2466778e+01
1	0	8	34	5.0543750e+02
1	0	8	35	5.7460211e+02
1	0	8	36	5.6835608e+02
1	0	8	37	6.9393011e+02
1	0	8	38	5.9888354e+02
1	0	8	39	6.0836084e+02
1	0	8	40	6.1681824e+02
1	0	8	41	5.6572052e+02
1	0	8	42	6.2351727e+02
1	0	8	43	5.8708612e+02
1	0	8	44	6.6987274e+02
1	0	8	45	6.1241229e+02
1	0	8	46	6.0728430e+02
1	0	8	47	5.9975897e+02
1	0	8	48	7.6911267e+02
1	0	8	49	6.1500537e+02
1	0	8	50	6.5146692e+02
1	0	8	51	1.2089113e+03
1	0	8	52	1.1469773e+03
1	0	8	53	7.2719171e+02
1	0	8	54	7.5735962e+02
1	0	8	55	9.0452979e+02
1	0	8	56	1.0244117e+03
1	0	8	57	9.9248932e+02
1	0	8	58	8.6308276e+02
1	0	8	59	7.8725012e+02
1	0	8	60	9.0974091e+02
1	0	8	61	8.9281921e+02
1	0	8	62	8.4939404e+02
1	0	8	63	8.4293964e+02
1	0	9	0	3.8886234e+02
1	0	9	1	2.1647989e+02
1	0	9	2	3.0590741e+02
1	0	9	3	2.8506091e+02
1	0	9	4	1.8754382e+02
1	0	9	5	4.5887390e+02
1	0	9	6	2.4193895e+02
1	0	9	7	2.6821176e+02
1	0	9	8	3.6567142e+02
1	0	9	9	2.1249896e+02
1	0	9	10	3.3568475e+02
1	0	9	11	1.9201050e+02
1	0	9	12	1.8457468e+02
1	0	9	13	2.8417117e+02
1	0	9	14	1.6735513e+02
1	0	9	15	2.4185155e+02
1	0	9	16	2.0852101e+02
1	0	9	17	1.8690999e+02
1	0	9	18	1.9836745e+02
1	0	9	19	1.7840576e+02
1	0	9	20	1.6076811e+02
1	0	9	21	1.4366124e+02
1	0	9	22	2.5016658e+02
1	0	9	23	2.2144875e+02
1	0	9	24	9.1122314e+01
1	0	9	25	2.2144279e+02
1	0	9	26	8.5826141e+01
1	0	9	27	1.4417419e+02
1	0	9	28	7.3558830e+01
1	0	9	29	8.7457985e+01
1	0	9	30	1.0882140e+02
1	0	9	31	9.2086082e+01
1	0	9	32	1.1749682e+02
1	0	9	33	8.7797462e+01
1	0	9	34	7.1112140e+02
1	0	9	35	6.1258691e+02
1	0	9	36	7.0770142e+02
1	0	9	37	6.6240979e+02
1	0	9	38	7.4604517e+02
1	0	9	39	5.9721979e+02
1	0	9	40	7.2623206e+02
1	0	9	41	6.0687885e+02
1	0	9	42	6.8069238e+02
1	0	9	43	7.0785095e+02
1	0	9	44	6.7416809e+02
1	0	9	45	6.1783154e+02
1	0	9	46	7.0824664e+02
1	0	9	47	6.4906000e+02
1	0	9	48	6.3956342e+02
1	0	9	49	5.8115161e+02
1	0	9	50	7.3038910e+02
1	0	9	51	9.8025037e+02
1	0	9	52	1.1454750e+03
1	0	9	53	8.0242297e+02
1	0	9	54	8.3173419e+02
1	0	9	55	7.8472900e+02
1	0	9	56	9.1841943e+02
1	0	9	57	9.1469049e+02
1	0	9	58	9.1103717e+02
1	0	9	59	8.0423926e+02
1	0	9	60	7.6675244e+02
1	0	9	61	7.6009222e+02
1	0	9	62	8.5419495e+02
1	0	9	63	9.4453143e+02
1	0	10	0	1.0473415e+02
1	0	10	1	4.6588863e+01
1	0	10	2	1.5091998e+02
1	0	10	3	1.2279835e+02
1	0	10	4	8.1872154e+01
1	0	10	5	9.4699997e+01
1	0	10	6	1.4051530e+02
1	0	10	7	1.2046263e+02
1	0	10	8	-7.1692753e+00
1	0	10	9	1.4916087e+02
1	0	10	10	2.8247221e+00
1	0	10	11	1.6534970e+02
1	0	10	12	7.5083534e+01
1	0	10	13	1.2439012e+02
1	0	10	14	3.2976936e+01
1	0	10	15	1.5072701e+02
1	0	10	16	-6.1816654e+01
1	0	10	17	-5.8508171e+01
1	0	10	18	5.7350202e+00
1	0	10	19	-3.5652537e+00
1	0	10	20	1.9850048e+01
1	0	10	21	2.1797962e+01
1	0	10	22	1.3635922e+01
1	0	10	23	-5.2631111e+01
1	0	10	24	-2.4747847e+01
1	0	10	25	-8.6216759e+01
1	0	10	26	5.5842872e+00
1	0	10	27	4.5638302e+01
1	0	10	28	2.9374762e+01
1	0	10	29	1.4298734e+01
1	0	10	30	5.3636084e+00
1	0	10	31	6.7870460e+00
1	0	10	32	-3.4639412e+01
1	0	10	33	-7.0774986e+01
1	0	10	34	4.9802783e+02
1	0	10	35	5.4049091e+02
1	0	10	36	5.3853198e+02
1	0	10	37	5.8037927e+02
1	0	10	38	5.4671619e+02
1	0	10	39	4.6821521e+02
1	0	10	40	5.3617065e+02
1	0	10	41	5.3514465e+02
1	0	10	42	6.6462036e+02
1	0	10	43	6.0497400e+02
1	0	10	44	6.8033942e+02
1	0	10	45	5.6043372e+02
1	0	10	46	5.7844031e+02
1	0	10	47	5.6317181e+02
1	0	10	48	5.8717706e+02
1	0	10	49	6.2690790e+02
1	0	10	50	5.4602710e+02
1	0	10	51	1.0632507e+03
1	0	10	52	1.0752040e+03
1	0	10	53	-2.9881299e+02
1	0	10	54	4.2668378e+02
1	0	10	55	8.5467053e+02
1	0	10	56	9.4961639e+02
1	0	10	57	8.7803857e+02
1	0	10	58	8.3135828e+02
1	0	10	59	7.2232465e+02
1	0	10	60	8.3830029e+02
1	0	10	61	7.1909015e+02
1	0	10	62	7.3730054e+02
1	0	10	63	8.1011041e+02
1	0	11	0	2.2854723e+02
1	0	11	1	1.9598035e+02
1	0	11	2	1.1943507e+02
1	0	11	3	2.0139687e+02
1	0	11	4	1.4737854e+02
1	0	11	5	1.7176196e+02
1	0	11	6	1.2383971e+02
1	0	11	7	2.1925137e+02
1	0	11	8	1.7531754e+02
1	0	11	9	1.9830835e+02
1	0	11	10	1.9874280e+02
1	0	11	11	1.5361440e+02
1	0	11	12	8.4622383e+01
1	0	11	13	2.3396173e+02
1	0	11	14	6.9720619e+01
1	0	11	15	1.9854033e+02
1	0	11	16	9.9886543e+01
1	0	11	17	1.2910123e+02
1	0	11	18	1.2682493e+02
1	0	11	19	1.3658875e+02
1	0	11	20	1.0568904e+02
1	0	11	21	9.0741661e+01
1	0	11	22	1.4695624e+02
1	0	11	23	1.1143074e+02
1	0	11	24	2.5066010e+01
1	0	11	25	9.7714760e+01
1	0	11	26	6.8028008e+01
1	0	11	27	8.7253784e+01
1	0	11	28	1.1049174e+02
1	0	11	29	2.4041740e+01
1	0	11	30	5.4134079e+01
1	0	11	31	5.9406765e+01
1	0	11	32	6.5033478e+01
1	0	11	33	4.3310097e+01
1	0	11	34	5.7899207e+02
1	0	11	35	5.4679553e+02
1	0	11	36	5.8150824e+02
1	0	11	37	5.9567310e+02
1	0	11	38	6.3377319e+02
1	0	11	39	5.7717267e+02
1	0	11	40	-6.2372681e+02
1	0	11	41	5.5020050e+02
1	0	11	42	5.5606830e+02
1	0	11	43	6.0450012e+02
1	0	11	44	6.0564032e+02
1	0	11	45	5.9446588e+02
1	0	11	46	6.2670300e+02
1	0	11	47	5.2614740e+02
1	0	11	48	5.4336780e+02
1	0	11	49	5.6816138e+02
1	0	11	50	6.7771655e+02
1	0	11	51	9.8782068e+02
1	0	11	52	1.0184127e+03
1	0	11	53	7.3445282e+02
1	0	11	54	7.7719495e+02
1	0	11	55	7.9566193e+02
1	0	11	56	8.3154834e+02
1	0	11	57	8.8297583e+02
1	0	11	58	7.9079584e+02
1	0	11	59	8.2313165e+02
1	0	11	60	7.1903394e+02
1	0	11	61	7.3184521e+02
1	0	11	62	7.6673260e+02
1	0	11	63	7.6412787e+02
1	0	12	0	2.4629984e+01
1	0	12	1	-5.1107769e+01
1	0	12	2	-2.4093864e+01
1	0	12	3	-1.1562436e+02
1	0	12	4	-2.4874373e+03
1	0	12	5	-5.1957993e+01
1	0	12	6	-2.4874373e+03
1	0	12	7	8.4890575e+00
1	0	12	8	-1.0526204e+02
1	0	12	9	-3.9040201e+00
1	0	12	10	-1.9793102e+02
1	0	12	11	-5.9822235e+01
1	0	12	12	-8.9291588e+01
1	0	12	13	-5.0042717e+01
1	0	12	14	-9.2729515e+01
1	0	12	15	-1.0737555e+02
1	0	12	16	-1.6916501e+02
1	0	12	17	-1.6180969e+02
1	0	12	18	-1.7439835e+02
1	0	12	19	-1.9188174e+02
1	0	12	20	-1.8102562e+02
1	0	12	21	-1.8095636e+02
1	0	12	22	-1.7452258e+02
1	0	12	23	-1.3834618e+02
1	0	12	24	-9.8066681e+01
1	0	12	25	-1.4482349e+02
1	0	12	26	-1.5802492e+02
1	0	12	27	-2.4874373e+03
1	0	12	28	-7.6876892e+01
1	0	12	29	-1.9373975e+02
1	0	12	30	-1.4022691e+02
1	0	12	31	-9.9170418e+01
1	0	12	32	-1.8203857e+02
1	0	12	33	-7.1955246e+01
1	0	12	34	3.1242859e+02
1	0	12	35	4.2725995e+02
1	0	12	36	3.5370074e+02
1	0	12	37	4.0286032e+02
1	0	12	38	3.8573575e+02
1	0	12	39	4.4155469e+02
1	0	12	40	3.5496542e+02
1	0	12	41	3.8804773e+02
1	0	12	42	3.9439417e+02
1	0	12	43	4.2356656e+02
1	0	12	44	4.8744733e+02
1	0	12	45	3.8403387e+02
1	0	12	46	4.9283817e+02
1	0	12	47	4.1180099e+02
1	0	12	48	3.9340237e+02
1	0	12	49	3.9868799e+02
1	0	12	50	3.7526788e+02
1	0	12	51	9.5223065e+02
1	0	12	52	8.8102008e+02
1	0	12	53	6.0151788e+02
1	0	12	54	6.2806299e+02
1	0	12	55	6.9045044e+02
1	0	12	56	7.4742670e+02
1	0	12	57	6.8743237e+02
1	0	12	58	6.5357117e+02
1	0	12	59	5.6350104e+02
1	0	12	60	6.9261432e+02
1	0	12	61	6.5833398e+02
1	0	12	62	6.1286243e+02
1	0	12	63	7.2568103e+02
1	0	13	0	1.4069962e+02
1	0	13	1	8.3817825e+01
1	0	13	2	3.6134505e+00
1	0	13	3	8.7155823e+01
1	0	13	4	6.7306587e+01
1	0	13	5	6.4828423e+01
1	0	13	6	5.8001659e+01
1	0	13	7	8.4061707e+01
1	0	13	8	4.5913380e+01
1	0	13	9	2.1793730e+01
1	0	13	10	7.5861633e+01
1	0	13	11	-2.8411411e+01
1	0	13	12	-4.3355470e+00
1	0	13	13	3.6827515e+01
1	0	13	14	6.6156912e+00
1	0	13	15	-4.1063599e+01
1	0	13	16	-2.6040443e+01
1	0	13	17	-6.3526768e+01
1	0	13	18	-1.5248877e+02
1	0	13	19	-1.9932594e+01
1	0	13	20	-1.0739050e+02
1	0	13	21	-1.2618378e+02
1	0	13	22	-6.9100708e+01
1	0	13	23	-2.5662199e+01
1	0	13	24	-8.1661423e+01
1	0	13	25	-4.0427849e+01
1	0	13	26	-1.0897186e+02
1	0	13	27	-9.0038368e+01
1	0	13	28	-1.2325025e+02
1	0	13	29	-1.0692044e+02
1	0	13	30	-6.5439117e+01
1	0	13	31	-1.0653082e+02
1	0	13	32	-1.4914011e+02
1	0	13	33	-1.5854926e+02
1	0	13	34	4.1165936e+02
1	0	13	35	3.7331161e+02
1	0	13	36	3.7697681e+02
1	0	13	37	3.8781113e+02
1	0	13	38	4.5613367e+02
1	0	13	39	4.1515320e+02
1	0	13	40	4.0666962e+02
1	0	13	41	3.4042291e+02
1	0	13	42	4.5036404e+02
1	0	13	43	3.3470163e+02
1	0	13	44	3.7874893e+02
1	0	13	45	3.4608926e+02
1	0	13	46	4.2762845e+02
1	0	13	47	4.4561581e+02
1	0	13	48	4.3764691e+02
1	0	13	49	3.6059378e+02
1	0	13	50	4.5443509e+02
1	0	13	51	8.2993225e+02
1	0	13	52	8.8932379e+02
1	0	13	53	6.1266119e+02
1	0	13	54	5.9126825e+02
1	0	13	55	5.9028418e+02
1	0	13	56	7.1512115e+02
1	0	13	57	6.3822705e+02
1	0	13	58	6.1793567e+02
1	0	13	59	5.7775647e+02
1	0	13	60	5.8309229e+02
1	0	13	61	5.9991028e+02
1	0	13	62	6.6040082e+02
1	0	13	63	5.2817310e+02
1	0	14	0	-1.8566409e+02
1	0	14	1	-1.6116229e+02
1	0	14	2	-9.7916252e+01
1	0	14	3	-2.0065646e+02
1	0	14	4	-1.8985233e+02
1	0	14	5	-1.7810364e+02
1	0	14	6	-1.6896687e+02
1	0	14	7	-1.8252893e+02
1	0	14	8	-1.5833078e+02
1	0	14	9	-9.6265282e+01
1	0	14	10	-2.4871857e+02
1	0	14	11	-1.3845177e+02
1	0	14	12	-2.4516580e+02
1	0	14	13	-2.3822095e+02
1	0	14	14	-2.9526672e+02
1	0	14	15	-2.0615428e+02
1	0	14	16	-3.4751962e+02
1	0	14	17	-3.5261267e+02
1	0	14	18	-3.2668903e+02
1	0	14	19	-3.1838623e+02
1	0	14	20	-3.5917206e+02
1	0	14	21	-3.2678253e+02
1	0	14	22	-3.2829861e+02
1	0	14	23	-2.6462909e+02
1	0	14	24	-3.4084149e+02
1	0	14	25	-2.5522404e+02
1	0	14	26	-4.0833664e+02
1	0	14	27	-2.5987756e+02
1	0	14	28	-2.7804160e+02
1	0	14	29	-3.1738843e+02
1	0	14	30	-3.0927029e+02
1	0	14	31	-3.0660727e+02
1	0	14	32	-3.3012000e+02
1	0	14	33	-3.2903625e+02
1	0	14	34	1.9204230e+02
1	0	14	35	2.3230510e+02
1	0	14	36	2.2514203e+02
1	0	14	37	2.8555225e+02
1	0	14	38	1.9809232e+02
1	0	14	39	3.4550281e+02
1	0	14	40	2.8882626e+02
1	0	14	41	2.2100041e+02
1	0	14	42	3.4579163e+02
1	0	14	43	3.1667892e+02
1	0	14	44	3.9103207e+02
1	0	14	45	3.0832062e+02
1	0	14	46	3.8718143e+02
1	0	14	47	2.9253683e+02
1	0	14	48	3.7922617e+02
1	0	14	49	-2.7368292e+02
1	0	14	50	3.6026813e+02
1	0	14	51	7.8082593e+02
1	0	14	52	7.1248706e+02
1	0	14	53	5.1320752e+02
1	0	14	54	5.2020966e+02
1	0	14	55	5.6705975e+02
1	0	14	56	6.9362042e+02
1	0	14	57	6.4128772e+02
1	0	14	58	5.4117334e+02
1	0	14	59	5.2964160e+02
1	0	14	60	5.1783270e+02
1	0	14	61	3.3547079e+02
1	0	14	62	4.5799362e+02
1	0	14	63	5.1309387e+02
1	0	15	0	8.2121277e+01
1	0	15	1	5.8928761e+01
1	0	15	2	-3.3362190e+01
1	0	15	3	4.8505341e+01
1	0	15	4	-9.0431099e+01
1	0	15	5	3.9899132e+01
1	0	15	6	5.0392239e+01
1	0	15	7	1.5011452e+02
1	0	15	8	-2.8434225e+01
1	0	15	9	-5.4311752e+01
1	0	15	10	1.0425777e+01
1	0	15	11	1.0623997e+00
1	0	15	12	-1.1393333e+01
1	0	15	13	6.9457684e+00
1	0	15	14	-2.8027605e+01
1	0	15	15	3.8218903e+01
1	0	15	16	-5.3647644e+01
1	0	15	17	-4.1661385e+01
1	0	15	18	-6.4034622e+01
1	0	15	19	-5.4625801e+01
1	0	15	20	-1.1711148e+02
1	0	15	21	-2.7713501e+01
1	0	15	22	-3.5639290e+01
1	0	15	23	-3.7431049e+01
1	0	15	24	-5.4463329e+01
1	0	15	25	-8.3755989e+01
1	0	15	26	-1.2619277e+02
1	0	15	27	-1.6529579e+02
1	0	15	28	-4.2015495e+01
1	0	15	29	-7.1522095e+01
1	0	15	30	-1.1586317e+02
1	0	15	31	-1.5778491e+02
1	0	15	32	-1.4928024e+02
1	0	15	33	-1.9709496e+02
1	0	15	34	3.5239532e+02
1	0	15	35	2.9792853e+02
1	0	15	36	4.4047867e+02
1	0	15	37	3.6439096e+02
1	0	15	38	4.4160519e+02
1	0	15	39	3.8660126e+02
1	0	15	40	4.3301651e+02
1	0	15	41	3.1893033e+02
1	0	15	42	4.1002219e+02
1	0	15	43	3.1510422e+02
1	0	15	44	3.9860941e+02
1	0	15	45	3.0444046e+02
1	0	15	46	4.0283661e+02
1	0	15	47	3.5392761e+02
1	0	15	48	3.3963306e+02
1	0	15	49	2.9512390e+02
1	0	15	50	4.1479327e+02
1	0	15	51	7.4702557e+02
1	0	15	52	8.1664478e+02
1	0	15	53	5.2857483e+02
1	0	15	54	5.8654565e+02
1	0	15	55	5.3146448e+02
1	0	15	56	6.4632239e+02
1	0	15	57	6.3994397e+02
1	0	15	58	6.5211926e+02
1	0	15	59	5.3509814e+02
1	0	15	60	4.8051828e+02
1	0	15	61	5.0465652e+02
1	0	15	62	5.5405768e+02
1	0	15	63	5.5161145e+02
1	1	0	0	-1.8664508e+02
1	1	0	1	-3.3710986e+02
1	1	0	2	-3.3539273e+02
1	1	0	3	-3.2201987e+02
1	1	0	4	-4.8416266e+02
1	1	0	5	-3.4967175e+02
1	1	0	6	-4.4367780e+02
1	1	0	7	-3.0478354e+02
1	1	0	8	-2.8526486e+02
1	1	0	9	-2.9746988e+02
1	1	0	10	-3.6343173e+02
1	1	0	11	-3.8949808e+02
1	1	0	12	-3.1931918e+02
1	1	0	13	-3.2825079e+02
1	1	0	14	-3.0123248e+02
1	1	0	15	-3.4204578e+02
1	1	0	16	-4.0268460e+02
1	1	0	17	-5.5547284e+02
1	1	0	18	-3.8301874e+02
1	1	0	19	-4.9789935e+02
1	1	0	20	-3.9777246e+02
1	1	0	21	-4.4004346e+02
1	1	0	22	-4.2949655e+02
1	1	0	23	-4.3516452e+02
1	1	0	24	-5.3417865e+02
1	1	0	25	-4.8436633e+02
1	1	0	26	-4.7845557e+02
1	1	0	27	-5.6814520e+02
1	1	0	28	-4.6886267e+02
1	1	0	29	-5.3921021e+02
1	1	0	30	-4.4410785e+02
1	1	0	31	-4.5855569e+02
1	1	0	32	-5.4442432e+02
1	1	0	33	-5.5113306e+02
1	1	0	34	5.7884941e+00
1	1	0	35	-6.0223183e+01
1	1	0	36	1.7589655e+01
1	1	0	37	-5.9153606e+01
1	1	0	38	-5.7768478e+00
1	1	0	39	1.8231863e+01
1	1	0	40	8.9319509e-01
1	1	0	41	-8.7268578e+01
1	1	0	42	6.4387497e+01
1	1	0	43	-6.6679530e+00
1	1	0	44	-8.7537048e+01
1	1	0	45	-2.1973700e+01
1	1	0	46	-1.1197391e+02
1	1	0	47	-1.0117595e+02
1	1	0	48	-6.8244415e+01
1	1	0	49	-1.6051903e+02
1	1	0	50	-2.7759319e+01
1	1	0	51	4.0639612e+02
1	1	0	52	4.3577594e+02
1	1	0	53	1.8804034e+02
1	1	0	54	3.5504555e+01
1	1	0	55	1.1705681e+02
1	1	0	56	2.6372324e+02
1	1	0	57	2.2877812e+02
1	1	0	58	2.4136244e+02
1	1	0	59	1.4436110e+02
1	1	0	60	2.0988002e+02
1	1	0	61	1.4587624e+02
1	1	0	62	1.4196443e+02
1	1	0	63	1.1909849e+02
1	1	1	0	-4.2508478e+02
1	1	1	1	-4.5169055e+02
1	1	1	2	-3.9473514e+02
1	1	1	3	-5.0741736e+02
1	1	1	4	-3.9062943e+02
1	1	1	5	-4.5484607e+02
1	1	1	6	-4.3745657e+02
1	1	1	7	-4.9112527e+02
1	1	1	8	-4.0904764e+02
1	1	1	9	-3.3053384e+02
1	1	1	10	-5.1770490e+02
1	1	1	11	-4.4202859e+02
1	1	1	12	-5.0399316e+02
1	1	1	13	-4.7178812e+02
1	1	1	14	-4.9220966e+02
1	1	1	15	-3.7572113e+02
1	1	1	16	-5.9070312e+02
1	1	1	17	-5.0467355e+02
1	1	1	18	-4.3988721e+02
1	1	1	19	-5.0109439e+02
1	1	1	20	-5.4600525e+02
1	1	1	21	-4.6614624e+02
1	1	1	22	-4.3661642e+02
1	1	1	23	-5.3706085e+02
1	1	1	24	-5.6319678e+02
1	1	1	25	-4.1940536e+02
1	1	1	26	-4.7588776e+02
1	1	1	27	-4.4663406e+02
1	1	1	28	-4.8204541e+02
1	1	1	29	-4.8060382e+02
1	1	1	30	-5.3898584e+02
1	1	1	31	-5.4334821e+02
1	1	1	32	-5.0520175e+02
1	1	1	33	-4.8040530e+02
1	1	1	34	9.3358353e+01
1	1	1	35	6.1479160e+01
1	1	1	36	1.1960188e+02
1	1	1	37	2.0289375e+02
1	1	1	38	1.0189243e+02
1	1	1	39	7.0318596e+01
1	1	1	40	1.7249240e+02
1	1	1	41	1.0672510e+02
1	1	1	42	1.6901692e+02
1	1	1	43	4.1854450e+01
1	1	1	44	1.9115948e+02
1	1	1	45	1.4214891e+02
1	1	1	46	1.1967973e+02
1	1	1	47	1.6856995e+01
1	1	1	48	2.2214595e+02
1	1	1	49	3.7179684e+01
1	1	1	50	1.1396033e+02
1	1	1	51	5.6273669e+02
1	1	1	52	6.2952863e+02
1	1	1	53	4.0745676e+02
1	1	1	54	3.8489175e+02
1	1	1	55	3.3836868e+02
1	1	1	56	5.6149524e+02
1	1	1	57	4.2110974e+02
1	1	1	58	3.7035617e+02
1	1	1	59	3.0029242e+02
1	1	1	60	4.0631705e+02
1	1	1	61	2.6536749e+02
1	1	1	62	1.6234764e+02
1	1	1	63	3.8222629e+02
1	1	2	0	-6.4274799e+02
1	1	2	1	-6.9136340e+02
1	1	2	2	-6.0686005e+02
1	1	2	3	-6.5712341e+02
1	1	2	4	-7.6030530e+02
1	1	2	5	-7.4330609e+02
1	1	2	6	-7.3941150e+02
1	1	2	7	-6.6737604e+02
1	1	2	8	-6.6436420e+02
1	1	2	9	-6.4494647e+02
1	1	2	10	-8.1834143e+02
1	1	2	11	-7.6156915e+02
1	1	2	12	-7.3914111e+02
1	1	2	13	-7.7561322e+02
1	1	2	14	-7.2056757e+02
1	1	2	15	-5.7855151e+02
1	1	2	16	-7.9574432e+02
1	1	2	17	-9.1651434e+02
1	1	2	18	-7.7023541e+02
1	1	2	19	-8.4254242e+02
1	1	2	20	-8.2118304e+02
1	1	2	21	-8.0821442e+02
1	1	2	22	-8.0780316e+02
1	1	2	23	-8.1589496e+02
1	1	2	24	-8.1285443e+02
1	1	2	25	-8.8045001e+02
1	1	2	26	-8.4412201e+02
1	1	2	27	-8.1368146e+02
1	1	2	28	-8.5016071e+02
1	1	2	29	-8.9319836e+02
1	1	2	30	-8.2423907e+02
1	1	2	31	-8.7737421e+02
1	1	2	32	-8.7446301e+02
1	1	2	33	-7.5878259e+02
1	1	2	34	-3.4865338e+02
1	1	2	35	-3.3546292e+02
1	1	2	36	-3.0987863e+02
1	1	2	37	-3.1276056e+02
1	1	2	38	-2.7853827e+02
1	1	2	39	-3.2935059e+02
1	1	2	40	-2.3412065e+02
1	1	2	41	-3.4155038e+02
1	1	2	42	-2.9037857e+02
1	1	2	43	-2.8162762e+02
1	1	2	44	-3.2382693e+02
1	1	2	45	-3.1280389e+02
1	1	2	46	-3.4346387e+02
1	1	2	47	-3.3858749e+02
1	1	2	48	-3.6874744e+02
1	1	2	49	-4.1471262e+02
1	1	2	50	-2.3066855e+02
1	1	2	51	1.3943945e+02
1	1	2	52	1.2040247e+02
1	1	2	53	-1.6958440e+02
1	1	2	54	-1.4581993e+02
1	1	2	55	-1.7792424e+02
1	1	2	56	-4.2564186e+01
1	1	2	57	6.1610179e+00
1	1	2	58	-6.2215571e+00
1	1	2	59	-1.3866096e+02
1	1	2	60	-2.2392876e+02
1	1	2	61	-1.4836777e+02
1	1	2	62	-1.8441026e+02
1	1	2	63	-1.8950618e+02
1	1	3	0	-5.5695380e+02
1	1	3	1	-5.6208362e+02
1	1	3	2	-5.2118347e+02
1	1	3	3	-4.8887878e+02
1	1	3	4	-5.5599933e+02
1	1	3	5	-5.3144116e+02
1	1	3	6	-4.9451813e+02
1	1	3	7	-5.9411853e+02
1	1	3	8	-5.4241235e+02
1	1	3	9	-5.1842841e+02
1	1	3	10	-5.6447565e+02
1	1	3	11	-5.5870898e+02
1	1	3	12	-5.5213397e+02
1	1	3	13	-5.2944025e+02
1	1	3	14	-5.9075317e+02
1	1	3	15	-5.4750085e+02
1	1	3	16	-5.4661884e+02
1	1	3	17	-6.2204028e+02
1	1	3	18	-6.4284088e+02
1	1	3	19	-6.3060693e+02
1	1	3	20	-6.1079205e+02
1	1	3	21	-5.3884705e+02
1	1	3	22	-5.7721149e+02
1	1	3	23	-5.3390509e+02
1	1	3	24	-5.9317773e+02
1	1	3	25	-5.4459253e+02
1	1	3	26	-5.5648846e+02
1	1	3	27	-5.5843884e+02
1	1	3	28	-5.0633365e+02
1	1	3	29	-5.8116693e+02
1	1	3	30	-6.0504999e+02
1	1	3	31	-7.0506982e+02
1	1	3	32	-6.0799426e+02
1	1	3	33	-6.0852551e+02
1	1	3	34	-8.8026772e+01
1	1	3	35	-1.3001172e+02
1	1	3	36	-8.1066078e+01
1	1	3	37	-5.3678078e+01
1	1	3	38	-4.2345905e+01
1	1	3	39	-1.3303459e+02
1	1	3	40	-6.6830177e+00
1	1	3	41	-6.2550961e+01
1	1	3	42	-5.1555332e+01
1	1	3	43	-1.0532922e+02
1	1	3	44	-7.2744794e+00
1	1	3	45	-1.2468036e+02
1	1	3	46	-7.1560226e+01
1	1	3	47	-8.9078285e+01
1	1	3	48	6.2560697e+00
1	1	3	49	-9.7189262e+01
1	1	3	50	-1.1095924e+02
1	1	3	51	2.9489279e+02
1	1	3	52	3.4554117e+02
1	1	3	53	7.7602318e+01
1	1	3	54	7.6887192e+01
1	1	3	55	1.6817090e+02
1	1	3	56	2.6840295e+02
1	1	3	57	2.2492732e+02
1	1	3	58	1.6110020e+02
1	1	3	59	1.5591083e+02
1	1	3	60	1.7347176e+02
1	1	3	61	6.3422504e+01
1	1	3	62	8.6823608e+01
1	1	3	63	1.9702034e+02
1	1	4	0	-6.1898022e+02
1	1	4	1	-6.7606720e+02
1	1	4	2	-6.6083325e+02
1	1	4	3	-6.9763202e+02
1	1	4	4	-7.6755505e+02
1	1	4	5	-6.7842792e+02
1	1	4	6	-7.1075031e+02
1	1	4	7	-6.6914893e+02
1	1	4	8	-7.0282623e+02
1	1	4	9	-7.4209167e+02
1	1	4	10	-6.8631250e+02
1	1	4	11	-6.7048950e+02
1	1	4	12	-6.9731055e+02
1	1	4	13	-7.0692737e+02
1	1	4	14	-7.3104156e+02
1	1	4	15	-6.7457257e+02
1	1	4	16	-8.1743744e+02
1	1	4	17	-8.3831531e+02
1	1	4	18	-7.8643439e+02
1	1	4	19	-7.6156464e+02
1	1	4	20	-7.9005731e+02
1	1	4	21	-8.5887756e+02
1	1	4	22	-7.3074396e+02
1	1	4	23	-7.4349847e+02
1	1	4	24	-7.7134991e+02
1	1	4	25	-7.3666052e+02
1	1	4	26	-7.6085138e+02
1	1	4	27	-8.3631622e+02
1	1	4	28	-7.1611139e+02
1	1	4	29	-7.7932196e+02
1	1	4	30	-4.3812085e+02
1	1	4	31	-8.5488971e+02
1	1	4	32	-8.0541357e+02
1	1	4	33	-8.7754565e+02
1	1	4	34	-4.2733524e+02
1	1	4	35	-3.5056305e+02
1	1	4	36	-3.7443924e+02
1	1	4	37	-3.7419186e+02
1	1	4	38	-4.2964529e+02
1	1	4	39	-4.1290677e+02
1	1	4	40	-3.9349881e+02
1	1	4	41	-3.8608194e+02
1	1	4	42	-3.2617093e+02
1	1	4	43	-3.4122861e+02
1	1	4	44	-2.7804059e+02
1	1	4	45	-3.5391919e+02
1	1	4	46	-3.3696484e+02
1	1	4	47	-3.0979034e+02
1	1	4	48	-2.8841830e+02
1	1	4	49	-3.2419870e+02
1	1	4	50	-2.7612689e+02
1	1	4	51	1.0012752e+02
1	1	4	52	1.2017318e+02
1	1	4	53	-1.4306310e+02
1	1	4	54	-1.9070544e+02
1	1	4	55	-1.1171638e+02
1	1	4	56	5.9557526e+01
1	1	4	57	-2.4405357e+01
1	1	4	58	-1.0479507e+02
1	1	4	59	-1.3069958e+02
1	1	4	60	-1.0783966e+02
1	1	4	61	-1.7520792e+02
1	1	4	62	-1.8867674e+02
1	1	4	63	-1.2099911e+02
1	1	5	0	-5.0416263e+02
1	1	5	1	-5.8066730e+02
1	1	5	2	-6.8705585e+02
1	1	5	3	-5.9031165e+02
1	1	5	4	-7.2464313e+02
1	1	5	5	-5.7336926e+02
1	1	5	6	-5.9687360e+02
1	1	5	7	-5.2111981e+02
1	1	5	8	-5.8076062e+02
1	1	5	9	-5.8233264e+02
1	1	5	10	-5.7447668e+02
1	1	5	11	-6.0179779e+02
1	1	5	12	-6.5708063e+02
1	1	5	13	-6.7175836e+02
1	1	5	14	-6.8239642e+02
1	1	5	15	-6.6020593e+02
1	1	5	16	-7.0705212e+02
1	1	5	17	-6.2392950e+02
1	1	5	18	-6.9264453e+02
1	1	5	19	-6.6984003e+02
1	1	5	20	-7.5301892e+02
1	1	5	21	-7.4885144e+02
1	1	5	22	-6.8622931e+02
1	1	5	23	-7.1051965e+02
1	1	5	24	-7.1996094e+02
1	1	5	25	-7.1179755e+02
1	1	5	26	-7.0484033e+02
1	1	5	27	-7.2581348e+02
1	1	5	28	-6.9328271e+02
1	1	5	29	-7.8080426e+02
1	1	5	30	-6.7020490e+02
1	1	5	31	-7.2791754e+02
1	1	5	32	-7.6765979e+02
1	1	5	33	-6.6725757e+02
1	1	5	34	-1.7273015e+02
1	1	5	35	-1.8161879e+02
1	1	5	36	-1.2262977e+02
1	1	5	37	-1.0796268e+02
1	1	5	38	-2.1881226e+02
1	1	5	39	-1.8069446e+02
1	1	5	40	-1.1895852e+02
1	1	5	41	-2.1249088e+02
1	1	5	42	-1.3303575e+02
1	1	5	43	-1.5608748e+02
1	1	5	44	-1.7505046e+02
1	1	5	45	-1.8398392e+02
1	1	5	46	-2.3770576e+02
1	1	5	47	-1.0041742e+02
1	1	5	48	-2.5167735e+02
1	1	5	49	-2.0979747e+02
1	1	5	50	-1.2502608e+02
1	1	5	51	2.5631317e+02
1	1	5	52	2.8834903e+02
1	1	5	53	9.9306114e+01
1	1	5	54	4.9819260e+01
1	1	5	55	-4.5796543e+01
1	1	5	56	5.1967865e+01
1	1	5	57	1.4137897e+02
1	1	5	58	9.8098320e+01
1	1	5	59	1.2923569e+02
1	1	5	60	3.2367867e+01
1	1	5	61	-6.0011182e+00
1	1	5	62	5.3923462e+01
1	1	5	63	1.1468643e+01
1	1	6	0	-6.9443445e+02
1	1	6	1	-7.1960400e+02
1	1	6	2	-5.8833649e+02
1	1	6	3	-7.4269629e+02
1	1	6	4	-6.9176807e+02
1	1	6	5	-6.9974084e+02
1	1	6	6	-6.5228741e+02
1	1	6	7	-7.3448724e+02
1	1	6	8	-7.1212799e+02
1	1	6	9	-6.0530109e+02
1	1	6	10	-7.3934485e+02
1	1	6	11	-6.0064020e+02
1	1	6	12	-7.5063885e+02
1	1	6	13	-6.8621973e+02
1	1	6	14	-7.4739136e+02
1	1	6	15	-6.8827704e+02
1	1	6	16	-7.9501422e+02
1	1	6	17	-8.2924060e+02
1	1	6	18	-7.9977502e+02
1	1	6	19	-8.1442712e+02
1	1	6	20	-8.4559607e+02
1	1	6	21	-8.5456769e+02
1	1	6	22	-8.2176361e+02
1	1	6	23	-7.6122754e+02
1	1	6	24	-8.1408337e+02
1	1	6	25	-8.1110754e+02
1	1	6	26	-8.4090540e+02
1	1	6	27	-7.5475043e+02
1	1	6	28	-8.0318756e+02
1	1	6	29	-7.0601294e+02
1	1	6	30	-7.4229437e+02
1	1	6	31	-7.1292114e+02
1	1	6	32	-7.9200574e+02
1	1	6	33	-7.4115704e+02
1	1	6	34	-2.0092085e+02
1	1	6	35	-1.1358466e+02
1	1	6	36	-1.2917319e+02
1	1	6	37	-1.4104312e+02
1	1	6	38	-1.9987157e+02
1	1	6	39	-1.4558145e+02
1	1	6	40	-1.6342564e+02
1	1	6	41	-1.3417845e+02
1	1	6	42	-1.8179848e+02
1	1	6	43	-6.5055519e+01
1	1	6	44	-1.8863960e+01
1	1	6	45	-1.5226877e+02
1	1	6	46	-5.9367756e+01
1	1	6	47	-1.4230409e+02
1	1	6	48	-7.5148575e+01
1	1	6	49	-1.3107179e+02
1	1	6	50	-7.2304604e+01
1	1	6	51	3.1793896e+02
1	1	6	52	3.6692236e+02
1	1	6	53	4.1679077e+01
1	1	6	54	1.9159781e+01
1	1	6	55	1.6698216e+02
1	1	6	56	2.2694032e+02
1	1	6	57	1.4991437e+02
1	1	6	58	1.3642377e+02
1	1	6	59	2.5181856e+01
1	1	6	60	1.1466499e+02
1	1	6	61	9.8618879e+00
1	1	6	62	2.7431549e+01
1	1	6	63	1.0193363e+02
1	1	7	0	-2.8727756e+02
1	1	7	1	-3.9282266e+02
1	1	7	2	-4.9552365e+02
1	1	7	3	-4.3491702e+02
1	1	7	4	-4.3888550e+02
1	1	7	5	-3.4334787e+02
1	1	7	6	-3.7404227e+02
1	1	7	7	-3.7560181e+02
1	1	7	8	-3.8371375e+02
1	1	7	9	-4.4295035e+02
1	1	7	10	-3.8094824e+02
1	1	7	11	-4.9202328e+02
1	1	7	12	-5.5429163e+02
1	1	7	13	-4.6865515e+02
1	1	7	14	-5.2496069e+02
1	1	7	15	-3.9195987e+02
1	1	7	16	-4.7907208e+02
1	1	7	17	-4.5937775e+02
1	1	7	18	-5.4978119e+02
1	1	7	19	-4.5753662e+02
1	1	7	20	-4.8210059e+02
1	1	7	21	-4.9144913e+02
1	1	7	22	-4.1480057e+02
1	1	7	23	-3.7526083e+02
1	1	7	24	-4.6268652e+02
1	1	7	25	-4.1462442e+02
1	1	7	26	-5.7183392e+02
1	1	7	27	-4.9881342e+02
1	1	7	28	-4.8730261e+02
1	1	7	29	-5.0411902e+02
1	1	7	30	-5.1696490e+02
1	1	7	31	-5.4136664e+02
1	1	7	32	-5.4801343e+02
1	1	7	33	-5.9684332e+02
1	1	7	34	-6.9188164e+01
1	1	7	35	-4.5478786e+01
1	1	7	36	-8.6888189e+00
1	1	7	37	-1.0140501e+02
1	1	7	38	4.9559841e+01
1	1	7	39	-2.7978142e+01
1	1	7	40	-3.7991806e+01
1	1	7	41	-1.0025587e+02
1	1	7	42	-7.6886116e+01
1	1	7	43	-9.0235962e+01
1	1	7	44	-7.0371910e+01
1	1	7	45	-6.7632217e+01
1	1	7	46	-8.6691177e+01
1	1	7	47	-3.5548405e+01
1	1	7	48	-1.0397705e+02
1	1	7	49	-1.0435524e+02
1	1	7	50	-2.1825041e+01
1	1	7	51	3.8006882e+02
1	1	7	52	3.4634991e+02
1	1	7	53	1.6083751e+02
1	1	7	54	7.8531288e+01
1	1	7	55	6.2104385e+01
1	1	7	56	2.4902988e+02
1	1	7	57	2.7664276e+02
1	1	7	58	1.7771411e+02
1	1	7	59	1.5463074e+02
1	1	7	60	6.1991238e+01
1	1	7	61	1.1667056e+02
1	1	7	62	2.4134207e+02
1	1	7	63	1.0069170e+02
1	1	8	0	-6.8304486e+02
1	1	8	1	-7.0248615e+02
1	1	8	2	-6.1738940e+02
1	1	8	3	-7.6828571e+02
1	1	8	4	-6.5436267e+02
1	1	8	5	-7.0083643e+02
1	1	8	6	-6.8789648e+02
1	1	8	7	-7.5021149e+02
1	1	8	8	-8.0932837e+02
1	1	8	9	-6.5113873e+02
1	1	8	10	-8.1220264e+02
1	1	8	11	-7.1025128e+02
1	1	8	12	-8.3126379e+02
1	1	8	13	-7.3382379e+02
1	1	8	14	-7.9860162e+02
1	1	8	15	-7.3094830e+02
1	1	8	16	-9.7273706e+02
1	1	8	17	-8.5406152e+02
1	1	8	18	-8.6756396e+02
1	1	8	19	-8.7983685e+02
1	1	8	20	-8.7014929e+02
1	1	8	21	-8.6059131e+02
1	1	8	22	-7.9592859e+02
1	1	8	23	-8.9959155e+02
1	1	8	24	-8.8568170e+02
1	1	8	25	-8.5584723e+02
1	1	8	26	-8.5127643e+02
1	1	8	27	-7.6914124e+02
1	1	8	28	-7.8568414e+02
1	1	8	29	-8.5748273e+02
1	1	8	30	-7.9589111e+02
1	1	8	31	-8.4244476e+02
1	1	8	32	-8.9021027e+02
1	1	8	33	-7.6728625e+02
1	1	8	34	-3.7524014e+02
1	1	8	35	-2.9929803e+02
1	1	8	36	-2.9509525e+02
1	1	8	37	-2.5334665e+02
1	1	8	38	-3.4275320e+02
1	1	8	39	-2.2185571e+02
1	1	8	40	-2.0671808e+02
1	1	8	41	-2.5879272e+02
1	1	8	42	-2.4229672e+02
1	1	8	43	-2.1353163e+02
1	1	8	44	-1.4900699e+02
1	1	8	45	-2.4600952e+02
1	1	8	46	-1.8612120e+02
1	1	8	47	-2.4322615e+02
1	1	8	48	-2.1142767e+02
1	1	8	49	-2.2931535e+02
1	1	8	50	-1.6901825e+02
1	1	8	51	2.3279532e+02
1	1	8	52	2.6252353e+02
1	1	8	53	-4.0563865e+00
1	1	8	54	-1.0151868e+02
1	1	8	55	3.2126041e+01
1	1	8	56	1.7969612e+02
1	1	8	57	-1.7049976e+01
1	1	8	58	3.5017670e+01
1	1	8	59	-4.8772308e+01
1	1	8	60	1.0697890e+02
1	1	8	61	-1.6798245e+02
1	1	8	62	-1.1637904e+02
1	1	8	63	2.3452965e+01
1	1	9	0	-3.5362759e+02
1	1	9	1	-4.2938232e+02
1	1	9	2	-5.0789429e+02
1	1	9	3	-4.8022839e+02
1	1	9	4	-5.8664624e+02
1	1	9	5	-3.6698450e+02
1	1	9	6	-4.8014810e+02
1	1	9	7	-4.7381424e+02
1	1	9	8	-4.8113141e+02
1	1	9	9	-6.0718427e+02
1	1	9	10	-4.0553531e+02
1	1	9	11	-5.5488708e+02
1	1	9	12	-5.8982642e+02
1	1	9	13	-5.0872253e+02
1	1	9	14	-5.3183380e+02
1	1	9	15	-5.2355493e+02
1	1	9	16	-5.4149811e+02
1	1	9	17	-4.9118130e+02
1	1	9	18	-5.3135651e+02
1	1	9	19	-5.6729205e+02
1	1	9	20	-5.6203986e+02
1	1	9	21	-5.6444446e+02
1	1	9	22	-5.6173486e+02
1	1	9	23	-4.9424405e+02
1	1	9	24	-6.0624683e+02
1	1	9	25	-6.4532037e+02
1	1	9	26	-6.1496088e+02
1	1	9	27	-6.0635602e+02
1	1	9	28	-5.9373444e+02
1	1	9	29	-6.3620612e+02
1	1	9	30	-6.2928931e+02
1	1	9	31	-6.2976569e+02
1	1	9	32	-6.0446393e+02
1	1	9	33	-6.5312653e+02
1	1	9	34	-1.0347511e+02
1	1	9	35	-1.9457915e+02
1	1	9	36	-6.7354004e+01
1	1	9	37	-1.0448425e+02
1	1	9	38	-1.0423986e+02
1	1	9	39	-1.2926642e+02
1	1	9	40	-6.7851486e+01
1	1	9	41	-1.4531586e+02
1	1	9	42	-8.7068520e+01
1	1	9	43	-1.6504335e+02
1	1	9	44	-1.1601239e+02
1	1	9	45	-2.7030612e+02
1	1	9	46	-2.3514781e+02
1	1	9	47	-1.7421864e+02
1	1	9	48	-2.9339624e+02
1	1	9	49	-2.6138876e+02
1	1	9	50	-4.0300892e+01
1	1	9	51	2.8249384e+02
1	1	9	52	2.8571484e+02
1	1	9	53	3.0541594e+01
1	1	9	54	4.5028866e+01
1	1	9	55	-2.2582937e+01
1	1	9	56	7.5314400e+01
1	1	9	57	1.7287636e+02
1	1	9	58	7.2834076e+01
1	1	9	59	7.4830788e+01
1	1	9	60	-1.5063989e+03
1	1	9	61	3.4991894e+01
1	1	9	62	1.2271778e+02
1	1	9	63	9.7160042e+01
1	1	10	0	-6.9316443e+02
1	1	10	1	-5.9782715e+02
1	1	10	2	-5.1939343e+02
1	1	10	3	-6.2482861e+02
1	1	10	4	-6.2385095e+02
1	1	10	5	-5.9039050e+02
1	1	10	6	-6.7197900e+02
1	1	10	7	-6.4748456e+02
1	1	10	8	-6.6938898e+02
1	1	10	9	-5.8255176e+02
1	1	10	10	-6.3562213e+02
1	1	10	11	-5.6077795e+02
1	1	10	12	-6.6615234e+02
1	1	10	13	-6.6424677e+02
1	1	10	14	-6.8475488e+02
1	1	10	15	-6.8563232e+02
1	1	10	16	-7.9881470e+02
1	1	10	17	-7.3121246e+02
1	1	10	18	-7.6289001e+02
1	1	10	19	-7.3142096e+02
1	1	10	20	-7.3436823e+02
1	1	10	21	-7.7098096e+02
1	1	10	22	-6.7692181e+02
1	1	10	23	-6.5215753e+02
1	1	10	24	-6.9658820e+02
1	1	10	25	-6.6696130e+02
1	1	10	26	-7.0781421e+02
1	1	10	27	-7.6473077e+02
1	1	10	28	-7.2475690e+02
1	1	10	29	-7.6824609e+02
1	1	10	30	-7.7634912e+02
1	1	10	31	-7.6336871e+02
1	1	10	32	-7.6943085e+02
1	1	10	33	-8.1185229e+02
1	1	10	34	-3.0112772e+02
1	1	10	35	-2.6013544e+02
1	1	10	36	-3.1066089e+02
1	1	10	37	-3.0698798e+02
1	1	10	38	-2.8295129e+02
1	1	10	39	-2.7948645e+02
1	1	10	40	-2.3188687e+02
1	1	10	41	-3.3022037e+02
1	1	10	42	-2.4525070e+02
1	1	10	43	-2.1593130e+02
1	1	10	44	-1.7342036e+02
1	1	10	45	-2.6714822e+02
1	1	10	46	-2.0939554e+02
1	1	10	47	-2.5603656e+02
1	1	10	48	-1.6237476e+02
1	1	10	49	-2.0988403e+02
1	1	10	50	-2.3984036e+02
1	1	10	51	2.1863777e+02
1	1	10	52	2.2387697e+02
1	1	10	53	-7.7753082e+01
1	1	10	54	1.0216205e+01
1	1	10	55	3.2899525e+01
1	1	10	56	9.9759979e+01
1	1	10	57	1.1927565e+02
1	1	10	58	2.3330467e+01
1	1	10	59	-5.2686756e+01
1	1	10	60	1.9268171e+01
1	1	10	61	-1.0733678e+02
1	1	10	62	-5.3540218e+01
1	1	10	63	-5.3958321e+01
1	1	11	0	-4.7342130e+02
1	1	11	1	-4.5464816e+02
1	1	11	2	-5.2867236e+02
1	1	11	3	-4.9355115e+02
1	1	11	4	-6.1843823e+02
1	1	11	5	-4.6788690e+02
1	1	11	6	-5.2393951e+02
1	1	11	7	-4.4738232e+02
1	1	11	8	-5.2024847e+02
1	1	11	9	-4.7013214e+02
1	1	11	10	-4.4905792e+02
1	1	11	11	-5.0248987e+02
1	1	11	12	-5.3328625e+02
1	1	11	13	-4.6394995e+02
1	1	11	14	-6.0879675e+02
1	1	11	15	-5.1339893e+02
1	1	11	16	-6.3667175e+02
1	1	11	17	-5.2824951e+02
1	1	11	18	-6.1552826e+02
1	1	11	19	-5.1135013e+02
1	1	11	20	-5.3893591e+02
1	1	11	21	-6.4653546e+02
1	1	11	22	-5.9925262e+02
1	1	11	23	-4.8816522e+02
1	1	11	24	-6.4486798e+02
1	1	11	25	-5.8487677e+02
1	1	11	26	-6.1009412e+02
1	1	11	27	-6.4091034e+02
1	1	11	28	-5.9522119e+02
1	1	11	29	-5.0673431e+02
1	1	11	30	-6.4782245e+02
1	1	11	31	-6.0689862e+02
1	1	11	32	-6.5036700e+02
1	1	11	33	-6.7540045e+02
1	1	11	34	-3.9741474e+01
1	1	11	35	-1.0376936e+02
1	1	11	36	4.3721359e+01
1	1	11	37	8.0550835e+01
1	1	11	38	-1.1781194e+01
1	1	11	39	5.5225296e+01
1	1	11	40	1.0961150e+02
1	1	11	41	-1.6323708e+00
1	1	11	42	9.9292999e+01
1	1	11	43	-1.7652689e+01
1	1	11	44	7.8037018e+01
1	1	11	45	-2.6912643e+01
1	1	11	46	-2.4492788e+01
1	1	11	47	-6.3415199e+01
1	1	11	48	-1.1559753e+02
1	1	11	49	-1.0290494e+02
1	1	11	50	1.2664488e+01
1	1	11	51	4.1792136e+02
1	1	11	52	4.6092795e+02
1	1	11	53	1.8858942e+02
1	1	11	54	1.5747855e+02
1	1	11	55	8.7896896e+01
1	1	11	56	2.4364763e+02
1	1	11	57	3.4147104e+02
1	1	11	58	2.4182869e+02
1	1	11	59	1.5116483e+02
1	1	11	60	1.1324200e+02
1	1	11	61	9.9584679e+01
1	1	11	62	9.3596519e+01
1	1	11	63	1.5057635e+02
1	1	12	0	-6.3164862e+02
1	1	12	1	-7.4270892e+02
1	1	12	2	-6.2566455e+02
1	1	12	3	-5.7957062e+02
1	1	12	4	-7.0979712e+02
1	1	12	5	-6.4722888e+02
1	1	12	6	-6.8153479e+02
1	1	12	7	-6.6142657e+02
1	1	12	8	-7.2464752e+02
1	1	12	9	-7.1292682e+02
1	1	12	10	-7.2403094e+02
1	1	12	11	-7.3067676e+02
1	1	12	12	-7.7461688e+02
1	1	12	13	-7.5929675e+02
1	1	12	14	-7.4916492e+02
1	1	12	15	-6.1454950e+02
1	1	12	16	-8.7658081e+02
1	1	12	17	-8.6170758e+02
1	1	12	18	-7.6556024e+02
1	1	12	19	-8.2925928e+02
1	1	12	20	-6.7217419e+02
1	1	12	21	-8.1849762e+02
1	1	12	22	-7.5779395e+02
1	1	12	23	-9.0349597e+02
1	1	12	24	-8.7219458e+02
1	1	12	25	-8.3087366e+02
1	1	12	26	-8.5777429e+02
1	1	12	27	-8.7533215e+02
1	1	12	28	-8.1819196e+02
1	1	12	29	-8.8559241e+02
1	1	12	30	-8.1964215e+02
1	1	12	31	-8.0734100e+02
1	1	12	32	-8.9045929e+02
1	1	12	33	-8.4242853e+02
1	1	12	34	-3.8853000e+02
1	1	12	35	-2.9780069e+02
1	1	12	36	-2.6303653e+02
1	1	12	37	-3.7982254e+02
1	1	12	38	-2.8865222e+02
1	1	12	39	-2.5434958e+02
1	1	12	40	-2.9097177e+02
1	1	12	41	-3.7897275e+02
1	1	12	42	-2.9227570e+02
1	1	12	43	-3.3619019e+02
1	1	12	44	-1.2787727e+03
1	1	12	45	-3.2801251e+02
1	1	12	46	-3.8637439e+02
1	1	12	47	-3.1965323e+02
1	1	12	48	-4.1158401e+02
1	1	12	49	-3.9283118e+02
1	1	12	50	-2.8110641e+02
1	1	12	51	2.5916568e+02
1	1	12	52	1.9315559e+02
1	1	12	53	-1.7051616e+02
1	1	12	54	-1.2796168e+02
1	1	12	55	-1.0178084e+02
1	1	12	56	-5.6802509e+01
1	1	12	57	4.8890617e+01
1	1	12	58	2.6734322e+01
1	1	12	59	-1.0102071e+02
1	1	12	60	-1.2747886e+02
1	1	12	61	-1.1505885e+02
1	1	12	62	-9.2756042e+01
1	1	12	63	2.4386761e+01
1	1	13	0	-5.4582355e+02
1	1	13	1	-4.8036548e+02
1	1	13	2	-5.2379077e+02
1	1	13	3	-5.3294507e+02
1	1	13	4	-4.9840140e+02
1	1	13	5	-5.1008411e+02
1	1	13	6	-5.7238660e+02
1	1	13	7	-6.5029382e+02
1	1	13	8	-5.4542719e+02
1	1	13	9	-4.7590717e+02
1	1	13	10	-6.2709668e+02
1	1	13	11	-5.1334790e+02
1	1	13	12	-5.9156738e+02
1	1	13	13	-5.3660901e+02
1	1	13	14	-5.8929773e+02
1	1	13	15	-5.6146356e+02
1	1	13	16	-6.9327814e+02
1	1	13	17	-6.3622156e+02
1	1	13	18	-6.8596405e+02
1	1	13	19	-5.9143958e+02
1	1	13	20	-6.3391400e+02
1	1	13	21	-6.8573541e+02
1	1	13	22	-6.4453802e+02
1	1	13	23	-5.3665332e+02
1	1	13	24	-6.3795215e+02
1	1	13	25	-5.7659473e+02
1	1	13	26	-5.9475421e+02
1	1	13	27	-5.8503192e+02
1	1	13	28	-5.5443384e+02
1	1	13	29	-5.8409772e+02
1	1	13	30	-5.9884021e+02
1	1	13	31	-6.3585059e+02
1	1	13	32	-6.0677789e+02
1	1	13	33	-6.0518652e+02
1	1	13	34	-6.1873322e+01
1	1	13	35	-1.9248439e+02
1	1	13	36	-4.2030895e+01
1	1	13	37	-4.2751303e+00
1	1	13	38	-8.1390930e+01
1	1	13	39	-6.9549026e+01
1	1	13	40	-3.6907206e+00
1	1	13	41	-9.0119537e+01
1	1	13	42	-7.2906097e+01
1	1	13	43	-9.2980370e+01
1	1	13	44	-4.7338306e+01
1	1	13	45	-1.6739655e+02
1	1	13	46	-7.7264404e+01
1	1	13	47	-1.0559427e+02
1	1	13	48	-7.9045280e+01
1	1	13	49	-1.2834477e+02
1	1	13	50	-1.1496130e+02
1	1	13	51	3.2036697e+02
1	1	13	52	3.7361566e+02
1	1	13	53	5.6789734e+01
1	1	13	54	1.0580702e+02
1	1	13	55	6.1626392e+01
1	1	13	56	2.5934698e+02
1	1	13	57	1.7173239e+02
1	1	13	58	1.1339285e+02
1	1	13	59	7.3136040e+01
1	1	13	60	1.0267952e+02
1	1	13	61	6.3486382e+01
1	1	13	62	1.3225912e+02
1	1	13	63	1.6804295e+02
1	1	14	0	-3.6161548e+02
1	1	14	1	-4.2882269e+02
1	1	14	2	-3.8074237e+02
1	1	14	3	-3.9211346e+02
1	1	14	4	-5.6358655e+02
1	1	14	5	-4.4808713e+02
1	1	14	6	-5.0981863e+02
1	1	14	7	-3.9149872e+02
1	1	14	8	-4.7018436e+02
1	1	14	9	-5.4156647e+02
1	1	14	10	-5.2186761e+02
1	1	14	11	-4.7023941e+02
1	1	14	12	-5.9700830e+02
1	1	14	13	-4.5106030e+02
1	1	14	14	-3.9052402e+02
1	1	14	15	-5.0872885e+02
1	1	14	16	-5.3425848e+02
1	1	14	17	-5.7505768e+02
1	1	14	18	-6.1047699e+02
1	1	14	19	-5.7248969e+02
1	1	14	20	-5.2607178e+02
1	1	14	21	-5.9336969e+02
1	1	14	22	-6.1056665e+02
1	1	14	23	-5.2397113e+02
1	1	14	24	-6.1802264e+02
1	1	14	25	-5.4813867e+02
1	1	14	26	-5.8244250e+02
1	1	14	27	-6.1432843e+02
1	1	14	28	-5.6351349e+02
1	1	14	29	-7.1522437e+02
1	1	14	30	-6.5213861e+02
1	1	14	31	-6.6486707e+02
1	1	14	32	-6.4085333e+02
1	1	14	33	-6.1538702e+02
1	1	14	34	-5.3294743e+01
1	1	14	35	-7.7346748e+01
1	1	14	36	-5.0190090e+01
1	1	14	37	-1.8631422e+02
1	1	14	38	-7.9612717e+01
1	1	14	39	-1.1236986e+02
1	1	14	40	-1.0668212e+02
1	1	14	41	-1.5855354e+02
1	1	14	42	-1.6567675e+01
1	1	14	43	-1.1716974e+02
1	1	14	44	-1.3574101e+02
1	1	14	45	-1.0981945e+02
1	1	14	46	-1.7576752e+02
1	1	14	47	-6.5401849e+02
1	1	14	48	-2.9328671e+02
1	1	14	49	-1.2582463e+02
1	1	14	50	-1.8491019e+02
1	1	14	51	4.6135297e+02
1	1	14	52	3.6306332e+02
1	1	14	53	6.2269928e+01
1	1	14	54	1.2473135e+02
1	1	14	55	1.0652879e+01
1	1	14	56	1.8765450e+02
1	1	14	57	3.0976987e+02
1	1	14	58	2.5028012e+02
1	1	14	59	2.1265576e+02
1	1	14	60	1.7466589e+02
1	1	14	61	8.5965294e+01
1	1	14	62	2.2381407e+02
1	1	14	63	9.7652519e+01
1	1	15	0	-4.3371027e+02
1	1	15	1	-4.9089313e+02
1	1	15	2	-4.0008636e+02
1	1	15	3	-4.6281525e+02
1	1	15	4	-4.0591129e+02
1	1	15	5	-4.9659305e+02
1	1	15	6	-3.5651474e+02
1	1	15	7	-4.7227954e+02
1	1	15	8	-4.0904028e+02
1	1	15	9	-3.2835187e+02
1	1	15	10	-5.1981995e+02
1	1	15	11	-3.3909781e+02
1	1	15	12	-5.3325055e+02
1	1	15	13	-4.0389081e+02
1	1	15	14	-5.0454071e+02
1	1	15	15	-5.2696313e+02
1	1	15	16	-5.5758582e+02
1	1	15	17	-4.9129245e+02
1	1	15	18	-5.4193665e+02
1	1	15	19	-4.7877151e+02
1	1	15	20	-5.1681525e+02
1	1	15	21	-6.4974060e+02
1	1	15	22	-4.6911063e+02
1	1	15	23	-4.0121017e+02
1	1	15	24	-5.2013544e+02
1	1	15	25	-4.3609097e+02
1	1	15	26	-5.3210931e+02
1	1	15	27	-5.2699176e+02
1	1	15	28	-4.5580554e+02
1	1	15	29	-4.0224637e+02
1	1	15	30	-4.3757608e+02
1	1	15	31	-6.0318677e+02
1	1	15	32	-4.5266855e+02
1	1	15	33	-4.6797849e+02
1	1	15	34	2.8999508e+01
1	1	15	35	-2.8399590e+01
1	1	15	36	1.7399086e+02
1	1	15	37	1.4044221e+02
1	1	15	38	9.8051094e+01
1	1	15	39	8.7977036e+01
1	1	15	40	1.8339064e+02
1	1	15	41	-2.7637266e+01
1	1	15	42	2.3499361e+02
1	1	15	43	-7.6979416e+01
1	1	15	44	1.3020386e+02
1	1	15	45	9.5717003e+01
1	1	15	46	1.6844543e+02
1	1	15	47	3.8777233e+01
1	1	15	48	1.1668945e+02
1	1	15	49	3.3388348e+01
1	1	15	50	3.9063370e+01
1	1	15	51	4.9958578e+02
1	1	15	52	5.0327817e+02
1	1	15	53	2.6026022e+02
1	1	15	54	2.7507745e+02
1	1	15	55	2.9864282e+02
1	1	15	56	3.9519458e+02
1	1	15	57	2.8697589e+02
1	1	15	58	2.4570500e+02
1	1	15	59	2.2577028e+02
1	1	15	60	2.9238501e+02
1	1	15	61	1.1167113e+02
1	1	15	62	2.0299231e+02
1	1	15	63	3.0900037e+02
1	2	0	0	5.4774500e+02
1	2	0	1	4.0394632e+02
1	2	0	2	5.2258252e+02
1	2	0	3	5.3536560e+02
1	2	0	4	4.3111935e+02
1	2	0	5	4.4455997e+02
1	2	0	6	3.9813535e+02
1	2	0	7	5.4021735e+02
1	2	0	8	4.4328949e+02
1	2	0	9	4.7826215e+02
1	2	0	10	4.7219543e+02
1	2	0	11	5.1818604e+02
1	2	0	12	4.0390369e+02
1	2	0	13	5.2720868e+02
1	2	0	14	5.4031610e+02
1	2	0	15	4.3769974e+02
1	2	0	16	3.6468573e+02
1	2	0	17	4.0556607e+02
1	2	0	18	3.7794800e+02
1	2	0	19	3.6936761e+02
1	2	0	20	4.1438516e+02
1	2	0	21	4.3653094e+02
1	2	0	22	4.1852966e+02
1	2	0	23	3.8565448e+02
1	2	0	24	4.1218747e+02
1	2	0	25	4.6136609e+02
1	2	0	26	2.9014398e+02
1	2	0	27	3.4665613e+02
1	2	0	28	4.3034000e+02
1	2	0	29	3.4297195e+02
1	2	0	30	3.6428729e+02
1	2	0	31	3.4100513e+02
1	2	0	32	3.4710779e+02
1	2	0	33	3.5886588e+02
1	2	0	34	8.2175836e+02
1	2	0	35	8.5163531e+02
1	2	0	36	8.2016156e+02
1	2	0	37	8.4984991e+02
1	2	0	38	8.2666046e+02
1	2	0	39	8.4049927e+02
1	2	0	40	8.9420001e+02
1	2	0	41	8.1628247e+02
1	2	0	42	8.6302405e+02
1	2	0	43	8.9029852e+02
1	2	0	44	8.8203333e+02
1	2	0	45	7.6958081e+02
1	2	0	46	9.0307263e+02
1	2	0	47	8.5117462e+02
1	2	0	48	8.5634802e+02
1	2	0	49	8.2132092e+02
1	2	0	50	8.7095789e+02
1	2	0	51	1.3064698e+03
1	2	0	52	1.2305396e+03
1	2	0	53	9.7238367e+02
1	2	0	54	1.0142520e+03
1	2	0	55	1.0442429e+03
1	2	0	56	1.1182168e+03
1	2	0	57	1.1411683e+03
1	2	0	58	1.1202683e+03
1	2	0	59	1.0186536e+03
1	2	0	60	1.0441714e+03
1	2	0	61	9.2920782e+02
1	2	0	62	9.7745612e+02
1	2	0	63	9.4986206e+02
1	2	1	0	4.5769513e+02
1	2	1	1	4.1912939e+02
1	2	1	2	4.0182764e+02
1	2	1	3	4.4426529e+02
1	2	1	4	4.3029813e+02
1	2	1	5	4.5227759e+02
1	2	1	6	4.3978433e+02
1	2	1	7	4.3090186e+02
1	2	1	8	3.9604034e+02
1	2	1	9	4.6892578e+02
1	2	1	10	3.9962366e+02
1	2	1	11	4.5978140e+02
1	2	1	12	3.4636624e+02
1	2	1	13	3.8472049e+02
1	2	1	14	3.5307910e+02
1	2	1	15	3.6924139e+02
1	2	1	16	2.7912341e+02
1	2	1	17	3.3626495e+02
1	2	1	18	3.0384384e+02
1	2	1	19	2.5708765e+02
1	2	1	20	3.0473431e+02
1	2	1	21	2.7913165e+02
1	2	1	22	2.9535519e+02
1	2	1	23	3.3541629e+02
1	2	1	24	2.6896085e+02
1	2	1	25	2.9432562e+02
1	2	1	26	3.2850845e+02
1	2	1	27	3.0926300e+02
1	2	1	28	3.4064905e+02
1	2	1	29	2.8193417e+02
1	2	1	30	3.1621951e+02
1	2	1	31	3.0546255e+02
1	2	1	32	2.8099078e+02
1	2	1	33	2.8024887e+02
1	2	1	34	7.8650555e+02
1	2	1	35	7.6231750e+02
1	2	1	36	8.2269788e+02
1	2	1	37	8.6539557e+02
1	2	1	38	8.1964270e+02
1	2	1	39	8.3198181e+02
1	2	1	40	9.1982880e+02
1	2	1	41	8.7441248e+02
1	2	1	42	8.8039130e+02
1	2	1	43	8.2863904e+02
1	2	1	44	9.5788519e+02
1	2	1	45	8.6626691e+02
1	2	1	46	9.4003979e+02
1	2	1	47	8.8626099e+02
1	2	1	48	8.9364929e+02
1	2	1	49	9.4255145e+02
1	2	1	50	9.0196313e+02
1	2	1	51	1.3449265e+03
1	2	1	52	1.3377711e+03
1	2	1	53	1.0362090e+03
1	2	1	54	1.1073746e+03
1	2	1	55	1.1589246e+03
1	2	1	56	1.2211346e+03
1	2	1	57	1.2046935e+03
1	2	1	58	1.1274825e+03
1	2	1	59	1.0811427e+03
1	2	1	60	1.1218549e+03
1	2	1	61	9.9875781e+02
1	2	1	62	1.0354718e+03
1	2	1	63	1.1011160e+03
1	2	2	0	4.0758026e+02
1	2	2	1	3.4115179e+02
1	2	2	2	4.3858133e+02
1	2	2	3	4.9302121e+02
1	2	2	4	3.4282358e+02
1	2	2	5	3.9562741e+02
1	2	2	6	3.4011023e+02
1	2	2	7	5.4904529e+02
1	2	2	8	3.3690863e+02
1	2	2	9	4.5622565e+02
1	2	2	10	3.4023987e+02
1	2	2	11	3.8242480e+02
1	2	2	12	2.9733362e+02
1	2	2	13	2.8979083e+02
1	2	2	14	-2.4874373e+03
1	2	2	15	3.8179736e+02
1	2	2	16	3.7666614e+02
1	2	2	17	2.7736050e+02
1	2	2	18	3.8589911e+02
1	2	2	19	3.0529858e+02
1	2	2	20	3.9110828e+02
1	2	2	21	3.3448203e+02
1	2	2	22	3.2640582e+02
1	2	2	23	3.0582108e+02
1	2	2	24	2.5943820e+02
1	2	2	25	2.7265649e+02
1	2	2	26	2.7960278e+02
1	2	2	27	2.3843907e+02
1	2	2	28	2.5262320e+02
1	2	2	29	1.8757210e+02
1	2	2	30	3.0752548e+02
1	2	2	31	2.6260712e+02
1	2	2	32	2.5968631e+02
1	2	2	33	2.4701964e+02
1	2	2	34	6.1328076e+02
1	2	2	35	7.7271899e+02
1	2	2	36	7.5488263e+02
1	2	2	37	7.0603735e+02
1	2	2	38	7.0006183e+02
1	2	2	39	7.2319257e+02
1	2	2	40	7.1279047e+02
1	2	2	41	7.3842035e+02
1	2	2	42	6.8571259e+02
1	2	2	43	7.4174622e+02
1	2	2	44	7.1574261e+02
1	2	2	45	6.8447162e+02
1	2	2	46	7.3820142e+02
1	2	2	47	6.6296881e+02
1	2	2	48	7.1037933e+02
1	2	2	49	7.2234033e+02
1	2	2	50	7.3295953e+02
1	2	2	51	2.0489981e+02
1	2	2	52	9.0896387e+02
1	2	2	53	9.1320563e+02
1	2	2	54	9.4773633e+02
1	2	2	55	-1.1396833e+03
1	2	2	56	1.0111161e+03
1	2	2	57	1.0016294e+03
1	2	2	58	9.7489716e+02
1	2	2	59	9.1018457e+02
1	2	2	60	9.3284918e+02
1	2	2	61	9.2595782e+02
1	2	2	62	9.5819934e+02
1	2	2	63	4.8672293e+02
1	2	3	0	4.8280499e+02
1	2	3	1	4.2004248e+02
1	2	3	2	4.1653741e+02
1	2	3	3	3.8709073e+02
1	2	3	4	3.3186707e+02
1	2	3	5	3.9309363e+02
1	2	3	6	3.9101404e+02
1	2	3	7	3.6859778e+02
1	2	3	8	3.3672830e+02
1	2	3	9	4.1353284e+02
1	2	3	10	3.4662408e+02
1	2	3	11	4.2483246e+02
1	2	3	12	3.6489313e+02
1	2	3	13	3.8841666e+02
1	2	3	14	3.2897821e+02
1	2	3	15	3.3182294e+02
1	2	3	16	2.3985944e+02
1	2	3	17	3.1734805e+02
1	2	3	18	3.0349890e+02
1	2	3	19	3.0473636e+02
1	2	3	20	2.2657173e+02
1	2	3	21	2.7498486e+02
1	2	3	22	2.6356784e+02
1	2	3	23	3.2302078e+02
1	2	3	24	2.3088304e+02
1	2	3	25	2.8611081e+02
1	2	3	26	1.8392949e+02
1	2	3	27	3.1558234e+02
1	2	3	28	3.1706210e+02
1	2	3	29	2.5698373e+02
1	2	3	30	2.2235912e+02
1	2	3	31	2.8955890e+02
1	2	3	32	1.8761166e+02
1	2	3	33	2.5325946e+02
1	2	3	34	7.0540735e+02
1	2	3	35	7.3371173e+02
1	2	3	36	-6.9887354e+02
1	2	3	37	-6.0643011e+02
1	2	3	38	9.9463257e+02
1	2	3	39	7.8131995e+02
1	2	3	40	-9.6410028e+02
1	2	3	41	4.3416257e+02
1	2	3	42	-9.1477600e+01
1	2	3	43	8.9560162e+02
1	2	3	44	5.9050317e+02
1	2	3	45	7.0120459e+02
1	2	3	46	6.3428394e+02
1	2	3	47	8.6202258e+02
1	2	3	48	0.0000000e+00
1	2	3	49	8.9019434e+02
1	2	3	50	8.9050580e+02
1	2	3	51	1.3073547e+03
1	2	3	52	1.2830001e+03
1	2	3	53	9.8047827e+02
1	2	3	54	1.0847146e+03
1	2	3	55	1.1294081e+03
1	2	3	56	1.1597324e+03
1	2	3	57	1.1202729e+03
1	2	3	58	1.0341654e+03
1	2	3	59	9.9008087e+02
1	2	3	60	1.0183062e+03
1	2	3	61	9.9364642e+02
1	2	3	62	1.0174937e+03
1	2	3	63	1.1059038e+03
1	2	4	0	3.6550034e+02
1	2	4	1	3.0563733e+02
1	2	4	2	3.4771313e+02
1	2	4	3	3.5983264e+02
1	2	4	4	2.8301410e+02
1	2	4	5	3.2535092e+02
1	2	4	6	2.2917355e+02
1	2	4	7	3.9755801e+02
1	2	4	8	2.9858984e+02
1	2	4	9	3.1791132e+02
1	2	4	10	2.0979272e+02
1	2	4	11	2.7330295e+02
1	2	4	12	2.3761433e+02
1	2	4	13	2.4663478e+02
1	2	4	14	3.2678964e+02
1	2	4	15	2.4324620e+02
1	2	4	16	2.1610587e+02
1	2	4	17	1.9920445e+02
1	2	4	18	2.2872531e+02
1	2	4	19	1.3573563e+02
1	2	4	20	3.1649551e+02
1	2	4	21	2.5148895e+02
1	2	4	22	2.0359833e+02
1	2	4	23	2.4245277e+02
1	2	4	24	9.4572548e+01
1	2	4	25	2.1349136e+02
1	2	4	26	1.5514372e+02
1	2	4	27	1.2026216e+02
1	2	4	28	1.9645215e+02
1	2	4	29	9.2276871e+01
1	2	4	30	2.0653580e+02
1	2	4	31	1.1469949e+02
1	2	4	32	4.4260403e+01
1	2	4	33	7.8702530e+01
1	2	4	34	5.8960760e+02
1	2	4	35	5.9659875e+02
1	2	4	36	6.4080652e+02
1	2	4	37	5.0307071e+02
1	2	4	38	5.9575824e+02
1	2	4	39	6.3082214e+02
1	2	4	40	6.4569086e+02
1	2	4	41	5.8920782e+02
1	2	4	42	6.8978003e+02
1	2	4	43	6.2060168e+02
1	2	4	44	5.9432617e+02
1	2	4	45	5.9571136e+02
1	2	4	46	5.4895599e+02
1	2	4	47	6.4081287e+02
1	2	4	48	6.1438135e+02
1	2	4	49	5.7656433e+02
1	2	4	50	7.4477856e+02
1	2	4	51	9.4016095e+02
1	2	4	52	1.0690679e+03
1	2	4	53	8.1415564e+02
1	2	4	54	8.2210400e+02
1	2	4	55	8.1869147e+02
1	2	4	56	8.4236121e+02
1	2	4	57	9.6536560e+02
1	2	4	58	8.9527332e+02
1	2	4	59	8.8429523e+02
1	2	4	60	7.3326459e+02
1	2	4	61	8.0620001e+02
1	2	4	62	8.5207599e+02
1	2	4	63	8.1016498e+02
1	2	5	0	2.8026221e+02
1	2	5	1	2.3683676e+02
1	2	5	2	2.7016394e+02
1	2	5	3	3.0071094e+02
1	2	5	4	2.7369501e+02
1	2	5	5	2.7444031e+02
1	2	5	6	2.8943228e+02
1	2	5	7	2.9361948e+02
1	2	5	8	2.3216751e+02
1	2	5	9	3.0240817e+02
1	2	5	10	1.6946645e+02
1	2	5	11	2.6012790e+02
1	2	5	12	1.4004196e+02
1	2	5	13	2.1637831e+02
1	2	5	14	1.6742198e+02
1	2	5	15	2.7142221e+02
1	2	5	16	1.0237582e+02
1	2	5	17	1.1001990e+02
1	2	5	18	8.2507072e+01
1	2	5	19	1.5440402e+02
1	2	5	20	1.3023311e+02
1	2	5	21	1.6180933e+02
1	2	5	22	1.3706789e+02
1	2	5	23	2.0998253e+02
1	2	5	24	1.7808873e+02
1	2	5	25	1.9361432e+02
1	2	5	26	1.2247323e+02
1	2	5	27	1.8401651e+02
1	2	5	28	1.6329614e+02
1	2	5	29	1.9031560e+02
1	2	5	30	1.9102774e+02
1	2	5	31	1.3150618e+02
1	2	5	32	1.5131082e+02
1	2	5	33	1.9831638e+02
1	2	5	34	7.2047864e+02
1	2	5	35	6.9093738e+02
1	2	5	36	6.5795312e+02
1	2	5	37	7.1913251e+02
1	2	5	38	6.9662012e+02
1	2	5	39	7.2702057e+02
1	2	5	40	7.1063086e+02
1	2	5	41	6.5969629e+02
1	2	5	42	7.6265112e+02
1	2	5	43	6.7675299e+02
1	2	5	44	8.2058325e+02
1	2	5	45	6.9220465e+02
1	2	5	46	7.8545966e+02
1	2	5	47	7.6918976e+02
1	2	5	48	6.9458826e+02
1	2	5	49	7.4316748e+02
1	2	5	50	7.3741620e+02
1	2	5	51	1.1244088e+03
1	2	5	52	1.1613184e+03
1	2	5	53	9.1080231e+02
1	2	5	54	9.5361658e+02
1	2	5	55	9.8388177e+02
1	2	5	56	1.0591185e+03
1	2	5	57	9.9618597e+02
1	2	5	58	8.7464349e+02
1	2	5	59	1.0004711e+03
1	2	5	60	1.0277856e+03
1	2	5	61	8.5225287e+02
1	2	5	62	8.4450897e+02
1	2	5	63	1.0183042e+03
1	2	6	0	3.6147186e+02
1	2	6	1	2.9618292e+02
1	2	6	2	2.1345963e+02
1	2	6	3	3.0980319e+02
1	2	6	4	2.2049774e+02
1	2	6	5	2.5085318e+02
1	2	6	6	1.6911436e+02
1	2	6	7	2.9852618e+02
1	2	6	8	2.9392737e+02
1	2	6	9	2.7170239e+02
1	2	6	10	1.7673035e+02
1	2	6	11	3.0181961e+02
1	2	6	12	7.2673203e+01
1	2	6	13	2.3671605e+02
1	2	6	14	2.0236668e+02
1	2	6	15	1.8520242e+02
1	2	6	16	1.0148551e+02
1	2	6	17	1.2684658e+02
1	2	6	18	1.4721310e+02
1	2	6	19	1.8564471e+02
1	2	6	20	1.5846704e+02
1	2	6	21	1.5181502e+02
1	2	6	22	1.4642197e+02
1	2	6	23	2.0150331e+02
1	2	6	24	8.9203178e+01
1	2	6	25	1.4432669e+02
1	2	6	26	7.7033180e+01
1	2	6	27	1.2247051e+02
1	2	6	28	1.2999763e+02
1	2	6	29	1.0866027e+01
1	2	6	30	1.4052316e+02
1	2	6	31	6.8624519e+01
1	2	6	32	6.1316692e+01
1	2	6	33	4.8633938e+01
1	2	6	34	5.8464484e+02
1	2	6	35	5.3409418e+02
1	2	6	36	5.7634460e+02
1	2	6	37	5.6804242e+02
1	2	6	38	5.6784705e+02
1	2	6	39	5.7777216e+02
1	2	6	40	5.9283386e+02
1	2	6	41	4.5827484e+02
1	2	6	42	5.8544751e+02
1	2	6	43	5.9775928e+02
1	2	6	44	5.9036066e+02
1	2	6	45	5.7356177e+02
1	2	6	46	5.9256213e+02
1	2	6	47	5.2968964e+02
1	2	6	48	5.1864069e+02
1	2	6	49	5.6711475e+02
1	2	6	50	5.4417163e+02
1	2	6	51	9.2442816e+02
1	2	6	52	1.0287318e+03
1	2	6	53	7.7995337e+02
1	2	6	54	8.0035730e+02
1	2	6	55	7.7265790e+02
1	2	6	56	8.5399902e+02
1	2	6	57	8.5476367e+02
1	2	6	58	9.1472327e+02
1	2	6	59	8.1255853e+02
1	2	6	60	7.5292023e+02
1	2	6	61	7.2555969e+02
1	2	6	62	7.6880182e+02
1	2	6	63	7.8859760e+02
1	2	7	0	3.8553705e+02
1	2	7	1	3.7362393e+02
1	2	7	2	4.1712912e+02
1	2	7	3	3.4956961e+02
1	2	7	4	3.7852075e+02
1	2	7	5	3.7649075e+02
1	2	7	6	3.1960846e+02
1	2	7	7	4.2988446e+02
1	2	7	8	3.3804971e+02
1	2	7	9	4.1182465e+02
1	2	7	10	3.1602487e+02
1	2	7	11	3.9065643e+02
1	2	7	12	3.5823083e+02
1	2	7	13	3.3498898e+02
1	2	7	14	2.4277867e+02
1	2	7	15	3.2350885e+02
1	2	7	16	2.1745688e+02
1	2	7	17	2.3686122e+02
1	2	7	18	1.7673524e+02
1	2	7	19	2.6584589e+02
1	2	7	20	2.7371021e+02
1	2	7	21	1.6396063e+02
1	2	7	22	2.8456567e+02
1	2	7	23	2.3147672e+02
1	2	7	24	1.8091730e+02
1	2	7	25	3.1778970e+02
1	2	7	26	1.6136282e+02
1	2	7	27	1.9353452e+02
1	2	7	28	2.7850409e+02
1	2	7	29	3.1795926e+02
1	2	7	30	3.0665808e+02
1	2	7	31	2.1386861e+02
1	2	7	32	1.9814626e+02
1	2	7	33	2.4584581e+02
1	2	7	34	7.6706470e+02
1	2	7	35	7.5898730e+02
1	2	7	36	7.3869519e+02
1	2	7	37	6.8547626e+02
1	2	7	38	7.1107782e+02
1	2	7	39	7.6927264e+02
1	2	7	40	7.5957526e+02
1	2	7	41	8.5416272e+02
1	2	7	42	8.3880719e+02
1	2	7	43	7.8106439e+02
1	2	7	44	8.8180298e+02
1	2	7	45	8.2373236e+02
1	2	7	46	8.3641901e+02
1	2	7	47	7.5533466e+02
1	2	7	48	8.3206842e+02
1	2	7	49	8.0424115e+02
1	2	7	50	8.7575616e+02
1	2	7	51	1.1992462e+03
1	2	7	52	1.2241227e+03
1	2	7	53	9.1744055e+02
1	2	7	54	9.5648932e+02
1	2	7	55	9.5828046e+02
1	2	7	56	1.0998312e+03
1	2	7	57	9.8578345e+02
1	2	7	58	9.7465784e+02
1	2	7	59	9.5867010e+02
1	2	7	60	9.8469049e+02
1	2	7	61	9.1712842e+02
1	2	7	62	9.8675342e+02
1	2	7	63	1.0415255e+03
1	2	8	0	6.8238800e+01
1	2	8	1	-7.9423004e+01
1	2	8	2	2.6360182e+01
1	2	8	3	6.9478561e+01
1	2	8	4	-6.8548431e+01
1	2	8	5	4.2088310e+01
1	2	8	6	-1.2188808e+02
1	2	8	7	5.7861496e+01
1	2	8	8	2.2902868e+01
1	2	8	9	2.0320288e+01
1	2	8	10	1.4591063e+01
1	2	8	11	2.6426939e+01
1	2	8	12	-6.2290279e+01
1	2	8	13	-6.9159589e+00
1	2	8	14	2.8094435e+01
1	2	8	15	2.8903525e+00
1	2	8	16	-4.9340027e+01
1	2	8	17	-3.9578918e+01
1	2	8	18	1.9800755e+00
1	2	8	19	-1.5006564e+02
1	2	8	20	-2.6265333e+00
1	2	8	21	-3.3999454e+01
1	2	8	22	-8.4069206e+01
1	2	8	23	-1.6689285e+02
1	2	8	24	-4.5923843e+01
1	2	8	25	-1.1162628e+02
1	2	8	26	-1.5712068e+02
1	2	8	27	-1.6689203e+02
1	2	8	28	-8.5595467e+01
1	2	8	29	-1.2276972e+02
1	2	8	30	-9.1705406e+01
1	2	8	31	-2.1574760e+02
1	2	8	32	-1.7986096e+02
1	2	8	33	-1.9223254e+02
1	2	8	34	3.4985333e+02
1	2	8	35	4.0641037e+02
1	2	8	36	4.1316031e+02
1	2	8	37	3.5993552e+02
1	2	8	38	3.1143225e+02
1	2	8	39	3.5211588e+02
1	2	8	40	3.1619281e+02
1	2	8	41	2.1993019e+02
1	2	8	42	3.3192017e+02
1	2	8	43	3.1044937e+02
1	2	8	44	3.5547958e+02
1	2	8	45	3.0410837e+02
1	2	8	46	2.3676590e+02
1	2	8	47	3.1037924e+02
1	2	8	48	2.9190112e+02
1	2	8	49	3.3755869e+02
1	2	8	50	4.2052271e+02
1	2	8	51	8.3984766e+02
1	2	8	52	8.3068774e+02
1	2	8	53	4.3404803e+02
1	2	8	54	5.2559937e+02
1	2	8	55	5.0026297e+02
1	2	8	56	6.6707739e+02
1	2	8	57	7.5750757e+02
1	2	8	58	6.7228851e+02
1	2	8	59	5.7378943e+02
1	2	8	60	5.5052020e+02
1	2	8	61	5.5879443e+02
1	2	8	62	5.9507819e+02
1	2	8	63	5.0696683e+02
1	2	9	0	3.1813223e+02
1	2	9	1	2.8937576e+02
1	2	9	2	3.0482507e+02
1	2	9	3	2.6842596e+02
1	2	9	4	2.7487036e+02
1	2	9	5	1.5287961e+02
1	2	9	6	2.5423990e+02
1	2	9	7	2.6155136e+02
1	2	9	8	2.4850204e+02
1	2	9	9	2.7614655e+02
1	2	9	10	1.2455740e+02
1	2	9	11	2.7071774e+02
1	2	9	12	1.3758852e+02
1	2	9	13	2.7324979e+02
1	2	9	14	1.8853011e+02
1	2	9	15	2.6133954e+02
1	2	9	16	8.2442154e+01
1	2	9	17	1.5861685e+02
1	2	9	18	2.0197171e+02
1	2	9	19	2.4306664e+02
1	2	9	20	1.5934262e+02
1	2	9	21	1.4172778e+02
1	2	9	22	1.5837541e+02
1	2	9	23	2.2883073e+02
1	2	9	24	1.7992140e+02
1	2	9	25	8.9037254e+01
1	2	9	26	1.1361781e+02
1	2	9	27	1.7443124e+02
1	2	9	28	2.3062190e+02
1	2	9	29	1.8759831e+02
1	2	9	30	2.9561905e+02
1	2	9	31	1.5664032e+02
1	2	9	32	1.4843320e+02
1	2	9	33	1.6755066e+02
1	2	9	34	7.4761865e+02
1	2	9	35	6.4584106e+02
1	2	9	36	7.5840729e+02
1	2	9	37	7.7829211e+02
1	2	9	38	6.8929510e+02
1	2	9	39	6.3424524e+02
1	2	9	40	7.7457056e+02
1	2	9	41	6.6059418e+02
1	2	9	42	8.0727808e+02
1	2	9	43	5.1999854e+02
1	2	9	44	8.6599829e+02
1	2	9	45	7.1244800e+02
1	2	9	46	7.6630005e+02
1	2	9	47	7.6835406e+02
1	2	9	48	7.0784814e+02
1	2	9	49	8.0130762e+02
1	2	9	50	7.2191821e+02
1	2	9	51	1.1103298e+03
1	2	9	52	1.1609830e+03
1	2	9	53	8.2963000e+02
1	2	9	54	8.5318719e+02
1	2	9	55	9.5561078e+02
1	2	9	56	1.0194240e+03
1	2	9	57	9.3460022e+02
1	2	9	58	8.7893982e+02
1	2	9	59	8.6024799e+02
1	2	9	60	8.8744495e+02
1	2	9	61	8.6549707e+02
1	2	9	62	8.2232190e+02
1	2	9	63	9.7028857e+02
1	2	10	0	3.3958871e+02
1	2	10	1	3.1427359e+02
1	2	10	2	2.9826053e+02
1	2	10	3	3.1375784e+02
1	2	10	4	2.0492258e+02
1	2	10	5	2.8920673e+02
1	2	10	6	2.7820212e+02
1	2	10	7	4.9964920e+02
1	2	10	8	2.8527362e+02
1	2	10	9	3.5034705e+02
1	2	10	10	2.5891202e+02
1	2	10	11	2.2032054e+02
1	2	10	12	1.9425322e+02
1	2	10	13	2.8263651e+02
1	2	10	14	3.1590424e+02
1	2	10	15	3.1677026e+02
1	2	10	16	1.5755736e+02
1	2	10	17	1.6142641e+02
1	2	10	18	1.8763022e+02
1	2	10	19	1.4056725e+02
1	2	10	20	2.3701373e+02
1	2	10	21	2.4057951e+02
1	2	10	22	1.7140013e+02
1	2	10	23	1.9059525e+02
1	2	10	24	7.3065071e+01
1	2	10	25	2.0687047e+02
1	2	10	26	1.0531712e+02
1	2	10	27	1.4164449e+02
1	2	10	28	1.0316360e+02
1	2	10	29	1.5093694e+02
1	2	10	30	1.3869743e+02
1	2	10	31	1.4117482e+02
1	2	10	32	1.0226825e+02
1	2	10	33	6.7371811e+01
1	2	10	34	5.0340353e+02
1	2	10	35	6.6132379e+02
1	2	10	36	5.2761255e+02
1	2	10	37	5.3628149e+02
1	2	10	38	6.3479669e+02
1	2	10	39	5.5535809e+02
1	2	10	40	6.8164673e+02
1	2	10	41	6.0379620e+02
1	2	10	42	6.0912042e+02
1	2	10	43	6.3987573e+02
1	2	10	44	6.7996930e+02
1	2	10	45	5.6247510e+02
1	2	10	46	6.7267236e+02
1	2	10	47	5.6719305e+02
1	2	10	48	6.0922595e+02
1	2	10	49	6.0682660e+02
1	2	10	50	6.2211908e+02
1	2	10	51	1.1050244e+03
1	2	10	52	1.0347085e+03
1	2	10	53	8.6666211e+02
1	2	10	54	8.1195007e+02
1	2	10	55	8.0045520e+02
1	2	10	56	8.6429565e+02
1	2	10	57	9.3668890e+02
1	2	10	58	8.9190076e+02
1	2	10	59	8.5940796e+02
1	2	10	60	8.8572119e+02
1	2	10	61	8.2279535e+02
1	2	10	62	8.5700916e+02
1	2	10	63	8.9362946e+02
1	2	11	0	2.7561444e+02
1	2	11	1	3.6976331e+02
1	2	11	2	3.1986569e+02
1	2	11	3	2.8307455e+02
1	2	11	4	3.2752484e+02
1	2	11	5	3.0304373e+02
1	2	11	6	2.6436993e+02
1	2	11	7	3.4503915e+02
1	2	11	8	2.7255136e+02
1	2	11	9	-2.4874373e+03
1	2	11	10	2.3243491e+02
1	2	11	11	3.3165128e+02
1	2	11	12	1.3716670e+02
1	2	11	13	3.3437286e+02
1	2	11	14	2.4294806e+02
1	2	11	15	2.8826703e+02
1	2	11	16	1.7725244e+02
1	2	11	17	2.4385677e+02
1	2	11	18	2.6284216e+02
1	2	11	19	3.5462036e+02
1	2	11	20	1.9552293e+02
1	2	11	21	2.6649887e+02
1	2	11	22	2.5610608e+02
1	2	11	23	2.6189389e+02
1	2	11	24	1.9165436e+02
1	2	11	25	2.0299252e+02
1	2	11	26	3.1261740e+02
1	2	11	27	2.0920952e+02
1	2	11	28	2.6040576e+02
1	2	11	29	2.8183130e+02
1	2	11	30	2.2249278e+02
1	2	11	31	1.6296770e+02
1	2	11	32	1.9124286e+02
1	2	11	33	2.2761621e+02
1	2	11	34	7.8779596e+02
1	2	11	35	-2.4874373e+03
1	2	11	36	7.8231464e+02
1	2	11	37	7.6874078e+02
1	2	11	38	6.8596674e+02
1	2	11	39	9.0918213e+02
1	2	11	40	8.8036615e+02
1	2	11	41	8.0959045e+02
1	2	11	42	8.2822327e+02
1	2	11	43	7.6762061e+02
1	2	11	44	9.4011725e+02
1	2	11	45	6.6352386e+02
1	2	11	46	8.2631506e+02
1	2	11	47	7.7856122e+02
1	2	11	48	7.8568951e+02
1	2	11	49	8.9712933e+02
1	2	11	50	8.5918042e+02
1	2	11	51	1.1517855e+03
1	2	11	52	1.2750129e+03
1	2	11	53	9.1977075e+02
1	2	11	54	9.5205817e+02
1	2	11	55	9.4147681e+02
1	2	11	56	1.0508474e+03
1	2	11	57	9.6827704e+02
1	2	11	58	9.4639752e+02
1	2	11	59	8.8167535e+02
1	2	11	60	1.0188602e+03
1	2	11	61	9.0164062e+02
1	2	11	62	8.6984180e+02
1	2	11	63	1.0292725e+03
1	2	12	0	4.2945700e+02
1	2	12	1	3.6450464e+02
1	2	12	2	4.0079303e+02
1	2	12	3	4.0131989e+02
1	2	12	4	2.9560440e+02
1	2	12	5	3.5222650e+02
1	2	12	6	2.9434692e+02
1	2	12	7	4.1971066e+02
1	2	12	8	3.3649557e+02
1	2	12	9	3.9905383e+02
1	2	12	10	2.3392728e+02
1	2	12	11	3.4121954e+02
1	2	12	12	2.8882684e+02
1	2	12	13	3.2656012e+02
1	2	12	14	3.3970190e+02
1	2	12	15	3.2735370e+02
1	2	12	16	2.6755618e+02
1	2	12	17	2.5090239e+02
1	2	12	18	2.4385103e+02
1	2	12	19	2.0187566e+02
1	2	12	20	2.8696469e+02
1	2	12	21	3.4843527e+02
1	2	12	22	3.5546948e+02
1	2	12	23	2.6006641e+02
1	2	12	24	1.7362907e+02
1	2	12	25	2.6431934e+02
1	2	12	26	2.3104236e+02
1	2	12	27	2.5135185e+02
1	2	12	28	-8.6931958e+02
1	2	12	29	2.2370573e+02
1	2	12	30	1.4936606e+02
1	2	12	31	1.4217624e+02
1	2	12	32	1.6997072e+02
1	2	12	33	1.2864642e+02
1	2	12	34	6.3674243e+02
1	2	12	35	7.3802545e+02
1	2	12	36	6.8847632e+02
1	2	12	37	6.8721887e+02
1	2	12	38	6.8870587e+02
1	2	12	39	7.7096411e+02
1	2	12	40	6.4913324e+02
1	2	12	41	6.0620178e+02
1	2	12	42	7.2467743e+02
1	2	12	43	7.3867383e+02
1	2	12	44	7.0243634e+02
1	2	12	45	7.2976270e+02
1	2	12	46	-2.4874373e+03
1	2	12	47	6.3124384e+02
1	2	12	48	7.3619739e+02
1	2	12	49	6.5559302e+02
1	2	12	50	7.0120038e+02
1	2	12	51	1.1200634e+03
1	2	12	52	1.1293846e+03
1	2	12	53	8.1508441e+02
1	2	12	54	8.7789331e+02
1	2	12	55	8.5634277e+02
1	2	12	56	9.8969415e+02
1	2	12	57	1.0115442e+03
1	2	12	58	9.7088928e+02
1	2	12	59	8.7527246e+02
1	2	12	60	9.3581421e+02
1	2	12	61	8.7152167e+02
1	2	12	62	9.4378802e+02
1	2	12	63	9.5345435e+02
1	2	13	0	5.1549030e+02
1	2	13	1	4.5476099e+02
1	2	13	2	4.9911710e+02
1	2	13	3	4.5622729e+02
1	2	13	4	4.5252795e+02
1	2	13	5	5.3101257e+02
1	2	13	6	4.4283606e+02
1	2	13	7	4.3671313e+02
1	2	13	8	4.1226529e+02
1	2	13	9	4.4476532e+02
1	2	13	10	-1.4019766e+02
1	2	13	11	4.4120651e+02
1	2	13	12	3.7798709e+02
1	2	13	13	3.6424493e+02
1	2	13	14	2.6961359e+02
1	2	13	15	3.9274323e+02
1	2	13	16	2.7806369e+02
1	2	13	17	2.8625516e+02
1	2	13	18	2.7064816e+02
1	2	13	19	3.5277228e+02
1	2	13	20	3.5116293e+02
1	2	13	21	3.5230972e+02
1	2	13	22	3.5596002e+02
1	2	13	23	4.1953702e+02
1	2	13	24	3.2707336e+02
1	2	13	25	4.1777335e+02
1	2	13	26	3.8052798e+02
1	2	13	27	3.8712173e+02
1	2	13	28	3.7810941e+02
1	2	13	29	3.7777911e+02
1	2	13	30	3.6972491e+02
1	2	13	31	2.7044913e+02
1	2	13	32	2.9295047e+02
1	2	13	33	3.1396930e+02
1	2	13	34	7.9620898e+02
1	2	13	35	8.1440387e+02
1	2	13	36	8.3271051e+02
1	2	13	37	8.5641510e+02
1	2	13	38	7.6913965e+02
1	2	13	39	8.4186066e+02
1	2	13	40	8.4496619e+02
1	2	13	41	8.6632703e+02
1	2	13	42	8.9013214e+02
1	2	13	43	7.8266345e+02
1	2	13	44	8.9454053e+02
1	2	13	45	8.6113824e+02
1	2	13	46	-5.8643494e+02
1	2	13	47	9.0749042e+02
1	2	13	48	9.3269037e+02
1	2	13	49	8.6174347e+02
1	2	13	50	9.0355737e+02
1	2	13	51	1.2633729e+03
1	2	13	52	1.2427172e+03
1	2	13	53	1.0218279e+03
1	2	13	54	1.0538955e+03
1	2	13	55	1.0678014e+03
1	2	13	56	1.1704436e+03
1	2	13	57	1.1142892e+03
1	2	13	58	9.9560577e+02
1	2	13	59	1.0012089e+03
1	2	13	60	1.0303333e+03
1	2	13	61	9.6612805e+02
1	2	13	62	1.0192933e+03
1	2	13	63	1.1095730e+03
1	2	14	0	4.4122678e+02
1	2	14	1	2.5802496e+02
1	2	14	2	3.7524063e+02
1	2	14	3	4.0731528e+02
1	2	14	4	2.4492871e+02
1	2	14	5	2.1994585e+02
1	2	14	6	2.8042389e+02
1	2	14	7	3.5345474e+02
1	2	14	8	3.1926477e+02
1	2	14	9	4.4455676e+02
1	2	14	10	2.2584344e+02
1	2	14	11	3.3454691e+02
1	2	14	12	3.2902820e+02
1	2	14	13	2.6932092e+02
1	2	14	14	3.6286310e+02
1	2	14	15	2.9575027e+02
1	2	14	16	2.1600740e+02
1	2	14	17	1.7828391e+02
1	2	14	18	2.7028091e+02
1	2	14	19	2.0154805e+02
1	2	14	20	4.2020224e+02
1	2	14	21	2.6917224e+02
1	2	14	22	2.3684573e+02
1	2	14	23	2.4743918e+02
1	2	14	24	1.8031792e+02
1	2	14	25	1.7797792e+02
1	2	14	26	2.1203691e+02
1	2	14	27	1.7915700e+02
1	2	14	28	1.8374188e+02
1	2	14	29	1.8235762e+02
1	2	14	30	2.1970801e+02
1	2	14	31	1.8941728e+02
1	2	14	32	1.4803505e+02
1	2	14	33	1.4618449e+02
1	2	14	34	6.5611658e+02
1	2	14	35	7.5564850e+02
1	2	14	36	7.6735193e+02
1	2	14	37	7.2432635e+02
1	2	14	38	7.0607867e+02
1	2	14	39	7.2773645e+02
1	2	14	40	7.1855908e+02
1	2	14	41	6.5292590e+02
1	2	14	42	6.7932288e+02
1	2	14	43	7.5263153e+02
1	2	14	44	7.7888220e+02
1	2	14	45	6.7117285e+02
1	2	14	46	7.0298297e+02
1	2	14	47	7.2460309e+02
1	2	14	48	6.6477936e+02
1	2	14	49	7.5589972e+02
1	2	14	50	7.4751782e+02
1	2	14	51	1.1968302e+03
1	2	14	52	1.1004117e+03
1	2	14	53	8.6706006e+02
1	2	14	54	9.3390454e+02
1	2	14	55	8.5747089e+02
1	2	14	56	9.4831708e+02
1	2	14	57	1.0580010e+03
1	2	14	58	1.0119460e+03
1	2	14	59	9.4493512e+02
1	2	14	60	8.8300653e+02
1	2	14	61	8.4285126e+02
1	2	14	62	9.8775165e+02
1	2	14	63	9.3619049e+02
1	2	15	0	4.3216501e+02
1	2	15	1	4.2841629e+02
1	2	15	2	3.9096213e+02
1	2	15	3	4.3150995e+02
1	2	15	4	4.2321774e+02
1	2	15	5	4.3788992e+02
1	2	15	6	3.9016516e+02
1	2	15	7	3.8478802e+02
1	2	15	8	3.9664606e+02
1	2	15	9	4.4732410e+02
1	2	15	10	3.7044995e+02
1	2	15	11	4.3205606e+02
1	2	15	12	3.1172861e+02
1	2	15	13	3.6799261e+02
1	2	15	14	4.1899924e+02
1	2	15	15	3.0712225e+02
1	2	15	16	4.0894165e+02
1	2	15	17	3.3777264e+02
1	2	15	18	2.7117554e+02
1	2	15	19	3.6708148e+02
1	2	15	20	2.9856335e+02
1	2	15	21	3.3758606e+02
1	2	15	22	2.9997458e+02
1	2	15	23	4.7268777e+02
1	2	15	24	3.0004382e+02
1	2	15	25	4.0209973e+02
1	2	15	26	3.2021622e+02
1	2	15	27	2.0637332e+02
1	2	15	28	3.6248688e+02
1	2	15	29	3.2751239e+02
1	2	15	30	3.6198926e+02
1	2	15	31	3.0843549e+02
1	2	15	32	2.5499445e+02
1	2	15	33	3.9653635e+02
1	2	15	34	7.7645831e+02
1	2	15	35	8.1988306e+02
1	2	15	36	9.5948041e+02
1	2	15	37	9.4132013e+02
1	2	15	38	8.6699658e+02
1	2	15	39	8.5400897e+02
1	2	15	40	9.2060364e+02
1	2	15	41	8.9138910e+02
1	2	15	42	9.0320642e+02
1	2	15	43	8.6909961e+02
1	2	15	44	9.5460724e+02
1	2	15	45	9.1386670e+02
1	2	15	46	9.9613782e+02
1	2	15	47	9.7819452e+02
1	2	15	48	9.6509283e+02
1	2	15	49	8.5133453e+02
1	2	15	50	8.7421893e+02
1	2	15	51	1.3915056e+03
1	2	15	52	1.4261210e+03
1	2	15	53	1.0754379e+03
1	2	15	54	1.0932477e+03
1	2	15	55	1.1417811e+03
1	2	15	56	1.2376703e+03
1	2	15	57	1.2102043e+03
1	2	15	58	1.1070637e+03
1	2	15	59	1.0899791e+03
1	2	15	60	1.2145842e+03
1	2	15	61	1.0659429e+03
1	2	15	62	1.1306971e+03
1	2	15	63	1.2262484e+03
