0	0	0	0	5.7063133e+01
0	0	0	1	-7.4397285e+01
0	0	0	2	1.3303511e+02
0	0	0	3	-4.5788471e+01
0	0	0	4	-2.5746078e+01
0	0	0	5	-3.4033062e+01
0	0	0	6	1.8909515e+01
0	0	0	7	-5.3540740e+00
0	0	0	8	-2.9413021e+01
0	0	0	9	1.2690117e+02
0	0	0	10	-3.6299465e+01
0	0	0	11	6.6343170e+01
0	0	0	12	-1.6385956e+02
0	0	0	13	-7.4157593e+01
0	0	0	14	-7.5888947e+01
0	0	0	15	5.8682146e+00
0	0	0	16	-1.6584848e+02
0	0	0	17	-2.3262651e+02
0	0	0	18	-9.1367691e+01
0	0	0	19	-2.3638292e+02
0	0	0	20	-1.6630055e+02
0	0	0	21	-1.4630534e+02
0	0	0	22	-2.2636678e+02
0	0	0	23	-1.3869795e+02
0	0	0	24	-1.7586926e+02
0	0	0	25	-1.1759811e+02
0	0	0	26	-2.0727011e+02
0	0	0	27	-1.8314252e+02
0	0	0	28	-1.3599168e+02
0	0	0	29	-1.7506091e+02
0	0	0	30	-1.3863022e+02
0	0	0	31	-1.0854855e+02
0	0	0	32	-1.4152675e+02
0	0	0	33	-2.0810576e+02
0	0	0	34	6.3789014e+02
0	0	0	35	5.8437152e+02
0	0	0	36	5.9245764e+02
0	0	0	37	5.6058972e+02
0	0	0	38	5.6087811e+02
0	0	0	39	6.9238690e+02
0	0	0	40	5.5096747e+02
0	0	0	41	6.0827155e+02
0	0	0	42	7.0834552e+02
0	0	0	43	6.8378003e+02
0	0	0	44	7.1507788e+02
0	0	0	45	6.4117310e+02
0	0	0	46	7.4788129e+02
0	0	0	47	6.7853241e+02
0	0	0	48	6.9550519e+02
0	0	0	49	5.8208569e+02
0	0	0	50	6.3383820e+02
0	0	0	51	1.2319553e+03
0	0	0	52	1.2838834e+03
0	0	0	53	8.1486353e+02
0	0	0	54	8.6984668e+02
0	0	0	55	9.2393323e+02
0	0	0	56	1.1477894e+03
0	0	0	57	1.0329216e+03
0	0	0	58	9.3463208e+02
0	0	0	59	8.5525421e+02
0	0	0	60	9.6443646e+02
0	0	0	61	7.4089923e+02
0	0	0	62	8.3685120e+02
0	0	0	63	9.7058984e+02
0	0	1	0	3.2173380e+02
0	0	1	1	2.2591472e+02
0	0	1	2	1.4479237e+02
0	0	1	3	1.4471347e+02
0	0	1	4	1.1123383e+02
0	0	1	5	3.1023184e+02
0	0	1	6	1.4112198e+02
0	0	1	7	2.1199561e+02
0	0	1	8	1.0291286e+02
0	0	1	9	1.6991081e+02
0	0	1	10	2.5006152e+02
0	0	1	11	1.1097346e+02
0	0	1	12	1.0777421e+02
0	0	1	13	1.9006305e+02
0	0	1	14	5.3256660e+01
0	0	1	15	1.0395993e+02
0	0	1	16	9.5422279e+01
0	0	1	17	1.9175771e+02
0	0	1	18	2.0496268e+02
0	0	1	19	1.9418460e+02
0	0	1	20	7.1316109e+01
0	0	1	21	7.6379333e+01
0	0	1	22	7.3733315e+01
0	0	1	23	9.1139877e+01
0	0	1	24	1.2041663e+02
0	0	1	25	1.1943969e+02
0	0	1	26	-2.3248304e+01
0	0	1	27	9.4699654e+01
0	0	1	28	6.4022514e+01
0	0	1	29	2.0875835e+01
0	0	1	30	1.3201561e+02
0	0	1	31	1.9564758e+01
0	0	1	32	2.4429724e+01
0	0	1	33	1.8041801e+01
0	0	1	34	6.6408521e+02
0	0	1	35	6.3521497e+02
0	0	1	36	6.9245428e+02
0	0	1	37	6.6162238e+02
0	0	1	38	8.2111157e+02
0	0	1	39	6.2910004e+02
0	0	1	40	7.3053503e+02
0	0	1	41	6.3156732e+02
0	0	1	42	7.0648199e+02
0	0	1	43	6.6510571e+02
0	0	1	44	6.6310443e+02
0	0	1	45	6.9949573e+02
0	0	1	46	7.0184637e+02
0	0	1	47	6.2693359e+02
0	0	1	48	6.7545441e+02
0	0	1	49	5.7614459e+02
0	0	1	50	7.2067047e+02
0	0	1	51	1.3464470e+03
0	0	1	52	1.3059014e+03
0	0	1	53	8.8571899e+02
0	0	1	54	9.5604022e+02
0	0	1	55	8.9715985e+02
0	0	1	56	1.0802531e+03
0	0	1	57	1.0668733e+03
0	0	1	58	1.0203641e+03
0	0	1	59	9.6070697e+02
0	0	1	60	9.9636194e+02
0	0	1	61	9.9340289e+02
0	0	1	62	1.0092675e+03
0	0	1	63	1.0479257e+03
0	0	2	0	2.9480167e+02
0	0	2	1	1.7121307e+02
0	0	2	2	2.5133250e+02
0	0	2	3	2.6133029e+02
0	0	2	4	2.1303932e+02
0	0	2	5	2.3215471e+02
0	0	2	6	2.6767947e+02
0	0	2	7	2.6987717e+02
0	0	2	8	2.1368762e+02
0	0	2	9	4.2510626e+02
0	0	2	10	1.6459082e+02
0	0	2	11	2.2491136e+02
0	0	2	12	8.6288925e+01
0	0	2	13	1.4155609e+02
0	0	2	14	2.1118912e+02
0	0	2	15	2.3178448e+02
0	0	2	16	1.2159387e+02
0	0	2	17	6.9822487e+01
0	0	2	18	2.8044493e+01
0	0	2	19	5.0771427e+01
0	0	2	20	5.7937202e+01
0	0	2	21	1.2800952e+02
0	0	2	22	1.4116667e+02
0	0	2	23	1.2047065e+02
0	0	2	24	-8.5510435e+00
0	0	2	25	1.2320987e+02
0	0	2	26	2.3490749e+02
0	0	2	27	1.1609535e+02
0	0	2	28	7.4470047e+01
0	0	2	29	1.4079358e+02
0	0	2	30	1.7237595e+02
0	0	2	31	9.2448364e+01
0	0	2	32	7.6011307e+01
0	0	2	33	9.9753059e+01
0	0	2	34	7.2473724e+02
0	0	2	35	7.9405560e+02
0	0	2	36	8.4503137e+02
0	0	2	37	8.0297681e+02
0	0	2	38	7.5447632e+02
0	0	2	39	7.5898505e+02
0	0	2	40	7.9703900e+02
0	0	2	41	7.4312726e+02
0	0	2	42	8.3356744e+02
0	0	2	43	8.5239587e+02
0	0	2	44	7.6699939e+02
0	0	2	45	7.8386389e+02
0	0	2	46	8.2094830e+02
0	0	2	47	8.0891321e+02
0	0	2	48	8.7997211e+02
0	0	2	49	8.8725549e+02
0	0	2	50	7.9225006e+02
0	0	2	51	1.4966703e+03
0	0	2	52	1.4774191e+03
0	0	2	53	1.0937388e+03
0	0	2	54	1.2499459e+03
0	0	2	55	1.1139222e+03
0	0	2	56	1.3292759e+03
0	0	2	57	1.1973944e+03
0	0	2	58	1.1338556e+03
0	0	2	59	1.0988756e+03
0	0	2	60	1.2278972e+03
0	0	2	61	1.0689639e+03
0	0	2	62	1.0802323e+03
0	0	2	63	1.2059485e+03
0	0	3	0	2.3494456e+02
0	0	3	1	4.1802822e+01
0	0	3	2	8.7856750e+00
0	0	3	3	-2.9168249e+01
0	0	3	4	-2.4273998e+01
0	0	3	5	6.2555450e+01
0	0	3	6	-2.1458780e+01
0	0	3	7	1.2108912e+01
0	0	3	8	1.5694257e+00
0	0	3	9	-7.3511662e+00
0	0	3	10	2.6438028e+01
0	0	3	11	-3.3785702e+01
0	0	3	12	-5.7255215e+01
0	0	3	13	-3.5905251e+01
0	0	3	14	-4.6460434e+01
0	0	3	15	3.0542048e+01
0	0	3	16	-4.3734283e+01
0	0	3	17	9.0282583e-01
0	0	3	18	-9.6240326e+01
0	0	3	19	-2.6133041e+01
0	0	3	20	-1.7754408e+02
0	0	3	21	-1.6231886e+02
0	0	3	22	-7.3330711e+01
0	0	3	23	-8.5943985e+00
0	0	3	24	-2.4250133e+02
0	0	3	25	-1.7103140e+02
0	0	3	26	-1.8105806e+02
0	0	3	27	-1.1338740e+02
0	0	3	28	-2.0590855e+02
0	0	3	29	-2.4014511e+02
0	0	3	30	-2.5108813e+02
0	0	3	31	-2.0963486e+02
0	0	3	32	-1.8729543e+02
0	0	3	33	-2.6780060e+02
0	0	3	34	5.1483234e+02
0	0	3	35	4.0901581e+02
0	0	3	36	4.3434705e+02
0	0	3	37	3.9360312e+02
0	0	3	38	5.2078375e+02
0	0	3	39	4.2227435e+02
0	0	3	40	4.5895593e+02
0	0	3	41	4.4669327e+02
0	0	3	42	4.7483844e+02
0	0	3	43	4.4112555e+02
0	0	3	44	4.9028958e+02
0	0	3	45	3.6862415e+02
0	0	3	46	4.2401703e+02
0	0	3	47	3.2856531e+02
0	0	3	48	3.4687927e+02
0	0	3	49	4.4311871e+02
0	0	3	50	4.2618771e+02
0	0	3	51	9.2815869e+02
0	0	3	52	1.0124438e+03
0	0	3	53	6.8251263e+02
0	0	3	54	7.3091083e+02
0	0	3	55	7.3185175e+02
0	0	3	56	8.7476733e+02
0	0	3	57	8.6426514e+02
0	0	3	58	7.4655896e+02
0	0	3	59	7.4664771e+02
0	0	3	60	6.7086377e+02
0	0	3	61	6.8085510e+02
0	0	3	62	6.6627136e+02
0	0	3	63	7.2495410e+02
0	0	4	0	-1.3804352e+02
0	0	4	1	-1.8749359e+02
0	0	4	2	-8.5109200e+01
0	0	4	3	-1.9638269e+02
0	0	4	4	-1.5869070e+02
0	0	4	5	-1.0885332e+02
0	0	4	6	-7.2634583e+01
0	0	4	7	-1.8611090e+02
0	0	4	8	-2.3358051e+02
0	0	4	9	-1.0977212e+02
0	0	4	10	-1.9916974e+02
0	0	4	11	-1.2041698e+02
0	0	4	12	-2.5724310e+02
0	0	4	13	-1.8857837e+02
0	0	4	14	-1.8406435e+02
0	0	4	15	-2.2184311e+02
0	0	4	16	-3.1186823e+02
0	0	4	17	-3.8804013e+02
0	0	4	18	-3.0906805e+02
0	0	4	19	-3.6752774e+02
0	0	4	20	-3.3025714e+02
0	0	4	21	-3.8475717e+02
0	0	4	22	-2.5912006e+02
0	0	4	23	-3.4180774e+02
0	0	4	24	-3.3116815e+02
0	0	4	25	-2.7052240e+02
0	0	4	26	-2.7905179e+02
0	0	4	27	-1.8130049e+02
0	0	4	28	-2.9666840e+02
0	0	4	29	-3.3781320e+02
0	0	4	30	-3.0158978e+02
0	0	4	31	-2.9589526e+02
0	0	4	32	-3.0895395e+02
0	0	4	33	-3.5211810e+02
0	0	4	34	4.5557266e+02
0	0	4	35	4.1267804e+02
0	0	4	36	4.3305331e+02
0	0	4	37	3.9398727e+02
0	0	4	38	4.1361710e+02
0	0	4	39	4.4800867e+02
0	0	4	40	4.3156427e+02
0	0	4	41	4.2276971e+02
0	0	4	42	4.7779593e+02
0	0	4	43	4.6921680e+02
0	0	4	44	5.9648792e+02
0	0	4	45	4.9433286e+02
0	0	4	46	5.5100354e+02
0	0	4	47	4.4998538e+02
0	0	4	48	6.3376801e+02
0	0	4	49	5.6861432e+02
0	0	4	50	4.5318106e+02
0	0	4	51	1.1945852e+03
0	0	4	52	1.1667834e+03
0	0	4	53	7.2664960e+02
0	0	4	54	7.9392828e+02
0	0	4	55	8.7714270e+02
0	0	4	56	9.3630969e+02
0	0	4	57	9.2735736e+02
0	0	4	58	8.0193146e+02
0	0	4	59	7.8535938e+02
0	0	4	60	8.0723737e+02
0	0	4	61	6.9788361e+02
0	0	4	62	6.8390057e+02
0	0	4	63	8.2026770e+02
0	0	5	0	-1.6622202e+02
0	0	5	1	-2.6422031e+02
0	0	5	2	-3.8533148e+02
0	0	5	3	-2.9782794e+02
0	0	5	4	-3.7672794e+02
0	0	5	5	-2.7946356e+02
0	0	5	6	-3.3784448e+02
0	0	5	7	-1.9767896e+02
0	0	5	8	-2.6612665e+02
0	0	5	9	-3.2514078e+02
0	0	5	10	-2.4593065e+02
0	0	5	11	-3.7154816e+02
0	0	5	12	-4.1509927e+02
0	0	5	13	-3.4600650e+02
0	0	5	14	-3.4608789e+02
0	0	5	15	-2.6623145e+02
0	0	5	16	-2.2508035e+02
0	0	5	17	-4.0001724e+02
0	0	5	18	-4.4016666e+02
0	0	5	19	-2.4230106e+02
0	0	5	20	-4.4696866e+02
0	0	5	21	-4.5537936e+02
0	0	5	22	-3.6673648e+02
0	0	5	23	-4.4824707e+02
0	0	5	24	-4.6923801e+02
0	0	5	25	-4.1854971e+02
0	0	5	26	-4.4469318e+02
0	0	5	27	-4.7081287e+02
0	0	5	28	-4.6926059e+02
0	0	5	29	-5.6753198e+02
0	0	5	30	-4.6276096e+02
0	0	5	31	-5.2620837e+02
0	0	5	32	-5.3208472e+02
0	0	5	33	-5.4983734e+02
0	0	5	34	1.0851627e+02
0	0	5	35	9.7050812e+01
0	0	5	36	1.9272166e+02
0	0	5	37	1.7263454e+02
0	0	5	38	2.1699730e+02
0	0	5	39	9.8928238e+01
0	0	5	40	1.9796350e+02
0	0	5	41	1.3958888e+02
0	0	5	42	2.2175554e+02
0	0	5	43	1.1063354e+02
0	0	5	44	2.2634229e+02
0	0	5	45	1.1816732e+02
0	0	5	46	1.4697330e+02
0	0	5	47	1.0142346e+02
0	0	5	48	1.0695723e+02
0	0	5	49	1.8165804e+02
0	0	5	50	1.8383411e+02
0	0	5	51	7.7751990e+02
0	0	5	52	8.2494739e+02
0	0	5	53	4.1377451e+02
0	0	5	54	4.5574014e+02
0	0	5	55	4.8218497e+02
0	0	5	56	6.1794379e+02
0	0	5	57	6.4396411e+02
0	0	5	58	5.3143463e+02
0	0	5	59	5.1152383e+02
0	0	5	60	4.7678415e+02
0	0	5	61	4.0785309e+02
0	0	5	62	5.4131946e+02
0	0	5	63	4.7853592e+02
0	0	6	0	-9.2769043e+01
0	0	6	1	-1.9914749e+02
0	0	6	2	-1.6577995e+02
0	0	6	3	-1.5796632e+02
0	0	6	4	-1.0611906e+02
0	0	6	5	-1.5863243e+02
0	0	6	6	-1.1658334e+02
0	0	6	7	-1.8437204e+02
0	0	6	8	-2.0750371e+02
0	0	6	9	-1.4770395e+02
0	0	6	10	-2.6076822e+02
0	0	6	11	-1.4844778e+02
0	0	6	12	-2.4804652e+02
0	0	6	13	-1.4506364e+02
0	0	6	14	-2.0593063e+02
0	0	6	15	-2.3475084e+02
0	0	6	16	-3.6672110e+02
0	0	6	17	-3.9239902e+02
0	0	6	18	-3.5002933e+02
0	0	6	19	-3.1211151e+02
0	0	6	20	-4.5660727e+02
0	0	6	21	-3.4795300e+02
0	0	6	22	-2.9709708e+02
0	0	6	23	-3.0702347e+02
0	0	6	24	-2.8038980e+02
0	0	6	25	-2.4475203e+02
0	0	6	26	-2.8328461e+02
0	0	6	27	-2.4664014e+02
0	0	6	28	-2.9194925e+02
0	0	6	29	-3.5161899e+02
0	0	6	30	-3.1482181e+02
0	0	6	31	-3.6707727e+02
0	0	6	32	-3.0663382e+02
0	0	6	33	-3.3613437e+02
0	0	6	34	3.8584372e+02
0	0	6	35	4.2275925e+02
0	0	6	36	4.5398199e+02
0	0	6	37	5.6709027e+02
0	0	6	38	4.7694446e+02
0	0	6	39	4.5569107e+02
0	0	6	40	4.2651245e+02
0	0	6	41	4.2855460e+02
0	0	6	42	6.6714124e+02
0	0	6	43	4.8196118e+02
0	0	6	44	6.6459430e+02
0	0	6	45	4.8987491e+02
0	0	6	46	8.9612616e+02
0	0	6	47	4.4597412e+02
0	0	6	48	5.4560223e+02
0	0	6	49	1.3111986e+03
0	0	6	50	5.5338647e+02
0	0	6	51	1.0637312e+03
0	0	6	52	1.1308169e+03
0	0	6	53	7.4616284e+02
0	0	6	54	7.6135864e+02
0	0	6	55	9.0687408e+02
0	0	6	56	9.6178516e+02
0	0	6	57	9.1245233e+02
0	0	6	58	7.9440356e+02
0	0	6	59	7.2751495e+02
0	0	6	60	8.6341675e+02
0	0	6	61	7.9901294e+02
0	0	6	62	7.4005237e+02
0	0	6	63	9.0620618e+02
0	0	7	0	9.1380653e+01
0	0	7	1	-1.8578406e+02
0	0	7	2	-1.8879951e+02
0	0	7	3	-1.8323434e+02
0	0	7	4	-2.5508279e+02
0	0	7	5	-8.2441597e+01
0	0	7	6	-2.4729973e+02
0	0	7	7	-1.1908269e+02
0	0	7	8	-2.3665999e+02
0	0	7	9	-2.0066423e+02
0	0	7	10	-1.1872984e+02
0	0	7	11	-3.0558319e+02
0	0	7	12	-3.5317746e+02
0	0	7	13	-1.9859995e+02
0	0	7	14	-2.6401276e+02
0	0	7	15	-1.7897501e+02
0	0	7	16	-3.2894254e+02
0	0	7	17	-2.1067271e+02
0	0	7	18	-2.8215967e+02
0	0	7	19	2.0914670e+03
0	0	7	20	-3.8296317e+02
0	0	7	21	-2.9496439e+02
0	0	7	22	-2.9580542e+02
0	0	7	23	-3.0656271e+02
0	0	7	24	-4.6838940e+02
0	0	7	25	-3.0339127e+02
0	0	7	26	-3.1876511e+02
0	0	7	27	-3.8026349e+02
0	0	7	28	-3.4694223e+02
0	0	7	29	-3.7971616e+02
0	0	7	30	-4.0949307e+02
0	0	7	31	-4.0917975e+02
0	0	7	32	-4.8974640e+02
0	0	7	33	-5.2805096e+02
0	0	7	34	1.8592934e+02
0	0	7	35	1.8819200e+02
0	0	7	36	2.2925749e+02
0	0	7	37	2.9955212e+02
0	0	7	38	2.8548370e+02
0	0	7	39	2.5139450e+02
0	0	7	40	1.5579424e+02
0	0	7	41	1.6263779e+02
0	0	7	42	2.1162012e+02
0	0	7	43	1.4712674e+02
0	0	7	44	1.9058867e+02
0	0	7	45	1.8767267e+02
0	0	7	46	2.0365404e+02
0	0	7	47	2.3539822e+02
0	0	7	48	1.2237445e+02
0	0	7	49	1.8744370e+02
0	0	7	50	2.3375491e+02
0	0	7	51	7.7818671e+02
0	0	7	52	7.0282849e+02
0	0	7	53	3.6528586e+02
0	0	7	54	4.7705966e+02
0	0	7	55	4.2019730e+02
0	0	7	56	5.3347430e+02
0	0	7	57	5.4642383e+02
0	0	7	58	4.9675931e+02
0	0	7	59	4.8355991e+02
0	0	7	60	4.2210828e+02
0	0	7	61	4.3752951e+02
0	0	7	62	4.5370883e+02
0	0	7	63	4.4444653e+02
0	0	8	0	-3.4759042e+02
0	0	8	1	-3.2101266e+02
0	0	8	2	-1.8521509e+02
0	0	8	3	-3.9459210e+02
0	0	8	4	-3.5008072e+02
0	0	8	5	-3.3538113e+02
0	0	8	6	-3.6030597e+02
0	0	8	7	-2.9776233e+02
0	0	8	8	-3.8982913e+02
0	0	8	9	-2.9956406e+02
0	0	8	10	-4.4159311e+02
0	0	8	11	-3.1541187e+02
0	0	8	12	-3.8479575e+02
0	0	8	13	-2.9822345e+02
0	0	8	14	-4.8023129e+02
0	0	8	15	-2.7151987e+02
0	0	8	16	-6.1629230e+02
0	0	8	17	-5.6694177e+02
0	0	8	18	-5.1789496e+02
0	0	8	19	-6.1949152e+02
0	0	8	20	-5.0408749e+02
0	0	8	21	-6.1463678e+02
0	0	8	22	-4.9843939e+02
0	0	8	23	-5.8118610e+02
0	0	8	24	-5.3891339e+02
0	0	8	25	-4.4681168e+02
0	0	8	26	-5.5281494e+02
0	0	8	27	-4.3073019e+02
0	0	8	28	-4.5842194e+02
0	0	8	29	-4.7204572e+02
0	0	8	30	-4.8697290e+02
0	0	8	31	-4.1417270e+02
0	0	8	32	-4.9445374e+02
0	0	8	33	-4.6143756e+02
0	0	8	34	2.5510582e+02
0	0	8	35	2.7729340e+02
0	0	8	36	2.3061508e+02
0	0	8	37	2.6631186e+02
0	0	8	38	2.2803171e+02
0	0	8	39	3.5324164e+02
0	0	8	40	2.9450266e+02
0	0	8	41	2.3973997e+02
0	0	8	42	3.3560992e+02
0	0	8	43	3.5717386e+02
0	0	8	44	3.6762387e+02
0	0	8	45	2.6597855e+02
0	0	8	46	3.3915536e+02
0	0	8	47	2.6732510e+02
0	0	8	48	3.1062393e+02
0	0	8	49	2.7657983e+02
0	0	8	50	3.3213492e+02
0	0	8	51	9.8001013e+02
0	0	8	52	8.9603119e+02
0	0	8	53	6.5726331e+02
0	0	8	54	5.3976117e+02
0	0	8	55	6.6669696e+02
0	0	8	56	7.6995392e+02
0	0	8	57	8.7112140e+02
0	0	8	58	5.3091235e+02
0	0	8	59	5.5192590e+02
0	0	8	60	6.6955518e+02
0	0	8	61	5.0069403e+02
0	0	8	62	5.3426874e+02
0	0	8	63	7.2789050e+02
0	0	9	0	-2.2006856e+02
0	0	9	1	-2.6216492e+02
0	0	9	2	-3.7293954e+02
0	0	9	3	-2.3621428e+02
0	0	9	4	-4.5358514e+02
0	0	9	5	-3.6278683e+02
0	0	9	6	-3.4524652e+02
0	0	9	7	-3.1212186e+02
0	0	9	8	-3.1595499e+02
0	0	9	9	-4.0929791e+02
0	0	9	10	-3.2777164e+02
0	0	9	11	-4.0243063e+02
0	0	9	12	-4.2602847e+02
0	0	9	13	-3.6536697e+02
0	0	9	14	-4.3259561e+02
0	0	9	15	-2.3653036e+02
0	0	9	16	-4.5823779e+02
0	0	9	17	-4.0226529e+02
0	0	9	18	-4.0764447e+02
0	0	9	19	-3.8107809e+02
0	0	9	20	-5.5641705e+02
0	0	9	21	-4.4859543e+02
0	0	9	22	-4.8181049e+02
0	0	9	23	-4.1681287e+02
0	0	9	24	-5.0481351e+02
0	0	9	25	-4.7223730e+02
0	0	9	26	-4.8687000e+02
0	0	9	27	-5.8029791e+02
0	0	9	28	-5.2304987e+02
0	0	9	29	-6.1348022e+02
0	0	9	30	-5.7342883e+02
0	0	9	31	-6.3260742e+02
0	0	9	32	-5.6600739e+02
0	0	9	33	-6.3509283e+02
0	0	9	34	8.9526497e+01
0	0	9	35	6.0436506e+00
0	0	9	36	1.2608665e+02
0	0	9	37	5.2001270e+01
0	0	9	38	1.0678069e+02
0	0	9	39	-2.2793680e+01
0	0	9	40	1.1796803e+02
0	0	9	41	-3.5560772e+01
0	0	9	42	9.0497618e+00
0	0	9	43	1.3931015e+01
0	0	9	44	7.2075294e+01
0	0	9	45	-7.9970508e+00
0	0	9	46	3.5659771e+01
0	0	9	47	7.4540382e+01
0	0	9	48	2.6035360e+01
0	0	9	49	-5.4172131e+01
0	0	9	50	1.3058775e+02
0	0	9	51	6.8169507e+02
0	0	9	52	7.0251978e+02
0	0	9	53	3.0529141e+02
0	0	9	54	3.1532605e+02
0	0	9	55	2.4956702e+02
0	0	9	56	4.6899905e+02
0	0	9	57	4.6938699e+02
0	0	9	58	4.0892123e+02
0	0	9	59	3.6738840e+02
0	0	9	60	3.0380734e+02
0	0	9	61	3.2547601e+02
0	0	9	62	3.8698956e+02
0	0	9	63	3.5003241e+02
0	0	10	0	6.7196968e+01
0	0	10	1	-3.8807915e+01
0	0	10	2	1.2720967e+02
0	0	10	3	-8.5808020e+00
0	0	10	4	8.7446198e+01
0	0	10	5	4.5487202e+01
0	0	10	6	6.1986488e+01
0	0	10	7	1.3303175e+02
0	0	10	8	4.3907887e+01
0	0	10	9	1.4581139e+02
0	0	10	10	7.5209274e+00
0	0	10	11	7.3412453e+01
0	0	10	12	-3.8578152e+01
0	0	10	13	7.1184587e+00
0	0	10	14	-7.2076424e+01
0	0	10	15	-7.5192497e+01
0	0	10	16	-1.7815485e+02
0	0	10	17	-1.4949918e+02
0	0	10	18	-8.3720230e+01
0	0	10	19	-1.2691762e+02
0	0	10	20	-2.0629553e+01
0	0	10	21	-1.8437091e+02
0	0	10	22	-2.5194988e+01
0	0	10	23	-7.9644279e+01
0	0	10	24	-1.1221974e+02
0	0	10	25	-3.6924717e+01
0	0	10	26	-1.5721167e+02
0	0	10	27	1.1193468e+04
0	0	10	28	-2.7273945e+01
0	0	10	29	-8.7071762e+01
0	0	10	30	-1.0631902e+02
0	0	10	31	-7.0767242e+01
0	0	10	32	-1.1275742e+02
0	0	10	33	-1.5834450e+02
0	0	10	34	5.6964099e+02
0	0	10	35	5.9907880e+02
0	0	10	36	6.8165234e+02
0	0	10	37	6.5775214e+02
0	0	10	38	6.0120996e+02
0	0	10	39	6.8719629e+02
0	0	10	40	6.7858490e+02
0	0	10	41	7.1830933e+02
0	0	10	42	6.9148206e+02
0	0	10	43	7.0898694e+02
0	0	10	44	7.7809955e+02
0	0	10	45	6.5129474e+02
0	0	10	46	7.4552161e+02
0	0	10	47	6.0575427e+02
0	0	10	48	6.9585229e+02
0	0	10	49	7.1341882e+02
0	0	10	50	7.6562183e+02
0	0	10	51	1.3729637e+03
0	0	10	52	1.3122281e+03
0	0	10	53	9.0794952e+02
0	0	10	54	8.5573993e+02
0	0	10	55	1.0082676e+03
0	0	10	56	1.1248099e+03
0	0	10	57	1.0567130e+03
0	0	10	58	1.0345630e+03
0	0	10	59	9.4534747e+02
0	0	10	60	1.0015674e+03
0	0	10	61	8.2550629e+02
0	0	10	62	8.5852191e+02
0	0	10	63	9.9918243e+02
0	0	11	0	1.3004428e+02
0	0	11	1	-7.6068130e+01
0	0	11	2	-3.4314793e+01
0	0	11	3	4.5768520e+01
0	0	11	4	-3.7531933e+01
0	0	11	5	5.7609638e+01
0	0	11	6	2.9870543e+01
0	0	11	7	1.0040548e+02
0	0	11	8	-1.7234100e+01
0	0	11	9	-7.3178459e+01
0	0	11	10	-3.4618324e+01
0	0	11	11	-6.2179371e+01
0	0	11	12	-1.7834953e+02
0	0	11	13	-9.7071930e+01
0	0	11	14	-1.8989896e+02
0	0	11	15	-1.0620152e+01
0	0	11	16	-1.4795653e+02
0	0	11	17	-1.2470846e+02
0	0	11	18	-1.2508305e+02
0	0	11	19	-1.2350228e+02
0	0	11	20	-1.8433911e+02
0	0	11	21	-1.5327966e+02
0	0	11	22	-1.0165784e+02
0	0	11	23	-1.6414143e+02
0	0	11	24	-1.7874940e+02
0	0	11	25	-2.3486461e+02
0	0	11	26	-2.2197520e+02
0	0	11	27	-1.4689857e+02
0	0	11	28	-1.2563217e+02
0	0	11	29	-2.0565765e+02
0	0	11	30	-2.0171732e+02
0	0	11	31	-1.9166841e+02
0	0	11	32	-2.1043237e+02
0	0	11	33	-2.6651230e+02
0	0	11	34	5.1473334e+02
0	0	11	35	4.8760623e+02
0	0	11	36	6.0840320e+02
0	0	11	37	5.0199536e+02
0	0	11	38	6.2828149e+02
0	0	11	39	4.6147818e+02
0	0	11	40	5.6850745e+02
0	0	11	41	5.5945984e+02
0	0	11	42	4.9267209e+02
0	0	11	43	5.2739545e+02
0	0	11	44	5.1339325e+02
0	0	11	45	4.7714719e+02
0	0	11	46	4.3374619e+02
0	0	11	47	4.1629947e+02
0	0	11	48	3.8605960e+02
0	0	11	49	4.2606241e+02
0	0	11	50	5.2842120e+02
0	0	11	51	1.0343329e+03
0	0	11	52	1.1334132e+03
0	0	11	53	6.8747577e+02
0	0	11	54	6.5241406e+02
0	0	11	55	7.9105157e+02
0	0	11	56	8.3893488e+02
0	0	11	57	8.7801959e+02
0	0	11	58	8.3134052e+02
0	0	11	59	7.5220819e+02
0	0	11	60	7.0586438e+02
0	0	11	61	6.7461157e+02
0	0	11	62	7.5120673e+02
0	0	11	63	7.0237457e+02
0	0	12	0	2.9440271e+02
0	0	12	1	1.8170088e+02
0	0	12	2	2.3137431e+02
0	0	12	3	2.5399512e+02
0	0	12	4	1.9866797e+02
0	0	12	5	2.3980495e+02
0	0	12	6	1.6120056e+02
0	0	12	7	2.5770135e+02
0	0	12	8	1.9462392e+02
0	0	12	9	3.2414694e+02
0	0	12	10	1.1261334e+02
0	0	12	11	2.9739761e+02
0	0	12	12	1.2876633e+02
0	0	12	13	2.0978474e+02
0	0	12	14	1.4281802e+02
0	0	12	15	2.3263727e+02
0	0	12	16	-5.2081203e+01
0	0	12	17	2.4940626e+01
0	0	12	18	1.8073470e+02
0	0	12	19	9.5075302e+01
0	0	12	20	-2.4497187e+01
0	0	12	21	-1.6922840e+01
0	0	12	22	3.8774002e+01
0	0	12	23	6.9093491e+01
0	0	12	24	4.5214520e+01
0	0	12	25	2.1219144e+02
0	0	12	26	4.8524899e+01
0	0	12	27	1.2552722e+02
0	0	12	28	6.8941414e+01
0	0	12	29	3.6599022e+01
0	0	12	30	1.6777637e+01
0	0	12	31	5.0566830e+01
0	0	12	32	2.3585878e+01
0	0	12	33	-5.3739052e+00
0	0	12	34	8.4341156e+02
0	0	12	35	7.9129199e+02
0	0	12	36	7.7942731e+02
0	0	12	37	8.8764832e+02
0	0	12	38	8.4041174e+02
0	0	12	39	7.9519470e+02
0	0	12	40	9.0263306e+02
0	0	12	41	7.8053284e+02
0	0	12	42	9.8051544e+02
0	0	12	43	9.1952710e+02
0	0	12	44	1.0731460e+03
0	0	12	45	8.3326190e+02
0	0	12	46	9.1966296e+02
0	0	12	47	8.6611688e+02
0	0	12	48	9.1945532e+02
0	0	12	49	8.9739307e+02
0	0	12	50	9.1832306e+02
0	0	12	51	1.5652155e+03
0	0	12	52	1.5907739e+03
0	0	12	53	1.1478528e+03
0	0	12	54	1.1657867e+03
0	0	12	55	1.2710637e+03
0	0	12	56	1.3032469e+03
0	0	12	57	1.3796346e+03
0	0	12	58	1.1581327e+03
0	0	12	59	1.1858234e+03
0	0	12	60	1.2560007e+03
0	0	12	61	1.1179691e+03
0	0	12	62	1.1504120e+03
0	0	12	63	1.3184032e+03
0	0	13	0	1.9092044e+02
0	0	13	1	7.6522079e+01
0	0	13	2	1.4922674e+01
0	0	13	3	4.3581203e+01
0	0	13	4	3.5588112e+01
0	0	13	5	1.1876686e+02
0	0	13	6	4.0996674e+01
0	0	13	7	1.8306467e+02
0	0	13	8	4.6800819e+01
0	0	13	9	9.7793518e+01
0	0	13	10	1.4772948e+02
0	0	13	11	7.4383919e+01
0	0	13	12	3.7628536e+01
0	0	13	13	1.1597313e+02
0	0	13	14	-3.7832246e+00
0	0	13	15	1.2137023e+02
0	0	13	16	-5.3366505e+01
0	0	13	17	-4.5521267e+01
0	0	13	18	-7.0340385e+01
0	0	13	19	-1.4792623e+01
0	0	13	20	-1.8850592e+02
0	0	13	21	-7.5052864e+01
0	0	13	22	-3.2511902e+01
0	0	13	23	-4.1793427e+01
0	0	13	24	-8.1300194e+01
0	0	13	25	3.0327034e+00
0	0	13	26	-1.3623842e+02
0	0	13	27	-5.5120117e+01
0	0	13	28	3.1187093e+00
0	0	13	29	-8.2283142e+01
0	0	13	30	-9.2771324e+01
0	0	13	31	-1.8639597e+02
0	0	13	32	-1.4761072e+02
0	0	13	33	-1.0309150e+02
0	0	13	34	6.0757220e+02
0	0	13	35	5.6105267e+02
0	0	13	36	5.1404492e+02
0	0	13	37	6.0578650e+02
0	0	13	38	6.2589148e+02
0	0	13	39	5.9840955e+02
0	0	13	40	6.5830872e+02
0	0	13	41	5.1743829e+02
0	0	13	42	6.0788538e+02
0	0	13	43	6.0278888e+02
0	0	13	44	6.2623370e+02
0	0	13	45	6.0198889e+02
0	0	13	46	6.0888232e+02
0	0	13	47	5.2547516e+02
0	0	13	48	5.6132361e+02
0	0	13	49	5.4184479e+02
0	0	13	50	7.3724725e+02
0	0	13	51	1.2293362e+03
0	0	13	52	5.2561493e+02
0	0	13	53	8.1080176e+02
0	0	13	54	7.2525952e+02
0	0	13	55	1.2063538e+03
0	0	13	56	1.1106991e+03
0	0	13	57	1.0647271e+03
0	0	13	58	1.0201780e+03
0	0	13	59	9.1534143e+02
0	0	13	60	8.6397247e+02
0	0	13	61	8.7773810e+02
0	0	13	62	8.7545764e+02
0	0	13	63	8.4270898e+02
0	0	14	0	3.4598581e+02
0	0	14	1	2.8441644e+02
0	0	14	2	2.1946725e+02
0	0	14	3	3.4962698e+02
0	0	14	4	2.2628612e+02
0	0	14	5	2.1178838e+02
0	0	14	6	1.9654666e+02
0	0	14	7	2.1490044e+02
0	0	14	8	1.5118024e+02
0	0	14	9	2.8341644e+02
0	0	14	10	1.0861098e+02
0	0	14	11	2.2526010e+02
0	0	14	12	9.3744301e+01
0	0	14	13	1.7240524e+02
0	0	14	14	1.0246164e+02
0	0	14	15	1.9697664e+02
0	0	14	16	6.4435135e+01
0	0	14	17	1.0299872e+02
0	0	14	18	4.3746937e+01
0	0	14	19	1.4643857e+02
0	0	14	20	8.8299995e+01
0	0	14	21	1.5799704e+02
0	0	14	22	9.3562729e+01
0	0	14	23	1.7183427e+02
0	0	14	24	5.3999401e+01
0	0	14	25	4.5285568e+01
0	0	14	26	1.0254779e+02
0	0	14	27	1.8050717e+02
0	0	14	28	1.6045975e+02
0	0	14	29	1.6433163e+02
0	0	14	30	1.5078499e+02
0	0	14	31	1.0675159e+02
0	0	14	32	3.9421772e+01
0	0	14	33	1.8407933e+02
0	0	14	34	6.6073309e+02
0	0	14	35	6.8877875e+02
0	0	14	36	8.2794263e+02
0	0	14	37	6.8426373e+02
0	0	14	38	6.7684613e+02
0	0	14	39	7.5968512e+02
0	0	14	40	7.3778192e+02
0	0	14	41	8.1992633e+02
0	0	14	42	7.6791016e+02
0	0	14	43	7.5846448e+02
0	0	14	44	8.6076648e+02
0	0	14	45	7.9289410e+02
0	0	14	46	7.6364117e+02
0	0	14	47	8.4759576e+02
0	0	14	48	8.0140015e+02
0	0	14	49	7.9031934e+02
0	0	14	50	7.6356860e+02
0	0	14	51	1.3791885e+03
0	0	14	52	1.3656089e+03
0	0	14	53	1.0375151e+03
0	0	14	54	9.6053308e+02
0	0	14	55	1.0778542e+03
0	0	14	56	1.1932249e+03
0	0	14	57	1.2076544e+03
0	0	14	58	1.0387401e+03
0	0	14	59	1.0977308e+03
0	0	14	60	1.0166924e+03
0	0	14	61	9.7903259e+02
0	0	14	62	9.1216058e+02
0	0	14	63	1.0649574e+03
0	0	15	0	4.6525650e+02
0	0	15	1	4.2293311e+02
0	0	15	2	3.3843756e+02
0	0	15	3	2.6475134e+02
0	0	15	4	2.2593704e+02
0	0	15	5	3.9818021e+02
0	0	15	6	2.5895013e+02
0	0	15	7	4.0420752e+02
0	0	15	8	3.1296643e+02
0	0	15	9	3.8526123e+02
0	0	15	10	3.4753134e+02
0	0	15	11	2.9907785e+02
0	0	15	12	2.1609581e+02
0	0	15	13	2.5294147e+02
0	0	15	14	2.8881360e+02
0	0	15	15	3.5248862e+02
0	0	15	16	2.7620322e+02
0	0	15	17	2.5715387e+02
0	0	15	18	1.2881517e+02
0	0	15	19	1.1193468e+04
0	0	15	20	1.5930905e+02
0	0	15	21	1.6686255e+02
0	0	15	22	2.2294563e+02
0	0	15	23	2.0849745e+02
0	0	15	24	2.2381784e+02
0	0	15	25	1.9731076e+02
0	0	15	26	1.0438892e+02
0	0	15	27	1.3949693e+02
0	0	15	28	2.8681915e+02
0	0	15	29	1.7302245e+02
0	0	15	30	1.6342122e+02
0	0	15	31	1.3172969e+02
0	0	15	32	2.3153563e+02
0	0	15	33	1.6479640e+02
0	0	15	34	8.0748248e+02
0	0	15	35	7.2659644e+02
0	0	15	36	8.3958612e+02
0	0	15	37	8.3148370e+02
0	0	15	38	8.5695465e+02
0	0	15	39	8.4165167e+02
0	0	15	40	9.2366455e+02
0	0	15	41	7.9400806e+02
0	0	15	42	8.5805377e+02
0	0	15	43	7.7039807e+02
0	0	15	44	8.3237915e+02
0	0	15	45	6.6948163e+02
0	0	15	46	7.3522791e+02
0	0	15	47	8.0599573e+02
0	0	15	48	8.4221454e+02
0	0	15	49	7.5507465e+02
0	0	15	50	9.3398608e+02
0	0	15	51	1.5856477e+03
0	0	15	52	1.5370881e+03
0	0	15	53	1.1368988e+03
0	0	15	54	1.1204414e+03
0	0	15	55	1.1385101e+03
0	0	15	56	1.4291567e+03
0	0	15	57	1.3436348e+03
0	0	15	58	1.2048185e+03
0	0	15	59	1.1621437e+03
0	0	15	60	1.1549667e+03
0	0	15	61	1.2050292e+03
0	0	15	62	1.1924146e+03
0	0	15	63	1.1784473e+03
0	1	0	0	-6.0741345e+02
0	1	0	1	-5.6248749e+02
0	1	0	2	-4.3763779e+02
0	1	0	3	-5.9678760e+02
0	1	0	4	-5.0397260e+02
0	1	0	5	-4.8911786e+02
0	1	0	6	-5.6473596e+02
0	1	0	7	-6.0735651e+02
0	1	0	8	-5.5598401e+02
0	1	0	9	-4.7867413e+02
0	1	0	10	-6.1511285e+02
0	1	0	11	-4.5583426e+02
0	1	0	12	-5.8103046e+02
0	1	0	13	-5.2672815e+02
0	1	0	14	-6.0766003e+02
0	1	0	15	-5.3003259e+02
0	1	0	16	-8.8159711e+02
0	1	0	17	-7.5316882e+02
0	1	0	18	-7.8574005e+02
0	1	0	19	-8.2641156e+02
0	1	0	20	-8.2038074e+02
0	1	0	21	-7.5834088e+02
0	1	0	22	-7.0676733e+02
0	1	0	23	-7.7908936e+02
0	1	0	24	-7.0286505e+02
0	1	0	25	-7.2051221e+02
0	1	0	26	-7.6561438e+02
0	1	0	27	-6.4090851e+02
0	1	0	28	-7.9345514e+02
0	1	0	29	-7.3264606e+02
0	1	0	30	-6.6221497e+02
0	1	0	31	-6.6261487e+02
0	1	0	32	-7.0842767e+02
0	1	0	33	-6.6404480e+02
0	1	0	34	-4.4610245e+01
0	1	0	35	6.7707306e+01
0	1	0	36	3.5419289e+01
0	1	0	37	1.5662321e+02
0	1	0	38	-1.5539461e+01
0	1	0	39	2.9650904e+01
0	1	0	40	-5.4028745e+00
0	1	0	41	3.2749969e+01
0	1	0	42	1.4982516e+02
0	1	0	43	1.5204713e+02
0	1	0	44	1.6151396e+02
0	1	0	45	5.3184334e+01
0	1	0	46	1.8748419e+02
0	1	0	47	1.7436635e+02
0	1	0	48	5.4380306e+01
0	1	0	49	1.6442125e+02
0	1	0	50	1.2905798e+02
0	1	0	51	7.1019916e+02
0	1	0	52	7.2893677e+02
0	1	0	53	3.6491245e+02
0	1	0	54	2.9882385e+02
0	1	0	55	4.3731540e+02
0	1	0	56	6.1883771e+02
0	1	0	57	5.5113489e+02
0	1	0	58	3.7369940e+02
0	1	0	59	2.6813696e+02
0	1	0	60	3.7731100e+02
0	1	0	61	2.9463748e+02
0	1	0	62	2.9265964e+02
0	1	0	63	4.5708386e+02
0	1	1	0	-4.8012665e+02
0	1	1	1	-6.0684668e+02
0	1	1	2	-6.8851447e+02
0	1	1	3	-6.1653033e+02
0	1	1	4	-7.2736603e+02
0	1	1	5	-5.7902551e+02
0	1	1	6	-6.6721991e+02
0	1	1	7	-5.8929590e+02
0	1	1	8	-5.5188354e+02
0	1	1	9	-6.2921655e+02
0	1	1	10	-5.7266638e+02
0	1	1	11	-7.3459338e+02
0	1	1	12	-7.5942834e+02
0	1	1	13	-6.7980188e+02
0	1	1	14	-7.3294818e+02
0	1	1	15	-6.6291107e+02
0	1	1	16	-7.1588483e+02
0	1	1	17	-6.7476520e+02
0	1	1	18	-7.6045844e+02
0	1	1	19	-6.0287958e+02
0	1	1	20	-7.8186224e+02
0	1	1	21	-7.3366754e+02
0	1	1	22	-7.6909381e+02
0	1	1	23	-7.0537866e+02
0	1	1	24	-8.0862836e+02
0	1	1	25	-7.2704797e+02
0	1	1	26	-8.1102008e+02
0	1	1	27	-8.3386871e+02
0	1	1	28	-7.9369537e+02
0	1	1	29	-8.2721252e+02
0	1	1	30	-9.2414526e+02
0	1	1	31	-8.6826306e+02
0	1	1	32	-9.1274713e+02
0	1	1	33	-9.1150281e+02
0	1	1	34	-1.6682620e+02
0	1	1	35	-1.8326736e+02
0	1	1	36	-1.1730283e+02
0	1	1	37	-2.3852101e+02
0	1	1	38	-6.4332703e+01
0	1	1	39	-1.1340728e+02
0	1	1	40	-2.0164760e+02
0	1	1	41	-2.3421051e+02
0	1	1	42	-1.7889243e+02
0	1	1	43	-1.6560486e+02
0	1	1	44	-1.8315671e+02
0	1	1	45	-2.8881378e+02
0	1	1	46	-2.0335757e+02
0	1	1	47	-1.9626112e+02
0	1	1	48	-2.7033817e+02
0	1	1	49	-1.7265198e+02
0	1	1	50	-1.1758465e+02
0	1	1	51	2.7961633e+02
0	1	1	52	3.7588388e+02
0	1	1	53	-5.7330158e+01
0	1	1	54	-2.1271524e+01
0	1	1	55	-5.9897205e+01
0	1	1	56	1.6393793e+02
0	1	1	57	2.3097656e+02
0	1	1	58	1.7925969e+02
0	1	1	59	5.6149967e+01
0	1	1	60	-2.3106359e+01
0	1	1	61	-1.2381906e+01
0	1	1	62	1.7697433e+01
0	1	1	63	1.0618142e+02
0	1	2	0	-2.0317028e+03
0	1	2	1	-1.7744286e+03
0	1	2	2	-1.4977679e+03
0	1	2	3	-2.1625483e+03
0	1	2	4	-1.4353296e+03
0	1	2	5	-1.6014597e+03
0	1	2	6	-1.4456638e+03
0	1	2	7	-2.1242219e+03
0	1	2	8	-1.8159161e+03
0	1	2	9	-1.2965359e+03
0	1	2	10	-1.8050262e+03
0	1	2	11	-1.4119552e+03
0	1	2	12	-1.6416969e+03
0	1	2	13	-1.5343313e+03
0	1	2	14	-2.1845515e+03
0	1	2	15	-1.8441521e+03
0	1	2	16	-2.2582737e+03
0	1	2	17	-2.0412007e+03
0	1	2	18	-2.2799019e+03
0	1	2	19	-1.9358313e+03
0	1	2	20	-2.1381194e+03
0	1	2	21	-2.2663735e+03
0	1	2	22	-1.9265513e+03
0	1	2	23	-1.8776069e+03
0	1	2	24	-1.7067679e+03
0	1	2	25	-1.6334917e+03
0	1	2	26	-1.7645509e+03
0	1	2	27	-1.3896702e+03
0	1	2	28	-1.6376031e+03
0	1	2	29	-1.5902220e+03
0	1	2	30	-1.4891991e+03
0	1	2	31	-1.5548794e+03
0	1	2	32	-1.5462588e+03
0	1	2	33	-1.4064406e+03
0	1	2	34	-7.4019415e+02
0	1	2	35	-7.1797296e+02
0	1	2	36	-7.8016180e+02
0	1	2	37	-6.2727020e+02
0	1	2	38	-7.5149390e+02
0	1	2	39	-6.4511072e+02
0	1	2	40	-6.8239258e+02
0	1	2	41	-6.4397223e+02
0	1	2	42	-5.1605273e+02
0	1	2	43	-4.7531015e+02
0	1	2	44	-3.8747620e+02
0	1	2	45	-6.2282245e+02
0	1	2	46	-4.5735263e+02
0	1	2	47	-4.7977136e+02
0	1	2	48	-4.4232639e+02
0	1	2	49	-4.8170956e+02
0	1	2	50	-6.1627271e+02
0	1	2	51	1.6600374e+02
0	1	2	52	2.2137769e+02
0	1	2	53	-2.1739630e+02
0	1	2	54	-2.3068686e+02
0	1	2	55	-1.1027388e+02
0	1	2	56	1.8945072e+01
0	1	2	57	-1.4797322e+02
0	1	2	58	-3.4999469e+02
0	1	2	59	-3.2800153e+02
0	1	2	60	-1.8721811e+02
0	1	2	61	-4.1622098e+02
0	1	2	62	-3.9815863e+02
0	1	2	63	-8.6339241e+01
0	1	3	0	-9.2738293e+02
0	1	3	1	-1.0177487e+03
0	1	3	2	-1.2659381e+03
0	1	3	3	-9.4973846e+02
0	1	3	4	-1.3298087e+03
0	1	3	5	-9.0126111e+02
0	1	3	6	-1.1469338e+03
0	1	3	7	-9.0306445e+02
0	1	3	8	-1.1277246e+03
0	1	3	9	-1.3386991e+03
0	1	3	10	-9.8352734e+02
0	1	3	11	-1.3872141e+03
0	1	3	12	-1.2714291e+03
0	1	3	13	-1.1852358e+03
0	1	3	14	-1.2519493e+03
0	1	3	15	-1.0540626e+03
0	1	3	16	-1.0740402e+03
0	1	3	17	-1.1142972e+03
0	1	3	18	-1.1288478e+03
0	1	3	19	-1.0689438e+03
0	1	3	20	-1.2379241e+03
0	1	3	21	-1.2584034e+03
0	1	3	22	-1.1335382e+03
0	1	3	23	-1.1287882e+03
0	1	3	24	-1.2777964e+03
0	1	3	25	-1.3177886e+03
0	1	3	26	-1.3674103e+03
0	1	3	27	-1.3438615e+03
0	1	3	28	-1.3138621e+03
0	1	3	29	-1.3862365e+03
0	1	3	30	-1.3655930e+03
0	1	3	31	-1.4849553e+03
0	1	3	32	-1.3933867e+03
0	1	3	33	-1.5000007e+03
0	1	3	34	-9.1466644e+02
0	1	3	35	-8.4370233e+02
0	1	3	36	-7.7191534e+02
0	1	3	37	-8.6144489e+02
0	1	3	38	-7.1292566e+02
0	1	3	39	-9.0027515e+02
0	1	3	40	-1.1141301e+03
0	1	3	41	-1.0228912e+03
0	1	3	42	-1.1580710e+03
0	1	3	43	-9.1826556e+02
0	1	3	44	-1.4312864e+03
0	1	3	45	-1.1022628e+03
0	1	3	46	-1.4990973e+03
0	1	3	47	-1.1708660e+03
0	1	3	48	-1.5112726e+03
0	1	3	49	-1.4703760e+03
0	1	3	50	-8.8916290e+02
0	1	3	51	-6.3361609e+02
0	1	3	52	-6.1001160e+02
0	1	3	53	-9.4933350e+02
0	1	3	54	-9.7132782e+02
0	1	3	55	-1.2486284e+03
0	1	3	56	-1.0812212e+03
0	1	3	57	-5.7293231e+02
0	1	3	58	-5.2177258e+02
0	1	3	59	-6.5189258e+02
0	1	3	60	-1.3058915e+03
0	1	3	61	-7.1931995e+02
0	1	3	62	-5.2312756e+02
0	1	3	63	-1.1857014e+03
0	1	4	0	-1.1484115e+03
0	1	4	1	-1.1319700e+03
0	1	4	2	-1.1794691e+03
0	1	4	3	-1.1213730e+03
0	1	4	4	-1.3710865e+03
0	1	4	5	-1.2195973e+03
0	1	4	6	-1.4031870e+03
0	1	4	7	-1.0679989e+03
0	1	4	8	-1.1980582e+03
0	1	4	9	-1.2640259e+03
0	1	4	10	-1.1794313e+03
0	1	4	11	-1.3474036e+03
0	1	4	12	-1.3202736e+03
0	1	4	13	-1.2330571e+03
0	1	4	14	-1.1327327e+03
0	1	4	15	-1.1482637e+03
0	1	4	16	-1.2595496e+03
0	1	4	17	-1.3820671e+03
0	1	4	18	-1.1637720e+03
0	1	4	19	-1.4139756e+03
0	1	4	20	-1.1780839e+03
0	1	4	21	-1.1965328e+03
0	1	4	22	-1.2295365e+03
0	1	4	23	-1.2616049e+03
0	1	4	24	-1.4438019e+03
0	1	4	25	-1.3492050e+03
0	1	4	26	-1.3830171e+03
0	1	4	27	-1.6047915e+03
0	1	4	28	-1.3769373e+03
0	1	4	29	-1.5064423e+03
0	1	4	30	-1.4560493e+03
0	1	4	31	-1.4463159e+03
0	1	4	32	-1.4799166e+03
0	1	4	33	-1.5974531e+03
0	1	4	34	-9.3372382e+02
0	1	4	35	-8.5843896e+02
0	1	4	36	-9.2238721e+02
0	1	4	37	-1.0681554e+03
0	1	4	38	-9.0141351e+02
0	1	4	39	-9.6116937e+02
0	1	4	40	-1.0481934e+03
0	1	4	41	-1.0656631e+03
0	1	4	42	-1.1951854e+03
0	1	4	43	-1.1170286e+03
0	1	4	44	-1.3652148e+03
0	1	4	45	-1.2265725e+03
0	1	4	46	-1.4040847e+03
0	1	4	47	-1.1742255e+03
0	1	4	48	-1.4588491e+03
0	1	4	49	-1.4524236e+03
0	1	4	50	-8.5192029e+02
0	1	4	51	-4.0966547e+02
0	1	4	52	-5.1818292e+02
0	1	4	53	-8.5423328e+02
0	1	4	54	-8.1837543e+02
0	1	4	55	-1.0067791e+03
0	1	4	56	-8.1471954e+02
0	1	4	57	-4.7581436e+02
0	1	4	58	-4.5894556e+02
0	1	4	59	-7.0630023e+02
0	1	4	60	-1.0096063e+03
0	1	4	61	-6.7733881e+02
0	1	4	62	-6.4761230e+02
0	1	4	63	-1.0363082e+03
0	1	5	0	-1.7174324e+03
0	1	5	1	-1.4723717e+03
0	1	5	2	-1.2850457e+03
0	1	5	3	-1.3788094e+03
0	1	5	4	-1.3950924e+03
0	1	5	5	-1.6786270e+03
0	1	5	6	-1.3408993e+03
0	1	5	7	-1.7244580e+03
0	1	5	8	-1.4904021e+03
0	1	5	9	-1.1068435e+03
0	1	5	10	-1.7624244e+03
0	1	5	11	-1.2512374e+03
0	1	5	12	-1.5518770e+03
0	1	5	13	-1.4028466e+03
0	1	5	14	-1.4268115e+03
0	1	5	15	-1.5767527e+03
0	1	5	16	-1.7995613e+03
0	1	5	17	-1.8137571e+03
0	1	5	18	-1.8924993e+03
0	1	5	19	-1.9047256e+03
0	1	5	20	-1.6865734e+03
0	1	5	21	-1.6872670e+03
0	1	5	22	-1.6876172e+03
0	1	5	23	-1.6413528e+03
0	1	5	24	-1.5146838e+03
0	1	5	25	-1.4690576e+03
0	1	5	26	-1.4690317e+03
0	1	5	27	-1.3904408e+03
0	1	5	28	-1.4850514e+03
0	1	5	29	-1.3614352e+03
0	1	5	30	-1.3753488e+03
0	1	5	31	-1.4326169e+03
0	1	5	32	-1.4470443e+03
0	1	5	33	-1.2071876e+03
0	1	5	34	-6.1840985e+02
0	1	5	35	-6.8433514e+02
0	1	5	36	-6.2740936e+02
0	1	5	37	-5.4932233e+02
0	1	5	38	-6.5624817e+02
0	1	5	39	-5.8150214e+02
0	1	5	40	-4.5079718e+02
0	1	5	41	-6.1382373e+02
0	1	5	42	-4.9495615e+02
0	1	5	43	-6.0600665e+02
0	1	5	44	-2.4836763e+02
0	1	5	45	-5.0102777e+02
0	1	5	46	-2.7040192e+02
0	1	5	47	-4.5529541e+02
0	1	5	48	-2.7704492e+02
0	1	5	49	1.0182506e+03
0	1	5	50	-4.6944995e+02
0	1	5	51	1.4409792e+02
0	1	5	52	8.4333908e+01
0	1	5	53	-2.1706253e+02
0	1	5	54	-2.0392914e+02
0	1	5	55	3.5727524e+03
0	1	5	56	1.5112152e+02
0	1	5	57	-1.0418393e+02
0	1	5	58	-3.8127115e+02
0	1	5	59	-2.6597098e+02
0	1	5	60	9.5354098e-01
0	1	5	61	-3.4439078e+02
0	1	5	62	-4.1873981e+02
0	1	5	63	1.9663404e+01
0	1	6	0	-7.6298425e+02
0	1	6	1	-9.0743286e+02
0	1	6	2	-8.7204346e+02
0	1	6	3	-7.9114490e+02
0	1	6	4	-9.5461597e+02
0	1	6	5	-9.4088501e+02
0	1	6	6	-9.2346637e+02
0	1	6	7	-7.4579218e+02
0	1	6	8	-8.8655621e+02
0	1	6	9	-8.9479333e+02
0	1	6	10	-9.1574060e+02
0	1	6	11	-8.9606860e+02
0	1	6	12	-9.1399487e+02
0	1	6	13	-9.0867828e+02
0	1	6	14	-8.0508533e+02
0	1	6	15	-8.5233411e+02
0	1	6	16	-1.0137950e+03
0	1	6	17	-1.0405287e+03
0	1	6	18	-9.3247626e+02
0	1	6	19	-9.7661029e+02
0	1	6	20	-9.4756940e+02
0	1	6	21	-9.4220001e+02
0	1	6	22	-9.5667395e+02
0	1	6	23	-9.7598633e+02
0	1	6	24	-1.0113791e+03
0	1	6	25	-1.0209307e+03
0	1	6	26	-1.0836960e+03
0	1	6	27	-1.0948389e+03
0	1	6	28	-1.0328738e+03
0	1	6	29	-9.4096295e+02
0	1	6	30	-1.0857837e+03
0	1	6	31	-1.0506980e+03
0	1	6	32	-1.1191355e+03
0	1	6	33	-1.1270386e+03
0	1	6	34	-3.9481473e+02
0	1	6	35	-3.2677982e+02
0	1	6	36	-3.6681763e+02
0	1	6	37	-3.9843460e+02
0	1	6	38	-3.7381900e+02
0	1	6	39	-4.8285773e+02
0	1	6	40	-4.4248087e+02
0	1	6	41	-4.7039017e+02
0	1	6	42	-3.5771118e+02
0	1	6	43	-4.5070029e+02
0	1	6	44	-4.3695795e+02
0	1	6	45	-4.6382977e+02
0	1	6	46	-4.3962125e+02
0	1	6	47	-4.2491946e+02
0	1	6	48	-4.4972919e+02
0	1	6	49	-5.0316974e+02
0	1	6	50	-3.9715976e+02
0	1	6	51	2.6657599e+02
0	1	6	52	1.5542329e+02
0	1	6	53	-2.5369719e+02
0	1	6	54	-2.5849149e+02
0	1	6	55	-1.6278287e+02
0	1	6	56	-3.6846317e+01
0	1	6	57	1.4671353e+01
0	1	6	58	1.0516911e+01
0	1	6	59	-1.5230161e+02
0	1	6	60	-2.1972466e+02
0	1	6	61	-9.8973442e+01
0	1	6	62	-1.3101437e+02
0	1	6	63	-1.7152879e+02
0	1	7	0	-1.0409099e+03
0	1	7	1	-1.1154452e+03
0	1	7	2	-1.0646604e+03
0	1	7	3	-1.0753291e+03
0	1	7	4	-1.1389009e+03
0	1	7	5	-1.1173364e+03
0	1	7	6	-1.0964218e+03
0	1	7	7	-1.0959916e+03
0	1	7	8	-1.1515503e+03
0	1	7	9	-1.0552637e+03
0	1	7	10	-1.1550902e+03
0	1	7	11	-1.0055403e+03
0	1	7	12	-1.1635406e+03
0	1	7	13	-1.1321492e+03
0	1	7	14	-1.2373265e+03
0	1	7	15	-1.1101008e+03
0	1	7	16	-1.3118408e+03
0	1	7	17	-1.3774855e+03
0	1	7	18	-1.3342922e+03
0	1	7	19	-1.3073579e+03
0	1	7	20	-1.2492596e+03
0	1	7	21	-1.3403259e+03
0	1	7	22	-1.3402717e+03
0	1	7	23	-1.2296681e+03
0	1	7	24	-1.2784890e+03
0	1	7	25	-1.1739534e+03
0	1	7	26	-1.2509827e+03
0	1	7	27	-1.1871492e+03
0	1	7	28	-1.2119357e+03
0	1	7	29	-1.2943148e+03
0	1	7	30	-1.1772646e+03
0	1	7	31	-1.2806863e+03
0	1	7	32	-1.2426154e+03
0	1	7	33	-1.2380942e+03
0	1	7	34	-4.3532587e+02
0	1	7	35	-4.7492807e+02
0	1	7	36	-4.2987894e+02
0	1	7	37	-3.5695593e+02
0	1	7	38	-3.9815799e+02
0	1	7	39	-4.1739322e+02
0	1	7	40	-3.4915207e+02
0	1	7	41	-3.4562573e+02
0	1	7	42	-3.4748248e+02
0	1	7	43	-4.2392340e+02
0	1	7	44	-3.0074841e+02
0	1	7	45	-3.7587735e+02
0	1	7	46	-3.0924231e+02
0	1	7	47	-2.8847342e+02
0	1	7	48	-3.0613602e+02
0	1	7	49	-3.3767676e+02
0	1	7	50	-3.1086960e+02
0	1	7	51	1.6057130e+02
0	1	7	52	2.8124069e+02
0	1	7	53	-1.0198709e+02
0	1	7	54	-7.3078445e+01
0	1	7	55	-6.6150467e+01
0	1	7	56	5.8529247e+01
0	1	7	57	-3.7370964e+01
0	1	7	58	-1.6043990e+02
0	1	7	59	-1.1139139e+02
0	1	7	60	-1.8050558e+01
0	1	7	61	-1.7748090e+02
0	1	7	62	-1.9098521e+02
0	1	7	63	-6.8544777e+01
0	1	8	0	-6.7663159e+02
0	1	8	1	-8.5059308e+02
0	1	8	2	-7.9087946e+02
0	1	8	3	-7.6193213e+02
0	1	8	4	-9.3201660e+02
0	1	8	5	-8.7476990e+02
0	1	8	6	-9.5242181e+02
0	1	8	7	-7.3774396e+02
0	1	8	8	-8.4774591e+02
0	1	8	9	-8.0758197e+02
0	1	8	10	-8.0709827e+02
0	1	8	11	-8.2542352e+02
0	1	8	12	-9.5163123e+02
0	1	8	13	-8.7513867e+02
0	1	8	14	-8.3268726e+02
0	1	8	15	-8.7412439e+02
0	1	8	16	-1.0247832e+03
0	1	8	17	-9.9408093e+02
0	1	8	18	-9.3712311e+02
0	1	8	19	-9.4612787e+02
0	1	8	20	-8.7663409e+02
0	1	8	21	-8.9740558e+02
0	1	8	22	-9.9237335e+02
0	1	8	23	-9.9503162e+02
0	1	8	24	-9.9156390e+02
0	1	8	25	-9.8068311e+02
0	1	8	26	-1.0207289e+03
0	1	8	27	-1.1131958e+03
0	1	8	28	-1.0852657e+03
0	1	8	29	-1.0773231e+03
0	1	8	30	-1.0329998e+03
0	1	8	31	-1.1402606e+03
0	1	8	32	-1.0476748e+03
0	1	8	33	-1.1384323e+03
0	1	8	34	-4.5185751e+02
0	1	8	35	-4.4410184e+02
0	1	8	36	-4.0981036e+02
0	1	8	37	-4.2649771e+02
0	1	8	38	-3.2011740e+02
0	1	8	39	-4.3826575e+02
0	1	8	40	-4.6913080e+02
0	1	8	41	-4.5973987e+02
0	1	8	42	-4.8883929e+02
0	1	8	43	-4.2094327e+02
0	1	8	44	-4.3097086e+02
0	1	8	45	-4.1067056e+02
0	1	8	46	-4.7750116e+02
0	1	8	47	-5.0777850e+02
0	1	8	48	-5.2774127e+02
0	1	8	49	-5.7222321e+02
0	1	8	50	-4.3017294e+02
0	1	8	51	2.9936472e+02
0	1	8	52	2.2027350e+02
0	1	8	53	-2.0322939e+02
0	1	8	54	-1.8719803e+02
0	1	8	55	-1.8309399e+02
0	1	8	56	-3.9742462e+01
0	1	8	57	8.4712273e+01
0	1	8	58	-1.6009123e+01
0	1	8	59	-1.2488627e+02
0	1	8	60	-2.3772990e+02
0	1	8	61	-1.4366925e+02
0	1	8	62	-5.5315170e+01
0	1	8	63	-1.5717113e+02
0	1	9	0	-1.0007545e+03
0	1	9	1	-9.6201031e+02
0	1	9	2	-9.2600153e+02
0	1	9	3	-9.1598535e+02
0	1	9	4	-9.8591278e+02
0	1	9	5	-1.0047834e+03
0	1	9	6	-9.6777551e+02
0	1	9	7	-9.5488953e+02
0	1	9	8	-9.7550323e+02
0	1	9	9	-9.1309869e+02
0	1	9	10	-1.0200584e+03
0	1	9	11	-8.5665668e+02
0	1	9	12	-1.0360555e+03
0	1	9	13	-9.5681592e+02
0	1	9	14	-1.1145906e+03
0	1	9	15	-9.9022028e+02
0	1	9	16	-1.1738652e+03
0	1	9	17	-1.1688025e+03
0	1	9	18	-1.1273608e+03
0	1	9	19	-1.0736094e+03
0	1	9	20	-1.0183756e+03
0	1	9	21	-1.0344324e+03
0	1	9	22	-1.0655470e+03
0	1	9	23	-1.1137039e+03
0	1	9	24	-1.1580508e+03
0	1	9	25	-1.0182820e+03
0	1	9	26	-1.0390800e+03
0	1	9	27	-9.9528198e+02
0	1	9	28	-1.0648607e+03
0	1	9	29	-1.0319712e+03
0	1	9	30	-1.0424337e+03
0	1	9	31	-1.1368950e+03
0	1	9	32	-1.0921538e+03
0	1	9	33	-9.6612671e+02
0	1	9	34	-3.4344904e+02
0	1	9	35	-3.8791965e+02
0	1	9	36	-3.0767188e+02
0	1	9	37	-2.2642448e+02
0	1	9	38	-3.3314108e+02
0	1	9	39	-3.0657883e+02
0	1	9	40	-1.7533101e+02
0	1	9	41	-4.0558026e+02
0	1	9	42	-1.8612752e+02
0	1	9	43	-2.3834309e+02
0	1	9	44	-1.2863771e+02
0	1	9	45	-2.5896585e+02
0	1	9	46	-9.4618401e+01
0	1	9	47	-2.6593771e+02
0	1	9	48	-2.0715141e+02
0	1	9	49	-2.1770419e+02
0	1	9	50	-2.1818520e+02
0	1	9	51	3.6371420e+02
0	1	9	52	4.1215091e+02
0	1	9	53	-2.6677860e+01
0	1	9	54	4.2848537e+01
0	1	9	55	8.1638275e+01
0	1	9	56	2.4366978e+02
0	1	9	57	2.1401013e+02
0	1	9	58	8.1955519e+00
0	1	9	59	-1.4076785e+01
0	1	9	60	1.2246049e+02
0	1	9	61	-1.0298715e+02
0	1	9	62	-8.6409027e+01
0	1	9	63	8.9406578e+01
0	1	10	0	-1.0695575e+03
0	1	10	1	-1.1824531e+03
0	1	10	2	-1.1520894e+03
0	1	10	3	-1.0567727e+03
0	1	10	4	-1.3112690e+03
0	1	10	5	-1.2041146e+03
0	1	10	6	-1.3757273e+03
0	1	10	7	-1.0548362e+03
0	1	10	8	-1.1485449e+03
0	1	10	9	-1.2289650e+03
0	1	10	10	-1.2400641e+03
0	1	10	11	-1.2412932e+03
0	1	10	12	-1.3330861e+03
0	1	10	13	-1.2473700e+03
0	1	10	14	-1.1027974e+03
0	1	10	15	-1.1807043e+03
0	1	10	16	-1.2728115e+03
0	1	10	17	-1.4128221e+03
0	1	10	18	-1.2195088e+03
0	1	10	19	-1.3674448e+03
0	1	10	20	-1.1257750e+03
0	1	10	21	-1.2103643e+03
0	1	10	22	-1.3204800e+03
0	1	10	23	-1.3502343e+03
0	1	10	24	-1.4318346e+03
0	1	10	25	-1.3419988e+03
0	1	10	26	-1.3819060e+03
0	1	10	27	-1.6111486e+03
0	1	10	28	-1.4058894e+03
0	1	10	29	-1.5160228e+03
0	1	10	30	-1.5406674e+03
0	1	10	31	-1.5241965e+03
0	1	10	32	-1.5538020e+03
0	1	10	33	-1.6471755e+03
0	1	10	34	-1.0405394e+03
0	1	10	35	-9.1939349e+02
0	1	10	36	-9.2631482e+02
0	1	10	37	-1.0634307e+03
0	1	10	38	-9.6208478e+02
0	1	10	39	-1.1388109e+03
0	1	10	40	-9.8848212e+02
0	1	10	41	-1.1185311e+03
0	1	10	42	-1.2470991e+03
0	1	10	43	-1.2133108e+03
0	1	10	44	-1.4768907e+03
0	1	10	45	-1.2345117e+03
0	1	10	46	-1.4696658e+03
0	1	10	47	-1.2436115e+03
0	1	10	48	-1.5097322e+03
0	1	10	49	-1.5180305e+03
0	1	10	50	-1.0961384e+03
0	1	10	51	-6.5658990e+02
0	1	10	52	-5.8935181e+02
0	1	10	53	-9.9418573e+02
0	1	10	54	-1.0014763e+03
0	1	10	55	-1.2345648e+03
0	1	10	56	-1.0225062e+03
0	1	10	57	-5.8322186e+02
0	1	10	58	-6.4754388e+02
0	1	10	59	-7.9536774e+02
0	1	10	60	-1.2069353e+03
0	1	10	61	-8.9997437e+02
0	1	10	62	-6.9605396e+02
0	1	10	63	-1.1368169e+03
0	1	11	0	-1.6661611e+03
0	1	11	1	-1.5209882e+03
0	1	11	2	-1.2045944e+03
0	1	11	3	-1.5062048e+03
0	1	11	4	-1.2061094e+03
0	1	11	5	-1.7245773e+03
0	1	11	6	-1.3371997e+03
0	1	11	7	-1.7233983e+03
0	1	11	8	-1.5830146e+03
0	1	11	9	-1.0970928e+03
0	1	11	10	-1.7077395e+03
0	1	11	11	-1.0728607e+03
0	1	11	12	-1.4266942e+03
0	1	11	13	-1.3695747e+03
0	1	11	14	-1.4975601e+03
0	1	11	15	-1.5743505e+03
0	1	11	16	-1.9216514e+03
0	1	11	17	-1.9517528e+03
0	1	11	18	-1.9144659e+03
0	1	11	19	-1.9448207e+03
0	1	11	20	-1.7535139e+03
0	1	11	21	-1.7478564e+03
0	1	11	22	-1.6391865e+03
0	1	11	23	-1.6011398e+03
0	1	11	24	-1.5908129e+03
0	1	11	25	-1.5660122e+03
0	1	11	26	-1.4971846e+03
0	1	11	27	-1.3668397e+03
0	1	11	28	-1.5747433e+03
0	1	11	29	-1.4485143e+03
0	1	11	30	-1.4527916e+03
0	1	11	31	-1.4276993e+03
0	1	11	32	-1.4796041e+03
0	1	11	33	-1.4183895e+03
0	1	11	34	-7.4094324e+02
0	1	11	35	-7.1959631e+02
0	1	11	36	-6.1776514e+02
0	1	11	37	-6.0689447e+02
0	1	11	38	-7.9540125e+02
0	1	11	39	-5.9960870e+02
0	1	11	40	-4.9443015e+02
0	1	11	41	-6.5133020e+02
0	1	11	42	-4.5636972e+02
0	1	11	43	-6.4523572e+02
0	1	11	44	-4.0934634e+02
0	1	11	45	-5.3631439e+02
0	1	11	46	-4.0911060e+02
0	1	11	47	-4.6064807e+02
0	1	11	48	-3.9719662e+02
0	1	11	49	-4.3536160e+02
0	1	11	50	-5.8600665e+02
0	1	11	51	5.5010857e+01
0	1	11	52	6.0594837e+01
0	1	11	53	-2.4698450e+02
0	1	11	54	-2.3782672e+02
0	1	11	55	-1.0270573e+02
0	1	11	56	-3.7834908e+01
0	1	11	57	-1.6766380e+02
0	1	11	58	-3.7825082e+02
0	1	11	59	-3.4252057e+02
0	1	11	60	-1.7444310e+02
0	1	11	61	-4.0486331e+02
0	1	11	62	-4.8717596e+02
0	1	11	63	-1.6972362e+02
0	1	12	0	-2.0268583e+03
0	1	12	1	-1.7130635e+03
0	1	12	2	-1.3449401e+03
0	1	12	3	-2.0235625e+03
0	1	12	4	-1.4138535e+03
0	1	12	5	-1.4470853e+03
0	1	12	6	-1.3017794e+03
0	1	12	7	-2.0318632e+03
0	1	12	8	-1.7836602e+03
0	1	12	9	-1.2162740e+03
0	1	12	10	-1.7206527e+03
0	1	12	11	-1.2978345e+03
0	1	12	12	-1.5940381e+03
0	1	12	13	-1.5886530e+03
0	1	12	14	-2.1088811e+03
0	1	12	15	-1.6927859e+03
0	1	12	16	-2.2127478e+03
0	1	12	17	-1.8417308e+03
0	1	12	18	-2.1836006e+03
0	1	12	19	-1.8800001e+03
0	1	12	20	-2.1418616e+03
0	1	12	21	-2.1341182e+03
0	1	12	22	-1.8550236e+03
0	1	12	23	-1.7823373e+03
0	1	12	24	-1.5819010e+03
0	1	12	25	-1.5151969e+03
0	1	12	26	-1.7024546e+03
0	1	12	27	-1.3756967e+03
0	1	12	28	-1.6010101e+03
0	1	12	29	-1.5039404e+03
0	1	12	30	-1.5602909e+03
0	1	12	31	-1.4842317e+03
0	1	12	32	-1.4435585e+03
0	1	12	33	-1.4066549e+03
0	1	12	34	-7.0956842e+02
0	1	12	35	-6.3591791e+02
0	1	12	36	-6.0639618e+02
0	1	12	37	-5.5691534e+02
0	1	12	38	-5.7184503e+02
0	1	12	39	-5.2120862e+02
0	1	12	40	-5.8376398e+02
0	1	12	41	-5.3706738e+02
0	1	12	42	-4.0985474e+02
0	1	12	43	-4.1235120e+02
0	1	12	44	-3.1575543e+02
0	1	12	45	-4.5465427e+02
0	1	12	46	-2.9348312e+02
0	1	12	47	-4.3685809e+02
0	1	12	48	-3.6258453e+02
0	1	12	49	-4.0077405e+02
0	1	12	50	-4.3704520e+02
0	1	12	51	2.0809177e+02
0	1	12	52	2.6576965e+02
0	1	12	53	-1.7022052e+02
0	1	12	54	-1.6944167e+02
0	1	12	55	-1.5080103e+02
0	1	12	56	7.0693153e+01
0	1	12	57	-9.6331810e+01
0	1	12	58	-3.8729141e+02
0	1	12	59	-2.7249829e+02
0	1	12	60	-1.7802162e+02
0	1	12	61	-2.6256952e+02
0	1	12	62	-3.8634216e+02
0	1	12	63	-4.8454845e+01
0	1	13	0	-9.0109589e+02
0	1	13	1	-9.5880432e+02
0	1	13	2	-1.2610294e+03
0	1	13	3	-1.1021152e+03
0	1	13	4	-1.2316378e+03
0	1	13	5	-9.0508533e+02
0	1	13	6	-1.1464912e+03
0	1	13	7	-9.1624762e+02
0	1	13	8	-1.0706381e+03
0	1	13	9	-1.2994595e+03
0	1	13	10	-9.9458966e+02
0	1	13	11	-1.3501697e+03
0	1	13	12	-1.1450321e+03
0	1	13	13	-1.1451315e+03
0	1	13	14	-1.2787523e+03
0	1	13	15	-1.0296949e+03
0	1	13	16	-1.1302971e+03
0	1	13	17	-1.0440209e+03
0	1	13	18	-1.0770787e+03
0	1	13	19	-1.0848842e+03
0	1	13	20	-1.1908944e+03
0	1	13	21	-1.2108979e+03
0	1	13	22	-1.0925139e+03
0	1	13	23	-1.1680481e+03
0	1	13	24	-1.1969760e+03
0	1	13	25	-1.1781879e+03
0	1	13	26	-1.2821227e+03
0	1	13	27	-1.3527581e+03
0	1	13	28	-1.2010026e+03
0	1	13	29	-1.3393549e+03
0	1	13	30	-1.4311548e+03
0	1	13	31	-1.5152546e+03
0	1	13	32	-1.3569653e+03
0	1	13	33	-1.5003802e+03
0	1	13	34	-9.0615857e+02
0	1	13	35	-8.6167847e+02
0	1	13	36	-8.5078809e+02
0	1	13	37	-9.5019678e+02
0	1	13	38	-6.2827332e+02
0	1	13	39	-9.7476392e+02
0	1	13	40	-1.1493550e+03
0	1	13	41	-1.0385017e+03
0	1	13	42	-1.0920022e+03
0	1	13	43	-1.0124872e+03
0	1	13	44	-1.4062621e+03
0	1	13	45	-1.2182233e+03
0	1	13	46	-1.4368987e+03
0	1	13	47	-1.2226379e+03
0	1	13	48	-1.5295800e+03
0	1	13	49	-1.4662523e+03
0	1	13	50	-8.9577417e+02
0	1	13	51	-5.8361670e+02
0	1	13	52	-6.1811664e+02
0	1	13	53	-9.1519580e+02
0	1	13	54	-8.5214172e+02
0	1	13	55	-1.1943495e+03
0	1	13	56	-1.1418773e+03
0	1	13	57	-5.6841345e+02
0	1	13	58	-5.7112158e+02
0	1	13	59	-7.1365393e+02
0	1	13	60	-1.3055292e+03
0	1	13	61	-7.7028265e+02
0	1	13	62	-5.3763922e+02
0	1	13	63	-1.2294760e+03
0	1	14	0	-6.9199432e+02
0	1	14	1	-7.8671405e+02
0	1	14	2	-6.5623053e+02
0	1	14	3	-7.4417883e+02
0	1	14	4	-7.2808789e+02
0	1	14	5	-7.0356378e+02
0	1	14	6	-6.7676764e+02
0	1	14	7	-7.1403241e+02
0	1	14	8	-7.4676416e+02
0	1	14	9	-5.7074719e+02
0	1	14	10	-7.7700909e+02
0	1	14	11	-6.0031238e+02
0	1	14	12	-8.6663867e+02
0	1	14	13	-7.4401886e+02
0	1	14	14	-8.2573242e+02
0	1	14	15	-8.6658411e+02
0	1	14	16	-9.3892896e+02
0	1	14	17	-9.1934839e+02
0	1	14	18	-8.9079907e+02
0	1	14	19	-9.3865784e+02
0	1	14	20	-8.9096265e+02
0	1	14	21	-8.7896667e+02
0	1	14	22	-8.5072247e+02
0	1	14	23	-8.8924658e+02
0	1	14	24	-9.4906921e+02
0	1	14	25	-7.7301385e+02
0	1	14	26	-8.8376855e+02
0	1	14	27	-7.5815503e+02
0	1	14	28	-8.5012170e+02
0	1	14	29	-7.9286847e+02
0	1	14	30	-8.7018109e+02
0	1	14	31	-8.4391345e+02
0	1	14	32	-8.6284399e+02
0	1	14	33	-7.8489197e+02
0	1	14	34	-5.3279926e+01
0	1	14	35	-7.3651672e+01
0	1	14	36	2.5584478e+01
0	1	14	37	5.7783489e+01
0	1	14	38	4.9408204e-03
0	1	14	39	9.9507401e+01
0	1	14	40	2.4673189e+01
0	1	14	41	2.3203617e+01
0	1	14	42	6.1629147e+01
0	1	14	43	5.2147377e+01
0	1	14	44	2.3755508e+02
0	1	14	45	6.3537582e+01
0	1	14	46	2.2164812e+02
0	1	14	47	7.9293266e+01
0	1	14	48	1.2420554e+02
0	1	14	49	1.0920058e+02
0	1	14	50	1.8929367e+02
0	1	14	51	7.2996582e+02
0	1	14	52	8.2087164e+02
0	1	14	53	3.7685028e+02
0	1	14	54	3.4749286e+02
0	1	14	55	4.4647284e+02
0	1	14	56	6.2266211e+02
0	1	14	57	5.3108954e+02
0	1	14	58	3.0628613e+02
0	1	14	59	3.6202676e+02
0	1	14	60	4.4033643e+02
0	1	14	61	3.7386740e+02
0	1	14	62	2.7873242e+02
0	1	14	63	4.2241364e+02
0	1	15	0	-5.3932245e+02
0	1	15	1	-7.3898956e+02
0	1	15	2	-7.9043060e+02
0	1	15	3	-7.5096997e+02
0	1	15	4	-8.9064539e+02
0	1	15	5	-6.3977515e+02
0	1	15	6	-7.1127692e+02
0	1	15	7	-6.5775018e+02
0	1	15	8	-8.0413782e+02
0	1	15	9	-8.7974109e+02
0	1	15	10	-7.3001550e+02
0	1	15	11	-9.2180670e+02
0	1	15	12	-8.1684198e+02
0	1	15	13	-7.7603748e+02
0	1	15	14	-8.9113745e+02
0	1	15	15	-8.2334998e+02
0	1	15	16	-7.9223578e+02
0	1	15	17	-7.2660071e+02
0	1	15	18	-8.6909766e+02
0	1	15	19	-8.1906189e+02
0	1	15	20	-8.2123718e+02
0	1	15	21	-8.3685687e+02
0	1	15	22	-7.8929114e+02
0	1	15	23	-7.5488666e+02
0	1	15	24	-8.7999048e+02
0	1	15	25	-8.4209210e+02
0	1	15	26	-1.0147482e+03
0	1	15	27	-8.9896765e+02
0	1	15	28	-8.3391626e+02
0	1	15	29	-9.7077472e+02
0	1	15	30	-9.9239227e+02
0	1	15	31	-9.5418237e+02
0	1	15	32	-1.0813602e+03
0	1	15	33	-1.0618995e+03
0	1	15	34	-2.5391034e+02
0	1	15	35	-4.0960846e+02
0	1	15	36	-2.5876083e+02
0	1	15	37	-3.2366736e+02
0	1	15	38	-3.0132581e+02
0	1	15	39	-3.4292001e+02
0	1	15	40	-3.6067172e+02
0	1	15	41	-4.3975540e+02
0	1	15	42	-3.8757663e+02
0	1	15	43	-3.6998077e+02
0	1	15	44	-4.1699576e+02
0	1	15	45	-4.6379782e+02
0	1	15	46	-4.1712585e+02
0	1	15	47	-4.4421658e+02
0	1	15	48	-4.0060709e+02
0	1	15	49	-4.3824295e+02
0	1	15	50	-3.0205759e+02
0	1	15	51	3.0635602e+02
0	1	15	52	2.3563928e+02
0	1	15	53	-1.0180155e+02
0	1	15	54	-1.0651138e+02
0	1	15	55	-1.2994164e+02
0	1	15	56	5.3005195e+00
0	1	15	57	5.6994015e+01
0	1	15	58	-3.2565668e+00
0	1	15	59	9.5013732e-01
0	1	15	60	-1.0961798e+02
0	1	15	61	-2.0220181e+02
0	1	15	62	-9.7834885e+01
0	1	15	63	-1.3435373e+02
0	2	0	0	-1.0717564e+02
0	2	0	1	-1.8970770e+02
0	2	0	2	-8.9632744e+01
0	2	0	3	-8.4847717e+01
0	2	0	4	-2.5894656e+02
0	2	0	5	-1.8147278e+02
0	2	0	6	-2.3421114e+02
0	2	0	7	-5.9205158e+01
0	2	0	8	-1.0681445e+02
0	2	0	9	-3.3886703e+01
0	2	0	10	-1.7805879e+02
0	2	0	11	-1.9156134e+02
0	2	0	12	-2.7815988e+02
0	2	0	13	-1.9690593e+02
0	2	0	14	-1.3032718e+02
0	2	0	15	-1.4607980e+02
0	2	0	16	-2.8345419e+02
0	2	0	17	-3.6734482e+02
0	2	0	18	-3.2722638e+02
0	2	0	19	-2.5763138e+02
0	2	0	20	-1.5127280e+02
0	2	0	21	-2.8671970e+02
0	2	0	22	-2.9479727e+02
0	2	0	23	-2.2418410e+02
0	2	0	24	-3.5402844e+02
0	2	0	25	-3.7182977e+02
0	2	0	26	-4.5627008e+02
0	2	0	27	-4.1210812e+02
0	2	0	28	-3.6427396e+02
0	2	0	29	-3.4686230e+02
0	2	0	30	-3.4821582e+02
0	2	0	31	-4.1831729e+02
0	2	0	32	-4.4108099e+02
0	2	0	33	-4.4165372e+02
0	2	0	34	2.5458296e+02
0	2	0	35	2.3536086e+02
0	2	0	36	1.9294267e+02
0	2	0	37	1.8364111e+02
0	2	0	38	2.2582675e+02
0	2	0	39	2.1250671e+02
0	2	0	40	1.3554730e+02
0	2	0	41	1.7933047e+02
0	2	0	42	2.6075156e+02
0	2	0	43	1.5707228e+02
0	2	0	44	2.0897633e+02
0	2	0	45	1.4523396e+02
0	2	0	46	1.7341307e+02
0	2	0	47	1.5390022e+02
0	2	0	48	1.8166087e+02
0	2	0	49	1.0475967e+02
0	2	0	50	2.5540048e+02
0	2	0	51	7.6926135e+02
0	2	0	52	7.8034772e+02
0	2	0	53	3.8836621e+02
0	2	0	54	5.5218304e+02
0	2	0	55	4.6212057e+02
0	2	0	56	6.1258466e+02
0	2	0	57	6.4964526e+02
0	2	0	58	5.6208533e+02
0	2	0	59	5.1484686e+02
0	2	0	60	4.9041846e+02
0	2	0	61	3.7775943e+02
0	2	0	62	5.4122180e+02
0	2	0	63	4.7969995e+02
0	2	1	0	-3.1816327e+02
0	2	1	1	-3.5375394e+02
0	2	1	2	-3.7533862e+02
0	2	1	3	-3.4237927e+02
0	2	1	4	-4.1313925e+02
0	2	1	5	-3.7443744e+02
0	2	1	6	-4.3354300e+02
0	2	1	7	-4.3857510e+02
0	2	1	8	-3.9699048e+02
0	2	1	9	-2.9009268e+02
0	2	1	10	-5.2382556e+02
0	2	1	11	-3.6246417e+02
0	2	1	12	-4.4980515e+02
0	2	1	13	-3.6005927e+02
0	2	1	14	-5.4543237e+02
0	2	1	15	-5.3253766e+02
0	2	1	16	-5.6412280e+02
0	2	1	17	-5.2109119e+02
0	2	1	18	-5.2432092e+02
0	2	1	19	-5.1794409e+02
0	2	1	20	-5.9588544e+02
0	2	1	21	-5.4037128e+02
0	2	1	22	-5.1601569e+02
0	2	1	23	-4.7301276e+02
0	2	1	24	-5.4512329e+02
0	2	1	25	-4.8377682e+02
0	2	1	26	-5.7005475e+02
0	2	1	27	-4.9356848e+02
0	2	1	28	-5.1759503e+02
0	2	1	29	-4.9493335e+02
0	2	1	30	-4.9588644e+02
0	2	1	31	-5.2169464e+02
0	2	1	32	-5.8328302e+02
0	2	1	33	-5.1322534e+02
0	2	1	34	1.6450887e+02
0	2	1	35	7.5605637e+01
0	2	1	36	1.5434097e+02
0	2	1	37	1.7246275e+02
0	2	1	38	1.8974364e+02
0	2	1	39	1.9746661e+02
0	2	1	40	2.5234688e+02
0	2	1	41	2.0561919e+02
0	2	1	42	2.3416002e+02
0	2	1	43	2.2627934e+02
0	2	1	44	2.6593542e+02
0	2	1	45	1.8898875e+02
0	2	1	46	2.5074849e+02
0	2	1	47	1.1774986e+02
0	2	1	48	1.9890828e+02
0	2	1	49	2.8031076e+02
0	2	1	50	2.1063139e+02
0	2	1	51	7.7837213e+02
0	2	1	52	8.2939807e+02
0	2	1	53	4.4081735e+02
0	2	1	54	4.4156735e+02
0	2	1	55	4.8059973e+02
0	2	1	56	6.7550574e+02
0	2	1	57	6.1561224e+02
0	2	1	58	4.6719562e+02
0	2	1	59	5.0132571e+02
0	2	1	60	5.0020328e+02
0	2	1	61	3.8700427e+02
0	2	1	62	3.8325150e+02
0	2	1	63	5.7586725e+02
0	2	2	0	-5.2730740e+01
0	2	2	1	-1.8910019e+02
0	2	2	2	-4.3075741e+01
0	2	2	3	-1.7289902e+02
0	2	2	4	-2.0045563e+02
0	2	2	5	-1.6251398e+02
0	2	2	6	-2.0286383e+02
0	2	2	7	-8.9034065e+01
0	2	2	8	-1.2925464e+02
0	2	2	9	-9.8424950e+01
0	2	2	10	-2.2846474e+02
0	2	2	11	-1.0014793e+02
0	2	2	12	-2.0321143e+02
0	2	2	13	-1.7795119e+02
0	2	2	14	-1.5568039e+02
0	2	2	15	-9.2165146e+01
0	2	2	16	-2.7630157e+02
0	2	2	17	-2.4337596e+02
0	2	2	18	-3.0599240e+02
0	2	2	19	-2.9151114e+02
0	2	2	20	-1.9693501e+02
0	2	2	21	-2.3904243e+02
0	2	2	22	-1.8487546e+02
0	2	2	23	-2.7776880e+02
0	2	2	24	-3.2295804e+02
0	2	2	25	-2.8689096e+02
0	2	2	26	-4.0177289e+02
0	2	2	27	-4.2730182e+02
0	2	2	28	-2.8159650e+02
0	2	2	29	-4.1447217e+02
0	2	2	30	-3.0853635e+02
0	2	2	31	-3.4471494e+02
0	2	2	32	-3.6899496e+02
0	2	2	33	-4.3581091e+02
0	2	2	34	2.8303372e+02
0	2	2	35	3.4265189e+02
0	2	2	36	2.6591553e+02
0	2	2	37	3.5900427e+02
0	2	2	38	3.2443640e+02
0	2	2	39	2.9170773e+02
0	2	2	40	3.1179382e+02
0	2	2	41	2.8996243e+02
0	2	2	42	3.2765927e+02
0	2	2	43	4.7743106e+02
0	2	2	44	4.8697379e+02
0	2	2	45	4.8345651e+02
0	2	2	46	3.9880670e+02
0	2	2	47	4.2140237e+02
0	2	2	48	4.4503522e+02
0	2	2	49	4.1594772e+02
0	2	2	50	3.6282074e+02
0	2	2	51	1.0280355e+03
0	2	2	52	1.1150333e+03
0	2	2	53	6.9667731e+02
0	2	2	54	7.0935706e+02
0	2	2	55	7.2954840e+02
0	2	2	56	8.7551575e+02
0	2	2	57	7.5917340e+02
0	2	2	58	6.8844659e+02
0	2	2	59	6.1713068e+02
0	2	2	60	6.9237146e+02
0	2	2	61	6.5429871e+02
0	2	2	62	6.3089948e+02
0	2	2	63	7.6856274e+02
0	2	3	0	-3.0933603e+02
0	2	3	1	-2.6339520e+02
0	2	3	2	-2.5776978e+02
0	2	3	3	-3.2678436e+02
0	2	3	4	-2.4923811e+02
0	2	3	5	-2.7909540e+02
0	2	3	6	-3.0026898e+02
0	2	3	7	-2.4237273e+02
0	2	3	8	-3.0601447e+02
0	2	3	9	-2.4759349e+02
0	2	3	10	-3.6715479e+02
0	2	3	11	-2.9976077e+02
0	2	3	12	-3.5742892e+02
0	2	3	13	-3.7162180e+02
0	2	3	14	-4.5966003e+02
0	2	3	15	-3.4882443e+02
0	2	3	16	-3.8751678e+02
0	2	3	17	-3.3281665e+02
0	2	3	18	-4.6391019e+02
0	2	3	19	-2.4817931e+02
0	2	3	20	-4.5406631e+02
0	2	3	21	-4.0263647e+02
0	2	3	22	-2.2479915e+02
0	2	3	23	-2.6084683e+02
0	2	3	24	-4.6923621e+02
0	2	3	25	-2.6226923e+02
0	2	3	26	-3.9956317e+02
0	2	3	27	-3.9665170e+02
0	2	3	28	-2.6571399e+02
0	2	3	29	-2.7475381e+02
0	2	3	30	-2.9130823e+02
0	2	3	31	-4.4015720e+02
0	2	3	32	-4.3002863e+02
0	2	3	33	-4.0324396e+02
0	2	3	34	4.5031912e+02
0	2	3	35	3.0497302e+02
0	2	3	36	4.1982077e+02
0	2	3	37	5.5434045e+02
0	2	3	38	3.3770453e+02
0	2	3	39	4.6969952e+02
0	2	3	40	5.5382178e+02
0	2	3	41	3.3267548e+02
0	2	3	42	6.4469873e+02
0	2	3	43	3.8138098e+02
0	2	3	44	4.8053879e+02
0	2	3	45	3.5017032e+02
0	2	3	46	4.6736505e+02
0	2	3	47	4.2285858e+02
0	2	3	48	4.5771884e+02
0	2	3	49	5.3890906e+02
0	2	3	50	4.6289087e+02
0	2	3	51	9.7177850e+02
0	2	3	52	9.7107495e+02
0	2	3	53	6.7152930e+02
0	2	3	54	7.3482031e+02
0	2	3	55	6.7103339e+02
0	2	3	56	8.5529266e+02
0	2	3	57	7.9413672e+02
0	2	3	58	6.2763049e+02
0	2	3	59	6.3924377e+02
0	2	3	60	6.3476843e+02
0	2	3	61	6.7512177e+02
0	2	3	62	5.2404065e+02
0	2	3	63	6.7914893e+02
0	2	4	0	7.8513725e+01
0	2	4	1	4.8637440e+01
0	2	4	2	8.1991302e+01
0	2	4	3	1.0787659e+02
0	2	4	4	-8.4950188e+01
0	2	4	5	2.7480976e+01
0	2	4	6	-4.3791603e+01
0	2	4	7	1.8598532e+02
0	2	4	8	3.3273445e+01
0	2	4	9	1.1303230e+02
0	2	4	10	-8.5993052e+00
0	2	4	11	5.1535961e+01
0	2	4	12	-1.5244671e+00
0	2	4	13	2.0044291e+01
0	2	4	14	1.0111512e+02
0	2	4	15	1.9845724e+02
0	2	4	16	4.3047652e+00
0	2	4	17	-4.6665787e+01
0	2	4	18	2.5252626e+01
0	2	4	19	-8.1654137e+01
0	2	4	20	7.2179799e+00
0	2	4	21	6.3250515e+01
0	2	4	22	1.9087872e+01
0	2	4	23	-6.3451180e+01
0	2	4	24	-1.4652626e+02
0	2	4	25	-7.4382782e+01
0	2	4	26	-8.3135666e+01
0	2	4	27	-2.0435866e+02
0	2	4	28	-8.1011299e+01
0	2	4	29	-5.1164665e+01
0	2	4	30	8.7559624e+01
0	2	4	31	-7.4251930e+01
0	2	4	32	-2.1049260e+02
0	2	4	33	-1.4051920e+02
0	2	4	34	4.5210300e+02
0	2	4	35	6.5743121e+02
0	2	4	36	6.8005927e+02
0	2	4	37	5.8090582e+02
0	2	4	38	5.0727341e+02
0	2	4	39	6.7145337e+02
0	2	4	40	5.5530212e+02
0	2	4	41	5.1439270e+02
0	2	4	42	5.6245593e+02
0	2	4	43	5.3625555e+02
0	2	4	44	6.0002515e+02
0	2	4	45	4.8609714e+02
0	2	4	46	5.7729395e+02
0	2	4	47	5.1267682e+02
0	2	4	48	5.4734119e+02
0	2	4	49	5.2152325e+02
0	2	4	50	6.2482440e+02
0	2	4	51	1.1598732e+03
0	2	4	52	1.1656323e+03
0	2	4	53	7.7283038e+02
0	2	4	54	7.7591760e+02
0	2	4	55	8.3407758e+02
0	2	4	56	9.9035565e+02
0	2	4	57	9.8112756e+02
0	2	4	58	8.2830536e+02
0	2	4	59	8.4637244e+02
0	2	4	60	8.5221436e+02
0	2	4	61	7.1433813e+02
0	2	4	62	7.9432092e+02
0	2	4	63	7.6621429e+02
0	2	5	0	1.2061703e+02
0	2	5	1	8.9576698e+01
0	2	5	2	1.1743955e+02
0	2	5	3	-5.0766716e+01
0	2	5	4	4.7873264e+01
0	2	5	5	7.5382164e+01
0	2	5	6	5.7903942e+01
0	2	5	7	8.3633492e+01
0	2	5	8	-3.4097767e+01
0	2	5	9	7.0849411e+01
0	2	5	10	-3.1708029e+01
0	2	5	11	-4.0532355e+00
0	2	5	12	-9.0612221e+01
0	2	5	13	1.2285209e+01
0	2	5	14	-1.3847893e+02
0	2	5	15	-3.5313328e+01
0	2	5	16	-2.4043271e+02
0	2	5	17	-1.5108101e+02
0	2	5	18	-2.1323479e+02
0	2	5	19	-1.3042542e+02
0	2	5	20	-1.6237465e+02
0	2	5	21	-1.2611965e+02
0	2	5	22	-1.0815641e+02
0	2	5	23	-6.8367844e+01
0	2	5	24	-1.7546785e+02
0	2	5	25	-1.6058711e+02
0	2	5	26	-2.1522833e+02
0	2	5	27	-1.2269743e+02
0	2	5	28	-1.2335129e+02
0	2	5	29	-1.3003853e+02
0	2	5	30	-1.1712746e+02
0	2	5	31	-1.5666165e+02
0	2	5	32	-1.8116496e+02
0	2	5	33	-4.9092178e+01
0	2	5	34	6.0293335e+02
0	2	5	35	5.6199030e+02
0	2	5	36	5.7264392e+02
0	2	5	37	6.1566522e+02
0	2	5	38	5.5625995e+02
0	2	5	39	5.6426379e+02
0	2	5	40	6.3884259e+02
0	2	5	41	6.1180377e+02
0	2	5	42	7.4894055e+02
0	2	5	43	6.1760614e+02
0	2	5	44	7.1937836e+02
0	2	5	45	7.0133307e+02
0	2	5	46	6.4882172e+02
0	2	5	47	6.5838092e+02
0	2	5	48	6.6539514e+02
0	2	5	49	6.6280341e+02
0	2	5	50	6.6689728e+02
0	2	5	51	1.2195331e+03
0	2	5	52	1.2670177e+03
0	2	5	53	8.7318768e+02
0	2	5	54	9.4317426e+02
0	2	5	55	9.7813190e+02
0	2	5	56	1.0316478e+03
0	2	5	57	1.0097278e+03
0	2	5	58	8.7688147e+02
0	2	5	59	8.4197797e+02
0	2	5	60	9.9057739e+02
0	2	5	61	8.4545227e+02
0	2	5	62	9.3304028e+02
0	2	5	63	9.2495020e+02
0	2	6	0	1.7762607e+02
0	2	6	1	7.8091667e+01
0	2	6	2	1.4844208e+02
0	2	6	3	1.2545912e+02
0	2	6	4	6.1657558e+01
0	2	6	5	8.6419518e+01
0	2	6	6	1.8156631e+01
0	2	6	7	2.4517476e+02
0	2	6	8	8.4403969e+01
0	2	6	9	9.6413803e+01
0	2	6	10	1.0149133e+00
0	2	6	11	1.1626745e+02
0	2	6	12	-3.9216690e+01
0	2	6	13	7.0248512e+01
0	2	6	14	2.6366263e+02
0	2	6	15	5.1544537e+01
0	2	6	16	6.5282776e+01
0	2	6	17	-5.2250034e+01
0	2	6	18	1.8126036e+02
0	2	6	19	-5.3087345e+01
0	2	6	20	8.7286211e+03
0	2	6	21	1.2006057e+02
0	2	6	22	-8.5714226e+01
0	2	6	23	-4.6880112e+01
0	2	6	24	-1.2896875e+02
0	2	6	25	-4.1519232e+00
0	2	6	26	-1.3933118e+02
0	2	6	27	-1.2518655e+02
0	2	6	28	-6.8850525e+01
0	2	6	29	-1.1810661e+02
0	2	6	30	-6.3213615e+01
0	2	6	31	-1.3981799e+02
0	2	6	32	-2.2614377e+02
0	2	6	33	-1.8051581e+02
0	2	6	34	4.4589209e+02
0	2	6	35	5.2906598e+02
0	2	6	36	4.9163876e+02
0	2	6	37	5.9710278e+02
0	2	6	38	5.3975012e+02
0	2	6	39	5.4136261e+02
0	2	6	40	4.6788657e+02
0	2	6	41	5.4500983e+02
0	2	6	42	5.6497327e+02
0	2	6	43	5.7044434e+02
0	2	6	44	5.3908936e+02
0	2	6	45	4.4979861e+02
0	2	6	46	2.1333815e+02
0	2	6	47	4.4022433e+02
0	2	6	48	4.9922220e+02
0	2	6	49	4.0291110e+02
0	2	6	50	5.2430847e+02
0	2	6	51	1.1502400e+03
0	2	6	52	1.0156880e+03
0	2	6	53	7.5059314e+02
0	2	6	54	6.8662988e+02
0	2	6	55	7.6998712e+02
0	2	6	56	9.1498883e+02
0	2	6	57	9.5314880e+02
0	2	6	58	8.2056000e+02
0	2	6	59	8.1523254e+02
0	2	6	60	8.6885431e+02
0	2	6	61	6.6988849e+02
0	2	6	62	7.2300079e+02
0	2	6	63	8.3353448e+02
0	2	7	0	1.7850977e+02
0	2	7	1	1.1967202e+02
0	2	7	2	4.9796707e+01
0	2	7	3	1.3368452e+02
0	2	7	4	7.8425934e+01
0	2	7	5	3.6839713e+02
0	2	7	6	1.5465558e+02
0	2	7	7	2.9234575e+03
0	2	7	8	6.0284851e+01
0	2	7	9	1.6421770e+02
0	2	7	10	-4.5429413e+02
0	2	7	11	2.0950682e+02
0	2	7	12	-2.2375032e+01
0	2	7	13	1.4536142e+02
0	2	7	14	-5.8257192e-01
0	2	7	15	1.5906358e+02
0	2	7	16	2.4239845e+01
0	2	7	17	4.2927181e+01
0	2	7	18	5.0487751e+01
0	2	7	19	6.7044968e+01
0	2	7	20	9.1067520e+01
0	2	7	21	3.7728181e+00
0	2	7	22	-1.9909929e+01
0	2	7	23	6.1380348e+01
0	2	7	24	-8.3438051e-01
0	2	7	25	7.3822970e+00
0	2	7	26	-6.3042521e+00
0	2	7	27	7.6015811e+00
0	2	7	28	2.4891375e+01
0	2	7	29	5.5046844e+01
0	2	7	30	1.1488429e+01
0	2	7	31	-8.8630829e+01
0	2	7	32	-5.4914070e+01
0	2	7	33	4.9380020e+01
0	2	7	34	7.1686469e+02
0	2	7	35	6.7355389e+02
0	2	7	36	7.2012250e+02
0	2	7	37	7.3763025e+02
0	2	7	38	6.4454419e+02
0	2	7	39	6.6589557e+02
0	2	7	40	8.0534692e+02
0	2	7	41	6.1797479e+02
0	2	7	42	7.7210590e+02
0	2	7	43	6.7119128e+02
0	2	7	44	1.6948561e+03
0	2	7	45	6.6392212e+02
0	2	7	46	7.9378320e+02
0	2	7	47	7.0563062e+02
0	2	7	48	6.7007062e+02
0	2	7	49	7.0530780e+02
0	2	7	50	7.0558545e+02
0	2	7	51	1.2855277e+03
0	2	7	52	1.3383245e+03
0	2	7	53	8.8286426e+02
0	2	7	54	1.0014625e+03
0	2	7	55	1.0048042e+03
0	2	7	56	1.2710869e+03
0	2	7	57	1.1076530e+03
0	2	7	58	9.0828485e+02
0	2	7	59	9.8101556e+02
0	2	7	60	1.0186914e+03
0	2	7	61	8.4028619e+02
0	2	7	62	8.5904077e+02
0	2	7	63	1.0744442e+03
0	2	8	0	1.7004889e+02
0	2	8	1	3.3471966e+01
0	2	8	2	1.1023647e+02
0	2	8	3	6.4227646e+01
0	2	8	4	-8.6911858e+01
0	2	8	5	-2.8645475e+00
0	2	8	6	-1.0834157e+02
0	2	8	7	6.2755856e+01
0	2	8	8	3.2813599e+00
0	2	8	9	2.9863644e-01
0	2	8	10	-1.6699767e+02
0	2	8	11	8.9313026e+01
0	2	8	12	-1.4275433e+02
0	2	8	13	2.2576981e+00
0	2	8	14	7.7684647e+01
0	2	8	15	-5.5803757e+01
0	2	8	16	-4.2358574e+01
0	2	8	17	-1.4386417e+02
0	2	8	18	-1.8335995e+01
0	2	8	19	-4.2181004e+01
0	2	8	20	-7.3431044e+00
0	2	8	21	-4.3790089e+01
0	2	8	22	-1.1707574e+02
0	2	8	23	2.8338276e+01
0	2	8	24	-1.9354543e+02
0	2	8	25	-1.3038814e+02
0	2	8	26	-1.4791597e+02
0	2	8	27	-2.3787288e+02
0	2	8	28	-1.3711404e+02
0	2	8	29	-2.8480118e+02
0	2	8	30	-2.6467734e+02
0	2	8	31	-1.5803180e+02
0	2	8	32	-1.8495668e+02
0	2	8	33	-2.9203430e+02
0	2	8	34	3.5178912e+02
0	2	8	35	4.4393420e+02
0	2	8	36	4.4982281e+02
0	2	8	37	5.3868939e+02
0	2	8	38	5.1192334e+02
0	2	8	39	4.4864960e+02
0	2	8	40	3.9653970e+02
0	2	8	41	4.8315775e+02
0	2	8	42	4.8818423e+02
0	2	8	43	4.0441803e+02
0	2	8	44	4.0117139e+02
0	2	8	45	4.2050122e+02
0	2	8	46	5.1615179e+02
0	2	8	47	4.4947723e+02
0	2	8	48	5.5752637e+02
0	2	8	49	4.7031293e+02
0	2	8	50	4.6851352e+02
0	2	8	51	1.0944802e+03
0	2	8	52	1.1178770e+03
0	2	8	53	7.1148260e+02
0	2	8	54	6.7897205e+02
0	2	8	55	6.5684308e+02
0	2	8	56	8.0758386e+02
0	2	8	57	8.8737262e+02
0	2	8	58	8.8516229e+02
0	2	8	59	8.0021692e+02
0	2	8	60	6.6955090e+02
0	2	8	61	6.5852466e+02
0	2	8	62	6.8794659e+02
0	2	8	63	7.3093872e+02
0	2	9	0	1.1291681e+02
0	2	9	1	1.6122316e+02
0	2	9	2	1.5983820e+02
0	2	9	3	8.3361916e+01
0	2	9	4	2.1147916e+02
0	2	9	5	8.1761253e+01
0	2	9	6	1.4428839e+02
0	2	9	7	1.8029988e+02
0	2	9	8	8.8992477e+01
0	2	9	9	1.5292120e+02
0	2	9	10	6.8283508e+01
0	2	9	11	2.0167455e+02
0	2	9	12	8.2217474e+00
0	2	9	13	8.2772568e+01
0	2	9	14	1.6139877e+02
0	2	9	15	7.3712059e+01
0	2	9	16	2.5255077e+01
0	2	9	17	3.4319752e+01
0	2	9	18	-5.2441631e+01
0	2	9	19	-1.0631838e+01
0	2	9	20	-1.2980970e+01
0	2	9	21	6.1051254e+01
0	2	9	22	1.4118683e+02
0	2	9	23	1.0455169e+01
0	2	9	24	-3.9837936e+01
0	2	9	25	8.1048531e+01
0	2	9	26	-1.0206720e+02
0	2	9	27	3.3427246e+01
0	2	9	28	9.8588722e+01
0	2	9	29	2.4795742e+01
0	2	9	30	-7.0936760e+01
0	2	9	31	1.0786831e+01
0	2	9	32	-1.3859584e+01
0	2	9	33	1.5068845e+02
0	2	9	34	7.3785590e+02
0	2	9	35	6.9949896e+02
0	2	9	36	7.0200159e+02
0	2	9	37	7.5336719e+02
0	2	9	38	6.8184717e+02
0	2	9	39	8.2478833e+02
0	2	9	40	7.2555334e+02
0	2	9	41	6.2992181e+02
0	2	9	42	8.1849017e+02
0	2	9	43	6.7971252e+02
0	2	9	44	8.0752808e+02
0	2	9	45	7.5459875e+02
0	2	9	46	8.0879407e+02
0	2	9	47	7.1730792e+02
0	2	9	48	8.5513690e+02
0	2	9	49	6.8729913e+02
0	2	9	50	8.2855383e+02
0	2	9	51	1.3502023e+03
0	2	9	52	1.3460940e+03
0	2	9	53	9.8007275e+02
0	2	9	54	1.0314044e+03
0	2	9	55	1.0278712e+03
0	2	9	56	1.1274398e+03
0	2	9	57	1.1250514e+03
0	2	9	58	1.0559734e+03
0	2	9	59	1.0207144e+03
0	2	9	60	1.0531045e+03
0	2	9	61	9.2504376e+02
0	2	9	62	9.0069275e+02
0	2	9	63	9.9344995e+02
0	2	10	0	3.9983082e+00
0	2	10	1	-8.2811203e+00
0	2	10	2	6.5677322e+01
0	2	10	3	2.3110895e+01
0	2	10	4	-1.2728151e+02
0	2	10	5	-2.7760267e+01
0	2	10	6	-1.8149203e+02
0	2	10	7	1.0253983e+02
0	2	10	8	2.5820698e+01
0	2	10	9	3.5518578e+01
0	2	10	10	-9.8203720e+01
0	2	10	11	-6.3907497e+01
0	2	10	12	-1.7270735e+02
0	2	10	13	-5.9805435e+01
0	2	10	14	-5.0052576e+00
0	2	10	15	-1.9638788e+01
0	2	10	16	-1.7159450e+02
0	2	10	17	-1.5295776e+02
0	2	10	18	-9.0471077e+01
0	2	10	19	-1.7610141e+02
0	2	10	20	-1.2782088e+02
0	2	10	21	-4.7329876e+01
0	2	10	22	-1.2183963e+02
0	2	10	23	-1.2431823e+02
0	2	10	24	-1.6405588e+02
0	2	10	25	-7.8740623e+01
0	2	10	26	-2.2950754e+02
0	2	10	27	-2.0269237e+02
0	2	10	28	-1.5604033e+02
0	2	10	29	-2.1539848e+02
0	2	10	30	-1.6326338e+02
0	2	10	31	-1.6525560e+02
0	2	10	32	-2.7604123e+02
0	2	10	33	-2.9056003e+02
0	2	10	34	4.4866785e+02
0	2	10	35	4.5846915e+02
0	2	10	36	4.4283102e+02
0	2	10	37	4.5141916e+02
0	2	10	38	3.5106821e+02
0	2	10	39	4.9613367e+02
0	2	10	40	4.1487479e+02
0	2	10	41	4.4003183e+02
0	2	10	42	5.2362897e+02
0	2	10	43	5.7497791e+02
0	2	10	44	5.0426041e+02
0	2	10	45	3.5389554e+02
0	2	10	46	1.3838025e+03
0	2	10	47	4.2762164e+02
0	2	10	48	4.5980911e+02
0	2	10	49	4.2438507e+02
0	2	10	50	5.4846143e+02
0	2	10	51	9.7335651e+02
0	2	10	52	1.0135594e+03
0	2	10	53	7.1025238e+02
0	2	10	54	6.4265289e+02
0	2	10	55	7.0540826e+02
0	2	10	56	8.9997272e+02
0	2	10	57	8.8831653e+02
0	2	10	58	7.6471051e+02
0	2	10	59	6.8486530e+02
0	2	10	60	7.2300104e+02
0	2	10	61	7.1209119e+02
0	2	10	62	7.3552240e+02
0	2	10	63	7.3110876e+02
0	2	11	0	-1.3252434e+02
0	2	11	1	-7.6595673e+01
0	2	11	2	-4.4143597e+01
0	2	11	3	-1.4065005e+02
0	2	11	4	-1.3208200e+02
0	2	11	5	-9.6290382e+01
0	2	11	6	-6.8063713e+01
0	2	11	7	-1.7469032e+01
0	2	11	8	-1.4398473e+02
0	2	11	9	-2.4425018e+01
0	2	11	10	-1.7010513e+02
0	2	11	11	-1.2350834e+02
0	2	11	12	-1.5492880e+02
0	2	11	13	-9.3794136e+01
0	2	11	14	-1.4567039e+02
0	2	11	15	-1.1035204e+02
0	2	11	16	-2.3986134e+02
0	2	11	17	-1.1916409e+02
0	2	11	18	-1.8135062e+02
0	2	11	19	-9.8964394e+01
0	2	11	20	-2.9348157e+02
0	2	11	21	-2.2138466e+02
0	2	11	22	-1.9764418e+02
0	2	11	23	1.6235161e+03
0	2	11	24	-2.4866324e+02
0	2	11	25	-2.3588808e+02
0	2	11	26	-2.5841992e+02
0	2	11	27	-1.8391493e+02
0	2	11	28	-2.5671887e+02
0	2	11	29	-2.1770694e+02
0	2	11	30	-2.8133191e+02
0	2	11	31	-2.9109732e+02
0	2	11	32	-3.2321228e+02
0	2	11	33	-2.2096542e+02
0	2	11	34	4.9632651e+02
0	2	11	35	3.9839706e+02
0	2	11	36	4.2749451e+02
0	2	11	37	4.4655441e+02
0	2	11	38	4.9084387e+02
0	2	11	39	4.8159665e+02
0	2	11	40	5.2759595e+02
0	2	11	41	4.0675092e+02
0	2	11	42	4.6871072e+02
0	2	11	43	4.8265576e+02
0	2	11	44	6.1998682e+02
0	2	11	45	4.5775458e+02
0	2	11	46	5.4387683e+02
0	2	11	47	4.8714987e+02
0	2	11	48	5.4774359e+02
0	2	11	49	5.6153699e+02
0	2	11	50	5.1499957e+02
0	2	11	51	1.1398575e+03
0	2	11	52	1.1595383e+03
0	2	11	53	8.4430194e+02
0	2	11	54	7.8092926e+02
0	2	11	55	7.8658990e+02
0	2	11	56	9.0043372e+02
0	2	11	57	8.9566278e+02
0	2	11	58	6.9892603e+02
0	2	11	59	7.8608527e+02
0	2	11	60	7.5884283e+02
0	2	11	61	7.0506030e+02
0	2	11	62	7.4868329e+02
0	2	11	63	8.4415314e+02
0	2	12	0	-1.0542284e+02
0	2	12	1	-1.9311153e+02
0	2	12	2	-1.3324184e+02
0	2	12	3	-1.7071555e+02
0	2	12	4	-2.5570268e+02
0	2	12	5	-2.9760303e+02
0	2	12	6	-3.0088293e+02
0	2	12	7	-1.3692360e+02
0	2	12	8	-2.6092255e+02
0	2	12	9	-2.2886015e+02
0	2	12	10	-3.0495810e+02
0	2	12	11	-2.3217863e+02
0	2	12	12	-3.8377728e+02
0	2	12	13	-2.9015646e+02
0	2	12	14	-2.4884955e+02
0	2	12	15	-2.6383142e+02
0	2	12	16	-3.4812100e+02
0	2	12	17	-4.2741943e+02
0	2	12	18	-3.1693353e+02
0	2	12	19	-4.4187119e+02
0	2	12	20	-2.5414003e+02
0	2	12	21	-3.2514148e+02
0	2	12	22	-2.9933362e+02
0	2	12	23	-3.7558783e+02
0	2	12	24	-5.0829025e+02
0	2	12	25	-3.6720865e+02
0	2	12	26	-4.1533853e+02
0	2	12	27	-4.4834229e+02
0	2	12	28	-3.3739377e+02
0	2	12	29	-4.5287454e+02
0	2	12	30	-4.4126569e+02
0	2	12	31	-4.1699802e+02
0	2	12	32	-4.5016422e+02
0	2	12	33	-4.1407828e+02
0	2	12	34	2.2637091e+02
0	2	12	35	2.4470447e+02
0	2	12	36	2.9096814e+02
0	2	12	37	2.2646538e+02
0	2	12	38	2.3778433e+02
0	2	12	39	2.5620316e+02
0	2	12	40	2.4581068e+02
0	2	12	41	1.8646342e+02
0	2	12	42	3.3241525e+02
0	2	12	43	2.5462001e+02
0	2	12	44	3.0401859e+02
0	2	12	45	2.5701010e+02
0	2	12	46	1.8139188e+02
0	2	12	47	1.9816844e+02
0	2	12	48	2.1293968e+02
0	2	12	49	1.9156354e+02
0	2	12	50	3.1825497e+02
0	2	12	51	7.9934247e+02
0	2	12	52	8.0584283e+02
0	2	12	53	3.8448428e+02
0	2	12	54	4.5591351e+02
0	2	12	55	4.1191281e+02
0	2	12	56	5.7691528e+02
0	2	12	57	6.3908130e+02
0	2	12	58	6.1344226e+02
0	2	12	59	4.6730835e+02
0	2	12	60	5.1376056e+02
0	2	12	61	4.5885132e+02
0	2	12	62	5.4111731e+02
0	2	12	63	5.7253198e+02
0	2	13	0	-1.5821425e+02
0	2	13	1	-4.1902447e+01
0	2	13	2	-5.1201771e+01
0	2	13	3	-1.4491566e+02
0	2	13	4	-1.8403441e+02
0	2	13	5	-1.3901822e+02
0	2	13	6	-1.1071066e+02
0	2	13	7	-9.8760925e+01
0	2	13	8	-2.0916632e+02
0	2	13	9	-7.5684158e+01
0	2	13	10	-1.4738042e+02
0	2	13	11	-1.1162989e+02
0	2	13	12	-2.1128275e+02
0	2	13	13	-1.3747647e+02
0	2	13	14	-3.1142758e+02
0	2	13	15	-2.1729729e+02
0	2	13	16	-3.0118222e+02
0	2	13	17	-2.5927164e+02
0	2	13	18	-3.5138159e+02
0	2	13	19	-3.3503574e+02
0	2	13	20	-3.4607874e+02
0	2	13	21	-3.1954102e+02
0	2	13	22	-2.1507748e+02
0	2	13	23	-3.0422379e+02
0	2	13	24	-3.3873816e+02
0	2	13	25	-2.4986469e+02
0	2	13	26	-3.7247998e+02
0	2	13	27	-3.0458569e+02
0	2	13	28	-2.2088605e+02
0	2	13	29	-2.4129347e+02
0	2	13	30	-2.3970807e+02
0	2	13	31	-2.9998633e+02
0	2	13	32	-3.1171069e+02
0	2	13	33	-3.2538336e+02
0	2	13	34	3.1236334e+02
0	2	13	35	3.7159692e+02
0	2	13	36	3.6532205e+02
0	2	13	37	3.8419952e+02
0	2	13	38	4.1748325e+02
0	2	13	39	3.9965616e+02
0	2	13	40	4.2383026e+02
0	2	13	41	4.2320197e+02
0	2	13	42	4.1930368e+02
0	2	13	43	3.6802689e+02
0	2	13	44	4.4907629e+02
0	2	13	45	3.3843771e+02
0	2	13	46	4.2332596e+02
0	2	13	47	4.0045340e+02
0	2	13	48	4.4912247e+02
0	2	13	49	3.8215002e+02
0	2	13	50	4.4604736e+02
0	2	13	51	9.2951245e+02
0	2	13	52	9.9588300e+02
0	2	13	53	6.2236462e+02
0	2	13	54	6.8186005e+02
0	2	13	55	7.6675641e+02
0	2	13	56	8.4273962e+02
0	2	13	57	8.5172046e+02
0	2	13	58	6.4670941e+02
0	2	13	59	7.2809735e+02
0	2	13	60	7.5155811e+02
0	2	13	61	5.0075534e+02
0	2	13	62	6.0352490e+02
0	2	13	63	7.3278833e+02
0	2	14	0	-5.4608189e+01
0	2	14	1	-1.4674860e+02
0	2	14	2	-1.0138397e+02
0	2	14	3	2.3780728e+03
0	2	14	4	-2.4222261e+02
0	2	14	5	-2.2790613e+02
0	2	14	6	-2.1883920e+02
0	2	14	7	-6.6727554e+01
0	2	14	8	-1.6456813e+02
0	2	14	9	-1.3372064e+02
0	2	14	10	-1.7287035e+02
0	2	14	11	-1.7859845e+02
0	2	14	12	-3.0558002e+02
0	2	14	13	-7.7227592e+01
0	2	14	14	-2.2075125e+02
0	2	14	15	-1.4749866e+02
0	2	14	16	-2.0398863e+02
0	2	14	17	-3.1644901e+02
0	2	14	18	-2.1945876e+02
0	2	14	19	-3.4431766e+02
0	2	14	20	-2.5124117e+02
0	2	14	21	2.9170347e+03
0	2	14	22	-2.4315726e+02
0	2	14	23	-2.6560727e+02
0	2	14	24	-3.7582651e+02
0	2	14	25	-2.8422321e+02
0	2	14	26	-5.2764435e+02
0	2	14	27	-4.6084457e+02
0	2	14	28	-3.6625397e+02
0	2	14	29	-4.3598233e+02
0	2	14	30	-4.0670056e+02
0	2	14	31	-3.9981000e+02
0	2	14	32	-4.8778912e+02
0	2	14	33	-4.4354523e+02
0	2	14	34	2.5064250e+02
0	2	14	35	3.0899515e+02
0	2	14	36	2.5855414e+02
0	2	14	37	2.5152866e+02
0	2	14	38	3.5084586e+02
0	2	14	39	2.9014719e+02
0	2	14	40	3.3411517e+02
0	2	14	41	2.1474661e+02
0	2	14	42	3.5324161e+02
0	2	14	43	2.5953870e+02
0	2	14	44	3.6221655e+02
0	2	14	45	2.9321875e+02
0	2	14	46	2.3155626e+02
0	2	14	47	2.3398257e+02
0	2	14	48	2.2077477e+02
0	2	14	49	2.3506911e+02
0	2	14	50	3.6221997e+02
0	2	14	51	9.0663373e+02
0	2	14	52	9.1284314e+02
0	2	14	53	4.6838892e+02
0	2	14	54	5.5244678e+02
0	2	14	55	4.9657349e+02
0	2	14	56	7.1015472e+02
0	2	14	57	6.7523517e+02
0	2	14	58	6.7982623e+02
0	2	14	59	5.3134833e+02
0	2	14	60	5.1115186e+02
0	2	14	61	5.3051575e+02
0	2	14	62	6.3419208e+02
0	2	14	63	5.8854663e+02
0	2	15	0	-2.2857756e+02
0	2	15	1	-2.4809242e+02
0	2	15	2	-1.5155748e+02
0	2	15	3	-1.6237608e+02
0	2	15	4	-2.5557692e+02
0	2	15	5	-1.9522527e+02
0	2	15	6	-1.9971689e+02
0	2	15	7	-1.9805904e+02
0	2	15	8	-2.6074606e+02
0	2	15	9	-1.6097314e+02
0	2	15	10	-2.8997672e+02
0	2	15	11	-2.3678761e+02
0	2	15	12	-3.0544815e+02
0	2	15	13	-1.7423500e+02
0	2	15	14	-2.3016980e+02
0	2	15	15	-2.9202612e+02
0	2	15	16	-3.1539993e+02
0	2	15	17	-4.5750204e+02
0	2	15	18	-4.0931418e+02
0	2	15	19	-4.4729834e+02
0	2	15	20	-3.8177637e+02
0	2	15	21	-3.9560672e+02
0	2	15	22	-3.5268631e+02
0	2	15	23	-3.7844910e+02
0	2	15	24	-3.7838477e+02
0	2	15	25	-4.2309152e+02
0	2	15	26	-3.8667880e+02
0	2	15	27	-3.7751483e+02
0	2	15	28	-4.1148776e+02
0	2	15	29	-3.9883020e+02
0	2	15	30	-3.9189365e+02
0	2	15	31	-4.1739877e+02
0	2	15	32	-4.0274615e+02
0	2	15	33	-3.6656119e+02
0	2	15	34	3.4812430e+02
0	2	15	35	3.0509265e+02
0	2	15	36	3.7560391e+02
0	2	15	37	3.9429550e+02
0	2	15	38	3.2002301e+02
0	2	15	39	4.2551703e+02
0	2	15	40	5.5378021e+02
0	2	15	41	3.0513574e+02
0	2	15	42	4.8498199e+02
0	2	15	43	3.3537759e+02
0	2	15	44	5.5330432e+02
0	2	15	45	4.6901315e+02
0	2	15	46	4.6978506e+02
0	2	15	47	3.8589407e+02
0	2	15	48	0.0000000e+00
0	2	15	49	6.1461603e+02
0	2	15	50	4.3630582e+02
0	2	15	51	1.0303092e+03
0	2	15	52	1.0258087e+03
0	2	15	53	6.5844702e+02
0	2	15	54	7.0276678e+02
0	2	15	55	1.7761870e+03
0	2	15	56	1.1759656e+03
0	2	15	57	8.6802893e+02
0	2	15	58	6.3881219e+02
0	2	15	59	5.8059717e+02
0	2	15	60	1.9411958e+03
0	2	15	61	5.8308325e+02
0	2	15	62	5.7566730e+02
0	2	15	63	6.9356067e+02
1	0	0	0	-2.3560283e+02
1	0	0	1	-2.7584967e+02
1	0	0	2	-1.7821123e+02
1	0	0	3	-3.3572556e+02
1	0	0	4	-1.7439572e+02
1	0	0	5	-2.5148692e+02
1	0	0	6	-3.0045782e+02
1	0	0	7	-2.3187140e+02
1	0	0	8	-3.2079456e+02
1	0	0	9	-1.1171845e+02
1	0	0	10	-3.4629517e+02
1	0	0	11	-1.5239810e+02
1	0	0	12	-3.2072501e+02
1	0	0	13	-2.4159964e+02
1	0	0	14	-3.4545856e+02
1	0	0	15	-3.0198923e+02
1	0	0	16	-4.3035443e+02
1	0	0	17	-4.2169177e+02
1	0	0	18	-3.3834720e+02
1	0	0	19	-4.5819394e+02
1	0	0	20	-4.1516531e+02
1	0	0	21	-4.7935651e+02
1	0	0	22	-4.2784845e+02
1	0	0	23	-4.0596564e+02
1	0	0	24	-3.8926199e+02
1	0	0	25	-3.7743213e+02
1	0	0	26	-3.5330371e+02
1	0	0	27	-3.0857828e+02
1	0	0	28	-3.7820358e+02
1	0	0	29	-4.1158295e+02
1	0	0	30	-4.0401822e+02
1	0	0	31	-3.7389679e+02
1	0	0	32	-4.0076050e+02
1	0	0	33	-4.1839761e+02
1	0	0	34	2.5928815e+02
1	0	0	35	2.6884848e+02
1	0	0	36	2.9493115e+02
1	0	0	37	3.4977631e+02
1	0	0	38	3.1722372e+02
1	0	0	39	3.3128787e+02
1	0	0	40	2.7999115e+02
1	0	0	41	3.5021942e+02
1	0	0	42	4.6459909e+02
1	0	0	43	3.8343655e+02
1	0	0	44	4.4257135e+02
1	0	0	45	3.5154593e+02
1	0	0	46	3.6112204e+02
1	0	0	47	3.5250940e+02
1	0	0	48	4.5818283e+02
1	0	0	49	3.8323874e+02
1	0	0	50	3.7855130e+02
1	0	0	51	9.2009131e+02
1	0	0	52	1.0857372e+03
1	0	0	53	7.6477014e+02
1	0	0	54	6.6407635e+02
1	0	0	55	7.8214343e+02
1	0	0	56	8.4416803e+02
1	0	0	57	8.1179297e+02
1	0	0	58	6.2120630e+02
1	0	0	59	5.7734729e+02
1	0	0	60	6.8836340e+02
1	0	0	61	5.3123889e+02
1	0	0	62	5.9656458e+02
1	0	0	63	7.0408362e+02
1	0	1	0	2.5236674e+02
1	0	1	1	1.5788155e+02
1	0	1	2	1.0127528e+02
1	0	1	3	2.2817500e+02
1	0	1	4	3.8997421e+01
1	0	1	5	2.9881955e+02
1	0	1	6	1.2324378e+02
1	0	1	7	2.7231122e+02
1	0	1	8	1.6325452e+02
1	0	1	9	1.4142243e+01
1	0	1	10	1.2269678e+02
1	0	1	11	5.5584396e+01
1	0	1	12	1.1492208e+02
1	0	1	13	1.1450095e+02
1	0	1	14	5.5364326e+01
1	0	1	15	1.3364885e+02
1	0	1	16	4.8844852e+01
1	0	1	17	1.4466658e+02
1	0	1	18	1.1479992e+02
1	0	1	19	1.5720938e+02
1	0	1	20	5.0483368e+01
1	0	1	21	1.3339061e+02
1	0	1	22	6.7028076e+01
1	0	1	23	1.2957182e+02
1	0	1	24	2.9992273e+01
1	0	1	25	1.1224202e+02
1	0	1	26	1.6128818e+02
1	0	1	27	4.5957527e+01
1	0	1	28	9.7907654e+01
1	0	1	29	-3.4309792e+01
1	0	1	30	6.8697280e-01
1	0	1	31	-9.6431488e+01
1	0	1	32	3.1506271e+01
1	0	1	33	-2.5141289e+01
1	0	1	34	6.4218225e+02
1	0	1	35	6.1762482e+02
1	0	1	36	6.7724280e+02
1	0	1	37	6.2764490e+02
1	0	1	38	7.1877753e+02
1	0	1	39	6.3218494e+02
1	0	1	40	7.1276318e+02
1	0	1	41	6.4435956e+02
1	0	1	42	7.5279254e+02
1	0	1	43	6.2238489e+02
1	0	1	44	5.9668396e+02
1	0	1	45	6.2887518e+02
1	0	1	46	5.9108844e+02
1	0	1	47	6.3810474e+02
1	0	1	48	5.3791443e+02
1	0	1	49	5.5351379e+02
1	0	1	50	6.8893878e+02
1	0	1	51	1.1757405e+03
1	0	1	52	1.3174817e+03
1	0	1	53	8.8429156e+02
1	0	1	54	9.5631488e+02
1	0	1	55	8.8226135e+02
1	0	1	56	9.8229846e+02
1	0	1	57	1.0048146e+03
1	0	1	58	1.1297092e+03
1	0	1	59	9.1202136e+02
1	0	1	60	9.2804376e+02
1	0	1	61	8.4645856e+02
1	0	1	62	9.8671259e+02
1	0	1	63	9.6560718e+02
1	0	2	0	3.2341759e+01
1	0	2	1	-2.7983967e+01
1	0	2	2	-2.1144495e+01
1	0	2	3	-2.6806808e+00
1	0	2	4	-2.3729704e+01
1	0	2	5	-4.4002888e+01
1	0	2	6	-1.6360507e+00
1	0	2	7	-2.3231750e+01
1	0	2	8	-3.3977947e+01
1	0	2	9	8.3753006e+01
1	0	2	10	-1.2807425e+02
1	0	2	11	6.6508095e+01
1	0	2	12	-9.2299728e+01
1	0	2	13	-2.5250645e+01
1	0	2	14	-8.5434753e+01
1	0	2	15	-1.6363194e+02
1	0	2	16	-2.1940773e+02
1	0	2	17	-2.1366655e+02
1	0	2	18	-1.4288794e+02
1	0	2	19	-2.3125572e+02
1	0	2	20	-2.0731378e+02
1	0	2	21	-2.3351923e+02
1	0	2	22	-1.9807536e+02
1	0	2	23	-2.4476993e+02
1	0	2	24	-2.0637177e+02
1	0	2	25	-1.4091583e+02
1	0	2	26	-2.5595665e+02
1	0	2	27	-1.7221971e+02
1	0	2	28	-2.0755434e+02
1	0	2	29	-1.7718506e+02
1	0	2	30	-2.4594444e+02
1	0	2	31	-2.5471764e+02
1	0	2	32	-2.0376988e+02
1	0	2	33	-1.7188126e+02
1	0	2	34	4.9159235e+02
1	0	2	35	5.2247778e+02
1	0	2	36	5.2896136e+02
1	0	2	37	5.8610944e+02
1	0	2	38	5.2188586e+02
1	0	2	39	5.6021912e+02
1	0	2	40	5.8125122e+02
1	0	2	41	4.9364618e+02
1	0	2	42	6.9871130e+02
1	0	2	43	4.9272263e+02
1	0	2	44	5.9789630e+02
1	0	2	45	5.1888080e+02
1	0	2	46	5.5941071e+02
1	0	2	47	5.7364679e+02
1	0	2	48	7.1533203e+02
1	0	2	49	5.7764508e+02
1	0	2	50	6.4491394e+02
1	0	2	51	1.1937633e+03
1	0	2	52	1.2348298e+03
1	0	2	53	7.3883954e+02
1	0	2	54	7.6131537e+02
1	0	2	55	9.5418677e+02
1	0	2	56	9.9427576e+02
1	0	2	57	9.8211176e+02
1	0	2	58	8.2011584e+02
1	0	2	59	8.3754761e+02
1	0	2	60	8.6141791e+02
1	0	2	61	7.5794806e+02
1	0	2	62	8.2600934e+02
1	0	2	63	9.3945245e+02
1	0	3	0	2.1992174e+02
1	0	3	1	2.1913925e+02
1	0	3	2	9.3555099e+01
1	0	3	3	1.3024904e+02
1	0	3	4	7.5102570e+01
1	0	3	5	1.5800067e+02
1	0	3	6	8.3780052e+01
1	0	3	7	1.7568127e+02
1	0	3	8	8.8554573e+01
1	0	3	9	9.3048325e+01
1	0	3	10	1.6549178e+02
1	0	3	11	1.8255187e+00
1	0	3	12	1.1669088e+01
1	0	3	13	8.5182800e+01
1	0	3	14	5.8956158e+01
1	0	3	15	1.2587137e+02
1	0	3	16	-6.9295624e+01
1	0	3	17	6.4903008e+01
1	0	3	18	-1.7470339e+01
1	0	3	19	1.8342767e+02
1	0	3	20	3.7660341e+00
1	0	3	21	2.0337397e+01
1	0	3	22	8.5122261e+00
1	0	3	23	2.3539457e+01
1	0	3	24	-6.6654129e+01
1	0	3	25	8.5584459e+00
1	0	3	26	-1.4972743e+02
1	0	3	27	-1.7369122e+01
1	0	3	28	-1.8711313e+01
1	0	3	29	5.7578201e+00
1	0	3	30	-9.9660378e+01
1	0	3	31	-1.3539665e+02
1	0	3	32	-1.5614320e+02
1	0	3	33	-1.2013525e+02
1	0	3	34	5.3192102e+02
1	0	3	35	5.2113672e+02
1	0	3	36	5.8680353e+02
1	0	3	37	5.1847791e+02
1	0	3	38	7.3563489e+02
1	0	3	39	6.1438263e+02
1	0	3	40	6.3201508e+02
1	0	3	41	6.7026447e+02
1	0	3	42	5.8558014e+02
1	0	3	43	5.0187268e+02
1	0	3	44	5.8074078e+02
1	0	3	45	5.4109015e+02
1	0	3	46	6.3983148e+02
1	0	3	47	5.5811938e+02
1	0	3	48	5.1800623e+02
1	0	3	49	5.3720972e+02
1	0	3	50	6.5996667e+02
1	0	3	51	1.2077546e+03
1	0	3	52	1.2092611e+03
1	0	3	53	8.0284375e+02
1	0	3	54	7.8832709e+02
1	0	3	55	8.3475281e+02
1	0	3	56	9.3925580e+02
1	0	3	57	9.8694672e+02
1	0	3	58	8.3397076e+02
1	0	3	59	7.5308160e+02
1	0	3	60	7.6774390e+02
1	0	3	61	7.0784979e+02
1	0	3	62	7.7612836e+02
1	0	3	63	7.2540259e+02
1	0	4	0	1.8231178e+02
1	0	4	1	9.6219414e+01
1	0	4	2	1.6708012e+02
1	0	4	3	2.1048886e+02
1	0	4	4	1.4912387e+02
1	0	4	5	2.0613774e+02
1	0	4	6	2.4490472e+02
1	0	4	7	8.6584373e+01
1	0	4	8	1.2307214e+02
1	0	4	9	1.8768456e+02
1	0	4	10	-5.0806576e+01
1	0	4	11	1.2849222e+02
1	0	4	12	5.6055901e+01
1	0	4	13	8.8468491e+01
1	0	4	14	1.9966730e+02
1	0	4	15	1.1532690e+02
1	0	4	16	-2.5671043e+01
1	0	4	17	-1.3276981e+01
1	0	4	18	4.5251656e+01
1	0	4	19	7.2436714e+01
1	0	4	20	3.9824230e+01
1	0	4	21	2.6581333e+01
1	0	4	22	5.1951553e+01
1	0	4	23	-3.4944145e+01
1	0	4	24	-2.2087740e+01
1	0	4	25	1.1245797e+01
1	0	4	26	-3.5641510e+01
1	0	4	27	1.4609547e+02
1	0	4	28	4.5097069e+01
1	0	4	29	1.0279015e+01
1	0	4	30	6.6333458e+01
1	0	4	31	5.6545288e+01
1	0	4	32	-3.2159229e+01
1	0	4	33	-2.6153364e+01
1	0	4	34	6.7934259e+02
1	0	4	35	6.9622388e+02
1	0	4	36	6.9050983e+02
1	0	4	37	7.1242114e+02
1	0	4	38	7.1448407e+02
1	0	4	39	7.6195459e+02
1	0	4	40	7.1865369e+02
1	0	4	41	7.1120056e+02
1	0	4	42	7.9390247e+02
1	0	4	43	8.5483459e+02
1	0	4	44	-8.9074786e+02
1	0	4	45	6.7966351e+02
1	0	4	46	7.9854150e+02
1	0	4	47	7.1106940e+02
1	0	4	48	7.5189673e+02
1	0	4	49	7.8603973e+02
1	0	4	50	7.6844525e+02
1	0	4	51	1.3630221e+03
1	0	4	52	1.4542704e+03
1	0	4	53	1.0899698e+03
1	0	4	54	9.8602380e+02
1	0	4	55	1.1836445e+03
1	0	4	56	1.2830956e+03
1	0	4	57	1.3115319e+03
1	0	4	58	1.1110104e+03
1	0	4	59	1.1489451e+03
1	0	4	60	1.0329349e+03
1	0	4	61	1.1001160e+03
1	0	4	62	9.8282544e+02
1	0	4	63	1.1029493e+03
1	0	5	0	2.1666760e+02
1	0	5	1	1.6730615e+02
1	0	5	2	1.3071472e+02
1	0	5	3	1.3802284e+02
1	0	5	4	3.2207024e+01
1	0	5	5	2.3217294e+02
1	0	5	6	1.7166823e+02
1	0	5	7	1.6720248e+02
1	0	5	8	2.5223470e+02
1	0	5	9	7.7894073e+01
1	0	5	10	1.8516805e+02
1	0	5	11	4.7919415e+01
1	0	5	12	5.6142403e+01
1	0	5	13	1.1002460e+02
1	0	5	14	-4.1918521e+00
1	0	5	15	2.4319736e+02
1	0	5	16	5.3122635e+01
1	0	5	17	1.3588715e+01
1	0	5	18	-1.4047052e+00
1	0	5	19	4.6180790e+01
1	0	5	20	-7.7797470e+01
1	0	5	21	4.5174488e+01
1	0	5	22	3.1500063e+01
1	0	5	23	8.9994003e+01
1	0	5	24	1.2429315e+02
1	0	5	25	-6.6646476e+00
1	0	5	26	-9.8494560e+01
1	0	5	27	-3.7952900e+01
1	0	5	28	-1.8413944e+01
1	0	5	29	-7.8207655e+00
1	0	5	30	-8.9837318e+01
1	0	5	31	-7.5588448e+01
1	0	5	32	2.6833712e+01
1	0	5	33	-1.2367937e+02
1	0	5	34	6.9002362e+02
1	0	5	35	6.9327759e+02
1	0	5	36	6.1464984e+02
1	0	5	37	6.0962335e+02
1	0	5	38	6.6138953e+02
1	0	5	39	6.5006799e+02
1	0	5	40	6.6936639e+02
1	0	5	41	6.1978125e+02
1	0	5	42	6.4943970e+02
1	0	5	43	5.4031647e+02
1	0	5	44	6.5613574e+02
1	0	5	45	5.6795557e+02
1	0	5	46	5.8300073e+02
1	0	5	47	6.5980817e+02
1	0	5	48	5.1691309e+02
1	0	5	49	5.7462793e+02
1	0	5	50	7.3883643e+02
1	0	5	51	1.1911140e+03
1	0	5	52	1.2382124e+03
1	0	5	53	9.7662836e+02
1	0	5	54	8.5592627e+02
1	0	5	55	8.9223267e+02
1	0	5	56	1.0390482e+03
1	0	5	57	1.0615026e+03
1	0	5	58	9.2216040e+02
1	0	5	59	8.6083185e+02
1	0	5	60	8.9892676e+02
1	0	5	61	7.3487720e+02
1	0	5	62	9.2648370e+02
1	0	5	63	9.5610248e+02
1	0	6	0	2.3527138e+02
1	0	6	1	2.4420589e+02
1	0	6	2	3.9014941e+02
1	0	6	3	2.1571823e+02
1	0	6	4	2.3020052e+02
1	0	6	5	1.9393355e+02
1	0	6	6	1.5006111e+02
1	0	6	7	2.2128076e+02
1	0	6	8	1.7254460e+02
1	0	6	9	3.4016321e+02
1	0	6	10	2.0088548e+02
1	0	6	11	3.1130603e+02
1	0	6	12	1.1602776e+02
1	0	6	13	1.9856017e+02
1	0	6	14	1.7763208e+02
1	0	6	15	2.6598450e+02
1	0	6	16	1.1674989e+02
1	0	6	17	8.2123039e+01
1	0	6	18	1.5143852e+02
1	0	6	19	6.3059437e+01
1	0	6	20	1.7550491e+02
1	0	6	21	1.2414030e+02
1	0	6	22	9.0008034e+01
1	0	6	23	1.3428023e+02
1	0	6	24	1.3077289e+02
1	0	6	25	1.4792569e+02
1	0	6	26	1.1871826e+02
1	0	6	27	1.3450539e+02
1	0	6	28	9.4178230e+01
1	0	6	29	1.2087175e+02
1	0	6	30	7.6745056e+01
1	0	6	31	3.1923676e+01
1	0	6	32	2.2137156e+01
1	0	6	33	6.8968369e+01
1	0	6	34	8.2243781e+02
1	0	6	35	8.8109503e+02
1	0	6	36	8.9865833e+02
1	0	6	37	8.5441113e+02
1	0	6	38	8.9943427e+02
1	0	6	39	8.5759814e+02
1	0	6	40	7.7563922e+02
1	0	6	41	8.2421289e+02
1	0	6	42	8.8955530e+02
1	0	6	43	9.4216296e+02
1	0	6	44	1.0107502e+03
1	0	6	45	8.4066431e+02
1	0	6	46	9.9705396e+02
1	0	6	47	8.3165912e+02
1	0	6	48	9.3831519e+02
1	0	6	49	8.8052728e+02
1	0	6	50	9.7957745e+02
1	0	6	51	1.4661420e+03
1	0	6	52	1.4634615e+03
1	0	6	53	1.0920240e+03
1	0	6	54	1.1083854e+03
1	0	6	55	1.2203229e+03
1	0	6	56	1.3473417e+03
1	0	6	57	1.3428113e+03
1	0	6	58	1.2138615e+03
1	0	6	59	1.1480612e+03
1	0	6	60	1.1082141e+03
1	0	6	61	9.4383423e+02
1	0	6	62	1.0378898e+03
1	0	6	63	1.0870100e+03
1	0	7	0	4.2505054e+02
1	0	7	1	3.2387265e+02
1	0	7	2	2.8818460e+02
1	0	7	3	3.7463095e+02
1	0	7	4	3.0983112e+02
1	0	7	5	4.0989221e+02
1	0	7	6	3.6148169e+02
1	0	7	7	4.5990613e+02
1	0	7	8	3.1057489e+02
1	0	7	9	3.1904529e+02
1	0	7	10	2.7922888e+02
1	0	7	11	3.2833862e+02
1	0	7	12	2.2845015e+02
1	0	7	13	3.0562372e+02
1	0	7	14	2.1143057e+02
1	0	7	15	2.5742859e+02
1	0	7	16	2.2769905e+02
1	0	7	17	2.1698665e+02
1	0	7	18	2.3077704e+02
1	0	7	19	2.5978735e+02
1	0	7	20	1.9102171e+02
1	0	7	21	1.8068416e+02
1	0	7	22	2.6638626e+02
1	0	7	23	2.4175764e+02
1	0	7	24	2.4738397e+02
1	0	7	25	1.5310847e+02
1	0	7	26	1.6661906e+02
1	0	7	27	1.8410995e+02
1	0	7	28	2.2798848e+02
1	0	7	29	1.2705503e+02
1	0	7	30	1.8108325e+02
1	0	7	31	1.5982549e+02
1	0	7	32	9.0600204e+01
1	0	7	33	1.6829089e+02
1	0	7	34	8.3531976e+02
1	0	7	35	8.0562982e+02
1	0	7	36	8.4575787e+02
1	0	7	37	-1.1193468e+04
1	0	7	38	9.1377313e+02
1	0	7	39	8.7382880e+02
1	0	7	40	8.4176062e+02
1	0	7	41	7.7701672e+02
1	0	7	42	8.5974847e+02
1	0	7	43	7.7345270e+02
1	0	7	44	8.7896826e+02
1	0	7	45	7.8852405e+02
1	0	7	46	7.2359827e+02
1	0	7	47	7.6978625e+02
1	0	7	48	7.5850220e+02
1	0	7	49	7.5626654e+02
1	0	7	50	7.5698114e+02
1	0	7	51	1.3466641e+03
1	0	7	52	1.3242692e+03
1	0	7	53	1.0483883e+03
1	0	7	54	1.0953070e+03
1	0	7	55	-1.1193468e+04
1	0	7	56	1.1972308e+03
1	0	7	57	1.2399990e+03
1	0	7	58	1.1707493e+03
1	0	7	59	1.1093376e+03
1	0	7	60	1.2051960e+03
1	0	7	61	1.1011005e+03
1	0	7	62	1.1029478e+03
1	0	7	63	1.0894657e+03
1	0	8	0	3.7569421e+02
1	0	8	1	4.1393930e+02
1	0	8	2	2.9469559e+02
1	0	8	3	2.3188855e+02
1	0	8	4	2.6085687e+02
1	0	8	5	2.6827048e+02
1	0	8	6	2.2962433e+02
1	0	8	7	2.3588496e+02
1	0	8	8	2.2367856e+02
1	0	8	9	3.3887650e+02
1	0	8	10	9.0790955e+01
1	0	8	11	4.8348694e+02
1	0	8	12	2.9537427e+02
1	0	8	13	2.7727316e+02
1	0	8	14	1.8582532e+02
1	0	8	15	1.8803723e+02
1	0	8	16	1.1718973e+02
1	0	8	17	1.4675728e+02
1	0	8	18	5.7233608e+01
1	0	8	19	9.8425232e+01
1	0	8	20	1.4056642e+02
1	0	8	21	6.8602623e+01
1	0	8	22	1.8773822e+02
1	0	8	23	3.5642007e+02
1	0	8	24	9.3622429e+01
1	0	8	25	1.0650017e+02
1	0	8	26	1.1748088e+02
1	0	8	27	1.0407808e+02
1	0	8	28	9.9247643e+01
1	0	8	29	3.9595028e+01
1	0	8	30	1.5083060e+02
1	0	8	31	2.5740677e+02
1	0	8	32	7.7385490e+01
1	0	8	33	9.9892342e+01
1	0	8	34	7.3598541e+02
1	0	8	35	8.4951941e+02
1	0	8	36	8.1345428e+02
1	0	8	37	9.8220789e+02
1	0	8	38	8.8663757e+02
1	0	8	39	8.8478424e+02
1	0	8	40	8.9605823e+02
1	0	8	41	8.1909778e+02
1	0	8	42	8.8497430e+02
1	0	8	43	8.3716559e+02
1	0	8	44	9.4208325e+02
1	0	8	45	8.8527698e+02
1	0	8	46	8.5697498e+02
1	0	8	47	8.7440930e+02
1	0	8	48	1.0673444e+03
1	0	8	49	8.6926349e+02
1	0	8	50	-2.9913480e+02
1	0	8	51	1.6706957e+03
1	0	8	52	1.5813556e+03
1	0	8	53	1.0385604e+03
1	0	8	54	1.0738613e+03
1	0	8	55	1.2390018e+03
1	0	8	56	1.3848871e+03
1	0	8	57	1.3837959e+03
1	0	8	58	1.2085806e+03
1	0	8	59	1.1147545e+03
1	0	8	60	1.2496931e+03
1	0	8	61	1.2451841e+03
1	0	8	62	1.1985653e+03
1	0	8	63	1.1820828e+03
1	0	9	0	5.4317810e+02
1	0	9	1	3.6534818e+02
1	0	9	2	4.4932797e+02
1	0	9	3	4.5910806e+02
1	0	9	4	3.2542770e+02
1	0	9	5	6.5001782e+02
1	0	9	6	3.9661517e+02
1	0	9	7	4.2049683e+02
1	0	9	8	5.4372540e+02
1	0	9	9	3.3353302e+02
1	0	9	10	4.8181387e+02
1	0	9	11	3.1331693e+02
1	0	9	12	3.1357492e+02
1	0	9	13	4.4258432e+02
1	0	9	14	2.9137711e+02
1	0	9	15	3.9608890e+02
1	0	9	16	3.3193979e+02
1	0	9	17	2.9479062e+02
1	0	9	18	2.7543878e+02
1	0	9	19	2.7294507e+02
1	0	9	20	2.6539371e+02
1	0	9	21	2.2613155e+02
1	0	9	22	3.7947336e+02
1	0	9	23	3.4751517e+02
1	0	9	24	1.8745241e+02
1	0	9	25	3.6394879e+02
1	0	9	26	1.7287224e+02
1	0	9	27	2.4965746e+02
1	0	9	28	1.7523976e+02
1	0	9	29	1.7057779e+02
1	0	9	30	2.1726947e+02
1	0	9	31	1.2603927e+02
1	0	9	32	1.8521204e+02
1	0	9	33	1.7480316e+02
1	0	9	34	9.7146887e+02
1	0	9	35	8.8472455e+02
1	0	9	36	1.0058151e+03
1	0	9	37	9.4540887e+02
1	0	9	38	1.0554744e+03
1	0	9	39	8.5788385e+02
1	0	9	40	1.0180313e+03
1	0	9	41	8.7698730e+02
1	0	9	42	9.5157849e+02
1	0	9	43	9.8132959e+02
1	0	9	44	9.4007135e+02
1	0	9	45	8.5516388e+02
1	0	9	46	9.7693030e+02
1	0	9	47	9.0697101e+02
1	0	9	48	9.0293774e+02
1	0	9	49	8.1112750e+02
1	0	9	50	1.0141451e+03
1	0	9	51	1.3708160e+03
1	0	9	52	1.5693217e+03
1	0	9	53	1.0992430e+03
1	0	9	54	1.1507115e+03
1	0	9	55	1.0806919e+03
1	0	9	56	1.2742887e+03
1	0	9	57	1.3005397e+03
1	0	9	58	1.2511649e+03
1	0	9	59	1.1293745e+03
1	0	9	60	1.0856821e+03
1	0	9	61	1.0594510e+03
1	0	9	62	1.1757272e+03
1	0	9	63	1.3073469e+03
1	0	10	0	1.6764238e+02
1	0	10	1	6.0897537e+01
1	0	10	2	2.3745805e+02
1	0	10	3	1.8375351e+02
1	0	10	4	1.4782965e+02
1	0	10	5	1.5521332e+02
1	0	10	6	1.9514745e+02
1	0	10	7	1.6810030e+02
1	0	10	8	-2.1716682e+02
1	0	10	9	2.2079308e+02
1	0	10	10	3.6905281e+01
1	0	10	11	2.5930392e+02
1	0	10	12	1.2756961e+02
1	0	10	13	1.7831931e+02
1	0	10	14	6.4777473e+01
1	0	10	15	2.2130002e+02
1	0	10	16	-6.5159813e+01
1	0	10	17	-6.4022530e+01
1	0	10	18	3.4875298e+01
1	0	10	19	3.0566219e+01
1	0	10	20	4.0416183e+01
1	0	10	21	3.9136917e+01
1	0	10	22	3.0258541e+01
1	0	10	23	-1.1393886e+01
1	0	10	24	5.0005947e+01
1	0	10	25	-6.5166402e+00
1	0	10	26	3.8931484e+01
1	0	10	27	1.1328259e+02
1	0	10	28	9.0037506e+01
1	0	10	29	5.0866924e+01
1	0	10	30	3.6781765e+01
1	0	10	31	4.0354099e+01
1	0	10	32	1.8337801e+01
1	0	10	33	-5.7109882e+01
1	0	10	34	6.9494373e+02
1	0	10	35	7.6234930e+02
1	0	10	36	7.7556689e+02
1	0	10	37	8.1003754e+02
1	0	10	38	7.6484015e+02
1	0	10	39	7.2943402e+02
1	0	10	40	7.3180908e+02
1	0	10	41	7.4837915e+02
1	0	10	42	8.8535773e+02
1	0	10	43	8.6209314e+02
1	0	10	44	9.4986725e+02
1	0	10	45	7.7920050e+02
1	0	10	46	7.8961829e+02
1	0	10	47	7.8845929e+02
1	0	10	48	7.9954260e+02
1	0	10	49	8.4427039e+02
1	0	10	50	7.7197076e+02
1	0	10	51	1.4535933e+03
1	0	10	52	1.4799424e+03
1	0	10	53	7.7663306e+02
1	0	10	54	-4.2145957e+03
1	0	10	55	1.1578542e+03
1	0	10	56	1.2865883e+03
1	0	10	57	1.1951957e+03
1	0	10	58	1.1250903e+03
1	0	10	59	9.9426025e+02
1	0	10	60	1.1339490e+03
1	0	10	61	1.0168882e+03
1	0	10	62	1.0011964e+03
1	0	10	63	1.1134404e+03
1	0	11	0	3.3886807e+02
1	0	11	1	3.0775623e+02
1	0	11	2	2.0782384e+02
1	0	11	3	3.0116290e+02
1	0	11	4	2.1839537e+02
1	0	11	5	2.8456503e+02
1	0	11	6	2.3081238e+02
1	0	11	7	3.4346564e+02
1	0	11	8	2.8725296e+02
1	0	11	9	2.9925269e+02
1	0	11	10	2.9391385e+02
1	0	11	11	2.1967776e+02
1	0	11	12	1.4418933e+02
1	0	11	13	3.2359729e+02
1	0	11	14	1.3791414e+02
1	0	11	15	2.8631662e+02
1	0	11	16	1.5689267e+02
1	0	11	17	2.1976170e+02
1	0	11	18	1.9799857e+02
1	0	11	19	1.9329509e+02
1	0	11	20	1.7157170e+02
1	0	11	21	1.5658522e+02
1	0	11	22	2.1183583e+02
1	0	11	23	2.1592116e+02
1	0	11	24	7.4971329e+01
1	0	11	25	1.7380057e+02
1	0	11	26	9.2816971e+01
1	0	11	27	1.3560274e+02
1	0	11	28	1.9266257e+02
1	0	11	29	7.6547928e+01
1	0	11	30	1.1348616e+02
1	0	11	31	1.1770993e+02
1	0	11	32	1.2794141e+02
1	0	11	33	8.4559097e+01
1	0	11	34	7.7391296e+02
1	0	11	35	7.7427948e+02
1	0	11	36	8.0747211e+02
1	0	11	37	8.4782953e+02
1	0	11	38	8.5095361e+02
1	0	11	39	8.1610376e+02
1	0	11	40	-6.1411880e+03
1	0	11	41	7.7526697e+02
1	0	11	42	8.1483899e+02
1	0	11	43	8.1512244e+02
1	0	11	44	7.9935779e+02
1	0	11	45	8.1666864e+02
1	0	11	46	8.6479565e+02
1	0	11	47	7.3795844e+02
1	0	11	48	7.5731689e+02
1	0	11	49	7.7468060e+02
1	0	11	50	9.4307306e+02
1	0	11	51	1.3282139e+03
1	0	11	52	1.3819408e+03
1	0	11	53	9.8875720e+02
1	0	11	54	1.0801362e+03
1	0	11	55	1.0454058e+03
1	0	11	56	1.1461235e+03
1	0	11	57	1.2007032e+03
1	0	11	58	1.0949432e+03
1	0	11	59	1.1111729e+03
1	0	11	60	9.8440009e+02
1	0	11	61	1.0121470e+03
1	0	11	62	1.0295695e+03
1	0	11	63	1.0306736e+03
1	0	12	0	6.3937183e+01
1	0	12	1	-5.9637470e+01
1	0	12	2	-2.1988213e+01
1	0	12	3	-1.4938791e+02
1	0	12	4	-1.1193468e+04
1	0	12	5	-6.5966682e+01
1	0	12	6	-1.1193468e+04
1	0	12	7	2.6628561e+01
1	0	12	8	-1.0814843e+02
1	0	12	9	2.7714493e-02
1	0	12	10	-2.4270439e+02
1	0	12	11	-4.9375900e+01
1	0	12	12	-1.3630383e+02
1	0	12	13	-6.0567936e+01
1	0	12	14	-1.2862634e+02
1	0	12	15	-1.2279794e+02
1	0	12	16	-2.1227763e+02
1	0	12	17	-2.0098306e+02
1	0	12	18	-2.2571266e+02
1	0	12	19	-2.6716702e+02
1	0	12	20	-2.2780209e+02
1	0	12	21	-2.1302351e+02
1	0	12	22	-2.2706227e+02
1	0	12	23	-1.6440718e+02
1	0	12	24	-1.3372121e+02
1	0	12	25	-1.6527367e+02
1	0	12	26	-1.8571216e+02
1	0	12	27	-1.1193468e+04
1	0	12	28	-9.5632172e+01
1	0	12	29	-2.3529730e+02
1	0	12	30	-1.6121606e+02
1	0	12	31	-1.1965327e+02
1	0	12	32	-2.4297801e+02
1	0	12	33	-7.4116699e+01
1	0	12	34	4.4413849e+02
1	0	12	35	5.6585822e+02
1	0	12	36	5.0286349e+02
1	0	12	37	5.6798828e+02
1	0	12	38	5.3531097e+02
1	0	12	39	6.1002936e+02
1	0	12	40	4.8866907e+02
1	0	12	41	5.1456995e+02
1	0	12	42	5.3284131e+02
1	0	12	43	6.1075061e+02
1	0	12	44	6.7911603e+02
1	0	12	45	5.2123358e+02
1	0	12	46	6.5235626e+02
1	0	12	47	5.5389484e+02
1	0	12	48	5.4779169e+02
1	0	12	49	5.4316919e+02
1	0	12	50	5.4116370e+02
1	0	12	51	1.2556394e+03
1	0	12	52	1.1771348e+03
1	0	12	53	8.2939789e+02
1	0	12	54	8.5848529e+02
1	0	12	55	9.1762750e+02
1	0	12	56	1.0146165e+03
1	0	12	57	9.1005292e+02
1	0	12	58	8.7993835e+02
1	0	12	59	7.8728021e+02
1	0	12	60	9.3592975e+02
1	0	12	61	8.8693219e+02
1	0	12	62	8.2408051e+02
1	0	12	63	9.7475751e+02
1	0	13	0	2.1835437e+02
1	0	13	1	1.0601503e+02
1	0	13	2	1.6767067e+01
1	0	13	3	1.4042065e+02
1	0	13	4	1.1214307e+02
1	0	13	5	1.7001593e+02
1	0	13	6	9.9987442e+01
1	0	13	7	1.2960570e+02
1	0	13	8	6.5793312e+01
1	0	13	9	3.9385410e+01
1	0	13	10	1.1895834e+02
1	0	13	11	-3.6028416e+01
1	0	13	12	1.9352064e+01
1	0	13	13	3.6913887e+01
1	0	13	14	2.6634205e+01
1	0	13	15	-1.8445175e+01
1	0	13	16	-3.4453262e+01
1	0	13	17	-8.2878693e+01
1	0	13	18	-1.8414764e+02
1	0	13	19	-1.0930616e+01
1	0	13	20	-1.0526758e+02
1	0	13	21	-1.3015309e+02
1	0	13	22	-9.4462357e+01
1	0	13	23	-1.8716288e+01
1	0	13	24	-6.5628510e+01
1	0	13	25	-4.7892159e+01
1	0	13	26	-1.2903587e+02
1	0	13	27	-1.0540350e+02
1	0	13	28	-1.3411497e+02
1	0	13	29	-1.1115212e+02
1	0	13	30	-8.1776993e+01
1	0	13	31	-1.3005583e+02
1	0	13	32	-1.6654042e+02
1	0	13	33	-2.0111050e+02
1	0	13	34	5.2734045e+02
1	0	13	35	5.1387628e+02
1	0	13	36	5.1524207e+02
1	0	13	37	5.0586191e+02
1	0	13	38	6.1827551e+02
1	0	13	39	5.5981561e+02
1	0	13	40	5.4352985e+02
1	0	13	41	4.5452823e+02
1	0	13	42	5.8508569e+02
1	0	13	43	4.5149097e+02
1	0	13	44	4.8601865e+02
1	0	13	45	4.6237421e+02
1	0	13	46	5.7771210e+02
1	0	13	47	5.9096399e+02
1	0	13	48	5.9780878e+02
1	0	13	49	4.9118304e+02
1	0	13	50	5.9329614e+02
1	0	13	51	1.1308823e+03
1	0	13	52	1.1773165e+03
1	0	13	53	8.4867999e+02
1	0	13	54	7.8879797e+02
1	0	13	55	7.9103906e+02
1	0	13	56	9.6829077e+02
1	0	13	57	9.6595947e+02
1	0	13	58	8.3734125e+02
1	0	13	59	7.6514789e+02
1	0	13	60	7.7079529e+02
1	0	13	61	8.2880975e+02
1	0	13	62	8.7134778e+02
1	0	13	63	7.3018152e+02
1	0	14	0	-2.5547914e+02
1	0	14	1	-2.2028760e+02
1	0	14	2	-1.5196437e+02
1	0	14	3	-2.5885391e+02
1	0	14	4	-2.5027911e+02
1	0	14	5	-2.3543332e+02
1	0	14	6	-2.3922205e+02
1	0	14	7	-2.4668022e+02
1	0	14	8	-2.6157889e+02
1	0	14	9	-1.4608493e+02
1	0	14	10	-3.2500702e+02
1	0	14	11	-2.0469209e+02
1	0	14	12	-3.4329349e+02
1	0	14	13	-3.1665170e+02
1	0	14	14	-3.6874725e+02
1	0	14	15	-2.8354190e+02
1	0	14	16	-4.7867569e+02
1	0	14	17	-4.8147131e+02
1	0	14	18	-4.3161041e+02
1	0	14	19	-4.3008987e+02
1	0	14	20	-4.6933295e+02
1	0	14	21	-4.1452637e+02
1	0	14	22	-4.2217450e+02
1	0	14	23	-3.6150504e+02
1	0	14	24	-4.6571109e+02
1	0	14	25	-3.4904370e+02
1	0	14	26	-5.3475110e+02
1	0	14	27	-3.4567017e+02
1	0	14	28	-3.7438812e+02
1	0	14	29	-4.2147580e+02
1	0	14	30	-3.9035217e+02
1	0	14	31	-3.9256070e+02
1	0	14	32	-4.3407901e+02
1	0	14	33	-4.3203082e+02
1	0	14	34	2.3848936e+02
1	0	14	35	2.8458026e+02
1	0	14	36	2.8356693e+02
1	0	14	37	3.8355661e+02
1	0	14	38	2.5767419e+02
1	0	14	39	4.4469809e+02
1	0	14	40	3.5801486e+02
1	0	14	41	2.9890179e+02
1	0	14	42	4.4106415e+02
1	0	14	43	4.2325259e+02
1	0	14	44	5.5068787e+02
1	0	14	45	4.2711963e+02
1	0	14	46	5.0445255e+02
1	0	14	47	3.9402383e+02
1	0	14	48	5.0268808e+02
1	0	14	49	4.5238228e+01
1	0	14	50	4.6146313e+02
1	0	14	51	1.0373531e+03
1	0	14	52	9.6574927e+02
1	0	14	53	6.9061145e+02
1	0	14	54	6.8443604e+02
1	0	14	55	7.6441266e+02
1	0	14	56	9.2726227e+02
1	0	14	57	8.3922510e+02
1	0	14	58	7.0462415e+02
1	0	14	59	7.1834656e+02
1	0	14	60	7.6651746e+02
1	0	14	61	4.6152548e+02
1	0	14	62	5.9794147e+02
1	0	14	63	6.7868176e+02
1	0	15	0	1.1249012e+02
1	0	15	1	8.5042633e+01
1	0	15	2	-4.8559505e+01
1	0	15	3	3.9976322e+01
1	0	15	4	-1.1804022e+02
1	0	15	5	5.6254883e+01
1	0	15	6	4.9716408e+01
1	0	15	7	1.8311880e+02
1	0	15	8	-1.7278288e+01
1	0	15	9	-5.2789471e+01
1	0	15	10	6.8495011e+00
1	0	15	11	7.6213422e+00
1	0	15	12	-2.0460831e+01
1	0	15	13	5.1020055e+00
1	0	15	14	-1.6221231e+01
1	0	15	15	4.2935062e+01
1	0	15	16	-9.7738548e+01
1	0	15	17	-4.2684307e+01
1	0	15	18	-9.9834419e+01
1	0	15	19	-8.2129852e+01
1	0	15	20	-1.5027498e+02
1	0	15	21	-4.1293522e+01
1	0	15	22	-5.3557266e+01
1	0	15	23	-5.7685604e+01
1	0	15	24	-4.5528751e+01
1	0	15	25	-8.4911499e+01
1	0	15	26	-1.4922119e+02
1	0	15	27	-2.1623305e+02
1	0	15	28	-8.2078812e+01
1	0	15	29	-1.0091777e+02
1	0	15	30	-1.5349631e+02
1	0	15	31	-2.1005551e+02
1	0	15	32	-2.2092116e+02
1	0	15	33	-2.6678149e+02
1	0	15	34	4.4790158e+02
1	0	15	35	3.8750519e+02
1	0	15	36	5.4287042e+02
1	0	15	37	4.4929013e+02
1	0	15	38	5.8831506e+02
1	0	15	39	5.0694882e+02
1	0	15	40	5.4904095e+02
1	0	15	41	4.2622885e+02
1	0	15	42	4.9577246e+02
1	0	15	43	4.1625565e+02
1	0	15	44	4.7604578e+02
1	0	15	45	4.0095285e+02
1	0	15	46	5.0516107e+02
1	0	15	47	4.5944467e+02
1	0	15	48	4.4866116e+02
1	0	15	49	4.1125742e+02
1	0	15	50	5.4023602e+02
1	0	15	51	1.0043664e+03
1	0	15	52	1.0520137e+03
1	0	15	53	6.8621887e+02
1	0	15	54	7.6018073e+02
1	0	15	55	7.1650031e+02
1	0	15	56	8.4643628e+02
1	0	15	57	8.5023773e+02
1	0	15	58	8.2825323e+02
1	0	15	59	6.8363800e+02
1	0	15	60	6.5517596e+02
1	0	15	61	6.6752478e+02
1	0	15	62	7.2543628e+02
1	0	15	63	7.4932751e+02
1	1	0	0	-3.6378992e+02
1	1	0	1	-5.3775238e+02
1	1	0	2	-4.7161127e+02
1	1	0	3	-4.6293494e+02
1	1	0	4	-6.4839178e+02
1	1	0	5	-5.0862967e+02
1	1	0	6	-6.2765930e+02
1	1	0	7	-4.2655417e+02
1	1	0	8	-4.7303320e+02
1	1	0	9	-5.3941394e+02
1	1	0	10	-5.9212726e+02
1	1	0	11	-6.2739465e+02
1	1	0	12	-5.3374445e+02
1	1	0	13	-5.4939166e+02
1	1	0	14	-4.9236478e+02
1	1	0	15	-5.5268799e+02
1	1	0	16	-6.6076868e+02
1	1	0	17	-7.7035223e+02
1	1	0	18	-6.0326575e+02
1	1	0	19	-6.6268823e+02
1	1	0	20	-6.3379779e+02
1	1	0	21	-6.6366187e+02
1	1	0	22	-6.6737402e+02
1	1	0	23	-6.7676306e+02
1	1	0	24	-7.4170923e+02
1	1	0	25	-6.5711639e+02
1	1	0	26	-7.5876202e+02
1	1	0	27	-8.8123492e+02
1	1	0	28	-7.2175592e+02
1	1	0	29	-7.9423712e+02
1	1	0	30	-7.4031293e+02
1	1	0	31	-7.3717780e+02
1	1	0	32	-8.3775452e+02
1	1	0	33	-8.6736072e+02
1	1	0	34	-1.1638642e+02
1	1	0	35	-1.3942693e+02
1	1	0	36	-9.0100258e+01
1	1	0	37	-1.3156378e+02
1	1	0	38	-5.6629417e+01
1	1	0	39	-1.0059280e+02
1	1	0	40	-1.1858781e+02
1	1	0	41	-1.4303386e+02
1	1	0	42	-8.6227814e+01
1	1	0	43	-6.4053612e+01
1	1	0	44	-1.1860018e+02
1	1	0	45	-9.5451385e+01
1	1	0	46	-2.1178687e+02
1	1	0	47	-1.6221939e+02
1	1	0	48	-1.7974728e+02
1	1	0	49	-2.2019312e+02
1	1	0	50	-1.2223299e+02
1	1	0	51	4.4031763e+02
1	1	0	52	4.2258795e+02
1	1	0	53	6.2524139e+01
1	1	0	54	2.0162008e+01
1	1	0	55	4.4415295e+01
1	1	0	56	2.3150467e+02
1	1	0	57	2.9244180e+02
1	1	0	58	2.0849626e+02
1	1	0	59	8.8688004e+01
1	1	0	60	1.1872802e+02
1	1	0	61	1.3892851e+02
1	1	0	62	1.6251865e+02
1	1	0	63	1.1971257e+02
1	1	1	0	-6.7945953e+02
1	1	1	1	-7.3565814e+02
1	1	1	2	-5.6300262e+02
1	1	1	3	-7.2736292e+02
1	1	1	4	-6.2535278e+02
1	1	1	5	-6.4146973e+02
1	1	1	6	-6.0657678e+02
1	1	1	7	-6.8930847e+02
1	1	1	8	-6.8647522e+02
1	1	1	9	-5.4864771e+02
1	1	1	10	-7.1655255e+02
1	1	1	11	-5.9188257e+02
1	1	1	12	-7.0370477e+02
1	1	1	13	-6.7731738e+02
1	1	1	14	-7.0835437e+02
1	1	1	15	-6.4232806e+02
1	1	1	16	-9.0416669e+02
1	1	1	17	-7.7002704e+02
1	1	1	18	-7.1828400e+02
1	1	1	19	-7.8840674e+02
1	1	1	20	-8.3414240e+02
1	1	1	21	-7.5683307e+02
1	1	1	22	-7.1437134e+02
1	1	1	23	-8.1394598e+02
1	1	1	24	-8.5852753e+02
1	1	1	25	-6.8781378e+02
1	1	1	26	-7.7318744e+02
1	1	1	27	-7.3188336e+02
1	1	1	28	-7.5805072e+02
1	1	1	29	-7.9166443e+02
1	1	1	30	-7.0879999e+02
1	1	1	31	-8.4694751e+02
1	1	1	32	-7.8756610e+02
1	1	1	33	-7.3016766e+02
1	1	1	34	-2.0768368e+01
1	1	1	35	-4.4977150e+01
1	1	1	36	4.9817383e+01
1	1	1	37	1.4922882e+02
1	1	1	38	3.3883527e-01
1	1	1	39	5.7356533e+01
1	1	1	40	1.9913728e+02
1	1	1	41	6.0729820e+01
1	1	1	42	1.2460652e+02
1	1	1	43	6.4466271e+00
1	1	1	44	1.8864276e+02
1	1	1	45	5.2946827e+01
1	1	1	46	7.7988747e+01
1	1	1	47	9.7142723e+01
1	1	1	48	2.0152112e+02
1	1	1	49	1.0503815e+02
1	1	1	50	1.4252959e+02
1	1	1	51	7.1408008e+02
1	1	1	52	7.9585632e+02
1	1	1	53	4.2406274e+02
1	1	1	54	4.3406076e+02
1	1	1	55	3.4564212e+02
1	1	1	56	6.1905701e+02
1	1	1	57	5.4199316e+02
1	1	1	58	3.7796997e+02
1	1	1	59	3.7479865e+02
1	1	1	60	5.1680963e+02
1	1	1	61	3.2177811e+02
1	1	1	62	2.0286206e+02
1	1	1	63	4.2970145e+02
1	1	2	0	-1.0149343e+03
1	1	2	1	-1.1479214e+03
1	1	2	2	-1.0747312e+03
1	1	2	3	-1.0743674e+03
1	1	2	4	-1.3563153e+03
1	1	2	5	-1.2203203e+03
1	1	2	6	-1.3371145e+03
1	1	2	7	-1.0341777e+03
1	1	2	8	-1.0858330e+03
1	1	2	9	-1.2188829e+03
1	1	2	10	-1.2773120e+03
1	1	2	11	-1.3619596e+03
1	1	2	12	-1.2408658e+03
1	1	2	13	-1.2755352e+03
1	1	2	14	-1.0939584e+03
1	1	2	15	-1.0064413e+03
1	1	2	16	-1.2251821e+03
1	1	2	17	-1.4039950e+03
1	1	2	18	-1.1647632e+03
1	1	2	19	-1.3228444e+03
1	1	2	20	-1.2202201e+03
1	1	2	21	-1.2013593e+03
1	1	2	22	-1.2842456e+03
1	1	2	23	-1.2947458e+03
1	1	2	24	-1.3323860e+03
1	1	2	25	-1.4347758e+03
1	1	2	26	-1.4181572e+03
1	1	2	27	-1.5686088e+03
1	1	2	28	-1.3920496e+03
1	1	2	29	-1.5661665e+03
1	1	2	30	-1.4534073e+03
1	1	2	31	-1.5355684e+03
1	1	2	32	-1.5133669e+03
1	1	2	33	-1.4973341e+03
1	1	2	34	-9.3620380e+02
1	1	2	35	-9.2266711e+02
1	1	2	36	-8.8775775e+02
1	1	2	37	-1.0270061e+03
1	1	2	38	-8.3750537e+02
1	1	2	39	-1.0200814e+03
1	1	2	40	-8.8222412e+02
1	1	2	41	-1.0442638e+03
1	1	2	42	-1.1129242e+03
1	1	2	43	-1.0785991e+03
1	1	2	44	-1.2927051e+03
1	1	2	45	-1.1139839e+03
1	1	2	46	-1.3174175e+03
1	1	2	47	-1.1473138e+03
1	1	2	48	-1.3685912e+03
1	1	2	49	-1.4084285e+03
1	1	2	50	-9.0914893e+02
1	1	2	51	-5.2994910e+02
1	1	2	52	-5.5997095e+02
1	1	2	53	-9.1137024e+02
1	1	2	54	-9.0284766e+02
1	1	2	55	-1.1076871e+03
1	1	2	56	-9.1508527e+02
1	1	2	57	-5.7823120e+02
1	1	2	58	-4.9811652e+02
1	1	2	59	-7.8098468e+02
1	1	2	60	-1.1429897e+03
1	1	2	61	-7.7668567e+02
1	1	2	62	-7.2416034e+02
1	1	2	63	-1.1072117e+03
1	1	3	0	-1.6257325e+03
1	1	3	1	-1.4608053e+03
1	1	3	2	-1.1473920e+03
1	1	3	3	-1.3800933e+03
1	1	3	4	-1.2371001e+03
1	1	3	5	-1.5838921e+03
1	1	3	6	-1.2694979e+03
1	1	3	7	-1.6569327e+03
1	1	3	8	-1.4522592e+03
1	1	3	9	-1.0556027e+03
1	1	3	10	-1.6179017e+03
1	1	3	11	-1.0782749e+03
1	1	3	12	-1.3279132e+03
1	1	3	13	-1.2812249e+03
1	1	3	14	-1.3673350e+03
1	1	3	15	-1.4320149e+03
1	1	3	16	-1.5766664e+03
1	1	3	17	-1.7097411e+03
1	1	3	18	-1.7294590e+03
1	1	3	19	-1.6894482e+03
1	1	3	20	-1.5217726e+03
1	1	3	21	-1.4466593e+03
1	1	3	22	-1.4664823e+03
1	1	3	23	-1.4296530e+03
1	1	3	24	-1.3934006e+03
1	1	3	25	-1.3038052e+03
1	1	3	26	-1.3368334e+03
1	1	3	27	-1.2109413e+03
1	1	3	28	-1.2896018e+03
1	1	3	29	-1.2796262e+03
1	1	3	30	-1.2888191e+03
1	1	3	31	-1.3812286e+03
1	1	3	32	-1.2732112e+03
1	1	3	33	-1.1991766e+03
1	1	3	34	-4.8641098e+02
1	1	3	35	-5.6040869e+02
1	1	3	36	-4.7468344e+02
1	1	3	37	-3.8878326e+02
1	1	3	38	-5.4714313e+02
1	1	3	39	-4.7226343e+02
1	1	3	40	-2.3567659e+02
1	1	3	41	-3.6853757e+02
1	1	3	42	-2.5791943e+02
1	1	3	43	-3.9395340e+02
1	1	3	44	-1.6292357e+02
1	1	3	45	-3.4600778e+02
1	1	3	46	-2.3933820e+02
1	1	3	47	-3.1331259e+02
1	1	3	48	-1.6966808e+02
1	1	3	49	-2.7713107e+02
1	1	3	50	-4.0044339e+02
1	1	3	51	1.9310742e+02
1	1	3	52	2.7639902e+02
1	1	3	53	-1.0268040e+02
1	1	3	54	-8.0572777e+01
1	1	3	55	6.0277798e+01
1	1	3	56	1.9896588e+02
1	1	3	57	6.5863579e+01
1	1	3	58	-1.5761057e+02
1	1	3	59	-5.2104671e+01
1	1	3	60	6.0261845e+01
1	1	3	61	-1.6078726e+02
1	1	3	62	-2.4859938e+02
1	1	3	63	1.0957330e+02
1	1	4	0	-1.9724564e+03
1	1	4	1	-1.8448641e+03
1	1	4	2	-1.6088167e+03
1	1	4	3	-2.0506348e+03
1	1	4	4	-1.5020664e+03
1	1	4	5	-1.6173347e+03
1	1	4	6	-1.4141005e+03
1	1	4	7	-2.0304327e+03
1	1	4	8	-1.8646716e+03
1	1	4	9	-1.4548818e+03
1	1	4	10	-1.8810880e+03
1	1	4	11	-1.3795453e+03
1	1	4	12	-1.6498455e+03
1	1	4	13	-1.6461797e+03
1	1	4	14	-2.1072056e+03
1	1	4	15	-1.8555009e+03
1	1	4	16	-2.2525237e+03
1	1	4	17	-2.0371597e+03
1	1	4	18	-2.1901101e+03
1	1	4	19	-1.9619952e+03
1	1	4	20	-2.1917319e+03
1	1	4	21	-2.2963784e+03
1	1	4	22	-1.9013948e+03
1	1	4	23	-1.9103345e+03
1	1	4	24	-1.7351433e+03
1	1	4	25	-1.7096445e+03
1	1	4	26	-1.7133562e+03
1	1	4	27	-1.4202693e+03
1	1	4	28	-1.6828861e+03
1	1	4	29	-1.5617656e+03
1	1	4	30	-1.5834548e+03
1	1	4	31	-1.5897130e+03
1	1	4	32	-1.5605177e+03
1	1	4	33	-1.4735793e+03
1	1	4	34	-8.8115424e+02
1	1	4	35	-8.1231519e+02
1	1	4	36	-8.3765625e+02
1	1	4	37	-7.0953967e+02
1	1	4	38	-8.7953900e+02
1	1	4	39	-7.4189709e+02
1	1	4	40	-7.3289807e+02
1	1	4	41	-7.1120789e+02
1	1	4	42	-5.9500323e+02
1	1	4	43	-5.9268787e+02
1	1	4	44	-4.5832324e+02
1	1	4	45	-6.0841901e+02
1	1	4	46	-5.3310626e+02
1	1	4	47	-5.5201697e+02
1	1	4	48	-4.8302939e+02
1	1	4	49	-5.1097647e+02
1	1	4	50	-5.7533331e+02
1	1	4	51	4.2981905e-01
1	1	4	52	1.1684325e+01
1	1	4	53	-3.3141473e+02
1	1	4	54	-3.9094913e+02
1	1	4	55	-2.4121628e+02
1	1	4	56	-1.9696636e+01
1	1	4	57	-2.5780972e+02
1	1	4	58	-4.8850952e+02
1	1	4	59	-4.4070355e+02
1	1	4	60	-2.2100578e+02
1	1	4	61	-4.4727191e+02
1	1	4	62	-5.7561829e+02
1	1	4	63	-2.4824109e+02
1	1	5	0	-7.6585876e+02
1	1	5	1	-9.4562769e+02
1	1	5	2	-1.2000127e+03
1	1	5	3	-9.3613312e+02
1	1	5	4	-1.2335753e+03
1	1	5	5	-8.6741156e+02
1	1	5	6	-9.8609167e+02
1	1	5	7	-7.7493127e+02
1	1	5	8	-8.9254889e+02
1	1	5	9	-1.2843613e+03
1	1	5	10	-8.5307098e+02
1	1	5	11	-1.2692903e+03
1	1	5	12	-1.0764152e+03
1	1	5	13	-1.0815419e+03
1	1	5	14	-1.1512599e+03
1	1	5	15	-1.0056973e+03
1	1	5	16	-1.0245487e+03
1	1	5	17	-9.2385620e+02
1	1	5	18	-1.0104624e+03
1	1	5	19	-9.7352917e+02
1	1	5	20	-1.1577498e+03
1	1	5	21	-1.1138271e+03
1	1	5	22	-1.0718103e+03
1	1	5	23	-1.0949615e+03
1	1	5	24	-1.1825986e+03
1	1	5	25	-1.1483417e+03
1	1	5	26	-1.1888380e+03
1	1	5	27	-1.2884891e+03
1	1	5	28	-1.1346852e+03
1	1	5	29	-1.3804240e+03
1	1	5	30	-1.2421803e+03
1	1	5	31	-1.2916429e+03
1	1	5	32	-1.3489019e+03
1	1	5	33	-1.4250822e+03
1	1	5	34	-7.5154480e+02
1	1	5	35	-7.4266693e+02
1	1	5	36	-6.7705750e+02
1	1	5	37	-8.6695282e+02
1	1	5	38	-5.9522943e+02
1	1	5	39	-9.3970062e+02
1	1	5	40	-1.1032788e+03
1	1	5	41	-9.6754688e+02
1	1	5	42	-1.0984456e+03
1	1	5	43	-8.9307043e+02
1	1	5	44	-1.3935635e+03
1	1	5	45	-1.1575355e+03
1	1	5	46	-1.4588717e+03
1	1	5	47	-1.0724353e+03
1	1	5	48	-1.4807804e+03
1	1	5	49	-1.4289348e+03
1	1	5	50	-8.4896484e+02
1	1	5	51	-6.0812323e+02
1	1	5	52	-5.4804205e+02
1	1	5	53	-8.1098352e+02
1	1	5	54	-8.4244666e+02
1	1	5	55	-1.1725637e+03
1	1	5	56	-1.0716669e+03
1	1	5	57	-5.1180334e+02
1	1	5	58	-3.8282312e+02
1	1	5	59	-5.4550378e+02
1	1	5	60	-1.1192986e+03
1	1	5	61	-7.0602625e+02
1	1	5	62	-4.6171268e+02
1	1	5	63	-1.1280430e+03
1	1	6	0	-9.5410309e+02
1	1	6	1	-1.0050984e+03
1	1	6	2	-8.2012946e+02
1	1	6	3	-9.7132745e+02
1	1	6	4	-9.3962421e+02
1	1	6	5	-9.4234698e+02
1	1	6	6	-8.9212225e+02
1	1	6	7	-9.8384894e+02
1	1	6	8	-9.7988159e+02
1	1	6	9	-8.4833484e+02
1	1	6	10	-1.0209924e+03
1	1	6	11	-8.2767096e+02
1	1	6	12	-1.0177380e+03
1	1	6	13	-9.3820569e+02
1	1	6	14	-1.0168925e+03
1	1	6	15	-9.6091144e+02
1	1	6	16	-1.0898718e+03
1	1	6	17	-1.1354589e+03
1	1	6	18	-1.0910476e+03
1	1	6	19	-1.1071665e+03
1	1	6	20	-1.1142970e+03
1	1	6	21	-1.1361090e+03
1	1	6	22	-1.0868411e+03
1	1	6	23	-1.0259081e+03
1	1	6	24	-1.0943586e+03
1	1	6	25	-1.1090912e+03
1	1	6	26	-1.1428826e+03
1	1	6	27	-1.0073033e+03
1	1	6	28	-1.0721865e+03
1	1	6	29	-9.8431702e+02
1	1	6	30	-1.0072302e+03
1	1	6	31	-9.8611835e+02
1	1	6	32	-1.0733097e+03
1	1	6	33	-1.0216317e+03
1	1	6	34	-2.9494800e+02
1	1	6	35	-2.0305205e+02
1	1	6	36	-1.8769644e+02
1	1	6	37	-1.9716782e+02
1	1	6	38	-2.7485941e+02
1	1	6	39	-2.2959007e+02
1	1	6	40	-2.4790735e+02
1	1	6	41	-1.9909515e+02
1	1	6	42	-2.3976392e+02
1	1	6	43	-9.5444984e+01
1	1	6	44	-5.5764256e+01
1	1	6	45	-2.1631071e+02
1	1	6	46	-1.0289291e+02
1	1	6	47	-1.8764891e+02
1	1	6	48	-1.4612895e+02
1	1	6	49	-1.9223703e+02
1	1	6	50	-9.5981689e+01
1	1	6	51	3.9050275e+02
1	1	6	52	4.7428421e+02
1	1	6	53	2.9156467e+01
1	1	6	54	1.9116405e+01
1	1	6	55	1.7980241e+02
1	1	6	56	2.9465686e+02
1	1	6	57	1.9187172e+02
1	1	6	58	1.1432063e+02
1	1	6	59	6.0894238e+01
1	1	6	60	1.1485350e+02
1	1	6	61	-5.3132496e+00
1	1	6	62	5.0602123e+01
1	1	6	63	1.2255172e+02
1	1	7	0	-4.0399234e+02
1	1	7	1	-5.5451581e+02
1	1	7	2	-7.0807800e+02
1	1	7	3	-6.2697974e+02
1	1	7	4	-6.1855804e+02
1	1	7	5	-4.6292786e+02
1	1	7	6	-5.2280267e+02
1	1	7	7	-5.0811557e+02
1	1	7	8	-5.5217749e+02
1	1	7	9	-6.0794031e+02
1	1	7	10	-5.4418298e+02
1	1	7	11	-6.8212366e+02
1	1	7	12	-7.5174713e+02
1	1	7	13	-6.3795752e+02
1	1	7	14	-7.4397931e+02
1	1	7	15	-5.3900098e+02
1	1	7	16	-6.6338837e+02
1	1	7	17	-6.2569647e+02
1	1	7	18	-7.1304077e+02
1	1	7	19	-6.2364978e+02
1	1	7	20	-6.6492889e+02
1	1	7	21	-6.8087830e+02
1	1	7	22	-5.6651758e+02
1	1	7	23	-5.4363635e+02
1	1	7	24	-6.3134595e+02
1	1	7	25	-5.8517480e+02
1	1	7	26	-7.4385034e+02
1	1	7	27	-6.8455688e+02
1	1	7	28	-6.6565906e+02
1	1	7	29	-6.9214288e+02
1	1	7	30	-7.1948474e+02
1	1	7	31	-7.5800195e+02
1	1	7	32	-7.5619739e+02
1	1	7	33	-8.2405627e+02
1	1	7	34	-2.2767248e+01
1	1	7	35	-7.2273621e+01
1	1	7	36	-3.1645370e+01
1	1	7	37	-1.5051141e+02
1	1	7	38	3.8116653e+01
1	1	7	39	-6.0959846e+01
1	1	7	40	-9.4844589e+01
1	1	7	41	-1.3725273e+02
1	1	7	42	-1.1751646e+02
1	1	7	43	-1.3764001e+02
1	1	7	44	-1.3947221e+02
1	1	7	45	-1.3186734e+02
1	1	7	46	-1.6419022e+02
1	1	7	47	-9.1801804e+01
1	1	7	48	-1.5321988e+02
1	1	7	49	-1.6829895e+02
1	1	7	50	-7.3217728e+01
1	1	7	51	4.8697394e+02
1	1	7	52	4.3270938e+02
1	1	7	53	1.8876701e+02
1	1	7	54	8.3954269e+01
1	1	7	55	7.0854721e+01
1	1	7	56	3.0809351e+02
1	1	7	57	3.4919144e+02
1	1	7	58	2.1136411e+02
1	1	7	59	1.7052469e+02
1	1	7	60	6.4009453e+01
1	1	7	61	1.4174197e+02
1	1	7	62	2.7948093e+02
1	1	7	63	1.3644003e+02
1	1	8	0	-9.1726190e+02
1	1	8	1	-9.7477576e+02
1	1	8	2	-8.1818848e+02
1	1	8	3	-1.0240751e+03
1	1	8	4	-9.2324908e+02
1	1	8	5	-9.3928552e+02
1	1	8	6	-9.1124530e+02
1	1	8	7	-1.0115692e+03
1	1	8	8	-1.0823524e+03
1	1	8	9	-8.9248535e+02
1	1	8	10	-1.0826971e+03
1	1	8	11	-9.5223395e+02
1	1	8	12	-1.1068539e+03
1	1	8	13	-1.0271858e+03
1	1	8	14	-1.0831377e+03
1	1	8	15	-9.9858044e+02
1	1	8	16	-1.2711321e+03
1	1	8	17	-1.1664396e+03
1	1	8	18	-1.1574187e+03
1	1	8	19	-1.1697854e+03
1	1	8	20	-1.1475438e+03
1	1	8	21	-1.1580051e+03
1	1	8	22	-1.0671100e+03
1	1	8	23	-1.2240636e+03
1	1	8	24	-1.1884851e+03
1	1	8	25	-1.1385372e+03
1	1	8	26	-1.1525851e+03
1	1	8	27	-1.0322516e+03
1	1	8	28	-1.0708496e+03
1	1	8	29	-1.1573165e+03
1	1	8	30	-1.0872073e+03
1	1	8	31	-1.1360356e+03
1	1	8	32	-1.1891321e+03
1	1	8	33	-1.0534930e+03
1	1	8	34	-5.2114014e+02
1	1	8	35	-4.3364474e+02
1	1	8	36	-4.2105286e+02
1	1	8	37	-3.6311996e+02
1	1	8	38	-4.7679575e+02
1	1	8	39	-3.2187347e+02
1	1	8	40	-3.2518802e+02
1	1	8	41	-3.5681369e+02
1	1	8	42	-3.2252982e+02
1	1	8	43	-2.8825272e+02
1	1	8	44	-2.1435963e+02
1	1	8	45	-3.5159332e+02
1	1	8	46	-2.7683517e+02
1	1	8	47	-3.4887744e+02
1	1	8	48	-3.0784180e+02
1	1	8	49	-3.0243219e+02
1	1	8	50	-2.6560306e+02
1	1	8	51	3.1241068e+02
1	1	8	52	3.4535800e+02
1	1	8	53	-1.3403665e+01
1	1	8	54	-1.3171388e+02
1	1	8	55	3.3275764e+01
1	1	8	56	2.4130142e+02
1	1	8	57	4.6825653e+01
1	1	8	58	2.5854023e+01
1	1	8	59	-6.0236496e+01
1	1	8	60	1.0403467e+02
1	1	8	61	-2.3551039e+02
1	1	8	62	-1.7103044e+02
1	1	8	63	2.7827299e+01
1	1	9	0	-5.0020999e+02
1	1	9	1	-5.9368091e+02
1	1	9	2	-6.8388776e+02
1	1	9	3	-6.5667029e+02
1	1	9	4	-8.1364319e+02
1	1	9	5	-4.9553403e+02
1	1	9	6	-6.4322473e+02
1	1	9	7	-6.3267078e+02
1	1	9	8	-6.7488666e+02
1	1	9	9	-8.0998126e+02
1	1	9	10	-5.7599719e+02
1	1	9	11	-7.6185107e+02
1	1	9	12	-7.8999030e+02
1	1	9	13	-6.7932703e+02
1	1	9	14	-7.3771924e+02
1	1	9	15	-6.9595819e+02
1	1	9	16	-7.3936493e+02
1	1	9	17	-6.8857581e+02
1	1	9	18	-7.1713873e+02
1	1	9	19	-7.7947168e+02
1	1	9	20	-7.7557373e+02
1	1	9	21	-7.5453192e+02
1	1	9	22	-7.7379865e+02
1	1	9	23	-6.8716315e+02
1	1	9	24	-8.2604883e+02
1	1	9	25	-8.6881781e+02
1	1	9	26	-8.5355731e+02
1	1	9	27	-8.2672156e+02
1	1	9	28	-8.2424353e+02
1	1	9	29	-8.6655469e+02
1	1	9	30	-8.5699286e+02
1	1	9	31	-8.7524237e+02
1	1	9	32	-8.4166840e+02
1	1	9	33	-9.4172144e+02
1	1	9	34	-1.8788811e+02
1	1	9	35	-2.5792368e+02
1	1	9	36	-1.5762253e+02
1	1	9	37	-2.2320334e+02
1	1	9	38	-1.5074611e+02
1	1	9	39	-2.0488591e+02
1	1	9	40	-1.7523097e+02
1	1	9	41	-2.4995784e+02
1	1	9	42	-1.8982440e+02
1	1	9	43	-2.2427762e+02
1	1	9	44	-2.2248630e+02
1	1	9	45	-3.7636145e+02
1	1	9	46	-3.3061581e+02
1	1	9	47	-2.5798920e+02
1	1	9	48	-7.2045392e+02
1	1	9	49	2.2093338e+02
1	1	9	50	-8.1619064e+01
1	1	9	51	3.5356137e+02
1	1	9	52	3.3252643e+02
1	1	9	53	3.3517702e+00
1	1	9	54	3.5842358e+01
1	1	9	55	-2.8787619e+01
1	1	9	56	7.9574646e+01
1	1	9	57	2.0015250e+02
1	1	9	58	7.4043556e+01
1	1	9	59	6.7975548e+01
1	1	9	60	-2.4722920e+03
1	1	9	61	5.5109474e+01
1	1	9	62	1.2493984e+02
1	1	9	63	9.3375275e+01
1	1	10	0	-2.0599468e+03
1	1	10	1	-1.7180883e+03
1	1	10	2	-1.3960553e+03
1	1	10	3	-1.9948395e+03
1	1	10	4	-1.3182194e+03
1	1	10	5	-1.5176232e+03
1	1	10	6	-1.3434565e+03
1	1	10	7	-2.0155056e+03
1	1	10	8	-1.8283715e+03
1	1	10	9	-1.2619854e+03
1	1	10	10	-1.7673857e+03
1	1	10	11	-1.2391462e+03
1	1	10	12	-1.5773883e+03
1	1	10	13	-1.5880844e+03
1	1	10	14	-2.0956362e+03
1	1	10	15	-1.8295001e+03
1	1	10	16	-2.2274326e+03
1	1	10	17	-1.8995809e+03
1	1	10	18	-2.1853293e+03
1	1	10	19	-1.8985273e+03
1	1	10	20	-2.1289229e+03
1	1	10	21	-2.1644702e+03
1	1	10	22	-1.8368730e+03
1	1	10	23	-1.7894001e+03
1	1	10	24	-1.6272153e+03
1	1	10	25	-1.5871528e+03
1	1	10	26	-1.6512770e+03
1	1	10	27	-1.3382196e+03
1	1	10	28	-1.6754506e+03
1	1	10	29	-1.5204944e+03
1	1	10	30	-1.5058853e+03
1	1	10	31	-1.4869818e+03
1	1	10	32	-1.5064915e+03
1	1	10	33	-1.4247069e+03
1	1	10	34	-7.2610950e+02
1	1	10	35	-6.5043604e+02
1	1	10	36	-6.9071631e+02
1	1	10	37	-6.5326440e+02
1	1	10	38	-7.1287408e+02
1	1	10	39	-5.7470776e+02
1	1	10	40	-5.2703131e+02
1	1	10	41	-6.4538989e+02
1	1	10	42	-4.8183377e+02
1	1	10	43	-4.3793176e+02
1	1	10	44	-3.2441739e+02
1	1	10	45	-4.8688361e+02
1	1	10	46	-3.6584225e+02
1	1	10	47	-4.6859921e+02
1	1	10	48	-3.1299661e+02
1	1	10	49	-3.5253073e+02
1	1	10	50	-5.1543036e+02
1	1	10	51	1.5947823e+02
1	1	10	52	1.7471658e+02
1	1	10	53	-2.1357716e+02
1	1	10	54	-1.3373106e+02
1	1	10	55	-2.7847841e+01
1	1	10	56	6.5644707e+01
1	1	10	57	-7.7897049e+01
1	1	10	58	-2.8635724e+02
1	1	10	59	-2.6380594e+02
1	1	10	60	-6.5955673e+01
1	1	10	61	-3.8398083e+02
1	1	10	62	-3.9218195e+02
1	1	10	63	-7.2162033e+01
1	1	11	0	-7.0414813e+02
1	1	11	1	-7.6214526e+02
1	1	11	2	-1.0141419e+03
1	1	11	3	-8.0125995e+02
1	1	11	4	-1.1156818e+03
1	1	11	5	-7.2146869e+02
1	1	11	6	-9.0345105e+02
1	1	11	7	-7.0783203e+02
1	1	11	8	-8.3368146e+02
1	1	11	9	-1.1647273e+03
1	1	11	10	-6.7823535e+02
1	1	11	11	-1.1884879e+03
1	1	11	12	-9.2596375e+02
1	1	11	13	-8.5660852e+02
1	1	11	14	-1.0276604e+03
1	1	11	15	-8.3075476e+02
1	1	11	16	-9.4099188e+02
1	1	11	17	-8.2422064e+02
1	1	11	18	-9.1624194e+02
1	1	11	19	-8.1231500e+02
1	1	11	20	-8.7459344e+02
1	1	11	21	-9.6897815e+02
1	1	11	22	-9.3764911e+02
1	1	11	23	-8.8604865e+02
1	1	11	24	-1.0492982e+03
1	1	11	25	-1.0075016e+03
1	1	11	26	-1.0259901e+03
1	1	11	27	-1.1538062e+03
1	1	11	28	-1.0507079e+03
1	1	11	29	-1.1539888e+03
1	1	11	30	-1.1968026e+03
1	1	11	31	-1.0911025e+03
1	1	11	32	-1.1516029e+03
1	1	11	33	-1.4374412e+03
1	1	11	34	-6.3917261e+02
1	1	11	35	-6.5373926e+02
1	1	11	36	-5.6150049e+02
1	1	11	37	-6.9567590e+02
1	1	11	38	-3.7553580e+02
1	1	11	39	-7.1052374e+02
1	1	11	40	-8.6554584e+02
1	1	11	41	-7.3559375e+02
1	1	11	42	-8.3200391e+02
1	1	11	43	-6.9169916e+02
1	1	11	44	-1.1025378e+03
1	1	11	45	-9.8567212e+02
1	1	11	46	-1.2124122e+03
1	1	11	47	-1.0103515e+03
1	1	11	48	-1.3051240e+03
1	1	11	49	-1.2946454e+03
1	1	11	50	-6.6980554e+02
1	1	11	51	-3.8711288e+02
1	1	11	52	-3.1689493e+02
1	1	11	53	-6.6580548e+02
1	1	11	54	-7.1702161e+02
1	1	11	55	-1.0488696e+03
1	1	11	56	-8.0265717e+02
1	1	11	57	-2.5423921e+02
1	1	11	58	-1.2041060e+02
1	1	11	59	-5.0490594e+02
1	1	11	60	-9.9283710e+02
1	1	11	61	-5.5098492e+02
1	1	11	62	-3.1587610e+02
1	1	11	63	-9.2508942e+02
1	1	12	0	-1.0157629e+03
1	1	12	1	-1.1622633e+03
1	1	12	2	-1.1153611e+03
1	1	12	3	-9.6183551e+02
1	1	12	4	-1.3073741e+03
1	1	12	5	-1.1454092e+03
1	1	12	6	-1.2844105e+03
1	1	12	7	-1.0564271e+03
1	1	12	8	-1.1587766e+03
1	1	12	9	-1.3129648e+03
1	1	12	10	-1.1613655e+03
1	1	12	11	-1.2828799e+03
1	1	12	12	-1.3147366e+03
1	1	12	13	-1.2326483e+03
1	1	12	14	-1.1232899e+03
1	1	12	15	-1.0409469e+03
1	1	12	16	-1.2991659e+03
1	1	12	17	-1.3451416e+03
1	1	12	18	-1.2001310e+03
1	1	12	19	-1.3220933e+03
1	1	12	20	-1.0696791e+03
1	1	12	21	-1.2517970e+03
1	1	12	22	-1.2236741e+03
1	1	12	23	-1.3796678e+03
1	1	12	24	-1.4013496e+03
1	1	12	25	-1.3401270e+03
1	1	12	26	-1.4241169e+03
1	1	12	27	-1.6351736e+03
1	1	12	28	-1.3791312e+03
1	1	12	29	-1.5355099e+03
1	1	12	30	-1.4751075e+03
1	1	12	31	-1.4236509e+03
1	1	12	32	-1.5119652e+03
1	1	12	33	-1.6072673e+03
1	1	12	34	-9.5509406e+02
1	1	12	35	-8.9212958e+02
1	1	12	36	-8.5047986e+02
1	1	12	37	-1.1118414e+03
1	1	12	38	-8.7149707e+02
1	1	12	39	-9.3250098e+02
1	1	12	40	-9.7059766e+02
1	1	12	41	-1.1084193e+03
1	1	12	42	-1.1084236e+03
1	1	12	43	-1.1483116e+03
1	1	12	44	-3.2257510e+03
1	1	12	45	-1.1420698e+03
1	1	12	46	-1.3853672e+03
1	1	12	47	-1.1432200e+03
1	1	12	48	-1.4066864e+03
1	1	12	49	-1.3955137e+03
1	1	12	50	-9.7218524e+02
1	1	12	51	-3.6956940e+02
1	1	12	52	-4.6554990e+02
1	1	12	53	-9.5528973e+02
1	1	12	54	-8.8998663e+02
1	1	12	55	-9.9298785e+02
1	1	12	56	-9.5909937e+02
1	1	12	57	-5.5204340e+02
1	1	12	58	-4.4352966e+02
1	1	12	59	-7.1346124e+02
1	1	12	60	-1.0427675e+03
1	1	12	61	-7.5705463e+02
1	1	12	62	-6.1314764e+02
1	1	12	63	-8.4316052e+02
1	1	13	0	-1.5982098e+03
1	1	13	1	-1.3502448e+03
1	1	13	2	-1.1715544e+03
1	1	13	3	-1.4399327e+03
1	1	13	4	-1.1639716e+03
1	1	13	5	-1.5565001e+03
1	1	13	6	-1.3538638e+03
1	1	13	7	-1.7210732e+03
1	1	13	8	-1.4541144e+03
1	1	13	9	-1.0057527e+03
1	1	13	10	-1.6997795e+03
1	1	13	11	-1.0707970e+03
1	1	13	12	-1.3998174e+03
1	1	13	13	-1.2988160e+03
1	1	13	14	-1.3724592e+03
1	1	13	15	-1.4450927e+03
1	1	13	16	-1.7942363e+03
1	1	13	17	-1.7370916e+03
1	1	13	18	-1.7959681e+03
1	1	13	19	-1.7136799e+03
1	1	13	20	-1.5660955e+03
1	1	13	21	-1.6350425e+03
1	1	13	22	-1.6295298e+03
1	1	13	23	-1.4989559e+03
1	1	13	24	-1.4594962e+03
1	1	13	25	-1.4159512e+03
1	1	13	26	-1.4184814e+03
1	1	13	27	-1.2647850e+03
1	1	13	28	-1.4337793e+03
1	1	13	29	-1.3420618e+03
1	1	13	30	-1.3270304e+03
1	1	13	31	-1.3154106e+03
1	1	13	32	-1.3350980e+03
1	1	13	33	-1.2297272e+03
1	1	13	34	-5.2156683e+02
1	1	13	35	-6.2299701e+02
1	1	13	36	-5.3697498e+02
1	1	13	37	-4.0720819e+02
1	1	13	38	-5.7309558e+02
1	1	13	39	-4.2874655e+02
1	1	13	40	-3.4458676e+02
1	1	13	41	-4.5168088e+02
1	1	13	42	-3.5448010e+02
1	1	13	43	-4.4835434e+02
1	1	13	44	-3.3088986e+02
1	1	13	45	-4.0384717e+02
1	1	13	46	-2.9748248e+02
1	1	13	47	-3.8388480e+02
1	1	13	48	-2.8992770e+02
1	1	13	49	-3.1350403e+02
1	1	13	50	-4.2469662e+02
1	1	13	51	2.2500737e+02
1	1	13	52	3.5678271e+02
1	1	13	53	-1.0947958e+02
1	1	13	54	-4.0813435e+01
1	1	13	55	-4.8216351e+01
1	1	13	56	1.6957135e+02
1	1	13	57	-1.5251012e+01
1	1	13	58	-2.2046815e+02
1	1	13	59	-1.4472435e+02
1	1	13	60	6.6682291e+00
1	1	13	61	-1.8882980e+02
1	1	13	62	-2.0818095e+02
1	1	13	63	6.1356445e+01
1	1	14	0	-5.8938745e+02
1	1	14	1	-6.7902582e+02
1	1	14	2	-6.2105688e+02
1	1	14	3	-6.4726044e+02
1	1	14	4	-8.3775317e+02
1	1	14	5	-6.6888495e+02
1	1	14	6	-8.1576758e+02
1	1	14	7	-5.1544092e+02
1	1	14	8	-6.3906750e+02
1	1	14	9	-7.4165082e+02
1	1	14	10	-7.9255457e+02
1	1	14	11	-6.8230072e+02
1	1	14	12	-8.2615723e+02
1	1	14	13	-7.1236658e+02
1	1	14	14	-6.2989435e+02
1	1	14	15	-7.1395477e+02
1	1	14	16	-7.6792010e+02
1	1	14	17	-8.5022760e+02
1	1	14	18	-8.3458112e+02
1	1	14	19	-8.6140814e+02
1	1	14	20	-7.8938391e+02
1	1	14	21	-7.7074725e+02
1	1	14	22	-8.2759338e+02
1	1	14	23	-7.6931982e+02
1	1	14	24	-9.2588879e+02
1	1	14	25	-7.9086023e+02
1	1	14	26	-8.7020380e+02
1	1	14	27	-9.1716553e+02
1	1	14	28	-8.4519537e+02
1	1	14	29	-9.6310376e+02
1	1	14	30	-8.9605054e+02
1	1	14	31	-9.1791998e+02
1	1	14	32	-9.2364703e+02
1	1	14	33	-9.2221991e+02
1	1	14	34	-2.2731088e+02
1	1	14	35	-1.4094344e+02
1	1	14	36	-2.0605841e+02
1	1	14	37	-2.6628537e+02
1	1	14	38	-2.0874977e+02
1	1	14	39	-2.6701160e+02
1	1	14	40	-2.5914719e+02
1	1	14	41	-2.2514153e+02
1	1	14	42	-1.4470078e+02
1	1	14	43	-2.8385413e+02
1	1	14	44	-2.2967030e+02
1	1	14	45	-2.6855240e+02
1	1	14	46	-2.2872533e+02
1	1	14	47	-2.4771733e+02
1	1	14	48	-3.3814178e+02
1	1	14	49	-2.4671494e+02
1	1	14	50	-2.5290459e+02
1	1	14	51	4.9699194e+02
1	1	14	52	4.4398447e+02
1	1	14	53	-4.2916485e+01
1	1	14	54	3.3382584e+01
1	1	14	55	-5.7329488e+00
1	1	14	56	2.0040594e+02
1	1	14	57	3.1549506e+02
1	1	14	58	1.8557721e+02
1	1	14	59	1.4583488e+02
1	1	14	60	9.5059692e+01
1	1	14	61	4.7859100e+01
1	1	14	62	1.6558334e+02
1	1	14	63	1.1566475e+02
1	1	15	0	-6.7909570e+02
1	1	15	1	-6.8974353e+02
1	1	15	2	-6.2533331e+02
1	1	15	3	-7.0638580e+02
1	1	15	4	-6.2350885e+02
1	1	15	5	-6.8722583e+02
1	1	15	6	-6.0015656e+02
1	1	15	7	-5.6074384e+02
1	1	15	8	-6.7817273e+02
1	1	15	9	-5.3121667e+02
1	1	15	10	-7.0018127e+02
1	1	15	11	-6.0217584e+02
1	1	15	12	-7.9969116e+02
1	1	15	13	-6.7816400e+02
1	1	15	14	-7.8400500e+02
1	1	15	15	-7.3730365e+02
1	1	15	16	-8.2334845e+02
1	1	15	17	-7.7522388e+02
1	1	15	18	-8.3691272e+02
1	1	15	19	-8.2677264e+02
1	1	15	20	-8.3118011e+02
1	1	15	21	-8.7981439e+02
1	1	15	22	-7.6385712e+02
1	1	15	23	-7.5559869e+02
1	1	15	24	-8.0582507e+02
1	1	15	25	-7.2986053e+02
1	1	15	26	-8.2141003e+02
1	1	15	27	-7.8534662e+02
1	1	15	28	-7.8758447e+02
1	1	15	29	-7.3599689e+02
1	1	15	30	-6.8589850e+02
1	1	15	31	-8.0707965e+02
1	1	15	32	-7.0842590e+02
1	1	15	33	-7.3731732e+02
1	1	15	34	-7.0661278e+01
1	1	15	35	-9.7879433e+01
1	1	15	36	4.3895695e+01
1	1	15	37	3.3830544e+01
1	1	15	38	-1.2957069e+01
1	1	15	39	9.2383394e+00
1	1	15	40	8.6665230e+01
1	1	15	41	-8.0951454e+01
1	1	15	42	1.7432899e+02
1	1	15	43	-5.5034317e+01
1	1	15	44	1.0746468e+02
1	1	15	45	4.1985699e+01
1	1	15	46	7.3760971e+01
1	1	15	47	-2.8973980e+01
1	1	15	48	1.3525069e+02
1	1	15	49	5.3637199e+01
1	1	15	50	1.5398741e+01
1	1	15	51	5.6994922e+02
1	1	15	52	6.4294934e+02
1	1	15	53	2.7118390e+02
1	1	15	54	3.3128201e+02
1	1	15	55	3.0797662e+02
1	1	15	56	5.0096994e+02
1	1	15	57	3.6176569e+02
1	1	15	58	2.1869131e+02
1	1	15	59	2.2997932e+02
1	1	15	60	3.7297141e+02
1	1	15	61	1.1674542e+02
1	1	15	62	1.7011798e+02
1	1	15	63	4.1339081e+02
1	2	0	0	7.5941132e+02
1	2	0	1	6.0483875e+02
1	2	0	2	7.4864868e+02
1	2	0	3	7.3884985e+02
1	2	0	4	6.1701080e+02
1	2	0	5	6.4560059e+02
1	2	0	6	5.9963507e+02
1	2	0	7	7.2719171e+02
1	2	0	8	6.4724371e+02
1	2	0	9	6.7277600e+02
1	2	0	10	6.5856171e+02
1	2	0	11	6.9450323e+02
1	2	0	12	5.9214453e+02
1	2	0	13	7.2993964e+02
1	2	0	14	7.0751978e+02
1	2	0	15	6.0123816e+02
1	2	0	16	4.9893271e+02
1	2	0	17	5.9076752e+02
1	2	0	18	5.2116559e+02
1	2	0	19	5.5520599e+02
1	2	0	20	5.9518683e+02
1	2	0	21	6.1000732e+02
1	2	0	22	6.3263635e+02
1	2	0	23	5.8862823e+02
1	2	0	24	6.1141229e+02
1	2	0	25	6.6573889e+02
1	2	0	26	4.5827954e+02
1	2	0	27	4.5386948e+02
1	2	0	28	6.0120416e+02
1	2	0	29	4.7037192e+02
1	2	0	30	5.3610577e+02
1	2	0	31	4.5615594e+02
1	2	0	32	5.3197479e+02
1	2	0	33	4.9876987e+02
1	2	0	34	1.1348927e+03
1	2	0	35	1.1563656e+03
1	2	0	36	1.1592325e+03
1	2	0	37	1.1611378e+03
1	2	0	38	1.1588009e+03
1	2	0	39	1.1543024e+03
1	2	0	40	1.2089792e+03
1	2	0	41	1.1257789e+03
1	2	0	42	1.1730525e+03
1	2	0	43	1.2166371e+03
1	2	0	44	1.2348618e+03
1	2	0	45	1.0676835e+03
1	2	0	46	1.2333267e+03
1	2	0	47	1.1459690e+03
1	2	0	48	1.1340725e+03
1	2	0	49	1.1476117e+03
1	2	0	50	1.1566874e+03
1	2	0	51	1.7508833e+03
1	2	0	52	1.6750125e+03
1	2	0	53	1.2905903e+03
1	2	0	54	1.3789465e+03
1	2	0	55	1.4155018e+03
1	2	0	56	1.5369042e+03
1	2	0	57	1.5678883e+03
1	2	0	58	1.5349250e+03
1	2	0	59	1.3983474e+03
1	2	0	60	1.4256893e+03
1	2	0	61	1.2846627e+03
1	2	0	62	1.3347185e+03
1	2	0	63	1.3070312e+03
1	2	1	0	6.5906439e+02
1	2	1	1	5.8174219e+02
1	2	1	2	6.3406714e+02
1	2	1	3	5.8015192e+02
1	2	1	4	5.5886401e+02
1	2	1	5	6.0117169e+02
1	2	1	6	6.3851971e+02
1	2	1	7	6.2919739e+02
1	2	1	8	5.7913336e+02
1	2	1	9	6.4494299e+02
1	2	1	10	5.6521210e+02
1	2	1	11	6.1864960e+02
1	2	1	12	4.6965399e+02
1	2	1	13	5.5087189e+02
1	2	1	14	5.3746094e+02
1	2	1	15	5.3771973e+02
1	2	1	16	4.3328113e+02
1	2	1	17	4.6748782e+02
1	2	1	18	4.2619092e+02
1	2	1	19	3.7898019e+02
1	2	1	20	4.1245102e+02
1	2	1	21	3.7516544e+02
1	2	1	22	3.9929117e+02
1	2	1	23	4.4875922e+02
1	2	1	24	3.8467041e+02
1	2	1	25	4.5393869e+02
1	2	1	26	4.3809811e+02
1	2	1	27	4.5975076e+02
1	2	1	28	4.8287262e+02
1	2	1	29	3.9804675e+02
1	2	1	30	4.5867184e+02
1	2	1	31	4.1952621e+02
1	2	1	32	4.2902194e+02
1	2	1	33	3.9263855e+02
1	2	1	34	1.0911791e+03
1	2	1	35	1.0698918e+03
1	2	1	36	1.1347844e+03
1	2	1	37	1.1881630e+03
1	2	1	38	1.1118322e+03
1	2	1	39	1.1447661e+03
1	2	1	40	1.2545709e+03
1	2	1	41	1.2063232e+03
1	2	1	42	1.2328993e+03
1	2	1	43	1.1216349e+03
1	2	1	44	1.3033153e+03
1	2	1	45	1.2057311e+03
1	2	1	46	1.3041797e+03
1	2	1	47	1.1790857e+03
1	2	1	48	1.1827930e+03
1	2	1	49	1.2635774e+03
1	2	1	50	1.2359131e+03
1	2	1	51	1.8505652e+03
1	2	1	52	1.8443190e+03
1	2	1	53	1.4355674e+03
1	2	1	54	1.4993007e+03
1	2	1	55	1.5799917e+03
1	2	1	56	1.6427148e+03
1	2	1	57	1.6374462e+03
1	2	1	58	1.5445568e+03
1	2	1	59	1.4833202e+03
1	2	1	60	1.5169971e+03
1	2	1	61	1.3740516e+03
1	2	1	62	1.4293721e+03
1	2	1	63	1.4983219e+03
1	2	2	0	5.9070178e+02
1	2	2	1	4.4062708e+02
1	2	2	2	5.8219177e+02
1	2	2	3	6.3172260e+02
1	2	2	4	4.7348477e+02
1	2	2	5	5.6660211e+02
1	2	2	6	4.4079749e+02
1	2	2	7	7.2261523e+02
1	2	2	8	4.8053928e+02
1	2	2	9	6.2183618e+02
1	2	2	10	4.6213263e+02
1	2	2	11	5.1048495e+02
1	2	2	12	3.8909445e+02
1	2	2	13	4.3194992e+02
1	2	2	14	-1.1193468e+04
1	2	2	15	5.0905170e+02
1	2	2	16	4.9339508e+02
1	2	2	17	3.3407880e+02
1	2	2	18	4.9669879e+02
1	2	2	19	3.8396899e+02
1	2	2	20	5.0021606e+02
1	2	2	21	4.4338724e+02
1	2	2	22	4.3612830e+02
1	2	2	23	4.1062799e+02
1	2	2	24	3.6941736e+02
1	2	2	25	3.4564148e+02
1	2	2	26	3.7716815e+02
1	2	2	27	3.2070975e+02
1	2	2	28	3.5379492e+02
1	2	2	29	2.6112497e+02
1	2	2	30	4.0529797e+02
1	2	2	31	3.3045026e+02
1	2	2	32	3.1702554e+02
1	2	2	33	3.0294861e+02
1	2	2	34	8.9552557e+02
1	2	2	35	1.0035531e+03
1	2	2	36	9.7819250e+02
1	2	2	37	9.1130133e+02
1	2	2	38	9.0931036e+02
1	2	2	39	9.1736145e+02
1	2	2	40	9.4084644e+02
1	2	2	41	9.3080090e+02
1	2	2	42	9.0794781e+02
1	2	2	43	9.9197241e+02
1	2	2	44	9.5115552e+02
1	2	2	45	9.0512634e+02
1	2	2	46	9.6816998e+02
1	2	2	47	8.4329071e+02
1	2	2	48	9.1542822e+02
1	2	2	49	9.1652386e+02
1	2	2	50	1.0004706e+03
1	2	2	51	-5.5946552e+02
1	2	2	52	1.3948123e+03
1	2	2	53	1.2433145e+03
1	2	2	54	1.2729337e+03
1	2	2	55	-2.4419002e+04
1	2	2	56	1.3743257e+03
1	2	2	57	1.3508855e+03
1	2	2	58	1.3198943e+03
1	2	2	59	1.2380814e+03
1	2	2	60	1.2489773e+03
1	2	2	61	1.2419597e+03
1	2	2	62	1.2779312e+03
1	2	2	63	5.8472119e+02
1	2	3	0	5.9673572e+02
1	2	3	1	5.2564441e+02
1	2	3	2	5.5781360e+02
1	2	3	3	5.2120172e+02
1	2	3	4	4.9658740e+02
1	2	3	5	5.0958844e+02
1	2	3	6	5.1303094e+02
1	2	3	7	4.6484076e+02
1	2	3	8	4.3950546e+02
1	2	3	9	5.5923779e+02
1	2	3	10	4.3526413e+02
1	2	3	11	5.6983435e+02
1	2	3	12	4.7589584e+02
1	2	3	13	4.9226172e+02
1	2	3	14	4.1621707e+02
1	2	3	15	4.1889481e+02
1	2	3	16	3.1051770e+02
1	2	3	17	4.0091803e+02
1	2	3	18	3.7137094e+02
1	2	3	19	3.8318225e+02
1	2	3	20	2.8352783e+02
1	2	3	21	3.5780942e+02
1	2	3	22	3.3144360e+02
1	2	3	23	4.1553592e+02
1	2	3	24	2.9012833e+02
1	2	3	25	3.4039621e+02
1	2	3	26	2.6449414e+02
1	2	3	27	4.3996860e+02
1	2	3	28	4.2072083e+02
1	2	3	29	3.8374655e+02
1	2	3	30	3.2233917e+02
1	2	3	31	3.6053888e+02
1	2	3	32	2.6093369e+02
1	2	3	33	3.5204446e+02
1	2	3	34	9.8378955e+02
1	2	3	35	1.0079390e+03
1	2	3	36	-6.2904243e+01
1	2	3	37	-3.7156198e+02
1	2	3	38	1.1711431e+03
1	2	3	39	1.0644862e+03
1	2	3	40	-2.8806917e+03
1	2	3	41	8.7465662e+02
1	2	3	42	-6.6066058e+02
1	2	3	43	1.1835474e+03
1	2	3	44	-2.4536021e+03
1	2	3	45	-2.0317949e+03
1	2	3	46	8.5989673e+02
1	2	3	47	1.1862529e+03
1	2	3	48	-7.0899664e+02
1	2	3	49	1.1814141e+03
1	2	3	50	1.2172250e+03
1	2	3	51	1.7502360e+03
1	2	3	52	1.7386071e+03
1	2	3	53	1.3306732e+03
1	2	3	54	1.4695343e+03
1	2	3	55	1.4906733e+03
1	2	3	56	1.5630231e+03
1	2	3	57	1.5148633e+03
1	2	3	58	1.3969188e+03
1	2	3	59	1.3566848e+03
1	2	3	60	1.3751550e+03
1	2	3	61	1.3281498e+03
1	2	3	62	1.3761437e+03
1	2	3	63	1.4977238e+03
1	2	4	0	4.6209113e+02
1	2	4	1	3.5005228e+02
1	2	4	2	4.4695132e+02
1	2	4	3	4.1720251e+02
1	2	4	4	3.0474631e+02
1	2	4	5	3.7747653e+02
1	2	4	6	3.0762357e+02
1	2	4	7	4.7394406e+02
1	2	4	8	3.3626257e+02
1	2	4	9	3.7271228e+02
1	2	4	10	2.6450412e+02
1	2	4	11	3.3083246e+02
1	2	4	12	2.7993527e+02
1	2	4	13	3.7176462e+02
1	2	4	14	3.7326938e+02
1	2	4	15	3.6103232e+02
1	2	4	16	2.3855988e+02
1	2	4	17	2.2213512e+02
1	2	4	18	2.6243542e+02
1	2	4	19	1.9526459e+02
1	2	4	20	3.7503470e+02
1	2	4	21	2.8868597e+02
1	2	4	22	2.6300443e+02
1	2	4	23	2.6266226e+02
1	2	4	24	1.4500134e+02
1	2	4	25	2.5629431e+02
1	2	4	26	1.8122705e+02
1	2	4	27	1.3277213e+02
1	2	4	28	2.3283081e+02
1	2	4	29	1.0318278e+02
1	2	4	30	2.2535612e+02
1	2	4	31	1.1601457e+02
1	2	4	32	7.5383476e+01
1	2	4	33	1.2737439e+02
1	2	4	34	7.5147345e+02
1	2	4	35	7.7332538e+02
1	2	4	36	8.2068097e+02
1	2	4	37	6.5547021e+02
1	2	4	38	7.4751654e+02
1	2	4	39	7.6053180e+02
1	2	4	40	8.0966541e+02
1	2	4	41	7.1835254e+02
1	2	4	42	8.3982166e+02
1	2	4	43	7.5522705e+02
1	2	4	44	7.8593121e+02
1	2	4	45	7.8471320e+02
1	2	4	46	7.5702631e+02
1	2	4	47	8.1277881e+02
1	2	4	48	7.4858539e+02
1	2	4	49	7.1533832e+02
1	2	4	50	8.8542395e+02
1	2	4	51	1.2675070e+03
1	2	4	52	1.4140935e+03
1	2	4	53	9.9825854e+02
1	2	4	54	1.0612737e+03
1	2	4	55	1.0326796e+03
1	2	4	56	1.1328628e+03
1	2	4	57	1.2780902e+03
1	2	4	58	1.1789631e+03
1	2	4	59	1.0977709e+03
1	2	4	60	9.8594061e+02
1	2	4	61	1.0038000e+03
1	2	4	62	1.0821504e+03
1	2	4	63	9.8011713e+02
1	2	5	0	3.3793796e+02
1	2	5	1	3.4081619e+02
1	2	5	2	2.9502225e+02
1	2	5	3	3.4688345e+02
1	2	5	4	3.2295947e+02
1	2	5	5	3.3572107e+02
1	2	5	6	3.4645560e+02
1	2	5	7	3.4756763e+02
1	2	5	8	2.4194115e+02
1	2	5	9	3.7286603e+02
1	2	5	10	1.8594984e+02
1	2	5	11	3.1543765e+02
1	2	5	12	2.1533032e+02
1	2	5	13	2.5355458e+02
1	2	5	14	2.2623877e+02
1	2	5	15	3.0495682e+02
1	2	5	16	9.9452667e+01
1	2	5	17	1.0740873e+02
1	2	5	18	1.4183144e+02
1	2	5	19	1.4714500e+02
1	2	5	20	1.1886447e+02
1	2	5	21	1.5373543e+02
1	2	5	22	1.5161096e+02
1	2	5	23	2.1673973e+02
1	2	5	24	1.9032629e+02
1	2	5	25	2.2647298e+02
1	2	5	26	1.2788969e+02
1	2	5	27	1.9298347e+02
1	2	5	28	1.8386131e+02
1	2	5	29	2.2435555e+02
1	2	5	30	2.1463660e+02
1	2	5	31	1.7880493e+02
1	2	5	32	1.6323991e+02
1	2	5	33	2.1596552e+02
1	2	5	34	8.9591595e+02
1	2	5	35	8.5424872e+02
1	2	5	36	9.1061554e+02
1	2	5	37	9.4408417e+02
1	2	5	38	8.8816974e+02
1	2	5	39	9.1468317e+02
1	2	5	40	9.5866876e+02
1	2	5	41	8.6165857e+02
1	2	5	42	9.8773834e+02
1	2	5	43	8.9070551e+02
1	2	5	44	1.0599738e+03
1	2	5	45	9.4417432e+02
1	2	5	46	1.0009020e+03
1	2	5	47	9.9369373e+02
1	2	5	48	8.9046765e+02
1	2	5	49	9.3118951e+02
1	2	5	50	9.9560876e+02
1	2	5	51	1.5102437e+03
1	2	5	52	1.5363806e+03
1	2	5	53	1.2356033e+03
1	2	5	54	1.2263521e+03
1	2	5	55	1.2390549e+03
1	2	5	56	1.4238972e+03
1	2	5	57	1.3553135e+03
1	2	5	58	1.1933280e+03
1	2	5	59	1.2844028e+03
1	2	5	60	1.3452128e+03
1	2	5	61	1.0951572e+03
1	2	5	62	1.1573894e+03
1	2	5	63	1.2936063e+03
1	2	6	0	3.9517551e+02
1	2	6	1	3.0850867e+02
1	2	6	2	2.2954686e+02
1	2	6	3	3.1666180e+02
1	2	6	4	2.1059807e+02
1	2	6	5	2.8610266e+02
1	2	6	6	1.7398055e+02
1	2	6	7	3.0760205e+02
1	2	6	8	3.1994809e+02
1	2	6	9	2.8424399e+02
1	2	6	10	1.8810310e+02
1	2	6	11	3.6526218e+02
1	2	6	12	8.7401970e+01
1	2	6	13	2.1179517e+02
1	2	6	14	2.6651086e+02
1	2	6	15	1.9742236e+02
1	2	6	16	1.4540912e+02
1	2	6	17	1.1209735e+02
1	2	6	18	1.2936668e+02
1	2	6	19	1.6786438e+02
1	2	6	20	2.2045186e+02
1	2	6	21	1.2305146e+02
1	2	6	22	1.0922954e+02
1	2	6	23	1.9354448e+02
1	2	6	24	5.4320057e+01
1	2	6	25	1.1243806e+02
1	2	6	26	5.1162090e+01
1	2	6	27	1.0108504e+02
1	2	6	28	1.1833361e+02
1	2	6	29	1.5392206e+00
1	2	6	30	9.3225250e+01
1	2	6	31	1.2557128e+01
1	2	6	32	6.8251119e+00
1	2	6	33	-9.4554958e+00
1	2	6	34	6.8081610e+02
1	2	6	35	6.8487561e+02
1	2	6	36	6.9069110e+02
1	2	6	37	7.3445966e+02
1	2	6	38	6.5326068e+02
1	2	6	39	6.9289075e+02
1	2	6	40	6.9820880e+02
1	2	6	41	5.2122449e+02
1	2	6	42	7.1284155e+02
1	2	6	43	6.8285901e+02
1	2	6	44	7.1390295e+02
1	2	6	45	6.7469641e+02
1	2	6	46	6.8987628e+02
1	2	6	47	6.4907159e+02
1	2	6	48	6.7279956e+02
1	2	6	49	6.6785883e+02
1	2	6	50	7.2341333e+02
1	2	6	51	1.2145321e+03
1	2	6	52	1.3526564e+03
1	2	6	53	9.7176428e+02
1	2	6	54	9.3063708e+02
1	2	6	55	9.2076373e+02
1	2	6	56	1.0358558e+03
1	2	6	57	1.1198767e+03
1	2	6	58	1.1211294e+03
1	2	6	59	1.0040026e+03
1	2	6	60	9.3508203e+02
1	2	6	61	8.9373651e+02
1	2	6	62	9.6091772e+02
1	2	6	63	9.3639764e+02
1	2	7	0	4.1568292e+02
1	2	7	1	4.1445264e+02
1	2	7	2	4.4068259e+02
1	2	7	3	3.6270386e+02
1	2	7	4	4.2718384e+02
1	2	7	5	4.0317700e+02
1	2	7	6	3.9977332e+02
1	2	7	7	4.5272812e+02
1	2	7	8	3.6277466e+02
1	2	7	9	4.5803860e+02
1	2	7	10	3.4309921e+02
1	2	7	11	4.6484232e+02
1	2	7	12	3.9142889e+02
1	2	7	13	3.8357880e+02
1	2	7	14	2.4302742e+02
1	2	7	15	3.6278497e+02
1	2	7	16	2.0740579e+02
1	2	7	17	2.6279913e+02
1	2	7	18	2.2812082e+02
1	2	7	19	2.8479074e+02
1	2	7	20	2.3597693e+02
1	2	7	21	1.5974144e+02
1	2	7	22	2.9807727e+02
1	2	7	23	2.3912039e+02
1	2	7	24	2.1425105e+02
1	2	7	25	3.1799783e+02
1	2	7	26	2.1219292e+02
1	2	7	27	2.3948494e+02
1	2	7	28	2.7580603e+02
1	2	7	29	3.1329892e+02
1	2	7	30	3.4305872e+02
1	2	7	31	2.0956871e+02
1	2	7	32	2.5544167e+02
1	2	7	33	2.3687634e+02
1	2	7	34	9.0227716e+02
1	2	7	35	9.1067749e+02
1	2	7	36	9.5216101e+02
1	2	7	37	8.9842120e+02
1	2	7	38	9.2847888e+02
1	2	7	39	9.8426147e+02
1	2	7	40	1.0317987e+03
1	2	7	41	1.0158885e+03
1	2	7	42	1.0353724e+03
1	2	7	43	9.4482446e+02
1	2	7	44	1.0773188e+03
1	2	7	45	1.0231736e+03
1	2	7	46	1.0392091e+03
1	2	7	47	1.0072612e+03
1	2	7	48	1.0959418e+03
1	2	7	49	9.8938617e+02
1	2	7	50	1.0741013e+03
1	2	7	51	1.5926320e+03
1	2	7	52	1.6201469e+03
1	2	7	53	1.1969611e+03
1	2	7	54	1.2360247e+03
1	2	7	55	1.2818055e+03
1	2	7	56	1.4158286e+03
1	2	7	57	1.3091367e+03
1	2	7	58	1.2224667e+03
1	2	7	59	1.2603967e+03
1	2	7	60	1.2964575e+03
1	2	7	61	1.1655725e+03
1	2	7	62	1.2452217e+03
1	2	7	63	1.3690137e+03
1	2	8	0	2.0503111e+01
1	2	8	1	-9.7224007e+01
1	2	8	2	-3.3330124e+01
1	2	8	3	3.4832802e+01
1	2	8	4	-1.5409035e+02
1	2	8	5	-4.6656635e+01
1	2	8	6	-2.3510977e+02
1	2	8	7	-1.0699947e+01
1	2	8	8	-2.7580765e+01
1	2	8	9	-4.4568283e+01
1	2	8	10	-6.6243088e+01
1	2	8	11	5.4193535e+00
1	2	8	12	-1.5310081e+02
1	2	8	13	-1.0691859e+02
1	2	8	14	-4.9751266e+01
1	2	8	15	-6.6844498e+01
1	2	8	16	-1.3640295e+02
1	2	8	17	-1.4351277e+02
1	2	8	18	-7.9900314e+01
1	2	8	19	-1.8464394e+02
1	2	8	20	-6.4854744e+01
1	2	8	21	-9.4617355e+01
1	2	8	22	-1.7446332e+02
1	2	8	23	-2.0882892e+02
1	2	8	24	-1.6546613e+02
1	2	8	25	-1.9624655e+02
1	2	8	26	-2.5821860e+02
1	2	8	27	-2.3629268e+02
1	2	8	28	-1.8566740e+02
1	2	8	29	-2.4960468e+02
1	2	8	30	-1.5509120e+02
1	2	8	31	-2.8646414e+02
1	2	8	32	-3.0361716e+02
1	2	8	33	-3.3281400e+02
1	2	8	34	4.1773474e+02
1	2	8	35	4.5145923e+02
1	2	8	36	4.6696039e+02
1	2	8	37	4.3368094e+02
1	2	8	38	3.4548624e+02
1	2	8	39	3.7219019e+02
1	2	8	40	4.0722125e+02
1	2	8	41	2.7409494e+02
1	2	8	42	3.5649576e+02
1	2	8	43	3.6759036e+02
1	2	8	44	4.4963565e+02
1	2	8	45	3.1926874e+02
1	2	8	46	3.3234854e+02
1	2	8	47	3.0175333e+02
1	2	8	48	3.5732843e+02
1	2	8	49	3.5962244e+02
1	2	8	50	4.7045325e+02
1	2	8	51	9.9520215e+02
1	2	8	52	1.0500223e+03
1	2	8	53	5.3444006e+02
1	2	8	54	6.3265399e+02
1	2	8	55	6.6404468e+02
1	2	8	56	8.0271893e+02
1	2	8	57	9.0595471e+02
1	2	8	58	8.0506708e+02
1	2	8	59	6.5777246e+02
1	2	8	60	6.9055554e+02
1	2	8	61	6.3524854e+02
1	2	8	62	7.0389081e+02
1	2	8	63	7.2844824e+02
1	2	9	0	3.5398236e+02
1	2	9	1	3.1216965e+02
1	2	9	2	3.1931250e+02
1	2	9	3	3.1224808e+02
1	2	9	4	3.1282748e+02
1	2	9	5	1.9538759e+02
1	2	9	6	3.1981003e+02
1	2	9	7	2.4649268e+02
1	2	9	8	2.4072423e+02
1	2	9	9	3.0996655e+02
1	2	9	10	1.8323293e+02
1	2	9	11	3.4473999e+02
1	2	9	12	1.1623698e+02
1	2	9	13	2.8168369e+02
1	2	9	14	2.2092996e+02
1	2	9	15	2.3545096e+02
1	2	9	16	1.2318136e+02
1	2	9	17	1.0901800e+02
1	2	9	18	1.5504144e+02
1	2	9	19	1.5417010e+02
1	2	9	20	1.9222594e+02
1	2	9	21	1.1821763e+02
1	2	9	22	8.1078560e+01
1	2	9	23	2.1094873e+02
1	2	9	24	1.6809856e+02
1	2	9	25	1.1358740e+02
1	2	9	26	8.1641602e+01
1	2	9	27	2.3765192e+02
1	2	9	28	1.9609795e+02
1	2	9	29	1.6361288e+02
1	2	9	30	2.8661688e+02
1	2	9	31	1.9915901e+02
1	2	9	32	1.2085387e+02
1	2	9	33	1.6424063e+02
1	2	9	34	8.5265131e+02
1	2	9	35	7.7675751e+02
1	2	9	36	8.8419482e+02
1	2	9	37	8.9944006e+02
1	2	9	38	8.2791144e+02
1	2	9	39	8.2586578e+02
1	2	9	40	9.1714319e+02
1	2	9	41	7.9673389e+02
1	2	9	42	9.7761780e+02
1	2	9	43	7.5819836e+02
1	2	9	44	1.0394067e+03
1	2	9	45	8.7532935e+02
1	2	9	46	9.1451569e+02
1	2	9	47	9.3867212e+02
1	2	9	48	8.6214752e+02
1	2	9	49	9.4080316e+02
1	2	9	50	8.9377051e+02
1	2	9	51	1.4545139e+03
1	2	9	52	1.5275911e+03
1	2	9	53	1.1127906e+03
1	2	9	54	1.1356176e+03
1	2	9	55	1.2322865e+03
1	2	9	56	1.3353555e+03
1	2	9	57	1.2462860e+03
1	2	9	58	1.0991707e+03
1	2	9	59	1.0623530e+03
1	2	9	60	1.2031995e+03
1	2	9	61	1.0569774e+03
1	2	9	62	1.1125120e+03
1	2	9	63	1.2301254e+03
1	2	10	0	4.0941043e+02
1	2	10	1	3.8420746e+02
1	2	10	2	3.4779034e+02
1	2	10	3	3.6550302e+02
1	2	10	4	2.3158949e+02
1	2	10	5	3.4406693e+02
1	2	10	6	3.5817993e+02
1	2	10	7	5.9797119e+02
1	2	10	8	3.3891187e+02
1	2	10	9	4.4694278e+02
1	2	10	10	3.1904977e+02
1	2	10	11	2.5758411e+02
1	2	10	12	2.0936752e+02
1	2	10	13	3.3183243e+02
1	2	10	14	3.6823080e+02
1	2	10	15	4.3418597e+02
1	2	10	16	1.6010071e+02
1	2	10	17	1.6591098e+02
1	2	10	18	2.2109622e+02
1	2	10	19	1.7521936e+02
1	2	10	20	2.5137885e+02
1	2	10	21	2.9686218e+02
1	2	10	22	2.5214996e+02
1	2	10	23	2.3848807e+02
1	2	10	24	5.3058285e+01
1	2	10	25	2.1361726e+02
1	2	10	26	1.0345419e+02
1	2	10	27	1.4394225e+02
1	2	10	28	1.7988116e+02
1	2	10	29	1.7520917e+02
1	2	10	30	1.6709673e+02
1	2	10	31	1.5928542e+02
1	2	10	32	1.0144630e+02
1	2	10	33	5.8566391e+01
1	2	10	34	7.1160394e+02
1	2	10	35	8.3913342e+02
1	2	10	36	6.8456836e+02
1	2	10	37	7.1211066e+02
1	2	10	38	7.9515790e+02
1	2	10	39	7.0493567e+02
1	2	10	40	8.4445331e+02
1	2	10	41	7.4761462e+02
1	2	10	42	7.9907678e+02
1	2	10	43	8.0583148e+02
1	2	10	44	8.4767584e+02
1	2	10	45	6.9900098e+02
1	2	10	46	8.1265637e+02
1	2	10	47	7.0616821e+02
1	2	10	48	7.7286078e+02
1	2	10	49	8.1808679e+02
1	2	10	50	8.4601599e+02
1	2	10	51	1.4663154e+03
1	2	10	52	1.3769851e+03
1	2	10	53	1.0961213e+03
1	2	10	54	1.0159777e+03
1	2	10	55	1.0368656e+03
1	2	10	56	1.1097544e+03
1	2	10	57	1.1896815e+03
1	2	10	58	1.1628994e+03
1	2	10	59	1.0974089e+03
1	2	10	60	1.1000083e+03
1	2	10	61	1.0447756e+03
1	2	10	62	1.0868232e+03
1	2	10	63	1.1268051e+03
1	2	11	0	3.9958807e+02
1	2	11	1	4.1810757e+02
1	2	11	2	3.8499930e+02
1	2	11	3	3.7621237e+02
1	2	11	4	3.8751169e+02
1	2	11	5	3.5742676e+02
1	2	11	6	3.4421567e+02
1	2	11	7	3.9270801e+02
1	2	11	8	3.4025012e+02
1	2	11	9	-1.1193468e+04
1	2	11	10	3.4339819e+02
1	2	11	11	4.7800153e+02
1	2	11	12	2.2173145e+02
1	2	11	13	3.9785263e+02
1	2	11	14	2.7891739e+02
1	2	11	15	3.3665106e+02
1	2	11	16	1.6911548e+02
1	2	11	17	2.8749240e+02
1	2	11	18	2.7954160e+02
1	2	11	19	3.9852887e+02
1	2	11	20	2.4551764e+02
1	2	11	21	2.7692490e+02
1	2	11	22	2.7627658e+02
1	2	11	23	3.3976715e+02
1	2	11	24	2.1838268e+02
1	2	11	25	2.2672269e+02
1	2	11	26	3.5666248e+02
1	2	11	27	2.4302229e+02
1	2	11	28	2.6445676e+02
1	2	11	29	3.1024652e+02
1	2	11	30	2.3185944e+02
1	2	11	31	1.7642062e+02
1	2	11	32	1.9039900e+02
1	2	11	33	3.1822314e+02
1	2	11	34	9.8844360e+02
1	2	11	35	-1.1193468e+04
1	2	11	36	9.7810114e+02
1	2	11	37	9.6674652e+02
1	2	11	38	9.4125378e+02
1	2	11	39	1.1386504e+03
1	2	11	40	1.0779260e+03
1	2	11	41	9.9435486e+02
1	2	11	42	1.0667804e+03
1	2	11	43	9.7042114e+02
1	2	11	44	1.1872533e+03
1	2	11	45	9.3507404e+02
1	2	11	46	1.0387623e+03
1	2	11	47	9.9966870e+02
1	2	11	48	9.9996588e+02
1	2	11	49	1.1021089e+03
1	2	11	50	1.1559222e+03
1	2	11	51	1.5673783e+03
1	2	11	52	1.6884076e+03
1	2	11	53	1.1965377e+03
1	2	11	54	1.2300698e+03
1	2	11	55	1.2357094e+03
1	2	11	56	1.3810756e+03
1	2	11	57	1.3108455e+03
1	2	11	58	1.2586111e+03
1	2	11	59	1.1969086e+03
1	2	11	60	1.3794738e+03
1	2	11	61	1.1645745e+03
1	2	11	62	1.1466116e+03
1	2	11	63	1.3797274e+03
1	2	12	0	5.5603705e+02
1	2	12	1	4.8990900e+02
1	2	12	2	5.2051672e+02
1	2	12	3	5.2905634e+02
1	2	12	4	4.3115735e+02
1	2	12	5	4.5092099e+02
1	2	12	6	3.8771643e+02
1	2	12	7	5.4945752e+02
1	2	12	8	4.3463721e+02
1	2	12	9	4.9018506e+02
1	2	12	10	3.4865643e+02
1	2	12	11	4.4225421e+02
1	2	12	12	3.8474258e+02
1	2	12	13	4.3944928e+02
1	2	12	14	4.4521115e+02
1	2	12	15	4.7434967e+02
1	2	12	16	3.8264932e+02
1	2	12	17	3.2848886e+02
1	2	12	18	3.3555933e+02
1	2	12	19	3.0619043e+02
1	2	12	20	3.4671582e+02
1	2	12	21	4.4962494e+02
1	2	12	22	4.5810507e+02
1	2	12	23	3.3916855e+02
1	2	12	24	2.6863257e+02
1	2	12	25	3.7765533e+02
1	2	12	26	3.1076822e+02
1	2	12	27	2.9507025e+02
1	2	12	28	-4.3053638e+03
1	2	12	29	2.9651477e+02
1	2	12	30	1.9101979e+02
1	2	12	31	1.9240039e+02
1	2	12	32	2.1611514e+02
1	2	12	33	2.0644980e+02
1	2	12	34	9.2305481e+02
1	2	12	35	9.4489099e+02
1	2	12	36	9.5969336e+02
1	2	12	37	9.0539752e+02
1	2	12	38	9.0215222e+02
1	2	12	39	9.7058673e+02
1	2	12	40	8.9146973e+02
1	2	12	41	8.2838348e+02
1	2	12	42	9.4719922e+02
1	2	12	43	9.3636383e+02
1	2	12	44	9.6743884e+02
1	2	12	45	9.5954596e+02
1	2	12	46	-1.1193468e+04
1	2	12	47	8.3016193e+02
1	2	12	48	9.5651630e+02
1	2	12	49	9.0859576e+02
1	2	12	50	9.5451483e+02
1	2	12	51	1.5276757e+03
1	2	12	52	1.5208594e+03
1	2	12	53	1.1273743e+03
1	2	12	54	1.1496370e+03
1	2	12	55	1.1716404e+03
1	2	12	56	1.3238042e+03
1	2	12	57	1.3872667e+03
1	2	12	58	1.3286893e+03
1	2	12	59	1.1354572e+03
1	2	12	60	1.2250746e+03
1	2	12	61	1.1471293e+03
1	2	12	62	1.2422841e+03
1	2	12	63	1.2558018e+03
1	2	13	0	6.9349414e+02
1	2	13	1	6.3033435e+02
1	2	13	2	6.1738574e+02
1	2	13	3	6.0550391e+02
1	2	13	4	5.8065271e+02
1	2	13	5	6.6515967e+02
1	2	13	6	6.0477740e+02
1	2	13	7	5.4019830e+02
1	2	13	8	5.7749670e+02
1	2	13	9	6.0492615e+02
1	2	13	10	-1.7021571e+03
1	2	13	11	6.2034955e+02
1	2	13	12	5.4015131e+02
1	2	13	13	5.1153061e+02
1	2	13	14	4.3283838e+02
1	2	13	15	5.0818140e+02
1	2	13	16	3.6980933e+02
1	2	13	17	3.3164740e+02
1	2	13	18	3.7038544e+02
1	2	13	19	4.1555136e+02
1	2	13	20	4.5606876e+02
1	2	13	21	4.3162637e+02
1	2	13	22	4.5105026e+02
1	2	13	23	5.3818835e+02
1	2	13	24	4.2598007e+02
1	2	13	25	5.2851361e+02
1	2	13	26	4.7704321e+02
1	2	13	27	5.0208917e+02
1	2	13	28	4.5514279e+02
1	2	13	29	4.9300568e+02
1	2	13	30	4.6638644e+02
1	2	13	31	3.6487701e+02
1	2	13	32	3.8710278e+02
1	2	13	33	4.1675842e+02
1	2	13	34	1.0514226e+03
1	2	13	35	1.0518218e+03
1	2	13	36	1.1002939e+03
1	2	13	37	1.1068678e+03
1	2	13	38	1.0462694e+03
1	2	13	39	1.1243267e+03
1	2	13	40	1.1257654e+03
1	2	13	41	1.1568596e+03
1	2	13	42	1.1497960e+03
1	2	13	43	1.0392310e+03
1	2	13	44	1.1743091e+03
1	2	13	45	1.1379623e+03
1	2	13	46	1.1800632e+03
1	2	13	47	1.1813324e+03
1	2	13	48	1.2120581e+03
1	2	13	49	1.1284805e+03
1	2	13	50	1.2367078e+03
1	2	13	51	1.7139390e+03
1	2	13	52	1.7082317e+03
1	2	13	53	1.3880577e+03
1	2	13	54	1.4362886e+03
1	2	13	55	1.4448425e+03
1	2	13	56	1.5682057e+03
1	2	13	57	1.5368499e+03
1	2	13	58	1.3630270e+03
1	2	13	59	1.3709354e+03
1	2	13	60	1.4008944e+03
1	2	13	61	1.2807357e+03
1	2	13	62	1.3632598e+03
1	2	13	63	1.5114681e+03
1	2	14	0	6.0232074e+02
1	2	14	1	4.1080264e+02
1	2	14	2	5.3407855e+02
1	2	14	3	5.4117084e+02
1	2	14	4	3.9575354e+02
1	2	14	5	3.4303381e+02
1	2	14	6	4.3103534e+02
1	2	14	7	5.3101312e+02
1	2	14	8	4.9415689e+02
1	2	14	9	6.3784509e+02
1	2	14	10	3.8718942e+02
1	2	14	11	5.1560394e+02
1	2	14	12	4.9672256e+02
1	2	14	13	4.2139648e+02
1	2	14	14	4.8016306e+02
1	2	14	15	4.5419919e+02
1	2	14	16	3.0873679e+02
1	2	14	17	3.1982016e+02
1	2	14	18	4.0248276e+02
1	2	14	19	3.3476993e+02
1	2	14	20	5.5986652e+02
1	2	14	21	4.0995020e+02
1	2	14	22	3.4865103e+02
1	2	14	23	3.6246039e+02
1	2	14	24	2.7914694e+02
1	2	14	25	3.1220917e+02
1	2	14	26	3.4434686e+02
1	2	14	27	2.8593192e+02
1	2	14	28	3.0050235e+02
1	2	14	29	2.6309344e+02
1	2	14	30	3.2679346e+02
1	2	14	31	2.8031879e+02
1	2	14	32	2.4783205e+02
1	2	14	33	2.4477092e+02
1	2	14	34	8.7740405e+02
1	2	14	35	1.0219338e+03
1	2	14	36	1.0242632e+03
1	2	14	37	1.0041240e+03
1	2	14	38	9.7598590e+02
1	2	14	39	9.7067426e+02
1	2	14	40	9.8228833e+02
1	2	14	41	8.8998181e+02
1	2	14	42	9.3366937e+02
1	2	14	43	1.0415291e+03
1	2	14	44	1.0451053e+03
1	2	14	45	9.0356158e+02
1	2	14	46	9.8131635e+02
1	2	14	47	9.7748389e+02
1	2	14	48	9.3904584e+02
1	2	14	49	1.0144000e+03
1	2	14	50	1.0508279e+03
1	2	14	51	1.6445782e+03
1	2	14	52	1.5208198e+03
1	2	14	53	1.1846418e+03
1	2	14	54	1.2737511e+03
1	2	14	55	1.1814192e+03
1	2	14	56	1.3085574e+03
1	2	14	57	1.4215989e+03
1	2	14	58	1.3858177e+03
1	2	14	59	1.2951439e+03
1	2	14	60	1.1637404e+03
1	2	14	61	1.1768228e+03
1	2	14	62	1.3680095e+03
1	2	14	63	1.2344351e+03
1	2	15	0	6.3341541e+02
1	2	15	1	6.2010181e+02
1	2	15	2	5.9078925e+02
1	2	15	3	5.7347992e+02
1	2	15	4	6.0783264e+02
1	2	15	5	6.5039105e+02
1	2	15	6	5.5499341e+02
1	2	15	7	5.4445880e+02
1	2	15	8	5.7249280e+02
1	2	15	9	6.4533783e+02
1	2	15	10	5.2870441e+02
1	2	15	11	6.0256732e+02
1	2	15	12	4.4495172e+02
1	2	15	13	5.2604785e+02
1	2	15	14	6.0677588e+02
1	2	15	15	4.7348727e+02
1	2	15	16	5.3876263e+02
1	2	15	17	4.5318683e+02
1	2	15	18	3.7258792e+02
1	2	15	19	4.7814297e+02
1	2	15	20	3.9106067e+02
1	2	15	21	4.8616504e+02
1	2	15	22	4.2971255e+02
1	2	15	23	6.0552673e+02
1	2	15	24	4.4474536e+02
1	2	15	25	5.5646936e+02
1	2	15	26	4.6179193e+02
1	2	15	27	4.5469150e+02
1	2	15	28	4.7740753e+02
1	2	15	29	5.1240021e+02
1	2	15	30	4.7086224e+02
1	2	15	31	3.9920322e+02
1	2	15	32	3.7689578e+02
1	2	15	33	5.4951770e+02
1	2	15	34	1.1159961e+03
1	2	15	35	1.0938350e+03
1	2	15	36	1.2925887e+03
1	2	15	37	1.2695001e+03
1	2	15	38	1.1875521e+03
1	2	15	39	1.1584980e+03
1	2	15	40	1.2820416e+03
1	2	15	41	1.2000782e+03
1	2	15	42	1.2309152e+03
1	2	15	43	1.1645812e+03
1	2	15	44	1.2688739e+03
1	2	15	45	1.2585386e+03
1	2	15	46	1.3077456e+03
1	2	15	47	1.3788156e+03
1	2	15	48	1.2810137e+03
1	2	15	49	1.1502803e+03
1	2	15	50	1.2003219e+03
1	2	15	51	1.9190525e+03
1	2	15	52	1.9565861e+03
1	2	15	53	1.4772297e+03
1	2	15	54	1.5011719e+03
1	2	15	55	1.5650135e+03
1	2	15	56	1.6806433e+03
1	2	15	57	1.6761128e+03
1	2	15	58	1.5232278e+03
1	2	15	59	1.4874832e+03
1	2	15	60	1.6469132e+03
1	2	15	61	1.4331555e+03
1	2	15	62	1.5505265e+03
1	2	15	63	1.6678840e+03
