0	0	0	0	-4.5428829e+02
0	0	0	1	-5.7858855e+02
0	0	0	2	-4.2509311e+02
0	0	0	3	-4.8499799e+02
0	0	0	4	-6.2662970e+02
0	0	0	5	-5.6446150e+02
0	0	0	6	-5.7456763e+02
0	0	0	7	-5.0630146e+02
0	0	0	8	-5.5991663e+02
0	0	0	9	-4.9080939e+02
0	0	0	10	-5.9364208e+02
0	0	0	11	-5.2379800e+02
0	0	0	12	-7.0562690e+02
0	0	0	13	-5.9615990e+02
0	0	0	14	-5.4315575e+02
0	0	0	15	-5.3750603e+02
0	0	0	16	-6.0622064e+02
0	0	0	17	-6.9286999e+02
0	0	0	18	-5.4410868e+02
0	0	0	19	-7.1442733e+02
0	0	0	20	-5.9546886e+02
0	0	0	21	-6.1961225e+02
0	0	0	22	-7.1687165e+02
0	0	0	23	-6.4835734e+02
0	0	0	24	-6.8018526e+02
0	0	0	25	-6.7432083e+02
0	0	0	26	-7.4306604e+02
0	0	0	27	-7.7828684e+02
0	0	0	28	-6.4756781e+02
0	0	0	29	-7.1754568e+02
0	0	0	30	-7.1371920e+02
0	0	0	31	-7.2371404e+02
0	0	0	32	-7.0238884e+02
0	0	0	33	-7.8624534e+02
0	0	0	34	-1.7037679e+02
0	0	0	35	-1.5362609e+02
0	0	0	36	-1.7255102e+02
0	0	0	37	-2.3023918e+02
0	0	0	38	-1.6990311e+02
0	0	0	39	-1.2881073e+02
0	0	0	40	-2.0593887e+02
0	0	0	41	-2.0678100e+02
0	0	0	42	-1.2462819e+02
0	0	0	43	-1.2586661e+02
0	0	0	44	-1.2246204e+02
0	0	0	45	-2.0230130e+02
0	0	0	46	-1.0387398e+02
0	0	0	47	-1.3941982e+02
0	0	0	48	-1.9039182e+02
0	0	0	49	-2.8960724e+02
0	0	0	50	-1.8996115e+02
0	0	0	51	2.4633384e+02
0	0	0	52	2.9543221e+02
0	0	0	53	-6.4641372e+01
0	0	0	54	-5.0310563e+01
0	0	0	55	2.0523693e+01
0	0	0	56	1.9774409e+02
0	0	0	57	1.3387399e+02
0	0	0	58	9.4024952e+01
0	0	0	59	1.0632884e+01
0	0	0	60	4.4700135e+01
0	0	0	61	-1.0672321e+02
0	0	0	62	3.4165084e+01
0	0	0	63	5.5298930e+01
0	0	1	0	-3.7326221e+02
0	0	1	1	-4.6897541e+02
0	0	1	2	-4.4021854e+02
0	0	1	3	-5.1777407e+02
0	0	1	4	-4.9890401e+02
0	0	1	5	-4.0802838e+02
0	0	1	6	-4.8310620e+02
0	0	1	7	-4.9078353e+02
0	0	1	8	-5.0304512e+02
0	0	1	9	-4.0458478e+02
0	0	1	10	-4.4776700e+02
0	0	1	11	-4.6838309e+02
0	0	1	12	-5.0473943e+02
0	0	1	13	-4.6608718e+02
0	0	1	14	-5.6180159e+02
0	0	1	15	-5.4924055e+02
0	0	1	16	-5.8442744e+02
0	0	1	17	-4.2762281e+02
0	0	1	18	-4.3091832e+02
0	0	1	19	-4.7427824e+02
0	0	1	20	-5.2564730e+02
0	0	1	21	-5.9024534e+02
0	0	1	22	-5.8384357e+02
0	0	1	23	-5.3709149e+02
0	0	1	24	-5.1615399e+02
0	0	1	25	-4.8355653e+02
0	0	1	26	-5.8970345e+02
0	0	1	27	-4.9409049e+02
0	0	1	28	-5.5999427e+02
0	0	1	29	-5.3316451e+02
0	0	1	30	-4.6190042e+02
0	0	1	31	-5.6240671e+02
0	0	1	32	-5.5969211e+02
0	0	1	33	-5.2922968e+02
0	0	1	34	-4.6901638e+01
0	0	1	35	-5.8997690e+01
0	0	1	36	-6.1763072e+00
0	0	1	37	4.8947136e+01
0	0	1	38	3.0949413e+01
0	0	1	39	-1.2823072e+01
0	0	1	40	9.7613792e+01
0	0	1	41	-1.0281459e+01
0	0	1	42	4.6563090e+01
0	0	1	43	-2.4666617e+01
0	0	1	44	5.8010292e+01
0	0	1	45	4.4235780e+01
0	0	1	46	4.7356482e+01
0	0	1	47	2.9811990e+00
0	0	1	48	8.5913001e+01
0	0	1	49	-3.3812076e+00
0	0	1	50	9.2111338e-01
0	0	1	51	5.2429582e+02
0	0	1	52	4.7804652e+02
0	0	1	53	1.8151993e+02
0	0	1	54	2.1222724e+02
0	0	1	55	2.5477291e+02
0	0	1	56	3.4794589e+02
0	0	1	57	2.9014701e+02
0	0	1	58	2.1468475e+02
0	0	1	59	2.0866052e+02
0	0	1	60	2.8431197e+02
0	0	1	61	2.4009833e+02
0	0	1	62	1.7558373e+02
0	0	1	63	3.5848991e+02
0	0	2	0	-4.4246563e+01
0	0	2	1	-3.2764533e+02
0	0	2	2	-8.0168739e+01
0	0	2	3	-4.3515126e+01
0	0	2	4	-1.3071500e+02
0	0	2	5	-1.6451369e+02
0	0	2	6	-1.0526741e+02
0	0	2	7	-1.3326241e+02
0	0	2	8	-1.6836282e+02
0	0	2	9	-1.7417317e+02
0	0	2	10	-1.4555266e+02
0	0	2	11	-1.2787845e+02
0	0	2	12	-2.7520429e+02
0	0	2	13	-4.0817188e+02
0	0	2	14	-3.0133283e+01
0	0	2	15	-1.0814339e+02
0	0	2	16	-1.6552097e+02
0	0	2	17	-2.4166370e+02
0	0	2	18	-1.8328085e+02
0	0	2	19	-2.3737513e+02
0	0	2	20	-2.8576015e+02
0	0	2	21	-9.1888930e+01
0	0	2	22	-1.9256214e+02
0	0	2	23	-2.8827999e+02
0	0	2	24	-4.2102209e+02
0	0	2	25	-2.0014723e+02
0	0	2	26	-2.2805832e+02
0	0	2	27	-3.2007707e+02
0	0	2	28	-2.2099652e+02
0	0	2	29	-4.5159877e+02
0	0	2	30	-1.4673800e+02
0	0	2	31	-4.6906574e+02
0	0	2	32	-2.5334815e+02
0	0	2	33	-2.6714685e+02
0	0	2	34	2.1684198e+02
0	0	2	35	3.0111970e+02
0	0	2	36	2.3113793e+02
0	0	2	37	2.0539528e+02
0	0	2	38	1.7416227e+02
0	0	2	39	2.0601635e+02
0	0	2	40	2.6125352e+02
0	0	2	41	1.9621873e+02
0	0	2	42	2.1690046e+02
0	0	2	43	2.8703859e+02
0	0	2	44	2.0344935e+02
0	0	2	45	1.3372635e+02
0	0	2	46	1.5882082e+02
0	0	2	47	1.9495353e+02
0	0	2	48	2.7095005e+02
0	0	2	49	1.2140113e+02
0	0	2	50	2.0996097e+02
0	0	2	51	7.3713265e+02
0	0	2	52	7.4758183e+02
0	0	2	53	2.3967199e+02
0	0	2	54	4.3396567e+02
0	0	2	55	4.4895855e+02
0	0	2	56	4.0134536e+02
0	0	2	57	5.1901525e+02
0	0	2	58	5.0686572e+02
0	0	2	59	4.1108061e+02
0	0	2	60	4.8988384e+02
0	0	2	61	3.8625881e+02
0	0	2	62	5.0460253e+02
0	0	2	63	5.2295995e+02
0	0	3	0	-2.3626142e+02
0	0	3	1	-4.2103141e+02
0	0	3	2	-3.3063033e+02
0	0	3	3	-5.2589951e+02
0	0	3	4	-3.6851297e+02
0	0	3	5	-3.8849931e+02
0	0	3	6	-3.5236516e+02
0	0	3	7	-4.2675988e+02
0	0	3	8	-4.9899823e+02
0	0	3	9	-3.9089836e+02
0	0	3	10	-4.3202907e+02
0	0	3	11	-4.0368114e+02
0	0	3	12	-4.1861306e+02
0	0	3	13	-3.6984528e+02
0	0	3	14	-3.7568264e+02
0	0	3	15	-3.3151482e+02
0	0	3	16	-4.4968893e+02
0	0	3	17	-3.9305174e+02
0	0	3	18	-5.3248346e+02
0	0	3	19	-4.2394161e+02
0	0	3	20	-5.3176754e+02
0	0	3	21	-5.6358429e+02
0	0	3	22	-4.8586212e+02
0	0	3	23	-3.2889560e+02
0	0	3	24	-6.5425176e+02
0	0	3	25	-4.9261718e+02
0	0	3	26	-4.9320057e+02
0	0	3	27	-4.7030068e+02
0	0	3	28	-5.3417044e+02
0	0	3	29	-5.1159671e+02
0	0	3	30	-6.6283917e+02
0	0	3	31	-5.2321032e+02
0	0	3	32	-5.2183576e+02
0	0	3	33	-5.8915699e+02
0	0	3	34	-1.0938356e+02
0	0	3	35	-8.5890884e+01
0	0	3	36	5.5625345e+00
0	0	3	37	1.5434948e+01
0	0	3	38	4.3229038e+01
0	0	3	39	-5.5382594e+01
0	0	3	40	3.6028119e+01
0	0	3	41	4.4267401e+01
0	0	3	42	8.5083696e+01
0	0	3	43	-3.7597913e+01
0	0	3	44	1.0059171e+02
0	0	3	45	-1.4493492e+02
0	0	3	46	5.6628490e+01
0	0	3	47	-1.6403560e+02
0	0	3	48	2.3679361e+01
0	0	3	49	1.0719479e+02
0	0	3	50	-1.8291151e+01
0	0	3	51	4.1650814e+02
0	0	3	52	4.8220344e+02
0	0	3	53	2.0340652e+02
0	0	3	54	2.6824640e+02
0	0	3	55	3.2042078e+02
0	0	3	56	2.4348654e+02
0	0	3	57	2.9935435e+02
0	0	3	58	1.8934473e+02
0	0	3	59	2.4584675e+02
0	0	3	60	2.8628562e+02
0	0	3	61	1.9361320e+02
0	0	3	62	1.9757650e+02
0	0	3	63	3.8937573e+02
0	0	4	0	-1.2331629e+02
0	0	4	1	-3.8663223e+02
0	0	4	2	-1.7497818e+02
0	0	4	3	-2.1105480e+02
0	0	4	4	-2.1162902e+02
0	0	4	5	-2.3128950e+02
0	0	4	6	-2.2028599e+02
0	0	4	7	-1.8163826e+02
0	0	4	8	-3.0544825e+02
0	0	4	9	-1.3916955e+02
0	0	4	10	-3.8126414e+02
0	0	4	11	-2.4341777e+02
0	0	4	12	-3.9181264e+02
0	0	4	13	-2.6379035e+02
0	0	4	14	-1.7906570e+02
0	0	4	15	-2.4906642e+02
0	0	4	16	-2.6552027e+02
0	0	4	17	-3.5919684e+02
0	0	4	18	-2.6477102e+02
0	0	4	19	-3.8095817e+02
0	0	4	20	-3.1895124e+02
0	0	4	21	-3.2463704e+02
0	0	4	22	-4.0508958e+02
0	0	4	23	-3.0260008e+02
0	0	4	24	-3.3284264e+02
0	0	4	25	-2.3826728e+02
0	0	4	26	-3.3902289e+02
0	0	4	27	-3.1917868e+02
0	0	4	28	-2.8723976e+02
0	0	4	29	-4.1114415e+02
0	0	4	30	-4.1089887e+02
0	0	4	31	-3.5110016e+02
0	0	4	32	-3.6465145e+02
0	0	4	33	-5.8949086e+02
0	0	4	34	1.5158038e+02
0	0	4	35	1.6692997e+02
0	0	4	36	6.3596814e-01
0	0	4	37	1.4658082e+02
0	0	4	38	1.5148363e+02
0	0	4	39	1.0990801e+01
0	0	4	40	1.1095857e+02
0	0	4	41	1.6949753e+02
0	0	4	42	1.8117014e+02
0	0	4	43	2.0376007e+02
0	0	4	44	2.7153411e+02
0	0	4	45	2.0408760e+02
0	0	4	46	2.2015570e+02
0	0	4	47	1.3148265e+02
0	0	4	48	2.6345807e+02
0	0	4	49	2.6178804e+02
0	0	4	50	1.4847666e+02
0	0	4	51	5.4810384e+02
0	0	4	52	7.5086851e+02
0	0	4	53	3.5563895e+02
0	0	4	54	4.2285019e+02
0	0	4	55	3.2447791e+02
0	0	4	56	4.1265789e+02
0	0	4	57	5.5391755e+02
0	0	4	58	4.1486731e+02
0	0	4	59	4.4128173e+02
0	0	4	60	4.5708889e+02
0	0	4	61	3.5090120e+02
0	0	4	62	3.6898359e+02
0	0	4	63	2.7028316e+02
0	0	5	0	-5.2162674e+02
0	0	5	1	-5.0188480e+02
0	0	5	2	-5.6854196e+02
0	0	5	3	-5.1811574e+02
0	0	5	4	-6.3035858e+02
0	0	5	5	-5.1615881e+02
0	0	5	6	-6.0772672e+02
0	0	5	7	-5.4343928e+02
0	0	5	8	-6.3337666e+02
0	0	5	9	-5.3803269e+02
0	0	5	10	-5.3492259e+02
0	0	5	11	-5.4065098e+02
0	0	5	12	-5.6533124e+02
0	0	5	13	-5.6371394e+02
0	0	5	14	-5.6485134e+02
0	0	5	15	-6.5522904e+02
0	0	5	16	-4.4243634e+02
0	0	5	17	-7.1408506e+02
0	0	5	18	-6.4245183e+02
0	0	5	19	-4.5893278e+02
0	0	5	20	-7.8583056e+02
0	0	5	21	-6.6256338e+02
0	0	5	22	-6.5798407e+02
0	0	5	23	-5.9061984e+02
0	0	5	24	-6.4535748e+02
0	0	5	25	-7.2771674e+02
0	0	5	26	-6.4982836e+02
0	0	5	27	-7.8726506e+02
0	0	5	28	-6.8727129e+02
0	0	5	29	-6.7685178e+02
0	0	5	30	-6.2203858e+02
0	0	5	31	-6.9747417e+02
0	0	5	32	-7.1465691e+02
0	0	5	33	-6.6577055e+02
0	0	5	34	-2.1250091e+02
0	0	5	35	-2.2812486e+02
0	0	5	36	-7.7930418e+01
0	0	5	37	-1.8328608e+02
0	0	5	38	-8.7222394e+01
0	0	5	39	-1.7737268e+02
0	0	5	40	-1.6213810e+02
0	0	5	41	-1.6449809e+02
0	0	5	42	-5.1729622e+01
0	0	5	43	-1.4471285e+02
0	0	5	44	1.0854675e+01
0	0	5	45	-8.8755016e+01
0	0	5	46	-3.3932451e+01
0	0	5	47	-1.3552939e+02
0	0	5	48	-1.5500716e+02
0	0	5	49	-8.5064138e+00
0	0	5	50	-1.1453592e+02
0	0	5	51	3.8132480e+02
0	0	5	52	2.9109503e+02
0	0	5	53	1.5311652e+02
0	0	5	54	1.9083234e+02
0	0	5	55	1.8543125e+02
0	0	5	56	2.2127355e+02
0	0	5	57	1.3097603e+02
0	0	5	58	1.2289384e+02
0	0	5	59	1.6135703e+02
0	0	5	60	7.2132861e+01
0	0	5	61	6.6648035e+01
0	0	5	62	1.3669448e+02
0	0	5	63	2.6793656e+02
0	0	6	0	-7.0622271e+01
0	0	6	1	-4.5712109e+01
0	0	6	2	-1.0992539e+02
0	0	6	3	-1.3056149e+02
0	0	6	4	-1.2038116e+02
0	0	6	5	-2.7261676e+00
0	0	6	6	9.9835761e+00
0	0	6	7	-3.5440377e+01
0	0	6	8	-3.4075639e+01
0	0	6	9	-1.0396620e+01
0	0	6	10	-4.3350360e+01
0	0	6	11	-5.7739684e+01
0	0	6	12	-5.5866810e+01
0	0	6	13	-1.6501633e+01
0	0	6	14	-4.0191498e+01
0	0	6	15	-3.3149954e+01
0	0	6	16	-2.9748106e+02
0	0	6	17	-1.4768639e+02
0	0	6	18	-9.2723983e+01
0	0	6	19	-1.1586672e+02
0	0	6	20	-1.6651349e+02
0	0	6	21	-8.5402229e+01
0	0	6	22	-3.9414971e+01
0	0	6	23	-9.4628902e+01
0	0	6	24	-9.2756175e+01
0	0	6	25	-7.1282030e+01
0	0	6	26	-2.1637177e+02
0	0	6	27	-1.7248578e+02
0	0	6	28	-1.2923122e+02
0	0	6	29	-2.8707905e+02
0	0	6	30	-1.7274108e+02
0	0	6	31	-2.5762484e+02
0	0	6	32	-1.4048184e+02
0	0	6	33	-3.9988294e+02
0	0	6	34	3.4019067e+02
0	0	6	35	2.8090113e+02
0	0	6	36	3.7299773e+02
0	0	6	37	4.8363174e+02
0	0	6	38	2.7725924e+02
0	0	6	39	3.5193801e+02
0	0	6	40	2.9317810e+02
0	0	6	41	2.2465648e+02
0	0	6	42	3.8677977e+02
0	0	6	43	3.9571308e+02
0	0	6	44	5.2245100e+02
0	0	6	45	3.8968443e+02
0	0	6	46	5.7227035e+02
0	0	6	47	2.8386739e+02
0	0	6	48	4.2054182e+02
0	0	6	49	5.6388177e+02
0	0	6	50	3.0868302e+02
0	0	6	51	8.0902765e+02
0	0	6	52	7.4100661e+02
0	0	6	53	4.5992073e+02
0	0	6	54	3.6669052e+02
0	0	6	55	7.0651587e+02
0	0	6	56	5.8920406e+02
0	0	6	57	5.9394880e+02
0	0	6	58	5.2188498e+02
0	0	6	59	5.6509156e+02
0	0	6	60	6.4947922e+02
0	0	6	61	6.4210813e+02
0	0	6	62	6.0836917e+02
0	0	6	63	7.1447557e+02
0	0	7	0	5.2881716e+01
0	0	7	1	-1.7729334e+02
0	0	7	2	-1.2192299e+02
0	0	7	3	-1.5647480e+02
0	0	7	4	-2.5176006e+02
0	0	7	5	-1.0442302e+02
0	0	7	6	-2.2629198e+02
0	0	7	7	-2.1385272e+02
0	0	7	8	-2.0862585e+02
0	0	7	9	-1.1664148e+02
0	0	7	10	-2.1461174e+02
0	0	7	11	-2.2203906e+02
0	0	7	12	-4.1091290e+02
0	0	7	13	-2.2124101e+02
0	0	7	14	-4.0874297e+02
0	0	7	15	-1.8561426e+02
0	0	7	16	-4.0776907e+02
0	0	7	17	-2.4279432e+02
0	0	7	18	-2.6159780e+02
0	0	7	19	-7.6904490e+01
0	0	7	20	-3.7595487e+02
0	0	7	21	-3.8417119e+02
0	0	7	22	-2.6544142e+02
0	0	7	23	-3.1231226e+02
0	0	7	24	-4.3770853e+02
0	0	7	25	-2.1727434e+02
0	0	7	26	-2.4363649e+02
0	0	7	27	-3.1780110e+02
0	0	7	28	-2.8788273e+02
0	0	7	29	-3.0718792e+02
0	0	7	30	-3.4478800e+02
0	0	7	31	-4.3630009e+02
0	0	7	32	-4.3710201e+02
0	0	7	33	-3.8185469e+02
0	0	7	34	5.3889989e+01
0	0	7	35	-3.3425927e+01
0	0	7	36	1.8643257e+02
0	0	7	37	2.8084423e+02
0	0	7	38	9.0150372e+01
0	0	7	39	2.1881934e+02
0	0	7	40	2.2364267e+02
0	0	7	41	1.1514117e+02
0	0	7	42	2.4964740e+02
0	0	7	43	1.3746120e+02
0	0	7	44	1.7599258e+02
0	0	7	45	8.9356161e+01
0	0	7	46	3.0829893e+02
0	0	7	47	2.5899721e+02
0	0	7	48	2.6324908e+02
0	0	7	49	2.9407462e+02
0	0	7	50	2.0431573e+02
0	0	7	51	6.8006246e+02
0	0	7	52	5.2566484e+02
0	0	7	53	3.5541256e+02
0	0	7	54	3.1086955e+02
0	0	7	55	4.1942583e+02
0	0	7	56	4.9170101e+02
0	0	7	57	4.5456661e+02
0	0	7	58	2.6830684e+02
0	0	7	59	4.2043227e+02
0	0	7	60	4.8680504e+02
0	0	7	61	2.6081539e+02
0	0	7	62	3.8183429e+02
0	0	7	63	5.3157649e+02
0	0	8	0	-5.4353243e+01
0	0	8	1	-1.9351803e+02
0	0	8	2	-7.2837100e+01
0	0	8	3	-1.5026441e+02
0	0	8	4	-1.4462646e+02
0	0	8	5	-3.6169003e+02
0	0	8	6	-3.7814285e+02
0	0	8	7	-1.5728118e+01
0	0	8	8	-1.1886560e+02
0	0	8	9	-2.3220426e+02
0	0	8	10	-1.5353608e+02
0	0	8	11	-3.3872455e+02
0	0	8	12	-2.4633769e+02
0	0	8	13	-2.8498942e+02
0	0	8	14	-3.7037024e+02
0	0	8	15	-2.5592861e+02
0	0	8	16	-4.8981043e+02
0	0	8	17	-2.7578338e+02
0	0	8	18	-4.0192113e+02
0	0	8	19	-3.8729479e+02
0	0	8	20	-2.3593212e+02
0	0	8	21	-3.2023496e+02
0	0	8	22	-1.9517189e+02
0	0	8	23	-3.1718755e+02
0	0	8	24	-3.4860488e+02
0	0	8	25	-2.7728801e+02
0	0	8	26	-4.9084077e+02
0	0	8	27	-3.7612513e+02
0	0	8	28	-3.4754572e+02
0	0	8	29	-3.3541322e+02
0	0	8	30	-2.7687611e+02
0	0	8	31	-2.0714200e+02
0	0	8	32	-3.1414980e+02
0	0	8	33	-3.4484678e+02
0	0	8	34	1.7763881e+02
0	0	8	35	2.3208407e+02
0	0	8	36	2.5340355e+02
0	0	8	37	1.9159939e+02
0	0	8	38	2.5139979e+01
0	0	8	39	1.5697576e+02
0	0	8	40	2.2809274e+02
0	0	8	41	1.4503458e+02
0	0	8	42	2.7554712e+02
0	0	8	43	3.0448773e+02
0	0	8	44	3.0392691e+02
0	0	8	45	2.4420915e+02
0	0	8	46	4.8013385e+01
0	0	8	47	2.0532596e+02
0	0	8	48	2.3275810e+02
0	0	8	49	2.1103096e+02
0	0	8	50	2.7203363e+02
0	0	8	51	5.6432201e+02
0	0	8	52	6.6080705e+02
0	0	8	53	3.8491453e+02
0	0	8	54	4.3456943e+02
0	0	8	55	4.3492230e+02
0	0	8	56	6.2552065e+02
0	0	8	57	4.9084267e+02
0	0	8	58	4.0264642e+02
0	0	8	59	3.8685801e+02
0	0	8	60	4.5902432e+02
0	0	8	61	2.2467364e+02
0	0	8	62	2.7155538e+02
0	0	8	63	4.5471122e+02
0	0	9	0	-4.5499513e+02
0	0	9	1	-3.0225604e+02
0	0	9	2	-3.4025164e+02
0	0	9	3	-2.7155668e+02
0	0	9	4	-3.9266023e+02
0	0	9	5	-3.7233537e+02
0	0	9	6	-4.0388806e+02
0	0	9	7	-3.6208003e+02
0	0	9	8	-3.7373656e+02
0	0	9	9	-3.6812840e+02
0	0	9	10	-3.8393589e+02
0	0	9	11	-3.7749796e+02
0	0	9	12	-5.3909256e+02
0	0	9	13	-3.7511966e+02
0	0	9	14	-4.0989251e+02
0	0	9	15	-2.2512780e+02
0	0	9	16	-5.0320602e+02
0	0	9	17	-4.1765068e+02
0	0	9	18	-3.9431162e+02
0	0	9	19	-5.4564041e+02
0	0	9	20	-5.1832173e+02
0	0	9	21	-4.9652983e+02
0	0	9	22	-4.4297493e+02
0	0	9	23	-3.7957655e+02
0	0	9	24	-4.6450813e+02
0	0	9	25	-5.4520962e+02
0	0	9	26	-4.4744980e+02
0	0	9	27	-5.2835951e+02
0	0	9	28	-4.8528757e+02
0	0	9	29	-5.1162664e+02
0	0	9	30	-5.9847246e+02
0	0	9	31	-6.0925499e+02
0	0	9	32	-6.0737841e+02
0	0	9	33	-5.3900619e+02
0	0	9	34	-3.6475359e+01
0	0	9	35	-1.4462365e+02
0	0	9	36	1.0903906e+02
0	0	9	37	1.2314417e+01
0	0	9	38	3.6744703e+01
0	0	9	39	-6.9458104e+01
0	0	9	40	1.8366933e+02
0	0	9	41	-3.6371015e+01
0	0	9	42	-2.6824130e+00
0	0	9	43	-1.7296229e+02
0	0	9	44	1.2686202e+02
0	0	9	45	-5.3975037e+01
0	0	9	46	1.0578887e+02
0	0	9	47	5.5688895e+01
0	0	9	48	5.0270141e+01
0	0	9	49	-7.1665570e+01
0	0	9	50	2.8469374e+01
0	0	9	51	5.0121056e+02
0	0	9	52	5.6563586e+02
0	0	9	53	2.6127453e+02
0	0	9	54	2.7329369e+02
0	0	9	55	2.3734553e+02
0	0	9	56	3.0642832e+02
0	0	9	57	3.3701795e+02
0	0	9	58	2.9517145e+02
0	0	9	59	1.4215127e+02
0	0	9	60	3.0323372e+02
0	0	9	61	1.8148367e+02
0	0	9	62	2.2002049e+02
0	0	9	63	3.1299277e+02
0	0	10	0	-1.0531520e+02
0	0	10	1	-1.6707565e+02
0	0	10	2	-3.6677255e+01
0	0	10	3	-2.2880128e+02
0	0	10	4	-4.7764436e+01
0	0	10	5	-6.4682854e+01
0	0	10	6	-1.3720653e+02
0	0	10	7	8.9751914e+01
0	0	10	8	-1.5544147e+02
0	0	10	9	-1.6016626e+02
0	0	10	10	-8.9058516e+01
0	0	10	11	-1.1982100e+02
0	0	10	12	-1.4144870e+02
0	0	10	13	-1.1738153e+02
0	0	10	14	-1.2808561e+02
0	0	10	15	-1.6959709e+02
0	0	10	16	-2.1236709e+02
0	0	10	17	-3.8090337e+02
0	0	10	18	-2.3684281e+02
0	0	10	19	-3.0568497e+02
0	0	10	20	-9.7665457e+01
0	0	10	21	-1.5240592e+02
0	0	10	22	-2.8194388e+02
0	0	10	23	-2.1456339e+02
0	0	10	24	-3.9994298e+02
0	0	10	25	-1.9212733e+02
0	0	10	26	-2.8529691e+02
0	0	10	27	0.0000000e+00
0	0	10	28	-2.3782214e+02
0	0	10	29	-3.7273964e+02
0	0	10	30	-4.0438528e+02
0	0	10	31	-2.4658194e+02
0	0	10	32	-2.8346682e+02
0	0	10	33	-2.4103367e+02
0	0	10	34	2.3219537e+02
0	0	10	35	1.2431113e+02
0	0	10	36	3.0352153e+02
0	0	10	37	2.9080533e+02
0	0	10	38	5.1813415e+02
0	0	10	39	2.6849546e+02
0	0	10	40	2.8634017e+02
0	0	10	41	3.6659461e+02
0	0	10	42	1.3042785e+02
0	0	10	43	3.3682748e+02
0	0	10	44	2.9303144e+02
0	0	10	45	2.1807380e+02
0	0	10	46	1.7331372e+02
0	0	10	47	2.7607412e+02
0	0	10	48	3.0875762e+02
0	0	10	49	2.7806689e+02
0	0	10	50	2.0402663e+02
0	0	10	51	6.7843534e+02
0	0	10	52	8.1293875e+02
0	0	10	53	4.1161311e+02
0	0	10	54	4.8536794e+02
0	0	10	55	5.7621008e+02
0	0	10	56	6.8968918e+02
0	0	10	57	6.5113564e+02
0	0	10	58	6.1233610e+02
0	0	10	59	5.3679285e+02
0	0	10	60	6.1398345e+02
0	0	10	61	3.9299892e+02
0	0	10	62	4.6159769e+02
0	0	10	63	5.2006943e+02
0	0	11	0	-7.9557997e+01
0	0	11	1	-3.4052537e+02
0	0	11	2	-2.3568919e+02
0	0	11	3	-2.2860023e+02
0	0	11	4	-2.4687261e+02
0	0	11	5	-1.9435784e+02
0	0	11	6	-1.8651212e+02
0	0	11	7	-2.5522841e+02
0	0	11	8	-2.3717150e+02
0	0	11	9	-4.2402752e+02
0	0	11	10	-2.3649581e+02
0	0	11	11	-2.2900048e+02
0	0	11	12	-4.0888627e+02
0	0	11	13	-4.0442248e+02
0	0	11	14	-3.7264321e+02
0	0	11	15	-2.0018580e+02
0	0	11	16	-5.5310088e+02
0	0	11	17	-2.9992826e+02
0	0	11	18	-3.6959556e+02
0	0	11	19	-3.1843224e+02
0	0	11	20	-3.4353568e+02
0	0	11	21	-3.3314989e+02
0	0	11	22	-2.6370028e+02
0	0	11	23	-3.1437697e+02
0	0	11	24	-3.3317990e+02
0	0	11	25	-6.2230754e+02
0	0	11	26	-5.0782970e+02
0	0	11	27	-3.5488433e+02
0	0	11	28	-3.7996195e+02
0	0	11	29	-3.6560296e+02
0	0	11	30	-3.5304878e+02
0	0	11	31	-3.2870818e+02
0	0	11	32	-4.0709384e+02
0	0	11	33	-3.8929037e+02
0	0	11	34	1.7142697e+02
0	0	11	35	1.7011489e+02
0	0	11	36	3.1768521e+02
0	0	11	37	2.5162239e+02
0	0	11	38	1.3774089e+02
0	0	11	39	1.4358896e+02
0	0	11	40	3.1489257e+02
0	0	11	41	2.2119051e+02
0	0	11	42	1.3887703e+02
0	0	11	43	1.8534758e+02
0	0	11	44	3.1723034e+02
0	0	11	45	1.9153987e+02
0	0	11	46	2.4105339e+02
0	0	11	47	1.5292216e+02
0	0	11	48	1.9013105e+02
0	0	11	49	2.2557937e+02
0	0	11	50	2.1407481e+02
0	0	11	51	4.5485731e+02
0	0	11	52	6.5615737e+02
0	0	11	53	3.9239559e+02
0	0	11	54	3.1809539e+02
0	0	11	55	5.0422761e+02
0	0	11	56	5.3161417e+02
0	0	11	57	4.8399614e+02
0	0	11	58	3.9250049e+02
0	0	11	59	2.8618142e+02
0	0	11	60	4.1940150e+02
0	0	11	61	3.7118465e+02
0	0	11	62	3.3822675e+02
0	0	11	63	4.4405381e+02
0	0	12	0	8.4043723e+01
0	0	12	1	-8.1568878e+01
0	0	12	2	-2.2479477e+01
0	0	12	3	2.0215611e+01
0	0	12	4	-9.3610905e+01
0	0	12	5	-1.0329918e+02
0	0	12	6	-1.5627941e+02
0	0	12	7	-6.6094986e+01
0	0	12	8	-3.4783548e+01
0	0	12	9	-2.3385680e+01
0	0	12	10	-1.7355492e+02
0	0	12	11	4.2176155e-01
0	0	12	12	-2.3482928e+02
0	0	12	13	-8.8396169e+01
0	0	12	14	-5.5412834e+01
0	0	12	15	-2.8186309e+01
0	0	12	16	-2.2893341e+02
0	0	12	17	-2.4189964e+02
0	0	12	18	-2.1055902e-01
0	0	12	19	-3.5047384e+02
0	0	12	20	-2.3253348e+02
0	0	12	21	-1.7288267e+02
0	0	12	22	-1.7651055e+02
0	0	12	23	-1.8783350e+02
0	0	12	24	-3.6546460e+02
0	0	12	25	-1.3730975e+02
0	0	12	26	-2.3283828e+02
0	0	12	27	-2.3607260e+02
0	0	12	28	-1.4329660e+02
0	0	12	29	-3.7697607e+02
0	0	12	30	-2.5166000e+02
0	0	12	31	-3.9680306e+02
0	0	12	32	-3.0066163e+02
0	0	12	33	-2.9581216e+02
0	0	12	34	3.3806583e+02
0	0	12	35	2.9612792e+02
0	0	12	36	2.8018420e+02
0	0	12	37	3.3867529e+02
0	0	12	38	2.7997059e+02
0	0	12	39	2.8451427e+02
0	0	12	40	3.3344319e+02
0	0	12	41	2.2224995e+02
0	0	12	42	3.2292596e+02
0	0	12	43	3.5383268e+02
0	0	12	44	4.3713964e+02
0	0	12	45	2.5360294e+02
0	0	12	46	3.6904526e+02
0	0	12	47	2.4009753e+02
0	0	12	48	3.3680398e+02
0	0	12	49	3.1623531e+02
0	0	12	50	2.5873611e+02
0	0	12	51	8.4540983e+02
0	0	12	52	7.5734207e+02
0	0	12	53	4.1102266e+02
0	0	12	54	5.1639452e+02
0	0	12	55	5.8447541e+02
0	0	12	56	5.2929301e+02
0	0	12	57	6.5214375e+02
0	0	12	58	4.7433165e+02
0	0	12	59	5.7206016e+02
0	0	12	60	5.5050007e+02
0	0	12	61	5.0384637e+02
0	0	12	62	4.9936127e+02
0	0	12	63	5.2970786e+02
0	0	13	0	-2.7352174e+02
0	0	13	1	-4.9245084e+02
0	0	13	2	-3.1959365e+02
0	0	13	3	-2.8728708e+02
0	0	13	4	-2.8861391e+02
0	0	13	5	-2.9185338e+02
0	0	13	6	-3.3580072e+02
0	0	13	7	-2.4540597e+02
0	0	13	8	-3.6632254e+02
0	0	13	9	-2.1661214e+02
0	0	13	10	-2.3705193e+02
0	0	13	11	-4.1008008e+02
0	0	13	12	-3.1810570e+02
0	0	13	13	-2.9965701e+02
0	0	13	14	-5.4075661e+02
0	0	13	15	-2.8364729e+02
0	0	13	16	-3.8827969e+02
0	0	13	17	-3.7294713e+02
0	0	13	18	-4.5832729e+02
0	0	13	19	-4.1310727e+02
0	0	13	20	-5.2578681e+02
0	0	13	21	-3.6542234e+02
0	0	13	22	-3.9112108e+02
0	0	13	23	-3.6857127e+02
0	0	13	24	-4.5338993e+02
0	0	13	25	-3.2127720e+02
0	0	13	26	-4.6815291e+02
0	0	13	27	-5.5823167e+02
0	0	13	28	-3.1200300e+02
0	0	13	29	-4.5545166e+02
0	0	13	30	-4.1321348e+02
0	0	13	31	-6.4833002e+02
0	0	13	32	-4.2281622e+02
0	0	13	33	-3.4577612e+02
0	0	13	34	2.0041419e+02
0	0	13	35	1.3359463e+02
0	0	13	36	-3.7811524e+00
0	0	13	37	2.3029627e+02
0	0	13	38	1.2153896e+02
0	0	13	39	1.3599275e+02
0	0	13	40	1.7698888e+02
0	0	13	41	1.0318385e+02
0	0	13	42	2.1919637e+02
0	0	13	43	1.6514169e+02
0	0	13	44	2.9517416e+02
0	0	13	45	2.0339555e+02
0	0	13	46	2.3604574e+02
0	0	13	47	1.6532603e+02
0	0	13	48	2.5532367e+02
0	0	13	49	2.1639686e+02
0	0	13	50	8.4316521e+01
0	0	13	51	7.3813998e+02
0	0	13	52	7.9197903e+02
0	0	13	53	1.7385383e+02
0	0	13	54	6.4842046e+02
0	0	13	55	4.8736959e+02
0	0	13	56	6.5193942e+02
0	0	13	57	3.5249919e+02
0	0	13	58	4.7105997e+02
0	0	13	59	3.9498974e+02
0	0	13	60	4.5601327e+02
0	0	13	61	4.1443537e+02
0	0	13	62	3.8289512e+02
0	0	13	63	4.2468005e+02
0	0	14	0	-1.4958876e+02
0	0	14	1	-2.1712228e+02
0	0	14	2	-2.8463798e+02
0	0	14	3	-2.5112000e+02
0	0	14	4	-3.2929161e+02
0	0	14	5	-3.9919480e+02
0	0	14	6	-3.4266303e+02
0	0	14	7	-2.3024981e+02
0	0	14	8	-3.8805631e+02
0	0	14	9	-2.3309236e+02
0	0	14	10	-3.8823014e+02
0	0	14	11	-3.0883075e+02
0	0	14	12	-4.9350827e+02
0	0	14	13	-3.1816744e+02
0	0	14	14	-3.1671046e+02
0	0	14	15	-2.7887935e+02
0	0	14	16	-3.8426397e+02
0	0	14	17	-4.1906467e+02
0	0	14	18	-4.0357897e+02
0	0	14	19	-3.5457136e+02
0	0	14	20	-3.5199985e+02
0	0	14	21	-3.4270131e+02
0	0	14	22	-3.9317051e+02
0	0	14	23	-3.2267064e+02
0	0	14	24	-4.7041706e+02
0	0	14	25	-4.3484503e+02
0	0	14	26	-3.6889532e+02
0	0	14	27	-3.7561491e+02
0	0	14	28	-3.3364424e+02
0	0	14	29	-4.5838765e+02
0	0	14	30	-5.6068286e+02
0	0	14	31	-6.0253866e+02
0	0	14	32	-4.7941096e+02
0	0	14	33	-3.8856255e+02
0	0	14	34	-9.6270724e+01
0	0	14	35	-1.6602382e+02
0	0	14	36	1.2276744e+02
0	0	14	37	-1.1872118e+01
0	0	14	38	-1.8640088e+01
0	0	14	39	-1.6402980e+02
0	0	14	40	-5.3625474e+01
0	0	14	41	-1.1463778e+02
0	0	14	42	-6.4371652e+01
0	0	14	43	-1.8755724e+02
0	0	14	44	5.5594882e+01
0	0	14	45	-5.0971388e+00
0	0	14	46	5.9997680e+00
0	0	14	47	-1.2385346e+02
0	0	14	48	2.6283423e+01
0	0	14	49	-1.7697348e+01
0	0	14	50	-6.3260650e+01
0	0	14	51	4.8865120e+02
0	0	14	52	4.7961343e+02
0	0	14	53	2.1261070e+02
0	0	14	54	1.2480052e+02
0	0	14	55	2.5007677e+02
0	0	14	56	3.3010103e+02
0	0	14	57	4.3235067e+02
0	0	14	58	2.4409265e+02
0	0	14	59	2.3095282e+02
0	0	14	60	1.6903431e+02
0	0	14	61	9.9976199e-01
0	0	14	62	1.5153512e+02
0	0	14	63	1.9478992e+02
0	0	15	0	-1.7823153e+02
0	0	15	1	-2.3722400e+02
0	0	15	2	-2.3680583e+02
0	0	15	3	-3.7194797e+02
0	0	15	4	-4.1992855e+02
0	0	15	5	-2.6826872e+02
0	0	15	6	-4.3965178e+02
0	0	15	7	-2.7449650e+02
0	0	15	8	-3.5828920e+02
0	0	15	9	-1.4203271e+02
0	0	15	10	-2.9248944e+02
0	0	15	11	-3.0403439e+02
0	0	15	12	-3.8231546e+02
0	0	15	13	-3.5463002e+02
0	0	15	14	-3.3194009e+02
0	0	15	15	-3.3377902e+02
0	0	15	16	-3.4062275e+02
0	0	15	17	-2.9684573e+02
0	0	15	18	-4.3728549e+02
0	0	15	19	5.7255543e+02
0	0	15	20	-4.2430081e+02
0	0	15	21	-4.7492618e+02
0	0	15	22	-4.3468544e+02
0	0	15	23	-2.3544289e+02
0	0	15	24	-3.7522061e+02
0	0	15	25	-3.6736367e+02
0	0	15	26	-5.6279398e+02
0	0	15	27	-5.5192464e+02
0	0	15	28	-2.8694418e+02
0	0	15	29	-4.1088711e+02
0	0	15	30	-3.5003091e+02
0	0	15	31	-4.7449431e+02
0	0	15	32	-3.5373572e+02
0	0	15	33	-5.2077611e+02
0	0	15	34	2.7305012e+01
0	0	15	35	5.2399774e+01
0	0	15	36	1.5708308e+02
0	0	15	37	2.0232371e+02
0	0	15	38	1.0182518e+02
0	0	15	39	9.9769374e+01
0	0	15	40	2.4990674e+02
0	0	15	41	1.2080847e+02
0	0	15	42	1.5007890e+02
0	0	15	43	5.9754682e+01
0	0	15	44	1.6587748e+02
0	0	15	45	4.0425636e+01
0	0	15	46	1.1153646e+02
0	0	15	47	1.3780064e+02
0	0	15	48	2.3538166e+02
0	0	15	49	1.9784511e+02
0	0	15	50	1.8427525e+02
0	0	15	51	7.2870124e+02
0	0	15	52	5.7277995e+02
0	0	15	53	3.7538496e+02
0	0	15	54	2.3115183e+02
0	0	15	55	3.0185223e+02
0	0	15	56	6.2199907e+02
0	0	15	57	5.5185035e+02
0	0	15	58	2.5704498e+02
0	0	15	59	4.0138211e+02
0	0	15	60	4.2527444e+02
0	0	15	61	3.9655828e+02
0	0	15	62	4.1270926e+02
0	0	15	63	4.8409921e+02
0	1	0	0	-1.3684133e+01
0	1	0	1	-6.5659294e+01
0	1	0	2	-7.2289347e+01
0	1	0	3	-7.2752094e+00
0	1	0	4	-4.5179415e+01
0	1	0	5	-2.0017497e+02
0	1	0	6	-9.8017646e+01
0	1	0	7	1.5117934e+00
0	1	0	8	-2.2720969e+02
0	1	0	9	1.0252525e+01
0	1	0	10	-3.4106455e+01
0	1	0	11	-2.1880386e+02
0	1	0	12	-6.8832143e+01
0	1	0	13	-1.1556916e+02
0	1	0	14	-3.0005530e+01
0	1	0	15	-7.9829450e+00
0	1	0	16	-1.9958807e+02
0	1	0	17	-3.7350783e+02
0	1	0	18	-1.1269895e+02
0	1	0	19	-1.9712444e+02
0	1	0	20	-1.5148217e+02
0	1	0	21	-1.3092113e+02
0	1	0	22	-1.2168232e+02
0	1	0	23	-1.7979089e+02
0	1	0	24	-1.7343920e+02
0	1	0	25	-2.9679405e+02
0	1	0	26	-2.3356028e+02
0	1	0	27	-3.7710612e+02
0	1	0	28	-3.9446646e+02
0	1	0	29	-2.4411797e+02
0	1	0	30	-2.1670993e+02
0	1	0	31	-1.3270916e+02
0	1	0	32	-1.9294677e+02
0	1	0	33	-2.3121973e+02
0	1	0	34	2.0727226e+02
0	1	0	35	3.7725177e+02
0	1	0	36	2.9884167e+02
0	1	0	37	4.0577840e+02
0	1	0	38	2.7093112e+02
0	1	0	39	3.0100264e+02
0	1	0	40	2.5692777e+02
0	1	0	41	3.0659316e+02
0	1	0	42	3.4434479e+02
0	1	0	43	3.6971233e+02
0	1	0	44	2.6768502e+02
0	1	0	45	2.7791680e+02
0	1	0	46	3.6671995e+02
0	1	0	47	3.6101088e+02
0	1	0	48	1.5925569e+02
0	1	0	49	2.4719291e+02
0	1	0	50	3.4443205e+02
0	1	0	51	7.7270259e+02
0	1	0	52	6.8562996e+02
0	1	0	53	3.2801639e+02
0	1	0	54	4.4319837e+02
0	1	0	55	5.7308157e+02
0	1	0	56	7.1396799e+02
0	1	0	57	5.1690375e+02
0	1	0	58	5.5091996e+02
0	1	0	59	2.8556784e+02
0	1	0	60	5.3675100e+02
0	1	0	61	4.8980523e+02
0	1	0	62	5.4732316e+02
0	1	0	63	5.5504153e+02
0	1	1	0	-1.6190831e+02
0	1	1	1	-2.4282014e+02
0	1	1	2	-2.2983017e+02
0	1	1	3	-3.5865014e+02
0	1	1	4	-3.1269877e+02
0	1	1	5	-2.6979582e+02
0	1	1	6	-2.3923580e+02
0	1	1	7	-3.3003409e+02
0	1	1	8	-1.6320645e+02
0	1	1	9	-1.6227137e+02
0	1	1	10	-2.3627309e+02
0	1	1	11	-3.0498962e+02
0	1	1	12	-3.2337500e+02
0	1	1	13	-3.1745022e+02
0	1	1	14	-3.1019944e+02
0	1	1	15	-2.6771973e+02
0	1	1	16	-3.6074261e+02
0	1	1	17	-2.7820478e+02
0	1	1	18	-3.7318876e+02
0	1	1	19	-2.7824879e+02
0	1	1	20	-3.7814415e+02
0	1	1	21	-3.1421247e+02
0	1	1	22	-3.4422324e+02
0	1	1	23	-2.8860628e+02
0	1	1	24	-3.5723227e+02
0	1	1	25	-3.4148721e+02
0	1	1	26	-5.7376739e+02
0	1	1	27	-3.5912573e+02
0	1	1	28	-3.5016604e+02
0	1	1	29	-3.2341857e+02
0	1	1	30	-4.8288079e+02
0	1	1	31	-3.8734122e+02
0	1	1	32	-4.3150179e+02
0	1	1	33	-3.9006195e+02
0	1	1	34	1.5110868e+02
0	1	1	35	3.5022947e+01
0	1	1	36	2.1169830e+02
0	1	1	37	1.3597559e+02
0	1	1	38	1.7116800e+02
0	1	1	39	2.0219294e+02
0	1	1	40	2.8468715e+02
0	1	1	41	1.1639348e+02
0	1	1	42	2.5206801e+02
0	1	1	43	1.8288665e+02
0	1	1	44	2.6469487e+02
0	1	1	45	9.4880538e+01
0	1	1	46	2.8533503e+02
0	1	1	47	1.0864878e+02
0	1	1	48	2.1678818e+02
0	1	1	49	2.6204657e+02
0	1	1	50	2.4420907e+02
0	1	1	51	4.6476703e+02
0	1	1	52	4.5251857e+02
0	1	1	53	3.0817247e+02
0	1	1	54	3.1997727e+02
0	1	1	55	3.9832597e+02
0	1	1	56	4.9610939e+02
0	1	1	57	4.3276328e+02
0	1	1	58	3.7555104e+02
0	1	1	59	1.6989720e+02
0	1	1	60	2.6799063e+02
0	1	1	61	2.8721517e+02
0	1	1	62	2.6877812e+02
0	1	1	63	5.3591601e+02
0	1	2	0	-2.1182647e+02
0	1	2	1	-2.4954590e+02
0	1	2	2	-1.9667316e+02
0	1	2	3	-2.7654796e+02
0	1	2	4	-3.7390333e+02
0	1	2	5	-3.2483679e+02
0	1	2	6	-3.1511178e+02
0	1	2	7	-2.5812191e+02
0	1	2	8	-2.1623777e+02
0	1	2	9	-2.9347894e+02
0	1	2	10	-3.4797176e+02
0	1	2	11	-3.1241000e+02
0	1	2	12	-3.4863977e+02
0	1	2	13	-4.0428312e+02
0	1	2	14	-3.8492273e+02
0	1	2	15	-2.5556502e+02
0	1	2	16	-3.9302866e+02
0	1	2	17	-4.3687477e+02
0	1	2	18	-4.0326136e+02
0	1	2	19	-3.8149549e+02
0	1	2	20	-4.6466918e+02
0	1	2	21	-3.8541257e+02
0	1	2	22	-3.2766432e+02
0	1	2	23	-2.7248599e+02
0	1	2	24	-4.2811461e+02
0	1	2	25	-3.7971965e+02
0	1	2	26	-4.3957590e+02
0	1	2	27	-4.5280278e+02
0	1	2	28	-2.9316786e+02
0	1	2	29	-4.0557255e+02
0	1	2	30	-5.0797581e+02
0	1	2	31	-5.3760440e+02
0	1	2	32	-3.9845919e+02
0	1	2	33	-3.4398922e+02
0	1	2	34	1.1470895e+02
0	1	2	35	1.0826425e+02
0	1	2	36	-1.1270424e+02
0	1	2	37	6.2795763e+01
0	1	2	38	1.0459203e+02
0	1	2	39	9.2741373e+01
0	1	2	40	9.4062462e+01
0	1	2	41	9.9388516e+01
0	1	2	42	1.5052813e+02
0	1	2	43	1.9353171e+02
0	1	2	44	2.3873068e+02
0	1	2	45	7.0890306e+01
0	1	2	46	9.6115177e+01
0	1	2	47	1.2900146e+02
0	1	2	48	1.6473988e+02
0	1	2	49	1.2978876e+02
0	1	2	50	-5.5726935e+01
0	1	2	51	6.7876845e+02
0	1	2	52	7.0229232e+02
0	1	2	53	3.6979504e+02
0	1	2	54	2.3432443e+02
0	1	2	55	4.1186217e+02
0	1	2	56	5.0714470e+02
0	1	2	57	4.4001473e+02
0	1	2	58	2.1257012e+02
0	1	2	59	2.7538449e+02
0	1	2	60	3.7647264e+02
0	1	2	61	2.2463508e+02
0	1	2	62	2.1416152e+02
0	1	2	63	4.4810724e+02
0	1	3	0	-2.2578972e+02
0	1	3	1	-2.4774812e+02
0	1	3	2	-2.9469640e+02
0	1	3	3	-2.0663258e+02
0	1	3	4	-3.8443632e+02
0	1	3	5	-2.3693931e+02
0	1	3	6	-3.4157092e+02
0	1	3	7	-2.1112909e+02
0	1	3	8	-3.3083548e+02
0	1	3	9	-2.7376123e+02
0	1	3	10	-2.9445721e+02
0	1	3	11	-3.0713564e+02
0	1	3	12	-3.7349502e+02
0	1	3	13	-3.9680561e+02
0	1	3	14	-3.8544287e+02
0	1	3	15	-4.3006424e+02
0	1	3	16	-3.6214453e+02
0	1	3	17	-5.5353894e+02
0	1	3	18	-3.9825773e+02
0	1	3	19	-3.1126130e+02
0	1	3	20	-4.0041098e+02
0	1	3	21	-4.4108990e+02
0	1	3	22	-3.7114001e+02
0	1	3	23	-3.4389589e+02
0	1	3	24	-4.1202728e+02
0	1	3	25	-4.3212174e+02
0	1	3	26	-5.6141019e+02
0	1	3	27	-3.8288018e+02
0	1	3	28	-4.7824336e+02
0	1	3	29	-3.8011955e+02
0	1	3	30	-5.0201777e+02
0	1	3	31	-5.2499487e+02
0	1	3	32	-3.9277395e+02
0	1	3	33	-3.7167717e+02
0	1	3	34	2.0048079e+00
0	1	3	35	1.0723116e+02
0	1	3	36	1.2508086e+02
0	1	3	37	1.8677156e+02
0	1	3	38	4.9863866e+01
0	1	3	39	1.3262504e+02
0	1	3	40	2.2589880e+02
0	1	3	41	7.2599596e-01
0	1	3	42	6.8502357e+01
0	1	3	43	1.6684021e+02
0	1	3	44	1.8552003e+02
0	1	3	45	2.0065096e+02
0	1	3	46	1.9062803e+02
0	1	3	47	9.4353707e+01
0	1	3	48	1.5825452e+02
0	1	3	49	1.2459745e+02
0	1	3	50	2.0658622e+02
0	1	3	51	5.6046106e+02
0	1	3	52	5.2392414e+02
0	1	3	53	2.5920593e+02
0	1	3	54	2.3439310e+02
0	1	3	55	3.6133168e+02
0	1	3	56	5.8862449e+02
0	1	3	57	4.3264632e+02
0	1	3	58	2.8702163e+02
0	1	3	59	3.7347902e+02
0	1	3	60	3.6395148e+02
0	1	3	61	3.2760005e+02
0	1	3	62	2.3830413e+02
0	1	3	63	4.3629311e+02
0	1	4	0	-5.9392367e+02
0	1	4	1	-5.4754074e+02
0	1	4	2	-2.8598148e+02
0	1	4	3	-3.7485767e+02
0	1	4	4	-4.0750543e+02
0	1	4	5	-5.6328272e+02
0	1	4	6	-4.5337525e+02
0	1	4	7	-5.4114582e+02
0	1	4	8	-5.0944793e+02
0	1	4	9	-3.9056993e+02
0	1	4	10	-5.2197700e+02
0	1	4	11	-4.0071148e+02
0	1	4	12	-4.4606244e+02
0	1	4	13	-5.0233572e+02
0	1	4	14	-5.9764522e+02
0	1	4	15	-3.4858372e+02
0	1	4	16	-6.0466313e+02
0	1	4	17	-5.6443175e+02
0	1	4	18	-4.2100843e+02
0	1	4	19	-7.4960435e+02
0	1	4	20	-3.7712232e+02
0	1	4	21	-4.8197661e+02
0	1	4	22	-6.0546654e+02
0	1	4	23	-4.1688830e+02
0	1	4	24	-5.3539070e+02
0	1	4	25	-4.5523986e+02
0	1	4	26	-6.0004572e+02
0	1	4	27	-5.2413550e+02
0	1	4	28	-4.7961812e+02
0	1	4	29	-5.8473621e+02
0	1	4	30	-5.1496234e+02
0	1	4	31	-5.5441258e+02
0	1	4	32	-5.5983784e+02
0	1	4	33	-5.4499951e+02
0	1	4	34	5.7642808e+00
0	1	4	35	1.0905224e+02
0	1	4	36	1.6652992e+01
0	1	4	37	6.5904022e+00
0	1	4	38	-1.0235325e+02
0	1	4	39	6.5434742e+00
0	1	4	40	-1.3860320e+01
0	1	4	41	-7.0799873e+01
0	1	4	42	6.8822656e+00
0	1	4	43	1.0208639e+02
0	1	4	44	1.0900105e+02
0	1	4	45	-5.8063942e+01
0	1	4	46	-2.1629996e+00
0	1	4	47	2.4604310e+01
0	1	4	48	-9.4615147e+01
0	1	4	49	1.9360092e+01
0	1	4	50	7.1200985e+01
0	1	4	51	4.1606583e+02
0	1	4	52	5.0703386e+02
0	1	4	53	2.9521898e+02
0	1	4	54	2.3952887e+02
0	1	4	55	1.4910239e+02
0	1	4	56	5.3775426e+02
0	1	4	57	4.1795664e+02
0	1	4	58	2.7084493e+02
0	1	4	59	2.3775643e+02
0	1	4	60	3.7754357e+02
0	1	4	61	1.9731083e+02
0	1	4	62	8.0124401e+01
0	1	4	63	3.3455562e+02
0	1	5	0	-2.4930997e+02
0	1	5	1	-2.2225705e+02
0	1	5	2	-4.7352755e+02
0	1	5	3	-1.4235786e+02
0	1	5	4	-4.0441457e+02
0	1	5	5	-1.7194281e+02
0	1	5	6	-2.9158623e+02
0	1	5	7	-2.6783854e+02
0	1	5	8	-2.4933572e+02
0	1	5	9	-2.9125417e+02
0	1	5	10	-3.3273421e+02
0	1	5	11	-4.0542832e+02
0	1	5	12	-3.9991511e+02
0	1	5	13	-3.3966986e+02
0	1	5	14	-3.3646862e+02
0	1	5	15	-3.3955767e+02
0	1	5	16	-2.5153297e+02
0	1	5	17	-3.7434948e+02
0	1	5	18	-3.3829915e+02
0	1	5	19	-5.0285627e+02
0	1	5	20	-5.6351513e+02
0	1	5	21	-4.4759321e+02
0	1	5	22	-5.3600269e+02
0	1	5	23	-3.2363288e+02
0	1	5	24	-3.8398547e+02
0	1	5	25	-3.3388881e+02
0	1	5	26	-3.5408033e+02
0	1	5	27	-4.3442373e+02
0	1	5	28	-4.5324932e+02
0	1	5	29	-3.6334291e+02
0	1	5	30	-3.8981624e+02
0	1	5	31	-4.8207618e+02
0	1	5	32	-4.7683833e+02
0	1	5	33	-5.0870772e+02
0	1	5	34	1.2225368e+02
0	1	5	35	7.0906494e+01
0	1	5	36	1.3168742e+02
0	1	5	37	-6.9679346e+01
0	1	5	38	6.9759979e+01
0	1	5	39	7.0198881e+01
0	1	5	40	1.3875188e+02
0	1	5	41	4.4709994e+01
0	1	5	42	4.5422514e+01
0	1	5	43	-6.7362087e+00
0	1	5	44	3.0726492e+02
0	1	5	45	-1.9393799e+01
0	1	5	46	8.3270365e+01
0	1	5	47	1.2326633e+02
0	1	5	48	2.1588276e+02
0	1	5	49	2.5724610e+02
0	1	5	50	1.5240138e+02
0	1	5	51	4.2205025e+02
0	1	5	52	5.3903099e+02
0	1	5	53	2.5074470e+02
0	1	5	54	3.2084488e+02
0	1	5	55	3.0220817e+02
0	1	5	56	5.2160935e+02
0	1	5	57	4.2560437e+02
0	1	5	58	1.8976002e+02
0	1	5	59	2.1047650e+02
0	1	5	60	4.8954086e+02
0	1	5	61	2.1898341e+02
0	1	5	62	2.4595377e+02
0	1	5	63	5.0116407e+02
0	1	6	0	-3.8570458e+02
0	1	6	1	-4.6089571e+02
0	1	6	2	-4.3369259e+02
0	1	6	3	-4.5223318e+02
0	1	6	4	-5.3308673e+02
0	1	6	5	-4.5966218e+02
0	1	6	6	-4.7518506e+02
0	1	6	7	-4.2058945e+02
0	1	6	8	-4.5412729e+02
0	1	6	9	-4.4835434e+02
0	1	6	10	-4.9618005e+02
0	1	6	11	-5.8408210e+02
0	1	6	12	-5.8320378e+02
0	1	6	13	-4.4903091e+02
0	1	6	14	-3.9885588e+02
0	1	6	15	-4.2175253e+02
0	1	6	16	-5.6283477e+02
0	1	6	17	-6.5379770e+02
0	1	6	18	-5.0614405e+02
0	1	6	19	-5.8942292e+02
0	1	6	20	-6.7818433e+02
0	1	6	21	-4.8273203e+02
0	1	6	22	-5.4802454e+02
0	1	6	23	-5.8638075e+02
0	1	6	24	-5.6837279e+02
0	1	6	25	-5.8708263e+02
0	1	6	26	-7.6470783e+02
0	1	6	27	-7.0878009e+02
0	1	6	28	-5.3172763e+02
0	1	6	29	-4.2666399e+02
0	1	6	30	-5.0395461e+02
0	1	6	31	-5.8392628e+02
0	1	6	32	-5.7452914e+02
0	1	6	33	-5.3529431e+02
0	1	6	34	-6.1511668e+01
0	1	6	35	3.6675748e+01
0	1	6	36	-1.6001442e+02
0	1	6	37	2.6173787e+01
0	1	6	38	-6.4931181e+00
0	1	6	39	-5.1147568e+01
0	1	6	40	-3.2958643e+00
0	1	6	41	-5.9836736e+01
0	1	6	42	6.6969536e+01
0	1	6	43	5.4847639e+01
0	1	6	44	-8.6134923e+01
0	1	6	45	-9.0753204e+01
0	1	6	46	9.4330901e+01
0	1	6	47	-1.4682481e+02
0	1	6	48	3.3059114e+01
0	1	6	49	-9.7602373e+01
0	1	6	50	-6.5904341e+01
0	1	6	51	5.5408550e+02
0	1	6	52	4.4285786e+02
0	1	6	53	1.6768937e+02
0	1	6	54	-4.0255018e+01
0	1	6	55	2.5774529e+02
0	1	6	56	3.7311084e+02
0	1	6	57	3.5717931e+02
0	1	6	58	3.1239679e+02
0	1	6	59	1.8131916e+02
0	1	6	60	2.3717943e+02
0	1	6	61	1.9390771e+02
0	1	6	62	2.0075617e+02
0	1	6	63	1.8456538e+02
0	1	7	0	-4.0404218e+02
0	1	7	1	-4.7904198e+02
0	1	7	2	-5.2160131e+02
0	1	7	3	-4.7800306e+02
0	1	7	4	-6.5141119e+02
0	1	7	5	-4.6127552e+02
0	1	7	6	-5.4786605e+02
0	1	7	7	-4.9267796e+02
0	1	7	8	-6.7339180e+02
0	1	7	9	-5.4092824e+02
0	1	7	10	-5.9170582e+02
0	1	7	11	-5.3334624e+02
0	1	7	12	-6.4572879e+02
0	1	7	13	-5.4498651e+02
0	1	7	14	-6.3111708e+02
0	1	7	15	-5.4887519e+02
0	1	7	16	-7.6051725e+02
0	1	7	17	-6.6314175e+02
0	1	7	18	-6.4663282e+02
0	1	7	19	-7.0193834e+02
0	1	7	20	-7.6300991e+02
0	1	7	21	-7.0714585e+02
0	1	7	22	-6.9417287e+02
0	1	7	23	-5.5508173e+02
0	1	7	24	-7.5081663e+02
0	1	7	25	-6.1881831e+02
0	1	7	26	-6.7141587e+02
0	1	7	27	-7.2530874e+02
0	1	7	28	-5.8877801e+02
0	1	7	29	-7.0813129e+02
0	1	7	30	-6.6169202e+02
0	1	7	31	-8.1659256e+02
0	1	7	32	-7.4737313e+02
0	1	7	33	-7.4108583e+02
0	1	7	34	-7.8506689e+01
0	1	7	35	-1.7833747e+02
0	1	7	36	-5.4811419e+01
0	1	7	37	-1.1383687e+02
0	1	7	38	-2.8678224e+01
0	1	7	39	-1.3812329e+02
0	1	7	40	-8.4514508e+01
0	1	7	41	-6.3078683e+01
0	1	7	42	-7.1735574e+01
0	1	7	43	-1.7409661e+02
0	1	7	44	-4.7419222e+01
0	1	7	45	-8.7221025e+01
0	1	7	46	-5.7020996e+01
0	1	7	47	-4.7281789e+01
0	1	7	48	-9.5582834e+01
0	1	7	49	-1.9823062e+02
0	1	7	50	-1.4868349e+02
0	1	7	51	2.5359833e+02
0	1	7	52	3.5316334e+02
0	1	7	53	5.7435263e+01
0	1	7	54	7.1534181e+01
0	1	7	55	1.0554836e+02
0	1	7	56	2.1321863e+02
0	1	7	57	1.5415053e+02
0	1	7	58	1.2976955e+02
0	1	7	59	9.2572268e+01
0	1	7	60	1.3784693e+02
0	1	7	61	-1.0719351e+02
0	1	7	62	7.6756220e+01
0	1	7	63	5.6607958e+01
0	1	8	0	-3.8220371e+02
0	1	8	1	-3.9580119e+02
0	1	8	2	-4.4248799e+02
0	1	8	3	-3.9354754e+02
0	1	8	4	-4.9859576e+02
0	1	8	5	-4.1585007e+02
0	1	8	6	-4.7947911e+02
0	1	8	7	-3.5168634e+02
0	1	8	8	-4.6852453e+02
0	1	8	9	-3.9024492e+02
0	1	8	10	-4.2120623e+02
0	1	8	11	-4.0808168e+02
0	1	8	12	-6.2300445e+02
0	1	8	13	-4.4709057e+02
0	1	8	14	-4.2547389e+02
0	1	8	15	-4.6114966e+02
0	1	8	16	-6.2421872e+02
0	1	8	17	-5.4623701e+02
0	1	8	18	-6.9160323e+02
0	1	8	19	-5.7757594e+02
0	1	8	20	-4.5475764e+02
0	1	8	21	-4.9885804e+02
0	1	8	22	-5.0873056e+02
0	1	8	23	-7.3569309e+02
0	1	8	24	-5.5387763e+02
0	1	8	25	-5.8875059e+02
0	1	8	26	-5.5905608e+02
0	1	8	27	-5.7891578e+02
0	1	8	28	-7.0117305e+02
0	1	8	29	-6.3699353e+02
0	1	8	30	-5.1266801e+02
0	1	8	31	-6.1546364e+02
0	1	8	32	-7.2461942e+02
0	1	8	33	-5.8359277e+02
0	1	8	34	-6.5976744e+01
0	1	8	35	-3.8630418e+01
0	1	8	36	-1.5961480e+01
0	1	8	37	6.7405878e+00
0	1	8	38	-1.1429728e+01
0	1	8	39	-1.9964292e+01
0	1	8	40	-3.6961678e+01
0	1	8	41	-3.8278676e+01
0	1	8	42	-2.6473233e+01
0	1	8	43	5.0583408e+01
0	1	8	44	9.7316635e+01
0	1	8	45	1.4653780e+01
0	1	8	46	8.4617230e+01
0	1	8	47	-4.3167691e+01
0	1	8	48	1.0219402e+01
0	1	8	49	-2.8043996e+01
0	1	8	50	2.4301623e+01
0	1	8	51	4.8282460e+02
0	1	8	52	5.1092763e+02
0	1	8	53	1.5038983e+02
0	1	8	54	2.0770384e+02
0	1	8	55	2.7220573e+02
0	1	8	56	3.7538145e+02
0	1	8	57	3.3639491e+02
0	1	8	58	2.3411918e+02
0	1	8	59	1.6698772e+02
0	1	8	60	3.2170256e+01
0	1	8	61	1.4937090e+02
0	1	8	62	1.7899891e+02
0	1	8	63	8.7410511e+01
0	1	9	0	-3.2103772e+02
0	1	9	1	-5.5933648e+02
0	1	9	2	-3.8833976e+02
0	1	9	3	-3.3741393e+02
0	1	9	4	-4.7560360e+02
0	1	9	5	-3.9015185e+02
0	1	9	6	-5.7420636e+02
0	1	9	7	-3.0799158e+02
0	1	9	8	-3.4180854e+02
0	1	9	9	-4.6895927e+02
0	1	9	10	-3.2919111e+02
0	1	9	11	-3.4501167e+02
0	1	9	12	-4.6638163e+02
0	1	9	13	-5.2126239e+02
0	1	9	14	-6.7528802e+02
0	1	9	15	-5.5148597e+02
0	1	9	16	-4.9697032e+02
0	1	9	17	-4.4738716e+02
0	1	9	18	-5.2397634e+02
0	1	9	19	-3.6528697e+02
0	1	9	20	-5.0682387e+02
0	1	9	21	-3.8663996e+02
0	1	9	22	-4.7126509e+02
0	1	9	23	-4.2918989e+02
0	1	9	24	-5.6563137e+02
0	1	9	25	-4.7165296e+02
0	1	9	26	-4.6828474e+02
0	1	9	27	-5.1358106e+02
0	1	9	28	-4.5153153e+02
0	1	9	29	-5.7774700e+02
0	1	9	30	-4.8886435e+02
0	1	9	31	-6.8065087e+02
0	1	9	32	-5.0662668e+02
0	1	9	33	-6.3836134e+02
0	1	9	34	1.2747883e+01
0	1	9	35	-5.7406672e+01
0	1	9	36	2.8473610e+01
0	1	9	37	-6.5019725e+01
0	1	9	38	2.5831024e+01
0	1	9	39	-6.1368377e+00
0	1	9	40	-6.7264374e+01
0	1	9	41	-1.6513109e+02
0	1	9	42	7.6496772e+01
0	1	9	43	7.7902422e+01
0	1	9	44	9.7299573e+01
0	1	9	45	-1.7206790e+02
0	1	9	46	9.4316982e+01
0	1	9	47	1.7056124e+01
0	1	9	48	9.0337320e+01
0	1	9	49	4.6350452e+01
0	1	9	50	5.0160181e+01
0	1	9	51	5.0577233e+02
0	1	9	52	3.9604596e+02
0	1	9	53	1.5124729e+02
0	1	9	54	2.7500401e+02
0	1	9	55	2.1175906e+02
0	1	9	56	3.0874618e+02
0	1	9	57	3.9142641e+02
0	1	9	58	2.2088155e+02
0	1	9	59	1.3579316e+02
0	1	9	60	2.5506149e+02
0	1	9	61	1.7726286e+02
0	1	9	62	2.1882540e+02
0	1	9	63	1.7167634e+02
0	1	10	0	-3.6826384e+02
0	1	10	1	-3.9043812e+02
0	1	10	2	-3.3522368e+02
0	1	10	3	-4.1580536e+02
0	1	10	4	-4.1984392e+02
0	1	10	5	-3.7977317e+02
0	1	10	6	-4.3167412e+02
0	1	10	7	-4.2167854e+02
0	1	10	8	-3.9386343e+02
0	1	10	9	-3.3772187e+02
0	1	10	10	-4.4927995e+02
0	1	10	11	-3.2846416e+02
0	1	10	12	-4.6591276e+02
0	1	10	13	-3.9594500e+02
0	1	10	14	-4.6116810e+02
0	1	10	15	-3.4683557e+02
0	1	10	16	-4.8929901e+02
0	1	10	17	-7.4070535e+02
0	1	10	18	-4.9177020e+02
0	1	10	19	-5.4151877e+02
0	1	10	20	-3.5666936e+02
0	1	10	21	-5.7742738e+02
0	1	10	22	-4.7691157e+02
0	1	10	23	-5.0415146e+02
0	1	10	24	-7.0984098e+02
0	1	10	25	-4.4863018e+02
0	1	10	26	-5.4742050e+02
0	1	10	27	-5.7198982e+02
0	1	10	28	-4.8837665e+02
0	1	10	29	-5.8283397e+02
0	1	10	30	-6.3620650e+02
0	1	10	31	-5.3566224e+02
0	1	10	32	-5.4914019e+02
0	1	10	33	-6.0201225e+02
0	1	10	34	-2.2024790e+02
0	1	10	35	-9.0345085e+01
0	1	10	36	9.6826514e+00
0	1	10	37	-1.0612038e+02
0	1	10	38	-1.3677511e+02
0	1	10	39	-6.0953534e+01
0	1	10	40	3.3400418e+01
0	1	10	41	-1.4892797e+02
0	1	10	42	-8.6499951e+01
0	1	10	43	-1.6282147e+02
0	1	10	44	3.2056190e+01
0	1	10	45	-4.1078394e+01
0	1	10	46	-2.2196149e+01
0	1	10	47	-1.9689190e+02
0	1	10	48	-1.3487595e+01
0	1	10	49	-9.9845926e+00
0	1	10	50	-1.5404730e+01
0	1	10	51	3.6610427e+02
0	1	10	52	2.8294488e+02
0	1	10	53	5.6159405e+01
0	1	10	54	1.0505939e+02
0	1	10	55	1.9039699e+02
0	1	10	56	3.8075228e+02
0	1	10	57	3.4903343e+02
0	1	10	58	1.6562594e+02
0	1	10	59	1.8840852e+02
0	1	10	60	2.3975594e+02
0	1	10	61	1.1265425e+02
0	1	10	62	1.9304287e+02
0	1	10	63	3.3299587e+02
0	1	11	0	-1.2411953e+02
0	1	11	1	-2.6604702e+02
0	1	11	2	-2.4202448e+02
0	1	11	3	-2.0226379e+02
0	1	11	4	-4.1900180e+02
0	1	11	5	-2.5459642e+02
0	1	11	6	-2.0482069e+02
0	1	11	7	-1.8892011e+02
0	1	11	8	-2.7085538e+02
0	1	11	9	-1.9670923e+02
0	1	11	10	-1.3492917e+02
0	1	11	11	-1.7408084e+02
0	1	11	12	-3.1149223e+02
0	1	11	13	-2.4470848e+02
0	1	11	14	-3.9725047e+02
0	1	11	15	-2.7493423e+02
0	1	11	16	-3.0781003e+02
0	1	11	17	-5.2214695e+02
0	1	11	18	-3.1607508e+02
0	1	11	19	-4.2285911e+02
0	1	11	20	-4.1617997e+02
0	1	11	21	-3.7786185e+02
0	1	11	22	-2.9971064e+02
0	1	11	23	-3.1106315e+02
0	1	11	24	-3.9491105e+02
0	1	11	25	-3.8164505e+02
0	1	11	26	-3.1161838e+02
0	1	11	27	-2.9661128e+02
0	1	11	28	-4.2035762e+02
0	1	11	29	-3.6482077e+02
0	1	11	30	-4.4266730e+02
0	1	11	31	-4.4897874e+02
0	1	11	32	-4.1907142e+02
0	1	11	33	-5.0729168e+02
0	1	11	34	5.6550838e+01
0	1	11	35	3.8585861e+01
0	1	11	36	1.4126888e+02
0	1	11	37	1.4821873e+02
0	1	11	38	8.4859687e+01
0	1	11	39	1.1422560e+02
0	1	11	40	1.5823832e+02
0	1	11	41	4.5239724e+01
0	1	11	42	-4.9037715e+01
0	1	11	43	7.6897951e+01
0	1	11	44	2.0279423e+02
0	1	11	45	1.0460851e+02
0	1	11	46	1.6160152e+02
0	1	11	47	1.3728083e+02
0	1	11	48	2.0829118e+02
0	1	11	49	2.7195420e+01
0	1	11	50	5.4838296e+01
0	1	11	51	5.3687138e+02
0	1	11	52	3.6619681e+02
0	1	11	53	3.5339210e+02
0	1	11	54	2.7314100e+02
0	1	11	55	2.7366241e+02
0	1	11	56	4.5851417e+02
0	1	11	57	3.6888718e+02
0	1	11	58	2.9701000e+02
0	1	11	59	2.4707317e+02
0	1	11	60	1.5570876e+02
0	1	11	61	2.3046460e+02
0	1	11	62	2.5966131e+02
0	1	11	63	1.4566577e+02
0	1	12	0	-1.2523385e+02
0	1	12	1	-2.0024045e+02
0	1	12	2	-1.3973679e+02
0	1	12	3	-1.9565064e+02
0	1	12	4	-3.3314517e+02
0	1	12	5	-1.8470987e+02
0	1	12	6	-2.1555800e+02
0	1	12	7	-1.8652751e+02
0	1	12	8	-2.7868124e+02
0	1	12	9	-3.5061084e+02
0	1	12	10	-2.0873936e+02
0	1	12	11	-1.9920776e+02
0	1	12	12	-3.6109144e+02
0	1	12	13	-2.6937992e+02
0	1	12	14	-4.1968543e+02
0	1	12	15	-1.7844751e+02
0	1	12	16	-3.2479055e+02
0	1	12	17	-3.2606702e+02
0	1	12	18	-2.6105157e+02
0	1	12	19	-3.2754860e+02
0	1	12	20	-2.8507584e+02
0	1	12	21	-2.6259911e+02
0	1	12	22	-2.7977159e+02
0	1	12	23	-2.1958936e+02
0	1	12	24	-3.4196231e+02
0	1	12	25	-2.2432475e+02
0	1	12	26	-3.5799924e+02
0	1	12	27	-3.8641289e+02
0	1	12	28	-5.0305445e+02
0	1	12	29	-3.5441070e+02
0	1	12	30	-3.6789799e+02
0	1	12	31	-3.5999682e+02
0	1	12	32	-3.0742208e+02
0	1	12	33	-3.7613509e+02
0	1	12	34	1.2035703e+02
0	1	12	35	4.2549534e+01
0	1	12	36	2.3286761e+02
0	1	12	37	2.0072712e+02
0	1	12	38	2.2445628e+02
0	1	12	39	2.0303238e+02
0	1	12	40	-3.4050063e+01
0	1	12	41	6.6569586e+01
0	1	12	42	2.4268640e+02
0	1	12	43	2.3127917e+02
0	1	12	44	1.9631901e+02
0	1	12	45	1.3562009e+02
0	1	12	46	2.9344592e+02
0	1	12	47	2.1258460e+02
0	1	12	48	1.4669897e+02
0	1	12	49	1.4835688e+02
0	1	12	50	2.4603497e+02
0	1	12	51	6.4812445e+02
0	1	12	52	7.1496179e+02
0	1	12	53	3.8863927e+02
0	1	12	54	3.0258025e+02
0	1	12	55	2.0857314e+02
0	1	12	56	5.3197765e+02
0	1	12	57	4.9828661e+02
0	1	12	58	3.9236215e+02
0	1	12	59	3.9449447e+02
0	1	12	60	3.5114952e+02
0	1	12	61	4.1065861e+02
0	1	12	62	3.9289701e+02
0	1	12	63	3.6260106e+02
0	1	13	0	-2.5689657e+02
0	1	13	1	-1.3063199e+02
0	1	13	2	-2.9913268e+02
0	1	13	3	-2.6666144e+02
0	1	13	4	-3.0368011e+02
0	1	13	5	-2.1937083e+02
0	1	13	6	-2.7357490e+02
0	1	13	7	-2.4184878e+02
0	1	13	8	-2.2100447e+02
0	1	13	9	-1.3866572e+02
0	1	13	10	-2.4448427e+02
0	1	13	11	-2.6554479e+02
0	1	13	12	-2.5700919e+02
0	1	13	13	-3.5884605e+02
0	1	13	14	-3.0587073e+02
0	1	13	15	-2.1437803e+02
0	1	13	16	-3.7863650e+02
0	1	13	17	-2.3073816e+02
0	1	13	18	-4.6400928e+02
0	1	13	19	-4.2971338e+02
0	1	13	20	-3.3930312e+02
0	1	13	21	-3.5553325e+02
0	1	13	22	-3.5583083e+02
0	1	13	23	-2.5067883e+02
0	1	13	24	-2.8727321e+02
0	1	13	25	-3.1028893e+02
0	1	13	26	-3.2970814e+02
0	1	13	27	-4.2758910e+02
0	1	13	28	-2.4991808e+02
0	1	13	29	-2.9639782e+02
0	1	13	30	-3.4144360e+02
0	1	13	31	-4.3610482e+02
0	1	13	32	-4.3720218e+02
0	1	13	33	-3.5599661e+02
0	1	13	34	3.5289700e-01
0	1	13	35	1.0946723e+02
0	1	13	36	5.4284526e+01
0	1	13	37	2.3703474e+02
0	1	13	38	1.7520374e+02
0	1	13	39	-7.7541782e+00
0	1	13	40	2.0637678e+02
0	1	13	41	9.0829862e+01
0	1	13	42	2.7904856e+02
0	1	13	43	5.2094093e+01
0	1	13	44	1.9948474e+02
0	1	13	45	1.7601304e+02
0	1	13	46	2.9062881e+02
0	1	13	47	1.3599028e+02
0	1	13	48	2.2431232e+02
0	1	13	49	2.1213155e+02
0	1	13	50	2.2572628e+02
0	1	13	51	5.8805018e+02
0	1	13	52	5.8240364e+02
0	1	13	53	1.7749350e+02
0	1	13	54	4.2467518e+02
0	1	13	55	4.6377344e+02
0	1	13	56	5.0716226e+02
0	1	13	57	4.8071346e+02
0	1	13	58	3.1076952e+02
0	1	13	59	2.9940252e+02
0	1	13	60	1.9068014e+02
0	1	13	61	3.0950887e+02
0	1	13	62	3.5432028e+02
0	1	13	63	2.7226217e+02
0	1	14	0	-1.0826128e+02
0	1	14	1	-2.3621717e+02
0	1	14	2	-8.4737857e+01
0	1	14	3	-7.7656774e+01
0	1	14	4	-3.2855406e+02
0	1	14	5	-2.1204152e+02
0	1	14	6	-3.1318803e+02
0	1	14	7	-1.0906062e+02
0	1	14	8	-1.8854264e+02
0	1	14	9	-3.7537072e+01
0	1	14	10	-1.7877960e+02
0	1	14	11	-1.4794633e+02
0	1	14	12	-2.6964601e+02
0	1	14	13	-3.1350851e+02
0	1	14	14	-1.5958915e+02
0	1	14	15	-2.9319001e+02
0	1	14	16	-2.5127151e+02
0	1	14	17	-2.7059547e+02
0	1	14	18	-2.7751393e+02
0	1	14	19	-3.5859468e+02
0	1	14	20	-1.8110676e+02
0	1	14	21	-3.3626492e+02
0	1	14	22	-1.9914079e+02
0	1	14	23	-2.2276153e+02
0	1	14	24	-3.7047968e+02
0	1	14	25	-2.5224100e+02
0	1	14	26	-3.0938887e+02
0	1	14	27	-3.3376886e+02
0	1	14	28	-2.3646985e+02
0	1	14	29	-4.7121211e+02
0	1	14	30	-3.0285397e+02
0	1	14	31	-4.8997485e+02
0	1	14	32	-3.2350033e+02
0	1	14	33	-3.4573025e+02
0	1	14	34	2.0056235e+02
0	1	14	35	6.5244501e+01
0	1	14	36	3.7046232e+02
0	1	14	37	1.2307042e+02
0	1	14	38	2.8250255e+02
0	1	14	39	3.6139873e+02
0	1	14	40	2.9305017e+02
0	1	14	41	2.1798522e+02
0	1	14	42	1.9144995e+02
0	1	14	43	2.6944166e+02
0	1	14	44	2.3394175e+02
0	1	14	45	3.0939226e+02
0	1	14	46	2.3088870e+02
0	1	14	47	2.6680678e+02
0	1	14	48	3.5231533e+02
0	1	14	49	3.4035177e+02
0	1	14	50	4.1549943e+02
0	1	14	51	8.1294720e+02
0	1	14	52	8.9459123e+02
0	1	14	53	5.2650132e+02
0	1	14	54	5.4287534e+02
0	1	14	55	5.8688142e+02
0	1	14	56	7.4507910e+02
0	1	14	57	4.5000193e+02
0	1	14	58	4.8990318e+02
0	1	14	59	4.4361905e+02
0	1	14	60	3.5418249e+02
0	1	14	61	6.1201269e+02
0	1	14	62	4.8790483e+02
0	1	14	63	5.2531519e+02
0	1	15	0	-2.0339187e+02
0	1	15	1	-5.1761639e+02
0	1	15	2	-3.7293993e+02
0	1	15	3	-3.4865139e+02
0	1	15	4	-3.5905381e+02
0	1	15	5	-3.6960357e+02
0	1	15	6	-3.4476033e+02
0	1	15	7	-4.6773806e+02
0	1	15	8	-4.9536510e+02
0	1	15	9	-3.7465878e+02
0	1	15	10	-4.3086357e+02
0	1	15	11	-3.5499450e+02
0	1	15	12	-3.8360393e+02
0	1	15	13	-4.4043279e+02
0	1	15	14	-4.3473685e+02
0	1	15	15	-5.6819058e+02
0	1	15	16	-4.0034957e+02
0	1	15	17	-3.0939318e+02
0	1	15	18	-4.4773339e+02
0	1	15	19	-3.7062575e+02
0	1	15	20	-3.4208390e+02
0	1	15	21	-5.3972132e+02
0	1	15	22	-3.5878923e+02
0	1	15	23	-3.1755960e+02
0	1	15	24	-4.7045436e+02
0	1	15	25	-5.0363552e+02
0	1	15	26	-6.3289630e+02
0	1	15	27	-6.1344709e+02
0	1	15	28	-3.6814486e+02
0	1	15	29	-4.1491279e+02
0	1	15	30	-4.5948980e+02
0	1	15	31	-5.4841971e+02
0	1	15	32	-7.3291356e+02
0	1	15	33	-4.9085670e+02
0	1	15	34	1.4803777e+02
0	1	15	35	-1.5650478e+02
0	1	15	36	1.9583186e+02
0	1	15	37	1.3361378e+02
0	1	15	38	4.3527153e+01
0	1	15	39	8.8378849e+01
0	1	15	40	-4.1817131e+01
0	1	15	41	1.9101708e+01
0	1	15	42	3.5843442e+01
0	1	15	43	6.1245382e+01
0	1	15	44	5.0771816e+01
0	1	15	45	6.8240641e+01
0	1	15	46	1.0165513e+02
0	1	15	47	-2.0879778e+00
0	1	15	48	6.1658999e+01
0	1	15	49	6.1759690e+01
0	1	15	50	5.3405002e+01
0	1	15	51	5.9182552e+02
0	1	15	52	5.9595326e+02
0	1	15	53	3.0317871e+02
0	1	15	54	2.6759209e+02
0	1	15	55	3.3770700e+02
0	1	15	56	4.5047966e+02
0	1	15	57	2.6740673e+02
0	1	15	58	3.1052088e+02
0	1	15	59	3.4911496e+02
0	1	15	60	3.7335447e+02
0	1	15	61	1.9570265e+02
0	1	15	62	1.8167322e+02
0	1	15	63	3.5674487e+02
0	2	0	0	-1.8850854e+02
0	2	0	1	-1.3879460e+02
0	2	0	2	-1.6594251e+01
0	2	0	3	-2.4771866e+02
0	2	0	4	-1.9249084e+02
0	2	0	5	-1.5888748e+02
0	2	0	6	-1.1792038e+02
0	2	0	7	-4.2251963e+01
0	2	0	8	-8.2524823e+01
0	2	0	9	3.8441780e+01
0	2	0	10	-1.3912136e+02
0	2	0	11	-1.4102617e+02
0	2	0	12	-2.1475648e+02
0	2	0	13	-1.6993995e+02
0	2	0	14	-2.6026299e+02
0	2	0	15	-1.4252985e+02
0	2	0	16	-2.1660909e+02
0	2	0	17	-3.0660706e+02
0	2	0	18	-4.2196428e+02
0	2	0	19	-2.0751954e+02
0	2	0	20	-1.2440429e+02
0	2	0	21	-2.1468944e+02
0	2	0	22	-1.7963944e+02
0	2	0	23	-2.5419093e+02
0	2	0	24	-2.1308652e+02
0	2	0	25	-2.7390954e+02
0	2	0	26	-3.7943178e+02
0	2	0	27	-2.3082197e+02
0	2	0	28	-2.4558398e+02
0	2	0	29	-2.6360860e+02
0	2	0	30	-2.0943450e+02
0	2	0	31	-3.2544357e+02
0	2	0	32	-3.1404400e+02
0	2	0	33	-2.5088358e+02
0	2	0	34	2.0645615e+02
0	2	0	35	2.1523697e+02
0	2	0	36	1.9688530e+02
0	2	0	37	2.0933845e+02
0	2	0	38	2.1234832e+02
0	2	0	39	2.7306197e+02
0	2	0	40	1.5989784e+02
0	2	0	41	2.4008969e+02
0	2	0	42	2.6266867e+02
0	2	0	43	2.3641532e+02
0	2	0	44	3.9033936e+02
0	2	0	45	2.2185108e+02
0	2	0	46	3.3019998e+02
0	2	0	47	2.1045258e+02
0	2	0	48	2.5572868e+02
0	2	0	49	2.1279344e+02
0	2	0	50	2.0287604e+02
0	2	0	51	6.8656051e+02
0	2	0	52	6.1607533e+02
0	2	0	53	3.7434015e+02
0	2	0	54	5.9014912e+02
0	2	0	55	4.8356877e+02
0	2	0	56	6.1510737e+02
0	2	0	57	5.8061667e+02
0	2	0	58	3.2168124e+02
0	2	0	59	4.7382564e+02
0	2	0	60	5.1714562e+02
0	2	0	61	3.8396741e+02
0	2	0	62	3.0060157e+02
0	2	0	63	5.9600040e+02
0	2	1	0	-5.5068389e+01
0	2	1	1	-1.3692846e+02
0	2	1	2	-1.8431633e+02
0	2	1	3	-2.0132446e+02
0	2	1	4	-3.5460549e+02
0	2	1	5	-2.8692833e+02
0	2	1	6	-2.5169825e+02
0	2	1	7	-3.4018428e+02
0	2	1	8	-2.9668710e+02
0	2	1	9	-2.6805774e+02
0	2	1	10	-2.2893470e+02
0	2	1	11	-2.5616018e+02
0	2	1	12	-2.4356080e+02
0	2	1	13	-1.5530978e+02
0	2	1	14	-4.1195703e+02
0	2	1	15	-2.9438906e+02
0	2	1	16	-4.2556757e+02
0	2	1	17	-2.2934105e+02
0	2	1	18	-3.2334861e+02
0	2	1	19	-2.2354935e+02
0	2	1	20	-4.1415700e+02
0	2	1	21	-2.8433655e+02
0	2	1	22	-2.5401683e+02
0	2	1	23	-2.4752555e+02
0	2	1	24	-2.9579368e+02
0	2	1	25	-2.7908592e+02
0	2	1	26	-3.7924367e+02
0	2	1	27	-4.2135902e+02
0	2	1	28	-2.8713461e+02
0	2	1	29	-2.5991992e+02
0	2	1	30	-4.8632756e+02
0	2	1	31	-4.8675483e+02
0	2	1	32	-4.1997944e+02
0	2	1	33	-5.3228531e+02
0	2	1	34	-3.3648568e+01
0	2	1	35	1.2773255e+02
0	2	1	36	1.7176704e+02
0	2	1	37	2.2066630e+02
0	2	1	38	1.1268568e+02
0	2	1	39	1.2747568e+02
0	2	1	40	2.2846620e+02
0	2	1	41	1.7794230e+02
0	2	1	42	1.5795802e+02
0	2	1	43	2.3276045e+01
0	2	1	44	2.0465733e+02
0	2	1	45	1.6118184e+02
0	2	1	46	8.0537566e+01
0	2	1	47	5.6854806e+01
0	2	1	48	1.5286599e+02
0	2	1	49	2.8075128e+01
0	2	1	50	1.2453936e+02
0	2	1	51	5.9926916e+02
0	2	1	52	6.2877555e+02
0	2	1	53	2.4890024e+02
0	2	1	54	2.9879998e+02
0	2	1	55	3.0312203e+02
0	2	1	56	4.1482978e+02
0	2	1	57	4.4514982e+02
0	2	1	58	4.2254756e+02
0	2	1	59	2.8969831e+02
0	2	1	60	3.7696373e+02
0	2	1	61	2.9480619e+02
0	2	1	62	3.6996185e+02
0	2	1	63	4.6518815e+02
0	2	2	0	-1.9257034e+02
0	2	2	1	-3.3431242e+02
0	2	2	2	-1.6820681e+02
0	2	2	3	-3.4398130e+02
0	2	2	4	-2.6779297e+02
0	2	2	5	-2.7261239e+02
0	2	2	6	-2.8887603e+02
0	2	2	7	-3.9707752e+02
0	2	2	8	-2.6035690e+02
0	2	2	9	-2.6852421e+02
0	2	2	10	-3.5506346e+02
0	2	2	11	-2.0106034e+02
0	2	2	12	-2.8447740e+02
0	2	2	13	-3.1371936e+02
0	2	2	14	-3.9530793e+02
0	2	2	15	-3.8312028e+02
0	2	2	16	-5.4864975e+02
0	2	2	17	-3.5321867e+02
0	2	2	18	-4.6038705e+02
0	2	2	19	-3.9738145e+02
0	2	2	20	-4.5099215e+02
0	2	2	21	-4.1058595e+02
0	2	2	22	-2.7237845e+02
0	2	2	23	-4.2178080e+02
0	2	2	24	-5.2500819e+02
0	2	2	25	-3.9927219e+02
0	2	2	26	-5.0582870e+02
0	2	2	27	-4.4138949e+02
0	2	2	28	-3.5191284e+02
0	2	2	29	-4.4594087e+02
0	2	2	30	-3.9704100e+02
0	2	2	31	-4.4801539e+02
0	2	2	32	-4.0657259e+02
0	2	2	33	-5.3804134e+02
0	2	2	34	8.7279693e+01
0	2	2	35	-7.0598776e+00
0	2	2	36	-6.8659004e+01
0	2	2	37	2.3318806e+02
0	2	2	38	1.4740621e+02
0	2	2	39	9.1518061e+01
0	2	2	40	9.5392746e+01
0	2	2	41	1.1183738e+02
0	2	2	42	1.6583174e+02
0	2	2	43	3.3870353e+02
0	2	2	44	3.6037004e+02
0	2	2	45	2.9412532e+02
0	2	2	46	2.3067918e+02
0	2	2	47	2.0757678e+02
0	2	2	48	2.8661015e+02
0	2	2	49	1.9101085e+02
0	2	2	50	1.2388284e+02
0	2	2	51	7.1762572e+02
0	2	2	52	7.8255817e+02
0	2	2	53	4.6962744e+02
0	2	2	54	4.2915153e+02
0	2	2	55	3.5545098e+02
0	2	2	56	6.0096023e+02
0	2	2	57	4.8975762e+02
0	2	2	58	4.0633827e+02
0	2	2	59	3.8569659e+02
0	2	2	60	4.4207774e+02
0	2	2	61	4.1065581e+02
0	2	2	62	3.6279235e+02
0	2	2	63	3.7559664e+02
0	2	3	0	-2.6100103e+02
0	2	3	1	-4.2950549e+02
0	2	3	2	-3.0290483e+02
0	2	3	3	-3.5789203e+02
0	2	3	4	-3.2061251e+02
0	2	3	5	-2.7188362e+02
0	2	3	6	-4.6455260e+02
0	2	3	7	-2.3839708e+02
0	2	3	8	-4.6559038e+02
0	2	3	9	-3.4100795e+02
0	2	3	10	-4.2704863e+02
0	2	3	11	-4.1023522e+02
0	2	3	12	-3.8625558e+02
0	2	3	13	-4.3361022e+02
0	2	3	14	-4.8005194e+02
0	2	3	15	-3.4391497e+02
0	2	3	16	-3.5240103e+02
0	2	3	17	-3.4312942e+02
0	2	3	18	-4.8805690e+02
0	2	3	19	-1.9585893e+02
0	2	3	20	-4.1480836e+02
0	2	3	21	-4.3229384e+02
0	2	3	22	-2.4780070e+02
0	2	3	23	-4.1099092e+02
0	2	3	24	-4.5118800e+02
0	2	3	25	-3.7236920e+02
0	2	3	26	-4.6852642e+02
0	2	3	27	-4.4121827e+02
0	2	3	28	-2.8576744e+02
0	2	3	29	-3.3585689e+02
0	2	3	30	-4.9531128e+02
0	2	3	31	-4.5638261e+02
0	2	3	32	-5.9943783e+02
0	2	3	33	-4.9068887e+02
0	2	3	34	2.0862953e+02
0	2	3	35	-1.0404536e+00
0	2	3	36	4.7124016e+01
0	2	3	37	2.9411975e+02
0	2	3	38	1.3158074e+02
0	2	3	39	9.4161294e+01
0	2	3	40	1.8516209e+02
0	2	3	41	5.9184194e+01
0	2	3	42	3.0070696e+02
0	2	3	43	1.2277347e+02
0	2	3	44	1.5444063e+02
0	2	3	45	4.1796065e+01
0	2	3	46	1.5819963e+02
0	2	3	47	-2.0073241e+01
0	2	3	48	1.2330561e+02
0	2	3	49	1.2873265e+02
0	2	3	50	1.5558039e+02
0	2	3	51	5.3710194e+02
0	2	3	52	5.0655269e+02
0	2	3	53	3.3219404e+02
0	2	3	54	2.3753672e+02
0	2	3	55	2.7366777e+02
0	2	3	56	4.5517898e+02
0	2	3	57	3.9756982e+02
0	2	3	58	3.2509997e+02
0	2	3	59	3.0421160e+02
0	2	3	60	2.7065395e+02
0	2	3	61	2.2463410e+02
0	2	3	62	1.3669737e+02
0	2	3	63	3.2913787e+02
0	2	4	0	-3.6906731e+02
0	2	4	1	-3.0268436e+02
0	2	4	2	-3.3289392e+02
0	2	4	3	-4.0078220e+02
0	2	4	4	-4.8403531e+02
0	2	4	5	-4.7906861e+02
0	2	4	6	-3.6980470e+02
0	2	4	7	-2.7560467e+02
0	2	4	8	-3.1728913e+02
0	2	4	9	-3.4077004e+02
0	2	4	10	-5.3054929e+02
0	2	4	11	-2.9940963e+02
0	2	4	12	-3.5171802e+02
0	2	4	13	-2.9236257e+02
0	2	4	14	-4.2271128e+02
0	2	4	15	-2.4421461e+02
0	2	4	16	-4.4602085e+02
0	2	4	17	-3.6227736e+02
0	2	4	18	-3.5796652e+02
0	2	4	19	-4.1000544e+02
0	2	4	20	-3.5307558e+02
0	2	4	21	-4.3013172e+02
0	2	4	22	-3.8275611e+02
0	2	4	23	-3.9213801e+02
0	2	4	24	-5.6758275e+02
0	2	4	25	-3.9640071e+02
0	2	4	26	-5.3108928e+02
0	2	4	27	-4.9037687e+02
0	2	4	28	-4.0555880e+02
0	2	4	29	-3.5759975e+02
0	2	4	30	-3.9844419e+02
0	2	4	31	-3.6839477e+02
0	2	4	32	-4.8055609e+02
0	2	4	33	-4.1800030e+02
0	2	4	34	3.2791436e+00
0	2	4	35	2.3739889e+02
0	2	4	36	1.6566861e+02
0	2	4	37	1.6519114e+02
0	2	4	38	-2.7065000e+01
0	2	4	39	1.6371919e+02
0	2	4	40	1.6786741e+02
0	2	4	41	1.0883904e+02
0	2	4	42	1.2840552e+02
0	2	4	43	1.0543924e+02
0	2	4	44	2.4580333e+02
0	2	4	45	6.3860000e+01
0	2	4	46	1.8806297e+02
0	2	4	47	1.3834785e+02
0	2	4	48	1.9749371e+02
0	2	4	49	7.3378090e+01
0	2	4	50	1.9082820e+02
0	2	4	51	5.7647140e+02
0	2	4	52	6.2506001e+02
0	2	4	53	2.7866659e+02
0	2	4	54	1.3746740e+02
0	2	4	55	4.0349100e+02
0	2	4	56	5.5088443e+02
0	2	4	57	4.3201530e+02
0	2	4	58	2.0559372e+02
0	2	4	59	2.8627976e+02
0	2	4	60	4.3180106e+02
0	2	4	61	2.5593084e+02
0	2	4	62	2.7340772e+02
0	2	4	63	3.7806332e+02
0	2	5	0	-4.8009489e+01
0	2	5	1	-2.9464663e+02
0	2	5	2	-1.4906283e+02
0	2	5	3	-2.1601985e+02
0	2	5	4	-3.7847124e+02
0	2	5	5	-1.0360318e+02
0	2	5	6	-3.5003086e+02
0	2	5	7	-1.3037619e+02
0	2	5	8	-4.0150772e+02
0	2	5	9	-2.3566269e+02
0	2	5	10	-1.9183823e+02
0	2	5	11	-3.6644149e+02
0	2	5	12	-2.8687848e+02
0	2	5	13	-2.5454224e+02
0	2	5	14	-4.9756983e+02
0	2	5	15	-2.5952280e+02
0	2	5	16	-3.8142570e+02
0	2	5	17	-2.5268346e+02
0	2	5	18	-3.5822045e+02
0	2	5	19	-2.7058864e+02
0	2	5	20	-3.2286950e+02
0	2	5	21	-3.2763033e+02
0	2	5	22	-3.3359736e+02
0	2	5	23	-3.9988200e+02
0	2	5	24	-4.0214736e+02
0	2	5	25	-4.0189605e+02
0	2	5	26	-3.6436695e+02
0	2	5	27	-3.8571169e+02
0	2	5	28	-2.7199118e+02
0	2	5	29	-3.8728846e+02
0	2	5	30	-4.4015907e+02
0	2	5	31	-4.1675395e+02
0	2	5	32	-4.5945132e+02
0	2	5	33	-3.0563335e+02
0	2	5	34	1.2381639e+02
0	2	5	35	1.0807002e+02
0	2	5	36	1.6604500e+02
0	2	5	37	1.6543450e+02
0	2	5	38	1.7152900e+02
0	2	5	39	1.3817402e+02
0	2	5	40	1.6543652e+02
0	2	5	41	1.4353265e+02
0	2	5	42	1.5234262e+02
0	2	5	43	1.5431674e+02
0	2	5	44	2.3629079e+02
0	2	5	45	1.6186793e+02
0	2	5	46	1.1546900e+02
0	2	5	47	1.9008160e+02
0	2	5	48	1.5942845e+02
0	2	5	49	1.8163300e+02
0	2	5	50	1.6053249e+02
0	2	5	51	4.4920859e+02
0	2	5	52	6.4439088e+02
0	2	5	53	3.4588720e+02
0	2	5	54	3.2979441e+02
0	2	5	55	4.0076924e+02
0	2	5	56	4.7897187e+02
0	2	5	57	5.1867652e+02
0	2	5	58	3.4195989e+02
0	2	5	59	2.9566050e+02
0	2	5	60	3.8141709e+02
0	2	5	61	3.4989796e+02
0	2	5	62	4.2184760e+02
0	2	5	63	3.2979840e+02
0	2	6	0	-3.9868810e+02
0	2	6	1	-4.8557020e+02
0	2	6	2	-4.1824857e+02
0	2	6	3	-4.1822175e+02
0	2	6	4	-6.0807959e+02
0	2	6	5	-5.1696171e+02
0	2	6	6	-4.4706354e+02
0	2	6	7	-4.1421029e+02
0	2	6	8	-5.6786870e+02
0	2	6	9	-4.1571236e+02
0	2	6	10	-5.6788035e+02
0	2	6	11	-4.1811347e+02
0	2	6	12	-5.8147814e+02
0	2	6	13	-5.0320423e+02
0	2	6	14	-2.9095636e+02
0	2	6	15	-4.7936060e+02
0	2	6	16	-4.7168157e+02
0	2	6	17	-5.7577175e+02
0	2	6	18	-3.4209416e+02
0	2	6	19	-5.9149593e+02
0	2	6	20	-4.3862163e+02
0	2	6	21	-4.0281357e+02
0	2	6	22	-5.9415060e+02
0	2	6	23	-6.3505308e+02
0	2	6	24	-6.2638741e+02
0	2	6	25	-5.5951071e+02
0	2	6	26	-6.0556298e+02
0	2	6	27	-5.8337046e+02
0	2	6	28	-5.2055657e+02
0	2	6	29	-5.6985404e+02
0	2	6	30	-5.2595358e+02
0	2	6	31	-6.8644506e+02
0	2	6	32	-7.6602129e+02
0	2	6	33	-5.8359049e+02
0	2	6	34	-1.7366398e+02
0	2	6	35	-8.9493939e+01
0	2	6	36	-8.7961874e+01
0	2	6	37	-4.8695074e+00
0	2	6	38	-2.2925122e+02
0	2	6	39	-8.3147201e+01
0	2	6	40	-2.0979697e+02
0	2	6	41	-3.5916792e+01
0	2	6	42	6.0426016e+01
0	2	6	43	3.9446549e+01
0	2	6	44	4.9733912e+01
0	2	6	45	-7.5890700e+01
0	2	6	46	7.7596718e+01
0	2	6	47	-1.6033294e+02
0	2	6	48	-1.1424076e+02
0	2	6	49	-1.8512901e+02
0	2	6	50	-2.1249027e+02
0	2	6	51	3.6162650e+02
0	2	6	52	3.0461171e+02
0	2	6	53	1.6357546e+02
0	2	6	54	6.9614730e+01
0	2	6	55	1.7192097e+02
0	2	6	56	3.2845078e+02
0	2	6	57	2.6912251e+02
0	2	6	58	1.7632832e+02
0	2	6	59	1.7538753e+02
0	2	6	60	1.1643951e+02
0	2	6	61	2.2808559e+01
0	2	6	62	5.3627849e+01
0	2	6	63	3.1875498e+02
0	2	7	0	-1.5496725e+02
0	2	7	1	-4.9639302e+02
0	2	7	2	-4.0458896e+02
0	2	7	3	-3.0184779e+02
0	2	7	4	-4.5575088e+02
0	2	7	5	-1.1173041e+02
0	2	7	6	-4.7036430e+02
0	2	7	7	-1.1427765e+02
0	2	7	8	-3.3401045e+02
0	2	7	9	-3.8672511e+02
0	2	7	10	-1.7653385e+02
0	2	7	11	-4.1586400e+02
0	2	7	12	-4.4747754e+02
0	2	7	13	-3.2359984e+02
0	2	7	14	-4.5460686e+02
0	2	7	15	-2.9241295e+02
0	2	7	16	-3.8034315e+02
0	2	7	17	-3.0133576e+02
0	2	7	18	-3.2626773e+02
0	2	7	19	-2.2309489e+02
0	2	7	20	-3.8499449e+02
0	2	7	21	-4.0111994e+02
0	2	7	22	-5.8656684e+02
0	2	7	23	-3.7129593e+02
0	2	7	24	-4.1507794e+02
0	2	7	25	-4.2329840e+02
0	2	7	26	-4.5052086e+02
0	2	7	27	-4.3782634e+02
0	2	7	28	-3.4364146e+02
0	2	7	29	-4.0307305e+02
0	2	7	30	-4.4536631e+02
0	2	7	31	-5.1955315e+02
0	2	7	32	-6.7617734e+02
0	2	7	33	-4.0896423e+02
0	2	7	34	6.7709616e+01
0	2	7	35	3.0782144e+01
0	2	7	36	5.5484282e+01
0	2	7	37	9.8887706e+01
0	2	7	38	-1.5743050e+02
0	2	7	39	-1.0638612e+02
0	2	7	40	1.1182120e+02
0	2	7	41	-2.0831312e+02
0	2	7	42	5.2638537e+01
0	2	7	43	-4.7014572e+01
0	2	7	44	7.6536738e+01
0	2	7	45	-2.9158337e+01
0	2	7	46	6.9708107e+01
0	2	7	47	-3.9860442e+01
0	2	7	48	-7.6728043e+01
0	2	7	49	1.0751748e+01
0	2	7	50	1.4847841e+00
0	2	7	51	4.3836046e+02
0	2	7	52	5.3339377e+02
0	2	7	53	-4.3890175e+01
0	2	7	54	2.5003785e+02
0	2	7	55	2.2605409e+02
0	2	7	56	4.7489541e+02
0	2	7	57	3.4417464e+02
0	2	7	58	1.6310601e+02
0	2	7	59	1.7895469e+02
0	2	7	60	2.9366288e+02
0	2	7	61	1.5196609e+02
0	2	7	62	2.1537682e+02
0	2	7	63	2.7978978e+02
0	2	8	0	-3.9351665e+02
0	2	8	1	-4.5633484e+02
0	2	8	2	-3.8878860e+02
0	2	8	3	-4.2741164e+02
0	2	8	4	-6.9498699e+02
0	2	8	5	-5.2936303e+02
0	2	8	6	-5.5149895e+02
0	2	8	7	-6.3551068e+02
0	2	8	8	-6.5693281e+02
0	2	8	9	-6.1027180e+02
0	2	8	10	-6.4011352e+02
0	2	8	11	-4.8697648e+02
0	2	8	12	-5.8907900e+02
0	2	8	13	-5.2552644e+02
0	2	8	14	-4.4629993e+02
0	2	8	15	-5.8317940e+02
0	2	8	16	-5.9049988e+02
0	2	8	17	-5.8103902e+02
0	2	8	18	-6.8609199e+02
0	2	8	19	-5.5696435e+02
0	2	8	20	-4.8272704e+02
0	2	8	21	-5.6736000e+02
0	2	8	22	-6.2384748e+02
0	2	8	23	-4.6495101e+02
0	2	8	24	-6.4993478e+02
0	2	8	25	-7.4425519e+02
0	2	8	26	-6.3391253e+02
0	2	8	27	-6.8301859e+02
0	2	8	28	-5.7599838e+02
0	2	8	29	-7.3165518e+02
0	2	8	30	-6.5861309e+02
0	2	8	31	-6.2095857e+02
0	2	8	32	-7.1879417e+02
0	2	8	33	-6.3906965e+02
0	2	8	34	-1.4644633e+02
0	2	8	35	-1.4168673e+02
0	2	8	36	-8.3225291e+01
0	2	8	37	1.5991357e+00
0	2	8	38	-1.7604362e+02
0	2	8	39	-6.6683745e+01
0	2	8	40	-2.2496168e+02
0	2	8	41	-1.1969563e+02
0	2	8	42	-4.1456168e+01
0	2	8	43	-8.9162790e+01
0	2	8	44	-8.6101055e+01
0	2	8	45	-1.7933432e+02
0	2	8	46	4.9180082e+01
0	2	8	47	-5.9187986e+01
0	2	8	48	9.0055408e+01
0	2	8	49	-1.0257562e+02
0	2	8	50	-1.0054978e+02
0	2	8	51	4.5322767e+02
0	2	8	52	4.4531727e+02
0	2	8	53	1.3620221e+02
0	2	8	54	1.5342882e+01
0	2	8	55	8.6949119e+00
0	2	8	56	2.3867728e+02
0	2	8	57	2.2991357e+02
0	2	8	58	1.2891061e+02
0	2	8	59	2.1787879e+01
0	2	8	60	1.8394756e+02
0	2	8	61	6.8688124e+01
0	2	8	62	3.4443112e+01
0	2	8	63	1.7258481e+02
0	2	9	0	-3.3083374e+02
0	2	9	1	-4.7224791e+02
0	2	9	2	-3.7400679e+02
0	2	9	3	-3.0196881e+02
0	2	9	4	-3.6370282e+02
0	2	9	5	-3.8108680e+02
0	2	9	6	-2.7372762e+02
0	2	9	7	-3.5388255e+02
0	2	9	8	-3.1722529e+02
0	2	9	9	-4.4293990e+02
0	2	9	10	-3.3823164e+02
0	2	9	11	-3.5205801e+02
0	2	9	12	-3.8823190e+02
0	2	9	13	-3.6834052e+02
0	2	9	14	-3.2388099e+02
0	2	9	15	-4.0706450e+02
0	2	9	16	-4.0708600e+02
0	2	9	17	-4.1112902e+02
0	2	9	18	-4.8008043e+02
0	2	9	19	-3.5133568e+02
0	2	9	20	-4.2288272e+02
0	2	9	21	-4.1917082e+02
0	2	9	22	-3.1864681e+02
0	2	9	23	-3.5606142e+02
0	2	9	24	-5.3110208e+02
0	2	9	25	-3.7430158e+02
0	2	9	26	-6.1133995e+02
0	2	9	27	-5.4912951e+02
0	2	9	28	-3.3420111e+02
0	2	9	29	-3.9783395e+02
0	2	9	30	-5.0868208e+02
0	2	9	31	-4.8959156e+02
0	2	9	32	-4.8672563e+02
0	2	9	33	-3.6164186e+02
0	2	9	34	6.8607403e+01
0	2	9	35	5.2335560e+01
0	2	9	36	6.6556764e+01
0	2	9	37	6.2819372e+01
0	2	9	38	-5.9952557e+01
0	2	9	39	4.7786696e+00
0	2	9	40	-6.8866330e+01
0	2	9	41	-4.8456177e+01
0	2	9	42	1.2042183e+01
0	2	9	43	-9.6589164e+00
0	2	9	44	-3.3358482e+01
0	2	9	45	-2.9323925e+01
0	2	9	46	6.9636639e+01
0	2	9	47	-4.4013799e+01
0	2	9	48	1.1069600e+02
0	2	9	49	-1.0298554e+02
0	2	9	50	4.8233285e+00
0	2	9	51	4.7263676e+02
0	2	9	52	4.5994013e+02
0	2	9	53	1.7425170e+02
0	2	9	54	2.1297176e+02
0	2	9	55	2.2691425e+02
0	2	9	56	3.0375163e+02
0	2	9	57	1.6707987e+02
0	2	9	58	2.1228122e+02
0	2	9	59	2.4868194e+02
0	2	9	60	1.8723477e+02
0	2	9	61	2.2574015e+02
0	2	9	62	1.8017102e+02
0	2	9	63	2.2999727e+02
0	2	10	0	-2.8005095e+02
0	2	10	1	-3.7532032e+02
0	2	10	2	-2.9576625e+02
0	2	10	3	-3.1907662e+02
0	2	10	4	-5.6754094e+02
0	2	10	5	-3.1334613e+02
0	2	10	6	-4.7544277e+02
0	2	10	7	-2.7468538e+02
0	2	10	8	-3.6192717e+02
0	2	10	9	-2.4587853e+02
0	2	10	10	-4.4562721e+02
0	2	10	11	-3.3251868e+02
0	2	10	12	-4.7695994e+02
0	2	10	13	-4.4792041e+02
0	2	10	14	-3.5864909e+02
0	2	10	15	-3.3603781e+02
0	2	10	16	-6.5448820e+02
0	2	10	17	-4.4327286e+02
0	2	10	18	-4.0262905e+02
0	2	10	19	-4.6206176e+02
0	2	10	20	-4.0817020e+02
0	2	10	21	-3.7615181e+02
0	2	10	22	-3.5319184e+02
0	2	10	23	-4.6770000e+02
0	2	10	24	-4.7190477e+02
0	2	10	25	-3.7833109e+02
0	2	10	26	-4.9453222e+02
0	2	10	27	-4.2067701e+02
0	2	10	28	-3.9276573e+02
0	2	10	29	-4.8837081e+02
0	2	10	30	-5.6698866e+02
0	2	10	31	-3.9074255e+02
0	2	10	32	-4.8400090e+02
0	2	10	33	-5.4672219e+02
0	2	10	34	5.1046531e+01
0	2	10	35	7.5323666e+01
0	2	10	36	4.7906754e+01
0	2	10	37	1.1550112e+02
0	2	10	38	-1.4800643e+01
0	2	10	39	1.3453212e+02
0	2	10	40	4.7191671e+01
0	2	10	41	1.0196505e+02
0	2	10	42	7.3692516e+01
0	2	10	43	2.5374580e+02
0	2	10	44	3.0841627e+02
0	2	10	45	-5.4655229e+01
0	2	10	46	1.1282286e+02
0	2	10	47	8.9893572e+00
0	2	10	48	-1.1983260e+01
0	2	10	49	1.6976272e+02
0	2	10	50	-3.5431344e+01
0	2	10	51	5.2231944e+02
0	2	10	52	5.5151202e+02
0	2	10	53	2.9423967e+02
0	2	10	54	2.4652451e+02
0	2	10	55	3.9349874e+02
0	2	10	56	5.0187570e+02
0	2	10	57	3.1400485e+02
0	2	10	58	2.9558689e+02
0	2	10	59	2.2107461e+02
0	2	10	60	3.4906408e+02
0	2	10	61	2.8818601e+02
0	2	10	62	2.8414228e+02
0	2	10	63	3.9579225e+02
0	2	11	0	-2.7002290e+02
0	2	11	1	-2.7131013e+02
0	2	11	2	-3.0235836e+02
0	2	11	3	-3.5509660e+02
0	2	11	4	-4.0657579e+02
0	2	11	5	-2.0488576e+02
0	2	11	6	-2.9287108e+02
0	2	11	7	-1.8053006e+02
0	2	11	8	-5.0912928e+02
0	2	11	9	-3.2804960e+02
0	2	11	10	-4.8288790e+02
0	2	11	11	-4.3515605e+02
0	2	11	12	-4.1208218e+02
0	2	11	13	-3.1088163e+02
0	2	11	14	-3.6814018e+02
0	2	11	15	-2.9931345e+02
0	2	11	16	-3.5965123e+02
0	2	11	17	-2.4726992e+02
0	2	11	18	-3.1774245e+02
0	2	11	19	-1.7996590e+02
0	2	11	20	-4.2178350e+02
0	2	11	21	-4.0806329e+02
0	2	11	22	-3.9546969e+02
0	2	11	23	-3.2617532e+02
0	2	11	24	-3.9820530e+02
0	2	11	25	-4.7927281e+02
0	2	11	26	-4.9033881e+02
0	2	11	27	-4.5550802e+02
0	2	11	28	-4.1469197e+02
0	2	11	29	-4.4599862e+02
0	2	11	30	-4.6156685e+02
0	2	11	31	-5.2996048e+02
0	2	11	32	-4.9676560e+02
0	2	11	33	-4.2819132e+02
0	2	11	34	1.9239044e+01
0	2	11	35	-2.5808421e+01
0	2	11	36	2.5367159e+01
0	2	11	37	6.5684105e+01
0	2	11	38	5.7632746e+01
0	2	11	39	5.9374893e+00
0	2	11	40	1.2099377e+02
0	2	11	41	2.6947407e+01
0	2	11	42	3.7337744e+01
0	2	11	43	2.9876086e+01
0	2	11	44	1.7152914e+02
0	2	11	45	2.3345541e+01
0	2	11	46	8.3775806e+01
0	2	11	47	8.9570106e+00
0	2	11	48	6.5828972e+01
0	2	11	49	7.4587536e+01
0	2	11	50	9.8951969e+01
0	2	11	51	5.3633139e+02
0	2	11	52	5.9556677e+02
0	2	11	53	1.8814825e+02
0	2	11	54	3.0682538e+02
0	2	11	55	2.6602930e+02
0	2	11	56	2.4038667e+02
0	2	11	57	2.4639571e+02
0	2	11	58	2.5636092e+02
0	2	11	59	1.6408841e+02
0	2	11	60	4.2041679e+01
0	2	11	61	2.0556416e+02
0	2	11	62	3.0191760e+02
0	2	11	63	1.0754101e+02
0	2	12	0	-2.0000593e+02
0	2	12	1	-3.3013277e+02
0	2	12	2	-1.8712200e+02
0	2	12	3	-3.8830370e+02
0	2	12	4	-3.4115240e+02
0	2	12	5	-3.8785966e+02
0	2	12	6	-3.1000007e+02
0	2	12	7	-4.1164174e+02
0	2	12	8	-3.4658481e+02
0	2	12	9	-2.8122290e+02
0	2	12	10	-4.9333588e+02
0	2	12	11	-2.7399797e+02
0	2	12	12	-4.6405206e+02
0	2	12	13	-3.4063267e+02
0	2	12	14	-4.0261893e+02
0	2	12	15	-4.4647945e+02
0	2	12	16	-4.0829096e+02
0	2	12	17	-5.1512892e+02
0	2	12	18	-4.8548331e+02
0	2	12	19	-5.1479387e+02
0	2	12	20	-5.0034511e+02
0	2	12	21	-3.9301497e+02
0	2	12	22	-3.8006028e+02
0	2	12	23	-3.9459521e+02
0	2	12	24	-6.4193043e+02
0	2	12	25	-4.5415364e+02
0	2	12	26	-4.3470876e+02
0	2	12	27	-4.4947248e+02
0	2	12	28	-3.9659541e+02
0	2	12	29	-4.5798591e+02
0	2	12	30	-4.3203155e+02
0	2	12	31	-4.2703775e+02
0	2	12	32	-6.6195791e+02
0	2	12	33	-5.3184843e+02
0	2	12	34	3.2968353e+01
0	2	12	35	7.7605103e+01
0	2	12	36	1.0479179e+02
0	2	12	37	1.4099901e+02
0	2	12	38	-3.8504652e+01
0	2	12	39	1.0425709e+02
0	2	12	40	6.8256074e+01
0	2	12	41	-1.4290863e+02
0	2	12	42	1.8895296e+02
0	2	12	43	1.9875333e+02
0	2	12	44	2.3522352e+02
0	2	12	45	1.2233468e+02
0	2	12	46	1.4726736e+01
0	2	12	47	-1.8139471e+00
0	2	12	48	1.5324323e+02
0	2	12	49	3.5198904e+01
0	2	12	50	-3.1407833e+01
0	2	12	51	5.3688180e+02
0	2	12	52	4.9495205e+02
0	2	12	53	2.1231935e+02
0	2	12	54	1.8600227e+02
0	2	12	55	1.8744123e+02
0	2	12	56	4.5069377e+02
0	2	12	57	3.8715544e+02
0	2	12	58	3.2321537e+02
0	2	12	59	2.6991070e+02
0	2	12	60	3.8099910e+02
0	2	12	61	2.8895067e+02
0	2	12	62	3.3809749e+02
0	2	12	63	4.7305689e+02
0	2	13	0	-2.1509423e+02
0	2	13	1	-7.4674426e+01
0	2	13	2	-1.5004269e+02
0	2	13	3	-1.9360459e+02
0	2	13	4	-2.9140261e+02
0	2	13	5	-7.5238039e+01
0	2	13	6	-1.4255398e+02
0	2	13	7	-2.8055675e+02
0	2	13	8	-2.6520677e+02
0	2	13	9	-3.7162402e+02
0	2	13	10	-2.5297972e+02
0	2	13	11	-2.1161775e+02
0	2	13	12	-3.4718667e+02
0	2	13	13	-1.5112001e+02
0	2	13	14	-3.2404463e+02
0	2	13	15	-2.6323915e+02
0	2	13	16	-2.4155981e+02
0	2	13	17	-1.9802249e+02
0	2	13	18	-3.2408787e+02
0	2	13	19	-2.5721778e+02
0	2	13	20	-4.0465433e+02
0	2	13	21	-4.8669909e+02
0	2	13	22	-2.7732381e+02
0	2	13	23	-4.4055939e+02
0	2	13	24	-3.8985219e+02
0	2	13	25	-4.4475532e+02
0	2	13	26	-3.5849787e+02
0	2	13	27	-5.2583315e+02
0	2	13	28	-4.0954101e+02
0	2	13	29	-2.8766921e+02
0	2	13	30	-3.1707746e+02
0	2	13	31	-3.4869864e+02
0	2	13	32	-4.4832337e+02
0	2	13	33	-4.4059338e+02
0	2	13	34	9.8454404e+01
0	2	13	35	8.4296545e+01
0	2	13	36	-1.0658880e+01
0	2	13	37	1.0670731e+02
0	2	13	38	2.1066319e+02
0	2	13	39	1.5126985e+02
0	2	13	40	1.1716391e+02
0	2	13	41	1.1963661e+02
0	2	13	42	1.9077436e+02
0	2	13	43	7.4676540e+01
0	2	13	44	1.8277758e+02
0	2	13	45	6.6200532e+01
0	2	13	46	1.2962496e+02
0	2	13	47	1.0566315e+02
0	2	13	48	1.7357495e+02
0	2	13	49	7.3882166e+01
0	2	13	50	1.8299515e+02
0	2	13	51	5.4452508e+02
0	2	13	52	5.7477684e+02
0	2	13	53	2.5976581e+02
0	2	13	54	2.9958238e+02
0	2	13	55	4.2326155e+02
0	2	13	56	2.8272087e+02
0	2	13	57	3.0709287e+02
0	2	13	58	3.6458506e+02
0	2	13	59	4.2842828e+02
0	2	13	60	2.2596466e+02
0	2	13	61	6.7600457e+01
0	2	13	62	3.3425328e+02
0	2	13	63	3.9189420e+02
0	2	14	0	2.1811746e+01
0	2	14	1	-9.8759616e+01
0	2	14	2	-6.8800957e+01
0	2	14	3	1.3036703e+01
0	2	14	4	-3.0063858e+02
0	2	14	5	-1.4773027e+02
0	2	14	6	-1.2193075e+02
0	2	14	7	-2.1315039e+01
0	2	14	8	-8.9594791e+01
0	2	14	9	-4.9503264e+01
0	2	14	10	-8.2820790e+01
0	2	14	11	-6.4067080e+01
0	2	14	12	-1.7694329e+02
0	2	14	13	-1.9686105e+02
0	2	14	14	-3.0883368e+01
0	2	14	15	-1.8433119e+02
0	2	14	16	-1.2430126e+02
0	2	14	17	-2.1032275e+02
0	2	14	18	-1.9705844e+02
0	2	14	19	-2.5635884e+02
0	2	14	20	-1.8601567e+02
0	2	14	21	-7.5702748e+01
0	2	14	22	-3.2906491e+02
0	2	14	23	-1.5832513e+02
0	2	14	24	-2.4513260e+02
0	2	14	25	-3.6393301e+02
0	2	14	26	-3.4938979e+02
0	2	14	27	-2.2339269e+02
0	2	14	28	-2.7092610e+02
0	2	14	29	-2.9598573e+02
0	2	14	30	-3.9563979e+02
0	2	14	31	-1.9923708e+02
0	2	14	32	-2.8411761e+02
0	2	14	33	-2.7948055e+02
0	2	14	34	2.6717186e+02
0	2	14	35	3.4637067e+02
0	2	14	36	1.7793886e+02
0	2	14	37	3.0877165e+02
0	2	14	38	2.3514342e+02
0	2	14	39	3.7914793e+02
0	2	14	40	2.5699049e+02
0	2	14	41	2.8987645e+02
0	2	14	42	2.0501099e+02
0	2	14	43	1.8636151e+02
0	2	14	44	4.7418131e+02
0	2	14	45	2.3613404e+02
0	2	14	46	3.4632443e+02
0	2	14	47	3.1667371e+02
0	2	14	48	4.7127723e+02
0	2	14	49	1.9001581e+02
0	2	14	50	2.7204615e+02
0	2	14	51	6.6006834e+02
0	2	14	52	8.4769551e+02
0	2	14	53	5.0163464e+02
0	2	14	54	5.6330356e+02
0	2	14	55	5.7400634e+02
0	2	14	56	7.1198204e+02
0	2	14	57	6.2928703e+02
0	2	14	58	5.1911674e+02
0	2	14	59	5.0643384e+02
0	2	14	60	4.8546716e+02
0	2	14	61	5.2944308e+02
0	2	14	62	5.7860127e+02
0	2	14	63	5.3707306e+02
0	2	15	0	1.4595866e+01
0	2	15	1	-5.4977103e+01
0	2	15	2	-6.9197212e+00
0	2	15	3	-6.5724110e+01
0	2	15	4	-1.4311937e+02
0	2	15	5	-1.0905859e+02
0	2	15	6	-1.3304073e+01
0	2	15	7	6.6486886e+00
0	2	15	8	-1.2920722e+01
0	2	15	9	-3.1382212e+01
0	2	15	10	-2.0934223e+00
0	2	15	11	-8.2724975e+01
0	2	15	12	-1.2495071e+02
0	2	15	13	2.6260128e+00
0	2	15	14	-2.3632365e+02
0	2	15	15	-1.8718467e+02
0	2	15	16	-2.0555481e+01
0	2	15	17	-1.7156108e+02
0	2	15	18	-1.5689225e+02
0	2	15	19	-2.2524719e+02
0	2	15	20	-1.3401390e+02
0	2	15	21	-1.4253574e+02
0	2	15	22	-1.4805422e+02
0	2	15	23	-1.4844557e+02
0	2	15	24	-1.6331533e+02
0	2	15	25	-2.4296986e+02
0	2	15	26	-1.8443713e+02
0	2	15	27	-2.4407365e+02
0	2	15	28	-2.0904015e+02
0	2	15	29	-2.8623036e+02
0	2	15	30	-1.9354737e+02
0	2	15	31	-3.3048916e+02
0	2	15	32	-4.3244749e+02
0	2	15	33	-1.6466693e+02
0	2	15	34	2.3053461e+02
0	2	15	35	1.0845693e+02
0	2	15	36	3.4393092e+02
0	2	15	37	3.6792575e+02
0	2	15	38	3.5455033e+02
0	2	15	39	3.8764581e+02
0	2	15	40	3.8834355e+02
0	2	15	41	2.5003046e+02
0	2	15	42	3.9354218e+02
0	2	15	43	2.3450717e+02
0	2	15	44	4.8855273e+02
0	2	15	45	3.4878039e+02
0	2	15	46	3.4249207e+02
0	2	15	47	1.3156547e+02
0	2	15	48	5.0051150e+02
0	2	15	49	5.3569139e+02
0	2	15	50	3.7791799e+02
0	2	15	51	8.3347526e+02
0	2	15	52	7.9212622e+02
0	2	15	53	4.6700003e+02
0	2	15	54	4.8716873e+02
0	2	15	55	6.9036711e+02
0	2	15	56	7.7147575e+02
0	2	15	57	7.0830940e+02
0	2	15	58	5.3388494e+02
0	2	15	59	4.3911870e+02
0	2	15	60	6.2714068e+02
0	2	15	61	4.4657201e+02
0	2	15	62	4.8747182e+02
0	2	15	63	3.5320766e+02
1	0	0	0	-1.1070919e+02
1	0	0	1	-1.3371955e+01
1	0	0	2	-8.0328706e+00
1	0	0	3	-1.2635674e+02
1	0	0	4	-6.3806786e+01
1	0	0	5	-1.5514902e+02
1	0	0	6	-1.3866666e+02
1	0	0	7	6.0262016e+01
1	0	0	8	-6.2189492e+01
1	0	0	9	3.1922849e+01
1	0	0	10	-7.6514124e+01
1	0	0	11	-1.0698741e+02
1	0	0	12	-2.5822112e+02
1	0	0	13	-7.7236279e+01
1	0	0	14	-6.2606849e+01
1	0	0	15	-6.6434295e+01
1	0	0	16	-2.7645381e+02
1	0	0	17	-2.0482178e+02
1	0	0	18	-8.5624225e+01
1	0	0	19	-1.7667556e+02
1	0	0	20	-5.9132455e+01
1	0	0	21	-1.3666636e+02
1	0	0	22	-2.3016721e+02
1	0	0	23	-2.9020265e+02
1	0	0	24	-1.9555716e+02
1	0	0	25	-2.8836518e+02
1	0	0	26	-1.2383333e+02
1	0	0	27	-3.0149543e+02
1	0	0	28	-7.8899570e+01
1	0	0	29	-2.1069751e+02
1	0	0	30	-1.6937727e+02
1	0	0	31	-2.0149222e+02
1	0	0	32	-1.9455253e+02
1	0	0	33	-3.1707926e+02
1	0	0	34	1.9231421e+02
1	0	0	35	2.1743994e+02
1	0	0	36	2.9753348e+02
1	0	0	37	3.1059550e+02
1	0	0	38	3.4198349e+02
1	0	0	39	2.3536738e+02
1	0	0	40	2.3693175e+02
1	0	0	41	3.1093166e+02
1	0	0	42	4.0174197e+02
1	0	0	43	2.9118331e+02
1	0	0	44	2.8753229e+02
1	0	0	45	1.3988061e+02
1	0	0	46	3.1188262e+02
1	0	0	47	2.8406831e+02
1	0	0	48	3.5424065e+02
1	0	0	49	2.8921195e+02
1	0	0	50	3.6376777e+02
1	0	0	51	7.4073924e+02
1	0	0	52	8.3675743e+02
1	0	0	53	6.1680766e+02
1	0	0	54	4.4559934e+02
1	0	0	55	5.1210262e+02
1	0	0	56	6.8006668e+02
1	0	0	57	6.8258266e+02
1	0	0	58	4.6709233e+02
1	0	0	59	4.7596641e+02
1	0	0	60	4.9665371e+02
1	0	0	61	4.5934317e+02
1	0	0	62	5.0582234e+02
1	0	0	63	4.7288892e+02
1	0	1	0	8.5923906e+01
1	0	1	1	2.2230691e+02
1	0	1	2	4.7629262e+01
1	0	1	3	3.2160590e+02
1	0	1	4	1.3768225e+02
1	0	1	5	2.5304544e+02
1	0	1	6	1.9702130e+02
1	0	1	7	1.2056620e+02
1	0	1	8	2.0245808e+02
1	0	1	9	2.3357024e+02
1	0	1	10	-1.0951672e+01
1	0	1	11	1.6232993e+02
1	0	1	12	1.8731109e+02
1	0	1	13	9.3164344e+01
1	0	1	14	-3.1306415e+01
1	0	1	15	2.3277318e+02
1	0	1	16	-6.3642714e+01
1	0	1	17	1.7326886e+02
1	0	1	18	2.1848080e+02
1	0	1	19	1.7907278e+02
1	0	1	20	1.8310253e+02
1	0	1	21	2.5398659e+02
1	0	1	22	3.6455518e+01
1	0	1	23	2.7495875e+02
1	0	1	24	1.5485783e+02
1	0	1	25	2.2898364e+02
1	0	1	26	2.6980412e+02
1	0	1	27	-1.3110156e+01
1	0	1	28	2.2470944e+02
1	0	1	29	1.4320451e+02
1	0	1	30	1.1500038e+02
1	0	1	31	3.2813419e+01
1	0	1	32	2.3245079e+02
1	0	1	33	2.1287673e+02
1	0	1	34	7.1649699e+02
1	0	1	35	7.0114256e+02
1	0	1	36	6.0396982e+02
1	0	1	37	7.2291568e+02
1	0	1	38	6.7414201e+02
1	0	1	39	6.9926571e+02
1	0	1	40	8.4013335e+02
1	0	1	41	7.1449640e+02
1	0	1	42	7.6165939e+02
1	0	1	43	6.3527954e+02
1	0	1	44	7.1923620e+02
1	0	1	45	6.7031605e+02
1	0	1	46	6.8179505e+02
1	0	1	47	7.5037187e+02
1	0	1	48	4.9718851e+02
1	0	1	49	7.1062518e+02
1	0	1	50	7.1743057e+02
1	0	1	51	1.1512031e+03
1	0	1	52	1.2514275e+03
1	0	1	53	9.2377650e+02
1	0	1	54	9.8037519e+02
1	0	1	55	9.2429023e+02
1	0	1	56	1.0365422e+03
1	0	1	57	7.7009461e+02
1	0	1	58	9.1531705e+02
1	0	1	59	9.1425106e+02
1	0	1	60	9.4744011e+02
1	0	1	61	8.5890323e+02
1	0	1	62	8.8072453e+02
1	0	1	63	1.0815367e+03
1	0	2	0	-6.9556833e+01
1	0	2	1	-5.4806167e+01
1	0	2	2	-5.8340880e+01
1	0	2	3	-1.7699549e+01
1	0	2	4	-6.9298839e+01
1	0	2	5	-7.9790472e+01
1	0	2	6	-7.3160559e+01
1	0	2	7	-2.7548882e+01
1	0	2	8	-8.3094081e+01
1	0	2	9	-1.0087977e+02
1	0	2	10	-1.4064006e+02
1	0	2	11	-2.0748758e+02
1	0	2	12	-1.1012824e+02
1	0	2	13	-7.0585148e+01
1	0	2	14	-9.9394614e+01
1	0	2	15	-1.7162812e+02
1	0	2	16	-1.5665288e+02
1	0	2	17	-1.9236108e+02
1	0	2	18	-1.0208155e+02
1	0	2	19	-2.4727791e+02
1	0	2	20	-1.6759114e+02
1	0	2	21	-1.5099459e+02
1	0	2	22	-1.6346826e+02
1	0	2	23	-2.6569431e+02
1	0	2	24	-2.2357058e+02
1	0	2	25	-1.4790421e+02
1	0	2	26	-2.9715488e+02
1	0	2	27	-2.3398884e+02
1	0	2	28	-2.2114206e+02
1	0	2	29	-1.9987082e+02
1	0	2	30	-2.6400026e+02
1	0	2	31	-2.6755372e+02
1	0	2	32	-2.0323817e+02
1	0	2	33	-2.1556704e+02
1	0	2	34	9.0830342e+01
1	0	2	35	2.8121309e+02
1	0	2	36	3.1079211e+02
1	0	2	37	3.6672800e+02
1	0	2	38	2.5769206e+02
1	0	2	39	2.0580669e+02
1	0	2	40	2.2749670e+02
1	0	2	41	6.0999742e+01
1	0	2	42	3.8641135e+02
1	0	2	43	2.0328964e+02
1	0	2	44	2.9983857e+02
1	0	2	45	2.5739166e+02
1	0	2	46	2.5699727e+02
1	0	2	47	1.9409324e+02
1	0	2	48	3.7478595e+02
1	0	2	49	1.2598542e+02
1	0	2	50	3.5927710e+02
1	0	2	51	7.7009721e+02
1	0	2	52	7.6674779e+02
1	0	2	53	4.5009507e+02
1	0	2	54	4.2868853e+02
1	0	2	55	4.2243644e+02
1	0	2	56	6.1054020e+02
1	0	2	57	5.9883378e+02
1	0	2	58	5.3851679e+02
1	0	2	59	5.9272701e+02
1	0	2	60	5.0820575e+02
1	0	2	61	4.5277623e+02
1	0	2	62	4.8716943e+02
1	0	2	63	5.1204738e+02
1	0	3	0	4.2429418e+01
1	0	3	1	7.4310744e+01
1	0	3	2	-1.8138695e+02
1	0	3	3	-1.3615463e+02
1	0	3	4	-7.3535010e+01
1	0	3	5	-4.5297438e+01
1	0	3	6	7.3687102e+00
1	0	3	7	-1.5932382e+02
1	0	3	8	-5.2813321e+01
1	0	3	9	1.6629379e+01
1	0	3	10	-2.2233931e+01
1	0	3	11	-6.6179146e+01
1	0	3	12	-9.7973689e+01
1	0	3	13	-1.4745556e+02
1	0	3	14	-1.5831473e+02
1	0	3	15	-2.0754571e+02
1	0	3	16	-2.0649664e+02
1	0	3	17	-2.9284216e+01
1	0	3	18	-1.4955649e+02
1	0	3	19	-5.7997054e+01
1	0	3	20	-2.3054178e+02
1	0	3	21	-9.5023202e+01
1	0	3	22	-2.9092592e+02
1	0	3	23	-4.0741809e+01
1	0	3	24	-1.6191487e+02
1	0	3	25	-1.3591680e+02
1	0	3	26	-2.1693493e+02
1	0	3	27	-2.1393832e+02
1	0	3	28	-7.9532548e+01
1	0	3	29	-4.5011051e+01
1	0	3	30	-3.2697658e+02
1	0	3	31	-2.5833419e+02
1	0	3	32	-2.3901366e+02
1	0	3	33	-3.2876686e+02
1	0	3	34	3.2341361e+02
1	0	3	35	1.6856333e+02
1	0	3	36	3.7693540e+02
1	0	3	37	3.5255477e+02
1	0	3	38	3.7697849e+02
1	0	3	39	4.3160546e+02
1	0	3	40	4.4744062e+02
1	0	3	41	5.4302013e+02
1	0	3	42	4.3327576e+02
1	0	3	43	3.9673842e+02
1	0	3	44	5.0032023e+02
1	0	3	45	3.0555507e+02
1	0	3	46	3.2815144e+02
1	0	3	47	3.7008405e+02
1	0	3	48	4.2496393e+02
1	0	3	49	2.4242803e+02
1	0	3	50	4.8107252e+02
1	0	3	51	8.4711042e+02
1	0	3	52	7.8453532e+02
1	0	3	53	3.9506373e+02
1	0	3	54	4.7926278e+02
1	0	3	55	6.6207399e+02
1	0	3	56	6.8999307e+02
1	0	3	57	6.6812578e+02
1	0	3	58	5.8154188e+02
1	0	3	59	5.2826392e+02
1	0	3	60	4.9426892e+02
1	0	3	61	4.7184621e+02
1	0	3	62	5.1523313e+02
1	0	3	63	6.3941117e+02
1	0	4	0	2.8636185e+01
1	0	4	1	-3.0015807e+02
1	0	4	2	-6.2674106e+01
1	0	4	3	-2.4334802e+01
1	0	4	4	-1.5261908e+02
1	0	4	5	-5.7656580e+01
1	0	4	6	-5.4653570e+00
1	0	4	7	-9.0793628e+01
1	0	4	8	-9.3071657e+01
1	0	4	9	-6.0919578e+01
1	0	4	10	-2.2222238e+02
1	0	4	11	-1.8476188e+02
1	0	4	12	-1.9140476e+02
1	0	4	13	-1.3838644e+02
1	0	4	14	7.2622733e+01
1	0	4	15	-6.5944858e+01
1	0	4	16	-1.6303718e+02
1	0	4	17	-2.1044843e+02
1	0	4	18	-2.8087285e+02
1	0	4	19	-1.0940180e+02
1	0	4	20	-2.1800913e+02
1	0	4	21	-9.7313075e+01
1	0	4	22	-1.0130803e+02
1	0	4	23	-2.3019069e+02
1	0	4	24	-2.3633882e+02
1	0	4	25	-2.0455779e+02
1	0	4	26	-2.6644623e+02
1	0	4	27	-3.0616624e+02
1	0	4	28	-3.3081999e+02
1	0	4	29	-1.9866116e+02
1	0	4	30	-1.3448545e+02
1	0	4	31	-2.0752999e+02
1	0	4	32	-2.7190090e+02
1	0	4	33	-2.7511249e+02
1	0	4	34	2.6606543e+02
1	0	4	35	3.1893175e+02
1	0	4	36	3.1266529e+02
1	0	4	37	2.6120606e+02
1	0	4	38	3.1977155e+02
1	0	4	39	3.2719561e+02
1	0	4	40	2.1958088e+02
1	0	4	41	2.4791228e+02
1	0	4	42	3.0989358e+02
1	0	4	43	4.0267234e+02
1	0	4	44	4.3097426e+02
1	0	4	45	5.1384503e+01
1	0	4	46	2.9986343e+02
1	0	4	47	2.0213788e+02
1	0	4	48	2.5359377e+02
1	0	4	49	1.0761754e+02
1	0	4	50	1.9402279e+02
1	0	4	51	7.0165201e+02
1	0	4	52	8.2364004e+02
1	0	4	53	5.4334511e+02
1	0	4	54	2.6407389e+02
1	0	4	55	6.1168471e+02
1	0	4	56	6.6288800e+02
1	0	4	57	7.6751685e+02
1	0	4	58	5.9815181e+02
1	0	4	59	3.8145458e+02
1	0	4	60	4.6729276e+02
1	0	4	61	5.8652575e+02
1	0	4	62	4.2243446e+02
1	0	4	63	3.6332114e+02
1	0	5	0	-1.1761893e+02
1	0	5	1	-1.5038772e+02
1	0	5	2	-1.6903055e+02
1	0	5	3	-1.6317956e+02
1	0	5	4	-2.7349758e+02
1	0	5	5	-1.2093024e+02
1	0	5	6	-1.7682081e+02
1	0	5	7	-1.7402315e+02
1	0	5	8	-1.1195899e+02
1	0	5	9	-1.2266042e+02
1	0	5	10	-1.6639372e+02
1	0	5	11	-1.4340390e+02
1	0	5	12	-4.0955375e+02
1	0	5	13	-1.7050683e+02
1	0	5	14	-4.2449527e+02
1	0	5	15	-1.1347751e+02
1	0	5	16	-2.5119687e+02
1	0	5	17	-3.3371500e+02
1	0	5	18	-3.0920155e+02
1	0	5	19	-2.4421287e+02
1	0	5	20	-3.5357216e+02
1	0	5	21	-2.5887316e+02
1	0	5	22	-4.3427781e+02
1	0	5	23	-3.1968145e+02
1	0	5	24	-1.7861333e+02
1	0	5	25	-2.4828940e+02
1	0	5	26	-4.1450822e+02
1	0	5	27	-2.5770023e+02
1	0	5	28	-2.2180820e+02
1	0	5	29	-2.6925989e+02
1	0	5	30	-2.9770471e+02
1	0	5	31	-3.3382329e+02
1	0	5	32	-2.6886594e+02
1	0	5	33	-3.4247788e+02
1	0	5	34	2.0068735e+02
1	0	5	35	2.7541037e+02
1	0	5	36	2.1279360e+02
1	0	5	37	2.4576666e+02
1	0	5	38	2.5800522e+02
1	0	5	39	2.8909316e+02
1	0	5	40	1.7352952e+02
1	0	5	41	1.6946533e+02
1	0	5	42	2.9928877e+02
1	0	5	43	1.7511943e+02
1	0	5	44	3.8651665e+02
1	0	5	45	7.0123774e+01
1	0	5	46	2.2332181e+02
1	0	5	47	3.3339214e+02
1	0	5	48	1.6454007e+02
1	0	5	49	3.0399154e+02
1	0	5	50	3.4725946e+02
1	0	5	51	6.8712050e+02
1	0	5	52	7.5197420e+02
1	0	5	53	5.8783548e+02
1	0	5	54	4.9819796e+02
1	0	5	55	4.2924224e+02
1	0	5	56	5.8027576e+02
1	0	5	57	5.6037414e+02
1	0	5	58	4.6719957e+02
1	0	5	59	4.6096876e+02
1	0	5	60	5.5485148e+02
1	0	5	61	2.8672166e+02
1	0	5	62	4.3873731e+02
1	0	5	63	5.8044944e+02
1	0	6	0	-1.2743218e+02
1	0	6	1	-1.9024320e+02
1	0	6	2	-9.3478136e+01
1	0	6	3	-1.9190242e+02
1	0	6	4	-2.3393915e+02
1	0	6	5	-2.3204860e+02
1	0	6	6	-2.6194535e+02
1	0	6	7	-1.5387907e+02
1	0	6	8	-2.3635946e+02
1	0	6	9	-1.4807553e+02
1	0	6	10	-2.1606240e+02
1	0	6	11	-1.6405480e+02
1	0	6	12	-3.1682432e+02
1	0	6	13	-2.5042758e+02
1	0	6	14	-1.7002892e+02
1	0	6	15	-1.4864345e+02
1	0	6	16	-2.4714405e+02
1	0	6	17	-3.0713028e+02
1	0	6	18	-2.2773611e+02
1	0	6	19	-3.1782774e+02
1	0	6	20	-1.3057200e+02
1	0	6	21	-2.4391519e+02
1	0	6	22	-2.8325303e+02
1	0	6	23	-2.5290219e+02
1	0	6	24	-2.9842686e+02
1	0	6	25	-2.5128754e+02
1	0	6	26	-3.0033856e+02
1	0	6	27	-3.3591545e+02
1	0	6	28	-3.5910883e+02
1	0	6	29	-3.1099495e+02
1	0	6	30	-2.8995943e+02
1	0	6	31	-3.8384836e+02
1	0	6	32	-4.1077455e+02
1	0	6	33	-3.7285589e+02
1	0	6	34	1.7762327e+02
1	0	6	35	2.5039827e+02
1	0	6	36	2.4558406e+02
1	0	6	37	1.7719690e+02
1	0	6	38	2.3441080e+02
1	0	6	39	2.1814768e+02
1	0	6	40	1.2775042e+02
1	0	6	41	1.2899471e+02
1	0	6	42	1.9722585e+02
1	0	6	43	2.4327455e+02
1	0	6	44	2.8503552e+02
1	0	6	45	1.3109270e+02
1	0	6	46	2.5511670e+02
1	0	6	47	1.5260160e+02
1	0	6	48	2.1800810e+02
1	0	6	49	1.9722041e+02
1	0	6	50	2.7385425e+02
1	0	6	51	6.0329428e+02
1	0	6	52	6.4863959e+02
1	0	6	53	3.4121051e+02
1	0	6	54	3.5559166e+02
1	0	6	55	4.4329808e+02
1	0	6	56	5.2942933e+02
1	0	6	57	5.5173878e+02
1	0	6	58	4.8217548e+02
1	0	6	59	4.2433156e+02
1	0	6	60	3.4712143e+02
1	0	6	61	2.7251961e+02
1	0	6	62	3.5528593e+02
1	0	6	63	3.5466557e+02
1	0	7	0	-1.7228522e+02
1	0	7	1	-1.9608936e+02
1	0	7	2	-2.1929015e+02
1	0	7	3	-2.1919299e+02
1	0	7	4	-2.0067157e+02
1	0	7	5	-1.6913545e+02
1	0	7	6	-1.8126755e+02
1	0	7	7	-1.5605069e+02
1	0	7	8	-2.1228416e+02
1	0	7	9	-2.3689652e+02
1	0	7	10	-2.8014251e+02
1	0	7	11	-1.5039789e+02
1	0	7	12	-2.7535052e+02
1	0	7	13	-1.8509482e+02
1	0	7	14	-3.0819738e+02
1	0	7	15	-2.7533032e+02
1	0	7	16	-3.0508905e+02
1	0	7	17	-3.1474664e+02
1	0	7	18	-2.9521798e+02
1	0	7	19	-2.7345640e+02
1	0	7	20	-3.3018957e+02
1	0	7	21	-3.1354830e+02
1	0	7	22	-2.8529842e+02
1	0	7	23	-3.0232268e+02
1	0	7	24	-2.7462921e+02
1	0	7	25	-3.6234203e+02
1	0	7	26	-3.4343881e+02
1	0	7	27	-2.9950012e+02
1	0	7	28	-2.9141822e+02
1	0	7	29	-3.5965488e+02
1	0	7	30	-3.2579093e+02
1	0	7	31	-3.3798350e+02
1	0	7	32	-3.3363226e+02
1	0	7	33	-3.2122757e+02
1	0	7	34	1.8102019e+02
1	0	7	35	1.7908780e+02
1	0	7	36	2.7343697e+02
1	0	7	37	2.8660016e+03
1	0	7	38	2.4472717e+02
1	0	7	39	5.4253099e+02
1	0	7	40	2.5732936e+02
1	0	7	41	2.0163937e+02
1	0	7	42	2.8965623e+02
1	0	7	43	1.7913902e+02
1	0	7	44	3.2394738e+02
1	0	7	45	2.0898543e+02
1	0	7	46	2.0421705e+02
1	0	7	47	2.2006521e+02
1	0	7	48	2.2456646e+02
1	0	7	49	2.0736259e+02
1	0	7	50	1.3763767e+02
1	0	7	51	6.7826020e+02
1	0	7	52	6.2042870e+02
1	0	7	53	4.0308175e+02
1	0	7	54	4.6775995e+02
1	0	7	55	8.8366950e+02
1	0	7	56	5.4949013e+02
1	0	7	57	5.4868044e+02
1	0	7	58	4.9527173e+02
1	0	7	59	4.3297086e+02
1	0	7	60	6.0063216e+02
1	0	7	61	4.8281342e+02
1	0	7	62	3.9674205e+02
1	0	7	63	4.7709973e+02
1	0	8	0	-3.8305872e+01
1	0	8	1	-2.1546075e+02
1	0	8	2	-1.7124015e+02
1	0	8	3	-2.4531759e+02
1	0	8	4	-2.0202950e+02
1	0	8	5	-2.1726405e+02
1	0	8	6	-3.0511948e+02
1	0	8	7	-2.2613374e+02
1	0	8	8	-2.6178971e+02
1	0	8	9	-1.3986757e+02
1	0	8	10	-3.1499680e+02
1	0	8	11	-2.9286768e+01
1	0	8	12	-1.2934515e+02
1	0	8	13	-3.1490251e+02
1	0	8	14	-2.0917032e+02
1	0	8	15	-3.2063610e+02
1	0	8	16	-2.9708824e+02
1	0	8	17	-2.9610824e+02
1	0	8	18	-4.2222508e+02
1	0	8	19	-3.1777874e+02
1	0	8	20	-2.0915099e+02
1	0	8	21	-3.1598252e+02
1	0	8	22	-2.2294239e+02
1	0	8	23	-1.4410827e+02
1	0	8	24	-3.8248573e+02
1	0	8	25	-3.6953651e+02
1	0	8	26	-3.4139971e+02
1	0	8	27	-3.6703390e+02
1	0	8	28	-3.5502041e+02
1	0	8	29	-4.1624558e+02
1	0	8	30	-3.2270197e+02
1	0	8	31	-3.7408459e+02
1	0	8	32	-3.7684959e+02
1	0	8	33	-5.4073262e+02
1	0	8	34	-2.1094187e+01
1	0	8	35	1.1010889e+02
1	0	8	36	7.0824542e+01
1	0	8	37	3.4046848e+02
1	0	8	38	2.7027737e+02
1	0	8	39	2.0705436e+02
1	0	8	40	1.3265000e+02
1	0	8	41	1.0676994e+02
1	0	8	42	1.5585019e+02
1	0	8	43	1.9316604e+01
1	0	8	44	2.1770172e+02
1	0	8	45	1.7418759e+02
1	0	8	46	9.5783971e+01
1	0	8	47	1.2954395e+02
1	0	8	48	1.5623937e+02
1	0	8	49	1.6413017e+02
1	0	8	50	2.5462327e+02
1	0	8	51	7.1646006e+02
1	0	8	52	6.2955257e+02
1	0	8	53	2.9673504e+02
1	0	8	54	2.2946271e+02
1	0	8	55	4.5397907e+02
1	0	8	56	4.2091914e+02
1	0	8	57	5.8310615e+02
1	0	8	58	3.4518006e+02
1	0	8	59	3.8075163e+02
1	0	8	60	4.1643923e+02
1	0	8	61	4.8810831e+02
1	0	8	62	5.1284895e+02
1	0	8	63	3.7651222e+02
1	0	9	0	-5.5091397e+01
1	0	9	1	-3.7436887e+02
1	0	9	2	-9.3416783e+01
1	0	9	3	-1.3568483e+02
1	0	9	4	-2.7809989e+02
1	0	9	5	1.2183871e+00
1	0	9	6	-2.1277396e+02
1	0	9	7	-2.0247718e+02
1	0	9	8	-6.3635762e+01
1	0	9	9	-1.7272561e+02
1	0	9	10	-2.6403202e+02
1	0	9	11	-1.7310019e+02
1	0	9	12	-2.2040968e+02
1	0	9	13	-1.6709657e+02
1	0	9	14	-2.4569580e+02
1	0	9	15	-2.8134299e+02
1	0	9	16	-4.2704406e+02
1	0	9	17	-3.0916124e+02
1	0	9	18	-2.7578157e+02
1	0	9	19	-4.2175966e+02
1	0	9	20	-4.5621078e+02
1	0	9	21	-3.2808212e+02
1	0	9	22	-2.6833017e+02
1	0	9	23	-1.8091786e+02
1	0	9	24	-3.6875845e+02
1	0	9	25	-1.5305401e+02
1	0	9	26	-4.8311597e+02
1	0	9	27	-2.2576666e+02
1	0	9	28	-3.6286879e+02
1	0	9	29	-2.6682772e+02
1	0	9	30	-2.4490940e+02
1	0	9	31	-3.2645313e+02
1	0	9	32	-2.9824976e+02
1	0	9	33	-2.5005696e+02
1	0	9	34	3.0769429e+02
1	0	9	35	1.9938033e+02
1	0	9	36	3.5927852e+02
1	0	9	37	2.3768243e+02
1	0	9	38	2.6506510e+02
1	0	9	39	1.0694194e+02
1	0	9	40	4.5809181e+02
1	0	9	41	2.1952326e+02
1	0	9	42	3.2294301e+02
1	0	9	43	3.5316423e+02
1	0	9	44	2.3102349e+02
1	0	9	45	1.2366422e+02
1	0	9	46	2.9922921e+02
1	0	9	47	2.9091096e+02
1	0	9	48	2.9822340e+02
1	0	9	49	2.1952747e+02
1	0	9	50	3.5134394e+02
1	0	9	51	4.8475928e+02
1	0	9	52	7.6392481e+02
1	0	9	53	4.7883000e+02
1	0	9	54	4.7685765e+02
1	0	9	55	4.6116906e+02
1	0	9	56	6.1742810e+02
1	0	9	57	5.7291400e+02
1	0	9	58	4.8730994e+02
1	0	9	59	4.0228247e+02
1	0	9	60	5.0144181e+02
1	0	9	61	3.7873546e+02
1	0	9	62	4.3895314e+02
1	0	9	63	7.0438003e+02
1	0	10	0	3.2173164e+01
1	0	10	1	-1.5003501e+02
1	0	10	2	4.0657109e+01
1	0	10	3	6.3843588e+01
1	0	10	4	-9.9740340e+01
1	0	10	5	-9.1114132e+01
1	0	10	6	-1.0161823e+02
1	0	10	7	2.1423449e+01
1	0	10	8	-1.7241763e+02
1	0	10	9	-4.8713879e+00
1	0	10	10	-1.7146945e+02
1	0	10	11	-2.1260477e+02
1	0	10	12	-8.0745109e+01
1	0	10	13	-3.6331213e+01
1	0	10	14	-6.5492540e+01
1	0	10	15	-9.1331609e+01
1	0	10	16	-1.2690931e+02
1	0	10	17	-2.4479843e+02
1	0	10	18	-7.2512824e+01
1	0	10	19	-1.7887485e+02
1	0	10	20	-4.2856404e+01
1	0	10	21	-6.3505574e+01
1	0	10	22	-1.4900523e+02
1	0	10	23	-2.0960195e+02
1	0	10	24	-1.9870626e+02
1	0	10	25	-1.6676306e+02
1	0	10	26	-1.8715873e+02
1	0	10	27	-1.9738122e+02
1	0	10	28	-7.3591938e+01
1	0	10	29	-1.4088028e+02
1	0	10	30	-1.9913001e+02
1	0	10	31	-1.5547780e+02
1	0	10	32	-1.9020309e+02
1	0	10	33	-2.9621458e+02
1	0	10	34	3.0777505e+02
1	0	10	35	4.1999189e+02
1	0	10	36	3.7964016e+02
1	0	10	37	3.6496250e+02
1	0	10	38	3.0378052e+02
1	0	10	39	3.5318249e+02
1	0	10	40	3.1475609e+02
1	0	10	41	2.5316513e+02
1	0	10	42	4.4202157e+02
1	0	10	43	4.2357723e+02
1	0	10	44	2.8139562e+02
1	0	10	45	2.2823595e+02
1	0	10	46	3.2922858e+02
1	0	10	47	2.6763146e+02
1	0	10	48	2.9471864e+02
1	0	10	49	3.6316816e+02
1	0	10	50	3.3165040e+02
1	0	10	51	8.2346955e+02
1	0	10	52	8.9434898e+02
1	0	10	53	5.4376350e+02
1	0	10	54	6.4313811e+02
1	0	10	55	5.7745052e+02
1	0	10	56	7.3361176e+02
1	0	10	57	6.5711674e+02
1	0	10	58	6.4676112e+02
1	0	10	59	5.1376351e+02
1	0	10	60	5.8176001e+02
1	0	10	61	5.1764423e+02
1	0	10	62	4.8423617e+02
1	0	10	63	6.0866144e+02
1	0	11	0	-2.1543131e+02
1	0	11	1	-1.2529227e+01
1	0	11	2	-2.6083247e+02
1	0	11	3	-2.3773326e+02
1	0	11	4	-1.2797123e+02
1	0	11	5	-1.2261459e+02
1	0	11	6	-1.3551990e+02
1	0	11	7	-1.5927685e+01
1	0	11	8	-1.6526143e+02
1	0	11	9	9.8283143e+00
1	0	11	10	-7.6544802e+01
1	0	11	11	-2.1905321e+02
1	0	11	12	-1.4792523e+02
1	0	11	13	-3.4075939e-01
1	0	11	14	-1.2091857e+02
1	0	11	15	-4.6935937e+01
1	0	11	16	-1.8294492e+02
1	0	11	17	-1.1707636e+02
1	0	11	18	-2.5656864e+02
1	0	11	19	-7.5047284e+01
1	0	11	20	-1.6908797e+02
1	0	11	21	-1.6944149e+02
1	0	11	22	-1.4948313e+02
1	0	11	23	-1.0708258e+02
1	0	11	24	-2.5673912e+02
1	0	11	25	-1.3730464e+02
1	0	11	26	-1.6449340e+02
1	0	11	27	-1.4226331e+02
1	0	11	28	-7.5613263e+01
1	0	11	29	-1.2415405e+02
1	0	11	30	-1.8822098e+02
1	0	11	31	-3.6154994e+02
1	0	11	32	-1.3716422e+02
1	0	11	33	-1.7393517e+02
1	0	11	34	3.6772998e+02
1	0	11	35	1.6665676e+02
1	0	11	36	4.2784583e+02
1	0	11	37	5.0570538e+02
1	0	11	38	4.3025339e+02
1	0	11	39	3.9408274e+02
1	0	11	40	5.3294779e+02
1	0	11	41	3.4717645e+02
1	0	11	42	4.7160019e+02
1	0	11	43	4.1856784e+02
1	0	11	44	5.5434920e+02
1	0	11	45	4.6543832e+02
1	0	11	46	5.5498276e+02
1	0	11	47	3.8878821e+02
1	0	11	48	4.7805109e+02
1	0	11	49	4.5857385e+02
1	0	11	50	2.9536023e+02
1	0	11	51	6.3007566e+02
1	0	11	52	8.5171683e+02
1	0	11	53	5.6465676e+02
1	0	11	54	6.0318111e+02
1	0	11	55	6.8369702e+02
1	0	11	56	7.5511882e+02
1	0	11	57	7.0011842e+02
1	0	11	58	5.4607716e+02
1	0	11	59	5.7303241e+02
1	0	11	60	5.9910052e+02
1	0	11	61	3.4836446e+02
1	0	11	62	5.7434526e+02
1	0	11	63	4.7883726e+02
1	0	12	0	1.0407908e+02
1	0	12	1	6.2409156e+01
1	0	12	2	-2.6890743e+01
1	0	12	3	-3.5335684e+01
1	0	12	4	0.0000000e+00
1	0	12	5	-2.5301909e+01
1	0	12	6	0.0000000e+00
1	0	12	7	5.0886022e+01
1	0	12	8	-2.3073083e+02
1	0	12	9	-1.7139964e+01
1	0	12	10	-1.4835943e+02
1	0	12	11	-2.3905939e+02
1	0	12	12	1.3172621e+02
1	0	12	13	-6.7825798e+01
1	0	12	14	-1.4928488e+02
1	0	12	15	-1.6449215e+02
1	0	12	16	-1.4695376e+02
1	0	12	17	-1.4608964e+02
1	0	12	18	-1.4603317e+02
1	0	12	19	-1.7243858e+02
1	0	12	20	-7.3444245e+01
1	0	12	21	-7.9036555e+01
1	0	12	22	-2.2029852e+02
1	0	12	23	-2.8757980e+02
1	0	12	24	-7.3855474e+01
1	0	12	25	-1.0030082e+02
1	0	12	26	-1.9059666e+02
1	0	12	27	0.0000000e+00
1	0	12	28	-8.0824969e+01
1	0	12	29	-1.6034972e+02
1	0	12	30	-7.6829674e+01
1	0	12	31	-1.5402724e+02
1	0	12	32	-2.4791861e+02
1	0	12	33	-1.5381992e+01
1	0	12	34	2.5673343e+02
1	0	12	35	2.9944220e+02
1	0	12	36	3.1284704e+02
1	0	12	37	3.5370407e+02
1	0	12	38	4.0118147e+02
1	0	12	39	4.0966483e+02
1	0	12	40	3.4823969e+02
1	0	12	41	3.3544211e+02
1	0	12	42	2.9820066e+02
1	0	12	43	4.6176922e+02
1	0	12	44	4.7187619e+02
1	0	12	45	2.7316185e+02
1	0	12	46	2.3010777e+02
1	0	12	47	3.5154122e+02
1	0	12	48	3.4884732e+02
1	0	12	49	2.3541560e+02
1	0	12	50	2.8536936e+02
1	0	12	51	8.2546056e+02
1	0	12	52	7.2612177e+02
1	0	12	53	4.8568048e+02
1	0	12	54	5.8441489e+02
1	0	12	55	4.2054267e+02
1	0	12	56	6.0052198e+02
1	0	12	57	6.0543606e+02
1	0	12	58	5.4543818e+02
1	0	12	59	7.6183465e+02
1	0	12	60	5.1993374e+02
1	0	12	61	6.4084263e+02
1	0	12	62	5.3207018e+02
1	0	12	63	4.7169269e+02
1	0	13	0	2.0194032e+01
1	0	13	1	-9.7942383e+01
1	0	13	2	-1.1445184e+02
1	0	13	3	-6.7237601e+01
1	0	13	4	1.1851734e+01
1	0	13	5	5.4165598e+00
1	0	13	6	-7.0623267e+01
1	0	13	7	-5.2634945e+01
1	0	13	8	-1.3804098e+02
1	0	13	9	-4.0748847e+01
1	0	13	10	-4.7997247e+01
1	0	13	11	-1.0768003e+02
1	0	13	12	-1.0929013e+02
1	0	13	13	-3.7036917e+01
1	0	13	14	-2.0975640e+02
1	0	13	15	-1.8189947e+02
1	0	13	16	-2.2158221e+02
1	0	13	17	-2.0428542e+02
1	0	13	18	-3.8003030e+02
1	0	13	19	-1.1703785e+02
1	0	13	20	-2.6432468e+02
1	0	13	21	-2.4322933e+02
1	0	13	22	-1.9643613e+02
1	0	13	23	-1.6263770e+02
1	0	13	24	-2.1389974e+02
1	0	13	25	-1.3110376e+02
1	0	13	26	-3.4771303e+02
1	0	13	27	-2.1743149e+02
1	0	13	28	-2.1572093e+02
1	0	13	29	-1.7247602e+02
1	0	13	30	-1.5315169e+02
1	0	13	31	-4.1638053e+02
1	0	13	32	-2.8212334e+02
1	0	13	33	-2.6684542e+02
1	0	13	34	3.6263348e+02
1	0	13	35	1.1295406e+02
1	0	13	36	3.0516780e+02
1	0	13	37	3.3683484e+02
1	0	13	38	2.7163015e+02
1	0	13	39	3.2559754e+02
1	0	13	40	4.4737288e+02
1	0	13	41	3.0542224e+02
1	0	13	42	3.8326313e+02
1	0	13	43	2.7440665e+02
1	0	13	44	3.8411868e+02
1	0	13	45	3.1878264e+02
1	0	13	46	3.8591133e+02
1	0	13	47	2.8007865e+02
1	0	13	48	3.8033893e+02
1	0	13	49	3.8348836e+02
1	0	13	50	3.6060269e+02
1	0	13	51	8.3088858e+02
1	0	13	52	8.5292664e+02
1	0	13	53	6.2832660e+02
1	0	13	54	5.4820848e+02
1	0	13	55	5.9391185e+02
1	0	13	56	6.3530442e+02
1	0	13	57	5.7727605e+02
1	0	13	58	3.7097565e+02
1	0	13	59	4.7450886e+02
1	0	13	60	4.1820617e+02
1	0	13	61	5.8459805e+02
1	0	13	62	5.5400163e+02
1	0	13	63	5.4862383e+02
1	0	14	0	8.7241525e+01
1	0	14	1	5.8974289e+01
1	0	14	2	-2.0606911e+01
1	0	14	3	-9.4648903e+01
1	0	14	4	9.6200675e+00
1	0	14	5	1.1797637e+01
1	0	14	6	-4.5658111e+01
1	0	14	7	1.0228269e+02
1	0	14	8	-1.8446542e+01
1	0	14	9	-1.1281528e+02
1	0	14	10	-2.1038467e+01
1	0	14	11	-2.2555905e+00
1	0	14	12	-2.4722124e+02
1	0	14	13	-2.2864247e+01
1	0	14	14	-1.7406508e+00
1	0	14	15	6.8510208e+00
1	0	14	16	-1.0580268e+02
1	0	14	17	-1.1474071e+02
1	0	14	18	-2.2371579e+02
1	0	14	19	-9.2906100e+01
1	0	14	20	-7.5102700e+01
1	0	14	21	-2.1673799e+01
1	0	14	22	-2.4630596e+02
1	0	14	23	-6.3208171e+01
1	0	14	24	-2.4728966e+02
1	0	14	25	-2.5582671e+02
1	0	14	26	-3.3914018e+02
1	0	14	27	-3.2190884e+02
1	0	14	28	-9.5265490e+01
1	0	14	29	-1.2723568e+02
1	0	14	30	-7.9480072e+01
1	0	14	31	-2.0283882e+02
1	0	14	32	-2.1229141e+02
1	0	14	33	-2.0255421e+02
1	0	14	34	3.2483662e+02
1	0	14	35	2.8150470e+02
1	0	14	36	1.9198765e+02
1	0	14	37	4.2611404e+02
1	0	14	38	3.5040286e+02
1	0	14	39	3.4896802e+02
1	0	14	40	3.6208674e+02
1	0	14	41	3.3612471e+02
1	0	14	42	3.9150229e+02
1	0	14	43	4.4174623e+02
1	0	14	44	4.2280860e+02
1	0	14	45	4.4259263e+02
1	0	14	46	2.9976317e+02
1	0	14	47	4.0064670e+02
1	0	14	48	4.2598593e+02
1	0	14	49	4.5024373e+02
1	0	14	50	4.7112728e+02
1	0	14	51	8.4943244e+02
1	0	14	52	6.6966312e+02
1	0	14	53	6.1830984e+02
1	0	14	54	6.2628841e+02
1	0	14	55	6.8273446e+02
1	0	14	56	7.3971789e+02
1	0	14	57	7.6473140e+02
1	0	14	58	6.8602071e+02
1	0	14	59	6.6805557e+02
1	0	14	60	4.8066507e+02
1	0	14	61	4.1806891e+02
1	0	14	62	4.8701502e+02
1	0	14	63	6.3112376e+02
1	0	15	0	-8.7240953e+00
1	0	15	1	8.4089618e+01
1	0	15	2	8.3577980e+01
1	0	15	3	5.6316706e+01
1	0	15	4	2.8838586e+01
1	0	15	5	1.6440987e+02
1	0	15	6	1.7492040e+02
1	0	15	7	1.3042645e+02
1	0	15	8	-8.4775510e+01
1	0	15	9	3.5085115e+01
1	0	15	10	-2.0575467e+01
1	0	15	11	-2.8816222e+01
1	0	15	12	1.2203906e+02
1	0	15	13	1.4877628e+02
1	0	15	14	8.3963315e+01
1	0	15	15	-3.1608657e+01
1	0	15	16	2.1140638e+01
1	0	15	17	4.8016878e+01
1	0	15	18	2.5836041e+01
1	0	15	19	1.0428272e+01
1	0	15	20	-2.0418088e+01
1	0	15	21	3.9175829e+01
1	0	15	22	1.4026996e+02
1	0	15	23	1.3578826e+02
1	0	15	24	1.3392447e+02
1	0	15	25	-3.5877945e+01
1	0	15	26	-2.0480328e+01
1	0	15	27	-1.9888747e+02
1	0	15	28	1.2291802e+02
1	0	15	29	1.1662761e+02
1	0	15	30	3.0243615e+01
1	0	15	31	-1.3394812e+01
1	0	15	32	1.4463996e+01
1	0	15	33	-3.5061668e+01
1	0	15	34	5.3499240e+02
1	0	15	35	4.8753975e+02
1	0	15	36	6.2779717e+02
1	0	15	37	3.8375600e+02
1	0	15	38	4.0661242e+02
1	0	15	39	5.6171205e+02
1	0	15	40	6.4561620e+02
1	0	15	41	3.3240594e+02
1	0	15	42	5.0354631e+02
1	0	15	43	5.3025280e+02
1	0	15	44	6.4387019e+02
1	0	15	45	5.7717666e+02
1	0	15	46	6.9882479e+02
1	0	15	47	5.7797307e+02
1	0	15	48	6.8801776e+02
1	0	15	49	5.6456877e+02
1	0	15	50	5.5430999e+02
1	0	15	51	1.0170729e+03
1	0	15	52	1.0421468e+03
1	0	15	53	6.4356151e+02
1	0	15	54	7.9808785e+02
1	0	15	55	6.9906219e+02
1	0	15	56	8.9375752e+02
1	0	15	57	8.6780448e+02
1	0	15	58	5.8704194e+02
1	0	15	59	6.7861655e+02
1	0	15	60	7.9992118e+02
1	0	15	61	7.3105388e+02
1	0	15	62	7.2084110e+02
1	0	15	63	9.1665120e+02
1	1	0	0	-9.9438350e+01
1	1	0	1	-2.7638182e+02
1	1	0	2	-1.4884359e+02
1	1	0	3	-3.2029694e+02
1	1	0	4	-2.5231746e+02
1	1	0	5	-2.4695275e+02
1	1	0	6	-4.7453721e+02
1	1	0	7	-3.6868429e+02
1	1	0	8	-2.7097612e+02
1	1	0	9	-1.9258958e+02
1	1	0	10	-4.2325646e+02
1	1	0	11	-3.0854342e+02
1	1	0	12	-2.1520946e+02
1	1	0	13	-3.6544524e+02
1	1	0	14	-2.1657817e+02
1	1	0	15	-2.4271065e+02
1	1	0	16	-3.9480854e+02
1	1	0	17	-4.0319109e+02
1	1	0	18	-3.0877485e+02
1	1	0	19	-3.7130679e+02
1	1	0	20	-2.7950531e+02
1	1	0	21	-3.1426394e+02
1	1	0	22	-3.7288186e+02
1	1	0	23	-5.4909483e+02
1	1	0	24	-3.9191530e+02
1	1	0	25	-3.3487271e+02
1	1	0	26	-3.8176238e+02
1	1	0	27	-4.1660143e+02
1	1	0	28	-3.9849907e+02
1	1	0	29	-4.9168346e+02
1	1	0	30	-3.1609034e+02
1	1	0	31	-3.3874602e+02
1	1	0	32	-4.1976841e+02
1	1	0	33	-5.3798630e+02
1	1	0	34	1.1774598e+02
1	1	0	35	2.3738821e+02
1	1	0	36	1.7839614e+02
1	1	0	37	2.3551633e+02
1	1	0	38	1.4923158e+02
1	1	0	39	2.2864379e+02
1	1	0	40	1.2164312e+02
1	1	0	41	1.3262711e+02
1	1	0	42	2.0352227e+02
1	1	0	43	2.3796444e+02
1	1	0	44	1.4842248e+02
1	1	0	45	2.1838045e+02
1	1	0	46	7.4790885e+00
1	1	0	47	1.9670231e+02
1	1	0	48	2.1242205e+02
1	1	0	49	1.4986069e+02
1	1	0	50	1.6513878e+02
1	1	0	51	6.5472726e+02
1	1	0	52	5.8152829e+02
1	1	0	53	3.0265909e+02
1	1	0	54	3.8926496e+02
1	1	0	55	3.8335900e+02
1	1	0	56	5.3166221e+02
1	1	0	57	5.0660423e+02
1	1	0	58	3.9740350e+02
1	1	0	59	3.4035962e+02
1	1	0	60	4.2535585e+02
1	1	0	61	3.4833845e+02
1	1	0	62	2.5086117e+02
1	1	0	63	4.8371738e+02
1	1	1	0	2.3531555e+01
1	1	1	1	-1.1259424e+02
1	1	1	2	-1.0549336e+02
1	1	1	3	-8.9945051e+01
1	1	1	4	-8.1886801e+01
1	1	1	5	-5.2770094e+00
1	1	1	6	-5.0767345e+01
1	1	1	7	-1.2150247e+01
1	1	1	8	-1.4103443e+02
1	1	1	9	-6.7567100e+01
1	1	1	10	-2.5518094e+02
1	1	1	11	-7.9332991e+01
1	1	1	12	-1.1375843e+02
1	1	1	13	-1.0865542e+02
1	1	1	14	-1.4870590e+02
1	1	1	15	-5.9116738e+01
1	1	1	16	-1.7999695e+02
1	1	1	17	-1.5505918e+02
1	1	1	18	-1.1493969e+02
1	1	1	19	-1.1400964e+02
1	1	1	20	-2.4621362e+02
1	1	1	21	-1.4921940e+02
1	1	1	22	-8.7238052e+01
1	1	1	23	-1.9201538e+02
1	1	1	24	-4.4751811e+02
1	1	1	25	-1.2991697e+02
1	1	1	26	-1.8573644e+02
1	1	1	27	-2.4889193e+02
1	1	1	28	-1.5432154e+02
1	1	1	29	-2.1114172e+02
1	1	1	30	-1.7046860e+02
1	1	1	31	-2.6015158e+02
1	1	1	32	-2.8221145e+02
1	1	1	33	-2.1632854e+02
1	1	1	34	2.6793364e+02
1	1	1	35	7.8127259e+01
1	1	1	36	3.5545625e+02
1	1	1	37	4.4554846e+02
1	1	1	38	3.5273396e+02
1	1	1	39	3.4503764e+02
1	1	1	40	4.0784944e+02
1	1	1	41	3.0941459e+02
1	1	1	42	4.0378899e+02
1	1	1	43	2.8965320e+02
1	1	1	44	4.4136419e+02
1	1	1	45	2.8384889e+02
1	1	1	46	3.2741196e+02
1	1	1	47	1.5616275e+02
1	1	1	48	2.4071333e+02
1	1	1	49	3.2946704e+02
1	1	1	50	3.0981969e+02
1	1	1	51	7.1236723e+02
1	1	1	52	8.3504116e+02
1	1	1	53	5.9916132e+02
1	1	1	54	5.6631600e+02
1	1	1	55	5.0741889e+02
1	1	1	56	5.6723069e+02
1	1	1	57	5.1258922e+02
1	1	1	58	5.8464177e+02
1	1	1	59	3.6312887e+02
1	1	1	60	6.8968632e+02
1	1	1	61	4.9307671e+02
1	1	1	62	4.8739828e+02
1	1	1	63	6.3614815e+02
1	1	2	0	-3.4748950e+02
1	1	2	1	-4.7183648e+02
1	1	2	2	-3.6611506e+02
1	1	2	3	-3.9193144e+02
1	1	2	4	-4.2133031e+02
1	1	2	5	-4.7806143e+02
1	1	2	6	-4.6943578e+02
1	1	2	7	-3.2229928e+02
1	1	2	8	-3.2932842e+02
1	1	2	9	-4.7838346e+02
1	1	2	10	-5.5974032e+02
1	1	2	11	-4.5751545e+02
1	1	2	12	-5.6116396e+02
1	1	2	13	-5.9128428e+02
1	1	2	14	-3.9278064e+02
1	1	2	15	-3.7655351e+02
1	1	2	16	-4.9328312e+02
1	1	2	17	-5.9294351e+02
1	1	2	18	-5.9172900e+02
1	1	2	19	-6.7656875e+02
1	1	2	20	-5.0983243e+02
1	1	2	21	-5.1814018e+02
1	1	2	22	-5.0073664e+02
1	1	2	23	-5.6520238e+02
1	1	2	24	-6.6198745e+02
1	1	2	25	-5.5534520e+02
1	1	2	26	-5.4394107e+02
1	1	2	27	-5.4488651e+02
1	1	2	28	-4.9966945e+02
1	1	2	29	-6.6169851e+02
1	1	2	30	-6.0948076e+02
1	1	2	31	-5.9019412e+02
1	1	2	32	-6.2081696e+02
1	1	2	33	-4.8431601e+02
1	1	2	34	-3.8608191e+01
1	1	2	35	-1.3953409e+02
1	1	2	36	-1.9074210e+01
1	1	2	37	-1.5078643e+01
1	1	2	38	-9.3669019e+01
1	1	2	39	-6.8531718e+01
1	1	2	40	6.8510512e+01
1	1	2	41	-1.9789833e+02
1	1	2	42	1.3281655e+01
1	1	2	43	7.2718867e+01
1	1	2	44	-6.7997826e+01
1	1	2	45	-2.2524506e+01
1	1	2	46	-9.6255666e+01
1	1	2	47	-7.9557792e+01
1	1	2	48	-1.2070010e+01
1	1	2	49	-1.0510840e+02
1	1	2	50	-5.1419535e+01
1	1	2	51	4.6979857e+02
1	1	2	52	4.4682221e+02
1	1	2	53	1.3481198e+02
1	1	2	54	1.8014771e+02
1	1	2	55	1.5862845e+02
1	1	2	56	2.2895652e+02
1	1	2	57	2.5270128e+02
1	1	2	58	2.0964345e+02
1	1	2	59	1.3079160e+02
1	1	2	60	1.8067461e+02
1	1	2	61	1.1671419e+02
1	1	2	62	-4.4329416e+01
1	1	2	63	2.3910904e+02
1	1	3	0	-2.9373191e+02
1	1	3	1	-2.2358293e+02
1	1	3	2	-2.2712927e+02
1	1	3	3	-1.3955279e+02
1	1	3	4	-2.6621096e+02
1	1	3	5	-2.1124273e+02
1	1	3	6	-1.6417949e+02
1	1	3	7	-1.4108556e+02
1	1	3	8	-1.8184633e+02
1	1	3	9	-1.5039695e+02
1	1	3	10	-1.6103906e+02
1	1	3	11	-2.1260101e+02
1	1	3	12	-2.2268592e+02
1	1	3	13	-1.8959507e+02
1	1	3	14	-3.0661660e+02
1	1	3	15	-1.8621700e+02
1	1	3	16	-2.5373008e+02
1	1	3	17	-2.0030612e+02
1	1	3	18	-3.2487485e+02
1	1	3	19	-3.5908233e+02
1	1	3	20	-2.5793551e+02
1	1	3	21	-2.5756129e+02
1	1	3	22	-2.5541232e+02
1	1	3	23	-1.5110363e+02
1	1	3	24	-2.2943199e+02
1	1	3	25	-2.3332404e+02
1	1	3	26	-2.3176274e+02
1	1	3	27	-2.6859567e+02
1	1	3	28	-1.5247928e+02
1	1	3	29	-2.4339884e+02
1	1	3	30	-2.7428380e+02
1	1	3	31	-4.1563241e+02
1	1	3	32	-2.8776472e+02
1	1	3	33	-2.6281791e+02
1	1	3	34	1.2575646e+02
1	1	3	35	7.6597535e+01
1	1	3	36	2.1363111e+02
1	1	3	37	2.8315540e+02
1	1	3	38	2.1398444e+02
1	1	3	39	1.7999766e+02
1	1	3	40	3.3401046e+02
1	1	3	41	2.6248829e+02
1	1	3	42	3.0460521e+02
1	1	3	43	2.3126507e+02
1	1	3	44	2.0667423e+02
1	1	3	45	1.4493738e+02
1	1	3	46	2.4990191e+02
1	1	3	47	2.7241187e+02
1	1	3	48	1.7239991e+02
1	1	3	49	8.3552854e+01
1	1	3	50	2.4822183e+02
1	1	3	51	6.0992114e+02
1	1	3	52	5.4133322e+02
1	1	3	53	2.6826538e+02
1	1	3	54	4.2499291e+02
1	1	3	55	3.3651076e+02
1	1	3	56	5.0554966e+02
1	1	3	57	5.8640186e+02
1	1	3	58	5.1267472e+02
1	1	3	59	5.0779393e+02
1	1	3	60	3.9910712e+02
1	1	3	61	4.5871327e+02
1	1	3	62	4.4760245e+02
1	1	3	63	5.2119130e+02
1	1	4	0	-1.7935199e+02
1	1	4	1	-3.0606800e+02
1	1	4	2	-3.2070881e+02
1	1	4	3	-1.9837434e+02
1	1	4	4	-3.7087103e+02
1	1	4	5	-3.2098034e+02
1	1	4	6	-3.4208770e+02
1	1	4	7	-2.8006057e+02
1	1	4	8	-3.5189630e+02
1	1	4	9	-3.9680606e+02
1	1	4	10	-4.3990570e+02
1	1	4	11	-2.9190391e+02
1	1	4	12	-3.8227403e+02
1	1	4	13	-3.5275765e+02
1	1	4	14	-2.3245914e+02
1	1	4	15	-3.6518084e+02
1	1	4	16	-4.4719561e+02
1	1	4	17	-4.6837040e+02
1	1	4	18	-3.1399242e+02
1	1	4	19	-4.1024259e+02
1	1	4	20	-3.4814691e+02
1	1	4	21	-3.7915413e+02
1	1	4	22	-3.6959966e+02
1	1	4	23	-4.1088094e+02
1	1	4	24	-4.6873011e+02
1	1	4	25	-4.4980797e+02
1	1	4	26	-4.4905241e+02
1	1	4	27	-4.4695450e+02
1	1	4	28	-3.7139661e+02
1	1	4	29	-4.6297298e+02
1	1	4	30	-4.5602892e+02
1	1	4	31	-5.2463083e+02
1	1	4	32	-4.3789908e+02
1	1	4	33	-5.3001711e+02
1	1	4	34	-2.1242488e+01
1	1	4	35	5.1168856e+01
1	1	4	36	-5.9221713e+01
1	1	4	37	-1.0875278e+01
1	1	4	38	-3.3535080e+01
1	1	4	39	-7.5913397e+00
1	1	4	40	-6.1010859e+00
1	1	4	41	-9.1737948e+01
1	1	4	42	7.7910622e+01
1	1	4	43	9.9944040e+01
1	1	4	44	5.8392576e+01
1	1	4	45	-9.7667672e-01
1	1	4	46	3.2214788e+01
1	1	4	47	1.0093481e+02
1	1	4	48	7.1445290e+01
1	1	4	49	3.4555810e+01
1	1	4	50	1.0022647e+02
1	1	4	51	4.9255331e+02
1	1	4	52	4.8689165e+02
1	1	4	53	2.6318745e+02
1	1	4	54	1.8608904e+02
1	1	4	55	2.9264749e+02
1	1	4	56	4.0338644e+02
1	1	4	57	3.2452507e+02
1	1	4	58	2.5524362e+02
1	1	4	59	2.5351593e+02
1	1	4	60	2.8906206e+02
1	1	4	61	1.0597160e+02
1	1	4	62	2.3925341e+02
1	1	4	63	2.8357539e+02
1	1	5	0	-4.2371539e+01
1	1	5	1	-1.8971474e+02
1	1	5	2	-3.7485129e+02
1	1	5	3	-2.8965672e+02
1	1	5	4	-2.2604747e+02
1	1	5	5	-1.9326259e+02
1	1	5	6	-7.8814746e+01
1	1	5	7	-1.8490253e+02
1	1	5	8	-2.8666286e+02
1	1	5	9	-1.6615931e+02
1	1	5	10	-1.1871947e+02
1	1	5	11	-1.5695686e+02
1	1	5	12	-2.8868546e+02
1	1	5	13	-3.1921123e+02
1	1	5	14	-3.5979526e+02
1	1	5	15	-2.0021504e+02
1	1	5	16	-2.9242552e+02
1	1	5	17	-1.5982924e+02
1	1	5	18	-2.3678873e+02
1	1	5	19	-3.6720309e+02
1	1	5	20	-2.8915914e+02
1	1	5	21	-2.5981641e+02
1	1	5	22	-2.0724156e+02
1	1	5	23	-3.3127082e+02
1	1	5	24	-3.7976563e+02
1	1	5	25	-4.1846015e+02
1	1	5	26	-2.8083919e+02
1	1	5	27	-3.2284018e+02
1	1	5	28	-2.5592832e+02
1	1	5	29	-3.2701199e+02
1	1	5	30	-2.3809199e+02
1	1	5	31	-3.7455594e+02
1	1	5	32	-3.5905052e+02
1	1	5	33	-2.7948042e+02
1	1	5	34	2.0088243e+02
1	1	5	35	1.7277098e+02
1	1	5	36	3.1255012e+02
1	1	5	37	2.8977159e+02
1	1	5	38	2.5591722e+02
1	1	5	39	1.7900813e+02
1	1	5	40	2.9239453e+02
1	1	5	41	1.6057821e+02
1	1	5	42	1.7807420e+02
1	1	5	43	2.0896322e+02
1	1	5	44	1.7788535e+02
1	1	5	45	2.5921212e+02
1	1	5	46	3.1854168e+02
1	1	5	47	3.1465036e+02
1	1	5	48	3.3316771e+02
1	1	5	49	3.2274398e+02
1	1	5	50	2.9306764e+02
1	1	5	51	6.6560526e+02
1	1	5	52	7.1629655e+02
1	1	5	53	5.2987872e+02
1	1	5	54	4.7831185e+02
1	1	5	55	4.8423941e+02
1	1	5	56	4.1760057e+02
1	1	5	57	5.4189687e+02
1	1	5	58	4.8503330e+02
1	1	5	59	5.0948255e+02
1	1	5	60	3.3840919e+02
1	1	5	61	3.9226239e+02
1	1	5	62	3.8752583e+02
1	1	5	63	5.3515697e+02
1	1	6	0	-3.2359058e+02
1	1	6	1	-4.3958765e+02
1	1	6	2	-4.6201553e+02
1	1	6	3	-3.4463223e+02
1	1	6	4	-4.5749486e+02
1	1	6	5	-4.9720064e+02
1	1	6	6	-5.0393137e+02
1	1	6	7	-3.4980749e+02
1	1	6	8	-4.3938557e+02
1	1	6	9	-3.6650070e+02
1	1	6	10	-5.8719751e+02
1	1	6	11	-3.2556205e+02
1	1	6	12	-4.5038542e+02
1	1	6	13	-3.8307056e+02
1	1	6	14	-3.7649556e+02
1	1	6	15	-5.2516095e+02
1	1	6	16	-3.9874950e+02
1	1	6	17	-4.8947076e+02
1	1	6	18	-4.4659572e+02
1	1	6	19	-4.9182059e+02
1	1	6	20	-4.5319614e+02
1	1	6	21	-4.2166424e+02
1	1	6	22	-4.9208911e+02
1	1	6	23	-4.0845382e+02
1	1	6	24	-5.3556340e+02
1	1	6	25	-5.3702083e+02
1	1	6	26	-5.5563097e+02
1	1	6	27	-5.2478391e+02
1	1	6	28	-4.6972523e+02
1	1	6	29	-4.7953473e+02
1	1	6	30	-4.6027700e+02
1	1	6	31	-5.0856543e+02
1	1	6	32	-7.0263170e+02
1	1	6	33	-5.1129809e+02
1	1	6	34	2.9314001e+01
1	1	6	35	1.3522556e+02
1	1	6	36	1.2950151e+02
1	1	6	37	8.6783897e+01
1	1	6	38	-8.2040772e+01
1	1	6	39	-3.7416430e+00
1	1	6	40	-3.2893595e+00
1	1	6	41	-1.1576005e+02
1	1	6	42	2.2191934e+01
1	1	6	43	1.4357433e+02
1	1	6	44	-5.4005812e+00
1	1	6	45	-3.4675286e-01
1	1	6	46	1.2747886e+02
1	1	6	47	-6.4686386e+01
1	1	6	48	7.6262516e+01
1	1	6	49	6.3017896e+01
1	1	6	50	3.7616022e+01
1	1	6	51	4.8323878e+02
1	1	6	52	5.3213955e+02
1	1	6	53	4.7637552e+01
1	1	6	54	2.2036193e+02
1	1	6	55	2.8905646e+02
1	1	6	56	3.7475347e+02
1	1	6	57	3.6498585e+02
1	1	6	58	3.6348381e+02
1	1	6	59	2.4918097e+02
1	1	6	60	2.8615132e+02
1	1	6	61	1.6638997e+02
1	1	6	62	2.6033916e+02
1	1	6	63	3.2371122e+02
1	1	7	0	-1.1080441e+01
1	1	7	1	-1.5674423e+02
1	1	7	2	-1.9223332e+02
1	1	7	3	-2.0927824e+02
1	1	7	4	-1.3261943e+02
1	1	7	5	-8.7400621e+01
1	1	7	6	-3.1283187e+02
1	1	7	7	-1.2197262e+02
1	1	7	8	-1.9369580e+02
1	1	7	9	-1.5777197e+02
1	1	7	10	-1.9882690e+02
1	1	7	11	-2.9587925e+02
1	1	7	12	-2.7595706e+02
1	1	7	13	-1.7924268e+02
1	1	7	14	-3.5104125e+02
1	1	7	15	-1.6697938e+02
1	1	7	16	-3.0219230e+02
1	1	7	17	-3.4271032e+02
1	1	7	18	-2.6626237e+02
1	1	7	19	-2.3359264e+02
1	1	7	20	-3.1336981e+02
1	1	7	21	-3.0391299e+02
1	1	7	22	-1.5082725e+02
1	1	7	23	-1.2268558e+02
1	1	7	24	-2.6067471e+02
1	1	7	25	-1.0271412e+02
1	1	7	26	-2.8402587e+02
1	1	7	27	-3.2603569e+02
1	1	7	28	-2.0180267e+02
1	1	7	29	-1.8226281e+02
1	1	7	30	-2.7247155e+02
1	1	7	31	-3.0797369e+02
1	1	7	32	-2.5967696e+02
1	1	7	33	-2.6368468e+02
1	1	7	34	3.3806989e+02
1	1	7	35	1.9865664e+02
1	1	7	36	3.4271687e+02
1	1	7	37	7.9053670e+01
1	1	7	38	2.9275868e+02
1	1	7	39	3.2057231e+02
1	1	7	40	3.7955919e+02
1	1	7	41	2.6114294e+02
1	1	7	42	3.2194118e+02
1	1	7	43	2.4516481e+02
1	1	7	44	4.0230538e+02
1	1	7	45	1.0865836e+02
1	1	7	46	3.5484485e+02
1	1	7	47	2.2470825e+02
1	1	7	48	3.0588348e+02
1	1	7	49	3.1296359e+02
1	1	7	50	1.9528475e+02
1	1	7	51	5.7630370e+02
1	1	7	52	7.3052541e+02
1	1	7	53	5.2266834e+02
1	1	7	54	4.7646506e+02
1	1	7	55	3.9688471e+02
1	1	7	56	6.6575351e+02
1	1	7	57	4.4438711e+02
1	1	7	58	5.0146065e+02
1	1	7	59	3.7925405e+02
1	1	7	60	5.5040286e+02
1	1	7	61	4.9841311e+02
1	1	7	62	5.7431929e+02
1	1	7	63	3.7740403e+02
1	1	8	0	-2.2646932e+02
1	1	8	1	-5.2042136e+02
1	1	8	2	-2.4537351e+02
1	1	8	3	-3.1346537e+02
1	1	8	4	-3.4033753e+02
1	1	8	5	-3.6499841e+02
1	1	8	6	-3.6854487e+02
1	1	8	7	-2.6140352e+02
1	1	8	8	-4.0351078e+02
1	1	8	9	-3.2096550e+02
1	1	8	10	-3.8339024e+02
1	1	8	11	-4.1167608e+02
1	1	8	12	-4.3416789e+02
1	1	8	13	-4.0577314e+02
1	1	8	14	-3.1612879e+02
1	1	8	15	-3.8354571e+02
1	1	8	16	-4.9679659e+02
1	1	8	17	-4.7452827e+02
1	1	8	18	-4.1125413e+02
1	1	8	19	-5.0920077e+02
1	1	8	20	-4.2210851e+02
1	1	8	21	-4.5896659e+02
1	1	8	22	-4.2231157e+02
1	1	8	23	-4.9585187e+02
1	1	8	24	-5.9278481e+02
1	1	8	25	-4.8861586e+02
1	1	8	26	-4.9291896e+02
1	1	8	27	-4.6907225e+02
1	1	8	28	-4.1348370e+02
1	1	8	29	-7.4062606e+02
1	1	8	30	-5.2338889e+02
1	1	8	31	-5.2450845e+02
1	1	8	32	-5.3992545e+02
1	1	8	33	-4.9453651e+02
1	1	8	34	-1.1459073e+02
1	1	8	35	-8.0064558e+00
1	1	8	36	-1.3819039e+01
1	1	8	37	-9.3653423e+01
1	1	8	38	-1.0116036e+02
1	1	8	39	-6.3364603e+01
1	1	8	40	-2.5136329e+01
1	1	8	41	-2.2915555e+01
1	1	8	42	-9.0214142e+01
1	1	8	43	4.9698301e+01
1	1	8	44	2.7525063e+01
1	1	8	45	-3.5191818e+01
1	1	8	46	3.8384379e+01
1	1	8	47	-7.2106788e+01
1	1	8	48	-1.1907623e+01
1	1	8	49	-1.0805973e+02
1	1	8	50	1.4598641e+01
1	1	8	51	4.7796280e+02
1	1	8	52	4.6296325e+02
1	1	8	53	5.8325540e+01
1	1	8	54	1.5501274e+02
1	1	8	55	2.5621061e+02
1	1	8	56	4.5007755e+02
1	1	8	57	1.0895746e+02
1	1	8	58	3.3765196e+02
1	1	8	59	2.1666933e+02
1	1	8	60	3.6213320e+02
1	1	8	61	2.8582996e+01
1	1	8	62	1.9755809e+02
1	1	8	63	6.4655150e+01
1	1	9	0	-1.3666530e+02
1	1	9	1	-4.1279718e+02
1	1	9	2	-2.2747260e+02
1	1	9	3	-3.5679410e+02
1	1	9	4	-3.3331130e+02
1	1	9	5	-1.5297777e+02
1	1	9	6	-1.9909156e+02
1	1	9	7	-2.3386520e+02
1	1	9	8	-3.2603480e+02
1	1	9	9	-3.0144632e+02
1	1	9	10	-2.9409408e+02
1	1	9	11	-2.9324025e+02
1	1	9	12	-2.8954775e+02
1	1	9	13	-2.5649095e+02
1	1	9	14	-3.3428493e+02
1	1	9	15	-2.6143652e+02
1	1	9	16	-3.3818204e+02
1	1	9	17	-2.8771350e+02
1	1	9	18	-4.0618601e+02
1	1	9	19	-2.8568761e+02
1	1	9	20	-3.7332885e+02
1	1	9	21	-3.1954696e+02
1	1	9	22	-4.3114896e+02
1	1	9	23	-2.7838338e+02
1	1	9	24	-3.3196420e+02
1	1	9	25	-3.9647698e+02
1	1	9	26	-3.5559831e+02
1	1	9	27	-3.9208209e+02
1	1	9	28	-3.6671490e+02
1	1	9	29	-4.2158105e+02
1	1	9	30	-3.2213412e+02
1	1	9	31	-3.5324366e+02
1	1	9	32	-3.4178772e+02
1	1	9	33	-4.0371079e+02
1	1	9	34	2.0187564e+00
1	1	9	35	1.7876735e+02
1	1	9	36	2.6775829e+02
1	1	9	37	3.8152920e+01
1	1	9	38	1.3633461e+02
1	1	9	39	1.7867444e+02
1	1	9	40	3.2027993e+02
1	1	9	41	2.0797802e+02
1	1	9	42	2.8110536e+02
1	1	9	43	2.3911298e+02
1	1	9	44	3.3285402e+02
1	1	9	45	7.1988927e+01
1	1	9	46	2.3424071e+02
1	1	9	47	2.2187429e+02
1	1	9	48	2.7086759e+02
1	1	9	49	4.9910780e+01
1	1	9	50	3.0747676e+02
1	1	9	51	4.7927762e+02
1	1	9	52	6.7638219e+02
1	1	9	53	3.6438239e+02
1	1	9	54	4.2860629e+02
1	1	9	55	4.4566964e+02
1	1	9	56	4.1631278e+02
1	1	9	57	5.1131387e+02
1	1	9	58	2.4539789e+02
1	1	9	59	3.6754310e+02
1	1	9	60	5.4147395e+02
1	1	9	61	2.1331729e+02
1	1	9	62	3.0024424e+02
1	1	9	63	5.0468173e+02
1	1	10	0	-5.0161888e+01
1	1	10	1	-1.2073157e+02
1	1	10	2	-4.1651861e+01
1	1	10	3	-8.6725933e+01
1	1	10	4	-2.9528379e+02
1	1	10	5	-1.5171589e+02
1	1	10	6	-2.4816601e+02
1	1	10	7	-5.0360804e+01
1	1	10	8	-1.8916198e+02
1	1	10	9	-8.3670624e+01
1	1	10	10	-1.6748115e+02
1	1	10	11	-6.9719382e+01
1	1	10	12	-3.0781757e+02
1	1	10	13	-1.9974792e+02
1	1	10	14	-1.8475448e+02
1	1	10	15	-1.9177815e+02
1	1	10	16	-2.0253469e+02
1	1	10	17	-3.3918319e+02
1	1	10	18	-1.8980013e+02
1	1	10	19	-2.4580168e+02
1	1	10	20	-2.5167948e+02
1	1	10	21	-1.9988378e+02
1	1	10	22	-3.0634813e+02
1	1	10	23	-1.9809856e+02
1	1	10	24	-2.4942160e+02
1	1	10	25	-2.3917807e+02
1	1	10	26	-2.3843404e+02
1	1	10	27	-4.3426256e+02
1	1	10	28	-3.1016751e+02
1	1	10	29	-2.7458532e+02
1	1	10	30	-2.5260533e+02
1	1	10	31	-3.9359916e+02
1	1	10	32	-3.4159577e+02
1	1	10	33	-3.1625314e+02
1	1	10	34	2.1735194e+02
1	1	10	35	1.5984246e+02
1	1	10	36	2.0467456e+02
1	1	10	37	2.1685254e+02
1	1	10	38	2.0147835e+02
1	1	10	39	1.8990328e+02
1	1	10	40	1.7048628e+02
1	1	10	41	1.3195814e+02
1	1	10	42	2.6494587e+02
1	1	10	43	2.5384090e+02
1	1	10	44	3.6934141e+02
1	1	10	45	2.5665937e+02
1	1	10	46	1.1843955e+02
1	1	10	47	2.5127216e+02
1	1	10	48	3.1507263e+02
1	1	10	49	3.2800313e+02
1	1	10	50	2.6447366e+02
1	1	10	51	6.7308814e+02
1	1	10	52	7.7010557e+02
1	1	10	53	4.1442076e+02
1	1	10	54	3.2914411e+02
1	1	10	55	5.2243883e+02
1	1	10	56	4.0226592e+02
1	1	10	57	6.1178579e+02
1	1	10	58	5.6694037e+02
1	1	10	59	3.5764879e+02
1	1	10	60	5.1259381e+02
1	1	10	61	2.0385547e+02
1	1	10	62	2.7137920e+02
1	1	10	63	4.2243595e+02
1	1	11	0	-2.6047210e+01
1	1	11	1	-2.0467400e+01
1	1	11	2	-1.1365713e+02
1	1	11	3	-7.4226547e+01
1	1	11	4	-1.4677802e+02
1	1	11	5	-2.1053854e+02
1	1	11	6	-1.0852979e+02
1	1	11	7	-1.8063570e+01
1	1	11	8	-7.0027926e+01
1	1	11	9	-1.4733668e+02
1	1	11	10	-5.6650812e+01
1	1	11	11	-1.5531580e+02
1	1	11	12	-9.5772184e+01
1	1	11	13	-2.0231732e+02
1	1	11	14	-1.4914325e+02
1	1	11	15	-1.3046785e+02
1	1	11	16	-1.9432017e+02
1	1	11	17	-2.9998603e+02
1	1	11	18	-1.6956563e+02
1	1	11	19	-7.7895984e+01
1	1	11	20	-1.1061204e+02
1	1	11	21	-2.8708354e+02
1	1	11	22	-1.5633583e+02
1	1	11	23	-1.4899905e+02
1	1	11	24	-1.8702311e+02
1	1	11	25	-1.2057433e+02
1	1	11	26	-2.2115335e+02
1	1	11	27	-2.4073219e+02
1	1	11	28	-3.3895030e+02
1	1	11	29	-1.7677116e+02
1	1	11	30	-1.8321064e+02
1	1	11	31	-1.2854263e+02
1	1	11	32	-1.8507277e+02
1	1	11	33	-3.0364917e+02
1	1	11	34	3.0949133e+02
1	1	11	35	1.0608874e+02
1	1	11	36	3.8983423e+02
1	1	11	37	3.9840054e+02
1	1	11	38	3.7657848e+02
1	1	11	39	1.8926705e+02
1	1	11	40	3.6319236e+02
1	1	11	41	3.2230074e+02
1	1	11	42	4.5861485e+02
1	1	11	43	3.8153249e+02
1	1	11	44	5.2882053e+02
1	1	11	45	3.9454328e+02
1	1	11	46	4.1103892e+02
1	1	11	47	2.7478856e+02
1	1	11	48	4.7198033e+02
1	1	11	49	4.2892217e+02
1	1	11	50	2.1821947e+02
1	1	11	51	7.6445002e+02
1	1	11	52	7.5855135e+02
1	1	11	53	5.8379771e+02
1	1	11	54	5.5247771e+02
1	1	11	55	5.8843839e+02
1	1	11	56	7.9193144e+02
1	1	11	57	7.0275430e+02
1	1	11	58	4.8982473e+02
1	1	11	59	5.2204814e+02
1	1	11	60	6.8434632e+02
1	1	11	61	3.0952197e+02
1	1	11	62	3.5436102e+02
1	1	11	63	6.6179573e+02
1	1	12	0	-2.6884874e+02
1	1	12	1	-3.2459153e+02
1	1	12	2	-2.6623319e+02
1	1	12	3	-3.4178453e+02
1	1	12	4	-5.5472451e+02
1	1	12	5	-2.6934152e+02
1	1	12	6	-4.4555169e+02
1	1	12	7	-4.9022044e+02
1	1	12	8	-4.6571156e+02
1	1	12	9	-5.1601135e+02
1	1	12	10	-5.4135523e+02
1	1	12	11	-3.4330725e+02
1	1	12	12	-4.9563809e+02
1	1	12	13	-3.9791251e+02
1	1	12	14	-4.1831853e+02
1	1	12	15	-3.6016688e+02
1	1	12	16	-4.7087938e+02
1	1	12	17	-5.2985006e+02
1	1	12	18	-4.4358632e+02
1	1	12	19	-4.4041125e+02
1	1	12	20	-3.4293767e+02
1	1	12	21	-4.7508467e+02
1	1	12	22	-4.7340218e+02
1	1	12	23	-6.3183845e+02
1	1	12	24	-5.9954865e+02
1	1	12	25	-6.5142692e+02
1	1	12	26	-6.4446378e+02
1	1	12	27	-5.7074435e+02
1	1	12	28	-4.6552536e+02
1	1	12	29	-5.2117383e+02
1	1	12	30	-4.5399486e+02
1	1	12	31	-4.7980094e+02
1	1	12	32	-5.5687356e+02
1	1	12	33	-5.0230196e+02
1	1	12	34	-6.2120412e+00
1	1	12	35	-3.4188053e+00
1	1	12	36	1.8815034e+00
1	1	12	37	-2.1302547e+00
1	1	12	38	3.6240107e+01
1	1	12	39	-1.4294534e+01
1	1	12	40	7.0356270e+01
1	1	12	41	-6.4471520e+01
1	1	12	42	8.9003984e+01
1	1	12	43	6.3450310e+01
1	1	12	44	3.4617867e+02
1	1	12	45	1.4423102e+01
1	1	12	46	8.5560913e+01
1	1	12	47	4.9613054e+01
1	1	12	48	9.3274865e+01
1	1	12	49	-3.2373607e+01
1	1	12	50	-1.1834767e+02
1	1	12	51	5.4988242e+02
1	1	12	52	5.5778576e+02
1	1	12	53	2.3328834e+02
1	1	12	54	2.8901889e+02
1	1	12	55	3.6808431e+02
1	1	12	56	3.7457803e+02
1	1	12	57	4.0810919e+02
1	1	12	58	3.7653071e+02
1	1	12	59	2.8002423e+02
1	1	12	60	3.4262823e+02
1	1	12	61	2.5025719e+02
1	1	12	62	1.8632285e+02
1	1	12	63	4.1047765e+02
1	1	13	0	-2.2074485e+02
1	1	13	1	-1.8045712e+02
1	1	13	2	-1.5643929e+02
1	1	13	3	-1.6408662e+02
1	1	13	4	-1.5789678e+02
1	1	13	5	-9.8904580e+01
1	1	13	6	-2.3065364e+02
1	1	13	7	-1.7336133e+02
1	1	13	8	-3.6435046e+02
1	1	13	9	-1.1684158e+02
1	1	13	10	-2.0560488e+02
1	1	13	11	-1.3489464e+02
1	1	13	12	-3.2692613e+02
1	1	13	13	-2.4801222e+02
1	1	13	14	-4.2972702e+02
1	1	13	15	-1.9764025e+02
1	1	13	16	-2.8916196e+02
1	1	13	17	-2.4748526e+02
1	1	13	18	-2.7337126e+02
1	1	13	19	-1.7176388e+02
1	1	13	20	-4.4087766e+02
1	1	13	21	-3.4470751e+02
1	1	13	22	-4.1778819e+02
1	1	13	23	-2.0720532e+02
1	1	13	24	-4.8545266e+02
1	1	13	25	-2.5372413e+02
1	1	13	26	-2.4716899e+02
1	1	13	27	-2.5321353e+02
1	1	13	28	-2.9666638e+02
1	1	13	29	-3.3515758e+02
1	1	13	30	-4.1374961e+02
1	1	13	31	-3.2078473e+02
1	1	13	32	-3.4690183e+02
1	1	13	33	-3.3524562e+02
1	1	13	34	2.6207511e+02
1	1	13	35	1.7549419e+02
1	1	13	36	2.8682297e+02
1	1	13	37	2.7608940e+02
1	1	13	38	3.0370823e+02
1	1	13	39	2.4471688e+02
1	1	13	40	1.5434929e+02
1	1	13	41	1.9099160e+02
1	1	13	42	2.4748037e+02
1	1	13	43	1.1424939e+02
1	1	13	44	7.0190646e+01
1	1	13	45	2.5343168e+02
1	1	13	46	2.6239766e+02
1	1	13	47	2.3857657e+02
1	1	13	48	2.5533675e+02
1	1	13	49	2.4135513e+02
1	1	13	50	2.5355197e+02
1	1	13	51	6.2998621e+02
1	1	13	52	8.0240110e+02
1	1	13	53	3.6584883e+02
1	1	13	54	4.2823900e+02
1	1	13	55	3.8592890e+02
1	1	13	56	5.5180453e+02
1	1	13	57	4.9672833e+02
1	1	13	58	3.3598612e+02
1	1	13	59	4.8297386e+02
1	1	13	60	4.6353813e+02
1	1	13	61	4.3912775e+02
1	1	13	62	4.9161483e+02
1	1	13	63	5.4530618e+02
1	1	14	0	-1.8370599e+02
1	1	14	1	-3.0143258e+02
1	1	14	2	-2.0501001e+02
1	1	14	3	-2.5709599e+02
1	1	14	4	-3.7388299e+02
1	1	14	5	-2.0569187e+02
1	1	14	6	-3.4412513e+02
1	1	14	7	-3.4648270e+02
1	1	14	8	-2.9701625e+02
1	1	14	9	-2.6153764e+02
1	1	14	10	-5.7410883e+02
1	1	14	11	-2.2098257e+02
1	1	14	12	-3.9664365e+02
1	1	14	13	-2.8840536e+02
1	1	14	14	-4.2925573e+02
1	1	14	15	-5.1406184e+02
1	1	14	16	-5.3725863e+02
1	1	14	17	-5.2979796e+02
1	1	14	18	-5.8502515e+02
1	1	14	19	-4.0767130e+02
1	1	14	20	-4.6172190e+02
1	1	14	21	-5.3147300e+02
1	1	14	22	-3.9740084e+02
1	1	14	23	-3.1923421e+02
1	1	14	24	-4.6547565e+02
1	1	14	25	-3.7276422e+02
1	1	14	26	-5.9298974e+02
1	1	14	27	-4.5831751e+02
1	1	14	28	-3.6073833e+02
1	1	14	29	-5.7734664e+02
1	1	14	30	-4.2480547e+02
1	1	14	31	-4.1492485e+02
1	1	14	32	-4.6395643e+02
1	1	14	33	-5.7868851e+02
1	1	14	34	8.2409969e+01
1	1	14	35	1.6724134e+02
1	1	14	36	-4.4577190e+01
1	1	14	37	1.1264897e+02
1	1	14	38	1.5296883e+02
1	1	14	39	1.5699570e+02
1	1	14	40	7.1074953e+01
1	1	14	41	2.1076782e+02
1	1	14	42	1.3986962e+02
1	1	14	43	1.9662869e+02
1	1	14	44	3.1437725e+02
1	1	14	45	1.3117397e+02
1	1	14	46	1.8933596e+02
1	1	14	47	2.2560714e+02
1	1	14	48	1.7347846e+02
1	1	14	49	1.8087296e+01
1	1	14	50	1.7460947e+02
1	1	14	51	7.4822474e+02
1	1	14	52	7.3920434e+02
1	1	14	53	3.4255074e+02
1	1	14	54	3.5770125e+02
1	1	14	55	4.2210546e+02
1	1	14	56	5.9944157e+02
1	1	14	57	5.7835025e+02
1	1	14	58	4.0664280e+02
1	1	14	59	4.8787344e+02
1	1	14	60	4.4227690e+02
1	1	14	61	3.8774004e+02
1	1	14	62	4.3911865e+02
1	1	14	63	4.3335929e+02
1	1	15	0	-9.5081914e+01
1	1	15	1	-1.4095171e+02
1	1	15	2	-1.0331184e+02
1	1	15	3	-7.8981202e+01
1	1	15	4	-1.3134354e+02
1	1	15	5	-1.2273041e+02
1	1	15	6	-1.4834721e+02
1	1	15	7	2.1486972e+01
1	1	15	8	-8.6940590e+01
1	1	15	9	-1.1881539e+02
1	1	15	10	-7.0396775e+01
1	1	15	11	-1.1435572e+02
1	1	15	12	-3.5882287e+02
1	1	15	13	-1.3229514e+02
1	1	15	14	-2.5406093e+02
1	1	15	15	-2.0111178e+02
1	1	15	16	-2.2139388e+02
1	1	15	17	-1.2550124e+02
1	1	15	18	-2.0750436e+02
1	1	15	19	-1.8095784e+02
1	1	15	20	-2.5275523e+02
1	1	15	21	-2.2627360e+02
1	1	15	22	-1.4040019e+02
1	1	15	23	-1.5501354e+02
1	1	15	24	-2.4230235e+02
1	1	15	25	-1.5448861e+02
1	1	15	26	-2.3376567e+02
1	1	15	27	-2.9782483e+02
1	1	15	28	-2.3190743e+02
1	1	15	29	-2.3951925e+02
1	1	15	30	-1.7308399e+02
1	1	15	31	-2.7890880e+02
1	1	15	32	-2.3024407e+02
1	1	15	33	-2.1213945e+02
1	1	15	34	2.3437440e+02
1	1	15	35	2.5278469e+02
1	1	15	36	3.5139019e+02
1	1	15	37	2.3900133e+02
1	1	15	38	2.8590512e+02
1	1	15	39	2.3827214e+02
1	1	15	40	3.7588619e+02
1	1	15	41	1.8260477e+02
1	1	15	42	4.1818478e+02
1	1	15	43	2.6617963e+02
1	1	15	44	3.4238587e+02
1	1	15	45	3.0203125e+02
1	1	15	46	2.7445745e+02
1	1	15	47	2.0717580e+02
1	1	15	48	2.3488529e+02
1	1	15	49	1.9297446e+02
1	1	15	50	3.2096263e+02
1	1	15	51	5.9008697e+02
1	1	15	52	7.5985242e+02
1	1	15	53	4.1702111e+02
1	1	15	54	5.1735524e+02
1	1	15	55	5.0153994e+02
1	1	15	56	5.6416519e+02
1	1	15	57	5.7891055e+02
1	1	15	58	3.4406063e+02
1	1	15	59	3.3768775e+02
1	1	15	60	5.6886756e+02
1	1	15	61	3.6106910e+02
1	1	15	62	2.5867536e+02
1	1	15	63	5.8757548e+02
1	2	0	0	2.7930053e+01
1	2	0	1	-9.7141465e+01
1	2	0	2	6.5435119e+01
1	2	0	3	-5.9102008e+00
1	2	0	4	-2.9754854e+01
1	2	0	5	-3.6123010e+01
1	2	0	6	-1.7013024e+02
1	2	0	7	1.3503259e+01
1	2	0	8	-8.8936971e+01
1	2	0	9	-2.4070907e+00
1	2	0	10	-6.7919127e+01
1	2	0	11	-9.2316052e+01
1	2	0	12	-1.3139514e+02
1	2	0	13	-3.9848850e+00
1	2	0	14	-3.9162281e+01
1	2	0	15	-7.2356850e+01
1	2	0	16	-1.9632116e+02
1	2	0	17	-9.2336784e+01
1	2	0	18	-1.8745931e+02
1	2	0	19	-1.4860205e+02
1	2	0	20	-7.5414196e+01
1	2	0	21	-1.0797519e+02
1	2	0	22	-4.5328786e+01
1	2	0	23	-1.2840968e+02
1	2	0	24	-6.2124105e+01
1	2	0	25	-4.1780990e+01
1	2	0	26	-1.7407152e+02
1	2	0	27	-2.4438208e+02
1	2	0	28	-5.7831983e+01
1	2	0	29	-1.8370936e+02
1	2	0	30	-7.2322945e+01
1	2	0	31	-1.9281417e+02
1	2	0	32	-1.0440441e+02
1	2	0	33	-1.6337672e+02
1	2	0	34	1.7928940e+02
1	2	0	35	4.1118321e+02
1	2	0	36	3.9045780e+02
1	2	0	37	3.7695965e+02
1	2	0	38	3.4378732e+02
1	2	0	39	3.6461976e+02
1	2	0	40	3.8118082e+02
1	2	0	41	1.7611303e+02
1	2	0	42	3.2402222e+02
1	2	0	43	4.8354703e+02
1	2	0	44	5.0951985e+02
1	2	0	45	3.2255723e+02
1	2	0	46	4.6318554e+02
1	2	0	47	3.9460248e+02
1	2	0	48	4.3870528e+02
1	2	0	49	4.8087594e+02
1	2	0	50	4.0399373e+02
1	2	0	51	8.5981279e+02
1	2	0	52	7.7382011e+02
1	2	0	53	5.2772835e+02
1	2	0	54	4.9600921e+02
1	2	0	55	6.1977840e+02
1	2	0	56	7.4408122e+02
1	2	0	57	6.7224986e+02
1	2	0	58	4.9706119e+02
1	2	0	59	6.0131948e+02
1	2	0	60	6.0699145e+02
1	2	0	61	4.4118155e+02
1	2	0	62	3.4925491e+02
1	2	0	63	5.5202587e+02
1	2	1	0	1.2954175e+02
1	2	1	1	-2.0301639e+02
1	2	1	2	-1.9320706e+02
1	2	1	3	2.7560063e+01
1	2	1	4	-1.6775853e+02
1	2	1	5	4.1357686e+01
1	2	1	6	-1.7847944e+02
1	2	1	7	7.2824973e+01
1	2	1	8	3.5876030e+01
1	2	1	9	5.3256872e+01
1	2	1	10	6.4306163e+01
1	2	1	11	-3.3791855e+01
1	2	1	12	-8.7022067e+01
1	2	1	13	-2.7222172e+01
1	2	1	14	-4.1657508e+01
1	2	1	15	-2.8360604e+01
1	2	1	16	-6.0474522e+01
1	2	1	17	-1.4477237e+02
1	2	1	18	-9.0992017e+01
1	2	1	19	-8.4999149e+01
1	2	1	20	-3.3316489e+02
1	2	1	21	-1.2797746e+02
1	2	1	22	-2.1551325e+02
1	2	1	23	-2.6564662e+02
1	2	1	24	-2.2177968e+02
1	2	1	25	-6.6631894e+01
1	2	1	26	-1.6870613e+02
1	2	1	27	-1.2044767e+02
1	2	1	28	-3.1619604e+01
1	2	1	29	-1.5569968e+02
1	2	1	30	-1.3438374e+02
1	2	1	31	-2.5491532e+02
1	2	1	32	-2.4875893e+02
1	2	1	33	-1.6326322e+02
1	2	1	34	3.3615303e+02
1	2	1	35	1.2296761e+02
1	2	1	36	2.9338885e+02
1	2	1	37	2.2485608e+02
1	2	1	38	3.8871593e+02
1	2	1	39	1.5556461e+02
1	2	1	40	4.5375008e+02
1	2	1	41	3.3893013e+02
1	2	1	42	4.3852432e+02
1	2	1	43	2.9203057e+02
1	2	1	44	4.9202460e+02
1	2	1	45	3.9002767e+02
1	2	1	46	4.5865993e+02
1	2	1	47	3.3377817e+02
1	2	1	48	3.5156179e+02
1	2	1	49	4.2943818e+02
1	2	1	50	2.2999183e+02
1	2	1	51	8.4663365e+02
1	2	1	52	8.3960488e+02
1	2	1	53	5.6361757e+02
1	2	1	54	5.8305944e+02
1	2	1	55	6.4508031e+02
1	2	1	56	7.1354638e+02
1	2	1	57	6.6528266e+02
1	2	1	58	6.5094919e+02
1	2	1	59	4.4099081e+02
1	2	1	60	5.8889612e+02
1	2	1	61	5.4996727e+02
1	2	1	62	5.9663383e+02
1	2	1	63	6.1724859e+02
1	2	2	0	3.9113789e+01
1	2	2	1	-2.7430971e+00
1	2	2	2	8.7405147e+01
1	2	2	3	6.1123398e+01
1	2	2	4	-1.1615827e+02
1	2	2	5	4.5792613e+01
1	2	2	6	7.6535565e+00
1	2	2	7	1.7960065e+02
1	2	2	8	-1.6437036e+01
1	2	2	9	-7.3836148e+01
1	2	2	10	-2.6706175e+00
1	2	2	11	3.3634440e+01
1	2	2	12	-4.9842927e+01
1	2	2	13	-6.7575120e+01
1	2	2	14	-4.7614421e+01
1	2	2	15	2.8165630e+00
1	2	2	16	-6.5988259e+00
1	2	2	17	-2.3963316e+02
1	2	2	18	3.4333255e+00
1	2	2	19	-8.1186208e+01
1	2	2	20	7.3585361e+00
1	2	2	21	-4.2911049e+01
1	2	2	22	-3.9646192e+01
1	2	2	23	-5.2894886e+01
1	2	2	24	-4.7345511e+01
1	2	2	25	-6.9569673e+01
1	2	2	26	-8.4235658e+01
1	2	2	27	-6.7094026e+01
1	2	2	28	-6.0017058e+01
1	2	2	29	-1.4361056e+02
1	2	2	30	-4.2024475e+01
1	2	2	31	-8.6734888e+01
1	2	2	32	-1.6026995e+02
1	2	2	33	-8.9030807e+01
1	2	2	34	3.8583384e+02
1	2	2	35	4.5396986e+02
1	2	2	36	3.6348146e+02
1	2	2	37	4.1457361e+02
1	2	2	38	3.5861001e+02
1	2	2	39	4.1463303e+02
1	2	2	40	3.9480427e+02
1	2	2	41	3.8342755e+02
1	2	2	42	3.8123477e+02
1	2	2	43	5.2309054e+02
1	2	2	44	5.3464858e+02
1	2	2	45	4.2048458e+02
1	2	2	46	5.4742437e+02
1	2	2	47	3.9011591e+02
1	2	2	48	4.7024611e+02
1	2	2	49	4.2043693e+02
1	2	2	50	4.5675878e+02
1	2	2	51	1.0903510e+03
1	2	2	52	1.0966215e+03
1	2	2	53	5.4961204e+02
1	2	2	54	6.9750783e+02
1	2	2	55	9.4152355e+02
1	2	2	56	9.0207794e+02
1	2	2	57	7.6292357e+02
1	2	2	58	6.8535488e+02
1	2	2	59	6.3653279e+02
1	2	2	60	5.0688808e+02
1	2	2	61	6.1155247e+02
1	2	2	62	6.6168769e+02
1	2	2	63	9.0587157e+02
1	2	3	0	2.7743340e+02
1	2	3	1	1.1129226e+02
1	2	3	2	1.2712658e+02
1	2	3	3	1.2707826e+02
1	2	3	4	1.1274038e+02
1	2	3	5	1.9839795e+02
1	2	3	6	-2.0396165e+00
1	2	3	7	9.5385887e+01
1	2	3	8	1.2281278e+02
1	2	3	9	8.9212982e+01
1	2	3	10	1.1985002e+02
1	2	3	11	6.1545042e+01
1	2	3	12	-1.4604389e+02
1	2	3	13	8.4213436e+01
1	2	3	14	2.9819941e+01
1	2	3	15	5.0436911e+01
1	2	3	16	3.2031282e+01
1	2	3	17	1.0719923e+02
1	2	3	18	7.3095891e+01
1	2	3	19	1.1263745e+02
1	2	3	20	-2.2226226e+02
1	2	3	21	-1.6041425e+02
1	2	3	22	-5.5234756e+01
1	2	3	23	1.3960114e+02
1	2	3	24	-1.1914636e+02
1	2	3	25	-5.3581911e+01
1	2	3	26	-5.8869552e+01
1	2	3	27	-6.9699864e+00
1	2	3	28	9.3507606e+00
1	2	3	29	2.6401080e+01
1	2	3	30	-2.2378753e+01
1	2	3	31	-1.4056134e+01
1	2	3	32	-1.7287726e+02
1	2	3	33	-8.7656499e+01
1	2	3	34	4.3034693e+02
1	2	3	35	2.4634182e+02
1	2	3	36	7.2163671e+02
1	2	3	37	6.3454188e+02
1	2	3	38	5.8592177e+02
1	2	3	39	2.6842249e+02
1	2	3	40	6.5061211e+02
1	2	3	41	6.1018796e+02
1	2	3	42	6.5584055e+02
1	2	3	43	5.5025043e+02
1	2	3	44	7.1157864e+02
1	2	3	45	4.0581724e+02
1	2	3	46	6.9284826e+02
1	2	3	47	5.5563445e+02
1	2	3	48	6.1007191e+02
1	2	3	49	4.2404556e+02
1	2	3	50	5.2465403e+02
1	2	3	51	8.8960430e+02
1	2	3	52	9.1845885e+02
1	2	3	53	6.3641430e+02
1	2	3	54	6.1862019e+02
1	2	3	55	7.4393454e+02
1	2	3	56	6.9157966e+02
1	2	3	57	7.4029335e+02
1	2	3	58	6.8555007e+02
1	2	3	59	6.7370144e+02
1	2	3	60	6.5458029e+02
1	2	3	61	5.7651577e+02
1	2	3	62	7.5074135e+02
1	2	3	63	8.0413254e+02
1	2	4	0	1.4408504e+02
1	2	4	1	7.4160432e+01
1	2	4	2	1.5670426e+02
1	2	4	3	9.2122457e+01
1	2	4	4	3.5124939e+01
1	2	4	5	5.7974403e+01
1	2	4	6	6.7537384e+01
1	2	4	7	5.7096569e+01
1	2	4	8	-1.1772585e+02
1	2	4	9	1.3922429e+02
1	2	4	10	-2.8960686e+01
1	2	4	11	6.7913790e+01
1	2	4	12	2.7072471e+01
1	2	4	13	8.2197780e+01
1	2	4	14	9.1818247e+01
1	2	4	15	-1.1102478e+02
1	2	4	16	-6.2323937e+01
1	2	4	17	-4.0934945e+01
1	2	4	18	-1.5618138e+02
1	2	4	19	-1.1489811e+02
1	2	4	20	4.3867960e+01
1	2	4	21	2.1188995e+01
1	2	4	22	-3.4493914e+01
1	2	4	23	-1.2541756e+02
1	2	4	24	-1.6924746e+02
1	2	4	25	2.4208548e+01
1	2	4	26	-3.8250887e+01
1	2	4	27	-6.2682593e+01
1	2	4	28	2.0145395e+01
1	2	4	29	-7.4562628e+01
1	2	4	30	2.1598854e+01
1	2	4	31	-1.6960634e+02
1	2	4	32	-2.6603463e+02
1	2	4	33	-3.2372066e+01
1	2	4	34	2.4589769e+02
1	2	4	35	4.9924686e+02
1	2	4	36	3.6498216e+02
1	2	4	37	3.4481748e+02
1	2	4	38	3.8694625e+02
1	2	4	39	4.3932126e+02
1	2	4	40	4.7729313e+02
1	2	4	41	4.1524619e+02
1	2	4	42	5.5092038e+02
1	2	4	43	4.6958655e+02
1	2	4	44	5.4928254e+02
1	2	4	45	3.1686340e+02
1	2	4	46	5.2953145e+02
1	2	4	47	4.5819801e+02
1	2	4	48	5.2298477e+02
1	2	4	49	4.3248714e+02
1	2	4	50	4.1574798e+02
1	2	4	51	8.0337464e+02
1	2	4	52	9.1924481e+02
1	2	4	53	6.6192510e+02
1	2	4	54	6.9930639e+02
1	2	4	55	5.9022468e+02
1	2	4	56	7.5571321e+02
1	2	4	57	8.7785965e+02
1	2	4	58	7.3655950e+02
1	2	4	59	7.2273510e+02
1	2	4	60	6.8755700e+02
1	2	4	61	5.7604551e+02
1	2	4	62	6.4025568e+02
1	2	4	63	7.2764572e+02
1	2	5	0	4.4675567e+00
1	2	5	1	1.2408445e+02
1	2	5	2	2.5841406e+00
1	2	5	3	1.8022638e+02
1	2	5	4	5.2884564e+01
1	2	5	5	1.8757965e+02
1	2	5	6	-3.8028484e+01
1	2	5	7	8.0691519e+00
1	2	5	8	5.9639279e+01
1	2	5	9	1.0877535e+02
1	2	5	10	6.8732969e+01
1	2	5	11	4.9666725e+01
1	2	5	12	3.1989232e+01
1	2	5	13	1.8218361e+01
1	2	5	14	6.5775471e+01
1	2	5	15	-1.0916232e+00
1	2	5	16	-2.6779003e+01
1	2	5	17	3.6139510e+00
1	2	5	18	4.7921785e+01
1	2	5	19	-1.7782357e+01
1	2	5	20	6.0230512e+00
1	2	5	21	4.1339177e+01
1	2	5	22	-2.8933330e+01
1	2	5	23	9.4694890e+01
1	2	5	24	5.0899714e+00
1	2	5	25	8.0348765e+01
1	2	5	26	-1.1388942e+01
1	2	5	27	8.3388526e+00
1	2	5	28	8.9562232e+00
1	2	5	29	6.3244835e+01
1	2	5	30	5.7996378e+01
1	2	5	31	3.3568874e+01
1	2	5	32	2.4633772e+01
1	2	5	33	3.4847521e+01
1	2	5	34	3.2876387e+02
1	2	5	35	4.2824317e+02
1	2	5	36	5.3232097e+02
1	2	5	37	4.6711002e+02
1	2	5	38	5.2747541e+02
1	2	5	39	5.1322418e+02
1	2	5	40	5.3125019e+02
1	2	5	41	4.8942757e+02
1	2	5	42	5.6672434e+02
1	2	5	43	3.9561637e+02
1	2	5	44	5.9156765e+02
1	2	5	45	5.2948254e+02
1	2	5	46	5.2146901e+02
1	2	5	47	5.7985223e+02
1	2	5	48	4.7810585e+02
1	2	5	49	4.9993018e+02
1	2	5	50	5.1800925e+02
1	2	5	51	9.3855046e+02
1	2	5	52	9.6282594e+02
1	2	5	53	5.2715547e+02
1	2	5	54	7.3627895e+02
1	2	5	55	6.7250315e+02
1	2	5	56	8.9576121e+02
1	2	5	57	8.1508230e+02
1	2	5	58	7.2190693e+02
1	2	5	59	5.7454315e+02
1	2	5	60	7.7651305e+02
1	2	5	61	6.3299793e+02
1	2	5	62	7.3054141e+02
1	2	5	63	5.8702656e+02
1	2	6	0	3.0143938e+02
1	2	6	1	2.4600411e+02
1	2	6	2	2.3278879e+02
1	2	6	3	1.8563721e+02
1	2	6	4	1.4672801e+01
1	2	6	5	2.1351512e+02
1	2	6	6	1.1712818e+02
1	2	6	7	2.1636066e+02
1	2	6	8	2.8060876e+02
1	2	6	9	2.7378684e+02
1	2	6	10	1.4948001e+02
1	2	6	11	2.0439674e+02
1	2	6	12	9.1163363e+01
1	2	6	13	1.9727370e+02
1	2	6	14	1.7242549e+02
1	2	6	15	1.6718480e+02
1	2	6	16	1.4586745e+02
1	2	6	17	8.9200839e+01
1	2	6	18	-8.0465608e+01
1	2	6	19	1.5626564e+02
1	2	6	20	1.9086175e+02
1	2	6	21	9.6391592e+01
1	2	6	22	9.8971177e+01
1	2	6	23	3.8650215e+01
1	2	6	24	-1.3683521e+02
1	2	6	25	1.1785048e+02
1	2	6	26	6.0932604e+01
1	2	6	27	1.6484138e+02
1	2	6	28	1.4539017e+02
1	2	6	29	3.3113750e+01
1	2	6	30	1.7762502e+02
1	2	6	31	-7.7499215e+01
1	2	6	32	5.4664427e+01
1	2	6	33	-2.5715461e+01
1	2	6	34	5.9798106e+02
1	2	6	35	6.3396779e+02
1	2	6	36	5.9142899e+02
1	2	6	37	6.7346150e+02
1	2	6	38	5.8900264e+02
1	2	6	39	6.3682772e+02
1	2	6	40	5.7659421e+02
1	2	6	41	3.0464625e+02
1	2	6	42	6.4790393e+02
1	2	6	43	6.3260012e+02
1	2	6	44	6.1946843e+02
1	2	6	45	5.7896746e+02
1	2	6	46	7.0426366e+02
1	2	6	47	5.9967246e+02
1	2	6	48	5.7535597e+02
1	2	6	49	6.5891604e+02
1	2	6	50	6.5727897e+02
1	2	6	51	1.0320725e+03
1	2	6	52	9.4543657e+02
1	2	6	53	7.5063317e+02
1	2	6	54	8.0352527e+02
1	2	6	55	8.9652884e+02
1	2	6	56	9.4784307e+02
1	2	6	57	9.6369054e+02
1	2	6	58	8.3740179e+02
1	2	6	59	8.5190483e+02
1	2	6	60	8.8741886e+02
1	2	6	61	7.2001890e+02
1	2	6	62	7.8194059e+02
1	2	6	63	9.0966049e+02
1	2	7	0	4.5643881e+02
1	2	7	1	2.0381177e+02
1	2	7	2	3.5828909e+02
1	2	7	3	3.7407428e+02
1	2	7	4	2.8793290e+02
1	2	7	5	4.4807140e+02
1	2	7	6	3.8390370e+02
1	2	7	7	5.3062372e+02
1	2	7	8	1.8171356e+02
1	2	7	9	3.4623774e+02
1	2	7	10	4.3623225e+02
1	2	7	11	1.8121266e+02
1	2	7	12	1.8001417e+02
1	2	7	13	3.8732228e+02
1	2	7	14	2.1609294e+02
1	2	7	15	4.0595152e+02
1	2	7	16	2.6644244e+02
1	2	7	17	3.6041430e+02
1	2	7	18	3.0186853e+02
1	2	7	19	4.1053982e+02
1	2	7	20	2.9871590e+02
1	2	7	21	1.7227382e+02
1	2	7	22	2.8258449e+02
1	2	7	23	3.0309626e+02
1	2	7	24	2.0850835e+02
1	2	7	25	1.3276447e+02
1	2	7	26	2.2965166e+02
1	2	7	27	2.7422103e+02
1	2	7	28	2.9206370e+02
1	2	7	29	2.8053270e+02
1	2	7	30	2.3443236e+02
1	2	7	31	1.8173369e+02
1	2	7	32	2.9036804e+02
1	2	7	33	2.2224151e+02
1	2	7	34	6.5495138e+02
1	2	7	35	6.6694321e+02
1	2	7	36	7.4498979e+02
1	2	7	37	6.6715769e+02
1	2	7	38	7.4705719e+02
1	2	7	39	5.6230743e+02
1	2	7	40	7.5944672e+02
1	2	7	41	7.0414993e+02
1	2	7	42	6.7425563e+02
1	2	7	43	7.4713274e+02
1	2	7	44	8.2785174e+02
1	2	7	45	5.6468689e+02
1	2	7	46	7.6307110e+02
1	2	7	47	7.5756191e+02
1	2	7	48	8.0771382e+02
1	2	7	49	6.9376727e+02
1	2	7	50	8.0112950e+02
1	2	7	51	1.0811516e+03
1	2	7	52	1.2321152e+03
1	2	7	53	6.7231743e+02
1	2	7	54	9.5473852e+02
1	2	7	55	9.4549043e+02
1	2	7	56	1.0351607e+03
1	2	7	57	9.4646937e+02
1	2	7	58	9.5445794e+02
1	2	7	59	8.9624489e+02
1	2	7	60	7.4860605e+02
1	2	7	61	7.9798458e+02
1	2	7	62	9.9047529e+02
1	2	7	63	9.8164782e+02
1	2	8	0	7.1818164e+01
1	2	8	1	-2.1667730e+02
1	2	8	2	-9.6548421e+01
1	2	8	3	3.6867578e-01
1	2	8	4	-1.8247361e+02
1	2	8	5	-6.7348537e+01
1	2	8	6	-1.3261676e+02
1	2	8	7	-3.7835842e+01
1	2	8	8	7.4880467e+00
1	2	8	9	5.3953246e+01
1	2	8	10	-3.1167588e+01
1	2	8	11	6.3320252e+01
1	2	8	12	-7.0335549e+01
1	2	8	13	-6.2001085e+01
1	2	8	14	-2.9464742e+01
1	2	8	15	-8.6222532e+01
1	2	8	16	-8.3507637e+01
1	2	8	17	-1.3400341e+02
1	2	8	18	-1.1584024e+01
1	2	8	19	-1.5149461e+02
1	2	8	20	-2.0855621e+01
1	2	8	21	-1.5232189e+02
1	2	8	22	-7.3505095e+01
1	2	8	23	-2.2988440e+02
1	2	8	24	-1.0246126e+02
1	2	8	25	-1.4297021e+02
1	2	8	26	-1.6187967e+02
1	2	8	27	-1.1634900e+02
1	2	8	28	-1.2486730e+02
1	2	8	29	-1.5441703e+02
1	2	8	30	-2.9492757e+00
1	2	8	31	-1.5747926e+02
1	2	8	32	-1.7130348e+02
1	2	8	33	-2.1218126e+02
1	2	8	34	3.9870965e+02
1	2	8	35	4.7224730e+02
1	2	8	36	4.3348020e+02
1	2	8	37	4.7853945e+02
1	2	8	38	3.2767674e+02
1	2	8	39	2.2675340e+02
1	2	8	40	4.3979547e+02
1	2	8	41	2.8654093e+02
1	2	8	42	3.8280512e+02
1	2	8	43	3.9318898e+02
1	2	8	44	5.0014062e+02
1	2	8	45	3.6647198e+02
1	2	8	46	2.5428817e+02
1	2	8	47	3.7412733e+02
1	2	8	48	2.8214453e+02
1	2	8	49	4.6266243e+02
1	2	8	50	4.5786382e+02
1	2	8	51	8.5190614e+02
1	2	8	52	9.4039050e+02
1	2	8	53	5.6535421e+02
1	2	8	54	4.9631527e+02
1	2	8	55	6.9513438e+02
1	2	8	56	7.7001443e+02
1	2	8	57	6.1012224e+02
1	2	8	58	5.9006259e+02
1	2	8	59	6.4112290e+02
1	2	8	60	7.0880723e+02
1	2	8	61	5.8496159e+02
1	2	8	62	6.0422203e+02
1	2	8	63	7.0472275e+02
1	2	9	0	2.6647877e+02
1	2	9	1	3.5382773e+02
1	2	9	2	2.0037830e+02
1	2	9	3	3.1811419e+02
1	2	9	4	3.3727982e+02
1	2	9	5	3.3998569e+02
1	2	9	6	3.0667238e+02
1	2	9	7	3.0165583e+02
1	2	9	8	3.1238379e+02
1	2	9	9	2.4974597e+02
1	2	9	10	3.2532560e+02
1	2	9	11	2.6453976e+02
1	2	9	12	1.6943987e+02
1	2	9	13	3.0782618e+02
1	2	9	14	2.5650169e+02
1	2	9	15	2.8514093e+02
1	2	9	16	2.6431416e+02
1	2	9	17	2.0196819e+02
1	2	9	18	1.0160440e+02
1	2	9	19	3.0075616e+02
1	2	9	20	1.9827249e+02
1	2	9	21	1.7350082e+02
1	2	9	22	7.7904276e+00
1	2	9	23	2.0034901e+02
1	2	9	24	2.1450424e+02
1	2	9	25	1.7467082e+02
1	2	9	26	1.5595522e+02
1	2	9	27	1.8366415e+02
1	2	9	28	2.7071713e+02
1	2	9	29	2.1772547e+02
1	2	9	30	3.0913875e+02
1	2	9	31	-7.4520357e-01
1	2	9	32	1.0688622e+02
1	2	9	33	1.3790915e+02
1	2	9	34	4.7412782e+02
1	2	9	35	6.3764119e+02
1	2	9	36	7.6376089e+02
1	2	9	37	5.4074209e+02
1	2	9	38	6.8734050e+02
1	2	9	39	4.6115583e+02
1	2	9	40	7.4326627e+02
1	2	9	41	4.3343642e+02
1	2	9	42	5.7646796e+02
1	2	9	43	4.0871772e+02
1	2	9	44	8.2505389e+02
1	2	9	45	6.0458841e+02
1	2	9	46	6.6584562e+02
1	2	9	47	7.0485407e+02
1	2	9	48	6.1066611e+02
1	2	9	49	6.8294632e+02
1	2	9	50	6.4662837e+02
1	2	9	51	9.1428290e+02
1	2	9	52	1.1521407e+03
1	2	9	53	7.1065853e+02
1	2	9	54	8.7416124e+02
1	2	9	55	9.0304366e+02
1	2	9	56	9.8289044e+02
1	2	9	57	7.8763262e+02
1	2	9	58	6.7093725e+02
1	2	9	59	7.7155717e+02
1	2	9	60	7.8742140e+02
1	2	9	61	7.8424672e+02
1	2	9	62	8.5495764e+02
1	2	9	63	7.4580846e+02
1	2	10	0	-3.0280356e+01
1	2	10	1	1.0253838e+02
1	2	10	2	-5.8683499e+01
1	2	10	3	9.6633895e+01
1	2	10	4	5.7385434e+01
1	2	10	5	8.6126432e+01
1	2	10	6	1.6791330e+02
1	2	10	7	2.8464430e+02
1	2	10	8	5.9536206e+01
1	2	10	9	1.6761594e+02
1	2	10	10	-9.9940154e+01
1	2	10	11	9.8378587e+01
1	2	10	12	-4.3680061e+01
1	2	10	13	1.2806604e+02
1	2	10	14	6.9895768e+01
1	2	10	15	1.8197739e+02
1	2	10	16	-3.3602492e+01
1	2	10	17	-6.9571281e+01
1	2	10	18	-4.3156636e+01
1	2	10	19	-5.2232006e+01
1	2	10	20	-4.5122046e+01
1	2	10	21	2.9039959e+00
1	2	10	22	-7.1307947e+01
1	2	10	23	-2.7018737e+01
1	2	10	24	-1.4712000e+02
1	2	10	25	-4.8262607e+01
1	2	10	26	-4.4495486e+00
1	2	10	27	-2.4952444e+01
1	2	10	28	-4.2063063e+01
1	2	10	29	-1.1908046e+00
1	2	10	30	-8.4904568e+01
1	2	10	31	1.1858413e+01
1	2	10	32	-1.6478925e+01
1	2	10	33	-5.3277399e+01
1	2	10	34	4.4290496e+02
1	2	10	35	5.4713380e+02
1	2	10	36	3.8429124e+02
1	2	10	37	4.9507987e+02
1	2	10	38	5.1013388e+02
1	2	10	39	3.8653318e+02
1	2	10	40	5.5269769e+02
1	2	10	41	4.8474318e+02
1	2	10	42	4.2246866e+02
1	2	10	43	6.0577418e+02
1	2	10	44	6.2930438e+02
1	2	10	45	4.2957268e+02
1	2	10	46	5.3702633e+02
1	2	10	47	4.4322301e+02
1	2	10	48	4.7793593e+02
1	2	10	49	4.0737411e+02
1	2	10	50	4.9413058e+02
1	2	10	51	1.0383198e+03
1	2	10	52	9.4404607e+02
1	2	10	53	7.6381727e+02
1	2	10	54	6.8815033e+02
1	2	10	55	7.6541611e+02
1	2	10	56	6.1609431e+02
1	2	10	57	7.0197026e+02
1	2	10	58	7.8054804e+02
1	2	10	59	7.7994976e+02
1	2	10	60	8.0443995e+02
1	2	10	61	7.3770788e+02
1	2	10	62	7.4621534e+02
1	2	10	63	7.9204476e+02
1	2	11	0	2.3773069e+02
1	2	11	1	2.2335854e+02
1	2	11	2	1.5461092e+02
1	2	11	3	1.6343784e+02
1	2	11	4	8.3858641e+01
1	2	11	5	2.1554885e+02
1	2	11	6	1.6687707e+02
1	2	11	7	2.2449878e+02
1	2	11	8	1.4288498e+02
1	2	11	9	0.0000000e+00
1	2	11	10	2.9189615e+02
1	2	11	11	3.9657026e+02
1	2	11	12	4.4403272e+01
1	2	11	13	1.6202012e+02
1	2	11	14	9.9521395e+01
1	2	11	15	1.2710321e+02
1	2	11	16	1.2146112e+02
1	2	11	17	1.2517209e+02
1	2	11	18	1.3119798e+02
1	2	11	19	1.2018919e+02
1	2	11	20	-1.4332410e+01
1	2	11	21	9.7528963e+01
1	2	11	22	8.3511473e+01
1	2	11	23	2.0069854e+02
1	2	11	24	2.3226901e+01
1	2	11	25	-1.0899707e+01
1	2	11	26	-3.8779567e+00
1	2	11	27	-5.4517937e+01
1	2	11	28	1.2524635e+02
1	2	11	29	1.1881893e+02
1	2	11	30	-1.4604501e+00
1	2	11	31	-1.7435690e+01
1	2	11	32	3.4235060e+01
1	2	11	33	2.9675207e+02
1	2	11	34	5.7491187e+02
1	2	11	35	0.0000000e+00
1	2	11	36	7.3184261e+02
1	2	11	37	6.0435489e+02
1	2	11	38	5.0881095e+02
1	2	11	39	6.7324470e+02
1	2	11	40	4.5943238e+02
1	2	11	41	4.2516313e+02
1	2	11	42	6.2202187e+02
1	2	11	43	4.8102511e+02
1	2	11	44	7.4181946e+02
1	2	11	45	3.5364824e+02
1	2	11	46	4.3531710e+02
1	2	11	47	5.2950222e+02
1	2	11	48	6.1548957e+02
1	2	11	49	5.7387603e+02
1	2	11	50	6.7770841e+02
1	2	11	51	9.7104074e+02
1	2	11	52	9.1377665e+02
1	2	11	53	6.6673520e+02
1	2	11	54	7.2373544e+02
1	2	11	55	7.6302344e+02
1	2	11	56	8.6382200e+02
1	2	11	57	7.5830707e+02
1	2	11	58	6.3957343e+02
1	2	11	59	7.7448820e+02
1	2	11	60	8.7376993e+02
1	2	11	61	5.3481512e+02
1	2	11	62	6.9712735e+02
1	2	11	63	8.3293104e+02
1	2	12	0	-1.0857141e+02
1	2	12	1	4.5417738e+01
1	2	12	2	3.0885714e+01
1	2	12	3	3.3474340e+01
1	2	12	4	1.6406958e+01
1	2	12	5	3.5293143e+00
1	2	12	6	-1.8379329e+01
1	2	12	7	-1.0669397e+02
1	2	12	8	7.4045154e+00
1	2	12	9	5.8876817e+01
1	2	12	10	-8.2573663e+01
1	2	12	11	6.8794951e+01
1	2	12	12	-1.5636535e+00
1	2	12	13	5.7961295e+00
1	2	12	14	-2.4256676e+01
1	2	12	15	1.0441465e+01
1	2	12	16	-3.3692979e+01
1	2	12	17	-1.2569350e+02
1	2	12	18	-9.9094859e+01
1	2	12	19	-1.4352555e+02
1	2	12	20	-1.1986843e+02
1	2	12	21	-1.0056000e+01
1	2	12	22	-2.7514534e+01
1	2	12	23	-8.1047360e+01
1	2	12	24	-2.0160065e+02
1	2	12	25	-6.0435840e+01
1	2	12	26	-1.8627524e+02
1	2	12	27	-8.2224579e+01
1	2	12	28	-4.3259138e+01
1	2	12	29	-1.1959733e+02
1	2	12	30	-1.0566766e+02
1	2	12	31	-1.3656607e+02
1	2	12	32	-1.1722078e+02
1	2	12	33	-2.1190567e+02
1	2	12	34	3.5973954e+02
1	2	12	35	4.9966375e+02
1	2	12	36	2.7455040e+02
1	2	12	37	3.3471412e+02
1	2	12	38	2.8252572e+02
1	2	12	39	5.0857131e+02
1	2	12	40	4.1554545e+02
1	2	12	41	3.8858361e+02
1	2	12	42	5.4857828e+02
1	2	12	43	4.5076343e+02
1	2	12	44	6.0609595e+02
1	2	12	45	4.9540272e+02
1	2	12	46	5.9439342e+02
1	2	12	47	4.2147841e+02
1	2	12	48	5.1016156e+02
1	2	12	49	5.1417132e+02
1	2	12	50	4.7824044e+02
1	2	12	51	8.9101093e+02
1	2	12	52	9.1022368e+02
1	2	12	53	6.3327495e+02
1	2	12	54	6.0454679e+02
1	2	12	55	4.9205525e+02
1	2	12	56	8.2888596e+02
1	2	12	57	8.0181945e+02
1	2	12	58	7.2526967e+02
1	2	12	59	5.5825016e+02
1	2	12	60	5.7732537e+02
1	2	12	61	5.8373268e+02
1	2	12	62	6.6498757e+02
1	2	12	63	7.8954431e+02
1	2	13	0	3.6971690e+02
1	2	13	1	2.5337288e+02
1	2	13	2	1.8835722e+02
1	2	13	3	1.6882977e+02
1	2	13	4	1.6584409e+02
1	2	13	5	2.3462250e+02
1	2	13	6	1.3160992e+02
1	2	13	7	1.9135702e+02
1	2	13	8	1.0636376e+02
1	2	13	9	1.1072461e+02
1	2	13	10	9.9496877e+01
1	2	13	11	1.5200849e+02
1	2	13	12	1.6390909e+02
1	2	13	13	9.9546851e+01
1	2	13	14	5.5705148e+01
1	2	13	15	2.3956033e+01
1	2	13	16	-8.6532902e+01
1	2	13	17	6.4513425e+01
1	2	13	18	8.8283354e+01
1	2	13	19	1.3734439e+02
1	2	13	20	7.7221300e+01
1	2	13	21	-4.5279201e+01
1	2	13	22	1.2728059e+02
1	2	13	23	2.1287247e+02
1	2	13	24	8.4957946e+01
1	2	13	25	9.4352849e+01
1	2	13	26	7.8375678e+01
1	2	13	27	1.1104960e+02
1	2	13	28	-7.9132456e+01
1	2	13	29	1.1490051e+02
1	2	13	30	-1.3726838e+02
1	2	13	31	-1.2953699e+01
1	2	13	32	1.5921993e+01
1	2	13	33	-4.0289903e+01
1	2	13	34	4.3153916e+02
1	2	13	35	4.3510792e+02
1	2	13	36	3.8747926e+02
1	2	13	37	5.5514864e+02
1	2	13	38	5.3093421e+02
1	2	13	39	4.7923192e+02
1	2	13	40	4.3601123e+02
1	2	13	41	5.4307405e+02
1	2	13	42	4.7312271e+02
1	2	13	43	4.6619676e+02
1	2	13	44	5.7583769e+02
1	2	13	45	3.3584838e+02
1	2	13	46	5.5766820e+02
1	2	13	47	4.9760681e+02
1	2	13	48	3.7527967e+02
1	2	13	49	4.9772302e+02
1	2	13	50	5.6347196e+02
1	2	13	51	9.5232339e+02
1	2	13	52	9.7026354e+02
1	2	13	53	6.8274047e+02
1	2	13	54	5.4629330e+02
1	2	13	55	5.0262914e+02
1	2	13	56	8.4586987e+02
1	2	13	57	6.0755700e+02
1	2	13	58	7.3154132e+02
1	2	13	59	7.3036881e+02
1	2	13	60	7.1917394e+02
1	2	13	61	6.3209359e+02
1	2	13	62	7.3113129e+02
1	2	13	63	7.9906379e+02
1	2	14	0	-3.8549792e+01
1	2	14	1	-1.6636463e+02
1	2	14	2	-1.0169031e+02
1	2	14	3	-7.7677553e+01
1	2	14	4	-2.7346020e+02
1	2	14	5	-2.3903025e+02
1	2	14	6	-1.5816358e+02
1	2	14	7	-1.0840281e+02
1	2	14	8	-1.2885632e+02
1	2	14	9	-6.2774889e+01
1	2	14	10	-1.9790588e+02
1	2	14	11	-1.1678471e+02
1	2	14	12	-1.1974757e+02
1	2	14	13	-1.8514796e+02
1	2	14	14	-1.0468243e+02
1	2	14	15	-1.8339891e+02
1	2	14	16	-2.6636344e+02
1	2	14	17	-2.6925691e+02
1	2	14	18	-2.0477307e+02
1	2	14	19	-2.9053309e+02
1	2	14	20	-3.5703450e+01
1	2	14	21	-2.1112459e+02
1	2	14	22	-2.0754505e+02
1	2	14	23	-2.1140317e+02
1	2	14	24	-2.3685353e+02
1	2	14	25	-2.5323308e+02
1	2	14	26	-2.1641073e+02
1	2	14	27	-3.2159120e+02
1	2	14	28	-2.0847021e+02
1	2	14	29	-4.6936941e+02
1	2	14	30	-2.0280151e+02
1	2	14	31	-2.6573395e+02
1	2	14	32	-2.9945025e+02
1	2	14	33	-2.5825916e+02
1	2	14	34	1.0385084e+02
1	2	14	35	3.2731707e+02
1	2	14	36	1.4943561e+02
1	2	14	37	3.9441780e+02
1	2	14	38	2.2750789e+02
1	2	14	39	3.3609904e+02
1	2	14	40	2.7552038e+02
1	2	14	41	1.8812304e+02
1	2	14	42	2.1117098e+02
1	2	14	43	2.9608774e+02
1	2	14	44	2.6137038e+02
1	2	14	45	2.7485026e+02
1	2	14	46	3.7416115e+02
1	2	14	47	3.9606626e+02
1	2	14	48	3.5417438e+02
1	2	14	49	3.0068213e+02
1	2	14	50	3.3531135e+02
1	2	14	51	6.6114922e+02
1	2	14	52	7.7759816e+02
1	2	14	53	4.8570091e+02
1	2	14	54	5.9668699e+02
1	2	14	55	5.1339279e+02
1	2	14	56	6.3299351e+02
1	2	14	57	6.5533290e+02
1	2	14	58	6.1418777e+02
1	2	14	59	4.9208076e+02
1	2	14	60	4.0344568e+02
1	2	14	61	4.0056004e+02
1	2	14	62	5.0059893e+02
1	2	14	63	5.2645947e+02
1	2	15	0	-4.1631193e+00
1	2	15	1	1.0554528e+01
1	2	15	2	-8.5853612e+01
1	2	15	3	-7.9818785e+00
1	2	15	4	-1.0468804e+02
1	2	15	5	7.4540366e+01
1	2	15	6	-1.5612113e+01
1	2	15	7	6.7501388e+01
1	2	15	8	4.9007758e+01
1	2	15	9	3.8053908e+01
1	2	15	10	-1.4305336e+01
1	2	15	11	-1.2471619e+02
1	2	15	12	-3.0392151e+02
1	2	15	13	-8.4437166e+01
1	2	15	14	-1.7222231e+02
1	2	15	15	-8.1489236e+01
1	2	15	16	4.2896776e+01
1	2	15	17	-1.3401746e+02
1	2	15	18	-1.5605708e+02
1	2	15	19	-1.9036870e+02
1	2	15	20	-1.5678433e+02
1	2	15	21	-1.7347588e+02
1	2	15	22	-2.4332533e+02
1	2	15	23	-1.1149965e+02
1	2	15	24	-1.9347785e+02
1	2	15	25	-1.2177950e+02
1	2	15	26	-1.7522244e+02
1	2	15	27	-9.7172376e+01
1	2	15	28	-8.9339128e+01
1	2	15	29	-3.3427687e+00
1	2	15	30	-7.6788824e+01
1	2	15	31	-2.1972745e+02
1	2	15	32	-1.6372894e+02
1	2	15	33	-3.5837101e+01
1	2	15	34	3.6485200e+02
1	2	15	35	1.3183819e+02
1	2	15	36	5.1556025e+02
1	2	15	37	4.9492382e+02
1	2	15	38	4.0206564e+02
1	2	15	39	3.8383670e+02
1	2	15	40	5.0605249e+02
1	2	15	41	4.2578941e+02
1	2	15	42	4.0779763e+02
1	2	15	43	3.5292815e+02
1	2	15	44	4.4908212e+02
1	2	15	45	4.3276656e+02
1	2	15	46	4.6800832e+02
1	2	15	47	5.5074346e+02
1	2	15	48	4.7567545e+02
1	2	15	49	3.7872198e+02
1	2	15	50	4.2860283e+02
1	2	15	51	9.6103232e+02
1	2	15	52	1.0018076e+03
1	2	15	53	5.9349630e+02
1	2	15	54	6.0636479e+02
1	2	15	55	6.9422232e+02
1	2	15	56	7.5696911e+02
1	2	15	57	7.5235116e+02
1	2	15	58	4.4648852e+02
1	2	15	59	6.2428142e+02
1	2	15	60	7.4460108e+02
1	2	15	61	6.1121891e+02
1	2	15	62	5.0534983e+02
1	2	15	63	8.0718102e+02
