0	0	0	0	-3.4701388e+02
0	0	0	1	-4.5641434e+02
0	0	0	2	-3.4919404e+02
0	0	0	3	-3.7575305e+02
0	0	0	4	-4.7370338e+02
0	0	0	5	-4.3516147e+02
0	0	0	6	-4.3887376e+02
0	0	0	7	-3.9578225e+02
0	0	0	8	-4.3559053e+02
0	0	0	9	-3.8914682e+02
0	0	0	10	-4.3855843e+02
0	0	0	11	-4.1437515e+02
0	0	0	12	-5.2976675e+02
0	0	0	13	-4.5429395e+02
0	0	0	14	-4.2200439e+02
0	0	0	15	-4.1116390e+02
0	0	0	16	-4.6286307e+02
0	0	0	17	-5.2088404e+02
0	0	0	18	-4.1752601e+02
0	0	0	19	-5.3944118e+02
0	0	0	20	-4.4942543e+02
0	0	0	21	-4.7303921e+02
0	0	0	22	-5.2975995e+02
0	0	0	23	-4.9595811e+02
0	0	0	24	-4.9344383e+02
0	0	0	25	-5.0267477e+02
0	0	0	26	-5.4374379e+02
0	0	0	27	-5.9004691e+02
0	0	0	28	-5.1218010e+02
0	0	0	29	-5.3160813e+02
0	0	0	30	-5.3920001e+02
0	0	0	31	-5.3925662e+02
0	0	0	32	-5.3530831e+02
0	0	0	33	-5.7005820e+02
0	0	0	34	-1.7286513e+02
0	0	0	35	-1.6274173e+02
0	0	0	36	-1.8037190e+02
0	0	0	37	-2.1315922e+02
0	0	0	38	-1.6317688e+02
0	0	0	39	-1.5489436e+02
0	0	0	40	-1.9880102e+02
0	0	0	41	-2.0275457e+02
0	0	0	42	-1.3406711e+02
0	0	0	43	-1.5872540e+02
0	0	0	44	-1.4525083e+02
0	0	0	45	-1.8863754e+02
0	0	0	46	-1.2994713e+02
0	0	0	47	-1.4582768e+02
0	0	0	48	-1.9484872e+02
0	0	0	49	-2.7255040e+02
0	0	0	50	-1.7301753e+02
0	0	0	51	1.0608265e+02
0	0	0	52	1.3534241e+02
0	0	0	53	-1.0446610e+02
0	0	0	54	-1.0516508e+02
0	0	0	55	-5.1319558e+01
0	0	0	56	6.3095257e+01
0	0	0	57	2.3429783e+01
0	0	0	58	-9.1993374e+00
0	0	0	59	-5.0824302e+01
0	0	0	60	-4.4573105e+01
0	0	0	61	-1.4773582e+02
0	0	0	62	-3.4319469e+01
0	0	0	63	-3.1094271e+01
0	0	1	0	-3.2152216e+02
0	0	1	1	-3.6029821e+02
0	0	1	2	-3.5165759e+02
0	0	1	3	-4.1227215e+02
0	0	1	4	-3.8348307e+02
0	0	1	5	-3.3455617e+02
0	0	1	6	-3.7959413e+02
0	0	1	7	-3.9609604e+02
0	0	1	8	-3.9149507e+02
0	0	1	9	-3.2529507e+02
0	0	1	10	-3.5550276e+02
0	0	1	11	-3.7336021e+02
0	0	1	12	-3.9788275e+02
0	0	1	13	-3.4829274e+02
0	0	1	14	-4.4006915e+02
0	0	1	15	-4.2836835e+02
0	0	1	16	-4.4292088e+02
0	0	1	17	-3.5657231e+02
0	0	1	18	-3.5116385e+02
0	0	1	19	-3.6451871e+02
0	0	1	20	-4.1189709e+02
0	0	1	21	-4.4695568e+02
0	0	1	22	-4.4432717e+02
0	0	1	23	-4.2051487e+02
0	0	1	24	-3.8998049e+02
0	0	1	25	-3.7947560e+02
0	0	1	26	-4.5667073e+02
0	0	1	27	-3.7792190e+02
0	0	1	28	-4.3402353e+02
0	0	1	29	-4.3709599e+02
0	0	1	30	-3.8088760e+02
0	0	1	31	-4.1425312e+02
0	0	1	32	-4.5181886e+02
0	0	1	33	-4.2188420e+02
0	0	1	34	-9.5927489e+01
0	0	1	35	-8.3483860e+01
0	0	1	36	-7.3911875e+01
0	0	1	37	-4.0612327e+01
0	0	1	38	-4.4934154e+01
0	0	1	39	-5.1579548e+01
0	0	1	40	-4.8464419e+00
0	0	1	41	-6.1899736e+01
0	0	1	42	-2.2871973e+01
0	0	1	43	-7.2578372e+01
0	0	1	44	-2.1032719e+01
0	0	1	45	-3.3918233e+01
0	0	1	46	-3.0909817e+01
0	0	1	47	-7.3219997e+01
0	0	1	48	-4.2503944e+00
0	0	1	49	-5.2247615e+01
0	0	1	50	-5.2921086e+01
0	0	1	51	2.9171278e+02
0	0	1	52	2.5224938e+02
0	0	1	53	7.0271105e+01
0	0	1	54	1.0018239e+02
0	0	1	55	1.1505352e+02
0	0	1	56	1.6936606e+02
0	0	1	57	1.2378218e+02
0	0	1	58	8.0644043e+01
0	0	1	59	9.1974562e+01
0	0	1	60	1.4460503e+02
0	0	1	61	1.0561258e+02
0	0	1	62	5.4725360e+01
0	0	1	63	1.8552648e+02
0	0	2	0	-6.8262578e+01
0	0	2	1	-2.6202674e+02
0	0	2	2	-9.0307989e+01
0	0	2	3	-7.6226835e+01
0	0	2	4	-1.3572463e+02
0	0	2	5	-1.5220891e+02
0	0	2	6	-1.2264154e+02
0	0	2	7	-1.3372533e+02
0	0	2	8	-1.8899527e+02
0	0	2	9	-1.8885003e+02
0	0	2	10	-1.3970161e+02
0	0	2	11	-1.4506459e+02
0	0	2	12	-2.6311796e+02
0	0	2	13	-3.2755275e+02
0	0	2	14	-6.6246801e+01
0	0	2	15	-9.7519658e+01
0	0	2	16	-1.5545827e+02
0	0	2	17	-2.1589254e+02
0	0	2	18	-1.8727474e+02
0	0	2	19	-2.1151547e+02
0	0	2	20	-2.3104558e+02
0	0	2	21	-1.0621668e+02
0	0	2	22	-1.8656640e+02
0	0	2	23	-2.4628681e+02
0	0	2	24	-3.3403290e+02
0	0	2	25	-1.8666665e+02
0	0	2	26	-2.0743611e+02
0	0	2	27	-2.8377435e+02
0	0	2	28	-1.9220235e+02
0	0	2	29	-3.6944161e+02
0	0	2	30	-1.5571045e+02
0	0	2	31	-3.8823200e+02
0	0	2	32	-2.2866873e+02
0	0	2	33	-2.3919519e+02
0	0	2	34	7.7570333e+01
0	0	2	35	1.4265954e+02
0	0	2	36	9.7372043e+01
0	0	2	37	6.3215600e+01
0	0	2	38	4.7944711e+01
0	0	2	39	7.6732292e+01
0	0	2	40	1.0642270e+02
0	0	2	41	5.5103780e+01
0	0	2	42	5.1516151e+01
0	0	2	43	1.3105425e+02
0	0	2	44	7.3109710e+01
0	0	2	45	1.6409607e+01
0	0	2	46	3.3342720e+01
0	0	2	47	6.7957605e+01
0	0	2	48	1.0419747e+02
0	0	2	49	1.8376142e+01
0	0	2	50	8.8149668e+01
0	0	2	51	4.1835831e+02
0	0	2	52	4.2837206e+02
0	0	2	53	9.1080355e+01
0	0	2	54	2.1952199e+02
0	0	2	55	2.3842507e+02
0	0	2	56	1.6942051e+02
0	0	2	57	2.6954077e+02
0	0	2	58	2.8074435e+02
0	0	2	59	1.8644178e+02
0	0	2	60	2.4406758e+02
0	0	2	61	1.8806502e+02
0	0	2	62	2.7793005e+02
0	0	2	63	2.9430689e+02
0	0	3	0	-2.4856051e+02
0	0	3	1	-3.6968873e+02
0	0	3	2	-2.7660838e+02
0	0	3	3	-4.2643344e+02
0	0	3	4	-3.0752123e+02
0	0	3	5	-3.1447076e+02
0	0	3	6	-2.9316812e+02
0	0	3	7	-3.6398825e+02
0	0	3	8	-4.0238631e+02
0	0	3	9	-3.2472451e+02
0	0	3	10	-3.5010683e+02
0	0	3	11	-3.2743512e+02
0	0	3	12	-3.4764295e+02
0	0	3	13	-3.0901751e+02
0	0	3	14	-3.2441445e+02
0	0	3	15	-2.8649896e+02
0	0	3	16	-3.5270961e+02
0	0	3	17	-3.4174182e+02
0	0	3	18	-4.1023997e+02
0	0	3	19	-3.5758081e+02
0	0	3	20	-4.1975478e+02
0	0	3	21	-4.3836540e+02
0	0	3	22	-3.9146991e+02
0	0	3	23	-2.9342633e+02
0	0	3	24	-5.0132567e+02
0	0	3	25	-4.0661594e+02
0	0	3	26	-3.8707644e+02
0	0	3	27	-3.7525711e+02
0	0	3	28	-4.2111857e+02
0	0	3	29	-4.2967378e+02
0	0	3	30	-5.1089836e+02
0	0	3	31	-3.9641224e+02
0	0	3	32	-4.1783076e+02
0	0	3	33	-4.4519969e+02
0	0	3	34	-1.3554478e+02
0	0	3	35	-1.1515763e+02
0	0	3	36	-6.3108179e+01
0	0	3	37	-5.4811455e+01
0	0	3	38	-5.2232227e+01
0	0	3	39	-8.5575979e+01
0	0	3	40	-3.1488443e+01
0	0	3	41	-2.3349627e+01
0	0	3	42	2.0851431e+01
0	0	3	43	-8.2283240e+01
0	0	3	44	1.5411250e+01
0	0	3	45	-1.5389768e+02
0	0	3	46	-7.6879291e+00
0	0	3	47	-1.5905405e+02
0	0	3	48	-9.3377909e+00
0	0	3	49	4.0369855e+01
0	0	3	50	-4.7267302e+01
0	0	3	51	2.4040439e+02
0	0	3	52	2.7425326e+02
0	0	3	53	7.3958587e+01
0	0	3	54	1.3503505e+02
0	0	3	55	1.6595094e+02
0	0	3	56	1.2307425e+02
0	0	3	57	1.4363234e+02
0	0	3	58	5.5642458e+01
0	0	3	59	1.1922651e+02
0	0	3	60	1.4333609e+02
0	0	3	61	6.5409245e+01
0	0	3	62	9.1205645e+01
0	0	3	63	2.1787178e+02
0	0	4	0	-1.0169636e+02
0	0	4	1	-3.1395693e+02
0	0	4	2	-1.7411603e+02
0	0	4	3	-1.7499312e+02
0	0	4	4	-1.8380541e+02
0	0	4	5	-2.0160010e+02
0	0	4	6	-1.7800423e+02
0	0	4	7	-1.7067110e+02
0	0	4	8	-2.5476846e+02
0	0	4	9	-1.3896401e+02
0	0	4	10	-2.8768273e+02
0	0	4	11	-2.2149962e+02
0	0	4	12	-3.2097186e+02
0	0	4	13	-2.0624994e+02
0	0	4	14	-1.3063004e+02
0	0	4	15	-1.9352688e+02
0	0	4	16	-2.1007918e+02
0	0	4	17	-2.6694143e+02
0	0	4	18	-2.2610461e+02
0	0	4	19	-3.1805081e+02
0	0	4	20	-2.6529467e+02
0	0	4	21	-2.5916398e+02
0	0	4	22	-3.1504229e+02
0	0	4	23	-2.3923797e+02
0	0	4	24	-2.6174053e+02
0	0	4	25	-2.0421844e+02
0	0	4	26	-2.7231072e+02
0	0	4	27	-2.6702801e+02
0	0	4	28	-2.4234507e+02
0	0	4	29	-3.3476827e+02
0	0	4	30	-3.4051823e+02
0	0	4	31	-2.8469493e+02
0	0	4	32	-3.0809165e+02
0	0	4	33	-4.4101531e+02
0	0	4	34	3.1142808e+01
0	0	4	35	6.0830855e+01
0	0	4	36	-6.3769705e+01
0	0	4	37	3.2597337e+01
0	0	4	38	4.8766562e+01
0	0	4	39	-6.9025243e+01
0	0	4	40	-2.8052598e+01
0	0	4	41	4.4948181e+01
0	0	4	42	3.5931155e+01
0	0	4	43	6.1866930e+01
0	0	4	44	9.7603580e+01
0	0	4	45	7.8092358e+01
0	0	4	46	7.1204847e+01
0	0	4	47	7.8462886e+00
0	0	4	48	7.8149121e+01
0	0	4	49	1.2536063e+02
0	0	4	50	3.1446307e+01
0	0	4	51	2.8756491e+02
0	0	4	52	4.2412150e+02
0	0	4	53	1.6713534e+02
0	0	4	54	2.2399027e+02
0	0	4	55	1.5355552e+02
0	0	4	56	1.8698926e+02
0	0	4	57	3.1590881e+02
0	0	4	58	2.1224280e+02
0	0	4	59	2.0943394e+02
0	0	4	60	2.5619141e+02
0	0	4	61	1.5674743e+02
0	0	4	62	1.6770640e+02
0	0	4	63	1.1483876e+02
0	0	5	0	-4.2099160e+02
0	0	5	1	-3.8544026e+02
0	0	5	2	-4.3638139e+02
0	0	5	3	-4.1885999e+02
0	0	5	4	-4.9247696e+02
0	0	5	5	-4.1959100e+02
0	0	5	6	-4.5916673e+02
0	0	5	7	-4.4802143e+02
0	0	5	8	-4.6669767e+02
0	0	5	9	-4.0957105e+02
0	0	5	10	-4.3519224e+02
0	0	5	11	-4.2497514e+02
0	0	5	12	-4.5326024e+02
0	0	5	13	-4.3836506e+02
0	0	5	14	-4.4272313e+02
0	0	5	15	-5.0570613e+02
0	0	5	16	-3.6412884e+02
0	0	5	17	-5.5330655e+02
0	0	5	18	-4.7482738e+02
0	0	5	19	-3.8739396e+02
0	0	5	20	-5.9123637e+02
0	0	5	21	-5.2496262e+02
0	0	5	22	-5.2348491e+02
0	0	5	23	-4.7610533e+02
0	0	5	24	-4.8478368e+02
0	0	5	25	-5.6293469e+02
0	0	5	26	-4.9088164e+02
0	0	5	27	-5.9201218e+02
0	0	5	28	-5.0858270e+02
0	0	5	29	-4.8901006e+02
0	0	5	30	-4.7438277e+02
0	0	5	31	-5.3274598e+02
0	0	5	32	-5.4048917e+02
0	0	5	33	-4.8872998e+02
0	0	5	34	-2.0309924e+02
0	0	5	35	-2.0150051e+02
0	0	5	36	-1.1173955e+02
0	0	5	37	-1.8616797e+02
0	0	5	38	-1.0640505e+02
0	0	5	39	-1.5068735e+02
0	0	5	40	-1.2361366e+02
0	0	5	41	-1.5965305e+02
0	0	5	42	-8.4482484e+01
0	0	5	43	-1.2990081e+02
0	0	5	44	-6.0213980e+00
0	0	5	45	-9.3465813e+01
0	0	5	46	-4.7319635e+01
0	0	5	47	-1.3343085e+02
0	0	5	48	-1.1787160e+02
0	0	5	49	-1.9029460e+01
0	0	5	50	-1.1298707e+02
0	0	5	51	2.0794558e+02
0	0	5	52	1.5916209e+02
0	0	5	53	6.5502947e+01
0	0	5	54	1.1354217e+02
0	0	5	55	9.5882400e+01
0	0	5	56	1.1861981e+02
0	0	5	57	5.5353763e+01
0	0	5	58	2.2333702e+01
0	0	5	59	4.8579829e+01
0	0	5	60	3.5060535e+01
0	0	5	61	-2.8411199e+01
0	0	5	62	4.2897052e+01
0	0	5	63	1.6963968e+02
0	0	6	0	-8.6866533e+01
0	0	6	1	-6.4963721e+01
0	0	6	2	-9.9980972e+01
0	0	6	3	-1.2020021e+02
0	0	6	4	-1.2276845e+02
0	0	6	5	-2.6371594e+01
0	0	6	6	-4.5432166e+01
0	0	6	7	-3.9766877e+01
0	0	6	8	-6.3693586e+01
0	0	6	9	-3.6853168e+01
0	0	6	10	-6.6386958e+01
0	0	6	11	-6.9370649e+01
0	0	6	12	-6.5078093e+01
0	0	6	13	-5.6592476e+01
0	0	6	14	-4.2271142e+01
0	0	6	15	-5.7980312e+01
0	0	6	16	-2.4188575e+02
0	0	6	17	-1.2534272e+02
0	0	6	18	-7.5122837e+01
0	0	6	19	-1.3486210e+02
0	0	6	20	-1.5256509e+02
0	0	6	21	-7.5243151e+01
0	0	6	22	-6.6609089e+01
0	0	6	23	-9.4774262e+01
0	0	6	24	-8.5535420e+01
0	0	6	25	-8.7424616e+01
0	0	6	26	-1.7934704e+02
0	0	6	27	-1.6009608e+02
0	0	6	28	-1.3501388e+02
0	0	6	29	-2.4866983e+02
0	0	6	30	-1.6447983e+02
0	0	6	31	-2.0179224e+02
0	0	6	32	-1.2134022e+02
0	0	6	33	-3.1523470e+02
0	0	6	34	1.7656836e+02
0	0	6	35	1.3238206e+02
0	0	6	36	1.9725703e+02
0	0	6	37	2.6604472e+02
0	0	6	38	1.3338817e+02
0	0	6	39	1.6593913e+02
0	0	6	40	1.4950681e+02
0	0	6	41	1.0281009e+02
0	0	6	42	1.8963131e+02
0	0	6	43	2.0591524e+02
0	0	6	44	2.7663565e+02
0	0	6	45	2.0572207e+02
0	0	6	46	3.1908703e+02
0	0	6	47	1.3091040e+02
0	0	6	48	2.1371318e+02
0	0	6	49	3.3949537e+02
0	0	6	50	1.3382293e+02
0	0	6	51	4.8828859e+02
0	0	6	52	4.4605578e+02
0	0	6	53	2.3648125e+02
0	0	6	54	1.7635761e+02
0	0	6	55	4.3647922e+02
0	0	6	56	3.3892568e+02
0	0	6	57	3.5524853e+02
0	0	6	58	3.0907941e+02
0	0	6	59	3.1836909e+02
0	0	6	60	3.7848897e+02
0	0	6	61	3.7811405e+02
0	0	6	62	3.4725030e+02
0	0	6	63	4.1007871e+02
0	0	7	0	-6.3148100e+00
0	0	7	1	-1.6999389e+02
0	0	7	2	-1.2991982e+02
0	0	7	3	-1.6190055e+02
0	0	7	4	-2.1701347e+02
0	0	7	5	-1.3408966e+02
0	0	7	6	-2.0001169e+02
0	0	7	7	-1.9678869e+02
0	0	7	8	-1.8782319e+02
0	0	7	9	-1.3828676e+02
0	0	7	10	-1.6028500e+02
0	0	7	11	-1.8571942e+02
0	0	7	12	-3.2802200e+02
0	0	7	13	-1.7494981e+02
0	0	7	14	-3.2155924e+02
0	0	7	15	-1.7644474e+02
0	0	7	16	-3.2034859e+02
0	0	7	17	-1.9759640e+02
0	0	7	18	-2.2014473e+02
0	0	7	19	-1.1838413e+02
0	0	7	20	-3.0189100e+02
0	0	7	21	-3.0075701e+02
0	0	7	22	-2.5865270e+02
0	0	7	23	-2.4769392e+02
0	0	7	24	-3.5837184e+02
0	0	7	25	-2.0238325e+02
0	0	7	26	-2.2801857e+02
0	0	7	27	-2.4656992e+02
0	0	7	28	-2.6120694e+02
0	0	7	29	-2.5222493e+02
0	0	7	30	-2.8145596e+02
0	0	7	31	-3.2946259e+02
0	0	7	32	-3.5372038e+02
0	0	7	33	-2.8240102e+02
0	0	7	34	1.3739052e+01
0	0	7	35	-5.6874109e+01
0	0	7	36	8.6360911e+01
0	0	7	37	1.6920542e+02
0	0	7	38	3.9491916e+00
0	0	7	39	1.1466707e+02
0	0	7	40	1.0584021e+02
0	0	7	41	5.2449578e+01
0	0	7	42	1.5821344e+02
0	0	7	43	3.2378176e+01
0	0	7	44	1.0242197e+02
0	0	7	45	2.7490874e+01
0	0	7	46	1.8868823e+02
0	0	7	47	1.5914861e+02
0	0	7	48	1.4015749e+02
0	0	7	49	1.7677539e+02
0	0	7	50	9.6456540e+01
0	0	7	51	4.3508722e+02
0	0	7	52	3.2111290e+02
0	0	7	53	2.1988406e+02
0	0	7	54	1.7948479e+02
0	0	7	55	2.7484784e+02
0	0	7	56	2.9299614e+02
0	0	7	57	2.5732220e+02
0	0	7	58	1.1876112e+02
0	0	7	59	2.3038217e+02
0	0	7	60	3.3958382e+02
0	0	7	61	1.7500884e+02
0	0	7	62	1.9522363e+02
0	0	7	63	3.6271717e+02
0	0	8	0	-3.5055061e+01
0	0	8	1	-1.7846463e+02
0	0	8	2	-8.8173041e+01
0	0	8	3	-1.1788835e+02
0	0	8	4	-1.1389416e+02
0	0	8	5	-2.8109135e+02
0	0	8	6	-3.0857693e+02
0	0	8	7	-1.9200946e+01
0	0	8	8	-9.0258073e+01
0	0	8	9	-2.0501801e+02
0	0	8	10	-1.8927214e+02
0	0	8	11	-2.9615728e+02
0	0	8	12	-2.2351715e+02
0	0	8	13	-2.0412615e+02
0	0	8	14	-2.6734399e+02
0	0	8	15	-1.6264387e+02
0	0	8	16	-3.5529461e+02
0	0	8	17	-2.0293901e+02
0	0	8	18	-2.8479810e+02
0	0	8	19	-2.9720135e+02
0	0	8	20	-1.8383793e+02
0	0	8	21	-2.0125185e+02
0	0	8	22	-1.7634037e+02
0	0	8	23	-2.6082815e+02
0	0	8	24	-2.6453706e+02
0	0	8	25	-2.0173284e+02
0	0	8	26	-3.5152694e+02
0	0	8	27	-3.1967284e+02
0	0	8	28	-2.6368747e+02
0	0	8	29	-3.0587367e+02
0	0	8	30	-2.0960009e+02
0	0	8	31	-1.5461257e+02
0	0	8	32	-2.5371230e+02
0	0	8	33	-2.6817462e+02
0	0	8	34	5.3697385e+01
0	0	8	35	1.0882192e+02
0	0	8	36	1.1974019e+02
0	0	8	37	6.2189741e+01
0	0	8	38	-7.6017308e+01
0	0	8	39	2.1658178e+01
0	0	8	40	1.2867302e+02
0	0	8	41	3.0200507e+01
0	0	8	42	1.0354919e+02
0	0	8	43	1.5618563e+02
0	0	8	44	1.3280802e+02
0	0	8	45	1.0260384e+02
0	0	8	46	-1.4839340e+01
0	0	8	47	3.7624997e+01
0	0	8	48	8.2374775e+01
0	0	8	49	8.3277785e+01
0	0	8	50	1.3133205e+02
0	0	8	51	3.2375826e+02
0	0	8	52	4.1681792e+02
0	0	8	53	1.8123620e+02
0	0	8	54	2.3925626e+02
0	0	8	55	2.3140836e+02
0	0	8	56	3.7672416e+02
0	0	8	57	2.8995050e+02
0	0	8	58	2.3825031e+02
0	0	8	59	2.0854354e+02
0	0	8	60	2.6300164e+02
0	0	8	61	7.4430442e+01
0	0	8	62	1.6336653e+02
0	0	8	63	2.4095725e+02
0	0	9	0	-2.8763001e+02
0	0	9	1	-1.9370971e+02
0	0	9	2	-2.7233442e+02
0	0	9	3	-2.1828608e+02
0	0	9	4	-3.0942302e+02
0	0	9	5	-3.0585061e+02
0	0	9	6	-3.2325283e+02
0	0	9	7	-2.6449774e+02
0	0	9	8	-2.5450713e+02
0	0	9	9	-2.6682639e+02
0	0	9	10	-2.8852953e+02
0	0	9	11	-2.9392636e+02
0	0	9	12	-3.9164483e+02
0	0	9	13	-3.0315248e+02
0	0	9	14	-2.4427644e+02
0	0	9	15	-1.5121491e+02
0	0	9	16	-3.4820789e+02
0	0	9	17	-3.3180030e+02
0	0	9	18	-2.7983269e+02
0	0	9	19	-3.6928860e+02
0	0	9	20	-3.5807654e+02
0	0	9	21	-4.4562025e+02
0	0	9	22	-3.5541916e+02
0	0	9	23	-2.6868252e+02
0	0	9	24	-3.4163845e+02
0	0	9	25	-4.4914236e+02
0	0	9	26	-3.6235508e+02
0	0	9	27	-3.8905547e+02
0	0	9	28	-3.3114315e+02
0	0	9	29	-3.4180196e+02
0	0	9	30	-4.8045103e+02
0	0	9	31	-4.4259216e+02
0	0	9	32	-4.1854781e+02
0	0	9	33	-3.7892857e+02
0	0	9	34	-9.8444742e+01
0	0	9	35	-1.1924172e+02
0	0	9	36	4.2649180e+01
0	0	9	37	-1.7036918e+01
0	0	9	38	4.4088420e+01
0	0	9	39	-8.1688272e+01
0	0	9	40	1.1997306e+02
0	0	9	41	-1.2219800e+01
0	0	9	42	-3.3910923e+01
0	0	9	43	-1.5289297e+02
0	0	9	44	8.3112758e+01
0	0	9	45	-9.1846231e+01
0	0	9	46	4.1021980e+01
0	0	9	47	3.8621346e+01
0	0	9	48	8.8324173e+01
0	0	9	49	-3.6296542e+01
0	0	9	50	1.0210257e+01
0	0	9	51	2.9044571e+02
0	0	9	52	3.6167417e+02
0	0	9	53	1.7080348e+02
0	0	9	54	1.9419712e+02
0	0	9	55	1.6134280e+02
0	0	9	56	1.6916332e+02
0	0	9	57	1.9184821e+02
0	0	9	58	1.6985174e+02
0	0	9	59	4.4108932e+01
0	0	9	60	2.3816769e+02
0	0	9	61	9.7688639e+01
0	0	9	62	9.0203800e+01
0	0	9	63	1.5595407e+02
0	0	10	0	-1.2413860e+02
0	0	10	1	-1.4961923e+02
0	0	10	2	-4.2503282e+01
0	0	10	3	-1.7348334e+02
0	0	10	4	-1.1540578e+02
0	0	10	5	-1.0795555e+02
0	0	10	6	-1.3653931e+02
0	0	10	7	4.7845997e+01
0	0	10	8	-1.0637841e+02
0	0	10	9	-1.4065586e+02
0	0	10	10	-8.4583885e+01
0	0	10	11	-1.4663748e+02
0	0	10	12	-1.5440990e+02
0	0	10	13	-1.0322817e+02
0	0	10	14	-9.4334683e+01
0	0	10	15	-1.3002149e+02
0	0	10	16	-1.6786133e+02
0	0	10	17	-2.7037775e+02
0	0	10	18	-1.9593231e+02
0	0	10	19	-2.3298539e+02
0	0	10	20	-9.4559331e+01
0	0	10	21	-1.4338681e+02
0	0	10	22	-2.3323500e+02
0	0	10	23	-1.9438051e+02
0	0	10	24	-3.2112220e+02
0	0	10	25	-1.7342347e+02
0	0	10	26	-2.3475225e+02
0	0	10	27	0.0000000e+00
0	0	10	28	-2.2170647e+02
0	0	10	29	-3.2018794e+02
0	0	10	30	-3.2224642e+02
0	0	10	31	-2.1390378e+02
0	0	10	32	-2.4275485e+02
0	0	10	33	-2.2241581e+02
0	0	10	34	7.8715678e+01
0	0	10	35	2.6736312e+01
0	0	10	36	1.3425843e+02
0	0	10	37	1.2521255e+02
0	0	10	38	3.2565514e+02
0	0	10	39	1.0343607e+02
0	0	10	40	1.2194031e+02
0	0	10	41	2.1046484e+02
0	0	10	42	1.0279898e+01
0	0	10	43	1.6754265e+02
0	0	10	44	1.1528321e+02
0	0	10	45	5.9476059e+01
0	0	10	46	2.5661197e+01
0	0	10	47	1.0072028e+02
0	0	10	48	1.4269105e+02
0	0	10	49	1.0882050e+02
0	0	10	50	9.8280396e+01
0	0	10	51	3.9957871e+02
0	0	10	52	4.8271638e+02
0	0	10	53	1.9977428e+02
0	0	10	54	2.6656596e+02
0	0	10	55	3.1836736e+02
0	0	10	56	3.7900379e+02
0	0	10	57	3.9015848e+02
0	0	10	58	3.5894216e+02
0	0	10	59	2.9764273e+02
0	0	10	60	3.5560836e+02
0	0	10	61	1.8875629e+02
0	0	10	62	2.4075149e+02
0	0	10	63	2.6374778e+02
0	0	11	0	-8.5622144e+01
0	0	11	1	-2.3355443e+02
0	0	11	2	-2.3159619e+02
0	0	11	3	-2.2895785e+02
0	0	11	4	-2.1558195e+02
0	0	11	5	-1.5198813e+02
0	0	11	6	-1.7918942e+02
0	0	11	7	-2.1722860e+02
0	0	11	8	-2.2117349e+02
0	0	11	9	-3.5941464e+02
0	0	11	10	-2.0546709e+02
0	0	11	11	-2.1246880e+02
0	0	11	12	-2.8600436e+02
0	0	11	13	-3.1708941e+02
0	0	11	14	-2.7539000e+02
0	0	11	15	-1.5322441e+02
0	0	11	16	-4.0105283e+02
0	0	11	17	-2.8111723e+02
0	0	11	18	-2.9716867e+02
0	0	11	19	-2.7146829e+02
0	0	11	20	-2.6652629e+02
0	0	11	21	-2.7258009e+02
0	0	11	22	-2.1389494e+02
0	0	11	23	-2.5004134e+02
0	0	11	24	-3.1092416e+02
0	0	11	25	-4.9528896e+02
0	0	11	26	-3.8348742e+02
0	0	11	27	-3.3154996e+02
0	0	11	28	-3.0239765e+02
0	0	11	29	-2.3392962e+02
0	0	11	30	-2.9799782e+02
0	0	11	31	-2.7540266e+02
0	0	11	32	-3.3027233e+02
0	0	11	33	-2.7995364e+02
0	0	11	34	9.1615928e+01
0	0	11	35	1.0942227e+02
0	0	11	36	2.4586281e+02
0	0	11	37	1.6099375e+02
0	0	11	38	2.2870888e+01
0	0	11	39	6.1825568e+01
0	0	11	40	1.8652682e+02
0	0	11	41	1.0899013e+02
0	0	11	42	1.1000912e+02
0	0	11	43	9.4842781e+01
0	0	11	44	1.7269361e+02
0	0	11	45	1.5776960e+02
0	0	11	46	2.1613392e+02
0	0	11	47	8.6356064e+01
0	0	11	48	9.2788496e+01
0	0	11	49	1.2768849e+02
0	0	11	50	1.0092192e+02
0	0	11	51	2.7627998e+02
0	0	11	52	4.3855382e+02
0	0	11	53	1.9066576e+02
0	0	11	54	2.0277477e+02
0	0	11	55	3.1473104e+02
0	0	11	56	3.4180850e+02
0	0	11	57	2.7359235e+02
0	0	11	58	2.5960388e+02
0	0	11	59	1.7571663e+02
0	0	11	60	3.1664893e+02
0	0	11	61	2.1649131e+02
0	0	11	62	2.0583523e+02
0	0	11	63	3.1265115e+02
0	0	12	0	5.9418874e+01
0	0	12	1	-1.1246889e+02
0	0	12	2	-6.5454284e+00
0	0	12	3	-4.9487245e+01
0	0	12	4	-1.1445657e+02
0	0	12	5	-1.3740587e+02
0	0	12	6	-1.8110923e+02
0	0	12	7	-1.0928100e+02
0	0	12	8	-5.8667666e+01
0	0	12	9	-6.7742503e+01
0	0	12	10	-1.5832624e+02
0	0	12	11	-4.0306492e+01
0	0	12	12	-1.9882097e+02
0	0	12	13	-1.1430225e+02
0	0	12	14	-7.5862458e+01
0	0	12	15	-5.1265324e+01
0	0	12	16	-1.8821206e+02
0	0	12	17	-2.3067188e+02
0	0	12	18	-4.1513618e+01
0	0	12	19	-3.0573521e+02
0	0	12	20	-2.2796709e+02
0	0	12	21	-1.6102352e+02
0	0	12	22	-1.7687349e+02
0	0	12	23	-1.7125860e+02
0	0	12	24	-2.9601263e+02
0	0	12	25	-1.4538401e+02
0	0	12	26	-2.0160914e+02
0	0	12	27	-2.1175138e+02
0	0	12	28	-1.3242261e+02
0	0	12	29	-3.1232639e+02
0	0	12	30	-2.3771307e+02
0	0	12	31	-3.2902073e+02
0	0	12	32	-2.4529336e+02
0	0	12	33	-2.8283603e+02
0	0	12	34	1.6123880e+02
0	0	12	35	1.2220715e+02
0	0	12	36	1.1958441e+02
0	0	12	37	1.4726845e+02
0	0	12	38	9.3670902e+01
0	0	12	39	1.1337319e+02
0	0	12	40	1.0877080e+02
0	0	12	41	5.6151921e+01
0	0	12	42	1.1874358e+02
0	0	12	43	1.4631611e+02
0	0	12	44	2.2374287e+02
0	0	12	45	9.7660683e+01
0	0	12	46	1.6771548e+02
0	0	12	47	8.9021831e+01
0	0	12	48	1.3939128e+02
0	0	12	49	1.3262385e+02
0	0	12	50	9.7309717e+01
0	0	12	51	4.7210437e+02
0	0	12	52	4.4571121e+02
0	0	12	53	2.0296183e+02
0	0	12	54	2.8453995e+02
0	0	12	55	3.4132838e+02
0	0	12	56	3.0485459e+02
0	0	12	57	3.8104220e+02
0	0	12	58	2.5929260e+02
0	0	12	59	3.1983104e+02
0	0	12	60	2.8272026e+02
0	0	12	61	2.4740217e+02
0	0	12	62	2.6452869e+02
0	0	12	63	2.5343609e+02
0	0	13	0	-2.3312628e+02
0	0	13	1	-3.8419578e+02
0	0	13	2	-2.4554801e+02
0	0	13	3	-2.9613591e+02
0	0	13	4	-2.0460848e+02
0	0	13	5	-2.2575240e+02
0	0	13	6	-2.9347697e+02
0	0	13	7	-2.3689903e+02
0	0	13	8	-3.0186158e+02
0	0	13	9	-1.9237980e+02
0	0	13	10	-1.5742467e+02
0	0	13	11	-2.9556673e+02
0	0	13	12	-2.6134710e+02
0	0	13	13	-2.5984481e+02
0	0	13	14	-4.1858260e+02
0	0	13	15	-2.5591927e+02
0	0	13	16	-3.0491139e+02
0	0	13	17	-2.0094017e+02
0	0	13	18	-3.4074112e+02
0	0	13	19	-2.9352914e+02
0	0	13	20	-3.9352068e+02
0	0	13	21	-3.2266928e+02
0	0	13	22	-3.4259114e+02
0	0	13	23	-2.3207099e+02
0	0	13	24	-3.8871325e+02
0	0	13	25	-2.7710575e+02
0	0	13	26	-3.1501935e+02
0	0	13	27	-4.0519368e+02
0	0	13	28	-1.8064392e+02
0	0	13	29	-3.4363634e+02
0	0	13	30	-2.9779829e+02
0	0	13	31	-4.8425571e+02
0	0	13	32	-3.8879254e+02
0	0	13	33	-2.7365610e+02
0	0	13	34	2.4472725e+01
0	0	13	35	8.7231358e+01
0	0	13	36	-5.4748744e+01
0	0	13	37	1.9870411e+02
0	0	13	38	5.4301941e+01
0	0	13	39	1.4399191e+02
0	0	13	40	1.2715023e+02
0	0	13	41	3.2005051e+01
0	0	13	42	1.5684574e+02
0	0	13	43	1.1264202e+01
0	0	13	44	2.3619893e+02
0	0	13	45	7.5059773e+01
0	0	13	46	1.5991405e+02
0	0	13	47	6.3653619e+01
0	0	13	48	1.4120361e+02
0	0	13	49	1.0122448e+02
0	0	13	50	-2.7341443e+01
0	0	13	51	4.5666644e+02
0	0	13	52	4.6462239e+02
0	0	13	53	5.2763992e+01
0	0	13	54	4.1890341e+02
0	0	13	55	2.6680227e+02
0	0	13	56	4.1725485e+02
0	0	13	57	2.2144152e+02
0	0	13	58	2.6809962e+02
0	0	13	59	1.9755469e+02
0	0	13	60	2.5832326e+02
0	0	13	61	2.3032065e+02
0	0	13	62	2.0671162e+02
0	0	13	63	2.8243312e+02
0	0	14	0	-1.7818585e+02
0	0	14	1	-1.9842910e+02
0	0	14	2	-2.2549705e+02
0	0	14	3	-2.1288969e+02
0	0	14	4	-2.7506005e+02
0	0	14	5	-3.1296004e+02
0	0	14	6	-2.7931118e+02
0	0	14	7	-1.8969520e+02
0	0	14	8	-3.1177065e+02
0	0	14	9	-2.3292481e+02
0	0	14	10	-3.0238644e+02
0	0	14	11	-2.4593601e+02
0	0	14	12	-4.1958529e+02
0	0	14	13	-2.4821574e+02
0	0	14	14	-2.6349422e+02
0	0	14	15	-2.4981937e+02
0	0	14	16	-3.1828588e+02
0	0	14	17	-3.3181663e+02
0	0	14	18	-3.2625356e+02
0	0	14	19	-3.0523997e+02
0	0	14	20	-2.9372868e+02
0	0	14	21	-2.9872756e+02
0	0	14	22	-3.2652649e+02
0	0	14	23	-3.0692479e+02
0	0	14	24	-3.6999444e+02
0	0	14	25	-3.4729293e+02
0	0	14	26	-3.0163431e+02
0	0	14	27	-3.0995171e+02
0	0	14	28	-2.7809740e+02
0	0	14	29	-3.5157557e+02
0	0	14	30	-4.3110906e+02
0	0	14	31	-4.7200123e+02
0	0	14	32	-3.6474186e+02
0	0	14	33	-3.0478698e+02
0	0	14	34	-1.2275216e+02
0	0	14	35	-1.6678156e+02
0	0	14	36	1.3451007e+01
0	0	14	37	-6.9807103e+01
0	0	14	38	-6.2396035e+01
0	0	14	39	-1.9558881e+02
0	0	14	40	-1.1692098e+02
0	0	14	41	-1.3899792e+02
0	0	14	42	-1.2100127e+02
0	0	14	43	-1.8762924e+02
0	0	14	44	-2.4908128e+01
0	0	14	45	-9.1844510e+01
0	0	14	46	-6.8593207e+01
0	0	14	47	-1.3615659e+02
0	0	14	48	-6.7947329e+01
0	0	14	49	-7.9493795e+01
0	0	14	50	-1.2199981e+02
0	0	14	51	2.5627908e+02
0	0	14	52	2.5982356e+02
0	0	14	53	7.0233827e+01
0	0	14	54	-7.5249138e+00
0	0	14	55	1.0008031e+02
0	0	14	56	1.6842874e+02
0	0	14	57	2.3528039e+02
0	0	14	58	1.0738202e+02
0	0	14	59	7.9205840e+01
0	0	14	60	4.5499633e+01
0	0	14	61	-6.2582373e+01
0	0	14	62	3.6308003e+01
0	0	14	63	5.8673479e+01
0	0	15	0	-1.4213915e+02
0	0	15	1	-2.0276970e+02
0	0	15	2	-1.8593105e+02
0	0	15	3	-2.9041659e+02
0	0	15	4	-3.4076373e+02
0	0	15	5	-2.0145627e+02
0	0	15	6	-3.4672986e+02
0	0	15	7	-2.3485692e+02
0	0	15	8	-3.0353959e+02
0	0	15	9	-1.1738075e+02
0	0	15	10	-2.7352238e+02
0	0	15	11	-2.5040283e+02
0	0	15	12	-2.6895529e+02
0	0	15	13	-2.9947752e+02
0	0	15	14	-2.8604110e+02
0	0	15	15	-2.4940625e+02
0	0	15	16	-2.6214653e+02
0	0	15	17	-2.0781768e+02
0	0	15	18	-2.9137905e+02
0	0	15	19	3.1476126e+02
0	0	15	20	-2.8881108e+02
0	0	15	21	-3.6180809e+02
0	0	15	22	-3.2809543e+02
0	0	15	23	-4.2329323e+01
0	0	15	24	-3.1404120e+02
0	0	15	25	-2.1070445e+02
0	0	15	26	-4.3793697e+02
0	0	15	27	-3.8288412e+02
0	0	15	28	-2.0837503e+02
0	0	15	29	-2.6484591e+02
0	0	15	30	-2.2980306e+02
0	0	15	31	-3.2397103e+02
0	0	15	32	-2.2015454e+02
0	0	15	33	-4.1803855e+02
0	0	15	34	-4.6264848e+00
0	0	15	35	2.1015352e+01
0	0	15	36	1.0612073e+02
0	0	15	37	1.4753343e+02
0	0	15	38	5.5534259e+01
0	0	15	39	7.8877529e+01
0	0	15	40	1.1986045e+02
0	0	15	41	8.8114402e+01
0	0	15	42	4.7228671e+01
0	0	15	43	5.0959084e+01
0	0	15	44	1.5092350e+02
0	0	15	45	-5.9772642e+00
0	0	15	46	6.0173235e+01
0	0	15	47	3.9240845e+01
0	0	15	48	1.3975503e+02
0	0	15	49	1.3499189e+02
0	0	15	50	1.0517551e+02
0	0	15	51	4.1721923e+02
0	0	15	52	3.1344261e+02
0	0	15	53	2.0383759e+02
0	0	15	54	1.1024236e+02
0	0	15	55	1.5936662e+02
0	0	15	56	3.7640728e+02
0	0	15	57	3.4384346e+02
0	0	15	58	1.4194913e+02
0	0	15	59	2.6396571e+02
0	0	15	60	2.5634201e+02
0	0	15	61	2.4844003e+02
0	0	15	62	2.5007929e+02
0	0	15	63	2.8538164e+02
0	1	0	0	-2.2602802e+01
0	1	0	1	-4.2014619e+01
0	1	0	2	-5.4637549e+01
0	1	0	3	1.8885082e-01
0	1	0	4	-1.1346447e+01
0	1	0	5	-1.2656787e+02
0	1	0	6	-5.7600958e+01
0	1	0	7	-5.0888709e+00
0	1	0	8	-1.6728290e+02
0	1	0	9	1.1491531e+01
0	1	0	10	-1.2329819e+01
0	1	0	11	-1.3040792e+02
0	1	0	12	-3.0437492e+01
0	1	0	13	-7.8694356e+01
0	1	0	14	-3.3107352e+00
0	1	0	15	-9.7534476e+00
0	1	0	16	-1.2892878e+02
0	1	0	17	-2.6564868e+02
0	1	0	18	-8.2921839e+01
0	1	0	19	-1.2490300e+02
0	1	0	20	-1.1419383e+02
0	1	0	21	-9.3502080e+01
0	1	0	22	-9.4662834e+01
0	1	0	23	-1.4216727e+02
0	1	0	24	-1.0441160e+02
0	1	0	25	-2.0347441e+02
0	1	0	26	-1.5727015e+02
0	1	0	27	-2.4978871e+02
0	1	0	28	-2.6695883e+02
0	1	0	29	-1.5883541e+02
0	1	0	30	-1.4426871e+02
0	1	0	31	-6.8228617e+01
0	1	0	32	-1.3363322e+02
0	1	0	33	-1.4337212e+02
0	1	0	34	1.4116429e+02
0	1	0	35	2.5434069e+02
0	1	0	36	1.9783411e+02
0	1	0	37	2.8081009e+02
0	1	0	38	1.8928384e+02
0	1	0	39	2.1993375e+02
0	1	0	40	2.0029686e+02
0	1	0	41	2.0100221e+02
0	1	0	42	2.2228717e+02
0	1	0	43	2.6323302e+02
0	1	0	44	1.9790330e+02
0	1	0	45	2.0535686e+02
0	1	0	46	2.5112925e+02
0	1	0	47	2.4527439e+02
0	1	0	48	1.3109358e+02
0	1	0	49	1.7685219e+02
0	1	0	50	2.3239706e+02
0	1	0	51	5.3883987e+02
0	1	0	52	4.6979458e+02
0	1	0	53	2.3392388e+02
0	1	0	54	3.0221386e+02
0	1	0	55	4.0113530e+02
0	1	0	56	5.0084700e+02
0	1	0	57	3.4753656e+02
0	1	0	58	3.6347588e+02
0	1	0	59	1.8805714e+02
0	1	0	60	3.6895571e+02
0	1	0	61	3.2791625e+02
0	1	0	62	3.7242714e+02
0	1	0	63	3.8674090e+02
0	1	1	0	-6.1033241e+01
0	1	1	1	-1.3776376e+02
0	1	1	2	-1.3517946e+02
0	1	1	3	-2.0306230e+02
0	1	1	4	-2.1583393e+02
0	1	1	5	-1.4462005e+02
0	1	1	6	-1.5460292e+02
0	1	1	7	-1.8681356e+02
0	1	1	8	-6.4175650e+01
0	1	1	9	-8.1686962e+01
0	1	1	10	-1.3755405e+02
0	1	1	11	-1.6328314e+02
0	1	1	12	-1.9416364e+02
0	1	1	13	-2.0317341e+02
0	1	1	14	-1.9790037e+02
0	1	1	15	-1.3502796e+02
0	1	1	16	-1.8929080e+02
0	1	1	17	-1.6992417e+02
0	1	1	18	-2.2719647e+02
0	1	1	19	-1.6687272e+02
0	1	1	20	-2.3606941e+02
0	1	1	21	-1.8347599e+02
0	1	1	22	-2.4043680e+02
0	1	1	23	-1.7791077e+02
0	1	1	24	-2.1588992e+02
0	1	1	25	-2.0090987e+02
0	1	1	26	-3.8246793e+02
0	1	1	27	-2.3542932e+02
0	1	1	28	-2.2564547e+02
0	1	1	29	-2.0031139e+02
0	1	1	30	-3.2022396e+02
0	1	1	31	-2.3572606e+02
0	1	1	32	-2.7913774e+02
0	1	1	33	-2.1275695e+02
0	1	1	34	1.2041386e+02
0	1	1	35	2.6668131e+01
0	1	1	36	1.7641874e+02
0	1	1	37	8.9123284e+01
0	1	1	38	1.1733790e+02
0	1	1	39	1.5598725e+02
0	1	1	40	2.1177024e+02
0	1	1	41	7.6558501e+01
0	1	1	42	1.7861477e+02
0	1	1	43	1.4431914e+02
0	1	1	44	1.9888093e+02
0	1	1	45	7.0468850e+01
0	1	1	46	1.6304981e+02
0	1	1	47	6.5111132e+01
0	1	1	48	1.4694082e+02
0	1	1	49	1.6690455e+02
0	1	1	50	1.9979417e+02
0	1	1	51	3.2961544e+02
0	1	1	52	3.0958041e+02
0	1	1	53	2.0574593e+02
0	1	1	54	2.1892704e+02
0	1	1	55	2.7777008e+02
0	1	1	56	3.4790003e+02
0	1	1	57	2.8626679e+02
0	1	1	58	2.7041332e+02
0	1	1	59	1.1013874e+02
0	1	1	60	1.8522011e+02
0	1	1	61	2.1988246e+02
0	1	1	62	1.8678569e+02
0	1	1	63	3.4966958e+02
0	1	2	0	-1.4508577e+02
0	1	2	1	-1.6731527e+02
0	1	2	2	-1.2544174e+02
0	1	2	3	-1.9244590e+02
0	1	2	4	-2.6585617e+02
0	1	2	5	-2.4331175e+02
0	1	2	6	-2.3993758e+02
0	1	2	7	-1.7793938e+02
0	1	2	8	-1.4087388e+02
0	1	2	9	-2.0123009e+02
0	1	2	10	-2.5798392e+02
0	1	2	11	-2.3149804e+02
0	1	2	12	-2.5378093e+02
0	1	2	13	-2.8020371e+02
0	1	2	14	-2.4875503e+02
0	1	2	15	-1.7461002e+02
0	1	2	16	-2.6671065e+02
0	1	2	17	-3.1913392e+02
0	1	2	18	-2.8399742e+02
0	1	2	19	-2.7475903e+02
0	1	2	20	-3.4320151e+02
0	1	2	21	-2.6232131e+02
0	1	2	22	-2.3546957e+02
0	1	2	23	-1.9260809e+02
0	1	2	24	-2.8698299e+02
0	1	2	25	-2.6832362e+02
0	1	2	26	-2.8735325e+02
0	1	2	27	-3.1970536e+02
0	1	2	28	-2.0290371e+02
0	1	2	29	-2.9359338e+02
0	1	2	30	-3.4551618e+02
0	1	2	31	-3.5971867e+02
0	1	2	32	-2.6233130e+02
0	1	2	33	-2.4087345e+02
0	1	2	34	5.3416767e+01
0	1	2	35	4.0964611e+01
0	1	2	36	-7.6041725e+01
0	1	2	37	3.8265771e+01
0	1	2	38	6.1461764e+01
0	1	2	39	5.5142780e+01
0	1	2	40	6.2159610e+01
0	1	2	41	4.3334792e+01
0	1	2	42	9.7394725e+01
0	1	2	43	1.1698134e+02
0	1	2	44	1.7746371e+02
0	1	2	45	6.0089145e+01
0	1	2	46	5.7954226e+01
0	1	2	47	9.7162021e+01
0	1	2	48	1.1628249e+02
0	1	2	49	9.0204906e+01
0	1	2	50	-5.4900333e+01
0	1	2	51	4.6679841e+02
0	1	2	52	4.7339573e+02
0	1	2	53	2.4284891e+02
0	1	2	54	1.4246830e+02
0	1	2	55	2.5696438e+02
0	1	2	56	3.5280768e+02
0	1	2	57	2.9195226e+02
0	1	2	58	1.3493289e+02
0	1	2	59	1.6738311e+02
0	1	2	60	2.4821180e+02
0	1	2	61	1.5868620e+02
0	1	2	62	1.2939569e+02
0	1	2	63	2.8924733e+02
0	1	3	0	-1.4797678e+02
0	1	3	1	-1.5951961e+02
0	1	3	2	-1.8677912e+02
0	1	3	3	-1.2256625e+02
0	1	3	4	-2.5314149e+02
0	1	3	5	-1.6286188e+02
0	1	3	6	-2.1126284e+02
0	1	3	7	-1.4582514e+02
0	1	3	8	-2.2981358e+02
0	1	3	9	-1.8413115e+02
0	1	3	10	-1.8377847e+02
0	1	3	11	-2.0518275e+02
0	1	3	12	-2.6162516e+02
0	1	3	13	-2.6429721e+02
0	1	3	14	-2.5970807e+02
0	1	3	15	-2.8977307e+02
0	1	3	16	-2.6041191e+02
0	1	3	17	-3.7209340e+02
0	1	3	18	-2.4373652e+02
0	1	3	19	-1.7853930e+02
0	1	3	20	-2.5918238e+02
0	1	3	21	-2.7756298e+02
0	1	3	22	-2.2853468e+02
0	1	3	23	-2.2930472e+02
0	1	3	24	-2.8614466e+02
0	1	3	25	-2.9530420e+02
0	1	3	26	-3.6184276e+02
0	1	3	27	-2.5634627e+02
0	1	3	28	-3.0689690e+02
0	1	3	29	-2.5887786e+02
0	1	3	30	-3.4910700e+02
0	1	3	31	-3.6703150e+02
0	1	3	32	-2.8198400e+02
0	1	3	33	-2.5868900e+02
0	1	3	34	2.0751309e+01
0	1	3	35	6.2819324e+01
0	1	3	36	1.1434519e+02
0	1	3	37	1.3577926e+02
0	1	3	38	2.5914160e+01
0	1	3	39	1.1464804e+02
0	1	3	40	1.5019167e+02
0	1	3	41	4.8125093e+00
0	1	3	42	4.2734184e+01
0	1	3	43	1.1908411e+02
0	1	3	44	1.3149493e+02
0	1	3	45	1.4128059e+02
0	1	3	46	1.2699553e+02
0	1	3	47	7.5861158e+01
0	1	3	48	1.0359479e+02
0	1	3	49	6.1216197e+01
0	1	3	50	1.4322332e+02
0	1	3	51	3.6481783e+02
0	1	3	52	3.4365472e+02
0	1	3	53	1.6056641e+02
0	1	3	54	1.6089848e+02
0	1	3	55	2.4364003e+02
0	1	3	56	3.9248622e+02
0	1	3	57	2.9096512e+02
0	1	3	58	1.9247111e+02
0	1	3	59	2.5631753e+02
0	1	3	60	2.0428084e+02
0	1	3	61	2.1438576e+02
0	1	3	62	1.5032215e+02
0	1	3	63	2.8709258e+02
0	1	4	0	-4.3344039e+02
0	1	4	1	-4.0787374e+02
0	1	4	2	-2.1222228e+02
0	1	4	3	-2.7230262e+02
0	1	4	4	-3.1087093e+02
0	1	4	5	-3.7354360e+02
0	1	4	6	-3.3890458e+02
0	1	4	7	-3.8652496e+02
0	1	4	8	-3.6757858e+02
0	1	4	9	-2.8108421e+02
0	1	4	10	-3.6410988e+02
0	1	4	11	-3.0632954e+02
0	1	4	12	-3.1420165e+02
0	1	4	13	-3.6413141e+02
0	1	4	14	-4.1143950e+02
0	1	4	15	-2.6039593e+02
0	1	4	16	-4.3738252e+02
0	1	4	17	-4.0167023e+02
0	1	4	18	-3.0455742e+02
0	1	4	19	-5.3306981e+02
0	1	4	20	-2.8117712e+02
0	1	4	21	-3.3828319e+02
0	1	4	22	-4.2903174e+02
0	1	4	23	-2.8767900e+02
0	1	4	24	-3.7999482e+02
0	1	4	25	-3.3437844e+02
0	1	4	26	-4.3658914e+02
0	1	4	27	-3.7558277e+02
0	1	4	28	-3.5366926e+02
0	1	4	29	-4.2040760e+02
0	1	4	30	-3.5902568e+02
0	1	4	31	-3.9464226e+02
0	1	4	32	-4.0076497e+02
0	1	4	33	-3.9731653e+02
0	1	4	34	-2.4630575e+01
0	1	4	35	4.5122116e+01
0	1	4	36	-2.8593804e+00
0	1	4	37	-1.6147116e+01
0	1	4	38	-8.4181731e+01
0	1	4	39	-1.9677542e+01
0	1	4	40	-3.4336965e+01
0	1	4	41	-7.4544642e+01
0	1	4	42	-8.9158403e+00
0	1	4	43	3.8804854e+01
0	1	4	44	4.6831981e+01
0	1	4	45	-6.7856142e+01
0	1	4	46	4.0307455e+00
0	1	4	47	2.9179528e+00
0	1	4	48	-8.1231583e+01
0	1	4	49	9.1024902e+00
0	1	4	50	4.5268487e+01
0	1	4	51	2.6148886e+02
0	1	4	52	3.1413026e+02
0	1	4	53	1.8802962e+02
0	1	4	54	1.5320935e+02
0	1	4	55	8.9294210e+01
0	1	4	56	3.5569746e+02
0	1	4	57	2.7891564e+02
0	1	4	58	1.6917362e+02
0	1	4	59	1.5630421e+02
0	1	4	60	2.3337411e+02
0	1	4	61	1.1435569e+02
0	1	4	62	4.6638323e+01
0	1	4	63	2.1904404e+02
0	1	5	0	-1.5677771e+02
0	1	5	1	-1.4314902e+02
0	1	5	2	-3.5284971e+02
0	1	5	3	-9.1958569e+01
0	1	5	4	-2.8647545e+02
0	1	5	5	-1.0810375e+02
0	1	5	6	-2.0466149e+02
0	1	5	7	-1.7776926e+02
0	1	5	8	-1.8510060e+02
0	1	5	9	-2.0412627e+02
0	1	5	10	-2.1444359e+02
0	1	5	11	-3.1095402e+02
0	1	5	12	-2.6382171e+02
0	1	5	13	-2.4374044e+02
0	1	5	14	-2.2217488e+02
0	1	5	15	-2.4426573e+02
0	1	5	16	-1.6383471e+02
0	1	5	17	-2.5987664e+02
0	1	5	18	-2.3770090e+02
0	1	5	19	-3.4652661e+02
0	1	5	20	-3.9588659e+02
0	1	5	21	-3.1960444e+02
0	1	5	22	-3.6168641e+02
0	1	5	23	-2.2874673e+02
0	1	5	24	-2.7112991e+02
0	1	5	25	-2.3926103e+02
0	1	5	26	-2.3416076e+02
0	1	5	27	-2.9903221e+02
0	1	5	28	-3.1646425e+02
0	1	5	29	-2.6128979e+02
0	1	5	30	-2.6335270e+02
0	1	5	31	-3.3338736e+02
0	1	5	32	-3.4564143e+02
0	1	5	33	-3.5713425e+02
0	1	5	34	4.0547415e+01
0	1	5	35	2.3169531e+01
0	1	5	36	7.1329363e+01
0	1	5	37	-7.6487546e+01
0	1	5	38	3.0364025e+01
0	1	5	39	3.6238751e+01
0	1	5	40	7.5503703e+01
0	1	5	41	6.6852375e+00
0	1	5	42	-2.1860515e+00
0	1	5	43	-3.6148202e+01
0	1	5	44	2.0482358e+02
0	1	5	45	-5.0390173e+01
0	1	5	46	4.0127131e+01
0	1	5	47	4.6395331e+01
0	1	5	48	1.2194991e+02
0	1	5	49	1.5307776e+02
0	1	5	50	8.3342785e+01
0	1	5	51	2.7766089e+02
0	1	5	52	3.4506676e+02
0	1	5	53	1.8123147e+02
0	1	5	54	2.0235466e+02
0	1	5	55	2.1896680e+02
0	1	5	56	3.2874837e+02
0	1	5	57	2.6667611e+02
0	1	5	58	1.2340433e+02
0	1	5	59	1.0917701e+02
0	1	5	60	3.2262017e+02
0	1	5	61	1.2486026e+02
0	1	5	62	1.4532424e+02
0	1	5	63	3.4316001e+02
0	1	6	0	-2.9723100e+02
0	1	6	1	-3.4150126e+02
0	1	6	2	-3.2236624e+02
0	1	6	3	-3.3634287e+02
0	1	6	4	-3.9092416e+02
0	1	6	5	-3.4236195e+02
0	1	6	6	-3.5082029e+02
0	1	6	7	-3.0340132e+02
0	1	6	8	-3.3614862e+02
0	1	6	9	-3.1049677e+02
0	1	6	10	-3.6949865e+02
0	1	6	11	-4.2449900e+02
0	1	6	12	-4.3262485e+02
0	1	6	13	-3.2268597e+02
0	1	6	14	-2.9683158e+02
0	1	6	15	-3.0705718e+02
0	1	6	16	-4.0010340e+02
0	1	6	17	-4.7696912e+02
0	1	6	18	-3.5251036e+02
0	1	6	19	-4.1976771e+02
0	1	6	20	-4.8142442e+02
0	1	6	21	-3.5841969e+02
0	1	6	22	-3.9918117e+02
0	1	6	23	-4.2617648e+02
0	1	6	24	-4.2094046e+02
0	1	6	25	-4.2686156e+02
0	1	6	26	-5.4366400e+02
0	1	6	27	-5.0608077e+02
0	1	6	28	-4.0515776e+02
0	1	6	29	-3.1565296e+02
0	1	6	30	-3.7139284e+02
0	1	6	31	-4.1550860e+02
0	1	6	32	-4.1534539e+02
0	1	6	33	-3.8717187e+02
0	1	6	34	-8.3903564e+01
0	1	6	35	-1.5428082e+00
0	1	6	36	-1.7221860e+02
0	1	6	37	-2.5969544e+01
0	1	6	38	-2.9724285e+01
0	1	6	39	-7.0893509e+01
0	1	6	40	-3.8052774e+01
0	1	6	41	-7.2617367e+01
0	1	6	42	3.4069767e-02
0	1	6	43	1.2199587e+01
0	1	6	44	-7.8322797e+01
0	1	6	45	-1.0499769e+02
0	1	6	46	2.1463114e+01
0	1	6	47	-1.3709663e+02
0	1	6	48	-1.0731221e+01
0	1	6	49	-1.0747349e+02
0	1	6	50	-7.1524678e+01
0	1	6	51	3.4364761e+02
0	1	6	52	2.5854719e+02
0	1	6	53	8.1085267e+01
0	1	6	54	-6.5794024e+01
0	1	6	55	1.3573478e+02
0	1	6	56	2.2239527e+02
0	1	6	57	1.9753814e+02
0	1	6	58	1.8046271e+02
0	1	6	59	8.7022755e+01
0	1	6	60	1.1012255e+02
0	1	6	61	9.5357901e+01
0	1	6	62	9.0658613e+01
0	1	6	63	8.8153100e+01
0	1	7	0	-2.8765720e+02
0	1	7	1	-3.5501206e+02
0	1	7	2	-3.8374204e+02
0	1	7	3	-3.2670204e+02
0	1	7	4	-4.5294039e+02
0	1	7	5	-3.1663693e+02
0	1	7	6	-4.0181494e+02
0	1	7	7	-3.6243380e+02
0	1	7	8	-4.7252399e+02
0	1	7	9	-3.9366366e+02
0	1	7	10	-4.2869360e+02
0	1	7	11	-3.8039551e+02
0	1	7	12	-4.4726881e+02
0	1	7	13	-3.9747042e+02
0	1	7	14	-4.5594725e+02
0	1	7	15	-3.7730316e+02
0	1	7	16	-5.3348000e+02
0	1	7	17	-4.8623336e+02
0	1	7	18	-4.7438530e+02
0	1	7	19	-4.6601770e+02
0	1	7	20	-5.5980223e+02
0	1	7	21	-4.9928614e+02
0	1	7	22	-4.8817795e+02
0	1	7	23	-3.7235299e+02
0	1	7	24	-5.4138761e+02
0	1	7	25	-4.3480032e+02
0	1	7	26	-4.6806160e+02
0	1	7	27	-5.1541568e+02
0	1	7	28	-4.2260528e+02
0	1	7	29	-5.1350459e+02
0	1	7	30	-4.5685768e+02
0	1	7	31	-5.5742923e+02
0	1	7	32	-5.1896234e+02
0	1	7	33	-4.9909960e+02
0	1	7	34	-7.5546258e+01
0	1	7	35	-1.4507420e+02
0	1	7	36	-8.2162539e+01
0	1	7	37	-1.1187123e+02
0	1	7	38	-3.0732397e+01
0	1	7	39	-1.1275709e+02
0	1	7	40	-6.9785239e+01
0	1	7	41	-7.2886595e+01
0	1	7	42	-6.7148184e+01
0	1	7	43	-1.6053703e+02
0	1	7	44	-4.9613351e+01
0	1	7	45	-8.6268109e+01
0	1	7	46	-6.8916432e+01
0	1	7	47	-5.0730727e+01
0	1	7	48	-9.4575756e+01
0	1	7	49	-1.5114308e+02
0	1	7	50	-1.2206008e+02
0	1	7	51	1.4172158e+02
0	1	7	52	1.9279879e+02
0	1	7	53	1.0989122e+01
0	1	7	54	1.2508942e+00
0	1	7	55	5.2373363e+01
0	1	7	56	1.0810079e+02
0	1	7	57	8.4285540e+01
0	1	7	58	8.3631761e+01
0	1	7	59	3.4517878e+01
0	1	7	60	6.0100294e+01
0	1	7	61	-8.3800213e+01
0	1	7	62	3.0494758e+01
0	1	7	63	9.1762123e+00
0	1	8	0	-2.8137225e+02
0	1	8	1	-2.8928172e+02
0	1	8	2	-3.0903722e+02
0	1	8	3	-2.8818404e+02
0	1	8	4	-3.7784588e+02
0	1	8	5	-3.2547644e+02
0	1	8	6	-3.4419390e+02
0	1	8	7	-2.6715478e+02
0	1	8	8	-2.9887573e+02
0	1	8	9	-3.1628414e+02
0	1	8	10	-3.1686991e+02
0	1	8	11	-2.8517021e+02
0	1	8	12	-4.6556483e+02
0	1	8	13	-3.3926858e+02
0	1	8	14	-3.3037153e+02
0	1	8	15	-3.2423512e+02
0	1	8	16	-4.5009532e+02
0	1	8	17	-3.7835020e+02
0	1	8	18	-4.7824021e+02
0	1	8	19	-4.0370333e+02
0	1	8	20	-3.3018678e+02
0	1	8	21	-3.7599629e+02
0	1	8	22	-3.6591383e+02
0	1	8	23	-5.2788072e+02
0	1	8	24	-4.0193297e+02
0	1	8	25	-4.5495532e+02
0	1	8	26	-3.9856950e+02
0	1	8	27	-3.9401918e+02
0	1	8	28	-5.2054260e+02
0	1	8	29	-4.4525405e+02
0	1	8	30	-3.6313234e+02
0	1	8	31	-4.5839171e+02
0	1	8	32	-5.0606412e+02
0	1	8	33	-3.7274212e+02
0	1	8	34	-5.5634286e+01
0	1	8	35	-4.9101596e+01
0	1	8	36	-7.0435919e+01
0	1	8	37	-2.7306963e+01
0	1	8	38	-2.7253930e+01
0	1	8	39	-4.5008810e+01
0	1	8	40	-6.8348496e+01
0	1	8	41	-6.5718510e+01
0	1	8	42	-2.0329930e+01
0	1	8	43	9.3612834e+00
0	1	8	44	3.1021485e+01
0	1	8	45	-1.4313597e+01
0	1	8	46	2.5546250e+01
0	1	8	47	-7.9574505e+01
0	1	8	48	-4.3628156e+01
0	1	8	49	-5.4367326e+01
0	1	8	50	2.2430350e+01
0	1	8	51	2.7312524e+02
0	1	8	52	3.6900367e+02
0	1	8	53	7.0009324e+01
0	1	8	54	8.2714877e+01
0	1	8	55	1.4885931e+02
0	1	8	56	2.5276318e+02
0	1	8	57	2.4179977e+02
0	1	8	58	1.6515970e+02
0	1	8	59	9.0253630e+01
0	1	8	60	-2.3604017e+01
0	1	8	61	7.6204083e+01
0	1	8	62	7.1206060e+01
0	1	8	63	1.9514507e+01
0	1	9	0	-1.9795112e+02
0	1	9	1	-4.1661312e+02
0	1	9	2	-2.4742757e+02
0	1	9	3	-1.9902135e+02
0	1	9	4	-3.1570918e+02
0	1	9	5	-2.3325579e+02
0	1	9	6	-3.6025084e+02
0	1	9	7	-1.9068210e+02
0	1	9	8	-2.4315342e+02
0	1	9	9	-3.1200303e+02
0	1	9	10	-2.3645902e+02
0	1	9	11	-2.2066191e+02
0	1	9	12	-3.1923512e+02
0	1	9	13	-3.3523653e+02
0	1	9	14	-4.8579169e+02
0	1	9	15	-3.6179067e+02
0	1	9	16	-2.9999455e+02
0	1	9	17	-2.3292010e+02
0	1	9	18	-3.2987854e+02
0	1	9	19	-2.0887020e+02
0	1	9	20	-3.4245968e+02
0	1	9	21	-2.2628675e+02
0	1	9	22	-2.9329760e+02
0	1	9	23	-1.9158066e+02
0	1	9	24	-3.2593771e+02
0	1	9	25	-3.1945534e+02
0	1	9	26	-2.6013367e+02
0	1	9	27	-3.7774492e+02
0	1	9	28	-2.3569089e+02
0	1	9	29	-3.9428765e+02
0	1	9	30	-2.7975003e+02
0	1	9	31	-4.3893914e+02
0	1	9	32	-3.3468621e+02
0	1	9	33	-4.1638305e+02
0	1	9	34	2.0927756e+01
0	1	9	35	-2.9229557e+01
0	1	9	36	4.0781315e+01
0	1	9	37	-3.3531313e+01
0	1	9	38	2.4897749e+01
0	1	9	39	-2.7145181e+01
0	1	9	40	-5.0752184e+01
0	1	9	41	-1.1176065e+02
0	1	9	42	6.0412084e+01
0	1	9	43	4.4642263e+01
0	1	9	44	1.0471241e+02
0	1	9	45	-1.1186702e+02
0	1	9	46	7.8589295e+01
0	1	9	47	5.8390270e+01
0	1	9	48	7.7854763e+01
0	1	9	49	5.6683859e+01
0	1	9	50	4.6467026e+01
0	1	9	51	3.2183531e+02
0	1	9	52	2.2864898e+02
0	1	9	53	1.2361296e+02
0	1	9	54	1.6055771e+02
0	1	9	55	1.2489479e+02
0	1	9	56	1.8536836e+02
0	1	9	57	2.7806850e+02
0	1	9	58	1.3061107e+02
0	1	9	59	1.2639094e+02
0	1	9	60	1.5091854e+02
0	1	9	61	1.7297181e+02
0	1	9	62	1.2711768e+02
0	1	9	63	1.3515186e+02
0	1	10	0	-2.6358001e+02
0	1	10	1	-2.8793530e+02
0	1	10	2	-2.3862799e+02
0	1	10	3	-3.0058011e+02
0	1	10	4	-2.7197440e+02
0	1	10	5	-2.7733647e+02
0	1	10	6	-3.0728160e+02
0	1	10	7	-3.0290923e+02
0	1	10	8	-2.9319157e+02
0	1	10	9	-2.3791042e+02
0	1	10	10	-3.2308370e+02
0	1	10	11	-2.2097253e+02
0	1	10	12	-3.0674752e+02
0	1	10	13	-2.7135860e+02
0	1	10	14	-3.5876189e+02
0	1	10	15	-2.1308022e+02
0	1	10	16	-3.3268602e+02
0	1	10	17	-5.2865358e+02
0	1	10	18	-3.4754766e+02
0	1	10	19	-3.8763700e+02
0	1	10	20	-2.3172212e+02
0	1	10	21	-4.2756923e+02
0	1	10	22	-3.4627306e+02
0	1	10	23	-3.4112683e+02
0	1	10	24	-4.9104826e+02
0	1	10	25	-3.3035127e+02
0	1	10	26	-3.9432738e+02
0	1	10	27	-4.0826307e+02
0	1	10	28	-3.5748520e+02
0	1	10	29	-3.9552198e+02
0	1	10	30	-4.2793875e+02
0	1	10	31	-3.7388533e+02
0	1	10	32	-3.7438762e+02
0	1	10	33	-4.1140601e+02
0	1	10	34	-1.8531850e+02
0	1	10	35	-9.3070182e+01
0	1	10	36	-1.0677088e+01
0	1	10	37	-8.9080442e+01
0	1	10	38	-1.0226648e+02
0	1	10	39	-6.3753045e+01
0	1	10	40	-3.0474809e+00
0	1	10	41	-1.2534323e+02
0	1	10	42	-6.6275930e+01
0	1	10	43	-1.2663500e+02
0	1	10	44	4.0649654e+01
0	1	10	45	-3.2310909e+01
0	1	10	46	-3.2759116e+01
0	1	10	47	-1.2757461e+02
0	1	10	48	3.5347772e+00
0	1	10	49	-2.4887281e+01
0	1	10	50	-1.4490508e+01
0	1	10	51	2.2269592e+02
0	1	10	52	1.6481734e+02
0	1	10	53	3.0645329e+01
0	1	10	54	8.5035661e+01
0	1	10	55	1.1795409e+02
0	1	10	56	2.6642188e+02
0	1	10	57	2.1819302e+02
0	1	10	58	1.1482448e+02
0	1	10	59	9.2762187e+01
0	1	10	60	1.8391892e+02
0	1	10	61	4.8561245e+01
0	1	10	62	7.8954592e+01
0	1	10	63	2.3169359e+02
0	1	11	0	-6.5273689e+01
0	1	11	1	-1.3598042e+02
0	1	11	2	-1.5988957e+02
0	1	11	3	-1.0461680e+02
0	1	11	4	-2.7108199e+02
0	1	11	5	-1.3640105e+02
0	1	11	6	-1.1703513e+02
0	1	11	7	-7.2469942e+01
0	1	11	8	-1.7358174e+02
0	1	11	9	-1.3426170e+02
0	1	11	10	-9.3010674e+01
0	1	11	11	-1.0225248e+02
0	1	11	12	-2.1423197e+02
0	1	11	13	-1.9758054e+02
0	1	11	14	-2.5296435e+02
0	1	11	15	-1.7018677e+02
0	1	11	16	-1.7271557e+02
0	1	11	17	-3.3629318e+02
0	1	11	18	-1.5188609e+02
0	1	11	19	-2.4959646e+02
0	1	11	20	-2.2690296e+02
0	1	11	21	-2.1059287e+02
0	1	11	22	-2.1148867e+02
0	1	11	23	-1.4563388e+02
0	1	11	24	-2.0508304e+02
0	1	11	25	-2.1756592e+02
0	1	11	26	-1.6138628e+02
0	1	11	27	-1.8579483e+02
0	1	11	28	-2.6396410e+02
0	1	11	29	-2.3518353e+02
0	1	11	30	-2.5013324e+02
0	1	11	31	-2.8096988e+02
0	1	11	32	-2.4843417e+02
0	1	11	33	-3.1711756e+02
0	1	11	34	9.7696471e+01
0	1	11	35	6.0748982e+01
0	1	11	36	7.1120559e+01
0	1	11	37	1.3393670e+02
0	1	11	38	4.8914262e+01
0	1	11	39	4.6058470e+01
0	1	11	40	1.1207446e+02
0	1	11	41	3.1812533e+01
0	1	11	42	-5.2091251e+01
0	1	11	43	2.9934787e+01
0	1	11	44	2.1850225e+02
0	1	11	45	8.6168360e+01
0	1	11	46	1.4830526e+02
0	1	11	47	1.1415491e+02
0	1	11	48	1.3388706e+02
0	1	11	49	6.1486100e+01
0	1	11	50	2.2000044e+01
0	1	11	51	3.4170764e+02
0	1	11	52	2.6150373e+02
0	1	11	53	2.7603881e+02
0	1	11	54	1.8459791e+02
0	1	11	55	1.5377376e+02
0	1	11	56	3.1442421e+02
0	1	11	57	2.3252810e+02
0	1	11	58	2.0362245e+02
0	1	11	59	1.8633969e+02
0	1	11	60	1.2305533e+02
0	1	11	61	1.5550227e+02
0	1	11	62	1.7954057e+02
0	1	11	63	9.7577421e+01
0	1	12	0	-6.3090616e+01
0	1	12	1	-1.3546121e+02
0	1	12	2	-8.0611179e+01
0	1	12	3	-1.3496272e+02
0	1	12	4	-2.3560856e+02
0	1	12	5	-1.4056812e+02
0	1	12	6	-1.6566755e+02
0	1	12	7	-1.2055178e+02
0	1	12	8	-1.6591941e+02
0	1	12	9	-2.1980782e+02
0	1	12	10	-1.2690347e+02
0	1	12	11	-1.0980009e+02
0	1	12	12	-2.4551295e+02
0	1	12	13	-1.7325985e+02
0	1	12	14	-2.8896277e+02
0	1	12	15	-1.1692773e+02
0	1	12	16	-2.0383243e+02
0	1	12	17	-2.2784565e+02
0	1	12	18	-1.6025972e+02
0	1	12	19	-2.1333151e+02
0	1	12	20	-1.8615111e+02
0	1	12	21	-1.6440421e+02
0	1	12	22	-1.9887813e+02
0	1	12	23	-1.2617156e+02
0	1	12	24	-2.5303620e+02
0	1	12	25	-1.4559670e+02
0	1	12	26	-2.5065123e+02
0	1	12	27	-2.5140884e+02
0	1	12	28	-3.3541815e+02
0	1	12	29	-2.4082165e+02
0	1	12	30	-2.4027029e+02
0	1	12	31	-2.3579954e+02
0	1	12	32	-2.0574383e+02
0	1	12	33	-2.3690063e+02
0	1	12	34	6.0388826e+01
0	1	12	35	3.6915405e+01
0	1	12	36	1.3661964e+02
0	1	12	37	1.1887620e+02
0	1	12	38	1.6000769e+02
0	1	12	39	1.2667143e+02
0	1	12	40	-2.9868388e+01
0	1	12	41	6.7888915e+01
0	1	12	42	1.8262077e+02
0	1	12	43	1.7622038e+02
0	1	12	44	1.4823269e+02
0	1	12	45	8.5181359e+01
0	1	12	46	2.0431983e+02
0	1	12	47	1.2224843e+02
0	1	12	48	8.3531319e+01
0	1	12	49	9.8288113e+01
0	1	12	50	1.8192975e+02
0	1	12	51	3.9384943e+02
0	1	12	52	4.7603829e+02
0	1	12	53	2.4833313e+02
0	1	12	54	1.7003123e+02
0	1	12	55	1.2175687e+02
0	1	12	56	4.0783505e+02
0	1	12	57	3.5601559e+02
0	1	12	58	2.4768078e+02
0	1	12	59	2.6199916e+02
0	1	12	60	2.2994482e+02
0	1	12	61	2.8523171e+02
0	1	12	62	2.4262242e+02
0	1	12	63	2.6158825e+02
0	1	13	0	-1.3472117e+02
0	1	13	1	-3.7811233e+01
0	1	13	2	-1.4317083e+02
0	1	13	3	-1.5482412e+02
0	1	13	4	-2.0541846e+02
0	1	13	5	-1.0340053e+02
0	1	13	6	-1.4518297e+02
0	1	13	7	-1.3145308e+02
0	1	13	8	-1.4121963e+02
0	1	13	9	-6.7433490e+01
0	1	13	10	-1.5838229e+02
0	1	13	11	-1.6569177e+02
0	1	13	12	-1.6176578e+02
0	1	13	13	-2.1080336e+02
0	1	13	14	-1.8552575e+02
0	1	13	15	-1.2171459e+02
0	1	13	16	-2.1946505e+02
0	1	13	17	-1.0836402e+02
0	1	13	18	-2.6544678e+02
0	1	13	19	-2.8628730e+02
0	1	13	20	-1.4743946e+02
0	1	13	21	-1.7939608e+02
0	1	13	22	-2.0101278e+02
0	1	13	23	-1.1261930e+02
0	1	13	24	-1.6894753e+02
0	1	13	25	-1.5722302e+02
0	1	13	26	-1.5292020e+02
0	1	13	27	-2.5966676e+02
0	1	13	28	-1.2919258e+02
0	1	13	29	-1.8687018e+02
0	1	13	30	-2.0004674e+02
0	1	13	31	-2.6789273e+02
0	1	13	32	-2.3914387e+02
0	1	13	33	-2.0995675e+02
0	1	13	34	5.7821485e+01
0	1	13	35	8.8781600e+01
0	1	13	36	5.7460379e+01
0	1	13	37	1.6500408e+02
0	1	13	38	1.0216834e+02
0	1	13	39	-1.4018570e+01
0	1	13	40	1.4061459e+02
0	1	13	41	6.2595971e+01
0	1	13	42	2.4227820e+02
0	1	13	43	8.9833203e+01
0	1	13	44	2.0015219e+02
0	1	13	45	1.3263183e+02
0	1	13	46	2.1147968e+02
0	1	13	47	1.2761540e+02
0	1	13	48	1.8176420e+02
0	1	13	49	1.4179310e+02
0	1	13	50	1.7002851e+02
0	1	13	51	4.1704268e+02
0	1	13	52	3.7276966e+02
0	1	13	53	1.4300010e+02
0	1	13	54	3.0402387e+02
0	1	13	55	3.4349086e+02
0	1	13	56	3.4145086e+02
0	1	13	57	2.6807267e+02
0	1	13	58	1.9205046e+02
0	1	13	59	2.2277085e+02
0	1	13	60	1.8287983e+02
0	1	13	61	2.5120938e+02
0	1	13	62	2.4285735e+02
0	1	13	63	2.2280787e+02
0	1	14	0	-3.8789159e+01
0	1	14	1	-1.5007346e+02
0	1	14	2	-1.0739015e+01
0	1	14	3	-5.2334601e+00
0	1	14	4	-1.8720010e+02
0	1	14	5	-1.2123537e+02
0	1	14	6	-1.7504987e+02
0	1	14	7	-5.3312017e+01
0	1	14	8	-1.3841037e+02
0	1	14	9	-2.4816648e+01
0	1	14	10	-1.2038990e+02
0	1	14	11	-6.9207548e+01
0	1	14	12	-1.8012195e+02
0	1	14	13	-1.7894599e+02
0	1	14	14	-6.5200298e+01
0	1	14	15	-1.9662085e+02
0	1	14	16	-1.4950786e+02
0	1	14	17	-1.8166627e+02
0	1	14	18	-1.7735806e+02
0	1	14	19	-2.2384029e+02
0	1	14	20	-1.4011308e+02
0	1	14	21	-2.2392235e+02
0	1	14	22	-1.2266664e+02
0	1	14	23	-1.6018166e+02
0	1	14	24	-1.9810634e+02
0	1	14	25	-1.7641779e+02
0	1	14	26	-1.7530075e+02
0	1	14	27	-2.1538570e+02
0	1	14	28	-1.2849433e+02
0	1	14	29	-3.0781354e+02
0	1	14	30	-1.7276031e+02
0	1	14	31	-3.1323798e+02
0	1	14	32	-2.1326900e+02
0	1	14	33	-2.1459237e+02
0	1	14	34	1.4160563e+02
0	1	14	35	6.7299049e+01
0	1	14	36	3.0343515e+02
0	1	14	37	8.3663938e+01
0	1	14	38	1.7290085e+02
0	1	14	39	2.4424976e+02
0	1	14	40	1.9835386e+02
0	1	14	41	1.5871164e+02
0	1	14	42	1.2669378e+02
0	1	14	43	1.9309097e+02
0	1	14	44	1.6173496e+02
0	1	14	45	2.1088815e+02
0	1	14	46	1.6580453e+02
0	1	14	47	2.1020179e+02
0	1	14	48	2.5715765e+02
0	1	14	49	2.4251236e+02
0	1	14	50	3.2118710e+02
0	1	14	51	5.6719053e+02
0	1	14	52	6.0071547e+02
0	1	14	53	3.5144718e+02
0	1	14	54	3.7102254e+02
0	1	14	55	4.5550486e+02
0	1	14	56	5.6044635e+02
0	1	14	57	3.0723329e+02
0	1	14	58	3.5123573e+02
0	1	14	59	3.3028264e+02
0	1	14	60	2.3730030e+02
0	1	14	61	4.5650979e+02
0	1	14	62	3.5288920e+02
0	1	14	63	3.4590289e+02
0	1	15	0	-3.6148734e+01
0	1	15	1	-2.9055667e+02
0	1	15	2	-1.9544686e+02
0	1	15	3	-1.8904973e+02
0	1	15	4	-2.2725871e+02
0	1	15	5	-1.8658156e+02
0	1	15	6	-2.4160536e+02
0	1	15	7	-2.9519656e+02
0	1	15	8	-3.1168751e+02
0	1	15	9	-2.4097874e+02
0	1	15	10	-2.5575388e+02
0	1	15	11	-1.9833898e+02
0	1	15	12	-2.3426881e+02
0	1	15	13	-2.4903308e+02
0	1	15	14	-2.3908822e+02
0	1	15	15	-3.3165164e+02
0	1	15	16	-2.4321425e+02
0	1	15	17	-1.6151295e+02
0	1	15	18	-2.9919995e+02
0	1	15	19	-1.6708596e+02
0	1	15	20	-2.3792908e+02
0	1	15	21	-2.8755234e+02
0	1	15	22	-2.6638606e+02
0	1	15	23	-2.2383275e+02
0	1	15	24	-2.6125499e+02
0	1	15	25	-3.0374953e+02
0	1	15	26	-3.7801320e+02
0	1	15	27	-3.9775163e+02
0	1	15	28	-2.3840488e+02
0	1	15	29	-1.4338431e+02
0	1	15	30	-2.7747935e+02
0	1	15	31	-3.2563423e+02
0	1	15	32	-4.7045456e+02
0	1	15	33	-2.8425543e+02
0	1	15	34	9.2172756e+01
0	1	15	35	-1.3955873e+02
0	1	15	36	1.8158244e+02
0	1	15	37	1.1608625e+02
0	1	15	38	7.0574974e+01
0	1	15	39	1.2385390e+02
0	1	15	40	-5.2871437e+01
0	1	15	41	6.9654244e+01
0	1	15	42	3.9613980e+01
0	1	15	43	1.0598155e+02
0	1	15	44	8.4754706e+01
0	1	15	45	4.8177994e+01
0	1	15	46	1.0461739e+02
0	1	15	47	3.2572416e+01
0	1	15	48	1.0828640e+02
0	1	15	49	4.6751300e+01
0	1	15	50	3.4753236e+01
0	1	15	51	3.9853418e+02
0	1	15	52	4.3459619e+02
0	1	15	53	2.2503018e+02
0	1	15	54	2.3393973e+02
0	1	15	55	2.6137934e+02
0	1	15	56	3.4444430e+02
0	1	15	57	1.7354287e+02
0	1	15	58	2.1436480e+02
0	1	15	59	2.7774735e+02
0	1	15	60	3.1216192e+02
0	1	15	61	1.8381797e+02
0	1	15	62	1.4392901e+02
0	1	15	63	2.9487380e+02
0	2	0	0	-2.0682798e+02
0	2	0	1	-1.8101837e+02
0	2	0	2	-8.7260518e+01
0	2	0	3	-2.5553276e+02
0	2	0	4	-2.0606922e+02
0	2	0	5	-1.9422489e+02
0	2	0	6	-1.6057939e+02
0	2	0	7	-9.8314547e+01
0	2	0	8	-1.3458417e+02
0	2	0	9	-4.1193154e+01
0	2	0	10	-1.6088062e+02
0	2	0	11	-1.6390365e+02
0	2	0	12	-2.0066529e+02
0	2	0	13	-1.9545224e+02
0	2	0	14	-2.4168077e+02
0	2	0	15	-1.7152569e+02
0	2	0	16	-2.4216620e+02
0	2	0	17	-2.7454082e+02
0	2	0	18	-3.5856169e+02
0	2	0	19	-2.1517488e+02
0	2	0	20	-1.6507303e+02
0	2	0	21	-2.2622118e+02
0	2	0	22	-1.8463300e+02
0	2	0	23	-2.5654401e+02
0	2	0	24	-2.0941609e+02
0	2	0	25	-2.6248843e+02
0	2	0	26	-3.2949279e+02
0	2	0	27	-2.3222205e+02
0	2	0	28	-2.4412366e+02
0	2	0	29	-2.5717521e+02
0	2	0	30	-2.1316743e+02
0	2	0	31	-2.9127183e+02
0	2	0	32	-2.8010921e+02
0	2	0	33	-2.3670309e+02
0	2	0	34	4.9557556e+01
0	2	0	35	4.6914753e+01
0	2	0	36	6.1413380e+01
0	2	0	37	5.2617572e+01
0	2	0	38	6.7468766e+01
0	2	0	39	9.9040705e+01
0	2	0	40	4.4116401e+01
0	2	0	41	7.0610110e+01
0	2	0	42	8.9438744e+01
0	2	0	43	7.4012449e+01
0	2	0	44	1.9802246e+02
0	2	0	45	7.4698855e+01
0	2	0	46	1.4196531e+02
0	2	0	47	5.0796420e+01
0	2	0	48	9.4720588e+01
0	2	0	49	6.9423148e+01
0	2	0	50	6.1675760e+01
0	2	0	51	3.8421676e+02
0	2	0	52	3.2881569e+02
0	2	0	53	1.7400147e+02
0	2	0	54	3.0605137e+02
0	2	0	55	2.2921929e+02
0	2	0	56	3.5848642e+02
0	2	0	57	3.1938855e+02
0	2	0	58	1.3907469e+02
0	2	0	59	2.3902876e+02
0	2	0	60	2.6537677e+02
0	2	0	61	1.6202622e+02
0	2	0	62	1.3289549e+02
0	2	0	63	3.2045079e+02
0	2	1	0	-1.0607589e+02
0	2	1	1	-1.6267510e+02
0	2	1	2	-1.9486825e+02
0	2	1	3	-1.9444398e+02
0	2	1	4	-3.2100406e+02
0	2	1	5	-2.6140913e+02
0	2	1	6	-2.4297228e+02
0	2	1	7	-2.6584903e+02
0	2	1	8	-2.6921172e+02
0	2	1	9	-2.4671378e+02
0	2	1	10	-2.1421661e+02
0	2	1	11	-2.3573131e+02
0	2	1	12	-2.3011055e+02
0	2	1	13	-1.4288320e+02
0	2	1	14	-3.2308596e+02
0	2	1	15	-2.8895289e+02
0	2	1	16	-3.4524720e+02
0	2	1	17	-2.1681763e+02
0	2	1	18	-2.8317093e+02
0	2	1	19	-2.1463886e+02
0	2	1	20	-3.3481652e+02
0	2	1	21	-2.5099102e+02
0	2	1	22	-2.4380727e+02
0	2	1	23	-2.4464103e+02
0	2	1	24	-2.5493260e+02
0	2	1	25	-2.7162562e+02
0	2	1	26	-3.1674088e+02
0	2	1	27	-3.6956619e+02
0	2	1	28	-2.4889899e+02
0	2	1	29	-2.5952738e+02
0	2	1	30	-4.0769748e+02
0	2	1	31	-3.9686898e+02
0	2	1	32	-3.7351780e+02
0	2	1	33	-4.5091544e+02
0	2	1	34	-9.5185255e+01
0	2	1	35	2.6009393e+01
0	2	1	36	3.0456673e+01
0	2	1	37	6.6610942e+01
0	2	1	38	1.2272286e+01
0	2	1	39	5.4889527e+00
0	2	1	40	7.0756764e+01
0	2	1	41	5.4127850e+01
0	2	1	42	2.4522833e+01
0	2	1	43	-4.8167283e+01
0	2	1	44	7.0008485e+01
0	2	1	45	2.6185941e+01
0	2	1	46	-1.5297523e+01
0	2	1	47	-2.0675356e+01
0	2	1	48	3.6314553e+01
0	2	1	49	-4.2343416e+01
0	2	1	50	3.0936868e+00
0	2	1	51	3.4105490e+02
0	2	1	52	3.3235781e+02
0	2	1	53	8.5178302e+01
0	2	1	54	1.1257341e+02
0	2	1	55	1.1643849e+02
0	2	1	56	2.0190720e+02
0	2	1	57	2.2762444e+02
0	2	1	58	2.1658039e+02
0	2	1	59	1.4612169e+02
0	2	1	60	1.9823247e+02
0	2	1	61	1.1250008e+02
0	2	1	62	1.9172717e+02
0	2	1	63	2.2287630e+02
0	2	2	0	-1.7772748e+02
0	2	2	1	-2.7315024e+02
0	2	2	2	-1.4543117e+02
0	2	2	3	-2.7942723e+02
0	2	2	4	-2.2613179e+02
0	2	2	5	-2.1319527e+02
0	2	2	6	-2.3301603e+02
0	2	2	7	-3.2576239e+02
0	2	2	8	-2.1811757e+02
0	2	2	9	-1.9750542e+02
0	2	2	10	-2.6905654e+02
0	2	2	11	-1.8805513e+02
0	2	2	12	-2.1668967e+02
0	2	2	13	-2.3496100e+02
0	2	2	14	-2.9877818e+02
0	2	2	15	-2.9933171e+02
0	2	2	16	-4.0724776e+02
0	2	2	17	-2.6082208e+02
0	2	2	18	-3.6547715e+02
0	2	2	19	-2.8962364e+02
0	2	2	20	-3.5381658e+02
0	2	2	21	-3.3426816e+02
0	2	2	22	-2.1956038e+02
0	2	2	23	-3.3194207e+02
0	2	2	24	-3.9697576e+02
0	2	2	25	-2.9562461e+02
0	2	2	26	-3.9181730e+02
0	2	2	27	-3.1682180e+02
0	2	2	28	-2.7419392e+02
0	2	2	29	-3.5458680e+02
0	2	2	30	-3.0504743e+02
0	2	2	31	-3.3525569e+02
0	2	2	32	-3.1782868e+02
0	2	2	33	-4.0932884e+02
0	2	2	34	2.7850132e+01
0	2	2	35	-4.7231597e+01
0	2	2	36	-7.9796894e+01
0	2	2	37	1.0904131e+02
0	2	2	38	7.8199379e+01
0	2	2	39	2.4122556e+01
0	2	2	40	4.0588266e+01
0	2	2	41	2.3426198e+01
0	2	2	42	7.3493954e+01
0	2	2	43	1.9028617e+02
0	2	2	44	1.9621369e+02
0	2	2	45	1.6937928e+02
0	2	2	46	9.1969589e+01
0	2	2	47	7.3994564e+01
0	2	2	48	1.7589606e+02
0	2	2	49	8.5947979e+01
0	2	2	50	5.3860145e+01
0	2	2	51	4.4587519e+02
0	2	2	52	4.9515773e+02
0	2	2	53	2.6395389e+02
0	2	2	54	2.4324233e+02
0	2	2	55	2.0249358e+02
0	2	2	56	3.7520205e+02
0	2	2	57	2.8263659e+02
0	2	2	58	2.3421819e+02
0	2	2	59	2.0576571e+02
0	2	2	60	2.6035741e+02
0	2	2	61	2.1568182e+02
0	2	2	62	2.0482419e+02
0	2	2	63	2.1394904e+02
0	2	3	0	-2.0849404e+02
0	2	3	1	-3.5484431e+02
0	2	3	2	-2.2172770e+02
0	2	3	3	-2.7856218e+02
0	2	3	4	-2.3071222e+02
0	2	3	5	-2.3083315e+02
0	2	3	6	-3.2459168e+02
0	2	3	7	-1.9601371e+02
0	2	3	8	-3.4480587e+02
0	2	3	9	-2.6156787e+02
0	2	3	10	-3.2621050e+02
0	2	3	11	-3.0795754e+02
0	2	3	12	-2.7194216e+02
0	2	3	13	-3.2602810e+02
0	2	3	14	-3.5456267e+02
0	2	3	15	-2.6934562e+02
0	2	3	16	-2.5223062e+02
0	2	3	17	-2.7124653e+02
0	2	3	18	-3.4937578e+02
0	2	3	19	-1.5708436e+02
0	2	3	20	-3.0094246e+02
0	2	3	21	-3.2433176e+02
0	2	3	22	-2.0401241e+02
0	2	3	23	-3.1457514e+02
0	2	3	24	-3.3626717e+02
0	2	3	25	-2.9047300e+02
0	2	3	26	-3.4911255e+02
0	2	3	27	-3.1493979e+02
0	2	3	28	-2.2504521e+02
0	2	3	29	-2.4658196e+02
0	2	3	30	-3.5040599e+02
0	2	3	31	-3.3706270e+02
0	2	3	32	-4.5189661e+02
0	2	3	33	-3.7211899e+02
0	2	3	34	1.1288100e+02
0	2	3	35	-2.4591097e+01
0	2	3	36	-1.4195649e+01
0	2	3	37	1.6991224e+02
0	2	3	38	5.3163446e+01
0	2	3	39	2.9179444e+01
0	2	3	40	8.6744510e+01
0	2	3	41	6.2574441e+00
0	2	3	42	1.7499812e+02
0	2	3	43	3.2057922e+01
0	2	3	44	5.7830624e+01
0	2	3	45	-1.7430859e+01
0	2	3	46	6.4700352e+01
0	2	3	47	-5.4099525e+01
0	2	3	48	4.8410030e+01
0	2	3	49	3.4877403e+01
0	2	3	50	4.8500438e+01
0	2	3	51	3.0744364e+02
0	2	3	52	2.8310480e+02
0	2	3	53	1.8930637e+02
0	2	3	54	1.1254537e+02
0	2	3	55	1.3303066e+02
0	2	3	56	2.6395679e+02
0	2	3	57	2.1976448e+02
0	2	3	58	1.8771989e+02
0	2	3	59	1.6881111e+02
0	2	3	60	1.3376922e+02
0	2	3	61	9.0859973e+01
0	2	3	62	5.4506071e+01
0	2	3	63	1.8422870e+02
0	2	4	0	-2.8102092e+02
0	2	4	1	-2.3258420e+02
0	2	4	2	-2.3331645e+02
0	2	4	3	-2.9482125e+02
0	2	4	4	-3.2864252e+02
0	2	4	5	-3.3299741e+02
0	2	4	6	-2.6602541e+02
0	2	4	7	-2.1135494e+02
0	2	4	8	-2.2699498e+02
0	2	4	9	-2.4562415e+02
0	2	4	10	-3.7303371e+02
0	2	4	11	-2.3690994e+02
0	2	4	12	-2.4131641e+02
0	2	4	13	-2.2641002e+02
0	2	4	14	-3.1877978e+02
0	2	4	15	-1.7254630e+02
0	2	4	16	-3.2808478e+02
0	2	4	17	-2.6968590e+02
0	2	4	18	-2.5701215e+02
0	2	4	19	-2.9454749e+02
0	2	4	20	-2.8313399e+02
0	2	4	21	-3.2280530e+02
0	2	4	22	-2.7805465e+02
0	2	4	23	-2.8169417e+02
0	2	4	24	-4.0616852e+02
0	2	4	25	-2.8444950e+02
0	2	4	26	-3.8131428e+02
0	2	4	27	-3.5306133e+02
0	2	4	28	-3.0157574e+02
0	2	4	29	-2.5054933e+02
0	2	4	30	-3.0196394e+02
0	2	4	31	-2.6530427e+02
0	2	4	32	-3.4955936e+02
0	2	4	33	-3.1913537e+02
0	2	4	34	-2.5845962e+00
0	2	4	35	1.3024805e+02
0	2	4	36	9.6063719e+01
0	2	4	37	9.7616027e+01
0	2	4	38	-4.2184411e+01
0	2	4	39	1.0763788e+02
0	2	4	40	1.1240368e+02
0	2	4	41	6.0602287e+01
0	2	4	42	6.7950435e+01
0	2	4	43	6.1677354e+01
0	2	4	44	1.3898366e+02
0	2	4	45	2.0925548e+01
0	2	4	46	1.1530866e+02
0	2	4	47	7.3179722e+01
0	2	4	48	1.2540544e+02
0	2	4	49	3.3279763e+01
0	2	4	50	1.2031651e+02
0	2	4	51	3.8239087e+02
0	2	4	52	3.9826114e+02
0	2	4	53	1.9146571e+02
0	2	4	54	8.4375844e+01
0	2	4	55	2.6121029e+02
0	2	4	56	3.6820542e+02
0	2	4	57	2.8552583e+02
0	2	4	58	1.1962700e+02
0	2	4	59	1.8585163e+02
0	2	4	60	2.8262816e+02
0	2	4	61	1.5738805e+02
0	2	4	62	1.8526965e+02
0	2	4	63	2.4575174e+02
0	2	5	0	-3.5037063e+01
0	2	5	1	-2.1003491e+02
0	2	5	2	-1.0274216e+02
0	2	5	3	-1.4551055e+02
0	2	5	4	-2.5897131e+02
0	2	5	5	-7.8669042e+01
0	2	5	6	-2.3824877e+02
0	2	5	7	-9.3202874e+01
0	2	5	8	-2.7067186e+02
0	2	5	9	-1.3420616e+02
0	2	5	10	-1.3343622e+02
0	2	5	11	-2.5317890e+02
0	2	5	12	-1.9200427e+02
0	2	5	13	-1.6406095e+02
0	2	5	14	-3.3142449e+02
0	2	5	15	-1.7516127e+02
0	2	5	16	-2.5137957e+02
0	2	5	17	-1.7574228e+02
0	2	5	18	-2.1401014e+02
0	2	5	19	-1.9333810e+02
0	2	5	20	-2.2203805e+02
0	2	5	21	-2.1827365e+02
0	2	5	22	-2.1443142e+02
0	2	5	23	-2.6518701e+02
0	2	5	24	-2.5597466e+02
0	2	5	25	-2.7728803e+02
0	2	5	26	-2.3125039e+02
0	2	5	27	-2.5347220e+02
0	2	5	28	-1.6013574e+02
0	2	5	29	-2.5302125e+02
0	2	5	30	-3.0464286e+02
0	2	5	31	-2.9213393e+02
0	2	5	32	-3.0903397e+02
0	2	5	33	-2.0633292e+02
0	2	5	34	5.9740054e+01
0	2	5	35	9.1086140e+01
0	2	5	36	1.2378135e+02
0	2	5	37	1.0809578e+02
0	2	5	38	1.0564070e+02
0	2	5	39	1.0564508e+02
0	2	5	40	9.3682172e+01
0	2	5	41	9.2356016e+01
0	2	5	42	8.6998853e+01
0	2	5	43	1.0168091e+02
0	2	5	44	1.6898059e+02
0	2	5	45	1.0193049e+02
0	2	5	46	5.0394246e+01
0	2	5	47	1.1420260e+02
0	2	5	48	9.4006524e+01
0	2	5	49	1.2322207e+02
0	2	5	50	7.9922253e+01
0	2	5	51	2.6993095e+02
0	2	5	52	4.0097151e+02
0	2	5	53	2.3125246e+02
0	2	5	54	2.0552765e+02
0	2	5	55	2.3880154e+02
0	2	5	56	3.0368045e+02
0	2	5	57	3.5227156e+02
0	2	5	58	2.0850272e+02
0	2	5	59	1.8110994e+02
0	2	5	60	2.3014689e+02
0	2	5	61	2.1941298e+02
0	2	5	62	2.9354985e+02
0	2	5	63	1.9423509e+02
0	2	6	0	-3.0768277e+02
0	2	6	1	-3.7040055e+02
0	2	6	2	-2.9678397e+02
0	2	6	3	-3.1557205e+02
0	2	6	4	-4.2977389e+02
0	2	6	5	-3.6623998e+02
0	2	6	6	-3.3832492e+02
0	2	6	7	-3.0867730e+02
0	2	6	8	-4.3106922e+02
0	2	6	9	-3.0673612e+02
0	2	6	10	-4.2666689e+02
0	2	6	11	-3.1634935e+02
0	2	6	12	-4.4064926e+02
0	2	6	13	-3.7027413e+02
0	2	6	14	-2.4754650e+02
0	2	6	15	-3.4803643e+02
0	2	6	16	-3.5831261e+02
0	2	6	17	-4.3253345e+02
0	2	6	18	-2.4387125e+02
0	2	6	19	-4.3607763e+02
0	2	6	20	-3.4876716e+02
0	2	6	21	-3.0356824e+02
0	2	6	22	-4.3190942e+02
0	2	6	23	-4.8127504e+02
0	2	6	24	-4.5018792e+02
0	2	6	25	-4.1077571e+02
0	2	6	26	-4.3932086e+02
0	2	6	27	-4.1676937e+02
0	2	6	28	-3.7036197e+02
0	2	6	29	-4.1127526e+02
0	2	6	30	-3.8422067e+02
0	2	6	31	-5.1535442e+02
0	2	6	32	-5.5105392e+02
0	2	6	33	-4.2441809e+02
0	2	6	34	-1.2832950e+02
0	2	6	35	-8.7633843e+01
0	2	6	36	-7.4048107e+01
0	2	6	37	-2.0711972e+01
0	2	6	38	-2.0075743e+02
0	2	6	39	-9.0462069e+01
0	2	6	40	-1.5796248e+02
0	2	6	41	-4.1673295e+01
0	2	6	42	1.9302776e+01
0	2	6	43	3.2287803e+01
0	2	6	44	7.7875874e+00
0	2	6	45	-5.6126148e+01
0	2	6	46	4.6054114e+01
0	2	6	47	-1.3343630e+02
0	2	6	48	-7.6662713e+01
0	2	6	49	-1.5028419e+02
0	2	6	50	-1.5665240e+02
0	2	6	51	2.3401386e+02
0	2	6	52	1.8462352e+02
0	2	6	53	1.0430114e+02
0	2	6	54	2.0886445e+01
0	2	6	55	1.0532429e+02
0	2	6	56	2.2405980e+02
0	2	6	57	1.6039296e+02
0	2	6	58	1.1410930e+02
0	2	6	59	8.6837259e+01
0	2	6	60	7.1150627e+01
0	2	6	61	-2.1063631e+01
0	2	6	62	2.0039257e+00
0	2	6	63	2.1726511e+02
0	2	7	0	-1.2249175e+02
0	2	7	1	-3.3640887e+02
0	2	7	2	-2.7928939e+02
0	2	7	3	-2.1714497e+02
0	2	7	4	-3.1550885e+02
0	2	7	5	-8.1162495e+01
0	2	7	6	-3.2421118e+02
0	2	7	7	-8.3802763e+01
0	2	7	8	-2.5547058e+02
0	2	7	9	-2.8143767e+02
0	2	7	10	-9.1974784e+01
0	2	7	11	-2.8510718e+02
0	2	7	12	-3.1709738e+02
0	2	7	13	-2.3399830e+02
0	2	7	14	-3.0262867e+02
0	2	7	15	-2.0761905e+02
0	2	7	16	-2.5666209e+02
0	2	7	17	-1.9009738e+02
0	2	7	18	-2.4014154e+02
0	2	7	19	-1.3879248e+02
0	2	7	20	-2.6408008e+02
0	2	7	21	-2.3985732e+02
0	2	7	22	-3.9000370e+02
0	2	7	23	-2.2988314e+02
0	2	7	24	-2.9068091e+02
0	2	7	25	-2.9972755e+02
0	2	7	26	-3.0799316e+02
0	2	7	27	-3.2007869e+02
0	2	7	28	-2.4267994e+02
0	2	7	29	-2.6601647e+02
0	2	7	30	-2.9115780e+02
0	2	7	31	-3.4074351e+02
0	2	7	32	-4.6589086e+02
0	2	7	33	-2.7576112e+02
0	2	7	34	2.9332055e+01
0	2	7	35	3.0754629e+00
0	2	7	36	8.5998027e+00
0	2	7	37	3.8410165e+01
0	2	7	38	-1.4061253e+02
0	2	7	39	-8.6270086e+01
0	2	7	40	7.0916746e+01
0	2	7	41	-1.1827015e+02
0	2	7	42	3.1785532e+01
0	2	7	43	-6.3099553e+01
0	2	7	44	6.1460631e+01
0	2	7	45	-4.1599624e+01
0	2	7	46	4.4772864e+01
0	2	7	47	-3.8138681e+01
0	2	7	48	-8.2975474e+01
0	2	7	49	-1.4347460e+01
0	2	7	50	-3.5866686e+01
0	2	7	51	2.5050729e+02
0	2	7	52	3.2682821e+02
0	2	7	53	-6.8269396e+01
0	2	7	54	1.3773165e+02
0	2	7	55	1.1275914e+02
0	2	7	56	2.7560601e+02
0	2	7	57	1.9349665e+02
0	2	7	58	5.1276117e+01
0	2	7	59	1.0261314e+02
0	2	7	60	1.5932294e+02
0	2	7	61	1.0186235e+02
0	2	7	62	1.2702258e+02
0	2	7	63	1.8082158e+02
0	2	8	0	-2.3035356e+02
0	2	8	1	-2.9087028e+02
0	2	8	2	-2.0120215e+02
0	2	8	3	-2.7859844e+02
0	2	8	4	-4.3711070e+02
0	2	8	5	-3.3782233e+02
0	2	8	6	-3.6442686e+02
0	2	8	7	-3.5265338e+02
0	2	8	8	-3.9207040e+02
0	2	8	9	-3.8909245e+02
0	2	8	10	-3.8456929e+02
0	2	8	11	-3.3084400e+02
0	2	8	12	-4.1550194e+02
0	2	8	13	-2.3727511e+02
0	2	8	14	-2.3693693e+02
0	2	8	15	-3.2167120e+02
0	2	8	16	-4.0416738e+02
0	2	8	17	-3.5312633e+02
0	2	8	18	-4.2857450e+02
0	2	8	19	-3.6912945e+02
0	2	8	20	-3.4042965e+02
0	2	8	21	-4.0799918e+02
0	2	8	22	-4.5033688e+02
0	2	8	23	-3.0311869e+02
0	2	8	24	-4.1910574e+02
0	2	8	25	-5.1638320e+02
0	2	8	26	-4.3757573e+02
0	2	8	27	-4.5842005e+02
0	2	8	28	-4.0247916e+02
0	2	8	29	-4.7852924e+02
0	2	8	30	-4.4268406e+02
0	2	8	31	-4.3999080e+02
0	2	8	32	-5.1695050e+02
0	2	8	33	-3.9432619e+02
0	2	8	34	-1.1106620e+02
0	2	8	35	-1.2413812e+02
0	2	8	36	-6.5019796e+01
0	2	8	37	1.8939556e+01
0	2	8	38	-1.0000534e+02
0	2	8	39	-4.6310828e+01
0	2	8	40	-1.8791369e+02
0	2	8	41	-9.7529085e+01
0	2	8	42	-4.1600809e+01
0	2	8	43	-7.5702763e+01
0	2	8	44	-3.0363011e+01
0	2	8	45	-1.3233645e+02
0	2	8	46	1.9469382e+01
0	2	8	47	-9.3612141e+00
0	2	8	48	8.3861157e+01
0	2	8	49	-8.9280694e+01
0	2	8	50	-7.6522979e+01
0	2	8	51	3.8624038e+02
0	2	8	52	2.9992093e+02
0	2	8	53	1.1341466e+02
0	2	8	54	4.0166770e+01
0	2	8	55	4.8115618e+01
0	2	8	56	2.1147336e+02
0	2	8	57	2.0447508e+02
0	2	8	58	1.3133050e+02
0	2	8	59	1.9086365e+00
0	2	8	60	1.3615484e+02
0	2	8	61	6.7696970e+01
0	2	8	62	5.1661795e+01
0	2	8	63	1.3016808e+02
0	2	9	0	-1.6221193e+02
0	2	9	1	-2.1465958e+02
0	2	9	2	-1.8088789e+02
0	2	9	3	-1.5241170e+02
0	2	9	4	-1.7698737e+02
0	2	9	5	-1.7466875e+02
0	2	9	6	-1.7547295e+02
0	2	9	7	-1.4711866e+02
0	2	9	8	-1.1550582e+02
0	2	9	9	-1.6661442e+02
0	2	9	10	-2.1109294e+02
0	2	9	11	-2.5450391e+02
0	2	9	12	-2.1886832e+02
0	2	9	13	-2.2162687e+02
0	2	9	14	-4.5791545e+01
0	2	9	15	-1.9921957e+02
0	2	9	16	-1.5331049e+02
0	2	9	17	-1.9416394e+02
0	2	9	18	-2.2741361e+02
0	2	9	19	-5.6097422e+01
0	2	9	20	-2.3262587e+02
0	2	9	21	-2.8152638e+02
0	2	9	22	-2.1921083e+02
0	2	9	23	-1.3247631e+02
0	2	9	24	-3.2037896e+02
0	2	9	25	-1.5437099e+02
0	2	9	26	-3.5848170e+02
0	2	9	27	-3.1819311e+02
0	2	9	28	-1.5817621e+02
0	2	9	29	-7.8072652e+01
0	2	9	30	-2.6982868e+02
0	2	9	31	-2.6645685e+02
0	2	9	32	-2.7528073e+02
0	2	9	33	-1.3614783e+02
0	2	9	34	1.6394372e+02
0	2	9	35	8.8282862e+01
0	2	9	36	1.6387171e+02
0	2	9	37	1.6543870e+02
0	2	9	38	-1.7724049e+01
0	2	9	39	2.9789792e+02
0	2	9	40	1.9288267e+02
0	2	9	41	-1.0333921e+01
0	2	9	42	1.0379389e+02
0	2	9	43	8.9879103e+01
0	2	9	44	2.1969572e+02
0	2	9	45	8.7423221e+01
0	2	9	46	2.3246080e+02
0	2	9	47	8.3254031e+01
0	2	9	48	2.8361454e+02
0	2	9	49	1.4841736e+02
0	2	9	50	4.5717329e+01
0	2	9	51	4.6181504e+02
0	2	9	52	3.0728925e+02
0	2	9	53	2.4341887e+02
0	2	9	54	2.1294418e+02
0	2	9	55	1.9390950e+02
0	2	9	56	2.5584857e+02
0	2	9	57	1.4223126e+02
0	2	9	58	2.3483960e+02
0	2	9	59	2.3445638e+02
0	2	9	60	2.3581139e+02
0	2	9	61	1.6847239e+02
0	2	9	62	1.5246176e+02
0	2	9	63	2.7710709e+02
0	2	10	0	-1.9410225e+02
0	2	10	1	-2.5868548e+02
0	2	10	2	-1.0140336e+02
0	2	10	3	-1.7171502e+02
0	2	10	4	-3.6324564e+02
0	2	10	5	-2.1156240e+02
0	2	10	6	-2.9821575e+02
0	2	10	7	-1.8018180e+02
0	2	10	8	-2.4350334e+02
0	2	10	9	-1.1527065e+02
0	2	10	10	-2.9237388e+02
0	2	10	11	-2.0318508e+02
0	2	10	12	-3.5760000e+02
0	2	10	13	-2.6960999e+02
0	2	10	14	-2.2704948e+02
0	2	10	15	-1.8936271e+02
0	2	10	16	-4.7763436e+02
0	2	10	17	-3.1285390e+02
0	2	10	18	-2.5497611e+02
0	2	10	19	-3.1009772e+02
0	2	10	20	-2.7486664e+02
0	2	10	21	-2.7581677e+02
0	2	10	22	-2.3384608e+02
0	2	10	23	-3.3400768e+02
0	2	10	24	-3.2700642e+02
0	2	10	25	-2.7106043e+02
0	2	10	26	-3.1906776e+02
0	2	10	27	-2.5807397e+02
0	2	10	28	-2.5173203e+02
0	2	10	29	-3.4101579e+02
0	2	10	30	-4.0298171e+02
0	2	10	31	-2.7678603e+02
0	2	10	32	-3.3401930e+02
0	2	10	33	-3.8728224e+02
0	2	10	34	2.2413138e+01
0	2	10	35	5.0283432e+01
0	2	10	36	3.2937089e+01
0	2	10	37	8.1594842e+01
0	2	10	38	3.2271419e+01
0	2	10	39	7.8700709e+01
0	2	10	40	1.0387213e+01
0	2	10	41	7.9067457e+01
0	2	10	42	4.2080829e+01
0	2	10	43	1.6057467e+02
0	2	10	44	2.2347849e+02
0	2	10	45	-2.0506067e+01
0	2	10	46	5.8302665e+01
0	2	10	47	-3.1308175e+01
0	2	10	48	3.6194729e+00
0	2	10	49	9.8099493e+01
0	2	10	50	-3.7668786e+01
0	2	10	51	3.5989116e+02
0	2	10	52	4.3605463e+02
0	2	10	53	1.7678912e+02
0	2	10	54	1.9773473e+02
0	2	10	55	2.9488019e+02
0	2	10	56	3.7935849e+02
0	2	10	57	2.4409975e+02
0	2	10	58	2.0008096e+02
0	2	10	59	1.8920986e+02
0	2	10	60	2.4034059e+02
0	2	10	61	1.9129204e+02
0	2	10	62	1.6993229e+02
0	2	10	63	3.0250697e+02
0	2	11	0	-1.4260873e+02
0	2	11	1	-1.7199657e+02
0	2	11	2	-2.1293222e+02
0	2	11	3	-2.4563794e+02
0	2	11	4	-1.7280441e+02
0	2	11	5	-1.3671491e+02
0	2	11	6	-1.5972680e+02
0	2	11	7	-5.3886540e+01
0	2	11	8	-3.0986377e+02
0	2	11	9	-1.4563126e+02
0	2	11	10	-2.6372179e+02
0	2	11	11	-2.5489888e+02
0	2	11	12	-1.9177640e+02
0	2	11	13	-1.8702949e+02
0	2	11	14	-2.4517104e+02
0	2	11	15	-1.2313818e+02
0	2	11	16	-1.9701338e+02
0	2	11	17	-1.1465631e+02
0	2	11	18	-1.6169299e+02
0	2	11	19	-2.1128770e+01
0	2	11	20	-2.8109343e+02
0	2	11	21	-2.5560306e+02
0	2	11	22	-2.2417970e+02
0	2	11	23	-1.0053617e+02
0	2	11	24	-1.9281501e+02
0	2	11	25	-2.5637289e+02
0	2	11	26	-2.7276693e+02
0	2	11	27	-2.6551075e+02
0	2	11	28	-1.3855877e+02
0	2	11	29	-1.9871891e+02
0	2	11	30	-2.3677125e+02
0	2	11	31	-3.4390818e+02
0	2	11	32	-2.9298189e+02
0	2	11	33	-2.7830217e+02
0	2	11	34	8.0149018e+01
0	2	11	35	-2.4504037e+01
0	2	11	36	5.7889266e+01
0	2	11	37	1.9455418e+02
0	2	11	38	5.9592630e+01
0	2	11	39	3.5668288e+00
0	2	11	40	2.5546692e+02
0	2	11	41	3.6441568e+01
0	2	11	42	1.1314423e+01
0	2	11	43	1.3416495e+02
0	2	11	44	3.4670436e+02
0	2	11	45	1.0276913e+02
0	2	11	46	1.3311035e+02
0	2	11	47	7.4009926e+01
0	2	11	48	6.0976949e+01
0	2	11	49	1.4027688e+02
0	2	11	50	1.1639811e+02
0	2	11	51	4.4750198e+02
0	2	11	52	4.4975746e+02
0	2	11	53	2.0897982e+02
0	2	11	54	2.3317629e+02
0	2	11	55	1.8776513e+02
0	2	11	56	2.1011435e+02
0	2	11	57	1.9593430e+02
0	2	11	58	1.7896675e+02
0	2	11	59	1.5616608e+02
0	2	11	60	5.6770449e+01
0	2	11	61	1.5274024e+02
0	2	11	62	2.3434428e+02
0	2	11	63	7.9818805e+01
0	2	12	0	-1.4646355e+02
0	2	12	1	-2.3640196e+02
0	2	12	2	-1.2322298e+02
0	2	12	3	-2.8693010e+02
0	2	12	4	-2.6698496e+02
0	2	12	5	-3.1065424e+02
0	2	12	6	-2.1443711e+02
0	2	12	7	-2.9885085e+02
0	2	12	8	-2.2930458e+02
0	2	12	9	-2.1547374e+02
0	2	12	10	-3.5206292e+02
0	2	12	11	-1.8864522e+02
0	2	12	12	-3.6495963e+02
0	2	12	13	-2.5819767e+02
0	2	12	14	-2.6652373e+02
0	2	12	15	-2.9630241e+02
0	2	12	16	-3.1496485e+02
0	2	12	17	-3.7803985e+02
0	2	12	18	-3.5475869e+02
0	2	12	19	-3.8284832e+02
0	2	12	20	-3.7775583e+02
0	2	12	21	-2.9076377e+02
0	2	12	22	-2.9626388e+02
0	2	12	23	-3.0556794e+02
0	2	12	24	-4.6125829e+02
0	2	12	25	-3.2288422e+02
0	2	12	26	-3.4738572e+02
0	2	12	27	-3.2199163e+02
0	2	12	28	-2.6571531e+02
0	2	12	29	-3.6915128e+02
0	2	12	30	-3.4413549e+02
0	2	12	31	-3.3089111e+02
0	2	12	32	-4.9146622e+02
0	2	12	33	-3.6231239e+02
0	2	12	34	2.4812738e+00
0	2	12	35	1.0574707e+01
0	2	12	36	4.3280693e+01
0	2	12	37	5.3451563e+01
0	2	12	38	-4.7851398e+01
0	2	12	39	5.7924732e+01
0	2	12	40	3.6598891e+01
0	2	12	41	-1.1454004e+02
0	2	12	42	1.0710692e+02
0	2	12	43	1.1117792e+02
0	2	12	44	1.2513725e+02
0	2	12	45	5.2026721e+01
0	2	12	46	-2.4995764e+01
0	2	12	47	-1.7469463e+01
0	2	12	48	5.8315154e+01
0	2	12	49	-2.0475234e+00
0	2	12	50	-4.8854658e+01
0	2	12	51	3.3321247e+02
0	2	12	52	3.4134852e+02
0	2	12	53	1.1146008e+02
0	2	12	54	1.1517042e+02
0	2	12	55	9.0414728e+01
0	2	12	56	2.5650135e+02
0	2	12	57	2.3354579e+02
0	2	12	58	2.0674379e+02
0	2	12	59	1.5666290e+02
0	2	12	60	2.3978510e+02
0	2	12	61	1.4473257e+02
0	2	12	62	2.2069223e+02
0	2	12	63	2.8150894e+02
0	2	13	0	-1.3409208e+02
0	2	13	1	-2.2972284e+01
0	2	13	2	-7.2836281e+01
0	2	13	3	-1.2475572e+02
0	2	13	4	-1.7424124e+02
0	2	13	5	-2.2984535e+01
0	2	13	6	-1.1261351e+02
0	2	13	7	-2.1924043e+02
0	2	13	8	-1.7601695e+02
0	2	13	9	-2.9465930e+02
0	2	13	10	-1.7051579e+02
0	2	13	11	-1.6041916e+02
0	2	13	12	-2.0216189e+02
0	2	13	13	-1.4037668e+02
0	2	13	14	-2.2875355e+02
0	2	13	15	-1.7293989e+02
0	2	13	16	-1.9857243e+02
0	2	13	17	-9.0637720e+01
0	2	13	18	-2.1673513e+02
0	2	13	19	-1.2645470e+02
0	2	13	20	-2.1652197e+02
0	2	13	21	-3.4242784e+02
0	2	13	22	-1.5646582e+02
0	2	13	23	-2.6511428e+02
0	2	13	24	-2.3790158e+02
0	2	13	25	-2.9071610e+02
0	2	13	26	-2.1255702e+02
0	2	13	27	-3.4751368e+02
0	2	13	28	-2.0063678e+02
0	2	13	29	-1.2136936e+02
0	2	13	30	-1.2453103e+02
0	2	13	31	-2.1348923e+02
0	2	13	32	-3.5145815e+02
0	2	13	33	-2.9465063e+02
0	2	13	34	1.2450201e+02
0	2	13	35	1.1539186e+02
0	2	13	36	2.5834485e+00
0	2	13	37	1.4776706e+02
0	2	13	38	1.9396667e+02
0	2	13	39	1.2386289e+02
0	2	13	40	1.1377707e+02
0	2	13	41	1.2850290e+02
0	2	13	42	1.0229110e+02
0	2	13	43	1.7367193e+01
0	2	13	44	2.1009785e+02
0	2	13	45	1.1408905e+02
0	2	13	46	1.3893810e+02
0	2	13	47	1.1103257e+02
0	2	13	48	1.0710043e+02
0	2	13	49	6.8822974e+01
0	2	13	50	9.6107353e+01
0	2	13	51	3.7197185e+02
0	2	13	52	4.0678050e+02
0	2	13	53	1.6106170e+02
0	2	13	54	2.1107388e+02
0	2	13	55	2.8856783e+02
0	2	13	56	2.0582928e+02
0	2	13	57	1.6244328e+02
0	2	13	58	2.1383161e+02
0	2	13	59	3.3666512e+02
0	2	13	60	1.9010679e+02
0	2	13	61	5.9817967e+01
0	2	13	62	2.6181468e+02
0	2	13	63	3.0799969e+02
0	2	14	0	-3.0953516e+01
0	2	14	1	-1.5526319e+02
0	2	14	2	-1.1550927e+02
0	2	14	3	-5.3079384e+01
0	2	14	4	-2.8681488e+02
0	2	14	5	-1.9520836e+02
0	2	14	6	-1.5489685e+02
0	2	14	7	-5.4635231e+01
0	2	14	8	-1.1540154e+02
0	2	14	9	-9.2878371e+01
0	2	14	10	-1.3242786e+02
0	2	14	11	-9.4102489e+01
0	2	14	12	-1.7076602e+02
0	2	14	13	-2.1278542e+02
0	2	14	14	-5.8244804e+01
0	2	14	15	-1.9039586e+02
0	2	14	16	-1.6331030e+02
0	2	14	17	-2.2442590e+02
0	2	14	18	-1.9091253e+02
0	2	14	19	-2.1463873e+02
0	2	14	20	-1.8377548e+02
0	2	14	21	-1.4930019e+02
0	2	14	22	-2.8050132e+02
0	2	14	23	-1.9533531e+02
0	2	14	24	-2.3045029e+02
0	2	14	25	-3.2584595e+02
0	2	14	26	-3.2732011e+02
0	2	14	27	-2.3856308e+02
0	2	14	28	-2.5595666e+02
0	2	14	29	-2.6688300e+02
0	2	14	30	-3.2555727e+02
0	2	14	31	-2.1144971e+02
0	2	14	32	-2.6810069e+02
0	2	14	33	-2.5008277e+02
0	2	14	34	1.0514273e+02
0	2	14	35	1.4812175e+02
0	2	14	36	6.9934100e+01
0	2	14	37	1.2207405e+02
0	2	14	38	8.4702988e+01
0	2	14	39	1.8371426e+02
0	2	14	40	7.8864723e+01
0	2	14	41	1.1967515e+02
0	2	14	42	7.4777763e+01
0	2	14	43	6.0984672e+01
0	2	14	44	2.5516958e+02
0	2	14	45	8.2608547e+01
0	2	14	46	1.4694921e+02
0	2	14	47	1.5107341e+02
0	2	14	48	2.6063169e+02
0	2	14	49	6.8258032e+01
0	2	14	50	1.1044773e+02
0	2	14	51	3.6226852e+02
0	2	14	52	5.0633166e+02
0	2	14	53	2.2057036e+02
0	2	14	54	2.9932968e+02
0	2	14	55	3.1948198e+02
0	2	14	56	4.2273251e+02
0	2	14	57	3.4240085e+02
0	2	14	58	2.8054282e+02
0	2	14	59	2.4492922e+02
0	2	14	60	2.3461936e+02
0	2	14	61	2.7212667e+02
0	2	14	62	3.0180347e+02
0	2	14	63	2.7574396e+02
0	2	15	0	-3.1209429e+01
0	2	15	1	-7.5051695e+01
0	2	15	2	-2.5346102e+01
0	2	15	3	-8.3290779e+01
0	2	15	4	-1.3617444e+02
0	2	15	5	-1.2822256e+02
0	2	15	6	-4.1603749e+01
0	2	15	7	-6.9760195e+01
0	2	15	8	-5.6529676e+01
0	2	15	9	-3.3872694e+01
0	2	15	10	-3.8236699e+01
0	2	15	11	-1.3457577e+02
0	2	15	12	-9.1747744e+01
0	2	15	13	-2.9768247e+01
0	2	15	14	-1.9300619e+02
0	2	15	15	-1.7770792e+02
0	2	15	16	-2.1012619e+01
0	2	15	17	-1.6464933e+02
0	2	15	18	-1.1412812e+02
0	2	15	19	-1.2979976e+02
0	2	15	20	-8.0592042e+01
0	2	15	21	-8.9570259e+01
0	2	15	22	-1.3122131e+02
0	2	15	23	-1.1855985e+02
0	2	15	24	-9.6803664e+01
0	2	15	25	-2.1443434e+02
0	2	15	26	-1.6598953e+02
0	2	15	27	-2.3123231e+02
0	2	15	28	-1.5725669e+02
0	2	15	29	-1.6440938e+02
0	2	15	30	-1.6445977e+02
0	2	15	31	-2.7423477e+02
0	2	15	32	-3.1023741e+02
0	2	15	33	-1.5769787e+02
0	2	15	34	1.4494169e+02
0	2	15	35	3.6157164e+01
0	2	15	36	2.5834554e+02
0	2	15	37	2.8754068e+02
0	2	15	38	1.7334723e+02
0	2	15	39	2.4093349e+02
0	2	15	40	2.8271693e+02
0	2	15	41	1.5427845e+02
0	2	15	42	2.0698728e+02
0	2	15	43	1.0055193e+02
0	2	15	44	3.6111873e+02
0	2	15	45	1.8870261e+02
0	2	15	46	2.0274502e+02
0	2	15	47	2.5500322e+01
0	2	15	48	3.8004989e+02
0	2	15	49	3.9433805e+02
0	2	15	50	1.8928785e+02
0	2	15	51	5.0718946e+02
0	2	15	52	4.8224436e+02
0	2	15	53	3.1693189e+02
0	2	15	54	2.6003471e+02
0	2	15	55	4.0539712e+02
0	2	15	56	4.5113180e+02
0	2	15	57	4.1092534e+02
0	2	15	58	3.1708721e+02
0	2	15	59	2.8615810e+02
0	2	15	60	4.0401681e+02
0	2	15	61	2.4672334e+02
0	2	15	62	2.8812724e+02
0	2	15	63	2.3146856e+02
1	0	0	0	-7.8473677e+01
1	0	0	1	-7.2097516e-01
1	0	0	2	-5.9720806e+00
1	0	0	3	-7.0991508e+01
1	0	0	4	-5.1786158e+01
1	0	0	5	-1.0643410e+02
1	0	0	6	-9.9067864e+01
1	0	0	7	4.6189524e+01
1	0	0	8	-3.4640519e+01
1	0	0	9	4.4394938e+01
1	0	0	10	-4.3538778e+01
1	0	0	11	-6.9361762e+01
1	0	0	12	-1.8896781e+02
1	0	0	13	-4.0656601e+01
1	0	0	14	-4.8991521e+01
1	0	0	15	-3.0076224e+01
1	0	0	16	-1.7383141e+02
1	0	0	17	-1.3949422e+02
1	0	0	18	-5.4300061e+01
1	0	0	19	-1.2159604e+02
1	0	0	20	-3.9574865e+01
1	0	0	21	-7.7667661e+01
1	0	0	22	-1.4678942e+02
1	0	0	23	-1.9488756e+02
1	0	0	24	-1.0652775e+02
1	0	0	25	-1.8210356e+02
1	0	0	26	-9.5775695e+01
1	0	0	27	-2.0016514e+02
1	0	0	28	-3.2573354e+01
1	0	0	29	-1.4529981e+02
1	0	0	30	-1.0715926e+02
1	0	0	31	-1.3463057e+02
1	0	0	32	-1.1524736e+02
1	0	0	33	-2.0701409e+02
1	0	0	34	1.3551653e+02
1	0	0	35	1.4344127e+02
1	0	0	36	2.0561661e+02
1	0	0	37	2.0653039e+02
1	0	0	38	2.3143743e+02
1	0	0	39	1.5679037e+02
1	0	0	40	1.5736179e+02
1	0	0	41	1.8547997e+02
1	0	0	42	2.6764909e+02
1	0	0	43	1.9342208e+02
1	0	0	44	1.8112657e+02
1	0	0	45	1.0231936e+02
1	0	0	46	2.0334007e+02
1	0	0	47	1.8578235e+02
1	0	0	48	2.2996247e+02
1	0	0	49	1.8744140e+02
1	0	0	50	2.3868722e+02
1	0	0	51	4.9424198e+02
1	0	0	52	5.5817589e+02
1	0	0	53	4.0761001e+02
1	0	0	54	3.0510901e+02
1	0	0	55	3.4125799e+02
1	0	0	56	4.5005325e+02
1	0	0	57	4.4931318e+02
1	0	0	58	3.2255424e+02
1	0	0	59	3.1675397e+02
1	0	0	60	3.2940247e+02
1	0	0	61	3.0066601e+02
1	0	0	62	3.2905210e+02
1	0	0	63	3.0212806e+02
1	0	1	0	7.5421271e+01
1	0	1	1	1.3873187e+02
1	0	1	2	5.8065464e+01
1	0	1	3	2.0965444e+02
1	0	1	4	1.1717366e+02
1	0	1	5	1.5850736e+02
1	0	1	6	1.3315324e+02
1	0	1	7	8.7492844e+01
1	0	1	8	1.3849824e+02
1	0	1	9	1.6911484e+02
1	0	1	10	-8.2343279e+00
1	0	1	11	1.2016942e+02
1	0	1	12	1.4723107e+02
1	0	1	13	6.1960209e+01
1	0	1	14	-1.3654116e+01
1	0	1	15	1.8028006e+02
1	0	1	16	-3.6853848e+01
1	0	1	17	1.4020771e+02
1	0	1	18	1.3823352e+02
1	0	1	19	1.2011508e+02
1	0	1	20	1.1825563e+02
1	0	1	21	1.8961328e+02
1	0	1	22	5.3313948e+01
1	0	1	23	1.9823277e+02
1	0	1	24	1.1418224e+02
1	0	1	25	1.6198335e+02
1	0	1	26	1.9410354e+02
1	0	1	27	-1.2936787e+01
1	0	1	28	1.5720073e+02
1	0	1	29	1.1170286e+02
1	0	1	30	1.1051179e+02
1	0	1	31	3.7841755e+01
1	0	1	32	1.4896972e+02
1	0	1	33	1.6907713e+02
1	0	1	34	4.9463630e+02
1	0	1	35	4.8838982e+02
1	0	1	36	4.2879491e+02
1	0	1	37	5.1828833e+02
1	0	1	38	4.6743349e+02
1	0	1	39	4.9056408e+02
1	0	1	40	5.8114769e+02
1	0	1	41	4.9358315e+02
1	0	1	42	5.2044140e+02
1	0	1	43	4.4762514e+02
1	0	1	44	5.0483150e+02
1	0	1	45	4.5761406e+02
1	0	1	46	4.7036451e+02
1	0	1	47	5.3458588e+02
1	0	1	48	3.3604808e+02
1	0	1	49	4.9784456e+02
1	0	1	50	4.8466209e+02
1	0	1	51	7.8661575e+02
1	0	1	52	8.5625499e+02
1	0	1	53	6.4308781e+02
1	0	1	54	6.7033234e+02
1	0	1	55	6.5073635e+02
1	0	1	56	7.2093934e+02
1	0	1	57	5.1123298e+02
1	0	1	58	6.3482046e+02
1	0	1	59	6.3061024e+02
1	0	1	60	6.5174003e+02
1	0	1	61	5.8338484e+02
1	0	1	62	6.1608373e+02
1	0	1	63	7.6283459e+02
1	0	2	0	-7.9599391e+00
1	0	2	1	-1.3242975e+01
1	0	2	2	-3.0399875e-01
1	0	2	3	1.4078523e+01
1	0	2	4	-8.8368736e+00
1	0	2	5	-2.1358009e+01
1	0	2	6	-2.7319869e+01
1	0	2	7	8.3782028e+00
1	0	2	8	-2.6920254e+01
1	0	2	9	-3.3624382e+01
1	0	2	10	-7.1496697e+01
1	0	2	11	-1.0731662e+02
1	0	2	12	-4.8389026e+01
1	0	2	13	-2.0569880e+01
1	0	2	14	-1.6917936e+01
1	0	2	15	-7.4522883e+01
1	0	2	16	-8.0510165e+01
1	0	2	17	-1.0195863e+02
1	0	2	18	-3.5257176e+01
1	0	2	19	-1.2574922e+02
1	0	2	20	-7.3119174e+01
1	0	2	21	-6.9031815e+01
1	0	2	22	-8.5069492e+01
1	0	2	23	-1.4331615e+02
1	0	2	24	-1.3571767e+02
1	0	2	25	-5.4271474e+01
1	0	2	26	-1.6913124e+02
1	0	2	27	-1.3711747e+02
1	0	2	28	-1.2697355e+02
1	0	2	29	-1.1095450e+02
1	0	2	30	-1.4070999e+02
1	0	2	31	-1.6174217e+02
1	0	2	32	-1.1422785e+02
1	0	2	33	-1.2092288e+02
1	0	2	34	7.8057483e+01
1	0	2	35	2.0947850e+02
1	0	2	36	2.0793783e+02
1	0	2	37	2.6494737e+02
1	0	2	38	2.0371140e+02
1	0	2	39	1.5049514e+02
1	0	2	40	1.7373943e+02
1	0	2	41	5.8303337e+01
1	0	2	42	2.6554971e+02
1	0	2	43	1.3623068e+02
1	0	2	44	2.0986395e+02
1	0	2	45	1.9477964e+02
1	0	2	46	1.8198923e+02
1	0	2	47	1.3806702e+02
1	0	2	48	2.5181904e+02
1	0	2	49	1.0344904e+02
1	0	2	50	2.5161497e+02
1	0	2	51	5.2003162e+02
1	0	2	52	5.2046192e+02
1	0	2	53	3.0130413e+02
1	0	2	54	2.9777111e+02
1	0	2	55	2.7834558e+02
1	0	2	56	4.0194388e+02
1	0	2	57	4.2324624e+02
1	0	2	58	3.6686262e+02
1	0	2	59	3.9977562e+02
1	0	2	60	3.4821808e+02
1	0	2	61	3.2646167e+02
1	0	2	62	3.5328081e+02
1	0	2	63	3.3074933e+02
1	0	3	0	4.1799414e+01
1	0	3	1	8.8299146e+01
1	0	3	2	-7.3037329e+01
1	0	3	3	-6.2459260e+01
1	0	3	4	-6.2811577e+00
1	0	3	5	-2.4336559e+01
1	0	3	6	1.4243342e+01
1	0	3	7	-9.3568521e+01
1	0	3	8	-1.1086508e+01
1	0	3	9	5.3957678e+01
1	0	3	10	2.3742544e+01
1	0	3	11	1.5745729e+01
1	0	3	12	-3.6984048e+01
1	0	3	13	-7.0394175e+01
1	0	3	14	-7.3154538e+01
1	0	3	15	-1.1263833e+02
1	0	3	16	-9.3858394e+01
1	0	3	17	1.7994604e+01
1	0	3	18	-7.9518274e+01
1	0	3	19	-2.9604551e+01
1	0	3	20	-1.4907807e+02
1	0	3	21	-2.5198525e+01
1	0	3	22	-1.7611521e+02
1	0	3	23	6.1161438e+00
1	0	3	24	-7.1356898e+01
1	0	3	25	-3.6508646e+01
1	0	3	26	-8.9031829e+01
1	0	3	27	-1.2793652e+02
1	0	3	28	-4.2061856e+00
1	0	3	29	4.0320691e+00
1	0	3	30	-1.7492654e+02
1	0	3	31	-1.5290790e+02
1	0	3	32	-1.2621575e+02
1	0	3	33	-1.5125718e+02
1	0	3	34	2.4365818e+02
1	0	3	35	1.5907641e+02
1	0	3	36	3.1419026e+02
1	0	3	37	2.8749628e+02
1	0	3	38	2.7722652e+02
1	0	3	39	3.4240089e+02
1	0	3	40	3.3452150e+02
1	0	3	41	4.2771532e+02
1	0	3	42	3.4064102e+02
1	0	3	43	3.1120711e+02
1	0	3	44	3.9172697e+02
1	0	3	45	2.6329564e+02
1	0	3	46	2.3952062e+02
1	0	3	47	3.0185696e+02
1	0	3	48	3.4572983e+02
1	0	3	49	1.8069410e+02
1	0	3	50	3.5205650e+02
1	0	3	51	6.1939930e+02
1	0	3	52	5.7073086e+02
1	0	3	53	2.9041505e+02
1	0	3	54	3.7023947e+02
1	0	3	55	4.6988758e+02
1	0	3	56	5.1833739e+02
1	0	3	57	4.8403437e+02
1	0	3	58	4.1867379e+02
1	0	3	59	3.8436036e+02
1	0	3	60	3.6275852e+02
1	0	3	61	3.5125780e+02
1	0	3	62	3.6133451e+02
1	0	3	63	4.5873650e+02
1	0	4	0	3.9735566e+01
1	0	4	1	-1.8130148e+02
1	0	4	2	-1.4035098e+01
1	0	4	3	2.0191103e+01
1	0	4	4	-6.7123558e+01
1	0	4	5	1.6338962e+00
1	0	4	6	2.9249261e+01
1	0	4	7	-1.1212501e+01
1	0	4	8	-3.2008289e+01
1	0	4	9	3.7525957e+00
1	0	4	10	-1.1386890e+02
1	0	4	11	-9.6184748e+01
1	0	4	12	-1.1063127e+02
1	0	4	13	-5.6126391e+01
1	0	4	14	8.9877816e+01
1	0	4	15	-7.3017386e+00
1	0	4	16	-7.0789589e+01
1	0	4	17	-1.1083706e+02
1	0	4	18	-1.4969246e+02
1	0	4	19	-6.3564218e+01
1	0	4	20	-1.0664018e+02
1	0	4	21	-1.6392245e+01
1	0	4	22	-3.7481355e+01
1	0	4	23	-1.1267982e+02
1	0	4	24	-1.2849838e+02
1	0	4	25	-9.7829541e+01
1	0	4	26	-1.3522114e+02
1	0	4	27	-1.7676934e+02
1	0	4	28	-1.9769535e+02
1	0	4	29	-1.0246876e+02
1	0	4	30	-6.7745934e+01
1	0	4	31	-1.2400289e+02
1	0	4	32	-1.4937027e+02
1	0	4	33	-1.5146780e+02
1	0	4	34	2.0808360e+02
1	0	4	35	2.5555201e+02
1	0	4	36	2.3317157e+02
1	0	4	37	2.0454789e+02
1	0	4	38	2.5897015e+02
1	0	4	39	2.4466856e+02
1	0	4	40	1.8839271e+02
1	0	4	41	1.9315287e+02
1	0	4	42	2.4276212e+02
1	0	4	43	2.9497189e+02
1	0	4	44	3.2118035e+02
1	0	4	45	7.5232971e+01
1	0	4	46	2.2745985e+02
1	0	4	47	1.6076963e+02
1	0	4	48	1.9781421e+02
1	0	4	49	1.0964790e+02
1	0	4	50	1.5343549e+02
1	0	4	51	4.9170822e+02
1	0	4	52	5.8437067e+02
1	0	4	53	4.0051890e+02
1	0	4	54	1.9354234e+02
1	0	4	55	4.3722335e+02
1	0	4	56	4.6489092e+02
1	0	4	57	5.3666526e+02
1	0	4	58	4.3409589e+02
1	0	4	59	2.6692921e+02
1	0	4	60	3.3040344e+02
1	0	4	61	4.2648688e+02
1	0	4	62	3.1802822e+02
1	0	4	63	2.6230667e+02
1	0	5	0	-4.1597210e+01
1	0	5	1	-5.8972942e+01
1	0	5	2	-5.3245289e+01
1	0	5	3	-8.7642584e+01
1	0	5	4	-1.5089768e+02
1	0	5	5	-6.1124365e+01
1	0	5	6	-9.5124227e+01
1	0	5	7	-9.7093687e+01
1	0	5	8	-3.5645991e+01
1	0	5	9	-6.0493609e+01
1	0	5	10	-6.1215424e+01
1	0	5	11	-7.1861089e+01
1	0	5	12	-2.4840204e+02
1	0	5	13	-6.7077937e+01
1	0	5	14	-2.3923031e+02
1	0	5	15	-6.8917414e+01
1	0	5	16	-1.2902311e+02
1	0	5	17	-1.8363740e+02
1	0	5	18	-1.7074019e+02
1	0	5	19	-1.2752375e+02
1	0	5	20	-1.9016497e+02
1	0	5	21	-1.3193174e+02
1	0	5	22	-2.4954652e+02
1	0	5	23	-1.7310179e+02
1	0	5	24	-9.4616572e+01
1	0	5	25	-1.1468101e+02
1	0	5	26	-2.5831167e+02
1	0	5	27	-1.0270850e+02
1	0	5	28	-9.1168602e+01
1	0	5	29	-1.2630544e+02
1	0	5	30	-1.6073395e+02
1	0	5	31	-1.7839351e+02
1	0	5	32	-1.3238377e+02
1	0	5	33	-1.7681344e+02
1	0	5	34	1.6022693e+02
1	0	5	35	2.2736823e+02
1	0	5	36	2.0064992e+02
1	0	5	37	2.1237452e+02
1	0	5	38	1.9923001e+02
1	0	5	39	2.3388108e+02
1	0	5	40	1.8744300e+02
1	0	5	41	1.6801845e+02
1	0	5	42	2.4590149e+02
1	0	5	43	1.7865372e+02
1	0	5	44	3.1943909e+02
1	0	5	45	1.0805025e+02
1	0	5	46	1.9042169e+02
1	0	5	47	2.8269753e+02
1	0	5	48	1.5859591e+02
1	0	5	49	2.4746300e+02
1	0	5	50	2.5941964e+02
1	0	5	51	4.9720565e+02
1	0	5	52	5.4748799e+02
1	0	5	53	4.2336740e+02
1	0	5	54	3.8508617e+02
1	0	5	55	3.2513283e+02
1	0	5	56	4.2907935e+02
1	0	5	57	4.1074835e+02
1	0	5	58	3.5695065e+02
1	0	5	59	3.6208212e+02
1	0	5	60	4.0366199e+02
1	0	5	61	2.3687935e+02
1	0	5	62	3.2867066e+02
1	0	5	63	4.5504685e+02
1	0	6	0	-6.3685895e+01
1	0	6	1	-7.7943935e+01
1	0	6	2	-3.3159438e+01
1	0	6	3	-8.3553041e+01
1	0	6	4	-1.1704439e+02
1	0	6	5	-1.1183444e+02
1	0	6	6	-1.2982453e+02
1	0	6	7	-5.9357221e+01
1	0	6	8	-1.2656998e+02
1	0	6	9	-5.6180268e+01
1	0	6	10	-1.0163143e+02
1	0	6	11	-8.1711597e+01
1	0	6	12	-1.9702064e+02
1	0	6	13	-1.2715814e+02
1	0	6	14	-8.1923467e+01
1	0	6	15	-6.7492303e+01
1	0	6	16	-1.3696491e+02
1	0	6	17	-1.6455915e+02
1	0	6	18	-8.9223275e+01
1	0	6	19	-1.7326635e+02
1	0	6	20	-2.8249669e+01
1	0	6	21	-1.1228415e+02
1	0	6	22	-1.5130430e+02
1	0	6	23	-1.1802535e+02
1	0	6	24	-1.6724660e+02
1	0	6	25	-1.2115203e+02
1	0	6	26	-1.5515606e+02
1	0	6	27	-1.7658307e+02
1	0	6	28	-1.9957010e+02
1	0	6	29	-1.7798789e+02
1	0	6	30	-1.5633564e+02
1	0	6	31	-2.1449643e+02
1	0	6	32	-2.2541082e+02
1	0	6	33	-2.0662619e+02
1	0	6	34	1.4610746e+02
1	0	6	35	2.0661591e+02
1	0	6	36	2.0169014e+02
1	0	6	37	1.5744562e+02
1	0	6	38	1.9107586e+02
1	0	6	39	1.8032986e+02
1	0	6	40	1.0122443e+02
1	0	6	41	1.1528458e+02
1	0	6	42	1.6989699e+02
1	0	6	43	1.9280005e+02
1	0	6	44	2.2235557e+02
1	0	6	45	1.1726667e+02
1	0	6	46	1.9083038e+02
1	0	6	47	1.2450897e+02
1	0	6	48	1.7140654e+02
1	0	6	49	1.6785816e+02
1	0	6	50	2.0560420e+02
1	0	6	51	4.2919946e+02
1	0	6	52	4.5468278e+02
1	0	6	53	2.5410114e+02
1	0	6	54	2.6589490e+02
1	0	6	55	3.1676663e+02
1	0	6	56	3.8573440e+02
1	0	6	57	3.9306384e+02
1	0	6	58	3.4834573e+02
1	0	6	59	3.1549644e+02
1	0	6	60	2.5584238e+02
1	0	6	61	2.0494983e+02
1	0	6	62	2.8589948e+02
1	0	6	63	2.6389593e+02
1	0	7	0	-9.0340073e+01
1	0	7	1	-9.3285822e+01
1	0	7	2	-1.3323596e+02
1	0	7	3	-1.1201134e+02
1	0	7	4	-9.5730760e+01
1	0	7	5	-8.8467002e+01
1	0	7	6	-1.0223399e+02
1	0	7	7	-9.5935246e+01
1	0	7	8	-1.2924173e+02
1	0	7	9	-1.3517202e+02
1	0	7	10	-1.8273415e+02
1	0	7	11	-7.2432173e+01
1	0	7	12	-1.4054072e+02
1	0	7	13	-7.9191767e+01
1	0	7	14	-1.7042161e+02
1	0	7	15	-1.6015430e+02
1	0	7	16	-1.6113246e+02
1	0	7	17	-1.6843492e+02
1	0	7	18	-1.4291682e+02
1	0	7	19	-1.2464701e+02
1	0	7	20	-1.7798622e+02
1	0	7	21	-1.7494642e+02
1	0	7	22	-1.2996149e+02
1	0	7	23	-1.8397318e+02
1	0	7	24	-1.2093775e+02
1	0	7	25	-2.0236083e+02
1	0	7	26	-1.9065028e+02
1	0	7	27	-1.6502681e+02
1	0	7	28	-1.8361771e+02
1	0	7	29	-1.9908327e+02
1	0	7	30	-1.8290872e+02
1	0	7	31	-1.8874935e+02
1	0	7	32	-1.8727890e+02
1	0	7	33	-1.7075814e+02
1	0	7	34	1.7505704e+02
1	0	7	35	1.6313488e+02
1	0	7	36	2.4983600e+02
1	0	7	37	0.0000000e+00
1	0	7	38	1.8832982e+02
1	0	7	39	4.0754297e+02
1	0	7	40	2.2660849e+02
1	0	7	41	1.7867406e+02
1	0	7	42	2.3514689e+02
1	0	7	43	1.5303751e+02
1	0	7	44	2.7293210e+02
1	0	7	45	1.9926384e+02
1	0	7	46	1.8714841e+02
1	0	7	47	2.1968033e+02
1	0	7	48	2.0611100e+02
1	0	7	49	1.8377544e+02
1	0	7	50	1.2252852e+02
1	0	7	51	4.9045319e+02
1	0	7	52	4.5520655e+02
1	0	7	53	3.3152427e+02
1	0	7	54	3.5149106e+02
1	0	7	55	1.3651719e+03
1	0	7	56	4.0598868e+02
1	0	7	57	4.0480435e+02
1	0	7	58	3.6715728e+02
1	0	7	59	3.2730176e+02
1	0	7	60	4.6305007e+02
1	0	7	61	3.7970518e+02
1	0	7	62	3.0140639e+02
1	0	7	63	3.6682728e+02
1	0	8	0	1.1268652e+01
1	0	8	1	-7.1739187e+01
1	0	8	2	-2.3187439e+01
1	0	8	3	-1.2204892e+02
1	0	8	4	-9.3610983e+01
1	0	8	5	-5.8250566e+01
1	0	8	6	-1.8946664e+02
1	0	8	7	-7.9860278e+01
1	0	8	8	-1.2168893e+02
1	0	8	9	2.1105684e+01
1	0	8	10	-1.6081248e+02
1	0	8	11	4.1163655e+00
1	0	8	12	-5.5482564e+01
1	0	8	13	-1.6647282e+02
1	0	8	14	-6.5629701e+01
1	0	8	15	-1.3019739e+02
1	0	8	16	-1.4771846e+02
1	0	8	17	-1.4825954e+02
1	0	8	18	-2.1724178e+02
1	0	8	19	-1.5332311e+02
1	0	8	20	-8.8271499e+01
1	0	8	21	-1.4779856e+02
1	0	8	22	-1.0789214e+02
1	0	8	23	-1.8777226e+01
1	0	8	24	-2.2932187e+02
1	0	8	25	-1.9779688e+02
1	0	8	26	-1.7029808e+02
1	0	8	27	-2.2920354e+02
1	0	8	28	-1.6598862e+02
1	0	8	29	-2.5106612e+02
1	0	8	30	-1.7128808e+02
1	0	8	31	-2.0309537e+02
1	0	8	32	-2.1621799e+02
1	0	8	33	-3.0884588e+02
1	0	8	34	2.2941152e+01
1	0	8	35	9.5185012e+01
1	0	8	36	7.9703389e+01
1	0	8	37	2.8669137e+02
1	0	8	38	2.3936453e+02
1	0	8	39	1.5966424e+02
1	0	8	40	1.3881121e+02
1	0	8	41	1.0833528e+02
1	0	8	42	1.5796553e+02
1	0	8	43	5.4978595e+01
1	0	8	44	1.8383379e+02
1	0	8	45	1.3703256e+02
1	0	8	46	1.1696227e+02
1	0	8	47	1.1566840e+02
1	0	8	48	1.7372307e+02
1	0	8	49	1.4398319e+02
1	0	8	50	2.4439314e+02
1	0	8	51	5.3640443e+02
1	0	8	52	5.1022089e+02
1	0	8	53	2.5206106e+02
1	0	8	54	2.0982812e+02
1	0	8	55	3.7190803e+02
1	0	8	56	3.9828568e+02
1	0	8	57	5.0817724e+02
1	0	8	58	3.2870275e+02
1	0	8	59	3.0425835e+02
1	0	8	60	3.5926427e+02
1	0	8	61	4.1511570e+02
1	0	8	62	3.7835152e+02
1	0	8	63	2.8074619e+02
1	0	9	0	2.4551235e+02
1	0	9	1	-1.0475350e+02
1	0	9	2	7.0350484e+01
1	0	9	3	4.4492860e+01
1	0	9	4	-6.8049695e+01
1	0	9	5	2.0882044e+02
1	0	9	6	1.8491064e+01
1	0	9	7	-1.8093026e+01
1	0	9	8	-1.2695736e+01
1	0	9	9	1.0922811e+01
1	0	9	10	1.0265082e+01
1	0	9	11	2.9268726e+01
1	0	9	12	-1.6416441e+01
1	0	9	13	4.8925017e+00
1	0	9	14	-3.8184647e+01
1	0	9	15	-5.7665627e+01
1	0	9	16	-8.9915028e+01
1	0	9	17	-2.7671974e+01
1	0	9	18	1.4048632e+01
1	0	9	19	6.0317273e+01
1	0	9	20	-1.6582489e+02
1	0	9	21	-1.3025806e+02
1	0	9	22	2.0818047e+01
1	0	9	23	5.7672545e+01
1	0	9	24	-5.5880192e+01
1	0	9	25	1.5270543e+01
1	0	9	26	-1.8190926e+02
1	0	9	27	-4.6839708e+01
1	0	9	28	-1.2354088e+02
1	0	9	29	3.4861994e+00
1	0	9	30	5.7908364e+01
1	0	9	31	-4.5432428e+01
1	0	9	32	-4.0136810e+01
1	0	9	33	1.1507574e+01
1	0	9	34	4.3176409e+02
1	0	9	35	2.9650954e+02
1	0	9	36	4.4851616e+02
1	0	9	37	3.6740410e+02
1	0	9	38	2.6214679e+02
1	0	9	39	2.1215836e+02
1	0	9	40	5.1136155e+02
1	0	9	41	3.9932779e+02
1	0	9	42	3.7721148e+02
1	0	9	43	3.9464587e+02
1	0	9	44	3.7631906e+02
1	0	9	45	2.2514128e+02
1	0	9	46	3.8026232e+02
1	0	9	47	3.3433982e+02
1	0	9	48	3.5081205e+02
1	0	9	49	3.6393493e+02
1	0	9	50	3.2346155e+02
1	0	9	51	4.8809429e+02
1	0	9	52	6.2665506e+02
1	0	9	53	4.1945017e+02
1	0	9	54	4.3987165e+02
1	0	9	55	4.1429209e+02
1	0	9	56	4.8921952e+02
1	0	9	57	4.7339311e+02
1	0	9	58	4.0019353e+02
1	0	9	59	4.0116685e+02
1	0	9	60	4.4507265e+02
1	0	9	61	4.1026064e+02
1	0	9	62	3.6467333e+02
1	0	9	63	6.8107339e+02
1	0	10	0	7.0536084e+01
1	0	10	1	-5.4755403e+01
1	0	10	2	7.8517522e+01
1	0	10	3	9.7706729e+01
1	0	10	4	-1.6183846e+01
1	0	10	5	2.3569793e+00
1	0	10	6	1.4908034e+01
1	0	10	7	6.8780059e+01
1	0	10	8	-6.9778855e+01
1	0	10	9	7.5829847e+01
1	0	10	10	-5.7793372e+01
1	0	10	11	-6.5408002e+01
1	0	10	12	-2.9538543e+01
1	0	10	13	2.0094594e+01
1	0	10	14	-1.3899227e+01
1	0	10	15	7.3026417e-01
1	0	10	16	-4.4783057e+01
1	0	10	17	-1.2941693e+02
1	0	10	18	1.4293207e+01
1	0	10	19	-6.4527874e+01
1	0	10	20	3.1168520e+01
1	0	10	21	4.9382950e+00
1	0	10	22	-4.7532648e+01
1	0	10	23	-1.1536013e+02
1	0	10	24	-6.5109873e+01
1	0	10	25	-5.6124041e+01
1	0	10	26	-8.3677291e+01
1	0	10	27	-1.2026656e+02
1	0	10	28	-5.3070657e+00
1	0	10	29	-7.0882738e+01
1	0	10	30	-7.0462591e+01
1	0	10	31	-6.0450112e+01
1	0	10	32	-8.4078525e+01
1	0	10	33	-1.1996295e+02
1	0	10	34	2.5538687e+02
1	0	10	35	3.4445835e+02
1	0	10	36	3.0939340e+02
1	0	10	37	2.8816744e+02
1	0	10	38	2.3928863e+02
1	0	10	39	2.8330442e+02
1	0	10	40	2.5613659e+02
1	0	10	41	1.7989346e+02
1	0	10	42	3.3238233e+02
1	0	10	43	3.0189213e+02
1	0	10	44	2.1824124e+02
1	0	10	45	1.9719965e+02
1	0	10	46	2.3567574e+02
1	0	10	47	2.2640588e+02
1	0	10	48	2.2903703e+02
1	0	10	49	2.6938381e+02
1	0	10	50	2.4499763e+02
1	0	10	51	6.1203632e+02
1	0	10	52	6.4789476e+02
1	0	10	53	3.8498961e+02
1	0	10	54	4.4286991e+02
1	0	10	55	4.3162216e+02
1	0	10	56	5.5175320e+02
1	0	10	57	5.3892045e+02
1	0	10	58	4.6274206e+02
1	0	10	59	3.6520369e+02
1	0	10	60	4.2267785e+02
1	0	10	61	3.9822678e+02
1	0	10	62	3.8907575e+02
1	0	10	63	4.3256100e+02
1	0	11	0	-6.4805613e+01
1	0	11	1	5.0779977e+01
1	0	11	2	-4.9797090e+01
1	0	11	3	-3.7663426e+01
1	0	11	4	4.3131889e+01
1	0	11	5	-2.4278261e+01
1	0	11	6	-2.4984471e+00
1	0	11	7	6.5917210e+01
1	0	11	8	1.2163820e+01
1	0	11	9	9.9837336e+01
1	0	11	10	-2.1755656e+01
1	0	11	11	-3.6377584e+01
1	0	11	12	-4.8702904e+01
1	0	11	13	1.0186288e+02
1	0	11	14	-2.5676670e+01
1	0	11	15	5.7979660e+01
1	0	11	16	-1.7808034e+01
1	0	11	17	5.7971228e+01
1	0	11	18	4.9051796e+01
1	0	11	19	6.7718878e+01
1	0	11	20	4.8175172e+01
1	0	11	21	-3.4925885e+01
1	0	11	22	4.0435964e+01
1	0	11	23	9.8762532e+01
1	0	11	24	-6.1743980e+01
1	0	11	25	1.2962910e+01
1	0	11	26	1.0617799e+02
1	0	11	27	4.5132286e+00
1	0	11	28	1.8377956e+02
1	0	11	29	3.3919266e+01
1	0	11	30	8.9291885e+00
1	0	11	31	-1.5435242e+02
1	0	11	32	-4.7447247e+01
1	0	11	33	4.2414231e+01
1	0	11	34	4.1258657e+02
1	0	11	35	2.4267686e+02
1	0	11	36	4.8198854e+02
1	0	11	37	5.6130086e+02
1	0	11	38	3.7490696e+02
1	0	11	39	4.9922260e+02
1	0	11	40	6.2305976e+02
1	0	11	41	3.4900952e+02
1	0	11	42	4.4311891e+02
1	0	11	43	4.3149702e+02
1	0	11	44	6.0333902e+02
1	0	11	45	4.0280945e+02
1	0	11	46	4.0891739e+02
1	0	11	47	3.5143548e+02
1	0	11	48	4.5450667e+02
1	0	11	49	3.8641660e+02
1	0	11	50	2.2495960e+02
1	0	11	51	4.7040639e+02
1	0	11	52	6.0624218e+02
1	0	11	53	4.3918644e+02
1	0	11	54	4.9281053e+02
1	0	11	55	5.3914709e+02
1	0	11	56	5.6490565e+02
1	0	11	57	5.5620192e+02
1	0	11	58	4.8285954e+02
1	0	11	59	4.7884239e+02
1	0	11	60	5.0042172e+02
1	0	11	61	3.3556568e+02
1	0	11	62	4.4799117e+02
1	0	11	63	4.0761189e+02
1	0	12	0	1.3433862e+02
1	0	12	1	1.2360595e+02
1	0	12	2	3.8411793e+01
1	0	12	3	2.2712723e+01
1	0	12	4	0.0000000e+00
1	0	12	5	5.0857517e+01
1	0	12	6	0.0000000e+00
1	0	12	7	6.6196172e+01
1	0	12	8	-1.0662387e+02
1	0	12	9	5.3645731e+01
1	0	12	10	-4.7987764e+01
1	0	12	11	-1.3130584e+02
1	0	12	12	1.4439615e+02
1	0	12	13	-4.5288377e+01
1	0	12	14	-5.2288597e+01
1	0	12	15	-5.1535271e+01
1	0	12	16	-9.7517538e+01
1	0	12	17	-3.6166735e+01
1	0	12	18	-4.7848603e+01
1	0	12	19	-6.3332773e+01
1	0	12	20	5.3840572e+00
1	0	12	21	-1.9850920e+01
1	0	12	22	-1.0423679e+02
1	0	12	23	-1.4130733e+02
1	0	12	24	-2.3036710e+01
1	0	12	25	-5.0265288e+01
1	0	12	26	-7.6605409e+01
1	0	12	27	0.0000000e+00
1	0	12	28	1.9143276e+01
1	0	12	29	-6.2719069e+01
1	0	12	30	-8.7097830e+00
1	0	12	31	-5.2717238e+01
1	0	12	32	-1.1599928e+02
1	0	12	33	2.5006434e+01
1	0	12	34	1.8707153e+02
1	0	12	35	2.4995124e+02
1	0	12	36	2.7831445e+02
1	0	12	37	2.5739104e+02
1	0	12	38	3.0681881e+02
1	0	12	39	2.8380916e+02
1	0	12	40	2.6393907e+02
1	0	12	41	2.7867671e+02
1	0	12	42	2.1695704e+02
1	0	12	43	3.3542852e+02
1	0	12	44	3.5194391e+02
1	0	12	45	2.2202196e+02
1	0	12	46	1.9007013e+02
1	0	12	47	2.7683935e+02
1	0	12	48	2.4689987e+02
1	0	12	49	1.7963176e+02
1	0	12	50	2.6559405e+02
1	0	12	51	5.6886884e+02
1	0	12	52	5.2551589e+02
1	0	12	53	3.2141340e+02
1	0	12	54	3.9787859e+02
1	0	12	55	2.8800802e+02
1	0	12	56	4.5726504e+02
1	0	12	57	4.4623456e+02
1	0	12	58	4.4387032e+02
1	0	12	59	5.7964133e+02
1	0	12	60	3.6919668e+02
1	0	12	61	4.6051656e+02
1	0	12	62	3.7905377e+02
1	0	12	63	3.4462202e+02
1	0	13	0	3.1342904e+00
1	0	13	1	-1.6815661e+01
1	0	13	2	-2.5068268e+01
1	0	13	3	-3.7744907e+01
1	0	13	4	8.0964877e+01
1	0	13	5	6.3193005e+01
1	0	13	6	-2.7976854e+01
1	0	13	7	-5.5327780e+01
1	0	13	8	-4.3388224e+01
1	0	13	9	2.3628748e+01
1	0	13	10	-2.2692397e+01
1	0	13	11	-3.2823167e+01
1	0	13	12	7.2087169e+00
1	0	13	13	-2.2354120e+01
1	0	13	14	-6.7679585e+01
1	0	13	15	-8.9617739e+01
1	0	13	16	-8.6731691e+01
1	0	13	17	-6.4057813e+00
1	0	13	18	-2.0595445e+02
1	0	13	19	-4.2484263e+00
1	0	13	20	-1.3275213e+02
1	0	13	21	-5.3958018e+01
1	0	13	22	-7.3532703e+01
1	0	13	23	5.3204963e+01
1	0	13	24	-1.0048294e+02
1	0	13	25	4.9709030e+01
1	0	13	26	-1.3195026e+02
1	0	13	27	-9.5685334e+01
1	0	13	28	7.7386631e+00
1	0	13	29	4.8664961e+01
1	0	13	30	-5.7161273e+01
1	0	13	31	-2.1094755e+02
1	0	13	32	-1.3585270e+02
1	0	13	33	-7.8160174e+01
1	0	13	34	3.4856332e+02
1	0	13	35	1.9974219e+02
1	0	13	36	2.8508412e+02
1	0	13	37	3.1002829e+02
1	0	13	38	2.1020203e+02
1	0	13	39	3.2973440e+02
1	0	13	40	4.3469196e+02
1	0	13	41	3.0724393e+02
1	0	13	42	3.7693747e+02
1	0	13	43	2.8716784e+02
1	0	13	44	3.9118156e+02
1	0	13	45	3.7156991e+02
1	0	13	46	3.2954372e+02
1	0	13	47	2.1818613e+02
1	0	13	48	3.5279796e+02
1	0	13	49	3.3980873e+02
1	0	13	50	2.8227064e+02
1	0	13	51	5.9952176e+02
1	0	13	52	6.3434137e+02
1	0	13	53	4.9429679e+02
1	0	13	54	4.3780533e+02
1	0	13	55	4.4837173e+02
1	0	13	56	4.4337718e+02
1	0	13	57	4.5622030e+02
1	0	13	58	2.9536334e+02
1	0	13	59	3.5368783e+02
1	0	13	60	3.4549436e+02
1	0	13	61	4.6351232e+02
1	0	13	62	4.2542749e+02
1	0	13	63	4.5892025e+02
1	0	14	0	7.2325511e+01
1	0	14	1	5.5652902e+01
1	0	14	2	1.9791315e+01
1	0	14	3	-4.8677973e+01
1	0	14	4	4.8897790e+01
1	0	14	5	3.5895174e+01
1	0	14	6	-3.4345648e+01
1	0	14	7	7.2799898e+01
1	0	14	8	2.3867684e+01
1	0	14	9	-1.0334159e+02
1	0	14	10	2.1096763e+01
1	0	14	11	-5.8687536e+00
1	0	14	12	-1.7107412e+02
1	0	14	13	-1.8772945e+01
1	0	14	14	1.9752618e+01
1	0	14	15	1.2293230e+01
1	0	14	16	-7.8927245e+01
1	0	14	17	-5.2876054e+01
1	0	14	18	-1.6324471e+02
1	0	14	19	-3.4404965e+01
1	0	14	20	-5.5381017e+00
1	0	14	21	6.5887406e+00
1	0	14	22	-1.1949999e+02
1	0	14	23	-4.3815836e+01
1	0	14	24	-1.4130033e+02
1	0	14	25	-1.6455732e+02
1	0	14	26	-2.3015247e+02
1	0	14	27	-1.8741099e+02
1	0	14	28	-3.0250687e+01
1	0	14	29	-7.0668336e+01
1	0	14	30	-4.1839139e+01
1	0	14	31	-1.2577342e+02
1	0	14	32	-1.2089730e+02
1	0	14	33	-1.3162219e+02
1	0	14	34	2.3946931e+02
1	0	14	35	1.9284417e+02
1	0	14	36	1.4035360e+02
1	0	14	37	3.0029882e+02
1	0	14	38	2.4729850e+02
1	0	14	39	2.3904868e+02
1	0	14	40	2.4231190e+02
1	0	14	41	2.5660708e+02
1	0	14	42	2.6569916e+02
1	0	14	43	2.9314417e+02
1	0	14	44	2.8769186e+02
1	0	14	45	2.8271781e+02
1	0	14	46	2.1356386e+02
1	0	14	47	2.5914158e+02
1	0	14	48	2.9230481e+02
1	0	14	49	2.9593947e+02
1	0	14	50	2.8445042e+02
1	0	14	51	5.5611172e+02
1	0	14	52	4.5016665e+02
1	0	14	53	4.2241057e+02
1	0	14	54	4.0294257e+02
1	0	14	55	4.5201431e+02
1	0	14	56	4.9095354e+02
1	0	14	57	5.2246018e+02
1	0	14	58	4.8274208e+02
1	0	14	59	4.2677489e+02
1	0	14	60	3.0043263e+02
1	0	14	61	3.0002402e+02
1	0	14	62	3.7492833e+02
1	0	14	63	4.4784394e+02
1	0	15	0	3.9900819e+01
1	0	15	1	9.6807488e+01
1	0	15	2	8.5752711e+01
1	0	15	3	6.1807651e+01
1	0	15	4	3.8151699e+01
1	0	15	5	1.3580605e+02
1	0	15	6	1.4152688e+02
1	0	15	7	1.2044733e+02
1	0	15	8	-3.4237367e+01
1	0	15	9	6.5513068e+01
1	0	15	10	2.3182155e+01
1	0	15	11	-1.7631949e+01
1	0	15	12	1.4689976e+02
1	0	15	13	7.9425549e+01
1	0	15	14	9.9492087e+01
1	0	15	15	2.1871324e+00
1	0	15	16	6.3999462e+01
1	0	15	17	1.1985383e+02
1	0	15	18	5.6395746e+01
1	0	15	19	9.6772358e+01
1	0	15	20	5.9209706e+01
1	0	15	21	5.1851756e+01
1	0	15	22	1.3288208e+02
1	0	15	23	2.0263611e+02
1	0	15	24	1.4528442e+02
1	0	15	25	8.9477886e+00
1	0	15	26	3.6981908e+01
1	0	15	27	-1.3269078e+02
1	0	15	28	1.8010441e+02
1	0	15	29	1.0465372e+02
1	0	15	30	9.7197506e+01
1	0	15	31	-5.8757779e+00
1	0	15	32	6.9045574e+01
1	0	15	33	-2.1686378e+01
1	0	15	34	4.2005465e+02
1	0	15	35	4.2450736e+02
1	0	15	36	5.6108383e+02
1	0	15	37	3.2793551e+02
1	0	15	38	2.6764455e+02
1	0	15	39	4.3053125e+02
1	0	15	40	5.2557320e+02
1	0	15	41	2.8238382e+02
1	0	15	42	3.9216503e+02
1	0	15	43	3.9619146e+02
1	0	15	44	4.7707897e+02
1	0	15	45	4.2773270e+02
1	0	15	46	5.0666807e+02
1	0	15	47	4.0000110e+02
1	0	15	48	4.8912027e+02
1	0	15	49	4.6121888e+02
1	0	15	50	3.8138145e+02
1	0	15	51	7.1963451e+02
1	0	15	52	7.0766861e+02
1	0	15	53	5.0412693e+02
1	0	15	54	5.7678933e+02
1	0	15	55	5.4162467e+02
1	0	15	56	6.2962060e+02
1	0	15	57	6.1369902e+02
1	0	15	58	4.1816152e+02
1	0	15	59	5.1715591e+02
1	0	15	60	5.6027408e+02
1	0	15	61	5.2353105e+02
1	0	15	62	4.8416652e+02
1	0	15	63	6.2529281e+02
1	1	0	0	-3.1042399e-01
1	1	0	1	-1.2979276e+02
1	1	0	2	-4.4647668e+01
1	1	0	3	-1.5693904e+02
1	1	0	4	-1.1997489e+02
1	1	0	5	-1.1883306e+02
1	1	0	6	-2.7009881e+02
1	1	0	7	-1.8216974e+02
1	1	0	8	-1.3029703e+02
1	1	0	9	-5.9026184e+01
1	1	0	10	-2.2913691e+02
1	1	0	11	-1.7962290e+02
1	1	0	12	-1.2090037e+02
1	1	0	13	-1.6957686e+02
1	1	0	14	-1.0407727e+02
1	1	0	15	-1.2568037e+02
1	1	0	16	-2.0872985e+02
1	1	0	17	-2.0839677e+02
1	1	0	18	-1.4439214e+02
1	1	0	19	-2.1257612e+02
1	1	0	20	-1.3050722e+02
1	1	0	21	-1.4650971e+02
1	1	0	22	-1.8975141e+02
1	1	0	23	-3.1701058e+02
1	1	0	24	-2.0038085e+02
1	1	0	25	-1.8783326e+02
1	1	0	26	-2.0628628e+02
1	1	0	27	-2.1692698e+02
1	1	0	28	-1.9902716e+02
1	1	0	29	-2.8387907e+02
1	1	0	30	-1.3759403e+02
1	1	0	31	-1.7663118e+02
1	1	0	32	-2.2827326e+02
1	1	0	33	-3.0282398e+02
1	1	0	34	1.2819188e+02
1	1	0	35	2.1150797e+02
1	1	0	36	1.7468473e+02
1	1	0	37	2.1946249e+02
1	1	0	38	1.4690374e+02
1	1	0	39	2.0276546e+02
1	1	0	40	1.1392547e+02
1	1	0	41	1.4498481e+02
1	1	0	42	1.8792531e+02
1	1	0	43	2.1442609e+02
1	1	0	44	1.5429926e+02
1	1	0	45	2.1322765e+02
1	1	0	46	6.7308696e+01
1	1	0	47	1.8304204e+02
1	1	0	48	1.8994325e+02
1	1	0	49	1.5304815e+02
1	1	0	50	1.8944213e+02
1	1	0	51	5.0252152e+02
1	1	0	52	4.5943127e+02
1	1	0	53	2.6401365e+02
1	1	0	54	3.2449056e+02
1	1	0	55	3.0202916e+02
1	1	0	56	4.1329112e+02
1	1	0	57	4.1423074e+02
1	1	0	58	3.1005181e+02
1	1	0	59	2.7454168e+02
1	1	0	60	3.4942077e+02
1	1	0	61	2.7944529e+02
1	1	0	62	2.2440772e+02
1	1	0	63	3.7225853e+02
1	1	1	0	6.8281056e+01
1	1	1	1	-1.7501128e+01
1	1	1	2	-1.5366682e+01
1	1	1	3	-1.0225859e+01
1	1	1	4	8.2146111e+00
1	1	1	5	4.5159334e+01
1	1	1	6	7.4527401e+00
1	1	1	7	4.3594262e+01
1	1	1	8	-4.1215094e+01
1	1	1	9	-1.6320622e+01
1	1	1	10	-1.1712080e+02
1	1	1	11	9.9362476e+00
1	1	1	12	-2.9026790e+01
1	1	1	13	4.4929796e+00
1	1	1	14	-5.7612257e+01
1	1	1	15	1.4775355e+01
1	1	1	16	-6.9213047e+01
1	1	1	17	-3.4621748e+01
1	1	1	18	-3.6680894e+01
1	1	1	19	-1.5378899e+01
1	1	1	20	-1.0293381e+02
1	1	1	21	-6.5414077e+01
1	1	1	22	-1.3541857e+01
1	1	1	23	-6.9405964e+01
1	1	1	24	-2.1612209e+02
1	1	1	25	-6.7004443e+01
1	1	1	26	-9.1516042e+01
1	1	1	27	-7.7568507e+01
1	1	1	28	-2.8331546e+01
1	1	1	29	-9.0804125e+01
1	1	1	30	-3.7285612e+01
1	1	1	31	-1.1897191e+02
1	1	1	32	-1.4157171e+02
1	1	1	33	-9.6205802e+01
1	1	1	34	2.3751301e+02
1	1	1	35	1.1191338e+02
1	1	1	36	2.7919895e+02
1	1	1	37	3.6262716e+02
1	1	1	38	3.1663580e+02
1	1	1	39	2.5874615e+02
1	1	1	40	3.3618246e+02
1	1	1	41	2.8444317e+02
1	1	1	42	3.1858051e+02
1	1	1	43	2.3525106e+02
1	1	1	44	3.6946449e+02
1	1	1	45	2.4351491e+02
1	1	1	46	2.7279217e+02
1	1	1	47	1.7876971e+02
1	1	1	48	2.3606476e+02
1	1	1	49	2.7260447e+02
1	1	1	50	2.5262889e+02
1	1	1	51	5.2420036e+02
1	1	1	52	6.1045684e+02
1	1	1	53	4.5719361e+02
1	1	1	54	4.4789522e+02
1	1	1	55	3.8930128e+02
1	1	1	56	4.3240237e+02
1	1	1	57	4.1134121e+02
1	1	1	58	4.5812535e+02
1	1	1	59	2.9014523e+02
1	1	1	60	5.3338908e+02
1	1	1	61	3.7032473e+02
1	1	1	62	3.8593882e+02
1	1	1	63	4.7587927e+02
1	1	2	0	-1.6994270e+02
1	1	2	1	-2.5672011e+02
1	1	2	2	-1.7129762e+02
1	1	2	3	-2.0786076e+02
1	1	2	4	-2.2293151e+02
1	1	2	5	-2.8050847e+02
1	1	2	6	-2.5297791e+02
1	1	2	7	-1.5849054e+02
1	1	2	8	-1.7897544e+02
1	1	2	9	-2.7031448e+02
1	1	2	10	-3.1871789e+02
1	1	2	11	-2.7264267e+02
1	1	2	12	-3.3111776e+02
1	1	2	13	-3.4719030e+02
1	1	2	14	-2.2042212e+02
1	1	2	15	-1.8685362e+02
1	1	2	16	-2.7617453e+02
1	1	2	17	-3.5915604e+02
1	1	2	18	-3.2782048e+02
1	1	2	19	-3.9720598e+02
1	1	2	20	-2.9301487e+02
1	1	2	21	-2.9327785e+02
1	1	2	22	-2.7082942e+02
1	1	2	23	-3.1363707e+02
1	1	2	24	-3.9692036e+02
1	1	2	25	-3.2600291e+02
1	1	2	26	-3.2046683e+02
1	1	2	27	-3.1345158e+02
1	1	2	28	-2.8125759e+02
1	1	2	29	-3.8789071e+02
1	1	2	30	-3.6349679e+02
1	1	2	31	-3.4046752e+02
1	1	2	32	-3.7390814e+02
1	1	2	33	-2.8516173e+02
1	1	2	34	2.1947377e+01
1	1	2	35	-4.3231052e+01
1	1	2	36	6.4615418e+01
1	1	2	37	2.7171169e+01
1	1	2	38	-1.2113746e+01
1	1	2	39	-4.0087678e+00
1	1	2	40	8.5756839e+01
1	1	2	41	-8.6534751e+01
1	1	2	42	5.2857497e+01
1	1	2	43	1.0378398e+02
1	1	2	44	-9.2946551e+00
1	1	2	45	2.5378008e+01
1	1	2	46	-2.0325332e+01
1	1	2	47	-1.4887515e+01
1	1	2	48	1.4189093e+01
1	1	2	49	-2.3111467e+01
1	1	2	50	3.7556992e+01
1	1	2	51	3.6773706e+02
1	1	2	52	3.3264728e+02
1	1	2	53	1.4613692e+02
1	1	2	54	1.8097561e+02
1	1	2	55	1.4810626e+02
1	1	2	56	1.8828888e+02
1	1	2	57	2.2010212e+02
1	1	2	58	1.8335289e+02
1	1	2	59	1.2111559e+02
1	1	2	60	1.7842755e+02
1	1	2	61	1.0875261e+02
1	1	2	62	1.2984872e+01
1	1	2	63	1.9715855e+02
1	1	3	0	-1.4616765e+02
1	1	3	1	-1.1691905e+02
1	1	3	2	-7.5121015e+01
1	1	3	3	-4.9428398e+01
1	1	3	4	-1.1017298e+02
1	1	3	5	-8.2289957e+01
1	1	3	6	-5.8560733e+01
1	1	3	7	-3.7472779e+01
1	1	3	8	-8.1133076e+01
1	1	3	9	-1.8312765e+01
1	1	3	10	-4.5086039e+01
1	1	3	11	-8.4565627e+01
1	1	3	12	-9.3311307e+01
1	1	3	13	-1.0451236e+02
1	1	3	14	-1.7739051e+02
1	1	3	15	-6.9155027e+01
1	1	3	16	-1.1115400e+02
1	1	3	17	-7.4350757e+01
1	1	3	18	-1.8776806e+02
1	1	3	19	-1.8333410e+02
1	1	3	20	-1.2090945e+02
1	1	3	21	-1.3345781e+02
1	1	3	22	-1.2384043e+02
1	1	3	23	-3.5989095e+01
1	1	3	24	-9.0064117e+01
1	1	3	25	-1.0468669e+02
1	1	3	26	-1.1985589e+02
1	1	3	27	-1.2912121e+02
1	1	3	28	-5.5445018e+01
1	1	3	29	-1.1231565e+02
1	1	3	30	-1.0996718e+02
1	1	3	31	-2.1882796e+02
1	1	3	32	-1.5603185e+02
1	1	3	33	-1.0320344e+02
1	1	3	34	1.2730381e+02
1	1	3	35	9.2813397e+01
1	1	3	36	2.0071991e+02
1	1	3	37	2.4755929e+02
1	1	3	38	2.0614592e+02
1	1	3	39	1.6376817e+02
1	1	3	40	2.5095526e+02
1	1	3	41	2.1789149e+02
1	1	3	42	2.5353556e+02
1	1	3	43	1.9033244e+02
1	1	3	44	2.1024152e+02
1	1	3	45	1.7153866e+02
1	1	3	46	2.0374294e+02
1	1	3	47	2.6123865e+02
1	1	3	48	1.6902635e+02
1	1	3	49	1.1294017e+02
1	1	3	50	2.1748114e+02
1	1	3	51	4.8184770e+02
1	1	3	52	4.0784828e+02
1	1	3	53	2.2816658e+02
1	1	3	54	3.2445169e+02
1	1	3	55	2.6747804e+02
1	1	3	56	3.9344097e+02
1	1	3	57	4.3190669e+02
1	1	3	58	4.2877067e+02
1	1	3	59	3.6671994e+02
1	1	3	60	3.2819217e+02
1	1	3	61	3.6173855e+02
1	1	3	62	3.3613904e+02
1	1	3	63	4.0635602e+02
1	1	4	0	-7.0466466e+01
1	1	4	1	-1.7327568e+02
1	1	4	2	-1.6045960e+02
1	1	4	3	-8.2608471e+01
1	1	4	4	-2.2240564e+02
1	1	4	5	-1.5283335e+02
1	1	4	6	-1.7671341e+02
1	1	4	7	-1.4075177e+02
1	1	4	8	-1.7381281e+02
1	1	4	9	-2.1892523e+02
1	1	4	10	-2.4675766e+02
1	1	4	11	-1.5612146e+02
1	1	4	12	-2.1715092e+02
1	1	4	13	-1.8290007e+02
1	1	4	14	-1.1271978e+02
1	1	4	15	-1.8685049e+02
1	1	4	16	-2.3644599e+02
1	1	4	17	-2.6186791e+02
1	1	4	18	-1.5562675e+02
1	1	4	19	-2.3816948e+02
1	1	4	20	-1.8712013e+02
1	1	4	21	-2.1292955e+02
1	1	4	22	-2.0735100e+02
1	1	4	23	-2.2160059e+02
1	1	4	24	-2.5660106e+02
1	1	4	25	-2.5519998e+02
1	1	4	26	-2.5046082e+02
1	1	4	27	-2.5574626e+02
1	1	4	28	-2.2013134e+02
1	1	4	29	-2.7244365e+02
1	1	4	30	-2.5456116e+02
1	1	4	31	-3.1638334e+02
1	1	4	32	-2.5858363e+02
1	1	4	33	-3.1751574e+02
1	1	4	34	1.2977566e+01
1	1	4	35	7.8358177e+01
1	1	4	36	9.0719096e+00
1	1	4	37	4.0880656e+01
1	1	4	38	1.2507680e+01
1	1	4	39	3.3293617e+01
1	1	4	40	3.5807027e+01
1	1	4	41	-1.6378711e+01
1	1	4	42	1.0336033e+02
1	1	4	43	9.5996120e+01
1	1	4	44	7.8875672e+01
1	1	4	45	3.7427680e+01
1	1	4	46	6.2572120e+01
1	1	4	47	1.2466216e+02
1	1	4	48	8.1220973e+01
1	1	4	49	6.7787295e+01
1	1	4	50	8.9912308e+01
1	1	4	51	3.7762503e+02
1	1	4	52	3.5738566e+02
1	1	4	53	2.0530271e+02
1	1	4	54	1.8953722e+02
1	1	4	55	2.2353231e+02
1	1	4	56	3.3039886e+02
1	1	4	57	2.5857475e+02
1	1	4	58	2.2232963e+02
1	1	4	59	2.1522274e+02
1	1	4	60	2.3073095e+02
1	1	4	61	1.1008634e+02
1	1	4	62	1.9931526e+02
1	1	4	63	2.3555146e+02
1	1	5	0	2.9168246e+01
1	1	5	1	-7.4872911e+01
1	1	5	2	-1.9607622e+02
1	1	5	3	-1.3114734e+02
1	1	5	4	-1.1977649e+02
1	1	5	5	-8.6932403e+01
1	1	5	6	-5.9562875e+00
1	1	5	7	-8.2611135e+01
1	1	5	8	-1.6615410e+02
1	1	5	9	-5.4168909e+01
1	1	5	10	-3.3160157e+01
1	1	5	11	-5.3327394e+01
1	1	5	12	-1.3956315e+02
1	1	5	13	-1.6371545e+02
1	1	5	14	-1.8620809e+02
1	1	5	15	-1.0163977e+02
1	1	5	16	-1.5139577e+02
1	1	5	17	-6.9122000e+01
1	1	5	18	-1.2393681e+02
1	1	5	19	-1.9484943e+02
1	1	5	20	-1.4314208e+02
1	1	5	21	-1.0861703e+02
1	1	5	22	-9.4185064e+01
1	1	5	23	-1.7440277e+02
1	1	5	24	-2.0388463e+02
1	1	5	25	-2.4606991e+02
1	1	5	26	-1.3160018e+02
1	1	5	27	-1.6191284e+02
1	1	5	28	-1.0432861e+02
1	1	5	29	-1.8171586e+02
1	1	5	30	-1.0582260e+02
1	1	5	31	-1.8830167e+02
1	1	5	32	-1.9280235e+02
1	1	5	33	-1.5049638e+02
1	1	5	34	1.7797109e+02
1	1	5	35	1.9258917e+02
1	1	5	36	2.5798099e+02
1	1	5	37	2.3805497e+02
1	1	5	38	2.3440307e+02
1	1	5	39	1.6173800e+02
1	1	5	40	2.4095778e+02
1	1	5	41	1.4102903e+02
1	1	5	42	1.8379861e+02
1	1	5	43	1.8889013e+02
1	1	5	44	1.8972758e+02
1	1	5	45	2.2286605e+02
1	1	5	46	2.5249155e+02
1	1	5	47	2.6636195e+02
1	1	5	48	2.6950609e+02
1	1	5	49	2.5108031e+02
1	1	5	50	2.4040659e+02
1	1	5	51	4.9195495e+02
1	1	5	52	5.2267466e+02
1	1	5	53	3.9809164e+02
1	1	5	54	3.8068709e+02
1	1	5	55	3.7894915e+02
1	1	5	56	3.2271000e+02
1	1	5	57	4.0244864e+02
1	1	5	58	3.6297526e+02
1	1	5	59	4.0463579e+02
1	1	5	60	2.8027714e+02
1	1	5	61	3.2364390e+02
1	1	5	62	2.8036597e+02
1	1	5	63	3.9135938e+02
1	1	6	0	-1.7218007e+02
1	1	6	1	-2.6277164e+02
1	1	6	2	-2.6647849e+02
1	1	6	3	-1.9935797e+02
1	1	6	4	-2.6980580e+02
1	1	6	5	-2.9769264e+02
1	1	6	6	-3.0284522e+02
1	1	6	7	-1.9601645e+02
1	1	6	8	-2.4971557e+02
1	1	6	9	-1.9841365e+02
1	1	6	10	-3.7132776e+02
1	1	6	11	-1.8230428e+02
1	1	6	12	-2.6010292e+02
1	1	6	13	-2.2318184e+02
1	1	6	14	-2.2800719e+02
1	1	6	15	-2.9720097e+02
1	1	6	16	-2.3523099e+02
1	1	6	17	-2.8689283e+02
1	1	6	18	-2.6393814e+02
1	1	6	19	-2.9356903e+02
1	1	6	20	-2.6436740e+02
1	1	6	21	-2.5374473e+02
1	1	6	22	-2.9621134e+02
1	1	6	23	-2.3867008e+02
1	1	6	24	-3.1807098e+02
1	1	6	25	-3.1229548e+02
1	1	6	26	-3.3818181e+02
1	1	6	27	-2.9440355e+02
1	1	6	28	-2.7740365e+02
1	1	6	29	-2.9480187e+02
1	1	6	30	-2.6337403e+02
1	1	6	31	-2.8123871e+02
1	1	6	32	-4.4348752e+02
1	1	6	33	-2.9480576e+02
1	1	6	34	8.3488088e+01
1	1	6	35	1.3955726e+02
1	1	6	36	1.1697013e+02
1	1	6	37	8.6917773e+01
1	1	6	38	-3.8731107e+01
1	1	6	39	4.4649727e+01
1	1	6	40	1.6087758e+01
1	1	6	41	-2.6695024e+01
1	1	6	42	5.8265392e+01
1	1	6	43	1.4084987e+02
1	1	6	44	4.2825364e+01
1	1	6	45	4.7649571e+01
1	1	6	46	1.2641609e+02
1	1	6	47	-1.0058874e+01
1	1	6	48	9.5999667e+01
1	1	6	49	7.9353437e+01
1	1	6	50	6.6185920e+01
1	1	6	51	3.5285346e+02
1	1	6	52	4.0643523e+02
1	1	6	53	6.3442643e+01
1	1	6	54	2.0516736e+02
1	1	6	55	2.3565460e+02
1	1	6	56	2.8831712e+02
1	1	6	57	2.8994849e+02
1	1	6	58	2.9273807e+02
1	1	6	59	1.9628644e+02
1	1	6	60	2.4805583e+02
1	1	6	61	1.4659269e+02
1	1	6	62	2.0926905e+02
1	1	6	63	2.7324667e+02
1	1	7	0	3.8061469e+01
1	1	7	1	-6.0684841e+01
1	1	7	2	-7.6877438e+01
1	1	7	3	-9.4771377e+01
1	1	7	4	-4.7850739e+01
1	1	7	5	-3.7590306e+00
1	1	7	6	-1.6216701e+02
1	1	7	7	-2.4137381e+01
1	1	7	8	-8.8186718e+01
1	1	7	9	-5.5846816e+01
1	1	7	10	-8.5240153e+01
1	1	7	11	-1.5393137e+02
1	1	7	12	-1.4627868e+02
1	1	7	13	-6.8121482e+01
1	1	7	14	-1.7766473e+02
1	1	7	15	-5.5529946e+01
1	1	7	16	-1.5210825e+02
1	1	7	17	-1.4249262e+02
1	1	7	18	-1.2318914e+02
1	1	7	19	-7.7894622e+01
1	1	7	20	-1.3529164e+02
1	1	7	21	-1.4176140e+02
1	1	7	22	-3.7077899e+01
1	1	7	23	-3.4966871e+01
1	1	7	24	-1.3865446e+02
1	1	7	25	-3.5250975e+01
1	1	7	26	-1.4835343e+02
1	1	7	27	-1.4826005e+02
1	1	7	28	-6.1186814e+01
1	1	7	29	-4.9704198e+01
1	1	7	30	-1.2685784e+02
1	1	7	31	-1.5031190e+02
1	1	7	32	-1.4435651e+02
1	1	7	33	-1.2776039e+02
1	1	7	34	2.5741390e+02
1	1	7	35	1.8158831e+02
1	1	7	36	2.6146766e+02
1	1	7	37	9.8074120e+01
1	1	7	38	2.4693083e+02
1	1	7	39	2.6549707e+02
1	1	7	40	3.0692071e+02
1	1	7	41	2.2351894e+02
1	1	7	42	2.7312829e+02
1	1	7	43	1.9674849e+02
1	1	7	44	3.1826414e+02
1	1	7	45	9.8350165e+01
1	1	7	46	2.8874451e+02
1	1	7	47	1.7709963e+02
1	1	7	48	2.5003578e+02
1	1	7	49	2.6781897e+02
1	1	7	50	1.6522437e+02
1	1	7	51	4.3740737e+02
1	1	7	52	5.4462609e+02
1	1	7	53	3.8071226e+02
1	1	7	54	3.5939968e+02
1	1	7	55	3.2118081e+02
1	1	7	56	4.8476086e+02
1	1	7	57	3.4328196e+02
1	1	7	58	3.8545886e+02
1	1	7	59	2.9686224e+02
1	1	7	60	4.0845247e+02
1	1	7	61	3.7025476e+02
1	1	7	62	4.5554234e+02
1	1	7	63	2.9423057e+02
1	1	8	0	-1.0921260e+02
1	1	8	1	-3.1930592e+02
1	1	8	2	-1.0078280e+02
1	1	8	3	-1.9344072e+02
1	1	8	4	-1.7781023e+02
1	1	8	5	-1.9675485e+02
1	1	8	6	-1.9838500e+02
1	1	8	7	-1.2982711e+02
1	1	8	8	-2.6493072e+02
1	1	8	9	-1.7456281e+02
1	1	8	10	-2.3570258e+02
1	1	8	11	-2.3535057e+02
1	1	8	12	-2.3851402e+02
1	1	8	13	-2.2526163e+02
1	1	8	14	-1.9621724e+02
1	1	8	15	-2.0302674e+02
1	1	8	16	-3.2746737e+02
1	1	8	17	-2.9428253e+02
1	1	8	18	-2.3017405e+02
1	1	8	19	-2.9512983e+02
1	1	8	20	-2.2101464e+02
1	1	8	21	-2.6012882e+02
1	1	8	22	-2.5013579e+02
1	1	8	23	-2.9465527e+02
1	1	8	24	-3.6305898e+02
1	1	8	25	-3.0278797e+02
1	1	8	26	-2.7835410e+02
1	1	8	27	-2.8199512e+02
1	1	8	28	-2.2186587e+02
1	1	8	29	-4.4004199e+02
1	1	8	30	-3.1085693e+02
1	1	8	31	-3.1205327e+02
1	1	8	32	-3.2730562e+02
1	1	8	33	-2.9003177e+02
1	1	8	34	-3.5631218e+01
1	1	8	35	3.7430407e+01
1	1	8	36	3.1404786e+01
1	1	8	37	6.7736761e-02
1	1	8	38	-3.7253763e+01
1	1	8	39	2.0443452e+01
1	1	8	40	3.5662794e+01
1	1	8	41	3.9861037e+01
1	1	8	42	-2.4814655e+01
1	1	8	43	6.5543416e+01
1	1	8	44	6.9677291e+01
1	1	8	45	1.4645423e+01
1	1	8	46	7.0855064e+01
1	1	8	47	-7.5044703e+00
1	1	8	48	1.2427477e+01
1	1	8	49	-6.1203994e+00
1	1	8	50	3.0745075e+01
1	1	8	51	3.5650815e+02
1	1	8	52	4.0201673e+02
1	1	8	53	8.1358799e+01
1	1	8	54	1.3127691e+02
1	1	8	55	2.1542403e+02
1	1	8	56	3.6616842e+02
1	1	8	57	1.1239898e+02
1	1	8	58	2.5687756e+02
1	1	8	59	1.8877776e+02
1	1	8	60	3.1437442e+02
1	1	8	61	5.2941673e+01
1	1	8	62	1.7473628e+02
1	1	8	63	8.9431496e+01
1	1	9	0	1.8969988e+01
1	1	9	1	-1.8047966e+02
1	1	9	2	-8.3212347e+01
1	1	9	3	-1.9081891e+02
1	1	9	4	-1.3493737e+02
1	1	9	5	-9.0713863e+01
1	1	9	6	-7.1263051e+01
1	1	9	7	-1.1939643e+02
1	1	9	8	-1.5038236e+02
1	1	9	9	-1.7066362e+02
1	1	9	10	-1.2427325e+02
1	1	9	11	-1.6811285e+02
1	1	9	12	-1.2422059e+02
1	1	9	13	-1.0964216e+02
1	1	9	14	-1.9171729e+02
1	1	9	15	-1.1735504e+02
1	1	9	16	-1.2441917e+02
1	1	9	17	-4.0508207e+01
1	1	9	18	-1.5735590e+02
1	1	9	19	-6.7809804e+01
1	1	9	20	-1.5095976e+02
1	1	9	21	-1.6044649e+02
1	1	9	22	-1.9215275e+02
1	1	9	23	-8.4945445e+01
1	1	9	24	-1.9384273e+02
1	1	9	25	-2.1414348e+02
1	1	9	26	-1.7180038e+02
1	1	9	27	-2.4457761e+02
1	1	9	28	-1.6744517e+02
1	1	9	29	-1.9869654e+02
1	1	9	30	-1.5871059e+02
1	1	9	31	-1.7308721e+02
1	1	9	32	-1.2394319e+02
1	1	9	33	-1.8681518e+02
1	1	9	34	2.8449685e+01
1	1	9	35	1.2127616e+02
1	1	9	36	2.9085441e+02
1	1	9	37	1.0817581e+02
1	1	9	38	1.3298244e+02
1	1	9	39	1.9129568e+02
1	1	9	40	2.7063799e+02
1	1	9	41	2.1557502e+02
1	1	9	42	2.4327329e+02
1	1	9	43	1.9306142e+02
1	1	9	44	2.9458101e+02
1	1	9	45	1.2676954e+02
1	1	9	46	2.0553041e+02
1	1	9	47	2.0086797e+02
1	1	9	48	2.3397263e+02
1	1	9	49	9.4581006e+01
1	1	9	50	2.3350277e+02
1	1	9	51	3.4684055e+02
1	1	9	52	4.7075762e+02
1	1	9	53	3.1250761e+02
1	1	9	54	2.9914287e+02
1	1	9	55	3.2771020e+02
1	1	9	56	3.2528515e+02
1	1	9	57	3.5883631e+02
1	1	9	58	2.0284276e+02
1	1	9	59	3.1754269e+02
1	1	9	60	3.9084409e+02
1	1	9	61	1.6779002e+02
1	1	9	62	2.6127553e+02
1	1	9	63	4.0914779e+02
1	1	10	0	-2.1998001e+01
1	1	10	1	-8.7023315e+00
1	1	10	2	7.9387712e+00
1	1	10	3	-2.3945665e+01
1	1	10	4	-1.5327784e+02
1	1	10	5	-8.9180625e+01
1	1	10	6	-1.1145578e+02
1	1	10	7	3.3944702e+01
1	1	10	8	-7.9439162e+01
1	1	10	9	5.1120645e+00
1	1	10	10	-6.6997202e+01
1	1	10	11	-1.1785465e+01
1	1	10	12	-1.4895022e+02
1	1	10	13	-8.7130468e+01
1	1	10	14	-6.6060064e+01
1	1	10	15	-7.2931263e+01
1	1	10	16	-7.2073777e+01
1	1	10	17	-1.6189031e+02
1	1	10	18	-7.6826477e+01
1	1	10	19	-1.2365020e+02
1	1	10	20	-1.1790792e+02
1	1	10	21	-7.1806600e+01
1	1	10	22	-1.5972279e+02
1	1	10	23	-8.6873897e+01
1	1	10	24	-1.2242784e+02
1	1	10	25	-1.1601357e+02
1	1	10	26	-9.5199990e+01
1	1	10	27	-2.3951399e+02
1	1	10	28	-1.6573063e+02
1	1	10	29	-1.3068461e+02
1	1	10	30	-9.0248572e+01
1	1	10	31	-2.1475168e+02
1	1	10	32	-1.7111512e+02
1	1	10	33	-1.9296170e+02
1	1	10	34	1.9096648e+02
1	1	10	35	1.4219743e+02
1	1	10	36	1.7289047e+02
1	1	10	37	1.8186174e+02
1	1	10	38	1.6976797e+02
1	1	10	39	1.9041105e+02
1	1	10	40	1.6005374e+02
1	1	10	41	1.1144361e+02
1	1	10	42	2.0531412e+02
1	1	10	43	2.2676405e+02
1	1	10	44	2.9987361e+02
1	1	10	45	2.1266716e+02
1	1	10	46	1.3987846e+02
1	1	10	47	1.9045245e+02
1	1	10	48	2.4959426e+02
1	1	10	49	2.5297771e+02
1	1	10	50	1.9815807e+02
1	1	10	51	5.1989054e+02
1	1	10	52	5.6300779e+02
1	1	10	53	3.3103730e+02
1	1	10	54	2.8265331e+02
1	1	10	55	4.0265416e+02
1	1	10	56	2.6400290e+02
1	1	10	57	4.5542285e+02
1	1	10	58	4.6560569e+02
1	1	10	59	2.6224328e+02
1	1	10	60	3.8045116e+02
1	1	10	61	1.5971346e+02
1	1	10	62	2.3715350e+02
1	1	10	63	3.0653490e+02
1	1	11	0	1.8800791e+01
1	1	11	1	2.4963629e+01
1	1	11	2	1.9463033e+00
1	1	11	3	3.5325445e+01
1	1	11	4	-1.2782930e+01
1	1	11	5	-1.2705187e+02
1	1	11	6	-4.3426460e+01
1	1	11	7	4.4267265e+01
1	1	11	8	9.0560911e-01
1	1	11	9	-5.5870125e+01
1	1	11	10	1.7981538e+01
1	1	11	11	-4.1774766e+01
1	1	11	12	3.8767743e+01
1	1	11	13	-8.5793047e+01
1	1	11	14	-8.6072142e+01
1	1	11	15	-4.5026792e+01
1	1	11	16	-6.4933233e+01
1	1	11	17	-1.1103457e+02
1	1	11	18	-6.3992745e+01
1	1	11	19	8.1137908e+01
1	1	11	20	1.0595477e+01
1	1	11	21	-1.0065525e+02
1	1	11	22	2.7363437e+00
1	1	11	23	3.7599140e+01
1	1	11	24	-3.9980029e+01
1	1	11	25	3.6351120e+01
1	1	11	26	-2.7884585e+01
1	1	11	27	-1.0029195e+02
1	1	11	28	-9.3608003e+01
1	1	11	29	2.7183424e+00
1	1	11	30	-4.1218461e+01
1	1	11	31	-6.8356174e+00
1	1	11	32	-1.3194981e+01
1	1	11	33	-8.4116473e+01
1	1	11	34	2.8783538e+02
1	1	11	35	1.3178605e+02
1	1	11	36	3.8760924e+02
1	1	11	37	4.0163146e+02
1	1	11	38	3.1081952e+02
1	1	11	39	1.8943763e+02
1	1	11	40	4.5041240e+02
1	1	11	41	2.5416168e+02
1	1	11	42	3.7181681e+02
1	1	11	43	3.5849233e+02
1	1	11	44	5.0810890e+02
1	1	11	45	3.4155902e+02
1	1	11	46	3.9679305e+02
1	1	11	47	2.9857841e+02
1	1	11	48	4.5185666e+02
1	1	11	49	3.8769975e+02
1	1	11	50	2.1333083e+02
1	1	11	51	5.7004766e+02
1	1	11	52	5.3671525e+02
1	1	11	53	4.5287681e+02
1	1	11	54	4.1979464e+02
1	1	11	55	4.3792388e+02
1	1	11	56	5.8033853e+02
1	1	11	57	5.3031927e+02
1	1	11	58	3.7829770e+02
1	1	11	59	4.6740696e+02
1	1	11	60	5.1604447e+02
1	1	11	61	2.5275259e+02
1	1	11	62	2.6592940e+02
1	1	11	63	4.7437063e+02
1	1	12	0	-1.0700183e+02
1	1	12	1	-1.4815843e+02
1	1	12	2	-1.3736805e+02
1	1	12	3	-1.5516559e+02
1	1	12	4	-3.3590000e+02
1	1	12	5	-1.0168047e+02
1	1	12	6	-2.6107927e+02
1	1	12	7	-2.8437215e+02
1	1	12	8	-2.5276796e+02
1	1	12	9	-3.0695490e+02
1	1	12	10	-3.0738922e+02
1	1	12	11	-1.4320382e+02
1	1	12	12	-3.0176147e+02
1	1	12	13	-2.0332663e+02
1	1	12	14	-2.3346172e+02
1	1	12	15	-1.8937750e+02
1	1	12	16	-2.6302027e+02
1	1	12	17	-3.1247089e+02
1	1	12	18	-2.4944178e+02
1	1	12	19	-2.4921387e+02
1	1	12	20	-1.4239623e+02
1	1	12	21	-2.6283307e+02
1	1	12	22	-2.7595872e+02
1	1	12	23	-3.8911641e+02
1	1	12	24	-3.5491180e+02
1	1	12	25	-3.7790680e+02
1	1	12	26	-3.9078446e+02
1	1	12	27	-3.5237774e+02
1	1	12	28	-2.6290972e+02
1	1	12	29	-2.8753323e+02
1	1	12	30	-2.6135801e+02
1	1	12	31	-2.6668749e+02
1	1	12	32	-3.2778495e+02
1	1	12	33	-3.0466526e+02
1	1	12	34	5.4311197e+01
1	1	12	35	3.5275137e+01
1	1	12	36	8.6379735e+01
1	1	12	37	4.3171701e+01
1	1	12	38	6.9656048e+01
1	1	12	39	3.9436707e+01
1	1	12	40	4.8987753e+01
1	1	12	41	2.6585482e+01
1	1	12	42	1.1230594e+02
1	1	12	43	1.0405219e+02
1	1	12	44	2.5011806e+02
1	1	12	45	3.6008426e+01
1	1	12	46	1.0236292e+02
1	1	12	47	8.5450624e+01
1	1	12	48	9.4251929e+01
1	1	12	49	1.4685191e+01
1	1	12	50	-4.7343909e+01
1	1	12	51	4.0498940e+02
1	1	12	52	4.2773501e+02
1	1	12	53	2.0205018e+02
1	1	12	54	2.3316821e+02
1	1	12	55	2.6488115e+02
1	1	12	56	3.0754124e+02
1	1	12	57	3.6031838e+02
1	1	12	58	2.8284070e+02
1	1	12	59	2.2702223e+02
1	1	12	60	2.6666316e+02
1	1	12	61	2.2387796e+02
1	1	12	62	1.5014704e+02
1	1	12	63	3.2853524e+02
1	1	13	0	-4.8046204e+01
1	1	13	1	-4.2660475e+01
1	1	13	2	-2.2938171e+01
1	1	13	3	-7.0022072e+01
1	1	13	4	-3.6262420e+01
1	1	13	5	-6.0194086e+00
1	1	13	6	-1.2239238e+02
1	1	13	7	-4.2694839e+01
1	1	13	8	-1.9841794e+02
1	1	13	9	2.7725561e+01
1	1	13	10	-9.7320897e+01
1	1	13	11	-4.7176564e+01
1	1	13	12	-1.6173315e+02
1	1	13	13	-1.0214747e+02
1	1	13	14	-1.8643196e+02
1	1	13	15	-7.2909437e+01
1	1	13	16	-9.7712498e+01
1	1	13	17	-5.8984748e+01
1	1	13	18	-9.2344175e+01
1	1	13	19	2.0091218e+00
1	1	13	20	-1.9962395e+02
1	1	13	21	-1.3775607e+02
1	1	13	22	-2.1271075e+02
1	1	13	23	1.5051448e+01
1	1	13	24	-2.3367632e+02
1	1	13	25	-2.3834348e+01
1	1	13	26	-7.0118406e+01
1	1	13	27	-6.7782808e+01
1	1	13	28	-1.0214654e+02
1	1	13	29	-4.0322561e+01
1	1	13	30	-1.7985804e+02
1	1	13	31	-1.1009467e+02
1	1	13	32	-1.2561626e+02
1	1	13	33	-1.5995430e+02
1	1	13	34	2.7097743e+02
1	1	13	35	1.9907321e+02
1	1	13	36	3.4962135e+02
1	1	13	37	3.3845286e+02
1	1	13	38	2.6500117e+02
1	1	13	39	3.4096159e+02
1	1	13	40	2.1966338e+02
1	1	13	41	2.0071711e+02
1	1	13	42	2.4199663e+02
1	1	13	43	1.6847742e+02
1	1	13	44	1.2858302e+02
1	1	13	45	2.6642629e+02
1	1	13	46	3.3124417e+02
1	1	13	47	2.6745663e+02
1	1	13	48	2.8825309e+02
1	1	13	49	2.5821068e+02
1	1	13	50	2.3546465e+02
1	1	13	51	5.2422233e+02
1	1	13	52	5.8058723e+02
1	1	13	53	3.2159103e+02
1	1	13	54	3.3675976e+02
1	1	13	55	3.4592702e+02
1	1	13	56	4.0593497e+02
1	1	13	57	4.0694483e+02
1	1	13	58	2.7055127e+02
1	1	13	59	4.0636422e+02
1	1	13	60	3.7771981e+02
1	1	13	61	3.7482354e+02
1	1	13	62	3.9769766e+02
1	1	13	63	4.6346272e+02
1	1	14	0	-6.4100754e+01
1	1	14	1	-1.5811095e+02
1	1	14	2	-8.5664741e+01
1	1	14	3	-7.8411426e+01
1	1	14	4	-2.2833045e+02
1	1	14	5	-8.1393653e+01
1	1	14	6	-1.8879980e+02
1	1	14	7	-2.0200615e+02
1	1	14	8	-1.8510396e+02
1	1	14	9	-1.0133024e+02
1	1	14	10	-2.8704062e+02
1	1	14	11	-9.5930312e+01
1	1	14	12	-1.9723923e+02
1	1	14	13	-1.5109008e+02
1	1	14	14	-2.1638513e+02
1	1	14	15	-3.2130693e+02
1	1	14	16	-3.2835997e+02
1	1	14	17	-2.8602603e+02
1	1	14	18	-3.2049279e+02
1	1	14	19	-2.0710511e+02
1	1	14	20	-2.4331730e+02
1	1	14	21	-3.0928688e+02
1	1	14	22	-1.9754191e+02
1	1	14	23	-1.7175951e+02
1	1	14	24	-2.6468898e+02
1	1	14	25	-1.8746746e+02
1	1	14	26	-3.4347267e+02
1	1	14	27	-2.4830665e+02
1	1	14	28	-2.0215994e+02
1	1	14	29	-3.6114001e+02
1	1	14	30	-2.0350566e+02
1	1	14	31	-2.2868812e+02
1	1	14	32	-2.5205849e+02
1	1	14	33	-3.3579902e+02
1	1	14	34	1.0653061e+02
1	1	14	35	1.8207483e+02
1	1	14	36	1.6721120e+01
1	1	14	37	1.0405897e+02
1	1	14	38	1.1431506e+02
1	1	14	39	1.3266447e+02
1	1	14	40	1.0273839e+02
1	1	14	41	2.0137930e+02
1	1	14	42	1.5077983e+02
1	1	14	43	1.9894266e+02
1	1	14	44	2.8104631e+02
1	1	14	45	1.3239112e+02
1	1	14	46	1.5862952e+02
1	1	14	47	2.2342856e+02
1	1	14	48	1.3883225e+02
1	1	14	49	7.6038868e+01
1	1	14	50	1.8016690e+02
1	1	14	51	5.5533604e+02
1	1	14	52	5.2972738e+02
1	1	14	53	2.8565860e+02
1	1	14	54	2.9968029e+02
1	1	14	55	3.6686349e+02
1	1	14	56	4.7572277e+02
1	1	14	57	4.7984849e+02
1	1	14	58	3.6268585e+02
1	1	14	59	4.0260747e+02
1	1	14	60	3.4414000e+02
1	1	14	61	3.1494638e+02
1	1	14	62	3.5670314e+02
1	1	14	63	3.4203332e+02
1	1	15	0	4.2387726e+01
1	1	15	1	-1.8917221e+01
1	1	15	2	5.9529566e+01
1	1	15	3	1.9418051e+01
1	1	15	4	1.2666148e+01
1	1	15	5	-2.9878248e+00
1	1	15	6	-2.2460084e+01
1	1	15	7	9.1076205e+01
1	1	15	8	1.3839523e+01
1	1	15	9	2.0129807e+01
1	1	15	10	4.1141469e+01
1	1	15	11	4.1966994e+01
1	1	15	12	-1.2198162e+02
1	1	15	13	-1.4096125e+01
1	1	15	14	-8.4792911e+01
1	1	15	15	-1.9134273e+01
1	1	15	16	-4.2437372e+01
1	1	15	17	2.4200100e+01
1	1	15	18	-5.9594118e+01
1	1	15	19	-6.4853542e+00
1	1	15	20	-5.6265397e+01
1	1	15	21	-2.0732130e+01
1	1	15	22	6.7815332e+01
1	1	15	23	2.7292244e+01
1	1	15	24	-4.4913870e+01
1	1	15	25	-3.6844676e+01
1	1	15	26	-4.3318976e+01
1	1	15	27	-1.2128272e+02
1	1	15	28	5.9083772e+00
1	1	15	29	4.5799684e+01
1	1	15	30	-8.1004582e+00
1	1	15	31	-7.2102697e+01
1	1	15	32	-6.3846014e+01
1	1	15	33	3.3134810e+00
1	1	15	34	2.5092439e+02
1	1	15	35	2.7081106e+02
1	1	15	36	4.4189540e+02
1	1	15	37	2.4223066e+02
1	1	15	38	2.8433827e+02
1	1	15	39	2.6731509e+02
1	1	15	40	4.5421453e+02
1	1	15	41	1.9065160e+02
1	1	15	42	4.4024007e+02
1	1	15	43	2.8774551e+02
1	1	15	44	3.6524132e+02
1	1	15	45	2.6155761e+02
1	1	15	46	2.8389429e+02
1	1	15	47	2.4425095e+02
1	1	15	48	2.8539752e+02
1	1	15	49	2.2393300e+02
1	1	15	50	2.7610142e+02
1	1	15	51	4.9228228e+02
1	1	15	52	5.4851036e+02
1	1	15	53	3.6224114e+02
1	1	15	54	4.0300180e+02
1	1	15	55	4.0140380e+02
1	1	15	56	4.2114775e+02
1	1	15	57	4.9371839e+02
1	1	15	58	2.9757016e+02
1	1	15	59	3.5771567e+02
1	1	15	60	4.6570877e+02
1	1	15	61	3.3781132e+02
1	1	15	62	2.6952012e+02
1	1	15	63	4.4841467e+02
1	2	0	0	5.4853495e+01
1	2	0	1	-3.3831504e+01
1	2	0	2	9.6072526e+01
1	2	0	3	3.4163176e+01
1	2	0	4	3.0870819e+01
1	2	0	5	8.8843753e+00
1	2	0	6	-6.1283741e+01
1	2	0	7	4.2330147e+01
1	2	0	8	-1.7654778e+01
1	2	0	9	4.4229417e+01
1	2	0	10	-8.1992755e+00
1	2	0	11	-2.3874698e+01
1	2	0	12	-4.9355373e+01
1	2	0	13	5.0210782e+01
1	2	0	14	7.4557286e+00
1	2	0	15	2.7392418e+00
1	2	0	16	-9.9186105e+01
1	2	0	17	-1.1988860e+01
1	2	0	18	-8.9079631e+01
1	2	0	19	-5.6956312e+01
1	2	0	20	-1.1440346e+01
1	2	0	21	-2.7362740e+01
1	2	0	22	2.2081849e+01
1	2	0	23	-4.8106083e+01
1	2	0	24	-1.2452677e+01
1	2	0	25	2.4563539e+01
1	2	0	26	-5.4357009e+01
1	2	0	27	-1.2488257e+02
1	2	0	28	-6.8519914e-02
1	2	0	29	-8.7256396e+01
1	2	0	30	-1.8840027e+01
1	2	0	31	-8.5362306e+01
1	2	0	32	-2.6851953e+01
1	2	0	33	-5.7842682e+01
1	2	0	34	1.5424941e+02
1	2	0	35	3.2293909e+02
1	2	0	36	2.9890958e+02
1	2	0	37	2.9758089e+02
1	2	0	38	2.7048444e+02
1	2	0	39	2.8839116e+02
1	2	0	40	2.8719924e+02
1	2	0	41	1.5297411e+02
1	2	0	42	2.5509201e+02
1	2	0	43	3.5728558e+02
1	2	0	44	3.8303261e+02
1	2	0	45	2.4965711e+02
1	2	0	46	3.5657622e+02
1	2	0	47	3.0207607e+02
1	2	0	48	3.3962795e+02
1	2	0	49	3.5537323e+02
1	2	0	50	2.9550239e+02
1	2	0	51	6.0556559e+02
1	2	0	52	5.5660473e+02
1	2	0	53	4.1100334e+02
1	2	0	54	3.6736636e+02
1	2	0	55	4.5197768e+02
1	2	0	56	5.5472500e+02
1	2	0	57	5.0671204e+02
1	2	0	58	3.6782311e+02
1	2	0	59	4.3631186e+02
1	2	0	60	4.4287403e+02
1	2	0	61	3.2398088e+02
1	2	0	62	2.7922971e+02
1	2	0	63	4.0123533e+02
1	2	1	0	1.1425187e+02
1	2	1	1	-8.1926973e+01
1	2	1	2	-9.7484786e+01
1	2	1	3	6.5050092e+01
1	2	1	4	-6.3528981e+01
1	2	1	5	8.5387039e+01
1	2	1	6	-7.4401824e+01
1	2	1	7	9.6983512e+01
1	2	1	8	8.2361343e+01
1	2	1	9	1.1220534e+02
1	2	1	10	9.6666982e+01
1	2	1	11	1.1820098e+01
1	2	1	12	-1.4236188e+01
1	2	1	13	1.7862533e+01
1	2	1	14	2.4668502e+00
1	2	1	15	2.9594618e+01
1	2	1	16	1.5940936e+01
1	2	1	17	-3.6635884e+01
1	2	1	18	-1.1409485e+01
1	2	1	19	1.6211596e+00
1	2	1	20	-1.7244840e+02
1	2	1	21	-3.7674999e+01
1	2	1	22	-1.0867032e+02
1	2	1	23	-1.4590795e+02
1	2	1	24	-1.0279957e+02
1	2	1	25	-9.0412740e-02
1	2	1	26	-6.6282197e+01
1	2	1	27	-3.0307980e+01
1	2	1	28	5.4365553e+01
1	2	1	29	-3.5225945e+01
1	2	1	30	-3.4710536e+01
1	2	1	31	-1.2661458e+02
1	2	1	32	-1.2237100e+02
1	2	1	33	-5.2627679e+01
1	2	1	34	2.8332118e+02
1	2	1	35	1.1820264e+02
1	2	1	36	2.5108234e+02
1	2	1	37	1.8261781e+02
1	2	1	38	3.0194525e+02
1	2	1	39	1.4673273e+02
1	2	1	40	3.5702110e+02
1	2	1	41	2.7901655e+02
1	2	1	42	3.3036749e+02
1	2	1	43	2.4201958e+02
1	2	1	44	3.8295856e+02
1	2	1	45	3.0133263e+02
1	2	1	46	3.6735513e+02
1	2	1	47	2.7460254e+02
1	2	1	48	2.8421733e+02
1	2	1	49	3.4026961e+02
1	2	1	50	1.7604101e+02
1	2	1	51	6.0586149e+02
1	2	1	52	6.1433868e+02
1	2	1	53	4.1563443e+02
1	2	1	54	4.3215742e+02
1	2	1	55	4.5754208e+02
1	2	1	56	5.1824535e+02
1	2	1	57	4.7854510e+02
1	2	1	58	4.8025366e+02
1	2	1	59	3.4539016e+02
1	2	1	60	4.3019434e+02
1	2	1	61	4.2892920e+02
1	2	1	62	4.4116017e+02
1	2	1	63	4.4583793e+02
1	2	2	0	5.2056974e+01
1	2	2	1	2.0440722e+01
1	2	2	2	9.4817596e+01
1	2	2	3	5.8817118e+01
1	2	2	4	-3.4205057e+01
1	2	2	5	6.1228307e+01
1	2	2	6	3.2467841e+01
1	2	2	7	1.4673476e+02
1	2	2	8	3.1751729e+01
1	2	2	9	-3.1115816e+01
1	2	2	10	2.8661256e+01
1	2	2	11	4.7250556e+01
1	2	2	12	-4.1382079e+00
1	2	2	13	-1.4538703e+01
1	2	2	14	-8.9298035e+00
1	2	2	15	3.0135737e+01
1	2	2	16	1.5000833e+01
1	2	2	17	-1.3363796e+02
1	2	2	18	2.2007433e+01
1	2	2	19	-3.3281321e+01
1	2	2	20	2.8577376e+01
1	2	2	21	-6.6587795e+00
1	2	2	22	9.5269981e-01
1	2	2	23	-1.0087231e+00
1	2	2	24	1.1767474e+00
1	2	2	25	-3.0176660e+01
1	2	2	26	-2.2729558e+01
1	2	2	27	-2.0705027e+01
1	2	2	28	-7.8279011e+00
1	2	2	29	-5.5574763e+01
1	2	2	30	8.0526221e+00
1	2	2	31	-2.0454955e+01
1	2	2	32	-7.7448905e+01
1	2	2	33	-2.6558599e+01
1	2	2	34	2.9733051e+02
1	2	2	35	3.3769488e+02
1	2	2	36	2.8614153e+02
1	2	2	37	2.9822798e+02
1	2	2	38	2.6371275e+02
1	2	2	39	3.0935524e+02
1	2	2	40	2.9616878e+02
1	2	2	41	2.9098153e+02
1	2	2	42	3.0570248e+02
1	2	2	43	3.8700135e+02
1	2	2	44	4.1381042e+02
1	2	2	45	3.1070403e+02
1	2	2	46	4.1348907e+02
1	2	2	47	3.0406689e+02
1	2	2	48	3.5586992e+02
1	2	2	49	3.1448042e+02
1	2	2	50	3.3335609e+02
1	2	2	51	7.5235477e+02
1	2	2	52	7.6951485e+02
1	2	2	53	4.0400238e+02
1	2	2	54	5.0246481e+02
1	2	2	55	6.6664530e+02
1	2	2	56	6.4923297e+02
1	2	2	57	5.6768836e+02
1	2	2	58	4.9652947e+02
1	2	2	59	4.5189982e+02
1	2	2	60	3.8783361e+02
1	2	2	61	4.3252023e+02
1	2	2	62	4.8384989e+02
1	2	2	63	6.6439380e+02
1	2	3	0	2.5005448e+02
1	2	3	1	1.2055162e+02
1	2	3	2	1.5381467e+02
1	2	3	3	1.2384520e+02
1	2	3	4	1.1672158e+02
1	2	3	5	1.9753120e+02
1	2	3	6	6.5508170e+01
1	2	3	7	9.4692809e+01
1	2	3	8	1.2291407e+02
1	2	3	9	1.1888952e+02
1	2	3	10	1.3757039e+02
1	2	3	11	6.7125311e+01
1	2	3	12	-2.8766233e+01
1	2	3	13	1.0274173e+02
1	2	3	14	4.2129764e+01
1	2	3	15	7.2272472e+01
1	2	3	16	8.0106501e+01
1	2	3	17	1.0542342e+02
1	2	3	18	1.0345773e+02
1	2	3	19	1.4022454e+02
1	2	3	20	-8.3484814e+01
1	2	3	21	-4.5396617e+01
1	2	3	22	1.0110490e+01
1	2	3	23	1.7772255e+02
1	2	3	24	-1.9377409e+01
1	2	3	25	2.4083532e+01
1	2	3	26	1.3109649e+01
1	2	3	27	4.5703243e+01
1	2	3	28	7.0579571e+01
1	2	3	29	5.6701149e+01
1	2	3	30	3.5296418e+01
1	2	3	31	4.1120935e+01
1	2	3	32	-7.5707922e+01
1	2	3	33	-1.1378904e+01
1	2	3	34	3.3013751e+02
1	2	3	35	2.0482729e+02
1	2	3	36	5.7417715e+02
1	2	3	37	5.0430410e+02
1	2	3	38	4.3221242e+02
1	2	3	39	1.9909756e+02
1	2	3	40	4.9094819e+02
1	2	3	41	4.3382224e+02
1	2	3	42	4.7497556e+02
1	2	3	43	4.1850805e+02
1	2	3	44	5.2838670e+02
1	2	3	45	3.0218533e+02
1	2	3	46	5.1496142e+02
1	2	3	47	3.9888852e+02
1	2	3	48	4.4512636e+02
1	2	3	49	3.1948173e+02
1	2	3	50	3.9848034e+02
1	2	3	51	6.2095552e+02
1	2	3	52	6.3565194e+02
1	2	3	53	4.4950041e+02
1	2	3	54	4.3298864e+02
1	2	3	55	5.2977811e+02
1	2	3	56	4.7805616e+02
1	2	3	57	5.3150242e+02
1	2	3	58	4.6703623e+02
1	2	3	59	4.8584090e+02
1	2	3	60	4.7041790e+02
1	2	3	61	4.0471137e+02
1	2	3	62	5.3193152e+02
1	2	3	63	5.9704478e+02
1	2	4	0	1.1187532e+02
1	2	4	1	8.5149786e+01
1	2	4	2	1.1948257e+02
1	2	4	3	8.1052964e+01
1	2	4	4	4.4892454e+01
1	2	4	5	5.6570566e+01
1	2	4	6	6.4588993e+01
1	2	4	7	4.8889798e+01
1	2	4	8	-6.5215356e+01
1	2	4	9	1.4169948e+02
1	2	4	10	2.1650546e+00
1	2	4	11	7.2539273e+01
1	2	4	12	3.8873518e+01
1	2	4	13	6.8683293e+01
1	2	4	14	8.2943184e+01
1	2	4	15	-5.5661747e+01
1	2	4	16	-3.1755919e+01
1	2	4	17	-1.0489729e+01
1	2	4	18	-9.2100398e+01
1	2	4	19	-6.7820723e+01
1	2	4	20	3.5414973e+01
1	2	4	21	1.6659796e+01
1	2	4	22	-1.3104600e+01
1	2	4	23	-6.4266393e+01
1	2	4	24	-8.7445959e+01
1	2	4	25	4.7843815e+01
1	2	4	26	-1.5398528e+01
1	2	4	27	-1.3216720e+01
1	2	4	28	4.2794939e+01
1	2	4	29	-3.0337757e+01
1	2	4	30	4.3990008e+01
1	2	4	31	-9.2174276e+01
1	2	4	32	-1.4127766e+02
1	2	4	33	1.6285003e+01
1	2	4	34	1.9920952e+02
1	2	4	35	3.6387220e+02
1	2	4	36	2.6364201e+02
1	2	4	37	2.6418516e+02
1	2	4	38	3.0197194e+02
1	2	4	39	3.2659742e+02
1	2	4	40	3.4919356e+02
1	2	4	41	3.2064820e+02
1	2	4	42	3.8754901e+02
1	2	4	43	3.3198489e+02
1	2	4	44	3.9431372e+02
1	2	4	45	2.4544048e+02
1	2	4	46	3.7771763e+02
1	2	4	47	3.3791058e+02
1	2	4	48	3.7229368e+02
1	2	4	49	3.1572354e+02
1	2	4	50	3.1508593e+02
1	2	4	51	5.7522951e+02
1	2	4	52	6.4850864e+02
1	2	4	53	4.7500081e+02
1	2	4	54	5.0606492e+02
1	2	4	55	3.9913354e+02
1	2	4	56	5.2312669e+02
1	2	4	57	6.3131590e+02
1	2	4	58	5.1609813e+02
1	2	4	59	4.9958319e+02
1	2	4	60	4.9528383e+02
1	2	4	61	3.8649101e+02
1	2	4	62	4.5353661e+02
1	2	4	63	5.1760907e+02
1	2	5	0	5.1184426e+01
1	2	5	1	1.1977121e+02
1	2	5	2	2.5599731e+01
1	2	5	3	1.6779681e+02
1	2	5	4	8.1920558e+01
1	2	5	5	1.6530534e+02
1	2	5	6	-5.2462196e+00
1	2	5	7	5.0906793e+01
1	2	5	8	9.2319167e+01
1	2	5	9	1.0343638e+02
1	2	5	10	8.5941560e+01
1	2	5	11	8.0816606e+01
1	2	5	12	6.1761536e+01
1	2	5	13	5.7317899e+01
1	2	5	14	7.9730599e+01
1	2	5	15	5.6296847e+01
1	2	5	16	4.7307268e+01
1	2	5	17	4.9254226e+01
1	2	5	18	7.1553204e+01
1	2	5	19	4.5026551e+01
1	2	5	20	6.4540474e+01
1	2	5	21	7.3196900e+01
1	2	5	22	3.5390538e+01
1	2	5	23	9.9391779e+01
1	2	5	24	5.4123034e+01
1	2	5	25	1.0416685e+02
1	2	5	26	1.6371573e+01
1	2	5	27	5.3251403e+01
1	2	5	28	5.5369528e+01
1	2	5	29	8.2770027e+01
1	2	5	30	1.0477962e+02
1	2	5	31	7.4890781e+01
1	2	5	32	8.9273200e+01
1	2	5	33	6.4052412e+01
1	2	5	34	2.7185661e+02
1	2	5	35	3.2399100e+02
1	2	5	36	3.8023641e+02
1	2	5	37	3.4809623e+02
1	2	5	38	3.8919568e+02
1	2	5	39	3.6800862e+02
1	2	5	40	3.8544986e+02
1	2	5	41	3.9393971e+02
1	2	5	42	4.0457247e+02
1	2	5	43	2.7791004e+02
1	2	5	44	4.3557295e+02
1	2	5	45	3.6734250e+02
1	2	5	46	3.7842176e+02
1	2	5	47	3.9297549e+02
1	2	5	48	3.3464281e+02
1	2	5	49	3.5992181e+02
1	2	5	50	3.6857573e+02
1	2	5	51	6.6723457e+02
1	2	5	52	6.5399171e+02
1	2	5	53	3.7668697e+02
1	2	5	54	5.0807061e+02
1	2	5	55	4.6774996e+02
1	2	5	56	6.1706277e+02
1	2	5	57	5.7246327e+02
1	2	5	58	4.9382878e+02
1	2	5	59	3.9115035e+02
1	2	5	60	5.4936541e+02
1	2	5	61	4.5510449e+02
1	2	5	62	5.3668742e+02
1	2	5	63	4.2951565e+02
1	2	6	0	1.9555361e+02
1	2	6	1	1.6454961e+02
1	2	6	2	1.8123132e+02
1	2	6	3	1.2648291e+02
1	2	6	4	-9.3249585e+00
1	2	6	5	1.3687653e+02
1	2	6	6	8.6834870e+01
1	2	6	7	1.4197004e+02
1	2	6	8	2.0052818e+02
1	2	6	9	1.8248716e+02
1	2	6	10	9.1815618e+01
1	2	6	11	1.2913090e+02
1	2	6	12	7.4908425e+01
1	2	6	13	1.3221221e+02
1	2	6	14	1.2205404e+02
1	2	6	15	1.0741916e+02
1	2	6	16	7.6458624e+01
1	2	6	17	6.4441567e+01
1	2	6	18	-5.4572192e+01
1	2	6	19	1.0407591e+02
1	2	6	20	1.1706714e+02
1	2	6	21	6.2355647e+01
1	2	6	22	5.4869925e+01
1	2	6	23	1.9204779e+01
1	2	6	24	-1.1288444e+02
1	2	6	25	5.5116352e+01
1	2	6	26	1.0463902e+01
1	2	6	27	1.1732054e+02
1	2	6	28	1.0811955e+02
1	2	6	29	7.5499426e+00
1	2	6	30	1.2019871e+02
1	2	6	31	-6.1107526e+01
1	2	6	32	2.9743792e+01
1	2	6	33	-1.6425024e+01
1	2	6	34	3.9695638e+02
1	2	6	35	4.1758425e+02
1	2	6	36	4.0509932e+02
1	2	6	37	4.4608325e+02
1	2	6	38	3.8648313e+02
1	2	6	39	4.4148452e+02
1	2	6	40	4.0133274e+02
1	2	6	41	2.1009857e+02
1	2	6	42	4.5712879e+02
1	2	6	43	4.3851096e+02
1	2	6	44	4.1275682e+02
1	2	6	45	3.9289697e+02
1	2	6	46	4.9233783e+02
1	2	6	47	4.1242731e+02
1	2	6	48	3.9756425e+02
1	2	6	49	4.4175331e+02
1	2	6	50	4.5568821e+02
1	2	6	51	7.0346254e+02
1	2	6	52	6.4968562e+02
1	2	6	53	5.2576056e+02
1	2	6	54	5.1722469e+02
1	2	6	55	6.0484846e+02
1	2	6	56	6.4840421e+02
1	2	6	57	6.5702686e+02
1	2	6	58	5.4774644e+02
1	2	6	59	5.7569228e+02
1	2	6	60	6.1255119e+02
1	2	6	61	5.0426072e+02
1	2	6	62	5.1962579e+02
1	2	6	63	5.9417787e+02
1	2	7	0	3.3686461e+02
1	2	7	1	1.4430657e+02
1	2	7	2	2.4344109e+02
1	2	7	3	2.7205141e+02
1	2	7	4	2.1633079e+02
1	2	7	5	3.4895068e+02
1	2	7	6	2.7508545e+02
1	2	7	7	3.5898999e+02
1	2	7	8	1.3002596e+02
1	2	7	9	2.2880720e+02
1	2	7	10	2.7121219e+02
1	2	7	11	1.2413096e+02
1	2	7	12	1.3879292e+02
1	2	7	13	2.5345547e+02
1	2	7	14	1.6937304e+02
1	2	7	15	2.7744454e+02
1	2	7	16	1.8008006e+02
1	2	7	17	2.6137054e+02
1	2	7	18	2.1495740e+02
1	2	7	19	2.9889400e+02
1	2	7	20	2.1180360e+02
1	2	7	21	1.4993102e+02
1	2	7	22	2.0399769e+02
1	2	7	23	2.0972111e+02
1	2	7	24	1.5235933e+02
1	2	7	25	8.6365821e+01
1	2	7	26	1.6393260e+02
1	2	7	27	1.9740200e+02
1	2	7	28	2.4057378e+02
1	2	7	29	2.2486600e+02
1	2	7	30	1.7388051e+02
1	2	7	31	1.1610064e+02
1	2	7	32	2.2776987e+02
1	2	7	33	1.7044183e+02
1	2	7	34	4.6289351e+02
1	2	7	35	4.5714409e+02
1	2	7	36	5.2527368e+02
1	2	7	37	4.6349475e+02
1	2	7	38	4.9344698e+02
1	2	7	39	3.6891227e+02
1	2	7	40	5.1171225e+02
1	2	7	41	4.7929697e+02
1	2	7	42	4.6355278e+02
1	2	7	43	4.9327076e+02
1	2	7	44	5.6269516e+02
1	2	7	45	3.8310798e+02
1	2	7	46	5.4764897e+02
1	2	7	47	5.0175900e+02
1	2	7	48	5.6043371e+02
1	2	7	49	4.7589781e+02
1	2	7	50	5.3584457e+02
1	2	7	51	7.2546687e+02
1	2	7	52	8.2345716e+02
1	2	7	53	4.4306448e+02
1	2	7	54	6.2720187e+02
1	2	7	55	6.2389684e+02
1	2	7	56	6.7775989e+02
1	2	7	57	6.3033968e+02
1	2	7	58	6.4448897e+02
1	2	7	59	5.8082327e+02
1	2	7	60	4.8966342e+02
1	2	7	61	5.3025701e+02
1	2	7	62	6.7917274e+02
1	2	7	63	6.5569842e+02
1	2	8	0	6.2717498e+01
1	2	8	1	-1.4497569e+02
1	2	8	2	-3.4250088e+01
1	2	8	3	-6.6649034e+00
1	2	8	4	-1.0513923e+02
1	2	8	5	-5.5739847e+01
1	2	8	6	-8.5960385e+01
1	2	8	7	-2.8949876e+01
1	2	8	8	1.4641863e+01
1	2	8	9	6.1736164e+01
1	2	8	10	5.7324822e+00
1	2	8	11	4.1265364e+01
1	2	8	12	-5.5364685e+01
1	2	8	13	-1.9695405e+01
1	2	8	14	-1.7358059e+01
1	2	8	15	-6.4962321e+01
1	2	8	16	-5.3283856e+01
1	2	8	17	-8.5731883e+01
1	2	8	18	1.9521949e+01
1	2	8	19	-7.9773465e+01
1	2	8	20	1.6947958e+01
1	2	8	21	-1.0425833e+02
1	2	8	22	-2.9912818e+01
1	2	8	23	-1.3404362e+02
1	2	8	24	-5.5601498e+01
1	2	8	25	-1.1212204e+02
1	2	8	26	-1.0652684e+02
1	2	8	27	-5.8679280e+01
1	2	8	28	-6.1975961e+01
1	2	8	29	-8.8355176e+01
1	2	8	30	-3.0781678e+01
1	2	8	31	-9.9502891e+01
1	2	8	32	-1.2063699e+02
1	2	8	33	-1.3543149e+02
1	2	8	34	2.8640092e+02
1	2	8	35	3.2750071e+02
1	2	8	36	2.9465575e+02
1	2	8	37	3.3875161e+02
1	2	8	38	2.2211861e+02
1	2	8	39	1.6247725e+02
1	2	8	40	3.0881697e+02
1	2	8	41	1.9008556e+02
1	2	8	42	2.8245433e+02
1	2	8	43	2.8205001e+02
1	2	8	44	3.6922836e+02
1	2	8	45	2.3967151e+02
1	2	8	46	1.6732234e+02
1	2	8	47	2.5024692e+02
1	2	8	48	1.8777311e+02
1	2	8	49	3.4666837e+02
1	2	8	50	2.9719741e+02
1	2	8	51	5.9111552e+02
1	2	8	52	6.2227017e+02
1	2	8	53	4.0300198e+02
1	2	8	54	3.2548322e+02
1	2	8	55	4.5638762e+02
1	2	8	56	5.4205061e+02
1	2	8	57	4.3233688e+02
1	2	8	58	4.0247516e+02
1	2	8	59	4.5368073e+02
1	2	8	60	5.0402466e+02
1	2	8	61	4.2813057e+02
1	2	8	62	4.5778522e+02
1	2	8	63	4.8227293e+02
1	2	9	0	2.3453323e+02
1	2	9	1	3.1394616e+02
1	2	9	2	1.4972107e+02
1	2	9	3	2.5475434e+02
1	2	9	4	2.6769798e+02
1	2	9	5	2.6631922e+02
1	2	9	6	1.8808279e+02
1	2	9	7	2.4527108e+02
1	2	9	8	2.5487480e+02
1	2	9	9	1.9761280e+02
1	2	9	10	2.4191729e+02
1	2	9	11	2.3278118e+02
1	2	9	12	1.9449077e+02
1	2	9	13	2.1480189e+02
1	2	9	14	2.3079881e+02
1	2	9	15	1.8380709e+02
1	2	9	16	2.2336183e+02
1	2	9	17	2.3592815e+02
1	2	9	18	1.5133679e+02
1	2	9	19	3.1704913e+02
1	2	9	20	2.5591690e+02
1	2	9	21	1.3449299e+02
1	2	9	22	4.4107297e+01
1	2	9	23	2.6176137e+02
1	2	9	24	1.9403456e+02
1	2	9	25	1.6818091e+02
1	2	9	26	2.0377750e+02
1	2	9	27	1.2537641e+02
1	2	9	28	2.8459204e+02
1	2	9	29	1.9723092e+02
1	2	9	30	3.1711002e+02
1	2	9	31	4.3425974e+01
1	2	9	32	1.0969198e+02
1	2	9	33	9.6691494e+01
1	2	9	34	3.5556515e+02
1	2	9	35	4.9900240e+02
1	2	9	36	6.0693620e+02
1	2	9	37	4.2189242e+02
1	2	9	38	4.7281553e+02
1	2	9	39	4.1158955e+02
1	2	9	40	6.3199434e+02
1	2	9	41	3.2904851e+02
1	2	9	42	4.3390783e+02
1	2	9	43	2.6629083e+02
1	2	9	44	6.4500302e+02
1	2	9	45	4.4414095e+02
1	2	9	46	5.3366360e+02
1	2	9	47	5.2802187e+02
1	2	9	48	4.4493041e+02
1	2	9	49	4.8346961e+02
1	2	9	50	4.2256328e+02
1	2	9	51	6.4340838e+02
1	2	9	52	7.7225372e+02
1	2	9	53	4.8546273e+02
1	2	9	54	6.1069800e+02
1	2	9	55	6.0539903e+02
1	2	9	56	6.7523547e+02
1	2	9	57	5.5799278e+02
1	2	9	58	4.8838093e+02
1	2	9	59	5.4576223e+02
1	2	9	60	5.4179065e+02
1	2	9	61	5.6676152e+02
1	2	9	62	6.1500689e+02
1	2	9	63	5.2948214e+02
1	2	10	0	8.3530143e+00
1	2	10	1	7.8907187e+01
1	2	10	2	2.1614516e+01
1	2	10	3	6.2137994e+01
1	2	10	4	4.9577631e+01
1	2	10	5	8.9351368e+01
1	2	10	6	1.7771458e+02
1	2	10	7	2.1641860e+02
1	2	10	8	5.7129570e+01
1	2	10	9	1.2839091e+02
1	2	10	10	-2.6492178e+01
1	2	10	11	1.1386998e+02
1	2	10	12	6.6575362e+00
1	2	10	13	1.2601390e+02
1	2	10	14	7.7663800e+01
1	2	10	15	1.6600272e+02
1	2	10	16	3.0292844e+01
1	2	10	17	-1.7590207e+01
1	2	10	18	2.8247288e+01
1	2	10	19	-8.3309787e+00
1	2	10	20	-2.8531834e+00
1	2	10	21	4.2432835e+01
1	2	10	22	-9.6613430e+00
1	2	10	23	-1.1564867e+01
1	2	10	24	-5.9216262e+01
1	2	10	25	-6.0997465e+00
1	2	10	26	3.8484516e+01
1	2	10	27	2.2444632e+01
1	2	10	28	2.0083916e+01
1	2	10	29	3.9651824e+01
1	2	10	30	-2.0811222e+01
1	2	10	31	4.4321866e+01
1	2	10	32	9.3655160e-01
1	2	10	33	-7.8507873e+00
1	2	10	34	3.2596097e+02
1	2	10	35	4.2572341e+02
1	2	10	36	2.9855696e+02
1	2	10	37	3.6843466e+02
1	2	10	38	4.2731946e+02
1	2	10	39	3.3302112e+02
1	2	10	40	4.2273388e+02
1	2	10	41	3.6257216e+02
1	2	10	42	2.9468244e+02
1	2	10	43	4.4306862e+02
1	2	10	44	4.8760774e+02
1	2	10	45	3.0486104e+02
1	2	10	46	3.7860970e+02
1	2	10	47	3.5135646e+02
1	2	10	48	3.4691039e+02
1	2	10	49	3.1738998e+02
1	2	10	50	3.7277927e+02
1	2	10	51	7.4932909e+02
1	2	10	52	6.5134803e+02
1	2	10	53	5.8940228e+02
1	2	10	54	5.1178893e+02
1	2	10	55	5.4320016e+02
1	2	10	56	4.2729503e+02
1	2	10	57	5.3511116e+02
1	2	10	58	5.7280416e+02
1	2	10	59	5.6066277e+02
1	2	10	60	5.7793315e+02
1	2	10	61	5.3821721e+02
1	2	10	62	5.3465156e+02
1	2	10	63	5.5776008e+02
1	2	11	0	2.6437623e+02
1	2	11	1	1.6365102e+02
1	2	11	2	1.6813233e+02
1	2	11	3	1.3280908e+02
1	2	11	4	1.7860619e+02
1	2	11	5	1.7582242e+02
1	2	11	6	2.0286256e+02
1	2	11	7	2.4259168e+02
1	2	11	8	1.3844319e+02
1	2	11	9	0.0000000e+00
1	2	11	10	2.9392583e+02
1	2	11	11	3.5487525e+02
1	2	11	12	7.3495042e+01
1	2	11	13	1.5476987e+02
1	2	11	14	1.3847503e+02
1	2	11	15	1.4869152e+02
1	2	11	16	1.4321725e+02
1	2	11	17	1.4799411e+02
1	2	11	18	1.5458199e+02
1	2	11	19	1.8251883e+02
1	2	11	20	7.2285818e+01
1	2	11	21	1.2921054e+02
1	2	11	22	1.1906767e+02
1	2	11	23	2.5883245e+02
1	2	11	24	6.7372104e+01
1	2	11	25	7.2836743e+01
1	2	11	26	1.0167233e+02
1	2	11	27	2.5401790e+00
1	2	11	28	2.1709546e+02
1	2	11	29	1.7668971e+02
1	2	11	30	1.1838153e+02
1	2	11	31	9.0703280e+01
1	2	11	32	1.7121685e+02
1	2	11	33	3.2946173e+02
1	2	11	34	4.7652843e+02
1	2	11	35	0.0000000e+00
1	2	11	36	6.4598278e+02
1	2	11	37	6.0476251e+02
1	2	11	38	4.0490174e+02
1	2	11	39	5.4309114e+02
1	2	11	40	4.5347505e+02
1	2	11	41	3.5539512e+02
1	2	11	42	4.8778865e+02
1	2	11	43	3.8269702e+02
1	2	11	44	5.8685141e+02
1	2	11	45	3.2894378e+02
1	2	11	46	3.6455054e+02
1	2	11	47	3.8516813e+02
1	2	11	48	5.3549851e+02
1	2	11	49	4.4614990e+02
1	2	11	50	5.0982519e+02
1	2	11	51	6.6211808e+02
1	2	11	52	6.3899384e+02
1	2	11	53	4.6566015e+02
1	2	11	54	5.4708260e+02
1	2	11	55	5.4354421e+02
1	2	11	56	6.1825245e+02
1	2	11	57	5.4537267e+02
1	2	11	58	4.8596159e+02
1	2	11	59	6.2126585e+02
1	2	11	60	6.3290495e+02
1	2	11	61	4.2884874e+02
1	2	11	62	5.0592111e+02
1	2	11	63	6.1659448e+02
1	2	12	0	-4.6153719e+01
1	2	12	1	8.7646537e+01
1	2	12	2	8.4580691e+01
1	2	12	3	8.5009589e+01
1	2	12	4	5.5848279e+01
1	2	12	5	1.5352747e+01
1	2	12	6	3.2236296e+01
1	2	12	7	-3.3330884e+01
1	2	12	8	4.7502265e+01
1	2	12	9	6.2492364e+01
1	2	12	10	-4.2687295e-01
1	2	12	11	1.0829147e+02
1	2	12	12	2.8356389e+01
1	2	12	13	2.9254289e+01
1	2	12	14	9.2420876e+00
1	2	12	15	3.0220895e+01
1	2	12	16	2.8078735e+01
1	2	12	17	-4.5559215e+01
1	2	12	18	-3.7645318e+01
1	2	12	19	-4.4390076e+01
1	2	12	20	-4.0988026e+01
1	2	12	21	2.8978243e+01
1	2	12	22	1.4363916e+01
1	2	12	23	-2.5775345e+00
1	2	12	24	-8.2764404e+01
1	2	12	25	-3.4724951e+01
1	2	12	26	-7.3357297e+01
1	2	12	27	-2.4768215e+01
1	2	12	28	3.5665664e+01
1	2	12	29	-4.1124063e+01
1	2	12	30	-1.6643974e+01
1	2	12	31	-6.5961462e+01
1	2	12	32	-3.6963294e+01
1	2	12	33	-8.0088377e+01
1	2	12	34	2.7301727e+02
1	2	12	35	3.9225360e+02
1	2	12	36	2.0356170e+02
1	2	12	37	2.8241056e+02
1	2	12	38	2.4950117e+02
1	2	12	39	3.8054719e+02
1	2	12	40	3.5922846e+02
1	2	12	41	2.9070665e+02
1	2	12	42	4.3526788e+02
1	2	12	43	3.5735843e+02
1	2	12	44	4.6192103e+02
1	2	12	45	3.9744055e+02
1	2	12	46	4.7183847e+02
1	2	12	47	3.3802912e+02
1	2	12	48	3.8928634e+02
1	2	12	49	4.0929563e+02
1	2	12	50	3.6879280e+02
1	2	12	51	6.6300021e+02
1	2	12	52	6.7082512e+02
1	2	12	53	4.9982763e+02
1	2	12	54	4.7145460e+02
1	2	12	55	3.6727159e+02
1	2	12	56	6.0607749e+02
1	2	12	57	5.8216262e+02
1	2	12	58	5.5319563e+02
1	2	12	59	4.2080421e+02
1	2	12	60	4.3231055e+02
1	2	12	61	4.3494488e+02
1	2	12	62	4.8632857e+02
1	2	12	63	5.9502025e+02
1	2	13	0	3.2202201e+02
1	2	13	1	2.5239984e+02
1	2	13	2	2.0494342e+02
1	2	13	3	1.9527702e+02
1	2	13	4	1.6250397e+02
1	2	13	5	2.2151176e+02
1	2	13	6	1.1778402e+02
1	2	13	7	2.0373829e+02
1	2	13	8	1.1292441e+02
1	2	13	9	8.3539367e+01
1	2	13	10	1.4633144e+02
1	2	13	11	1.2896263e+02
1	2	13	12	2.0090412e+02
1	2	13	13	1.2562287e+02
1	2	13	14	1.2378703e+02
1	2	13	15	6.9537278e+01
1	2	13	16	-2.3073265e+01
1	2	13	17	1.1962508e+02
1	2	13	18	1.7876944e+02
1	2	13	19	2.4072927e+02
1	2	13	20	1.0571375e+02
1	2	13	21	3.8287658e+01
1	2	13	22	1.5621279e+02
1	2	13	23	2.4678880e+02
1	2	13	24	1.6073102e+02
1	2	13	25	1.8976086e+02
1	2	13	26	1.3250048e+02
1	2	13	27	1.6033091e+02
1	2	13	28	4.1446203e+01
1	2	13	29	2.3819721e+02
1	2	13	30	4.7380909e+01
1	2	13	31	8.2637690e+01
1	2	13	32	9.0108546e+01
1	2	13	33	5.7500977e+01
1	2	13	34	3.9691493e+02
1	2	13	35	3.4818635e+02
1	2	13	36	3.8791042e+02
1	2	13	37	4.8077623e+02
1	2	13	38	4.4322350e+02
1	2	13	39	4.0477147e+02
1	2	13	40	4.3764364e+02
1	2	13	41	4.3583108e+02
1	2	13	42	3.8313232e+02
1	2	13	43	3.8433357e+02
1	2	13	44	4.8326129e+02
1	2	13	45	2.8729701e+02
1	2	13	46	4.2265339e+02
1	2	13	47	3.9137792e+02
1	2	13	48	3.2295766e+02
1	2	13	49	4.0261499e+02
1	2	13	50	4.1785050e+02
1	2	13	51	6.9066948e+02
1	2	13	52	7.0046065e+02
1	2	13	53	5.0607174e+02
1	2	13	54	4.2159464e+02
1	2	13	55	4.0602991e+02
1	2	13	56	6.4114915e+02
1	2	13	57	4.4290732e+02
1	2	13	58	5.2872806e+02
1	2	13	59	4.9317674e+02
1	2	13	60	5.5293762e+02
1	2	13	61	4.6719118e+02
1	2	13	62	5.6078545e+02
1	2	13	63	5.8058668e+02
1	2	14	0	1.7900724e+01
1	2	14	1	-6.4538475e+01
1	2	14	2	-1.3824974e+01
1	2	14	3	-1.5220679e+01
1	2	14	4	-1.3934786e+02
1	2	14	5	-1.0963785e+02
1	2	14	6	-5.4445101e+01
1	2	14	7	-1.1480354e+01
1	2	14	8	-3.5401434e+01
1	2	14	9	3.8394372e+01
1	2	14	10	-9.2379151e+01
1	2	14	11	-2.8375087e+01
1	2	14	12	-2.9775327e+01
1	2	14	13	-7.9538477e+01
1	2	14	14	-1.7975466e+01
1	2	14	15	-8.5863067e+01
1	2	14	16	-1.3976439e+02
1	2	14	17	-1.2158120e+02
1	2	14	18	-8.3984404e+01
1	2	14	19	-1.4595218e+02
1	2	14	20	2.5814339e+01
1	2	14	21	-9.2636642e+01
1	2	14	22	-8.7423505e+01
1	2	14	23	-1.0142147e+02
1	2	14	24	-1.1676795e+02
1	2	14	25	-1.3054706e+02
1	2	14	26	-9.0160350e+01
1	2	14	27	-1.8789437e+02
1	2	14	28	-8.9087103e+01
1	2	14	29	-2.6385093e+02
1	2	14	30	-7.8393792e+01
1	2	14	31	-1.1033360e+02
1	2	14	32	-1.4664964e+02
1	2	14	33	-1.2253169e+02
1	2	14	34	1.0207808e+02
1	2	14	35	2.6951191e+02
1	2	14	36	1.7220214e+02
1	2	14	37	3.1988714e+02
1	2	14	38	1.8184268e+02
1	2	14	39	2.6657567e+02
1	2	14	40	1.9363821e+02
1	2	14	41	1.7589826e+02
1	2	14	42	2.0359311e+02
1	2	14	43	2.7488908e+02
1	2	14	44	2.3541052e+02
1	2	14	45	2.2213322e+02
1	2	14	46	3.2773726e+02
1	2	14	47	3.0972391e+02
1	2	14	48	2.7846236e+02
1	2	14	49	2.7343126e+02
1	2	14	50	2.8683341e+02
1	2	14	51	4.9496709e+02
1	2	14	52	5.9033399e+02
1	2	14	53	3.7207288e+02
1	2	14	54	4.6274356e+02
1	2	14	55	4.1000440e+02
1	2	14	56	4.7639595e+02
1	2	14	57	4.8938611e+02
1	2	14	58	4.3917696e+02
1	2	14	59	3.7133528e+02
1	2	14	60	3.2956904e+02
1	2	14	61	3.1813217e+02
1	2	14	62	3.8704064e+02
1	2	14	63	4.0530685e+02
1	2	15	0	8.5476143e+01
1	2	15	1	7.5991636e+01
1	2	15	2	2.4837143e+01
1	2	15	3	6.3229983e+01
1	2	15	4	4.1669098e+00
1	2	15	5	1.1846993e+02
1	2	15	6	6.0208929e+01
1	2	15	7	1.4370661e+02
1	2	15	8	9.0798974e+01
1	2	15	9	1.0759384e+02
1	2	15	10	6.8295124e+01
1	2	15	11	-4.2335075e+00
1	2	15	12	-1.7541232e+02
1	2	15	13	-2.4045420e+01
1	2	15	14	-4.3377940e+01
1	2	15	15	3.0392722e+01
1	2	15	16	1.2556229e+02
1	2	15	17	3.2274465e+01
1	2	15	18	-1.1011777e+01
1	2	15	19	-4.7765240e+01
1	2	15	20	-1.5842312e+01
1	2	15	21	-4.7945087e+01
1	2	15	22	-4.5253436e+01
1	2	15	23	1.1124838e+01
1	2	15	24	-4.7477404e+01
1	2	15	25	2.7446258e+01
1	2	15	26	-2.7387112e+01
1	2	15	27	-3.5800525e+00
1	2	15	28	8.8339978e+01
1	2	15	29	1.5228230e+02
1	2	15	30	1.8586807e+01
1	2	15	31	-4.4365072e+01
1	2	15	32	-2.8852458e+01
1	2	15	33	8.2155566e+01
1	2	15	34	3.5378071e+02
1	2	15	35	2.0176391e+02
1	2	15	36	4.8045244e+02
1	2	15	37	4.7780901e+02
1	2	15	38	3.1343036e+02
1	2	15	39	3.1776276e+02
1	2	15	40	4.8478654e+02
1	2	15	41	3.7382904e+02
1	2	15	42	3.5464461e+02
1	2	15	43	3.5061764e+02
1	2	15	44	3.6883645e+02
1	2	15	45	4.1360486e+02
1	2	15	46	3.9484508e+02
1	2	15	47	4.8735498e+02
1	2	15	48	4.4545615e+02
1	2	15	49	3.6033598e+02
1	2	15	50	3.6213286e+02
1	2	15	51	7.1478675e+02
1	2	15	52	7.3695540e+02
1	2	15	53	4.7385097e+02
1	2	15	54	4.9314057e+02
1	2	15	55	5.3432329e+02
1	2	15	56	5.5099150e+02
1	2	15	57	5.6878223e+02
1	2	15	58	3.4946210e+02
1	2	15	59	4.4060729e+02
1	2	15	60	5.7196015e+02
1	2	15	61	4.8144180e+02
1	2	15	62	3.6951475e+02
1	2	15	63	6.0884622e+02
