215.24000549316406
172.14999389648438
155.13999938964844
187.74000549316406
158.98666381835938
182.0800018310547
170.17333984375
200.6199951171875
176.55667114257812
175.07666015625
183.39999389648438
166.05332946777344
172.39666748046875
180.68666076660156
195.9499969482422
178.61000061035156
191.4633331298828
180.9633331298828
203.7933349609375
182.19332885742188
208.11666870117188
194.45333862304688
200.56666564941406
181.49667358398438
167.19667053222656
179.91000366210938
180.76666259765625
152.57333374023438
173.5433349609375
162.04666137695312
186.10333251953125
167.6199951171875
192.43333435058594
146.86666870117188
157.0399932861328
161.06666564941406
168.836669921875
110.74666595458984
159.24667358398438
96.46333312988281
96.50666809082031
95.32333374023438
69.4566650390625
93.37999725341797
95.74333190917969
74.25666809082031
49.810001373291016
74.93333435058594
74.02333068847656
68.38999938964844
106.91000366210938
70.4800033569336
79.19999694824219
69.3133316040039
68.67666625976562
79.61333465576172
79.4566650390625
103.77666473388672
152.68333435058594
97.17666625976562
72.95333099365234
102.09333038330078
160.913330078125
71.93333435058594
66.36333465576172
68.5199966430664
151.48333740234375
73.74333190917969
140.99000549316406
67.336669921875
91.91999816894531
75.73332977294922
73.29666900634766
155.24000549316406
68.89666748046875
140.5833282470703
93.61000061035156
84.52333068847656
105.09333038330078
67.67666625976562
65.42333221435547
42.279998779296875
36.5533332824707
61.51333236694336
62.970001220703125
62.08000183105469
61.893333435058594
70.04000091552734
91.86000061035156
84.25333404541016
83.44999694824219
146.68333435058594
87.79666900634766
137.9633331298828
119.163330078125
132.67999267578125
119.73666381835938
141.97000122070312
137.7866668701172
133.20333862304688
146.04666137695312
143.8866729736328
155.69000244140625
137.25999450683594
144.9933319091797
146.60000610351562
145.6300048828125
156.77000427246094
171.36666870117188
139.58999633789062
136.80999755859375
160.05332946777344
152.7133331298828
175.47666931152344
172.05667114257812
164.57666015625
176.6133270263672
162.9933319091797
166.6699981689453
184.8433380126953
175.77333068847656
157.8766632080078
151.00999450683594
151.1999969482422
173.6133270263672
169.2100067138672
159.56666564941406
158.5
109.24666595458984
108.33999633789062
121.8933334350586
116.08333587646484
119.97000122070312
117.49333190917969
137.5933380126953
111.913330078125
127.69000244140625
129.19000244140625
125.81666564941406
131.47332763671875
132.76333618164062
118.4433364868164
112.65666961669922
128.7899932861328
112.19999694824219
107.53333282470703
114.586669921875
109.94000244140625
137.8733367919922
111.1433334350586
136.60000610351562
140.69332885742188
125.0633316040039
127.5199966430664
125.32666778564453
109.91666412353516
126.0566635131836
113.11000061035156
138.77000427246094
115.60333251953125
115.33333587646484
104.48999786376953
99.8499984741211
130.96665954589844
100.62666320800781
120.81999969482422
116.03666687011719
94.65333557128906
97.88333129882812
100.47666931152344
138.586669921875
134.77667236328125
142.72666931152344
121.78333282470703
142.23333740234375
120.5
118.00333404541016
116.26667022705078
99.04666900634766
139.3766632080078
127.11000061035156
128.7866668701172
128.3800048828125
146.31333923339844
142.82666015625
114.62999725341797
117.2066650390625
102.38666534423828
135.836669921875
101.82666778564453
106.76667022705078
140.2100067138672
133.6366729736328
135.3300018310547
125.36333465576172
140.0500030517578
114.28333282470703
141.4933319091797
111.913330078125
167.85000610351562
130.5800018310547
132.3300018310547
140.22999572753906
129.6566619873047
108.27333068847656
109.3133316040039
99.62999725341797
147.73666381835938
136.1233367919922
114.89666748046875
137.1300048828125
141.21665954589844
126.1433334350586
127.96666717529297
118.58000183105469
127.63666534423828
104.48332977294922
101.25333404541016
102.75333404541016
108.92666625976562
102.1500015258789
107.60333251953125
109.94999694824219
117.97666931152344
101.38333129882812
127.663330078125
116.00666809082031
118.24333190917969
122.95999908447266
114.25
131.7100067138672
119.48666381835938
120.94000244140625
117.67333221435547
112.54000091552734
121.64666748046875
120.76667022705078
112.45333099365234
121.44666290283203
125.59666442871094
129.30999755859375
123.62999725341797
153.36000061035156
119.3133316040039
141.81333923339844
128.33999633789062
119.18333435058594
107.77333068847656
100.90666961669922
132.28334045410156
129.0933380126953
130.57333374023438
114.03666687011719
128.78334045410156
157.52999877929688
107.46666717529297
170.67999267578125
150.67666625976562
178.26666259765625
195.3000030517578
153.5933380126953
167.34666442871094
147.97332763671875
194.4566650390625
163.35667419433594
173.38333129882812
157.70333862304688
170.05667114257812
171.0833282470703
149.83999633789062
163.5800018310547
171.27000427246094
177.23666381835938
170.33999633789062
190.25
174.30999755859375
203.48666381835938
189.32333374023438
187.55332946777344
175.9566650390625
174.11000061035156
189.1366729736328
152.22666931152344
144.17999267578125
158.31666564941406
160.93666076660156
176.67999267578125
179.02667236328125
184.83999633789062
144.07333374023438
130.3766632080078
177.88333129882812
125.47333526611328
164.51666259765625
141.72332763671875
136.66000366210938
130.10667419433594
139.36666870117188
154.05667114257812
203.32666015625
167.52000427246094
169.71665954589844
174.6666717529297
180.19000244140625
132.82666015625
145.31333923339844
148.5800018310547
141.60333251953125
168.36666870117188
162.00332641601562
156.07666015625
162.0500030517578
173.74667358398438
135.20333862304688
140.32666015625
137.94667053222656
166.086669921875
125.69000244140625
120.88999938964844
133.7566680908203
174.5500030517578
161.80999755859375
146.23333740234375
153.6699981689453
132.23333740234375
181.60333251953125
147.25999450683594
198.9499969482422
160.73666381835938
146.336669921875
171.46665954589844
161.03334045410156
142.9166717529297
158.4199981689453
136.68333435058594
178.43333435058594
121.85333251953125
164.6566619873047
157.90333557128906
103.0433349609375
145.39999389648438
162.89332580566406
147.41000366210938
161.55332946777344
140.04666137695312
127.87999725341797
140.55667114257812
149.8699951171875
139.4633331298828
136.75
136.84666442871094
136.6133270263672
128.41000366210938
149.93666076660156
158.17999267578125
149.6266632080078
151.31333923339844
159.09666442871094
160.7433319091797
150.2899932861328
160.80999755859375
151.15333557128906
140.66000366210938
150.94667053222656
161.836669921875
162.97999572753906
169.50332641601562
151.3300018310547
163.68666076660156
165.68666076660156
185.75999450683594
174.10333251953125
172.75999450683594
166.14999389648438
167.01333618164062
183.81666564941406
195.75332641601562
164.82000732421875
169.43666076660156
162.3699951171875
178.1133270263672
154.99667358398438
177.5833282470703
184.9933319091797
139.07333374023438
121.10333251953125
140.10000610351562
128.86000061035156
125.89666748046875
124.58000183105469
105.7300033569336
136.88333129882812
124.53333282470703
124.39666748046875
107.04666900634766
111.11333465576172
132.02999877929688
110.31999969482422
135.02999877929688
148.0833282470703
138.05332946777344
96.47333526611328
139.086669921875
108.10333251953125
128.0366668701172
141.69667053222656
149.7433319091797
135.18333435058594
139.25999450683594
106.5999984741211
112.39666748046875
109.33999633789062
134.80667114257812
133.6300048828125
156.3800048828125
152.55332946777344
122.27333068847656
95.24666595458984
119.48999786376953
111.91999816894531
101.63666534423828
98.36000061035156
107.09333038330078
148.77333068847656
104.3933334350586
114.04000091552734
103.12000274658203
134.49000549316406
98.08000183105469
143.06666564941406
1.9766666889190674
134.3000030517578
133.1266632080078
73.16000366210938
99.16999816894531
137.96665954589844
132.27000427246094
121.44000244140625
121.5633316040039
114.30000305175781
132.30999755859375
93.08000183105469
118.90666961669922
108.5633316040039
102.85333251953125
102.41999816894531
97.12333679199219
120.98332977294922
92.19999694824219
143.9499969482422
100.31666564941406
137.4600067138672
110.50666809082031
135.56666564941406
123.28666687011719
141.5800018310547
131.0933380126953
135.52999877929688
145.14666748046875
127.21333312988281
119.19999694824219
133.26666259765625
122.87000274658203
133.94332885742188
117.75666809082031
117.03333282470703
115.9000015258789
66.08999633789062
116.45333099365234
129.3800048828125
116.68333435058594
115.14666748046875
107.8133316040039
104.31999969482422
121.08000183105469
112.58000183105469
95.33999633789062
90.05000305175781
101.26333618164062
102.26667022705078
101.21666717529297
116.16666412353516
105.58000183105469
129.26666259765625
102.51333618164062
113.59333038330078
121.97000122070312
115.12666320800781
127.6433334350586
126.33000183105469
116.54666900634766
131.01333618164062
109.43333435058594
116.91000366210938
123.7300033569336
123.43000030517578
120.96666717529297
127.25
134.0833282470703
134.33999633789062
144.60000610351562
122.87333679199219
131.5933380126953
138.3433380126953
153.52333068847656
137.34666442871094
124.85333251953125
138.06333923339844
136.4066619873047
133.18333435058594
138.80667114257812
135.90333557128906
116.15333557128906
110.41000366210938
98.47000122070312
109.37666320800781
99.67666625976562
88.69000244140625
97.58000183105469
93.82333374023438
97.62666320800781
100.9800033569336
104.04666900634766
100.4433364868164
101.5566635131836
96.77333068847656
105.52333068847656
95.336669921875
105.85333251953125
98.50333404541016
112.60333251953125
109.43333435058594
134.47999572753906
122.09666442871094
118.24666595458984
127.02333068847656
104.84666442871094
117.61000061035156
109.0
93.75
125.76000213623047
96.7933349609375
132.4199981689453
110.41999816894531
107.30000305175781
74.60333251953125
86.72666931152344
111.1500015258789
104.82333374023438
105.83000183105469
90.77666473388672
96.97000122070312
107.27333068847656
90.03666687011719
115.76000213623047
141.69332885742188
119.97333526611328
109.11666870117188
125.9433364868164
111.00666809082031
107.25333404541016
121.54000091552734
92.65333557128906
95.4566650390625
93.30000305175781
105.58000183105469
102.28333282470703
111.71333312988281
99.79000091552734
87.41666412353516
90.48999786376953
90.62666320800781
96.7300033569336
92.29000091552734
74.91000366210938
90.4000015258789
90.50333404541016
60.44333267211914
90.18000030517578
63.676666259765625
78.02666473388672
105.11666870117188
89.66666412353516
121.76333618164062
96.61333465576172
85.02999877929688
103.75
86.54666900634766
82.72666931152344
96.413330078125
91.43333435058594
80.77333068847656
96.86333465576172
88.35333251953125
88.3066635131836
78.30999755859375
86.46333312988281
93.7933349609375
71.38999938964844
73.36333465576172
82.55333709716797
69.21333312988281
76.62999725341797
84.97000122070312
78.29666900634766
70.16000366210938
65.07666778564453
78.1500015258789
74.77666473388672
81.336669921875
81.78333282470703
83.56999969482422
74.06999969482422
76.08999633789062
93.23332977294922
85.57666778564453
73.69999694824219
77.86666870117188
84.59333038330078
84.33000183105469
83.04666900634766
75.68000030517578
85.30000305175781
88.65666961669922
86.8566665649414
87.06666564941406
112.75333404541016
90.24333190917969
116.99666595458984
91.69666290283203
98.4800033569336
109.58999633789062
122.32666778564453
91.15666961669922
100.92333221435547
84.19000244140625
117.86000061035156
94.3933334350586
106.54666900634766
105.55000305175781
114.25333404541016
97.87000274658203
96.42666625976562
112.56666564941406
101.63666534423828
101.92333221435547
119.90666961669922
86.02333068847656
106.80000305175781
91.4800033569336
99.74333190917969
95.6066665649414
99.84333038330078
100.6433334350586
102.21333312988281
105.59666442871094
132.413330078125
108.57333374023438
115.60333251953125
124.53333282470703
114.29666900634766
128.58999633789062
107.13999938964844
130.0800018310547
112.00333404541016
116.72333526611328
116.7933349609375
0.0
136.65333557128906
107.78333282470703
119.91000366210938
118.49333190917969
118.27333068847656
91.663330078125
104.22333526611328
116.82333374023438
120.4000015258789
93.12999725341797
90.86333465576172
107.18000030517578
100.18000030517578
85.12333679199219
115.82333374023438
122.93000030517578
114.52333068847656
108.85333251953125
114.05000305175781
121.5
119.00666809082031
115.23999786376953
85.12000274658203
88.99333190917969
79.44000244140625
105.33000183105469
110.29666900634766
103.26667022705078
101.50333404541016
88.5199966430664
86.6066665649414
93.336669921875
100.94666290283203
87.40333557128906
93.31666564941406
105.17333221435547
99.11000061035156
84.28666687011719
80.38666534423828
94.92333221435547
81.12333679199219
108.53666687011719
84.48999786376953
108.09666442871094
101.4433364868164
79.02666473388672
94.46666717529297
84.02666473388672
78.73666381835938
93.83333587646484
83.38666534423828
79.94999694824219
91.3933334350586
84.37000274658203
80.58999633789062
86.15666961669922
79.07333374023438
81.97666931152344
74.47666931152344
67.38333129882812
77.84666442871094
63.4566650390625
72.31999969482422
79.37666320800781
68.79000091552734
70.58999633789062
73.73332977294922
78.98666381835938
65.68000030517578
76.81999969482422
68.73666381835938
71.77666473388672
66.586669921875
74.62666320800781
81.67333221435547
79.51000213623047
67.13666534423828
75.68000030517578
73.64666748046875
77.17333221435547
76.58333587646484
79.94999694824219
76.4000015258789
83.00333404541016
85.53333282470703
83.67333221435547
96.55000305175781
92.78333282470703
106.35333251953125
89.26000213623047
92.22666931152344
93.06999969482422
113.74666595458984
96.91000366210938
92.02999877929688
74.19999694824219
96.01000213623047
90.75666809082031
98.58000183105469
92.20999908447266
75.8133316040039
64.39666748046875
59.57666778564453
68.84333038330078
77.42333221435547
84.20333099365234
81.39666748046875
54.2933349609375
61.80666732788086
70.62333679199219
67.43000030517578
69.40333557128906
65.79000091552734
74.55000305175781
73.19666290283203
64.57666778564453
87.15333557128906
76.5199966430664
81.65333557128906
86.87333679199219
110.93333435058594
83.70333099365234
82.07333374023438
89.02666473388672
82.66000366210938
85.53333282470703
86.586669921875
76.36000061035156
93.47666931152344
81.12999725341797
87.27333068847656
78.73666381835938
84.97333526611328
73.36666870117188
64.30333709716797
84.77999877929688
86.33999633789062
64.2933349609375
68.23666381835938
61.36000061035156
52.939998626708984
52.7066650390625
68.22666931152344
94.79666900634766
74.92333221435547
72.41999816894531
96.82666778564453
82.87333679199219
77.95333099365234
90.4366683959961
57.00666809082031
63.53333282470703
58.09000015258789
69.86000061035156
60.573333740234375
62.26333236694336
86.77333068847656
61.4566650390625
72.00333404541016
49.72999954223633
74.1933364868164
62.64666748046875
76.65666961669922
78.0566635131836
69.87333679199219
65.40666961669922
63.11333465576172
71.1866683959961
59.55666732788086
84.67333221435547
67.2933349609375
92.43333435058594
74.8566665649414
63.13333511352539
70.46666717529297
67.20999908447266
53.380001068115234
68.5566635131836
57.0099983215332
78.53666687011719
71.25666809082031
60.37666702270508
62.119998931884766
53.89666748046875
57.959999084472656
65.336669921875
52.836666107177734
52.02333450317383
49.38999938964844
41.01333236694336
48.563331604003906
62.26333236694336
45.95000076293945
50.483333587646484
50.92333221435547
54.43000030517578
56.85333251953125
54.0966682434082
53.8033332824707
57.163333892822266
52.38999938964844
49.473331451416016
72.163330078125
56.413333892822266
56.9900016784668
58.64666748046875
58.79666519165039
63.77333450317383
58.08000183105469
59.71333312988281
55.209999084472656
63.073333740234375
54.790000915527344
67.32333374023438
65.3933334350586
46.37666702270508
49.43333435058594
70.97666931152344
42.12666702270508
47.88999938964844
68.50333404541016
53.58333206176758
70.7066650390625
66.79000091552734
74.77666473388672
62.26333236694336
74.02666473388672
70.28333282470703
92.80000305175781
83.163330078125
96.72000122070312
73.04000091552734
105.8133316040039
105.55000305175781
114.28333282470703
69.66000366210938
99.99666595458984
84.5433349609375
108.21666717529297
89.11000061035156
117.64666748046875
85.53666687011719
105.7933349609375
90.8933334350586
106.27999877929688
103.72000122070312
132.7933349609375
104.4000015258789
128.60000610351562
120.76333618164062
118.00666809082031
117.2699966430664
117.39666748046875
133.93333435058594
104.07666778564453
86.3499984741211
128.6366729736328
106.3566665649414
127.5566635131836
116.26333618164062
105.85333251953125
102.41666412353516
107.06666564941406
135.41000366210938
121.42333221435547
94.02666473388672
95.086669921875
79.87000274658203
69.65666961669922
75.5199966430664
57.16999816894531
66.88999938964844
54.66666793823242
37.02000045776367
46.2933349609375
52.38999938964844
41.50666809082031
40.003334045410156
66.05999755859375
49.606666564941406
52.71333312988281
49.25
52.220001220703125
38.96333312988281
44.53333282470703
53.80666732788086
83.6433334350586
67.59666442871094
50.63666534423828
65.78666687011719
105.23999786376953
44.3466682434082
54.0099983215332
52.09000015258789
82.76333618164062
57.1966667175293
80.46666717529297
55.779998779296875
69.086669921875
61.4900016784668
57.086666107177734
91.0566635131836
56.36000061035156
78.24333190917969
65.25666809082031
92.1866683959961
72.31999969482422
63.77000045776367
59.7066650390625
51.34333419799805
53.60333251953125
0.0
55.04666519165039
54.563331604003906
48.5
50.36000061035156
62.35333251953125
70.3933334350586
58.880001068115234
90.84666442871094
54.91999816894531
72.9433364868164
69.0433349609375
78.96666717529297
77.8566665649414
87.06666564941406
69.47666931152344
85.8566665649414
67.836669921875
78.3499984741211
100.45999908447266
73.33999633789062
60.11000061035156
77.93333435058594
75.26000213623047
72.40666961669922
100.53666687011719
88.2066650390625
76.93000030517578
77.37999725341797
86.71666717529297
93.51000213623047
110.69666290283203
87.15666961669922
113.12333679199219
94.66999816894531
117.6500015258789
123.54666900634766
89.69999694824219
104.19000244140625
110.3933334350586
90.1500015258789
96.1066665649414
89.3933334350586
105.61333465576172
90.68000030517578
138.01666259765625
131.67999267578125
143.72000122070312
137.57666015625
142.25332641601562
126.19999694824219
146.20333862304688
123.7699966430664
123.33999633789062
135.22332763671875
145.7066650390625
125.73332977294922
121.95999908447266
130.0800018310547
101.85333251953125
139.66000366210938
131.32000732421875
138.60000610351562
143.3333282470703
131.61666870117188
89.7699966430664
120.5433349609375
128.35333251953125
125.72000122070312
132.9633331298828
149.72332763671875
125.81666564941406
122.3066635131836
125.74333190917969
136.89332580566406
152.18666076660156
155.1666717529297
140.9633331298828
97.86666870117188
112.06999969482422
145.8800048828125
100.6433334350586
128.39332580566406
107.23999786376953
139.02333068847656
124.336669921875
114.41999816894531
157.72666931152344
141.72000122070312
138.63999938964844
155.2866668701172
142.60667419433594
127.05333709716797
138.57000732421875
146.22000122070312
119.47000122070312
134.413330078125
150.02667236328125
137.05999755859375
129.50999450683594
132.68666076660156
141.5366668701172
119.0199966430664
113.55000305175781
129.69000244140625
132.17666625976562
115.07333374023438
117.78333282470703
136.4066619873047
129.4600067138672
112.663330078125
101.91000366210938
115.45999908447266
96.39666748046875
115.29666900634766
121.85333251953125
121.84333038330078
121.35333251953125
120.86333465576172
130.25
118.3566665649414
113.2300033569336
118.37333679199219
101.76333618164062
129.66000366210938
113.80333709716797
101.63666534423828
115.30333709716797
106.75666809082031
108.63666534423828
108.48999786376953
96.27999877929688
105.16999816894531
110.25
98.10333251953125
95.50333404541016
113.20999908447266
94.47333526611328
96.836669921875
104.05333709716797
101.94000244140625
99.913330078125
108.23999786376953
109.61333465576172
112.41666412353516
106.70999908447266
98.2699966430664
102.92333221435547
104.24333190917969
98.07333374023438
97.31666564941406
94.78666687011719
109.42666625976562
98.11333465576172
115.98332977294922
103.55999755859375
115.87666320800781
105.43000030517578
121.91999816894531
138.0366668701172
120.71666717529297
124.3066635131836
115.94666290283203
100.97000122070312
129.60667419433594
124.87000274658203
128.3633270263672
130.3633270263672
118.5999984741211
124.47000122070312
120.34333038330078
122.22000122070312
121.89666748046875
151.4600067138672
177.2433319091797
192.35667419433594
181.88333129882812
179.13333129882812
172.41000366210938
160.6999969482422
154.49667358398438
165.55332946777344
172.82000732421875
165.28334045410156
167.98666381835938
171.67666625976562
155.42333984375
179.5933380126953
206.28334045410156
170.05999755859375
175.04666137695312
184.44667053222656
177.52000427246094
170.9166717529297
204.52333068847656
188.11666870117188
156.56666564941406
175.49000549316406
171.7899932861328
185.10667419433594
141.8866729736328
177.73666381835938
167.88999938964844
160.8866729736328
157.40333557128906
152.0433349609375
150.27333068847656
141.94667053222656
155.93666076660156
156.49667358398438
150.22000122070312
143.77000427246094
142.50332641601562
151.02667236328125
163.32333374023438
183.17999267578125
181.92999267578125
215.94332885742188
174.30999755859375
152.7133331298828
166.2866668701172
163.3699951171875
164.02000427246094
139.78334045410156
179.1300048828125
163.4499969482422
180.4166717529297
165.60667419433594
182.00999450683594
169.4166717529297
162.52999877929688
164.22666931152344
136.5
160.41000366210938
151.1999969482422
134.57333374023438
171.89999389648438
167.9566650390625
144.55332946777344
137.57333374023438
146.33999633789062
136.63333129882812
159.5066680908203
141.24667358398438
179.92999267578125
143.22999572753906
138.3300018310547
158.1233367919922
158.7433319091797
141.88333129882812
148.60667419433594
135.15333557128906
157.56666564941406
138.02667236328125
129.26333618164062
148.41000366210938
129.0399932861328
140.44332885742188
142.42666625976562
142.72000122070312
150.7566680908203
133.92999267578125
134.2899932861328
139.39332580566406
148.05332946777344
123.79000091552734
115.83333587646484
119.11333465576172
132.47000122070312
134.11666870117188
141.6266632080078
144.913330078125
149.3800048828125
141.00332641601562
141.9600067138672
144.91000366210938
140.60667419433594
141.14999389648438
162.3866729736328
153.93666076660156
160.4066619873047
153.27667236328125
152.5800018310547
142.6366729736328
146.8000030517578
146.77333068847656
137.5366668701172
168.10333251953125
143.24000549316406
163.04666137695312
149.2899932861328
148.1999969482422
153.23333740234375
132.42666625976562
167.23333740234375
159.63333129882812
151.07666015625
177.9166717529297
160.17666625976562
166.3766632080078
170.913330078125
168.85667419433594
191.44332885742188
175.3300018310547
190.48666381835938
173.77667236328125
160.70333862304688
171.63999938964844
183.14999389648438
181.47999572753906
175.73666381835938
171.61000061035156
184.83999633789062
179.1666717529297
165.5399932861328
172.7933349609375
160.7433319091797
157.0
179.05332946777344
177.413330078125
165.82333374023438
154.0800018310547
163.5833282470703
174.6666717529297
186.69667053222656
157.2066650390625
178.98666381835938
175.9933319091797
152.5933380126953
196.69667053222656
184.44000244140625
176.09666442871094
173.413330078125
170.6566619873047
170.24000549316406
155.99667358398438
184.59666442871094
173.31666564941406
148.1233367919922
144.75332641601562
152.6699981689453
158.44667053222656
165.77999877929688
160.92333984375
195.6566619873047
192.39666748046875
173.5800018310547
165.39999389648438
194.17666625976562
172.4066619873047
189.99000549316406
152.77000427246094
163.84666442871094
179.57000732421875
181.64666748046875
172.00332641601562
186.85333251953125
170.0933380126953
151.4566650390625
159.41000366210938
172.77999877929688
193.27667236328125
171.00332641601562
144.5
176.97000122070312
145.47666931152344
140.10333251953125
129.4199981689453
148.10667419433594
132.7566680908203
159.36666870117188
148.94332885742188
172.50332641601562
156.63333129882812
148.39999389648438
152.69667053222656
144.22332763671875
148.3433380126953
148.41000366210938
142.15333557128906
174.76666259765625
143.47999572753906
128.06666564941406
147.23333740234375
136.3800048828125
144.64332580566406
151.9633331298828
140.7100067138672
142.02333068847656
139.0800018310547
136.30999755859375
133.07333374023438
142.81666564941406
120.33999633789062
123.3566665649414
128.64666748046875
131.22332763671875
121.66999816894531
137.00332641601562
142.51666259765625
143.99667358398438
135.52667236328125
140.74000549316406
150.94667053222656
130.21665954589844
169.8000030517578
143.47332763671875
149.77667236328125
146.69332885742188
99.57666778564453
148.51333618164062
89.95333099365234
151.73333740234375
91.77999877929688
85.01000213623047
180.1233367919922
151.17333984375
192.26333618164062
151.24000549316406
156.82666015625
92.55999755859375
100.27666473388672
168.76666259765625
160.55999755859375
147.2933349609375
96.5
152.6300048828125
165.77333068847656
95.44000244140625
189.21665954589844
180.0800018310547
180.43333435058594
176.2899932861328
175.1566619873047
183.94332885742188
162.22999572753906
201.39666748046875
166.6133270263672
202.3866729736328
176.22999572753906
180.32333374023438
187.0500030517578
173.06333923339844
191.06333923339844
183.22000122070312
195.55667114257812
183.22332763671875
203.67666625976562
182.17333984375
206.36666870117188
206.27667236328125
203.4566650390625
184.69000244140625
188.76333618164062
203.25332641601562
185.80667114257812
152.71665954589844
191.02333068847656
186.06666564941406
183.27999877929688
185.21665954589844
177.43666076660156
169.3633270263672
160.08999633789062
153.96665954589844
175.89666748046875
187.39332580566406
177.7433319091797
154.52667236328125
158.89332580566406
161.71665954589844
182.18666076660156
192.5
213.5066680908203
169.01666259765625
180.90333557128906
188.0500030517578
188.0
197.72332763671875
132.5
191.02333068847656
184.3000030517578
194.2933349609375
174.23333740234375
179.15333557128906
183.99000549316406
171.13999938964844
159.17666625976562
150.836669921875
206.11000061035156
148.64999389648438
158.75
194.39332580566406
188.2066650390625
176.0066680908203
155.64666748046875
178.77667236328125
150.5500030517578
178.42333984375
145.73333740234375
220.91000366210938
171.3866729736328
157.48333740234375
192.9633331298828
167.5399932861328
135.1133270263672
161.0933380126953
161.72332763671875
192.5399932861328
177.2566680908203
175.74000549316406
177.02333068847656
186.06333923339844
145.8733367919922
168.5366668701172
168.1699981689453
164.22000122070312
145.43333435058594
137.49000549316406
142.47999572753906
164.35333251953125
153.7899932861328
150.60000610351562
136.00332641601562
149.6133270263672
143.14666748046875
149.72999572753906
167.9633331298828
169.9166717529297
171.19000244140625
172.46665954589844
183.08999633789062
146.68666076660156
167.78334045410156
163.13999938964844
174.25332641601562
166.25332641601562
170.41000366210938
158.9499969482422
166.30332946777344
165.81666564941406
168.76333618164062
180.71665954589844
201.28334045410156
169.2066650390625
186.7433319091797
165.53334045410156
161.57333374023438
194.336669921875
200.5066680908203
187.0366668701172
181.27999877929688
171.71665954589844
195.80667114257812
168.31666564941406
188.60000610351562
185.27333068847656
109.18333435058594
109.9566650390625
99.91000366210938
99.55333709716797
97.79666900634766
108.99666595458984
113.76000213623047
98.32333374023438
92.29000091552734
96.97666931152344
92.58000183105469
90.63999938964844
91.66000366210938
96.413330078125
105.49666595458984
93.44000244140625
117.83333587646484
116.49666595458984
128.17333984375
97.91000366210938
135.08999633789062
122.2066650390625
132.57666015625
124.70333099365234
110.97666931152344
111.84666442871094
116.46666717529297
102.8499984741211
128.99000549316406
108.96666717529297
129.48333740234375
106.62666320800781
115.42333221435547
98.98332977294922
98.17333221435547
108.48332977294922
105.75
102.87999725341797
90.5199966430664
103.15333557128906
102.03666687011719
93.75
120.38333129882812
109.73999786376953
130.82666015625
100.52333068847656
115.56999969482422
114.19000244140625
87.0999984741211
111.87000274658203
82.72666931152344
104.41000366210938
91.62666320800781
107.75666809082031
100.66000366210938
99.08999633789062
96.48332977294922
74.48999786376953
84.6866683959961
100.3066635131836
96.27999877929688
86.29000091552734
88.86000061035156
100.8499984741211
76.58999633789062
74.74666595458984
63.02000045776367
71.04666900634766
64.22000122070312
76.7066650390625
74.81999969482422
94.26333618164062
75.836669921875
73.29666900634766
83.51000213623047
77.87333679199219
64.5199966430664
76.87999725341797
75.45999908447266
96.4800033569336
78.1933364868164
66.68000030517578
74.4566650390625
63.040000915527344
60.59000015258789
72.0
60.36333465576172
57.060001373291016
60.746665954589844
60.31666564941406
62.0966682434082
73.663330078125
60.26333236694336
51.026668548583984
61.0
61.9566650390625
71.66666412353516
67.22666931152344
54.119998931884766
70.09666442871094
52.44333267211914
65.92333221435547
76.81666564941406
72.47666931152344
56.709999084472656
61.16666793823242
55.779998779296875
82.4366683959961
52.810001373291016
63.973331451416016
58.290000915527344
68.33333587646484
68.48332977294922
71.91000366210938
94.3499984741211
79.6933364868164
78.67666625976562
74.36333465576172
88.27333068847656
85.07333374023438
104.82333374023438
78.66999816894531
78.08999633789062
85.2300033569336
94.37333679199219
77.74333190917969
102.32333374023438
75.5199966430664
121.75666809082031
115.33000183105469
106.76333618164062
120.38999938964844
101.03333282470703
105.1933364868164
105.27999877929688
96.46666717529297
100.86000061035156
102.88999938964844
117.16666412353516
97.1933364868164
105.8566665649414
107.06666564941406
105.06666564941406
109.413330078125
122.39666748046875
116.40333557128906
129.42333984375
125.69999694824219
136.5399932861328
128.89332580566406
141.8699951171875
130.6266632080078
108.94666290283203
134.336669921875
104.4366683959961
98.20333099365234
117.71666717529297
118.38666534423828
135.56666564941406
118.22000122070312
120.1433334350586
92.78666687011719
102.37999725341797
126.57333374023438
99.49666595458984
110.46333312988281
97.12000274658203
107.51333618164062
93.12666320800781
107.49333190917969
122.62333679199219
115.73999786376953
122.00666809082031
114.31999969482422
115.8066635131836
114.83999633789062
119.63666534423828
123.41000366210938
95.04666900634766
105.98666381835938
111.90333557128906
99.00666809082031
104.94999694824219
111.28666687011719
100.17666625976562
95.52999877929688
89.74666595458984
98.23666381835938
122.40333557128906
101.78333282470703
97.52666473388672
131.6233367919922
88.95333099365234
87.83999633789062
77.86666870117188
89.5433349609375
68.83999633789062
83.3066635131836
87.2699966430664
112.1066665649414
98.3133316040039
85.37000274658203
86.03333282470703
79.53333282470703
75.1866683959961
97.99333190917969
72.80999755859375
95.5
80.84333038330078
64.73999786376953
72.6066665649414
67.44999694824219
71.24333190917969
69.3133316040039
64.0199966430664
65.50666809082031
67.50333404541016
59.676666259765625
60.529998779296875
86.69666290283203
55.063331604003906
59.86000061035156
55.003334045410156
62.88666534423828
62.400001525878906
66.43333435058594
64.59333038330078
71.64666748046875
58.436668395996094
60.48666763305664
89.8066635131836
64.87333679199219
61.36666488647461
64.69999694824219
64.77333068847656
70.74666595458984
56.220001220703125
69.12333679199219
60.78666687011719
61.996665954589844
66.84333038330078
75.26000213623047
90.163330078125
82.33000183105469
89.04666900634766
76.12666320800781
86.5199966430664
87.59333038330078
87.45333099365234
89.7933349609375
83.35333251953125
77.836669921875
78.44999694824219
81.30333709716797
100.85333251953125
71.48332977294922
95.45999908447266
100.13333129882812
91.63333129882812
92.69000244140625
93.50666809082031
98.08333587646484
89.1066665649414
92.7933349609375
95.75333404541016
90.27999877929688
106.04666900634766
89.16000366210938
96.77999877929688
93.27333068847656
97.97666931152344
98.58999633789062
104.83333587646484
107.1933364868164
105.97666931152344
103.37000274658203
114.58333587646484
111.80000305175781
115.413330078125
101.92666625976562
87.1066665649414
97.75
100.55333709716797
77.21333312988281
113.37999725341797
94.72000122070312
132.2866668701172
110.80333709716797
107.45333099365234
80.336669921875
84.66000366210938
105.19999694824219
90.66999816894531
114.26667022705078
84.1866683959961
90.11333465576172
100.82333374023438
86.33999633789062
85.37000274658203
124.0433349609375
107.8066635131836
87.36000061035156
110.07666778564453
107.51000213623047
95.55000305175781
95.24333190917969
76.163330078125
83.27333068847656
88.98332977294922
92.80999755859375
85.30999755859375
92.22000122070312
84.08000183105469
83.1066665649414
77.90333557128906
80.91666412353516
86.05000305175781
87.5999984741211
79.25
95.76667022705078
75.93000030517578
67.67666625976562
72.13999938964844
85.13666534423828
73.40333557128906
77.1500015258789
73.43000030517578
93.47000122070312
75.3933334350586
76.58999633789062
76.47666931152344
73.71666717529297
68.4566650390625
87.14666748046875
71.36333465576172
99.30999755859375
77.85333251953125
63.88666534423828
72.93000030517578
45.17333221435547
62.11666488647461
71.82333374023438
68.15333557128906
60.27000045776367
63.4033317565918
59.356666564941406
58.810001373291016
70.15666961669922
59.6966667175293
54.96333312988281
65.07666778564453
64.78666687011719
63.31999969482422
71.62333679199219
68.9800033569336
71.75333404541016
61.13333511352539
59.80666732788086
91.80333709716797
66.71333312988281
58.11000061035156
73.15666961669922
63.973331451416016
75.49666595458984
63.970001220703125
70.5199966430664
62.4566650390625
73.16999816894531
69.01667022705078
75.59333038330078
94.82666778564453
83.27666473388672
94.6866683959961
80.1500015258789
87.69666290283203
86.14666748046875
104.36333465576172
83.51333618164062
88.73666381835938
79.6066665649414
82.90333557128906
89.336669921875
97.39666748046875
88.67333221435547
95.663330078125
108.2066650390625
87.59666442871094
105.89666748046875
93.72000122070312
80.30999755859375
106.88666534423828
96.25666809082031
90.02999877929688
89.62666320800781
100.663330078125
87.62999725341797
96.80000305175781
92.05000305175781
88.91666412353516
88.913330078125
123.72666931152344
109.66000366210938
102.14666748046875
106.413330078125
123.47000122070312
107.41999816894531
121.72666931152344
124.31999969482422
114.86666870117188
120.12000274658203
112.31666564941406
80.0633316040039
126.5433349609375
104.9800033569336
117.88999938964844
97.7066650390625
107.17333221435547
86.8566665649414
92.96666717529297
78.44999694824219
93.01667022705078
112.08333587646484
76.32333374023438
102.28333282470703
99.46333312988281
89.02999877929688
108.5433349609375
105.6866683959961
122.50333404541016
97.45999908447266
115.02333068847656
101.586669921875
97.05999755859375
115.96333312988281
88.47000122070312
91.7699966430664
91.55999755859375
103.18000030517578
94.43000030517578
86.72000122070312
106.05999755859375
80.0
77.44666290283203
86.72333526611328
101.36000061035156
91.23999786376953
83.12333679199219
105.09333038330078
76.77999877929688
75.32333374023438
69.0633316040039
83.2066650390625
72.3066635131836
79.12999725341797
77.79666900634766
99.586669921875
85.3499984741211
76.82666778564453
88.75666809082031
77.47333526611328
71.97000122070312
89.47666931152344
78.46666717529297
91.57333374023438
83.32666778564453
57.540000915527344
70.26333618164062
58.35333251953125
61.253334045410156
72.913330078125
62.86000061035156
57.72666549682617
69.913330078125
47.33333206176758
63.973331451416016
76.2066650390625
55.33000183105469
51.86000061035156
54.92333221435547
61.086666107177734
54.746665954589844
71.62666320800781
52.026668548583984
63.75
56.650001525878906
57.23666763305664
79.4366683959961
59.766666412353516
63.46333312988281
63.983333587646484
60.70000076293945
72.23999786376953
64.62333679199219
71.54000091552734
61.63666534423828
69.06999969482422
68.46333312988281
75.1066665649414
89.34666442871094
75.336669921875
91.81666564941406
79.4366683959961
85.83333587646484
84.77999877929688
81.86666870117188
84.25333404541016
81.05333709716797
72.36000061035156
79.62999725341797
86.8066635131836
91.2699966430664
78.163330078125
163.88333129882812
150.54666137695312
173.25
163.02667236328125
152.64999389648438
155.9566650390625
160.69000244140625
148.55332946777344
142.2133331298828
151.22332763671875
154.47332763671875
158.00332641601562
151.31333923339844
146.3766632080078
155.24667358398438
144.35000610351562
159.60667419433594
150.6699981689453
150.5
147.14999389648438
155.90333557128906
149.46665954589844
148.9166717529297
138.51333618164062
169.57000732421875
170.39666748046875
156.44332885742188
126.37333679199219
148.8633270263672
156.3633270263672
145.05332946777344
148.76333618164062
155.35667419433594
144.5500030517578
135.39332580566406
149.14999389648438
150.05999755859375
124.19000244140625
141.3333282470703
105.14666748046875
121.66666412353516
105.63999938964844
135.1199951171875
134.0366668701172
167.8333282470703
154.94332885742188
148.09666442871094
146.16000366210938
164.22999572753906
162.1300048828125
114.0
154.5800018310547
140.97999572753906
156.26666259765625
144.9600067138672
146.8866729736328
155.89999389648438
133.51333618164062
160.35000610351562
128.25999450683594
170.80999755859375
137.6300048828125
131.1300048828125
150.55332946777344
146.4933319091797
140.65333557128906
149.19332885742188
150.23666381835938
150.6666717529297
172.36666870117188
131.6266632080078
172.65333557128906
144.10000610351562
149.42333984375
154.70333862304688
163.28334045410156
109.36666870117188
134.78334045410156
121.5433349609375
159.36000061035156
157.88333129882812
130.94667053222656
158.8000030517578
136.22666931152344
134.72666931152344
133.58999633789062
122.37333679199219
129.8866729736328
115.29666900634766
123.56666564941406
99.12333679199219
154.8866729736328
102.06666564941406
122.36666870117188
125.85333251953125
144.1366729736328
138.0366668701172
141.20333862304688
128.2899932861328
135.61666870117188
120.41666412353516
138.46665954589844
155.97000122070312
138.4066619873047
135.7133331298828
136.32666015625
143.39332580566406
133.80332946777344
140.5066680908203
146.67999267578125
140.02667236328125
152.75332641601562
141.8300018310547
140.29666137695312
163.00999450683594
171.23666381835938
165.42999267578125
151.8300018310547
154.30999755859375
153.97000122070312
175.8800048828125
166.2899932861328
163.8800048828125
144.60667419433594
151.57000732421875
149.0500030517578
157.68666076660156
152.07000732421875
189.413330078125
169.74000549316406
182.39332580566406
192.49667358398438
196.32000732421875
174.82333374023438
182.72666931152344
199.88333129882812
176.413330078125
195.33999633789062
167.24000549316406
193.2566680908203
207.2133331298828
174.57333374023438
197.05999755859375
193.10000610351562
206.07666015625
159.43333435058594
190.2100067138672
188.97000122070312
206.27667236328125
197.92666625976562
180.836669921875
178.32000732421875
176.9166717529297
201.07000732421875
192.44667053222656
172.68666076660156
214.26666259765625
177.19332885742188
200.69667053222656
186.85667419433594
190.26333618164062
184.3866729736328
180.10000610351562
185.83999633789062
180.47000122070312
121.72666931152344
188.6199951171875
168.6266632080078
150.03334045410156
173.40333557128906
164.5
137.36000061035156
143.9600067138672
115.63666534423828
129.57000732421875
140.68333435058594
151.98666381835938
153.10667419433594
159.61000061035156
166.25332641601562
132.18333435058594
135.60667419433594
126.58000183105469
147.23333740234375
157.1999969482422
156.52000427246094
193.72999572753906
170.57000732421875
160.4199981689453
151.43333435058594
179.57000732421875
140.33999633789062
165.83999633789062
160.2433319091797
168.7566680908203
155.80667114257812
155.98333740234375
181.98333740234375
141.03334045410156
206.3633270263672
151.38333129882812
159.83999633789062
173.7433319091797
143.06333923339844
138.25999450683594
165.6300048828125
135.3699951171875
168.4633331298828
136.82666015625
112.30000305175781
126.98999786376953
110.82333374023438
163.4166717529297
151.33999633789062
98.1933364868164
116.17666625976562
135.27333068847656
97.00666809082031
131.52667236328125
163.6300048828125
100.38333129882812
113.66999816894531
112.87666320800781
159.13333129882812
152.36000061035156
156.76666259765625
96.8133316040039
171.59666442871094
102.23332977294922
134.3699951171875
183.0366668701172
102.93333435058594
113.9433364868164
174.5366668701172
112.52999877929688
167.10000610351562
121.19000244140625
168.02999877929688
158.4199981689453
143.2866668701172
167.97000122070312
111.52666473388672
188.50332641601562
147.69667053222656
184.82666015625
161.1999969482422
119.62666320800781
163.00999450683594
179.06666564941406
159.72332763671875
163.49000549316406
167.92666625976562
162.3866729736328
104.9433364868164
188.0366668701172
181.60667419433594
168.29666137695312
154.98333740234375
161.7066650390625
153.77333068847656
160.8733367919922
172.10000610351562
158.9066619873047
160.43333435058594
176.5833282470703
149.90333557128906
168.1233367919922
159.71665954589844
148.3633270263672
170.18666076660156
170.2133331298828
158.7133331298828
165.58999633789062
157.1266632080078
150.14999389648438
150.7433319091797
166.74667358398438
169.51666259765625
171.71665954589844
160.67666625976562
163.0500030517578
171.44000244140625
156.0433349609375
145.2100067138672
169.3766632080078
181.58999633789062
163.73333740234375
162.82333374023438
166.90333557128906
155.2100067138672
153.1233367919922
141.663330078125
179.24000549316406
136.00332641601562
154.2100067138672
146.31666564941406
151.22666931152344
138.89332580566406
128.42333984375
138.29666137695312
164.9499969482422
129.8733367919922
142.56666564941406
122.5199966430664
155.3300018310547
176.4633331298828
138.04666137695312
134.76333618164062
133.51666259765625
131.3800048828125
138.79666137695312
174.4166717529297
141.8300018310547
129.78334045410156
160.85333251953125
140.98666381835938
148.89666748046875
152.42333984375
151.07333374023438
142.92333984375
130.21665954589844
122.8566665649414
154.80332946777344
127.06999969482422
137.6300048828125
159.11000061035156
136.15333557128906
151.57333374023438
136.53334045410156
140.43666076660156
161.09666442871094
140.66000366210938
121.92333221435547
148.72999572753906
137.74667358398438
147.163330078125
137.30999755859375
131.336669921875
131.50332641601562
112.05333709716797
114.00333404541016
109.48666381835938
102.02666473388672
110.07666778564453
126.80333709716797
129.72666931152344
121.63999938964844
149.61666870117188
103.2933349609375
125.83333587646484
139.3633270263672
145.33999633789062
136.2866668701172
126.3133316040039
127.40333557128906
133.47999572753906
122.61333465576172
115.2300033569336
146.22332763671875
150.89666748046875
129.18666076660156
124.5199966430664
134.7566680908203
143.47999572753906
121.4800033569336
127.58999633789062
123.52333068847656
133.52999877929688
140.4633331298828
143.5500030517578
137.70333862304688
137.30667114257812
143.9066619873047
146.11666870117188
139.69332885742188
149.99000549316406
137.76333618164062
162.06333923339844
147.8733367919922
132.23666381835938
139.9066619873047
147.56666564941406
142.2066650390625
135.46665954589844
150.3699951171875
173.55667114257812
162.32000732421875
180.3766632080078
172.17666625976562
159.4633331298828
188.2899932861328
175.8866729736328
144.913330078125
171.14332580566406
177.5933380126953
146.06666564941406
165.2433319091797
152.88999938964844
101.02666473388672
146.42999267578125
122.50333404541016
174.47000122070312
139.80999755859375
156.05667114257812
87.93000030517578
150.23333740234375
163.9633331298828
165.7100067138672
177.77333068847656
162.4499969482422
152.55332946777344
170.0500030517578
169.0
153.3300018310547
168.15333557128906
143.0433349609375
171.78334045410156
167.0
158.56333923339844
149.64999389648438
159.61000061035156
176.42999267578125
181.7066650390625
171.22000122070312
156.41000366210938
153.66000366210938
138.06666564941406
76.96666717529297
160.50332641601562
134.8300018310547
73.4433364868164
111.3499984741211
136.76333618164062
122.45333099365234
149.1366729736328
122.89666748046875
147.1199951171875
128.22332763671875
120.62000274658203
114.78666687011719
135.3300018310547
164.34666442871094
176.163330078125
145.83999633789062
81.6433334350586
153.89332580566406
161.26333618164062
151.8333282470703
75.5633316040039
111.36000061035156
138.84666442871094
114.12000274658203
129.69000244140625
96.97000122070312
139.22332763671875
66.44000244140625
127.05333709716797
147.8800048828125
72.85333251953125
153.44000244140625
149.0800018310547
171.2433319091797
140.3433380126953
95.11333465576172
118.45333099365234
112.87666320800781
115.69999694824219
101.30000305175781
100.413330078125
119.68000030517578
115.86000061035156
89.55000305175781
137.0
123.12000274658203
128.5399932861328
157.586669921875
129.34666442871094
125.73666381835938
141.3699951171875
134.59666442871094
135.35667419433594
146.2866668701172
126.38666534423828
143.74667358398438
125.24333190917969
141.67333984375
168.8766632080078
137.3000030517578
114.29000091552734
153.39332580566406
114.78333282470703
139.36666870117188
69.8566665649414
150.2133331298828
126.10333251953125
128.46665954589844
130.22332763671875
131.03334045410156
150.6233367919922
133.59666442871094
108.61333465576172
139.9066619873047
139.73333740234375
137.51666259765625
95.12999725341797
156.3866729736328
163.3866729736328
160.7866668701172
126.57333374023438
154.80999755859375
179.0800018310547
147.97666931152344
121.52666473388672
104.75
99.34666442871094
101.12333679199219
104.3499984741211
109.66666412353516
107.84333038330078
89.4800033569336
101.06999969482422
95.26333618164062
103.64666748046875
98.5999984741211
112.33000183105469
103.4800033569336
97.48999786376953
101.31999969482422
120.58333587646484
122.45999908447266
124.6433334350586
123.68000030517578
141.6566619873047
121.73999786376953
134.10000610351562
142.4066619873047
124.7300033569336
122.9800033569336
118.73999786376953
109.32666778564453
131.39666748046875
115.27333068847656
125.89666748046875
127.3566665649414
113.10333251953125
111.16666412353516
131.17666625976562
138.086669921875
125.12666320800781
110.48332977294922
113.4800033569336
112.163330078125
117.12333679199219
95.80000305175781
95.91666412353516
111.73999786376953
115.87333679199219
89.87333679199219
102.41666412353516
94.4566650390625
102.95999908447266
103.22000122070312
92.2300033569336
75.61000061035156
74.34666442871094
84.50333404541016
81.51000213623047
97.86000061035156
93.76333618164062
97.44999694824219
95.5433349609375
101.81666564941406
91.12333679199219
100.34666442871094
103.41000366210938
109.83999633789062
79.01000213623047
63.369998931884766
88.41999816894531
80.03333282470703
90.20999908447266
81.93333435058594
87.39666748046875
78.10333251953125
70.6500015258789
77.97333526611328
87.5
93.03666687011719
74.09666442871094
94.45333099365234
79.26667022705078
79.00666809082031
73.5566635131836
68.44999694824219
66.76333618164062
58.58000183105469
60.88333511352539
62.5
56.8033332824707
52.56999969482422
74.99333190917969
64.2699966430664
68.94000244140625
85.87333679199219
64.97333526611328
64.71333312988281
72.49666595458984
76.87999725341797
72.37666320800781
70.37999725341797
70.53666687011719
74.52333068847656
61.42333221435547
67.92666625976562
117.62999725341797
65.37666320800781
69.0566635131836
68.83333587646484
77.77999877929688
82.24333190917969
85.49666595458984
76.07666778564453
64.9366683959961
83.34666442871094
71.52666473388672
71.40333557128906
97.23332977294922
85.12000274658203
90.66000366210938
78.8933334350586
88.13999938964844
99.7933349609375
95.7933349609375
96.586669921875
99.8933334350586
79.77999877929688
83.8566665649414
85.94000244140625
97.38333129882812
74.73999786376953
100.61000061035156
94.41999816894531
92.69000244140625
87.67333221435547
96.75333404541016
106.33333587646484
102.25
87.86666870117188
86.41999816894531
87.5999984741211
80.24333190917969
93.92666625976562
96.56999969482422
94.086669921875
89.12666320800781
92.5199966430664
95.46333312988281
112.43000030517578
108.03333282470703
113.67666625976562
124.9433364868164
110.71666717529297
119.5433349609375
108.11666870117188
103.69999694824219
108.76667022705078
109.83999633789062
92.11333465576172
116.33999633789062
95.62666320800781
119.43333435058594
111.69000244140625
102.44999694824219
97.88333129882812
111.42666625976562
116.25333404541016
105.41999816894531
115.01333618164062
95.24666595458984
94.836669921875
101.97666931152344
85.55000305175781
68.19000244140625
56.35333251953125
75.12666320800781
76.52333068847656
60.19333267211914
86.61666870117188
106.31999969482422
111.74333190917969
80.47000122070312
79.29000091552734
69.10333251953125
86.75333404541016
81.34666442871094
59.060001373291016
74.04000091552734
78.0999984741211
84.01000213623047
98.25
99.92333221435547
81.42666625976562
94.98666381835938
110.48999786376953
71.29000091552734
64.91999816894531
78.52666473388672
55.62666702270508
65.50666809082031
72.42666625976562
66.06666564941406
75.04000091552734
72.78333282470703
67.47000122070312
78.0433349609375
75.91666412353516
63.856666564941406
72.25333404541016
66.00333404541016
73.45999908447266
50.503334045410156
49.08333206176758
67.50666809082031
40.06999969482422
58.84000015258789
57.163333892822266
57.97999954223633
30.290000915527344
55.14666748046875
50.27000045776367
53.21333312988281
77.42666625976562
50.689998626708984
53.04666519165039
56.81666564941406
67.44666290283203
61.676666259765625
60.220001220703125
60.83333206176758
74.50333404541016
46.746665954589844
54.529998779296875
79.78666687011719
61.63666534423828
58.00666809082031
62.150001525878906
64.33000183105469
62.36333465576172
54.016666412353516
55.80666732788086
58.97999954223633
70.2300033569336
60.1966667175293
67.55333709716797
82.46666717529297
76.49666595458984
84.88666534423828
65.02333068847656
79.5999984741211
80.4566650390625
89.3499984741211
75.33999633789062
83.36333465576172
73.3566665649414
83.21333312988281
74.47000122070312
89.31999969482422
64.81999969482422
105.81999969482422
97.86666870117188
81.5433349609375
94.82333374023438
94.97666931152344
91.80999755859375
91.03666687011719
92.95333099365234
96.37333679199219
85.3066635131836
90.83999633789062
84.3066635131836
104.9566650390625
82.13999938964844
85.1433334350586
82.13333129882812
99.86000061035156
95.50333404541016
107.14666748046875
103.2300033569336
109.18000030517578
100.50666809082031
124.1066665649414
110.96666717529297
113.23666381835938
106.32333374023438
98.47666931152344
96.06666564941406
120.94999694824219
106.71333312988281
124.2699966430664
108.96666717529297
105.15333557128906
108.78333282470703
103.18000030517578
128.46665954589844
110.163330078125
93.92333221435547
95.3133316040039
88.81666564941406
83.05999755859375
85.11333465576172
101.2933349609375
115.64666748046875
131.82666015625
103.49666595458984
113.47000122070312
100.30333709716797
108.17666625976562
105.913330078125
69.61000061035156
92.77333068847656
77.47666931152344
94.48999786376953
82.92333221435547
99.97000122070312
89.26667022705078
74.08000183105469
85.22333526611328
85.5633316040039
97.3566665649414
82.75
94.41000366210938
111.53666687011719
89.1500015258789
75.59333038330078
77.20999908447266
76.27999877929688
72.9566650390625
87.6500015258789
79.04666900634766
98.16000366210938
77.663330078125
68.70333099365234
87.77999877929688
75.16000366210938
63.47999954223633
80.87333679199219
70.63999938964844
94.85333251953125
82.95999908447266
72.82666778564453
81.0433349609375
53.27333450317383
61.900001525878906
63.779998779296875
70.8133316040039
50.936668395996094
65.09333038330078
53.80666732788086
59.9033317565918
73.73666381835938
46.28666687011719
63.97999954223633
58.47666549682617
76.91999816894531
62.029998779296875
62.86000061035156
57.4466667175293
72.59666442871094
67.62666320800781
56.686668395996094
92.97000122070312
63.6966667175293
53.86666488647461
63.526668548583984
59.9900016784668
68.91666412353516
59.53666687011719
64.61000061035156
64.75333404541016
71.03666687011719
71.95333099365234
76.47000122070312
92.20333099365234
86.31999969482422
88.11666870117188
75.58000183105469
92.25666809082031
85.586669921875
97.79000091552734
77.90666961669922
79.1933364868164
70.2933349609375
76.77999877929688
77.44999694824219
91.7933349609375
76.9000015258789
66.37999725341797
86.75666809082031
74.71333312988281
56.52333450317383
80.5566635131836
81.41666412353516
84.37333679199219
75.51000213623047
71.40333557128906
81.45999908447266
84.0633316040039
74.84333038330078
85.33000183105469
75.83000183105469
58.526668548583984
67.3566665649414
72.25333404541016
93.8499984741211
87.65333557128906
80.2300033569336
94.0566635131836
64.67666625976562
97.08333587646484
99.32333374023438
102.71666717529297
93.47000122070312
82.46333312988281
89.90666961669922
95.1500015258789
83.1933364868164
94.42666625976562
82.25666809082031
84.6933364868164
83.67666625976562
87.75
100.36666870117188
85.87000274658203
81.67333221435547
84.98999786376953
77.0633316040039
70.32333374023438
77.96666717529297
98.38999938964844
96.47000122070312
98.52999877929688
91.41999816894531
102.52666473388672
85.30000305175781
60.413333892822266
95.31999969482422
60.7066650390625
68.08999633789062
71.93000030517578
81.8566665649414
84.5633316040039
88.1933364868164
82.27666473388672
60.426666259765625
77.87666320800781
75.77333068847656
87.61333465576172
68.70999908447266
76.69666290283203
67.97333526611328
62.150001525878906
71.26667022705078
59.68000030517578
80.99333190917969
70.72333526611328
78.4433364868164
64.7699966430664
91.38333129882812
61.663333892822266
66.38666534423828
72.97000122070312
73.39666748046875
53.46333312988281
64.41666412353516
55.89666748046875
92.37999725341797
62.79666519165039
56.323333740234375
59.676666259765625
57.08333206176758
59.45000076293945
57.7066650390625
54.70333480834961
52.58000183105469
53.95000076293945
50.45333480834961
48.04999923706055
72.1500015258789
56.290000915527344
54.88666534423828
57.84000015258789
63.8033332824707
52.5966682434082
67.57666778564453
59.459999084472656
61.61666488647461
56.2400016784668
57.54999923706055
86.12999725341797
51.003334045410156
53.276668548583984
57.30666732788086
54.2066650390625
62.58333206176758
49.723331451416016
58.23666763305664
56.81666564941406
60.96333312988281
26.969999313354492
30.766666412353516
92.06999969482422
69.83999633789062
92.4566650390625
67.13666534423828
72.63999938964844
40.336666107177734
56.15666580200195
73.08000183105469
85.50333404541016
62.75666809082031
46.483333587646484
70.44999694824219
73.12999725341797
63.56666564941406
132.50999450683594
146.41000366210938
154.1566619873047
172.7899932861328
147.39666748046875
154.6366729736328
147.42333984375
157.69000244140625
176.06666564941406
133.9933319091797
139.44667053222656
147.58999633789062
136.47000122070312
158.95333862304688
171.00332641601562
167.63999938964844
141.0
143.25332641601562
137.14332580566406
146.6300048828125
183.8866729736328
161.22332763671875
170.9600067138672
155.41000366210938
132.67666625976562
155.67333984375
150.64666748046875
120.90333557128906
152.8866729736328
140.23666381835938
163.52667236328125
134.19332885742188
123.79666900634766
164.0066680908203
160.75332641601562
176.0399932861328
169.32333374023438
173.3800048828125
152.11666870117188
179.09666442871094
181.8766632080078
171.14332580566406
168.96665954589844
173.49000549316406
184.76666259765625
141.0833282470703
159.836669921875
146.65333557128906
136.7899932861328
176.75332641601562
181.13333129882812
164.45333862304688
156.4066619873047
153.77999877929688
147.14666748046875
154.8800048828125
164.4199981689453
161.17333984375
179.3866729736328
167.98666381835938
149.92999267578125
156.94667053222656
177.81333923339844
160.57000732421875
139.10333251953125
155.81666564941406
161.05999755859375
151.3699951171875
143.8699951171875
159.26666259765625
154.3800048828125
206.60000610351562
148.59666442871094
139.36666870117188
148.22999572753906
126.23666381835938
135.44667053222656
163.2100067138672
151.07666015625
164.85333251953125
141.77667236328125
121.92333221435547
158.3633270263672
138.1566619873047
139.09666442871094
124.20333099365234
136.97332763671875
114.70999908447266
138.56666564941406
124.08000183105469
136.10000610351562
150.51333618164062
120.85333251953125
128.1199951171875
133.77667236328125
144.86666870117188
145.1566619873047
121.71333312988281
120.3499984741211
127.97666931152344
111.21333312988281
124.02666473388672
164.89999389648438
127.67333221435547
126.02999877929688
123.01667022705078
132.48333740234375
133.10333251953125
126.64666748046875
143.2133331298828
153.6566619873047
143.8333282470703
136.72999572753906
138.72332763671875
155.44332885742188
157.57000732421875
160.0933380126953
151.05999755859375
162.1233367919922
172.60333251953125
173.5399932861328
145.39332580566406
128.63999938964844
137.413330078125
144.50999450683594
124.01000213623047
141.5
140.88333129882812
182.17333984375
157.77667236328125
165.10333251953125
172.27667236328125
151.1666717529297
132.13999938964844
148.38333129882812
126.30999755859375
175.99667358398438
146.1366729736328
158.44667053222656
139.19667053222656
136.1699981689453
143.3000030517578
183.42666625976562
182.086669921875
154.9600067138672
161.49000549316406
167.47332763671875
148.67666625976562
167.3866729736328
167.7133331298828
173.96665954589844
171.78334045410156
141.10000610351562
145.5399932861328
152.19000244140625
131.11666870117188
166.68333435058594
149.30667114257812
167.20333862304688
141.02000427246094
141.52000427246094
163.64332580566406
153.06333923339844
183.6133270263672
159.64666748046875
185.44667053222656
161.39999389648438
173.0500030517578
152.32000732421875
178.19332885742188
170.46665954589844
181.5833282470703
181.86000061035156
166.42999267578125
165.65333557128906
183.2933349609375
150.94332885742188
178.5500030517578
139.23666381835938
168.6266632080078
184.8300018310547
176.17666625976562
185.0500030517578
151.55332946777344
201.94000244140625
176.22666931152344
188.82000732421875
123.1433334350586
168.78334045410156
178.1366729736328
157.46665954589844
159.6999969482422
147.6699981689453
125.73332977294922
146.02000427246094
138.18666076660156
142.1366729736328
167.25999450683594
151.58999633789062
143.15333557128906
142.10667419433594
116.1433334350586
160.0433349609375
126.34333038330078
138.0800018310547
160.3800048828125
147.7433319091797
148.9566650390625
123.46666717529297
128.72999572753906
127.46666717529297
113.91000366210938
117.1500015258789
131.67666625976562
116.15666961669922
111.37333679199219
135.77999877929688
125.9000015258789
129.60667419433594
138.22332763671875
129.8000030517578
109.05333709716797
118.8499984741211
137.52333068847656
134.55667114257812
106.97333526611328
109.03333282470703
128.94667053222656
126.27999877929688
108.64666748046875
156.9933319091797
96.17666625976562
123.90333557128906
111.36333465576172
119.44666290283203
123.7699966430664
142.24000549316406
124.45999908447266
121.98666381835938
134.6999969482422
139.7933349609375
129.93333435058594
121.58333587646484
149.73666381835938
130.7933349609375
146.55667114257812
140.61666870117188
153.10000610351562
147.9566650390625
127.66666412353516
121.58999633789062
114.35333251953125
128.16000366210938
118.94000244140625
128.67999267578125
127.44000244140625
179.5433349609375
178.75
152.9566650390625
147.4933319091797
138.72666931152344
150.99000549316406
147.44667053222656
157.8733367919922
172.0433349609375
124.40666961669922
165.89999389648438
132.5833282470703
134.13333129882812
157.8633270263672
109.98332977294922
180.0433349609375
164.7899932861328
162.6999969482422
161.56333923339844
158.97999572753906
159.27667236328125
165.086669921875
160.32333374023438
153.63999938964844
140.84666442871094
128.27667236328125
138.04666137695312
138.27667236328125
130.35000610351562
134.44000244140625
131.5433349609375
143.8433380126953
126.76000213623047
155.02999877929688
137.6366729736328
136.55332946777344
149.25999450683594
141.913330078125
151.00999450683594
146.9499969482422
143.92666625976562
156.99667358398438
122.4000015258789
151.49667358398438
90.336669921875
143.02333068847656
162.2133331298828
151.336669921875
164.42333984375
144.98333740234375
157.79666137695312
159.43666076660156
170.3800048828125
153.3633270263672
156.05667114257812
150.08999633789062
141.5500030517578
142.57333374023438
137.01333618164062
142.3699951171875
168.0500030517578
160.7066650390625
153.19667053222656
154.8633270263672
142.7133331298828
148.13999938964844
141.40333557128906
117.69999694824219
144.90333557128906
127.12999725341797
98.8133316040039
153.46665954589844
115.78333282470703
105.13666534423828
153.73333740234375
92.10333251953125
119.6433334350586
145.16000366210938
116.09666442871094
147.9499969482422
125.82666778564453
119.66999816894531
135.8433380126953
114.76667022705078
104.336669921875
124.86666870117188
116.38999938964844
100.01667022705078
110.62000274658203
121.40666961669922
115.1433334350586
133.1266632080078
99.41000366210938
116.12666320800781
98.23666381835938
141.08999633789062
117.80333709716797
92.00666809082031
108.4800033569336
92.71333312988281
91.75
103.49333190917969
143.78334045410156
99.11666870117188
129.17999267578125
117.98332977294922
110.97000122070312
109.6066665649414
128.19000244140625
117.73666381835938
144.14666748046875
161.1999969482422
139.2433319091797
165.42999267578125
133.02000427246094
161.7933349609375
145.913330078125
107.91000366210938
147.06666564941406
138.72666931152344
170.63999938964844
122.00666809082031
104.42333221435547
117.8933334350586
153.4199981689453
131.50999450683594
112.56666564941406
124.43000030517578
178.11000061035156
174.07333374023438
140.86666870117188
173.05999755859375
175.07000732421875
142.44667053222656
186.6199951171875
185.77000427246094
167.28334045410156
178.55332946777344
165.92999267578125
175.85667419433594
147.35000610351562
137.25332641601562
169.19332885742188
177.47332763671875
179.00332641601562
168.38999938964844
162.6666717529297
174.43333435058594
139.77999877929688
163.61666870117188
168.9933319091797
181.3633270263672
148.88999938964844
142.1999969482422
159.8866729736328
190.26333618164062
144.1266632080078
193.0399932861328
182.13999938964844
191.24667358398438
187.09666442871094
184.38333129882812
184.31333923339844
159.63999938964844
200.8800048828125
175.2899932861328
185.67666625976562
202.73333740234375
199.31666564941406
183.68666076660156
201.1666717529297
187.61666870117188
170.72332763671875
179.85333251953125
196.74000549316406
188.74000549316406
203.1266632080078
208.89332580566406
192.54666137695312
199.19000244140625
200.84666442871094
181.26666259765625
201.81666564941406
191.4633331298828
172.51666259765625
179.80999755859375
187.00332641601562
181.45333862304688
179.1666717529297
194.85000610351562
169.6999969482422
191.2866668701172
166.1566619873047
169.26333618164062
160.2100067138672
174.61666870117188
173.4199981689453
188.64999389648438
181.9066619873047
186.75
189.09666442871094
135.64666748046875
194.70333862304688
170.7100067138672
154.75999450683594
171.38999938964844
162.8766632080078
170.24000549316406
162.90333557128906
152.6566619873047
159.00999450683594
129.4633331298828
156.4566650390625
159.97666931152344
146.07666015625
148.4933319091797
167.97332763671875
148.02000427246094
171.22000122070312
189.49000549316406
146.1133270263672
155.836669921875
137.9566650390625
150.9933319091797
152.39666748046875
129.89666748046875
135.76333618164062
153.34666442871094
140.98666381835938
0.0
183.15333557128906
121.19999694824219
139.56666564941406
125.1933364868164
139.19000244140625
129.85333251953125
125.56999969482422
119.5433349609375
125.47333526611328
141.19667053222656
144.47999572753906
153.6266632080078
149.3699951171875
151.97332763671875
143.09666442871094
148.5066680908203
160.11666870117188
0.30000001192092896
191.2100067138672
133.3333282470703
167.0
142.5066680908203
200.41000366210938
86.77999877929688
175.32666015625
152.88333129882812
93.37000274658203
70.4000015258789
89.76333618164062
107.74666595458984
104.66000366210938
99.94666290283203
117.86333465576172
114.26667022705078
115.13333129882812
75.63666534423828
120.79666900634766
69.46666717529297
87.45999908447266
87.3499984741211
120.58999633789062
100.6433334350586
116.24333190917969
95.1066665649414
118.4566650390625
123.91000366210938
134.1300048828125
120.26667022705078
143.80667114257812
108.663330078125
106.51333618164062
109.59333038330078
108.58333587646484
122.59333038330078
113.80999755859375
111.02999877929688
142.16000366210938
86.5
120.02666473388672
129.2133331298828
110.27333068847656
147.1366729736328
128.26333618164062
86.53666687011719
104.39666748046875
128.4166717529297
128.3433380126953
121.29000091552734
129.43333435058594
158.0800018310547
152.9933319091797
117.34666442871094
126.24333190917969
134.19332885742188
81.17666625976562
124.47666931152344
62.856666564941406
86.8933334350586
76.97333526611328
131.3333282470703
127.37666320800781
67.25333404541016
78.71333312988281
71.21666717529297
111.13999938964844
137.41000366210938
89.70999908447266
97.82666778564453
82.72333526611328
128.52333068847656
87.47666931152344
98.16000366210938
113.96333312988281
93.37666320800781
84.05999755859375
82.1933364868164
112.06666564941406
152.7066650390625
78.8933334350586
77.89666748046875
122.26000213623047
100.72333526611328
86.86000061035156
124.65666961669922
108.47333526611328
117.48332977294922
74.51333618164062
85.00333404541016
96.33333587646484
74.67666625976562
86.22333526611328
86.63666534423828
49.00666809082031
79.98666381835938
85.62333679199219
62.496665954589844
75.46666717529297
113.36666870117188
65.3933334350586
73.37000274658203
63.279998779296875
94.00333404541016
85.56999969482422
74.43333435058594
64.62999725341797
72.26333618164062
64.72000122070312
61.063331604003906
115.20999908447266
71.76333618164062
58.026668548583984
70.96666717529297
75.3566665649414
48.790000915527344
71.02999877929688
72.85333251953125
50.27000045776367
72.25666809082031
67.48332977294922
86.57333374023438
96.90333557128906
107.12000274658203
120.13666534423828
85.13333129882812
112.45333099365234
111.16000366210938
135.47000122070312
98.95999908447266
97.95999908447266
74.43333435058594
116.22000122070312
97.81999969482422
124.6933364868164
103.63999938964844
96.80999755859375
94.55333709716797
64.11666870117188
93.20333099365234
73.61000061035156
80.39666748046875
79.27999877929688
98.53333282470703
59.176666259765625
67.29000091552734
83.37333679199219
66.22666931152344
79.77333068847656
82.8133316040039
76.24333190917969
75.19999694824219
94.58000183105469
86.56666564941406
105.9000015258789
93.86333465576172
105.99333190917969
100.87999725341797
110.086669921875
111.72000122070312
62.11000061035156
69.87999725341797
69.58000183105469
84.59333038330078
83.66000366210938
73.71666717529297
99.57666778564453
79.086669921875
79.913330078125
96.52333068847656
100.95333099365234
110.59333038330078
84.48332977294922
88.02333068847656
91.88999938964844
96.91666412353516
88.77333068847656
86.2699966430664
79.25666809082031
86.26333618164062
81.82666778564453
98.163330078125
96.23999786376953
97.37999725341797
98.98666381835938
81.80333709716797
81.51000213623047
81.57666778564453
82.23666381835938
55.9566650390625
53.17333221435547
78.09333038330078
72.65666961669922
65.72000122070312
65.82333374023438
89.09666442871094
68.4433364868164
79.79666900634766
85.87666320800781
93.1066665649414
71.3566665649414
70.8499984741211
59.88666534423828
62.90999984741211
69.13666534423828
81.09333038330078
70.4800033569336
89.67333221435547
69.27666473388672
53.619998931884766
71.6433334350586
59.130001068115234
61.34000015258789
89.97000122070312
66.04000091552734
79.06999969482422
68.46666717529297
54.779998779296875
54.753334045410156
46.7599983215332
60.4900016784668
65.86666870117188
54.900001525878906
43.93000030517578
59.91999816894531
59.22666549682617
56.04999923706055
75.89666748046875
51.926666259765625
43.643333435058594
52.45333480834961
59.04666519165039
54.93000030517578
50.496665954589844
43.72666549682617
47.926666259765625
42.83000183105469
45.526668548583984
81.84666442871094
51.86000061035156
37.18000030517578
48.06666564941406
61.21666717529297
57.76333236694336
50.58333206176758
52.62666702270508
56.11666488647461
59.53666687011719
59.926666259765625
66.99666595458984
72.05999755859375
71.31999969482422
91.63333129882812
69.43333435058594
79.84666442871094
77.97333526611328
92.86666870117188
74.78666687011719
71.6866683959961
57.68000030517578
69.48999786376953
69.7933349609375
75.9433364868164
69.90333557128906
88.29666900634766
101.41999816894531
72.63999938964844
96.06666564941406
0.0
75.42333221435547
0.0
92.00666809082031
97.15666961669922
72.90333557128906
96.97333526611328
74.49333190917969
82.5566635131836
88.77999877929688
90.62333679199219
84.05000305175781
108.34666442871094
114.0199966430664
103.91000366210938
105.97666931152344
85.62000274658203
119.07666778564453
129.92666625976562
112.5433349609375
93.25333404541016
114.3133316040039
80.56666564941406
0.0
104.50333404541016
107.21333312988281
104.61000061035156
102.47333526611328
97.37333679199219
112.92666625976562
124.75
109.18000030517578
105.4566650390625
110.12000274658203
106.5633316040039
122.12000274658203
123.2066650390625
104.73666381835938
120.51000213623047
121.43333435058594
118.70999908447266
110.53666687011719
89.89666748046875
120.05999755859375
106.22333526611328
93.83999633789062
107.8066635131836
100.5199966430664
93.75666809082031
95.75
94.61333465576172
90.28666687011719
86.413330078125
97.45999908447266
96.04666900634766
93.24333190917969
71.7066650390625
90.76000213623047
97.47000122070312
91.31999969482422
85.01667022705078
83.80999755859375
93.23666381835938
94.04666900634766
79.83999633789062
86.07333374023438
101.08999633789062
128.17999267578125
98.82333374023438
71.87333679199219
86.45333099365234
85.70999908447266
83.7699966430664
119.33333587646484
94.7699966430664
118.08000183105469
77.0566635131836
73.23666381835938
73.76000213623047
80.7699966430664
78.16666412353516
83.086669921875
76.80999755859375
72.6066665649414
85.62000274658203
68.6933364868164
71.66000366210938
104.23332977294922
75.27999877929688
73.26333618164062
68.46666717529297
80.9433364868164
80.08999633789062
70.36666870117188
63.560001373291016
69.50333404541016
71.40333557128906
63.0533332824707
117.33333587646484
63.0533332824707
70.0633316040039
63.20333480834961
72.5199966430664
76.15666961669922
65.51667022705078
68.41999816894531
67.21666717529297
78.38333129882812
71.913330078125
76.88666534423828
101.02666473388672
90.2933349609375
103.82666778564453
81.92333221435547
91.7300033569336
99.19000244140625
106.47333526611328
88.26000213623047
86.3566665649414
71.75666809082031
86.26333618164062
81.42333221435547
100.61333465576172
92.45333099365234
78.43333435058594
97.4433364868164
76.99666595458984
82.01000213623047
80.62333679199219
74.04666900634766
64.21666717529297
83.74333190917969
75.27999877929688
74.02333068847656
76.77666473388672
66.09333038330078
79.48999786376953
74.95333099365234
78.06999969482422
88.47666931152344
80.15333557128906
91.58999633789062
71.51333618164062
78.78666687011719
108.7699966430664
77.02666473388672
85.46333312988281
75.41999816894531
81.79666900634766
83.42333221435547
82.51333618164062
70.72333526611328
91.22666931152344
79.84333038330078
71.47333526611328
72.25333404541016
68.11666870117188
81.87999725341797
82.26667022705078
88.64666748046875
92.62000274658203
82.56999969482422
73.8499984741211
79.95333099365234
79.26000213623047
70.69666290283203
82.06666564941406
93.15666961669922
92.04000091552734
72.5433349609375
101.28666687011719
77.87000274658203
63.473331451416016
48.060001373291016
70.86666870117188
73.73666381835938
82.02999877929688
76.21666717529297
85.97666931152344
77.29000091552734
73.31999969482422
92.42666625976562
77.88333129882812
67.41999816894531
76.4566650390625
71.01000213623047
61.0966682434082
67.2699966430664
69.4566650390625
65.06666564941406
63.60333251953125
73.37000274658203
71.09666442871094
72.8133316040039
70.07666778564453
80.2933349609375
61.029998779296875
56.18000030517578
63.4566650390625
54.31666564941406
61.12666702270508
71.39666748046875
73.3566665649414
77.01667022705078
71.49666595458984
46.630001068115234
62.356666564941406
48.48666763305664
52.209999084472656
58.21333312988281
47.11666488647461
43.2599983215332
62.76333236694336
44.4466667175293
53.13999938964844
63.83333206176758
39.473331451416016
45.31666564941406
54.50666809082031
55.310001373291016
48.753334045410156
43.8466682434082
46.47999954223633
45.34333419799805
47.9900016784668
46.0
75.08999633789062
48.59000015258789
37.720001220703125
54.78333282470703
49.12333297729492
51.689998626708984
40.20000076293945
50.34333419799805
53.93333435058594
49.573333740234375
53.71666717529297
56.16999816894531
67.31999969482422
51.0433349609375
79.34666442871094
67.2933349609375
71.11333465576172
74.51333618164062
81.3933334350586
60.393333435058594
54.7400016784668
58.45333480834961
72.6433334350586
59.900001525878906
76.6500015258789
73.80333709716797
169.97000122070312
155.84666442871094
131.13999938964844
167.9499969482422
162.64999389648438
132.36000061035156
158.88333129882812
170.3333282470703
157.27000427246094
163.74000549316406
167.60000610351562
159.22666931152344
134.06333923339844
134.3300018310547
169.42333984375
159.0399932861328
169.00332641601562
153.586669921875
162.17333984375
168.06666564941406
158.5800018310547
160.20333862304688
168.18666076660156
152.52000427246094
138.85333251953125
134.4166717529297
136.72999572753906
176.44332885742188
155.34666442871094
161.1366729736328
152.30332946777344
159.04666137695312
167.03334045410156
152.52000427246094
162.80999755859375
143.38999938964844
172.10333251953125
164.16000366210938
167.24667358398438
170.93333435058594
175.17666625976562
171.76666259765625
167.4199981689453
164.0433349609375
189.5800018310547
155.94000244140625
172.8433380126953
166.32666015625
167.57666015625
169.8766632080078
160.30332946777344
175.0
173.8633270263672
172.02999877929688
170.42999267578125
167.92666625976562
164.99667358398438
173.36000061035156
181.2566680908203
178.05999755859375
155.52667236328125
174.1199951171875
158.42999267578125
168.89666748046875
174.26666259765625
156.86666870117188
172.3733367919922
149.8800048828125
139.71665954589844
151.27000427246094
156.82333374023438
161.8766632080078
155.36666870117188
130.27667236328125
154.60667419433594
146.086669921875
163.0833282470703
156.17999267578125
153.8733367919922
129.07000732421875
142.1300048828125
115.2066650390625
133.72332763671875
139.88333129882812
141.2933349609375
145.72000122070312
129.17999267578125
118.68333435058594
132.1999969482422
137.1666717529297
157.83999633789062
144.0399932861328
124.73332977294922
134.74667358398438
128.35000610351562
146.48666381835938
152.2933349609375
150.05667114257812
135.25
142.71665954589844
125.97666931152344
109.46333312988281
168.77999877929688
128.23666381835938
114.91000366210938
120.60333251953125
114.4433364868164
120.00666809082031
124.76333618164062
126.00333404541016
134.60667419433594
121.88666534423828
132.8800048828125
133.64666748046875
128.84666442871094
142.35333251953125
154.8866729736328
136.4199981689453
157.05667114257812
138.39332580566406
156.68666076660156
115.80333709716797
130.14332580566406
125.17333221435547
126.34666442871094
138.36000061035156
149.10667419433594
147.94332885742188
206.31333923339844
197.1133270263672
158.93666076660156
209.086669921875
162.30332946777344
156.5800018310547
153.02999877929688
220.9066619873047
168.89999389648438
154.8766632080078
192.99000549316406
153.0433349609375
156.68666076660156
156.163330078125
203.67666625976562
128.6233367919922
224.5399932861328
182.47666931152344
212.30999755859375
188.02667236328125
215.07000732421875
212.95333862304688
207.05999755859375
188.44332885742188
160.81333923339844
185.2566680908203
155.81333923339844
192.02999877929688
189.1566619873047
162.01333618164062
199.67666625976562
162.1366729736328
173.7866668701172
179.24667358398438
179.65333557128906
213.67999267578125
194.35333251953125
216.413330078125
180.0433349609375
208.77333068847656
199.51666259765625
186.43333435058594
203.60000610351562
209.44667053222656
226.00332641601562
182.59666442871094
222.39999389648438
199.74667358398438
229.72000122070312
218.77999877929688
172.2433319091797
191.55667114257812
195.5366668701172
192.60667419433594
187.31666564941406
211.48666381835938
209.55999755859375
183.88999938964844
190.2066650390625
185.10333251953125
211.58999633789062
174.64999389648438
184.05667114257812
217.96665954589844
157.4199981689453
196.44667053222656
164.01666259765625
192.05999755859375
168.5433349609375
202.8733367919922
187.88999938964844
204.52667236328125
186.27999877929688
148.7066650390625
157.09666442871094
138.42333984375
188.1199951171875
185.06333923339844
169.89332580566406
173.05667114257812
103.02666473388672
151.72000122070312
166.48666381835938
143.1366729736328
138.42999267578125
173.97999572753906
144.42999267578125
146.24667358398438
164.7433319091797
143.67333984375
148.27667236328125
180.27333068847656
155.60000610351562
153.97999572753906
141.14332580566406
159.8433380126953
142.086669921875
132.33999633789062
132.3699951171875
155.2066650390625
141.89999389648438
131.74000549316406
165.20333862304688
136.5366668701172
167.1366729736328
125.50333404541016
160.9499969482422
165.8633270263672
152.5933380126953
145.3766632080078
173.19667053222656
190.72000122070312
85.68333435058594
176.52333068847656
171.94667053222656
186.24667358398438
173.99000549316406
178.27333068847656
198.8800048828125
170.30332946777344
199.413330078125
163.75999450683594
163.30999755859375
159.23333740234375
155.1566619873047
168.7133331298828
170.93666076660156
139.85667419433594
139.94000244140625
208.30667114257812
175.80999755859375
154.8733367919922
170.27000427246094
188.02333068847656
171.14999389648438
201.64666748046875
201.0366668701172
167.2933349609375
186.11666870117188
162.35000610351562
177.5399932861328
177.69000244140625
146.7866668701172
205.88333129882812
178.61000061035156
203.1999969482422
199.1999969482422
210.91000366210938
220.2899932861328
223.50999450683594
218.2933349609375
200.336669921875
153.413330078125
187.836669921875
167.19000244140625
186.6699981689453
200.27667236328125
175.70333862304688
192.4600067138672
170.7866668701172
165.9933319091797
189.77333068847656
189.5
218.75999450683594
188.95333862304688
202.26666259765625
192.58999633789062
196.27000427246094
187.4199981689453
196.4199981689453
198.0500030517578
214.8300018310547
219.05332946777344
174.9066619873047
191.6366729736328
202.82666015625
206.95333862304688
214.836669921875
177.25999450683594
208.81333923339844
181.35333251953125
200.4166717529297
192.86000061035156
206.05999755859375
214.5066680908203
178.1566619873047
177.3699951171875
197.99000549316406
193.7066650390625
188.5800018310547
176.6999969482422
213.13333129882812
172.75332641601562
177.05999755859375
171.7933349609375
183.59666442871094
169.24667358398438
194.01333618164062
182.1699981689453
215.25
190.163330078125
138.63999938964844
159.6666717529297
151.2866668701172
161.39332580566406
185.84666442871094
154.44332885742188
198.663330078125
188.73333740234375
180.47666931152344
170.8433380126953
179.57666015625
166.14666748046875
164.13333129882812
161.24000549316406
159.6300048828125
156.32333374023438
169.17666625976562
175.17999267578125
169.03334045410156
167.8866729736328
159.23666381835938
158.27667236328125
157.19667053222656
164.81333923339844
134.25
145.70333862304688
138.99000549316406
136.85667419433594
144.85667419433594
183.21665954589844
146.64332580566406
161.05999755859375
147.32666015625
162.91000366210938
154.6233367919922
188.33999633789062
177.3000030517578
173.74667358398438
169.8800048828125
194.60000610351562
188.33999633789062
173.1666717529297
176.47999572753906
200.17333984375
176.83999633789062
187.64666748046875
217.67666625976562
198.83999633789062
163.60000610351562
149.86000061035156
159.93333435058594
181.1233367919922
162.80999755859375
173.8800048828125
187.2866668701172
164.59666442871094
155.09666442871094
135.67999267578125
162.69667053222656
129.92999267578125
141.03334045410156
136.52000427246094
163.8433380126953
159.8766632080078
123.25
152.80667114257812
132.44667053222656
132.2866668701172
134.57000732421875
172.60000610351562
146.46665954589844
155.42999267578125
159.36666870117188
157.52333068847656
151.03334045410156
162.0399932861328
157.63999938964844
168.69000244140625
161.9633331298828
130.8733367919922
142.63999938964844
137.74000549316406
138.7100067138672
169.75999450683594
124.95999908447266
142.5933380126953
133.30332946777344
126.18333435058594
138.30999755859375
148.10000610351562
160.55332946777344
152.9600067138672
167.44332885742188
143.81333923339844
149.70333862304688
166.4933319091797
152.36000061035156
150.13333129882812
165.22332763671875
165.8300018310547
147.0399932861328
145.89332580566406
149.47332763671875
162.4566650390625
147.10000610351562
131.80999755859375
149.1699981689453
131.38999938964844
156.07666015625
157.4066619873047
150.3866729736328
170.9066619873047
144.67666625976562
150.1133270263672
152.05332946777344
152.26333618164062
141.54666137695312
138.25999450683594
154.4199981689453
147.55332946777344
126.36666870117188
111.63999938964844
137.69000244140625
116.61000061035156
147.1699981689453
146.42999267578125
153.43333435058594
140.07000732421875
98.40333557128906
139.99667358398438
100.6066665649414
126.00666809082031
123.22666931152344
136.69667053222656
159.89666748046875
132.43666076660156
136.6666717529297
130.16000366210938
114.663330078125
135.40333557128906
130.91000366210938
116.61000061035156
107.83999633789062
116.39666748046875
119.42333221435547
119.83000183105469
129.27667236328125
102.74666595458984
107.87666320800781
116.71666717529297
126.37333679199219
123.52999877929688
94.22666931152344
117.0999984741211
97.35333251953125
99.7933349609375
94.3566665649414
127.1066665649414
122.67666625976562
103.0999984741211
118.30333709716797
119.69999694824219
101.41666412353516
98.27333068847656
112.49666595458984
121.81666564941406
129.55667114257812
121.9000015258789
136.88333129882812
138.00332641601562
117.2300033569336
139.85000610351562
135.45333862304688
118.58333587646484
143.3733367919922
142.66000366210938
134.8699951171875
114.86000061035156
127.413330078125
131.22999572753906
118.18000030517578
120.26667022705078
135.6233367919922
109.59666442871094
98.63999938964844
70.32333374023438
101.06999969482422
80.1066665649414
85.78333282470703
88.28666687011719
95.163330078125
92.42333221435547
71.75666809082031
89.1433334350586
79.98332977294922
100.25
90.8933334350586
97.0566635131836
84.47666931152344
99.75
97.30000305175781
112.70333099365234
103.61333465576172
127.9800033569336
116.01000213623047
114.30333709716797
104.98332977294922
92.94000244140625
104.00666809082031
105.13333129882812
100.41999816894531
103.81666564941406
82.5633316040039
79.52333068847656
100.77666473388672
93.086669921875
98.94999694824219
111.3566665649414
100.67333221435547
105.80333709716797
116.34333038330078
91.46333312988281
97.38999938964844
90.3066635131836
99.90333557128906
103.95999908447266
115.6066665649414
125.163330078125
107.163330078125
113.87333679199219
107.40666961669922
102.66000366210938
105.8133316040039
80.62333679199219
91.08333587646484
89.82666778564453
98.78333282470703
94.60333251953125
75.37333679199219
79.45333099365234
90.72666931152344
89.5999984741211
106.14666748046875
93.8499984741211
93.8566665649414
89.06666564941406
100.11000061035156
73.56666564941406
62.5533332824707
70.64666748046875
66.7699966430664
66.33000183105469
69.20999908447266
70.25
91.42666625976562
75.56999969482422
57.936668395996094
56.029998779296875
70.49333190917969
73.21666717529297
86.74666595458984
78.49333190917969
87.13999938964844
60.94333267211914
59.060001373291016
60.09333419799805
51.54999923706055
58.356666564941406
54.78666687011719
55.996665954589844
52.8033332824707
64.84333038330078
58.61000061035156
59.18333435058594
73.12999725341797
51.84000015258789
54.45333480834961
56.25
63.163333892822266
50.290000915527344
53.95000076293945
54.10333251953125
58.29999923706055
53.913333892822266
51.7933349609375
76.413330078125
52.87333297729492
48.38333511352539
47.7400016784668
56.08333206176758
53.72999954223633
56.143333435058594
51.836666107177734
63.37666702270508
63.78666687011719
42.2933349609375
43.52000045776367
76.8933334350586
67.21333312988281
95.04000091552734
78.17666625976562
75.5566635131836
82.62000274658203
93.77999877929688
78.47333526611328
67.6500015258789
64.37666320800781
45.78333282470703
76.62666320800781
73.5999984741211
59.130001068115234
91.5566635131836
87.24666595458984
56.349998474121094
86.66999816894531
73.23332977294922
73.01333618164062
57.76333236694336
84.12666320800781
72.67333221435547
73.17666625976562
80.90333557128906
63.040000915527344
64.88666534423828
69.01000213623047
74.9800033569336
63.913333892822266
104.34333038330078
78.5566635131836
96.94666290283203
77.34333038330078
98.62666320800781
84.2300033569336
94.87999725341797
85.50333404541016
65.913330078125
74.42333221435547
67.04000091552734
81.84333038330078
80.18000030517578
65.38999938964844
83.5433349609375
59.473331451416016
61.29999923706055
90.66000366210938
81.84666442871094
86.29000091552734
74.336669921875
84.66999816894531
92.15666961669922
83.1866683959961
78.9566650390625
81.66000366210938
82.42333221435547
87.33000183105469
88.01000213623047
86.87666320800781
86.35333251953125
89.44999694824219
80.66999816894531
75.11000061035156
73.59333038330078
83.23999786376953
79.38333129882812
82.0
68.38999938964844
73.51000213623047
79.52666473388672
77.38666534423828
98.23332977294922
81.12333679199219
84.46666717529297
84.0999984741211
73.35333251953125
75.48999786376953
76.77999877929688
80.38333129882812
79.5566635131836
75.17333221435547
79.34333038330078
84.55000305175781
84.39666748046875
99.58000183105469
83.70333099365234
69.6066665649414
78.6866683959961
70.16000366210938
72.4433364868164
88.78666687011719
74.45333099365234
87.37666320800781
74.44666290283203
65.43333435058594
63.77333450317383
59.46666717529297
75.97000122070312
70.0566635131836
66.25
58.22999954223633
70.90666961669922
69.69999694824219
58.31666564941406
81.07333374023438
58.099998474121094
50.413333892822266
62.029998779296875
69.73332977294922
64.11333465576172
66.37999725341797
58.7599983215332
62.73666763305664
52.68333435058594
54.20000076293945
91.36333465576172
55.61000061035156
65.41999816894531
64.35333251953125
64.913330078125
64.11666870117188
57.4466667175293
67.0
52.836666107177734
73.44000244140625
67.53333282470703
76.34333038330078
82.23999786376953
79.8566665649414
93.66000366210938
75.0633316040039
89.87333679199219
92.19999694824219
88.50666809082031
82.02333068847656
72.73666381835938
74.51333618164062
89.43000030517578
75.34333038330078
79.77333068847656
83.04000091552734
114.84666442871094
106.8133316040039
67.51667022705078
109.27999877929688
88.5
92.56666564941406
96.9800033569336
108.75666809082031
89.55000305175781
78.2300033569336
100.96333312988281
88.5
83.49666595458984
62.61333465576172
108.32333374023438
94.05333709716797
116.59333038330078
85.086669921875
122.17333221435547
109.7933349609375
131.24000549316406
121.06666564941406
137.3699951171875
123.43000030517578
95.31999969482422
103.83000183105469
88.06666564941406
98.89666748046875
97.97000122070312
75.87000274658203
99.05000305175781
97.69666290283203
98.66666412353516
83.57333374023438
123.77333068847656
116.80999755859375
98.65666961669922
112.41999816894531
98.37000274658203
113.23332977294922
99.53666687011719
98.25666809082031
114.77333068847656
107.71333312988281
66.87666320800781
99.8933334350586
128.19000244140625
104.29666900634766
110.47333526611328
113.74666595458984
83.71666717529297
105.51333618164062
86.2933349609375
92.02999877929688
92.5
99.02333068847656
87.4366683959961
94.51667022705078
88.98332977294922
111.77666473388672
90.57333374023438
103.30999755859375
96.72000122070312
77.1066665649414
89.48666381835938
86.08999633789062
88.64666748046875
92.1433334350586
81.63666534423828
108.163330078125
95.48332977294922
119.01000213623047
96.22666931152344
86.54666900634766
97.42333221435547
85.73332977294922
87.01000213623047
115.36000061035156
91.73332977294922
114.33000183105469
87.92666625976562
72.89666748046875
73.67666625976562
73.47666931152344
75.68000030517578
85.76333618164062
63.41666793823242
67.65333557128906
81.86333465576172
69.6933364868164
77.08000183105469
91.7300033569336
72.73332977294922
62.27333450317383
70.94666290283203
81.1933364868164
75.46333312988281
64.91666412353516
70.8933334350586
74.97333526611328
64.61000061035156
55.90666580200195
107.69999694824219
68.51333618164062
67.9566650390625
67.77999877929688
78.13666534423828
77.23999786376953
64.63333129882812
79.92333221435547
75.94999694824219
85.61666870117188
78.86000061035156
80.34666442871094
102.62999725341797
85.69999694824219
109.33333587646484
86.45333099365234
97.59666442871094
89.7699966430664
109.42333221435547
94.46333312988281
90.94000244140625
79.81999969482422
88.88999938964844
85.19000244140625
89.37999725341797
89.12999725341797
95.76333618164062
80.80999755859375
74.7300033569336
87.03666687011719
97.00333404541016
71.336669921875
88.70333099365234
73.163330078125
93.97666931152344
93.76000213623047
89.98666381835938
71.12333679199219
85.87666320800781
76.586669921875
80.57333374023438
80.62333679199219
92.07333374023438
79.3066635131836
97.81666564941406
108.63666534423828
109.65666961669922
86.37666320800781
107.8066635131836
104.17666625976562
83.61000061035156
70.58999633789062
90.02333068847656
92.413330078125
98.61333465576172
98.07333374023438
114.32333374023438
97.3933334350586
92.75666809082031
84.663330078125
93.0
118.4800033569336
87.98332977294922
111.3933334350586
92.46333312988281
111.7933349609375
97.94000244140625
90.23666381835938
103.85333251953125
116.50666809082031
111.24333190917969
95.16666412353516
115.66999816894531
74.28333282470703
94.32333374023438
95.33000183105469
87.57333374023438
90.0
93.69999694824219
85.58000183105469
104.98332977294922
92.413330078125
86.77333068847656
93.99333190917969
93.48999786376953
100.77666473388672
85.6866683959961
82.40333557128906
82.75333404541016
89.22333526611328
72.62333679199219
84.77999877929688
77.44999694824219
87.0199966430664
78.63333129882812
82.53666687011719
82.25333404541016
64.91999816894531
81.88999938964844
71.0
75.6933364868164
75.52333068847656
77.52999877929688
96.47333526611328
78.04000091552734
94.7699966430664
66.96333312988281
61.25
63.79999923706055
63.5
64.66666412353516
72.39666748046875
59.53333282470703
63.73666763305664
72.19999694824219
67.13666534423828
64.9000015258789
90.1066665649414
65.54666900634766
64.0433349609375
61.86000061035156
69.0566635131836
71.86333465576172
70.41666412353516
65.87000274658203
65.9433364868164
61.38999938964844
61.92333221435547
90.65666961669922
55.43333435058594
59.776668548583984
67.2699966430664
66.8933334350586
70.2699966430664
65.17333221435547
69.0433349609375
68.05333709716797
75.4800033569336
76.5433349609375
73.44666290283203
82.88333129882812
85.09666442871094
88.19000244140625
70.163330078125
85.6866683959961
82.36000061035156
95.21333312988281
75.73332977294922
78.40333557128906
74.62999725341797
70.53666687011719
72.55333709716797
93.4566650390625
72.0
65.2699966430664
93.68333435058594
122.13999938964844
66.37666320800781
147.8633270263672
154.70333862304688
161.68333435058594
64.1433334350586
97.87000274658203
157.07000732421875
114.61000061035156
149.20333862304688
134.96665954589844
128.31666564941406
61.13666534423828
107.94999694824219
67.36000061035156
98.64666748046875
61.31999969482422
103.21333312988281
66.57333374023438
64.11000061035156
102.14666748046875
106.43000030517578
128.17666625976562
133.3433380126953
143.64332580566406
143.1266632080078
129.9199981689453
150.51666259765625
171.2899932861328
146.27333068847656
141.913330078125
138.1300048828125
160.22000122070312
160.22332763671875
122.85333251953125
142.77999877929688
166.2899932861328
150.0933380126953
148.41000366210938
154.57666015625
152.1366729736328
140.97666931152344
142.913330078125
154.7066650390625
138.6199951171875
137.3766632080078
151.15333557128906
133.7899932861328
154.27333068847656
140.50999450683594
172.66000366210938
141.02000427246094
139.24667358398438
146.6266632080078
150.2133331298828
143.0800018310547
137.47332763671875
154.5
148.94667053222656
152.2066650390625
139.92333984375
169.40333557128906
146.76333618164062
118.47333526611328
132.00332641601562
141.97999572753906
132.10000610351562
131.75999450683594
123.9566650390625
146.6266632080078
130.7566680908203
122.01000213623047
148.8433380126953
120.41000366210938
140.6666717529297
143.72999572753906
123.41666412353516
144.4199981689453
124.413330078125
118.56999969482422
129.3000030517578
134.04666137695312
119.6933364868164
131.94332885742188
113.36333465576172
116.06999969482422
134.35000610351562
126.37333679199219
131.06666564941406
152.30999755859375
114.18000030517578
112.31999969482422
125.41666412353516
118.51000213623047
121.75666809082031
129.36000061035156
118.13999938964844
128.8633270263672
95.0433349609375
110.88333129882812
147.4199981689453
128.51666259765625
88.3499984741211
114.79000091552734
92.29666900634766
126.30999755859375
71.71333312988281
88.7300033569336
61.58000183105469
76.73666381835938
61.776668548583984
58.119998931884766
149.92999267578125
96.48666381835938
106.80333709716797
95.63666534423828
101.83333587646484
58.41666793823242
65.46333312988281
122.54000091552734
132.81666564941406
115.94666290283203
57.61000061035156
140.02333068847656
162.68333435058594
67.22000122070312
135.1300048828125
127.00666809082031
150.94332885742188
138.77333068847656
133.17333984375
141.52999877929688
149.79666137695312
110.69666290283203
113.30999755859375
155.63333129882812
127.05000305175781
145.69667053222656
146.2566680908203
146.20333862304688
106.25666809082031
119.19000244140625
129.26333618164062
101.33333587646484
128.836669921875
101.0566635131836
137.86000061035156
122.3566665649414
104.42666625976562
106.29666900634766
129.85333251953125
139.98666381835938
138.4199981689453
129.99667358398438
141.72000122070312
143.6999969482422
143.586669921875
133.21665954589844
140.6666717529297
142.35333251953125
129.99000549316406
149.1566619873047
145.82666015625
137.27999877929688
147.69000244140625
135.77333068847656
142.0399932861328
145.69000244140625
122.73332977294922
125.69000244140625
135.22666931152344
139.4933319091797
123.16000366210938
163.913330078125
115.30000305175781
122.69666290283203
158.99667358398438
88.2933349609375
87.77666473388672
132.1233367919922
152.1133270263672
89.37666320800781
102.52999877929688
147.49667358398438
133.68666076660156
133.78334045410156
132.77999877929688
132.63999938964844
158.01333618164062
91.83999633789062
121.46666717529297
116.66999816894531
117.52333068847656
142.02999877929688
128.68666076660156
112.19000244140625
141.16000366210938
157.23666381835938
122.62999725341797
129.4066619873047
119.36000061035156
116.72333526611328
122.22000122070312
151.09666442871094
131.92666625976562
154.61000061035156
127.04666900634766
115.50666809082031
117.5433349609375
101.0199966430664
110.13666534423828
123.78333282470703
113.87666320800781
124.77999877929688
123.53666687011719
99.0199966430664
99.12999725341797
127.06666564941406
118.66666412353516
102.47666931152344
108.80999755859375
121.20333099365234
116.99333190917969
98.19999694824219
106.2300033569336
118.0566635131836
67.37333679199219
61.58333206176758
97.62333679199219
103.20333099365234
47.43000030517578
64.32666778564453
46.62666702270508
106.21666717529297
56.25666809082031
51.95333480834961
42.939998626708984
84.55000305175781
39.76333236694336
87.1066665649414
135.25
105.3499984741211
113.55999755859375
92.26667022705078
102.91000366210938
112.66000366210938
149.4199981689453
119.62999725341797
125.29666900634766
115.51333618164062
115.91999816894531
115.5633316040039
164.27667236328125
114.0633316040039
138.0500030517578
103.68000030517578
102.87999725341797
141.63999938964844
131.9199981689453
113.38666534423828
142.8333282470703
133.75
91.90666961669922
143.5800018310547
115.12000274658203
149.2066650390625
127.57666778564453
105.96333312988281
148.0933380126953
88.33000183105469
134.39666748046875
112.62999725341797
128.25999450683594
107.2066650390625
130.35333251953125
124.87000274658203
132.82333374023438
113.97666931152344
121.37333679199219
123.93333435058594
112.63333129882812
145.80999755859375
111.10333251953125
130.1699981689453
125.24333190917969
134.43333435058594
133.61000061035156
148.3300018310547
134.93333435058594
125.7066650390625
137.63999938964844
130.36000061035156
145.02333068847656
144.336669921875
136.1233367919922
140.65333557128906
128.77999877929688
123.90666961669922
155.7433319091797
136.10000610351562
126.92666625976562
159.05999755859375
164.83999633789062
141.3633270263672
110.26667022705078
140.73666381835938
140.3333282470703
163.22000122070312
151.9066619873047
150.63999938964844
152.1699981689453
133.8866729736328
132.6233367919922
142.13333129882812
151.79666137695312
143.35333251953125
140.71665954589844
147.16000366210938
134.6566619873047
136.35667419433594
150.0833282470703
126.36666870117188
139.59666442871094
125.58333587646484
138.3433380126953
148.92999267578125
125.1866683959961
121.47000122070312
129.39666748046875
131.47332763671875
125.9000015258789
138.7433319091797
135.88999938964844
134.24000549316406
118.96333312988281
126.38333129882812
116.98666381835938
103.08000183105469
119.03333282470703
118.31666564941406
117.62333679199219
108.51667022705078
111.1066665649414
118.69000244140625
133.3733367919922
132.42999267578125
102.95333099365234
120.836669921875
106.66000366210938
118.4000015258789
112.04666900634766
118.68333435058594
106.28333282470703
121.91999816894531
93.9566650390625
82.42666625976562
147.91000366210938
98.69000244140625
77.42333221435547
96.58000183105469
96.4000015258789
111.33999633789062
101.77999877929688
93.62333679199219
99.36000061035156
102.70333099365234
118.03666687011719
112.20333099365234
116.54666900634766
104.7699966430664
109.9800033569336
104.39666748046875
110.45999908447266
131.76666259765625
140.75999450683594
121.37333679199219
112.79666900634766
106.85333251953125
129.42333984375
107.55333709716797
132.26666259765625
118.01667022705078
162.31333923339844
138.93333435058594
126.29666900634766
153.48333740234375
133.55999755859375
134.3800048828125
145.00332641601562
159.6199951171875
138.43333435058594
136.68333435058594
158.10000610351562
142.10000610351562
123.163330078125
126.03333282470703
172.9499969482422
144.19332885742188
172.94332885742188
138.44000244140625
156.8300018310547
130.96665954589844
163.43333435058594
156.29666137695312
145.50999450683594
151.1266632080078
112.18333435058594
117.72333526611328
113.30000305175781
145.1300048828125
128.2100067138672
134.14332580566406
145.69000244140625
137.2866668701172
147.47000122070312
145.10000610351562
152.9199981689453
159.60000610351562
151.72000122070312
152.9600067138672
148.4066619873047
133.52000427246094
148.74667358398438
137.31333923339844
145.7066650390625
165.836669921875
152.1366729736328
154.93666076660156
136.69332885742188
156.51333618164062
155.7066650390625
152.97999572753906
129.6366729736328
146.41000366210938
132.22332763671875
150.74667358398438
148.90333557128906
174.5433349609375
144.27333068847656
138.2566680908203
148.24667358398438
141.10000610351562
168.00999450683594
140.586669921875
162.83999633789062
152.25999450683594
133.913330078125
133.06333923339844
130.28334045410156
139.25999450683594
118.77666473388672
141.53334045410156
133.85667419433594
144.4633331298828
129.07000732421875
127.29000091552734
144.9566650390625
131.94667053222656
124.41999816894531
140.39332580566406
127.07333374023438
139.663330078125
135.31666564941406
131.82333374023438
133.2066650390625
118.27666473388672
120.94000244140625
122.02666473388672
119.07666778564453
110.60333251953125
130.4166717529297
120.1500015258789
116.44000244140625
125.19999694824219
105.34666442871094
95.086669921875
114.21333312988281
118.4433364868164
121.67333221435547
117.03666687011719
110.99666595458984
130.59666442871094
113.18333435058594
96.663330078125
139.10667419433594
96.12333679199219
95.71666717529297
99.82666778564453
97.97333526611328
113.05999755859375
110.26333618164062
110.44666290283203
115.6933364868164
122.32666778564453
123.2066650390625
123.62000274658203
110.8066635131836
113.88999938964844
130.97666931152344
134.89999389648438
132.25332641601562
144.0433349609375
145.11666870117188
121.95999908447266
126.96666717529297
102.29666900634766
123.12666320800781
106.56999969482422
136.49667358398438
133.69332885742188
102.50333404541016
111.00333404541016
95.60333251953125
111.75
85.02333068847656
87.70333099365234
100.6066665649414
105.12333679199219
91.73999786376953
79.04666900634766
106.30333709716797
102.11333465576172
99.52333068847656
88.94666290283203
95.55333709716797
91.413330078125
119.94999694824219
107.06666564941406
115.19666290283203
101.0999984741211
139.64999389648438
112.75
130.27000427246094
111.28666687011719
97.68000030517578
103.33333587646484
87.10333251953125
95.86666870117188
104.5999984741211
109.26667022705078
117.413330078125
114.17666625976562
106.78666687011719
112.70999908447266
109.8933334350586
124.71333312988281
112.83333587646484
128.24000549316406
111.17333221435547
119.79000091552734
112.88333129882812
121.29000091552734
127.07666778564453
127.2699966430664
130.02333068847656
112.0
114.20333099365234
124.7699966430664
121.95999908447266
119.44999694824219
114.08999633789062
97.92333221435547
90.08333587646484
117.4000015258789
109.38999938964844
105.19999694824219
97.91666412353516
88.94666290283203
99.83333587646484
111.75
98.93333435058594
109.62333679199219
98.44999694824219
115.9366683959961
87.37999725341797
75.98666381835938
86.37666320800781
90.47000122070312
76.47333526611328
100.24666595458984
82.9433364868164
89.66000366210938
85.87666320800781
77.22000122070312
90.18000030517578
82.9366683959961
77.30000305175781
106.77333068847656
89.5433349609375
107.4566650390625
77.84666442871094
68.59333038330078
75.10333251953125
62.21333312988281
65.84333038330078
79.3066635131836
67.25333404541016
60.51333236694336
71.84333038330078
68.02333068847656
70.33000183105469
90.67333221435547
71.6866683959961
60.723331451416016
67.79666900634766
78.54000091552734
71.68000030517578
70.42666625976562
64.16666412353516
70.2933349609375
60.189998626708984
53.25666809082031
103.2699966430664
58.3033332824707
58.5533332824707
60.08333206176758
58.970001220703125
67.9366683959961
64.73666381835938
64.31666564941406
64.8566665649414
67.1866683959961
70.62000274658203
74.3933334350586
84.00666809082031
78.1433334350586
90.97666931152344
72.2933349609375
87.35333251953125
92.37999725341797
105.8066635131836
72.78666687011719
83.74666595458984
64.79666900634766
84.37666320800781
73.42666625976562
94.8933334350586
92.90333557128906
109.34333038330078
80.81666564941406
79.83999633789062
96.56999969482422
97.44666290283203
98.3066635131836
109.84666442871094
87.15333557128906
81.07333374023438
97.12333679199219
75.9433364868164
98.086669921875
102.37000274658203
91.3933334350586
105.90333557128906
85.04666900634766
115.5
83.2699966430664
119.05333709716797
89.34666442871094
123.98666381835938
120.23332977294922
108.88999938964844
99.84666442871094
101.15666961669922
123.86333465576172
103.08333587646484
112.45999908447266
111.11333465576172
120.52999877929688
135.42999267578125
116.61666870117188
119.73666381835938
120.26000213623047
116.85333251953125
118.78333282470703
126.1066665649414
133.80332946777344
98.26000213623047
118.52333068847656
125.54000091552734
119.19999694824219
131.80332946777344
118.61000061035156
132.60333251953125
107.12000274658203
123.47333526611328
120.02666473388672
116.49333190917969
131.50332641601562
110.33333587646484
99.31666564941406
107.26667022705078
104.88666534423828
108.47000122070312
106.99333190917969
108.62333679199219
100.1433334350586
100.97333526611328
125.87666320800781
123.64666748046875
117.7699966430664
104.35333251953125
118.28666687011719
69.97000122070312
81.5566635131836
86.34666442871094
100.05333709716797
84.61000061035156
112.66999816894531
92.97666931152344
109.16666412353516
93.7300033569336
0.0
92.94000244140625
87.25
90.97000122070312
106.87999725341797
103.31666564941406
105.0566635131836
83.4433364868164
69.3933334350586
72.71666717529297
57.83000183105469
80.6866683959961
76.47000122070312
64.46333312988281
68.11666870117188
98.50666809082031
77.7933349609375
71.48999786376953
98.13999938964844
63.790000915527344
65.84666442871094
75.65333557128906
84.04666900634766
78.22000122070312
65.93333435058594
67.77666473388672
0.0
44.619998931884766
58.38333511352539
113.19999694824219
63.086666107177734
53.95333480834961
76.0
65.163330078125
87.70999908447266
59.470001220703125
68.22000122070312
79.30000305175781
70.38666534423828
65.32666778564453
93.2066650390625
85.01000213623047
84.05333709716797
88.2699966430664
72.85333251953125
80.163330078125
108.14666748046875
105.92666625976562
101.03666687011719
111.84666442871094
83.36333465576172
110.97666931152344
82.26000213623047
111.36000061035156
106.1933364868164
91.83999633789062
76.56666564941406
80.00666809082031
90.9366683959961
82.25666809082031
78.41666412353516
96.27666473388672
76.87333679199219
72.44999694824219
85.46333312988281
73.87000274658203
84.00333404541016
96.23999786376953
67.0
82.3499984741211
75.13666534423828
78.70333099365234
72.3499984741211
79.46333312988281
84.53666687011719
100.22666931152344
88.0199966430664
94.00333404541016
70.38999938964844
84.44000244140625
74.4000015258789
94.98666381835938
95.56666564941406
76.52999877929688
92.46666717529297
102.74666595458984
97.33000183105469
90.0999984741211
102.62999725341797
95.93000030517578
100.94666290283203
98.26000213623047
105.63666534423828
88.25333404541016
87.26000213623047
94.42333221435547
101.6500015258789
85.01333618164062
109.48666381835938
105.18000030517578
92.99333190917969
90.22000122070312
104.10333251953125
98.44000244140625
77.38333129882812
78.2066650390625
87.57666778564453
86.04000091552734
84.08333587646484
77.38999938964844
74.93333435058594
85.586669921875
72.48666381835938
85.37000274658203
94.98332977294922
79.14666748046875
89.80000305175781
82.79666900634766
82.92666625976562
70.9366683959961
75.42333221435547
67.6500015258789
73.23666381835938
72.0
78.01667022705078
69.74333190917969
90.90666961669922
79.24333190917969
67.01000213623047
68.87333679199219
77.47666931152344
64.17333221435547
75.69999694824219
59.67333221435547
91.18333435058594
52.34000015258789
60.46333312988281
60.76333236694336
56.813331604003906
63.49333190917969
54.253334045410156
54.40999984741211
53.72666549682617
69.2699966430664
53.27333450317383
54.89666748046875
75.6933364868164
47.53666687011719
58.70333480834961
52.73666763305664
65.2699966430664
66.45333099365234
57.720001220703125
55.029998779296875
74.01000213623047
56.75
58.00666809082031
90.35333251953125
48.869998931884766
53.073333740234375
62.24333190917969
40.983333587646484
59.34333419799805
59.47666549682617
47.573333740234375
39.209999084472656
53.349998474121094
45.323333740234375
52.70333480834961
90.29000091552734
55.37333297729492
48.4566650390625
53.619998931884766
65.4000015258789
60.31666564941406
91.96333312988281
73.03333282470703
80.3933334350586
65.50333404541016
51.563331604003906
70.18000030517578
77.52999877929688
62.810001373291016
61.03333282470703
82.4800033569336
90.75
59.436668395996094
98.07666778564453
100.45333099365234
101.87000274658203
55.4900016784668
77.51667022705078
94.63333129882812
76.67333221435547
82.51000213623047
94.4800033569336
97.1066665649414
49.723331451416016
74.24666595458984
66.30333709716797
83.11666870117188
56.689998626708984
86.23999786376953
69.3499984741211
58.6533317565918
92.4000015258789
93.97666931152344
124.51333618164062
118.48999786376953
114.27666473388672
106.75333404541016
119.33333587646484
115.9366683959961
128.58999633789062
122.37333679199219
110.163330078125
125.82333374023438
114.413330078125
142.9199981689453
108.32333374023438
114.3566665649414
108.29666900634766
121.12666320800781
116.23666381835938
113.1066665649414
139.3800048828125
127.66999816894531
139.2566680908203
106.12999725341797
98.25666809082031
119.94666290283203
109.6066665649414
128.83999633789062
110.05999755859375
111.6433334350586
100.62000274658203
101.36333465576172
97.66000366210938
103.0566635131836
96.8133316040039
93.3133316040039
93.73999786376953
109.93333435058594
106.75666809082031
105.58000183105469
103.8066635131836
119.73666381835938
90.3499984741211
79.47666931152344
84.13999938964844
82.913330078125
81.63333129882812
100.1433334350586
90.5199966430664
107.36333465576172
89.74333190917969
84.69999694824219
93.20999908447266
96.79666900634766
69.23666381835938
99.3499984741211
79.29666900634766
95.96666717529297
78.05000305175781
81.05333709716797
75.80000305175781
64.68000030517578
76.74666595458984
75.94666290283203
77.00666809082031
58.0966682434082
78.08999633789062
67.8566665649414
75.82666778564453
90.04000091552734
60.323333740234375
61.83000183105469
68.32666778564453
81.12666320800781
65.4433364868164
69.16666412353516
72.08999633789062
82.336669921875
62.56666564941406
66.36000061035156
92.01667022705078
68.80333709716797
62.34333419799805
79.23666381835938
59.45000076293945
72.95999908447266
49.643333435058594
65.95333099365234
53.16999816894531
69.38333129882812
54.61333465576172
56.983333587646484
95.86666870117188
72.3133316040039
78.11333465576172
71.54000091552734
74.03333282470703
63.459999084472656
56.22666549682617
80.23332977294922
94.97666931152344
85.27333068847656
52.16666793823242
83.14666748046875
97.7066650390625
58.73666763305664
