1.5496153831481934
1.2819230556488037
1.1557692289352417
1.3011538982391357
1.102307677268982
1.3638461828231812
1.2919230461120605
1.418461561203003
1.2769230604171753
1.3580769300460815
1.3769230842590332
1.2773077487945557
1.2526923418045044
1.3938461542129517
1.419615387916565
1.389230728149414
1.375
1.2984615564346313
1.4346153736114502
1.284999966621399
1.3650000095367432
1.2949999570846558
1.3373076915740967
1.2096153497695923
1.2246153354644775
1.2753846645355225
1.2953846454620361
1.1992307901382446
1.0876922607421875
1.156538486480713
1.2169231176376343
1.114230751991272
1.3807692527770996
1.1630768775939941
1.2223076820373535
1.123846173286438
1.2919230461120605
1.1630768775939941
1.2953846454620361
1.173076868057251
1.1580768823623657
1.1461538076400757
1.1330769062042236
1.4003846645355225
1.61307692527771
1.2753846645355225
0.8407692313194275
1.2569230794906616
1.3530769348144531
1.2680768966674805
1.3261538743972778
1.260769248008728
1.3873076438903809
1.1715384721755981
1.1426923274993896
1.534615397453308
1.545769214630127
1.3203846216201782
1.2873077392578125
1.1873077154159546
1.4169230461120605
1.270384669303894
1.2626923322677612
1.3696154356002808
1.2757692337036133
1.2561538219451904
1.3550000190734863
1.3353846073150635
1.270384669303894
1.3276922702789307
1.2242307662963867
1.4707692861557007
1.3046153783798218
1.2565385103225708
1.3815385103225708
1.067307710647583
1.1861538887023926
1.0046154260635376
1.3753845691680908
1.1176923513412476
1.3469231128692627
0.7865384817123413
0.7273076772689819
1.293461561203003
1.1003845930099487
1.081538438796997
1.138076901435852
1.3273077011108398
1.2319231033325195
1.1138461828231812
1.0726922750473022
1.2442307472229004
1.2000000476837158
1.342307686805725
0.9992307424545288
1.1530768871307373
0.9823076725006104
1.1915384531021118
1.1665384769439697
0.9923076629638672
1.3034615516662598
1.2307692766189575
1.2903846502304077
1.128461480140686
1.2450000047683716
1.272692322731018
1.1580768823623657
1.3561538457870483
1.4996154308319092
1.111923098564148
1.0950000286102295
1.2796154022216797
1.1938461065292358
1.4503846168518066
1.3011538982391357
1.3515384197235107
1.316153883934021
1.3126922845840454
1.2769230604171753
1.3915385007858276
1.2553845643997192
1.2084615230560303
1.1557692289352417
1.156538486480713
1.3288460969924927
1.3465384244918823
1.1988461017608643
1.2353845834732056
0.6626923084259033
0.6623076796531677
0.8096153736114502
0.7034615278244019
0.6861538290977478
0.7126923203468323
0.7996153831481934
0.6938461661338806
0.7584615349769592
0.8134615421295166
0.7588461637496948
0.7930769324302673
0.8399999737739563
0.7176923155784607
0.7026923298835754
0.8307692408561707
0.6349999904632568
0.6188461780548096
0.7484615445137024
0.6219230890274048
0.8542307615280151
0.6434615254402161
0.8069230914115906
0.8146153688430786
0.7588461637496948
0.8003846406936646
0.7807692289352417
0.7753846049308777
0.7353846430778503
0.6896153688430786
0.8257692456245422
0.7634615302085876
0.6753846406936646
0.7361538410186768
0.7130769491195679
0.814230740070343
0.699999988079071
0.8026922941207886
0.7819230556488037
0.6442307829856873
0.7211538553237915
0.7142307758331299
0.7684615254402161
0.7546153664588928
0.795769214630127
0.626153826713562
0.7796154022216797
0.6603845953941345
0.6084615588188171
0.6080769300460815
0.7230769395828247
0.7911538481712341
0.75
0.7353846430778503
0.694615364074707
0.7911538481712341
0.8376923203468323
0.8396154046058655
0.8153846263885498
0.7196153998374939
0.7276923060417175
0.7188461422920227
0.7146154046058655
0.7296153903007507
0.8453845977783203
0.9111538529396057
1.0523077249526978
0.9219231009483337
0.9519230723381042
0.824999988079071
0.8311538696289062
1.0823076963424683
0.7842307686805725
0.9530768990516663
0.9080769419670105
0.8526923060417175
0.9103845953941345
0.8399999737739563
0.810769259929657
0.8765384554862976
0.9019230604171753
0.756538450717926
0.9484615325927734
1.1653846502304077
0.8734615445137024
0.8480769395828247
0.8515384793281555
0.9942307472229004
0.8561538457870483
0.9407692551612854
0.8688461780548096
0.8346154093742371
1.0103845596313477
0.9096153974533081
0.9753845930099487
1.0296154022216797
0.8284615278244019
0.9399999976158142
0.9134615659713745
0.8376923203468323
1.0092307329177856
0.9361538290977478
0.9926922917366028
0.9611538648605347
0.9769230484962463
0.9130769371986389
0.8488461375236511
0.8961538672447205
1.0253846645355225
0.8419230580329895
0.948846161365509
0.9223076701164246
0.9523077011108398
0.8903846144676208
1.0353846549987793
0.8030769228935242
0.8692307472229004
0.879230797290802
0.8034615516662598
0.698846161365509
0.545769214630127
0.8646153807640076
0.8419230580329895
0.9269230961799622
0.7784615159034729
0.8357692360877991
1.0819231271743774
0.7738461494445801
1.7230769395828247
1.6796153783798218
1.9330769777297974
1.9726922512054443
1.600769281387329
1.7330769300460815
1.5965384244918823
2.129615306854248
1.75
1.820769190788269
1.6388461589813232
1.7857692241668701
1.7592307329177856
1.5880769491195679
1.7346153259277344
1.831538438796997
1.8519231081008911
1.707692265510559
1.9592307806015015
1.8353846073150635
1.9911538362503052
1.8799999952316284
1.727307677268982
1.7580769062042236
1.7792307138442993
1.7688461542129517
1.581538438796997
1.5169230699539185
1.598846197128296
1.5884615182876587
1.7023077011108398
1.8003846406936646
1.8230769634246826
1.6746153831481934
1.4923076629638672
1.747692346572876
1.4034615755081177
1.639230728149414
1.6396154165267944
1.521538496017456
1.457692265510559
1.616538405418396
1.4307692050933838
1.7599999904632568
1.5188461542129517
1.6080769300460815
1.5453846454620361
1.6192307472229004
1.0976922512054443
1.2569230794906616
1.6615384817123413
1.377307653427124
1.7169231176376343
1.5223076343536377
1.5253846645355225
1.4823076725006104
1.7115384340286255
1.639230728149414
1.6457692384719849
1.4984614849090576
1.445769190788269
1.3842307329177856
1.4907692670822144
1.2430769205093384
1.7011538743972778
1.60115385055542
1.5546153783798218
1.5353846549987793
1.5276923179626465
1.7646154165267944
1.6080769300460815
1.6319230794906616
1.454230785369873
1.625
1.503461480140686
1.6811538934707642
1.5019230842590332
1.6784615516662598
1.455384612083435
1.5653846263885498
0.8569231033325195
1.5800000429153442
1.2457692623138428
0.8299999833106995
1.3734614849090576
1.6469230651855469
1.5099999904632568
1.6773077249526978
1.7226922512054443
1.5149999856948853
1.6019231081008911
1.725769281387329
1.6773077249526978
1.6869230270385742
1.691153883934021
1.6019231081008911
1.667307734489441
1.7580769062042236
1.804230809211731
1.532307744026184
1.7484614849090576
1.909615397453308
1.6123076677322388
1.6642308235168457
1.7719230651855469
1.73807692527771
1.7003846168518066
1.6296154260635376
2.028461456298828
1.667307734489441
1.772692322731018
1.5276923179626465
1.7538461685180664
2.0969231128692627
1.6961538791656494
1.6811538934707642
1.6530768871307373
1.645384669303894
1.6434615850448608
1.6030769348144531
1.794615387916565
1.5169230699539185
1.6938461065292358
1.5796153545379639
1.7234615087509155
1.6649999618530273
1.6080769300460815
1.878461480140686
1.3903846740722656
1.1788461208343506
1.3373076915740967
1.2576923370361328
1.1776922941207886
1.1688461303710938
1.079230785369873
1.3611538410186768
1.2026922702789307
1.159615397453308
1.0857691764831543
1.0773077011108398
1.159999966621399
1.1423076391220093
1.3242307901382446
1.3934615850448608
1.2757692337036133
1.103461503982544
1.3353846073150635
1.0842307806015015
1.217307686805725
1.3600000143051147
1.3226922750473022
1.2649999856948853
1.1315385103225708
1.0453846454620361
1.0734615325927734
1.0942307710647583
1.2192307710647583
1.147692322731018
1.2819230556488037
1.2869230508804321
1.0665384531021118
1.0526922941207886
1.1338461637496948
1.1038461923599243
1.0657691955566406
0.9173076748847961
1.090384602546692
1.169615387916565
0.9873076677322388
1.034615397453308
0.9034615159034729
1.0392308235168457
0.5276923179626465
1.1073076725006104
0.008846153505146503
1.0184615850448608
0.9930769205093384
0.029615385457873344
0.9742307662963867
1.031538486480713
1.0419230461120605
0.9557692408561707
1.0850000381469727
0.9530768990516663
1.0111538171768188
0.9823076725006104
1.216153860092163
0.9738461375236511
0.739230751991272
0.9715384840965271
1.0626922845840454
0.9165384769439697
0.060769230127334595
1.1265385150909424
0.8299999833106995
0.9646154046058655
1.1319230794906616
0.9165384769439697
1.0019230842590332
1.0099999904632568
0.8984615206718445
1.170769214630127
1.1042307615280151
1.1276923418045044
1.0161538124084473
1.0642307996749878
1.0496153831481934
0.9738461375236511
0.9519230723381042
1.0026923418045044
0.8946154117584229
0.021153846755623817
0.8315384387969971
0.9350000023841858
0.8676922917366028
0.8450000286102295
0.9773076772689819
0.892307698726654
1.1661537885665894
1.0257692337036133
0.876153826713562
0.994615375995636
1.0842307806015015
1.0965384244918823
1.0430768728256226
1.0411537885665894
1.0519230365753174
1.2096153497695923
1.0773077011108398
1.2069231271743774
1.2034615278244019
1.1323076486587524
1.161153793334961
1.1396154165267944
1.2119231224060059
1.2269231081008911
1.1634615659713745
1.1661537885665894
1.2811537981033325
1.1569230556488037
1.1853846311569214
1.2011538743972778
1.104615330696106
1.1353845596313477
1.1807692050933838
1.0765384435653687
1.100769281387329
1.282307744026184
1.274999976158142
1.2084615230560303
1.0219230651855469
1.1865384578704834
1.2088462114334106
1.2050000429153442
1.1438461542129517
1.276153802871704
2.1330769062042236
2.084230661392212
1.9742307662963867
2.08923077583313
1.7899999618530273
1.555384635925293
1.7034615278244019
1.9919230937957764
1.8553845882415771
2.0496153831481934
1.9188461303710938
2.0084614753723145
1.7880768775939941
1.8419231176376343
2.146538496017456
1.8919230699539185
1.8646154403686523
1.6669230461120605
1.760769248008728
1.8230769634246826
2.1430768966674805
2.0107691287994385
1.8796154260635376
2.1988461017608643
1.717307686805725
1.944615364074707
1.8730769157409668
1.8442307710647583
2.0488462448120117
1.5746153593063354
2.0007691383361816
1.8526923656463623
1.7096153497695923
1.2799999713897705
1.521538496017456
1.9211539030075073
1.901153802871704
1.5426923036575317
1.9103846549987793
1.5184615850448608
1.774999976158142
1.4415384531021118
1.6184614896774292
1.9284615516662598
1.5307692289352417
1.6373076438903809
1.8215384483337402
1.514230728149414
1.4946154356002808
1.8261538743972778
1.759615421295166
1.625
1.7561538219451904
1.5430768728256226
1.6338461637496948
1.965000033378601
1.8080769777297974
1.7557692527770996
2.005384683609009
1.5276923179626465
1.5607692003250122
1.7215384244918823
1.5534615516662598
1.2334614992141724
1.6569230556488037
0.6850000023841858
1.5734615325927734
0.9119230508804321
1.6419230699539185
1.6642308235168457
1.6530768871307373
1.8592307567596436
1.5499999523162842
1.649230718612671
1.7796154022216797
1.6811538934707642
1.5246154069900513
1.5284615755081177
1.6169230937957764
0.9692307710647583
1.546923041343689
1.5188461542129517
1.6073076725006104
1.3107692003250122
1.5373077392578125
1.7569230794906616
1.3907692432403564
1.2657692432403564
1.478461503982544
1.490384578704834
1.7073076963424683
1.7996153831481934
1.5569230318069458
1.497692346572876
1.5311537981033325
1.7223076820373535
1.5642307996749878
1.6396154165267944
1.524999976158142
1.5376923084259033
1.5880769491195679
1.4376922845840454
1.4242308139801025
1.807692289352417
1.6407692432403564
1.658461570739746
1.559999942779541
1.8311538696289062
1.8461538553237915
1.4257692098617554
1.7803846597671509
1.6534615755081177
1.5946153402328491
1.8342307806015015
1.966153860092163
1.6430768966674805
1.8796154260635376
1.6873077154159546
1.6676923036575317
2.0107691287994385
2.132692337036133
1.795769214630127
1.7907692193984985
1.73807692527771
2.0234615802764893
1.8138461112976074
1.376153826713562
2.0876922607421875
1.5592308044433594
1.1553846597671509
1.4246153831481934
1.5819231271743774
1.2857692241668701
1.3496153354644775
1.5680769681930542
1.1150000095367432
1.532692313194275
1.263076901435852
1.378461480140686
1.3369231224060059
1.2842308282852173
1.3796154260635376
1.4165384769439697
1.5603846311569214
1.6561537981033325
1.5065385103225708
1.4265384674072266
1.582692265510559
1.1311538219451904
1.6184614896774292
1.0476922988891602
1.6080769300460815
1.4030768871307373
1.364230751991272
1.423076868057251
0.0
1.4726922512054443
1.3888461589813232
1.1680768728256226
1.4403846263885498
1.5388461351394653
1.126153826713562
1.4149999618530273
1.4430769681930542
1.61307692527771
0.9515384435653687
1.2426923513412476
1.2884615659713745
1.2492307424545288
0.9711538553237915
1.196923017501831
1.169615387916565
1.0061538219451904
1.1915384531021118
1.1449999809265137
1.341153860092163
1.3550000190734863
1.1776922941207886
1.1799999475479126
0.954230785369873
0.8834615349769592
1.1796153783798218
1.3015384674072266
1.2069231271743774
1.2230769395828247
1.282307744026184
1.2965384721755981
1.1150000095367432
1.034999966621399
1.139230728149414
1.3588461875915527
1.1246154308319092
1.303076982498169
1.0288461446762085
1.0534615516662598
1.1853846311569214
1.1915384531021118
1.2942308187484741
1.1884615421295166
1.1265385150909424
1.3330769538879395
1.1015384197235107
1.2330769300460815
1.1496154069900513
1.1257692575454712
1.360769271850586
1.1088461875915527
0.8503845930099487
1.0973076820373535
1.293461561203003
1.2411538362503052
1.1323076486587524
0.9430769085884094
1.071923017501831
0.9530768990516663
0.9403846263885498
1.0380768775939941
1.1530768871307373
1.2311538457870483
0.9638461470603943
0.9603846073150635
1.1388461589813232
1.2288461923599243
1.2515385150909424
1.0284615755081177
1.0700000524520874
1.0273077487945557
1.2203845977783203
0.9196153879165649
1.0
1.0138461589813232
1.1542307138442993
1.1061538457870483
1.2919230461120605
1.2507692575454712
1.033846139907837
1.0961538553237915
1.1100000143051147
1.294615387916565
1.3123077154159546
1.3446153402328491
1.2915384769439697
1.0319230556488037
1.4388461112976074
1.2696154117584229
1.2388461828231812
1.2434614896774292
1.3700000047683716
1.2984615564346313
1.3453845977783203
1.065000057220459
1.1842308044433594
1.2119231224060059
1.092307686805725
1.3573076725006104
1.4053846597671509
0.675000011920929
0.5600000023841858
0.5765384435653687
0.6288461685180664
0.6619230508804321
0.7476922869682312
0.7303845882415771
0.20346154272556305
0.5942307710647583
0.688076913356781
0.5911538600921631
0.6973077058792114
0.6376923322677612
0.7588461637496948
0.6980769038200378
0.630384624004364
0.7653846144676208
0.751153826713562
0.7288461327552795
0.7230769395828247
0.8342307806015015
0.7303845882415771
0.6407692432403564
0.7361538410186768
0.7396153807640076
0.7592307925224304
0.736923098564148
0.7534615397453308
0.75
0.6930769085884094
0.6903846263885498
0.6673076748847961
0.7107692360877991
0.6853846311569214
0.5807692408561707
0.698846161365509
0.7330769300460815
0.5715384483337402
0.6530769467353821
0.6126922965049744
0.5249999761581421
0.5330769419670105
0.2873076796531677
0.6788461804389954
0.20192307233810425
0.5819230675697327
0.7188461422920227
0.6388461589813232
0.6334615349769592
0.6603845953941345
0.7223076820373535
0.5542307496070862
0.49038460850715637
0.5826923251152039
0.38807693123817444
0.44846153259277344
0.75
0.7450000047683716
0.7592307925224304
0.5261538624763489
0.6596153974533081
0.7134615182876587
0.73807692527771
0.6492307782173157
0.6907692551612854
0.6115384697914124
0.6888461709022522
0.6834615468978882
0.6138461828231812
0.7503846287727356
0.7234615087509155
0.805384635925293
0.6715384721755981
0.5600000023841858
0.642307698726654
0.551153838634491
0.6661538481712341
0.7142307758331299
0.6653845906257629
0.7030768990516663
0.7057692408561707
0.635769248008728
0.6457692384719849
0.6600000262260437
0.6103846430778503
0.6396153569221497
0.5723077058792114
0.5969230532646179
0.638076901435852
0.619615375995636
0.6280769109725952
0.6600000262260437
0.5869230628013611
0.6311538219451904
0.6484615206718445
0.5938461422920227
0.6484615206718445
0.5396153926849365
0.4603846073150635
0.6349999904632568
0.6719231009483337
0.5742307901382446
0.7276923060417175
0.6546154022216797
0.7057692408561707
0.6626923084259033
0.6888461709022522
0.6907692551612854
0.5880769491195679
0.7257692217826843
0.5788461565971375
0.6584615111351013
0.6011538505554199
0.7584615349769592
0.48730769753456116
0.058076921850442886
0.0315384604036808
0.7334615588188171
0.02153846062719822
0.026538461446762085
0.33269229531288147
0.1261538416147232
0.6073076725006104
0.6907692551612854
0.7134615182876587
0.5153846144676208
0.6711538434028625
0.7157692313194275
0.8111538290977478
0.6899999976158142
1.1315385103225708
0.7303845882415771
1.1061538457870483
1.127307653427124
1.2623076438903809
0.7253845930099487
1.0403846502304077
0.8884615302085876
1.1403846740722656
0.8999999761581421
1.3592307567596436
0.7765384912490845
1.1950000524520874
0.9796153903007507
0.998846173286438
0.9626923203468323
1.3226922750473022
0.9257692098617554
1.053076982498169
1.0807691812515259
0.9307692050933838
1.0876922607421875
1.2038460969924927
1.2707692384719849
0.9688461422920227
0.8219230771064758
1.126153826713562
1.0430768728256226
1.2007691860198975
1.0657691955566406
1.021538496017456
1.0669230222702026
1.0700000524520874
1.3849999904632568
1.2776923179626465
1.2711538076400757
1.0753846168518066
1.2346153259277344
0.9707692265510559
1.1503846645355225
1.1669230461120605
1.3111538887023926
1.201923131942749
0.7200000286102295
1.0342308282852173
1.0846153497695923
0.9319230914115906
0.822692334651947
1.1373076438903809
1.0880769491195679
1.1738461256027222
1.014230728149414
1.1873077154159546
0.8826923370361328
1.1230769157409668
0.8057692050933838
0.9746153950691223
1.0015385150909424
1.2457692623138428
1.0796153545379639
1.2684615850448608
1.042307734489441
1.2311538457870483
1.0784615278244019
1.0269230604171753
1.2123076915740967
1.088846206665039
1.2569230794906616
1.0519230365753174
1.3396153450012207
1.1723077297210693
1.2192307710647583
1.3311538696289062
0.885769248008728
1.133461594581604
1.385769248008728
1.22615385055542
1.2169231176376343
1.371538519859314
1.1865384578704834
1.2442307472229004
0.0
1.284999966621399
1.2315384149551392
1.0299999713897705
1.0996153354644775
1.0534615516662598
1.315000057220459
1.0069230794906616
1.1738461256027222
0.9150000214576721
1.151153802871704
1.0507692098617554
1.1626923084259033
1.1115384101867676
1.2892308235168457
0.9353846311569214
1.1553846597671509
1.0199999809265137
1.1688461303710938
1.134615421295166
1.0342308282852173
0.7838461399078369
1.091538429260254
1.032307744026184
0.8307692408561707
1.5273077487945557
1.3234615325927734
1.031538486480713
1.0430768728256226
1.1757692098617554
1.2699999809265137
1.235769271850586
1.0426923036575317
1.2684615850448608
1.235769271850586
1.4846153259277344
1.4719231128692627
0.7853845953941345
1.2611538171768188
1.433846116065979
1.157307744026184
1.122692346572876
1.1396154165267944
1.1307692527770996
1.0176923274993896
1.821923017501831
1.5615384578704834
1.7330769300460815
1.7903846502304077
1.556538462638855
1.4823076725006104
1.5619230270385742
1.7684615850448608
1.6280769109725952
1.622692346572876
1.6961538791656494
1.4984614849090576
1.5134615898132324
1.5626922845840454
1.478461503982544
1.7623076438903809
1.741538405418396
1.6938461065292358
1.748846173286438
1.5953845977783203
0.06038461625576019
1.5680769681930542
1.5653846263885498
1.600769281387329
1.588846206665039
1.7526923418045044
1.5019230842590332
1.4334615468978882
1.4992307424545288
1.5853846073150635
1.6115384101867676
1.7361538410186768
1.5207692384719849
1.3734614849090576
1.4703845977783203
1.7707692384719849
1.3592307567596436
1.4792307615280151
1.502307653427124
1.6073076725006104
1.4592307806015015
1.2853846549987793
1.5030769109725952
1.4769231081008911
1.306538462638855
1.440000057220459
1.3688461780548096
1.2799999713897705
1.3673076629638672
1.3542307615280151
1.3526923656463623
1.376153826713562
1.4580769538879395
1.341153860092163
1.2799999713897705
1.2907692193984985
1.3730769157409668
1.4103846549987793
1.5407692193984985
1.4719231128692627
1.295769214630127
1.3246153593063354
1.502307653427124
1.3638461828231812
1.2557692527770996
1.031538486480713
1.320769190788269
1.0473077297210693
1.1746153831481934
1.1569230556488037
1.293461561203003
1.0476922988891602
1.1188461780548096
1.407307744026184
1.2134615182876587
1.2899999618530273
1.2965384721755981
1.2680768966674805
1.010769248008728
1.274999976158142
1.1773077249526978
0.986923098564148
1.1411538124084473
1.0969231128692627
1.1449999809265137
1.0657691955566406
0.9930769205093384
1.1742308139801025
1.3176922798156738
1.2342307567596436
1.0280768871307373
1.3942307233810425
1.2565385103225708
1.444615364074707
1.3861538171768188
1.3700000047683716
1.4192308187484741
1.3711538314819336
1.3919230699539185
1.2492307424545288
1.4188461303710938
1.3369231224060059
1.1915384531021118
1.3565384149551392
1.0711538791656494
0.6896153688430786
0.8461538553237915
1.1703846454620361
1.4873076677322388
1.4876923561096191
1.47615385055542
1.5669230222702026
1.423076868057251
1.558846116065979
1.489230751991272
1.4692307710647583
1.3919230699539185
1.4142308235168457
0.36346152424812317
1.661153793334961
1.5357692241668701
1.4123077392578125
1.4419230222702026
1.4700000286102295
1.6234614849090576
1.3826923370361328
1.2657692432403564
1.5330768823623657
2.221153736114502
2.9223077297210693
3.2084615230560303
2.791153907775879
2.8911538124084473
2.7388460636138916
2.47615385055542
2.281153917312622
2.7176923751831055
2.9315383434295654
2.562692403793335
2.6834614276885986
2.8019230365753174
2.4480769634246826
2.765000104904175
3.7469229698181152
2.442692279815674
2.7973077297210693
2.735769271850586
2.899230718612671
2.6307692527770996
3.1796154975891113
2.9080770015716553
2.333846092224121
2.9865384101867676
2.613461494445801
3.137307643890381
2.6496152877807617
2.571923017501831
2.653846263885498
2.264230728149414
2.233461618423462
2.2796154022216797
2.7557692527770996
2.450000047683716
2.639615297317505
2.8515384197235107
2.2542307376861572
2.6580770015716553
2.3638460636138916
2.624615430831909
2.8453845977783203
2.7757692337036133
2.700000047683716
3.031153917312622
2.697307586669922
2.0884616374969482
2.4365384578704834
2.274230718612671
2.379615306854248
2.2580769062042236
2.8596153259277344
2.5826923847198486
2.86307692527771
2.7003846168518066
2.6715383529663086
2.4680769443511963
3.1330769062042236
3.2846152782440186
2.240000009536743
2.200000047683716
2.608461618423462
2.3596153259277344
2.348461627960205
2.7630770206451416
2.3784615993499756
2.7961537837982178
2.228076934814453
2.80961537361145
2.384999990463257
2.4430768489837646
2.8496153354644775
2.079230785369873
2.187692403793335
2.475769281387329
2.7684614658355713
2.7149999141693115
2.6353845596313477
2.442307710647583
2.4823076725006104
2.091538429260254
2.115769147872925
2.4580769538879395
2.1146154403686523
2.346538543701172
2.29769229888916
2.4776923656463623
2.876923084259033
2.6069231033325195
2.685384511947632
2.935384511947632
3.000384569168091
2.3496153354644775
2.3646154403686523
2.4692306518554688
2.882307767868042
2.97615385055542
2.533846139907837
2.640000104904175
2.7969231605529785
2.493077039718628
2.6557693481445312
2.8592307567596436
2.588846206665039
2.5996153354644775
3.2703845500946045
3.1984615325927734
3.088846206665039
2.8884615898132324
2.9200000762939453
2.3523077964782715
2.516923189163208
2.5511538982391357
2.3092308044433594
2.7176923751831055
2.3757691383361816
2.6169230937957764
2.678076982498169
2.4361538887023926
2.311923027038574
1.9161537885665894
2.867692232131958
2.8419229984283447
2.5353846549987793
2.8184616565704346
2.6192307472229004
2.791153907775879
2.8303847312927246
2.1857693195343018
2.8784615993499756
2.6211538314819336
2.5799999237060547
2.461538553237915
2.2392308712005615
2.4700000286102295
2.5753846168518066
2.5211539268493652
2.5715384483337402
2.3542308807373047
2.740384578704834
2.6207692623138428
2.264230728149414
2.336923122406006
2.186923027038574
1.9107692241668701
2.4188461303710938
2.17269229888916
2.165769338607788
1.8346153497695923
1.946923017501831
2.194615364074707
2.5184614658355713
2.0342307090759277
2.4580769538879395
2.38692307472229
2.44038462638855
2.733076810836792
2.769230842590332
2.33923077583313
2.394230842590332
2.3165385723114014
2.9669229984283447
2.576923131942749
2.8019230365753174
2.8619229793548584
2.237692356109619
2.3592307567596436
2.437692403793335
2.5319230556488037
2.872307777404785
2.211923122406006
2.7557692527770996
2.588846206665039
2.595769166946411
2.3276922702789307
3.014615297317505
2.4196152687072754
2.690000057220459
2.6207692623138428
2.312307596206665
2.701923131942749
2.8015384674072266
2.692307710647583
2.757692337036133
2.3642308712005615
2.569999933242798
2.641538381576538
3.0296154022216797
2.8546154499053955
3.0703845024108887
2.216538429260254
2.4776923656463623
2.1715383529663086
2.0657691955566406
2.067307710647583
2.1411538124084473
2.178076982498169
2.274230718612671
2.574230670928955
2.313076972961426
2.247692346572876
2.1330769062042236
2.2061538696289062
2.1573076248168945
2.7057693004608154
2.3476922512054443
2.343461513519287
2.6019229888916016
2.2242307662963867
1.98807692527771
2.2780768871307373
2.2773077487945557
2.2746152877807617
2.316923141479492
2.2973077297210693
2.27384614944458
2.4634616374969482
2.574230670928955
2.389230728149414
2.3780770301818848
2.1888461112976074
2.1669230461120605
2.311923027038574
2.2926924228668213
2.053076982498169
2.1526923179626465
2.3138461112976074
2.103076934814453
2.2269229888916016
2.3542308807373047
2.454230785369873
2.048076868057251
3.0642306804656982
2.2296154499053955
2.2580769062042236
2.2661538124084473
1.6096153259277344
2.1453845500946045
0.7634615302085876
2.126923084259033
0.4311538338661194
0.04653846099972725
2.6242308616638184
2.076923131942749
2.699230670928955
2.0788462162017822
2.0461537837982178
0.03999999910593033
0.19961538910865784
2.6357691287994385
2.4388461112976074
2.1788461208343506
0.20076923072338104
2.1700000762939453
2.377307653427124
0.17615385353565216
2.211538553237915
2.2134616374969482
2.485769271850586
1.9984614849090576
2.4676923751831055
2.4984614849090576
2.2899999618530273
2.4869229793548584
2.0319230556488037
2.988461494445801
2.186923027038574
2.56538462638855
2.4892308712005615
2.380000114440918
2.2396154403686523
2.4149999618530273
2.3334615230560303
2.4311537742614746
2.300769329071045
2.3311538696289062
2.244999885559082
2.341153860092163
2.3330769538879395
2.288846254348755
2.4484615325927734
2.701538562774658
2.497692346572876
2.416153907775879
2.3565385341644287
2.66076922416687
2.3476922512054443
2.427692413330078
2.495384693145752
2.6307692527770996
2.408461570739746
2.1761538982391357
2.6784615516662598
2.937307596206665
2.759615421295166
2.541153907775879
2.6146154403686523
2.723461627960205
2.6592307090759277
2.6549999713897705
3.0546154975891113
2.581923007965088
2.6842308044433594
2.8280768394470215
2.8961539268493652
2.9911539554595947
2.308076858520508
2.959615468978882
2.8350000381469727
2.9630768299102783
2.575000047683716
2.7726922035217285
2.8519229888916016
3.0784616470336914
2.6073076725006104
2.639230728149414
3.1738462448120117
2.5161538124084473
2.56538462638855
2.9961538314819336
3.052692413330078
2.831538438796997
2.5230770111083984
2.7392308712005615
2.5588462352752686
2.5857691764831543
2.495384693145752
3.324230670928955
2.6688461303710938
2.3407692909240723
3.130000114440918
2.5450000762939453
2.4211537837982178
2.605769157409668
2.858076810836792
2.790769338607788
2.9149999618530273
3.009999990463257
3.061923027038574
3.372307777404785
2.444999933242798
2.7530770301818848
2.950000047683716
2.78576922416687
2.7588460445404053
2.7026922702789307
2.5834615230560303
2.682692289352417
2.9357693195343018
2.665384531021118
2.370384693145752
2.562692403793335
2.598846197128296
2.3907692432403564
2.932307720184326
2.6596152782440186
2.8288462162017822
2.771923065185547
2.8111538887023926
2.2365384101867676
2.5207691192626953
2.475769281387329
2.6073076725006104
2.5450000762939453
2.240000009536743
2.3011538982391357
2.189615488052368
2.281538486480713
2.2180769443511963
2.4211537837982178
2.6615383625030518
2.302692413330078
2.2992308139801025
2.245384693145752
2.0511538982391357
2.329615354537964
2.257307767868042
2.553076982498169
2.634615421295166
2.4526922702789307
2.317692279815674
2.3792307376861572
2.6015384197235107
2.3311538696289062
1.2719230651855469
1.3600000143051147
1.4288461208343506
1.1742308139801025
1.3811538219451904
1.4730769395828247
1.6246154308319092
1.1919230222702026
1.1915384531021118
1.533461570739746
1.1311538219451904
1.3469231128692627
1.1638461351394653
1.3176922798156738
1.2857692241668701
1.2649999856948853
1.399230718612671
1.389230728149414
1.454230785369873
1.0750000476837158
1.457692265510559
1.2792307138442993
1.4261538982391357
1.466538429260254
1.443461537361145
1.2496154308319092
1.4484615325927734
1.6115384101867676
1.4034615755081177
1.399230718612671
1.5092307329177856
1.3215384483337402
1.4480769634246826
1.532307744026184
1.3103846311569214
1.3565384149551392
1.4288461208343506
1.4384615421295166
1.3830769062042236
1.4438461065292358
1.4861538410186768
1.4396153688430786
1.5607692003250122
1.4046154022216797
1.792307734489441
1.4153846502304077
1.6403846740722656
1.5253846645355225
0.6984615325927734
1.6169230937957764
1.442307710647583
1.6446154117584229
1.5076923370361328
1.5503846406936646
1.5800000429153442
1.6057692766189575
1.6338461637496948
1.1323076486587524
1.3515384197235107
1.6507692337036133
1.590384602546692
1.4092308282852173
1.4223077297210693
1.5738461017608643
1.6196154356002808
1.4776923656463623
1.2361538410186768
1.4507691860198975
1.3123077154159546
1.496538519859314
1.5
1.716538429260254
1.4069230556488037
1.350769281387329
1.6869230270385742
1.3946154117584229
1.3419231176376343
1.4746153354644775
1.5134615898132324
1.7442307472229004
1.7096153497695923
1.5173076391220093
1.6519230604171753
1.3796154260635376
1.2707692384719849
1.4973076581954956
1.3073077201843262
1.204230785369873
1.3996154069900513
1.3284615278244019
1.3746154308319092
1.39884614944458
1.3688461780548096
1.1723077297210693
1.2961539030075073
1.3123077154159546
1.534615397453308
1.292307734489441
1.1096153259277344
1.295769214630127
1.0961538553237915
1.3319231271743774
1.4030768871307373
1.4276922941207886
1.0830769538879395
1.1430768966674805
1.0680769681930542
1.635769248008728
1.0061538219451904
1.1161538362503052
1.032692313194275
1.1538461446762085
1.1630768775939941
1.2453845739364624
1.4765384197235107
1.283461570739746
1.1980769634246826
1.308846116065979
1.332692265510559
1.2457692623138428
1.4626922607421875
1.274999976158142
1.3146153688430786
1.7503845691680908
1.5353846549987793
1.2938461303710938
1.7169231176376343
1.206538438796997
2.0788462162017822
2.009230852127075
2.1042308807373047
2.232692241668701
1.8350000381469727
1.911153793334961
1.877307653427124
1.7365384101867676
1.8438462018966675
2.156153917312622
2.2203845977783203
1.8257691860198975
1.817307710647583
2.1038460731506348
1.8849999904632568
2.079230785369873
1.956538438796997
1.9500000476837158
2.1376922130584717
2.0969231128692627
1.9819231033325195
1.908846139907837
2.2684614658355713
2.009230852127075
1.8696154356002808
2.2249999046325684
1.7134615182876587
1.9242308139801025
1.7538461685180664
2.0461537837982178
2.1211538314819336
1.8026922941207886
2.01192307472229
1.72615385055542
1.8776923418045044
2.380000114440918
1.8019230365753174
1.8957692384719849
2.0211539268493652
1.8792307376861572
1.6988461017608643
1.9715384244918823
2.005000114440918
1.850769281387329
1.9296153783798218
1.9442307949066162
1.8884615898132324
2.006922960281372
2.079615354537964
2.043076992034912
1.9642307758331299
1.9942307472229004
2.380384683609009
1.7007691860198975
1.906538486480713
2.1307692527770996
1.9123077392578125
2.0615384578704834
1.9992307424545288
1.932692289352417
2.250384569168091
2.0492308139801025
2.1023077964782715
2.61307692527771
2.0969231128692627
2.0953845977783203
1.9246153831481934
2.0319230556488037
1.8615384101867676
1.8623076677322388
2.0307693481445312
2.4200000762939453
2.1626923084259033
2.0246152877807617
1.957692265510559
1.8023077249526978
1.878461480140686
2.257692337036133
1.7938461303710938
1.9492307901382446
1.8973076343536377
1.6303845643997192
1.7453845739364624
1.5776922702789307
1.7553845643997192
1.7338461875915527
1.5761538743972778
1.4788461923599243
1.717692255973816
1.5842307806015015
1.6461538076400757
2.1673076152801514
1.428076982498169
1.475769281387329
1.5149999856948853
1.7111538648605347
1.6373076438903809
1.6634615659713745
1.6015384197235107
1.7719230651855469
1.4249999523162842
1.4369230270385742
2.0880768299102783
1.533846139907837
1.375
1.5976922512054443
1.5665384531021118
1.729615330696106
1.3107692003250122
1.658461570739746
1.4038461446762085
1.442307710647583
1.579230785369873
1.678076982498169
1.7992308139801025
1.8296153545379639
1.7769230604171753
1.7634615898132324
1.7330769300460815
1.6942307949066162
1.6734615564346313
1.818461537361145
1.784615397453308
1.7661538124084473
1.6115384101867676
1.7988461256027222
2.0661537647247314
1.600769281387329
1.9284615516662598
2.050769329071045
1.9130768775939941
1.9726922512054443
1.9984614849090576
1.9288461208343506
1.819615364074707
2.0423076152801514
2.1723077297210693
1.9626922607421875
2.2223076820373535
1.8392307758331299
1.9692307710647583
1.9496153593063354
2.11307692527771
2.2196154594421387
1.9484615325927734
2.052307605743408
2.0376923084259033
2.0426924228668213
2.086538553237915
2.072692394256592
2.0896153450012207
1.9307692050933838
1.7930768728256226
1.7230769395828247
1.853461503982544
1.8130769729614258
1.9630769491195679
1.8380769491195679
2.3353846073150635
1.9146153926849365
2.0103845596313477
1.7865384817123413
1.7988461256027222
2.0488462448120117
1.8026922941207886
2.05961537361145
1.9319230318069458
1.7326923608779907
1.965384602546692
1.7549999952316284
1.3350000381469727
2.021923065185547
1.7526923418045044
1.7119231224060059
1.8550000190734863
1.9138461351394653
1.7653846740722656
1.7084615230560303
1.7038460969924927
1.6865384578704834
1.8696154356002808
1.7688461542129517
1.7623076438903809
1.8223077058792114
1.7880768775939941
1.871538519859314
1.8753845691680908
1.6692308187484741
1.7038460969924927
1.8600000143051147
1.815000057220459
1.782692313194275
1.841153860092163
1.6853846311569214
1.9138461351394653
1.932692289352417
2.038076877593994
1.6953846216201782
1.7688461542129517
1.9630769491195679
1.747692346572876
1.9503846168518066
1.7353845834732056
1.8203846216201782
1.7976922988891602
2.043461561203003
1.753461480140686
2.2253847122192383
1.9080768823623657
1.5784615278244019
1.875
1.076923131942749
1.565000057220459
1.7888461351394653
1.646538496017456
1.4961538314819336
1.7507692575454712
1.6692308187484741
1.543461561203003
1.7699999809265137
1.6084614992141724
1.4707692861557007
1.934999942779541
1.852307677268982
1.8376922607421875
1.8634614944458008
1.8569231033325195
1.9146153926849365
1.6103845834732056
1.6061538457870483
2.3523077964782715
1.758461594581604
1.6615384817123413
2.0011539459228516
1.7503845691680908
1.996538519859314
1.6757692098617554
2.0303845405578613
1.705384612083435
2.1050000190734863
1.8669230937957764
2.0246152877807617
2.0176923274993896
2.0615384578704834
2.132307767868042
2.163846254348755
2.043461561203003
2.0757691860198975
2.2276923656463623
1.872692346572876
1.8888461589813232
2.0369231700897217
2.016923189163208
2.0953845977783203
2.1380770206451416
2.2249999046325684
1.8273077011108398
2.005384683609009
1.656538486480713
2.06538462638855
1.604615330696106
1.4723076820373535
1.899230718612671
2.041153907775879
1.7819230556488037
1.6865384578704834
1.7853846549987793
1.5534615516662598
1.723846197128296
1.63692307472229
1.831538438796997
1.8353846073150635
2.4692306518554688
2.0015385150909424
1.8503845930099487
1.8092308044433594
2.0207691192626953
1.932692289352417
1.9480769634246826
2.0946154594421387
2.0296154022216797
1.8376922607421875
1.9203846454620361
1.419615387916565
1.8711538314819336
1.7788461446762085
1.7015384435653687
1.4826923608779907
1.646538496017456
1.555384635925293
1.590000033378601
1.3257691860198975
1.554230809211731
1.6126923561096191
1.510769248008728
1.4826923608779907
1.486923098564148
1.3634614944458008
1.4115384817123413
1.3584614992141724
1.4780769348144531
1.2346153259277344
1.411153793334961
1.3515384197235107
1.3276922702789307
1.5276923179626465
1.4923076629638672
1.389230728149414
1.4357692003250122
1.4299999475479126
1.3361538648605347
1.2711538076400757
1.6549999713897705
1.4265384674072266
1.524230718612671
1.3769230842590332
1.396538496017456
1.444615364074707
1.6311538219451904
1.3969230651855469
1.446923017501831
1.4119230508804321
1.532692313194275
1.445769190788269
1.6869230270385742
1.2573076486587524
1.4261538982391357
1.5115385055541992
1.5307692289352417
1.645384669303894
1.4538460969924927
1.463846206665039
1.4476922750473022
1.5846153497695923
1.496538519859314
1.451923131942749
1.5842307806015015
1.034999966621399
1.284999966621399
1.0257692337036133
1.2123076915740967
1.378461480140686
1.216538429260254
1.1430768966674805
1.5073076486587524
0.7461538314819336
1.281538486480713
1.6365385055541992
1.1653846502304077
1.2338461875915527
1.2376923561096191
1.4026923179626465
1.406538486480713
1.7092307806015015
1.2200000286102295
1.4026923179626465
1.194615364074707
1.2949999570846558
1.5319230556488037
1.361923098564148
1.5330768823623657
1.444615364074707
1.3896154165267944
1.7234615087509155
1.5919231176376343
1.8573076725006104
1.5153846740722656
1.6123076677322388
1.6915384531021118
1.853461503982544
1.604615330696106
1.6419230699539185
1.9415384531021118
1.7169231176376343
2.132307767868042
1.7884615659713745
1.7169231176376343
1.7007691860198975
1.6496154069900513
1.6403846740722656
1.7530769109725952
1.9611538648605347
1.716538429260254
1.8730769157409668
1.1607692241668701
1.0438461303710938
1.3492307662963867
1.126153826713562
1.0965384244918823
1.0638461112976074
1.2119231224060059
1.0449999570846558
0.9923076629638672
1.2292307615280151
1.0596153736114502
1.149999976158142
1.1138461828231812
1.0461539030075073
1.076923131942749
1.0676922798156738
1.0730769634246826
1.0703846216201782
0.9876922965049744
1.036153793334961
1.0388461351394653
0.9773076772689819
1.0330768823623657
0.9653846025466919
1.2753846645355225
1.2288461923599243
1.1146154403686523
1.0126923322677612
1.0569230318069458
1.139230728149414
1.0596153736114502
1.0742307901382446
1.1080769300460815
1.1173076629638672
1.0953845977783203
1.098846197128296
1.104615330696106
1.1603846549987793
1.1223076581954956
1.065000057220459
1.1538461446762085
1.0149999856948853
1.1242307424545288
1.1069231033325195
1.3380769491195679
1.271538496017456
1.2011538743972778
1.2069231271743774
1.3615384101867676
1.3430769443511963
1.1376923322677612
1.2999999523162842
1.2203845977783203
1.2988461256027222
1.2457692623138428
1.2446154356002808
1.2992308139801025
1.350769281387329
1.4226922988891602
1.2338461875915527
1.4042307138442993
1.3465384244918823
1.0353846549987793
1.2576923370361328
1.352307677268982
1.2788461446762085
1.4234615564346313
1.307692289352417
1.5192307233810425
1.6373076438903809
1.4723076820373535
1.546923041343689
1.3234615325927734
1.3323076963424683
1.465384602546692
1.5484615564346313
1.1653846502304077
1.4503846168518066
1.3276922702789307
1.4226922988891602
1.7073076963424683
1.3015384674072266
1.695769190788269
1.4861538410186768
1.3696154356002808
1.329230785369873
1.292307734489441
1.4619231224060059
1.2576923370361328
1.5626922845840454
1.1188461780548096
1.3938461542129517
1.1996153593063354
1.2507692575454712
1.1869230270385742
1.4307692050933838
1.3223077058792114
1.3576923608779907
1.1796153783798218
1.1326923370361328
1.1461538076400757
1.377307653427124
1.3926923274993896
1.3396153450012207
1.217307686805725
1.2219231128692627
1.3038461208343506
1.1323076486587524
1.3169230222702026
1.2903846502304077
1.315000057220459
1.3180769681930542
1.1438461542129517
1.1265385150909424
1.2430769205093384
1.6096153259277344
1.22615385055542
1.2446154356002808
1.1219230890274048
1.159615397453308
1.442307710647583
1.4811538457870483
1.4534615278244019
1.2157691717147827
1.216153860092163
1.2688461542129517
1.2192307710647583
1.2680768966674805
1.556538462638855
1.4834614992141724
1.626153826713562
1.645384669303894
1.746538519859314
1.4846153259277344
1.5942307710647583
1.6253845691680908
1.5265384912490845
1.7326923608779907
1.3611538410186768
1.673076868057251
1.805384635925293
1.5515384674072266
1.6457692384719849
1.6846153736114502
1.718461513519287
1.3115384578704834
1.566153883934021
1.5534615516662598
1.4934614896774292
1.5438461303710938
1.4007692337036133
1.4323077201843262
1.5188461542129517
1.6311538219451904
1.5834615230560303
1.5723077058792114
1.6561537981033325
1.526153802871704
1.5184615850448608
1.557692289352417
1.5884615182876587
1.6338461637496948
1.5196154117584229
1.509615421295166
1.5653846263885498
0.9346153736114502
1.7588461637496948
1.7196153402328491
1.4438461065292358
1.739230751991272
1.4373077154159546
1.0330768823623657
0.9615384340286255
0.8834615349769592
0.885769248008728
1.066153883934021
1.0384615659713745
1.0473077297210693
1.6734615564346313
1.5692307949066162
1.069615364074707
1.0138461589813232
0.9707692265510559
1.1069231033325195
1.182692289352417
1.6246154308319092
1.7973077297210693
1.804230809211731
1.2015384435653687
1.5642307996749878
1.6299999952316284
1.024999976158142
1.598846197128296
1.809999942779541
1.6203845739364624
1.592692255973816
1.442307710647583
1.649999976158142
1.6050000190734863
1.8926923274993896
1.5788460969924927
1.4688462018966675
1.6773077249526978
1.1649999618530273
1.63692307472229
1.7953846454620361
1.545769214630127
1.6038461923599243
1.1888461112976074
0.9669230580329895
1.0115385055541992
0.9646154046058655
1.7919230461120605
1.6626923084259033
0.879230797290802
1.133461594581604
1.5607692003250122
0.9596154093742371
1.5623077154159546
1.5161538124084473
0.9984615445137024
0.9842307567596436
0.9534615278244019
1.555384635925293
1.4607691764831543
1.5711538791656494
0.8138461709022522
1.7069231271743774
0.8799999952316284
1.1161538362503052
1.715000033378601
0.8365384340286255
0.8811538219451904
1.6884615421295166
0.891153872013092
1.6403846740722656
1.0103845596313477
1.649999976158142
1.477307677268982
1.2869230508804321
1.466153860092163
0.8523076772689819
1.6065384149551392
1.203076958656311
1.592307686805725
1.440000057220459
0.8903846144676208
1.2346153259277344
1.4438461065292358
1.3919230699539185
1.408846139907837
1.6042307615280151
1.319615364074707
0.7315384745597839
1.6473076343536377
1.6038461923599243
1.0680769681930542
0.8942307829856873
1.009615421295166
0.8723077178001404
0.9599999785423279
1.1903846263885498
1.046923041343689
0.9323077201843262
1.194615364074707
0.8719230890274048
1.0884615182876587
0.9796153903007507
0.823846161365509
1.1461538076400757
1.1373076438903809
0.9084615111351013
0.949999988079071
0.8915384411811829
0.7688461542129517
0.7861538529396057
0.8780769109725952
1.0307692289352417
0.9030769467353821
0.8773077130317688
0.9565384387969971
1.0442308187484741
0.8692307472229004
0.8176922798156738
0.8980769515037537
1.2203845977783203
0.9107692241668701
1.0161538124084473
1.0092307329177856
0.9173076748847961
0.879230797290802
0.8030769228935242
1.1715384721755981
0.7765384912490845
0.9388461709022522
1.0303846597671509
1.0292307138442993
0.8734615445137024
0.8253846168518066
0.9023076891899109
0.9403846263885498
0.8796153664588928
0.7842307686805725
0.8253846168518066
0.9111538529396057
1.0665384531021118
0.8661538362503052
0.9730769395828247
0.9080769419670105
0.8949999809265137
0.9384615421295166
1.0276923179626465
0.7969231009483337
0.8153846263885498
0.9884615540504456
0.8469230532646179
0.8399999737739563
1.0376923084259033
0.8573076725006104
0.795769214630127
0.9461538195610046
1.1676923036575317
1.2438461780548096
1.1853846311569214
1.145384669303894
1.2319231033325195
1.2507692575454712
0.9634615182876587
1.2842308282852173
1.0630769729614258
1.1653846502304077
1.0192307233810425
1.0173076391220093
1.1746153831481934
1.2538461685180664
1.2492307424545288
0.9950000047683716
1.0523077249526978
1.0492308139801025
0.9080769419670105
1.0980769395828247
0.9623076915740967
0.9599999785423279
1.059999942779541
1.1157692670822144
1.263076901435852
1.1649999618530273
1.0819231271743774
0.8557692170143127
1.0384615659713745
1.2453845739364624
1.2576923370361328
1.10115385055542
0.98807692527771
1.0019230842590332
0.9800000190734863
0.948846161365509
0.881538450717926
0.9976922869682312
1.3169230222702026
0.9926922917366028
0.8980769515037537
1.0788460969924927
1.0976922512054443
0.9200000166893005
0.8953846096992493
0.9576923251152039
0.9780769348144531
1.1699999570846558
1.1469230651855469
0.8730769157409668
0.9715384840965271
0.88692307472229
1.022692322731018
0.9026923179626465
1.044615387916565
0.8953846096992493
1.2188462018966675
1.0730769634246826
0.8892307877540588
0.9350000023841858
1.033846139907837
0.9407692551612854
0.9219231009483337
0.7715384364128113
0.8996154069900513
0.7403846383094788
1.0638461112976074
0.9403846263885498
0.7476922869682312
1.1073076725006104
1.0161538124084473
0.6665384769439697
0.9238461256027222
0.9403846263885498
0.6534615159034729
0.9015384912490845
0.6711538434028625
0.06884615123271942
0.6919230818748474
0.5765384435653687
0.8484615087509155
0.6953846216201782
0.7092307806015015
0.03500000014901161
0.7103846073150635
0.7119230628013611
0.693461537361145
0.930384635925293
0.7246153950691223
0.6830769181251526
0.8534615635871887
0.7484615445137024
0.7311538457870483
0.7892307639122009
0.626153826713562
0.8711538314819336
0.8434615135192871
0.7353846430778503
0.6953846216201782
0.7269230484962463
0.9200000166893005
1.0392308235168457
0.881538450717926
0.8450000286102295
0.7738461494445801
0.9034615159034729
0.32307693362236023
1.0003845691680908
0.9365384578704834
0.025769229978322983
0.681538462638855
0.7950000166893005
0.6715384721755981
0.7669230699539185
0.8296154141426086
1.128461480140686
0.8423076868057251
0.7696154117584229
0.6365384459495544
0.7857692241668701
0.9211538434028625
0.9007692337036133
0.7188461422920227
0.10769230872392654
0.7873076796531677
0.7926923036575317
0.9146153926849365
0.05076923221349716
0.8834615349769592
0.6830769181251526
0.8061538338661194
0.6542307734489441
0.4699999988079071
0.7334615588188171
0.01884615421295166
0.9246153831481934
0.7665384411811829
0.03500000014901161
0.8384615182876587
0.8646153807640076
0.9634615182876587
0.7761538624763489
0.5892307758331299
0.7353846430778503
0.739230751991272
0.7223076820373535
0.7103846073150635
0.7815384864807129
0.9584615230560303
1.1315385103225708
0.7099999785423279
0.7761538624763489
0.7653846144676208
0.7838461399078369
0.823846161365509
0.8665384650230408
0.7484615445137024
0.9230769276618958
0.6969230771064758
0.814230740070343
0.8715384602546692
0.7526922821998596
0.7580769062042236
0.7738461494445801
0.8484615087509155
0.8615384697914124
0.8284615278244019
0.6361538171768188
0.949999988079071
0.6492307782173157
0.7876923084259033
0.04115384444594383
0.9242307543754578
0.755384624004364
0.6334615349769592
0.7599999904632568
0.7376922965049744
0.6838461756706238
0.5996153950691223
0.23346154391765594
0.7103846073150635
0.6526923179626465
0.6911538243293762
0.06846153736114502
0.7319231033325195
0.8311538696289062
0.935769259929657
0.6523076891899109
0.7784615159034729
0.9284615516662598
0.8092307448387146
1.1926922798156738
0.8038461804389954
0.9073076844215393
0.7919231057167053
0.948846161365509
0.9876922965049744
0.8469230532646179
0.76192307472229
0.8442307710647583
0.9111538529396057
0.760769248008728
0.8311538696289062
0.8784615397453308
0.879230797290802
0.9211538434028625
0.9073076844215393
1.1096153259277344
1.0157692432403564
1.0626922845840454
0.9719230532646179
1.0726922750473022
0.9096153974533081
0.8430769443511963
1.1096153259277344
1.0123076438903809
0.8330768942832947
0.8315384387969971
0.9596154093742371
0.7884615659713745
0.9073076844215393
0.7503846287727356
0.9030769467353821
0.7842307686805725
0.8203846216201782
1.0857691764831543
1.0511538982391357
0.8819230794906616
0.6953846216201782
1.1461538076400757
0.7261538505554199
1.0207692384719849
0.7311538457870483
0.8965384364128113
1.0526922941207886
0.8411538600921631
0.9830769300460815
0.7469230890274048
0.9580768942832947
0.9407692551612854
0.8523076772689819
0.8353846073150635
0.8403846025466919
0.8780769109725952
0.9419230818748474
0.9426922798156738
1.0192307233810425
0.9611538648605347
1.0053845643997192
0.8892307877540588
0.9269230961799622
0.8007692098617554
0.8957692384719849
0.9942307472229004
1.1646153926849365
0.9346153736114502
0.8261538743972778
0.989230751991272
1.195769190788269
1.1646153926849365
0.8507692217826843
1.0026923418045044
0.7007692456245422
0.8569231033325195
0.948846161365509
1.0407692193984985
1.0676922798156738
0.8430769443511963
1.1069231033325195
0.9588461518287659
1.044615387916565
0.9300000071525574
0.9130769371986389
0.8057692050933838
0.7142307758331299
0.822692334651947
0.8938461542129517
0.8026922941207886
0.818461537361145
0.9438461661338806
0.8573076725006104
0.8407692313194275
0.9473077058792114
0.8523076772689819
0.8299999833106995
1.0288461446762085
0.9984615445137024
0.8719230890274048
0.8088461756706238
0.9338461756706238
0.8692307472229004
0.6903846263885498
0.8700000047683716
1.3876923322677612
0.739230751991272
0.8661538362503052
0.8469230532646179
1.054230809211731
1.0515384674072266
1.2211538553237915
0.9742307662963867
0.8046153783798218
1.0307692289352417
0.927307665348053
0.7053846120834351
0.9449999928474426
0.9215384721755981
0.7746154069900513
0.7815384864807129
0.8592307567596436
1.178076982498169
0.9057692289352417
1.054230809211731
1.1384615898132324
0.9507692456245422
0.939230740070343
0.983846127986908
0.9169231057167053
0.8253846168518066
0.7773076891899109
0.7599999904632568
0.829230785369873
0.7142307758331299
0.8600000143051147
1.0392308235168457
0.9311538338661194
0.7776923179626465
0.7384615540504456
0.7942307591438293
0.614230751991272
0.8500000238418579
0.7919231057167053
0.8257692456245422
0.7953845858573914
0.8338461518287659
0.7096154093742371
0.9346153736114502
0.8453845977783203
0.8961538672447205
0.8573076725006104
0.819615364074707
0.7865384817123413
0.7592307925224304
0.7969231009483337
0.7888461351394653
0.7880769371986389
0.7646153569221497
0.8149999976158142
0.7453846335411072
0.7815384864807129
0.8580769300460815
0.7653846144676208
0.7642307877540588
0.8799999952316284
0.8057692050933838
0.7653846144676208
0.9107692241668701
0.8176922798156738
0.7546153664588928
0.870769202709198
0.7319231033325195
0.5573077201843262
0.048846155405044556
0.16153846681118011
0.7157692313194275
0.02500000037252903
0.7880769371986389
0.8665384650230408
0.8176922798156738
0.7734615206718445
0.7934615612030029
0.7492307424545288
0.8457692265510559
0.8365384340286255
0.13923077285289764
0.686923086643219
0.7830769419670105
0.755384624004364
0.9903846383094788
0.9100000262260437
0.7680768966674805
0.8688461780548096
1.0092307329177856
0.7961538434028625
0.7811538577079773
0.807692289352417
0.6200000047683716
0.6569230556488037
0.6823077201843262
0.6800000071525574
0.6788461804389954
0.7711538672447205
0.6696153879165649
0.8096153736114502
0.7484615445137024
0.7103846073150635
0.7161538600921631
0.7450000047683716
0.7365384697914124
0.4019230902194977
0.5296154022216797
0.7411538362503052
0.3415384590625763
0.7192307710647583
0.699999988079071
0.7757692337036133
0.0319230780005455
0.6269230842590332
0.638076901435852
0.6053845882415771
0.7288461327552795
0.6642307639122009
0.641153872013092
0.6765384674072266
0.7207692265510559
0.6746153831481934
0.6611538529396057
0.6653845906257629
0.8288461565971375
0.4976923167705536
0.6488461494445801
0.7200000286102295
0.6742307543754578
0.7030768990516663
0.670769214630127
0.670769214630127
0.6492307782173157
0.5888461470603943
0.551153838634491
0.6846153736114502
0.7242307662963867
0.6442307829856873
0.6657692193984985
0.7361538410186768
0.686923086643219
0.7115384340286255
0.6719231009483337
0.6753846406936646
0.7242307662963867
0.795769214630127
0.6715384721755981
0.7757692337036133
0.763076901435852
0.8661538362503052
0.7196153998374939
0.7696154117584229
0.6211538314819336
0.9942307472229004
0.8515384793281555
0.8299999833106995
0.891153872013092
0.9069230556488037
0.813076913356781
0.861923098564148
0.9661538600921631
0.9292307496070862
0.8657692074775696
0.8111538290977478
0.8592307567596436
1.0273077487945557
0.7807692289352417
0.8403846025466919
0.7976922988891602
0.8784615397453308
0.7953845858573914
0.8626922965049744
0.8726922869682312
0.8603846430778503
0.8096153736114502
0.9330769181251526
0.8888461589813232
1.0053845643997192
0.814230740070343
0.8507692217826843
0.9011538624763489
0.9215384721755981
0.9461538195610046
0.9546154141426086
0.8784615397453308
0.8849999904632568
0.9846153855323792
0.948846161365509
0.9950000047683716
0.8992307782173157
0.9080769419670105
0.9738461375236511
0.9134615659713745
0.8638461828231812
0.9123076796531677
0.9123076796531677
1.056538462638855
1.0850000381469727
1.0465384721755981
1.0073076486587524
0.9342307448387146
1.0234615802764893
0.947692334651947
0.8526923060417175
0.9553846120834351
0.9049999713897705
0.9311538338661194
0.8442307710647583
1.0088461637496948
0.9546154141426086
0.8980769515037537
0.9157692193984985
0.9049999713897705
1.0046154260635376
0.9788461327552795
0.927307665348053
1.069615364074707
1.246538519859314
1.0634615421295166
0.9157692193984985
0.9411538243293762
0.9792307615280151
1.0330768823623657
1.158846139907837
1.1026923656463623
0.9876922965049744
0.8334615230560303
1.2242307662963867
0.8819230794906616
0.9123076796531677
1.021538496017456
1.0199999809265137
1.158461570739746
1.2242307662963867
1.059999942779541
1.385769248008728
0.7749999761581421
0.9042307734489441
0.8703846335411072
1.0680769681930542
0.7788461446762085
1.0061538219451904
0.8476923108100891
0.935769259929657
0.7900000214576721
0.7649999856948853
1.0507692098617554
0.7938461303710938
1.11307692527771
0.8338461518287659
0.8373076915740967
0.7784615159034729
0.9653846025466919
1.0430768728256226
0.7807692289352417
1.0353846549987793
0.8561538457870483
0.7284615635871887
0.8488461375236511
0.7892307639122009
0.9049999713897705
0.7996153831481934
0.8057692050933838
0.8457692265510559
0.8946154117584229
0.949999988079071
0.9876922965049744
0.9003846049308777
1.0642307996749878
0.9361538290977478
0.9203845858573914
1.1323076486587524
0.9426922798156738
1.045769214630127
0.8403846025466919
0.8526923060417175
0.8188461661338806
0.9030769467353821
0.9184615612030029
1.0288461446762085
0.873846173286438
0.058076921850442886
0.8450000286102295
0.8084615468978882
0.030384615063667297
0.8111538290977478
0.823846161365509
0.8592307567596436
0.8042307496070862
0.670769214630127
0.930384635925293
0.8199999928474426
0.6888461709022522
0.7826923131942749
0.8123077154159546
0.05653846263885498
0.5415384769439697
0.10153846442699432
0.885769248008728
0.7699999809265137
0.39576923847198486
0.7519230842590332
0.026153845712542534
0.8050000071525574
0.8742307424545288
1.0061538219451904
0.8426923155784607
0.6396153569221497
0.9942307472229004
0.7119230628013611
0.6949999928474426
0.7057692408561707
0.24307692050933838
0.6453846096992493
0.7615384459495544
0.8523076772689819
0.9330769181251526
0.7230769395828247
0.751153826713562
0.9796153903007507
0.8769230842590332
0.6842307448387146
0.9334615468978882
1.0046154260635376
0.9049999713897705
0.824999988079071
0.9480769038200378
0.9684615135192871
0.6715384721755981
0.02769230678677559
0.9730769395828247
0.7003846168518066
0.30000001192092896
0.557692289352417
0.8392307758331299
0.9200000166893005
1.0642307996749878
0.9688461422920227
0.7626923322677612
0.9399999976158142
0.9861538410186768
0.993461549282074
0.9069230556488037
0.868461549282074
0.05384615436196327
0.8626922965049744
1.0800000429153442
0.7526922821998596
1.0373077392578125
1.0126923322677612
1.065000057220459
0.9696153998374939
1.179230809211731
0.5757692456245422
0.9361538290977478
1.0396153926849365
0.9669230580329895
0.8926923274993896
0.939230740070343
0.8700000047683716
1.1057692766189575
1.0149999856948853
0.9265384674072266
0.9557692408561707
0.9200000166893005
0.9100000262260437
0.7576923370361328
0.8638461828231812
0.8999999761581421
0.86307692527771
0.9203845858573914
0.7715384364128113
0.998846173286438
0.9903846383094788
0.888076901435852
0.9042307734489441
0.9469230771064758
0.8073077201843262
0.9457692503929138
0.8730769157409668
0.8403846025466919
0.8723077178001404
0.8338461518287659
1.121538519859314
0.7569230794906616
0.7769230604171753
0.8388461470603943
0.7692307829856873
0.8542307615280151
0.6734615564346313
0.7907692193984985
0.7773076891899109
0.7892307639122009
0.01115384604781866
0.019615383818745613
1.0680769681930542
0.8426923155784607
0.9853846430778503
0.8734615445137024
0.8380769491195679
0.023076923564076424
0.05346153676509857
0.9196153879165649
1.034999966621399
0.8261538743972778
0.03384615480899811
0.8896153569221497
0.8015384674072266
0.8192307949066162
1.2784615755081177
1.3811538219451904
1.6734615564346313
1.7723076343536377
1.6861538887023926
1.6430768966674805
1.5199999809265137
1.5688461065292358
1.8203846216201782
1.5392308235168457
1.3323076963424683
1.693461537361145
1.3034615516662598
1.8084615468978882
1.7411538362503052
1.645384669303894
1.4330769777297974
1.3350000381469727
1.3700000047683716
1.3569231033325195
1.8711538314819336
1.532692313194275
1.4480769634246826
1.431538462638855
1.3253846168518066
1.6534615755081177
1.4630769491195679
0.7769230604171753
1.5353846549987793
1.4038461446762085
1.7469230890274048
1.3496153354644775
1.3023077249526978
1.4584615230560303
1.4249999523162842
1.5138461589813232
1.5253846645355225
1.4119230508804321
1.317307710647583
1.6053845882415771
1.6769230365753174
1.4726922512054443
1.417307734489441
1.4061537981033325
1.3903846740722656
1.1561537981033325
1.264230728149414
1.159999966621399
1.0834615230560303
1.3823076486587524
1.6919230222702026
1.3692307472229004
1.3134615421295166
1.2080769538879395
1.1526923179626465
1.1857692003250122
1.3823076486587524
1.4361538887023926
1.7723076343536377
1.3769230842590332
1.2280769348144531
1.3226922750473022
1.7599999904632568
1.2949999570846558
1.3146153688430786
1.5807691812515259
1.7873077392578125
1.4934614896774292
1.4923076629638672
1.4511538743972778
1.4934614896774292
2.1796154975891113
1.3369231224060059
1.885769248008728
1.383461594581604
1.5761538743972778
1.307692289352417
1.704230785369873
1.4842307567596436
1.5638461112976074
1.4080768823623657
1.2553845643997192
1.6988461017608643
1.4373077154159546
1.508461594581604
1.2376923561096191
1.4980769157409668
1.2776923179626465
1.4534615278244019
1.3757692575454712
1.4515384435653687
1.5273077487945557
1.3723076581954956
1.5180768966674805
1.5373077392578125
1.627307653427124
1.691153883934021
1.7123076915740967
1.7069231271743774
1.6711539030075073
1.5253846645355225
1.604615330696106
1.6746153831481934
1.8069230318069458
1.5773077011108398
1.5573077201843262
1.6407692432403564
1.7096153497695923
1.667307734489441
1.7869230508804321
2.1434614658355713
1.6630768775939941
1.706538438796997
1.656538486480713
1.821923017501831
1.8407691717147827
1.6784615516662598
1.715000033378601
1.9119230508804321
2.1073076725006104
2.0611538887023926
1.7330769300460815
1.4834614992141724
1.7315384149551392
1.7334614992141724
1.4265384674072266
1.658846139907837
1.8134615421295166
1.3473076820373535
1.1053845882415771
1.3476922512054443
1.2561538219451904
1.1657692193984985
1.0153846740722656
1.0665384531021118
0.5807692408561707
1.2930768728256226
1.1103845834732056
1.1430768966674805
1.0846153497695923
1.0292307138442993
1.122692346572876
1.4276922941207886
1.4034615755081177
1.0884615182876587
1.1246154308319092
1.1892307996749878
1.0476922988891602
1.1715384721755981
1.2323076725006104
1.225769281387329
1.1649999618530273
1.0523077249526978
1.091153860092163
1.1557692289352417
0.551153838634491
1.2603845596313477
1.0776922702789307
1.2100000381469727
1.0257692337036133
1.056538462638855
1.0223076343536377
0.9588461518287659
1.1415385007858276
1.0396153926849365
1.1676923036575317
0.9707692265510559
1.091538429260254
0.8846153616905212
1.1353845596313477
1.0392308235168457
1.1057692766189575
1.0830769538879395
0.9911538362503052
1.0419230461120605
1.2080769538879395
0.9715384840965271
1.1457692384719849
0.7250000238418579
1.0176923274993896
1.161153793334961
1.0830769538879395
1.1961538791656494
0.9280769228935242
1.3419231176376343
1.1457692384719849
1.306538462638855
0.3734615445137024
1.0099999904632568
1.0596153736114502
1.0465384721755981
1.0069230794906616
1.024999976158142
0.9319230914115906
1.1176923513412476
0.9965384602546692
1.066153883934021
1.1361538171768188
1.0403846502304077
0.936923086643219
1.0057692527770996
1.0573077201843262
1.0776922702789307
1.0734615325927734
1.003461480140686
1.0753846168518066
1.0723077058792114
1.0111538171768188
0.8903846144676208
0.9673076868057251
0.9773076772689819
0.9965384602546692
0.8776922821998596
0.935769259929657
0.9188461303710938
0.9323077201843262
0.9819231033325195
1.0019230842590332
1.0211538076400757
1.0188461542129517
1.0038461685180664
0.9057692289352417
1.008461594581604
1.1073076725006104
1.0938462018966675
1.0076923370361328
1.0280768871307373
1.2438461780548096
1.3211538791656494
1.0857691764831543
1.1457692384719849
0.9630769491195679
1.1942307949066162
1.0834615230560303
1.067307710647583
1.098846197128296
1.457692265510559
1.0946153402328491
1.1580768823623657
1.179230809211731
1.2473076581954956
1.14884614944458
1.0049999952316284
1.2146153450012207
1.0488461256027222
1.2573076486587524
1.1196154356002808
1.2526923418045044
1.1265385150909424
1.0730769634246826
1.0788460969924927
1.0157692432403564
1.0738461017608643
1.031538486480713
1.0080769062042236
1.0938462018966675
1.0296154022216797
1.0549999475479126
1.104615330696106
0.8080769181251526
1.0038461685180664
1.020384669303894
1.0953845977783203
0.9384615421295166
1.0473077297210693
0.9519230723381042
0.9373077154159546
0.9792307615280151
0.9457692503929138
1.156538486480713
0.06576923280954361
1.0738461017608643
0.9100000262260437
0.9449999928474426
0.9292307496070862
0.9334615468978882
0.9292307496070862
0.9580768942832947
0.9146153926849365
0.9057692289352417
0.9726923108100891
0.8569231033325195
0.9526923298835754
0.8796153664588928
0.9626923203468323
0.9215384721755981
0.942307710647583
1.0165385007858276
0.880384624004364
1.0088461637496948
0.7799999713897705
0.8230769038200378
0.9496153593063354
0.8073077201843262
0.9688461422920227
0.8565384745597839
0.8450000286102295
1.022692322731018
0.7292307615280151
0.8853846192359924
0.03807692229747772
0.8546153903007507
0.9626923203468323
0.8915384411811829
1.0800000429153442
0.9030769467353821
0.989230751991272
1.032307744026184
1.1507692337036133
0.8726922869682312
0.9842307567596436
0.9173076748847961
0.8853846192359924
0.8838461637496948
0.8265384435653687
0.8999999761581421
1.0496153831481934
1.0403846502304077
1.044615387916565
0.9473077058792114
1.0653846263885498
1.1003845930099487
1.0365384817123413
0.8034615516662598
1.0503846406936646
0.8861538171768188
0.5734615325927734
0.9750000238418579
0.8069230914115906
0.8819230794906616
1.0196154117584229
0.698846161365509
0.8726922869682312
1.008461594581604
0.8646153807640076
0.954230785369873
0.885769248008728
0.9049999713897705
1.033846139907837
0.9096153974533081
0.7699999809265137
1.0026923418045044
0.8650000095367432
0.8123077154159546
0.8503845930099487
0.9111538529396057
0.8811538219451904
0.8957692384719849
0.8234615325927734
0.944615364074707
0.7884615659713745
1.1076923608779907
0.9407692551612854
0.8457692265510559
0.9680769443511963
0.7976922988891602
0.8834615349769592
0.9196153879165649
0.9288461804389954
0.8838461637496948
0.9930769205093384
0.9546154141426086
0.8976923227310181
0.9211538434028625
0.9930769205093384
0.8669230937957764
1.053076982498169
1.178076982498169
1.0265384912490845
1.1761538982391357
0.9611538648605347
1.0
0.9403846263885498
0.6653845906257629
0.9223076701164246
0.9007692337036133
1.1288461685180664
0.9234615564346313
0.8384615182876587
0.9511538743972778
0.9823076725006104
1.0069230794906616
0.8715384602546692
0.8069230914115906
1.1230769157409668
1.1919230222702026
1.1746153831481934
1.1419230699539185
1.0800000429153442
1.1111538410186768
1.3661538362503052
1.3107692003250122
1.1669230461120605
1.2338461875915527
1.1526923179626465
1.1919230222702026
1.2011538743972778
1.0850000381469727
1.10115385055542
1.3569231033325195
1.2696154117584229
1.2215384244918823
0.9588461518287659
1.182692289352417
0.7876923084259033
0.9907692074775696
1.0053845643997192
1.2292307615280151
1.2280769348144531
1.0199999809265137
1.4107692241668701
1.2976922988891602
0.9649999737739563
1.4311538934707642
1.0846153497695923
1.2311538457870483
1.2938461303710938
1.196923017501831
1.157307744026184
0.8269230723381042
1.2796154022216797
0.8561538457870483
1.1915384531021118
1.2557692527770996
1.2580769062042236
1.0569230318069458
1.2234615087509155
0.9338461756706238
0.8657692074775696
0.993461549282074
1.2146153450012207
1.0811538696289062
1.3723076581954956
1.406538486480713
1.236923098564148
1.3257691860198975
1.3730769157409668
0.9769230484962463
1.2696154117584229
1.2007691860198975
0.9819231033325195
1.1080769300460815
1.2430769205093384
1.0734615325927734
1.0669230222702026
1.316153883934021
0.9480769038200378
1.183846116065979
1.1403846740722656
1.1907691955566406
1.149999976158142
1.196923017501831
1.318461537361145
1.38692307472229
1.272692322731018
1.2930768728256226
1.433846116065979
0.9911538362503052
1.5192307233810425
1.3673076629638672
0.9965384602546692
1.0984615087509155
1.1307692527770996
1.0099999904632568
1.2665385007858276
1.1361538171768188
1.2757692337036133
0.9388461709022522
1.128461480140686
1.102307677268982
1.059999942779541
1.1607692241668701
1.3138461112976074
1.11307692527771
1.3561538457870483
1.4392307996749878
1.121538519859314
1.2530769109725952
0.9607692360877991
1.0880769491195679
1.263076901435852
0.9442307949066162
1.1907691955566406
1.3600000143051147
1.196923017501831
0.0
1.319615364074707
1.191153883934021
1.133461594581604
1.2953846454620361
1.1749999523162842
1.2899999618530273
1.0303846597671509
0.8926923274993896
0.9150000214576721
1.1050000190734863
1.1026923656463623
1.2200000286102295
1.389230728149414
1.151153802871704
0.9780769348144531
1.158461570739746
1.2196153402328491
0.0003846153849735856
1.441153883934021
1.2157691717147827
1.316153883934021
1.4603846073150635
0.688076913356781
0.45653846859931946
1.343461513519287
1.169615387916565
0.8019230961799622
0.45192307233810425
1.0592308044433594
1.0042307376861572
1.022692322731018
1.1561537981033325
1.3023077249526978
1.2765384912490845
1.3223077058792114
0.7503846287727356
1.3465384244918823
0.6349999904632568
0.8865384459495544
0.9411538243293762
1.3580769300460815
1.1876922845840454
1.0515384674072266
0.8069230914115906
1.026153802871704
1.1326923370361328
0.9800000190734863
1.0173076391220093
1.3111538887023926
0.8715384602546692
1.2038460969924927
1.1203845739364624
1.1788461208343506
1.125
1.0676922798156738
1.0861538648605347
1.2780768871307373
0.7426922917366028
1.1323076486587524
1.1907691955566406
0.8442307710647583
1.1157692670822144
0.9611538648605347
0.32307693362236023
0.8480769395828247
0.930384635925293
1.0723077058792114
1.014230728149414
0.9565384387969971
1.2892308235168457
1.2576923370361328
0.936923086643219
0.983846127986908
1.1496154069900513
0.6480769515037537
1.0642307996749878
0.06461538374423981
0.7180769443511963
0.6619230508804321
1.2873077392578125
1.2949999570846558
0.3073076903820038
0.7419230937957764
0.6003845930099487
1.1649999618530273
1.4246153831481934
0.8015384674072266
0.7715384364128113
0.7061538696289062
1.3119230270385742
1.0626922845840454
1.3169230222702026
1.5669230222702026
1.1073076725006104
1.104615330696106
0.8315384387969971
1.361923098564148
1.7657692432403564
0.7634615302085876
1.0484615564346313
1.6184614896774292
1.4846153259277344
1.1423076391220093
1.4361538887023926
1.3919230699539185
1.2011538743972778
0.9396153688430786
1.2938461303710938
1.4346153736114502
1.2092307806015015
1.1984615325927734
1.1084614992141724
0.6138461828231812
1.2080769538879395
1.2323076725006104
0.8088461756706238
0.9980769157409668
1.455384612083435
0.927307665348053
1.0042307376861572
0.7965384721755981
1.3284615278244019
1.2188462018966675
1.1715384721755981
0.9007692337036133
0.9161538481712341
0.9153845906257629
0.9088461399078369
1.2657692432403564
1.2011538743972778
0.8134615421295166
1.1076923608779907
1.1353845596313477
0.5853846073150635
1.0492308139801025
0.9784615635871887
0.6215384602546692
0.8569231033325195
0.8115384578704834
1.207692265510559
1.1965384483337402
1.5907691717147827
1.4049999713897705
1.1526923179626465
1.5492308139801025
1.4742307662963867
1.6134614944458008
1.4830769300460815
1.3180769681930542
1.0753846168518066
1.592307686805725
1.4826923608779907
1.567307710647583
1.477307677268982
0.8849999904632568
0.7938461303710938
0.6203846335411072
0.8580769300460815
0.7900000214576721
0.8111538290977478
0.8069230914115906
0.9692307710647583
0.054615385830402374
0.7765384912490845
0.7057692408561707
0.7161538600921631
0.7796154022216797
0.8538461327552795
0.6584615111351013
0.6419230699539185
0.8030769228935242
0.7146154046058655
0.8476923108100891
0.8015384674072266
0.8146153688430786
0.7996153831481934
0.8473076820373535
0.8515384793281555
0.10730769485235214
0.11538461595773697
0.45269230008125305
0.7746154069900513
0.6311538219451904
0.7092307806015015
0.857692301273346
0.6492307782173157
0.7776923179626465
0.861923098564148
0.8657692074775696
0.8476923108100891
0.5480769276618958
0.4630769193172455
0.8276923298835754
0.7984615564346313
0.7296153903007507
0.756538450717926
0.497307687997818
0.6046153903007507
0.5480769276618958
0.8223077058792114
0.7834615111351013
0.8211538195610046
0.8230769038200378
0.6084615588188171
0.7719230651855469
0.7642307877540588
0.7623077034950256
0.032307691872119904
0.028846153989434242
0.7223076820373535
0.7184615135192871
0.563076913356781
0.5746153593063354
0.7892307639122009
0.32807692885398865
0.7419230937957764
0.8492307662963867
0.8442307710647583
0.8115384578704834
0.806538462638855
0.5796154141426086
0.6911538243293762
0.7888461351394653
0.8596153855323792
0.7346153855323792
0.8688461780548096
0.6323077082633972
0.6623076796531677
0.8007692098617554
0.7219230532646179
0.7184615135192871
0.8480769395828247
0.6746153831481934
0.7503846287727356
0.8165384531021118
0.7211538553237915
0.699999988079071
0.6246153712272644
0.7215384840965271
0.7861538529396057
0.6653845906257629
0.435384601354599
0.7234615087509155
0.7811538577079773
0.6576923131942749
0.8296154141426086
0.6600000262260437
0.5415384769439697
0.6965384483337402
0.73807692527771
0.6542307734489441
0.7034615278244019
0.39346152544021606
0.5876923203468323
0.6515384912490845
0.6346153616905212
0.795769214630127
0.7246153950691223
0.04500000178813934
0.5180768966674805
0.7900000214576721
0.7623077034950256
0.6753846406936646
0.5415384769439697
0.7157692313194275
0.6700000166893005
0.7284615635871887
0.7534615397453308
0.8219230771064758
0.7811538577079773
0.9161538481712341
0.7453846335411072
0.8123077154159546
0.7780769467353821
0.881538450717926
0.8234615325927734
0.818461537361145
0.6026923060417175
0.7523077130317688
0.8280768990516663
0.8523076772689819
0.7603846192359924
1.1507692337036133
1.4334615468978882
1.1515384912490845
1.3796154260635376
0.0
1.1942307949066162
0.0
1.3703845739364624
1.475000023841858
1.1307692527770996
1.3746154308319092
1.1292307376861572
1.1538461446762085
1.4211539030075073
1.348846197128296
1.2330769300460815
1.4776923656463623
1.5773077011108398
1.252307653427124
1.2276923656463623
1.032692313194275
1.371538519859314
1.5461539030075073
1.3257691860198975
1.2657692432403564
1.6257692575454712
1.090384602546692
0.0
1.2561538219451904
1.534615397453308
1.3215384483337402
1.3223077058792114
1.27384614944458
1.3057692050933838
1.508461594581604
1.1096153259277344
1.114230751991272
1.0734615325927734
1.3180769681930542
1.3015384674072266
1.3330769538879395
1.1430768966674805
1.2096153497695923
1.1473076343536377
1.0992307662963867
1.2103846073150635
1.0057692527770996
1.240384578704834
1.0969231128692627
1.021538496017456
1.4119230508804321
1.2792307138442993
1.1103845834732056
1.048076868057251
1.0861538648605347
1.0665384531021118
1.0761538743972778
1.3926923274993896
1.2857692241668701
1.082692265510559
0.7819230556488037
1.0092307329177856
1.2326923608779907
1.0088461637496948
1.0415384769439697
1.0596153736114502
1.3011538982391357
1.1665384769439697
1.263076901435852
0.9611538648605347
1.3346153497695923
1.5453846454620361
1.3003846406936646
1.0657691955566406
1.0053845643997192
1.4803845882415771
1.1526923179626465
1.600769281387329
1.2246153354644775
1.4138461351394653
0.9653846025466919
1.056538462638855
0.9680769443511963
1.3419231176376343
1.056538462638855
1.1188461780548096
1.2519230842590332
1.1484615802764893
1.2180769443511963
1.0711538791656494
1.1065384149551392
1.5269230604171753
1.284999966621399
1.3057692050933838
1.0453846454620361
1.2565385103225708
1.2723076343536377
1.1903846263885498
1.0980769395828247
1.2103846073150635
1.3807692527770996
1.135769248008728
1.4942307472229004
1.1419230699539185
1.2907692193984985
1.0711538791656494
1.294615387916565
1.3557692766189575
1.081538438796997
1.026153802871704
1.102307677268982
1.3176922798156738
1.203076958656311
1.1942307949066162
1.4573076963424683
1.4246153831481934
1.3853845596313477
1.1449999809265137
1.2765384912490845
1.520384669303894
1.388076901435852
1.3788461685180664
1.3365384340286255
1.167307734489441
1.2857692241668701
1.2757692337036133
1.4161537885665894
1.6349999904632568
1.3384615182876587
1.5607692003250122
1.407307744026184
1.4488461017608643
1.4019230604171753
1.321923017501831
1.171923041343689
1.5176923274993896
1.3265384435653687
1.4723076820373535
1.2965384721755981
1.2746154069900513
1.3223077058792114
1.3211538791656494
1.3984615802764893
1.4888461828231812
1.3796154260635376
1.3807692527770996
1.104615330696106
1.2373076677322388
1.5757691860198975
1.2103846073150635
1.2734615802764893
1.1111538410186768
1.298076868057251
1.3769230842590332
1.3646154403686523
1.1223076581954956
1.4007692337036133
1.341538429260254
1.169615387916565
1.2050000429153442
1.182692289352417
1.2115384340286255
1.1980769634246826
1.2319231033325195
1.3046153783798218
1.0399999618530273
1.193461537361145
1.127307653427124
1.1057692766189575
1.0280768871307373
1.1665384769439697
1.1642308235168457
1.14884614944458
1.0688461065292358
1.27384614944458
1.0357692241668701
0.7642307877540588
0.04615384712815285
1.1307692527770996
1.195769190788269
1.3119230270385742
1.1253845691680908
1.2503845691680908
1.1457692384719849
1.1388461589813232
1.4884614944458008
1.2730768918991089
1.0280768871307373
1.1219230890274048
1.1338461637496948
0.9607692360877991
0.9576923251152039
1.2553845643997192
1.191153883934021
1.1699999570846558
1.246538519859314
1.3996154069900513
1.2103846073150635
1.2269231081008911
1.2661538124084473
1.0884615182876587
1.284615397453308
1.111923098564148
1.195769190788269
1.1749999523162842
1.2857692241668701
1.384615421295166
1.2653846740722656
1.4153846502304077
0.9692307710647583
1.2057691812515259
0.9742307662963867
1.0534615516662598
1.0896153450012207
1.0184615850448608
0.939230740070343
1.1857692003250122
1.0
1.1146154403686523
1.158461570739746
0.9615384340286255
1.0307692289352417
1.159999966621399
1.1200000047683716
1.0692307949066162
1.0169230699539185
1.0715384483337402
1.103461503982544
1.110769271850586
1.0942307710647583
1.3369231224060059
1.067307710647583
0.795769214630127
1.1649999618530273
1.147692322731018
1.1526923179626465
1.0042307376861572
1.1365385055541992
1.239230751991272
1.1207692623138428
1.2680768966674805
1.2461538314819336
1.292307734489441
1.0776922702789307
1.4438461065292358
1.330384612083435
1.3576923608779907
1.4346153736114502
1.532307744026184
1.2388461828231812
1.1676923036575317
1.2623076438903809
1.5180768966674805
1.2492307424545288
1.4815384149551392
1.5819231271743774
1.421923041343689
1.321923017501831
1.4800000190734863
1.4507691860198975
1.5680769681930542
1.4188461303710938
1.5019230842590332
1.4811538457870483
1.5357692241668701
1.7126922607421875
1.5865384340286255
1.5723077058792114
1.4488461017608643
1.5042307376861572
1.5015385150909424
1.5223076343536377
1.3923076391220093
1.4550000429153442
1.3153846263885498
1.6069231033325195
1.3807692527770996
1.5373077392578125
1.4834614992141724
1.2688461542129517
1.6811538934707642
1.4123077392578125
1.5619230270385742
1.614230751991272
1.590384602546692
1.5846153497695923
1.5788460969924927
1.6653846502304077
1.524999976158142
1.4680769443511963
1.5615384578704834
0.6111538410186768
1.692307710647583
1.645384669303894
1.6196154356002808
1.5519230365753174
1.7073076963424683
1.7342307567596436
1.8849999904632568
1.6276923418045044
2.13692307472229
1.4273077249526978
2.028461456298828
1.7376923561096191
1.715384602546692
1.7888461351394653
1.5515384674072266
1.8796154260635376
2.0461537837982178
1.727307677268982
1.784615397453308
1.9080768823623657
2.0
1.752307653427124
1.809999942779541
1.7526923418045044
1.611923098564148
1.804230809211731
1.11307692527771
1.759615421295166
2.846153736114502
2.1692306995391846
2.098461627960205
2.0680768489837646
1.899230718612671
2.3038461208343506
2.0661537647247314
2.1311538219451904
2.0157692432403564
1.7865384817123413
2.5230770111083984
1.9130768775939941
2.2176923751831055
1.9603846073150635
2.0642306804656982
1.7246153354644775
2.338846206665039
1.848846197128296
2.060384511947632
2.0930769443511963
1.9342308044433594
1.8484615087509155
2.0307693481445312
1.9253846406936646
1.9692307710647583
2.0057692527770996
2.2419230937957764
1.8023077249526978
1.8034615516662598
1.807692289352417
1.8169230222702026
1.9488461017608643
2.3288462162017822
2.134615421295166
1.7707692384719849
1.8592307567596436
1.8742307424545288
1.7680768966674805
2.075000047683716
2.0111539363861084
1.5788460969924927
1.9515384435653687
1.47615385055542
1.852307677268982
1.6873077154159546
1.5896153450012207
1.6592308282852173
1.5223076343536377
1.6896153688430786
1.5492308139801025
1.649230718612671
1.7307692766189575
1.5773077011108398
1.6796153783798218
2.0007691383361816
1.604615330696106
1.7865384817123413
1.7353845834732056
1.581538438796997
1.8526923656463623
1.4996154308319092
1.9919230937957764
1.7611538171768188
1.718461513519287
3.2011537551879883
3.3611538410186768
3.3611538410186768
3.434999942779541
3.276923179626465
3.2657692432403564
2.9646153450012207
3.6557693481445312
2.9753847122192383
3.130000114440918
3.3707692623138428
3.069615364074707
3.0799999237060547
3.216153860092163
3.166153907775879
1.9503846168518066
3.7661538124084473
3.1719231605529785
3.4188461303710938
3.2173078060150146
3.1573076248168945
3.2734615802764893
3.180000066757202
3.165769338607788
3.240769147872925
3.540384531021118
3.0857691764831543
3.4284615516662598
3.4415385723114014
3.269615411758423
3.500384569168091
3.168461561203003
3.444999933242798
3.036153793334961
3.143846035003662
3.4488461017608643
3.3276922702789307
3.38692307472229
3.2996153831481934
3.4434616565704346
3.5730769634246826
3.303076982498169
3.3476922512054443
3.158846139907837
3.0926923751831055
2.956538438796997
3.376923084259033
3.420769214630127
3.529230833053589
3.3669230937957764
2.9769229888916016
3.2842307090759277
3.348846197128296
3.2842307090759277
3.084615468978882
3.288076877593994
3.3884615898132324
3.2826921939849854
3.545769214630127
3.1857693195343018
3.2196154594421387
3.009999990463257
3.348076820373535
3.3357691764831543
2.5634615421295166
3.7661538124084473
3.3138461112976074
3.515000104904175
3.4000000953674316
3.281153917312622
3.526153802871704
3.2684614658355713
3.418461561203003
3.3011538982391357
2.4176924228668213
3.0399999618530273
3.651538372039795
3.319999933242798
3.281538486480713
3.0661537647247314
1.7011538743972778
2.687307596206665
2.8976922035217285
2.6015384197235107
2.5250000953674316
3.3303847312927246
2.7511539459228516
2.874615430831909
3.281538486480713
2.8276922702789307
3.026538372039795
3.492307662963867
3.1988461017608643
3.2080769538879395
2.9484615325927734
3.271923065185547
2.9223077297210693
3.083846092224121
3.0899999141693115
3.569999933242798
3.3661539554595947
3.0446152687072754
3.04769229888916
3.218461513519287
3.420769214630127
2.75
3.234999895095825
3.7873077392578125
3.0376923084259033
2.850769281387329
3.2730770111083984
3.7753846645355225
0.925000011920929
3.36307692527771
3.5973076820373535
3.593461513519287
3.197307586669922
3.5399999618530273
3.7965383529663086
2.9296154975891113
3.3830769062042236
3.6096153259277344
3.5299999713897705
3.682692289352417
2.619615316390991
3.7873077392578125
3.5734615325927734
2.2269229888916016
1.6896153688430786
3.492307662963867
3.345769166946411
1.8676923513412476
3.433076858520508
3.6142308712005615
3.369615316390991
3.151153802871704
3.561923027038574
3.392307758331299
3.0326921939849854
3.2892308235168457
3.4096152782440186
3.3426923751831055
1.7746154069900513
3.593461513519287
2.541153907775879
3.456923007965088
2.759999990463257
3.4961538314819336
2.9992308616638184
3.197307586669922
3.3084614276885986
3.3811538219451904
2.752307653427124
3.4296154975891113
3.007307767868042
3.293461561203003
3.322307586669922
3.548461437225342
3.377692222595215
3.211153745651245
3.3034615516662598
3.3688461780548096
3.3446154594421387
3.375384569168091
3.2365384101867676
3.2288460731506348
3.5350000858306885
3.3573076725006104
3.3084614276885986
3.526538372039795
3.2265384197235107
3.2746152877807617
3.3403847217559814
2.9100000858306885
2.9773077964782715
3.507307767868042
3.365000009536743
3.609999895095825
3.208846092224121
2.98807692527771
3.3157691955566406
3.4653847217559814
3.4188461303710938
3.482692241668701
3.6842308044433594
3.086923122406006
3.119615316390991
3.4096152782440186
3.1280770301818848
3.380000114440918
3.0419230461120605
3.526538372039795
3.2946152687072754
3.502307653427124
3.4584615230560303
3.613461494445801
3.375
3.615769147872925
3.439615488052368
3.8107693195343018
3.7746152877807617
3.134615421295166
2.887307643890381
3.3996152877807617
3.2026922702789307
3.4007692337036133
2.992307662963867
3.7557692527770996
3.574615478515625
3.668461561203003
3.387307643890381
3.696923017501831
3.4646153450012207
3.240769147872925
3.471153736114502
3.346538543701172
3.3588461875915527
3.642307758331299
3.685384511947632
3.3326923847198486
3.6019229888916016
3.326923131942749
3.4173076152801514
3.317692279815674
3.4723076820373535
3.2530770301818848
3.5180768966674805
3.267307758331299
3.206538438796997
3.2676923274993896
3.458846092224121
3.3061537742614746
3.4146153926849365
3.299999952316284
3.481153964996338
3.509615421295166
3.6357691287994385
3.6788461208343506
3.126923084259033
3.4338462352752686
3.5442306995391846
3.3596153259277344
3.5715384483337402
3.3980770111083984
3.6784615516662598
3.494615316390991
3.5973076820373535
3.569230794906616
3.189615488052368
3.420769214630127
3.333846092224121
3.4457693099975586
3.03576922416687
3.3569231033325195
3.6184616088867188
3.276923179626465
2.0246152877807617
1.7169231176376343
1.6534615755081177
2.026153802871704
1.6734615564346313
1.6996153593063354
1.6526923179626465
2.0823075771331787
1.8792307376861572
1.6519230604171753
1.7000000476837158
1.6749999523162842
1.521538496017456
1.5580769777297974
2.211923122406006
1.6761538982391357
1.966538429260254
1.819615364074707
1.8600000143051147
1.647692322731018
1.9361538887023926
1.9380769729614258
1.9334615468978882
1.7300000190734863
1.611923098564148
1.7230769395828247
1.6084614992141724
1.3503845930099487
2.0684616565704346
1.5357692241668701
1.7796154022216797
1.639230728149414
1.6134614944458008
1.407307744026184
1.5680769681930542
1.6592308282852173
1.5819231271743774
1.5626922845840454
1.4484615325927734
1.5438461303710938
1.6603846549987793
1.5834615230560303
1.4153846502304077
1.5546153783798218
1.4049999713897705
1.3923076391220093
1.3692307472229004
1.4273077249526978
1.5876922607421875
1.4057692289352417
1.2719230651855469
1.4730769395828247
1.350769281387329
1.4934614896774292
1.4726922512054443
1.4346153736114502
1.7315384149551392
1.4515384435653687
1.661153793334961
1.4573076963424683
1.4134615659713745
1.455384612083435
1.456538438796997
1.3911538124084473
1.723846197128296
1.4626922607421875
1.5069230794906616
1.5965384244918823
1.5642307996749878
1.581538438796997
1.6657692193984985
1.6103845834732056
1.558846116065979
1.5092307329177856
1.5053845643997192
1.5646153688430786
1.509615421295166
1.4734615087509155
1.5580769777297974
1.7015384435653687
1.496538519859314
1.6988461017608643
1.4884614944458008
1.4607691764831543
1.668461561203003
1.498846173286438
1.4573076963424683
1.4246153831481934
1.491538405418396
1.5538461208343506
1.5549999475479126
1.4500000476837158
1.4353846311569214
1.5776922702789307
1.556538462638855
1.6692308187484741
1.5896153450012207
1.545769214630127
1.9900000095367432
1.5076923370361328
1.6703846454620361
1.6084614992141724
1.5046154260635376
1.9403846263885498
1.6726922988891602
1.853461503982544
1.796923041343689
1.5165385007858276
1.7192307710647583
1.6984615325927734
1.9019230604171753
1.794615387916565
1.9269230365753174
2.0784616470336914
1.8861538171768188
1.6442307233810425
1.794615387916565
1.784999966621399
1.5523077249526978
2.0126922130584717
1.9830769300460815
1.8215384483337402
1.651153802871704
1.7973077297210693
1.8242307901382446
1.6892307996749878
1.6988461017608643
1.963846206665039
1.9273077249526978
1.6857692003250122
1.2553845643997192
1.8815385103225708
1.5438461303710938
1.5842307806015015
1.6515384912490845
1.8257691860198975
1.6711539030075073
1.4630769491195679
1.467307686805725
1.5946153402328491
1.7384614944458008
1.7096153497695923
1.8307691812515259
1.5357692241668701
1.6876922845840454
1.5430768728256226
1.7811537981033325
1.598846197128296
1.9707692861557007
1.8026922941207886
1.7096153497695923
1.5492308139801025
1.6761538982391357
1.6623077392578125
1.7557692527770996
1.6446154117584229
1.5973076820373535
1.553076982498169
0.9665384888648987
1.7061538696289062
1.6299999952316284
1.5176923274993896
1.593461513519287
1.4211539030075073
1.554230809211731
1.4996154308319092
1.5057692527770996
1.3080769777297974
1.307692289352417
1.489230751991272
1.3569231033325195
1.5065385103225708
1.5157692432403564
1.5373077392578125
1.4223077297210693
1.4850000143051147
1.3830769062042236
1.3757692575454712
1.341538429260254
1.428076982498169
1.4426922798156738
1.468461513519287
1.4442307949066162
1.0519230365753174
1.2330769300460815
1.5184615850448608
1.6219230890274048
1.5892307758331299
1.3180769681930542
1.5099999904632568
1.4861538410186768
1.4119230508804321
1.3130769729614258
1.2646154165267944
1.4261538982391357
1.2242307662963867
1.3046153783798218
1.1607692241668701
1.3096153736114502
1.4276922941207886
1.3276922702789307
1.3530769348144531
0.4711538553237915
1.5634615421295166
1.4169230461120605
1.4823076725006104
1.4630769491195679
1.4180768728256226
1.156538486480713
1.1626923084259033
1.1257692575454712
1.0430768728256226
1.1526923179626465
0.9680769443511963
1.1396154165267944
1.1092307567596436
1.3765385150909424
1.216538429260254
1.225000023841858
1.406538486480713
1.079230785369873
1.183846116065979
1.2792307138442993
1.3984615802764893
0.8830769062042236
1.284999966621399
1.3569231033325195
1.4092308282852173
1.2569230794906616
1.2111538648605347
1.4188461303710938
1.2107691764831543
0.8476923108100891
0.5776923298835754
1.251153826713562
1.1523077487945557
1.331538438796997
0.8915384411811829
1.502307653427124
1.3938461542129517
0.039230767637491226
0.05884615331888199
1.5496153831481934
1.1738461256027222
1.8026922941207886
1.681538462638855
1.514230728149414
1.7096153497695923
1.8250000476837158
1.6188461780548096
1.5557692050933838
1.5019230842590332
0.02153846062719822
1.6430768966674805
1.6076923608779907
0.7596153616905212
1.7496154308319092
1.8757692575454712
1.6480768918991089
1.7361538410186768
1.873846173286438
1.7915384769439697
1.4269230365753174
1.8615384101867676
1.8007692098617554
1.8938461542129517
1.871538519859314
1.76192307472229
1.680384635925293
1.808846116065979
1.5965384244918823
1.6823077201843262
1.9403846263885498
1.7930768728256226
1.7346153259277344
1.7819230556488037
1.6976922750473022
1.5919231176376343
1.9211539030075073
1.7792307138442993
1.6711539030075073
1.7200000286102295
1.5753846168518066
1.866538405418396
1.776153802871704
1.7011538743972778
1.848846197128296
1.1203845739364624
1.5700000524520874
1.9319230318069458
1.7842308282852173
1.7984615564346313
1.5861538648605347
1.736923098564148
2.1357691287994385
1.772692322731018
1.7396154403686523
1.8034615516662598
1.703076958656311
1.7988461256027222
1.716538429260254
1.8703845739364624
1.8588461875915527
1.8865385055541992
1.7888461351394653
1.661153793334961
1.7911537885665894
1.889230728149414
1.933846116065979
1.783461570739746
1.7084615230560303
1.747692346572876
1.854615330696106
1.9261538982391357
2.432307720184326
1.8203846216201782
1.9061537981033325
1.9561538696289062
1.8584614992141724
1.7888461351394653
1.8111538887023926
1.9149999618530273
1.8273077011108398
1.6196154356002808
1.9061537981033325
1.8138461112976074
1.7300000190734863
1.965000033378601
1.796923041343689
1.7680768966674805
1.7100000381469727
1.7376923561096191
1.7634615898132324
1.8926923274993896
1.658461570739746
1.7819230556488037
1.7453845739364624
1.6150000095367432
1.522692322731018
1.4049999713897705
1.888076901435852
1.7407692670822144
1.5711538791656494
1.3700000047683716
1.7438461780548096
1.7146153450012207
1.4815384149551392
1.7088462114334106
1.340384602546692
1.0834615230560303
1.4888461828231812
1.659999966621399
1.5438461303710938
1.7338461875915527
1.5580769777297974
1.6892307996749878
1.2438461780548096
1.3696154356002808
1.8253846168518066
1.4392307996749878
1.5584615468978882
1.651153802871704
1.569615364074707
1.603461503982544
1.1846153736114502
1.6738461256027222
0.9603846073150635
1.75
1.4584615230560303
1.5734615325927734
1.763076901435852
1.7576923370361328
1.941153883934021
1.7623076438903809
1.911153793334961
1.7503845691680908
1.556538462638855
1.8730769157409668
1.751153826713562
1.8023077249526978
1.723846197128296
1.783461570739746
1.7434614896774292
1.7046153545379639
1.9996154308319092
1.9265384674072266
1.5199999809265137
1.9357692003250122
1.9388461112976074
1.9461538791656494
1.9934614896774292
2.1449999809265137
1.7561538219451904
1.8369231224060059
1.9392307996749878
1.9615384340286255
1.7949999570846558
1.1184614896774292
2.0057692527770996
1.8700000047683716
1.990384578704834
1.3919230699539185
1.9692307710647583
1.8669230937957764
2.033846139907837
1.9788461923599243
2.211923122406006
2.0907692909240723
1.9069230556488037
1.9896154403686523
1.848846197128296
1.8580769300460815
1.8584614992141724
1.215384602546692
1.7707692384719849
1.8357691764831543
1.9373077154159546
1.4815384149551392
2.1553845405578613
1.9450000524520874
1.7411538362503052
1.75
1.9334615468978882
1.864230751991272
1.6865384578704834
1.7803846597671509
1.9034615755081177
1.7646154165267944
0.03346153721213341
1.7130769491195679
1.920769214630127
1.7519230842590332
1.7576923370361328
1.7784615755081177
1.6388461589813232
2.043076992034912
1.7776923179626465
1.7438461780548096
1.717692255973816
1.6703846454620361
1.60115385055542
1.8638461828231812
1.866538405418396
2.0665385723114014
1.467692255973816
1.9769231081008911
1.9284615516662598
0.755384624004364
2.0126922130584717
2.233461618423462
2.175384521484375
2.2061538696289062
1.9896154403686523
2.4053845405578613
2.2003846168518066
2.451923131942749
2.4223077297210693
2.552692413330078
2.2419230937957764
2.408846139907837
2.2057693004608154
2.622307777404785
2.334230661392212
2.5919229984283447
2.140000104904175
1.5853846073150635
1.6580768823623657
1.6603846549987793
2.002307653427124
2.3569231033325195
1.581538438796997
1.6073076725006104
2.3357691764831543
1.7334614992141724
2.1884615421295166
2.088846206665039
1.8769230842590332
1.5507692098617554
1.8073077201843262
2.1626923084259033
1.9811538457870483
1.8250000476837158
1.9546153545379639
2.13692307472229
1.7561538219451904
1.5049999952316284
2.451923131942749
1.8634614944458008
1.6996153593063354
1.895384669303894
2.1019229888916016
2.2603845596313477
1.5515384674072266
2.1376922130584717
1.871538519859314
2.2723076343536377
1.9080768823623657
1.9211539030075073
2.7988462448120117
1.9669231176376343
2.341153860092163
2.0996153354644775
2.2684614658355713
1.842692255973816
2.2365384101867676
2.603076934814453
2.4211537837982178
2.252307653427124
1.921923041343689
2.2961537837982178
2.1307692527770996
2.091153860092163
1.241538405418396
0.9069230556488037
1.2653846740722656
1.1292307376861572
1.4307692050933838
1.0534615516662598
1.3380769491195679
0.7726923227310181
1.4069230556488037
1.5680769681930542
1.2984615564346313
0.17730769515037537
1.4726922512054443
1.2884615659713745
1.0969231128692627
1.2000000476837158
1.1919230222702026
0.7773076891899109
1.1473076343536377
1.4703845977783203
1.2757692337036133
0.9026923179626465
1.342307686805725
1.3457692861557007
1.284999966621399
0.4719230830669403
1.457692265510559
1.2896153926849365
1.4107692241668701
1.4188461303710938
1.4680769443511963
1.3496153354644775
1.296923041343689
0.9719230532646179
0.9823076725006104
1.5273077487945557
0.7223076820373535
1.4907692670822144
1.3746154308319092
1.5396153926849365
1.348846197128296
1.057692289352417
1.4369230270385742
1.5942307710647583
1.6634615659713745
1.479615330696106
1.8446153402328491
0.04769230633974075
1.4803845882415771
1.4046154022216797
1.3350000381469727
1.4619231224060059
1.6150000095367432
1.1557692289352417
1.764230728149414
1.6457692384719849
1.5961538553237915
1.5419230461120605
1.510769248008728
1.466153860092163
1.3542307615280151
0.8357692360877991
1.2069231271743774
1.2711538076400757
1.623846173286438
1.807692289352417
1.5015385150909424
1.696923017501831
1.4746153354644775
1.7561538219451904
1.5838462114334106
0.9592307806015015
1.6096153259277344
1.4049999713897705
1.659615397453308
1.401153802871704
1.6138461828231812
1.6726922988891602
1.5688461065292358
1.7373076677322388
1.651153802871704
1.5411537885665894
1.5638461112976074
1.4688462018966675
1.4611538648605347
1.6169230937957764
1.3561538457870483
1.4153846502304077
1.5265384912490845
1.4453846216201782
1.3961538076400757
1.5750000476837158
1.441153883934021
1.3484615087509155
1.2873077392578125
1.4603846073150635
1.4223077297210693
1.421923041343689
1.4019230604171753
1.3742307424545288
1.373846173286438
1.478461503982544
1.4838461875915527
1.236923098564148
1.1811538934707642
1.4626922607421875
1.3476922512054443
1.532692313194275
1.2638461589813232
1.3046153783798218
1.3153846263885498
1.5073076486587524
1.5307692289352417
1.385769248008728
1.558846116065979
1.455384612083435
1.4376922845840454
1.2653846740722656
1.4507691860198975
1.3126922845840454
1.4596153497695923
1.4550000429153442
1.4107692241668701
1.571923017501831
1.260769248008728
1.4600000381469727
1.6242307424545288
1.3049999475479126
0.8430769443511963
0.642307698726654
0.6807692050933838
0.8392307758331299
0.7653846144676208
0.8469230532646179
0.8253846168518066
0.8600000143051147
0.7265384793281555
0.8723077178001404
0.8557692170143127
0.8084615468978882
0.745769202709198
0.6776922941207886
0.8215384483337402
0.8234615325927734
0.875
0.7130769491195679
0.7823076844215393
0.7515384554862976
0.7969231009483337
0.8284615278244019
0.7723076939582825
0.810769259929657
0.6557692289352417
0.7407692074775696
0.7134615182876587
0.7223076820373535
0.6873077154159546
0.7699999809265137
0.885769248008728
0.7211538553237915
0.7361538410186768
0.7215384840965271
0.8373076915740967
0.8003846406936646
0.6884615421295166
0.6984615325927734
0.8946154117584229
0.7415384650230408
0.7950000166893005
0.7834615111351013
0.76192307472229
0.7111538648605347
0.7450000047683716
0.7703846096992493
0.7084615230560303
0.7200000286102295
0.756538450717926
0.6488461494445801
0.8134615421295166
0.7365384697914124
0.9850000143051147
0.7107692360877991
0.7130769491195679
0.7773076891899109
0.7799999713897705
0.7384615540504456
0.7069230675697327
0.755384624004364
0.8096153736114502
0.7880769371986389
0.7192307710647583
0.9888461828231812
0.9176923036575317
0.7426922917366028
0.7715384364128113
0.8207692503929138
0.7288461327552795
0.7357692122459412
0.6850000023841858
0.8199999928474426
0.7219230532646179
0.7169230580329895
0.8734615445137024
0.7196153998374939
0.822692334651947
0.7996153831481934
0.6542307734489441
0.7734615206718445
0.756538450717926
0.8073077201843262
0.7815384864807129
0.9115384817123413
0.7346153855323792
0.8003846406936646
0.7161538600921631
0.7784615159034729
0.8192307949066162
0.7973076701164246
0.7961538434028625
0.9165384769439697
0.7676923274993896
0.7269230484962463
0.7696154117584229
0.7034615278244019
0.7288461327552795
0.8100000023841858
0.7276923060417175
0.7869230508804321
0.6092307567596436
0.7557692527770996
0.7950000166893005
0.8915384411811829
0.7107692360877991
0.744615375995636
0.7669230699539185
0.7638461589813232
1.059999942779541
0.7223076820373535
0.8957692384719849
0.6542307734489441
0.8461538553237915
0.8015384674072266
0.8730769157409668
0.7557692527770996
0.8603846430778503
0.7561538219451904
0.7634615302085876
0.8311538696289062
0.8584615588188171
0.681538462638855
0.743461549282074
0.7188461422920227
0.7953845858573914
0.8742307424545288
0.9200000166893005
0.9334615468978882
0.8038461804389954
0.9234615564346313
0.9146153926849365
0.8330768942832947
0.704230785369873
0.7146154046058655
0.819615364074707
0.45269230008125305
0.7926923036575317
0.8734615445137024
0.8715384602546692
0.7753846049308777
0.9134615659713745
0.8896153569221497
0.0
0.8769230842590332
0.7649999856948853
0.63692307472229
0.7088461518287659
0.623846173286438
0.7361538410186768
0.6349999904632568
0.6399999856948853
0.756538450717926
0.6246153712272644
0.7615384459495544
0.8007692098617554
0.6323077082633972
0.7692307829856873
0.7257692217826843
0.7996153831481934
0.5830768942832947
0.7969231009483337
0.7492307424545288
0.6842307448387146
0.8073077201843262
0.8157692551612854
0.744615375995636
0.8199999928474426
0.7211538553237915
0.7546153664588928
0.7549999952316284
0.25
0.6446154117584229
0.7723076939582825
0.8080769181251526
0.45076924562454224
0.9253846406936646
0.26384615898132324
0.7057692408561707
0.8996154069900513
0.02807692252099514
0.03500000014901161
0.7350000143051147
0.8796153664588928
0.03423076868057251
0.07115384936332703
0.8634615540504456
0.7761538624763489
0.7149999737739563
0.8019230961799622
0.7161538600921631
0.9042307734489441
0.03346153721213341
0.7792307734489441
0.688076913356781
0.6865384578704834
0.8626922965049744
0.8103846311569214
0.42576923966407776
0.8765384554862976
0.8915384411811829
0.7323076725006104
0.7599999904632568
0.6961538195610046
0.6173076629638672
0.8223077058792114
0.8976923227310181
0.7796154022216797
0.9076923131942749
0.8473076820373535
0.8100000023841858
0.8284615278244019
0.7011538743972778
0.7219230532646179
0.8565384745597839
0.8092307448387146
0.9242307543754578
0.7973076701164246
0.5315384864807129
0.42076924443244934
0.7076923251152039
0.8503845930099487
0.7073076963424683
0.6996153593063354
0.7699999809265137
0.7861538529396057
0.5126923322677612
0.6092307567596436
0.7423076629638672
0.0319230780005455
0.019999999552965164
0.14884614944458008
0.6700000166893005
0.022692307829856873
0.028846153989434242
0.014999999664723873
0.6653845906257629
0.019615383818745613
0.026153845712542534
0.011538461782038212
0.5569230914115906
0.011923076584935188
0.4430769085884094
0.8326923251152039
0.7603846192359924
0.8434615135192871
0.6850000023841858
0.7288461327552795
0.7350000143051147
0.9769230484962463
0.7053846120834351
0.7561538219451904
0.7265384793281555
0.7923076748847961
0.680384635925293
0.9726923108100891
0.8111538290977478
0.805384635925293
0.6338461637496948
0.5188461542129517
0.8830769062042236
0.743461549282074
0.7284615635871887
0.8765384554862976
0.8746153712272644
0.19423076510429382
0.8926923274993896
0.7707692384719849
0.9388461709022522
0.8700000047683716
0.5550000071525574
0.9430769085884094
0.15038461983203888
0.8303846120834351
0.7950000166893005
0.7242307662963867
0.7096154093742371
0.6807692050933838
0.7346153855323792
0.9623076915740967
0.823846161365509
0.8265384435653687
0.8507692217826843
0.6334615349769592
0.9453846216201782
0.6742307543754578
0.8273077011108398
0.7111538648605347
0.8500000238418579
0.8211538195610046
0.942307710647583
0.8434615135192871
0.619615375995636
0.8650000095367432
0.7211538553237915
0.8392307758331299
0.939230740070343
0.86307692527771
0.8765384554862976
0.7853845953941345
0.5788461565971375
1.031538486480713
0.8338461518287659
0.7180769443511963
0.9953846335411072
1.0957692861557007
0.9092307686805725
0.23423077166080475
0.9215384721755981
0.9399999976158142
1.0284615755081177
0.9407692551612854
1.055384635925293
1.0342308282852173
0.8596153855323792
0.8319230675697327
0.8796153664588928
1.0303846597671509
0.9134615659713745
0.8453845977783203
0.9350000023841858
1.067307710647583
0.936923086643219
1.0726922750473022
0.8207692503929138
0.9915384650230408
0.805384635925293
0.994615375995636
0.9842307567596436
0.8323076963424683
0.8311538696289062
0.9803845882415771
0.9173076748847961
0.8819230794906616
0.8784615397453308
0.9884615540504456
0.8926923274993896
0.857692301273346
1.0311537981033325
0.9130769371986389
0.7992307543754578
0.8169230818748474
0.8453845977783203
0.9680769443511963
0.9153845906257629
0.7592307925224304
0.885769248008728
0.9692307710647583
0.9103845953941345
0.5688461661338806
0.9646154046058655
0.5207692384719849
0.8915384411811829
0.7238461375236511
0.8661538362503052
0.8730769157409668
0.8507692217826843
0.26923078298568726
0.29653847217559814
0.9515384435653687
0.8046153783798218
0.446153849363327
0.7453846335411072
0.8361538648605347
0.9088461399078369
0.7730769515037537
0.748846173286438
0.6973077058792114
0.8519230484962463
0.88692307472229
0.817307710647583
0.8407692313194275
0.8407692313194275
0.7850000262260437
0.8334615230560303
0.7896153926849365
0.8546153903007507
0.8996154069900513
0.8430769443511963
0.5284615159034729
0.829230785369873
0.9176923036575317
0.7738461494445801
0.8488461375236511
0.8530769348144531
1.1976922750473022
1.1257692575454712
1.3357691764831543
1.1100000143051147
1.1769230365753174
1.409999966621399
1.2353845834732056
1.2576923370361328
1.139230728149414
1.2303845882415771
1.3961538076400757
1.306538462638855
1.1976922750473022
1.2657692432403564
1.3611538410186768
1.2330769300460815
1.2819230556488037
1.158461570739746
1.1938461065292358
1.0973076820373535
1.1834615468978882
1.1561537981033325
1.178076982498169
1.2203845977783203
1.088846206665039
1.1126923561096191
1.0861538648605347
1.2003846168518066
1.2230769395828247
1.1757692098617554
1.2196153402328491
1.1426923274993896
1.2457692623138428
1.216538429260254
1.2657692432403564
1.3296153545379639
1.2507692575454712
1.3119230270385742
1.2661538124084473
1.1623077392578125
1.2611538171768188
1.1642308235168457
1.317307710647583
1.5149999856948853
1.350769281387329
1.321923017501831
1.2676923274993896
1.377307653427124
1.490384578704834
1.4057692289352417
1.128461480140686
1.2896153926849365
1.228461503982544
1.2611538171768188
1.2807692289352417
1.692307710647583
1.3580769300460815
1.2961539030075073
1.3296153545379639
1.1738461256027222
1.6080769300460815
1.1892307996749878
1.475769281387329
1.3257691860198975
1.321923017501831
1.3223077058792114
1.115384578704834
1.2988461256027222
1.0365384817123413
1.3376922607421875
1.2765384912490845
1.3123077154159546
1.2123076915740967
1.1834615468978882
1.455384612083435
1.1988461017608643
1.207692265510559
1.2599999904632568
1.1534615755081177
1.2319231033325195
1.38692307472229
1.36307692527771
1.4623076915740967
1.3188461065292358
1.1703846454620361
1.2223076820373535
1.2307692766189575
1.1919230222702026
1.2461538314819336
1.2073076963424683
1.10115385055542
1.0488461256027222
1.0380768775939941
1.0165385007858276
1.1269230842590332
1.158846139907837
1.1853846311569214
1.1015384197235107
1.0842307806015015
1.1788461208343506
1.1526923179626465
1.115384578704834
1.127307653427124
1.0969231128692627
1.0061538219451904
1.0546153783798218
0.7411538362503052
1.1876922845840454
0.9034615159034729
1.058846116065979
1.01192307472229
1.139230728149414
0.9976922869682312
1.0207692384719849
1.0742307901382446
0.9396153688430786
1.0573077201843262
1.196923017501831
1.1869230270385742
1.1026923656463623
1.0419230461120605
1.2050000429153442
1.1530768871307373
1.0430768728256226
0.8807692527770996
1.0688461065292358
1.1292307376861572
1.0634615421295166
1.1449999809265137
1.4623076915740967
1.649999976158142
1.2888461351394653
1.0811538696289062
1.235769271850586
1.191153883934021
1.2896153926849365
1.122692346572876
1.0765384435653687
1.4257692098617554
1.4365384578704834
1.5307692289352417
1.3350000381469727
1.125
1.1807692050933838
1.3169230222702026
1.3115384578704834
1.1896153688430786
1.0992307662963867
1.3650000095367432
1.0961538553237915
1.4161537885665894
1.26192307472229
1.3307691812515259
1.2842308282852173
1.1349999904632568
1.217307686805725
1.2530769109725952
1.3826923370361328
1.2669230699539185
1.3153846263885498
1.2315384149551392
1.4473077058792114
1.3023077249526978
1.3803845643997192
1.2400000095367432
1.4234615564346313
1.4600000381469727
1.428076982498169
1.409999966621399
1.6865384578704834
1.5403846502304077
1.4407691955566406
1.5499999523162842
1.3861538171768188
1.4015384912490845
1.638076901435852
1.713846206665039
1.5569230318069458
1.6607692241668701
1.360769271850586
1.3038461208343506
1.72615385055542
1.5376923084259033
1.6242307424545288
1.3807692527770996
1.2326923608779907
1.4369230270385742
1.4873076677322388
1.315000057220459
1.520384669303894
1.2646154165267944
1.5703846216201782
1.6373076438903809
1.2411538362503052
1.3311538696289062
1.554230809211731
1.204230785369873
1.6742308139801025
1.2615385055541992
1.388076901435852
1.3915385007858276
1.2626923322677612
1.5388461351394653
1.3180769681930542
1.258461594581604
1.717307686805725
1.4107692241668701
1.7623076438903809
1.4215384721755981
1.2784615755081177
1.3811538219451904
1.1915384531021118
1.225000023841858
1.4249999523162842
1.2549999952316284
1.1480768918991089
1.2334614992141724
1.2276923656463623
1.2123076915740967
1.4523077011108398
1.3742307424545288
1.088846206665039
1.223846197128296
1.35115385055542
1.270384669303894
1.1761538982391357
1.1126923561096191
1.181538462638855
1.0730769634246826
1.058846116065979
1.4957692623138428
1.0703846216201782
1.0492308139801025
1.0546153783798218
1.0380768775939941
1.2084615230560303
1.0061538219451904
1.0307692289352417
1.0276923179626465
1.081538438796997
1.078076958656311
1.0976922512054443
1.3338462114334106
1.2430769205093384
1.2234615087509155
1.149230718612671
1.2561538219451904
1.2611538171768188
1.4153846502304077
1.1834615468978882
1.2180769443511963
1.1257692575454712
1.192307710647583
1.216538429260254
1.326923131942749
1.510769248008728
1.110769271850586
0.891153872013092
0.9346153736114502
0.9461538195610046
1.0219230651855469
1.0876922607421875
1.088846206665039
0.9350000023841858
0.9307692050933838
1.067307710647583
0.8473076820373535
1.020384669303894
1.0950000286102295
1.0499999523162842
1.0734615325927734
1.0138461589813232
1.0630769729614258
0.8688461780548096
1.093461513519287
0.9553846120834351
1.0496153831481934
1.0319230556488037
1.048076868057251
0.994615375995636
1.0700000524520874
1.2807692289352417
0.9569230675697327
1.1961538791656494
0.9811538457870483
1.1892307996749878
1.1715384721755981
1.0830769538879395
1.2061538696289062
1.2292307615280151
1.1084614992141724
1.024230718612671
1.195769190788269
1.1742308139801025
1.0188461542129517
1.098846197128296
1.2661538124084473
1.2361538410186768
1.2792307138442993
1.0573077201843262
1.23807692527771
1.0269230604171753
1.196923017501831
1.1607692241668701
1.2707692384719849
1.3684614896774292
1.2096153497695923
1.066153883934021
1.3273077011108398
1.0596153736114502
1.1496154069900513
1.2007691860198975
1.4169230461120605
1.1896153688430786
1.1184614896774292
1.4853845834732056
1.4946154356002808
1.321923017501831
1.1003845930099487
1.2965384721755981
0.88692307472229
0.9965384602546692
1.033461570739746
1.4273077249526978
1.0534615516662598
1.5626922845840454
1.114230751991272
1.326923131942749
1.1169230937957764
0.0
1.2361538410186768
1.090000033378601
1.2450000047683716
1.2626923322677612
1.4407691955566406
1.2311538457870483
1.1607692241668701
1.013076901435852
0.9415384531021118
0.8946154117584229
1.1742308139801025
1.003461480140686
0.9192307591438293
0.9746153950691223
1.5703846216201782
1.1449999809265137
0.9553846120834351
1.2092307806015015
0.8038461804389954
0.9246153831481934
1.082692265510559
1.020384669303894
1.0623077154159546
0.8734615445137024
0.8665384650230408
0.0
0.23807692527770996
0.8446153998374939
1.3561538457870483
0.868461549282074
0.8299999833106995
1.0953845977783203
0.8723077178001404
1.4169230461120605
0.813076913356781
0.9703845977783203
1.1461538076400757
1.003461480140686
0.8319230675697327
1.3419231176376343
1.0453846454620361
1.2346153259277344
1.0607692003250122
0.9953846335411072
1.0476922988891602
1.3319231271743774
1.159615397453308
1.4396153688430786
1.5438461303710938
1.0442308187484741
1.6065384149551392
1.1734615564346313
1.2730768918991089
1.5630769729614258
0.8557692170143127
0.7584615349769592
0.7296153903007507
0.8492307662963867
0.6215384602546692
0.6888461709022522
0.7780769467353821
0.7746154069900513
0.7950000166893005
0.7915384769439697
0.7749999761581421
0.73807692527771
0.7799999713897705
0.38999998569488525
0.8207692503929138
0.8215384483337402
0.6499999761581421
0.6665384769439697
0.5473076701164246
0.806538462638855
0.819615364074707
0.6919230818748474
0.8453845977783203
0.5299999713897705
0.6346153616905212
0.2534615397453308
0.7973076701164246
0.7919231057167053
0.039230767637491226
0.7388461828231812
0.7580769062042236
0.6873077154159546
0.5376923084259033
0.8488461375236511
0.7323076725006104
0.7973076701164246
0.7684615254402161
0.8392307758331299
0.7757692337036133
0.4107692241668701
0.6065384745597839
0.8299999833106995
0.3080769181251526
0.8523076772689819
0.7480769157409668
0.7865384817123413
0.0
0.8365384340286255
0.8426923155784607
0.32307693362236023
0.6084615588188171
0.801153838634491
0.7884615659713745
0.7080768942832947
0.49038460850715637
0.5169230699539185
0.7926923036575317
0.26653847098350525
0.7653846144676208
0.829230785369873
0.6696153879165649
0.8253846168518066
0.6619230508804321
0.6211538314819336
0.8207692503929138
0.829230785369873
0.7246153950691223
0.7188461422920227
0.7450000047683716
0.7850000262260437
0.6746153831481934
0.9165384769439697
1.0115385055541992
0.6996153593063354
0.025769229978322983
0.8161538243293762
0.7226923108100891
0.630384624004364
0.1530769169330597
0.8496153950691223
0.3700000047683716
0.7611538171768188
0.7776923179626465
0.7250000238418579
0.8126922845840454
0.6000000238418579
0.6684615612030029
0.6726922988891602
0.7953845858573914
0.6399999856948853
0.5319230556488037
0.7765384912490845
0.4992307722568512
0.7780769467353821
0.6326923370361328
0.7503846287727356
0.8100000023841858
0.6796153783798218
0.6519230604171753
0.8146153688430786
0.7350000143051147
0.7046154141426086
0.8623076677322388
0.563076913356781
0.6876922845840454
0.739230751991272
0.4719230830669403
0.6776922941207886
0.8346154093742371
0.5223076939582825
0.054230768233537674
0.6711538434028625
0.39307692646980286
0.5284615159034729
0.8976923227310181
0.6796153783798218
0.7292307615280151
0.6753846406936646
0.806538462638855
0.619615375995636
0.9919230937957764
0.795769214630127
0.801153838634491
0.7134615182876587
0.4642307758331299
0.763076901435852
0.6588461399078369
0.7699999809265137
1.1661537885665894
0.885769248008728
0.8426923155784607
0.9703845977783203
0.8915384411811829
1.0523077249526978
0.8473076820373535
1.0765384435653687
0.9342307448387146
0.938076913356781
0.8088461756706238
0.7207692265510559
0.8307692408561707
0.9526923298835754
0.8865384459495544
0.8380769491195679
1.360769271850586
0.8861538171768188
0.9565384387969971
0.8673076629638672
1.1303845643997192
0.9607692360877991
0.7765384912490845
0.9815384745597839
1.3538461923599243
1.0499999523162842
1.0257692337036133
0.935769259929657
0.9246153831481934
1.115384578704834
0.9373077154159546
1.0388461351394653
0.9184615612030029
1.2984615564346313
1.002307653427124
1.2365384101867676
0.8434615135192871
0.810769259929657
1.0703846216201782
1.0015385150909424
0.9730769395828247
1.0426923036575317
1.4126923084259033
0.9915384650230408
1.0657691955566406
0.9219231009483337
0.7873076796531677
1.0276923179626465
0.9649999737739563
1.1549999713897705
1.25
1.2473076581954956
1.0234615802764893
0.8788461685180664
0.8515384793281555
1.0026923418045044
0.9549999833106995
0.8992307782173157
0.9011538624763489
0.9626923203468323
1.0057692527770996
1.0199999809265137
1.0688461065292358
1.1257692575454712
0.9734615087509155
0.7911538481712341
0.8484615087509155
0.8949999809265137
0.8788461685180664
1.045769214630127
0.8876923322677612
0.9996153712272644
0.8473076820373535
1.0115385055541992
0.9857692122459412
1.1757692098617554
0.7088461518287659
0.9388461709022522
0.8415384888648987
0.8546153903007507
0.8723077178001404
0.9800000190734863
0.8742307424545288
0.8038461804389954
0.8934615254402161
0.8161538243293762
0.9673076868057251
0.6992307901382446
0.8042307496070862
0.7965384721755981
0.9084615111351013
0.8903846144676208
0.7657692432403564
0.6965384483337402
0.7811538577079773
1.0030769109725952
0.685769259929657
0.736923098564148
0.8984615206718445
1.1003845930099487
0.7761538624763489
0.8080769181251526
0.8349999785423279
0.930384635925293
0.9003846049308777
1.1184614896774292
0.7438461780548096
0.8380769491195679
0.9834615588188171
0.926153838634491
1.1053845882415771
0.9680769443511963
1.1526923179626465
1.1299999952316284
0.9846153855323792
0.9130769371986389
0.938076913356781
0.9657692313194275
0.8215384483337402
1.2130769491195679
0.9157692193984985
0.7857692241668701
1.0165385007858276
0.9980769157409668
0.8996154069900513
0.8342307806015015
0.9649999737739563
1.1096153259277344
