30.18423080444336	32.2728271484375
27.731163024902344	29.566598892211914
26.153217315673828	28.163379669189453
28.343700408935547	30.454273223876953
26.367816925048828	28.048622131347656
28.700105667114258	30.407930374145508
27.766067504882812	29.563718795776367
29.745891571044922	31.891019821166992
27.776012420654297	29.4958553314209
28.79013442993164	30.689207077026367
29.023574829101562	30.80435562133789
27.83010482788086	29.583297729492188
26.788293838500977	28.573558807373047
29.183313369750977	30.92333984375
29.20819664001465	31.423357009887695
28.186534881591797	30.138986587524414
28.140064239501953	29.932966232299805
28.393735885620117	30.144454956054688
29.804853439331055	31.94815444946289
27.880456924438477	29.65381622314453
28.34054946899414	30.653831481933594
28.059892654418945	30.11575698852539
28.100072860717773	30.166208267211914
27.731834411621094	29.577009201049805
27.2072811126709	28.985177993774414
28.30746078491211	30.093154907226562
28.535079956054688	30.196443557739258
27.363136291503906	29.06387710571289
26.046293258666992	27.962949752807617
26.745676040649414	28.430498123168945
27.296396255493164	29.428611755371094
26.70486068725586	28.346908569335938
30.017784118652344	31.784452438354492
26.445629119873047	28.169111251831055
28.339126586914062	30.25017547607422
26.56955337524414	28.529254913330078
29.736900329589844	31.561704635620117
27.032852172851562	29.14697265625
28.512348175048828	30.196670532226562
26.824926376342773	28.512836456298828
26.792396545410156	28.446352005004883
26.53305435180664	28.182144165039062
26.748620986938477	28.486591339111328
30.557226181030273	33.01274108886719
30.24840545654297	32.78158950805664
27.989919662475586	29.880537033081055
23.410568237304688	25.606050491333008
28.196008682250977	30.096031188964844
29.018342971801758	31.486249923706055
27.19671058654785	29.290319442749023
29.974105834960938	31.76388168334961
28.342151641845703	30.042978286743164
29.546859741210938	31.507856369018555
27.44390296936035	29.168128967285156
27.219135284423828	28.967304229736328
30.529346466064453	32.73710632324219
30.65008544921875	32.913047790527344
28.609233856201172	30.560483932495117
28.147994995117188	29.913515090942383
27.265714645385742	28.981246948242188
28.947622299194336	31.152751922607422
28.550996780395508	30.446653366088867
28.987071990966797	30.785329818725586
28.760683059692383	30.975297927856445
27.323280334472656	29.232078552246094
28.101404190063477	29.79819107055664
29.6811580657959	31.447843551635742
29.129789352416992	30.911659240722656
28.122568130493164	29.792081832885742
28.036518096923828	29.965669631958008
27.22724151611328	28.97382164001465
29.0104923248291	31.03741455078125
29.000497817993164	30.780797958374023
27.784616470336914	29.470008850097656
28.577661514282227	30.594810485839844
25.632230758666992	27.233043670654297
27.481239318847656	29.246557235717773
25.129928588867188	26.937305450439453
30.132482528686523	31.927692413330078
27.024194717407227	28.9887638092041
27.518516540527344	29.6014461517334
22.307580947875977	24.450468063354492
20.370019912719727	22.461023330688477
26.986257553100586	29.04056167602539
26.168306350708008	27.873638153076172
26.11882781982422	27.803804397583008
26.747175216674805	28.42534637451172
28.16888427734375	30.184066772460938
27.782148361206055	29.577688217163086
26.4681339263916	28.27234649658203
25.905807495117188	27.53870391845703
27.867769241333008	29.657976150512695
26.650375366210938	28.368783950805664
28.463851928710938	30.189870834350586
25.301095962524414	26.866716384887695
27.231603622436523	29.065994262695312
25.120893478393555	26.8938045501709
26.846776962280273	28.45978546142578
27.292343139648438	29.154865264892578
25.089197158813477	26.710002899169922
27.308828353881836	29.001266479492188
26.739168167114258	28.325828552246094
28.567058563232422	30.5252628326416
26.42626190185547	28.015302658081055
26.585006713867188	28.312545776367188
27.67613983154297	29.382291793823242
27.78888511657715	29.49370765686035
28.537073135375977	30.233299255371094
29.8279972076416	31.666088104248047
26.254987716674805	28.084917068481445
25.24979019165039	26.890363693237305
28.330244064331055	30.0937557220459
26.871793746948242	28.964588165283203
29.628076553344727	31.612594604492188
27.85696792602539	29.78957748413086
28.236848831176758	29.954662322998047
27.912189483642578	29.65357208251953
27.98169708251953	29.583127975463867
27.356643676757812	29.041461944580078
28.948007583618164	30.77118492126465
26.306350708007812	28.023530960083008
26.94873809814453	28.571090698242188
25.89501190185547	27.43185043334961
27.633991241455078	29.22305679321289
28.269567489624023	30.336650848388672
28.93054962158203	30.636247634887695
26.5425968170166	28.449766159057617
26.170310974121094	27.94757080078125
19.22333526611328	20.715354919433594
19.148426055908203	20.869796752929688
20.562665939331055	22.080068588256836
19.699464797973633	21.19841957092285
20.20646858215332	21.709716796875
19.677579879760742	21.041547775268555
22.268634796142578	24.03982162475586
19.489465713500977	21.129907608032227
20.881567001342773	22.467445373535156
21.21164321899414	23.064199447631836
20.566133499145508	22.13054656982422
21.470468521118164	23.003372192382812
21.546918869018555	23.166358947753906
20.514507293701172	22.208633422851562
19.6170711517334	21.298940658569336
20.9466552734375	22.53044891357422
19.66714096069336	21.269800186157227
18.979272842407227	20.472003936767578
19.655406951904297	21.21478843688965
19.231143951416016	20.737714767456055
21.503395080566406	23.14995765686035
19.152490615844727	20.792335510253906
21.453031539916992	23.108163833618164
21.449235916137695	23.126976013183594
20.800493240356445	22.367172241210938
20.899763107299805	22.592323303222656
20.89166259765625	22.604930877685547
20.864418029785156	22.417329788208008
20.26637840270996	21.851797103881836
19.989633560180664	21.549659729003906
21.77682113647461	23.410375595092773
19.825054168701172	21.492826461791992
19.99863052368164	21.564184188842773
20.289926528930664	21.821758270263672
19.816261291503906	21.430036544799805
22.686264038085938	24.35149383544922
19.861970901489258	21.396787643432617
22.332469940185547	24.014328002929688
21.175386428833008	22.831565856933594
19.736583709716797	21.327486038208008
20.278837203979492	21.965852737426758
20.50838851928711	22.1395206451416
21.36471176147461	22.946794509887695
20.753131866455078	22.37823486328125
21.27991485595703	22.989490509033203
19.87488555908203	21.50848960876465
21.577796936035156	23.231184005737305
19.54207992553711	21.088119506835938
19.207191467285156	20.926658630371094
19.15713882446289	20.789777755737305
20.42847442626953	21.960529327392578
21.834287643432617	23.523080825805664
20.44277572631836	21.927539825439453
20.587238311767578	22.23586654663086
20.739866256713867	22.549177169799805
22.125062942504883	23.82925796508789
21.936616897583008	23.73448944091797
22.442636489868164	24.00582504272461
21.397985458374023	22.876272201538086
20.461952209472656	22.060375213623047
21.027585983276367	22.89019012451172
20.588178634643555	22.148609161376953
20.264686584472656	21.865943908691406
21.226594924926758	22.891332626342773
22.142929077148438	23.870573043823242
22.602014541625977	24.176645278930664
23.793899536132812	25.56597328186035
22.526042938232422	24.137248992919922
22.70108413696289	24.202653884887695
21.754230499267578	23.306747436523438
22.096467971801758	23.65416717529297
24.00946617126465	25.607816696166992
21.24435806274414	22.835901260375977
22.452659606933594	24.08831024169922
22.659406661987305	24.465404510498047
21.733692169189453	23.250253677368164
22.646512985229492	24.303598403930664
21.728309631347656	23.658143997192383
20.871702194213867	22.887069702148438
22.361528396606445	24.041898727416992
22.873598098754883	24.565650939941406
21.11615753173828	22.729019165039062
23.142839431762695	24.781274795532227
24.312515258789062	26.180866241455078
22.301185607910156	23.765090942382812
22.06647300720215	23.792619705200195
21.485681533813477	22.939001083374023
23.848621368408203	25.52600860595703
22.57154083251953	24.2092342376709
23.092485427856445	24.737228393554688
22.697065353393555	24.322072982788086
21.14548110961914	22.688129425048828
23.572500228881836	25.22205352783203
22.944284439086914	24.378320693969727
23.265714645385742	24.824180603027344
23.333646774291992	24.873842239379883
21.714738845825195	23.250825881958008
22.909893035888672	24.44829559326172
22.643465042114258	24.350627899169922
21.6551570892334	23.130094528198242
23.177173614501953	24.650432586669922
22.11359214782715	23.742633819580078
23.225671768188477	24.82398223876953
22.589859008789062	24.1429443359375
22.133752822875977	23.710145950317383
21.939712524414062	23.680063247680664
21.494871139526367	22.94884490966797
22.244352340698242	23.816993713378906
22.33740997314453	23.93268585205078
21.242055892944336	22.834033966064453
22.682592391967773	24.45688247680664
21.920557022094727	23.515483856201172
22.601116180419922	24.380268096923828
22.038354873657227	23.8245849609375
23.573034286499023	25.17218780517578
20.348567962646484	21.852283477783203
21.699831008911133	23.251920700073242
22.472450256347656	24.137922286987305
20.15093231201172	21.61876678466797
19.416244506835938	20.97298812866211
18.679306030273438	20.238861083984375
21.787761688232422	23.307188034057617
21.662185668945312	23.148704528808594
22.759410858154297	24.288009643554688
20.256488800048828	22.08477020263672
21.703384399414062	23.238500595092773
23.91814613342285	25.45795440673828
20.00281524658203	21.723094940185547
25.2730712890625	26.898418426513672
24.07666778564453	25.67169189453125
28.629060745239258	30.36339569091797
28.226791381835938	30.059410095214844
25.321958541870117	26.739826202392578
26.125505447387695	27.68041229248047
24.363218307495117	25.913522720336914
28.352842330932617	30.208293914794922
25.732772827148438	27.402334213256836
28.117023468017578	29.79825210571289
24.8641300201416	26.546730041503906
26.963041305541992	28.627817153930664
26.689016342163086	28.3260555267334
24.553686141967773	26.166709899902344
24.780227661132812	26.580705642700195
26.54550552368164	28.167879104614258
26.256481170654297	27.841245651245117
26.088167190551758	27.57915687561035
27.3294620513916	28.840620040893555
26.6401424407959	28.2148494720459
27.044601440429688	28.820117950439453
27.233409881591797	28.844406127929688
26.6091251373291	28.467933654785156
26.241121292114258	27.70647430419922
26.915241241455078	28.519052505493164
28.207683563232422	29.787641525268555
24.603992462158203	25.998628616333008
26.196025848388672	27.808225631713867
23.817092895507812	25.358057022094727
25.865468978881836	27.412342071533203
25.9326229095459	27.584280014038086
27.53045082092285	29.111387252807617
28.774084091186523	30.252634048461914
26.259431838989258	28.06069564819336
24.48681640625	25.98162269592285
28.514633178710938	30.300233840942383
23.691368103027344	25.330759048461914
27.7581787109375	29.456388473510742
26.116050720214844	27.647069931030273
25.31218910217285	26.9545841217041
24.36654281616211	25.86510467529297
25.39034652709961	26.882360458374023
24.86819076538086	26.372053146362305
28.9243221282959	30.5806941986084
25.108234405517578	26.812820434570312
25.945148468017578	27.497268676757812
26.57672119140625	28.244247436523438
27.98749542236328	29.652536392211914
22.237699508666992	24.007570266723633
23.490583419799805	25.312843322753906
27.254009246826172	29.002500534057617
24.298097610473633	25.904539108276367
26.88245391845703	28.56182098388672
26.015119552612305	27.593677520751953
25.39214324951172	26.94464111328125
25.724340438842773	28.072858810424805
26.569232940673828	28.164278030395508
26.020729064941406	27.749650955200195
26.62329864501953	28.402568817138672
25.437562942504883	27.03072738647461
25.863435745239258	27.872468948364258
23.763235092163086	25.225122451782227
23.67047882080078	25.209238052368164
22.227825164794922	24.201433181762695
31.156234741210938	33.275291442871094
30.544279098510742	32.274478912353516
29.9038028717041	31.75481605529785
29.099245071411133	31.0050048828125
29.605100631713867	31.52789306640625
31.00792694091797	33.03065872192383
30.02737808227539	31.770143508911133
31.21230697631836	33.20805740356445
29.240856170654297	31.283288955688477
29.008031845092773	30.828445434570312
29.294675827026367	31.16393280029297
30.224775314331055	32.080650329589844
29.62283706665039	31.48540496826172
30.629518508911133	32.4515380859375
28.73365020751953	30.613134384155273
29.687467575073242	31.4437255859375
24.480224609375	26.352027893066406
29.675048828125	31.517610549926758
27.659374237060547	29.40033531188965
22.792150497436523	24.8424129486084
28.628530502319336	30.58194351196289
31.01980209350586	32.7183952331543
29.745309829711914	31.437667846679688
30.745817184448242	32.48652648925781
30.837430953979492	32.777095794677734
29.501115798950195	31.25552749633789
30.283891677856445	32.00400924682617
31.218549728393555	33.15779113769531
29.793474197387695	31.753938674926758
30.524803161621094	32.36545944213867
30.92990493774414	32.582908630371094
30.543912887573242	32.30891418457031
30.204328536987305	31.96312713623047
30.774377822875977	32.676361083984375
31.520248413085938	33.1817741394043
28.99610137939453	30.629535675048828
30.679332733154297	32.56379318237305
32.1856689453125	34.37156677246094
30.711496353149414	32.508365631103516
30.139204025268555	32.10881423950195
30.709321975708008	32.891937255859375
30.686416625976562	32.625057220458984
29.210037231445312	31.03451156616211
29.451919555664062	31.196910858154297
31.315629959106445	33.363704681396484
30.591751098632812	32.45995330810547
30.581565856933594	32.305110931396484
28.13076400756836	29.8402042388916
30.092002868652344	31.994897842407227
30.346811294555664	32.43245315551758
30.673185348510742	32.386505126953125
29.719928741455078	31.531335830688477
29.416658401489258	31.447633743286133
29.994953155517578	31.7619686126709
29.76455307006836	31.477209091186523
29.168588638305664	30.94818687438965
30.917856216430664	32.882877349853516
28.579444885253906	30.359355926513672
30.33559799194336	32.1341438293457
30.115503311157227	31.794172286987305
29.7616024017334	31.658462524414062
28.954416275024414	30.712604522705078
29.429624557495117	31.190631866455078
31.12588119506836	32.892425537109375
21.3020076751709	22.883892059326172
19.987213134765625	21.353618621826172
22.059288024902344	23.638710021972656
20.403579711914062	22.007070541381836
20.59954261779785	21.993091583251953
20.585844039916992	21.98017120361328
19.16844940185547	20.617704391479492
21.652698516845703	23.18621063232422
20.381458282470703	21.80483627319336
20.641836166381836	22.188127517700195
19.198261260986328	20.62914276123047
19.549171447753906	20.911344528198242
21.384910583496094	22.87240982055664
19.707639694213867	21.13196563720703
21.097890853881836	22.57253646850586
22.635194778442383	24.215103149414062
21.319965362548828	22.972524642944336
18.244979858398438	19.49036407470703
21.3432559967041	22.8507022857666
19.261974334716797	20.680442810058594
20.31615447998047	21.795976638793945
21.49810028076172	22.9438533782959
22.4395751953125	23.993558883666992
21.263349533081055	22.6713924407959
21.733549118041992	23.199182510375977
19.256454467773438	20.568437576293945
19.624603271484375	21.001550674438477
20.965246200561523	22.368391036987305
21.456314086914062	23.0731143951416
21.461488723754883	23.018754959106445
23.13083267211914	24.857511520385742
23.27581787109375	24.88766098022461
20.379064559936523	21.9134578704834
19.529197692871094	21.001632690429688
21.920982360839844	23.457597732543945
21.097007751464844	22.690393447875977
20.081106185913086	21.4969425201416
18.924541473388672	20.399900436401367
20.752901077270508	22.203628540039062
23.144800186157227	24.62664031982422
19.726213455200195	21.141040802001953
20.751972198486328	22.20843505859375
18.441177368164062	19.876178741455078
20.765625	22.265905380249023
17.93327522277832	19.501863479614258
21.576879501342773	23.168128967285156
14.992735862731934	15.308197021484375
20.4544734954834	21.883378982543945
20.48241424560547	21.989625930786133
15.227190971374512	16.443574905395508
18.94512176513672	20.30034828186035
21.020139694213867	22.462003707885742
20.58594512939453	22.089122772216797
19.722949981689453	21.1082763671875
19.710004806518555	21.17023277282715
19.275531768798828	20.756458282470703
21.054000854492188	22.69573402404785
18.7628116607666	20.158363342285156
22.030380249023438	23.61040687561035
20.002412796020508	21.458852767944336
17.976293563842773	19.55109214782715
19.42214012145996	20.854333877563477
19.937843322753906	21.27313804626465
19.764671325683594	21.35470962524414
18.552513122558594	20.078445434570312
23.385713577270508	24.858816146850586
20.64525604248047	22.012537002563477
22.037988662719727	23.47384262084961
22.56878662109375	24.0974178314209
22.103561401367188	23.553442001342773
22.245075225830078	23.755054473876953
22.525375366210938	24.157737731933594
21.30791473388672	22.848726272583008
23.610498428344727	25.13748550415039
23.954984664916992	25.494176864624023
22.57223129272461	24.105154037475586
22.220867156982422	23.695268630981445
22.790489196777344	24.41777801513672
22.718727111816406	24.373205184936523
21.66895294189453	23.20587921142578
21.563344955444336	23.156728744506836
21.904035568237305	23.506845474243164
22.006189346313477	23.62110137939453
16.194812774658203	17.6781063079834
20.953031539916992	22.34471893310547
22.392627716064453	23.907569885253906
21.36185073852539	22.863426208496094
21.21068572998047	22.827438354492188
21.541006088256836	22.9627628326416
21.258378982543945	22.674386978149414
23.702608108520508	25.2617130279541
22.084077835083008	23.637290954589844
20.780296325683594	22.3950252532959
21.186620712280273	23.008974075317383
22.789823532104492	24.424543380737305
22.481151580810547	24.039779663085938
22.505128860473633	24.110851287841797
21.746170043945312	23.119901657104492
21.650423049926758	23.210552215576172
23.287109375	24.788423538208008
21.347108840942383	23.126121520996094
22.405498504638672	24.109434127807617
22.962400436401367	24.555828094482422
21.988384246826172	23.530494689941406
22.81186294555664	24.42486000061035
22.409744262695312	23.862876892089844
22.069211959838867	23.565645217895508
23.087024688720703	24.55986785888672
21.33309555053711	23.012758255004883
21.934520721435547	23.528295516967773
22.617979049682617	24.291051864624023
21.9081974029541	23.442232131958008
21.62894058227539	23.19000816345215
21.992345809936523	23.576894760131836
21.578319549560547	23.136024475097656
22.29489517211914	23.771289825439453
22.333120346069336	23.893537521362305
21.563432693481445	23.016616821289062
21.367259979248047	22.867267608642578
22.100662231445312	23.737329483032227
22.635812759399414	24.324350357055664
22.7857608795166	24.292221069335938
21.27005386352539	22.654062271118164
23.228925704956055	24.717321395874023
22.079116821289062	23.6490478515625
22.826461791992188	24.437990188598633
22.199901580810547	23.6558780670166
22.446062088012695	24.005290985107422
24.68834686279297	26.53049087524414
24.516225814819336	26.287696838378906
24.90118980407715	26.5739688873291
23.82146453857422	25.72201919555664
23.6972713470459	25.286699295043945
21.704118728637695	23.255414962768555
22.748960494995117	24.416391372680664
23.099836349487305	24.946077346801758
23.617109298706055	25.226856231689453
26.140087127685547	27.787708282470703
23.788742065429688	25.500276565551758
25.032987594604492	26.847871780395508
23.244464874267578	24.936485290527344
23.872716903686523	25.565284729003906
24.401575088500977	26.434656143188477
23.58718490600586	25.29706573486328
22.530607223510742	24.325746536254883
22.03388023376465	23.701156616210938
23.124528884887695	25.533100128173828
22.830827713012695	24.388816833496094
24.111631393432617	26.25434112548828
23.883811950683594	25.9066104888916
22.284801483154297	24.237253189086914
25.362974166870117	27.003103256225586
23.020872116088867	24.536794662475586
24.23760986328125	25.813222885131836
23.333820343017578	24.983339309692383
24.52133560180664	26.064302444458008
23.38501739501953	25.299379348754883
21.830215454101562	23.358659744262695
24.670555114746094	26.603425979614258
23.723651885986328	25.395675659179688
23.658056259155273	25.31951141357422
20.551197052001953	22.057870864868164
22.098264694213867	23.678455352783203
24.541940689086914	26.3183650970459
25.0279483795166	26.73077392578125
22.13970947265625	23.94391441345215
25.043535232543945	26.731178283691406
22.104310989379883	23.6427059173584
24.3301944732666	25.970705032348633
21.855239868164062	23.49134063720703
23.569316864013672	25.190404891967773
25.669309616088867	27.865394592285156
22.507732391357422	24.601272583007812
23.5120906829834	25.210559844970703
24.86029815673828	26.788558959960938
23.322681427001953	24.927526473999023
23.102258682250977	24.962186813354492
25.014875411987305	27.003101348876953
24.72270965576172	26.50035858154297
23.55286407470703	25.265901565551758
24.397743225097656	26.103315353393555
23.648576736450195	25.43265151977539
23.778636932373047	25.4053897857666
26.570096969604492	28.514930725097656
25.269742965698242	27.10863494873047
24.577926635742188	26.28894805908203
25.836339950561523	27.551233291625977
22.302074432373047	23.85946273803711
22.92660140991211	24.821622848510742
23.895095825195312	25.664949417114258
22.276891708374023	23.790910720825195
21.255353927612305	23.27005386352539
28.355873107910156	30.517333984375
20.841535568237305	22.65127944946289
28.11322784423828	29.800094604492188
21.061786651611328	23.02865982055664
27.956581115722656	29.646333694458008
28.521329879760742	30.624601364135742
27.095670700073242	28.943387985229492
29.128917694091797	31.239337921142578
26.77395248413086	28.641155242919922
27.66171646118164	29.552236557006836
29.316831588745117	31.359663009643555
27.566699981689453	29.374826431274414
27.249046325683594	29.123769760131836
26.792957305908203	28.784765243530273
27.86151123046875	29.724206924438477
22.227415084838867	24.19546127319336
29.058969497680664	30.930805206298828
29.2623348236084	31.372774124145508
29.962940216064453	32.10783767700195
27.171768188476562	29.185453414916992
28.981178283691406	30.648149490356445
29.890888214111328	31.715682983398438
27.271076202392578	29.063077926635742
27.311342239379883	29.33416748046875
28.0556697845459	29.97744369506836
27.827836990356445	29.75014877319336
28.843154907226562	30.723142623901367
27.950847625732422	29.662006378173828
29.325603485107422	31.197355270385742
27.985942840576172	30.245676040649414
27.668312072753906	29.610979080200195
28.632543563842773	30.447599411010742
27.994951248168945	29.71075439453125
28.506881713867188	30.277141571044922
28.59790802001953	30.288463592529297
27.604524612426758	29.355249404907227
28.555631637573242	30.81695556640625
27.485397338867188	29.39362335205078
26.22021484375	28.084287643432617
30.246540069580078	32.11323547363281
28.053024291992188	30.111438751220703
28.104127883911133	29.952659606933594
28.105756759643555	29.687898635864258
28.29714584350586	30.274005889892578
29.28009605407715	31.4444580078125
26.23971176147461	28.032407760620117
28.597911834716797	30.363418579101562
27.704055786132812	29.423839569091797
27.380836486816406	29.164772033691406
27.44634437561035	29.281518936157227
28.499927520751953	30.404762268066406
27.013628005981445	28.76751708984375
27.793485641479492	29.925500869750977
27.708511352539062	29.36583709716797
27.204206466674805	29.120710372924805
28.321741104125977	30.234519958496094
28.19997787475586	30.173372268676758
26.906553268432617	29.1540470123291
28.768850326538086	30.62466049194336
27.322406768798828	29.2778263092041
29.82757568359375	31.659467697143555
28.220989227294922	30.054880142211914
26.316856384277344	28.254606246948242
28.973066329956055	30.71038055419922
25.261404037475586	26.8736572265625
23.488698959350586	25.017295837402344
25.769453048706055	27.518186569213867
26.269906997680664	28.068645477294922
24.828866958618164	26.374530792236328
25.329164505004883	26.857858657836914
27.808767318725586	29.52145004272461
23.461572647094727	25.249984741210938
26.577608108520508	28.20897674560547
24.123279571533203	25.981334686279297
24.681800842285156	26.280920028686523
24.6612606048584	26.170265197753906
24.495412826538086	25.977140426635742
25.430814743041992	27.010292053222656
24.75643539428711	26.401235580444336
26.858924865722656	28.56180191040039
27.513887405395508	29.493207931518555
25.04357147216797	26.749258041381836
25.32599449157715	27.08837127685547
26.751279830932617	28.350114822387695
22.141521453857422	23.830942153930664
26.35308074951172	27.927858352661133
21.313003540039062	23.328092575073242
26.917085647583008	28.454923629760742
25.85550308227539	27.507240295410156
25.279970169067383	26.83353042602539
25.63967514038086	27.20771026611328
0.0	0.0
25.363849639892578	27.177610397338867
24.915145874023438	26.539968490600586
23.48965835571289	25.248186111450195
25.092058181762695	26.668073654174805
26.183368682861328	27.73895263671875
23.584392547607422	25.052162170410156
26.329679489135742	27.96194076538086
25.23743438720703	27.0675106048584
27.83208465576172	29.41530990600586
21.47698402404785	23.477746963500977
24.98300552368164	26.546653747558594
25.06231689453125	26.6854248046875
24.969858169555664	26.472305297851562
22.38959503173828	24.063589096069336
24.242502212524414	25.7730655670166
24.27337646484375	25.90026092529297
22.631919860839844	24.38654327392578
24.550922393798828	25.967391967773438
23.59771728515625	25.245481491088867
26.384967803955078	28.007875442504883
25.16811752319336	26.940034866333008
24.443645477294922	26.143199920654297
24.05805015563965	25.597309112548828
22.987869262695312	24.566118240356445
21.757966995239258	23.346017837524414
25.235872268676758	26.80569839477539
25.737428665161133	27.274459838867188
24.588970184326172	26.206335067749023
24.772668838500977	26.376649856567383
24.976707458496094	26.626564025878906
25.111129760742188	26.82953643798828
24.443803787231445	26.031251907348633
23.889366149902344	25.588390350341797
24.009611129760742	25.661022186279297
26.418794631958008	28.142953872680664
23.545915603637695	25.199045181274414
28.491239547729492	30.197389602661133
26.33111572265625	27.808727264404297
26.58301544189453	28.22116470336914
27.405439376831055	29.032154083251953
27.202770233154297	28.841909408569336
27.9459228515625	29.607458114624023
27.00241470336914	28.67757797241211
26.610689163208008	28.272302627563477
27.924612045288086	29.577085494995117
26.317909240722656	27.996763229370117
26.854433059692383	28.414636611938477
26.164758682250977	27.86563491821289
27.130176544189453	28.8104305267334
27.390256881713867	29.185802459716797
26.804365158081055	28.39142417907715
22.241655349731445	24.090131759643555
26.969799041748047	28.654687881469727
28.663127899169922	30.31325912475586
27.405466079711914	29.198293685913086
28.158798217773438	29.815753936767578
26.584636688232422	28.196434020996094
27.0145263671875	28.641599655151367
26.387924194335938	28.062326431274414
25.9422664642334	27.8054141998291
27.101028442382812	28.634300231933594
26.364336013793945	28.121129989624023
26.92450523376465	28.614233016967773
25.77987289428711	27.44824981689453
26.537948608398438	28.533937454223633
27.216638565063477	29.135902404785156
28.195934295654297	29.83356285095215
28.097597122192383	29.7924747467041
25.88027572631836	27.60025405883789
27.034238815307617	28.754352569580078
26.14138412475586	27.91352081298828
25.778358459472656	27.694961547851562
25.7247314453125	27.65424346923828
26.889543533325195	28.753101348876953
24.59575653076172	26.400602340698242
27.677291870117188	29.3070068359375
26.418840408325195	28.304576873779297
27.35137939453125	29.091344833374023
27.591611862182617	29.260522842407227
26.019575119018555	27.760149002075195
27.009870529174805	28.997529983520508
26.996736526489258	28.4996337890625
27.118370056152344	28.91170883178711
28.01849365234375	29.700254440307617
28.451345443725586	30.114553451538086
27.6329345703125	29.487415313720703
24.523679733276367	26.449556350708008
28.383684158325195	30.172561645507812
26.61398696899414	28.294353485107422
27.352252960205078	28.963525772094727
26.844995498657227	28.552995681762695
26.861818313598633	28.773969650268555
27.309144973754883	29.253339767456055
27.956335067749023	29.60232925415039
25.364103317260742	27.054420471191406
25.609128952026367	27.353599548339844
27.242280960083008	28.976816177368164
26.709184646606445	28.295612335205078
26.404027938842773	28.632854461669922
27.277198791503906	29.011945724487305
19.607540130615234	21.06159210205078
18.208120346069336	19.57919692993164
18.43768882751465	19.871973037719727
18.94280433654785	20.398927688598633
20.075420379638672	21.539560317993164
21.024721145629883	22.523113250732422
20.72189712524414	22.133594512939453
17.48002052307129	19.15153694152832
18.539627075195312	19.921072006225586
19.868043899536133	21.352941513061523
18.947660446166992	20.446937561035156
19.483537673950195	20.93069839477539
18.595436096191406	19.93157958984375
20.196077346801758	21.671287536621094
19.946657180786133	21.558265686035156
19.1520938873291	20.698759078979492
20.71984100341797	22.15900230407715
19.462705612182617	20.896726608276367
19.875926971435547	21.399751663208008
20.306964874267578	21.78821563720703
21.909025192260742	23.47698402404785
19.622371673583984	21.021596908569336
19.145885467529297	20.620716094970703
20.194772720336914	21.64703369140625
20.292211532592773	21.871809005737305
19.904193878173828	21.345874786376953
20.403026580810547	21.871191024780273
20.923620223999023	22.467666625976562
20.276254653930664	21.832944869995117
20.26649284362793	21.8155517578125
19.655946731567383	21.21807289123535
19.232707977294922	20.649242401123047
20.022336959838867	21.402402877807617
20.1317081451416	21.611722946166992
18.728086471557617	20.09532928466797
20.381399154663086	21.989154815673828
21.225261688232422	22.81122589111328
19.09131622314453	20.70453643798828
20.135406494140625	21.677186965942383
19.126182556152344	20.54056167602539
18.251544952392578	19.591276168823242
18.561182022094727	19.9338321685791
17.788373947143555	19.13478660583496
20.253625869750977	21.914953231811523
17.679771423339844	19.306743621826172
18.85079002380371	20.271440505981445
20.309059143066406	21.789323806762695
19.7758731842041	21.236621856689453
18.892732620239258	20.39219856262207
20.196317672729492	21.741199493408203
19.920263290405273	21.398571014404297
18.701950073242188	20.067764282226562
18.202329635620117	19.780376434326172
18.921960830688477	20.366680145263672
18.117389678955078	19.466636657714844
18.110185623168945	19.570209503173828
21.82781219482422	23.629783630371094
20.946531295776367	22.6378173828125
21.142250061035156	22.642967224121094
18.401092529296875	19.80746841430664
19.257822036743164	20.773347854614258
20.361474990844727	21.898767471313477
21.580001831054688	23.025794982910156
19.45993423461914	20.900354385375977
22.344749450683594	24.015836715698242
21.898725509643555	23.411954879760742
21.513174057006836	23.185928344726562
22.097192764282227	23.705162048339844
21.074600219726562	22.526735305786133
22.98965072631836	24.526487350463867
22.779123306274414	24.359821319580078
23.353652954101562	25.22144317626953
22.013534545898438	23.540721893310547
20.59322738647461	22.002113342285156
21.619611740112305	23.23275375366211
20.545879364013672	22.07500457763672
21.72714614868164	23.396677017211914
22.248319625854492	23.831300735473633
22.039627075195312	23.712663650512695
21.69744873046875	23.355426788330078
23.54352569580078	25.202733993530273
22.195894241333008	23.973276138305664
22.176559448242188	23.883140563964844
21.946090698242188	23.975547790527344
21.642047882080078	23.211015701293945
22.136804580688477	23.619728088378906
21.082347869873047	22.569744110107422
21.62247085571289	23.33309555053711
21.3629150390625	23.11246109008789
20.158632278442383	22.09689712524414
21.395423889160156	22.87879180908203
20.770305633544922	22.713319778442383
21.757061004638672	23.604074478149414
21.750608444213867	23.50271224975586
21.75615692138672	23.29485511779785
20.790990829467773	22.3100643157959
21.94055938720703	23.47027015686035
20.628799438476562	22.200571060180664
20.522985458374023	21.9826602935791
20.57959747314453	22.145605087280273
22.047319412231445	23.947303771972656
20.683637619018555	22.514497756958008
21.630592346191406	23.46707534790039
21.835166931152344	23.447847366333008
22.8901424407959	24.602218627929688
21.602628707885742	23.2076416015625
21.97612762451172	23.528156280517578
21.644268035888672	23.230985641479492
21.433534622192383	23.035511016845703
22.08844757080078	23.71786880493164
20.881824493408203	22.46642303466797
21.701557159423828	23.205347061157227
20.47994613647461	22.07770538330078
22.002403259277344	23.65070152282715
19.631010055541992	21.261072158813477
17.710132598876953	19.24393081665039
16.840106964111328	18.44556427001953
22.16128921508789	23.72728729248047
15.879293441772461	17.303205490112305
17.302085876464844	18.93157386779785
19.57958221435547	21.245420455932617
18.538311004638672	20.047607421875
20.610315322875977	22.094688415527344
21.640342712402344	23.089624404907227
21.692398071289062	23.1876277923584
20.007251739501953	21.480422973632812
20.823715209960938	22.491403579711914
21.743833541870117	23.338821411132812
21.282930374145508	23.1613712310791
20.266393661499023	21.968473434448242
24.337717056274414	26.351343154907227
19.289690017700195	21.229665756225586
24.364065170288086	26.121868133544922
24.290067672729492	26.296186447143555
25.855712890625	27.617717742919922
19.816904067993164	21.68151092529297
23.794416427612305	25.426610946655273
22.001815795898438	23.926271438598633
24.136302947998047	25.813583374023438
21.952529907226562	24.229585647583008
26.592439651489258	28.55733871459961
21.349382400512695	22.983196258544922
24.12372589111328	26.06527328491211
22.77501678466797	24.54561996459961
22.44342613220215	24.2800350189209
22.424549102783203	24.122705459594727
25.903850555419922	28.240711212158203
22.3265380859375	24.157995223999023
23.35125160217285	25.14687728881836
23.515792846679688	25.363386154174805
22.380495071411133	24.10562515258789
23.581558227539062	25.258132934570312
24.604778289794922	26.298511505126953
26.027822494506836	27.719682693481445
22.61418914794922	24.401344299316406
22.049409866333008	23.88055992126465
23.934799194335938	25.6310977935791
23.898103713989258	25.89995574951172
24.122121810913086	26.030376434326172
23.740434646606445	25.43634033203125
22.749414443969727	24.38860321044922
24.36484146118164	26.289831161499023
23.929105758666992	25.586536407470703
26.412803649902344	28.256628036499023
26.534008026123047	28.427001953125
25.907190322875977	27.74130630493164
23.85416030883789	25.57369613647461
25.64197540283203	27.509876251220703
23.316184997558594	25.028282165527344
25.180673599243164	27.24935531616211
25.139986038208008	27.170578002929688
25.597227096557617	27.431385040283203
24.156293869018555	26.417396545410156
20.0335636138916	21.782419204711914
23.172805786132812	25.063146591186523
24.598756790161133	26.5311222076416
22.25079917907715	24.102548599243164
21.39864730834961	23.225265502929688
24.718608856201172	26.711179733276367
24.974502563476562	26.803821563720703
26.082984924316406	28.117021560668945
23.760358810424805	25.552562713623047
24.842689514160156	26.7425594329834
22.0356502532959	24.158435821533203
23.807641983032227	25.806884765625
21.904258728027344	23.94156265258789
22.762372970581055	24.775983810424805
23.339282989501953	25.065263748168945
25.113554000854492	27.1845703125
23.539663314819336	25.432300567626953
26.281362533569336	28.047544479370117
22.820640563964844	24.905263900756836
27.906719207763672	29.8333683013916
27.169797897338867	28.865690231323242
25.71462631225586	27.36843490600586
28.601341247558594	30.426855087280273
25.968034744262695	27.649446487426758
27.185457229614258	29.312353134155273
26.256181716918945	27.9271297454834
27.592329025268555	29.972780227661133
27.716697692871094	29.477113723754883
28.930139541625977	30.819665908813477
28.0030460357666	29.856826782226562
24.567462921142578	26.414323806762695
26.990234375	28.828237533569336
29.791244506835938	32.349456787109375
27.500795364379883	29.28205108642578
27.607215881347656	29.5206241607666
29.94327163696289	32.027923583984375
27.243858337402344	28.969499588012695
28.153573989868164	30.276945114135742
0.0	0.0
28.61803436279297	30.4903621673584
28.52777099609375	30.356306076049805
26.995868682861328	28.77151107788086
27.667463302612305	29.681806564331055
27.10401153564453	28.933177947998047
29.060745239257812	30.831148147583008
27.045351028442383	28.727266311645508
26.85637664794922	28.682689666748047
25.544410705566406	27.515817642211914
27.42467498779297	29.456804275512695
26.532495498657227	28.257509231567383
27.265464782714844	29.018220901489258
27.9074649810791	29.669189453125
29.2806339263916	31.04254722595215
26.352867126464844	28.13687515258789
27.927989959716797	29.57204818725586
26.03000259399414	27.985998153686523
27.7479248046875	29.87246322631836
26.797639846801758	29.111286163330078
26.024694442749023	27.826967239379883
23.796632766723633	25.610637664794922
27.527475357055664	29.319623947143555
26.95757484436035	28.744056701660156
24.32331085205078	25.93716812133789
32.10126876831055	34.221981048583984
28.683244705200195	30.392911911010742
25.820173263549805	27.50957489013672
25.761980056762695	27.451759338378906
28.201459884643555	30.473073959350586
27.8660945892334	29.766416549682617
27.3266544342041	29.50890350341797
26.082275390625	27.924222946166992
27.054529190063477	29.174335479736328
27.73892593383789	29.49032974243164
30.318750381469727	32.12525939941406
29.584871292114258	31.542940139770508
22.660558700561523	24.7696590423584
28.415895462036133	30.007030487060547
30.764606475830078	32.566593170166016
27.770524978637695	29.504108428955078
26.342941284179688	28.228178024291992
26.795665740966797	28.6047306060791
26.043214797973633	28.183273315429688
25.90851402282715	27.727643966674805
21.104415893554688	22.608827590942383
20.993846893310547	22.413286209106445
21.833250045776367	23.517559051513672
21.305112838745117	22.85897445678711
21.970766067504883	23.523296356201172
20.361961364746094	21.879108428955078
22.20532989501953	23.750497817993164
19.906932830810547	21.468761444091797
20.23572540283203	21.68707275390625
21.3967342376709	22.951223373413086
22.072044372558594	23.661293029785156
20.64488983154297	22.106657028198242
19.944141387939453	21.320730209350586
20.814411163330078	22.265478134155273
18.414756774902344	19.829082489013672
21.698223114013672	23.287153244018555
20.827415466308594	22.410415649414062
21.5987491607666	23.06954574584961
21.872655868530273	23.4510555267334
20.759384155273438	22.163288116455078
16.77362823486328	18.373655319213867
19.920909881591797	21.510549545288086
20.342344284057617	21.996013641357422
20.256650924682617	21.659425735473633
21.043386459350586	22.451255798339844
22.435680389404297	24.04869842529297
20.539575576782227	21.940950393676758
22.149158477783203	23.719018936157227
20.270526885986328	21.794248580932617
21.381698608398438	22.926406860351562
22.523794174194336	24.193742752075195
23.192626953125	24.76370620727539
21.8701171875	23.36495590209961
19.718996047973633	21.175647735595703
21.113452911376953	22.56110382080078
24.091026306152344	25.96794891357422
19.85494041442871	21.24185562133789
21.652982711791992	23.406017303466797
20.643720626831055	22.014015197753906
22.794509887695312	24.22571563720703
21.620206832885742	23.12575912475586
20.55685043334961	22.048603057861328
23.277259826660156	24.780805587768555
21.518407821655273	23.230680465698242
21.277023315429688	22.905202865600586
22.819412231445312	24.365182876586914
21.934206008911133	23.422101974487305
20.69255828857422	22.147077560424805
21.258411407470703	22.779132843017578
22.230012893676758	23.784273147583008
21.060470581054688	22.495553970336914
21.1694393157959	22.582773208618164
22.009780883789062	23.676406860351562
21.386812210083008	22.887170791625977
20.540124893188477	21.902067184448242
20.77745819091797	22.240306854248047
21.57623863220215	23.17254066467285
20.81130599975586	22.344999313354492
21.135513305664062	22.63829803466797
21.96117401123047	23.504491806030273
21.016164779663086	22.505664825439453
20.592750549316406	22.005443572998047
21.776918411254883	23.32033920288086
20.959203720092773	22.363733291625977
21.461580276489258	22.924230575561523
19.974519729614258	21.36249542236328
20.451190948486328	21.874404907226562
19.987110137939453	21.341508865356445
20.42755699157715	21.827966690063477
19.999069213867188	21.42083168029785
21.312204360961914	22.72246742248535
20.024606704711914	21.560441970825195
20.26917266845703	21.628833770751953
21.256078720092773	22.69475746154785
21.68463897705078	23.154314041137695
20.48210906982422	21.821117401123047
20.991260528564453	22.359230041503906
20.57672882080078	22.05573081970215
19.805862426757812	21.16028594970703
20.920032501220703	22.501487731933594
20.39935874938965	21.837108612060547
19.905792236328125	21.317916870117188
20.734716415405273	22.095237731933594
20.3334903717041	21.86742401123047
20.305456161499023	21.747060775756836
19.943740844726562	21.338163375854492
19.63018035888672	21.07109832763672
20.452943801879883	21.907712936401367
21.192415237426758	22.648481369018555
20.463159561157227	21.843595504760742
19.792390823364258	21.169084548950195
21.694307327270508	23.08917808532715
20.365798950195312	22.087793350219727
21.6094970703125	23.31158447265625
21.988746643066406	23.383499145507812
21.21778106689453	22.641630172729492
21.688766479492188	23.116491317749023
20.65349578857422	22.122058868408203
21.114309310913086	22.570396423339844
20.418624877929688	21.799768447875977
20.946521759033203	22.505521774291992
20.177860260009766	21.775236129760742
20.275964736938477	21.7200870513916
20.3712100982666	21.836801528930664
19.676231384277344	21.168245315551758
19.29059600830078	20.632160186767578
19.25438690185547	20.578195571899414
20.091154098510742	21.48227310180664
19.799657821655273	21.396591186523438
20.9700984954834	22.384380340576172
20.06883430480957	21.494970321655273
20.951478958129883	22.374956130981445
19.906953811645508	21.341480255126953
20.880422592163086	22.316530227661133
21.4219913482666	22.837892532348633
20.62820816040039	22.078506469726562
20.3316593170166	21.882993698120117
20.545429229736328	21.962343215942383
18.761512756347656	20.164430618286133
21.09673309326172	22.526084899902344
20.3167667388916	21.83840560913086
21.056509017944336	22.376928329467773
21.494972229003906	22.910425186157227
20.75330352783203	22.20568084716797
20.745502471923828	22.225217819213867
20.575428009033203	21.926103591918945
20.338003158569336	21.803321838378906
20.846296310424805	22.463163375854492
21.818923950195312	24.868757247924805
24.921213150024414	26.52295684814453
26.76181411743164	28.49173355102539
24.309059143066406	26.349315643310547
25.881755828857422	27.47052001953125
24.88652992248535	26.491788864135742
23.875471115112305	25.439903259277344
22.494722366333008	24.26221466064453
24.074871063232422	25.760643005371094
25.571714401245117	27.215660095214844
23.720111846923828	25.367353439331055
25.025957107543945	26.646808624267578
24.384363174438477	25.954923629760742
23.149581909179688	24.8106689453125
24.72378158569336	26.509540557861328
27.80208969116211	29.620878219604492
23.65196990966797	25.480436325073242
24.74742889404297	26.337339401245117
24.131669998168945	25.662004470825195
24.782398223876953	26.345529556274414
23.608840942382812	25.406782150268555
26.521656036376953	28.234825134277344
24.45854949951172	26.150785446166992
22.76648712158203	24.319255828857422
25.169963836669922	26.73046875
24.298261642456055	25.837278366088867
25.911527633666992	27.505050659179688
24.321142196655273	25.978273391723633
24.124778747558594	25.890687942504883
24.654451370239258	26.310346603393555
23.013582229614258	25.069795608520508
22.46417808532715	24.057279586791992
22.37786293029785	24.011289596557617
25.552595138549805	27.35921859741211
24.052757263183594	25.62866973876953
24.741989135742188	26.618139266967773
25.676288604736328	27.398141860961914
23.45549774169922	25.252504348754883
24.7827091217041	26.39325714111328
23.179000854492188	24.62921142578125
24.69305992126465	26.21063995361328
26.172012329101562	27.869020462036133
26.36404800415039	27.983701705932617
25.38068199157715	27.198732376098633
27.0159912109375	28.952167510986328
25.397930145263672	27.018260955810547
22.281749725341797	24.055017471313477
24.047779083251953	25.814376831054688
23.289775848388672	25.05402183532715
24.131507873535156	25.889259338378906
23.130813598632812	24.927688598632812
26.3190975189209	28.066516876220703
24.18640899658203	25.830772399902344
26.198312759399414	28.032081604003906
24.660720825195312	26.26449203491211
25.531238555908203	27.199426651000977
24.411880493164062	26.058822631835938
26.15656280517578	27.705678939819336
26.502361297607422	28.24591064453125
23.246553421020508	24.790912628173828
23.28860855102539	24.974592208862305
24.62487030029297	26.455045700073242
23.366830825805664	24.916187286376953
24.464902877807617	26.211231231689453
25.619129180908203	27.30963897705078
24.010435104370117	25.6193790435791
25.62281036376953	27.19156265258789
23.41863250732422	24.87493324279785
26.160877227783203	27.84588050842285
24.433401107788086	26.13818359375
24.201675415039062	25.715068817138672
26.249317169189453	28.10479736328125
22.6832332611084	24.14141845703125
22.803606033325195	24.153024673461914
24.7460994720459	26.42035675048828
25.243762969970703	26.756811141967773
25.20699691772461	26.772441864013672
25.364086151123047	27.165760040283203
24.014665603637695	25.528553009033203
24.512529373168945	26.184011459350586
23.61358642578125	25.15996742248535
22.959205627441406	24.73876190185547
24.830299377441406	26.470369338989258
23.547155380249023	25.467933654785156
24.219532012939453	25.739238739013672
23.781291961669922	25.303932189941406
25.257423400878906	26.894845962524414
26.457530975341797	28.1442813873291
25.1114559173584	26.732101440429688
25.517107009887695	27.171831130981445
25.88030433654785	27.512392044067383
26.61789321899414	28.24962615966797
23.805879592895508	25.39818572998047
23.81368637084961	25.564821243286133
24.28311538696289	25.790815353393555
25.855388641357422	27.47667694091797
26.35198211669922	28.1119327545166
24.823591232299805	26.313865661621094
25.098974227905273	26.624374389648438
25.654281616210938	27.288541793823242
24.178319931030273	25.907577514648438
24.83258056640625	26.595285415649414
25.505578994750977	27.103742599487305
24.948312759399414	26.4804744720459
24.214773178100586	25.78673553466797
27.345746994018555	29.039932250976562
25.869478225708008	27.660364151000977
26.493732452392578	28.2187557220459
25.36223602294922	27.134191513061523
25.458274841308594	27.05512237548828
23.1283016204834	24.71677017211914
23.856611251831055	25.388689041137695
23.951980590820312	25.50501251220703
22.296113967895508	24.031967163085938
25.108610153198242	26.844501495361328
22.671655654907227	24.881298065185547
23.932701110839844	25.628517150878906
24.099756240844727	25.70282554626465
23.279869079589844	24.874774932861328
22.587841033935547	24.26608657836914
20.387399673461914	22.093036651611328
25.61319351196289	27.315000534057617
25.4325008392334	27.123903274536133
24.20572280883789	25.681053161621094
24.919187545776367	26.495716094970703
25.225309371948242	26.7896785736084
25.483766555786133	27.269433975219727
24.543622970581055	26.080547332763672
22.931642532348633	24.621156692504883
25.554096221923828	27.173620223999023
23.89822006225586	25.587129592895508
25.247539520263672	27.073808670043945
23.922121047973633	25.50289535522461
22.76095199584961	24.341930389404297
23.801301956176758	25.298362731933594
24.234699249267578	26.037303924560547
24.73367691040039	26.30401611328125
23.641427993774414	25.305675506591797
23.989023208618164	25.589975357055664
25.3364315032959	26.980815887451172
24.880342483520508	26.588298797607422
23.5699405670166	25.159812927246094
23.98910903930664	25.710290908813477
22.50519371032715	24.098770141601562
21.764307022094727	23.352479934692383
24.233835220336914	25.666431427001953
24.028608322143555	25.636587142944336
22.74416732788086	24.243253707885742
20.93897247314453	22.92306137084961
22.107629776000977	23.798986434936523
22.9060115814209	24.758140563964844
24.72470474243164	26.247758865356445
22.24462890625	23.764280319213867
24.52267074584961	26.270166397094727
23.973451614379883	25.626483917236328
23.91864776611328	25.543699264526367
25.353639602661133	27.296875
25.526464462280273	27.241796493530273
23.623695373535156	25.32445526123047
23.833484649658203	25.324909210205078
23.430103302001953	24.938325881958008
25.830772399902344	27.442829132080078
23.671865463256836	25.13751983642578
25.337629318237305	27.162809371948242
25.80559730529785	27.41811752319336
22.466171264648438	24.157909393310547
22.859020233154297	24.381166458129883
23.54053497314453	25.002153396606445
24.478187561035156	25.93445587158203
25.598501205444336	27.256502151489258
22.328857421875	23.8542423248291
25.449874877929688	27.24384307861328
24.991554260253906	26.791898727416992
24.09762954711914	25.633106231689453
22.654003143310547	24.171222686767578
25.69089126586914	27.23271942138672
23.469026565551758	24.94725799560547
24.640409469604492	26.216142654418945
23.818286895751953	25.370189666748047
23.1735782623291	24.775009155273438
24.164306640625	25.954059600830078
25.193580627441406	26.824254989624023
24.090253829956055	25.66742706298828
25.092878341674805	26.809223175048828
23.070419311523438	24.795459747314453
23.82276153564453	25.503564834594727
23.827625274658203	25.547510147094727
26.49018096923828	28.193008422851562
25.849206924438477	27.505441665649414
26.240861892700195	27.792463302612305
22.35474395751953	23.900033950805664
23.735036849975586	25.34978675842285
22.192157745361328	23.876453399658203
21.891281127929688	23.83685874938965
21.87371826171875	23.679990768432617
22.57799530029297	24.268783569335938
22.66046905517578	24.140605926513672
23.30746841430664	25.08279800415039
24.46495819091797	26.1444091796875
23.621309280395508	25.351552963256836
23.317895889282227	24.912609100341797
22.75821304321289	24.31070327758789
23.231958389282227	24.927698135375977
22.48849105834961	24.115259170532227
25.056005477905273	26.738807678222656
23.408353805541992	24.92962646484375
24.074846267700195	25.776777267456055
24.47364044189453	26.282087326049805
22.9527645111084	24.621618270874023
21.669662475585938	23.3686466217041
23.483293533325195	25.042287826538086
23.43405532836914	25.236011505126953
23.184499740600586	24.83011245727539
23.750110626220703	25.294519424438477
23.627878189086914	25.226119995117188
23.566492080688477	25.206872940063477
24.1503849029541	25.731969833374023
24.537771224975586	26.071748733520508
24.313705444335938	25.924510955810547
23.849414825439453	25.44145965576172
22.640031814575195	24.339763641357422
22.942039489746094	24.5898494720459
23.743141174316406	25.3030948638916
23.367565155029297	25.005094528198242
22.268766403198242	23.738624572753906
23.04680824279785	24.797143936157227
24.2330265045166	25.758821487426758
22.80254364013672	24.339445114135742
23.020822525024414	24.71401596069336
24.080245971679688	25.908945083618164
24.215660095214844	25.943845748901367
22.3324031829834	23.764562606811523
26.627744674682617	28.410429000854492
23.25983238220215	24.821945190429688
23.7471866607666	25.284412384033203
23.6964111328125	25.274961471557617
19.875913619995117	21.62649154663086
23.346721649169922	24.925989151000977
18.540966033935547	20.158384323120117
23.353961944580078	24.979326248168945
18.23188591003418	19.894376754760742
16.806930541992188	18.35348892211914
25.310073852539062	27.049135208129883
22.753826141357422	24.450857162475586
25.8802490234375	27.614421844482422
22.94965362548828	24.454483032226562
22.593538284301758	24.076637268066406
16.75877571105957	18.307415008544922
17.647357940673828	19.278175354003906
24.839061737060547	26.500377655029297
23.83034896850586	25.47112274169922
22.851848602294922	24.482988357543945
17.62761878967285	19.254201889038086
22.99182891845703	24.504762649536133
23.809968948364258	25.512292861938477
17.818758010864258	19.446157455444336
26.295883178710938	27.97382354736328
26.237520217895508	27.796886444091797
26.837785720825195	28.456785202026367
24.8148250579834	26.400253295898438
26.697404861450195	28.356847763061523
27.531295776367188	29.191635131835938
24.737770080566406	26.217172622680664
27.175678253173828	28.91240882873535
24.5390682220459	26.146018981933594
30.581762313842773	32.37451934814453
26.091222763061523	27.752763748168945
27.644886016845703	29.3586368560791
27.318958282470703	28.849702835083008
26.479171752929688	28.034059524536133
26.21068572998047	27.838214874267578
26.750808715820312	28.410140991210938
26.945781707763672	28.547019958496094
27.086559295654297	28.752519607543945
27.434675216674805	29.08816146850586
26.270530700683594	27.811445236206055
26.5635986328125	28.379188537597656
27.724538803100586	29.306350708007812
26.911361694335938	28.71502113342285
26.906845092773438	28.512392044067383
27.509380340576172	29.136381149291992
29.3284912109375	31.090892791748047
27.181734085083008	28.838857650756836
25.305620193481445	27.308900833129883
26.15668296813965	27.966279983520508
27.578847885131836	29.20037841796875
25.870393753051758	27.701217651367188
27.106067657470703	28.75057601928711
26.95201873779297	28.587081909179688
27.524913787841797	29.210655212402344
26.13620376586914	27.738574981689453
24.05461883544922	25.724634170532227
28.010175704956055	29.79546546936035
27.587936401367188	29.279741287231445
29.234813690185547	31.145153045654297
25.9741153717041	27.569772720336914
26.532917022705078	28.041519165039062
27.029367446899414	28.556379318237305
25.880878448486328	27.445119857788086
25.903074264526367	27.627527236938477
26.840871810913086	28.555143356323242
24.628520965576172	26.22555923461914
25.084585189819336	26.672439575195312
26.728727340698242	28.420269012451172
25.670299530029297	27.1789608001709
26.50320816040039	28.112041473388672
23.882091522216797	25.421640396118164
27.400524139404297	29.090463638305664
26.663291931152344	28.35870361328125
27.997238159179688	29.585737228393555
25.640432357788086	27.303281784057617
25.5771484375	27.245315551757812
25.34356689453125	26.955907821655273
28.438634872436523	30.107345581054688
26.410600662231445	28.144969940185547
26.036846160888672	27.615795135498047
28.16887664794922	29.893787384033203
25.871112823486328	27.588912963867188
26.029767990112305	27.748071670532227
26.9532527923584	28.65833282470703
28.677209854125977	30.587663650512695
28.24074935913086	29.892105102539062
28.536762237548828	30.2890682220459
28.314512252807617	30.005722045898438
27.74306869506836	29.367053985595703
26.103574752807617	27.949844360351562
26.56805419921875	28.09912109375
29.465925216674805	31.24869155883789
26.7761287689209	28.551128387451172
27.290485382080078	28.841693878173828
28.777849197387695	30.77826499938965
27.889909744262695	29.412851333618164
26.26813507080078	27.88776397705078
27.65062713623047	29.149032592773438
29.891429901123047	31.671567916870117
28.41240692138672	30.170564651489258
27.803115844726562	29.711454391479492
27.899559020996094	29.496356964111328
28.204212188720703	30.089086532592773
29.58346176147461	31.493730545043945
25.129594802856445	26.744976043701172
28.12537384033203	29.748432159423828
28.951557159423828	30.532133102416992
27.72124671936035	29.493789672851562
28.716188430786133	30.53604507446289
28.205842971801758	29.760536193847656
27.9976863861084	29.668502807617188
28.504762649536133	30.10033416748047
29.678442001342773	31.415912628173828
29.010454177856445	30.61507797241211
27.062044143676758	28.63671112060547
28.752500534057617	30.502199172973633
28.708297729492188	30.525793075561523
27.179689407348633	28.879344940185547
30.50499725341797	32.19820022583008
30.212932586669922	31.86258316040039
30.827129364013672	32.758487701416016
30.98357582092285	32.862525939941406
30.35739517211914	32.049198150634766
26.910856246948242	28.439735412597656
29.236337661743164	31.051034927368164
28.857032775878906	30.610700607299805
30.900596618652344	32.65419006347656
29.614704132080078	31.29641342163086
28.706649780273438	30.601579666137695
28.550722122192383	30.290864944458008
28.2993221282959	30.003801345825195
28.422405242919922	30.040668487548828
28.065834045410156	29.83153533935547
29.144254684448242	30.922277450561523
30.434457778930664	32.005126953125
27.803701400756836	29.38253402709961
28.088781356811523	29.7680606842041
27.827863693237305	29.518457412719727
26.013315200805664	27.5947265625
29.27402114868164	31.041973114013672
27.929922103881836	29.579683303833008
30.091957092285156	31.709915161132812
29.9461612701416	31.61334800720215
28.806072235107422	30.471078872680664
29.57079315185547	31.45193099975586
28.193279266357422	29.950395584106445
29.099040985107422	30.69768714904785
28.86737823486328	30.703102111816406
22.98443603515625	24.71344566345215
23.27411651611328	24.7940673828125
23.72707748413086	25.322952270507812
21.679895401000977	23.299856185913086
22.177989959716797	23.641786575317383
23.81558609008789	25.265745162963867
24.229463577270508	25.830810546875
22.271020889282227	23.812299728393555
21.491199493408203	22.990079879760742
23.340131759643555	25.137720108032227
21.040781021118164	22.474658966064453
21.72100257873535	23.245769500732422
20.715190887451172	22.180875778198242
22.16707992553711	23.605937957763672
23.633024215698242	25.306306838989258
22.680204391479492	24.21295738220215
23.659067153930664	25.400712966918945
23.6614990234375	25.189542770385742
24.40131187438965	26.126523971557617
20.498777389526367	21.976329803466797
23.871837615966797	25.658166885375977
22.5271053314209	24.11526870727539
23.289480209350586	24.911592483520508
23.7590274810791	25.40029525756836
22.99459457397461	24.52358627319336
22.037273406982422	23.523099899291992
23.520959854125977	25.11086654663086
23.607206344604492	25.151182174682617
22.882980346679688	24.406312942504883
22.61260986328125	24.1152400970459
23.315357208251953	25.01694107055664
21.337549209594727	22.759521484375
22.982593536376953	24.554908752441406
22.081787109375	23.62395477294922
21.61667251586914	23.09796142578125
21.3124942779541	22.77637481689453
22.55587387084961	23.986129760742188
21.2313175201416	22.767648696899414
22.514751434326172	24.046232223510742
22.456890106201172	24.01190757751465
22.5356388092041	23.988080978393555
21.8834228515625	23.420259475708008
22.381040573120117	23.92654037475586
20.175827026367188	21.698579788208008
22.51104736328125	24.269704818725586
20.896869659423828	22.410385131835938
21.638315200805664	23.228364944458008
22.276687622070312	23.791837692260742
18.97480010986328	20.684038162231445
21.517250061035156	23.091978073120117
21.500093460083008	23.037952423095703
23.054122924804688	24.584667205810547
21.508920669555664	23.055419921875
22.239500045776367	23.725881576538086
21.908235549926758	23.4866943359375
21.9788761138916	23.594579696655273
21.837669372558594	23.36700439453125
20.27374267578125	21.705530166625977
21.902067184448242	23.43109703063965
23.141834259033203	24.72783660888672
21.052865982055664	22.8926944732666
21.98615074157715	23.532093048095703
22.07677459716797	23.531705856323242
20.92247772216797	22.810409545898438
21.98602294921875	23.447525024414062
21.830018997192383	23.37592315673828
19.975465774536133	21.441720962524414
20.028934478759766	21.50262451171875
21.079940795898438	22.629850387573242
20.498455047607422	21.980518341064453
21.399015426635742	22.983600616455078
21.67584800720215	23.28955078125
20.516019821166992	21.986352920532227
21.654462814331055	23.232284545898438
22.314865112304688	23.95952606201172
21.760766983032227	23.26900863647461
21.206640243530273	22.793832778930664
21.04827117919922	22.52560806274414
22.792917251586914	24.349313735961914
21.586164474487305	23.091354370117188
22.848709106445312	24.44643783569336
22.915250778198242	24.529747009277344
22.829360961914062	24.373693466186523
22.12978744506836	23.802570343017578
20.73807144165039	22.167381286621094
22.115001678466797	23.644784927368164
21.732921600341797	23.150146484375
21.422195434570312	23.057327270507812
21.160078048706055	23.170034408569336
21.89615249633789	23.410024642944336
21.990650177001953	23.543167114257812
21.19904136657715	22.766151428222656
23.050283432006836	24.653034210205078
20.739431381225586	22.54241371154785
22.619016647338867	24.188037872314453
21.12845230102539	22.685951232910156
24.26854705810547	25.974693298339844
22.439966201782227	23.97478675842285
20.611064910888672	22.097461700439453
22.720138549804688	24.211008071899414
20.85214614868164	22.591869354248047
23.926286697387695	25.80963706970215
20.585439682006836	22.1185359954834
24.189620971679688	25.8350772857666
21.955915451049805	23.608932495117188
21.70058822631836	23.127426147460938
20.966341018676758	22.43628692626953
24.615806579589844	26.28472900390625
20.913114547729492	22.528404235839844
22.007421493530273	23.592056274414062
21.366609573364258	22.852293014526367
21.451208114624023	22.927621841430664
22.1892147064209	23.704574584960938
22.340951919555664	23.878246307373047
22.735336303710938	24.308446884155273
22.573923110961914	24.108427047729492
20.002117156982422	21.510427474975586
22.50153350830078	24.07928466796875
22.743120193481445	24.29108428955078
22.335908889770508	23.775470733642578
23.761829376220703	25.48397445678711
21.387554168701172	22.862102508544922
21.4974308013916	23.029037475585938
25.143539428710938	26.76755142211914
24.4620418548584	26.10334014892578
21.92719268798828	23.426349639892578
24.16602325439453	25.875417709350586
22.174793243408203	23.746644973754883
24.037731170654297	25.506263732910156
23.961870193481445	25.5716552734375
24.153120040893555	25.739763259887695
25.012939453125	26.562255859375
21.939817428588867	23.327930450439453
23.086402893066406	24.547401428222656
21.769760131835938	23.189220428466797
22.127084732055664	23.616579055786133
22.3265380859375	23.771507263183594
23.814952850341797	25.476856231689453
24.571352005004883	26.118783950805664
21.736406326293945	23.28018569946289
22.247224807739258	23.703468322753906
24.005830764770508	25.550765991210938
23.35296630859375	24.8956356048584
24.14795684814453	25.708696365356445
23.92011070251465	25.435712814331055
22.904172897338867	24.421220779418945
24.34820556640625	26.02599334716797
23.644014358520508	25.230335235595703
23.462018966674805	25.166048049926758
23.567726135253906	25.083322525024414
24.04391098022461	25.694631576538086
23.557340621948242	25.03744888305664
22.13782501220703	23.619348526000977
24.503681182861328	26.089815139770508
21.119525909423828	22.54584312438965
22.605817794799805	24.112873077392578
21.176916122436523	22.68060874938965
23.368467330932617	24.892778396606445
23.585359573364258	25.278453826904297
22.19052505493164	23.64511489868164
23.304006576538086	24.845808029174805
21.073579788208008	22.474021911621094
21.692554473876953	23.174413681030273
24.267606735229492	26.006723403930664
21.070104598999023	22.475147247314453
21.73134994506836	23.268199920654297
22.987607955932617	24.47832489013672
21.90489959716797	23.334794998168945
20.500104904174805	21.93029022216797
22.651901245117188	24.192302703857422
22.818984985351562	24.379934310913086
20.78936004638672	22.404094696044922
21.911680221557617	23.46739959716797
22.197059631347656	23.647537231445312
21.85677719116211	23.351675033569336
22.143590927124023	23.683134078979492
23.581514358520508	25.09591293334961
22.723974227905273	24.248191833496094
22.632640838623047	24.12811279296875
22.584978103637695	24.048477172851562
24.7487735748291	26.3942813873291
21.05019760131836	22.401498794555664
22.007709503173828	23.40506362915039
23.912647247314453	25.4024600982666
22.31412124633789	23.874101638793945
23.883699417114258	25.539892196655273
22.894752502441406	24.48339080810547
21.723491668701172	23.101072311401367
24.35857391357422	25.855484008789062
23.316247940063477	24.855642318725586
23.7355899810791	25.258869171142578
25.615312576293945	27.191635131835938
23.492815017700195	25.056730270385742
23.505990982055664	25.051706314086914
22.573183059692383	24.09832191467285
23.572717666625977	25.141340255737305
21.8096923828125	23.240966796875
21.018617630004883	22.437511444091797
23.37122344970703	24.920394897460938
24.470338821411133	26.155710220336914
23.914697647094727	25.496641159057617
23.67385482788086	25.243999481201172
22.48467254638672	23.947629928588867
21.68065643310547	23.132919311523438
22.42182159423828	23.944028854370117
23.46590805053711	24.967853546142578
21.208110809326172	22.728683471679688
22.0801944732666	23.69290542602539
23.0779972076416	24.704980850219727
22.0191593170166	23.57684898376465
22.557754516601562	24.105091094970703
23.260547637939453	24.967992782592773
22.105363845825195	23.58332061767578
21.27985191345215	22.739561080932617
21.819416046142578	23.332229614257812
22.68470001220703	24.217947006225586
21.399669647216797	22.89215087890625
21.774450302124023	23.338457107543945
20.972848892211914	22.449281692504883
23.891216278076172	25.464645385742188
21.66387367248535	23.214031219482422
22.705251693725586	24.2705020904541
21.087480545043945	22.548601150512695
21.08791732788086	22.491640090942383
21.930185317993164	23.448137283325195
21.77645492553711	23.269704818725586
22.31964683532715	23.9112606048584
21.888538360595703	23.453685760498047
21.6340274810791	23.107318878173828
22.047945022583008	23.588468551635742
23.197450637817383	24.801912307739258
22.60223960876465	24.084592819213867
22.348112106323242	24.001670837402344
21.549997329711914	23.041276931762695
22.463851928710938	24.003938674926758
21.75440216064453	23.286272048950195
21.099641799926758	22.707775115966797
22.305383682250977	23.899497985839844
21.136009216308594	22.638713836669922
19.79656410217285	21.212234497070312
22.017061233520508	23.643186569213867
22.431241989135742	24.083110809326172
21.259946823120117	22.79149627685547
21.767250061035156	23.30185317993164
21.09288787841797	22.570558547973633
21.916852951049805	23.328540802001953
22.129253387451172	23.555593490600586
22.01697540283203	23.726430892944336
21.001691818237305	22.661649703979492
22.7684383392334	24.2340145111084
21.508769989013672	22.903440475463867
21.8870906829834	23.35391616821289
21.317480087280273	22.895627975463867
21.734548568725586	23.19625473022461
23.3353271484375	24.968481063842773
20.744165420532227	22.32144546508789
20.494096755981445	21.982675552368164
21.088747024536133	22.525840759277344
21.596179962158203	23.039451599121094
20.439294815063477	22.005083084106445
21.069358825683594	22.563980102539062
21.800607681274414	23.299272537231445
20.344327926635742	21.816661834716797
21.326248168945312	22.860675811767578
21.458106994628906	22.897493362426758
21.607812881469727	23.20081329345703
22.253557205200195	23.755908966064453
20.965869903564453	22.355365753173828
21.09632110595703	22.59341049194336
21.38232421875	22.899248123168945
21.732616424560547	23.285661697387695
22.135540008544922	23.551084518432617
21.349685668945312	22.895780563354492
21.69439125061035	23.143844604492188
20.726791381835938	22.38656997680664
21.28265380859375	22.78213119506836
21.0198974609375	22.659578323364258
21.299938201904297	22.967796325683594
21.01113510131836	22.531164169311523
20.430286407470703	21.843080520629883
19.748577117919922	21.273693084716797
19.975902557373047	21.35772705078125
20.83788299560547	22.248977661132812
20.267480850219727	21.706195831298828
21.29987335205078	22.8895263671875
20.79062271118164	22.284799575805664
23.24036407470703	24.7490234375
21.386032104492188	22.84661102294922
22.05615997314453	23.55554962158203
20.12371826171875	21.5605525970459
20.561176300048828	21.99114418029785
22.40374183654785	24.00628662109375
20.934690475463867	22.44109344482422
22.6859073638916	24.243398666381836
21.7293701171875	23.315963745117188
20.369964599609375	21.810646057128906
22.141321182250977	23.646440505981445
20.611614227294922	22.088167190551758
19.09008026123047	20.48663902282715
22.390117645263672	23.90436553955078
20.75119400024414	22.444883346557617
20.264747619628906	21.78240966796875
21.516822814941406	23.12188148498535
22.11102294921875	23.58614730834961
21.063478469848633	22.670364379882812
20.69896697998047	22.2376766204834
20.266332626342773	21.680139541625977
20.519519805908203	21.879871368408203
21.97751235961914	23.518083572387695
20.753232955932617	22.124841690063477
20.61443328857422	22.050437927246094
21.894338607788086	23.483997344970703
21.20111656188965	22.76219940185547
21.735862731933594	23.248632431030273
21.449607849121094	22.980850219726562
20.25912857055664	21.62246322631836
20.515453338623047	22.217304229736328
21.18151092529297	22.601730346679688
21.049604415893555	22.44876480102539
21.416662216186523	22.945144653320312
22.740890502929688	24.340415954589844
20.863981246948242	22.257081985473633
22.672109603881836	24.280370712280273
23.142160415649414	24.67562484741211
23.815763473510742	25.509754180908203
21.323974609375	22.840543746948242
21.40459442138672	22.943675994873047
22.94222640991211	24.485292434692383
20.91815185546875	22.351266860961914
22.727407455444336	24.26974105834961
22.071434020996094	23.683879852294922
21.613183975219727	23.090351104736328
21.74087142944336	23.3430233001709
22.423805236816406	24.070579528808594
21.723508834838867	23.237764358520508
24.121591567993164	25.726343154907227
23.794721603393555	25.420846939086914
22.371784210205078	23.96402359008789
23.948911666870117	25.654020309448242
19.4932861328125	21.160261154174805
21.1097354888916	22.750244140625
22.861177444458008	24.500154495239258
23.23352813720703	24.70608139038086
22.241621017456055	23.756935119628906
21.80685806274414	23.319629669189453
22.23522186279297	23.672616958618164
21.434350967407227	22.91363525390625
21.654634475708008	23.149511337280273
22.99744415283203	24.655927658081055
22.529983520507812	24.298425674438477
24.21289825439453	25.672710418701172
22.915935516357422	24.42413330078125
23.166975021362305	24.6986026763916
23.4010066986084	24.962846755981445
23.78680419921875	25.47268295288086
22.905168533325195	24.416881561279297
22.770082473754883	24.49469757080078
22.08783721923828	23.835681915283203
24.329214096069336	25.96739959716797
23.049001693725586	24.56610679626465
20.98583984375	22.684389114379883
23.42681884765625	24.846887588500977
21.95148468017578	23.478160858154297
23.092880249023438	24.56346893310547
22.021059036254883	23.940343856811523
22.725980758666992	24.281227111816406
21.2868709564209	22.876087188720703
22.448692321777344	24.034997940063477
21.87411117553711	23.521678924560547
22.26202964782715	23.88983917236328
22.39590835571289	23.992773056030273
22.139328002929688	23.65152359008789
21.964740753173828	23.54431915283203
22.931936264038086	24.56612777709961
22.52892303466797	24.077651977539062
21.766878128051758	23.500873565673828
23.005373001098633	24.752660751342773
21.82586669921875	23.3256778717041
23.06796646118164	24.631654739379883
22.527935028076172	23.988780975341797
21.848108291625977	23.594436645507812
23.477296829223633	25.03423500061035
23.3491153717041	24.98302459716797
23.860097885131836	25.7600040435791
21.190141677856445	22.86086654663086
23.445293426513672	25.01445770263672
21.44851303100586	23.07098388671875
23.252904891967773	24.921215057373047
21.701454162597656	23.159645080566406
19.710912704467773	21.173608779907227
23.661630630493164	25.22396469116211
22.95458221435547	24.755634307861328
21.720134735107422	23.308151245117188
22.206880569458008	24.048385620117188
22.66315269470215	24.377866744995117
21.413959503173828	23.016624450683594
21.921167373657227	23.44198226928711
21.643333435058594	23.212570190429688
21.3492374420166	22.907636642456055
21.630762100219727	23.2645320892334
24.22954750061035	26.119285583496094
23.393878936767578	25.061626434326172
21.034961700439453	22.720050811767578
21.83092498779297	23.30820083618164
21.87096405029297	23.69244384765625
21.289705276489258	23.583192825317383
22.507984161376953	24.081558227539062
23.689268112182617	25.251924514770508
23.82282257080078	25.433025360107422
23.33356475830078	24.997913360595703
23.054975509643555	24.746938705444336
21.131553649902344	22.6076717376709
22.81963539123535	24.660322189331055
22.661182403564453	24.250394821166992
21.684255599975586	23.382902145385742
19.861845016479492	23.6192626953125
22.20624351501465	23.625564575195312
21.830188751220703	23.35324478149414
22.047372817993164	23.813947677612305
18.938196182250977	20.617250442504883
21.744007110595703	23.512123107910156
21.97641372680664	23.755542755126953
20.815757751464844	22.26797866821289
21.283893585205078	22.824811935424805
21.837556838989258	23.466381072998047
20.380762100219727	21.814414978027344
21.640769958496094	23.16916275024414
20.206104278564453	21.777841567993164
22.347227096557617	24.23516845703125
20.747570037841797	22.149812698364258
22.4117374420166	24.141494750976562
20.949546813964844	22.434059143066406
20.46849250793457	22.016986846923828
22.342056274414062	23.794601440429688
21.976913452148438	23.595449447631836
21.3714542388916	22.857776641845703
21.680585861206055	23.28933334350586
22.2437686920166	23.765806198120117
21.13092041015625	22.57183837890625
20.469348907470703	22.28093719482422
23.87918472290039	25.717239379882812
20.973493576049805	22.89581298828125
21.740854263305664	23.330862045288086
20.561843872070312	22.116689682006836
22.259973526000977	24.03963851928711
21.77259063720703	23.43231964111328
22.464771270751953	24.173921585083008
21.709800720214844	23.329509735107422
22.56360626220703	24.37000274658203
22.287519454956055	23.926170349121094
22.503080368041992	24.182680130004883
22.832530975341797	24.42071533203125
23.59014892578125	25.234081268310547
20.84334945678711	22.556596755981445
21.751907348632812	23.505535125732422
22.96881675720215	24.822355270385742
22.34052276611328	24.01433563232422
23.06515884399414	24.612041473388672
23.727399826049805	25.396581649780273
22.068708419799805	23.617406845092773
22.296363830566406	23.828420639038086
22.93227767944336	24.759424209594727
23.08584213256836	24.6446475982666
21.644758224487305	23.3277587890625
23.864418029785156	25.776315689086914
20.74517250061035	22.315940856933594
22.29595184326172	24.118797302246094
21.093610763549805	22.694154739379883
21.175945281982422	22.726730346679688
22.6490421295166	24.33413314819336
22.24231719970703	23.879053115844727
21.784744262695312	23.542104721069336
22.889507293701172	24.563405990600586
19.315086364746094	21.168825149536133
22.027456283569336	23.570262908935547
23.083274841308594	24.759021759033203
21.576505661010742	23.251689910888672
21.616445541381836	23.245393753051758
21.5989933013916	23.119028091430664
22.08342742919922	23.74347686767578
21.480398178100586	23.21234130859375
24.10052490234375	25.75713348388672
20.246341705322266	22.1156063079834
20.976394653320312	22.405628204345703
21.930673599243164	23.647409439086914
21.762372970581055	23.364362716674805
22.62409019470215	24.380414962768555
22.05352020263672	23.651874542236328
23.858488082885742	25.60079574584961
21.814546585083008	23.267526626586914
21.8908634185791	23.4027099609375
22.955476760864258	24.729360580444336
23.443866729736328	25.210899353027344
23.4623966217041	25.218578338623047
21.411745071411133	23.035602569580078
22.321308135986328	23.962888717651367
22.059694290161133	23.692338943481445
23.109189987182617	24.93008804321289
21.790916442871094	23.433385848999023
22.107492446899414	23.809371948242188
22.91546630859375	24.696578979492188
22.83355140686035	24.360471725463867
23.35580825805664	24.989360809326172
22.307605743408203	23.996353149414062
20.811792373657227	22.46477508544922
22.551502227783203	24.132003784179688
22.784814834594727	24.397201538085938
22.294363021850586	24.141525268554688
21.80368423461914	23.331716537475586
24.080368041992188	25.73186683654785
22.725976943969727	24.230249404907227
22.683156967163086	24.387739181518555
22.94626235961914	24.44086265563965
21.24274444580078	22.728235244750977
24.02756118774414	25.73395347595215
22.952051162719727	24.557897567749023
21.66232681274414	23.17169952392578
22.0118408203125	23.59760284423828
22.282737731933594	23.785280227661133
21.442283630371094	23.006994247436523
20.938800811767578	22.475444793701172
22.11507797241211	23.805980682373047
21.65898895263672	23.145402908325195
22.30779266357422	24.108858108520508
21.686511993408203	23.20285415649414
21.206979751586914	22.718286514282227
22.187013626098633	23.824390411376953
21.055553436279297	22.641677856445312
21.86187171936035	23.411924362182617
21.237140655517578	22.726333618164062
21.323078155517578	23.017728805541992
21.24753189086914	22.837818145751953
21.73556137084961	23.575223922729492
20.764904022216797	22.276100158691406
20.996686935424805	22.918542861938477
20.524675369262695	22.107433319091797
23.30810546875	24.835771560668945
23.379804611206055	24.9503231048584
21.995189666748047	23.57775115966797
19.767724990844727	21.418476104736328
21.289405822753906	22.999807357788086
22.01227569580078	23.637802124023438
20.848894119262695	22.720985412597656
21.435461044311523	22.924692153930664
21.826608657836914	23.352153778076172
21.198617935180664	22.671998977661133
20.839889526367188	22.502548217773438
21.441068649291992	23.12012481689453
21.2391414642334	23.09906578063965
21.327068328857422	23.005990982055664
21.336801528930664	23.00019073486328
19.791013717651367	21.337068557739258
21.28093719482422	22.772192001342773
19.846057891845703	21.446239471435547
20.755842208862305	22.3398494720459
20.46761703491211	22.053730010986328
22.270261764526367	23.880149841308594
21.994243621826172	23.368328094482422
20.692615509033203	22.321399688720703
21.43462562561035	22.90057373046875
22.56879425048828	24.20395278930664
22.15253448486328	23.636850357055664
20.950185775756836	22.546222686767578
22.73965835571289	24.321619033813477
21.074420928955078	22.574064254760742
22.781740188598633	24.441320419311523
22.209680557250977	23.925586700439453
21.10332489013672	22.69710922241211
21.520566940307617	23.168664932250977
22.7552433013916	24.473678588867188
23.613107681274414	25.429931640625
22.075668334960938	23.532636642456055
23.384145736694336	24.907882690429688
23.0101318359375	24.507783889770508
20.58428955078125	22.219615936279297
21.561609268188477	23.073654174804688
22.70299530029297	24.230117797851562
23.23131561279297	24.810409545898438
23.946725845336914	25.484535217285156
23.634374618530273	25.131118774414062
24.723613739013672	26.256704330444336
24.753074645996094	26.4198055267334
23.668779373168945	25.237375259399414
23.634838104248047	25.28342056274414
22.96161651611328	24.57321548461914
23.584604263305664	25.11823081970215
23.331886291503906	24.903335571289062
25.430397033691406	27.107542037963867
21.681276321411133	23.134178161621094
24.149877548217773	25.775922775268555
22.8496036529541	24.38512420654297
23.68651580810547	25.373567581176758
24.355192184448242	26.057090759277344
22.07590103149414	23.593297958374023
24.918323516845703	26.51409912109375
23.104555130004883	24.78900146484375
23.040132522583008	24.561429977416992
23.486705780029297	25.142580032348633
22.418405532836914	23.964780807495117
23.46076011657715	25.273317337036133
22.59524154663086	24.075462341308594
24.954345703125	26.633630752563477
21.284320831298828	22.7790584564209
23.69879722595215	25.1890926361084
22.14496612548828	23.69005584716797
22.583824157714844	24.329275131225586
22.729799270629883	24.298236846923828
24.30390167236328	25.947179794311523
23.73935317993164	25.383604049682617
23.879873275756836	25.457874298095703
22.549182891845703	24.134916305541992
22.39447784423828	23.869421005249023
21.928142547607422	23.58072280883789
24.478403091430664	26.150562286376953
23.817720413208008	25.5474910736084
23.698652267456055	25.31833267211914
23.723587036132812	25.33160972595215
23.00910186767578	24.599695205688477
24.132465362548828	25.706552505493164
22.37726593017578	23.947772979736328
24.256546020507812	26.117233276367188
24.109163284301758	25.599281311035156
24.11489486694336	25.761516571044922
24.576372146606445	26.15593719482422
23.462846755981445	25.051403045654297
22.622800827026367	24.224567413330078
23.68798828125	25.279407501220703
25.775436401367188	27.4134521484375
23.654455184936523	25.23468589782715
23.925504684448242	25.458459854125977
22.67190933227539	24.02569007873535
23.374366760253906	25.125316619873047
24.82330894470215	26.612594604492188
24.61550521850586	26.130281448364258
24.806884765625	26.419090270996094
23.27399444580078	24.787405014038086
23.09888458251953	24.744216918945312
23.507841110229492	25.071422576904297
22.869308471679688	24.51805877685547
24.044931411743164	25.741130828857422
27.043428421020508	28.739173889160156
25.964122772216797	27.553800582885742
27.3065242767334	29.11968231201172
27.220478057861328	28.91762924194336
29.78326988220215	31.486047744750977
26.46341323852539	27.941930770874023
27.533361434936523	29.185440063476562
28.037765502929688	29.759201049804688
26.811973571777344	28.397686004638672
29.04031753540039	30.868200302124023
25.726865768432617	27.330896377563477
29.469493865966797	31.348533630371094
30.58953094482422	32.16286849975586
26.634929656982422	28.158384323120117
27.324195861816406	28.974897384643555
29.101642608642578	30.95551109313965
28.923707962036133	30.741161346435547
24.844833374023438	26.51142120361328
26.752731323242188	28.30206871032715
27.637590408325195	29.19487762451172
26.73788833618164	28.456527709960938
27.32862091064453	28.924535751342773
25.35799789428711	27.24652671813965
26.710405349731445	28.46810531616211
26.311674118041992	27.892309188842773
29.89627456665039	31.778148651123047
28.370899200439453	30.03589630126953
26.354633331298828	27.920848846435547
28.294679641723633	30.46127700805664
27.023656845092773	28.652246475219727
26.647315979003906	28.955982208251953
27.614458084106445	29.340538024902344
27.70663070678711	29.275222778320312
27.29705238342285	28.894495010375977
26.628999710083008	28.218093872070312
25.912071228027344	28.207876205444336
26.454238891601562	28.17312240600586
21.57337188720703	23.54666519165039
28.8101806640625	30.57369613647461
27.194198608398438	28.895456314086914
25.843286514282227	27.604887008666992
29.048173904418945	30.914583206176758
25.15131378173828	26.93728256225586
22.151002883911133	24.004535675048828
20.875385284423828	22.61614990234375
20.28420639038086	21.970842361450195
20.11908531188965	21.840595245361328
22.74688148498535	24.379077911376953
22.464160919189453	24.364032745361328
22.10101890563965	23.877857208251953
27.2617130279541	28.94183349609375
25.822973251342773	27.487253189086914
22.686506271362305	24.390119552612305
22.689228057861328	24.557762145996094
21.914316177368164	23.69027328491211
22.329008102416992	24.142993927001953
23.265493392944336	25.193443298339844
26.57059097290039	28.224048614501953
28.599145889282227	30.321428298950195
28.799150466918945	30.52777099609375
23.174314498901367	24.993053436279297
26.201276779174805	27.8416805267334
27.325340270996094	28.8627986907959
21.239734649658203	23.044883728027344
26.336172103881836	28.406251907348633
28.424001693725586	30.48444175720215
27.86529541015625	29.648847579956055
26.617568969726562	28.226346969604492
26.685016632080078	28.340856552124023
26.910886764526367	28.676681518554688
26.817644119262695	28.511337280273438
29.56342124938965	31.518613815307617
25.890291213989258	27.785825729370117
27.04648208618164	28.740127563476562
26.76498031616211	29.088632583618164
24.001972198486328	25.62586212158203
27.49184799194336	29.291601181030273
28.80243682861328	30.617931365966797
26.351835250854492	28.324247360229492
26.668134689331055	28.28707504272461
23.096637725830078	25.204692840576172
20.964139938354492	22.870683670043945
21.829465866088867	23.730327606201172
21.657644271850586	23.700353622436523
28.244064331054688	29.83926773071289
27.140146255493164	29.041410446166992
20.327428817749023	21.982423782348633
23.113685607910156	25.19428062438965
27.639385223388672	29.410381317138672
22.081369400024414	24.01263427734375
26.763395309448242	28.484193801879883
27.475244522094727	29.31902503967285
22.51972198486328	24.302688598632812
22.259910583496094	24.297109603881836
21.809669494628906	23.690673828125
27.996137619018555	29.849441528320312
26.368244171142578	28.006803512573242
27.647912979125977	29.473051071166992
20.168212890625	21.939180374145508
29.616365432739258	31.742290496826172
21.093935012817383	23.018278121948242
24.624711990356445	26.423866271972656
28.650087356567383	30.577980041503906
20.891630172729492	22.724279403686523
22.625089645385742	24.519760131835938
30.321439743041992	32.102115631103516
22.133493423461914	23.8764591217041
28.9561710357666	30.660057067871094
23.45897674560547	25.554094314575195
29.47608184814453	31.238571166992188
26.424657821655273	28.056791305541992
25.273107528686523	27.212051391601562
26.83635711669922	28.503755569458008
21.367231369018555	23.11614990234375
28.978557586669922	30.841829299926758
24.51923370361328	26.219133377075195
27.881935119628906	29.669448852539062
26.684494018554688	28.478233337402344
21.59811019897461	23.68256187438965
25.122230529785156	27.1851863861084
27.23174476623535	29.30805206298828
25.99242401123047	27.743000030517578
26.140287399291992	27.681629180908203
27.48712730407715	29.14959716796875
25.621049880981445	27.731901168823242
19.63682746887207	21.341157913208008
28.755258560180664	30.908203125
27.68218421936035	29.490684509277344
25.232746124267578	27.294710159301758
23.771591186523438	25.374156951904297
24.41427993774414	26.232807159423828
23.501876831054688	25.831684112548828
24.770566940307617	26.323518753051758
26.165977478027344	27.927051544189453
24.304096221923828	26.087404251098633
24.039709091186523	26.154279708862305
25.97195053100586	27.535032272338867
23.569665908813477	25.427209854125977
25.726524353027344	27.51565170288086
24.564077377319336	26.23651695251465
23.190507888793945	24.796485900878906
25.6429386138916	27.26110076904297
25.095834732055664	26.995271682739258
24.421266555786133	26.361194610595703
24.526081085205078	26.74332046508789
24.13637924194336	25.791200637817383
23.224964141845703	25.018573760986328
23.020776748657227	24.70960235595703
24.038833618164062	26.059118270874023
25.283143997192383	27.243141174316406
24.41901206970215	26.33712387084961
24.051424026489258	25.65472984313965
24.66888427734375	26.1607723236084
25.52774429321289	27.27435302734375
23.35391616821289	24.879804611206055
23.028947830200195	24.634973526000977
24.062257766723633	25.67340660095215
26.65383529663086	28.411733627319336
24.66095542907715	26.611356735229492
24.45355224609375	26.649974822998047
25.150497436523438	26.69940185546875
23.97210693359375	25.578685760498047
23.519311904907227	25.111217498779297
21.80889129638672	24.002450942993164
26.024761199951172	27.876569747924805
22.241809844970703	24.499780654907227
24.292787551879883	25.965726852416992
24.47417449951172	26.207460403442383
24.4935359954834	26.35588836669922
23.392955780029297	25.106706619262695
22.91912269592285	24.59970474243164
23.39612579345703	25.410486221313477
23.637588500976562	25.500022888183594
23.364530563354492	25.037260055541992
21.563278198242188	23.240583419799805
22.19823455810547	23.875267028808594
23.006187438964844	24.896059036254883
24.923006057739258	26.967023849487305
23.133371353149414	24.840784072875977
23.843036651611328	25.365928649902344
23.529199600219727	25.345937728881836
23.242725372314453	24.836069107055664
24.077289581298828	25.62981605529785
24.699077606201172	26.356460571289062
21.485145568847656	23.39288902282715
22.124937057495117	24.562267303466797
24.476167678833008	26.50927734375
23.534629821777344	25.193687438964844
22.33718490600586	23.981565475463867
25.352428436279297	27.16897964477539
23.626203536987305	25.211803436279297
21.66193199157715	23.503217697143555
22.040285110473633	23.763633728027344
24.053571701049805	25.777132034301758
25.898544311523438	27.613794326782227
24.054672241210938	25.52008819580078
24.24117660522461	26.125131607055664
24.745553970336914	26.461301803588867
24.689453125	26.421215057373047
23.115148544311523	24.835948944091797
24.979333877563477	26.627666473388672
24.25567054748535	25.87718963623047
24.62955093383789	26.507883071899414
23.877233505249023	25.602069854736328
23.47860336303711	25.1160831451416
24.487930297851562	26.40822982788086
24.893407821655273	26.565664291381836
25.610013961791992	27.705957412719727
23.44002914428711	25.27019500732422
23.701383590698242	25.31688690185547
23.5173282623291	25.243059158325195
21.730213165283203	23.854036331176758
24.10944366455078	25.738666534423828
22.991230010986328	24.773130416870117
23.036100387573242	24.68267822265625
23.31448745727539	25.228160858154297
24.46335220336914	26.015134811401367
25.7969913482666	27.597261428833008
24.287797927856445	25.891611099243164
24.71200942993164	26.440505981445312
22.675762176513672	24.55617904663086
23.867450714111328	25.995838165283203
25.73016357421875	27.50186538696289
25.510700225830078	27.113969802856445
24.6931095123291	26.234050750732422
23.275014877319336	25.822547912597656
23.799842834472656	25.437332153320312
24.20690155029297	25.918222427368164
23.638965606689453	25.45895004272461
22.559228897094727	24.431238174438477
23.148914337158203	25.141820907592773
26.766599655151367	28.449975967407227
23.875886917114258	25.973583221435547
23.172330856323242	24.817771911621094
24.957435607910156	26.853839874267578
25.425588607788086	27.175189971923828
23.139867782592773	25.126455307006836
23.275554656982422	24.843690872192383
23.064088821411133	24.847515106201172
24.14251708984375	25.801406860351562
24.857036590576172	26.5841007232666
25.13864517211914	26.90878677368164
22.215654373168945	24.161706924438477
23.51030921936035	25.248550415039062
22.859094619750977	24.612443923950195
24.468101501464844	26.171436309814453
23.041044235229492	24.672956466674805
23.771574020385742	25.353652954101562
22.233823776245117	24.097726821899414
25.525859832763672	27.13858413696289
24.223329544067383	25.91419219970703
23.154212951660156	24.706769943237305
22.862144470214844	24.540117263793945
24.193334579467773	25.823291778564453
22.50442886352539	24.44997787475586
23.01299285888672	24.858657836914062
22.672040939331055	24.663427352905273
24.784191131591797	26.445470809936523
22.751842498779297	24.588336944580078
25.329933166503906	27.27960777282715
25.287824630737305	27.312009811401367
23.23916244506836	24.929624557495117
26.404600143432617	28.209022521972656
24.4715633392334	26.82440185546875
21.672941207885742	23.394786834716797
24.04022979736328	25.896841049194336
24.97789764404297	26.683399200439453
21.696273803710938	23.274070739746094
23.910728454589844	25.595273971557617
22.711719512939453	24.393117904663086
17.914443969726562	19.667034149169922
21.65621566772461	23.266172409057617
19.168825149536133	21.9107723236084
25.0604248046875	26.81451988220215
21.52721405029297	23.680368423461914
22.4959716796875	24.16530990600586
15.913203239440918	17.571441650390625
22.352863311767578	24.305917739868164
22.599653244018555	24.343168258666992
23.146631240844727	24.69782257080078
24.4228458404541	26.005386352539062
22.782381057739258	24.394838333129883
22.149824142456055	23.79568862915039
24.014741897583008	25.63323402404785
23.015052795410156	24.607837677001953
22.583375930786133	24.084545135498047
22.830385208129883	24.904359817504883
21.154743194580078	22.749834060668945
24.074607849121094	25.620847702026367
23.628023147583008	25.452531814575195
22.852310180664062	24.524070739746094
21.459312438964844	23.064687728881836
22.96233558654785	24.53720474243164
24.37183380126953	26.132434844970703
25.783361434936523	27.71282196044922
24.762985229492188	26.450605392456055
23.28634262084961	25.048845291137695
23.038066864013672	25.010753631591797
24.349624633789062	26.488576889038086
18.108522415161133	19.915266036987305
24.225351333618164	26.152311325073242
24.514570236206055	26.452285766601562
15.833416938781738	17.574729919433594
21.10517120361328	22.59737777709961
22.760459899902344	24.753734588623047
21.343557357788086	23.175067901611328
22.694616317749023	24.461292266845703
23.81011962890625	25.649019241333008
26.050254821777344	27.819923400878906
23.663105010986328	25.20175552368164
22.777976989746094	24.372020721435547
20.137271881103516	22.07659339904785
22.5013484954834	24.356761932373047
24.197616577148438	25.787782669067383
25.229093551635742	27.06493377685547
22.272926330566406	23.917509078979492
16.845369338989258	18.944067001342773
23.321308135986328	24.948713302612305
23.24838638305664	25.10662078857422
24.69635009765625	26.96700668334961
17.57115936279297	19.367403030395508
23.873987197875977	25.688745498657227
22.035558700561523	23.754270553588867
23.071828842163086	24.82488441467285
21.316299438476562	22.83200454711914
19.51447105407715	21.41268539428711
22.310546875	24.063783645629883
15.411362648010254	16.888669967651367
24.49944496154785	26.38043975830078
23.928251266479492	25.567426681518555
16.817785263061523	18.512653350830078
24.340591430664062	26.21289825439453
24.177413940429688	25.776308059692383
24.818635940551758	26.548219680786133
23.243789672851562	24.940174102783203
19.844297409057617	21.501930236816406
22.337480545043945	24.562070846557617
22.970094680786133	24.739164352416992
22.827098846435547	24.74459457397461
21.709001541137695	23.610374450683594
23.306119918823242	25.15606117248535
25.395648956298828	27.18901824951172
26.175817489624023	28.3090763092041
21.934120178222656	23.859296798706055
23.49074935913086	25.187610626220703
23.451766967773438	25.06609344482422
23.624608993530273	25.435386657714844
23.943655014038086	25.843198776245117
24.108814239501953	25.948701858520508
22.91962242126465	24.899808883666992
25.024826049804688	26.945528030395508
22.183698654174805	24.16351890563965
23.65378189086914	25.385784149169922
24.747678756713867	26.47863006591797
22.89714813232422	24.77942657470703
23.567310333251953	25.142839431762695
23.038022994995117	25.244665145874023
25.08710479736328	26.98904800415039
24.73269271850586	26.628263473510742
24.74518585205078	26.68584442138672
21.432355880737305	23.058900833129883
25.224536895751953	27.12851333618164
20.982641220092773	22.46001625061035
23.316377639770508	25.1107120513916
16.540613174438477	18.281217575073242
24.89980697631836	26.644336700439453
23.037229537963867	24.810712814331055
21.8084659576416	23.385150909423828
22.678041458129883	24.627971649169922
22.649370193481445	24.608139038085938
22.063283920288086	23.911897659301758
21.06911849975586	22.76763343811035
18.5831356048584	20.281518936157227
22.81689453125	24.564533233642578
21.368539810180664	23.112958908081055
21.618249893188477	23.534740447998047
17.444299697875977	19.255029678344727
23.34687042236328	25.010210037231445
24.457530975341797	26.169092178344727
24.9024600982666	27.03614044189453
21.109546661376953	23.10683822631836
24.100374221801758	25.829946517944336
25.397790908813477	27.23736572265625
23.779306411743164	25.793655395507812
27.614519119262695	29.78205108642578
24.711864471435547	26.42776107788086
25.243017196655273	27.0638484954834
24.19118881225586	25.998231887817383
24.88619613647461	26.541580200195312
26.196969985961914	27.981517791748047
24.446985244750977	26.14745330810547
23.186765670776367	24.90045928955078
24.934289932250977	26.70147705078125
24.703882217407227	26.57135581970215
24.363256454467773	25.950761795043945
24.555761337280273	26.253883361816406
25.357175827026367	26.997533798217773
25.348865509033203	26.997882843017578
24.491870880126953	26.240249633789062
25.260194778442383	27.085620880126953
26.423595428466797	28.184371948242188
26.393224716186523	28.117483139038086
26.328393936157227	28.153425216674805
26.197927474975586	28.031017303466797
26.234758377075195	28.037179946899414
24.904823303222656	26.660863876342773
24.878662109375	26.719663619995117
27.978330612182617	29.826871871948242
26.515796661376953	28.082975387573242
24.45501708984375	26.147663116455078
24.826330184936523	26.46558380126953
25.05318832397461	26.7217960357666
23.775917053222656	25.487071990966797
25.429689407348633	27.089635848999023
23.086509704589844	24.606101989746094
25.168428421020508	26.934324264526367
24.051406860351562	25.659677505493164
24.238147735595703	25.780874252319336
26.875280380249023	28.4892520904541
25.22730255126953	26.954336166381836
24.489927291870117	26.015127182006836
22.104650497436523	23.6805362701416
27.014917373657227	28.834089279174805
23.180564880371094	24.687108993530273
25.595151901245117	27.25333023071289
23.053394317626953	24.71820831298828
24.778718948364258	26.39820098876953
26.060527801513672	27.869142532348633
23.392560958862305	25.41301727294922
25.371583938598633	27.102842330932617
22.72195816040039	24.478376388549805
25.01898765563965	26.551837921142578
25.43694305419922	27.44457244873047
24.034439086914062	25.87725067138672
23.75082778930664	25.22833251953125
24.577016830444336	26.35625648498535
23.932146072387695	25.53909683227539
25.420469284057617	27.24791717529297
25.18206214904785	26.976478576660156
25.54876708984375	27.161508560180664
25.40155029296875	27.165475845336914
25.672334671020508	27.340726852416992
25.178543090820312	27.122547149658203
24.98133087158203	26.78974151611328
23.44402503967285	25.05908203125
24.431638717651367	25.877426147460938
25.606300354003906	27.289793014526367
26.528297424316406	28.334449768066406
25.746706008911133	27.496070861816406
24.754806518554688	26.4177303314209
26.142919540405273	28.039512634277344
27.507122039794922	29.452951431274414
28.72620391845703	30.55898666381836
24.626869201660156	26.37059783935547
25.958284378051758	27.674640655517578
22.327444076538086	24.263044357299805
24.848133087158203	26.628023147583008
25.863420486450195	27.59793472290039
26.288122177124023	27.8934383392334
27.65618133544922	29.360496520996094
25.272180557250977	26.893564224243164
26.15790367126465	28.083276748657227
25.65552520751953	27.3644962310791
25.333023071289062	27.052207946777344
25.392745971679688	27.421184539794922
25.52367401123047	27.206613540649414
24.202983856201172	26.227266311645508
24.13164710998535	26.1734561920166
24.73206329345703	26.235485076904297
24.512697219848633	26.164953231811523
25.05565643310547	26.946382522583008
23.9350643157959	26.342161178588867
26.232498168945312	27.9507999420166
25.293258666992188	26.826642990112305
25.125202178955078	26.6766414642334
25.500732421875	27.387903213500977
26.036636352539062	27.826553344726562
25.66131019592285	27.477319717407227
26.701679229736328	28.318979263305664
26.702268600463867	28.48550033569336
25.579601287841797	27.077394485473633
25.71721649169922	27.421241760253906
25.519723892211914	27.315834045410156
25.552453994750977	27.236658096313477
24.402671813964844	26.06732177734375
26.488262176513672	28.38896942138672
28.880929946899414	30.624343872070312
24.952655792236328	26.580608367919922
26.339153289794922	28.028432846069336
24.89191246032715	26.48206329345703
28.36333465576172	30.2508544921875
27.396089553833008	29.02275848388672
28.83449935913086	30.882951736450195
26.6964168548584	28.33747100830078
24.5767879486084	26.347328186035156
27.01276397705078	28.645551681518555
26.03545570373535	28.075904846191406
24.299123764038086	25.986799240112305
25.463878631591797	27.358081817626953
25.590402603149414	27.285825729370117
24.033655166625977	25.95688247680664
24.749582290649414	26.306320190429688
25.834165573120117	27.754308700561523
26.7484130859375	28.62652015686035
24.994216918945312	26.75005531311035
26.756845474243164	28.610361099243164
28.031841278076172	29.691308975219727
25.939123153686523	27.666780471801758
25.71334457397461	27.638399124145508
26.17774200439453	27.907142639160156
25.696704864501953	27.432910919189453
24.402250289916992	26.122722625732422
23.392478942871094	24.98827362060547
22.889867782592773	24.373855590820312
23.892349243164062	25.366443634033203
22.177820205688477	23.73229217529297
24.026351928710938	25.705429077148438
25.90900421142578	27.575090408325195
24.42089080810547	25.942245483398438
23.036535263061523	24.68817138671875
22.053674697875977	23.51848602294922
23.951732635498047	25.552024841308594
20.801170349121094	22.137418746948242
24.22252655029297	25.791217803955078
22.926002502441406	24.422256469726562
23.940553665161133	25.461902618408203
23.26568031311035	24.877653121948242
23.701675415039062	25.251483917236328
22.42825698852539	24.001571655273438
24.974435806274414	26.509679794311523
23.68023681640625	25.2797908782959
24.317285537719727	25.911584854125977
22.898801803588867	25.009992599487305
23.778718948364258	25.41263198852539
22.764951705932617	24.356971740722656
22.998336791992188	24.511219024658203
23.838294982910156	25.415754318237305
23.440488815307617	24.999876022338867
23.923307418823242	25.415237426757812
22.506101608276367	23.909048080444336
23.095375061035156	24.76238250732422
22.55795669555664	24.041576385498047
23.479265213012695	25.171104431152344
24.153940200805664	25.763442993164062
22.92449951171875	24.422290802001953
23.06247329711914	24.561752319335938
24.298095703125	25.857580184936523
23.331382751464844	25.035377502441406
22.874906539916992	24.413217544555664
23.747142791748047	25.2930850982666
23.797826766967773	25.236003875732422
22.521690368652344	24.00664710998535
24.259288787841797	25.8453426361084
22.04265594482422	23.4893741607666
19.388261795043945	20.903226852416992
17.130977630615234	18.77796173095703
18.332046508789062	19.941408157348633
21.193235397338867	22.809406280517578
16.585205078125	18.073461532592773
22.275442123413086	23.761802673339844
23.82695960998535	25.42333221435547
23.359912872314453	24.923818588256836
22.890470504760742	24.581592559814453
23.0909481048584	24.6192684173584
21.27035140991211	23.07550811767578
23.836584091186523	25.470956802368164
22.92055892944336	24.489221572875977
18.379423141479492	19.80108642578125
20.466615676879883	22.159889221191406
22.456682205200195	24.133390426635742
22.5743465423584	24.060527801513672
24.793968200683594	26.379701614379883
24.206298828125	25.7393798828125
22.205123901367188	23.620187759399414
23.762401580810547	25.303749084472656
24.824481964111328	26.356794357299805
23.012008666992188	24.527687072753906
23.422901153564453	24.978944778442383
24.042882919311523	25.539011001586914
20.53656578063965	21.969270706176758
21.955141067504883	23.395240783691406
21.362163543701172	23.11922836303711
21.545848846435547	23.058012008666992
21.028818130493164	22.648664474487305
23.536060333251953	25.174169540405273
22.201377868652344	23.656932830810547
23.427640914916992	24.970476150512695
23.694528579711914	25.233497619628906
22.986143112182617	24.588788986206055
21.87896156311035	23.494041442871094
22.53145980834961	24.119983673095703
22.1980037689209	23.660429000854492
19.527477264404297	21.06529998779297
20.455604553222656	21.9462947845459
23.398582458496094	24.833345413208008
19.311830520629883	20.98834991455078
23.21337127685547	24.819589614868164
22.190505981445312	23.65533447265625
23.57280921936035	25.295429229736328
17.53684425354004	19.07642364501953
21.882461547851562	23.378637313842773
22.03192710876465	23.488876342773438
21.333192825317383	22.754709243774414
22.99410629272461	24.435998916625977
22.174062728881836	23.754528045654297
22.194499969482422	23.809812545776367
22.235790252685547	23.66082191467285
23.355581283569336	24.911476135253906
23.077680587768555	24.577041625976562
22.788890838623047	24.22536849975586
23.364360809326172	24.86102294921875
25.482498168945312	27.44228744506836
20.616186141967773	22.24173355102539
23.117633819580078	24.956687927246094
22.24216079711914	23.979324340820312
23.735986709594727	25.269699096679688
23.506141662597656	25.356515884399414
23.021406173706055	24.473249435424805
24.098892211914062	25.596471786499023
22.163984298706055	23.641456604003906
22.148460388183594	23.97000503540039
21.57086753845215	22.967506408691406
22.80603790283203	24.45134925842285
23.801250457763672	25.337820053100586
22.285837173461914	23.80864906311035
22.78105926513672	24.241466522216797
22.271455764770508	23.755420684814453
23.055805206298828	24.635560989379883
22.480894088745117	23.9437255859375
21.869274139404297	23.360750198364258
22.916770935058594	24.330896377563477
23.628341674804688	25.305160522460938
23.188016891479492	24.732702255249023
22.35608673095703	23.779285430908203
23.658586502075195	25.10845184326172
23.62005615234375	25.135271072387695
24.575332641601562	26.27710723876953
23.578353881835938	25.303983688354492
23.624755859375	25.160104751586914
21.5928897857666	23.289037704467773
23.114398956298828	24.788894653320312
21.9326114654541	23.402647018432617
21.32949447631836	22.955554962158203
22.46799087524414	24.144142150878906
22.676450729370117	24.193910598754883
21.670825958251953	23.25092315673828
21.023448944091797	22.4135684967041
23.33946990966797	25.20358657836914
22.944578170776367	24.537208557128906
21.503171920776367	23.257095336914062
21.4656982421875	23.002635955810547
21.231714248657227	22.803539276123047
23.466394424438477	24.95254898071289
20.88021469116211	22.325563430786133
21.39429473876953	22.950645446777344
21.51422882080078	23.12490463256836
22.029382705688477	23.640382766723633
21.250383377075195	22.748554229736328
22.277029037475586	24.17902374267578
21.84725570678711	23.337507247924805
21.103652954101562	22.827957153320312
20.760696411132812	22.360334396362305
22.405088424682617	24.022106170654297
22.228429794311523	23.852943420410156
23.729890823364258	25.430988311767578
21.28435516357422	22.750791549682617
20.999431610107422	22.446887969970703
21.85187530517578	23.3426513671875
22.591148376464844	24.281118392944336
22.53085708618164	24.02847671508789
23.132375717163086	24.740554809570312
21.726465225219727	23.25818634033203
21.986125946044922	23.522666931152344
23.19271469116211	24.78189468383789
21.848814010620117	23.295696258544922
22.797216415405273	24.343517303466797
21.81362533569336	23.273584365844727
21.117353439331055	22.726150512695312
22.680763244628906	24.198780059814453
21.15970230102539	22.67565155029297
20.727947235107422	22.24742889404297
21.553443908691406	23.10991859436035
21.657306671142578	23.17418670654297
22.3170108795166	23.92388343811035
23.135292053222656	24.834453582763672
23.361644744873047	24.987659454345703
21.89458656311035	23.514177322387695
21.952383041381836	23.560989379882812
22.54202651977539	24.283403396606445
21.56615447998047	23.220979690551758
20.776611328125	22.422414779663086
22.571582794189453	24.05200958251953
21.091737747192383	22.811355590820312
21.945541381835938	23.38202476501465
20.800134658813477	22.20547866821289
22.705617904663086	24.333051681518555
21.848623275756836	23.655534744262695
21.733356475830078	23.417909622192383
22.129230499267578	23.859281539916992
22.191740036010742	23.783550262451172
21.703109741210938	23.59056854248047
22.313453674316406	23.949777603149414
22.52471160888672	24.017601013183594
23.365015029907227	25.007768630981445
24.852487564086914	26.444833755493164
24.103349685668945	25.685392379760742
22.65831756591797	24.27444076538086
23.096328735351562	24.604707717895508
23.03412628173828	24.695619583129883
23.621826171875	25.22420883178711
25.223806381225586	26.848342895507812
23.363977432250977	25.17724609375
23.219667434692383	24.807353973388672
22.838939666748047	24.472158432006836
24.780885696411133	26.441490173339844
22.954364776611328	24.568099975585938
22.862098693847656	24.471874237060547
23.4018497467041	24.984729766845703
23.717449188232422	25.381671905517578
24.652265548706055	26.312536239624023
25.391061782836914	26.967639923095703
24.548425674438477	26.299972534179688
25.836997985839844	27.500560760498047
21.231233596801758	22.813682556152344
22.814964294433594	24.401714324951172
22.232725143432617	23.816696166992188
24.5508975982666	26.1538143157959
21.717941284179688	23.665956497192383
24.428380966186523	26.028139114379883
22.491291046142578	24.145275115966797
23.550926208496094	25.16931915283203
21.956113815307617	23.521709442138672
21.599266052246094	23.51168441772461
25.117385864257812	26.93035316467285
22.463645935058594	24.007129669189453
25.423564910888672	27.196792602539062
22.704439163208008	24.277271270751953
22.902259826660156	24.476884841918945
22.686750411987305	24.23035430908203
24.23724937438965	25.998559951782227
25.844951629638672	27.84377670288086
23.415414810180664	25.169965744018555
24.05294418334961	25.693761825561523
23.113218307495117	24.693693161010742
22.40509796142578	24.322826385498047
22.130083084106445	24.758134841918945
23.137605667114258	24.7117919921875
23.789648056030273	25.558792114257812
23.165203094482422	24.889995574951172
23.101486206054688	24.63579559326172
23.984724044799805	25.669912338256836
23.657560348510742	25.384885787963867
24.668895721435547	26.46390151977539
24.909387588500977	26.475139617919922
23.87100601196289	25.492507934570312
25.241195678710938	26.836708068847656
23.361465454101562	25.014909744262695
23.876462936401367	25.477210998535156
25.353322982788086	27.008586883544922
23.83448028564453	25.55217933654785
23.983020782470703	25.827392578125
22.474353790283203	24.015993118286133
22.4344482421875	23.91982650756836
23.02429962158203	24.621204376220703
23.324769973754883	25.01001739501953
23.59290313720703	25.265268325805664
23.749147415161133	25.360034942626953
24.101764678955078	25.747119903564453
17.8519229888916	19.347043991088867
20.116670608520508	21.49579429626465
19.906494140625	21.3687744140625
16.793642044067383	18.18023109436035
19.921791076660156	21.357322692871094
19.998598098754883	21.420387268066406
19.80031967163086	21.261808395385742
19.908485412597656	21.327720642089844
19.10039710998535	20.550891876220703
20.84609603881836	22.301210403442383
20.13125991821289	21.51779556274414
19.516023635864258	20.87603759765625
20.153995513916016	21.48542022705078
19.548681259155273	20.970365524291992
17.517452239990234	18.961946487426758
19.074384689331055	20.485307693481445
18.359676361083984	19.753538131713867
20.652387619018555	22.110612869262695
19.528888702392578	20.965665817260742
18.850509643554688	20.14189910888672
19.240074157714844	20.935157775878906
16.140491485595703	17.561588287353516
19.794511795043945	21.345752716064453
20.32553482055664	21.76642417907715
21.812034606933594	23.425153732299805
19.888648986816406	21.284412384033203
19.2410945892334	20.647096633911133
21.12457847595215	22.614988327026367
19.481525421142578	21.070571899414062
19.40522575378418	20.771718978881836
19.25113868713379	20.777755737304688
18.608434677124023	19.928178787231445
19.38395118713379	20.810026168823242
19.59107208251953	21.002098083496094
19.94371795654297	21.356473922729492
20.13146209716797	21.633989334106445
19.28947639465332	20.595521926879883
19.43220329284668	20.89196014404297
20.860658645629883	22.263315200805664
19.868860244750977	21.222122192382812
19.178892135620117	20.62558364868164
20.578231811523438	21.9681453704834
20.457969665527344	21.824750900268555
19.806413650512695	21.400785446166992
19.588438034057617	21.102947235107422
20.31583595275879	21.653146743774414
20.20467758178711	21.673288345336914
19.316556930541992	20.63076400756836
16.133068084716797	17.564239501953125
19.896526336669922	21.369081497192383
19.28276824951172	20.725008010864258
18.665111541748047	19.997285842895508
19.269411087036133	20.75655746459961
19.53891944885254	20.875551223754883
20.204858779907227	21.565692901611328
20.769973754882812	22.313636779785156
20.146522521972656	21.645490646362305
19.301618576049805	20.787111282348633
20.59341812133789	22.067899703979492
20.559978485107422	22.041105270385742
19.987152099609375	21.457571029663086
19.987037658691406	21.502382278442383
20.051170349121094	21.4517879486084
17.706371307373047	19.154638290405273
19.632583618164062	21.074506759643555
21.760995864868164	23.287321090698242
19.87177085876465	21.386289596557617
22.343381881713867	24.01239585876465
22.052284240722656	23.577465057373047
20.869340896606445	22.329242706298828
20.741487503051758	22.25543975830078
21.6933650970459	23.23336410522461
19.097715377807617	20.403705596923828
21.01262664794922	22.662687301635742
20.665124893188477	22.123273849487305
21.42426109313965	22.870285034179688
20.33700942993164	21.873659133911133
20.13908576965332	21.531301498413086
19.989009857177734	21.502975463867188
22.153518676757812	23.70590591430664
20.530982971191406	22.088376998901367
20.896800994873047	22.378868103027344
20.658723831176758	22.27773666381836
21.288846969604492	22.878366470336914
20.945606231689453	22.333057403564453
19.916906356811523	21.3552188873291
20.88937759399414	22.32292938232422
21.049331665039062	22.582656860351562
20.408994674682617	21.848825454711914
21.211414337158203	22.735488891601562
19.889759063720703	21.308427810668945
21.212236404418945	22.691085815429688
23.234386444091797	24.85668182373047
22.01348876953125	23.594717025756836
22.192380905151367	23.733631134033203
21.947277069091797	23.461374282836914
20.2777042388916	21.776952743530273
22.56011962890625	24.1025333404541
22.208023071289062	23.786392211914062
20.82073402404785	22.288389205932617
22.161911010742188	23.735027313232422
22.311193466186523	23.95608901977539
22.400239944458008	24.010961532592773
20.271120071411133	21.743331909179688
21.029829025268555	22.530305862426758
20.807310104370117	22.28284454345703
20.906661987304688	22.379905700683594
21.427804946899414	22.95309829711914
20.34313201904297	21.799890518188477
20.6994571685791	22.252120971679688
21.106914520263672	22.61821746826172
20.521833419799805	22.039323806762695
15.124687194824219	16.168052673339844
15.210794448852539	16.42357635498047
22.948314666748047	24.536691665649414
20.834997177124023	22.331438064575195
22.239633560180664	23.776634216308594
21.268972396850586	22.755678176879883
20.235227584838867	21.664827346801758
15.362929344177246	16.686294555664062
17.334692001342773	18.867332458496094
20.983545303344727	22.418859481811523
22.71530532836914	24.212064743041992
20.50872802734375	21.920513153076172
17.35638999938965	18.848539352416992
21.126638412475586	22.58783531188965
19.79958152770996	21.211877822875977
20.473220825195312	22.085691452026367
19.868179321289062	21.635997772216797
21.270078659057617	22.979965209960938
24.161203384399414	25.890356063842773
23.155517578125	24.858591079711914
23.79410171508789	25.624433517456055
23.24859046936035	25.404569625854492
23.38275146484375	24.79388427734375
22.164106369018555	23.826122283935547
24.114091873168945	25.599958419799805
22.891042709350586	24.503398895263672
21.230815887451172	23.01314926147461
24.04461097717285	25.701644897460938
21.37334632873535	23.0504207611084
24.61945343017578	26.244060516357422
23.31451416015625	25.136489868164062
22.977540969848633	24.729206085205078
21.041526794433594	22.77068328857422
20.963388442993164	22.615461349487305
20.712913513183594	22.429424285888672
21.439607620239258	23.050622940063477
24.292678833007812	26.242778778076172
22.368436813354492	24.067434310913086
22.653135299682617	24.54593276977539
22.103464126586914	23.721153259277344
20.9190673828125	22.42730140686035
24.031572341918945	25.88202667236328
23.123275756835938	24.902267456054688
0.0	0.0
23.125080108642578	25.219684600830078
22.38174819946289	24.06109046936035
24.73541259765625	26.554370880126953
22.303850173950195	24.015600204467773
20.717374801635742	24.27050018310547
23.293012619018555	24.888633728027344
23.15326499938965	24.81700897216797
23.634843826293945	25.599876403808594
23.642963409423828	25.206256866455078
23.124164581298828	24.71662139892578
22.1174373626709	23.869369506835938
24.412334442138672	26.058454513549805
24.633142471313477	26.275318145751953
23.892183303833008	25.591041564941406
23.000350952148438	24.596792221069336
22.82061004638672	24.497339248657227
23.510278701782227	25.463449478149414
20.803518295288086	22.530717849731445
22.329383850097656	24.023767471313477
20.922439575195312	22.471477508544922
20.59282684326172	22.537153244018555
23.45258331298828	25.313173294067383
24.696826934814453	26.26290512084961
23.353435516357422	24.86029624938965
22.120136260986328	23.649089813232422
21.771163940429688	23.354331970214844
21.107454299926758	22.82317352294922
21.739704132080078	23.372037887573242
22.74651527404785	24.600341796875
22.7608585357666	24.277799606323242
24.62363052368164	26.2843074798584
22.778783798217773	24.369417190551758
21.22473907470703	22.76925277709961
22.29849624633789	23.935453414916992
24.567859649658203	26.08938980102539
22.479957580566406	24.16010093688965
21.801076889038086	23.390785217285156
24.249292373657227	25.88043975830078
24.820266723632812	26.526390075683594
23.015745162963867	24.490440368652344
23.075119018554688	24.555028915405273
23.172157287597656	24.811843872070312
22.947265625	24.502965927124023
27.070999145507812	29.012676239013672
22.586809158325195	24.237590789794922
25.04570770263672	26.71697425842285
22.544631958007812	24.25189781188965
23.201078414916992	24.820205688476562
22.259733200073242	23.780868530273438
23.572423934936523	25.195112228393555
23.512414932250977	25.06133460998535
23.389650344848633	26.091320037841797
22.721874237060547	24.623149871826172
21.740951538085938	23.325315475463867
25.081979751586914	26.88806915283203
23.442371368408203	25.19756507873535
23.099313735961914	24.8316650390625
21.10238265991211	24.170358657836914
23.377378463745117	24.91021156311035
21.024158477783203	23.646408081054688
22.774436950683594	24.382658004760742
22.24994659423828	23.75881576538086
23.16229820251465	25.009164810180664
23.312664031982422	24.975238800048828
21.908815383911133	23.4891300201416
23.006044387817383	24.692222595214844
23.369962692260742	24.898239135742188
24.136520385742188	25.696552276611328
24.255151748657227	25.765727996826172
23.861713409423828	26.027816772460938
23.724258422851562	25.304536819458008
24.342971801757812	26.100866317749023
22.791994094848633	24.367603302001953
23.203134536743164	24.83255386352539
24.102235794067383	25.863801956176758
23.610267639160156	25.096576690673828
22.287858963012695	23.869670867919922
22.51544952392578	24.077985763549805
22.907323837280273	24.321395874023438
23.391765594482422	24.993818283081055
22.323183059692383	23.982593536376953
23.526050567626953	25.067359924316406
25.089881896972656	26.805381774902344
23.427465438842773	24.97565269470215
23.089366912841797	24.767183303833008
22.394149780273438	24.07925033569336
24.30974578857422	26.025205612182617
24.0189208984375	25.634366989135742
23.387737274169922	24.95513343811035
23.82699203491211	25.40875816345215
24.359207153320312	25.963603973388672
25.131135940551758	26.827856063842773
24.00606918334961	25.660255432128906
23.355398178100586	24.89299964904785
22.985187530517578	24.489608764648438
23.62167739868164	25.073448181152344
22.76728057861328	24.378820419311523
21.31304168701172	22.927133560180664
23.783714294433594	25.54082679748535
21.90833282470703	23.766796112060547
24.1916446685791	25.88604164123535
21.54159927368164	23.185338973999023
24.36978530883789	26.027803421020508
22.924001693725586	25.574302673339844
22.426050186157227	24.027742385864258
21.342065811157227	22.92644500732422
22.00139808654785	23.64898109436035
20.63739776611328	23.539478302001953
23.422521591186523	25.1621150970459
21.99993324279785	23.606708526611328
22.34713363647461	23.977922439575195
22.208328247070312	24.019115447998047
21.339895248413086	22.955381393432617
21.64853286743164	23.159372329711914
24.301525115966797	26.100034713745117
24.225082397460938	25.878162384033203
21.670269012451172	23.288663864135742
21.837074279785156	23.36227035522461
22.26138687133789	23.871614456176758
21.397680282592773	23.031126022338867
22.49071502685547	24.17913055419922
22.462631225585938	24.07526206970215
23.017030715942383	24.70905303955078
22.560850143432617	24.064430236816406
21.644433975219727	23.214799880981445
21.70836639404297	23.290084838867188
22.828889846801758	24.480426788330078
18.438440322875977	22.867420196533203
23.96622085571289	25.78964614868164
22.1923770904541	23.741601943969727
23.643957138061523	25.354639053344727
21.3756103515625	22.980314254760742
21.838642120361328	23.461402893066406
21.6279354095459	23.12358856201172
20.85094451904297	22.46015167236328
23.08489990234375	24.66537094116211
21.255870819091797	22.87664031982422
23.096385955810547	24.998598098754883
21.396745681762695	22.929912567138672
22.369646072387695	24.080705642700195
20.564790725708008	22.063093185424805
22.71733856201172	24.393674850463867
22.515869140625	24.167808532714844
22.864038467407227	24.890790939331055
22.82379722595215	24.577659606933594
22.087873458862305	23.7304630279541
21.732057571411133	23.471010208129883
23.568317413330078	25.271350860595703
20.416610717773438	22.165273666381836
22.8028507232666	24.681312561035156
20.016618728637695	23.165353775024414
22.211227416992188	23.882169723510742
23.258848190307617	24.874834060668945
22.493492126464844	24.16967010498047
23.783117294311523	25.467086791992188
21.366098403930664	23.0963191986084
24.726808547973633	26.507217407226562
22.460195541381836	24.114072799682617
23.955476760864258	25.614612579345703
15.370205879211426	18.59730339050293
22.174644470214844	23.888412475585938
22.864187240600586	24.521827697753906
21.63544464111328	23.27013397216797
21.124988555908203	22.988515853881836
21.575824737548828	23.124095916748047
19.891212463378906	21.420185089111328
21.672143936157227	23.45099639892578
20.78127670288086	22.31075668334961
21.608442306518555	23.107192993164062
22.94629669189453	24.658052444458008
21.627363204956055	23.135297775268555
20.479402542114258	22.097322463989258
20.629714965820312	22.158506393432617
20.878276824951172	22.42688751220703
22.50354766845703	24.122840881347656
21.65233612060547	23.192100524902344
21.104841232299805	22.594308853149414
22.0120849609375	23.625755310058594
21.999677658081055	23.648447036743164
20.850522994995117	22.419626235961914
19.874662399291992	21.333717346191406
21.213930130004883	22.74155044555664
20.850481033325195	22.299213409423828
20.548307418823242	22.275779724121094
20.115806579589844	21.580472946166992
20.746198654174805	22.256715774536133
20.27228546142578	21.79120445251465
20.330965042114258	21.97540855407715
21.08875274658203	22.540538787841797
21.38604164123535	22.883543014526367
21.29338836669922	22.839216232299805
20.530561447143555	21.97210693359375
22.059690475463867	23.702367782592773
19.91911506652832	21.460416793823242
20.44338607788086	21.933826446533203
21.664932250976562	23.255050659179688
21.80783462524414	23.382658004760742
20.860939025878906	22.364391326904297
21.05951690673828	22.496797561645508
22.978649139404297	24.64312171936035
23.749347686767578	25.333946228027344
21.445539474487305	23.07419204711914
21.835050582885742	23.446462631225586
20.079774856567383	21.674551010131836
22.16546058654785	23.833423614501953
21.379783630371094	22.98123550415039
21.199621200561523	22.723894119262695
22.008516311645508	23.601476669311523
24.360536575317383	26.046375274658203
21.16067886352539	22.624624252319336
22.07422637939453	23.711904525756836
22.210058212280273	23.82418441772461
23.097213745117188	24.790599822998047
21.37371253967285	22.926286697387695
20.178970336914062	21.79549789428711
23.019670486450195	24.58495330810547
20.17859649658203	21.79155921936035
23.012678146362305	24.683656692504883
21.433046340942383	23.01266098022461
22.573719024658203	24.195249557495117
21.41815948486328	22.947792053222656
21.042953491210938	22.5650634765625
21.077966690063477	22.685049057006836
20.60855484008789	22.1379451751709
20.44952392578125	21.97158432006836
20.814380645751953	22.341724395751953
21.037851333618164	22.705446243286133
20.95956039428711	22.53850555419922
22.662023544311523	24.381258010864258
23.219482421875	24.964319229125977
23.48932456970215	25.313854217529297
19.977258682250977	21.88680648803711
23.138416290283203	24.705198287963867
23.041969299316406	24.7263126373291
23.772533416748047	25.524198532104492
20.54193687438965	22.94780921936035
22.748937606811523	24.446056365966797
21.59979820251465	23.15158462524414
21.824140548706055	23.353168487548828
22.634925842285156	24.242103576660156
21.60802459716797	23.246904373168945
24.46444320678711	26.4829158782959
17.631824493408203	19.230735778808594
23.836034774780273	25.497268676757812
21.538312911987305	23.091997146606445
22.190061569213867	23.834510803222656
21.24136734008789	23.029699325561523
21.811939239501953	23.435903549194336
20.747474670410156	23.009971618652344
21.6804256439209	23.475910186767578
21.156505584716797	22.707571029663086
20.82280921936035	22.37875747680664
21.917959213256836	23.95398712158203
20.88147735595703	22.772991180419922
21.95986557006836	23.539060592651367
21.271398544311523	22.941974639892578
20.39679718017578	23.26290512084961
22.04364776611328	23.556001663208008
21.93648910522461	23.830106735229492
23.18212127685547	24.90231704711914
21.30767059326172	23.22228240966797
22.808141708374023	24.301586151123047
21.042009353637695	23.713674545288086
20.661914825439453	22.60567855834961
22.098682403564453	23.71529769897461
21.023969650268555	22.950550079345703
22.709035873413086	24.373220443725586
22.053651809692383	23.654512405395508
20.935379028320312	22.75122833251953
23.45733642578125	25.122814178466797
19.86300277709961	21.385086059570312
21.348953247070312	23.205364227294922
16.167686462402344	18.0534610748291
21.615129470825195	23.31354522705078
23.281055450439453	25.02291488647461
21.8641414642334	23.384662628173828
23.752748489379883	25.45407485961914
21.667463302612305	23.635332107543945
23.702974319458008	25.414840698242188
23.888479232788086	25.522377014160156
24.476394653320312	26.19927215576172
22.701509475708008	24.304115295410156
22.689279556274414	24.389612197875977
22.322917938232422	24.141624450683594
21.302270889282227	23.159679412841797
21.92194175720215	23.609817504882812
21.057424545288086	22.597644805908203
21.693525314331055	23.353649139404297
23.57449722290039	25.332130432128906
23.887035369873047	25.637300491333008
23.294845581054688	24.852588653564453
22.835622787475586	24.704774856567383
23.270986557006836	24.86016845703125
23.57271957397461	25.202476501464844
22.862455368041992	24.450336456298828
19.961776733398438	21.389995574951172
23.348569869995117	24.9140567779541
20.564287185668945	22.076234817504883
18.27140235900879	19.66887092590332
22.74457359313965	24.501623153686523
19.609230041503906	21.16614532470703
20.577903747558594	22.177383422851562
23.601024627685547	25.179990768432617
19.160215377807617	20.628618240356445
20.957752227783203	22.625816345214844
21.974225997924805	23.635866165161133
20.557533264160156	22.193771362304688
22.203153610229492	23.916391372680664
21.590879440307617	23.074996948242188
21.3978328704834	22.851943969726562
23.212696075439453	24.849267959594727
21.754037857055664	23.3977108001709
19.853551864624023	21.25594711303711
21.718286514282227	23.32093048095703
21.26819610595703	22.886812210083008
19.950525283813477	21.57583236694336
20.733789443969727	22.367555618286133
22.075525283813477	23.823139190673828
21.032062530517578	22.718639373779297
21.49078369140625	22.91903305053711
20.0803279876709	21.553068161010742
21.665170669555664	23.301069259643555
19.58565902709961	21.081308364868164
23.544652938842773	25.12771224975586
21.46889877319336	22.960681915283203
19.935937881469727	21.456846237182617
21.861215591430664	23.546640396118164
19.926137924194336	21.627653121948242
20.77996253967285	22.409278869628906
20.747217178344727	22.313692092895508
22.05142593383789	23.691015243530273
20.193405151367188	21.74334144592285
21.823453903198242	23.715085983276367
22.103811264038086	23.79935073852539
19.869041442871094	21.310216903686523
20.78472137451172	22.380165100097656
21.407861709594727	22.96245765686035
20.152002334594727	21.676185607910156
22.83609390258789	24.494861602783203
23.67691421508789	25.422548294067383
22.106029510498047	23.683849334716797
23.98279571533203	25.6973876953125
21.563278198242188	23.201139450073242
22.84124183654785	24.555343627929688
20.466022491455078	22.530675888061523
18.70395851135254	20.1984920501709
21.2089786529541	22.68173599243164
20.56627655029297	22.138111114501953
22.900714874267578	24.61343765258789
20.882862091064453	22.3700008392334
20.00840950012207	21.545759201049805
21.277963638305664	22.855812072753906
21.35546875	23.15460968017578
22.456235885620117	24.210622787475586
20.270164489746094	21.934310913085938
19.750940322875977	21.251907348632812
24.64013671875	26.33401870727539
25.438926696777344	26.903589248657227
24.6544189453125	26.64760971069336
24.968341827392578	26.857131958007812
24.62371063232422	26.06900405883789
24.961627960205078	26.467998504638672
26.67531967163086	28.24878692626953
26.04122543334961	28.05791473388672
25.005962371826172	26.574787139892578
25.935104370117188	27.584819793701172
24.834638595581055	26.333906173706055
25.152822494506836	26.689224243164062
25.345632553100586	26.849166870117188
24.05962371826172	25.62060546875
24.365224838256836	26.277345657348633
26.234600067138672	28.02776336669922
25.363561630249023	27.584850311279297
25.612625122070312	27.151321411132812
23.045494079589844	24.909276962280273
26.010913848876953	27.646806716918945
20.494369506835938	23.040180206298828
23.014202117919922	24.785533905029297
24.098651885986328	25.8823184967041
25.944231033325195	27.5400390625
25.49801254272461	27.106508255004883
23.717832565307617	25.21570587158203
26.651653289794922	28.27361297607422
26.07119369506836	27.620525360107422
23.945093154907227	25.54617691040039
27.484233856201172	29.0974178314209
26.1093807220459	28.172931671142578
25.431381225585938	26.876447677612305
26.240516662597656	27.920778274536133
25.376144409179688	26.92127227783203
25.48351287841797	27.08261489868164
21.835411071777344	23.53612518310547
26.744638442993164	28.37491226196289
23.209135055541992	25.028474807739258
25.307113647460938	26.876089096069336
26.3465633392334	27.930112838745117
26.13604736328125	27.610029220581055
24.518417358398438	25.9705810546875
25.439987182617188	26.922012329101562
23.957250595092773	25.995046615600586
21.901193618774414	23.750520706176758
24.263269424438477	25.835813522338867
25.662193298339844	27.511388778686523
24.71148681640625	26.211957931518555
26.404645919799805	28.295347213745117
26.784866333007812	28.678022384643555
26.271108627319336	27.97916030883789
25.90746307373047	27.398025512695312
26.930702209472656	28.663562774658203
24.3724365234375	26.020227432250977
26.878984451293945	28.59449005126953
25.281635284423828	27.066905975341797
22.926471710205078	24.868501663208008
24.32962417602539	26.077104568481445
25.60601806640625	27.378324508666992
24.70240020751953	26.28882598876953
24.21477699279785	25.882835388183594
26.272512435913086	27.854816436767578
23.428001403808594	24.933652877807617
24.764516830444336	26.5548038482666
25.00762939453125	26.94824981689453
26.205188751220703	27.9363956451416
25.013832092285156	26.883031845092773
26.1971378326416	27.908397674560547
26.438213348388672	28.146800994873047
26.219438552856445	27.871593475341797
26.318559646606445	28.056386947631836
25.349105834960938	28.3428955078125
27.080116271972656	28.829784393310547
23.619884490966797	25.1696834564209
27.945066452026367	29.761186599731445
26.336097717285156	27.975717544555664
24.095766067504883	25.953527450561523
25.11406707763672	27.0083065032959
24.943836212158203	26.623371124267578
24.2331600189209	26.204980850219727
25.242233276367188	27.164222717285156
25.059988021850586	26.803417205810547
25.344829559326172	27.134126663208008
22.905664443969727	24.778549194335938
24.99200439453125	26.581674575805664
24.868724822998047	26.488283157348633
24.195341110229492	25.811594009399414
24.746610641479492	26.545761108398438
26.415903091430664	28.115827560424805
24.551441192626953	26.096410751342773
27.089767456054688	28.7548885345459
28.219947814941406	30.239662170410156
24.980998992919922	26.765180587768555
26.089134216308594	28.053485870361328
23.591445922851562	25.383596420288086
24.806425094604492	26.434560775756836
24.444564819335938	26.1065616607666
23.677350997924805	25.34770965576172
24.931360244750977	26.650379180908203
24.836515426635742	27.37665557861328
25.030370712280273	27.032289505004883
0.0	0.0
26.30581283569336	28.148035049438477
25.062299728393555	26.807294845581055
24.811328887939453	26.65692901611328
26.111196517944336	27.862041473388672
25.0454044342041	26.82217788696289
25.86221694946289	27.540163040161133
22.7634220123291	24.862730026245117
22.317174911499023	23.90667724609375
22.46127700805664	24.208091735839844
24.488697052001953	26.17261505126953
24.385156631469727	26.05828285217285
25.068466186523438	26.82678985595703
26.190839767456055	28.218368530273438
24.379920959472656	25.972457885742188
22.92890167236328	24.628070831298828
24.942419052124023	26.508058547973633
25.448558807373047	27.155607223510742
16.22011375427246	19.011459350585938
27.045272827148438	29.066844940185547
25.09954261779785	26.824783325195312
25.794404983520508	27.512012481689453
27.14397621154785	28.9447078704834
17.94699478149414	19.910446166992188
19.137941360473633	20.45831298828125
26.244461059570312	28.0899658203125
24.869647979736328	26.683330535888672
20.73508071899414	22.52556610107422
18.157773971557617	19.927011489868164
23.850767135620117	25.58220672607422
23.05801010131836	24.783037185668945
23.753252029418945	25.320758819580078
24.151111602783203	25.676694869995117
25.108007431030273	26.690834045410156
25.520811080932617	27.333595275878906
25.364870071411133	26.9898624420166
20.976787567138672	22.72637367248535
26.02532196044922	27.7000732421875
19.16422462463379	20.83209800720215
22.12464141845703	23.90414810180664
22.921438217163086	24.719675064086914
25.782522201538086	27.850690841674805
24.215740203857422	25.826261520385742
23.325563430786133	25.130998611450195
20.737436294555664	22.37942886352539
22.906688690185547	24.920141220092773
24.234041213989258	25.96060562133789
23.2070255279541	24.980783462524414
23.020000457763672	24.791128158569336
25.240821838378906	27.115211486816406
21.83221435546875	23.518844604492188
24.491323471069336	26.23993492126465
24.1827392578125	25.806791305541992
24.89056396484375	26.937637329101562
24.98187828063965	26.548931121826172
23.593809127807617	25.337444305419922
24.197343826293945	25.802167892456055
25.416671752929688	27.11178970336914
19.719404220581055	21.535179138183594
24.27350425720215	25.975727081298828
25.060049057006836	26.83615493774414
22.175373077392578	23.956655502319336
24.141611099243164	25.857725143432617
23.458477020263672	25.098554611206055
18.027530670166016	19.76337242126465
22.722333908081055	24.45394515991211
23.139995574951172	25.027938842773438
24.534513473510742	26.198566436767578
23.5360050201416	25.06509017944336
23.837270736694336	25.39263916015625
25.362808227539062	27.137575149536133
25.236495971679688	27.128643035888672
23.265413284301758	24.849143981933594
23.363082885742188	25.196264266967773
24.927122116088867	26.538331985473633
19.027297973632812	20.923297882080078
23.52198028564453	25.254928588867188
17.288219451904297	18.836584091186523
20.727266311645508	22.436368942260742
19.96466636657715	21.606218338012695
26.055957794189453	27.721933364868164
25.582929611206055	27.247514724731445
18.156875610351562	19.829605102539062
20.11408233642578	21.953405380249023
19.17943572998047	20.969558715820312
24.924789428710938	26.800243377685547
26.98651123046875	28.604421615600586
20.904945373535156	22.6717586517334
21.146289825439453	22.951980590820312
19.82419204711914	21.406064987182617
25.214860916137695	26.95876693725586
24.0009765625	26.703428268432617
26.94747543334961	28.516521453857422
28.99132537841797	30.515953063964844
24.635265350341797	26.275941848754883
24.892465591430664	26.590024948120117
22.33597183227539	24.15380859375
27.44127655029297	29.118324279785156
28.536767959594727	30.42236328125
21.653121948242188	23.43891143798828
24.613807678222656	26.1370906829834
28.43549346923828	30.267833709716797
28.066072463989258	29.60344696044922
25.209430694580078	26.845918655395508
26.688249588012695	28.510950088500977
27.783432006835938	29.364269256591797
25.419099807739258	27.23275375366211
23.190336227416992	25.225570678710938
26.1722412109375	28.01189613342285
27.378341674804688	29.587068557739258
25.248737335205078	27.140729904174805
25.98336410522461	27.749828338623047
25.420324325561523	27.024944305419922
19.88399887084961	21.750499725341797
26.270639419555664	28.298851013183594
26.41446304321289	28.059221267700195
22.56090545654297	24.344989776611328
24.263818740844727	26.0714111328125
28.194355010986328	29.922700881958008
23.92507553100586	26.282943725585938
25.022533416748047	26.899362564086914
22.93457794189453	24.542692184448242
27.652942657470703	29.229997634887695
26.917922973632812	28.511432647705078
26.192211151123047	27.835651397705078
23.9107666015625	25.45134735107422
24.169326782226562	25.7015380859375
24.111818313598633	25.805397033691406
23.843393325805664	26.1705379486084
25.67086410522461	27.499649047851562
25.990646362304688	27.832168579101562
22.785634994506836	24.772939682006836
25.33136749267578	26.951305389404297
25.307476043701172	26.910999298095703
19.650121688842773	21.380990982055664
24.736642837524414	26.823837280273438
24.270191192626953	25.939088821411133
20.079387664794922	21.94971466064453
22.982351303100586	24.475147247314453
22.7973575592041	24.485580444335938
25.544540405273438	27.339689254760742
25.141611099243164	26.804370880126953
29.10799789428711	30.90365219116211
26.319530487060547	28.000713348388672
25.192951202392578	26.776290893554688
27.849071502685547	29.6075382232666
27.095020294189453	28.73172378540039
27.568126678466797	29.574892044067383
27.592182159423828	29.270349502563477
26.364755630493164	28.009010314941406
24.539899826049805	26.082460403442383
28.688390731811523	30.385391235351562
27.871152877807617	29.431133270263672
29.249557495117188	31.114173889160156
28.847187042236328	30.7685489654541
20.769311904907227	22.4025821685791
20.399507522583008	21.913494110107422
19.270225524902344	20.888774871826172
20.610910415649414	22.224023818969727
20.363012313842773	21.84685707092285
21.044641494750977	22.51129722595215
20.778154373168945	22.41806411743164
21.876752853393555	23.532310485839844
16.869524002075195	18.349960327148438
20.229806900024414	21.759597778320312
19.68633270263672	21.120471954345703
19.661296844482422	21.164602279663086
20.206954956054688	21.65738296508789
20.971092224121094	22.421022415161133
19.157407760620117	20.717735290527344
19.263402938842773	20.9753475189209
20.09701156616211	21.546377182006836
19.5385684967041	21.056987762451172
20.990022659301758	22.540355682373047
19.89885902404785	21.410612106323242
19.560028076171875	21.170520782470703
19.673236846923828	21.345956802368164
20.342308044433594	21.941423416137695
21.20667266845703	22.745023727416992
17.527997970581055	19.082792282104492
17.828632354736328	19.397789001464844
18.551136016845703	19.929595947265625
20.308982849121094	21.814245223999023
18.820327758789062	20.583677291870117
19.753480911254883	21.319137573242188
21.565298080444336	23.18490219116211
19.864625930786133	21.321413040161133
20.215190887451172	21.6404972076416
21.371871948242188	22.950265884399414
21.374465942382812	22.91976547241211
21.662668228149414	23.314420700073242
19.190523147583008	20.51656723022461
18.692840576171875	20.376867294311523
21.646303176879883	23.23412322998047
20.653076171875	22.170625686645508
20.06974220275879	21.693117141723633
19.966339111328125	21.37051010131836
18.65562629699707	20.245223999023438
18.38466453552246	20.504514694213867
18.260604858398438	20.038890838623047
21.1904296875	22.753173828125
20.709177017211914	22.246204376220703
20.944047927856445	22.42403793334961
20.834190368652344	22.2504825592041
18.966707229614258	20.6343994140625
20.950151443481445	22.437904357910156
20.412263870239258	21.896099090576172
20.757423400878906	22.336435317993164
16.44598388671875	17.81640625
16.1205997467041	17.56110382080078
19.980117797851562	21.476177215576172
20.05304718017578	21.604291915893555
19.048606872558594	20.731027603149414
19.03227996826172	20.45705223083496
20.939292907714844	22.4803524017334
18.51396942138672	19.953649520874023
20.296178817749023	21.772480010986328
21.27969741821289	22.820405960083008
21.146238327026367	22.707712173461914
22.109975814819336	23.753612518310547
22.17682647705078	23.681602478027344
19.66852378845215	21.14691734313965
19.99721908569336	21.392436981201172
21.63300132751465	23.181875228881836
22.667156219482422	24.223840713500977
20.363183975219727	21.765094757080078
22.681615829467773	24.33147430419922
19.922630310058594	21.39214324951172
19.92786407470703	21.452939987182617
21.48662757873535	23.02450942993164
20.37672996520996	21.954195022583008
20.277196884155273	21.862903594970703
21.977022171020508	23.538307189941406
20.19438934326172	21.553129196166992
20.616313934326172	22.048717498779297
22.49441909790039	24.20087242126465
20.9957332611084	22.634872436523438
20.184558868408203	21.955829620361328
19.9306697845459	21.555221557617188
21.247947692871094	22.799177169799805
21.797460556030273	23.425626754760742
20.713598251342773	22.183090209960938
19.320932388305664	20.881324768066406
20.508207321166992	22.011817932128906
22.24484634399414	23.836872100830078
20.382301330566406	21.83959197998047
21.586851119995117	23.13925552368164
20.832054138183594	22.378408432006836
19.347885131835938	20.952329635620117
20.57632827758789	22.062013626098633
20.705331802368164	22.24831771850586
20.331066131591797	21.830638885498047
20.409778594970703	21.951860427856445
19.451797485351562	20.964824676513672
19.57457733154297	20.97417640686035
19.953704833984375	21.612173080444336
20.21430206298828	21.776634216308594
21.46698760986328	23.029090881347656
20.808778762817383	22.36102867126465
16.845569610595703	18.49238395690918
19.233444213867188	20.686561584472656
21.40198516845703	22.911535263061523
20.568422317504883	22.145315170288086
20.197620391845703	21.864608764648438
19.242679595947266	20.76297378540039
20.519140243530273	22.11868667602539
19.82615089416504	21.360849380493164
20.36011505126953	21.96790313720703
20.956409454345703	22.47760009765625
20.470909118652344	22.003355026245117
20.16044807434082	21.573318481445312
21.42019271850586	23.166149139404297
20.813426971435547	22.31836700439453
21.15411376953125	22.699079513549805
20.435714721679688	22.036670684814453
21.743915557861328	23.444791793823242
21.46021270751953	23.038984298706055
21.57404327392578	23.09693145751953
19.73419761657715	21.152894973754883
19.746305465698242	21.35633087158203
21.65674591064453	23.228525161743164
21.3951473236084	23.087587356567383
20.36741828918457	21.850980758666992
19.833213806152344	21.711925506591797
21.52429962158203	23.19122314453125
20.20285987854004	21.86046600341797
21.059303283691406	22.812280654907227
0.0	0.0
19.630809783935547	21.201807022094727
0.0	0.0
21.840410232543945	23.7369441986084
22.530323028564453	24.131074905395508
20.228927612304688	21.772724151611328
21.534605026245117	23.041582107543945
20.141756057739258	21.63028335571289
20.517723083496094	22.150867462158203
22.265182495117188	23.872447967529297
21.341291427612305	23.05327796936035
20.914260864257812	22.447654724121094
21.8483829498291	23.802263259887695
22.909927368164062	24.49271011352539
20.952247619628906	22.642200469970703
21.148513793945312	22.713397979736328
18.12442970275879	19.99491310119629
22.014875411987305	23.74639892578125
22.97760772705078	24.61737823486328
21.627992630004883	23.372095108032227
21.868825912475586	23.56023406982422
23.446914672851562	25.110458374023438
19.469636917114258	21.039522171020508
0.0	0.0
21.382221221923828	23.00799560546875
23.080921173095703	24.701183319091797
21.35403060913086	23.0642147064209
21.6378173828125	23.368812561035156
21.406578063964844	22.930744171142578
22.239479064941406	23.807205200195312
23.1882266998291	24.841686248779297
19.785118103027344	21.632497787475586
20.122133255004883	21.754261016845703
19.822460174560547	21.367286682128906
21.989971160888672	23.556467056274414
22.063823699951172	23.718950271606445
22.2237491607666	23.793006896972656
20.87567710876465	22.395143508911133
21.459327697753906	22.948875427246094
20.914073944091797	22.811296463012695
20.617080688476562	22.348407745361328
21.602418899536133	23.173696517944336
18.609172821044922	20.569429397583008
21.99042510986328	23.572288513183594
20.38861846923828	22.336782455444336
19.242591857910156	21.012880325317383
22.600889205932617	24.223833084106445
21.94721031188965	23.583127975463867
21.304285049438477	22.911216735839844
20.18405532836914	21.663022994995117
20.371177673339844	21.895496368408203
20.037521362304688	21.860383987426758
20.213844299316406	22.13886070251465
22.143817901611328	23.773338317871094
21.673765182495117	23.269166946411133
19.609237670898438	21.076416015625
17.459491729736328	19.172977447509766
20.0449161529541	21.5865478515625
21.612258911132812	23.231342315673828
19.359216690063477	21.51586151123047
23.27942657470703	25.276382446289062
23.800477981567383	25.443323135375977
24.82782745361328	26.609272003173828
24.505687713623047	26.233057022094727
22.861482620239258	24.47979164123535
21.916173934936523	23.600231170654297
24.76280975341797	26.32474136352539
26.795629501342773	28.595449447631836
24.7504940032959	26.484943389892578
23.072509765625	24.697538375854492
22.366003036499023	24.353473663330078
25.571256637573242	27.300386428833008
23.708148956298828	25.34571075439453
26.5502986907959	28.52199935913086
24.696382522583008	26.312135696411133
25.555540084838867	27.300758361816406
22.813962936401367	24.73383140563965
23.87554359436035	25.839271545410156
23.008827209472656	25.004594802856445
26.246421813964844	28.58783531188965
24.26813507080078	25.879091262817383
24.280031204223633	25.897865295410156
25.286680221557617	27.10482406616211
24.924455642700195	26.950767517089844
25.18917465209961	26.831501007080078
23.112014770507812	24.772207260131836
23.337385177612305	25.04100799560547
26.259986877441406	27.927135467529297
25.8143310546875	27.827770233154297
25.284528732299805	27.110462188720703
23.381113052368164	24.941164016723633
24.467634201049805	26.238637924194336
25.358488082885742	27.072500228881836
24.710824966430664	26.42119789123535
23.90520668029785	25.581806182861328
23.98886489868164	25.62466812133789
26.229875564575195	28.20476722717285
24.081911087036133	25.94788360595703
25.733421325683594	27.562368392944336
24.291475296020508	25.98684310913086
25.613733291625977	27.34271812438965
23.06511878967285	24.701154708862305
25.248395919799805	27.013538360595703
25.260190963745117	26.95421600341797
23.658035278320312	25.668373107910156
22.912620544433594	24.460416793823242
23.54792022705078	25.428491592407227
25.17345428466797	27.142444610595703
23.519023895263672	25.404165267944336
23.380592346191406	25.10007095336914
25.322830200195312	26.974210739135742
24.984451293945312	26.648426055908203
24.193490982055664	25.74819564819336
23.981000900268555	25.523353576660156
24.547853469848633	26.263381958007812
25.233705520629883	27.14069366455078
24.16790771484375	26.100744247436523
25.070493698120117	26.736034393310547
24.85068130493164	26.845319747924805
23.690685272216797	25.365978240966797
23.5245361328125	25.4256649017334
24.453493118286133	26.176532745361328
24.952594757080078	26.537242889404297
25.857351303100586	27.769119262695312
18.93743324279785	20.38117027282715
21.333147048950195	22.85076904296875
20.612367630004883	22.135534286499023
20.211410522460938	22.07135772705078
21.465959548950195	23.01938247680664
20.101062774658203	21.66602325439453
18.72321891784668	20.138290405273438
20.603452682495117	22.18975067138672
19.817668914794922	21.295015335083008
21.239015579223633	22.934019088745117
19.68710708618164	21.153854370117188
19.83223533630371	21.37213134765625
19.757976531982422	21.26513671875
20.193355560302734	21.709030151367188
20.077272415161133	21.754419326782227
21.009023666381836	22.631872177124023
18.834548950195312	20.53280258178711
20.229625701904297	21.7684383392334
17.42262077331543	19.072986602783203
18.51178741455078	19.969497680664062
20.654640197753906	22.4758358001709
17.8990421295166	19.488548278808594
18.5257511138916	20.162870407104492
17.902067184448242	19.37689781188965
19.63152503967285	21.09490203857422
19.58942413330078	21.112886428833008
19.696949005126953	21.262794494628906
18.547029495239258	20.021766662597656
19.435501098632812	21.15179443359375
20.156949996948242	21.72740936279297
18.033985137939453	19.867481231689453
18.83147430419922	20.384017944335938
18.74553871154785	20.181167602539062
19.357398986816406	20.851430892944336
19.007753372192383	20.378284454345703
18.48052406311035	20.34443473815918
19.94929313659668	21.576610565185547
17.94749641418457	19.58694839477539
19.372970581054688	20.87961196899414
18.62335205078125	20.104267120361328
18.535917282104492	19.952016830444336
17.976720809936523	19.43416976928711
18.554197311401367	19.942155838012695
19.031455993652344	20.51996421813965
18.968116760253906	20.766111373901367
18.213685989379883	19.653501510620117
20.443578720092773	22.104598999023438
18.535144805908203	19.979320526123047
17.080453872680664	18.605188369750977
15.12447738647461	16.226978302001953
19.64521026611328	21.15795135498047
19.724655151367188	21.211074829101562
20.393905639648438	22.06468963623047
18.90375328063965	20.36315155029297
20.37496566772461	21.92904281616211
19.65697479248047	21.211816787719727
19.27094841003418	20.992204666137695
21.88031578063965	23.506567001342773
20.245582580566406	21.75100326538086
17.84670639038086	19.244447708129883
19.521337509155273	21.11809730529785
18.9553279876709	20.4317684173584
18.06465721130371	19.45737648010254
17.839252471923828	19.3515567779541
21.049392700195312	22.68640899658203
20.318822860717773	21.746665954589844
19.639659881591797	21.103649139404297
21.354894638061523	22.881921768188477
21.378530502319336	22.985939025878906
20.33428192138672	21.855173110961914
20.070398330688477	21.521135330200195
20.564607620239258	22.080533981323242
18.86817741394043	20.276172637939453
19.940013885498047	21.496580123901367
19.66637420654297	21.05408477783203
19.549007415771484	21.120716094970703
19.768756866455078	21.194578170776367
19.756229400634766	21.435625076293945
21.653759002685547	23.211925506591797
20.3754940032959	22.041282653808594
22.547195434570312	24.23849868774414
19.12114906311035	20.652542114257812
21.36992835998535	22.90886878967285
19.717702865600586	21.225357055664062
19.49207305908203	21.06293296813965
20.14093780517578	21.670122146606445
19.22319793701172	20.7037296295166
18.876737594604492	20.49468231201172
20.993165969848633	22.524629592895508
18.875255584716797	20.300378799438477
19.909273147583008	21.393301010131836
19.573753356933594	21.134634017944336
18.286596298217773	19.941343307495117
19.739744186401367	21.420856475830078
20.794954299926758	22.35491943359375
19.91911506652832	21.406904220581055
19.081939697265625	20.480012893676758
18.969297409057617	20.351564407348633
19.8597354888916	21.344518661499023
18.829404830932617	20.296592712402344
20.61876678466797	22.321636199951172
19.97724151611328	21.771652221679688
20.00603485107422	21.638460159301758
19.723003387451172	21.20138168334961
17.236787796020508	18.64091682434082
20.171411514282227	21.644784927368164
19.318605422973633	20.73418426513672
19.460779190063477	20.920442581176758
17.329833984375	18.904014587402344
19.19619369506836	20.783334732055664
19.803054809570312	21.41503143310547
18.477807998657227	19.937734603881836
19.468687057495117	20.984582901000977
19.49327278137207	21.008956909179688
19.660276412963867	21.185592651367188
17.742380142211914	19.098787307739258
20.46476173400879	22.14264488220215
20.5432071685791	22.058740615844727
20.234437942504883	21.78160858154297
20.698999404907227	22.187002182006836
20.616052627563477	22.25543212890625
19.14000701904297	20.505752563476562
18.9781551361084	20.413860321044922
19.940675735473633	21.420696258544922
20.84857177734375	22.39165687561035
19.524267196655273	20.996320724487305
21.627708435058594	23.28313636779785
21.32042694091797	22.813499450683594
23.189733505249023	24.936201095581055
22.518571853637695	23.954795837402344
22.442481994628906	24.018957138061523
23.204309463500977	24.974380493164062
23.132471084594727	24.593006134033203
22.194473266601562	23.707115173339844
22.98328399658203	24.475984573364258
23.407485961914062	25.130247116088867
23.446603775024414	24.988828659057617
23.742021560668945	25.291332244873047
23.894514083862305	25.47878646850586
23.220510482788086	24.718576431274414
22.483888626098633	23.949634552001953
22.78588104248047	24.249147415161133
23.8559513092041	25.484067916870117
23.358407974243164	24.900053024291992
23.099536895751953	24.707172393798828
23.122264862060547	24.814905166625977
22.288593292236328	23.999101638793945
23.860763549804688	25.388093948364258
22.078502655029297	23.7630615234375
22.7631778717041	24.49199867248535
23.16960906982422	24.9782657623291
22.12590789794922	23.667325973510742
23.572420120239258	25.251953125
22.429698944091797	23.999584197998047
22.989004135131836	24.484289169311523
23.651935577392578	25.072525024414062
23.866361618041992	25.558652877807617
23.313119888305664	24.849523544311523
22.093669891357422	24.06075668334961
23.317270278930664	24.940574645996094
23.356340408325195	24.80254554748535
21.489259719848633	23.061166763305664
22.346111297607422	23.85296058654785
20.31072425842285	21.849119186401367
23.200424194335938	24.729454040527344
22.34359359741211	24.064409255981445
23.232406616210938	24.7463321685791
22.893596649169922	24.302968978881836
23.277517318725586	24.730213165283203
23.334848403930664	24.951797485351562
23.354158401489258	24.8964900970459
22.519210815429688	24.242406845092773
24.289775848388672	26.11004066467285
21.09009552001953	23.3956356048584
23.354562759399414	25.207780838012695
22.60041046142578	24.147071838378906
23.045787811279297	24.856592178344727
22.932754516601562	24.547929763793945
22.339120864868164	23.786392211914062
23.88788604736328	25.419227600097656
24.07501220703125	25.792701721191406
23.160005569458008	24.59598159790039
23.172534942626953	24.72420883178711
23.485633850097656	25.221656799316406
23.424232482910156	25.149063110351562
23.511669158935547	25.1993408203125
24.214506149291992	25.804580688476562
23.71152114868164	25.1960391998291
21.829517364501953	23.4910945892334
23.92620849609375	25.508695602416992
21.995220184326172	23.415752410888672
22.84149169921875	24.539173126220703
25.601041793823242	27.207090377807617
23.69089126586914	25.251693725585938
24.926467895507812	26.565929412841797
22.4945125579834	24.019245147705078
22.12938690185547	23.559125900268555
22.367597579956055	23.8638916015625
23.413599014282227	24.909067153930664
22.96857452392578	24.679838180541992
22.755870819091797	24.278554916381836
21.64269256591797	23.124635696411133
23.107606887817383	24.62786102294922
23.155763626098633	24.65460777282715
24.640535354614258	26.213254928588867
22.49958038330078	24.115806579589844
23.113502502441406	24.566268920898438
19.955018997192383	21.61176300048828
22.649978637695312	24.100387573242188
20.328100204467773	21.935405731201172
22.271047592163086	23.839740753173828
23.576086044311523	25.36105728149414
22.853561401367188	24.352733612060547
22.764944076538086	24.326082229614258
21.610610961914062	23.076068878173828
20.74441909790039	22.234172821044922
21.484210968017578	22.898818969726562
22.478891372680664	23.94750213623047
24.737455368041992	26.317302703857422
21.86434555053711	23.509801864624023
21.75716781616211	23.3742733001709
22.558218002319336	24.262720108032227
21.538904190063477	23.0189266204834
23.179357528686523	24.8077335357666
24.496980667114258	25.9593448638916
25.006851196289062	26.6165771484375
23.5583553314209	25.108352661132812
23.74957847595215	25.35808563232422
22.35816192626953	24.12610626220703
22.543325424194336	24.113046646118164
24.016172409057617	25.636991500854492
24.498384475708008	26.023317337036133
21.37015151977539	23.12944984436035
23.681367874145508	25.19244384765625
21.204761505126953	22.813180923461914
23.38739585876465	24.95471954345703
22.196584701538086	23.941308975219727
22.087566375732422	23.596532821655273
22.785985946655273	24.404129028320312
21.55535316467285	23.12447738647461
22.261611938476562	24.036855697631836
22.119300842285156	23.72052001953125
22.6160831451416	24.376859664916992
22.945880889892578	24.680248260498047
23.194475173950195	24.845352172851562
22.547039031982422	24.124143600463867
23.875375747680664	25.3626766204834
21.261335372924805	22.841684341430664
22.557424545288086	24.3936824798584
21.5770320892334	22.978431701660156
21.311880111694336	22.93160629272461
23.38056182861328	24.911008834838867
20.446727752685547	21.892772674560547
24.739707946777344	26.317041397094727
22.360218048095703	24.18851089477539
23.015514373779297	24.625993728637695
28.91205406188965	30.740978240966797
28.981212615966797	30.701112747192383
27.678564071655273	29.586341857910156
29.703292846679688	31.663347244262695
28.261798858642578	29.983787536621094
27.6851863861084	29.309165954589844
26.784147262573242	28.535367965698242
30.418893814086914	32.039241790771484
26.104263305664062	27.836240768432617
26.930587768554688	28.912425994873047
29.155561447143555	30.91930389404297
26.530141830444336	28.082704544067383
27.763687133789062	29.654600143432617
27.745901107788086	29.638160705566406
28.494821548461914	30.327425003051758
21.766355514526367	23.594528198242188
31.6566219329834	33.661338806152344
27.63176918029785	29.45477867126465
29.60865020751953	31.679471969604492
28.44009017944336	30.29474639892578
28.07172393798828	30.021167755126953
28.40960121154785	30.13243865966797
28.42017364501953	30.378992080688477
27.890666961669922	29.58348846435547
28.626195907592773	30.728008270263672
30.231884002685547	31.8898983001709
27.3558406829834	28.967456817626953
29.828369140625	31.68621826171875
29.745805740356445	31.87673568725586
27.974170684814453	29.745637893676758
29.44033432006836	31.42293930053711
28.237960815429688	29.96938705444336
29.915151596069336	31.744863510131836
27.602001190185547	29.283653259277344
28.311988830566406	30.002422332763672
29.630111694335938	31.603273391723633
28.982877731323242	30.634498596191406
30.056596755981445	32.0413703918457
28.10308265686035	29.805583953857422
31.282827377319336	33.139923095703125
30.02553939819336	31.757925033569336
28.953710556030273	30.995342254638672
29.564233779907227	31.208707809448242
28.641847610473633	30.518400192260742
28.523643493652344	30.51372528076172
27.564064025878906	29.188711166381836
30.079729080200195	31.891193389892578
30.204200744628906	32.00143814086914
31.770423889160156	33.58061599731445
30.326810836791992	32.0639762878418
26.722614288330078	28.437536239624023
28.83206558227539	30.5880069732666
29.59719467163086	31.43829345703125
29.35204315185547	31.049558639526367
28.842674255371094	30.896682739257812
29.72411346435547	31.534936904907227
29.678590774536133	31.662675857543945
28.145925521850586	29.97348403930664
29.91036605834961	31.741439819335938
28.958498001098633	30.7053165435791
29.330215454101562	31.137060165405273
27.414091110229492	29.154006958007812
28.862226486206055	30.65222930908203
30.08941650390625	31.773122787475586
24.20745086669922	26.48894691467285
31.0135498046875	32.68989562988281
27.31645965576172	29.10857582092285
30.029857635498047	31.761707305908203
28.26877212524414	29.896705627441406
28.72321128845215	30.67798614501953
29.420133590698242	30.9750919342041
27.854839324951172	29.668601989746094
29.072526931762695	30.930967330932617
27.712390899658203	29.426959991455078
24.210527420043945	26.123485565185547
26.05411148071289	27.866334915161133
30.75225257873535	32.445526123046875
27.724830627441406	29.49209213256836
27.5312442779541	29.08013153076172
26.437095642089844	28.54205894470215
19.430068969726562	21.69843292236328
25.6022891998291	27.677019119262695
26.040023803710938	28.38812828063965
24.30675506591797	26.87314224243164
23.722064971923828	25.42120933532715
28.409902572631836	30.161985397338867
24.607463836669922	26.46683120727539
25.066720962524414	26.99993324279785
27.636796951293945	29.343299865722656
25.628427505493164	27.59929656982422
25.823678970336914	27.555492401123047
29.087129592895508	30.754467010498047
27.09011459350586	28.933738708496094
27.25444793701172	29.044452667236328
25.810161590576172	27.82577133178711
27.552968978881836	29.14459991455078
25.419910430908203	27.294267654418945
26.112668991088867	27.900876998901367
26.479541778564453	28.297513961791992
29.18353271484375	30.952665328979492
27.70461654663086	29.528512954711914
25.703096389770508	27.8751277923584
25.711078643798828	27.48892593383789
26.974103927612305	28.55838394165039
27.587800979614258	29.899545669555664
24.970714569091797	26.7386474609375
26.74490737915039	28.289339065551758
30.473556518554688	32.128631591796875
25.38485336303711	27.518844604492188
24.569232940673828	26.3127384185791
26.933082580566406	28.601112365722656
29.959840774536133	31.586837768554688
17.694494247436523	19.574642181396484
26.697372436523438	28.79171371459961
28.61386489868164	30.24234390258789
28.7146053314209	30.272802352905273
26.227602005004883	28.320585250854492
28.31802749633789	30.151084899902344
29.698450088500977	31.50702476501465
25.606809616088867	27.8361873626709
27.950197219848633	30.07867431640625
28.739368438720703	30.548810958862305
28.37183380126953	30.252883911132812
29.812898635864258	31.581159591674805
24.459501266479492	26.17959976196289
29.57916831970215	31.099397659301758
28.993022918701172	30.686769485473633
23.29143714904785	25.184595108032227
21.5032901763916	23.57732391357422
29.249309539794922	30.98135757446289
28.435039520263672	30.189977645874023
23.367431640625	25.276203155517578
29.15853500366211	30.950794219970703
30.76529312133789	32.58160400390625
29.72393226623535	31.55849838256836
28.809734344482422	31.00506019592285
29.05276870727539	30.907880783081055
28.565122604370117	30.46805191040039
26.523113250732422	28.278953552246094
28.270822525024414	29.9956111907959
29.080551147460938	30.912090301513672
29.413755416870117	31.203781127929688
22.944141387939453	24.86050796508789
29.46002960205078	31.20085906982422
25.09267807006836	27.000837326049805
29.031206130981445	30.775657653808594
27.241243362426758	29.00878143310547
30.087472915649414	31.86212730407715
28.912609100341797	30.870145797729492
29.057518005371094	30.84923553466797
28.808462142944336	30.845354080200195
29.254392623901367	31.01076889038086
25.659902572631836	27.375038146972656
30.13593292236328	31.98381805419922
27.573558807373047	29.304067611694336
29.064573287963867	30.908395767211914
29.041187286376953	31.209667205810547
29.951326370239258	31.658021926879883
29.283201217651367	31.368324279785156
28.965646743774414	30.78925132751465
28.462257385253906	30.225181579589844
29.442241668701172	31.351634979248047
28.768714904785156	30.585914611816406
29.505447387695312	31.41854476928711
28.403820037841797	30.176733016967773
27.791818618774414	29.622285842895508
29.277366638183594	31.01976776123047
28.671117782592773	30.329856872558594
28.25684356689453	29.922651290893555
29.541820526123047	31.403635025024414
28.630136489868164	30.315319061279297
28.916061401367188	30.894424438476562
28.5601749420166	30.70069122314453
26.448034286499023	28.0147647857666
26.84593963623047	28.715129852294922
29.769546508789062	31.61634063720703
28.53530502319336	30.284526824951172
29.397136688232422	31.392026901245117
27.661907196044922	29.459081649780273
30.02996826171875	31.761184692382812
27.800739288330078	29.732397079467773
29.82351303100586	31.658096313476562
28.32815933227539	30.043588638305664
29.59174156188965	31.53093719482422
29.583213806152344	31.45873260498047
26.432039260864258	28.193323135375977
26.6735897064209	28.43454360961914
29.367013931274414	31.17107391357422
27.270336151123047	29.159343719482422
28.464353561401367	30.35015106201172
27.123310089111328	28.810680389404297
29.057634353637695	30.742338180541992
27.036962509155273	28.6325626373291
27.791296005249023	29.315404891967773
27.989215850830078	29.7315616607666
28.338146209716797	30.14667510986328
27.35912322998047	28.928956985473633
28.247236251831055	29.837980270385742
27.998950958251953	29.722900390625
29.017744064331055	30.71173095703125
28.795114517211914	30.577619552612305
26.13471221923828	27.70981216430664
25.357349395751953	26.95183563232422
27.49720001220703	29.14227294921875
26.349899291992188	27.8798828125
27.998186111450195	29.643129348754883
25.461618423461914	27.10476303100586
28.843496322631836	30.505022048950195
29.766490936279297	31.466032028198242
29.606948852539062	31.332252502441406
27.76559066772461	29.595735549926758
28.498594284057617	30.496803283691406
27.757726669311523	29.378799438476562
26.87712860107422	28.436189651489258
27.66946792602539	29.24028968811035
27.752744674682617	29.706178665161133
26.82577133178711	28.431943893432617
29.706640243530273	31.528398513793945
29.97089195251465	31.726608276367188
26.7906436920166	28.430997848510742
27.968101501464844	29.629377365112305
27.626083374023438	29.33440589904785
27.761594772338867	29.30211639404297
27.111183166503906	28.652751922607422
28.763450622558594	30.38067626953125
26.580646514892578	28.05352210998535
28.349428176879883	29.997812271118164
26.660741806030273	28.23345184326172
25.969829559326172	28.42645835876465
26.6761531829834	28.71289825439453
27.72112274169922	29.443952560424805
27.560256958007812	29.06924819946289
27.333093643188477	29.11492156982422
27.451467514038086	28.975906372070312
27.579553604125977	29.128225326538086
27.845338821411133	29.377012252807617
29.99737548828125	31.958974838256836
28.89642333984375	30.454845428466797
27.29259490966797	28.798295974731445
27.56395721435547	29.08368682861328
30.006559371948242	31.679771423339844
28.587289810180664	30.213882446289062
27.62054443359375	29.24570083618164
27.5703067779541	29.108930587768555
28.77210235595703	30.408000946044922
27.802692413330078	29.25299835205078
28.671358108520508	30.262496948242188
30.414209365844727	32.142791748046875
27.331052780151367	29.09069061279297
27.815561294555664	29.4144287109375
26.713014602661133	28.420127868652344
27.966476440429688	29.600194931030273
26.727462768554688	28.4771671295166
28.113422393798828	29.79708480834961
29.1787166595459	30.963970184326172
27.785245895385742	29.441608428955078
23.357383728027344	24.882078170776367
22.395309448242188	23.900367736816406
21.67251968383789	23.24825668334961
23.45792007446289	24.99597930908203
22.802051544189453	24.37773895263672
22.325515747070312	23.798961639404297
23.45049285888672	25.07767105102539
23.939342498779297	25.685083389282227
23.392221450805664	24.964242935180664
22.113210678100586	23.65616226196289
22.513134002685547	24.05157470703125
23.119714736938477	24.625764846801758
21.455324172973633	22.857454299926758
21.701608657836914	23.091838836669922
24.646127700805664	26.162729263305664
21.958948135375977	23.540565490722656
22.942861557006836	24.496862411499023
23.157255172729492	24.791791915893555
22.552114486694336	24.046255111694336
21.811933517456055	23.27483367919922
22.38945770263672	24.124156951904297
22.31277847290039	23.740629196166992
23.3745059967041	25.044836044311523
22.702810287475586	24.137636184692383
21.66543960571289	23.204313278198242
22.683429718017578	24.265663146972656
21.990455627441406	23.53093910217285
21.102527618408203	22.54526138305664
24.821191787719727	26.487180709838867
22.049440383911133	23.580577850341797
23.566259384155273	25.27532958984375
22.791627883911133	24.344350814819336
22.138254165649414	23.829360961914062
21.171157836914062	22.57465171813965
22.492225646972656	24.028953552246094
23.38274574279785	24.95281219482422
22.650354385375977	24.186933517456055
23.126018524169922	24.65610122680664
22.182273864746094	23.747024536132812
22.469959259033203	23.961936950683594
23.958290100097656	25.48647689819336
22.769750595092773	24.35049057006836
22.353498458862305	23.931791305541992
23.12334632873535	24.774255752563477
22.740276336669922	24.395092010498047
22.168481826782227	23.67462158203125
21.628286361694336	23.275596618652344
22.262670516967773	23.779504776000977
23.184032440185547	24.86957359313965
21.966943740844727	23.69534683227539
20.519033432006836	21.83269500732422
22.4759464263916	23.979839324951172
20.373912811279297	21.970901489257812
22.956005096435547	24.524301528930664
22.608366012573242	24.057876586914062
22.545289993286133	24.127822875976562
24.28942108154297	26.306716918945312
21.661388397216797	23.192588806152344
22.89647674560547	24.512798309326172
22.191059112548828	23.638774871826172
22.00832748413086	23.6156063079834
21.739097595214844	23.269868850708008
21.6355037689209	23.146808624267578
22.015819549560547	23.581928253173828
23.28012466430664	24.961223602294922
21.22765350341797	22.621788024902344
19.991567611694336	21.48160171508789
22.309982299804688	23.841859817504883
20.567296981811523	22.051185607910156
22.438631057739258	24.049402236938477
23.040283203125	24.60761260986328
22.425539016723633	24.2539005279541
21.83087730407715	23.289051055908203
20.614208221435547	22.155534744262695
22.224397659301758	23.777177810668945
20.53624725341797	22.086294174194336
21.4310359954834	22.89053726196289
20.28660774230957	21.830345153808594
22.401222229003906	23.946081161499023
23.494243621826172	25.21441650390625
21.991655349731445	23.557861328125
23.654699325561523	25.327367782592773
22.48821449279785	23.966602325439453
21.745336532592773	23.36530113220215
23.2159366607666	24.837230682373047
22.21573257446289	23.737215042114258
21.576122283935547	23.099218368530273
20.87603759765625	22.5380802154541
20.795368194580078	22.327180862426758
21.976247787475586	23.480348587036133
21.860177993774414	23.371501922607422
21.305883407592773	22.858234405517578
20.402355194091797	22.097219467163086
21.374919891357422	23.037216186523438
22.091962814331055	23.592805862426758
22.21722412109375	23.73981285095215
21.854042053222656	23.365354537963867
20.760705947875977	22.264299392700195
23.840848922729492	25.383892059326172
20.595304489135742	22.165184020996094
21.808740615844727	23.531719207763672
20.259960174560547	21.830665588378906
20.73974609375	22.274438858032227
22.772459030151367	24.289785385131836
19.76988410949707	21.315567016601562
22.135236740112305	23.671546936035156
21.328651428222656	22.88580894470215
19.786922454833984	21.160207748413086
19.49103355407715	21.019689559936523
20.13739776611328	21.60598373413086
21.64312744140625	23.266733169555664
21.861433029174805	23.373971939086914
21.453275680541992	23.049419403076172
22.360979080200195	24.00238609313965
22.325536727905273	24.008411407470703
20.217348098754883	21.809097290039062
21.12055206298828	22.7906494140625
21.953628540039062	23.517488479614258
19.624095916748047	20.980100631713867
22.277921676635742	23.9259090423584
21.644702911376953	23.314682006835938
22.519811630249023	24.16946029663086
21.772714614868164	23.378822326660156
22.381025314331055	23.876508712768555
21.389577865600586	22.942480087280273
21.336620330810547	22.765911102294922
21.814985275268555	23.50997543334961
22.04291534423828	23.635347366333008
21.890602111816406	23.648113250732422
21.094358444213867	22.659229278564453
19.44963836669922	20.984638214111328
21.654661178588867	23.315988540649414
21.441875457763672	22.8973445892334
20.926645278930664	22.423107147216797
22.122583389282227	23.614633560180664
21.74701499938965	23.41167449951172
20.91519546508789	22.47408676147461
20.955909729003906	22.482177734375
20.017606735229492	21.398292541503906
21.842744827270508	23.343496322631836
22.317049026489258	23.817455291748047
22.00567054748535	23.50066566467285
21.469106674194336	23.037487030029297
20.569673538208008	22.24081039428711
20.94095230102539	22.493370056152344
20.539979934692383	21.947710037231445
21.811481475830078	23.348621368408203
20.638490676879883	22.085887908935547
22.181251525878906	23.853736877441406
21.45830726623535	23.034757614135742
21.06258773803711	22.660568237304688
20.393911361694336	21.80477523803711
21.219440460205078	22.73126983642578
21.61994171142578	23.126792907714844
22.29907989501953	23.844762802124023
22.80243682861328	24.351478576660156
20.965757369995117	22.76288414001465
21.155231475830078	22.664710998535156
19.240388870239258	21.05496597290039
22.944171905517578	24.469135284423828
22.12055015563965	23.717212677001953
22.051006317138672	23.54238510131836
22.829505920410156	24.350603103637695
20.436307907104492	22.00225830078125
21.596811294555664	22.938304901123047
21.919038772583008	23.497779846191406
21.70110321044922	23.150470733642578
20.622634887695312	22.083911895751953
20.504981994628906	21.869792938232422
22.1821346282959	23.600065231323242
21.1616268157959	22.591289520263672
21.683032989501953	23.503435134887695
22.153120040893555	23.886188507080078
22.700054168701172	24.2607421875
22.207809448242188	23.699567794799805
22.33379554748535	23.944612503051758
21.812606811523438	23.453874588012695
21.60592269897461	23.126291275024414
20.384519577026367	21.74993324279785
22.01892852783203	23.550586700439453
22.160017013549805	23.795671463012695
22.221349716186523	23.83111572265625
22.102890014648438	23.553390502929688
19.59787940979004	21.221508026123047
20.446300506591797	22.00131607055664
22.497465133666992	24.187999725341797
22.158327102661133	23.64242172241211
23.674156188964844	25.22796630859375
21.61065101623535	23.17294692993164
22.081972122192383	23.572019577026367
21.823942184448242	23.27096176147461
22.169170379638672	23.9107666015625
21.681041717529297	23.433134078979492
20.171457290649414	21.668699264526367
21.051172256469727	22.540855407714844
20.306468963623047	21.733789443969727
20.599510192871094	22.075410842895508
19.718835830688477	21.294130325317383
20.053979873657227	21.471759796142578
21.83774185180664	23.474533081054688
21.3386287689209	22.889728546142578
20.113815307617188	21.603271484375
18.620309829711914	20.204967498779297
22.164106369018555	23.77081871032715
22.2496337890625	23.775911331176758
21.586231231689453	23.193344116210938
22.0523738861084	23.571157455444336
22.071392059326172	23.61469268798828
20.237730026245117	21.787796020507812
21.111852645874023	22.677106857299805
20.75725746154785	22.314250946044922
20.111352920532227	21.699159622192383
20.4145565032959	21.809642791748047
19.29187774658203	20.700185775756836
20.771543502807617	22.197328567504883
20.134485244750977	21.689865112304688
21.150554656982422	22.664228439331055
21.179428100585938	22.667499542236328
20.497522354125977	21.962533950805664
21.046354293823242	22.588825225830078
20.437429428100586	22.1090087890625
21.12579917907715	22.97405242919922
20.876991271972656	22.3677921295166
20.750732421875	22.243467330932617
19.066925048828125	20.582054138183594
20.829221725463867	22.305248260498047
21.762775421142578	23.369474411010742
20.962339401245117	22.51437759399414
22.12493896484375	23.750673294067383
20.30470085144043	22.164857864379883
20.397916793823242	21.956449508666992
20.257524490356445	21.772218704223633
19.087160110473633	20.6999454498291
18.841354370117188	20.282546997070312
19.839984893798828	21.246408462524414
19.332782745361328	20.69437026977539
20.529916763305664	22.102500915527344
18.760417938232422	20.226520538330078
21.411020278930664	22.993000030517578
20.119251251220703	21.544349670410156
17.007165908813477	18.57656478881836
17.0001163482666	18.531457901000977
20.033037185668945	21.574594497680664
19.132217407226562	20.644624710083008
22.174419403076172	23.72708511352539
22.066953659057617	23.566984176635742
20.249862670898438	21.720458984375
21.00112533569336	22.45783042907715
21.58331298828125	23.241670608520508
21.489784240722656	22.98021697998047
21.19424057006836	22.729785919189453
20.552900314331055	22.016225814819336
16.29463768005371	17.845298767089844
22.094419479370117	23.669946670532227
21.01458740234375	22.560361862182617
18.773038864135742	20.31359100341797
20.00307846069336	21.415685653686523
19.72652816772461	21.105300903320312
17.63115119934082	19.072734832763672
19.834779739379883	21.456340789794922
19.893484115600586	21.322895050048828
19.292835235595703	20.688861846923828
17.46320915222168	18.76384735107422
20.62738609313965	22.14324378967285
18.602291107177734	19.932676315307617
20.13701629638672	21.76251220703125
19.313261032104492	20.69406509399414
18.81719207763672	20.209190368652344
18.218055725097656	19.677431106567383
19.240171432495117	20.703174591064453
18.96514320373535	20.38867950439453
18.122268676757812	19.56635284423828
21.186969757080078	22.73601722717285
18.59906005859375	19.898950576782227
20.022693634033203	21.476911544799805
18.282392501831055	19.7279052734375
19.2437686920166	20.831829071044922
18.862857818603516	20.289260864257812
19.024152755737305	20.502138137817383
18.644302368164062	20.008590698242188
17.961585998535156	19.31464385986328
18.581449508666992	19.999574661254883
17.824504852294922	19.14910125732422
19.353343963623047	20.798778533935547
18.55191993713379	20.081768035888672
18.362337112426758	19.75581932067871
19.091184616088867	20.647775650024414
16.893476486206055	18.191410064697266
17.694751739501953	19.1419734954834
19.724042892456055	21.127405166625977
18.792469024658203	20.255279541015625
18.33586883544922	20.066133499145508
17.661598205566406	18.969852447509766
18.33572006225586	19.88475799560547
20.903972625732422	22.38593292236328
18.558679580688477	19.983179092407227
18.52170181274414	19.895679473876953
19.07672691345215	20.474027633666992
18.507278442382812	19.908052444458008
18.43964195251465	20.073686599731445
18.43238639831543	20.020044326782227
19.59456443786621	20.97850799560547
18.898012161254883	20.438596725463867
19.345544815063477	20.792829513549805
18.724197387695312	20.27752113342285
17.878368377685547	19.236560821533203
18.8804931640625	20.228424072265625
20.165571212768555	21.48978042602539
19.738269805908203	21.261375427246094
18.949378967285156	20.286048889160156
18.01613998413086	19.388813018798828
18.660202026367188	20.05906867980957
19.706270217895508	21.188302993774414
19.543428421020508	21.095640182495117
22.076616287231445	23.661422729492188
19.133846282958984	20.52989959716797
19.354721069335938	20.96991729736328
19.737815856933594	21.200153350830078
19.017723083496094	20.40558433532715
18.277984619140625	19.82581901550293
21.20974349975586	22.859115600585938
22.58089828491211	24.087499618530273
21.666757583618164	23.092439651489258
20.625253677368164	21.955110549926758
22.74459457397461	24.302324295043945
21.35870933532715	22.851953506469727
21.608537673950195	23.03872299194336
22.468303680419922	24.190797805786133
21.40264129638672	22.801101684570312
21.8673038482666	23.399585723876953
20.972326278686523	22.438220977783203
21.493087768554688	22.926292419433594
21.115917205810547	22.694684982299805
21.323169708251953	23.012239456176758
21.01378631591797	22.404834747314453
21.100374221801758	22.589475631713867
21.892484664916992	23.429641723632812
21.952503204345703	23.742839813232422
20.794878005981445	22.30057144165039
21.010496139526367	22.68402671813965
23.244760513305664	24.748762130737305
21.928861618041992	23.401182174682617
21.938024520874023	23.4129581451416
21.213550567626953	22.858781814575195
21.5433292388916	23.14472007751465
22.55472183227539	24.080717086791992
19.972885131835938	21.3601131439209
21.0911922454834	22.467021942138672
21.040830612182617	22.644203186035156
19.386255264282227	21.129863739013672
21.447250366210938	22.970605850219727
21.229440689086914	22.629356384277344
21.028709411621094	22.535768508911133
22.45673179626465	23.92965316772461
21.760643005371094	23.217992782592773
21.114479064941406	22.505657196044922
20.731538772583008	22.405006408691406
20.99701690673828	22.578603744506836
21.555286407470703	23.100065231323242
20.744897842407227	22.22028160095215
22.422992706298828	24.13027572631836
21.9728946685791	23.463361740112305
21.977643966674805	23.49166488647461
21.00025177001953	22.395036697387695
20.6597843170166	22.446918487548828
21.47323989868164	22.995622634887695
19.19426918029785	20.709226608276367
21.77057647705078	23.231679916381836
21.195392608642578	22.627941131591797
21.811311721801758	23.2823543548584
21.348947525024414	22.866409301757812
21.273578643798828	22.718158721923828
22.155601501464844	23.798755645751953
21.44261932373047	22.864852905273438
22.146730422973633	23.5220890045166
22.744701385498047	24.322467803955078
20.748289108276367	22.42340850830078
22.164648056030273	23.82345962524414
21.139528274536133	22.637067794799805
22.218671798706055	23.694232940673828
22.754438400268555	24.272451400756836
22.048982620239258	23.526561737060547
21.00374984741211	22.578462600708008
22.394237518310547	23.978979110717773
22.517160415649414	24.337427139282227
21.56903648376465	23.14795684814453
19.32109832763672	21.046371459960938
22.240262985229492	24.033855438232422
21.568864822387695	23.340097427368164
22.359521865844727	24.09766387939453
21.876108169555664	23.54357147216797
23.621007919311523	25.440523147583008
20.37574005126953	22.429059982299805
20.623430252075195	22.34756088256836
21.460067749023438	23.603309631347656
21.837322235107422	23.388896942138672
20.504011154174805	22.090646743774414
18.532888412475586	20.046070098876953
22.351463317871094	24.152597427368164
21.667993545532227	23.31658363342285
22.15332794189453	23.720670700073242
18.83560562133789	20.519495010375977
22.2380428314209	23.757638931274414
21.243789672851562	22.923805236816406
22.800098419189453	24.692365646362305
21.659982681274414	23.360923767089844
23.63382339477539	25.36837387084961
22.490966796875	23.980937957763672
21.727771759033203	23.31378173828125
22.089826583862305	23.803848266601562
20.376771926879883	22.075721740722656
21.321216583251953	22.906322479248047
20.341096878051758	21.977767944335938
18.87611198425293	20.575851440429688
20.037250518798828	21.960914611816406
20.56466293334961	22.5053653717041
21.343059539794922	23.004549026489258
18.64362335205078	20.6368465423584
23.0477237701416	24.760356903076172
21.040346145629883	22.784263610839844
19.974441528320312	21.50524139404297
20.423763275146484	22.028663635253906
21.857257843017578	23.474660873413086
21.3989200592041	23.015399932861328
20.2602596282959	21.840343475341797
20.621862411499023	22.185941696166992
21.603492736816406	23.301374435424805
19.754127502441406	21.949583053588867
15.230676651000977	17.02446937561035
20.585777282714844	22.345985412597656
22.778749465942383	24.443584442138672
20.77203941345215	22.440568923950195
22.004043579101562	23.720048904418945
21.634742736816406	23.237319946289062
19.944067001342773	21.517593383789062
23.3885498046875	25.34905242919922
20.696184158325195	22.447439193725586
20.34345245361328	21.888463973999023
20.744409561157227	22.348094940185547
21.657567977905273	23.403831481933594
20.449478149414062	21.962709426879883
21.760053634643555	23.410715103149414
21.638490676879883	23.393695831298828
22.52715492248535	24.018728256225586
20.014400482177734	21.579851150512695
22.025672912597656	23.56496810913086
21.839824676513672	23.45427703857422
18.42011833190918	20.22827911376953
23.54464340209961	25.199125289916992
24.0361385345459	25.754798889160156
23.56698226928711	25.117843627929688
23.802217483520508	25.350730895996094
23.007080078125	24.4244384765625
25.1796817779541	26.80970001220703
23.789775848388672	25.39592742919922
24.99396514892578	26.713258743286133
24.319894790649414	26.123090744018555
25.32577896118164	26.959577560424805
24.1570987701416	25.752635955810547
24.970928192138672	26.653852462768555
24.2244815826416	25.820816040039062
25.528858184814453	27.207054138183594
24.124305725097656	25.614580154418945
24.946453094482422	26.517568588256836
24.884204864501953	26.7121524810791
22.74432373046875	24.43808364868164
22.657800674438477	24.450580596923828
24.015348434448242	26.074268341064453
23.663768768310547	25.282941818237305
25.072162628173828	26.7907657623291
21.344097137451172	22.860496520996094
22.93218421936035	24.603219985961914
24.486251831054688	26.184537887573242
22.925840377807617	24.530500411987305
23.866065979003906	25.408859252929688
23.215917587280273	24.71440887451172
24.868173599243164	26.596263885498047
22.403854370117188	24.18215560913086
23.68701934814453	25.387487411499023
23.760297775268555	25.345064163208008
23.67961883544922	25.334657669067383
21.950143814086914	23.406362533569336
24.243610382080078	25.958059310913086
24.021150588989258	25.598623275756836
23.83810043334961	25.60931968688965
21.30231475830078	22.87932586669922
24.589204788208008	26.229228973388672
23.580337524414062	25.141916275024414
22.8231258392334	24.70708656311035
22.586925506591797	24.213964462280273
24.40491485595703	25.899280548095703
24.147174835205078	25.697694778442383
21.99701690673828	24.053138732910156
24.014055252075195	25.632062911987305
23.492605209350586	25.050424575805664
24.506044387817383	26.15195083618164
23.50354766845703	25.261734008789062
22.705114364624023	24.243040084838867
25.069673538208008	26.841943740844727
22.521223068237305	24.069963455200195
23.880475997924805	25.467370986938477
23.18096160888672	24.72509002685547
23.502023696899414	25.07373809814453
21.544940948486328	23.390413284301758
23.283584594726562	24.962953567504883
25.081157684326172	26.70926284790039
24.720121383666992	26.20580291748047
24.132848739624023	25.654016494750977
22.246557235717773	24.05972671508789
24.369220733642578	25.96575355529785
22.648143768310547	24.220884323120117
23.33853530883789	25.024290084838867
20.772489547729492	22.385913848876953
19.247591018676758	20.66722869873047
20.7126522064209	22.27521514892578
19.989795684814453	21.642597198486328
21.720773696899414	23.15630340576172
19.545743942260742	21.051677703857422
20.462621688842773	21.961288452148438
19.50422477722168	21.17551040649414
21.42877960205078	23.025869369506836
22.552160263061523	24.17435073852539
20.741931915283203	22.609546661376953
18.731040954589844	20.078340530395508
21.169048309326172	22.71802520751953
20.742958068847656	22.347187042236328
19.668516159057617	21.13067626953125
20.349773406982422	21.843019485473633
20.271026611328125	21.883716583251953
19.10083770751953	20.479097366333008
20.270479202270508	21.783226013183594
22.31328773498535	23.860851287841797
20.717432022094727	22.319812774658203
19.074909210205078	20.51092529296875
21.091537475585938	22.852680206298828
21.276945114135742	22.892349243164062
20.69060516357422	22.20745849609375
18.855749130249023	20.22777557373047
21.549095153808594	23.167552947998047
20.23761749267578	21.671598434448242
21.10845947265625	22.851577758789062
21.371728897094727	22.93106460571289
21.438396453857422	23.072275161743164
20.49068832397461	21.96796417236328
20.236448287963867	21.835285186767578
18.812259674072266	20.329654693603516
19.596172332763672	20.99689292907715
21.356346130371094	22.978164672851562
19.009614944458008	20.40180206298828
20.549213409423828	22.183252334594727
20.606704711914062	22.064043045043945
21.360572814941406	22.84585952758789
20.227323532104492	21.65007781982422
19.547929763793945	20.917512893676758
20.347370147705078	21.84178924560547
21.050268173217773	22.64297103881836
20.462223052978516	22.082414627075195
20.31417465209961	21.716100692749023
21.394702911376953	23.007946014404297
17.298795700073242	18.759429931640625
20.200241088867188	21.756757736206055
19.995698928833008	21.560819625854492
20.26319694519043	21.705734252929688
20.57276153564453	21.974098205566406
21.292375564575195	22.857343673706055
19.737213134765625	21.198427200317383
21.813180923461914	23.208202362060547
21.27788543701172	22.858457565307617
19.972545623779297	21.72928237915039
22.056028366088867	23.516681671142578
21.832897186279297	23.265024185180664
21.192615509033203	22.754776000976562
19.8201904296875	21.326147079467773
19.405881881713867	20.660316467285156
19.848281860351562	21.237646102905273
19.808029174804688	21.44345474243164
20.81246566772461	22.350204467773438
23.111003875732422	24.573749542236328
20.832246780395508	22.25988006591797
22.500104904174805	24.114534378051758
21.89330291748047	23.320045471191406
21.2810001373291	22.94001007080078
21.236597061157227	22.770273208618164
18.398635864257812	19.992900848388672
21.036487579345703	22.516366958618164
21.085227966308594	22.520296096801758
20.442045211791992	22.00225257873535
21.06698226928711	22.44951820373535
21.826765060424805	23.281957626342773
21.689594268798828	23.217233657836914
20.634716033935547	22.20416259765625
21.59117889404297	23.110605239868164
20.37982940673828	21.999717712402344
20.803129196166992	22.551897048950195
20.525184631347656	22.118539810180664
22.331357955932617	23.959457397460938
20.76171112060547	22.314531326293945
21.83765411376953	23.36847496032715
20.403106689453125	21.81436538696289
22.85289764404297	24.479001998901367
21.436294555664062	22.92986488342285
22.509477615356445	24.066675186157227
20.37334632873535	21.761014938354492
22.37970542907715	23.92172622680664
22.660337448120117	24.23967933654785
22.311355590820312	23.85846710205078
21.153406143188477	22.492290496826172
21.01104164123535	22.484148025512695
21.87702178955078	23.49832534790039
22.075109481811523	23.555492401123047
22.50019073486328	23.940536499023438
21.256942749023438	22.684785842895508
21.882169723510742	23.331562042236328
23.190229415893555	24.84097671508789
20.969898223876953	22.426982879638672
20.79381561279297	22.230958938598633
21.744041442871094	23.265522003173828
23.266992568969727	24.827537536621094
22.568923950195312	24.12514877319336
23.224458694458008	24.771276473999023
22.65621566772461	24.391096115112305
21.80097007751465	23.287090301513672
22.092676162719727	23.702342987060547
22.552532196044922	23.993885040283203
23.422834396362305	25.17696762084961
21.801546096801758	23.21798324584961
21.866718292236328	23.343400955200195
22.79892349243164	24.459897994995117
21.131895065307617	22.600242614746094
20.965532302856445	22.467487335205078
22.174673080444336	23.718461990356445
21.11652374267578	22.847253799438477
21.173147201538086	22.694717407226562
22.183191299438477	23.692068099975586
21.177099227905273	22.665088653564453
23.032777786254883	24.485448837280273
20.037227630615234	21.634109497070312
22.037153244018555	23.565614700317383
21.764284133911133	23.362913131713867
21.166807174682617	22.693256378173828
22.565210342407227	24.054119110107422
20.694965362548828	22.03640365600586
20.545228958129883	22.03081703186035
23.120187759399414	24.648658752441406
21.7882137298584	23.227842330932617
23.739957809448242	25.25092124938965
22.882951736450195	24.3085880279541
23.0109806060791	24.7042179107666
21.537841796875	22.940366744995117
23.476369857788086	25.066848754882812
24.143413543701172	25.658597946166992
22.14850425720215	23.566062927246094
21.15530776977539	22.54544448852539
21.2249698638916	22.710847854614258
22.286609649658203	23.806638717651367
23.00057601928711	24.557260513305664
23.547090530395508	25.127578735351562
21.873760223388672	23.22693634033203
22.127992630004883	23.586366653442383
22.754945755004883	24.244386672973633
22.553728103637695	24.388113021850586
22.508699417114258	23.97549819946289
22.189208984375	23.76739501953125
22.99615478515625	24.405075073242188
20.801069259643555	22.210603713989258
21.238479614257812	22.750017166137695
22.332612991333008	23.765705108642578
21.71673011779785	23.153364181518555
20.235700607299805	21.729267120361328
22.434003829956055	24.027305603027344
23.554637908935547	25.23202896118164
21.336091995239258	22.78964614868164
20.87220001220703	22.302318572998047
20.818052291870117	22.206010818481445
22.326133728027344	23.958412170410156
22.250024795532227	23.891477584838867
19.63409996032715	20.935819625854492
21.169387817382812	22.798189163208008
23.936437606811523	25.445537567138672
21.739002227783203	23.145849227905273
21.118223190307617	22.516233444213867
22.299787521362305	23.9442138671875
22.2512149810791	23.806154251098633
20.81097984313965	22.399465560913086
20.480871200561523	22.118162155151367
22.512561798095703	23.951547622680664
21.05121612548828	22.654949188232422
20.886306762695312	22.27666473388672
21.762479782104492	23.254802703857422
20.82024574279785	22.42059898376465
22.466978073120117	23.92147445678711
21.29090118408203	22.69687271118164
25.216833114624023	26.877389907836914
21.105575561523438	22.478357315063477
21.202863693237305	22.595714569091797
22.22126007080078	23.727222442626953
21.915081024169922	23.337970733642578
21.11904525756836	22.506288528442383
21.508563995361328	23.004026412963867
22.01242446899414	23.449323654174805
21.849267959594727	23.374677658081055
21.807262420654297	23.269628524780273
21.184389114379883	22.66977310180664
24.151805877685547	25.767690658569336
23.824235916137695	25.385696411132812
20.72747802734375	22.25204849243164
21.745223999023438	23.19304847717285
22.70754623413086	24.175636291503906
22.175798416137695	23.576000213623047
21.4012393951416	22.816295623779297
20.302837371826172	21.709848403930664
22.806386947631836	24.473438262939453
21.10623550415039	22.470497131347656
21.35492515563965	22.812166213989258
23.18866539001465	24.722572326660156
20.769987106323242	22.130151748657227
23.064115524291992	24.647449493408203
22.105680465698242	23.561147689819336
20.73943519592285	22.139183044433594
22.12102508544922	23.5997314453125
21.876466751098633	23.385826110839844
21.92020034790039	23.444833755493164
22.478063583374023	23.993844985961914
24.1605167388916	25.898052215576172
21.34360122680664	22.8005428314209
22.255571365356445	23.625104904174805
21.149866104125977	22.625102996826172
21.853893280029297	23.4722843170166
23.374486923217773	24.884016036987305
22.519031524658203	23.974445343017578
22.71282958984375	24.173168182373047
24.09088706970215	25.64398193359375
21.56488800048828	23.106834411621094
21.061359405517578	22.559043884277344
22.426921844482422	23.91268539428711
21.222614288330078	22.587783813476562
21.676767349243164	23.088045120239258
22.787517547607422	24.306711196899414
21.992704391479492	23.413694381713867
22.573802947998047	24.082979202270508
19.63578987121582	21.23956298828125
22.34392738342285	24.224428176879883
22.707551956176758	24.252588272094727
24.220197677612305	25.83312225341797
21.915544509887695	23.72894287109375
21.541837692260742	23.01629638671875
22.253095626831055	23.674911499023438
22.56948471069336	24.074878692626953
24.806438446044922	26.6916446685791
21.96688461303711	23.485383987426758
22.919422149658203	24.623291015625
19.869163513183594	21.300701141357422
22.62320327758789	24.251867294311523
22.439119338989258	24.0311336517334
24.309926986694336	25.99437713623047
22.176376342773438	23.68618392944336
23.492502212524414	25.195579528808594
22.751571655273438	24.28670883178711
23.09772300720215	24.59949493408203
22.104751586914062	23.854904174804688
22.705163955688477	24.480854034423828
21.313623428344727	22.725759506225586
21.677915573120117	23.057992935180664
21.453840255737305	22.960033416748047
21.865888595581055	23.39300537109375
23.950733184814453	25.468093872070312
24.60950469970703	26.245882034301758
24.307600021362305	26.015119552612305
21.842809677124023	23.396482467651367
23.495311737060547	25.140871047973633
23.011024475097656	24.489721298217773
22.252849578857422	23.775136947631836
20.610580444335938	22.077434539794922
21.837692260742188	23.284622192382812
22.025894165039062	23.566022872924805
19.753307342529297	21.30887222290039
21.67953872680664	23.119813919067383
22.804094314575195	24.291271209716797
23.103046417236328	24.737777709960938
22.0325927734375	23.571882247924805
23.570045471191406	25.215391159057617
23.106613159179688	24.752120971679688
23.991777420043945	25.837116241455078
22.22980499267578	23.900230407714844
21.115392684936523	22.85431480407715
20.31356430053711	21.8164005279541
20.967041015625	22.52996063232422
20.236448287963867	21.77666664123535
21.317625045776367	23.037080764770508
20.36687660217285	21.898237228393555
20.4299259185791	21.965452194213867
20.9396915435791	22.48932456970215
20.474584579467773	21.872957229614258
21.741649627685547	23.268085479736328
21.737651824951172	23.295644760131836
20.585494995117188	22.085683822631836
21.712812423706055	23.263721466064453
21.4260196685791	22.860570907592773
21.348735809326172	22.940773010253906
20.23571014404297	21.61975860595703
21.430444717407227	23.049903869628906
21.342069625854492	22.83816909790039
20.210092544555664	21.61035919189453
21.843385696411133	23.47588348388672
21.489896774291992	23.03104019165039
20.856409072875977	22.45819854736328
21.966053009033203	23.4853515625
20.757186889648438	22.159801483154297
21.107534408569336	22.524110794067383
21.482511520385742	22.978185653686523
19.31647491455078	20.688732147216797
19.707921981811523	21.325794219970703
20.3489933013916	22.02309799194336
21.111003875732422	22.726964950561523
19.463834762573242	21.001239776611328
23.024314880371094	24.665712356567383
18.942811965942383	20.403711318969727
19.5939884185791	21.117605209350586
23.115467071533203	24.668825149536133
16.59459686279297	17.979398727416992
16.595136642456055	18.14984893798828
20.32244110107422	21.83306884765625
22.08344268798828	23.7081298828125
17.029516220092773	18.551361083984375
18.176637649536133	19.79010009765625
21.465538024902344	22.979646682739258
20.890703201293945	22.3444766998291
20.413904190063477	21.812231063842773
20.577253341674805	22.240768432617188
20.48513412475586	21.869504928588867
22.783069610595703	24.252647399902344
16.78044891357422	18.25914764404297
20.31024932861328	21.91954803466797
19.952041625976562	21.352937698364258
20.099647521972656	21.574811935424805
22.29326820373535	23.879247665405273
21.53955078125	23.136573791503906
19.2362003326416	20.741653442382812
22.280017852783203	23.86838150024414
22.627029418945312	24.280780792236328
20.26201629638672	21.758628845214844
21.357004165649414	22.795066833496094
20.079490661621094	21.56705093383789
20.047367095947266	21.453969955444336
21.048694610595703	22.677248001098633
22.29515838623047	23.872861862182617
21.30587387084961	22.77080535888672
22.847265243530273	24.47307777404785
21.59616470336914	23.259614944458008
20.846942901611328	22.474201202392578
20.82611846923828	22.537004470825195
19.728181838989258	21.319202423095703
20.157268524169922	21.570411682128906
21.445449829101562	22.962974548339844
21.203771591186523	22.811670303344727
22.288986206054688	23.846345901489258
21.480192184448242	22.968761444091797
19.460105895996094	20.81533432006836
19.358430862426758	20.734067916870117
20.517131805419922	21.92724609375
21.89642333984375	23.42169189453125
20.162996292114258	21.7280330657959
20.460285186767578	21.86565399169922
21.096181869506836	22.57601547241211
20.720317840576172	22.216171264648438
19.409284591674805	20.890878677368164
20.135475158691406	21.664731979370117
20.936281204223633	22.540491104125977
16.197717666625977	17.748964309692383
15.721612930297852	17.18178367614746
18.211427688598633	19.81212043762207
20.354284286499023	21.757356643676758
15.661979675292969	17.171293258666992
15.736734390258789	17.18654441833496
15.405141830444336	16.653562545776367
20.168376922607422	21.635984420776367
15.500530242919922	17.001001358032227
15.888012886047363	17.48025894165039
15.074645042419434	16.096635818481445
19.722183227539062	21.13066864013672
15.016329765319824	15.870688438415527
19.17615509033203	20.73519515991211
21.831918716430664	23.374975204467773
21.80449676513672	23.330541610717773
22.273794174194336	23.78948211669922
20.56436538696289	22.12298583984375
21.200124740600586	22.732776641845703
20.63998794555664	22.292070388793945
24.083839416503906	25.761892318725586
20.660444259643555	22.150983810424805
20.85085678100586	22.464208602905273
20.6188907623291	22.095178604125977
21.45716094970703	23.050247192382812
20.505456924438477	21.963960647583008
23.671310424804688	25.190597534179688
21.378211975097656	23.169801712036133
20.750608444213867	22.142919540405273
19.740009307861328	21.169960021972656
19.035703659057617	20.694599151611328
21.381071090698242	22.823854446411133
20.306163787841797	21.661334991455078
20.32528305053711	21.860261917114258
20.903369903564453	22.315502166748047
20.992454528808594	22.515640258789062
18.636903762817383	20.062088012695312
21.036394119262695	22.447153091430664
20.422704696655273	21.788679122924805
21.9548397064209	23.48387908935547
21.05788803100586	22.458545684814453
19.530670166015625	20.9401798248291
22.333576202392578	23.958162307739258
18.479961395263672	19.88678550720215
20.482067108154297	21.90308380126953
20.373807907104492	21.78036117553711
20.095775604248047	21.565292358398438
19.895347595214844	21.266765594482422
20.083091735839844	21.59231948852539
19.894710540771484	21.252849578857422
22.183277130126953	23.77295684814453
20.794422149658203	22.30838394165039
20.651748657226562	22.150415420532227
20.791032791137695	22.184982299804688
19.67858123779297	21.016324996948242
21.49929428100586	23.05916976928711
19.45362091064453	20.908578872680664
20.318937301635742	21.74732208251953
19.900558471679688	21.401050567626953
20.46698760986328	21.926977157592773
20.25182342529297	21.692148208618164
21.433019638061523	22.926755905151367
20.32277488708496	21.75322723388672
19.636112213134766	21.155725479125977
20.454465866088867	21.889083862304688
19.809734344482422	21.326005935668945
21.233051300048828	22.72681427001953
21.276657104492188	22.74063491821289
20.427446365356445	21.87133026123047
20.71463394165039	22.10540771484375
19.742313385009766	21.07526397705078
19.283445358276367	20.7717227935791
21.857473373413086	23.42336654663086
20.338035583496094	21.775253295898438
19.50708770751953	20.92025375366211
22.122520446777344	23.543981552124023
22.69662094116211	24.187744140625
20.546113967895508	22.099288940429688
18.599246978759766	19.987224578857422
20.88111114501953	22.247758865356445
20.890270233154297	22.240888595581055
22.439651489257812	23.875696182250977
21.527603149414062	22.897024154663086
21.77436065673828	23.236474990844727
21.74463653564453	23.34536361694336
20.241926193237305	21.654563903808594
20.215421676635742	21.63636016845703
21.12454605102539	22.559289932250977
21.88309097290039	23.296833038330078
20.781261444091797	22.135944366455078
21.033437728881836	22.44832992553711
21.15227508544922	22.61328887939453
21.7987117767334	23.2982120513916
21.9056396484375	23.378141403198242
23.357423782348633	24.91571617126465
20.438573837280273	21.819955825805664
22.508867263793945	23.995044708251953
20.321269989013672	21.642932891845703
21.628389358520508	23.105300903320312
22.027786254882812	23.494508743286133
20.40761375427246	21.927221298217773
20.659618377685547	22.059904098510742
21.03131866455078	22.50229263305664
21.406335830688477	22.908449172973633
20.954824447631836	22.374107360839844
21.051713943481445	22.473848342895508
22.213184356689453	23.784812927246094
20.741167068481445	22.153427124023438
20.229084014892578	21.58880615234375
21.319843292236328	22.804685592651367
20.926162719726562	22.44048500061035
19.778146743774414	21.234996795654297
20.40485191345215	21.857763290405273
20.312480926513672	21.828113555908203
20.99368667602539	22.470420837402344
20.48902130126953	22.04168701171875
20.03676986694336	21.40285873413086
21.460954666137695	23.00287628173828
22.257097244262695	23.787551879882812
21.360841751098633	22.843158721923828
19.850263595581055	21.294204711914062
21.865541458129883	23.457435607910156
19.969249725341797	21.35800552368164
21.0116024017334	22.569007873535156
20.273048400878906	21.681180953979492
21.09005355834961	22.525957107543945
20.304977416992188	21.801250457763672
21.115285873413086	22.51679229736328
19.177839279174805	20.592613220214844
19.157320022583008	20.631507873535156
21.901487350463867	23.392663955688477
20.64141273498535	22.08637237548828
19.312461853027344	20.795154571533203
20.2294979095459	21.710163116455078
20.66925811767578	22.384971618652344
21.450345993041992	23.01446533203125
20.0708065032959	21.694658279418945
20.3670711517334	21.888229370117188
19.805953979492188	21.473608016967773
20.93804931640625	22.399606704711914
21.21495819091797	22.7723445892334
20.738996505737305	22.277114868164062
20.5502986907959	22.154001235961914
20.764238357543945	22.306720733642578
20.652820587158203	22.1457462310791
21.038076400756836	22.481721878051758
20.95804214477539	22.403213500976562
21.398786544799805	22.821266174316406
21.532512664794922	22.97848892211914
21.36931800842285	22.866437911987305
19.623624801635742	21.02724838256836
20.72360610961914	22.199234008789062
21.6398868560791	23.220396041870117
20.326265335083008	21.826173782348633
20.72626304626465	22.123149871826172
21.062219619750977	22.586135864257812
22.703956604003906	24.153488159179688
21.781599044799805	23.288524627685547
23.090049743652344	24.663368225097656
22.458925247192383	23.9455509185791
21.63602066040039	23.093599319458008
23.811647415161133	25.39716339111328
22.870359420776367	24.403610229492188
23.354385375976562	25.072460174560547
22.11944007873535	23.60588836669922
22.255353927612305	23.792381286621094
24.254291534423828	25.85873031616211
22.867223739624023	24.468280792236328
22.42367172241211	23.968751907348633
22.93029022216797	24.503530502319336
24.714269638061523	26.40743637084961
22.79421615600586	24.455175399780273
24.161916732788086	25.767568588256836
21.693166732788086	23.11658477783203
22.787376403808594	24.424339294433594
21.29730987548828	22.838274002075195
22.546485900878906	24.296287536621094
22.46548843383789	24.0030460357666
22.45490074157715	24.26740264892578
22.67053985595703	24.2519474029541
21.03459930419922	22.617652893066406
21.90155601501465	23.424528121948242
20.963489532470703	22.358827590942383
22.162635803222656	23.61281967163086
22.452526092529297	24.245817184448242
21.823843002319336	23.410978317260742
22.24560546875	23.907461166381836
21.78514862060547	23.249814987182617
22.60492706298828	24.10926055908203
21.883928298950195	23.564542770385742
22.999164581298828	24.4713077545166
23.088895797729492	24.884119033813477
22.666837692260742	24.215923309326172
22.465116500854492	24.204137802124023
22.67181968688965	24.2268009185791
20.843486785888672	22.284507751464844
22.450054168701172	24.003768920898438
21.204225540161133	22.70030975341797
21.89276695251465	23.421316146850586
23.320215225219727	25.05164337158203
22.113378524780273	23.98721694946289
23.154468536376953	24.713424682617188
21.06468963623047	22.62151527404785
22.38172149658203	23.9929256439209
22.95532989501953	24.6639404296875
22.359163284301758	23.9295711517334
20.639911651611328	22.049280166625977
22.49065589904785	23.98821258544922
21.269977569580078	22.83953094482422
22.469877243041992	23.989662170410156
22.077903747558594	23.482463836669922
24.92171859741211	26.603593826293945
22.127779006958008	23.740468978881836
21.5555362701416	23.123708724975586
23.054861068725586	24.682947158813477
21.682941436767578	23.083662033081055
24.266010284423828	25.86919403076172
21.561582565307617	23.073163986206055
24.539663314819336	26.260147094726562
22.536325454711914	24.057443618774414
22.113182067871094	23.642141342163086
22.423437118530273	23.997652053833008
21.826601028442383	23.265914916992188
22.653053283691406	24.151538848876953
20.794574737548828	22.347946166992188
22.329368591308594	23.91010093688965
22.0471248626709	23.595558166503906
22.26922035217285	24.058544158935547
21.55020523071289	23.057558059692383
22.533946990966797	24.16741371154785
23.4383544921875	25.0385799407959
22.785192489624023	24.465906143188477
21.644384384155273	23.294212341308594
22.0194091796875	23.779319763183594
21.625761032104492	23.131559371948242
22.16362953186035	23.715547561645508
22.466474533081055	24.01040267944336
23.20391273498535	24.893898010253906
23.281089782714844	24.962663650512695
21.630447387695312	23.42001724243164
21.633459091186523	23.124208450317383
21.639793395996094	23.124914169311523
21.888469696044922	23.406835556030273
21.23809814453125	22.887788772583008
22.537519454956055	24.013887405395508
22.219091415405273	23.76080894470215
21.286453247070312	22.869552612304688
21.015037536621094	22.418760299682617
20.284597396850586	21.852876663208008
19.932098388671875	21.735292434692383
21.544109344482422	23.112895965576172
21.595754623413086	23.045793533325195
22.005762100219727	23.516782760620117
21.862398147583008	23.453235626220703
21.705402374267578	23.261693954467773
23.1180477142334	24.5927791595459
22.124475479125977	23.77181625366211
21.873611450195312	23.67861557006836
21.952756881713867	23.649154663085938
21.5570125579834	23.1800479888916
20.404273986816406	22.106287002563477
21.375059127807617	23.11864471435547
20.04024887084961	21.462909698486328
22.779865264892578	24.40966796875
20.503097534179688	22.04743003845215
21.091384887695312	22.636093139648438
21.31460952758789	22.940397262573242
22.050138473510742	23.673925399780273
21.566974639892578	23.202003479003906
21.412145614624023	23.042503356933594
21.588790893554688	23.303808212280273
20.80276870727539	22.27972984313965
21.82689666748047	23.451154708862305
23.410816192626953	24.990358352661133
22.76006507873535	24.34246063232422
22.44765853881836	23.99593734741211
21.81525421142578	23.47052574157715
23.168079376220703	24.667036056518555
21.901716232299805	23.43347930908203
21.622943878173828	23.052003860473633
20.463573455810547	22.063034057617188
21.15399169921875	22.677824020385742
21.9744930267334	23.611412048339844
21.92142105102539	23.509172439575195
21.41681671142578	23.04943084716797
24.40035629272461	26.088640213012695
25.24712371826172	27.261917114257812
23.575515747070312	25.117046356201172
20.369844436645508	21.950233459472656
22.64040756225586	24.162002563476562
22.12460708618164	23.596088409423828
23.507469177246094	25.273910522460938
22.022382736206055	23.4793758392334
20.291702270507812	21.76141357421875
24.37372398376465	25.99530601501465
24.048593521118164	25.6763858795166
24.274219512939453	25.879045486450195
23.690290451049805	25.328447341918945
21.722936630249023	23.189054489135742
22.750904083251953	24.39828872680664
24.290773391723633	26.1109676361084
23.503923416137695	25.059276580810547
22.43471908569336	24.10997772216797
21.316251754760742	22.821767807006836
24.128368377685547	25.97689437866211
21.864721298217773	23.462400436401367
23.847192764282227	25.435199737548828
22.857872009277344	24.464332580566406
23.464282989501953	25.140657424926758
23.122751235961914	24.731422424316406
21.133642196655273	22.570568084716797
21.129419326782227	23.214059829711914
22.447172164916992	24.147069931030273
23.516725540161133	25.076583862304688
22.276216506958008	23.90774917602539
22.959335327148438	24.55801773071289
22.389257431030273	24.083702087402344
23.461444854736328	25.0078067779541
22.4986515045166	23.951223373413086
22.573936462402344	24.295995712280273
22.247610092163086	23.728988647460938
23.198467254638672	24.83405303955078
24.183643341064453	25.73760223388672
23.819746017456055	25.554004669189453
22.928377151489258	24.4107608795166
24.566011428833008	26.099679946899414
24.29218101501465	25.83572006225586
22.897706985473633	24.40508270263672
23.21788787841797	24.950971603393555
22.894014358520508	24.345596313476562
21.915771484375	23.6074275970459
24.5953311920166	26.15143585205078
24.631967544555664	26.354812622070312
23.20244598388672	24.856983184814453
24.812721252441406	26.478927612304688
22.268939971923828	23.81256103515625
21.826391220092773	23.579849243164062
25.097623825073242	26.733875274658203
23.467750549316406	25.073043823242188
23.302705764770508	25.018712997436523
22.309951782226562	24.203832626342773
21.374313354492188	22.999353408813477
23.71149444580078	25.410079956054688
23.898378372192383	25.465120315551758
22.056398391723633	23.68488311767578
23.981630325317383	25.519847869873047
22.661523818969727	24.238143920898438
24.12049102783203	25.934213638305664
24.270368576049805	26.002458572387695
21.791017532348633	23.72917938232422
23.343460083007812	24.89908218383789
24.372163772583008	26.06240463256836
22.141572952270508	23.70409393310547
24.234130859375	25.888469696044922
21.93292808532715	23.510543823242188
21.557777404785156	23.222095489501953
22.787670135498047	24.46725845336914
23.306053161621094	24.99126625061035
23.756643295288086	25.430984497070312
23.218862533569336	24.893091201782227
22.498430252075195	24.230615615844727
24.727680206298828	26.41146469116211
23.738611221313477	25.37167739868164
25.03354263305664	26.71102523803711
22.939592361450195	24.635496139526367
22.983152389526367	24.812292098999023
23.2138729095459	25.132179260253906
22.323047637939453	24.015417098999023
22.06582260131836	23.75717544555664
24.089792251586914	25.785966873168945
22.77655029296875	24.460643768310547
21.96576690673828	23.864120483398438
22.188709259033203	23.907419204711914
22.99529266357422	24.526140213012695
22.694753646850586	24.312122344970703
23.80154800415039	25.425119400024414
24.283313751220703	26.035287857055664
22.010351181030273	23.73859405517578
23.613548278808594	25.42389678955078
23.644031524658203	25.421300888061523
23.4075984954834	25.078264236450195
22.826982498168945	24.381332397460938
22.176301956176758	24.013704299926758
22.501628875732422	24.098407745361328
22.364368438720703	24.204322814941406
22.12261199951172	23.86426544189453
24.076322555541992	25.813369750976562
22.44858169555664	24.173681259155273
22.451539993286133	24.264394760131836
21.93387222290039	23.679061889648438
22.037477493286133	23.78329086303711
23.418434143066406	25.175453186035156
22.707067489624023	24.426668167114258
22.2840518951416	23.968889236450195
21.849349975585938	23.68219757080078
21.89828872680664	23.561765670776367
22.2142391204834	24.015405654907227
22.3751220703125	24.173599243164062
23.018178939819336	24.876893997192383
22.8656063079834	24.57154083251953
22.678205490112305	24.379480361938477
22.390789031982422	24.137157440185547
23.5438289642334	25.230300903320312
23.043193817138672	24.692277908325195
24.189071655273438	26.029338836669922
22.144155502319336	23.747791290283203
22.289560317993164	23.967756271362305
22.18616485595703	23.86422348022461
22.56928062438965	24.388629913330078
23.27922821044922	25.011320114135742
23.024282455444336	24.88641929626465
25.0930118560791	26.96668243408203
23.142175674438477	24.91170883178711
20.454994201660156	22.177167892456055
21.21813201904297	22.95294761657715
21.651514053344727	23.129135131835938
21.722606658935547	23.38140296936035
23.254962921142578	24.913440704345703
23.024188995361328	24.81145668029785
20.981111526489258	22.751047134399414
21.39073944091797	22.943378448486328
22.91299057006836	24.693029403686523
20.4516544342041	22.095624923706055
22.134567260742188	23.611967086791992
23.601306915283203	25.162212371826172
22.503259658813477	24.209352493286133
23.104833602905273	24.74441909790039
22.442829132080078	24.090662002563477
23.454448699951172	24.98565673828125
20.526166915893555	22.015954971313477
23.331087112426758	24.91199493408203
21.491455078125	23.103193283081055
22.43765640258789	24.05109214782715
22.570518493652344	24.091747283935547
22.335756301879883	24.085229873657227
22.217248916625977	23.856435775756836
22.604463577270508	24.258159637451172
25.1337890625	26.771926879882812
22.247282028198242	23.65169906616211
23.808837890625	25.3681640625
21.98139190673828	23.605548858642578
23.997596740722656	25.641626358032227
23.811756134033203	25.63748550415039
22.756271362304688	24.414321899414062
23.208425521850586	24.865270614624023
23.952112197875977	25.705278396606445
23.310073852539062	25.015851974487305
21.570484161376953	23.211015701293945
23.613550186157227	25.290437698364258
23.37897300720215	25.124755859375
22.030895233154297	23.81097984313965
22.35547637939453	23.8561954498291
24.26675033569336	25.89859390258789
23.94605255126953	25.724895477294922
24.252973556518555	25.886337280273438
21.28716278076172	22.83031463623047
22.970674514770508	24.757131576538086
21.82622528076172	23.333545684814453
23.611188888549805	25.325817108154297
23.676645278930664	25.222990036010742
23.26465606689453	24.977645874023438
25.308500289916992	27.223770141601562
24.49456214904785	26.207059860229492
21.978710174560547	23.579797744750977
24.442880630493164	26.014076232910156
21.985692977905273	23.495742797851562
23.52191925048828	25.163658142089844
23.548870086669922	25.155820846557617
24.986682891845703	26.915761947631836
23.44308090209961	25.281999588012695
23.381582260131836	25.043384552001953
25.733766555786133	27.449077606201172
25.805849075317383	27.487207412719727
25.107097625732422	26.681373596191406
23.359182357788086	25.138948440551758
24.179719924926758	25.834672927856445
20.42487144470215	22.355913162231445
23.173425674438477	24.820823669433594
23.148332595825195	24.672189712524414
25.683332443237305	27.482271194458008
23.54473114013672	25.277721405029297
26.828655242919922	28.832918167114258
23.980226516723633	25.641427993774414
24.61121368408203	26.557231903076172
24.067136764526367	25.604631423950195
0.0	0.0
24.997169494628906	27.120817184448242
22.733966827392578	25.236896514892578
24.796934127807617	26.323816299438477
24.3723201751709	26.351158142089844
25.731069564819336	27.37689781188965
24.67139434814453	26.463850021362305
23.951520919799805	25.899415969848633
22.826765060424805	24.719202041625977
22.231365203857422	24.206554412841797
21.385934829711914	23.781166076660156
24.60474395751953	26.323637008666992
22.964794158935547	24.513383865356445
21.83916473388672	23.5801944732666
23.529396057128906	25.440540313720703
27.404924392700195	29.085121154785156
24.61489486694336	26.4011173248291
22.837556838989258	24.868141174316406
24.976316452026367	26.615488052368164
21.890953063964844	23.74549102783203
23.177291870117188	25.158342361450195
24.230510711669922	25.750659942626953
23.596784591674805	25.180452346801758
24.236780166625977	25.970359802246094
21.48068618774414	23.127744674682617
22.534423828125	24.158769607543945
0.0	0.0
16.1502742767334	21.084087371826172
22.074993133544922	24.13995933532715
25.803905487060547	27.5695858001709
22.516685485839844	24.273332595825195
21.587671279907227	23.501962661743164
24.461423873901367	26.231821060180664
23.183656692504883	24.86749839782715
26.33505630493164	28.10016441345215
21.933570861816406	23.92815589904785
23.23397445678711	25.171571731567383
25.36382484436035	27.258947372436523
23.51233673095703	25.210979461669922
21.47693634033203	23.342275619506836
25.796621322631836	27.759218215942383
22.73670196533203	24.859363555908203
24.88860321044922	26.662858963012695
23.42200469970703	25.618555068969727
23.42169952392578	25.142478942871094
23.427404403686523	25.218942642211914
25.869709014892578	27.513813018798828
24.239004135131836	26.143373489379883
26.560462951660156	28.24899673461914
27.312171936035156	28.947824478149414
23.983322143554688	25.517284393310547
28.208999633789062	30.18199920654297
24.052013397216797	26.001890182495117
25.342079162597656	27.078943252563477
27.84522247314453	29.741554260253906
21.610673904418945	23.21194076538086
21.139060974121094	22.747211456298828
20.37706756591797	21.744497299194336
22.223787307739258	23.801279067993164
19.596359252929688	21.018369674682617
19.92640495300293	21.53411865234375
21.099916458129883	22.554243087768555
21.334989547729492	22.978178024291992
21.077730178833008	22.600679397583008
20.854137420654297	22.267288208007812
20.949121475219727	22.4290828704834
20.068330764770508	21.43874740600586
21.615924835205078	23.198415756225586
18.53551483154297	19.923627853393555
21.596899032592773	23.138717651367188
21.75857925415039	23.27008628845215
19.792783737182617	21.30645179748535
20.083843231201172	21.49709701538086
19.34595489501953	20.831871032714844
21.20468521118164	22.73196029663086
21.046335220336914	22.664844512939453
20.17179298400879	21.867578506469727
21.567171096801758	23.186368942260742
19.162647247314453	20.58014488220215
19.79627227783203	21.23603057861328
17.898313522338867	19.149160385131836
20.760879516601562	22.29666519165039
21.031776428222656	22.481943130493164
17.68767547607422	18.93338966369629
20.598388671875	22.10857391357422
19.96892547607422	21.430435180664062
19.900840759277344	21.335229873657227
19.354597091674805	20.739826202392578
21.558584213256836	23.176664352416992
20.261476516723633	21.730680465698242
19.76836395263672	21.285696029663086
20.232202529907227	21.816417694091797
20.525306701660156	22.161863327026367
20.602441787719727	22.08783531188965
19.079378128051758	20.492050170898438
19.94842529296875	21.317068099975586
21.081829071044922	22.557151794433594
18.730688095092773	20.12763786315918
20.341398239135742	21.924707412719727
19.99631118774414	21.6059627532959
20.00823974609375	21.475685119628906
18.947837829589844	20.3563175201416
20.960763931274414	22.449966430664062
20.736858367919922	22.329872131347656
18.015121459960938	19.365617752075195
19.571184158325195	21.05577850341797
20.695781707763672	22.300697326660156
20.7995548248291	22.33642578125
19.560392379760742	21.059837341308594
19.141191482543945	20.568317413330078
19.23272132873535	20.710065841674805
20.748079299926758	22.354299545288086
19.100549697875977	20.57842254638672
20.685802459716797	22.221275329589844
20.940828323364258	22.48550033569336
19.23404312133789	20.82986831665039
20.791248321533203	22.28534698486328
20.145448684692383	21.600282669067383
19.365575790405273	21.015235900878906
20.970420837402344	22.7430419921875
21.621824264526367	23.220029830932617
19.924654006958008	21.354700088500977
20.19740104675293	21.657285690307617
21.322956085205078	22.919727325439453
20.677566528320312	22.317066192626953
19.347942352294922	20.84015655517578
21.514781951904297	23.317981719970703
20.510332107543945	22.02550506591797
20.6098575592041	22.22122573852539
19.784381866455078	21.398025512695312
21.429391860961914	22.947040557861328
20.051794052124023	21.632028579711914
19.678972244262695	21.245346069335938
18.5998477935791	19.976016998291016
21.473737716674805	23.134584426879883
18.640981674194336	20.211448669433594
20.873788833618164	22.614194869995117
20.128376007080078	21.847768783569336
20.823165893554688	22.669572830200195
20.740036010742188	22.30896759033203
18.95667839050293	20.425615310668945
19.829360961914062	21.45067596435547
20.198362350463867	21.939109802246094
21.469308853149414	23.068410873413086
19.761497497558594	21.367141723632812
19.402639389038086	21.199302673339844
20.639307022094727	22.168062210083008
19.161039352416992	20.816940307617188
21.441389083862305	23.09339141845703
19.94477653503418	21.54043197631836
20.98116683959961	22.437602996826172
21.757352828979492	23.392986297607422
20.1910457611084	21.821826934814453
20.173803329467773	21.72380828857422
22.328590393066406	24.005176544189453
21.336877822875977	23.034936904907227
21.76708984375	23.456096649169922
21.705480575561523	23.4122371673584
19.361061096191406	20.919523239135742
21.477088928222656	23.116413116455078
21.010845184326172	22.737529754638672
19.030071258544922	20.66486167907715
20.399776458740234	21.98807144165039
22.801891326904297	24.578292846679688
19.50962257385254	21.039291381835938
17.63388442993164	19.410829544067383
20.13336944580078	21.723587036132812
18.564537048339844	20.40765953063965
19.41154670715332	21.420236587524414
22.15802001953125	23.7929630279541
20.033283233642578	21.5628719329834
17.61730194091797	18.982585906982422
20.180545806884766	21.969921112060547
21.648775100708008	23.305025100708008
19.408655166625977	20.971115112304688
23.434316635131836	25.415847778320312
20.886371612548828	22.40102767944336
21.122509002685547	22.722944259643555
20.924196243286133	22.539335250854492
18.810440063476562	20.364992141723633
20.809341430664062	22.365123748779297
19.70452308654785	21.297834396362305
20.69487762451172	22.585107803344727
24.8369197845459	26.546340942382812
23.790803909301758	25.617704391479492
23.332460403442383	25.06273651123047
24.257646560668945	26.091489791870117
23.4012508392334	25.059188842773438
24.054887771606445	25.67449378967285
23.145750045776367	24.634262084960938
24.31735610961914	26.329723358154297
23.284276962280273	24.826156616210938
24.02910804748535	26.006187438964844
22.438867568969727	23.955223083496094
20.8581485748291	22.416749954223633
22.683761596679688	24.250768661499023
24.126750946044922	25.635038375854492
22.120378494262695	23.97626304626465
22.82935333251953	24.393754959106445
26.1532039642334	28.07876968383789
23.51296615600586	25.1378173828125
22.84942626953125	24.68084716796875
23.302749633789062	24.811899185180664
24.331449508666992	26.34052085876465
23.377004623413086	25.310762405395508
22.27487564086914	23.905967712402344
24.41640853881836	26.006731033325195
27.64312171936035	29.32611083984375
24.645784378051758	26.203407287597656
24.809309005737305	26.544025421142578
23.72784996032715	25.345104217529297
23.283092498779297	24.893844604492188
24.989473342895508	26.62299156188965
23.979124069213867	25.609689712524414
24.81170082092285	26.57137680053711
23.167814254760742	24.672740936279297
26.41583824157715	28.19623374938965
23.93675994873047	25.52362632751465
26.48910903930664	28.734224319458008
21.859086990356445	23.457359313964844
21.337236404418945	22.976036071777344
24.741981506347656	26.294963836669922
23.75371551513672	25.270187377929688
23.985368728637695	25.5478572845459
23.76436996459961	25.514524459838867
26.860010147094727	28.656644821166992
23.512231826782227	25.1666259765625
23.862876892089844	25.62155532836914
22.820600509643555	24.348426818847656
20.63339614868164	22.190732955932617
24.67215347290039	26.385269165039062
23.14641571044922	24.951587677001953
25.022302627563477	26.98562240600586
26.13836669921875	27.810766220092773
26.36904525756836	28.212106704711914
24.16083335876465	25.857383728027344
22.327157974243164	23.816076278686523
22.492753982543945	24.0283145904541
23.93500518798828	25.680021286010742
23.815261840820312	25.593219757080078
23.463523864746094	25.287303924560547
23.423433303833008	25.29781723022461
24.357009887695312	26.09314727783203
23.857765197753906	25.600828170776367
24.249921798706055	25.803159713745117
25.243000030517578	27.017932891845703
24.744827270507812	26.611799240112305
24.6759033203125	26.561372756958008
23.104074478149414	24.687864303588867
23.661317825317383	25.249032974243164
23.401966094970703	24.982885360717773
24.325092315673828	26.028034210205078
24.91195297241211	26.907936096191406
23.918489456176758	25.4559326171875
24.880525588989258	26.662857055664062
23.552993774414062	25.094480514526367
25.597455978393555	27.260498046875
24.780719757080078	26.723003387451172
26.321313858032227	27.85223960876465
21.49139976501465	23.097265243530273
24.54676055908203	26.490781784057617
22.915143966674805	24.604660034179688
23.388525009155273	25.0993595123291
24.004201889038086	25.916879653930664
25.43523597717285	27.16260528564453
23.7762393951416	25.332683563232422
23.100696563720703	25.373947143554688
24.424819946289062	25.949045181274414
23.336763381958008	24.882152557373047
25.318647384643555	27.015905380249023
21.969186782836914	23.795297622680664
23.925447463989258	25.6981143951416
23.998760223388672	25.742395401000977
24.504432678222656	26.375619888305664
24.190284729003906	25.636735916137695
23.027257919311523	25.083818435668945
22.900829315185547	24.88348388671875
23.811725616455078	25.403440475463867
25.454755783081055	27.284191131591797
22.224267959594727	23.670835494995117
22.886457443237305	24.368091583251953
24.923341751098633	26.449132919311523
25.460268020629883	27.122360229492188
23.361167907714844	25.329153060913086
25.083337783813477	26.91031265258789
23.031583786010742	24.880224227905273
25.616926193237305	27.28647232055664
25.138235092163086	27.003149032592773
26.461469650268555	28.103958129882812
23.519512176513672	25.035358428955078
24.327089309692383	25.973207473754883
24.74701690673828	26.709009170532227
25.203039169311523	26.928659439086914
26.33916473388672	28.091211318969727
25.680988311767578	27.476333618164062
25.967241287231445	28.070730209350586
25.93798828125	27.699195861816406
24.904401779174805	26.785608291625977
24.612197875976562	26.2958984375
23.937232971191406	25.962526321411133
25.46485137939453	27.181724548339844
23.816781997680664	25.370807647705078
26.267805099487305	28.110830307006836
23.23206329345703	25.119121551513672
23.057056427001953	24.603384017944336
25.128252029418945	26.68887710571289
25.79043197631836	27.382776260375977
24.07827377319336	25.958356857299805
24.532625198364258	25.98114585876465
24.678333282470703	26.55999183654785
25.927370071411133	27.92947006225586
