29.011335405321383	33.44572254755948
26.700435239544845	30.597326677569413
25.02436818084393	29.292228804019352
27.158463658294355	31.639509974518145
25.423925253995666	28.99251380240082
27.741040624630678	31.366995416629088
26.756558446620932	30.573227854038247
28.541249485785286	33.09566190642663
26.810198301975387	30.46166945009981
27.723670066541928	31.75567144041608
28.02353975575441	31.804390694685043
26.845562317315686	30.56784024005736
25.785740581034602	29.57611206483942
28.20616474475577	31.900488468745205
27.964226538461737	32.667327111440606
27.090094380064883	31.235427089051328
27.1332222499159	30.93980822188586
27.410582607212593	31.127608234462212
28.601237479288866	33.151770409505076
26.884589547564268	30.64968360001874
27.04147708593154	31.952903864996195
26.9053786069218	31.270271036022535
26.93979087554219	31.326490252387497
26.695637528810277	30.61320608386062
26.208865560543764	29.98359354590155
27.304666527264185	31.095949164874487
27.602106128781717	31.12941738501223
26.408049358683787	30.01896403853301
24.96995431450522	29.03928869696939
25.79952860789694	29.37664555592142
26.099005597918403	30.626002412945855
25.782734010376494	29.269035246215303
29.025674202386487	32.776562354620346
25.47777131965459	29.136969052049512
27.265936711791216	31.323365351197065
25.4690415773169	29.629766711257318
28.71214292206329	32.586462043146675
25.845623154042887	30.334201675058676
27.56648137361887	31.14253733365652
25.877044813395052	29.46071801924655
25.863582916826704	29.375165633588335
25.606973129726015	29.10822538711969
25.77262702059088	29.462585305458926
29.17827991113035	34.39168735876711
28.82584243823009	34.20415252636952
26.928203538218376	30.942253157338264
22.1776487974098	26.838969931227894
27.129010905126098	31.163028966089723
27.632437687770576	32.87215520773724
26.021000305305368	30.466029723991507
28.969019397808488	32.76896812050206
27.387016508989273	30.998113419599594
28.445620658291375	32.60909545193812
26.475627435493873	30.136404501151635
26.237414082650673	29.949025431509483
29.28953227875339	33.97692051055325
29.379271140776876	34.18386209896922
27.513468155182597	31.656249633513692
27.15652988822597	30.904980197833602
26.30232123964152	29.94464035398641
27.7092851752182	32.39108904658356
27.486450778450937	31.511199368033438
27.977222319114993	31.79517949057739
27.51701929614802	32.21896169140081
26.25135437141305	30.3040045153057
27.148537672249375	30.75105758837074
28.68903850952278	32.43996310790886
28.12914267416466	31.912305918974987
27.18501744199457	30.729632521384335
26.953162298587223	31.049025430294613
26.246412550567822	29.954650605560108
27.87223132957572	32.17567554603463
28.000732664849348	31.78056311151784
26.838148775120956	30.416476545313614
27.444888896496686	31.727583103625385
24.73326045034291	28.132013978978378
26.489887749819744	30.237908804745686
24.114957930935418	27.952276108371223
29.124344493679686	32.935830448336915
25.920949441865243	30.092009084746085
26.348803414913753	30.77115927734699
21.104197419119995	25.653851592110474
19.195772770357234	23.63527047305097
25.83261967515237	30.194199553973608
25.210641251501258	28.831303252282922
25.172593627006385	28.75003859040084
25.8047627511804	29.367758840006122
27.03721597594567	31.315735073859017
26.773825023837404	30.586011554531737
25.454940243131794	29.28554017984184
24.988820013220398	28.45569140035382
26.86244073288709	30.663304658958612
25.685366723694365	29.333792593322237
27.49456954964154	31.159153213419984
24.421888740199385	27.745923607212724
26.201462806410092	30.096135078721744
24.125277812820077	27.889420215744376
25.94095796435249	29.365604459353566
26.246404493943395	30.20080391059762
24.1789994553649	27.6202006026185
26.35840397124078	29.951690862133244
25.84814550922175	29.2168512101386
27.46738758816081	31.624933807713212
25.533902496289297	28.907662063647226
25.61487065859914	29.282681831635234
26.718014154211478	30.340417471154733
26.831506004252503	30.451086769184997
27.584521524465767	31.185850866281303
28.795778434494245	32.6983068773954
25.22735223142458	29.11255255373167
24.328491484283642	27.811662400604053
27.33990683828949	31.084092948087463
25.696540830494744	30.1398410817367
28.51362851825236	32.72704263958455
26.77167020178145	30.8748752083748
27.272174375578604	30.9193367785962
26.934279298073672	30.631482268088437
27.08237973393402	30.48244532404938
26.410498386229172	29.98760723510872
27.924163834557664	31.79502867032515
25.342031861566433	28.987849806524387
26.037671722930455	29.482157073456264
25.031967758373092	28.294894576831986
26.74161791143397	30.115430123234
27.10875316182519	31.497465176187504
27.972678868887023	31.594118387582704
25.47158558353497	29.520777392539248
25.17225317337457	28.945628601527773
18.38546011048011	21.553230075066764
18.181753976582975	21.836468832254916
19.710536426293118	22.932198101294773
18.857695079406607	22.040189289489877
19.362287790658876	22.553897588369445
18.91161489385455	21.807512761174745
21.273987415742976	25.03446900515546
18.56824091285657	22.051132408676633
19.990983499336647	23.358028875541283
20.17130113306066	24.104541533565317
19.687604290664577	23.00907577830515
20.609634081522625	23.86420663197835
20.637488081703268	24.075789735069193
19.563134977012684	23.16000573954005
18.67258180022999	22.243430010072743
20.057242496757752	23.419861690253967
18.767133816032654	22.16980733081793
18.140998162028644	21.31027861714616
18.779703336663054	22.09049205213089
18.38509728296041	21.58376143591166
20.57873308177713	24.074619655649627
18.231601073230653	21.71322505286798
20.523557035280135	24.03763833825502
20.50706552193676	24.06914640738453
19.920691550916928	23.246973930650455
19.949270173495997	23.542816237026464
19.929540601758696	23.5670528735831
19.992347626169774	23.28940019182339
19.376053038676073	22.742122467915724
19.113567909111136	22.425725380073434
20.85946412096611	24.327732610601274
18.888481405383715	22.42939922510945
19.11946079027374	22.443353922250672
19.42969405423304	22.681990744961297
18.910011706585085	22.336286129718626
21.751119066955177	25.28663880657998
19.00006213663996	22.258696408281914
21.387987015353644	24.95881092776159
20.245323883753166	23.761628402013436
18.843178898918655	22.22089084900615
19.331457992521315	22.913231948884935
19.59239181591447	23.05551734851424
20.47625977218531	23.835246499176996
19.840520947855243	23.290845781881085
20.319866532732725	23.94953883225751
18.95750069466366	22.42587447318302
20.64930249880327	24.15967844296919
18.67386873816229	21.956330694210756
18.241588357654095	21.892261740002155
18.24029594267503	21.706620637525166
19.5681166314775	22.820887122184608
20.885910155666863	24.471458313571418
19.60897508042127	22.761340471336542
19.66141629877111	23.16168855962733
19.723809491297242	23.56523393521643
21.168036226001263	24.78628468159151
20.92698359033864	24.744122748162336
21.564794935238588	24.883666597354186
20.56782230855047	23.70643535136164
19.56432400438183	22.958003418713872
19.98160127975885	23.936174828029237
19.71188590784741	23.024901888173098
19.365466707071683	22.76516378609238
20.29172630067084	23.82620125059869
21.1727341107249	24.84076801024678
21.71774738660031	25.060912433956332
22.79875408869134	26.561118729301825
21.621236141067147	25.042055790085197
21.857845923956287	25.0458920978943
20.882381815819222	24.178596119971793
21.22170907727219	24.528926069822536
23.11187866842671	26.505404199004932
20.35059335834155	23.72966596477857
21.534125439427207	25.006844409205605
21.645210417972248	25.479600754513104
20.882035016507352	24.101910830050265
21.7159416619886	25.234169727171555
20.644570374944408	24.74188325359563
19.73992999495974	24.018841901402563
21.417880939070585	24.985546184952852
21.923390080721262	25.515858957975027
20.21042100942818	23.634755687349163
22.222741440856026	25.701372786438895
23.263303295062606	27.230078205181535
21.479098641948337	24.587177908344632
21.097118863634243	24.7619738487681
20.669539238996567	23.755143378190933
22.9066491299121	26.467980844453134
21.651859504148966	25.128915566041464
22.168845269836943	25.66086855157419
21.78450799038962	25.23463034579202
20.279174359234528	23.55443617543344
22.646158726605133	26.148395030108734
22.138971085761003	25.183634047295637
22.39052516386514	25.699370084547947
22.46871747383393	25.738771539837945
20.85211672043851	24.113448007344694
22.045970580633533	25.312218048516858
21.684771675466227	25.309321265817953
20.826874811937856	23.958376805493785
22.34983391569425	25.477772285477624
21.198769383116637	24.65745658429059
22.328106758700812	25.721547248257195
21.717691133989145	25.015112210737417
21.248495960438074	24.595402812755285
20.962381810392795	24.65739396170193
20.678361453321582	23.765354595872754
21.36120235540305	24.700143698674097
21.44154910271841	24.8285467224769
20.348046975024438	23.72804288398435
21.686202312477583	25.45327255629683
21.0248921651496	24.4111487131463
21.601995836650744	25.379388440693006
21.035259633560344	24.827680201034383
22.674995845543606	26.0702262461312
19.504124748732128	22.69672669169756
20.82822225453241	24.123529454451965
21.53716925400331	25.07320328933165
19.326638855498814	22.443060241180874
18.542022239377292	21.847210396120754
17.803504943847656	21.114662170410156
20.934495725449484	24.160453996840555
20.827399600083663	23.983490597670244
21.90099391815769	25.146426583551296
19.229778755495754	23.111480247189792
20.84130746999364	24.100577524513195
23.053434268684143	26.32266627147699
19.0367558432739	22.689154343493676
24.36032326813716	27.81116644743901
23.180948301991585	26.567411378184197
27.655108318207372	31.337348117949855
27.19764562878133	31.08855584826945
24.52572500427311	27.536059739989586
25.252314660706084	28.55360307916208
23.492612113871644	26.784128913960387
27.310874297107606	31.250261948619933
24.795195360851896	28.339911679553378
27.17289401011862	30.74238156361185
23.9192304327736	27.49162962887191
26.028151259047718	29.56270720042494
25.769702405180393	29.24536946371609
23.647858575144646	27.07253746672547
23.769131215008453	27.591802088824554
25.634427366236466	29.078957262059433
25.366523198008284	28.73120362389113
25.250870435354308	28.4164536308078
26.480839358773203	29.689242733511954
25.75583244129351	29.099159471548287
26.04752263597622	29.81719675489292
26.328720906737505	29.74909510278398
25.56527194652841	29.51178684558585
25.418221352206672	28.529374244106805
26.014587145195897	29.419706601752345
27.320424792619775	30.6749002958812
23.820805067722457	26.781816010768754
25.29066100191412	28.71359047818842
22.951731936946796	26.223417980655743
24.99678971559885	28.281021334816188
25.00509997082364	28.511802952760345
26.642642569896267	29.9991955038342
27.943773127918284	31.082945011730153
25.247894094754685	29.072233392427933
23.64737635610463	26.821062746068222
27.511891405546994	31.302975614106327
22.770733485049757	26.2513936664395
26.80451314363257	30.410054040815673
25.25627453919429	28.506846112050827
24.389867482924412	27.87690574095254
23.524993746650193	26.706653744804886
24.552474584802194	27.72023240067144
24.023665075848818	27.216578835894346
27.99415140091234	31.510864925991957
24.150988111070767	27.770066729017124
25.07352257584817	28.36889456892722
25.640286601526217	29.18068202640347
27.052456491312405	30.58757532326279
21.24379119549081	25.001478579899814
22.467254875571864	26.336171866981847
26.272107027138873	29.984402753744916
23.395966450879527	26.806670267870473
25.93936986579004	29.50490503655371
25.128646978147472	28.480150095216786
24.520305277182544	27.816479085610425
24.405480334207006	29.391718915060572
25.673501674789787	29.06000929627955
25.04981645353281	28.720563566608792
25.624111892311436	29.401755569846767
24.54288779297199	27.925402536007503
24.735220708664816	29.0006839849387
22.94228136261051	26.0460761813348
22.806356067616974	26.07336080555197
21.119503889873528	25.30975445668409
29.96623368475847	34.46529249932356
29.572648842117083	33.246109168747175
28.86432731531228	32.79429161168967
28.029025389636903	32.075224564586726
28.525315920511883	32.60767777760824
29.872019178548435	34.16656648429336
29.048691340565934	32.748830250620586
30.09155116314088	34.32881321674193
28.09388489328372	32.43026023305905
27.98574013720146	31.850737142461625
28.24495508513886	32.213653542180474
29.18256949366025	33.12285615026065
28.576872714259316	32.53136932065279
29.60632492478486	33.474731670063775
27.6781861635277	31.668598428147106
28.701203787655842	32.4299893733549
23.42907393307696	27.403178569364446
28.640319368641848	32.55234000940991
26.68170076722552	30.378008781724674
21.640782305642553	25.99378114040237
27.53155016038575	31.678923853896478
30.06592123270541	33.67227609395475
28.794930433771412	32.38804724262019
29.768285101386393	33.464058572319665
29.748171186750863	33.86635556190637
28.51588884786942	32.24075444741867
29.317923319061343	32.969977605621274
30.12952774801072	34.246813118078144
28.692533954693253	32.8548789176212
29.491143742944026	33.39911886081574
30.001625794007772	33.51118777410746
29.552739123123718	33.30008794901983
29.216638028495126	32.95081764472265
29.70627894269939	33.74445996416096
30.587183541299936	34.1148390111903
28.07881184393686	31.546825210506498
29.621074158168398	33.622051757358946
30.958131842805575	35.59910387496786
29.702426450773917	33.517435533479016
29.033127800927293	33.21489046384321
29.483628256811965	34.11763097475542
29.5977320458479	33.71374180058765
28.185465126280572	32.05908367132685
28.4719828263463	32.17684758747206
30.16549033268242	34.513844307820506
29.54262268163596	33.50908172510232
29.61367271002184	33.27300407830823
27.170791733290233	30.800176513169728
29.023391996978955	33.06350871408062
29.175575047794673	33.60368940227857
29.7110344325914	33.34865604287247
28.70269482404057	32.548569748102985
28.27612129341012	32.58817085136527
29.002648296882647	32.75427347130583
28.80277490109648	32.4389872601584
28.169217654347673	31.94755785834764
29.814357087364115	33.986376478920064
27.57989823894136	31.358902572826217
29.32558658219194	33.144155239097124
29.172811285452227	32.736864312692305
28.696380528168568	32.72368439797889
27.967068522345993	31.6999522753835
28.44069370140189	32.179562722548305
30.133840901077175	33.88446583110056
20.41366708152107	23.772232652976
19.219879267828226	22.12095248876357
21.172330236738656	24.525667810136344
19.503105562457108	22.90754469083879
19.81696575715537	22.775668443894435
19.802830165611965	22.76318507791831
18.35458964653582	21.43156414679914
20.79152239254832	24.047386756621602
19.582130302542588	22.604164253121475
19.77348359223384	23.05648009184819
18.394719526772793	21.432684495444004
18.784214378162552	21.676301597789596
20.54957396310859	23.707746440944145
18.907779371662503	21.931825959758395
20.269772456709745	23.40065486567795
21.747963856739602	25.102334071116843
20.391935787889356	23.90055421760381
17.545608042658262	20.189735890447206
20.49671768787813	23.69724059459257
18.465403396865618	21.477013747909773
19.485129085062923	22.62700203371149
20.686207086923524	23.755746572134093
21.566902826799204	24.866231252180288
20.472633292973676	23.462108680903278
20.910491724682462	24.022239903735507
18.51968263719239	21.305209406874994
18.85134936897618	21.77480457694667
20.177280575859573	23.156356661689255
20.54836571849329	23.981062763562374
20.586972971630704	23.893270711230624
22.16117968832611	25.82716450417877
22.370653322547863	25.792825528770496
19.517393581933025	22.775128848486897
18.702320714411968	21.828509668888813
21.058063537451872	24.320516555931917
20.202208352949462	23.585192846391358
19.28601338250875	22.29203532354594
18.09602248035925	21.22841942943079
19.938214423550164	23.018315193759406
22.312641554830435	25.45879895115101
18.93168727000048	21.935566987201668
19.93406471122855	23.026342545851527
17.635322032207643	20.682034077411497
19.923110858649963	23.10841952159906
17.052401350308884	20.382737352083694
20.683279748175554	24.061728720452376
14.8155819848338	15.485350899382508
19.65204143321691	22.685811044810432
19.636007683545415	22.836032492846186
14.544104876791597	17.126660999978423
18.18406568515073	21.06140436184634
20.210430497576475	23.271712904523135
19.74180396904105	22.933263932570277
18.944990684525475	21.886235664351478
18.88998294433464	21.990254635011063
18.443886200080758	21.588103851188773
20.132050911079293	23.617683967460746
17.979110132610217	20.94206487044154
21.14308291838174	24.49770420625205
19.184518162105746	22.276747401859097
17.091932150968322	20.4354535607016
18.61786146224684	21.658612536776598
19.187980362311038	22.023001006707517
18.871751728584307	22.247629222343427
17.69559359702335	20.935364960105556
22.55846170964008	25.686068014481013
19.877430535172707	22.78036250987124
21.23165453973596	24.280176743833376
21.710351472194535	24.955852980320113
21.289350321338436	24.367653081371525
21.397114480377002	24.60301521933003
21.608687795651186	25.074425302493346
20.442639464279143	23.714001542190584
22.75298657791883	25.994997354576288
23.0906187693278	26.358542760213215
21.71138614200989	24.965999188190306
21.392885862135838	24.52324992582803
21.876650783919477	25.331616427994586
21.789619998567424	25.302312298185505
20.805859527263927	24.068972626056386
20.668546628040872	24.0515270719103
21.003943805735076	24.406937236745392
21.099301378691525	24.527989347016483
15.361837956049893	18.51108112659171
20.171500084506476	23.126250388515984
21.541879937400736	24.758317663917623
20.51860931218303	23.706667634838453
20.302764139357645	23.73535994511501
20.742588553459022	23.761180367439415
20.46318977906699	23.46957618162637
22.827059804507375	26.137261331967235
21.211838195784583	24.509530593888268
19.87351118480577	23.30181039417372
20.16323968356835	24.032355104029307
21.87181206721409	25.342554845627706
21.605871054776916	24.91506018911957
21.603401510072615	25.012578638242815
20.97472203613087	23.891349664918934
20.77429955881366	24.08667570668927
22.444014690990407	25.6315182222176
20.348066688343216	24.12516367359526
21.448617459355898	25.06631517309039
22.06757747342379	25.45065105746
21.122379550002435	24.396499386765143
21.906050374300364	25.33067257186663
21.593706936846367	24.67891421793879
21.228858251227443	24.405998926506932
22.259918492311126	25.386974055296296
20.38984547552283	23.956008330019163
21.03950281608889	24.42331342231443
21.678429666345032	25.23060124796161
21.046727793991185	24.303701740920925
20.752290104098634	24.066658641628905
21.102508872937246	24.466731697131113
20.703557441695228	24.010786582962975
21.465794565318244	24.60039043224035
21.456835117056617	24.769822750375024
20.747366447610712	23.832683067159795
20.524899006902285	23.70962858098834
21.18155716128663	24.65643455319091
21.68757880063067	25.272584315824407
21.93977633555224	25.1382056133003
20.49283470469675	23.431281429946804
22.39308566196709	25.55316143886299
21.19748888602935	24.53067578682221
21.92147397691277	25.34297800367805
21.38226722709186	24.47351242073529
21.570444161724893	24.880908911395224
23.65385197681986	27.56498576121725
23.52141883874395	27.28250381445429
23.961805371974936	27.513353319431314
22.754167921224216	26.789315812906644
22.80469450576037	26.179276136329474
20.832955556816863	24.126578134589387
21.81257946071098	25.3527724069648
22.063040715114326	25.982872981174737
22.713121902158054	26.130843628237454
25.214830661781782	28.712964748374468
22.827593710265596	26.46142492071585
24.013801040163465	27.867058334836535
22.294275065136564	25.88667509965836
22.922219685435042	26.515781947255388
23.259855472864366	27.576375758825087
22.626965204874676	26.257285435994465
21.52250881964487	25.333844940120755
21.097585959545874	24.63745089042971
21.771944821513635	26.885684191547888
21.955906009471594	25.263738537037195
22.90834747808501	27.45762504083589
22.74786669939693	27.042555740178265
21.188360981627383	25.333693690613828
24.44192502858026	27.924152394515442
22.1695737858993	25.388092992665154
23.35279108561781	26.698041662795276
22.4074981207554	25.909661531954562
23.65484997573172	26.930788070532927
22.309966998495113	26.3744297452793
20.97188527417031	24.216989924193946
23.585110648169387	27.688870446190965
22.784691614203645	26.33463593096237
22.72503101851024	26.252536654219252
19.705092543502776	22.90397537336734
21.21087524794722	24.56584479904985
23.54435203536048	27.315953750772334
24.071690721370107	27.687031583927745
21.126520073844116	24.957103812264283
24.095803625264743	27.67890989097061
21.240392818572413	24.506624088165868
23.408931112593148	26.891968393022086
20.936452918245028	24.410127587126066
22.65896063600123	26.100761119980216
24.436051704827893	29.09865250354613
21.332060670143985	25.77694430422125
22.558279444457618	26.164371083496484
23.777442567667386	27.871414549031833
22.421446788083216	25.82876111291776
22.057776748754417	26.00666874685105
23.898345135326345	28.119631625537913
23.724433348183926	27.498634889120762
22.590871683351555	26.227893956907234
23.439943165789238	27.061115412701973
22.646691852820652	26.434536403404934
22.86509950196414	26.31892721617551
25.477934489078077	29.60709320562407
24.237074325545326	28.141303588883385
23.61706640968404	27.24980828514018
24.87330536730983	28.51426787487767
21.427490129086117	24.73404704132404
21.862412088236233	25.885812170186618
22.90119715202639	26.65884809028318
21.42666234787862	24.6411400813206
20.12395661752948	24.401451173608216
27.142059091296673	31.731148000988483
19.82523566041529	23.667579357284904
27.165932179509706	30.747390269220762
19.9572474728724	24.13319899929557
27.007664858662146	30.595249951518518
27.34019334554166	31.805737898354824
26.05804602507573	29.981012660227005
27.943766632404042	32.42448898283033
25.72538532977904	29.68972239727174
26.600054963632246	30.61389805455623
28.16963644898368	32.50685814940499
26.551308376773907	30.39021803618996
26.19625577703909	30.176560308776338
25.674415481065235	29.90330706837324
26.81547511357917	30.770243041328058
21.122217172270368	25.30065918576186
28.00780061248002	31.981974091499474
28.077173050801466	32.55793589695244
28.7584277353469	33.31235015771951
26.040940709934112	30.316280893459442
28.04505538737951	31.584272386668342
28.866136162144365	32.7404350353654
26.26473977763182	30.0694143513965
26.17538199252637	30.470127727322264
26.976457047108127	31.05665643250613
26.748322199357794	30.82966356419201
27.787408089688377	31.778889441439553
26.989910279616176	30.622943724290074
28.27448172883117	32.248477026661995
26.716941924611476	31.51467695661411
26.577366375366342	30.70192477758776
27.613260609329128	31.466882365524388
27.031405744532364	30.67429989816783
27.512754893859732	31.271268391052377
27.648540824841543	31.237830787707285
26.62136812068348	30.338405896650503
27.28573741426893	32.08684978971056
26.41379270938298	30.465227981534987
25.17340538405562	29.131097103126997
29.198257830998447	33.16151771221444
26.897078167860677	31.267384875352214
27.066045844124634	30.990741646720092
27.217271565884793	30.57638382962302
27.186998322764275	31.384153410634163
28.064652876236384	32.65990118565327
25.2329854519757	29.039134070119026
27.606454225609003	31.354876188209357
26.738274871923362	30.389620483301247
26.379029794356878	30.166578726150934
26.41576333258562	30.31209997918196
27.430227328257956	31.474462460560403
26.028694539566203	29.752450556258992
26.59620745065612	31.12277906057435
26.777805069196503	30.296543380510528
26.127953211466473	30.196963628133137
27.247579730493502	31.308681332128568
27.091776564369283	31.281573579063334
25.64442567764574	30.41617460311598
27.726680923672493	31.666829894808952
26.2242996171275	30.37593346087543
28.7988380241799	32.688205356557404
27.191129042591005	31.08474032691583
25.228672013414386	29.3427906178112
27.99744082610825	31.686006058047024
24.35600919986733	27.779052064170756
22.630283090465895	25.875711706287035
24.78741479780517	28.500224820114752
25.259787405625524	29.078765069350062
23.96086678029119	27.2425309705633
24.470694009412373	27.716329153429424
26.846974154186857	30.48324320726334
22.45725205496365	26.254305333342014
25.661478587270036	29.12510626685594
23.07984946994012	27.02476478787238
23.783781681344262	27.178939189627418
23.813847197595422	27.017678605016883
23.663317390814456	26.809235862359373
24.543825892632682	27.897280903631966
23.832763102910068	27.324907871821377
25.902638287554375	29.518088488568672
26.4023581502797	30.604737186634363
24.085707146144472	27.707122367405333
24.336294577126797	28.07807119130582
25.853420265667506	29.247974387652807
21.192791570270643	24.779672037517443
25.468731118868366	28.812207983304486
20.181387723124963	24.45970839198734
26.053480241455595	29.318529035888155
24.927935156852577	28.43480822083297
24.40753558739988	27.705965007692892
24.75911189036764	28.0882735161265
0.0	0.0
24.345293970371255	28.19616606686019
24.00269240887555	27.452421955748473
22.502119945113066	26.23572452205002
24.20701339948456	27.55311843645294
25.309797651448825	28.612523668131253
22.76013550889973	25.87641920911785
25.413048687507647	28.878571567008954
24.20971642633912	28.09522856572631
26.942991070433532	30.304403491334046
20.353413328749866	24.601317658798962
24.104905831079826	27.42475344016041
24.150826358997644	27.596915340221106
24.12612724506678	27.316036222340447
21.4495283013443	25.003655826463316
23.38298202725226	26.632585752288755
23.3597651277125	26.81387226242422
21.64657401633617	25.371889118429454
23.755473981237714	26.762840380334552
22.672380485858632	26.170818290386485
25.47358973517286	28.9192535112871
24.17305990692916	27.935092482597206
23.4892247760878	27.09762062186142
23.193646771133327	26.46171249705515
22.101570208361196	25.452417294690562
20.866163496758528	24.237821336005144
24.354303244572534	27.687267418879614
24.874276339375037	28.137612164653284
23.68070476677767	27.114600485297526
23.871919413281095	27.277399281787265
24.05019564942443	27.55307583495057
24.146122189337532	27.794544009392936
23.552338760116804	26.922716934463274
22.935243217808427	26.542513282435714
23.082226364475908	26.58840695156413
25.45055658700866	29.111191917630013
22.61756576651474	26.12739501839737
27.53311494150992	31.155514208880707
25.50133174645167	28.638511240608878
25.663078117775562	29.14110202748811
26.49192336866051	29.9456700914225
26.282277001949886	29.762402639773747
27.01285262421691	30.540528341969612
26.061691381369428	29.618301294411822
25.67757502027378	29.205416770497706
26.996630670664924	30.50506686961828
25.37511331716161	28.939559152931164
25.97826779521448	29.290801876416378
25.20959570048468	28.820797899979187
26.186594424480592	29.75401264644226
26.38193033100946	30.194129010421204
25.913118637797687	29.282670699360516
21.20360437219057	25.12818273718443
26.02361412007844	29.600872803139332
27.736461849982064	31.239925173943718
26.398665863490663	30.205093902134337
27.22829973014297	30.746252424398044
25.67949784637257	29.101572862855946
26.10080898997637	29.5553170323625
25.447628245991506	29.002622379618845
24.89597649381925	28.85170417024325
26.239987278187098	29.49534139612931
25.377771243927587	29.107694759490382
25.97560290115907	29.56313534957335
24.842960588491646	28.385162122689994
25.417058906231212	29.65482715639086
26.138835410909795	30.213705558938837
27.276289385088944	30.7532077615175
27.1458027874082	30.744269081488284
24.914385558693272	28.566144226462978
26.068272598736353	29.720318786151342
25.14620333062109	28.90870160712305
24.702049506444588	28.77127050087963
24.641173206823392	28.73780170772739
25.843023273848676	29.799621608353473
23.582207238345134	27.414151633114827
26.762091002899624	30.222207703155064
25.35986525946615	29.36355202263834
26.374265045117422	30.06845918278785
26.654399645050113	30.19773505953973
25.042119084902883	28.737605036190867
25.893658372753492	30.11374213994182
26.152752819587725	29.343617495964033
26.111282781937067	29.918796106002386
27.074065354219666	30.6446827384317
27.51733585122791	31.048563044035763
26.591511732453753	30.52883815157945
23.442163034102972	27.531073049881403
27.379102214886125	31.177143588946883
25.67034165368212	29.237998800419444
26.447408674122673	29.86837005817713
25.88583191387719	29.51215926654273
25.78800933578718	29.847778628080007
26.217341315720997	30.34514342548994
27.031992260311313	30.5266720615881
24.4148700110725	28.003653777379647
24.629484636262216	28.333243864103995
26.26821606629973	29.950881071151443
25.818292664367934	29.18650431744359
25.15238332039738	29.884499080115315
26.30301500429773	29.98612951169348
18.79098652882181	21.878145703844204
17.43816332604475	20.349153949956225
17.632236229639396	20.67742563559498
18.12508750721148	21.216644517935006
19.253201666910936	22.3617790307209
20.18326740507867	23.364566991283635
19.92912863470187	22.926363003481725
16.541345167058793	20.090212297540816
17.763847490784467	20.69685159063643
19.034168275804785	22.18681713679287
18.105709709685826	21.288888297516323
18.670853999516513	21.743382069209073
17.845096490945025	20.68191919509013
19.36764190050194	22.49972298292091
19.041624379006162	22.463298487815127
18.28353137524518	21.567321591063415
19.911649572368386	22.96719373512673
18.65740082775205	21.702031392706935
19.020191024569694	22.25548761007386
19.475137216523446	22.620043294951163
21.028504786724245	24.35750442958435
18.836607183873525	21.807361398279795
18.31766317250116	21.44893838999884
19.379224892634497	22.462581519108667
19.40515520213263	22.75886533619745
19.094587508280565	22.155481156270216
19.578547821935828	22.695669783654992
20.056528348578517	23.33475850139707
19.402062377605723	22.707137146320058
19.396586086086913	22.685458515353517
18.778701786276134	22.0953178365266
18.4372231469286	21.44472723148937
19.247331789344738	22.177408048301746
19.300574567920336	22.442856523388258
17.960282386488217	20.86313336973737
19.478529998957477	22.892023971379437
20.334629986189984	23.70185759315572
18.18537833179385	21.610474329338963
19.269587099678702	22.543006360404306
18.33190808225336	21.334836149924374
17.499190585628437	20.343630535587383
17.79034133473779	20.70467285593604
17.032267475330652	19.890893077647863
19.320672393604447	22.847906707958053
16.766110815060365	20.22040423010565
18.05299373391834	21.069236795866818
19.47778525018388	22.62059769964522
18.955558908466575	22.05693613242698
18.05067584367821	21.234255339183118
19.3287566502889	22.608760515848797
19.09008835835062	22.22874594645895
17.93494825099937	20.83476610446938
17.316144119149307	20.666561950796982
18.110648179509838	21.17799279644231
17.359691534832024	20.224334801837898
17.29027836996026	20.390116756382515
20.815877068068065	24.641718757127247
19.996753864733783	23.587594813855084
20.2994906350559	23.48572665010035
17.61131244100583	20.597248502597687
18.40674649783254	21.624423393524882
19.498175922725864	22.76206653943234
20.768086143866213	23.83771067009863
18.651035869703676	21.70925275029144
21.40631509485265	24.954271071529185
21.048939589482202	24.261740799922094
20.57380354935956	24.125298852373838
21.194203644041803	24.608151168580267
20.25912308541073	23.342212440101964
22.1266076539479	25.389530422834326
21.89144894423758	25.24749568161691
22.304755897278998	26.270340233092096
21.155910228721147	24.398346210487837
19.802037714899473	22.793303013860292
20.71371776435026	24.138647729424154
19.687166797127695	22.933717144522696
20.789585820175787	24.334237345717767
21.359363142851812	24.720257218476313
21.100098042984172	24.652192682723836
20.766376126850233	24.286499391948595
22.611762224995154	26.1344974643359
21.197767889423734	24.97140249021494
21.218192770729146	24.841507241477885
20.80640619524978	25.11523229351975
20.760960858338958	24.092102725035065
21.30403755779226	24.452495111275123
20.247069089529113	23.405022890451356
20.661833420933686	24.293732985316314
20.380420494484547	24.094955634665844
19.070158707361564	23.18537069632496
20.562407297187043	23.711808401055144
19.67916499378828	23.804460418199024
20.719831569938904	24.64130391284918
20.766677538553875	24.48664315541585
20.89206844378429	24.15894359540028
19.937923022389665	23.163132122874007
21.081517988962226	24.329311555105157
19.74613788021598	23.083232618441247
19.70327421864633	22.802371533306793
19.70017281510015	23.025029745324655
20.980343057344925	25.014280126859177
19.655479431152344	23.54265594482422
20.599276520390926	24.49839117370087
20.929532164474455	24.353482133010896
21.928689889847092	25.563671178878494
20.701299811118222	24.10897049833002
21.104553145714373	24.399730759314924
20.753213244638626	24.122040432729538
20.53391093559832	23.935134703439765
21.17341165481859	24.63290472091383
19.991959707499056	23.356287820577116
20.85707217214467	24.049832048436386
19.58269067833125	22.97496084144414
21.076766548642688	24.576338233461804
18.71561424595535	22.176467968400118
16.84879580779187	20.105267607735474
15.938528498266912	19.347142735863947
21.2818699126031	24.60670659496526
15.079665550507304	18.10283338137746
16.387012471565523	19.846647272697172
18.644095558522867	22.18090711176522
17.690733717252243	20.89518470926143
19.776734254922076	22.928269483481245
20.826467961515842	23.903499155793728
20.852720234297895	24.027305629349566
19.17996131184248	22.307713401292286
19.887189575567874	23.427929214104978
20.848134409343615	24.234520543659315
20.22805222837282	24.21624937685179
19.310554808112467	22.9243122878348
23.206922782201424	27.482137428980216
18.20025565922893	22.31910011469685
23.3769337822171	27.108999521615907
23.163489295165757	27.42276482470729
24.86622184299866	28.607208790546263
18.769794696961746	22.728620296324387
22.87782311490134	26.34320425936624
20.921097075103955	25.006990159393116
23.19439069176935	26.755495630252135
20.67380115282257	25.508314401987
25.48900907358546	29.660769292503407
20.431879713783346	23.90069894527427
23.033408936421583	27.155590239603807
21.780697164515274	25.539939584752304
21.41203961301508	25.311421538107968
21.470913526611977	25.076341035765953
24.591537086826982	29.553024680751143
21.298044640040956	25.186488669895567
22.34288006476789	26.15524882622332
22.478237793956847	26.400941206897645
21.411711830495523	25.0744083935035
22.640042282720028	26.199648879389347
23.653626622161543	27.249663172760332
25.077722658776935	28.669782529211346
21.610574418572103	25.404959028693522
21.021088869455262	24.908880918142394
22.982206881172843	26.583690106742196
22.77392141378609	27.024138049714885
23.050501114750112	27.101997130489146
22.78806298249846	26.388711996139236
21.828893363855446	25.3091242905635
23.283822829050116	27.370849793630548
22.99834056416894	26.517301601968754
25.377365114329475	29.292066572071892
25.470957296416007	29.49005268283204
24.877203746965737	28.77129288084188
22.88851863917778	26.53933780613472
24.593016221518223	28.55883543253451
22.35472066437869	25.989746498707248
24.018961679657046	28.411067235748227
23.99966422362439	28.310899817513306
24.56721695618518	28.46139518065564
22.886523894696733	27.687166519731978
19.051456811827965	22.76452600677555
22.111244973103712	26.124707404215624
23.513596168242696	27.61628282956004
21.21091017348498	25.142437604835333
20.372871273389034	24.251041537890263
23.599638586591006	27.830150002886533
23.9472098340401	27.831114293157167
24.940728681608878	29.259277803376474
22.753908847800737	26.559012676247114
23.775777425988718	27.809471521154837
20.84355517304374	25.350530901785362
22.684924963932886	26.92960178472434
20.760167670604275	25.08565371001096
21.631587265403407	25.906769515602452
22.370022032670914	26.034524704999985
23.95053104028074	28.347593273073752
22.47681288304096	26.49515099940533
25.28952575084257	29.03938126209688
21.649976290968066	26.075928173753613
26.824768708263488	30.915318800891786
26.21743373101431	29.8180543976478
24.785895159290096	28.297166058971623
27.576185386398542	31.452010948440325
25.023802459619606	28.593678772069847
25.991053903178805	30.506756460590726
25.317825552258014	28.86548591014433
26.255536364901598	31.30957288802809
26.728098881472448	30.46571253515353
27.869036093385862	31.88076935705359
26.962016295981762	30.897856522011402
23.53031917539625	27.451467552509023
25.958064873000872	29.860407035568464
28.354626357935036	33.78607493601027
26.50049358416515	30.282352866640515
26.53270104078224	30.59513900133202
28.772591297287345	33.198603923659924
26.27478803849271	29.93856988692233
26.961150078257177	31.46936902574673
0.0	0.0
27.566589130717478	31.54180739943389
27.500918493655583	31.383158578487972
25.998719185021272	29.768660575720915
26.536266290458144	30.813003576485215
26.076804495161507	29.96038498848107
28.066538085856507	31.825355300984313
26.10083597025294	29.67178136983495
25.830771990895524	29.70829432380174
24.437325493798387	28.622902853979934
26.283489857003442	30.597989406302222
25.563777595568613	29.226227134655996
26.281167556778893	30.00251812742521
26.918131386904705	30.658523047299397
28.291194292137323	32.03198686020642
25.351019731752434	29.1387225473003
27.00473433087586	30.495303816096797
24.931571966523578	29.084428781157087
26.554845372582697	31.065542658423162
25.49836288136282	30.410563128769017
25.012590080309824	28.839071601819082
22.777939994876803	26.62933043664175
26.521056456677222	30.326042847521997
25.954338217490292	29.747293328530215
23.417015209319484	26.843463764069188
30.910337986713255	35.41291183018127
27.723144968603826	31.35301164760711
24.871454091082207	28.458294062604317
24.813048804135335	28.400690591006267
26.925787012541623	31.748746831452518
26.798928647537394	30.83358249137862
26.101166368796314	30.734391568825757
25.047890829179444	28.958607507612548
25.864107186627237	30.364757483172568
26.755388126251805	30.473867550017726
29.304267079460647	33.139742701423145
28.485276365988828	32.64253506589594
21.476148848321028	25.954068894598894
27.522359975583996	30.900565973512684
29.752662780178582	33.57853686581751
26.7969945697015	30.477638837891273
25.28424676664316	29.28687254182852
25.779747148987592	29.620649198058306
24.841419728192047	29.385068385211273
24.88694317325665	28.749214816245303
20.25958172379026	23.45366176070681
20.196730759493104	23.21040234292389
20.887390742129835	24.463418355160204
20.432509021394573	23.731578274137654
21.098909886273102	24.395152537432953
19.509975380705168	22.731094412996004
21.337608205791238	24.618219507221458
19.029854978978506	22.345839295923838
19.420690637738335	22.502107518999946
20.52377802449933	23.824179586584656
21.17956821579336	24.55376918655039
19.82400358204123	22.927543277699982
19.171088854471844	22.093782742818195
19.999533851688327	23.080355445797025
17.620512292137064	20.62332697177895
20.805925832938744	24.179450525093483
19.938448272186733	23.299382843535923
20.77279226744504	23.89550263917117
20.986272196354633	24.33743919890904
19.97099222802812	22.951680043700396
15.875099224649418	19.27218432942773
19.02821414688337	22.40324527999651
19.41369132226187	22.92466660315317
19.468893095692756	22.447183564463494
20.252767690427746	23.241874567262684
21.52985603591692	24.954522778780344
19.75260394394018	22.727922026518804
21.267570173664456	24.600607240275973
19.41484877916405	22.649926687754895
20.514235057142383	23.793870411607617
21.58599927217844	25.13153765409109
22.31035420849065	25.64597895190974
21.030658928452024	24.204414161147586
18.900982520635974	21.99366126293336
20.300493961180344	23.37406277099739
23.037000765466388	27.021974454260175
19.076088881037037	22.020707154729564
20.668529103516015	24.390470911742774
19.87420276269285	22.78353306189211
21.990786064455715	25.02943946044663
20.77473213819435	23.971233819447253
19.71912523338496	22.886328257825976
22.4329119417065	25.62515347272221
20.556844946178913	24.192243341174603
20.362684693306115	23.81954148772416
21.95135207085093	25.233243037181296
21.098646597244684	24.257661386153753
19.875742264360884	22.96389358463814
20.404418159695442	23.63312609079284
21.35718521393535	24.657100827324417
20.254569187285792	23.30145536410581
20.375751811227982	23.37646071318608
21.073851858734326	24.6123358854063
20.544254153144333	23.72972884856465
19.775297428139204	22.666894649497515
19.95596462095872	23.061800424207295
20.679801503564143	24.068977793310857
19.950028119826268	23.206277193284084
20.29159279436569	23.48221854596634
21.094491300562638	24.371174516698105
20.179704562873596	23.342125042228943
19.799422938352937	22.798771183961517
20.91017786054348	24.18707975359226
20.17046046813835	23.1524765435804
20.64019810216948	23.7456127498813
19.195072657996175	22.141942493981364
19.65195508418316	22.67364077152973
19.226518920525876	22.102100082770022
19.64112734136561	22.614396340275015
19.200648465733618	22.21925242843142
20.52024134658198	23.514430436865286
19.162125966098404	22.422922709438705
19.50562625326169	22.392380185947296
20.448158280358445	23.50267790128218
20.859311897537005	23.979641120651472
19.730160654477	22.573065816470265
20.22304834985429	23.127442220214068
19.746164004007976	22.886295636494953
19.045257284889303	21.92089109157554
20.031932907752424	23.389587325401873
19.591959941159388	22.644507420290807
19.11278381671622	22.110925289729092
19.97068692873491	22.859267218603957
19.47207753167284	22.72883685126173
19.49589263608248	22.55662430117338
19.160673414825634	22.12123080575542
18.821002433760658	21.88027625276278
19.635987462005293	22.724669276275957
20.374730541447924	23.466166064997388
19.687946594951008	22.61880847096696
19.019279378741157	21.942195993573296
20.91098818606885	23.872497226528807
19.398776617272897	23.05481568314214
20.65365393247827	24.26742761049048
21.205493910803664	24.166751877770555
20.41818852232267	23.441222717301354
20.886997435502945	23.918260361738266
19.82879316730864	22.946761489673783
20.296612832703154	23.388092901549776
19.64301452920189	22.575378796603776
20.07103236617556	23.381011167149634
19.280820095361925	22.672276294408583
19.46498734379017	22.531064444539908
19.548176269369268	22.659835357827998
18.83835944197993	22.006117257849173
18.53721230298344	21.385543892084918
18.510974177382806	21.321608296372077
19.30994183445179	22.26348536586559
18.902866154972408	22.293382853206303
20.175878648292233	23.178600187767337
19.267957497048023	22.29584712941682
20.15209528038203	23.174339808729297
19.10136518255667	22.14706888421579
20.073946011294225	23.123006808529993
20.626862127057052	23.633021753558182
19.813762506861597	22.892952123265356
19.460474722957407	22.75417829217931
19.74973124809832	22.75804119758039
17.973674593963946	20.952268780669844
20.294050390806422	23.32876760235764
19.46225828628378	22.69291406173868
20.314999659349965	23.118437688062144
20.700094719095087	23.705302696066045
19.937690362302614	23.021294012697386
19.91453705927369	23.056183231864004
19.816927602083567	22.68460399886858
19.515122498676277	22.626202498271965
19.938310453086903	23.371149233192394
20.106225633317496	26.58145556480262
24.021720139084348	27.422449859084598
25.79034131448993	29.463206353967102
23.163310004394273	27.49506478198268
24.98955173451936	28.362724113869312
23.985062852280407	27.393255934340687
22.996931195512193	26.318443178877455
21.502149729718575	25.254787297258964
23.12819021674478	26.707323851858735
24.64852196800734	28.13885252845262
22.795068532291744	26.29239675396314
24.115733697409336	27.557032034402187
23.502381772245823	26.836905031953396
22.216763393134826	25.74348746135736
23.720950910240223	27.512371233314465
26.780710570624933	30.64225734014167
22.62515596725885	26.507250267482362
23.854581061442186	27.2301872338459
23.272278346326953	26.521396122667188
23.90458880260492	27.223338977546447
22.599169075109398	26.41645401754197
25.55958973829913	29.196891432355166
23.50823865473397	27.101096290944742
21.8944970513605	25.191245899078954
24.293629336508975	27.606803250160947
23.43399428916332	26.701545719381603
25.016651115093516	28.399927177753163
23.39054516672835	26.908870421650555
23.133095133836104	26.882371556227373
23.724548420835198	27.240249552797614
21.85887216863612	26.224505669498647
21.56953828248755	24.95191938963159
21.460577679287855	24.928574847567614
24.538047569825643	28.37376616613627
23.167770320949028	26.513656681004097
23.68839739538302	27.67173100732694
24.709345534095846	28.365084931602397
22.446350719265624	26.261651371188478
23.87827185815054	27.297694404666842
22.36460447210162	25.443607808171816
23.840830794818334	27.062869080059595
25.219021562304974	28.82201122883272
25.454497252300285	28.893252457782722
24.359717391352238	28.219696976323544
25.928690507406895	30.039468214516933
24.48799914868268	27.92819195239154
21.285933761839654	25.05083343481562
23.055708798127064	26.806447116179577
22.299026244258677	26.044771439457143
23.14440540548596	26.876361806428104
22.12174048292156	25.936761714344065
25.337797264131517	29.047817131010085
23.262981989834213	26.754199406650162
25.16852112585825	29.061873237545072
23.76008922228641	27.16512363782101
24.59443229019262	28.13623291671656
23.487005343103107	26.983697781896893
25.286623914277225	28.575617830717892
25.52323432889967	29.225037613239003
22.379285883245448	25.658180165948888
22.341808811114852	25.921391948772843
23.59709664160532	27.482819358760892
22.49675697480544	25.786261137377178
23.484215299035334	27.191918810461736
24.669787692416246	28.258980465542738
23.106898645939594	26.522915502009624
24.741844375675143	28.07252864068228
22.600816064579472	25.692749685542598
25.214628039398516	28.79212969680754
23.47604448881372	27.095540212724366
23.351797379252766	26.56494685292497
25.207333068685674	29.14678146378503
21.864358559788666	24.960293158350982
22.045811489129523	24.910819217657586
23.805884928207234	27.360571294326945
24.394078805441563	27.606495306496914
24.327888237696037	27.651550544042244
24.3523181178261	28.17752807358015
23.164510149864633	26.378708462806266
23.573873297170977	27.122667535348555
22.745183509373106	26.028370338893495
21.95985820794561	25.738109321351264
23.90928344362101	27.391385272809654
22.468501763232446	26.546587271801734
23.366108596704567	26.592662155248558
22.92622117530515	26.159002976306176
24.337894170400695	27.814375193002626
25.51030064844022	29.091511714230677
24.201348187310934	27.64220917047715
24.58786172320129	28.10107641766785
24.96377100610429	28.428925374510943
25.70155911536733	29.165960263294778
22.911686443725717	26.29237887915026
22.83029959004396	26.54820802409178
23.436434620251827	26.63749612010462
24.94491994659359	28.3871456356818
25.363644656608564	29.100270214607256
23.986696144071608	27.15076074984929
24.242353542595154	27.480995074958557
24.736528289292774	28.206295120741405
23.207218803924107	26.878678641754604
23.842696420706	27.585169561349662
24.608096460881	28.00122513335728
24.087894982339975	27.340892249105337
23.332004508648204	26.66950420412035
26.394341472860607	29.99133777213451
24.863768401419282	28.666073975289702
25.525009193744374	29.187478980694102
24.367156984446662	28.12927055156408
24.56153137466204	27.951865842134836
22.236263548492627	25.608808244109913
22.99624060369601	26.24905968927274
23.079842707154096	26.377150395873247
21.32130893577689	25.006772195204555
24.133783698841263	27.819327949718307
21.430784280133096	26.122169439959677
22.980379788992003	26.580838472726747
23.19951880712165	26.603062979987726
22.384216004875814	25.770428007575358
21.64538679507634	25.208540817228346
19.429563196348283	23.05087312872496
24.65750782758061	28.2706862184399
24.482658070363815	28.073746043405716
23.37721988248724	26.509556087971745
24.033854634392288	27.381049006354782
24.346804799041426	27.668183146515215
24.48098729370506	28.2722132373008
23.680530627062367	26.94363967628236
21.982860164277874	25.569939060575642
24.644618305684148	28.083098140238704
22.949777236663106	26.53557241848826
24.22195949878409	28.099388691523526
23.03440384146008	26.390612561738163
21.873120180360832	25.229762204893074
22.96059585174431	26.139068836366043
23.222408513354647	27.049594660473478
23.851819757190228	27.185873266491413
22.706834645281425	26.240268855084786
23.089974709124068	26.48902385654976
24.41299271431698	27.90425467643009
23.921203534314586	27.547437746813344
22.67711415665418	26.052639337608515
23.022543000061294	26.676856948058823
21.610287200619968	24.993676651308743
20.872434972451245	24.244351984335864
23.429330556509093	26.470936090829774
23.12561384634354	26.53958161874435
21.90232370259149	25.08509733317511
19.82476543823372	24.037268405760422
21.157812713817428	24.748803497120072
21.86590942455705	25.798242720828693
23.869401524780663	27.103062083007423
21.391236552260736	24.61767267320313
23.541327646583508	27.25150949636083
23.045156403964747	26.554779127651464
23.006065767535233	26.456281263104415
24.262374713922004	28.38813988873913
24.56318352328744	28.205077432523108
22.668597729595856	26.27955290516977
22.99594368094345	26.16245017891983
22.58312905062536	25.7853001333346
24.925487886821642	28.34811364516078
22.848796287666207	25.96058901201641
24.312660901662902	28.187777788522645
24.900052512021077	28.323662316470134
21.516139980081288	25.107940677877696
22.00422686477629	25.23595982650789
22.719732270372393	25.822956099378583
23.660389327193016	26.75225410542417
24.667415748482803	28.18758760845079
21.472245305460223	24.710854441243878
24.44243413678147	28.2512838197615
23.980532791963807	27.80292019570709
23.235350177546216	26.495385601262377
21.801976457016735	25.02324937306139
24.82504509360927	28.09856559364659
22.638894477973825	25.777390083183402
23.755523211890218	27.10102891213322
22.946783110341194	26.241693452158806
22.27426091374359	25.67432650385895
23.159233056815566	26.959133184639512
24.277840990929086	27.739994626136344
23.20455888274369	26.553122010200646
24.129028642253513	27.77307287447012
22.101686412867974	25.764192645969917
22.878870935703286	26.44745543453597
22.8617875915171	26.51334783023583
25.533922239979866	29.149267152109978
24.919113317113013	28.435535272974878
25.369527342972482	28.663797852340018
21.486953717128486	24.76782419119671
22.828239926866665	26.256583681531772
21.24630593949822	24.82230520552131
20.79870091375525	24.929438963564085
20.8593677775875	24.694341252563866
21.62849742946098	25.218281440167925
21.829266926791764	24.97180805489769
22.31049457882114	26.079771839635892
23.521827009326586	27.087540361278883
22.649654388427734	26.32320785522461
22.422350996871916	25.808153992752107
21.88637935533139	25.182536965469392
22.279679911911106	25.879976612747097
21.57494505904536	25.028805169836478
24.11099235267396	27.68382080345397
22.554051006422426	25.783929263963316
23.11909096104324	26.73253257411301
23.45806889017676	27.297658877767574
22.015584427333437	25.558798354648985
20.715562036842297	24.322747060447742
22.607807353803306	25.917774006059975
22.42212877050833	26.247938062987764
22.260371155546476	25.7542410423295
22.882815239535773	26.161814811123406
22.7303517396283	26.1236464445758
22.645301555625444	26.12806346512651
23.262212473875397	26.620142262452728
23.67633374937021	26.933186209125882
23.409123580673445	26.82909281947304
22.955368418602426	26.335506062598746
21.6855114999597	25.29428395597292
22.016676983762444	25.515211978029548
22.867116225499764	26.179119812708244
22.44797594228368	25.92468374094386
21.443336496940336	24.564054479011812
22.063870257885846	25.780081921069232
23.376184099039456	26.615663892903903
21.939464149961047	25.202524604311414
22.06997398206383	25.664864503653945
23.053301353616572	26.93588970168128
23.245160933006595	26.914344911109616
21.5281438037848	24.56882198601012
25.626640631641298	29.411533043895812
22.38259493469433	25.699182637937508
22.88392508156487	26.147673963234936
22.809942842795337	26.16142976157478
18.892839603869525	22.60956556275645
22.459850621071592	25.812860179099307
17.63267062525334	21.066679731802324
22.441204283647476	25.892083909101547
17.29827905561767	20.827983609177252
15.938428012175672	19.221991451935658
24.333467210174366	28.02574185049458
21.800822521217817	25.40386078261519
24.90638764091864	28.58828322700128
22.10458488221381	25.299551775501033
21.760672719109085	24.90950283325908
15.889104598140515	19.17708612146398
16.731537970767658	20.193995323910077
23.90611468758553	27.433324704504315
22.90893779438772	26.392533915817356
21.93584761447461	25.398989345364257
16.714176688224647	20.16764399048629
22.142209020642973	25.35438254735019
22.853992992652195	26.46826881765054
16.904857473515147	20.360057992793447
25.353600317758612	28.916106408315606
25.361825171549608	28.672581490437697
25.928602360362966	29.365968562488597
23.92449433838992	27.290584015491916
25.76550964387865	29.288742980633067
26.598897136194186	30.12403377200894
23.90698033027082	27.04796237297625
26.20038050957293	29.88770657233625
23.636651075569688	27.048436128409804
29.575001728762487	33.38127993322482
25.15814932238018	28.68583718885029
26.68249302963289	30.321029843291914
26.459336341566342	29.70932477598737
25.605991677367257	28.907239600098563
25.296712357020937	28.75218824722711
25.818975622740016	29.341974084291234
26.046572541481876	29.44622912477789
26.151004088658944	29.6880748145393
26.506125081623182	30.016711603557482
25.405197591032444	28.676778345857205
25.544015766961813	29.398771403448343
26.83623891170364	30.19465059940476
25.898478633532353	29.727904194226436
26.005216284668876	29.414020852171944
26.595703665617926	30.05005782425024
28.338777372032215	32.080606630653335
26.251141339603755	29.76945039623609
24.180635630451697	28.43388539615963
25.140465535935324	28.982497415724833
26.668243159154418	30.110983143946168
24.842255916311988	28.729355488106957
26.182559246217117	29.674084430540695
26.033814472757328	29.50528617421533
26.578250079144844	30.157318921099296
25.236358359108053	28.63842038845054
23.116786444516194	26.66246656146525
27.007608523034747	30.79803265128166
26.63786762788291	30.229810060715725
28.162022268696195	32.217944467143646
25.07804027889438	28.465847813146635
25.6857296200568	28.88870656768734
26.17184167201858	29.41390509311814
25.002445640078015	28.3235526661964
24.93467126834165	28.595930233123195
25.87818641014666	29.517828757089667
23.731670387737818	27.122409812457494
24.19289201586616	27.564132749148488
25.778806380658647	29.370189972490767
24.82307892291156	28.026181407288636
25.59973382646111	29.01551580732795
23.017525328698937	26.286206589636024
26.451502913375823	30.03948486433414
25.71119768503112	29.310797859402474
27.105182949398227	30.477792438175015
24.706624134330994	28.23709000751471
24.640353954015517	28.182110035242296
24.438122785774766	27.861351930411757
27.50153512205541	31.0444453314358
25.436628955185032	29.11894164723196
25.150154008480648	28.50248728790607
27.20021658490418	30.862447447078242
24.9064458656716	28.553579921681916
25.064818258751224	28.713021401893307
25.995729079924825	29.615856537140605
27.604354165921546	31.660519338717126
27.313395656091647	30.819458805578275
27.552717794025526	31.2731126655692
27.364777666241753	30.9554566324643
26.831085448052473	30.27903723261159
25.06676305175587	28.98665606140331
25.708251240400244	28.958924052568506
28.464775115821013	32.24984165969168
25.77934023579721	29.54791692057486
26.419371481407474	29.712807778846432
27.654473444458784	31.90164075231856
27.03466972221488	30.26809135566598
25.358598243405613	28.79730080444595
26.80916589789583	29.990493831108076
28.891755792492262	32.6712420255009
27.425076306498987	31.15789526637699
26.731448019639195	30.78312221656686
27.00284340325941	30.393072581848013
27.145721182448597	31.14757753886488
28.510709971126225	32.56648233539233
24.222443341702665	27.652127504854953
27.213911153708295	30.659894846047564
28.063951348549747	31.419738913291074
26.72583777838705	30.489198613824865
27.694209487574874	31.55802401767415
27.332772149654964	30.63360701599445
27.05940412816981	30.606785065555776
27.60873575676272	30.996361060253882
28.70272866631769	32.39162596319891
28.109343787920196	31.51618836234836
26.17775663752465	29.520998626757578
27.769920300526223	31.484779406505027
27.687644822835416	31.546445982218295
26.225211937209856	29.833822410324323
29.554143354897793	33.14905412435026
29.2865364576854	32.78897928938491
29.74253428918794	33.84308277624175
29.928411688268056	33.9176900725962
29.40732746974678	32.99926585300713
26.052281853499686	29.298309806046213
28.2172560762701	32.070116512841224
27.87222355844615	31.59550982473256
29.915829174584392	33.63895750754452
28.67030475397778	32.240812799733156
27.642511871969624	31.66571757444151
27.573508159370178	31.268078907280213
27.342135816116496	30.960987658004598
27.51363533165804	30.94943839881071
27.07426718288673	30.823102201878896
28.14576843893452	31.920763696075245
29.552415323358687	32.88716940869698
26.917074586175808	30.269160841680637
27.145746575292762	30.711095465722863
26.878475075820955	30.467846030136077
25.1252402429115	28.482801520394165
28.28119037409497	32.034803888600344
27.00346385040607	30.506141557308773
29.183358558930156	32.61851369448781
29.009917338182973	32.54959193916078
27.87105258407107	31.406098523717016
28.514400453830728	32.508323697780604
27.20653347857692	30.93714137188695
28.20128745992219	31.595440674233082
27.836488711606165	31.733991635073522
22.013474152599425	25.684407546008973
22.420555997552892	25.64762790137289
22.830880284562486	26.219149470076186
20.770172200132073	24.20957938678199
21.355964047134304	24.463812487899876
23.00121862771911	26.08011262533265
23.330193357609385	26.730080766536123
21.40548319725474	24.677837420421042
20.64947154820598	23.831807824962965
22.33065804807497	26.147193819600812
20.23555657008145	23.279883417101168
20.864737502582006	24.102034576885767
19.892104574069855	23.00396209157956
21.35905880128249	24.41395908201829
22.693357010049677	26.245974044637823
21.819454569725472	25.073707203956168
22.681009154917074	26.378770965932535
22.803393777009028	26.047648016814215
23.432482575661563	27.095353270285703
19.669026617791243	22.80608057520192
22.868686678050178	26.661317823292595
21.635238637337007	25.00713540135928
22.378548794238178	25.822523898632916
22.8373388889742	26.32198384967326
22.135956984922892	25.382223862245077
21.202876151747006	24.357497154527408
22.628114163749032	26.003712237007804
22.74015410032495	26.01823441896216
22.02752074668868	25.26177254249589
21.768776112048236	24.959073848278912
22.359796843964077	25.972501434844517
20.539010639150177	23.55806005481955
22.099626711219738	25.43787557759862
21.215750279193724	24.489991603130495
20.78482343588665	23.92981050576374
20.490421236447215	23.598447858401418
21.75268346134518	24.78932017024662
20.368558292429412	23.630407924611603
21.654716044221463	24.90626761361545
21.583637195028317	24.885160488687504
21.719989225869472	24.803730561728184
21.02037977919204	24.283302548078467
21.513132510418092	24.794448437457884
19.320693044399253	22.553713770175943
21.523436117071	25.257316064935836
20.046923072474776	23.26033171878499
20.74538917703487	24.121290968228802
21.425823092207533	24.64270222212352
18.014941373448462	21.643896898646265
20.63292827930167	23.976299854853604
20.636476271724497	23.901569611454214
22.194613450651715	25.44417667996352
20.640451344208607	23.923889247222057
21.40479109697281	24.56059052534164
21.021818673281658	24.3731112125826
21.07154363482368	24.501912175723195
20.978838983361634	24.22583478372821
19.469692163406663	22.509580679000564
21.043408173158163	24.289756041929728
22.251181134752407	25.618489733167515
20.019671425951007	23.92588902937126
21.11799418091015	24.400249608762703
21.259727212780348	24.348753240710863
19.862269723491305	23.8706175445751
21.16528558427361	24.2682623893592
20.96188385876374	24.244058295166923
19.152059198691333	22.265127538369214
19.201352708658597	22.33020628181992
20.20955632244199	23.50023486102969
19.666171096186222	22.812802292485653
20.50915813851002	23.8734579045808
20.769639124536212	24.195759663915936
19.690323208041505	22.812049533657714
20.76840368906657	24.118343671162922
21.39127101209766	24.883120162218745
20.913782020536452	24.115993598970384
20.315318745412643	23.685154277048294
20.21864144311083	23.35523779883253
21.918889926497343	25.223341061051485
20.74089329106033	23.93662555354416
21.951470786092642	25.34367615604603
22.008596312974415	25.43640147450117
21.962108419705856	25.24094600839473
21.190400870742312	24.741956917343625
19.935412303657287	22.970040424614197
21.25591957796911	24.50386702786585
20.937049027461157	23.94601905725564
20.503952609505625	23.9755700955725
20.0313445939633	24.29876786331209
21.046005611460174	24.260171527822052
21.118801493553597	24.415015797706168
20.31899760584416	23.646195188955645
22.150224873974064	25.55309276823785
19.726928565152893	23.554916527620545
21.737899632464043	25.069154887189278
20.253805873247217	23.56059766068833
23.310424594109733	26.93281576233558
21.578055294709095	24.836697665495983
19.776347393189774	22.93217921813835
21.882909274658072	25.04823734704603
19.8751678304814	23.56884767244829
22.868651509538072	26.86727225755177
19.724497060107577	22.979478617382657
23.265580217802853	26.759118039643436
21.02762880953001	24.53721913663698
20.899317249370988	23.92869712440831
20.140861841270624	23.261766103675665
23.67858793578583	27.221947647710262
20.006014499947778	23.435504283621558
21.117536356494686	24.48194141144965
20.532292651522692	23.686609936367933
20.622096796703946	23.75673315935074
21.33823235424714	24.555556937134696
21.477651780324884	24.741546446603827
21.851922824883918	25.191860362982293
21.71219000846717	24.970160150224235
19.1550936344576	22.357450997500408
21.61551401417726	24.96530416209227
21.873828254181362	25.160376228850865
21.527492525218147	24.58388709819494
22.794722425456765	26.451081407551047
20.5594903982369	23.690166279009194
20.637324717900302	23.889143559077237
24.2315411861282	27.679549664701877
23.54033612496281	27.02504587882137
21.08530943155795	24.26823289632291
23.206076686802437	26.83536427694268
21.292086698447065	24.62935151871602
23.213045687179402	26.33094921638505
23.057861374695083	26.475664092223862
23.262107023008312	26.630776277772938
24.142888095475055	27.432307217024945
21.16029323691269	24.10745464211563
22.26594830166762	25.367856019621442
20.9726322157874	23.986348344515335
21.29062772860193	24.453036059239867
21.515085119097602	24.58296023002349
22.881675898396033	26.410133183635217
23.702358905929923	26.987777049880624
20.869464406541958	24.147127619214878
21.42944049835205	24.521252632141113
23.13823975119621	26.418357004785236
22.48664777597804	25.76195413747411
23.27149060121767	26.585162612283305
23.068992319127304	26.2868311977184
22.052242611117677	25.273151065640135
23.406008394407365	26.968190519166853
22.753182358549406	26.121167235566805
22.50508543690805	26.122981579693512
22.716610965202314	25.934437695076006
23.11691395745409	26.621628599308604
22.726154560242996	25.868634944761887
21.305844185458625	24.451329352749383
23.61295415185819	26.980542170773646
20.318547346030073	23.346821687783404
21.759499063917026	24.959191808275357
20.332485761865183	23.52503910996099
22.512458250527676	25.748787477011387
22.634566728223408	26.229246672045146
21.37366939957734	24.46197055403594
22.438175399845065	25.711639205867826
20.287131929093864	23.260469770735238
20.86038513143098	24.006583023476246
23.290969030619173	26.983361108540983
20.281073217938662	23.264178628374815
20.86829937491447	24.131250490808185
22.150464369739442	25.315468476329894
21.10191162781604	24.137782967520874
19.696954125811338	22.733441000531435
21.78685626457198	25.05734768440263
21.942400916113723	25.256518380150926
19.88257169217314	23.3108830502585
21.038033141198937	24.34104667752665
21.382513293288568	24.4620835695044
21.017285727644676	24.19116649708677
21.27902794694192	24.547697059161596
22.731071846753423	25.946355445116694
21.868017631984316	25.10414842941705
21.792826970418293	24.967926661173504
21.76311928451441	24.870335991974848
23.82470390093048	27.318351061227723
20.29134586965962	23.160350526214405
21.22299577425493	24.18977735806929
23.076011368170413	26.239095977410642
21.438081301954394	24.75014158317744
22.95362937425099	26.46996223951854
22.00261910148993	25.375524209056945
20.9498821570362	23.87468182306634
23.517952426983292	26.69610549537999
22.451768506610975	25.720121752178088
22.8801603722218	26.11429877999988
24.73009534499701	28.076852363132872
22.61456536942986	25.934979918656076
22.637961883706904	25.919735412435674
21.716709116715027	24.954795857650208
22.691824514142013	26.02223340822127
21.005929999543856	24.044729180143644
20.22180783419599	23.23432123990069
22.501253496562853	25.790364850605116
23.523882908426273	27.102166133321774
23.026323848975437	26.385014957176907
22.79210692808633	26.1257473809957
21.663117923048144	24.76918455192744
20.86510753429113	23.948468210337776
21.566993950278896	24.798856498329503
22.622458828482657	25.81130276819703
20.354201108280513	23.582593172725346
21.174542568798024	24.598557330493968
22.164330172690615	25.618647885170713
21.144405778046625	24.451602522734625
21.6888149731225	24.974030638449765
22.301695746727557	25.92684467380467
21.275385998363454	24.413298465137522
20.460121393709933	23.559291600674833
20.96986362837935	24.18178203202104
21.82367277246625	25.078974245966368
20.56153528249947	23.730285243623577
20.896149240481627	24.216758169186342
20.143726863172656	23.27840372154414
23.007623923558846	26.348237740259513
20.793349954479567	24.084554937488207
21.82625226711265	25.149501517067037
20.266957402482408	23.369124293074233
20.299627156267753	23.27993026255549
21.07774732472284	24.30057527659552
20.93788890271683	24.108270841545867
21.42584249978359	24.805064940401955
21.009596774026342	24.332627347067408
20.806669573368794	23.934676785884136
21.18283149087505	24.4535820833437
22.296431292394164	25.702931653162477
21.769792848331914	24.9170395796466
21.419521269018738	24.93026167470685
20.71253776550293	23.87873649597168
21.598983681632202	24.868806922005493
20.894148263708548	24.14652594588618
20.196560564061386	23.61085635183217
21.41017511898292	24.7947065491079
20.292133691710777	23.48258936126774
19.00156448550538	22.007234113737784
21.103876198932625	24.55637160380175
21.503600156990586	25.010752641471328
20.399872872986357	23.65157022698923
20.905461260720678	24.16364198024612
20.263070697743927	23.400375728647674
21.124089816067123	24.121303936984635
21.3282619707144	24.356584907337357
21.056994559658563	24.686411736117805
20.069507400447904	23.593834121768893
21.945413079231407	25.05703977111039
20.725563314563402	23.686647149914137
21.063363844675116	24.177643006521173
20.43123780187781	23.78187026086633
20.91369659480522	24.017106704144975
22.418195066431778	25.885613145848495
19.858410491052453	23.207200394567664
19.65815388624835	22.81861842210126
20.281716678805665	23.33287110500781
20.785680284925327	23.84995127635397
19.559993334889665	22.884384564280257
20.23002267339427	23.403316254828386
20.959000771718927	24.140879446786933
19.51750771710827	22.64348204424427
20.46455791092729	23.7223660697856
20.649789172373	23.705811184682663
20.71322984756178	24.095396327364977
21.40987983630721	24.59958633495744
20.185569155747725	23.135666500990556
20.255598934845814	23.434132663054577
20.53046355480348	23.751108787115466
20.860471043110905	24.157807078837337
21.34061108526404	24.3460134417135
20.481443419324872	23.764022812974932
20.880420099651232	23.957815755451307
19.794707648566828	23.31865371007575
20.440590605361194	23.624194398300915
20.099100033948375	23.580375750353383
20.36331723855053	23.90441728903736
20.157530667169333	23.38476860346055
19.63690202757558	22.636464900525006
18.892116028285585	22.130154174351134
19.19990982169052	22.133719786463775
20.045452976429285	23.041407680308996
19.459540059358957	22.514136622159597
20.40717011955893	23.78222959967935
19.951536127969213	23.12388615901809
22.393144538701215	25.596242973505817
20.56581315771536	23.666829969726045
21.214146041060204	24.39756355366636
19.316833587209132	22.367437271555517
19.758147628444014	22.794172851902665
21.503798958602225	24.906229499039377
20.088738064857047	23.28704585543104
21.811265220561097	25.11804080971234
20.838384948212124	24.206948914092564
19.560919492361144	22.619691164377137
21.29608962996497	24.49167205826745
19.78242471820483	22.91735669964185
18.30581318598138	21.27090609807624
21.53975975133811	24.754723433476343
19.800066968184876	23.396010378616882
19.41247243537012	22.634684852227537
20.615468211487855	24.023236088438903
21.282635702955243	24.414534554613116
20.161097741177635	23.57274510855381
19.83487207570653	23.101771524757336
19.472379486019193	22.474092681949557
19.755585648198544	22.643805526117863
21.112372050113233	24.383223881893603
19.98297709568291	22.895097550313185
19.80801454774893	22.856856668071384
21.00163216196048	24.37670379079831
20.32445751481755	23.638858448927568
20.88633494974448	24.098160213219387
20.589706348006132	23.840751720841524
19.493519193807224	22.388072603067776
19.55974301866665	23.173014549692724
20.383956706701063	23.399284565271593
20.263876343988308	23.234492872930637
20.55831061401691	23.803496255489925
21.84264319515026	25.238663262369272
20.08165609760649	23.039407134815384
21.768956603517957	25.183523712644153
22.281011069149983	25.53677419391154
22.86446720576843	26.461050448650514
20.47231317224523	23.692205184078013
20.54029065028877	23.807979765970995
22.075685086017454	25.351833758587038
20.113355849199234	23.15606286723143
21.861277438526194	25.13587107526775
21.165931001084118	24.589382872206897
20.783649568092038	23.919885511864017
20.84114920055284	24.242745529061416
21.499024344604234	24.995360421020766
20.873146656465632	24.088126536893743
23.22040941355841	26.62752530934198
22.88153656880567	26.334031973674797
21.477628549952417	24.85817925034055
22.991371887757772	26.611560088560587
18.55716109427677	22.096386192710536
20.188473199330065	23.671506430186536
21.940775257766628	25.420556681930638
22.40658474980899	25.533024777778902
21.390664371968327	24.607891765116634
20.95732920944311	24.169158522490484
21.428022281379455	24.479816540031678
20.603627626050557	23.74435859526292
20.815154794421673	23.988991018566608
22.066087704555244	25.587284106357842
21.536877470158213	25.291531724788076
23.39310989460874	26.49249877848696
22.06897518943576	25.27109362770291
22.306857155639907	25.558720542114
22.52392242010485	25.839931034484994
22.840063370463703	26.419423781635906
22.056234147138657	25.265815947465835
21.801588433057134	25.46319161149853
21.106298106491185	24.8172210280303
23.409256420823926	26.88735727241338
22.197039274146857	25.418069215843378
20.031983618523665	23.638245339606218
22.629349246905868	25.64435718925136
21.094147420992517	24.33549811733756
22.26704010690094	25.389309075227967
20.943244099870103	25.018158793196303
21.852599314063976	25.154608556419422
20.39441300855827	23.76854513658333
21.557868890701585	24.925821371139236
20.948884700767046	24.44690539933061
21.34789882141567	24.80396999877476
21.499155249059072	24.889526162684092
21.290122625427895	24.500728967589684
21.07769513383286	24.431364772172998
22.01422149714897	25.483842543988725
21.659201579488766	24.947373432718265
20.793116358941276	24.47463533478431
22.024146653031593	25.733887099409813
20.983616051400542	24.16792851952231
22.18984427522955	25.509776925331973
21.707566125630827	24.809149877787142
20.867420712853693	24.575124224280096
22.60296530834935	25.908566521484634
22.43155912937885	25.90058083949322
22.793165445833957	26.82693648287698
20.251910833289923	23.79909739119738
22.564096078244997	25.895655050905393
20.537380246852866	23.982116670871743
22.31603007508944	25.85808987425138
20.88257624794217	23.978522995221894
18.889504823461966	21.995016660913034
22.784268934002853	26.10132638765242
21.943163363543793	25.767053158673004
20.828350516641216	24.199935463583394
21.172744505977427	25.08252168359777
21.70021879597075	25.340800643726517
20.513949145177367	23.916634808680055
21.067121641397982	24.296028001546354
20.762095384537034	24.093808240951248
20.47408544941313	23.782788635059525
20.71328404906449	24.182010140388634
23.16832515894734	27.180507925159105
22.457320097905054	25.998185273188696
20.08866431201846	23.666348200188573
21.001329527285954	24.137796296688656
20.84807359083949	24.71533430710973
20.00174889291168	24.87114920889496
21.624310402353856	24.96523198656216
22.811725397778165	26.12946722917496
22.918579178504377	26.337268752403826
22.39891464087614	25.932563478020345
22.10481783387008	25.69709638121781
20.302608354329557	23.436617033243685
21.785958834767595	25.69399874579881
21.76872659792566	25.142850626805785
20.730344748041432	24.336812997319896
17.75178774248516	25.729319969306832
21.409193790136122	24.42261430007384
20.97488446245781	24.208549070257035
21.05531538621129	24.806005109394178
17.995287791938537	21.560158832817322
20.751084220384083	24.505045998121776
20.97730623638048	24.754650245553115
20.000232417112702	23.083504002565032
20.418558333330093	23.69014718729979
20.9228561810374	24.381081730949905
19.575664040389334	22.619513037857736
20.782468698586626	24.027464010153608
19.323462000318393	22.660483846239224
21.287013742321363	25.295381811267504
19.96011104907706	22.937271687128995
21.440355683587917	25.112876509405247
20.11588755484093	23.26771840219032
19.598902799521284	22.886576555337115
21.526348851035863	24.610308863807887
21.06799037188228	24.504372527897992
20.536778494557502	23.692452386179802
20.777159727303086	24.192759477408828
21.389036377017916	24.620538513118802
20.32174248503019	23.38101630403231
19.452013234423983	23.29827286787094
22.846986300879475	26.749437801903728
19.893974500603484	23.97533206372757
20.847951803997063	24.223764504596687
19.68868736097008	22.98984619310707
21.260565053125855	25.03904699216223
20.840534752847788	24.364375525472525
21.50496180548536	25.1337310503496
20.800218906119117	24.23909154920315
21.549186155801113	25.38442285298795
21.36730042840265	24.846389375674498
21.559865639721007	25.125894858325868
21.940652499026807	25.31259380834624
22.6669639903269	26.157266203764898
19.88123924312065	23.518706969647905
20.767120624550337	24.490321849814897
21.927923048630895	25.863248978956996
21.400557791351513	24.954300607085987
22.196474225151565	25.480726092231247
22.790035511024946	26.33394596480513
21.19900410241129	24.487111162481288
21.43600496466246	24.688779504942033
21.9062049464815	25.785496942556588
22.21046199312635	25.52002773770861
20.69963370361652	24.272883309933285
22.790751509858797	26.849982209013273
19.863074347218635	23.19803901032531
21.272294467674953	25.14245467783286
20.194791482006163	23.592974020923524
20.30506916815561	23.597606460506498
21.702743669983686	25.280431607726275
21.3231735695193	24.798196746032456
20.797861372589306	24.528987611175342
21.949494118903093	25.503419165398665
18.27408018942345	22.209831324858776
21.16106063089553	24.436658561609352
22.14222375906197	25.700072841279827
20.63577055677993	24.192425015119483
20.70167526115531	24.160164033278285
20.74538565390682	23.972635738915447
21.15119159803775	24.67571269883725
20.507788925413873	24.184950561280463
23.170221357082358	26.68743702914811
19.196616678987088	23.165331334318576
20.17377835980393	23.208244497862086
20.96660432187868	24.611478716451398
20.862741786203568	24.26399390105229
21.637788918367615	25.366716239103088
21.15593055757494	24.549464187298106
22.880058408036607	26.579225420698744
20.998594948187502	24.08347826348242
21.041854054558303	24.251719324958298
21.9593148282126	25.725522513095992
22.451552231094134	26.20321385166954
22.47617567876342	26.20479928156373
20.499833588893754	23.947514052097457
21.399443881526874	24.88475297211082
21.14284819503752	24.60918503860506
22.08662621686413	25.95265181353138
20.86855305025785	24.355749241612266
21.151766060264247	24.765098334877354
21.915244861772866	25.69680042631307
21.976077045351584	25.217946086972635
22.438452313660058	25.906716753722755
21.35925396232848	24.944704930493785
19.883525012151956	23.39304244695449
21.663938190273925	25.019567821688966
21.87934501915221	25.302671353528453
21.257050040421213	25.17883824998406
20.945585414862176	24.18981535723255
23.152934005559125	26.659300872980914
21.881220965375313	25.07500538350164
21.72591281494011	25.34498333374153
22.106937989560915	25.280187025697874
20.40853570626293	23.562443984288826
23.06930055031098	26.692214113385308
22.05025419004404	25.45969454042471
20.814706680880988	24.019319655788934
21.121322656133373	24.48812100841741
21.438953251848808	24.62906470774592
20.563587328430952	23.885690549376665
20.075865921700835	23.338379683767915
21.165515834865044	24.755542819920112
20.824261794930557	23.980130066031357
21.296366314979117	25.12028445711561
20.834978018596672	24.05438813130567
20.35827351223891	23.56699275363023
21.267510102306456	24.74389393516913
20.16483176083575	23.53239953188886
20.991406912510055	24.282389169032914
20.400852887746886	23.562621385934754
20.37141128305164	23.96939567800793
20.354473049220513	23.73087698740058
20.70246000148182	24.60832529209728
19.916259907360036	23.124744273548167
19.917428140174557	23.997801657188724
19.63584420635442	22.996264482000072
22.450212302481294	25.69366472693765
22.497846773475597	25.832280942588856
21.106468828367326	24.46647199804869
18.84071083028352	22.345490265297535
20.328893708069106	23.960319472472886
21.09942699035515	24.55065082946907
19.79758170506504	23.772297826795313
20.599151854302473	23.761001343939714
20.969906568021024	24.208855867892062
20.37120968521021	23.499407227631586
19.906188414101894	23.43624933003873
20.498159187867635	24.063034278318888
20.194661672960674	24.143545571912373
20.384233845267325	23.94882546564576
20.402690180800775	23.93430208299317
18.922793961381203	22.205288314009422
20.443491555070167	23.609637641096825
18.947442121566482	22.344855241714768
19.86630946764774	23.229382213260465
19.57690178614007	22.944445259758368
21.366195105696434	24.784216500138527
21.222597458306897	24.139974258001697
19.777937344431624	23.236077853322282
20.61139149878435	23.72380785729475
21.65053642985674	25.122210609938183
21.318985550266923	24.470399291652022
20.05389753167543	23.442510930848982
21.85127491758634	25.210002471940026
20.232264538985657	23.416220644730164
21.849767850968995	25.37329275694116
21.246077213570825	24.889190044119605
20.208301629230476	23.592132483318352
20.59504269642435	24.094189176134243
21.79021966330818	25.43870222695061
22.59283180601278	26.450207515886635
21.25747700304489	24.350827974372102
22.52845906097671	25.763569366147312
22.16909368681047	25.348822038897538
19.665937472300925	23.137968014759622
20.712488508528207	23.922774934464957
21.84540740092089	25.08770569722364
22.344542055879177	25.69718310281223
23.083136505888273	26.348124556733797
22.793846318676213	25.971647074268123
23.86267433045017	27.11764373900784
23.817086709785865	27.355793462943627
22.787901216251836	26.118253416316524
22.70904179793761	26.20921686905458
22.0565890698929	25.47824293083952
22.723363872293202	25.97947121071461
22.449405751157464	25.785816111635505
24.48856082640889	28.049378245246384
20.865368600104265	23.95008588292796
23.236737500330445	26.689062823155883
21.987299647807063	25.247428211690007
22.739116245520847	26.32096714376138
23.399455086693894	27.01282785703169
21.223774731791956	24.44542425807621
24.022182015097066	27.410240622842387
22.158618706300253	25.73493788854838
22.18581579900851	25.41574670099149
22.556814612856336	26.072471199521594
21.550005829764526	24.833180510567505
22.442880318676085	26.291197134937196
21.76399228932245	24.906711598617004
24.011307708270483	27.576668747417994
20.444919341182505	23.61845994653722
22.861890355492854	26.025999506567693
21.277288351848625	24.557733620807625
21.60362929042484	25.30946999851559
21.849010016001966	25.179026101551745
23.381084128296806	26.869997338378
22.815989368786983	26.306967860827275
22.993713465972057	26.344034107880482
21.658680794345344	25.02541840304235
21.566192353606983	24.697706495880322
21.00010119071685	24.50876416572846
23.539366770701804	27.089598607105813
22.8463311569959	26.518880329820508
22.7890865200391	26.227898419536096
22.820567924758684	26.234628837326277
22.115870577008355	25.492926496355903
23.248503474419792	26.5905143936222
21.49531451911683	24.829724390795278
23.211637784467886	27.162141512407114
23.272356027250837	26.436088568086078
23.190199663684627	26.686211774303654
23.689334025048908	27.042975316381757
22.570759412842445	25.943490388793297
21.723294962743285	25.12407327761316
22.79429319912208	26.173102583348623
24.855574055082478	28.33331449472221
22.767043245319602	26.12209783744407
23.064641324830916	26.319323213743303
21.91166515512325	24.785934255887494
22.391083877304304	26.10859950282265
23.818497783312626	27.61740576588171
23.76485062657901	26.98093604029111
23.901516705814693	27.3244583308064
22.42410677000722	25.637292689831646
22.174913450917366	25.668188050547478
22.629778906544807	25.949484780588982
21.943417907520463	25.443949341014694
23.09239479639981	26.693667444200777
26.091146730313636	29.69145557986703
25.07140561527001	28.44651773983253
26.288307078578164	30.137899510166953
26.26740695767089	29.870700342133798
28.827039001853603	32.44227862509952
25.633120484159758	28.772223525239657
26.605601780480388	30.113199717932698
27.071057005799247	30.725909546935128
25.921483256508083	29.288176319907933
28.01383135323818	31.894686484286233
24.826088494302866	28.231673651693228
28.414279391051856	32.403748105286034
29.705990003678956	33.04640944090112
25.779401505828663	29.013912474273877
26.397209550165066	29.901883696294895
28.06056359770951	31.996590104072716
27.90307861984156	31.76179068863012
23.90892577120706	27.44732880642966
25.882668183361144	29.172131850208192
26.76306287396992	30.069405158866996
25.77275008912299	29.421665957019588
26.43240121772588	29.820755444261426
24.29745463758011	28.307069974846648
25.723331801704035	29.45517886418952
25.424035102698454	28.77994820418631
28.8394684194253	32.834954798348136
27.43588490496269	30.970910596746293
25.475091922055384	28.80039025567899
27.07798112071497	31.677975529065304
26.10908793390683	29.56681538640567
25.35083568678287	30.25246250047299
26.64514142945567	30.30985467955312
26.825754692093835	30.156098793013587
26.39997472985788	29.791572663940947
25.73661031338313	29.11048326877019
24.622813443469393	29.497133990002286
25.48896354221741	29.138397755390013
20.46522734575211	24.654809733105314
27.8198412957971	31.56403550474001
26.23882140424854	29.85083351823681
24.854022542382502	28.594150980566717
28.000052332625014	31.96270477797069
24.148365283974165	27.940231060019975
21.11011238867563	25.04542617028433
19.897822139116357	23.59371304765122
19.337040330194363	22.918008421636692
19.152335041394405	22.80734551585657
21.83028710116247	25.295672295199836
21.397247759906097	25.430945904644684
21.103197820627006	24.875678293264595
26.3182058860795	29.88534063796835
24.88836169394718	28.42186474648251
21.729806243993675	25.346819579980934
21.639913267390742	25.60707693646668
20.916989946061637	24.687599516218636
21.310326041689343	25.161675987729602
22.182812395116073	26.276124296168106
25.64205690452754	29.152582682874804
27.631961818460194	31.288612369772228
27.82840709119339	31.498514371819304
22.152963227274057	26.014404707906607
25.280073400768757	28.762883905139446
26.461948016140365	29.726190945651627
20.22601505044666	24.058603327238888
25.173675059259825	29.568748951970644
27.266918048737157	31.641525402190577
26.86370401119224	30.650438978920064
25.714125698032905	29.12979024129815
25.75514474492164	29.27072843928246
25.919267417518956	29.6683008655621
25.866514944979592	29.46246645455654
28.465441560036563	32.6165935046607
24.82581376320744	28.850303180151936
26.09537968969649	29.691229959961714
25.46008429760133	30.393528602178943
23.090042507066343	26.537791813002016
26.48115856834784	30.302290604625792
27.782907518358495	31.637460676221583
25.244185563105688	29.431897047978296
25.758984533338285	29.19622519871738
21.912814842920646	26.388515723485604
19.893480029581966	23.941343578816472
20.761996799720066	24.797796672569973
20.5105176832519	24.847480211035208
27.34824416288145	30.73508789888613
26.072451184509667	30.10910551715049
19.39803143317026	22.911821166927396
21.9452835232842	26.362682709015605
26.64484495418087	30.404921586346475
20.996826809682663	25.0971768676855
25.797044563698414	29.45054454762971
26.439830622095972	30.354438939671606
21.5184594172581	25.303951166237994
21.115878437228517	25.441141750149413
20.753351774438425	24.74699154831548
26.955375657213214	30.890203490125653
25.44807655796124	28.92697112575458
26.62296812701377	30.4979959232792
19.173688688095968	22.93370457667454
28.422507302270066	32.93614862729536
20.01327948762606	24.098933647139564
23.61435889590318	27.43421936642592
27.56743849209666	31.66062890597463
19.862467281884197	23.75344229453182
21.56109740830278	25.5837523689189
29.32146358085033	33.10209179329518
21.15469421500107	24.855258330164947
27.999317839393697	31.616910264243998
22.282419214835844	26.73065184534482
28.48631873809102	32.228334277045704
25.508098784525682	28.973350342671583
24.184252641762896	28.30090627852519
25.89999429131769	29.440118394839537
20.385089220261623	24.09829205110068
27.932197993981106	31.888188892615574
23.564619131149	27.173747949539475
26.87811902121121	30.67326495095676
25.67718181083663	29.485545545120402
20.427542326050453	24.853129747313805
23.96373408817688	28.343682827716673
26.065750541201062	30.47404628802257
25.009351066216794	28.726072975531252
25.27471436057121	28.547202219628986
26.553532231891737	30.083192240154162
24.435656748000223	28.917294301804464
18.67972470342227	22.298260678657808
27.546227058281058	32.1172346268996
26.666582676508877	30.506286052128818
24.074806660856666	28.45264962271267
22.871636526346713	26.274111612081022
23.39304755953973	27.254039537628238
22.19352433433452	27.140036609268996
23.89847404334196	27.195611650017415
25.177009133016988	28.91601988919981
23.30264192528532	27.08885854773714
22.8522272899652	27.34176151008363
25.094168958643692	28.412813844701034
22.526522865214417	26.470352897725036
24.721802093927014	28.52037396198119
23.624883603138528	27.175710726695456
22.288637009395917	25.698356780276935
24.734225471561373	28.169813911373197
24.02916578628961	28.06194062850531
23.33185897511282	27.450602191269017
23.280943471661544	27.988458078631425
23.207079328549135	26.720500551211607
22.21772476973807	26.025813133093962
22.072381051988867	25.65799805262539
22.904300092385327	27.19365179665276
24.182466176917853	28.343818994590936
23.34185586714694	27.414280073404818
23.15105377488835	26.555100094740556
23.83108302843292	26.998573572519227
24.54689926098866	28.25519805956798
22.49702127825176	25.736699501167184
22.127050173004214	25.536871183196958
23.1574831029159	26.57818126475988
25.666650352963977	29.39891857098622
23.565666372862086	27.706645791444554
23.22010474802329	27.883422321068508
24.28067743904778	27.56922185294441
23.06989865394155	26.480894040150247
22.625343689240214	26.00518571444631
20.57705153730518	25.234290702074702
24.984838989889546	28.91649195798643
20.973798636418238	25.767791863459692
23.35331314637656	26.905201257920314
23.50081118403473	27.18082371891937
23.44769267873906	27.401731683443558
22.430562792816485	26.069099606475508
21.975356344964094	25.543471093390398
22.26491914129561	26.541692873474897
22.591699126419748	26.54591226274041
22.42517398016215	25.976616638734335
20.621352017558557	24.182509600483435
21.256461546426113	24.81704004048795
21.944890119467573	25.957356355752154
23.775144686364825	28.114885220861737
22.174537670840124	25.799617755185267
22.987824478473378	26.221140823040294
22.508971924994402	26.36616540410716
22.34794953826127	25.73084494110885
23.205435542290886	26.501670094305794
23.768339189501074	27.28719898798916
20.413811930678705	24.4642226609961
20.756202768621424	25.93100159234049
23.334431996517626	27.65101302606538
22.60295096881324	26.125366291928948
21.413748259250777	24.90500212221895
24.332305730021936	28.18910235103275
22.73577641732121	26.102230555945393
20.627919105967138	24.537230582753565
21.072502288089435	24.73141655041154
23.08566998524271	26.745033750108853
24.93530943034308	28.577029207962585
23.23173695461006	26.34302348240166
23.18320187489698	27.183106337383293
23.782039528945955	27.424816244979827
23.716945627945496	27.39372255442755
22.148796727449778	25.802300760953543
24.053677886914297	27.55332246403785
23.34507224817944	26.78778793553638
23.57473384144453	27.562700164292774
22.908615215568787	26.570688144416565
22.55904199920136	26.035644508977352
23.409545529926405	27.486614595806017
23.954316874218595	27.504755238818515
24.432992639561874	28.882978734949845
22.41226084115905	26.29796331045228
22.79416357838171	26.224106914172
22.54820762115932	26.212179799494976
20.53753540014765	25.04671409631231
23.194519144208062	26.653591054766547
21.99056619494331	25.773794232913136
22.111429819888624	25.60734879034087
22.239823732153372	26.302824583276315
23.591915898009216	26.886571116761292
24.786011653341305	28.608241123758305
23.387142760485347	26.792266266614263
23.74133567648076	27.411179734896194
21.619774358793936	25.612166864350595
22.672209778155995	27.191079101238536
24.735226993601287	28.496801967580353
24.61035032535561	28.014319703330912
23.8277614071111	27.099398855950422
21.844393884047328	27.253168905869664
22.880276115077315	26.356898872715654
23.24587315966369	26.87925081799744
22.61691489897969	26.481000750434372
21.507962540709542	25.48250453082366
22.029755551850467	26.26097969290051
25.821264125232737	29.395311497325856
22.697881243031496	27.15158889551831
22.248298671341754	25.741804096602582
23.892469730093726	27.91880575208401
24.44306300096451	28.157715578747403
22.02425759106938	26.24206549853023
22.39493463803755	25.724310891137254
22.062568115833713	25.84903581177859
23.21093249472843	26.732991455466884
23.887167242175707	27.553970071667067
24.144584761050602	27.90284718475018
21.122807452126928	25.254553845480494
22.534163155120396	26.224696479279018
21.874464278008528	25.597074265692644
23.51155785643624	27.127979954843056
22.12460944708239	25.58939125482191
22.883124173320276	26.24210280116703
21.18710964551144	25.14444095263309
24.62020043051167	28.044243539214893
23.273789899870597	26.863731843903818
22.282341774861525	25.578641120035936
21.919843400359913	25.482418333648877
23.277997681036624	26.738628676995603
21.411864716029726	25.542542022251524
21.976520700312978	25.895129995487803
21.553735830221967	25.78173246201436
23.85126443324322	27.3783975082851
21.72052024630731	25.619659197052066
24.2350522039296	28.374488735401453
24.151100681086255	28.448733761052416
22.28984773437435	25.878939268189125
25.39128863786183	29.222334027543443
23.150277166103354	28.145688028598794
20.706002421692933	24.361725620909606
22.997610527492128	26.93946031906549
24.020137215875515	27.641159628606907
20.810228602901386	24.160115940555645
22.964736333065478	26.541266093081983
21.76749472607979	25.33734269152275
16.930239930527478	20.651238188369007
20.75211044886563	24.170277627916597
17.629026789574105	23.450570683570426
24.075375658185113	27.799569028704536
20.318064726082383	24.8895177476725
21.558519533485363	25.102762052207996
14.981984429045594	18.50266046078595
21.256084338874572	25.40269671276117
21.620545555325325	25.32227594736022
22.275526980179382	25.568926831466126
23.53413678430448	26.894095408688685
21.876871611155774	25.300347779713366
21.22555417062877	24.719958600977677
23.105843452890966	26.542132468739894
22.120590797148946	25.502299675263163
21.740362651282307	24.927558415001872
21.66570095297131	26.069044072663456
20.25898622201	23.645591033239022
23.206284194994883	26.48917135615258
22.603431762403744	26.47712319975446
21.913497722326063	25.462883198084093
20.557780030932904	23.966220136913776
22.077934542532432	25.42160578644706
23.38313109201484	27.121137554225395
24.699832116469203	28.79635127891654
23.815266475556005	27.398324146392238
22.29657201301267	26.038615898974633
21.930262936148672	26.118557559456796
23.148450808919918	27.68975071390723
17.093907366386137	20.9298810857623
23.143226242875343	27.234436415816063
23.42640514535762	27.540450857449997
14.85554584879784	18.55260100941749
20.267191079012147	23.435357901700744
21.641094389994432	25.87310009853096
20.315033920757838	24.203591338641576
21.702502117035497	25.45340646755923
22.77744670430566	26.681692165933597
25.05646004646447	28.81371817619178
22.799043311181848	26.06581722348612
21.882808057619002	25.26718965356264
19.048204914020125	23.16566036613124
21.45940188389675	25.398708543959696
23.304625215550644	26.680774030665177
24.198138690551627	28.095888637939584
21.349376145948018	24.84105926359788
15.666801331149545	20.12263500918249
22.407404385301465	25.862617053297168
22.204855596943265	26.150151574687595
23.421214923737157	28.242141857268702
16.562440785126576	20.3761216080619
22.85487133682154	26.707861359711664
21.07037975124999	24.7194495029004
22.08736345165601	25.809349805179927
20.465123215045644	23.68318077055006
18.448488691050535	22.478667757313723
21.325979728860712	25.04835079176917
14.581749514156593	17.71828310150503
23.44313259691696	27.436752122931672
23.007737684148637	26.48794026384941
15.865996283836932	19.46444233005467
23.28915798081967	27.264331704238923
23.279521170695116	26.674200829426955
23.847351653307612	27.51950396803028
22.29114915965216	25.892814615982605
18.91341867669626	22.432808969177763
21.088214866168432	25.81133652543313
21.976636234615512	25.732622798587613
21.750288613029852	25.821404807380304
20.641245416774872	24.678130575046417
22.26724632732934	26.194934763979255
24.388544544292863	28.196122661517684
24.977840933830116	29.50705286499801
20.852996577123168	24.940420399805543
22.537841067951955	26.140518917399607
22.545207831510314	25.972652581087342
22.607728543048704	26.452267108196413
22.876926086004627	26.909927704278576
23.07558647892784	26.981929619094622
21.807606881338067	26.011824423593573
23.946215277264834	28.02413880293536
21.07188876773648	25.275328792077975
22.68113943371297	26.35842660632609
23.775626482224514	27.450682340407322
21.840114909372513	25.836459797658737
22.682538684512906	26.027611080501742
21.798836479268004	26.483851661601136
24.019028410536976	28.057124390976696
23.668194916597596	27.692761275419006
23.655368035512872	27.775662237924628
20.51893520152746	23.97232151233973
24.155318703621056	28.197731528312538
20.152990061766022	23.289667408937103
22.308731245134034	26.118358446028076
15.563140002532117	19.258690746979603
23.92012945608475	27.62401422067306
22.04129253881499	25.806649813479932
20.923045215080244	24.270571651985186
21.583016966558567	25.722996140741238
21.549382169282108	25.708127062285275
21.025155822689115	24.95002575690073
20.115281554544048	23.721470383322163
17.62937256636893	21.235281974646696
21.835471098590048	25.54595666630253
20.3889244144383	24.09257430382342
20.54200413576357	24.610986205422954
16.427446025192356	20.271883351028347
22.412786923143262	25.944293536451465
23.49636762461085	27.130255529075672
23.704246826738814	28.23435371342232
19.98792538976973	24.22845949792558
23.12909636122912	26.801224378516974
24.364738810593916	28.27041782087581
22.64810618625325	26.924855620997725
26.397295753414213	30.999274452274264
23.748266483314985	27.39135906600142
24.220490915253915	28.086374776884757
23.17640559890974	27.013015101163504
23.956580245064576	27.471196091605346
25.194819466576707	28.983668311133254
23.49205148093513	27.102387071921314
22.224404816921098	25.86282014340605
23.941888673543424	27.693878309488802
23.65516296516305	27.620075071946324
23.471759293995593	26.842258955516126
23.60214504112357	27.20749965797311
24.435998155306354	27.918711469937787
24.42282498920546	27.923923362845322
23.51003185604282	27.222088657873197
24.23508818843056	28.110727470138777
25.43479417691565	29.173173199793336
25.42493097341744	29.08577688180717
25.30350906631243	29.178310086519602
25.16851715727723	29.060427621165154
25.222570467906394	29.049367856068216
23.918681622563906	27.647005557001524
23.84480881944077	27.753516909929346
26.940243216836528	30.86495926729433
25.635714340614918	28.963057708335278
23.50447595600363	27.098204250295197
23.90577268701703	27.386141299189024
24.11614641363707	27.658837946104143
22.814981849330245	26.44800719485921
24.49751141623074	28.021813840116916
22.23315055507004	25.459461139265898
24.176752305081443	27.92600038046543
23.148248504428093	26.562835861416634
23.371797069622453	26.647224918292586
25.968920470802647	29.395611999900478
24.257450340659755	27.924188376991612
23.633419073311387	26.871635400565566
21.21967855076881	24.565508216809317
25.993322959624532	29.8556836932075
22.33453320748234	25.533140666419026
24.66396683087521	28.184515301082797
22.118482848894317	25.653119781720918
23.869264596586774	27.307655340547015
25.044861991947116	28.88480834191519
22.257931033010948	26.547647198800576
24.39935921509048	28.07506705444077
21.735604399581877	25.464730149368318
24.158183207177814	27.412642369604413
24.309516355996426	28.571999146933262
22.99956931176965	26.91212044653113
22.921103795369465	26.058056513468426
23.57784721552693	27.355426099902758
23.029728925911485	26.4415139787516
24.39422731541271	28.274159143937876
24.1743696965989	27.984171029109106
24.643098047584484	28.06717760243993
24.410980635640982	28.156045502664682
24.735413796329702	28.277647727107798
24.086846543978226	28.21424369650029
23.965779670990702	27.80529271670461
22.537055667545133	25.96605140337772
23.619726243798645	26.68933862131366
24.660899486258277	28.235193882271997
25.51401442023599	29.34873277214682
24.76431321996539	28.478463650762148
23.820956521732793	27.351580328242793
25.077847622508962	29.104584552173655
26.41440043884731	30.545673032222027
27.696966049777473	31.588224532497918
23.64764154843211	27.349825492583516
24.994428251958958	28.638496781610378
21.24046684880672	25.350021585031172
23.848598223076756	27.627558011664455
24.889367374898015	28.57198783445257
25.38662297356154	28.794937542795882
26.699087138894765	30.317590717550548
24.361658306891243	27.804086474602897
25.076669745637606	29.16451067428427
24.695816426773234	28.3242050118254
24.367578486221863	28.017652531844544
24.253633442451495	28.560297069023115
24.57858376594106	28.15170378593882
23.066205279842304	27.364044888004376
22.985026086211963	27.32007721578999
23.887785030778048	27.07976333958328
23.58483795198412	27.092812499676036
23.993879255468933	28.008159700219544
22.583308221934455	27.69391727245031
25.26754950869615	28.915748602265765
24.43215430719331	27.68774734991118
24.253958673740396	27.54788496944808
24.440951796853618	28.44768383852236
25.03147065310468	28.831719044160945
24.641491685450205	28.497138227879873
25.793450229993038	29.227208263048954
25.70085714830208	29.486911787855146
24.738483876432834	27.918511896882595
24.7602851041563	28.378173147796826
24.51108029237978	28.32447764524229
24.606653602259932	28.18245848880452
23.467852460857156	27.002141130451438
25.42087987021023	29.456351727690162
27.901879027137838	31.60339479183189
24.038444632431	27.49481952772525
25.390502668490075	28.977083467374182
23.998929667624697	27.375046086159482
27.30335801725934	31.310831130689877
26.482599252348493	29.936248785371234
27.68414765254707	32.03330344303399
25.774848227288313	29.259039635870867
23.582503675149	27.341612459494556
26.095837548533318	29.562478110036018
24.889598382759498	29.22176216716726
23.35137394785628	26.93454905629411
24.40014881692874	28.42181163229001
24.638301930356683	28.23792640216285
22.953626241906687	27.03691140152593
23.87536323652652	27.18053924455258
24.755868636372234	28.832605637309406
25.693722384750462	29.68121085804739
24.008188776149872	27.736083455905792
25.715964619014926	29.651241954471402
27.099932136049695	30.623218117246203
24.96892068947956	28.63698293600872
24.632289524037873	28.719454174082244
25.206560543894515	28.878324099660173
24.721701676678506	28.4079141070129
23.436082704305143	27.08889021134427
22.496326730003275	25.884425833473287
22.056503079246312	25.207220294166774
23.064540397336277	26.19425247986099
21.30487363252417	24.605238748457275
23.083430685055482	26.648350320803893
24.973378311043838	28.51071630870714
23.56654195117343	26.796594340330476
22.109024106570363	25.61568254320991
21.231078953753105	24.34108176707209
23.053054740727582	26.45070273607906
20.050771832719224	22.88781726335011
23.341594837779958	26.67214951646809
22.085749478350273	25.262509493817696
23.086208021564847	26.31624826200449
22.36044292895404	25.782890506104554
22.831347710514272	26.12181162176112
21.544728900723143	24.885099743075685
24.112287112355485	27.371828488230452
22.78197344194805	26.178054252754098
23.421973076595624	26.80689731525008
21.71321801268624	26.19557639038993
22.861160563815172	26.330190373074476
21.870919223550526	25.251004223104747
22.148745814199913	25.360810002450478
22.952439368910092	26.30160993223737
22.56478198673062	25.875582850915865
23.08548260545022	26.253062240130834
21.71824737921389	24.696902309506815
22.15923181359682	25.698525754762557
21.72479871681035	24.874734364244336
22.52917715951389	26.12119248465115
23.250089906583167	26.66729328738656
22.08338317142171	25.263407142298995
22.220521489526057	25.40370412692902
23.422334247840183	26.73334164022134
22.374468501712613	25.992291752193637
22.011035498033916	25.27708858643874
22.878986231081047	26.1612416589336
22.99018802966788	26.043642613032315
21.687781540451535	24.84055593818616
23.368606743539214	26.73602468041098
21.23022076835551	24.30180933723531
18.537501163037213	21.753987484423725
16.206078916092082	19.702860445480184
17.428275476848498	20.845179189289198
20.285640495851034	23.71700118200541
15.749443226306049	18.909223384411725
21.44074495684063	24.5964998399123
22.930482850206378	26.319808974134443
22.48166857960371	25.80206288096758
21.940785189343107	25.53127787523209
22.232687547201817	25.47752897501498
20.256627526252892	24.089232001335
22.9187675686652	26.38877332488949
22.03964328360912	25.370137218710216
17.58105809116566	20.599451476095084
19.515722147218742	23.110782750852547
21.5150912825469	25.074981349289036
21.739750060306232	24.89512428356584
23.903466103183234	27.270203711880242
23.345364775121084	26.600313935816416
21.410464898289643	24.41484676247696
22.896825328754012	26.16932533652919
23.96397956921037	27.217296752200763
22.160847439128123	25.37884830061797
22.54907198417971	25.852773947827124
23.202700588606977	26.37919333229146
19.732000063432505	22.7738364233839
21.146422649391646	24.203959201804643
20.375446675942456	24.105945230795825
20.69666167783636	23.90719917726618
20.119159196339343	23.558323408641126
22.616145502483263	26.094084371173963
21.383980230667536	24.474330468795355
22.561229195564415	25.836887869865272
22.830288004217127	26.097738195123693
22.086143465305337	25.488788633083335
20.971979337639617	24.40102366834183
21.639390674113216	25.012052807332097
21.376747985807448	24.481684783967943
18.66388042717223	21.928896825025035
19.618475962596335	22.78342337517222
22.592861011529425	25.639066860174676
18.37034563805647	21.929834797124194
22.31136543735577	25.72159545436786
21.367900597315177	24.477939856786385
22.605435561728832	26.262802887367847
16.67226092223149	19.94100697632808
21.042252439349067	24.21884642234527
21.213746487967782	24.307056963570304
20.534910250621238	23.55299181847056
22.18438102940845	25.245724179942137
21.286519042499	24.642071732037135
21.287387068357692	24.716925446901097
21.435533618724524	24.461078548633875
22.4818356609142	25.785221757909042
22.235682722362995	25.419039491382122
21.982206462042093	25.032052876336813
22.523878567284587	25.701505191260335
24.381937099869845	28.542848514143827
19.703325654291042	23.154594038702122
22.08487413491413	25.98944761191204
21.266619911112855	24.9548652268266
22.874698118545954	26.13098768772846
22.46702492869837	26.395632618298702
22.20609291951368	25.28856268961718
23.257894765039918	26.437469233373168
21.334278513671485	24.471162389038476
21.125533510924903	24.99293191265908
20.786555476502503	23.75181847064105
21.882078553460964	25.37530860779392
22.93835734106173	26.200713169802526
21.430669987024523	24.663816249547743
21.960936718432514	25.061589068921002
21.438103914767062	24.5887725348179
22.168659973549488	25.522706222129223
21.659410158793133	24.765209515889484
21.031704250667758	24.198320087100797
22.122638919044704	25.125028393577367
22.686688627660146	26.24681356960548
22.320566193566453	25.600152953162063
21.556859435549207	24.578512726316028
22.844383990941786	25.922654354395128
22.76915520467576	25.986172020055687
23.619665166121887	27.232774714249206
22.60929000959781	26.27304756059262
22.762548254300583	26.02231235666133
20.64038209044503	24.241545399789345
22.174050523470417	25.729243086148724
21.107081945787822	24.228176538098896
20.41634585953569	23.868703578940874
21.5267127172709	25.085420308852147
21.824289082974637	25.046072245150363
20.78348899646929	24.138260118520943
20.242797942677882	23.194219498118017
22.292635814399475	26.250420673637635
22.050202932580515	25.43158379532476
20.5182191743466	24.24204808334383
20.602598400885384	23.865735797112663
20.34902269926294	23.686230825517335
22.631812937953164	25.787130467198203
20.068548573050528	23.137229548897714
20.52029312036599	23.824647065180883
20.609719792748713	24.029413660620428
21.124691588610347	24.545073883801763
20.40905388550647	23.589883721305053
21.208923730627493	25.247129049523874
21.01037347190193	24.174389482809985
20.135333504646447	23.79627660277543
19.86238590775022	23.258644899744898
21.497017949503192	24.930176645833722
21.31614984929435	24.765223365427328
22.77460359261547	26.386275542516366
20.46084683209721	23.574299881159625
20.18658191332645	23.259737666751676
21.01469851451315	24.17982815785013
21.64211001264568	25.2301567567635
21.689837145957217	24.869496655312314
22.229268774611683	25.643661752121716
20.86629487501335	24.11835669053841
21.123248896021753	24.385543981175513
22.300277094425923	25.674332280574077
21.036286718526462	24.108223550638577
21.92885848569769	25.211875233174382
20.993754500289885	24.0934552012482
20.213899456518217	23.62960449550815
21.828288833553373	25.051254470889987
20.30838897526897	23.52696487604939
19.874650210078862	23.10072591907153
20.679372668013198	23.98398983503856
20.80547064277017	24.026022734915376
21.41463764862903	24.826256668997924
22.181092001070642	25.788653634915686
22.448521834776408	25.900782364442342
20.98507115795354	24.423692727544505
21.0490361697608	24.46433625150385
21.56411954754224	25.261310368839595
20.63685242436241	24.150281746169817
19.85237563187909	23.346650475908994
21.7402178567939	24.883374519915083
20.1260500197198	23.777043318292897
21.13885379191923	24.188712354931354
20.01093404207007	22.994679284956298
21.79169808729945	25.24697149888219
20.833913969133057	24.670244050886474
20.78736006985804	24.363906028164422
21.157683789603524	24.830828249581046
21.29782537593963	24.677464922522283
20.643167378289938	24.650510905401468
21.394541404302966	24.868689873162854
21.68634802621894	24.855964595851372
22.442492041618202	25.93029161927047
23.958271921566844	27.339049398013234
23.21492018972992	26.573821875699768
21.750749442228088	25.18200888907074
22.24926665279769	25.45176980044938
22.101079618854886	25.628666246013278
22.721974338442404	26.124060665219705
24.3115135828654	27.760635693868
22.3456981096045	26.195525416396478
22.32806851858799	25.698952889493064
21.921771166937113	25.38932693181777
23.848338171681526	27.37403769806945
22.048137685042786	25.47432706715448
21.958095230620884	25.37587770028732
22.512950032633075	25.87362948091673
22.782869764194366	26.316251329555634
23.7199054685621	27.244896319767978
24.505701022542965	27.853000683389652
23.56480753345854	27.283590675159623
24.902789166525416	28.434769579812475
20.3425759540242	23.702340198929903
21.923891294280942	25.292787325103824
21.343212753344492	24.706208557080313
23.650745853496964	27.053966060565536
20.623992188974043	24.759905592398027
23.530002982753096	26.92651709781331
21.56246135088036	25.074104811229017
22.642083461623788	26.078161899704337
21.076920517437525	24.400902740008764
20.525307118766122	24.58564335120458
24.099275777294377	27.948463251636287
21.596870037653897	24.87390556659415
24.42777144073681	28.192586072690926
21.821182066721015	25.160528367238946
22.01799588497024	25.36114878360886
21.819907034531774	25.097197686537562
23.24814821150146	26.987661114670416
24.722469184049377	28.966259148470154
22.430109667929873	26.155270886269346
23.131508373657358	26.615197635253775
22.22566926555269	25.58124220295317
21.32815705236609	25.399767294557737
20.654245101215984	26.233972824809406
22.253588081165482	25.595809578136276
22.79614783649485	26.552292333793236
22.1966094403763	25.858589229057294
22.23986235697558	25.497419442340828
23.038370958559074	26.616265424497566
22.68754425777751	26.3549018786971
23.660872295403937	27.471924945807
24.030106459453606	27.354420746967293
22.960417352664244	26.40309659386896
24.345201990406984	27.73270175715161
22.432938883512136	25.94343631485212
22.9775290458825	26.376144889054025
24.423774571428886	27.93813529490412
22.869870096761456	26.516789525430926
22.947274837777368	26.863138522818335
21.608613658103213	24.881733250466123
21.600302698252815	24.753972051503045
22.127524021577937	25.517979976224797
22.378383683044692	25.956403685729722
22.653751136391026	26.20442032662167
22.844519493686164	26.264662864101922
23.177780694009897	26.671103888509634
17.01230620527976	20.18666077470071
19.34219456731387	22.270270337471285
19.085319762017317	22.189948792670183
16.01497367081369	18.958899467614046
19.115637971590534	22.163475797940716
19.200162355054463	22.218823011766826
18.979589804469146	22.082538262547455
19.11148388775544	22.12472216693206
18.285841131919003	21.36544785428705
20.02894582768661	23.118360614574133
19.3526215360929	22.29643394486413
18.752279064964085	21.639782168556422
19.406305839554772	22.233109901412025
18.75030442661034	21.768742356836924
16.706265980017918	19.773132747399075
18.282051070227492	21.277641312585008
17.576923838086948	20.536290654710903
19.833490424348543	22.929510063932707
18.7220361612405	21.77251835841282
18.125302608352303	20.867106144089103
18.288164142843517	21.887067790750233
15.342444555521517	18.3596352174277
18.923379685468735	22.216884825639664
19.51637296210935	22.575586037524438
20.906153484514565	24.331034854718833
19.10482856523712	22.06823280561249
18.45152443887828	21.43666678426625
20.28760733877777	23.451959464200744
18.58916280224065	21.96293451831599
18.637842615698553	21.539102116967463
18.39383463241998	21.635059792018495
17.867304492148623	20.669308972206846
18.58310865495362	21.61086870100341
18.798680623372395	21.79448954264323
19.150354998886204	22.149836880386257
19.287686185978526	22.47776524529589
18.556038935473012	21.32895938606019
18.612445995306512	21.711717441583136
20.07296722557894	23.051006620856608
19.10890741004053	21.98207502709326
18.366471954718264	21.438003829583494
19.797696490196664	22.748680691810172
19.6904247895421	22.5922957762538
18.911060487135707	22.29613860954398
18.73793339779929	21.95345187136575
19.564840827018593	22.40414186951461
19.379948182723577	22.498017744400446
18.578536183464553	21.368784754645798
15.329363541491725	18.3679440451782
19.069581878159962	22.196025955702343
18.47284804382648	21.534928216549496
17.91700092040303	20.745396464240525
18.434272622353458	21.591695929282285
18.78830563895515	21.62616503365227
19.440653630882313	22.329898050636242
19.903097172957825	23.180513361710144
19.304745305622205	22.487267862712756
18.467408765400037	21.6213210929984
19.765391839790748	22.895925985526635
19.728220449637963	22.8728633058552
19.161407286447577	22.283315842824884
19.13606387541299	22.3533560617208
19.264623947710493	22.238334350019
16.893066388026924	19.967943209751397
18.822841217057213	21.884249160750404
20.903855690277812	24.144461265288594
19.02126086694673	22.236799588375536
21.406111824537792	24.949665915940724
21.195786733283107	24.433962564812596
20.04950219456051	23.149081408344763
19.891295631473483	23.105631629879056
20.82854612111539	24.098183081155117
18.36430898087293	21.137111993858515
20.08600022990233	23.589313719682632
19.846270542995185	22.942128199680596
20.612215801409096	23.68233032591024
19.474071326529145	22.736597237313628
19.35725761624152	22.313129651824887
19.138810487816034	22.353174833228888
21.28174282891988	24.57768176214457
19.65639545456872	22.962964515524053
20.064514901228012	23.21115419667238
19.749532972931103	23.186927522064014
20.3962187149469	23.770994724994505
20.16645371584882	23.112209919405085
19.109191570565454	22.16293367357517
20.0843363030954	23.127970673222958
20.188260509709643	23.443728015680982
19.600427283349816	22.657392846044715
20.355538074631095	23.59136515412867
19.093075659118135	22.105111215271513
20.38175727657958	23.521564943269052
22.32335220223526	25.767716065587006
21.125516638381214	24.482689156906872
21.32685927980265	24.59915275938192
21.097003793007755	24.311647558920956
19.435769569089206	22.61888741333267
21.693944625287553	24.968708344072798
21.32165653690411	24.672758746299014
19.996541252055238	23.11258197792523
21.278494318579412	24.618444005395197
21.38746761921358	24.879814866748333
21.495705209719908	24.915496267330873
19.444368413046412	22.57008356754441
20.187204559390963	23.37293032830435
19.978692569044238	23.11146207878291
20.07933085739233	23.207236830595953
20.5712442438567	23.809659000161854
19.5250585094379	22.617964027793544
19.82752600951306	23.124052130745728
20.258210423139502	23.46692156538589
19.66965463561364	22.89150259094886
14.538763268991135	16.75397659917293
14.52973114912677	17.10463965470624
22.056328008129338	25.428678324268123
19.994639184064926	23.171796057634293
21.376498372185257	24.639769404304
20.434081359020972	23.590569214709497
19.43240563783423	22.467649293806396
14.619765653225521	17.429458246615788
16.47400537519192	19.72801908464695
20.177514305033753	23.224890480122497
21.874768459619737	25.052601611791395
19.71591026565325	22.713330914766672
16.518442008146057	19.686487343660584
20.30607242543733	23.408401298927906
19.006476708025435	22.004982642560503
19.567703880828404	22.991208396393276
18.87542352453665	22.62875356896921
20.309855744590678	23.940188124427877
23.19016116844874	26.86139827979345
22.199120675429164	25.81498798240775
22.766240225222965	26.65229500732098
22.037854828399205	26.61530526681564
22.590300023429208	25.586335718758292
21.23076622146963	24.759462431484472
23.27967212458325	26.4343781683855
21.985590031698756	25.408851572915502
20.229908929002764	24.014056219923017
23.114068573953745	26.632187300680044
20.4315497525938	23.99221733724995
23.707121000674626	27.156392945858578
22.291345211604092	26.15965881671622
21.99385641992978	25.71289063512393
20.07048243625908	23.741727646748732
20.03563200187278	23.543217790607688
19.748970627025436	23.39336717204683
20.534907934265785	23.95532262603695
23.197559012475793	27.33789859860819
21.414328876827426	25.021542247440152
21.590194894503128	25.60887317495488
21.195016620012353	24.629600765851904
20.072086704764395	23.274282084908457
22.992410621319102	26.921188392963124
22.12424538646787	25.901297826422756
0.0	0.0
21.948810706978897	26.39595400249376
21.438678071250834	25.004160597572408
23.71393814815837	27.575845329624833
21.34258078313937	24.9768695952786
18.72204218295476	26.265832801786452
22.396957877335275	25.784688469710623
22.218954424443012	25.751319547114605
22.53133827055589	26.70338195954665
22.765062943638764	26.084157332240142
22.229886814287514	25.610899165937095
21.133602857083524	24.853204012423312
23.487920941314375	26.9828680143741
23.710944029935607	27.197516587129822
22.938153558475957	26.545071310298457
22.103835632340417	25.493307540877357
21.879007341502327	25.43894195354162
22.413434391062225	26.560293788869416
19.833572897941444	23.500663247078087
21.377866933300236	24.975284388110897
20.052544599885394	23.34137248385484
19.50094927850549	23.629030808774782
22.407729703656173	26.35802690339949
23.817362645629107	27.142369410034956
22.50722603889028	25.70650572685679
21.26152009417297	24.50770598004578
20.882102488459044	24.243393422185488
20.14395592521457	23.786671897661407
20.823032628199098	24.288709391454223
21.70545982757698	25.64139724334587
21.90898823181282	25.129669910277023
23.691042296699152	27.216895706840887
21.885530014200068	25.262670974569463
20.357384776866613	23.636607074940027
21.379228367167673	24.85472129408721
23.71341225042971	26.943837200253885
21.53643758534879	25.103620932107265
20.908342594300613	24.28351951202263
23.333287101389242	26.796445030568766
23.862157112980093	27.484499686336314
22.18759891688191	25.3185866147343
22.244044352488913	25.386103581471048
22.25135664727278	25.73264451239519
22.0736292557605	25.376602296363522
25.98060935520569	30.103066029315794
21.6597778599733	25.164622088146817
24.107172662285482	27.65550929877409
21.585880751316207	25.210649018581254
22.291823289956255	25.7294608134373
21.405507521011774	24.635094209334905
22.661169044024877	26.1063671193052
22.642586365879975	25.931163176356353
21.872470655259054	27.608499727431376
21.654172739405542	25.690851369481177
20.851218498942707	24.215048514607098
24.067732094199794	27.90231681021915
22.456705261441048	26.183231185702507
22.12647526532475	25.804503509699664
19.37949592647026	25.893245391278764
22.516583655290543	25.771006371564926
19.551578817347306	25.118987741490585
21.871306443669994	25.285788511774342
21.40260923592148	24.60615312369766
22.125151243432565	26.046311769262747
22.379010048641522	25.908892783389728
21.021356315369818	24.376589088682916
22.059135394491207	25.63913158854102
22.511726770178274	25.756475057824655
23.260451521336904	26.57262114101661
23.406855745173818	26.61402400030958
22.645292306401927	27.24423787548284
22.83681970543669	26.19197553687288
23.355789000314765	27.08804911919207
21.90717745940903	25.252419937441555
22.28809969187289	25.747588708395664
23.112991102182182	26.85304664806196
22.775599392609486	25.9312449372245
21.399559071615748	24.75797075931687
21.637974289572163	24.955460997903423
22.113221812400088	25.115497898903623
22.49209906341164	25.893484814151837
21.39130605102345	24.914470545045887
22.660495737808777	25.932914754134583
24.12650670013104	27.76875697174396
22.558048179448285	25.845069954096637
22.14715367416414	25.709396542510664
21.447845965180935	25.02555415078586
23.346393085082877	26.98855831567396
23.111733019478507	26.541554868094735
22.507532846649234	25.83533786563104
22.938717850201197	26.29703234816306
23.458224225702306	26.86458690100668
24.178306911654786	27.780685092739745
23.07712595022408	26.589198665254436
22.491925589851007	25.75647223729743
22.14034800519356	25.334448289972457
22.806404846742147	25.888720733091837
21.862286336862358	25.283814661062447
20.40661429751451	23.833560949677874
22.79697064887693	26.527570443042016
20.864673505163495	24.810455431604083
23.240120253998256	26.837566055816197
20.61852252053101	24.108415727149655
23.438690211869098	26.9588985179893
21.435669190311636	27.062635176753794
21.526586095238947	24.927206476782537
20.45232420311865	23.816186615362795
21.076163042882445	24.574216138025758
19.007673133963486	25.16920293415175
22.445616108596706	26.139020579635716
21.097614638618097	24.509027130791083
21.43132973324721	24.893726342802594
21.191442441029153	25.036001254039206
20.432684876103817	23.862591765741886
20.800089050503548	24.007816146640007
23.291534057341817	27.110025772370097
23.29676040924785	26.80648437224629
20.76142519446695	24.197507682119966
20.98056820345026	24.218776431559505
21.357129554586553	24.775871772928095
20.480384320463596	23.948421984468045
21.542549619249478	25.12729596180521
21.557024307817915	24.98086898747017
22.06683983569945	25.659243919793713
21.716482978464438	24.908797401784586
20.76256182644271	24.096672029758462
20.820118987130005	24.17833224578015
21.901434388130333	25.407882247001503
15.95125311144851	25.35460740796067
22.942237862103052	26.81362914229148
21.32237714617622	24.61160188824761
22.68328756992478	26.31530862148147
20.474454974925695	23.881469631397547
20.9273465271968	24.372698486230934
20.788019785708936	23.96350418584868
19.947260247167762	23.363835944238488
22.19735300262516	25.5529178408807
20.34569346676966	23.786817672146356
22.0281585422038	26.06682551236163
20.535763428722472	23.790894820178895
21.408764424091185	25.041587290996706
19.72338732741694	22.904496583715872
21.775956506182432	25.335056906293154
21.588187677338876	25.095489996000968
21.725872801114548	26.028956605623733
21.838878755103757	25.562578077781986
21.16544258619823	24.652893900618178
20.755511982425762	24.447555797115253
22.61194300398452	26.22772526994126
19.43461209801352	23.147272286141753
21.747960795262816	25.73620248903894
18.248380045475727	24.933592458186382
21.272874465667012	24.820522674835917
22.35135718667583	25.782325064300732
21.552198972924753	25.11096325852056
22.837448648586395	26.412755437717315
20.394456365305906	24.067961237233156
23.72698234145049	27.507043613749705
21.53142582838702	25.04284251267743
23.023753992311516	26.546335347898445
13.557961098454307	20.40954817126005
21.21224184299477	24.85081510280601
21.933304223791556	25.452710714562937
20.71745031401357	24.18812829926768
20.078485434222372	24.035018975567667
20.706360349229946	23.99356030506693
19.03258558544637	22.278811967043865
20.673191756959174	24.449948578123834
19.922364909178132	23.169668477052337
20.766787196926757	23.94884810275586
21.985024087747952	25.619325048604587
20.78055069147908	23.98211028874553
19.57082543099762	23.005899575105897
19.771189843519984	23.017031515732945
20.008621778710886	23.296542558447317
21.59419935675943	25.03218919304526
20.787648891440874	24.05678775406694
20.26839922441292	23.430750861036298
21.105894287174166	24.531945983821927
21.073776382802652	24.574348312021566
19.969359922307817	23.300789308649215
19.05529927093765	22.15308047454575
20.356062670422208	23.599417905139315
20.03691476267108	23.112779680077942
19.578208852472326	23.24587829047201
19.29329223997274	22.402987285784096
19.897935855160853	23.104978573550085
19.41930441441303	22.6441854995274
19.407493048665884	22.898880547525522
20.273471625747195	23.355819908676633
20.545088109949845	23.724496545811874
20.425296072747297	23.707308526251726
19.721031126196472	22.781637254540833
21.137210331651563	24.624847926405078
19.053564521157817	22.325967339193745
19.606397802915797	22.770814721498265
20.771967667176717	24.148015242979533
20.923459287914753	24.26703334209013
20.016643625409234	23.20868672737397
20.25238159203985	23.30393287634394
22.043929399704982	25.577841459059666
22.85948290085843	26.22381101393649
20.530935216608068	23.988796304998377
20.930128105633326	24.351385108478002
19.184194617463778	22.57013124923544
21.228780712038596	24.77010348901121
20.480454499554483	23.880564634967
20.34363354239494	23.57988177742928
21.11395577108784	24.49603720986919
23.41381823991261	26.993093610062974
20.338569404213292	23.446733711631435
21.15455361991931	24.63157728523206
21.30361154276854	24.730631087236343
22.146257019852882	25.741556548262352
20.501831722866957	23.79816751419359
19.271175137497565	22.703293093703607
22.140652850934654	25.46397094362101
19.272803205340278	22.697352510602105
22.07430484391069	25.6220299949565
20.545980370474975	23.899726950692017
21.663114298680785	25.105854283472535
20.559162002207113	23.806789535878824
20.18818047395937	23.419836493814067
20.175475636864924	23.58754011020539
19.74969338864531	22.99680662661348
19.59477875743955	22.82632948841006
19.956668497397388	23.19943654410652
20.10137818370908	23.641919393195217
20.07287038410292	23.425195564383408
21.696551110334457	25.346730444841324
22.239632452622594	25.944169198378383
22.464721402291786	26.33845738493966
18.904911772207598	22.95915339808049
22.25855676080011	25.58505781744696
22.09609071565535	25.672191220990157
22.788848866829195	26.507883082023344
19.19086843437956	24.29887765937044
21.79588471552369	25.39910925725463
20.72835975493089	24.0230230728279
20.965482608527893	24.21182642772699
21.732381233490702	25.14464818545461
20.687677037184404	24.16725193315251
23.330927237330474	27.616431847752533
16.73392208366637	20.128638188550426
22.903133783117728	26.43016966842036
20.665808708045134	23.964501350548616
21.266586362429738	24.757986010006785
20.23709173465737	24.033974930992045
20.899967774717165	24.347875013979124
19.476921713276273	24.280524575786227
20.67213336879787	24.484202461890607
20.285472017438043	23.57860459694184
19.94903360557151	23.25253309059548
20.774584729706913	25.097361605131955
19.81925780909836	23.835210727278593
21.07303524422291	24.425890918496815
20.333251246474603	23.8801219377295
18.7872737187995	24.87242858222589
21.194353486322292	24.405295942998997
20.873088121920382	24.89350771853372
22.21610900247173	25.86832932150288
20.232479881076042	24.297473121853645
21.969466432138105	25.140261427358965
19.541679325630206	25.214004573295576
19.570353238699035	23.697240145090028
21.190837932999727	24.623142169539335
19.942057710797418	24.03246201881684
21.774477871613392	25.30777844552528
21.154654723570353	24.553509491517538
19.915650491248776	23.770956869591068
22.52205221010115	26.058098394146896
19.008244755414893	22.23984408125503
20.30644644395055	24.247871030414686
15.10868989130494	19.112457645926504
20.66134822343312	24.267326474442857
22.30287748689105	26.001092850023014
21.010260683209527	24.2385434091977
22.79733272520094	26.409490623798085
20.56236500345218	24.74043040670407
22.74163959082018	26.376175426880014
22.970929417134343	26.4399268298139
23.50887639557986	27.16679041350217
21.801532322181004	25.20409244893716
21.734421841404746	25.344469912745645
21.301584875507718	25.162957513408298
20.259203894629348	24.202746407494676
20.97407947426895	24.55767978781601
20.19248132037509	23.4625880308212
20.761247709804785	24.285926743930567
22.58746116379011	26.319166491239187
22.904137016102005	26.62019884510405
22.420062050951007	25.727372183668134
21.78596095674357	25.7544366872994
22.37854788915873	25.752607124879354
22.65749514229485	26.117700933144604
21.970747198521963	25.342044625818858
19.159730271422433	22.192042036927177
22.46943762550435	25.793189022444867
19.715221052716494	22.925300950457334
17.486624363374812	20.453648921537297
21.757865294276275	25.488331452549897
18.73491137397264	22.040463992238298
19.679682146465197	23.07560502394496
22.71432283527026	26.066692560847905
18.335602729943147	21.453230888220915
20.021015584342294	23.562552988655753
21.041096859423725	24.568995303662213
19.638669194183027	23.112635432281817
21.241048752122623	24.878496230787533
20.75744190135073	23.908434487199074
20.58124606422052	23.668530775989442
22.293644560876672	25.768319474157508
20.830998592822162	24.3207500644044
19.066007186905846	22.043491790755287
20.818287938516864	24.220929056722394
20.35922803899032	23.79578027704972
19.037799756238414	22.488557894518422
19.816313535038326	23.285031527217534
21.094115775608458	24.804548698878847
20.08492967480054	23.665772229496334
20.688720091639556	23.721096650303803
19.253279631304892	22.38011651737675
20.74649725749994	24.21974267169928
18.745745545486482	21.92122184648129
22.655652540251456	26.016712648347177
20.631156435438022	23.79842425303854
19.081839664726502	22.310944453925842
20.9147296873121	24.493126300236728
18.970616119935507	22.58317492620707
19.86498553484615	23.32425587445561
19.867530097880433	23.1933791733598
21.13067992022083	24.611761257147332
19.32300568234389	22.61374091494615
20.761167947400654	24.777371939073955
21.15164525341836	24.751516749145118
19.0597189176361	22.119539428921517
19.888766246236813	23.276120228372562
20.53484551415575	23.835473852299327
19.296065018688292	22.53212292381659
21.90457785863532	25.426377646735773
22.69661652105376	26.402845988101515
21.21997145634548	24.569907388869364
23.019930367763383	26.66025304288115
20.643502612022836	24.120915036292594
21.878651764742127	25.517933699735412
19.30657276023978	23.69012561927682
17.864671630211443	21.037778931311994
20.381920656580835	23.508793988804907
19.68357964533909	23.02080801945583
21.93889921637857	25.5752533104769
20.04772791082945	23.2051350194684
19.145078298645668	22.409090402526207
20.391889517474326	23.741886193585245
20.34512315333016	24.16495527684562
21.471022858994274	25.19583581410143
19.33562791018476	22.868847492647273
18.90804058123546	22.094807090273328
23.688901504387015	27.285253921638375
24.616414499384078	27.726101446050492
23.53510056432898	27.766928091676878
23.90765182835281	27.91782195704758
23.812075576458263	26.880639114703847
24.115693758500864	27.313932706342886
25.79170589487517	29.13240070302522
24.908710953536307	29.19042921370002
24.1249556814789	27.45579383023985
25.008671823327454	28.511252340490906
23.99269321465948	27.17585155462763
24.29002363565368	27.55202310201722
24.501291094818438	27.693508328399336
23.183021440121273	26.497207746890446
23.291432998236072	27.351137497369397
25.22761133521985	29.03475209861804
24.116150046103574	28.832261895424747
24.7485377155798	28.015408817623324
21.998847428907002	25.955923612963115
25.09224365015698	28.565476915638918
19.064715727625885	24.46983398550888
22.019473333014552	25.780262689934666
23.09699622030724	26.88397416238319
25.04807132267395	28.436198773151244
24.594727795594817	28.009793002134675
22.8766701671981	26.05686826969155
25.740807563635954	29.184458702233187
25.201133768523068	28.490585286652713
23.045970748690788	26.44529931661683
26.57831631597693	30.00333537164514
24.950550093519208	29.33176229966927
24.61987363203822	27.68795527116002
25.296930258441122	28.864364678692667
24.508445213301673	27.788971473710046
24.585503357484335	27.980624419615275
20.880339134524075	24.491197120358738
25.829123739983626	29.29042696497243
22.187446383660514	26.050163479620736
24.426022339272144	27.75718040425813
25.457287664879154	28.819388513099362
25.308301713056625	28.43777487080568
23.702924157403835	26.786074255682102
24.60772465343435	27.7542748582844
22.812883190794864	27.139414019898496
20.862664925318107	24.789049399633065
23.3801740658511	26.718908880926243
24.62373851160588	28.54984356542049
23.868865563864414	27.05457918406039
25.342882666618202	29.35711046692672
25.72172455878774	29.741164158863626
25.311916122517516	28.93835281363971
25.07040624760265	28.23508233882313
25.957577751953384	29.636687232177476
23.44708472857303	26.945579227115445
25.915606041116572	29.557868461446905
24.279078813621698	28.069462446143927
21.835883764198126	25.95908960921496
23.348289645654635	27.0584390988522
24.61074194331078	28.37360063176246
23.811509296392938	27.179716899896125
23.278043562692694	26.81956881828875
25.383936197641297	28.743392675039367
22.582471011297464	25.779183270318747
23.75914333529786	27.560177343413077
23.9178330002317	28.038046211194082
25.23299294773434	28.908591448627966
23.964143483755187	27.932720453622743
25.236143717593702	28.869391789608446
25.478719861137893	29.106294482123825
25.29163605392359	28.799395974274653
25.342646013652697	29.032300580585584
23.667879999569774	30.024121343203664
26.09755317623195	29.812347489051252
22.749562142001594	26.0400058053861
26.925185817062474	30.78106723469534
25.41533456587741	28.89648069596341
23.052500917147174	26.996792600919232
24.050316911847222	28.072056669085395
24.00065790164243	27.56654943478335
23.125842375866675	27.31229849327395
24.16289950328268	28.243556490369663
24.080928533193664	27.78247669446747
24.34001197126514	28.138944251269038
21.85390644721418	25.830307191091485
24.099291522032136	27.47438744830478
23.959227626743843	27.397780353602837
23.287700150929187	26.71923496869972
23.736259689250062	27.556112060627868
25.461274594511448	29.07045605734402
23.68383089903813	26.964021044931595
26.154683538303253	29.689972452297333
27.085734551626153	31.37387543372541
23.979054127022973	27.767125453665503
24.986011047525263	29.15660903914466
22.5850259513612	26.39001639177845
23.892111108055033	27.348874762306295
23.51123538290619	27.03989109719635
22.739325806846537	26.285734846839986
23.966008846420646	27.615730579238534
23.41004606315791	28.803124942091113
23.906150923159977	28.15650929412518
0.0	0.0
25.27127403413161	29.182573851000225
24.082360856851956	27.787233717122653
23.774893147170925	27.69336475688181
25.127972546150225	28.845265445182783
24.04761976699667	27.81996255417032
24.919930875174813	28.48244911444921
21.58451124867563	26.04164078989859
21.424556296848692	24.79929586074408
21.480316295745265	25.18905244815122
23.54305732629861	27.118254776972876
23.44557725699844	26.997862226644138
24.08104238489884	27.81421365758163
25.05223815861275	29.356970139116743
23.485598205760787	26.866780639454056
21.974697335763594	25.582275167898516
24.063201118679817	27.38727648141784
24.489929707440094	28.114236323443695
14.652574666746103	20.578998438112293
25.91001630082505	30.202101466508935
24.130697252391	27.793628690602166
24.829846208009496	28.476571257200465
26.1327373075384	29.95594677449285
16.844377177536106	21.01306377095022
18.39645877967721	21.199795569077672
25.208078874397682	29.12634800548513
23.851136225803643	27.701842289821357
19.729595828208193	23.531050991860166
17.164221267538213	20.920564193887568
22.878440656479757	26.55453320521458
22.08928470044632	25.751762586540984
22.872985477407013	26.20102537159201
23.294388090728955	26.533418382049366
24.21913770809295	27.57970376834748
24.50280382071331	28.351602536098213
24.45232127730254	27.902411236125193
19.99427052921044	23.708890710413584
25.084829998623793	28.640565204012926
18.22759509238468	21.76872753945126
21.125321847871103	24.90346767239257
21.91160032754238	25.72951295370762
24.62109841105791	29.01211463215498
23.31131793587071	26.730683788372453
22.31168316478689	26.14487887744944
19.81534067992192	23.301524478159134
21.775991887297096	26.050838022981225
23.26445249691131	26.930194338415838
22.21093428868903	25.976874701789484
22.025386281833526	25.78574233449948
24.188218734320056	28.167814590875256
20.88505150861801	24.46600745134293
23.509353771331202	27.221904621002782
23.270718521879484	26.718812041475008
23.74098667217668	28.087214621768634
24.101866653264203	27.428942749201617
22.614633959063553	26.316619474163986
23.296120969606307	26.703390749143693
24.464742458043837	28.06371899825499
18.69971745687432	22.554865901890327
23.317585070421742	26.931646268079234
24.062639278970707	27.83356471578027
21.17505630161099	24.956972278100924
23.17789100436395	26.82144523831183
22.537456801995603	26.019574829474124
17.052732064718906	20.738171026711758
21.749911028868073	25.42636803912509
22.079781149603	26.08815326812161
23.60002937843339	27.13305053184493
22.6773149466059	25.92378025297906
22.96382074092857	26.266089155922018
24.36615037006937	28.134233007005825
24.17392081566424	28.19121819190412
22.3760358543153	25.73852141192005
22.333621154671768	26.225725998038193
24.022313176699758	27.443140924862742
17.962559171543	21.98803668416989
22.54880655697703	26.228102317534688
16.41870257910143	19.70610096398939
19.76748362417687	23.39615162972938
19.042818178796466	22.528066525793378
25.120394018298754	28.657497140758863
24.64814667590358	28.18229766003392
17.21751902715922	20.768961685731405
19.081171624979397	22.986316091695407
18.17415435045894	21.97484009534184
23.871588644201843	27.85344416219464
26.0779394749117	29.512993371157634
19.912754052763532	23.663949972505023
20.132266030443194	23.96600438581657
18.93585788014082	22.29439915416094
24.235533649501274	27.93809420389228
22.48335771702404	28.221047113908575
26.06634449401985	29.39765239318718
28.13513849343464	31.372139948948174
23.713908802931474	27.197298396165206
23.93916527328977	27.54332526626101
21.315127196585298	25.174653229440093
26.49949496971827	30.060105860359855
27.477872073017615	31.481259167827112
20.650274134998362	24.441759251232106
23.75837592714152	26.992522434064536
27.4065040985237	31.296823080431377
27.202727338057922	30.466792086380554
24.29042630894169	27.764923041033896
25.664673616931697	29.534526059581975
26.89567945362909	30.252021809798645
24.400604120485344	28.251249440916023
22.047407326424956	26.368499579702974
25.13914412601738	29.04499321834297
26.137984433751196	30.82742579879275
24.186248939254988	28.203218300124895
24.99136879793398	28.741823645913676
24.519216077849112	27.926052553132333
18.835825885683615	22.79867271050779
25.13165435264571	29.437836080093547
25.490814316298046	28.98286999461504
21.55901521735384	25.34688001580046
23.24872704726622	27.086502826391005
27.223765875376966	30.89329001756737
22.600964835748044	27.607054420843752
23.96856036054607	27.95333562028889
22.03150741714834	25.445762709194433
26.767314119197255	30.115626173161143
26.023053952842762	29.40630166849513
25.26930256254354	28.758559986284585
23.045620936497002	26.316493016139717
23.308881156257257	26.561983711906805
23.16075340603061	26.756461941259428
22.536536101323023	27.47739517309104
24.643871287125183	28.52664186595099
24.956500658816847	28.866314282589403
21.66962206490227	25.8889526116114
24.421657145149894	27.861015736930185
24.40698368534161	27.811491656455264
18.678115472165896	22.35299719873254
23.56453470566217	27.995945412135683
23.332986473277877	26.87629354076021
19.029066029121417	23.000036296318036
22.14404020491679	25.313458345498248
21.84930033390183	25.43363766963821
24.536436645847978	28.347793014186202
24.207853218046218	27.7381287613239
28.09961029020338	31.91203979524584
25.37542673584762	28.9448170996016
24.303793350349313	27.665448745597953
26.8615673676671	30.59504235828505
26.17589487290433	29.650849206685514
26.44118519396286	30.70183352857132
26.64977183615326	30.212759825834045
25.441389677124672	28.9323762683099
23.67364234681342	26.948717882678768
27.735404249462604	31.33837771770048
26.99511293342412	30.307173214647168
28.20244276852618	32.16128861575117
27.768205664972843	31.847530342717587
19.85211448507451	23.31977958841182
19.54929637099021	22.76370526170022
18.361294946852762	21.797705449875753
19.705032506566138	23.129901728053003
19.529727943890162	22.680141440875463
20.2210099854034	23.334928735299727
19.85722841274966	23.338990077850926
20.947039490798982	24.462023848434416
16.038153709120053	19.18133062010358
19.370720515079054	22.618684163265673
18.880961509267237	21.925843147715185
18.817083919630434	22.008815204515074
19.39243646690547	22.47190145423711
20.156853295182472	23.235261344099754
18.281172873867547	21.593970177279914
18.30202429461631	21.936726163147362
19.283089686351218	22.360299061817727
18.68586808101387	21.909688178141405
20.119400398999517	23.410977942675288
19.049902144511034	22.25956898586006
18.655621874863936	22.074926983778642
18.733885619291076	22.285308030000916
19.444291025716534	22.839440434854755
20.342779133223676	23.608917262650348
16.654870379502608	19.95591987318294
16.947439290915327	20.278982065285845
17.777032722586533	20.703699241524795
19.46367096344124	22.65955710967888
17.83008157726053	21.57392347339865
18.874253337803413	22.198365146693657
20.6557751775041	24.094425094102345
19.046536354502294	22.13950261644497
19.414780013373957	22.440908081718817
20.4854914894023	23.836646343239302
20.506670346432177	23.787561068362745
20.735091733831254	24.241997194391402
18.445855079942447	21.26123529786517
17.747139797089208	21.32256807339419
20.75462928294123	24.12579712391912
19.800864183219375	23.022837675301133
19.158101711556665	22.604757632925757
19.17779722841429	22.159051984232196
17.76295412675084	21.137896169269666
17.194217896512107	21.69496133322422
17.261970799440032	21.037524897581452
20.31283770194732	23.63076581367768
19.846026833649653	23.109354559782965
20.112928275090113	23.255157586115942
20.038841569499606	23.04583135835684
18.03017945299736	21.5709271906794
20.114672365208847	23.273383436182755
19.578984855846237	22.729378104969193
19.870695901777587	23.223162817094483
15.67639425808204	18.58599587863671
15.311654252864246	18.370049314640635
19.139974027176066	22.316320986251668
19.181912928376736	22.4754261676926
18.103807969710882	21.675826505997126
18.232169005521545	21.257163193575135
20.073878393557926	23.345766915890316
17.70548664789544	20.7621322943653
19.467130695432108	22.601528133303244
20.414479988648885	23.685623389647013
20.269359702011077	23.584590798477205
21.186956901712275	24.676631431417608
21.331787724910015	24.52664123016811
18.838300656361184	21.977140475230613
19.213705002122623	22.17595106477191
20.763198467829678	24.051678088566806
21.792967156493233	25.098029776490165
19.57591135992872	22.552367372371084
21.75510294928419	25.257987184382802
19.097394275057848	22.217379284512464
19.07142547842297	22.30937858346668
20.622997537033825	23.888139471633167
19.49087113787414	22.840053849918828
19.386709782221768	22.75339069690421
21.1002495860851	24.415079774876816
19.43136027512277	22.31615826430594
19.81191745280207	22.853113980303398
21.536124184885857	25.159167334279182
20.075240029903988	23.55536566772785
19.189864359084208	22.950524129685324
19.018368417290365	22.46752292487272
20.37682200996739	23.670302852703507
20.883129431690126	24.33995787910089
19.888373998573126	23.008314462730585
18.44466108374788	21.75759607262419
19.663823018408124	22.856202234887775
21.350810648276294	24.730907796547925
19.563928980736215	22.65796432981066
20.715065632149926	24.01104101152683
19.963666217342304	23.246796352848126
18.446875426419982	21.853339341036072
19.742010284634407	22.896331619052116
19.838835465174064	23.11481405569996
19.48894937276334	22.672755644326504
19.543789964825738	22.81784905800141
18.60212510305352	21.814497058811714
18.78860290389658	21.76015083450674
19.022356954602934	22.543520959825777
19.336941437609887	22.653994841686988
20.589755517915048	23.90632297329589
19.93708003503755	23.23272739904448
15.920766225033251	19.41718734247163
18.417415456913584	21.50259034142626
20.554265423185505	23.75925500833305
19.682884823744462	23.030852664048506
19.261487855526546	22.800741300967594
18.388926277241637	21.61672710410602
19.620881153519747	23.016945766035917
18.96430853825466	22.222691736403544
19.457227686661316	22.870790501815247
20.102152713038613	23.33185683896334
19.610331745917122	22.86393239898034
19.367020849968977	22.366745705817156
20.439714006557587	24.14662785135257
19.968296103669832	23.163497872160246
20.286505618166267	23.566687664914788
19.536664079961756	22.935721326532384
20.788752576095032	24.39995477558954
20.57362016851988	23.925576837705705
20.71883324301167	23.952141488433643
18.93749814529581	21.949594445036222
18.84216168681021	22.260474650470062
20.774080067936275	24.11119100445142
20.444721869855425	24.038012810320357
19.53429244379582	22.684106604055742
18.7781835624873	22.76695575025684
20.588203503068087	24.127319263045194
19.271996141745532	22.791329740212475
20.074881808772968	23.796702129825665
0.0	0.0
18.748583097113674	22.0840337089166
0.0	0.0
20.775371519117094	24.80198291203525
21.63138699582175	25.03001093813821
19.361976052545437	22.63967571137058
20.688330210950976	23.887856922838086
19.30584210802795	22.4661973054242
19.600596357049962	23.067994188604334
21.362588615174506	24.77504184747198
20.379889218923644	24.014680178049012
20.053151148899346	23.30876443947956
20.751140185475602	24.899506024241195
22.021082280800854	25.3815552008886
20.003218895817007	23.591229193782603
20.269720020820635	23.592191752861005
17.074020235908005	21.045322568047073
21.04250180392255	24.718772533846003
22.05675995780151	25.538226004112552
20.648555038840907	24.351532699196202
20.91897993027025	24.510080052029554
22.512716564656316	26.044656482218684
18.588034688540578	21.921124399594188
0.0	0.0
20.469233271928857	23.92098355546372
22.171028736543757	25.611075755643743
20.393640601204712	24.024604714347046
20.665740472749032	24.340889471098624
20.55065038806567	23.786671847041752
21.359089335058904	24.687594930077815
22.259691560344333	25.770221388264066
18.747683014839318	22.669932875663612
19.205577431211047	22.67081684063954
18.954930214365575	22.234816642323878
21.11027229819328	24.436165918969806
21.134352408650066	24.64842156290755
21.342499328013943	24.674256729725315
20.02238865263143	23.24843196504435
20.622840703166467	23.785362421833533
19.848648559262546	23.876721847841946
19.644817404939364	23.320671028898527
20.72003475926231	24.056080658218157
17.508349329549542	21.670252889078387
21.10209629844455	24.460617324602325
19.294585827303035	23.430815097379583
18.248448971223933	22.007023212003606
21.68949078602396	25.135231504015103
21.028526188714743	24.501812098638773
20.401878614081447	23.813623171196873
19.35350979159086	22.4935685317734
19.51516430848723	22.751509733260818
19.01385434671066	22.884051003020787
19.13281067161803	23.219894330213023
21.2287262878094	24.68842993167302
20.777833618682408	24.165098510223842
18.785312676885326	21.90034100963811
16.49724762708012	20.135221550165973
19.179180305221784	22.452283699294817
20.70302842174619	24.14057280506045
18.148107231042946	22.726970970251
22.157993818797376	26.397815202198718
22.877903579906295	26.365897537037064
23.827419633318662	27.609679823468447
23.5356469873157	27.203097748402072
21.952687002291345	25.388587259183264
20.970456018063167	24.545949087527653
23.885674061542357	27.201877055401003
25.784902588830125	29.606176360144485
23.77647730954893	27.458960083639546
22.159940620389968	25.610107521089525
21.249896920157592	25.46957977967151
24.600227274965583	28.271415791440667
22.788541534650605	26.265318176042754
25.443048527792506	29.629249522134252
23.789022194605216	27.219496024388924
24.57547589320286	28.280822553452413
21.73582023976968	25.811974102271336
22.772770679174208	26.9420444605963
21.888061756287918	26.125360256041184
24.93155160122363	29.90270552463086
23.363468589296765	26.7837577443214
23.3715022931433	26.806394206490488
24.265663136848726	28.125841150871
23.786537403260574	28.088685756529465
24.266891592880217	27.75378406629947
22.179698605952495	25.704523424687153
22.380679794684085	25.99771337853369
25.323764367721136	28.863357977249567
24.683641749582474	28.958459538259323
24.259137226517794	28.135853694502714
22.505033476843703	25.817243592248094
23.473089647394332	27.23318247784981
24.395948353340167	28.03503995842741
23.750328918424636	27.38169393924138
22.96367681102388	26.5233360521353
23.070245042221813	26.543287977797718
25.120833431332986	29.31380936041506
23.034034799871424	26.99575989312174
24.70633746307114	28.58945225555679
23.339405685473398	26.93891271967797
24.642785333524085	28.31366608249154
22.14636825755903	25.619905240976127
24.25714289306835	28.004791387327156
24.308875415988282	27.905531551174803
22.529087601193957	26.79732078503651
22.043422862982293	25.329614475274543
22.491845649265684	26.484566170192323
24.06772617170006	28.248172723563613
22.460382933323043	26.462806229884965
22.414982809888837	26.06568048967171
24.395462572701163	27.90157836662989
24.0500111144566	27.582866235396917
23.320413733237363	26.62127289701166
23.114860172231232	26.38949430469748
23.584462206328244	27.2267732215282
24.16279604278046	28.211603142400204
23.082482528281567	27.186169433998707
24.135174135746723	27.67135395568394
23.73054995000236	27.965451102854086
22.74988911460666	26.306774398576934
22.45691711077518	26.49328392377072
23.485883816032654	27.144142047614807
24.062702122261065	27.42713552422331
24.78375761878465	28.842712947011247
18.126672214256985	21.191931301368015
20.480894358041688	23.703021733877257
19.75700121675074	22.990900699753166
19.166917877845197	23.11585037166652
20.59360208734079	23.891739938416045
19.222226157056806	22.54485987199593
17.928555630321462	20.932953692798655
19.71263353586703	23.080569818014805
18.988033823146942	22.124650426730987
20.287150551052864	23.885884116915886
18.863424163461996	21.977537292836832
18.967474200416774	22.236892483543187
18.911598889944152	22.11151436078827
19.342196474662504	22.560189237007418
19.1354351367667	22.69625660517666
20.09767880206908	23.54321704143678
17.880858747316267	21.486492784666154
19.365472957586785	22.63259108355091
16.49582297736166	19.999784398736974
17.69317942009863	20.788105675116213
19.63190933397621	23.498566663948594
17.006421372642436	20.38116903568276
17.606392190208354	21.08222933078774
17.073844889420105	20.205120106917786
18.809734771712318	21.916692306534753
18.73389169769935	21.96841886443444
18.817615391595602	22.142128108160257
17.718859684695104	20.84993647314181
18.471680319233304	22.11561521299326
19.275025363687245	22.609333996053966
17.004346673402562	20.897119696226344
17.959610625184013	21.255881623351144
17.93933097977041	20.987375334316503
18.518393808109746	21.690436071650996
18.238102690176348	21.14793513636174
17.433805647929002	21.39115315334053
19.035438657060045	22.490465044722182
17.026827520625606	20.507617288334355
18.526884281458116	21.725698268590712
17.791712908734688	20.93590626240789
17.74067666525547	20.747257447293357
17.15825955781714	20.252631021406494
17.774759879790548	20.721593269623515
18.195552755060216	21.355867456731776
17.958414901846787	21.775813232308487
17.405127166942428	20.462060333057572
19.510797692965046	23.037380026151165
17.724137421626196	20.790327910405054
16.224207005429925	19.461435237001716
14.505344706735793	16.846110981740768
18.79569855060294	22.00746307049081
18.889924780325273	22.045805200143477
19.455641590612455	23.00295368526645
18.084197352140066	21.18270747879255
19.50224081472733	22.80176766915939
18.78382042360407	22.084971156596126
18.30434059742403	21.958812478747845
20.967060052665175	24.419822729317247
19.400181792597355	22.59640405334991
17.061775225742608	20.029378872768135
18.624643313656946	22.01479150079618
18.126201674183967	21.26089473084533
17.282546284345557	20.239487407060693
16.98998604104271	20.20082320883522
20.13009161655564	23.605710080221705
19.516987407789614	22.548501407518003
18.817525786705584	21.92578323429051
20.497360294285347	23.739456111964653
20.475856288982804	23.888613239215438
19.480193344650754	22.70926168769788
19.255706321408542	22.33582733948013
19.71330714782585	22.93183445373665
18.077487951631	21.066862100248883
19.065891231447775	22.37070277795164
18.88707601948149	21.83338296489351
18.666381204204196	22.00334230653799
18.968056792160002	21.995278245071443
18.813129281289005	22.378725195639706
20.778737685736072	24.086946823541272
19.440035196373163	22.97674146073133
21.597408363520465	25.188285758793988
18.26116294415387	21.512528233214294
20.505703851169336	23.773093298488867
18.871047805575554	22.072012115689095
18.609923492318252	21.945082534903428
19.282192033820344	22.528867917961882
18.391774088460675	21.535153478067645
17.968146559032917	21.403273347583294
20.133140219751184	23.384655342992957
18.07494753738371	21.100686846771563
19.075885950886267	22.226688206828577
18.6972078477248	22.01117952715313
17.35733815818835	20.87060144752454
18.795680066329407	22.36492059590204
19.918922924438608	23.2309508090819
19.08361563712928	22.242403649980094
18.296822159153642	21.26513043178874
18.193056175410113	21.127805640996137
19.025924131875332	22.178330018515293
18.005474481359915	21.120523061975046
19.66248449094736	23.27791849367178
18.969552277000087	22.77934146079288
19.089311933821175	22.5551830765548
18.892788824255554	22.031596246545227
16.448269477568868	19.42943514279246
19.344007548759443	22.472188892890948
18.523657219678228	21.529132468432124
18.641074377007293	21.74014739423294
16.44581961176198	19.788028960015364
18.304901116972516	21.674627310151507
18.897815283190166	22.320270959485615
17.65795537215636	20.757587230382704
18.6174037228724	21.835866235623694
18.64210834017225	21.860121350379508
18.803702856578138	22.042166207752917
16.980661043948682	19.86050640600249
19.522511006414003	23.084895609796934
19.692127345220804	22.909820439203024
19.365591585762687	22.650454938285165
19.86338001097337	23.022621575940693
19.695424436257397	23.17606032021233
18.373043756829198	21.272715825690334
18.171904559854237	21.220110897299083
19.109538944916615	22.25183304910194
19.982019742329914	23.258208910624187
18.69760444057975	21.82298348056283
20.698067908074446	24.212776894782
20.48196053150606	23.6519658600955
22.208967735306725	25.916966865523353
21.712029934941835	24.761337756098204
21.55717907437853	24.9042600583119
22.210288683573406	25.968401273091633
22.312276773392014	25.413200445235915
21.345017248910956	24.55657119103045
22.145026453994134	25.314242115952155
22.44003304200061	26.09770003600232
22.5805348114856	25.854897622596432
22.871973416354752	26.16138038918724
23.004832458091137	26.368468094277027
22.379239902374852	25.559847011687648
21.66076803713594	24.772755140964644
21.96415289901118	25.070875558630423
22.941648033773824	26.398371192300395
22.49266462872742	25.765796369807735
22.196735220097178	25.609974069453603
22.17172694155618	25.765443087130343
21.32802119528412	24.959673735746154
23.003058899233547	26.245798598935398
21.132503035721506	24.70906114274529
21.792322029227158	25.462854514962295
22.15391969579547	25.99395513635785
21.26029201475172	24.53294185670824
22.629242880835402	26.195130364403855
21.548096715518117	24.881186426571727
22.149295235895046	25.323998068548313
22.85417356308858	25.87028703871806
22.91601971101862	26.50899478483099
22.45031995834059	25.712323474276598
20.98901074808368	25.165415826623352
22.405669418869504	25.852175506057254
22.54419336096243	25.614692594848115
20.606522112641873	23.943904370512424
21.49990824681179	24.699163637343485
19.446806087615382	22.713037357208837
22.341765183045858	25.588113051817423
21.37723321165502	25.030769641738534
22.382229740199516	25.596509044590523
22.102133844055693	25.094431783996065
22.461725277505863	25.546005206502926
22.426816488780286	25.85982940050194
22.488029455683034	25.762619042852123
21.55151368199893	25.21010397852353
23.26756768722696	27.132248825834562
19.795370780232098	24.690360344645832
22.313848997630384	26.248494599781726
21.731850091565693	25.015632208238994
22.028892365230877	25.873487624393146
22.025718735534927	25.45496554486058
21.52637506594324	24.59913801083899
23.027928848428584	26.279184799032354
23.110407373707766	26.75730655451489
22.35360289531149	25.40238427204691
22.301159690646355	25.595584083767708
22.510733489018335	26.196557160395727
22.455617406565672	26.117678186696047
22.563921484977577	26.14708849427047
23.32156620106626	26.697520636702293
22.877858676221972	26.02970167228877
20.896423572694168	24.424188381041184
23.037529431077832	26.39737466743291
21.197490303379716	24.213482291835128
21.888122829915105	25.49254199552435
24.699131283284245	28.109000888346614
22.814389672248986	26.128195319206093
24.005793646389257	27.486603661960352
21.638266761844577	24.8754909438439
21.326486763680816	24.362026038443208
21.527322062514642	24.704167119003912
22.57378728830131	25.74887887991158
22.007578266654043	25.64083443781373
21.900775397152913	25.13365033832072
20.810476094547603	23.9568521677815
22.25387606246203	25.48159184830457
22.314056032022854	25.496315366902927
23.757341453730426	27.0964488294727
21.591954419567326	25.0234325433233
22.297670830080715	25.38210059325913
19.024639402984814	22.54214259469585
21.835470859665275	24.914895351272225
19.425483831174816	22.83802210449413
21.390114808538158	24.720673536798756
22.573697738080522	26.363445587725142
22.011669576041513	25.19462543738622
21.888253967220365	25.20277233893198
20.78765211085099	23.899027729236902
19.907816423225807	23.070775495719506
20.689807960688434	23.693221977055707
21.654161973617132	24.772231535294
23.85025872192059	27.204499349978825
20.940304796660275	24.433842618500858
20.849048069834456	24.28239304649855
21.601018836796918	25.219919273554645
20.70776632839454	23.850064482152334
22.264908582035396	25.72218248241773
23.67575915958218	26.780566371423678
24.10287558197216	27.520552762754402
22.687921586816223	25.978786405737488
22.84628730215085	26.26137680612552
21.365335436130533	25.11893275234603
21.661815311245604	24.994556759066896
23.105967207825614	26.547196702086495
23.642026212817797	26.879675599926344
20.382180379960694	24.117420984175048
22.83279123933958	26.041020482462176
20.30151960247388	23.716422826114986
22.507232133496846	25.834883268724834
21.21679792788884	24.92109574886897
21.240174390707807	24.443924806679888
21.877283515444226	25.31283145953136
20.674178309754456	24.005652241393005
21.264686303027368	25.03378133308103
21.22010238712254	24.619718474693865
21.627281893590453	25.36566091646814
21.971910253958086	25.65421889643254
22.2673903200024	25.77243702679936
21.661382644799104	25.009799987647185
23.04015052293263	26.19790184523143
20.373857024368967	23.729162689986502
21.52623511069393	25.424871914452556
20.79004653193642	23.765417258957136
20.40228865759135	23.841197746827596
22.521106981168128	25.77046368228402
19.634670678723896	22.704829748522197
23.853923026163866	27.202826317708205
21.33350157687112	25.215227365999972
22.111115670254783	25.53039243216221
27.88498305262021	31.768049250236235
28.015366363930347	31.666958999228832
26.6072111534718	30.65769477609363
28.602582893047618	32.764057197894765
27.29477973905592	30.950806656207753
26.773206352428268	30.221145988269974
25.800712281731283	29.5188029465402
29.508953177498658	32.949182427359744
25.131634772962826	28.808869301133853
25.817644645707116	30.02536911772062
28.165094616559912	31.90977072462661
25.65826744030995	28.95457893420177
26.70180498718456	30.71648229003712
26.683262756169476	30.700799057185016
27.46568436430265	31.356562187211022
20.73970652335262	24.621177189415935
30.530830822679395	34.78712991645635
26.608019689086138	30.478528162476362
28.445736500361416	32.8423856767626
27.398568799288157	31.336267779080984
26.976972579956055	31.11591911315918
27.44210544715768	31.09993442405814
27.320157771910324	31.479007953797684
26.940027285533347	30.534128140492044
27.445878773990962	31.908325403865483
29.30079104794059	32.82099125491586
26.450803596755755	29.872493903854597
28.78505471911906	32.72953268322469
28.549137012214416	33.07340441539789
26.979365850962903	30.740442727528308
28.32696061022975	32.536313010375714
27.265641834072753	30.941706035800294
28.887638217577763	32.77237688862341
26.65763394544079	30.2280205040221
27.36269018655117	30.95172097677891
28.522041059603357	32.71134402645621
28.055375143727424	31.562001183787224
28.94200519189207	33.155961955935076
27.147007087739915	30.761659522977858
30.239936045021008	34.18281442800145
29.052681647541668	32.73078278422103
27.80718914566526	32.14186366500368
28.640744648668164	32.13219694068731
27.588029865499767	31.57221793723461
27.40607102509517	31.631297749318893
26.651709103027475	30.101066089233267
29.062463029428145	32.90845944066463
29.194924117653233	33.01071476784482
30.753872270037412	34.5971676164372
29.35126887967379	33.03951824496
25.759563638399616	29.400586889554486
27.845979599436376	31.574092956105616
28.563286754988813	32.47220137367329
28.39876746928869	32.00283432209314
27.689202399770167	32.05015459485874
28.70720730718787	32.55184306207483
28.564385881849155	32.77688075023092
27.119621428714435	30.99978813244279
28.88208790594858	32.769717971736966
27.977535146563422	31.686279398114312
28.315543636394914	32.15173198311192
26.43700460972553	30.131093458511774
27.85701258673536	31.657443208552724
29.143895671625806	32.71864361975603
22.92622856375012	27.77016921762195
30.072162393298626	33.631283041271686
26.31005896428588	30.11497651239869
29.057300867295314	32.73426407411093
27.354571676557992	30.810906076127555
27.625466172609105	31.775731260862575
28.546913883994847	31.848311640907497
26.83628258431793	30.687158730379334
28.028880465562178	31.974613797133134
26.74953840543257	30.38981248568071
23.136265361891176	27.197747623338316
25.036419127397476	28.884027268476547
29.80135904907421	33.39641965270802
26.73238759536905	30.484535164640715
26.661433920485706	29.949941888230114
25.255009031599496	29.724145555192496
18.156221272332907	22.972280619756937
24.437180784351	28.842127534740797
24.721396130361374	29.706755953989212
22.86554613133651	28.314351177013098
22.767874559779077	26.3753997474719
27.425983449202942	31.14590452076776
23.563296810077254	27.510998233868058
23.981084766914385	28.08556943840788
26.678474189369542	30.30162262764706
24.52164434728602	28.706079728031362
24.851142553260626	28.528028818199335
28.150801043095356	31.6907955602982
26.05478852468438	29.969064777317573
26.24923296642911	30.04966763781894
24.678253360108457	28.957679562254825
26.659155003331016	30.0384138901016
24.36732553575196	28.34685254957519
25.108463007933015	28.90508298205722
25.45862109392818	29.318434646428265
28.190038921979834	31.946159121843408
26.680368988377275	30.5527605129655
24.483346270907457	29.09487791122145
24.712690940581563	28.487313637055156
26.084418017393464	29.44806985186923
26.289591912757565	31.197754736412357
23.977894505624306	27.73146752440499
25.877599139122445	29.156647305579703
29.54411414727537	33.05807396307619
24.18646550026669	28.71723246726261
23.59013060754019	27.29184075171274
25.99636521714002	29.537829729149042
29.04616624180172	32.5005123012891
16.638657456497224	20.630478972335784
25.52125084830444	29.967835302818607
27.699358111986943	31.15685068928259
27.839566876680735	31.147840807645437
25.052243048471503	29.495944207387872
27.28863538754214	31.180477008698094
28.6828067722847	32.522668081230925
24.35485544629917	29.088141532460597
26.754905941633154	31.27396559462173
27.723237766581736	31.564941631001272
27.31549037439302	31.309227338009325
28.81989434114687	32.57416388639219
23.49354361880357	27.145557409638812
28.725451418801732	31.953114560202174
28.041863753284364	31.63792865089044
22.228294303715863	26.247737953364215
20.338572716763572	24.742041373202248
28.276641375952718	31.954025738305095
27.449516942293528	31.175500223844168
22.295520673132245	26.348114123010333
28.15205397879242	31.957275244840393
29.7453053751822	33.60159175006194
28.693692907912464	32.58873774089125
27.57690273576481	32.23789180464046
28.010991331371784	31.94965815898466
27.496492452682205	31.536682062088303
25.537084036825064	29.26498276615345
27.302231013142126	30.964202702678186
28.052011643751918	31.94062980522269
28.40852866405641	32.20900788074339
21.867965252789215	25.93668410023813
28.482430038938098	32.1784586329369
24.021110929501283	28.07240446661688
28.051572526336475	31.755291258453564
26.248645019126293	30.001379776405933
29.090878253782883	32.85872196594368
27.813313014441487	31.969441883629802
28.05134117628612	31.855412363752944
27.664602445695557	31.989213777448974
28.26806242754505	31.997099086737176
24.696731958166556	28.338208761437937
29.098213989516985	33.021536987045515
26.601755030848672	30.27587138821871
28.029135823502916	31.943833231672865
27.82343157790522	32.427422914282275
28.992895426011135	32.616452871108
28.112256313332075	32.53926918410445
27.94156306564428	31.81333500564478
27.472250061683088	31.215188903160662
28.36998151872315	32.42389512922607
27.748228020475675	31.606401496125887
28.431107138372532	32.49288501860989
27.4082033011564	31.17234975365317
26.763881079963312	30.65022338170661
28.298884478850475	31.998249920563588
27.739617805318975	31.261356849832392
27.32137404885262	30.858120808935467
28.496279262939584	32.44917628820788
27.683786616963186	31.261668934184275
27.805069844434215	32.005415995409535
27.358122805374695	31.902743359786438
25.56820367703772	28.894595395227906
25.79625638326009	29.7648131052653
28.732440251959865	32.65344689403623
27.552992567641468	31.266839280503063
28.276863946529964	32.512299642947575
26.652665915762544	30.46832293006265
29.057767102672795	32.733385851428764
26.71597604893322	30.81716031886463
28.793264032675708	32.688345311806714
27.364823766574737	31.006924204006317
28.502745288192845	32.61993346852102
28.529976603838037	32.511969807294776
25.442953093542922	29.182409302697312
25.684688841461377	29.423444474578663
28.353905936968047	32.184181907880586
26.209524045324628	30.22015582528084
27.40534413696095	31.409160486452137
26.1757316508364	29.758258827679224
28.111553329824137	31.68841920435555
26.140919549703092	29.528605596781283
26.93540046270739	30.17130043450941
27.01076475374258	30.7100127578541
27.32252860018655	31.162292719393527
26.477549921428576	29.810530294025526
27.353920343322105	30.73129617889469
27.030830735613584	30.69102061326337
28.06644993881258	31.663025082549726
27.79411115869089	31.57862291113333
25.250181570680784	28.594342812864138
24.461931965659886	27.847253062416286
26.573374551825715	30.066098409600066
25.490704724743107	28.73907737974908
27.074433486679304	30.566881973525774
24.538875857229698	28.027505597238076
27.910431450845834	31.438086920736197
28.8120777328556	32.42044523162194
28.638068140438914	32.30113321454156
26.737834146827648	30.62349207082372
27.376457807617836	31.618939760131187
26.847379010194427	30.28914709759366
26.0016049326352	29.311713319928277
26.787339781499973	30.12241783263577
26.65575255051793	30.80317078932582
25.923791198973444	29.333924026246283
28.68359340173677	32.551445355587454
28.98493236088196	32.71256786799988
25.869468162520423	29.35217337800692
27.0351769453401	30.562301921237047
26.66673877132926	30.29375050174203
26.896482311742826	30.16722885463901
26.245482665464884	29.518452423646444
27.855263396180106	31.288863495909737
25.753522109580395	28.880646515297535
27.423743266208916	30.92349718178913
25.777553260706032	29.11664038858596
24.590257760066137	29.806030158024683
25.532375961352304	29.856675476025625
26.75363126175672	30.411444040367304
26.71285104852826	29.916654108942442
26.332470529398343	30.115544683614353
26.595386669134637	29.83198721697376
26.709864282304313	29.99791464835975
26.985195249002704	30.237155825216046
28.895797933995595	33.06055239254249
28.02125849389726	31.330010274413286
26.447036668246973	29.64385421615244
26.710520944777567	29.937123098191183
29.066931797440645	32.61939899784744
27.67384235317287	31.127329903296857
26.70790352386021	30.15834174591518
26.706260073716475	29.97297729200618
27.853428943901307	31.326674358100647
26.98824247534361	30.067448290037248
27.777820479844532	31.156034576918163
29.443487412357534	33.11351370153407
26.342890982415266	30.07885241052907
26.917683520387946	30.312306485105218
25.754349084922968	29.37879338639051
27.04902730929624	30.517644062163722
25.74487932168754	29.459750576383748
27.1679261970925	30.74258100505594
28.176169828751032	31.96651701512104
26.855080523561774	30.371773800779046
22.501159354126884	25.738302544676827
21.550112171537556	24.745565013521038
20.78763128389978	24.13314508328772
22.59419041935299	25.85970896419193
21.917190993161213	25.26259950366496
21.498071079294647	24.626406307179963
22.5367165705201	25.99144733939201
22.958984822477756	26.665441065583767
22.509419576883822	25.847044809102506
21.246733620921013	24.522639319142463
21.649190125192046	24.91551858452475
22.273960482036486	25.47151910170375
20.667928379812057	23.644850093088333
20.920895531931755	23.87255196257508
23.794448054773287	27.01440890933804
21.070757497394666	24.428756128703967
22.070179548486276	25.369544420019583
22.23934653458322	25.709700554039827
21.71304825460835	24.885321343780323
20.99041102747502	24.096356169180254
21.41530069322849	25.098313961312524
21.51093873552456	24.54246893354282
22.436496872304605	25.98284516871102
21.897053493815623	24.943392978352346
20.801252585814005	24.068500298097128
21.794893110886754	25.15419975410348
21.125364589083727	24.39603014053053
20.292329994736203	23.35545900672864
23.885620514045602	27.422751983512992
21.189597793951663	24.440420440301267
22.60649490558924	26.235094068409783
21.919663520375636	25.216315178354833
21.18857741912712	24.779037708436356
20.382996198731117	23.362813356322594
21.629243627981523	24.891935571237227
22.501041758591963	25.834516179030107
21.787455913114446	25.049831989717585
22.266768259101106	25.515351491875457
21.303555069455676	24.62574333142323
21.63210766786223	24.799788541854568
23.100104520275334	26.34466247801568
21.882052668593744	25.23818849656739
21.467174768954074	24.818114995450223
22.19624326588495	25.70135881541388
21.810979636611453	25.324388710556516
21.32267722962009	24.520426179193386
20.703204487033204	24.200678493313475
21.410860195281398	24.631315097687352
22.237481198239983	25.816124835085212
20.996322471877825	24.665968101242292
19.781319022937943	22.57040941639311
21.63140359906887	24.824382152273902
19.47709008235081	22.8677242181863
22.075295104089562	25.40501152127665
21.794362728256583	24.87187987123072
21.656585221584184	25.01652764767851
23.156565988139743	27.43957201234854
20.80151046056403	24.05246674280511
21.988797226276112	25.420477828655528
21.378063744547006	24.451770239827994
21.105726106404752	24.518207685709505
20.87946065874363	24.129505787179223
20.78679860068481	23.995513792503665
21.13633812258451	24.461409680149863
22.336068042018105	25.905280224583457
20.444747811416658	23.404693716903655
19.154807483567808	22.31836184321442
21.44972411842103	24.70211799888854
19.733987976284798	22.884494613436882
21.53406847409129	24.953964820586446
22.16011626452144	25.48777954846684
21.398783985470004	25.28065555920773
21.012009029428924	24.107919330556427
19.74864375161011	23.02109921408813
21.352401162408718	24.649174307561985
19.665785659903428	22.956755767708877
20.611422226940245	23.710151030506044
19.41968938701978	22.697263509098384
21.53367405990633	24.8136293305966
22.528244200785448	26.180415924946974
21.11211929604759	24.437397381808854
22.715377017950555	26.266690090203742
21.657994574042643	24.79682224419466
20.835611189500035	24.275026475294887
22.305464752667017	25.74770259047263
21.361311953032345	24.591635663544803
20.720795501822373	23.954545150643447
19.94268245454047	23.47143535856988
19.935146431001634	23.187402626005202
21.131588208953794	24.325008165557925
21.011462114419146	24.22021780196269
20.434127910881287	23.729989902229065
19.45056835709104	23.049006304163843
20.44142229035655	23.97071378752431
21.24913269496521	24.435635981792604
21.362182254750763	24.594854717295135
21.005332600538896	24.214063990647627
19.91633128512437	23.1086740554518
22.974320452177853	26.25042052987781
19.713705473897818	23.046783036234018
20.841165589172622	24.499294234435776
19.377897367862126	22.712728395077328
19.877906951175373	23.136278000606854
21.920372361590147	25.141872053693056
18.901873220050916	22.183577906047717
21.272489294631214	24.534294381516247
20.454196729477804	23.760263643447
19.015725087208352	21.931405116038718
18.632584480722997	21.878138633290675
19.312682291504682	22.43069920873946
20.731357345662047	24.178503265299867
21.012034851527773	24.223370116733946
20.55692745419318	23.945767629424985
21.43921229692528	24.924152876414563
21.38048290042108	24.953465234954898
19.323467714265146	22.7029776745288
20.18267361424278	23.728527862808
21.07540995401435	24.39570706563897
18.862602823099515	21.7415937253624
21.35245955724372	24.85137116175042
20.70689087157037	24.25249404664252
21.59341657237642	25.095855354503463
20.87077089985971	24.28076604166861
21.541205019454793	24.716329007644816
20.517512817544795	23.814545135336065
20.533971903936624	23.568559529168844
20.86312774488121	24.461832963736953
21.1486515016819	24.52961120888939
20.903634603868877	24.63508075867995
20.215572168872615	23.538015553905705
18.587626775105793	21.846649805704754
20.721707702442338	24.248942016795944
20.624526019815175	23.714694027181896
20.08627550364047	23.263476922506992
21.28469109585837	24.45252585360452
20.81219029072237	24.346499208178997
20.039767125609576	23.349515100952924
20.098801687771093	23.339285775607813
19.242253453362014	22.173645823371384
20.999966121276724	24.18627502862562
21.474464191752634	24.66004012648467
21.1661244572601	24.340211754898103
20.588349552923958	23.918244151299675
19.631211333467196	23.17927259902792
20.069159315396774	23.36516304178096
19.749439356939554	22.738250614984274
20.948268096664656	24.211834747573626
19.82567418456837	22.89870440124706
21.242032045012067	24.792956358308246
20.57301827043991	23.920046609931184
20.165208030911263	23.557947944430534
19.60161094706023	22.597075652671215
20.37044073619154	23.58026956043932
20.77373758951823	23.972997029622395
21.431069005573377	24.712773691570177
21.932539711079528	25.22137569419391
19.956542867510688	23.772098642499078
20.30755136169952	23.512391112665714
18.22137476481703	22.07398007832262
22.08779650483668	25.325510685104728
21.22391058684914	24.61385224579246
21.21349105510995	24.37990036334708
21.975301663587047	25.204807360460805
19.55691538241765	22.881650825468093
20.84346722037929	23.691648975299422
21.032463371374046	24.384355247400368
20.88718025952641	23.964393684565387
19.8020239139565	22.904522869490766
19.73854357725496	22.63623135560637
21.385865744005596	24.396334115613545
20.358769522097965	23.394146813961605
20.66074770828215	24.5257204161075
21.17987883217522	24.859429715798413
21.8236168417961	25.137179514405073
21.370081034941784	24.53729620810021
21.42920725715135	24.84920079338576
20.890918219418538	24.375563180117595
20.75212760690418	23.980086367094845
19.61774268828633	22.516710131537888
21.158793524318945	24.41072170395254
21.241480703819583	24.714207772742917
21.317351608519342	24.73511383032343
21.288330823246334	24.36794969433179
18.68609646070282	22.133290975210265
19.57304866653086	22.87456791061758
21.548109720720102	25.137355138288687
21.324902417047262	24.47584640802598
22.801581291636083	26.10054120592251
20.733310741983402	24.05028720418359
21.245204496282426	24.408787202936324
21.011337772296493	24.08356617362636
21.191140229534952	24.88879675166622
20.697117238540812	24.417058557967977
19.330649430584756	22.509507124591025
20.21460921293611	23.37741845124846
19.50492699536042	22.535331412232352
19.77068700405696	22.904234031709642
18.834195928715342	22.178770227290517
19.257795607208447	22.267944062591358
20.91856715937329	24.39370777348804
20.46757592162762	23.760781393435856
19.27737972640181	22.439707065590376
17.73041183933331	21.0948654891579
21.261823111532095	24.673101967813608
21.3925203922701	24.633024727969158
20.68372304070021	24.09585230720018
21.199468888041828	24.424062453510906
21.204718988665604	24.48136575864885
19.367257721611395	22.658268325141535
20.232851077037253	23.556108426136575
19.882894878427948	23.188613529164826
19.219686524377	22.59082601834761
19.631116326447504	22.59308296859644
18.501012621918047	21.49105090042082
19.970863779638982	22.998008290673518
19.2610288223137	22.563321534741963
20.300519167744177	23.5142639285693
20.343770146623033	23.503157496199233
19.674814143251716	22.785242161679925
20.180147156847003	23.455032362806318
19.4987187253948	23.047719491768287
20.087873521630677	24.01197808664569
20.03980055685509	23.204982844634166
19.91245559927258	23.081744153535038
18.216072301196444	21.432906885815274
20.000327843263143	23.13414214269877
20.860499661439544	24.271750170713776
20.09075956688818	23.385957428351077
21.211973508199055	24.663638750712078
19.26009038451371	23.209468331306603
19.52268982338551	22.831676479104726
19.40691595624207	22.622827238338008
18.181466432640253	21.60563912766248
18.032022204874934	21.091879162312566
19.05017802770983	22.036215328613412
18.568154507128803	21.458998508007916
19.646798911368013	22.985618767464995
17.937097051341063	21.049841425221437
20.522626129684934	23.88139417976331
19.31895712834255	22.34464379328831
16.12583681377889	19.457893883852947
16.140159149331904	19.391415099935674
19.16734311130143	22.44028857204818
18.282893136301873	21.493948981007698
21.302487172898214	24.59901734370335
21.22457983336884	24.40935800232452
19.424018244328266	22.54630341094517
20.183081817221996	23.27587394754851
20.652027233391053	24.172956363410705
20.652800250205264	23.81720097049786
20.331922640466388	23.592103848791425
19.731138966392308	22.837987162758083
15.423831188501573	18.71610525864198
21.209648901742987	24.554717248159356
20.146525099525533	23.428424165000834
17.907909265749016	21.178720601804695
19.2097990497662	22.208965064613682
18.952249211110885	21.879579859934037
16.821599456155376	19.882286575949117
18.924157875611776	22.36696265356303
19.09076820867583	22.125610956973585
18.508867000571733	21.472830081947798
16.732808295328905	19.494248207966994
19.776124180755293	22.994505702057207
17.855185188811802	20.67978223367355
19.224184728731775	22.675343774686194
18.537841341298098	21.469484784800535
18.03548603098357	20.990896415305492
17.39851264994109	20.49697418172395
18.41859110247051	21.52475492108906
18.16572632151804	21.188096386611843
17.311312705847868	20.377308815148226
20.31706942621057	23.60591755804236
17.869079077572835	20.628931557803142
19.206046845502915	22.293558333330093
17.47063426809453	20.539663507174026
18.35195983797628	21.723637925085242
18.06183105517345	21.09028762768788
18.194158841596792	21.332132051957895
17.878157435455645	20.774735630950605
17.201747772799934	20.074482085598504
17.785071370961052	20.795952798960823
17.080649758600124	19.892956351019016
18.541629645475158	21.610492852083436
17.69280141883089	20.94088655419157
17.579797740701405	20.538358692404064
18.217048037583663	21.52191222852962
16.164594466013007	18.920292084890313
16.882033789486897	19.954691445498455
18.93595516099545	21.91549289808658
17.970996876937317	21.07675168873651
17.364202161250347	21.03780017334438
16.92692039878505	19.70453025429112
17.46582508694594	20.754652970915387
20.071746514354796	23.218159033740907
17.758721786952577	20.783136886143126
17.750115631492275	20.66726565512882
18.292043175666954	21.258711371452186
17.720644209794937	20.694686677045883
17.52200966124322	20.991318891002873
17.54080354888981	20.911627176207848
18.817381696842784	21.755690736628896
18.03286435396555	21.3037445327532
18.532791518355126	21.605582810258156
17.851895623905644	21.14982289721252
17.115646718667065	19.999282480551685
18.123534087162867	20.98538314916526
19.421933554793114	22.23341808400083
18.88293766823544	22.11670756491886
18.198743735149407	21.036684121295906
17.245286443430906	20.15966655949878
17.874638905697314	20.844631800479444
18.874003404264997	22.020569807404925
18.671751115479033	21.967317488036592
21.186634750123236	24.551404266600397
18.349863052368164	21.31388282775879
18.447673506038203	21.876964860661015
18.91660934496837	22.0213598627953
18.238340278593093	21.18496714023015
17.408765515450966	20.69503811919259
20.28350375311137	23.78535534723043
21.734834478665817	24.933563424776565
20.866135700493103	23.89306153461432
19.878444457003518	22.701919770291404
21.869818541654357	25.177100327364197
20.520146525842623	23.690516315954252
20.80538689558673	23.841873770306826
21.50100071617499	25.158100770031066
20.61730632255538	23.586436658401652
21.00681859115633	24.260070980987226
20.149122142994226	23.2614251134755
20.688241420025026	23.731138767963255
20.22932680903473	23.58127537907562
20.374636909258086	23.960772255170625
20.232613682999986	23.186007380232436
20.264137867403132	23.425711986112493
21.029261645744306	24.2928647428055
20.94710186028936	24.748241157288764
19.94932404900812	23.146125398623717
20.070689689328464	23.62383316833755
22.400156632603608	25.59336601143936
21.10204890629795	24.22799488642666
21.109744385802315	24.24123828021331
20.289636204956444	23.782696177245704
20.644034383656365	24.044014932749885
21.697766960046852	24.93767195902053
19.193857936089714	22.139140339667122
20.318566014559153	23.239648173062918
20.140422871664576	23.544610926553197
18.407095091105013	22.109023912190885
20.591777912876914	23.82607830355375
20.44328845686214	23.41550861650212
20.18238853851448	23.382089382017746
21.629581684266434	24.756803279722824
20.942237451071446	24.03639833689242
20.333233596413	23.28690266457333
19.791767669078396	23.344777512196018
20.10884340654766	23.466777244697457
20.687783225073684	23.96756841372026
19.91636492492287	23.048814518436505
21.464231859599963	25.089036573017225
21.135891398047185	24.30036501064422
21.127413535067483	24.34189531808193
20.216980828854183	23.178307638553044
19.656181369870584	23.450521434694846
20.6183137124258	23.850548821143537
18.343512832738792	21.559982955835427
20.950062974496504	24.052193418936113
20.39091472261271	23.432419017621665
20.985216655042773	24.108449421617383
20.496784807517017	23.71857201926521
20.462344183790204	23.529393181932452
21.232853579673037	24.72150356754376
20.643934010953153	23.663538218050753
21.374368756693134	24.2944506707971
21.858673322479184	25.20849586697394
19.80759042185077	23.36410719472638
21.23310737650359	24.755000304770824
20.298553321012268	23.47804274832367
21.390039267813325	24.522865471566558
21.901966131416856	25.124923669608535
21.219216852937283	24.356327504362522
20.119436634573965	23.462775813546152
21.50429239900755	24.86892423002077
21.494951183375786	25.359636371555855
20.682360398035392	24.034632933873787
18.35223475332726	22.015235034270397
21.233033253129122	25.041085170332792
20.574191735302062	24.334770514453798
21.383431499424507	25.07375424581475
20.939708926368922	24.47997071535471
22.59922070513359	26.46231036176094
19.222654867071	23.582145166498336
19.655208273804618	23.315782860838937
20.25648499345071	24.806892386920385
20.96600268094656	24.260216496299535
19.61300242073723	22.981655477211987
17.683129270112186	20.895829241240353
21.33999840924694	25.164062335992316
20.742192954774115	24.242384224180963
21.273153505507548	24.600845136460226
17.889981962313318	21.46511866940055
21.384681539677256	24.611000223018056
20.300341442132453	23.867253467535516
21.73745578312317	25.755008282428587
20.704783281702905	24.316123166661352
22.65974993209677	26.34244733352823
21.654242015441763	24.81766273919691
20.837114350304734	24.20443914700972
21.12728149875714	24.76639335170673
19.422690768150765	23.029802899451774
20.43106688157262	23.79647218092738
19.42198966566924	22.896875156718455
17.92158738518976	21.530376039492857
18.956976309450315	23.04118882116492
19.474820481237586	23.595207823816125
20.410015019135365	23.937593547148815
17.524286762164657	21.756183132244523
22.08595845451274	25.722122218705035
20.061012452321954	23.763597304147773
19.11478852517033	22.364894397192952
19.522497573982125	22.929929336418265
20.948971003230717	24.382947713199947
20.491151637585553	23.923168354479877
19.372930164296662	22.727672939341033
19.74352064760374	23.064283460062274
20.65001140076137	24.25485577147984
18.521223058113375	23.1824874979169
14.223334452149215	18.031811574462115
19.59729522251526	23.33446747279724
21.843826214978648	25.378507693102407
19.835041418703245	23.3775669186991
21.040384537601675	24.683707945918833
20.734781649968173	24.137281033137295
19.06042002011763	22.401240365014207
22.2875881397547	26.45001409413202
19.712729897468712	23.43089345458207
19.475818595562266	22.756097832050038
19.843826158284635	23.24867834305814
20.676916816938203	24.384482642900664
19.599691158140793	22.812496418153152
20.833089816342493	24.337678921450475
20.65281814324122	24.37936836493749
21.689530407040994	24.856352771669943
19.13528858881341	22.45896304387702
21.16124917696489	24.429391844763625
20.93319484686396	24.360906868223932
17.40470744697911	21.2436899986996
22.61553414662679	26.128234545389812
23.07098850525615	26.719948918449905
22.696063310983583	25.988762586233214
22.93261706398804	26.22033131552856
22.211132527410097	25.220386027277403
24.264310603941574	27.72507118621956
22.887807497806104	26.297895779781786
24.02845951047926	27.678764381732655
23.307272010041903	27.135713524626066
24.408284843347634	27.87707167825881
23.261091157382715	26.648643568569433
24.025846515744608	27.59893413916262
23.32802624510099	26.717271377579674
24.586431794865117	28.14948052813293
23.28741063686946	26.451475242647142
24.06415999872163	27.399861684017626
23.85768226453453	27.738675081046523
21.793157067268517	25.389250311881874
21.651027236015175	25.45735403534713
22.859118465658458	27.230498309854237
22.75448793666378	26.192222649884073
24.10704473224162	27.75588365826131
20.4925310292821	23.712062629165164
21.993778783551193	25.541625421771073
23.532543419273036	27.138246299354893
22.024709636744927	25.431631153049995
22.999677824113526	26.275247407820068
22.374408148909325	25.555918312882667
23.897727992630816	27.566709492110395
21.405211742263436	25.18079823698461
22.732085584328686	26.34242117531487
22.870338731510625	26.235023206965938
22.75019681529634	26.26407968922026
21.13237342915464	24.22413291850161
23.28082536790528	26.920844325087884
23.135287477205768	26.484486387540326
22.8434348440474	26.603985276191857
20.416710855601448	23.764929769398552
23.668214561073643	27.150219200523036
22.70339998824328	26.018853811195196
21.765147895570014	25.765064506773736
21.67322740939519	25.12766255947688
23.56572223266472	26.738473171388016
23.276447605934873	26.568422007712588
20.842358259132208	25.20779738051623
23.10542886981033	26.54068929425217
22.617778834770185	25.925250950386065
23.5817508515279	27.076244372471123
22.51620098689053	26.249080690355562
21.841459687348383	25.106694762114508
24.07441776623898	27.837199512813754
21.651495186386594	24.939691337050906
22.989321593266382	26.3585253915969
22.313823675653737	25.59222796008845
22.61939427199637	25.956367523047575
20.508576972216304	24.426777260571782
22.340499470947655	25.90603869128379
24.1668608355674	27.62355969665916
23.885805532937344	27.040118768210117
23.27860485165995	26.50826038271505
21.22833361089103	25.077950339914633
23.472654000462494	26.862320288477935
21.764938085195617	25.104090006235047
22.391864102357513	25.970961291319245
19.866437047403583	23.291966349202863
18.450363489219843	21.464456228187384
19.835161976500427	23.152705378846253
19.061630078941395	22.570762804359386
20.91462166294171	23.962455439719424
18.700055025185748	21.897366620932416
19.62101370817537	22.802896432815842
18.565679025751265	22.114056157964555
20.53190010419064	23.922748867366977
21.641184932360478	25.085326069226436
19.693133400757095	23.65834517590306
17.97443641573507	20.83494506925028
20.29918760959763	23.587885907248072
19.842069399078433	23.24807571200555
18.84740926050077	21.9517831680881
19.511209526385976	22.68158336607008
19.365386489090646	22.789356705489432
18.32684688001175	21.25308819384079
19.420964273424413	22.632740942029688
21.44422072918805	24.7299182936391
19.817581259774048	23.21966353697888
18.26848404270828	21.317350460465548
20.102530570546534	23.84168711133823
20.369780799638946	23.79951355766086
19.838784130768666	23.059279528899303
18.085258696489273	20.99826600749022
20.64021598913108	24.076432112675562
19.432335201595492	22.47688072552853
20.129574575241964	23.83046265620335
20.496050988539515	23.8067425142681
20.52085734932286	23.989814266277726
19.661092863467594	22.797559632870296
19.338587651586835	22.73314582314461
17.960134445481998	21.181779922193783
18.8095680913095	21.78349717053132
20.44557966649406	23.888931136728598
18.227802857724978	21.18361414972131
19.631584331488153	23.100881412530402
19.788305584285922	22.882442172672086
20.526478684378784	23.679953658150513
19.428345805773564	22.449055546155147
18.778811424401155	21.686631233069548
19.50814753327906	22.681011860031486
20.155852232769035	23.537386979267097
19.552370247567534	22.992267432486177
19.52689346791326	22.50338187693537
20.488752166683255	23.913896759097995
16.478545691050794	19.579679940663073
19.326146283726782	22.63085254134646
19.116772337830497	22.439746216857003
19.453109646045984	22.515821552074133
19.785811325040846	22.76104841617009
20.413534662526125	23.736184575755125
18.916637507720104	22.019002827362904
21.029777164418732	23.99160612110373
20.390281768361476	23.74606123395786
18.986012987270477	22.71581501565921
21.23576764594724	24.336942391284204
21.028656015983305	24.069265355476656
20.31535128372743	23.632040226282335
18.97448865926949	22.171848849885784
18.701427639922773	21.36477070907625
19.068055019257176	22.01787294399966
18.889621398504627	22.3618625187317
19.948915959416933	23.213754176081114
22.289568145816745	25.395185272152005
20.03052914977833	23.061597696535145
21.593487927868107	25.021151354358455
21.092085496129	24.121262892542877
20.349348062162946	23.871662145966937
20.375328821234895	23.631541448540496
17.503342683148233	20.88819402949825
20.205430051070618	23.34742448689325
20.279335141435045	23.326188921675307
19.565877805090253	22.87841998543709
20.29059000885917	23.22591046416329
21.009570933704417	24.09915175306316
20.831716098096972	24.07511182853877
19.753360161103007	23.08551847048879
20.73791293126003	23.963871202651102
19.470146908122263	22.90940021101836
19.821071665251583	23.533954579865604
19.630402370622964	23.013322070905357
21.4170643205096	24.873751032883956
19.889692130362153	23.18655031653726
20.97798932838845	24.22813974570823
19.610584554651993	22.606887521764023
21.939724391686184	25.392175251258152
20.597548586041558	23.768610853045356
21.635000423261314	24.941152378252358
19.594071706136067	22.540289560953777
21.513751074513557	24.787680581370232
21.773424646656984	25.126592138010984
21.442542438547576	24.727280254323517
20.401527350115927	23.24416928989872
20.18378763138109	23.311402035366957
20.966544525891607	24.408802611559565
21.243769179990085	24.386832702944485
21.69133414331262	24.7493930905741
20.455107296095278	23.486621295823667
21.068232848132997	24.145498917614074
22.263217397556183	25.767988733425263
20.151641554133906	23.24523954938172
19.98675741815263	23.03801713323897
20.889621892552466	24.119941553492456
22.390635575458504	25.703894530132317
21.694993025178363	24.99907969821031
22.355810493420645	25.639924675036387
21.681956902684174	25.36535488015274
20.96640787104386	24.12165250798446
21.18873375287228	24.606285396907992
21.743110057401555	24.80330717892657
22.437763827621556	26.16203818959036
21.00611589314325	24.013413449508118
21.03745594753581	24.172663299900712
21.866168171989944	25.392653315436814
20.30731347968877	23.42482420036494
20.122077725242406	23.310941912819118
21.30772580513276	24.585409265668023
20.14459571716892	23.81918182494534
20.318677308959312	23.549187299805336
21.335849656674007	24.539409742740055
20.34148733175484	23.500700549714885
22.216999669490093	25.301226954045063
19.140464883954156	22.53087224373139
21.17881342408004	24.423954520255897
20.866540248733163	24.260657016891837
20.309597377817596	23.55046617503885
21.729082170312317	24.89024728220233
19.941652350618075	22.789716667936613
19.710965591884218	22.865080398106016
22.26184258390131	25.50700392793951
20.979759876388908	24.036296184402108
22.891444370245477	26.099434688592414
22.082355560011166	25.10918420439313
22.060107427544402	25.6550910893013
20.750224283546398	23.72798425832372
22.58320283383574	25.96001577883516
23.29252973382387	26.509481756044295
21.352444239735856	24.362122944712386
20.374647128354212	23.32610512994657
20.3905436886344	23.54527402987146
21.433005215509176	24.660243151800394
22.12638695629792	25.431449576294852
22.659533990669654	26.015135275077416
21.113855588714536	23.986840975006167
21.30901188860527	24.405347394841996
21.918518742684853	25.080813685293663
21.523590500947016	25.418250624541265
21.68498757437283	24.79921004220432
21.302945276734174	24.653658727172076
22.20494583356659	25.196284024831847
20.0095154100163	23.002157563616514
20.38964377036773	23.598853010027778
21.527829838406507	24.57048826156908
20.909957910039623	23.960136389276784
19.396956779901135	22.568010947759998
21.539251560365066	24.922057872618332
22.612663528215606	26.17400334190158
20.519817953656435	23.605920190264463
20.069086722760698	23.10543186244438
20.038614860259298	22.985448250092265
21.409493286391985	24.875052612045515
21.32823230557128	24.813270074799814
18.903091782976865	21.666827803204775
20.25470001277397	23.71287696781685
23.088970643952646	26.29300452999755
20.94895757484841	23.935893880840066
20.333140998888926	23.30131563563256
21.37632516792119	24.867676220628613
21.378005985494884	24.67936324668285
19.918932131141613	23.29151327291112
19.561415876805654	23.037617478907237
21.704468909342577	24.75964051143379
20.15060594481774	23.555559368902962
20.105521872291646	23.057449624290385
20.92443431967636	24.092848166285552
19.92153357244601	23.31931115411649
21.650174902249802	24.738277627657425
20.501348171517602	23.48642572374607
24.28431236769237	27.80991065476857
20.334660967444158	23.249271909142756
20.42067885955681	23.377899402772293
21.37555508704702	24.572927426380716
21.116027248892813	24.137024508919687
20.34000949292679	23.285324293083953
20.668755482716165	23.84383492560903
21.20550337667931	24.256244746489635
20.992641918725017	24.231303698950764
20.986039842010303	24.090851103424267
20.350240357109442	23.50392185907708
23.244371642985413	26.67512489326947
22.94736478890583	26.262567538364678
19.87132327571796	23.10820324405743
20.93216757764229	24.006104898554
21.883109248620944	25.000073277013822
21.38948551712522	24.362313112635523
20.60658467651173	23.61095034240917
19.51270060326643	22.499985172490405
21.870219064619384	25.409606145951905
20.340105567008827	23.23662706848922
20.536580654719327	23.63051071490958
22.32726754555024	25.583970171124566
20.006157917581547	22.893980937398922
22.174960885584483	25.536604132115713
21.288332098861662	24.378496056655916
19.953377221546862	22.925241018809583
21.290626291003704	24.430130239758014
21.02885411701891	24.233438744919567
21.064010249581308	24.301023853812247
21.626844515466388	24.84506405386955
23.184766986061305	26.873801968406468
20.525424890457444	23.618719167770095
21.486480874873525	24.394195394657725
20.321415662259305	23.453553438692843
20.94505160426891	24.381125992776987
22.526778960177346	25.731724000027732
21.701713148955328	24.791763718720453
21.892745603168592	24.993252169048205
23.21871383934264	26.516155163953258
20.698975419289493	23.972746992819882
20.220303047487942	23.40010024230698
21.5925599359403	24.74704730282923
20.455974501915545	23.354423599891096
20.88423450332285	23.88057796615957
21.93438226047848	25.159846484028357
21.194717443672715	24.211681329520644
21.72629314066245	24.930489009606106
18.735157197195	22.14019566230207
21.287892436778723	25.28046312352401
21.839904173670806	25.120236054600678
23.314425808608913	26.73889412242136
20.897192351630792	24.747295029350653
20.713824264056615	23.844309814922877
21.45464488756378	24.47336223829071
21.724098918291162	24.92026448502915
23.747761066299084	27.75032204832494
21.114139210646318	24.33812938981755
21.96257859329256	25.580134571990644
19.065253316470265	22.10461133807075
21.708592593037146	25.166477978862268
21.54509006994292	24.925162920779737
23.36398842076587	26.940315702158934
21.328511997392983	24.534048274823814
22.536103167604743	26.151978573728265
21.889482943621918	25.14879754343863
22.254371256332234	25.442846684951945
21.121916428746186	24.837739332972564
21.707987680050472	25.478030310061833
20.520608582061314	23.518774352509
20.90290397595448	23.8330045323463
20.608005667441464	23.805868005043887
21.008303909544733	24.250590057130072
23.09862723623871	26.320199820646057
23.690562438559887	27.164824295448902
23.348706356785605	26.974013217189004
20.97031189985336	24.26898024492203
22.57121314314014	26.064969641894038
22.18063103621173	25.3201147371037
21.39797694819748	24.630009578291777
19.786837539348888	22.901177444781972
21.025138190850583	24.097176262274417
21.16100235349813	24.430914684465737
18.879747022235975	22.182432543193713
20.870721766396947	23.928630879477076
21.96893871210183	25.12642681219016
22.18502852567442	25.655795601522847
21.16817225114049	24.436302770221815
22.646066841805816	26.139369788443208
22.182543485281066	25.67619064557831
22.95548842160818	26.873405239890843
21.291742312680384	24.83829308771024
20.13886423374184	23.83084325527183
19.46961486921695	22.66034995927426
20.089350487775864	23.407651160173355
19.37150613416279	22.64160879503643
20.352028362816814	24.00267744773006
19.506908692118976	22.75820513844743
19.567618700096308	22.82775941269666
20.069462381350768	23.359553731930482
19.68929887678466	22.65824293229737
20.88444732860395	24.125287778817924
20.862727979186236	24.170568605896772
19.743032267139217	22.928146550609807
20.841866687604576	24.134667202165932
20.62041711503533	23.666173461136545
20.454693686936817	23.83481513264326
19.458468491864053	22.397000258135947
20.52100321897276	23.959345368063374
20.501903361828717	23.678335361926166
19.423743227737976	22.39670850871222
20.926622076905204	24.392647103392648
20.624435131210685	23.896501834731698
19.95689035524988	23.35771726498938
21.11285881074877	24.338545760784434
19.96951903405969	22.947469338743044
20.312026013740816	23.319619188895903
20.642584114317682	23.818113059754584
18.545854876248953	21.459352185518625
18.799371648492833	22.234344553289393
19.408864446506378	22.963226846828583
20.20352679655557	23.634442029738377
18.600472498851218	21.864602040333352
22.10255345265577	25.587473784282707
18.122413072363333	21.224110212548776
18.73836922291231	21.973224405017376
22.24314602772901	25.541146193340325
15.816932121406442	18.75706346880352
15.72205510919008	19.022930471254256
19.474116177569023	22.681393771161446
21.17106527178657	24.62050729901421
16.174892087397808	19.40598521667934
17.270563726971865	20.696174020220518
20.615258322146794	23.829926385494808
20.07430598184055	23.160873919282498
19.628644194066396	22.597491059839854
19.64307130015833	23.174950474133663
19.7077114546628	22.646927598681927
21.957797157789745	25.077919852708302
15.950054403576376	19.089542154040814
19.40651364336601	22.82328371991524
19.165338842225935	22.139640482114885
19.27123778235887	22.40322167503859
21.40262793279757	24.769887936343054
20.64270877230699	24.033415800446917
18.390781335769944	21.58707243925447
21.38803869194792	24.760360661079424
21.698330399337088	25.209479811844552
19.421561903255	22.599083238346562
20.549429695064603	23.602641304080905
19.244119765652215	22.40242182980677
19.257459545337976	22.243877506053625
20.134146050536202	23.591796561158134
21.409165669904898	24.75885457850819
20.483210646675904	23.593468583060424
21.93425587129694	25.386087146281184
20.662019079657878	24.19376056816927
19.93312162654415	23.388022477459756
19.86533429212631	23.497788647937167
18.8347106192522	22.212673642832762
19.363688130793804	22.363992075505024
20.59325176490087	23.815172612540536
20.300822102087064	23.714619792444186
21.414417969446525	24.72091413809742
20.644254670274737	23.804698958265302
18.699048744898185	21.576391471166268
18.58591281380623	21.506585965490643
19.725252337769593	22.71912556140033
21.039876561255973	24.278238673119027
19.28411683003614	22.606912527874016
19.671070645569237	22.65486853289756
20.265150047917782	23.407047294001163
19.880289749987817	23.056199355236792
18.577264133785434	21.722899135257535
19.276688685083087	22.523518452978436
20.03540324557359	23.44136906277602
15.326582343715012	18.62009963260335
14.901623201471478	18.001773404973832
17.312524860325386	20.711023265895317
19.566359364049955	22.545281566125826
14.814392747899277	18.018880186060684
14.922562941371002	18.00071586722275
14.7040648045307	17.35463957169
19.34421092841276	22.46015041497103
14.657908990378086	17.843622610574062
14.993853476902988	18.374418350794766
14.500724532295438	16.670556328605443
18.931218489466705	21.921633378209076
14.536546603889223	16.35047159984613
18.30064320412411	21.61070704612003
20.9653827480956	24.241511172802838
20.947514043998314	24.187524331856178
21.42262759077068	24.640648700122874
19.68908914537693	22.99826208142971
20.339431687778223	23.593469694668066
19.712226148876667	23.21983218547392
23.14149335994842	26.704238375281072
19.823400286858757	22.988027783209603
19.944844982932835	23.370220400978297
19.78985013779561	22.924219228659467
20.562529715762775	23.94487842632707
19.68640334742844	22.783014224593046
22.818122653191764	26.04378530579261
20.372106910511185	24.175906776622604
19.968726735206168	22.924801249412972
18.936990276263778	21.972979053570207
18.10411585060654	21.626186960062405
20.570845618116376	23.634079918993
19.54513877010143	22.422360009195444
19.463283241174782	22.722261726476585
20.110357199504875	23.108514870807625
20.137077404435274	23.371017383162382
17.83656143990292	20.862430335609776
20.24415261578408	23.239394594909278
19.655612901011345	22.555770918568733
21.09617533957123	24.34254345620514
20.271319136244983	23.24511457957533
18.739130240843302	21.731719750001425
21.42125555512252	24.870482955009315
17.689929595671895	20.676817306793925
19.684065164780666	22.701085744643162
19.583928205405073	22.57024087723653
19.270537427023463	22.39053053562302
19.125198846156938	22.036914343540328
19.235553008482462	22.439858215882772
19.132018872886707	22.0155412467422
21.29055890206825	24.665675076203236
19.94422492252034	23.158581168788253
19.810140676559158	22.99202340119963
20.00823099699243	22.967784093949952
18.927342969647384	21.767563265093827
20.623313247777855	23.935150802515114
18.636558530690056	21.72564125263514
19.51679765292287	22.5494617312324
19.057925436906753	22.243683602399887
19.647099636669118	22.746865130786937
19.442978615973406	22.500993017937727
20.594180481702153	23.765595061510737
19.519474153052975	22.556527967918704
18.782741281383863	22.00909641087688
19.648825823627966	22.69472390476559
18.95824000081186	22.177500279339508
20.394197148122604	23.565668421945755
20.454529436277483	23.562762586427596
19.61660286119789	22.682173765389024
19.9336155488486	22.88642610764554
18.99376682111412	21.823810540946425
18.447671724226318	21.60749642762915
20.978112982083786	24.30272693796016
19.530935615490957	22.582353263903574
18.713494460800398	21.713847000381243
21.32426893432682	24.342233064574547
21.8592492081304	25.02511587365671
19.67389575083544	22.971507157489754
17.819798836029765	20.766672721587423
20.113641246868546	23.01522876350743
20.1318019595622	22.999356869173152
21.633210255082247	24.682137416426542
20.758575854534303	23.666051449542845
20.953279464867464	24.057556182715544
20.84571442735676	24.24428572523113
19.448629644519457	22.44786045252644
19.417463648850752	22.43431819624202
20.3188353151779	23.365000668098467
21.08917425038202	24.09074976084845
20.020510631002438	22.896695179544437
20.23887512587691	23.242892528542036
20.33181192515509	23.43375203968866
20.956635720157827	24.140288107967173
21.078725181061245	24.205055870574498
22.482331772012568	25.790808181600713
19.662829599562723	22.595700063523214
21.674272923965617	24.82963904808028
19.579062265448762	22.385140615410613
20.798998480389834	23.934691781450987
21.204117256618105	24.31817774155084
19.55424603585731	22.780589016632923
19.87325834974868	22.846264126447608
20.205262157820844	23.328349139786578
20.56279235078524	23.75199265287687
20.15779614499167	23.17113566348001
20.253084328523865	23.272477957853088
21.33060313182272	24.667394152112827
19.948082599923364	22.94651159258152
19.465503324115858	22.35238684312047
20.4859987307506	23.638530154137094
20.075763052436198	23.290884667900716
18.960021820797284	22.053121718631427
19.58893883658569	22.67367636727173
19.46134540533564	22.679249077086236
20.16439541130309	23.299712102124644
19.617089071091574	22.913619241896708
19.26961380458435	22.17001479648987
20.595056009393844	23.868774938482133
21.39763811236987	24.64701101177564
20.52841534179234	23.67558513123012
19.03938795806496	22.105080349430157
20.97157966913438	24.35139739690566
19.18936456894925	22.137890680074186
20.137008458439205	23.44360181682935
19.482281818511378	22.47194753634702
20.283691586455976	23.33231907943758
19.464713681781873	22.641514192973986
20.328240333848697	23.30383783692767
18.383343085108795	21.387109414280854
18.32945869227124	21.459369203846926
21.064085626298453	24.23006567985389
19.829965123705044	22.89781998676859
18.479824434673205	21.627791989887342
19.397999083160595	22.54166194284038
19.705762956299345	23.34846678002878
20.57198173579643	23.89282958927681
19.15889823411427	22.606566548600572
19.512832619328915	22.74246790252167
18.869447625113647	22.410114371346314
20.11728088921549	23.220375131902674
20.340374958742956	23.64692782140841
19.875233646157948	23.14087772774342
19.649705647916043	23.05459427884177
19.898024793896198	23.172934297290325
19.814436653363984	22.98413016487332
20.227366785588032	23.292431493220562
20.146475640072186	23.214780005679767
20.599963058585068	23.620089660531143
20.72049415086232	23.790507436051744
20.528578699520946	23.70717722088921
18.835390327842372	21.81548285636173
19.89493608980928	23.027904028598922
20.75231853412215	24.10796436382707
19.48396006055698	22.66847905687466
19.94181173976566	22.90760117832516
20.20643225951306	23.441923224495728
21.88994153745615	24.967503225727445
20.93535314952745	24.1347705229579
22.20651951362626	25.54689845512374
21.624079196063324	24.78039696970816
20.817486572670582	23.912133407187817
22.921267424419426	26.287543381854988
22.00933003881175	25.264639611456804
22.389564178045642	26.037281372491467
21.284693641014666	24.440634804419904
21.392203744050043	24.655531470183355
23.353285042343625	26.759736808242312
21.96811632897444	25.367388202885913
21.555999304332044	24.8364243254287
22.046803907730524	25.38701681675678
23.76343609066779	27.358269918243344
21.861469404459505	25.387922151326627
23.260229013528033	26.66925630751689
20.89381625950969	23.915935251110426
21.86810531130262	25.343610386939567
20.431948916927265	23.70363496063621
21.563847827303942	25.278925610196058
21.602040481162426	24.866493988442066
21.437052005921707	25.285251384581223
21.7824670402867	25.140020218624432
20.145602118943653	23.50665007832197
21.046298855176143	24.279785281786747
20.179907968849133	23.142409154563953
21.34825441639894	24.427201058454575
21.44546559611197	25.25287768086557
20.93255363755925	24.30226768202083
21.312355294602185	24.84071134052965
20.962634280988365	24.07232932679972
21.76013680881249	24.954050813257822
20.940143739088832	24.508327330247106
22.172451482963158	25.29802085285227
22.08075026493923	25.89226456660374
21.796915939152875	25.08584506243404
21.488532351840075	25.18072195113844
21.798587126843238	25.100033478625512
20.03425102071904	23.093743516634476
21.577532826968312	24.876290262631297
20.3640678450307	23.5404674485484
21.034377861427906	24.27970523793733
22.347895172750874	26.023963424050883
21.061084972065725	25.03951050217744
22.279003779093426	25.588889439900715
20.190421310959348	23.495783599318973
21.476915770528677	24.897731369974252
21.995823554425737	25.623446770281294
21.477267571062544	24.811466864972612
19.848450988720938	22.840740829516367
21.649671305516723	24.829197178980348
20.38856171448013	23.720946799924167
21.61640991121847	24.84312950223368
21.289143357813487	24.27122422641503
23.977226032572947	27.548086391133108
21.22213888472053	24.646109101119315
20.674895900070286	24.0043490950469
22.140574931085997	25.597233296453066
20.896337195313407	23.870266274535226
23.365708583985672	26.769495731199875
20.71272208584342	23.92202446567025
23.57348930253598	27.22632110700992
21.682109415657706	24.911659657828622
21.254562687721982	24.500760722312197
21.53940346590273	24.88168570646055
21.01832390843936	24.07419203699521
21.81154705865621	24.99304507391215
19.922246195961208	23.220274708579808
21.441674949257237	24.797794578941005
21.177569429838986	24.46511359933582
21.264387768544967	25.06337674256343
20.703719406370904	23.90404388403437
21.616639246606525	25.084721455908124
22.539714086334165	25.937220346649234
21.841352231942924	25.409746400869576
20.71788864176238	24.22070808370149
21.031094212947124	24.76763472992397
20.780148163975678	23.977172240077056
21.29211717755425	24.58705991595161
21.599449066599462	24.877428145924952
22.254865802270846	25.842944942968412
22.336766453558724	25.906986979668815
20.625476630630008	24.424987999496945
20.796297296090742	23.961370245413164
20.805792452170337	23.95891511313728
21.035799271488393	24.259505980586802
20.311679522196453	23.814207394917805
21.70843384372201	24.842973016629553
21.353307367636646	24.626592992470776
20.397430355128716	23.758575504246284
20.226747365007988	23.207050471295723
19.403897044511865	22.73357701554673
18.91947667917628	22.747914144187977
20.66312407637351	23.993881233685084
20.781454641095138	23.860093515643143
21.157216527659422	24.365328333180422
20.96902975459008	24.346604019213633
20.8314339603335	24.135662368401853
22.289881117024997	25.4209457567543
21.199376466674156	24.69691526611393
20.859973255489535	24.692253764774136
21.000108870731037	24.601802674068768
20.64556272470268	24.09149782217232
19.44847262234698	23.062088367032903
20.39591180797342	24.097792034189666
19.24132362900266	22.261834940333276
21.864615126526786	25.324918107115792
19.63584499197148	22.914682580660354
20.223921336439258	23.503556690904492
20.40161407980949	23.853392710351642
21.138266622134328	24.585797251156688
20.64878965487146	24.120188464025023
20.49658378269009	23.958065188867526
20.625686688028324	24.266912417806637
19.973349980234847	23.109148570180192
20.914760251460308	24.363291124882466
22.52379092441243	25.877383620875655
21.871437427091497	25.231088283968074
21.578189866051805	24.865406020178664
20.88570151561891	24.40007843738402
22.32630858654176	25.508806846197498
21.04152231763123	24.293673223750606
20.820425055841984	23.854522682805477
19.56536256583633	22.961244947591403
20.298251467905228	23.533564251699264
21.05524656980154	24.530658505271703
21.029785717115786	24.4008077734848
20.499987754092853	23.966259804500897
23.45226479184096	27.036731713896344
24.11567392369491	28.39336690882462
22.70983666826965	25.982725435001836
19.48234359473939	22.837734301378774
21.785923745222153	25.01648638051027
21.298265663681516	24.422429831923953
22.51548672329848	26.26589297640855
21.204177479835074	24.29758109560438
19.466354839867595	22.586761004858968
23.463090337765443	26.905939661013853
23.134472334713948	26.590507065920818
23.372995585139897	26.78026941424975
22.770348842483163	26.248388950485587
20.89960717446232	24.012383944922444
21.82578043522602	25.323412374832575
23.26860486170289	27.13313616612914
22.630481989267274	25.93271800768097
21.493942208097746	25.050754599763582
20.470797411195793	23.667222150571785
23.090289551234804	27.014973205112852
20.96751082677497	24.35961090784417
22.95541390137561	26.326978600455444
21.95573013856406	25.36647445127969
22.522879511434308	26.082060902994403
22.219367946535666	25.634805713742654
20.32670610877359	23.37750417259848
19.95874541377819	24.38473374271595
21.49255866356463	25.101683432382636
22.640754146940388	25.952555255525432
21.359994870082588	24.82397081290081
22.061561450836766	25.455791607024562
21.43770623865148	25.035253279781138
22.593052649447365	25.876198983243064
21.682929085571548	24.76694579235814
21.606877711674716	25.2630544630079
21.41571066992045	24.560888069703573
22.279969504937498	25.752550789251956
23.31098489700609	26.61026067794508
22.84583643490089	26.52791425174462
22.095913253265834	25.243224777740025
23.70474747335835	26.960943902374073
23.42537405536433	26.702527021906178
22.05120830778863	25.25158138032172
22.24463810080429	25.924221381007232
22.0788478466609	25.16076282533617
20.965786257620323	24.557412823800576
23.721467747050486	27.025299297016897
23.66446749571782	27.322312670908158
22.273305666168277	25.786123502532895
23.87702787200863	27.414620992737465
21.402086954461033	24.679414052619045
20.841699824971	24.564540638285838
24.178752257312684	27.65274684241876
22.56626419909694	25.974530173461655
22.339045652158703	25.98237311004833
21.24640298547765	25.267381423091685
20.461737782585647	23.911928980720017
22.757617869448005	26.363956532407464
23.01854133605957	26.34495735168457
21.14188839169318	24.599393117706235
23.11781176791829	26.38366642727214
21.77613949421358	25.123528245654583
23.101956780549067	26.95274788558863
23.297676847745407	26.975150300692093
20.70260180131139	24.817595113361463
22.46986762935695	25.772674637488752
23.422973310871487	27.01159509427988
21.264106286812233	24.581560598563744
23.30510193729603	26.817498618123892
21.04698464014981	24.396487268419527
20.623144425151203	24.156728469135906
21.84446183384857	25.410466755018618
22.359686150925427	25.93763326130602
22.816381622525032	26.371246169833366
22.278664056409443	25.83328967894212
21.525684968174897	25.203360899745025
23.782115458429747	27.35702943903119
22.821528410455983	26.288760209539134
24.091516838964637	27.653051032129113
21.987221768454127	25.587866732522436
21.955960344610194	25.839484143915197
22.136607453575053	26.209444716224752
21.372661815327444	24.965802921611033
21.116007681358646	24.706990365516354
23.137269560698492	26.738489564057367
21.83081202496895	25.406382036310347
20.899706352541653	24.930181037595066
21.223531380833588	24.87259708291153
22.135612882626283	25.38581999396063
21.78648608707825	25.22038990474304
22.88979718842071	26.336870215754093
23.299455681171132	27.019145927105235
21.039819885464485	24.70912535074157
22.596908828508575	26.4405362398508
22.645968368352094	26.419364044367633
22.469400855386333	26.01646187654726
21.95410447616739	25.254210419462492
21.1444698544318	25.045536401671715
21.604923969114914	24.995112651978836
21.33110318922946	25.23758806443265
21.14454971605046	24.84232772535579
23.100847007362706	26.78884529915585
21.47981559243172	25.142447362280194
21.433493101925862	25.282441651492107
20.953824097943155	24.659110014605673
21.05707911473171	24.763689241591532
22.43174298199372	26.16214434710784
21.741389402158703	25.39234625457958
21.337895893493783	24.915045238098013
20.82007568910117	24.71147185728555
20.964128107528524	24.495926290054484
21.20275600295664	25.026888772433985
21.365149220590126	25.183572092886436
21.974378233502627	25.920694703509092
21.90760273741056	25.52954440309237
21.722818645955144	25.334867206095637
21.41007895985986	25.11786751230811
22.59675501967185	26.17737484788186
22.117115808393798	25.61835591707007
23.15563074342764	27.06277974851572
21.24359994835661	24.64834684424593
21.347133928043828	24.91018266131164
21.24381558606579	24.80657275011585
21.54758659694858	25.410323940771146
22.3065354110329	25.98401291355206
21.97856017434673	25.932141577362255
24.040812561213336	28.018881728947797
22.148456948071782	25.905427558153804
19.48787118421745	23.14429090989876
20.243909671807746	23.92716996381237
20.821724721580555	23.95892446360011
20.79107454830421	24.31293507999169
22.323609686201547	25.844793939286735
22.02051107038105	25.81513460527813
19.987166795507864	23.744991865380808
20.51882220630686	23.815295683097435
21.91337215925731	25.692647814497573
19.528448076511392	23.018831281398764
21.304902177960503	24.441632169573676
22.724747481619477	26.038771805489898
21.545167185951442	25.167444966148167
22.18408973151205	25.665162969293615
21.517453772753413	25.01603736189014
22.594566478850734	25.845538959381688
19.689544961204447	22.852576926002584
22.443294928078945	25.799787118429844
20.586349440734605	24.00829892047145
21.531597475590473	24.957151074824566
21.716240330106892	24.946025447481
21.353302459554815	25.067683715982295
21.296728907623613	24.7769557847592
21.675795619907905	25.186827594813774
24.21385816505254	27.691857777330274
21.458601971846985	24.440379122513367
22.93316533762938	26.24383661549562
21.069312259649774	24.517628505731086
23.074357178560486	26.564865920194396
22.786479237226416	26.662762400957178
21.82515805643329	25.34543520528546
22.277989158711364	25.795706977763246
22.967584682877657	26.689805911604765
22.3521581131435	25.973767713882868
20.6492090184724	24.132290844198497
22.671858578983638	26.232129305537846
22.398591766438415	26.105137100138734
21.031251115657216	24.81062396063673
21.512715882303354	24.69895594692028
23.350354107575306	26.814990130705944
22.94710572763107	26.723842300933384
23.335723652201853	26.80358718459014
20.420573256830753	23.696904160161434
21.96745181235538	25.760354278953212
20.97975766532234	24.180013300253833
22.648303189854712	26.28870280684939
22.808262713648965	26.09137260129244
22.302690453337004	25.939611487580965
24.232940044119605	28.29933038739895
23.53287288236517	27.168749126912175
21.079585626120274	24.47892229319125
23.56054254803182	26.8964143153715
21.137692601311233	24.343743174445603
22.59996609373963	26.085611298838494
22.64645294019371	26.058237993033828
23.903367795761984	27.999077043715555
22.41039726637984	26.314683223732466
22.448362077117725	25.976604735016064
24.770497399024396	28.41234676296291
24.861646781808	28.43140970622911
24.2230296975235	27.565441524400327
22.35971711598131	26.138413682358532
23.25034610481019	26.764046747973012
19.340454174454806	23.44033043247879
22.248294528629117	25.745954815242953
22.292578440056737	25.527943868292873
24.673100384430775	28.492503253264537
22.57153384700702	26.250918698158994
25.7031190572524	29.95845435278178
23.047343733963693	26.574310776534354
23.518386043054537	27.650059544103666
23.203724158544198	26.468044029932365
0.0	0.0
23.80459027178981	28.31339640728734
21.328393786323044	26.642469555962112
23.939481188537208	27.181269238708886
23.261061911370344	27.462416405890398
24.80681994411849	28.301147432590493
23.664802998747287	27.47044137075955
22.857639304644994	26.993297585003443
21.76402709539782	25.78194000665296
21.122155977156005	25.315763639543214
20.04084212309236	25.12625878327971
23.639463252575787	27.288917713610736
22.09515089492636	25.383027129365633
20.861452704022646	24.557906503130674
22.45615262641016	26.51378374443945
26.461374406348874	30.028671141136478
23.611803911294146	27.404208280478315
21.697239308853312	26.00845870445235
24.05580501191935	27.53599949247518
20.849498092748558	24.786945999048317
22.06479111649175	26.270843115075632
23.37683879747006	26.604331856826814
22.707442508381643	26.06979443009492
23.26325189991362	26.94388806895845
20.555745699856185	24.052685162570572
21.62223814095661	25.070955294712334
0.0	0.0
13.37958730507302	23.85477434348655
20.91536773997507	25.299584728897
24.812350406768214	28.56114088046323
21.53020319159117	25.25981489007387
20.512660514523777	24.576973427126614
23.467219933835818	27.226025000246214
22.23805981127826	25.813095279053773
25.34382255821471	29.091398160169078
20.81346949802083	25.04825726284343
22.14587577487759	26.2596704134769
24.29957875375282	28.323193463044056
22.558428021246712	26.16488817138024
20.4294156623241	24.389796297514767
24.694483576813067	28.861355961761152
21.54467650735454	26.051389013885693
23.892232410973552	27.659229762488362
22.188485437138066	26.85207433153869
22.455359489295134	26.10881897750174
22.42132825912184	26.225018786776598
24.94642767936561	28.437094354325797
23.16956529394583	27.21281233056589
25.61223113511525	29.19722855116405
26.393636697416852	29.866359716767718
23.121893236844656	26.37871330002058
27.101020043569513	31.28997879676252
22.957018896779182	27.096884682932732
24.3667064411625	28.054315973998634
26.780297297580987	30.80647943581745
20.71144867145838	24.111165998341423
20.23597009824846	23.650302332171464
19.609158511880604	22.5124063532317
21.337913484836587	24.687152890895835
18.79779926024678	21.816929667365525
19.023559361759517	22.436964243587163
20.283208616220268	23.37095092967817
20.412222345923162	23.900945226098322
20.22248587233752	23.455923704078497
20.060552742830506	23.060872885831603
20.118017889132165	23.26018645657096
19.29874434946955	22.208333821306816
20.727243627965322	24.087096963465342
17.75599063986679	20.703152045069732
20.731058215892492	24.00455846806747
20.909760548050997	24.118904994551542
18.942751461280125	22.156484073387844
19.29020071333381	22.29073953324822
18.51150729752397	21.666318630210405
20.347011622856122	23.589633884956378
20.137427135637612	23.573752597638755
19.219488799951638	22.819882690526878
20.657876340700057	24.095663698362443
18.36662150542954	21.376170624087063
18.987745588752116	22.044557267693197
17.195874042065533	19.85159986540517
19.898426626897923	23.15911808135403
20.217404681406205	23.296314877309616
16.98811835797223	19.632946781798278
19.75031224633478	22.95665033911444
19.148183826681407	22.251176830056874
19.095329250246603	22.140741382687967
18.576692421218645	21.517730872848738
20.649917128739084	24.085331436934744
19.436414001853603	22.555742980568272
18.916274070739746	22.13778591156006
19.342553037493598	22.706067186505425
19.60626375599272	23.080906272693802
19.768287674889695	22.92198942471968
18.286062299319386	21.28536599963081
19.179835011751535	22.0856583811928
20.25333042914194	23.385650436336576
17.94620144190049	20.91212451635146
19.452257524883166	22.813848126972303
19.092377346792038	22.509896594248
19.18416479641212	22.299760069310537
18.156876304853242	21.147279044878204
20.124470807944135	23.28625955399434
19.84226783622855	23.224462663039027
17.256721737531592	20.12401747450454
18.737478841388807	21.889483820354357
19.79450743770397	23.201971596719858
19.93649247244412	23.199488133634983
18.718347385430793	21.901882335638543
18.339758767696956	21.369750128177067
18.40308730819929	21.539699862210867
19.846072389315143	23.2563064558997
18.27061897933863	21.408353264924067
19.823525232367707	23.083552556938933
20.073385123234644	23.352943535822973
18.337873770679384	21.726037667308898
19.952205653909413	23.12438965248707
19.32845592701258	22.417275426747185
18.43917430586116	21.941637385423018
19.974967980840404	23.73849484874944
20.724318166194195	24.11753592926479
19.121581419764556	22.157772675694428
19.37757198471426	22.47711475234629
20.426255463035243	23.816427947609288
19.7568708569634	23.237761863983867
18.509957943246118	21.678140964224585
20.50215702907295	24.33060664280205
19.65945472433815	22.876382449123764
19.7049597175258	23.126123580203693
18.8782061882586	22.304201190891792
20.577124174486553	23.79930824433669
19.164379970283264	22.519442661552674
18.79934193273006	22.124976380868574
17.82703090473345	20.748833887136666
20.541054160731612	24.067267982823076
17.759052756485666	21.093377587142264
19.896427057351275	23.591556646262006
19.162814670813816	22.813330119835598
19.786277072444843	23.70646165131004
19.85896933812751	23.19003426294671
18.13176583130142	21.250527869870456
18.91887727158338	22.36115965468615
19.220808845163656	22.916663307546305
20.57129933221578	23.96642039434672
18.859814062746214	22.268825158445193
18.39368516674973	22.2082568956282
19.78080225092084	23.026566981256895
18.23113318967718	21.746846470357
20.51367227388289	24.021108228436447
19.048702513336377	22.436505998016163
20.163274347908683	23.2554954885171
20.83882830148037	24.311510825106545
19.275246142328673	22.73762655359418
19.30336530041543	22.594246317626563
21.387068021575864	24.946698915679995
20.38329687341257	23.988517854370635
20.818592391449428	24.404594101470494
20.747015355752026	24.370702387167896
18.48587375689464	21.794710578432507
20.5564917991622	24.037010245515535
20.04118898719739	23.707185951767453
18.112020162513556	21.582912775108515
19.507835857934	22.880012042456624
21.804315526520877	25.575868647063107
18.65060474006993	21.898309215618546
16.63600336265159	20.408710611347434
19.2403491641812	22.616607317752393
17.5294926819528	21.442703897026693
18.283524470724117	22.548258823953617
21.239883234546443	24.711099812938908
19.174310386560524	22.421844780065452
16.850597887788357	19.749289960112034
19.175684303235098	22.974782615710215
20.7186729244872	24.235127276928814
18.53122277674908	21.848547502181585
22.321545961303062	26.528618452149086
20.03578450067281	23.251614791319376
20.223750774521232	23.62170248780787
20.017180813345938	23.446350680794687
17.9374485036117	21.237983701588494
19.935659003612088	23.23880617583127
18.809765461397273	22.192592021512883
19.633378935973862	23.646606491882583
23.876958221386953	27.506302505541758
22.764869349777317	26.643638951003933
22.360787302572003	26.03440961210085
23.22781315376298	27.121323198776082
22.47020072896516	25.990238953041676
23.145363797554293	26.584017763725004
22.309844664960405	25.4701674657769
23.18726876941203	27.45981069836141
22.418401869998615	25.692031708492596
22.918837348873197	27.116458137577
21.58732609637477	24.80676455609105
19.98288304436232	23.292015484690413
21.803775675990273	25.130754582188437
23.279740276863116	26.482049045036298
21.0781673180323	25.018474222495044
21.95083055071011	25.272277740915868
25.07186185630264	29.16011179176865
22.6004966241792	26.05028691463916
21.820953174761147	25.709320262738853
22.45525482202032	25.659393996949408
23.203213049854188	27.468757317577452
22.291062089794508	26.396704939014086
21.358901430846778	24.821941922424706
23.52332934604329	26.899810226100264
26.698003625161075	30.271228934043027
23.77106832799891	27.078123337650503
23.835142356321818	27.518192070558065
22.81964666726989	26.253307510586556
22.37854062625051	25.798396477020976
24.07213667851345	27.540328226271708
23.063445486080873	26.525368295657408
23.823517600948392	27.55956002051157
22.322690884778453	25.517864306261586
25.41601953283743	29.196052458129365
23.045621610750818	26.4147646654943
25.22831712508151	29.99501623368314
20.961543403107143	24.354902901214146
20.41693383113594	23.89633864506035
23.86987147159131	27.16707387142627
22.902108704714763	26.121794188351643
23.107920272082026	26.425305741101567
22.781533735319815	26.49736068911866
25.851071991485142	29.665582976776577
22.583171842457634	26.095685960887092
22.8752538636485	26.609178356810485
21.962617369973735	25.206409958517476
19.758840765416494	23.065288339197764
23.710117165956273	27.34730547198318
22.13268325789466	25.965320129556513
23.919758930327788	28.088166103241548
25.19919541838822	28.749937500923302
25.33403516676269	29.247116795517584
23.208099658828377	26.810117427963615
21.491024446588668	24.65220980634102
21.630427484046628	24.89064108895142
22.955054534215584	26.65997193978344
22.816812013111804	26.591669584788587
22.439341644319505	26.311486144987136
22.37083341310991	26.350417120947707
23.382045259900913	27.06811190562643
22.878911362585242	26.57968200594503
23.377668234952697	26.675413277498475
24.24624898631102	28.01468393605226
23.696389720698072	27.660236789922045
23.617078127121975	27.620197950148533
22.2146638436935	25.57727493804478
22.769702842534222	26.140647957026324
22.514167483951383	25.870683971737094
23.368769319700334	26.984357206178572
23.791066483580636	28.02882258502288
23.05510577021637	26.319316303147886
23.87961970165277	27.66376294300055
22.687339331187513	25.960134957752917
24.663539572632743	28.19441445263581
23.689989353188032	27.813733791343218
25.461590161495653	28.71196330530122
20.58959208121978	23.99907292732514
23.455054372232684	27.582487970906964
21.966360527492128	25.553443473362364
22.42776975206509	26.060114769419286
22.930097284337265	26.990984258631485
24.465195250865506	28.132646011951877
22.90218529225408	26.206737666119942
21.824104677593127	26.650539029682264
23.56885906592043	26.805006061643045
22.468917443747227	25.749998495583828
24.365516302185707	27.96903646270687
20.94369566364653	24.82078874187105
22.929968900741287	26.693592958389573
23.019585054644608	26.72157056974504
23.45362797107413	27.42642459545419
23.37799950820372	26.44902113693788
21.87235291596431	26.23872343901616
21.787427756437072	25.996885445467225
22.917864511979868	26.297301579939077
24.42739771581759	28.31154919885526
21.411917400967543	24.4831860536223
22.054414491997655	25.200134534491603
24.066501487845322	27.305973182564834
24.526885028604237	28.055743221517833
22.256004270727722	26.434316697900208
24.057361450924237	27.93628898547713
21.993440692844917	25.9183673210711
24.679357295836105	28.22404121795784
24.09095327211287	28.05043085264299
25.53909554653613	29.026332233615236
22.668256690800824	25.886613914667926
23.402676879980003	26.897619903467263
23.64521870339752	27.810807373872986
24.233980652632987	27.89771795576545
25.355265961584266	29.07511009127218
24.672774227814564	28.484547702117077
24.78598264625371	29.25198885032832
24.948944958405384	28.688239184661022
23.847970521121013	27.842039549679768
23.66668025703187	27.24141605644469
22.799886705516	27.09987258708654
24.50070498197195	28.145870945762425
22.94408606470517	26.24350358068057
25.23281535980808	29.14582004668606
22.17234586403881	26.178838980931893
22.188683501727514	25.471756943218775
24.251850049207164	27.565279085924672
24.896217404910207	28.27699083178413
23.022473400059273	27.01415723043389
23.71917782113304	26.794593235995865
23.621648170892346	27.61667694812621
24.80304852665863	29.053791607008364
