29.46887969970703	31.590553283691406
27.07927703857422	28.845947265625
25.361204147338867	27.304407119750977
26.977853775024414	29.16632843017578
25.076353073120117	26.903566360473633
27.8607120513916	29.608963012695312
27.027925491333008	28.97979736328125
28.608793258666992	30.66425132751465
27.109800338745117	28.850004196166992
28.350297927856445	30.12990951538086
27.919965744018555	29.794130325317383
26.970163345336914	28.681812286376953
26.173643112182617	27.90444564819336
28.51776885986328	30.366470336914062
28.508804321289062	30.847396850585938
27.415830612182617	29.463762283325195
27.601886749267578	29.437650680541992
27.461904525756836	29.440410614013672
28.7293758392334	30.78414535522461
27.1680965423584	28.95623016357422
27.501001358032227	29.80304718017578
26.962852478027344	29.047035217285156
27.306961059570312	29.537145614624023
26.774635314941406	28.65743637084961
26.41244125366211	28.096351623535156
27.34947967529297	29.28040313720703
27.5470027923584	29.358749389648438
26.093076705932617	27.892770767211914
25.179676055908203	27.085277557373047
25.72686767578125	27.4462947845459
26.263996124267578	28.426725387573242
25.58819007873535	27.115802764892578
28.883207321166992	30.611284255981445
25.81981658935547	27.569780349731445
26.87957763671875	28.95063018798828
25.549509048461914	27.38759994506836
28.3612060546875	30.197765350341797
26.143936157226562	28.201309204101562
27.584299087524414	29.260759353637695
26.228466033935547	28.03765296936035
25.882240295410156	27.550373077392578
25.693159103393555	27.457138061523438
26.0157413482666	27.721817016601562
29.949304580688477	32.4483528137207
29.678747177124023	32.299034118652344
27.434221267700195	29.209131240844727
22.828744888305664	25.044462203979492
27.362590789794922	29.034677505493164
27.86502456665039	30.357315063476562
25.999279022216797	28.26056671142578
28.71758270263672	30.620542526245117
27.38117027282715	29.0496768951416
28.888654708862305	30.829418182373047
26.628646850585938	28.2895565032959
25.982282638549805	27.5889949798584
29.901596069335938	31.993757247924805
29.835124969482422	32.11802291870117
27.633310317993164	29.48583984375
27.10163116455078	29.059152603149414
26.267066955566406	28.039382934570312
28.012624740600586	30.326902389526367
27.9487247467041	29.749921798706055
27.860685348510742	29.704938888549805
28.105613708496094	30.16552734375
26.05130386352539	27.856117248535156
27.41327476501465	29.102266311645508
28.44489097595215	30.373537063598633
28.602502822875977	30.34313201904297
26.907981872558594	28.626874923706055
27.047687530517578	29.01642608642578
26.48740005493164	28.127235412597656
28.02032470703125	30.0079402923584
28.128803253173828	29.78594398498535
26.59148597717285	28.450271606445312
27.971435546875	29.92176055908203
24.602636337280273	26.28624725341797
26.420265197753906	28.11831283569336
24.189714431762695	25.939224243164062
29.176959991455078	30.854936599731445
25.99386978149414	27.908605575561523
26.64771270751953	28.774738311767578
21.59768295288086	23.622583389282227
20.00269317626953	21.882221221923828
25.9787654876709	28.12506103515625
24.397483825683594	26.226221084594727
24.67438507080078	26.412473678588867
25.76495933532715	27.31867218017578
27.63599395751953	29.406675338745117
26.486675262451172	28.263628005981445
25.189014434814453	26.902210235595703
24.644990921020508	26.248422622680664
26.770353317260742	28.505083084106445
25.56450653076172	27.25674057006836
27.428606033325195	29.32573890686035
23.938213348388672	25.777206420898438
25.79770278930664	27.845802307128906
23.794485092163086	25.769071578979492
25.89276123046875	27.52630615234375
26.363924026489258	28.131786346435547
23.722768783569336	25.410785675048828
26.445402145385742	28.1955623626709
25.54842758178711	27.240215301513672
27.607406616210938	29.531278610229492
25.215503692626953	26.883567810058594
25.712932586669922	27.454744338989258
26.473190307617188	28.156352996826172
26.287092208862305	28.14251136779785
27.41844940185547	29.194128036499023
28.670944213867188	30.598909378051758
24.61777114868164	26.55052947998047
24.285079956054688	25.970535278320312
26.817005157470703	28.497604370117188
25.410324096679688	27.628732681274414
28.212474822998047	30.420913696289062
26.783628463745117	28.842529296875
27.18033218383789	28.920812606811523
26.988393783569336	28.672910690307617
26.516189575195312	28.13581085205078
26.272127151489258	27.982561111450195
27.833364486694336	29.749868392944336
25.31438446044922	27.118860244750977
25.598421096801758	27.27407455444336
24.904743194580078	26.546775817871094
26.094009399414062	27.804353713989258
26.913009643554688	28.950149536132812
27.809022903442383	29.40802001953125
25.287813186645508	27.28118133544922
24.95256996154785	26.73076820373535
18.2181339263916	19.52046775817871
18.245763778686523	19.687511444091797
19.442899703979492	20.992643356323242
18.412267684936523	19.85044288635254
18.785985946655273	20.384960174560547
18.543136596679688	19.90569496154785
20.778749465942383	22.35948944091797
18.259544372558594	19.88477325439453
19.427549362182617	20.9480037689209
20.235822677612305	21.905542373657227
19.206758499145508	20.747268676757812
20.127992630004883	21.711145401000977
20.483013153076172	22.010658264160156
19.383686065673828	20.945720672607422
18.304576873779297	19.905412673950195
19.63549041748047	21.36434555053711
18.160537719726562	19.46319007873535
18.226831436157227	19.381620407104492
18.511751174926758	20.109800338745117
18.171419143676758	19.361726760864258
20.229976654052734	21.9217586517334
18.18110466003418	19.500513076782227
20.221294403076172	21.944103240966797
20.28409767150879	21.856430053710938
19.385896682739258	20.91592788696289
19.760007858276367	21.45107650756836
19.665637969970703	21.34131622314453
19.91388702392578	21.56875228881836
19.23417854309082	20.799551010131836
18.77943992614746	20.328662872314453
20.699064254760742	22.368663787841797
19.05919647216797	20.724851608276367
18.796947479248047	20.47730827331543
19.26962661743164	20.841760635375977
18.81305503845215	20.346235275268555
21.329570770263672	23.00029754638672
19.335796356201172	20.912368774414062
21.03150177001953	22.60223960876465
20.153806686401367	21.677528381347656
18.53496551513672	20.078960418701172
19.274660110473633	20.87897491455078
19.302705764770508	20.892101287841797
20.20569610595703	21.753089904785156
19.588546752929688	21.30020523071289
20.126623153686523	21.915220260620117
18.723955154418945	20.379558563232422
20.24396324157715	21.945737838745117
18.72929573059082	20.311067581176758
18.261226654052734	19.67572784423828
18.266557693481445	19.681547164916992
19.533105850219727	21.022323608398438
20.73064613342285	22.4344425201416
19.32600212097168	20.83155059814453
19.580934524536133	21.133224487304688
19.562898635864258	21.243576049804688
20.48862075805664	22.354480743408203
20.717741012573242	22.422075271606445
21.008371353149414	22.60283851623535
20.229494094848633	21.699106216430664
19.448606491088867	21.081279754638672
19.473840713500977	21.394121170043945
19.39116096496582	20.960189819335938
19.002540588378906	20.612201690673828
19.798128128051758	21.49468994140625
21.141551971435547	22.787517547607422
21.64580535888672	23.25695037841797
22.973979949951172	24.543725967407227
21.577808380126953	23.19489288330078
21.708093643188477	23.200855255126953
20.601381301879883	22.139753341674805
20.847427368164062	22.324810028076172
22.729429244995117	24.210481643676758
20.217788696289062	21.809032440185547
21.325061798095703	23.070974349975586
21.69580841064453	23.67755126953125
20.841083526611328	22.29745864868164
21.788402557373047	23.366382598876953
20.819355010986328	22.848312377929688
19.85430145263672	21.8770809173584
21.131362915039062	22.799943923950195
21.670793533325195	23.303293228149414
20.037555694580078	21.65442657470703
22.29004669189453	23.88751792907715
23.225271224975586	25.098859786987305
21.432771682739258	22.934654235839844
20.946704864501953	22.825727462768555
20.692750930786133	22.156740188598633
22.675025939941406	24.312793731689453
21.378358840942383	23.01314926147461
22.157732009887695	23.702322006225586
21.697036743164062	23.236976623535156
19.95145606994629	21.568561553955078
22.444900512695312	24.144641876220703
21.690446853637695	23.210718154907227
22.33498764038086	23.944557189941406
22.25594711303711	23.733369827270508
20.708049774169922	22.21462631225586
21.762685775756836	23.236007690429688
21.506267547607422	23.181970596313477
20.583293914794922	22.090747833251953
22.227005004882812	23.571815490722656
21.128725051879883	22.745216369628906
22.280729293823242	23.828596115112305
21.54886245727539	23.06841278076172
21.28394317626953	22.919189453125
20.957836151123047	22.68978500366211
20.51873779296875	21.97124481201172
20.961559295654297	22.574377059936523
21.466102600097656	23.023481369018555
20.26303482055664	21.797487258911133
21.600133895874023	23.255990982055664
21.001848220825195	22.689796447753906
21.406946182250977	23.095630645751953
20.478784561157227	22.261682510375977
22.301542282104492	23.88994598388672
19.46186065673828	20.967395782470703
20.440349578857422	22.10199737548828
21.170351028442383	22.842235565185547
18.928356170654297	20.5476131439209
18.340539932250977	19.792255401611328
18.019020080566406	18.970487594604492
20.607891082763672	22.220914840698242
20.464052200317383	22.00750160217285
21.66256332397461	23.100318908691406
19.13495635986328	21.002450942993164
20.550954818725586	22.004976272583008
22.439552307128906	24.0210018157959
18.76209831237793	20.443359375
26.17858123779297	27.921693801879883
26.177650451660156	27.833269119262695
28.9425106048584	30.675626754760742
28.14937973022461	30.166284561157227
26.643482208251953	28.165267944335938
26.998126983642578	28.634349822998047
26.193687438964844	27.73784637451172
28.590726852416992	30.5845890045166
26.704133987426758	28.440324783325195
28.426427841186523	30.113195419311523
26.337114334106445	27.913183212280273
27.524553298950195	29.288759231567383
27.241348266601562	29.016450881958008
25.914499282836914	27.51617431640625
26.057497024536133	28.001279830932617
27.350025177001953	29.101123809814453
27.432411193847656	29.11902618408203
27.0683650970459	28.527746200561523
28.16315460205078	29.863908767700195
27.671091079711914	29.322044372558594
28.61634063720703	30.526779174804688
27.992835998535156	29.798887252807617
26.94622802734375	28.81304931640625
26.787307739257812	28.32689666748047
27.745508193969727	29.379831314086914
28.022262573242188	29.716859817504883
25.331336975097656	26.816944122314453
26.148170471191406	27.97866439819336
25.58905792236328	27.212265014648438
26.550281524658203	28.112709045410156
26.95815658569336	28.727502822875977
28.360811233520508	29.943920135498047
28.664634704589844	30.236162185668945
26.625558853149414	28.308273315429688
25.65392303466797	27.282686233520508
28.658327102661133	30.337478637695312
25.36249351501465	26.830219268798828
27.880788803100586	29.57532501220703
26.864927291870117	28.442155838012695
26.053089141845703	27.737564086914062
26.03286361694336	27.582683563232422
26.698503494262695	28.253202438354492
25.54156494140625	27.186325073242188
29.196924209594727	30.953994750976562
26.16240882873535	27.90380096435547
27.009191513061523	28.5013427734375
26.798460006713867	28.511062622070312
27.74285125732422	29.416746139526367
22.613981246948242	24.437856674194336
24.026260375976562	25.773462295532227
27.547199249267578	29.362035751342773
25.408109664916992	27.01229476928711
27.530750274658203	29.28139877319336
26.43952178955078	28.027446746826172
26.49700355529785	28.134838104248047
25.905750274658203	28.417787551879883
27.656545639038086	29.4097957611084
26.748332977294922	28.65817642211914
27.391279220581055	29.152488708496094
25.5938663482666	27.2397403717041
25.621906280517578	27.754806518554688
24.634258270263672	26.19159507751465
24.926660537719727	26.51458168029785
23.544933319091797	25.516624450683594
28.390975952148438	30.394975662231445
27.715892791748047	29.359262466430664
26.376758575439453	28.068029403686523
26.538610458374023	28.338359832763672
26.218917846679688	28.06664276123047
28.947649002075195	30.838783264160156
27.189489364624023	28.933032989501953
27.689010620117188	29.543010711669922
26.28704071044922	28.11276626586914
26.557397842407227	28.286664962768555
26.048019409179688	27.664316177368164
27.271352767944336	29.075904846191406
25.899545669555664	27.49091339111328
28.103069305419922	29.852333068847656
25.809062957763672	27.544572830200195
26.44793701171875	28.094228744506836
21.066957473754883	22.83438491821289
26.4005069732666	28.010629653930664
23.726848602294922	25.430683135986328
19.798158645629883	21.73895263671875
25.4276180267334	27.053041458129883
27.85867691040039	29.58053970336914
26.450702667236328	28.047718048095703
27.224157333374023	28.89120864868164
28.2578067779541	30.118427276611328
26.709083557128906	28.233959197998047
26.640975952148438	28.322654724121094
28.437223434448242	30.14083480834961
27.091083526611328	28.911806106567383
27.329116821289062	29.100500106811523
27.2691650390625	28.928037643432617
27.478477478027344	29.192102432250977
27.730249404907227	29.449535369873047
28.434953689575195	30.148637771606445
28.112829208374023	29.79639434814453
25.540294647216797	27.1058406829834
27.852121353149414	29.585874557495117
29.332670211791992	31.476877212524414
27.20815658569336	28.970420837402344
26.581157684326172	28.43146324157715
27.046445846557617	29.008203506469727
27.999074935913086	29.83301544189453
27.324058532714844	29.159482955932617
26.418020248413086	28.081153869628906
29.06175994873047	31.081815719604492
26.476882934570312	28.285673141479492
26.98525619506836	28.670156478881836
24.521329879760742	26.161392211914062
27.220125198364258	29.059829711914062
28.806560516357422	30.709243774414062
27.518728256225586	29.178054809570312
26.243913650512695	27.8743953704834
26.6325740814209	28.377944946289062
25.946165084838867	27.633569717407227
26.604307174682617	28.287473678588867
25.33047103881836	27.0947322845459
27.562847137451172	29.456127166748047
25.241453170776367	26.731971740722656
27.448888778686523	29.135099411010742
26.306255340576172	28.01022720336914
26.602109909057617	28.329626083374023
26.6425724029541	28.363021850585938
25.730361938476562	27.441932678222656
27.096874237060547	28.729145050048828
21.067495346069336	22.700517654418945
19.875797271728516	21.315818786621094
21.646177291870117	23.138151168823242
20.138893127441406	21.80597496032715
20.613595962524414	22.075176239013672
20.204479217529297	21.535696029663086
19.41000747680664	20.76894760131836
21.36197280883789	22.956954956054688
20.0434627532959	21.467208862304688
20.392091751098633	21.844383239746094
18.87012481689453	20.323640823364258
19.71335792541504	21.078105926513672
20.587356567382812	22.096342086791992
19.798534393310547	21.202316284179688
20.5330810546875	22.020347595214844
21.877330780029297	23.436023712158203
20.35187530517578	22.0288143157959
19.410316467285156	20.687971115112305
20.66079330444336	22.142396926879883
18.97185707092285	20.311603546142578
20.2916202545166	21.783519744873047
21.194673538208008	22.650981903076172
21.592172622680664	23.085102081298828
20.849781036376953	22.291536331176758
20.450820922851562	22.014524459838867
19.194786071777344	20.55215835571289
19.54688262939453	20.940292358398438
20.07459831237793	21.46475601196289
20.822420120239258	22.408891677856445
20.620737075805664	22.02971839904785
21.654401779174805	23.475656509399414
21.79120635986328	23.415353775024414
19.5708065032959	21.069778442382812
19.396831512451172	20.842687606811523
20.633073806762695	22.1671085357666
20.38947296142578	22.009654998779297
19.665864944458008	21.116849899291992
18.833465576171875	20.322288513183594
20.414499282836914	21.89508628845215
21.366899490356445	22.939987182617188
19.468544006347656	20.851879119873047
20.291614532470703	21.722993850708008
18.66899871826172	20.06022071838379
20.072385787963867	21.625978469848633
17.9970645904541	18.80080795288086
21.097578048706055	22.67174530029297
0.0	0.0
19.947084426879883	21.509082794189453
20.002336502075195	21.49567222595215
15.579736709594727	20.327194213867188
19.282209396362305	20.674419403076172
20.305387496948242	21.770919799804688
20.234786987304688	21.724328994750977
19.265308380126953	20.715478897094727
20.188636779785156	21.626089096069336
19.155296325683594	20.57529067993164
20.228736877441406	21.9382381439209
18.98900604248047	20.373197555541992
21.348093032836914	22.950010299682617
19.43657684326172	20.853628158569336
18.10919952392578	19.28298568725586
19.171531677246094	20.615577697753906
19.688982009887695	21.140291213989258
19.304607391357422	20.85787582397461
17.966821670532227	18.331775665283203
20.99758529663086	22.393264770507812
18.198040008544922	19.205665588378906
19.103656768798828	20.39386558532715
20.413728713989258	21.812049865722656
19.269128799438477	20.690597534179688
19.7994441986084	21.24295425415039
20.01698112487793	21.572160720825195
18.587440490722656	20.0252685546875
20.60244369506836	22.070188522338867
21.448711395263672	22.946104049682617
20.277332305908203	21.702167510986328
19.525135040283203	20.931957244873047
20.29570960998535	21.81829833984375
20.22344970703125	21.760032653808594
19.51666259765625	21.025123596191406
19.2584171295166	20.728670120239258
19.59612274169922	21.081758499145508
18.71088218688965	20.211021423339844
16.944351196289062	21.860151290893555
18.286619186401367	19.4969425201416
19.55097770690918	21.00446128845215
18.62439727783203	19.949256896972656
18.314189910888672	19.743789672851562
19.185768127441406	20.594205856323242
18.391965866088867	19.592660903930664
21.420866012573242	22.8841552734375
19.537513732910156	21.013975143432617
18.39081573486328	19.773231506347656
18.97941780090332	20.536632537841797
20.215904235839844	21.78600311279297
20.281715393066406	21.817909240722656
20.113832473754883	21.62143325805664
19.341354370117188	20.647314071655273
19.67293930053711	21.15540313720703
20.904138565063477	22.327686309814453
19.274263381958008	20.92003631591797
20.488876342773438	22.10692596435547
21.400352478027344	22.8205623626709
20.310802459716797	21.767492294311523
19.655662536621094	21.246597290039062
19.75224494934082	21.204072952270508
20.42149543762207	21.87264633178711
21.065570831298828	22.545839309692383
19.194395065307617	20.856122970581055
20.040735244750977	21.529272079467773
20.641746520996094	22.249921798706055
19.879350662231445	21.331815719604492
19.523090362548828	21.040971755981445
19.558687210083008	21.08791732788086
19.349811553955078	20.787111282348633
19.751056671142578	21.224098205566406
19.982994079589844	21.399484634399414
19.298160552978516	20.745431900024414
19.183879852294922	20.54241943359375
19.91444206237793	21.391950607299805
19.992273330688477	21.539142608642578
20.756759643554688	22.18024253845215
19.068735122680664	20.387964248657227
20.450864791870117	21.817604064941406
19.64297866821289	21.178668975830078
20.675901412963867	22.3333740234375
20.043014526367188	21.41277313232422
20.04779052734375	21.532312393188477
25.860580444335938	27.70785903930664
25.87116050720215	27.68938636779785
26.18524742126465	27.996074676513672
25.272890090942383	27.146141052246094
24.786182403564453	26.358055114746094
23.12344741821289	24.669893264770508
24.373390197753906	26.072250366210938
24.833843231201172	26.685590744018555
24.880538940429688	26.430871963500977
27.463315963745117	29.139402389526367
25.215219497680664	26.79370880126953
26.764060974121094	28.470521926879883
24.68405532836914	26.341026306152344
25.1534423828125	26.84123992919922
25.82387924194336	27.90558433532715
24.77861976623535	26.637544631958008
23.980243682861328	25.753990173339844
23.376436233520508	25.02505874633789
23.989900588989258	26.07953643798828
24.18878173828125	25.790447235107422
25.161447525024414	27.432710647583008
24.963722229003906	26.99045181274414
23.93073081970215	25.930004119873047
26.760522842407227	28.492158889770508
24.0205078125	25.622411727905273
25.52883529663086	27.116714477539062
24.679096221923828	26.353538513183594
25.588701248168945	27.126760482788086
25.097394943237305	26.967639923095703
23.096464157104492	24.735130310058594
25.89977264404297	27.89447593688965
25.094541549682617	26.803630828857422
24.6553955078125	26.325462341308594
21.80419921875	23.302383422851562
23.14532470703125	24.819780349731445
25.85842514038086	27.68115234375
25.969152450561523	27.735567092895508
23.398591995239258	25.19176483154297
26.528301239013672	28.137704849243164
23.57003402709961	25.13825225830078
25.528566360473633	27.147249221801758
23.12824058532715	24.800092697143555
24.607763290405273	26.294740676879883
26.757314682006836	29.007692337036133
23.499839782714844	25.769838333129883
24.720266342163086	26.399425506591797
25.9653377532959	27.937828063964844
24.09210968017578	25.776670455932617
23.744556427001953	25.75365447998047
26.55817413330078	28.514551162719727
25.870195388793945	27.619863510131836
24.740432739257812	26.574403762817383
25.9349308013916	27.681806564331055
24.6086368560791	26.422338485717773
24.696557998657227	26.225414276123047
27.638071060180664	29.6560001373291
26.58883285522461	28.3740177154541
25.76715087890625	27.48601722717285
27.101579666137695	28.7451114654541
23.600440979003906	25.130943298339844
24.229660034179688	26.05584144592285
25.190065383911133	26.979623794555664
23.761289596557617	25.242708206176758
22.431442260742188	24.311471939086914
26.154708862304688	28.061857223510742
18.046340942382812	19.214872360229492
23.660140991210938	25.188074111938477
18.908586502075195	20.575090408325195
25.054710388183594	26.64600372314453
25.645627975463867	27.66143226623535
24.615556716918945	26.33539581298828
26.346479415893555	28.3902645111084
24.210588455200195	25.990745544433594
25.104585647583008	26.95553970336914
26.96160888671875	28.812822341918945
25.3432674407959	27.044790267944336
24.395837783813477	25.999902725219727
23.897340774536133	25.777637481689453
24.818859100341797	26.529739379882812
19.161888122558594	21.004173278808594
24.880321502685547	26.56414222717285
25.39374542236328	27.389572143554688
26.637765884399414	28.61331558227539
24.068893432617188	25.83639907836914
25.03179168701172	26.609094619750977
27.14862060546875	28.746458053588867
24.848159790039062	26.530742645263672
24.168231964111328	26.109352111816406
24.065385818481445	25.71277618408203
25.0559139251709	26.869487762451172
26.292564392089844	27.997514724731445
25.496322631835938	27.06869125366211
26.3775577545166	28.06055450439453
24.87411117553711	27.001577377319336
25.554014205932617	27.27330780029297
25.676002502441406	27.314546585083008
24.597383499145508	26.191917419433594
25.014650344848633	26.59821319580078
24.281030654907227	25.93938446044922
23.790882110595703	25.37091064453125
25.537128448486328	27.65615463256836
23.946714401245117	25.859285354614258
22.37967300415039	24.100072860717773
26.394880294799805	28.183008193969727
25.45965003967285	27.35956382751465
25.124286651611328	26.894546508789062
23.972970962524414	25.445405960083008
26.068256378173828	27.8081111907959
26.6285457611084	28.85067367553711
23.058055877685547	24.625398635864258
25.29892349243164	27.041908264160156
24.190988540649414	25.789819717407227
23.738021850585938	25.312271118164062
24.930349349975586	26.682775497436523
25.943523406982422	27.727262496948242
23.961217880249023	25.718551635742188
24.51219940185547	26.460494995117188
24.324813842773438	25.869264602661133
24.139724731445312	25.81830596923828
25.412769317626953	27.201066970825195
25.608543395996094	27.500566482543945
25.16689682006836	27.250261306762695
25.6159725189209	27.311845779418945
25.23211097717285	26.928726196289062
25.244089126586914	26.8969783782959
25.33441162109375	27.07225799560547
22.149372100830078	23.99224853515625
25.825517654418945	27.481103897094727
24.445798873901367	26.061670303344727
22.6824951171875	24.054636001586914
24.768964767456055	26.457765579223633
25.028980255126953	26.7565860748291
23.567163467407227	25.161405563354492
23.946165084838867	25.5362491607666
26.04168701171875	27.75666046142578
22.071029663085938	23.761463165283203
25.453454971313477	27.087907791137695
23.402219772338867	25.14739418029785
23.908527374267578	25.523853302001953
23.584388732910156	25.18804359436035
23.640382766723633	25.1717472076416
24.325664520263672	25.788898468017578
23.688222885131836	25.35641098022461
25.324495315551758	27.124366760253906
25.81600570678711	27.8725643157959
24.609718322753906	26.186120986938477
24.111413955688477	25.8934383392334
25.635480880737305	27.209291458129883
21.16425323486328	22.820533752441406
25.097267150878906	26.725627899169922
20.640785217285156	22.705854415893555
25.493898391723633	27.15074920654297
24.54846954345703	26.210193634033203
24.110105514526367	25.71048355102539
24.48969268798828	25.94821548461914
0.0	0.0
24.33794403076172	26.1591739654541
24.103296279907227	25.542316436767578
22.310386657714844	23.952775955200195
24.23061752319336	25.747974395751953
25.282188415527344	26.87737464904785
22.583494186401367	23.972810745239258
25.007295608520508	26.611783981323242
24.398574829101562	26.125070571899414
26.4705810546875	28.106401443481445
20.48841094970703	22.36740493774414
23.582378387451172	25.233448028564453
23.80341148376465	25.302688598632812
23.9049072265625	25.337865829467773
21.140186309814453	22.824228286743164
23.354686737060547	24.82815170288086
23.102588653564453	24.793275833129883
21.513784408569336	23.375015258789062
23.516525268554688	24.89487075805664
22.864442825317383	24.4470272064209
24.95166015625	26.48094940185547
24.152376174926758	26.003835678100586
23.344755172729492	25.059497833251953
23.082284927368164	24.649450302124023
21.698633193969727	23.244951248168945
20.746740341186523	22.201650619506836
23.843975067138672	25.487886428833008
24.26105499267578	25.93968963623047
23.468046188354492	25.12759017944336
23.64826202392578	25.19756317138672
23.936084747314453	25.656044006347656
23.697776794433594	25.303194046020508
23.047208786010742	24.638357162475586
22.39275550842285	24.119125366210938
23.209192276000977	24.833633422851562
24.872936248779297	26.550508499145508
22.608556747436523	24.244028091430664
24.983625411987305	26.732769012451172
22.63079261779785	24.06352996826172
22.555891036987305	24.13595199584961
23.441980361938477	24.963422775268555
23.39084243774414	24.874242782592773
24.396347045898438	26.083696365356445
23.757844924926758	25.327512741088867
23.422317504882812	25.03929901123047
24.624536514282227	26.137331008911133
23.092111587524414	24.64571762084961
23.879064559936523	25.4256534576416
23.07724380493164	24.691600799560547
23.749662399291992	25.342967987060547
24.948993682861328	26.744678497314453
23.207719802856445	24.645854949951172
20.142629623413086	21.715845108032227
23.133255004882812	24.656909942626953
25.484933853149414	27.006149291992188
24.514616012573242	26.177980422973633
23.973360061645508	25.7056884765625
22.625038146972656	24.173925399780273
23.51516342163086	25.111417770385742
22.308490753173828	23.85617446899414
23.0153865814209	24.79156494140625
23.06201171875	24.59046173095703
24.13384437561035	25.623756408691406
24.271310806274414	25.982450485229492
22.05389404296875	23.626665115356445
22.458152770996094	24.514511108398438
23.790693283081055	25.750486373901367
24.621854782104492	26.102333068847656
24.37329864501953	25.815099716186523
22.63214874267578	24.322195053100586
23.02678871154785	24.637712478637695
22.824914932250977	24.431617736816406
23.831153869628906	25.56377601623535
22.33401107788086	24.047119140625
22.667312622070312	24.332353591918945
21.616941452026367	23.294771194458008
23.318681716918945	24.788110733032227
23.62409210205078	25.302719116210938
24.582687377929688	26.13299560546875
24.341720581054688	25.952157974243164
22.530744552612305	24.171884536743164
23.283615112304688	25.121671676635742
22.604389190673828	24.07037353515625
24.083101272583008	25.7274169921875
24.419921875	26.067798614501953
24.8618221282959	26.36435317993164
24.357297897338867	25.959949493408203
20.683696746826172	22.394773483276367
25.107393264770508	26.829416275024414
23.136184692382812	24.624252319335938
23.265274047851562	24.748769760131836
23.57904815673828	25.101831436157227
23.82589340209961	25.577077865600586
23.18878173828125	24.985883712768555
24.510229110717773	26.120805740356445
21.754240036010742	23.293962478637695
23.2568416595459	24.814956665039062
22.961278915405273	24.56594467163086
22.313758850097656	23.793073654174805
23.968420028686523	26.099355697631836
23.732873916625977	25.404441833496094
18.379566192626953	19.854530334472656
18.1149845123291	19.14979362487793
18.188823699951172	19.34760856628418
18.326635360717773	19.666244506835938
18.89328956604004	20.35454559326172
19.929855346679688	21.350831985473633
19.647842407226562	21.164518356323242
17.9525146484375	18.489410400390625
18.185791015625	19.247474670410156
19.04093360900879	20.568727493286133
18.22028350830078	19.55376625061035
19.023916244506836	20.438093185424805
18.35582733154297	19.606225967407227
19.561866760253906	20.996780395507812
18.6765193939209	20.20940589904785
18.332313537597656	19.780824661254883
19.76835823059082	21.237253189086914
18.85416030883789	20.298730850219727
18.919342041015625	20.526994705200195
19.424400329589844	20.927854537963867
20.291873931884766	21.83794593811035
18.773113250732422	20.098602294921875
18.298519134521484	19.576139450073242
19.385629653930664	20.802885055541992
19.415607452392578	20.82320785522461
19.259105682373047	20.810300827026367
19.461214065551758	20.931055068969727
19.745059967041016	21.384809494018555
19.460996627807617	21.013357162475586
19.483556747436523	20.9781551361084
19.23113441467285	20.900358200073242
18.93377113342285	20.2506160736084
19.2134952545166	20.625207901000977
19.165006637573242	20.6712589263916
18.340801239013672	19.476978302001953
18.93316078186035	20.542287826538086
20.272064208984375	21.757732391357422
18.179594039916992	19.524133682250977
19.182710647583008	20.656339645385742
18.538902282714844	19.920734405517578
18.143028259277344	19.136024475097656
18.134763717651367	19.2822322845459
17.964296340942383	18.563562393188477
19.254003524780273	20.898944854736328
17.95650291442871	18.607620239257812
18.522151947021484	19.823781967163086
19.417808532714844	20.967121124267578
18.70749855041504	20.20697784423828
18.504241943359375	20.006982803344727
18.973587036132812	20.59469985961914
19.088563919067383	20.409481048583984
18.351917266845703	19.43593406677246
18.028289794921875	19.078378677368164
18.24920082092285	19.485179901123047
18.009502410888672	18.833608627319336
18.016748428344727	18.921398162841797
20.6600284576416	22.419172286987305
20.089675903320312	21.76056671142578
20.630416870117188	22.168664932250977
18.140602111816406	19.208654403686523
18.590429306030273	20.114093780517578
19.62251091003418	21.095775604248047
20.449216842651367	22.009410858154297
18.79419708251953	20.206815719604492
20.3387451171875	21.851377487182617
19.53447914123535	21.01433563232422
19.553991317749023	21.334331512451172
20.12957191467285	21.636028289794922
18.702835083007812	20.069591522216797
20.269731521606445	21.796995162963867
20.371152877807617	21.908281326293945
20.924463272094727	22.80017852783203
19.365446090698242	20.959688186645508
18.240869522094727	19.385787963867188
19.187789916992188	20.904735565185547
18.190998077392578	19.300731658935547
19.686132431030273	21.285484313964844
19.927072525024414	21.398927688598633
19.84021759033203	21.448162078857422
19.875429153442383	21.400192260742188
21.219266891479492	22.753602981567383
20.039466857910156	21.677722930908203
20.341344833374023	22.030061721801758
19.922883987426758	22.236207962036133
19.517837524414062	20.901935577392578
19.534090042114258	20.943666458129883
18.75122833251953	20.140602111816406
19.173500061035156	20.918907165527344
19.7713623046875	21.2840633392334
19.217571258544922	21.075037002563477
19.365314483642578	20.78915023803711
19.39844512939453	21.137981414794922
19.03690528869629	20.8496150970459
19.22218132019043	20.84832191467285
20.19331932067871	21.60103988647461
18.559385299682617	19.98341941833496
19.655414581298828	21.067733764648438
18.308677673339844	19.567323684692383
18.07587432861328	19.058801651000977
18.684595108032227	20.191648483276367
20.607728958129883	22.246959686279297
18.45203399658203	20.14198112487793
19.681867599487305	21.292705535888672
19.72791290283203	21.323619842529297
20.539812088012695	22.293895721435547
19.576658248901367	21.101760864257812
19.667274475097656	21.090742111206055
19.30704689025879	20.847457885742188
18.368473052978516	19.760217666625977
20.377199172973633	21.966598510742188
18.39111328125	19.678102493286133
19.355384826660156	20.927265167236328
18.28744125366211	19.650175094604492
19.65373992919922	21.168107986450195
18.072778701782227	18.966625213623047
17.94439125061035	18.29692840576172
0.0	0.0
19.801589965820312	21.257057189941406
8.79380989074707	15.397758483886719
0.0	0.0
17.989686965942383	18.748212814331055
17.9434871673584	18.354005813598633
18.248950958251953	19.501596450805664
19.13385009765625	20.591657638549805
19.15199851989746	20.54574966430664
18.088693618774414	19.104164123535156
18.895666122436523	20.48404312133789
19.24396324157715	20.716367721557617
21.64299774169922	23.642065048217773
20.382667541503906	22.05966567993164
25.234386444091797	27.179636001586914
19.786035537719727	21.672195434570312
24.7080020904541	26.592405319213867
24.76459312438965	26.746170043945312
26.61324691772461	28.450326919555664
20.503267288208008	22.485595703125
24.306625366210938	25.995532989501953
22.61886215209961	24.60694122314453
24.48870086669922	26.184986114501953
22.63623046875	25.007526397705078
27.73794174194336	29.638235092163086
21.87189483642578	23.475326538085938
24.65765953063965	26.587629318237305
23.423564910888672	25.30365562438965
22.95461654663086	24.887147903442383
23.37291717529297	25.073070526123047
26.509798049926758	28.93486976623535
23.044191360473633	24.8532772064209
23.836294174194336	25.83380889892578
23.963773727416992	25.955242156982422
22.758691787719727	24.486753463745117
24.040380477905273	25.864219665527344
25.154590606689453	26.950538635253906
26.5461368560791	28.319040298461914
23.50518226623535	25.352834701538086
22.536497116088867	24.405017852783203
24.584300994873047	26.205568313598633
24.74633026123047	26.74018096923828
25.128650665283203	26.938589096069336
24.017072677612305	25.800878524780273
23.4352970123291	25.231306076049805
25.056560516357422	27.109724044799805
24.08798599243164	25.895353317260742
26.919443130493164	28.930997848510742
27.046594619750977	29.019969940185547
26.599275588989258	28.460777282714844
24.286874771118164	26.117815017700195
26.4979305267334	28.450544357299805
23.740833282470703	25.553329467773438
25.922962188720703	27.705463409423828
25.928512573242188	27.965917587280273
26.323335647583008	28.141862869262695
24.885570526123047	27.194812774658203
20.721628189086914	22.500844955444336
23.863786697387695	25.771530151367188
25.312999725341797	27.135568618774414
23.105064392089844	25.156543731689453
21.7220401763916	23.6662654876709
25.618057250976562	27.519681930541992
25.707151412963867	27.582046508789062
26.96023941040039	28.976694107055664
24.241540908813477	26.06918716430664
25.714086532592773	27.48721694946289
22.714645385742188	24.795265197753906
24.517715454101562	26.52838897705078
22.537431716918945	24.51055908203125
23.235658645629883	25.5174617767334
23.74920654296875	25.49797821044922
25.711130142211914	27.852855682373047
24.388124465942383	26.058582305908203
27.014179229736328	28.645118713378906
23.43475914001465	25.68645477294922
26.386991500854492	28.375099182128906
25.571460723876953	27.287809371948242
24.173324584960938	25.782045364379883
27.299558639526367	29.096580505371094
24.673364639282227	26.286487579345703
25.829023361206055	28.08686065673828
24.41983413696289	26.100637435913086
26.372852325439453	28.57921600341797
25.97014808654785	27.710519790649414
27.34821128845215	29.289213180541992
26.482471466064453	28.39948081970215
23.31182098388672	25.15353775024414
25.503873825073242	27.42499542236328
25.994888305664062	30.0584659576416
26.18395233154297	27.73931121826172
25.723133087158203	27.70223617553711
28.288297653198242	30.453357696533203
25.598337173461914	27.38524627685547
26.897659301757812	29.115610122680664
0.0	0.0
27.369037628173828	29.189573287963867
27.31082534790039	28.90814208984375
25.576889038085938	27.208885192871094
26.390249252319336	28.541580200195312
25.4498291015625	27.15555191040039
28.342382431030273	30.158369064331055
25.326580047607422	27.148656845092773
25.979833602905273	27.695329666137695
24.117576599121094	26.103139877319336
26.268774032592773	28.287378311157227
25.091358184814453	27.183286666870117
25.9541015625	27.697010040283203
26.21533203125	28.0403995513916
27.720849990844727	29.41747283935547
24.780410766601562	26.585987091064453
26.507863998413086	28.130769729614258
25.323097229003906	27.565284729003906
26.415668487548828	28.605131149291992
25.159889221191406	27.636615753173828
24.439496994018555	26.198102951049805
22.47848129272461	24.324237823486328
26.003070831298828	27.7316837310791
25.38329315185547	27.256547927856445
22.73773765563965	24.354869842529297
30.922468185424805	32.97297668457031
27.484657287597656	29.176673889160156
24.331256866455078	26.10943031311035
24.28314971923828	26.044893264770508
26.521093368530273	28.691307067871094
26.559484481811523	28.436965942382812
25.74664306640625	28.16179656982422
24.797292709350586	26.562049865722656
25.85211181640625	27.77849578857422
26.516084671020508	28.170639038085938
28.840255737304688	30.5391902923584
28.157360076904297	30.183860778808594
21.282855987548828	23.215608596801758
26.718610763549805	28.362651824951172
29.560314178466797	31.371994018554688
26.272480010986328	27.88333511352539
24.93645477294922	26.734586715698242
25.49091339111328	27.318580627441406
24.381643295288086	26.68633270263672
23.781896591186523	25.76571273803711
20.25832176208496	21.786577224731445
19.969860076904297	21.37343978881836
20.721166610717773	22.423358917236328
20.185232162475586	21.722124099731445
20.906179428100586	22.398540496826172
19.4364013671875	20.924341201782227
20.659494400024414	22.163625717163086
19.334104537963867	20.961332321166992
19.815635681152344	21.231306076049805
20.665260314941406	22.243188858032227
20.993738174438477	22.502492904663086
19.989051818847656	21.43768882751465
19.58087921142578	20.965951919555664
20.11236000061035	21.571901321411133
18.342266082763672	19.673851013183594
20.319042205810547	21.967811584472656
20.030288696289062	21.604963302612305
20.79973793029785	22.266408920288086
20.624155044555664	22.202350616455078
20.166431427001953	21.55919647216797
0.0	0.0
18.886808395385742	20.40856170654297
19.372451782226562	21.07691192626953
19.585411071777344	20.981487274169922
20.27536964416504	21.714397430419922
21.599939346313477	23.103805541992188
20.0120792388916	21.357948303222656
20.71880340576172	22.242612838745117
19.74302101135254	21.253005981445312
20.944679260253906	22.427688598632812
21.128820419311523	22.817747116088867
21.808670043945312	23.347999572753906
20.609237670898438	22.058544158935547
19.31370735168457	20.79079818725586
20.522531509399414	21.953737258911133
22.558507919311523	24.365039825439453
19.49603271484375	20.889446258544922
20.42608070373535	22.279443740844727
20.28435707092285	21.659648895263672
21.929702758789062	23.318880081176758
20.841266632080078	22.242572784423828
19.449827194213867	20.943443298339844
21.706396102905273	23.174123764038086
21.04034423828125	22.72614288330078
20.457931518554688	22.028968811035156
21.242652893066406	22.815107345581055
20.964523315429688	22.440467834472656
19.927711486816406	21.448806762695312
20.67354965209961	22.127817153930664
21.047626495361328	22.561290740966797
20.1286563873291	21.49382972717285
20.312528610229492	21.690317153930664
20.715906143188477	22.320241928100586
20.326396942138672	21.797197341918945
19.964435577392578	21.331602096557617
20.339000701904297	21.795190811157227
20.423686981201172	22.071754455566406
19.755014419555664	21.325111389160156
20.533109664916992	21.935640335083008
20.839445114135742	22.32898712158203
19.893966674804688	21.351879119873047
20.110445022583008	21.50006866455078
20.624988555908203	22.155994415283203
20.900318145751953	22.344038009643555
19.730432510375977	21.102632522583008
18.216215133666992	19.33415985107422
18.666210174560547	19.970006942749023
18.239986419677734	19.339384078979492
18.55893325805664	19.814226150512695
18.703020095825195	20.052204132080078
19.252164840698242	20.588918685913086
18.332130432128906	19.652725219726562
18.43208122253418	19.656906127929688
19.377870559692383	20.698131561279297
19.602231979370117	20.981067657470703
18.523902893066406	19.764328002929688
18.81001853942871	20.214853286743164
18.813634872436523	20.222440719604492
18.141889572143555	19.185178756713867
19.1660099029541	20.728147506713867
19.108051300048828	20.39366912841797
18.204509735107422	19.33565902709961
18.945741653442383	20.205101013183594
18.419395446777344	19.777603149414062
18.580419540405273	19.912830352783203
18.27056312561035	19.4307804107666
18.172225952148438	19.307056427001953
18.603899002075195	19.946670532226562
19.225536346435547	20.584306716918945
18.8156681060791	20.134902954101562
18.17901611328125	19.171390533447266
19.854778289794922	21.22979164123535
18.64133071899414	20.22930908203125
19.833873748779297	21.462478637695312
20.114458084106445	21.45514488220215
19.4866886138916	20.855234146118164
19.946012496948242	21.29009437561035
19.14656639099121	20.47087860107422
19.1556339263916	20.606077194213867
18.483179092407227	19.662317276000977
19.196006774902344	20.69774627685547
18.408964157104492	19.811613082885742
18.379213333129883	19.713016510009766
18.5931453704834	19.968719482421875
18.067039489746094	19.00041961669922
17.991130828857422	18.650096893310547
17.986608505249023	18.630067825317383
18.182910919189453	19.27400779724121
18.301950454711914	19.678302764892578
19.101238250732422	20.38967514038086
18.388973236083984	19.765417098999023
19.200345993041992	20.642026901245117
18.295026779174805	19.514659881591797
18.6707820892334	20.032272338867188
19.193851470947266	20.688194274902344
18.682798385620117	20.04218292236328
18.46470832824707	19.870664596557617
18.647390365600586	19.976360321044922
17.983592987060547	18.43659782409668
19.160390853881836	20.60098648071289
18.463659286499023	19.852890014648438
19.086345672607422	20.419652938842773
19.52764320373535	20.8702392578125
19.012056350708008	20.350173950195312
18.948942184448242	20.339340209960938
18.675827026367188	20.051042556762695
18.459625244140625	19.7835636138916
18.688413619995117	20.233736038208008
20.548961639404297	23.420269012451172
23.366657257080078	24.9882869720459
24.634103775024414	26.369203567504883
22.805906295776367	24.620912551879883
24.198078155517578	25.738754272460938
23.39582061767578	25.0030517578125
22.629270553588867	24.174419403076172
20.986127853393555	22.711585998535156
22.630346298217773	24.29080581665039
24.012880325317383	25.613258361816406
22.32254409790039	23.90436363220215
23.22393798828125	24.873523712158203
23.39067840576172	24.907976150512695
21.991920471191406	23.60861587524414
23.118669509887695	24.87169647216797
26.015979766845703	27.740375518798828
21.993545532226562	23.749465942382812
23.155534744262695	24.716691970825195
22.550954818725586	24.021106719970703
23.265764236450195	24.798973083496094
22.643051147460938	24.413524627685547
24.758100509643555	26.42975616455078
22.908418655395508	24.573259353637695
21.158994674682617	22.676546096801758
23.848487854003906	25.312314987182617
22.901647567749023	24.425888061523438
24.793859481811523	26.299192428588867
23.19501304626465	24.7341365814209
22.61026382446289	24.3564395904541
23.12942886352539	24.661603927612305
21.43896484375	23.406007766723633
21.207229614257812	22.773759841918945
21.036325454711914	22.650463104248047
24.09341049194336	25.722427368164062
22.462602615356445	23.973604202270508
23.376676559448242	25.240966796875
24.091527938842773	25.709856033325195
21.939014434814453	23.6690673828125
23.323225021362305	24.843063354492188
22.0606632232666	23.489276885986328
23.307615280151367	24.838462829589844
24.347789764404297	26.007070541381836
24.542133331298828	26.138124465942383
23.781871795654297	25.472402572631836
25.18616485595703	27.030776977539062
23.80306625366211	25.341472625732422
21.03316879272461	22.746776580810547
22.551170349121094	24.226816177368164
21.980121612548828	23.697046279907227
22.769668579101562	24.464021682739258
21.81060028076172	23.450407028198242
24.547901153564453	26.240251541137695
22.98379135131836	24.602920532226562
24.678850173950195	26.325349807739258
23.538785934448242	25.126489639282227
23.847501754760742	25.42803382873535
22.78133773803711	24.341577529907227
24.902067184448242	26.446636199951172
25.037487030029297	26.656112670898438
21.984729766845703	23.513168334960938
21.816553115844727	23.515369415283203
23.1016845703125	24.91071319580078
22.04800033569336	23.57546615600586
22.74842071533203	24.486818313598633
23.976289749145508	25.616071701049805
22.309755325317383	23.861417770385742
23.908418655395508	25.43313217163086
21.828086853027344	23.246227264404297
24.31739044189453	26.0659122467041
22.679780960083008	24.399181365966797
22.500999450683594	23.9705810546875
24.525653839111328	26.409339904785156
21.107927322387695	22.475095748901367
21.014997482299805	22.294893264770508
23.092485427856445	24.732553482055664
23.493213653564453	25.002893447875977
23.620311737060547	25.106664657592773
23.506254196166992	25.238798141479492
22.520336151123047	23.927629470825195
22.965723037719727	24.530139923095703
21.962596893310547	23.506105422973633
21.41204833984375	23.051036834716797
23.173046112060547	24.717851638793945
21.696876525878906	23.480077743530273
22.307111740112305	23.83111000061035
22.10274887084961	23.5764102935791
23.329748153686523	24.92609405517578
24.477066040039062	26.206886291503906
23.428119659423828	24.988977432250977
23.8820743560791	25.406288146972656
24.36701011657715	25.89641761779785
24.8111629486084	26.33087158203125
22.300493240356445	23.822546005249023
22.009138107299805	23.74530601501465
22.667369842529297	24.052162170410156
24.195287704467773	25.65875244140625
24.599288940429688	26.236047744750977
22.979028701782227	24.405012130737305
23.002511978149414	24.5288143157959
23.951547622680664	25.515972137451172
22.433237075805664	24.08392906188965
23.11370277404785	24.779199600219727
23.76068687438965	25.309011459350586
23.08083724975586	24.632925033569336
22.46957015991211	24.00323486328125
25.571435928344727	27.279111862182617
24.238998413085938	25.849224090576172
24.59206771850586	26.243419647216797
23.50286865234375	25.17046546936035
23.604516983032227	25.17534637451172
21.33466148376465	22.87493133544922
22.0482177734375	23.5859375
22.15996742248535	23.621763229370117
21.0164852142334	22.620317459106445
23.320972442626953	24.91236114501953
20.845884323120117	22.963539123535156
22.276235580444336	23.894855499267578
22.377792358398438	24.01559829711914
21.592361450195312	23.123769760131836
20.959699630737305	22.561355590820312
18.539945602416992	20.174535751342773
23.793598175048828	25.434856414794922
23.848560333251953	25.544740676879883
22.381391525268555	23.803606033325195
22.919435501098633	24.537633895874023
23.263587951660156	24.789552688598633
23.585988998413086	25.285799026489258
22.626157760620117	24.135202407836914
21.694435119628906	23.37347984313965
24.360994338989258	25.897546768188477
22.877500534057617	24.5330753326416
23.805316925048828	25.5772705078125
22.754810333251953	24.323869705200195
21.71133041381836	23.204771041870117
22.595069885253906	24.046445846557617
23.402971267700195	25.12018585205078
23.223186492919922	24.68529510498047
22.68673324584961	24.226722717285156
22.7309513092041	24.318235397338867
23.89214515686035	25.469507217407227
23.510608673095703	25.185558319091797
22.222440719604492	23.84076690673828
22.819059371948242	24.509811401367188
21.449256896972656	23.049095153808594
20.457195281982422	21.998096466064453
22.7353515625	24.208332061767578
22.64441680908203	24.231000900268555
21.708189010620117	23.178688049316406
20.017133712768555	21.95541000366211
20.950542449951172	22.60070037841797
21.878761291503906	23.665695190429688
23.46454429626465	25.01938247680664
21.003768920898438	22.502643585205078
23.041688919067383	24.791261672973633
22.572166442871094	24.196369171142578
22.676555633544922	24.272016525268555
23.991966247558594	25.85479736328125
23.9816951751709	25.61544418334961
22.363109588623047	24.118331909179688
22.596210479736328	24.089069366455078
22.10724449157715	23.555282592773438
24.447744369506836	26.037187576293945
22.553455352783203	24.023324966430664
23.75844955444336	25.4793643951416
24.259183883666992	25.842897415161133
21.340951919555664	23.036636352539062
22.0802001953125	23.574373245239258
22.472702026367188	23.876859664916992
23.127050399780273	24.593212127685547
24.13543701171875	25.769529342651367
21.374101638793945	22.903003692626953
23.872011184692383	25.691904067993164
23.33383560180664	25.195425033569336
22.927518844604492	24.419960021972656
21.634523391723633	23.120946884155273
24.269773483276367	25.819538116455078
22.297225952148438	23.749704360961914
23.255216598510742	24.8043270111084
23.031770706176758	24.47919273376465
22.169553756713867	23.729509353637695
22.84878921508789	24.58757972717285
23.783903121948242	25.46560287475586
23.14844512939453	24.68062973022461
23.778425216674805	25.408777236938477
21.944561004638672	23.605058670043945
22.71283531188965	24.343833923339844
22.707529067993164	24.3797550201416
24.9242000579834	26.60576820373535
23.989103317260742	25.633256912231445
24.900117874145508	26.445728302001953
21.345075607299805	22.779905319213867
22.599912643432617	24.175762176513672
21.071077346801758	22.679916381835938
20.228919982910156	22.1806640625
20.662809371948242	22.186996459960938
21.356470108032227	22.932144165039062
21.15896987915039	22.507280349731445
21.953845977783203	23.65985870361328
23.246618270874023	24.798620223999023
21.836986541748047	23.447248458862305
21.70962142944336	23.299165725708008
21.281068801879883	22.820701599121094
21.675739288330078	23.312667846679688
21.297584533691406	22.802265167236328
23.541284561157227	25.229829788208008
22.044536590576172	23.489055633544922
22.414899826049805	24.042617797851562
22.824678421020508	24.59416961669922
21.3746280670166	23.071943283081055
20.185348510742188	21.792625427246094
21.799718856811523	23.353479385375977
21.99475860595703	23.717885971069336
21.687421798706055	23.158174514770508
21.848491668701172	23.296646118164062
22.078147888183594	23.59438705444336
21.729921340942383	23.278764724731445
22.677684783935547	24.19732666015625
22.96871566772461	24.4621524810791
22.643396377563477	24.251623153686523
22.4705753326416	23.989334106445312
21.135482788085938	22.738479614257812
21.329465866088867	22.911222457885742
22.153270721435547	23.630834579467773
22.050039291381836	23.54354476928711
20.660974502563477	22.079906463623047
21.449974060058594	22.975936889648438
22.936262130737305	24.43112564086914
21.1311092376709	22.600011825561523
21.61569595336914	23.26593780517578
22.6561279296875	24.404184341430664
22.900291442871094	24.498140335083008
20.9039306640625	22.287277221679688
25.215490341186523	26.96340560913086
21.975425720214844	23.480138778686523
22.14403533935547	23.577560424804688
22.360143661499023	23.865650177001953
18.737529754638672	20.429309844970703
21.726747512817383	23.17615509033203
17.976383209228516	18.752788543701172
21.595226287841797	23.068696975708008
17.977001190185547	18.485612869262695
0.0	0.0
23.574182510375977	25.25342559814453
21.551851272583008	23.1175537109375
23.975269317626953	25.6861572265625
21.242656707763672	22.760177612304688
21.167102813720703	22.641050338745117
18.08666229248047	22.39993667602539
17.957447052001953	18.455896377563477
23.476421356201172	24.975671768188477
22.562667846679688	24.174150466918945
21.406326293945312	23.000234603881836
17.96271514892578	18.513446807861328
21.66278648376465	23.101543426513672
22.222190856933594	23.905515670776367
17.955400466918945	18.42217254638672
26.60467529296875	28.23134994506836
26.158510208129883	27.78496551513672
27.010154724121094	28.701871871948242
25.14560317993164	26.728750228881836
27.28386878967285	28.820032119750977
27.647377014160156	29.31048583984375
25.2403564453125	26.768238067626953
27.594505310058594	29.349634170532227
24.817180633544922	26.416677474975586
31.191360473632812	32.9857063293457
26.26626968383789	27.96466064453125
28.058822631835938	29.696138381958008
27.478378295898438	29.130878448486328
27.1114559173584	28.677139282226562
26.391681671142578	28.07326889038086
27.071924209594727	28.824542999267578
27.317771911621094	28.9796199798584
27.819618225097656	29.435962677001953
27.640331268310547	29.30990219116211
26.650983810424805	28.256568908691406
26.997203826904297	28.676013946533203
27.78054428100586	29.444908142089844
27.081951141357422	28.961130142211914
27.191200256347656	28.881269454956055
27.61789321899414	29.257495880126953
29.696062088012695	31.456256866455078
27.600191116333008	29.161836624145508
25.583650588989258	27.603605270385742
26.38128089904785	28.216413497924805
28.243850708007812	29.844642639160156
26.032913208007812	28.014366149902344
27.236095428466797	28.963403701782227
26.957473754882812	28.676156997680664
27.871572494506836	29.537546157836914
26.251815795898438	27.89446258544922
24.157686233520508	25.89661407470703
28.718603134155273	30.470407485961914
28.115236282348633	29.781782150268555
29.38986587524414	31.348468780517578
25.778396606445312	27.378755569458008
26.729774475097656	28.248191833496094
27.38348388671875	28.945392608642578
26.128379821777344	27.763877868652344
26.30880355834961	28.070579528808594
27.285276412963867	28.985055923461914
25.173725128173828	26.720766067504883
25.39447021484375	27.023469924926758
27.180282592773438	28.78241539001465
25.92133331298828	27.439409255981445
26.820722579956055	28.327293395996094
24.372512817382812	25.93927764892578
27.446516036987305	29.105548858642578
26.912538528442383	28.607248306274414
28.19005584716797	29.946584701538086
25.742652893066406	27.372844696044922
25.731698989868164	27.440183639526367
25.732868194580078	27.279951095581055
28.659503936767578	30.343189239501953
27.07274627685547	28.824716567993164
26.385202407836914	28.025835037231445
28.172800064086914	29.9353084564209
26.195716857910156	27.92327308654785
26.552165985107422	28.241554260253906
27.11655044555664	28.813861846923828
27.47492027282715	29.38085174560547
27.229429244995117	28.915481567382812
27.347593307495117	29.143884658813477
27.10970687866211	28.680831909179688
26.8170108795166	28.41696548461914
24.916582107543945	26.757579803466797
25.33855438232422	26.81420135498047
28.265043258666992	30.168516159057617
25.948305130004883	27.62310791015625
26.103504180908203	27.54802703857422
27.799333572387695	29.726102828979492
26.85672378540039	28.44788360595703
25.40216636657715	27.004667282104492
26.335765838623047	27.720823287963867
28.77294921875	30.518394470214844
27.277341842651367	28.985403060913086
26.709308624267578	28.6079044342041
26.79987335205078	28.338729858398438
27.18718719482422	29.061939239501953
28.79049301147461	30.550798416137695
24.332761764526367	25.762388229370117
27.016267776489258	28.601940155029297
28.007902145385742	29.589689254760742
26.508485794067383	28.245807647705078
27.977285385131836	29.753520965576172
27.133119583129883	28.778139114379883
26.828874588012695	28.419937133789062
27.6461124420166	29.18233871459961
28.623977661132812	30.293272018432617
27.848838806152344	29.45794677734375
25.787612915039062	27.322935104370117
27.468141555786133	29.118202209472656
27.801441192626953	29.5478572845459
26.455900192260742	28.093673706054688
30.10040283203125	31.819591522216797
29.165782928466797	30.906389236450195
29.626489639282227	31.594736099243164
29.707263946533203	31.602731704711914
29.23098373413086	30.9907169342041
25.97284698486328	27.466323852539062
27.968351364135742	29.698453903198242
27.598247528076172	29.44430160522461
29.77753448486328	31.496416091918945
28.643606185913086	30.278512954711914
27.348583221435547	29.250381469726562
27.439403533935547	29.164722442626953
27.196016311645508	28.852842330932617
27.179431915283203	28.8405818939209
27.072097778320312	28.916658401489258
28.115816116333008	29.880998611450195
29.341510772705078	30.95574188232422
26.897748947143555	28.409727096557617
26.8905029296875	28.527751922607422
26.615127563476562	28.210926055908203
24.846179962158203	26.4034366607666
28.05706214904785	29.801918029785156
26.869644165039062	28.524803161621094
28.69247055053711	30.403186798095703
28.786378860473633	30.461320877075195
27.543630599975586	29.252168655395508
28.421464920043945	30.25896453857422
27.18874740600586	28.81167984008789
27.90176773071289	29.463979721069336
27.418922424316406	29.20742416381836
20.931928634643555	22.639902114868164
21.209815979003906	22.698654174804688
21.577280044555664	23.119190216064453
19.703659057617188	21.276826858520508
20.26665496826172	21.711593627929688
21.95578384399414	23.328149795532227
22.317913055419922	23.854597091674805
19.924575805664062	21.44336700439453
19.500022888183594	20.860595703125
21.610387802124023	23.429967880249023
18.90302848815918	20.38282012939453
20.020565032958984	21.440420150756836
18.66851234436035	20.03948402404785
20.313053131103516	21.753870010375977
21.524518966674805	23.138090133666992
20.762100219726562	22.289196014404297
21.92241859436035	23.55731201171875
21.34746551513672	22.80959701538086
22.27862548828125	23.945119857788086
18.469669342041016	19.932270050048828
21.810380935668945	23.599609375
20.608482360839844	22.13199234008789
21.291820526123047	22.770566940307617
21.843067169189453	23.377187728881836
20.87042999267578	22.403921127319336
19.975862503051758	21.42489242553711
21.524280548095703	22.955734252929688
21.68413543701172	23.23224639892578
20.743627548217773	22.243877410888672
20.355701446533203	21.85070037841797
21.191204071044922	22.883262634277344
19.392908096313477	20.755155563354492
20.889917373657227	22.332782745361328
20.243202209472656	21.623580932617188
19.087732315063477	20.483335494995117
19.42405128479004	20.852527618408203
20.363924026489258	21.755266189575195
19.230236053466797	20.687360763549805
20.238636016845703	21.647756576538086
20.11247444152832	21.597803115844727
20.37367057800293	21.771102905273438
19.706863403320312	21.207862854003906
20.219797134399414	21.65805435180664
18.491147994995117	19.922040939331055
20.7113037109375	22.362558364868164
18.913612365722656	20.365276336669922
19.72503089904785	21.246780395507812
20.380979537963867	21.82256317138672
17.963058471679688	18.79485511779785
19.488401412963867	20.95172882080078
19.628313064575195	21.053361892700195
21.151050567626953	22.639123916625977
19.6590633392334	21.100786209106445
20.326059341430664	21.70561981201172
20.271839141845703	21.788034439086914
19.97361946105957	21.522869110107422
19.722461700439453	21.207382202148438
18.21599006652832	19.346548080444336
19.899721145629883	21.28744888305664
21.31676483154297	22.825849533081055
19.226932525634766	21.01007080078125
19.677621841430664	21.169363021850586
20.236032485961914	21.586641311645508
19.0528507232666	20.73784828186035
20.589954376220703	22.007509231567383
20.44098472595215	21.88237953186035
18.67542266845703	20.095001220703125
19.216205596923828	20.591455459594727
19.834861755371094	21.25975799560547
19.300630569458008	20.707162857055664
20.273351669311523	21.716262817382812
20.40908432006836	21.963815689086914
19.460386276245117	20.860118865966797
20.414342880249023	21.848814010620117
20.690540313720703	22.27081871032715
20.77593231201172	22.191946029663086
19.969863891601562	21.43016815185547
19.95071792602539	21.38018226623535
21.394367218017578	22.903057098388672
20.7176513671875	22.175344467163086
21.726449966430664	23.24541473388672
21.288097381591797	22.912458419799805
21.50406265258789	22.950712203979492
20.696584701538086	22.255172729492188
19.42055320739746	20.82067108154297
20.661514282226562	22.09308433532715
20.276897430419922	21.761798858642578
19.901151657104492	21.451587677001953
20.343358993530273	21.820634841918945
20.94449234008789	22.289838790893555
20.714975357055664	22.072242736816406
19.906288146972656	21.394550323486328
21.62940216064453	23.138628005981445
19.674667358398438	21.433700561523438
21.218172073364258	22.781591415405273
19.828006744384766	21.338640213012695
22.571836471557617	24.109298706054688
20.99294662475586	22.380529403686523
19.3549861907959	20.72161865234375
21.204086303710938	22.738386154174805
19.664888381958008	21.241689682006836
22.636262893676758	24.33391761779785
19.224882125854492	20.728227615356445
22.654428482055664	24.260637283325195
20.537900924682617	22.10989761352539
20.399791717529297	21.8721981048584
19.62251853942871	21.08257484436035
23.0574893951416	24.639604568481445
19.83509063720703	21.521995544433594
20.721546173095703	22.1532039642334
19.98565673828125	21.379802703857422
20.12683868408203	21.523500442504883
20.985614776611328	22.50385284423828
21.112016677856445	22.592063903808594
21.261886596679688	22.88787841796875
21.145395278930664	22.62224769592285
19.080873489379883	20.55577850341797
21.090723037719727	22.56519317626953
21.330968856811523	22.75531578063965
20.881122589111328	22.287891387939453
22.488149642944336	24.040935516357422
19.88964080810547	21.289339065551758
20.188684463500977	21.60458755493164
23.883230209350586	25.370386123657227
22.927085876464844	24.56560707092285
20.36859893798828	21.774797439575195
22.856740951538086	24.487882614135742
20.9923038482666	22.4102725982666
22.128311157226562	23.538846969604492
21.843494415283203	23.348888397216797
22.1480712890625	23.65234375
23.033981323242188	24.52715301513672
20.086389541625977	21.483205795288086
21.194839477539062	22.586530685424805
20.035066604614258	21.333969116210938
20.52025604248047	21.976896286010742
20.461637496948242	21.867870330810547
21.968324661254883	23.544824600219727
22.74494171142578	24.171812057495117
19.929058074951172	21.345319747924805
20.327735900878906	21.786867141723633
22.302474975585938	23.768075942993164
21.76553726196289	23.24292755126953
22.081636428833008	23.623123168945312
21.637344360351562	23.150693893432617
21.29303550720215	22.729808807373047
22.486133575439453	24.032556533813477
21.851818084716797	23.408466339111328
21.633928298950195	23.388351440429688
21.650346755981445	23.111736297607422
22.500062942504883	24.08660125732422
21.628541946411133	23.09100341796875
20.411771774291992	21.880468368530273
22.593799591064453	24.08184242248535
19.527677536010742	20.8516788482666
20.838178634643555	22.24785614013672
19.221906661987305	20.663618087768555
21.332469940185547	22.761913299560547
21.598276138305664	23.16644287109375
19.836423873901367	21.258390426635742
21.329547882080078	22.82988739013672
19.034053802490234	20.310245513916016
19.987476348876953	21.367324829101562
22.666677474975586	24.251707077026367
19.34441566467285	20.6557674407959
19.76976776123047	21.331727981567383
21.000436782836914	22.488309860229492
20.281871795654297	21.7025089263916
18.843929290771484	20.1381778717041
20.965951919555664	22.367460250854492
21.058177947998047	22.470802307128906
19.10927963256836	20.570161819458008
20.218236923217773	21.764877319335938
20.355680465698242	21.76604652404785
20.0944881439209	21.489519119262695
20.716650009155273	22.086284637451172
21.516889572143555	23.06521987915039
21.089597702026367	22.461366653442383
20.701194763183594	22.157882690429688
20.760690689086914	22.209245681762695
23.019441604614258	24.576265335083008
19.29768943786621	20.57724380493164
20.185317993164062	21.571699142456055
21.957292556762695	23.373167037963867
20.64699935913086	22.054786682128906
21.917705535888672	23.509105682373047
21.094284057617188	22.60057830810547
20.029733657836914	21.369213104248047
22.2850399017334	23.720178604125977
21.392499923706055	22.88387680053711
21.667865753173828	23.136032104492188
23.604717254638672	25.129718780517578
21.76445770263672	23.236553192138672
21.889110565185547	23.347375869750977
20.916259765625	22.327411651611328
21.877670288085938	23.367734909057617
20.48971939086914	21.856794357299805
19.660961151123047	21.07906723022461
21.53805923461914	22.993947982788086
22.708772659301758	24.340559005737305
22.217609405517578	23.693992614746094
21.818462371826172	23.3607234954834
20.87717056274414	22.31424331665039
20.150558471679688	21.606101989746094
20.694171905517578	22.198259353637695
21.999704360961914	23.471294403076172
19.960851669311523	21.413251876831055
20.72087860107422	22.301868438720703
21.174758911132812	22.729700088500977
20.462749481201172	21.95557403564453
20.91933822631836	22.406614303588867
21.38085174560547	23.006301879882812
20.5474796295166	21.927635192871094
19.549484252929688	20.961580276489258
20.081666946411133	21.50423812866211
20.788610458374023	22.336071014404297
19.798627853393555	21.1596622467041
20.365848541259766	21.799821853637695
19.400720596313477	20.786209106445312
22.096921920776367	23.661325454711914
19.967958450317383	21.400463104248047
20.74078941345215	22.253984451293945
19.616838455200195	20.997913360595703
19.57972526550293	20.94574737548828
19.902990341186523	21.353126525878906
20.3641414642334	21.752958297729492
20.631418228149414	22.173276901245117
20.389469146728516	21.893970489501953
20.094985961914062	21.469892501831055
20.44295883178711	21.8197078704834
21.423450469970703	22.948810577392578
20.594768524169922	22.087175369262695
20.905498504638672	22.38894271850586
19.921812057495117	21.36126136779785
20.95388412475586	22.470203399658203
20.209592819213867	21.666156768798828
19.55085563659668	21.192062377929688
20.574968338012695	22.025524139404297
19.737459182739258	21.141530990600586
18.504287719726562	19.70375633239746
20.611913681030273	22.117515563964844
20.753711700439453	22.321678161621094
19.77705955505371	21.296674728393555
20.593650817871094	21.954696655273438
19.73556137084961	21.197704315185547
20.52307891845703	21.904874801635742
20.21143341064453	21.580341339111328
20.11003875732422	21.696706771850586
19.425477981567383	20.971435546875
20.806745529174805	22.303064346313477
19.960250854492188	21.302236557006836
20.244787216186523	21.695663452148438
20.111988067626953	21.578454971313477
20.460041046142578	21.834375381469727
21.22844886779785	22.822772979736328
19.416282653808594	20.910730361938477
19.107637405395508	20.5969295501709
19.891944885253906	21.249671936035156
20.193445205688477	21.619426727294922
19.230506896972656	20.77703285217285
19.895048141479492	21.310575485229492
20.362123489379883	21.83905601501465
19.139585494995117	20.58687973022461
20.343534469604492	21.858348846435547
20.355674743652344	21.776613235473633
20.397581100463867	21.93035125732422
20.948240280151367	22.434913635253906
19.646459579467773	21.07504653930664
20.111425399780273	21.550695419311523
20.252065658569336	21.665136337280273
20.52741050720215	21.945030212402344
20.98139190673828	22.279827117919922
19.93570327758789	21.471357345581055
20.138137817382812	21.547752380371094
19.637351989746094	21.141443252563477
19.828229904174805	21.262392044067383
20.062232971191406	21.605241775512695
20.19681739807129	21.782306671142578
19.741052627563477	21.298194885253906
19.294429779052734	20.647706985473633
18.89886474609375	20.301429748535156
18.74774742126465	20.06447410583496
19.298999786376953	20.699281692504883
19.177471160888672	20.619447708129883
19.92572784423828	21.41179847717285
19.192371368408203	20.6210994720459
21.99626922607422	23.454513549804688
20.12021827697754	21.503246307373047
20.999032974243164	22.393112182617188
19.16413116455078	20.569665908813477
19.338579177856445	20.7108211517334
20.987903594970703	22.492895126342773
19.582918167114258	21.044462203979492
21.164751052856445	22.699745178222656
20.389684677124023	21.819276809692383
19.009197235107422	20.376813888549805
20.69097900390625	22.101455688476562
19.2182674407959	20.66586685180664
18.119535446166992	19.12841796875
20.978132247924805	22.407377243041992
19.376874923706055	20.953081130981445
19.154186248779297	20.524789810180664
20.25059700012207	21.733213424682617
20.742229461669922	22.139320373535156
19.469514846801758	21.031034469604492
19.302711486816406	20.8720703125
18.856550216674805	20.226097106933594
19.298580169677734	20.650365829467773
20.627668380737305	22.085050582885742
19.50002098083496	20.814271926879883
19.367538452148438	20.7557373046875
20.482648849487305	21.969369888305664
19.879779815673828	21.26839828491211
20.226037979125977	21.706958770751953
20.298986434936523	21.76873207092285
18.864107131958008	20.22151756286621
19.078994750976562	20.718843460083008
19.98209571838379	21.36629867553711
19.45264434814453	20.836015701293945
19.972896575927734	21.440044403076172
20.96741485595703	22.454469680786133
19.553773880004883	20.86554527282715
20.825881958007812	22.334278106689453
21.281763076782227	22.793235778808594
22.065689086914062	23.591028213500977
19.831825256347656	21.306241989135742
19.876157760620117	21.29168128967285
21.249547958374023	22.754680633544922
19.607454299926758	21.002674102783203
21.074020385742188	22.497093200683594
20.24053382873535	21.738882064819336
19.821544647216797	21.258413314819336
19.993549346923828	21.529584884643555
20.94774627685547	22.564414978027344
19.84825897216797	21.3577880859375
22.385395050048828	23.988544464111328
21.642908096313477	23.21319580078125
20.751758575439453	22.32705307006836
22.002145767211914	23.656042098999023
18.118974685668945	19.392202377319336
19.631580352783203	20.99161148071289
21.05279541015625	22.47393035888672
21.244108200073242	22.7268009185791
20.508119583129883	22.012277603149414
20.173202514648438	21.548429489135742
20.464265823364258	21.8624324798584
19.611474990844727	20.93023681640625
19.974519729614258	21.378028869628906
21.309274673461914	22.950645446777344
20.742433547973633	22.296897888183594
22.266721725463867	23.714704513549805
21.00204086303711	22.455053329467773
21.543106079101562	22.96106719970703
21.640583038330078	23.06018829345703
22.014307022094727	23.562606811523438
21.103321075439453	22.51141929626465
21.020898818969727	22.700824737548828
20.13792610168457	21.784290313720703
22.620044708251953	24.158437728881836
21.226909637451172	22.708288192749023
19.422183990478516	21.026884078979492
21.700475692749023	23.105810165405273
20.217510223388672	21.679153442382812
21.24951171875	22.622303009033203
20.199243545532227	21.918682098388672
21.177839279174805	22.66756820678711
19.659330368041992	21.098989486694336
21.027822494506836	22.511377334594727
20.160987854003906	21.77242660522461
20.639421463012695	22.195337295532227
20.538217544555664	22.03711700439453
20.359312057495117	21.836862564086914
20.122940063476562	21.595603942871094
21.36365509033203	22.891599655151367
20.610342025756836	22.089170455932617
20.21991729736328	21.864164352416992
21.02233123779297	22.717880249023438
19.94721221923828	21.405733108520508
20.926313400268555	22.46231460571289
21.009262084960938	22.29909896850586
20.361064910888672	21.99557876586914
21.641096115112305	23.072715759277344
21.753074645996094	23.331398010253906
22.007888793945312	23.831344604492188
20.421958923339844	21.984899520874023
22.300966262817383	23.839433670043945
20.37699317932129	21.999967575073242
21.924081802368164	23.624711990356445
20.725849151611328	22.319190979003906
18.916139602661133	20.39198112487793
22.695180892944336	24.21332359313965
21.803525924682617	23.58763885498047
21.067026138305664	22.504074096679688
21.153318405151367	22.947044372558594
21.269468307495117	22.87026596069336
20.4935359954834	22.064786911010742
20.968881607055664	22.472623825073242
20.63591957092285	22.070180892944336
20.313291549682617	21.872840881347656
20.706707000732422	22.315065383911133
23.23150634765625	25.05084228515625
22.321569442749023	23.993471145629883
20.243234634399414	21.904722213745117
21.184995651245117	22.61821746826172
20.91708755493164	22.754222869873047
20.469707489013672	22.79275894165039
21.694377899169922	23.21552085876465
22.44198226928711	24.05606460571289
22.742643356323242	24.276222229003906
21.810009002685547	23.500802993774414
21.817991256713867	23.573781967163086
20.041454315185547	21.573434829711914
21.668258666992188	23.450498580932617
21.81629180908203	23.375778198242188
20.948270797729492	22.472064971923828
19.13818359375	22.63848876953125
20.930097579956055	22.415050506591797
20.467540740966797	21.957033157348633
20.989730834960938	22.847131729125977
18.272418975830078	19.866355895996094
20.76468276977539	22.35727310180664
20.902847290039062	22.683732986450195
20.243349075317383	21.623573303222656
20.281278610229492	21.78650665283203
20.817392349243164	22.4390811920166
19.519533157348633	20.938615798950195
20.62960433959961	22.20049285888672
19.187702178955078	20.803499221801758
21.3008975982666	23.002153396606445
19.077417373657227	20.458337783813477
21.398466110229492	23.020090103149414
19.939123153686523	21.360734939575195
19.64763832092285	21.113784790039062
21.545312881469727	23.037433624267578
20.924875259399414	22.458534240722656
20.357986450195312	21.815088272094727
20.53677749633789	22.18415069580078
20.873239517211914	22.425453186035156
19.964139938354492	21.32781219482422
19.7552490234375	21.452247619628906
22.6298828125	24.42251205444336
19.926292419433594	21.696374893188477
20.626623153686523	22.119054794311523
19.636472702026367	20.979490280151367
21.127220153808594	22.820415496826172
20.47979164123535	22.022689819335938
21.346355438232422	22.960712432861328
20.605728149414062	22.172714233398438
21.39267349243164	23.0006160736084
20.894487380981445	22.416688919067383
21.153310775756836	22.784076690673828
21.280046463012695	22.822120666503906
22.147998809814453	23.737051010131836
19.234333038330078	20.91704559326172
20.351499557495117	22.014183044433594
21.741466522216797	23.478553771972656
21.395620346069336	22.943340301513672
21.458993911743164	22.91729736328125
21.993999481201172	23.616981506347656
20.287437438964844	21.632062911987305
20.653169631958008	22.103759765625
21.359153747558594	23.066661834716797
21.658348083496094	23.118762969970703
20.43663215637207	21.988496780395508
22.465373992919922	24.220500946044922
18.9561824798584	20.432727813720703
20.87464141845703	22.57172203063965
19.49885368347168	21.01190757751465
20.329357147216797	21.727123260498047
21.168109893798828	22.79178237915039
20.358692169189453	21.937116622924805
20.44211196899414	22.062326431274414
21.716615676879883	23.23052406311035
18.040618896484375	19.15178680419922
20.271474838256836	21.68445587158203
21.60418128967285	23.11321258544922
19.932130813598633	21.557050704956055
19.858034133911133	21.441774368286133
19.995180130004883	21.466169357299805
20.559608459472656	22.149377822875977
20.685869216918945	22.223508834838867
22.359079360961914	23.93170166015625
18.880165100097656	20.60895347595215
19.378746032714844	20.755409240722656
19.70986557006836	21.363258361816406
19.825197219848633	21.392253875732422
20.797103881835938	22.526086807250977
20.50135040283203	22.041797637939453
22.295913696289062	23.94036293029785
20.01488494873047	21.450498580932617
19.895954132080078	21.416542053222656
21.678451538085938	23.383655548095703
21.484567642211914	23.212902069091797
22.298965454101562	23.92742156982422
19.507781982421875	21.041994094848633
20.641515731811523	22.182514190673828
20.49030303955078	22.000478744506836
21.52011489868164	23.201520919799805
19.609691619873047	21.212709426879883
20.52800941467285	22.163867950439453
21.448406219482422	23.120582580566406
20.916484832763672	22.40021514892578
22.68903350830078	24.255224227905273
20.588422775268555	22.29690933227539
18.998531341552734	20.618141174316406
21.0546875	22.540952682495117
21.315319061279297	22.861289978027344
20.941152572631836	22.644756317138672
19.639772415161133	21.0924129486084
22.491506576538086	24.131860733032227
21.186960220336914	22.693300247192383
20.853466033935547	22.580347061157227
21.744861602783203	23.202383041381836
20.138721466064453	21.710800170898438
22.771888732910156	24.498336791992188
21.77191925048828	23.315109252929688
20.72162628173828	22.25312042236328
20.69759750366211	22.215185165405273
21.350208282470703	22.80344009399414
20.430370330810547	21.85306167602539
19.912918090820312	21.367006301879883
21.16427230834961	22.88475799560547
20.750381469726562	22.111858367919922
20.938884735107422	22.66130828857422
20.78736114501953	22.273792266845703
20.21396255493164	21.66751480102539
21.009489059448242	22.55035400390625
19.94316291809082	21.450525283813477
20.780197143554688	22.215368270874023
20.483251571655273	21.931541442871094
20.361997604370117	21.905628204345703
20.225645065307617	21.789438247680664
20.488176345825195	22.356578826904297
19.948413848876953	21.452259063720703
19.940387725830078	21.807876586914062
19.467330932617188	21.021623611450195
22.198163986206055	23.695039749145508
22.002965927124023	23.62329864501953
20.869596481323242	22.37118911743164
18.781238555908203	20.423463821411133
19.905855178833008	21.696025848388672
20.86349868774414	22.502355575561523
19.555639266967773	21.367347717285156
20.244897842407227	21.706073760986328
20.805343627929688	22.323091506958008
20.201679229736328	21.65595245361328
19.777584075927734	21.46746063232422
20.149585723876953	21.770273208618164
19.939931869506836	21.802892684936523
20.152793884277344	21.765417098999023
19.992286682128906	21.670862197875977
18.758960723876953	20.307849884033203
20.21161651611328	21.589773178100586
18.778514862060547	20.39476776123047
19.51018714904785	21.115741729736328
19.544559478759766	21.097251892089844
21.166589736938477	22.755380630493164
20.88220977783203	22.184648513793945
19.779203414916992	21.36096954345703
20.290781021118164	21.765493392944336
21.480579376220703	23.036283493041992
21.0924072265625	22.555374145507812
19.838682174682617	21.432859420776367
21.37200355529785	23.060903549194336
19.965734481811523	21.487775802612305
21.577241897583008	23.194555282592773
20.981372833251953	22.645776748657227
20.190067291259766	21.770986557006836
20.544471740722656	22.083576202392578
21.492891311645508	23.248554229736328
22.625205993652344	24.389873504638672
20.949350357055664	22.477245330810547
22.041118621826172	23.610727310180664
21.824628829956055	23.30914878845215
19.400104522705078	21.002540588378906
20.390016555786133	21.87859344482422
21.307538986206055	22.856477737426758
21.753042221069336	23.250652313232422
22.688453674316406	24.184690475463867
21.3267879486084	22.739582061767578
23.279884338378906	24.86756134033203
23.19632339477539	24.814453125
22.387285232543945	23.886629104614258
22.34787368774414	23.902833938598633
21.641956329345703	23.133037567138672
22.309240341186523	23.850656509399414
21.861326217651367	23.50174331665039
23.92315673828125	25.452856063842773
20.38861656188965	21.777969360351562
22.85062026977539	24.460729598999023
21.79080581665039	23.315488815307617
22.3228759765625	23.98674774169922
23.144014358520508	24.713376998901367
20.86139488220215	22.419790267944336
23.302471160888672	24.881484985351562
21.760690689086914	23.37415313720703
21.697607040405273	23.160734176635742
22.249528884887695	23.7869815826416
21.1584415435791	22.663969039916992
22.14401626586914	23.81513023376465
21.264808654785156	22.779478073120117
23.5898380279541	25.200977325439453
20.00263023376465	21.52255630493164
22.066627502441406	23.55185317993164
20.47650718688965	22.094114303588867
21.339204788208008	22.982816696166992
21.199050903320312	22.67638397216797
22.95157241821289	24.448558807373047
22.288373947143555	23.853036880493164
22.569629669189453	24.035568237304688
21.253772735595703	22.676668167114258
20.726030349731445	22.169883728027344
20.538740158081055	22.13150405883789
22.861337661743164	24.526039123535156
22.428295135498047	24.104928970336914
22.246946334838867	23.801618576049805
22.093334197998047	23.755002975463867
21.682655334472656	23.365440368652344
22.73556900024414	24.2106990814209
21.095605850219727	22.609054565429688
22.898170471191406	24.876785278320312
22.703445434570312	24.199586868286133
23.079687118530273	24.688379287719727
23.081846237182617	24.621984481811523
21.934186935424805	23.496110916137695
21.474689483642578	22.92314910888672
22.279403686523438	23.82342529296875
24.611677169799805	26.24481773376465
22.204811096191406	23.734785079956055
22.624313354492188	24.074621200561523
21.034543991088867	22.369783401489258
21.856731414794922	23.652921676635742
23.652021408081055	25.38860511779785
23.465818405151367	24.92666244506836
23.32953643798828	24.961074829101562
21.910276412963867	23.405061721801758
21.58843231201172	23.194137573242188
22.309232711791992	23.86954116821289
21.439695358276367	23.089487075805664
22.411165237426758	24.1729793548584
26.25054168701172	28.033523559570312
25.51543426513672	27.255971908569336
26.77361297607422	28.549579620361328
26.903114318847656	28.614093780517578
29.078350067138672	30.753019332885742
25.751052856445312	27.287216186523438
27.207643508911133	28.75356674194336
27.648693084716797	29.282733917236328
26.314577102661133	27.955663681030273
28.48670196533203	30.26165771484375
24.816694259643555	26.49285316467285
28.676834106445312	30.381671905517578
29.81456756591797	31.398113250732422
26.240699768066406	27.826370239257812
27.123340606689453	28.799461364746094
28.734678268432617	30.459028244018555
28.56265640258789	30.112817764282227
24.360692977905273	26.023191452026367
25.992082595825195	27.620018005371094
27.025667190551758	28.661779403686523
26.261882781982422	27.908342361450195
26.612165451049805	28.271970748901367
24.967674255371094	26.891462326049805
25.839550018310547	27.574609756469727
25.884353637695312	27.41146469116211
28.694744110107422	30.556486129760742
27.305788040161133	29.034404754638672
25.803987503051758	27.406511306762695
27.310964584350586	29.516639709472656
26.398178100585938	28.076496124267578
25.878376007080078	28.32337188720703
26.741926193237305	28.512834548950195
26.639741897583008	28.247041702270508
26.90134048461914	28.400941848754883
25.776870727539062	27.349773406982422
25.582599639892578	27.721200942993164
26.051164627075195	27.567140579223633
20.506450653076172	22.420726776123047
28.051170349121094	29.881013870239258
26.424150466918945	28.212968826293945
25.39592742919922	27.002464294433594
28.123903274536133	30.081031799316406
24.5369930267334	26.253293991088867
21.299976348876953	23.096200942993164
20.04212760925293	21.774795532226562
19.373998641967773	21.03339195251465
19.42351722717285	21.069068908691406
21.85567855834961	23.530681610107422
21.405210494995117	23.31732940673828
21.236976623535156	23.114517211914062
26.904834747314453	28.4893798828125
25.02191734313965	26.71718978881836
21.927837371826172	23.507139205932617
21.559520721435547	23.513750076293945
20.799152374267578	22.535629272460938
21.738784790039062	23.478675842285156
22.28265953063965	24.107040405273438
25.648740768432617	27.25817108154297
28.013696670532227	29.647748947143555
27.98894691467285	29.748010635375977
22.346694946289062	24.178823471069336
25.503944396972656	27.08914566040039
26.527236938476562	28.189321517944336
20.565629959106445	22.159772872924805
25.490314483642578	27.706892013549805
27.788389205932617	29.778013229370117
26.732463836669922	28.572555541992188
25.720970153808594	27.28960609436035
25.349096298217773	26.99066925048828
25.84817886352539	27.654844284057617
26.352346420288086	27.909828186035156
28.487607955932617	30.536378860473633
25.208688735961914	26.943435668945312
26.002538681030273	27.590906143188477
25.919998168945312	28.16635513305664
22.966432571411133	24.709508895874023
26.700542449951172	28.35736083984375
28.081378936767578	29.69631576538086
25.24896812438965	27.194229125976562
25.432741165161133	27.0584659576416
22.031787872314453	24.088041305541992
20.056488037109375	21.829998016357422
20.527172088623047	22.241308212280273
20.38947105407715	22.320327758789062
26.84827423095703	28.48340606689453
26.213024139404297	28.12409210205078
19.12605094909668	20.64691925048828
22.30223846435547	24.056377410888672
26.545801162719727	28.086618423461914
20.939550399780273	22.752735137939453
25.779264450073242	27.42501449584961
26.27249526977539	28.052091598510742
21.515600204467773	23.200328826904297
21.04046058654785	23.018993377685547
20.4991455078125	22.32952880859375
26.796737670898438	28.493480682373047
25.443754196166992	26.927698135375977
26.60464096069336	28.223955154418945
19.013416290283203	20.668067932128906
28.361534118652344	30.556589126586914
20.190204620361328	21.94341468811035
23.28199005126953	25.059476852416992
27.496809005737305	29.414316177368164
19.500255584716797	21.314006805419922
21.378984451293945	23.022659301757812
28.252038955688477	29.938467025756836
21.149883270263672	22.779268264770508
27.931655883789062	29.633808135986328
22.14769744873047	24.192176818847656
28.46042251586914	30.193096160888672
25.284927368164062	26.955188751220703
24.401771545410156	26.244064331054688
25.51276206970215	27.258201599121094
20.298751831054688	22.0399112701416
27.789400100708008	29.587514877319336
23.751585006713867	25.428298950195312
26.800369262695312	28.648693084716797
25.46856117248535	27.292940139770508
20.7991886138916	22.59386444091797
24.057151794433594	26.004323959350586
26.42981719970703	28.55866241455078
25.0234375	26.670433044433594
24.991350173950195	26.598793029785156
26.237903594970703	27.945049285888672
24.26553726196289	26.401105880737305
18.647981643676758	20.294004440307617
27.509693145751953	29.708576202392578
26.307151794433594	28.1353759765625
23.524646759033203	25.634048461914062
22.198808670043945	23.744028091430664
22.791841506958008	24.56139373779297
21.765005111694336	23.95781898498535
22.742586135864258	24.273954391479492
24.527015686035156	26.183504104614258
23.164897918701172	24.848859786987305
22.1480712890625	24.439546585083008
24.336999893188477	25.83550262451172
21.91753387451172	23.70781898498535
23.953340530395508	25.765310287475586
22.584474563598633	24.211645126342773
21.419265747070312	22.939489364624023
23.942785263061523	25.533830642700195
23.731122970581055	25.648475646972656
22.357139587402344	24.3477725982666
22.5100040435791	24.817270278930664
22.049516677856445	23.75467300415039
21.18535614013672	23.205121994018555
21.139389038085938	22.686782836914062
21.801420211791992	23.928382873535156
23.40778350830078	25.405370712280273
22.36871337890625	24.371776580810547
22.1451358795166	23.709674835205078
22.737165451049805	24.308732986450195
23.413740158081055	25.159772872924805
21.699377059936523	23.21063804626465
21.303468704223633	22.863632202148438
22.161619186401367	23.769834518432617
24.456653594970703	26.305675506591797
22.81344985961914	24.707033157348633
22.386781692504883	24.6978816986084
22.960969924926758	24.450037002563477
22.073566436767578	23.62338638305664
21.712108612060547	23.332176208496094
20.08028221130371	22.289169311523438
24.090778350830078	25.945619583129883
20.223779678344727	22.42702865600586
22.389101028442383	24.048124313354492
23.265031814575195	25.131996154785156
22.871479034423828	24.57720947265625
21.591222763061523	23.167879104614258
20.874649047851562	22.577621459960938
21.584814071655273	23.49704360961914
21.444894790649414	23.438697814941406
21.414262771606445	23.034652709960938
19.68588638305664	21.402929306030273
20.483165740966797	22.105175018310547
21.42767906188965	23.21868324279785
23.113088607788086	24.87415313720703
21.158594131469727	22.786909103393555
22.01306915283203	23.555038452148438
21.684206008911133	23.372058868408203
21.525365829467773	23.065298080444336
22.462051391601562	23.900772094726562
22.616838455200195	24.31873321533203
19.448726654052734	21.37723159790039
20.442317962646484	22.699783325195312
22.489309310913086	24.563119888305664
21.533327102661133	23.15741539001465
20.412450790405273	22.185386657714844
23.141817092895508	24.994121551513672
21.434770584106445	22.999217987060547
19.892990112304688	21.639646530151367
21.564443588256836	23.353273391723633
23.558673858642578	25.135915756225586
24.884231567382812	26.67223358154297
23.754411697387695	25.288942337036133
23.891817092895508	25.589191436767578
24.042028427124023	25.744155883789062
24.243192672729492	25.966093063354492
22.451993942260742	24.162521362304688
24.448850631713867	25.993057250976562
23.620298385620117	25.212278366088867
23.478174209594727	25.313264846801758
23.27942657470703	25.011493682861328
22.871191024780273	24.472457885742188
23.704357147216797	25.493675231933594
24.460105895996094	26.037534713745117
24.61099624633789	26.649152755737305
22.38384246826172	24.269519805908203
23.110279083251953	24.773780822753906
22.913166046142578	24.778867721557617
21.277612686157227	23.39910125732422
23.270586013793945	24.940134048461914
22.430618286132812	24.075883865356445
22.5037899017334	24.0311222076416
22.75778579711914	24.474462509155273
23.586057662963867	25.141103744506836
24.726755142211914	26.48339080810547
23.527111053466797	25.051101684570312
23.631071090698242	25.392440795898438
21.54541015625	23.33066177368164
23.214599609375	25.277414321899414
24.951644897460938	26.614809036254883
24.873695373535156	26.556982040405273
23.817853927612305	25.40563201904297
22.569202423095703	25.025354385375977
23.058753967285156	24.653654098510742
23.074302673339844	24.839313507080078
22.54906463623047	24.461132049560547
21.878515243530273	23.813783645629883
22.30608558654785	24.239707946777344
25.627090454101562	27.26752281188965
23.027915954589844	25.153352737426758
22.385046005249023	24.000205993652344
23.896692276000977	25.87813949584961
24.225492477416992	25.974349975585938
22.331764221191406	24.264402389526367
22.377887725830078	23.917078018188477
22.56340789794922	24.375225067138672
23.220840454101562	24.882347106933594
24.004989624023438	25.752492904663086
24.268754959106445	26.1112003326416
21.51824951171875	23.608190536499023
23.031780242919922	24.65837860107422
21.9677677154541	23.773574829101562
23.34994125366211	25.28052520751953
22.513830184936523	24.02749252319336
23.209972381591797	24.765663146972656
21.764820098876953	23.65966796875
24.75607681274414	26.40021324157715
23.51715660095215	25.153884887695312
22.241985321044922	23.868511199951172
22.250568389892578	23.993757247924805
23.175949096679688	24.94162368774414
21.857093811035156	23.733539581298828
22.076587677001953	24.0047607421875
21.21902847290039	23.188703536987305
23.404644012451172	25.01006317138672
21.281021118164062	23.048236846923828
23.802141189575195	25.753129959106445
23.856473922729492	25.787315368652344
21.913349151611328	23.583759307861328
24.967382431030273	26.64226531982422
22.8053035736084	25.364398956298828
20.581157684326172	22.171300888061523
22.990076065063477	24.822465896606445
23.468036651611328	25.248441696166992
20.532777786254883	22.041540145874023
23.0507755279541	24.59770965576172
21.36762046813965	23.035009384155273
17.95262336730957	18.378625869750977
20.436786651611328	22.070093154907227
18.091354370117188	20.748035430908203
23.31137466430664	25.023880004882812
20.036569595336914	22.0417423248291
21.36440658569336	23.050634384155273
14.582550048828125	20.652965545654297
20.93622398376465	22.81146812438965
21.263877868652344	23.067068099975586
21.470558166503906	22.994096755981445
23.203838348388672	24.687593460083008
21.404855728149414	22.999286651611328
20.826671600341797	22.454490661621094
22.585247039794922	24.299074172973633
21.774368286132812	23.492692947387695
21.29399871826172	22.798429489135742
21.422203063964844	23.3935546875
19.901166915893555	21.524477005004883
22.764991760253906	24.26837921142578
22.25806427001953	24.034181594848633
21.21550941467285	23.005189895629883
20.189830780029297	21.790746688842773
21.527027130126953	23.113618850708008
23.069107055664062	24.971454620361328
24.200599670410156	26.046981811523438
23.025575637817383	24.802770614624023
22.271251678466797	23.917125701904297
21.548137664794922	23.578659057617188
22.681386947631836	24.7686767578125
17.990198135375977	18.888389587402344
22.905029296875	24.853771209716797
23.138261795043945	25.031993865966797
23.52825927734375	23.738998413085938
19.92383575439453	21.471342086791992
21.194822311401367	23.273889541625977
20.06682014465332	21.853919982910156
21.472640991210938	23.210641860961914
22.193920135498047	24.07935333251953
24.57483673095703	26.437959671020508
22.14413070678711	23.6680965423584
21.37847900390625	23.01691246032715
19.093297958374023	21.01883316040039
21.330121994018555	23.234113693237305
22.9697322845459	24.529033660888672
23.325345993041992	25.084909439086914
20.877666473388672	22.521217346191406
17.965167999267578	18.62343978881836
21.836156845092773	23.420438766479492
21.772632598876953	23.605424880981445
22.62139892578125	25.08960723876953
16.330188751220703	20.212047576904297
22.492725372314453	24.289756774902344
20.252025604248047	21.962078094482422
21.539695739746094	23.14874839782715
19.587129592895508	21.075702667236328
18.114303588867188	19.464317321777344
20.7011775970459	22.374771118164062
0.0	0.0
22.858137130737305	24.659894943237305
22.06244468688965	23.6751766204834
19.266756057739258	23.725427627563477
22.458934783935547	24.296436309814453
22.524667739868164	24.06268882751465
23.291372299194336	24.88776397705078
21.644521713256836	23.358051300048828
18.329713821411133	19.79798126220703
20.776235580444336	23.066293716430664
21.151592254638672	22.885923385620117
20.879108428955078	22.6697940826416
19.963367462158203	21.74419593811035
21.606863021850586	23.364168167114258
23.56464195251465	25.356401443481445
24.546403884887695	26.53070068359375
20.613630294799805	22.423341751098633
21.537670135498047	23.24423599243164
21.656517028808594	23.33462905883789
21.884140014648438	23.62042999267578
22.139402389526367	24.172962188720703
22.435169219970703	24.157997131347656
21.299448013305664	23.407793045043945
23.173233032226562	25.176271438598633
20.56902313232422	22.481950759887695
22.21453094482422	23.820405960083008
22.989633560180664	24.735916137695312
21.07514190673828	22.9599552154541
21.75228500366211	23.32192611694336
21.63317108154297	23.836118698120117
23.211153030395508	25.09210777282715
22.967857360839844	24.719289779663086
22.98760223388672	24.940927505493164
19.735816955566406	21.332632064819336
23.148862838745117	24.953065872192383
19.48259735107422	20.994062423706055
21.738489151000977	23.648710250854492
17.039569854736328	21.432363510131836
23.423925399780273	25.132627487182617
21.653209686279297	23.45130157470703
20.188854217529297	21.785724639892578
20.95859146118164	22.94265365600586
21.230796813964844	23.148340225219727
20.276735305786133	22.132463455200195
18.976781845092773	20.672086715698242
17.95659828186035	18.806236267089844
21.091760635375977	22.79051971435547
19.612573623657227	21.429166793823242
20.199678421020508	22.212099075317383
17.912675857543945	18.799989700317383
21.494531631469727	23.078222274780273
22.473976135253906	24.311012268066406
23.21582794189453	25.3032169342041
19.472694396972656	21.366209030151367
21.98780059814453	23.82796859741211
23.159502029418945	24.988670349121094
21.534547805786133	23.701087951660156
25.840116500854492	27.775466918945312
23.01589584350586	24.779468536376953
23.54016876220703	25.158092498779297
22.198232650756836	23.978517532348633
23.673311233520508	25.350608825683594
24.32992172241211	26.129074096679688
22.916608810424805	24.50714111328125
21.67287826538086	23.360177993774414
23.412792205810547	24.930665969848633
23.388660430908203	25.144994735717773
22.491601943969727	24.1124267578125
22.664897918701172	24.283369064331055
23.489276885986328	25.129894256591797
23.4000244140625	25.012704849243164
22.958351135253906	24.840442657470703
23.4976749420166	25.31943130493164
24.866222381591797	26.481517791748047
24.554052352905273	26.27022933959961
24.354053497314453	26.24799156188965
24.425209045410156	26.24532699584961
24.378999710083008	26.178327560424805
23.341642379760742	25.021778106689453
23.079946517944336	24.929983139038086
25.950061798095703	27.620325088500977
24.458999633789062	26.14543914794922
22.713285446166992	24.43596649169922
23.158796310424805	24.830707550048828
23.736860275268555	25.440641403198242
22.029956817626953	23.812152862548828
23.60138511657715	25.276025772094727
21.477018356323242	22.968385696411133
23.5068302154541	25.147544860839844
22.34033203125	23.957822799682617
22.611469268798828	24.149599075317383
24.861591339111328	26.562551498413086
23.71645736694336	25.385316848754883
22.886030197143555	24.352102279663086
20.289932250976562	21.76036834716797
25.686908721923828	27.448884963989258
21.218849182128906	22.68924331665039
23.951581954956055	25.56808853149414
21.3322696685791	22.936237335205078
22.982622146606445	24.62194061279297
24.282682418823242	26.03913116455078
21.908063888549805	23.81210708618164
23.674909591674805	25.398386001586914
21.1010684967041	22.786176681518555
23.287607192993164	24.876192092895508
23.545242309570312	25.524093627929688
22.259607315063477	23.971120834350586
22.043010711669922	23.56170654296875
22.805091857910156	24.424659729003906
22.587339401245117	24.094099044799805
23.66992950439453	25.455976486206055
23.70504379272461	25.470491409301758
23.724895477294922	25.312400817871094
23.741140365600586	25.342552185058594
23.876014709472656	25.53152084350586
23.501314163208008	25.376508712768555
23.2580623626709	25.103208541870117
21.69013023376465	23.348196029663086
22.80337905883789	24.25665855407715
24.098960876464844	25.690031051635742
24.785694122314453	26.5413761138916
23.891237258911133	25.590009689331055
22.696727752685547	24.353591918945312
24.186744689941406	26.003253936767578
25.513660430908203	27.37710952758789
26.754405975341797	28.604393005371094
22.781322479248047	24.401643753051758
24.14403533935547	25.89453125
20.461301803588867	22.213516235351562
22.6937198638916	24.557527542114258
24.09737777709961	25.771408081054688
24.203420639038086	25.876779556274414
25.643312454223633	27.32569122314453
22.98497772216797	24.603689193725586
24.734647750854492	26.623544692993164
23.57373046875	25.45086097717285
23.608247756958008	25.397438049316406
23.794818878173828	25.67196273803711
23.800613403320312	25.363483428955078
22.372264862060547	24.31816864013672
22.202800750732422	24.105432510375977
22.66265106201172	24.088327407836914
22.948801040649414	24.588178634643555
22.837541580200195	24.6231632232666
22.688692092895508	24.886428833007812
24.271377563476562	25.992338180541992
23.416210174560547	24.933565139770508
22.937368392944336	24.39856719970703
23.774194717407227	25.723966598510742
23.574840545654297	25.30291175842285
23.658592224121094	25.497940063476562
25.04947280883789	26.66189193725586
24.840158462524414	26.528430938720703
23.462604522705078	24.938581466674805
23.628368377685547	25.324750900268555
23.75969696044922	25.492074966430664
23.561235427856445	25.020849227905273
22.6364688873291	24.2213134765625
24.452356338500977	26.198219299316406
27.258800506591797	28.93860626220703
22.7087459564209	24.452634811401367
23.970909118652344	25.75859832763672
23.109573364257812	24.915082931518555
26.178789138793945	28.045557022094727
25.249679565429688	26.863630294799805
26.963186264038086	29.077001571655273
24.741718292236328	26.43022918701172
22.657747268676758	24.457231521606445
25.3782958984375	27.082883834838867
23.884557723999023	25.82168197631836
21.837989807128906	23.692590713500977
23.716102600097656	25.554676055908203
23.684255599975586	25.395587921142578
22.300399780273438	24.314016342163086
22.979570388793945	24.442197799682617
23.526796340942383	25.51675796508789
25.163352966308594	26.937498092651367
23.095321655273438	24.925668716430664
25.143327713012695	26.877805709838867
25.951313018798828	27.567216873168945
24.200658798217773	25.8696231842041
23.81525230407715	25.711462020874023
24.274070739746094	25.99038314819336
23.546218872070312	25.346023559570312
22.770444869995117	24.492280960083008
21.4409236907959	23.086320877075195
21.422300338745117	22.8662052154541
22.00784683227539	23.411409378051758
20.28417205810547	21.794849395751953
22.26571273803711	23.933732986450195
23.944089889526367	25.52154541015625
22.83343505859375	24.31292152404785
21.37417984008789	22.964832305908203
20.449687957763672	21.900432586669922
22.14458465576172	23.77093505859375
19.032493591308594	20.367759704589844
22.308725357055664	23.8749942779541
21.21202850341797	22.587018966674805
22.249858856201172	23.675474166870117
21.766645431518555	23.364046096801758
22.041282653808594	23.515981674194336
20.684064865112305	22.194944381713867
23.148216247558594	24.616247177124023
21.85808753967285	23.552282333374023
22.623899459838867	24.103534698486328
21.2724666595459	23.2893123626709
21.845783233642578	23.47262954711914
20.7841739654541	22.3709716796875
21.155866622924805	22.667978286743164
21.726381301879883	23.270463943481445
21.728456497192383	23.152910232543945
21.842729568481445	23.2764892578125
20.650585174560547	22.011743545532227
21.3430233001709	23.108644485473633
20.554481506347656	22.107866287231445
21.637636184692383	23.17931365966797
22.10968589782715	23.77486801147461
21.00757598876953	22.328508377075195
21.071971893310547	22.592121124267578
22.144269943237305	23.703170776367188
21.541858673095703	23.216354370117188
20.518110275268555	22.089767456054688
21.94617462158203	23.447561264038086
21.651575088500977	23.073522567749023
20.62932586669922	22.115440368652344
22.327655792236328	23.71383285522461
20.316574096679688	21.7795352935791
18.155719757080078	19.39158821105957
0.0	0.0
17.984516143798828	18.487123489379883
19.137775421142578	20.69342041015625
19.708940505981445	21.887466430664062
20.4948673248291	21.934951782226562
21.467235565185547	23.09711456298828
21.315217971801758	22.911479949951172
21.04745864868164	22.50784683227539
21.025373458862305	22.59299087524414
19.581153869628906	21.2274227142334
21.84926986694336	23.452770233154297
21.365154266357422	22.776466369628906
17.974929809570312	18.287019729614258
18.631956100463867	20.185733795166016
20.27478790283203	21.878253936767578
20.781455993652344	22.227294921875
22.902761459350586	24.476539611816406
22.19976234436035	23.677576065063477
20.292627334594727	21.61905288696289
21.71808433532715	23.175491333007812
22.94635009765625	24.424306869506836
21.234603881835938	22.76575469970703
21.283525466918945	22.701244354248047
21.952011108398438	23.419504165649414
18.508453369140625	19.71833038330078
19.749305725097656	21.142419815063477
19.20907211303711	20.882055282592773
19.457725524902344	20.916521072387695
18.790790557861328	20.33765983581543
21.69176483154297	23.030067443847656
20.193819046020508	21.604598999023438
21.12106704711914	22.6607666015625
21.35088348388672	22.91131591796875
20.65380096435547	22.20077133178711
19.60525894165039	21.194984436035156
20.666973114013672	22.013242721557617
19.842241287231445	21.373939514160156
18.022106170654297	18.812536239624023
18.305452346801758	19.51730728149414
20.80406951904297	22.246110916137695
17.987934112548828	18.8271427154541
20.893604278564453	22.402631759643555
19.797945022583008	21.219463348388672
21.669321060180664	23.212007522583008
17.838254928588867	20.316064834594727
19.50091552734375	20.963241577148438
19.571823120117188	20.99541664123535
18.89154815673828	20.283679962158203
20.535621643066406	21.95022201538086
19.968135833740234	21.551860809326172
19.98088836669922	21.419910430908203
20.19964027404785	21.571516036987305
21.125255584716797	22.554563522338867
20.89794158935547	22.268590927124023
20.589082717895508	21.890226364135742
20.803861618041992	22.23723793029785
22.758747100830078	24.57879638671875
18.404787063598633	19.836257934570312
21.070566177368164	22.796859741210938
19.967382431030273	21.618257522583008
21.371095657348633	22.937236785888672
21.51342010498047	23.188434600830078
20.668861389160156	22.123144149780273
21.543411254882812	23.087364196777344
20.209266662597656	21.572864532470703
19.823198318481445	21.444841384887695
19.08599281311035	20.41655158996582
20.635753631591797	22.286293029785156
21.587364196777344	23.15044593811035
20.286205291748047	21.8501033782959
20.678613662719727	22.149702072143555
20.393484115600586	21.91669273376465
20.8508358001709	22.303913116455078
20.02583885192871	21.545629501342773
20.242279052734375	21.751636505126953
20.58969497680664	21.955305099487305
21.379480361938477	22.956859588623047
21.1733455657959	22.752012252807617
20.102455139160156	21.558164596557617
21.14736557006836	22.66803741455078
21.46817398071289	22.911653518676758
22.35080337524414	24.122051239013672
21.442087173461914	23.08544921875
21.47562026977539	22.949777603149414
19.489788055419922	21.026029586791992
21.817676544189453	23.4769344329834
20.438657760620117	21.800376892089844
20.41309356689453	21.762428283691406
21.043928146362305	22.660676956176758
21.119653701782227	22.59534454345703
20.28081703186035	21.738445281982422
19.833656311035156	21.229881286621094
21.90979766845703	23.674663543701172
21.42041778564453	22.96805191040039
20.297452926635742	21.90253257751465
20.084230422973633	21.572404861450195
19.760560989379883	21.34640884399414
22.16961097717285	23.56298065185547
19.218994140625	20.66171646118164
20.08927345275879	21.697656631469727
20.180438995361328	21.655311584472656
20.736045837402344	22.255508422851562
19.79432487487793	21.284866333007812
20.815040588378906	22.682483673095703
20.536481857299805	22.08837127685547
19.653413772583008	21.321474075317383
19.379186630249023	20.96096420288086
20.78569793701172	22.438711166381836
20.578115463256836	22.179931640625
21.907377243041992	23.5346622467041
19.59343719482422	21.077369689941406
19.659503936767578	21.106979370117188
20.253028869628906	21.753854751586914
20.982646942138672	22.614835739135742
20.89630126953125	22.415048599243164
21.312299728393555	22.851255416870117
20.244041442871094	21.679397583007812
20.2930965423584	21.78841781616211
21.55270004272461	23.110671997070312
20.7257080078125	22.181901931762695
21.196090698242188	22.717121124267578
20.23859405517578	21.74170684814453
19.452680587768555	21.031919479370117
21.096525192260742	22.549999237060547
19.953523635864258	21.422119140625
19.111228942871094	20.680347442626953
20.147472381591797	21.550521850585938
20.06808090209961	21.546110153198242
21.0544376373291	22.580808639526367
21.504858016967773	23.218351364135742
21.655282974243164	23.295604705810547
20.615276336669922	22.163366317749023
20.400447845458984	22.009119033813477
20.789966583251953	22.3433837890625
20.18067169189453	21.743492126464844
19.44361114501953	20.889503479003906
20.76190757751465	22.285663604736328
19.488805770874023	21.134803771972656
20.256900787353516	21.656171798706055
19.28805923461914	20.723764419555664
20.994487762451172	22.629674911499023
20.15741729736328	22.013124465942383
20.199769973754883	21.792428970336914
20.675029754638672	22.281415939331055
20.45887565612793	22.0784969329834
20.071247100830078	21.939451217651367
20.439184188842773	22.002975463867188
20.798988342285156	22.317853927612305
21.658409118652344	23.255399703979492
23.18255615234375	24.72195816040039
22.47567367553711	24.05144500732422
21.01592445373535	22.634899139404297
21.45993423461914	22.919845581054688
21.458436965942383	23.127819061279297
21.858728408813477	23.393972396850586
23.44363021850586	25.044111251831055
21.709299087524414	23.346521377563477
21.47417449951172	23.025951385498047
21.137802124023438	22.745378494262695
23.33712387084961	24.979324340820312
21.227033615112305	22.75433921813965
21.08853530883789	22.65076446533203
21.726600646972656	23.223312377929688
22.13758087158203	23.715587615966797
22.859987258911133	24.460956573486328
23.616809844970703	25.162412643432617
22.918230056762695	24.440265655517578
24.264236450195312	25.9036922454834
19.585033416748047	21.133167266845703
21.22187042236328	22.73818588256836
20.764081954956055	22.237747192382812
22.56182861328125	24.153715133666992
20.32217788696289	22.050500869750977
22.731369018554688	24.2114200592041
20.914701461791992	22.430620193481445
21.931795120239258	23.527904510498047
20.474393844604492	21.922475814819336
20.207202911376953	22.026813507080078
23.329835891723633	25.128446578979492
20.772117614746094	22.3319149017334
23.432157516479492	25.079059600830078
21.093698501586914	22.67013168334961
21.306299209594727	22.873252868652344
21.024673461914062	22.498319625854492
22.574485778808594	24.09038543701172
23.668378829956055	25.498706817626953
21.660118103027344	23.417924880981445
22.166210174560547	23.846874237060547
21.400405883789062	22.81756019592285
20.704362869262695	22.41873550415039
20.57110023498535	23.14252471923828
21.2816162109375	22.830793380737305
22.259540557861328	23.807506561279297
21.470182418823242	23.078125
21.15447425842285	22.66794204711914
22.060436248779297	23.80487823486328
21.959951400756836	23.65804672241211
22.77434539794922	24.43474769592285
23.302892684936523	24.754199981689453
21.99205780029297	23.551694869995117
23.360279083251953	24.958480834960938
21.693300247192383	23.280109405517578
22.033079147338867	23.51214027404785
23.69171142578125	25.19439697265625
22.027454376220703	23.713212966918945
22.387771606445312	24.184179306030273
20.736129760742188	22.233476638793945
20.798219680786133	22.22576904296875
21.097633361816406	22.720989227294922
21.856046676635742	23.42990493774414
21.92462921142578	23.54468536376953
22.005666732788086	23.603612899780273
22.150535583496094	23.791799545288086
17.945514678955078	18.353477478027344
18.548213958740234	19.781108856201172
18.312896728515625	19.568967819213867
17.516563415527344	20.635385513305664
18.331457138061523	19.536483764648438
18.408113479614258	19.706470489501953
18.497432708740234	19.7608585357666
18.383350372314453	19.67198371887207
18.098051071166992	19.095157623291016
19.05506134033203	20.551340103149414
18.459009170532227	19.770797729492188
18.092998504638672	19.030414581298828
18.360395431518555	19.530517578125
18.308378219604492	19.438453674316406
17.69081687927246	22.35845947265625
18.017139434814453	18.826152801513672
17.965682983398438	18.416616439819336
18.843351364135742	20.298336029052734
18.266773223876953	19.431835174560547
17.987682342529297	18.563152313232422
18.115917205810547	19.393598556518555
17.930908203125	21.302871704101562
18.255107879638672	19.599882125854492
18.656253814697266	19.963064193725586
20.129119873046875	21.69854736328125
18.33885955810547	19.58026123046875
18.045841217041016	18.899648666381836
19.321880340576172	20.720947265625
18.091644287109375	19.220169067382812
18.087745666503906	19.000869750976562
18.027881622314453	18.95524787902832
17.977882385253906	18.454641342163086
18.090797424316406	18.956249237060547
18.15332794189453	19.11244773864746
18.275156021118164	19.447786331176758
18.609739303588867	19.932031631469727
18.061647415161133	18.921754837036133
18.077346801757812	19.009302139282227
19.09453010559082	20.384859085083008
18.291452407836914	19.47449493408203
18.03447723388672	18.911474227905273
18.533695220947266	19.914592742919922
18.804357528686523	20.100746154785156
18.265111923217773	19.484905242919922
18.07964324951172	19.15262222290039
18.405134201049805	19.643421173095703
18.33717918395996	19.63848304748535
18.013708114624023	18.813037872314453
21.090871810913086	23.467958450317383
18.370649337768555	19.67630386352539
18.07700538635254	18.999679565429688
17.98486328125	18.415494918823242
17.98686981201172	18.727598190307617
18.166309356689453	19.122089385986328
18.375150680541992	19.612186431884766
18.85884666442871	20.437108993530273
18.426755905151367	19.821203231811523
18.108806610107422	19.134775161743164
18.994853973388672	20.364702224731445
19.015552520751953	20.381044387817383
18.42662239074707	19.789026260375977
18.499608993530273	19.84058952331543
18.275836944580078	19.468162536621094
17.707942962646484	19.901447296142578
18.257431030273438	19.477222442626953
19.879297256469727	21.270353317260742
18.174341201782227	19.308574676513672
20.119565963745117	21.585412979125977
19.99590301513672	21.425058364868164
19.147228240966797	20.486879348754883
19.152162551879883	20.531108856201172
19.832181930541992	21.27802085876465
18.016883850097656	18.69601058959961
19.187028884887695	20.791149139404297
19.000064849853516	20.415843963623047
19.516754150390625	21.053936004638672
18.510961532592773	19.96271324157715
18.521984100341797	19.8652400970459
18.50189971923828	19.755903244018555
20.16687774658203	21.597484588623047
18.849430084228516	20.3923397064209
19.07791519165039	20.507369995117188
18.813297271728516	20.416122436523438
19.276025772094727	20.763830184936523
19.054515838623047	20.401710510253906
18.177412033081055	19.336822509765625
18.944664001464844	20.37822723388672
19.32607650756836	20.756254196166992
18.707706451416016	20.039905548095703
19.303752899169922	20.705442428588867
18.294923782348633	19.457626342773438
19.845298767089844	21.301328659057617
21.276304244995117	22.773347854614258
20.038562774658203	21.608959197998047
20.144611358642578	21.60283660888672
20.154748916625977	21.6430606842041
18.588653564453125	19.98260498046875
20.556194305419922	22.021215438842773
20.488365173339844	21.889354705810547
19.12952995300293	20.482528686523438
20.34287452697754	21.893142700195312
20.391515731811523	21.861835479736328
20.612279891967773	22.097089767456055
18.608997344970703	19.96121597290039
19.147953033447266	20.58740997314453
19.190380096435547	20.548513412475586
19.01998519897461	20.541746139526367
19.6870174407959	21.059419631958008
18.527986526489258	19.918521881103516
18.862831115722656	20.259008407592773
19.16374969482422	20.623882293701172
18.808469772338867	20.193452835083008
17.751171112060547	20.980993270874023
21.424598693847656	23.012147903442383
20.972810745239258	22.46792221069336
18.968786239624023	20.373554229736328
20.332517623901367	21.827112197875977
19.510517120361328	20.908994674682617
18.586143493652344	19.936044692993164
17.851579666137695	20.7639102935791
17.760028839111328	19.566083908081055
19.49098777770996	20.805936813354492
20.74859046936035	22.169776916503906
18.73883819580078	20.154857635498047
16.13163185119629	21.00665283203125
19.216089248657227	20.675926208496094
18.32611846923828	19.495525360107422
18.70401954650879	20.2109375
18.66965103149414	20.299549102783203
20.075132369995117	21.79604721069336
22.744796752929688	24.44525909423828
22.035619735717773	23.621009826660156
22.621889114379883	24.376768112182617
22.046358108520508	24.109437942504883
22.169025421142578	23.53742218017578
20.991514205932617	22.68889808654785
22.690080642700195	24.210851669311523
21.64364242553711	23.306116104125977
20.19883918762207	21.939237594604492
22.87832260131836	24.479978561401367
20.118383407592773	21.65734100341797
23.331296920776367	24.940444946289062
21.983976364135742	23.787609100341797
21.682579040527344	23.361337661743164
20.0616397857666	21.658510208129883
19.964744567871094	21.58746337890625
19.711408615112305	21.223115921020508
19.939403533935547	21.603466033935547
23.146804809570312	25.05582046508789
20.968812942504883	22.574661254882812
21.11410903930664	22.768600463867188
20.9616756439209	22.48202896118164
19.98529052734375	21.44775390625
23.075572967529297	24.773292541503906
21.762025833129883	23.43610382080078
19.595638275146484	22.984159469604492
21.791709899902344	23.883989334106445
21.06640625	22.676315307617188
23.474382400512695	25.25104331970215
21.101808547973633	22.735275268554688
20.001819610595703	22.939376831054688
21.99325180053711	23.553449630737305
21.973962783813477	23.47412109375
22.31972885131836	24.216510772705078
22.38654327392578	23.892427444458008
21.792884826660156	23.302688598632812
20.880393981933594	22.5849552154541
22.84522247314453	24.47052764892578
23.1758975982666	24.777223587036133
22.581806182861328	24.185121536254883
21.519763946533203	23.215818405151367
21.772418975830078	23.396833419799805
21.8638858795166	23.824079513549805
19.418855667114258	21.08843231201172
20.908323287963867	22.56399154663086
19.397811889648438	21.04227066040039
19.144227981567383	21.025880813598633
22.128097534179688	23.899215698242188
23.30228042602539	24.742938995361328
21.958383560180664	23.433591842651367
20.742368698120117	22.1925048828125
20.139070510864258	21.751174926757812
19.929485321044922	21.522432327270508
19.947473526000977	21.600088119506836
21.67131996154785	23.41632843017578
21.068931579589844	22.681116104125977
23.119491577148438	24.7586669921875
21.371397018432617	23.00826644897461
19.848751068115234	21.47494888305664
20.926620483398438	22.493017196655273
23.27948760986328	24.78683090209961
21.321678161621094	22.913368225097656
21.097244262695312	22.704118728637695
23.156909942626953	24.74881362915039
23.872940063476562	25.4186954498291
22.269227981567383	23.802518844604492
22.101564407348633	23.67731285095215
22.332408905029297	24.034889221191406
22.20532989501953	23.744009017944336
26.25823974609375	28.124807357788086
21.597633361816406	23.28618621826172
24.089818954467773	25.620817184448242
21.903955459594727	23.5462646484375
22.28670883178711	23.943864822387695
21.26373291015625	22.812780380249023
22.952817916870117	24.59253692626953
22.43938636779785	24.01436996459961
22.418968200683594	25.14020347595215
21.896812438964844	23.723899841308594
20.741064071655273	22.3302059173584
23.90117645263672	25.634197235107422
22.3546085357666	24.09929847717285
22.11188507080078	23.815359115600586
20.894617080688477	23.337207794189453
22.61846923828125	24.203256607055664
20.139270782470703	22.617324829101562
21.92059898376465	23.539306640625
21.60299301147461	23.072803497314453
22.09154510498047	23.924026489257812
22.132219314575195	23.74889373779297
21.227697372436523	22.870033264160156
21.979223251342773	23.675161361694336
22.456941604614258	23.998424530029297
23.068422317504883	24.651321411132812
23.2786808013916	24.853918075561523
22.988676071166992	24.9990234375
23.048734664916992	24.602771759033203
23.167953491210938	24.924657821655273
21.710678100585938	23.36260223388672
22.20098876953125	23.801475524902344
23.16278076171875	24.924968719482422
23.11099624633789	24.6351261138916
21.661720275878906	23.253131866455078
21.857542037963867	23.458158493041992
22.00765609741211	23.480688095092773
22.74770736694336	24.377614974975586
21.55722427368164	23.25513458251953
22.891305923461914	24.345653533935547
24.001489639282227	25.740209579467773
22.37881088256836	23.99007797241211
22.41161346435547	23.930830001831055
21.641366958618164	23.283525466918945
23.177757263183594	24.834901809692383
23.29610824584961	24.95248031616211
22.350723266601562	23.984691619873047
22.64699935913086	24.242128372192383
23.687875747680664	25.332509994506836
24.005308151245117	25.808401107788086
23.193052291870117	24.82947540283203
22.751720428466797	24.27649688720703
21.825763702392578	23.363317489624023
22.811046600341797	24.312023162841797
21.884305953979492	23.459020614624023
20.791059494018555	22.512075424194336
22.781103134155273	24.505247116088867
22.071632385253906	24.0819034576416
22.385984420776367	23.993074417114258
19.627779006958008	21.318653106689453
22.306396484375	23.988767623901367
21.031213760375977	23.416715621948242
20.6843204498291	22.204782485961914
19.614131927490234	21.101293563842773
19.85738182067871	21.39987564086914
19.061203002929688	21.66364097595215
21.53319549560547	23.226024627685547
20.20537567138672	21.805702209472656
20.508455276489258	22.19118881225586
20.579130172729492	22.210695266723633
19.594684600830078	21.173568725585938
19.7601261138916	21.203075408935547
22.209299087524414	23.88298988342285
22.253684997558594	23.889062881469727
19.73436737060547	21.254718780517578
20.017139434814453	21.480453491210938
20.302356719970703	21.89739990234375
19.612024307250977	21.23650360107422
20.617713928222656	22.197660446166992
20.398265838623047	22.061626434326172
21.191743850708008	22.795602798461914
20.288549423217773	21.813833236694336
19.608257293701172	21.209850311279297
19.726844787597656	21.25900650024414
20.964139938354492	22.557456970214844
18.092960357666016	21.284841537475586
21.978290557861328	23.712984085083008
20.21259117126465	21.698322296142578
21.62439727783203	23.223722457885742
19.53175163269043	20.965757369995117
20.045608520507812	21.663694381713867
19.520809173583984	21.0161190032959
19.0677433013916	20.5646915435791
21.206096649169922	22.732885360717773
19.334291458129883	20.954885482788086
21.354576110839844	23.042491912841797
19.465682983398438	21.008333206176758
20.527563095092773	22.265771865844727
18.523679733276367	19.952470779418945
21.080732345581055	22.662090301513672
20.38262939453125	22.069740295410156
21.081554412841797	23.012659072875977
21.027868270874023	22.685537338256836
20.250194549560547	21.8380069732666
20.000438690185547	21.588666915893555
22.01766586303711	23.649490356445312
18.99935531616211	20.739795684814453
21.535913467407227	23.276212692260742
19.764705657958984	21.5602970123291
20.361635208129883	21.929471969604492
21.215564727783203	22.72484588623047
20.8028621673584	22.44635009765625
22.176979064941406	23.796831130981445
19.854005813598633	21.46971893310547
22.82398223876953	24.562664031982422
20.42329978942871	22.007923126220703
22.005434036254883	23.629228591918945
18.763139724731445	21.23196792602539
20.35634422302246	22.067747116088867
20.831819534301758	22.435762405395508
19.935657501220703	21.488222122192383
19.511144638061523	21.26049041748047
20.3902645111084	21.9556884765625
18.686033248901367	20.23017120361328
20.742441177368164	22.300251007080078
19.80695152282715	21.283212661743164
20.27497100830078	21.77893829345703
21.69900131225586	23.474388122558594
20.444007873535156	21.89923667907715
19.439556121826172	20.983253479003906
19.53386116027832	21.031930923461914
19.848743438720703	21.36313247680664
21.1809024810791	22.798484802246094
20.32537269592285	21.871614456176758
20.046436309814453	21.53961181640625
20.795019149780273	22.30193519592285
20.913022994995117	22.540346145629883
20.036327362060547	21.56646728515625
18.874900817871094	20.26195526123047
19.842180252075195	21.38079833984375
19.675857543945312	21.170639038085938
19.81975555419922	21.510099411010742
19.01531410217285	20.51577377319336
19.563621520996094	21.129173278808594
19.367916107177734	20.83049964904785
19.397098541259766	21.248641967773438
19.99835777282715	21.484333038330078
20.24883460998535	21.7828369140625
20.278898239135742	21.78240966796875
19.427778244018555	20.858243942260742
20.70882797241211	22.283361434936523
18.573789596557617	20.071226119995117
19.45722770690918	20.939653396606445
20.60711669921875	22.074962615966797
20.6248722076416	22.185792922973633
19.80476188659668	21.287477493286133
19.912487030029297	21.286832809448242
21.935562133789062	23.47085952758789
22.506752014160156	24.119712829589844
20.33855438232422	21.862215042114258
21.007463455200195	22.542436599731445
19.07231903076172	20.615636825561523
20.774457931518555	22.446876525878906
20.216428756713867	21.80850601196289
19.994583129882812	21.527477264404297
20.6802978515625	22.245859146118164
22.88260269165039	24.569154739379883
19.925935745239258	21.331871032714844
20.81649398803711	22.419879913330078
20.872217178344727	22.490148544311523
21.556499481201172	23.312231063842773
20.368511199951172	21.784072875976562
19.07764434814453	20.70626449584961
21.709274291992188	23.284015655517578
19.2425537109375	20.90599822998047
21.700124740600586	23.371877670288086
20.312328338623047	21.82697105407715
21.371179580688477	22.971210479736328
20.255748748779297	21.77615737915039
19.747272491455078	21.321245193481445
19.997089385986328	21.470657348632812
19.34455108642578	20.807628631591797
19.451391220092773	20.920732498168945
19.69889259338379	21.242006301879883
19.647226333618164	21.248754501342773
19.939048767089844	21.516246795654297
20.573379516601562	22.35726547241211
21.397533416748047	23.04827117919922
21.900222778320312	23.53363800048828
18.222959518432617	19.955034255981445
21.3511905670166	22.913734436035156
21.23349380493164	22.985952377319336
21.833059310913086	23.492338180541992
18.825641632080078	21.105836868286133
21.10967254638672	22.743669509887695
20.016372680664062	21.5155029296875
19.9867000579834	21.442026138305664
21.098981857299805	22.649612426757812
20.401660919189453	21.99913787841797
22.493919372558594	24.570730209350586
17.957189559936523	18.497220993041992
21.73785972595215	23.35702896118164
19.578298568725586	21.16818618774414
20.514911651611328	22.037464141845703
19.652570724487305	21.410106658935547
20.133848190307617	21.764846801757812
19.163278579711914	21.272485733032227
20.2473087310791	21.992511749267578
19.461746215820312	20.912830352783203
19.50333595275879	21.00924301147461
20.4304256439209	22.442964553833008
19.156538009643555	21.056608200073242
20.5227108001709	22.042482376098633
19.739145278930664	21.330772399902344
19.182283401489258	21.999183654785156
20.211549758911133	21.545259475708008
20.411815643310547	22.197134017944336
21.44794464111328	23.140247344970703
19.7728214263916	21.56511878967285
21.252817153930664	22.80789566040039
18.944894790649414	21.868017196655273
18.91794776916504	20.734455108642578
20.58892822265625	22.162324905395508
19.338733673095703	21.308828353881836
20.843093872070312	22.468473434448242
20.036643981933594	21.687335968017578
19.106515884399414	20.856678009033203
21.82269287109375	23.384971618652344
18.494813919067383	20.05168914794922
19.819013595581055	21.613670349121094
18.19176483154297	20.40679359436035
19.785919189453125	21.51970672607422
21.461200714111328	23.381980895996094
20.259145736694336	21.797840118408203
21.930158615112305	23.680397033691406
20.184894561767578	22.084735870361328
21.542245864868164	23.14960289001465
22.17238998413086	23.72799301147461
22.677427291870117	24.404869079589844
20.135696411132812	21.844640731811523
21.023571014404297	22.564674377441406
20.459299087524414	22.160688400268555
19.735021591186523	21.599258422851562
19.90703582763672	21.494150161743164
19.220916748046875	20.78382110595703
20.201709747314453	21.741403579711914
21.86673355102539	23.654687881469727
22.07103729248047	23.687891006469727
21.6328125	23.163236618041992
21.09781265258789	22.92202377319336
21.949382781982422	23.606416702270508
22.06439208984375	23.670747756958008
21.901151657104492	23.42218017578125
18.862703323364258	20.333253860473633
21.94640350341797	23.539342880249023
19.68719482421875	21.258054733276367
18.074068069458008	18.955820083618164
21.372175216674805	23.229022979736328
18.762283325195312	20.333616256713867
19.24517059326172	20.876218795776367
21.504743576049805	23.152009963989258
18.175731658935547	19.323345184326172
20.139556884765625	21.632925033569336
21.181264877319336	22.869384765625
19.395639419555664	21.033987045288086
21.01418685913086	22.600379943847656
20.357580184936523	21.931808471679688
20.17458724975586	21.607332229614258
21.757780075073242	23.372102737426758
20.624469757080078	22.375146865844727
18.893352508544922	20.334020614624023
21.44672393798828	23.063806533813477
19.984731674194336	21.60033416748047
19.134191513061523	20.703920364379883
19.70237922668457	21.327621459960938
20.833728790283203	22.45138168334961
20.091697692871094	21.715930938720703
20.119482040405273	21.624605178833008
19.040882110595703	20.565271377563477
20.326921463012695	21.93487548828125
18.583463668823242	20.161466598510742
22.23613929748535	23.7853946685791
20.162940979003906	21.683300018310547
19.053449630737305	20.417512893676758
20.870258331298828	22.452184677124023
18.778345108032227	20.376401901245117
19.566247940063477	21.024852752685547
19.807353973388672	21.423303604125977
20.53125762939453	22.236770629882812
18.989538192749023	20.526060104370117
20.619239807128906	22.308210372924805
20.797597885131836	22.507495880126953
19.233121871948242	20.694730758666992
19.677616119384766	21.316606521606445
20.305288314819336	21.8469181060791
19.093591690063477	20.675559997558594
21.663524627685547	23.3624210357666
22.400102615356445	24.1353816986084
20.87325668334961	22.50152015686035
22.579879760742188	24.21707534790039
20.445518493652344	22.151138305664062
20.830711364746094	22.481216430664062
19.637292861938477	21.60784149169922
18.148561477661133	19.2305908203125
19.954118728637695	21.459447860717773
19.46540641784668	21.036325454711914
21.653902053833008	23.36764907836914
19.805740356445312	21.314855575561523
18.994834899902344	20.43225860595703
20.377408981323242	21.920045852661133
20.044736862182617	21.863113403320312
21.197954177856445	22.9874267578125
19.119796752929688	20.85931396484375
18.379257202148438	19.715442657470703
22.770570755004883	24.40839385986328
23.28192710876465	24.857166290283203
22.81096649169922	24.7790470123291
23.196332931518555	25.047391891479492
22.6036434173584	24.078784942626953
23.030282974243164	24.628551483154297
24.628000259399414	26.258939743041992
24.136701583862305	26.2021541595459
23.209684371948242	24.763853073120117
23.93486785888672	25.673425674438477
23.107694625854492	24.689878463745117
23.420246124267578	24.918468475341797
23.432601928710938	25.112924575805664
22.604642868041992	24.131311416625977
22.845312118530273	24.681177139282227
24.32244873046875	26.204504013061523
23.581993103027344	25.92315673828125
23.935270309448242	25.613187789916992
21.229141235351562	23.083818435668945
24.0043888092041	25.66866683959961
18.0706844329834	21.430526733398438
21.40345001220703	23.1754093170166
22.28472137451172	24.010700225830078
23.931468963623047	25.455778121948242
23.560575485229492	25.239782333374023
22.016782760620117	23.557401657104492
25.02216148376465	26.692302703857422
24.238452911376953	25.912538528442383
22.25564193725586	23.77199935913086
25.561368942260742	27.248802185058594
24.69432830810547	26.529682159423828
23.429147720336914	24.83367919921875
24.29212188720703	25.968793869018555
23.70941734313965	25.271747589111328
23.467161178588867	25.212425231933594
20.33457374572754	22.08786392211914
24.87535858154297	26.54535484313965
21.385540008544922	23.27264976501465
23.50164222717285	25.072162628173828
24.384443283081055	25.969013214111328
24.262022018432617	25.84018325805664
22.52682113647461	24.053068161010742
23.766935348510742	25.354164123535156
22.173799514770508	24.283363342285156
20.191951751708984	22.0
22.532407760620117	24.1624698638916
23.951400756835938	25.804548263549805
22.85666275024414	24.309467315673828
24.790199279785156	26.792814254760742
25.082260131835938	27.060657501220703
24.252342224121094	25.87915802001953
24.2884521484375	25.807659149169922
25.218490600585938	27.04199981689453
22.531776428222656	24.171951293945312
24.88260269165039	26.504056930541992
23.489093780517578	25.34870147705078
21.06583023071289	23.098608016967773
22.776121139526367	24.56979751586914
23.828807830810547	25.614225387573242
22.837858200073242	24.550962448120117
22.66707992553711	24.23073959350586
24.680360794067383	26.241182327270508
21.661584854125977	23.2623348236084
22.938453674316406	24.833782196044922
23.057292938232422	24.984228134155273
24.3720645904541	26.17136001586914
23.657386779785156	25.484619140625
24.481916427612305	26.197107315063477
24.602441787719727	26.372159957885742
24.540990829467773	26.201133728027344
24.389636993408203	26.193161010742188
23.82662582397461	26.91925621032715
26.200000762939453	28.016633987426758
22.445425033569336	24.111501693725586
26.147253036499023	28.136241912841797
24.75784683227539	26.349058151245117
22.677841186523438	24.686128616333008
23.649124145507812	25.427146911621094
23.300153732299805	25.0263729095459
22.70111846923828	24.677949905395508
23.78814697265625	25.687589645385742
23.371488571166992	25.223876953125
23.896291732788086	25.696317672729492
21.699533462524414	23.618213653564453
23.442180633544922	25.114927291870117
23.396995544433594	25.051170349121094
22.946067810058594	24.65676498413086
23.582460403442383	25.388341903686523
24.889205932617188	26.682382583618164
23.272480010986328	24.846845626831055
25.199352264404297	26.999492645263672
26.429231643676758	28.483877182006836
23.538291931152344	25.333791732788086
24.566354751586914	26.519271850585938
22.0615234375	23.86245346069336
23.261497497558594	24.958812713623047
24.154895782470703	25.844825744628906
22.15972900390625	23.853870391845703
23.616857528686523	25.406343460083008
23.75738525390625	26.12533950805664
23.531492233276367	25.65332794189453
0.0	0.0
24.9520263671875	26.752031326293945
23.738258361816406	25.640165328979492
23.404796600341797	25.2102108001709
24.70806884765625	26.465787887573242
23.596853256225586	25.315113067626953
24.334627151489258	25.951648712158203
21.931163787841797	24.197431564331055
21.011980056762695	22.61919593811035
21.27376937866211	23.015356063842773
23.044370651245117	24.709875106811523
22.886709213256836	24.578784942626953
23.658784866333008	25.313108444213867
24.714815139770508	26.6716365814209
23.1556339263916	24.876707077026367
21.734647750854492	23.398639678955078
23.467914581298828	25.120311737060547
23.913698196411133	25.63189125061035
0.0	0.0
25.190357208251953	27.452669143676758
23.423168182373047	25.069652557373047
24.345897674560547	25.895475387573242
25.419462203979492	27.23067855834961
17.95452308654785	18.82154083251953
17.993492126464844	18.742341995239258
24.79226303100586	26.617704391479492
23.394363403320312	25.19803237915039
19.535009384155273	21.305835723876953
17.99536895751953	18.96283721923828
22.74869155883789	24.458349227905273
21.949254989624023	23.504981994628906
22.502052307128906	24.084922790527344
23.228199005126953	24.708837509155273
24.48657989501953	25.996994018554688
24.536479949951172	26.236963272094727
24.168325424194336	25.748760223388672
19.965578079223633	21.7846736907959
24.595703125	26.39722442626953
18.286678314208984	19.882387161254883
20.904245376586914	22.68313217163086
21.862651824951172	23.585247039794922
24.463598251342773	26.61941146850586
23.551982879638672	24.953201293945312
22.286388397216797	24.179357528686523
19.89085578918457	21.471872329711914
21.966140747070312	23.79903793334961
23.14350128173828	24.804851531982422
21.880138397216797	23.791086196899414
21.960369110107422	23.749164581298828
23.76068687438965	25.870468139648438
20.873559951782227	22.491954803466797
23.628406524658203	25.320411682128906
23.244731903076172	24.89264488220215
23.918153762817383	25.8873233795166
23.67719268798828	25.391809463500977
22.402097702026367	24.218839645385742
23.02770233154297	24.742961883544922
24.184532165527344	25.978960037231445
18.90679168701172	20.624155044555664
23.434547424316406	25.060619354248047
24.11852264404297	25.726425170898438
21.22152328491211	22.833974838256836
23.018077850341797	24.702796936035156
22.400043487548828	24.030508041381836
17.96410369873047	18.808515548706055
21.438138961791992	23.10840606689453
21.815143585205078	23.657936096191406
23.340927124023438	25.038131713867188
22.48035430908203	23.995988845825195
22.412343978881836	24.004404067993164
24.214628219604492	25.94143295288086
23.882944107055664	25.83924102783203
22.411867141723633	23.88654136657715
22.159543991088867	24.0446720123291
24.03821563720703	25.5842342376709
18.130924224853516	19.58208656311035
22.365825653076172	24.12607192993164
17.79163360595703	18.975770950317383
19.43172264099121	21.043855667114258
18.761632919311523	20.339527130126953
25.15500259399414	26.812728881835938
24.563915252685547	26.109516143798828
17.974519729614258	18.711219787597656
18.982437133789062	20.760143280029297
18.206462860107422	19.705419540405273
23.688621520996094	25.499988555908203
26.138872146606445	27.852764129638672
19.907835006713867	21.712976455688477
19.96977996826172	21.83706283569336
18.59398078918457	20.259807586669922
24.046865463256836	25.775114059448242
22.43145751953125	25.267972946166992
25.564332962036133	27.14820098876953
27.357532501220703	28.972694396972656
23.14392852783203	24.705181121826172
23.675748825073242	25.16262435913086
20.941354751586914	22.699995040893555
25.906658172607422	27.55081558227539
27.036636352539062	28.907577514648438
20.106678009033203	21.863744735717773
23.170997619628906	24.756017684936523
27.132600784301758	28.999971389770508
26.61251449584961	28.050640106201172
24.050952911376953	25.630474090576172
25.225357055664062	26.942180633544922
25.996170043945312	27.60848617553711
23.926414489746094	25.698671340942383
22.092546463012695	24.08297348022461
24.635847091674805	26.565685272216797
26.218826293945312	28.41277313232422
24.360275268554688	26.287572860717773
24.60101318359375	26.311634063720703
24.009902954101562	25.713571548461914
18.548463821411133	20.381549835205078
24.911666870117188	26.85418128967285
25.287012100219727	26.89883804321289
21.162734985351562	23.007936477661133
23.075050354003906	24.841049194335938
26.686368942260742	28.476118087768555
22.73554039001465	24.956375122070312
23.4228458404541	25.278608322143555
21.181737899780273	22.881370544433594
26.242101669311523	27.825918197631836
25.469961166381836	27.167617797851562
24.819395065307617	26.407682418823242
22.574705123901367	24.009929656982422
22.556543350219727	24.079265594482422
22.6802978515625	24.309825897216797
22.281047821044922	24.606966018676758
24.089773178100586	25.870195388793945
24.598222732543945	26.35860824584961
21.33159637451172	23.2501277923584
23.999967575073242	25.534530639648438
23.95855140686035	25.594465255737305
18.202739715576172	19.731632232666016
23.555866241455078	25.560287475585938
22.999780654907227	24.61388397216797
18.799999237060547	20.540748596191406
21.563032150268555	23.091350555419922
21.160058975219727	22.918806076049805
24.046831130981445	25.786569595336914
23.336519241333008	24.997323989868164
27.62771224975586	29.26571273803711
24.858482360839844	26.392440795898438
23.739818572998047	25.24852752685547
26.207185745239258	28.095504760742188
25.47742462158203	27.032896041870117
26.001489639282227	27.969961166381836
26.07608413696289	27.674762725830078
24.69888687133789	26.376554489135742
23.240211486816406	24.885242462158203
26.8370418548584	28.61639404296875
26.238054275512695	27.773361206054688
27.33295249938965	29.13202667236328
27.023035049438477	28.961410522460938
19.60863494873047	21.285011291503906
19.074748992919922	20.47823143005371
18.153337478637695	19.384002685546875
19.09157371520996	20.788616180419922
18.91266632080078	20.41254425048828
19.61789321899414	21.05300521850586
19.555944442749023	21.173479080200195
20.58863067626953	22.199129104614258
23.64861488342285	25.715627670288086
18.74935531616211	20.23984146118164
18.407310485839844	19.796546936035156
18.40459632873535	19.780559539794922
18.83061981201172	20.25547218322754
19.807308197021484	21.237722396850586
18.098106384277344	19.198923110961914
18.1561336517334	19.448871612548828
18.839946746826172	20.287107467651367
18.291810989379883	19.537012100219727
19.49177360534668	21.046358108520508
18.590042114257812	20.041322708129883
18.49399757385254	19.990720748901367
18.363161087036133	19.81316566467285
18.99721908569336	20.502582550048828
19.408327102661133	20.88451385498047
17.99403953552246	18.30329704284668
17.92828941345215	18.433908462524414
18.032960891723633	18.775270462036133
18.897151947021484	20.371938705444336
18.080150604248047	19.26280975341797
18.264245986938477	19.71028709411621
20.051410675048828	21.60009002685547
18.19841766357422	19.536781311035156
18.900728225708008	20.34121322631836
20.116262435913086	21.574851989746094
20.530441284179688	22.016380310058594
19.836734771728516	21.42443084716797
18.068845748901367	18.950305938720703
18.006223678588867	18.973278045654297
19.964580535888672	21.500036239624023
19.47180938720703	20.879409790039062
18.838504791259766	20.329822540283203
18.720844268798828	20.09608268737793
18.01472282409668	18.968647003173828
18.031259536743164	19.483413696289062
18.001758575439453	19.130029678344727
19.914958953857422	21.35372543334961
19.324491500854492	20.826526641845703
19.591480255126953	21.126462936401367
19.828784942626953	21.170391082763672
18.063047409057617	19.139387130737305
19.514978408813477	20.9407901763916
19.299379348754883	20.777318954467773
19.232948303222656	20.718364715576172
17.937789916992188	20.082242965698242
0.0	0.0
18.518997192382812	20.156320571899414
18.53371810913086	20.088468551635742
18.103748321533203	19.271472930908203
18.07474136352539	19.07220458984375
19.606714248657227	21.113025665283203
17.974939346313477	18.603473663330078
19.14433479309082	20.717992782592773
20.27384376525879	21.677682876586914
19.555248260498047	21.11951446533203
20.51384925842285	21.93929672241211
20.515710830688477	22.05127716064453
18.151037216186523	19.221935272216797
18.513694763183594	19.88314437866211
19.936140060424805	21.375185012817383
20.803245544433594	22.443431854248047
18.893234252929688	20.196311950683594
20.452049255371094	22.13058090209961
18.329408645629883	19.529565811157227
18.363990783691406	19.595216751098633
19.99523162841797	21.49964141845703
18.824569702148438	20.220489501953125
18.794830322265625	20.289697647094727
20.109521865844727	21.5981388092041
18.220958709716797	19.405101776123047
18.8984375	20.248336791992188
20.859302520751953	22.583398818969727
19.44663429260254	20.970029830932617
18.605199813842773	20.391786575317383
18.355295181274414	19.70122718811035
19.664674758911133	21.169055938720703
20.466243743896484	21.916759490966797
18.928071975708008	20.337657928466797
18.02946662902832	18.961833953857422
18.902976989746094	20.33228874206543
20.618764877319336	22.090295791625977
18.721656799316406	20.09975242614746
19.78729248046875	21.363515853881836
19.088775634765625	20.56385040283203
18.108142852783203	19.247360229492188
18.999500274658203	20.54281234741211
19.197708129882812	20.6260929107666
18.702186584472656	20.001327514648438
18.8422794342041	20.375957489013672
17.969345092773438	18.722368240356445
18.142906188964844	19.223033905029297
18.530454635620117	19.966354370117188
18.509483337402344	20.04754066467285
19.839262008666992	21.32815170288086
19.172897338867188	20.725570678710938
16.47075653076172	21.576974868774414
18.041099548339844	18.949750900268555
19.619979858398438	21.081432342529297
19.204614639282227	20.775957107543945
18.622655868530273	20.23785400390625
18.03813362121582	18.9822940826416
19.015823364257812	20.574962615966797
18.301759719848633	19.555362701416016
18.78481674194336	20.36174201965332
19.176301956176758	20.683340072631836
19.016923904418945	20.401147842407227
18.77263832092285	20.113567352294922
19.73278045654297	21.544775009155273
18.90416717529297	20.417633056640625
19.382417678833008	21.006689071655273
18.756542205810547	20.31739044189453
20.261520385742188	21.860319137573242
20.059675216674805	21.499906539916992
19.639892578125	21.065568923950195
18.130321502685547	19.21685218811035
18.36406135559082	19.857585906982422
20.137609481811523	21.567094802856445
19.738847732543945	21.430194854736328
18.69464683532715	20.109130859375
20.37580680847168	22.367956161499023
22.62029266357422	24.176773071289062
21.02969741821289	22.733110427856445
21.857282638549805	23.564035415649414
0.0	0.0
20.887353897094727	22.507795333862305
0.0	0.0
22.775354385375977	24.74323081970215
23.51201629638672	25.0602970123291
21.127511978149414	22.669584274291992
22.226478576660156	23.769790649414062
20.886817932128906	22.365707397460938
21.13623046875	22.723730087280273
22.885225296020508	24.58871078491211
21.938554763793945	23.68777847290039
21.72542953491211	23.341432571411133
22.782737731933594	24.767221450805664
23.87110137939453	25.44330406188965
21.405376434326172	23.056955337524414
21.60452651977539	23.174243927001953
18.701675415039062	20.506086349487305
22.362110137939453	24.08840560913086
23.396621704101562	25.048891067504883
22.373254776000977	24.044816970825195
22.57262420654297	24.341161727905273
24.153059005737305	25.822620391845703
20.125709533691406	21.739479064941406
0.0	0.0
21.97878646850586	23.715373992919922
23.918672561645508	25.568941116333008
22.44089126586914	24.140058517456055
22.48046112060547	24.143043518066406
22.30001449584961	23.839706420898438
22.560415267944336	24.112285614013672
24.056724548339844	25.769941329956055
20.617273330688477	22.428800582885742
21.089113235473633	22.879854202270508
20.472129821777344	22.108591079711914
22.80685806274414	24.413219451904297
22.833860397338867	24.589277267456055
22.9400691986084	24.568161010742188
21.616943359375	23.170066833496094
22.149168014526367	23.678913116455078
21.5991153717041	23.583436965942383
21.05681610107422	22.8582763671875
22.572057723999023	24.22901153564453
19.508075714111328	21.40920639038086
22.4626522064209	24.106142044067383
20.957237243652344	23.01471710205078
20.38648796081543	22.175254821777344
23.234092712402344	24.824569702148438
22.601890563964844	24.3463191986084
21.755006790161133	23.431190490722656
21.02792739868164	22.492368698120117
21.19927406311035	22.693552017211914
20.710067749023438	22.508895874023438
21.048011779785156	23.089889526367188
23.11205291748047	24.79052734375
22.566118240356445	24.081035614013672
20.900650024414062	22.40306854248047
18.26708221435547	19.870742797851562
20.551551818847656	22.14844512939453
22.357221603393555	23.973676681518555
20.21050262451172	22.472993850708008
21.587175369262695	23.450193405151367
21.785001754760742	23.489604949951172
22.962228775024414	24.647001266479492
22.666414260864258	24.31501007080078
23.109750747680664	24.77468490600586
20.198959350585938	21.803773880004883
22.899658203125	24.45922088623047
24.78643226623535	26.58211898803711
23.037073135375977	24.840829849243164
21.331890106201172	22.929399490356445
20.709875106811523	22.615568161010742
24.109577178955078	25.632780075073242
22.061683654785156	23.624509811401367
25.070138931274414	26.92437744140625
22.78409194946289	24.345441818237305
23.547504425048828	25.218276977539062
20.771312713623047	22.687122344970703
21.766376495361328	23.701753616333008
21.32585906982422	23.29253387451172
24.316923141479492	26.69011878967285
22.417924880981445	23.962087631225586
22.409940719604492	23.9316463470459
23.476123809814453	25.09355926513672
22.978271484375	24.971996307373047
22.522926330566406	24.202802658081055
22.0178165435791	23.650005340576172
21.951269149780273	23.520584106445312
24.232675552368164	25.889732360839844
23.770963668823242	25.767471313476562
23.359102249145508	25.07726287841797
21.552820205688477	23.142906188964844
23.105871200561523	24.731422424316406
23.368928909301758	25.053848266601562
22.662439346313477	24.263347625732422
22.01901626586914	23.656862258911133
22.312358856201172	23.84845542907715
24.149110794067383	26.026758193969727
22.236177444458008	24.019132614135742
23.761449813842773	25.570363998413086
22.242958068847656	24.0274715423584
23.496177673339844	25.308734893798828
21.464094161987305	22.98122787475586
23.33277130126953	24.967748641967773
23.155689239501953	24.855146408081055
21.602312088012695	23.574207305908203
20.718645095825195	22.33511734008789
21.78424835205078	23.684341430664062
23.305564880371094	25.074256896972656
22.038829803466797	23.81362533569336
21.47684097290039	23.235857009887695
23.402629852294922	25.004802703857422
23.251188278198242	24.84005355834961
22.728614807128906	24.243579864501953
21.87059783935547	23.36285400390625
22.39221954345703	24.039121627807617
23.275598526000977	25.1490535736084
22.207237243652344	24.102275848388672
23.310436248779297	24.88056182861328
22.967063903808594	24.944650650024414
22.0672607421875	23.656755447387695
21.9283390045166	23.600351333618164
22.407180786132812	24.034374237060547
22.91176986694336	24.516572952270508
23.954084396362305	25.772550582885742
19.467714309692383	20.960556030273438
22.039634704589844	23.584142684936523
21.119792938232422	22.721229553222656
21.03720474243164	22.89206314086914
22.077402114868164	23.728137969970703
20.9215145111084	22.368024826049805
18.961938858032227	20.47592544555664
21.22549819946289	22.86261749267578
20.56396484375	22.10314178466797
22.00202178955078	23.6200008392334
20.375774383544922	21.8299560546875
20.60315704345703	22.06668472290039
20.34962272644043	21.917272567749023
20.915616989135742	22.394248962402344
20.463417053222656	22.163110733032227
21.739992141723633	23.402956008911133
19.487947463989258	21.18036460876465
20.844045639038086	22.430679321289062
18.14748764038086	19.484375
19.171789169311523	20.722871780395508
21.372983932495117	23.20691680908203
18.36383819580078	19.863239288330078
18.88692855834961	20.489501953125
18.424882888793945	19.828340530395508
20.260557174682617	21.718774795532227
20.234851837158203	21.74028968811035
20.703447341918945	22.236343383789062
19.28494644165039	20.789796829223633
20.412731170654297	22.09933090209961
20.826753616333008	22.338390350341797
18.771455764770508	20.561294555664062
19.721494674682617	21.235132217407227
19.252918243408203	20.706926345825195
19.567903518676758	21.12521743774414
19.409828186035156	20.799108505249023
19.19568634033203	21.184066772460938
20.891708374023438	22.55510711669922
18.383628845214844	19.937042236328125
19.749719619750977	21.313520431518555
19.295055389404297	20.872766494750977
19.030370712280273	20.503173828125
18.438262939453125	19.914167404174805
19.442224502563477	20.87010955810547
19.62322235107422	21.121196746826172
19.65924644470215	21.439008712768555
18.767227172851562	20.202037811279297
21.101083755493164	22.837369918823242
19.2398738861084	20.771432876586914
18.057098388671875	19.11970329284668
0.0	0.0
20.376407623291016	21.902904510498047
20.3605899810791	21.932632446289062
21.095521926879883	22.739059448242188
19.303895950317383	20.7728214263916
21.145702362060547	22.645845413208008
20.082277297973633	21.706804275512695
19.747716903686523	21.51239013671875
22.528064727783203	24.20850372314453
20.72606658935547	22.31353759765625
18.393142700195312	19.773357391357422
19.992830276489258	21.70111846923828
19.625259399414062	21.1251220703125
18.44202423095703	19.641645431518555
18.378442764282227	19.786466598510742
21.833810806274414	23.504179000854492
21.043285369873047	22.48419189453125
20.346839904785156	21.837697982788086
21.920034408569336	23.475112915039062
22.340803146362305	23.901813507080078
21.159608840942383	22.73223876953125
20.809925079345703	22.219255447387695
21.289012908935547	22.805278778076172
19.717300415039062	21.207015991210938
20.914222717285156	22.515363693237305
20.39476203918457	21.88784408569336
20.54290008544922	22.126197814941406
20.525732040405273	21.931344985961914
20.843273162841797	22.465322494506836
22.40896224975586	24.00226402282715
21.143966674804688	22.905960083007812
23.362831115722656	24.989395141601562
20.18519401550293	21.68793296813965
22.1712646484375	23.764963150024414
20.549758911132812	22.02301597595215
20.144622802734375	21.77013397216797
20.822378158569336	22.332069396972656
20.001094818115234	21.48458480834961
19.462003707885742	21.032394409179688
21.607738494873047	23.162677764892578
19.66364097595215	21.056978225708008
20.43311309814453	22.074745178222656
20.353551864624023	21.877134323120117
18.957548141479492	20.679372787475586
20.530885696411133	22.164356231689453
21.44195556640625	23.00674057006836
20.577836990356445	22.195541381835938
19.87205696105957	21.30480194091797
19.51677703857422	20.933128356933594
20.287813186645508	21.825597763061523
19.448396682739258	20.9615535736084
21.412145614624023	23.068307876586914
20.68857192993164	22.577985763549805
20.638639450073242	22.283178329467773
20.080425262451172	21.56649398803711
18.160751342773438	19.24901580810547
20.871753692626953	22.347389221191406
20.037586212158203	21.521390914916992
19.940698623657227	21.360898971557617
18.282533645629883	19.698938369750977
19.911334991455078	21.405691146850586
20.168859481811523	21.722707748413086
19.053661346435547	20.588369369506836
20.163537979125977	21.64935302734375
20.102191925048828	21.57107925415039
20.335186004638672	21.93145751953125
18.43135643005371	19.697742462158203
21.024818420410156	22.79633140563965
21.0375919342041	22.518333435058594
20.853479385375977	22.346633911132812
21.234447479248047	22.723039627075195
21.209251403808594	22.917400360107422
19.956375122070312	21.374404907226562
19.560449600219727	20.977977752685547
20.604106903076172	22.118432998657227
21.436843872070312	22.980504989624023
20.187597274780273	21.652320861816406
22.04299545288086	23.767274856567383
21.90668296813965	23.443349838256836
20.008588790893555	21.623441696166992
18.976417541503906	20.32257843017578
19.414615631103516	20.878921508789062
20.151308059692383	21.87298011779785
19.851037979125977	21.149953842163086
19.085437774658203	20.409156799316406
19.53230857849121	20.903478622436523
20.067970275878906	21.63735580444336
20.79523277282715	22.221881866455078
21.00693130493164	22.434141159057617
20.9552059173584	22.438135147094727
20.155845642089844	21.56728744506836
19.50719451904297	20.88983726501465
19.684171676635742	21.036365509033203
20.86474609375	22.445167541503906
20.11432647705078	21.5872859954834
19.883399963378906	21.38763999938965
20.77383041381836	22.343793869018555
18.790435791015625	20.373767852783203
21.192420959472656	22.600561141967773
19.54717254638672	21.152734756469727
20.986095428466797	22.738290786743164
20.35676383972168	22.009180068969727
18.621049880981445	20.110092163085938
21.187301635742188	22.777036666870117
19.478464126586914	20.89902114868164
20.12924575805664	21.573835372924805
20.124465942382812	21.508615493774414
20.52971649169922	22.05010223388672
20.172409057617188	21.589183807373047
19.66302490234375	21.476577758789062
20.292085647583008	21.855005264282227
19.707853317260742	21.056251525878906
18.671411514282227	19.982725143432617
19.443592071533203	20.838336944580078
17.972488403320312	18.618698120117188
20.495887756347656	21.90674591064453
19.786487579345703	21.432777404785156
20.182832717895508	21.527111053466797
19.195207595825195	20.53045082092285
19.847888946533203	21.254159927368164
20.39635467529297	21.909141540527344
21.420129776000977	22.90982437133789
19.52429962158203	21.17145347595215
21.427539825439453	23.182130813598633
18.114910125732422	19.913427352905273
20.90792465209961	22.636306762695312
19.807344436645508	21.200742721557617
19.328716278076172	20.933788299560547
19.622072219848633	21.161954879760742
18.962543487548828	20.354787826538086
21.04031753540039	22.452260971069336
21.6802978515625	23.35210418701172
19.919452667236328	21.270851135253906
20.582304000854492	22.0218505859375
20.494016647338867	22.086538314819336
20.906538009643555	22.514179229736328
20.100431442260742	21.685651779174805
21.158103942871094	22.62835693359375
20.671165466308594	22.0430850982666
18.410242080688477	19.884746551513672
21.192340850830078	22.66828155517578
18.128467559814453	19.076963424682617
19.307863235473633	20.926633834838867
24.252283096313477	25.861658096313477
22.384031295776367	23.894411087036133
23.097620010375977	24.687620162963867
21.804054260253906	23.40032958984375
21.688819885253906	23.10638999938965
21.953523635864258	23.49549102783203
22.546430587768555	24.064088821411133
21.70090103149414	23.354591369628906
21.871740341186523	23.401887893676758
21.153047561645508	22.703645706176758
22.854406356811523	24.368101119995117
22.160839080810547	23.663633346557617
23.25864028930664	24.880603790283203
21.367504119873047	23.06976890563965
22.147117614746094	23.64946746826172
19.573511123657227	21.148588180541992
22.409626007080078	23.925460815429688
20.088031768798828	21.685529708862305
21.623180389404297	23.194108963012695
21.89113998413086	23.738744735717773
21.472082138061523	23.002056121826172
21.014318466186523	22.518775939941406
21.733726501464844	23.101476669311523
21.048364639282227	22.52811050415039
21.640317916870117	22.998666763305664
21.867263793945312	23.307910919189453
23.226713180541992	24.793004989624023
21.10761260986328	22.73824691772461
20.751720428466797	22.3756160736084
21.018930435180664	22.759483337402344
21.30902099609375	22.840234756469727
22.163820266723633	23.74970054626465
23.694072723388672	25.240964889526367
23.62514877319336	25.188365936279297
21.816299438476562	23.3940486907959
22.335098266601562	23.87456512451172
21.963512420654297	23.670654296875
21.615768432617188	23.28221893310547
22.84054946899414	24.443954467773438
23.031103134155273	24.594802856445312
20.798879623413086	22.644271850585938
22.958005905151367	24.51178550720215
20.637714385986328	22.204187393188477
22.566076278686523	24.101755142211914
21.858867645263672	23.665382385253906
21.167272567749023	22.722013473510742
21.86090087890625	23.494617462158203
20.639450073242188	22.20611572265625
21.955503463745117	23.684350967407227
21.21735382080078	22.82504653930664
21.027198791503906	22.750232696533203
22.045387268066406	23.794347763061523
21.44830322265625	23.092302322387695
21.5112361907959	23.106643676757812
22.920726776123047	24.485090255737305
21.066455841064453	22.623167037963867
22.024808883666992	23.785228729248047
21.44924545288086	22.862680435180664
20.579998016357422	22.142576217651367
22.418123245239258	23.952234268188477
20.38327407836914	21.9508056640625
23.12982749938965	24.743173599243164
20.961206436157227	22.734703063964844
21.955305099487305	23.616167068481445
27.4705753326416	29.156536102294922
27.66672134399414	29.300718307495117
26.7325382232666	28.492765426635742
28.2385311126709	30.083518981933594
27.061260223388672	28.735654830932617
26.7711181640625	28.360069274902344
25.456005096435547	27.082120895385742
28.881366729736328	30.587535858154297
24.981306076049805	26.654638290405273
25.912948608398438	27.59270477294922
27.87588882446289	29.60759925842285
25.180400848388672	26.726442337036133
26.505212783813477	28.222631454467773
26.594627380371094	28.333738327026367
27.102493286132812	28.822336196899414
20.62946319580078	22.306703567504883
30.616352081298828	32.71663284301758
26.443235397338867	28.306474685668945
28.53720474243164	30.452024459838867
27.157276153564453	28.900312423706055
26.586549758911133	28.517366409301758
27.126880645751953	28.820131301879883
27.005239486694336	28.918418884277344
26.539918899536133	28.232521057128906
27.44854164123535	29.471712112426758
28.743507385253906	30.48788070678711
26.243982315063477	27.718202590942383
28.542375564575195	30.293367385864258
28.485143661499023	30.56402587890625
26.781259536743164	28.464088439941406
28.20209503173828	30.049097061157227
26.997835159301758	28.7495059967041
28.855527877807617	30.526050567626953
26.334789276123047	28.01400375366211
27.07784652709961	28.743513107299805
28.336898803710938	30.320850372314453
27.453672409057617	29.183393478393555
28.911222457885742	30.903060913085938
27.0458984375	28.59624481201172
29.854185104370117	31.683555603027344
29.10406494140625	30.794076919555664
27.98531723022461	29.76690101623535
28.370759963989258	30.019071578979492
27.255605697631836	29.12030792236328
27.13872528076172	28.825422286987305
26.122028350830078	27.72138214111328
28.946582794189453	30.52332305908203
29.012413024902344	30.638608932495117
30.456899642944336	32.24116516113281
29.07758140563965	30.710222244262695
25.644939422607422	27.191858291625977
27.724477767944336	29.385019302368164
28.609830856323242	30.384117126464844
28.21773910522461	29.878942489624023
27.365581512451172	29.497861862182617
28.29790496826172	30.088603973388672
28.738018035888672	30.625749588012695
27.04787826538086	28.903972625732422
28.684850692749023	30.528087615966797
27.724245071411133	29.48797035217285
27.986927032470703	29.729578018188477
26.057777404785156	27.74553680419922
27.885936737060547	29.69084930419922
28.59259605407715	30.2845458984375
23.602651596069336	25.789772033691406
29.936975479125977	31.57910919189453
26.95050621032715	28.615642547607422
28.965482711791992	30.651161193847656
27.591703414916992	29.144926071166992
27.875886917114258	29.823171615600586
28.398069381713867	30.0040225982666
27.068288803100586	28.914306640625
28.401866912841797	30.333602905273438
27.03148651123047	28.7484130859375
23.366230010986328	25.271556854248047
25.59457015991211	27.371789932250977
29.615934371948242	31.324575424194336
26.910429000854492	28.732593536376953
27.02716827392578	28.548906326293945
25.812936782836914	27.948589324951172
18.940723419189453	21.110923767089844
25.080286026000977	27.05501937866211
25.372953414916992	27.62567710876465
23.884496688842773	26.446077346801758
23.33643341064453	24.981416702270508
27.620826721191406	29.40139389038086
24.10452651977539	25.951459884643555
24.608875274658203	26.467626571655273
27.101953506469727	28.844093322753906
24.708789825439453	26.64582061767578
25.25530433654785	26.978321075439453
28.220426559448242	29.878713607788086
26.23659896850586	28.10738754272461
26.220396041870117	28.008752822875977
24.962804794311523	27.01870346069336
26.896333694458008	28.45331573486328
24.726049423217773	26.48910140991211
25.383647918701172	27.107006072998047
25.692522048950195	27.497169494628906
28.282670974731445	30.090463638305664
27.0811710357666	28.866464614868164
25.059812545776367	27.20342254638672
25.208765029907227	27.05328941345215
26.345186233520508	27.913188934326172
26.827680587768555	29.149072647094727
24.146312713623047	25.830032348632812
26.02779769897461	27.576148986816406
29.381580352783203	30.995866775512695
25.185745239257812	27.200742721557617
24.057344436645508	25.779090881347656
26.264564514160156	27.982576370239258
29.06179428100586	30.698476791381836
17.980335235595703	18.970157623291016
26.236459732055664	28.3024845123291
28.102201461791992	29.76110076904297
28.110013961791992	29.641063690185547
25.84408187866211	27.95343017578125
27.8291015625	29.507070541381836
29.125120162963867	30.801494598388672
24.901233673095703	27.050403594970703
27.036571502685547	29.203683853149414
27.936304092407227	29.69818115234375
27.697431564331055	29.622943878173828
29.149452209472656	30.840957641601562
23.774446487426758	25.44562339782715
28.99755096435547	30.469404220581055
28.356691360473633	30.073030471801758
22.387405395507812	24.205482482910156
20.159587860107422	22.039167404174805
27.612619400024414	29.445547103881836
26.747264862060547	28.527122497558594
21.910104751586914	23.700355529785156
27.746871948242188	29.387855529785156
29.523643493652344	31.327991485595703
28.290090560913086	30.074129104614258
27.580089569091797	29.661109924316406
27.9486026763916	29.7138614654541
27.049999237060547	29.004064559936523
25.065793991088867	26.733469009399414
26.641199111938477	28.334190368652344
27.73593521118164	29.456199645996094
28.041006088256836	29.768993377685547
21.5701961517334	23.399538040161133
27.94662094116211	29.6669979095459
24.059894561767578	25.87078857421875
27.64255142211914	29.327293395996094
25.729337692260742	27.517953872680664
28.29204559326172	29.939306259155273
27.73761558532715	29.62657928466797
27.710424423217773	29.364540100097656
27.271804809570312	29.164064407348633
27.97051239013672	29.697669982910156
24.63733673095703	26.191865921020508
28.588645935058594	30.429025650024414
26.100135803222656	27.77275848388672
27.940549850463867	29.738819122314453
27.45050048828125	29.400409698486328
28.860733032226562	30.521038055419922
27.943845748901367	29.952377319335938
27.59354019165039	29.203636169433594
27.069551467895508	28.732667922973633
28.136991500854492	29.847450256347656
27.46013641357422	29.118427276611328
28.149803161621094	29.91165542602539
27.167530059814453	28.831567764282227
26.493762969970703	28.235393524169922
28.121570587158203	29.81855010986328
27.428972244262695	28.975629806518555
26.965801239013672	28.604982376098633
28.50433921813965	30.195850372314453
27.015968322753906	28.639846801757812
27.383787155151367	29.405109405517578
27.339035034179688	29.293197631835938
24.845998764038086	26.3797664642334
25.378225326538086	27.22722625732422
28.622323989868164	30.317598342895508
26.9423885345459	28.63158416748047
28.140600204467773	30.170543670654297
26.423768997192383	28.116493225097656
25.504751205444336	27.223527908325195
26.59804916381836	28.45513343811035
28.36071014404297	30.145532608032227
26.920045852661133	28.602209091186523
28.035266876220703	29.914379119873047
27.934572219848633	29.817726135253906
24.846149444580078	26.616518020629883
25.277738571166992	26.926185607910156
27.870637893676758	29.540821075439453
25.677656173706055	27.493284225463867
27.157934188842773	28.867450714111328
25.352523803710938	27.057992935180664
27.568010330200195	29.207807540893555
26.334217071533203	28.00229263305664
27.131689071655273	28.805831909179688
27.615318298339844	29.275114059448242
27.919221878051758	29.587392807006836
26.909212112426758	28.4951114654541
27.976390838623047	29.574373245239258
27.344053268432617	29.035778045654297
28.290023803710938	30.12574005126953
28.786388397216797	30.44500732421875
25.7282772064209	27.37710189819336
24.861242294311523	26.52383804321289
26.91321563720703	28.504375457763672
26.213037490844727	27.761091232299805
27.147010803222656	28.793006896972656
25.007678985595703	26.69906234741211
28.53728675842285	30.2821102142334
28.864145278930664	30.57213592529297
28.910350799560547	30.650615692138672
27.152870178222656	28.972126007080078
28.115415573120117	29.9751033782959
27.49422836303711	29.086231231689453
26.397682189941406	27.958528518676758
27.190675735473633	28.694150924682617
27.33233642578125	29.270584106445312
26.824047088623047	28.348173141479492
29.213703155517578	31.077844619750977
29.31521224975586	31.025188446044922
26.739974975585938	28.375465393066406
27.53496742248535	29.279647827148438
27.135560989379883	28.8445987701416
27.137758255004883	28.7051944732666
26.84328842163086	28.378494262695312
28.24517250061035	29.791967391967773
26.369735717773438	27.921289443969727
28.164447784423828	29.73370933532715
26.477243423461914	28.079025268554688
25.463634490966797	27.871583938598633
26.278430938720703	28.368112564086914
27.268613815307617	28.981971740722656
26.995437622070312	28.551559448242188
26.641342163085938	28.492908477783203
26.92099380493164	28.48699188232422
27.327268600463867	28.909534454345703
27.5207462310791	29.034868240356445
29.651111602783203	31.589885711669922
28.59930419921875	30.193988800048828
26.9262638092041	28.482345581054688
27.14190673828125	28.7349853515625
29.453596115112305	31.055150985717773
28.330148696899414	30.007692337036133
27.20526885986328	28.819910049438477
27.211898803710938	28.79106903076172
28.4569034576416	30.065359115600586
27.294462203979492	28.8896541595459
28.06088638305664	29.67365264892578
29.5344181060791	31.251192092895508
26.842424392700195	28.584213256835938
27.311235427856445	28.939603805541992
26.299856185913086	27.993738174438477
27.666580200195312	29.304353713989258
26.443262100219727	28.205915451049805
27.374408721923828	29.18377685546875
28.520822525024414	30.283464431762695
27.499170303344727	29.162649154663086
20.929759979248047	22.391977310180664
19.921751022338867	21.35761070251465
19.384010314941406	20.85586929321289
20.893808364868164	22.3446102142334
20.33142852783203	21.882732391357422
19.94327163696289	21.324811935424805
20.462051391601562	21.963455200195312
21.473407745361328	23.076452255249023
21.269023895263672	22.764265060424805
19.911958694458008	21.3937931060791
20.1115665435791	21.597984313964844
20.37758445739746	21.887435913085938
18.765262603759766	20.149127960205078
19.096376419067383	20.395610809326172
22.077777862548828	23.490245819091797
19.50140380859375	20.967187881469727
20.62588119506836	22.149925231933594
20.871841430664062	22.378437042236328
20.12240982055664	21.542936325073242
19.25654411315918	20.715978622436523
19.911434173583984	21.609487533569336
20.238170623779297	21.572092056274414
21.15169906616211	22.75574493408203
20.099973678588867	21.3873291015625
19.267379760742188	20.74399185180664
20.403533935546875	21.897947311401367
19.503170013427734	20.991567611694336
18.597993850708008	19.964834213256836
22.305009841918945	23.920215606689453
19.490005493164062	20.985292434692383
21.194263458251953	22.8133602142334
20.341461181640625	21.796371459960938
19.99654197692871	21.484609603881836
18.934450149536133	20.2569522857666
20.223936080932617	21.706459045410156
20.85523223876953	22.394399642944336
20.429468154907227	21.91254425048828
20.680866241455078	22.165477752685547
19.802291870117188	21.286273956298828
20.493724822998047	21.875043869018555
21.646507263183594	23.064861297607422
20.688138961791992	22.143756866455078
20.18917465209961	21.683391571044922
21.199569702148438	22.726364135742188
19.78630828857422	21.282798767089844
19.909992218017578	21.4046573638916
19.579689025878906	21.121862411499023
20.16155242919922	21.602853775024414
21.369857788085938	22.950159072875977
20.147905349731445	21.777904510498047
18.406700134277344	19.6278018951416
20.180255889892578	21.711118698120117
18.690649032592773	20.268112182617188
20.66399574279785	22.123449325561523
20.234203338623047	21.662446975708008
20.333206176757812	21.89914321899414
22.254995346069336	24.16299057006836
19.46451759338379	20.950910568237305
20.824045181274414	22.43377685546875
19.623790740966797	21.105457305908203
19.857484817504883	21.400497436523438
19.651037216186523	21.019338607788086
19.266855239868164	20.77556610107422
19.521818161010742	21.054977416992188
22.00571060180664	23.548402786254883
20.222023010253906	21.550989151000977
19.245914459228516	20.7182559967041
21.030534744262695	22.497770309448242
19.529512405395508	21.025270462036133
21.44677734375	22.929662704467773
21.384824752807617	22.896251678466797
21.236858367919922	23.083641052246094
20.666780471801758	22.152299880981445
19.4169979095459	20.91808319091797
20.9171142578125	22.464950561523438
19.55976104736328	21.001972198486328
20.35047149658203	21.76251792907715
19.26580238342285	20.837265014648438
21.004823684692383	22.411272048950195
21.994159698486328	23.671430587768555
20.450647354125977	22.068336486816406
22.259008407592773	23.886262893676758
20.92315673828125	22.369787216186523
20.291784286499023	21.93603515625
21.746868133544922	23.27432632446289
20.712636947631836	22.25656509399414
20.469289779663086	21.933792114257812
19.585935592651367	21.295368194580078
19.577417373657227	21.034133911132812
20.534072875976562	22.013715744018555
20.545814514160156	21.9105281829834
19.315351486206055	20.749866485595703
19.003782272338867	20.711078643798828
19.8624324798584	21.533000946044922
20.37451171875	21.802595138549805
20.820533752441406	22.307716369628906
20.18696403503418	21.61687469482422
19.432905197143555	20.85796356201172
22.31561279296875	23.789152145385742
19.108116149902344	20.672138214111328
20.297815322875977	21.901304244995117
19.15198516845703	20.716489791870117
19.346677780151367	20.912996292114258
21.46096420288086	22.9678897857666
18.757078170776367	20.235275268554688
21.042943954467773	22.5870418548584
20.21209144592285	21.646499633789062
18.842876434326172	20.059955596923828
18.717178344726562	20.2445011138916
19.125324249267578	20.544618606567383
20.113388061523438	21.644357681274414
20.517799377441406	21.928752899169922
19.941322326660156	21.540693283081055
20.996604919433594	22.576379776000977
20.92740249633789	22.613746643066406
18.91678237915039	20.54560089111328
20.000995635986328	21.620668411254883
20.302732467651367	21.819164276123047
18.576513290405273	19.927650451660156
20.947328567504883	22.532629013061523
20.32941436767578	21.999170303344727
21.067363739013672	22.567527770996094
20.334840774536133	21.813119888305664
21.046245574951172	22.47421646118164
19.958694458007812	21.50344467163086
19.95843505859375	21.464584350585938
20.39038848876953	22.094593048095703
20.627965927124023	22.292016983032227
20.161649703979492	21.8629093170166
19.33679962158203	20.739198684692383
18.174800872802734	19.2839298248291
19.904666900634766	21.562999725341797
19.477270126342773	20.87006378173828
19.14008140563965	20.497438430786133
20.284072875976562	21.646953582763672
19.839292526245117	21.42194175720215
19.053916931152344	20.52829360961914
19.238319396972656	20.652795791625977
18.348264694213867	19.53706932067871
20.148832321166992	21.59416961669922
20.629165649414062	22.023889541625977
20.371862411499023	21.840843200683594
19.69674301147461	21.127582550048828
18.74993133544922	20.31793975830078
18.874855041503906	20.3867130279541
18.747377395629883	20.118358612060547
19.710317611694336	21.255237579345703
19.009845733642578	20.418601989746094
20.25843048095703	21.944660186767578
19.59351921081543	21.078744888305664
19.515338897705078	21.047582626342773
18.750782012939453	20.04557991027832
19.58917999267578	21.01227378845215
19.8292293548584	21.283994674682617
20.557170867919922	21.970853805541992
21.060766220092773	22.438642501831055
19.114818572998047	20.8327693939209
19.490901947021484	20.872175216674805
18.01459312438965	19.013181686401367
21.234128952026367	22.748550415039062
20.148454666137695	21.659093856811523
19.883020401000977	21.307331085205078
20.580106735229492	22.133079528808594
18.69829750061035	20.281147003173828
19.918210983276367	21.256126403808594
19.66771697998047	21.134353637695312
19.930635452270508	21.309343338012695
18.82197380065918	20.17513656616211
18.632970809936523	19.986812591552734
20.45415687561035	21.886579513549805
19.412199020385742	20.805204391479492
19.919017791748047	21.69131088256836
20.341318130493164	22.00994300842285
20.66144371032715	22.192583084106445
20.267864227294922	21.786088943481445
20.450115203857422	21.848556518554688
20.097375869750977	21.54071617126465
19.725820541381836	21.23363494873047
18.683067321777344	19.924266815185547
20.09175682067871	21.524900436401367
20.116600036621094	21.68488311767578
20.35967445373535	21.92504119873047
20.323884963989258	21.734691619873047
18.138551712036133	19.440099716186523
18.633892059326172	20.274520874023438
20.394895553588867	22.00021743774414
20.27077293395996	21.655813217163086
21.410022735595703	22.8547306060791
19.53771209716797	21.050493240356445
20.415067672729492	21.845556259155273
19.929323196411133	21.362764358520508
20.2721004486084	21.86988067626953
19.70227813720703	21.428234100341797
18.584449768066406	19.996299743652344
19.455568313598633	20.79290008544922
18.679603576660156	20.01994514465332
18.681217193603516	20.201812744140625
18.42967987060547	19.821550369262695
18.530010223388672	19.89113998413086
20.120140075683594	21.747314453125
19.464269638061523	20.99227523803711
18.57437515258789	19.911378860473633
17.98668098449707	18.536802291870117
20.113056182861328	21.604860305786133
20.188072204589844	21.695955276489258
19.70277976989746	21.235815048217773
20.577939987182617	22.049795150756836
19.87059783935547	21.40188980102539
18.634435653686523	20.168193817138672
19.61541175842285	21.11292266845703
19.007593154907227	20.53784942626953
18.70995330810547	20.221416473388672
18.701215744018555	20.032207489013672
18.105201721191406	19.146800994873047
19.257810592651367	20.67084312438965
18.523176193237305	20.123592376708984
19.74259376525879	21.14813995361328
19.267536163330078	20.711347579956055
18.879905700683594	20.285293579101562
19.25370979309082	20.65505599975586
18.658220291137695	20.296669006347656
19.240114212036133	20.92498016357422
19.214759826660156	20.648509979248047
19.117338180541992	20.522493362426758
18.030040740966797	18.9774112701416
19.095046997070312	20.501493453979492
20.01753807067871	21.551923751831055
19.272327423095703	20.749387741088867
20.07793617248535	21.683265686035156
18.661792755126953	20.373620986938477
18.72303581237793	20.239910125732422
18.53815269470215	19.916990280151367
18.022756576538086	18.9904727935791
17.97097396850586	18.543291091918945
18.330347061157227	19.572763442993164
18.117286682128906	19.132431030273438
18.740589141845703	20.25037956237793
18.002479553222656	18.826244354248047
19.526023864746094	21.06357192993164
18.4227237701416	19.731643676757812
0.0	0.0
14.991715431213379	20.08938980102539
18.684375762939453	20.128284454345703
18.08059310913086	19.016267776489258
20.36775779724121	21.86876678466797
20.164705276489258	21.610851287841797
18.66221046447754	20.06945037841797
19.19293975830078	20.68451690673828
19.844837188720703	21.444286346435547
19.87158966064453	21.29582977294922
19.47950553894043	20.887130737304688
19.098255157470703	20.442066192626953
19.127622604370117	22.62978744506836
20.065940856933594	21.539051055908203
19.41085433959961	20.90756607055664
17.969114303588867	18.676179885864258
20.916200637817383	22.332014083862305
20.348186492919922	21.74102210998535
18.64378547668457	20.119173049926758
20.57132339477539	22.216815948486328
20.745752334594727	22.183067321777344
19.93018341064453	21.353666305541992
18.231468200683594	19.34992790222168
21.406658172607422	23.059986114501953
19.450448989868164	20.734739303588867
20.785680770874023	22.416912078857422
19.99767303466797	21.440505981445312
19.72937774658203	21.121793746948242
18.924951553344727	20.375537872314453
19.965930938720703	21.39728546142578
19.719045639038086	21.215652465820312
18.817142486572266	20.261314392089844
22.102886199951172	23.608213424682617
19.599218368530273	20.803300857543945
20.7844181060791	22.231229782104492
19.21649742126465	20.614301681518555
20.03192901611328	21.564462661743164
19.854084014892578	21.345752716064453
20.17839241027832	21.627866744995117
19.30005645751953	20.698259353637695
18.78057098388672	20.196916580200195
19.316112518310547	20.66020965576172
18.56854820251465	19.88414764404297
20.293176651000977	21.744112014770508
19.28069305419922	20.807825088500977
19.117656707763672	20.489988327026367
19.922334671020508	21.398361206054688
18.043838500976562	18.883146286010742
18.442468643188477	19.751174926757812
20.613889694213867	22.057628631591797
19.598587036132812	21.044391632080078
19.359289169311523	21.069263458251953
18.56130027770996	19.849903106689453
18.978727340698242	20.549585342407227
21.855812072753906	23.21251678466797
19.325109481811523	20.783517837524414
19.04022979736328	20.446823120117188
19.886425018310547	21.303415298461914
19.105552673339844	20.468847274780273
19.24216079711914	20.953149795532227
19.040504455566406	20.737668991088867
20.271705627441406	21.656639099121094
19.81088638305664	21.398649215698242
19.918811798095703	21.417226791381836
19.5196533203125	21.118139266967773
18.668453216552734	20.064132690429688
19.686521530151367	20.99880599975586
20.88644027709961	22.294628143310547
20.42459487915039	21.877456665039062
19.659202575683594	21.02954864501953
18.805177688598633	20.113094329833984
19.329099655151367	20.74139976501465
20.366498947143555	21.875255584716797
20.19788360595703	21.837278366088867
22.7677001953125	24.399826049804688
19.683076858520508	21.11486053466797
20.037643432617188	21.663644790649414
20.551801681518555	21.968708038330078
19.97936248779297	21.272493362426758
19.04399871826172	20.672260284423828
19.94461441040039	21.448514938354492
21.229101181030273	22.677515029907227
20.530441284179688	21.904081344604492
19.0842342376709	20.36626625061035
21.265457153320312	22.73113441467285
20.229305267333984	21.66228675842285
19.880334854125977	21.288536071777344
20.852279663085938	22.543079376220703
20.01567840576172	21.4183406829834
20.436389923095703	21.812572479248047
19.44756507873535	20.855243682861328
20.126737594604492	21.471784591674805
19.72431182861328	21.22490692138672
20.21027183532715	21.7525577545166
19.516714096069336	20.900127410888672
19.55792808532715	21.068750381469727
20.451536178588867	21.87640953063965
20.670032501220703	22.270008087158203
19.044849395751953	20.436450958251953
19.6022891998291	21.138227462768555
21.6914119720459	23.112751007080078
20.828907012939453	22.226396560668945
20.34974479675293	21.686845779418945
19.684036254882812	21.174489974975586
20.214977264404297	21.725770950317383
21.245229721069336	22.671213150024414
18.721229553222656	19.98725128173828
19.463533401489258	20.788593292236328
19.678997039794922	21.176799774169922
18.179773330688477	19.532163619995117
19.863374710083008	21.324689865112305
19.773704528808594	21.135643005371094
19.512290954589844	21.014318466186523
21.144485473632812	22.531414031982422
20.385412216186523	21.850902557373047
19.846881866455078	21.222606658935547
19.032262802124023	20.53610610961914
19.502798080444336	21.029132843017578
20.163938522338867	21.603166580200195
19.307554244995117	20.68053436279297
20.91999053955078	22.664348602294922
20.357452392578125	21.81536102294922
20.323139190673828	21.781538009643555
19.461759567260742	20.813859939575195
19.133798599243164	20.8515567779541
20.152965545654297	21.530784606933594
18.091957092285156	19.18105125427246
20.13817024230957	21.524736404418945
19.7694034576416	21.120960235595703
20.19794464111328	21.613780975341797
19.933713912963867	21.340557098388672
19.858531951904297	21.188861846923828
20.66229820251465	22.28293228149414
19.736736297607422	21.085256576538086
20.62347984313965	21.96466064453125
21.079500198364258	22.581289291381836
18.909543991088867	20.526939392089844
20.78436851501465	22.35858917236328
19.705930709838867	21.075403213500977
20.590551376342773	22.049192428588867
20.97455406188965	22.532663345336914
20.364307403564453	21.767568588256836
19.438249588012695	20.890371322631836
20.776620864868164	22.31399917602539
20.80646324157715	22.491647720336914
20.036659240722656	21.579994201660156
18.194578170776367	19.51559066772461
20.84432601928711	22.528268814086914
20.056066513061523	21.755590438842773
20.474925994873047	22.151124954223633
20.451322555541992	21.994497299194336
21.80759048461914	23.535289764404297
18.774887084960938	20.714675903320312
19.548086166381836	21.197433471679688
19.82991600036621	21.814332962036133
20.207460403442383	21.746116638183594
19.077783584594727	20.576337814331055
18.015405654907227	18.854211807250977
20.862947463989258	22.570650100708008
20.086423873901367	21.7128849029541
20.809106826782227	22.4283447265625
18.107872009277344	19.331954956054688
20.6518497467041	22.155317306518555
19.680030822753906	21.279390335083008
21.165210723876953	23.0504207611084
20.4825439453125	22.21526336669922
22.06899642944336	23.821094512939453
21.229433059692383	22.659080505371094
20.21011734008789	21.848121643066406
20.65454864501953	22.2834529876709
19.28894805908203	20.95134925842285
19.979389190673828	21.474079132080078
19.135982513427734	20.684181213378906
18.04305076599121	19.072254180908203
18.7291202545166	20.572607040405273
19.080442428588867	20.887571334838867
19.811370849609375	21.419931411743164
18.13869857788086	19.587909698486328
21.3953800201416	22.974992752075195
20.167970657348633	21.816997528076172
18.656076431274414	20.152780532836914
19.015413284301758	20.58513641357422
20.35480499267578	21.896909713745117
19.899742126464844	21.452516555786133
18.85055923461914	20.367280960083008
19.050708770751953	20.562047958374023
20.337947845458984	22.020545959472656
18.659713745117188	20.730234146118164
16.602184295654297	20.607187271118164
19.002601623535156	20.777366638183594
21.171693801879883	22.759077072143555
19.169553756713867	20.798097610473633
20.311248779296875	21.945341110229492
20.29305648803711	21.865707397460938
18.463281631469727	19.87633514404297
21.655109405517578	23.474626541137695
19.183286666870117	20.886474609375
18.937191009521484	20.451332092285156
19.184497833251953	20.631999969482422
19.854589462280273	21.49959945678711
18.91667366027832	20.402206420898438
19.997438430786133	21.54802703857422
19.809104919433594	21.475008010864258
20.889148712158203	22.424345016479492
18.335960388183594	19.754688262939453
20.710403442382812	22.202333450317383
20.22650909423828	21.805620193481445
17.977375030517578	18.807371139526367
21.979997634887695	23.66091537475586
22.725109100341797	24.3404483795166
22.044797897338867	23.559650421142578
22.218645095825195	23.66547393798828
21.28125762939453	22.724077224731445
23.538902282714844	25.080516815185547
22.0708065032959	23.597505569458008
23.180593490600586	24.842235565185547
23.208751678466797	24.845849990844727
23.68805503845215	25.172407150268555
22.659900665283203	24.168415069580078
23.20122528076172	24.845312118530273
22.59383773803711	24.117097854614258
23.597515106201172	25.230375289916992
22.556074142456055	24.0349178314209
23.388288497924805	24.863689422607422
23.222566604614258	25.033777236938477
21.269725799560547	22.85967254638672
20.94373321533203	22.72260284423828
22.279478073120117	24.314796447753906
22.612852096557617	24.088769912719727
23.628149032592773	25.229455947875977
20.252782821655273	21.751543045043945
21.317066192626953	23.014568328857422
23.242795944213867	24.85342788696289
21.3232421875	22.795499801635742
22.617773056030273	24.125587463378906
21.61483383178711	23.039806365966797
23.06100082397461	24.75031089782715
20.8680419921875	22.480314254760742
21.987159729003906	23.566818237304688
22.349668502807617	23.849782943725586
22.03862762451172	23.667768478393555
20.26264190673828	21.654382705688477
22.514877319335938	24.153114318847656
22.39165496826172	23.989233016967773
22.05620574951172	23.833879470825195
19.705976486206055	21.262845993041992
22.83477020263672	24.411724090576172
21.855361938476562	23.29012680053711
21.37554931640625	23.14014434814453
21.111309051513672	22.69320297241211
23.06174087524414	24.49187660217285
22.596900939941406	24.136621475219727
20.964479446411133	22.91716766357422
22.502954483032227	24.01980209350586
21.929147720336914	23.419450759887695
22.7799129486084	24.358665466308594
21.92670440673828	23.611486434936523
20.90163803100586	22.408580780029297
23.924009323120117	25.551443099975586
21.103967666625977	22.542211532592773
22.233232498168945	23.777067184448242
21.598705291748047	23.111164093017578
21.890304565429688	23.420547485351562
19.97222137451172	21.761558532714844
21.991859436035156	23.665056228637695
23.644207000732422	25.1959228515625
22.918325424194336	24.425365447998047
22.446840286254883	23.969606399536133
20.695758819580078	22.4748592376709
22.373519897460938	23.93292808532715
21.038833618164062	22.604812622070312
21.917028427124023	23.55754852294922
19.183103561401367	20.747636795043945
18.044952392578125	18.948772430419922
19.021360397338867	20.460233688354492
18.275053024291992	19.619552612304688
20.210830688476562	21.590246200561523
18.128986358642578	19.182880401611328
18.824901580810547	20.159761428833008
18.02033233642578	18.963146209716797
20.39868927001953	21.821928024291992
21.292993545532227	22.738059997558594
19.07730484008789	21.038724899291992
17.990848541259766	18.279394149780273
20.40403938293457	21.780162811279297
19.096942901611328	20.582599639892578
18.310741424560547	19.651010513305664
18.977920532226562	20.2652645111084
18.809297561645508	20.256757736206055
18.0179500579834	18.841272354125977
18.526582717895508	19.95974349975586
21.052810668945312	22.518461227416992
19.124523162841797	20.685256958007812
18.041994094848633	18.94367218017578
19.644556045532227	21.340429306030273
19.845848083496094	21.42096519470215
19.239425659179688	20.643083572387695
17.97303581237793	18.51485252380371
20.468311309814453	21.997398376464844
18.517351150512695	19.862333297729492
19.458702087402344	21.126667022705078
19.779705047607422	21.201303482055664
19.507387161254883	21.149852752685547
18.843523025512695	20.289106369018555
18.537208557128906	19.931127548217773
18.03419303894043	18.897306442260742
18.05378532409668	18.966745376586914
19.856603622436523	21.47994613647461
17.99653434753418	18.683164596557617
18.999608993530273	20.598220825195312
19.144001007080078	20.531757354736328
19.761625289916992	21.177955627441406
18.641630172729492	20.0111026763916
18.065465927124023	18.915298461914062
18.563051223754883	20.028156280517578
19.6130428314209	21.10055923461914
18.888399124145508	20.49468994140625
18.818151473999023	20.1976318359375
20.250469207763672	21.774911880493164
18.873783111572266	21.470495223999023
18.38241195678711	19.749679565429688
18.281530380249023	19.53968048095703
18.53938865661621	19.841503143310547
18.753589630126953	20.132381439208984
19.968711853027344	21.385988235473633
18.117258071899414	19.155771255493164
20.714223861694336	22.08681869506836
19.57171058654785	21.128578186035156
18.521808624267578	20.147315979003906
20.511526107788086	21.912172317504883
20.026281356811523	21.433061599731445
19.46491241455078	20.956680297851562
18.191471099853516	19.377830505371094
18.017539978027344	18.6921329498291
18.247434616088867	19.363004684448242
18.104942321777344	19.27155303955078
19.950950622558594	21.3530216217041
21.85723114013672	23.327409744262695
20.057052612304688	21.446500778198242
20.99356460571289	22.613924026489258
20.759469985961914	22.148344039916992
20.429048538208008	22.018056869506836
20.48544692993164	21.957651138305664
18.000547409057617	18.900375366210938
20.03514862060547	21.544748306274414
20.107711791992188	21.505653381347656
19.66923713684082	21.134008407592773
20.098787307739258	21.476781845092773
21.17068862915039	22.496204376220703
20.608287811279297	22.041183471679688
19.707956314086914	21.163818359375
20.324312210083008	21.919755935668945
19.57468032836914	21.137086868286133
19.623720169067383	21.28543472290039
19.3299617767334	20.923227310180664
21.01250457763672	22.593433380126953
19.872772216796875	21.430883407592773
20.852888107299805	22.329328536987305
19.603717803955078	20.916364669799805
21.290822982788086	22.852001190185547
20.664165496826172	22.1284122467041
21.331993103027344	22.814651489257812
19.45302963256836	20.77465057373047
21.214536666870117	22.674272537231445
21.660314559936523	23.240205764770508
21.248680114746094	22.744531631469727
20.345531463623047	21.691408157348633
20.090551376342773	21.532485961914062
20.618284225463867	22.185810089111328
21.165414810180664	22.579029083251953
21.419639587402344	22.76470375061035
20.214330673217773	21.602155685424805
21.073986053466797	22.482053756713867
22.239601135253906	23.770069122314453
19.851314544677734	21.275789260864258
19.920862197875977	21.328737258911133
20.303138732910156	21.785001754760742
21.87969970703125	23.475238800048828
21.468198776245117	22.98086929321289
21.87405014038086	23.353271484375
21.524707794189453	23.2005615234375
20.713041305541992	22.110179901123047
21.2269229888916	22.794818878173828
21.611696243286133	22.998188018798828
22.313974380493164	24.002771377563477
21.03430938720703	22.363122940063477
20.910898208618164	22.331310272216797
21.228811264038086	22.86725616455078
20.185989379882812	21.635787963867188
19.94927215576172	21.357023239135742
21.054960250854492	22.591447830200195
20.281360626220703	21.860349655151367
20.185888290405273	21.73004150390625
20.752037048339844	22.29485321044922
20.181093215942383	21.533288955688477
21.840892791748047	23.379045486450195
19.275543212890625	20.831052780151367
21.029705047607422	22.46609115600586
21.023832321166992	22.50223159790039
20.020776748657227	21.489904403686523
20.89462661743164	22.378162384033203
18.858909606933594	20.213336944580078
18.995756149291992	20.478397369384766
21.153303146362305	22.65984344482422
19.891965866088867	21.328927993774414
21.840564727783203	23.37090301513672
21.144845962524414	22.57733917236328
21.209497451782227	22.872385025024414
20.099140167236328	21.451025009155273
21.770957946777344	23.2313289642334
22.1365909576416	23.659374237060547
20.504741668701172	21.922983169555664
19.541610717773438	20.96862030029297
19.300212860107422	20.743688583374023
20.57427406311035	22.108501434326172
21.00997543334961	22.57427978515625
21.680429458618164	23.17327117919922
19.924238204956055	21.368335723876953
20.42328643798828	21.830232620239258
20.532920837402344	22.128507614135742
20.212417602539062	21.97418212890625
20.691364288330078	22.185924530029297
20.45001983642578	22.010698318481445
21.21581268310547	22.647157669067383
19.182880401611328	20.540149688720703
19.24668312072754	20.67038345336914
20.332725524902344	21.757789611816406
19.826311111450195	21.22113609313965
18.576393127441406	20.039459228515625
20.615873336791992	22.083280563354492
21.503618240356445	23.136228561401367
19.607688903808594	21.01961898803711
19.19776153564453	20.70949935913086
19.373720169067383	20.881332397460938
20.41254425048828	21.99856948852539
20.280223846435547	21.8879451751709
19.523473739624023	20.993799209594727
19.199718475341797	20.903650283813477
21.93212127685547	23.470701217651367
20.051380157470703	21.403425216674805
20.171480178833008	21.692493438720703
20.622154235839844	22.096275329589844
20.282072067260742	21.841886520385742
18.994009017944336	20.624250411987305
18.84130859375	20.47431182861328
20.599014282226562	22.068429946899414
19.18976402282715	20.743736267089844
19.120264053344727	20.558269500732422
19.965190887451172	21.610912322998047
18.859163284301758	20.313505172729492
20.402053833007812	21.772016525268555
19.411298751831055	20.849853515625
22.996841430664062	24.68944549560547
19.21526336669922	20.546348571777344
19.30841064453125	20.652925491333008
20.47247314453125	21.969316482543945
20.07122230529785	21.457443237304688
19.184003829956055	20.496671676635742
19.77631950378418	21.231172561645508
19.966524124145508	21.38842010498047
20.0885009765625	21.651748657226562
19.880525588989258	21.385507583618164
19.506044387817383	20.9361629486084
22.320375442504883	23.95667266845703
21.795846939086914	23.350732803344727
19.418560028076172	20.928638458251953
20.4715633392334	21.86959457397461
20.907255172729492	22.224468231201172
20.081314086914062	21.602893829345703
19.87212562561035	21.216163635253906
18.72273826599121	20.075057983398438
20.726137161254883	22.23028564453125
19.438270568847656	20.82363510131836
19.51175880432129	20.972213745117188
21.08136749267578	22.513593673706055
19.125810623168945	20.567934036254883
21.23672103881836	22.76342010498047
20.389081954956055	21.963571548461914
18.689125061035156	20.159547805786133
20.261140823364258	21.907142639160156
19.98088836669922	21.528766632080078
20.07861328125	21.627153396606445
20.512887954711914	21.996896743774414
21.750530242919922	23.569913864135742
19.573776245117188	21.028554916381836
19.930774688720703	21.330907821655273
19.637426376342773	21.01865005493164
19.85814666748047	21.55377960205078
21.547168731689453	23.065828323364258
20.642274856567383	22.250581741333008
20.738916397094727	22.18475341796875
22.176076889038086	23.751197814941406
19.715417861938477	21.296226501464844
19.338708877563477	20.933652877807617
20.550769805908203	22.038217544555664
19.541410446166992	20.940818786621094
19.825374603271484	21.261621475219727
20.903776168823242	22.471891403198242
20.05971336364746	21.492822647094727
20.63172149658203	22.265914916992188
18.191356658935547	19.593589782714844
20.145458221435547	21.987506866455078
20.56766128540039	22.018938064575195
22.33835220336914	23.930978775024414
19.903091430664062	21.71456527709961
19.48833656311035	20.959264755249023
20.61200523376465	22.039749145507812
20.46525001525879	22.04883575439453
22.987592697143555	24.766996383666992
20.203182220458984	21.630868911743164
21.169692993164062	22.7399959564209
18.470558166503906	19.829980850219727
20.68012046813965	22.27450180053711
20.33483123779297	21.9314022064209
21.95555877685547	23.66411781311035
20.414932250976562	21.897310256958008
21.68413543701172	23.377521514892578
20.804515838623047	22.234603881835938
21.316171646118164	22.9100284576416
20.497329711914062	22.189468383789062
20.9599666595459	22.657913208007812
19.47140121459961	20.932771682739258
19.8560848236084	21.309247970581055
19.63550567626953	21.18518829345703
20.26717758178711	21.906604766845703
21.897018432617188	23.373001098632812
22.323423385620117	23.9883975982666
22.315935134887695	23.961511611938477
19.60224151611328	21.087984085083008
21.431116104125977	22.97280502319336
20.772411346435547	22.286972045898438
20.021953582763672	21.558500289916992
18.528295516967773	19.92587661743164
19.08442497253418	20.53988265991211
19.837127685546875	21.407617568969727
17.990930557250977	18.83159065246582
19.39871597290039	20.820772171020508
20.466381072998047	21.906633377075195
21.106163024902344	22.630172729492188
19.774028778076172	21.265748977661133
21.7271785736084	23.400928497314453
21.20763397216797	22.715986251831055
0.0	0.0
19.996234893798828	21.558456420898438
18.954822540283203	20.710229873657227
18.291091918945312	19.525423049926758
18.766767501831055	20.2531795501709
18.265727996826172	19.522974014282227
18.456256866455078	20.137325286865234
18.206972122192383	19.492645263671875
18.4031925201416	19.807201385498047
19.095718383789062	20.5755558013916
18.23779296875	19.404117584228516
19.348369598388672	20.86066246032715
19.63150978088379	21.122468948364258
18.24176025390625	19.499059677124023
19.3985652923584	21.015871047973633
19.00314712524414	20.527210235595703
19.124448776245117	20.72301483154297
18.12932014465332	19.164928436279297
19.288972854614258	20.90130615234375
19.166505813598633	20.65253448486328
18.302350997924805	19.541690826416016
19.535032272338867	21.131053924560547
19.671897888183594	21.064603805541992
18.67278289794922	20.282148361206055
19.842750549316406	21.226839065551758
18.51801300048828	19.86092758178711
18.930479049682617	20.374141693115234
18.904237747192383	20.499473571777344
17.980182647705078	18.4969539642334
18.105060577392578	19.341114044189453
18.48920440673828	20.263532638549805
19.10809898376465	20.6428165435791
18.001771926879883	18.806909561157227
20.850784301757812	22.436233520507812
17.96942901611328	18.513948440551758
18.21769905090332	19.617420196533203
20.89333724975586	22.39638900756836
0.0	0.0
16.686437606811523	21.3810977935791
18.37119483947754	19.674036026000977
20.236770629882812	21.764127731323242
20.355016708374023	21.967491149902344
18.01376724243164	18.256372451782227
19.45001983642578	20.889009475708008
18.953414916992188	20.475452423095703
18.35905647277832	19.567787170410156
18.67380714416504	20.298612594604492
18.42212677001953	19.727041244506836
20.7006893157959	22.162614822387695
21.17957305908203	23.627164840698242
18.52036476135254	20.052074432373047
18.234786987304688	19.375553131103516
18.379589080810547	19.705652236938477
20.004573822021484	21.578603744506836
19.27030372619629	20.847944259643555
18.000791549682617	18.697486877441406
20.0422420501709	21.589338302612305
20.672060012817383	22.192516326904297
18.401514053344727	19.705846786499023
19.080446243286133	20.496965408325195
18.23830223083496	19.444849014282227
18.15924644470215	19.224149703979492
19.174100875854492	20.633764266967773
20.232254028320312	21.743070602416992
19.16558265686035	20.482227325439453
20.797468185424805	22.52398681640625
19.446155548095703	21.010374069213867
18.86347198486328	20.551307678222656
18.815650939941406	20.465343475341797
18.153444290161133	19.347488403320312
18.415987014770508	19.765918731689453
19.52300453186035	21.134775161743164
19.130455017089844	20.72088050842285
20.116336822509766	21.741619110107422
19.54503631591797	20.979248046875
18.05457305908203	18.919151306152344
17.980669021606445	18.65392303466797
18.477357864379883	19.8293399810791
19.611783981323242	21.056425094604492
18.261062622070312	19.55690574645996
18.348220825195312	19.755521774291992
19.086082458496094	20.590219497680664
18.561304092407227	20.076414108276367
18.016889572143555	18.978660583496094
18.329240798950195	19.684717178344727
18.744644165039062	20.283781051635742
0.0	0.0
0.0	0.0
17.935714721679688	18.469053268432617
18.43932342529297	19.746295928955078
20.94312286376953	23.295732498168945
18.50516128540039	21.114452362060547
18.021257400512695	19.161893844604492
18.273611068725586	19.509008407592773
17.86521339416504	19.704673767089844
18.550989151000977	21.381711959838867
18.2893009185791	19.60795021057129
18.091259002685547	19.051300048828125
0.0	0.0
18.007814407348633	18.858800888061523
20.24016761779785	21.755842208862305
19.718769073486328	21.242067337036133
20.348522186279297	21.911666870117188
18.54387855529785	19.981094360351562
18.950233459472656	20.359390258789062
18.77062225341797	20.430744171142578
21.639528274536133	23.393692016601562
18.568115234375	20.064624786376953
18.87141990661621	20.366971969604492
18.509010314941406	20.009305953979492
19.425220489501953	20.920259475708008
18.419414520263672	19.766870498657227
21.33441162109375	22.8729305267334
19.308927536010742	21.046354293823242
18.595542907714844	19.931516647338867
18.080059051513672	19.0700740814209
18.01523780822754	18.90410804748535
19.418210983276367	20.837682723999023
18.422138214111328	19.67938995361328
18.313335418701172	19.633907318115234
19.032129287719727	20.3472843170166
19.0938720703125	20.567869186401367
17.980514526367188	18.408605575561523
18.771976470947266	20.27025604248047
18.553546905517578	19.860759735107422
20.10638999938965	21.49837875366211
19.123065948486328	20.452205657958984
18.032217025756836	18.844165802001953
20.308134078979492	21.84881019592285
17.96869659423828	18.29880142211914
18.552902221679688	19.976116180419922
18.609817504882812	19.932279586791992
18.231189727783203	19.397096633911133
18.190200805664062	19.29120635986328
18.19628143310547	19.43056869506836
18.215579986572266	19.391803741455078
20.403535842895508	21.8355770111084
19.036115646362305	20.40496253967285
18.603593826293945	20.020671844482422
18.92560577392578	20.321056365966797
18.076122283935547	18.944276809692383
19.74576187133789	21.18439483642578
18.08312225341797	19.124393463134766
18.707839965820312	20.092607498168945
18.17416763305664	19.38131332397461
18.91460418701172	20.274137496948242
18.369665145874023	19.651504516601562
19.680667877197266	21.129838943481445
18.47823715209961	19.80347442626953
17.995630264282227	18.97492027282715
18.82836151123047	20.19687271118164
18.130184173583984	19.267465591430664
18.729249954223633	20.106014251708984
19.28912925720215	20.799711227416992
18.786401748657227	20.141765594482422
18.674968719482422	20.02953338623047
18.24849510192871	19.339067459106445
18.00615692138672	18.865947723388672
20.0528507232666	21.577594757080078
18.382850646972656	19.616579055786133
18.034317016601562	18.948745727539062
19.930654525756836	21.331613540649414
20.56417465209961	21.978382110595703
18.497722625732422	20.08038330078125
17.969511032104492	18.383378982543945
19.062814712524414	20.382919311523438
18.97643280029297	20.29589080810547
20.356203079223633	21.701162338256836
19.288246154785156	20.579364776611328
20.054567337036133	21.554859161376953
19.634855270385742	21.226333618164062
18.43178367614746	19.710283279418945
18.35463523864746	19.651641845703125
18.93564796447754	20.32232093811035
19.868616104125977	21.362173080444336
18.792495727539062	20.143583297729492
18.769317626953125	20.21491050720215
18.97154426574707	20.431718826293945
19.719989776611328	21.185317993164062
19.6162052154541	21.031349182128906
21.28116226196289	22.77936363220215
18.328577041625977	19.47895050048828
20.22203826904297	21.726152420043945
18.253864288330078	19.439786911010742
19.63335418701172	21.044179916381836
19.742891311645508	21.137165069580078
18.466434478759766	19.857358932495117
18.471044540405273	19.78572654724121
19.510082244873047	20.913423538208008
19.36640167236328	20.741186141967773
18.73175621032715	20.087343215942383
18.780689239501953	20.174026489257812
20.109445571899414	21.590787887573242
18.535341262817383	19.944808959960938
18.2322940826416	19.448476791381836
19.637773513793945	20.995485305786133
18.601408004760742	20.066946029663086
18.143470764160156	19.189390182495117
18.373626708984375	19.536338806152344
18.247085571289062	19.58300018310547
19.10205078125	20.58038902282715
18.515499114990234	19.968616485595703
18.181358337402344	19.242525100708008
19.068641662597656	20.46682357788086
19.71160888671875	21.252992630004883
19.219463348388672	20.643293380737305
18.023054122924805	18.813514709472656
19.591503143310547	21.185955047607422
17.981460571289062	18.72896957397461
18.881502151489258	20.280437469482422
18.16826820373535	19.213645935058594
18.928129196166992	20.236244201660156
18.651695251464844	20.019044876098633
18.887956619262695	20.219005584716797
17.962295532226562	18.494733810424805
17.974925994873047	18.544477462768555
19.461376190185547	20.917949676513672
18.487489700317383	19.698060989379883
18.007871627807617	18.836782455444336
18.233200073242188	19.42449378967285
18.68413543701172	20.40782928466797
19.523435592651367	20.903913497924805
18.329252243041992	19.71748161315918
18.33599090576172	19.627897262573242
18.133745193481445	19.43536949157715
18.92096519470215	20.329322814941406
19.32158660888672	20.838651657104492
18.69325828552246	20.213478088378906
18.737838745117188	20.275266647338867
18.914796829223633	20.283905029296875
18.5623722076416	20.006088256835938
19.017763137817383	20.372114181518555
18.530467987060547	19.960702896118164
19.235233306884766	20.653186798095703
19.385494232177734	20.813196182250977
19.198753356933594	20.689748764038086
18.020309448242188	18.777135848999023
18.6666202545166	20.099443435668945
19.634742736816406	21.179590225219727
18.335012435913086	19.703937530517578
18.608068466186523	19.939538955688477
18.939781188964844	20.546541213989258
20.95232391357422	22.487449645996094
20.44263458251953	21.943500518798828
21.766799926757812	23.271875381469727
20.849525451660156	22.372119903564453
20.476768493652344	21.89791488647461
22.30929183959961	23.806772232055664
21.29245376586914	22.852075576782227
21.657320022583008	23.300090789794922
20.43751335144043	21.976905822753906
20.453210830688477	21.912981033325195
22.4769229888916	24.09933090209961
21.460397720336914	22.975431442260742
20.89990234375	22.32162857055664
21.42742347717285	22.869909286499023
22.73029136657715	24.454870223999023
21.079023361206055	22.674367904663086
22.045530319213867	23.69878578186035
20.406246185302734	21.809492111206055
21.290861129760742	22.78704071044922
19.788734436035156	21.299240112304688
20.882186889648438	22.630565643310547
20.774206161499023	22.36989974975586
20.8424129486084	22.644176483154297
21.134143829345703	22.634347915649414
19.750003814697266	21.181974411010742
19.922264099121094	21.429502487182617
19.398082733154297	20.783119201660156
20.452634811401367	21.883882522583008
20.76201629638672	22.502613067626953
20.294597625732422	21.86998748779297
20.440576553344727	21.993152618408203
20.21337127685547	21.6846981048584
20.781435012817383	22.211687088012695
20.268251419067383	21.85317611694336
21.113000869750977	22.54743003845215
21.28012466430664	23.004005432128906
20.91659927368164	22.3772029876709
20.870403289794922	22.65036392211914
21.056039810180664	22.60483169555664
19.623783111572266	20.970006942749023
20.43805503845215	22.012418746948242
19.735103607177734	21.118135452270508
20.33265495300293	21.86193084716797
21.73196029663086	23.304819107055664
20.548418045043945	22.425247192382812
21.162364959716797	22.710926055908203
19.842674255371094	21.227798461914062
20.652912139892578	22.159622192382812
21.421751022338867	23.104524612426758
20.821386337280273	22.365976333618164
19.180540084838867	20.627248764038086
20.689453125	22.181415557861328
19.7672176361084	21.32193374633789
20.553651809692383	21.994884490966797
20.23273468017578	21.596158981323242
22.769914627075195	24.350013732910156
20.415489196777344	21.95672607421875
19.914955139160156	21.44717788696289
21.441673278808594	23.006803512573242
20.076553344726562	21.442115783691406
22.310853958129883	23.891040802001953
19.874113082885742	21.333354949951172
22.78183364868164	24.453834533691406
20.598533630371094	22.041452407836914
19.935420989990234	21.424406051635742
20.61678695678711	22.060955047607422
19.643413543701172	21.095884323120117
20.26348304748535	21.723791122436523
18.51323890686035	19.97008514404297
20.314807891845703	21.87393569946289
20.586963653564453	21.999235153198242
19.992626190185547	21.723098754882812
19.745155334472656	21.23282241821289
20.394132614135742	21.965909957885742
21.363035202026367	22.951887130737305
20.716371536254883	22.294084548950195
19.690166473388672	21.211284637451172
20.116146087646484	21.8355655670166
19.354455947875977	20.780414581298828
20.27648162841797	21.797779083251953
20.2557430267334	21.77239418029785
20.917436599731445	22.51873779296875
21.438505172729492	23.090429306030273
19.614532470703125	21.296613693237305
19.3798885345459	20.91598892211914
19.602014541625977	20.954944610595703
19.73322105407715	21.161235809326172
19.28101348876953	20.836896896362305
20.202068328857422	21.622652053833008
19.756010055541992	21.300804138183594
18.984619140625	20.494531631469727
18.65907859802246	20.072694778442383
18.35566520690918	19.80029296875
18.223751068115234	19.720029830932617
19.580455780029297	21.038209915161133
19.54850959777832	21.001523971557617
19.793392181396484	21.266176223754883
20.00051498413086	21.429792404174805
19.435123443603516	20.858030319213867
20.506484985351562	21.951818466186523
19.673389434814453	21.23614501953125
19.835790634155273	21.45956039428711
19.67925262451172	21.37857437133789
19.718135833740234	21.20703887939453
18.5264892578125	20.34754180908203
19.1735782623291	20.672348022460938
18.08855438232422	19.04254913330078
20.33615493774414	21.869726181030273
18.414884567260742	19.8417911529541
19.318084716796875	20.716880798339844
19.24030113220215	20.805030822753906
19.885047912597656	21.45795440673828
18.840713500976562	20.351436614990234
19.2735652923584	20.868179321289062
19.28922462463379	20.877042770385742
18.613277435302734	20.00650978088379
19.45549774169922	21.059465408325195
21.280500411987305	22.696264266967773
20.895458221435547	22.479108810424805
20.305465698242188	21.917221069335938
19.5782413482666	21.169282913208008
20.910764694213867	22.3387508392334
19.856569290161133	21.324377059936523
19.35316276550293	20.757890701293945
18.38218116760254	19.784046173095703
19.216407775878906	20.587278366088867
19.65693473815918	21.22400665283203
19.83934783935547	21.353410720825195
19.77581024169922	21.400074005126953
22.984825134277344	24.471542358398438
23.740541458129883	25.586929321289062
21.965791702270508	23.392351150512695
19.28667449951172	20.832605361938477
20.985570907592773	22.422212600708008
20.316951751708984	21.729398727416992
21.83331298828125	23.655622482299805
20.464956283569336	21.90058135986328
18.794418334960938	20.178203582763672
22.4775390625	24.042701721191406
22.339599609375	23.980894088745117
22.741840362548828	24.265260696411133
22.046716690063477	23.600746154785156
20.251251220703125	21.665803909301758
20.940282821655273	22.455039978027344
22.302064895629883	24.092187881469727
21.881061553955078	23.340700149536133
20.634315490722656	22.324695587158203
19.50257110595703	20.950529098510742
22.24856948852539	24.064403533935547
20.302885055541992	21.777755737304688
22.270984649658203	23.848711013793945
21.2695369720459	22.7440242767334
21.71224594116211	23.33124542236328
21.376211166381836	22.907398223876953
19.49429702758789	20.86827850341797
19.61750602722168	21.610218048095703
20.627016067504883	22.245933532714844
21.91753578186035	23.44198989868164
20.599231719970703	22.19219398498535
21.483596801757812	22.982440948486328
20.93938446044922	22.408647537231445
21.867874145507812	23.446840286254883
20.965255737304688	22.3243350982666
20.907167434692383	22.617023468017578
20.680822372436523	22.165203094482422
21.421520233154297	23.07623291015625
22.349594116210938	23.928600311279297
22.210464477539062	23.786771774291992
21.381240844726562	22.779735565185547
22.881685256958008	24.365266799926758
22.380390167236328	23.858009338378906
21.18918228149414	22.649892807006836
21.52988052368164	23.229734420776367
21.106185913085938	22.615131378173828
20.297645568847656	21.83563804626465
22.839994430541992	24.350940704345703
23.010635375976562	24.593158721923828
21.52275848388672	23.177438735961914
23.064224243164062	24.75281524658203
20.548583984375	22.009048461914062
20.581422805786133	22.28200912475586
23.26502227783203	24.840072631835938
21.760454177856445	23.326833724975586
21.896455764770508	23.5732421875
20.62731170654297	22.371421813964844
19.998767852783203	21.471996307373047
22.049787521362305	23.708627700805664
22.114389419555664	23.809406280517578
20.341777801513672	21.889999389648438
22.23595428466797	23.7910099029541
20.561948776245117	22.142690658569336
22.078222274780273	23.821823120117188
22.755769729614258	24.417009353637695
20.0889949798584	21.878755569458008
21.538515090942383	23.08272933959961
22.734392166137695	24.37283706665039
20.54550552368164	21.9991512298584
22.428855895996094	24.088624954223633
20.415203094482422	21.87921905517578
19.949193954467773	21.655664443969727
21.457155227661133	23.063627243041992
21.794668197631836	23.361570358276367
22.174760818481445	23.798389434814453
21.667001724243164	23.319177627563477
21.053064346313477	22.61469078063965
23.189952850341797	24.8640079498291
21.904617309570312	23.518632888793945
23.48257064819336	25.06509017944336
21.115245819091797	22.802053451538086
21.14258575439453	22.951860427856445
21.632532119750977	23.406143188476562
20.780271530151367	22.440776824951172
20.642271041870117	22.26195526123047
22.530813217163086	24.11676025390625
21.379322052001953	22.969423294067383
20.455507278442383	22.287649154663086
20.76299285888672	22.35712432861328
21.22260093688965	22.78371810913086
20.985885620117188	22.61560821533203
22.107248306274414	23.864198684692383
22.51801109313965	24.188682556152344
20.53284454345703	22.142475128173828
21.751039505004883	23.484149932861328
22.17605209350586	23.858154296875
21.926925659179688	23.540979385375977
21.18572235107422	22.752845764160156
20.745725631713867	22.371810913085938
20.677324295043945	22.262537002563477
20.831403732299805	22.650442123413086
20.95757293701172	22.616161346435547
22.137651443481445	23.871135711669922
21.014795303344727	22.637165069580078
20.9925537109375	22.755565643310547
20.42864990234375	21.960817337036133
20.60626983642578	22.267440795898438
21.69422149658203	23.3824405670166
21.032873153686523	22.696096420288086
20.565919876098633	22.15723419189453
20.216123580932617	21.967485427856445
20.268285751342773	21.91474151611328
20.774839401245117	22.475727081298828
20.644834518432617	22.37737274169922
21.471101760864258	23.266958236694336
21.252784729003906	22.95169448852539
20.814720153808594	22.602113723754883
20.950109481811523	22.619434356689453
21.87749671936035	23.43933868408203
21.6783504486084	23.30539321899414
22.654237747192383	24.413488388061523
20.828760147094727	22.31829833984375
20.838659286499023	22.36090087890625
20.73858070373535	22.320337295532227
21.0894832611084	22.849470138549805
21.62213706970215	23.23938751220703
21.406553268432617	23.192485809326172
23.724550247192383	25.467300415039062
21.639074325561523	23.336233139038086
18.950281143188477	20.629867553710938
19.780712127685547	21.381818771362305
20.457273483276367	22.020326614379883
20.148399353027344	21.759687423706055
21.338041305541992	22.936569213867188
21.317705154418945	23.089418411254883
19.464250564575195	21.168760299682617
20.019060134887695	21.51495361328125
21.120725631713867	22.77911949157715
19.05707359313965	20.621788024902344
20.744140625	22.129465103149414
21.90494155883789	23.405221939086914
21.012592315673828	22.59197235107422
21.24515151977539	22.877334594726562
20.796091079711914	22.437482833862305
21.364852905273438	22.952871322631836
18.93423080444336	20.365161895751953
21.5755615234375	23.188331604003906
19.983646392822266	21.542713165283203
20.87914276123047	22.51318359375
20.922527313232422	22.38445281982422
20.700807571411133	22.345867156982422
20.340557098388672	21.97064208984375
21.143041610717773	22.57888412475586
23.219524383544922	24.755556106567383
20.310632705688477	21.709976196289062
21.972370147705078	23.56836700439453
20.130111694335938	21.67599868774414
21.845170974731445	23.596900939941406
21.93280601501465	23.700965881347656
20.96841812133789	22.493324279785156
21.798484802246094	23.307260513305664
22.196706771850586	23.902212142944336
21.372255325317383	23.049610137939453
19.871091842651367	21.441843032836914
21.825101852416992	23.438173294067383
21.415903091430664	23.2171573638916
20.460466384887695	22.090490341186523
20.719072341918945	22.16317367553711
22.401399612426758	23.930959701538086
21.99844741821289	23.753511428833008
22.464052200317383	23.954866409301758
19.58970069885254	21.194429397583008
21.121564865112305	22.878984451293945
20.010902404785156	21.453845977783203
21.590892791748047	23.288562774658203
21.635547637939453	23.194616317749023
21.78866958618164	23.507495880126953
23.1936092376709	25.06182861328125
22.51120376586914	24.14727210998535
20.18338966369629	21.76763153076172
22.662612915039062	24.26727867126465
19.8443546295166	21.27554702758789
21.75313949584961	23.2878475189209
21.496000289916992	23.15179443359375
23.33590316772461	25.131977081298828
21.99386978149414	23.741350173950195
21.438905715942383	23.250776290893555
23.649913787841797	25.345701217651367
23.536333084106445	25.264822006225586
22.948562622070312	24.4133243560791
21.64299774169922	23.321725845336914
22.125904083251953	23.750869750976562
18.33643341064453	20.178409576416016
20.839994430541992	22.537952423095703
20.723142623901367	22.250741958618164
23.527454376220703	25.282365798950195
21.308218002319336	22.950637817382812
24.306489944458008	26.19564437866211
21.598556518554688	23.16295623779297
22.355857849121094	24.29186248779297
21.52865982055664	22.983903884887695
0.0	0.0
22.4068603515625	24.531877517700195
20.66073226928711	23.08450698852539
22.408601760864258	23.935997009277344
21.848234176635742	23.733163833618164
23.207719802856445	24.797073364257812
22.153291702270508	23.989694595336914
21.692859649658203	23.457382202148438
20.946754455566406	22.7431583404541
19.80397605895996	21.73261260986328
19.589988708496094	21.732263565063477
22.42388153076172	24.03659439086914
20.453571319580078	22.007036209106445
19.864126205444336	21.398056030273438
21.091781616210938	22.993331909179688
24.69296646118164	26.438161849975586
22.564403533935547	24.113439559936523
20.49590301513672	22.22726821899414
22.62293243408203	24.34246826171875
19.03095054626465	20.662582397460938
20.735877990722656	22.621984481811523
21.84583282470703	23.403274536132812
20.971145629882812	22.439916610717773
22.058551788330078	23.718090057373047
19.429014205932617	21.03864097595215
19.957469940185547	21.49762535095215
0.0	0.0
17.940065383911133	19.5414981842041
20.106639862060547	21.995468139648438
23.387971878051758	25.025880813598633
20.367067337036133	22.117694854736328
19.911884307861328	21.497522354125977
22.670398712158203	24.209060668945312
20.532949447631836	22.048917770385742
24.152376174926758	25.774246215820312
19.381366729736328	21.31031036376953
21.21411895751953	22.880451202392578
23.15851593017578	24.831960678100586
21.446857452392578	23.13957977294922
19.467262268066406	21.202558517456055
23.7266845703125	25.638076782226562
20.447250366210938	22.588760375976562
22.993608474731445	24.678903579711914
21.368745803833008	23.446508407592773
21.19219207763672	22.936199188232422
21.494346618652344	23.213659286499023
23.253398895263672	24.97586441040039
22.290292739868164	24.04543685913086
24.11475372314453	25.758142471313477
24.731788635253906	26.3393611907959
21.540000915527344	23.0704345703125
25.920225143432617	27.932340621948242
22.397741317749023	24.452564239501953
22.691917419433594	24.336406707763672
25.19548988342285	26.975027084350586
19.816495895385742	21.364648818969727
19.380352020263672	20.743244171142578
18.814952850341797	20.182910919189453
20.365297317504883	21.879438400268555
18.103425979614258	19.139562606811523
18.31203269958496	19.73473358154297
19.284196853637695	20.69989776611328
19.585857391357422	21.151277542114258
19.371986389160156	20.90536880493164
19.225969314575195	20.673194885253906
19.166860580444336	20.588045120239258
18.382383346557617	19.669750213623047
18.845232009887695	20.36235809326172
17.978748321533203	18.68950843811035
19.6151180267334	21.101552963256836
20.073486328125	21.636343002319336
18.191436767578125	19.286190032958984
18.391950607299805	19.692806243896484
18.030658721923828	19.01970100402832
19.626113891601562	21.02812957763672
19.088848114013672	20.817155838012695
18.30843162536621	19.75141716003418
19.77269744873047	21.352188110351562
18.044126510620117	18.971057891845703
18.230178833007812	19.504491806030273
17.94432258605957	18.458864212036133
19.27259063720703	20.844453811645508
18.967195510864258	20.4271240234375
3.343369483947754	15.260202407836914
18.656217575073242	20.270366668701172
18.39373016357422	19.724414825439453
18.354854583740234	19.55316162109375
18.044414520263672	18.965120315551758
19.930625915527344	21.46285629272461
18.39788055419922	19.794984817504883
18.83965301513672	20.34325408935547
18.596433639526367	20.08380699157715
18.92101287841797	20.46800422668457
18.850675582885742	20.279809951782227
17.9945011138916	18.647239685058594
18.121910095214844	19.1508846282959
19.263330459594727	20.768983840942383
17.970312118530273	18.58357810974121
19.335786819458008	20.832761764526367
18.267919540405273	19.639110565185547
18.60637092590332	20.093624114990234
0.0	0.0
19.001338958740234	20.46302604675293
19.106273651123047	20.591381072998047
17.995847702026367	18.522998809814453
18.133277893066406	19.23527717590332
19.017576217651367	20.497617721557617
18.861164093017578	20.34930992126465
18.24516487121582	19.498538970947266
18.007726669311523	18.791189193725586
18.03365135192871	18.849422454833984
18.74581527709961	20.32041358947754
17.98596954345703	18.54167938232422
18.758562088012695	20.20955467224121
19.061927795410156	20.52973175048828
18.184711456298828	19.364042282104492
18.943843841552734	20.297008514404297
18.258657455444336	19.595172882080078
18.044818878173828	19.14293670654297
19.441547393798828	21.133747100830078
19.874996185302734	21.396074295043945
18.720544815063477	20.098228454589844
18.391447067260742	19.702028274536133
19.50214958190918	21.05120086669922
18.863126754760742	20.44398307800293
18.176843643188477	19.426559448242188
19.911474227905273	21.67192840576172
21.453655242919922	23.096845626831055
18.704566955566406	20.21854591369629
16.758697509765625	20.566579818725586
19.738021850585938	21.27997398376465
18.513521194458008	20.066055297851562
18.135833740234375	19.340749740600586
17.961139678955078	18.397579193115234
19.509326934814453	21.015066146850586
17.978235244750977	18.73969078063965
19.079238891601562	20.70734214782715
19.278047561645508	21.053327560424805
18.850378036499023	20.721235275268555
19.543365478515625	21.097801208496094
18.08429718017578	19.214073181152344
18.40473175048828	19.826997756958008
18.495023727416992	20.089136123657227
19.74566650390625	21.33696937561035
18.37602424621582	19.78888702392578
18.073572158813477	19.405738830566406
18.829723358154297	20.404239654541016
18.06621742248535	19.005393981933594
20.290189743041992	21.78482437133789
18.34662628173828	19.763622283935547
19.3216609954834	20.803083419799805
20.26236915588379	21.76199722290039
18.748441696166992	20.225500106811523
18.47864532470703	19.93061065673828
20.916582107543945	22.429597854614258
19.720266342163086	21.296052932739258
19.959012985229492	21.422330856323242
20.03398323059082	21.67972183227539
18.176986694335938	19.331314086914062
19.000619888305664	20.554418563842773
19.86524200439453	21.416208267211914
18.016250610351562	18.996461868286133
18.701078414916992	20.25853729248047
21.04189682006836	22.898456573486328
18.110227584838867	19.17401695251465
0.0	0.0
18.522296905517578	19.957984924316406
17.98055076599121	18.908401489257812
18.035545349121094	19.389259338378906
20.445104598999023	21.995027542114258
18.569190979003906	19.989736557006836
18.455602645874023	19.809494018554688
18.59718132019043	20.355897903442383
20.071199417114258	21.570226669311523
18.19605827331543	19.451217651367188
21.299962997436523	23.24420738220215
19.225807189941406	20.68032455444336
19.464162826538086	21.02802276611328
19.413230895996094	20.81201171875
18.009153366088867	18.964937210083008
19.340909957885742	20.842147827148438
18.23369598388672	19.53550910949707
18.995845794677734	20.853321075439453
23.370695114135742	25.188718795776367
22.403470993041992	24.182310104370117
21.917686462402344	23.628398895263672
22.066516876220703	23.945547103881836
22.2795352935791	23.91033363342285
22.89217758178711	24.456212997436523
21.506492614746094	23.00423812866211
22.822792053222656	24.922304153442383
22.073068618774414	23.702346801757812
22.43646812438965	24.485158920288086
21.07211685180664	22.577285766601562
19.577762603759766	21.170339584350586
21.1713924407959	22.866806030273438
22.714305877685547	24.2563419342041
21.071165084838867	22.982179641723633
21.450294494628906	22.994384765625
24.635276794433594	26.564058303833008
21.982257843017578	23.61066246032715
21.851037979125977	23.639907836914062
21.928247451782227	23.4265193939209
22.882705688476562	24.877609252929688
22.112503051757812	23.94391441345215
20.39665985107422	22.10797882080078
22.72924041748047	24.49578857421875
25.988815307617188	27.5957088470459
23.297988891601562	24.892091751098633
23.208219528198242	24.91274642944336
22.144582748413086	23.641563415527344
21.909753799438477	23.499269485473633
23.434072494506836	25.15546417236328
22.41299057006836	24.072546005249023
23.279001235961914	24.9796142578125
21.78376007080078	23.328655242919922
24.811328887939453	26.54464340209961
22.771852493286133	24.366100311279297
24.753921508789062	27.23601531982422
20.561752319335938	22.131521224975586
19.958810806274414	21.679346084594727
23.120176315307617	24.622314453125
22.309846878051758	23.909860610961914
22.474159240722656	24.06403160095215
22.552675247192383	24.343521118164062
25.535627365112305	27.436765670776367
22.000375747680664	23.77948760986328
22.54425048828125	24.10796546936035
21.703475952148438	23.281450271606445
19.408964157104492	20.927234649658203
22.90093231201172	24.618453979492188
21.736572265625	23.585588455200195
23.441797256469727	25.384660720825195
24.569805145263672	26.407670974731445
24.77496910095215	26.651880264282227
22.811874389648438	24.563032150268555
21.071094512939453	22.503761291503906
20.996498107910156	22.494565963745117
22.498056411743164	24.230571746826172
22.294727325439453	24.238788604736328
21.742948532104492	23.642953872680664
21.839574813842773	23.68085289001465
22.613872528076172	24.416547775268555
22.350740432739258	24.035066604614258
22.850160598754883	24.426532745361328
23.4880428314209	25.312362670898438
23.15643310546875	24.909706115722656
22.455781936645508	24.304166793823242
20.857582092285156	22.36379623413086
21.37006378173828	22.871644973754883
21.533187866210938	23.165559768676758
22.051660537719727	23.757383346557617
22.729995727539062	24.708887100219727
21.678668975830078	23.219541549682617
22.44924545288086	24.299943923950195
21.226667404174805	22.725364685058594
23.02466583251953	24.735689163208008
22.494077682495117	24.4127254486084
23.968727111816406	25.45197105407715
19.549781799316406	21.014240264892578
22.138893127441406	24.136362075805664
21.03530502319336	22.742246627807617
21.088640213012695	22.84100341796875
21.702556610107422	23.596410751342773
22.965986251831055	24.61286163330078
21.682493209838867	23.205772399902344
21.20026206970215	23.28329086303711
21.995943069458008	23.50650405883789
20.937841415405273	22.387191772460938
23.125574111938477	24.76861000061035
19.633140563964844	21.477689743041992
21.20964813232422	22.925973892211914
21.757051467895508	23.414840698242188
22.197494506835938	24.032258987426758
21.742204666137695	23.232032775878906
20.873003005981445	22.691102981567383
20.39299201965332	22.374879837036133
21.420578002929688	23.062301635742188
23.322120666503906	25.084815979003906
19.712932586669922	21.151832580566406
20.594579696655273	22.013683319091797
22.654027938842773	24.245378494262695
23.448890686035156	24.964414596557617
21.312829971313477	23.194272994995117
22.737520217895508	24.536806106567383
20.697345733642578	22.509618759155273
23.514734268188477	25.18466567993164
22.853788375854492	24.775915145874023
24.249059677124023	25.874736785888672
21.040124893188477	22.604684829711914
22.191511154174805	23.732446670532227
22.557676315307617	24.598247528076172
22.895240783691406	24.590917587280273
23.985057830810547	25.810285568237305
23.61739730834961	25.373579025268555
23.733417510986328	25.885290145874023
23.842041015625	25.528051376342773
22.87442398071289	24.67682456970215
22.346044540405273	24.077159881591797
21.881994247436523	23.67388343811035
23.246301651000977	24.972272872924805
21.534996032714844	23.028076171875
24.057781219482422	25.783002853393555
21.018442153930664	22.946491241455078
20.51390838623047	21.993593215942383
22.956342697143555	24.36522674560547
22.900096893310547	24.54669189453125
21.5018367767334	23.294878005981445
21.633726119995117	23.090890884399414
22.297868728637695	24.044172286987305
23.259355545043945	25.195819854736328
