28.277409077703066	32.78202390569537
26.087166051196444	29.838058253002774
24.269957467502344	28.3956537995875
25.74886960031627	30.395312604883927
24.050242851241126	27.929676582352624
26.87894479180597	30.590730272280943
25.931810607829163	30.075912246785094
27.45450735800838	31.81853722817326
26.132552100341538	29.82725243457057
27.35091944611503	31.129287997122276
26.867489031166027	30.84660703816991
26.00895072345774	29.643024908256127
25.20167438442287	28.876414375953107
27.479591491116082	31.40464770566126
27.195518283074577	32.16068288880042
26.265771319152442	30.61382157635537
26.570974732660183	30.468562697149387
26.350832635430013	30.551482504340495
27.575476609977187	31.93804458448082
26.16393233256735	29.96039437336527
26.208238895278576	31.09580964292943
25.792435631883624	30.217452063428876
26.0545538094393	30.789552864755034
25.717308607324167	29.71476307846685
25.466805812406438	29.041987064790828
26.26512881398454	30.36475399851546
26.529578217022486	30.37617396498435
25.08242048680656	28.903426986337973
24.10954527642317	28.15540833685808
24.761287059500464	28.411875400826684
25.049469818228623	29.641251693612197
24.73032690360035	27.97366594002758
27.91276921233807	31.581722364810368
24.837087471267473	28.55250946781944
25.716534325018557	30.113673499688474
24.517290275314558	28.419818718215716
27.3298473844103	31.229124020618997
24.988574860202277	29.356670501125848
26.642847409420458	30.20221103174165
25.21247889079359	29.053640112502308
24.945465091940196	28.487148280862538
24.702559454932082	28.44773770998491
25.05765851541183	28.679899849456334
28.54591125237208	33.8517461420371
28.20726969085175	33.770511604924614
26.437483076836653	30.20586943170827
21.584462022072696	26.28874507021246
26.423595171318944	29.973673123969142
26.46542618785947	31.756913442267482
24.72940515003893	29.53044058360365
27.648935413158117	31.68918981572372
26.44418513142126	29.98666203654749
27.798777981168904	31.919294910066448
25.695927947949453	29.222275405932383
25.079999381063345	28.491278237344858
28.726698762039216	33.16865455522152
28.55311539927359	33.40003248891
26.592983227626533	30.52616693411663
26.002343647545818	30.158440120154378
25.271785476911347	29.03466441322537
26.712993237116788	31.626533893010166
26.937224491386658	30.761422054023498
26.825005812756324	30.740618424304223
26.948825690397033	31.32231536184906
25.037772780011416	28.86964833204913
26.46478588160942	30.050755195050737
27.361819022273814	31.456609017276968
27.625015726514683	31.320619115404263
25.94270116761485	29.5921556286498
25.942100804322845	30.122012812620515
25.566515867877158	29.04811959965214
26.90413718618405	31.124127813205597
27.198200867687316	30.716546370471864
25.547645639715174	29.49411194390299
26.876189335136658	31.017006770820373
23.657169060595727	27.231714530102515
25.466690674962006	29.07188735848526
23.207240238311183	26.921698436615575
28.234656779376312	31.79723981181021
24.918609447033795	28.98386591002187
25.453236545473654	29.969214473813455
20.460557336260557	24.75970900590253
18.947204496703584	22.937709901489775
24.773467881917448	29.3303586409097
23.37051778538212	27.2531871248962
23.698324695514266	27.388534053875382
24.892439064706206	28.191192450796724
26.6416304217782	30.40103887448645
25.488789910723447	29.26151335770917
24.22693314116978	27.864291529240376
23.74454997603301	27.148863567668162
25.796179170061826	29.47925723130536
24.614196757095886	28.207050343734192
26.36323099075609	30.391113949429457
22.905487939304102	26.809931829983007
24.647549238427683	28.995955858007864
22.685614336827758	26.87794233431482
24.975409570519837	28.443657812292663
25.37114359416273	29.124566778762073
22.774827238354206	26.358727220263958
25.462562702770192	29.178401805286448
24.59836844831009	28.19027443499069
26.527015655663362	30.611669570777067
24.278767049186044	27.820304453499503
24.734781400919466	28.432895524739713
25.527974742233372	29.101568562209987
25.2451423839399	29.184461192720256
26.421279552888972	30.19129788546552
27.58825464714358	31.681598944775367
23.532389877708095	27.635910750954015
23.338576914145435	26.917038320229565
25.873229166504682	29.44138036108321
24.16452989153042	28.87452688642368
26.972279319844176	31.661109199442933
25.627409206074514	29.998748554545603
26.202928634206202	29.898216156443212
26.04241772872374	29.618886745153212
25.606657032247814	29.04534339499828
25.31159682790185	28.9430914350376
26.757111231486004	30.826121648152668
24.301042963744727	28.132201741455468
24.657422499039118	28.215073152206
23.98262508659606	27.468893925855113
25.133529418086802	28.76483369531652
25.769010701756567	30.094148477930933
26.91107229366424	30.305970629309392
24.168395192253616	28.40059932984111
23.953985173737674	27.72935299154553
17.486780851003722	20.25182083356659
17.43611991987613	20.49715530290219
18.572608417259914	21.86293464304282
17.604630018748548	20.658080552540515
17.888048190220147	21.282897930995674
17.777963162480898	20.67086839574664
19.891051539443353	23.247187367417
17.346862760572172	20.797454866380953
18.573706070075875	21.80184706102764
19.298156309026567	22.843208742242965
18.341652465220974	21.612374710682346
19.23893974692958	22.600198284076278
19.625131769038564	22.868539648197764
18.506492533754646	21.822914204526604
17.4055937121122	20.804395835617292
18.664615294989	22.335220673028576
17.429005768648377	20.194722029813537
17.578335294298306	20.030116548963413
17.61433290777186	21.007218605900015
17.502976755680805	20.03016914886021
19.27992073391147	22.871814571874662
17.44016299075635	20.241454746060057
19.25381470536477	22.911582938678198
19.401121206344314	22.739406518875413
18.52667533769223	21.77514923200992
18.810352533992436	22.40073183185229
18.72462544775313	22.282328745362104
18.984562474957443	22.498076837786698
18.355110565315133	21.678618987907523
17.909441052981496	21.19866174548042
19.76146536622584	23.3062626763767
18.123812643079496	21.66023543736484
17.853305377271777	21.4209503752917
18.386761547906637	21.72462570490098
17.952065287628496	21.207225026092207
20.391338854585232	23.93852946206516
18.45043880924298	21.797726321372256
20.149420754418504	23.484320624365676
19.29812857957909	22.533206488169935
17.667902559737996	20.946023374099894
18.3737232406681	21.779911784356315
18.410147132387586	21.78465992022472
19.33672442912043	22.622061581621757
18.627328775490923	22.261423208151655
19.1221986636994	22.91964475060724
17.79421608513834	21.309297632513026
19.288295766097473	22.901405314224792
17.841018332544152	21.199344979223426
17.466883628991	20.470070869300017
17.471940463768703	20.476164394629734
18.6968041579941	21.858625300624063
19.773843279310093	23.39124537425436
18.480529568504124	21.677023150612087
18.70921330340602	22.0049457084348
18.6190787293096	22.187395956359346
19.440807666495093	23.40229383496975
19.760636104899607	23.37918017928008
20.112964634176524	23.49824523520824
19.40420236202815	22.524397949251146
18.531744329286482	21.998141916441057
18.395466656695	22.472495226849922
18.510039665643323	21.841311118658435
18.098601391867213	21.51614088718552
18.84538800144398	22.44743006801403
20.217225230676608	23.71184428836636
20.74103283730282	24.161722900001866
22.092455912547507	25.42525000481089
20.6697004160304	24.103000847397336
20.869801825019206	24.039147073296224
19.737475984415433	23.003658659139255
20.01777192538964	23.154465470850596
21.89771298289046	25.042197905781414
19.3241921564576	22.70262898001701
20.344607721721545	24.051428426349744
20.58291884339286	24.79044083678292
20.02322531050178	23.11531686479119
20.902254529819366	24.252530626430634
19.679951139316437	23.98771624959958
18.718366912469236	23.01301545752588
20.194336000268372	23.736970838720886
20.75402884270735	24.22005791876726
19.129567695018338	22.56241457426877
21.39295297165079	24.78461164932089
22.173117987922296	26.151013024040594
20.5893578073781	23.778068111201
19.891500029594276	23.88093229767623
19.87061683589992	22.978874283484846
21.75530283820604	25.23251683342482
20.460307744911017	23.931200357505976
21.290334867570557	24.569719148542724
20.83225097170301	24.101762394996207
19.043336323618636	22.47668130028273
21.490374842520225	25.09916754639579
20.836706388275083	24.06445862026984
21.431099857241232	24.848444973081033
21.42626917691241	24.563047763395208
19.861999892378563	23.06067619404722
20.93531073025584	24.063382735930684
20.565241100934912	24.122997042985986
19.736751321521282	22.937290426525593
21.47179826708103	24.327022228524438
20.220950203589826	23.652991217918963
21.411491981230977	24.69783342770457
20.695526872217783	23.921748365819326
20.36563608448976	23.83749654490477
19.98522368510058	23.662397469684578
19.70305179182891	22.78693081315156
20.05584740891831	23.48008894667251
20.591523652370316	23.898060316745894
19.40133063808368	22.659191441384092
20.670252368708326	24.185872509221362
20.053945235639116	23.637699432939986
20.458629747864546	24.043947080138384
19.477560553581093	23.26290651795211
21.409540627918933	24.78194763807228
18.61639560205415	21.812860837154833
19.50721615590867	23.035130798437034
20.231468947829715	23.781117645798215
18.01902821008314	21.456941104492056
17.525298442557105	20.6074968913052
17.484703398054574	19.504804277116325
19.702063515940544	23.12674240752137
19.59729558292721	22.874258219563025
20.855161302408597	23.90772093025742
18.086225325388007	22.05118197746844
19.73441835472285	22.821512736585742
21.551455926996383	24.909098195928422
17.817950645576364	21.387507041801566
25.199699553714435	28.900575485958417
25.24790281348421	28.763016757438642
27.969242618342115	31.648894741277026
27.01674421476457	31.298920076617264
25.788891280026448	29.019858872561443
26.07927148256079	29.553205324079833
25.326532367941173	28.60500144553539
27.471031440038338	31.704284416895256
25.729139368498654	29.4153194022533
27.479187874277685	31.060435386220362
25.452039560694605	28.798257985692114
26.53382618817048	30.2794863423471
26.2445018934343	30.01329725512527
25.015044831925895	28.41562876731727
24.965924726676537	29.092852128792213
26.366658747322745	30.08449023949366
26.485256915892258	30.06618046203743
26.24881880855358	29.347292489053842
27.208060171447237	30.81900319830374
26.743963381287397	30.24917207098311
27.543493517897943	31.599626294113776
26.978609763386395	30.81311348795638
25.897875095375532	29.861402248374468
25.922719052389674	29.191485354348607
26.82771952035827	30.297619987698372
27.070625691909953	30.668496698837117
24.49706289773281	27.6512181996793
25.12021793681345	29.006616932571315
24.67751168900994	28.12381124800178
25.67286734368391	28.990123226384448
25.96454282829463	29.721116580274707
27.47178298601932	30.832948382999234
27.782110248654764	31.118686641604025
25.68059499906633	29.253237169512772
24.739256652297488	28.19735261589099
27.71536408564088	31.280441654715567
24.53826111188107	27.654451671932406
26.929186197349726	30.52692761795789
25.97920128241213	29.32788184747068
25.107136651462305	28.68351657729746
25.16252948574706	28.45301769442872
25.825429458780146	29.12627647383704
24.617915143379488	28.10997487126895
28.210204128500255	31.940714832071034
25.184493287606855	28.881716505483965
26.17124245070601	29.339291835793013
25.836711828875693	29.472810799908487
26.802840224749975	30.35675717210061
21.589745470925756	25.462092450216822
23.045082227945834	26.754640443562955
26.528039472624503	30.38119552798585
24.507245630721883	27.91315880348222
26.547636627391647	30.264512420459916
25.547788984456638	28.919179551920315
25.577242964645354	29.054598694900545
24.49506267418021	29.828475152357875
26.671970995115373	30.39437040503111
25.675820044904253	29.73068935450981
26.40223482662452	30.141533102452627
24.669591020879725	28.164015699090978
24.424131093764256	28.95258170530801
23.759702886998525	27.066150460779795
24.03492987484942	27.406312343168157
22.437688511647995	26.623869258127396
27.2655875799256	31.520364034454282
26.79302383430951	30.282131423869203
25.426989713292212	29.017798265833765
25.527923177002343	29.349047114135352
25.181288887234505	29.10427172067565
27.885642606488204	31.900789659747147
26.210365609252023	29.912156744873954
26.647857702461778	30.58416362932533
25.26176595586627	29.13804102045209
25.58629135974147	29.25777144543431
25.140353814305268	28.571981772242584
26.257968426763124	30.089289187372618
25.005879507449528	28.384579553219417
27.120733285405834	30.834669088861745
24.834450725790294	28.519185062173573
25.52342711082183	29.018738645403754
20.074421254945662	23.82692113702211
25.496308567670752	28.914828059526513
22.770024325943805	26.387507412337445
18.708264780145797	22.828846502202836
24.51482716133134	27.96583232353194
26.891728484200318	30.547488129569214
25.55386494274099	28.94455577259104
26.28798945036157	29.827376531694092
27.212936030831308	31.16329802373412
25.852757427596234	29.09028532753072
25.69659371183683	29.2670369644327
27.48052447819153	31.09753376460632
26.068618298589296	29.934271334589415
26.334359116361906	30.09525781173868
26.337590083954442	29.859612598540675
26.51615518420112	30.1544247260772
26.764748050908374	30.4150367238719
27.472598191279516	31.110993269902124
27.167387638375512	30.741835918143043
24.66112919825657	27.985006131943624
26.87849561525252	30.559500295392013
28.12854547358875	32.681001950727655
26.21851986684617	29.960057556249534
25.54207951045593	29.47054141544739
25.94477938998277	30.109869963044574
26.969186902299302	30.862903475508315
26.293337174028853	30.190204314618608
25.48405242928021	29.01512168876178
27.927354956381894	32.21622071195307
25.4611185827073	29.301437493342505
26.039064846727246	29.61634782722295
23.60031823038802	27.082403861286785
26.187000264534273	30.092954645744047
27.73806853810693	31.777735752664555
26.58689837648104	30.109884689314857
25.328282196304094	28.790026824692
25.65242420083145	29.35809482687851
24.998567366549416	28.581167435696678
25.659089467074967	29.232691386196517
24.33971286579302	28.085490457571236
26.49963574095643	30.51933856324279
24.404420980222667	27.569003931276356
26.50196157645774	30.082026613239524
25.349353944166957	28.967128599778356
25.631986707132587	29.299749285299054
25.676417670685268	29.32917658285477
24.769193232186026	28.403101384513192
26.18023807987286	29.645781207236514
20.150437170785956	23.617575829702325
19.067122769203916	22.124493289145693
20.80832784292298	23.976000617770378
19.202708106638266	22.74215998113029
19.792814681990638	22.895957519547448
19.456906294367116	22.283268952825267
18.646865941916303	21.532089136208697
20.46627688964714	23.852650875245438
19.243928048767607	22.26674356683298
19.576526785605527	22.6599482052392
18.053872197550067	21.139893442708722
18.946954854734386	21.844508997194325
19.739953871239017	22.943744782935788
19.010211017227984	21.99063966026225
19.69787510995399	22.855553539948353
21.002013836190454	24.311340655997046
19.41015477798041	22.97053484299127
18.692822509004305	21.405465073393156
19.828767490994398	22.974422740328844
18.219494135263368	21.063966481802062
19.453812578934265	22.621327420455383
20.37685281101559	23.46880263026859
20.753786546662607	23.923488157316886
20.040132893118887	23.101184474434824
19.572690168004126	22.892655214686304
18.432524990883604	21.31441943660663
18.76438395992206	21.722791027870908
19.293925888725653	22.245428435615167
19.931503502426633	23.29980829566907
19.829493848634627	22.82096162621889
20.631637710927652	24.498420577646566
20.879132068334364	24.32742806655333
18.729027144721613	21.911557800957098
18.584880478569403	21.654638640693292
19.77160419779978	23.02857814472952
19.47962551157439	22.919502448630688
18.851033690628732	21.931681153121268
17.997385604113276	21.158368485242192
19.58304437204025	22.726541199248814
20.48349886487244	23.82338780810119
18.691702950026073	21.62872017619463
19.48779323804657	22.52681514513214
17.887728614159197	20.84149082248631
19.19993299739376	22.49843126041874
17.545705525991515	19.252167017343446
20.21357117387646	23.555752175122564
0.0	0.0
19.06991124608714	22.386255974982195
19.163722279218604	22.33428644880874
12.913701656770808	22.993229266691106
18.50038445628626	21.456244343152218
19.482386872520365	22.593920424232564
19.398303206053004	22.56081277600266
18.450934491086663	21.529852786135017
19.381405065014103	22.43332081084039
18.357868498298014	21.37271850731722
19.268730327581903	22.898244693780402
18.211684056907703	21.150519541114758
20.44850255071231	23.849600781807222
18.640801741565614	21.64940326026544
17.45003510736356	19.94215010381808
18.360597128574508	21.426512246425492
18.873968667032358	21.955304556844595
18.432336689813376	21.730146525518656
17.76187404502982	18.53672329078561
20.213812003975967	23.177038063162705
17.63218657783136	19.77151901909247
18.379112751873688	21.11840960225229
19.628471931327933	22.59730664838398
18.47087300254028	21.488853331077884
18.98881063238577	22.053587820373018
19.143637169192044	22.44550467651108
17.779997766903758	20.832711278506398
19.7782005808156	22.894431636591626
20.60781891735749	23.786996527588798
19.477185996474734	22.502313820419797
18.735104311803344	21.721987973352906
19.440667743642365	22.673340206186737
19.360549092545885	22.62293326829396
18.669554457289905	21.87223173655775
18.43276550309167	21.55432174666419
18.7618325976556	21.916048643189125
17.868447307821544	21.053456302407948
14.183779805582294	24.620722681600324
17.606936549937902	20.176625156605066
18.73474329646732	21.820695698894006
17.88039437069255	20.693259804112138
17.511367963884034	20.5466116198562
18.394830167167	21.385143816597648
17.717690202587477	20.266936567432055
20.599125015760936	23.705896270249806
18.70837563719213	21.843113239150643
17.614490954486175	20.549556286724762
18.10493096880093	21.41111936994419
19.33418204273135	22.667725305901463
19.41903328541231	22.68059134837675
19.267207404863555	22.46805832694797
18.60796511097319	21.38070333079927
18.84043041561313	21.98791202213101
20.104715256174657	23.127109618703273
18.350044823502785	21.844254874373192
19.580226396046374	23.015575911082532
20.60280361499503	23.618111225703213
19.492767510140776	22.585527243887544
18.762239516920346	22.14002030973981
18.936940264043788	22.01937763756754
19.60657099705593	22.68757077235325
20.23429479619247	23.377115344798742
18.26121665565831	21.789301380230363
19.204815939480078	22.365191384738672
19.738641720668525	23.153026599033623
19.0636882255538	22.147478156282137
18.67069200041947	21.893370118110802
18.69991573204154	21.946688805922328
18.542665528137466	21.594257308166245
18.92383907909353	22.051315797615455
19.187533884797634	22.194944829191623
18.48541475405359	21.55817769894934
18.420963250907363	21.30533603498131
19.08471592621692	22.221676743460815
19.123596209629326	22.40781972970173
19.95737275247108	22.979629429535755
18.327894137923124	21.128805233414766
19.68334348034707	22.585125376464454
18.78057933410515	22.04106830993782
19.74511265400362	23.264162782397747
19.27379764467794	22.181990014013465
19.214125912660247	22.36597700787198
24.823202125079565	28.745237358563013
24.85009736468078	28.71044951031922
25.168339121873213	29.012982975905107
24.22092644069858	28.198104702489896
23.903464076372217	27.24077344193833
22.255008083999538	25.53833259898386
23.419359381284938	27.026281182679906
23.79395529672092	27.725478678498806
24.009916680127446	27.301494223803218
26.52207422357709	30.080644129694395
24.32878548324488	27.680142815705317
25.805761776658887	29.42882112434209
23.75354827184333	27.271533362678156
24.20562401546794	27.78905829654378
24.654853770181127	29.07460980708938
23.73470123760766	27.6814631605857
22.984158870267766	26.750074985933406
22.45061743385979	25.95087754599861
22.816421433871973	27.253015593105566
23.28933264292982	26.68989633045885
23.885971737515394	28.708186435092028
23.825569416054243	28.128604625693804
22.807996662812123	27.052738276763073
25.788086038739312	29.464595693438422
23.12092482815882	26.521994712246453
24.63712819822275	28.00842157594717
23.738777780229118	27.293856954878304
24.724971593059045	27.990490137897986
24.047119365376272	28.017915500956736
22.176236561655745	25.65535790550734
24.779604871308475	29.014643709624142
24.134766359997403	27.763406018542636
23.717534196857688	27.263323652263406
20.96286222939785	24.143720412203713
22.204998767553114	25.76010628920958
24.834834173733007	28.704743310397852
24.97718499218076	28.72753455127627
22.391597907760847	26.19875891902138
25.62450664261091	29.041499445645925
22.689367950342263	26.018918335058128
24.619560804589792	28.0562547776856
22.189376713617087	25.738956568853617
23.660405501185455	27.2420984660997
25.49356756999994	30.27143944904303
22.22507414240746	27.044603973437265
23.77729904069516	27.342392808059724
24.857644149958453	29.04552166730229
23.146108989756073	26.722671146352326
22.6163049726223	26.881905934360123
25.459529283446617	29.61319601257389
24.88763229305324	28.60242660587254
23.71052756785334	27.604308934221855
24.953935813498852	28.662801552223804
23.590114391027235	27.44086095076964
23.837996458551686	27.083975816228588
26.50486035762066	30.789210839889105
25.58632458445879	29.37652598621992
24.801885169529356	28.451282936549745
26.178619664186126	29.66807146740567
22.74095506931313	25.99042920803062
23.204129283848335	27.081372196254204
24.185101053517336	27.98458812494946
22.929367680964702	26.074630121769673
21.375671878741805	25.367242321087296
25.083709411054155	29.132856674761275
17.39012743915469	19.871085863457616
22.80209786927371	26.046117233875705
17.97272602818321	21.51095088221718
24.16108599944226	27.539628111885865
24.51361049158052	28.7934497501187
23.649744740463873	27.301207789443353
25.198748720173118	29.537995206828835
23.21090363545023	26.99043036418356
24.065143295660647	27.9949820552915
25.92202086357554	29.852410365062156
24.3877413520894	28.000316356650835
23.4950412296692	26.900699279364
22.84142043686723	26.833557819358354
23.858078136565577	27.490520343659032
18.12731397430355	22.038747427063637
23.93473640369002	27.509727326168377
24.272946764709083	28.510370801208886
25.528354217545495	29.72272724912931
23.07631329821933	26.828979212767
24.14602390418893	27.494862402573766
26.251321231736753	29.643757427320864
23.90326984267832	27.475632592624414
23.078154938489263	27.19942913743847
23.14025895711976	26.637903045443718
24.03746322461754	27.88793846300453
25.335113515266695	28.954965601554594
24.613325815545018	27.95168806995303
25.432435375869655	29.005676883041478
23.679387586638175	28.19630096621827
24.588508567486095	28.23881343873949
24.75584345815541	28.234705629369003
23.70193929125549	27.087361627323613
24.125367172710963	27.48749636793845
23.349747042240864	26.87066807311558
22.90358370884209	26.258209046284865
24.34714452982455	28.846138551230137
22.872669778811705	26.93332997704767
21.413546120791423	25.06619974407674
25.390719298344507	29.187169190425024
24.3927133159273	28.4265005512602
24.130159831603873	27.888673328796518
23.14609398406529	26.272282938542133
25.091204153251244	28.785163415718483
25.380662887719026	30.09855654892648
22.177881441298563	25.50557307225124
24.320113572851614	28.020718183740183
23.293131117608137	26.687677140448503
22.85396891794387	26.19632405080613
23.94623742640145	27.66688742101066
24.941827039050448	28.728958864880216
22.974349985709868	26.705419530281343
23.41809285319788	27.554601543774776
23.457494891626315	26.736583553808256
23.19708197688854	26.760948723795053
24.408512992210955	28.205323296241193
24.546037862255314	28.563072016284725
23.996939480937463	28.42021864589359
24.66361906371552	28.264199234624325
24.27934085943137	27.881496314030542
24.315874249565628	27.825193255317185
24.35848727702082	28.048182339678398
21.114465907880454	25.027154728105874
24.895788225145605	28.410833326368067
23.538372136984663	26.96909704026143
21.91194041671267	24.825190702061743
23.820582995242628	27.40614735143706
24.058806710941777	27.726759619014278
22.671883139640663	26.056685891121056
23.053219781053546	26.429194464551923
25.0786074417665	28.71974003137803
21.1217310190707	24.71076180929844
24.535593462091597	28.005769300359574
22.422180216276974	26.127433736359745
23.00140697535942	26.430973700910112
22.683822467828254	26.088609859442254
22.78041271444592	26.031717259919315
23.503954585696988	26.610608402584262
22.751416619416254	26.29321724594019
24.313739483017326	28.13512259278834
24.661101774551813	29.027468248031195
23.724456104756413	27.07138320493597
23.11068051737079	26.894171777551087
24.751674303836378	28.09309803503081
20.234133920851786	23.7506530664529
24.182826773123125	27.640068276925703
19.481101983671735	23.865537649506976
24.563458815248655	28.081188783017947
23.615293276031558	27.143369901458676
23.21137941971959	26.609209645832166
23.670628399859062	26.76727977274836
0.0	0.0
23.3151938869695	27.18192410924632
23.295184111139577	26.350428605535228
21.388068251802157	24.875094361112883
23.378513716841454	26.60007820210386
24.38637788736137	27.773185177213826
21.80329412310493	24.753010808535695
24.10626126753044	27.51281832231331
23.429024672052662	27.094620728948314
25.551951558220413	29.025030939948532
19.433222181478122	23.42259370597305
22.65518535119966	26.160641064815966
22.961460747283482	26.14463933511398
23.10019905147026	26.142574004560014
20.19447696183644	23.769937634721177
22.5272313581657	25.655607081775706
22.153147551664123	25.742716935030213
20.46857090563278	24.420228761725618
22.742486241010596	25.668909785600732
21.975709133593647	25.335760898144635
24.092855473739075	27.339754084366394
23.112649978346127	27.043561874681217
22.38180520731932	26.022447798662125
22.202210104389554	25.529525125102634
20.830265624254878	24.113318817883794
19.92970473903	23.01868622166336
22.92080191391542	26.41105958205626
23.318382246985305	26.882362381920945
22.536094201851295	26.059542165946556
22.77821923517118	26.06760596014132
22.970205290808547	26.621923462853562
22.796220821939457	26.204750018514645
22.153665801775176	25.531900146711152
21.42327604476054	25.088604829873248
22.296953033236687	25.745872665615853
23.930860112427148	27.492584635497657
21.69012326445043	25.162461574416756
24.00135687202405	27.715037552414426
21.8262086916881	24.86811389437147
21.668574426331084	25.02326860650583
22.58758223385821	25.81782090334882
22.55780763686842	25.707277583468493
23.44878038985461	27.031263021400274
22.87636480311173	26.208992862903894
22.51426738082983	25.947349135283453
23.77499480763818	26.98687271555518
22.21965129917088	25.518177909203143
23.01054489232932	26.294173125248804
22.17066753087783	25.59817707361436
22.854907987477166	26.237722398875373
23.94058894098691	27.75308323918887
22.40010463001875	25.45347012278887
19.259157233430575	22.599317498014738
22.277614386977664	25.5125505605321
24.63066318738739	27.86041995775421
23.58051858889829	27.112077846648585
23.00053444435136	26.67851409385665
21.75522778950426	25.04373575724867
22.618753070790802	26.0078281212258
21.439356267325692	24.725308954842276
22.017936101131884	25.789015421695265
22.203678325482993	25.448795124224038
23.297152798646575	26.460447985655183
23.31038417127735	26.943377120226558
21.170671222063135	24.50988793626206
21.303361305512187	25.669302573882344
22.69013007178175	26.851049585200673
23.790460924687153	26.933726926264995
23.563624795075434	26.62477356613062
21.683067534379898	25.27127626139647
22.12214043894644	25.542360751239105
21.922637030324104	25.33389563874328
22.858163301099385	26.536766584764873
21.371979055384415	25.009151163121444
21.732273691019437	25.26739252296982
20.674720715565286	24.23699193091909
22.49349281084259	25.613299639108583
22.681423640807974	26.245387577453744
23.71207904208238	27.003603941316058
23.43734544199237	26.85653311330548
21.60912772500591	25.09350136434956
22.251415619171855	26.153871169768575
21.781134712721386	24.893628013108692
23.159701043633138	26.65081722113737
23.49452188009922	26.993198609402732
24.01804407488262	27.20813123334492
23.45729503712583	26.85995235362124
19.7228054585224	23.355664771580138
24.14035486516932	27.7964546746256
22.300528880643743	25.459908131075007
22.432185691379942	25.581858116603456
22.723897036979658	25.95698255591585
22.842478772384094	26.5604924953161
22.179581160251754	25.99508429079805
23.60577578048544	27.025259070588778
20.889576371308344	24.158626143340094
22.381849262618207	25.689949061966754
22.060144961006827	25.467078626029306
21.483018370950298	24.623814133322163
22.771748087208742	27.296027639109617
22.794169640591697	26.343146109530373
17.551268919764556	20.682827607335053
17.533865594560172	19.73091254264686
17.538083578624036	19.998348687611315
17.574349545116384	20.418530322437327
18.07269037453232	21.175144784769437
19.131875896656336	22.148811435496985
18.796120987829383	22.016239775720422
17.651009496862976	18.79091555196515
17.589580130931424	19.843685555103733
18.182968678241576	21.426692424053346
17.471438104180013	20.30261165473112
18.229755308471162	21.23225412146048
17.653639562570365	20.30841373637983
18.756060695445715	21.802586460316004
17.81569459433262	21.07023069863613
17.51887151592603	20.59426668292651
18.943469235851506	22.06214218382623
18.042931204388857	21.10995995466876
18.01653072535359	21.42980602086223
18.580103858008254	21.772151009545457
19.42364453560734	22.706175334387776
18.02875687666	20.842958668994296
17.581044456255157	20.29361412833957
18.589739943259335	21.59877476621332
18.625139710250174	21.613675597367013
18.387999279483868	21.681407229915546
18.635793799301116	21.75647533522037
18.824223980022843	22.305645481036727
18.58923577553654	21.885118014746663
18.644233448490215	21.817478435054706
18.293746535185797	21.837746079560297
18.194269038562815	20.990118168468435
18.420718195078987	21.41798496043859
18.31913884480794	21.517126719156902
17.702757007250614	20.11502253376501
18.0295214966857	21.445927111712738
19.43775585603815	22.592040744303645
17.424539400007568	20.2791883221604
18.355163153063213	21.483887139905537
17.762905262584646	20.696731425647776
17.585390256974854	19.693662477400146
17.490378503333737	19.92661749886353
17.627765829649196	18.900092904481664
18.3302519711213	21.822696408395302
17.59085422564464	18.973268928041882
17.79119411193135	20.55473980225322
18.547759317288733	21.83717033969369
17.865434276070566	21.049042118582754
17.660346067635118	20.850878679068984
18.063216883665437	21.505070012086517
18.34677500026241	21.151269967388956
17.743164732704244	20.04468660091392
17.438590199577835	19.668078272712204
17.555110658050342	20.179270063995556
17.5467081555895	19.29640288261851
17.508723258972168	19.429423332214355
19.672144077892263	23.407056666736644
19.151351872016924	22.69889074272917
19.766581174927406	23.032500627440758
17.540814784428623	19.808441731074307
17.734783332565534	20.969739753982317
18.795167997890722	21.923118516391504
19.573056933733056	22.885570767072608
18.000911244920864	21.00010155720316
19.489294455056484	22.700828149313633
18.703434466303282	21.84538030725629
18.55420367125493	22.334119158945267
19.283589512932327	22.482010691535447
17.9353041314775	20.837122473747108
19.41206435995244	22.654662324617874
19.507945925313702	22.77148827878786
19.871115745252865	23.853526054673893
18.47016576293168	21.85496851441207
17.597916384411466	20.028741101550448
18.223602817316724	21.86892266486101
17.567803741260697	19.923925995067428
18.78798259443538	22.183634150559737
19.10052116458836	22.225479049034686
18.93724239454654	22.351137274642912
19.019166219512876	22.256455194671695
20.357628046833533	23.615241826213342
19.11946955152378	22.59772023729458
19.393010190084986	22.978396365090795
18.62378803990196	23.53530390956093
18.740568023325277	21.679205078481363
18.742512628024805	21.735243872219336
17.970996135865555	20.920834308470383
18.193329829319268	21.899077397243232
18.921873082527437	22.13355256139346
18.174472130534504	22.118136130573895
18.56572943685414	21.588735284825546
18.421571780162253	22.1148547640272
18.018939801841785	21.867580583900402
18.3089877167072	21.76151551815608
19.402784098485473	22.391575108667848
17.75968885725471	20.78311586076287
18.862296908271286	21.86085143767598
17.6018584164338	20.274142941598427
17.523890726125924	19.610785253488334
17.838277448261366	21.03796614304723
19.687184313553406	23.167504330855774
17.503008486105884	21.091006635354077
18.777267526922206	22.19730560845377
18.83180996111244	22.219722784248887
19.554769368181816	23.278938441266426
18.720204657050456	21.958214456108724
18.867896152909395	21.890120433394316
18.44199655415399	21.712508221846985
17.58690946421046	20.54178125539403
19.484638398366876	22.859159285348944
17.668377301242447	20.400838473293685
18.472662215020247	21.809987778876238
17.522169277166864	20.415447071099738
18.803314555222823	22.01853336042659
17.57082031031323	19.468583605092043
17.746416563694137	18.494903092677934
0.0	0.0
18.984241598983733	22.074405556777986
5.08522304810283	19.10634532653096
0.0	0.0
17.56372075171987	19.174179028553567
17.712951749246844	18.584541231710187
17.545501419439944	20.205045989617673
18.31518747649628	21.410320259709774
18.36930812139167	21.328440062812433
17.51843470474211	19.67442303756746
18.003679463817814	21.3760297799566
18.41710340090871	21.543227562226054
20.520379264896334	24.764683525020658
19.440913809839074	23.001419411596473
24.141990461167257	28.272031984511454
18.726822602014884	22.731408370275155
23.64977564882574	27.650631760842227
23.651796743874844	27.858966424460117
25.581595833893793	29.48197800338648
19.39004888959751	23.5988141017355
23.3581836117301	26.94397474398279
21.502414351056338	25.723389024187803
23.536116051319553	27.13757092988162
21.30457914558945	26.339177720865628
26.670791866926123	30.705384967180322
20.971453891438284	24.375767483073435
23.573844225290223	27.67144462358673
22.367760253306912	26.35946028197141
21.869362737975557	25.972401712097685
22.418160144943595	26.02782755647242
25.147947797350064	30.296720018812046
22.028260986263334	25.869207580631198
22.714547582492706	26.95555549062741
22.84542256049543	27.073593323903985
21.788262247786147	25.457183003678697
23.016165053009228	26.88843509042339
24.14603805137035	27.95909119057301
25.550525474953297	29.31465167958772
22.46759400904305	26.390422958730387
21.487189823401707	25.454325145470364
23.673844082340313	27.116025226131367
23.626641275523323	27.859869954945427
24.112241504045556	27.954998257306983
23.0153388207632	26.802612381629377
22.42671018142862	26.239892906950285
23.90356316333617	28.262721397821057
23.073020690059458	26.910318619632925
25.789812083963124	30.060628895040782
25.93840402048358	30.128160539452942
25.553909988160346	29.506142883543756
23.258671596551398	27.14601819226696
25.401398980693454	29.54707590333975
22.722987760151014	26.571174990093127
24.921960972423513	28.70646462572102
24.784364746887466	29.110065413634995
25.3021032693786	29.163095247467105
23.588766758102775	28.491616542678475
19.722471427512524	23.500001717018726
22.792453059218744	26.84286378953614
24.28949766098314	28.15907068313307
21.953012830892185	26.308595292887112
20.630219380567027	24.758086283495473
24.550159739840563	28.587579441677992
24.654264464246747	28.634933457506182
25.827856677353	30.109076840103054
23.215187544529098	27.09554052859102
24.718347689148725	28.48295579290694
21.546229376661298	25.963681206834796
23.388579261277638	27.657525169874706
21.429380362200888	25.618610436749307
21.954263893661984	26.798856528701297
22.767146869829507	26.480037883588462
24.508398920613995	29.055586903970966
23.45004357704438	26.996663194806207
26.098290708667406	29.56100723444783
22.17027188967241	26.950942023291457
25.27052763313245	29.49156304985095
24.607608882231823	28.251661213593373
23.26991344662482	26.685456502716
26.29040304819743	30.10573609670003
23.76748137463936	27.19237084398857
24.561087130487852	29.354796887456484
23.475943537021646	27.04452803585433
25.133822192052367	29.818246136805055
24.99280559029549	28.687862286901776
26.258200671769	30.37922379722514
25.405934366197847	29.476017919568754
22.27756602698324	26.18779270714762
24.425027407911426	28.503841839525098
23.712900431039735	32.34045383226593
25.31050769133679	28.612755858467896
24.611725938801047	28.813643323894265
27.072462448395488	31.669192901335958
24.594860617522222	28.38872283279516
25.652122163468864	30.361147260969613
0.0	0.0
26.34667736911976	30.211933547017935
26.413818387722007	29.805149050022134
24.660407121014444	28.125367109942587
25.18212391110236	29.74970554141229
24.49194442441256	28.113436587550332
27.322576773900643	31.178174721460685
24.30335433012361	28.171882562576585
25.01646054828749	28.65870272075548
23.002541594697664	27.218174881742765
25.135184156413796	29.420968187336204
23.916591553171727	28.358053298512843
24.975334487396694	28.67577711538651
25.190426810278762	29.06530477236284
26.768075588655574	30.37024724154462
23.766451238320386	27.59994661934563
25.59648700074279	29.042146727284553
24.063949471572908	28.824432486434905
25.18612947686716	29.834670159973662
23.769031115651384	29.02747385871385
23.451914667830092	27.185685277238267
21.441957720778802	25.360761395432135
25.032331740020947	28.702422822356983
24.331327359387828	28.308513720324086
21.82960291374514	25.263004584423804
29.77096182019341	34.124483049801704
26.534469620690476	30.126861556067336
23.332686003099834	27.108001176465596
23.293805413944707	27.034237570064082
25.30236401932508	29.910036417076288
25.505145105333593	29.491305318860743
24.390362595803165	29.518077040427304
23.80625604722657	27.553086527846673
24.770310201462667	28.8602974035178
25.586934713294806	29.09978899581164
27.886183147470916	31.49326288219217
27.01933579738479	31.3218850583281
20.197477929911038	24.300986654439548
25.795364774716127	29.28589781378485
28.542927092048014	32.389381104973474
25.36787029841397	28.78794482609775
23.926675794484	27.74436569416346
24.464548244597804	28.344945773956884
23.087396271416083	27.980579726508722
22.667842725279986	26.879766603943647
19.40009762223359	22.644801364582815
19.18165023868504	22.161649627037615
19.765264561728053	23.37926096622605
19.322158027859505	22.585198234347526
20.068112543434093	23.236607381492664
18.600817319946938	21.75992524902279
19.814817683711933	23.008302433475567
18.420300400687378	21.87513645844348
19.020636064484872	22.026305692717276
19.779141207409513	23.12930796556412
20.14646508283676	23.349765996264804
19.17553910378944	22.251201542572865
18.803062372146897	21.74376875883455
19.29272373871692	22.391537583304565
17.594486435001315	20.42163066094595
19.393140930532144	22.89371285975106
19.14599690568928	22.489255093212087
19.976097852054927	23.09004899853101
19.73788598135525	23.08861967965549
19.384294793357768	22.341333105812154
0.0	0.0
18.03223567606284	21.26313442586587
18.415276181166337	22.034087527329756
18.801414987843508	21.765483358103758
19.467253190949716	22.522513883635245
20.755411514557597	23.948333373748067
19.25627803397533	22.113749508138927
19.863076027791212	23.098340216715624
18.89505705256371	22.10096994023414
20.11186403732138	23.26050382156534
20.180367953711507	23.766199581688884
20.944227028298023	24.212442588401196
19.795348995557003	22.87243283427698
18.484215789033602	21.620289749906828
19.718807686159817	22.75746108215073
21.54401176395943	25.379535980791548
18.713531903147445	21.671947070241227
19.385285537460554	23.320238907119524
19.512032893559482	22.43197307262704
21.14958088666264	24.09900195330318
20.054333559267082	23.029505857236824
18.61105551790533	21.78221497464838
20.882162628659778	23.99835723828358
20.093648396226758	23.672838725355273
19.575682338382535	22.91121799120731
20.35960787673918	23.69815236190828
20.13567549104144	23.269315658860904
19.073508301105214	22.303009948406505
19.85687501465945	22.944491791370822
20.197596361682674	23.41132087464545
19.362014458690734	22.26047165581122
19.538802347365458	22.4640434167947
19.814957491151848	23.221190580137215
19.500437906593273	22.623156377464344
19.196674336799898	22.099363337150297
19.521246383650794	22.61294512941073
19.498179875108594	22.997261561658984
18.873293297559087	22.206832511156733
19.745488938252638	22.723261061747362
20.00296133288406	23.165470902833714
19.07524514248923	22.170600652188504
19.330072510267772	22.280441176866017
19.765219872671075	23.01576309852033
20.089566757218346	23.15478939817716
18.959844605431687	21.873220427527297
17.588409660728114	19.961965324013097
17.934035556331562	20.70218156097801
17.622596439029508	19.95677405962772
17.853997015902443	20.519162392666892
17.945357298395436	20.809866929509838
18.501482479638103	21.339601046973225
17.59052253123808	20.39433312061739
17.744254922158145	20.344732428305722
18.636450103387205	21.439552017584475
18.8279176760631	21.75538196077772
17.827315968313034	20.46091492768306
18.021103909567408	21.003767916604467
18.022490187561942	21.013585404479073
17.55600849078719	19.771059838070233
18.288758530991345	21.605398878676624
18.38608544951032	21.11563497895648
17.569288954360218	19.970879807846813
18.238521800679006	20.91232086594697
17.656665218863516	20.54033337732789
17.832176101182423	20.661073792006054
17.619018599232795	20.082324937144158
17.53493792539949	19.9443444537509
17.849837282913757	20.700732251388
18.46249014050591	21.347352922848582
18.07482390798581	20.875747152194855
17.62172729346403	19.728679353264486
19.08261049477158	22.001959436258694
17.749567922766296	21.121071878259094
18.91929626869801	22.3770561177766
19.361567090271386	22.208035876037208
18.718152959382206	21.62376980062756
19.19121492389914	22.044891948659455
18.402870892972196	21.214574099093234
18.341106868347037	21.420604252258432
17.82100913580309	20.32448723260511
18.352673232935036	21.541079818822777
17.62127702150122	20.599300218489013
17.63018798220689	20.462041860932757
17.820662668556164	20.74120218434911
17.542880161552674	19.52457894489264
17.621074514530772	19.020153207637197
17.62526033081573	18.991415999750675
17.570182417608372	19.886736298822292
17.529030739122135	20.451222480482357
18.377689296779106	21.113224094334175
17.616002107122142	20.538388227960866
18.39073962314873	21.45163327113838
17.61011604543957	20.19957061532703
17.90620847770869	20.796845950391894
18.35467170099797	21.52737404485164
17.919407281652884	20.805574026330515
17.675163884577984	20.660209040226704
17.90107921227781	20.722671474367697
17.7291985509755	18.690992260181726
18.351393946669916	21.40998338792481
17.683507423238897	20.633041877908564
18.33759881078311	21.168399800667085
18.77368002687037	21.624202434677482
18.260608144626495	21.101622156276825
18.168134800694297	21.120147593714883
17.903545693480538	20.823323889649345
17.716139684057538	20.52704917397469
17.820605170701466	21.10154448750166
18.936518326939545	25.032712324915924
22.455996833282924	25.898947395843052
23.65972183211341	27.34358551041589
21.786651190172588	25.640167657483662
23.33287893485618	26.603953493122336
22.493246017747623	25.90562635774066
21.761559575479755	25.042130381185284
20.01716038122805	23.680553470700662
21.697880177993937	25.223271936874227
23.114154230510607	26.511984456623182
21.434239922055774	24.792667808046765
22.29757827710194	25.799883423337512
22.53860780387927	25.760046752395144
21.084031013926122	24.516505332509425
22.134220186059387	25.856145795996277
25.047608904018524	28.708746381626007
21.007471331618646	24.73554014299073
22.278833923825793	25.593392791262097
21.725359961232307	24.846701577463982
22.404758418947775	25.659978900998514
21.648804362918668	25.407771412227817
23.819346962461047	27.36850971173329
21.97349219109602	25.508185817937182
20.306781614915074	23.5287591565693
23.026444803630724	26.1343580375558
22.045678118485046	25.281857510787415
23.9485079649907	27.14454394540969
22.330685710704504	25.598463916981043
21.629661934644048	25.337041480272944
22.269003588682526	25.52202920245517
20.33433033605037	24.51064227442326
20.327511471547897	23.65347798462886
20.129872358528672	23.55691620043129
23.178601651687785	26.637236208419637
21.61406775391532	24.82213906371163
22.329744992995213	26.28789836332803
23.18272160977568	26.61866236239229
20.96746665403848	24.640615163588475
22.469727698405077	25.696560677449416
21.25839504112357	24.29154506812936
22.44793549920343	25.69814261053778
23.415985591345784	26.93887471444035
23.645870793903455	27.034387003337756
22.832518524931242	26.42175584335489
24.150283951162027	28.066657882334066
22.939141656183132	26.2053972232114
20.070856138905647	23.70908923462951
21.610176035806127	25.16781049068313
21.015946295104463	24.66122159735159
21.81816880009483	25.41552146174599
20.889732160386007	24.371275148573954
23.597526042071625	27.190626652630524
22.074535155245705	25.512176728299217
23.754223521854215	27.24997645983524
22.64717737833659	26.01809819539388
22.959920579460775	26.31561500403532
21.905152122432767	25.21776314551157
24.034681824362202	27.31402156003721
24.128513607502995	27.56508609342474
21.126402800250204	24.371495301556436
20.862546934949872	24.469375596178057
22.08578632945974	25.92661143665354
21.190219636176042	24.433246855523176
21.7721868199148	25.463052209015864
23.05543555322473	26.536925896970583
21.438386500008292	24.732786595694833
23.052183570375867	26.2893672566505
21.03170014642606	24.04261397100558
23.335471084416547	27.047831604182086
21.714215339369076	25.36474698668073
21.6757248556538	24.795855649717293
23.467830135564135	27.46716360833235
20.340165010683098	23.242858060605965
20.296244967515303	23.01364577955501
22.171470565147967	25.653568344764142
22.645421072682502	25.850686028757927
22.785618854935763	25.941357539717558
22.53330754322611	26.211744794420376
21.73004085799944	24.7179247639488
22.087191687014958	25.408671273800472
21.095807071450917	24.372895244833263
20.491639726480862	23.971445448079685
22.305527934096673	25.58536981675782
20.69548221150781	24.48147205790137
21.451278322061917	24.68694341866074
21.27518316742721	24.403975997001503
22.433286389474404	25.8225558193879
23.505648934917087	27.178303396625882
22.55158700355805	25.865510088116753
23.02611990238198	26.26224260066978
23.508139025127306	26.755288709247694
23.957738461261595	27.184296069378053
21.445752356462418	24.67728688914305
21.034156341714716	24.720287780599737
21.88971045670236	24.829821556237093
23.37344816535901	26.480591980515012
23.680132456898942	27.155204228281722
22.17823758297412	25.20580324954541
22.145384656902078	25.385941637043235
23.073011987528226	26.39450777260361
21.506256119713914	25.0109100179814
22.17840784724857	25.714494527019006
22.891192494937062	26.178505838803172
22.209229566489057	25.504532716836138
21.608308346661286	24.864496676532074
24.612454432590752	28.23809335793659
23.334742167446517	26.753480336215592
23.66471615769048	27.170771208032175
22.56639443132275	26.106939690381353
22.722384554059136	26.05747880348481
20.469690409941784	23.739902409272084
21.184678776249005	24.449476497188495
21.33906510630484	24.44266554555063
20.11581933574312	23.520983337596725
22.42729449828972	25.806039089356766
19.656670533927382	24.15275291272789
21.36726537125379	24.803825708458124
21.45804783442471	24.935342821092867
20.732366762343485	23.983764447983663
20.060255890945466	23.46079933061215
17.622006973137015	21.09247438062275
22.871914938503515	26.356539651340235
22.896034429027775	26.49726658110406
21.58271692361042	24.60228063498333
22.010702007641964	25.446367389330693
22.406650217222307	25.646490423036482
22.63142476820895	26.240363256693392
21.77872186000686	24.98263830845017
20.751532084876057	24.316382877892497
23.49811086229458	26.760430244883153
21.947777531455785	25.462798335243434
22.81023895765819	26.57234847520314
21.873671896138767	25.205008142313382
20.87265727980628	24.043444175882197
21.78001905348144	24.861496678330084
22.438633141244292	26.084523978506684
22.40210851438486	25.50637308351553
21.821919625478692	25.091536337656073
21.83957839771441	25.20960830882856
23.006344169568106	26.355308204699472
22.570005315630805	26.126161676556695
21.31363546164932	24.749572164693454
21.8695818522427	25.45928892107273
20.550833926838674	23.947518123942576
19.5918696701147	22.863422077932174
21.908168246032325	25.035515378235253
21.753436995666245	25.12198071368434
20.882399210757765	24.00447784917876
18.928653715016228	23.043890001414436
20.023861405196463	23.527381423172677
20.87527081110928	24.669185670824312
22.591392069612088	25.8925347034592
20.16204418903197	23.344368317071545
22.05917937892258	25.773771213118437
21.660061089096555	25.108474524917117
21.780590865262756	25.16798129355072
22.945854081722835	26.90090952911701
23.06422890624676	26.532910452273747
21.37742741497712	25.104014082825614
21.75786403485924	24.927415811332168
21.294068105661186	24.3684589786894
23.555158959325965	26.929772986474816
21.72801901985379	24.848761299360078
22.792033470866535	26.445780478718426
23.3698160936878	26.732265205140326
20.388704504430166	23.98888376766456
21.241115754323907	24.41345768622785
21.684167641236776	24.665394050047404
22.303696308419457	25.416566219046363
23.21777794264937	26.687188411720747
20.515514392002373	23.761590939418525
22.850011890354683	26.713903362330864
22.2884207298295	26.240839905546476
22.089406973237445	25.258071893339704
20.79979087845788	23.955679397421026
23.39947041432569	26.689841185405754
21.481556017687367	24.565374295422984
22.385280920947938	25.674262688671202
22.21894028941031	25.292023150531097
21.293527736785304	24.60553537356626
21.87233467061555	25.56403427164519
22.839509099405536	26.409996897298566
22.288014498992077	25.541060360627064
22.86286659807663	26.324335855536653
21.012073462176474	24.537546212506143
21.79691358635127	25.259755648878222
21.768455258347174	25.31882882978759
23.979879942163034	27.550088319555716
23.065794132823903	26.556566096668284
24.03214768695224	27.31369848919522
20.539316671416007	23.585664255097665
21.714961047891347	25.060713772054942
20.167599799526727	23.58339392911097
19.13287686390482	23.276707181505337
19.80686991381797	23.04293591809121
20.471617054787412	23.816997218283877
20.401797650979077	23.26445257790276
20.995798491621727	24.617906189774757
22.37505878764353	25.67017970722952
20.932709944982186	24.351525055628166
20.816979250330835	24.191807904820532
20.41645547943763	23.685314921563347
20.756487475838632	24.231919659171133
20.45259933714654	23.647250363781193
22.59304631794081	26.178068031424424
21.233336406148922	24.30025581797217
21.500820413010388	24.95669721089098
21.83098325911601	25.587864778603716
20.421464851201215	24.02510649889644
19.282748204127998	22.695225733860283
20.927171808392632	24.226026433794868
21.027100032555325	24.685544544471043
20.86148954095861	23.984106772517954
21.03524994495821	24.109887841907025
21.226671753415637	24.445863189211316
20.8601356190481	24.148550446625727
21.824297785505873	25.050713658585924
22.130044675936364	25.300823472867346
21.74026265721412	25.15475687403588
21.617684259029964	24.84222518005695
20.235286056615745	23.638676345728005
20.441197036937545	23.799491287037064
21.323513523028915	24.460591777874406
21.211329739564544	24.3822543211044
19.864143284516224	22.8767376816703
20.59303739673266	23.83287355297437
22.096789947234395	25.27059782437205
20.30621595848391	23.42490510474851
20.68896777969004	24.192665978854883
21.674469923517506	25.385842347600658
22.00298564246759	25.395446135486512
20.12708318106941	23.06412470467278
24.233911597298462	27.94498435301892
21.130422314767372	24.325142184133995
21.339009044023584	24.382586720136572
21.51469467349366	24.711099165007315
17.787474905609326	21.37936469400005
20.912802068544295	23.99010053460512
17.540376391886653	19.188795361043034
20.767767695611198	23.896155567938607
17.69137955724307	18.77123450220517
0.0	0.0
22.631168079983656	26.196440028536852
20.672597992445507	23.996806991075
23.014484069403064	26.64694247478639
20.390460785786818	23.61237353428154
20.339376443510602	23.468776708955218
15.664451943334754	24.822147025171105
17.677532303358593	18.735811126206837
22.634485615286856	25.817607509102793
21.657705738286303	25.07911257531233
20.511233410764397	23.89532748706275
17.65344015149807	18.82272180528904
20.854822128441683	23.909507781836638
21.27688424703675	24.85082228067321
17.69327474500976	18.684298268295905
25.691181778148483	29.144843459888627
25.245139871180186	28.698335852086416
26.060135221785043	29.651891374284293
24.256553510192095	27.61779989862138
26.421203819809445	29.682697089614383
26.713423119482215	30.24443973452169
24.38234224339706	27.626252269542395
26.60887562089665	30.33526385969417
23.91894939244426	27.314908716076246
30.18370765232483	33.99335915065369
25.312502360900748	28.918427967468393
27.139353383625135	30.61560763016881
26.55038192570842	30.058874818676344
26.23221334834008	29.556381851244883
25.447350844203033	29.017599717320405
26.087704103716874	29.80876310514543
26.38452602192095	29.91286586955854
26.911925852425284	30.343655049674325
26.702748446454414	30.24748501301824
25.74933358008188	29.15821913903433
26.054432538917364	29.618785234520136
26.84588559468587	30.379566828409832
26.02665847527247	30.016422808296866
26.242106194708757	29.830363516594954
26.697139707593657	30.178249391527437
28.707587525596537	32.444731428871236
26.723216091245096	30.03881164923342
24.449302365572336	28.737953493802664
25.350723420485316	29.24697097648734
27.34489218191483	30.74360116525314
24.920186449767677	29.12709290814248
26.26608897774083	29.933410152508195
25.992310872250048	29.64131988031343
26.936009789728054	30.473108862615696
25.329352789876822	28.816925591470834
23.18115456899007	26.87314573923747
27.734840393066406	31.45417022705078
27.17935224399445	30.717666188622736
28.28997103778167	32.44836361798005
24.879681222757718	28.277470953145603
25.87707513051934	29.10089117807441
26.506361048186154	29.822515447175174
25.209931343224397	28.68232634720529
25.31944104415343	29.059942043004774
26.33072932055042	29.93960301587536
24.304951607042057	27.589539588636654
24.479671014595436	27.938269125175072
26.2805710750021	29.682126907785985
25.068825697443287	28.29191687152644
25.974675911500448	29.1733400644517
23.492662927906984	26.81912753840161
26.514851108478133	30.03721378715175
25.960838451506984	29.558948383209813
27.20363996185821	30.933000586847843
24.82718424786934	28.288313341241988
24.772263342660956	28.399619286733575
24.86407110898611	28.148748181175023
27.713994886718233	31.2886982895513
26.088890349029736	29.808572495818897
25.463870496000705	28.947166949067654
27.18302624291422	30.925082277593592
25.225571162634846	28.89341878182316
25.60345431042325	29.19026593493808
26.16338937196509	29.76702292051538
26.4046041909803	30.451167827452316
26.28259094505553	29.862319867322398
26.338847952030772	30.152630014277822
26.22740842734173	29.563130360500068
25.91852257155562	29.315453792580122
23.882730959833555	27.791430951177187
24.50987365139518	27.64288208590951
27.196107840082448	31.23745157764216
25.00778424815767	28.563628792003463
25.29230185425712	28.359229365225303
26.717315592836677	30.80812080853051
25.963174374493317	29.341433016864105
24.502248124205636	27.904585524476005
25.55795756823951	28.498631558347405
27.79275756479575	31.498586124169094
26.318143982289957	29.944600921274496
25.643112038857364	29.674101019614316
25.935695972159156	29.202907238290063
26.13438057950095	30.114745854825223
27.801956324567207	31.539335103045097
23.52992482195488	26.565225171941606
26.125799954570276	29.49240797694828
27.11961617844373	30.477975221702753
25.532856005771905	29.221437436000556
26.979802771485282	30.751003579222726
26.20932411388227	29.701934583627494
25.93537980381344	29.313431917988318
26.7834121254599	30.04503903115631
27.68655015050479	31.23069952906064
26.945210232096873	30.36157535139922
24.925420305531496	28.185127713877684
26.541515137739243	30.044828627519546
26.820704342706442	30.52859413446641
25.53617387718962	29.01340002112581
29.134956104740215	32.78503824950783
28.18830868544852	31.883863479468474
28.521179259962338	32.70004647856305
28.642823984668514	32.66717166657661
28.242768380798857	31.978932287536104
25.134153499724757	28.305017337677587
26.9967757344499	30.670029532884083
26.561556862671157	30.480992270629624
28.812260206591045	32.46169037019118
27.72548975205472	31.19662938857028
26.28058823911501	30.3183764520471
26.470514252940056	30.133611723622444
26.265590659625463	29.783267982952662
26.24657805254505	29.77343575665905
26.036245793547092	29.952510386262478
27.124540596251276	30.872274131531928
28.435005192037853	31.862247462991444
26.048665676400415	29.258810367300757
25.971071170393827	29.447183681901095
25.71897320838491	29.107080410999856
23.971669565593615	27.27794705733119
27.077201468676265	30.781778710156743
25.940154664835354	29.4542926618248
27.731781702385838	31.363875646246974
27.845779787456408	31.40191995009242
26.584164961634674	30.21163429373642
27.38957819159117	31.290851267026994
26.27735541276871	29.72307183332504
27.024474585385335	30.341272866396892
26.41455148992518	30.211795098209585
19.972780045430373	23.599050704081346
20.373727438049965	23.53474271575863
20.71138781448332	23.985082446136797
18.82021344543263	22.160272470705067
19.45521913921251	22.523029456978897
21.185102752312986	24.09883088721338
21.454955672002903	24.717554475091823
19.07166652314982	22.296276286908775
18.735964481491447	21.624654109817147
20.588564170140877	24.45179151223217
18.072020231032322	21.21382838652139
19.223215396743417	22.237769786972404
17.898614235491255	20.809382132916948
19.503931974909108	22.562991166570384
20.61838399073121	24.044225109610586
19.90452731592134	23.14676891820952
21.00430965828541	24.47542094779369
20.52637468325864	23.630687847258937
21.342770369948855	24.88097497612048
17.64831501663111	20.753624375458735
20.805601907636962	24.604388403031983
19.752923147440463	22.987551553487272
20.461399238327253	23.60098822810341
20.98154936019023	24.23870553788106
20.009265650609496	23.26508546938562
19.162129138938433	22.238625789650435
20.720417480306768	23.759597320718623
20.81476102209395	24.10162081384355
19.901130544658425	23.08637441444802
19.516153214084113	22.69024861086706
20.240992839675545	23.83347386564672
18.627909253357323	21.520154406310645
20.079645843262885	23.14305427575567
19.468021376623977	22.398761765465867
18.304001866885304	21.26706594317329
18.621860222705102	21.65471868049314
19.582586442335902	22.53660377372855
18.411956890373474	21.505639926643127
19.44731459850465	22.43907799487914
19.2783567465035	22.431920810869546
19.588912933495394	22.555860549780974
18.86394545277719	22.050780804547028
19.412113410398966	22.46573807580709
17.687599834110074	20.725589100216098
19.78400677682994	23.289855298975723
18.098399796050572	21.180488906342006
18.870460321948787	22.101350972606877
19.571427794778423	22.632114914572163
17.49594549312713	19.261968096350408
18.6666389939132	21.77349123985145
18.82804679060691	21.853628166668482
20.31539154255213	23.4747829417008
18.84943340487794	21.910416143461905
19.551338015594805	22.480341137847578
19.42038764265186	22.639485938280757
19.103605592326755	22.392882978840237
18.888573223365086	22.041270679222805
17.581101330475697	19.98143681649696
19.12041331856114	22.066756710125382
20.469306437579437	23.673307927044586
18.225573557956963	22.011429768459053
18.839903068137524	22.007081795143726
19.477569567929407	22.345104229678014
18.10660474821767	21.684094256909283
19.793896500978246	22.80356710680984
19.631539022846585	22.691825234965915
17.878228343469576	20.89219554569058
18.443904984022655	21.3637560724959
19.034681170356247	22.059938580620315
18.510762649989687	21.497030776523985
19.46305443223115	22.526560054463186
19.535992075683204	22.83690793347207
18.67433687076447	21.646168271447443
19.608785313405807	22.654371577463333
19.80310159630583	23.158257427742022
19.980739895199008	22.987138446475797
19.149799184940928	22.250232858516103
19.14797202796693	22.182928164293813
20.547130544221073	23.750293772185177
19.899053012742613	22.993942821607973
20.873443212731882	24.0984214875855
20.375903125528065	23.824652675863536
20.691666036148234	23.76310882041915
19.82132666885473	23.130430762175543
18.63428743730938	21.60693685163105
19.857585876610628	22.897012740943083
19.443019664464735	22.595676624597765
19.030471556758677	22.32226777734777
19.51376353302326	22.65023030242596
20.18898461983715	23.045346511144295
19.952773187317412	22.83444490655466
19.07052308181795	22.230315388641035
20.781864504399067	23.98616566222691
18.686845103140342	22.421522816781533
20.340200914192604	23.659562574576928
18.979678607543814	22.186968349853647
21.708442074478054	24.97269310313425
20.213720202192885	23.159755826249498
18.587524861540256	21.489079981599392
20.34246781019142	23.600004647694323
18.779402301569654	22.12717576239519
21.682909019939967	25.287271491534643
18.38064670765223	21.57246303355871
21.752427998115557	25.162637767265302
19.655112975215708	22.9926855629923
19.572930805748943	22.699059016638753
18.802593077317418	21.902500306471644
22.169019196949694	25.528074766673353
18.887773550240098	22.469312631400527
19.91756849633154	22.95718164099756
19.20274461960843	22.16271482253024
19.342513768789367	22.307825357797547
20.133016116553303	23.356451504296306
20.280864891732573	23.423215689932466
20.348776539926064	23.800988474722374
20.316037605269447	23.45160536958407
18.252609420986946	21.384042571810905
20.262703182844092	23.393213031145166
20.53109675202906	23.55518788542211
20.091121851765173	23.077892125285608
21.616149932715544	24.912935226586214
19.103610682639346	22.07536919101788
19.39355417117951	22.399717847253108
23.04808638910832	26.205529943899492
22.006939685521864	25.48575326186583
19.57891846310561	22.564477914457868
21.940738892605857	25.40388467306797
20.19601354173794	23.206562904795263
21.336194973842353	24.3309631529887
20.998108622881006	24.194274189618994
21.303315310468086	24.497099728594414
22.195459216010544	25.365675122368362
19.301977866267954	22.26761747064611
20.413305879904712	23.368064283059155
19.305640459566867	22.06339526125833
19.702248941814318	22.794903386676893
19.671937742051046	22.657570085707743
21.08300781654957	24.430141444925038
21.943652525575803	24.973101243345095
19.13372641358912	22.140651409286857
19.508329928047843	22.606273114554696
21.479435791129013	24.591115127450088
20.935877534740797	24.072587278491625
21.215981985606458	24.488777612171862
20.78749096013938	24.0005472936448
20.486185108273904	23.53665920630129
21.617707094569116	24.900983014683813
20.97764937285405	24.282635050974076
20.64869492119791	24.37358481818197
20.829672586639468	23.9324104669494
21.609108835775128	24.977555364053973
20.807265812171238	23.912279552208645
19.58699417519215	22.705245967630116
21.758157703780316	24.91748430976949
18.784156629234364	21.59519975504298
20.046544451622445	23.03949032315783
18.412283154303353	21.473241595452507
20.529735824358184	23.56464741538791
20.717638981570104	24.04708002782931
19.037888516792574	22.056925783744536
20.487000536260584	23.672434735956212
18.317381387050492	21.026917929355758
19.212593285141477	22.14220789283704
21.776570617772972	25.14181393422898
18.60799837213666	21.39218473333209
18.892616002676085	22.208879740121766
20.16489022451348	23.323856418552925
19.48408300355235	22.50029771849355
18.117116658804015	20.86499050367157
20.178905308879358	23.1545068615308
20.264888897063624	23.26409135806333
18.288890378996573	21.390551073029794
19.349688335588784	22.633425906964927
19.563659611274737	22.558067378471357
19.311079029318126	22.272928233865468
19.947502749740696	22.85543189686575
20.647391979355216	23.93471747193873
20.31925186837555	23.2317124870932
19.88316088471949	22.97591656889379
19.947224031841174	23.022712339008436
22.145174350455054	25.45053258924221
18.57912865211503	21.29580459068282
19.40676637110943	22.350250764510687
21.16217833112	24.168281263606563
19.85642664802049	22.845359393239274
21.02402116487993	24.40279005338179
20.248392700389694	23.446469665332963
19.27752067784595	22.121426084239012
21.47910744571888	24.526111060140494
20.554985732789252	23.721390991453912
20.843385923187192	23.960511934478824
22.748320431719414	25.986115603436836
20.937771382098997	24.063239512676393
21.070190877165256	24.166295557771267
20.123797613091277	23.11987380414505
21.04089302216872	24.204512174974834
19.722009563648523	22.624504184520422
18.864593724536288	21.87543465681137
20.72047415204868	23.811533065358546
21.792408564541244	25.25692310049782
21.38851522538819	24.523086794875482
20.952373057160916	24.226812810148655
20.07015199924477	23.12126188014976
19.333167260366388	22.423493201059394
19.84951982477921	23.042911434376062
21.173301885082463	24.297696878955623
19.14522565043909	22.228877895703487
19.833040358913934	23.189706680880988
20.301548844436677	23.60291015519711
19.624422316338606	22.793901200507097
20.08412692602526	23.241825603881967
20.468045884636556	23.919107740851725
19.772424116762327	22.70269070562537
18.756491899996554	21.75457262942239
19.282792046824333	22.30311302824891
19.919601292620293	23.205080180158028
19.034310237617248	21.923979862480408
19.56057053462715	22.60509986027031
18.622670254636468	21.56425944812232
21.218398067855023	24.539849307633258
19.16350519986163	22.2049163547038
19.891022773305323	23.10375109144077
18.841266666501443	21.773485149294455
18.81260669206105	21.712865948930162
19.088635732160757	22.167481134904673
19.58422203225948	22.53287772970341
19.765554918098854	23.039140211295678
19.54458463470394	22.738855001526527
19.32287814915813	22.24200031458699
19.669816324918386	22.59285037735212
20.56685227801086	23.80540876935242
19.756675932817398	22.92526796061522
20.07243906818884	23.222002154955693
19.113458888545917	22.16961453674705
20.102363003287344	23.32172452112672
19.391628563024437	22.48412102498826
18.629201320073154	22.113716694453213
19.76037808436497	22.840114393052023
18.948972997645157	21.930017175694687
17.830700781188447	20.377343270935576
19.766411137429014	22.963018107566104
19.873187010455283	23.202202851605264
18.92368755219089	22.150046731256374
19.82932677542328	22.719020697721252
18.914464112300024	22.018801573735132
19.747102249453274	22.6808514706395
19.442694244870715	22.349080504885144
19.21901181498404	22.587733714190765
18.557312852005037	21.839600676437346
19.96645608727846	23.143353788209822
19.206630433440967	22.055856978058056
19.430017015736574	22.510433652598387
19.288462598359256	22.401980440581173
19.688254566962044	22.60616186065026
20.333122482218812	23.718099365315368
18.57704397270381	21.74996904304326
18.27129393980508	21.433273015761326
19.129484577543415	22.012132243745647
19.392655157992287	22.42021677499111
18.362022576058745	21.645517173086763
19.10012885820587	22.105494768503114
19.53272082901811	22.66845867537642
18.326826842727176	21.39963838249255
19.492858455439283	22.709024860600756
19.557716715867354	22.574571263258623
19.536821638702587	22.7911107190855
20.113367451224356	23.269786464180918
18.844206392891593	21.87729972588282
19.303172915351364	22.358947903740432
19.458525967446104	22.458676028403506
19.731316214154482	22.74112450545001
20.2522281841108	23.008990840547405
19.073324294606593	22.333736328562352
19.346538981054998	22.33935121669891
18.792697766783892	21.98609747552568
19.022845857462308	22.06777609077988
19.19572378065429	22.47175096604981
19.306452402896436	22.67267166631743
18.866606497713967	22.172641015103416
18.53446837544694	21.407668389079426
18.111224739414872	21.089069755214034
18.00831173534353	20.80390979175608
18.512641900663922	21.485639578217913
18.36769876864812	21.429220100370436
19.09119348667736	22.246332834733774
18.390038919550094	21.423431920904008
21.177361320285026	24.27342145559388
19.343549669674754	22.27991491467583
20.216158344487475	23.175986812372876
18.374823436615575	21.358973636748683
18.56796770844996	21.481432621139884
20.1427438071832	23.338054914130275
18.762157237706923	21.865223133386827
20.302742674598775	23.561753556480326
19.58686701456706	22.622094472249348
18.241183212102094	21.144827911555133
19.8988960249915	22.89353866739131
18.405337410621076	21.478796881981463
17.552976152699465	19.694977262217527
20.175509527736914	23.209999963229883
18.491723030236116	21.838233024451384
18.384494864510376	21.294481194449585
19.41800242624465	22.565807998560036
19.957663546195707	22.92388628900937
18.592610515100436	21.907938801305814
18.421404885132095	21.75337691418431
18.087452228408456	20.995195095199943
18.539456375591822	21.409489623553686
19.80924461753505	22.903474346087997
18.761975598183408	21.552317309531436
18.58796606043595	21.535309696399988
19.647749242762345	22.804269495030624
19.09997177933938	22.048206321246557
19.394395623743662	22.538601126134267
19.473619724281782	22.594098781577593
18.101824628825906	20.983800065998313
18.158103066138654	21.639735144920916
19.204767306139516	22.143627087781383
18.675782940696507	21.61287710874197
19.14898871970531	22.263952259298595
20.132327804646422	23.28955673209674
18.81712094284673	21.6021982099853
19.97881023544668	23.181349829250586
20.432963650697356	23.642035204893464
21.209102677185317	24.447614623229722
19.003835392605726	22.134231852877672
19.081240619570334	22.086598430722635
20.404308908304593	23.599919683614353
18.823939145244104	21.786189257465857
20.274863783720953	23.29624980270483
19.399104723758253	22.580311169796435
19.01464069269265	22.06531726934348
19.13095614155893	22.392178090008453
20.03987181515704	23.472289439725774
19.00055100912754	22.205496048977928
21.485112629625196	24.88882688453496
20.761079863125097	24.09502403396963
19.86711867346632	23.211692972041494
21.073365343097922	24.584822523113015
17.403966778149776	20.107210284838505
18.867826141875767	21.755365691620327
20.254727057843706	23.271998711199263
20.411470781719103	23.55943833693324
19.663427871250548	22.85696931502875
19.40091475509028	22.3207172486939
19.67909580076829	22.647602502454365
18.8708964285071	21.670815378743878
19.186349522535966	22.166199076707198
20.38752824131344	23.872391878925818
19.869491259257	23.169840176900227
21.453576401793526	24.527849837220145
20.186071017238998	23.271023175265885
20.74682005702057	23.757353221788023
20.84337371777577	23.85739761401134
21.144826567097073	24.43208726652109
20.312573773086452	23.30216659861765
20.077500930510762	23.644222626007792
19.213375498534766	22.708840916870507
21.756127608556405	25.022354828577384
20.395010215208536	23.54018761499166
18.521030756065546	21.928037313392462
20.911280431565206	23.89500542658909
19.3966935961616	22.499970069609883
20.47859176911113	23.393222958672073
19.233656502579933	22.884269141340965
20.341250528955158	23.504156957006757
18.850859376781813	21.907460477954515
20.19470093356576	23.344498895535803
19.256050381184636	22.67736407804388
19.76566405812646	23.06909470041846
19.69647888823426	22.878855660715935
19.52956235687191	22.66661226471012
19.295934551587276	22.42260945476038
20.505605541723295	23.749649203760104
19.779874680148566	22.919637801540887
19.296555628442462	22.78752602133781
20.07015987161365	23.670051615202755
19.12814900222098	22.22479632553781
20.06373947491818	23.324888531063266
20.284926934859808	23.02343411860699
19.443169126085415	22.913474550672397
20.837139860586504	23.876672013803145
20.866733818297174	24.217738837952826
20.983888662544786	24.855344735892714
19.54425661325961	22.862601830954258
21.43700738975703	24.703392543104297
19.465577621621943	22.91138313277259
20.96905699403929	24.57973679868532
19.83107438867006	23.213965741945174
18.087349618316455	21.220771109222607
21.842635788482212	25.065868697601772
20.801619618814716	24.58954516084837
20.260021499261228	23.311078735724124
20.146013695216737	23.954349082493223
20.370506568066382	23.769227700122094
19.611166850776428	22.947156055717713
20.124423397574454	23.317082034554453
19.830479826390615	22.875620637476572
19.437493676592588	22.748638754437685
19.803499373660724	23.21827301098283
22.209819817998607	26.072528814813893
21.382677722129092	24.932362866249814
19.310191184851774	22.837765663292757
20.380139662708192	23.423073456798644
19.885405408855203	23.785905015949485
19.165148870707064	24.097317559957
20.84014793566078	24.06975082227379
21.53556023534949	24.96248663965051
21.88142974310873	25.13743584221842
20.860507918517808	24.450304077942153
20.831989891716375	24.559783332160578
19.18113829375832	22.43375085113914
20.667404193027764	24.45135305489704
20.940529282685297	24.25154072463892
20.09255198865433	23.327783780998992
17.172513277414247	24.604159085867003
20.096190893979085	23.248957192568767
19.63108480862498	22.79348908969045
19.94666812475573	23.890194439331186
17.377310025970395	20.761464845855777
19.870330024929817	23.251625846652214
19.90275330553642	23.683826970952836
19.46825500253406	22.398667376005978
19.43598600456416	22.631799258497363
19.906698720976554	23.349774820283212
18.722617321459857	21.73553163483897
19.747438706157062	23.082658492329266
18.280317215403173	21.710884185353663
20.34552146522862	23.957529529644425
18.301932345023832	21.23382281244687
20.48780889976809	23.930747313610816
19.140787023394477	22.15907106986724
18.82429279845738	21.937130312504536
20.707380956904903	23.875365548832402
20.063616659484346	23.319792840637724
19.539720140445006	22.633354581845033
19.611660274983464	23.109267917155208
20.001561140558522	23.29713156268855
19.19834097479559	22.09361115838312
18.8022636122005	22.405233030865908
21.62319399191822	25.42920087502514
18.932265212834515	22.690402099787555
19.788516637879066	22.95716131011898
18.88227280942751	21.733690172750226
20.17637053973609	23.771265110898675
19.61334457518948	22.88913688538181
20.43977916417861	23.86728870691514
19.725754010955747	23.052688371856753
20.489699367758067	23.90359019828197
20.039662950357815	23.271513349691013
20.237519725872453	23.69986774055821
20.414062117315403	23.6881050122012
21.255632977576774	24.629416842369515
18.28937025535891	21.862008376232886
19.41778452077489	22.94789808115382
20.76596848068723	24.454051813502222
20.526465509094756	23.812495138488252
20.640052801484515	23.7362384735399
21.082579639054156	24.528401348494672
19.53233459901911	22.38716575193304
19.83856009829576	22.91836929928725
20.400266509653402	24.02554907262199
20.838221252344216	23.93888980112258
19.565149793199673	22.859979143567905
21.479745374869896	25.206129564094947
18.12699725521598	21.261913038363122
19.921609949407557	23.524753499689123
18.649166305606784	21.861594955379545
19.544412058123612	22.51206834959123
20.256302309137496	23.703589963811723
19.47229457255888	22.823514219555378
19.532246310240144	22.97219209002841
20.866448440875722	24.080691299114513
17.41661908419016	19.775786616493434
19.47798548939375	22.47794522044512
20.756752886843024	23.960640988279046
19.019622721742927	22.46955879681176
18.968651348365086	22.33115715383218
19.169115054379603	22.292234432925085
19.666839889153806	23.042146393194827
19.822375206431005	23.087002845326808
21.4759400867859	24.814840934332263
17.90932746652332	21.579791109526486
18.60565172588243	21.52850354755507
18.78136791950072	22.291756012384045
18.94518345024935	22.272267645331706
19.826156994845963	23.49703369424095
19.636279715600793	22.90686832517069
21.372438489504933	24.86383813708198
19.20868578584837	22.256697743814716
19.042035862139077	22.270460323163658
20.720858203377695	24.341248882803946
20.51398493327406	24.18348477802965
21.38447152074988	24.8419155031759
18.646212760050584	21.903563317219923
19.776135493235984	23.047894429249368
19.64223196957015	22.848549814487466
20.575885827374307	24.145749991107138
18.709483106171756	22.112917940581173
19.609358495967403	23.082518869144902
20.509360258746298	24.05962854130253
20.08326472952614	23.233435252163314
21.80950602351227	25.134751712693784
19.62898605694943	23.256346050594516
18.089005225276743	21.527667290592397
20.220043889023444	23.375596293471673
20.447146433933526	23.729462605373115
19.984457900822797	23.60145098894771
18.824011436187032	21.9081739275825
21.570331047041908	25.053036262528405
20.341043156423385	23.53921731110591
19.88369951227921	23.550113582813562
20.926359648410934	24.020884995754106
19.25588745878507	22.59363417817782
21.802365353659205	25.46786017124314
20.905308304318957	24.18172019909901
19.861583393850143	23.11316331025142
19.845364092768126	23.067418576299257
20.53411525880202	23.619533117662822
19.631427951172913	22.652004055663024
19.09634413790045	22.183580254799747
20.198097224954335	23.850933079000743
19.98581535598528	22.876424481661203
19.971621402003457	23.628571621678184
19.95262434730611	23.108529064559125
19.397689584460736	22.483787771496296
20.144183798706962	23.41565926464753
19.096671738189244	22.297016463715053
19.974246478637564	23.021318935791147
19.669933798966134	22.744859215560233
19.495139231347736	22.772486577368085
19.347463968200035	22.667619344788246
19.43893546207695	23.40581971065254
19.103897799352172	22.296775113245484
18.89165990469056	22.85660440805358
18.594485043973172	21.89446950009421
21.357561779629652	24.53564195572191
21.09303385943111	24.533230712712445
20.026345414973623	23.21444018378126
17.859012265620464	21.34569011169887
18.900547021513532	22.701334005708148
19.943163981103595	23.42269028220207
18.53823611387022	22.38475087038271
19.424343637600067	22.526627965793487
19.95302024363459	23.175414891253105
19.385001378960418	22.47263030438919
18.828598196592555	22.416446511659398
19.239454429367292	22.680404503127825
18.893746868060653	22.849077686382707
19.247191250956995	22.671019732319373
19.049647140907886	22.613501739096996
17.88914929529664	21.177661312613516
19.437683528649075	22.363706165564793
17.87087390276024	21.302408720530774
18.608554056495617	22.017374822288563
18.672612253014954	21.969199117834656
20.27437064703356	23.64759972039808
20.150797791288664	22.916060500337313
18.89092923020608	22.249243728167944
19.462625135028944	22.593649279033556
20.60694086475737	23.909922004505326
20.270847247664335	23.376934124405977
18.943438264721266	22.32810333073772
20.42356608526469	24.0093410192275
19.111000024589003	22.342510259834825
20.669005400056292	24.10279178011949
20.04669165358169	23.58045792832749
19.302268680240445	22.658785168026156
19.680155116281693	22.94789282683354
20.506961711146523	24.234483830235312
21.634219673788472	25.380859824502544
20.091328657356797	23.335267030509414
21.1596717044806	24.492174227526235
20.99096528638447	24.142812332023734
18.500222698138778	21.902422412945207
19.55407475716496	22.714535243445393
20.437699708715872	23.72631701491694
20.912027636404503	24.091666897897255
21.848210290232537	25.024933859547737
20.533403568713275	23.5329664416627
22.388290777834104	25.759154900876833
22.28762846134777	25.723148058427622
21.54529700714565	24.728617330012554
21.474652909928825	24.77605471641395
20.80460816077619	23.970385735708184
21.44362552910094	24.716271321484996
20.940115341461894	24.422954192839864
23.064121766707952	26.31189103541607
19.60839614746677	22.55818977477444
21.94642936196297	25.364920506811444
20.93458786942144	24.17170676253657
21.388493637117357	24.921130081144362
22.26270561461236	25.594685742809514
19.986245031822513	23.29494011832397
22.415742590675436	25.7682135555648
20.854616766522646	24.2802270597713
20.875957088106	23.982384128935017
21.38613984336772	24.650370624161578
20.312980773342645	23.50942981015345
21.205566914471344	24.753579585162445
20.414214045125714	23.63007268277956
22.68506871970596	26.105746633687595
19.149083639659192	22.376102899037097
21.23256764746016	24.385913034912885
19.56810573812756	23.002515752350956
20.416199799555883	23.905821684819117
20.369423309455758	23.506011566032523
22.110908087145244	25.289223138440693
21.409704423001365	24.731706404635354
21.746400897923042	24.8587970085711
20.454715746982842	23.47572515572712
19.91520398336358	22.98071009439521
19.644289942050943	23.025954274868003
21.92648938861369	25.46088739666463
21.486745986209552	25.04647811962541
21.373887294923172	24.6746776159655
21.160188992818195	24.68814818064372
20.737651849248607	24.310443853876393
21.90717854064488	25.03908954102016
20.245696752187804	23.45896366346161
21.787037527485257	25.98791822202646
21.86325560608234	25.039776696774105
22.176292046872927	25.591774359377073
22.216949070082094	25.486881648912046
21.057055527996866	24.373242323565634
20.661276381992735	23.73656221053656
21.412325735557864	24.690503243934323
23.694552585577508	27.161942317986945
21.345621884501917	24.593974291645544
21.809862345393803	24.889072209659908
20.28471209289162	23.119615299686505
20.848042828262233	24.66161026316843
22.676806140097842	26.363820385781064
22.64545057381794	25.747030276401787
22.41331158777711	25.877299679312735
21.070848145049595	24.24448998971603
20.686714601617965	24.09585528363594
21.4330085361586	24.745765343846283
20.513219967009913	24.015962467072118
21.421781300992215	25.16236329129294
25.24927055051119	29.03479469607084
24.537998582147488	28.233407591558567
25.776281389208105	29.546911207227442
25.9422776572517	29.574930442113534
28.13790416312572	31.693465236898692
24.888387886581906	28.149881156386844
26.33949765936331	29.621712591491182
26.731062935669204	30.20036406628392
25.39299026618844	28.877250517502965
27.489938067782457	31.258421612393324
23.875411817222645	27.43413560709376
27.719446425225325	31.339059586737566
28.92529403378756	32.28738678286283
25.35023301725934	28.716836990064877
26.1820795865069	29.740722384928645
27.76633311229147	31.427373400159702
27.692130542358267	30.98334362451185
23.427081839041094	26.956802590890547
25.077881076027126	28.534219525169163
26.106873813961215	29.580572780277066
25.33727862323672	28.832946520195897
25.68006672221384	29.20406947773733
23.887330423747912	27.971806157672987
24.865190568749817	28.548969206030456
25.026772164994743	28.26904616386268
27.64924354917684	31.601986690691323
26.335046806659413	30.00514598814039
24.90405640733723	28.306442402477224
26.0723211223659	30.755283171457343
25.45568315947385	29.018991065379666
24.505336919407934	29.696410974879175
25.74743519517773	29.50732554700977
25.737128737625802	29.149654862227713
26.059207659111912	29.24307467426211
24.893573999911105	28.23307013461038
24.381622899616346	28.922177683269396
25.199836305751923	28.418468900546905
19.431448456588065	23.495728972611154
27.02358306390718	30.908601155453173
25.41960172794933	29.21751756526356
24.493742714009215	27.904649009623597
27.024836406586278	31.18009866726626
23.57316796288622	27.217119054936045
20.291268482329738	24.10490880954038
19.069111334037377	22.747811807442115
18.4421312733061	21.965259321176323
18.499422917700116	21.993163218164142
20.915045209751007	24.471314958706024
20.33141972608627	24.391120175647128
20.182604042587766	24.168889792861453
26.01499995253901	29.379214677587942
24.06990128818844	27.669205843769568
21.04094706371332	24.39402951404547
20.462081943601053	24.61118885412844
19.823997088551774	23.51078455817674
20.761712213990034	24.455748418334185
21.25813990995889	25.131560025954197
24.744931176463005	28.16198067351258
27.096060094813126	30.565385522862655
27.001107521624068	30.73585002842476
21.31782446899738	25.20769394836102
24.61374113969742	27.979348917675626
25.593858230898586	29.122700225522312
19.670405329159617	23.054997502871633
24.245548545934593	28.95165795125779
26.67107380423576	30.895328631066974
25.69912146712058	29.60589791154153
24.840069503541205	28.17050674462774
24.427236328205993	27.912529220500062
24.833607730339033	28.669415417243975
25.477709632517172	28.78446497380607
27.337077373658524	31.686909442747726
24.23450494875574	27.91761945615149
25.110557377971155	28.482887446247595
24.658508960861564	29.42784434114039
21.987571238459044	25.688370228826113
25.7701210823788	29.28778220741612
27.174477044690693	30.603217657457744
24.1565657147936	28.28663153557261
24.519781064076028	27.971426058726706
20.877055317986038	25.242773859870407
19.060536042393647	22.82595001107315
19.5645627368028	23.20391756410052
19.305157681685852	23.40464113118036
25.930031405892343	29.40164889195922
25.13982355316227	29.19729268829281
18.27197522570373	21.50099497388123
21.317164682278968	25.041451192965173
25.680522679776395	28.951896906405246
19.921318206058185	23.77096733166154
24.855058744961035	28.349220200961817
25.273125356929317	29.051461511356816
20.569505256199278	24.146423775172792
19.92937370065418	24.13008026357922
19.47125509792579	23.35741921848046
25.84389578865845	29.446322564613034
24.610414128394645	27.761038203148324
25.69528086676466	29.133315248347646
18.084211705849683	21.597272516562427
27.12885460782709	31.789268637412167
19.205652469788895	22.927966838682785
22.28380478820477	26.057662115481754
26.419992345660102	30.491132837445367
18.481705270755064	22.332557119381654
20.455944115948526	23.945699637103232
27.304989646701042	30.88551633474427
20.234867705407922	23.694283829626258
26.97577632814962	30.58968769162577
20.999576868271877	25.340297399306248
27.487403027317832	31.16611564943998
24.346956803793613	27.893159315591152
23.36719311270744	27.278642763757404
24.532573629083654	28.23839003973959
19.32096696558019	23.0176961356161
26.779630762250054	30.59728421577729
22.809990870724818	26.369893086184362
25.762403974107876	29.686658373304233
24.444042622916513	28.317458689339347
19.791350490221806	23.601702564587764
22.963676130695706	27.097799623088473
25.23431919689138	29.754160417366432
24.09853235880534	27.595338185628254
24.08865668059914	27.50148652313621
25.279219868329932	28.903733012529443
23.066263589636282	27.600379553063913
17.723622769560276	21.2183633144241
26.27486391330727	30.94340543483726
25.280473883238063	29.16205388775803
22.340067671109665	26.8186275498376
21.331058060793865	24.611778700680745
21.798112069472133	25.555123175278844
20.533584157372736	25.18923993930695
21.88261394136271	25.13392658598104
23.5967796208246	27.113740169824815
22.219233557423713	25.794524148264763
20.861244928558413	25.726372945587094
23.49548402814602	26.677018489554175
20.912161450477164	24.713191409019906
22.935790634965187	26.782860182905907
21.670702559679683	25.125417130261724
20.56555205950565	23.793203052188687
23.04930011886953	26.427315786892187
22.65439307056921	26.7252055469845
21.239257567500864	25.46565461816808
21.21430994750588	26.112964375003887
21.09195012094615	24.712239561060684
20.05111395679968	24.339364177355595
20.270417361249336	23.555754513750664
20.60697939643941	25.12282368888774
22.28599621434627	26.527158006234785
21.243850922635154	25.496639037081643
21.26653597764908	24.5882747370726
21.85461850176445	25.19127993573555
22.433218601656062	26.140294429349797
20.85069652727455	24.05931857892662
20.427325933096007	23.739774973276063
21.25849189272352	24.672961812110465
23.418296279421277	27.344032822141223
21.750068156329437	25.770414860638336
21.088934661476475	25.995728729636806
22.124752850542656	25.28625407694758
21.20323230557128	24.49372051425294
20.802325428924238	24.241959391632403
18.83983499684911	23.52961652597804
23.04915307281883	26.987244861141132
18.986498670719737	23.66430966363085
21.457441455492802	24.979783886304073
22.216598549213124	26.180429420147227
21.913590072826217	25.53509843425386
20.705818087178937	24.053283780496844
19.91830891408738	23.53396159372512
20.510961178255183	24.57089650301923
20.325232582740217	24.558360022850604
20.504298570555992	23.94461691101139
18.72164465667336	22.367171032413555
19.57229216589796	23.016048593379384
20.421902828662006	24.224459476025494
22.12412561833732	25.863116126657797
20.244179460399977	23.701323774463305
21.147143718290227	24.42096388669024
20.73635657932095	24.319908297998385
20.660584342454396	23.930079567457714
21.654107387405038	24.708716098923087
21.661103499669686	25.27446817086254
18.365733962656332	22.460224289296793
19.174590598752292	23.967510689089504
21.32471717137946	25.72771202783929
20.621286015601676	24.069456477074105
19.416821200376862	23.181016247743255
22.101616393735203	26.034322250673977
20.556222095610988	23.877766475556005
18.912118302282508	22.620518340173547
20.559888422615714	24.357828557364755
22.672940351401166	26.021649263466998
23.880141264314105	27.676323884611676
22.8926635993261	26.15069043509773
22.93862067261066	26.542387857052425
23.086162795939515	26.70002151497357
23.275661561646025	26.93362417443796
21.491411134189356	25.123104170376074
23.581668782892248	26.860239099798182
22.726288396588302	26.106288355120682
22.447640295494388	26.343798760902096
22.30674769974565	25.98417255782271
21.97196579181971	25.37168311870275
22.69952777692467	26.498504602225722
23.574267419786718	26.923373189954493
23.466426401887475	27.79372260018772
21.32490052387213	25.32846175029779
22.176104539518903	25.707955366486956
21.865441856870227	25.82659191082997
20.086245962009308	24.590467981472138
22.33301604528083	25.87770401697503
21.50668464344778	24.999817508041478
21.64608418005034	24.88882792932466
21.793749724224114	25.4384985820503
22.712788685112244	26.01437272235846
23.740279274634748	27.469866675682635
22.67128191986408	25.90693081817303
22.641936723340596	26.381575163256084
20.54286439656705	24.33320753336459
22.056182430048658	26.435831501225756
24.017659940537374	27.548793993178446
23.928410185876672	27.502267228063758
22.92620359813585	26.297282348519424
21.189898401815167	26.404658406656512
22.163104105906882	25.549303959889016
22.083123553330733	25.83049262708919
21.47530278734341	25.534893898447606
20.791724389272638	24.90057449988752
21.22021910187545	25.325574431449745
24.705871009016747	28.188742256974464
21.834332028771662	26.34693666324494
21.478018793077734	24.907233205823633
22.783968731096596	26.99086304075399
23.243384604241438	26.95645784876149
21.246450430268695	25.34971618044908
21.513522901352804	24.78144284266575
21.54594369147234	25.392689273615552
22.287786293434742	25.815401267600414
23.023642240309666	26.733840288376857
23.234090837450292	27.145864454297755
20.344598978694584	24.78184106952319
22.11832957257637	25.57182927141777
20.953678582630847	24.787663961924817
22.265781050275088	26.364685410906553
21.663801122369787	24.877521585760096
22.33634136791189	25.639294160652565
20.700728248385612	24.72375981924134
23.832777268314565	27.323512786006724
22.598017255212092	26.07302423343537
21.328575352954257	24.781921168041837
21.271643861337324	24.97268177648006
22.18439722972311	25.933175554700718
20.8033360483287	24.787297344005285
20.993781359079286	25.087567060110167
20.112915830753916	24.29481617913378
22.503086968845118	25.911620214992773
20.28860379277774	24.040654172310152
22.706522230889387	26.848748917792253
22.77216911923354	26.871620172148297
20.975295040511273	24.521813418961383
24.026816562482505	27.582831188371987
21.368189499889464	26.801513030017762
19.688179176071394	23.0642793963163
21.961058845439027	25.851483116230895
22.46821258731202	26.2482657604663
19.685500410205492	22.888817521923414
22.18206198908974	25.46642319462608
20.43126299831771	23.971366853977212
17.713392662647678	18.61785657441287
19.519568880652166	22.98731092586639
16.59943899733752	22.239950803687872
22.349681113176285	25.98557355601317
18.910522489284507	23.16778943088151
20.417469743457318	23.997571226391315
11.173579987446974	24.061935607035448
19.883141021566534	23.864551086587763
20.251258301380588	24.07968766724734
20.614982886425757	23.849672036059594
22.370604320696206	25.520827487775474
20.50946936030297	23.894673019457773
19.912535418370727	23.368626843592164
21.62281120810539	25.261510004663165
20.809406772540633	24.457654460979875
20.449153837378113	23.64327437001935
20.315148914442446	24.500608837022398
18.989562842496643	22.436081078401795
21.920732777589446	25.11263819409024
21.260648065311894	25.03159779955627
20.210476533116303	24.01022277718643
19.290802631661645	22.689774837210425
20.636043032263494	24.004602948571467
22.00080359311114	26.03975808291425
23.163724773755245	27.08385670817835
22.027554254876073	25.800791997565334
21.34697635107992	24.841401029291173
20.40785548135227	24.718941241059838
21.509225260173693	25.940838445270643
17.485799750957774	19.392787971820546
21.810672108028598	25.9481283985632
22.074796545024636	26.095459115986106
23.409914263747552	23.857343426682135
19.05480088195477	22.340376959231754
20.02727818742173	24.441433665605615
19.063236477521826	22.85750365004165
20.49662988707265	24.1866529651002
21.135115293433966	25.138158174583612
23.528560684997817	27.484235716979722
21.288315497639324	24.523911751506184
20.4583820841115	23.9370093801219
18.01197298823395	22.100158130540464
20.260895232992315	24.303340454263545
22.09407365600521	25.40469228942936
22.337225968670694	26.073029463458212
19.95469576031792	23.444188059262157
17.595501569679083	18.993106218406854
20.946469863762015	24.31012574781025
20.743389374637808	24.63466810522059
21.235324406067026	26.475681758483756
14.15024892236017	22.39198740576483
21.483564425425925	25.298917721790872
19.291709503044242	22.922394195686227
20.636098227936245	24.052345909636998
18.751189936498168	21.911642323633668
17.356174857753096	20.222446052891435
19.7613358001547	23.31461291505526
0.0	0.0
21.846321968515966	25.671710105458644
21.156781000189973	24.580840307183074
16.762894847084254	26.22928883821848
21.427046984370854	25.328324109379146
21.660959506996626	24.926397060386186
22.394884828296185	25.784251447948932
20.682252975026515	24.32032003827915
17.50517722249284	20.622517861125324
19.490205056095327	24.352324240779673
20.17764196983062	23.85987367042817
19.87351107141774	23.675391440178938
18.9633056110131	22.744257789255453
20.6200111939902	24.351019994974642
22.558441558967477	26.362601837028617
23.43208009877782	27.645024469703625
19.597348595880398	23.43962345001804
20.57931202688035	24.20259410104934
20.714137767783647	24.277008319862837
20.909089697900598	24.59548030942362
20.997413924798337	25.314950653448733
21.46767881114012	25.125487540178238
20.115462321384697	24.591778736964912
22.0483845004104	26.301119970414796
19.49477821196214	23.556195680249775
21.31271790546976	24.722218999437466
22.008971688094412	25.716578009781564
20.01668517604755	24.018411946144834
20.870819877413933	24.203391243191536
20.396059309601025	25.07323047006206
22.154863159114896	26.14839764410776
21.984303486574987	25.702843653927943
21.89067116310136	26.037858576278524
18.839091697822457	22.229357322563285
22.1356745110449	25.9662541998926
18.63380220943702	21.84285756534325
20.66576413845054	24.721435263404928
14.572703778617194	23.899229586250968
22.464367645814413	26.092185241148478
20.64345320116436	24.46105805982197
19.292097897539726	22.68248095988215
19.84439942183768	24.05684569534982
20.1539598027612	24.22517723642337
19.234611960733012	23.174586800253316
18.02474758123896	21.624120979552057
17.479466122426803	19.283368426523392
20.13778658783866	23.744493761892784
18.59242735293767	22.4493130645428
19.069561089679695	23.342216406658196
17.414386024394105	19.298279533467223
20.60517669483355	23.96757721141645
21.442349686997204	25.34263871632311
22.043610556616652	26.47543431948198
18.409351253712	22.429552173412024
20.95441538411847	24.86135381143817
22.132293917824	26.01587846071604
20.31788141813501	24.91775433931128
24.75327958878438	28.862303831015424
22.02552434188292	25.76984003799989
22.631589508866554	26.066671752119774
21.198476066508363	24.978274116597106
22.73138933728455	26.29253072191955
23.31956969907076	27.139426120021035
22.023411795338752	25.400338128367302
20.7253394582469	24.307716800908374
22.560398128128863	25.783060047530316
22.40235379901408	26.131301367611897
21.581393529401968	25.02263517238026
21.756011256240228	25.192255726792
22.567953543045466	26.05121759953266
22.49438964738461	25.918339615921052
21.901422881270165	25.897370911454445
22.474629171335014	26.34247707561323
23.959119120474327	27.388621052865517
23.590296911332764	27.23398478117212
23.290472567208	27.311572491996102
23.40308335986613	27.267452681393635
23.368549144445204	27.18877812606261
22.3981266689908	25.965293817459397
22.041019370854535	25.968910286127887
25.012090162613337	28.558296723983343
23.51194389813012	27.09249488360816
21.745877512954095	25.403374424912116
22.219899234245283	25.76960462622835
22.78006599005114	26.39743568841566
21.029126979236644	24.812982700939138
22.660955279242966	26.21645560942891
20.63950952096603	23.805894531768345
22.58545224580542	26.068922830488525
21.43199592031491	24.866158910617706
21.747699982547964	25.013368361568247
23.90638122842064	27.517761609103776
22.779274069832642	26.3225001458656
22.062726448042884	25.175406028763756
19.464177797807505	22.586122800337026
24.69743374097626	28.438359944936828
20.39311829342204	23.514974205357255
23.043798537770655	26.47587194867954
20.431527741142645	23.836979262641535
22.06202823088174	25.542534528517674
23.29631152021404	27.025502063159983
20.838808207501778	24.881362767229668
22.707055004792103	26.366240588469616
20.154760397163926	23.73248478105873
22.395503783175393	25.76829550271328
22.433976547986333	26.635359389513667
21.298470742130483	24.93225740728358
21.19015498475158	24.414562269887092
21.895589306096362	25.3341622808177
21.74118669270963	24.940251753335293
22.666937091041774	26.458968899558812
22.713619388086276	26.46191581394009
22.83339831682274	26.203897978343274
22.84183372813425	26.24185882252493
22.94633026689987	26.461205286078645
22.44825904991976	26.429563826056803
22.221881546538853	26.139389358002163
20.759008358997903	24.27931790442983
21.98725925737126	25.07277835554378
23.205461807817915	26.58353012028267
23.799753810696288	27.527316425509767
22.937255713590393	26.543991234651795
21.766280678427144	25.284038993203716
23.166645548146242	27.023353078562742
24.46720122481101	28.423568733685084
25.715506677161862	29.64329230355103
21.87139683822664	25.311569394073164
23.16100738104235	26.87755920831312
19.47730877343763	23.1975092655028
21.647059288753827	25.604188117252033
23.15729069557919	26.71149516257511
23.2637105889128	26.8164896063997
24.698537115838118	28.270466561530046
22.075956099605357	25.512710816288198
23.67389776954732	27.684294674300336
22.519588176864982	26.50500326905787
22.603490151164387	26.402195655110027
22.74066908850538	26.726112527705556
22.922950724381042	26.241146107894348
21.27950148774813	25.410932014449134
21.134337692503717	25.17389556860468
21.86203239222241	24.888946077626223
22.028173920455252	25.508805754837717
21.834788024805153	25.625916778661644
21.454506598713543	26.120614327189777
23.304935773213703	26.95877997080485
22.56410743932056	25.785667875010496
22.11680133479416	25.219134257857206
22.679259128125103	26.818902187792865
22.604405650161127	26.273346653916022
22.625667588219773	26.530864699377883
24.14398478449277	27.56737996160098
23.892073388312273	27.476516012932844
22.633738489414224	25.76744749996566
22.675728935598062	26.27739034235604
22.7868434942452	26.464928432634682
22.741558463710128	25.84052619205159
21.746465927982534	25.111316435909067
23.471930111036684	27.1786455267807
26.315470098183667	29.88193667061516
21.729428329791737	25.431952438030528
22.96699447793819	26.762512968350872
22.095651324893765	25.929004970882602
25.13046619795943	29.093879962929243
24.34333143821441	27.769978422015082
25.77612862313629	30.26405921255707
23.793499329034436	27.37844815021361
21.64720887186168	25.467769918421524
24.42104853287877	28.040131200397596
22.79672467784517	26.909515022472213
20.796499489219325	24.734081031410557
22.683612835635046	26.587165820370814
22.7232207826748	26.356622738443363
21.169610861760034	25.44480526067649
22.158201067817185	25.263567120659378
22.409291352436043	26.63426295359423
24.16704429132417	27.93380676763579
22.06745159651317	25.953538775190932
24.16929495258696	27.851838470264603
25.043868072979517	28.474661818988256
23.263416589951564	26.80686539247031
22.750395679676355	26.776318645274817
23.310239249227408	26.954214638712045
22.53550052845301	26.356741903187615
21.803511439361895	25.45921439071623
20.516916141388524	24.01032842648257
20.611445052355464	23.677060501843755
21.2196466340634	24.19960957626375
19.435819285690403	22.64320216816702
21.329000730170314	24.87044499431699
23.058236417750138	26.40739888193248
22.00259817937377	25.14375840326783
20.480915344951008	23.858096801045086
19.634991664036065	22.71512888039753
21.23127322996751	24.68424648438796
18.282646697544493	21.117606598353944
21.429153956678515	24.75456567833125
20.439873561737645	23.359173908355128
21.44927446199324	24.476058561078048
20.86959134241578	24.26110018590453
21.2131342655028	24.34413006250013
19.835598554833933	23.04341069199224
22.323812466518135	25.440650958164483
20.906676662955313	24.503693210091562
21.792979033889285	24.93445512443591
20.13986434855532	24.421914673661476
20.93219331874969	24.38621946201203
19.893074187503498	23.262071457638104
20.3067083743474	23.517136535320567
20.859269075332932	24.137576170028396
20.928524410142515	23.952842319593813
21.037571526383644	24.0816472999103
19.88619793650957	22.776130783583202
20.351501424348026	24.100166361296505
19.68214546697661	22.98020232660249
20.771874630274034	24.045075214086317
21.17456770449434	24.709986204807418
20.265778501069217	23.07030586477551
20.218299979110686	23.44579303846744
21.2688362481994	24.578604471405093
20.60151024026729	24.1567028029456
19.63551298372305	22.972364747600192
21.103039235319553	24.290696650300564
20.85305044251136	23.87204721373864
19.794766873564182	22.94999936178738
21.549218779156924	24.492269868304014
19.49501733111728	22.60109205914151
17.461691718698813	20.085616249440836
0.0	0.0
17.702266371174222	18.76937326200449
18.2641701141487	21.567025717150127
18.485543251037598	23.11086368560791
19.686157475611207	22.743661631444457
20.551942582343035	24.012407545830794
20.41880333651403	23.8078945852389
20.227346813096617	23.327958667860415
20.14504478235913	23.473319551747316
18.656656822075004	22.1519197617873
20.948790361926815	24.35324973817084
20.572602140422585	23.569018495563743
17.799669121987247	18.462280417197324
17.759399412037713	21.05829048359217
19.37432767783001	22.7787141617696
19.96951459977784	23.039236315749505
22.018973091352265	25.360327979814727
21.36986483029246	24.507473579131368
19.547745044570565	22.363935176987052
20.89964664766996	23.993929020665
22.11637225019451	25.254284716968577
20.374753794093042	23.625604787449927
20.48737547605154	23.497394345115453
21.127909380918855	24.243605893128997
17.829021372865974	20.397762379575433
18.966973077972476	21.924752462188657
18.269573071959673	21.82155432367021
18.63850806776885	21.73573852952119
17.922113436802178	21.20633695687458
20.94021272760541	23.781619547785215
19.401565760310795	22.39685228473315
20.256416235759758	23.525417412921882
20.474589685978657	23.787609715876812
19.785067074364665	23.069505221777913
18.712515006905655	22.087728370779892
19.91094697559462	22.76926885997667
18.982083790368083	22.23409701102352
17.578223467379367	19.256418942898954
17.624909607468137	20.19785002082776
19.994260708997203	23.05591972618346
17.516658793082915	19.298418034920015
20.04617801795846	23.250058020249547
18.999661376774945	22.017746994196735
20.802992887557693	24.07833569520598
16.44678843147942	21.707531331704175
18.679715442050036	21.784441662442152
18.772374104542337	21.794865656810202
18.109767132250873	21.06546098664561
19.741222920184935	22.74462073826233
19.078761617089533	22.441235025976873
19.17277512681965	22.22802367078777
19.429234458129624	22.341921852905532
20.322597517835614	23.35722158922005
20.128224498400517	23.038308018078975
19.858398016344463	22.620911065686787
19.99891886943971	23.042180678900134
21.736659975315103	25.600883512233725
17.600914355802434	20.64013064236651
20.101129558182574	23.766296360396527
19.040298648194398	22.545341305418884
20.49159602146999	23.816736421767313
20.57278032971036	24.12907437610019
19.852178182824655	22.939827356115774
20.676371863946287	23.95440358771387
19.443509472403555	22.338621722664804
18.912530396900866	22.355509306468274
18.33878942355988	21.16375497951629
19.708858364453487	23.213188296923466
20.709582624415177	24.02822751047252
19.407965283484977	22.72834338655897
19.85249288927471	22.97582284558857
19.53809413788425	22.772082711480984
20.034829536567575	23.119919380058402
19.172368306769435	22.39910004650205
19.39466748976657	22.59924806809476
19.82280776353905	22.722192312754895
20.493669734638967	23.842670215922556
20.28681193795174	23.638545880651776
19.28497074110999	22.375648994607783
20.293400171202965	23.522002813416176
20.657557552280952	23.722269947108696
21.35612171926316	25.11673289499465
20.519222500471045	24.00831389174087
20.64777607725431	23.777621795670495
18.627079169967878	21.888738472244036
20.885885224473956	24.408725752698896
19.67395561566525	22.56507903704471
19.65534615162325	22.52017569896269
20.13600869796332	23.568596404575743
20.290948335279072	23.424049909960186
19.462255095220677	22.557007218622097
19.049576680371715	22.013960917284535
20.918699952953688	24.665761259204515
20.55131114870626	23.83715854733866
19.396086540951092	22.8038989631993
19.248514628967154	22.408120655456674
18.869994625164445	22.23697520820958
21.38713480105066	24.34545682797766
18.408802943624508	21.471907658182133
19.186051901232158	22.600878182996357
19.352193135870998	22.483557443962987
19.882759523492965	23.10879473676094
18.95727983098121	22.12191137690453
19.76633847392542	23.73118578754919
19.664985569672474	22.9598675644828
18.716679271365933	22.258208576534457
18.490906018866603	21.84924481426328
19.85741343771576	23.366995665677795
19.678581750063884	23.07946535381795
20.993540972407963	24.44849851733813
18.76010355372338	21.910703331042246
18.846643528867425	21.91983977801734
19.410208390270324	22.596675230945497
20.06605684276346	23.531425838510955
20.04341662259112	23.267933246183294
20.448066650682193	23.71548849458148
19.437986880097927	22.48545214578098
19.453367291995168	22.62814706652534
20.677787979190768	23.985584060604154
19.907951547335163	22.999658392240033
20.341923930336208	23.571287892173558
19.394489312627513	22.5858115906928
18.565825626348992	21.91877444078968
20.280296137378475	23.366228291942814
19.128802805696072	22.246839970793186
18.23005730128845	21.561519084209596
19.359560312485744	22.33843391969199
19.238062352384983	22.37612870291287
20.197271756052718	23.43797452080275
20.542609629863893	24.180599751239622
20.734125653649592	24.21676202640412
19.74591370398325	23.032728950435697
19.497064556032736	22.912502323239725
19.9176123349783	23.215738037336152
19.30303686186513	22.621126956494244
18.63163976001132	21.701474864012116
19.906210190677847	23.14136099157313
18.564460821212478	22.0591487216342
19.471110590957025	22.441961995102545
18.48180865836498	21.530014995809825
20.07621387514086	23.547948798809337
19.11530573454126	23.055236028764405
19.30537866888026	22.686820275211538
19.772929657290188	23.18351603667954
19.54934311318043	22.988029475930897
19.022117612721306	22.98858070576014
19.56100416284711	22.881155489862852
19.94603728640611	23.17080498349135
20.76158531861194	24.152223504019897
22.31807243444358	25.586441878300562
21.590765995584476	24.93635268727685
20.106755017728055	23.544068575411593
20.640090177013615	23.739689638660213
20.52096018416613	24.065295843055548
20.996579714894548	24.256121090769515
22.54484628365551	25.942895186681405
20.789882323797595	24.265938141290295
20.60274140748755	23.897384477522216
20.235033652838123	23.64814696544801
22.414911505016804	25.90153670665312
20.3693428889961	23.612029944255852
20.21123252350307	23.52806725066685
20.886090556021202	24.063822468881142
21.2514178484615	24.601750639087328
21.960929119409776	25.360014712987685
22.748843942225108	26.030378546178213
22.06349881287593	25.294996899404342
23.343565414412513	26.824363281266198
18.71564614848726	22.00255453510649
20.370351443118604	23.589704861813036
19.93651410930982	23.06531503802905
21.66787110873342	25.047672638214824
19.351601604696544	23.021077152017323
21.90021509020698	25.04257398755181
20.06340527382626	23.28191638144718
21.035466173904968	24.424233456832336
19.661192823114416	22.735676836309413
19.185362141603118	23.048654276853913
22.319788064167	26.138494406536125
19.896180497106727	23.207852019372766
22.507304859768812	26.003912257540758
20.208419145798732	23.55541103913779
20.426343280039017	23.753208798208053
20.197116327387008	23.325876760381547
21.72320030196204	24.94167091385827
22.640519482314968	26.52656616526804
20.672984572732524	24.405058411276265
21.222397765789317	24.790686645831777
20.604572942049387	23.613393137662527
19.741620699564617	23.38147767384847
19.12706249382845	24.586562460395182
20.411643044457566	23.70076654721724
21.390247547449327	24.676799571691298
20.56720829414967	23.981099124673573
20.304554449271752	23.51786185627024
21.080807999693917	24.78450648394866
21.006350100166983	24.611648023001962
21.841911411082922	25.36718168278915
22.487880413193107	25.56921225343287
21.11621065605471	24.427542014233374
22.462775127143615	25.855984791069275
20.80219404257027	24.17121561013969
21.202481126076602	24.342738295310117
22.847846612302614	26.038261786134886
21.080781027516487	24.65988631562316
21.37896091315397	25.192989999321615
19.89526298952204	23.074343410014095
19.996549179093346	23.027439544661537
20.18600358173346	23.63261900737787
20.972213321936863	24.31373829244302
21.01485245496098	24.454462120234332
21.108306305676763	24.500973326891597
21.22884913361503	24.71348599516915
17.716414550813646	18.582577606168776
17.855855783839136	20.47346703110227
17.607523472698883	20.27434107503061
15.765122980575399	22.38682594825761
17.65474897939435	20.213191923315613
17.678993672575412	20.4355902965408
17.78792924536768	20.470361999139158
17.659691093833583	20.39564299735294
17.53810482268121	19.6551038717768
18.214794391785965	21.39160705169548
17.72234659336681	20.507460306657602
17.566572703626758	19.556840382310742
17.703288620950815	20.18762438869274
17.673760474867123	20.073071419053775
15.06960357576925	24.97967277615946
17.562820888122427	19.280471348205698
17.71245177485634	18.669847648361433
18.026273988614417	21.11541340457406
17.612508073227673	20.086100325209827
17.6645150235251	18.886319632236617
17.398408251962845	20.111107510366256
16.037310865527758	23.196469041698805
17.499921492963335	20.35506851252983
17.922386839637838	20.696931168785014
19.247774711333516	22.57989252499461
17.64172422405008	20.27739656452414
17.566367606954717	19.379122276468134
18.53620475315491	21.506622853046263
17.45789735636134	19.853915998130848
17.574961546879663	19.513653870600805
17.50709950999849	19.476029991344284
17.710148321342064	18.722375406074928
17.604784675970706	19.442261985406248
17.614713958367673	19.65106172217432
17.61664069837825	20.10630165391667
17.86717811309102	20.674592821967575
17.578635922409674	19.40476632978759
17.55398759416714	19.5326613468729
18.369918608614846	21.109470582058982
17.62708988513663	20.138857456782315
17.541981045101352	19.40397041669064
17.758223045656887	20.6900649182103
18.076343109147057	20.828760574324622
17.58011121608143	20.169905950056265
17.477089240039735	19.755176232372374
17.709747992756512	20.338807381388996
17.606404509007803	20.36925772243751
17.564827603139694	19.261918383798783
19.755968591969484	24.802861669260984
17.637431456531434	20.40952174476251
17.558858209354863	19.517826742427363
17.743032987963115	18.657325212110127
17.57089814309608	19.143569859223255
17.629570890131017	19.658827852544764
17.68046712166691	20.306869990759846
17.972540112311165	21.32341554564782
17.643674550795506	20.604284586167385
17.53265229607843	19.710929475772154
18.22558674943928	21.133969448680837
18.24873171642328	21.147865192146057
17.66153571661364	20.55411293450941
17.74655304845984	20.593645468385862
17.60626132017488	20.13773816102629
16.47613426581057	21.133255992978494
17.572431394249012	20.16222207865138
19.09812033910407	22.051530234626398
17.53738843306361	19.945527445232287
19.29638860585077	22.408590337020325
19.193330637208977	22.227630742795906
18.39491886090321	21.23918872881847
18.377786124081624	21.30548528399943
19.020240536667487	22.089962252639154
17.635505882797727	19.07738855689954
18.2862012684978	21.691976755794194
18.20500417980672	21.21090463366984
18.653517206763006	21.91717294826629
17.69569969177246	20.77797508239746
17.767650318753187	20.619573878634508
17.797687548740655	20.46011541451618
19.363490252484688	22.40087208272039
17.982976591511136	21.258793199138278
18.27517464915152	21.31011053761606
17.91319694033094	21.316222767921012
18.44051777380034	21.59933818323091
18.297970210923765	21.158256137953188
17.526320587044815	19.987913955801865
18.139616283894597	21.183274951456966
18.522930013652566	21.559400690082786
17.959581905616062	20.788030093895657
18.516604532861408	21.49259079489738
17.641983597141923	20.110566527980147
19.027634422237455	22.118993003910006
20.43560778056993	23.614044319039444
19.156673488090497	22.490848484565753
19.325714163972567	22.42173380355673
19.318956002561404	22.478853598268675
17.805850699195943	20.76540784572593
19.73348073898607	22.843929005276625
19.701609905105233	22.676109974045158
18.369724931737167	21.2423337077892
19.47228868448051	22.76372854269234
19.56582661646946	22.68752459507839
19.778453539384653	22.930916120039175
17.849630408479403	20.72058290939169
18.339595580050393	21.395767426541404
18.427691641886522	21.31120186702461
18.165408195204037	21.39632314329694
18.916315997988303	21.830121074765604
17.74710202267722	20.699406384915555
18.078778262857167	21.043061260458263
18.343781388236206	21.443850600289185
18.03070327532013	20.971219332101747
15.937396247928563	22.79476813500601
20.53307689780136	23.903669699488677
20.133199317187007	23.30753363874561
18.179909098679854	21.162431370680498
19.493196467178894	22.66643335459845
18.72517250652273	21.694339288521217
17.828077958141417	20.69411022850409
16.216098878540556	22.39939108117624
16.74580046173873	20.58031228545365
18.75255036809642	21.544374222968035
19.95049319702602	22.967874188838238
17.94364256565232	20.95005326564651
13.3939608332964	23.74432384993114
18.396286964416504	21.495728492736816
17.669413325639795	20.15223050370591
17.85777793568411	21.05717911082468
17.754347337532447	21.214852796744896
19.108716286418293	22.762463294270184
21.789866202449595	25.400189644718374
21.145310438362657	24.511319124015273
21.636399740879195	25.362257485683305
20.887792044637564	25.268004006387827
21.400573313362784	24.305874287955575
20.03831243008818	23.64209986239229
21.836059546015065	25.064872765996654
20.710045211127863	24.239713318535223
19.221481695802854	22.91659508642371
21.97887886152652	25.379422301193205
19.254149258769495	22.521575152241248
22.427645853370617	25.844096013694813
20.971108298899008	24.80047716557853
20.739836672562195	24.304080029708313
19.16488346577703	22.555266528119454
19.053472539168762	22.49873540760858
18.86247744226152	22.072047093871294
19.004914083298605	22.53795548457249
22.074756739752054	26.12786853490615
20.067014898717275	23.47645929867042
20.18499442827423	23.697715074899598
20.10788912074581	23.33581548435673
19.164013321991938	22.269031111601812
22.122182675987293	25.72668283304591
20.821911973811513	24.37621768011915
17.69274261498907	24.887055129761908
20.616746183666706	25.058953050342083
20.16232780893897	23.58039374867822
22.476660928908426	26.248764791306417
20.18450080361336	23.65258301291496
18.352172296771073	24.589024144879318
21.11708974939496	24.429611681879454
21.131517193626195	24.316566683937282
21.254550893342167	25.28168873068127
21.540882205760656	24.738088512623133
20.945022623503537	24.150550801789432
19.923161611941715	23.54218758544598
21.932498016681386	25.383252105388927
22.276639160836577	25.676482024466157
21.68143057570083	25.08549714341538
20.567308735695615	24.168273615988955
20.860194728632642	24.30905766699724
20.763097734714517	24.92486765835189
18.481269631922373	22.026018347203603
19.97854780087805	23.493767033716676
18.474331327304718	21.96575122274411
18.08754608332478	22.082562711841234
21.133488713809133	24.893824518612742
22.49324817212018	25.55197124926654
21.129949184992764	24.262026217839267
19.92801408909435	23.006859491838267
19.233759219985604	22.656486217636466
19.03493227827068	22.41698537004475
19.019412889095882	22.52814875641193
20.691373592222824	24.39627479950081
20.163575302010635	23.586472381705185
22.198977994817582	25.679180574518355
20.452178410410628	23.9274850569966
18.935525331274466	22.38817461989741
20.046977318522785	23.372660361530926
22.433007141080886	25.633311370882005
20.427830981600817	23.807215405117933
20.194869960695822	23.606493030637186
22.262942798071858	25.642780773705486
23.004888471777527	26.286747041528137
21.408176106252487	24.663570719919388
21.216669580739016	24.562207677561766
21.37634511813996	24.990953008080744
21.341252128536283	24.608086784427584
25.210029272010626	29.17301783187121
20.649390834152317	24.234428745925808
23.23005455567832	26.480581583237697
20.981682040382594	24.468538067649632
21.35609787740525	24.874475776769554
20.39383257928674	23.682680711118532
22.031999067642634	25.513355775497015
21.554921057067354	24.898835275330107
20.89080104503915	26.66837063159659
20.87077291047244	24.749939369800998
19.848647897157445	23.222622091856227
22.927962021716333	26.607411666027808
21.37484104213188	25.079065970807573
21.155263234602163	24.771980951799204
19.522928665144935	24.708896209732995
21.728498412292222	25.093227433044692
18.74766718303575	24.008928428536514
21.011579503425875	24.448326120963774
20.777589883014656	23.898206625774407
21.062476471983956	24.953095122254325
21.22434163954101	24.656771412827155
20.30540895765754	23.79232167893914
21.02683337833218	24.627551234704928
21.591289303611546	24.86407683103201
22.179511892314675	25.54023183632302
22.39407303277601	25.738525844177115
21.859723038481047	26.127976470185946
22.17603230526999	25.475474118680204
22.181439063604724	25.911172249261487
20.78300520619516	24.290275128277496
21.302201621345148	24.700262673088446
22.17318688734828	25.914562593852892
22.25508892156516	25.49103343866433
20.768029478198656	24.14682266413533
20.95868205416734	24.35701847683852
21.18044386092265	24.307900331582232
21.832398317422076	25.29292402449687
20.603726870947835	24.208631985253337
22.0745862993212	25.16237315807626
23.02507472595085	26.71662449279915
21.47396980982171	24.89491904515876
21.55846532388351	24.783978142303013
20.719178157247555	24.205714268289555
22.247152735473243	25.765506337402734
22.36593751846605	25.882651043545668
21.433133819806855	24.902281066667754
21.751220964322425	25.137906767000818
22.76429664304049	26.25608909914701
22.992743210681176	26.820966048352027
22.27408432403694	25.748443370665207
21.89544999675386	25.132767318919967
20.96231789194095	24.226763300075653
21.96814150314169	25.154928260041903
20.99999167002943	24.343334898574085
19.824586641510074	23.478548276702817
21.81287365810127	25.47347659214287
20.94272219704468	25.210813645850827
21.48348908313014	24.895569754760484
18.678232936089714	22.268199177557747
21.361625430437158	24.93353867783921
19.69158479565015	24.756344586674068
19.830472873274687	23.05863006251633
18.778984893912217	21.93644059742079
18.991161830359456	22.266095631188396
17.599748981986075	23.12509499689576
20.58255153502122	24.176668588269795
19.306678496601727	22.70439938425765
19.563480711286996	23.13616337745812
19.662890326951466	23.12693511250166
18.708028866227266	22.06022446018875
18.949807454572866	22.013394068254282
21.269402663925398	24.822886307021868
21.33530399905648	24.80744387997184
18.880581918542298	22.10850423258075
19.195384513547214	22.302208412478176
19.40662652519858	22.793130097115874
18.699763642248328	22.148764266076867
19.730461584281517	23.08491279010813
19.46417055717193	22.99572171577729
20.291062976650878	23.696283672519044
19.43199407573465	22.67038858417746
18.70884890060263	22.10925870437784
18.866427010538217	22.11942427730358
20.069379099868158	23.452217808701178
16.300492051806927	23.077309843334675
21.004136761788857	24.68713788115548
19.37824747162513	22.532665995782097
20.726262436803992	24.12185729891378
18.726455417155208	21.77105358553034
19.136938222654308	22.57236467956737
18.68108634989226	21.85584182698762
18.227100392562317	21.405334452408386
20.348696194383496	23.5902858155042
18.424212648104206	21.864964292813763
20.40669133455637	23.99037668912527
18.599375161901907	21.874641027673288
19.551435239755424	23.241899721182076
17.721311937724963	20.75483857497035
20.192687378820594	23.550135268274133
19.435196627477172	23.017173062464234
19.99710179590116	24.097111689816614
20.09696918738622	23.616436421744638
19.358524940069568	22.72967658275758
19.108535578296443	22.480570027782658
21.101280346038234	24.565875873444188
18.021974259880697	21.717176741095866
20.558611673407746	24.253514486260222
18.756353400568546	22.56864926971954
19.481183353756137	22.809923823978238
20.367996009292117	23.572414604721555
19.879926800980943	23.369285464033705
21.26731691745183	24.706493278471022
18.94666797897112	22.37705676773298
21.847588747676518	25.539057523075435
19.53342107906463	22.897801836584783
21.093557900430795	24.541104727743033
17.37671709364387	22.618390557112967
19.39526977458071	23.028821564530617
19.931091531320234	23.33649040837703
19.0637820399744	22.360097583438687
18.52876256023496	22.242872495307033
19.511167613310924	22.834785374359974
17.818889960108795	21.097314492405854
19.867620158347354	23.17507202610089
18.97792589386051	22.1122382907098
19.43038640761325	22.623522894144564
20.701995343412815	24.47139409140164
19.626793395688328	22.716451156923977
18.572660259886657	21.85014934094342
18.69258843764125	21.873203646098986
18.99830628251321	22.213569633014135
20.272514956771946	23.70687232655325
19.457047970684723	22.739939181414886
19.207912060358975	22.378136065861728
19.94877861006751	23.148175735635615
19.999165302122726	23.454203838502274
19.17704496363419	22.425749683582605
18.095971093309405	21.040884985792157
18.97813676117332	22.244841830745624
18.836431418254875	22.010065163776375
18.870507252444128	22.459347712765833
18.172699276302524	21.358388599063687
18.684452858700116	22.00834194110457
18.546571421775088	21.651844334450498
18.35732521575474	22.28841529327846
19.163876970862127	22.3188138402951
19.38738320992504	22.64428831412281
19.434569634196613	22.62673827290788
18.624470012203144	21.661552174076153
19.82461544409426	23.167573963254373
17.732872483077323	20.912143233475412
18.62474024422356	21.772140859292065
19.782816816034337	22.89926249915121
19.74830420508253	23.062360925532705
18.972111614899525	22.120127764983287
19.140694124177255	22.058625715300284
21.07338344873643	24.333038212640524
21.60095979403032	25.02550504971968
19.482910551083314	22.717858873355162
20.145466859173624	23.404433195758017
18.205636320093888	21.482319536229355
19.835275939568845	23.386058517828616
19.322364140974233	22.702570627702524
19.133754045846864	22.388306348440246
19.80112383370693	23.125033163973733
21.935483760388287	25.516273670641986
19.13640308380127	22.121403694152832
19.916078749735643	23.320295151631544
19.96363364055658	23.39873208209967
20.57053132067314	24.298199224370805
19.573572636663027	22.579011439264708
18.1630582991679	21.62085054482624
20.824945012475276	24.16834493503449
18.30841130056199	21.84014064035598
20.76131656671026	24.310685844178412
19.46174872453046	22.677550668169737
20.47264842825078	23.869741632174026
19.401931163358586	22.6299749645711
18.86337487004112	22.205142814895403
19.16957616704791	22.29817056757123
18.522928983036373	21.629250734981206
18.626251585164646	21.745872133097073
18.832324491691185	22.108574403572486
18.747854358324833	22.148126476636104
19.053339895422546	22.401955667321594
19.571600673051904	23.359044315961768
20.470526753970265	23.975277841977
20.982943953981824	24.45091682482677
17.250276359023562	20.9277174153905
20.47371104821531	23.791213954836447
20.249363672454898	23.97008250979608
20.901256208966494	24.424141282488584
17.545149827459056	22.386328672907155
20.19206703291324	23.661275023361174
19.17450441980058	22.35737119055098
19.16943095342875	22.25929524286031
20.228192503538356	23.52040178051926
19.50456398560996	22.896234811997463
21.32764237397795	25.737007207931228
17.6539235003688	18.800487052609714
20.82858103652922	24.26630765060457
18.68546358946782	22.061021167001908
19.659890136394786	22.892485657062245
18.665589292084842	22.39708809133801
19.21792646476924	22.68076852729619
17.97880874520401	22.45695556754013
19.26725310833844	22.97256737200824
18.6468592641713	21.727717304432215
18.65766203125065	21.85491693298275
19.30024190364117	23.573148294112737
18.089513454720727	22.12363275499607
19.6692509661308	22.89594221013873
18.845333445603682	22.224584233229326
17.60039355648551	23.581073499788904
19.462576892472125	22.294232342147016
19.409232394710468	23.199717266544415
20.4975963074184	24.090595678665583
18.766318979283554	22.5716212367809
20.379529967176435	23.68118284715462
17.30335365182022	23.509558335484467
17.897849698481792	21.754553179325825
19.70535407704153	23.045899051010228
18.23238538632727	22.41517664065027
19.930327642242368	23.381239664276187
19.109663025841844	22.61431692410933
18.123675370671947	21.83951852276067
20.94536223684906	24.262302252897033
17.620517744886396	20.925985322130206
18.81118618303044	22.62149776167171
16.9478686367124	21.65068978919092
18.812274171541706	22.493351743985638
20.382546025982833	24.46063558412459
19.39505940131574	22.661926453786798
20.947275256908117	24.663280391895594
19.11799854027491	23.151631891853995
20.63960057155342	24.052248183329393
21.29880824159918	24.60157475400629
21.70734586330989	25.37495050815007
19.176002625953366	22.80433451699097
20.158131864673265	23.430113527172438
19.503847976652175	23.116139511140794
18.6881200158672	22.646159998170887
19.015758245107726	22.385427744272157
18.34323478909308	21.661503064910825
19.337062149290826	22.60605117773554
20.862670025754632	24.658751406740485
21.163058932925992	24.595869366024203
20.773370505897862	24.02267861214413
20.073388360867835	23.946448064913415
21.018840378763315	24.536959105489615
21.162309130285955	24.572830716515803
21.046985960310433	24.27634587257531
18.036884603480118	21.159072580357773
21.0518547450914	24.43389163857559
18.80504525745497	22.140204300040146
17.578901598661062	19.45098655441511
20.329423128925818	24.271775067485315
17.87986812267587	21.21603145923331
18.32922101881347	21.792168370224616
20.579686336962787	24.077067203076275
17.53126504011215	19.96781180314957
19.300924453006427	22.471557465328534
20.233265492060635	23.8173841508837
18.475590699797223	21.954035765046527
20.123426623658265	23.49114017932025
19.473539034525555	22.815849622090656
19.369999039198436	22.41192044017168
20.851223081033954	24.278659731466046
19.64134004313475	23.358276579790054
18.08431489908012	21.143058224088826
20.538617045003644	23.971913426798114
19.077455964058068	22.507609877616737
18.25267711566512	21.585434761776288
18.78969011691472	22.240310569730788
19.925301634835083	23.35980883879773
19.179575201305866	22.62805343028593
19.27424834589543	22.46983887334285
18.184829114602124	21.421324373557056
19.423940911667614	22.83785603962633
17.697302787926546	21.04762747940744
21.36612221541678	24.655411750647673
19.309151242493066	22.537089754821388
18.287431089235213	21.18353143517885
19.981894173186802	23.34054883523605
17.88092255642966	21.273824452847684
18.74713759412178	21.843963098627242
18.899883320883326	22.330774256631322
19.57349077455557	23.194537484721774
18.126671853845032	21.38892644327411
19.670762705954775	23.256687474098936
19.83736854399339	23.4677252212654
18.412324524735695	21.51552810587954
18.757206434909957	22.237016206081254
19.439553538198936	22.7126528826995
18.205203967489254	21.563947720132816
20.709473460090134	24.316472203362014
21.425619987925145	25.1098643260397
19.958870932301643	23.415905907908318
21.66047799258222	25.13647711606036
19.487691656545977	23.10896514277043
19.903835377622308	23.40809241778785
18.53068965053356	22.714444703104135
17.54092504213823	19.838227255835402
19.10876935404071	22.30479723531476
18.583223646613444	21.91850822594515
20.691511208844034	24.330039923358115
18.958264824691092	22.162331107315744
18.187619251810062	21.239474254049313
19.511108657610137	22.786346176374238
19.02358910181973	22.8842611636832
20.19303804749896	23.992342888169986
18.14293411481659	21.836176602956847
17.628894032439863	20.465805827179278
21.850816591023893	25.32814802384427
22.397318269037136	25.741775130010716
21.705749299116196	25.884264204912125
22.156831668440702	26.086893154557345
21.775246531087628	24.907181828897723
22.132741529217697	25.526092928179764
23.712111738330492	27.174828264110914
22.976803056753365	27.362052686654838
22.3369081055789	25.63662933948946
22.958543990068375	26.64974954325682
22.219185867633534	25.578387221966075
22.578887712677066	25.75982688693231
22.48898124897303	26.056545255543572
21.7473098933064	24.988644391361568
21.814343332991225	25.712145924821275
23.26554082761145	27.261411915918824
22.26726320594739	27.237886635361203
22.993000301838933	26.5554577975263
20.18760807296526	24.125351598055246
23.069778322920424	26.603277325883287
16.18389401162506	23.317317154756775
20.408368831480637	24.170490497742996
21.315461488792597	24.9799601115492
23.075460954330023	26.311786131241266
22.617581405963612	26.182776412639903
21.151615673316257	24.422568744408352
24.084258399445034	27.630205788177037
23.29833476761091	26.852656672208425
21.404099393548986	24.623541902837733
24.613755157292523	28.196415970026813
23.663646580560446	27.56036388696885
22.640403397270575	25.62242352228509
23.35055131568018	26.910364440545408
22.832057788873175	26.1491071433778
22.48707128026683	26.192515130255632
19.349976608454547	23.072461059392133
23.93753690172912	27.483176522953496
20.325793659104917	24.332396114454653
22.619683318330477	25.954121537016203
23.49459456385068	26.858861933341704
23.37577223524673	26.72643304124253
21.669724877472895	24.910164420012457
22.87559349926667	26.245505972779227
20.98912938233394	25.468033474721725
19.176604062382076	23.01534768932691
21.617011951033476	25.077865673478243
22.910726626207875	26.845222394177867
22.04080965564509	25.125320410272877
23.66558853481479	27.917424999731107
23.97124929488844	28.1716683381682
23.338769447018894	26.79273079712173
23.435309363525132	26.66080193408229
24.194460478051706	28.066029939428763
21.61070158324677	25.0930261389212
23.972040810149693	27.41461881204269
22.444791793823242	26.393003463745117
19.924280921871244	24.24015732580942
21.768844278501604	25.577074376893904
22.826168884390732	26.616864333993057
21.875828319800632	25.512992328392727
21.788973806263787	25.108845712779182
23.803848489328047	27.117694632009844
20.76264989249519	24.161269785239185
21.874091903621732	25.898143966739596
21.975181771944534	26.06633930044316
23.361632233718904	27.18179237260434
22.631265846786984	26.51074007362317
23.518714750901403	27.16030899177438
23.608619163496986	27.365982582108483
23.608702513822326	27.13342204367279
23.376829981550795	27.205968022599595
22.089893897880668	28.65598813642109
25.17983199886962	29.03680275149659
21.509804488746983	25.04712223854794
25.03029431507086	29.25320063426996
23.86426850134653	27.242636482173978
21.550044954708934	25.81392484814751
22.65063789999409	26.425633157134815
22.330758886479014	25.99576775536669
21.590987015175465	25.788081359458324
22.721474813554444	26.754261804487548
22.331240743082294	26.2641247812097
22.885449140188292	26.707160265329286
20.62205806861764	24.695689047471227
22.502814410345316	26.054293515069723
22.46805873797957	25.980107155575116
21.985389673026503	25.61744312116295
22.568329497254325	26.40247280987458
23.882209702914942	27.68937881332041
22.38836174051726	25.73096389730012
24.188445405089425	28.010399504578544
25.27540203669522	29.637706788988375
22.529991087133972	26.342092576806458
23.469652898752006	27.615973703420845
21.050173137851075	24.873803760342284
22.308334281743207	25.911975929438434
23.20587991200182	26.79384161509779
21.208348118322416	24.805251277429537
22.611933900545612	26.41126708822392
22.427610518826043	27.455114243136848
22.33993056675937	26.844889608411528
0.0	0.0
23.941195556818805	27.76286213666264
22.67020232611654	26.708221364679357
22.39092811657365	26.224079283939044
23.72098458850966	27.452872146719834
22.63192816043862	26.28003816341392
23.426554534085998	26.859721329561463
20.658493242446024	25.470102109726827
20.109414025729883	23.521761969143164
20.29574458411798	23.993380858386903
22.109071439998164	25.645174318058476
21.9364883418802	25.52900581400359
22.729764513149384	26.24212879739749
23.61592072083945	27.770531000351955
22.18912894052558	25.843212062892388
20.800197931358515	24.333089498451056
22.539976051152387	26.04825026720699
22.948810589541296	26.59677885748019
0.0	0.0
23.919908148974116	28.723118202954595
22.49855009917241	25.994270640573685
23.475699574577835	26.765673487555954
24.402335397756783	28.24780536457232
17.46763095531747	19.30843296374991
17.572959663002354	19.162874458701747
23.767147872098693	27.64281955038666
22.381474986957137	26.210920795513566
18.540564443908174	22.300280664124053
17.45206671712758	19.506139459630234
21.788597177801112	25.418443608942052
21.07560362481767	24.37863335943526
21.61315794861747	24.97381714903878
22.3967151743085	25.540321339973726
23.63837493604915	26.84519897752507
23.58153761723998	27.191905604805918
23.280798875602187	26.63628677198082
18.94402650966766	22.806225260351873
23.584020780656495	27.408906770613036
17.390574301377477	20.77849117408639
19.905273917374338	23.682103630843436
20.895292091774586	24.552606772971508
23.252955797118492	27.83005392273014
22.765099077973904	25.74008509561008
21.22335159196469	25.24239433393863
19.00300255145743	22.359725567439053
20.936838611675675	24.828340068744247
22.210534952248736	25.737817861471967
20.807005291025604	24.864219303090607
20.955833224480827	24.753700466925423
22.575894635194427	27.05526037884366
19.964716133798003	23.40079862145102
22.67822528442253	26.270592922364578
22.31931155704895	25.81806522822937
22.812324965329182	26.993152177004802
22.714313415964696	26.35468873552456
21.381867884577208	25.2390694628349
22.06446209480302	25.70620212028487
23.176833286406886	26.986658916351903
17.942370013826213	21.58857671774117
22.521392380862224	25.97377439770223
23.215571012719675	26.62937680222173
20.31601705166438	23.739481071504564
22.071988257632892	25.64888652874406
21.48442167334749	24.946129855583173
17.489906385952246	19.282712861484278
20.500165184085787	24.046379844600736
20.780284521179848	24.692795160216637
22.387826032699294	25.99123280519133
21.62921771679208	24.847125438115146
21.518289003149466	24.898459043725534
23.244904542424877	26.911156630060475
22.784344243902055	26.93784089098564
21.583732677872774	24.714675830428007
21.100910526931667	25.1033054764863
23.17001623206331	26.45243364281462
17.315993357615866	20.397017430348
21.377322170638227	25.114575412369586
17.126656265015814	19.6407482912586
18.52639528343379	21.94918302467168
17.875533091794154	21.225626957644323
24.2240713771488	27.74366009868128
23.69595042105187	26.977480975432506
17.56081024906944	19.124929268142473
17.98412869285373	21.75845172096463
17.36469207042848	20.547190330084216
22.67141009693186	26.517199979972435
25.176399897111704	28.815236379133413
18.894119691949996	22.726691770452348
18.92116782720934	22.885674976745737
17.658500560023477	21.195287815831016
23.076330954355292	26.745648568349786
20.83855235956277	26.860878106135473
24.674878411991582	28.037655538814082
26.450504217937493	29.879722680255867
22.267174151799228	25.581935497858975
22.840762458282924	25.997610725921177
19.953753145383928	23.68759664709654
24.98334684594675	28.474126908936064
25.98596981882796	29.95824404835954
19.11996007016257	22.850462674588407
22.280896117985883	25.646119186579547
26.083939372101153	30.048632801971113
25.804904678571503	28.858249923479278
23.16393942539353	26.517487576559596
24.26123850715135	27.906299182057634
25.09073985964376	28.51391635983866
22.93116621556049	26.693919615127985
20.97478012319836	25.200739820038944
23.55210569304772	27.64942667084388
24.986769099144418	29.644830327125113
23.277960591002383	27.369887538270078
23.64037789103838	27.272269356276073
23.05317186448731	26.670302638076166
17.519055645936614	21.410958010679597
23.82080686168306	27.94504129810698
24.381857191681103	27.803992951751514
20.126523106973895	24.0441483560388
22.083316398021267	25.832783150318576
25.681297500675143	29.481189529354154
21.48838373050568	26.20353178157928
22.380703215386458	26.3207509472112
20.227273282984513	23.835835161229355
25.35267603928876	28.7153438276546
24.516606221533124	28.120972742700275
23.927458748949054	27.299618735181806
21.768724467850543	24.815910313033246
21.70142650604248	24.934382438659668
21.7652019533129	25.224921795466397
20.974879321525556	25.913134518196124
23.08993947379402	26.870029093100513
23.60964105893599	27.347189919457566
20.25420452733455	24.327519639535566
23.13820126810904	26.39629694661264
23.03986942590928	26.513147236688376
17.34415782434419	20.590214123897997
22.430241153498365	26.68591256354265
22.09334683873851	25.520317788336687
17.82244466064842	21.518303172603535
20.70477266372389	23.949610041964586
20.17239738674933	23.9064676645202
23.069844243885857	26.763556482432502
22.40385924985201	25.92998398134916
26.707858472366496	30.185566515426473
23.997055596353647	27.253867560384634
22.89257118808236	26.095774911771155
25.146760310843238	29.155930195138207
24.603916785772693	27.906403877679455
24.896052868756012	29.07539793690805
25.178312402875054	28.572534459917915
23.75675717938984	27.318684181083793
22.316409590897287	25.809044358077323
25.83780904433783	29.615626853489317
25.37587023490047	28.63554524666691
26.32264439163694	30.14233478011599
25.934499353866414	30.049946218033
18.667230399550906	22.22641584068347
18.286593781408484	21.26638664156515
17.46223143356874	20.07510873061583
18.138563668398845	21.741626227231038
18.070378184065444	21.25483238722362
18.811975758546478	21.858922678953522
18.64758369623982	22.0818398267094
19.684221261625837	23.103538519257953
22.487840186764988	26.87640236694595
17.912341334511012	21.076855442832738
17.62715540924396	20.57670201263104
17.631895119976846	20.553260748553427
18.030463862570986	21.05562813266827
19.00402888522786	22.04100170864421
17.479919496362122	19.817109998877136
17.430169340404987	20.17483592387724
18.02726307239249	21.09979114208505
17.592542000383833	20.236281089215776
18.618763836579213	21.919367877287975
17.775044838081246	20.85631998430645
17.653481056229577	20.83123726652433
17.548880384732712	20.627446366976272
18.151850431081847	21.34795120466034
18.5793432470593	21.713497710582303
17.82036944913763	18.47696712923151
17.644348355109017	18.717849520867546
17.616101271027972	19.192130082731794
18.06895428756746	21.20013636489836
17.41600337504328	19.926956982622734
17.45219105520066	20.522342025854027
19.181717068779495	22.469783633124802
17.446831284055285	20.28836769055409
18.09179344298733	21.150148009039036
19.297160658866737	22.393953766792443
19.69598083334111	22.85084076089717
18.945130500064533	22.31603511883195
17.573843158227877	19.445308529394193
17.463153869483122	19.516347854760042
19.102312948546846	22.36230382696585
18.681341645064627	21.669877532181467
18.00102380481242	21.16730352673055
17.948550082569163	20.868376873607595
17.479026549434458	19.50434327783605
17.215771691308152	20.298901541724074
17.36815410257651	19.76363415120767
19.106989242974866	22.161695144232166
18.480991936539894	21.6700262061603
18.72947830354079	21.98846488798753
19.075377672847416	21.92379835254321
17.458606100386117	19.743828439408805
18.71428369007799	21.741484895127087
18.469411141300405	21.60728716192225
18.39878133704961	21.55253168174922
16.733527005351526	21.286505877338904
0.0	0.0
17.59952365972434	21.075794104557886
17.660615153626527	20.961571507140075
17.447987898646392	19.927233353795014
17.51459481711094	19.6323511362582
18.76081325142247	21.95892666251796
17.62197262263855	18.956440387005006
18.260613905143334	21.60171367054026
19.485488255818684	22.46603838602702
18.6768015276348	21.997961198195277
19.713359122063704	22.739786858771257
19.653381118855407	22.9136068724776
17.54965178981708	19.82332069858624
17.744651401625063	20.65218774022064
19.12801396720222	22.183311106039966
19.8821642727862	23.364513125895442
18.16146344389379	20.92808275971949
19.509434349724188	23.073195807746515
17.65543503568937	20.20353942109774
17.672569831718558	20.28663770307148
19.15039852976546	22.34447451710954
18.040661449391877	21.004397754709686
17.955355996538877	21.129171972821474
19.273557573873273	22.434103101175555
17.555978155439828	20.070082330400016
18.14037303560099	21.006401256391197
19.8910998224959	23.55160151722578
18.59113934591824	21.825524777616916
17.601904275817223	21.395082113342934
17.59945862966485	20.457063739719917
18.819857726937393	22.013872970694443
19.651675983599038	22.731327251264243
18.136489206058965	21.12924069811584
17.505876061263358	19.485424521622384
18.100316780641073	21.13494895117045
19.792395605909345	22.916665063035968
17.947758087433574	20.873651138030294
18.90213094699155	22.248677387359034
18.260416237411984	21.39220980018567
17.46839126862285	19.88711181365254
18.132820777326128	21.409491844744185
18.395568481169942	21.428232559479472
17.972626550435514	20.73088754868558
17.981010123169852	21.23722680004792
17.54646903643436	19.145244296695523
17.53633765202419	19.82960244196995
17.72409480595032	20.772714199786986
17.64575475340436	20.911269248670834
19.003144547691264	22.164269163856588
18.300960824241557	21.59750719333657
13.603251752833145	24.444479646702987
17.530827186163318	19.46002326244508
18.79927034236317	21.902141858564566
18.322194081203193	21.65837766562298
17.715607234120622	21.1449026383159
17.507920368461853	19.51250733539557
18.140255780230156	21.450530199994454
17.597772482853784	20.259349938410864
17.899261039280333	21.247297722316347
18.329992865301243	21.52964916350735
18.239583709943574	21.178488036882598
18.019611295874206	20.866594377343567
18.715216636657715	22.562338829040527
18.054248437253786	21.267551794679807
18.47027376502942	21.91883298545886
17.88001490550436	21.193917742200718
19.363681171603517	22.758158351711913
19.250882891839225	22.30869886475257
18.83927390833569	21.866187593739504
17.52015724303616	19.82701644775974
17.525341092654347	20.696306169918895
19.334851801521964	22.369852483146005
18.789036025919984	22.38000656136029
17.900313450272677	20.903464244429472
19.25707325459539	23.486689715375313
21.746218209560258	25.050847525303023
20.07310985759565	23.689697988473686
20.898819560964142	24.522498493235076
0.0	0.0
19.977360776022486	23.417788454934545
0.0	0.0
21.67025180176818	25.848333403309944
22.642546552508247	25.929766756207574
20.26152870356404	23.535567548877367
21.35979907932808	24.636470146746138
20.056316310939263	23.19620901865058
20.24473652161357	23.615224034416702
21.928597033150382	25.545339047782235
20.956241237130136	24.6700919995642
20.817928891273063	24.24893321505018
21.668308976855755	25.881650205883503
22.98819774984048	26.3262076914437
20.47789741119255	23.984434360658035
20.723018549050494	24.05575189772685
17.688370336139783	21.519391428386584
21.392672447641942	25.05784329942837
22.468754938453625	25.97675783315282
21.43455371330245	24.983518033523723
21.579464600597472	25.33432133385077
23.215481539440763	26.760197858142245
19.219463162108337	22.645725436524476
0.0	0.0
21.00356905829881	24.69059140312697
22.991929392399555	26.49568428557896
21.486688000381374	25.09426178294382
21.546802852816896	25.07670178585498
21.4353679689379	24.704352947810147
21.688929691436183	24.983771190521825
23.094631472464073	26.732034405831826
19.599971933223134	23.446101980351084
20.083484815690674	23.885482622053466
19.553140431705806	23.02758046978345
21.904771889850593	25.315305624797844
21.848068970277303	25.57506869451762
22.025779847633054	25.482450361717532
20.74475406233672	24.042256130534373
21.290107336267038	24.537973794714407
20.48477766113929	24.697774676507194
20.04516803231209	23.869924435949628
21.641560307480475	25.15950895216308
18.44045562096209	22.476826483530097
21.539715768931526	25.029078481556756
19.801815964360653	24.170138381342472
19.381968141867603	23.17977464072517
22.340926759561917	25.717735654988864
21.62226981266289	25.325939949910353
20.813710423285286	24.372486857598503
20.205539450270862	23.314756646530896
20.360130710966267	23.532695369356
19.69989781470815	23.519065808338723
19.90135219598272	24.236549110169623
22.169470145191102	25.733110116039366
21.71538438614766	24.931769468222456
20.056935166603946	23.246783400290585
17.36651273593781	20.77131227626922
19.65478264551507	23.045214302727118
21.44946710622994	24.88143117868217
18.93995288071359	23.743543594506136
20.540958234458973	24.49641053995509
20.827745820306667	24.446860884405247
22.016109191181805	25.5931208503221
21.740610456770394	25.240813874894645
22.174771798897194	25.70966385478933
19.29774184945789	22.70499138113293
22.023852832251546	25.335026257103923
23.778026453249016	27.590524801023445
22.024135447864573	25.853767536754567
20.43477496371907	23.826514632838546
19.639692913954427	23.68575035386784
23.254190414574495	26.488166839453825
21.18404561142	24.502147854766523
24.028852124629253	27.96566424805141
21.90728294672227	25.222250820977926
22.609246802684353	26.156534599903537
19.695449343152866	23.762985715440884
20.679524587724366	24.78860552396997
20.221431286724762	24.396961657611175
22.984204990848614	28.02283694030373
21.55076766773394	24.82924484447309
21.555394778079542	24.78619228857085
22.567818761124986	26.001864313826186
21.85865319205444	26.091614599693607
21.579556291017308	25.146172697630153
21.10122644420389	24.566595439951385
21.069987183670076	24.40186607255551
23.30212029580604	26.820287617401966
22.649782624214318	26.888652358085487
22.394232851178277	26.0421322763852
20.659873830791238	24.035852563862083
22.193008570660957	25.644285054216972
22.422726849841464	26.000050326061857
21.763415482393494	25.162371489652404
21.099249248545135	24.57662927623514
21.449731375254895	24.711082910023425
23.094678230852583	27.081190757184526
21.234921303524334	25.020388755069416
22.745615839705092	26.586197972550767
21.240826829476973	25.029602781729082
22.47829787543878	26.32661469169989
20.612115675729804	23.83320636101336
22.4146152362702	25.885904706967104
22.20132316500265	25.80951248258036
20.49495267159367	24.68156672232723
19.81088095865432	23.242881477258766
20.717210943784938	24.751378838929906
22.31231851436024	26.06750326298351
21.042155879318333	24.810299259841823
20.48902835764956	24.223669625138527
22.502895841173306	25.904536714979038
22.358927414928527	25.732314421619325
21.877854175122174	25.094340496508686
21.032589865844468	24.20086197741725
21.46736688674635	24.963974284518297
22.223520266781946	26.20113183282743
21.143038281969204	25.16647481007181
22.42869906010395	25.76229901728863
21.856508289426248	26.05520626440676
21.174646411984842	24.549369777590353
20.989385159405426	24.53930517872934
21.493395928870846	24.948159094322513
22.01055879248682	25.41778402672705
22.93288629373927	26.793748685508778
18.629377504822553	21.798892835143267
21.172283620085178	24.45149376944119
20.220472376311154	23.620550115143924
19.99556982441313	23.93369805888765
21.1503965232023	24.655143561636567
20.109196085838754	23.18034325131945
18.111727706439428	21.32613659714944
20.306139275779643	23.78197641635903
19.69960751705615	22.967499111361818
21.093411473964682	24.528611154819497
19.559147946141074	22.646582492091348
19.781282157654974	22.888559608702447
19.469275841034648	22.797619453154805
20.085259968055027	23.22460598348306
19.508918160845518	23.117609625409365
20.80611965155146	24.336828499083307
18.5375348635793	22.130777209174607
19.95303797671243	23.32168698361472
17.396730301486457	20.235132338894402
18.300745962025506	21.593914987681526
20.343100183329007	24.23680055824814
17.521817837044946	20.705259647085914
17.98696961372521	21.389460897749398
17.63674160173744	20.616481817452012
19.44166426446028	22.537667705754565
19.38944140918189	22.585700116086663
19.842617186771076	23.097173538936932
18.43986591614482	21.634877354729202
19.465585461594245	23.04647661115966
19.97786207462319	23.187281892051615
17.766333980924763	21.566416339509807
18.871479536570813	22.08514735551903
18.436389277188894	21.523455312044504
18.69336098875463	21.999759967666268
18.62964847386516	21.57928821741902
18.079069303605714	22.300683809187255
19.957591670333958	23.4892238203887
17.51127673916503	20.80939434237794
18.87153423819572	22.19170581307381
18.409058388631056	21.758763495524217
18.203287009220972	21.3302575311843
17.609437608415153	20.742992735212777
18.64036548517312	21.671968575495825
18.782003184033048	21.962415913867343
18.65978334511921	22.438471812351494
17.961478948086942	21.007786036043917
20.12603558096916	23.812418093347247
18.379794580415048	21.631512182280265
17.460370156921904	19.71643152459665
0.0	0.0
19.519171048628042	22.76014108516102
19.47777632492616	22.815446102442003
20.172558711592558	23.662022663529513
18.47898981778738	21.597727558921605
20.303265340768608	23.488282434499947
19.169989855173036	22.619091718313292
18.756727370486896	22.503379669918377
21.584378710218296	25.15218974070944
19.83458870889781	23.205015478113907
17.61805398297158	20.548446108581153
19.033504953809604	22.660443791917935
18.78297983157407	21.96740163815249
17.768351603465476	20.31531805901011
17.587737235294025	20.577172127498944
20.895780259636556	24.44220954749235
20.234113871418494	23.293363392985803
19.50961705631005	22.674920831263194
21.046747221815107	24.348400101793292
21.464184801543087	24.778431851899295
20.2764652823187	23.615382328154933
20.01848583869367	23.010694688039727
20.437521778600736	23.656769908410983
18.88071916260284	22.04359724364716
20.01506817771118	23.414518232811282
19.556290274213076	22.726315850664854
19.65376579786815	23.015332102522475
19.736380396881426	22.72069662948576
19.932377094422684	23.37621856292595
21.51420998016487	24.897016292418137
20.154482053849854	23.895444703962646
22.449399725393633	25.902826531930586
19.34129921089059	22.53182777275199
21.276289587567568	24.659938210894346
19.722420283437028	22.850354603647933
19.23178266618409	22.682974108718255
19.974579151015877	23.179868404526115
19.16800967497937	22.317669951485474
18.580117634653792	21.914280482411638
20.73452949928883	24.035886760476796
18.881183008732563	21.839436192927593
19.51121992366329	22.996638352703897
19.49795194897176	22.73273423877238
17.990621137517778	21.6462997914373
19.613575809827022	23.081666118273564
20.56321749110131	23.8854786453733
19.66938091488654	23.103997457305844
19.067468750502147	22.10939015147539
18.72139503495202	21.72851036055579
19.4242377716518	22.68917317805523
18.59865146483079	21.811298791516865
20.482092709551445	23.998360781659493
19.627531677294687	23.639026016186758
19.715113901028968	23.206703878512048
19.24589197600217	22.40102727448611
17.549613442390587	19.86015370848832
20.04307938836942	23.17606352544894
19.204324335555867	22.354652791519328
19.143155116184502	22.15844247903034
17.48712165087398	20.49435036450688
19.072147723722356	22.244878414583308
19.296263162244404	22.595304067980205
18.191813634965577	21.450217080976806
19.32914715056207	22.483743855907658
19.277307214757187	22.395963964442032
19.438766013791355	22.827877510378567
17.720190600984417	20.408908291227498
20.029987879872575	23.79116194617723
20.206050263342078	23.349875105920617
20.014966918151597	23.185146378357192
20.398497111731526	23.558989994591716
20.250004272298955	23.87664749161706
19.160050539960274	22.1707294893366
18.764406720544123	21.77402063236115
19.75370509356197	22.96883480817143
20.569968361257242	23.847380500437094
19.36505080180563	22.47486733479105
21.074689927880677	24.735580381567566
21.04373522472989	24.306297581666595
19.101734027741063	22.530296459319484
18.22045245646418	21.078543515215507
18.592303731638914	21.701233408253664
19.18446674468411	22.839821432806126
19.121604336295157	21.879387484993906
18.342075392445686	21.152519181528923
18.762299073982643	21.67348812694509
19.186648678627744	22.51867740169452
19.994067835959658	23.02304680332257
20.20545146116026	23.235621002829
20.122435681126426	23.2709053833267
19.363220680544583	22.35991240661362
18.73074227634762	21.666289507709998
18.924818664599375	21.79571852106957
19.977227042941276	23.33268659231263
19.287154942814205	22.414457529719975
19.0386621936871	22.232377769081456
19.892184269656042	23.225440013180872
17.901282223420033	21.262921420378795
20.40165009265746	23.39133200878297
18.645535169386815	22.05437213346963
20.002113109434738	23.722273105775223
19.428814598456057	22.93712931023535
17.784846731052276	20.946295313015106
20.29455234543786	23.669785957174444
18.68072032118552	21.696764954083033
19.318005942488426	22.38507518849302
19.347167521272244	22.285913914884983
19.675911759621524	22.903906965964413
19.376789267149196	22.38480359784104
18.64458598402149	22.495016677111323
19.41439511973387	22.732695792131363
18.9506318179412	21.813473025198448
17.935015643984396	20.719121013730447
18.66034362371813	21.62158539239515
17.60959568550126	18.98159083793624
19.703590555049306	22.69904311194288
18.861978749560702	22.357286234570157
19.42792482031885	22.282018951043455
18.445373555404114	21.280284861343933
19.058167769397645	22.043881104503722
19.546817253096595	22.758678962723717
20.583560305795853	23.746393841543014
18.599305578098175	22.096447519436005
20.442212189838386	24.1674584491997
17.10491478265977	20.923422695977926
19.937315165363806	23.606916249431116
19.024852193844545	21.98323496435858
18.42735417683919	21.835150400797527
18.757318581745125	22.02670851786425
18.18069926745826	21.136632046628655
20.247410871420698	23.24516763504903
20.74145968653847	24.29094235203575
19.16054630886977	22.029757493620465
19.773896205197474	22.83025838159452
19.59970246252234	22.980852499635862
20.003733120653028	23.416984118726855
19.210217473866326	22.57586574756922
20.33245231644616	23.454008560018682
19.900735014816252	22.813515549758943
17.58220294579832	20.71278568640383
20.363495168665665	23.497127237340194
17.595819669670867	19.609611314826203
18.398808408441564	21.835688661870936
23.348504566589487	26.765436626037467
21.535845616820513	24.742596765991987
22.20472183551505	25.580518337824795
20.90763212718275	24.296751722914905
20.892753441116106	23.90245644352745
21.08759927243437	24.361415391261918
21.694157545733603	24.916361863446085
20.772236287467294	24.283256113655753
21.012453658312495	24.261174576550786
20.282276416786665	23.5744168510356
22.00435908534218	25.21814839146446
21.316913213952585	24.50755921341558
22.347792420923838	25.791451658666006
20.411561368630444	24.02571165688225
21.303441316965028	24.493143766042785
18.688993328442745	22.033105975756474
21.558376948038738	24.776709874471027
19.190923052988236	22.582638424672897
20.74099226261147	24.07629708980552
20.85357850473651	24.776306215112122
20.612892926372034	23.86124533351566
20.169458589736063	23.363635816391866
20.965637500625252	23.869565670151115
20.2173820888414	23.359093054591217
20.87750842667436	23.76147625350142
21.05823796671161	24.116936746423157
22.347128926821828	25.672589243344188
20.19189546670124	23.65396406088665
19.839787523711056	23.28754897836414
20.04148618329609	23.736927589286918
20.44913556165756	23.700120190905917
21.27323569360559	24.640285119382693
22.825382748986506	26.109654863928533
22.747291151885015	26.06622355758764
20.93028101546496	24.2800671138075
21.47057813089618	24.739085260217102
21.004830836237364	24.629335881291933
20.679937949858907	24.21804941586375
21.940123519573497	25.34438041719408
22.152974521531675	25.47293146906891
19.76256063384362	23.680590840155403
22.085448145613295	25.38434326674022
19.758028376633956	23.08387340254085
21.70368337125029	24.96414804964815
20.844381129918837	24.67986890059874
20.294174967804278	23.595111073455488
20.94345281888472	24.412065522179734
19.759655881586095	23.085909914312342
20.98463262570132	24.655221805451024
20.314520011788467	23.727880348318955
20.05959270258618	23.71783878545093
21.06322155484728	24.77651347628065
20.52508079828477	24.015524746759176
20.615301413647437	24.002578453906274
22.042225416551982	25.36359161530837
20.192251782508414	23.497371096519906
21.03620793004451	24.773829682870527
20.655501179381286	23.656424708680238
19.702499217541607	23.02007501646718
21.55661079179962	24.813746721628114
19.502993601902276	22.831086140529365
22.223818914652377	25.649182183980436
19.965261939224924	23.730647560897147
21.02261297464877	24.54885919331998
26.52378844607408	30.103322988862445
26.74911583052066	30.218323820968596
25.744045451947837	29.481258197954507
27.202439198828046	31.119610895776447
26.120968559491914	29.675946494829375
25.878809100756474	29.25237833820837
24.54282541740725	27.99530057441404
27.923231412397573	31.54567117549305
24.041611021491374	27.594333344963704
24.969646048900174	28.536007332447483
26.903410247430173	30.58007783545557
24.312188589901936	27.59465459552287
25.54076004838235	29.1870841898989
25.61799288909653	29.31037281830093
26.136679167453902	29.788150315578324
19.687573432922363	23.2485933303833
29.436895050567173	33.89608987374923
25.396894013552654	29.35281606945516
27.4618972790469	31.527331923223606
26.17843731396264	29.879151263307868
25.502258879870112	29.60165728834278
26.17599996943383	29.771011978198008
25.93085317955908	29.9928051914126
25.589402401270128	29.18303755539491
26.312387523124677	30.607866230537432
27.763917696197574	31.467470395843442
25.4161027758491	28.54608213015676
27.559069117163396	31.276673833276057
27.31770343537543	31.731466105029842
25.836231415945	29.40911656073957
27.16487202371002	31.086320069185486
26.01414739604715	29.73319375995871
27.9174105711044	31.46416787433017
25.391790912409498	28.95700211737566
26.142456271339626	29.67890336305979
27.22276888885822	31.43498028716717
26.482311001755377	30.154754885695795
27.792663495252086	32.021619875719594
26.175268679414334	29.466874570097385
28.826863454911866	32.710877252485595
28.15500301312489	31.743138847837024
26.98483121875998	30.767387027699982
27.445115755571177	30.944715787397573
26.208442771004517	30.1674708489906
26.191524944993848	29.772622622755176
25.223877443123268	28.61953304882009
28.061130989382473	31.40877486388901
28.099188359173493	31.55183359822397
29.454907648122994	33.24315715595415
28.16073745273987	31.627066197162474
24.776234452638402	28.060563261594996
26.791965589908024	30.317531480404476
27.613442919056887	31.3805050637312
27.284855251352752	30.81182634349588
26.1681544370712	30.69528893756259
27.292300112940957	31.094208828709434
27.677922503963398	31.68584511993797
26.005549266839484	29.946301624273797
27.649742059646897	31.563196249068923
26.733787880834754	30.47842754274923
27.00830455747633	30.70820049318285
25.109980459678958	28.693333749305417
26.872349955726833	30.704436085532933
27.6424458760871	31.23469607642755
22.374427910822973	27.01799571893777
29.0148006022103	32.50128406881021
26.01541372368037	29.5507350342542
28.018854349788334	31.597789555851314
26.719458420058977	30.017171066025007
26.78234805777321	30.916710474941635
27.49621242677077	30.905879553209697
26.031618488822012	29.950976954903574
27.3170597578563	31.418410060258935
26.067310122674186	29.712589474493782
22.296253471617486	26.34153339361689
24.596534852515866	28.36982523964722
28.65641089356376	32.28409890257882
25.887154012222453	29.755868525008992
26.172604123498225	29.403470476721502
24.613615981585912	29.147910126202174
17.722001567767684	22.329645618511613
23.971332795047964	28.163972609615122
24.10788883525095	28.89074168843069
22.445986956294682	27.88458707934985
22.41265829252336	25.90519182039168
26.62091161237907	30.401308999193194
23.067342071776178	26.988644332642767
23.56505421721505	27.511447629098427
26.123618089469375	29.82242873975426
23.621009263769583	27.73360117934565
24.28770788763739	27.945917524349916
27.28918043569901	30.80995973153732
25.186018123748195	29.157968387482274
25.216106511984663	29.01304235276143
23.808271466799855	28.173236788205028
26.02197753800961	29.327671891311677
23.735970335148448	27.479180497981435
24.415859740757384	28.074794250941835
24.679084152173086	28.510607391406015
27.26746681440155	31.105667798635558
26.078601711621456	29.86903393901331
23.856023065603463	28.407212026559623
24.17293339626045	28.089121047098924
25.464641192409896	28.793733975436783
25.52405383683061	30.45269939803267
23.200784383559178	26.77556067869668
25.158288323955173	28.445658361835843
28.475043709870356	31.902403418425543
24.054180835715776	28.332307125099653
23.090461348272434	26.74597396972073
25.299778662922527	28.947362221476887
28.142680641951834	31.61759043043586
17.42447956352477	19.52601329536195
25.076239871371325	29.46270437301344
27.17061151111708	30.69269071971788
27.25022064298075	30.50085700899679
24.659532781872272	29.137979272571087
26.886802634868907	30.44936946901293
28.183716684896222	31.742898076456317
23.694321901681825	28.25731536638458
25.819583781459023	30.420671574375937
26.946884809279393	30.687600435471584
26.616119447533997	30.704255994970886
28.199551600559502	31.790858250514717
22.835961789335666	26.38410809591824
28.171000675031333	31.29595450990519
27.392844874388093	31.036876957887298
21.36642579971605	25.226462078701918
19.104070260519688	23.09468500376254
26.583300126839088	30.474866377067162
25.747748206881706	29.526639152737435
20.904751607566883	24.705708673805187
26.825342951813067	30.309384526214277
28.51037376144636	32.34126121780169
27.288226028409987	31.075993637117357
26.411448626508125	30.829750866900078
26.95728431183315	30.705179830012554
25.952652574851	30.10141122214607
24.12927585447923	27.669987146009053
25.690464106841198	29.284925373749623
26.769884376768854	30.42225048040888
27.07061832168806	30.739381144254324
20.54289056895392	24.426843622940613
26.98050691114616	30.633111939561847
23.04294877345901	26.88773436252732
26.69644897606722	30.273395842048014
24.724902491154438	28.522389073786968
27.366991567510453	30.86436028490654
26.676828115102843	30.687366754892274
26.78152082123321	30.293443702082218
26.209166457951703	30.226702758967242
27.000590557252274	30.6675918157946
23.764358024435186	27.064844627542353
27.555141827609635	31.462529757473373
25.160839202297723	28.712055084811652
26.930693751940556	30.748675220837764
26.355487778941033	30.495422407826545
27.928353672068084	31.4534174155784
26.81591241476136	31.080310653475944
26.689356781621395	30.10781957946259
26.135593288769893	29.666626102099247
27.176447252812153	30.807994504389995
26.52888814760115	30.049675542584396
27.160397802948193	30.90106078469829
26.233054533632444	29.766043290464236
25.51571353985246	29.213442954288166
27.168595887040382	30.771524809981102
26.560414016626442	29.844188034154808
26.045284443347064	29.52549917176524
27.55443539589074	31.145754194563363
26.10404505800543	29.55177006650629
26.248670944489238	30.540225616179708
26.241633745262323	30.390598920753302
23.98467911074369	27.241086117527793
24.339879793219758	28.265571790642547
27.67030686380504	31.269615468958634
25.993785042165445	29.580187659860922
27.000642567936275	31.310501307185795
25.473183947763626	29.067078274526413
24.53953583832759	28.18874327544194
25.55516425819154	29.498018343737172
27.35840538454157	31.147837367533626
25.975391549922353	29.546863393925303
26.98001169905288	30.96963429704087
26.877047356526564	30.875250998575975
23.8519615711933	27.61070589401666
24.35201831380273	27.851905865274418
26.932711244894946	30.478747724221265
24.658051885617006	28.512888513552916
26.197919070087927	29.827465832866174
24.39478158444609	28.01573515444551
26.647147565384074	30.128670305709676
25.397474001420786	28.939035703169058
26.19153879453169	29.74598218630327
26.68322492506347	30.207207432724616
26.98242525234344	30.524189432715154
26.018616828189533	29.385706749691327
27.07901006038528	30.471754023477025
26.394029481648893	29.98580183243802
27.259138564901495	31.156625290078974
27.854955899993833	31.376439821441714
24.802344868896874	28.303034235717384
23.927576528739525	27.45750380878489
26.019666226299957	29.397924868670746
25.343695209284498	28.630433513860034
26.222666924673028	29.717350775522284
24.0578469278453	27.648894405162512
27.55744428695387	31.26195268570238
27.90498704971022	31.531294154513414
27.93306828557559	31.62789820612363
26.13122863526557	29.993767550037166
27.071068599725226	31.01945035169079
26.60020552066228	29.980254074064284
25.521155960747137	28.835054747871027
26.346367481660945	29.538459178495305
26.243872494707695	30.359048037518868
25.968141906074152	29.204078324028387
28.16685513579415	32.124692639474404
28.354938993028775	31.985461702772007
25.821530781480664	29.29390958717168
26.55520528441022	30.25940996522357
26.175814719716456	29.80434503980503
26.25753133413392	29.585421394137565
25.981161149950292	29.24062153437588
27.376537152916004	30.66060273966212
25.498427945843673	28.79259721589949
27.283195809447335	30.61496131030364
25.57772899028349	28.978539701733112
24.111399610078006	29.223818819487423
25.104926076917387	29.54161742589023
26.306441477149914	29.94414407888036
26.121564537096933	29.425432533215567
25.601555984237898	29.532694656631243
26.04157450244685	29.36641118480901
26.438713784430437	29.798089270379133
26.670459030540126	29.88515544089542
28.56235204482028	32.678645269632845
27.70377537348721	31.089517625780367
26.052413217581	29.356196172677787
26.247279788784667	29.629612301059083
28.55420914425212	31.95453795657796
27.388088627226033	30.949752406709514
26.298532990133687	29.72664591916807
26.325082402320426	29.67788543215223
27.553641203862085	30.968621369380102
26.398648462477762	29.785467901047628
27.15520341634244	30.57933561563998
28.57032740647626	32.21528279249835
25.864286060292756	29.562351589243377
26.39679076565299	29.854048467745447
25.3486209715501	28.94497338880146
26.74685388512419	30.22408002906038
25.453406874541265	29.195770676728266
26.358319823149664	30.199865754242914
27.53097372601746	31.27331323076965
26.565008612954692	30.09681084505312
20.10862094733366	23.213116342095052
19.115413686019348	22.163948038834167
18.55745681228152	21.682422795872778
20.079079937783018	23.159338641318545
19.460261071563526	22.753899847625927
19.167438496956148	22.100645075431547
19.618906365331824	22.80660022646505
20.573184236093184	23.976675764517168
20.429339631600996	23.60394932408748
19.07980327646697	22.22594852407014
19.276837243649105	22.43271361389484
19.529695476442892	22.735324894040506
17.988123778324976	20.926266785639868
18.366763900546257	21.125223327847298
21.284576642791684	24.28344703884894
18.678261797392697	21.79032989267078
19.770022070331937	23.005784356670016
20.025780837753523	23.224497635146868
19.324683152945937	22.340662992683946
18.436967833533156	21.535554902062547
18.95785643745633	22.563065269696992
19.48907886391739	22.321183816136323
20.250913223137015	23.656530777107125
19.37703204509306	22.110270735058307
18.43815704718264	21.57321456536619
19.564314534456614	22.73716671249163
18.66732889932685	21.82740872579522
17.830415770253303	20.73241229371154
21.39795692306162	24.827268525546778
18.650295522815355	21.82500240504109
20.285025471081905	23.722598201403446
19.524425579484102	22.61340706211746
19.16088616518964	22.320265415620906
18.191771136727304	20.99963129857543
19.39139399153918	22.539001134803595
19.990880267635273	23.258751614078594
19.59661544305757	22.74539696233794
19.84715128451143	22.999192709629195
18.968930380106478	22.119635446309537
19.71801593197379	22.65075276004281
20.850000592047493	23.861367968743522
19.87070597711389	22.96118985113318
19.350065575536902	22.52250064760763
20.342166034026256	23.58376780386437
18.945922446605252	22.12318460905881
19.07063143015414	22.24401815175504
18.713648982361878	21.98790245501605
19.35215921057764	22.412246993645994
20.482406217328048	23.837610643633866
19.2325448868381	22.693264973391393
17.72096464436525	20.313537385053696
19.3205675400493	22.570807047963395
17.80479127636887	21.15396993884109
19.844408752052647	22.943036316306728
19.43214295219211	22.464507362138946
19.4538211498544	22.778528245897554
21.183520321127208	25.234465595010487
18.629802217908725	21.78562594371237
19.920066353621756	23.337755683121408
18.79172958082454	21.93751846605046
18.990973484743932	22.267008769284388
18.88263866400263	21.78773715997198
18.41960678384056	21.622814557101822
18.66084019241819	21.91595538558474
21.139379215847914	24.41473417221361
19.47571399915497	22.297298162099914
18.419089965253374	21.545080490679243
20.206577616892044	23.321727436818893
18.689537870403054	21.865244997028586
20.61403174309214	23.762408305125632
20.53605103340878	23.745025397865636
20.199758537762232	24.120740882403783
19.83255566558514	22.986524687198063
18.574031758966466	21.7610493414974
20.047894083010924	23.334170736325014
18.749856908356815	21.811876337492794
19.557506992558764	22.555482433100416
18.383314345292984	21.719753052778305
20.21500289414845	23.201092839494127
21.05225279781722	24.61333748843766
19.542199847551416	22.976783993390967
21.345189274749433	24.800082026520098
20.11077083296077	23.182173121507002
19.368420475354366	22.859398967394657
20.889091718475278	24.132102739532534
19.845611481150243	23.123590560475733
19.64686755567093	22.75621433824997
18.625967602820914	22.25533618441053
18.759367428514356	21.852183856275683
19.703148165579307	22.84464045441581
19.779430723494027	22.676911973649528
18.509769283788724	21.555448688013033
18.045013927856576	21.66984698828112
18.92428946646915	22.47114395943417
19.572541305720172	22.604565551579633
19.98537493663229	23.142875185438022
19.38396749678691	22.41987123307149
18.632633567615677	21.658235191539596
21.4881156407091	24.61664929764539
18.2298065193646	21.55044784464907
19.39734224453094	22.801777323340154
18.273404546604034	21.595070413723114
18.467078530864352	21.792595541401273
20.614718307608506	23.814135681038955
17.926965363212958	21.065388076118097
20.17582315902548	23.45416265030069
19.40656922577293	22.452021853938984
18.159399919449143	20.743432111800857
17.859477978603095	21.10220148001507
18.328289519955906	21.341653335879055
19.25363972941275	22.5041060133851
19.725448620547155	22.721103656064173
19.043161778946086	22.438853830795125
20.109448975565073	23.463535719869498
19.98040031627485	23.560748823129448
18.002084934534288	21.460298335729384
19.091434173017046	22.530229874224165
19.45114815057969	22.670748593194723
17.81775367437148	20.68641006769395
20.05706961240991	23.422887968156495
19.391727647963602	22.936857023056906
20.224914935490634	23.40997657451913
19.50468190916025	22.643278753681546
20.24433835752451	23.276123678608304
19.09120734228956	22.37093178734911
19.112625105872024	22.310394303307664
19.43335641670632	23.051625120158914
19.69348290315859	23.22650000699766
19.206271428717677	22.818287592278416
18.54925280164002	21.526745504634395
17.551946079148863	19.906784618482973
18.9733950701995	22.49427155577706
18.69511742601982	21.652216482061235
18.37782889364125	21.25969094278453
19.518718423863632	22.412308034876602
18.95052241671617	22.310711866731097
18.225949560760693	21.35626098001079
18.443990296365854	21.44712489223278
17.6806663424093	20.20466767248328
19.337172629726922	22.40582930813929
19.84592898383009	22.80712620720995
19.546925216723398	22.66578039545922
18.89322484172327	21.931100719800167
17.86938308100285	21.19848801274715
18.0258392508116	21.235728818646407
17.977473931201196	20.888262076489234
18.842735167015384	22.122820024024655
18.218728897677863	21.20971882571081
19.311492567609072	22.891598100115537
18.759459355834185	21.91280474328691
18.654875062833167	21.908046461214685
18.0236609007396	20.772701022478174
18.79001160842345	21.81144217270448
19.012275157207643	22.100948872333372
19.76328734987101	22.764737323590904
20.28699068608051	23.212418035843317
18.150066997341796	21.79752096957715
18.71521876268326	21.64785840101303
17.45381462194358	19.573960188847437
20.383673586916267	23.599005780149163
19.30012331596099	22.507425206988227
19.08316864734496	22.107182838861096
19.708002056032736	23.00518420800535
17.809414924330014	21.170029579454166
19.166876315058165	22.007461072026796
18.844096181752068	21.957974435923713
19.156392913461996	22.083585876821207
18.06207666376847	20.93503370305282
17.872692357203004	20.747091044286254
19.64974968296707	22.690986706193087
18.629927426639888	21.587475985225346
18.923749166436004	22.686579507880403
19.40426658014836	22.946994558767656
19.80160004925576	23.052426745177833
19.415273065020322	22.638680105756045
19.664790941145263	22.633880781266846
19.286837632489053	22.35125440852657
18.879075507955694	22.08037998215661
17.986045525585265	20.621288611377626
19.286944747730423	22.329712509349655
19.235897542058535	22.56558561223834
19.48060968929542	22.8041059631704
19.53161668271269	22.526959901149613
17.40763993475847	20.171011493464185
17.7125622897138	21.195850643635808
19.49339313669063	22.901719854642376
19.492974303583683	22.433611847539364
20.598716511088572	23.666036830586233
18.688177888307347	21.900027449217067
19.611746587571066	22.6488773443137
19.124344030003638	22.167743524928003
19.37483320823394	22.76714791664399
18.733031104830925	22.397481132717903
17.791595588570694	20.789153923148056
18.704561405627338	21.543906993420514
17.926906454082253	20.772642267231223
17.82729463921484	21.0557352985293
17.648045588450827	20.603184651417337
17.765639052016468	20.655511155503063
19.20636592954081	22.661088599267785
18.606185813871413	21.85035906222722
17.823552475866492	20.66220153719503
17.677748742883118	18.84573453348407
19.275302062874893	22.442614425772568
19.34128861113465	22.54273886994445
18.84187142357958	22.096723394535655
19.751388626746564	22.87634651119289
19.01066848933064	22.26181915105022
17.77312135595172	21.029508114873476
18.774452871577754	21.95388155530213
18.14824541865387	21.397197162522886
17.86115923758019	21.07021054391395
17.9537692120627	20.779654020969527
17.520269644994393	19.73173307107006
18.464292323766493	21.464361393274523
17.624428676192167	21.022339893754122
18.953279610652075	21.937454108219995
18.45673336142441	21.522150381861724
18.090680448366072	21.074518831419084
18.466754226927545	21.442011565919135
17.7381148024476	21.21677449503775
18.293942143709543	21.87115223190081
18.409607140121945	21.453662665786258
18.328243603878466	21.311587939090284
17.498024806854833	19.509427204253566
18.3052272776383	21.291313173411506
19.15587137712288	22.413590445386884
18.442852998235423	21.578862165949147
19.176429471139443	22.584772387381065
17.70047944872749	21.33493429333794
17.87120299734128	21.091742940769073
17.763837320283212	20.691305654570304
17.479315091596792	19.533914278520395
17.64957719750212	18.864687862922686
17.632641895561463	20.270468608588928
17.547210928234577	19.702506784167767
17.89273443647251	21.098234267751124
17.539877026956805	19.288846880513898
18.66258126763022	21.927014527047515
17.687672145300862	20.466695301598552
0.0	0.0
12.129008699121496	22.952096533117274
17.873518334325965	20.93914188295919
17.55514523330008	19.541715652320036
19.5248344911385	22.71169009077068
19.352591433595954	22.4229651307351
17.871945162487638	20.85971568040787
18.35531310063259	21.522143564406473
18.946632725417995	22.342490809738255
19.071777538129478	22.095641895464272
18.689023872343093	21.677612403902025
18.343609682313957	21.1967116677837
17.16090795391431	24.596502095524166
19.238684704855494	22.366307207986303
18.570344248648155	21.748076161508095
17.572046688914046	19.07324750053908
20.12112068775606	23.127094033923626
19.566010228134772	22.5231983747705
17.81525041697638	20.94770810963495
19.647262289772115	23.140877053489604
19.93859773988177	22.9902219164903
19.130796519560924	22.1530531966256
17.603373527526855	19.978022575378418
20.478196939844995	23.98844734726438
18.729228633224583	21.45595966023245
19.86962836968165	23.332964480049796
19.187419713176233	22.25075930293705
18.94743712641884	21.903734367111433
18.110344161906312	21.190145263752868
19.162123568751504	22.20109283139498
18.878594459242123	22.056103645616275
18.006137244514093	21.072319634148016
21.257537896466104	24.453561728167685
18.923040410262512	21.479478815811706
19.971930445126414	23.04371744305718
18.4315309099331	21.3992681928501
19.17130237222983	22.425089305626614
19.01640594385232	22.18343078710471
19.364409477088103	22.441849678185335
18.514866083797124	21.483449727360103
17.985192193600277	20.992295370486637
18.561306376366097	21.415015797706168
17.82974554373707	20.62295030282055
19.478373246081567	22.558915419689917
18.423099799267554	21.66541834343264
18.34699489609704	21.260650138693
19.093440788819784	22.22725508825541
17.572507483690913	19.35447730329639
17.707536982882555	20.486106587063734
19.80312759456108	22.868390731244585
18.78666492227283	21.85631374594006
18.399016983696356	22.02953564386712
17.83765813701978	20.573545247379634
18.09657884504638	21.43173383805909
21.093925881031467	23.974402976390408
18.506109460397383	21.602517858938555
18.250327602313583	21.236725315166886
19.09068419219582	22.09915612457664
18.339965789940706	21.23443415817941
18.2813187799636	21.91399181268777
18.08742585759254	21.690747589062735
19.493966979332537	22.434377747229963
18.919244622475528	22.290290976279355
19.077345204201475	22.258693385276064
18.62198976852838	22.015802818751894
17.884679923897842	20.84790598308458
18.949580463887273	21.735747066019954
20.09564263248646	23.085425787923697
19.608709651193802	22.69334189299565
18.8896557915236	21.799095429179523
18.070689468626764	20.847582549805853
18.535992693243006	21.53450672692301
19.51922478442992	22.722529747430432
19.277246845755606	22.757915126290293
21.851145442630582	25.316380802486606
18.87902848836976	21.918908904818718
19.124528020303973	22.576760202962628
19.75610798432822	22.764401735520412
19.25317752740945	21.998678322810278
18.129614038325673	21.586644964359873
19.100067298629988	22.293062050124895
20.415713786066465	23.490902424871035
19.75904468973731	22.67547793904687
18.364282077538235	21.086218410743015
20.44237512438667	23.554216443606496
19.424584238898728	22.467007786858108
19.0895297117294	22.07934121417392
19.902775365582443	23.492583673724198
19.227983772375023	22.206035316370095
19.663565536466628	22.585396865877122
18.65705342100431	21.64575534059237
19.37139803892488	22.227124147354417
18.881620953796777	22.067597796203223
19.344168596206956	22.618660993636794
18.739829124159115	21.677012382798893
18.709493908406316	21.91718455839056
19.651368446917036	22.67657726231148
19.771532411028623	23.168508177350283
18.263366140377748	21.217934213626158
18.73975062117202	22.000766041425635
20.893229010758127	23.91093396836785
20.044117235074378	23.01118633853402
19.598867493323713	22.437723082848162
18.84704048213432	22.011485747724077
19.366559154162236	22.574189060559444
20.44443860226123	23.47200426883252
18.0102683065297	20.698212528431238
18.719418027598387	21.5327086661272
18.837874272826372	22.01792254113847
17.420309994124555	20.29162695655904
19.042742314105833	22.14532226108948
19.008879205983156	21.90046832819653
18.66879567472292	21.85781374605345
20.365626442457714	23.31027306315752
19.562435156220843	22.673879617338727
19.074314546686324	21.9951739787043
18.18774782371116	21.380621088032004
18.645652550294393	21.88627837316752
19.355709602372155	22.411395500166908
18.536528255276366	21.45156035251172
19.940409419389795	23.64392972245591
19.538733002486502	22.63408041304084
19.504144524819278	22.600532675498105
18.70245903970836	21.57316046712758
18.169155205890632	21.816200171306633
19.379222144999574	22.304528007588317
17.480353258217974	19.792655088339643
19.35951472239889	22.303391924329624
19.01040819698585	21.879955496251455
19.402851837708944	22.408873778746134
19.14367140225291	22.13059960909963
19.111457095783987	21.93593670304414
19.752196899138692	23.193033584870097
18.97944624712513	21.84254662702038
19.870311431317827	22.71782905635307
20.236138807487084	23.42465068225901
18.001261435749676	21.435221947429035
19.90033164905135	23.24262603832658
18.93687449493732	21.844459428402523
19.771420679274637	22.868323125657003
20.099564878297713	23.40765252892885
19.576276441035503	22.555599550785786
18.62277995148029	21.70584095916424
19.91327359671299	23.177346444180564
19.860112297560253	23.43799866435381
19.169966890047565	22.446686552335247
17.4527356963755	20.25743314212548
19.898672369128832	23.47392246424519
19.10166294964509	22.709994002259208
19.533621059101858	23.092429889994822
19.58472017826801	22.861099676468317
20.83736445594998	24.505515793073457
17.685557695457636	21.804005292823614
18.621860344192278	22.123659293869245
18.715524734205502	22.92872422819684
19.34339549030215	22.610181551323826
18.236238799530483	21.4178825993953
17.544356340056012	19.32526112210219
19.903950972668433	23.529646592028833
19.173050323615914	22.626258453239554
19.899789577330246	23.33766197601448
17.420462371437413	20.01936459389462
19.807545777339087	22.99962127588357
18.781876701711344	22.17754445612557
20.106531201907277	24.109100283078075
19.50949875007516	23.18830856193656
21.08506873711912	24.805022205263693
20.426584334889796	23.46192923017368
19.29026142047469	22.767977562679608
19.739803000367118	23.19819863232331
18.355391546925667	21.884905770579216
19.140014478355457	22.31345384439845
18.266558827361738	21.553604899444903
17.46507984614929	19.650225100750124
17.69387130575322	21.607855989168655
18.065611015206436	21.9024027482213
18.90804968467437	22.32325257667817
17.324863458135326	20.40174481823186
20.50831512078611	23.862057651430685
19.2419247819613	22.743043403463506
17.815570624770633	20.993286339340695
18.13390210024111	21.466647597634868
19.4888035091878	22.762911197233098
19.02774884290756	22.324509839343417
17.99881210853593	21.21902808616622
18.201984322501342	21.410772406624634
19.3930493292029	22.96544447572874
17.496969273642115	21.892978617593236
14.353090268031806	22.856281298740655
18.00594483717738	21.77402342454137
20.280265192570454	23.650505681452984
18.255010552213957	21.712640814973543
19.393589710227495	22.863000179298872
19.409901147182328	22.74886273831572
17.669751580353754	20.66986519515894
20.633321120227723	24.49641482642755
18.226825497459203	21.842935778785915
18.086893097863328	21.301630003943313
18.37162242978495	21.444875372949426
18.930799348592252	22.42338957047513
18.082441356278277	21.23643872489848
19.126672641486877	22.418792827873474
18.87358184579578	22.41053108450207
20.027026796037223	23.286466932600472
17.539243779111565	20.55140487201148
19.87257862900979	23.040158263690405
19.339725897317226	22.6924033904025
17.511273181615614	19.27347298842833
21.03604276823137	24.604870241412186
21.817981203650213	25.247576276208186
21.194100460935296	24.41034785754615
21.406147794865245	24.477971238948232
20.47101180568622	23.534323048439756
22.67317607498979	25.9462430229106
21.21345639076962	24.454855681984288
22.24746328098759	25.775365774798544
22.289404537014647	25.765197132296876
22.854485752729346	26.005976435991357
21.812762533783154	25.015553201080127
22.27795358524201	25.768583814049983
21.738418840298987	24.97251675235238
22.680547975430823	26.14734242068734
21.725598227952442	24.86539374592451
22.559745940433185	25.69223198009904
22.205443011727304	26.05090082982543
20.376857615833323	23.752540730113942
19.94477139612672	23.721564663443594
21.13650204320369	25.457772477670332
21.78401926773622	24.917602741541124
22.72890130628193	26.12870367418682
19.411122356503885	22.593203510195334
20.363798007843602	23.967836513640773
22.338311551735913	25.757912279440845
20.496464822449248	23.622277166686494
21.77102802260413	24.97233249680505
20.814610402295543	23.840029795458364
22.112333064879074	25.698978656922684
19.962636443460063	23.38571980348818
21.100069122962385	24.45390884334621
21.50724754819445	24.692203898338754
21.123749161981472	24.5826469409238
19.481080460194065	22.435944152232693
21.59489072406874	25.073100914114853
21.494501265750568	24.886386719478924
21.057915517478992	24.83216970285792
18.83168352536082	22.137138953887227
21.949198433294924	25.297295859917966
21.049639420397973	24.0958493186157
20.38460369879526	24.13108996575552
20.222963102304252	23.58154892162153
22.258617945790544	25.29499953162645
21.732238346350925	25.001284068810207
19.867906127006385	24.013740982978966
21.651136663562426	24.87161991297566
21.092236565429946	24.256361914794663
21.89333112072793	25.245247294189063
20.980579467336085	24.55761137433872
20.055382495726242	23.254836315308914
23.010089505756483	26.46536291733922
20.296291440408954	23.349887758809796
21.366259516171336	24.64404016644585
20.74935210080157	23.960517283964055
21.03096432695976	24.27988772382149
18.96738129310041	22.766398614126153
21.052240430422902	24.60467523424995
22.77280818428963	26.06732166800529
22.0720152622069	25.271675609985483
21.591698806503523	24.824747879287493
19.696667395832684	23.473950661418293
21.49780128665284	24.808646696135245
20.159425026798452	23.484221213435923
20.99575971089098	24.478817239182263
18.304506872869602	21.62623348357571
17.537393156889898	19.45633166610815
18.213330704188905	21.268263381504454
17.520020877732847	20.374584758863833
19.436190767146474	22.36488612189161
17.53714989502212	19.774716865231785
18.075282833884984	20.90938017575857
17.49087528868592	19.492603257456658
19.59943948126143	22.621177813050092
20.48148595198451	23.54956759110631
17.97582797032253	22.140201769057352
17.828809659192515	18.441433031847524
19.63124820077495	22.552953993438916
18.262640975336613	21.416901566167294
17.55808500423553	20.40366693363068
18.254985325402263	20.988199717932698
17.9964457226407	21.069609575210862
17.555596029682523	19.303626382426852
17.72176100493996	20.764565212711407
20.22974363557852	23.341528260783786
18.24806012925069	21.56171999159892
17.53563771784432	19.450028557180094
18.692202590326847	22.292782761235653
18.961307794931336	22.305505483266906
18.451171905371794	21.43133732619559
17.668767192054958	18.819121144126683
19.609620165166834	22.856089521112462
17.762048012638296	20.61763643560389
18.52202114178117	22.06334796832625
18.9813764150988	21.999632114564285
18.585025910865475	22.072214003074954
18.0317251606352	21.10090423389605
17.75442390077433	20.71391220457235
17.549493473806198	19.382006007394974
17.541093320097385	19.47943738058621
18.944981340137005	22.391568418774128
17.61094262594883	19.068756318142967
18.101874748359567	21.49595507036602
18.364677113332565	21.31108124848384
18.966255068525893	21.973325848832506
17.872573957827946	20.780158891293148
17.58822451427484	19.392539874763244
17.74029052839664	20.850916975875823
18.777696571026134	21.935905495013905
17.986352582392925	21.396736483158833
18.043475134863723	20.9723081750728
19.394386220636388	22.630994867620448
17.415544568606496	22.928733766964793
17.614593947262776	20.51749757495402
17.57498961244166	20.246221248764396
17.8081587590989	20.572733040827856
17.97929996239405	20.906671106941886
19.172810360124917	22.18188972837606
17.534059054785725	19.738970272606853
19.94341423658302	22.857628320179675
18.697418696814534	22.002870075768474
17.608970629941126	21.060153973330358
19.724963639698718	22.69873478559425
19.23627419279386	22.223068763749108
18.627178645690787	21.794414066711557
17.525245913527826	20.044055691696784
17.638708043756505	19.07096488409994
17.620962677487903	19.989476623049207
17.449807428250647	19.926687933077478
19.16358803386648	22.140384210396217
21.03162128707659	24.153019597322825
19.276778642285908	22.22677474821702
20.083617542453126	23.523871089749022
19.979518420630452	22.928295605248454
19.536707341544442	22.9103980661704
19.658699556014593	22.78439851222271
17.495230010613767	19.405692764654788
19.187401026424077	22.392495900455806
19.322668160602547	22.290697012737297
18.846663886068228	21.956581658365366
19.32494536478808	22.250623788043953
20.426317259511116	23.240575745859978
19.80361498288035	22.845856300078633
18.890386227083308	21.981388446378606
19.4283570818081	22.81571106394385
18.697277929625947	22.014489267029326
18.6905492572015	22.218605634766273
18.43522985826885	21.81795922864521
20.124700611057808	23.481237346705864
18.997781962093022	22.305873662296626
20.023761793812874	23.158454850474236
18.866573226426564	21.65350924732832
20.414110380120086	23.728713792853547
19.84188680183103	22.950690941699243
20.49937496468773	23.647269627597428
18.710845473465646	21.516834732833182
20.394791151561048	23.494018052540515
20.773093278241006	24.127427046466025
20.40865309526966	23.58455865094616
19.589725974259103	22.447213646712576
19.280802548564417	22.34223478969242
19.738006962332754	23.06608735224244
20.3715698521608	23.372874041271817
20.66429039171547	23.520052946297227
19.434968219441213	22.381518139201365
20.28325588890448	23.272783921276183
21.380134505577654	24.629535751990705
19.051370675396768	22.075733130145224
19.13024021561738	22.11935924116973
19.47096724824035	22.61717323943055
20.983691023160446	24.371247483919632
20.618726691875743	23.830341377582265
21.043362145717484	24.183959479038375
20.583596729675424	24.14167258795153
19.92844861226983	22.89477259439521
20.3464379300484	23.67530393701703
20.833082496740257	23.776801765344704
21.365594750503572	24.95115100755307
20.288086065061535	23.109346262208973
20.113235807722543	23.12897267311242
20.308707917571827	23.78735951101704
19.371824357666533	22.449952986083467
19.15871979577779	22.14757559911967
20.192113191965028	23.45429488908966
19.3946459804624	22.74706430090967
19.31873643271736	22.597193361594165
19.885636040106448	23.161254218682615
19.421739132794098	22.29264303883676
20.977110652154167	24.242827626044075
18.402013954842925	21.704582038199067
20.223072084398535	23.272724119214747
20.193605975740276	23.332457943327107
19.195757078263917	22.314924074079833
20.061515767609745	23.2112732338551
18.09830232284125	20.973944228672423
18.163147650959637	21.31100586771712
20.307273615697387	23.505872975489137
19.08500942708074	22.13588443278254
20.981170933717376	24.230296809202546
20.340399138740167	23.381785996147528
20.275667806086773	23.806214670719868
19.33996067533068	22.21020450106092
20.95085575119958	24.051431159811163
21.281439837882978	24.51452535681917
19.708298193168236	22.7194266450886
18.740243340753445	21.76998767731296
18.48959857389932	21.554302869582127
19.71269627184372	22.970079225592805
20.131507278248	23.452747940257858
20.842092653748335	24.011607984069048
19.113274736262685	22.179299192570323
19.633186087233753	22.620332970993786
19.636885375733588	23.024543075804498
19.22306151501439	22.963538216430923
19.852062411622132	23.025226406737243
19.573587865080295	22.88713028982693
20.41201066869586	23.45095968347699
18.42067716076116	21.302352929570873
18.44717412288528	21.4698924512114
19.532450682038714	22.558064454680036
19.043017676934568	22.004429527655276
17.754777450723505	20.861074905233526
19.79181980934872	22.907334090797765
20.586791425247355	24.053055376510457
18.814789737612326	21.812518154233377
18.34881322500306	21.55844766977233
18.527088673504547	21.727963893023773
19.52187827286447	22.889235466149202
19.377373970744465	22.79079505086198
18.69778141094621	21.81949153827254
18.24283957228286	21.860529186872412
21.068099208191956	24.33472328631488
19.29211069216394	22.162694681981566
19.31732305093429	22.54665056661942
19.794330394445204	22.924099170984483
19.40612530961411	22.717833278032373
18.078512523837404	21.539746906094237
17.9242611295858	21.39135929277748
19.773832873933635	22.89361135519234
18.31709808098536	21.616402208931632
18.312721716117455	21.365811837959694
19.041001249017736	22.535101961431483
18.0424468734968	21.13022158353445
19.632722342343342	22.541348015933025
18.6034479343714	21.657704333084656
22.04632386128614	25.63996306498339
18.46776435025938	21.293847588217183
18.55336992907676	21.4079662067875
19.631889146857453	22.809900480217742
19.292760656644333	22.235904885958206
18.44684747019644	21.233828036395355
18.959316034985196	22.04817603044449
19.16802839817768	22.186915830948298
19.210626217463467	22.529623416325595
19.035371156761347	22.230662015846075
18.70293109837105	21.73927623805473
21.401478168058294	24.87556994290362
20.9226679346364	24.22391180779524
18.57054358480336	21.776654901524765
19.68646936558361	22.6546885476244
20.16754635326928	22.964177050661384
19.2268388387757	22.457369077484067
19.117352688135362	21.970936572728895
17.963314560568257	20.83448168882139
19.881450804935138	23.074972000850995
18.66028984944532	21.601615820720696
18.691609479819135	21.79236306961934
20.277070624560054	23.317890541821782
18.315955755310707	21.37778890411312
20.37937092629208	23.62077021750675
19.50489406221232	22.84775944120565
17.863378105649524	20.985294761171765
19.336793731478874	22.83148973104554
19.111644627435446	22.39801037134385
19.20899786615068	22.496768811705767
19.679511469134354	22.830273229351974
20.72881693546433	24.591627171591334
18.756814549683007	21.845516611816016
19.144500349737278	22.1171821606387
18.86177104091442	21.794305390359995
18.905928172376758	22.505998097154492
20.69433335589755	23.91866369915616
19.739096149517472	23.15376044838292
19.92697607433214	22.996693740731338
21.29153445824949	24.635740245730002
18.8276813754104	22.18396298799292
18.44303438061109	21.829327374760005
19.715462105542485	22.87352524492138
18.755543129712407	21.72668610307568
19.01881983123261	22.068176247258602
20.02316793210947	23.352499639912015
19.2549205707137	22.297615440028487
19.714005658580998	23.18363075499322
17.4039030257304	20.38104341591999
19.111016891058338	23.021948196832287
19.75266615144766	22.833933198527927
21.443979107397123	24.825351870996432
18.885820024332425	22.731836683431247
18.66230576306645	21.785295555292926
19.810225478656225	22.841528900616236
19.575953989778103	22.938131779875217
21.9883309666012	25.766258114209347
19.401434598708104	22.432616533494045
20.28785619108034	23.62183275850462
17.707145640298315	20.59339337642532
19.78476194920307	23.16986031947369
19.438243082374523	22.827990361839344
20.996081356283458	24.623595233682362
19.58247156608889	22.72977094184568
20.733178711747414	24.328478240156883
20.0014196869674	23.037700033491586
20.421107682959036	23.80509242080073
19.54707349384413	23.139724601858994
20.00644890568565	23.61143096186806
18.650737756376813	21.753435140962054
19.040030359968764	22.12530243422069
18.765248665131327	22.055445304595235
19.34652261268308	22.82725973594973
21.068149185990578	24.201870345259422
21.38842194348637	24.923399040400348
21.391826900960027	24.885619845866145
18.767891389802255	21.922334211394034
20.56534812303612	23.838573004283216
19.92187779015543	23.137505602178553
19.159073319404747	22.421380553275917
17.743454325730635	20.71071780866878
18.26708196125719	21.3572256711891
18.95518591449519	22.289559340021412
17.518840121615465	19.30368108810133
18.60013027353145	21.619357870389447
19.65757696593137	22.715437484141873
20.250323180180445	23.486012574214087
18.93632178701413	22.103455968723175
20.787248945539925	24.340858125382926
20.36058688518095	23.563033338818073
0.0	0.0
19.11893639291168	22.435754921785584
17.96903646878123	21.6960159451592
17.59792719676996	20.21858777210211
17.93204141523681	21.087905636765143
17.55969493606794	20.229007075040457
17.51221738195723	21.08136477136308
17.48497520940825	20.214642176456007
17.614741681740796	20.595652223898853
18.26468441997617	21.406589765204494
17.582818742011003	20.059091810967512
18.49910959417906	21.70992246453676
18.794230163477028	21.95974856577102
17.535697202014315	20.205122729015958
18.490333079279356	21.924103261052675
18.14727728938854	21.383080071451303
18.226740237760442	21.620723370027644
17.547752430990748	19.74649614994187
18.383533030305447	21.80674597665256
18.331995020499907	21.487045277962007
17.606373535852775	20.237668288488045
18.638752597152806	22.02733359974661
18.88979445900887	21.846707234716717
17.769009723784816	21.185921535370458
19.06548640378721	22.004103211080952
17.763870947932993	20.615069634342397
18.11975979450655	21.184860948291302
18.00839937011654	21.395311948853188
17.68997879797739	18.787157813961088
17.410928641155266	20.035245980426765
17.49279290500973	21.259944140278357
18.246245916735088	21.504669610608662
17.549629879605238	19.25905160843187
19.960441799933236	23.32657602233239
17.663642630202503	18.819734826462536
17.43165607209418	20.403463175342342
20.04926678278897	23.24045947453525
0.0	0.0
14.050052002989815	24.01748339740081
17.639556848319472	20.405674017159043
19.379050983744822	22.621847377461233
19.44949762178328	22.873010236493087
17.877527162021387	18.39261253219248
18.64192480544882	21.69710450668497
18.098682601993502	21.33018473809439
17.680268214766386	20.24657542842209
17.76136331902441	21.21105641974512
17.689324480206597	20.45984353431977
19.879714164004962	22.98358997417863
19.805076188089487	25.001661711690787
17.66020083781767	20.912238355907917
17.594165660266917	20.016174458141286
17.634910302050805	20.450331015698218
19.120644067249987	22.462533499278333
18.384346356564013	21.73390162927583
17.609547570505974	19.08873085661805
19.173437466793505	22.458142885989698
19.818215649598724	23.046360690122956
17.669038452666783	20.438322387176967
18.284969981815152	21.292441669796176
17.56074039596914	20.122410849148046
17.561227523090984	19.822168625590656
18.35439606279831	21.453469080023957
19.383823064735235	22.59150156600207
18.426193028751705	21.2216169535481
19.82790517503289	23.493549826798166
18.567735593030406	21.888794024279164
17.915632195280363	21.499147467805575
17.88923124649469	21.391763168788515
17.482903593917815	20.01802909956363
17.657904341468893	20.52400140499107
18.61788068556735	22.039899008036166
18.2373179842712	21.614017541241495
19.20362521938964	22.654330713227548
18.739624420295602	21.784659942497367
17.569050879994776	19.4046734852396
17.602589007902044	19.03200304837237
17.718123745766416	20.58857409969257
18.80051524573324	21.867693830194494
17.533354540539396	20.284613827990878
17.557921247624034	20.54582135186327
18.241402528847857	21.4348994273289
17.710462055894727	20.927256144788867
17.476786743050674	19.518763412588974
17.56804440330295	20.445913573991973
17.880309331695493	21.148115884979312
0.0	0.0
0.0	0.0
17.636207193832234	18.76856079628007
17.70536540572051	20.480253948527537
19.621965224069648	24.61689013786883
17.0398587593354	22.57975488812554
17.38070890908535	19.802442336031838
17.579847594988067	20.202771881330293
16.832225562660557	20.737661598594325
16.961336957927468	22.971364152912376
17.548785551844635	20.348465577305756
17.552127672102294	19.590431379411378
0.0	0.0
17.529924971789058	19.3366903236211
19.38900853215762	22.607001294502535
18.863328753509844	22.097507657012617
19.470705267223835	22.78948378917265
17.736779658404632	20.78819325724478
18.158891690005163	21.150732028256556
17.83834572000362	21.363020704556927
20.6544405680047	24.378779723132997
17.727718681286856	20.905021339465097
18.031561051710902	21.2068308245098
17.666487604696027	20.851828664224872
18.585649763702587	21.759830201507373
17.662722150231623	20.523562868689275
20.47042382801161	23.736918319815537
18.333238836559772	22.022042993274212
17.845298631429166	20.681760923624545
17.52409519713902	19.62603793579555
17.51607394775261	19.40327190796028
18.621076640556318	21.634817066719073
17.716101940017342	20.385426227707267
17.57174037115336	20.375502365663046
18.29357619801904	21.08583740671729
18.266117851192533	21.395623405521334
17.74011095415508	18.64900914777363
17.930585925999214	21.11164658742852
17.81945392584345	20.59485271478155
19.32468930829609	22.280079444755668
18.376659466202852	21.19861214024246
17.57625003782301	19.30013278993578
19.442934858318093	22.71400941658425
17.78331925458969	18.484178761767733
17.75366635737652	20.77535204472309
17.86716098542426	20.674936106250545
17.57645007455425	20.051836287140087
17.57190787766896	19.909499287858385
17.50314134650423	20.1237087816696
17.555046688978837	20.052337039048506
19.599342872635827	22.63976998136808
18.267410756169863	21.173667429865294
17.80780372903099	20.816461941745377
18.14196101470105	21.10470112519153
17.588591770002036	19.431807323625893
18.937867138289594	21.992289569474078
17.498374408470852	19.709141308081882
17.93019450444831	20.87025295954095
17.496269469048567	20.059211487982683
18.15112953631488	21.03761214764508
17.649821168045076	20.37134849443051
18.86685525080201	21.9436515698767
17.734022164800365	20.547689413568776
17.4456892722225	19.524861264886876
18.059845136735596	20.965389085676513
17.491519768020403	19.906129996994245
17.956098878459567	20.87916532747305
18.440830040382984	21.648010444236157
18.02526854861314	20.902898794526507
17.91428431533198	20.79021779038091
17.63606115612508	19.951501404910076
17.52332323321365	19.348781411561742
19.196598500456272	22.433846979890408
17.69002439616339	20.309405306595398
17.520800256425407	19.46226248771522
19.143916395312914	22.118351671093336
19.769996578273247	22.772560184422066
17.608946089531965	20.969159836981706
17.737094741464926	18.61579527318351
18.32148208739651	21.12425193665134
18.23546328210527	21.03686032629317
19.60091279469225	22.45645262278822
18.56319121747513	21.304419713921355
19.212046769014588	22.397379729398498
18.741126983788362	22.120061904761442
17.713815215286935	20.42825174027947
17.626273778846564	20.380003305504022
18.15693246229945	21.10103644028844
19.029877632286897	22.200911552283415
18.033763960415136	20.90231506485342
17.95751440651604	21.026713727639233
18.15155239469686	21.251710697344155
18.89710376115868	22.008204008616712
18.821501225676	21.82605317190701
20.439815632603477	23.620710261561563
17.68256052385723	20.124967018257028
19.377371192737748	22.570819496349166
17.58788438663361	20.10576681270721
18.841075194615975	21.83645890877758
18.95990742847418	21.920148952751404
17.685331468116452	20.63846194313843
17.73275708646025	20.524014001186234
18.722006295643542	21.701499487437513
18.5943624107701	21.513225403560956
17.970497690188658	20.848601736080873
17.998231272282368	20.956484456477398
19.27756650078322	22.422666958689437
17.743824902107256	20.736325320671064
17.549320990366034	20.131449883657403
18.8753217749788	21.757937044601277
17.778404166997113	20.889949867426715
17.556112619468866	19.776748327186407
17.720681168218075	20.189284346918644
17.496874499472842	20.33321125492169
18.271858711404658	21.41058109267249
17.69947035803663	20.784645242549306
17.58543772403855	19.838445714071803
18.283463071106347	21.25200216937217
18.846012283535774	22.11858923318786
18.41988151493599	21.442875214189986
17.579154281859186	19.257414550538275
18.696104993233003	22.081353197684965
17.561681099504927	19.148749045758745
18.095900470790337	21.066039150181343
17.581214254828776	19.80069988396517
18.19352958055565	20.970843817271497
17.883831184128034	20.786908943435442
18.140477953949297	20.966484250030195
17.663293569204406	18.79373577344696
17.65508233615041	18.86432112149119
18.643406578436526	21.735919288262693
17.807667819304577	20.37788287039269
17.542379241586996	19.302274841664957
17.564203920384628	20.09348994253041
17.716158743370364	21.375805978309323
18.74819906198295	21.67915002859322
17.549662713538815	20.497071142662357
17.610493599229557	20.353394569105404
17.402790571727063	20.16632411333153
18.130072221128298	21.120215788515257
18.469646682658265	21.690591583332946
17.839546740181632	21.067189633719735
17.874463628052148	21.138641764403907
18.145945196698428	21.05275666182208
17.751622961331833	20.816837503145706
18.257198698201755	21.132678621134183
17.727289359787214	20.763881523391497
18.438951569251447	21.44946853572902
18.583738041531507	21.614952372897204
18.361453388400392	21.527048732571288
17.595297594738614	19.202147702502597
17.86198812837054	20.904075561815006
18.767200994390336	22.047131967645797
17.566263630132006	20.472686336298658
17.86035308513925	20.68725433673575
18.037471153680432	21.44885124927367
20.090241628594207	23.349531930976106
19.59979160981067	22.78634349150769
20.92159301004592	24.117082298181618
19.994480371981417	23.227164983243192
19.67869371466829	22.69598966545866
21.4683500905452	24.647713981110073
20.41661519052623	23.727914152125138
20.73478739428672	24.22262341809121
19.573034989099845	22.84138418509449
19.633446035364884	22.73274582864879
21.565825551431903	25.010428339559308
20.609598528301134	23.82623063429652
20.101501946742875	23.120028967563766
20.617365098050193	23.67996766562168
21.76181767700584	25.42334391357033
20.183123930750885	23.570267335118256
21.117109788704322	24.627206312369896
19.61822379166913	22.59751450483966
20.450649879034412	23.62725196117555
18.940478063692712	22.14749648464713
19.900347865564303	23.61240466739468
19.87811071756286	23.265995193692024
19.830594573051307	23.655994858711388
20.291672532472386	23.47681921252273
18.945850475578553	21.986127750129455
19.075842541494186	22.275924044809525
18.620286245001857	21.560915689812596
19.648887423699577	22.687629910284798
19.78454740892803	23.48008195508564
19.40990416816339	22.754680945362
19.568694665426914	22.865034506326015
19.3871166144207	22.510952767293166
19.978246745536786	23.01487535529329
19.378203473020257	22.743224062990485
20.307466867369957	23.352964040833168
20.312043001697322	23.972087094738225
20.09636640244988	23.197435858902658
19.87082879457251	23.649938417341552
20.186283008308166	23.47458849742914
18.867782679839245	21.726007374482045
19.553937839095	22.89653594630539
18.958432857651115	21.894806201797127
19.47385776827543	22.72072803189547
20.848688204577016	24.188091199109508
19.49444498884197	23.479220248584788
20.29273776238638	23.58055325323862
19.064828496070426	22.00564422121473
19.80678728026696	23.00574705200843
20.476753963786326	24.0495216709793
19.953989194963135	23.233373475935302
18.36811026392975	21.439678584947202
19.851610102724372	23.019258580136956
18.89413396061859	22.1950174218277
19.74429715109985	22.80423914955933
19.46707496116622	22.361818700332805
21.882576594180616	25.237351765804735
19.549975069212053	22.82224020178404
19.054503086519343	22.307629939603704
20.562741332246492	23.885735459135343
19.30969290925692	22.20897621916105
21.423466654087076	24.77842810604476
19.054644985563435	22.15282304727348
21.842886230241973	25.392781952131074
19.788232108843047	22.85175392936496
19.099249973418605	22.260577068207372
19.80578385695277	22.87195814744176
18.82774789368777	21.911549973133518
19.443416198600882	22.543857971320993
17.695116126107056	20.788207924796264
19.439246734489554	22.74949685681904
19.793872758334864	22.79232604842783
19.020842764787613	22.694882180280747
18.90972445623637	22.06825329644918
19.511467842539403	22.84857472948208
20.470781836540077	23.844140496223595
19.830373464369725	23.180082620835353
18.835950434334464	22.06550067650538
19.150569755813372	22.801141898849714
18.553678753522803	21.581191775652
19.42216490484347	22.652095806826452
19.404035531791152	22.624101675240098
20.018192086756358	23.417982305943838
20.510832278338714	24.01810220042105
18.669924225776818	22.241221938163612
18.517258911375787	21.778618545289252
18.84224808038926	21.71471107183242
18.93128920107637	21.96316766232695
18.407274292785903	21.710636092345933
19.40430952788918	22.42041085480125
18.888498304249627	22.16831588947596
18.136695884089054	21.342454888005673
17.86523256889068	20.866540807574165
17.544403969102603	20.611554206556576
17.383484119569168	20.560296779478684
18.761823150003032	21.856842545187398
18.73253868086829	21.817494888467646
18.966319189456364	22.093249215695003
19.197874055040362	22.232433333265302
18.636060028319147	21.657093734498236
19.694827436135327	22.76347601540276
18.795791022590265	22.113743431755438
18.923928422786123	22.37142260565626
18.72496259895859	22.33286439689102
18.88201087498108	22.043163838153685
17.503838727428654	21.370192339465877
18.331912441618123	21.514013843171917
17.552818476521033	19.578285039103967
19.4749456089773	22.730935509797114
17.613575030284323	20.64310068993052
18.53256122726797	21.50240428786875
18.36159411914283	21.683737835813226
19.00174904274586	22.341253276590077
17.992335021875466	21.19981509409133
18.378076097767824	21.763668515879637
18.397551801807055	21.768715593212477
17.83087837923864	20.788908836947883
18.554755814262762	21.960207335761652
20.485448310835853	23.491316368119225
20.00612577814965	23.368441253710703
19.40035042084453	22.822336346733596
18.684758346298445	22.062765915176165
20.108848907891858	23.140666625555408
19.03229082921508	22.148655520882578
18.564308117909036	21.54674534888784
17.59493425899757	20.571293081700674
18.446566435941467	21.357119706026307
18.776912399664553	22.104028991326658
18.98909384328595	22.203664716894714
18.863670612343306	22.312213634482866
22.14992766977622	25.306439822899563
22.70366334813922	26.623807431279726
21.164677107663167	24.193465745120037
18.418524365516227	21.70075549593397
20.17879441538687	23.22898909291391
19.52376231418294	22.522588164943038
20.80995659514344	24.678978875437615
19.65875069401573	22.706786949416887
18.017324496226706	20.955297421497903
21.598588907035293	24.921651876656114
21.417896021703246	24.90259767641687
21.886331491409592	25.12076956755037
21.174018614864146	24.473444229984487
19.456879275619603	22.46017585438528
20.089638940847603	23.305683858835014
21.296783516108356	25.097469260991254
21.061370665353827	24.160391038137384
19.685046837841124	23.273964240039735
18.689439706741624	21.76366049772615
21.2288495203492	25.084123502111737
19.47464026716358	22.6060005256831
21.384979079989616	24.734716583462532
20.441507477163004	23.572053771616293
20.80306258069988	24.24042878282551
20.516340727512496	23.767268662746293
18.72270870411219	21.63986682689367
18.49845649532958	22.729267579987802
19.71787876485513	23.155070835364597
21.06144636806156	24.298079312480432
19.70467010830112	23.086755596654935
20.641889207682034	23.824148542562106
20.114288741109732	23.233743256570932
20.981172353092525	24.33354207867017
20.202036011244335	23.087554824326954
19.946961658016132	23.57722924469383
19.847237020034953	22.998788446883992
20.4922813731394	24.005471770171148
21.462869830445374	24.81532459704486
21.32525581513747	24.671980436693584
20.5958865908807	23.56508981903141
22.04854870045008	25.198403356434685
21.550601906584074	24.68779759903116
20.368889427994972	23.470185660506004
20.575291657903392	24.184323286554616
20.25880571029242	23.462511580967345
19.433953402654886	22.69933021245742
21.99149063134649	25.199444503541205
22.121935959834204	25.481858138066187
20.593537832774427	24.106659387074206
22.115960293261615	25.70107919648448
19.728429304313256	22.829203141975807
19.62642263303137	23.23700929751062
22.380519478184404	25.724575431483565
20.880820652988053	24.20646724984398
20.954820926528573	24.514877025741935
19.64786983093132	23.350863689576492
19.17144529176619	22.29931886839006
21.118230775156853	24.640184447011116
21.162516893601467	24.761278806471775
19.472341262104656	22.759435929057453
21.362679951256755	24.664284236365315
19.67424977863417	23.030389656180283
21.099066386050733	24.800979008846728
21.822865524615956	25.349913558635997
19.08391711160129	22.883833437715115
20.67132895767309	23.949915472868902
21.814288819671436	25.29294041311665
19.729180068726752	22.815476684813287
21.496777518286574	25.020703331933152
19.59305400402936	22.701368145628845
18.990889401445976	22.613968996991524
20.555006930276342	23.965775540426783
20.91474118809791	24.241497367810293
21.262977869394227	24.71017238390167
20.73918744307921	24.24699190872743
20.176100032344745	23.49165509460838
22.249851844366443	25.804108955804455
20.998232764549822	24.425017433814435
22.593873374274835	25.953787453361883
20.167983358832682	23.7493159117972
20.126549340104347	23.96789684214663
20.636523356103595	24.402151952123944
19.8477797032415	23.37326865186104
19.732703152229327	23.17152315087126
21.640191155127912	25.007382315941424
20.48636710820937	23.862378237859964
19.426629303367275	23.316527129738194
19.8677746556114	23.2523425318886
20.345922609803022	23.660396436217486
20.07068046845195	23.53081336699727
21.120595705230777	24.85085128573602
21.57981023970683	25.12688340958516
19.628922484736027	23.046397186894833
20.77777473182435	24.45741470604186
21.231432066348454	24.802774324032406
21.02051969192084	24.447385352634825
20.305671092557805	23.63289702267657
19.83256309047626	23.284973454323545
19.787114611097202	23.15274668651022
19.80988429610137	23.67196155961152
20.02615757757944	23.547576705867826
21.164176732364986	24.84461042278638
20.103719288123386	23.54824108480142
20.002497116218453	23.745622238029593
19.56822891194856	22.821238327431324
19.67340419145653	23.20030644086769
20.746166413503595	24.33049565009504
20.0988549922935	23.63011458168111
19.6722837051262	23.050870362866963
19.232609337808725	22.950999670980337
19.343683734820907	22.839343532635148
19.819669992807313	23.430896489736632
19.67189107882749	23.350316181304347
20.462600618917218	24.275459378641376
20.298726063625068	23.90575315390423
19.81097153544173	23.605862342121746
20.01266483339281	23.556879005108165
21.000411369744885	24.316424033697498
20.764650209187955	24.219093458414584
21.666293385175635	25.40143275007827
19.992278508066878	23.1547799788716
19.983812362525114	23.21574780288016
19.85031187458403	23.20860612468355
20.101125449891303	23.8378279497669
20.713935918868728	24.14758866304045
20.403625121794942	24.195413955963847
22.74587207437827	26.445978587853176
20.68599894092341	24.289308523676198
18.007073912650917	21.573074784248497
18.881576868126093	22.28095403092176
19.57950797759297	22.89809212006328
19.243546498049596	22.664540278683802
20.44035418929568	23.8342563301135
20.322762147129975	24.084361418543853
18.507047114605104	22.12596374965271
19.179009550949065	22.35500419721988
20.189419525697225	23.71042559759379
18.17837514897567	21.50048646906632
19.96618239894794	22.907423329201475
21.062427417487854	24.24773608043695
20.125658091972333	23.478906574775714
20.328564633735933	23.79392148076602
19.87433286533234	23.359241048241877
20.473067615695314	23.84465661220996
18.130661221319954	21.168731478875358
20.669876414499466	24.09401671294194
19.108119511047494	22.418240047057974
19.961512612182876	23.430813742797593
20.101552161441486	23.205427971615155
19.776989608813242	23.269685119580313
19.425148435459015	22.886050752773407
20.336713914405514	23.38521182106812
22.356933320403858	25.618147169708447
19.524801807039104	22.495807094938435
21.076104396973953	24.464632755125656
19.26198619591456	22.54412418616552
20.86145000700738	24.58062190766547
20.939858489228914	24.69391340713339
20.112074854014534	23.349667547108513
20.951199928413278	24.15454538713848
21.238944201459297	24.859974713335625
20.430301295723886	23.99156416753295
18.989003329266914	22.323931546221367
20.919247507795912	24.344027638688463
20.404370702755678	24.228689752566588
19.545091997539416	23.005864728534803
19.908106731001737	22.974139286454317
21.542442832023475	24.78991648194137
21.012854146856156	24.739104700189742
21.62685398741639	24.79206462220275
18.6885313977608	22.095598698674745
20.134648770536838	23.865900545869412
19.200586958802177	22.264161423766183
20.63753034911591	24.24192521729034
20.76001968505276	24.070144270635716
20.823426370155026	24.472739096153568
22.144471180666784	26.110966670285364
21.592435024852712	25.06604085100178
19.29372517571581	22.657296018742198
21.761478960640616	25.168412625663095
19.040638304060433	22.07926335304406
20.89129178437964	24.14969523039087
20.56615410944459	24.081640614066153
22.327279919018917	26.14060033000452
21.012535251123385	24.72268470432095
20.421411518331798	24.26827048850414
22.697608532672728	26.298006472820436
22.565663615103233	26.235491475228798
22.125994726857307	25.235892251292107
20.70027251152476	24.264451075511374
21.213370284710216	24.6634035495183
17.302032782520204	21.212810204540343
19.886470250010237	23.491476603627458
19.86528694654979	23.10859763596974
22.54194679381741	26.26787338135349
20.38588245861596	23.87297336108619
23.245595363041904	27.256538960078213
20.720034807857182	24.041477948490474
21.26865354566311	25.379066791250953
20.711436773814466	23.80112693162987
0.0	0.0
21.213512070366278	25.725225798896417
19.299610372814655	24.445628884997845
21.550860692487905	24.793738077653696
20.789712108118014	24.791685902135892
22.31518473493572	25.689608432178538
21.122020863170583	25.02096543443684
20.7019547343001	24.448287117506542
19.9379459044989	23.751966891521608
18.720909460841217	22.815679207982026
18.38694900666579	22.93530326689378
21.518228555181224	24.942247366449635
19.581190293508477	22.879417235178046
19.00271550763691	22.259466728080863
20.02392587843974	24.061187646950884
23.71291512288865	27.418213188268577
21.694509629737546	24.983333464134525
19.52361830936116	23.199552924769698
21.65729076442192	25.308109931378862
18.114673211569492	21.578859732156094
19.67669504615152	23.68116742638266
20.971218530286396	24.277888830553447
20.14632625741817	23.264735983182415
21.126603015162637	24.65003883054049
18.52509428943545	21.942560892449315
19.092563133077764	22.36253215805993
0.0	0.0
17.040746964213703	20.44081660390153
19.045928440782422	23.056179560926562
22.468169514034457	25.945683177615933
19.38396547200067	23.10079671977179
19.02143576595687	22.387970896030435
21.806330585682215	25.0731287954213
19.681625410756233	22.900241807261345
23.241580791027936	26.685041599719135
18.298127682598786	22.393549410907074
20.278354883700167	23.816215276211942
22.218757680014185	25.77171892826218
20.49627347407574	24.090163751266058
18.492770000627846	22.177050784894615
22.65330189504441	26.71145945749465
19.244640180259754	23.791370561927746
22.047195406223306	25.625316648220053
20.201934320405282	24.6133198910205
20.212808042068644	23.915583223800496
20.52883026908664	24.179175636064727
22.28611199769751	25.943151307966552
21.304654481810875	25.03107511718815
23.191874054586812	26.681022139871196
23.829022306292426	27.24212751975738
20.680553565865615	23.92988191997423
24.790279189998685	29.062286575382174
21.243812097359108	25.60649345989187
21.768419719299185	25.25990440789808
24.196153175046238	27.9743637927272
18.947097916005777	22.23404679834969
18.614991141479234	21.508605049927016
18.046747098303143	20.951116671228107
19.514999405846726	22.72973631192671
17.5215615679504	19.72142701847538
17.513084964387737	20.533681316740193
18.48918009917954	21.494914520571438
18.706762635783786	22.030372297687894
18.510883100473198	21.7664720936186
18.4132492223363	21.4859149774928
18.368764379221922	21.386141321461672
17.659435286390302	20.392698273790362
17.993257808077868	21.214332295071546
17.579605963073213	19.08865079657034
18.780379086796138	21.936291903194096
19.19583114696916	22.513998183475177
17.576654944450233	19.900971856086876
17.661427643648377	20.423329207547912
17.475241134627357	19.57511859132479
18.83878236515507	21.815461104083212
18.11828040064267	21.787723551383696
17.498092614921035	20.561756170479356
18.88570110053773	22.2391844585443
17.52358861182146	19.49159579064436
17.5145614628073	20.220109176230785
17.655370866164027	18.747815931931676
18.389877665574385	21.727166783278154
18.147341813251472	21.246977721050285
-3.3487797907203625	21.952351682505032
17.749758052218493	21.17682619155592
17.64645608063716	20.47168890837651
17.681919952360182	20.226096252473802
17.52737273076537	19.482162105050058
19.070169578438858	22.323312629813095
17.61330714094158	20.579558230762522
17.99527406793744	21.187633036554747
17.761167712525452	20.919072918578063
18.052267206196067	21.336749898906472
18.048114987189095	21.082370547478874
17.62794197997723	19.013798818972965
17.544067708803084	19.72872701470766
18.41779899597168	21.61451530456543
17.62591964575895	18.927970582512533
18.49512891506187	21.673419668922506
17.497898253665607	20.409131851925213
17.77117247895324	20.928822561940315
0.0	0.0
18.18049769593905	21.283867309554115
18.272280205080715	21.42537451904038
17.699814861240913	18.819031650599907
17.514426915762023	19.854128153207704
18.18642764486325	21.328766294345733
18.02546436568987	21.185009648592356
17.541306167651133	20.202397674511953
17.567756737873054	19.231159125164055
17.575537855711207	19.307535951051488
17.861566330976547	21.2046625356006
17.673898943923334	18.853749981857916
17.943726549735747	21.02439021051816
18.23765147668794	21.354008069210497
17.522433317390977	20.026320421012343
18.183945633550106	21.056906722406925
17.508108983373944	20.34572135415047
17.42814761362258	19.759607971094216
18.491256900147523	22.084037594481384
19.020802639598806	22.250267840747874
17.946877463354934	20.871895806298387
17.655462503939425	20.43801283785745
18.632247108815836	21.921103339792563
17.975363490434717	21.331746342328955
17.475039332282517	20.128363759148147
18.922853994268266	22.660548639398726
20.530886970001674	24.019613899749302
17.85436008842128	21.068752780841415
14.620300756644799	22.704976571846412
18.872106056051397	22.14588977829919
17.641662871002392	20.937913621307178
17.459187706058444	20.017395774776517
17.716047849877878	18.642671022192435
18.663747271155096	21.860645810509943
17.55062380262241	19.167302222768214
18.16494311395471	21.621637925474
18.281101575069872	22.05027354700044
17.79975863171231	21.771854680055267
18.67043925647776	21.97072743053396
17.449847600009537	19.848522761318588
17.60602822880836	20.62570127863793
17.599816235260853	20.984343615813366
18.852036759605326	22.230599119911275
17.58260130629165	20.58230996384995
17.32546582191613	20.153845167463754
17.945520469843707	21.288442542851605
17.53880298517312	19.532808419245825
19.450846092969243	22.62416802141064
17.5508822422878	20.55936632338603
18.48973693766665	21.635007477616554
19.42022133480971	22.60414504397447
17.91896834241863	21.054973460559886
17.6632635193519	20.74599246209341
20.06691615191741	23.279263810240792
18.835350093315107	22.180969181587237
19.137255921738415	22.24408791981432
19.10978395215012	22.60392111071609
17.528749761561173	19.979551019688827
18.12805141764841	21.426987034500026
18.994264134935513	22.287186136670933
17.46579227123544	19.546920207402255
17.826454480489094	21.133161226908367
19.99930647021899	23.941046923335698
17.512834192587817	19.771410344765698
0.0	0.0
17.716055969270677	20.764225860563307
17.459496591248076	19.429455664000947
17.27533866088608	20.14946602661392
19.57471262775915	22.86541951335413
17.77145360027402	20.78747393573672
17.695296344230634	20.569800320198077
17.609536869510723	21.34354235412209
19.22938899629435	22.41203709013143
17.491197008995492	20.156078915687125
20.20813149049277	24.3360388891459
18.408992236839993	21.497139507544773
18.585944240513374	21.906241352137993
18.62771597536253	21.597526639383563
17.472412757306596	19.50167781886528
18.49785811835287	21.68519966668131
17.502635322052456	20.266569771331334
17.952741311107726	21.89642555900946
22.349745509477685	26.209668400434424
21.404526311627365	25.181254785784745
20.95699975647491	24.589085601191105
21.011307756865353	25.000756223237186
21.363726034792112	24.82614289220984
22.01386045346594	25.33453012575769
20.665401981135084	23.84532876227312
21.643766680593956	26.101329526071083
21.158113036186073	24.617302384346154
21.28598252881611	25.635644515861625
20.226857450610765	23.422545167797438
18.683417356697618	22.064684831412734
20.219297123562757	23.81890134750658
21.848342954226613	25.122304857663035
19.997994489730544	24.055350236831956
20.583177983634286	23.86150127661962
23.552128791809082	27.64720630645752
21.067792829687683	24.525127473657044
20.84646032013458	24.64448549590546
21.086861191281848	24.267905654421277
21.76242544899068	25.99788949241557
21.0840353125473	24.97238215266266
19.43563253155686	23.06900614031814
21.737197981265446	25.487831010433773
25.086430294498516	28.49809386016457
22.402786755005014	25.78729388769518
22.251006438220887	25.869959519420714
21.303921630681195	24.482224533259235
21.01712768700472	24.39189559790739
22.46738863295051	26.122148033919608
21.481032156893654	25.00450441842373
22.323986067640302	25.934629426134112
20.916191550576762	24.19622376314394
23.837949505783698	27.518022784255365
21.876568952183813	25.261383852381616
23.360049294311782	28.6298875343015
19.680215428589257	23.013058115722266
18.99260787396927	22.64554901689987
22.27661891094945	25.46587185748317
21.41132536562132	24.808382123392352
21.581332830360235	24.95685801131457
21.546987916253933	25.349208449102512
24.468002987515394	28.504390048373278
21.00127789726176	24.778585460282184
21.666113306762306	24.986102650879296
20.817331137930513	24.16759508582437
18.55634728814386	21.779851518618834
21.936421736537017	25.58296455496689
20.69821816341133	24.623942557413866
22.350741234554608	26.475716742740314
23.53771276332264	27.439763356672476
23.7209499869377	27.705899378296674
21.828474755499773	25.54643178441722
20.266550217970668	23.30830558647269
20.155226456385	23.335837615270272
21.52512582548105	25.203502333088284
21.202998645239827	25.330517284935954
20.675960394986877	24.70994200979828
20.805566212680436	24.714861491176986
21.601542161022277	25.42887814232245
21.404871489085462	24.980935548268054
21.96491551854808	25.311777825568132
22.463557486321516	26.33684801599782
22.17184560820302	25.894293612988385
21.417782372476694	25.342166357992056
20.011735721758217	23.209642604657798
20.52681914206017	23.714889613432995
20.6164949400916	24.082252694796097
21.093775860569785	24.71526802370756
21.618707472604804	25.820175355153985
20.813359430641125	24.08485109487157
21.40994662995551	25.339242746875545
20.38504228571671	23.566989803516687
22.063804535349462	25.696550460378077
21.41662049749095	25.490182633612566
23.135780142117966	26.28491802377559
18.727384210898364	21.83663785331062
21.017172242425808	25.258082960821262
20.076735905527816	23.70081574547316
20.104563636131854	23.82507999484959
20.63902280892536	24.659944552524834
22.04114859068723	25.537699294444607
20.827063600981564	24.061202008759647
20.030493246268822	24.453059686470436
21.147655634869942	24.354791493425957
20.123928104489725	23.201105083376486
22.202892599085587	25.69129151346324
18.59729500586313	22.513535301143705
20.245809144022104	23.88981288051403
20.826084904356872	24.345807261780823
21.167143752873578	25.062609741389117
20.90556021809831	24.068677223918293
19.85201055684667	23.71209543070216
19.280021047895882	23.48785080879357
20.498633415076384	23.98424622359549
22.33224187636325	26.074694769144564
18.904887897953106	21.959877269283222
19.7976520785354	22.81061093721167
21.7603714167439	25.139035016361568
22.59781621823645	25.815489064356324
20.256265895381855	24.25083707092674
21.7270932167199	25.54723310774299
19.679625531417297	23.527338961380554
22.57694900617984	26.122450941940276
21.774377482711888	25.855326039016628
23.33612635383687	26.787670109175824
20.161513209089858	23.483296513810533
21.32616626229256	24.59779156241447
21.411750443169012	25.744173400214777
21.94299765301358	25.5431607179581
22.960062636438195	26.835280762609656
22.631176365408926	26.359799968209238
22.52498797398464	27.09371968287571
22.89522628014761	26.474866111820162
21.862247853775187	25.68900069663985
21.37390015029097	25.0493042717061
20.875721018278927	24.680156667267948
22.277046049729528	25.941528474196254
20.696525338855267	23.866546865734577
23.088946565194746	26.75183750768123
19.935705458282666	24.029227937103077
19.682960111371017	22.824541490801835
22.165154096680336	25.156415346068687
21.975416685618665	25.471372102223132
20.49491659597733	24.301798186737514
20.815424463551516	23.909192540843016
21.317195074320345	25.024845941304655
22.171893103613723	26.28328229616655
