LChannel	LenergyMean	LenergyStd
131072.0	19.749774082891435	0.14392723678347433
131073.0	20.97845663234949	0.44548823522733677
131074.0	23.579787139325504	0.3976978479899636
131075.0	22.778779378996035	0.330342728162396
131076.0	23.39800471912738	0.37456143847536094
131077.0	23.061872956680954	0.37146092951935655
131078.0	22.777610003744304	0.40037860361635336
131079.0	21.944549424866086	0.3112355577365323
131080.0	23.498027161087666	0.3854078593123412
131081.0	22.31839092608788	0.3222821464652129
131082.0	20.47368135978189	0.2795694150528777
131083.0	23.502147631985025	0.3731805276528824
131084.0	20.48847143040528	0.3061515393962078
131085.0	24.15744168231553	0.31191244614276303
131086.0	22.82212474029578	0.35979950003621325
131087.0	22.69543777857998	0.374065355777839
131088.0	20.98498766229598	0.2658399183448929
131089.0	20.492153807575946	0.5849333806420784
131090.0	20.46498602922076	0.2795694150528777
131091.0	21.15259722199251	0.0981272113288033
131092.0	23.992662752768595	0.3751728901088146
131093.0	21.963699776430715	0.3783930059747118
131094.0	22.0682503878905	0.09030324208985822
131095.0	21.98374235167349	0.10718141592383061
131096.0	20.45087841875093	0.2847841218653049
131097.0	23.740360928441632	0.34208325747761636
131098.0	22.48529893825521	0.4265832113657502
131100.0	22.686837355225652	0.2733881764350482
131101.0	21.877973223463833	0.37433541328071507
131102.0	24.147359427256436	0.2938478558975722
131103.0	21.819399331879342	0.3512800968184278
131104.0	20.53989169307717	0.34108140565139394
131105.0	22.626178092650257	0.30855322374305544
131106.0	22.478210768799553	0.26927316737825574
131107.0	23.018029987713405	0.3763527568009678
131108.0	22.864322542914977	0.35498122151248895
131109.0	22.1187439599723	0.3727194639474638
131110.0	21.554076788444473	0.33569377049973786
131111.0	23.476544039661277	0.34154950659307926
131112.0	23.85413208867071	0.3262945202391155
131113.0	23.115306240247772	0.27904647746647043
131114.0	22.07895787012614	0.22674337576013656
131115.0	22.25557921169498	0.1692201092118688
131116.0	22.886453562507896	0.37417236173169627
131117.0	19.861661253623616	0.0789450322752219
131118.0	21.688988793199126	0.2929239466625929
131119.0	20.025820397600615	0.067283023666715
131120.0	19.92278120926208	0.32968645235985095
131121.0	22.941527199999413	0.429982549977498
131122.0	23.772655020751145	0.3224392895278404
131123.0	22.367793452747	0.2685159946758509
131124.0	21.15227764045202	0.22851395799155136
131125.0	20.499243936064694	0.03755183599207761
131126.0	20.224843666458835	0.04183750951113067
131127.0	20.713348315606392	0.3543186958276185
131128.0	22.38625277337416	0.2550165515631628
131129.0	21.72871657257717	0.22813973235648805
131130.0	23.798795010783582	0.382771527545353
131131.0	21.794923729758505	0.31070986591200006
131132.0	20.72811775879881	0.34974225938452297
131133.0	21.307089933491785	0.1970529870386301
131134.0	23.853723016488377	0.3494817288842556
131135.0	22.09488044721121	0.3706129714623323
131136.0	22.16305642172888	0.4197075411148917
131137.0	24.274113368954033	0.34578143593633776
131138.0	24.785894317800835	0.376137974896613
131139.0	23.126900868474653	0.25176682089654345
131140.0	22.999565627392393	0.3659449925186131
131141.0	23.58128406669872	0.44337151496446753
131142.0	23.163147361268916	0.28700773486592335
131143.0	27.50435233364419	0.49207360400902384
131144.0	22.405750586162096	0.28408166662801915
131145.0	25.154469616628695	0.44000500045951874
131146.0	23.073711921827663	0.4340230133246731
131147.0	23.46043322558233	0.37620013676213426
131148.0	22.16855833136268	0.3905638557150311
131149.0	23.99385103771525	0.40290596981137455
131150.0	23.469456574913274	0.33814080851154715
131151.0	23.97579913421284	0.3498761950418411
131152.0	23.27540049233287	0.466369080161455
131153.0	21.856402168138374	0.3742094851209863
131154.0	24.9546103988612	0.4152162367097253
131155.0	23.70143227120049	0.46117972009756547
131156.0	22.984081290950133	0.34769237743889914
131157.0	21.174593524713536	0.34723280960208047
131158.0	23.43486791082825	0.2823249377306035
131159.0	21.47666591693783	0.28983829274055234
131160.0	22.844310973710535	0.3610754303634348
131161.0	22.524373061207363	0.36833039677578655
131162.0	23.22911560207655	0.3657639361477926
131163.0	23.06552966400421	0.3776651340924368
131164.0	22.157254244504575	0.34351326428571477
131165.0	23.026050595824852	0.3878880150114816
131166.0	23.45937235282064	0.40419036446223683
131167.0	24.099300706957834	0.3489508471810137
131168.0	24.13548280362701	0.4243729783693293
131169.0	24.114155548302886	0.38896362522566846
131170.0	24.056240768800823	0.38793497053496234
131171.0	24.35137844232135	0.5126935891615652
131172.0	22.806608393004993	0.3675910333135273
131173.0	23.464394485192386	0.3375052221887777
131174.0	24.091451869806193	0.3385426254461805
131175.0	24.176467697960312	0.37461784150784905
131176.0	22.944839156383914	0.38921258186711927
131177.0	23.166811653416904	0.32821079319167296
131178.0	23.1959870943292	0.3469715969211965
131179.0	24.0483555783512	0.38127236690965405
131180.0	22.753571717329834	0.38699428184425316
131181.0	23.920569039609415	0.3989238861230347
131182.0	25.088113832933434	0.3775278043899394
131183.0	23.570208698599576	0.31992693336961514
131184.0	23.504170540873762	0.39586675248055436
131185.0	22.743118672441536	0.40821549542417745
131186.0	24.297415007361685	0.40973757412278994
131187.0	24.55462513601566	0.444646248755747
131188.0	23.48759479361898	0.36313720780624936
131189.0	23.88880537695651	0.3643826822315286
131190.0	24.713278950908215	0.4395653590309167
131191.0	25.237101854223162	0.37913626195520445
131192.0	24.222008028442346	0.40720806602949955
131193.0	23.891959979443932	0.39784815395083334
131194.0	22.930534301984107	0.3438157086388852
131195.0	23.937708499502996	0.39292320121131713
131196.0	22.8909467032885	0.34196995525182955
131197.0	22.1211267759761	0.38006870336571646
131198.0	23.856751812161736	0.3941918591870985
131199.0	23.483918482623178	0.3814207756605601
131200.0	22.949348921683477	0.15499666405656795
131201.0	20.346328838931058	0.047653780229102244
131202.0	23.119926524896474	0.12046659721565282
131203.0	21.87949830167161	0.18907587732973674
131204.0	21.329149736669294	0.07445143551078501
131205.0	20.153852115050118	0.0777918694165358
131206.0	20.41763029104017	0.0575880467848122
131208.0	22.26941984537318	0.18507333661080197
131209.0	20.87355812636038	0.06453045232495343
131210.0	21.18952809395309	0.06310711749176862
131211.0	21.20730228630974	0.0591409387401784
131212.0	20.33470802524529	0.2082316037262949
131213.0	20.270415893231302	0.06631159104775178
131214.0	23.057776439072818	0.20186368027357018
131215.0	23.10884437998193	0.2252037985392397
131216.0	20.36578309850653	0.07404239436850822
131217.0	20.537979588785902	0.07422217095417662
131218.0	20.918994144287794	0.045293769658276
131219.0	20.23826880466308	0.04337102494480748
131220.0	21.31924815322816	0.20753304595215208
131221.0	21.049682677127127	0.06392442007521548
131222.0	21.84280840978029	0.08885291555276285
131223.0	20.95726566323121	0.05458872358686865
131224.0	20.36862159298329	0.062009067678944416
131225.0	20.361151832274246	0.029165639014497955
131226.0	21.70286908431939	0.2049566942598623
131228.0	22.620590462376118	0.07271800251309628
131229.0	20.771655438079527	0.1666076299647592
131230.0	22.30805784354709	0.0726557803333254
131231.0	20.084371037138233	0.051950528397787715
131232.0	20.785818003645506	0.039904478149798875
131233.0	20.19280800126525	0.061413750356625926
131234.0	19.650172453037438	0.04609258197288963
131235.0	21.74584323358755	0.14923031969956552
131236.0	20.047082675204358	0.058634629864915876
131237.0	21.92314617449408	0.09906810862609908
131238.0	20.136429332168067	0.03527535723438989
131239.0	21.249860438816818	0.06170198198162469
131240.0	19.205351660311138	0.03251605778977966
131241.0	21.691202837682066	0.054086728765598995
131242.0	21.085706483935137	0.06324278253129899
131243.0	21.85668283959152	0.07846296147200887
131244.0	21.910091060970004	0.25481703381057313
131245.0	20.88906738998451	0.057827256409810616
131246.0	20.91025980462168	0.30943620463746446
131247.0	22.64564230709622	0.07144044306147322
131248.0	19.918298593539763	0.3101425688560238
131249.0	22.367881175768165	0.22419179270094075
131251.0	21.066413367217432	0.05814989083972885
131252.0	21.804012174849817	0.06821376517808156
131253.0	21.44312496801837	0.06853656047489069
131254.0	22.827257646056832	0.16788557399973977
131255.0	20.622997927669356	0.2812765535786687
131256.0	23.662355294287345	0.36233753134272617
131257.0	21.113941354590775	0.05789283552604911
131258.0	22.773234288331277	0.15762295831148865
131260.0	21.407551185003623	0.2742903639152064
131261.0	21.578214217933393	0.06439776502934424
131262.0	20.520562266530668	0.05745611826319651
131263.0	20.484402748155187	0.271152909378392
131264.0	21.063988572484394	0.2696466740322844
131265.0	19.223106664124334	0.0740408440768648
131266.0	21.29432363166383	0.049804324975324284
131267.0	20.26736538103699	0.047575744375024404
131268.0	20.882050361252094	0.03931719986564859
131269.0	22.533618325615784	0.21797452862538746
131270.0	20.913023919929763	0.05501887153328358
131271.0	20.2111631355285	0.27053276011293265
131272.0	20.18035169829361	0.05618435177565265
131273.0	20.39827692847887	0.06176031036741274
131274.0	21.9568383873135	0.24099193232204255
131275.0	20.809037369425404	0.06341273070430473
131276.0	20.509508946468983	0.0839038475775068
131277.0	21.367002198235664	0.07721964032126429
131278.0	21.56948922683125	0.048220512655219594
131279.0	20.58137550484001	0.05231135649530162
131280.0	19.476246782182162	0.2615757310310988
131281.0	20.59079694076167	0.23591100635849377
131282.0	20.437689954279957	0.227881411331806
131283.0	20.645674301151626	0.07678471810603117
131284.0	19.580104866718614	0.06747860124950247
131285.0	20.216693292425017	0.05818817296655583
131286.0	19.91596048070383	0.04546816811213139
131287.0	19.98335506968436	0.04616862389953058
131288.0	20.550756242570568	0.06071667048727309
131289.0	20.93133107140286	0.06923665359626638
131290.0	20.79966725119437	0.05893313980466727
131291.0	19.990470947851293	0.059519879620544
131292.0	21.224194321926035	0.05743896622115218
131293.0	19.36862983645263	0.053924162423704146
131294.0	20.025946998755167	0.07667626085439236
131295.0	21.081261298362502	0.06993644125410443
131296.0	21.091866372070914	0.06431011050216257
131297.0	20.432760041942508	0.04765994496618921
131298.0	20.367828680376064	0.05629297171398262
131299.0	22.38726380016487	0.1924676013487734
131300.0	23.232490346077	0.21119998809346144
131301.0	21.019058827302384	0.05578842949146618
131302.0	21.177893595718345	0.044859148733284164
131303.0	19.750462083478652	0.051881775049821874
131304.0	22.052224821314528	0.13665326006224934
131305.0	21.053667563977108	0.05910131108488522
131306.0	20.549010007637555	0.059643937643940735
131307.0	21.137941017168224	0.02284954602166008
131308.0	23.601347622046	0.24679562290621151
131309.0	20.483372910239368	0.0539010337288015
131310.0	21.474873280377427	0.04263482851250471
131311.0	21.508815969921557	0.035184691969274255
131312.0	22.366099389233067	0.1639587275175582
131313.0	20.933868862581008	0.04297937583410862
131314.0	19.64404608764482	0.0488906103553195
131315.0	22.2826856681662	0.08939011979378945
131316.0	20.027333612406284	0.03661749165576527
131317.0	22.34164138775001	0.17094169471707277
131318.0	20.897895437448078	0.06059963071371164
131319.0	22.33727977929803	0.15104014463397405
131320.0	20.94864002151044	0.1730369702502004
131321.0	20.439601364128453	0.03128588845814357
131322.0	20.553778737863308	0.0736371271342978
131323.0	19.979135083934786	0.0883771621251739
131324.0	19.9489168229473	0.06617380630528424
131325.0	20.34863357767305	0.05816850625642671
131326.0	20.136769538079598	0.04944199280407673
131327.0	20.557004856215247	0.043887233813496324
131376.0	23.032491564539455	0.2795694150528777
131391.0	22.34046371993356	0.2795694150528777
131392.0	40.955588666548785	1.2080340298196006
131400.0	42.80508474576271	0.2795694150528777
131410.0	23.11266760545401	0.16562014833988098
131411.0	42.354924801396876	1.1076313045806658
131435.0	41.974977683807516	1.116689996823005
131456.0	23.732802153075898	0.2687839989096129
131457.0	24.29384477940775	0.267089578000007
131458.0	23.928140525224133	0.21697217302650312
131459.0	24.20143165028955	0.27106338487648224
131460.0	23.710793550033355	0.22851545231901513
131461.0	24.03345064867943	0.2655560223684816
131462.0	25.588877369358542	0.29324060408171354
131463.0	25.137403308054285	0.2826764229329043
131464.0	24.104579838419067	0.2489780485695222
131465.0	24.87933446440671	0.2999245843925984
131466.0	23.970851461802635	0.30960456970914224
131467.0	24.485356680193096	0.2908658361362872
131468.0	24.340210857497873	0.2656313499581803
131469.0	23.744900904127544	0.2754008003744152
131470.0	23.908866113522585	0.2918177451085286
131471.0	25.36139431930341	0.2672858704459257
131472.0	24.807042199904743	0.23924216280149116
131473.0	24.988035778315744	0.23792942460131095
131474.0	22.173529368100997	0.19339177105830715
131475.0	24.943544933658384	0.3408267617315398
131477.0	22.280093894445617	0.22719404686592512
131478.0	23.121738694101275	0.267435986022721
131479.0	25.037088888936218	0.28216811385296725
131480.0	24.667522013503724	0.3002126918888521
131481.0	23.049505691353183	0.3047287770185811
131482.0	25.934339359148158	0.31446727872332353
131483.0	25.201417565103437	0.2537718321221114
131484.0	23.04906785041255	0.30864502574357533
131485.0	26.471405178375328	0.3138528250282492
131486.0	20.430157349357305	1.233678245515633
131487.0	24.217892912890495	0.29866150127745217
131488.0	25.381665477755217	0.23236035010092154
131489.0	24.645003618131817	0.34306534114779064
131490.0	24.598725104002973	0.29443992071773933
131491.0	21.511789065502438	0.19869275645648565
131492.0	25.767723686771838	0.25878364317907443
131493.0	22.722479048616847	0.12072799872678303
131494.0	24.451870599696264	0.21222912983630396
131495.0	25.33367816955747	0.26111237707666207
131496.0	25.220019563854446	0.25381218068569084
131497.0	23.77925289356311	0.14648998309046982
131498.0	24.86922412123679	0.29213606917008095
131499.0	23.254743548666486	0.30155835412105353
131500.0	21.50805611640671	0.44533754527046193
131501.0	23.65339591885871	0.23805126698508897
131502.0	25.178021095946956	0.4366000244455399
131503.0	23.77416987345489	0.26816157875264485
131504.0	26.0770966987732	0.43008555871400567
131505.0	26.193736631886313	0.4333688433510087
131506.0	25.138267615069694	0.27166939125038403
131507.0	25.299828584946887	0.26378191321874206
131508.0	26.381689865930728	0.24816150645062834
131509.0	23.56605430088866	0.24457639297855815
131510.0	25.891369540325123	0.24595944573031298
131511.0	24.71938345748799	0.44268898004949386
131512.0	22.38816723097363	0.4403405300778421
131513.0	23.916566115149887	0.3011304584768094
131514.0	24.80248854542943	0.23073786312145975
131515.0	23.917682658495917	0.17886533394986392
131516.0	23.582288411530612	0.3923982350548994
131517.0	25.618719129056206	0.2971013614338575
131518.0	22.594717922628337	0.3310215841871904
131519.0	24.05918850909026	0.4589711025633074
131520.0	24.390502908782207	0.4214555801606987
131521.0	25.3338014359914	0.19230181179281045
131522.0	24.698955226800997	0.2534857679501781
131523.0	25.45437821162544	0.22449978285593844
131524.0	25.51657835623571	0.2014209983275105
131525.0	25.294602329095678	0.33619401519752196
131526.0	25.606125515599814	0.2794879828181655
131527.0	25.620485609616328	0.510184938622792
131528.0	26.994396070133796	0.2335882690079357
131529.0	23.429765030846095	0.220439231357526
131530.0	27.56525911726604	0.4485811073200141
131531.0	25.593548346198517	0.18664989876952018
131532.0	23.809252675404984	0.2681172893192056
131533.0	24.652909564237977	0.2926553072760819
131534.0	24.317547572870467	0.2728853833001115
131535.0	23.89621797833981	0.2543014883122362
131536.0	24.89861419726537	0.3499545867509309
131537.0	24.4804253490668	0.2945826621483541
131538.0	25.068704682956277	0.3550436042995965
131539.0	22.789280735943972	0.26838892265260833
131540.0	24.501645300725148	0.18894735280352448
131541.0	24.347671641845096	0.20683377597327174
131542.0	24.063473315202337	0.13394905797241582
131543.0	24.616346458177517	0.1804028150508484
131544.0	25.805857843412536	0.2939256296513458
131545.0	24.10520396984757	0.2709381480330429
131546.0	26.268116980248887	0.23626001979458636
131547.0	27.51500420109423	0.23502400688435174
131548.0	24.59926989242	0.21293570603696022
131549.0	25.485043246142087	0.19512265969194242
131550.0	22.89533834440729	0.24118373407380236
131551.0	24.028647913688943	0.25159143900102976
131552.0	24.839661944564693	0.24001645696556184
131553.0	22.974532506126693	0.30060058088834873
131554.0	24.338831247562105	0.19074846340305623
131555.0	25.034056244423148	0.2498459336144303
131556.0	24.448690114335765	0.2131788168853242
131558.0	25.864701936710215	0.21212162362288836
131559.0	24.49397794846492	0.3314174802367474
131560.0	24.01514986861241	0.21051643972696382
131561.0	25.610913849355306	0.2836569190679803
131562.0	24.552493463318882	0.2289211839389542
131563.0	25.035520119233237	0.24133423301485626
131564.0	22.756899082937373	0.2795694150528777
131566.0	22.288350986996637	0.058414941565034316
131567.0	24.033421941151854	0.2598808498035691
131568.0	23.72711098165095	0.204828133143718
131569.0	24.539744329675706	0.21557544510433452
131570.0	25.732960597438996	0.2625807756660497
131571.0	24.313635366642153	0.3009802082680897
131572.0	22.651419289143078	0.40079513905414793
131573.0	24.385677624248125	0.23827378737695665
131574.0	24.90934598427539	0.24823023034475086
131576.0	26.527494474743648	0.27955930787577193
131577.0	24.36890179918973	0.3010396593600112
131578.0	25.161938450445312	0.25473868155824736
131579.0	26.354912147539224	0.2745514089357649
131582.0	25.652470179786526	0.19140911228592075
131583.0	24.258321885214254	0.2302326298782916
131586.0	23.76338601260646	0.2541193106767396
131587.0	22.79472662468341	0.24333983842641949
131588.0	23.61105579887879	0.2759530146493867
131589.0	23.939713631191314	0.28764532868932713
131590.0	25.410724498168126	0.29662321818302184
131591.0	25.438336466580328	0.30167673268992556
131592.0	24.995740635816453	0.25051151716102876
131594.0	25.631915910095078	0.27232123181356055
131596.0	21.835771902747634	0.38008872572916647
131597.0	22.59203081862594	0.24343706605730547
131598.0	25.72377640869602	0.3248177316954725
131599.0	24.412939697362482	0.24868468239761526
131600.0	23.42188646254175	0.26395924236354673
131601.0	20.531080789245458	0.12559636508831215
131602.0	23.144916071050687	0.21786939281428602
131603.0	23.912929782983685	0.22620406324770387
131604.0	23.207336827633927	0.2151190353281473
131605.0	23.08106989880302	0.17133544243085164
131606.0	24.85288573540462	0.2558202388839432
131607.0	21.824382979608778	0.30041938873762025
131608.0	24.37218800474745	0.25008743633576347
131609.0	24.082093150264424	0.24842727709447127
131610.0	24.882745356181537	0.27953714444688615
131611.0	24.838650218544764	0.2772981501646422
131612.0	23.4938561522148	0.22897924406937897
131613.0	24.07778403413325	0.323216924036301
131614.0	25.189291356609665	0.2962814858671324
131616.0	24.350838572487866	0.2923103000310114
131617.0	25.105394378861742	0.24693364346392951
131618.0	22.010877114026854	0.3606094216621318
131619.0	24.01746599586143	0.23772243792940137
131620.0	23.363554627223813	0.25579346385680124
131622.0	22.072143411652146	0.2795694150528777
131623.0	23.182062656964586	0.11192372557065149
131624.0	24.448184071917225	0.19741332817893972
131625.0	23.68764506069117	0.2803023190674148
131626.0	23.72814840173888	0.13361947491692758
131627.0	25.504698172139587	0.1959968495154249
131628.0	25.260715637649625	0.24254490767926043
131629.0	23.325245858178235	0.11717297215726344
131630.0	23.344036106425214	0.3330073865917491
131631.0	24.957016586207793	0.15527048445599348
131632.0	19.240277215642124	0.14160791541798137
131633.0	23.61924701519354	0.21540108193711696
131635.0	20.319083547900476	0.09317613426007701
131636.0	19.857832746252857	0.1866655388924224
131637.0	26.387570677294462	0.34144880135541317
131638.0	25.51914913767945	0.18188517594336934
131640.0	20.08685819395316	0.16934607912911157
131642.0	24.71752616167058	0.2011019572017954
131643.0	27.12839755039875	0.3159525536208095
131644.0	21.01140014510338	0.23465064336378777
131647.0	25.44981929278913	0.28714189691356534
131648.0	24.219373093283174	0.24999598531510556
131649.0	26.459457728949403	0.32521071167752647
131650.0	28.314154389490874	0.313814892065071
131651.0	24.00984507603505	0.3247570256677669
131652.0	24.648037734347028	0.2734792232043317
131653.0	22.07347562449164	0.19017091289775145
131654.0	26.878678903707872	0.22314118857852464
131655.0	28.067482893243724	2.0544415426529814
131656.0	20.99529043541135	0.12591248874983482
131657.0	24.309574981616933	0.1990876159686433
131658.0	28.25343406024249	1.5562922493340272
131659.0	27.477461115877787	0.29623372180106516
131660.0	25.10460305021859	0.22874861035811553
131661.0	26.342961842753294	0.2670453119940744
131662.0	27.161180797101185	0.2908990425679518
131663.0	25.035773976087835	0.17744596415442798
131664.0	23.365432707456215	0.2203813860744864
131665.0	26.02154205251042	0.19661635967022506
131666.0	27.37702769107917	1.8645312905693767
131667.0	25.438378314827084	0.2976882682271063
131668.0	25.73002222634341	0.18056418131453006
131669.0	25.036892317617255	0.22536869818043573
131670.0	19.793672480049622	0.2665359014397217
131671.0	26.064279762718815	0.20405237768098855
131672.0	25.834399425858543	3.3246539003542215
131673.0	21.800063106477705	0.2795694150528777
131674.0	24.12578118352713	0.20024216776886458
131675.0	27.679267020693995	0.25262181039763437
131676.0	23.974354995451993	0.2312019140042332
131677.0	24.47791791528456	0.2398550358781733
131679.0	27.27482564888874	0.2566034519317518
131680.0	26.3446439193116	0.2301703414711577
131681.0	25.81536825586602	0.2192169291182038
131682.0	23.442742351472965	0.22867820869541985
131683.0	23.53990079850793	0.28016035827690183
131684.0	23.515320308594166	0.23435579921521363
131685.0	23.507986329779307	0.26375405330243934
131686.0	25.1045270451437	0.25176203801865904
131687.0	25.63411287727059	0.2698524412706664
131688.0	22.500485529221983	0.10195239824427353
131689.0	24.94891941569294	0.2759414236488096
131690.0	24.92323301079085	0.21407789430645946
131692.0	24.688633300649762	0.2550794120395097
131693.0	23.90182008082761	0.22391665251970064
131695.0	22.436295217003686	0.2469052552168452
131696.0	22.292813551332898	0.25301778431983
131697.0	24.874753920096467	0.2124692442210394
131698.0	24.32590802135996	0.33795570091611055
131699.0	28.611452300953864	0.22538235785596744
131700.0	25.840608962001504	0.28313264685765954
131701.0	24.640650625296818	0.2663354823496051
131702.0	27.427729070854486	0.33711341602005424
131703.0	26.605102813053744	0.31055906948510303
131704.0	27.18235816765084	0.37781883155051554
131705.0	27.09458402879104	0.2558491483419948
131706.0	25.671184668525957	0.3453593890852787
131707.0	24.19040466349149	0.27276070085320764
131708.0	27.8744303001116	0.32805543971978995
131709.0	27.242681704453837	0.26475347199343796
131710.0	28.452184320846282	0.2566669898659709
131711.0	28.060524255959052	0.3018052270760713
131712.0	20.486368729462868	0.28998032044100003
131713.0	19.61026979793622	0.18927621031653566
131715.0	19.89965213928798	0.21429508032052416
131716.0	19.62877648918279	0.22906863805683647
131717.0	20.25363176622529	0.24811196828563062
131718.0	20.050912708327935	0.13249630258967682
131719.0	21.48150760994823	0.23527443680631674
131721.0	19.54987111164562	0.29482884894800304
131722.0	19.123903269277246	0.22370272833486618
131723.0	19.15733272913163	0.22806660857856673
131724.0	19.51491532943046	0.25967760363232223
131725.0	20.475885518924375	0.2724614068710697
131728.0	19.60229032052426	0.23309218640694182
131730.0	20.400570701874816	0.21456640987439884
131731.0	19.150596168470003	0.09359518390574714
131732.0	19.24399777622248	0.23725137556166687
131733.0	19.183307260611652	0.23106029655824376
131734.0	19.662288017542163	0.2066739694965869
131735.0	20.204256675679012	0.20022946236027614
131739.0	19.469034460943494	0.1822166071741876
131740.0	18.95444804415051	0.027765985284214447
131741.0	18.788460255972744	0.2795694150528777
131742.0	20.807258397243633	0.1852558593357672
131743.0	19.3697076193433	0.12471352391685005
131744.0	19.62511160908798	0.2592659660979685
131745.0	20.69178280060064	0.16751849355765958
131746.0	20.996744024347848	0.16721130045838914
131747.0	20.32697120129265	0.16148516093579576
131750.0	20.682726476162745	0.1803656385039541
131751.0	20.54873675404044	0.020980081451151596
131752.0	20.100391017299827	0.05815126101418536
131753.0	19.295125689364088	0.2795694150528777
131755.0	19.343289370968048	0.2795694150528777
131757.0	20.82063756969387	0.03606116237496633
131758.0	20.37540073330271	0.045596865302827555
131759.0	20.484626047898388	0.04216493242516699
131760.0	20.730846422926653	0.04807497124340825
131761.0	18.944361629464535	0.2795694150528777
131762.0	20.388882952729155	0.29786884661784335
131763.0	20.477157844681415	0.05491207905955812
131764.0	20.25646346990682	0.03694439703394307
131767.0	19.648986557359375	0.062012632309615706
131768.0	19.68882677406744	0.040637877550222794
131771.0	20.3449739610825	0.3284720566113404
131773.0	20.169631880673972	0.2573442772787545
131774.0	20.894461305435676	0.2259965027291445
131775.0	20.701624627255562	0.029638866111576036
131776.0	21.563679521664167	0.07675943841783267
131777.0	21.615342185145767	0.03225490188031637
131779.0	19.474647633216343	0.2795694150528777
131780.0	20.52630375253228	0.194044978414557
131781.0	22.040263940102403	0.07748482801216774
131782.0	19.802121511392826	0.24996843059399107
131783.0	21.786535510644292	0.1429731336332895
131784.0	19.31717770784447	0.2795694150528777
131785.0	19.173027736063005	0.31170487530289365
131786.0	21.022566812843028	0.05356833214814312
131787.0	19.50356348116905	0.18478840197167826
131789.0	21.16162659390547	0.1818858183263477
131791.0	20.00320859149093	0.045927964997545055
131792.0	21.949826111894367	0.05928108971351059
131793.0	20.52180067177735	0.05971213361997571
131794.0	19.925627556597796	0.0819183015972181
131795.0	19.4062055153201	0.10299402644616494
131796.0	20.697870727154488	0.04351307498177561
131797.0	21.47283328614029	0.012842676846632954
131798.0	20.078791505052333	0.007256288656047235
131800.0	19.8563472674089	0.3604743053011912
131801.0	21.529903663601516	0.3028336769586605
131802.0	19.240538017418505	0.2795694150528777
131803.0	20.590538190678146	0.1983225988448226
131804.0	19.706241475777034	0.1847623566658296
131806.0	19.623624095569838	0.19254505372080138
131807.0	19.811711420730962	0.14449861328187075
131808.0	19.4180835484314	0.23600405960744217
131809.0	19.692270797915707	0.26156540044444354
131812.0	19.140560044244186	0.2968401463367924
131813.0	19.22671607262946	0.2513937289566528
131814.0	20.507999683212834	0.23997246723509885
131815.0	19.882363527105905	0.1451912893580747
131818.0	20.31089873257259	0.27500547566756994
131819.0	19.860208163516383	0.1429810333704699
131820.0	19.383818660681047	0.05385573199955359
131822.0	19.69449869179023	0.21760443423222353
131823.0	19.13621137686304	0.309097169732967
131824.0	19.409132625571072	0.2349994681165476
131825.0	19.86100708060027	0.2092804234504109
131826.0	19.631741823877515	0.2782359621513626
131827.0	19.393774071707472	0.18618880056730175
131828.0	20.686304558660844	0.17064798839199247
131829.0	19.945875845468404	0.2770521306170353
131830.0	20.1955927335376	0.2787424940597534
131831.0	19.444310911669966	0.09140405991923653
131832.0	21.03302598357842	0.30826009064094406
131833.0	20.877345854928688	0.24858288692649994
131834.0	20.28816025341292	0.27227601098193904
131835.0	19.20209578380509	0.2795694150528777
131836.0	19.31233352531409	0.253269981465774
131837.0	20.82515379725679	0.25840176244261487
131838.0	20.59380159943196	0.25196396033301305
131839.0	19.7196891732444	0.3288835723369672
131840.0	21.429058075798896	0.1256568973383523
131841.0	23.308067032933412	0.26321282451661215
131842.0	21.835346737172706	0.04683852878693269
131843.0	22.65872293609505	0.07762326581313851
131845.0	21.604939578678184	0.16189961297810126
131847.0	23.736375236547712	0.29876692689205864
131848.0	24.230913477979723	0.33162357730889963
131849.0	21.79661303387803	0.18918751133894698
131850.0	22.617320818693354	0.09808762427387538
131851.0	21.519259080109844	0.04335601173210118
131852.0	21.823918146842356	0.07178870133674425
131853.0	23.780579734741902	0.27074451801406896
131854.0	22.873155927132046	0.15532754722213885
131855.0	22.49494571916804	0.17477814033818315
131856.0	23.79723799944164	0.30517492938442115
131857.0	24.686670489795432	0.22263185538843874
131858.0	22.03014499525213	0.1560734718933652
131859.0	22.410908919437144	0.04885547442690873
131860.0	19.38574448331891	0.2795694150528777
131861.0	23.080635612839057	0.20926946241758398
131862.0	24.264638295831713	0.23786424515557408
131863.0	23.275320935054786	0.2573750821133142
131864.0	23.279822989099245	0.06590078839195482
131865.0	24.80834519764832	0.22069465077495154
131866.0	20.833576417410768	0.06478557614913902
131868.0	22.690657988068065	0.05312650355496942
131869.0	24.68828712040082	0.20639453288118112
131870.0	23.14611118435558	0.14968228799014663
131871.0	23.30573184386074	0.1676382621933888
131872.0	23.251477091301854	0.21945106721153101
131873.0	23.312893326962357	0.2764953420960884
131874.0	24.894550639736533	0.2560563751672566
131875.0	21.572590380035	0.14778598386429423
131876.0	21.805417085428747	0.057372258206988554
131877.0	21.188974207100138	0.07729801765570922
131878.0	23.480682009452604	0.21587240459054904
131879.0	23.673343709078164	0.15776555246440382
131880.0	23.703281682231736	0.12934314574537983
131881.0	22.2283589123412	0.11733958019508071
131882.0	22.765484126164843	0.09225244489533717
131883.0	22.369493402869118	0.07679692679719226
131884.0	22.261368605383552	0.30844648350171994
131885.0	23.27794477501813	0.10230647406863767
131886.0	20.216815704778934	0.06478503819429694
131887.0	23.273251797266955	0.0730345460848434
131888.0	22.065727869950827	0.1999449022215345
131889.0	21.23647641128354	0.18888820639304202
131890.0	23.92419250722406	0.15378141933808048
131891.0	23.478981734762176	0.07852659662150986
131892.0	22.542647749070177	0.06958079038645786
131893.0	21.66462765401967	0.06597650014215628
131894.0	21.936955162897597	0.08024918703666177
131895.0	21.56085339345972	0.14695261564346834
131896.0	21.949474953335027	0.2009950027207638
131897.0	23.731528279564305	0.17210146513225852
131898.0	23.252811318087087	0.23049760193844013
131899.0	21.305895768194546	0.06964040434154238
131900.0	19.027323372673006	0.03311860126618899
131901.0	21.330014131173765	0.07567616274789929
131902.0	23.1086487991576	0.11383600136126362
131903.0	21.36150488133766	0.18028259396027016
131904.0	22.295482225014485	0.17354647464145856
131905.0	22.468007112476492	0.17146880373338177
131906.0	23.760655383340648	0.3329362535699527
131907.0	23.23777493939731	0.10575926570958508
131908.0	24.0635616913189	0.19427775416038698
131909.0	20.814083102429887	0.07353823495408683
131910.0	23.584141035476982	0.2925811707004015
131911.0	25.67156918908501	0.3331549421014704
131912.0	23.771296961745946	0.15885398014172303
131913.0	21.845759682625495	0.060384265615777276
131914.0	21.615128802342127	0.05176557778060657
131915.0	24.77744285704889	0.1861294087040298
131916.0	22.760063664146696	0.14974232307567092
131917.0	25.89088343344335	0.28196232286600914
131918.0	23.408943742235223	0.17955998989754415
131919.0	24.270640212623427	0.20891379737967258
131920.0	21.56798532233729	0.04981783065479688
131921.0	22.699149632173846	0.18334638643637577
131922.0	22.038649545010195	0.08884350005416901
131923.0	25.60949603539464	0.27957503365350556
131924.0	23.038790823511253	0.13686270272327553
131925.0	22.998633796769816	0.15156576186515605
131926.0	24.118713391712962	0.1557807340047093
131927.0	23.812074284554615	0.1613148764731414
131928.0	23.464347325825898	0.1636348385667855
131929.0	22.754124896031506	0.16693622110888867
131930.0	22.540902079483786	0.11432172007870538
131931.0	24.944803050164282	0.28747876023589775
131932.0	24.619295447121146	0.1887672599667805
131933.0	24.13755992501233	0.22218951835600106
131934.0	22.119840021983705	0.08726203592467904
131935.0	23.820051432136662	0.280460522202889
131936.0	24.22021071586727	0.16825864494357576
131937.0	23.460901357916104	0.22787998812952207
131938.0	22.73330280578602	0.22716245804284063
131939.0	22.896499585029044	0.1461723448027237
131940.0	24.958894538423905	0.23474409030709517
131941.0	23.013229526471388	0.16662560062407086
131942.0	24.47645828142597	0.30339982947234495
131943.0	23.04991388507911	0.1829793045424638
131944.0	24.475485348565677	0.24652855380572386
131945.0	21.927954726134434	0.06248723866730562
131946.0	24.09627784509588	0.3599685284814115
131947.0	23.976302232953348	0.3365224766709544
131948.0	22.609304392302477	0.21843608999157585
131949.0	21.448951165977846	0.06247293298031219
131950.0	22.717947036476932	0.16972716992941003
131951.0	24.1698920030628	0.19917628924713282
131952.0	22.755089863574412	0.24599749744849586
131953.0	22.266663088309922	0.2530557956742336
131954.0	24.12440096027759	0.30978933574933154
131955.0	23.88908982789866	0.2171407271693465
131956.0	23.322830001131017	0.2690022065220799
131957.0	22.611297981621583	0.2505857709445367
131958.0	23.261591603914127	0.22558165015289616
131959.0	24.28930110190254	0.3112348688063993
131960.0	22.948900718447195	0.30806790230387154
131961.0	24.15496211094681	0.30494699039256795
131962.0	23.810091307872906	0.18241936992268798
131963.0	22.87374661590122	0.16580199215887115
131964.0	22.68849110953145	0.23569231607428118
131965.0	23.19775299759504	0.2884995562767245
131966.0	23.880151597800282	0.318266679544375
131967.0	24.85949634687437	0.30348040870560494
131968.0	20.81935660649794	0.03375194370671737
131969.0	23.15568463573464	0.32400976041698876
131970.0	22.220122012521454	0.3001837395444205
131971.0	22.24550512312699	0.11365174775167738
131972.0	23.072378975948624	0.2358931752719434
131973.0	21.97737521030979	0.09842181788008346
131974.0	19.870635224579463	0.28917448368676263
131975.0	22.556477224888095	0.09096972226543273
131976.0	21.92281037565041	0.0643738600459114
131977.0	22.940965030473585	0.3187788305542823
131978.0	21.702593828089906	0.04564246705463797
131979.0	21.147385667299034	0.07729176980263512
131980.0	21.749593463173827	0.024808446191863984
131981.0	22.02644936093767	0.055485883386410625
131982.0	21.716732340395076	0.07430127654097099
131983.0	22.834113808547404	0.2868176052344725
131984.0	20.769965708259853	0.08116791479729185
131985.0	21.713978616126834	0.25766486370668407
131986.0	19.360546040459113	0.2795694150528777
131987.0	20.5141213873469	0.006812121292562287
131988.0	22.494118274769214	0.34256135596251763
131989.0	19.561544290410048	0.2795694150528777
131990.0	20.17568736702601	0.038277803736491825
131991.0	19.70104802760829	0.043273315779015914
131992.0	21.31859841245102	0.011561773328457483
131993.0	21.41618867259791	0.08123838978237498
131994.0	21.968373935301713	0.10458408746739224
131995.0	19.890998708537218	0.29495552255770624
131996.0	21.595227650950935	0.05894834977525281
131997.0	21.57643832828754	0.27078695888328774
131998.0	19.636713337248914	0.18750548359189287
131999.0	20.51777443295263	0.33823528261372204
132000.0	19.690300252509903	0.04627830786067879
132001.0	20.439046156587526	0.2876230677087175
132002.0	20.097590439767313	0.22248532915510874
132003.0	20.50895368410023	0.33644218182163993
132004.0	21.673702364847447	0.22180955574528108
132006.0	20.62943865904911	0.3717790573633574
132007.0	20.299534069633044	0.3887037802356994
132008.0	20.032439695355553	0.35652788218670717
132010.0	19.94009632580527	0.27314401716895187
132011.0	20.40043945251561	0.27180183576686606
132012.0	20.60729452410416	0.34255093134486175
132013.0	19.456646179069075	0.06275543463730479
132014.0	22.029795628439064	0.34743447970882035
132015.0	19.94544071108152	0.23304578008026489
132018.0	20.935612931653786	0.09228072870660466
132019.0	21.035042650325522	0.07604233054242136
132020.0	21.926101560234954	0.3042849523628868
132021.0	20.103307264800474	0.32146482688007344
132022.0	21.817924432288965	0.26018365652450776
132023.0	20.86573213757739	0.3349541323154908
132024.0	20.68224645652998	0.2566341514193436
132025.0	23.450868681411993	0.32849743282209415
132026.0	21.667979186910884	0.26399307285885304
132027.0	19.34263753747692	0.37468113906135114
132028.0	20.72200607996794	0.06554811646533228
132029.0	20.14413905455656	0.028209395662946706
132030.0	19.057338530134516	0.03202132865720901
132031.0	19.004653293319162	0.08950118681593493
132032.0	22.692946518476074	0.31863423263888985
132033.0	21.75840467733679	0.1970750584415857
132034.0	21.297992058455396	0.39895628537757355
132035.0	22.558337049209676	0.24496446145003406
132036.0	23.151362210002052	0.34777619055499714
132037.0	22.07411841206168	0.20242698766281725
132038.0	21.70645397342372	0.34704193082424095
132039.0	22.078419246008675	0.2341856659249792
132040.0	20.309665272275783	0.022100711200812664
132041.0	21.654204076446042	0.30862923302827233
132042.0	20.950431525296242	0.04123009628224757
132043.0	21.028677377171547	0.03624996000747221
132044.0	21.079348901365837	0.20044770670982556
132045.0	21.843631282134123	0.3907830310274323
132046.0	23.2901508456909	0.3289615627270117
132047.0	22.03150445769734	0.25891250322174014
132048.0	24.163204501061315	0.3227152909021577
132049.0	21.056459230311937	0.3020334767665411
132050.0	23.093389467537847	0.39416672400328934
132051.0	21.272621016318872	0.30717362222778577
132052.0	20.883082719292144	0.1681754185145572
132053.0	21.44424813262621	0.16866173673481788
132054.0	20.632161933567517	0.052819514544366446
132055.0	20.226882113299894	0.332972939109576
132056.0	22.363508628885693	0.25687671348259
132057.0	20.35443238841271	0.06462541858686438
132058.0	21.15084987484978	0.036927122464876394
132059.0	21.073719900959425	0.2741976823363224
132060.0	19.79533473800766	0.013434784906144064
132061.0	21.151260321111224	0.07088592298412794
132062.0	22.221958979958835	0.2984588037667759
132063.0	21.46302660492127	0.30431608180142256
132064.0	20.769633492287195	0.31466034093301615
132065.0	20.136980692151056	0.2795694150528777
132066.0	21.144312122805882	0.40875081700479365
132067.0	20.574406755221894	0.506954882152209
132068.0	22.555343375813635	0.300116463166637
132069.0	22.13740781674229	0.09799004519741542
132070.0	21.508707507637713	0.334303924190371
132073.0	22.15310016468045	0.0076418937073372065
132074.0	21.11798181642326	0.06375938610151151
132075.0	21.029874612178787	0.2795694150528777
132076.0	19.49626071292122	0.2795694150528777
132077.0	21.003741960985746	0.18345047691009178
132078.0	21.268972669696392	0.02110601265812419
132079.0	20.250671506795214	0.2795694150528777
132080.0	21.401797918435392	0.01957346003039129
132081.0	21.3481116648669	0.042449703513183036
132082.0	21.431259672043065	0.43288480182407735
132084.0	22.30666329994228	0.2758032783620509
132085.0	22.141004972041298	0.26869412768813244
132086.0	22.18543381793352	0.028212293902737433
132087.0	22.357245507247185	0.21075107850506758
132088.0	22.646603241613096	0.07250942509495394
132089.0	21.223448608344373	0.06047305442127694
132090.0	20.458426919924158	0.34449075906566734
132091.0	21.882427831792512	0.046260292286749514
132092.0	22.740336288144476	0.06041755456112637
132093.0	21.236356244074777	0.3780709848889526
132094.0	23.27668215703295	0.32617237671923655
132095.0	23.0960801214836	0.317503526917009
135168.0	21.324783137913524	0.6211183025080014
135169.0	19.812492373912107	0.5361650433037244
135170.0	20.260503476476917	0.3911251075195189
135171.0	21.36931379608949	0.6885120304721822
135172.0	20.535175334969075	0.47768670749423053
135173.0	19.878395263265997	0.4490543885169863
135174.0	20.24120153060629	0.3921739621972415
135175.0	21.144389822884794	0.6590017124890442
135176.0	21.86851798988545	0.5966904409991962
135177.0	21.90564067063345	0.5522070711431719
135178.0	22.13409563991812	0.5461534818153693
135179.0	20.846449544815865	0.47647951627915897
135180.0	20.329372122484514	0.37704621640020153
135181.0	20.410411369419585	0.40352557157591107
135182.0	22.037486852216453	0.6399993695143743
135183.0	21.213869558262186	0.5237323977081906
135184.0	21.120449887784385	0.7152462810721568
135185.0	21.936340632086463	0.5135910213319256
135186.0	19.791812642259046	0.6622267865995908
135187.0	22.097393409557995	0.5169585506590094
135188.0	20.722279115887677	0.5857440398737106
135189.0	22.063329942084824	0.6183423256749364
135190.0	21.398500742039055	0.4510488160559411
135191.0	19.785908659227818	0.5510724885836779
135192.0	22.137300268373743	0.37360069018257513
135193.0	20.322283841731593	0.3691742992937313
135194.0	21.05645879459126	0.4586101602384287
135195.0	21.544684038418435	0.4159810664168195
135196.0	21.612598599796634	0.5500041185001302
135197.0	20.8601877408237	0.4945941668449598
135198.0	20.661145717347264	0.49710201792278597
135199.0	21.156074109853563	0.4304076463465863
135200.0	20.390992388088513	0.4807470496342321
135201.0	20.08107406172398	0.32084145853833507
135202.0	21.014189135337315	0.2776595912712808
135204.0	21.878186997515265	0.38409218467954626
135205.0	21.44482060186394	0.3629676639098219
135206.0	21.359933921438763	0.4063198619139312
135207.0	20.729213146144513	0.7257881421964896
135208.0	20.922260503227523	0.5417801485615072
135209.0	21.67391174920588	0.646219986936185
135210.0	22.183498176772197	0.40880659776264594
135211.0	20.23105343329417	0.1575816295592239
135212.0	22.47673113282083	0.4335734725991092
135213.0	19.714845312776763	0.6982958172084144
135214.0	21.78709610169611	0.4428300608642878
135215.0	20.61240005916753	0.4366196833321822
135216.0	20.186057452209194	0.2991764052706461
135217.0	20.47157023796764	0.3906747618655298
135218.0	20.50866723955804	0.5666121566444347
135219.0	21.84219956382085	0.4684706924062137
135220.0	22.71166922152224	0.4139176562026168
135221.0	20.861263134716214	0.5334846054373377
135222.0	21.260113009380618	0.3724074060563271
135223.0	21.32241107293313	0.3992020290454935
135224.0	21.855607402068575	0.3729812617196472
135225.0	21.4993780830457	0.5678817452001161
135226.0	22.596011678711456	0.41769487975814984
135227.0	22.219882686789635	0.484485562409744
135228.0	19.372175073426536	0.4736001275181914
135229.0	22.546856809287824	0.5002687403260418
135231.0	20.121936832506005	0.3407067594911141
135232.0	25.195259682680543	0.487971200880424
135233.0	23.168347181526794	0.4328797344990936
135234.0	24.191007828408654	0.4921241412092324
135235.0	22.836828694998303	0.4293987555371114
135236.0	22.94021868898382	0.6003035035244847
135237.0	22.970814886903437	0.4858963362452612
135238.0	23.82961208595892	0.5807924504406978
135239.0	22.565136663503345	0.36543700398000817
135240.0	22.807015872890315	0.5021363170521697
135241.0	22.184059945440044	0.5693018494281213
135242.0	23.82266750767728	0.521542823250872
135243.0	23.112312176082806	0.49273032430068736
135244.0	24.385139955502982	0.5124768044345045
135245.0	22.80723120711967	0.5296336354944698
135246.0	23.24972291322786	0.5297616139715705
135247.0	20.241991837161248	0.36146865688724517
135248.0	23.358325772418933	0.4949473405028228
135249.0	20.97353004565038	0.37546428826385225
135250.0	22.617551568682103	0.4147886804213794
135251.0	22.87643620661254	0.45565836050349967
135252.0	22.329754829522777	0.41192686638083803
135253.0	21.803430016347946	0.3052567388664227
135254.0	22.415535461334734	0.5362989344153405
135255.0	21.969100568143443	0.5447923331067399
135256.0	22.88925679049232	0.5989460162122231
135257.0	23.143402627802896	0.5433242545120005
135258.0	24.36762513396559	0.5403605254821015
135259.0	22.5363444566432	0.49734782024532254
135260.0	22.022617308296	0.4595214604221464
135261.0	22.37047995313674	0.4736438367159682
135262.0	22.59278177256808	0.6025654298861112
135263.0	23.483780424231004	0.5756814766173498
135264.0	24.792327075952784	0.5624928170283476
135265.0	24.615187712678594	0.5773083225279223
135266.0	22.82206906714921	0.5141511275195513
135267.0	23.254665382959278	0.5594466225888334
135268.0	23.10431548725277	0.5816164551863736
135269.0	22.634455728589586	0.2800628728385932
135270.0	23.99590505828508	0.5140091553531279
135271.0	24.050442582344807	0.5125461239342939
135272.0	21.95907100950177	0.5391139560875442
135273.0	23.95396330687909	0.5015772506783239
135274.0	21.502920052929465	0.5526386968331024
135275.0	23.491826422644902	0.48310935786911974
135276.0	23.21822300176625	0.6439889175141779
135277.0	22.111246211152196	0.5302627442138177
135278.0	22.947207599903024	0.6118878542486763
135279.0	21.46938142064189	0.49557307710844456
135280.0	23.30613852801215	0.7125833177115188
135281.0	22.419260650776383	0.6225204772639586
135282.0	22.024269476836558	0.43667958224531794
135283.0	23.433542954826077	0.596069661585004
135284.0	22.525652484283768	0.4570975167432079
135285.0	22.684929564843728	0.5816576366074706
135286.0	24.07029241650152	0.5295042676929599
135287.0	22.401841854865875	0.7196051351892928
135288.0	23.102763787766087	0.6736562349779686
135289.0	22.373332796915594	0.5533668786026268
135290.0	21.35893649900766	0.44206670790496844
135291.0	23.503541557041956	0.5013783167614725
135292.0	21.453153469451593	0.7200802029448781
135293.0	24.232048820074922	0.5374046349805447
135294.0	21.85667096800988	0.48598024068423323
135295.0	23.12638495725305	0.6495327692539999
135296.0	28.27435089040279	0.4426699976645913
135297.0	28.58465760674604	0.43036715407644066
135298.0	27.508798095772722	0.365082325494626
135299.0	29.155032608089623	0.4247540885163803
135300.0	27.728768106440544	0.37923430175016004
135301.0	27.520049323870452	0.5104820474771216
135302.0	26.35471590541763	0.4196297129632104
135303.0	29.878084269553632	0.4543829233364392
135304.0	25.872128977968703	0.434080157541103
135305.0	26.777360707273775	0.4006704524217928
135306.0	28.647416531611054	0.43916121076947234
135307.0	25.84642712430486	0.3976675123348067
135308.0	27.41381346040395	0.4068251235473321
135309.0	27.464096185860914	0.43759096882725596
135310.0	28.111468278980475	0.4527307655211233
135311.0	21.32188605605203	0.3665254392986094
135312.0	31.57456540832721	0.41060543259961335
135313.0	27.42578105558151	0.4401406131206321
135314.0	29.42078116487704	0.405008663121828
135315.0	28.058254056417255	0.4028907049097671
135316.0	27.693468133885943	0.4424357198200686
135317.0	27.911188744265676	0.4141530745169392
135318.0	27.939345851699994	0.4625975375782261
135319.0	27.406179191737934	0.4344438079466112
135320.0	28.49707028347755	0.37323464676997187
135321.0	29.637798214612175	0.419583538250284
135322.0	26.896363254708614	0.4542042169099183
135323.0	29.32161516365826	0.41288163465104655
135324.0	29.475689214146637	0.3664362412201867
135325.0	27.554980301688694	0.4030203509704713
135326.0	29.093477072892416	0.39507976092935343
135327.0	27.865822179962432	0.39776972079318257
135328.0	29.53250323588196	0.3563732043330798
135329.0	27.2105496122635	0.44912563121402294
135330.0	27.951230450595396	0.4021904108707082
135331.0	29.227566140136762	0.4114398439388862
135332.0	28.29020192621795	0.386966781171757
135333.0	29.687328898249135	0.4579393777521387
135334.0	27.783397840062623	0.44254686144293814
135335.0	30.778343464563847	0.45970835797250287
135336.0	29.909737889223184	0.3402959680495928
135337.0	28.78250247987126	0.4456144482065179
135338.0	29.124101520516785	0.40268233459899583
135339.0	28.19259129087656	0.44232236994474283
135340.0	27.901643548479733	0.42748835919987205
135341.0	26.94700604718471	0.45840367615898925
135342.0	29.684409488887496	0.4424787078649991
135343.0	29.87681641927726	0.38081526902905355
135344.0	31.447613097522467	0.4604120088105129
135345.0	29.75337460004376	0.44854973930640324
135346.0	26.32947337504303	0.4521138163331908
135347.0	28.458417685601106	0.4598915898827947
135348.0	29.480152138898617	0.44844998190082974
135349.0	29.03531278461895	0.42577309185735873
135350.0	28.326164347300068	0.3851631763465284
135351.0	29.314775605551613	0.5009821330275835
135352.0	29.68400522303421	0.4527655374661371
135353.0	28.03507969574249	0.4155809769881436
135354.0	29.559658896518144	0.374921945600905
135355.0	28.470279121022326	0.28543201189455575
135356.0	28.92726900909147	0.4463794308086305
135357.0	26.920802787100282	0.3911995096506844
135358.0	28.89771552852586	0.3741169533866456
135359.0	29.454296790075748	0.42251134247959143
135360.0	25.20783449509682	0.5751376433194412
135361.0	30.8815035112595	0.46378525229437706
135362.0	27.738805846332536	0.47540941107249585
135363.0	29.919251827323976	0.5392464094971705
135364.0	28.486515797339543	0.42737645484782844
135365.0	29.066941523389655	0.5577255073465698
135366.0	29.25900460278579	0.4947918309870654
135367.0	28.231521164106027	0.587891732052516
135368.0	29.584399780015566	0.5947021092212066
135369.0	27.85294634294092	0.48615023469565
135370.0	24.774557616171155	0.5266521623916391
135371.0	26.522611242471005	0.5087432691911652
135372.0	30.63330979603674	0.48916016993586015
135373.0	27.940367370803777	0.5153030867170334
135374.0	27.940141019430254	0.5586337355578276
135375.0	27.00268293855855	0.5016141669719164
135376.0	20.362172405978765	0.5904942091609034
135377.0	26.273091404563402	0.5233760144223014
135378.0	26.817230663866795	0.583013415687887
135379.0	25.488181740751163	0.6392539594697115
135380.0	24.468280972563484	0.5936846166883397
135381.0	28.624537622484628	0.5143829950343562
135382.0	25.258044742028495	0.5956171506468709
135383.0	25.69581954003042	0.6126838551994719
135384.0	28.153385660090617	0.5402087600880939
135385.0	25.890493251021848	0.5053016380992323
135386.0	26.253303281740102	0.5298300731930717
135387.0	29.141649841424126	0.5533873932611492
135388.0	27.38571132321473	0.5187297636730717
135389.0	27.239571124673965	0.45845397216098627
135390.0	26.077829828398734	0.4648485196704344
135391.0	27.73692259871417	0.4997498652061197
135392.0	25.649559506735166	0.5051988509270453
135393.0	26.36356671043281	0.422262289719918
135394.0	26.602021138952043	0.4447995940808855
135395.0	29.38573593553258	0.5086439596024535
135396.0	28.10762998890814	0.48268049574949556
135397.0	26.442983487270833	0.5229724721421853
135398.0	26.183243052760094	0.5115946971725335
135399.0	27.24947347526478	0.5433824870496579
135400.0	28.266858875227808	0.5541483903227019
135401.0	25.182831209409354	0.517218214084683
135402.0	27.114831211891218	0.5711513673749583
135403.0	30.313741676867807	0.4822145997401226
135404.0	26.499525803695533	0.5535055997247218
135405.0	25.28382669888953	0.5980602614135516
135406.0	27.28227738384437	0.4848724935707524
135407.0	29.850187799583534	0.5030120080694441
135409.0	27.50002783100035	0.5686573688448525
135410.0	29.06902547130843	0.5604852748846143
135411.0	28.92153275384156	0.4973772523812748
135412.0	27.072327514696227	0.5806740609435057
135413.0	28.790064244590887	0.5438903944206493
135414.0	30.089990543099013	0.5622451425226626
135415.0	26.23722168283348	0.48367617619498837
135416.0	28.298479105670957	0.48199381500404676
135417.0	28.89009224602923	0.4861408303031515
135418.0	28.767824257827165	0.5165870449848958
135419.0	30.109344312674605	0.48553073976509464
135420.0	24.85313963622373	0.515861468709203
135421.0	30.059273704430087	0.5306955591568493
135422.0	29.21695178515015	0.46281097767817425
135423.0	23.61207513127681	0.4957253545715893
135424.0	21.113149068338334	0.384382384369382
135425.0	28.538485822917412	0.44456518092018654
135426.0	27.713517094927205	0.4574347916812368
135427.0	22.62878598821519	0.30835063967373105
135428.0	28.657787444230188	0.4558315208240188
135429.0	30.430985662286798	0.44494817301735096
135430.0	29.152351160833895	0.4114358778778202
135431.0	28.620383076772296	0.2867182434638075
135432.0	28.803772528285045	0.4122688601434207
135433.0	28.08743582981096	0.44059761232616695
135434.0	25.96076629445953	0.43716249342664903
135435.0	27.567330839868923	0.4579155936125414
135436.0	28.560316603652318	0.4171928263185889
135437.0	28.916172360981335	0.41783939227388484
135438.0	22.40207902620354	0.2744051125492821
135439.0	28.949534018180536	0.44181098009003134
135440.0	25.059764382676548	0.389977567288438
135441.0	28.45674132198177	0.4407292316697971
135442.0	26.601105747527644	0.35942642414340836
135443.0	29.34364586752345	0.4591745830562513
135444.0	28.572284397610606	0.3245632567764909
135445.0	28.485557336669803	0.4182226434551071
135446.0	28.277438397026984	0.37405526981907644
135447.0	28.784014061760523	0.4425612746473897
135448.0	25.245641885647213	0.345443001987341
135449.0	29.494359554925886	0.4627930165939357
135450.0	26.93230228006121	0.4308753028671394
135451.0	28.616349109434132	0.4135430192085987
135452.0	28.83380935832247	0.36818630187180656
135453.0	29.622311824736368	0.4730794897272955
135454.0	28.90070153360471	0.43043226238706933
135455.0	28.341856299447745	0.4226283027488191
135456.0	27.901660851435924	0.4830687617771896
135457.0	28.952792156284602	0.39079533391855736
135458.0	28.231163964322675	0.3999242038006683
135459.0	28.980816887664005	0.4042690444332196
135460.0	27.9964853262069	0.40256449895431534
135461.0	27.285546767728743	0.3814897596665473
135462.0	28.95188106844398	0.4200268104679958
135463.0	28.158065595789115	0.4042354899251533
135464.0	27.729223898154423	0.38192485887445393
135465.0	29.018609632163475	0.39869511532764024
135466.0	27.78761413023574	0.3293759275655086
135467.0	28.200443947661686	0.34821627552346024
135468.0	28.187909127520733	0.41482225095173736
135469.0	25.64721189825701	0.38368278009696954
135470.0	26.301862752025038	0.4437775032603046
135471.0	29.35621656721957	0.3129127816017178
135472.0	27.814848563854234	0.4311731617625472
135473.0	29.197260403467002	0.4177172152324314
135474.0	26.99215347640723	0.3857034663481151
135475.0	27.71383326419759	0.39006878089479174
135476.0	27.43203802440905	0.3251308690067546
135477.0	29.04501584053234	0.3945812801412665
135478.0	27.755161879330103	0.36976290117599075
135479.0	28.746420645377206	0.42498974324044736
135480.0	28.97972620565775	0.45839145670358666
135481.0	25.67051357471731	0.411675699130747
135482.0	26.084814759414524	0.45580884651823733
135483.0	28.7162778203083	0.36155382404661385
135484.0	26.7295222169821	0.4573488899056732
135485.0	28.102681228597667	0.4374807051122911
135486.0	26.215857575611118	0.44318766402655996
135487.0	28.430756909891866	0.4340547166161033
135488.0	27.234584479261937	0.40459859210562443
135489.0	28.001106051150536	0.4529838773002407
135490.0	28.49460536917606	0.458838323405753
135491.0	28.86542755024392	0.4199636333186322
135492.0	27.83574882654596	0.4600949166048457
135493.0	28.766287438476972	0.41996159006810546
135494.0	28.28646839394565	0.4394750899771301
135495.0	29.36960193435338	0.5301748535410318
135496.0	29.649150259737407	0.4607330293212859
135497.0	26.717444637002394	0.5149153287180177
135498.0	25.733593780179756	0.45556372522145383
135499.0	27.969322329013032	0.45485603102964595
135500.0	27.147101571349104	0.5039544184101079
135501.0	27.986660324746378	0.37589620801765844
135502.0	25.90667115435885	0.4998981608360115
135503.0	29.41589566846302	0.455627816190716
135504.0	29.797881985653756	0.41730569152089714
135505.0	29.829455783411692	0.4405165934197539
135506.0	28.16530846267557	0.5138618322170598
135507.0	29.163451214465404	0.5220197387764582
135508.0	28.36868636383055	0.4426659565015099
135509.0	27.232339751622213	0.4427052224735535
135510.0	28.092486756958852	0.42064080025808964
135511.0	28.413737879079463	0.3666862032922001
135512.0	27.673423115326774	0.4575807158123634
135513.0	30.267637720927	0.40530771354488737
135514.0	30.162546868401282	0.40830057062371966
135515.0	27.550261226629875	0.4785577680700652
135516.0	28.453226424857494	0.47995936737005884
135517.0	28.150433064471134	0.4945802551918374
135518.0	28.034341727810038	0.4474628390337381
135519.0	27.706681534015505	0.4812398293034667
135520.0	29.129999802910124	0.43247245540441565
135521.0	27.305102481077697	0.4894271724974631
135522.0	29.138348040687028	0.4708988469909004
135523.0	27.424217022727643	0.5394166679841083
135524.0	26.800886791908617	0.5285698775198725
135525.0	27.472526989380754	0.5122176602400246
135526.0	28.17791417580331	0.41178166268634625
135527.0	27.944411091728234	0.46283416891174967
135528.0	27.805372764444027	0.47840937968870995
135529.0	27.923955135189612	0.49797942223568936
135530.0	28.224491729115126	0.4958402101059971
135531.0	28.26509735356165	0.455436297672807
135532.0	30.666357187199818	0.42254363113445353
135533.0	29.508701395599452	0.4659726671786097
135534.0	27.741685462134594	0.47534061280211326
135535.0	28.103242241239986	0.5035110170360846
135536.0	30.34127835207981	0.4343494414310083
135537.0	29.13857689361951	0.48233168247864755
135538.0	28.20562216885771	0.4881335977444088
135539.0	28.229776791204703	0.4957277652710808
135540.0	29.429759562494453	0.5021872747056358
135541.0	28.24161000408403	0.4453872393427035
135542.0	28.977920739315458	0.42144488370035565
135543.0	30.452167003667174	0.4119049050616562
135544.0	27.808844664257453	0.4712421146367522
135545.0	28.261420857931252	0.4863070046330055
135546.0	27.368782643528462	0.49229801663592515
135547.0	28.64529995128777	0.5081107235462908
135548.0	27.348064889811262	0.43785363819286055
135549.0	28.336478307880242	0.5533615190185859
135550.0	29.54430620355817	0.4337476867796077
135551.0	28.389514433168948	0.4584173713716747
135552.0	21.52235127216526	0.3248226081254017
135554.0	19.938258197542023	0.2795694150528777
135555.0	21.452430984030855	0.2795694150528777
135556.0	20.81914404708328	0.05850305842744668
135557.0	20.348601356924746	0.014636063415447945
135558.0	21.001430195917454	0.0934754372438339
135559.0	22.233474476081255	0.301109464216887
135560.0	22.455189070295468	0.9909301764945009
135561.0	20.354842470894976	0.06867474967248685
135562.0	21.465959553546437	0.2795694150528777
135563.0	20.74156808050536	0.031063962107720906
135565.0	19.315538011212155	0.2795694150528777
135566.0	22.838170889981427	0.6064112905546035
135569.0	21.476293679673773	0.2795694150528777
135570.0	20.522491298186864	0.08554311131777419
135573.0	20.752534863436075	0.2795694150528777
135576.0	19.770755974429367	0.2795694150528777
135577.0	20.92602586987128	0.0005971206930409169
135578.0	20.15760589029585	0.2795694150528777
135579.0	19.869307866330058	0.06463400022068323
135580.0	22.812214528211015	0.06610348252184363
135582.0	21.876253639267233	0.3440435956101637
135583.0	20.940401601678946	0.018292428719075344
135584.0	20.712214633479096	0.46576771557961966
135585.0	20.18567429529313	0.05678440116205824
135586.0	21.47288571756225	0.20307659337449738
135587.0	21.95431670749723	0.2961429959018425
135588.0	21.584497814812735	0.18009214504234902
135589.0	21.869534413745615	0.08369789933049071
135590.0	20.985671018117046	0.07211125979523193
135591.0	21.47239379255056	0.2480203775897369
135592.0	22.78696161287945	0.2608810572932283
135593.0	21.932847785286967	0.2330926376429053
135594.0	21.434347669639678	0.04899002543861649
135595.0	22.402281713239134	0.07312787697761698
135596.0	20.216166565764016	0.06394659899926346
135597.0	21.198734977783158	0.05125861782388452
135598.0	20.88930564257353	0.05623545404276488
135599.0	21.28530861538771	0.2365591561510126
135600.0	22.650784427014123	0.09483981259785192
135601.0	21.511674050406803	0.06847916113780049
135602.0	19.51063417131387	0.22435261470216872
135603.0	21.488369337429756	0.28331269744198384
135604.0	19.997166465133944	0.3006858847150452
135605.0	22.06047219151531	0.06855524357754916
135606.0	21.38171644281838	0.3583256267164755
135607.0	21.61195541506311	0.16330313810600444
135608.0	23.59053471852234	0.28590642179775
135609.0	20.5868879776726	0.3651940247540631
135610.0	21.990982981451673	0.35521829959522033
135611.0	20.79137248070691	0.3001989430604152
135612.0	21.196724137514558	0.06284992895587162
135613.0	20.74889032816271	0.26202659670139183
135614.0	20.662032073624395	0.3186723492628381
135615.0	20.853432973152806	0.04932393661583069
135616.0	23.310261034689702	0.22072980125610972
135617.0	21.19664065376365	0.16523823495235773
135618.0	20.50189652696606	0.06137302157640413
135619.0	22.24323903720564	0.056838535685362145
135620.0	20.668476929509914	0.05430592419943663
135621.0	22.766836675126765	0.25206236871112186
135622.0	22.496445606778316	0.28742739446612875
135623.0	22.667280107412626	0.2877615419961315
135624.0	21.751584807796387	0.3302633348985464
135625.0	19.92187831327098	0.033993400710828556
135626.0	22.202670003145787	0.18809587454971194
135627.0	20.199240308774783	0.2795694150528777
135628.0	21.391706493956892	0.35982215522642674
135629.0	20.429108397932076	0.34083687535540036
135630.0	22.061733326056327	0.2869037309891386
135631.0	23.215779703548346	0.37782045524136704
135632.0	21.722251260287923	0.05942616085100875
135633.0	23.478486531626665	0.2698706359985192
135634.0	22.19825219528678	0.059266611719213005
135635.0	21.576508513413124	0.0554813452555595
135636.0	22.988026043837728	0.3169827894892049
135637.0	22.05771572194247	0.07020862875827968
135638.0	21.66589458268001	0.1982259144898868
135639.0	21.077111458857257	0.06746214576974119
135640.0	20.876263233603265	0.20311421146451825
135641.0	21.6109030952399	0.2536515532746419
135642.0	21.49473315626601	0.21534027308500006
135643.0	20.61695318543859	0.02943926102743694
135644.0	20.287560138438955	0.22739325310743988
135645.0	21.055680832694023	0.323059424298977
135646.0	21.521978997017257	0.26482560045202863
135647.0	21.804433761816252	0.08526178439743483
135648.0	21.258472565235493	0.17173291094193419
135649.0	19.99731526871153	0.1009513636645444
135650.0	22.9258993977136	0.06657419832990136
135652.0	20.884813734641238	0.06738035648906528
135653.0	19.738929868461142	0.02887851606992716
135654.0	20.549667123210092	0.2055687826680972
135655.0	21.961494060212157	0.04419215668964175
135657.0	21.64360615000149	0.053871120980984184
135660.0	19.39182870180798	0.032497915878497166
135662.0	20.67739188181	0.09174749225102904
135663.0	21.16194280948601	0.2795694150528777
135664.0	20.728547260708268	0.09592991727413958
135665.0	21.67025354453508	0.07224553390019434
135666.0	21.67625416023212	0.04049435074880508
135671.0	21.69005449915152	0.07970732096224342
135672.0	21.07296701058888	0.05536662356547718
135673.0	21.585871402517338	0.0561735837020055
135674.0	20.888507423225743	0.05121304014031718
135675.0	21.519979291887118	0.08644329652663316
135676.0	20.674993353178298	0.10605798675697704
135678.0	21.088333356451542	0.0564008080291121
135679.0	21.50566108912926	0.06308104182053156
135680.0	20.802456035039118	0.07008568152184051
135683.0	20.731658955729785	0.10211365455759815
135684.0	20.057932653958662	0.015552029897708007
135686.0	20.82828828181966	0.046060188209049474
135687.0	20.48517369106745	0.07299817645841056
135689.0	19.660787129980488	0.2795694150528777
135691.0	20.68349315411448	0.04651945779099237
135693.0	21.10460904038987	0.2795694150528777
135694.0	20.29192527535297	0.05281096093631293
135696.0	19.499094525668745	0.05756057614219925
135698.0	20.426762411288387	0.06999948883055258
135700.0	21.045800804986975	0.08190772214341005
135701.0	20.255736243982184	0.07403911917448139
135705.0	20.47474952315845	0.2795694150528777
135706.0	21.08921545126825	0.2795694150528777
135707.0	21.814656655309076	0.2690198336838701
135708.0	19.923781252472203	0.007575597816940581
135709.0	20.048932030857994	0.016639113738360484
135711.0	21.79104888316249	0.03870339582638106
135712.0	20.651672115541786	0.08602660624203473
135713.0	20.648116821485843	0.3229056900907537
135714.0	21.661004612253326	0.3370233461619989
135715.0	20.027759992058066	0.03811570178345592
135716.0	20.73795438948866	0.30594973773877343
135717.0	20.914690430615728	0.061468808705483824
135718.0	20.567573179775618	0.3005228165107777
135719.0	20.200211432261135	0.05312104392221336
135720.0	19.736883642982082	0.0715332415926805
135721.0	21.653479899609984	0.1626082417847499
135722.0	20.606694888331035	0.046590414651767054
135723.0	21.264222796070907	0.23061235117978024
135724.0	21.575304524150788	0.2435828481598084
135725.0	21.748230023390423	0.266120869614376
135726.0	21.58573572861501	0.06120617513593771
135727.0	21.6178972603171	0.2685832530055915
135728.0	21.251177213105812	0.04949843994421815
135729.0	21.09305703986049	0.22926391656811598
135730.0	19.78818018306689	0.04373660302599379
135731.0	21.036759663475166	0.24267088128011144
135732.0	21.038094013933964	0.29003764882063787
135733.0	21.440067272490985	0.28492645033240904
135734.0	21.30020325884855	0.2862474883168949
135735.0	19.32019218913618	0.06097602017240649
135736.0	19.99748713746323	0.043995851394128184
135737.0	21.566603854728076	0.1770726741306216
135738.0	20.77607633299957	0.07478920046184886
135739.0	22.4661058383534	0.216770146330852
135740.0	20.84116897692052	0.055251276483313544
135741.0	21.527253908657105	0.16791939888840376
135742.0	20.503601263330967	0.01580742672573883
135743.0	21.87640430909415	0.26920613286376094
135744.0	21.138433500423098	0.2798524263350293
135745.0	19.957246523359906	0.05400301923601606
135746.0	20.010597044686328	0.056288441366808196
135747.0	19.79673086301964	0.3161187302871795
135748.0	19.431536280976157	0.2795694150528777
135749.0	19.70732215712436	0.06940702337382396
135750.0	19.909148766427062	0.03352419598562804
135751.0	21.534791588803945	0.20664621685453782
135752.0	20.42832293510074	0.3132940398966253
135755.0	20.714414981534286	0.01751014576254596
135756.0	21.45344679938787	0.20598652401877296
135757.0	20.947367605071356	0.30939891321462415
135758.0	21.604229749270374	0.13859970847345354
135759.0	20.9245921164665	0.3347794137862267
135760.0	19.802328176244412	0.2579713082929763
135761.0	20.957573412060277	0.05220876131923069
135762.0	20.162644715544385	0.2739828480722457
135763.0	20.097689963891337	0.07044379056200058
135764.0	19.936718710297036	0.243558722326076
135765.0	19.054567571549633	0.2795694150528777
135766.0	20.337867015676693	0.330878901742746
135767.0	19.84826914215883	0.21802823627753376
135768.0	20.948558723695548	0.21467075355582946
135769.0	20.22220660264438	0.37726216962313447
135770.0	20.22329878932272	0.027028123596758102
135771.0	19.71229093050822	0.2795694150528777
135772.0	20.081396214451285	0.08519782077404853
135773.0	20.076745725350982	0.025365733390766466
135774.0	19.751919159639563	0.10526910338487257
135775.0	19.63681405991686	0.06352529580182974
135777.0	19.59987656978827	0.16389331831591103
135778.0	20.64303656872525	0.12995346525417764
135780.0	20.773457265461147	0.04179765387206455
135782.0	19.336041920098605	0.2795694150528777
135788.0	19.426165961720105	0.07511319852855503
135790.0	20.23678886738341	0.05233094955369122
135794.0	19.95757911421073	0.2795694150528777
135797.0	20.733218789180178	0.08478565189762179
135799.0	19.908353808050755	0.049667407607564974
135800.0	20.537173937813023	0.08749067774353102
135801.0	20.406599137910874	0.2795694150528777
135805.0	20.631957430715374	0.10215094862183241
135806.0	20.002779228280787	0.05388339730008672
135808.0	21.72100294466532	0.5035223437836224
135809.0	21.069202763337472	0.523646366030321
135810.0	19.15369627665974	0.2795694150528777
135811.0	21.374212686551953	0.3308367615977005
135812.0	21.1796402707246	0.05114772875981339
135813.0	20.578545674664447	0.21086580068032518
135815.0	22.241531646281956	0.4343923894940726
135816.0	19.91368111448332	0.065294929613412
135817.0	21.464328698654345	0.5693546726562854
135818.0	20.55088122958537	0.1909881794525467
135821.0	20.935564000482437	0.40071548748090263
135822.0	20.504294867942725	0.5383384669944975
135823.0	19.48928370239835	0.2795694150528777
135824.0	22.932557414955102	0.4698768733514715
135825.0	20.167807401570137	0.25402870059897115
135826.0	21.600798500324977	0.29747513325401553
135827.0	19.64204274353671	0.030650838760644845
135828.0	20.841700707996388	0.2971275452356721
135829.0	20.61884942421414	0.3374703508380612
135830.0	20.643309503611132	0.2096487434517616
135831.0	19.934472514427647	0.26346796393173244
135832.0	19.34800586668761	0.01788778353941641
135833.0	19.846213978308956	0.047999127339761506
135834.0	19.07466160451789	0.2795694150528777
135835.0	20.83110106578639	0.29212965354673553
135836.0	19.940801443482005	0.08554387726455463
135838.0	20.464545875155682	0.0802114995453975
135841.0	21.214230361512204	0.35927493973368146
135842.0	20.05775233721235	0.07209747945070544
135843.0	19.89157510927299	0.09537499493266141
135845.0	19.63458946666017	0.03595699053003429
135846.0	22.698145968287623	0.5241713987348319
135847.0	19.976249183642924	0.2654242751577745
135848.0	19.497097153350357	0.06978779053086688
135849.0	20.313954791350803	0.22565478033380848
135850.0	19.567480211229984	0.04370605462173612
135851.0	20.1720122905264	0.5035490150006665
135852.0	19.86514595902807	0.29692287129852063
135853.0	20.661680216568616	0.04730655122190506
135854.0	20.65783006075057	0.36096141832552864
135855.0	20.333508000408855	0.04718226767415871
135856.0	20.474536094029776	0.37315304595344256
135857.0	19.519813091969883	0.51243190994688
135858.0	20.1574729212444	0.22293897038226354
135859.0	21.613340849728818	0.29181566725234187
135860.0	21.06022937097336	0.21663548918577963
135861.0	20.216640452238444	0.31575797567790204
135862.0	19.19657749077236	0.05587450005802246
135863.0	20.176966595140275	0.4670282873610333
135864.0	21.23144020055435	0.34859653572620614
135865.0	20.876147903447237	0.04680696356360789
135866.0	23.610063657018184	0.5090939454793084
135867.0	20.139618743983014	0.06322977123051565
135868.0	20.913318074400312	0.36370240654725683
135869.0	21.083455172830334	0.2834666315143672
135870.0	20.384065364176287	0.035972181211355016
135871.0	19.816170462502626	0.3306383293126671
135872.0	20.61555223826115	0.24228727412906736
135873.0	21.771361174238177	0.06275574709809896
135874.0	20.545536088443168	0.07466791857861016
135875.0	19.533415530477544	0.04374810108975314
135876.0	21.997921610098864	0.3368062850695734
135877.0	20.853447453687767	0.28904248692507833
135878.0	20.387937858642847	0.06303581560806083
135879.0	21.687605185389287	0.3114930918386632
135880.0	20.553756714788317	0.08977985080653383
135881.0	21.25951796358083	0.3619256132729578
135882.0	20.099323042434143	0.2900243863510788
135883.0	20.66500359684672	0.2795694150528777
135884.0	20.257636876432468	0.0719857183138945
135885.0	20.945160081364318	0.4022136712884923
135886.0	20.06202428312485	0.0353800626896913
135887.0	20.234272310835024	0.041753471794234887
135888.0	20.97593578710153	0.05927795674753178
135889.0	21.317157785325293	0.049950688641322655
135890.0	19.882823954583884	0.47589709745667935
135891.0	20.3855189635525	0.08145317462874965
135892.0	22.286891616911785	0.22126933667171006
135893.0	21.15442294929619	0.05270326697925406
135894.0	21.005453770314926	0.1809289489928398
135895.0	20.327085938684803	0.08548291741573874
135896.0	20.854843020808087	0.05897902649308431
135897.0	21.970866354921462	0.2892320893322566
135898.0	19.161551957338055	0.2795694150528777
135899.0	20.306424218174993	0.3701692648215807
135900.0	20.341375189722147	0.2753634381837656
135902.0	20.38446026238199	0.08005242913449905
135903.0	20.22189039633812	0.024926994884330787
135904.0	20.182217384318076	0.06032856432507857
135905.0	21.60228136317102	0.04891755654201017
135906.0	20.976165508258013	0.07716346847927937
135907.0	20.562687887918912	0.039609421569170536
135908.0	19.843743657634906	0.05236121854418862
135909.0	20.15175596358273	0.09332992670333508
135910.0	20.97698449289766	0.3691226692487321
135911.0	19.815076504173497	0.006044592952503513
135912.0	21.685367567170875	0.3471420315382795
135913.0	20.88500044769201	0.05598579281586176
135914.0	20.952241523927622	0.275050658899234
135915.0	20.03244306454921	0.054081913105883506
135916.0	19.836475418373162	0.007714490522662529
135917.0	20.686220461047554	0.04853370628169881
135919.0	20.75534703542551	0.03526588445937735
135920.0	20.448565789428272	0.2713950693382893
135921.0	20.886564994604285	0.15167467805715737
135922.0	20.7600366007558	0.3721353798270843
135923.0	20.243789796657467	0.033509933403272595
135924.0	21.52272327268102	0.2505468001283438
135925.0	20.247765986819324	0.06220781522602176
135926.0	20.97180128950167	0.09053458852437224
135927.0	21.902073108998337	0.41835805748303706
135928.0	19.79777597384688	0.26350299366017604
135929.0	21.551719794764566	0.27531111839614236
135931.0	21.137669231821945	0.07461794475358664
135932.0	21.668755891456442	0.2869690597615365
135933.0	20.90979283667967	0.03864439327301286
135934.0	20.62770816811834	0.921223522823211
135935.0	21.630447540253652	0.2638075682138828
135936.0	21.73788591216712	0.31207462824084425
135937.0	21.271182136809408	0.7152484260734182
135939.0	21.83387122187077	0.4909537031468195
135940.0	20.84414494984593	0.45263952489282583
135941.0	21.945027492992875	0.46522647475089046
135942.0	21.27646278258834	0.41313302088923326
135943.0	22.949923619720344	0.4196688396161782
135945.0	20.25960303898287	0.45495672453065866
135946.0	21.869937065344196	0.03303250076954446
135947.0	20.902261585272374	0.3707472551273283
135948.0	20.42101148684995	0.512549754151395
135950.0	22.46215518900576	0.2795694150528777
135951.0	21.142003195534606	0.5560679212849476
135952.0	21.53851569094901	0.3676581927756673
135953.0	19.71045611644571	0.2795694150528777
135954.0	21.98750561468598	0.6195968141091354
135955.0	21.055071310991192	0.591052000516749
135956.0	22.27562033689366	0.47742157980235517
135957.0	21.75714844921926	0.45532612390008037
135958.0	23.357832592052084	0.5659379713503964
135959.0	22.52573489009372	0.661593259302732
135960.0	21.5783768347063	0.5815783433073256
135961.0	22.16769794348719	0.43450461558468895
135962.0	20.62374436313167	0.004341945172632151
135963.0	20.495180768366897	0.27502484566398977
135964.0	20.69199048981679	0.4104872195437387
135966.0	19.53030553977894	0.05611512425171493
135967.0	19.93344256295118	0.5048941441623092
135968.0	20.540907118962682	0.2673469127094754
135970.0	21.951782326863462	0.25383032821386786
135971.0	20.767409372598667	0.2958684238698951
135972.0	19.398163757649886	0.3054699454191022
135973.0	19.071361288241018	0.0006633232469267432
135974.0	20.91614915684615	0.1166560726119175
135975.0	20.485581307320462	0.06962339267516651
135976.0	19.428563314868953	0.2795694150528777
135977.0	19.586588083217748	0.045211090056616894
135978.0	21.40341556880167	0.5982031978698401
135979.0	19.520735323822265	0.03394373740433509
135981.0	19.829906729731945	0.2795694150528777
135982.0	22.591646882260047	0.5843564898068073
135983.0	19.79419675025305	0.10757792351469321
135984.0	21.138693912260198	0.6369343365370758
135985.0	21.29490704676454	0.6606991449886813
135986.0	19.16436561107868	0.043004761727223284
135987.0	22.83704553221888	0.6041570105526383
135988.0	19.96892287984188	0.2795694150528777
135989.0	19.791513926303516	0.4569352642589162
135991.0	21.004814364255452	0.6332657366598851
135992.0	20.069627560126776	0.5860534069042033
135993.0	20.75780293427043	0.3957137057165126
135994.0	20.467054925922525	0.04879200309785919
135995.0	21.42399744528273	0.07860645555825418
135996.0	20.34882219879949	0.2795694150528777
135997.0	21.151017229420248	0.05348073574524167
135998.0	20.804031171903482	0.06045510713632422
136000.0	23.071701043884218	0.5706740636849925
136001.0	23.637430159109076	0.4651321171366033
136002.0	22.893526929877165	0.45577512511758767
136003.0	23.155890811936775	0.5214912635386812
136004.0	21.927616548191047	0.4206909857092451
136005.0	24.64610241607896	0.547192481806517
136006.0	22.815280680696535	0.3171502031788311
136007.0	24.022524468531007	0.5647465841286357
136008.0	24.066500975557002	0.5278840495634484
136009.0	24.430829367362268	0.4871491895396845
136010.0	23.74690038023082	0.5397954637538777
136011.0	24.269152984739023	0.5211542921869321
136012.0	23.388546558031212	0.44479989234072315
136013.0	24.450318780532324	0.4898465276969719
136014.0	23.34794126207565	0.4311279689597026
136015.0	24.285079606200103	0.4831193386024325
136016.0	24.389656539592213	0.497377937758981
136017.0	22.6012723290686	0.6496669809054771
136018.0	22.16858354219331	0.6430732499562265
136019.0	23.77345728576126	0.5415964394265426
136020.0	23.550327771454125	0.5748771728389084
136021.0	24.576342768515005	0.4339841248617875
136022.0	20.887247198285174	0.054710615078937874
136023.0	22.28010412352719	0.41261876443629025
136024.0	24.145923198117963	0.4393305447070741
136025.0	21.97205889143373	0.2713954785021529
136026.0	23.231941718586548	0.33922147242599593
136027.0	22.3464901349064	0.44725689859815543
136028.0	23.82446566297183	0.3031960641826268
136029.0	21.583858275103495	0.3012248865740775
136030.0	22.700928026359264	0.3129667124750404
136031.0	23.077533177847908	0.43995175149384314
136032.0	22.884128517703488	0.4070641581734209
136033.0	20.77152771965328	0.1429448830751583
136034.0	23.574328892440345	0.5036210617592582
136035.0	23.43092377323362	0.5278402915384083
136036.0	23.168514557639707	0.43048741257029943
136037.0	20.653859217289863	0.4414467735967725
136038.0	23.633489982834202	0.4168376149726715
136039.0	23.005042395769678	0.5118976601218495
136040.0	22.829222743642873	0.5182083187196418
136041.0	22.25624934296789	0.5801834420816715
136042.0	24.061875268120644	0.4947557960711857
136043.0	23.756053862744366	0.5204046518032738
136044.0	21.96911935262082	0.297873776419211
136045.0	23.677786732875852	0.5748655159846944
136046.0	22.678830907590058	0.499218655636212
136047.0	23.80429028353284	0.5004595037068525
136048.0	22.84822804234315	0.33907859735204093
136049.0	21.435096874605367	0.036725975198450736
136050.0	24.996294367882992	0.49407663925948747
136051.0	22.249070321358772	0.5163637160166898
136052.0	23.297317830896418	0.5291199170353329
136053.0	22.838260648706303	0.47426745751675814
136054.0	23.05540389781223	0.4927730672535292
136055.0	21.339419513679378	0.7135065842087948
136056.0	22.980936036776974	0.48149730920595424
136057.0	24.630099365608103	0.5354149546962819
136058.0	24.02528461673623	0.5164863932901644
136059.0	23.597299290999583	0.5012630087281553
136060.0	21.35408596777473	0.32520739663607096
136061.0	23.704734195108358	0.5433042283333124
136062.0	22.000329829164713	0.6004858144441245
136063.0	23.091845703801376	0.49705035388174823
136064.0	19.98411669127561	0.5425159658214598
136066.0	19.975597732782237	0.4100880900358988
136067.0	18.875842664052318	0.034578378211713945
136068.0	20.95957223605449	0.36191603767512803
136070.0	19.37206273135887	0.36206130303940526
136072.0	21.089839677010453	0.4429308607129207
136073.0	22.01896821472574	0.39983642337963726
136074.0	20.11991596726658	0.49090142915299806
136076.0	21.16641994549586	0.32590552298878606
136077.0	19.699696721890955	0.3022863863966796
136078.0	18.990607616845775	0.3749600499642562
136079.0	19.790577293860412	0.5002902037859268
136080.0	19.52634205990321	0.5009522075778517
136082.0	18.977645414759284	0.04584824765164251
136083.0	21.93630839238405	0.5500823698580511
136084.0	20.348852055009978	0.5667233787308036
136086.0	20.51243271078299	0.4385937340997972
136087.0	20.507324336501426	0.26431032925406783
136088.0	19.9670133722697	0.4419539819643757
136090.0	21.208778535382603	0.3939977294256074
136091.0	19.19042516554407	0.5886232387087071
136092.0	20.25711381628235	0.33326661210952757
136093.0	20.413047062209294	0.33039989507116396
136094.0	20.156845064369175	0.296481208538183
136095.0	19.661593086716472	0.36286154633251433
136096.0	19.294448508728482	0.3601192996378678
136099.0	20.75499562581889	0.5211943025555542
136101.0	20.08306765969389	0.5511071904379377
136102.0	19.59173222275122	0.2378821121078077
136103.0	20.88429422251003	0.2795694150528777
136105.0	18.95921585199717	0.2795694150528777
136106.0	19.27429856558526	0.0236829054902988
136107.0	20.196936007228405	0.07389635054038687
136108.0	19.667010162729223	0.25819856082535275
136109.0	19.300342116309658	0.06460393853231107
136110.0	21.06359862873802	0.3874446500688693
136112.0	19.216412186753082	0.30615678337156205
136113.0	19.150727090807283	0.3335832339806709
136114.0	19.797281324013447	0.4332911533702984
136115.0	20.55741131540661	0.2795694150528777
136116.0	21.255579069693017	0.2873954161611262
136118.0	21.181633993259336	0.1842754181609001
136119.0	20.128515826476246	0.3142832245719799
136120.0	19.560468392041855	0.322199620365997
136121.0	21.800232886605535	0.2913202789371559
136122.0	20.70365659808022	0.3013029682714793
136123.0	20.258261894773902	0.43343353062310913
136124.0	19.079161056984905	0.25073211406850127
136127.0	19.21863712947016	0.02019941142586034
136128.0	20.862456522167214	0.36566189339652194
136129.0	23.506831879110468	0.4509325738867153
136130.0	20.81840864966155	0.33252326813214317
136131.0	22.747726413428797	0.5393497937398829
136132.0	21.498841918233673	0.4654252584644872
136133.0	21.455841858385636	0.38888173209149585
136134.0	22.074494000470434	0.4791968046080829
136136.0	21.7671408852773	0.40468022249036334
136137.0	20.856968695733105	0.37126084448231983
136138.0	20.779994330154565	0.4983222291586153
136139.0	21.044628555187067	0.38704685937461025
136140.0	22.646834892259843	0.46212599228276124
136141.0	22.12164450714267	0.48021700303292175
136142.0	21.135635520107904	0.46979496037647867
136143.0	21.650496131300205	0.5822500629260087
136144.0	20.40969704968344	0.41387839194101134
136145.0	20.783627603006753	0.41279280777448724
136146.0	20.346663053046743	0.38533810598115803
136147.0	22.077012502431742	0.40564161872597915
136148.0	21.8910096230352	0.2795694150528777
136149.0	22.081735367095153	0.5684881135073905
136150.0	20.21279527183052	0.2795694150528777
136151.0	22.696602978390125	0.570581912033742
136152.0	22.051353787087223	0.31755202046442693
136153.0	22.827155256786973	0.42689466191706626
136154.0	20.75896501623512	0.5090396543909491
136155.0	22.238500154533558	0.605554834468239
136156.0	22.889372633020177	0.41187518531090855
136157.0	22.067727091116804	0.39677765657794223
136158.0	21.06072134689939	0.25251030160813726
136159.0	20.740662342403542	0.2603740698051149
136160.0	21.266202379827206	0.2021570263160327
136161.0	22.225152806676338	0.5537368092078246
136162.0	22.15481889815347	0.33276427103626016
136163.0	20.770505082721193	0.288544726688734
136164.0	21.93088278919398	0.46952195055131585
136165.0	23.26729333713003	0.48093349794234946
136166.0	20.73323448553573	0.5197800258692884
136167.0	20.84692019588192	0.5058366439470633
136168.0	21.64242673776103	0.6257102861960929
136169.0	23.011086210698302	0.502616476943486
136170.0	22.45830276545782	0.6222079724740907
136171.0	22.974335828656802	0.46665519068648764
136172.0	22.72655356158486	0.5986217300468617
136173.0	21.912228709905563	0.6164674981730647
136174.0	22.237971581974076	0.7236584095189669
136175.0	22.69412877061009	0.6084681440998968
136176.0	23.594834319536712	0.6162910065905555
136177.0	22.157453611157155	0.7497551397935079
136178.0	21.931324097168094	0.5581632692011259
136179.0	22.268206331775158	0.578278001471488
136180.0	21.258726457110512	0.6546726417417075
136181.0	20.916784845011396	0.559233885363421
136182.0	22.1299111145905	0.6151446838588124
136183.0	21.391742691509947	0.6835914318650446
136184.0	21.337998067748195	0.6887101093887993
136185.0	21.754255489767495	0.35446312106208566
136186.0	20.938454378528878	0.4223369921907296
136187.0	22.968060140343525	0.45251960185629003
136188.0	20.314975341657437	0.5937628020140504
136189.0	22.275082328505924	0.5466550279511095
136190.0	21.990235520134757	0.4128602837119272
136191.0	20.99861619528216	0.5965719095255764
139264.0	21.49850599164324	0.07433090244011041
139267.0	22.0700098122443	0.1492811696927987
139268.0	21.494035789537286	0.024044986060143526
139269.0	22.701904268080426	0.5030084252717065
139270.0	22.12997727794351	0.6103091591398618
139271.0	22.033437222121858	0.20605715866234608
139273.0	22.398262764925782	0.5303447633536629
139274.0	22.794844905892624	0.25098886375951285
139275.0	20.898660929992886	0.14096386358475582
139278.0	21.15940993307825	0.11338676194018951
139279.0	21.853748845129154	0.15174185558198217
139280.0	22.339241567858814	0.13193570105098903
139281.0	20.527884369932206	0.16114211267258938
139282.0	20.835363814245202	0.142840459744256
139283.0	21.117869820827767	0.2795694150528777
139284.0	21.159419244501404	0.4270661552943352
139285.0	21.338339815371995	0.14714308155102027
139286.0	20.896430342464264	0.08190994907420905
139287.0	21.711544847254963	0.0892841825523743
139293.0	21.12439015363004	0.2795694150528777
139294.0	22.186212878367943	0.5256290760390291
139296.0	20.71363476236208	0.2795694150528777
139298.0	21.026534301012155	0.2795694150528777
139299.0	20.75666440670743	0.09436071993158812
139301.0	19.89817628963573	0.2795694150528777
139302.0	22.785985387797403	0.4461262100279165
139303.0	20.473856399609115	0.055553029687974556
139304.0	20.806102218705476	0.06147322092031443
139305.0	21.076004979827207	0.022504412179551892
139306.0	20.73482929739658	0.08945403915269139
139307.0	19.609056590055943	0.04353788521582182
139308.0	19.397645187775694	0.02871739684635631
139309.0	21.10931671445263	0.04680406900729224
139310.0	19.803185765172785	0.2795694150528777
139311.0	19.64553161882646	0.11267012163307334
139312.0	20.639523705104	0.4631444304577191
139313.0	19.22120435239832	0.2795694150528777
139314.0	20.877326911788003	0.06095455139256202
139315.0	19.879971733019108	0.013728837314740151
139316.0	23.780057761311625	0.27591223224556666
139317.0	19.711829531514937	0.04805170625903913
139318.0	19.678091864006287	0.01071559874421663
139319.0	20.960778325508397	0.11093285318175612
139320.0	20.38723492703274	0.03984454697209433
139321.0	19.634000166625643	0.01864841294266805
139323.0	20.37432958547634	0.07142153151777084
139324.0	20.72867496438955	0.08781108476985822
139325.0	20.40848570074531	0.035252972078636056
139326.0	19.935708161810638	0.023621137340616737
139327.0	22.818158420673313	0.06108490809278811
139328.0	22.2837866490793	0.07778008712659952
139329.0	20.15162155014052	0.035032148110525727
139331.0	21.4468295150518	0.07454322338332596
139333.0	20.29625509905348	0.2795694150528777
139334.0	19.274734807000115	0.022433140142101408
139335.0	21.118481916240388	0.07753337514314783
139336.0	20.05384430136234	0.09159520762245438
139338.0	21.60493342183194	0.09087810852557059
139340.0	21.828614019863238	0.0738434632140239
139341.0	21.0177081310617	0.04547282534155991
139343.0	21.01487606051458	0.04038876787496416
139345.0	20.6583431319793	0.09976803062299032
139346.0	21.57814937570736	0.0463384124928369
139347.0	22.610166811244248	0.07053569145961912
139348.0	20.281905088175368	0.03759953067575821
139349.0	20.5360683521301	0.06289660330604495
139350.0	20.106642440904928	0.004069599234305022
139351.0	20.593791479362068	0.024222858719106382
139352.0	22.255818695601654	0.06642532423131854
139353.0	21.213009572642033	0.041006746661226605
139354.0	21.377672422798703	0.03431123907365863
139355.0	23.111026146344287	0.42535233152953333
139356.0	20.290103679442147	0.04646528981084568
139361.0	21.61738010270627	0.2795694150528777
139363.0	21.831921996148736	0.7715587459278468
139365.0	20.883548600179854	0.008593754648048903
139366.0	21.184520367572965	0.012641717293356156
139367.0	23.237858647453457	0.4621151971167911
139368.0	20.66398997881134	0.1689811800616389
139370.0	21.17753790391463	0.07090068443928998
139371.0	21.425123496479213	0.6361957377318371
139372.0	23.65517732984007	0.10807711727000202
139373.0	20.859855262169646	0.2795694150528777
139374.0	21.92176123054554	0.1294603829258099
139376.0	21.34990201633016	0.16789239364793407
139377.0	21.06685412914209	0.12047849563554519
139378.0	23.05794442549208	0.5638517111689019
139379.0	21.03640007366824	0.2795694150528777
139380.0	22.35397721129627	0.047840590631154783
139381.0	21.465499116134236	0.1352023927071923
139382.0	21.960814264247833	0.1614395023804607
139383.0	21.211294763514328	0.11426109358589547
139384.0	21.7161444827906	0.11756621099789186
139388.0	20.902432138774074	0.07386266546301345
139389.0	22.778620550795427	0.4530053908249782
139390.0	23.4907749546782	0.48470561488859754
139391.0	23.182040359649772	0.21567510999264985
139392.0	20.283076540703398	0.07030795408827306
139393.0	22.31513180619122	0.3770267640862983
139394.0	21.542787242312663	0.06499099060273297
139395.0	20.532195437305425	0.06946766074806487
139396.0	19.174966238168352	0.05508195313881705
139397.0	20.162137861014976	0.051347622547501075
139398.0	20.454185497746977	0.08070951669182778
139400.0	19.934875347244017	0.06646409420498885
139401.0	21.20665049467271	0.06071907809977806
139402.0	21.773186301584666	0.238969353431247
139403.0	20.43685789450573	0.05159773878431141
139404.0	22.38321121806385	0.07761105206539846
139405.0	21.785204977567453	0.22183343512316453
139407.0	20.844000448602277	0.33958686082086725
139408.0	19.671953600547383	0.05596482983554076
139410.0	19.43664257786481	0.2795694150528777
139414.0	19.099755951106513	0.044995513795813076
139415.0	19.70561509477012	0.02378905718319573
139416.0	18.793651472419846	0.007783364286762176
139417.0	19.930040021589626	0.038341178441687815
139418.0	20.18686567496075	0.055979284048363026
139419.0	18.832590454219652	0.2795694150528777
139420.0	20.126635191377172	0.024830537682076867
139421.0	19.623157685147003	0.039001499171261014
139422.0	19.72038077789433	0.04571805624150999
139423.0	18.583192290507164	0.2795694150528777
139424.0	20.045480015312293	0.05368485272560374
139425.0	19.782742010841186	0.0628127468872972
139426.0	18.794507884299524	0.017467883523456164
139427.0	20.302564235630772	0.05571990675746898
139428.0	20.107605057849852	0.054978783103809895
139429.0	19.299815613827768	0.03846892204555495
139430.0	20.383374532688077	0.06230340396098886
139431.0	19.036184183896037	0.03398199953358589
139432.0	19.544771467187573	0.05258187120845244
139433.0	19.603248128284662	0.05247218719358368
139437.0	19.673563464308234	0.5117337256118581
139439.0	21.667175195533694	0.441577845694999
139442.0	21.49099150824267	0.0642175476966005
139445.0	18.95818014607467	0.2795694150528777
139446.0	20.759630533781326	0.08854881866164216
139449.0	19.979928946628036	0.04025557281030908
139450.0	19.63370413605692	0.05714788185116031
139451.0	18.8532451423617	0.009973107435821792
139453.0	18.953692908011316	8.45412574237238e-05
139454.0	21.11768149217547	0.0445475943905235
139456.0	19.06605297790623	0.2795694150528777
139458.0	18.91306202162405	0.04297079459656284
139459.0	20.56640121804605	0.08539045862740356
139460.0	19.895487654891415	0.05336428868922712
139462.0	20.668754065757046	0.06925655195876099
139463.0	21.39048341827787	0.4666951317956671
139465.0	19.749403408046682	0.05036667576769336
139467.0	18.602673736511964	0.2795694150528777
139468.0	19.744317313943586	0.028436468940433158
139469.0	20.954481653632712	0.35418831578587767
139470.0	19.803602243936517	0.060720779598616936
139471.0	21.5022828447166	0.34627450505432417
139472.0	19.97866133156537	0.03746040174930564
139473.0	19.54301224829052	0.05852918101589821
139474.0	19.472118472756613	0.0668218391924267
139477.0	20.13186844023865	0.0594833270308481
139478.0	19.783109797115632	0.0720052429858719
139479.0	20.685904463276	0.09805671035526432
139480.0	20.077580080216887	0.08046914729800482
139483.0	19.163920348372237	0.05247860724975538
139484.0	20.015138982197097	0.04937507670573227
139487.0	19.765717805908274	0.07526849018903015
139488.0	19.323538386421102	0.02709296006470786
139490.0	18.988643657373213	0.07349933457578581
139491.0	19.35560038145107	0.06436818347776736
139495.0	19.03269601103038	0.2795694150528777
139499.0	18.84352480796738	0.2795694150528777
139506.0	20.842981762091597	0.07068529861460127
139507.0	20.320419770515034	0.018591765907876742
139508.0	20.657435887868882	0.06581473001853021
139509.0	19.10171707029794	0.2795694150528777
139510.0	19.586518816560535	0.04564022163683748
139511.0	19.53646441148221	0.2795694150528777
139512.0	22.69285840088609	0.5247892985592754
139513.0	19.114854368311015	0.06930102488983096
139514.0	19.325216410893148	0.07336705365133364
139515.0	19.11210791557131	0.03245059062065888
139516.0	19.864112840535235	0.07417724635642942
139517.0	19.069675982109114	0.04537065126182123
139518.0	21.811267335597886	0.07221784722230291
139520.0	19.222377592837407	0.04617727465819521
139523.0	19.990971666461537	0.049948496841798584
139526.0	19.462654007692706	0.2795694150528777
139527.0	19.630868773446796	0.06254099793487973
139530.0	19.142532524782613	0.2795694150528777
139531.0	20.700580798879663	0.2795694150528777
139532.0	19.847636946950637	0.2795694150528777
139534.0	20.90527249927217	0.0529091789907882
139536.0	19.099395307892845	0.03980133875501733
139538.0	18.748328507706187	0.2795694150528777
139542.0	20.867803659684512	0.08848650041690563
139543.0	19.541163136527768	0.2795694150528777
139553.0	20.7457937351979	0.6918437407126842
139568.0	22.37542840792659	0.2795694150528777
139586.0	22.170380785577887	0.2795694150528777
139594.0	20.136615699427395	0.2795694150528777
139595.0	19.910728967322996	0.2795694150528777
139601.0	20.332585902913863	0.2795694150528777
139618.0	20.237320419138673	0.2795694150528777
139623.0	20.213868300477767	0.2795694150528777
139626.0	19.366822970151343	0.2795694150528777
139628.0	18.925308369406736	0.0494409323052475
139631.0	19.410248535883525	0.08100167867655134
139632.0	20.07492056898009	0.08521551488208592
139633.0	19.37405821692747	0.03875926936618071
139635.0	19.464489888660747	0.05115923884472446
139637.0	19.552273275551546	0.2795694150528777
139639.0	19.901718998706677	0.0669477541883789
139640.0	20.003477844343433	0.05602383685946065
139644.0	20.189836482893494	0.05217679177031729
139647.0	19.522461240827585	0.06107123418185958
139648.0	22.828911050208408	0.2795694150528777
139650.0	22.385394437929712	0.041615300234717864
139652.0	20.860806837127143	0.032036814699486174
139653.0	22.755753257067504	0.03586549497008868
139654.0	21.91787428384402	0.08549923102913161
139655.0	22.696426076289917	0.895550885002115
139656.0	21.078926579914377	0.2795694150528777
139657.0	20.956635333444154	0.06838735826276901
139658.0	23.874133604155716	0.6626489216791207
139659.0	22.036876249346204	0.034609581898765875
139661.0	21.86474203101425	0.2795694150528777
139662.0	23.94006928074417	0.6153830743306328
139664.0	22.6600989595994	0.2795694150528777
139672.0	20.1385622816885	0.2795694150528777
139675.0	21.01810150262146	0.022140700081458155
139677.0	20.932972302258925	0.05791108377555785
139678.0	20.935802175128913	0.08824842605716916
139679.0	20.847126363181438	0.05678852145294683
139680.0	21.405656171995265	0.08692966347461831
139681.0	20.868468257471815	0.048598028804628546
139682.0	21.691871846951774	0.05629566650920257
139683.0	21.93039273952222	0.11644179645072719
139684.0	21.490836438916013	0.11936681461572472
139685.0	21.599854188052404	0.05813133940624573
139686.0	21.57450099337365	0.056100283133860306
139687.0	20.079565461097285	0.03984513242755811
139688.0	21.082952845977726	0.06427657048591928
139689.0	20.21572601907809	0.049662382166294004
139690.0	20.975331256620247	0.4970774922569055
139691.0	22.726347984393517	0.5463464856375602
139692.0	21.899842068266253	0.6269112731694393
139693.0	22.061073232452408	0.5758953213816387
139694.0	20.76212905896133	0.6243097750234188
139695.0	21.388163024409838	0.4451240290949496
139696.0	22.438149491111155	0.6144591868920496
139697.0	21.93423968474931	0.6060655883112792
139698.0	19.76398904127282	0.05587771944490764
139699.0	21.27792382820438	0.051465494609068727
139700.0	20.62919504137927	0.4121902812506274
139701.0	21.366767605361087	0.5484305777771225
139702.0	21.146193445533868	0.5507826147165155
139703.0	23.594579191000808	0.5153749522174041
139704.0	21.379795479767555	0.6143082512321228
139705.0	20.56378516161002	0.06827836765168656
139706.0	22.017355364127503	0.0537459073357314
139707.0	20.414440255374263	0.05907565462442876
139708.0	23.342433344050285	0.6302558461134669
139709.0	20.380207240704646	0.08216336981641847
139710.0	23.32988675432665	0.04602805724107708
139711.0	21.61508138210117	0.5770192729026716
139712.0	21.076597224037748	0.5970622823916456
139713.0	21.45860366245188	0.31617761030858216
139714.0	20.161655664106075	0.04532816854193311
139715.0	20.920858653043307	0.3607388860952626
139716.0	19.153216018969598	0.04845624206131522
139717.0	21.4636133914688	0.6156926419158396
139718.0	21.17731976936864	0.044514755979448824
139719.0	21.25727102817413	0.5842775295461945
139720.0	20.41040344093557	0.35236917522092615
139721.0	21.00911252508726	0.052685972590896954
139722.0	22.58989720361548	0.5770289160904107
139723.0	21.441273453983044	0.12757734720235359
139724.0	20.545425792013354	0.043827874084045926
139725.0	20.962108102236037	0.055743536977514746
139726.0	19.99548899031253	0.07405533675131208
139727.0	21.171672355091573	0.4676959355746428
139728.0	21.42216649435861	0.6705902094554133
139729.0	22.07219014475231	0.6463774580648777
139730.0	22.436562970056432	0.49809340789748674
139731.0	20.770670517180072	0.48042836109385134
139732.0	20.152754550130208	0.39628099667473393
139733.0	20.176471511677434	0.058096501802119005
139734.0	20.108009158050862	0.04872936642501534
139735.0	20.084896484990075	0.05114892328481784
139736.0	20.86342081287129	0.058301701024939874
139737.0	20.47786918939421	0.04466272264148018
139738.0	19.60240540882261	0.037528072968593465
139739.0	19.36871491493592	0.002161309993828488
139740.0	18.97391383647834	0.08082497704433214
139741.0	19.006689706325385	0.04967463733893397
139742.0	20.134113013891074	0.05657024548016769
139743.0	20.1747406778737	0.06541892963819608
139744.0	20.45574981131754	0.055552894742076545
139745.0	20.62525526746482	0.05273057335609673
139746.0	20.22017889533586	0.1444965607770305
139747.0	21.131332804787455	0.01927771700301151
139748.0	20.450521379235568	0.2795694150528777
139749.0	20.405966893710616	0.2795694150528777
139750.0	20.40180224036466	0.04500738631570249
139753.0	19.838652608355567	0.2795694150528777
139755.0	21.111943498944736	0.011275918074327634
139770.0	20.414275723271754	0.04580382610086037
139774.0	20.40163049514783	0.05574938583643163
139776.0	20.506050665175497	0.2795694150528777
139777.0	24.046377067291782	0.6832356318052172
139778.0	24.58962274154593	0.419812125041996
139779.0	22.771972433637977	0.6077518421660781
139780.0	19.78263968605493	0.2795694150528777
139781.0	21.44612689090481	0.07240105410495905
139783.0	23.119745575416434	0.704245512194901
139784.0	21.046422711592093	0.2795694150528777
139786.0	23.502979242896913	0.6529672463279494
139787.0	22.907092861553792	0.16517947108559755
139788.0	23.29366042062468	0.3574456547272728
139789.0	22.71456729160923	0.5849812180206108
139790.0	20.676777816703297	0.2795694150528777
139791.0	22.74542983165914	0.2795694150528777
139792.0	23.727439200269565	0.7246355586854968
139793.0	23.071309051268912	0.9867290902646753
139794.0	21.256650063266935	0.13533921693519524
139796.0	23.78950102488673	0.7370715951956037
139797.0	21.477279466304655	1.040523338955346
139798.0	23.093013450191155	0.685060963423206
139799.0	21.73745110671181	0.011779842253728615
139800.0	22.5569619582191	0.5680724768401273
139801.0	21.952094030751002	0.10588361116942631
139802.0	19.9441112126945	0.007432400833883555
139803.0	20.327255869678414	0.0838309476529466
139804.0	21.31931714979651	0.0845272811059273
139805.0	22.40183617771213	0.05098594107169113
139806.0	21.096927567513482	0.0472126086847204
139807.0	21.844337759203842	0.2795694150528777
139808.0	21.425603475109167	0.058287141747329546
139809.0	22.537107253626264	0.07025972452803735
139810.0	21.379300857663303	0.08169174196492915
139811.0	21.523912675008948	0.08090211084354286
139812.0	21.24398304369975	0.0626010562356831
139813.0	22.091030222646264	0.09033355209884184
139814.0	22.862448217658578	0.07897805288988753
139815.0	22.686739131126682	0.0612227532617938
139816.0	21.918454799580537	0.05875827520540619
139817.0	23.42001392804773	0.05666100159025906
139818.0	23.354550650159215	0.7322424627218931
139819.0	22.084958273387834	0.6955320437720903
139820.0	22.5101998476413	0.6562293318303146
139821.0	21.975996217006106	0.5970946696943131
139822.0	21.349578065764092	0.5429971548345711
139823.0	23.513836351979226	0.5531648699498988
139824.0	24.01330036929936	0.6403952017936408
139825.0	22.639257148867994	0.5992733998940488
139826.0	23.696773379458445	0.08549289524412397
139827.0	21.015203281614006	0.3543863331023202
139828.0	20.92397112629885	0.05086377132615751
139829.0	24.1503190298184	0.5910976524282832
139830.0	22.658035216549994	0.6224128577748967
139831.0	22.481984512369426	0.5686080888819687
139832.0	21.761777461318097	0.620477472278754
139833.0	20.500700210747734	0.08113428291621068
139834.0	22.596521269391854	0.06470671729670475
139835.0	22.586746238207667	0.074638970347832
139836.0	21.317702496262243	0.5307277041830859
139837.0	22.703738504260212	0.054111385523131814
139838.0	21.295626780381504	0.07344491381441169
139839.0	23.13689068350768	0.6103156671546914
139840.0	23.733597158005512	0.5069136707273233
139841.0	20.922473665033657	0.09202598444894884
139842.0	22.138681909384115	0.0775357384395715
139843.0	23.754919641533224	0.44449915130451656
139844.0	21.05558058827006	0.06597507155886673
139845.0	23.704377902908494	0.607740833840327
139846.0	21.07413172241713	0.04402242293803542
139847.0	21.30275087316573	0.6895430015633665
139848.0	22.21380964960154	0.30064914964713974
139850.0	23.30056468422459	0.5489044445353761
139852.0	21.70823090386696	0.06633847678190001
139853.0	23.7733933008796	0.08047467877597529
139854.0	22.74107178856525	0.07345325647104184
139855.0	24.4012692490473	0.42848013281033126
139856.0	22.291532547189824	0.5808242919042339
139857.0	22.37621211317252	0.5536498716183702
139858.0	22.909956082479827	0.5971426153096825
139859.0	21.934827742963275	0.5351049186272141
139860.0	21.375178938131963	0.29635655308017883
139861.0	23.277630033808244	0.36459584594282973
139862.0	22.053811311168527	0.0702671231141224
139863.0	21.26823601887152	0.050066544412197725
139864.0	21.41311033584337	0.07286752581443835
139865.0	21.9210459496523	0.08970579946269393
139866.0	21.70792225040682	0.036294521253673044
139867.0	22.977664028047354	0.05768528748526875
139868.0	23.245319841873982	0.06535472966964122
139869.0	21.1993120308073	0.049585459877786585
139870.0	22.46748596591499	0.06192047764061685
139871.0	22.882422266710815	0.052011764182598084
139872.0	22.72101960684806	0.07065675574002703
139873.0	21.870634893439178	0.11699778859712001
139878.0	22.974687450282488	0.05588490301719124
139879.0	21.84361631595411	0.2795694150528777
139884.0	21.74058255523892	0.2795694150528777
139885.0	21.20801148792396	0.2795694150528777
139886.0	20.960797657542145	0.2795694150528777
139888.0	21.51336349427439	0.07912269595125877
139889.0	21.365068277659265	0.06981216955387663
139890.0	22.14858265353762	0.0906635451429141
139891.0	22.495238687493384	0.8570205279463429
139892.0	21.5827620639838	0.07176952321268093
139893.0	22.659363049848615	0.2795694150528777
139894.0	22.75119660720495	0.5181948801371739
139895.0	22.72400919796166	0.5680257606604162
139896.0	23.842592067614216	0.46494035170135173
139897.0	21.538237520770686	0.2795694150528777
139899.0	21.46806331371617	0.2795694150528777
139900.0	21.657034611868518	0.06182813754817037
139901.0	22.15148504508879	0.021356776683180156
139902.0	22.393093661622153	0.030673089335237682
139903.0	24.870057636339084	0.6010462244440871
139904.0	22.351803284888955	0.06663583280185299
139905.0	19.819119193190108	0.08628511481052104
139906.0	20.953156547715714	0.6463406032444993
139907.0	21.08325432648976	0.059891982493260255
139909.0	22.707187392531726	0.5816610897478904
139910.0	23.250195339491484	0.5422663568471222
139911.0	20.14497383490349	0.05727321972394626
139912.0	20.67507149323319	0.05522425940321066
139913.0	22.695064034158566	0.47246311595696944
139914.0	19.66126940666947	0.03814958188745541
139915.0	22.406643878378436	0.43834725430405924
139916.0	23.316130627417582	0.6608570647224462
139917.0	21.95152592585756	0.519497748335319
139918.0	22.0154061075247	0.2685309308778266
139919.0	21.564914750945693	0.0789623118567223
139920.0	22.14361065218639	0.08150301300402273
139921.0	19.717705371472476	0.09488050235603027
139922.0	22.320050291879426	0.2729329807290457
139923.0	20.617580792641302	0.09849855999207771
139924.0	21.668568141559277	0.05910539702793186
139925.0	21.42126257638185	0.06425880525883135
139926.0	21.326543747012714	0.11310596175260125
139927.0	21.11167362598983	0.08098707347252748
139928.0	22.662029665367296	0.5828414523288402
139929.0	24.267800287055096	0.5202787761486519
139931.0	23.35713208784211	0.588944129864039
139932.0	21.3708614503552	0.9112053256257158
139933.0	23.875205191111093	0.07497742987656164
139934.0	23.75231659053681	0.019143619577042685
139935.0	22.3429952676951	0.6022505180160411
139936.0	23.237095417530476	0.08975180831084734
139937.0	23.33878994038017	0.43899178671245553
139938.0	23.040590440070584	0.543125945174961
139940.0	23.30105214563559	0.3932576556166949
139941.0	22.417623611565308	0.2795694150528777
139942.0	21.63074829445255	0.6399048673106754
139943.0	21.41275968796934	0.2795694150528777
139944.0	23.38916186874401	0.48255801663792675
139945.0	22.91346654262967	0.3734704470612168
139946.0	23.225977187395053	0.06779895490003829
139947.0	20.453716934165506	0.003771763470890696
139948.0	21.999502659438622	0.028699501479837897
139949.0	20.711524630025476	0.0480309846685233
139950.0	22.504827987550918	0.021956880055556426
139951.0	22.343291818290574	0.06761701690786787
139952.0	22.562999383042314	0.08046050002092876
139953.0	24.1732653856531	0.2579642811691766
139954.0	23.46985904287403	0.4342427888308961
139955.0	21.092736969256162	0.05416053185865529
139956.0	23.258591699718558	0.03489675542936327
139957.0	20.3847073759048	0.03433017733678549
139958.0	22.491896690730353	0.06657861487159848
139959.0	22.61003329494642	0.4966018000142098
139960.0	24.307611387901865	0.3956151175024819
139961.0	22.938449766617264	0.4971951298997163
139962.0	22.95527156773659	0.5615203024659156
139963.0	24.76200983327073	0.4865681132309783
139964.0	24.422705144677533	0.36792557940199955
139965.0	23.927459826179412	0.5238538324103064
139966.0	23.1028416886658	0.6016866879994005
139967.0	23.089237628606433	0.5134566324894464
139969.0	21.458473194070617	0.07809240878229487
139970.0	22.11661159465094	0.6753073191448397
139971.0	24.19802116924719	0.34850247440575305
139972.0	22.70045198340738	0.5921739656862599
139973.0	25.096854922713085	0.30694008859155475
139974.0	22.212404180181636	0.051022491414875394
139975.0	23.098940680646688	0.1060239283550113
139976.0	22.08009102072664	0.039301566736825576
139978.0	23.24404620530381	0.06658217818697215
139979.0	22.414427390522494	0.5452683178188963
139980.0	23.29861913071921	0.5824858094884873
139981.0	22.8799321310703	0.4264013647833222
139982.0	24.27398455365332	0.5764333489359244
139983.0	22.939268312198415	0.06901665891177537
139984.0	22.483999329509867	0.2795694150528777
139988.0	23.161619907634567	0.2795694150528777
139991.0	21.876710998878828	0.2795694150528777
139992.0	25.78015629691506	0.5831568666756662
139993.0	23.49011035753784	0.44245350532904965
139995.0	23.94441981901771	0.5610918279230406
139996.0	19.70906280133729	0.2795694150528777
139997.0	21.64809687908122	0.08548943211085436
139998.0	23.016756777684545	0.5462576168591848
139999.0	21.970175589098552	0.5625094496795285
140000.0	23.250588437952878	0.5630566376901543
140001.0	20.614743754340417	0.6281268487759476
140002.0	20.697020200071954	0.11249657608757242
140005.0	20.91435249688762	0.033925568478919206
140006.0	24.62728274676955	0.5814221933736328
140007.0	21.029513447686504	0.2795694150528777
140008.0	20.560665628384985	0.0751306244979469
140009.0	23.42740838986896	0.49794769555167345
140010.0	21.14087450656103	0.061576647393207035
140011.0	25.237508997535393	0.53985004218583
140012.0	20.253230981766876	0.07105774795980051
140013.0	21.916202491661863	0.07079005064071495
140014.0	23.877328869518752	0.22124185388374518
140015.0	21.986491539286757	0.10242749331743416
140016.0	20.092228499643216	0.08519489017906776
140017.0	24.61645238638401	0.36181522610628813
140018.0	21.538502655886596	0.46282306867052325
140019.0	23.652525889757012	0.08579982187322101
140020.0	22.217165539694566	0.1049044324685513
140021.0	21.879673792529225	0.09937388416408019
140022.0	22.22347645962194	0.053952285946865165
140023.0	24.324778302883583	0.3772432864404958
140024.0	23.077142857647424	0.20954956465125624
140025.0	25.167487181877018	0.6114382440154644
140026.0	25.92470022936931	0.588655858257801
140027.0	22.837941548829324	0.6109239433547857
140028.0	26.859345244843908	0.4049909562125301
140029.0	23.466696192602196	0.5225525326053699
140030.0	23.809534229710017	0.5389585890956398
140031.0	26.035109030127803	0.4436973264876296
140032.0	20.435131855014706	0.039406732580449626
140033.0	20.038154559004813	0.05893049114624458
140035.0	21.13533888897554	0.3282500290146833
140038.0	19.728652976906975	0.04962379623314693
140039.0	20.209419294332516	0.055266863412944525
140040.0	20.054732561906484	0.05240941943276093
140041.0	19.822685304635506	0.06952169041433143
140042.0	19.720672741829915	0.06408967858912604
140043.0	19.100846061933904	0.07657167497500898
140044.0	19.45904268435336	0.07043565257736538
140046.0	20.321179508888207	0.04547143032964093
140047.0	20.765279947612864	0.2501506159207601
140049.0	18.80900412125675	0.05898558203270077
140051.0	20.28499102701467	0.04997553596625205
140052.0	19.761219200478926	0.2795694150528777
140054.0	20.536582739442288	0.25755258396806885
140056.0	18.761381476684107	0.2795694150528777
140058.0	19.79582470700179	0.08792232360292292
140059.0	19.538291565156598	0.04561602376672337
140061.0	19.34689796373757	0.07086167063005572
140062.0	18.927126283836387	0.030296717961988535
140063.0	18.832826631326473	0.11192075519566222
140065.0	20.69141141630141	0.07518209531699221
140067.0	19.61179679326863	0.05369347971379233
140068.0	19.276006131387035	0.04653126705064424
140069.0	19.595947088688987	0.052821197408448116
140070.0	19.42461126214817	0.2795694150528777
140073.0	19.981444817950464	0.05136664908380475
140075.0	20.007289303672266	0.31423657693053103
140076.0	18.927730853569262	0.0467459263840931
140077.0	19.238180656536358	0.03476344367288988
140079.0	19.64006699209407	0.05849976931584875
140080.0	19.72773791395543	0.058511016098759444
140083.0	19.699142436228566	0.06092280011963718
140084.0	19.610484789393574	0.34348580783287447
140085.0	18.848576253642044	0.04502197899476434
140088.0	19.467618356261223	0.031639736154636625
140090.0	19.439554113241332	0.05784346443497103
140091.0	19.555647372534402	0.04130993327898814
140093.0	19.395851911194722	0.05223501309595155
140094.0	18.92166814230404	0.2795694150528777
140096.0	20.2223990596166	0.23269255982637813
140097.0	20.6513278901933	0.20114810172361905
140098.0	19.430668169188912	0.03259221600157852
140099.0	18.985280239318012	0.03429262573343602
140100.0	20.09843838925739	0.05477511774086239
140101.0	19.58516445780625	0.05905419799142505
140103.0	20.675940546352816	0.23618215024627748
140104.0	19.807601887787207	0.1606603766469747
140105.0	19.365669262686346	0.021228297703432996
140107.0	20.313636185518472	0.045326892667528984
140108.0	19.335498266024725	0.034192341923005125
140109.0	18.63255562306123	0.2795694150528777
140111.0	20.267594467617553	0.3210190413285845
140113.0	19.994031270715357	0.3143831214994036
140114.0	20.097854605451246	0.05963069085521903
140115.0	19.740618900384828	0.05038778497278168
140116.0	20.223141336534827	0.03858542451165751
140118.0	19.095212375180264	0.05570807117668023
140119.0	19.056892055960105	0.05132797405987829
140120.0	20.469951655276805	0.05383107119270334
140121.0	19.06271049939565	0.08256635869682652
140123.0	19.51589388348898	0.038618504775014155
140125.0	20.813690790364923	0.04852002421479861
140126.0	18.946345466944745	0.04139148543062872
140127.0	20.04971396096569	0.05520576105027575
140128.0	20.922760590914883	0.04738275190637827
140129.0	19.338450051411655	0.2795694150528777
140130.0	19.057399534959604	0.2795694150528777
140131.0	21.575078992777385	0.0835783556975518
140132.0	20.45677537776025	0.08147641031685272
140133.0	20.57838351233385	0.05169354995448948
140134.0	20.83616719390774	0.10416731936353527
140136.0	19.66283813404456	0.2795694150528777
140137.0	20.58910454976592	0.10406584521561821
140139.0	19.48703582574524	0.2795694150528777
140140.0	21.880588550635093	0.2738296909033118
140143.0	19.133478982006732	0.0470088474006844
140146.0	21.05632797028475	0.05399131426465116
140147.0	19.330971254295587	0.358997587581062
140148.0	18.94116089020204	0.03959585014127203
140149.0	19.293031874975156	0.018928705958713415
140150.0	20.40460352625571	0.3669970994410296
140152.0	22.545663167241717	0.4762041337027177
140153.0	19.889940130516354	0.06551106542243845
140154.0	20.0857966927878	0.025942134781641788
140155.0	19.893823809204214	0.0682983607222872
140157.0	19.886632305662378	0.03507329315591487
140158.0	18.807161545560422	0.2795694150528777
140159.0	20.079992584818154	0.505139574563758
140160.0	24.05499823042529	0.27522256652111865
140161.0	23.406609857065114	0.27823181424345045
140162.0	23.078294784152725	0.4938862686140386
140163.0	23.45474463062079	0.18676438062055364
140164.0	23.456572327407972	0.49128190245903014
140165.0	23.872275346320315	0.4276092002226048
140166.0	22.83755619496603	0.5168656106496764
140167.0	23.99899128370633	0.1881044825005665
140168.0	23.066984181316	0.34884222271874193
140169.0	23.76286283054367	0.4744279178449621
140170.0	21.726136264938052	0.1077605874013851
140171.0	20.38189353437923	0.2795694150528777
140172.0	22.187936467798714	0.47740424247104657
140173.0	23.653740960362917	0.5117609657903439
140174.0	21.785506617893436	0.13515882834161547
140175.0	22.340906820634032	0.11867330119948327
140176.0	25.8138455227249	0.2675871096425778
140177.0	22.74158502070675	0.14498729377748001
140178.0	22.40823673247276	0.1669486263419331
140179.0	22.541374554586586	0.07515261085177667
140180.0	23.954865556502515	0.19160285690762913
140181.0	23.00378187499419	0.12637665902762538
140182.0	21.544973880573632	0.241540914075081
140183.0	23.76023798628376	0.23077933449603075
140184.0	26.934353601176355	0.4116627400983514
140185.0	25.138338813697104	0.3721821989631763
140186.0	24.208730102429517	0.3848434314587803
140187.0	23.14679304346515	0.4240062492828016
140188.0	22.830044005323458	0.43070491192037
140189.0	24.55496962328411	0.49951794212679995
140190.0	23.648655178229752	0.5355991273635056
140191.0	24.30543336024468	0.40603690637569273
140192.0	23.07423785885328	0.5528909859097291
140193.0	25.891811775506987	0.4188375690274978
140194.0	23.70090427215961	0.4247425294979491
140195.0	25.946812283785093	0.44137759679792526
140196.0	21.42032349218652	0.059066922745634125
140197.0	20.781637026553373	0.07550677414914098
140198.0	24.229721610945546	0.49782001839348494
140199.0	23.02037254642827	0.24985972576610216
140200.0	23.24719136159506	0.32672704778080597
140201.0	23.59234834143858	0.25615025851465195
140202.0	26.526301926797537	0.45430434913194706
140203.0	22.994266081081335	0.08304449622516984
140204.0	23.40341418611446	0.4804093459447444
140205.0	22.51480827475263	0.046227176049040794
140206.0	20.042704103177655	0.04187559572190342
140207.0	23.909834785274484	0.2690967956201719
140208.0	22.724880849343183	0.2805222425158639
140209.0	24.53891577116461	0.3376119012151276
140210.0	25.722394118894172	0.478772783409444
140211.0	25.76020216588414	0.427309792595178
140212.0	23.840387588353106	0.3279995312689684
140213.0	21.733784042345643	0.07724776113637892
140214.0	21.775914680524444	0.034514607954344294
140215.0	23.503700181351988	0.29954438421308743
140216.0	23.351773053388424	0.28406739543061593
140217.0	22.891715846078238	0.4390827089856807
140218.0	23.080331136354058	0.46386056430408934
140219.0	23.714430967516346	0.3993305808990992
140220.0	23.106363748549015	0.26872205878026306
140221.0	23.901372249040584	0.3990792030078425
140222.0	24.766213962030232	0.4492616326070986
140223.0	24.015423206663897	0.282319221477019
140224.0	23.32202418863614	0.4151473512477958
140225.0	21.589985956163726	0.07182243525460197
140226.0	22.34430004509488	0.5624460517591005
140227.0	21.916503878545242	0.08390138222947698
140228.0	23.07993100196238	0.4288401936650413
140229.0	23.67125939052657	0.22451717478151284
140230.0	22.43061110326409	0.3536487026233959
140231.0	23.429696401482424	0.4405725737069872
140232.0	21.76421826660886	0.1107547272859058
140233.0	24.096125917774614	0.49367586281912584
140234.0	23.29558067198472	0.21198951765835472
140235.0	24.724593554417876	0.4736854331552104
140236.0	20.198528424809943	0.07622107420004616
140237.0	23.112561219375742	0.26486522959432424
140238.0	21.83332026266625	0.06408959701973097
140239.0	21.835814298832833	0.061550291630804464
140240.0	22.528202202787185	0.3237397721269854
140241.0	23.737272415858847	0.36778938280222523
140242.0	22.423643802302315	0.3212602286253454
140243.0	22.055493772804525	0.05912355413239087
140244.0	22.56135767265692	0.055142171397081725
140245.0	21.597758430908012	0.05955813787927963
140246.0	24.0085132214372	0.35143173347539935
140247.0	20.52924944230844	0.09100430304312554
140248.0	22.135662147379115	0.38604100118865087
140249.0	22.559058215301803	0.3605731206542109
140250.0	22.799555593242562	0.30447188749262105
140251.0	22.48354395048631	0.3337379110228375
140252.0	21.7851793647956	0.29377119213562075
140253.0	21.192890438011617	0.05556821865831696
140254.0	22.29502316299683	0.49609071776234054
140255.0	24.417455785902423	0.4883610308536225
140256.0	20.289344581275767	0.06001226657893822
140257.0	21.15417699344381	0.07752197766587553
140258.0	23.53558401557935	0.4419419867627388
140259.0	24.334102458105523	0.5540844129586697
140260.0	22.074294980123547	0.35690627587420193
140261.0	23.56422011200641	0.4236301730836011
140262.0	22.034828509887504	0.4405456420743974
140263.0	24.362180226357488	0.3745853659319919
140264.0	23.87613498331928	0.17423938825550533
140265.0	25.021238866146344	0.3963866465212904
140266.0	21.598154659800727	0.08045884337091133
140267.0	22.87398102891844	0.3175480700412033
140268.0	23.38877816035087	0.20521383304732535
140269.0	23.566607721178404	0.28317509195446144
140270.0	25.053197862406808	0.2317664951746218
140271.0	24.510519393235843	0.21728871795510876
140272.0	24.828603830448532	0.1711537350945195
140273.0	24.703459778571503	0.1964570787139418
140274.0	23.844232785849634	0.35821737879904597
140275.0	23.15878779621791	0.12732264487629505
140276.0	22.582838327741086	0.13767218586887472
140277.0	24.106250286875316	0.27748239366018757
140278.0	22.248873576965075	0.10404860764621683
140279.0	25.00635467511946	0.23711559100125137
140280.0	21.930141666542383	0.169129281040667
140281.0	21.113882293298747	0.2795694150528777
140282.0	23.861651736758528	0.477504257532301
140283.0	23.959872739126666	0.4976824255822727
140284.0	22.542556157133575	0.1736161204965698
140285.0	23.044325719281307	0.6283958859514763
140286.0	23.350808386842584	0.49148810248891434
140287.0	24.44357402404405	0.254731220340779
Left Mean Avg,25.47391566749683		0.2795694150528777
Metric,Value		0.2795694150528777
Right Mean Avg,25.080007812664782		0.2795694150528777
Standard Deviation Left,3.1443749942343713		0.2795694150528777
Standard Deviation Right,2.6608361615920684		0.2795694150528777
