RChannel	RenergyMean	RenergyStd
0.0	30.483058877884762	0.09917619832163309
1.0	27.85735401360885	0.07059554650915502
3.0	28.08308446884524	0.12718328547446645
5.0	28.709272254898096	0.02463970852149386
6.0	27.81475905779618	0.18626538777565277
7.0	30.074221221013467	0.13867563117388917
8.0	27.968527290930957	0.12650151563338063
9.0	29.3156732775837	0.0755110791759609
10.0	28.82737376267489	0.1557656764672177
11.0	27.68530145227085	0.18626538777565277
13.0	29.287412253556727	0.18626538777565277
14.0	29.733728087582005	0.1413683122927104
15.0	28.266129639812164	0.15980920443405575
16.0	28.390969020576918	0.11846746590574303
17.0	28.492026966385698	0.22124840544854052
18.0	29.697493518936696	0.1328097043008185
19.0	27.896710812785546	0.08365483659272044
20.0	28.882446035925717	0.12678389754065272
21.0	28.075959474001134	0.11671490660750308
22.0	28.452794183179545	0.12790276469756212
23.0	27.517692824245167	0.12904634561091952
25.0	28.294422644182532	0.18626538777565277
26.0	28.62925032651292	0.18626538777565277
32.0	29.889095999556503	0.1080353070477775
33.0	26.81914161842887	0.18626538777565277
34.0	28.18725811921916	0.005337089737741714
36.0	29.28236056122322	0.11919593953145335
37.0	27.20301216914813	0.08491495413813092
38.0	28.621051916860488	0.19982125460740577
40.0	26.831300668865794	0.18626538777565277
41.0	26.904536007047263	0.003171917422660893
43.0	31.3096808153736	0.15003009704116993
44.0	31.08107710904951	0.0831975508535918
45.0	28.335873516849887	0.12865039717757853
47.0	28.123348492827745	0.08428456493582637
50.0	29.849070856988554	0.12976204288658028
51.0	28.541748220822154	0.06734025795105231
52.0	30.054924122775493	0.08715474656912216
53.0	27.762629976827924	0.18626538777565277
54.0	27.339496098044858	0.12208078863127958
55.0	31.11725421343528	0.09260544390008524
56.0	31.032584827302394	0.1377960556725086
57.0	28.605539860189616	0.18052129837250216
58.0	28.24270323344839	0.16982881108331244
59.0	27.55298560464185	0.06369749849945724
60.0	29.493642761437393	0.13392941984061615
61.0	29.059772426674527	0.10533804726004732
62.0	28.874397136592297	0.16833830926225427
63.0	29.155385243333146	0.18626538777565277
65.0	28.330033551101106	0.18626538777565277
66.0	29.43061139931745	0.1662752090922257
67.0	29.42396432788551	0.16133592690698065
68.0	27.88441238583634	0.18626538777565277
69.0	28.139636174105167	0.18626538777565277
70.0	27.220753058448064	0.18626538777565277
71.0	29.003887049407012	0.08021778601991027
72.0	29.101115438818645	0.10755615059492264
73.0	27.501098398778712	0.18626538777565277
74.0	28.951581933542	0.054558256499549214
76.0	27.352470380512628	0.18626538777565277
78.0	30.006219601421027	0.11197768805543924
80.0	27.710181395047158	0.001262480391899735
87.0	28.657409496818534	0.05697142459175805
88.0	27.67497029124621	0.1437146399841973
89.0	26.23017001843933	0.18626538777565277
91.0	27.724701431471942	0.05853523468248863
92.0	26.49722006164526	0.03140598468979223
93.0	28.780896922025427	0.08361483049922229
94.0	25.067422148243335	0.18626538777565277
97.0	26.857456967851554	0.18626538777565277
99.0	24.775364509621188	0.18626538777565277
100.0	27.362192964785116	0.022913256804331487
101.0	26.440846388455626	0.037007267352384354
102.0	28.73392240841904	0.18626538777565277
104.0	26.713727962541927	0.18626538777565277
107.0	28.34872976001632	0.21718330670270608
108.0	29.52066301108893	0.14962429094366836
110.0	24.927529026592676	0.07607166062663495
112.0	26.530174611360795	0.11038308859806745
113.0	29.066354396973864	0.13818165798905976
114.0	27.654961325990783	0.18626538777565277
115.0	27.83238683656489	0.20231231558295926
116.0	27.58077038387038	0.04156094713443242
117.0	27.017247840473118	0.0021887530787715694
118.0	26.97024047904851	0.03167978219862551
119.0	28.568413666993496	0.14624817481249205
120.0	26.09733072464269	0.0952376041057398
122.0	25.911434227626778	0.18626538777565277
124.0	27.776970667731206	0.09136466388550252
125.0	28.49206428362581	0.16234194208445496
127.0	25.7827633831427	0.10956678738826943
130.0	20.186346349017647	0.029743284739421214
132.0	19.61362347607495	0.06407923998593167
133.0	19.206507963107583	0.02857252750370003
134.0	21.557060609112472	0.0665651183020796
137.0	20.978097161123923	0.03231893528790451
139.0	20.963362988955698	0.06947780590252296
140.0	21.08356768138166	0.06717337113277433
141.0	20.2278482174101	0.057659689748648844
143.0	20.534444444908488	0.18626538777565277
152.0	20.060348076803564	0.02292352903074821
153.0	20.63612398870517	0.10850636769735401
154.0	20.603960423248246	0.03954993921169458
155.0	20.656171339037673	0.060962286502955224
156.0	20.110364209826287	0.016944932171035276
157.0	19.589318213736867	0.03162908388301782
158.0	21.281622698465533	0.0485407847619093
159.0	19.867870114018356	0.07529773824588366
160.0	19.485652525076564	0.037033102647175395
161.0	19.956998624771742	0.07748453536422724
162.0	19.480353031176254	0.07924886978285406
163.0	22.039704999078932	0.07182217013889285
164.0	19.507401388199376	0.06584479633539733
165.0	21.869067305463037	0.06983811787326004
166.0	20.74790136693293	0.05791273913265202
167.0	19.259886855018383	0.03309159231905198
168.0	19.920454563791406	0.07120875419940176
169.0	20.119335539999916	0.04615544904495091
170.0	20.774332717065153	0.04659956880957454
171.0	20.440877441806236	0.06467882693397013
172.0	21.045327923619826	0.04773988761582312
173.0	19.44277366139517	0.05153489740030518
174.0	21.066479872500917	0.05642864865475689
175.0	19.51726612180876	0.07622816648994801
176.0	18.998787534453655	0.18626538777565277
178.0	20.14292999860748	0.06479883595680486
179.0	21.516531769967642	0.06635061575684363
180.0	19.957673778275716	0.04355110339734593
181.0	20.223000104727916	0.06726498779583963
182.0	20.13833120426062	0.08711284355743983
183.0	21.299237902090177	0.057364286694575294
184.0	21.46735080354199	0.10079327103741235
185.0	21.800963801346033	0.06032682348540963
186.0	20.94781565259964	0.05355916762672817
187.0	20.09674628149175	0.07572265557867225
188.0	20.230206263051986	0.0748955100833393
189.0	19.941282604770358	0.023419537953139922
190.0	19.840575756217387	0.04855039511721879
191.0	20.61072244644955	0.07227176689659094
192.0	21.75709964297606	0.07696348012958464
193.0	22.197429513256797	0.07203003398899212
194.0	23.570059018474613	0.06316351687134433
195.0	22.343548722302163	0.07126495429926263
196.0	22.485330057609733	0.07946250172361635
197.0	21.255049512452857	0.039118785296455336
198.0	21.44227229694765	0.07207194169534184
199.0	23.388969605985213	0.07123957008842484
200.0	20.896402320803496	0.04242808105727279
201.0	22.20985784840977	0.07183530550344802
202.0	22.369843568513314	0.04292949897077904
203.0	21.41313018992251	0.054744487972461356
204.0	22.567264238837797	0.07911538206441078
205.0	21.66207190552405	0.08926111460638211
206.0	20.677426411659653	0.07928167216724438
207.0	21.86450862977266	0.06109780095407946
208.0	22.236405668540645	0.07173387900145349
209.0	20.657420949286635	0.05671127939771182
210.0	22.790866808129316	0.07380403144184651
211.0	24.005809315446527	0.0883285165067527
212.0	21.995020695723117	0.06114187774419675
213.0	21.826567639890794	0.09089266657051229
214.0	21.130678947501675	0.08625222806115232
215.0	23.34110795929059	0.10231403343152153
216.0	22.147975959781018	0.07284377611163043
217.0	22.916314648627047	0.061095427441374694
218.0	22.3464087905224	0.07101820749429037
219.0	20.6400055726272	0.0473861142127315
220.0	23.14728452844469	0.07210306899860278
221.0	22.372461376554675	0.05659401013635653
222.0	23.026037051032777	0.07260220397523587
223.0	22.990634249656924	0.06664204362135719
224.0	21.409592687370605	0.05575269314564203
225.0	22.468142523497455	0.05732350094971851
226.0	22.299335164301638	0.04858648752815847
227.0	21.124418885712863	0.047010765133367806
228.0	22.674092984374425	0.050739937435810845
229.0	21.864209505686212	0.05045912180231688
230.0	22.97456812942266	0.06581229953041447
231.0	22.305546601356607	0.04702176251415469
233.0	21.815452313616547	0.07458182517303462
235.0	21.76550129582493	0.0698246636443022
242.0	23.086689284534643	0.04929673815211164
249.0	21.423859579966347	0.06114491722341502
250.0	21.318925444249214	0.06414535936915035
251.0	22.419164910256615	0.03508017662421399
253.0	21.238542336635213	0.057155986636843334
254.0	23.271022219630677	0.057785223302720776
256.0	26.921794754967227	0.11408125482137067
257.0	27.117942346405123	0.09653291331464124
258.0	29.772165129823435	0.14523372237216234
259.0	29.240088634297614	0.11759081272810341
260.0	27.375992518841493	0.1074414754781349
261.0	27.728871248972666	0.08985040519374048
262.0	26.667806434353096	0.1547346591009334
263.0	29.57529529114996	0.13247013907348304
264.0	27.813207895898564	0.08936114180877831
265.0	29.40201096400167	0.15840991103563823
266.0	27.157817657927804	0.11998919718481603
267.0	28.368327428129952	0.1450796963544834
268.0	28.120314261628266	0.12722713779873407
269.0	26.726643140076384	0.09497677257636919
270.0	27.01202234961616	0.12474972705993817
271.0	28.336185362933737	0.11034507584989672
272.0	28.29782386437866	0.11252900929664288
273.0	27.714564118749628	0.10535766176160594
274.0	29.101456308791345	0.10827131820130884
275.0	28.227861808810882	0.143023592829717
276.0	29.5472917918466	0.12753360628259205
277.0	28.857223492215283	0.14185522975147638
278.0	27.902306912419828	0.08672158426740924
279.0	27.468362662230618	0.08965034932653211
280.0	28.549268037993805	0.12131422026430856
281.0	28.839695528033097	0.11129956528926936
282.0	26.102289841599138	0.1378991039535248
283.0	27.108671408133638	0.12921211728859355
284.0	26.48673095688556	0.11277847024660966
285.0	27.326232330046523	0.13204126184195747
286.0	27.781768811023735	0.1002040578715394
287.0	29.123566126266308	0.1362265060217244
288.0	29.45850445503625	0.1105766699944448
289.0	27.575990951713408	0.12155562979611423
290.0	26.52868310330295	0.0960757385989857
291.0	29.485406513454173	0.16174623688523637
292.0	26.10797288307178	0.10702525673325679
293.0	28.698378913411215	0.11403384204072561
294.0	27.640451949582125	0.08968116990421045
295.0	27.06181298197493	0.06988837620731317
296.0	26.804388994112152	0.11210471898454345
297.0	27.439752571153317	0.14910395729332232
298.0	26.46762574053409	0.15061027994243945
299.0	30.133417467817026	0.141961385764141
300.0	27.108683265499305	0.14242249657797892
301.0	27.799075601578576	0.11359084017981697
302.0	27.664479984093113	0.10604157459852621
303.0	28.56367765058804	0.11821112985007848
305.0	25.094968558229485	0.054446510034582944
306.0	28.535847279847598	0.1700299163924339
307.0	26.08642389098068	0.06777251772420712
308.0	28.2963750484554	0.10298104479741642
309.0	27.28850190803036	0.1671236027122836
310.0	27.236102330231176	0.16438639338954122
311.0	27.3177542950077	0.12417028146628108
312.0	28.62949126859965	0.11935438682367723
313.0	27.782499592679017	0.14101974209062507
314.0	28.10353389154535	0.09467454701296339
315.0	26.53356161428069	0.1298415581429214
316.0	26.692457887459746	0.15135908174952828
317.0	25.5203119426914	0.09619020189123144
318.0	25.70917388380932	0.08802960569594541
319.0	24.61017415979616	0.0614423760132152
320.0	29.410632133606974	0.10673994652090922
321.0	28.509157090191295	0.09156506170624239
322.0	27.146768751071853	0.09876886700839421
323.0	27.473978981361483	0.10742882089853507
324.0	27.14645365158458	0.08940712174304712
325.0	29.71226060872359	0.11920087125727456
326.0	27.950755460638188	0.10904162323395813
327.0	28.47831375638725	0.12289921249158557
328.0	27.134182941958525	0.1318538418757586
329.0	27.50644534830516	0.09607355229867048
330.0	26.755150629916425	0.12184660306992615
331.0	28.07678648775962	0.11529929398139728
332.0	26.676602473455667	0.15216782322565478
333.0	28.577655957495242	0.09727985648523593
334.0	26.653488505816757	0.11771382746053351
335.0	27.262937688123998	0.09964430849503868
337.0	27.200271487042478	0.13171194261730518
338.0	24.435582975753064	0.11236041733145723
340.0	26.13910470596731	0.1292098206483535
341.0	28.66129487720017	0.10589049934864898
342.0	27.226193838850783	0.08203020408737334
343.0	27.994825997346858	0.12071223777942013
344.0	28.99838826743957	0.13180610738040696
345.0	27.47457991061331	0.10390390593610589
346.0	27.626301461446783	0.10815944321823032
347.0	29.03901239606245	0.1295048081282193
348.0	27.93822570732367	0.10699109163495923
349.0	28.181214685668596	0.07676485528568427
350.0	28.125585181904004	0.1302816185587286
351.0	28.139557599500677	0.10577176075886874
352.0	28.569509563570975	0.08285664257141183
353.0	29.21196080078253	0.14055696135443743
354.0	28.978664212477156	0.11292976328577141
355.0	26.408728781851554	0.09665169034327131
356.0	28.594994618624305	0.12285018383770224
357.0	30.441143768943633	0.1460177643320783
358.0	28.049330686347652	0.13087980672028973
359.0	27.33813032490723	0.11501881491097589
360.0	28.02168008293172	0.08532639724552867
361.0	28.7686633449085	0.09753565953903258
362.0	28.174626589920596	0.10142421418800919
363.0	27.290508276133693	0.10071728484760467
364.0	29.956271333240238	0.1111389399418397
365.0	27.358652215487044	0.11826409682429022
366.0	27.817376762878233	0.11889352232792211
367.0	25.35106627820364	0.09398527738529096
368.0	28.04181245600068	0.0964957524917766
369.0	29.486580547406536	0.08684860880594969
370.0	28.30983091022752	0.13139774985556785
371.0	26.96445950066028	0.10527781368316598
372.0	27.448486336288912	0.08829070419368902
373.0	26.77387817405563	0.09166312919629492
374.0	27.361324235661915	0.0920887951740781
375.0	26.34788235050851	0.10561948067303462
376.0	28.566900427917552	0.11448787768798918
377.0	25.86763337897709	0.11030842199798799
378.0	27.90100272669243	0.1259215107457045
379.0	27.19218912848335	0.08889774676892964
380.0	27.44204949771554	0.0838104913368609
381.0	27.862668676236954	0.1307847894450777
382.0	26.537530622254785	0.1354352172187542
383.0	27.934571344562077	0.09705016996209942
384.0	21.816156480399123	0.16469451649074085
385.0	20.534028791430288	0.09362186459669104
386.0	22.406944995910127	0.06714527290528781
387.0	20.672155188131583	0.15350995683104815
388.0	21.35694447325172	0.13220515191395066
389.0	20.835108563854742	0.18626538777565277
390.0	20.0371391909218	0.02311654265388569
391.0	22.154126809092748	0.07960731291663797
392.0	20.785314581756992	0.059073480725141625
393.0	21.031566893068764	0.01186400097620094
394.0	19.495051435016826	0.06333674380527105
395.0	20.28020248064628	0.11504369455959929
396.0	21.389847079050508	0.17612902372202235
397.0	20.49854222716598	0.14527540227324473
398.0	21.144086930037684	0.12357580267706726
399.0	22.68058232083212	0.08730938483125385
400.0	20.974655382588963	0.0776237578113505
402.0	21.33538154063052	0.1163465733327689
404.0	20.90314345619658	0.09995785791937939
405.0	21.777016654871616	0.18813860686840866
406.0	22.222796164610173	0.055928969306837995
407.0	21.525009527833657	0.11979560199614826
408.0	21.287607534026595	0.054635348505345536
410.0	20.15002081366602	0.0957417490373746
412.0	21.663794412744792	0.057268125583900376
413.0	21.33929861765309	0.09558541241547423
414.0	22.57384207658502	0.06166784937410142
415.0	22.653190817828932	0.03329187532897478
416.0	20.24503889418355	0.044656462995454886
418.0	21.31202215582919	0.18626538777565277
419.0	21.29145926594707	0.18626538777565277
420.0	20.372253957553085	0.09330446771455299
421.0	19.574932783519756	0.08992914559587667
422.0	20.95633888406441	0.18626538777565277
423.0	22.232788566400064	0.11396189803713307
424.0	20.082087655605623	0.047978921738434176
425.0	21.046803247295788	0.03617170014252475
427.0	20.86230083434539	0.07935920145093951
429.0	21.847014704177383	0.11909204648093676
431.0	20.582251341207307	0.029831282605496896
432.0	20.66968976744687	0.18626538777565277
434.0	20.05389799552732	0.08635502440180876
435.0	20.93951646993241	0.04660568846662042
436.0	20.964702175697212	0.02185802129120896
437.0	19.83686771048618	0.05134621842961191
438.0	20.7428380963209	0.06265681887665153
439.0	19.8025981068004	0.18626538777565277
440.0	20.898229456338893	0.07301257605723818
442.0	22.20364066868392	0.08568320248394153
443.0	20.16966412944045	0.18626538777565277
445.0	19.873045059092526	0.22746453744343204
447.0	19.891760283212975	0.022662317877158018
449.0	21.40756167403546	0.07266457490317878
451.0	19.50552337486684	0.18626538777565277
452.0	20.681922153124212	0.09145508023741973
454.0	20.40009163823307	0.1832360544214712
455.0	20.603502685140196	0.12740444052719152
456.0	19.27356162869233	0.0233374059820518
457.0	21.252176904198425	0.12751590062076565
458.0	21.978166333627687	0.03579123002268742
459.0	20.797918046827537	0.08756377897680123
461.0	20.831699181679394	0.12896785339972117
463.0	20.289799200697765	0.18626538777565277
464.0	19.865002179353095	0.0566830642505546
465.0	20.17029940123239	0.02171489355816658
466.0	19.515148564487408	0.18626538777565277
469.0	20.146079989084807	0.18626538777565277
474.0	22.10457121555708	0.09222663448423371
477.0	19.71708692999678	0.18626538777565277
478.0	20.785952556437973	0.039390319537953425
479.0	20.755185084211792	0.014219145958729782
480.0	20.7002743111528	0.10211130839045651
482.0	20.209746290366542	0.18626538777565277
483.0	21.539857230029128	0.10062464498748476
484.0	20.036472662657093	0.18626538777565277
485.0	21.156425864105383	0.1012828637783158
486.0	21.491271696090536	0.03088395055343901
487.0	20.925047189855544	0.18626538777565277
488.0	20.35743054142816	0.03857036439631199
490.0	20.8199040973712	0.07849301461950818
491.0	21.698749409798612	0.07416918589980183
493.0	20.735604594527356	0.18626538777565277
494.0	21.230648007319225	0.07391860886203588
495.0	20.21356881019744	0.18626538777565277
496.0	20.10779790379736	0.18626538777565277
497.0	20.332768238469725	0.11618071148845836
499.0	20.56306110866401	0.18626538777565277
500.0	20.746123967568348	0.05918708393255764
502.0	19.808911644058366	0.05732311241744666
503.0	20.50748455671874	0.02442882293787911
504.0	20.71662249236183	0.030139981427665396
505.0	21.360015450178324	0.05869291861635832
506.0	19.52312675322985	0.18626538777565277
508.0	20.27002080910145	0.06946005317336001
509.0	21.420473700099674	0.09013805708264745
510.0	20.708258667514478	0.00909147399884809
511.0	20.56975567763225	0.18626538777565277
512.0	26.842761772618225	0.14429753155817826
513.0	26.669297945929646	0.15586317565643815
514.0	27.14292814629617	0.13971465725926197
515.0	26.302179192857434	0.1505685254418793
516.0	25.68211809923325	0.10701027058687904
517.0	23.938283928345435	0.15149529328542474
518.0	24.708332412307676	0.13217664529554188
519.0	25.78556561783518	0.1561022095053078
520.0	25.766513786334617	0.11601987086907944
521.0	28.431112260824108	0.13328951350051632
522.0	25.866519792874726	0.14710069627615927
523.0	27.60456802554952	0.155496532586881
524.0	25.439238867181814	0.1973292612353319
525.0	26.05022696728274	0.13596459834960148
526.0	26.92645864135559	0.1354779086938606
527.0	25.742883823799957	0.12584461380502457
528.0	24.736482693125375	0.11352614682403481
529.0	24.391895481551362	0.16857710176136065
530.0	25.204677700087494	0.1060457071382774
531.0	24.97322738588853	0.14683129277586798
532.0	26.304349706302137	0.14670790850903836
533.0	26.123378986834688	0.13453997513287982
534.0	24.961174477725763	0.09545166959460835
535.0	27.722297342875756	0.1427642627351295
536.0	24.977312904113944	0.1528584753325957
537.0	26.408384219590175	0.14342432041687234
538.0	25.662327137823635	0.1409603093957469
539.0	26.33698841464482	0.13742175092219
540.0	25.78177084790987	0.14489739872772645
541.0	23.957786518813997	0.09943862423216038
542.0	27.016997860361734	0.16082900207417378
543.0	25.971866703902673	0.15139231948985213
544.0	25.722100272911707	0.13921333040530767
545.0	22.648706336044018	0.08220622492482599
546.0	23.95747764507355	0.12957565941341362
547.0	26.98360893296707	0.1453403571386882
548.0	26.87125302488842	0.13731551920035423
549.0	24.28182916744668	0.1329528762253432
550.0	27.406530441861687	0.16485701748098341
551.0	24.358355013943935	0.12329084635039432
552.0	26.33741511526509	0.13558587174206416
553.0	23.999193527288334	0.1544165177941348
554.0	25.424876667367847	0.11635888653559405
555.0	27.94620196482197	0.1402010972867684
556.0	24.778005223256415	0.11940953799171575
557.0	25.552560794830804	0.10466921368147483
558.0	26.916700668366303	0.14054426993140282
559.0	24.953281907290975	0.11485885471989554
560.0	24.81013511830295	0.09168553933261808
561.0	27.54173120735178	0.12669691090087973
562.0	26.893483947129116	0.08712696195126228
563.0	25.700697310925975	0.08318117922943612
564.0	27.233743771344813	0.13338638185262808
565.0	25.395853378350054	0.1089856468342185
566.0	25.467737586528475	0.10693185746711845
567.0	28.73318358244005	0.12980424548680847
568.0	27.48363498940444	0.10409674772391349
569.0	26.70084727032821	0.11799437495827997
570.0	27.957359806273175	0.1414655301308217
571.0	24.408099350991314	0.11659102132852346
572.0	25.2362851152154	0.13801472048241187
573.0	26.0952559004613	0.12185346822118846
574.0	24.567162014762797	0.08457251911049901
575.0	23.433226832079857	0.10275124182318422
576.0	27.103650941219858	0.08179500043231115
578.0	24.51930752119708	0.09301376838660246
579.0	19.491663039631465	0.18626538777565277
580.0	25.736676716254056	0.08512053930519678
581.0	26.564666643877825	0.10343510124885348
582.0	25.372321859511214	0.10942798252344317
583.0	27.317247097013478	0.12492092582652466
584.0	25.04943745543579	0.0748952470347689
585.0	25.936347042869297	0.1242336772070317
586.0	27.785699117266102	0.10365947509859318
587.0	25.992283113406543	0.11955942954992207
588.0	25.34053334487096	0.0995429635535505
589.0	24.815347635166795	0.09019150463678914
590.0	25.59104172429333	0.0952328282620173
591.0	19.893822254960366	0.09500933196779979
592.0	25.670782555191366	0.11883468900889885
593.0	26.28670220069092	0.11967243824368543
594.0	27.6361719030496	0.1203399012298324
595.0	24.8493158667313	0.10580634645394679
596.0	25.766566807747864	0.07021215249713098
597.0	27.813755878894646	0.09069355657536426
598.0	25.533670780324695	0.07881015133752312
599.0	25.07068310622719	0.09902045962464459
600.0	24.88699876706863	0.09504794867976143
601.0	25.870773388807294	0.10102510267757732
602.0	27.092035289638932	0.09481809493173933
603.0	26.27283906775466	0.09737224244647154
604.0	27.0501453189358	0.07272130698561306
605.0	25.769579392944138	0.1118022376383868
606.0	26.376044184431514	0.09667853694703632
607.0	26.4616095929909	0.09625468627880632
608.0	25.472035476402237	0.0751685359478612
609.0	25.86395845727462	0.11367577894952055
610.0	25.285570699012954	0.09552103385586394
611.0	24.630360603931393	0.08674430658899632
612.0	26.513983728815276	0.12597964247396962
613.0	24.9168436013066	0.10663058595401298
614.0	23.19529080785832	0.11534725408033654
615.0	27.32137250613322	0.14562745133760813
616.0	25.940371630241007	0.12398022978983118
617.0	25.93478298421062	0.10905859073301756
618.0	24.708027791598482	0.15553065048611944
619.0	26.866144838020542	0.13984033071666227
620.0	27.764589704181233	0.09378409601812329
621.0	23.757305980818078	0.11144257971683076
622.0	26.194614526981656	0.1074588730476655
623.0	24.832005783342844	0.10486671216818075
624.0	24.616535133604554	0.13014316676756582
625.0	25.849709566506014	0.10054648268535732
626.0	26.79783084536572	0.13911960073315072
627.0	24.974521203880077	0.11232762924935548
628.0	25.57972109230997	0.11781494961395336
629.0	24.950907343321518	0.13189308646776332
630.0	25.006535233371398	0.12077598905302891
631.0	26.074266090132877	0.14706288523166486
632.0	26.498634870579284	0.1305084872822648
633.0	26.120647979208197	0.12048200560170355
634.0	26.404671354735328	0.10956317991857605
635.0	25.68032423153169	0.08925857371030962
636.0	26.123075708739353	0.17608939291858994
637.0	26.241336074479996	0.09308153442301165
638.0	23.11588472702386	0.09629415907579049
639.0	26.677825767459275	0.12732650924808586
640.0	25.384819717019543	0.08536071110391276
641.0	23.40247797775447	0.09983104637314118
642.0	25.804238100871228	0.12918333127672016
643.0	25.909866671032322	0.09064575806780976
644.0	24.552993739504657	0.08929660023943665
645.0	24.869311557112177	0.07301532047302717
646.0	27.097262577946367	0.07915431262495971
647.0	22.98105345990998	0.11474843080152473
648.0	26.261949356794382	0.11173634894030053
649.0	24.438602824380407	0.12642466201956343
650.0	24.785480934326543	0.09504167873313468
651.0	24.602067726811136	0.06940876972141023
652.0	24.4120727906065	0.09968035593926543
653.0	25.173851261170842	0.09145301012851476
654.0	24.56803510698662	0.10021799684432456
655.0	26.35716773064314	0.08860460847893065
656.0	26.98129858433102	0.0818257932566549
657.0	25.481244646799425	0.14514097425200975
658.0	25.121129783955496	0.10150302337811484
659.0	26.514487635549482	0.09299448275519469
660.0	22.12780712226754	0.10495509968293341
661.0	26.0405766321646	0.1119221043685086
662.0	21.819336956688282	0.06775059502943227
663.0	25.7747702252235	0.11521061529717438
664.0	25.48348075003663	0.09557337365936493
665.0	24.934639816783704	0.09384892316888105
666.0	25.407792950490062	0.09294074428018005
668.0	25.509889165699494	0.13110052327191962
669.0	24.825587231370008	0.12174557532068395
670.0	23.30574232835083	0.09727688979967554
671.0	25.062299904508286	0.11316010718519126
672.0	26.02927038691795	0.08200353925261682
673.0	23.504144431183832	0.0645074671253726
674.0	25.545384145226894	0.07024699815802837
675.0	25.39513236249189	0.15037033429597887
676.0	27.52290081476643	0.11839921474367535
678.0	24.4985470104886	0.06761926252804416
679.0	24.684587824351976	0.09174272828314695
680.0	24.690859379410366	0.1348559499710806
682.0	24.243626452295423	0.14667893923966271
683.0	23.959777604266154	0.18626538777565277
686.0	23.66406685276709	0.18626538777565277
687.0	25.786226744349914	0.056687974093941225
688.0	25.24159314775812	0.12330102066110427
689.0	24.511202684201038	0.05264406622212394
690.0	24.222752947639485	0.037637062038498634
693.0	24.781770482833565	0.18626538777565277
694.0	25.252069277903384	0.10152852547364086
695.0	24.452273750654324	0.18626538777565277
696.0	24.54795182211695	0.1294343286902049
697.0	24.945045955909382	0.07406838163892496
698.0	24.76777293058599	0.08226854748640225
699.0	24.0062265187336	0.18626538777565277
700.0	23.403247853907256	0.18626538777565277
701.0	24.06289050949816	0.09238487125481286
702.0	25.982963291839326	0.11032569419317703
703.0	23.72673893062638	0.04223962389880114
704.0	26.143672795669758	0.07251984814397336
706.0	23.887079326933442	0.08284015722783908
707.0	24.58369369108982	0.011928218590469266
708.0	24.357895754461936	0.05571240984703949
709.0	25.425649536206738	0.0877993269545249
710.0	24.80000704072716	0.18626538777565277
711.0	24.547631610580712	0.07148977218356321
712.0	25.29006102312544	0.14670363028649724
713.0	24.22645914498091	0.10515093126348439
714.0	24.76114514366766	0.1268153530124729
715.0	23.966475129149135	0.05951281578457253
716.0	24.83182246717213	0.0385312753903381
717.0	25.9108776848503	0.14137435988884264
720.0	24.039388459698948	0.10717385353903515
721.0	26.39821080794066	0.11855424287813021
722.0	25.506299700352706	0.07434121722344562
723.0	25.137027742893537	0.1093639772868341
725.0	24.347750847293522	0.07009946673919304
726.0	23.172427718929487	0.18626538777565277
729.0	24.76898618742701	0.06878119567526364
731.0	23.1600886529812	0.18626538777565277
732.0	23.86087014659358	0.08756981996786133
733.0	24.886119820379207	0.05695240419994054
734.0	25.53969929121858	0.06534257227474385
735.0	25.25559798962208	0.0984913346933877
736.0	23.648820961600048	0.09179581409831214
737.0	23.938911365872087	0.027990006548023
738.0	23.88198852572804	0.0787194706050461
739.0	24.895509101740913	0.06940525520683519
740.0	23.402975848077592	0.10606634811228609
741.0	23.650168636881098	0.09206770461714535
742.0	22.713536789252743	0.026000984467561626
743.0	24.22581696871553	0.11860358198496534
744.0	24.377410997459037	0.09874297596742009
745.0	25.402508417984343	0.09796910908041323
746.0	25.265611623214383	0.11316656368661575
747.0	23.5145158252781	0.10469659331752072
748.0	24.2731615058173	0.08612920224467323
749.0	23.72485884636509	0.1663032104738295
750.0	24.95848239026092	0.10903136816470695
751.0	25.301277712944245	0.12647610554143274
752.0	25.616517066029786	0.1145674831559369
753.0	25.224107796620356	0.12722701149617754
754.0	21.75431905431132	0.17171469475339937
755.0	26.09651232885581	0.11129560555596757
756.0	23.841313260803478	0.13723732877466202
757.0	24.10006409586383	0.11388174339777907
758.0	24.512225652315514	0.12136145238412568
759.0	24.791253264132354	0.09071052938013448
760.0	24.17523582546581	0.1219952097817296
761.0	25.34735496977648	0.11278508664871126
762.0	22.778802343345756	0.07023003264552515
763.0	24.320766262282202	0.11266318245050991
764.0	24.03717267619952	0.10413086558429058
765.0	23.253497299702484	0.12397742857394109
766.0	25.224200145611857	0.15243841711473904
767.0	24.657902852390965	0.09017137250522365
772.0	19.360702327450788	0.18626538777565277
773.0	20.435130967948723	0.07435404691584513
774.0	20.14974375695483	0.024136116595240512
777.0	19.70923084071491	0.01377205904648202
779.0	19.549426438297427	0.015369965378053933
781.0	20.144206446369854	0.0897061709481127
792.0	19.80110341283305	0.08864808986463743
793.0	19.91952355041689	0.07263944423453562
794.0	20.087664783052237	0.09459077443460058
795.0	20.37777143078801	0.07079046252360742
796.0	19.91442342505931	0.03765842456709417
797.0	20.024837080010286	0.08074030957093653
798.0	19.893329546429477	0.03343115703395137
799.0	19.35104054460564	0.05313911549819012
800.0	19.86421459043383	0.044709276517821056
801.0	19.69106903351853	0.03537214490061837
803.0	19.616387637562333	0.0410887103702626
804.0	20.857772940024038	0.06273537166024312
806.0	19.77855652034936	0.082992517580751
807.0	19.173896493633187	0.025958784124473055
811.0	19.912831763186816	0.07908301276715161
813.0	18.908752183333	0.18626538777565277
814.0	19.99926539549277	0.058219071090073814
815.0	19.31874326829102	0.05147524832672394
817.0	19.771455752503883	0.05689272320171692
818.0	19.531523528150004	0.033761821700175845
824.0	21.25914872808221	0.06672798247948035
825.0	20.751385376908658	0.05644206643208176
826.0	21.245711651950096	0.06221445756264742
828.0	19.219641305058005	0.028484100316388806
829.0	20.10776190803775	0.07070822053143888
830.0	21.037717265140394	0.04242189624973176
831.0	19.356919369770104	0.03971640818150894
832.0	20.963720708783978	0.051091549140901374
833.0	20.13957287641659	0.07641080971769403
834.0	20.426938564936716	0.08661129245728931
835.0	20.801032644907178	0.05679246304292672
836.0	19.350961644053907	0.015080446229557365
837.0	20.83040760264	0.04480731817630806
838.0	20.984780340960835	0.05236519174694235
839.0	21.68707777123451	0.07955942972285644
840.0	20.07615409138861	0.03732039190432773
841.0	18.933729627080282	0.03964715909921395
842.0	19.99620504601116	0.08728575982022517
844.0	20.367045047848826	0.05478034226461361
845.0	20.461612708936393	0.062041559044599036
846.0	20.66685086477887	0.0640855186774205
847.0	20.624465630727055	0.07952500708456473
848.0	21.912071611851882	0.049003499561680805
849.0	20.737666576310897	0.08372537952221663
850.0	21.2562363183467	0.017639912571995882
851.0	21.051435609654046	0.0619953617459461
852.0	20.15479338121642	0.04817888801082187
853.0	20.24946230026071	0.04937832545157371
854.0	19.257467412157382	0.008416602838700094
855.0	20.088075495697513	0.0674671552675638
856.0	20.39159292210661	0.07640818204504016
857.0	20.142412361631422	0.07046325512899865
858.0	20.05134603573006	0.050337049819698644
859.0	20.137003347163134	0.07976137994979618
860.0	19.999952575609004	0.02698703273014093
861.0	20.028688086067024	0.05267146593254972
862.0	20.855793170630402	0.044735726168743106
863.0	19.27635264030159	0.06787569650636018
864.0	20.376096179257424	0.059737990265393455
865.0	18.87916262051536	0.048191318438081956
867.0	19.3432402528398	0.031049344047532793
868.0	21.393436209558686	0.06280376202815095
869.0	19.405318420947076	0.028126464932515177
870.0	20.287236280092767	0.06686380605594341
871.0	20.44894350930042	0.035089221279544405
872.0	21.311780744235232	0.057742962572710284
873.0	20.328155950710595	0.044832354630811616
874.0	20.37195852480783	0.05700688767927511
875.0	19.92349667756674	0.03103970779413969
877.0	21.033384549705254	0.048267065534345545
879.0	20.06861781682629	0.0326446723941197
885.0	20.40025726364157	0.18626538777565277
890.0	18.924216656404358	0.024497103713835296
891.0	19.89697798881489	0.034194662521175506
894.0	19.592544070519033	0.029440691428426046
896.0	22.552214507996517	0.08290220594781356
899.0	20.520049242082163	0.030697871290693533
902.0	27.719735109227713	0.017275758208445225
903.0	21.443534404171174	0.027314601534924092
908.0	28.78358353672693	0.11579188224183083
910.0	25.535667960824174	0.09817734271494194
912.0	23.929374469913704	0.10292497870513034
914.0	27.605809955877163	0.12151455835295197
916.0	24.785477242780274	0.0873174426714946
917.0	24.769199571440474	0.08956470269232004
920.0	26.16103645615944	0.18626538777565277
921.0	27.411517303381824	0.18626538777565277
931.0	28.012642416940494	0.1391608087388985
932.0	28.103254404743772	0.2195212437618731
933.0	27.382928803354318	0.19193748621358542
934.0	25.366079821111445	0.18626538777565277
935.0	27.537184409629006	0.1649597593321317
937.0	27.052227521219354	0.16348663466404662
938.0	25.97323747527431	5.204315712847471
939.0	27.09204670495767	0.1770278872652104
940.0	26.114049880446803	0.17033350854027837
941.0	21.944374348856535	0.1853459696021581
942.0	24.92776739333498	0.12393468316120439
943.0	26.54897608959566	0.14338570356998812
944.0	24.116143636350298	0.2011287805926567
945.0	22.98751698086433	0.10939643853522979
946.0	26.82447205587809	0.029132348335934755
947.0	26.885905658619343	0.15038903184199667
948.0	25.271532503029395	8.554809438785718
949.0	25.308307077462022	0.19247598173895544
950.0	26.634356374781778	0.19457937236887685
951.0	24.04755764460038	0.11998320097195453
952.0	25.381803186441722	0.1508449064727945
955.0	24.68267454164623	0.18626538777565277
956.0	26.4526049215929	3.798924164326836
957.0	25.296587984578604	0.17723316236579692
958.0	27.96569408067659	0.13721379315639554
959.0	24.714435991878737	0.17349333370164127
960.0	27.83761434432671	0.16339632952417174
961.0	26.893484732079838	0.14380919137351386
963.0	28.413052535159462	0.157281179674091
964.0	25.67505509608259	0.18626538777565277
965.0	27.004664388805764	0.1780440711036458
966.0	25.56621326067509	0.11685175520089619
967.0	26.608506755837777	5.283583007503078
968.0	26.7237533949789	0.20037407399621368
970.0	27.664938349283148	0.13875849693072806
972.0	26.54377038069334	0.060941487646247613
973.0	25.655315904520112	9.962875033440785
974.0	24.74869930882725	7.87794222415057
975.0	27.150856943593297	0.184407673398661
976.0	28.480024117506193	7.094415144300524
977.0	26.797626819324133	0.14266970437578982
978.0	27.793198487886073	4.293924629157422
980.0	23.792077196918626	10.489606347067154
981.0	28.100179659635437	0.18605792125793438
982.0	26.645901844044047	0.10761612857229141
983.0	28.17834780019001	0.31931328401723713
984.0	26.41207612665676	0.18626538777565277
985.0	29.222191313544037	0.18298095170851553
986.0	26.515619977018265	0.2411780484620661
987.0	26.69696407370107	0.18626538777565277
989.0	27.299011700311837	0.11555728538492592
990.0	26.247804228140993	0.04369112277317703
991.0	27.012411297434046	0.18626538777565277
992.0	27.075007736545416	0.061124698033487114
993.0	28.673133941087617	0.0938632379088464
995.0	27.41508322097062	0.10312080144085621
996.0	26.980708055434672	0.020487582682735723
997.0	27.47998315209536	0.06373601970475477
998.0	1.0	0.18626538777565277
1001.0	27.024689259852185	0.18626538777565277
1002.0	26.16561750994416	0.18626538777565277
1004.0	31.821862337248998	0.13953585278059108
1005.0	28.25381966937877	0.13826423137210125
1006.0	25.11624653999476	0.04815749179436617
1008.0	27.3798477643905	0.11695747986172197
1009.0	27.228567696893226	0.10854073831064187
1010.0	27.12825205092665	0.18626538777565277
1014.0	29.64516772673316	0.07679717504397049
1015.0	28.96813533135503	0.11011505369440341
1016.0	22.110069118459535	0.06608470206226258
1018.0	30.488239519898805	0.11945861757885635
1020.0	25.67171502153296	0.0464115016443339
1023.0	24.636453403523976	0.07144973057030887
4096.0	21.03724694931766	0.1439591842293573
4097.0	20.734234735541584	0.12920416934047946
4098.0	21.579667681592127	0.11892676150127754
4099.0	20.97681643355714	0.17020402718648872
4100.0	21.82343550576447	0.04560825584831102
4101.0	19.9800481128279	0.18626538777565277
4102.0	21.490143489351045	0.08427452178535744
4103.0	20.19781939994866	0.13957614979790117
4104.0	20.56367552167791	0.08905556813745172
4105.0	21.576291392729193	0.058027528677066995
4106.0	21.718479907747057	0.22371300592253054
4107.0	20.780861488776132	0.09498313228290388
4108.0	20.047040420028896	0.18626538777565277
4109.0	20.804761440049575	0.1453447372011711
4111.0	21.090755782016632	0.11705069113875427
4112.0	20.762400578392743	0.17446510253947958
4113.0	21.534652032739256	0.15401570517234758
4114.0	21.35396785572902	0.15778152943156723
4115.0	20.847237314105566	0.19356147726564632
4117.0	19.70499200667422	0.1390070834322695
4118.0	20.18020830403564	0.169339444041676
4119.0	20.353410417262953	0.0692686866222252
4120.0	20.909168854093323	0.18529456553825352
4121.0	22.265936217591033	0.1905495673460535
4122.0	20.41239237715988	0.18626538777565277
4123.0	21.706803009915582	0.09415234610612808
4124.0	20.33036207182549	0.19344547660465136
4125.0	21.715244646327143	0.10942914948239435
4126.0	22.059920568537667	0.07865301985329384
4127.0	22.575753420461112	0.04515474211901787
4128.0	21.432518702902986	0.04702558534873454
4129.0	20.0986037666842	0.009362001332686585
4130.0	21.333214496895923	0.11105803154406624
4131.0	23.493391483208182	0.09428275971377782
4132.0	20.387311611284243	0.06596162916538932
4133.0	21.523755784870975	0.040102107724253065
4134.0	21.087937031082383	0.052103545324811415
4135.0	22.79358842874456	0.1794390667767221
4136.0	21.67779124398215	0.039598492571244835
4137.0	20.376224329121648	0.18626538777565277
4138.0	22.567654034596583	0.16576781217615555
4139.0	21.796461896493167	0.18626538777565277
4140.0	21.504540345317455	0.08089807410536141
4141.0	22.117180929221707	0.12477698255993189
4142.0	21.776498605146568	0.10183629181935276
4143.0	20.600410950502038	0.12406842131854637
4144.0	21.472421785980632	0.06890189477326626
4145.0	21.90005364387793	0.13574831563473672
4146.0	20.876915560536432	0.19089760237552403
4147.0	21.085441330043018	0.2087125909153929
4148.0	21.41871315067428	0.2721937839348331
4149.0	21.06813403649842	0.17547317831320194
4150.0	20.60063135295452	0.17823461997033677
4151.0	20.923405164227145	0.12314309444095807
4152.0	21.25493727895645	0.051475604279897905
4153.0	20.653909479603303	0.30020811912403045
4154.0	21.2828687386992	0.06990431587844075
4155.0	21.80452945005345	0.10295979308304677
4156.0	20.69587294004977	0.07964795359509218
4157.0	20.645407053277516	0.17445102054344494
4158.0	21.598771363273528	0.04274051841299741
4159.0	21.533321000853366	0.1989851103882519
4160.0	20.371352304638243	0.10142643954394369
4162.0	19.38702224638377	0.18626538777565277
4165.0	19.34444953299365	0.04073500381684557
4166.0	19.742558166613247	0.22194745819191958
4169.0	20.198515701294983	0.04079391510439897
4170.0	20.212307870138247	0.13263405531746603
4175.0	19.837709212391005	0.35793108867740925
4176.0	19.612852567795034	0.18626538777565277
4178.0	19.473102685467968	0.07732870488771322
4179.0	19.142114974197252	0.18626538777565277
4180.0	19.283313101252933	0.015525372367891378
4183.0	19.271930678055885	0.18626538777565277
4184.0	19.822086628382614	0.2874842593358305
4187.0	20.580095204001562	0.11570957654686047
4188.0	19.45749803514724	0.18626538777565277
4189.0	20.733962663015387	0.06007950562352113
4190.0	20.79074422683715	0.03131134247387338
4191.0	20.234077906847286	0.06207713825934886
4192.0	20.607131789244256	0.0547484145582046
4193.0	19.842745586374846	0.08185549237993538
4194.0	19.871087608212925	0.128018411122997
4196.0	19.919407097512124	0.03389104951937744
4204.0	18.936857854900648	0.18626538777565277
4205.0	19.767315759318286	0.2188311673692486
4207.0	19.7687321534465	0.2061963028431297
4208.0	18.901315655661236	0.18626538777565277
4209.0	19.193952439179103	0.011003674274176397
4211.0	19.419583923432015	0.18626538777565277
4212.0	19.212044548005615	0.04249517515198976
4213.0	19.26658342341632	0.14313402875810544
4215.0	19.580599464896142	0.18626538777565277
4216.0	19.239457099205893	0.18626538777565277
4217.0	19.379228746791306	0.18626538777565277
4218.0	20.183196127600308	0.05984408102329379
4219.0	19.732631560405075	0.18626538777565277
4220.0	19.461579612391066	0.18626538777565277
4222.0	19.03405335331816	0.18626538777565277
4223.0	19.518353090205707	0.04457920721788383
4224.0	21.13062231374586	0.3688139557860494
4225.0	24.242707395472454	0.34731811594178863
4226.0	25.564246982909836	0.3082088559873417
4227.0	23.605980924179946	0.3523660616737241
4228.0	24.948348746518608	0.26338155279407
4229.0	24.18570909505986	0.35752324174082495
4230.0	23.355548400438888	0.3438386939856394
4231.0	21.908222697359697	0.34753858275414257
4232.0	23.572575338304777	0.3482503329216765
4233.0	24.885945089274294	0.3015062201407962
4234.0	23.141597337314817	0.3501251256159749
4235.0	24.176652285674184	0.3245073414024911
4236.0	24.149520863356	0.36614864185127666
4237.0	22.687432763453756	0.3814546132248299
4238.0	23.999004850549905	0.34492067877289656
4239.0	26.951199724625678	0.3420141054314747
4240.0	23.020716405195888	0.36845188633577114
4241.0	24.095262762680576	0.4005739791248169
4242.0	23.461472910327963	0.3408919624179534
4243.0	24.12834543138444	0.4051543346792851
4244.0	23.594568827765663	0.3964442526809212
4245.0	25.66084461843146	0.33510546721074147
4246.0	23.85819463863106	0.37302272754160565
4247.0	21.993387636854543	0.397318618835442
4248.0	24.501113201562333	0.38786035092219534
4249.0	23.5600129858371	0.34285347739715183
4250.0	25.63515503638796	0.37606207458135804
4251.0	23.81690798117014	0.20631340166514156
4252.0	23.44732102031754	0.37101087434356184
4253.0	23.906117676886943	0.294691762942119
4254.0	22.32629739099523	0.3148394917329753
4255.0	22.030241923852085	0.35509884780613626
4256.0	21.969876285687775	0.378265502947842
4257.0	24.828780015376438	0.14484709020411501
4258.0	23.211743347784697	0.16364904683687204
4259.0	24.40791390938271	0.2282422252530698
4260.0	25.007133317033553	0.17907043636161246
4261.0	22.77816411923713	0.13139547551712094
4262.0	23.92212361892753	0.08650544009967585
4263.0	22.72294499150974	0.09703455180071215
4264.0	23.969230210829107	0.09676236999986415
4265.0	25.152410455115298	0.0957752362087623
4266.0	25.263065787241622	0.1557890487399243
4267.0	24.547099578384273	0.12387820695669513
4268.0	26.016509709961266	0.13791977520194088
4269.0	24.490977278063717	0.1393117237780234
4270.0	21.910530077088072	0.12092648230520453
4271.0	23.384321920807814	0.12075271935568621
4272.0	22.72496338787574	0.11410932122244433
4273.0	23.46105946290236	0.1481301299691566
4274.0	22.615615868524927	0.07229589160485297
4275.0	25.220899179905388	0.14617291539056762
4276.0	23.663449414683104	0.20453913032769122
4277.0	25.224882312279195	0.1438179851726093
4278.0	24.245727742138904	0.1309353938245095
4279.0	24.54024490795645	0.11956575163458485
4280.0	23.489190985678487	0.13149500591796787
4281.0	25.576182878919766	0.1976400234976088
4282.0	25.754777083626127	0.19055070872080473
4283.0	22.687007766809987	0.09142632188062727
4284.0	22.58358703012969	0.10697627007442312
4285.0	23.990282898794902	0.10471462733482463
4286.0	22.762877859680394	0.09571430500500412
4287.0	23.524733183324663	0.10737296951048794
4288.0	24.58465914912045	0.17328637978365752
4289.0	22.9484074833868	0.1026218221341944
4290.0	24.583708926850996	0.1347151131763988
4291.0	22.388906735345277	0.09305223395862273
4292.0	25.091378861723065	0.1381608323325735
4293.0	23.370935060864827	0.12129784854057572
4294.0	23.15846533005104	0.07575214557740552
4295.0	25.23855564213303	0.15409326073177457
4296.0	21.61107737685122	0.06272765256114685
4297.0	21.78515621514468	0.24151374724684146
4298.0	23.714461265096922	0.12413146498117386
4299.0	24.225671535090836	0.2913941220524463
4300.0	24.116316806691113	0.08690668602356584
4301.0	24.404193032257467	0.10122450863060924
4302.0	23.05651718288133	0.09186235335058066
4303.0	23.64870878026172	0.12369566654744026
4304.0	22.633910040151537	0.07002107568892976
4305.0	22.09373042440388	0.11682451119949415
4306.0	23.786196148939734	0.12397582423198486
4307.0	22.61664755097697	0.08400175179886227
4308.0	22.977259600221565	0.10333922276485395
4309.0	22.58336694764733	0.10413437621977688
4310.0	23.89972393960662	0.15563430506603118
4311.0	25.13144545439597	0.1917382497917098
4312.0	24.114011567389124	0.09985681845933184
4313.0	24.500530741071977	0.12481765157253198
4314.0	24.957695841871214	0.12851793900091774
4315.0	25.41703311817227	0.15579586613096227
4316.0	22.92483410493071	0.09903050708327439
4317.0	22.79274461596496	0.11318207518423862
4318.0	23.205929396881295	0.10595979355385145
4319.0	24.765809103695624	0.13347988142194517
4320.0	25.228792677107215	0.13940146882132218
4321.0	23.572179930219928	0.26916473824249004
4322.0	23.7322193090925	0.28504101715293895
4323.0	24.68992993773577	0.2790136989618766
4324.0	23.23214663205792	0.2624591628424226
4325.0	23.831591345414193	0.29320657082038853
4326.0	24.345358313155582	0.1689888614520097
4327.0	23.76747448500099	0.29964188488849147
4328.0	23.275388947265203	0.3986789562186813
4329.0	26.22465081801103	0.27827846543790985
4330.0	25.01763305765309	0.29545502945715774
4331.0	25.337267671405908	0.3166683354635569
4332.0	24.515284883482252	0.35138091549667005
4333.0	24.315186196853304	0.34728999217371814
4334.0	21.940615569722038	0.361740127962064
4335.0	22.748251023347557	0.3754701518094632
4336.0	22.923890762772064	0.3746188562052093
4337.0	21.79745667915548	0.3207238854002191
4338.0	23.97883002575626	0.2884915431131414
4339.0	21.82538327763634	0.372690044368665
4340.0	23.07210339513876	0.3043989184727101
4341.0	23.12191463853839	0.29998265321273154
4342.0	22.549977257781844	0.3481873309167799
4343.0	21.83742664068647	0.25720116982921665
4344.0	19.332062066303425	0.2664915416204339
4345.0	24.551888531421085	0.2466867009683181
4346.0	24.499731628303284	0.2870576129061037
4347.0	23.044135898042768	0.36226125134555337
4348.0	23.635310389353094	0.318386849380194
4349.0	23.84994083139398	0.32833001742795737
4350.0	24.30751297287844	0.26704940607437616
4351.0	23.47381102241004	0.3385902310817283
4352.0	22.87331720877294	0.3480340943460893
4353.0	25.36842539979196	0.3645849211983964
4354.0	24.102293030446226	0.4088523050292662
4355.0	24.787155628435393	0.3941230268768594
4356.0	23.70710332224847	0.40038022558335873
4357.0	22.878165403345616	0.35333371113470197
4358.0	23.579626071925382	0.3917946474903319
4359.0	24.452503861301352	0.3313342228011513
4360.0	24.067941419408115	0.3373860495497869
4361.0	23.726048633002147	0.36805578669211597
4362.0	23.70987890182969	0.3076607477538728
4363.0	24.87591681553616	0.34101893651686366
4364.0	24.611893226935344	0.33470310458013963
4365.0	23.160610477294615	0.3044509638095971
4366.0	23.84380733201097	0.3564641718650372
4367.0	22.61703315949546	0.3346214211772845
4368.0	21.584242756139563	0.3821992312045738
4369.0	23.698927979624678	0.3084549520407343
4370.0	23.66325909552231	0.3207437151800678
4371.0	22.817066397547553	0.35830049784093376
4372.0	21.499034573379664	0.33646003601340924
4373.0	22.223991278483457	0.30616894164522734
4374.0	23.08620347380554	0.2826330816512722
4375.0	24.499986844459126	0.3324959290142876
4376.0	22.000408708480247	0.32535842212149024
4377.0	24.138970038064596	0.3349108189057632
4378.0	23.77589607667743	0.3527628654378157
4379.0	23.826298583432845	0.35721842471733345
4380.0	25.075965658763153	0.2631471516118231
4381.0	25.05891394391373	0.33414782744728827
4382.0	23.422854920374178	0.3447806572419412
4383.0	23.570199663896563	0.3807502592719997
4384.0	23.012061831281336	0.3654203488391786
4385.0	25.477231012658873	0.36478100160537846
4386.0	23.63633838807253	0.35368963231944645
4387.0	24.741619899598142	0.33688532775391744
4388.0	25.3401717322363	0.3321553015622192
4389.0	22.36573901696927	0.3103549398510788
4390.0	23.093018999565494	0.3228541456716803
4391.0	23.58181253584084	0.412096655403703
4392.0	24.206135741995972	0.38585012160191806
4393.0	25.097956515225686	0.3628268146060121
4394.0	22.450143824091	0.42247214377010256
4395.0	24.94420862966423	0.3564732794649697
4396.0	24.406706905078497	0.3650659659349762
4397.0	23.933145888424658	0.371641399961207
4398.0	22.460338504593768	0.36931591015284465
4399.0	25.239157270062286	0.3651493354631292
4400.0	23.180308699482843	0.40381239626449267
4401.0	23.978996606256086	0.3743892463863452
4402.0	23.93328086525028	0.39963168785651726
4403.0	23.09446575949862	0.3429031626257832
4404.0	23.99550722805504	0.3589547483436335
4405.0	24.744814626245976	0.3335671226652739
4406.0	24.119645583489532	0.3628627069641405
4407.0	24.549637336051983	0.37339926055527073
4408.0	22.80824873805691	0.3104916443573264
4409.0	23.726759582786997	0.3720160185918122
4410.0	23.866663637958098	0.37712180942436163
4411.0	25.967091831689274	0.3834311274687521
4412.0	24.977854105890827	0.3343745465920085
4413.0	26.018083049731686	0.412686798166752
4414.0	22.254342390735218	0.3443963102137793
4415.0	23.5673130410232	0.41205883272654037
4416.0	21.734891523522602	0.20707307582565684
4417.0	21.340407816371563	0.2915710743137132
4418.0	21.627198617702476	0.29796119489482026
4419.0	22.107618393651226	0.25505063211974693
4420.0	21.307530068069802	0.251170978909783
4421.0	22.664944898833834	0.2376555541689605
4422.0	24.003477527447938	0.25079229640738515
4423.0	22.71929140182429	0.291550895892425
4424.0	22.589556703844515	0.27587358845833865
4425.0	22.151330955292075	0.32362318354463004
4426.0	22.34145326202274	0.2177940630851714
4427.0	22.09804069261697	0.23595800023778532
4428.0	24.50598714882631	0.3281823959776141
4429.0	22.878681368141724	0.31167259993463126
4430.0	23.370242392124272	0.2634732130546516
4431.0	23.770738526020082	0.27459885866246725
4432.0	22.36856371616468	0.26634600567760164
4433.0	20.999884646791372	0.20347183954965767
4434.0	22.41582653925523	0.2528712428009674
4435.0	22.72416411837955	0.31255657434895656
4436.0	22.552179860592585	0.2923247033186274
4437.0	22.765826923015933	0.3351186206031139
4438.0	22.954308148028	0.26504016547837417
4439.0	22.476515881903723	0.2819077923751151
4440.0	23.579124197337386	0.312841240280081
4441.0	23.861438804995096	0.3076433421606641
4442.0	23.615124526899514	0.29158618309829326
4443.0	23.301356333659996	0.28468494610567935
4444.0	22.03237411730138	0.2846993446851777
4445.0	22.257068334445567	0.2886793759689272
4446.0	22.97156340291326	0.2929729723169924
4447.0	22.811155908051106	0.29166351989481387
4448.0	21.437768746086796	0.22824850344459238
4449.0	22.1890212154265	0.23818998032690553
4450.0	23.769087167386008	0.364909561075213
4451.0	21.79575581228938	0.25730747910771795
4452.0	22.596496939512196	0.2728203114927952
4453.0	23.587373896482973	0.3188429920491867
4454.0	23.801504720806847	0.29676882634363705
4455.0	21.783368425517285	0.19924669789698943
4456.0	26.111487310318605	0.30543278904756055
4457.0	22.936588213704248	0.292964174041098
4458.0	23.076002808186637	0.29416183093196513
4459.0	23.3630745878017	0.2702449489056423
4460.0	19.943138932765407	0.20463835732600788
4461.0	22.707185450198512	0.22066177198603099
4463.0	22.498231851661494	0.27149801518571587
4466.0	24.58091012985317	0.2890352799968091
4467.0	22.598304153835166	0.2556502998293711
4468.0	25.003711899008376	0.32093613830399637
4469.0	22.22583224743275	0.2281642657235849
4470.0	22.061801426922894	0.23826457432177833
4473.0	24.37910318187311	0.2639169428866538
4474.0	23.455432935120317	0.29425718260325817
4475.0	22.36779266581518	0.24585307353000727
4477.0	22.678828708024536	0.26587265027610535
4478.0	23.373750781460842	0.27930386092388126
4480.0	27.680641048416955	0.45785903257482635
4481.0	26.85775203103211	0.09544002508750268
4482.0	27.66158742772178	0.15699238237951887
4483.0	26.25827305968088	0.5152147219758997
4484.0	27.785011811614396	0.13369749197877387
4485.0	28.386192177066114	0.14542491772292637
4486.0	25.855998162761253	0.1181836175678994
4487.0	28.758652581961304	0.4780455781104768
4488.0	25.4937408036057	0.10936728992377623
4489.0	31.929860511634967	0.2510232714050457
4490.0	26.96347231232408	0.10614975113085114
4491.0	28.74969777761863	0.15536136072266216
4492.0	28.143570587616537	0.18208847966580308
4493.0	27.748935281817925	0.16896415065267978
4494.0	27.60719949731183	0.5152578462674562
4495.0	27.892159291634968	0.19700728188100855
4496.0	28.269271739201514	0.4609296591665143
4497.0	28.5156656458779	0.14502932225069112
4498.0	28.759378552729995	0.46693367499936317
4499.0	27.402421396604456	0.1653119717509636
4500.0	27.980840413979635	0.4938466214725168
4501.0	28.84297375461538	0.4166637009371776
4502.0	27.8108302321907	0.13308509897903117
4503.0	27.881735639839505	0.12734869714127237
4504.0	28.287537255027694	0.14005925593223834
4505.0	30.289520737372996	0.15348068210285898
4506.0	28.186363641099422	0.14298095602023383
4507.0	26.51340563993513	0.1874845831052194
4508.0	27.12040513711028	0.19286582249019196
4509.0	28.74014610850055	0.23266468169788035
4510.0	26.898040064952003	0.12497594782571236
4511.0	28.032618176786404	0.14299247114282196
4512.0	27.742722402581514	0.14313368038987112
4513.0	28.52087561238564	0.19497172052139075
4514.0	27.030056697104396	0.1726133430993771
4515.0	25.0036640020885	0.12388950799707248
4516.0	29.47462266724397	0.21083090152537684
4517.0	28.74907112579617	0.1686487629948298
4518.0	30.2747155885486	0.20588051738259694
4519.0	26.857442040821464	0.13646562953010719
4520.0	27.285471154532615	0.1613566834606786
4521.0	28.166780428779198	0.17414709954349364
4522.0	26.878979042255438	0.17315177605865234
4523.0	27.048784998022906	0.10372956036319488
4524.0	28.000723200955385	0.16833904325358887
4525.0	25.842534369632887	0.09633078346579807
4526.0	26.04476908127488	0.14821620219097734
4527.0	27.947734519877585	0.15911724406727076
4528.0	26.517472520270896	0.2510807315135972
4529.0	27.393276545419052	0.1686040142653516
4530.0	25.01830126874484	0.0871243635983306
4531.0	28.289474215451737	0.19558279613913132
4532.0	27.58961073557447	0.19030804150900807
4533.0	28.94675427905768	0.18661566846322247
4534.0	26.522764517216945	0.11891705523004266
4535.0	26.427617934696563	0.16185387208327884
4536.0	26.381107776741384	0.22223110877815416
4537.0	29.341424778401578	0.20098856495024797
4538.0	27.836003708832248	0.2561947427311214
4539.0	27.0022618420479	0.17946217343461376
4540.0	28.982758577385283	0.1750094514343669
4541.0	26.930777796098884	0.1723216845620636
4542.0	27.388115650110993	0.19355319990992825
4543.0	27.787255886512735	0.18371821597578294
4544.0	28.329076560784152	0.19760105557373
4545.0	27.82959373925249	0.16894355064039807
4546.0	28.072325612043155	0.16790205116209644
4547.0	27.849763222613415	0.11164741007114756
4548.0	27.54245392128332	0.13312059250738636
4549.0	25.87256416526299	0.12577077331422576
4550.0	26.130398515359488	0.11871878321511238
4551.0	29.139648188243513	0.19424722827199306
4552.0	26.751320484262422	0.10901681059065917
4553.0	26.7356905764056	0.1531176193632932
4554.0	28.692441410429513	0.1697571845629583
4555.0	27.494398194688973	0.19050555094141272
4556.0	26.171747306248026	0.09759929493562343
4557.0	27.170370855280996	0.16495134899286046
4558.0	29.66050573127458	0.16842632031986482
4559.0	28.31386608323516	0.17007875697790503
4560.0	27.505184235863112	0.19726422442115724
4561.0	27.503264460619143	0.21014504829372366
4562.0	27.974545032213758	0.2188518848408812
4563.0	29.516894559801788	0.2331111318100963
4564.0	25.121283748608427	0.1286877690881506
4565.0	27.860052205069746	0.1594973178790778
4566.0	28.830580121591023	0.17857702246619456
4567.0	27.361332157655657	0.2000155019662603
4568.0	28.779410567823756	0.11955619570950991
4569.0	27.96030607919736	0.13133085619863122
4570.0	27.609400367493606	0.13860748893851357
4571.0	28.20226689144576	0.148684918040753
4572.0	29.420876502538068	0.22821401439452274
4573.0	28.6156535693533	0.2035997249598149
4574.0	26.39861991498633	0.16256263341518867
4575.0	28.272005951444076	0.15440485582435795
4576.0	28.551795814677316	0.16351761315474736
4577.0	27.28682024064989	0.2007504993472556
4578.0	30.7887155629013	0.18224894053663085
4579.0	29.94432133080587	0.21076531446749855
4580.0	30.530460480899052	0.22040323969167783
4581.0	30.584350478221108	0.2261004433249381
4582.0	29.986370715495177	0.17895748199451833
4583.0	26.606627781690502	0.16860253815670523
4584.0	28.700784697822147	0.17583533982404265
4585.0	28.434248160025444	0.16386758127524215
4586.0	30.593172740986844	0.18706137741804318
4587.0	29.350661013202437	0.15834413975950645
4588.0	28.346553982330615	0.21966313586568256
4589.0	28.194972198585987	0.23313589158113915
4590.0	28.188740542828004	0.27321709449753917
4591.0	27.870414127390482	0.15481603513205927
4592.0	27.92453784030155	0.24836205522932514
4593.0	29.093783015582595	0.33379080766999186
4594.0	30.08423246935071	0.17443923148657725
4595.0	27.49738608116553	0.1699051140743411
4596.0	27.615403794099485	0.17638136827408082
4597.0	27.342660823807257	0.1725439250376987
4598.0	25.519111740984055	0.13176595835763733
4599.0	28.950663866722664	0.2670091646101124
4600.0	27.888833618879733	0.3769213342807497
4601.0	29.4920024181588	0.179069877814631
4602.0	29.553179644730033	0.1615600707519074
4603.0	28.19857938977886	0.17548532499535965
4604.0	29.43784870324545	0.34433949392243746
4605.0	27.965983168709396	0.12878195543508467
4606.0	28.578825274484785	0.1896128338659551
4607.0	28.501240658593115	0.26937030509325205
4609.0	22.11042856631455	0.11046813705636638
4610.0	22.430931283180126	0.063951924957014
4613.0	22.63410549030439	0.07282838398526034
4614.0	23.147023743052788	0.07176160633980377
4615.0	20.76087541351792	0.18626538777565277
4616.0	20.335622556772314	0.18626538777565277
4617.0	22.639344196611667	0.034926407631654076
4618.0	19.793248684080943	0.07792846140905187
4619.0	20.646347247263446	0.18626538777565277
4620.0	19.58093764079621	0.18626538777565277
4621.0	21.110464157702523	0.09426000204226814
4622.0	22.36486059493996	0.18626538777565277
4623.0	21.566288972524696	0.06648495755513766
4624.0	22.80546243289915	0.06747914903388925
4625.0	22.153602692703195	0.13054731385120352
4626.0	23.093961670969197	0.1356652187236874
4628.0	22.75048749732698	0.015641065118552292
4629.0	21.570857589729997	0.18626538777565277
4630.0	21.955623378461063	0.15269805672950934
4631.0	22.618074291423746	0.07842137647007087
4632.0	21.78936398242791	0.07353782966136088
4633.0	20.69394130396435	0.13504643741746405
4634.0	22.337087612149517	0.0679756498704104
4635.0	22.41578332203016	0.05637110703048688
4636.0	21.425140640041178	0.0887338620013668
4637.0	21.219594852350333	0.02031934731789427
4638.0	22.0877308381708	0.12547075560880816
4640.0	21.732827972851812	0.044596591083035875
4642.0	19.999186804172478	0.09396233222566407
4643.0	19.9857694139928	0.18626538777565277
4644.0	21.13252825752469	0.07051860442820965
4645.0	20.010331833859794	0.04915334749250367
4647.0	20.984214953500913	0.08739511088478098
4648.0	21.365314287584418	0.05523717985738841
4649.0	20.482388517622816	0.021012061549225948
4650.0	21.09212645280341	0.05155142623832275
4651.0	19.34537729634028	0.036627734089711664
4652.0	21.37228858641386	0.2025505221738598
4653.0	19.64237054545249	0.05439194724144386
4654.0	20.37733346381336	0.18626538777565277
4655.0	21.192407749471357	0.05084791331011939
4657.0	20.187477528671696	0.18626538777565277
4658.0	20.53482828562465	0.18626538777565277
4659.0	22.071803937418355	0.053300254138952105
4660.0	20.376176157168846	0.05153164052010987
4661.0	20.944439268783913	0.055006334793209884
4662.0	20.889236604939992	0.09577355230313052
4663.0	20.63527840807107	0.19169878999384177
4664.0	20.45276650264449	0.1573591201485595
4667.0	22.14984909521176	0.03213956678032371
4668.0	20.021519452244252	0.12493304441160072
4669.0	20.854661900081403	0.050235927874027066
4670.0	21.025220071961808	0.18626538777565277
4671.0	19.898910091334493	0.17458219308590253
4672.0	21.022105588333545	0.18626538777565277
4673.0	21.11938217995246	0.1237125783539247
4675.0	19.776176664446332	0.08991277105417506
4676.0	20.59357065384427	0.18626538777565277
4677.0	19.782884055499004	0.18626538777565277
4678.0	20.871092349489107	0.12787498813084117
4679.0	21.066344312743713	0.14556748884757542
4680.0	19.971451216304747	0.08172412558396851
4682.0	21.45896539821857	0.15040650020000157
4683.0	21.47638014799786	0.18626538777565277
4684.0	20.599513977139445	0.10806418576238992
4685.0	20.778717092181328	0.05953227963197334
4686.0	22.21844873486165	0.12921028939521895
4687.0	21.172570555678004	0.1110885835157173
4688.0	22.18419265350746	0.07067910555501075
4689.0	21.95508503333052	0.21278653270404094
4690.0	21.93678582044521	0.1708251972611633
4691.0	21.240201750481404	0.19205734565924398
4692.0	19.827337797853446	0.007669273536556684
4693.0	21.2471507432409	0.18331565490799678
4694.0	20.851297173879136	0.19488645202584784
4695.0	20.380771913565315	0.22702334744647273
4696.0	20.881836744525422	0.07756706472043119
4697.0	21.578284280484628	0.09500455001675408
4698.0	21.273219126874842	0.07860722396529886
4699.0	20.13042939845232	0.18626538777565277
4700.0	22.229011297633523	0.08550336898533924
4701.0	20.515895298775586	0.10710106937979592
4702.0	21.90125179613412	0.09268835381603734
4704.0	23.30473594929728	0.07798613033625779
4705.0	21.581304783051223	0.18626538777565277
4706.0	20.115504745881328	0.18626538777565277
4707.0	22.02003256355972	0.0816924935416089
4709.0	23.233920643859243	0.08234398762409487
4710.0	19.890529303021232	0.18626538777565277
4711.0	23.208302349721222	0.05167919865323317
4712.0	21.35117597105664	0.09604943698430873
4713.0	20.967175215975136	0.18626538777565277
4714.0	20.23959223142296	0.008679372291235608
4715.0	23.68229725813576	0.14551477964693005
4717.0	21.278379308932507	0.10170762181640566
4719.0	20.87401563007853	0.18626538777565277
4720.0	21.69414857694712	0.18626538777565277
4721.0	21.698392693669895	0.14013812102756876
4722.0	22.122732320740617	0.07528418089745989
4723.0	21.76756796215463	0.005632393318343711
4724.0	19.675542970008284	0.1517431020978397
4725.0	21.72517780922823	0.10582075769181765
4726.0	22.046331773168458	0.05881810792260266
4728.0	23.022517635641012	0.07820538208770487
4729.0	20.7322265737419	0.07090013960790846
4731.0	24.45528969977761	0.10356272807285066
4732.0	23.601731162060958	0.10440008709736515
4733.0	20.93145236586748	0.18626538777565277
4734.0	23.691865855841183	0.16083087721830436
4735.0	21.49635297946584	0.18626538777565277
4736.0	23.15830118478958	0.282440836215721
4737.0	22.68175986886989	0.20712294464067885
4738.0	22.87590693105963	0.34059512653084023
4739.0	23.988527644948384	0.24558490704588634
4740.0	20.895461950465357	0.25913067031454967
4741.0	21.924880801606257	0.21001048394675714
4742.0	20.770429740058066	0.2587812220266957
4743.0	21.465812463119818	0.23996601210014515
4744.0	21.17429027862702	0.20874588683981052
4745.0	22.808540705966113	0.20544740692747063
4746.0	23.646836189668143	0.282246781031533
4747.0	20.56567164963345	0.22221949515580158
4748.0	21.228662039606355	0.05474197196645596
4749.0	23.044776958167215	0.27482564781883123
4750.0	22.850810716021876	0.29876571215427006
4751.0	23.16806803286582	0.2948182152845337
4752.0	22.831301826781743	0.2696664945993703
4753.0	22.20637893541388	0.3085951936309104
4754.0	23.605909141986626	0.284751724187704
4755.0	22.867473218560722	0.2442371051153242
4756.0	22.73988881463513	0.24058794170122524
4757.0	22.64636943310203	0.250556526357917
4758.0	23.247899157527957	0.28548232363535186
4759.0	22.619250821374223	0.274699217765212
4760.0	21.19107921113981	0.2115607059361189
4761.0	23.486046034786472	0.2660220905645694
4762.0	20.2640542460706	0.26698866351119066
4763.0	21.590547107848177	0.18233417429334317
4764.0	20.254037311036722	0.19273358493372134
4765.0	22.009080998677018	0.22760301788897366
4766.0	22.361142615559842	0.24206934366617405
4767.0	20.67738541775615	0.11016547303088267
4768.0	22.145947960017665	0.2695401525845288
4769.0	19.52633087470303	0.16238036561234973
4770.0	20.91015295442673	0.2663351686031571
4771.0	23.532989483759824	0.2795753935308506
4772.0	20.04657416778468	0.14851529585527437
4773.0	20.57234813034399	0.16962265308211757
4774.0	21.77804167883082	0.22642625154245416
4775.0	20.94753662462021	0.22543824427726242
4776.0	19.371918495834198	0.05772156729797463
4777.0	21.65898146275813	0.29041075872104105
4778.0	21.671868754124084	0.2679590450735029
4779.0	19.871828193961036	0.22263740311967684
4780.0	20.714286227835608	0.14829145003543065
4781.0	21.01108983736125	0.18556987473316433
4782.0	20.644350917516032	0.18322144847042582
4783.0	21.443634808617475	0.3364099540863564
4784.0	22.12368577310718	0.22893359086272885
4785.0	21.667390192401093	0.22372824239785152
4786.0	21.106993182338318	0.20664629443953783
4787.0	21.44145751720546	0.19313948936511102
4788.0	23.724168865638266	0.2831362246987577
4789.0	19.760335039072654	0.16320358242651056
4790.0	20.872155538857605	0.2224571057607443
4791.0	22.704152007512874	0.2757655909496059
4792.0	21.241506460967287	0.1708334177498486
4793.0	22.737044032729315	0.22021090671823182
4794.0	21.78716140525027	0.2052867791972703
4795.0	20.6357112625488	0.17030835330121086
4796.0	23.02966262700228	0.28248009766154386
4797.0	22.24773132468572	0.24181149135841049
4798.0	22.4739862774141	0.24953238230102714
4799.0	24.24835234009988	0.21961679924916402
4800.0	22.37786375613086	0.25498401663793807
4801.0	22.725711099019865	0.23119656321802878
4802.0	21.648565075517975	0.1930737887052827
4803.0	22.601198894240206	0.26856754039711145
4804.0	21.2955450625418	0.20143564661823055
4805.0	20.30878017391557	0.19645980543065572
4806.0	22.48151288131827	0.21923690668373
4807.0	23.460944124989908	0.2637191694346582
4808.0	22.970787186884376	0.333716725229555
4809.0	22.681706744308364	0.24483253234318775
4810.0	21.46329034651506	0.2307881906324236
4811.0	20.820630111932775	0.17066902035968115
4812.0	21.55643109704825	0.1560414205533507
4813.0	22.877691991949487	0.28272956577575403
4814.0	20.86163627932647	0.2771612133765669
4815.0	21.53553881314095	0.24973933935474277
4816.0	21.865018055302148	0.24706919563373592
4817.0	21.23699301599733	0.2352411823384111
4818.0	21.55307935624654	0.15418866356743635
4819.0	22.10079535752832	0.22483304863079787
4820.0	21.180474340527105	0.2296963825345068
4821.0	20.13950834883755	0.11246498672343036
4822.0	20.921211958444008	0.19678036412663885
4823.0	21.685279023974847	0.24835350038839518
4824.0	20.477685772601333	0.15853394621424285
4825.0	21.164087673185293	0.24016835718982
4826.0	20.235566340701407	0.17776163015207277
4827.0	22.95079516400957	0.2792049067149523
4828.0	20.720568844636805	0.21059815752983066
4829.0	21.577312043878877	0.20344952154037033
4830.0	20.2339569314933	0.21670804223797208
4831.0	20.306460043291345	0.1533985907216374
4832.0	20.665106419181427	0.20356564581727118
4833.0	21.110335787779494	0.14195318139486765
4834.0	21.50505497596256	0.18761255418295678
4835.0	21.131035028012743	0.1600347230106954
4836.0	20.879417854992223	0.13712705323023103
4837.0	21.158056521308573	0.20587778960679787
4838.0	22.299982414640628	0.28433951170328675
4839.0	21.319252373103556	0.19914159407003526
4840.0	21.97437356417242	0.244115804301186
4841.0	20.707188204677426	0.2049047041028287
4842.0	21.924856079876584	0.2537392605278031
4843.0	20.931718426753264	0.05388697941108632
4844.0	20.50547483702065	0.2014930372743922
4845.0	21.498491872352574	0.2117414054893309
4846.0	20.725712117933185	0.2446955396730606
4848.0	21.660448369902415	0.22607625073823673
4849.0	21.87847610482774	0.23171175814885622
4850.0	20.54213628973433	0.23467060218499847
4851.0	21.441788893866093	0.1868216879825724
4852.0	20.558287194669763	0.22060786051119738
4853.0	21.45483613832871	0.24189933713479742
4854.0	20.939342030447484	0.3042312576736833
4855.0	21.067805372806284	0.21058880518198853
4856.0	20.42869604263402	0.18218236880978
4857.0	21.535070350260433	0.18977763002496242
4858.0	20.700934758888447	0.16229901943181457
4859.0	21.07926531331354	0.2330849672170007
4860.0	20.99952402877358	0.17748107135300278
4861.0	21.16625420892875	0.20856128114985142
4862.0	22.051979547726607	0.2112546954767763
4863.0	20.444938783675404	0.22272758553100075
4864.0	19.975489397768936	0.34604680304618146
4865.0	20.472847950987852	0.3733427830927333
4866.0	20.86539546319822	0.3129726173073054
4867.0	19.959294271233876	0.3376702615341131
4868.0	20.420486120046704	0.09048790502682463
4869.0	21.07730746118804	0.28527977457733045
4870.0	19.78308582044071	0.06739822184212668
4871.0	21.27206280429832	0.3972668675740132
4872.0	21.16009569261471	0.35692559140794095
4873.0	21.11620580673567	0.11873856327643283
4874.0	21.79384037620659	0.30386124718324453
4875.0	20.37594511180891	0.09235400336992186
4876.0	20.6471538158897	0.28955189677451065
4877.0	20.936453601659846	0.34184528812795417
4878.0	21.224303252201313	0.34800520024179715
4879.0	21.653704776710658	0.3555498391854791
4880.0	20.819823570574645	0.3423916270379359
4881.0	20.784373031976603	0.3231096446138171
4882.0	20.497883299531786	0.35716806702215065
4883.0	20.53533520896495	0.3546243842574173
4884.0	20.819456942993998	0.33229154452685844
4885.0	21.081582610361366	0.34705179477915354
4886.0	20.526726293420488	0.3574852092156586
4887.0	20.032711277446282	0.30989953757672317
4888.0	19.62167344834683	0.36136213089383074
4889.0	19.414413769450363	0.36799617216475733
4890.0	20.061966278928228	0.2829572406905125
4891.0	19.878155065731878	0.08172392088996513
4892.0	20.67806956455054	0.35644562331939345
4893.0	19.85003465890226	0.05064626446841625
4894.0	22.757770031164345	0.33581558742158013
4895.0	20.71012398930465	0.20156226714255773
4896.0	21.552177845310755	0.055745052693455865
4897.0	19.802827817335057	0.12994999050928943
4898.0	19.918621194742492	0.08654253311984655
4899.0	21.7330454353492	0.07808164747401018
4900.0	20.327706246615037	0.11089876366981094
4901.0	21.88958274665991	0.10265565671997699
4902.0	21.0859326457345	0.10159652818874496
4903.0	19.592005565938653	0.07952162200444199
4904.0	21.418422741301427	0.07235649802107055
4905.0	19.94259181439048	0.053434472006552
4907.0	21.61394964078033	0.08111436318887752
4908.0	20.10649066597472	0.05687002810620866
4909.0	19.65147103571226	0.040734173674231565
4910.0	20.832744874669352	0.051695289012919
4911.0	21.401454612071166	0.0536290073135034
4912.0	20.28442041103803	0.04570517554780046
4913.0	20.061794368553397	0.05517707149590596
4914.0	19.527345921792985	0.03498103069033165
4915.0	19.90256108709463	0.07063189207523042
4916.0	21.109297844194494	0.08830123035391035
4917.0	20.046457884331687	0.06715628187687406
4918.0	19.884309366566445	0.08145006371728936
4919.0	21.119430576326586	0.07070499071205659
4920.0	20.61756353368801	0.11022364635664059
4921.0	20.774409944659315	0.09700637157195317
4922.0	20.92552173244099	0.07075783065997455
4923.0	19.498662975341947	0.06893683994455249
4924.0	19.871869917786505	0.09998338394938434
4925.0	20.545707728786944	0.1037905065273414
4926.0	20.13026787896916	0.07486814362315218
4927.0	20.73917032704492	0.06919162782704358
4928.0	21.5188255254969	0.0901158186019089
4929.0	20.209998104033296	0.05299644147230854
4930.0	21.547779676195557	0.08060014545973637
4931.0	21.912279513600588	0.08845927999171611
4932.0	22.579646877720123	0.08794248433597159
4933.0	20.579393022685267	0.15345919068026903
4934.0	20.46655132364572	0.0936554959680601
4935.0	21.852700702833605	0.08095577189169201
4936.0	20.187630913461675	0.052772334784214885
4937.0	21.71196387888097	0.08158971708626482
4938.0	21.052189457961838	0.057422950037658294
4939.0	20.449845887788506	0.08647630003866265
4940.0	20.76076676194462	0.08044386131233737
4941.0	21.696559974099003	0.0925413827735777
4942.0	20.560743173132433	0.10137032374590736
4943.0	23.131961627410625	0.09281681689804568
4944.0	22.399798096303993	0.10669033646569792
4945.0	21.591458111010414	0.04410482070733303
4946.0	22.612874811481635	0.11058073881228458
4948.0	20.198591463109963	0.03923529726747303
4949.0	21.688893131328655	0.09041540101890765
4950.0	21.86817112707672	0.05918121911362748
4951.0	21.145266688345217	0.03484680172812656
4952.0	20.814845228785238	0.054460497894531425
4953.0	21.136066039270982	0.06190662453601434
4954.0	20.210719854246832	0.049185460243813706
4955.0	20.6199735105952	0.10341723767222073
4956.0	22.034911491370348	0.07953942458992098
4957.0	21.45571246776842	0.07953205185266354
4958.0	22.949998039143793	0.07566879187458009
4959.0	21.75415952805211	0.05790584350986418
4960.0	22.074208606026893	0.07385963310992791
4961.0	22.21588408102253	0.09655904731944533
4962.0	22.776712346177106	0.07916503636161926
4963.0	21.75240989014122	0.0777680254592686
4964.0	21.781776793742726	0.09943265111052159
4965.0	20.871371935058615	0.22569570948160464
4966.0	23.334728259576256	0.09001387373914421
4967.0	21.920708285814083	0.2419011293705713
4968.0	20.244429550490242	0.30143458847216603
4969.0	22.425409131975623	0.27864952778471314
4970.0	21.075597253998552	0.33487775677265935
4971.0	21.996924174183544	0.2961205544217593
4972.0	21.107380067523753	0.30813769923762224
4973.0	21.760556891612886	0.32196102747447375
4974.0	20.486446141197476	0.35953165276048277
4975.0	21.7292668386588	0.27008172751310877
4976.0	21.062837750934133	0.38040391977716775
4977.0	21.40157673740642	0.3484117478245426
4978.0	21.306654030581186	0.31356669079191696
4979.0	21.070136908345138	0.2880709160487318
4980.0	20.78313844754305	0.30536124096875567
4981.0	21.994539194195127	0.2663140785253783
4982.0	21.38970300064295	0.3193802412366114
4983.0	21.061491684449678	0.333973715172125
4984.0	22.002966983032852	0.3344590741080884
4985.0	20.638631718490455	0.2668182025901398
4986.0	21.72324448904456	0.1228986556380198
4987.0	21.583552276266026	0.2726883956659546
4988.0	21.299518581219196	0.4036123835143421
4989.0	22.409390185946165	0.2800525623691164
4990.0	22.585407886253265	0.05627123617338527
4991.0	23.073325111166746	0.3563024567344353
4992.0	21.095619933785237	0.15128999553045558
4993.0	23.07777591752064	0.1916941407400275
4994.0	21.343496605961054	0.07613779912329798
4995.0	22.640484042615302	0.15087274384574192
4996.0	21.81067468266356	0.03877015759931642
4997.0	19.881132009238176	0.0553449334995798
4998.0	23.589112954683944	0.09984377031982941
4999.0	22.57235580300437	0.13297677887126738
5000.0	21.610147028970843	0.1809887855935595
5001.0	22.117114478848336	0.07657783390685621
5002.0	21.9503865998638	0.07444165920820901
5003.0	21.313072830499117	0.05793485911324008
5004.0	21.90648119264119	0.11166637225133207
5005.0	21.441238062240796	0.05911258982118688
5006.0	20.948225385062592	0.12062016259237829
5007.0	21.4783777978247	0.21860273196295038
5008.0	23.918678468399346	0.1699607140339183
5009.0	22.9801662684488	0.14190012103224225
5010.0	21.05128554614435	0.16209146622850648
5011.0	21.83032065531067	0.10634307830022736
5012.0	21.93353847283861	0.21996106557953593
5013.0	21.35299890310408	0.17626703576295671
5014.0	22.34468183266099	0.1954624442161165
5015.0	23.04687210792513	0.1761295001516238
5016.0	23.65408963842	0.12108319929054867
5017.0	22.834186466225972	0.0971988847687985
5018.0	22.690729889066464	0.0834435720865584
5019.0	20.883108055013633	0.05963182632119597
5020.0	22.69036775745919	0.08856934654494786
5021.0	22.62068270879492	0.06804984274442014
5022.0	21.757019068038243	0.10966496872788573
5023.0	20.658616127361512	0.1508981467253794
5024.0	21.77877779479167	0.06158448052733104
5025.0	21.36343633186078	0.029307181501130063
5026.0	22.092379629174825	0.07470209651834576
5027.0	19.258385304545893	0.0587998200801264
5028.0	21.53669275545875	0.07943358044066565
5029.0	21.814492856881024	0.17424908620224283
5030.0	21.018760145378344	0.03822779339754063
5031.0	20.919875095689925	0.2559158435187224
5032.0	21.497883862756336	0.18154878242444245
5033.0	20.133681581292336	0.22356506068308094
5034.0	21.405401766324132	0.1369024358760994
5035.0	20.0923866766857	0.21428890897449127
5036.0	22.09079218844882	0.19962207408828953
5037.0	19.734444148466803	0.21005021717433978
5038.0	22.13607357637511	0.16547142140869459
5039.0	20.57733287018062	0.1854666097953665
5040.0	20.401171373261935	0.15948334641143425
5041.0	22.200264819797024	0.20310052755590738
5042.0	21.752485320102952	0.2181004431664258
5043.0	21.043935050949216	0.12390786931719128
5044.0	21.36297491829524	0.13685094291396854
5045.0	21.712215991170417	0.14325632788399367
5046.0	20.797144122290618	0.10961839271466826
5047.0	20.471815542681	0.10188286458782375
5048.0	23.499149517330363	0.1726749617244418
5049.0	20.879514791449907	0.15977342957630392
5050.0	21.38965313937554	0.17995621678853
5051.0	20.165641601483475	0.20329917540933293
5052.0	21.93352687769759	0.15111500215492538
5053.0	21.236446032877915	0.1604349812164188
5054.0	22.29442053157621	0.11675754832023964
5055.0	21.330161284590446	0.15878178891255096
5056.0	22.00199457690807	0.10311313224204814
5057.0	21.437935769057905	0.13294943272693016
5058.0	21.869324700204352	0.1467495711082426
5059.0	21.881702945096848	0.06893563373161171
5060.0	22.847882918642433	0.20492171952433508
5061.0	20.074037307885614	0.056717256246287005
5062.0	21.049007045425213	0.06415800221592922
5063.0	22.420756186377407	0.13178278655355416
5064.0	22.18817904636219	0.17005140639602287
5065.0	22.15911461336257	0.10364540800100612
5066.0	22.70964696463973	0.14319979596538865
5067.0	20.930106931834967	0.05799240050818086
5068.0	21.425716394292667	0.0375171241877793
5069.0	22.223571050653717	0.1902448925414446
5070.0	22.165664649367013	0.17169733444989338
5071.0	21.265621050756238	0.11691408258603438
5072.0	23.227588106934427	0.14611313923291494
5073.0	19.69771762922292	0.18626538777565277
5074.0	21.695614413267176	0.13398024996605662
5075.0	20.17579785854737	0.18626538777565277
5076.0	20.558993850359418	0.07673764155705293
5077.0	21.825049128785835	0.1279369030820869
5078.0	21.121482548387394	0.11010881360777389
5079.0	21.01160257784	0.14447029460064562
5080.0	22.22806779259901	0.2721951636624508
5082.0	20.72766142346855	0.15306708704643396
5083.0	22.0868619490958	0.20071840150320053
5084.0	20.732546746165983	0.08650233756936712
5085.0	20.62650783748938	0.12916223772155386
5086.0	20.500043990136774	0.22049035438115772
5087.0	21.148614633439088	0.20358886712962335
5088.0	21.129802543851927	0.09535132810251039
5089.0	23.172907892954292	0.13117471604888356
5090.0	19.88016468499691	0.09836634850056855
5091.0	20.022466902301332	0.07546456370675537
5092.0	20.644410439015328	0.066404849673647
5093.0	20.587899464820673	0.04152965925123373
5094.0	21.591592602294345	0.15679666754218177
5095.0	21.193549140782977	0.0884763688456375
5096.0	22.993258362869174	0.11332957472902853
5097.0	20.790910691810417	0.034445875168468684
5099.0	22.479418957086732	0.07528077348139812
5100.0	22.007942170298634	0.19563364623195173
5101.0	22.856129136706027	0.16591033671485503
5102.0	20.07161168233281	0.2174918150971588
5103.0	21.23138320139168	0.26150150611530176
5104.0	20.954637031768293	0.15799828662481036
5105.0	22.114768684546238	0.18694597484858813
5106.0	20.29710844954195	0.05695809362273747
5107.0	21.27393092563523	0.15497245887233108
5108.0	22.000540871266722	0.1444071741198507
5109.0	21.319700647027314	0.1832880785832081
5110.0	23.16097973857492	0.2960662823292055
5111.0	21.247706116724814	0.1766774349566462
5112.0	19.685093593176727	0.10108570734345823
5113.0	21.72959655947044	0.05321764493983916
5114.0	22.083171471642117	0.0766799872612826
5115.0	21.616892287015077	0.06396774255713776
5116.0	20.10617270783507	0.17164277912697967
5117.0	23.38751814431494	0.06120579876649491
5118.0	21.944446737177028	0.06651531227790938
5119.0	21.519430028519455	0.19145073429080678
8192.0	22.976011385812043	0.300830730170557
8193.0	20.92398507445698	0.07637963762025797
8194.0	23.736410198358342	0.2817276465156696
8195.0	22.807177044977408	0.3034493975598117
8196.0	21.409091408313458	0.030689780033206156
8197.0	21.523859401352553	0.037035475071758535
8198.0	22.10312401218044	0.2246188135102488
8199.0	21.717171120988905	0.3627525303537173
8200.0	20.597307123201336	0.18626538777565277
8201.0	22.022131020826674	0.19377203574138968
8202.0	21.28942863758641	0.18626538777565277
8203.0	21.85540864693288	0.15775824081587747
8204.0	21.9308338189124	0.32611260037126255
8205.0	20.9532016975967	0.18992819209812153
8206.0	22.294402775213147	0.2647311509980708
8207.0	20.600271721103226	0.18626538777565277
8208.0	21.93914377409607	0.371966628808325
8209.0	21.157666456256926	0.18626538777565277
8210.0	21.621063657668756	0.3708627410601184
8211.0	20.93441488210116	0.06677156372637157
8212.0	21.88098087606812	0.2689613314076547
8213.0	21.16056058902961	0.3307727661064594
8214.0	21.27749410085343	0.5381826925539577
8216.0	23.130110055413706	0.3147316070172222
8217.0	23.03521453709401	0.23980223505063397
8218.0	21.906715142190322	0.37927323557600373
8219.0	19.66037955094041	0.0240594325937262
8221.0	21.774754140444326	0.21242803406166372
8223.0	20.964472234673583	0.07458826793988296
8224.0	21.506987916784144	0.06454794004857617
8225.0	20.93128739071035	0.260593557879515
8226.0	20.537503402827713	0.08557622487733973
8227.0	20.964541790674513	0.08018659902671364
8228.0	20.9003033210755	0.24064602708630206
8229.0	21.139912819980154	0.20502581776202658
8230.0	20.820172719075654	0.09663875073664717
8232.0	21.028605895889324	0.18626538777565277
8234.0	20.681368062090083	0.18626538777565277
8236.0	22.280217780269567	0.4846013910323423
8237.0	22.105660520447337	0.18626538777565277
8238.0	20.919539420530544	0.4913557147154236
8239.0	21.518370751434816	0.18626538777565277
8240.0	22.507690650663868	0.3676772043805421
8241.0	22.000202751327066	0.44180268093803077
8242.0	20.84776209733383	0.2850703834204698
8243.0	22.628555144747015	0.38019988264265514
8244.0	20.66018993253102	0.23544629753209426
8245.0	22.583021004493958	0.26539185426177925
8246.0	21.684985517590643	0.18626538777565277
8247.0	21.31407193956232	0.4400175809363531
8248.0	21.848185518966186	0.528965251494188
8249.0	22.633339625057772	0.32350621678016894
8250.0	23.621024280166733	0.23671520051533798
8251.0	21.946134386760118	0.24531322403408856
8252.0	23.238208322077362	0.45346384925818045
8253.0	22.6205124671152	0.29054460517794317
8254.0	20.17001325654681	0.07712764732544944
8255.0	21.571137289924618	0.4755345876766138
8256.0	22.57634834215419	0.3574343893638792
8257.0	22.732107589500206	0.3483765193049782
8258.0	23.485804037877603	0.19765375090960047
8259.0	22.296432463296256	0.41169956498749327
8260.0	24.310806954840654	0.2624046825143817
8261.0	24.411979879373302	0.3588424024521531
8262.0	23.333825812065875	0.2660051315243466
8263.0	23.459546394588205	0.3682452516480273
8264.0	22.685849298261775	0.3187350223872373
8265.0	23.24583824546623	0.19835765570656327
8266.0	22.95589509141564	0.34450733534401484
8267.0	24.780224895028102	0.23108631980299585
8268.0	20.95655366442933	0.08469453613704775
8269.0	23.863815219556038	0.21330403593280095
8270.0	22.691588937386825	0.24228594285388577
8271.0	23.428514562419874	0.33673974210623764
8272.0	24.22331575830966	0.34807032293292556
8273.0	21.823285588659513	0.3186131684268788
8274.0	24.387149451566703	0.31161593369264784
8275.0	22.8191336140617	0.34381155427952576
8276.0	22.66598021606181	0.36413581694804475
8277.0	23.249854435554095	0.31190599849046285
8278.0	22.287856861145084	0.3704095430940306
8279.0	23.198001118450257	0.29627678704817423
8280.0	22.04516262598165	0.12512692432411207
8281.0	24.519510483196484	0.25263922096789676
8282.0	21.000897508712256	0.2072388252594914
8283.0	22.961917367717568	0.23661742654963544
8284.0	21.382616449450968	0.11705315586589121
8285.0	22.178344179957836	0.15225570235299846
8286.0	22.09409096280112	0.1867318535358232
8287.0	23.777423207341748	0.24182107923648397
8288.0	23.149019127216942	0.2057029756056025
8289.0	23.342002905130435	0.14500387849908594
8290.0	22.01100726065619	0.1464329089300198
8291.0	21.50580921059391	0.07706343797300788
8292.0	21.338984994163663	0.06303834258689185
8293.0	23.821443046260804	0.305075796251213
8294.0	23.42495442791712	0.21337256993646525
8295.0	23.08955671607848	0.22573858656343904
8296.0	23.06424192999523	0.2037539982071871
8297.0	22.640585818565995	0.1540160057950475
8298.0	23.474435589077565	0.23566899945652645
8299.0	21.86773677109249	0.1746363625180831
8300.0	24.14299889638556	0.2571174943842485
8301.0	23.66262994343679	0.263093054648309
8302.0	24.279907677784365	0.30709245543509467
8303.0	24.135044892435108	0.2754382786678898
8304.0	23.14833616502127	0.21660413670452291
8305.0	22.546588103514893	0.28504517344010283
8306.0	23.082415887386567	0.1806641567165449
8307.0	25.58020794198502	0.24404984605172983
8308.0	23.066079329580585	0.1453416433848647
8309.0	23.45459055942673	0.21090033863046997
8310.0	21.851553454517088	0.2236377962110135
8311.0	23.04007817508769	0.17577216926298045
8312.0	24.65333385222639	0.22694101233086464
8313.0	24.06616978164195	0.24578869855164986
8314.0	24.235105395159387	0.20346542143837978
8315.0	22.705601429740735	0.2319077669841619
8316.0	22.740353048350944	0.25426876792211733
8317.0	23.167452773078146	0.1693763703993214
8318.0	22.406481856674517	0.19469276453158965
8319.0	23.582401927149704	0.18512759039675922
8320.0	27.70136201934416	0.3794531299890366
8321.0	26.842266501339587	0.36671492981559484
8322.0	28.17253009139392	0.29345467098277733
8323.0	28.333594811047234	0.3354195213466524
8324.0	30.336236837697594	0.3351328892137198
8325.0	27.23095575668871	0.34048850848690193
8326.0	28.43961615825792	0.29422458424083625
8327.0	29.036912683369813	0.3978676002132043
8328.0	27.320713229328206	0.29690267450161445
8329.0	29.92425636117229	0.32024480039715797
8330.0	26.177533922566123	0.3669082560451999
8331.0	29.80047530438191	0.264590007638551
8332.0	30.909151458316042	0.2396813251802195
8333.0	27.748696139542258	0.40034979885068805
8334.0	28.44703388368923	0.343550880555905
8335.0	29.987644175163613	0.3052481006950691
8336.0	29.871221414501107	0.2959312610624846
8337.0	25.730450515408904	0.31815972779975976
8338.0	27.298542240327183	0.3087949585743216
8339.0	28.189352262424702	0.34109878940907873
8340.0	27.57835091799706	0.4346237610730637
8341.0	27.95794057803336	0.35676313780122104
8342.0	26.404269588244375	0.38554594457134533
8343.0	27.128121092220198	0.32818873827979145
8344.0	27.261427203647248	0.32565798265459905
8345.0	30.052651228934234	0.2659284768527869
8346.0	28.569213367543927	0.3056503379037805
8347.0	27.209439660451398	0.3441427215641047
8348.0	28.991419095149165	0.36005874743871763
8349.0	27.648112685992512	0.3116050731109908
8350.0	27.6123100391476	0.3918261746058642
8351.0	28.108614651295653	0.29803591954666264
8352.0	27.982797618797086	0.2960169167210393
8353.0	28.164840511666515	0.2927625082207952
8354.0	27.077804832283558	0.346359896304376
8355.0	27.129755302504954	0.366392801996827
8356.0	27.21902739574184	0.27808113537508233
8357.0	22.15701386842296	0.026950966838589593
8358.0	29.42045131318214	0.30288385299464493
8359.0	27.58031104217998	0.2775291835960865
8360.0	26.396799654078677	0.3105320124940089
8361.0	29.47631791085162	0.25269630399483733
8362.0	25.5814985693293	0.24817040135293558
8364.0	21.311896845504805	0.18626538777565277
8367.0	23.02769622328699	0.07627753167716873
8370.0	27.9522999319209	0.30529820214041126
8371.0	26.124012359268058	0.21676637776571747
8372.0	22.710660742137733	0.25649648849262746
8375.0	22.380095005647146	0.18626538777565277
8376.0	23.181631045265775	0.0392156004141289
8377.0	26.82402608273856	0.32747317360565376
8378.0	29.385221225081832	0.3522250605566036
8379.0	29.200371129349083	0.27980723677697056
8380.0	23.44682575295587	0.3033224164836742
8381.0	26.6526593407567	0.3109585357381606
8382.0	27.860846880887873	0.3337296321312975
8384.0	26.67876310971955	0.1743632444767746
8385.0	28.67513802018529	0.2056105481167647
8386.0	28.036884733928165	0.2510179968011665
8387.0	26.737427691444765	0.2272829627568724
8388.0	26.710013034490686	0.3183520310270676
8389.0	26.832696301997395	0.204763001497624
8390.0	27.372318316099335	0.22869155812068756
8391.0	29.539644841006634	0.15628720478542213
8392.0	26.380770345747138	0.1706313257484708
8393.0	27.278394432877864	0.25197824225845084
8394.0	27.162913654054876	0.17190696498625643
8395.0	24.187502654105312	0.2278674283932759
8396.0	27.792577850660233	0.2399324694815688
8397.0	29.361556506212963	0.26269560112057166
8398.0	26.62593709624482	0.3036653625553234
8399.0	26.490834577915777	0.1986439995180756
8400.0	23.031266237169376	0.11312672662070386
8401.0	20.89981543697858	0.18626538777565277
8402.0	21.33662330135226	0.021251066996685292
8403.0	21.313872550602674	0.11287073700727476
8404.0	27.920118849989116	0.16441058848617524
8405.0	27.22525767452412	0.17107173188160657
8406.0	19.97930343384254	0.04879621424422776
8407.0	23.182874887479695	0.06961900387503213
8408.0	27.462381652331157	0.2486079968445792
8410.0	26.83735749825382	0.20493176572322885
8411.0	27.61538951468231	0.26222159218343744
8413.0	22.495772794832828	0.2525231425336995
8414.0	21.86115744285459	0.3784125863381504
8415.0	28.015047836232885	0.23804142170521497
8416.0	26.580627138474128	0.296765569920093
8417.0	27.81611024772001	0.25079312337911397
8418.0	20.374286642139605	0.1377987849797299
8419.0	29.791726159849286	0.2809614778281274
8420.0	21.460139588127124	0.24054517738187678
8421.0	24.737328297285107	0.15282549188513445
8422.0	28.77957902471026	0.234486075062242
8423.0	20.877878619621647	0.08184274048251644
8424.0	22.52735606400701	0.18626538777565277
8425.0	29.57215472110666	0.28559540285506607
8426.0	22.422013421945813	0.18626538777565277
8427.0	29.188828308484926	0.22640306775981642
8428.0	23.60417111238911	0.24498659790234084
8429.0	29.399964339403198	2.3776705932825837
8430.0	26.641486366599455	0.30505008788406435
8431.0	25.5666534777234	0.26339929528736444
8432.0	26.78423791921496	0.3188821161814694
8433.0	21.74674830789224	0.18626538777565277
8434.0	28.94903762471698	0.28174178216806156
8435.0	25.001429795720142	0.2781277321657962
8436.0	28.096782766297142	0.48566543708954973
8437.0	26.759156586989292	0.2742247824141956
8438.0	22.227337197128673	0.18626538777565277
8439.0	25.453407257325672	0.27135493424707335
8440.0	27.88967569315359	0.26159178755533513
8441.0	26.31734450501366	0.19422568522849865
8442.0	26.161507507289382	0.2776602575116835
8443.0	27.56691466183158	0.24363048965137912
8444.0	25.76577114794239	0.28329787418376284
8445.0	20.20859481199514	0.0668388323434076
8446.0	29.1487027794017	0.33629747788855946
8447.0	27.660748098743078	0.40245977796180654
8448.0	24.833109750708697	0.2674697583720717
8449.0	23.16293295245225	0.1773062725656793
8450.0	23.98090286454271	0.19515368748151876
8451.0	23.069532184398085	0.24210295481994196
8452.0	24.04489304310716	0.24747165326178233
8453.0	25.463990522068684	0.24476010224371314
8454.0	24.351043526222085	0.23464872415264795
8455.0	23.511136754679423	0.3107030456523579
8456.0	25.10966209156147	0.20752649203376924
8457.0	23.11301302101497	0.23625511654464929
8458.0	25.038104643018464	0.2482551609143349
8459.0	23.73674794070674	0.27059478390560177
8460.0	22.445936773479826	0.18571176970368894
8461.0	24.889852321503252	0.16554737394965524
8462.0	24.78659399617915	0.24274514006714498
8463.0	23.567848490761936	0.2001523028202948
8464.0	23.97385530816898	0.3325976515957169
8465.0	23.00825873189448	0.15313216055719078
8466.0	22.401713487577254	0.18507537951906566
8467.0	22.232806392859494	0.1338251554164714
8468.0	23.157101486334128	0.28461013830134346
8469.0	24.62649944718757	0.2822796391614326
8470.0	23.65770479419464	0.2256379940684278
8471.0	23.06482564002231	0.15123288512819055
8472.0	23.765908939526494	0.19679274534267222
8473.0	24.579242361551753	0.1977954680987889
8474.0	22.596624453925415	0.14859772033251614
8475.0	22.48817083755418	0.12477296164200878
8476.0	23.238364175263765	0.21156730740796295
8477.0	25.68727966379716	0.29314131100356
8478.0	24.064800679719895	0.28320244924239846
8479.0	23.916664919408568	0.2490433873380642
8480.0	24.165426753219332	0.26009018999462363
8481.0	23.12514743453074	0.10246805004131913
8482.0	22.79596944118098	0.1889691336577382
8483.0	21.31210789155798	0.13129875299729188
8484.0	25.41078634244376	0.3046379387620895
8485.0	21.822463582908142	0.09672044443591406
8486.0	23.59961387560436	0.17286615588314164
8487.0	24.392131953328903	0.22856763827465806
8488.0	23.871840175243964	0.1403532696728622
8489.0	22.534350686122114	0.20389854408569727
8490.0	22.417569323287548	0.18626538777565277
8491.0	22.762736437056468	0.40829280220251524
8492.0	23.300854496076546	0.028292207453371833
8493.0	22.450292152847588	0.3484201998714342
8495.0	21.349404314042758	0.3760382275503811
8496.0	23.10760651965667	0.18626538777565277
8497.0	24.332548220536108	0.07928417388700912
8498.0	22.24054164349004	0.2912679123131368
8499.0	23.09642224955913	0.44126077069752817
8500.0	22.649479792532468	0.3447907309478174
8501.0	22.653487741514525	0.4287809254094495
8502.0	23.378825809265045	0.4065614636186945
8503.0	24.018405386671642	0.09839270246347416
8504.0	21.22840578647249	0.18626538777565277
8505.0	21.516808286247887	0.24473050961527912
8506.0	23.733575733518865	0.20401651667202467
8507.0	22.578437634207006	0.19039329222887302
8509.0	24.3487728417106	0.23179659939461839
8510.0	22.606912739231152	0.13417037308853308
8512.0	23.29246638419758	0.02839981473044571
8513.0	24.553379360357887	0.38915526499316555
8514.0	25.862300259219634	0.2331393896294843
8515.0	24.809758247928777	0.40811322060958416
8516.0	24.981208728411463	0.2578100710517915
8517.0	25.515795985028877	0.2825400617912298
8518.0	25.155440028326673	0.3210270442526598
8519.0	23.880508187268855	0.07426553012920525
8520.0	25.572834781265694	0.44835357332208053
8521.0	24.821960268387038	0.29059703362140804
8522.0	25.03244905454051	0.10537106709816936
8523.0	24.415615403365127	0.26443176544247127
8524.0	23.626028801102912	0.26624726724698916
8525.0	24.56299804700842	0.3146943717332658
8526.0	25.25290255706285	0.33387871252801726
8527.0	25.889068064708336	0.4307643344277265
8528.0	23.78821172215216	0.08292314235776113
8529.0	24.335484310564752	0.24142390111782644
8530.0	24.426162933259338	0.1096211664598931
8531.0	22.27935053421044	0.18626538777565277
8532.0	24.311464285248473	0.415867749421307
8533.0	23.3602792431914	0.4160920973504359
8534.0	23.5381110304025	0.47226653437943245
8535.0	23.833008615544003	0.3278414997484285
8536.0	24.46881132680317	0.2871627618317672
8537.0	25.547798778237713	0.3077891765324685
8538.0	24.36669574541547	0.3465084368587284
8539.0	24.6823162754979	0.2263609683071893
8540.0	22.32734783802499	0.049204169327511475
8541.0	24.384324528402747	0.23852765650759178
8542.0	25.912725151049642	0.2772365923111288
8543.0	25.802673015199307	0.18783796638009378
8544.0	24.694952480386956	0.267780638065471
8545.0	24.00651892254909	0.29274470932811614
8546.0	24.335698589505892	0.274671751446264
8547.0	24.443163842102248	0.2968385989220832
8548.0	23.690954253963273	0.20555598772276665
8549.0	23.211402609066248	0.2423098814392503
8550.0	23.538129167153425	0.22451275780766308
8551.0	26.483664094563927	0.1760135408304932
8552.0	24.293934367986644	0.20087441878746576
8553.0	23.427139588281406	0.17800829336690635
8554.0	25.13629629074772	0.16258201650434906
8555.0	25.219413598673057	0.22091702404535024
8556.0	23.468582413819345	0.2018826044994935
8557.0	23.334103781129045	0.10615071446038038
8558.0	23.734764850145474	0.16514229235030428
8559.0	24.120373704379325	0.11124576355743959
8560.0	25.016361450332543	0.21395955894881805
8561.0	25.2959791368006	0.20642377141474144
8562.0	22.935046190880197	0.17951071684124148
8563.0	24.172526756821004	0.1805091025591464
8564.0	23.054618333292524	0.1412523582324221
8565.0	24.59674890948462	0.19308618867518362
8566.0	23.470172395752577	0.12172164561202117
8567.0	24.21551942385719	0.2257130924962552
8568.0	23.08749174012802	0.20139054640890894
8569.0	25.66254826738405	0.25892561625417604
8570.0	24.64431628265842	0.2958484181102513
8571.0	23.33521238783754	0.18519274675366693
8572.0	23.347000431487068	0.2437016423957042
8573.0	24.113660983617088	0.173887793630181
8574.0	23.21959914972017	0.2744035141611457
8575.0	23.388437778631243	0.2360282387221833
8576.0	22.30896668917349	0.16653115359664206
8577.0	24.15516359404721	0.20352766492465518
8578.0	22.16671054725202	0.19273090580519583
8579.0	24.856134817849767	0.13362982992534617
8580.0	24.99253419381411	0.11686329951875277
8581.0	22.781531889331735	0.3243740431154939
8582.0	25.385663447047435	0.22531993331722133
8583.0	24.304039352927493	0.2050392752730721
8584.0	21.228508668323094	0.15279373584262104
8585.0	24.10678698086805	0.21426179625606206
8586.0	24.353678128963093	0.14148897208207203
8587.0	21.49789488446312	0.049623656804551525
8588.0	23.79078298076422	0.33194998851046664
8589.0	22.066979929102118	0.28362554379514315
8591.0	21.096159798337876	0.17493284506331314
8592.0	19.472458674443857	0.10348997418689708
8593.0	24.098612592000553	0.18961064018912344
8594.0	21.25174501457923	0.13221043213149167
8595.0	22.08841218522295	0.15666608338533405
8597.0	22.110967401320007	0.16499919084400813
8598.0	22.213524058771267	0.20227574291526212
8599.0	22.41997702217218	0.11935564835702006
8600.0	24.015972393898632	0.22476410399867247
8601.0	22.366098256663182	0.1083345689673883
8602.0	21.939230564966145	0.10834734787961726
8603.0	23.747864470558227	0.09595648860920343
8604.0	22.768221821799244	0.2194691675376702
8605.0	22.32823278274109	0.05078529749243156
8606.0	22.61846513692773	0.05389739580863614
8607.0	21.072836328070608	0.04814309809333506
8608.0	23.611801229833652	0.03037130782429164
8609.0	23.340792514796032	0.09388905230234382
8610.0	22.534315554261646	0.07792907811640462
8611.0	21.486557394647686	0.050118021624725444
8612.0	22.498952695585803	0.06429933522351101
8613.0	24.35071429980651	0.10852276993868298
8614.0	25.13825064637207	0.08843763914203794
8615.0	24.26907082801951	0.07033867238483404
8616.0	23.30118084172468	0.058727932460984116
8617.0	22.902084079277767	0.0726806963893403
8618.0	23.982289234403872	0.12719591395694577
8620.0	24.20609872939193	0.14533975327784313
8621.0	24.26958491676771	0.1102308574377512
8623.0	21.184164447941484	0.0650767413316337
8624.0	22.53992732301745	0.0960316934952285
8625.0	21.0180236082821	0.10456349644708933
8626.0	22.70578225533393	0.07115467085554607
8627.0	23.456784831115673	0.08443772871657197
8628.0	25.648179802028636	0.13986738372284002
8629.0	23.171348494138716	0.07945064479979612
8630.0	22.505966028163567	0.051127229212105885
8631.0	20.267182964918913	0.06805115378329445
8632.0	22.52651411464984	0.1268397105282132
8633.0	24.023165191516078	0.07076152584548275
8634.0	24.893242032697078	0.06783995386385197
8635.0	21.699245827240873	0.06071088855969953
8637.0	22.843197121487332	0.08565861352836428
8638.0	22.864474557042673	0.09017994480330455
8639.0	24.07009262029746	0.1950287769854002
8641.0	23.394593086034895	0.10023571477236326
8642.0	21.22844325888135	0.10350432903370416
8643.0	22.445068465430154	0.08279685267460889
8644.0	20.57244831355373	0.057182553685603085
8646.0	21.703399543296346	0.0697039478424701
8648.0	23.876743840253816	0.1146075966022898
8649.0	23.199408180202486	0.06557271888125606
8651.0	23.489045299035226	0.17871326389868938
8652.0	23.466792473392253	0.07720596663297474
8653.0	24.303467194456708	0.1480906208208871
8654.0	22.52285884344193	0.09364912708363601
8655.0	19.130768697855824	0.03278803958224134
8656.0	21.879897844117995	0.07369138434202106
8657.0	21.990839233665046	0.06164657025062793
8658.0	21.821165917227912	0.10490354277694006
8659.0	20.93550630914585	0.10810138626773069
8660.0	22.61867459807936	0.11859553628045162
8661.0	24.560804270492458	0.10218663725653765
8662.0	25.527300983280465	0.12934315846378355
8663.0	21.46903344149547	0.1405171934777746
8664.0	22.518858891590586	0.0797243640477078
8665.0	22.623368522941945	0.07492628475581167
8666.0	22.87279647392957	0.09580038262883364
8667.0	23.223095363902654	0.11898242269734685
8668.0	23.439669641063677	0.09289934532545327
8669.0	22.4372162910753	0.09991640773627845
8670.0	24.262245259851813	0.14250215270459252
8671.0	21.69241470717069	0.08052706407326275
8672.0	22.8684698965093	0.09615267396652148
8673.0	24.04563144432209	0.11139931717072613
8674.0	22.199664479093666	0.10002632568635071
8675.0	22.721760286846422	0.1363139382187681
8676.0	22.704101552258297	0.15412528193081262
8677.0	24.505062874697966	0.29249374316375826
8678.0	23.922929355001436	0.09723569629652003
8679.0	24.181873818360586	0.29954891126855515
8680.0	21.056948474665745	0.14035357445860264
8681.0	24.255582802996333	0.17717956767009058
8682.0	20.500499657905863	0.15241406452362277
8683.0	23.02533735207879	0.2547148618878147
8685.0	24.372301558395048	0.13462306384399772
8686.0	22.853451155340743	0.11980193894139947
8687.0	21.193169221600733	0.12632087834658345
8688.0	22.273427531381337	0.17767602317660428
8689.0	22.464954518126493	0.19299144110120298
8690.0	21.18823096211382	0.18626538777565277
8691.0	20.743759213202924	0.09509098328440224
8693.0	22.355460936390248	0.09309954268127783
8694.0	20.86239827460517	0.04680551808085738
8695.0	21.567792996237646	0.12015453607503972
8697.0	22.465713032761972	0.20020743466682323
8698.0	23.551370852455808	0.05688813430972692
8699.0	24.509597321533857	0.20399143047905718
8700.0	20.480647440501137	0.1093159224578008
8701.0	23.1130465338008	0.1722744672152146
8702.0	24.295578072471095	0.15697164448352793
8703.0	23.647498426211566	0.4251676803056379
8704.0	27.019975660532932	0.1557891701995757
8705.0	24.077085742460543	0.11032486066516849
8706.0	24.55282652904237	0.12030969951190733
8707.0	23.204970944348943	0.11637857038994691
8708.0	24.818540510189916	0.13447200883920696
8709.0	25.523721290734436	0.10971020838406075
8710.0	23.973833986966167	0.09087820248934204
8711.0	22.59504557001178	0.26003255887350596
8712.0	24.26151409396649	0.11880027260725948
8713.0	24.232296989128212	0.09627537990990785
8714.0	23.567417024633492	0.09966436951303431
8715.0	23.806416334446173	0.10816754421420342
8716.0	24.356045039930386	0.18632972880799772
8717.0	24.4324090521112	0.11226291056202724
8718.0	23.99429833662789	0.18658016632816207
8719.0	24.588178182680874	0.17783906449329717
8720.0	25.737589223067232	0.15523722609371707
8721.0	25.58824608220089	0.20667153840495964
8722.0	25.420713561301227	0.22868830304029938
8723.0	25.49277532835157	0.2021417131589055
8724.0	25.18066019726488	0.31288492486256475
8725.0	24.20738757186121	0.1682745797222963
8726.0	24.155588814053885	0.13895274494379492
8727.0	27.046257591207155	0.13347002419213
8728.0	25.436627795730676	0.12898979100092192
8729.0	23.7499153783875	0.11499181416020345
8730.0	24.240908941492723	0.1056468272794435
8731.0	24.752813101154622	0.08356652509984891
8732.0	23.173227045305612	0.11830843298320434
8733.0	24.544527621027743	0.07197829960333901
8734.0	22.56807108589842	0.08410619119433667
8735.0	24.46158197710383	0.11959066983153734
8736.0	23.528278633139998	0.07805818111031423
8737.0	23.647000436045907	0.09300288360869172
8738.0	25.972320657341815	0.10876601314075607
8739.0	24.635679932814103	0.08666162973645264
8740.0	23.87288370291377	0.0742693439792727
8741.0	21.36966955099393	0.07517317191203153
8742.0	26.5967792862277	0.11922983580453059
8743.0	22.29898570477131	0.04732125628720283
8744.0	25.011907255320985	0.07084998207697803
8745.0	22.40219189440739	0.07471374681879704
8746.0	24.09002592060793	0.06505431029480925
8747.0	25.441535509003703	0.10180004967900737
8748.0	23.0456938454107	0.1265254296558225
8749.0	24.78528073947184	0.08649682309749768
8750.0	22.34144330823052	0.08211685163156332
8751.0	24.46311877623171	0.07600781035149404
8752.0	24.835826043179352	0.1371556814220701
8753.0	23.49771977847055	0.09020196522741333
8754.0	23.05822839467564	0.06711938902472807
8755.0	23.881726646005635	0.08297937856510734
8756.0	23.48615900328633	0.07008894631668315
8757.0	24.874734154456682	0.06870943915372318
8758.0	24.71572885555166	0.09131132098321028
8759.0	24.89265860580989	0.0768111900774085
8760.0	24.83781038901031	0.09705046278537491
8761.0	24.86660085318674	0.10194577994837349
8762.0	24.658532583665718	0.10423796705933072
8763.0	24.409722347896945	0.08826182464638356
8764.0	22.793852306812113	0.08880700762500125
8765.0	23.909537867048805	0.06241588216697031
8766.0	25.145442451322086	0.11294899563451154
8767.0	25.717220731094642	0.1157517311923103
8768.0	24.846759962511456	0.11233312387999432
8769.0	23.75710172843224	0.06852662233811364
8770.0	25.362712451033005	0.10432387510201675
8771.0	26.633389435711663	0.14245499634123898
8772.0	27.7260270072667	0.110778635149049
8773.0	23.710266606662184	0.09527602177081959
8774.0	25.20265452056793	0.07680554799766742
8775.0	21.48626371307656	0.1290086353794453
8776.0	23.943448747648343	0.08336120345407125
8777.0	25.063043851774772	0.15700246039345006
8778.0	25.310286221940036	0.08888147489751289
8779.0	26.610526222032917	0.08537587527270746
8780.0	24.024677003067694	0.05197095212488667
8781.0	25.828195579736352	0.11880666900107861
8782.0	24.660460962393103	0.0672711093320103
8783.0	24.66829976232296	0.10751588244500561
8784.0	24.897088255594507	0.12336861602939202
8785.0	24.789660593239784	0.11698974199286742
8786.0	23.547630310914176	0.07847728144041756
8787.0	23.331943114084194	0.12949498295543707
8788.0	23.568082868109684	0.07677174709802527
8789.0	23.88227639071226	0.08897383227046636
8790.0	23.900583571675472	0.10045696163778725
8791.0	23.818650872314763	0.15905747421485741
8792.0	25.387017143843558	0.0848130490392842
8793.0	24.318956116688522	0.0609843977822918
8794.0	23.952376635298357	0.05755115785321279
8795.0	24.869319748495467	0.0960998636421775
8796.0	24.885061944279556	0.0900524259105863
8797.0	24.92237517103397	0.12484792164859354
8798.0	25.88819025758369	0.12035043341506832
8799.0	25.78496851949826	0.08772031537585714
8800.0	24.48616270111086	0.09809850332626224
8801.0	24.656182468819498	0.0780177792276505
8802.0	24.844298668802242	0.09340271695350234
8803.0	24.491321026631713	0.11650505263981065
8804.0	23.733982087775875	0.08968367328610378
8805.0	25.54424396647652	0.17776096907992994
8806.0	28.23508428755388	0.1417653873524761
8807.0	23.92181134928489	0.1589785207472739
8808.0	24.95834102719698	0.15433809888229108
8809.0	24.473827119630894	0.2127439495633336
8810.0	27.334182932390913	0.16667928958327974
8811.0	26.33564483236249	0.19720903148785424
8812.0	28.120571106060797	0.16575343951073235
8813.0	25.87690056100051	0.14604867389025142
8814.0	23.86662348431068	0.15007045480636708
8815.0	26.23099279639987	0.1391736813631905
8816.0	25.174944787047508	0.1537643411269106
8817.0	23.597764052660217	0.28430074482137885
8818.0	24.84949439099273	0.13918069303720704
8819.0	24.638193386814134	0.13278319001015532
8820.0	23.40313397308417	0.15784039834491795
8821.0	23.98230463427152	0.1339586502636644
8822.0	24.94271223845033	0.2097802181001864
8823.0	26.17453936159762	0.1509451527192932
8824.0	24.299155104586198	0.17586751748973975
8825.0	26.182736000720542	0.15109259719891452
8826.0	26.879754242215448	0.14015219670863996
8827.0	25.23895781894363	0.13663440048381606
8828.0	25.014784055143537	0.13302313636255048
8829.0	25.34956561769107	0.100250242845591
8830.0	24.66039036908909	0.10790412429950455
8831.0	23.826243748681854	0.12338099524037392
8832.0	22.614323431192044	0.06083713170911538
8833.0	22.508305363680645	0.1304782094294867
8834.0	22.775714688540436	0.21043487570290043
8835.0	21.276252108389134	0.06671750740227922
8836.0	23.4582502494139	0.2289431142593599
8837.0	24.848729284044737	0.16892141015895465
8838.0	23.958973406177172	0.23239604283811283
8839.0	22.53877156272651	0.07594907509550042
8840.0	21.369835151038487	0.12115454531801625
8841.0	23.15019051358901	0.2019712903227578
8842.0	20.03415391486079	0.04351184998727964
8843.0	23.22594925242934	0.21368927530262155
8844.0	22.2129939663642	0.12189882404109988
8845.0	23.081039331572615	0.1484454656555556
8846.0	22.74512551310418	0.06549255924260412
8847.0	22.925548528990415	0.18947703592680823
8848.0	21.78288158974988	0.05149443333578689
8849.0	24.14956698602607	0.18768379020636766
8850.0	23.081470576113908	0.06827772834182859
8851.0	23.54364936509042	0.11411760262103073
8852.0	22.3955908982495	0.10990563483560388
8853.0	22.895985596802344	0.10438315086004726
8854.0	21.892497443148244	0.11323414867803067
8855.0	22.216796199081056	0.10662800672921147
8856.0	22.836003742585202	0.12932907993746534
8857.0	22.62992180687392	0.13605952863635165
8858.0	22.964016976614104	0.14763795103662108
8859.0	21.582339643401323	0.1097434198053633
8860.0	22.48915485474138	0.1204119941134077
8861.0	21.621404942737446	0.2070089757484706
8862.0	22.609778121399547	0.21148167139669072
8863.0	23.33412757723234	0.20461936178941625
8864.0	21.92032978434768	0.18874190186741452
8865.0	22.154700861805523	0.15144611044896478
8866.0	23.121248395440325	0.17467790547315593
8867.0	22.687787966423517	0.16059222012993316
8868.0	21.520564850108247	0.11724038419172378
8869.0	22.848105269481003	0.3173730114769956
8870.0	22.69716358247255	0.2211878966176454
8871.0	21.243392323951525	0.013186092292527322
8872.0	23.214078732435976	0.32485918974597405
8873.0	20.802944542198006	0.03055102963563099
8879.0	21.881962592238047	0.18626538777565277
8881.0	22.47407801911307	0.18626538777565277
8882.0	21.695455310258755	0.05793749887827038
8883.0	22.23036376861808	0.18626538777565277
8885.0	23.01545158159199	0.119999369841281
8886.0	22.557057353386565	0.003110050687299373
8889.0	21.065037867274494	0.024076138811900304
8890.0	21.819154390784874	0.06013118306163445
8891.0	23.65241120189667	0.24992895484285452
8893.0	21.2167325089012	0.5676511855804923
8894.0	22.666994470550193	0.17933569478845798
8895.0	23.831914796011127	0.4613968726306482
8898.0	22.916623049933822	0.15591319778797816
8900.0	20.834529294196127	0.05490273268000837
8902.0	20.436337755255597	0.3129570831440748
8905.0	21.27194007480642	0.1492542207829212
8907.0	22.491987453678032	0.1633039549061804
8908.0	21.925844156896527	0.18626538777565277
8909.0	20.70589754845687	0.5410400885711438
8910.0	21.44908527388724	0.5652691408098611
8916.0	22.345824058074143	0.18626538777565277
8923.0	21.650417310310516	0.06807950001701113
8924.0	21.525121912209343	0.18626538777565277
8927.0	22.167181159381492	0.013742002303850687
8928.0	21.832630298635983	0.11342164480023395
8929.0	21.55857827475833	0.11393789841699051
8930.0	21.997048849968188	0.11409280246957366
8931.0	23.92546076294429	0.1975013231287524
8932.0	19.46969179127375	0.028158175125059758
8933.0	22.230274596778294	0.13546282227582865
8934.0	21.118441273303795	0.1708345443698425
8935.0	22.2932468490434	0.13390180101076662
8936.0	22.37312747427918	0.1742748713029604
8937.0	21.653955954724918	0.20528380360379841
8938.0	22.65590965331864	0.17292803200051532
8939.0	21.011563178978474	0.1223665441495151
8940.0	21.091356533482127	0.09081727857846408
8941.0	19.8921780707038	0.20350257586431325
8942.0	21.720109336901896	0.08423376099482338
8943.0	22.67440417285479	0.19458345646577924
8944.0	21.326338693881063	0.1395929624208777
8945.0	21.64256762104626	0.07122367538946638
8946.0	21.426241668894935	0.15840518449129795
8947.0	21.945431993214363	0.17744913594778708
8948.0	21.171034596062334	0.14819567810189094
8949.0	20.821661295353664	0.24841167170417955
8950.0	21.558923216155502	0.18506696309639167
8951.0	22.489157083957405	0.09629202237428136
8952.0	22.272364880793425	0.11793992147913104
8953.0	21.03844944864785	0.18803363120048336
8954.0	22.307797799721477	0.16212860316379205
8955.0	22.450223901636015	0.20000795995144102
8956.0	23.586881423584764	0.16095784490511358
8957.0	22.504503620534624	0.1766411416706048
8958.0	22.58039603910105	0.1878629119177854
8959.0	20.44821174064787	0.08108869624604517
8960.0	23.294251774913423	0.21482276521206517
8961.0	22.130425754953922	0.0895735456980795
8962.0	21.941681046982556	0.1147951598232763
8963.0	22.78366852658457	0.0681489479995543
8964.0	22.54998382371875	0.18249694827252194
8965.0	21.89966951842525	0.05391348482852563
8966.0	21.401029788506175	0.03518528323992729
8967.0	23.485082981362805	0.23889919096714987
8968.0	22.937530736029043	0.16377408963303122
8969.0	22.020874477542222	0.07591572225015417
8970.0	21.693326421654692	0.0960681537137904
8971.0	21.292172031785842	0.05104826467189143
8972.0	23.601035396399343	0.07548392474892997
8973.0	20.900460107045742	0.0631801715418863
8974.0	21.649016636654693	0.2836634652614497
8975.0	21.771593053452055	0.0736607710848587
8976.0	22.334338596519363	0.03212849543177203
8977.0	21.411413044937714	0.13142832338693958
8978.0	22.516063749054126	0.0853162215233013
8979.0	21.771598324892448	0.16218962419173427
8980.0	21.379770962995348	0.07767829023833331
8981.0	21.18456218607393	0.021867461200392787
8982.0	22.514025726592912	0.0565572831082164
8983.0	22.130358721509793	0.14852231669594748
8984.0	23.315143523781888	0.1192955234463221
8985.0	21.01328335041216	0.06235468294747409
8986.0	20.962354929667242	0.06363023879744391
8987.0	21.79701459369876	0.062176701038353696
8988.0	22.743389875139798	0.1119648398464648
8989.0	22.5499314893961	0.17521125868485582
8990.0	23.09279841082178	0.16173684288780077
8991.0	21.81049762626705	0.0657596084155377
8992.0	21.880324521133016	0.13706044920990504
8993.0	23.087574791999675	0.21045853892143046
8994.0	22.225934047631082	0.19040997113615382
8995.0	22.82436877726336	0.19553976787693464
8996.0	21.69175557568398	0.05898876262860474
8998.0	22.536777105064115	0.27280040678518575
9001.0	21.391650694686348	0.18626538777565277
9002.0	20.827914360411896	0.08988264057935909
9003.0	21.941060533916115	0.03066667548926476
9004.0	22.661174923654343	0.2808346502103152
9005.0	22.625022098777077	0.12484676558239359
9006.0	21.89273151732401	0.18626538777565277
9007.0	21.510061845830744	0.06730710723444135
9008.0	21.775128490016776	0.18626538777565277
9009.0	21.184078798847757	0.18626538777565277
9011.0	21.757318220460018	0.04272221284006687
9012.0	20.412131176358308	0.02882127667821103
9013.0	21.08724739790784	0.04392959765525508
9014.0	20.105754013043057	0.05015873562790415
9015.0	22.27563582381171	0.024292236843372214
9016.0	21.236480131323077	0.18626538777565277
9017.0	21.517009410589363	0.18626538777565277
9018.0	22.13114854077441	0.21398838834658437
9020.0	21.195169757820512	0.18626538777565277
9022.0	22.486420620347314	0.14208425236674335
9023.0	22.899444900488714	0.2527833761492169
9024.0	24.33490795571314	0.31611948565840475
9025.0	23.406506975308886	0.19449776171672012
9026.0	22.79741393298564	0.0656534110271571
9027.0	22.114880274428238	0.07542744598142904
9028.0	22.952708667874866	0.17854713038040906
9029.0	22.86962963247352	0.18626538777565277
9030.0	24.57986230964529	0.051552336175939524
9031.0	22.72734113671864	0.11547453721366822
9032.0	22.324019528165326	0.0726260827592179
9033.0	22.59898274877904	0.19284668236415425
9034.0	24.392602581383343	0.11757179041552193
9035.0	22.781770423284456	0.20747689637347036
9037.0	23.063418186007382	0.06523123314453505
9038.0	23.52583000387268	0.18626538777565277
9039.0	23.914584255068643	0.21113114822504306
9040.0	24.743927885097236	0.2420996299048708
9041.0	23.86382962226966	0.1769569509011803
9042.0	25.282545525901146	0.24539369422775684
9044.0	21.908373618301923	0.0923540448592515
9046.0	23.780678445802646	0.22892482957206875
9048.0	23.90239132044461	0.050463918517750415
9050.0	22.930861531030622	0.18626538777565277
9051.0	22.04380352161303	0.04817492134513735
9053.0	24.888582027884773	0.3760555472858873
9055.0	24.80642325770628	0.14976700460786382
9057.0	22.7898857236313	0.242665603258118
9058.0	22.189904751710326	0.3124388408466779
9059.0	23.83535303321693	0.160151468104574
9060.0	25.25989395720424	0.18543736031962016
9061.0	23.194214773930664	0.20159200539368696
9062.0	23.84861792125383	0.2960666958474511
9063.0	22.963791294709186	0.12926390057503814
9064.0	22.28215672998783	0.10152933034923996
9065.0	22.435270288558826	0.10651229523173658
9066.0	22.982172756340137	0.07308519086953436
9067.0	23.59525489546432	0.12394222188168223
9068.0	22.99267583270938	0.2527947970599242
9069.0	22.689344419610162	0.06700244708254267
9070.0	23.806992509039627	0.2200932020719298
9071.0	23.54826091967236	0.08495324458070419
9072.0	24.156121081649818	0.2322884850031718
9073.0	24.67792509751305	0.26067824313762183
9074.0	23.45283619349934	0.10534763404703275
9075.0	24.55400213413189	0.1873478100984883
9076.0	23.191555739512538	0.10575035632553464
9077.0	23.485642554751344	0.07004246204044022
9078.0	24.938583295662347	0.16825777157628993
9079.0	23.586138470783897	0.22439641236892585
9080.0	23.953205579928607	0.22200422194624994
9081.0	22.30655311323462	0.05938025137158674
9082.0	21.972837311467533	0.3570585777491413
9083.0	22.669321876418863	0.0908924189672808
9084.0	23.31986367123639	0.16835594358126058
9085.0	23.510722406200546	0.07149816188569152
9086.0	23.53309035891367	0.2131026985623768
9087.0	23.574233455923853	0.20254876623029885
9106.0	19.127420736523085	0.18626538777565277
9108.0	19.17401908761426	0.18626538777565277
9123.0	19.110472637414357	0.18626538777565277
9126.0	19.858167760284807	0.18626538777565277
9130.0	20.395658687373725	0.18626538777565277
9133.0	19.948911044516223	0.18626538777565277
9134.0	19.29785912695192	0.03273628479054176
9137.0	18.997778725493912	0.18626538777565277
9143.0	19.800212953728874	0.011995588911921932
9146.0	19.71916779345312	0.18626538777565277
9149.0	19.575978044166256	0.18626538777565277
9153.0	20.611118383302696	0.07571691550820708
9155.0	21.287447483504213	0.33023339185864753
9156.0	20.739904987964344	0.18626538777565277
9157.0	19.98695576422742	0.011887856938965867
9159.0	20.657192374377694	0.11292376969154704
9161.0	20.02814453453463	0.018855778597178595
9162.0	19.913325495946204	0.18626538777565277
9163.0	20.51632814327911	0.0809744942508793
9167.0	20.96484211984698	0.02423753862815154
9172.0	19.833706033758425	0.16449995630094277
9175.0	20.17943074751656	0.03888957170935895
9177.0	20.01302986480911	0.18626538777565277
9180.0	22.567559582344014	0.21073824652411596
9181.0	20.94216063529036	0.18626538777565277
9185.0	21.322528217686372	0.06595759453935077
9186.0	21.1120072059763	0.07550180639650421
9188.0	21.11307375481504	0.058612779916713896
9189.0	21.162236856848583	0.18626538777565277
9190.0	21.464208531271794	0.06751266963855394
9191.0	19.350700596726313	0.18626538777565277
9194.0	19.910580821188383	0.18626538777565277
9198.0	20.511286172987056	0.18626538777565277
9202.0	21.888257360305207	0.0540634962365949
9203.0	19.77298254736362	0.18626538777565277
9204.0	21.10681979855719	0.07375726021535885
9205.0	20.32222417856056	0.18626538777565277
9210.0	21.568887106887193	0.10188288328380146
9215.0	19.90682042855389	0.18626538777565277
